bachelor's baby,,,私生子,,,,,0,0,,,
bachelor's ball,,,单身汉住所[亦作 bachelor hall],,,,,0,0,,,
bachelor's button,'bætʃələrz-'bʌtən,,n. [用作单数或复数]；【 植物】开纽扣花的植物，如,,,,,0,0,,,
"bachelor's button,bachelor's-button",'bætʃələrz-'bʌtən,,"n. [用作单数或复数]；【 植物】开纽扣花的植物，如；矢车菊,纽扣花(Centaurea Cyanus)",,,,,0,0,,,
bachelor's buttons,,,na. 花形似钮扣的植物；杏仁小饼干,,,,,0,0,,,
bachelor's degree,,,学士学位,,,,,0,0,,,
bachelor's degree program,,,(准)学士学位课程,,,,,0,0,,,
bachelor's degrees,,,[网络] 本科学位,,,,,0,0,,,
bachelor's dwelling unit,,,单身公寓,,,,,0,0,,,
bachelor's fare,,,独身者的食物(面包、乳酪和精神食粮等),,,,,0,0,,,
bachelor's hall,,,单身男子的住所,,,,,0,0,,,
bachelor's wife,,,十全十美(或理想)的妻子；假定(或假想)的妻子；娼妓，淫妇；[罕用语],,,,,0,0,,,
bachelor's-button,,,n. 矢车菊属,,,,,0,0,,,
bachelor's-buttons,,,na. 花形似钮扣的植物；杏仁小饼干,,,,,0,0,,,
bachelor-at-arms,'bætʃәlәrәt'ɑ:mz,n a knight of the lowest order; could display only a pennon,n. 追随其他武士的年轻武士,,,,,0,0,s:bachelors-at-arms,,
bachelor-girl,,,独身女子,,,,,0,0,s:bachelor-girls,,
bachelor-girls,,,独身女子\n(bachelor-girl 的复数),,,,,0,0,0:bachelor-girl/1:s,,
bachelor-pad,,,n. 单身男子的窝；单身男子公寓；单身汉公寓\n[网络] 单身公寓；单身汉公寓第一季；单身作战团,,,,,0,0,,,
bachelordom,,n. The state of bachelorhood; the whole body of\n   bachelors.,"n. 独身, 独身身份",,,,,0,0,,,
bachelorette,",bætʃәlә'ret",n a young unmarried woman who lives alone,n. 未婚女子,n:100,,,,0,27192,s:bachelorettes,,
bachelorette parties,,,女性婚前庆祝会\n单身女郎聚会,,,,,0,0,,,
bachelorette party,,,[网络] 单身女郎聚会；告别单身派对；单身派对,,,,,0,0,,,
bachelorettes,,,n. 年轻未婚女子\n[网络] 单身女郎；单身汉；单身派对,,,,,0,0,0:bachelorette/1:s,,
bachelorgirl,,,n. 经济上独立的未婚女子,,,,,0,0,,,
bachelorhood,'bætʃәlәhud,n. the time of a man's life prior to marriage\nn. the state of being an unmarried man,"n. 独身, 独身生活",n:100,,,,0,37007,s:bachelorhoods,,
bachelorhoods,"'bætʃələ,hud",,n. 独身生活；独身,,,,,0,0,0:bachelorhood/1:s,,
bachelorism,,"n. Bachelorhood; also, a manner or peculiarity belonging\n   to bachelors.","n. 独身, 独身主义",,,,,0,0,,,
bachelorisms,"'bætʃələ,rizəm",,n. 单身男子；独身主义；独身者的怪癖,,,,,0,0,,,
bachelorize,,,[网络] 学士学位,,,,,0,0,,,
bachelorly,,,[网络] 学士学位,,,,,0,0,,,
bachelors,'bætʃələz,n. a man who has never been married\nn. a knight of the lowest order; could display only a pennon\nv. lead a bachelor's existence,n. 学士( bachelor的复数形式 ); （被大雄海豹逐出交配场的）小雄海豹; 单身男子; 尚未交配的幼雄兽,,,,,0,0,0:bachelor/1:s,,
bachelors of arts,,,文学士,,,,,0,0,0:bachelor of arts/1:s,,
bachelors of arts in library science,,,[网络] 图书馆学学士；在图书馆学中文学学士学位\n(bachelor of arts in library science 的复数),,,,,0,0,0:bachelor of arts in library science/1:s,,
bachelors of arts in nursing,,,[网络] 护理学士学位\n(bachelor of arts in nursing 的复数),,,,,0,0,0:bachelor of arts in nursing/1:s,,
bachelors of divinity,,,[网络] 神学学士；神学士；道学学士\n(bachelor of divinity 的复数),,,,,0,0,0:bachelor of divinity/1:s,,
bachelors of laws,,,法学士,,,,,0,0,0:bachelor of laws/1:s,,
bachelors of literature,,,文学士,,,,,0,0,0:bachelor of literature/1:s,,
bachelors of medicine,,,医学士,,,,,0,0,0:bachelor of medicine/1:s,,
bachelors of music,,,音乐学士\n(bachelor of music 的复数),,,,,0,0,0:bachelor of music/1:s,,
bachelors of naval science,,,[网络] 海军科学学士学位\n(bachelor of naval science 的复数),,,,,0,0,0:bachelor of naval science/1:s,,
bachelors of science,,,理学学士,,,,,0,0,0:bachelor of science/1:s,,
bachelors of science in architecture,,,[网络] 建筑科学学士学位\n(bachelor of science in architecture 的复数),,,,,0,0,0:bachelor of science in architecture/1:s,,
bachelors of science in engineering,,,[网络] 工程学学士,,,,,0,0,0:bachelor of science in engineering/1:s,,
bachelors of theology,,,[网络] 神学学士；神学士；神学学士科\n(bachelor of theology 的复数),,,,,0,0,0:bachelor of theology/1:s,,
bachelors' button,,,un. 矢车菊\n[网络] 单身汉按钮,,,,,0,0,,,
bachelors' degree,,,学士学位,,,,,0,0,,,
bachelors-at-arms,,,n. bachelor-at-arms的变形,,,,,0,0,0:bachelor-at-arms/1:s,,
bachelorship,,n. The state of being a bachelor.,"n. 独身, 学士学位",,,,,0,0,,,
bachelorships,"'bætʃələ,ʃip",,n. 单身；学士资格,,,,,0,0,,,
bachelours,,,[网络] 单身汉,,,,,0,0,,,
bachem,,,[网络] 巴亨公司；瑞士；公司简介,,,,,0,0,s:bachems,,
bachems,,,[网络] 巴亨公司；瑞士；公司简介\n(bachem 的复数),,,,,0,0,0:bachem/1:s,,
Bachenberg,,,[地名] 巴亨贝格 ( 德 ),,,,,0,0,,,
Bacher,,,n. 巴彻（姓氏）,,,,,46774,0,,,
bachert,,,[网络] 巴赫特,,,,,0,0,s:bacherts,,
bacherts,,,[网络] 巴赫特\n(bachert 的复数),,,,,0,0,0:bachert/1:s,,
baches,bætʃiz,n German baroque organist and contrapuntist; composed mostly keyboard music; one of the greatest creators of western music (1685-1750)\nn the music of Bach\nv lead a bachelor's existence,"v. 过独身生活, 乡村小屋, 海滨小屋( bach的第三人称单数 )",,,,,0,0,0:bach/1:s,,
bachet,,,[网络] 巴协；巴歇；柏榭,,,,,0,0,s:bachets,,
bachets,,,[网络] 巴协；巴歇；柏榭\n(bachet 的复数),,,,,0,0,0:bachet/1:s,,
Bachhagel,,,[地名] 巴赫哈格尔 ( 德 ),,,,,0,0,,,
bachhuber,,,[网络] 巴乔,,,,,0,0,,,
bachi,,,[网络] 八极拳；雨o；罚,,,,,0,0,,,
Bachian,,,[网络] 巴哈的,,,,,0,0,,,
bachianas,,,[网络] 巴基亚亚,,,,,0,0,,,
bachik,,,[网络] 巴奇克,,,,,0,0,,,
bachillerato,,,[网络] 高中；高中毕业资格；高中毕业证书,,,,,0,0,,,
bachin,,,[网络] 巴钦,,,,,0,0,,,
bachinek,,,[网络] 巴。克,,,,,0,0,,,
baching,bætʃɪŋ,v lead a bachelor's existence,"v. 过独身生活, 乡村小屋, 海滨小屋( bach的现在分词 )",,,,,0,0,,,
Bachiniva,,,[地名] 巴奇尼瓦 ( 墨 ),,,,,0,0,,,
bachir,,,n. (Bachir)人名；(阿拉伯)贝希尔,,,,,0,0,,,
bachit,'bætʃit,,v. 过单身汉生活；(妻子不在家时)丈夫独自生活,,,,,0,0,,,
"Bachkoum, Tizi n'",,,[地名] 巴什库姆山口 ( 摩洛 ),,,,,0,0,,,
bachl,,,n. (Bachl)人名；(德)巴赫尔,,,,,0,0,,,
bachle,,,[网络] 到处都是小水渠；边极负盛名的巴克勒；小溪流,,,,,0,0,,,
Bachman,,,[计] 巴赫曼,,,,,47731,0,s:bachmen,,
Bachman diagram,,,[计] 巴赫曼图,,,,,0,0,,,
bachman notation,,,巴赫门表示法,,,,,0,0,,,
Bachman reaction,,,[医] 巴克曼氏反应(试验)(检旋毛虫病的皮内试验),,,,,0,0,,,
Bachman test,,,[医] 巴克曼氏试验(检旋毛虫病的皮内试验),,,,,0,0,,,
bachmann,,,n. 百万城（火车模型）,,,,,0,0,s:bachmanns,,
Bachmann's bundle,,,[医] 巴克曼氏束(心耳间横肌束),,,,,0,0,,,
bachmanns,,,n. 百万城（火车模型）\n(bachmann 的复数),,,,,0,0,0:bachmann/1:s,,
bachmeier,,,[网络] 巴赫梅尔,,,,,0,0,,,
Bachmeier's test,,,[医] 巴克迈耶氏试验(检硷),,,,,0,0,,,
bachmen,,,巴克曼（人名）,,,,,0,0,0:bachman/1:s,,
Bachnann,,,房间束,,,,,0,0,,,
bachner,,, [人名] 巴赫纳,,,,,0,0,,,
Bacho,,,[地名] 巴卓(百汶) ( 泰 ),,,,,0,0,,,
Bacho dust classifier,,,贝乔粉末分级器,,,,,0,0,,,
bachofen,,,n. (Bachofen)人名；(德)巴霍芬,,,,,0,0,s:bachofens,,
bachofens,,,n. (Bachofen)人名；(德)巴霍芬\n(bachofen 的复数),,,,,0,0,0:bachofen/1:s,,
Bachok,,,[地名] 巴卓 ( 马来 ),,,,,0,0,,,
Bachorz,,,巴求兹,,,,,0,0,,,
bachrach,,, [人名] 巴克拉克,,,,,0,0,s:bachraches,,
bachraches,,, [人名] 巴克拉克\n(bachrach 的复数),,,,,0,0,0:bachrach/1:s,,
bachs,,,n. 巴赫（人名）,,,,,0,0,,,
bachsheesh,,,n. 津贴;小帐,,,,,0,0,,,
bachshish,,,[网络] 巴克什,,,,,0,0,,,
Bachte-Maria-Leerne,,,[地名] 巴赫特-玛丽亚-莱尔讷 ( 比 ),,,,,0,0,,,
bachtel,,, [人名] 贝克特尔; [地名] [瑞士] 巴赫特尔山,,,,,0,0,,,
bachu,,,[网络] 巴楚县,,,,,0,0,,,
Bachuanaland,",betʃu'ɑ:nəlænd",,贝专纳(博茨瓦纳 Botswana 的旧称),,,,,0,0,,,
Bachuma,,,巴楚马,,,,,0,0,,,
bachus,,,n. (Bachus)人名；(法)巴屈斯；(英)巴克斯,,,,,0,0,,,
bachya,,,[网络] 巴赫亚,,,,,0,0,,,
bachynsky,,,[网络] 巴钦斯基,,,,,0,0,,,
Baché,,,[地名] 巴谢 ( 喀 ),,,,,0,0,,,
baci,,,n. (Baci)人名；(意)巴奇,,,,,0,0,,,
baci-extraction,,,[化] 反萃取,,,,,0,0,,,
Baci-jel,,,"杆菌肽,枯草菌肽,亚枯草菌素,崔西杆菌素",,,,,0,0,,,
baciamano,,,n. 教皇对大批人的接见,,,,,0,0,,,
Baciccio,,,[网络] 巴西齐奥；巴其吉欧,,,,,0,0,,,
Bacid,,,"是一种止泻药,营养药",,,,,0,0,,,
Bacidia,,,玉星属(地衣),,,,,0,0,,,
bacidia impura,,,污桿孢衣,,,,,0,0,,,
bacidia morosa,,,台湾桿孢衣,,,,,0,0,,,
bacidia scrobiculata,,,污桿孢衣,,,,,0,0,,,
bacidia sphaeroides (dicks.)a.zahlbr.,,,玉星,,,,,0,0,,,
BACIE,,,British Association for Commercial and Industrial Education 英国工商业教育协会,,,,,0,0,s:bacies,,
bacies,,,British Association for Commercial and Industrial Education 英国工商业教育协会\n(bacie 的复数),,,,,0,0,0:bacie/1:s,,
bacigalupi,,,n. (Bacigalupi)人名；(意)巴奇加卢皮,,,,,0,0,,,
bacigalupo,,,[网络] 巴奇加卢波,,,,,0,0,,,
Baciguent,,,杆菌肽制剂的商品名,,,,,0,0,,,
bacik,,,[网络] 杆菌,,,,,0,0,,,
baciki blizsze,,,巴西基布里兹哲,,,,,0,0,,,
bacil,,,[网络] 育士,,,,,0,0,,,
bacile,,,碗形深碟,,,,,0,0,,,
bacili,bәˊsilai,,"n. <br />pl. 细菌,桿菌",,,,,0,0,,,
bacilipin,bә'silipin,,"[微]枯草杆菌脂, 杆菌溶素, 杆菌脂",,,,,0,0,,,
bacilius anthraris,,,[机] 炭疽杆菌,,,,,0,0,,,
bacill-,bə'sil,,"comb.form 【微生物学】表示“杆菌”：bacill-ary, bacillosis",,,,,0,0,,,
Bacillaceae,,n typically rod-shaped usually Gram-positive bacteria that produce endospores,[医] 芽胞杆菌科,,,,,0,0,s:bacillaceaes,,
bacillaceaes,",bæsə'leisii:",,"Bacillaceae\n[,bæsə'leisii:]\nn.\n【细菌】芽孢杆菌科",,,,,0,0,0:bacillaceae/1:s,,
bacillaemia,,,[网络] 杆菌血症,,,,,0,0,,,
Bacillales,,,芽孢杆菌目,,,,,0,0,,,
bacillar,,a relating to or produced by or containing bacilli\ns formed like a bacillus,[医] 杆菌性的,,,,,0,0,,,
bacillar structure,,,纤维状组织,,,,,0,0,,,
Bacillaria,,,链状硅藻属,,,,,0,0,,,
bacillaria paradoxa,,,奇异棍形藻,,,,,0,0,,,
Bacillariaceae,,,"[医] 硅藻科, 矽藻科",,,,,0,0,,,
bacillariales,,,"硅藻类, 硅藻目",,,,,0,0,,,
bacillaries,'bæsɪlərɪ,,bacillary\n['bæsiləri]\nadj.\n【微生物学】\n杆状的 [亦作 bacilliform]\n由杆状结构组成的\n杆菌的\n杆菌状的\n杆菌性的\n由杆菌引起的[亦作 bacillar ／bə'silə／],,,,,0,0,0:bacillary/1:s,,
Bacillariophyceae,",bæsə'lɑ:riəfisii:",,n. [植] 硅藻纲,,,,,0,0,s:bacillariophyceaes,,
bacillariophyceaes,",bæsə'lɑ:riəfisii:",,"Bacillariophyceae\n[,bæsə'lɑ:riəfisii:]\nn.\n【植物】矽藻纲",,,,,0,0,0:bacillariophyceae/1:s,,
Bacillariophyta,,,硅藻门,,,,,0,0,,,
bacillariophyte,,,[网络] 杆菌病,,,,,0,0,,,
bacillariophytes,,,[网络] 硅藻；矽藻,,,,,0,0,,,
Bacillarite,,,晶蛭石,,,,,0,0,,,
bacillarite(leverrierite),,,晶蛭石,,,,,0,0,,,
bacillary,"bә'silәri, 'bæsileri",a relating to or produced by or containing bacilli\ns formed like a bacillus,"a. 杆状的, 杆状细菌的, 芽胞杆菌, 杆菌\n[医] 杆菌性的",,,,,0,0,s:bacillaries,,
bacillary angiomatosis,,,细菌性血管瘤病,,,,,0,0,,,
bacillary band,,,杆状带,,,,,0,0,,,
bacillary degeneration,,,细菌性变性,,,,,0,0,,,
bacillary disease,,,[医] 杆菌病,,,,,0,0,,,
bacillary dysenteries,,,菌痢，[内科] 杆菌痢疾,,,,,0,0,0:bacillary dysentery/1:s,,
bacillary dysentery,,,"[医] 菌痢, 杆菌[性]痢疾",,,,,0,0,s:bacillary dysenteries,,
bacillary embolism,,,[医] 杆菌栓塞,,,,,0,0,,,
bacillary emulsion,,,[医] 菌乳剂,,,,,0,0,,,
bacillary emulsion tuberculin,,,乳剂结核菌素,,,,,0,0,,,
bacillary emulsion tyberculin,,,[医] 乳剂结核菌素,,,,,0,0,,,
bacillary enteritis,,,[内科] 细菌性肠炎,,,,,0,0,,,
bacillary hemoglobinuria,,,牛传染性血尿病,,,,,0,0,,,
bacillary layer,,,"[医] [视网膜]杆体[锥体]层, 雅各布氏膜",,,,,0,0,,,
bacillary meningitis,,,杆菌性脑膜炎,,,,,0,0,,,
bacillary milk,,,[医] 酸乳(商品),,,,,0,0,,,
bacillary necrosis,,,桿菌性坏死,,,,,0,0,,,
bacillary necrosis of calves,,,犊牛白喉,,,,,0,0,,,
bacillary paralysis,,,芽孢杆菌麻痹病,,,,,0,0,,,
bacillary phthisis,,,"[医] 杆菌性痨病, 结核病",,,,,0,0,,,
bacillary white diarrhea,bəˈsiləri hwait ˌdaɪəˈri:ə,, 雏鸡白痢,,,,,0,0,s:bacillary white diarrheas,,
bacillary white diarrheas,,, 雏鸡白痢\n(bacillary white diarrhea 的复数),,,,,0,0,0:bacillary white diarrhea/1:s,,
bacillary white diarrhoea,,,un. 细菌性白痢；细菌性白色腹泻,,,,,0,0,s:bacillary white diarrhoeas,,
bacillary white diarrhoeas,,,un. 细菌性白痢；细菌性白色腹泻\n(bacillary white diarrhoea 的复数),,,,,0,0,0:bacillary white diarrhoea/1:s,,
bacille,,,杆菌,,,,,0,0,,,
bacille Calmette Guerin,,,结核活菌苗,,,,,0,0,,,
bacille calmette-guerin (bcg) vaccine,,,卡介苗,,,,,0,0,,,
bacille Calmette-Guerin vaccine,,,[药] 卡介苗,,,,,0,0,,,
Bacille Calmette-Guerin(BCG),,,[化] 卡介苗,,,,,0,0,,,
bacillemia,,,[医] 杆菌血症,,,,,0,0,,,
bacillen emulsion,,,[医] 结核菌乳剂,,,,,0,0,,,
bacilli,bә'silai,n aerobic rod-shaped spore-producing bacterium; often occurring in chainlike formations; found primarily in soil,"pl. 细菌, 杆菌\n[医] 杆菌",n:100,,,,28901,33439,s:bacilli,,
bacilli carrier,,,"[医] 带杆菌者, 伤寒带菌者",,,,,0,0,,,
bacilli-,,,杆菌,,,,,0,0,,,
bacilli-carrier,,,[医] 带[杆]菌者,,,,,0,0,,,
bacilliary,,,[网络] 杆菌,,,,,0,0,,,
bacillibactin,,,[网络] 杆菌素,,,,,0,0,,,
bacillicidal,,,[医] 杀杆菌的,,,,,0,0,,,
bacilliciddal,,,杀杆菌的,,,,,0,0,,,
bacillicide,bә'silisaid,,n. 杀杆菌剂,,,,,0,0,,,
bacillicides,bə'silisaid,,n.\n杀杆菌剂,,,,,0,0,,,
bacilliculture,"bә'sili,kʌltʃә",,[医]杆菌培养,,,,,0,0,,,
bacilliferous,,,带杆菌的,,,,,0,0,,,
bacilliform,bә'silifɒ:m,s formed like a bacillus,a. 杆状的\n[医] 杆菌状的,,,,,0,0,,,
bacilligenic,,,"[医] 杆菌[原]性的, 生杆菌的",,,,,0,0,,,
bacillin,bә'silin,,n. 杆菌素\n[医] 杆菌素,,,,,0,0,,,
bacilliparous,,,[医] 生杆菌的,,,,,0,0,,,
bacillisin,,,[医] 杆菌溶素,,,,,0,0,,,
bacillite,bә'silait,,"[矿]由许多平行的长联雏晶形成的杆状微晶, 杆雏晶束",,,,,0,0,,,
bacilllicide,,,杀桿菌剂；杀菌剂,,,,,0,0,,,
bacillo-,,,[医] 杆菌,,,,,0,0,,,
bacillocin,bә'silɔsin,,[医]芽孢杆菌素,,,,,0,0,,,
bacillocporin,,,[网络] 杆孢菌素,,,,,0,0,,,
bacillogenic,,,"[医] 杆菌[原]性的, 生杆菌的",,,,,0,0,,,
bacillogenic sycosis,,,[医] 杆菌性须疮,,,,,0,0,,,
bacillogenous,,,[医] 杆菌[原]性的,,,,,0,0,,,
bacillomuxin,,,芽胞菌粘素,,,,,0,0,,,
bacillomycin,"bә,silәu'maisin",,n. 杆菌抗霉素\n[化] 芽孢菌霉素,,,,,0,0,,,
bacillomyxin,,,[化] 芽孢菌粘素,,,,,0,0,,,
bacillophobia,",bæsilәu'fәubiә",,[心理]细菌恐怖,,,,,0,0,,,
Bacillopyrin,,,磺胺吡啶,,,,,0,0,,,
bacillosamine,,,[网络] 杆菌胺,,,,,0,0,,,
bacilloscopies,,,[网络] 杆菌病,,,,,0,0,,,
bacilloscopy,,,[医] 杆菌检视法,,,,,0,0,,,
bacillosis,",bæsi'lәusis",,[医]杆菌病,,,,,0,0,,,
bacillosporin,,,n. 多粘菌素\n[化] 杆孢菌素,,,,,0,0,,,
bacillotherapy,,,[医] 细菌疗法,,,,,0,0,,,
Bacillues smegmatis,,,包皮垢分支杆菌,,,,,0,0,,,
bacillum,,,"[医] 杆剂, 笔剂",,,,,0,0,,,
bacilluria,,,[医] 杆菌尿,,,,,0,0,,,
bacillurria,bəsi'ləriə,,n. 【病理学】杆菌尿,,,,,0,0,,,
Bacillury,,,"杆菌尿症,杆菌尿",,,,,0,0,,,
bacillus,bә'silәs,n. aerobic rod-shaped spore-producing bacterium; often occurring in chainlike formations; found primarily in soil,"n. 杆菌, 细菌\n[医] 芽胞杆菌属, 杆菌属",n:100,,,,28550,23889,s:bacilluss,,
Bacillus abortivo-equinus,,,[医] 马流产杆菌,,,,,0,0,,,
Bacillus abortus,,,"[医] 流产布鲁氏杆菌, 流产杆菌",,,,,0,0,,,
Bacillus abortus bovis,,,[医] 牛流产杆菌,,,,,0,0,,,
bacillus accidentalis tetani,,,偶发性破伤风桿菌,,,,,0,0,,,
bacillus acerophilus,,,嗜气桿菌,,,,,0,0,,,
Bacillus aceticus,,,[医] 醋酸杆菌,,,,,0,0,,,
Bacillus acidi lactici,,,[医] 乳酸杆菌,,,,,0,0,,,
Bacillus acidi laevolactici,,,[医] 左旋乳酸杆菌,,,,,0,0,,,
Bacillus acidificans longissimus,,,"[医] 长酸化杆菌, 戴耳布吕克氏乳杆菌",,,,,0,0,,,
Bacillus acidophilus,,,[医] 嗜酸乳杆菌,,,,,0,0,,,
Bacillus acnes,,,"[医] 痤疮杆菌, 痤疮棒状杆菌",,,,,0,0,,,
Bacillus actinoides,,,[医] 类放线杆菌,,,,,0,0,,,
Bacillus actinomycetum comitans,,,[医] 放线共生杆菌,,,,,0,0,,,
Bacillus adhaerens,,,[医] 粘杆菌,,,,,0,0,,,
Bacillus adhaesioformans,,,[医] 诱粘杆菌,,,,,0,0,,,
bacillus adhesioformans,,,诱黏桿菌,,,,,0,0,,,
Bacillus aegyptiacus,,,[医] 埃及杆菌,,,,,0,0,,,
Bacillus aerofoetidus,,,[医] 腐气梭状芽胞杆菌,,,,,0,0,,,
Bacillus aerogenes,,,[医] 产气[气]杆菌,,,,,0,0,,,
Bacillus aerogenes capsulatus,,,"[医] 产气荚膜[梭状芽胞]杆菌, 魏氏梭状芽胞杆菌",,,,,0,0,,,
Bacillus aerogenes meningitidis,,,[医] 脑膜炎产气杆菌,,,,,0,0,,,
Bacillus aerophilus,,,[医] 嗜气杆菌,,,,,0,0,,,
Bacillus aerothermophilus,,,[医] 嗜热需氧性芽胞杆菌,,,,,0,0,,,
Bacillus aertrycke,,,"[医] 艾特利克杆菌, 艾特利克沙门氏菌",,,,,0,0,,,
Bacillus aeruginosus,,,"[医] 绿脓杆菌, 绿脓假单胞菌",,,,,0,0,,,
bacillus aeruginous,,,产气桿菌,,,,,0,0,,,
Bacillus agni,,,[医] B型产气荚膜杆菌,,,,,0,0,,,
bacillus albicans pateriformis,,,牺牲盃状变白色桿菌，皿状变白色桿菌,,,,,0,0,,,
Bacillus albolactis,,,[医] 白色乳杆菌,,,,,0,0,,,
Bacillus albuminis,,,"[医] 蛋白杆菌, 圆形芽胞杆菌",,,,,0,0,,,
Bacillus albus,,,[医] 白色杆菌,,,,,0,0,,,
Bacillus albus aerobiescens,,,[医] 需氧性白色杆菌,,,,,0,0,,,
Bacillus albus anaerobiescens,,,[医] 厌氧性白色杆菌,,,,,0,0,,,
Bacillus albus cadaveris,,,[医] 尸体白色杆菌,,,,,0,0,,,
Bacillus alcalescens,,,"[医] 硷性杆菌, 硷性志贺氏菌",,,,,0,0,,,
Bacillus alcaligenes,,,[医] 产硷杆菌,,,,,0,0,,,
Bacillus alcaligenes septicemia,,,产碱杆菌败血症,,,,,0,0,,,
Bacillus alcalinofoetidus,,,[医] 产硷臭杆菌,,,,,0,0,,,
Bacillus allantoides,,,腊肠样杆菌,,,,,0,0,,,
Bacillus allanyoides,,,[医] 腊肠样杆菌,,,,,0,0,,,
Bacillus alvei,,,[医] 蜂房杆菌,,,,,0,0,,,
Bacillus ambiguus,,,"[医] 施米茨氏痢疾杆菌, 疑假单胞菌",,,,,0,0,,,
Bacillus amylobacter,,,"[医] 淀粉杆菌, 酪酸[梭状芽胞]杆菌",,,,,0,0,,,
bacillus amyloliquefaciens,,,芽孢枯草桿菌,,,,,0,0,,,
Bacillus amylolyticus,,,[医] 溶淀粉杆菌,,,,,0,0,,,
bacillus anaerobicus liguefaiens,,,液化厌气桿菌,,,,,0,0,,,
Bacillus anaerobicus liquefaciens,,,[医] 液化性厌氧杆菌,,,,,0,0,,,
bacillus anaerogenes liquefaciens,,,液化产气桿菌,,,,,0,0,,,
bacillus anthraces,,,[医] 炭疽杆菌\n(bacillus anthracis 的复数),,,,,0,0,0:bacillus anthracis/1:s,,
Bacillus anthracis,,,[医] 炭疽杆菌,,,,,0,0,s:bacillus anthraces,,
Bacillus anthracis claviformis,,,[医] 棒形炭疽杆菌,,,,,0,0,,,
Bacillus anthracis simulans,,,[医] 拟炭疽杆菌,,,,,0,0,,,
Bacillus anthracis symptomatici,,,[医] 鸣疽[梭状芽胞]杆菌,,,,,0,0,,,
Bacillus anthracoides,,,[医] 类炭疽杆菌,,,,,0,0,,,
bacillus anthraris,,,炭疽桿菌,,,,,0,0,,,
Bacillus aquatilis,,,"[医] 桔黄水杆菌, 水产黄菌",,,,,0,0,,,
Bacillus aquatilis sulcatus,,,[医] 水槽杆菌,,,,,0,0,,,
Bacillus asiaticus,,,[医] 亚洲变形杆菌,,,,,0,0,,,
Bacillus aterrimus,,,[医] 黑色马铃薯杆菌,,,,,0,0,,,
Bacillus aurantiacus,,,[医] 橙黄色杆菌,,,,,0,0,,,
Bacillus aureus,,,[医] 金黄色杆菌,,,,,0,0,,,
Bacillus avisepticus,,,"[医] 禽败血菌, 鸡霍乱巴斯德氏菌",,,,,0,0,,,
Bacillus bellonensis,,,"[医] 水肿梭菌, 水肿[梭状芽胞]杆菌",,,,,0,0,,,
bacillus beribericus,,,脚气桿菌,,,,,0,0,,,
Bacillus bifermentans,,,[医] 双酶杆菌,,,,,0,0,,,
Bacillus bifidus,,,[医] 双叉[乳]杆菌,,,,,0,0,,,
Bacillus bipolaris septicus,,,[医] 出血性败血杆菌,,,,,0,0,,,
Bacillus botulinus,,,[医] 肉毒[梭状芽胞]杆菌,,,,,0,0,,,
Bacillus botulinus food poisoning,,,肉毒杆菌食物中毒,,,,,0,0,,,
Bacillus bovis morbificans,,,"[医] 牛病杆菌, 牛病沙门氏菌",,,,,0,0,,,
Bacillus bovisepticus,,,"[医] 牛败血杆菌, 牛出血败血性巴斯德氏菌",,,,,0,0,,,
Bacillus brassicae,,,[医] 芸苔杆菌,,,,,0,0,,,
Bacillus breslaviensis,,,[医] 鼠伤寒沙门氏菌,,,,,0,0,,,
Bacillus brevis,,,[医] 短杆菌,,,,,0,0,,,
Bacillus bronchi canis,,,"[医] 犬支气管杆菌, 支气管败血性布鲁氏[杆]菌",,,,,0,0,,,
Bacillus bronchisepticus,,,"[医] 败血性支气管杆菌, 支气管败血性布鲁氏[杆]菌",,,,,0,0,,,
Bacillus bronchitidis putridae,,,[医] 腐败性支气管炎杆菌,,,,,0,0,,,
Bacillus buccalis,,,[医] 颊杆菌,,,,,0,0,,,
Bacillus buccalis fortuitus,,,[医] 偶发性颊杆菌,,,,,0,0,,,
bacillus buccalis maximus,,,最大口颊桿菌,,,,,0,0,,,
Bacillus bulgaricus,,,[医] 保加利亚[乳]杆菌,,,,,0,0,,,
Bacillus butschlii,,,[医] 布奇利氏杆菌,,,,,0,0,,,
bacillus butyri,,,乳酪桿菌,,,,,0,0,,,
Bacillus butyri fluorescens,,,[医] 萤光乳酪杆菌,,,,,0,0,,,
bacillus butyri fluorescens ford.,,,乳酪萤光桿菌,,,,,0,0,,,
Bacillus butyricus,,,"[医] 酪酸[梭状芽胞]杆菌, 淀粉杆菌",,,,,0,0,,,
Bacillus cadaveris,,,[医] 产气荚膜[梭状芽胞]杆菌(尸体杆菌),,,,,0,0,,,
Bacillus caeruleus,,,[医] 深蓝色杆菌,,,,,0,0,,,
Bacillus calidolactis,,,[医] 嗜热乳芽胞杆菌,,,,,0,0,,,
bacillus calmette guerin,,, 结核菌细胞壁骨架,,,,,0,0,,,
bacillus calmette gurin,,,结核预防注射液,,,,,0,0,,,
Bacillus Calmette-Guerin,,,卡介苗\n[医] 卡介菌,,,,,0,0,,,
bacillus calmette-guerin (bcg) vaccine,,,卡介苗,,,,,0,0,,,
Bacillus canalis capsulatus,,,"[医] 荚膜沟渠杆菌, 肺炎克雷白氏杆菌",,,,,0,0,,,
Bacillus canalis parvus,,,[医] 小沟渠杆菌,,,,,0,0,,,
Bacillus capsulatus,,,[医] 荚膜杆菌,,,,,0,0,,,
Bacillus capsulatus misothermus,,,[医] 忌热荚膜杆菌,,,,,0,0,,,
Bacillus capsulatus mucosus,,,[医] 粘液荚膜杆菌,,,,,0,0,,,
Bacillus capsulatus septicus,,,[医] 败血性荚膜杆菌,,,,,0,0,,,
Bacillus capsulatus smithii,,,[医] 史密斯氏荚膜杆菌,,,,,0,0,,,
Bacillus carabiformis,,,[医] 步行虫状杆菌,,,,,0,0,,,
Bacillus carbonis,,,"[医] 气肿疽杆菌, 鸣疽[梭状芽胞]杆菌",,,,,0,0,,,
bacillus carotovorus jones var konjac nakata,,,蒟蒻腐败病菌,,,,,0,0,,,
bacillus carrier,,,带杆菌体,,,,,0,0,,,
Bacillus casei,,,"[医] 酪杆菌, 瑞士乳杆菌",,,,,0,0,,,
Bacillus casei alpha,,,"[医] 酪杆菌α,干酪乳杆菌",,,,,0,0,,,
Bacillus casei epsilon,,,"[医] 酪杆菌ε, 瑞士乳杆菌",,,,,0,0,,,
Bacillus catenulus,,,[医] 链状杆菌,,,,,0,0,,,
Bacillus caucasicus,,,[医] 高加索乳杆菌,,,,,0,0,,,
Bacillus caviae fortuitus,,,[医] 偶发性豚鼠杆菌,,,,,0,0,,,
bacillus cavicdus,,,杀豚鼠桿菌,,,,,0,0,,,
Bacillus cavicidus,,,[医] 杀豚鼠杆菌,,,,,0,0,,,
Bacillus cercus,,,蜡状芽孢杆菌,,,,,0,0,,,
Bacillus cercus food poisoning,,,蜡样芽胞杆菌食物中毒,,,,,0,0,,,
Bacillus cereus,,,[医] 蜡样芽胞杆菌,,,,,0,0,,,
bacillus cereus food poisoning,,,仙人掌桿菌食物中毒,,,,,0,0,,,
Bacillus ceylonensis A,,,"[医] 锡兰杆菌A, 宋内氏志贺氏菌",,,,,0,0,,,
Bacillus ceylonensis B,,,"[医] 锡兰杆菌B, 锡兰志贺氏菌",,,,,0,0,,,
Bacillus chauvaei,,,"[医] 肖沃氏梭状杆菌, 鸣疽[梭状芽胞]杆菌",,,,,0,0,,,
Bacillus chitinivorous,,,[微] 蚀几丁质芽孢杆菌,,,,,0,0,,,
Bacillus chlorinus,,,[医] 黄绿色杆菌,,,,,0,0,,,
bacillus cholerae,,,霍乱桿菌,,,,,0,0,,,
Bacillus cholerae gallinarum,,,"[医] 鸡霍乱杆菌, 禽败血性巴斯德氏菌",,,,,0,0,,,
bacillus chologenus,,,产胆汁菌,,,,,0,0,,,
Bacillus chyluria,,,[医] 乳糜尿杆菌,,,,,0,0,,,
Bacillus circulans,,,[医] 环状芽胞杆菌,,,,,0,0,,,
Bacillus citreus,,,[医] 柠檬色杆菌,,,,,0,0,,,
Bacillus citreus cadaveris,,,[医] 尸体柠檬色杆菌,,,,,0,0,,,
Bacillus cloacae,,,[医] 阴沟气杆菌,,,,,0,0,,,
bacillus cloacae jordan b.zeae (burril) comes,,,玉蜀黍烧病菌,,,,,0,0,,,
Bacillus coagulans,,,[医] 凝固芽胞杆菌,,,,,0,0,,,
Bacillus cochlearius,,,[医] 匙形[梭状芽胞]杆菌,,,,,0,0,,,
Bacillus cohaerens,,,[医] 连杆菌,,,,,0,0,,,
bacillus colf,,,大肠杆菌,,,,,0,0,,,
Bacillus coli,,,"[医] 大肠杆菌, 大肠埃希氏杆菌",,,,,0,0,,,
bacillus coli aerogenes,,,产气大肠菌,,,,,0,0,,,
Bacillus coli anaerogenes,,,"[医] 不产气大肠杆菌, 贝尔法斯特埃氏杆菌",,,,,0,0,,,
Bacillus coli communior,,,[医] 副大肠杆菌,,,,,0,0,,,
Bacillus coli communis,,,"[医] 普通大肠杆菌, 大肠埃希氏杆菌",,,,,0,0,,,
bacillus coli concentricus,,,浓缩性大肠菌,,,,,0,0,,,
Bacillus coli icteroides,,,[医] 黄疽性大肠杆菌,,,,,0,0,,,
Bacillus coli immobilis,,,[医] 不动性大肠杆菌,,,,,0,0,,,
Bacillus coli mobilis,,,[医] 活动性大肠杆菌,,,,,0,0,,,
Bacillus coli nonfervoris,,,[医] 非酵性大肠杆菌,,,,,0,0,,,
Bacillus coli proximus,,,[医] 亚大肠杆菌,,,,,0,0,,,
Bacillus coli similis,,,[医] 拟大肠杆菌,,,,,0,0,,,
Bacillus colofoetidus,,,"[医] 结肠臭杆菌, 肠臭埃希氏杆菌",,,,,0,0,,,
Bacillus columbensis,,,[医] 鸽沙门氏杆菌,,,,,0,0,,,
Bacillus comma,,,[医] 霍乱弧菌,,,,,0,0,,,
Bacillus conjunctivitis,,,[医] 结膜炎杆菌,,,,,0,0,,,
Bacillus coprogenes foetidus,,,[医] 臭粪杆菌,,,,,0,0,,,
Bacillus coprogenes parvus,,,[医] 小粪杆菌,,,,,0,0,,,
Bacillus corallinus,,,[医] 珊瑚状杆菌,,,,,0,0,,,
Bacillus coryzae segmentosus,,,"[医] 咽喉炎分节杆菌, 分隔杆菌",,,,,0,0,,,
Bacillus crassus,,,肥大杆菌,,,,,0,0,,,
Bacillus crassus aromaticus,,,[医] 芳香性肥杆菌,,,,,0,0,,,
Bacillus crassus sputigenus,,,"[医] 住痰大杆菌, 肥大痰杆菌",,,,,0,0,,,
Bacillus cretaceus,,,[医] 白垩杆菌,,,,,0,0,,,
Bacillus cuneatus,,,[医] 箭头状杆菌,,,,,0,0,,,
Bacillus cuniculicida,,,[医] 兔败血杆菌,,,,,0,0,,,
Bacillus cuniculicidus septicus,,,"[医] 猫败血菌, 兔败血杆菌",,,,,0,0,,,
Bacillus cyaneo-fluorescens,,,[医] 青萤光杆菌,,,,,0,0,,,
Bacillus cyanogenes,,,"[医] 产蓝色杆菌, 产蓝假单胞菌",,,,,0,0,,,
Bacillus cylindricus,,,[医] 柱状芽胞杆菌,,,,,0,0,,,
Bacillus dendriticus,,,[医] 支状杆菌,,,,,0,0,,,
bacillus denitrificans,,,脱氮桿菌,,,,,0,0,,,
Bacillus denitrificans fluorescens,,,"[医] 脱氮萤光杆菌, 脱氮假单胞菌",,,,,0,0,,,
bacillus dentalis virdans,,,草绿色齿桿菌,,,,,0,0,,,
Bacillus dentalis viridans,,,[医] [草]绿色牙杆菌,,,,,0,0,,,
bacillus dentriticus,,,枝状桿菌,,,,,0,0,,,
bacillus diatrypticus casei,,,酪质胰化桿菌,,,,,0,0,,,
Bacillus diatypticus casei,,,[医] 酪质胰化杆菌,,,,,0,0,,,
Bacillus diffusus,,,[医] 弥漫杆菌,,,,,0,0,,,
Bacillus diphtheriae,,,[医] 白喉[棒状]杆菌,,,,,0,0,,,
Bacillus diphtheriae columbarum,,,[医] 鸽白喉杆菌,,,,,0,0,,,
Bacillus diphtheriae vitulorum,,,"[医] 犊白喉杆菌, 坏死放线菌",,,,,0,0,,,
Bacillus ducreyi,,,"[医] 杜克雷氏杆菌, 杜克雷氏嗜血杆菌",,,,,0,0,,,
Bacillus duplicatus,,,[医] 复迭杆菌,,,,,0,0,,,
Bacillus dysenteriae,,,"[医] 痢疾杆菌, 志贺氏志贺氏菌",,,,,0,0,,,
Bacillus dysodes,,,[医] 恶臭杆菌,,,,,0,0,,,
Bacillus ellenbachiensis,,,[医] 厄伦巴黑氏杆菌,,,,,0,0,,,
Bacillus emphysematosus,,,[医] 产气荚膜[梭状芽胞]杆菌,,,,,0,0,,,
Bacillus endocarditidis capsulatus,,,"[医] 心内膜炎荚膜杆菌, 肺炎杆菌",,,,,0,0,,,
Bacillus endocarditidis griseus,,,[医] 心内膜炎灰色杆菌,,,,,0,0,,,
Bacillus endocarditis griseus,,,心内膜炎灰色杆菌,,,,,0,0,,,
Bacillus enteritidis,,,"[医] 肠炎杆菌, 肠炎沙门氏菌",,,,,0,0,,,
Bacillus enteritidis mucosus,,,[医] 粘膜性肠炎杆菌,,,,,0,0,,,
Bacillus enteritidis sporogenes,,,[医] 产芽胞肠炎杆菌,,,,,0,0,,,
Bacillus epidermidis,,,[医] 表皮杆菌,,,,,0,0,,,
Bacillus equi intestinalis,,,[医] 马肠杆菌,,,,,0,0,,,
Bacillus erysipelatos leporis,,,"[医] 兔丹毒杆菌, 兔败血性巴斯德氏菌",,,,,0,0,,,
Bacillus erysipelatos-suis,,,[医] 猪丹毒杆菌,,,,,0,0,,,
Bacillus erythrogenes,,,"[医] 红乳杆菌, 产红色乳杆菌",,,,,0,0,,,
Bacillus erythrosporus,,,[医] 红芽胞杆菌,,,,,0,0,,,
Bacillus ex pneumoenteritidis suis,,,"[医] 猪霍乱杆菌, 猪霍乱沙门氏菌",,,,,0,0,,,
Bacillus exanthematicus,,,[医] 发疹杆菌,,,,,0,0,,,
Bacillus exilis,,,[医] 纤细杆菌,,,,,0,0,,,
bacillus expneumoenteritidis suis,,,豕无气性肠炎桿菌,,,,,0,0,,,
Bacillus faecalis,,,[医] 粪杆菌,,,,,0,0,,,
Bacillus faecalis alcaligenes,,,[医] 粪产硷杆菌,,,,,0,0,,,
Bacillus fallax,,,[医] 谲诈[梭状芽胞]杆菌,,,,,0,0,,,
Bacillus felis septicus,,,"[医] 猫败血杆菌, 兔败血杆菌",,,,,0,0,,,
Bacillus ferrugineus,,,[医] 铁锈色杆菌,,,,,0,0,,,
Bacillus figurans,,,"[医] 图纹杆菌, 蕈状杆菌",,,,,0,0,,,
Bacillus filiformis,,,"[医] 丝纹杆菌, 线状杆菌",,,,,0,0,,,
Bacillus firmus,,,[医] 强固芽胞杆菌,,,,,0,0,,,
Bacillus fissuratus,,,[医] 裂缝杆菌,,,,,0,0,,,
Bacillus flavescens,,,[医] 黄萤光杆菌,,,,,0,0,,,
Bacillus flavus,,,[医] 黄色杆菌,,,,,0,0,,,
bacillus flourescens nonliquefaciens,,,非液化性萤光桿菌,,,,,0,0,,,
Bacillus fluorescens,,,"[医] 萤光杆菌, 萤光假单胞菌",,,,,0,0,,,
Bacillus fluorescens crassus,,,[医] 肥浓萤光杆菌,,,,,0,0,,,
Bacillus fluorescens liquefaciens,,,"[医] 液化性萤光杆菌, 溶胶萤光杆菌",,,,,0,0,,,
Bacillus fluorescens minutissimus,,,[医] 纤小萤光杆菌,,,,,0,0,,,
Bacillus foecalis alkaligenes,,,[医] 粪产硷杆菌,,,,,0,0,,,
Bacillus foetidus lactis,,,[医] 乳臭杆菌,,,,,0,0,,,
Bacillus foetidus ozaenae,,,"[医] 鼻臭杆菌, 恶臭埃希氏杆菌",,,,,0,0,,,
Bacillus formicicum,,,[医] 甲酸杆菌,,,,,0,0,,,
Bacillus foztidus ozaenae,,,恶臭埃希氏杆菌,,,,,0,0,,,
Bacillus fragilis,,,[医] 脆弱[微小]杆菌,,,,,0,0,,,
Bacillus funduliformis,,,"[医] 腊肠样杆菌, 多形微小杆菌",,,,,0,0,,,
Bacillus fusiformis,,,[医] 梭状杆菌,,,,,0,0,,,
Bacillus gangraenae,,,[医] 坏疽杆菌,,,,,0,0,,,
Bacillus gangraenae emphysematosae,,,"[医] 气肿疽杆菌, 鸣疽杆菌",,,,,0,0,,,
Bacillus gasoformans,,,[医] 产气杆菌,,,,,0,0,,,
Bacillus gastricus,,,"[医] 胃杆菌, 胃炎埃希氏杆菌",,,,,0,0,,,
Bacillus gastrophilus,,,[医] 嗜酸乳杆菌,,,,,0,0,,,
Bacillus glaesser,,,[医] 猪伤寒[沙门氏]杆菌,,,,,0,0,,,
Bacillus globigii,,,[网络] 见枯草芽孢杆菌；苏云金芽孢杆菌；球芽胞杆菌,,,,,0,0,s:bacillus globigiis,,
bacillus globigiis,,,[网络] 见枯草芽孢杆菌；苏云金芽孢杆菌；球芽胞杆菌\n(bacillus globigii 的复数),,,,,0,0,0:bacillus globigii/1:s,,
Bacillus gluconicum,,,[医] 产葡萄糖酸杆菌,,,,,0,0,,,
Bacillus gracilis cadaveris,,,[医] 尸体细[长]杆菌,,,,,0,0,,,
Bacillus graveolens,,,[医] 剧臭杆菌,,,,,0,0,,,
Bacillus guttatus,,,[医] 滴状杆菌,,,,,0,0,,,
Bacillus haemoglobinophilus canis,,,"[医] 犬嗜血红蛋白杆菌, 嗜血红蛋白嗜血杆菌",,,,,0,0,,,
bacillus haemorragicus valenosus,,,萎缩性鼻炎桿菌,,,,,0,0,,,
Bacillus haemorrhagicus,,,[医] 出血症杆菌,,,,,0,0,,,
Bacillus haemorrhagicus nephritidis,,,[医] 肾炎出血症杆菌,,,,,0,0,,,
bacillus haemorrhagicus valenosus,,,酿疫山血症桿菌,,,,,0,0,,,
Bacillus haemorrhagicus venenosus,,,[医] 毒性出血症杆菌,,,,,0,0,,,
Bacillus helixoides,,,[医] 蜗状杆菌,,,,,0,0,,,
Bacillus hemolyticus,,,"[医] 溶血性杆菌, 溶血梭状芽胞杆菌",,,,,0,0,,,
Bacillus hepaticus fortuitus,,,[医] 偶发性肝杆菌,,,,,0,0,,,
Bacillus histolyticus,,,[医] 溶组织[梭状芽胞]杆菌,,,,,0,0,,,
Bacillus hominis capsulatus,,,[医] 人体荚膜杆菌,,,,,0,0,,,
bacillus homminis capsulatus,,,荚膜人体桿菌,,,,,0,0,,,
bacillus hordei hori,,,大麦褐斑病菌,,,,,0,0,,,
Bacillus hyalinus,,,[医] 透明杆菌,,,,,0,0,,,
Bacillus hydrophilus fuscus,,,[医] 褐色嗜水杆菌,,,,,0,0,,,
Bacillus I.II,,,[医] 胚芽乳杆菌,,,,,0,0,,,
Bacillus I.III,,,[医] 莱希曼氏乳杆菌,,,,,0,0,,,
Bacillus icterogenes,,,[医] 黄疸杆菌,,,,,0,0,,,
Bacillus icterogenes capsulatus,,,[医] 荚膜黄疸杆菌,,,,,0,0,,,
Bacillus icteroides,,,[医] 类黄疸[沙门氏]杆菌,,,,,0,0,,,
Bacillus iliacus,,,"[医] 髂杆菌, 髂埃希氏杆菌",,,,,0,0,,,
Bacillus indicans,,,[医] 靛杆菌,,,,,0,0,,,
Bacillus indicus,,,"[医] 印度杆菌, 印度沙雷氏菌",,,,,0,0,,,
Bacillus indigogenes,,,[医] 产靛杆菌,,,,,0,0,,,
Bacillus influenzae,,,[医] 流感[嗜血]杆菌,,,,,0,0,,,
Bacillus intestinus motilis,,,[医] 运动性肠杆菌,,,,,0,0,,,
Bacillus kaustophilus,,,[医] 嗜热芽胞杆菌,,,,,0,0,,,
Bacillus lacticus,,,[医] 嗜酸乳杆菌,,,,,0,0,,,
bacillus lactimorbi,,,乳病桿菌,,,,,0,0,,,
Bacillus lactimorbus,,,[医] 乳病杆菌,,,,,0,0,,,
Bacillus lactis,,,[医] 乳杆菌,,,,,0,0,,,
Bacillus lactis aerogenes,,,"[医] 产气乳杆菌, 产气气杆菌",,,,,0,0,,,
Bacillus lactis albus,,,[医] 白色乳杆菌,,,,,0,0,,,
Bacillus lactis brevis,,,[医] 短乳杆菌,,,,,0,0,,,
Bacillus lactis cyanogenes,,,"[医] 产蓝乳杆菌, 产蓝假单胞菌",,,,,0,0,,,
Bacillus lactis erythrogenes,,,"[医] 红乳杆菌, 产红乳杆菌",,,,,0,0,,,
Bacillus lactis innocuus,,,[医] 无害乳杆菌,,,,,0,0,,,
bacillus lactis longus,,,长乳桿菌,,,,,0,0,,,
Bacillus lactis pituitosi,,,[医] 粘液乳杆菌,,,,,0,0,,,
Bacillus lactis saponacei,,,[医] 皂化性乳杆菌,,,,,0,0,,,
Bacillus lactis viscosus,,,"[医] 粘性乳杆菌, 粘性产硷杆菌",,,,,0,0,,,
Bacillus lacunatus,,,[医] 结膜炎[嗜血]杆菌,,,,,0,0,,,
Bacillus larvae,,,"[医] 幼虫芽胞杆菌, 短芽胞杆菌",,,,,0,0,,,
Bacillus leichmannii I,,,[医] 莱希曼氏乳杆菌,,,,,0,0,,,
Bacillus lentimorbus,,,[医] 缓死芽胞杆菌,,,,,0,0,,,
Bacillus lepisepticus,,,[医] 兔败血杆菌,,,,,0,0,,,
Bacillus leprae,,,[医] 麻风[分支]杆菌,,,,,0,0,,,
Bacillus leptosporus,,,[医] 细芽胞杆菌,,,,,0,0,,,
Bacillus letalis,,,[医] 致死杆菌,,,,,0,0,,,
bacillus lethalis,,,致命桿菌,,,,,0,0,,,
Bacillus levans,,,"[医] 阴沟杆菌, 阴沟气杆菌",,,,,0,0,,,
Bacillus licheniformis,,,[医] 地衣型芽胞杆菌,,,,,0,0,,,
Bacillus lignieresi,,,[医] 利尼耶尔[放线]杆菌,,,,,0,0,,,
Bacillus limbatus acidi lactici,,,[医] 乳酸轮廓杆菌,,,,,0,0,,,
Bacillus liodermos,,,[医] 泽膜杆菌,,,,,0,0,,,
Bacillus liquefaciens bovis,,,[医] 牛液化杆菌,,,,,0,0,,,
Bacillus liquefaciens communis,,,[医] 普通液化杆菌,,,,,0,0,,,
Bacillus liquefaciens lactis amari,,,[医] 苦乳液化杆菌,,,,,0,0,,,
bacillus liquefaciens magnus,,,大液化桿菌,,,,,0,0,,,
bacillus liquefaciens parvus,,,小液化桿菌,,,,,0,0,,,
Bacillus liquidus,,,"[医] 水无色杆菌, 液化无色[杆]菌",,,,,0,0,,,
Bacillus lobatus,,,[医] 叶状芽胞杆菌,,,,,0,0,,,
Bacillus losantitichii,,,[医] 落山尼区芽胞杆菌,,,,,0,0,,,
Bacillus lucens,,,[医] 光辉杆菌,,,,,0,0,,,
Bacillus luteus,,,[医] 卵黄色杆菌,,,,,0,0,,,
Bacillus luteus suis,,,[医] 猪卵黄色杆菌,,,,,0,0,,,
Bacillus macerans,,,[医] 软化芽胞杆菌,,,,,0,0,,,
Bacillus maidis,,,[医] 蜀黍疹杆菌,,,,,0,0,,,
Bacillus mallei,,,[医] 鼻疽杆菌,,,,,0,0,,,
Bacillus maningitidis purulentae,,,"[医] 肺炎杆菌, 肺炎克雷白氏杆菌",,,,,0,0,,,
bacillus megaterium,,,巨桿菌,,,,,0,0,,,
Bacillus megatherium,,,[医] 巨大芽胞杆菌,,,,,0,0,,,
Bacillus melaninogenicus,,,"[医] 黑色素原杆菌, 产黑色素嗜血杆菌",,,,,0,0,,,
Bacillus melanosporus,,,[医] 黑芽胞杆菌,,,,,0,0,,,
Bacillus membranaceus amethystinus,,,[医] 紫水晶膜杆菌,,,,,0,0,,,
bacillus meningitidis cerebrospinalis septicaemiae,,,败血性脑嵴膜炎桿菌,,,,,0,0,,,
bacillus meningitidis purulentae,,,化脓性脑膜炎桿菌,,,,,0,0,,,
bacillus mensentericus,,,马铃薯桿菌,,,,,0,0,,,
Bacillus mesentericus,,,[医] 马铃薯杆菌,,,,,0,0,,,
Bacillus mesentericus fuscus,,,[医] 褐色马铃薯杆菌,,,,,0,0,,,
Bacillus mesentericus vulgatus,,,[医] 马铃薯杆菌,,,,,0,0,,,
Bacillus michaelisii,,,[医] 迈克利斯氏芽胞杆菌,,,,,0,0,,,
Bacillus minutissimus sputi,,,[医] 痰纤小杆菌,,,,,0,0,,,
Bacillus mirabilis,,,"[医] 异菌, 奇异变形杆菌",,,,,0,0,,,
Bacillus mitis,,,[医] 和缓杆菌,,,,,0,0,,,
bacillus moembranaceus amethystinus,,,紫水晶膜桿菌,,,,,0,0,,,
Bacillus mollusci,,,[医] 软疣杆菌,,,,,0,0,,,
Bacillus morbificans bovis,,,"[医] 牛病杆菌, 牛病沙门氏菌",,,,,0,0,,,
Bacillus mucosus capsulatus,,,"[医] 肺炎杆菌, 肺炎克雷白氏杆菌",,,,,0,0,,,
Bacillus mucosus ozaenae,,,"[医] 臭鼻[粘液]杆菌, 臭鼻克雷白氏杆菌",,,,,0,0,,,
Bacillus multifermentans,,,[医] 多酶杆菌,,,,,0,0,,,
Bacillus multipediculus,,,[医] 薯虫样杆菌,,,,,0,0,,,
Bacillus murisepticus,,,[医] 鼠败血杆菌,,,,,0,0,,,
Bacillus murisepticus pleomorphus,,,[医] 多形鼠败血杆菌,,,,,0,0,,,
Bacillus muscoides,,,[医] 藓状杆菌,,,,,0,0,,,
Bacillus mycoides,,,"[医] 蕈状杆菌, 分支杆菌",,,,,0,0,,,
Bacillus mycoides roseus,,,"[医] 蔷薇色蕈状杆菌, 红色蕈状杆菌",,,,,0,0,,,
Bacillus mycoides ruber,,,[医] 赤色蕈状杆菌,,,,,0,0,,,
bacillus mycoids,,,蕈状桿菌,,,,,0,0,,,
bacillus natto,,,纳豆[芽孢]桿菌,,,,,0,0,,,
Bacillus neapolitanus,,,[医] 意南大肠杆菌(普通大肠杆菌),,,,,0,0,,,
Bacillus necrophorus,,,"[医] 坏死杆菌, 坏死放线菌",,,,,0,0,,,
Bacillus nitrificans,,,[医] 硝化菌,,,,,0,0,,,
Bacillus nitrosomonas,,,[医] 亚硝化单胞菌,,,,,0,0,,,
Bacillus nodosus parvus,,,[医] 小结节状杆菌,,,,,0,0,,,
Bacillus nubilus,,,[医] 雾状杆菌,,,,,0,0,,,
Bacillus ochraceus,,,[医] 赭色杆菌,,,,,0,0,,,
Bacillus oedematiens,,,"[医] 恶性水肿杆菌, 诺维氏[梭状芽胞]杆菌",,,,,0,0,,,
bacillus oedematis aerobicus,,,需气性水肿桿菌,,,,,0,0,,,
Bacillus oedematis maligni,,,恶性水肿杆菌,,,,,0,0,,,
bacillus oedematis thermophilus,,,嗜热性水肿桿菌,,,,,0,0,,,
bacillus of alopecia aretata,,,斑秃病桿菌,,,,,0,0,,,
bacillus of chyluria,,,乳糜尿桿菌,,,,,0,0,,,
bacillus of fish-lymph,,,鱼淋巴桿菌,,,,,0,0,,,
bacillus of lichen ruber,,,红色苔癣桿桿菌,,,,,0,0,,,
bacillus of meconium,,,胎粪桿菌,,,,,0,0,,,
bacillus of purpura haemorrhagica,,,出血性紫瘢桿菌,,,,,0,0,,,
bacillus of pyemia,,,脓血症桿菌,,,,,0,0,,,
bacillus of tricborrhexis nodosa,,,结节性发脆裂症桿菌,,,,,0,0,,,
Bacillus ovatus minutissimus,,,[医] 纤细卵性杆菌,,,,,0,0,,,
Bacillus ovatus parvus,,,[医] 小卵性杆菌,,,,,0,0,,,
Bacillus ovisepticus,,,[医] 羊败血杆菌,,,,,0,0,,,
Bacillus ovitoxicus,,,"[医] D型产气荚膜[梭状芽胞]杆菌, 魏氏D型梭状芽胞杆菌",,,,,0,0,,,
Bacillus ozaenae,,,[医] 臭鼻[克雷白氏]杆菌,,,,,0,0,,,
Bacillus ozogenes,,,"[医] 产臭杆菌, 恶臭埃希氏杆菌",,,,,0,0,,,
Bacillus paludis,,,"[医] C型产气荚膜[梭状芽胞]杆菌, 魏氏C型梭状芽胞杆菌",,,,,0,0,,,
Bacillus pandora,,,[医] 变形芽胞杆菌(为多粘芽胞杆菌之一变种),,,,,0,0,,,
bacillus paniflcans,,,面包桿菌,,,,,0,0,,,
Bacillus panis,,,[医] 面包杆菌,,,,,0,0,,,
Bacillus pantotrophus,,,"[医] 泛养杆菌, 全养氢丛毛杆菌",,,,,0,0,,,
Bacillus paraalvei,,,[医] 副蜂房杆菌,,,,,0,0,,,
Bacillus parabotulinus,,,[医] 副肉毒杆菌,,,,,0,0,,,
bacillus paracoli,,,副大肠菌,,,,,0,0,,,
bacillus paradoxus,,,矛盾桿菌,,,,,0,0,,,
Bacillus paradysenteriae,,,[医] 副痢疾[志贺氏]杆菌,,,,,0,0,,,
Bacillus paradysenteriae x,,,"[医] 副痢疾杆菌X, 不定志贺氏杆菌",,,,,0,0,,,
bacillus paradysenteriao,,,副痢疾桿菌,,,,,0,0,,,
Bacillus parasarcophysematos,,,"[医] 副气肿疽杆菌, 副鸣疽杆菌, 腐败弧菌",,,,,0,0,,,
Bacillus paratuberculosis,,,[医] 副结核[分支]杆菌,,,,,0,0,,,
Bacillus paratyphi abortus,,,"[医] 流产副伤寒杆菌, 羊流产沙门氏菌",,,,,0,0,,,
Bacillus paratyphosus,,,"[医] 副伤寒杆菌, 副伤寒沙门氏菌",,,,,0,0,,,
Bacillus paratyphosus A,,,"[医] 甲型副伤寒杆菌, 甲型副伤寒沙门氏菌",,,,,0,0,,,
Bacillus paratyphosus B,,,[医] 乙型副伤寒杆菌,,,,,0,0,,,
Bacillus paratyphosus C,,,[医] 丙型副伤寒杆菌,,,,,0,0,,,
Bacillus pasteurii,,,[医] 巴斯德氏芽胞杆菌,,,,,0,0,,,
Bacillus pastorianus,,,[医] 巴斯德氏乳杆菌,,,,,0,0,,,
Bacillus peptofaciens,,,[医] 产胨杆菌,,,,,0,0,,,
bacillus peptofaiens,,,产消化蛋白桿菌,,,,,0,0,,,
Bacillus perfringens,,,[医] 产气荚膜[梭状芽胞]杆菌,,,,,0,0,,,
Bacillus pertussis,,,[医] 百日咳[嗜血]杆菌,,,,,0,0,,,
Bacillus pestifer,,,[医] 运动型无色[杆]菌,,,,,0,0,,,
Bacillus pestis,,,[医] 鼠疫杆菌,,,,,0,0,,,
Bacillus pestis bubonicae,,,[医] 鼠疫杆菌,,,,,0,0,,,
Bacillus pfaffi,,,[医] 费夫氏痢疾杆菌,,,,,0,0,,,
Bacillus phasiani septicus,,,"[医] 山鸡败血杆菌, 鸡志贺氏菌",,,,,0,0,,,
Bacillus phlegmonis emphysematosae,,,[医] 产气荚膜[梭状芽胞]杆菌,,,,,0,0,,,
bacillus phosphorescens gelidus,,,寒冷燐光菌,,,,,0,0,,,
bacillus phosphoreus,,,燐桿菌,,,,,0,0,,,
Bacillus phosphorrescens,,,"[医] 磷光杆菌, 磷光假单胞菌",,,,,0,0,,,
Bacillus phosphorrescens gelidus,,,[医] 寒冷磷光杆菌,,,,,0,0,,,
bacillus piliformis,,,发状桿菌,,,,,0,0,,,
Bacillus plurisepticus,,,"[医] [禽]出血性败血杆菌, 禽败血性巴斯德氏菌",,,,,0,0,,,
Bacillus pluton,,,[医] 蜂蚴病菌,,,,,0,0,,,
Bacillus pneumoniae,,,"[医] 肺炎杆菌, 肺炎克雷白氏杆菌",,,,,0,0,,,
Bacillus pneumonicus agilis,,,[医] 运动性肺炎杆菌,,,,,0,0,,,
bacillus pneumonicus alilis,,,活泼性肺炎桿菌,,,,,0,0,,,
Bacillus pneumonicus cuniculi,,,[医] 家兔肺炎杆菌,,,,,0,0,,,
Bacillus pneumonicus liquefaciens,,,[医] 液化性肺炎杆菌,,,,,0,0,,,
Bacillus pneumosepticus,,,"[医] 肺炎杆菌, 肺炎克雷白氏杆菌",,,,,0,0,,,
Bacillus polymyxa,,,[医] 多粘芽胞杆菌,,,,,0,0,,,
Bacillus polypiformis,,,[医] 息肉状杆菌,,,,,0,0,,,
Bacillus popilliae,,,[医] 日本甲虫芽胞杆菌,,,,,0,0,,,
Bacillus prodigiosus,,,"[医] 灵菌, 粘质沙雷氏菌",,,,,0,0,,,
Bacillus proteus,,,[医] 变形杆菌,,,,,0,0,,,
Bacillus proteus fluorescens,,,[医] 萤光变形杆菌,,,,,0,0,,,
Bacillus proteus pergnancy test,,,[医] 变形杆菌妊娠试验(孕妇血清凝集变形杆菌OX-19),,,,,0,0,,,
Bacillus proteus vulgaris,,,[医] 普通变形杆菌,,,,,0,0,,,
Bacillus pseudo-pesteux,,,[医] 假鼠[类]疫杆菌,,,,,0,0,,,
Bacillus pseudo-tetanus,,,[医] 假破伤风[梭状芽胞]杆菌,,,,,0,0,,,
Bacillus pseudoconjunctivitidis,,,[医] 假结膜炎杆菌,,,,,0,0,,,
Bacillus pseudodiphthericus,,,[医] 假白喉[棒状]杆菌,,,,,0,0,,,
Bacillus pseudodysenteriae,,,[医] 假痢疾杆菌,,,,,0,0,,,
Bacillus pseudoedematis,,,[医] 假水肿杆菌,,,,,0,0,,,
Bacillus pseudoinfluenzae,,,[医] 假流行性感冒杆菌,,,,,0,0,,,
Bacillus pseudomallei,,,[医] 假鼻疽杆菌,,,,,0,0,,,
bacillus pseudoosepticus,,,假败血症桿菌,,,,,0,0,,,
bacillus pseudopestis murium,,,鼠类假疫桿菌,,,,,0,0,,,
Bacillus pseudopneumonicus,,,[医] 假肺炎杆菌,,,,,0,0,,,
Bacillus pseudosepticus,,,[医] 假败血杆菌,,,,,0,0,,,
bacillus pseudotetanicus,,,假破伤风桿菌,,,,,0,0,,,
Bacillus pseudotuberculosis,,,[医] 啮齿动物假结核杆菌,,,,,0,0,,,
Bacillus pseudotuberculosis caniculis,,,[医] 家兔假结核杆菌,,,,,0,0,,,
bacillus pseudotuberculosis murium,,,鼠类假性结核桿菌,,,,,0,0,,,
Bacillus pseudotuberculosis rodentium,,,"[医] 啮齿动物假结核杆菌, 假结核性巴斯德氏菌",,,,,0,0,,,
Bacillus pseudotyphosue,,,[医] 假伤寒杆菌,,,,,0,0,,,
Bacillus psittacosis,,,[医] 鹦鹉[沙门氏]杆菌,,,,,0,0,,,
Bacillus psuedoanthracis,,,"[医] 假炭疽杆菌, 巨大芽胞杆菌",,,,,0,0,,,
Bacillus puerperalis,,,[医] 产褥热杆菌,,,,,0,0,,,
Bacillus pullorum,,,[医] 鸡瘟[沙门氏]杆菌,,,,,0,0,,,
bacillus pulpae pyogenes,,,酿脓性齿髓桿菌,,,,,0,0,,,
Bacillus pulpae-pyogenes,,,[医] 髓性牙槽脓杆菌,,,,,0,0,,,
Bacillus pumilus,,,[医] 短小芽胞杆菌,,,,,0,0,,,
Bacillus punctatus,,,[医] 多点杆菌,,,,,0,0,,,
Bacillus putrificus,,,[医] 缓腐[梭状芽胞]杆菌,,,,,0,0,,,
Bacillus putrificus tenuis,,,[医] 弱腐败杆菌,,,,,0,0,,,
Bacillus pyocyaneus,,,"[医] 绿脓杆菌, 绿脓假单胞菌",,,,,0,0,,,
Bacillus pyogenes,,,[医] 化脓[棒状]杆菌,,,,,0,0,,,
Bacillus pyogenes cerevisiae,,,[医] 啤酒酿脓杆菌,,,,,0,0,,,
Bacillus pyogenes foetidus,,,"[医] 腐臭酿脓杆菌, 酿脓性埃氏杆菌",,,,,0,0,,,
Bacillus pyogenes minutissimus,,,[医] 纤小酿脓杆菌,,,,,0,0,,,
Bacillus pyogenes soli,,,[医] 土壤脓杆菌,,,,,0,0,,,
Bacillus pyosepticus,,,"[医] [马]脓性腐败杆菌, 马肾炎志贺氏菌",,,,,0,0,,,
Bacillus radiatus,,,[医] 放线状杆菌,,,,,0,0,,,
Bacillus radicicola,,,[医] 根瘤杆菌,,,,,0,0,,,
Bacillus radicosus,,,[医] 根杆菌,,,,,0,0,,,
Bacillus ramosus,,,"[医] 分支杆菌, 蕈状杆菌",,,,,0,0,,,
Bacillus ranicida,,,[医] 杀蛙杆菌,,,,,0,0,,,
Bacillus rattus,,,[医] 毒鼠杆菌,,,,,0,0,,,
Bacillus reading,,,[医] 里丁[沙门氏]杆菌,,,,,0,0,,,
Bacillus renalis bovis,,,[医] 牛肾[棒状]杆菌,,,,,0,0,,,
Bacillus reticularis,,,[医] 网状杆菌,,,,,0,0,,,
Bacillus rettgeri,,,[医] 雷特格氏杆菌,,,,,0,0,,,
bacillus rheumatarthritidis,,,关节风湿症桿菌,,,,,0,0,,,
Bacillus rhinitis,,,[医] 鼻炎杆菌,,,,,0,0,,,
Bacillus rhinoscleromatis,,,[医] 鼻硬结[克雷白氏]杆菌,,,,,0,0,,,
Bacillus rhusiopathiae suis,,,[医] 猪丹毒杆菌,,,,,0,0,,,
Bacillus rickettsiformis,,,[医] 立克次氏体状杆菌,,,,,0,0,,,
Bacillus robustus,,,[医] 坚韧芽胞杆菌,,,,,0,0,,,
Bacillus rubidus,,,[医] 红色[乳酪]杆菌,,,,,0,0,,,
Bacillus ruminatus,,,[医] 反刍类杆菌,,,,,0,0,,,
Bacillus saccharobutyricus,,,[医] 糖酪杆菌,,,,,0,0,,,
Bacillus salivae minutissimus,,,[医] 纤小涎杆菌,,,,,0,0,,,
Bacillus sanguinarius,,,"[医] 禽伤寒杆菌, 鸡志贺氏菌",,,,,0,0,,,
bacillus sanguinis typhi,,,伤寒血液桿菌,,,,,0,0,,,
Bacillus saprogenes,,,[医] 生腐杆菌,,,,,0,0,,,
bacillus saprogenes vini,,,酒生腐桿菌,,,,,0,0,,,
bacillus saprogens,,,日本酒腐败桿菌,,,,,0,0,,,
Bacillus sardinae,,,[医] 渔民沙雷氏杆菌,,,,,0,0,,,
bacillus satellitis,,,伴卫桿菌,,,,,0,0,,,
Bacillus satellitus,,,[医] 拌卫杆菌,,,,,0,0,,,
Bacillus schottmu lleri,,,"[医] 肖特苗勒氏[沙门氏]菌, 乙型副伤寒杆菌",,,,,0,0,,,
bacillus seasami malk.,,,胡麻黑枯病菌,,,,,0,0,,,
Bacillus seborrhoeae,,,[医] 溢脂症杆菌,,,,,0,0,,,
Bacillus septatus,,,[医] 有隔膜杆菌,,,,,0,0,,,
Bacillus septicaemiae,,,[医] 败血[症]杆菌,,,,,0,0,,,
Bacillus septicaemiae haemorrhagicae,,,"[医] 出血性败血杆菌, 禽败血性巴斯德氏菌",,,,,0,0,,,
Bacillus septicus,,,[医] 败血[梭状芽胞]杆菌,,,,,0,0,,,
Bacillus septicus acuminatus,,,"[医] 尖型败血杆菌, 兔败血性巴斯德氏菌",,,,,0,0,,,
bacillus septicus keratomalaciae,,,化角性败血桿菌,,,,,0,0,,,
bacillus septicus sputi,,,痰唾败血桿菌,,,,,0,0,,,
Bacillus septicus sputigenus,,,"[医] 生痰败血杆菌, 肺炎双球菌",,,,,0,0,,,
Bacillus septicus ulceris gangraenosi,,,[医] 坏疽败血杆菌,,,,,0,0,,,
Bacillus septus,,,[医] 分隔杆菌,,,,,0,0,,,
Bacillus serofaciens,,,[医] 浆液化杆菌,,,,,0,0,,,
Bacillus serpens,,,"[医] 匐行类杆菌, 匐行性微小杆菌",,,,,0,0,,,
Bacillus shigae,,,[医] 志贺氏痢疾杆菌,,,,,0,0,,,
Bacillus simplex,,,[医] 单纯杆菌,,,,,0,0,,,
Bacillus smaragdinus foetidus,,,"[医] 恶臭碧色杆菌, 闪绿色假单胞菌",,,,,0,0,,,
Bacillus smaragdinus phosphorescens,,,[医] 磷光碧色杆菌,,,,,0,0,,,
Bacillus smegmatis,,,[医] 包皮垢[分支]杆菌,,,,,0,0,,,
Bacillus solanacearum,,,[医] 茄杆菌,,,,,0,0,,,
bacillus solaniperdus migula,,,马铃薯湿腐病菌,,,,,0,0,,,
Bacillus solidus,,,[医] 坚实杆菌,,,,,0,0,,,
Bacillus sphaericus,,,[医] 圆形芽胞杆菌,,,,,0,0,,,
Bacillus sphenoides,,,[医] 楔状[梭状芽胞]杆菌,,,,,0,0,,,
Bacillus spongiosus,,,[医] 海绵状杆菌,,,,,0,0,,,
Bacillus sporogenes,,,[医] 产孢子[梭状芽胞]杆菌,,,,,0,0,,,
Bacillus sporogenes cadaveris,,,"[医] 尸体产芽胞杆菌, 腐败杆菌",,,,,0,0,,,
Bacillus sputigenus,,,"[医] 生痰杆菌, 痰弧菌",,,,,0,0,,,
Bacillus sputigenus crassus,,,[医] 肥生痰杆菌,,,,,0,0,,,
Bacillus sputigenus tenuis,,,[医] 弱生痰杆菌,,,,,0,0,,,
bacillus stearothermophilus,,,脂肪嗜热[芽孢]桿菌,,,,,0,0,,,
Bacillus stolonatus,,,[医] 葡枝杆菌,,,,,0,0,,,
Bacillus striatus albus,,,[医] 白纹杆菌,,,,,0,0,,,
Bacillus striatus flavus,,,[医] 黄纹杆菌,,,,,0,0,,,
Bacillus subflavus,,,[医] 浅黄色杆菌,,,,,0,0,,,
Bacillus subtilis,,,[医] 枯草杆菌,,,,,0,0,s:bacillus subtiliss,,
bacillus subtilis ehrenberg,,,枯草桿菌,,,,,0,0,,,
bacillus subtiliss,,,Bacillus subtilis\n【微生物】枯草杆菌,,,,,0,0,0:bacillus subtilis/1:s,,
Bacillus subtillis,,,枯草芽胞杆菌,,,,,0,0,,,
bacillus subtills,,,[机] 干草杆菌,,,,,0,0,,,
Bacillus subtuberculosis,,,[医] 次结核杆菌,,,,,0,0,,,
Bacillus suipestifer,,,[医] 猪霍乱[沙门氏]杆菌,,,,,0,0,,,
Bacillus suis,,,[医] 猪疫杆菌,,,,,0,0,,,
bacillus sulfhydrogenus,,,产硫化氢桿菌,,,,,0,0,,,
bacillus sulfureus,,,硫黄色桿菌,,,,,0,0,,,
Bacillus sulph-hydrogenus,,,[医] 产硫化氢杆菌,,,,,0,0,,,
Bacillus sulphureus,,,[医] 硫黄色杆菌,,,,,0,0,,,
Bacillus superficialis,,,[医] 表面杆菌,,,,,0,0,,,
Bacillus sycosiferus,,,[医] 须疮杆菌,,,,,0,0,,,
bacillus sycosiferus foetidus,,,臭须疮桿菌,,,,,0,0,,,
Bacillus tartaricus,,,[医] 酒石酸杆菌,,,,,0,0,,,
Bacillus termo,,,[医] 变形杆菌,,,,,0,0,,,
Bacillus tetani,,,[医] 破伤风[梭状芽胞]杆菌,,,,,0,0,,,
Bacillus tetanomorphus,,,"[医] 破伤风菌状杆菌, 破伤风形梭状芽胞杆菌",,,,,0,0,,,
Bacillus tetragenus,,,[医] 四联杆菌,,,,,0,0,,,
Bacillus thermoalimentophilus,,,[医] 嗜热饵芽胞杆菌,,,,,0,0,,,
Bacillus thermoamylolyticus,,,[医] 嗜热淀粉溶解芽胞杆菌,,,,,0,0,,,
Bacillus thermodiastaticus,,,[医] 嗜热淀粉分解芽胞杆菌,,,,,0,0,,,
Bacillus thermoliquefaciens,,,[医] 嗜热液化性芽胞杆菌,,,,,0,0,,,
Bacillus thermononliquefaciens,,,[医] 嗜热非液化性杆菌,,,,,0,0,,,
Bacillus thermophilus,,,[医] 嗜热杆菌,,,,,0,0,,,
Bacillus thermotranslucens,,,[医] 嗜热透明性芽胞杆菌,,,,,0,0,,,
Bacillus thurigiensis Berliner,,,苏云金杆菌,,,,,0,0,,,
Bacillus thuringiensis,,,[化] 苏云金芽孢杆菌,,,,,0,0,,,
bacillus thuringiensis israelensis,,,苏力菌以色列亚种；苏云金芽孢桿菌以色列亚种,,,,,0,0,,,
bacillus thuringiensis kurstaki,,,苏力菌库斯克亚种；苏云金芽孢桿菌库尔斯克亚种,,,,,0,0,,,
Bacillus tremulus,,,[医] 振颤杆菌,,,,,0,0,,,
Bacillus tuber,,,[医] 结节杆菌,,,,,0,0,,,
Bacillus tuberculosis,,,"[医] 人[型]结核杆菌, 人[型]结核分支杆菌",,,,,0,0,,,
bacillus tuberculosis angnum,,,蜥蜴结核桿菌,,,,,0,0,,,
Bacillus tuberculosis bovis,,,[医] 牛[型]结核[分支]杆菌,,,,,0,0,,,
Bacillus tuberculosis gallinarum,,,[医] 鸡[型]结核杆菌,,,,,0,0,,,
Bacillus tuberculosis piscium,,,"[医] 鱼[型]结核杆菌, 鱼分支杆菌",,,,,0,0,,,
Bacillus tuberculosis ranieida,,,[医] 蛙[型]结核杆菌,,,,,0,0,,,
Bacillus tuberculosis typus humanus,,,"[医] 人[型]结核杆菌, 人[型]结核分枝杆菌",,,,,0,0,,,
Bacillus tularensis,,,"[医] 土拉热杆菌, 土拉巴斯德氏菌",,,,,0,0,,,
Bacillus tumescens,,,[医] 剧臭杆菌,,,,,0,0,,,
Bacillus typhi,,,[医] 伤寒[沙门氏]杆菌,,,,,0,0,,,
bacillus typhi exanthematici,,,发疹伤寒桿菌,,,,,0,0,,,
Bacillus typhi murium,,,[医] 鼠伤寒[沙门氏]杆菌,,,,,0,0,,,
bacillus typhimurium,,,鼠类伤寒桿菌,,,,,0,0,,,
Bacillus typhisuis,,,[医] 猪伤寒[沙门氏]杆菌,,,,,0,0,,,
Bacillus tyrosinogenes,,,[医] 产酪氨酸杆菌,,,,,0,0,,,
Bacillus ulceris cancrosi,,,"[医] 软下疳杆菌, 杜克雷氏[嗜血]杆菌",,,,,0,0,,,
Bacillus ulceris mollis,,,[医] 软下疳杆菌,,,,,0,0,,,
bacillus ulna,,,尺骨状桿菌,,,,,0,0,,,
bacillus urinae,,,尿桿菌,,,,,0,0,,,
Bacillus vaginalis,,,[医] 阴道杆菌,,,,,0,0,,,
Bacillus variabilis,,,[医] 变异性微小杆菌,,,,,0,0,,,
Bacillus varicosus conjunctivae,,,[医] 结膜静脉肿杆菌,,,,,0,0,,,
bacillus vascularis,,,血管桿菌,,,,,0,0,,,
Bacillus venenosus,,,[医] 毒杆菌,,,,,0,0,,,
Bacillus venenosus brevis,,,[医] 短毒杆菌,,,,,0,0,,,
Bacillus venenosus invisibilis,,,[医] 难视毒杆菌,,,,,0,0,,,
Bacillus venenosus liquefaciens,,,[医] 液化毒杆菌,,,,,0,0,,,
Bacillus ventriculi canis,,,[医] 犬胃杆菌,,,,,0,0,,,
Bacillus vermiculosus,,,[医] 蚓状杆菌,,,,,0,0,,,
Bacillus vincenti,,,[医] 牙梭形杆菌,,,,,0,0,,,
Bacillus violaceus,,,"[医] 堇色杆菌, 青紫色素杆菌",,,,,0,0,,,
Bacillus virescens,,,[医] 绿萤光杆菌,,,,,0,0,,,
Bacillus viridulus,,,[医] 草绿色芽胞杆菌,,,,,0,0,,,
Bacillus viscosus,,,"[医] 稠性杆菌, 萤光假单胞菌",,,,,0,0,,,
Bacillus wehmeri,,,[医] 布赫内氏乳杆菌,,,,,0,0,,,
Bacillus welchii,,,"[医] 产气荚膜[梭状芽胞]杆菌, 魏氏梭状芽胞杆菌",,,,,0,0,,,
Bacillus whitmori,,,[医] 假鼻疽杆菌,,,,,0,0,,,
Bacillus xanthinum,,,"[医] 成黄杆菌, 产黄假单胞菌",,,,,0,0,,,
Bacillus xerosis,,,[医] 干燥[棒状]杆菌,,,,,0,0,,,
Bacillus xerosis conjunctivae,,,[医] 结膜干燥杆菌,,,,,0,0,,,
Bacillus xylinus,,,[医] 木醋杆菌,,,,,0,0,,,
Bacillus xylophagus,,,[医] 噬木糖杆菌,,,,,0,0,,,
Bacillus yersini,,,"[医] 鼠疫杆菌, 鼠疫巴斯德氏菌",,,,,0,0,,,
bacillus zeae (burrill) come,,,玉蜀黍烧病菌,,,,,0,0,,,
Bacillus zenkeri,,,[医] 岑克尔氏[库氏]杆菌,,,,,0,0,,,
Bacillus zopfii,,,[医] 佐普夫氏[库氏]杆菌,,,,,0,0,,,
bacillus(p1.bacilli),,,桿菌,,,,,0,0,,,
bacillus(pl. bacilli),,,桿菌,,,,,0,0,,,
bacillus(pl.bacilli),,,桿菌,,,,,0,0,,,
bacilluss,bə'sɪləs,,"bacillus\n[bə'siləs]\nn.\n【微生物】\n芽孢杆菌[杆菌属(Bacillus)形成孢子的杆状菌]\n杆菌[略作 B.]\n杆状菌[区别于coccus, spirillum]\n[通常为复数](泛指)细菌；(尤指)病菌\n有害的人(或物)\n变形：\nn.\nbacilli",,,,,0,0,0:bacillus/1:s,,
bacilomyxin,,,芽孢菌粘素,,,,,0,0,,,
bacilus,bәˊsilәs,,"n. 细菌,桿状菌,桿菌",,,,,0,0,,,
bacilysin,,,n. 溶杆菌素\n[化] 芽胞菌溶素; 杆菌溶素,,,,,0,0,,,
bacimethrin,,,[化] 巨大杆菌素\n[医] 巨大杆菌素,,,,,0,0,,,
bacin,,,[网络] 培根,,,,,0,0,,,
Bacina,,,[地名] 巴契纳 ( 塞尔 ),,,,,0,0,,,
bacinet,,,[网络] 杆菌,,,,,0,0,,,
bacinets,,,[网络] 杆菌,,,,,0,0,,,
bacino,,, [人名] 巴西诺,,,,,0,0,,,
bacio,,,[网络] 榛果巧克力；葩琪；天使之吻,,,,,0,0,,,
baciphelacin,,,桿霉素,,,,,0,0,,,
bacitracin,",bæsi'treisn",n. a polypeptide antibiotic of known chemical structure effective against several types of Gram-positive organisms; usually applied locally,n. 杆菌肽\n[化] 杆菌肽,,,,,0,0,s:bacitracins,,
bacitracin methylenedisalicylic acid,,,[化] 亚甲基双水杨酸杆菌肽,,,,,0,0,,,
bacitracin Ointment,,,[医] [枯草]杆菌肽软膏,,,,,0,0,,,
bacitracins,",bæsɪ'treɪsɪn",,n. [微] 杆菌肽,,,,,0,0,0:bacitracin/1:s,,
back,bæk,n. the posterior part of a human (or animal) body from the neck to the end of the spine\nn. the part of something that is furthest from the normal viewer\nn. (football) a person who plays in the backfield\nn. the part of a garment that covers the back of your body,"a. 后面的\nvt. 使后退, 支持\nvi. 倒退, 背靠\nadv. 向后地\nn. 背部, 后面",r:71/v:3/j:2/n:24,5,1,zk gk ielts,105,108,d:backed/s:backs/p:backed/i:backing/3:backs,,
back - seat driver,,,n. 爱管闲事的人；〈俚〉不断对司机指手画脚的人\n[网络] 后座驾驶员；多管闲事的人；后座司机,,,,,0,0,,,
back - up battery,,,[网络] 备份电池,,,,,0,0,,,
back - up copy,,,[网络] 副本；洗发露；急不及待的三分钟,,,,,0,0,,,
back - up system,,,un. 备用系统；后备系统\n[网络] 职务代理；支援系统之建立,,,,,0,0,,,
back ... up,,,na. 支持；堵塞；【棒球】抢救后方；【计算机】把(文件等备份)\n[网络] 倒退；后退；援助,,,,,0,0,,,
back a bill,,,在票据的背面签字,,,,,0,0,,,
back a chain,,,un. 锚链加绑缆\n[网络] 锚链上加绑缆,,,,,0,0,,,
back a check,,,[经] 背书支票,,,,,0,0,,,
back a cheque,,,负责付款,,,,,0,0,,,
back a horse,,,(在赛马等竞赛中)下赌注；参加指望成功的事业,,,,,0,0,,,
back a note,,,签名于票据背面,,,,,0,0,,,
back a sail,,,na. 转帆使船缓进\n[网络] 将帆顶风,,,,,0,0,,,
back a winner,,,从事必将获得成功的事业;经营必将赚大钱的企业 进行必将大为有利的冒险,,,,,0,0,,,
back accent,,,背部印有精制图案的时装,,,,,0,0,,,
back ache,,,背痛,,,,,0,0,,,
back acknowledge,,,还回应答,,,,,0,0,,,
back across,,,[网络] 后背宽；后背宽网络英语资源,,,,,0,0,,,
back acter,,,【采矿】反铲,,,,,0,0,,,
back action,,,反作用;倒挡;倒转,,,,,0,0,,,
back action haymaker,,,un. 干草翻动机,,,,,0,0,,,
back action lock,,,反作用锁,,,,,0,0,,,
back again,,,回到原地,,,,,0,0,,,
back against,,,支持反对,,,,,0,0,,,
back against the wall,,,"背山面水,山穷水尽,背水一战,危机四伏",,,,,0,0,,,
back against(on to),,,"背朝着,和…为邻",,,,,0,0,,,
back alley,bæk ˈæli,, 单打端线和双打端线之间的长地带,,,,,0,0,,,
back alley news,,,小道消息?,,,,,0,0,,,
back alleys,,,[网络] 狡猾的手段,,,,,0,0,,,
back alleyway,,,[网络] 后巷,,,,,0,0,,,
back alleyways,,,[网络] 巷弄里的城市角落,,,,,0,0,,,
back altitude,,,[网络] 过天顶高度,,,,,0,0,,,
back ampere turns,,,[电] 反安匝数,,,,,0,0,,,
back ampere-turn,,,反作用安匝;逆向安匝数,,,,,0,0,,,
back ampere-turns,,,反安匝,,,,,0,0,,,
back an anchor,,,na. 抛副锚\n[网络] 抛串联锚；增下串联锚,,,,,0,0,,,
back analysis,,,反分析,,,,,0,0,,,
back anchor,,,副锚,,,,,0,0,,,
back and belly,,,"背与腹, 衣食",,,,,0,0,,,
back and breast,,,ᰀ(17世纪的)战甲,,,,,0,0,,,
back and edge,,,"完全,总共;全力以赴",,,,,0,0,,,
back and fill,,,"前进时帆忽张忽缩, 出尔反尔",,,,,0,0,,,
back and fill to,,,看风驶帆；顺帆；逆风抢风,,,,,0,0,,,
back and forth,,,来回地,,,,,0,0,,,
back and forth construction,,,进退构造,,,,,0,0,,,
back and forth method,,,往返法,,,,,0,0,,,
back and forths,,,back and forth\n来来往往地\n(前后)来回(地)；来来往往地；交互地；反复地；翻来覆去地,,,,,0,0,,,
back and forward,,,同上条,,,,,0,0,,,
back and forward motion,,,往复运动,,,,,0,0,,,
back and leg dynamometer,,,背腿测力器,,,,,0,0,,,
back and side,,,完毕;完全;排除万难,,,,,0,0,,,
back and stopping trial,,,[网络] 倒车及停航试验；倒车及停车试验,,,,,0,0,,,
back angle,,,"反方位角,后视方位角;后角",,,,,0,0,,,
back angle of scattering,,,反向散射,,,,,0,0,,,
back anno,,,反向预报；欠款通知,,,,,0,0,,,
back annotation,bæk,, [计]倒回注释,,,,,0,0,,,
back announce,,,翻新宣佈；后面宣佈,,,,,0,0,,,
back answer,,,[网络] 回嘴,,,,,0,0,,,
back answers,,,不留情面的尖锐答复,,,,,0,0,,,
back arc,,,[电] 回弧,,,,,0,0,,,
back arc area,,,弧后地区,,,,,0,0,,,
back arc basin,,,【航海学】弧后盆地,,,,,0,0,,,
back arc spreading,,,弧后扩张,,,,,0,0,,,
back arc subduction,,,"弧后隐没，弧后俯冲, 弧后隐没；弧后俯冲",,,,,0,0,,,
back arch,,,"八字砖,盖板砖",,,,,0,0,,,
back area,,,[网络] 后区；后场区；背部区域,,,,,0,0,,,
back around,,,风向反转,,,,,0,0,,,
back asswards,,"adj.\r\n\r\nVery nonsensical... to the point of confusion.\r\n\r\nSo completely and utterly the opposite of what should be that trying to think or explain it creates a mental paradox.\n> His explanation of ""why we are winning the war on drugs"" was so backasswards that I completely blacked out.\n> The legal system is very structured, but in the wrong way.  It is so structured that it actually hurts the very person it should try to help: the litte guy.  That is backasswards.\n",,,,,,0,0,,,
back astern,,,倒驶,,,,,0,0,,,
back at one,,,[网络] 回到原点；数不完的爱；梦想成真,,,,,0,0,,,
back at square one,,,[口]回到原来的起点;回复原状,,,,,0,0,,,
back at the farm,,,言归正传,,,,,0,0,,,
back at you,,,[网络] 我挺你,,,,,0,0,,,
back away,,,逐渐后退,,,,,0,0,,,
back away (from),,,(由于恐惧或厌恶等)往后退，逐渐后退，(使)后退，逐渐撤回；退让；避开(某人)，从…躲开，慢慢退回去；退缩；退却；不愿考虑(意见),,,,,0,0,,,
back away from,,,从…躲开,,,,,0,0,,,
back axle,,,"后车轴,后桥(汽车)",,,,,0,0,,,
back azimuth,,,"反方位角,后向角(增或减180°)",,,,,0,0,,,
back bacon,,,= Canadian bacon,,,,,0,0,,,
back balance,,,后平衡;轮子坡;平衡锤;平衡块;平衡重,,,,,0,0,,,
back band,,,背圈,,,,,0,0,,,
back bar,,,(石工中的)水平吊杆;(炮车)后扶手,,,,,0,0,,,
back barrier complex,,,障壁后复合体,,,,,0,0,,,
back bay,,,后湾,,,,,0,0,,,
back beach,,,滨后滩,,,,,0,0,,,
back bead,,,背面焊道[缝],,,,,0,0,,,
back beam,,,"后射波束, 经轴；后樑",,,,,0,0,,,
back bearing,,,反象限角,,,,,0,0,,,
back bearing box,,,[机] 后轴箱,,,,,0,0,,,
back beat,'bækbiːt,,n. 基调强节奏,,,,,0,0,,,
back beats,'bækbiːt,,n. 基调强节奏,,,,,0,0,,,
back belt,,,倒车皮带,,,,,0,0,,,
back bench,,," （英国下院及其他某些国家议会的）后座议员席, 普通议员席",,,,,0,0,,,
back bencher,,,[法] 后座议员,,,,,0,0,,,
back benches,,,(英国议员中的)后排席位;普通议员席位,,,,,0,0,,,
back bend,bæk bend,, [医]后曲,,,,,0,0,,,
back bend molding,,,一种边向后弯曲的油画外框,,,,,0,0,,,
back bending,,,回弯,,,,,0,0,,,
back bevel,,,后斜面,,,,,0,0,,,
back bevel angles,,,后斜角,,,,,0,0,,,
back bias,,,[电] 反偏压,,,,,0,0,,,
back bias circuit,,,反馈偏压电路,,,,,0,0,,,
back bias voltage,,,反向偏压,,,,,0,0,,,
back biasing,,,反偏压,,,,,0,0,,,
back biter,"'bæk,baɪtɚ",,n. 背后诽谤者,,,,,0,0,,,
back biters,"'bæk,baɪtɚ",,n. 背后诽谤者,,,,,0,0,,,
back blade,,,[机] 副叶片,,,,,0,0,,,
back blading,,,(涡轮机的)倒车叶片装置,,,,,0,0,,,
back blast,,,反向爆炸;废气冲击,,,,,0,0,,,
back blocks,,,na. 偏僻的牧场；(都市中)贫民窟,,,,,0,0,,,
back blow,,,"反冲,(枪炮的)反座",,,,,0,0,,,
back board,,,na. 后板；(篮球架上的)篮板；脊椎矫正板\n[网络] 背板；靠板；底板,,,,,0,0,,,
back boarding,,,[化] 搓软; 皮革搓软,,,,,0,0,,,
back body,,,[服装] 外衣罩后身,,,,,0,0,,,
back boiler,,,家用热水炉,,,,,0,0,,,
back bolting,,,顶板杆柱支护,,,,,0,0,,,
back bond,,,"[经] 反担保, 退还担保",,,,,0,0,,,
back bonding,,,[化] 反馈键,,,,,0,0,,,
back bone,,,[医] 脊柱,,,,,0,0,,,
back boom,,,[机] 反铲臂,,,,,0,0,,,
back born wire,,,反生线,,,,,0,0,,,
back bottom roller,,,后下罗拉,,,,,0,0,,,
back boundary cell,,,[电] 后膜光电管,,,,,0,0,,,
back boxing,,,【建筑学】 = back lining,,,,,0,0,,,
back brace,bæk breis,, 后撑,,,,,0,0,s:back braces,,
back braces,,, [医]背支架,,,,,0,0,0:back brace/1:s,,
back bracing,,,反斜撑,,,,,0,0,,,
back bracket,,,背肘板,,,,,0,0,,,
back brake,,,后闸,,,,,0,0,,,
back break,,,(爆破孔的)背面裂断,,,,,0,0,,,
back breaker,"'bæk,breɪkə",,n. 艰苦的工作；工作勤奋的人,,,,,0,0,s:back breakers,,
back breakers,"'bæk,breɪkə",,n. 艰苦的工作；工作勤奋的人,,,,,0,0,0:back breaker/1:s,,
back bridge relay,,,反桥接继电器,,,,,0,0,,,
back bridge wall,,,挡烟桥;火桥,,,,,0,0,,,
back brusher,,,后退扩顶工,,,,,0,0,,,
back buffer,,,[网络] 后置缓冲；后台缓存；后台缓冲区,,,,,0,0,,,
back bulb,,,背生鳞茎;衰老球根,,,,,0,0,,,
back burn,,,un. 迎火\n[网络] 迎面火,,,,,0,0,,,
back burner,,,保留之物;在制作中,,,,,0,0,s:back burners,,
back burners,,,次要地位；多眼炉子的后炉眼,,,,,0,0,0:back burner/1:s,,
back button,,,后退按钮,,,,,0,0,,,
back buzzer,,,[机] 逆转砂轮,,,,,0,0,,,
back calculate,,,进行倒退测算,,,,,0,0,,,
back calculation,,,倒退测算(一种推算血液中酒精含量变化的方法，用以确定那些在检查时酒精含量低于法定限度的人是否有可能在这之前驾车时其酒精含量曾超出法定限度),,,,,0,0,,,
back cam,,,后偏心盘,,,,,0,0,,,
back camber,,,un. 叶背拱度\n[网络] 叶背面拱度；叶背拱高,,,,,0,0,,,
back cap,,,后盖,,,,,0,0,,,
back cap and quadrant tap bolt,,,后盖及齿节弧形板,,,,,0,0,,,
"back cap, back-cap","'bæk,kæp",,[美国俚语]\nn. 毁谤，中伤，说坏话\nvt. 毁谤，中伤，说…的坏话,,,,,0,0,,,
back carbon,,,反面印复写墨,,,,,0,0,,,
back cargo,,,(船只等载运的)归程货物,,,,,0,0,,,
back carry race,,,背负赛跑,,,,,0,0,,,
back catalog,,,[网络] 有发行已久的唱片；藏量丰富的片藏,,,,,0,0,,,
back catalogue,bæk ˈkætəlɔɡ,,"n. （歌手等的）以往歌曲目录, 过往作品",,,,,0,0,,,
back catalogues,,,[网络] 唱片公司偏向发行先前专辑,,,,,0,0,,,
back catch,,,门后钩,,,,,0,0,,,
back cavitation,,,背空化,,,,,0,0,,,
back cavity,,,后腔,,,,,0,0,,,
back center,bæk ˈsentə,, [体]后排中; 后顶针,,,,,0,0,,,
back centre,,,(车床的)尾顶尖,,,,,0,0,,,
back chaining,,,反鍊接,,,,,0,0,,,
back channel,bæk ˈtʃænl,, [计]反向信道,,,,,0,0,s:back channels,,
back channels,,,反向通道；反向信道；背后通道,,,,,0,0,0:back channel/1:s,,
back character,,,[计] 退格控制字符,,,,,0,0,,,
back charge,,,[经] 决算后各种费用,,,,,0,0,,,
back charges,,,入帐后所加之价,,,,,0,0,,,
"back chat, backchat","'bæk,tʃæt",,n. [口语]；；机智的谈话(或对答)；妙语\nvi. 顶嘴，回嘴，顶撞；机敏地应答；机智的辩驳,,,,,0,0,,,
back check,,,接点落下检查,,,,,0,0,,,
back check cloth,,,[纺] 隐条厚织物,,,,,0,0,,,
back chipping,,,[化] 铲焊根; 背面錾平,,,,,0,0,,,
back chroming,,,铬媒后处理,,,,,0,0,,,
back circle,,,[网络] 向后画圆,,,,,0,0,s:back circles,,
back circles,,,[网络] 背部旋转推按法,,,,,0,0,0:back circle/1:s,,
back clamping,,,反向箝位,,,,,0,0,,,
back cleaning,,,后清洗,,,,,0,0,,,
back clearance,,,背隙(螺纹),,,,,0,0,,,
back clearance angle,,,[机] 副后角,,,,,0,0,,,
back clevice,,,"后连接环,后连接叉,后连接钩",,,,,0,0,,,
back clip for reed cap,,,筘帽后夹木,,,,,0,0,,,
back clipping,,,"【语言学】词尾截除缩写(或缩略)法(如 bicycle 截去词尾缩略成 bike)[亦作 hind clipping, 参较 apocope, clipped form, fore clipping]",,,,,0,0,,,
back clipping plane,,,后剪平面,,,,,0,0,,,
back cloth,,,背景幕,,,,,0,0,,,
back cloth batten,,,背幕吊桿,,,,,0,0,,,
back coal,,,[矿业] 矿自用煤,,,,,0,0,,,
back coat,bæk kəut,, 底面涂层,,,,,0,0,,,
back coating,,,背涂层,,,,,0,0,,,
back cock,,,反向板机,,,,,0,0,,,
back coil,,,后圈,,,,,0,0,,,
back column,,,后柱,,,,,0,0,,,
back combing drum,,,后梳滚筒,,,,,0,0,,,
back combustion,,,反向火攻,,,,,0,0,,,
back coming,,,倒立蓬松式发型,,,,,0,0,,,
back component,,,背圆锥距离（齿轮）,,,,,0,0,,,
back concentric bend,,,后短轨,,,,,0,0,,,
back conductance,,,(晶体)反向电导,,,,,0,0,,,
back conductance ratio,,,反向电导率,,,,,0,0,,,
back cone,,,(锥齿轮)背锥,,,,,0,0,,,
back cone angle,,,背锥角,,,,,0,0,,,
back cone distance,,,背锥距离,,,,,0,0,,,
back cone radius,,,背圆锥半径,,,,,0,0,,,
back cone tooth profile,,,背锥齿廓,,,,,0,0,,,
back cone( normal cone),,,背圆锥,,,,,0,0,,,
back connected fuse,,,后接熔断器；后接熔线,,,,,0,0,,,
back connected instrument,,,头在背面的仪表,,,,,0,0,,,
back connected switch,,,面接线的开关,,,,,0,0,,,
back connecting rod,,,(转辙器)后连接杆,,,,,0,0,,,
back connection,,,[电] 背部接线,,,,,0,0,,,
back connection type,,,背面连接式,,,,,0,0,,,
back connection type instrument,,,背面连接式仪器,,,,,0,0,,,
back contact,,,[电] 后部触点,,,,,0,0,,,
back contact proving,,,后接点检验,,,,,0,0,,,
back contact solar cells,,,反向接触式太阳电池,,,,,0,0,,,
back contact spring,,,[电] 静触簧,,,,,0,0,,,
back contamination,,,返航感染,,,,,0,0,,,
back contract,,,远期合约,,,,,0,0,,,
back coordination,,,[化] 反馈配位,,,,,0,0,,,
back copies,,,过期的报刊,,,,,0,0,,,
back copy,,, = back issue,,,,,0,0,,,
back cord,,,里塞线,,,,,0,0,,,
back corner,bæk ˈkɔ:nə,,n. 后取角,,,,,0,0,,,
back corners,,,"靠近端线的两角,后区两角",,,,,0,0,,,
back corona,,,负效电晕,,,,,0,0,,,
back countries,,,偏远地区,,,,,0,0,0:back country/1:s,,
back country,bæk ˈkʌntri,, 穷乡僻壤,,,,,0,0,s:back countries,,
back county,,,[网络] 乡村,,,,,0,0,,,
back couple,,,[网络] 反馈耦合,,,,,0,0,,,
back coupler,,,[网络] 反馈耦合器,,,,,0,0,,,
back coupling,,,[电] 反耦合,,,,,0,0,,,
back coupling coefficient,,,"反馈耦合系数,反馈系数",,,,,0,0,,,
back coupling oscillator,,,反馈耦合振荡器,,,,,0,0,,,
back course,,, 反航线; [水运] 反向航道; 反方向,,,,,0,0,,,
back course sector,,,背航道区,,,,,0,0,,,
back court,,,后场,,,,,0,0,,,
back cover,bæk ˈkʌvə,, 后壳，后罩,,,,,0,0,,,
back crawl,,,仰泳,,,,,0,0,,,
back crease,,,[科技] 背沟,,,,,0,0,,,
back cross,,,回交,,,,,0,0,,,
back cross rail,,,后横轨,,,,,0,0,,,
back crosses,,,倒滑压步\n反手进攻打法\n反手斜线球\n回交，反交,,,,,0,0,,,
back crossing,,,里层交错板,,,,,0,0,,,
back cupping,,,背面采脂(法),,,,,0,0,,,
back current,,,[电] 反向电流,,,,,0,0,,,
back current brake,,,反向电流电刹车,,,,,0,0,,,
back current step,,,逆流级,,,,,0,0,,,
back curtain,,,"(收割台的)挡风板,后挡板",,,,,0,0,,,
back curve,,,[服装] 后弧线,,,,,0,0,,,
back curved vane,,,(离心压缩机的)后曲叶片,,,,,0,0,,,
back cushion,,,靠背垫(座椅),,,,,0,0,,,
back cut,,,"上口,追口;顶部切槽,顶槽；回切口",,,,,0,0,,,
back cut-off power recorder,,,反向截止功率记录仪,,,,,0,0,,,
back cutting,,,回挖,,,,,0,0,,,
back cutting weave,,,[纺] 反裁织物,,,,,0,0,,,
back cylinder cover,,,后缸盖,,,,,0,0,,,
back cylinder head,,,后缸盖,,,,,0,0,,,
back data,,,供选择(或判断)用的资料,,,,,0,0,,,
back date,bæk deit,, [财]倒填日期,,,,,0,0,,,
back dated bill of lading,,,[网络] 倒签提单,,,,,0,0,,,
back dating,,,[经] 倒填日期,,,,,0,0,,,
back dead centre,,,死顶尖,,,,,0,0,,,
back deep,,,"后渊，弧后海渊, 后渊",,,,,0,0,,,
back diagonal pass,,,斜线后传,,,,,0,0,,,
back diffusion,,,[电] 逆扩散,,,,,0,0,,,
back digger,,,反铲挖土机,,,,,0,0,,,
back diode,,,[电] 反集极体,,,,,0,0,,,
back direction,,,逆向,,,,,0,0,,,
back discharge,,,[电] 反向放电,,,,,0,0,,,
back discharge extinguishing voltage,,,负效放电消失电压,,,,,0,0,,,
back discharge propagation,,,负效放电蔓延,,,,,0,0,,,
back discharge reentrant,,,负效放电再散,,,,,0,0,,,
back discharge vanishing temperature,,,负效放电消失温度,,,,,0,0,,,
back dive,bæk daiv,,n. [体]向后跳水,,,,,0,0,,,
back dividend,,,"[经] 拖欠的股利, 未付股利",,,,,0,0,,,
back dividends,,,[金融] 退回股利,,,,,0,0,,,
back doctor,bæk ˈdɔktə,, [医]治背医生,,,,,0,0,,,
back donating bonding,,,[化] 反馈键,,,,,0,0,,,
back donation,,,[化] 反馈作用,,,,,0,0,,,
back door,," A door in the back part of a building; hence, an indirect\n   way.","后门, 秘密途径\n[经] ""后门""",,,,,0,0,s:back doors,,
back door interference,,,后门干扰(与电力线同方向进入天线电路的干扰噪声),,,,,0,0,,,
Back Door Listing,,,后门上市\n借壳上市,,,,,0,0,,,
back door man,,,[网络] 后门男人；后门的人；后门男子,,,,,0,0,,,
back door selling,,,[经] 后门销售,,,,,0,0,,,
back doors,,,[网络] 后门,,,,,0,0,0:back door/1:s,,
Back Double,,,[网络] 背面双手二头肌,,,,,0,0,,,
back double biceps,,,un. 背展双肱二头肌\n[网络] 背展双手二头肌；背展双手二头；背面双手二头肌,,,,,0,0,,,
back down,,,"放弃要求, 取消前言",,,,,0,0,,,
back down from,,,撤回；放弃,,,,,0,0,,,
back down off,bæk daun ɔf,, 放弃，让步，退却,,,,,0,0,,,
back draft,,,[机] 反斜度,,,,,0,0,,,
back draft zone,,,后牵伸区,,,,,0,0,,,
back drain,,,(堤或墙的)背面排水,,,,,0,0,,,
back draught,,,反向气流,,,,,0,0,,,
back drawing roller,,,后延伸罗拉,,,,,0,0,,,
back drilling attachment,,,反钻附件,,,,,0,0,,,
back drive,,,[机] 反向驱动,,,,,0,0,,,
back drive shaft bushing,,,后主动轴衬套,,,,,0,0,,,
back drop,,,"交流声,哼声;背景;干扰",,,,,0,0,,,
back drying machine,,,再干机,,,,,0,0,,,
back dump,,,倒流,,,,,0,0,,,
back duty,,,"[经] 未缴的税(捐)款, 拖欠税捐",,,,,0,0,,,
back dynamometer,,,背肌力计,,,,,0,0,,,
back e.m.f cell,,,[电] 反电动势电池,,,,,0,0,,,
back e.m.f.cell,,,反电动势电池,,,,,0,0,,,
back e.m.f.constant,,,反电动势常数,,,,,0,0,,,
back East,,,[网络] 后东；大东区盟,,,,,0,0,,,
back eccentric,,,倒行偏心轮;反向偏心轮,,,,,0,0,,,
back eccentric wheel,,,倒行偏心轮,,,,,0,0,,,
back echo,,,[电] 反回波,,,,,0,0,,,
back echo reflection,,,[电] 障碍物波反射,,,,,0,0,,,
back eddy,,,un. 逆涡流；回涡\n[网络] 船尾漩涡伴流；同涡,,,,,0,0,,,
back edge,,,[计] 逆边,,,,,0,0,,,
back edging,,,砖瓦清边法,,,,,0,0,,,
back elector-motive force,,,[电] 反电动势,,,,,0,0,,,
back electromotive force,,,[化] 反电动势\n[医] 反电动势,,,,,0,0,,,
back electromotive force cell,,,反电动势电池,,,,,0,0,,,
back electromotive force coefficient,,,反电势系数,,,,,0,0,,,
back electromotive force constant,,,电动势常数,,,,,0,0,,,
back electromotive-force constant,,,[电磁] 反电动势常数,,,,,0,0,,,
back electron transfer,,,逆向电子转移；反向电子转移,,,,,0,0,,,
back elevation,,,"[计] 反高图, 背视图",,,,,0,0,,,
back elevation drawing,,,后视图,,,,,0,0,,,
back emf,,,【电学】反电动势,,,,,0,0,,,
back emf cell,,,反电动势电池,,,,,0,0,,,
back EMF coefficient,,,反电动势系数,,,,,0,0,,,
back emission,,,[电] 反放射,,,,,0,0,,,
back emission electron radiography,,,反向发射式电子射线照相,,,,,0,0,,,
back end,,,后端\n[化] 后段,,,,,0,0,s:back ends,,
back end generator,,,后端产生器,,,,,0,0,,,
back end generator language,,,后端产生器语言,,,,,0,0,,,
back end plate,,,[网络] 后端板,,,,,0,0,,,
back end processor,,,后端处理机,,,,,0,0,,,
back end sill,,,un. 后部端梁,,,,,0,0,,,
back end system,,,[网络] 后端系统,,,,,0,0,,,
back end-to,"'bæk,end'tu:",,"adv. [美国方言]朝反方向;位置颠倒地[亦作 back side-to, back side-front]",,,,,0,0,,,
back endplate,,,un. 后端板,,,,,0,0,,,
back ends,,,na. 核废料回收部分；后端,,,,,0,0,0:back end/1:s,,
back engagement of cutting edge,,,[机] 背吃刀量,,,,,0,0,,,
back engagement of the cutting edge,,,背吃刀量,,,,,0,0,,,
back entrance,bæk ˈentrəns,, 后门，后门入口,,,,,0,0,s:back entrances,,
back entrances,,,后门入口,,,,,0,0,0:back entrance/1:s,,
back entry,,,(房子的)后门，后部入口,,,,,0,0,,,
back exercise,,,[网络] 背部运动,,,,,0,0,s:back exercises,,
back exercises,,,[网络] 背部运动；回到演习；背部练习,,,,,0,0,0:back exercise/1:s,,
back extract,,,反萃取,,,,,0,0,,,
back extraction,,,向萃取,,,,,0,0,,,
back extraction method,,,逆萃取法；反萃取法,,,,,0,0,,,
back face,,,[化] 后端面,,,,,0,0,,,
back face dry,,,背面干燥法,,,,,0,0,,,
back fall,,,[机] 山坡,,,,,0,0,,,
back fat,,,背脂,,,,,0,0,,,
back fat fleshing knife,,,"切背膘肉刀,片肥刀",,,,,0,0,,,
back feed,,,"反馈,回授",,,,,0,0,,,
back feed factor,,,[电] 反馈因数,,,,,0,0,,,
back feed phase,,,[电] 反馈相位,,,,,0,0,,,
back feeding,,,补浇,,,,,0,0,,,
back feet,,,[网络] 后脚,,,,,0,0,,,
back fence,,,后篱笆,,,,,0,0,,,
back file,,,备用文件,,,,,0,0,,,
"back file, backfile","'bæk,fail",,n. 过期刊物；报纸(或杂志)资料馆,,,,,0,0,,,
back fill,,,后面充填物,,,,,0,0,,,
back filled region,,,"反填充区,回填区",,,,,0,0,,,
back filler,,,回填机;填土机,,,,,0,0,,,
back fillet,,,【建筑学】平嵌线,,,,,0,0,,,
back filling,bæk ˈfɪlɪŋ,, 充填，背面纬纱,,,,,0,0,,,
back filling behind abutment,,,(桥)台后回填,,,,,0,0,,,
back filling mangle,,,单面上浆机,,,,,0,0,,,
back filling system,,,[矿业] 充填系统,,,,,0,0,,,
back filter,,,反回过滤,,,,,0,0,,,
back financing,,,不可追溯的资金供应,,,,,0,0,,,
back finishing machine,,,单面整理加工机,,,,,0,0,,,
back fire,,,[化] 回火; 逆火,,,,,0,0,,,
back fire arrester,,,[机] 回火制止器,,,,,0,0,,,
back fire(back arc),,,逆灼，回弧,,,,,0,0,,,
back fire(back firing),,,逆火,,,,,0,0,,,
back fires,,,[网络] 倒弹,,,,,0,0,,,
back firing,,,"反灼,发生逆弧",,,,,0,0,,,
back five,,,[网络] 回五,,,,,0,0,,,
back flap hinge,,,明铰链,,,,,0,0,,,
back flash,,,[机] 反闪,,,,,0,0,,,
back flash arrester,,,回闪阻止器,,,,,0,0,,,
back flashover,,,反击雷闪络,,,,,0,0,,,
back flip,,,倒翻斤斗,,,,,0,0,,,
"back flip, backflip","'bæk,flip",,n. 【跳水、体操等】后空翻(如花样跳水等中的动作)；(信仰或立场的)180度的大转变\nvi. 【跳水、体操等】后空翻；表演后空翻,,,,,0,0,,,
"back flip, backflipped",,,"vi. back flip, backflip的变形",,,,,0,0,,,
"back flip, backflipping",,,"vi. back flip, backflip的变形",,,,,0,0,,,
back float,,,【游泳】仰卧姿势；【舞蹈】后浮,,,,,0,0,,,
back floating position,,,仰卧姿势,,,,,0,0,,,
back flow,,,[化] 回流; 倒流; 开模缩裂,,,,,0,0,,,
back flow of sewage,,,污水倒灌,,,,,0,0,,,
back flush,,,反向冲洗,,,,,0,0,,,
back flush peak,,,反冲锋,,,,,0,0,,,
back flushing,,,[化] 反洗; 逆流洗涤; 反吹,,,,,0,0,,,
back focal distance,,,后焦距,,,,,0,0,,,
back focal length,,,[计] 后焦距,,,,,0,0,,,
back focal plane,,,后聚焦面,,,,,0,0,,,
back focus,,,反焦点,,,,,0,0,,,
back focus distance,,,后焦距；后像距,,,,,0,0,,,
back follower,,,随动件,,,,,0,0,,,
back foot,,,un. 后脚\n[网络] 处于守势；拉拍时重心应该在右脚；脚背,,,,,0,0,,,
back foot backside hang,,,鸟窝悬垂,,,,,0,0,,,
back foot leaning hang,,,鸟窝悬垂,,,,,0,0,,,
back for,,,支持,,,,,0,0,,,
back force,,,背向力,,,,,0,0,,,
back formation,,,逆成法,,,,,0,0,,,
back formations,'bækfɔr'meiʃən,,n. 逆构词,,,,,0,0,,,
back forties,,,(大农场、庄园等的)边远地带的处女地，边沿尚未开垦(或未开发、偏僻)的大片土地,,,,,0,0,,,
back forty,,,(大农场、庄园等的)边远地带的处女地，边沿尚未开垦(或未开发、偏僻)的大片土地,,,,,0,0,,,
"back forty, back 40",,,(大农场、庄园等的)边远地带的处女地，边沿尚未开垦(或未开发、偏僻)的大片土地,,,,,0,0,,,
back four,,, [足球](由两名中卫和两名后卫组成的)四卫式,,,,,0,0,,,
back frame,,,后机架,,,,,0,0,,,
back freight,,,[经] 退货运费,,,,,0,0,,,
back frictional material,,,un. 衬背摩擦材料,,,,,0,0,,,
back from,,,"远离,在…的远处",,,,,0,0,,,
back front,,,"八字砖,盖板砖",,,,,0,0,,,
back full,,,全速后退,,,,,0,0,,,
back furrow,,,蛇形丘,,,,,0,0,,,
back ga(u)ge,,,[车辆] 车轮内距,,,,,0,0,,,
back gage,,,护背距离,,,,,0,0,,,
back gammon player,,"back gammon player (plural back gammon players)\n(idiomatic, archaic, slang) A person, chiefly a homosexual, who has anal sex.\n",,,,,,0,0,,,
back garden,,,n. 后院\n[网络] 后花园；后花园景观餐厅；城市后花园,,,,,0,0,,,
back gardens,,,后花园,,,,,0,0,,,
back gate,,,后门,,,,,0,0,,,
back gauge,,,边距;背缘尺;车轮内距;后支档;反向行程限位器,,,,,0,0,,,
back gear,,,[机] 后倒齿轮,,,,,0,0,,,
back gear ratio,,,倒挡转速比,,,,,0,0,,,
back geared motor,,,带减速齿轮的电动机,,,,,0,0,,,
back geared upright drill press,,,带齿轮立式钻床,,,,,0,0,,,
back gearing,,,【机械装置】背轮,,,,,0,0,,,
Back Gears,,,back gear\n(机床等的)背轮,,,,,0,0,,,
back geosyncline,,,后地槽,,,,,0,0,,,
back gimp,,,[纺] 背面花边粗绒花纹,,,,,0,0,,,
back gluer,,,书脊上胶机;胶背机,,,,,0,0,,,
back goods freight,,,[经] 退货费用,,,,,0,0,,,
back gore,,,[服装] 后档,,,,,0,0,,,
back gouging,,,"背刨,刨根",,,,,0,0,,,
back green,bæk ɡri:n,, [体]绿色屏障,,,,,0,0,,,
back grey,,,印花用底布,,,,,0,0,,,
back grey guide,,,印花底布导辊,,,,,0,0,,,
back grey roller,,,印花底布罗拉,,,,,0,0,,,
back grey washing plant,,,印花洗底布机,,,,,0,0,,,
back ground,,,[经] 背景,,,,,0,0,,,
back ground current,,,维弧电流,,,,,0,0,,,
back ground effect,,,本底影响；背景效应,,,,,0,0,,,
back ground noise,,,背景杂音,,,,,0,0,,,
back ground noise level,,,[网络] 背景噪音电平,,,,,0,0,,,
back grounding,,,新闻背景,,,,,0,0,,,
back guide,,,后导板,,,,,0,0,,,
back gutter,,,【建筑学】背沟,,,,,0,0,,,
back guy,,,后拉线,,,,,0,0,,,
back half,bæk hɑ:f,,n. 后半段,,,,,0,0,,,
back half of the stalls,,,一楼观众席后座,,,,,0,0,,,
back hand,bæk hænd,, [体]反手击球,,,,,0,0,,,
back hand welding,,,后退焊;反手焊接,,,,,0,0,,,
back handed rope,,,[网络] 左搓绳,,,,,0,0,,,
back hang,,,"后悬垂,吊臂悬垂",,,,,0,0,,,
back harness,,,后综,,,,,0,0,,,
back haul,,,"[计] 空载传输, 回送",,,,,0,0,,,
back haunch fillet of arch,,,护拱,,,,,0,0,,,
"Back haus, Wilhelm",'bɑ:khaus; 'vihelm,,巴克豪斯(1884～1969，德国钢琴演奏家),,,,,0,0,,,
back head,,,机车外门板,,,,,0,0,,,
back head brace,,,外门板拉条,,,,,0,0,,,
back head brace angle,,,[机] 外门板撑杆角铁,,,,,0,0,,,
back header,,,"后汽鼓,后汽筒",,,,,0,0,,,
back hearth,,,炉灰腔;壁炉炉床,,,,,0,0,,,
back heating,,,反加热(电子管中热量由阳极返回阴极),,,,,0,0,,,
back heel,,,向后绊摔,,,,,0,0,,,
back height,,,[服装] 后身高,,,,,0,0,,,
back hitch,,,[网络] 止滑结；止滑结止滑结,,,,,0,0,,,
back hoe,,,反向铲土机,,,,,0,0,,,
back hoe dredge,,,锄式挖泥船；锄式挖泥机,,,,,0,0,,,
back hold position,,,两人反向併行背后牵手舞姿,,,,,0,0,,,
back hole,,,禁闭室,,,,,0,0,,,
back holes,,,后爆炮眼组,,,,,0,0,,,
back home,,,真爱守候（歌名）,,,,,0,0,,,
back hook,,,un. 内挂钩\n[网络] 里钩,,,,,0,0,,,
back house,,,un. 后屋\n[网络] 后台；帕沙迪纳；后屋出租,,,,,0,0,,,
back houses,,,[建] 后屋,,,,,0,0,,,
back housing,,,后柱（主机）,,,,,0,0,,,
back illuminated,,,背向照明,,,,,0,0,,,
back illumination,,,背光照明；逆向照明,,,,,0,0,,,
back impact,,,回爆,,,,,0,0,,,
back impeller,,,[化] 后弯叶轮; 后弯式叶轮,,,,,0,0,,,
back in,,,"无意中获得,偶然取得",,,,,0,0,,,
back in action,,, [电影]妙探双雄,,,,,0,0,,,
Back in the Box,,,[网络] 美国回到盒子电影剧本竞赛,,,,,0,0,,,
back in the day,,,[网络] 回头是岸；黄金年代；想当年,,,,,0,0,,,
back in the days,,,[网络] 回到那些青涩的岁月；想当年,,,,,0,0,,,
back in the game,,,[网络] 重返赛场；卷土从来；东山再起,,,,,0,0,,,
back in the saddle,,,[网络] 重上马鞍；重新掌权；重整旗鼓,,,,,0,0,,,
back in time,,, [电影]古墓迷途,,,,,0,0,,,
back incline,,,后斜板,,,,,0,0,,,
back indication,,,返回指示,,,,,0,0,,,
back induction,,,去磁作用,,,,,0,0,,,
back injury,,,[医] 背部损伤,,,,,0,0,,,
back inlet gully,,,排水管支管进口;后部进水集水井,,,,,0,0,,,
back interface trap density,,,背（介）面捕获电荷密度,,,,,0,0,,,
back into,bæk ˈɪntuː,, （使）倒进…,,,,,0,0,,,
back iron,,,(刨刀的)护铁,,,,,0,0,,,
back issue,bæk ˈisju:,,n. 过期刊物,,,,,0,0,,,
back issues,,,un. 过期出版社\n[网络] 过刊；过期刊物；过期报刊,,,,,0,0,,,
back jack-knife stroke,,,后镰刀式跳水,,,,,0,0,,,
back jamb,,,= backlining,,,,,0,0,,,
back joint,,,石阶踏步背榫,,,,,0,0,,,
back joint carrier,,,后连接托架,,,,,0,0,,,
back judge,bæk dʒʌdʒ,, [体]后方裁判员,,,,,0,0,s:back judges,,
"back judge,backjudge",'bækdʒʌdʒ,,n. 【橄榄球】(守方)后场裁判员(其工作包括计时和判断接球是否违例),,,,,0,0,,,
back judges,,,防守队后方裁判,,,,,0,0,0:back judge/1:s,,
back jump,,,[俚语]后窗,,,,,0,0,,,
back key,,,[计] 回退键,,,,,0,0,,,
back kick,,,"反冲,反向放电,倒转,逆转",,,,,0,0,,,
back kip,,,后上,,,,,0,0,,,
back kiss roll,,,反面接触舔液辊,,,,,0,0,,,
back kitchen,,,[网络] 后厨房,,,,,0,0,,,
back kitchens,,,[网络] 后厨房,,,,,0,0,,,
back knee,,,"[医] 膝反屈, 翻膝",,,,,0,0,,,
back knife lathe,,,[机] 背刀车床,,,,,0,0,,,
back knife plate,,,后罩板(梳棉机用),,,,,0,0,,,
back knotter,,,[化] 尾筛,,,,,0,0,,,
Back L.,,,[地名] 巴克湖 ( 加 ),,,,,0,0,,,
back labor,,,[网络] 回劳,,,,,0,0,,,
back labors,,,[网络] 背部劳动,,,,,0,0,,,
back labour,,,[网络] 回劳,,,,,0,0,,,
back labours,,,[网络] 背部劳动,,,,,0,0,,,
back laid rope,,,[网络] 反搓绳,,,,,0,0,,,
back lamp,,,尾灯,,,,,0,0,,,
back land,,,腹地,,,,,0,0,,,
back lands,,,"边远地区,穷乡僻壤",,,,,0,0,,,
back lane,,,un. 后巷,,,,,0,0,,,
back lapping,,,底印重叠错位,,,,,0,0,,,
back lash,,,[化] 间隙; 齿隙; 丝隙,,,,,0,0,,,
back lash phenomena,,,回差现象;牵引现象,,,,,0,0,,,
back lash spring,,,卸压弹簧,,,,,0,0,,,
back layer,,,[感光] 摄影背面层,,,,,0,0,,,
back leakage current,,,反向漏电流,,,,,0,0,,,
back leaning rest,,,仰卧撑,,,,,0,0,,,
back lease rod,,,后分经桿，后绞棒,,,,,0,0,,,
back leg,,,后(床)腿,,,,,0,0,,,
back length,,,背长,,,,,0,0,,,
back letter,,,[经] 退回信件,,,,,0,0,,,
back levee,,,背水堤,,,,,0,0,,,
back level hang,,,背水平悬垂,,,,,0,0,,,
back lever,,,后桿,,,,,0,0,,,
back Lift,,,[医] 背对背负法,,,,,0,0,,,
back light,,,[电] 背面光,,,,,0,0,,,
back light compensation,,,逆光补偿,,,,,0,0,,,
back light display,,,后照光显示,,,,,0,0,,,
back light shutter,,,背光遮板;内表示镜,,,,,0,0,,,
back lighting,,,[电] 背景照明,,,,,0,0,,,
back lighting bulb,,,暗闪灯,,,,,0,0,,,
back limb,,,后翼,,,,,0,0,,,
back line,,,家畜背线,,,,,0,0,,,
back liner,,,书脊烫印机,,,,,0,0,,,
back lines,,,[网络] 端线,,,,,0,0,,,
back lining,,,背衬,,,,,0,0,,,
back lining strip,,,[服装] 内后跟带,,,,,0,0,,,
back link,,,[计] 回指连接,,,,,0,0,,,
back links,,,"后连桿, 后桿",,,,,0,0,,,
back lintel,,,内衬过梁,,,,,0,0,,,
back list,'bæklɪst,,n. 库存书籍目录；重版书；存书\nvt. 列入重版目录\nadj. 列入重印书目的；库存书的,,,,,0,0,,,
back lit,,,[网络] 背景有光,,,,,0,0,,,
back load,,,[网络] 回程载货,,,,,0,0,,,
back loader,,,反铲装载机,,,,,0,0,,,
back loading,,,[经] 退装货物,,,,,0,0,,,
back lobe,,,[电] 反瓣,,,,,0,0,,,
back lobes,,,反向波瓣,,,,,0,0,,,
back lock,,,[电] 反位锁,,,,,0,0,,,
back locking,,,反锁(闭),,,,,0,0,,,
back log,,,"定单积压,预备物",,,,,0,0,,,
back loop,,,背纱圈，底线圈,,,,,0,0,,,
back lot,,,[网络] 露天片厂；户外布景,,,,,0,0,,,
back lug,,,后突起,,,,,0,0,,,
back magnetization,,,反磁化,,,,,0,0,,,
back man,,,后卫,,,,,0,0,,,
back margin,,,【经济学】折扣；折扣率,,,,,0,0,,,
back mark,,,反标记,,,,,0,0,,,
back marsh,,,【生态学】漫滩草本沼泽，低湿沼泽,,,,,0,0,,,
back masking,,,背后遮蔽,,,,,0,0,,,
back matter,,,书后所附补充资料,,,,,0,0,s:back matters,,
back matters,,,书后所附补充资料；附属资料,,,,,0,0,0:back matter/1:s,,
back measurement,,,返测,,,,,0,0,,,
back mesurement,,,逆测定；反测定,,,,,0,0,,,
back metal,,,里衬金属\n轴瓦的里衬,,,,,0,0,,,
back microbevel,,,后微斜面,,,,,0,0,,,
back migration,,,[化] 反迁移,,,,,0,0,,,
back mill table,,,轧机后辊道,,,,,0,0,,,
back mirror,,,后视镜,,,,,0,0,,,
back mirrors,,,望后镜,,,,,0,0,,,
back mixing,,,[机] 逆混,,,,,0,0,,,
back molding,,,【建筑学】底饰,,,,,0,0,,,
back money,,,"拖欠款,过期未付款",,,,,0,0,,,
back month,,,[网络] 远期月份；最远月期约；后月,,,,,0,0,,,
Back Months,,,[网络] 远期月,,,,,0,0,,,
back mortaring,,,抹里衬,,,,,0,0,,,
back motion,,,倒转,,,,,0,0,,,
back moulding,,,[建] 底饰,,,,,0,0,,,
back mounted,,,从背面安装的;背面安装的,,,,,0,0,,,
back moving spring,bæk ˈmu:vɪŋ spriŋ,, 回位弹簧,,,,,0,0,,,
back muscles,,,背肌,,,,,0,0,,,
back mutation,bæk mju:ˈteɪʃən,, 回复突变,,,,,0,0,,,
back nail,,,平钉,,,,,0,0,,,
back nailing,,,【建筑学】平钉,,,,,0,0,,,
back neck,,,后领围,,,,,0,0,,,
back neck point,,,后领点,,,,,0,0,,,
back needle,,,后针，背针,,,,,0,0,,,
back nine,,,【高尔夫球】后9穴(第10至18穴),,,,,0,0,,,
back noise,,,本底[背景]噪声,,,,,0,0,,,
back number,,,"过期的刊物,旧期刊,过时的人或物",,,,,0,0,,,
back numbers,,,na. 过期杂志；落后于时代的人\n[网络] 前面几期；过期期刊,,,,,0,0,,,
back nut,,,底座螺母;限动螺母;后螺母;支承螺母;支持螺母,,,,,0,0,,,
back o' beyond,,,[网络] 回到o,,,,,0,0,,,
back o' Bourke,,,[网络] 回到Bourke,,,,,0,0,,,
back oars,,,"掉转方向,改变主意",,,,,0,0,,,
Back oars!,,,back oars\n掉转方向\n【航海学】倒划，逆摇\n[比喻]改变决定(或主意),,,,,0,0,,,
back observation,,,后向观测,,,,,0,0,,,
back of,,,在…后面;在…以前;是…的起因,,,,,0,0,,,
back of a book,,,"书背,书嵴",,,,,0,0,,,
back of an envelope,,,【计算机】简便，迅速,,,,,0,0,,,
back of arch,,,拱背,,,,,0,0,,,
back of bearing,,,轴瓦背面,,,,,0,0,,,
back of beyond,,,遥远的地方,,,,,0,0,s:backs of beyond,,
back of blade,,,叶背,,,,,0,0,,,
back of Bourke,,,[澳大利亚口语]在穷乡僻壤，在边远地区,,,,,0,0,,,
back of cam,,,凸轮后侧边,,,,,0,0,,,
back of carpet,,,毛毯衬底,,,,,0,0,,,
back of dam,,,[水利] 坝上游河段,,,,,0,0,,,
back of film microscope,,,胶片后聚焦式显微镜,,,,,0,0,,,
back of foot,,,足跗,,,,,0,0,,,
back of hand,,,手背,,,,,0,0,,,
back of head,,, [医]头后部,,,,,0,0,,,
back of house,,,[网络] 后场；场馆工作区；特许工作区,,,,,0,0,,,
back of levee,,,背,,,,,0,0,,,
back of lode,,,矿脉顶,,,,,0,0,,,
back of nose,,,鼻背,,,,,0,0,,,
back of one's hand,,"back of one's hand (uncountable)\nA slap.\n(idiomatic, figuratively, by extension) A display of disrespect or scorn.\n",,,,,,0,0,,,
back of ore,,,矿床顶,,,,,0,0,,,
back of panel mounting,,,在面板后面的装配,,,,,0,0,,,
back of photographic lens,,,[摄] 照相透镜背面,,,,,0,0,,,
back of piston ring,,,活塞环内侧边,,,,,0,0,,,
back of the hand,bæk ɔv ðə hænd,, [医]手背,,,,,0,0,,,
back of the house,,, 后场，舞台后,,,,,0,0,,,
back of the saw,,,锯背,,,,,0,0,,,
back of the wind,,,[网络] 风向反转,,,,,0,0,,,
back of tool,,,刀背,,,,,0,0,,,
back of tooth,,,齿背,,,,,0,0,,,
back of twill,,,斜纹的基数,,,,,0,0,,,
back of weld,,,[化] 焊缝背面,,,,,0,0,,,
back of wind,,,风向逆转,,,,,0,0,,,
back off,,,后退,,,,,0,0,,,
back off compensate,,,补偿,,,,,0,0,,,
back office,,,"[经] 事务部门, 后勤部门",,,,,0,0,,,
back office box,,,室后装置,,,,,0,0,,,
back office force,,,内勤人员,,,,,0,0,,,
back office function,,,[网络] 后勤部门职能,,,,,0,0,,,
back office staff,,,[网络] 后勤人员；内勤人员,,,,,0,0,,,
back offices,,,un. 事务部门\n[网络] 后台办公室；后台服务；行政及档案支援业务,,,,,0,0,,,
back offs,,,后退；软化；减轻；卸下,,,,,0,0,,,
back on,,,背向,,,,,0,0,,,
back on his feet,,,[网络] 东山再起；他又恢复了原来的状况；再站起来,,,,,0,0,,,
back on my feet,,,恢复健康\n重新站立起来\n东山再起\n重新振作起来（歌名，Back On My Feet）,,,,,0,0,,,
back on one's feet,,,重新振作起来,,,,,0,0,,,
back on one's heels,,,大吃一惊；被对手逼退，处于守势,,,,,0,0,,,
back on ones feet,,,[网络] 经受打击后重新站起来,,,,,0,0,,,
back on our feet,,,[网络] 东山再起,,,,,0,0,,,
back on the job,,,[网络] 又开始工作；成名之前,,,,,0,0,,,
back on the streets,,,[网络] 重出江湖,,,,,0,0,,,
back on to,,,背对着;与…相连,,,,,0,0,,,
back on track,,, 重回正轨; 重上轨道; 改过自新,,,,,0,0,,,
back on your feet,,,[网络] 恢复健康；病好；痊愈,,,,,0,0,,,
back onto,,,背靠着,,,,,0,0,,,
back onto sth,,,[网络] 回到sth,,,,,0,0,,,
back opening door,,,[车辆] 后开门式,,,,,0,0,,,
back order,,,"暂时无法满足的订货\n[经] 拖欠定货, 暂时无法满足的订货",,,,,0,0,,,
back order cost,,,延迟交货成本,,,,,0,0,,,
back order memo,,,[经] 延期交货通知单,,,,,0,0,,,
back order memorandum,,,延期交货通知单,,,,,0,0,,,
back order sales,,,欠拨销售量,,,,,0,0,,,
back ordering,,,延迟交货,,,,,0,0,,,
back orders,,,[网络] 预收订单；订购购书单；延迟交货,,,,,0,0,,,
Back Orifice,,,网络后洞,,,,,0,0,,,
back oscillation,,,回波振荡;(雷达)射速回程,,,,,0,0,,,
back out,,,"停止不干, 食言\n[法] 收回, 不再担保, 不承认",,,,,0,0,,,
back out (of),,,(使)(车辆)退出，(把)车退出；不履行或不遵守(协议、合同、诺言等)，食言，背信，失诺；不再参与(某事)；改变主意；放弃；退场；退出；撒手；避开,,,,,0,0,,,
back out of,,,"退出,不履行",,,,,0,0,,,
back out routine,,,[计] 回退子程序,,,,,0,0,,,
back outlet return bend,,,后孔U型接头,,,,,0,0,,,
back over,bæk ˈəuvə,, [体]后软翻,,,,,0,0,,,
back overdraft,,,[法] 银行透支,,,,,0,0,,,
back pack,bæk pæk,, 背包,,,,,0,0,s:back packs,,
back pack camera,,,背负式摄像机,,,,,0,0,,,
back pack parachute,,,[航 军] 背包式降落伞,,,,,0,0,,,
back pack transmitter,,,背负式发射机,,,,,0,0,,,
back packs,,,n. 背包（backpack的复数）；双肩背包,,,,,0,0,0:back pack/1:s,,
back pad,,,小鞍,,,,,0,0,,,
back page,,,adj. (报纸的)最后几版的；没有多大新闻价值的\n[网络] 封底；背页；底页,,,,,0,0,,,
back pages,,,"左页,偶数页",,,,,0,0,,,
back pain,,,背痛,,,,,0,0,,,
back pains,,,[网络] 王太后,,,,,0,0,,,
back painting,,,[涂料] 底漆,,,,,0,0,,,
back panel,,,[计] 底板,,,,,0,0,,,
back panel wiring,,,板后布线,,,,,0,0,,,
back part of stage,,,舞台后方,,,,,0,0,,,
back partition,,,[建] 后台区,,,,,0,0,,,
back pass,,,"后传,背传",,,,,0,0,,,
back passage,bæk ˈpæsidʒ,,n. 直肠,,,,,0,0,,,
back passages,,,n. 直肠( back passage的名词复数 ),,,,,0,0,,,
back passes,,,背传，后传,,,,,0,0,,,
back patching,,,"[计] 回插, 回填",,,,,0,0,,,
back pay,,,[经] 欠付工资,,,,,0,0,,,
back payment,,,逾期支付,,,,,0,0,,,
back payments,,,un. 逾期支付,,,,,0,0,,,
back pedaling brake,,,反踏制动器,,,,,0,0,,,
back piece,,,反向角钢,,,,,0,0,,,
back pile thread,,,起毛底经,,,,,0,0,,,
back pillar die set,,,[机] 后导柱模架,,,,,0,0,,,
back piston,,,(波导管的)后活塞,,,,,0,0,,,
back pitch,,,[电] 后节距,,,,,0,0,,,
back plan,,,底视图,,,,,0,0,,,
back plane,,,底板,,,,,0,0,,,
back plastering,,,抹里衬,,,,,0,0,,,
back plate,,,支承板,,,,,0,0,,,
back plate molding,,,[机] 背板衬砂造模法,,,,,0,0,,,
back play,,,空程;空隙,,,,,0,0,,,
back pocket,,, 后兜,,,,,0,0,,,
back point of last bottom,,,[服装] 楦底后端点,,,,,0,0,,,
back pointer,,,背指针,,,,,0,0,,,
back pollinating,,,回交授粉,,,,,0,0,,,
back pollination,,,回交授粉,,,,,0,0,,,
back poppet,,,"后顶针座,后随转尾座",,,,,0,0,,,
back porch,,,"[计] 后背区, 后沿",,,,,0,0,s:back porches,,
back porch interval,,,消隐脉冲后肩持续时间,,,,,0,0,,,
back porch of pedestal,,,(同步脉冲后面)熄灭脉冲后沿,,,,,0,0,,,
back porch period,,,后廊期,,,,,0,0,,,
back porch sample pulse,,,后肩取样脉冲,,,,,0,0,,,
back porch tilt,,,"后肩倾斜,后沿倾斜",,,,,0,0,,,
back porches,,,后沿,,,,,0,0,0:back porch/1:s,,
back pork,,,"脊背肉,通脊肉(在脊椎骨底下,为两长条形瘦肉)",,,,,0,0,,,
Back port give way starboard!,,,左退右进!,,,,,0,0,,,
back post,,,[网络] 钢琴背柱；六背柱；舵柱舵柱,,,,,0,0,,,
back post die set,,,[机] 后导柱模架,,,,,0,0,,,
back pour,,,补浇,,,,,0,0,,,
back pouring,,,补浇 注,,,,,0,0,,,
back power,,,反向功率,,,,,0,0,,,
back premises,,,后院,,,,,0,0,,,
back pressure,,,"[医] 反压, 回压",,,,,0,0,,,
back pressure armlift method,,,[网络] 人工呼吸法的一种,,,,,0,0,,,
back pressure condensate return system,,,压凝结水回水系统,,,,,0,0,,,
back pressure control,,,反压控制,,,,,0,0,,,
back pressure curve,,,回压曲线,,,,,0,0,,,
back pressure effect,,,[医] 反压效应,,,,,0,0,,,
back pressure evaporation,,,"反压蒸发[法], 反压蒸发（法）",,,,,0,0,,,
back pressure evaporator,,,[化] 背压式蒸发器,,,,,0,0,,,
back pressure extraction turbine,,,抽汽背压式汽轮机,,,,,0,0,,,
back pressure factor,,,反压系数,,,,,0,0,,,
back pressure governor,,,压调节器,,,,,0,0,,,
back pressure manometer,,,压测压计,,,,,0,0,,,
back pressure multi-effect evaporator,,,反压多效蒸发器,,,,,0,0,,,
back pressure of steam trap,,,结水背压力,,,,,0,0,,,
back pressure operation,,,压运行,,,,,0,0,,,
back pressure regulating valve,,,[机] 背压调节阀,,,,,0,0,,,
back pressure regulator,,,背压调整器,,,,,0,0,,,
back pressure relief valve,,,背压安全阀,,,,,0,0,,,
back pressure return,,,压回水,,,,,0,0,,,
back pressure sensor,,,背压感测器,,,,,0,0,,,
back pressure spring valve,,,un. 止回弹簧阀\n[网络] 背压弹簧阀,,,,,0,0,,,
back pressure steam,,,汽,,,,,0,0,,,
back pressure steam turbine,,,背压式汽轮机,,,,,0,0,,,
back pressure test,,,回压试验,,,,,0,0,,,
back pressure transducer,,,排气压力传感器,,,,,0,0,,,
back pressure trip,,,[网络] 背压脱扣,,,,,0,0,,,
back pressure trubine,,,[网络] 相关词条,,,,,0,0,,,
back pressure turbine,,,[化] 背压式汽轮机; 背压式涡轮机; 背压透平,,,,,0,0,,,
back pressure turbine governing system,,,背压式汽轮机调速系统,,,,,0,0,,,
back pressure turbine with intermediate bleed-off,,,汽背压式汽轮机,,,,,0,0,,,
back pressure valve,,,回阀，逆止阀；背压阀；回压阀,,,,,0,0,,,
back priming,,,背里底漆涂装,,,,,0,0,,,
back print,,,[网络] 书脊印字；两个参数,,,,,0,0,,,
back print method,,,反面印刷法,,,,,0,0,,,
back printer,,,[计] 支持打印机,,,,,0,0,,,
back production,,,回采,,,,,0,0,,,
back profile,,,"后侧面肖像(后脑在前,脸的大部分被额和颊挡住)",,,,,0,0,,,
back project,,,从背面放映; 使回想,,,,,0,0,,,
back projection,,,"[计] 反投影, 向后投影",,,,,0,0,,,
back projection operation,,,反投射运算,,,,,0,0,,,
back projections,,,背面放映合成，反射影,,,,,0,0,,,
back projector,,,背景放映机,,,,,0,0,,,
back prop,,,后撑;后支柱,,,,,0,0,,,
back propagation,ˈbækˌprɔpəˈgeɪʃən,,反向传播,,,,,0,0,,,
back propagation algorithm,,,"反向传播算法, 反向传播演算法",,,,,0,0,,,
back pull,,,"后拉力,后张力",,,,,0,0,,,
back pull wire drawing-machine,,,反拉力拉丝机,,,,,0,0,,,
back pullout,,,后开门,,,,,0,0,,,
back pulse,,,反脉冲,,,,,0,0,,,
back purge,,,[化] 反冲,,,,,0,0,,,
back purge system,,,反冲洗装置,,,,,0,0,,,
back putty,,,打底油灰,,,,,0,0,,,
back quote,,,左引号,,,,,0,0,,,
Back R.,,,[地名] 巴克河 ( 澳、加、美 ),,,,,0,0,,,
back rack,,,经纱张力调整机,,,,,0,0,,,
back rack angle,,,向角,,,,,0,0,,,
back radiation,,,反向散射;反向辐射,,,,,0,0,,,
back radiator,,,反向辐射体,,,,,0,0,,,
back radius,,,[机] 齿背圆弧半径,,,,,0,0,,,
back rail,,,后樑,,,,,0,0,,,
back rake,,,后倾角,,,,,0,0,,,
back rake angle,,,[机] 后斜角,,,,,0,0,,,
back range,,,尾距,,,,,0,0,,,
back ratch,,,后隔距,,,,,0,0,,,
back reach,,,[机] 后伸距,,,,,0,0,,,
back reaction,,,逆反应,,,,,0,0,,,
back readig,,,反向读数,,,,,0,0,,,
back reading,,,左读数,,,,,0,0,,,
back recovery,,,返回恢复,,,,,0,0,,,
back reed,,,后筘,,,,,0,0,,,
back reed clip for reed cap,,,筘帽后夹木,,,,,0,0,,,
back reef,,,【地理学】礁后区,,,,,0,0,,,
back reflection,,,背(反)射,,,,,0,0,,,
back reflection X-ray camera,,,背面反射X射线照相机,,,,,0,0,,,
back reflection x-ray examination,,,向后反射X射线判测法,,,,,0,0,,,
back reinforced knife saw,,,夹背刀锯,,,,,0,0,,,
back reinfored knife saw,,,夹背刀锯,,,,,0,0,,,
back relation,,,[法] 追溯,,,,,0,0,,,
back release,,,快门按钮,,,,,0,0,,,
back rent,,,[经] 欠租,,,,,0,0,,,
back resistance,,,[电] 反向电阻,,,,,0,0,,,
back resistance meter,,,反向电阻测量计,,,,,0,0,,,
back rest,,,"[医] 床靠背, 背靠",,,,,0,0,,,
back rest bracket,,,后樑托脚,,,,,0,0,,,
back right,bæk rait,, [体]后排右,,,,,0,0,,,
back rigidity,,,脊强,,,,,0,0,,,
back rind,,,开模缩裂,,,,,0,0,,,
back ring,,,衬结,,,,,0,0,,,
back ripple current,,,[网络] 逆向脉动电流,,,,,0,0,,,
back rise,,,后裆,,,,,0,0,,,
back river,,,后河,,,,,0,0,,,
back road,,,偏僻的乡间道路,,,,,0,0,,,
back roads,,, [电影]冤家路窄,,,,,0,0,,,
back rod,,,"后尖轨拉桿；轨距拉桿, 后桿",,,,,0,0,,,
back roll,,,"重算,重新运行,反绕;后滚筒",,,,,0,0,,,
back roller,,,"背压轧辊, 后罗拉",,,,,0,0,,,
back room,,,"里屋, 密室",,1,,,0,0,s:back rooms,,
back room boy,,,"秘密工作人员(尤指：〈美〉暗中做交易的政客,〈英〉为政府或某团体在科学、经济、政治方面从事研究的人员)",,,,,0,0,,,
back rooms,,,商店的辅助库房,,,,,0,0,0:back room/1:s,,
back rope,bæk rəup,, [体]回绳法,,,,,0,0,,,
back router,,,反向刻模机,,,,,0,0,,,
back roving traverse guide,,,粗纱后横动导纱桿,,,,,0,0,,,
back row,,,un. 后排\n[网络] 划船运动；靠后面的位置；后划机,,,,,0,0,,,
back row center,,,后排中锋,,,,,0,0,,,
back row hopper,,,下等演员,,,,,0,0,,,
back rows,,,[网络] 排在后面的人,,,,,0,0,,,
back rub,,,背部按摩\n谷歌曾用名（Back Rub）,,,,,0,0,,,
back rule,,,[计] 反向规则,,,,,0,0,,,
back run,,,[机] 逆行,,,,,0,0,,,
back running,,,[化] 封底焊,,,,,0,0,,,
back rush,ˈbækˌrʌʃ,,回卷,,,,,0,0,,,
back sailing,,,[网络] 顶风驶船顶风帆；顶风驶船,,,,,0,0,,,
back salary,,,[经] 欠薪,,,,,0,0,,,
back sand,,,背砂,,,,,0,0,,,
back saw,bæk sɔ:,, 镶边手锯,,,,,0,0,s:back saws,,
back saw blade,,,锯条,,,,,0,0,,,
back saw with wooden handle,,,木柄手锯,,,,,0,0,,,
back saws,,,背锯；背镶金属的锯弓锯；（镶边）手锯,,,,,0,0,0:back saw/1:s,,
back sb up,,,[网络] 支持某人；支持或赞同某人的观点,,,,,0,0,,,
back scatter,,,[医] 反向散射,,,,,0,0,,,
back scatter beta gauge,,,反射型(β射线)测厚计,,,,,0,0,,,
back scatter constant,,,[医] 反向散射常数,,,,,0,0,,,
back scattered electron detector,,,反散射电子检测器,,,,,0,0,,,
back scattering,,,[化] 反向散射; 背散射,,,,,0,0,,,
back scattering coefficient,,,[电] 反向散射系数,,,,,0,0,,,
back scattering correction,,,反向散射校正,,,,,0,0,,,
back scattering factor,,,反向散射因数,,,,,0,0,,,
back scheduling,,,反向安排日程;反向调度,,,,,0,0,,,
back scissors,,,反交叉,,,,,0,0,,,
back score,,,【冰上溜石游戏】底线，后边缘线,,,,,0,0,,,
back scour,,,[网络] 反向冲刷,,,,,0,0,,,
back scraper,,,反向刮板,,,,,0,0,,,
back scratcher,,,[网络] 痒痒挠；后屈小腿挺身跳；不求人,,,,,0,0,,,
back screen,,,后掩护,,,,,0,0,,,
back scrubber,,,[网络] 背刷；刷背浴巾,,,,,0,0,,,
back scrubbing,,,回洗,,,,,0,0,,,
back sealing weld,,,底焊,,,,,0,0,,,
back seam,,,[建] 背缝,,,,,0,0,,,
back seat,,,"后座,次要地位,默默无闻的地位",,,,,0,0,,,
back seat driver,,,"幕后指挥,喧宾夺主者,多管闲事的人",,,,,0,0,,,
back seat drivers,,,n. 爱管闲事的人；〈俚〉不断对司机指手画脚的人\n[网络] 后座驾驶,,,,,0,0,,,
back seat gasket,,,[机] 底座垫圈,,,,,0,0,,,
back seat rail,,,[家具] 椅座板后档,,,,,0,0,,,
back seats,,,na. 〈口〉后座；低下的职位,,,,,0,0,,,
back selling,,,返销,,,,,0,0,,,
back set,,,止动[固定]装置;重[再]耕;逆水,,,,,0,0,,,
back setting,,,[建] 圆缘凿石,,,,,0,0,,,
back shaft,,,【机械学】；后轴；副(传动)轴,,,,,0,0,,,
back shaft scroll,,,后轴涡轮,,,,,0,0,,,
back shaper plate,,,后成形斜板,,,,,0,0,,,
back sheet,,,后板;副份,,,,,0,0,,,
back shell,,,[网络] 后铁壳；后壳；底壳,,,,,0,0,,,
back shield,,,后挡板,,,,,0,0,,,
back shift,,,二次变换,,,,,0,0,,,
back ship,,,[网络] 使船后退,,,,,0,0,,,
back shooting,,,[化] 回程爆炸,,,,,0,0,,,
back shop,,,修理场[车间];大修工厂,,,,,0,0,,,
back shore,,,潮间丘,,,,,0,0,,,
back shore terrace,,,滩丘,,,,,0,0,,,
back shot,,,un. 背面造型\n[网络] 背射；人的眼光看远景；向后射门,,,,,0,0,,,
back shots,,,[网络] 影后,,,,,0,0,,,
back shroud,,,[机] 后盖板,,,,,0,0,,,
back shroud of impeller,,,[机] 叶轮后盖板,,,,,0,0,,,
back shu points,,,背俞穴,,,,,0,0,,,
back shunt,,,矿车自动折返装置,,,,,0,0,,,
back shutter,,,叶门或窗,,,,,0,0,,,
back shuttle guide,,,后导梭板,,,,,0,0,,,
back side,bæk said,, 里面; 内层; 背面; 反面,,,,,0,0,,,
back side grid bar,,,后尘棒,,,,,0,0,,,
back side guard,,,轧机出口侧的推床导板,,,,,0,0,,,
back side loop,,,底毛圈,,,,,0,0,,,
back side strain,,,背面应变,,,,,0,0,,,
back sight,bæk sait,, 后视,,,,,0,0,,,
back sight angle,,,[网络] 过天顶高度,,,,,0,0,,,
back sight leaf,,,表尺板,,,,,0,0,,,
back sight slide,,,反测滑座,,,,,0,0,,,
back signal,,,回应[回原]信号,,,,,0,0,,,
back sinew,,,"[医] 背侧腱, 腿后腱",,,,,0,0,,,
back siphonage,,,【土木工程】反虹吸(能力),,,,,0,0,,,
back sizing,,,背面上浆,,,,,0,0,,,
back slab,,,悬臂板,,,,,0,0,,,
back slagging,,,炉后出渣,,,,,0,0,,,
back slang,,,倒拼隐语,,,,,0,0,,,
back slang it,,,从后面出走(窃贼间对话),,,,,0,0,,,
back slap,,,[网络] 拍背法,,,,,0,0,,,
back slash,'bækslæʃ,,n. 反斜杠，反斜线符号,,,,,0,0,,,
back slip,,,背视节理,,,,,0,0,,,
back slope,,,后坡,,,,,0,0,,,
back slope (of cuesta),,,后坡,,,,,0,0,,,
back slope(of cuesta),,,后坡,,,,,0,0,,,
back sloper,,,整坡器,,,,,0,0,,,
back slough,,,堤后湿地,,,,,0,0,,,
back slums,,,贫民窟,,,,,0,0,,,
back solution,,,【机器人】逆解，反解,,,,,0,0,,,
back somebody up,,,[网络] 支持某人；从道义上或行动上支持,,,,,0,0,,,
back someone up,,,[网络] 支持某人,,,,,0,0,,,
back somersault,,,后腾空翻,,,,,0,0,,,
back something up,bæk ˈsʌmθiŋ ʌp,, （计算机）备份; 使（汽车）堵塞,,,,,0,0,,,
back sonar,,,(汽车尾部的)缓冲器,,,,,0,0,,,
back source,,,[电] 后备电源,,,,,0,0,,,
back space,,,"退位,(打字机的)退格,返回",,,,,0,0,,,
back space file,,,回退文件,,,,,0,0,,,
back space file on multifile tape,,,[计] 多文件带的回退文件,,,,,0,0,,,
back space key,,,凿孔条倒退键,,,,,0,0,,,
back spacing time,,,(录音机的)倒带时间,,,,,0,0,,,
back span,,,后跨距,,,,,0,0,,,
back spattering,,,反电泼｛离子蚀刻｝,,,,,0,0,,,
back spectacle,,,[电] 里眼镜,,,,,0,0,,,
back spectacles,,,里眼镜,,,,,0,0,,,
back speed,,,退速,,,,,0,0,,,
back spin,bæk spin,,n. 后旋力; [体]后旋球,,,,,0,0,,,
back spin timer,,,反转时间继电器,,,,,0,0,,,
back splice,,, 索尾插接,,,,,0,0,,,
back splicing,,,索尾插接,,,,,0,0,,,
back splint,,,[医] 背夹,,,,,0,0,,,
back splinting,,,顶煤回採,,,,,0,0,,,
back spotfacing machine,,,背锪孔钻床,,,,,0,0,,,
back spread,,,[经] 缩差,,,,,0,0,,,
back squad,,,厚垫靠背,,,,,0,0,,,
back square,,,矩尺,,,,,0,0,,,
back stab,,,[网络] 背刺；偷袭；暗箭难防,,,,,0,0,,,
back staff,,,(以前测量天体高度用的)背测杆,,,,,0,0,,,
back stage,,,[网络] 后台；后舞台；舞台幕后,,,,,0,0,,,
back stage behavior,,,后台行为,,,,,0,0,,,
back stagger,,,后向斜罩,,,,,0,0,,,
back stair,,,[建] 后楼梯,,,,,0,0,,,
back stairs,,,"n. 后楼梯,诡秘的手段或方法",,,,,0,0,,,
back stamp,,,"底印,商标印",,,,,0,0,,,
back stand,,,张紧座\n后座,,,,,0,0,,,
back stand slide,,,后罗拉滑座,,,,,0,0,,,
Back starboard give way port!,,,右退左进!,,,,,0,0,,,
back statement,,,[计] 回退语句,,,,,0,0,,,
back stay,,,后拉索;(蒸汽机车锅炉的)背撑,,,,,0,0,,,
back steam,,,回汽,,,,,0,0,,,
back steam chest head,,,[动力] 汽室后盖,,,,,0,0,,,
back step,,,退步,,,,,0,0,,,
back step method,,,逐步退焊法,,,,,0,0,,,
back step sequence,,,[网络] 后退焊接顺序；退焊顺序；后退焊顺序,,,,,0,0,,,
back step welding,,,反手焊接,,,,,0,0,,,
back sth up,,,[网络] 回来了,,,,,0,0,,,
back stick,,,棍背击球,,,,,0,0,,,
back stitch,bæk stitʃ,, 回针针迹,,,,,0,0,,,
back stitching,,,[网络] 回针；返针；倒针,,,,,0,0,,,
back stoop falling,,,仰卧撑,,,,,0,0,,,
back stop,,,"逆行停止,定位簧,定位杆",,,,,0,0,,,
back stop motion,,,后退停止运动,,,,,0,0,,,
back stope,,,[矿业] 上向回采工作面,,,,,0,0,,,
back stopes,,,【采矿】向上回采工作面；仰采,,,,,0,0,,,
back stoping,,,上向回采法,,,,,0,0,,,
back stopper,,,后退定程挡块,,,,,0,0,,,
back stops,,,回复停止装置,,,,,0,0,,,
back store,,,后备储存,,,,,0,0,,,
back stories,,,[网络] 背后故事,,,,,0,0,,,
back story,,,[网络] 背景故事；先前故事；幕后故事,,,,,0,0,,,
back straddle,,,向后分腿跳,,,,,0,0,,,
back straight,,,非终点直道,,,,,0,0,,,
back straights,,,非终点直道；反手直线球（乒乓球术语）；拔背,,,,,0,0,,,
back strain,,,[网络] 下背肌拉伤；后张力,,,,,0,0,,,
back strain effect,,,[化] 反应变效应,,,,,0,0,,,
back strap,,,"背垫条,衬垫,垫里,垫座",,,,,0,0,,,
back strap joint,,,un. 贴板接合,,,,,0,0,,,
back strapped,,,对接贴板；后吊带；背垫条,,,,,0,0,,,
back streaming,,,返流；返向流,,,,,0,0,,,
back street,,,"背街,后街",,,,,0,0,s:back streets,,
back streets,,,n. 小街( back street的名词复数 ),,,,,0,0,0:back street/1:s,,
back strength,,,背力,,,,,0,0,,,
back stress,,,反应力;背应力,,,,,0,0,,,
back stretch,,,非终点直道,,,,,0,0,,,
back striking,,,[机] 回击,,,,,0,0,,,
back stripe,,,[纺] 双面背面条纹呢,,,,,0,0,,,
back stroke,,,"[医] 反击, 反冲",,,,,0,0,,,
back strut,,,后撑;反撑,,,,,0,0,,,
back substitution,,,[计] 倒转代换,,,,,0,0,,,
back suction,,,反吸,,,,,0,0,,,
back support,,,后撑,,,,,0,0,,,
back surface,,,[化] 底面,,,,,0,0,,,
back surface field,,,背面电场,,,,,0,0,,,
back surface field and back surface reflection solar cell,,,背场背反射太阳电池,,,,,0,0,,,
back surface field solar cell,,,背场太阳电池,,,,,0,0,,,
back surface reflection and back surface field solar cell,,,背场背反射太阳电池,,,,,0,0,,,
back surface reflection solar cell,,,背反射太阳电池,,,,,0,0,,,
back swamp,,,漫灌沼泽;漫滩沼泽,,,,,0,0,,,
back sweetening,,,[机] 反脱臭,,,,,0,0,,,
back swimmer,ˈbækˌswɪmə,,仰泳蝽,,,,,0,0,,,
"back swimmer, backswimmer","'bæk,swimə",,"n. 【昆虫】仰泳蝽,松藻虫[仰泳蝽科(Notonectidae)水虫][亦作 boat bug]",,,,,0,0,,,
back swing,,,[化] 回程,,,,,0,0,,,
back swing actuator,,,[机] 反铲回转促动器,,,,,0,0,,,
back switch rod,,,转辙器拉桿,,,,,0,0,,,
back switching,,,之字形路线,,,,,0,0,,,
back swivel sliver guide,,,后横动导条装置,,,,,0,0,,,
back tabulation,,,[计] 反向制表,,,,,0,0,,,
back tail lever,,,[电] 尾杆,,,,,0,0,,,
back talk,,,"回嘴,顶嘴,还口",,,,,0,0,s:back talks,,
back talks,,,n. 顶嘴；回嘴,,,,,0,0,0:back talk/1:s,,
back tangent,,,后切线,,,,,0,0,,,
back taper,,,[机] 倒推拔6,,,,,0,0,,,
back taper tap,,,倒锥丝锥;机用丝锥,,,,,0,0,,,
back tax,,,"[经] 退税, 拖欠税款",,,,,0,0,,,
back taxes,,,un. 退税\n[网络] 欠税；未交纳的税款；拖欠退缴税款,,,,,0,0,,,
back teeth,,,"[医] 后牙, 磨牙",,,,,0,0,0:back tooth/1:s,,
back tell,,,【军事】(由上而下的)情报逆递，传令,,,,,0,0,,,
back temperature,,,[制冷] 回气温度,,,,,0,0,,,
back tender,,,[机] 机背看守工,,,,,0,0,,,
back tendon,,,[医] 腿后腱(四足类胫骨后面的腱),,,,,0,0,,,
back tension,,,反张力,,,,,0,0,,,
back tension bridle,,,带材张紧装置,,,,,0,0,,,
back tension drawing,,,逆张力拉拔,,,,,0,0,,,
back test,,,(商品提价后作的)原价格测试,,,,,0,0,,,
back texture,,,反面组织,,,,,0,0,,,
back the anchor,,,[网络] 抛串联锚,,,,,0,0,,,
back the oars,,,倒着划浆,,,,,0,0,,,
Back the oars!,,,back the oars\n划倒桨，使船后退\n划倒桨(使船向后退)[见 oar],,,,,0,0,,,
back the right horse,,,[网络] 押对宝,,,,,0,0,,,
back the sails,,,调整船帆使船倒退,,,,,0,0,,,
back the wrong horse,,,下错赌注,,,,,0,0,,,
back then,,,[网络] 那时；那时候；过去,,,,,0,0,,,
back three,,,[网络] 后面三位；危险人物,,,,,0,0,,,
back thrust,,,后冲断层,,,,,0,0,,,
back thrusting,,,反向逆冲作用，背向逆冲断层作用，倒向逆冲断层作用,,,,,0,0,,,
back timber,,,顶梁,,,,,0,0,,,
back time,,,[美国俚语] 【法律】(重新犯罪再次入狱的假释犯须服完的)前判尚余刑期,,,,,0,0,,,
back timing,,,后面时序；后面定序,,,,,0,0,,,
back titrating,,,反滴定,,,,,0,0,,,
back titration,,,[化] 返滴定; 返滴定法,,,,,0,0,,,
back to,,,后退到\n回到,,,,,0,0,,,
back to back,,,"背靠背, 一前一后",,,,,0,0,,,
back to back (test),,,自发自收(测试)，本地回路(测试),,,,,0,0,,,
back to back account,,,[会计] 对开帐户,,,,,0,0,,,
back to back capacitor bank breaking current,,,背对背电容器组开断电流,,,,,0,0,,,
back to back connection,,,背对背连接,,,,,0,0,,,
back to back credit,,,"[经] 对开信用证书, 转开信用证书",,,,,0,0,,,
back to back credit export first,,,输出为先的对开信用证,,,,,0,0,,,
back to back credit import first,,,输入为先的对开信用证,,,,,0,0,,,
back to back duplex bearing,,,[机] 成对双联轴承,,,,,0,0,,,
back to back escrow,,,[法] 背对背契据,,,,,0,0,,,
Back to back FX agreement,,,背靠背外汇协议,,,,,0,0,,,
back to back L-C,,,背对背信用证,,,,,0,0,,,
back to back l/c,,,双边信用状,,,,,0,0,,,
Back to Back LC,,,[网络] 背对背信用证；背对背信用证融资,,,,,0,0,,,
back to back loan,,,背对背贷款,,,,,0,0,,,
back to back repeater,,,背对背转发器,,,,,0,0,,,
back to back sawtooth wave,,,背对背锯齿波,,,,,0,0,,,
back to back tug,,,拉背,,,,,0,0,,,
back to back with,,,和…背背相靠，和…背对背,,,,,0,0,,,
back to basics,,,[网络] 返璞归真；天生歌姬；回归基本,,,,,0,0,,,
back to earth,,,[网络] 回到地球；重返人间；返回地球,,,,,0,0,,,
back to face,,,反面对反面相叠,,,,,0,0,,,
back to front,,,前后倒置,,,,,0,0,,,
back to home,,,[网络] 回到首页；回主页；返回首页,,,,,0,0,,,
back to life,,,un. 回生\n[网络] 回到生活；恢复生机；有鲨鱼,,,,,0,0,,,
back to me,,,[网络] 回到我身边；根据先行词为,,,,,0,0,,,
back to my roots,,,[网络] 回到根源,,,,,0,0,,,
back to nature,,,[网络] 回归自然；归返自然；回归自然怀抱,,,,,0,0,,,
back to normal,,,还原,,,,,0,0,,,
back to our roots,,,[网络] 回根溯源,,,,,0,0,,,
back to sail,,,【帆船】倒划,,,,,0,0,,,
back to school,,, [电影]大儿子小爸爸,,,,,0,0,,,
back to square one,,,回到起始状态,,,,,0,0,,,
back to the drawing board,,,[网络] 失败后另起炉灶；从头开始；重新开始,,,,,0,0,,,
back to the future,,, [电影]回到未来3,,,,,0,0,,,
back to the land,,,[网络] 回归土地；回归大地；还诸大地,,,,,0,0,,,
Back to the salt mine,,,[网络] 重新回到工作岗位上,,,,,0,0,,,
back to the salt mines,,,"重回工作岗位,重操旧业,又要辛苦了",,,,,0,0,,,
back to the wall,,,"背山面水,山穷水尽,背水一战,危机四伏",,,,,0,0,,,
back to their roots,,,[网络] 涂鸦精神,,,,,0,0,,,
back to work,,,adj. 回到工作岗位的\n[网络] 回归工作；回去上班；回去工作了,,,,,0,0,,,
back to you,,,[网络] 老将出马；回到你身边；重回你身旁,,,,,0,0,,,
back to your roots,,,[网络] 回归本源,,,,,0,0,,,
back to...again,,,回到…,,,,,0,0,,,
Back together,,,un. 恢复；言归于好\n[网络] 一起回来；重修于好；舢板口令全倒桨,,,,,0,0,,,
Back together!,,,un. 恢复；言归于好\n[网络] 一起回来；重修于好；舢板口令全倒桨,,,,,0,0,,,
back tone,,,回报铃音,,,,,0,0,,,
back tool rest,,,后刀架,,,,,0,0,,,
back tooth,,,[网络] 后臼齿；后齿,,,,,0,0,s:back teeth,,
back top roller,,,后上罗拉,,,,,0,0,,,
back trace,,, 尾迹; 回描回扫,,,,,0,0,,,
back trace technique,,,向后追踪技术;回溯技术,,,,,0,0,,,
back track,,,n. 回路\n[网络] 由原路退回；夏日之神话；大会堂演奏厅,,,,,0,0,,,
back tracking,,,反向跟踪,,,,,0,0,,,
back tracking algorithm,,,[计] 回溯算法,,,,,0,0,,,
back tracking method,,,[数] 追踪法,,,,,0,0,,,
back tracking point,,,[计] 回溯点,,,,,0,0,,,
back trail,,,[网络] 后面的踪迹,,,,,0,0,,,
back transient,,,反向瞬变过程,,,,,0,0,,,
back transient procedure,,,反向瞬变过程,,,,,0,0,,,
back translation,,,回译,,,,,0,0,,,
back translator,,,还原翻译器,,,,,0,0,,,
back traverse,bæk ˈtrævəs,, 逆行,,,,,0,0,,,
back tube plate,,,[网络] 后管板,,,,,0,0,,,
back tube sheet,,,"后管板,火箱管板;焙烤铁板",,,,,0,0,,,
back turbine,,,[网络] 倒车涡轮,,,,,0,0,,,
back turn,,,"逆向匝,反作用匝",,,,,0,0,,,
back turn pulley,,,倒带轮,,,,,0,0,,,
back twisting,,,反向加捻,,,,,0,0,,,
back up,,,"支持, 倒退, 给...装上背衬",,,,,0,0,,,
back up area,,,备用堆置场,,,,,0,0,,,
back up battery,,,后备电池,,,,,0,0,,,
back up circuit,,,备用电路,,,,,0,0,,,
back up copy,,,副本,,,,,0,0,,,
back up data,,,备查资料,,,,,0,0,,,
back up for,,,[澳大利亚口语]返回取更多食品,,,,,0,0,,,
back up in parsing,,,分析的回溯,,,,,0,0,,,
back up item,bæk ʌp ˈaitəm,, [财]取消项目,,,,,0,0,,,
back up memory,,,后备存储器,,,,,0,0,,,
back up oscillator,,,后备振荡器,,,,,0,0,,,
back up plate,,,挡片,,,,,0,0,,,
back up power,,,[化] 备用电源,,,,,0,0,,,
back up procedure,,,后备过程,,,,,0,0,,,
back up protection,,,后备保护,,,,,0,0,,,
Back Up Ring,,,支承环,,,,,0,0,,,
Back Up Roll,,,支承辊,,,,,0,0,,,
back up sand,,,un. 充填砂\n[网络] 背砂,,,,,0,0,,,
back up system,,,后援系统,,,,,0,0,,,
back up tape,,,后备带,,,,,0,0,,,
Back Up The Truck,,,[网络] 低档补货,,,,,0,0,,,
back up value,,,倒推值,,,,,0,0,,,
back up water level,bæk ʌp ˈwɔ:tə ˈlevl,, 回升水位,,,,,0,0,,,
back up!,,,v. 支持，援助；（资料）备份；倒退；裱,,,,,0,0,,,
back upon,,,ph. 指望,,,,,0,0,,,
back value,,,[经] 倒帐,,,,,0,0,,,
back valve,,,"回动阀,止回阀,逆止阀,单向阀",,,,,0,0,,,
back veneer,,,[化] (胶合板之)里板,,,,,0,0,,,
back vent,,,(虹吸管的)顶背排气管,,,,,0,0,,,
back view,,,[计] 后视图\n[化] 后视图,,,,,0,0,,,
back view mirror,,,后视镜,,,,,0,0,,,
back vision,,,后视,,,,,0,0,,,
back voltage,,,反电压,,,,,0,0,,,
back vowel,,,na. (舌)后元音,,,,,0,0,,,
back vowels,,,[网络] 后元音；后位元音；前元音,,,,,0,0,,,
back walkover,,,【体操】后软翻,,,,,0,0,,,
back wall,,,(玻璃熔窑)投料端墙,,,,,0,0,,,
back walls,,,[网络] 背后的平面,,,,,0,0,,,
back ward impeller,,,后弯叶轮,,,,,0,0,,,
back ward leaning vane,,,[化] 后弯叶片,,,,,0,0,,,
back ward roll,,,后滚翻,,,,,0,0,,,
back ward welding,,,反手焊接,,,,,0,0,,,
back ward-curved blade,,,[化] 后弯叶片,,,,,0,0,,,
back wardation,,,倒价,,,,,0,0,,,
back warming,,,逆向致热,,,,,0,0,,,
back warp,,,背经，地经，底经,,,,,0,0,,,
back wash,,,un. 反冲洗；反洗；回洗；反充洗\n[网络] 逆洗；膜管每天定期冲洗动作；反洗位置,,,,,0,0,,,
back wash extractor,,,反萃器,,,,,0,0,,,
back wash pump,,,[机] 回洗泵,,,,,0,0,,,
back wash valve,,,[化] 逆洗阀,,,,,0,0,,,
back washer,,,毛条复洗机;复洗机,,,,,0,0,,,
back washing,,,[化] 回洗; 回洗法,,,,,0,0,,,
back washing machine,,,复洗机,,,,,0,0,,,
back water,,,令划手划倒桨\n[化] 回水,,,,,0,0,,,
back water curve,,,[化] 壅水曲线,,,,,0,0,,,
back water hammer,,,反水锤,,,,,0,0,,,
back water load,,,回水负载,,,,,0,0,,,
back water pump,,,[化] 回水泵,,,,,0,0,,,
back water suppressor,,,回水减低设备,,,,,0,0,,,
Back water!,,,倒划；退缩；退回原来立场,,,,,0,0,,,
back waters,,,倒划；退缩；退回原来立场,,,,,0,0,,,
back wave,,,[电] 反波,,,,,0,0,,,
back way,,,[网络] 后路；曼谷之旅,,,,,0,0,,,
back wear,,,背向磨损,,,,,0,0,,,
back weave,,,布背组织，里组织(梭织),,,,,0,0,,,
back weft,,,里纬,,,,,0,0,,,
back weight method,,,[网络] 锤回吊货法,,,,,0,0,,,
back weld,,,[化] 封底焊道,,,,,0,0,,,
back welding,,,[化] 封底焊,,,,,0,0,,,
back wheel,,,后轮,,,,,0,0,,,
back where you started,,,[网络] 那可白忙一场一切回到原点,,,,,0,0,,,
back width,,,背宽,,,,,0,0,,,
back winding,,,重绕,,,,,0,0,,,
back window,,,un. 窗腰\n[网络] 后窗；后挡风玻璃,,,,,0,0,,,
back window ledge,,,后窗台,,,,,0,0,,,
back wire,,,[电] 后部接线,,,,,0,0,,,
back wiring,,,"背面布线,反面布线",,,,,0,0,,,
back wiring operation,,,反面佈线作业,,,,,0,0,,,
back woods wood,,,处女林,,,,,0,0,,,
back wool,,,嵴背毛,,,,,0,0,,,
back work,,,辅助工作,,,,,0,0,,,
back work ratio,,,回功比,,,,,0,0,,,
back yard,ˌbækˈjɑː(r)d,,n. 后院；后花园\n[网络] 后院与店家；充满花香果香的后院；后院式,,,,,0,0,,,
back yard garden,,,后花园,,,,,0,0,,,
back yard industry,,,小型工业,,,,,0,0,,,
back yards,,,[建] 后院,,,,,0,0,,,
back you up,,,[网络] 支持你；让你无后顾之忧；背对着你,,,,,0,0,,,
back(-)burner,"'bæk,bə:nə",,adj. 暂处于次要(或不重要)地位的，不重要的，一时非优先的，次要的，从属的，不要紧的，第二位的\nvt. 将…搁置一边或一时(暂缓考虑)；将…置于暂次要(或暂不优先)地位,,,,,0,0,,,
back(-)country,"'bæk,kʌntri",,n. 偏僻地区；边远地区；人烟稀少的农村地区\nadj. 偏僻地区的，边远地区的，偏僻乡村的；；偏僻乡村(或穷乡僻壤)特有的,,,,,0,0,,,
back(-moving) spring,,,[机] 复原弹簧,,,,,0,0,,,
back(ing) ring,,,[机] 衬圈,,,,,0,0,,,
back(ward)ware,,,"逆波,反向波",,,,,0,0,,,
"back, loop",,,n. 回翻筋门\n[网络] 背纱圈；底线圈；反面线圈,,,,,0,0,,,
back-,bæk,,n. 背；后面；后卫；腰背\nv. 支持；倒退；帮助；下赌注于（赛马、参赛队伍等）\nadv. 向后；以前；回报；回原处\nadj. 背后的；后面的；后部的；过去的\n[网络] 返回；背部；后退,,,,,0,0,s:sbsascsks-s,,
back- translation,,,来回翻译,,,,,0,0,,,
back-ache,,,[网络] 下背痛,,,,,0,0,,,
back-acting hay tedder,,,反向作用式摊草机,,,,,0,0,,,
back-action,,,n. 反动\n[网络] 回力搭扣,,,,,0,0,,,
back-action clasp,,,回力卡环,,,,,0,0,,,
back-action plugger,,,[医] 回力充填器,,,,,0,0,,,
back-alley,'bæk'æli,,"n. 穷街陋巷,狡诈的手段\na. 陋巷的, 穷困的",j:100,,,,0,0,s:back-alleys,,
back-alley abortion,,,[网络] 堕胎,,,,,0,0,,,
back-alleys,'bæk'æli,,adj. 陋巷的；不登大雅之堂的；卑劣的；鬼鬼祟祟的\nn. 穷街陋巷；狡诈的手段；（英）街后窄巷,,,,,0,0,0:back-alley/1:s,,
back-along,,,[网络] 回来,,,,,0,0,,,
back-and-forth,,,"反复地, 来回地",j:100,,,,0,0,,,
back-and-forth bending test,,,反复弯曲试验,,,,,0,0,,,
back-and-forth method,,,选择法,,,,,0,0,,,
back-and-forth mode,,,前后扫描方式,,,,,0,0,,,
back-and-forthing,,,来来回回,,,,,0,0,,,
back-and-forths,'bækən'fɔ:θ,,adj.\n前后移动的，来回的，往返的；反复的,,,,,0,0,,,
back-and-to,'bækən'tu:,,adj. [美国方言] = back-and-forth,,,,,0,0,,,
back-andforth,,,[网络] 来来回回的,,,,,0,0,,,
back-angle,'bæk'æŋɡl,, 反向角,,,,,0,0,,,
back-angle counter,,,记录逆向散射粒子的计数管,,,,,0,0,,,
back-annotate,,,后端注释,,,,,0,0,,,
back-annotation,,,倒回注释,,,,,0,0,,,
back-arc,,,弧后,,,,,0,0,s:back-arcs,,
back-arc area,,,弧后区,,,,,0,0,,,
back-arc basin,,,弧后盆地,,,,,0,0,,,
back-arc spreading,,,弧后扩张,,,,,0,0,,,
back-arc subduction,,,弧后俯冲,,,,,0,0,,,
back-arcs,,,弧后\n(back-arc 的复数),,,,,0,0,0:back-arc/1:s,,
back-assward,,,[网络] 背屁股,,,,,0,0,,,
back-asswards,,,[网络] 背屁股,,,,,0,0,,,
back-axle,,,un. 后车轴\n[网络] 后轴；后桥传动,,,,,0,0,,,
back-back,,,[网络] 背对背贷款,,,,,0,0,,,
back-back porch,,,水平同步信号后延时间,,,,,0,0,,,
back-basket store,,,背篓商店,,,,,0,0,,,
Back-Bay,bæk,,n. 后湾区(波士顿上层阶级住宅区),,,,,0,0,,,
back-beaming method,,,分批整经法,,,,,0,0,,,
back-bearer,,,织机后梁,,,,,0,0,,,
back-bearing,,,反象限角；反方位角，[水运] 反方位,,,,,0,0,s:back-bearings,,
back-bearings,,,反象限角；反方位角，[水运] 反方位\n(back-bearing 的复数),,,,,0,0,0:back-bearing/1:s,,
back-bench,,,后座议员席位,,,,,0,0,s:back-benches,,
back-bencher,'bækb'entʃə,,n. 英国国会下院的普通议员,n:100,,,,0,0,s:back-benchers,,
back-benchers,,plural of back-bencher,(back-bencher 的复数) n. 英国国会下院的普通议员,,,,,0,0,0:back-bencher/1:s,,
back-benches,,plural of back-bench,(back-bench 的复数) 后座议员席位,,,,,0,0,0:back-bench/1:s,,
back-bend,,,下腰,,,,,0,0,s:back-bends,,
back-bends,,plural of back-bend,(back-bend 的复数) 下腰,,,,,0,0,0:back-bend/1:s,,
back-bent occlusion,,,后曲锢囚,,,,,0,0,,,
back-berend,,,[网络] 后退,,,,,0,0,,,
back-biased,,,[电子] 反馈偏压的,,,,,0,0,,,
back-biased barrier,,,反向偏压阻挡层,,,,,0,0,,,
back-biased resistance,,,反馈偏压电阻,,,,,0,0,,,
back-biased silicon diode,,,反向偏置硅二极管,,,,,0,0,,,
back-bit,,,v. 背后诽谤；背后中伤（backbite的过去式）,,,,,0,0,,,
back-bite,,,[网络] 回咬蛰刺,,,,,0,0,,,
back-bites,,,[网络] 背后咬,,,,,0,0,,,
back-biting,"'bæk,baitiŋ",,n. 诽谤；中伤\nv. 背后诽谤；中伤（backbite的ing形式）,,,,,0,0,s:back-bitings,,
back-bitings,"'bæk,baitiŋ",,n. 诽谤；中伤\nv. 背后诽谤；中伤（backbite的ing形式）,,,,,0,0,0:back-biting/1:s,,
back-bitten,,,[网络] 背部咬伤,,,,,0,0,,,
back-blading,,,倒刮,,,,,0,0,,,
back-blast,'bækblɑ:st,,n. 反向爆炸；废气冲击,,,,,0,0,s:back-blasts,,
back-blasts,'bækblɑ:st,,n. 反向爆炸；废气冲击,,,,,0,0,0:back-blast/1:s,,
back-bleeding,,,n. 血流入胸腔,,,,,0,0,,,
back-blowing steam,,,回收蒸汽,,,,,0,0,,,
back-board,,,[机] 背板，背靠，底板，后板，后部挡板；靠背板,,,,,0,0,,,
back-bombardment,,,反轰击,,,,,0,0,,,
back-bond,,,un. 退回证券\n[网络] 支持债券；保管证书；反向键,,,,,0,0,,,
back-bonding,,,反向键,,,,,0,0,s:back-bondings,,
back-bondings,,,反向键\n(back-bonding 的复数),,,,,0,0,0:back-bonding/1:s,,
back-bone,,,分水岭；脊柱,,,,,0,0,s:back-bones,,
back-bone range,,,嵴梁山脉,,,,,0,0,,,
back-boned,'bæk'bəund,,adj. 有脊椎的；有骨气的；有脊骨的,,,,,0,0,,,
back-bones,,,背骨,,,,,0,0,0:back-bone/1:s,,
back-boundary cell,,,后膜光电管,,,,,0,0,,,
back-breaker,"'bæk,breɪkə",,n. 艰苦的工作；工作勤奋的人,,,,,0,0,,,
back-breaking,,,a. 使人筋疲力尽的,j:100,,,,0,0,,,
back-bred,'bækbred,,vt. 反向繁殖；回育培育(经选种重新培育已灭绝或濒于灭绝的物种),,,,,0,0,,,
back-burn,,,逆风用火,,,,,0,0,,,
back-burner,,, 把…搁置一时,,,,,0,0,s:back-burners,,
back-burnered,"'bæk,bə:nə",,adj. 暂处于次要(或不重要)地位的，不重要的，一时非优先的，次要的，从属的，不要紧的，第二位的\nvt. 将…搁置一边或一时(暂缓考虑)；将…置于暂次要(或暂不优先)地位,,,,,0,0,,,
back-burners,,,次要地位；多眼炉子的后炉眼,,,,,0,0,0:back-burner/1:s,,
back-busting,,,"adj. 辛苦的,辛劳的",,,,,0,0,,,
back-by-back display,,,双向距离显示器,,,,,0,0,,,
back-bye work,,,辅採工作,,,,,0,0,,,
back-call,,,n. (推销员对顾客的)第二次访问,,,,,0,0,,,
back-cap,,,v. 毁谤；〈美俚〉说…的坏话,,,,,0,0,,,
back-cast,,,[网络] 后抛；回推,,,,,0,0,,,
back-catalogue,,,n. （音乐家的）先期录音全辑\n[网络] 旧目录；旧演奏曲；库藏旧目录,,,,,0,0,s:back-catalogues,,
back-catalogues,,,[网络] 唱片公司偏向发行先前专辑,,,,,0,0,0:back-catalogue/1:s,,
back-chain,"'bæk,tʃein",,n. (绕过马脖架起车辕的)背链，背带,,,,,0,0,,,
back-chained reasoning,,,[计] 后向链推理,,,,,0,0,,,
back-channel,bæk ˈtʃænl,a via a back channel,n. 反向通道; 〈美〉秘密渠道; 非正规途径,j:100,,,,0,0,s:back-channels,,
back-channeled,,,[网络] 反向渠道,,,,,0,0,,,
back-channeling,,,[网络] 渠道返回,,,,,0,0,,,
back-channelled,,,[网络] 反向渠道,,,,,0,0,,,
back-channelling,,,[网络] 衬托型反馈形式,,,,,0,0,,,
back-channels,,,[网络] 背后管道,,,,,0,0,0:back-channel/1:s,,
back-chat,,,回来聊天,,,,,0,0,s:back-chats,,
back-chats,'bæktʃæt,,n. 顶嘴；机智诙谐的交谈；反诘,,,,,0,0,0:back-chat/1:s,,
back-check,'bæktʃek,,"n. 检查, 查验(工作或报告等)",,,,,0,0,,,
back-check cloth,,,[纺] 背面格子双层织物,,,,,0,0,,,
back-checker,"'bæk,tʃek",,"n. (对已完成工作的)复查, 检查；检验\nvt. (工作验收前)检查, 复查(已完成的工作)；【冰球】后退到本方守区阻截(对方球员)[参较 forecheck]\nvi. 【冰球】退回本方守区内阻截, 回防, 退守",,,,,0,0,,,
back-checking,"'bæk,tʃek",,n. （已完成工作之）检查\nvt. 查验,,,,,0,0,,,
back-chipping,,,铲焊根，清根；背面錾平,,,,,0,0,,,
back-cloth,,,[网络] 印花衬布；背景幕；书脊布,,,,,0,0,s:back-cloths,,
back-cloth star,,,[网络] 背布星,,,,,0,0,,,
back-cloths,'bækklɒθ,,n. 背景幕,,,,,0,0,0:back-cloth/1:s,,
back-coated mirror,,,背涂层反射镜,,,,,0,0,,,
back-coating,,,[计] 底面涂层,,,,,0,0,,,
back-comb,,,倒梳（头发）（使之蓬松）,,,,,0,0,,,
back-combed,,past participle of back-comb,(back-comb 的过去分词) 倒梳（头发）（使之蓬松）,,,,,0,0,0:back-comb/1:d,,
back-combing,,,[网络] 逆梳；倒梳削发技巧,,,,,0,0,s:back-combings,,
back-combings,,,[网络] 逆梳；倒梳削发技巧\n(back-combing 的复数),,,,,0,0,0:back-combing/1:s,,
back-combs,"'bæk,kəʊm",,倒梳（头发）（使之蓬松）,,,,,0,0,0:back-comb,,
back-cone,,,[机] 背锥\n[机] 背锥面,,,,,0,0,,,
back-connected,,,[科技] 后部连接的,,,,,0,0,,,
back-connected fuse,,,后接熔断器,,,,,0,0,,,
back-contact transistor,,,背面接触式晶体管,,,,,0,0,,,
back-countries,'bækkʌntri,,n. 偏僻地区；边远地区；穷乡僻壤\nadj. 偏僻地区的,,,,,0,0,0:back-country/1:s,,
back-country,,,偏远地区,j:100,,,,0,0,s:back-countries,,
back-coupled generator,,,反馈振荡器,,,,,0,0,,,
back-coupled Hall generator,,,反馈耦合霍尔发生器,,,,,0,0,,,
back-coupling,,,[计] 反向耦合,,,,,0,0,,,
back-coupling condition,,,反馈耦合条件,,,,,0,0,,,
back-court,,,后场,,,,,0,0,s:back-courts,,
back-courts,"'bæk,kɔrt",,n. 距球门最远处；端线；后场,,,,,0,0,0:back-court/1:s,,
back-cover,,,封底；表后背,,,,,0,0,,,
back-crank pumping unit,,,前置式游梁抽油机,,,,,0,0,,,
back-crawl,,,"n. 反手拍球,仰泳\nv. 用反手击",,,,,0,0,,,
back-cross,,,[医] 反交,,,,,0,0,,,
back-crosses,'bækkrɒs,,vi. 回交\nvt. 使回交\nn. 回交,,,,,0,0,,,
back-current principle,,,[电子] 反向电流原理,,,,,0,0,,,
back-current relay,,,反向电流继电器,,,,,0,0,,,
back-date,,,v. 追溯\n[网络] 倒填日期；填早日期；倒填装船日期,,,,,0,0,,,
back-dated,,,[网络] 倒签提单；葡萄牙之旅已悄悄地完成了,,,,,0,0,s:back-dateds,,
back-dateds,,,[网络] 倒签提单；葡萄牙之旅已悄悄地完成了\n(back-dated 的复数),,,,,0,0,0:back-dated/1:s,,
back-dating,,,倒填日期,,,,,0,0,s:back-datings,,
back-datings,,,n. 倒填日期\nv. 追溯（backdate的ing形式）,,,,,0,0,0:back-dating/1:s,,
back-diagonal,,,[计] 反对角线,,,,,0,0,,,
back-diffusion,,,反扩散,,,,,0,0,,,
back-door,,, 后门的；不正当的,j:100,,,,0,0,s:back-doors,,
back-door cold front,,,[网络] 逆向冷锋；后冷锋,,,,,0,0,,,
back-door influence,,,暗中(或幕后)的势力,,,,,0,0,,,
Back-door listing,,,借壳上市,,,,,0,0,,,
back-door man,'bæk'dɔ:,,[美国俚语](由后门进来的)已婚女人的情夫，野汉子,,,,,0,0,,,
back-door method,,,阴谋,,,,,0,0,,,
back-door selling,,,暗盘销售,,,,,0,0,,,
back-doors,,,[网络] 后门,,,,,0,0,0:back-door/1:s,,
back-double,,,[网络] 背面双手二头肌,,,,,0,0,,,
back-doubles,,,[网络] 后双打,,,,,0,0,,,
back-down,,,放弃；让步,,,,,0,0,,,
back-draft damper,,,反向通风调节风门,,,,,0,0,,,
back-draw,,,[网络] 向后拉,,,,,0,0,,,
back-drop,,,n. 反摔,,,,,0,0,s:back-drops,,
back-drops,,plural of back-drop,(back-drop 的复数) n. 反摔,,,,,0,0,0:back-drop/1:s3,,
back-dynamometer,,,背肌力计,,,,,0,0,,,
back-echo reflection,,,[网络] 后回波反射；反向回波反射；回波返射,,,,,0,0,,,
back-emf,'bæk'emf,,n. 反电动势; 逆起电力,,,,,0,0,,,
back-emf coefficient,,,[电磁] 反电动势系数,,,,,0,0,,,
back-emission,,,反向放射,,,,,0,0,,,
back-emission electron radiography,,,[电] 反向发射式电子线摄影术,,,,,0,0,,,
back-end,bæk end,,n. 后端; 后头,j:100,,,,0,0,s:back-ends,,
back-end computer,,,[计] 后端计算机,,,,,0,0,,,
back-end crop,,,切尾,,,,,0,0,,,
back-end data base system,,,[计] 后端数据库系统,,,,,0,0,,,
back-end DB processor,,,后端数据库处理机,,,,,0,0,,,
back-end DB system structure,,,[计] 后端数据库系统结构,,,,,0,0,,,
back-end difference,,,（情绪）后段差异,,,,,0,0,,,
back-end ductwork,,,部烟道,,,,,0,0,,,
back-end enforcement,,,[网络] 后方执法,,,,,0,0,,,
back-end load,,,(投资)撤离费，赎回费,,,,,0,0,,,
back-end loading,,,[网络] 后端加载,,,,,0,0,,,
back-end man,,,切煤机助手,,,,,0,0,,,
back-end metallization,,,后段金属制程,,,,,0,0,,,
back-end network,,,[计] 后端网,,,,,0,0,,,
back-end networking,,,后端网路（网）,,,,,0,0,,,
back-end of line,,,后段制程,,,,,0,0,,,
back-end process,,,[计] 后端进程,,,,,0,0,,,
back-end processor,,,[计] 后端处理机,,,,,0,0,,,
back-end program,,,后端程式,,,,,0,0,,,
back-end service time,,,后端服务时间,,,,,0,0,,,
back-end shield,,,[铁路 车辆] 后端盖,,,,,0,0,,,
back-end sill,,,后部端梁,,,,,0,0,,,
back-end surfaces,,,部受热面,,,,,0,0,,,
back-end system,,,[网络] 后端系统；末端系统；后端系统服务,,,,,0,0,,,
back-end transaction,,,后端交易，后端事项处理程序,,,,,0,0,,,
back-ends,,,na. 核废料回收部分；后端,,,,,0,0,0:back-end/1:s,,
back-extension,,,[网络] 背部伸展；背伸动作；背部向后伸展,,,,,0,0,,,
back-extract,,,反萃取,,,,,0,0,,,
back-extractant,,,[化] 反萃取剂,,,,,0,0,,,
back-extraction,,,反萃取,,,,,0,0,,,
back-extrapolate,,,反向外推,,,,,0,0,,,
back-face,,,后端面；背面,,,,,0,0,,,
back-facet monitor,,,背面监视器,,,,,0,0,,,
back-fat thickness,,,背膘厚度,,,,,0,0,,,
back-feed,,,[电子][自] 反馈；回授,,,,,0,0,,,
back-feed material,,,回填材料,,,,,0,0,,,
back-feet,,,后脚,,,,,0,0,0:back-foot/1:s,,
back-fence,'bæk'fens,,"a. 邻居的, 邻居间的",,,,,0,0,,,
back-fill,,,[机] 填充,,,,,0,0,s:back-fills,,
back-fill tamper,,,回填捣塞机,,,,,0,0,,,
back-filled,,,"反填充的,倒填充的",,,,,0,0,s:back-filleds,,
back-filled fabric,,,单面上浆织物,,,,,0,0,,,
back-filled finish,,,单面上浆加工,,,,,0,0,,,
back-filleds,,,"反填充的,倒填充的\n(back-filled 的复数)",,,,,0,0,0:back-filled/1:s,,
back-filling,,,[化] 回填充,,,,,0,0,,,
back-filling in layers,,,分层回填,,,,,0,0,,,
back-filling machine,,,单面上浆机,,,,,0,0,,,
back-filling tamper,,,回填夯实机,,,,,0,0,,,
back-filling temper,,,[建] 回填夯实机,,,,,0,0,,,
back-fills,,,回填，填充,,,,,0,0,0:back-fill/1:s,,
back-fin,,,背鳍,,,,,0,0,,,
back-fire,,,[机] 反焰,,,,,0,0,,,
back-fire arrangement,,,回火装置,,,,,0,0,,,
back-fire arrester,,,回火制止器,,,,,0,0,,,
back-fire check valve,,,逆火止回阀,,,,,0,0,,,
back-fire relief device,,,[动力] 消除逆火装置,,,,,0,0,,,
back-fired,,past participle of back-fire,(back-fire 的过去分词) [机] 反焰,,,,,0,0,0:back-fire/1:d,,
back-firing,,,un. 逆弧\n[网络] 迎面火,,,,,0,0,,,
back-fist,,,[网络] 背拳；通背拳,,,,,0,0,s:back-fists,,
back-fists,,plural of back-fist,(back-fist 的复数) [网络] 背拳；通背拳,,,,,0,0,0:back-fist/1:s,,
back-flame boiler,,,回焰锅炉,,,,,0,0,,,
back-flap,,,百叶窗,,,,,0,0,,,
back-flap hinge,,,[建] 明铰链,,,,,0,0,,,
back-flip,"'bæk,flip",,后空翻,,,,,0,0,,,
back-flips,"'bæk,flip",,后空翻,,,,,0,0,,,
back-flow,'bækfl'əʊ,, [医]回流,,,,,0,0,,,
back-flow velocity,,,回流速度,,,,,0,0,,,
back-flush(ing) chromatography,,,[化] 反冲色谱法,,,,,0,0,,,
back-flushed waste disposal,,,倒灌污水,,,,,0,0,,,
back-flushing,,,反冲,,,,,0,0,s:back-flushings,,
back-flushing technique,,,反冲技术,,,,,0,0,,,
back-flushings,,,反冲\n(back-flushing 的复数),,,,,0,0,0:back-flushing/1:s,,
back-fold,,,百叶窗,,,,,0,0,,,
back-folding,,,折合,,,,,0,0,,,
back-foot,,,后脚,,,,,0,0,s:back-feet,,
back-form,,,[网络] 底模,,,,,0,0,,,
back-formation,,n. a word invented (usually unwittingly by subtracting an affix) on the assumption that a familiar word derives from it,"n. 逆序造词, 倒反构词",,,,,0,0,s:back-formations,,
"back-formation, back formation",'bækfɔr'meiʃən,,n. 【语言学】；逆构词，逆成词，反成(指脱落一词的词缀以构成新词，如typewrite是typewriter的逆构词)；逆序构词法，反成法,,,,,0,0,,,
back-formations,,,n. 〔语〕逆构词法\n[网络] 逆成法；逆生法；逆向构词法,,,,,0,0,0:back-formation/1:s,,
back-formed,,,[网络] 逆构出来的,,,,,0,0,,,
back-front,,,n. 回笼\n[网络] 后-前,,,,,0,0,,,
back-furrow,,,un. 蛇形丘；闭垄,,,,,0,0,,,
back-ganging,"'bæk,ɡæŋiŋ",,adj.\n[苏格兰英语]拖延的；拖欠的；落后的,,,,,0,0,,,
back-garden,,,后花园,,,,,0,0,s:back-gardens,,
back-gardens,,plural of back-garden,(back-garden 的复数) 后花园,,,,,0,0,0:back-garden/1:s,,
back-gate,,,[网络] 背栅；背闸,,,,,0,0,s:back-gates,,
back-gate transconductance,,,后闸极式互导,,,,,0,0,,,
back-gates,,,[网络] 背栅；背闸\n(back-gate 的复数),,,,,0,0,0:back-gate/1:s,,
back-gauge,,,轮背距测规,,,,,0,0,,,
back-gear,,,后倒齿轮；慢盘齿轮；[机] 背齿轮,,,,,0,0,,,
back-geared,'bækɡ'ɪəd,s (of a lathe) equipped with gearing for reducing the speed of the spindle from that of the driving pulley, 后齿轮的,,,,,0,0,,,
back-geared upright drill press,,,背齿轮立式钻床,,,,,0,0,,,
back-green,"'bæk,ɡri:n",,n. 屋后草坪,,,,,0,0,,,
back-grey,,,[网络] 印花衬布；印花用底布,,,,,0,0,,,
back-ground,,,背景,,,,,0,0,s:back-grounds,,
back-grounds,,plural of back-ground,(back-ground 的复数) 背景,,,,,0,0,0:back-ground/1:s,,
back-guard,,,[网络] 单手剑攻击姿势；护卫；标准防卫,,,,,0,0,,,
back-hacking,,standing behind someone and/or gong behind someones back in order to steal their information and hack into their accounts\n> I was on the basketball court the other day and my bro was standing behind me was backhacking my phone.\n,,,,,,0,0,,,
back-hair,,,[网络] 背毛,,,,,0,0,,,
back-hair parts,,,扮演披发垂肩的悲角,,,,,0,0,,,
back-half,,,[网络] 半部,,,,,0,0,,,
back-hand,,,un. 反手击球,,,,,0,0,,,
back-hand drainage,,,倒转水系,,,,,0,0,,,
back-hand welding,,,回手熔接,,,,,0,0,,,
back-handed,bæk'hændɪd,,adj. 间接的；反手拍击的\nv. 用手背打击；反手击球（backhand的过去分词）,,,,,0,0,,,
back-handed compliment,,,[网络] 转弯抹角的恭维；转弯抹角式的恭维,,,,,0,0,,,
back-handed compliments,,,[网络] 李光耀爱派送虚伪称赞,,,,,0,0,,,
back-handed turn,,,无利益的交易,,,,,0,0,,,
back-handedly,,,[网络] 背靠背,,,,,0,0,,,
back-handedness,,,[网络] 背手,,,,,0,0,,,
back-hander,'bækhændə,,n. 逆打；反手一击；追加的一杯酒；（英）回扣,,,,,0,0,s:back-handers,,
back-handers,,plural of back-hander,(back-hander 的复数) n. 逆打；反手一击；追加的一杯酒；（英）回扣,,,,,0,0,0:back-hander/1:s,,
back-handexd,,,[网络] 背面的,,,,,0,0,,,
back-handing,'bækhænd,,n. 反手拍；反手抽击\nvt. 反手抽击\nadv. 以反手；用手背\nadj. 反手的（网球等运动中的动作）,,,,,0,0,,,
back-hands,'bækhænd,,n. 反手拍；反手抽击\nvt. 反手抽击\nadv. 以反手；用手背\nadj. 反手的（网球等运动中的动作）,,,,,0,0,,,
back-haul,'bækh'ɔ:l,, [计]空载传输，迂回信程,,,,,0,0,,,
back-haul airlift,,,[网络] 返程空运,,,,,0,0,,,
back-hauling calculation,,,逆转计算法,,,,,0,0,,,
back-head,,,un. 机车外门板\n[网络] 后端板；氮气室；后体,,,,,0,0,,,
back-header,,,后部集管箱,,,,,0,0,,,
back-heel,,,驴回头,,,,,0,0,,,
back-hoe bucket,,,反铲斗,,,,,0,0,,,
back-hoe front end loader,,,后挖前卸式挖装机,,,,,0,0,,,
back-home,,,真爱守候（歌名）,,,,,0,0,,,
back-house,,,un. 后屋\n[网络] 后台；帕沙迪纳；后屋出租,,,,,0,0,,,
back-houses,'bækhaʊs,,n. 外厕；后屋；后面的小屋\nn. (Backhouse)人名；(英)巴克豪斯,,,,,0,0,,,
back-illuminated,,,[网络] 背照射；背照式；背面入射技术,,,,,0,0,,,
back-in,,,后内刃,n:100,,,,0,0,s:backs-in,,
back-inlet,,,un. 后部进水口,,,,,0,0,,,
back-iron,,,护铁,,,,,0,0,s:back-irons,,
back-irons,,,护铁\n(back-iron 的复数),,,,,0,0,0:back-iron/1:s,,
back-issue,,,过期报刊，过刊,,,,,0,0,,,
back-kick,,,逆转,,,,,0,0,,,
back-kitchen,,,[网络] 后厨房,,,,,0,0,s:back-kitchens,,
back-kitchens,,,[网络] 后厨房\n(back-kitchen 的复数),,,,,0,0,0:back-kitchen/1:s,,
back-land,,,un. 腹地\n[网络] 堤后泛滥地,,,,,0,0,,,
back-lash,,,[机] 齿隙,,,,,0,0,,,
back-lash eliminator,,,[机] 齿隙消除装置,,,,,0,0,,,
back-lash play,,,[网络] 空隙行程,,,,,0,0,,,
back-lash potential,,,反栅极电位,,,,,0,0,,,
back-lash spring,,,[机] 消隙弹簧,,,,,0,0,,,
back-lash voltage,,,[电子] 反栅极电压,,,,,0,0,,,
back-leak,,,回漏,,,,,0,0,,,
back-left,,,un. 驾驶杆左压\n[网络] 左后；向左后方退；后排左,,,,,0,0,,,
back-level release,,,[计] 后层释放,,,,,0,0,,,
back-light scribing,,,透光雕绘,,,,,0,0,,,
back-lighted,,,[网络] 背光,,,,,0,0,,,
back-lighted nameplate,,,[车辆] 后照明式铭牌,,,,,0,0,,,
back-lighted plotting surface,,,反光绘图面,,,,,0,0,,,
back-lighted shot,,,逆光摄影,,,,,0,0,,,
back-lighting,,,背景照明；逆光照明,,,,,0,0,s:back-lightings,,
back-lighting reduction,,,[测] 透光缩小,,,,,0,0,,,
back-lightings,,,背景照明；逆光照明,,,,,0,0,0:back-lighting/1:s,,
back-line,,,un. 后缝线；端线附近的队员；回头缆；背线\n[网络] 后卫线；回电线；后台扬声器,,,,,0,0,s:back-lines,,
back-lines,,,[网络] 端线,,,,,0,0,0:back-line/1:s,,
back-lining,,,背衬,,,,,0,0,,,
back-lit,,,背光,,,,,0,0,,,
back-lit display,,,后照显示器,,,,,0,0,,,
back-load,,,[网络] 回程载货,,,,,0,0,,,
back-loaded,"'bæk,ləud",,vt. 推延，推迟(发薪等)[参较 front-load]:,,,,,0,0,,,
back-log,,,un. 衰弱木；存货；定单积压\n[网络] 拖欠订单；红色线表示待生产任务,,,,,0,0,s:back-logs,,
back-logged,,,积压（ backlog的过去式和过去分词 ）,,,,,0,0,,,
back-logs,'bæklɒg,,n. [管理] 积压的工作；积压待办的事务；大木材\nvt. 储备；把…积压起来,,,,,0,0,0:back-log/1:s,,
back-lot,,,露天片厂,,,,,0,0,,,
back-mark,,,un. 后标记\n[网络] 背纹；背印,,,,,0,0,,,
back-marker,"'bæk,mɑ:kə",,n. [英国英语]开赛车时处于最不利条件的人；(汽车比赛中的)失败者；落选者(= also-ran),,,,,0,0,s:back-markers,,
back-markers,,plural of back-marker,(back-marker 的复数) n. [英国英语]开赛车时处于最不利条件的人；(汽车比赛中的)失败者；落选者(= also-ran),,,,,0,0,0:back-marker/1:s,,
back-matter,,,na. (正文后的)附加资料,,,,,0,0,,,
back-migration,,,反向移动,,,,,0,0,,,
back-mix condition,,,混条件,,,,,0,0,,,
back-mix fluidized bed reactor,,,混流化床反应器,,,,,0,0,,,
back-mix-flow reactor,,,[化] 返混流反应器,,,,,0,0,,,
back-mixing,,,回混,,,,,0,0,,,
back-mounted,,,背后安装的,,,,,0,0,,,
back-moving spring,,,复位弹簧;拉紧弹簧;延缓弹簧,,,,,0,0,,,
back-mutate,",bæk'mju:teit; -mju:'teit",,vi. 【生物学、遗传学】回复突变，复归突然变异,,,,,0,0,,,
back-mutated,,,vi. back-mutate的变形,,,,,0,0,,,
back-mutating,,,vi. back-mutate的变形,,,,,0,0,,,
back-nine,,,[网络] 后九洞；下半场；十八洞球场中的后九洞,n:100,,,,0,0,s:back-nines,,
back-nines,,,[网络] 后九洞；下半场；十八洞球场中的后九洞\n(back-nine 的复数),,,,,0,0,0:back-nine/1:s,,
back-number,,,n. 过期刊物；老古董,,,,,0,0,s:back-numbers,,
back-numbers,,,n. 过期刊物；老古董,,,,,0,0,0:back-number/1:s,,
back-of-an-envelope,,,[网络] 简易快速计算的,,,,,0,0,s:backs-of-an-envelope,,
back-of-beyond,,,僻远地区,,,,,0,0,s:backs-of-beyond,,
back-of-board wiring,,,后接线,,,,,0,0,,,
back-of-the-book,'bækəvðə'buk,,adj. [美国英语](广播、报纸、杂志等中有关文教、艺术动态、科技进步等)公众感兴趣部分的，普遍感兴趣的题材的，兴趣题材的；有关兴趣题材的；花絮新闻的,,,,,0,0,,,
back-of-the-envelope,'bækəvði'envələup;-ən-,,adj. 无需精心(或不必复杂)计算的，可容易而迅速确定的，快速而容易确定的，大体归纳出的；突然想到的,j:100,,,,0,0,,,
back-of-the-envelope calculation,,,[网络] 封底计算,,,,,0,0,,,
"back-of-the-envelope, back-of-an-envelope",'bækəvði'envələup;-ən-,,adj. 无需精心(或不必复杂)计算的，可容易而迅速确定的，快速而容易确定的，大体归纳出的；突然想到的,,,,,0,0,,,
back-of-the-yards,,,[网络] 后院,,,,,0,0,,,
Back-Off,,,[计] 烤网,,,,,0,0,,,
back-off angle,,,"[机] 后让角, 后角",,,,,0,0,,,
back-off compensation,,,后移补偿,,,,,0,0,,,
back-off device,,,[机] 让刀机构,,,,,0,0,,,
back-off power,,,饱和余度电力,,,,,0,0,,,
back-off shooting,,,松动性放炮,,,,,0,0,,,
back-off system,,,[计] 补偿系统,,,,,0,0,,,
back-office,,,后勤办公室；后勤部门；股票或证券交易清算室,j:100,,,,0,0,s:back-offices,,
back-offices,,plural of back-office,(back-office 的复数) 后勤办公室；后勤部门；股票或证券交易清算室,,,,,0,0,0:back-office/1:s,,
back-order,"'bæk,ɔ:dә(r)",,v. 订(期货),,,,,0,0,,,
back-ordered,"'bæk,ɔ:də",,vt. 订（期货）\nn. 待发货订单,,,,,0,0,,,
back-out,,,na. 食言；打退堂鼓；退出；后退\n[网络] 退火；拧出；取消,,,,,0,0,,,
back-pack,,, [医]（默克公司）单剂量包装,,,,,0,0,s:back-packs,,
back-pack camera,,,背负式电视摄像机,,,,,0,0,,,
back-packer,,, 支撑式封隔器,,,,,0,0,s:back-packers,,
back-packers,,plural of back-packer,(back-packer 的复数)  支撑式封隔器,,,,,0,0,0:back-packer/1:s,,
back-packing,,,背法,,,,,0,0,s:back-packings,,
back-packings,,,背法\n(back-packing 的复数),,,,,0,0,0:back-packing/1:s,,
back-packs,,plural of back-pack,(back-pack 的复数)  [医]（默克公司）单剂量包装,,,,,0,0,0:back-pack/1:s,,
back-paddle,"'bæk,pædl",,vi. 逆桨(以使船停止),,,,,0,0,,,
back-paddled,,,vi. back-paddle的变形,,,,,0,0,,,
back-paddling,,,vi. back-paddle的变形,,,,,0,0,,,
back-page,'bækpeidʒ,,"a. 登在报纸最后几版的, 报屁股上的",j:100,,,,0,0,s:back-pages,,
back-pager,,,"a. 登在报纸最后几版的, 报屁股上的\n(back-page 的比较级)",,,,,0,0,,,
back-pages,,,左页\n偶数页,,,,,0,0,0:back-page/1:s,,
back-pagest,,,"a. 登在报纸最后几版的, 报屁股上的\n(back-page 的最高级)",,,,,0,0,,,
back-pain,,,背痛,,,,,0,0,,,
back-panel,,,[机] 后板,,,,,0,0,,,
back-panel wiring,,,板后接线,,,,,0,0,,,
Back-Paschen effect,,,巴克-帕邢效应,,,,,0,0,,,
back-pass,,,"背传, 后传",,,,,0,0,s:back-passes,,
back-passes,,plural of back-pass,"(back-pass 的复数) 背传, 后传",,,,,0,0,0:back-pass/1:s,,
back-patting,"'bæk,pætiŋ",,n. 赞许(或同意、激励、祝贺)的表示(拍肩、背),,,,,0,0,,,
back-pay,,,欠付工资,,,,,0,0,,,
back-pedal,"bæk,pedəl",,"v. 背弃诺言; （自行车刹车时）倒踩脚蹬; 撤回, 缩回",,,,,0,0,s:back-pedals,,
back-pedaled,,,背弃\n倒蹬,,,,,0,0,,,
back-pedaling,,,背弃\n倒蹬,,,,,0,0,,,
back-pedalled,,,v. 背弃( back-pedal的过去式和过去分词 ),,,,,0,0,0:back-pedal/s:back-pedalleds,,
back-pedalleds,,,v. 背弃( back-pedal的过去式和过去分词 )\n(back-pedalled 的复数),,,,,0,0,0:back-pedalled/1:s,,
back-pedalling,,,v. 背弃( back-pedal的现在分词 ),,,,,0,0,0:back-pedal/s:back-pedallings,,
back-pedallings,,,v. 背弃( back-pedal的现在分词 )\n(back-pedalling 的复数),,,,,0,0,0:back-pedalling/1:s,,
back-pedals,,,v. 背弃( back-pedal的第三人称单数 ),,,,,0,0,0:back-pedal/1:s,,
back-piece,,,un. 反向角钢\n[网络] 背材,,,,,0,0,,,
back-pinched saw,,,夹背锯,,,,,0,0,,,
back-plane drivers,,,背板驱动器,,,,,0,0,,,
back-planing,,,刨背,,,,,0,0,,,
back-plate,'bækpl'eɪt,," 制动器底板, 制动块底板",,,,,0,0,s:back-plates,,
back-plates,,-s form of back-plate,"(back-plate 的第三人称 -s形式)  制动器底板, 制动块底板",,,,,0,0,0:back-plate/1:s3,,
back-pocket,,,后兜,,,,,0,0,s:back-pockets,,
back-pockets,,,[网络] 后袋,,,,,0,0,0:back-pocket/1:s,,
back-pollinating,,,"回交,反向授粉",,,,,0,0,,,
back-porch,,,后沿,,,,,0,0,,,
back-porch effect,,,[电] 回廊效应,,,,,0,0,,,
back-porch tilt,,,[电] 回廊效应倾斜,,,,,0,0,,,
back-pressing method,,,压背法,,,,,0,0,,,
back-pressure,,,"[医] 反压, 托[持]压",,,,,0,0,s:back-pressures,,
back-pressure curve,,,回压曲线,,,,,0,0,,,
back-pressure manometer,,,[化] 背压压力计,,,,,0,0,,,
back-pressure operation,,,[机] 背压操作,,,,,0,0,,,
back-pressure regulator,,,背压调节器,,,,,0,0,,,
back-pressure regultor,,,[电] 回压调节器,,,,,0,0,,,
back-pressure sensor,,,[网络] 向后压力传感器；反压力传感器,,,,,0,0,,,
back-pressure test,,,[油气] 回压试井,,,,,0,0,,,
back-pressure testing,,,回压试井,,,,,0,0,,,
back-pressure valve,,,[化] 止回阀,,,,,0,0,,,
back-pressure well testing,,,(常规)回压试井,,,,,0,0,,,
back-pressure-relief port,,,反压泄料孔,,,,,0,0,,,
back-pressures,,,n. 反压力；反压,,,,,0,0,0:back-pressure/1:s,,
back-printing,,,背后列印,,,,,0,0,,,
back-projected,'bæk'prɒdʒekt,,n. 幕后放映的影像\nvt. 从幕后投影,,,,,0,0,s:back-projecteds,,
back-projecteds,,,n. 幕后放映的影像\nvt. 从幕后投影\n(back-projected 的复数),,,,,0,0,0:back-projected/1:s,,
back-projection,ˈbækprəˌdʒekʃən,,"n. 背景放映, 背面放映",,,,,0,0,s:back-projections,,
back-projection reader,,,[计] 向后投影阅读机,,,,,0,0,,,
back-projection slide,,,幻灯片,,,,,0,0,,,
back-projections,,plural of back-projection,"(back-projection 的复数) n. 背景放映, 背面放映",,,,,0,0,0:back-projection/1:s,,
back-propagation,,,反向传播,,,,,0,0,,,
back-propagation algorithm,,,反向传播算法,,,,,0,0,,,
back-propagation network,,,反传网络,,,,,0,0,,,
back-racket,,,[网络] 背球,,,,,0,0,,,
back-rail,,,[网络] 后梁；后档；后轨,,,,,0,0,,,
back-rake,,,背斜角，[机] 后倾角,,,,,0,0,,,
back-raking,,,[医] 肛掏粪(由肛门掏挖大便),,,,,0,0,,,
back-reaction,,,逆反应,,,,,0,0,,,
back-reef facies,,,礁后相,,,,,0,0,,,
back-reference,,,n. 〔语〕逆参照\n[网络] 反向引用；后向參考；后向引用,,,,,0,0,s:back-references,,
back-references,,,[网络] 后向引用,,,,,0,0,0:back-reference/1:s,,
back-reflection,,,背向反射,,,,,0,0,,,
back-reflection focusing camera,,,背面反射聚焦相机,,,,,0,0,,,
back-reflection photography,,,背反射照相,,,,,0,0,,,
back-reflection pinhole camera,,,背面反射针孔照相机,,,,,0,0,,,
back-reflection x-ray examination,,,背面反射X光检验,,,,,0,0,,,
back-resistance,,,反向电阻,,,,,0,0,,,
back-rest,,,靠背架；固定中心架,,,,,0,0,s:back-rests,,
back-rests,,plural of back-rest,(back-rest 的复数) 靠背架；固定中心架,,,,,0,0,0:back-rest/1:s,,
back-reversion,,,回复突变,,,,,0,0,,,
back-ridge,,,洋脊背侧,,,,,0,0,,,
back-right,,,后排右,,,,,0,0,,,
back-rippings,,,后部扩顶,,,,,0,0,,,
back-river,,,[水利] 后河,,,,,0,0,,,
back-road,,,支路；僻径；乡村小道,,,,,0,0,s:back-roads,,
back-roads,,plural of back-road,(back-road 的复数) 支路；僻径；乡村小道,,,,,0,0,0:back-road/1:s,,
back-roll,,,倒卷;反绕;回原地再起动,,,,,0,0,,,
back-room,,,密室,j:100,,,,0,0,s:back-rooms,,
back-room boys,,, 默默无闻地从事重要工作的人；无名功臣,,,,,0,0,,,
back-rooms,,plural of back-room,(back-room 的复数) 密室,,,,,0,0,0:back-room/1:s,,
back-rope,"'bæk,rəup",,n. (绕过马脖子架起车辕的)背链，背带,,,,,0,0,,,
back-row,,,后排\n后排的,,,,,0,0,s:back-rows,,
back-rows,,,[网络] 排在后面的人,,,,,0,0,0:back-row/1:s,,
back-run,,,封底焊；逆行；回流,,,,,0,0,,,
back-run process,,,【化工】逆行制气法,,,,,0,0,,,
back-scatter,ˈbækˌskætə,,反散射,,,,,0,0,,,
back-scatter gauging,,,[核] 背反射规测,,,,,0,0,,,
back-scatter ionospheric sounding,,,[地物] 后向散射电离层探测,,,,,0,0,,,
back-scatter measurement system,,,反散射式测量系统,,,,,0,0,,,
back-scatter peak,,,[化] 反向散射峰,,,,,0,0,,,
back-scatter soil density gauge,,,反散射式土壤密度计,,,,,0,0,,,
back-scattered current,,,反散射电流,,,,,0,0,,,
back-scattered dose,,,反散射辐射剂量,,,,,0,0,,,
back-scattered electron,,,反散射电子,,,,,0,0,,,
back-scattered electrons,,,回散射电子,,,,,0,0,,,
back-scattered radiation,,,回散射辐射,,,,,0,0,,,
back-scattered radiation dose,,,反向散射辐射剂量,,,,,0,0,,,
back-scatterer,,,"回散射体, 回散射体；反散射体",,,,,0,0,,,
back-scattering,,, 反散射,,,,,0,0,,,
back-scattering factor,,,反散射因子,,,,,0,0,,,
back-scattering gauge,,,回散射线测厚仪,,,,,0,0,,,
back-scattering image,,,反向散射像,,,,,0,0,,,
back-scattering of thick samples,,,厚试样回散射,,,,,0,0,,,
back-scattering thickness gage,,,反向散射厚度计,,,,,0,0,,,
back-scratcher,ˈbækskrætʃə,,n. 搔痒扒; 拍马屁者,,,,,0,0,,,
back-scratching,'bækskrætʃɪŋ,,n. 互相利用,,,,,0,0,s:back-scratchings,,
back-scratchings,'bækskrætʃɪŋ,,n. 互相利用,,,,,0,0,0:back-scratching/1:s,,
back-seat,,,后座,j:100,,,,0,0,s:back-seats,,
back-seat driver,ˈbækˌsi:t,,n. 不断地告诉司机如何开车的乘客,,,,,0,0,,,
back-seat drivers,,,n. 爱管闲事的人；〈俚〉不断对司机指手画脚的人\n[网络] 后座驾驶,,,,,0,0,,,
back-seat driving,,,back-seat driver的变形,,,,,0,0,,,
back-seated valve,,,后座阀;强迫就位阀,,,,,0,0,,,
back-seats,"'bæk,sit",,n. 后座；次要位置,,,,,0,0,0:back-seat/1:s,,
back-selling,,,逆向销售,,,,,0,0,,,
back-set,,,un. 止动装置；制动器\n[网络] 背传；背后的战术；背托,,,,,0,0,,,
back-set bed,,,逆流层,,,,,0,0,,,
back-setting effect,,,逆流效应,,,,,0,0,,,
back-settler,,,[网络] 回迁者,,,,,0,0,,,
back-shadow,,,[网络] 背影；背面阴影；影子,,,,,0,0,,,
back-shop,,,un. 机车修理间；大修车间\n[网络] 修理厂,,,,,0,0,,,
back-shot,,,[车辆] 排气管爆音,,,,,0,0,,,
back-shu point,,,背俞穴,,,,,0,0,,,
back-shunt keying,,,[电] 反向分流按键,,,,,0,0,,,
back-shutter,,,百叶窗,,,,,0,0,,,
back-side,,,反面，背面；后侧,,,,,0,0,,,
back-side cooling method,,,un. 背面水冷法,,,,,0,0,,,
back-sides,bæk'saɪd; 'bæksaɪd,,n. 背部；后方；臀部,,,,,0,0,,,
back-silting,,,[水利] 回淤,,,,,0,0,,,
back-siphonage,,,反虹吸能力,,,,,0,0,s:back-siphonages,,
back-siphonages,,,反虹吸能力\n(back-siphonage 的复数),,,,,0,0,0:back-siphonage/1:s,,
back-slab,,,un. 悬臂板,,,,,0,0,s:back-slabs,,
back-slabs,,,un. 悬臂板\n(back-slab 的复数),,,,,0,0,0:back-slab/1:s,,
back-slang,,,na. 倒读隐语\n[网络] 倒读俚语,,,,,0,0,,,
back-slant,,,"[计] 反斜线, 反斜杠",,,,,0,0,,,
back-slapper,,,[网络] 过分亲热或友好的人,,,,,0,0,,,
back-slappery,,,[网络] 背y,,,,,0,0,,,
back-slapping,"'bæk,slæpiŋ",,adj. 过分亲密友好的\nv. 拍肩背以示亲热（backslap的变形）,j:100,,,,0,0,s:back-slappings,,
back-slappings,'bækslæpɪŋ,,adj. 过分亲密友好的\nv. 拍肩背以示亲热（backslap的变形）,,,,,0,0,0:back-slapping/1:s,,
back-slash,,,[网络] 倒斜线；倒斜线字元,,,,,0,0,s:back-slashes,,
back-slashes,'bækslæʃ,,n. 反斜杠，反斜线符号,,,,,0,0,0:back-slash/1:s,,
back-slope,,,后坡,,,,,0,0,,,
back-space control,,,速退按键,,,,,0,0,,,
back-space statement,,,回退语句,,,,,0,0,,,
back-spacing,,,n. [计] 返回，退回\nv. 使打字机退格；回退（backspace的ing形式）,,,,,0,0,,,
back-spaul(d),"'bæk,spɔ:l(d)",,n. [苏格兰英语]；后腿；肩背,,,,,0,0,,,
back-speir,,,[网络] 背spe,,,,,0,0,,,
back-spin,,,后旋球,,,,,0,0,,,
back-spin timer,,,转时间继电器，反旋计时器,,,,,0,0,,,
back-stab,"'bæk,stæb",,vt. 以卑鄙的手段陷害；为个人私利而出卖他人,,,,,0,0,,,
back-stabbed,,,[网络] 戳后背,,,,,0,0,,,
back-stabber,,,[网络] 阴险的人，背信弃义的人；阴险小人,,,,,0,0,,,
back-stabbers,"'bæk,stæbə",,n. 阴谋暗算他人者，背后中伤者,,,,,0,0,,,
back-stabbing,,,"a. 阴险的, 小人的, 暗箭伤人的",j:100,,,,0,0,s:back-stabbings,,
back-stabbings,'bæk'stæbɪŋ,,vt. 以卑鄙的手段陷害；为个人私利而出卖他人 (backstab的变形),,,,,0,0,0:back-stabbing/1:s,,
back-stabby,,,[网络] 反刺激,,,,,0,0,,,
back-staff,,,[网络] 背测式测天仪,,,,,0,0,,,
back-stage,,,后台,,,,,0,0,,,
back-stair,,,[建] 后楼梯,,,,,0,0,s:back-stairs,,
back-stair intrigue,,,[法] 密谋,,,,,0,0,,,
back-stairs,,plural of back-stair,(back-stair 的复数) [建] 后楼梯,,,,,0,0,0:back-stair/1:s,,
back-steam,,,回汽,,,,,0,0,,,
back-step,,,折标,,,,,0,0,,,
back-step marks,,,折标,,,,,0,0,,,
back-step procedure,,,un. 分段退焊法\n[网络] 逐步退焊法,,,,,0,0,,,
back-step sequence,,,[机] 分段退焊次序,,,,,0,0,,,
back-step welding,,,分段退焊法,,,,,0,0,,,
back-stepping,,,反推，逐步后推,,,,,0,0,,,
back-stitch,,,[网络] 返针；回针；勾边,,,,,0,0,,,
back-stone,,,[网络] 风险投资商黑石集团,,,,,0,0,,,
back-stop,,,un. 逆止；后档；倒滑急停\n[网络] 备用,,,,,0,0,,,
back-stopping cost,,,[经] 支助费用,,,,,0,0,,,
back-stories,,,[网络] 的故事,,,,,0,0,,,
back-story,,,背景故事,,,,,0,0,,,
back-straight,"'bæk,streit",,n. [英国英语] 【田径】(环形跑道等离终点最远的)非终点直道(= [美国英语] backstretch)[亦作 back straight],,,,,0,0,,,
back-strain,,,背劳损,,,,,0,0,,,
back-strap,,,后腰耳环,,,,,0,0,,,
back-streaming,,,返流,,,,,0,0,,,
back-streaming of pump fluid,,,[机] 真空泵油逆流,,,,,0,0,,,
back-street,,,小街,,,,,0,0,s:back-streets,,
back-streets,,plural of back-street,(back-street 的复数) 小街,,,,,0,0,0:back-street/1:s3,,
back-strike print,,,重打式列印,,,,,0,0,,,
back-strike printer,,,背击打印机,,,,,0,0,,,
back-stripping,,,回剥法,,,,,0,0,,,
back-stroke,,,返回行，[机] 逆行程,,,,,0,0,s:back-strokes,,
back-strokes,'bækstrəʊk,,n. 仰泳；反手击球\nvi. 仰泳；反手击球\nvt. 用反手击,,,,,0,0,0:back-stroke/1:s,,
back-substitution,,,[数] 倒转代换\n[数] 回代,,,,,0,0,s:back-substitutions,,
back-substitutions,,,[数] 倒转代换\n[数] 回代,,,,,0,0,0:back-substitution/1:s,,
back-surface mirror,,,后表面反射镜,,,,,0,0,,,
back-sweeten,,,[网络] 背甜,,,,,0,0,,,
back-sweetened,,,[网络] 背甜,,,,,0,0,,,
back-sweetening,,,[网络] 返回脱硫法；反脱臭；后甜化,,,,,0,0,,,
back-sweetens,,,[网络] 背甜,,,,,0,0,,,
back-swept,'bækswept,,n. [航] 后掠角\nadj. 向后倾斜的；被扫向后面的,,,,,0,0,,,
back-swept vane,,,弯叶片,,,,,0,0,,,
back-swing,,,回程,,,,,0,0,s:back-swings,,
back-swings,'bæk'swɪŋ,,n. 回复；棍棒挥出前的准备姿态；[物] 反冲,,,,,0,0,0:back-swing/1:s,,
back-sword,,,[网络] 背剑,,,,,0,0,,,
back-talk,,,n. 顶嘴；回嘴,,,,,0,0,,,
back-talking,'bæktɔ:k,,"vi., vt. [美国口语](对…)顶嘴，(对…)回嘴",,,,,0,0,,,
back-taper,,,出口锥\n倒锥,,,,,0,0,,,
back-tax theory,,,[税收] 溯往课税说,,,,,0,0,,,
back-taxes,,,un. 退税\n[网络] 欠税；未交纳的税款；拖欠退缴税款,,,,,0,0,,,
back-tensioned drawing,,,反张力拔丝,,,,,0,0,,,
Back-testing,,,回溯测试,,,,,0,0,,,
back-thrusting,,,反向逆断作用,,,,,0,0,,,
back-tilting,,,[网络] 回倾,,,,,0,0,,,
back-titration,,,返滴定,,,,,0,0,s:back-titrations,,
back-titrations,,,返滴定\n(back-titration 的复数),,,,,0,0,0:back-titration/1:s,,
back-to,,,后退到\n回到,,,,,0,0,s:backs-to,,
back-to back credit,,,"[法] 背对背信用状, 对开信用状",,,,,0,0,,,
back-to-back,,s. one after the other,"a. 紧接的, 背靠着背的",j:100,,,,0,0,s:back-to-backs,,
back-to-back angle,,,un. 角背间距\n[网络] 双角摇杆背贴角钢,,,,,0,0,,,
back-to-back angles,,,形组合角钢,,,,,0,0,,,
back-to-back arrangement,,,背对背配置,,,,,0,0,,,
back-to-back capacitor bank breaking current,,,背对背电容器组开断电流,,,,,0,0,,,
back-to-back circuit,,,[电] 背对背电路,,,,,0,0,,,
back-to-back commitment,,,[网络] 背对背承诺,,,,,0,0,,,
back-to-back connection,,,[计] 背对背连接,,,,,0,0,,,
back-to-back connection converters,,,背对背连接变换器,,,,,0,0,,,
back-to-back converter station,,,背靠背换流站,,,,,0,0,,,
back-to-back converter substation,,,背靠背换流站,,,,,0,0,,,
back-to-back counter,,,[计] 加倍计数器,,,,,0,0,,,
back-to-back coupling,,,背对背耦合,,,,,0,0,,,
back-to-back credit,,,背对背信用证，对开信用证书,,,,,0,0,,,
back-to-back credit export first,,,[金融] 输出为先开的背对背信用证,,,,,0,0,,,
back-to-back credit import first,,,[金融] 输入方先开的对开信用证,,,,,0,0,,,
back-to-back device,,,背对背装置,,,,,0,0,,,
back-to-back devices,,,背对背器件,,,,,0,0,,,
back-to-back diode,,,反向二极管;背对背二极管,,,,,0,0,,,
back-to-back duplex bearing,,,成对双联轴承,,,,,0,0,,,
Back-to-back financing,,,[网络] 反向融资,,,,,0,0,,,
back-to-back funding,,,[网络] 背对背资金,,,,,0,0,,,
back-to-back ionization chamber,,,背向游离腔,,,,,0,0,,,
back-to-back L/C,,,靠背信用,,,,,0,0,,,
back-to-back letter of credit,,,"[经] 背对背信用证, 对开信用证",,,,,0,0,,,
back-to-back loan,,,[经] 对销贷款,,,,,0,0,,,
Back-to-back Loans,,,[网络] 背对背贷款,,,,,0,0,,,
back-to-back method,,,背靠背法;反馈法,,,,,0,0,,,
back-to-back mounting,,,背靠背安装,,,,,0,0,,,
back-to-back repeater,,,[电] 背对背转发器,,,,,0,0,,,
back-to-back running,,,反馈运行;背靠背运行,,,,,0,0,,,
back-to-back sawtooth wave,,,[电] 背对背锯齿波,,,,,0,0,,,
back-to-back starting,,,反向起动,,,,,0,0,,,
back-to-back synchronous starting,,,背靠背同步起动,,,,,0,0,,,
back-to-back test,,,[计] 背对背试验,,,,,0,0,,,
back-to-back testing,,,反馈试验;背靠背试验,,,,,0,0,,,
back-to-back transaction,,,[网络] 背对背交易；背靠背交易,,,,,0,0,,,
back-to-back with,,,na. 背对背\n[网络] 背靠背；背对背拥抱；背至背,,,,,0,0,,,
back-to-back(ticket),,,[常用作定语]两张减价的双程机票(比买一张来回票省钱)，双往返(低价)机票,,,,,0,0,,,
back-to-back-to-back,,,[网络] 背靠背靠背；背靠背再靠背；九棒三连轰,,,,,0,0,,,
back-to-backs,,plural of back-to-back\ns. one after the other,"(back-to-back 的复数) a. 紧接的, 背靠着背的",,,,,0,0,0:back-to-back/1:s,,
back-to-basic,,,[网络] 回到基础；回到基本学科能力,,,,,0,0,s:back-to-basics,,
back-to-basics,'bæktə'beisiks,,a. （主张）恢复到基本原则上来的; 强调简朴和坚持基本原则的,,,,,0,0,0:back-to-basic/1:s,,
back-to-basics movement,,,复本运动,,,,,0,0,,,
back-to-college,,,[网络] 回大学去学习,,,,,0,0,,,
back-to-front,,,adj. 前后颠倒的,,,,,0,0,s:backs-to-front,,
back-to-front ratio,,,反-正比,,,,,0,0,,,
back-to-nature,,,回归自然的,j:100,,,,0,0,s:backs-to-nature,,
back-to-roots,,,[网络] 归土；草根舞台；小舞台,,,,,0,0,0:back-to-root/1:s,,
back-to-school,,,学生皇帝（电影名）,j:91/n:9,,,,0,0,s:backs-to-school,,
back-to-school goods,,,学生用商品,,,,,0,0,,,
back-to-the-basics,'bæktuðə'beisiks,,adj. [主美国英语] 【教育学、宗教】回归根基的，回到基础的，回到基本原则上的[亦作 back-to-basics],,,,,0,0,,,
back-to-the-basket,,,[网络] 背对球篮,,,,,0,0,,,
back-to-the-future,,,回到未来（电影名）,,,,,0,0,,,
back-to-the-land,,,[网络] 返土归田,j:100,,,,0,0,,,
back-to-the-roots,,,[网络] 回归起源；重返根源；回到根源,,,,,0,0,,,
back-to-the-school movement,,,续学运动,,,,,0,0,,,
back-to-the-wall,,,走投无路；落入圈套；陷于困境,,,,,0,0,s:backs-to-the-wall,,
back-to-wall,,,[网络] 背墙,,,,,0,0,s:backs-to-wall,,
back-to-work,,,回到工作；返回工作,,,,,0,0,s:backs-to-work,,
back-to-work movement,,,复工运动,,,,,0,0,,,
back-to-work order,,,[网络] 回到工单,,,,,0,0,,,
back-toback,,,[网络] 背靠背,,,,,0,0,,,
back-track,,,由原路退回,,,,,0,0,s:back-tracks,,
back-track algorithm,,,回溯算法,,,,,0,0,,,
back-tracked,,past tense of back-track,(back-track 的过去时) 由原路退回,,,,,0,0,0:back-track/1:pd,,
back-tracking,,,补录；回溯法,,,,,0,0,s:back-trackings,,
back-trackings,"'bæk,træk",,n. [计] 回溯；回溯法\nv. 原路返回；跟踪（backtrack的ing形式）,,,,,0,0,0:back-tracking/1:s,,
back-tracks,,plural of back-track,(back-track 的复数) 由原路退回,,,,,0,0,0:back-track/1:s,,
back-trail,,,[网络] 后面的踪迹,,,,,0,0,,,
back-translate,,,[网络] 划定反翻译；回译；后回译,,,,,0,0,,,
back-translated,,,[网络] 回译,,,,,0,0,s:back-translateds,,
back-translateds,,,[网络] 回译\n(back-translated 的复数),,,,,0,0,0:back-translated/1:s,,
back-translates,,,[网络] 回译,,,,,0,0,,,
back-translating,,,[网络] 回译,,,,,0,0,,,
back-translation,,, 回译,,,,,0,0,s:back-translations,,
back-translations,,plural of back-translation,(back-translation 的复数)  回译,,,,,0,0,0:back-translation/1:s,,
back-trough,,,"背槽, 后海槽，背槽",,,,,0,0,,,
back-tunneling,,,[网络] 反向隧道效应,,,,,0,0,,,
back-turn,,,n. 反作用线匝\n[网络] 向后转；转身侧踢,,,,,0,0,,,
back-twist,,,n. 回扭,,,,,0,0,,,
back-type life support system,,,背包生命保护系统,,,,,0,0,,,
back-up,,,[计] 后援; 备份\n[医] 后盾(在大气中高压电流所通过距离),,,,,0,0,s:back-ups,,
back-up acquisition system,,,[计] 后备采集系统,,,,,0,0,,,
back-up battery,,,[计] 后备电池,,,,,0,0,,,
back-up bearing,,,[机] 支承轴承,,,,,0,0,,,
back-up belt,,,支撑皮带,,,,,0,0,,,
back-up bit,,,[计] 后备位,,,,,0,0,,,
back-up block,,,支撑块,,,,,0,0,,,
back-up breaker,,,备用断路器,,,,,0,0,,,
back-up capability,,,[计] 后备能力,,,,,0,0,,,
back-up chock,,,支承辊的轴承座;支承辊轴承座,,,,,0,0,,,
back-up circuit,,,[计] 备用电路,,,,,0,0,,,
back-up circuit breaker,,,备用电路断路器,,,,,0,0,,,
back-up coat,,,加固层,,,,,0,0,,,
back-up coating slurry,,,[机] 背层泥浆,,,,,0,0,,,
back-up control data set,,,[计] 备份控制数据集,,,,,0,0,,,
back-up copy,,,[计] 副本,,,,,0,0,,,
back-up credit facility,,,[网络] 后备贷款,,,,,0,0,,,
back-up data,,,[图情] 备查资料,,,,,0,0,,,
back-up data set,,,[计] 备用数据集,,,,,0,0,,,
back-up device,,,备用装置,,,,,0,0,,,
back-up disk,,,"[计] 后备磁盘, 后援磁盘",,,,,0,0,,,
back-up diskette,,,[计] 后备软盘,,,,,0,0,,,
back-up distance,,,[计] 后退距离,,,,,0,0,,,
back-up drum,,,后援磁鼓,,,,,0,0,,,
back-up facility,,,[计] 后备设施,,,,,0,0,,,
Back-up facility.,,,[网络] 支持设备；辅助设备；备用信贷,,,,,0,0,,,
back-up file,,,"[计] 后援文件, 备份文件",,,,,0,0,,,
back-up frequency,,,辅助频率,,,,,0,0,,,
back-up funding,,,[网络] 后备资金,,,,,0,0,,,
back-up government credit facility,,,[网络] 政府的后备信贷融通,,,,,0,0,,,
back-up heel,,,侧支承块,,,,,0,0,,,
back-up interactive line,,,[网络] 后备联线通讯线路,,,,,0,0,,,
Back-up Intercept Control,,,备用截击指挥系统,,,,,0,0,,,
back-up item,,,备分项目;备用项目,,,,,0,0,,,
back-up lamp,,,倒车灯,,,,,0,0,,,
back-up light,,,倒车灯,,,,,0,0,,,
back-up line,,,"[经] 后备额度, 预备限额",,,,,0,0,,,
back-up master file,,,备用主档,,,,,0,0,,,
back-up memory,,,"[计] 后备存储器, 后援存储器",,,,,0,0,,,
back-up method,,,"[计] 后援法, 后备法",,,,,0,0,,,
back-up operation,,,[计] 后备操作,,,,,0,0,,,
back-up overspeed governer,,,附加超速保护装置,,,,,0,0,,,
back-up overspeed governor,,,备用超速保安器,,,,,0,0,,,
back-up path,,,[计] 后备路径,,,,,0,0,,,
back-up photomap,,,背面像片图,,,,,0,0,,,
back-up post,,,顶柱,,,,,0,0,,,
back-up power,,,[化] 备用电源,,,,,0,0,,,
back-up process,,,反回过程,,,,,0,0,,,
back-up programmer,,,"[计] 后备程序员, 后备编程器",,,,,0,0,,,
back-up protection,,,后备保护,,,,,0,0,,,
back-up protection relaying,,,后卫保护继电方式,,,,,0,0,,,
back-up punch,,,反向凸模,,,,,0,0,,,
back-up reference station,,,[计] 后备参考站,,,,,0,0,,,
back-up register,,,[计] 后备寄存器,,,,,0,0,,,
back-up relaying,,,后备继电保护,,,,,0,0,,,
back-up ring,,,支承环,,,,,0,0,,,
back-up roll,,,支撑轧辊;支承辊,,,,,0,0,,,
back-up roll arbor,,,组合支承辊的心轴,,,,,0,0,,,
back-up roll bearing,,,支承辊轴承,,,,,0,0,,,
back-up roll sleeve,,,支承辊的辊套,,,,,0,0,,,
back-up roller,,,防弯压辊,,,,,0,0,,,
back-up safety device,,,后备安全设备,,,,,0,0,,,
back-up sand,,,[机] 背砂,,,,,0,0,,,
back-up shaft,,,支持辊辊轴,,,,,0,0,,,
back-up source,,,后备电源,,,,,0,0,,,
back-up spring,,,支承簧,,,,,0,0,,,
back-up storage,,,"[计] 后备存储器, 后援存储器",,,,,0,0,,,
back-up stores,,,后备储存[量],,,,,0,0,,,
back-up strip,,,垫板,,,,,0,0,,,
back-up system,,,[计] 后援系统; 后备系统,,,,,0,0,,,
back-up system library,,,备分系统程序库;备用系统库,,,,,0,0,,,
back-up tape,,,[计] 后备带,,,,,0,0,,,
back-up tong,,,大钳,,,,,0,0,,,
back-up transaction file,,,备用交易档,,,,,0,0,,,
back-up trunk,,,[计] 备用中继线,,,,,0,0,,,
back-up valve,,,[机] 升压阀,,,,,0,0,,,
back-up washer,,,支撑垫圈,,,,,0,0,,,
back-up water level,,,回升水位,,,,,0,0,,,
back-up withholding,,,【会计学】后备代扣所得税,,,,,0,0,,,
back-ups,,plural of back-up,(back-up 的复数) [计] 后援; 备份\n[医] 后盾(在大气中高压电流所通过距离),,,,,0,0,0:back-up/1:s3,,
back-waist length,,,背长,,,,,0,0,,,
back-wall cell,,,后壁光电池,,,,,0,0,,,
back-ward,,,[网络] 后向的；叶向呈后向弯曲,,,,,0,0,,,
back-wash,,,反洗\n回洗,,,,,0,0,,,
back-water,,,na. 倒划桨；〈美〉立场倒退\n[网络] 回流水流；壅水,,,,,0,0,,,
back-water at pier,,,墩前壅水,,,,,0,0,,,
back-water height,,,壅水高度,,,,,0,0,,,
back-water in front of bridge,,,桥前壅水,,,,,0,0,,,
back-water valve,,,[化] 回水阀,,,,,0,0,,,
back-waters,,,倒划；退缩；退回原来立场,,,,,0,0,,,
back-way,,,n. 后退距离,,,,,0,0,s:back-ways,,
back-ways,,plural of back-way,(back-way 的复数) n. 后退距离,,,,,0,0,0:back-way/1:s,,
Back-Wheel,,,un. 后轮\n[网络] 背轮,,,,,0,0,,,
back-wind,,,[网络] 后面来风；回绕纱,,,,,0,0,,,
back-wired panel,,,面布线的面板，盘后布线的配电板,,,,,0,0,,,
back-with,,,[网络] 带着什么回来,,,,,0,0,,,
back-yard,'bækj'ɑ:d,,n. 后院,,,,,0,0,s:back-yards,,
back-yardism,,,[法] 排外主义,,,,,0,0,,,
back-yards,,plural of back-yard,(back-yard 的复数) n. 后院,,,,,0,0,0:back-yard/1:s,,
back.,,,abbr. backwardation,,,,,0,0,,,
backa (bachka),,,巴奇卡,,,,,0,0,,,
backa palanka,,,巴奇卡帕兰卡,,,,,0,0,,,
backa topola,,,巴奇卡托波拉,,,,,0,0,,,
backabbr.,,,vt. (为使之蓬松)逆梳(头发),,,,,0,0,,,
backable,,,[网络] 备用,,,,,0,0,,,
backache,'bækeik,n. an ache localized in the back,n. 背痛,n:100,,,gk,22814,29373,s:backaches,,
backache in pregnancy,,,妊娠期背痛,,,,,0,0,,,
backaches,ˈbækˌeɪkiz,n. an ache localized in the back,"n. 背痛, 腰痛( backache的名词复数 )",,,,,0,0,0:backach/1:s,,
backacter,,,反铲; 反铲挖掘机; 反向铲; 倒铲,,,,,0,0,,,
backacting shovel,,,反铲,,,,,0,0,,,
backaction,,,un. 反作用\n[网络] 反酌；反向作用；后作用,,,,,0,0,,,
backactions,,,[网络] 反应,,,,,0,0,,,
backactor,,,反铲挖土机,,,,,0,0,,,
backadation,,,[金融] 授受延期金,,,,,0,0,,,
backage,,,[网络] 背书,,,,,0,0,,,
backaged fuel,,,包装燃料,,,,,0,0,,,
backake,,,[网络] 背面,,,,,0,0,,,
backal,,,[网络] 背部,,,,,0,0,,,
Backaland,,,[地名] 巴凯兰 ( 英 ),,,,,0,0,,,
backalgia,,,[医] 损伤性背痛,,,,,0,0,,,
backals,,,[网络] 背部,,,,,0,0,,,
backand,,,[网络] 背部,,,,,0,0,,,
backarapper,,backarapper (plural backarappers)\nA firework made from multiple firecrackers folded together so that they will explode one after the other.\n,,,,,,0,0,,,
backarc,,,un. 后弧\n[网络] 弧后,,,,,0,0,,,
backare,,,[网络] 回来,,,,,0,0,,,
Backaryd,,,[地名] 巴卡吕德 ( 瑞典 ),,,,,0,0,,,
backassward,,,[网络] 后退,,,,,0,0,,,
backasswards,,,[网络] 退后,,,,,0,0,,,
backband,'bækbænd,n. The band which passes over the back of a horse and holds\n   up the shafts of a carriage., 镶边饰,,,,,0,0,s:backbands,,
backbands,"'bæk,bænd",,"n.\n【木工】背圈\n(绕过马脖子架起车辕的)背链,背带[亦作 back-chain, back-rope]",,,,,0,0,0:backband/1:s,,
backbar,,,支承梁,,,,,0,0,,,
backbarrow,,,[网络] 巴克巴罗,,,,,0,0,s:backbarrows,,
backbarrows,,,[网络] 巴克巴罗\n(backbarrow 的复数),,,,,0,0,0:backbarrow/1:s,,
backbeach,,,后滨,,,,,0,0,,,
backbeach(back shore),,,后滩,,,,,0,0,,,
backbear,,,[网络] 黑熊,,,,,0,0,,,
backbeat,'bækbi:t,n. a loud steady beat,n. (尤指摇摆舞曲的)基调强节奏,n:100,,,,0,34830,s:backbeats,,
backbeats,,plural of backbeat\nn. a loud steady beat,(backbeat 的复数) n.(尤指摇摆舞曲的)基调强节奏,,,,,0,0,0:backbeat/1:s,,
backbench,'bækbentʃ,n. any of the seats occupied by backbenchers in the House of Commons,n. 后座议员席\na. 后座议员的,,,,,22940,0,s:backbenches,,
backbencher,'bækbentʃә,n. a member of the House of Commons who is not a party leader,n. 后座议员,,1,,,12770,0,s:backbenchers,,
backbenchers,,n. a member of the House of Commons who is not a party leader,n. 后座议员( backbencher的复数形式 ),,,,,0,0,0:backbencher/1:s,,
backbenches,'bækbentʃɪz,n. any of the seats occupied by backbenchers in the House of Commons,n. （英国下院的）后座（或普通）议员席；（亦总称）后座（或普通）议员,,,,,0,0,0:backbench/1:s3,,
backbend,'bækbend,n an acrobatic feat in which the trunk is bent backward from a standing position until the hands touch the floor,n. 卖艺人身体向后仰作弓状的姿势,,,,,0,0,s:backbends,,
backbending,,,回弯,,,,,0,0,,,
backbends,"'bæk,bend",,n. 卖艺人身体向后仰作弓状的姿势,,,,,0,0,0:backbend/1:s,,
backbiased,bæk'baɪəst,,adj.反馈偏压的(反向偏置的),,,,,0,0,,,
backbit,,v say mean things,backbite的过去式,,,,,46625,0,0:backbite/1:p/s:backbits,,
backbite,'bækbait,v. say mean things,"v. 背后诽谤, 背后中伤\nn. 背后诽谤, 背后中伤",,,,,0,0,i:backbiting/p:backbit/3:backbites/d:backbitten,,
backbiter,'bækbaitә,n one who attacks the reputation of another by slander or libel,n. 背后诽谤者,,,,,0,0,s:backbiters,,
backbiters,,,卡特琳,,,,,0,0,0:backbiter/1:s,,
backbites,ˈbækˌbaɪts,v say mean things,v. 中伤( backbite的第三人称单数 ),,,,,0,0,1:3/0:backbite,,
backbiting,'bækbaitiŋ,v say mean things,"n. 背后诽谤, 背后中伤",n:100,,,,0,37283,0:backbit/1:i/s:backbitings,,
backbiting transfer,,,反咬转移,,,,,0,0,,,
backbitingly,,,[网络] 后悔,,,,,0,0,,,
backbitings,"'bæk,baitiŋ",,n. 诽谤；中伤\nv. 背后诽谤；中伤（backbite的ing形式）,,,,,0,0,0:backbiting/1:s,,
backbits,,,v. 背后诽谤；背后中伤（backbite的过去式）,,,,,0,0,0:backbit/1:s,,
backbitten,,v say mean things,backbite的过去分词,,,,,0,0,1:d/0:backbite,,
backblast,dj:'bækblɑ:st,,n. 反向爆炸; 废气冲击,,,,,0,0,s:backblasts,,
backblast area,,,炮后风锥形区,,,,,0,0,,,
backblasts,'bækblɑ:st,,n. 反向爆炸；废气冲击,,,,,0,0,0:backblast/1:s,,
backblock,,,un. 衬板；边远地区；垫板,,,,,0,0,,,
backblocker,'bækblɔkə,,n. [新西兰、澳大利亚英语]边远(或内陆)地区的居民,,,,,0,0,,,
backblocks,,,"边远地区, 人烟稀少之地",,,,,0,0,,,
backblow,'bækbləʊ,,n. 后座\n[网络] 回吹,,,,,0,0,,,
backblowing,,,反吹法,,,,,0,0,,,
backboard,'bækbɒ:d,n. a raised vertical board with basket attached; used to play basketball\nn. a board used to support the back of someone or something,"n. 后挡板, 背板, 脊骨矫正板, 篮板",n:100,,,,0,20813,s:backboards,,
backboards,'bækbɔːd,,n. 篮板；背板；后挡板,,,,,0,0,0:backboard/1:s,,
backboiler,"'bæk,bɔilə",,n. (炉灶后部的)家用热水器,,,,,0,0,,,
backbond,bæk'bɒnd,"n. An instrument which, in conjunction with another making\n   an absolute disposition, constitutes a trust.", 限制财产处理权证书,,,,,0,0,,,
backbonding,,,反馈键合,,,,,0,0,,,
backbonding ligand,,,[网络] 背胶配体,,,,,0,0,,,
backbonds,"'bæk,bɔnd",,n. 限制财产处理权证书；反向键,,,,,0,0,,,
backbone,'bækbәun,n. fortitude and determination\nn. the part of a network that connects other networks together,"n. 脊椎, 志气, 骨干, 支柱\n[计] 主干网, 主干网点",n:100,1,,cet6 toefl,9598,9733,s:backbones,,
backbone aisle,,,中枢通道,,,,,0,0,,,
backbone bus,,,主干总线,,,,,0,0,,,
backbone cabal,ˈbækˌbəʊn kəˈbæl,, [计]主干网团体,,,,,0,0,,,
backbone cabling,,,主干电缆,,,,,0,0,,,
backbone chain,,,[化] 主链,,,,,0,0,,,
backbone curve,,,骨干曲线,,,,,0,0,,,
backbone element,,,[法] 中坚分子,,,,,0,0,,,
backbone frame,,,脊梁架,,,,,0,0,,,
backbone hydrogen bond,ˈbækˌbəʊn ˈhaidrədʒən bɔnd,, [医]主链氢键,,,,,0,0,,,
backbone motion,,,主链运动,,,,,0,0,,,
Backbone Mountain,,,[地名] 巴克本山 ( 美 ),,,,,0,0,,,
backbone mt.,,,巴克邦山,,,,,0,0,,,
backbone network,,,"[计] 中枢网络, 骨干网",,,,,0,0,,,
backbone network service,,,基干网路服务,,,,,0,0,,,
backbone of fiber optic networks,,,光纤网路骨干,,,,,0,0,,,
backbone of network,,,网架,,,,,0,0,,,
backbone of percolation cluster,,,逾渗团主干,,,,,0,0,,,
backbone projects,,,骨干工程，重点工程,,,,,0,0,,,
backbone provider,,,骨干提供者,,,,,0,0,,,
backbone ranges,,,巴克邦山脉,,,,,0,0,,,
backbone ring,,,中枢环,,,,,0,0,,,
backbone road,,,干道,,,,,0,0,,,
backbone route,,,干线路，基干路由,,,,,0,0,,,
backbone router,,,主干路由器,,,,,0,0,,,
backbone routing,,,[计] 基干路径选择,,,,,0,0,,,
backbone site,,,[网络] 骨干站；骨干点,,,,,0,0,,,
backbone structure,,,【材料学】主链结构,,,,,0,0,,,
backbone tray frame,,,脊梁式车架,,,,,0,0,,,
backbone type,,,脊骨型,,,,,0,0,,,
backbone wire model,ˈbækˌbəʊn ˈwaiə ˈmɔdəl,, [医]主链金属丝模型[主要反映主链走向的实体模型],,,,,0,0,,,
Backbone Wiring,,,[网络] 布线,,,,,0,0,,,
Backbone.,'bækbəʊn,,n. 骨干；支柱；脊柱；骨气,,,,,0,0,,,
backboned,'bækbәund,a. Vertebrate.,"a. 有脊骨的, 有脊椎的, 有骨气的",,,,,0,0,,,
backboned animal,,,嵴椎动物,,,,,0,0,,,
backboneless,,,adj. 无脊椎骨的,,,,,0,0,,,
backbones,'bækbəʊnz,n. a central cohesive source of support and stability\nn. fortitude and determination\nn. the series of vertebrae forming the axis of the skeleton and protecting the spinal cord,n. 骨干( backbone的复数形式 ); 脊骨; 骨气; 脊骨状物,,,,,0,0,0:backbone/1:s,,
backbook authority,,,未支出预算结余,,,,,0,0,,,
backbore,,,[网络] 号嘴内管,,,,,0,0,,,
backbox,,,[网络] 后箱,,,,,0,0,,,
backboxes,,,[网络] 后箱,,,,,0,0,,,
backbreak,'bækbreɪk,, 超挖,,,,,0,0,,,
backbreaker,"'bæk,breikә(r)",,"n. 艰苦的工作, 工作勤奋的人",,,,,0,0,,,
backbreakers,"'bæk,breɪkə",,n. 艰苦的工作；工作勤奋的人,,,,,0,0,,,
backbreaking,'bækbreikiŋ,s characterized by effort to the point of exhaustion; especially physical effort,a. 非常辛劳的,,,,,0,0,s:backbreakings,,
backbreakingly,"'bæk,breikiŋ",,"backbreakingly\nadv.\nbackbreaking的变形\nbackbreaking\n['bæk,breikiŋ]\nadj.\n极其费劲的，辛苦的，累人的，使人劳累之极的，累断(人)腰背的",,,,,0,0,,,
backbreakings,"'bæk,breɪkɪŋ",,"backbreaking\n['bæk,breikiŋ]\nadj.\n极其费劲的，辛苦的，累人的，使人劳累之极的，累断(人)腰背的",,,,,0,0,0:backbreaking/1:s,,
backbrushing,,,[网络] 挑顶,,,,,0,0,,,
backbulge,,,[网络] 和隆外凹陷带,,,,,0,0,,,
backburn,,,un. 迎火\n[网络] 反切口,,,,,0,0,,,
backburned,,,[网络] 反切口,,,,,0,0,,,
backburner,,,不重要的,n:100,,,,0,44780,s:backburners,,
backburnered,,past participle of backburner,(backburner 的过去分词) 不重要的,,,,,0,0,0:backburner/1:d,,
backburners,,,不重要的,,,,,0,0,0:backburner/1:s,,
backburning,,,[网络] 反切口,,,,,0,0,,,
backburns,,,[网络] 反切口,,,,,0,0,,,
backcard,,,[网络] 背卡,,,,,0,0,,,
backcards,,,[网络] 后卡,,,,,0,0,,,
backcare,,,[网络] 脊柱护理,,,,,0,0,,,
backcast,'bækæst,"n. Anything which brings misfortune upon one, or causes\n   failure in an effort or enterprise; a reverse.", 臆测描写,,,,,0,0,,,
backcast simulation,,,[经] 后向估计模拟,,,,,0,0,,,
backcast stripping,,,倒堆剥离,,,,,0,0,,,
backcasted,'bækkɑ:st,,"n.\n(钓线、钓竿等掷出前)向上和向后的一甩\n后扔，后掷\n[英国方言] 【病理学】(康复期的)旧病复发\nvt., vi.\n根据研究或旁证构思(往事)，(依据研究材料)重新构想出(往事)，(经研究或在其他证据的基础上)构想出(或重新设想出)(以往的事件等)\n臆测描述(从未见过或经历过的事物)，臆想(或臆测)描写或追求(没亲身经历或没亲眼所见的事情)\n变形：\nvt., vi.\nbackcast\n. backcasting",,,,,0,0,,,
backcasting,,,n. 后向估计\n[网络] 推演；推法；逆推,,,,,0,0,,,
backcasting method,,,向后预测法,,,,,0,0,,,
backcasts,,,回测,,,,,0,0,,,
backchain,,,n. 倒车止舵链；护舵链,,,,,0,0,,,
backchained,,,[网络] 背链,,,,,0,0,,,
backchaining,,,[网络] 逆向组句法；反向结构；倒装训练,,,,,0,0,,,
backchains,,,[网络] 背链,,,,,0,0,,,
backchannel,,," （传递消息的）秘密渠道, 特殊途径",,,,,0,0,,,
backchannelled,,,[网络] 反向推荐,,,,,0,0,,,
backchannelling,,,[网络] backchanneling,,,,,0,0,,,
backchannels,,,[网络] 惯用语,,,,,0,0,,,
backchat,'bæktʃæt,n light teasing repartee,"n. 回嘴, 顶嘴, 诙谐的交谈",,,,,48635,0,s:backchats,,
backchats,'bæktʃæt,,n. 顶嘴；机智诙谐的交谈；反诘,,,,,0,0,0:backchat/1:s,,
backchatted,"'bæk,tʃæt",,n.\n[口语]\n机智的谈话(或对答)；妙语\n反唇相讥；顶嘴，回嘴，顶撞\n闲聊，谈天\n激烈的争论，争辩\n咒骂，谩骂，侮辱的话，恶言；侮辱\nvi.\n顶嘴，回嘴，顶撞\n机敏地应答；机智的辩驳,,,,,0,0,,,
backchatting,"'bæk,tʃæt",,n.\n[口语]\n机智的谈话(或对答)；妙语\n反唇相讥；顶嘴，回嘴，顶撞\n闲聊，谈天\n激烈的争论，争辩\n咒骂，谩骂，侮辱的话，恶言；侮辱\nvi.\n顶嘴，回嘴，顶撞\n机敏地应答；机智的辩驳,,,,,0,0,,,
backcheck,bækt'ʃek,,un. 后退到本方守区阻截\n[网络] 倒退制止器；接点落下检查；后退抑制步,,,,,0,0,,,
backchecked,,,[网络] 反覆检查,,,,,0,0,,,
backchecking,,,n. 返回校验\n[网络] 复核,,,,,0,0,,,
backchecks,,,[网络] 回扣,,,,,0,0,,,
backcloth,'bækklɔθ,n scenery hung at back of stage,n. 背景,,,,,22208,0,s:backcloths,,
backcloth star,,,(不引人注目却仍设法与明星抢戏的)二流演员,,,,,0,0,,,
backcloths,,n. scenery hung at back of stage,n. （尤指戏剧中用的）背景幕布( backcloth的复数形式 ),,,,,0,0,0:backcloth/1:s,,
backcoat,,,背涂层,,,,,0,0,,,
backcoating,,,n. 背面涂层\n[网络] 背涂,,,,,0,0,,,
backcolor,,,背景色彩,,,,,0,0,,,
backcomb,ˈbækkəʊm,,vt. 倒梳（头发）（使之蓬松）,,,,,0,0,,,
backcombed,,past participle of backcomb,(backcomb 的过去分词) vt. 倒梳（头发）（使之蓬松）,,,,,0,0,0:backcomb/1:dp,,
backcombing,,-ing form of backcomb,(backcomb 的现在分词) vt. 倒梳（头发）（使之蓬松）,,,,,0,0,0:backcomb/1:i/s:backcombings,,
backcombings,,,(backcomb 的现在分词) vt. 倒梳（头发）（使之蓬松）\n(backcombing 的复数),,,,,0,0,0:backcombing/1:s,,
backcombs,'bæk.kəʊm,,v. 反梳（头发）使之蓬起,,,,,0,0,,,
backcopy process,,,[机] 反拷法,,,,,0,0,,,
backcountries,,,na. 〈美〉穷乡僻壤\n[网络] 边远地区；穷乡僻壤的；越野滑雪,,,,,0,0,0:backcountry/1:s,,
backcountry,'bækkʌntri,,n. 偏僻地区；边远地区；穷乡僻壤\na. 偏僻地区的,n:100,,,,0,10765,s:backcountries,,
backcountry district,,,边远地区,,,,,0,0,,,
backcountry.com,,,[网络] 回归自然网站；本网站；穷乡僻壤网站,,,,,0,0,,,
backcoupled generator,,,回授振荡器,,,,,0,0,,,
backcoupling,,,反向耦合,,,,,0,0,,,
backcourt,"'bæk,kɔ:t",,n. 距球门最远的场地,n:100,,,,0,20970,s:backcourts,,
backcourtman,"'bæk,kɔ:tmәn",,n. (篮球队的)后卫,,,,,0,0,,,
backcourts,['bækkɔ:t],,n. 距球门最远处；端线；后场,,,,,0,0,0:backcourt/1:s,,
backcrawl,,, = backstroke,,,,,0,0,,,
backcross,"'bæk,krɔs",v. mate a hybrid of the first generation with one of its parents,"vt.vi. 使回交, (使)逆代杂交",,,,,0,0,s:backcrosses/d:backcrossed/i:backcrossing/p:backcrossed/3:backcrosses,,
backcross breeding,,,回交育种法,,,,,0,0,,,
backcross hybrid,,,回交杂种,,,,,0,0,,,
backcross mating,,,"[医] 回交, 逆代杂交",,,,,0,0,,,
backcross method of breeding,,,回交育种法,,,,,0,0,,,
backcross parent,,,回交亲本,,,,,0,0,,,
backcross ratio,,,回交比率,,,,,0,0,,,
backcrossed,,v mate a hybrid of the first generation with one of its parents,"v. 回[逆]交, 回交杂种( backcross的过去式和过去分词 )",,,,,0,0,1:dp/0:backcross,,
backcrosses,,v mate a hybrid of the first generation with one of its parents,"v. 回[逆]交, 回交杂种( backcross的第三人称单数 )",,,,,0,0,1:s3/0:backcross,,
backcrossing,,v mate a hybrid of the first generation with one of its parents,"v. 回[逆]交, 回交杂种( backcross的现在分词 )",,,,,0,0,0:backcross/1:i,,
backcrossings,,,[网络] 回交,,,,,0,0,,,
backcycling,,,[化] 反循环,,,,,0,0,,,
backdate,'bækdeit,v. make effective from an earlier date,"vt. 写上比实际早的日期, 回溯",v:100,,,,25882,35322,p:backdated/d:backdated/i:backdating/3:backdates/s:backdates,,
backdated,bækˈdeitid,v make effective from an earlier date,v. 倒填日期( backdate的过去式和过去分词 ); 使（付款等）在较早的日期开始生效,,,,,0,0,0:backdate/1:pd,,
backdates,bækˈdeits,v make effective from an earlier date,v. 倒填日期( backdate的第三人称单数 ); 使（付款等）在较早的日期开始生效,,,,,0,0,1:3/0:backdate,,
backdating,,v make effective from an earlier date,n. 倒填日期\nv. 追溯（backdate的ing形式）,j:100,,,,0,46942,0:backdate/1:i,,
backdeep,,,后渊,,,,,0,0,,,
backdigger,,,反铲; 反向铲; 倒铲,,,,,0,0,,,
backdoor,.bæk'dɒ:,n an undocumented way to get access to a computer system or the data it contains\nn an entrance at the rear of a building\nn a secret or underhand means of access (to a place or a position),a. 秘密的,n:100,,,,37219,24498,s:backdoors,,
backdoor data,,,非法途径取得的资料,,,,,0,0,,,
backdoor entry,,,走后门；非法参军,,,,,0,0,,,
backdoor file,,,"[计] 秘密文件, 非法途径文件",,,,,0,0,,,
backdoor file indicator,,,非法档案指示器,,,,,0,0,,,
backdoor financing,,,"[经] 私下筹资, 后门提供资金",,,,,0,0,,,
backdoor listing,,,[经] 后门交易,,,,,0,0,,,
backdoor man,,,[网络] 已婚女子的情人；坏男人；乡谣,,,,,0,0,,,
backdoor output,,,"[计] 秘密输出, 非法途径输出",,,,,0,0,,,
backdoor selling,,,后门销售(指绕开采购人员直接将货物销售给使用部门),,,,,0,0,,,
Backdoor Slider,,,[网络] 一种滑球,,,,,0,0,,,
backdoor spending,,,(政府的)不合法开支,,,,,0,0,,,
backdoored,",bæk'dɔː",,adj.\n后门的\n秘密的；欺诈的；鬼鬼祟祟的，偷偷摸摸的；不正当的\n[比喻]后门的[亦作 back door],,,,,0,0,,,
backdooring,,,[网络] 偷塔；越位；后门,,,,,0,0,,,
backdoors,",bæk'dɔː",,adj. 后门的；秘密的；欺诈的；鬼鬼祟祟的，偷偷摸摸的；不正当的,,,,,0,0,0:backdoor/1:s,,
backdown,'bækˌdaʊn,n. A receding or giving up; a complete surrender.,n. 收回原来的声明[观点],,,,,0,0,s:backdowns,,
backdowns,,,"na. 〈口〉原先要求[主张,态度,声明]的改变；让步；退却\n[网络] 背身运球；靠打；放弃",,,,,0,0,0:backdown/1:s,,
backdraft,,,反风流,,,,,0,0,s:backdrafts,,
backdrafts,"'bæk,drɑːft",,n. 倒转（回程）；反向气流,,,,,0,0,0:backdraft/1:s,,
backdraught,,,倒转,,,,,0,0,s:backdraughts,,
backdraughts,,,[建] 逆通风,,,,,0,0,0:backdraught/1:s,,
backdrift,,,后退偏航,,,,,0,0,,,
backdrop,'bækdrɒp,n. scenery hung at back of stage,"n. 背景幕, 背景",n:100,1,,toefl gre,8605,6700,s:backdrops,,
backdropped,,past tense of backdrop\nn. scenery hung at back of stage,"(backdrop 的过去时) n. 背景幕, 背景",,,,,0,0,0:backdrop/1:p,,
backdropping,,,[网络] 声音背景,,,,,0,0,,,
backdrops,'bækdrɒps,n. scenery hung at back of stage,n. <戏>背景幕布( backdrop的复数形式 ); 周围的景物,,,,,0,0,0:backdrop/1:s,,
backe,,,n. (Backe)人名；(英、德、瑞典)巴克,,,,,0,0,s:backes,,
backease,,,[网络] 倒退缓冲,,,,,0,0,s:backeases,,
backeases,,,[网络] 倒退缓冲\n(backease 的复数),,,,,0,0,0:backease/1:s,,
Backebergia,,,[网络] 华装翁属；花笼,,,,,0,0,,,
backed,bækt,"a. having a back or backing, usually of a specified type\ns. used of film that is coated on the side opposite the emulsion with a substance to absorb light",a. 有背的；有财力支持的,j:100,,,,34059,35712,0:back/1:dp,,
backed away,,,v. 后退；退让；退缩\n[网络] 向后退,,,,,0,0,,,
backed bill,,,担保票据,,,,,0,0,,,
backed blade,bækt bleid,, 刀形石器,,,,,0,0,,,
backed bond,,,"[经] 有抵押债券, 有担保债券",,,,,0,0,,,
backed by,,,[网络] 在……的支持下,,,,,0,0,,,
backed by gold,,,黄金担保,,,,,0,0,,,
backed cloth,,,【纺织业】二重织物，背面加厚织物,,,,,0,0,,,
backed down,,,na. 放弃权利等；打退堂鼓\n[网络] 服输,,,,,0,0,,,
backed for bail,,,[法] 批准可以保释的,,,,,0,0,,,
backed frictional material,,,衬背摩擦材料,,,,,0,0,,,
backed note,,,[经] 已经背书的票据,,,,,0,0,,,
backed off,,,na. 退避；后退,,,,,0,0,,,
backed onto,,,v. 背靠,,,,,0,0,,,
backed out,,,na. 缩手(放弃某事)；扭松；逃避(责任等),,,,,0,0,,,
backed porcelain,,,烘瓷,,,,,0,0,,,
backed stamper,,,"双工模,衬板压模;复制模",,,,,0,0,,,
backed up,,,na. 支持；堵塞；【棒球】抢救后方；【计算机】把(文件等备份)\n[网络] 化粪池又回堵；后援；定期储蓄,,,,,0,0,,,
backed up bit,,,后备位,,,,,0,0,,,
backed up type roller leveller,,,带支承棍的辊式矫直机,,,,,0,0,,,
backed weave,,,背面加重组织；重织物(梭织),,,,,0,0,,,
backed-off cutter,,,铲齿刀,,,,,0,0,,,
backed-off milling cutter,,,铲齿铣刀,,,,,0,0,,,
backed-off tap,,,铲齿丝锥,,,,,0,0,,,
backed-up,,,后备的\n应急的\n备份,j:100,,,,0,0,,,
backed-up auxiliary,,,用辅机,,,,,0,0,,,
backed-up busbar,,,用汇流排,,,,,0,0,,,
backed-up power supply,,,用电源,,,,,0,0,,,
backed-up supply,,,急电源,,,,,0,0,,,
backed-up value,,,备用值,,,,,0,0,,,
backed-up water level,,,回水位,,,,,0,0,,,
backedge,,,轧疤; 后嵴,,,,,0,0,,,
backedge of impulse,,,脉冲后沿,,,,,0,0,,,
Backefors,,,巴克弗斯,,,,,0,0,,,
backeless,,,"a. 背部, 背脊, 后面, 后部, 反面, 背面, 椅背",,,,,0,0,,,
backen,'bækәn,,vi.(风)逆时针方向转变 \nvt.<方>阻碍…的发展,,,,,0,0,,,
backend,'bækend,,n. 后端,,,,,0,0,s:backends,,
backend computer,,,后端计算机,,,,,0,0,,,
backend machine,,,后端机,,,,,0,0,,,
backend performance,,,顾客与卖方(如书店)(在不断发展关系中)形成购买和付款形式,,,,,0,0,,,
backendish,,,[网络] 后端,,,,,0,0,,,
backends,,,[网络] 后端过滤器；后弯,,,,,0,0,0:backend/1:s,,
backening,,,[电] 致黑,,,,,0,0,,,
backer,'bækә,n invests in a theatrical production,"n. 援助者, 支持者\n[经] 背书人, 支持人",n:100,1,,,12387,9207,s:backers,,
backer pump,,,备用泵,,,,,0,0,,,
Backer sodium process,,,[化] 巴克尔炼钠法,,,,,0,0,,,
backer-just rate equation,,,贝克庶士特方程式,,,,,0,0,,,
backer-up,"'bækər,ʌp",,n. 赞助者，支持者；【美式足球】中后卫；线后防守队员,,,,,0,0,,,
backerboard,,,违衬板,,,,,0,0,,,
backergunge (bakarganj),,,巴克干吉,,,,,0,0,,,
backerin,,,[医] 巴克林(酵母注射剂),,,,,0,0,,,
backerman,,,[网络] 后卫,,,,,0,0,,,
backermore,,,[网络] 背心,,,,,0,0,,,
backermost,,,[网络] 最里面,,,,,0,0,,,
backers,ˈbækəz,n. invests in a theatrical production,"n. 支持者, 赞助者( backer的复数形式 )",,,,,0,0,0:backer/1:s,,
backers-up,,,n. backer-up的变形,,,,,0,0,,,
backes,,,[网络] 巴克斯,,,,,0,0,0:backe/1:s,,
backest,,,n. 涡流,,,,,0,0,,,
backet,'bækit,,n. 笼形信号球\n[网络] 李圳尧,,,,,0,0,,,
backextract,bækekst'rækt,,n.反萃取,,,,,0,0,,,
backey,,,[网络] 许嘉恬；过客,,,,,0,0,,,
backface,,,un. 背面割面；后面\n[网络] 网状面的背面,,,,,0,0,,,
backfaces,,,[网络] 背面,,,,,0,0,,,
backfall,'bækfɔ:l,n. A fall or throw on the back in wrestling.,n. 将对方压制倒地背着垫子以取胜的手法; 滑落,,,,,0,0,,,
backfaller,,,[网络] 落后者,,,,,0,0,,,
backfalls,,,n. 角力；斜坡；滑落；背部\n[网络] 山坡；落下；打浆机山形,,,,,0,0,,,
backfash,,,倒移; 倒移的,,,,,0,0,,,
backfat,'bækfæt,,un. 背脂\n[网络] 背膘；背脂厚度,,,,,0,0,,,
backfat probe,,,背脂（厚）探针,,,,,0,0,,,
backfat thickness,,,猪背膘厚度,,,,,0,0,,,
backfeed,,,反馈,,,,,0,0,,,
backfeed factor,,,反馈因数,,,,,0,0,,,
backfeed loop,,,[化] 反馈回路,,,,,0,0,,,
backfence,,,"邻居间的,隔壁邻舍的",,,,,0,0,,,
backfield,'bækfiːld,n. the offensive football players who line up behind the linemen,n. 后卫；守卫区,n:100,,,,0,21169,s:backfields,,
backfielder,"'bæk,fi:ldә(r)",,n. [橄榄球]后卫,,,,,0,0,,,
backfields,'bækfiːld,,n. 后卫；守卫区,,,,,0,0,0:backfield/1:s,,
backfile,,,[计] 后援文件,,,,,0,0,,,
backfile conversion,,,[网络] 后台文件转换,,,,,0,0,,,
backfiles,,,n. 过期案卷\n[网络] 回溯期刊；回溯文档,,,,,0,0,,,
backfill,bækfil,,"vt. 装填, 回填\nn. 装填, 回填",n:100,,,,0,40072,s:backfills,,
backfill compaction,,,回填土压实,,,,,0,0,,,
backfill consolidation,,,复土压实,,,,,0,0,,,
backfill density,,,回填密度,,,,,0,0,,,
backfill grouting,,,回填灌浆,,,,,0,0,,,
backfill material,,,填材料,,,,,0,0,,,
backfill of the site,,,场的回填,,,,,0,0,,,
backfill rammer,,,回填夯实机,,,,,0,0,,,
backfill tamper,,,回填夯,,,,,0,0,,,
backfill with mortar,,,灰浆回填,,,,,0,0,,,
backfilled,ˈbækfild,,v. 回填（挖掘的洞穴）( backfill的过去式和过去分词 ),,,,,0,0,0:backfil/1:dp,,
backfiller,,,[机] 回填机,,,,,0,0,,,
backfilling,,,[机] 回填,,,,,0,0,0:backfil/1:i/s:backfillings,,
backfilling bucket,,,斗式回填机,,,,,0,0,,,
backfilling gang,,,[机] 回填组,,,,,0,0,,,
backfilling material,,,[建] 回填材料,,,,,0,0,,,
backfilling thrower,,,抛掷充填机,,,,,0,0,,,
backfillings,,,backfilling\nn.\n【建筑学】回填，回填土；填充砌体,,,,,0,0,0:backfilling/1:s,,
backfills,,,回填（挖掘的洞穴）( backfill的第三人称单数 ),,,,,0,0,0:backfill/1:s,,
backfin,,,轧疤,,,,,0,0,,,
backfins,,,n. 压折；轧疤；夹层，裂缝,,,,,0,0,,,
backfire,.bæk'faiә,n. a loud noise made by the explosion of fuel in the manifold or exhaust of an internal combustion engine\nn. a fire that is set intentionally in order to slow an approaching forest fire or grassfire by clearing a burned area in its path\nn. a miscalculation that recoils on its maker\nv. come back to the originator of an action with an undesired effect,"n. 逆火, 回火, 放火\nvi. 放逆火, 预先放火, 发生意外",v:100,1,,,14304,10577,d:backfired/p:backfired/3:backfires/i:backfiring/s:backfires,,
backfire antenna,,,背射天线,,,,,0,0,,,
Backfire bomber,,,【军械】 逆火式轰炸机(前苏联图—26轰炸机)[亦作 Backfire n. ],,,,,0,0,,,
backfire effect,,,[网络] 逆火效应；逆反效应,,,,,0,0,,,
backfire effects,,,[网络] 反火效应,,,,,0,0,,,
backfire torch,,,点迎面火枪,,,,,0,0,,,
backfired,ˈbækˌfaɪəd,v come back to the originator of an action with an undesired effect\nv emit a loud noise as a result of undergoing a backfire\nv set a controlled fire to halt an advancing forest to prairie fire,v. （内燃机等）发生逆火( backfire的过去式和过去分词 ); 发生回火; （枪炮）向后爆发; 发生意外,,,,,0,0,0:backfire/1:dp,,
backfires,ˈbækˌfaɪəz,n the backward escape of gases and unburned gunpowder after a gun is fired\nn a loud noise made by the explosion of fuel in the manifold or exhaust of an internal combustion engine\nn a fire that is set intentionally in order to slow an approaching forest fire or grassfire by clearing a burned area in its path\nn a miscalculation that recoils on its maker\nv come back to the originator of an action with an undesired effect\nv emit a loud noise as a result of undergoing a backfire\nv set a controlled fire to halt an advancing forest to prairie fire,v. （内燃机等）发生逆火( backfire的第三人称单数 ); 发生回火; （枪炮）向后爆发; 发生意外,,,,,0,0,0:backfire/1:3,,
backfiring,ˈbækˌfaɪərɪŋ,v come back to the originator of an action with an undesired effect\nv emit a loud noise as a result of undergoing a backfire\nv set a controlled fire to halt an advancing forest to prairie fire,v. （内燃机等）发生逆火( backfire的现在分词 ); 发生回火; （枪炮）向后爆发; 发生意外,,,,,0,0,0:backfire/1:i/s:backfirings,,
backfirings,bæk'faɪə,,vi. 放出逆火；预先放火；产生出乎意料及事与愿违的结果\nn. 逆火，回火,,,,,0,0,0:backfiring/1:s,,
backfisch,'bɑ:kfiʃ,,"n. 年轻少女, 未成年的女学生",,,,,0,0,,,
backfische,,,[网络] 黄毛丫头,,,,,0,0,,,
backfisches,"'bɑ:kfiʃ-,fiʃə",,n.\nbackfisch的变形\nbackfisch\n['bɑ:kfiʃ]\nn.\n[德语、口语]少女；尚未发育完全的女学生\n变形：\nn.\nbackfische,,,,,0,0,,,
backfish,ˈbɑ:kfɪʃ,,"n. 年轻少女, 未成年的女学生",,,,,0,0,,,
backfist,,,[网络] 里拳,,,,,0,0,s:backfists,,
backfists,"'bæk,fist",,n.\n(日本空手道武术)用捏紧的拳头背猛击,,,,,0,0,0:backfist/1:s,,
backfit,,,不大的改形,,,,,0,0,,,
backfitting,"'bæk,fɪt",,"backfit\n['bæk,fit]\nvt.\n更新：\nto backfit existing power plants\n更新现有发电厂设备\n变形：\nvt.\nbackfit或-fitted;-fitting",,,,,0,0,,,
backflap hinge,,,明合页,,,,,0,0,,,
backflash,,,[机] 回闪,,,,,0,0,,,
backflashes,"'bæk,flæʃ",,vi. 气体反闪；倒叙\nn. 反闪；倒叙,,,,,0,0,,,
backflip,"'bæk,flip",,n. 后翻式；后滚翻；倒翻筋斗\nvi. 后空翻；表演后空翻,n:100,,,,0,34724,s:backflips,,
backflipped,,past tense of backflip,(backflip 的过去时) n. 后翻式；后滚翻；倒翻筋斗\nvi. 后空翻；表演后空翻,,,,,0,0,0:backflip/1:p,,
backflipping,"'bæk,flip",,"n.\n【跳水、体操等】后空翻(如花样跳水等中的动作)\n(信仰或立场的)180度的大转变\nvi.\n【跳水、体操等】后空翻；表演后空翻：\n【跳水、体操等】后空翻；表演后空翻：\nHe backflipped off a bucking horse.\n他从一匹猛然弓背跃起的马上后空翻落下。\n变形：\nvi.\nback flip, backflipped\n. back flip, backflipping",,,,,0,0,,,
backflips,,plural of backflip,(backflip 的复数) n. 后翻式；后滚翻；倒翻筋斗\nvi. 后空翻；表演后空翻,,,,,0,0,0:backflip/1:s,,
backflooding,,,地下水逆流,,,,,0,0,,,
backflop,,backflop (plural backflops)\nA diving error that results in the diver's back making an impact on the surface of the water.\n,,,,,,0,0,,,
backflow,,n. a flow that returns toward its source,"n. 逆流, 回流\n[医] 回流, 反流",n:100,,,,0,40362,s:backflows,,
backflow cell model,,,流槽模型,,,,,0,0,,,
backflow channel,,,回流水道,,,,,0,0,,,
backflow connection,,,回流管,,,,,0,0,,,
backflow damper,,,流缓冲器,,,,,0,0,,,
backflow obstruction,,,回流受阻,,,,,0,0,,,
backflow preventer,,,回路抑止器,,,,,0,0,,,
backflow ripple,,,回流波痕,,,,,0,0,,,
backflow valve,,,= backwater valve,,,,,0,0,,,
backflow-prevention device,,,流防止设备,,,,,0,0,,,
backflowing,"'bæk,fləu",,n. 【流体力学】回流,,,,,0,0,s:backflowings,,
backflowings,,,n. 【流体力学】回流\n(backflowing 的复数),,,,,0,0,0:backflowing/1:s,,
backflows,,,n. 〔技〕回流；倒流；逆流；反流\n[网络] 逆流回流；回流现象；逆流式,,,,,0,0,0:backflow/1:s,,
backflush,,,回洗,,,,,0,0,s:backflushes,,
backflush chromatogram,,,反冲色谱,,,,,0,0,,,
backflush chromatography,,,反冲色谱(法),,,,,0,0,,,
backflush device,,,反冲器,,,,,0,0,,,
backflush valve,,,[化] 反冲阀,,,,,0,0,,,
backflushed,"'bæk,flʌʃ",,vt. 逆流洗涤，回洗\nn. 逆算法；倒冲法,,,,,0,0,,,
backflushes,"'bæk,flʌʃ",,vt. 逆流洗涤，回洗\nn. 逆算法；倒冲法,,,,,0,0,0:backflush/1:s,,
backflushing,bækf'lʌʃɪŋ,,n. 逆流洗涤；回洗\n[网络] 反冲法；重复制造中反冲；反吹,,,,,0,0,,,
backflushing chromatography,,, [医]反吹层析，反冲层析,,,,,0,0,,,
backflushing technique,,,反冲技术,,,,,0,0,,,
backfolded,,,[网络] 被折回,,,,,0,0,,,
backfolding,'bækfəuldiŋ,,n. 【地质学】背褶皱作用,,,,,0,0,,,
backfoot,,,un. 后脚\n[网络] 处于守势；拉拍时重心应该在右脚；脚背,,,,,0,0,,,
backforecast,,,[经] 倒转预测,,,,,0,0,,,
backform,,,顶模,,,,,0,0,,,
backformation,,,"n. 逆序造词,倒反构词",,,,,0,0,,,
backformations,,,[网络] 逆转,,,,,0,0,,,
backfreight,,,un. 〔商〕退货运费；回程运费,,,,,0,0,,,
backfriend,,,[网络] 回来了,,,,,0,0,,,
backfriends,,,[网络] 亲朋好友,,,,,0,0,,,
backfurrow,bæk'fʌrəʊ,,n. 回犁；闭垄,,,,,0,0,,,
backgain,,,[网络] 背齿轮,,,,,0,0,,,
backgame,,,[网络] 撤退策略,,,,,0,0,,,
backgammon,bæk'gæmәn,n. a board game for two players; pieces move according to throws of the dice,n. 巴加门15子棋,n:100,,,,45289,29162,s:backgammons,,
backgammon board,bækˈɡæmən bɔ:d,, [体]双陆棋棋盘,,,,,0,0,s:backgammon boards,,
backgammon boards,,, [体]双陆棋棋盘\n(backgammon board 的复数),,,,,0,0,0:backgammon board/1:s,,
backgammoned,'bækgæmən,,n. 西洋双陆棋戏,,,,,0,0,,,
backgammoning,'bækgæmən,,n. 西洋双陆棋戏,,,,,0,0,,,
backgammons,,,"n. (二人各持十五子,掷骰行棋的)十五子棋\n[网络] 西洋双陆棋；西洋双陆棋戏；西洋双子棋",,,,,0,0,0:backgammon/1:s,,
backgarden,,,n. 后院\n[网络] 后花园；后花园景观餐厅；城市后花园,,,,,0,0,s:backgardens,,
backgardens,,plural of backgarden,(backgarden 的复数) n. 后院\n[网络] 后花园；后花园景观餐厅；城市后花园,,,,,0,0,0:backgarden/1:s,,
backgate,,,[网络] 背栅,,,,,0,0,,,
backgauge,,,un. 房透距；后支档反向行程限位器\n[网络] 后挡料长度；后挡料范围,,,,,0,0,,,
backgear,,,[机] 后列齿轮,,,,,0,0,,,
backgear ratio,,,[机] 后列齿轮的齿数比,,,,,0,0,,,
backgear shaft,,,背齿轮轴,,,,,0,0,,,
backgeared,bækd'ʒiəd,,adj.具有后齿轮的(减速的),,,,,0,0,,,
backgearing,,,背轮,,,,,0,0,,,
backglass,,,[网络] 后盖玻璃；后面板,,,,,0,0,,,
backglasses,,,[网络] 背包,,,,,0,0,,,
backgound document,,,背景文件,,,,,0,0,,,
background,'bækgraund,n. a person's social heritage: previous experience or training\nn. the part of a scene (or picture) that lies behind objects in the foreground\nn. information that is essential to understanding a situation or problem\nn. extraneous signals that can be confused with the phenomenon to be observed or measured,"n. 背景, 背景资料\n[计] 背景, 后台",n:100,3,1,zk gk cet4 ky toefl ielts,1369,1402,s:backgrounds,,
background absorption,,,[化] 背景吸收,,,,,0,0,,,
background absorption correction,,,[化] 背景吸收校正,,,,,0,0,,,
background acquisition,,,[网络] 背景采集,,,,,0,0,,,
background activity,,,本底放射性；背景活动,,,,,0,0,,,
background activity level,,,底[放射性]活度水平,,,,,0,0,,,
background adaptation,,,背景适应,,,,,0,0,,,
background air,,,本底空气,,,,,0,0,,,
background air pollution,,,底空气污染,,,,,0,0,,,
background application,,,后台应用程序\n[计] 后台应用程序,,,,,0,0,,,
background area,,,底区域,,,,,0,0,,,
background artist,,,背景艺术家,,,,,0,0,,,
background assembler,,,[计] 后台汇编程序,,,,,0,0,,,
background authentication,,,背景鑑别,,,,,0,0,,,
background border,,,背景边界,,,,,0,0,,,
background brightness,,,背景亮度,,,,,0,0,,,
background buildup,,,底积累,,,,,0,0,,,
background bus,,,背景排灯,,,,,0,0,,,
background calibration,,,背景校准,,,,,0,0,,,
background camera,,,背景摄影机;背景照相机,,,,,0,0,,,
background charge,,,背景电荷,,,,,0,0,,,
background check,,,[网络] 背景调查；背景检查；背景核查,,,,,0,0,,,
background checking,,,背景核查,,,,,0,0,,,
background checks,,, 背景考核,,,,,0,0,,,
background clutter,,,背景杂斑[波],,,,,0,0,,,
background collimating mark,,,背景照准标,,,,,0,0,,,
background collimating point,,,背景照准点,,,,,0,0,,,
background color,,,[计] 背景颜色,,,,,0,0,,,
background color value,,,背景颜色值\n[计] 背景颜色值,,,,,0,0,,,
background colour,,,[电] 背景颜色,,,,,0,0,,,
background colour control character,,,背景彩色控制字符,,,,,0,0,,,
background compiler,,,[计] 后台编译程序,,,,,0,0,,,
background Compton scattering,,,背景康普顿散射,,,,,0,0,,,
background computer,,,[计] 后台计算机,,,,,0,0,,,
background concentration,,,本底浓度,,,,,0,0,,,
background condensation,,,在威尔逊云室内)外来杂质凝聚；本底凝聚,,,,,0,0,,,
background condition,,,[经] 背景条件,,,,,0,0,,,
background conductivity,,,本底传导性,,,,,0,0,,,
background contamination,,,背景污染,,,,,0,0,,,
background control,,,[电] 背景控制,,,,,0,0,,,
background correction,,,[化] 背景校正,,,,,0,0,,,
background count,,,[医] 本底计数,,,,,0,0,,,
background counting,,,本底计数,,,,,0,0,,,
background counting rate,,,[医] 本底计数率,,,,,0,0,,,
background counts,,,背景计数值,,,,,0,0,,,
background cross-section,,,底截面,,,,,0,0,,,
background current,,,本底电流,,,,,0,0,,,
background data,,,[计] 背景数据信息,,,,,0,0,,,
background data terminal,,,背景资料终端机,,,,,0,0,,,
background density,,,[计] 背景密度,,,,,0,0,,,
background determination,,,背景测定,,,,,0,0,,,
background diabetic retinopathy,,,背景型糖尿病[性]视网膜病变,,,,,0,0,,,
background discrimination,,,背景鉴别能力,,,,,0,0,,,
background display image,,,[计] 后台显示图象,,,,,0,0,,,
background document,,,[网络] 背景文件；后台文档,,,,,0,0,,,
background doping,,,本底掺杂,,,,,0,0,,,
background doping effect,,,本底掺杂效应,,,,,0,0,,,
background doping level,,,本底掺杂能级,,,,,0,0,,,
background dose,,,本底剂量,,,,,0,0,,,
background effect,,,背景效应,,,,,0,0,,,
background effect source,,,背景效果源,,,,,0,0,,,
background electrolyte effect,,,本底电解质效应,,,,,0,0,,,
background emission,,,背景辐射,,,,,0,0,,,
background equivalent activity,,,本底等效放射性,,,,,0,0,,,
background equivalent activity (BEA),,,[化] 天然本底放射性当量强度,,,,,0,0,,,
background exposure,,,本底照射,,,,,0,0,,,
background extinction,,,背景灭绝,,,,,0,0,,,
background factor,,,[化] 背景因子,,,,,0,0,,,
background fade-in,,,背景淡入,,,,,0,0,,,
background film,,,背景特技电影,,,,,0,0,,,
background fluctuation,,,背景起伏,,,,,0,0,,,
background fluctuations,,,背景波动;背景起伏,,,,,0,0,,,
background fluorescence,,,背景荧光,,,,,0,0,,,
background fodder,,,[网络] 背景饲料,,,,,0,0,,,
background fog,,,本底雾,,,,,0,0,,,
background gactor,,,背景因子,,,,,0,0,,,
background galaxy,,,背景星系,,,,,0,0,,,
background generator,,,背景产生器,,,,,0,0,,,
background genotype,,,背景基因型,,,,,0,0,,,
background gradient spectrum,,,背景陡度光谱,,,,,0,0,,,
background heater,,,隐闭式供暖器,,,,,0,0,,,
background heating,,,隐闭式供暖,,,,,0,0,,,
background hump,,,本底突峰,,,,,0,0,,,
background hybridization,ˈbækɡraund ˌhaibridaiˈzeiʃən,, [医]背景杂交,,,,,0,0,,,
background illuminance,,,背景照明,,,,,0,0,,,
background illumination,,,背景照明,,,,,0,0,,,
background image,,,背景图像,,,,,0,0,,,
background images,,,背景图像,,,,,0,0,,,
background impurity,,,[化] 本底杂质,,,,,0,0,,,
background indensity,,,背景光密度,,,,,0,0,,,
background information,,,背景材料;背景资料,,,,,0,0,,,
background information for audit,,,[审计] 审计背景情况,,,,,0,0,,,
background initiator,,,后台初启程序,,,,,0,0,,,
background ink,,,[计] 背景墨水,,,,,0,0,,,
background inking,,,背景上墨,,,,,0,0,,,
background intensity,,,背景强度,,,,,0,0,,,
background interference,,,背景干扰,,,,,0,0,,,
background interference procedure,,,背景干扰程序,,,,,0,0,,,
background internal friction,,,本底内摩擦,,,,,0,0,,,
background investigation,ˈbækɡraund ɪnˌvestɪˈgeɪʃən,,n. 背景调查; A reference check on the job candidate that can help verify the true identity of the person and possibly confirm his or her empl,,,,,0,0,,,
background ion,,,本底离子,,,,,0,0,,,
background ionization voltage,,,底电离电压,,,,,0,0,,,
background ionization votage,,,基底电离电压,,,,,0,0,,,
background ions,,,本底离子,,,,,0,0,,,
background irradiance,,,背景辐射,,,,,0,0,,,
background irradiation,,,本底辐射,,,,,0,0,,,
background Iuminescence,,,本底发光,,,,,0,0,,,
background job,,,[计] 后台作业,,,,,0,0,,,
background jot,,,背景记录,,,,,0,0,,,
background knowledge,ˈbækˌɡraʊnd ˈnɑlɪdʒ,, 背景光补偿；背理测验；背景知识,,,,,0,0,,,
background level,ˈbækɡraund ˈlevl,, 本底水准,,,,,0,0,s:background levels,,
background levels,,,基值电流；背景值,,,,,0,0,0:background level/1:s,,
background light,,,背景光,,,,,0,0,,,
background light sensor,,,背景光感应器,,,,,0,0,,,
background lighting,,,背景照明,,,,,0,0,,,
background limited infrared detectivity,,,背景限红外光电导探测率,,,,,0,0,,,
background limited infrared detector,,,背景限制红外线检测器,,,,,0,0,,,
background limited infrared photoconductor,,,景限红外光电导体,,,,,0,0,,,
background limited photodetector,,,背景限光电探测器,,,,,0,0,,,
background loop,,,[计] 后台坏,,,,,0,0,,,
background loudspeaker,,,背景声扬声器;背景扬声器;电视伴音扬声器,,,,,0,0,,,
background luminance,,,背景亮度,,,,,0,0,,,
background luminance meter,,,背景亮度计,,,,,0,0,,,
background luminance sensor,,,背景萤光感应器,,,,,0,0,,,
background luminescence,,,本底发光,,,,,0,0,,,
background mass spectrum,,,[化] 本底质谱图,,,,,0,0,,,
background material,,,背景材料,,,,,0,0,,,
background measurement experiment,,,背景测量实验,,,,,0,0,,,
background measurement radiometer,,,背景测量辐射计,,,,,0,0,,,
background mix,,,背景混合,,,,,0,0,,,
background mode,,,[计] 后台方式,,,,,0,0,,,
background modulation noise,,,背景调制噪声;本底调制噪声,,,,,0,0,,,
background monitor,,,[计] 后台监控程序,,,,,0,0,,,
background monitoring,,,本底监察,,,,,0,0,,,
background monitoring station,,,背景侦测站,,,,,0,0,,,
background music,,,[电] 陪衬音乐,,,,,0,0,,,
background neutron,,,底中子,,,,,0,0,,,
background noise,,,"[计] 固有噪声, 本底噪声, 背景噪声",,,,,0,0,s:background noises,,
background noise criteria,,,底噪声标准,,,,,0,0,,,
background noise field strength,,,背景噪声场强,,,,,0,0,,,
background noise level,,,背景噪音位准,,,,,0,0,,,
background noise of channel,ˈbækɡraund nɔiz ɔv ˈtʃænl,, [计]通路固有杂音,,,,,0,0,,,
background noise of wind tunnel,,,风洞背景噪声,,,,,0,0,,,
background noise photon,,,背景噪声光子,,,,,0,0,,,
background noises,,,un. 背景噪声；基底噪声；后台干扰；基层噪声,,,,,0,0,0:background noise/1:s,,
background note,,,背景说明,,,,,0,0,,,
background of cloth,,,"[机] 织物之背面, 布裹",,,,,0,0,,,
background of invention,,,[专利] 发明的背景,,,,,0,0,,,
background of mark,,,un. 航标背景,,,,,0,0,,,
background of mass spectrum,,,[化] 质谱本底,,,,,0,0,,,
background of water environment,,,水环境本底值,,,,,0,0,,,
background operation,ˈbækɡraund ˌɔpəˈreiʃən,, 后台操作,,,,,0,0,,,
background or bias-include noise,,,背景或偏移杂讯,,,,,0,0,,,
background paging,,,后台分页,,,,,0,0,,,
background partition,,,[计] 后台部分,,,,,0,0,,,
background photon fluctuations,,,"背景光子起伏(噪声),背景光子波动(噪声)",,,,,0,0,,,
Background picture,,,n. 背景图片,,,,,0,0,,,
background plane,,,背景平面,,,,,0,0,,,
background planting,,,背景种植,,,,,0,0,,,
background plate,,,背景板,,,,,0,0,,,
background pollution,,,背景污染;本底污染,,,,,0,0,,,
background pollution observation,,,本底污染观测,,,,,0,0,,,
background print spooler,,,后台打印假脱机程序,,,,,0,0,,,
background printing,,,后台打印\n[计] 后台打印,,,,,0,0,,,
Background Priority,,,后台优先权\n[计] 后台优先权,,,,,0,0,,,
background process,,,后台处理\n[计] 后台处理,,,,,0,0,,,
background process group,,,背景过程群组；后台处理群组,,,,,0,0,,,
background processes,,,[网络] 后台进程；后台处理程序；后台服务进程,,,,,0,0,,,
background processing,,,[计] 后台处理,,,,,0,0,s:background processings,,
background processing interrupt,,,[电] 后部处理岔断,,,,,0,0,,,
background processings,,,[计] 背景处理；[计] 后台处理（一般处于次优先地位的处理）,,,,,0,0,0:background processing/1:s,,
background program,,,[计] 后台程序,,,,,0,0,,,
background programming,,,后台程序设计方法,,,,,0,0,,,
background projection,,,[计] 背景投影,,,,,0,0,,,
background projector,,,背景放映机,,,,,0,0,,,
background radiation,,,"[化] 本底辐射\n[医] 本底放射, 本底辐射",,,,,0,0,s:background radiations,,
background radiation intensity,,,背景辐射强度,,,,,0,0,,,
background radiation level,,,背景辐射准位,,,,,0,0,,,
background radiation noise,,,背景辐射杂讯,,,,,0,0,,,
background radiations,,,[物] 背景辐射；[天][核] 本底辐射,,,,,0,0,0:background radiation/1:s,,
background radioactivity,,,背景放射性,,,,,0,0,,,
background random process,,,背景随机过程,,,,,0,0,,,
background ratio,,,"背景比率, 背景比",,,,,0,0,,,
background reaction,,,逆向反应,,,,,0,0,,,
background reader,,,"[计] 后台阅读器, 后台读入程序",,,,,0,0,,,
background reading,,, 背景读物,,,,,0,0,,,
background reflectance,,,[计] 背景反射,,,,,0,0,,,
background reflection,,,"背景反射能力,本底辐射",,,,,0,0,,,
background region,,,[计] 后台区,,,,,0,0,,,
background register,,,"[计] 后备寄存器, 辅助寄存器",,,,,0,0,,,
background rejection,,,本底扣除,,,,,0,0,,,
Background Repagination,,,后台重新分页\n[计] 后台重新分页,,,,,0,0,,,
background research,,,基础研究,,,,,0,0,,,
background response,,,[电] 背景反应,,,,,0,0,,,
background return,,,(电磁)背景回波;背景反射信号,,,,,0,0,,,
background returns,,,背景反射信号,,,,,0,0,,,
background roller,,,满地印花辊筒,,,,,0,0,,,
background scattering,,,本底散射,,,,,0,0,,,
background scenery,,,"背景景物,背景布景",,,,,0,0,,,
background scheduler,,,后台调度程序,,,,,0,0,,,
background screen,,,黑底荧光屏,,,,,0,0,,,
background selection,,,背景选择,,,,,0,0,,,
background signal,ˈbækɡraund ˈsiɡnəl,, 本底[背景]信号,,,,,0,0,s:background signals,,
background signals,,,[电子] 背景信号；[电子] 本底信号,,,,,0,0,0:background signal/1:s,,
background simulator,,,背景仿真器,,,,,0,0,,,
background sound,,,"配音,背景声",,,,,0,0,,,
background sound effects,,,背景声效应,,,,,0,0,,,
background source,,,背景源,,,,,0,0,,,
background spectral radiance,,,本底光谱辐射(强度),,,,,0,0,,,
background spectrum,,,[化] 本底谱线图,,,,,0,0,,,
background stain,,,"背景染色[法], 背景染色（法）",,,,,0,0,,,
background staining,,,背景[负]染色法,,,,,0,0,,,
background star,,,背景星,,,,,0,0,,,
background station,,,背景站,,,,,0,0,,,
background storage,,,"[计] 后存储器, 辅助存储器",,,,,0,0,,,
background stream,,,[计] 后台流,,,,,0,0,,,
background study,,,背景资料研究,,,,,0,0,,,
background subtraction,ˈbækɡraund səbˈtrækʃən,, [医]本底扣除,,,,,0,0,,,
background suppression,,,背景抑制,,,,,0,0,,,
background survey,,,"背景调查,本底调查",,,,,0,0,,,
background system,,,[计] 后台系统,,,,,0,0,,,
background task,,,后台任务,,,,,0,0,,,
background temperature,,,背景温度,,,,,0,0,,,
background terminal,,,[计] 后备终端,,,,,0,0,,,
background text,,,背景文本,,,,,0,0,,,
background theories,,,背景理论,,,,,0,0,,,
background tile,,,"背景砖, 背景砖片",,,,,0,0,,,
background track,,,背景径迹,,,,,0,0,,,
background traffic,,,[网络] 背景流量；背景流业务；后台流量,,,,,0,0,,,
background transmissivity,,,背景透射比,,,,,0,0,,,
background transmittance,,,背景透射比,,,,,0,0,,,
background trapping,,,背景拉拽,,,,,0,0,,,
background value,,,背景值,,,,,0,0,,,
background value monitoring,,,[物] 本底值监测,,,,,0,0,,,
background value of soil element,,,土壤元素背景值,,,,,0,0,,,
background value of soil elements,,,土壤元素背景值,,,,,0,0,,,
background value survey,,,[物] 背景值调查,,,,,0,0,,,
background vapo(u)r pressure,,,背景蒸气压,,,,,0,0,,,
background vapor pressure,,,[化] 本底蒸气压,,,,,0,0,,,
background variable,,,背景变量,,,,,0,0,,,
background vibration level,,,背景振动位准,,,,,0,0,,,
background video,,,(录像机播放的)衬托影像；背景影像,,,,,0,0,,,
background visibility,,,背景能见度,,,,,0,0,,,
background voltage noise,,,基底电压噪声,,,,,0,0,,,
background wave,,,背景波,,,,,0,0,,,
background-check,,,背景调查,,,,,0,0,,,
background-corrected,,,un. 背景噪声已改正的,,,,,0,0,,,
background-free,,,无本底,,,,,0,0,,,
background-limited infrared photoconductor,,,背景限红外光电导体,,,,,0,0,,,
background-limited infrared photography,,,背景限红外摄影,,,,,0,0,,,
background-noise,,,[电子] 背景噪声,,,,,0,0,,,
background-noise control,,,背景噪声控制,,,,,0,0,,,
background-noise level,,,背景噪声电平,,,,,0,0,,,
background-subtractor,,,本底减除器,,,,,0,0,,,
backgrounded,'bækgraʊnd,,n. 背景；隐蔽的位置\nvt. 作…的背景\nadj. 背景的；发布背景材料的,,,,,0,0,,,
backgrounder,"'bæk,^rajndә(r)",n. a press conference or interview in which a government official explains to reporters the background of an action or policy,n. 政府官员举行的记者招待会,n:100,,,,0,35321,s:backgrounders,,
backgrounders,"'bæk,ɡraʊndə",,n. 政府官员举行的记者招待会；提供背景资料的简报或报告,,,,,0,0,0:backgrounder/1:s,,
backgrounding,,n the execution of low priority programs while higher priority programs are not using the processing system\nv understate the importance or quality of,[计] 后台处理,,,,,0,0,s:backgroundings,,
backgroundings,,,[计] 后台处理\n(backgrounding 的复数),,,,,0,0,0:backgrounding/1:s,,
backgrounds,,n a person's social heritage: previous experience or training\nn the part of a scene (or picture) that lies behind objects in the foreground\nn information that is essential to understanding a situation or problem\nn extraneous signals that can be confused with the phenomenon to be observed or measured\nn relatively unimportant or inconspicuous accompanying situation\nn the state of the environment in which a situation exists\nn (computer science) the area of the screen in graphical user interfaces against which icons and windows appear\nn scenery hung at back of stage\nv understate the importance or quality of,"n. 背景图片, 背景（background的复数形式）",,,,,0,0,0:background/1:s,,
backgroung,ˊbækgraund,,n. 背景;后台,,,,,0,0,,,
backguy,,,拉条,,,,,0,0,,,
Backhammar,,,巴克哈马,,,,,0,0,,,
backhand,'bæk'hænd,n. a return made with the back of the hand facing the direction of the stroke\nv. hit a tennis ball backhand\na. (of racket strokes) made across the body with back of hand facing direction of stroke,"n. 手背拍, 反手抽击, 左斜手写体\nv. 反手抽击",r:20/j:57/v:23,,,,35012,23646,p:backhanded/i:backhanding/s:backhands/3:backhands/d:backhanded,,
backhand attacking rally,,,反手连续攻球,,,,,0,0,,,
backhand backspin service,,,发反手下旋[上旋]球,,,,,0,0,,,
backhand chop,,,反手削球,,,,,0,0,,,
backhand corner,,,反手打到对方台角,,,,,0,0,,,
backhand court,,,左场区,,,,,0,0,,,
backhand drainage,,,逆向水系,,,,,0,0,,,
backhand drive,ˈbækhænd draiv,, [体]反手抽球,,,,,0,0,s:backhand drives,,
backhand drives,,, [体]反手抽球\n(backhand drive 的复数),,,,,0,0,0:backhand drive/1:s,,
backhand groundstroke grip,,,反手握拍法,,,,,0,0,,,
backhand hit,,,反手击球,,,,,0,0,,,
backhand lift,,,反手起球,,,,,0,0,,,
backhand method,,,右焊法,,,,,0,0,,,
backhand pass,,,反手传球,,,,,0,0,,,
backhand rope,,,左捻索,,,,,0,0,,,
backhand service,,,反手发球,,,,,0,0,,,
backhand shot,ˈbækhænd ʃɔt,, [体]反手向后射门,,,,,0,0,s:backhand shots,,
backhand shots,,, [体]反手向后射门\n(backhand shot 的复数),,,,,0,0,0:backhand shot/1:s,,
backhand stopping,,,反手停球,,,,,0,0,,,
backhand stroke,ˈbækhænd strəuk,, 反手击球,,,,,0,0,s:backhand strokes,,
backhand strokes,,,反手击球；反手击,,,,,0,0,0:backhand stroke/1:s,,
backhand swing,,,以拳背击人,,,,,0,0,,,
backhand technique,,,基值,,,,,0,0,,,
backhand topspin service,,,发反手下旋[上旋]球,,,,,0,0,,,
backhand volley,,,反手拦网,,,,,0,0,,,
backhand welding,,,[化] 后焊法,,,,,0,0,,,
backhand-welding,,,un. 反手焊接；右向焊\n[网络] 后退焊接,,,,,0,0,,,
backhanded,'bæk'hændid,s. roundabout or ambiguous,a. 间接的,j:100,,,gre,39430,30418,1:pd/0:backhand,,
backhanded compliment,,,[网络] 含讽刺意味的赞扬；挖苦意味的恭维话；貌似恭维实为挖苦的话,,,,,0,0,,,
backhanded compliments,,,讽刺挖苦的恭维话,,,,,0,0,,,
backhandedly,,,[网络] 反手,,,,,0,0,,,
backhandedness,,n. State of being backhanded; the using of backhanded\n   or indirect methods.,n. backhanded的变形,,,,,0,0,,,
backhander,'bækhændә(r),n. a backhanded blow,"n. 逆打,追加的一杯酒,<英>回扣",,,,,39319,0,s:backhanders,,
backhanders,ˈbækhændəz,n. a backhanded blow,n. 反手一击( backhander的复数形式 ); 贿赂,,,,,0,0,0:backhander/1:3,,
backhanding,,-ing form of backhand\nn. a return made with the back of the hand facing the direction of the stroke\nv. hit a tennis ball backhand\na. (of racket strokes) made across the body with back of hand facing direction of stroke,"(backhand 的现在分词) n. 手背拍, 反手抽击, 左斜手写体\nv. 反手抽击",,,,,0,0,0:backhand/1:i,,
backhands,ˈbækhændz,n a return made with the back of the hand facing the direction of the stroke\nv hit a tennis ball backhand,"n. 反手, 反手击球( backhand的名词复数 )",,,,,0,0,1:s3/0:backhand,,
backhaul,'bækhɔ:l,,"n. (货运车的)回程(通常亦载货),回程运费",,,,,0,0,,,
backhaul cable,,,后曳索,,,,,0,0,,,
backhauled,,,[网络] 回程；回程线路；回传,,,,,0,0,,,
backhauling,'bækhɔ:liŋ,,n. (为了避免空车返回而)回程载货，归途运货，回程运输的货物,,,,,0,0,,,
backhauls,,,[网络] 回程货运；回程取货；取货点,,,,,0,0,,,
backhaus,,,n. (Backhaus)人名；(德)巴克豪斯,,,,,0,0,,,
backhead,,,un. 机车外门板\n[网络] 后部；反拍；背头,,,,,0,0,,,
backheader,,,un. 后部联箱；后汽鼓\n[网络] 后管头箱；后管集箱；后联箱,,,,,0,0,,,
backheads,,,[网络] 后头,,,,,0,0,,,
backheating,,,反加热; 回热,,,,,0,0,,,
backheel,,, 驴回头,,,,,0,0,s:backheels,,
backheeled,,,[网络] 驴回头,,,,,0,0,,,
backheeling,,,[网络] 驴回头,,,,,0,0,,,
backheels,,plural of backheel,(backheel 的复数)  驴回头,,,,,0,0,0:backheel/1:s,,
backhoe,'bækhәj,n. an excavator whose shovel bucket is attached to a hinged boom and is drawn backward to move earth,n. (有伸缩挖掘装置的)锄耕机,n:100,,,,0,20645,s:backhoes,,
backhoe bucket,,,反(向)铲,,,,,0,0,,,
backhoe dredger,,,反铲挖泥船,,,,,0,0,,,
backhoe excavator,,,反铲挖掘机,,,,,0,0,,,
backhoe loader,,,反铲装载机,,,,,0,0,,,
Backhoe Loaders,,,[网络] 挖掘装载机,,,,,0,0,,,
backhoe shovel,,,反铲挖掘机,,,,,0,0,,,
backhoe tamping,,,反铲捣实,,,,,0,0,,,
backhoe trenching machine,,,反铲挖沟机,,,,,0,0,,,
backhoe type,,,反铲式,,,,,0,0,,,
backhoed,'bækhəʊ,,"n.\n【机械学】\n反铲，(挖土用的)反向铲，倒铲\n反铲挖土机[亦作 back-hoe,back hoe, 参较 dragline]",,,,,0,0,,,
backhoeing,'bækhəʊ,,"n.\n【机械学】\n反铲，(挖土用的)反向铲，倒铲\n反铲挖土机[亦作 back-hoe,back hoe, 参较 dragline]",,,,,0,0,,,
backhoes,,,[机] 反铲,,,,,0,0,0:backhoe/1:s,,
backhouse,'bækhɑjs,n. A building behind the main building. Specifically: A\n   privy; a necessary.,"n. 后面的小屋, (尤指)厕所",,,,,0,0,s:backhouses,,
backhouses,,plural of backhouse\nn. A building behind the main building. Specifically: A\n   privy; a necessary.,"(backhouse 的复数) n.后面的小屋, (尤指)厕所",,,,,0,0,0:backhouse/1:s,,
Backhousia,,,[网络] 豪氏属；巴豪,,,,,0,0,,,
backhuizen,,,[网络] barkhuizen,,,,,0,0,,,
backi breg,,,巴奇布雷格,,,,,0,0,,,
backi monostor,,,巴奇摩洛斯托,,,,,0,0,,,
backi petrovac,,,巴奇佩特罗瓦,,,,,0,0,,,
backie,,,[网络] 背部,,,,,0,0,,,
backies,,,[网络] 背包,,,,,0,0,,,
backimixing,,,[化] 逆向混合; 回混; 反混,,,,,0,0,,,
backin,,,un. 后内刃\n[网络] 发酵粉,,,,,0,0,,,
backing,'bækiŋ,n. the act of providing approval and support\nn. something forming a back that is added for strengthening,"n. 后退, 衬背, 后援, 支持者\n[化] 衬垫",j:1/n:99,3,,,5020,8295,0:back/1:i/s:backings,,
backing a bill,,,[经] 背书担保一张票据,,,,,0,0,,,
backing a warrant,,,[法] 背书逮捕状,,,,,0,0,,,
backing activities,,,后援活动,,,,,0,0,,,
backing an anchor,,,串联锚,,,,,0,0,,,
backing and filling,,,犹豫；踌躇,,,,,0,0,,,
backing and stopping trial,,,倒退及停航试验,,,,,0,0,,,
backing angle,,,衬垫角铁,,,,,0,0,,,
backing assets,,,[网络] 支持资产,,,,,0,0,,,
backing away,,,v. 后退；退让；退缩\n[网络] 退后；堵墨；滞墨,,,,,0,0,,,
backing band,,,[网络] 背景乐队,,,,,0,0,,,
backing bands,,,[建] 背圈,,,,,0,0,,,
backing bar,,,衬垫板条,,,,,0,0,,,
backing bead,,,打底焊道,,,,,0,0,,,
backing belt,,,[机] 后动皮带,,,,,0,0,,,
backing block,,,衬板,,,,,0,0,,,
backing board,,,[机] 底板,,,,,0,0,,,
backing box,,,填料函,,,,,0,0,,,
backing brick,ˈbækɪŋ brik,, 背衬砖,,,,,0,0,,,
backing bur,,,里小可毛，夹里可毛,,,,,0,0,,,
backing burr,,,毛圈喂纱轮,,,,,0,0,,,
backing card,,,衬靶纸,,,,,0,0,,,
backing case,,,包装箱,,,,,0,0,,,
backing cloth,,,背衬,,,,,0,0,,,
backing coil,,,"补偿绕组,反接绕组",,,,,0,0,,,
backing condenser,,,前级冷凝器,,,,,0,0,,,
backing copy,,,[计] 备用拷贝,,,,,0,0,,,
backing cough,,,剧烈的干咳,,,,,0,0,,,
backing deal,,,顶板,,,,,0,0,,,
backing deals,,,背板,,,,,0,0,,,
backing device,,,衬垫装置,,,,,0,0,,,
backing diaphragm,,,包装衬膜,,,,,0,0,,,
backing distance,,,逆行距离,,,,,0,0,,,
backing dog,,,[新西兰英语](跳到羊背上以驱赶羊群的)牧羊狗,,,,,0,0,,,
backing down,,,na. 放弃权利等；打退堂鼓,,,,,0,0,,,
backing eccentric rod,,,后行偏心杆,,,,,0,0,,,
backing fabric,,,[纺] 底布,,,,,0,0,,,
backing field,,,反方向磁场,,,,,0,0,,,
backing film,,,底片,,,,,0,0,,,
backing frame,,,装片框,,,,,0,0,,,
backing gas,,,背衬气体;背面保护气体,,,,,0,0,,,
backing groove,,,面坡口,,,,,0,0,,,
backing groove of weld,,,焊缝反面坡口,,,,,0,0,,,
backing light,,,"【戏剧】(舞台上为后景或某道具提供漫射光照明的)后照灯,背向灯[亦作 backing strip light,backing strip]；= backup light",,,,,0,0,,,
backing line,,,前级管路,,,,,0,0,,,
backing log,,,挡边木,,,,,0,0,,,
backing maneuvers,,,倒俥操纵,,,,,0,0,,,
backing material,,,[化] 基底材料\n[医] 底料,,,,,0,0,,,
backing memory,,,[计] 后备存储器,,,,,0,0,,,
backing movement,,,"退行,后退运动;推进运动[调车]",,,,,0,0,,,
backing of drift direction,,,漂移方向的逆转,,,,,0,0,,,
backing of rafters,,,[建] 椽（端支）托,,,,,0,0,,,
backing of smoke,,,推回火灾烟雾,,,,,0,0,,,
backing of the wind,ˈbækɪŋ ɔv ðə wind,, 风向反转,,,,,0,0,,,
backing of veneer,,,贴面板衬背,,,,,0,0,,,
backing of wall,,,墙背衬,,,,,0,0,,,
backing off,,,卸[退]下,,,,,0,0,,,
backing onto,,,v. 背靠,,,,,0,0,,,
backing out,,,[计] 回退,,,,,0,0,,,
backing out punch,,,un. 退钉器；打出冲头\n[网络] 铆钉冲出机；拔钉器；铆钉机,,,,,0,0,,,
backing pages,,,正反两页(如第三页与第四页),,,,,0,0,,,
backing paper,,,"[机] 背纸, 底子纸",,,,,0,0,,,
backing pass,,,封底焊道,,,,,0,0,,,
backing pin,,,"挡销,支销",,,,,0,0,,,
backing plank,,,[木] 衬板,,,,,0,0,,,
backing plate,,,垫模板;后板,,,,,0,0,,,
backing point,,,转换点,,,,,0,0,,,
backing power,,,后退功率,,,,,0,0,,,
backing pressure,,,前级压强;托持压力;背压,,,,,0,0,,,
backing propeller test,,,反转试验,,,,,0,0,,,
backing pulley,,,[机] 回行皮带盘,,,,,0,0,,,
backing pump,,,[化] 前级泵,,,,,0,0,,,
backing ratio,,,[网络] 支持比率,,,,,0,0,,,
backing register,,,"后备寄存器,后援寄存器",,,,,0,0,,,
backing ring,,,[化] 垫环,,,,,0,0,,,
backing roll,,,承压滚筒;支承辊,,,,,0,0,,,
backing roller,,,贴合罗拉,,,,,0,0,,,
backing rudder,,,倒车舵,,,,,0,0,,,
backing rudder ship,,,倒车舵船,,,,,0,0,,,
backing run,,,[化] 封底焊,,,,,0,0,,,
backing sand,,,[机] 背砂,,,,,0,0,,,
backing scarp,,,"山麓崖*, 山麓崖",,,,,0,0,,,
backing screen,,,底网,,,,,0,0,,,
backing sheet,,,"[计] 支撑片, 备用表\n[经] 副份",,,,,0,0,,,
backing shell,,,[机] 后轴套,,,,,0,0,,,
backing shunting,,,"推进调车,后退调车",,,,,0,0,,,
backing side,,,"(磁带)背面,反面",,,,,0,0,,,
backing side trap,,,前级侧阱,,,,,0,0,,,
backing signal,,,后退信号,,,,,0,0,,,
backing space,,,前级空间,,,,,0,0,,,
backing space technique,,,前级真空技术,,,,,0,0,,,
backing stage,,,[化] 前级,,,,,0,0,,,
backing storage,,,[计] 后备存储器,,,,,0,0,,,
"backing storage, backing store",,,【计算机】后备存储器,,,,,0,0,,,
backing store,,,[计] 后备存储器,,,,,0,0,,,
backing stores,,,后援存储器,,,,,0,0,,,
backing strap,,,衬垫,,,,,0,0,,,
backing strip,,,"背垫条;衬板,垫板,衬垫;衬里",,,,,0,0,,,
backing strip (light),,,"【戏剧】后照灯,背白灯(= backinglight)",,,,,0,0,,,
backing support,,,发行储备,,,,,0,0,,,
backing tape,,,[计] 带基; 磁带基,,,,,0,0,,,
backing test,,,加载卸载鉴定试验,,,,,0,0,,,
backing texture,,,反面组织,,,,,0,0,,,
backing track,,,[网络] 伴奏曲；背景伴奏；悪戯道化师,,,,,0,0,,,
backing turbine,,,倒车透平,,,,,0,0,,,
backing up,,,"[机] 回投, 回冲, 回行",,,,,0,0,,,
backing up of sewage,,,污水倒灌,,,,,0,0,,,
backing up recordings,,,备份录音,,,,,0,0,,,
backing vacuum,,,[化] 前级真空,,,,,0,0,,,
backing vacuum pump,,,前级真空泵,,,,,0,0,,,
backing vessel,,,里壁容器,,,,,0,0,,,
backing weld,,,底焊;底焊焊缝,,,,,0,0,,,
backing weld(ing),,,[化] 打底焊,,,,,0,0,,,
backing welding,,,打底焊,,,,,0,0,,,
backing welding electrode,,,底层焊条,,,,,0,0,,,
backing wind,,,逆转风,,,,,0,0,,,
backing windows,,,备份视窗,,,,,0,0,,,
backing yarn,,,背面经纱,,,,,0,0,,,
backing-bar,,,反角铁；衬垫板条；撑杆,,,,,0,0,,,
backing-off,,,退绕;铲,,,,,0,0,,,
backing-off angle,,,后角,,,,,0,0,,,
backing-off attachment,,,铲齿附件;铲磨工附件,,,,,0,0,,,
backing-off cone clutch,,,反转离合器,,,,,0,0,,,
backing-off cutting,,,[机] 铲削,,,,,0,0,,,
backing-off lathe,,,[机] 铲齿车床,,,,,0,0,,,
backing-off lever,,,退绕桿,,,,,0,0,,,
backing-off rod,,,退绕桿，回纱桿,,,,,0,0,,,
backing-off wheel,,,退绕轮，反转轮,,,,,0,0,,,
backing-out,,,"[计] 取消, 退出, 逆序操作",,,,,0,0,,,
backing-out punch,,,顶出器;冲床;冲床顶出杆,,,,,0,0,,,
backing-ring,,,[机] 垫环,,,,,0,0,,,
backing-space technique,,,[网络] 前级空间技术；累积法,,,,,0,0,,,
backing-strip,,,条状垫板,,,,,0,0,,,
backing-up,'bækɪŋ'ʌp,, 倒车，里壁砖; 封底焊,,,,,0,0,s:backing-ups,,
backing-up roll,,,[机] 支撑轧辊,,,,,0,0,,,
backing-up screw,,,止动螺钉,,,,,0,0,,,
backing-ups,,,回投；封底焊,,,,,0,0,0:backing-up/1:s,,
backingoff,'bækɪŋɡɒf,,n. 铲齿(铲；凿；应力的消除),,,,,0,0,,,
backingout,bækɪŋ'ɡaʊt,,n. 甩出,,,,,0,0,,,
backings,'bækɪŋz,n. the act of providing approval and support\nn. something forming a back that is added for strengthening\nn. financial resources provided to make some project possible,n. 支持( backing的复数形式 ); 支持者; 背衬; <美口>（独唱或独奏的）伴奏,,,,,0,0,0:backing/1:s,,
backingup,'bækɪŋɡʌp,,n. 封底焊,,,,,0,0,,,
backjoint,'bækdʒɔɪnt,n. A rebate or chase in masonry left to receive a permanent\n   slab or other filling.,n. 石阶踏步背榫; 留槽待填,,,,,0,0,,,
backjoints,,,[网络] 背对面,,,,,0,0,,,
backjump,,,[网络] 向后跳；后空翻,,,,,0,0,,,
backjumping,,,[网络] 后退跳跃法,,,,,0,0,,,
backkick,,,n. 反转反向放电；反冲,,,,,0,0,,,
backkick backlash,,,齿轮齿隙,,,,,0,0,,,
backknee,,,[医] 膝反屈,,,,,0,0,,,
backkward,,,adv. 向后地,,,,,0,0,,,
backland,"'bæk,lænd",,"n. 内地, 腹地\na. 偏僻地区的",n:100,,,,0,46158,s:backlands,,
backlands,,plural of backland,"(backland 的复数) n. 内地, 腹地\na. 偏僻地区的",,,,,0,0,0:backland/1:s,,
"backlands,back lands",,,【地质学】背地,,,,,0,0,,,
backlap tricot,,,经编手套织物,,,,,0,0,,,
backlash,'bæklæʃ,n. an adverse reaction to some political or social occurrence,"n. 后冲, 强烈反对\n[电] 反撞, 逆栅流",v:5/n:95,1,,,12108,8075,s:backlashes,,
backlash adjusting screw,,,齿隙调整螺钉,,,,,0,0,,,
backlash allowance,,,侧隙公差,,,,,0,0,,,
backlash characteristics,,,间隙特性,,,,,0,0,,,
backlash circuit,,,齿隙式电路,,,,,0,0,,,
backlash compensation,,,[计] 间隙补偿,,,,,0,0,,,
backlash current,,,间断电流,,,,,0,0,,,
backlash effect,,,反踢效应,,,,,0,0,,,
backlash eliminator,,,"齿隙消除器,(螺纹)间消除器",,,,,0,0,,,
backlash error,,,侧隙误差,,,,,0,0,,,
backlash nonlinearity,,,间隙非线性,,,,,0,0,,,
backlash phenomena,,,回差现象,,,,,0,0,,,
backlash spring,,,"挡隙簧,消隙弹簧",,,,,0,0,,,
backlash unit,,,反撞部件,,,,,0,0,,,
backlash valve,,,无游隙阀门,,,,,0,0,,,
backlash-free,,,[网络] 无背隙；无被隙；零背隙,,,,,0,0,,,
backlashed,'bæk.læʃ,,n. 反击；后座；(政治方面)强烈的反响；(任何)对抗性的反应\nv. 发生后冲\n[网络] 间隙；齿隙；侧隙,,,,,0,0,,,
backlasher,,,n. 后座；反斜线；后冲 (backlash的变形),,,,,0,0,,,
backlashers,"'bæk,læʃ",,"backlasher\nn.\nbacklash的变形\nbacklash\n['bæk,læʃ]\nn.\n反冲\n强烈对抗反应(如对近期政治和社会的事态发展的强烈反响)，(尤指由于对政治上、社会上的事态发展的不满、偏见或恐惧而引起的)强烈(对抗性)反应，(对新事物的)对抗性反应，强烈反对，对一种被认为是过激的政策或态度公开声明反对\n【钓鱼】(钓线的)缠结\n[美国英语](白人对黑人民权运动的)强烈抵制，白人抵制，集体反对，(黑人民权运动引起的)白人的愤恨反应[亦作 white backlash]\n任何敌对性反应\n【机械学】\n(机械的)反撞，后冲\n(齿隙所生的)齿隙游移；轮齿隙\n【射击】(扳机)空回，游隙\nvi.\n激起强烈反对，产生强烈(或对抗性)反应，产生对抗；产生事与愿违的结果：\nThe Southern conservatives within the party backlashed.\n该党南方保守派产生强烈反应。\n发生反撞，发生后冲",,,,,0,0,,,
backlashes,,-s form of backlash\nn. an adverse reaction to some political or social occurrence,"(backlash 的第三人称 -s形式) n. 后冲, 强烈反对\n[电] 反撞, 逆栅流",,,,,0,0,0:backlash/1:s3,,
backlashing,'bæklæʃ,,n. 反冲；强烈抵制\nvt. 强烈反对；发生后冲,,,,,0,0,,,
backlask,,,[网络] 齿轮齿隙；反击,,,,,0,0,,,
backlayering,,,[网络] 烟气分层,,,,,0,0,,,
backlbow,,,后座,,,,,0,0,,,
backle,,,[网络] 背扣,,,,,0,0,,,
backlead,,,un. 沿岸砂矿,,,,,0,0,,,
backleads,,,[网络] 背面,,,,,0,0,,,
backleak,,,回漏,,,,,0,0,,,
backleg,,,逆导磁体,,,,,0,0,,,
backless,'bæklis,a. lacking a back,a. 无靠背的,j:100,,,,41969,31641,,,
backless costume,,,n. 露背装,,,,,0,0,,,
backless dress,,,露背装,,,,,0,0,,,
backless vest,,,露背背心,,,,,0,0,,,
backlet,,,[网络] 备用,,,,,0,0,,,
backletter,,,un. 〔商〕补充函件\n[网络] 保函,,,,,0,0,,,
backley,,, [人名] 巴克利,,,,,0,0,s:backleys,,
backleys,,, [人名] 巴克利\n(backley 的复数),,,,,0,0,0:backley/1:s,,
backlick,,,[网络] 背叛,,,,,0,0,,,
backlift,,,[网络] 后退,,,,,0,0,,,
backlifts,,,[网络] 提花,,,,,0,0,,,
backlight,'bæk.lait,,vt. 从背后照亮,n:100,,,,0,32920,s:backlights,,
backlighted,,past tense of backlight,(backlight 的过去时) vt. 从背后照亮,,,,,0,0,0:backlight/1:p,,
backlighted transparency,,,背后照光透明(主要用于广告显示),,,,,0,0,,,
backlighting,'bæklaɪtɪŋ,n. lighting from behind,n. 逆光\nv. 背后照明( backlight的现在分词 ),n:100,,,,0,45246,0:backlight/1:i/s:backlightings,,
backlighting photography,,,逆光照,,,,,0,0,,,
backlightings,"'bæk,laitiŋ",,n. 逆光\nv. 从后面照射；由逆光照明（backlight的ing形式）,,,,,0,0,0:backlighting/1:s,,
backlights,'bæklaɪt,,vt. 从背后照亮\nn. 背后照明,,,,,0,0,0:backlight/1:s,,
backlimb,,,背翼,,,,,0,0,,,
backlimb thrust,,,缓翼逆冲断层，后翼逆冲断层,,,,,0,0,,,
backline,bæk lain,,un. 后缝线；端线附近的队员；回头缆；背线\n[网络] 卫线；乐器；防守线,,,,,0,0,s:backlines,,
backlines,,,[网络] 端线,,,,,0,0,0:backline/1:s,,
backlings,,,[网络] 后卫,,,,,0,0,,,
backlingual consonant,,,[语] 舌根辅音,,,,,0,0,,,
backlining,"'bæk,lainiŋ",,n. (加固书脊的)背衬料,,,,,0,0,,,
backlinings,"'bæk,lainiŋ",,n.\n【装订】\n背衬\n(加固书脊的)背衬料，书脊粘衬,,,,,0,0,,,
backlink,'bæklɪŋk,,un. 后连杆\n[网络] 反向链接；反向连结；反向链接爬虫,,,,,0,0,,,
backlinkages,,,un. 向后连锁\n[网络] 背景链接,,,,,0,0,,,
backlinked,,,[网络] 反向链接,,,,,0,0,,,
backlinking,,,[网络] 做网站外部连结,,,,,0,0,,,
backlinks,,,[网络] 反向链接；反向链接又叫导入链接；反向连结,,,,,0,0,,,
backlins,'bæklinz;-liŋz,,"backlins, backlings\n['bæklinz;-liŋz]\nadv.\n[英国方言]往回，向原处；向后",,,,,0,0,,,
"backlins, backlings",'bæklinz;-liŋz,,adv. [英国方言]往回，向原处；向后,,,,,0,0,,,
backlist,'bæklist,,"n. 库存书籍目录, 重版目录, 重版书\nvt. 列入重版目录",,,,,0,0,s:backlists,,
backlisted,,,[网络] 被列入名单,,,,,0,0,,,
backlisting,,,[网络] 反向收购,,,,,0,0,,,
backlists,'bæklɪst,,n. 库存书籍目录；重版书；存书\nvt. 列入重版目录\nadj. 列入重印书目的；库存书的,,,,,0,0,0:backlist/1:s,,
backlit,'bæklit,,n. 后面打光；背光式,j:100,,,,43601,19479,,,
backlit display,ˈbæklit disˈplei,, [计]背光式显示,,,,,0,0,,,
backlite,"'bæk,lait",,n. (车辆的)后窗,,,,,0,0,,,
backload,,,[网络] 撤离费；调整；背载荷,,,,,0,0,,,
backloaded,,,[网络] 背厚式；背厚合约,,,,,0,0,,,
backloaded horn,,,[电] 反负荷喇叭,,,,,0,0,,,
backloading,'bækləudiŋ,,n. 后方运输(在战区内运送物资、军队和伤亡人员等),,,,,0,0,,,
backloadings,'bækləudiŋ,,n.\n后方运输(在战区内运送物资、军队和伤亡人员等),,,,,0,0,,,
backloads,,,[网络] 后载,,,,,0,0,,,
backlocking,,,反闭锁,,,,,0,0,,,
backlocking track circuit,,,反锁闭轨道电路,,,,,0,0,,,
backlog,'bæklɔ^,n. an accumulation of jobs not done or materials not processed that are yet to be dealt with (especially unfilled customer orders for products or services)\nn. the large log at the back of a hearth fire\nv. accumulate and create a backlog,"n. 积压待办的事务, 积压而未交付的订货, 积压的工作\nvt. 储备, 把...积压起来\n[计] 储备, 后备, 积压",n:100,1,,,14585,14476,s:backlogs/d:backlogged/i:backlogging/p:backlogged/3:backlogs,,
backlog by buyer report,,,依採购员别未出货记录报表,,,,,0,0,,,
backlog control,,,[经] 积压定单控制,,,,,0,0,,,
backlog depreciation,,,欠提折旧,,,,,0,0,,,
backlog document,,,积压文件,,,,,0,0,,,
backlog of business,,,现有定货量,,,,,0,0,,,
backlog of cases,,,[法] 案件积压,,,,,0,0,,,
backlog of orders,,,[计] 待付定货,,,,,0,0,,,
backlog of unfilled orders,,,[经] 未完成订单,,,,,0,0,,,
backlog order,,,未交货的订货总额,,,,,0,0,,,
backlog quantity,,,未出货数量,,,,,0,0,,,
backlog total,,,未出货总计,,,,,0,0,,,
backlogged,,,积压（ backlog的过去式和过去分词 ）,j:100,,,,0,45365,0:backlog/1:d,,
backlogging,ˈbækˌlɔgɪŋ,,v. （使）积压( backlog的现在分词 ); 储存; <商>（为日后装运而）登账确认（订货）,,,,,0,0,,,
backlogs,ˈbækˌlɔgz,n an accumulation of jobs not done or materials not processed that are yet to be dealt with (especially unfilled customer orders for products or services)\nn the large log at the back of a hearth fire\nn something kept back or saved for future use or a special purpose\nv accumulate and create a backlog,n. 积压未办之事( backlog的名词复数 ); 没交付的订货; 备用; 备用物\nv. （使）积压( backlog的第三人称单数 ); 储存; <商>（为日后装运而）登账确认（订货）,,,,,0,0,0:backlog/1:s,,
backlot,'bæklɔt,,n. (电影制片厂的)外景场地,,,,,0,0,s:backlots,,
backlots,'bæklɒt,,n. 外景场地,,,,,0,0,0:backlot/1:s,,
backlund,,,n. (Backlund)人名；(英)巴克伦；(瑞典)巴克隆德,,,,,0,0,,,
backlying,,,仰卧,,,,,0,0,,,
backman,,,n. 辅助工；后方\nn. (Backman)人名；(英、瑞典)巴克曼,,,,,0,0,,,
Backman differential thermometer,,,[网络] 巴克曼差式温度计,,,,,0,0,,,
backman tower,,,白克门塔,,,,,0,0,,,
backmarker,"'bæk,mɑ:kә(r)",,"n. <英>(赛跑中)从起点起跑的运动员, 不享有让分优待的参赛者",,,,,0,0,s:backmarkers,,
backmarkers,,plural of backmarker,"(backmarker 的复数) n.<英>(赛跑中)从起点起跑的运动员, 不享有让分优待的参赛者",,,,,0,0,0:backmarker/1:s,,
backmarsh,,,un. 漫滩沼泽；河漫滩草本沼泽；后背湿地\n[网络] 堤后沼泽；河漫滩沼泽；沼泽地,,,,,0,0,,,
backmasked,,,[网络] 背景掩护,,,,,0,0,,,
backmasking,,,[网络] 逆再生,,,,,0,0,,,
backmatter,,,na. (正文后的)附加资料\n[网络] 结文；后面部分；后部项目,,,,,0,0,,,
backmen,,,n. 辅助工；后方\nn. (Backman)人名；(英、瑞典)巴克曼,,,,,0,0,,,
backmigration,,,un. 反迁移\n[网络] 逆移,,,,,0,0,,,
backmix,,,逆［向］混［合］,,,,,0,0,,,
backmix reactor,,,逆混反应器,,,,,0,0,,,
backmixing,,,[化] 返混,,,,,0,0,,,
backmost,'bækmәust,s. located farthest to the rear,a. 最后面的,,,,,0,0,,,
backmounted,bæk'maʊntɪd,,adj.背面安装的,,,,,0,0,,,
backmutation,,,un. 回复突变,,,,,0,0,,,
backmutations,,,[网络] 背板,,,,,0,0,,,
Backnang,,,巴克南,,,,,0,0,,,
backne,,,[网络] bacne,,,,,0,0,,,
backness,,,[网络] 背部,,,,,0,0,s:backnesses,,
backnesses,,,[网络] 背部\n(backness 的复数),,,,,0,0,0:backness/1:s,,
BACKnet,,,n. 场后围栏,,,,,0,0,,,
backnumber,,,n. 过期的报纸/杂志,,,,,0,0,,,
backnut,,,un. 支承螺母；后螺母；背紧螺母\n[网络] 后螺帽；根母；锁紧螺母,,,,,0,0,s:backnuts,,
backnuts,,,[网络] 根母,,,,,0,0,0:backnut/1:s,,
backo,,,巴茨科,,,,,0,0,s:backoes,,
backo gradiste,,,巴奇科格拉迪斯提,,,,,0,0,,,
backoes,,,巴茨科\n(backo 的复数),,,,,0,0,0:backo/1:s,,
backoff,ˊbækɒːf,,退避,,,,,0,0,,,
backoff algorithm,,,[网络] 退避算法,,,,,0,0,,,
backoff error,,,后移错误,,,,,0,0,,,
BackOffice,bæk ˈɔfis,,un. 事务部门\n[网络] 后台；后台管理系统；后台支持,,,,,0,0,,,
backoffs,'bækɔf,,n. 铲背；倒扣，补偿；备值,,,,,0,0,,,
backorder,'bækəʊərdər,, 延期未交定货,,,,,0,0,,,
Backorder Costs,,,[网络] 延期交货成本,,,,,0,0,,,
backordered,,,n. 延期交货；缺货订单\nv. 缺货（backorder的过去式）\nadj. 缺货的,,,,,0,0,,,
backordered quantity,,,未出货订单数量,,,,,0,0,,,
backordering,,,延交订货,,,,,0,0,,,
backorders,ˊbækɒːdәs,,待料未付定货,,,,,0,0,,,
BackOrifice,,,[网络] 黑客程序；后门；小洞,,,,,0,0,,,
backout,,,"[计] 逆序操作, 旋出, 取消, 撤销",,,,,0,0,,,
backout routine,,,退回常式,,,,,0,0,,,
backout routines,,,[计] 回退程序,,,,,0,0,,,
backouts,"'bæk,aut",,n. 拆除，撤销,,,,,0,0,,,
backover,,,后盖,,,,,0,0,,,
backovers,,,[网络] 回流,,,,,0,0,,,
backpa,,,[机] 背板,,,,,0,0,,,
backpack,'bækpæk,n. a bag carried by a strap on your back or shoulder\nv. hike with a backpack,"n. 远足用的背包；双肩背包, 背包",v:13/n:87,,,toefl,25243,6456,s:backpacks,,
backpack journalist,,,背包记者,,,,,0,0,,,
backpack nuke,,,(约60磅重可携带的)轻型核弹；背包式核弹,,,,,0,0,,,
backpack parachute,,,背包式降落伞,,,,,0,0,,,
backpack pump,,,〈美〉背囊喷雾器,,,,,0,0,,,
backpack transmitter,,,便携式发射机,,,,,0,0,,,
backpackable,,,[网络] 可背包,,,,,0,0,,,
backpacked,'bækpæk,,n. 双肩背包，背包；远足用的背包\nvt. 挑运；把…放入背包\nvi. 背负简便行李旅行；挑运,,,,,0,0,,,
backpacker,'bæk.pækә,n. a hiker who wears a backpack,n. 背包旅行者,n:100,,,,28841,18639,s:backpackers,,
backpacker.com,,,[网络] 网站；网站提供；官方网站,,,,,0,0,,,
backpackers,,plural of backpacker\nn. a hiker who wears a backpack,(backpacker 的复数) n. 背包旅行者,,,,,0,0,0:backpacker/1:s,,
backpacking,"'bæk,pækɪŋ",n carrying something in a pack on the back\nv hike with a backpack,n. 徒步旅行,j:77/n:23,,,,49832,25154,0:backpack/1:i/s:backpackings,,
backpacking tent,,,[网络] 背包帐篷,,,,,0,0,s:backpacking tents,,
backpacking tents,,,[网络] 背包帐篷\n(backpacking tent 的复数),,,,,0,0,0:backpacking tent/1:s,,
backpackings,,,[网络] 爬山过夜,,,,,0,0,0:backpacking/1:s,,
backpacks,ˈbækpæks,n. a bag carried by a strap on your back or shoulder\nv. hike with a backpack,"n. （指登山者、步行者使用或背小孩时使用的）背包, （有轻金属框的）箱形背包( backpack的复数形式 )",,,,,0,0,0:backpack/1:s,,
backpaddle,,,v. 逆桨(以使船停止),,,,,0,0,,,
backpaddled,,,[网络] 背面,,,,,0,0,,,
backpaddles,,,[网络] 背包,,,,,0,0,,,
backpaddling,,,[网络] 倒划动作,,,,,0,0,,,
backpain,,,un. 背痛\n[网络] 腰疼；背部疼痛；香港脊椎导航中心,,,,,0,0,s:backpains,,
backpains,,,[网络] 王太后,,,,,0,0,0:backpain/1:s,,
backpanel,,,n. 后面板,,,,,0,0,,,
backpart moulding machine,,,后跟成形机,,,,,0,0,,,
backpass,,,un. 背传\n[网络] 尾部烟道；背后传球,,,,,0,0,s:backpasses,,
backpasses,,,[网络] 背投,,,,,0,0,0:backpass/1:s,,
backpat,'bækpæt,,"v. 拍(…)肩背以示赞许\nn. ( 表示赞许等的)拍肩, 赞许表示",,,,,0,0,,,
backpatch,,,[网络] 代码生成时需要反填,,,,,0,0,,,
backpatched,,,[网络] 备份,,,,,0,0,,,
backpatches,,,[网络] 背板,,,,,0,0,,,
backpatching,,,[网络] 回补,,,,,0,0,,,
backpay,,,un. 欠薪\n[网络] 积欠工资；补薪；拖欠工资,,,,,0,0,,,
backpayment,,,[网络] 逾期支付；补交拖欠税款,,,,,0,0,s:backpayments,,
backpayments,,,un. 逾期支付,,,,,0,0,0:backpayment/1:s,,
backpays,,,[网络] 后付款,,,,,0,0,,,
backpedal,.bæk'pedl,"v. pedal backwards on a bicycle\nv. step backwards, in boxing\nv. modify one's opinion, make it less strong","vi. 倒踏脚踏板, 后退, 变卦",,,,,0,0,i:backpedalling/d:backpedalled/p:backpedalled/3:backpedals/s:backpedals,,
backpedaled,"'bæk,pedl",,vi. 倒踏脚踏板；（拳击中的）后退；（意见等的）撤回；变卦,,,,,0,0,,,
backpedaler,,,[网络] 背板,,,,,0,0,,,
backpedalers,,,[网络] 反派人士,,,,,0,0,,,
backpedaling,"'bæk,pedl",,vi. 倒踏脚踏板；（拳击中的）后退；（意见等的）撤回；变卦,,,,,0,0,,,
backpedalled,ˈbækˌpedld,,"v. 改变主意, 变卦, 背弃诺言( backpedal的过去式和过去分词 )",,,,,0,0,0:backpedal/1:dp,,
backpedalling,ˈbækˌpedlɪŋ,,"v. 改变主意, 变卦, 背弃诺言( backpedal的现在分词 )",,,,,0,0,0:backpedal/1:i,,
backpedals,ˈbækˌpedlz,"v pedal backwards on a bicycle\nv step backwards, in boxing\nv modify one's opinion, make it less strong","v. 改变主意, 变卦, 背弃诺言( backpedal的第三人称单数 )",,,,,0,0,1:3/0:backpedal,,
backpeddle,,,[网络] 背面,,,,,0,0,,,
backpeddled,,,[网络] 背面,,,,,0,0,,,
backpeddles,,,[网络] 背面,,,,,0,0,,,
backpeddling,,,[网络] 背叛,,,,,0,0,,,
backpiece,bæk'pi:s,n. Alt. of Backplate, 护背,,,,,0,0,,,
backpieces,,,[网络] 后位仔；后幅,,,,,0,0,,,
backpitch,,,反螺旋; 背节距,,,,,0,0,,,
backpitch wheel,,,[机] 背节式水轮机,,,,,0,0,,,
backplan,,,底视图,,,,,0,0,,,
backplane,,,[电] 基架,,,,,0,0,s:backplanes,,
backplane bus,,, 底板总线,,,,,0,0,,,
backplane connector,,,背板连接器,,,,,0,0,,,
backplane interconnect,,,底板互连(电缆),,,,,0,0,,,
backplane level,,,[计] 底板级,,,,,0,0,,,
backplane placement,,,底板布局,,,,,0,0,,,
backplane routing,,,底板选路,,,,,0,0,,,
backplane testing,,,[计] 底板测试,,,,,0,0,,,
backplane wiring,,,[计] 底板接线,,,,,0,0,,,
backplanes,,plural of backplane,(backplane 的复数) [电] 基架,,,,,0,0,0:backplane/1:s,,
backplastered,,,面抹灰的；板条抹灰的,,,,,0,0,,,
backplastering,"'bæk,plɑ:stəriŋ",,n. 【建筑学】背面抹灰[亦作 back plastering],,,,,0,0,,,
backplate,,n. plate armor protecting the back; worn as part of a cuirass,[计] 背面电极,,,,,0,0,s:backplates,,
backplate assembly,,,后挡盖组件,,,,,0,0,,,
backplate circuit,,,信号板电路,,,,,0,0,,,
backplate modulation,,,信号板调制,,,,,0,0,,,
backplates,,,n. 〔电信〕背面板；信号板；反挡板；〔计〕背面电报\n[网络] 背板；后板；护板,,,,,0,0,0:backplate/1:s,,
backpointer,,,后指针,,,,,0,0,,,
backporch,,,后沿,,,,,0,0,,,
backporch current,,,后边缘电流,,,,,0,0,,,
backport,,,[网络] 移植；向后移植；向后迁移,,,,,0,0,,,
backported,,,[网络] 移植回来的,,,,,0,0,,,
backporting,,,n. 向後移植,,,,,0,0,,,
backports,,,[网络] 公钥；不受支援的更新,,,,,0,0,,,
backpressure,,,[化] 反压; 反压力,,,,,0,0,,,
backpressure extraction turbine,,,背压抽气式汽轮机,,,,,0,0,,,
backpressure governor,,,背压调节器,,,,,0,0,,,
backpressure manometer,,,后压测压计,,,,,0,0,,,
backpressure operation,,,[化] 背压操作,,,,,0,0,,,
backpressure regulation,,,吸入压力调节;吸入压力调节器,,,,,0,0,,,
backpressure regulator,,,反压力调节器;背压调节器,,,,,0,0,,,
backpressure turbine,,,[机] 反压轮机,,,,,0,0,,,
backpressure valve,,,反压阀,,,,,0,0,,,
backpressures,,,n. 反压力；反压,,,,,0,0,,,
Backpricing,,,[网络] 前置定价法；期货期权里前置定价法,,,,,0,0,,,
backprint,,,[网络] 背景图,,,,,0,0,,,
backprinted,,,[网络] 背面打印,,,,,0,0,,,
backprinting,,,[网络] 背面打印；背印,,,,,0,0,,,
backprints,,,[网络] 背景图,,,,,0,0,,,
backproject,"'bækprә,dʒekt",,n. 幕后放映的影像\nv. 幕后放映,,,,,0,0,,,
backprojection,,,幕后投影; 背景放映,,,,,0,0,,,
backprojection operator,,,反投影算子,,,,,0,0,,,
backprojector,,,逆投影器,,,,,0,0,,,
backprop,bæk prɒp,,un. 后撑,,,,,0,0,,,
backpropagate,,,[网络] 反向传播,,,,,0,0,,,
backpropagated,,,[网络] 反向传播,,,,,0,0,,,
backpropagates,,,[网络] 反向传播,,,,,0,0,,,
backpropagating,,,[网络] 倒传递法；反向传播,,,,,0,0,,,
backpropagation,,,n. 反向传播算法\n[网络] 反向传播了；反向传播法；传播网络,,,,,0,0,,,
backpropagation algorithm,,, [医]逆传算法,,,,,0,0,,,
backpropagation training,,,后向传播训练,,,,,0,0,,,
backpropagational,,,[网络] 反向传播,,,,,0,0,,,
backpropagations,,,[网络] 反向传播,,,,,0,0,,,
backpurge,,,un. 反冲,,,,,0,0,,,
backquote,,,[网络] 反引号；反引用；倒引号,,,,,0,0,,,
backquoted,,,[网络] 反引号,,,,,0,0,,,
backquotes,,,[网络] 引号；后置引用,,,,,0,0,,,
backquoting,,,[网络] 反引号,,,,,0,0,,,
backr,,,[网络] 背曲半径,,,,,0,0,r:backrer/t:backrest,,
backra,'bækrə,,n. [西印度群岛和美国俚语]先生；老板(黑人对白人的尊称)(= Sir 或boss)[亦作 buckra]\nadj. (尤指白人的或为白人使用的)高级的，上等货色的[亦作 buckra],,,,,0,0,,,
Backrack,,,[网络] 背后接线架；经纱张力调整机；后架,,,,,0,0,,,
backraking,,,肛掏粪,,,,,0,0,,,
backras,'bækrə,,n.\n[西印度群岛和美国俚语]先生；老板(黑人对白人的尊称)(= Sir 或boss)[亦作 buckra]\nadj.\n(尤指白人的或为白人使用的)高级的，上等货色的[亦作 buckra],,,,,0,0,,,
backreach,,,n. 后伸距\n[网络] 参数,,,,,0,0,,,
backreact,,,[网络] 反应,,,,,0,0,,,
backreacted,,,[网络] 反向反应,,,,,0,0,,,
backreacting,,,[网络] 反向反应,,,,,0,0,,,
backreaction,,,un. 可逆反应\n[网络] 反向反应；背反应过程；反向作用,,,,,0,0,,,
backreactions,,,[网络] 反向反应,,,,,0,0,,,
backreacts,,,[网络] 反应,,,,,0,0,,,
backread,,,[网络] 回覆,,,,,0,0,,,
backreading,,,un. 左读数\n[网络] 评阅,,,,,0,0,,,
backreads,,,[网络] 背面,,,,,0,0,,,
backreef,,,n. 礁后区；后礁,,,,,0,0,,,
backreef facies,,,后礁相，礁后相,,,,,0,0,,,
backreef lagoon,,,礁后潟湖,,,,,0,0,,,
backreef sediment,,,礁后沉积物,,,,,0,0,,,
backref,,,[网络] 主题,,,,,0,0,s:backrefs,,
backreference,,,n. 〔语〕逆参照\n[网络] 反向引用；后引用；后向引用,,,,,0,0,,,
backreferenced,,,[网络] 反向引用,,,,,0,0,,,
backreferences,,,[网络] 反向引用；后向引用；逆向引用,,,,,0,0,,,
backreferencing,,,[网络] 引用；向后引用；追溯前段,,,,,0,0,,,
backreflection,,,背反射,,,,,0,0,,,
backrefs,,,[网络] 主题\n(backref 的复数),,,,,0,0,0:backref/1:s,,
backrer,,,[网络] 背曲半径\n(backr 的比较级),,,,,0,0,0:backr/1:r,,
backrest,'bækrest,n a support that you can lean against while sitting,n. 靠背,n:100,,,,0,29998,s:backrests/0:backr/1:t,,
backrest angle,,,[车辆] 靠背角,,,,,0,0,,,
backrest block,,,(镗床的)后立柱移动块,,,,,0,0,,,
backrest cushion,,,[车辆] 后靠垫,,,,,0,0,,,
backrest height,,,[车辆] 靠背高,,,,,0,0,,,
backrest width,,,[车辆] 靠背宽,,,,,0,0,,,
backrests,,-s form of backrest\nn a support that you can lean against while sitting,(backrest 的第三人称 -s形式) n. 靠背,,,,,0,0,0:backrest/1:s3,,
backribs,bæk'rɪbz,,牛胴肩胛骨边肉,,,,,0,0,,,
backrinding,,,un. 开模缩裂,,,,,0,0,,,
backroad,'bækrəʊd,, <美口>乡村道路（尤指未铺过的）,,,,,0,0,s:backroads,,
backroads,,plural of backroad,(backroad 的复数)  <美口>乡村道路（尤指未铺过的）,,,,,0,0,0:backroad/1:s,,
backroads.com,,,[网络] 乡道旅游公司,,,,,0,0,,,
backroll,,,"[计] 重算, 重新运行, 反绕",,,,,0,0,,,
backrolled,,,[网络] 后退,,,,,0,0,,,
backrolling,,,un. 重复滚压,,,,,0,0,,,
backrolls,,,[网络] 背部滚动；背部隆起肉团；背部隆起肉块,,,,,0,0,,,
backronym,'ækrənɪm,,[网络] 逆向首字母缩拼词；溯写字；借形缩略语,,,,,0,0,,,
backronymic,,,[网络] 反义词,,,,,0,0,,,
backronyms,,,[网络] 逆向首字母缩拼词；溯写字；借形缩略语,,,,,0,0,,,
backronymy,,,[网络] 副词,,,,,0,0,,,
backroom,'bækrum,n. the meeting place of a group of leaders who make their decisions via private negotiations,"n. 后房, 密室\na. 在密室中的",n:100,,,,24619,23467,s:backrooms,,
backroom boy,ˈbækˌru:m bɔi,, <非正><英>幕后筹划者，从事秘密研究工作的人，智囊人物,,,,,0,0,s:backroom boys,,
backroom boys,,,"秘密研究者;智囊团;幕后英雄,无名英雄",,,,,0,0,0:backroom boy/1:s,,
backroom staff,,,[网络] 后房人员,,,,,0,0,,,
backroom stock,,,商店辅助仓库的储存品,,,,,0,0,,,
backrooms,,plural of backroom\nn. the meeting place of a group of leaders who make their decisions via private negotiations,"(backroom 的复数) n. 后房, 密室\na. 在密室中的",,,,,0,0,0:backroom/1:s,,
backrope,,,斜桁撑桿后支索; 锚钩索,,,,,0,0,,,
backross,,,"反交,回交",,,,,0,0,,,
backround,,,[网络] 和声,,,,,0,0,s:backrounds,,
backround noise,,,背景噪声,,,,,0,0,,,
backrounds,,plural of backround,(backround 的复数) [网络] 和声,,,,,0,0,0:backround/1:s,,
backrow,,,un. 后排,,,,,0,0,s:backrows,,
backrower,,,[网络] 背鞋,,,,,0,0,,,
backrowers,,,[网络] 背投,,,,,0,0,,,
backrows,,,[网络] 排在后面的人,,,,,0,0,0:backrow/1:s,,
backrub,"'bæk,rʌb",,n. (消除肌肉酸疼的)止痛软膏；背部按摩,,,,,0,0,,,
backrubs,"'bæk,rʌb",,n. (消除肌肉酸疼的)止痛软膏；背部按摩,,,,,0,0,,,
backrun,,,反转; 逆向,,,,,0,0,,,
backrun process,,,[机] 逆行制气法,,,,,0,0,,,
backrush,,,回卷,,,,,0,0,,,
backs,,"n the posterior part of a human (or animal) body from the neck to the end of the spine\nn the side that goes last or is not normally seen\nn the part of something that is furthest from the normal viewer\nn (football) a person who plays in the backfield\nn the series of vertebrae forming the axis of the skeleton and protecting the spinal cord\nn the protective covering on the front, back, and spine of a book\nn the part of a garment that covers the back of your body\nn a support that you can lean against while sitting\nn (American football) the position of a player on a football team who is stationed behind the line of scrimmage\nv be behind; approve of\nv travel backward\nv give support or one's approval to\nv cause to travel backward\nv support financial backing for\nv be in back of\nv place a bet on\nv shift to a counterclockwise direction\nv establish as valid or genuine\nv strengthen by providing with a back or backing","n. 后背, 脊背；后卫（back的复数形式）",,,,,0,0,0:back/1:s3,,
backs away,,,v. 后退；退让；退缩,,,,,0,0,,,
backs down,,,na. 放弃权利等；打退堂鼓,,,,,0,0,,,
backs of beyond,,,僻远地区,,,,,0,0,0:back of beyond/1:s,,
backs off,,,na. 退避；后退,,,,,0,0,,,
backs onto,,,v. 背靠,,,,,0,0,,,
backs out,,,na. 缩手(放弃某事)；扭松；逃避(责任等)\n[网络] 退回,,,,,0,0,,,
backs to the wall,,,走投无路；落入圈套；陷于困境,,,,,0,0,,,
backs up,,,na. 支持；堵塞；【棒球】抢救后方；【计算机】把(文件等备份)\n[网络] 回头,,,,,0,0,,,
backs-in,,,后内刃\n(back-in 的复数),,,,,0,0,0:back-in/1:s,,
backs-of-an-envelope,,,[网络] 简易快速计算的\n(back-of-an-envelope 的复数),,,,,0,0,0:back-of-an-envelope/1:s,,
backs-of-beyond,,,僻远地区\n(back-of-beyond 的复数),,,,,0,0,0:back-of-beyond/1:s,,
backs-to,,,后退到\n回到\n(back-to 的复数),,,,,0,0,0:back-to/1:s,,
backs-to-front,,,adj. 前后颠倒的\n(back-to-front 的复数),,,,,0,0,0:back-to-front/1:s,,
backs-to-nature,,,回归自然的\n(back-to-nature 的复数),,,,,0,0,0:back-to-nature/1:s,,
backs-to-school,,,学生皇帝（电影名）\n(back-to-school 的复数),,,,,0,0,0:back-to-school/1:s,,
backs-to-the-wall,,,走投无路；落入圈套；陷于困境\n(back-to-the-wall 的复数),,,,,0,0,0:back-to-the-wall/1:s,,
backs-to-wall,,,[网络] 背墙\n(back-to-wall 的复数),,,,,0,0,0:back-to-wall/1:s,,
backs-to-work,,,回到工作；返回工作\n(back-to-work 的复数),,,,,0,0,0:back-to-work/1:s,,
backsaver,,,[网络] 护背系列,,,,,0,0,,,
backsaw,'bæksɔ:,n. a handsaw that is stiffened by metal reinforcement along the upper edge,n. (以金属在背部加厚的)短锯,n:100,,,,0,46684,s:backsaws,,
backsawing,,,弦锯,,,,,0,0,,,
backsaws,,,n. 背部以金属\n[网络] 短锯；夹背锯；锯也可,,,,,0,0,0:backsaw/1:s,,
backscarp,,,un. 外堤岸,,,,,0,0,,,
backscarps,,,[网络] 背景图,,,,,0,0,,,
backscatter,,v. scatter (radiation) by the atoms of the medium through which it passes,[计] 反向散射,,,,,0,0,s:backscatters,,
backscatter clutter,,,反向散射杂波讯号,,,,,0,0,,,
backscatter coefficient,,,反向散射系数,,,,,0,0,,,
backscatter cross section,,,反向散射截面,,,,,0,0,,,
backscatter electron image,,,背散射电子像,,,,,0,0,,,
backscatter factor,,,散射因子,,,,,0,0,,,
backscatter ga(u)ge,,,[雷达] 反向散射测量计,,,,,0,0,,,
backscatter gage,,,反向散射测量计,,,,,0,0,,,
backscatter gauging,,,反向散射测试,,,,,0,0,,,
backscatter geometry,,,回散射体几何,,,,,0,0,,,
backscatter image,,,后向散射影像,,,,,0,0,,,
backscatter laser Doppler velocimeter,,,反向散射激光多普勒测速仪,,,,,0,0,,,
backscatter meter,,,反散射计,,,,,0,0,,,
backscatter method,,,反向散射方法,,,,,0,0,,,
backscatter peak,,,反向散射峰,,,,,0,0,,,
backscatter percentage,,,回散射体百分比,,,,,0,0,,,
backscatter radar,,,后向散射雷达,,,,,0,0,,,
backscatter sounding,,,[气象] 后向散射探测,,,,,0,0,,,
backscatter spam,,,[网络] 退信式垃圾邮件；退信攻击,,,,,0,0,,,
backscatter ultraviolet radiometer,,,反向散射紫外线辐射仪,,,,,0,0,,,
backscatter ultraviolet technique,,,紫外辐射后向散射法,,,,,0,0,,,
backscatter visibility sensor,,,反散射能见度感应器,,,,,0,0,,,
backscatter-to-extinction ratio,,,反散射消光比,,,,,0,0,,,
backscattered,,v scatter (radiation) by the atoms of the medium through which it passes,反(背)向散射的,j:100,,,,0,46851,0:backscatter/1:dp,,
backscattered debris,,,背向散射碎片,,,,,0,0,,,
backscattered electron,,,背散射电子,,,,,0,0,,,
backscattered electron image,,,背散射电子像,,,,,0,0,,,
backscattered light,,,背散射光,,,,,0,0,,,
backscattered signal,,,反向反射信号,,,,,0,0,,,
backscattered ultraviolet,,,[地物] 反向散射紫外,,,,,0,0,,,
backscatterer,,,反向散射体,,,,,0,0,,,
backscatterer thick-ness,,,回散射体厚度,,,,,0,0,,,
backscatterer thickness,,,回散射体厚度,,,,,0,0,,,
backscattering,"'bæk,skætәriŋ",v scatter (radiation) by the atoms of the medium through which it passes,"n. [物]反(向)散射,后向散射",,,,,0,0,0:backscatter/1:i,,
backscattering analysis,,,背散射分析,,,,,0,0,,,
backscattering coefficient,,,背散射系数,,,,,0,0,,,
backscattering correction,,,散射校正,,,,,0,0,,,
backscattering cross-section,,,后向散射截面,,,,,0,0,,,
backscattering differential cross-section,,,反散射截面差,,,,,0,0,,,
backscattering efficiency,,,反散射效率,,,,,0,0,,,
backscattering factor,,,散射因子,,,,,0,0,,,
backscattering gage,,,回散射[测量]计,,,,,0,0,,,
backscattering gauge,,,"回散射计, 回散射测量计, 回散射[测量]计",,,,,0,0,,,
backscattering lidar,,,反散射光达,,,,,0,0,,,
backscattering spectrometer,,,反向散射能谱仪,,,,,0,0,,,
backscattering spectrometry,,,反散射能谱法,,,,,0,0,,,
backscattering spectrometry (BS),,,[化] 反散射能谱法,,,,,0,0,,,
backscattering thick-ness gauge,,,回散射厚度计,,,,,0,0,,,
backscattering thickness ga(u)ge,,,[力] 反向散射厚度计,,,,,0,0,,,
backscattering thickness gage,,,[网络] 反向散射厚度计,,,,,0,0,,,
backscattering thickness gauge,,,回散射厚度计,,,,,0,0,,,
backscattering wave,,,反向散射波,,,,,0,0,,,
backscatterings,"'bæk,skætərɪŋ",,n. [电讯] 后向散射；[物] 反向散射\nv. 使…反向散射；使…后向散射（backscatter的ing形式）,,,,,0,0,,,
backscatters,'bækskætə,,n. [物] 反向散射；背反射,,,,,0,0,0:backscatter/1:s,,
backscene,,,[网络] 后视,,,,,0,0,,,
backscenes,,,[网络] 幕后,,,,,0,0,,,
backscour,,,反向冲刷,,,,,0,0,,,
backscratch,,,[网络] 后背伸展,,,,,0,0,s:backscratches,,
backscratched,,,[网络] 反划线,,,,,0,0,,,
backscratcher,'bækskrætʃә,n. someone who is willing to trade favors or services for mutual advantage\nn. a long-handled scratcher for scratching your back,n. 不求人(搔背扒),,,,,0,0,s:backscratchers,,
backscratchers,,,n. 长柄扒\n[网络] 不求人,,,,,0,0,0:backscratcher/1:s,,
backscratches,,,[网络] 后背伸展\n(backscratch 的复数),,,,,0,0,0:backscratch/1:s,,
backscratching,"'bæk,skrætʃiŋ",,n. 为共同利益而互相利用,,,,,0,0,,,
backscreen,,,un. 后掩护\n[网络] 背掩护,,,,,0,0,,,
backscreens,,,[网络] 背向掩护；背后掩护,,,,,0,0,,,
backscroll,,,[网络] 后卷,,,,,0,0,,,
backseat,'bæksi:t,n. a secondary or inferior position or status\nn. a seat at the back of a vehicle (especially the seat at the back of an automobile),"n. 后座, 次要位置",n:100,,,,40350,11127,s:backseats,,
Backseat Browser,,"Anyone who sits behind a someone who is browsing the [Internet] while continuously instructing them on what to click on or what to type into the address/search bar.  Most appropriately applied when the advice or commands are unsolicited and/or unwarranted.\n> Matt grew increasingly frustrated with Patrick, acting as a Backseat Browser, when he wouldn't stop telling Matt what links he should click on next.\n",,,,,,0,0,,,
backseat driver,,,n. 指那些自己不在岗位上，但是却喜欢不断给在位的人提供别人不需要的意见或建议的人。,,,,,0,0,s:backseat drivers,,
backseat drivers,,,指手划脚的人,,,,,0,0,0:backseat driver/1:s,,
backseater,,,[网络] 后座,,,,,0,0,,,
backseaters,,,[网络] 后台,,,,,0,0,,,
backseats,"'bæk,sit",,n. 后座；次要位置,,,,,0,0,0:backseat/1:s,,
backseattered,,,[机] 反向散射的,,,,,0,0,,,
backselling,'bæk'seliŋ,,n. 【商业】后门销售；间接促销,,,,,0,0,,,
backset,'bækset,"n. A check; a relapse; a discouragement; a setback.\nn. Whatever is thrown back in its course, as water.\nv. i. To plow again, in the fall; -- said of prairie land\n   broken up in the spring.","n. 挫折, 倒退, 逆流, 涡流",,,,gre,0,0,,,
backset bed,,,涡流层,,,,,0,0,,,
backset bedding,,,后积层理,,,,,0,0,,,
backset beds,,,后积层,,,,,0,0,,,
backset eddy,,,逆漩涡,,,,,0,0,,,
backsets,,,na. 倒流；后退；(疾病的)复发；逆水\n[网络] 后座,,,,,0,0,,,
backsetting,,,收进,,,,,0,0,,,
backsey,'bæksi,,n. [苏格兰英语]牛腰肉,,,,,0,0,,,
backshadowing,,,[网络] 背影,,,,,0,0,,,
backshadowings,,,[网络] 背影,,,,,0,0,,,
backshaft,,,后轴,,,,,0,0,,,
backshank,,,针尾,,,,,0,0,,,
backsheesh,'bækʃi:ʃ,n a relatively small amount of money given for services rendered (as by a waiter),"n. (=baksheesh)酒钱, 小费",,,,,0,0,s:backsheeshes,,
"backsheesh, backshish",'bækʃi:ʃ,,"n., vt., vi. = baksheesh",,,,,0,0,,,
backsheeshed,'bækʃi:ʃ,,"n., vt., vi.\n= baksheesh",,,,,0,0,,,
backsheeshes,'bækʃi:ʃ,,"n., vt., vi.\n= baksheesh",,,,,0,0,0:backsheesh/1:s,,
backsheeshing,'bækʃi:ʃ,,"n., vt., vi.\n= baksheesh",,,,,0,0,,,
backsheet,,,背板,,,,,0,0,,,
backshell,,,[网络] 后盖；后壳；堵塞和贮作风,,,,,0,0,,,
backshells,,,[网络] 尾罩,,,,,0,0,,,
backshield,,,"散射线遮挡,散射线屏蔽",,,,,0,0,,,
backshift,ˈbækʃɪft,," 准备班, 交叉班",,,,,0,0,,,
backshifted,,,[网络] 回移,,,,,0,0,,,
backshifting,,,[网络] 后转,,,,,0,0,,,
backshifts,,,[网络] 回拨,,,,,0,0,,,
backshine,,,[网络] 背光,,,,,0,0,,,
backshish,'bækʃi:ʃ,"n. In Egypt and the Turkish empire, a gratuity; a ""tip"".","n. 津贴, 小账",,,,,0,0,,,
backshished,'bækʃi:ʃ,,"n., vt., vi.\n= baksheesh\nbackshish\n['bækʃi:ʃ]\nn., vt., vi.\n= baksheesh",,,,,0,0,,,
backshishes,'bækʃi:ʃ,,"n., vt., vi.\n= baksheesh\nbackshish\n['bækʃi:ʃ]\nn., vt., vi.\n= baksheesh",,,,,0,0,,,
backshishing,'bækʃi:ʃ,,"n., vt., vi.\n= baksheesh\nbackshish\n['bækʃi:ʃ]\nn., vt., vi.\n= baksheesh",,,,,0,0,,,
backshock,,,反冲,,,,,0,0,,,
backshoot,,,un. 向后射门\n[网络] 后向射门；转身射门；倒戈,,,,,0,0,,,
backshooter,,,[网络] 后卫,,,,,0,0,,,
backshooters,,,[网络] 背叛者,,,,,0,0,,,
backshooting,,,un. 逆向爆炸；逆向爆射,,,,,0,0,,,
backshoots,,,[网络] 背投,,,,,0,0,,,
backshop,"'bæk,ʃɔp",,n. 后车间，后工作间，辅助车间；修理机车车间；报刊印刷厂,,,,,0,0,,,
backshore,,,后滨; 滨后,,,,,0,0,,,
backshore beach,,,镶边手锯,,,,,0,0,,,
backshore deposit,,,滨后堆积,,,,,0,0,,,
backshore terrace,,,海岸滨后阶地,,,,,0,0,,,
backshore zone,,,后滨区,,,,,0,0,,,
backshores,"'bæk,ʃɔr; 'bæk,ʃor",,n. [海洋] 后滨；后滩；后海岸地带,,,,,0,0,,,
backshot,,,消声器内爆音; 排气管内爆音,,,,,0,0,,,
backshots,,,[网络] 影后,,,,,0,0,,,
backside,.bæk'said,n the side of an object that is opposite its front\nn the fleshy part of the human body that you sit on,"n. 背部, 背后, 后方",n:100,1,,,11717,13477,s:backsides,,
backside angle,,,[建] 背面角,,,,,0,0,,,
backside attack,,,[化] 背面进攻,,,,,0,0,,,
backside bus,,,后部总线,,,,,0,0,,,
backside cache,,,背面快取,,,,,0,0,,,
backside cooling method,,,[制冷] 背面水冷法,,,,,0,0,,,
backside edge,,,[建] 背面边,,,,,0,0,,,
backside illumination,,,背面照度,,,,,0,0,,,
backside pattern,,,[建] 背纹,,,,,0,0,,,
backside thread,,,反面起绒纱,,,,,0,0,,,
backside throw,,,[网络] 背投,,,,,0,0,,,
backside throws,,,[网络] 背投,,,,,0,0,,,
backside-front,"'bæk,said'frʌnt",,adv. = back end-to,,,,,0,0,,,
backside-to,"'bæk,said'tu:",,"adv. [美国方言]；翻面地,里面朝外(= inside out)；朝反方向，位置颠倒地(= back end-to)",,,,,0,0,,,
backsides,ˈbæksaidz,n. the side of an object that is opposite its front\nn. the fleshy part of the human body that you sit on,"n. 臀部, 屁股( backside的复数形式 )",,,,,0,0,0:backside/1:s,,
backsiding,bæk'saɪd; 'bæksaɪd,,"backside\n[,bæk'said]\nn.\n后部，背部，背面；后侧\n月球背面\n／'bæk，said／ [亦作复数][口语]屁股，臀部",,,,,0,0,,,
backsies,,,[网络] 背后,,,,,0,0,,,
backsight,'bæksait,"n. The reading of the leveling staff in its unchanged\n   position when the leveling instrument has been taken to a new position;\n   a sight directed backwards to a station previously occupied. Cf.\n   Foresight, n., 3.","n. 后视, 表尺缺口",,,,,0,0,,,
backsight method,,,后视法,,,,,0,0,,,
backsight method (orienting plane table),,,后视法,,,,,0,0,,,
backsighted,'bæksaɪt,,n.\n【测绘学】\n后视，照尺\n测旗，标旗，标明已测位置的记号(或小旗)\n后视读数\n(步枪等的)表尺缺口,,,,,0,0,,,
backsighting,'bæksaitiŋ,,n.\n【军械】(标定时的)反觇,,,,,0,0,,,
backsights,,,na. 反视；【测】后视；照尺；【军】反觇\n[网络] 回视；数据设置,,,,,0,0,,,
backsiphon,,,"回吸,反吸",,,,,0,0,,,
backsiphonage,,,反虹吸,,,,,0,0,,,
backsizing,,,[化] 背面涂胶,,,,,0,0,,,
backslang,,,na. 倒读隐语\n[网络] 逆拼法,,,,,0,0,,,
backslap,'bækslæp,v. display excessive cordiality (towards),v. 拍背以示友好,,,,,0,0,i:backslapping/s:backslaps/p:backslapped/3:backslappes/d:backslapped,,
backslapped,ˈbækslæpt,,v. 拍背以示友好( backslap的过去式和过去分词 ),,,,,0,0,,,
backslapper,ˊbækslæpә,n. someone who demonstrates enthusiastic or excessive cordiality,n. 很会应酬的人,,,,,0,0,s:backslappers,,
backslappers,'bækslæpə,,n. 过分表示亲密友好的人,,,,,0,0,0:backslapper/1:s,,
backslappes,ˈbækslæps,,v. 拍背以示友好( backslap的第三人称单数 ),,,,,0,0,,,
backslapping,ˈbækslæpɪŋ,,"n. 热情赞扬, 热情支持\nv. 拍背以示友好( backslap的现在分词 )",,,,,0,0,0:backslap/1:i/s:backslappings,,
backslappings,'bækslæpɪŋ,,adj. 过分亲密友好的\nv. 拍肩背以示亲热（backslap的变形）,,,,,0,0,0:backslapping/1:s,,
backslaps,,plural of backslap\nv. display excessive cordiality (towards),(backslap 的复数) vt. 拍背以示友好\nvi. 拍背以示友好,,,,,0,0,0:backslap/1:s,,
backslash,'bækdlæʃ,,[计] 反斜杠,,,,,0,0,s:backslashes,,
backslash character,,,反斜杠字符\n[计] 反斜杠字符,,,,,0,0,,,
backslash charcter,,,反斜槓字符,,,,,0,0,,,
backslashed,'bækslæʃ,,n.\n【计算机】反向斜线(＼),,,,,0,0,,,
backslashes,'bæk.slæʃ,,n. 反斜线符号；挑顶\n[网络] 反斜杠；反些杠；反斜线转义符,,,,,0,0,0:backslash/1:s,,
backslashing,'bækslæʃ,,n.\n【计算机】反向斜线(＼),,,,,0,0,,,
backslid,,"v drop to a lower level, as in one's morals or standards",backslide的过去式,,,,,0,0,0:backslide,,
backslidden,,"v drop to a lower level, as in one's morals or standards",backslide的过去分词,,,,,0,0,1:pd/0:backslide,,
backslide,.bæk'slaid,"v drop to a lower level, as in one's morals or standards","vi. 堕落, 退步\nn. 堕落, 退步",v:100,,,gre,42839,28454,i:backsliding/p:backslidden/3:backslides/d:backslidden/s:backslides,,
backslided,",bæk'slid",,v. 退步；堕落（backslide的过去式）,,,,,0,0,,,
backslider,,n someone who lapses into previous undesirable patterns of behavior,"n. 想改掉坏习惯, 但改了一段时间后又恢复老习惯的人",,,,,0,0,s:backsliders,,
backsliders,,-s form of backslider\nn someone who lapses into previous undesirable patterns of behavior,"(backslider 的第三人称 -s形式) n. 想改掉坏习惯, 但改了一段时间后又恢复老习惯的人",,,,,0,0,0:backslider/1:s3,,
backslides,ˈbækslaidz,"v drop to a lower level, as in one's morals or standards",v. 滑坡( backslide的第三人称单数 ); 倒退; 退步; 故态复萌,,,,,0,0,1:3/0:backslide,,
backslideth,,,[网络] 背叛,,,,,0,0,,,
backsliding,'bækslaɪdɪŋ,n. a failure to maintain a higher state,v. 倒退；滑坡；故态复萌（backslide的现在分词）,n:100,,,,0,35360,0:backslide/1:i/s:backslidings,,
backslidings,,plural of backsliding\nn. a failure to maintain a higher state,(backsliding 的复数) v. 倒退；滑坡；故态复萌（backslide的现在分词）,,,,,0,0,0:backsliding/1:s,,
backslope,,,n. 斜坡；斜面\n[网络] 后坡；背坡,,,,,0,0,,,
"backslope, back slope",,,【地质学】倾向坡,,,,,0,0,,,
backslopes,,,n. 背坡,,,,,0,0,,,
backsolution,,,[网络] 反解,,,,,0,0,,,
backsolutions,,,[网络] 反诉讼,,,,,0,0,,,
backsolvable,,,[网络] 可解决的,,,,,0,0,,,
backsolve,,,[网络] 退回,,,,,0,0,,,
backsolved,,,[网络] 已解决,,,,,0,0,,,
backsolves,,,[网络] 后退,,,,,0,0,,,
backsolving,,,[网络] 解决,,,,,0,0,,,
backsource,,,[网络] 后备电源；背景源,,,,,0,0,,,
backsourced,,,[网络] 备用,,,,,0,0,,,
backsources,,,[网络] 后备资源,,,,,0,0,,,
backsourcing,,,[网络] 回包,,,,,0,0,,,
backspace,'bækspeis,v. hit the backspace key on a computer or typewriter keyboard,vi. 退后一格\nn. 退格\n[计] 退格,,,,,30878,0,i:backspacing/p:backspaced/3:backspaces/d:backspaced/s:backspaces,,
backspace character,,,[计] 退格符,,,,,0,0,s:backspace characters,,
backspace character unit,,,单位退格字元,,,,,0,0,,,
backspace characters,,,[计] 退格符\n(backspace character 的复数),,,,,0,0,0:backspace character/1:s,,
backspace command,,,[计] 回退命令,,,,,0,0,,,
backspace control,,,[计] 回退控制器,,,,,0,0,,,
backspace correction,,,[计] 回退修改,,,,,0,0,,,
backspace file,,,[计] 回退文件,,,,,0,0,,,
backspace key,'bækspeis,,退格键\n[计] 退格键,,,,,0,0,s:backspace keys,,
backspace keys,,,退格键,,,,,0,0,0:backspace key/1:s,,
backspace mechanism,,,[计] 回退装置,,,,,0,0,,,
BACKSPACE statement,,,[计] 回退语句,,,,,0,0,,,
backspace subroutine,,,返回子程序,,,,,0,0,,,
backspace tape,,,[计] 回退磁带,,,,,0,0,,,
backspaceable,,,[网络] 可退货,,,,,0,0,,,
backspaced,ˈbækspeist,v hit the backspace key on a computer or typewriter keyboard,v. 退格( backspace的过去式和过去分词 ),,,,,0,0,1:pd/0:backspace,,
backspacer,"'bæk,speisə",,n. = backspace key,,,,,0,0,s:backspacers,,
backspacers,"'bæk,speisə",,n.\n= backspace key,,,,,0,0,0:backspacer/1:s,,
backspaces,ˈbækspeisiz,n the typewriter key used for back spacing\nv hit the backspace key on a computer or typewriter keyboard,v. 退格( backspace的第三人称单数 ),,,,,0,0,1:3/0:backspace,,
backspacing,,v hit the backspace key on a computer or typewriter keyboard,"[计] 反绕, 返回, 退回",,,,,0,0,1:i/0:backspace,,
backspeir,"'bæk,spiə",,"backspeir, backspeer\n['bæk,spiə]\nvt., vi.\n[苏格兰英语]盘问(= cross-question)",,,,,0,0,,,
"backspeir, backspeer","'bæk,spiə",,"vt., vi. [苏格兰英语]盘问(= cross-question)",,,,,0,0,,,
backspikes,,,[网络] 后桥,,,,,0,0,,,
backspill,,,逆溢料,,,,,0,0,,,
backspin,'bækspin,n. spin (usually of a moving ball) that retards or reverses the forward motion,"n. (球,轮等的)逆转, 倒旋",n:100,,,,0,33881,s:backspins,,
backspin roll,,,传动托棍,,,,,0,0,,,
backspin rolls,,,传动托辊,,,,,0,0,,,
backspinning,'bækspɪn,,n.\n【体育】(乒乓球、轮等的)反旋转，倒旋，下旋，回旋[亦作 underspin]\n【舞蹈】后转,,,,,0,0,,,
backspins,,,[网络] 背转,,,,,0,0,0:backspin/1:s,,
backsplash,'bækˌsplæʃ,," 后挡板, 后防溅板",n:100,,,,0,29157,s:backsplashes,,
backsplashes,"'bæk,splæʃ",,n. [美国英语](电器、炉灶、柜台等的)后挡板；后防溅板,,,,,0,0,0:backsplash/1:s,,
backsplice,,,绳头插接,,,,,0,0,,,
backsplit,,,[网络] 错层,,,,,0,0,,,
backsplits,,,[网络] 后劈腿,,,,,0,0,,,
backspot flyingfish,,,[网络] 后ot鱼,,,,,0,0,,,
Backspread,,,un. 证券交易中不同市场间的差价\n[网络] 差组合,,,,,0,0,,,
backspring,,,倒缆; 反向弹簧,,,,,0,0,,,
backspun,,,[网络] 后退,,,,,0,0,,,
backstab,'bækˌstæb,,v. 以卑鄙的手段陷害,,,,,0,0,,,
backstabbed,,,[网络] 恩仇报恨,,,,,0,0,,,
backstabber,bæks'tæbə,,"n. 阴谋暗算他人者, 暗箭伤人者, 背后中伤者",,,,,0,0,,,
backstabbers,"'bæk,stæbə",,n. 阴谋暗算他人者，背后中伤者,,,,,0,0,,,
backstabbing,,-ing form of backstab,(backstab 的现在分词) v. 以卑鄙的手段陷害,,,,,0,0,0:backstab/1:i/s:backstabbings,,
backstabbings,'bæk'stæbɪŋ,,vt. 以卑鄙的手段陷害；为个人私利而出卖他人 (backstab的变形),,,,,0,0,0:backstabbing/1:s,,
backstabby,,"backstabby (comparative backstabbier, superlative backstabbiest)\n(informal) characteristic of deceit and treachery\n",,,,,,0,0,,,
backstabs,,,[网络] 背刺；背刺攻击；比如背刺,,,,,0,0,,,
backstaff,,,[网络] 反向高度观测仪；竿式投影仪；背测式测天仪,,,,,0,0,,,
backstaffs,,,[网络] 后场人员,,,,,0,0,,,
backstage,'bæksteidʒ,r. out of view of the public; behind the scenes\nr. in or to a backstage area of a theater,"adv. 在后台, 向后台",r:69/j:31,1,,,19724,10925,s:backstages,,
backstage boss,,,幕后指挥，后台老板,,,,,0,0,,,
backstage deal,,,幕后交易,,,,,0,0,,,
backstage musical,,,后台歌舞片,,,,,0,0,,,
backstage pass,,,[网络] 后台通行证；后台证；此时的后台,,,,,0,0,,,
backstage talks,,,幕后会谈，秘密会谈,,,,,0,0,,,
backstager,bæk'steɪdʒ,,adv.\n在(或往)后台，幕后地(尤指舞台两侧或化妆室)\n在(或向)舞台后部(= upstage)\n在近舞台后部处\n秘密地，私下，暗中\nadj.\n(位于)后台的，幕后的；在后台进行(或发生)的\n舞台后部的\n有关戏剧界等娱乐业人物私生活的\n秘密的，幕后的，私下的，不公开的，有关秘密活动或幕后交易的\nn.\n【剧场】\n后台，幕后\n舞台后部\n幕后活动,,,,,0,0,,,
backstagers,,,[网络] 后台管理员,,,,,0,0,,,
backstages,bæk'steɪdʒ,,adv. 在后台；向后台,,,,,0,0,0:backstage/1:s,,
backstagest,bæk'steɪdʒ,,adv. 在(或往)后台，幕后地(尤指舞台两侧或化妆室)；☉在(或向)舞台后部(= upstage)\nadj. (位于)后台的，幕后的；在后台进行(或发生)的；舞台后部的\nn. 【剧场】；后台，幕后,,,,,0,0,,,
backstagger,,,后交错翼,,,,,0,0,,,
backstair,bæk'steә(r),s. secret and sly or sordid,a. 间接的,,,,,43794,0,s:backstairs,,
backstair(s),",bæk'stεə(z)",,adj. 诽谤(性)的，恶意中伤的；涉及隐私的；幕后的；不正当的；奸诈的，秘密的；见不得人的，鬼鬼祟祟的,,,,,0,0,,,
backstair(s) influence,,,不露面的势力，潜势力，暗藏的隐秘势力；有权势的后台；内援；内庭奸计,,,,,0,0,,,
backstair(s) minister,,,亲信大臣，为朝野不信任而独得王室支持的大臣,,,,,0,0,,,
backstairs,.bæk'stєәz,n. a second staircase at the rear of a building,"n. 后面楼梯, 密谋(手段)\na. 诡秘的, 秘密的",n:100,,,,0,43319,0:backstair/1:s/s:backstairss,,
backstairs intrigue,,,密谋,,,,,0,0,,,
Backstairs Pass.,,,[地名] 巴克斯泰斯海峡 ( 澳 ),,,,,0,0,,,
backstairs passage,,,贝克斯台水道,,,,,0,0,,,
backstairss,",bæk'stεə(z)",,"backstair(s)\n[,bæk'stεə(z)]\nadj.\n诽谤(性)的，恶意中伤的；涉及隐私的\n幕后的；不正当的；奸诈的，秘密的；见不得人的，鬼鬼祟祟的",,,,,0,0,0:backstairs/1:s,,
backstale,,,[网络] 后台,,,,,0,0,,,
backstall,,,[网络] 后座,,,,,0,0,,,
backstamp,"'bæk,stæmp",,n. (邮戳)戳记；(盖在土陶器皿底部的)商标记号,,,,,0,0,,,
backstand,,,张紧座; 后座; 支撑结构,,,,,0,0,,,
backstay,'bækstei,n. a stay that supports the back of something,n. 后部撑物,,,,,0,0,s:backstays,,
backstay cable,,,拉索;后拉缆(由桅扯至后舷侧的绳索),,,,,0,0,,,
backstay of the sun,,,[网络] 云后日晖；云后日辉,,,,,0,0,,,
backstay stool,,,un. 后支索底座\n[网络] 后牵座,,,,,0,0,,,
backstays,,,na. 【机】后支条[撑条]；【航】后支索\n[网络] 背撑；后牵索；桅杆,,,,,0,0,0:backstay/1:s,,
backsteam,bæks'tiːm,,n. 回汽,,,,,0,0,,,
backstep,,,后退,,,,,0,0,,,
backstep sequence,,,分段后向法,,,,,0,0,,,
backstep welding,,,[化] 分段退焊,,,,,0,0,,,
backstep welding sequence,,,分段退焊次序,,,,,0,0,,,
backstep-welding,,,un. 分段退焊；逐步退焊法\n[网络] 后退焊接,,,,,0,0,,,
backstepped,'bækstep,,v.\n往后退,,,,,0,0,,,
backstepping,,,n. 逐步退焊法\nv. 往后退（backstep的ing形式）,,,,,0,0,,,
backsteps,,,[网络] 后踏步,,,,,0,0,,,
backster,,,[网络] 巴克斯特,,,,,0,0,s:backsters,,
backstere,,,[网络] 后台,,,,,0,0,,,
backsters,,,[网络] 背心,,,,,0,0,0:backster/1:s,,
backstitch,'bækstitʃ,n. an overlapping stitch made by starting the next stitch at the middle of the preceding one\nv. do backstitches,n. 回式针迹\nv. 用回式针迹缝,,,,,0,0,i:backstitching/d:backstitched/p:backstitched/3:backstitches/s:backstitches,,
backstitched,'bækstɪtʃ,v. do backstitches,n. 倒缝\nv. 倒缝\n倒缝针法,,,,,0,0,1:dp/0:backstitch,,
backstitches,ˈbækstitʃiz,n an overlapping stitch made by starting the next stitch at the middle of the preceding one\nv do backstitches,"n. 回式针迹, 来回针脚( backstitch的名词复数 )",,,,,0,0,1:3/0:backstitch,,
backstitching,,v. do backstitches,n. 回针\nv. 用回式针迹缝（backstitch的ing形式）,,,,,0,0,0:backstitch/1:i,,
backstock,,,[网络] 流动性低的存货；退货表,,,,,0,0,,,
backstocking,'bækstɒkɪŋ,, [医]用酵母培养物作菌种，回用酵母,,,,,0,0,,,
backstocks,,,[网络] 支持者,,,,,0,0,,,
backstone,,,n. 炉底\n[网络] 风险投资商黑石集团,,,,,0,0,,,
backstop,'bækstɒp,n. (baseball) a fence or screen (as behind home plate) to prevent the ball from traveling out of the playing field\nn. a precaution in case of an emergency\nv. act as a backstop,"n. 挡球网, 接球手\n[电] 背向停止",n:100,,,,0,27323,s:backstops,,
backstop porter bar,,,后定位送料杆,,,,,0,0,,,
backstop technology,,,支撑技术,,,,,0,0,,,
backstop tone,,,后定位夹钳,,,,,0,0,,,
backstop tong,,,后挡钳,,,,,0,0,,,
backstop tongs,,,从挡钳,,,,,0,0,,,
backstopped,,,vt. backstop的变形,,,,,0,0,,,
backstopper,,,un. 后退定程挡块,,,,,0,0,,,
backstopping,,,支援（backstop的现在分词）,,,,,0,0,,,
backstops,'bækstɒp,,n. 挡球网；捕手；支撑物,,,,,0,0,0:backstop/1:s,,
backstore,,,[网络] 后备储存,,,,,0,0,,,
backstores,,,[网络] 后台,,,,,0,0,,,
backstories,'bækstɔːri,,n. 故事背景；新闻报道的背景\n[网络] 背景事件；前史；背景故事,,,,,0,0,0:backstory/1:s,,
backstory,,," （电影、小说等的）幕后故事, 故事背景",n:100,,,,0,33892,s:backstories,,
backstrain,,,背劳损,,,,,0,0,,,
backstrap,"'bæk,stræp",,n. 对接贴板；后带；脊框；背带,,,,,0,0,,,
backstrap loom,,,【纺织业】(主要用于中南美洲的)背带式织布机,,,,,0,0,,,
backstrap molasses,,,废糖蜜,,,,,0,0,,,
backstrapped,,,因涨潮或海流关系而无法航行的,,,,,0,0,,,
backstraps,"'bæk,stræp",,n. 书背，书脊；(靴子或鞋后跟上的)提带,,,,,0,0,,,
backstream,,,[网络] 油泵则会出现返油；庄后圳河,,,,,0,0,,,
backstreamed,,,[网络] 回流,,,,,0,0,,,
backstreaming,,,[网络] 回流；逆流；托底单向流,,,,,0,0,,,
backstreams,,,[网络] 后流,,,,,0,0,,,
backstreet,'bækstri:t,,n. （贫穷地区的）后街小巷\na. 偷偷摸摸的；非法的,n:100,,,,24348,27177,s:backstreets,,
backstreet abortion,,,[网络] 密医堕胎,,,,,0,0,,,
backstreet boy,,,[网络] 后街；后街男孩精选；后街男孩的,,,,,0,0,,,
backstreet boys,,, 后街男孩（美国流行乐组合）,,,,,0,0,,,
backstreet processing shops,,,后巷加工组,,,,,0,0,,,
backstreets,,plural of backstreet,(backstreet 的复数) n. （贫穷地区的）后街小巷\na. 偷偷摸摸的；非法的,,,,,0,0,0:backstreet/1:s3,,
backstress,'bækstres,n. A female baker.,"n. 【材料学】反应力, 背应力",,,,,0,0,,,
backstresses,,,[网络] 背应力个数,,,,,0,0,,,
backstretch,'bækstretʃ,,n. <美>(跑道的)非终点直道,n:100,,,,0,31651,s:backstretches,,
backstretches,,,[网络] 背部拉伸,,,,,0,0,0:backstretch/1:s,,
backstrip,'bæk'strip,,n. 书脊(= backbone),,,,,0,0,,,
backstripping,,,回剥分析,,,,,0,0,,,
backstroke,'bækstrәuk,n. a swimming stroke that resembles the crawl except the swimmer lies on his or her back\nv. swim on one's back,"n. 还击, 反手击球, 仰泳\nvi. 还击, 反手击球, 仰泳\nvt. 用反手击",v:27/n:73,,,,40046,25893,i:backstroking/p:backstroked/3:backstrokes/d:backstroked/s:backstrokes,,
backstroke flip turn,,,仰泳滚翻转身,,,,,0,0,,,
backstroke turn indicator,,,仰泳转身标志线,,,,,0,0,,,
backstroked,'bækstrəʊk,v. swim on one's back,n. 仰泳；反手击球\nvi. 仰泳；反手击球\nvt. 用反手击,,,,,0,0,1:pd/0:backstroke,,
backstroker,,n. someone who swims the backstroke,n. backstroke （反手击球）的变形,,,,,0,0,s:backstrokers,,
backstrokers,,,n. 仰泳；反手击球 (backstroke的变形),,,,,0,0,0:backstroker/1:s,,
backstrokes,,,v. 仰泳；回击；反手击球；用反手击\nn. 回击；反向冲击；〔体〕仰泳；返回行程\n[网络] 仰式；向后击球；面向上的游泳姿式,,,,,0,0,1:3/0:backstroke,,
backstroking,'bækstrəʊk,v. swim on one's back,n. 仰泳；反手击球\nvi. 仰泳；反手击球\nvt. 用反手击,,,,,0,0,1:i/0:backstroke,,
backstrom,,, [人名] 巴克斯特伦,,,,,0,0,,,
backstromite,bækstrəʊ'maɪt,, 氢氧锰矿,,,,,0,0,,,
backstyle,,,背景样式,,,,,0,0,,,
backsurface bombardment,,,背面轰击,,,,,0,0,,,
backsurge disc valve,,,反冲洗圆盘阀,,,,,0,0,,,
backsurge tool,,,反冲洗工具,,,,,0,0,,,
backswamp,,,河漫滩沼泽,,,,,0,0,,,
backswamp deposit,,,沼积土；沼积层,,,,,0,0,,,
backswamp depression,,,漫滩洼地,,,,,0,0,,,
backswamps,,,[网络] 后卫,,,,,0,0,,,
backsweep,'bækswi:p,,n. 【航空学】=sweepback,,,,,0,0,,,
backswept,'bækswept,s used of hair,a. 向后倾斜的,,,,,0,0,s:backswepts,,
backswept wing,,,后掠翼,,,,,0,0,,,
backswept wing aircraft,,,后掠翼飞机,,,,,0,0,,,
backswepts,'bækswept,,n. [航] 后掠角\nadj. 向后倾斜的；被扫向后面的,,,,,0,0,0:backswept/1:s,,
backswimmer,,n. predaceous aquatic insect that swims on its back and may inflict painful bites,仰泳蝽,,,,,0,0,s:backswimmers,,
backswimmers,"'bæk,swimə",,"n. 【昆虫】仰泳蝽,松藻虫[仰泳蝽科(Notonectidae)水虫][亦作 boat bug]",,,,,0,0,0:backswimmer/1:s,,
backswimming,,,[网络] 背影,,,,,0,0,,,
backswing,'bækswiŋ,,[电] 背向摆动,n:100,,,,30723,20943,s:backswings,,
backswing voltage,,,回程电压,,,,,0,0,,,
backswings,'bækswiŋ,,n. 回复；棍棒挥出前的准备姿态；[物] 反冲,,,,,0,0,0:backswing/1:s,,
backsword,'bæksɒ:d,n. a sword with only one cutting edge,"n. 单刃刀, 木剑",,,,,0,0,s:backswords,,
backsword(s)man,"'bæk,sɔ:d(z)mən",,n. 舞木剑(或单刃刀)者,,,,,0,0,,,
backsword(s)men,"'bæk,sɔ:d(z)mən",,n. backsword(s)man的变形,,,,,0,0,,,
backswording,"'bæk,sɔ:diŋ",,n. 舞木剑(或单刃刀),,,,,0,0,,,
backswordman,,,n. 使用单刃刀(木刀)者,,,,,0,0,,,
backswordmen,,,[网络] 后剑手,,,,,0,0,,,
backswords,,,na. 单刃剑；大砍刀；木剑\n[网络] 单刃刀；骑兵直刀；单刃的剑,,,,,0,0,0:backsword/1:s,,
backtab,,,[网络] 退格制表,,,,,0,0,,,
backtack,,,回针,,,,,0,0,,,
backtag,,,[网络] 后腰缝饰,,,,,0,0,,,
backtagged,,,[网络] 反驳,,,,,0,0,,,
backtagging,,,[网络] 回溯,,,,,0,0,,,
backtags,,,[网络] 背包,,,,,0,0,,,
backtalk,,n an impudent or insolent rejoinder,[计] 工作联络电话,n:100,,,,0,43393,s:backtalks,,
backtalked,,,[网络] 反驳,,,,,0,0,,,
backtalking,,,[网络] 后退,,,,,0,0,,,
backtalks,'bæktɔk,,n. （美）顶嘴；[通信] 工作联络电话,,,,,0,0,0:backtalk/1:s,,
backtender,,,造纸工段看管工;后整理工,,,,,0,0,,,
backteriological warfare,,,[法] 细菌战,,,,,0,0,,,
backtest,bæktest,,un. 加载卸载鉴定试验\n[网络] 测试；回测；翻背测试,,,,,0,0,,,
backtested,,,[网络] 反测试,,,,,0,0,,,
backtesting,,,[网络] 回溯测试；回溯检验；事后检验,,,,,0,0,,,
backthrusting,,,背逆断层作用,,,,,0,0,,,
backtick,,,[网络] 反引号；反短斜线；反单引号,,,,,0,0,,,
backticks,,,[网络] 引号；反引号,,,,,0,0,,,
backtitration,,,回滴定,,,,,0,0,,,
backto,,,v. 回到\n[网络] 回到伊甸园,,,,,0,0,,,
backto-back,,,[网络] 背靠背,,,,,0,0,,,
backtrace,,,[计] 回溯,,,,,0,0,,,
backtrace technique,,,[计] 回溯技术,,,,,0,0,,,
backtraced,,,[网络] 回溯,,,,,0,0,,,
backtraces,,,[网络] 调用栈,,,,,0,0,,,
backtracing,,,[计] 返回探索,,,,,0,0,,,
backtrack,'bæktræk,v. retrace one's course,"vi. 返回, 退走, 撤退, 放弃\n[化] 回溯",v:100,,,,21946,17377,i:backtracking/p:backtracked/d:backtracked/3:backtracks/s:backtracks,,
backtrack algorithm,,,回溯演算法,,,,,0,0,,,
backtrack cancel,,,回撤消,,,,,0,0,,,
backtrack condition summary,,,回状态概要,,,,,0,0,,,
backtrack interval,,,回间隔,,,,,0,0,,,
backtrack menu,,,回菜单,,,,,0,0,,,
backtrack mode,,,回模式,,,,,0,0,,,
backtrack search,,,[计] 追踪查找,,,,,0,0,,,
backtrack summary,,,回概要,,,,,0,0,,,
backtracked,ˈbæktrækt,v retrace one's course,v. 走原路( backtrack的过去式和过去分词 ); 由原路返回; 改变主意; 取消诺言,,,,,0,0,0:backtrack/1:pd,,
backtracker,,,[网络] 戴华荣,,,,,0,0,,,
backtrackers,,,[网络] 回溯,,,,,0,0,,,
backtracking,,v retrace one's course,[计] 回溯法,n:100,,,,0,43330,0:backtrack/1:i/s:backtrackings,,
backtracking algorithm,,,回溯演算法,,,,,0,0,,,
backtracking control strategy,,,[计] 回溯控制策略,,,,,0,0,,,
backtracking method,,,"[计] 回溯法, 追踪法",,,,,0,0,,,
backtracking operation,,,"[计] 回溯操作, 向后追踪操作",,,,,0,0,,,
backtracking organization,,,回溯结构,,,,,0,0,,,
backtracking point,,,[计] 回溯点,,,,,0,0,,,
backtracking programming,,,回溯法规划,,,,,0,0,,,
backtrackings,"'bæk,træk",,n. [计] 回溯；回溯法\nv. 原路返回；跟踪（backtrack的ing形式）,,,,,0,0,0:backtracking/1:s,,
backtracks,ˈbæktræks,v retrace one's course,n. 走原路( backtrack的名词复数 ); 由原路返回; 改变主意; 取消诺言\nv. 走原路( backtrack的第三人称单数 ); 由原路返回; 改变主意; 取消诺言,,,,,0,0,0:backtrack/1:3s,,
backtrail,"'bæk,treil",,"vi., vt. = backtrack",,,,,0,0,,,
backtrails,"'bæk,treil",,"vi., vt.\n= backtrack",,,,,0,0,,,
backtranslation,,,[网络] 译法,,,,,0,0,,,
backtranslations,,,[网络] 背部翻译,,,,,0,0,,,
backtrapping,,,逆陷,,,,,0,0,,,
backtrapping of bubble-cap tray,,,泡罩盘之逆陷,,,,,0,0,,,
backtroll,,"backtroll (third-person singular simple present backtrolls, present participle backtrolling, simple past and past participle backtrolled)\n(fishing) To fish by trolling with the boat's motor in reverse, minimising movement of the boat.\n",,,,,,0,0,,,
backtrolled,,,[网络] 反转,,,,,0,0,,,
backtroller,,,[网络] 后退,,,,,0,0,,,
backtrolling,,,[网络] 回滚动,,,,,0,0,,,
backup,'bækʌp,n. an accumulation caused by clogging or a stoppage\nn. (computer science) a copy of a file or directory on a separate storage device,"n. 倒车, 后退, 后援, 支持, 阻塞\nvt. 做备份\na. 候补的, 支持的\n[计] 备份; DOS外部命令:通常使用于将硬磁盘上指定的文件复制到软盘上",v:13/n:87,1,,,15901,5476,s:backups,,
backup acquisition system,,,[自] 后援采集系统,,,,,0,0,,,
backup aid,,,备用辅助设备,,,,,0,0,,,
backup air data sensor assembly,,,备用大气数据感测组件,,,,,0,0,,,
backup air gap device,,,后备间隙装置,,,,,0,0,,,
backup aircraft,,,预备机,,,,,0,0,,,
backup anchor,,,un. 辅助锚,,,,,0,0,,,
backup and recovery,,,备份与恢复,,,,,0,0,,,
backup and restore,ˈbækˌʌp ənd rɪˈstɔr,, 备份与恢复,,,,,0,0,,,
backup arrangement,,,后备安排,,,,,0,0,,,
backup ball,,,【保龄球】(顺投手方向曲线旋转的)弧旋球,,,,,0,0,,,
backup battery,,,"备用电源,备份电源",,,,,0,0,,,
backup bit,,,备份位元,,,,,0,0,,,
backup breaker,,,用断路器,,,,,0,0,,,
backup browser,ˈbækˌʌp ˈbrauzə,, [计]备份浏览器,,,,,0,0,,,
backup browsers,,,备份浏览器,,,,,0,0,,,
backup bus control,,,备用汇流排控制,,,,,0,0,,,
backup buzzer,,,[车辆] 倒车报警器,,,,,0,0,,,
backup cache,,,后援高速缓存,,,,,0,0,,,
backup capability,,,备份能力,,,,,0,0,,,
backup circuit,,,备份电路,,,,,0,0,,,
backup circuit breaker,,,后备断路器,,,,,0,0,,,
backup circuit-breaker,,,保护断路器,,,,,0,0,,,
backup command,,,n. 备份命令,,,,,0,0,,,
backup communication processor,,,备份通信处理机,,,,,0,0,,,
backup computer,,,un. 后备计算机；备用计算机\n[网络] 备份计算机；点击第一个选项,,,,,0,0,,,
backup control data set,,,备份控制数据集,,,,,0,0,,,
backup coolant system,,,用冷却剂系统,,,,,0,0,,,
backup copy,,,[计] 备份件,,,,,0,0,,,
backup cycle,,,备份周期,,,,,0,0,,,
backup dancer,ˈbækˌʌp ˈdɑ:nsə,,n. 伴舞演员,,,,,0,0,,,
backup data,,,备查资料,,,,,0,0,,,
backup data set,,,备用数据集,,,,,0,0,,,
backup device,,,助设备，备用装置,,,,,0,0,,,
backup die,,,[电] 电极台板,,,,,0,0,,,
backup disk,,,备用磁碟,,,,,0,0,,,
backup diskette,,,后备[备份]软盘,,,,,0,0,,,
backup domain controller,,,备份域控制器,,,,,0,0,,,
backup electronic control,,,备用电子控制单元,,,,,0,0,,,
backup equipment,,,备设备,,,,,0,0,,,
backup facility,,,"[电] 备份设备, 备用设备",,,,,0,0,,,
backup file,ˈbækˌʌp fail,, 备份文件,,,,,0,0,s:backup files,,
backup filer,,,用过滤器，辅助过滤器,,,,,0,0,,,
backup files,,,[计] 备份文件,,,,,0,0,0:backup file/1:s,,
backup fixed disk,,,备用固定式磁碟,,,,,0,0,,,
backup flange,,,支持法兰,,,,,0,0,,,
backup force,ˈbækˌʌp fɔ:s,, 后盾；后援,,,,,0,0,,,
backup frequency,,,后备频率,,,,,0,0,,,
backup fuel,,,用燃料，辅助燃料,,,,,0,0,,,
backup fuse,,,保险丝,,,,,0,0,,,
backup gap,,,后备间隙,,,,,0,0,,,
Backup generator,,,备用发电机,,,,,0,0,,,
backup governor,,,助危急保安器,,,,,0,0,,,
backup heel,,,[机] 切料冲头突出部,,,,,0,0,,,
backup interceptor control,,,[航 军] 截击导弹备用控制,,,,,0,0,,,
backup item,,,备份项目,,,,,0,0,,,
backup job,,,[网络] 备份作业；备份任务；备份工作,,,,,0,0,,,
backup lamp,ˈbækˌʌp læmp,, 前照辅助灯,,,,,0,0,,,
backup light,ˈbækˌʌp lait,,n. 倒车灯,,,,,0,0,,,
backup lights,,,[美国英语](机动车尾部)倒车灯，尾灯[亦作 backing light],,,,,0,0,,,
backup line,,,备抵额度,,,,,0,0,,,
backup lining brick,,,[炉窑] 炉衬砖,,,,,0,0,,,
backup log,,,[网络] 备份日志；备份日志文件；日志备份,,,,,0,0,,,
backup man,,,[网络] 倒退手动,,,,,0,0,s:backup men,,
backup media,,,[网络] 备份媒体；备份介质；备份媒介,,,,,0,0,,,
backup memory,,,[计] 后备存储器,,,,,0,0,,,
backup men,,,[网络] 倒退手动\n(backup man 的复数),,,,,0,0,0:backup man/1:s,,
backup method,,,备份方法,,,,,0,0,,,
backup mode,,,备用模态,,,,,0,0,,,
backup operation,,,后备[备份]操作,,,,,0,0,,,
backup order,,,[贸易] 应急订货,,,,,0,0,,,
backup overspeed governor,,,用超速保安器,,,,,0,0,,,
backup path,,,后备[备份]路径,,,,,0,0,,,
backup person id,,,备份病患ID,,,,,0,0,,,
backup plan,,,备份计画,,,,,0,0,,,
backup plate,,,靠板;垫片,,,,,0,0,,,
Backup Plus,,,完整的备份软件,,,,,0,0,,,
Backup power,,,后备电源\n备用电源,,,,,0,0,,,
backup power indicator,,,[电] 后备电源指示灯,,,,,0,0,,,
backup power supply,,,备电源,,,,,0,0,,,
backup procedure,,,备份过程,,,,,0,0,,,
backup processor,,,"后备处理机,备用处理机",,,,,0,0,,,
backup program,,,[计] 备份程序,,,,,0,0,,,
backup programmer,,,副主程序员,,,,,0,0,,,
backup protection,,,后备保护(装置),,,,,0,0,,,
backup protection equipment,,,后备保护装置,,,,,0,0,,,
backup pumpkin,,,备用南瓜,,,,,0,0,,,
backup radar,,,辅助雷达,,,,,0,0,,,
backup reactor shutdown capability,,,备停堆能力,,,,,0,0,,,
backup reference station,,,备份参考站,,,,,0,0,,,
backup register,,,[计] 备用寄存器,,,,,0,0,,,
backup relay,,,后备继电器,,,,,0,0,,,
backup relaying,,,备继电保护,,,,,0,0,,,
backup ring,,,[化] 垫圈,,,,,0,0,,,
backup roll extractor,,,支承辊换辊装置,,,,,0,0,,,
backup rolls,,,压轴，支承辊,,,,,0,0,,,
backup safety device,,,用安全设备，备用安全装置,,,,,0,0,,,
backup safety system,,,用安全系统,,,,,0,0,,,
backup satellite,,,备用卫星,,,,,0,0,,,
backup server,,,备份服务器,,,,,0,0,,,
backup service,,,[网络] 备份服务；资料备份；数据备份,,,,,0,0,,,
backup set,,,备份集,,,,,0,0,,,
backup shutdown,,,[核] 备用反应堆停止,,,,,0,0,,,
backup software,,,[网络] 备份软件；备份容灾软件；备份软件型,,,,,0,0,,,
backup source,,,备电源，备用电源,,,,,0,0,,,
backup space flight crew,,,候补航天乘员组,,,,,0,0,,,
backup station,,,备用工位,,,,,0,0,,,
backup steam supply,,,后备蒸气供应,,,,,0,0,,,
Backup Step-Up,,,[网络] 备份升压,,,,,0,0,,,
backup storage,,,后备[备份]存储器,,,,,0,0,,,
backup store,,,商店后援系统,,,,,0,0,,,
backup strategy,ˈbækˌʌp ˈstrætidʒi,, [体]预备策略,,,,,0,0,,,
backup strip,,,【建筑学】背垫条,,,,,0,0,,,
backup system,,,[电] 后备系统,,,,,0,0,s:backup systems,,
backup system library,,,[计] 后备系统库,,,,,0,0,,,
backup systems,,,[计] 备用系统；[计] 后备系统,,,,,0,0,0:backup system/1:s,,
backup tape,,,备份带,,,,,0,0,,,
backup tong,,,打备钳,,,,,0,0,,,
backup trap,,,后备阱;备用阱;支持阱,,,,,0,0,,,
backup trunk,,,"备用中继线, 备份中继线",,,,,0,0,,,
backup unit,,,[科技] 后备装置,,,,,0,0,,,
backup utilities,,,[网络] 文件备份；备份管理,,,,,0,0,,,
backup utility,,,[网络] 备份工具；系统备份工具；备份实用程序,,,,,0,0,,,
backup vent valve,,,用通风阀，备用排气阀,,,,,0,0,,,
backup version,,,备份版本,,,,,0,0,,,
backup vocalist,,,[网络] 和声歌手,,,,,0,0,,,
backup vocalists,,,[网络] 和音歌手,,,,,0,0,,,
backup vocals,,,[网络] 和声；伴唱,,,,,0,0,,,
backup volume,,,备份卷,,,,,0,0,,,
backup volume clean-up process,,,备份卷清理过程,,,,,0,0,,,
backup volume cleanup process,,,备份卷清除进程,,,,,0,0,,,
backup window,,,备份窗口,,,,,0,0,,,
backup withholding,,,〈美〉逆扣税,,,,,0,0,,,
"backup, back-up",'bækʌp,,n. ；支持，后援，帮助，援助；辅助；补充\nadj. 支援的，后援的，支持的；补充的，辅助性的，起辅助作用的，起次要作用的；【音乐】伴奏的；伴唱的；陪伴的\nvt. 为…做备份,,,,,0,0,,,
backup-archive client,,,备份-归档客户,,,,,0,0,,,
backupable,,,[网络] 可备份,,,,,0,0,,,
backups,,n an accumulation caused by clogging or a stoppage\nn someone who takes the place of another (as when things get dangerous or difficult)\nn a musical part (vocal or instrumental) that supports or provides background for other musical parts\nn (computer science) a copy of a file or directory on a separate storage device\nn the act of providing approval and support,n. 备份,,,,,0,0,0:backup/1:s3,,
backus,,,巴克斯,,,,,0,0,s:backuss,,
backus - naur form,,,[网络] 巴科斯范式；扩展巴科斯范式,,,,,0,0,,,
Backus Naur Form,,,巴科斯-诺尔范式(BNF)，是由 John Backus 和 Peter Naur 首先引入的用来描述计算机语言语法的符号集,,,,,0,0,,,
Backus normal form,,,[计] 巴科斯-诺尔范式,,,,,0,0,,,
Backus-Naur form,,,[计] 巴科斯范式,,,,,0,0,,,
Backus-Naur formalism,,,[计] 巴科斯一诺尔范式,,,,,0,0,,,
Backus-Naur forms,,,巴科斯诺尔范式,,,,,0,0,,,
Backus-Naur notation,,,巴克斯-脑尔范式,,,,,0,0,,,
Backusella,,,巴克斯霉属,,,,,0,0,,,
backusella circina,,,卷曲巴氏霉,,,,,0,0,,,
backuss,,,巴克斯\n(backus 的复数),,,,,0,0,0:backus/1:s,,
backveld,'bækvelt,,n. (南非)偏僻闭塞的乡村地区,,,,,0,0,,,
backvelder,,,n. 偏僻闭塞的乡村地区,,,,,0,0,,,
backvelders,,,n. 偏僻闭塞的乡村地区,,,,,0,0,,,
backvelds,"'bæk,velt",,"n., adj.\n[南非口语]穷乡僻壤(的)，偏僻闭塞的乡村地区(的)",,,,,0,0,,,
backventing,,,背部通气,,,,,0,0,,,
backview,,,un. 背视图；后视图；背衬圆；底视图,,,,,0,0,s:backviews,,
backviews,,plural of backview,(backview 的复数) un. 背视图；后视图；背衬圆；底视图,,,,,0,0,0:backview/1:s,,
backwall,,,[电] 背墙,,,,,0,0,,,
backwall photovoltaic cell,,,[电] 背墙光电伏打电池,,,,,0,0,,,
backwall photovoltaic effect,,,后膜光电效应,,,,,0,0,,,
backward,'bækwәd,a. directed or facing toward the back or rear\na. (used of temperament or behavior) marked by a retiring nature\ns. retarded in intellectual development\ns. having made less than normal progress,"adv. 向后地, 相反地\na. 向后的, 相反的\n[计] 倒推",r:78/j:22,2,1,gk cet4 ky toefl ielts,8489,5204,,,
backward acting,,,[物] 反向作用,,,,,0,0,,,
backward acting decoder,,,后向译码器,,,,,0,0,,,
backward acting regulator,,,反馈作用调节器;反向作用式调整器,,,,,0,0,,,
backward action,,,反向动作,,,,,0,0,,,
backward adaptive prediction(apb),,,向后调适预测,,,,,0,0,,,
backward adaptive quantization(aqb),,,向后调适量化,,,,,0,0,,,
backward aerofoil blade,,,反向流线形叶片,,,,,0,0,,,
backward analysis,,,反向分析,,,,,0,0,,,
backward and bidirectional,,,反向与双向的,,,,,0,0,,,
backward and forward,,,= backwards and forwards  [见 backwards],,,,,0,0,,,
backward and forward bending test,,,反复弯曲试验,,,,,0,0,,,
backward and forward extrusion,,,正反挤压,,,,,0,0,,,
backward arch standing,,,后弓身上,,,,,0,0,,,
backward area,,,落后地区,,,,,0,0,,,
backward areas,,,[网络] 落后地区,,,,,0,0,,,
backward association,,,倒向联想,,,,,0,0,,,
backward attribute,,,[计] 反向属性,,,,,0,0,,,
backward backwash,,,[网络] 尾流喷流冲洗,,,,,0,0,,,
backward bend vane,,,后弯式叶片,,,,,0,0,,,
backward bending labor supply curve,,,后弯的劳动供给曲线,,,,,0,0,,,
backward bending supply curve,,,向后弯曲供给曲线,,,,,0,0,,,
backward bent vane,,,后弯式叶片,,,,,0,0,,,
backward bias,,,逆向偏压,,,,,0,0,,,
backward boost,,,动，制推，降压，降压器,,,,,0,0,,,
backward bound,,,(下旋球)回跳,,,,,0,0,,,
backward branch,,,反向分支,,,,,0,0,,,
backward branch of diffraction curve,,,绕射波后支,,,,,0,0,,,
backward branching,,,反向分支,,,,,0,0,,,
backward brush lead,,,电刷后向超前,,,,,0,0,,,
backward brush-lead,,,刷超前后移,,,,,0,0,,,
backward busy,,,"回程占线, 反向忙线",,,,,0,0,,,
backward busy signal,,,回程占线信号,,,,,0,0,,,
backward busying,,,反向占线信号,,,,,0,0,,,
backward busying signal,,,[计] 回程占线信号,,,,,0,0,,,
backward call indicator,,,反向唿叫指示器,,,,,0,0,,,
backward call indicators,,,反向唿叫指示元,,,,,0,0,,,
backward caries,,,[医] 逆行性龋,,,,,0,0,,,
backward chained reasoning,,,反向推理,,,,,0,0,,,
backward chaining,,,[计] 反向链接,,,,,0,0,,,
backward chaining control,,,反向鍊接控制,,,,,0,0,,,
backward chaining manner,,,反向鍊接方式,,,,,0,0,,,
backward chaining problem solver,,,反向鍊接问题解答器,,,,,0,0,,,
backward channel,,,[计] 反向信道,,,,,0,0,,,
backward channel ready,,,反向通道传送准备就绪,,,,,0,0,,,
backward child,,,"智力迟钝儿童,超龄生",,,,,0,0,,,
backward circle,,,向后回环,,,,,0,0,,,
backward circle monut,,,向后回环上,,,,,0,0,,,
backward class,,,落后班,,,,,0,0,,,
backward classes,,," 落后阶级, 落后种姓（印度各省当局建议在教育和就业方面给予优惠）",,,,,0,0,,,
backward combatability,,,反向不相容,,,,,0,0,,,
backward combustion,,,逆火攻,,,,,0,0,,,
backward compatibilities,,,向后兼容；反向兼容性,,,,,0,0,,,
backward compatibility,,,向后兼容\n[计] 向后兼容,,,,,0,0,,,
backward compatible,,,[计] 向前兼容,,,,,0,0,,,
backward compliment,,,[网络] 向后赞美,,,,,0,0,,,
backward compliments,,,[网络] 向后赞美,,,,,0,0,,,
backward condition,,,反传工况,,,,,0,0,,,
backward conditional probabilities,,,[计] 后向条件概率,,,,,0,0,,,
backward conditional probability,,,[数] 后向条件概率,,,,,0,0,,,
backward conditioned reaction,,,逆向条件反应,,,,,0,0,,,
backward conditioning,,,【行为学】后向条件作用，后向适应,,,,,0,0,,,
backward connection,,,反向连接,,,,,0,0,,,
backward counter,,,"[计] 减法计数器, 反向计数器",,,,,0,0,,,
backward counting,,,反向计数,,,,,0,0,,,
backward country,,,经济落后的国家,,,,,0,0,,,
backward creep,,,金属后滑,,,,,0,0,,,
backward cross talk,,,后向串扰,,,,,0,0,,,
backward crosstalk,,,后向串扰,,,,,0,0,,,
backward current,,,向电流，反向送料,,,,,0,0,,,
backward curvature,,,"[医] [脊柱]后弯, 脊柱前凸",,,,,0,0,,,
backward curve blade,,,后曲叶片,,,,,0,0,,,
backward curved blade,,,弯叶片,,,,,0,0,,,
backward curved fan blade,,,[机] 后弯式叶片,,,,,0,0,,,
backward curved vane,,,后曲叶片;后弯式叶片,,,,,0,0,,,
backward decay,,,反向衰变,,,,,0,0,,,
backward deduction system,,,[计] 后向演绎系统,,,,,0,0,,,
backward diagonal,,,[计] 后向对角线,,,,,0,0,,,
backward dictionary,,,倒排词典,,,,,0,0,,,
backward difference,,,[计] 后向差分,,,,,0,0,,,
backward difference function,,,倒差分函数,,,,,0,0,,,
backward difference method,,,[计] 后向差分法,,,,,0,0,,,
backward difference operator,,,[计] 后向差分算子,,,,,0,0,,,
backward differentiation method,,,[计] 后向差分法,,,,,0,0,,,
backward differentition method,,,[计] 后向差分法,,,,,0,0,,,
backward diode,,,[计] 反向二极管,,,,,0,0,,,
backward dip,,,un. 仰倾\n[网络] 艉下倾；船尾下沉；尾下跌,,,,,0,0,,,
backward direction,ˈbækwəd diˈrekʃən,, [计]反向引导,,,,,0,0,,,
backward dislocation,,,[医] 向后脱位,,,,,0,0,,,
backward dive,,,[网络] 向后跳水,,,,,0,0,,,
backward drainage,,,逆向水系,,,,,0,0,,,
backward eccentric,,,倒退偏心轮,,,,,0,0,,,
backward echo,,,"[计] 反向回答, 反向回打",,,,,0,0,,,
backward edge,,,[计] 后向边,,,,,0,0,,,
backward effect,,,逆流效应,,,,,0,0,,,
backward elimination,,,[计] 后向消除,,,,,0,0,,,
backward elimination procedure,,,向后消去程序,,,,,0,0,,,
backward equation,,,[计] 后向方程,,,,,0,0,,,
backward equations,,,向后方程式,,,,,0,0,,,
backward erosion,,,反向冲刷,,,,,0,0,,,
backward error,,,"[计] 后向误差, 反向错误",,,,,0,0,,,
backward error analysis,,,[计] 后向误差分析,,,,,0,0,,,
backward error correction,,,"反向误差校正, 后向错误更正",,,,,0,0,,,
backward error recovery,,,[计] 后向错误校正,,,,,0,0,,,
backward estimation,,,后向估计,,,,,0,0,,,
backward euler,,,反向尤拉,,,,,0,0,,,
backward explicit congestion notification,,,后向显式拥塞通知,,,,,0,0,,,
backward extruding die,,,反挤压模,,,,,0,0,,,
backward extrusion,,,反挤压,,,,,0,0,,,
backward extrusion die,,,[机] 反挤压模,,,,,0,0,,,
backward failure,,,向后衰竭,,,,,0,0,,,
backward feed,,,[化] 逆流加料; 逆向进料,,,,,0,0,,,
backward feeding,,,向馈电，反向送料,,,,,0,0,,,
backward field impedance,,,反向磁场阻抗,,,,,0,0,,,
backward field torque,,,反向磁场转矩,,,,,0,0,,,
backward file,,,反向档案,,,,,0,0,,,
backward file recovery,,,[计] 反向文件恢复,,,,,0,0,,,
backward finite difference,,,[计] 后向有限差分,,,,,0,0,,,
backward flashover,,,反向闪络,,,,,0,0,,,
backward flight,,,向后飞行,,,,,0,0,,,
backward flow,,,"[机] 逆流, 对流, 反流",,,,,0,0,,,
backward flow forming,,,反旋压,,,,,0,0,,,
backward flow problem,,,[计] 逆向流问题,,,,,0,0,,,
backward flow process,,,[机] 反流法,,,,,0,0,,,
backward folding,,,背褶皱作用,,,,,0,0,,,
backward forward counter,,,正反向计数器,,,,,0,0,,,
backward gain,,,反向增益,,,,,0,0,,,
backward gear,,,倒档齿轮;倒退装置,,,,,0,0,,,
backward glance,,,向后看；回顾,,,,,0,0,,,
backward going,,,倒退,,,,,0,0,,,
backward hand spring,,,手后翻,,,,,0,0,,,
backward haulage,,,逆向牵引,,,,,0,0,,,
backward heart failure,,,逆行性心衰竭,,,,,0,0,,,
backward heart-failure,,,[医] 后向性心力衰竭,,,,,0,0,,,
backward hold,,,反向锁定,,,,,0,0,,,
backward impedance,,,[计] 反向阻抗,,,,,0,0,,,
backward in,,,迟缓；畏缩；忽视,,,,,0,0,,,
backward in coming forward,,,[口语]羞怯畏缩的，退缩不前的，逡巡不前的；害羞的，腼腆的,,,,,0,0,,,
Backward in management,,,[网络] 管理落后,,,,,0,0,,,
backward inclination,,,后倾角,,,,,0,0,,,
backward inclined blade,,,后倾叶片,,,,,0,0,,,
backward inclined type of impeller,,,后弯式叶轮,,,,,0,0,,,
backward index,,,后退指数,,,,,0,0,,,
backward index number,,,后向指数,,,,,0,0,,,
backward indicator bit,,,返回指示位,,,,,0,0,,,
backward induction,,,[网络] 逆向归纳法；倒推法；回溯法,,,,,0,0,,,
backward inductions,,,向后归纳,,,,,0,0,,,
backward inference,,,逆向推理,,,,,0,0,,,
backward integration,,,[经] 向后兼并,,,,,0,0,,,
backward interpolation,,,[计] 后向插值,,,,,0,0,,,
backward interpolation formula,,,后向插值公式,,,,,0,0,,,
backward ionospheric scatter,,,反向电离层散射,,,,,0,0,,,
backward jet,,,反向射流,,,,,0,0,,,
backward jump,,,向后跃步,,,,,0,0,,,
backward LAN channel,,,反向局域网信道,,,,,0,0,,,
backward lead,,,(电刷)后移(与旋转方向相反),,,,,0,0,,,
backward leaning blade,,,后倾叶片,,,,,0,0,,,
backward leaning vane,,,后弯叶片,,,,,0,0,,,
backward learning,,,[计] 反向学习,,,,,0,0,,,
backward learning algorithm,,,后向学习演算法,,,,,0,0,,,
backward letter,,,赔偿保证书,,,,,0,0,,,
backward link,,,反向链接,,,,,0,0,,,
backward link field,,,[计] 反向连接字段,,,,,0,0,,,
backward link pointer,,,[计] 反向连接指示字,,,,,0,0,,,
backward linkage,,,[经] 向后连系率,,,,,0,0,,,
backward linkage coefficient,,,向后关联系数,,,,,0,0,,,
backward linkage effect,,,向后连系效应,,,,,0,0,,,
backward lobe,,,反向瓣,,,,,0,0,,,
backward looking,,,adj. 开倒车的；退缩的\n[网络] 向后看；后顾型；后顾预期,,,,,0,0,,,
backward lunge,,,后撤弓箭步闪躲,,,,,0,0,,,
backward magnetic tape,,,反向磁带,,,,,0,0,,,
backward mapping,,,UPS变换,,,,,0,0,,,
backward masking,,,反向掩蔽,,,,,0,0,,,
backward motion,,,倒退,,,,,0,0,,,
backward motion vector,,,反向移动向量,,,,,0,0,,,
backward movement,ˈbækwəd ˈmu:vmənt,, 反向运动,,,,,0,0,,,
backward moving average,,,后向移动平均,,,,,0,0,,,
backward moving average representation,,,后向移动平均表示,,,,,0,0,,,
backward one frame,,,退一格,,,,,0,0,,,
backward operator,,,落后运算元,,,,,0,0,,,
backward option,,,"[计] 反向选择, 后向选择",,,,,0,0,,,
backward parabolic equation,,,后向抛物(型)方 程,,,,,0,0,,,
backward pass,,,un. 偶数道次\n[网络] 逆推法；向后传球；逆推计算法,,,,,0,0,,,
backward path,,,[计] 回程通路,,,,,0,0,,,
backward pawn,,,un. 落后兵,,,,,0,0,,,
backward pawns,,,[网络] 落后的典当,,,,,0,0,,,
backward phase component,,,反向相分量,,,,,0,0,,,
backward photodiode,,,反向光电二极管,,,,,0,0,,,
backward pig,,,发育不良的仔猪,,,,,0,0,,,
backward pivot,,,后转身,,,,,0,0,,,
backward pointer,,,"[计] 反向指针, 反向指示字",,,,,0,0,,,
backward polyphase sort,,,[计] 反和多相分类,,,,,0,0,,,
backward position,,,反转位置;回程位置,,,,,0,0,,,
backward power,,,反向功率,,,,,0,0,,,
backward prediction,,,反向预测,,,,,0,0,,,
backward pressure,,,"[医] 反压, 回压",,,,,0,0,,,
backward probability,,,反向机率,,,,,0,0,,,
backward process,,,向后过程,,,,,0,0,,,
backward processing,,,[计] 反向处理,,,,,0,0,,,
backward production system,,,[计] 逆向产生式系统,,,,,0,0,,,
backward production system for robot problem solving,,,[自] 关于机器人问题求解的逆向产生式系统,,,,,0,0,,,
backward progression,,,[医] 后退,,,,,0,0,,,
backward progression lap winding,,,行叠绕组,,,,,0,0,,,
backward progression winding,,,行绕组,,,,,0,0,,,
backward propagation ionospheric scatter,,,反向传播电离层散射,,,,,0,0,,,
backward pruning procedure,,,[计] 反向修剪过程,,,,,0,0,,,
backward pull,,,后张力,,,,,0,0,,,
backward radiation,,,反向辐射,,,,,0,0,,,
backward ray cone,,,后向射线锥,,,,,0,0,,,
backward reachability,,,向后可达性,,,,,0,0,,,
backward reaction,,,[化] 逆向反应,,,,,0,0,,,
backward read,,,[计] 反读,,,,,0,0,,,
backward reading,,,"[计] 反读, 反向读出",,,,,0,0,,,
backward reasoning,,,"[计] 向后推理, 反向推理\n[化] 反向推理",,,,,0,0,,,
backward recovery,,,"[计] 逆向恢复, 向后恢复",,,,,0,0,,,
backward recovery time,,,反向恢复时间,,,,,0,0,,,
backward reference,,,[计] 向后引用,,,,,0,0,,,
backward referencing,,,反向引用,,,,,0,0,,,
backward region,,,"落后地区,不发达地区",,,,,0,0,,,
backward repositioning,,,反向再定位,,,,,0,0,,,
backward resistance,,,反向电阻,,,,,0,0,,,
backward resorption,,,[医] 向后吸收,,,,,0,0,,,
backward reversal,,,后软翻,,,,,0,0,,,
backward robot problem solving system,,,反向机器人问题求解系统,,,,,0,0,,,
backward round-the-world echo,,,[物] 反向环球回波,,,,,0,0,,,
backward rule,,,反向规则,,,,,0,0,,,
backward running,,,反转,,,,,0,0,,,
backward running torque converter,,,反转液力变矩器,,,,,0,0,,,
backward scan technique,,,[计] 反向扫描法,,,,,0,0,,,
backward scatter,,,反散射,,,,,0,0,,,
backward scatter propagation,,,后向散射传播,,,,,0,0,,,
backward scatterance,,,后向散射率,,,,,0,0,,,
backward scattering,,,[化] 向后散射,,,,,0,0,,,
backward scheduling,,,[计] 向后调度,,,,,0,0,,,
Backward Search,,,反向搜索,,,,,0,0,,,
backward search for beginning of program,,,逆向搜寻程式端始,,,,,0,0,,,
backward search for block number,,,[计] 反向检查成组传送号,,,,,0,0,,,
backward search for particular data,,,逆向搜寻特定数据,,,,,0,0,,,
backward search for program alignment function,,,逆向搜寻程式对准机能,,,,,0,0,,,
backward season,,,迟缓的季节，姗姗来迟的季节,,,,,0,0,,,
backward selection model,,,后向剔除模型,,,,,0,0,,,
backward sequence,,,逆序(矢量),,,,,0,0,,,
backward sequence number,,,反向序列号码,,,,,0,0,,,
backward set,,,背传,,,,,0,0,,,
backward set-up,,,[计] 反向建立,,,,,0,0,,,
backward shift,,,[电] 后移位,,,,,0,0,,,
backward shift operator,,,[计] 后移算子,,,,,0,0,,,
backward shifting,,,逆转嫁,,,,,0,0,,,
backward ship,,,[网络] 后退船,,,,,0,0,,,
backward sight,,,后视,,,,,0,0,,,
backward signal,,,返回信号,,,,,0,0,,,
backward signaling path,,,反向发信号路径,,,,,0,0,,,
backward signalling,,,回铃信号,,,,,0,0,,,
backward signalling path,,,[通信] 回程信号通路,,,,,0,0,,,
backward slash,,,[网络] 反向斜线运算符；右除；反斜线符号,,,,,0,0,,,
backward slip,,,后滑,,,,,0,0,,,
backward sloping supply curve,,,向后倾斜供给线，呈后供给曲线,,,,,0,0,,,
backward somersault,ˈbækwəd ˈsʌmɚˌsɔlt,, 后空翻,,,,,0,0,,,
backward somersault with two twists,,,后空翻加转体两次,,,,,0,0,,,
backward spatial harmonic,,,反向空间谐波,,,,,0,0,,,
backward speed,,,后飞速率,,,,,0,0,,,
backward spinning,,,反旋压,,,,,0,0,,,
backward spinning pressure,,,[机] 反旋压,,,,,0,0,,,
backward spring,,,复位弹簧;延缓弹簧,,,,,0,0,,,
backward stability,,,[电子] 反向稳定性,,,,,0,0,,,
backward stagger,,,后向斜罩,,,,,0,0,,,
backward station method,,,反向测点法,,,,,0,0,,,
backward step,,,[网络] 后退步；倒放一格；步法内收的准备动作,,,,,0,0,,,
backward steps,,,回代过程,,,,,0,0,,,
backward stick action,,,拉杆动作,,,,,0,0,,,
backward stitch,,,[服装] 倒缝线迹,,,,,0,0,,,
backward stroke,,,[机] 向后冲程,,,,,0,0,,,
backward stroke of the piston,,,活塞回程,,,,,0,0,,,
backward substitution,,,后退代入,,,,,0,0,,,
backward substitution technique,,,逆向代入法,,,,,0,0,,,
backward supervision,,,[计] 反向监控,,,,,0,0,,,
backward supervision path,,,[计] 回程信号通路,,,,,0,0,,,
backward sweep,,,后掠角,,,,,0,0,,,
backward swept vane,,,反弯式叶片,,,,,0,0,,,
backward swinging,,,后转式尾门,,,,,0,0,,,
backward swinging gangway,,,后转式尾门,,,,,0,0,,,
backward take,,,倒拍,,,,,0,0,,,
backward tape wind,,,[计] 纸带反绕,,,,,0,0,,,
backward tension,,,反张力,,,,,0,0,,,
backward test channel,,,[通信] 反向试验信道,,,,,0,0,,,
backward thrust,,,反推力,,,,,0,0,,,
backward tilt,,,后倾角,,,,,0,0,,,
backward torque,,,反向转矩,,,,,0,0,,,
backward tracing,,,"[计] 向后追踪, 自下而上追踪, 倒逆追踪",,,,,0,0,,,
backward transfer,,,反向转移,,,,,0,0,,,
backward transfer admittance,,,反向转移导纳,,,,,0,0,,,
backward transfer characteristic,,,反向传输[转移]特性,,,,,0,0,,,
backward transter character,,,反向传输特性,,,,,0,0,,,
backward travel,,,后退行程,,,,,0,0,,,
backward traveling wave,,,[电子] 反向行波,,,,,0,0,,,
backward type,,,[计] 后向型,,,,,0,0,,,
backward unloading elevator,,,后卸升运器,,,,,0,0,,,
backward vane,,,反向叶片,,,,,0,0,,,
backward vertical integration,,,向后垂直整合,,,,,0,0,,,
backward vision,,,后视,,,,,0,0,,,
backward voltage,,,[计] 反向电压,,,,,0,0,,,
backward wave,,,[电] 逆波,,,,,0,0,,,
backward wave amplifier,,,回波[逆行]放大器,,,,,0,0,,,
backward wave in traffic flow,,,车流返回波,,,,,0,0,,,
backward wave magnetron,,,返波式磁控管,,,,,0,0,,,
backward wave oscillation,,,反向波振盪,,,,,0,0,,,
backward wave oscillator,,,[电] 逆波振荡器,,,,,0,0,,,
backward wave oscillator tube,,,返波振荡管,,,,,0,0,,,
backward wave oscillator(carcinotron),,,逆波振盪器,,,,,0,0,,,
backward wave oscillators,,,反向波振盪器,,,,,0,0,,,
backward wave parametric amplifier,,,回波参量放大器,,,,,0,0,,,
backward wave transmission,,,逆向波之传递,,,,,0,0,,,
backward wave tube,,,[电] 道波管,,,,,0,0,,,
backward wave tubes,,,反向波管,,,,,0,0,,,
backward wavefront,,,[物] 反向波前,,,,,0,0,,,
backward welding,,,后倾焊;后退焊;向右焊,,,,,0,0,,,
backward-acting decoder,,,后向解码器,,,,,0,0,,,
backward-acting regulator,,,向作用式调制器,,,,,0,0,,,
backward-action regulator,,,[电] 逆向作用调整器,,,,,0,0,,,
backward-and-forward bending test,,,un. 反复弯曲试验,,,,,0,0,,,
backward-bending curves,,,后弯曲线,,,,,0,0,,,
backward-bias,,,[电] 逆向偏压,,,,,0,0,,,
backward-bladed aerodynamic fan,,,后弯叶片风机,,,,,0,0,,,
backward-bladed impeller,,,[化] 后弯叶轮; 后弯叶片叶轮,,,,,0,0,,,
backward-compatible,,,adj. 反向兼容，逆向相容,,,,,0,0,,,
backward-curved blade fan,,,后向曲叶式风机,,,,,0,0,,,
backward-curved vane,,,后弯叶片,,,,,0,0,,,
backward-curved-blade fan,ˈbækwəd kə:vd bled fæn,,n. 后向曲叶式风机,,,,,0,0,,,
backward-difference,,,[数] 后向差分\n后退差值,,,,,0,0,,,
backward-differnece formula,,,反向差分公式,,,,,0,0,,,
backward-facing,,,后向,,,,,0,0,,,
backward-facing seat,,,后向座,,,,,0,0,,,
backward-feed,,,un. 逆流送料；反向进刀；逆流加料\n[网络] 倒退进给；反进给；逆向进料,,,,,0,0,,,
backward-field impedance,,,向[磁场]阻抗,,,,,0,0,,,
backward-field torque,,,向转矩，负序转矩,,,,,0,0,,,
backward-flow,,,逆流,,,,,0,0,,,
backward-forward counter,,,[计] 双向计数器; 正反向计算器,,,,,0,0,,,
backward-gear,,,un. 倒退装置\n[网络] 倒挡齿轮；倒档齿轮；倒退机构,,,,,0,0,,,
backward-inclined blade,,,[机] 后向直叶片,,,,,0,0,,,
backward-looking,ˈbækwəd ˈlukiŋ,,a. 回顾过去的; 保守的; 退缩的; 向后看的,j:100,,,,0,0,0:backward-look/1:i,,
backward-order reactance,,,序电抗,,,,,0,0,,,
backward-rotating field,,,向旋转磁场,,,,,0,0,,,
backward-rotating wave,,,向旋转波,,,,,0,0,,,
backward-running,,,un. 倒车；倒转\n[网络] 反转；倒车运行；倒退跑,,,,,0,0,,,
backward-search algorithm,,,后向搜寻演算法,,,,,0,0,,,
backward-sloping letter,,,斜体字,,,,,0,0,,,
backward-sloping supply curve,,,向后倾斜供给曲线,,,,,0,0,,,
backward-stroke,,,[动力] 返回冲程,,,,,0,0,,,
backward-surging,'bækwəds'ɜːdʒɪŋ,,adj.逆涌；后涌,,,,,0,0,,,
backward-tilting trough,,,后倾槽,,,,,0,0,,,
backward-transfer signal,,,占线回声信号,,,,,0,0,,,
backward-wave,,,反向波,,,,,0,0,,,
backward-wave converter,,,波变频管,,,,,0,0,,,
backward-wave crossed-field amplifier,,,反向波正交场放大管;返波正交场放大管,,,,,0,0,,,
backward-wave magneteon,,,[电] 回波磁控管,,,,,0,0,,,
backward-wave magnetron,,,返波式磁控管;回波磁控管,,,,,0,0,,,
backward-wave oscillation,,,返波振荡,,,,,0,0,,,
backward-wave oscillator,,,[电] 回波振荡器,,,,,0,0,,,
backward-wave oscillator(bwo),,,反向波振盪器,,,,,0,0,,,
backward-wave parametric amplifier,,,反射波参量放大器,,,,,0,0,,,
backward-wave power amplifier,,,[电子] 回波功率放大器,,,,,0,0,,,
backward-wave tube,,,[电] 回波管,,,,,0,0,,,
backward-wave tube amplifier,,,[电子] 返波管放大器,,,,,0,0,,,
backward-wave tube oscillator,,,[电子] 返波管振荡器,,,,,0,0,,,
backwardation,.bækwә'deiʃәn,"n. The seller's postponement of delivery of stock or\n   shares, with the consent of the buyer, upon payment of a premium to the\n   latter; -- also, the premium so paid. See Contango.",n. 延期交割费\n[经] (证券)交割延期费,,,,,0,0,s:backwardations,,
backwardation contango,,,交割延期费,,,,,0,0,,,
backwardations,bækwə'deɪʃ(ə)n,,n. 交割延期费；[贸易] 现货溢价,,,,,0,0,0:backwardation/1:s,,
backwarder,'bækwəd,,"backward\n['bækwəd]\nadv.\n= backwards\nadj.\n(时间、空间方面)向后的，过去的\n反向的，倒的\n返回的，回原处的\n晚的，来迟的\n背部在先的\n(发展)迟缓的，缓慢的，进步慢的；落后的；(智力上)迟钝的；愚钝的\n迟疑的，犹豫的\n腼腆的，羞怯的，害羞的，忸怩的\n【棋戏】(兵)落后的\nn.\n[诗歌用语]\n(时间的)已逝部分\n后面部分\n短语:\nbackward and forward\n= backwards and forwards\n[见 backwards]\nbackward in coming forward\n[口语]羞怯畏缩的，退缩不前的，逡巡不前的；害羞的，腼腆的\nbend(或fall, lean) over backward\n= bend(或fall， lean) over backwards [见 backwards]\nknow something backward\n= know something backwards [见 backwards]",,,,,0,0,,,
backwardization,,,延期交割金,,,,,0,0,,,
backwardly,,adv. Reluctantly; slowly; aversely.\nadv. Perversely; ill.,"adv. (无比较级)向后, 相反, 倒, 回顾, 倒向, 落后, 进展缓慢, 迟疑, 智力差, 畏缩",,,,,0,0,,,
backwardness,,n lack of normal development of intellectual capacities,"n. (无比较级)向后, 相反, 倒, 回顾, 倒向, 落后, 进展缓慢, 迟疑, 智力差, 畏缩\n[医] 精神[发育]迟缓",n:100,,,,23144,22947,s:backwardnesses,,
backwardnesses,'bækwɚdnəs,,n. 落后；迟疑；畏缩；腼腆,,,,,0,0,0:backwardness/1:s,,
backwards,'bækwәdz,r at or to or toward the back or rear\nr in a manner or order or direction the reverse of normal,adv. 向后,r:100,2,1,,3801,6719,,,
backwards and forwards,,,来回地,,,,,0,0,,,
backwards compatibility,,,向下相容,,,,,0,0,,,
backwards compatible,ˈbækwərdz kəmˈpætəbəl,, 向后兼容,,,,,0,0,,,
backwards compliment,,,[网络] 向后恭维,,,,,0,0,,,
backwards learning,,,反查法,,,,,0,0,,,
backwards roll,,,[网络] 向后滚动,,,,,0,0,,,
backwards rolls,,,[网络] 向后滚动,,,,,0,0,,,
backwards-compatibility,,,[网络] 后向兼容性,,,,,0,0,,,
backwards-compatible,,,adj. 向后兼容的；兼容旧系统（或机器、程序）的,,,,,0,0,,,
backwardsness,,,[网络] 落后,,,,,0,0,,,
backwash,'bækwɒʃ,n the flow of air that is driven backwards by an aircraft propeller\nn the consequences of an event (especially a catastrophic event)\nn the wave that spreads behind a boat as it moves forward,"n. (划桨引起的)反流, 激流区, 反响\n[机] 逆吹",n:100,,,,35300,29254,s:backwashes,,
backwash cascade,,,反洗串级,,,,,0,0,,,
backwash controller,,,[化] 返洗液控制器,,,,,0,0,,,
backwash effect,,,出口畸形发展效应;反溅效果,,,,,0,0,,,
backwash expansion,,,洗膨胀,,,,,0,0,,,
backwash extractor,,,[化工] 回萃器,,,,,0,0,,,
backwash isotherm,,,反萃取等温线,,,,,0,0,,,
backwash limit,,,反冲界线,,,,,0,0,,,
backwash liquor,,,反洗液,,,,,0,0,,,
backwash mark,,,回流痕,,,,,0,0,,,
backwash marks,,,[网络] 退水浪花痕,,,,,0,0,,,
backwash procedure,,,反洗规程,,,,,0,0,,,
backwash pump,,,[网络] 回流泵,,,,,0,0,,,
backwash rate,,,冲洗强度,,,,,0,0,,,
backwash reflection,,,艉流反射,,,,,0,0,,,
backwash return pump,,,反冲洗循环泵,,,,,0,0,,,
backwash ripple mark,,,回流波痕,,,,,0,0,,,
backwash tank,,,反冲洗水罐,,,,,0,0,,,
backwash valve,,,反冲洗阀,,,,,0,0,,,
backwash waste outlet,,,返洗液废水出口,,,,,0,0,,,
backwash water,,,[化] 回洗水,,,,,0,0,,,
backwash water connection,,,洗水连接装置,,,,,0,0,,,
backwash water gutter,,,反洗排水槽,,,,,0,0,,,
backwash-regeneration cycle,,,反冲洗再生循环,,,,,0,0,,,
backwashed,,past tense of backwash\nn the flow of air that is driven backwards by an aircraft propeller\nn the consequences of an event (especially a catastrophic event)\nn the wave that spreads behind a boat as it moves forward,"(backwash 的过去时) n. (划桨引起的)反流, 激流区, 反响\n[机] 逆吹",,,,,0,0,0:backwash/1:p,,
backwasher,,,[机] 梳毛纺纱之间洗净工作,,,,,0,0,,,
backwashers,,,洗毛机,,,,,0,0,,,
backwashes,'bæk.wɒʃ,,na. 回浪；逆流；反动；反响\n[网络] 反冲洗；反洗；回流,,,,,0,0,0:backwash/1:s,,
backwashing,,-ing form of backwash\nn the flow of air that is driven backwards by an aircraft propeller\nn the consequences of an event (especially a catastrophic event)\nn the wave that spreads behind a boat as it moves forward,"(backwash 的现在分词) n. (划桨引起的)反流, 激流区, 反响\n[机] 逆吹",,,,,0,0,0:backwash/1:i/s:backwashings,,
backwashing filter,,,反洗滤池,,,,,0,0,,,
backwashing rate,,,反洗速率,,,,,0,0,,,
backwashings,,,回洗液,,,,,0,0,0:backwashing/1:s,,
backwasting,,,"坡退作用，冰前消退作用, 后退崩坏",,,,,0,0,,,
backwater,'bæk.wɒ:tә,n. a body of water that was created by a flood or tide or by being held or forced back by a dam\nn. a place or condition in which no development or progress is occurring,"n. 死水, 滞水, 停滞, 回水",n:100,1,,gre,19038,15628,s:backwaters,,
backwater area,,,回水面积;回水区,,,,,0,0,,,
backwater curve,,,回水曲线,,,,,0,0,,,
backwater effect,,,回水影响;回水作用,,,,,0,0,,,
backwater effect of flood,,,洪水顶托,,,,,0,0,,,
backwater end of,,,终点,,,,,0,0,,,
backwater envelope curve,,,回水包络曲线,,,,,0,0,,,
backwater formula,,,回水公式,,,,,0,0,,,
backwater from ice jam,,,冰壅回水,,,,,0,0,,,
backwater function,,,回水函数,,,,,0,0,,,
backwater gate,,,逆流防止门;挡水闸门;防倒灌闸门,,,,,0,0,,,
backwater head,,,回水头,,,,,0,0,,,
backwater height in front of bridge,,,桥前壅水高度,,,,,0,0,,,
backwater length,,,回水长度,,,,,0,0,,,
backwater length of,,,长度,,,,,0,0,,,
backwater level,,,回水高程,,,,,0,0,,,
backwater limit,,,回水极限;回水界限,,,,,0,0,,,
backwater of reservoir,,,水库回水,,,,,0,0,,,
backwater on,,,后退，退却；撤回,,,,,0,0,,,
backwater profile,,,[水文] 回水曲线,,,,,0,0,,,
backwater pump,,,水泵,,,,,0,0,,,
Backwater Reservoir,,,[地名] 巴克沃特水库 ( 英 ),,,,,0,0,,,
backwater silting,,,回水区淤积,,,,,0,0,,,
backwater slope,,,回水坡度,,,,,0,0,,,
backwater space,,,后储水空间,,,,,0,0,,,
backwater storage,,,壅水库容,,,,,0,0,,,
backwater suppressor,,,回水制止设备,,,,,0,0,,,
backwater trap,,,回水存水弯,,,,,0,0,,,
backwater valve,,,【建筑学】回水阀[亦称作 backflow valve],,,,,0,0,,,
backwater zone,,,回水区,,,,,0,0,,,
backwatered,'bækwɔːtə,,n. 回水；死水；停滞不进的状态或地方,,,,,0,0,,,
backwatergate,,,un. 回水闸；挡水闸门；逆流防止门；逆止阀,,,,,0,0,,,
backwatering,'bækwɔːtə,,n. 回水；死水；停滞不进的状态或地方,,,,,0,0,,,
backwaterish,,,[网络] 回水,,,,,0,0,,,
backwaters,ˈbækwɔ:təz,n. a body of water that was created by a flood or tide or by being held or forced back by a dam\nn. a place or condition in which no development or progress is occurring,n. 死水( backwater的复数形式 ); 滞水; 闭塞的地方; 不受外界事件或新思想影响的地方,,,,,0,0,0:backwater/1:s,,
backwave,,,n. 背浪；反向波\n[网络] 回波；反射波；反射回波,,,,,0,0,,,
backway,,,后退距离,,,,,0,0,,,
backways,,,[网络] 艺魂的滥愁,,,,,0,0,,,
backwearing,,,使陡崖[山坡]后退而不改变它的倾斜度的侵蚀,,,,,0,0,,,
backweathering,,,山坡后退风化，退蚀,,,,,0,0,,,
BackWeb,,,[网络] 信息平台,,,,,0,0,,,
backweight,,,[网络] 后重；平衡锤；平衡重,,,,,0,0,,,
backweight method,,,[网络] 锤回单杆吊货法,,,,,0,0,,,
backweld,,,背焊缝,,,,,0,0,,,
Backwell,,,[地名] 巴克韦尔 ( 英 ),,,,,0,0,,,
backwind,,,回绕; 倒片,,,,,0,0,,,
backwinded,,,n. 倒卷；回绕；倒带\n[网络] 逆风；倒片；回风谷,,,,,0,0,,,
backwinder key,,,回卷钥匙,,,,,0,0,,,
backwinding,,,n. 倒卷；回绕；倒带\n[网络] 不受风的帆；倒线,,,,,0,0,,,
backwinds,,,n. 倒卷；回绕；倒带\n[网络] 逆风；倒片；回风谷,,,,,0,0,,,
backwood,'bækwjd,,"n. 未开垦地, (偏僻的森林地带)",,,,,34586,0,s:backwoods,,
backwoodish,,,[网络] 背硬,,,,,0,0,,,
backwoods,'bækwudz,n. a remote and undeveloped area,n. 未开垦地,,,,,0,0,0:backwood/1:s/s:backwoodss,,
backwoodsman,'bækwudzmәn,n a man who lives on the frontier,n. 住在边远地区的人,,,,,0,0,s:backwoodsmen,,
backwoodsmen,,pl.  of Backwoodsman,"n. 极少参加投票的上议院议员, 很少参加政治活动的上议院议员( backwoodsman的名词复数 ); 边远落后地区的居民",,,,,0,0,0:backwoodsman/1:s,,
backwoodss,'bækwʊdz,,"backwoods\n['bækwudz]\nn.\n[复数，动词偶用单数][主美国、加拿大英语]\n边远的森林地带，边远蛮荒林区\n(人烟稀少、文化落后的)边远地区，边远(文化)落后地区\nadj.\n在(或来自)森林地带(或边远地区)的，边远蛮荒林区的\n边远(文化)落后地区的\n粗野的;蛮荒的;不懂世故的[亦作 backwood,backwoodsy]",,,,,0,0,0:backwoods/1:s,,
backwoodsy,"'bæk,wjdzi",,"乡土气的, 粗野的",,,,,0,0,,,
backword,bæk kɔ:d,,[网络] 实时翻译；反向淘汰法；即指即译的翻译扩展,,,,,0,0,,,
backword wave amplifier tube,,,[电子] 返波放大管,,,,,0,0,,,
backwords,'bækwədz,,[网络] 复选框,,,,,0,0,,,
backwork,'bækwɜ:k,, 辅助工作,,,,,0,0,,,
backworm,,,[网络] 回虫,,,,,0,0,,,
Backworth,,,[地名] 巴克沃思 ( 英 ),,,,,0,0,,,
backwound,,,[网络] 后背伤痕,,,,,0,0,,,
backwounding,"'bæk,wu:ndiŋ",,adj. [古语]背后中伤的，暗箭伤人的,,,,,0,0,,,
backwrap,'bækræp,,n. 背部装拉链的套衫(或裙子),,,,,0,0,,,
backy,,,[网络] 君；小树；后池塘,,,,,0,0,,,
backyard,'bæk'jɑ:d,n. the grounds in back of a house,"n. 后院, 后庭",n:100,1,,,14656,4387,s:backyards,,
backyard cricket,,,[网络] 后院板球,,,,,0,0,,,
backyard poultry raising,,,家庭养鸡,,,,,0,0,,,
backyarder,'bæk'jɑ:də,,n. [口语]；在自家后院(或小规模)饲养家禽的人；被饲养在后院的家禽,,,,,0,0,,,
backyarders,'bæk'jɑ:də,,n. [口语]；在自家后院(或小规模)饲养家禽的人,,,,,0,0,,,
backyardism,'bæk'jɑ:dizəm,,n. (强国尤指美国对邻近弱国推行的)限制后院民族独立性的外交政策；后院主义(指一个经济大国对其邻近小国的影响),,,,,0,0,,,
backyards,'bækjɑ:dz,n. the grounds in back of a house,n. <美>（屋后有草皮的）后院( backyard的复数形式 ); 后花园; <美>被看作自家后院一般的地方; 邻近地区,,,,,0,0,0:backyard/1:s,,
bacl,,,[网络] 氯化钡；氯化钡是；倍科,,,,,0,0,s:bacls,,
BACL2,,,[=barium chloride]氯化钡,,,,,0,0,,,
baclava,,, = baklava,,,,,0,0,,,
baclavas,"bɑ:'klə,vɑ:",,n.\n= baklava,,,,,0,0,,,
bacliff,,,[网络] 巴克利夫,,,,,0,0,,,
baclofen,,,[化] 巴氯芬; 氯苯氨丁酸,,,,,0,0,,,
baclomethasone,,,贝可皮质醇,,,,,0,0,,,
Baclon,,,"巴氯芬,力奥来素,氯苯氨丁酸,贝康芬和路行,氯苯氨酪酸",,,,,0,0,,,
Baclophen,,,对氯苯基氨基丁酸,,,,,0,0,,,
bacls,,,[网络] 普通学士学位,,,,,0,0,0:bacl/1:s,,
BACM-B,,,[=aclacinomycin B]阿克拉希霉素,,,,,0,0,,,
bacmecillinam,,,[网络] 巴美西林；倍美西林；病菌体,,,,,0,0,,,
bacmicetin,,,贝友菌素,,,,,0,0,,,
bacmid,,,[网络] 杆粒；重组杆状病毒穿梭质粒；穿梭载体,,,,,0,0,,,
bacmids,,,杆粒,,,,,0,0,,,
bacn,,,[网络] 战场机载通信节点；培根邮件；战场空中通信节点,,,,,0,0,,,
bacne,,,[网络] 背面,,,,,0,0,,,
bacnes,,,[网络] bac,,,,,0,0,,,
BACnet,,,楼字自动化与控制网络,,,,,0,0,,,
Bacnotan,,,[地名] 巴克诺坦 ( 菲 ),,,,,0,0,,,
baco,,,n. (Baco)人名；(塞、斯洛)巴措；(英、法、西)巴科,,,,,0,0,,,
"Baco, Mt.",,,[地名] 巴科山 ( 菲 ),,,,,0,0,,,
Bacoachi,,,[地名] 巴科阿奇 ( 墨 ),,,,,0,0,,,
Bacobampo,,,巴科班波,,,,,0,0,,,
BACOD,,,"[=bleomycin,Adriamycin,Cytoxan,Oncovin,dexamethasone(Decadron)]博莱霉素、阿霉素、环磷酰胺、长春新碱、地塞米松",,,,,0,0,,,
Bacoli,,,[地名] 巴科利 ( 意 ),,,,,0,0,,,
Bacolod,bɑ:'kəulɔd,,n. 巴科洛德（菲律宾港市）,,,,,0,0,,,
Bacolor,,,巴科罗,,,,,0,0,,,
bacon,'beikәn,n. back and sides of a hog salted and dried or smoked; usually sliced thin and fried\nn. English scientist and Franciscan monk who stressed the importance of experimentation; first showed that air is required for combustion and first used lenses to correct vision (1220-1292)\nn. English statesman and philosopher; precursor of British empiricism; advocated inductive reasoning (1561-1626),n. 熏猪肉\n[机] 腌肉,n:100,2,,gk cet6 ky ielts,6093,6412,s:bacons,,
"Bacon 1 ,Francis",'beikən,,培根(1561～1626，英国哲学家、散文家、政治家、英语语言大师，英国唯物主义和实验科学的创始人),,,,,0,0,,,
"Bacon 2,Francis",,,培根(1909～，英国超现实主义画家),,,,,0,0,,,
bacon and eggs,,,熏肉蛋,,,,,0,0,s:bacon and eggss,,
bacon and eggss,,,熏肉蛋\n(bacon and eggs 的复数),,,,,0,0,0:bacon and eggs/1:s,,
bacon beetle,,,un. 〔渔〕鲞蠹\n[网络] 腊肉虫,,,,,0,0,,,
bacon beetles,,,[网络] 培根甲虫,,,,,0,0,,,
bacon belly,,,"五花肉,奶脯",,,,,0,0,,,
bacon butty,,,[网络] 培根屁股,,,,,0,0,,,
bacon cheeseburger,ˈbeikən ˈtʃi:zbə:ɡə,, 腊肉奶酪汉堡包,,,,,0,0,,,
bacon comb,,,腌肉挂钩,,,,,0,0,,,
Bacon fuel cell,,,培根燃料电池,,,,,0,0,,,
bacon hog,,,= bacon pig,,,,,0,0,,,
bacon hogs,,,瘦肉型猪,,,,,0,0,,,
bacon pig,,,腊肉(或熏咸肉)用猪[亦作 bacon hog],,,,,0,0,,,
bacon presser,,,腌肉压型机,,,,,0,0,,,
bacon rind,,,[网络] 培根皮,,,,,0,0,s:bacon rinds,,
bacon rinds,,,[网络] 培根皮\n(bacon rind 的复数),,,,,0,0,0:bacon rind/1:s,,
bacon rubber,,,[化] 烟片,,,,,0,0,,,
bacon slabs,,,"培根肉厚片,熏肉片",,,,,0,0,,,
bacon slicer,,,培根肉[熏肉]切片机,,,,,0,0,,,
bacon spleen,,,"[医] 火腿脾, 淀粉样脾",,,,,0,0,,,
bacon strip,,,[网络] 培根条,,,,,0,0,s:bacon strips,,
bacon strips,,,[网络] 煎咸肉条；主食；烤燻培垠,,,,,0,0,0:bacon strip/1:s,,
Bacon system,,,[计] Bacon系统,,,,,0,0,,,
bacon type,,,腌肉型,,,,,0,0,,,
Bacon type fuel cell,,,培根型燃料电池,,,,,0,0,,,
bacon wrapper,,,[机] 包腌肉纸,,,,,0,0,,,
bacon's,,,[网络] 培根,,,,,0,0,,,
Bacon's anoscope,,,[医] 培根氏肛门镜,,,,,0,0,,,
Bacon's Rebellion,,,【美国历史】(北美殖民地弗吉尼亚种植园主培根1676年率军反对詹姆斯敦总督的)培根反叛事件,,,,,0,0,,,
"Bacon, Francis",,,[网络] 培根；弗朗西斯·培根,,,,,0,0,,,
"Bacon, Henry",,,[网络] 培根,,,,,0,0,,,
"Bacon, John",,,[网络] 约翰·培根,,,,,0,0,,,
"Bacon,Henry",,,培根(1866～1924，美国建筑师),,,,,0,0,,,
"Bacon,Nathaniel",,,培根(1647～1676，生于英国的北美殖民地种植园，是1676年弗吉尼亚农民和种植园主反英起义的领导人),,,,,0,0,,,
"Bacon,Roger",,,培根(1214?～1294?，英国哲学家、科学家),,,,,0,0,,,
bacon-and-egg,,,[网络] 培根和鸡蛋；熏肉与蛋,,,,,0,0,,,
bacon-and-eggs,'beikənən'egz,,n. [单数复数同] = bird's-foot trefoil,,,,,0,0,,,
bacon-curing,,,un. 培根肉的腌制,,,,,0,0,s:bacon-curings,,
bacon-curings,,,un. 培根肉的腌制\n(bacon-curing 的复数),,,,,0,0,0:bacon-curing/1:s,,
bacon-faced,,,[网络] 培根面对,,,,,0,0,,,
bacon-fed,,,[网络] 培根喂养,,,,,0,0,,,
bacon-lettuce-tomato sandwich,,,[网络] 培根 - 生菜番茄三明治,,,,,0,0,s:bacon-lettuce-tomato sandwiches,,
bacon-lettuce-tomato sandwiches,,,[网络] 培根 - 生菜番茄三明治\n(bacon-lettuce-tomato sandwich 的复数),,,,,0,0,0:bacon-lettuce-tomato sandwich/1:s,,
bacon-slicer,,,un. 培根肉切片机\n[网络] 熏肉切片机；腌肉切片机；咸肉切片机,,,,,0,0,s:bacon-slicers,,
bacon-slicers,,,un. 培根肉切片机\n[网络] 熏肉切片机；腌肉切片机；咸肉切片机\n(bacon-slicer 的复数),,,,,0,0,0:bacon-slicer/1:s,,
baconburger,,,[网络] 熏肉汉堡包,,,,,0,0,,,
baconburgers,"'beikən,bə:gə",,n.\n熏肉汉堡包,,,,,0,0,,,
bacone,,,[网络] bac子,,,,,0,0,,,
baconed,'beɪk(ə)n,,n. 咸肉；腌肉；熏猪肉,,,,,0,0,,,
baconer,'beɪkənə,,"n. 猪, (尤指用作熏咸肉而饲养的)肉猪",,,,,0,0,s:baconers,,
baconers,,plural of baconer,"(baconer 的复数) n. 猪, (尤指用作熏咸肉而饲养的)肉猪",,,,,0,0,0:baconer/1:s,,
baconfield,,,[网络] 培根菲尔德,,,,,0,0,,,
bacongo,,,[网络] 巴刚果人；巴刚果区；巴贡果,,,,,0,0,,,
Baconian,bei'kәunjәn,"a. Of or pertaining to Lord Bacon, or to his system of\n   philosophy.","a. 培根哲学的, 归纳法的\nn. 培根主义者",j:100,,,,0,43554,,,
Baconian method,,,培根氏归纳法,,,,,0,0,,,
Baconian philosophy,,,培根氏哲学,,,,,0,0,,,
Baconian theory,,,莎士比亚作品实为培根托名所著说(或理论)，培根写剧说[参较 Oxford theory],,,,,0,0,,,
baconianism,"'beikə,nizəm",,n. Baconian的变形,,,,,0,0,,,
baconians,bei'kəunjən,,adj. 归纳的；培根哲学的\nn. 信仰培根哲学的人,,,,,0,0,,,
Baconism,,,n. 培根主义；培根派哲学；培根文体,,,,,0,0,,,
baconize,,,[网络] 养殖,,,,,0,0,,,
baconless,,,[网络] 无辜的,,,,,0,0,,,
baconlike,,,[网络] 培根式,,,,,0,0,,,
Baconn,,,"n. 法兰西斯.培根,罗哲尔.培根",,,,,0,0,,,
bacons,,plural of bacon\nn. back and sides of a hog salted and dried or smoked; usually sliced thin and fried\nn. English scientist and Franciscan monk who stressed the importance of experimentation; first showed that air is required for combustion and first used lenses to correct vision (1220-1292)\nn. English statesman and philosopher; precursor of British empiricism; advocated inductive reasoning (1561-1626),(bacon 的复数) n. 熏猪肉\n[机] 腌肉,,,,,0,0,0:bacon/1:s,,
Baconsthorpe,,,[地名] 培根斯索普 ( 英 ),,,,,0,0,,,
baconton,,, [地名] [美国] 培根顿,,,,,0,0,,,
bacony,ˊbeikәni,,"a. 燻肉一样的,脂肪质的",,,,,0,0,,,
bacony degeneration,,,[医] 淀粉样变性,,,,,0,0,,,
Bacoor,,,巴库尔,,,,,0,0,,,
BACOP,,,"[=bleomycin,Adriamycin(doxorubicin),cyclophosphamide,Oncovin(vincristine),and prednisone]博莱霉素、阿霉素、环磷酰胺、长春新碱及强的松",,,,,0,0,,,
bacopa,,,假马齿苋属,,,,,0,0,s:bacopas,,
bacopa carolineana,,,卡罗莱纳过长沙,,,,,0,0,,,
bacopa monnieri,,,过长沙；百克爬草,,,,,0,0,,,
bacopas,,,[网络] 杆菌,,,,,0,0,0:bacopa/1:s,,
Bacor,,,(耐火材料)巴科尔刚玉锆英石,,,,,0,0,,,
bacoside,,,[网络] 白花猪母菜苷；B详细；假马齿苋皂苷,,,,,0,0,,,
bacosides,,,[网络] 假马齿苋皂苷；假马齿苋皂硷；假马齿苋皂碱,,,,,0,0,,,
bacot,,,[网络] 家巴考；法国人巴克；巴柯,,,,,0,0,,,
bacote,,,[网络] 蛇木,,,,,0,0,,,
Bacovaz-protein,,,B-蛋白,,,,,0,0,,,
bacover,,,[网络] 恶作剧,,,,,0,0,,,
bacovers,,,[网络] 烤面包片,,,,,0,0,,,
bacow,,,[网络] 路不平；旧报纸；发条子,,,,,0,0,,,
BACP,25,,n.带宽分配控制协议,,,,,0,0,,,
bacpac,,,[网络] 逻辑备份；汇出；汇出档案,,,,,0,0,,,
bacquerel,,,贝克勒 (单位),,,,,0,0,,,
Bacqueville,,,巴克格维勒,,,,,0,0,,,
Bacqueville-en-Caux,,,[地名] 巴克维尔昂科 ( 法 ),,,,,0,0,,,
bacquier,,,[网络] 巴魁尔,,,,,0,0,,,
BACR,,,[=British Association for Cancer Research]英国癌症研究协会,,,,,0,0,,,
bacronym,,,[网络] 百科全书,,,,,0,0,,,
bacronyms,,,[网络] 棒棒影,,,,,0,0,,,
bacs,,"plural of bac\nn. A broad, flatbottomed ferryboat, usually worked by a rope.\nn. A vat or cistern. See 1st Back.",(bac 的复数) abbr. 二进制模拟转换（Binary-Analog Conversion）；（美国）波音飞机公司（Boeing Airplane Company）；英国飞机公司（British Aircraft Corporation）,,,,,0,0,0:bac/1:s,,
Bacs-Kiskun,,,"巴奇基斯昆, 巴奇基士肯",,,,,0,0,,,
bacs-kiskun megye,,,巴奇基斯昆州,,,,,0,0,,,
Bacsalmas,,,巴奇奥马士,,,,,0,0,,,
Bacsbokod,,,巴奇波科德,,,,,0,0,,,
Bacsborsod,,,巴奇波索德,,,,,0,0,,,
bacsik,,,[网络] 鲍奇克,,,,,0,0,,,
Bacsonian,,,[网络] 北山；北山文化,,,,,0,0,,,
bact,,,abbr. bacteria （复数）细菌; bacterium （单数）细菌; bacteriology 细菌学; bacteriological 细菌学的,,,,,0,0,,,
Bact.,,,[医] [无芽胞]杆菌属,,,,,0,0,,,
bactacin,,,"细菌,无芽胞杆菌",,,,,0,0,,,
bactacine,,,异冰片二甲酚,,,,,0,0,,,
bactaicide,,,杀细菌剂,,,,,0,0,,,
bactard,'bæktəd,,n. 白琥珀,,,,,0,0,,,
bactcriostat,,,制菌剂,,,,,0,0,,,
BACTEC,,,[=BACTEC NAP test]BACTEC NAP试验(细菌培养),,,,,0,0,,,
bactedology,,,[医] 农业细菌学,,,,,0,0,,,
bacteiolysin,,,溶菌素,,,,,0,0,,,
bactenecin,,,[网络] 生殖细菌,,,,,0,0,,,
bactenecins,,,[网络] 生殖细菌,,,,,0,0,,,
bacter (a)emic,bæktə'ri:mik,,adj. bacter(a)emia的变形,,,,,0,0,,,
bacter(a)emia,bæktə'ri:miə,,n. 【病理学】菌血症,,,,,0,0,,,
bacter(a)emically,bæktə'ri:mikəli,,adv. bacter(a)emia的变形,,,,,0,0,,,
bacter(I)oid,,,类细菌；类桿菌,,,,,0,0,,,
bacter-,'bæktə,,comb.form [有时用于元音字母前] = bacterio- 表示“细菌，细菌的”,,,,,0,0,,,
bacteraemia,,,n. 菌血症,,,,,0,0,s:bacteraemias,,
bacteraemias,bæktə'ri:miə,,n.\n【病理学】菌血症,,,,,0,0,0:bacteraemia/1:s,,
bacteral toxin,,,细菌毒素,,,,,0,0,,,
bacterascites,,,细菌腹水,,,,,0,0,,,
bactereemic,,,菌血的,,,,,0,0,,,
bacteremia,",bæktә'ri:miә",n. transient presence of bacteria (or other microorganisms) in the blood,n. 菌血症\n[医] 菌血症,n:100,,,,0,41752,s:bacteremias,,
bacteremias,",bæktə'rimɪə",,n. [内科] 菌血症,,,,,0,0,0:bacteremia/1:s,,
bacteremic,bæktə'ri:mɪk,a of or relating to or having bacteremia,a. 菌血症的,,,,,0,0,,,
bacteremic septicemia,,,"[医] 菌血性败血病, 细菌败血病",,,,,0,0,,,
bacteremic shock,,,菌血性休克,,,,,0,0,,,
bacteremically,,,adv. 菌血症地,,,,,0,0,,,
bactereochlorophyll,,,[机] 菌叶绿素,,,,,0,0,,,
bacteresulf,,,磺胺异恶唑,,,,,0,0,,,
bacteri(o)-,,,"细菌,菌,小杆,棒,杖",,,,,0,0,,,
bacteri(o)cide,,,杀菌剂,,,,,0,0,,,
bacteri(o)cidin,,,"杀[细]菌抗体, 杀菌素",,,,,0,0,,,
bacteri(o)cin,,,杀[细]菌素,,,,,0,0,,,
bacteri-,bæk'tiəri,," [医]细菌, 菌, 小杆, 棒, 杖",,,,,0,0,,,
bacteria,bæk'tiәriә,n. (microbiology) single-celled or noncellular spherical or spiral or rod-shaped organisms lacking chlorophyll that reproduce by fission; important as pathogens and for biochemical properties; taxonomy is difficult; often considered to be plants,"pl. 细菌\n[医] 细菌, [无芽胞]杆菌",n:100,2,1,cet4 cet6 toefl ielts gre,0,3611,0:bacterium/1:s/s:bacterias,,
bacteria action,,,细菌作用,,,,,0,0,,,
bacteria amylase,,,细菌淀粉,,,,,0,0,,,
bacteria anaerobic,,,厌气细菌 ; 嫌气菌,,,,,0,0,,,
bacteria attack,,,细菌侵害,,,,,0,0,,,
bacteria bearing,,,带菌的,,,,,0,0,,,
bacteria bed,bækˈtiəriə bed,, 生物滤池,,,,,0,0,s:bacteria beds,,
bacteria beds,,,菌膜过滤层,,,,,0,0,0:bacteria bed/1:s,,
bacteria carrier,,,[医] 带菌者,,,,,0,0,,,
bacteria colony,,,菌群,,,,,0,0,,,
bacteria colony counter,,,菌落计数器,,,,,0,0,,,
bacteria contamination,,,细菌污染,,,,,0,0,,,
bacteria content,,,细菌含量,,,,,0,0,,,
bacteria count,,,[医] 细胞计数,,,,,0,0,,,
bacteria counter,,,"数菌器, 菌落计数器",,,,,0,0,,,
bacteria counting apparatus,,,[医] 细菌计数器,,,,,0,0,,,
bacteria counting chamber,,,数菌盘,,,,,0,0,,,
bacteria domain,,,细菌域,,,,,0,0,,,
bacteria enter the root hair cell,,,细菌进入根毛细胞,,,,,0,0,,,
bacteria ether,,,醋醚,,,,,0,0,,,
bacteria families,,,[网络] 细菌家族\n(bacteria family 的复数),,,,,0,0,0:bacteria family/1:s,,
bacteria family,,,[网络] 细菌家族,,,,,0,0,s:bacteria families,,
bacteria filter,,,[机] 滤菌器,,,,,0,0,,,
bacteria free,,,无菌的,,,,,0,0,,,
bacteria genera,,,[网络] 细菌属\n(bacteria genus 的复数),,,,,0,0,0:bacteria genus/1:s,,
bacteria genus,,,[网络] 细菌属,,,,,0,0,s:bacteria genera,,
bacteria grinder,,,[机] 磨菌器,,,,,0,0,,,
bacteria inhibitor,,,细菌抑止剂,,,,,0,0,,,
bacteria leaching,,,细菌浸泸,,,,,0,0,,,
bacteria mesophilic,,,嗜中温菌,,,,,0,0,,,
bacteria metallurgy,,,细菌冶金,,,,,0,0,,,
bacteria microscopic examining instruments set,,,显微镜细菌检查器械包,,,,,0,0,,,
bacteria of alcaligenes-group,,,硷性群细菌,,,,,0,0,,,
bacteria of subtilis group,,,枯草菌群细菌,,,,,0,0,,,
bacteria order,,,[网络] 细菌顺序,,,,,0,0,s:bacteria orders,,
bacteria orders,,,[网络] 细菌顺序\n(bacteria order 的复数),,,,,0,0,0:bacteria order/1:s,,
bacteria preof filter,,,"[医] 滤菌器, 细菌滤器",,,,,0,0,,,
bacteria proofing,,,防菌加工,,,,,0,0,,,
bacteria prospecting,,,细菌勘探,,,,,0,0,,,
bacteria protease,,,细菌蛋白酶,,,,,0,0,,,
bacteria resistance,,,un. 细菌抗药性\n[网络] 细菌耐药；抗菌性能,,,,,0,0,,,
bacteria resistant,,,抗菌加工,,,,,0,0,,,
bacteria retting,,,细菌浸渍法,,,,,0,0,,,
bacteria rhodopsin,,,[化] 菌紫红质,,,,,0,0,,,
bacteria species,,,[网络] 文章不长,,,,,0,0,,,
bacteria thermophilic,,,嗜热菌,,,,,0,0,,,
bacteria utilize the tryptophan,,,细菌利用色氨酸,,,,,0,0,,,
bacteria vat,,,[机] 发醇锅,,,,,0,0,,,
bacteria vector,,,细菌媒介物,,,,,0,0,,,
bacteria virus,,,细菌病毒，噬菌体,,,,,0,0,,,
bacteria(bacterium),,,细菌,,,,,0,0,,,
bacteria-bearing,bæk'tɪərɪəb'eərɪŋ,, [医]带菌的,,,,,0,0,,,
bacteria-carrier,,,[医] 带菌者,,,,,0,0,,,
bacteria-free,,,a. 无菌的,,,,,0,0,,,
bacteria-free room,,,无菌室,,,,,0,0,,,
bacteria-laden,,,[网络] 细菌的,,,,,0,0,,,
bacteria-proof filter,,,"防菌过泸器；无菌过泸器, 防菌泸器",,,,,0,0,,,
bacteriacea,,,杆菌科,,,,,0,0,,,
Bacteriaceae,,,桿菌科,,,,,0,0,,,
bacteriacide,,,[网络] 杀菌,,,,,0,0,s:bacteriacides,,
bacteriacides,,,[网络] 杀菌\n(bacteriacide 的复数),,,,,0,0,0:bacteriacide/1:s,,
bacteriae,,,n. 细菌( bacteria的名词复数 ),,,,,0,0,,,
bacteriaemia,bæktɪər'ɪi:mɪə,, [医]菌血症,,,,,0,0,s:bacteriaemias,,
bacteriaemias,,, [医]菌血症\n(bacteriaemia 的复数),,,,,0,0,0:bacteriaemia/1:s,,
bacterial,bæk'tiәriәl,a. relating to or caused by bacteria,"a. 细菌的\n[医] 细菌的, [无芽胞]杆菌的",j:100,,,,8310,8586,,,
bacterial action,,,[机] 细菌作用,,,,,0,0,,,
bacterial activity,,,[机] 细菌活(动)性,,,,,0,0,,,
bacterial adherence,,,细菌粘附,,,,,0,0,,,
bacterial adhesion,bækˈtɪriəl ædˈhiʒən,, [医]细菌黏附,,,,,0,0,,,
bacterial agglutinin,,,[医] 细菌凝集素,,,,,0,0,,,
bacterial aggregate,,,细菌团块,,,,,0,0,,,
bacterial alkaline phosphatase,bækˈtɪriəl ˈælkəlɪn ˈfɑsfəˌtes,, [医]细菌碱性磷酸酶,,,,,0,0,,,
bacterial allergen,,,[医] 细菌[蛋白]变应原,,,,,0,0,,,
bacterial allergy,,,[医] 细菌变应性,,,,,0,0,,,
bacterial amylase,,,[化] 细菌淀粉酶,,,,,0,0,,,
bacterial analysis,,,菌分析,,,,,0,0,,,
bacterial anatomy,,,[微] 细菌解剖学,,,,,0,0,,,
bacterial and salmonella contamination clause,,,细菌及沙门氏菌属感染条款,,,,,0,0,,,
bacterial aneurysm,,,[医] 细菌性动脉瘤,,,,,0,0,,,
bacterial antagonism,,,[医] 细菌性拮抗作用,,,,,0,0,,,
bacterial antibody,,,[免疫] 细菌抗体,,,,,0,0,,,
bacterial antigen,,,[免疫] 细菌抗原,,,,,0,0,,,
bacterial antitoxin,,,[医] 细菌抗毒素,,,,,0,0,,,
bacterial arthritis,,,细菌性关节炎,,,,,0,0,,,
bacterial artificial chromosome,,,细菌人工染色体,,,,,0,0,,,
bacterial asthma,,,[医] 细菌性气喘,,,,,0,0,,,
bacterial balance index,,,细菌平衡指数,,,,,0,0,,,
bacterial barrier,,,细菌阻绝,,,,,0,0,,,
bacterial bate,,,细菌软化剂,,,,,0,0,,,
bacterial bed,,,[化] (污水处理)细菌床,,,,,0,0,,,
bacterial bight of soybean,,,大豆细菌叶枯病,,,,,0,0,,,
bacterial black node,,,[植保] 麦类黑节病,,,,,0,0,,,
bacterial blight,,,细菌疫病,,,,,0,0,,,
bacterial blight of rice,,,稻白叶枯病;水稻白叶枯病,,,,,0,0,,,
bacterial blight of soybean,,,大豆细菌性斑点病,,,,,0,0,,,
bacterial Bristle,,,[医] 细菌刚毛,,,,,0,0,,,
bacterial bronchopneumonia,,,[内科] 细菌性支气管肺炎,,,,,0,0,,,
bacterial brown spot,,,细菌性褐斑病,,,,,0,0,,,
bacterial calls,,,[医] 菌细胞,,,,,0,0,,,
bacterial cancer,,,细菌性癌症,,,,,0,0,,,
bacterial canker,,,细菌性溃疡,,,,,0,0,,,
bacterial canker and leaf spot of cherry,,,甜樱桃溃疡及虫斑病,,,,,0,0,,,
bacterial capsule,,,[医] 细菌荚膜,,,,,0,0,,,
bacterial carotenoids,,,细菌橙黄色素,,,,,0,0,,,
bacterial cast,,,[医] 菌管型,,,,,0,0,,,
bacterial cell,,,细菌电池,,,,,0,0,,,
bacterial cell chemistry,,,[微] 细菌细胞化学,,,,,0,0,,,
bacterial cell wall,,,细菌细胞壁,,,,,0,0,,,
bacterial cells,,, [医]菌细胞,,,,,0,0,,,
bacterial cellular protein,,,[医] 细菌细胞蛋白,,,,,0,0,,,
bacterial cellulose,,,"细菌纤维素, 菌造纤维素",,,,,0,0,,,
bacterial chemistry,,,[微] 细菌化学,,,,,0,0,,,
bacterial chemotaxis,,,细菌趋药[趋化]性,,,,,0,0,,,
bacterial chlorin,,,细菌绿素,,,,,0,0,,,
bacterial chlorophyll,,,细菌叶绿素,,,,,0,0,,,
bacterial chromatin body,,,细菌染色质体,,,,,0,0,,,
bacterial chromosome,,,细菌染色体,,,,,0,0,,,
bacterial clump,,,细菌菌落,,,,,0,0,,,
bacterial coenzyme,,,细菌辅酶,,,,,0,0,,,
bacterial colonies,,,[网络] 菌落；细菌群；细菌群体,,,,,0,0,,,
bacterial colony,bækˈtiəriəl ˈkɔləni,, 细菌菌落,,,,,0,0,,,
bacterial colony counter,,,菌落计数器,,,,,0,0,,,
bacterial competence,,,细菌的感受态,,,,,0,0,,,
bacterial concentration,,,细菌浓度,,,,,0,0,,,
bacterial conjugation,,,细菌结合,,,,,0,0,,,
bacterial conjunctivitis,,,细菌性结膜炎,,,,,0,0,,,
bacterial constituent,,,菌组份,,,,,0,0,,,
bacterial contamination,,,细菌污染,,,,,0,0,,,
bacterial content,,,"细菌数,细菌含量",,,,,0,0,,,
bacterial conversion,,,细菌转化,,,,,0,0,,,
bacterial corrosion,,,细菌腐蚀,,,,,0,0,,,
bacterial coryza,,,[医] 细菌性鼻卡他,,,,,0,0,,,
bacterial count,,,菌数,,,,,0,0,,,
bacterial counting apparatus,,,细菌计数装置,,,,,0,0,,,
bacterial counting technique,,,细菌计数技术,,,,,0,0,,,
bacterial cultivation,,,细菌的培养,,,,,0,0,,,
bacterial culture,,,细菌培养,,,,,0,0,,,
bacterial cultures,,,[网络] 细菌培养物,,,,,0,0,,,
bacterial cystitis,,,细菌性膀胱炎,,,,,0,0,,,
bacterial cytology,,,细菌细胞学,,,,,0,0,,,
bacterial decomposition,,,[机] 细菌分解(作用),,,,,0,0,,,
bacterial defect,,,细菌性缺陷,,,,,0,0,,,
bacterial degradation,,,细菌性降解,,,,,0,0,,,
bacterial degumming method,,,微生物脱胶法,,,,,0,0,,,
bacterial deterioration,,,细菌性劣变,,,,,0,0,,,
bacterial dextran,,,细菌聚葡[萄]糖,,,,,0,0,,,
bacterial diarrhea,,,细菌性腹泻,,,,,0,0,,,
bacterial digestion,,,[医] 细菌消化,,,,,0,0,,,
bacterial discolo(u)ration,,,"细菌性变色，细菌性褪色, 细菌性变色；细菌性褪色",,,,,0,0,,,
bacterial discoloration,,,(羊毛)细菌斑渍,,,,,0,0,,,
bacterial discolouration,,,细菌性变色,,,,,0,0,,,
bacterial disease,,,细菌疾病,,,,,0,0,,,
bacterial diseases,,,细菌性疾病,,,,,0,0,,,
bacterial dissociation,,,[医] 细菌变异,,,,,0,0,,,
bacterial drug dependence,,,细菌赖药性,,,,,0,0,,,
bacterial drug resistance,,,细菌耐药性,,,,,0,0,,,
bacterial ecology,,,细菌生态学,,,,,0,0,,,
bacterial embolism,,,[医] 细菌栓塞,,,,,0,0,,,
bacterial embolus,,,细菌栓子,,,,,0,0,,,
bacterial emulsion,,,[医] 菌乳剂,,,,,0,0,,,
bacterial encephalitis,,,细菌性脑炎,,,,,0,0,,,
bacterial endocarditis,,,[医] 细菌性心内膜炎,,,,,0,0,,,
bacterial endoenzyme,,,细菌内酶,,,,,0,0,,,
bacterial endospore,,,【微生物学】细菌的内生芽孢,,,,,0,0,,,
bacterial endotoxin,,,细菌内毒素,,,,,0,0,,,
bacterial enteritis,,,细菌性肠炎,,,,,0,0,,,
bacterial enteromycosis,,,肠细菌病,,,,,0,0,,,
bacterial enzyme,,,[医] 细菌酶,,,,,0,0,,,
bacterial episome,,,【生物学】细菌游离基因,,,,,0,0,,,
bacterial equilibrium,,,细菌平衡,,,,,0,0,,,
bacterial etiology,,,细菌病因学,,,,,0,0,,,
bacterial examination,,,细菌检验,,,,,0,0,,,
bacterial exanthems,,,细菌疹,,,,,0,0,,,
bacterial exotoxin,,,细菌外毒素,,,,,0,0,,,
bacterial extract,,,[医] 细菌浸剂,,,,,0,0,,,
bacterial exudation,,,病原细菌的渗出块,,,,,0,0,,,
bacterial fermentation,,,[医] 细菌性发酵,,,,,0,0,,,
bacterial fertilizer,,,[化] 细菌肥料,,,,,0,0,,,
bacterial filament,,,[医] 菌丝,,,,,0,0,,,
bacterial film,,,细菌膜,,,,,0,0,,,
bacterial filter,,,细菌滤器,,,,,0,0,,,
bacterial flacherie,,,[蚕] 细菌性软化病,,,,,0,0,,,
bacterial flagella,,,[微] 细菌鞭毛,,,,,0,0,,,
bacterial flora,,,细菌丛;细菌区系,,,,,0,0,,,
bacterial flora alternation,,,菌群改变,,,,,0,0,,,
bacterial folliculitis,,,细菌性毛囊炎,,,,,0,0,,,
bacterial food poisoning,,,细菌性食物中毒,,,,,0,0,,,
bacterial food-poisoning,,,细菌性食品中毒,,,,,0,0,,,
bacterial fossil,,,[古生] 细菌化石,,,,,0,0,,,
bacterial fructan,,,细菌聚果糖,,,,,0,0,,,
bacterial gastro-enteritis,,,[蚕] 细菌性胃肠病,,,,,0,0,,,
bacterial gene,,,细菌基因,,,,,0,0,,,
bacterial genetics,,,细菌遗传学,,,,,0,0,,,
bacterial ghost,,,[网络] 细菌幽灵；细菌膜影,,,,,0,0,,,
bacterial gill disease,,,"细菌性鳃病, 细菌性鳃病（鱼）",,,,,0,0,,,
bacterial gill-rot disease,,,细菌性烂鳃病,,,,,0,0,,,
bacterial grain rot,,,细菌性粒枯病,,,,,0,0,,,
bacterial grinder,,,磨菌器,,,,,0,0,,,
bacterial growth,,,[网络] 细菌滋长；细菌生长；细菌生殖,,,,,0,0,,,
bacterial gurn,,,细菌黏胶,,,,,0,0,,,
bacterial haptene,,,[医] 细菌半抗原,,,,,0,0,,,
bacterial haze,,,细菌性混浊,,,,,0,0,,,
bacterial hemelysin,,,[医] 细菌溶血素,,,,,0,0,,,
bacterial hemorrhagic septicemia,,,"细菌性出血性败血症, 细菌性出血性败血病（鱼）",,,,,0,0,,,
bacterial hepatic abscess,,,细菌性肝脓肿,,,,,0,0,,,
bacterial immunity,,,[医] 菌免疫,,,,,0,0,,,
bacterial inclusion,,,细菌细胞内含物,,,,,0,0,,,
bacterial index,,,细菌指数,,,,,0,0,,,
bacterial indicator,,,细菌指示物,,,,,0,0,,,
bacterial infection,,,细菌感染[传染],,,,,0,0,,,
bacterial infections,,,[网络] 细菌感染；细菌感染症；细菌性感染,,,,,0,0,,,
bacterial inflammation,,,[医] 细菌性炎,,,,,0,0,,,
bacterial inoculation,,,[医] 菌苗接种,,,,,0,0,,,
bacterial insecticide,,,细菌杀虫剂,,,,,0,0,,,
bacterial interstitial nephritis,,,细菌性间质性肾炎,,,,,0,0,,,
bacterial intestine disease of prawn,,,对虾肠道细菌病,,,,,0,0,,,
bacterial invasion,,,细菌侵入,,,,,0,0,,,
bacterial involutionary form,,,细菌衰退型,,,,,0,0,,,
bacterial jelly,,,[医] 菌胶冻,,,,,0,0,,,
bacterial keratitis,,,细菌性角膜炎,,,,,0,0,,,
bacterial kidney disease,,,细菌性肾脏病,,,,,0,0,,,
bacterial kinase,,,"[医] 细菌激酶, 细菌致活酶",,,,,0,0,,,
bacterial lawn,,,【微生物学】细菌菌苔,,,,,0,0,,,
bacterial leaching,,,[化] 细菌浸出,,,,,0,0,,,
bacterial leaf blight,,,细菌性叶疫病,,,,,0,0,,,
bacterial leaf spot,,,细菌性叶斑病,,,,,0,0,,,
bacterial leaf spot of cauliflower,,,花椰菜细菌性叶斑病,,,,,0,0,,,
bacterial leaf spot of tobacco,,,烟草野火病,,,,,0,0,,,
bacterial leaf stripe,,,细菌性叶纹病,,,,,0,0,,,
bacterial leaf-blight,,,[植保] 白叶枯病,,,,,0,0,,,
bacterial liver abscess,,,细菌性肝脓肿,,,,,0,0,,,
bacterial luminescence,,,细菌发光,,,,,0,0,,,
bacterial M-102 strain,,,[化] M-102系细菌(用于氧化甲烷制蛋白),,,,,0,0,,,
bacterial manure,,,细菌肥料,,,,,0,0,,,
bacterial mating,,,细菌结合,,,,,0,0,,,
bacterial membrane,,,细菌膜,,,,,0,0,,,
bacterial meningitides,,,[网络] 细菌脑膜炎,,,,,0,0,,,
bacterial meningitis,,,细菌性脑膜炎,,,,,0,0,,,
bacterial metabolism,,,细菌代谢,,,,,0,0,,,
bacterial metallurgy,,,[冶] 细菌冶金,,,,,0,0,,,
bacterial methane,,,甲烷细菌,,,,,0,0,,,
bacterial methanogenesis,,,甲烷生成,,,,,0,0,,,
bacterial microscopy,,,[微] 细菌显微学,,,,,0,0,,,
bacterial morphology,,,细菌形态学,,,,,0,0,,,
bacterial motility,,,【微生物学】细菌的运动,,,,,0,0,,,
bacterial mutation,,,细菌致突变,,,,,0,0,,,
bacterial myocarditis,,,细菌性心肌炎,,,,,0,0,,,
bacterial nephritis,,,[医] 细菌性肾炎,,,,,0,0,,,
bacterial nitrification,,,细菌硝化(作用),,,,,0,0,,,
bacterial nuclear filaments,,,菌核的丝状体,,,,,0,0,,,
bacterial nuclear region,,,菌核区,,,,,0,0,,,
bacterial oil recovery,,,[油气] 细菌采油,,,,,0,0,,,
bacterial ooze,,,[植保] 细菌溢脓,,,,,0,0,,,
bacterial overgrowth syndrome,,,细菌过度繁殖综合征,,,,,0,0,,,
bacterial oxidation,,,[机] 细菌氧化,,,,,0,0,,,
bacterial paraffin removal,,,[油气] 细菌清蜡,,,,,0,0,,,
bacterial parasite,,,[医] 寄生菌,,,,,0,0,,,
bacterial pathogen,,,细菌性病原体,,,,,0,0,,,
bacterial pericarditis,,,[医] 细菌性心包炎,,,,,0,0,,,
bacterial pharyngotonsillitis,,,细菌性咽-扁桃体炎,,,,,0,0,,,
bacterial phases,,,"[医] 细菌[生长]相, 细菌生长型",,,,,0,0,,,
bacterial photosynthesis,,,细菌的光合成,,,,,0,0,,,
bacterial physiology,,,[微] 细菌生理学,,,,,0,0,,,
bacterial pigmentation,,,细菌色素作用,,,,,0,0,,,
bacterial plant disease,,,细菌性植物病害,,,,,0,0,,,
bacterial plaque,bækˈtiəriəl plæk,, 牙菌斑,,,,,0,0,s:bacterial plaques,,
bacterial plaques,,,[口腔] 牙菌斑，[植保] 菌斑，牙垢,,,,,0,0,0:bacterial plaque/1:s,,
bacterial plasmid,,,细菌质体,,,,,0,0,,,
bacterial plasue,,,"[医] 菌斑, 牙斑",,,,,0,0,,,
bacterial pneumonia,,,细菌性肺炎,,,,,0,0,,,
bacterial poison,,,[机] 细菌毒,,,,,0,0,,,
bacterial poisoning,,,细菌性中毒,,,,,0,0,,,
bacterial pollutant,,,细菌污染物,,,,,0,0,,,
bacterial pollution,,,细菌污染,,,,,0,0,,,
bacterial polysaccharide,,,细菌多醣,,,,,0,0,,,
bacterial polysaccharides,,,[医] 细菌多糖,,,,,0,0,,,
bacterial population,,,"细菌群体[群落],细菌的繁殖数量",,,,,0,0,,,
bacterial population density,,,细菌群体繁殖密度,,,,,0,0,,,
bacterial precipitaion,,,[机] 细菌性沉淀,,,,,0,0,,,
bacterial precipitation,,,细菌性沉淀,,,,,0,0,,,
bacterial precipitin,,,[医] 细菌沉淀素,,,,,0,0,,,
bacterial proof filter,,,防细菌滤器,,,,,0,0,,,
bacterial prospecting,,, 细菌勘探,,,,,0,0,,,
bacterial prostatitis,,,细菌性前列腺炎,,,,,0,0,,,
bacterial protease,,,细菌蛋白酶,,,,,0,0,,,
bacterial protein,,,[医] 细菌蛋白,,,,,0,0,,,
bacterial proteinase,,,细菌蛋白酶,,,,,0,0,,,
bacterial pseudomycosis,,,细菌性假霉菌病,,,,,0,0,,,
bacterial purpura,,,细菌性紫斑,,,,,0,0,,,
bacterial pustule,,,细菌性脓疱,,,,,0,0,,,
bacterial pustule of soybean,,,大豆细菌性斑疹病,,,,,0,0,,,
bacterial pyelonephritis,,,细菌性肾盂肾炎,,,,,0,0,,,
bacterial pyrogen,,,细菌性致热原,,,,,0,0,,,
bacterial recombination,,,[医] 细菌在组合(变异性的一种),,,,,0,0,,,
bacterial reduction,,,细菌还原作用,,,,,0,0,,,
bacterial reproduction,,,细菌繁殖,,,,,0,0,,,
bacterial rgodopsin,,,[网络] 细菌紫膜质；细菌视紫红质,,,,,0,0,,,
bacterial ring rot of potato,,,马铃薯环腐病,,,,,0,0,,,
bacterial satellite,,,"[医] 卫星菌, 陪菌",,,,,0,0,,,
bacterial septicemia,,,细菌性败血症,,,,,0,0,,,
bacterial slant,,,【微生物学】细菌斜面培养,,,,,0,0,,,
bacterial slime,,,细菌粘液[粘泥物],,,,,0,0,,,
bacterial soft rot,,,细菌性软腐病,,,,,0,0,,,
bacterial speck,,,细菌性斑点病,,,,,0,0,,,
bacterial spike blight,,,[植保] 蜜穗病,,,,,0,0,,,
bacterial spoilage,,,细菌性腐败,,,,,0,0,,,
bacterial spore,,,细菌芽孢,,,,,0,0,,,
bacterial spores,,,[医] 细胞芽胞,,,,,0,0,,,
bacterial sporulation,,,[微] 细菌孢子形成,,,,,0,0,,,
bacterial spot,,,细菌性斑点,,,,,0,0,,,
bacterial spot of pepper,,,辣椒细菌性斑点病,,,,,0,0,,,
bacterial spot of tomato,,,番茄细菌性斑点病,,,,,0,0,,,
bacterial stain,,,霉斑,,,,,0,0,,,
bacterial starch,,,细菌淀粉,,,,,0,0,,,
bacterial strain,,,菌株,,,,,0,0,,,
bacterial substance,,,[医] 细菌质,,,,,0,0,,,
bacterial suspension,,,细菌悬液,,,,,0,0,,,
bacterial symbiont,,,细菌共生生物,,,,,0,0,,,
bacterial synergism,,,【生物学】细菌协作生活,,,,,0,0,,,
bacterial synthesis,,,细菌合成,,,,,0,0,,,
bacterial taint,,,细菌性腐坏(味),,,,,0,0,,,
bacterial taxonomy,,,细菌分类学,,,,,0,0,,,
bacterial therapy,,,[医] 调理素疗法,,,,,0,0,,,
bacterial toxemia,,,细菌性毒血症,,,,,0,0,,,
bacterial toxin,,,[医] 细胞毒素,,,,,0,0,s:bacterial toxins,,
bacterial toxins,,,[微] 细菌毒素,,,,,0,0,0:bacterial toxin/1:s,,
bacterial toxoid,,,细菌类毒素,,,,,0,0,,,
bacterial transduction,,,[医] 细胞性转导变异,,,,,0,0,,,
bacterial transformation,,,[医] 细胞性转形变异,,,,,0,0,,,
bacterial translocation from intestine,,,肠道细菌移位,,,,,0,0,,,
bacterial transposition,,,【微生物学】细菌转位,,,,,0,0,,,
bacterial treatment,,,"细菌处理,生物净化",,,,,0,0,,,
bacterial tumor,,,细菌肿; 细菌瘤,,,,,0,0,,,
bacterial type,,,菌型,,,,,0,0,,,
bacterial urethritis,,,细菌性尿道炎,,,,,0,0,,,
bacterial uveitis,,,细菌性葡萄膜炎,,,,,0,0,,,
bacterial vaccine,,,[医] 菌苗,,,,,0,0,,,
bacterial vaginosis,,, [医]细菌性阴道病,,,,,0,0,,,
bacterial variation,,,[医] 细菌变异,,,,,0,0,,,
bacterial vegetations,,,[医] 细菌性贽生物(心内膜),,,,,0,0,,,
bacterial virulence,,,细菌毒力,,,,,0,0,,,
bacterial virus,,,"[医] 细菌病毒, 噬菌体",,,,,0,0,,,
bacterial vitamin,,,细菌生长激素;细菌维生素,,,,,0,0,,,
bacterial wilt,,,细菌性萎蔫病,,,,,0,0,,,
bacterial wilt disease,,,【植物病理学】细菌性枯萎病,,,,,0,0,,,
bacterial wilt of cucumber,,,黄瓜细菌性萎蔫病,,,,,0,0,,,
bacterial wilt of eggplant,,,黄瓜细菌性萎蔫病;茄青枯病,,,,,0,0,,,
bacterial zoonosis,,,细菌性人畜共通传染病,,,,,0,0,,,
bacterialization,,,[网络] 细菌化,,,,,0,0,,,
bacterializations,,,[网络] 细菌化,,,,,0,0,,,
bacterially,,r by bacteria,adv. bactiterial的变形,,,,,0,0,,,
bacterialmyocarditis,,,细菌性心肌炎,,,,,0,0,,,
bacterialprotease,,,细菌蛋白酶,,,,,0,0,,,
bacterian,,,[网络] 巴特利安；细菌；巴克特里安,,,,,0,0,,,
bacterias,bæk'tɪərɪə,,n. [微] 细菌,,,,,0,0,0:bacteria/1:s,,
bacteriascites,,,细菌性腹水,,,,,0,0,,,
Bacteriastrum,,,角状突起硅藻属,,,,,0,0,,,
bacteriastrum delicatulum,,,优美辐杆藻,,,,,0,0,,,
bacteriastrum elongatum,,,长辐杆藻,,,,,0,0,,,
bacteriastrum varians,,,变异辐杆藻,,,,,0,0,,,
bacteric,,,adj. 细菌的,,,,,0,0,,,
bactericdal power,,,杀菌力,,,,,0,0,,,
bactericera miyatakeiana,,,宫武氏线角木蝨,,,,,0,0,,,
bactericera octocalcarata,,,八角线角木蝨,,,,,0,0,,,
bactericholia,"bæk,ti:ri'kәuliә",,细(菌)胆(汁)症,,,,,0,0,,,
Bactericholy,,,细菌胆汁症,,,,,0,0,,,
bactericidal,bæk.tiәri'saidl,s. preventing infection by inhibiting the growth or action of microorganisms,a. 杀菌的\n[医] 杀菌的,j:100,,,,0,42544,,,
bactericidal action,,,[医] 杀菌作用,,,,,0,0,,,
bactericidal activity,,,"杀菌效力, 杀菌力, 杀[细]菌力，杀[细]菌活性",,,,,0,0,,,
bactericidal agent,,,[医] 杀菌剂,,,,,0,0,,,
bactericidal antibiotic,,,[医] 杀菌性抗菌素,,,,,0,0,,,
bactericidal coefficent,,,杀菌率,,,,,0,0,,,
bactericidal coefficient,,,[医] 杀菌系数,,,,,0,0,,,
bactericidal effect,,,杀菌效应,,,,,0,0,,,
bactericidal finish,,,防菌加工,,,,,0,0,,,
bactericidal lamp,,,杀菌灯,,,,,0,0,,,
bactericidal paper,,,"杀菌纸,防腐纸",,,,,0,0,,,
bactericidal potence,,,杀菌效能,,,,,0,0,,,
bactericidal Power,,,[医] 杀菌力,,,,,0,0,,,
bactericidal radiation,,,杀菌辐射,,,,,0,0,,,
bactericidal rays,,,灭菌射线,,,,,0,0,,,
bactericidal reaction,bækˌtiəriˈsaidəl riˈækʃən,, [医]杀菌反应,,,,,0,0,,,
bactericidal rsys,,,[医] 灭菌射线(1850-2600埃单位紫外线),,,,,0,0,,,
bactericidal sera,,,[医] 杀菌性血清,,,,,0,0,,,
bactericidal serum,,,杀细菌血清,,,,,0,0,,,
bactericidal soap,,,杀菌皂,,,,,0,0,,,
bactericidal substance,,,"[医] 杀细菌物质, 补体",,,,,0,0,,,
bactericidal vapour,,,杀菌蒸气,,,,,0,0,,,
bactericidally,,,[网络] 杀菌,,,,,0,0,,,
bactericide,bæk'tiәrisaid,n. any chemical agent that destroys bacteria,n. 杀菌剂\n[化] 杀菌剂,,,,,0,0,s:bactericides,,
bactericide for drilling fluid,,,钻井液杀菌剂,,,,,0,0,,,
bactericides,,plural of bactericide\nn. any chemical agent that destroys bacteria,(bactericide 的复数) n. 杀菌剂\n[化] 杀菌剂,,,,,0,0,0:bactericide/1:s,,
bactericidin,"bæk,tiәri'saidin",,"杀细菌素, 杀菌抗体",,,,,0,0,,,
bactericidin of platelets,,,血小板杀菌素,,,,,0,0,,,
bactericidins,,,[网络] 杀菌剂,,,,,0,0,,,
bactericin,,, 杀（细）菌素；细菌杀菌素,,,,,0,0,,,
bacterid,,,[医] 细菌疹,,,,,0,0,,,
bacteride,,,"菌毒疹,细菌疹",,,,,0,0,,,
bacteridia,,,无芽胞杆菌属,,,,,0,0,,,
Bacteridium,,,[医] [无芽胞]杆菌属(旧名),,,,,0,0,,,
bacteridium coccophilum,,,好球状孢菌,,,,,0,0,,,
Bacterieae,,,[医] [无芽胞]杆菌族,,,,,0,0,,,
bacteriemia,,n transient presence of bacteria (or other microorganisms) in the blood,[医] 菌血症,,,,,0,0,s:bacteriemias,,
bacteriemia of larval of prawn,,,对虾幼体菌血症,,,,,0,0,,,
bacteriemias,,,菌血症,,,,,0,0,0:bacteriemia/1:s,,
bacterifluorescin,,,细菌萤光素,,,,,0,0,,,
bacteriform,bæk'tiәrifɔ:m,,a. 细菌状的,,,,,0,0,,,
bacteril(l) filter,,,泸菌器,,,,,0,0,,,
bacterim,bæk'tiərim,,n. 【计算机】细菌程序(计算机窃贼),,,,,0,0,,,
bacterin,'bæktiәrin,,"n. 疫苗, 菌苗",,,,,0,0,,,
bacterin(e),,,[药] 疫苗,,,,,0,0,,,
bacterin-toxoid,,,菌苗类毒素,,,,,0,0,,,
bacterination,",bæktiәri'neiʃәn",,"菌苗接种, 菌苗治疗",,,,,0,0,,,
bacterine,,,[医] 菌苗,,,,,0,0,,,
bacterinia,,,"[医] 菌苗病, 菌苗反应",,,,,0,0,,,
bacterins,'bæktərɪn,,n. 疫苗，[药] 菌苗,,,,,0,0,,,
bacterio,,,n. 细菌\n[网络] 杀菌,,,,,0,0,,,
bacterio-,bæk'tiәriәj,,"表示“细菌, 细菌之活动或有关细菌”之义",,,,,0,0,,,
bacterio-agar,,,菌琼脂,,,,,0,0,,,
bacterio-agglutinin,'bæktɪəri:əʊəɡlu:t'ɪnɪn,, [医]凝菌素，细菌凝集素,,,,,0,0,,,
bacterio-erythrin,,,[医] 菌红质,,,,,0,0,,,
bacterio-opsin,,,细菌视蛋白,,,,,0,0,,,
bacterio-opsonin,,,[医] 细菌调理素,,,,,0,0,,,
bacterio-phaeophytin,,,细菌脱镁叶绿素,,,,,0,0,,,
Bacterio-purpurin,,,菌紫素,,,,,0,0,,,
bacterio-viridin,,,菌绿胶霉素,,,,,0,0,,,
bacterioagglutinin,,,细菌凝集素,,,,,0,0,,,
bacteriochiorin,,,[网络] 菌绿素,,,,,0,0,,,
bacteriochloin,,,菌绿素,,,,,0,0,,,
bacteriochlorin,"bæk,tiәriәu'klɔ:rin",,菌绿素,,,,,0,0,,,
bacteriochlorins,,,[网络] 二氢卟吩类,,,,,0,0,,,
bacteriochloroghyll,,,[机] 细菌叶绿素,,,,,0,0,,,
bacteriochlorophill,,,"菌绿素,细轴型",,,,,0,0,,,
bacteriochlorophyll,bæktiәriә'klɔ(:)rәfil,n a substance in photosensitive bacteria that is related to but different from chlorophyll of higher plants,n. [生化]细菌叶绿素,,,,,0,0,s:bacteriochlorophylls,,
bacteriochlorophyll protein,,,细菌叶绿素蛋白,,,,,0,0,,,
bacteriochlorophylls,,,n. 细菌叶绿素,,,,,0,0,0:bacteriochlorophyll/1:s,,
bacteriochlororhyll,,,[网络] 细菌药绿素,,,,,0,0,,,
bacteriocholia,,,[医] [细]菌胆[汁]症,,,,,0,0,,,
bacteriociasis,,,[网络] 碎菌作用,,,,,0,0,,,
bacteriocidal,,,[医] 杀菌的,,,,,0,0,,,
bacteriocidal concentration,,,杀菌浓度,,,,,0,0,,,
bacteriocide,,,[化] 杀菌剂,,,,,0,0,,,
bacteriocides,,,[网络] 杀菌剂,,,,,0,0,,,
bacteriocidic,,,[网络] 细菌菌,,,,,0,0,,,
bacteriocidin,,,[医] 杀菌素,,,,,0,0,,,
bacteriocidins,,,[网络] 细菌素,,,,,0,0,,,
bacteriocin,bæk'tiәriәsin,,"n. [微]细菌素(细菌分泌的抗菌物, 如大肠杆菌素)",,,,,0,0,s:bacteriocins,,
bacteriocin typing,bækˈtiəriəsin ˈtaɪpɪŋ,, [医]细菌素分型[利用细菌素对细菌进行分型],,,,,0,0,,,
bacteriocin(Grazia1925),,,菌素；细菌蛋白性毒素,,,,,0,0,,,
bacteriocingenesis,,,细菌素发生,,,,,0,0,,,
bacteriocinogen,"bæk,tiəriə'sinəudʒən",,n. 【遗传学】细菌素原,,,,,0,0,,,
bacteriocinogenic facter,,,菌素因子；细菌蛋白性毒素产生因子,,,,,0,0,,,
bacteriocinogenicity,,,产细菌素能力,,,,,0,0,,,
bacteriocinogeny,,,产细菌素,,,,,0,0,,,
bacteriocins,,,n. [生化] 细菌素（bacteriocin复数）,,,,,0,0,0:bacteriocin/1:s,,
bacterioclasis,,,[医] 裂菌作用,,,,,0,0,,,
bacteriocyte,,,n. 含菌细胞,,,,,0,0,,,
bacteriocytes,,,[网络] 特化细胞；蚜虫特化细胞；蚜虫的特化细胞,,,,,0,0,,,
bacteriod,,,类杆菌,,,,,0,0,,,
bacteriodiagnosis,,,[医] 细菌学诊断,,,,,0,0,,,
bacterioerythrin,,,菌红素,,,,,0,0,,,
bacterioferritin,,,[网络] 细菌铁蛋白,,,,,0,0,,,
bacterioferritins,,,[网络] 细菌铁蛋白,,,,,0,0,,,
bacterioflora,,,"[医] 细菌丛, 菌簇",,,,,0,0,,,
bacteriofluorescein,,,[医] 菌萤光素,,,,,0,0,,,
bacteriofluorescin,,,细菌萤光素,,,,,0,0,,,
bacteriogenic,bækˌtɪəri:əˈdʒenɪk,,adj. 由细菌引起的,,,,,0,0,,,
bacteriogenic agglutination,,,"[医] 细菌促成性凝集, T凝集",,,,,0,0,,,
bacteriogenous,,,"[医] 细菌性的, 产细菌的",,,,,0,0,,,
bacteriogical laboratory,,,细菌检验室,,,,,0,0,,,
bacteriohemagglutinin,,,[医] 细菌性血细胞凝集素,,,,,0,0,,,
bacteriohemolysin,"bæk,tiәriәuhi'mɔlisin, -mә'laisin",,[微]细菌溶血素,,,,,0,0,,,
bacteriohemolysis,,,细菌溶血素,,,,,0,0,,,
bacteriohopanepolyol,,,[网络] 肉毒多环醇,,,,,0,0,,,
bacteriohopanepolyols,,,[网络] 细菌多酚,,,,,0,0,,,
bacterioid,bæk'tiәriɔid,a resembling bacteria,"n. (=bacteroid)类似细菌体\na. (=bacteroid)细菌性的, 假细菌的",,,,,0,0,,,
bacterioidal,,,[网络] 杀菌,,,,,0,0,,,
Bacterioides,,,"类桿菌属, 厌氧桿菌属",,,,,0,0,,,
bacterioides fragilis,,,松脆桿菌,,,,,0,0,,,
bacterioides fundili formis,,,带状桿菌,,,,,0,0,,,
bacterioides fundiliformis,,,带状桿菌,,,,,0,0,,,
bacteriokinase,,,细菌激酶,,,,,0,0,,,
bacteriol.,,,abbr. bacteriological；bacteriology,,,,,0,0,,,
bacteriolgic,,,细菌学的,,,,,0,0,,,
Bacteriolith,,,"细菌结石,细菌核结石",,,,,0,0,,,
bacteriolog,,,细菌学,,,,,0,0,,,
bacteriologic,,a of or relating to bacteriology,[医] 细菌学的,j:100,,,,0,42880,,,
bacteriologic filtration,,,除菌过泸,,,,,0,0,,,
bacteriologic(al) analysis,,,细菌学分析,,,,,0,0,,,
bacteriologic(al) examination,,,细菌学检验,,,,,0,0,,,
bacteriologic(al) filter,,,细菌泸器,,,,,0,0,,,
bacteriologic(al) method,,,细菌学方法,,,,,0,0,,,
bacteriologic(al) standard,,,细菌学标准,,,,,0,0,,,
bacteriologic(al) test,,,细菌试验,,,,,0,0,,,
bacteriologic(al)analysis,,,细菌学分析,,,,,0,0,,,
bacteriologic(al)examination,,,细菌学检验,,,,,0,0,,,
bacteriologic(al)filter,,,细菌泸除器,,,,,0,0,,,
bacteriologic(al)standard,,,细菌学标准,,,,,0,0,,,
bacteriologic(al)test,,,细菌学试验,,,,,0,0,,,
"bacteriologic, bacteriological","bæk,tiəriə'lɔdʒik;-kəl",,adj. 细菌学的；使用(有害)细菌的,,,,,0,0,,,
bacteriologicai,,,细菌学的,,,,,0,0,,,
bacteriological,"bæk,tiәriә'lɔdʒikәl",a. of or relating to bacteriology,"a. 细菌学的, 细菌学上的\n[医] 细菌学家, 细菌学者",j:100,,,,26085,34441,,,
bacteriological action,,,[微] 细菌作用,,,,,0,0,,,
bacteriological aftergrowth,,,菌再生,,,,,0,0,,,
bacteriological analysis,,,[医] 细菌学检验,,,,,0,0,,,
bacteriological contamination,,,细菌污染,,,,,0,0,,,
bacteriological count,,,菌计数,,,,,0,0,,,
bacteriological culture dish,,,细菌培养皿,,,,,0,0,,,
bacteriological diagnosis,,,[医] 细菌学诊断,,,,,0,0,,,
bacteriological examination,,,细菌检查：微生物检验,,,,,0,0,,,
bacteriological failure rate,,,细菌学失败率,,,,,0,0,,,
bacteriological filter,,,"细菌过滤器,滤菌器",,,,,0,0,,,
bacteriological filtration,,,滤菌,,,,,0,0,,,
bacteriological laboratory,,,[医] 细菌学检验室,,,,,0,0,,,
bacteriological product,,,细菌制品,,,,,0,0,,,
bacteriological purity,,,细菌纯度,,,,,0,0,,,
bacteriological quality,,,细菌学质量,,,,,0,0,,,
bacteriological standard,,,细菌学[微生物学]标准,,,,,0,0,,,
bacteriological sterility,,,细菌学的无菌性,,,,,0,0,,,
bacteriological study,,,细菌学的检验[研究],,,,,0,0,,,
bacteriological treatment,,,[微] 细菌学处理,,,,,0,0,,,
bacteriological warfare,,,细菌战,,,,,0,0,s:bacteriological warfares,,
bacteriological warfares,,,bacteriological warfare\n【军事】细菌战,,,,,0,0,0:bacteriological warfare/1:s,,
bacteriological weapon,,,[军] 细菌武器,,,,,0,0,,,
bacteriologically,,,"adv. bacteriologic, bacteriological 的变形",,,,,0,0,,,
bacteriologies,"bæk,tɪərɪ'ɒlədʒɪ",,n. 细菌学,,,,,0,0,0:bacteriology/1:s,,
bacteriologist,,n. a biologist who studies bacteria,n. 细菌学家\n[医] 细菌学,n:100,,,,43992,44065,s:bacteriologists,,
bacteriologists,,plural of bacteriologist\nn. a biologist who studies bacteria,(bacteriologist 的复数) n. 细菌学家\n[医] 细菌学,,,,,0,0,0:bacteriologist/1:s,,
bacteriology,bæk.tiәri'ɒlәdʒi,n. the branch of medical science that studies bacteria in relation to disease,n. 细菌学,n:100,,,,38858,37460,s:bacteriologies,,
bacteriology of trauma,,,创伤细菌学,,,,,0,0,,,
bacteriolyic antibody,,,溶菌性抗体,,,,,0,0,,,
bacteriolysant,bæktiәri'ɔlisәnt,,溶菌剂,,,,,0,0,,,
bacteriolyses,"bæk,tɪərɪ'ɒlɪsiːz",,n. 溶菌作用；细菌分解处理 (bacteriolysis的变形),,,,,0,0,0:bacteriolysis/1:s,,
bacteriolysin,bæktiәri'ɔlisin,,n. 溶菌素,,,,,0,0,,,
bacteriolysis,bæk.tiәri'ɒlisis,n. dissolution or destruction of bacteria,"n. 细菌分解处理, 溶菌\n[化] 溶菌作用",,,,,0,0,s:bacteriolyses,,
bacteriolystc,,,溶菌的,,,,,0,0,,,
bacteriolytic,"bæk,tiәriә'litik",a. of or relating to or causing bacteriolysis,a. 溶菌的\n[医] 溶菌的,,,,,0,0,,,
bacteriolytic action,,,溶菌作用,,,,,0,0,,,
bacteriolytic agent,,,[医] 溶菌剂,,,,,0,0,,,
bacteriolytic amboceptor,,,[医] 溶菌介体,,,,,0,0,,,
bacteriolytic enzyme,,,细菌溶菌酶,,,,,0,0,,,
bacteriolytic immunity,,,"[医] 溶菌免疫, 抗菌免疫",,,,,0,0,,,
bacteriolytic phenomenon,,,[医] 溶菌现象,,,,,0,0,,,
bacteriolytic reaction,,,[医] 溶菌反应,,,,,0,0,,,
bacteriolytic serum,,,溶菌性血清,,,,,0,0,,,
bacteriolytically,,,[网络] 细菌溶解,,,,,0,0,,,
bacteriolytlc,,,溶菌的,,,,,0,0,,,
bacteriolyze,,,[医] 溶菌,,,,,0,0,,,
bacteriome,,,[网络] 细胞形成怀菌体；含菌体中,,,,,0,0,,,
bacteriomes,,,[网络] 细菌,,,,,0,0,,,
Bacterionema,,,丝桿菌属,,,,,0,0,,,
bacterioneuston,,,漂浮细菌,,,,,0,0,,,
bacterioopsin,,,[网络] 抑菌素,,,,,0,0,,,
bacterioopsins,,,[网络] 抑菌素,,,,,0,0,,,
bacteriopathology,,,[医] 细菌病理学,,,,,0,0,,,
bacteriopbobia,,,[医] 细菌恐怖,,,,,0,0,,,
bacteriopexia,,,[医] 定菌[作用],,,,,0,0,,,
bacteriopexy,,,[医] 定菌[作用],,,,,0,0,,,
bacteriophaeophytin,"bæk,tiəriəfi:'ɔfitin",,n. 【生物化学】细菌脱镁叶绿素,,,,,0,0,,,
bacteriophage,bæk'tiәriәfeidʒ,n. a virus that is parasitic (reproduces itself) in bacteria,n. 噬菌体\n[医] 噬菌体,n:100,,,,0,41942,s:bacteriophages,,
bacteriophage arm,bækˈtiriəfeidʒ ɑ:m,, [医]噬菌体臂,,,,,0,0,,,
bacteriophage conversion,bækˈtiriəfeidʒ kənˈvə:ʃən,, [医]噬菌体转变,,,,,0,0,,,
bacteriophage head,bækˈtiriəfeidʒ hed,, [医]噬菌体头部,,,,,0,0,,,
bacteriophage lambda,,,【分子生物学】 λ字形噬菌体[亦作 temperate phage],,,,,0,0,,,
bacteriophage lysin,,,噬菌性溶素,,,,,0,0,,,
bacteriophage lysis,,,噬菌性溶解,,,,,0,0,,,
bacteriophage mutation,,,[遗] 噬菌体突变,,,,,0,0,,,
bacteriophage plasue,,,[医] [噬菌体]噬斑,,,,,0,0,,,
bacteriophage surface expression system,bækˈtiriəfeidʒ ˈsə:fis iksˈpreʃən ˈsistəm,, [医]噬菌体表面表达系统,,,,,0,0,,,
bacteriophage tail,bækˈtiriəfeidʒ teil,, [医]噬菌体尾部,,,,,0,0,,,
bacteriophage typing,,,噬菌体分型,,,,,0,0,,,
bacteriophage(phage),,,噬菌体,,,,,0,0,,,
bacteriophage-like particle,,,类噬菌体粒子,,,,,0,0,,,
bacteriophages,,plural of bacteriophage\nn. a virus that is parasitic (reproduces itself) in bacteria,(bacteriophage 的复数) n. 噬菌体\n[医] 噬菌体,,,,,0,0,0:bacteriophage/1:s3,,
bacteriophagia,,,[医] 噬菌现象,,,,,0,0,,,
bacteriophagic,,a of or relating to bacteriophages,[医] 噬菌[现象]的,,,,,0,0,,,
bacteriophagic lysin,,,噬菌性溶素,,,,,0,0,,,
bacteriophagic lysine,,,噬菌性溶素,,,,,0,0,,,
bacteriophagic lysis,,,噬菌性溶解,,,,,0,0,,,
bacteriophagic therapy,,,[医] 嗜菌体疗法,,,,,0,0,,,
bacteriophagology,,,[医] 噬菌体学,,,,,0,0,,,
bacteriophagous,bæk'tɪərɪəfeɪdʒəs,a of or relating to bacteriophages,a. 噬菌体的,,,,,0,0,,,
bacteriophague,,,[化] 噬菌体,,,,,0,0,,,
bacteriophagum,,,[医] 噬菌体,,,,,0,0,,,
bacteriophagum dysentericum,,,[医] 痢疾噬菌体,,,,,0,0,,,
bacteriophagum intestinale,,,[医] 肠噬菌体,,,,,0,0,,,
bacteriophagy,bæk'tiәriәfeidʒi,,[微]噬菌现象,,,,,0,0,,,
bacteriophankton,,,浮游细菌,,,,,0,0,,,
bacteriopheophytin,,,[网络] 细菌脱镁叶绿素,,,,,0,0,,,
bacteriopheophytins,,,[网络] 细菌杆菌素,,,,,0,0,,,
bacteriophobe,,,[网络] 细菌素,,,,,0,0,,,
bacteriophobes,,,[网络] 噬菌体,,,,,0,0,,,
bacteriophobia,"bæk,tiәriә'fәubjә",,n. [心]细菌恐怖,,,,,0,0,,,
bacteriophobic,,,[网络] 细胞色素沉着,,,,,0,0,,,
Bacteriophyta,,,细菌门,,,,,0,0,,,
bacteriophytochrome,,,[网络] 细菌光敏色素,,,,,0,0,,,
bacteriophytochromes,,,[网络] 细菌色素,,,,,0,0,,,
bacteriophytoma,,,[医] 细菌性瘤,,,,,0,0,,,
bacteriopiasmin,,,[网络] 菌浆素,,,,,0,0,,,
bacterioplankton,"bæk,tiәriә'plæŋktn",,[微]浮游细菌,,,,,0,0,,,
bacterioplasmin,,,[医] 细菌胞浆素,,,,,0,0,,,
bacterioprecipitin,,,[医] 细菌沉淀素,,,,,0,0,,,
bacterioprotein,,,[医] 细菌蛋白,,,,,0,0,,,
bacteriopsonic,,,[医] 调理细菌[作用]的,,,,,0,0,,,
bacteriopsonin,,,[医] 细菌调理素,,,,,0,0,,,
bacteriopurpurin,,,[医] 菌紫素,,,,,0,0,,,
bacteriorhiza,,,菌根; 菌根,,,,,0,0,,,
bacteriorhizae,,,菌根,,,,,0,0,,,
bacteriorhodopsin,"bæk,tiәriәrәj'dɔpsin",,n. [生化]噬菌调理素,,,,,0,0,s:bacteriorhodopsins,,
bacteriorhodopsins,"bæk,tɪrioro'dɑpsɪn",,n. 菌视紫红质；[生化] 噬菌调理素,,,,,0,0,0:bacteriorhodopsin/1:s,,
bacteriorrhiza,,,细菌菌根,,,,,0,0,,,
bacteriorstatic agent,,,制菌剂,,,,,0,0,,,
bacterioruberin,,,[医] 菌红素,,,,,0,0,,,
bacterioscope,,,细菌镜,,,,,0,0,,,
bacterioscopic,,"a. Relating to bacterioscopy; as, a bacterioscopic\n   examination.",[医] 细菌镜检查的,,,,,0,0,,,
bacterioscopically,"bæk,tiəriə'skɔpikəli",,"bacterioscopy的变形\nbacterioscopy\n[bæk,tiəri'ɔskəpi]\nn.\n细菌境检(法)，用显微镜检查研究细菌",,,,,0,0,,,
bacterioscopist,,n. One skilled in bacterioscopic examinations.,n. bacterioscopy的变形,,,,,0,0,,,
bacterioscopists,"bæk,tiəri'ɔskəpi",,"bacterioscopist\nn.\nbacterioscopy的变形\nbacterioscopy\n[bæk,tiəri'ɔskəpi]\nn.\n细菌境检(法)，用显微镜检查研究细菌",,,,,0,0,,,
bacterioscopy,bæk.tiәri'ɒskәpi,"n. The application of a knowledge of bacteria for their\n   detection and identification, as in the examination of polluted water.",n. 细菌镜检\n[医] 细菌镜检查,,,,,0,0,,,
bacteriosis,bæktiәri'әusis,,n. 细菌病害\n[医] 细菌病,,,,,0,0,,,
bacteriosolvent,,,"[医] 溶菌的, 溶菌剂",,,,,0,0,,,
bacteriosome,,,细菌小体,,,,,0,0,,,
bacteriospermia,,,"含菌精液,菌精症",,,,,0,0,,,
bacteriostal,,,硫双二氯酚,,,,,0,0,,,
bacteriostases,,,n. 【生】抑菌作用\n[网络] 抑菌酌；制菌作用；抑菌试验,,,,,0,0,0:bacteriostasis/1:s,,
bacteriostasic activity,,,抑菌作用,,,,,0,0,,,
bacteriostasis,",bæktiәriә'steisis",n inhibition of the growth of bacteria,"n. 细菌抑制, 阻止细菌繁殖法",,,,,0,0,s:bacteriostases,,
bacteriostasis agent,,,抑菌剂,,,,,0,0,,,
bacteriostat,bæk'tiәriәstæt,n a chemical or biological material that inhibits bacterial growth,n. [微]抑菌剂,,,,,0,0,s:bacteriostats,,
bacteriostatic,"bæk,tiәriә'stætik",a. of or relating to or causing bacteriostasis,"a. 抑制细菌的\n[医] 制菌的, 制菌剂",,,,,0,0,,,
bacteriostatic action,,,抑菌作用,,,,,0,0,,,
bacteriostatic activity,,,制菌作用,,,,,0,0,,,
bacteriostatic agent,,,"[化] 抑菌剂\n[医] 防腐剂, 制菌剂",,,,,0,0,,,
bacteriostatic agents,,,抑菌剂,,,,,0,0,,,
bacteriostatic antibiotic,,,[医] 抑菌性抗菌素,,,,,0,0,,,
bacteriostatic compound,,,菌化合物,,,,,0,0,,,
bacteriostatic effect,,,抑菌效果,,,,,0,0,,,
bacteriostatic finish,,,抑菌加工,,,,,0,0,,,
bacteriostatic plasticizer,,,抑菌(性)增塑剂,,,,,0,0,,,
bacteriostatically,,,"adv. 细菌抑制地,阻止细菌繁殖法地",,,,,0,0,,,
bacteriostatics,,,[化] 抑菌物,,,,,0,0,,,
bacteriostats,,,n. 【生】抑菌作用\n[网络] 抑菌剂；杀菌剂；制菌剂,,,,,0,0,0:bacteriostat/1:s,,
bacteriotherapeutic,,,[网络] 细菌治疗,,,,,0,0,,,
bacteriotherapies,"bæk,tiəriəu'θerəpi",,n.\n【医学】细菌疗法,,,,,0,0,,,
bacteriotherapy,"bæk,tiәriәu'θerәpi",,n. 细菌疗法,,,,,0,0,,,
bacteriotome,bæk'tiәriәtәum,,[微]菌小体,,,,,0,0,,,
Bacteriotorpin,,,"亲菌素,免疫调理素",,,,,0,0,,,
bacteriotoxemia,"'bæk,tiәriәtɔk'si:miә",,[医]细菌毒血症,,,,,0,0,,,
bacteriotoxic,,,"[医] 毒害细菌的, 细菌毒素的",,,,,0,0,,,
bacteriotoxic endometritis,,,[医] 细菌毒性子宫内膜炎,,,,,0,0,,,
bacteriotoxin,,,[医] 细菌毒素,,,,,0,0,,,
bacteriotrolphic,,,[网络] 细菌营养的,,,,,0,0,,,
bacteriotrophic,,,细菌营养的,,,,,0,0,,,
bacteriotrophism,,,细菌性营养,,,,,0,0,,,
bacteriotrophy,bæk'tiәriәtrɔfi,,[医]细菌营养,,,,,0,0,,,
bacteriotropic,"bæk,tiәriә'trɔpik",,"亲菌性, 亲菌的",,,,,0,0,,,
bacteriotropic sera,,,[医] 亲菌性血清,,,,,0,0,,,
bacteriotropic serum,,,亲菌性血清,,,,,0,0,,,
bacteriotropic substance,,,"[医] 亲菌素, 调理素",,,,,0,0,,,
bacteriotropin,,,"[医] 亲菌素, 调理素",,,,,0,0,,,
bacteriotrypsin,,,[医] 细菌胰蛋白酶,,,,,0,0,,,
bacterioviridin,,,[机] 绿菌属叶绿素,,,,,0,0,,,
bacteriovirus,"bæk,tiәriә'vaiәrәs",,"[微]细菌病毒, 噬菌体",,,,,0,0,,,
bacterirotoxic,,,细菌毒血症,,,,,0,0,,,
bacterise,"'bæktiə,raiz",v subject to the action of bacteria,vt. [主英国英语] = bacterize,,,,,0,0,,,
bacterised,"'bæktiə,raiz",,"bacterised\nvt.\nbacterise的变形\nbacterise\n['bæktiə,raiz]\nvt.\n[主英国英语] = bacterize\n变形：\nvt.\nbacterised\n. bacterising",,,,,0,0,,,
bacterises,"'bæktiə,raiz",,vt.\n[主英国英语] = bacterize\n变形：\nvt.\nbacterised\n. bacterising,,,,,0,0,,,
bacterising,"'bæktiə,raiz",,"bacterising\nvt.\nbacterise的变形\nbacterise\n['bæktiə,raiz]\nvt.\n[主英国英语] = bacterize\n变形：\nvt.\nbacterised\n. bacterising",,,,,0,0,,,
bacteristasis,,,制菌,,,,,0,0,,,
bacteristat,,,制菌剂,,,,,0,0,,,
bacteritic,,,[医] 细菌性的,,,,,0,0,,,
bacterium,bæk'tiәriәm,n (microbiology) single-celled or noncellular spherical or spiral or rod-shaped organisms lacking chlorophyll that reproduce by fission; important as pathogens and for biochemical properties; taxonomy is difficult; often considered to be plants,n. 细菌\n[医] [无芽胞]杆菌属,,,,gk cet6 ky ielts gre,4650,0,s:bacteria,,
Bacterium abortus equi,,,[医] 马流产杆菌,,,,,0,0,,,
Bacterium abortus ovis,,,[医] 羊流产杆菌,,,,,0,0,,,
Bacterium accidentalis tetani,,,[医] 破伤风偶发杆菌,,,,,0,0,,,
Bacterium aceti,,,[医] 醋[酸杆]菌,,,,,0,0,,,
Bacterium acidi lactici,,,"[医] 乳酸菌, 乳链球菌",,,,,0,0,,,
Bacterium acidi laevolactici,,,[医] 左旋乳酸杆菌,,,,,0,0,,,
Bacterium acne contagiosae,,,[医] 触染性粉刺杆菌,,,,,0,0,,,
Bacterium actinomycetem comitans,,,[医] 放线共生杆菌,,,,,0,0,,,
Bacterium aegyptiacum,,,[医] 流感[嗜血]杆菌,,,,,0,0,,,
Bacterium aerogenes,,,[医] 产气[气]杆菌,,,,,0,0,,,
bacterium aertrycke,,,爱德利克桿菌（类似鼠之伤寒桿菌）,,,,,0,0,,,
Bacterium aertryke,,,[医] 鼠伤寒[沙门氏]杆菌,,,,,0,0,,,
Bacterium aeruginosum,,,"[医] 绿脓杆菌, 绿脓假单胞菌",,,,,0,0,,,
Bacterium alkalescens,,,"[医] 硷性杆菌, 硷性志贺氏菌",,,,,0,0,,,
Bacterium ambiguum,,,"[医] 不定型细菌, 施米茨氏痢疾杆菌",,,,,0,0,,,
Bacterium anhthosus,,,[医] 鹅口疮杆菌,,,,,0,0,,,
bacterium animalized,,,[医] 动物通过菌,,,,,0,0,,,
Bacterium anthracoides,,,"[医] 类炭疽杆菌, 巨大芽胞杆菌",,,,,0,0,,,
Bacterium aphthosus,,,鹅口疮杆菌,,,,,0,0,,,
bacterium astragali takimoto,,,紫云英黑斑病菌,,,,,0,0,,,
Bacterium avicidum,,,"[医] 鸡霍乱杆菌, 禽败血杆菌",,,,,0,0,,,
Bacterium avicidum suis,,,[医] 猪霍乱[沙门氏]杆菌,,,,,0,0,,,
Bacterium avisepticum,,,"[医] 鸡霍乱杆菌, 禽败血杆菌",,,,,0,0,,,
Bacterium Binni,,,[医] 宾氏杆菌(伤寒、副伤寒簇中之不发酵糖者),,,,,0,0,,,
Bacterium bovisepticum,,,[医] 牛败血杆菌,,,,,0,0,,,
Bacterium butyri colloideum,,,[医] 胶状乳酪杆菌,,,,,0,0,,,
bacterium carabiformis,,,步行虫状桿菌,,,,,0,0,,,
bacterium centrifugum,,,远心性菌,,,,,0,0,,,
Bacterium ceylonense,,,[医] 锡兰杆菌,,,,,0,0,,,
bacterium chemoheterotrophic,,,[医] 化学异营菌,,,,,0,0,,,
Bacterium chlorinum,,,[医] 黄绿色杆菌,,,,,0,0,,,
Bacterium cholerae columbarum,,,[医] 鸽霍乱杆菌,,,,,0,0,,,
Bacterium choleraesuis,,,[医] 猪霍乱[沙门氏]杆菌,,,,,0,0,,,
Bacterium cloacae,,,[医] 阴沟气杆菌,,,,,0,0,,,
Bacterium coli,,,"[医] 大肠杆菌, 大肠埃希氏杆菌",,,,,0,0,,,
Bacterium coli anindolicum,,,[医] 不产吲哚大肠杆菌,,,,,0,0,,,
Bacterium colorabilis,,,[医] 者色杆菌,,,,,0,0,,,
Bacterium cuniculicidus immobile,,,[医] 兔败血杆菌,,,,,0,0,,,
Bacterium cuniculicidus septicum,,,[医] 兔败血杆菌,,,,,0,0,,,
Bacterium cuniculicidus thermophilum,,,[医] 嗜热性兔败血杆菌,,,,,0,0,,,
bacterium cuniculicidus thermophilus,,,嗜热性家兔败血症桿菌,,,,,0,0,,,
Bacterium cygni,,,[医] 鹅杆菌,,,,,0,0,,,
Bacterium cyprinicida,,,[医] 杀鲤杆菌,,,,,0,0,,,
Bacterium danyszi,,,"[医] 丹尼什氏杆菌, 鼠伤寒杆菌",,,,,0,0,,,
Bacterium dar-es-salaam,,,[医] 达雷斯萨拉姆沙门氏杆菌,,,,,0,0,,,
Bacterium derby,,,[医] 德尔比氏杆菌(一种肠炎杆菌),,,,,0,0,,,
Bacterium diphtheriae,,,[医] 白喉[棒状]杆菌,,,,,0,0,,,
bacterium diphtheriae avium,,,禽白喉桿菌,,,,,0,0,,,
Bacterium diphtheriae cuniculi,,,[医] 兔白喉杆菌,,,,,0,0,,,
Bacterium dispar,,,"[医] 殊异杆菌, 马丹浦志贺氏菌",,,,,0,0,,,
Bacterium dubium,,,[医] 疑[问杆]菌,,,,,0,0,,,
Bacterium dubium pneumoniae,,,[医] 肺炎疑[问杆]菌,,,,,0,0,,,
Bacterium duplex,,,[医] 慢性结膜炎[嗜血]杆菌,,,,,0,0,,,
Bacterium dyseioteriae,,,"[医] 痢疾杆菌, 志贺氏志贺氏菌",,,,,0,0,,,
bacterium dysenteriae lipufaciens,,,液化性痢疾菌,,,,,0,0,,,
Bacterium dysenteriae liquefaciens,,,[医] 液化性痢疾杆菌,,,,,0,0,,,
Bacterium dysenteriae vitulorum,,,[医] 犊痢疾杆菌,,,,,0,0,,,
bacterium endometritidis,,,子宫内膜炎桿菌,,,,,0,0,,,
Bacterium enteritidis,,,[医] 肠炎[沙门氏]杆菌,,,,,0,0,,,
Bacterium erythrogenes,,,[医] 红乳杆菌,,,,,0,0,,,
Bacterium faecalis alcaligenes,,,[医] 粪产硷杆菌,,,,,0,0,,,
Bacterium farinaceum,,,[医] 面粉杆菌,,,,,0,0,,,
Bacterium flexneri,,,"[医] 弗氏痢疾杆菌, 副痢疾志贺氏菌",,,,,0,0,,,
Bacterium flexuosus,,,[医] 弯曲杆菌,,,,,0,0,,,
Bacterium fluorescens,,,[医] 萤光杆菌,,,,,0,0,,,
bacterium fluorescens convexus,,,凸萤光菌,,,,,0,0,,,
Bacterium friedianderi,,,[医] 肺炎杆菌,,,,,0,0,,,
Bacterium fusiformis,,,[医] 梭状杆菌,,,,,0,0,,,
Bacterium galactophilum,,,[医] 嗜乳杆菌,,,,,0,0,,,
bacterium gingivae pyogenes,,,酿脓性齿龈菌,,,,,0,0,,,
Bacterium glaesser,,,[医] 猪伤寒杆菌,,,,,0,0,,,
Bacterium glischrogenes,,,产黏素杆菌,,,,,0,0,,,
Bacterium haemorrhagicus septicus,,,[医] 出血性败血杆菌,,,,,0,0,,,
Bacterium hirschfeldii,,,"[医] 赫希费耳德氏杆菌, 丙型副伤寒[沙门氏]菌",,,,,0,0,,,
Bacterium icterogenes,,,[医] 黄疸杆菌,,,,,0,0,,,
Bacterium lacticum,,,[医] 乳杆菌,,,,,0,0,,,
Bacterium lactis aerogenes,,,"[医] 产气乳杆菌, 产气气杆菌",,,,,0,0,,,
Bacterium lactis erythrogenes,,,[医] 红乳杆菌,,,,,0,0,,,
Bacterium lactis innocuus,,,[医] 无害乳杆菌,,,,,0,0,,,
Bacterium lepisepticum,,,[医] 兔败血杆菌,,,,,0,0,,,
bacterium leucaemiae canis,,,犬白血病桿菌,,,,,0,0,,,
Bacterium levans,,,"[医] 阴沟杆菌, 阴沟气杆菌",,,,,0,0,,,
Bacterium linens,,,[医] 灰白色杆菌,,,,,0,0,,,
Bacterium melaninogenicum,,,[医] 黑色素微小杆菌,,,,,0,0,,,
Bacterium melitense,,,"[医] 地中海热杆菌, 波状热菌, 马尔他布鲁氏菌",,,,,0,0,,,
bacterium monadiformis,,,单虫状菌,,,,,0,0,,,
Bacterium monocytogenes,,,[医] 单核细胞增多性李司忒氏菌,,,,,0,0,,,
bacterium morbilli,,,麻疹桿菌,,,,,0,0,,,
Bacterium morgani,,,[医] 摩根氏变形杆菌,,,,,0,0,,,
bacterium moricorum yendo et higuti,,,桑树立枯病菌,,,,,0,0,,,
bacterium muripestifer,,,非病原鼠类鼠疫桿菌,,,,,0,0,,,
Bacterium murisepticum,,,[医] 鼠败血杆菌,,,,,0,0,,,
Bacterium newport,,,[医] 新港[沙门氏]杆菌,,,,,0,0,,,
Bacterium nitrobacter,,,[医] 硝化杆菌,,,,,0,0,,,
Bacterium oblongum,,,[医] 延长杆菌,,,,,0,0,,,
bacterium of sheep-pox,,,羊痘菌,,,,,0,0,,,
bacterium orchitcum,,,马睪丸炎桿菌,,,,,0,0,,,
Bacterium ozaenae,,,[医] 臭鼻杆菌,,,,,0,0,,,
bacterium pallescens,,,褪色菌,,,,,0,0,,,
Bacterium paradysenteriae,,,[医] 副痢疾杆菌,,,,,0,0,,,
Bacterium paratyphosum,,,[医] 副伤寒杆菌,,,,,0,0,,,
Bacterium paratyphosum A,,,[医] 甲型副伤寒[沙门氏]杆菌,,,,,0,0,,,
Bacterium paratyphosum B,,,[医] 乙型副伤寒[沙门氏]杆菌,,,,,0,0,,,
Bacterium paratyphosum C,,,[医] 丙型副伤寒[沙门氏]杆菌,,,,,0,0,,,
Bacterium pestis,,,[医] 鼠疫杆菌,,,,,0,0,,,
Bacterium pestis bubonicae,,,[医] 鼠疫杆菌,,,,,0,0,,,
Bacterium phosphorescens,,,[医] 磷光杆菌,,,,,0,0,,,
Bacterium pneumoniae,,,[医] 肺炎杆菌,,,,,0,0,,,
Bacterium pneumosintes,,,[医] 害肺小杆菌,,,,,0,0,,,
Bacterium prodigiosum,,,"[医] 粘质沙雷氏菌, 灵杆菌",,,,,0,0,,,
Bacterium pseudoanthracis,,,"[医] 假炭疽杆菌, 巨大芽胞杆菌",,,,,0,0,,,
Bacterium pseudoinfluenzae,,,[医] 假流感杆菌,,,,,0,0,,,
Bacterium pseudotyphosum,,,[医] 假伤寒杆菌,,,,,0,0,,,
Bacterium psittacosis,,,"[医] 鹦鹉热杆菌, 鹦鹉热沙门氏菌",,,,,0,0,,,
Bacterium putidum,,,恶臭杆菌,,,,,0,0,,,
Bacterium pyocyaneum,,,[医] 绿脓杆菌,,,,,0,0,,,
bacterium pyogenes anaerobicus,,,厌氧酿脓菌,,,,,0,0,,,
bacterium radicicola,,,根瘤菌,,,,,0,0,,,
Bacterium reading,,,[医] 里丁杆菌,,,,,0,0,,,
Bacterium rhinoscleromatis,,,[医] 鼻硬结[克雷白氏]杆菌,,,,,0,0,,,
Bacterium rhusiopathiae suis,,,[医] 猪丹毒杆菌,,,,,0,0,,,
Bacterium sanguinarium,,,"[医] 鸡志贺氏菌, 禽伤寒杆菌",,,,,0,0,,,
Bacterium septicaemiae hemorrhagicae,,,[医] 出血败血性[巴斯德氏]杆菌,,,,,0,0,,,
Bacterium shigae,,,[医] 志贺氏痢疾杆菌,,,,,0,0,,,
Bacterium sinuosus,,,[医] 纤曲杆菌,,,,,0,0,,,
Bacterium sonnei,,,[医] 宋内氏志贺氏杆菌,,,,,0,0,,,
Bacterium stanley,,,[医] 斯坦莱[沙门氏]杆菌,,,,,0,0,,,
Bacterium subrufum,,,[医] 微红[沙雷氏]杆菌,,,,,0,0,,,
bacterium subtilis,,,枯草菌,,,,,0,0,,,
Bacterium suipestifer,,,[医] 猪霍乱[沙门氏]杆菌,,,,,0,0,,,
Bacterium suisepticum,,,[医] 猪败血杆菌,,,,,0,0,,,
bacterium sulfureum,,,硫菌,,,,,0,0,,,
Bacterium syncyaneum,,,"[医] 蓝乳杆菌, 产蓝色乳杆菌",,,,,0,0,,,
Bacterium termo,,,[医] 变形杆菌,,,,,0,0,,,
bacterium tobacum wolf et foster,,,烟草野火病菌,,,,,0,0,,,
bacterium tremo,,,振颤菌,,,,,0,0,,,
Bacterium tularense,,,"[医] 土拉巴斯德氏菌, 土拉热杆菌",,,,,0,0,,,
Bacterium typhi-abdominalis,,,[医] 伤寒[沙门氏]杆菌,,,,,0,0,,,
Bacterium typhimurium,,,[医] 鼠伤寒[沙门氏]杆菌,,,,,0,0,,,
Bacterium typhosum,,,"[医] 伤寒杆菌, 伤寒沙门氏菌",,,,,0,0,,,
Bacterium ulceris canerosi,,,[医] 软下疳杆菌,,,,,0,0,,,
Bacterium vaginae,,,[医] 阴道杆菌,,,,,0,0,,,
Bacterium variolae,,,[医] 痘疱杆菌,,,,,0,0,,,
Bacterium vermiforme,,,[医] 蚓状杆菌,,,,,0,0,,,
Bacterium viridis,,,[医] 草绿色杆菌,,,,,0,0,,,
Bacterium voldagsen,,,[医] 伏耳达格森杆菌,,,,,0,0,,,
Bacterium vulgare,,,[医] 变形杆菌,,,,,0,0,,,
Bacterium whitmori,,,[医] 假鼻疽杆菌,,,,,0,0,,,
Bacterium zopfii,,,[医] 佐普夫氏[库氏]杆菌,,,,,0,0,,,
bacterium(pl.bacteria),,,细菌,,,,,0,0,,,
bacteriuria,"bæk,tiәri'jjәriә",,"n. [医]细菌尿,菌尿症",,,,,0,0,s:bacteriurias,,
bacteriurias,"bæk,tɪri'jʊriə",,n. 菌尿症；[泌尿] 细菌尿,,,,,0,0,0:bacteriuria/1:s,,
bacteriuric,bæk'tɪərɪərɪk,,[医]菌尿的,,,,,0,0,,,
Bacteriury,,,"细菌尿症,细菌尿",,,,,0,0,,,
bacterivore,,,n. 食细菌生物,,,,,0,0,,,
bacterivores,,,[网络] 食细菌类；食细菌类线虫,,,,,0,0,,,
bacterivorous,,,[网络] 食细菌,,,,,0,0,,,
bacterivory,,,[网络] 吞食细菌,,,,,0,0,,,
bacterization,",bæktәrai'zeiʃәn; -ri'z-",,n. 借细菌作用治疗或改变,,,,,0,0,,,
bacterizations,",bæktərɪ'zeʃən",,生物接种,,,,,0,0,,,
bacterize,'bæktiraiz,v subject to the action of bacteria,v. 借细菌作用治疗或改变,,,,,0,0,i:bacterizing/p:bacterized/3:bacterizes/d:bacterized,,
bacterized,,v subject to the action of bacteria,v. 借细菌作用治疗或改变( bacterize的过去式和过去分词 ),,,,,0,0,,,
bacterizes,,v subject to the action of bacteria,v. 借细菌作用治疗或改变（bacterize的第三人称单数形式）,,,,,0,0,,,
bacterizing,,v subject to the action of bacteria,v. 借细菌作用治疗或改变( bacterize的现在分词 ),,,,,0,0,,,
bacteroid,'bæktәrɒid,n. a rodlike bacterium (especially any of the rod-shaped or branched bacteria in the root nodules of nitrogen-fixing plants),n. 类杆菌\na. 似细菌的,,,,,0,0,s:bacteroids,,
bacteroid cell,,,类菌体细胞,,,,,0,0,,,
Bacteroidaceae,",bæktə'rɔidəsii:",,n. 类杆菌；[微] 拟杆菌科,,,,,0,0,s:bacteroidaceaes,,
bacteroidaceaes,",bæktə'rɔidəsii:",,"Bacteroidaceae\n[,bæktə'rɔidəsii:]\nn.\n【细菌】拟杆菌科",,,,,0,0,0:bacteroidaceae/1:s,,
bacteroidal,",bæktә'rɔidl",a. resembling bacteria,a. 细菌状的,,,,,0,0,,,
Bacteroidales,,,拟杆菌目,,,,,0,0,,,
bacteroide,,,拟桿菌,,,,,0,0,,,
Bacteroideae,,,"[医] 拟杆菌类, 类杆菌族",,,,,0,0,,,
Bacteroides,,n. type genus of Bacteroidaceae; genus of Gram-negative rodlike anaerobic bacteria producing no endospores and no pigment and living in the gut of man and animals,类桿菌属; 拟桿菌属,,,,,0,0,s:bacteroidess,,
Bacteroides corroden,,,[微] 侵蚀拟杆菌,,,,,0,0,,,
bacteroides fragilis,,,脆弱类拟杆菌,,,,,0,0,,,
bacteroides fusiformis,,,梭状拟杆菌,,,,,0,0,,,
Bacteroides melaninogenicus,,,[微] 黑色素拟杆菌,,,,,0,0,,,
bacteroides nodosus,,,小结节桿菌,,,,,0,0,,,
Bacteroides ramosus,,,分支拟杆菌,,,,,0,0,,,
bacteroidess,",bæktə'rɔidi:z",,"Bacteroides\n[,bæktə'rɔidi:z]\nn.\n【细菌】拟杆菌属",,,,,0,0,0:bacteroides/1:s,,
bacteroidete,,,[网络] 杆菌；脆弱拟杆菌,,,,,0,0,,,
bacteroidetes,,,[网络] 拟杆菌门；拟杆菌纲；杆菌是厚壁菌门,,,,,0,0,,,
bacteroidosis,,,"[医] 拟杆菌病, 类杆菌病",,,,,0,0,,,
bacteroids,,,[网络] 类杆菌；类菌体；拟杆菌,,,,,0,0,0:bacteroid/1:s,,
bacterolysis,,,"溶菌作用,细菌溶解",,,,,0,0,,,
Bacteroprotein,,,细菌蛋白质,,,,,0,0,,,
bacterorrhiza,bæktə'rɒraɪzə,,n.细菌菌根,,,,,0,0,,,
bacterotoxic,,,细菌毒的,,,,,0,0,,,
bacterotropin,,,亲菌素,,,,,0,0,,,
bacterseulf,,,磺胺异噁唑,,,,,0,0,,,
bacteruria,,,[医] 细菌尿,,,,,0,0,,,
bactetriotropin,,,细菌调理素,,,,,0,0,,,
bactgeremic septicemia,,,菌血性败血症,,,,,0,0,,,
Bacti-Cinerator,,,注射针红外线加热消毒器,,,,,0,0,,,
Bacti-Cleanse,,,是一种皮肤清洁剂,,,,,0,0,,,
Bacticin,,,混酚灵杀菌剂,,,,,0,0,,,
bactine,,,[网络] 一种止痛药的牌子；肌乐；拜尔公司,,,,,0,0,,,
bactiterial,bæk'tiəriəl,,adj. 【微生物学】；细菌的；细菌引起的,,,,,0,0,,,
bacto,,,[网络] 脑心浸液,,,,,0,0,,,
Bacto-agar,,,细菌培养用琼脂,,,,,0,0,,,
bacto-tryptone,,,细菌用胰蛋白胨,,,,,0,0,,,
bactoagglutination,,,细菌凝集反应,,,,,0,0,,,
bactobolin,,,波林菌素,,,,,0,0,,,
Bactocil,,,"苯唑西林,苯唑青霉素,苯甲异噁唑青霉素,新青霉素Ⅱ",,,,,0,0,,,
Bactocill,,,苯唑西林钠,,,,,0,0,,,
bactofugated milk,,,离心除菌乳,,,,,0,0,,,
bactofugation,",bæktəfju:'ɡeiʃən",,n. 【食品工业】离心力除菌,,,,,0,0,,,
bactofuge,,,离心除菌机,,,,,0,0,,,
bactofugeur,bæktɔ:fju:d'ʒɜ:,, [医]离心除菌机,,,,,0,0,,,
bactogen,,,连续培养装置,,,,,0,0,,,
bactoisoprenol,,,细菌萜醇,,,,,0,0,,,
Bactol,,,"碘氯羟喹,氯碘喹啉",,,,,0,0,,,
Bacton,,,[地名] 巴克顿 ( 美、英 ),,,,,0,0,,,
Bactopen,,,氯唑西林,,,,,0,0,,,
bactopeptone,,,细菌用蛋白胨,,,,,0,0,,,
bactoprenol,,,[化] 细菌萜醇,,,,,0,0,,,
Bactoscilla,,,颤杆菌属,,,,,0,0,,,
Bactra,'bæktrə,,"n. 巴克特拉（土耳其帝国的别称, 今阿富汗巴尔赫村）",,,,,0,0,,,
Bactratycin,,,短杆菌素,,,,,0,0,,,
bactreia,,,细菌,,,,,0,0,,,
Bactria,'bæktriә,,"[史]大夏(即巴克特里亚王国, 亚洲西部阿姆河与兴都库什山之间一古国)",,,,,0,0,,,
Bactrian,'bæktriәn,a. Of or pertaining to Bactria in Asia.\nn. A native of Bactria.,n. 大夏人[语]\na. 大夏(语)的,j:100,,,,0,42712,,,
Bactrian camel,,,双峰驼,,,,,0,0,s:bactrian camels,,
"Bactrian camel,bactrian camel",,,【动物】(产于中亚的)双峰驼(Camelus bactrianus)[参较 dromedary],,,,,0,0,,,
Bactrian camels,,,na. 双峰骆驼\n[网络] 双峰驼,,,,,0,0,0:bactrian camel/1:s,,
bactrian wool,,,双峰骆驼毛(亚洲产),,,,,0,0,,,
Bactrians,,,[网络] 人；大夏人,,,,,0,0,,,
bactricicone,,,桿石壳,,,,,0,0,,,
bactrim,,,[化] 复方新诺明片,,,,,0,0,,,
bactriophagia,,,"代列尔现象,噬菌现象",,,,,0,0,,,
bactriostasis,,,抑菌作用,,,,,0,0,,,
Bactris,,,[网络] 刺棕属；手杖椰子属；桃果椰子属,,,,,0,0,,,
bactris gasipaes,,,桃椰子,,,,,0,0,,,
bactris jacq.,,,手杖椰子属,,,,,0,0,,,
bactris mqjor jacq.,,,手杖椰子,,,,,0,0,,,
Bactrites,,,n. 【古生物】杆棱石属，杆石属,,,,,0,0,,,
bactritoid,,,n. 杆菊石式,,,,,0,0,,,
Bactritoidea,,,桿石超目,,,,,0,0,,,
bactritoids,,,[网络] 杆石类,,,,,0,0,,,
bactrium,,,菌特灵; 菌特灵,,,,,0,0,,,
Bactroban,,,百多邦,,,,,0,0,,,
bactrocera (bactrocera) costalis,,,广带寡毛实蝇,,,,,0,0,,,
bactrocera (bactrocera) depressa,,,宽额寡毛实蝇,,,,,0,0,,,
bactrocera (bactrocera) dorsalis,,,东方果实蝇,,,,,0,0,,,
bactrocera (bactrocera) ferruginea,,,锈色实蝇,,,,,0,0,,,
bactrocera (bactrocera) hsui,,,许氏寡毛实蝇,,,,,0,0,,,
bactrocera (bactrocera) latifrons,,,三瓣寡毛实蝇,,,,,0,0,,,
bactrocera (bactrocera) paratappana,,,拟大斑寡毛实蝇,,,,,0,0,,,
bactrocera (bactrocera) parvula,,,小黑寡毛实蝇,,,,,0,0,,,
bactrocera (bactrocera) semifemoralis,,,半黑腿寡毛实蝇,,,,,0,0,,,
bactrocera (bactrocera) tappanus,,,大斑寡毛实蝇,,,,,0,0,,,
bactrocera (bactrocera) tenuivittata,,,细痣寡毛实蝇,,,,,0,0,,,
bactrocera (bactrocera) yilanensis,,,宜兰寡毛实蝇,,,,,0,0,,,
bactrocera (zeugodacus) ambiguus,,,脸斑寡毛实蝇,,,,,0,0,,,
bactrocera (zeugodacus) arisanica,,,阿里山寡毛实蝇,,,,,0,0,,,
bactrocera (zeugodacus) cilifera,,,细带寡毛实蝇,,,,,0,0,,,
bactrocera (zeugodacus) cucurbitae,,,瓜实蝇,,,,,0,0,,,
bactrocera (zeugodacus) cucurbitae (coquillett),,,瓜实蝇；瓜蝇,,,,,0,0,,,
bactrocera (zeugodacus) diaphora,,,黑条寡毛实蝇,,,,,0,0,,,
bactrocera (zeugodacus) elegantis,,,丽寡毛实蝇,,,,,0,0,,,
bactrocera (zeugodacus) flava,,,黄寡毛实蝇,,,,,0,0,,,
bactrocera (zeugodacus) lipsanus,,,凹额寡毛实蝇,,,,,0,0,,,
bactrocera (zeugodacus) lunulata,,,半月寡毛实蝇,,,,,0,0,,,
bactrocera (zeugodacus) mundus,,,洁寡毛实蝇,,,,,0,0,,,
bactrocera (zeugodacus) nigrifacies,,,黑脸寡毛实蝇,,,,,0,0,,,
bactrocera (zeugodacus) okunii,,,无斑寡毛实蝇,,,,,0,0,,,
bactrocera (zeugodacus) parvufoliacea,,,黑寡毛实蝇,,,,,0,0,,,
bactrocera (zeugodacus) pauleiensis,,,宝来寡毛实蝇,,,,,0,0,,,
bactrocera (zeugodacus) pseudoscutellata,,,拟黑楯板寡毛实蝇,,,,,0,0,,,
bactrocera (zeugodacus) scutellata,,,黑楯板寡毛实蝇,,,,,0,0,,,
bactrocera (zeugodacus) synnephes,,,巨斑寡毛实蝇,,,,,0,0,,,
bactrocera (zeugodacus) tau,,,南瓜寡毛实蝇,,,,,0,0,,,
bactrocera (zeugodacus) yuiliensis,,,玉里寡毛实蝇,,,,,0,0,,,
bactrocera carambolae drew et hancock,,,杨桃果实蝇,,,,,0,0,,,
bactrocera caryeare (kapoor),,,印度果实蝇,,,,,0,0,,,
bactrocera correcta (bezzi),,,番石榴果实蝇,,,,,0,0,,,
bactrocera dorsalis (hendel),,,东方果实蝇,,,,,0,0,,,
bactrocera kandiensis drew et hancock,,,斯里兰卡果实蝇,,,,,0,0,,,
bactrocera minax (enderlein),,,柑橘大实蝇,,,,,0,0,,,
bactrocera papayae drew et hancock,,,木瓜果实蝇,,,,,0,0,,,
bactrocera philippinensis drew et hancock,,,菲律宾果实蝇,,,,,0,0,,,
bactrocera pyrifoliae drew et hancock,,,梨果实蝇,,,,,0,0,,,
bactrocera zonata (saunders),,,桃果实蝇,,,,,0,0,,,
Bactroceras,,,"桿角石属〔头足类；O2〕, 桿角石属〔头足类，O2〕",,,,,0,0,,,
bactrodesmium guamense,,,关岛桿孢菌,,,,,0,0,,,
bactrodesmium linderi,,,梳霉桿胞菌,,,,,0,0,,,
bactrodesmium longisporum,,,长孢子桿孢菌,,,,,0,0,,,
Bactrognathus,,,棒颚牙形石属〔C1〕,,,,,0,0,,,
bactromyia delicatula,,,娇弱寄蝇,,,,,0,0,,,
Bactrosaurus,,,"巴克龙属〔爬行类，K〕, 巴克龙",,,,,0,0,,,
Bactrosporites,,,棒形孢属〔P〕,,,,,0,0,,,
bactrosporous,,,具杆状孢子的,,,,,0,0,,,
Bactrovet,,,"磺胺间二甲氧嘧啶,4-磺胺-2,6-二甲氧嘧啶",,,,,0,0,,,
Bacturcult,,,尿细菌培养试剂盒,,,,,0,0,,,
Bactylan,,,"对氨基水杨酸钠,对氨基柳酸钠,对氨柳酸钠",,,,,0,0,,,
Bacubirito,,,[地名] 巴库维里托 ( 墨 ),,,,,0,0,,,
Bacuch,,,巴库奇,,,,,0,0,,,
bacul,,,[网络] 禁止,,,,,0,0,,,
bacul-,,,[微] 具杆的,,,,,0,0,,,
bacula,'bækjjlә,,baculum的复数,,,,,0,0,,,
baculate,,,adj. 棒状的；棒的,,,,,0,0,,,
Baculati,,,棒瘤孢亚系,,,,,0,0,,,
Baculatisporites,,,棒瘤孢属〔P〕,,,,,0,0,,,
bacule,,,[网络] 杆,,,,,0,0,,,
baculentulus hohuanshanensis,,,合欢山巴蚖,,,,,0,0,,,
baculentulus morikawai,,,森川巴蚖,,,,,0,0,,,
baculentulus taipeiensis,,,台北巴蚖,,,,,0,0,,,
baculentulus tosanus,,,土佐巴蚖,,,,,0,0,,,
baculere,,,[网络] 棒极了,,,,,0,0,,,
bacules,,,[网络] 杆菌,,,,,0,0,,,
Baculexinis,,,异瘤切壁孢属〔C2〕,,,,,0,0,,,
baculiform,bæ'kju:lifɔ:m,s formed like a bacillus,"a. [生]杆状的,棒状的",,,,,0,0,,,
Baculin,,,[地名] 巴库林 ( 菲 ),,,,,0,0,,,
Baculin B.,,,[地名] 巴库林湾 ( 菲 ),,,,,0,0,,,
Baculin Pt.,,,[地名] 巴库林角 ( 菲 ),,,,,0,0,,,
baculine,'bækjulain,a. Of or pertaining to the rod or punishment with the rod.,"a. 棍棒的, 鞭刑的",,,,,0,0,,,
baculine argument,,,"〈谑〉用鞭挞来说服的办法,棍棒法律",,,,,0,0,,,
baculite,bæk'jʊlaɪt,"n. A cephalopod of the extinct genus Baculites, found fossil\n   in the Cretaceous rocks. It is like an uncoiled ammonite.", 暗杆雏晶,,,,,0,0,,,
baculites,,,n. 杆菊石属,,,,,0,0,,,
baculitic,",bækju'litik",,"baculitic\n[,bækju'litik]\nadj.\nbaculite的变形\nbaculite\n['bækju,lait]\nn.\n【矿物】杆菊石",,,,,0,0,,,
baculitid,,,[网络] 杆菌,,,,,0,0,,,
baculitids,,,[网络] 杆菌,,,,,0,0,,,
baculliform,,,[微] 杆状的,,,,,0,0,,,
baculometry,,,[网络] 分数法,,,,,0,0,,,
baculoviral,,,[网络] 杆状病毒,,,,,0,0,,,
baculoviral midgut gland necrosis,,,中肠腺坏死杆状病毒病,,,,,0,0,,,
Baculoviridae,,,杆状病毒科,,,,,0,0,,,
baculovirus,,,杆状病毒,,,,,0,0,s:baculoviruss,,
baculoviruse,,,[网络] 包含体病毒如杆状病毒,,,,,0,0,s:baculoviruses,,
baculoviruses,,,[网络] 杆状病毒,,,,,0,0,0:baculoviruse/1:s3,,
baculoviruss,,,杆状病毒\n(baculovirus 的复数),,,,,0,0,0:baculovirus/1:s,,
baculum,'bækjulәm,,n. (某些哺乳动物的)阴茎骨,,,,,0,0,,,
baculums,'bækjʊləm,,n. [脊椎] 阴茎骨,,,,,0,0,,,
bacumberite,,,氯钾钙石,,,,,0,0,,,
bacun,,,[网络] 笨蛋,,,,,0,0,,,
Bacungan,,,[地名] 巴孔岸 ( 菲 ),,,,,0,0,,,
Bacup,,,巴卡普,,,,,0,0,,,
Bacuri,,,巴库里,,,,,0,0,,,
"Bacuri, I.do",,,[地名] 巴库里岛 ( 巴西 ),,,,,0,0,,,
bacus,,,n. (Bacus)人名；(法)巴屈斯,,,,,0,0,,,
Bacus filter,,,巴克斯滤波器,,,,,0,0,,,
bacynet,,,[网络] 棒球,,,,,0,0,,,
bacyteriemia,,,菌血症,,,,,0,0,,,
Baczyna,,,[地名] 巴奇纳 ( 波 ),,,,,0,0,,,
Bacǎu,,,[地名] 巴克乌 ( 罗 ),,,,,0,0,,,
bad,bæd,n. that which is below standard or expectations as of ethics or decency\na. having undesirable or negative qualities\ns. very intense\ns. feeling physical discomfort or pain (`tough' is occasionally used colloquially for `bad'),a. 坏的\nn. 坏\nadv. 坏地,r:3/j:96/n:1,5,1,zk gk,349,282,s:bads/r:worse/t:worst,,
Bad Abbach,,,[地名] 巴特阿巴赫 ( 德 ),,,,,0,0,,,
bad accident,,,险性事故,,,,,0,0,,,
bad account,,,"[经] 坏帐, 呆帐",,,,,0,0,,,
bad actor,,,"桀骜不驯,胡乱撒野者;恶棍,歹徒",,,,,0,0,,,
bad actors,,,[网络] 捣蛋鬼；恶意行为体,,,,,0,0,,,
Bad Aibling,,,[地名] 巴特艾布灵 ( 德 ),,,,,0,0,,,
bad air,,,un. 废风\n[网络] 坏空气；有害的空气；不好的空气,,,,,0,0,,,
bad alcohol,,,不良酒精,,,,,0,0,,,
Bad Alexandersbad,,,[地名] 巴特亚历山大斯巴德 ( 德 ),,,,,0,0,,,
bad anchorage,,,[网络] 不良锚地,,,,,0,0,,,
bad and doubtful account,,,"[经] 呆帐, 坏帐",,,,,0,0,,,
bad apple,,,〈美俚〉坏家伙,,,,,0,0,,,
bad apples,,,[网络] 坏苹果；坏家伙；苹果消除,,,,,0,0,,,
bad ass,,, [电影]混蛋,,,,,0,0,,,
bad asset,,,呆滞资产，坏资产,,,,,0,0,,,
bad assets,,,[经] 呆滞资产,,,,,0,0,,,
bad at,,,不善于…；对…不行,,,,,0,0,,,
bad at numbers,,,不善算术,,,,,0,0,,,
bad attack,,,严重侵袭[发病],,,,,0,0,,,
Bad Aussee,,,[地名] 巴特奥塞 ( 奥 ),,,,,0,0,,,
Bad Axe,,,[地名] 巴德阿克斯 ( 美 ),,,,,0,0,,,
bad bank,,,〈美〉坏账托收银行,,,,,0,0,,,
bad banks,,,[网络] 坏银行,,,,,0,0,,,
bad bargain,,,[经] 蚀(亏)本生意,,,,,0,0,,,
bad beat,,,[网络] 爆冷门；阴错阳差；小概率击败,,,,,0,0,,,
bad beats,,,爆冷门\n小概率击败\n扑克牌比赛中，握有一手好牌，但由于一张牌而输掉了比赛,,,,,0,0,,,
bad behavior,,,[网络] 坏行为；不良行为；行为恶劣,,,,,0,0,,,
bad bentheim,,,巴德本特罕,,,,,0,0,,,
Bad Bergzabern,,,[地名] 巴特贝格察伯恩 ( 德 ),,,,,0,0,,,
Bad Berka,,,[地名] 巴特贝尔卡 ( 德 ),,,,,0,0,,,
Bad Berleburg,,,[地名] 巴特贝勒堡 ( 德 ),,,,,0,0,,,
bad berneck,,,巴德伯内克,,,,,0,0,,,
Bad Berneck im Fichtelgebirge,,,[地名] 菲希特尔山区巴特贝内克 ( 德 ),,,,,0,0,,,
Bad Bertrich,,,[地名] 巴特贝尔特里希 ( 德 ),,,,,0,0,,,
Bad Bevensen,,,[地名] 巴特贝文森 ( 德 ),,,,,0,0,,,
Bad Bibra,,,[地名] 巴特比布拉 ( 德 ),,,,,0,0,,,
bad bishop,,,un. 坏象\n[网络] 坏主教,,,,,0,0,,,
bad bishops,,,[网络] 不好的主教,,,,,0,0,,,
bad bitch,,Totally mentally gifted and usually also fine as hell.\n> Darcy is a bad bitch.\n,,,,,,0,0,,,
bad bitches,,Totally mentally gifted and usually also fine as hell.\n> Darcy is a bad bitch.\n,,,,,,0,0,,,
Bad Blankenburg,,,[地名] 巴特布兰肯堡 ( 德 ),,,,,0,0,,,
bad bleiberg,,,巴德布来伯格,,,,,0,0,,,
bad block,bæd blɔk,, 不良（存储）块,,,,,0,0,s:bad blocks,,
bad block data,,,[计] 坏块数据,,,,,0,0,,,
bad block table,,,坏块表（网）,,,,,0,0,,,
bad blocks,,,不良块,,,,,0,0,0:bad block/1:s,,
bad blood,,,"恨, 恶感\n[法] 恶感",,,,,0,0,s:bad bloods,,
bad bloods,,,恶感；嫌隙；不和,,,,,0,0,0:bad blood/1:s,,
bad blunder,,,大错,,,,,0,0,,,
Bad Bocklet,,,[地名] 巴特博克莱特 ( 德 ),,,,,0,0,,,
bad book,,,套住，呆账,,,,,0,0,,,
bad books,,,[网络] 糟糕的书；坏书；书籍或文件观念不正确,,,,,0,0,,,
bad borrower,,,[网络] 不良借款人,,,,,0,0,,,
bad boy,,,"[法] 不良少年, 反叛儿",,,,,0,0,,,
bad boys,,,[网络] 绝地战警；坏小子；坏男孩,,,,,0,0,,,
bad brambach,,,巴德布兰巴赫,,,,,0,0,,,
Bad Bramstedt,,,[地名] 巴特布拉姆施泰特 ( 德 ),,,,,0,0,,,
bad branch,,,巴德河,,,,,0,0,,,
bad break,,,错分，错转,,,,,0,0,,,
bad breaking,,,[计] 不合理的划分,,,,,0,0,,,
bad breaks,,,n. 失言,,,,,0,0,,,
bad breath,,,[医] 口臭,,,,,0,0,,,
Bad Breisig,,,[地名] 巴特布赖西希 ( 德 ),,,,,0,0,,,
bad bruckenau,,,巴德布里肯瑙,,,,,0,0,,,
Bad Brückenau,,,[地名] 巴特布吕克瑙 ( 德 ),,,,,0,0,,,
Bad Buchau,,,[地名] 巴特布豪 ( 德 ),,,,,0,0,,,
bad business,,,[经] 营业不利,,,,,0,0,,,
bad buy,,,吃亏货，不合算的买卖,,,,,0,0,,,
bad camberg,,,巴德坎伯格,,,,,0,0,,,
bad case label,,,[计] 错误情形标号,,,,,0,0,,,
bad cast,,,"钢丝盘卷不匀(有涨圈、收圈、反盘等现象),杂乱排绕",,,,,0,0,,,
bad cess,,,bad cess\n不幸，颠沛,,,,,0,0,,,
bad cess to,,,但愿(某人)倒霉],,,,,0,0,,,
bad cess to you,,,[口语、诅咒用语]你这该死的；见鬼去吧；但愿你倒霉!；[口语、诅咒用语]你这该死的；见鬼去吧；但愿你倒霉!,,,,,0,0,,,
bad character,,,"[法] 歹徒, 恶棍, 不良品德",,,,,0,0,,,
bad check,bæd tʃek,, 空头支票,,,,,0,0,s:bad checks,,
bad checks,,,[经] 空头支票,,,,,0,0,0:bad check/1:s,,
bad cheek,,,头支票,,,,,0,0,,,
bad cheque,bæd tʃek,,n. 空头支票,,,,,0,0,s:bad cheques,,
bad cheques,,,n. 空头支票( bad cheque的名词复数 ),,,,,0,0,0:bad cheque/1:s,,
bad cholesterol,,, 有害胆固醇,,,,,0,0,,,
bad claim,,,不良债权,,,,,0,0,,,
bad coin,,,[经] 劣币,,,,,0,0,,,
bad cold,bæd kəuld,, 重感冒,,,,,0,0,,,
bad colour,,,墨色不匀,,,,,0,0,,,
bad command,,,n. 错误命令,,,,,0,0,,,
bad command or file name,,,[计] 错误的命令或文件名,,,,,0,0,,,
bad companies,,,临时特工（电影）,,,,,0,0,,,
bad company,,,[网络] 临时特工；坏伙伴；轰天杀手,,,,,0,0,,,
bad condition,bæd kənˈdiʃən,, [财]不良状态,,,,,0,0,s:bad conditions,,
bad condition of teeth,,,病齿,,,,,0,0,,,
bad conditions,,,不良状态,,,,,0,0,0:bad condition/1:s,,
bad condnctor,,,[电] 不良导体,,,,,0,0,,,
bad conduct discharge,,,撤销军职,,,,,0,0,,,
bad conductor,,,[计] 不良导体,,,,,0,0,,,
bad connection,,,接触不良\n不良连接,,,,,0,0,,,
bad conscience,,,(做了坏事)感到内疚，问心有愧，心里有鬼[亦作 evil conscience],,,,,0,0,,,
bad contact,,,[计] 不良接点\n[化] 接触不良,,,,,0,0,,,
bad contact test,,,不良接触试验,,,,,0,0,,,
bad cop,,,[网络] 好警察；黑脸；铁面警察,,,,,0,0,,,
bad cops,,,[网络] 美国暴力警察,,,,,0,0,,,
bad copy,,,原稿不清[模糊],,,,,0,0,,,
Bad Cough,,,厉害的咳嗽,,,,,0,0,,,
bad count,,,[美国俚语]；不公正的决定；欺诈，诈骗,,,,,0,0,,,
bad cover,,,低覆盖性,,,,,0,0,,,
bad credit,,,[网络] 不良信贷；坏信用；信誉不好,,,,,0,0,,,
bad crop,,,欠收,,,,,0,0,,,
bad crowd,,,坏蛋；无足轻重的人,,,,,0,0,,,
bad data,bæd ˈdeitə,, 不良数据,,,,,0,0,,,
bad day,,,[网络] 坏天气；糟糕的一天；倒霉日,,,,,0,0,,,
bad debt,,,[会计] 坏帐；[会计] 呆帐,,1,,,0,0,s:bad debts,,
bad debt account,,,[网络] 呆账账户；坏帐帐户,,,,,0,0,,,
bad debt agency code,,,不良扣款机构代码,,,,,0,0,,,
bad debt expense,,,[经] 呆帐费用,,,,,0,0,,,
bad debt insurance,,,坏账保险,,,,,0,0,,,
bad debt loss,,,坏账损失,,,,,0,0,,,
bad debt provision,,,坏账准备，呆账准备,,,,,0,0,,,
bad debt ratio,,,坏账比率，呆账比率,,,,,0,0,,,
bad debt recovered account,,,[会计] 呆帐重新收回帐户,,,,,0,0,,,
bad debt recoveries,,,[会计] 重新收回呆帐,,,,,0,0,,,
bad debt recovery,,,坏账回收，呆账回收,,,,,0,0,,,
bad debt recovery amount,,,不良扣款赔偿金额,,,,,0,0,,,
bad debt recovey,,,[网络] 呆坏帐收回,,,,,0,0,,,
bad debt reserve,,,坏账准备,,,,,0,0,,,
bad debt transfer amount,,,不良扣款转移金额,,,,,0,0,,,
bad debt writeoff,,,坏账注销,,,,,0,0,,,
bad debt written off,,,[会计] 注销坏帐,,,,,0,0,,,
bad debtor,,,[网络] 坏帐债务人,,,,,0,0,,,
bad debts,,,"坏帐\n[法] 恶债, 呆帐, 倒帐",,,,,0,0,0:bad debt/1:s,,
bad debts account,,,坏账账户，呆账账户,,,,,0,0,,,
bad debts collected,,,[经] 收回呆帐,,,,,0,0,,,
bad debts losses,,,[经] 呆(坏)帐损失,,,,,0,0,,,
bad debts policy,,,坏账保险单,,,,,0,0,,,
bad debts provision,,,[经] 呆(坏)帐准备,,,,,0,0,,,
bad debts ratio,,,[经] 坏帐比率,,,,,0,0,,,
bad debts recovered account,,,[经] 呆(坏)帐重新收回帐户(科目),,,,,0,0,,,
bad debts recoveries,,,[经] 重新收回呆帐,,,,,0,0,,,
bad debts reserve,,,[经] 呆帐准备金,,,,,0,0,,,
bad debts written off,,,[经] 注销坏帐,,,,,0,0,,,
bad delivery,,,"[经] 运交不合格商品, 不按规定交割",,,,,0,0,,,
bad delivery of securities,,,违反有价证券交付条例,,,,,0,0,,,
bad digestion,,,消化不良,,,,,0,0,,,
bad disease,,,[俚语]梅毒,,,,,0,0,,,
Bad Doberan,,,[地名] 巴特多伯兰 ( 德 ),,,,,0,0,,,
bad doberan (doberan),,,[巴德]多博兰,,,,,0,0,,,
bad dream,,,坏梦想\n恶梦,,,,,0,0,,,
bad driburg,,,巴德利堡,,,,,0,0,,,
bad duben,,,巴德杜本,,,,,0,0,,,
bad durkheim,,,巴德杜克罕,,,,,0,0,,,
bad durrenberg,,,巴德杜伦伯格,,,,,0,0,,,
bad durrheim,,,巴德杜罕,,,,,0,0,,,
Bad Düben,,,[地名] 巴特迪本 ( 德 ),,,,,0,0,,,
Bad Dürkheim,,,[地名] 巴特迪克海姆 ( 德 ),,,,,0,0,,,
Bad Dürrenberg,,,[地名] 马特迪伦贝格 ( 德 ),,,,,0,0,,,
Bad Dürrheim,,,[地名] 巴特迪尔海姆 ( 德 ),,,,,0,0,,,
bad earth,,,[化] 接地不良,,,,,0,0,,,
bad economy,,"An all-purpose excuse that people use during a [recession] to justify doing things that are below their usual standard.  Often these things in reality have little or nothing to do with the economic circumstances.\n> Harry: ""You took your girlfriend to Applebee's on [Valentine's Day]?  Pretty weak.""\n> Larry: ""Whatever man, I didn't have a choice.  Bad economy.""\n> Senator: ""Mr. Paulson, you really want to give the greedy, soulless bankers who caused this mess $700 billion with no strings attached?""\n> [Henry Paulson]: ""Hey guys, bad economy.  [Just do it].""\n> Senator: ""Good point.  I vote yes.""\n> Fred: ""Dude, tell me you didn't go home with that [broke down] 300-pound whale I saw you with at O'Shea's last night.""\n> Brendan: ""Dude, it's a bad economy.  I'll take what I can get.""\n> Fred: ""Yeah, I guess you have to.""\n",,,,,,0,0,,,
bad egg,,,"坏蛋,混蛋,坏人",,,,,0,0,s:bad eggs,,
bad eggs,,,[网络] 坏蛋；地痞；臭鸡蛋,,,,,0,0,0:bad egg/1:s,,
Bad Eilsen,,,[地名] 巴特艾尔森 ( 德 ),,,,,0,0,,,
Bad Elster,,,[地名] 巴特埃尔斯特 ( 德 ),,,,,0,0,,,
Bad Ems,,,[地名] 巴特埃姆斯 ( 德 ),,,,,0,0,,,
Bad Endbach,,,[地名] 巴特恩德巴赫 ( 德 ),,,,,0,0,,,
bad ending,,,[网络] 结局；坏结局；结局一,,,,,0,0,,,
bad endings,,,坏结局,,,,,0,0,,,
bad endorf,,,巴德恩道夫,,,,,0,0,,,
Bad Essen,,,[地名] 巴特埃森 ( 德 ),,,,,0,0,,,
bad example,,,[网络] 坏榜样；错误的例子；错误的演示,,,,,0,0,,,
bad excuse,,,没有充分理由的辩解，站不住脚的理由，不能自圆其说的借口,,,,,0,0,,,
Bad excuse is worse than none .,,,[谚语]蹩脚的辩解不如不作辩解。,,,,,0,0,,,
Bad excuse is worse than none at all .,,,[谚语]蹩脚的辩解不如不作辩解。,,,,,0,0,,,
bad eye,,,[网络] 坏眼睛,,,,,0,0,,,
bad fairies,,,[网络] 坏仙女\n(bad fairy 的复数),,,,,0,0,0:bad fairy/1:s,,
bad fairy,,,[网络] 坏仙女,,,,,0,0,s:bad fairies,,
bad faith,,,"[经] 欺诈, 不正派",,,,,0,0,,,
bad faith intent,,,恶意意图,,,,,0,0,,,
bad faith salvage,,,恶意救助,,,,,0,0,,,
bad family,,,[网络] 不良家族；不良家庭；阁楼男女,,,,,0,0,,,
bad feeling,bæd ˈfi:liŋ,," 恶感, 反感, 不满",,,,,0,0,,,
bad feelings,,,"恶感, 反感, 不满；不忠；(相互之间的)敌意, 敌对, 恶感, 仇恨, 愤怒；互不信任；不和[见 bad blood]",,,,,0,0,,,
Bad Feilnbach,,,[地名] 巴特法伊尔恩巴赫 ( 德 ),,,,,0,0,,,
bad file name,,,n. 错误文件名,,,,,0,0,,,
bad for,,,对…有害；不利于,,,,,0,0,,,
bad for your health,,,[网络] 对你的健康有好处；那你研究什么的,,,,,0,0,,,
bad form,,,不礼貌的举动〔行为〕,,,,,0,0,,,
bad fortune,,,坏运气,,,,,0,0,,,
Bad Frame Interpolation,,,[网络] 封包；修补封包漏失；毁损封包修复,,,,,0,0,,,
Bad Frankenhausen,,,[地名] 巴特弗兰肯豪森 ( 德 ),,,,,0,0,,,
Bad Freienwalde,,,[地名] 巴特弗赖恩瓦尔德 ( 德 ),,,,,0,0,,,
bad freienwalde (freienwalde),,,巴德夫来恩瓦德,,,,,0,0,,,
Bad Friedrichshall,,,[地名] 巴特腓特烈斯哈尔 ( 德 ),,,,,0,0,,,
bad fussing,,,巴德夫辛格,,,,,0,0,,,
Bad Füssingen,,,[地名] 巴特菲辛根 ( 德 ),,,,,0,0,,,
bad gams,,,巴德干斯,,,,,0,0,,,
Bad Gandersheim,,,[地名] 巴特甘德斯海姆 ( 德 ),,,,,0,0,,,
bad gandersheim (gandersheim),,,[巴德]干德斯罕,,,,,0,0,,,
bad gateway,,,[网络] 错误网关；网关错误；非法网关,,,,,0,0,,,
bad geometry,,,不利几何条件,,,,,0,0,,,
bad girl,,,[网络] 坏女孩；坏女郎；坏女人,,,,,0,0,,,
bad girls,,,[网络] 坏女孩；女孩坏坏；致命女人香,,,,,0,0,,,
Bad Gleichenberg,,,[地名] 巴特格莱兴贝格 ( 奥 ),,,,,0,0,,,
bad godesberg,,,[网络] 拜德哥德斯堡；巴特戈德堡；巴德高达斯柏,,,,,0,0,,,
Bad Goisern,,,[地名] 巴特戈伊瑟恩 ( 奥 ),,,,,0,0,,,
bad good pay,,,[口语]信用差(或好)；无(或有)偿还能力,,,,,0,0,,,
bad grace,,,勉强，不愿,,,,,0,0,,,
bad grade goods,,,劣品,,,,,0,0,,,
bad grading,,,劣级配,,,,,0,0,,,
bad grain,,,害物；爱争辩的海员,,,,,0,0,,,
bad ground,,,不稳定岩层,,,,,0,0,,,
Bad Grund,,,[地名] 巴特格伦德 ( 德 ),,,,,0,0,,,
bad guy,bæd ɡaɪ,,n. （多指小说或电影中的）反角，坏人，恶人,,,,,0,0,s:bad guys,,
bad guys,,,[网络] 坏家伙；坏小子；坏人,,,,,0,0,0:bad guy/1:s,,
bad habit,bæd ˈhæbit,, 习气；习染；恶癖；恶习,,,,,0,0,,,
bad habits,,,坏习惯；坏风气；酩酊大醉,,,,,0,0,,,
bad hadit,,,不良习惯,,,,,0,0,,,
bad hair day,,,“头发糟糕的日子”，暗示一整天都不顺利，心情不好。美国相当流行的一个新口语,,,,,0,0,,,
"bad hair day, bad-hair day",,,衣冠不整的一天，感觉糟糕的一天；[比喻]不顺心的一天,,,,,0,0,,,
bad hair days,,,n. 头发很糟的一天；糟糕的一天\n[网络] 头发乱了,,,,,0,0,,,
bad halfpenny,,,"〈口〉坏蛋,没出息的家伙",,,,,0,0,,,
Bad Hall,,,[地名] 巴特哈尔 ( 奥 ),,,,,0,0,,,
bad harvest,,,na. 歉收\n[网络] 收成不好；连续的歉收；不足,,,,,0,0,,,
Bad Harzburg,,,[地名] 巴特哈尔茨堡 ( 德 ),,,,,0,0,,,
bad hat,,,"[法] 流氓, 歹徒",,,,,0,0,s:bad hats,,
bad hats,,,坏蛋；不道德的人,,,,,0,0,0:bad hat/1:s,,
bad havest,,,歉收,,,,,0,0,,,
bad heart,,,[网络] 坏心肠；心脏不好；坏了良心,,,,,0,0,,,
Bad Heilbrunn,,,[地名] 巴特海尔布伦 ( 德 ),,,,,0,0,,,
Bad Herrenalb,,,[地名] 巴特黑伦阿尔布 ( 德 ),,,,,0,0,,,
Bad Hersfeld,,,[地名] 巴特黑斯费尔德 ( 德 ),,,,,0,0,,,
bad hersfeld ( hersfeld),,,[巴德]赫斯非德,,,,,0,0,,,
bad hides,,,[美国俚语][总称]钞票,,,,,0,0,,,
Bad Hofgastein,,,[地名] 巴特霍夫加施泰因 ( 奥 ),,,,,0,0,,,
bad holding ground,,,un. 难抓底质锚地\n[网络] 锚抓力不好的底质,,,,,0,0,,,
Bad Homburg,"ˌbɑ:t ˈhɔmˌbɜ:g, -ˌbʊək",,"巴特洪堡(德国中西部一城市, 位于法兰克福附近的陶努斯山脚下, 是一个著名的游乐和温泉疗养胜地。人口50, 647)",,,,,0,0,,,
Bad Homburg vor der Höhe,,,[地名] 巴特洪堡 ( 德 ),,,,,0,0,,,
Bad Honnef,,,[地名] 巴特洪内夫 ( 德 ),,,,,0,0,,,
bad hop,,,[网络] 坏跳,,,,,0,0,,,
bad hops,,,[体]不规则弹跳球,,,,,0,0,,,
bad humor,,,[网络] 幽默幽默,,,,,0,0,,,
bad humour,,,[网络] 幽默幽默,,,,,0,0,,,
Bad Hönningen,,,[地名] 巴特亨宁根 ( 德 ),,,,,0,0,,,
Bad Iburg,,,[地名] 巴特伊堡 ( 德 ),,,,,0,0,,,
bad idea,,,[网络] 馊主意；坏主意；歪点子,,,,,0,0,,,
bad in bed,,,[网络] 床上功夫差劲,,,,,0,0,,,
bad income,,,[税收] 逃税收入,,,,,0,0,,,
bad income or dirty income,,,[经] 坏收入或赃收入,,,,,0,0,,,
bad influence,,,[网络] 都市狂情；坏影响；恶师损友,,,,,0,0,,,
bad influences,,,[网络] 不良影响,,,,,0,0,,,
bad information,,,[网络] 不良信息,,,,,0,0,,,
bad insulation,,,绝缘不良,,,,,0,0,,,
bad investment,,,[网络] 贿赂法官,,,,,0,0,,,
bad iron,,,bad iron\n失败\n灾祸；噩运；不测,,,,,0,0,,,
Bad is the best.,,,[谚语]决无好事。,,,,,0,0,,,
Bad Ischl,,,[地名] 巴特伊施尔 ( 奥 ),,,,,0,0,,,
bad ischl (ischl),,,[巴德]伊什尔,,,,,0,0,,,
bad item,,,次品,,,,,0,0,,,
bad job,,,[口语]不幸(或倒霉)的事情，白费力(或无希望)的事情；不满意的结局(= bad business),,,,,0,0,,,
bad joke,,,冷笑话,,,,,0,0,,,
bad juju,,,[网络] 魂能,,,,,0,0,,,
bad jujus,,"Haunted by a bad vibe or aura.  Can be used as a noun or an adjective.\n> Now that place had some bad juju.\n> In answer to a question about what someone thought of a person place or thing one could answer, ""bad juju"".\n",,,,,,0,0,,,
Bad Karlshafen,,,[地名] 巴特卡尔斯港 ( 德 ),,,,,0,0,,,
bad karlshafen (karlshafen),,,[巴德]卡尔斯哈芬,,,,,0,0,,,
bad karma,,, [电影]爱到尽头,,,,,0,0,,,
Bad Kissingen,,,[地名] 巴特基辛根 ( 德 ),,,,,0,0,,,
bad kitties,,"When a woman doesn't give you pussy. So you have to break out the spray bottle and squirt her pussy while saying ""Bad Kitty"" ""Bad Kitty"" several times.\n> At the bar the other night, Joe told us.... ""Hey guys last night Ashley came over and I thought she was DTF, but she got ice cold. I had to Bad Kitty her till she was wet enough to give me some.\n",,,,,,0,0,,,
bad kitty,,,[网络] 坏猫猫；小坏猫；邪猫,,,,,0,0,,,
Bad Kleinen,,,[地名] 巴特克莱嫩 ( 德 ),,,,,0,0,,,
Bad Klosterlausnitz,,,[地名] 巴特克洛斯特劳斯尼茨 ( 德 ),,,,,0,0,,,
Bad Kohlgrub,,,[地名] 巴特科尔格鲁布 ( 德 ),,,,,0,0,,,
bad konig,,,巴德科尼格,,,,,0,0,,,
bad konigshofen,,,巴德科尼斯霍芬,,,,,0,0,,,
bad kosen,,,巴德科森,,,,,0,0,,,
bad kreuzen,,,巴德克罗伊琛,,,,,0,0,,,
Bad Kreuznach,,,[地名] 巴特克罗伊茨纳赫 ( 德 ),,,,,0,0,,,
bad kreuznach (kreuznach),,,[巴德]克罗伊兹纳赫,,,,,0,0,,,
Bad Krozingen,,,[地名] 巴特克罗青根 ( 德 ),,,,,0,0,,,
Bad König,,,[地名] 巴特柯尼希 ( 德 ),,,,,0,0,,,
Bad Kösen,,,[地名] 巴特克森 ( 德 ),,,,,0,0,,,
bad laasphe,,,巴德拉斯斐,,,,,0,0,,,
Bad Laer,,,[地名] 巴特拉尔 ( 德 ),,,,,0,0,,,
bad land,,,荒原,,,,,0,0,,,
Bad Lands,,,(贿风猖獗、盗匪横行的)坏地方,,,,,0,0,s:bad landss,,
bad landss,,,(贿风猖獗、盗匪横行的)坏地方\n(bad lands 的复数),,,,,0,0,0:bad lands/1:s,,
Bad Langensalza,,,[地名] 巴特朗根萨尔察 ( 德 ),,,,,0,0,,,
bad language,,,骂人的话,,,,,0,0,,,
bad lauchstadt,,,巴德劳赫斯塔德,,,,,0,0,,,
Bad Lauchstädt,,,[地名] 巴特劳赫施泰特 ( 德 ),,,,,0,0,,,
bad laugh,,,(观众听到读错台词时的)大笑；嘲笑,,,,,0,0,,,
Bad Lausick,,,[地名] 巴特劳西克 ( 德 ),,,,,0,0,,,
bad lauterberg,,,巴德劳特伯格,,,,,0,0,,,
Bad Lauterberg im Harz,,,[地名] 哈茨山区巴特劳特贝格 ( 德 ),,,,,0,0,,,
bad law,,,[法] 恶法,,,,,0,0,,,
bad lender,,,[网络] 不负责任的贷款人,,,,,0,0,,,
Bad Leonfelden,,,[地名] 巴特莱昂费尔登 ( 奥 ),,,,,0,0,,,
bad letter,,,(印刷技术中的)模糊字母,,,,,0,0,,,
Bad Liebenwerda,,,[地名] 巴特利本韦达 ( 德 ),,,,,0,0,,,
Bad Liebenzell,,,[地名] 巴特利本采尔 ( 德 ),,,,,0,0,,,
bad life,,,不道德生活；[人寿保险用语]估计活不到 (人寿保险所统计的)平均寿命的人，短命者；估计活不到(人寿保险所统计出的)平均寿命的人,,,,,0,0,,,
bad light,,,[网络] 光线不足；光芒不足,,,,,0,0,,,
Bad Lippspringe,,,[地名] 巴特利普施普灵格 ( 德 ),,,,,0,0,,,
bad listener,,,急于自己说话而不留心听别人说话的人[参见 good listener],,,,,0,0,,,
bad loan,,,"[经] 呆帐, 坏帐",,,,,0,0,,,
bad loans,,,[网络] 不良贷款；呆账；坏账,,,,,0,0,,,
bad loser,,,输了不生气(或生气)的人；经得起(或经不起)失败的人；输了生气的人，经不起失败的人[参见 good loser],,,,,0,0,,,
bad lot,,, 坏蛋；信用不好的人；无价值的计划,,,,,0,0,,,
bad lots,,,坏蛋；信用不好的人；无价值的计划,,,,,0,0,,,
bad luck,bæd lʌk,, [体]运气不佳; 晦气; 灾星; 恶运,,,,,0,0,s:bad lucks,,
bad luck (on someone),,,不幸；不走运；倒霉(对某人失败或遭遇不幸表示同情的用语)[亦作 hard luck],,,,,0,0,,,
bad luck to you,,,[口语、诅咒用语]你这该死的；见鬼去吧；但愿你倒霉!；[口语、诅咒用语]你这该死的；见鬼去吧；但愿你倒霉!,,,,,0,0,,,
bad lucks,,,运气不好，坏运气；噩运,,,,,0,0,0:bad luck/1:s,,
bad man,,,"[法] 暴徒, 歹徒, 受人雇用的枪手",,,,,0,0,,,
bad management,,,[经] 经营不善,,,,,0,0,,,
bad manager,,,不善于理财[当家]的人,,,,,0,0,,,
bad manners,bæd ˈmænəz,, 没有礼貌,,,,,0,0,s:bad mannerss,,
bad mannerss,,, 没有礼貌\n(bad manners 的复数),,,,,0,0,0:bad manners/1:s,,
bad mark,,,犯规分;不好的评分;操行不好的标记;被大家所记的污点,,,,,0,0,,,
bad mark system,,,【体育】罚点法,,,,,0,0,,,
bad material,,,材质不良,,,,,0,0,,,
bad matter,,,【印剧】已印过的版子,,,,,0,0,,,
bad medicine,,,[网络] 毒药；劣药；坏药方,,,,,0,0,,,
bad memory,,,[网络] 记忆力不佳；健忘；记性,,,,,0,0,,,
bad mergentheim,,,[网络] 巴特梅根特海姆；巴德梅根特海姆；巴德梅尔根泰姆,,,,,0,0,,,
bad mind,,,[网络] 坏心,,,,,0,0,,,
bad mixer,,,不善于交际的人，不会与人相处的人,,,,,0,0,,,
bad mold joint,,,"模缝线,合缝线(玻璃制品缺陷)",,,,,0,0,,,
bad money,,,"假币,劣币",,,,,0,0,,,
bad money drives out good,,,[网络] 劣币驱逐良币；劣币逐良币；伪币赶走真币,,,,,0,0,,,
bad money drives out good money,,,劣币驱逐良币,,,,,0,0,,,
bad mood,,, 坏心情，坏情绪,,,,,0,0,,,
bad mouth,,,"恶口伤人,诽谤他人者",,,,,0,0,,,
bad move,,,[网络] 恶手；劣着；错招,,,,,0,0,,,
bad munder,,,巴德明德,,,,,0,0,,,
bad munster,,,巴德明斯特,,,,,0,0,,,
bad munstereifel,,,巴德明斯特艾非尔,,,,,0,0,,,
Bad Muskau,,,[地名] 巴特穆斯考 ( 德 ),,,,,0,0,,,
Bad Münder,,,[地名] 巴特明德 ( 德 ),,,,,0,0,,,
Bad Münster am Stein-Ebernburg,,,[地名] 施泰因-埃伯恩堡地区巴特明斯特 ( 德 ),,,,,0,0,,,
Bad Münstereifel,,,[地名] 巴特明斯特艾费尔 ( 德 ),,,,,0,0,,,
bad nail,,,[口语]劣根性；坏脾气,,,,,0,0,,,
bad name,,,[网络] 骂名；恶名；生化超限战,,,,,0,0,,,
bad name for,,,在…方面名声不好,,,,,0,0,,,
bad names,,,骂名\n恶名,,,,,0,0,,,
Bad Nauheim,,,[地名] 巴特瑙海姆 ( 德 ),,,,,0,0,,,
Bad Nenndorf,,,[地名] 巴特嫩多夫 ( 德 ),,,,,0,0,,,
Bad Neuenahr-Ahrweiler,,,[地名] 巴特诺因阿尔-阿尔韦勒 ( 德 ),,,,,0,0,,,
bad neustadt,,,巴德诺伊斯塔德,,,,,0,0,,,
Bad Neustadt an der Saale,,,[地名] 萨勒河畔巴特诺伊施塔特 ( 德 ),,,,,0,0,,,
bad news,,,"坏消息,噩耗;帐单;讨厌的人,倒霉的家伙",,,,,0,0,,,
bad news Bears,,,[网络] 新少棒闯天下；大教头与小鬼头；搞鬼棒球队,,,,,0,0,,,
Bad news travels fast,,,好事不出门，坏事传千里,,,,,0,0,,,
bad news travels quickly,,,[网络] 坏事传千里；恶事传千里；恶者传千里,,,,,0,0,,,
Bad news travels quickly.,,,[谚语]坏事传千里。,,,,,0,0,,,
bad nigger,,,[美国俚语、黑人反语]“坏黑鬼”(指敢于反抗白人压迫的黑人)；[美国俚语](尤指虐待妇女的)好斗黑人男子,,,,,0,0,,,
bad night,,,[网络] 糟糕之夜；晚安；追流云的少年,,,,,0,0,,,
bad odor,,, 恶味,,,,,0,0,,,
bad odour,,,[网络] 不良气味；臭气；恶味,,,,,0,0,,,
Bad Oeynhausen,,,[地名] 巴特恩豪森 ( 德 ),,,,,0,0,,,
bad off,,,adj. 穷困,,,,,0,0,,,
bad oil tank,,,不合格油料储罐,,,,,0,0,,,
bad old days,,,艰难困苦的昔日,,,,,0,0,,,
Bad Oldesloe,,,[地名] 巴特奥尔德斯洛 ( 德 ),,,,,0,0,,,
bad or doubtful debt,,,[网络] 呆坏帐,,,,,0,0,,,
Bad Orb,,,[地名] 巴特奥尔布 ( 德 ),,,,,0,0,,,
bad order,,,"[经] 暂时无法满足的订单, 不能交货的定单",,,,,0,0,,,
bad order card,,,修理标签,,,,,0,0,,,
bad packing,,,包装不良,,,,,0,0,,,
Bad Page Break,,,不良分页,,,,,0,0,,,
bad paper,,,"空头支票,伪钞",,,,,0,0,,,
bad patch,,,[英国英语](一段)倒霉时光，倒霉的日子，不走运的年头,,,,,0,0,,,
bad pay,,,"没有偿还能力,借贷信用不好;低工资",,,,,0,0,,,
bad pennies,,,bad penny\n不想要偏又出现的人(或物);不受欢迎的人(或物)[常以turn up like a bad penny 或 like a bad penny出现]\n短语:\nA bad penny always comes back.\n[谚语] 坏铜币用不出去；不受欢迎的人到处被辞退。,,,,,0,0,,,
bad penny,,,bad penny\n不想要偏又出现的人(或物);不受欢迎的人(或物)[常以turn up like a bad penny 或 like a bad penny出现]\n短语:\nA bad penny always comes back.\n[谚语] 坏铜币用不出去；不受欢迎的人到处被辞退。,,,,,0,0,,,
bad pennyworth,,,不利的买卖;上当货[参见 good pennyworth],,,,,0,0,,,
bad people,bæd ˈpi:pl,, 莠,,,,,0,0,0:bad person/1:s,,
bad person,bæd ˈpɜːsn,, 坏人,,,,,0,0,s:bad people,,
Bad Peterstal,,,[地名] 巴特彼得斯塔尔 ( 德 ),,,,,0,0,,,
Bad Pirawarth,,,[地名] 巴特皮拉瓦特 ( 奥 ),,,,,0,0,,,
bad place,,,[网络] 坏地；坏坯；地狱,,,,,0,0,,,
"bad place, the",,,[美国中部、南部方言]地狱,,,,,0,0,,,
bad plea,,,"[法] 理由不足的答辩, 无针对性的答辩",,,,,0,0,,,
bad points,bæd pɔints,, [体]坏牌点,,,,,0,0,,,
bad policies,,,弊政,,,,,0,0,,,
bad practice,bæd ˈpræktis,, 习气,,,,,0,0,,,
bad press,,,[网络] 负面报道；负面报导；来自新闻界的责难,,,,,0,0,,,
bad product,,,[网络] 坏产品,,,,,0,0,,,
bad prognosis,,,预后不良,,,,,0,0,,,
bad publicity,bæd pʌbˈlisiti,,n. 负面宣传,,,,,0,0,,,
Bad Pyrmont,,,[地名] 巴特皮尔蒙特 ( 德 ),,,,,0,0,,,
bad quality,,,劣质,,,,,0,0,,,
bad quarto,,,[网络] 坏四开本；糟糕的四开本；蹩脚的四开本,,,,,0,0,,,
Bad Radkersburg,,,[地名] 巴特拉德克斯堡 ( 奥 ),,,,,0,0,,,
Bad Ragaz,,,[地名] 巴特拉加茨 ( 瑞士 ),,,,,0,0,,,
bad ragaz (ragaz),,,[巴德]拉加兹,,,,,0,0,,,
bad rail insulation,,,钢轨绝缘不良,,,,,0,0,,,
bad rap,,,[网络] 口碑很差；口碑差；无理指责,,,,,0,0,,,
Bad Rappenau,,,[地名] 巴特拉珀瑙 ( 德 ),,,,,0,0,,,
bad raps,,,口碑差；无理指责,,,,,0,0,,,
bad rate tracing,,,差率不好的记录曲线,,,,,0,0,,,
bad reading,,,[数 统计] 怪异数值,,,,,0,0,,,
bad reduction,,,坏约化,,,,,0,0,,,
Bad Reichenhall,,,[地名] 巴特赖兴哈尔 ( 德 ),,,,,0,0,,,
bad reputation,,,n. 坏名声，臭名,,,,,0,0,,,
bad repute,,,"[经] 名誉坏的, 无信用的",,,,,0,0,,,
bad request,,,[网络] 错误请求；非法请求；失败请求错误,,,,,0,0,,,
bad risk,,,[经] 风险大的保险,,,,,0,0,,,
bad romance,,, [电影]花为眉,,,,,0,0,,,
bad roof,,,"软顶板,不稳固顶板",,,,,0,0,,,
Bad Rothenfelde,,,[地名] 巴特罗滕费尔德 ( 德 ),,,,,0,0,,,
bad saarow-pieskow,,,巴德萨罗皮斯考,,,,,0,0,,,
Bad Sachsa,,,[地名] 巴特萨克萨 ( 德 ),,,,,0,0,,,
bad sackingen,,,巴德萨京根,,,,,0,0,,,
bad sailor,,,容易晕船的人,,,,,0,0,,,
Bad Salzdetfurth,,,[地名] 巴特萨尔茨代特富特 ( 德 ),,,,,0,0,,,
bad salzschlirf,,,巴德赛兹什利夫,,,,,0,0,,,
Bad Salzuflen,,,[地名] 巴特萨尔茨乌夫伦 ( 德 ),,,,,0,0,,,
Bad Salzungen,,,[地名] 巴特萨尔聪根 ( 德 ),,,,,0,0,,,
bad sankt leonhard,,,巴德散克列昂哈德,,,,,0,0,,,
Bad Sankt Leonhard im Lavanttal,,,[地名] 拉万特河谷巴特圣莱昂哈德 ( 奥 ),,,,,0,0,,,
Bad Sankt Peter,,,[地名] 巴特圣彼得 ( 德 ),,,,,0,0,,,
Bad Sassendorf,,,[地名] 巴特萨森多夫 ( 德 ),,,,,0,0,,,
bad scene,,,[美国俚语]不愉快的经历；令人不快的事情,,,,,0,0,,,
Bad Schallerbach,,,[地名] 巴特沙勒巴赫 ( 奥 ),,,,,0,0,,,
Bad Schandau,,,[地名] 巴特尚道 ( 德 ),,,,,0,0,,,
Bad Schmiedeberg,,,[地名] 巴特施米德贝格 ( 德 ),,,,,0,0,,,
bad schonborn,,,巴德薫伯恩,,,,,0,0,,,
Bad Schussenried,,,[地名] 巴特舒森里德 ( 德 ),,,,,0,0,,,
Bad Schwalbach,,,[地名] 巴特施瓦尔巴赫 ( 德 ),,,,,0,0,,,
bad schwartau,,,巴德斯瓦淘,,,,,0,0,,,
Bad Schönborn,,,[地名] 巴特申博恩 ( 德 ),,,,,0,0,,,
Bad scran to you!,,,(爱尔兰)见你的鬼去! 倒一辈子霉吧!,,,,,0,0,,,
bad sector,,,[计] 坏扇区,,,,,0,0,,,
bad sector error,,,[计] 不良区段错误,,,,,0,0,,,
bad sectoring,,,坏扇区法,,,,,0,0,,,
bad seed,,,[网络] 坏种；坏种子；坏的种子,,,,,0,0,,,
bad seeds,,,[网络] 像个男人；坏种；坏种乐队,,,,,0,0,,,
Bad Segeberg,,,[地名] 巴特塞格贝格 ( 德 ),,,,,0,0,,,
bad segment,,,[计] 错误程序段,,,,,0,0,,,
Bad Self,,,[网络] 坏自体；坏自我；坏自身,,,,,0,0,,,
bad separator,,,[计] 错误分隔符,,,,,0,0,,,
Bad shape,,,状况不佳,,,,,0,0,,,
bad shilling,,,仅剩的一个先令,,,,,0,0,,,
bad shit,,,[美国俚语]；臭屎；肮脏的东西，令人恶心的事物,,,,,0,0,,,
bad shot,,,不准确的射击；不行的射击手；[口语]离谱的猜想，猜错；搞错；失策[有时以 make a bad shot 出现],,,,,0,0,,,
bad show,,,un. 不好的动作\n[网络] 差劲,,,,,0,0,,,
Bad show !,,,差劲! (表示灰心、不满等),,,,,0,0,,,
bad sign,,,[网络] 不祥的征兆；不良指示；遗落在捷运上了,,,,,0,0,,,
bad situation,,,[网络] 糟糕的局面；逆境；我处境不妙呀,,,,,0,0,,,
bad slang,,,赝品；伪造的古董；欲骗人而特意做的奇怪物品,,,,,0,0,,,
bad smell,,, 臭气,,,,,0,0,,,
bad soden-salmunster,,,巴德索登萨明斯特,,,,,0,0,,,
Bad Soden-Salmünster,,,[地名] 巴特索登-萨尔明斯特 ( 德 ),,,,,0,0,,,
bad soil management,,,土壤管理不良,,,,,0,0,,,
bad solvent,,,不良溶剂,,,,,0,0,,,
Bad Sooden-Allendorf,,,[地名] 巴特索登-阿伦多夫 ( 德 ),,,,,0,0,,,
bad sort,,,坏人；令人讨厌的人[常用否定式],,,,,0,0,,,
bad spot,,,[网络] 受到损坏的部位,,,,,0,0,,,
bad start,,,不良起动,,,,,0,0,,,
bad state,,,[计] 坏态,,,,,0,0,,,
Bad Steben,,,[地名] 巴特施泰本 ( 德 ),,,,,0,0,,,
bad steering,,,[法] 不良驾驶,,,,,0,0,,,
bad stowage,,,配载不良,,,,,0,0,,,
bad suderode,,,巴德苏德罗德,,,,,0,0,,,
Bad Sulza,,,[地名] 巴特苏尔察 ( 德 ),,,,,0,0,,,
bad sulze,,,巴德休册,,,,,0,0,,,
Bad Säckingen,,,[地名] 巴特塞京根 ( 德 ),,,,,0,0,,,
Bad Sülze,,,[地名] 巴特叙尔策 ( 德 ),,,,,0,0,,,
bad t?lz (tolz),,,巴德特尔兹(托尔兹),,,,,0,0,,,
bad table,,,[计] 错误表,,,,,0,0,,,
bad talk,,,[美国俚语、黑人用语] 悲观的评论，泄气话,,,,,0,0,,,
bad taste,,,[网络] 宇宙怪客；坏品味；坏品位,,,,,0,0,,,
bad taste in one's mouth,,,[网络] 坏印象；不愉快的感受,,,,,0,0,,,
bad taste in the mouth,,,恶劣的味道；不快的感觉；令人恶心的感觉；坏印象,,,,,0,0,,,
Bad taste in your mouth,,,[网络] 留下不好的印象,,,,,0,0,,,
bad technical condition of vehicle,,,汽车不良技术状况,,,,,0,0,,,
bad temper,bæd ˈtempə,, 火性,,,,,0,0,s:bad tempers,,
bad tempered,.bæd 'tempə(r)d,,adj. 暴躁的\n[网络] 坏脾气的；脾气坏的,,,,,0,0,,,
bad tempers,,,坏脾气；暴躁,,,,,0,0,0:bad temper/1:s,,
Bad Tennstedt,,,[地名] 巴特滕施泰特 ( 德 ),,,,,0,0,,,
Bad Thing,,,[网络] 坏东西；坏事；坏的事物,,,,,0,0,,,
bad time,,,"停工时间,停车时间,窝工时间",,,,,0,0,,,
bad times,,,"[经] 不景气, 萧条",,,,,0,0,,,
bad timing,,,不良正时,,,,,0,0,,,
bad title,,,"[法] 失效产权, 无效所有权",,,,,0,0,,,
bad to the bone,,,[网络] 坏到骨子里；坏到骨头里；坏入骨,,,,,0,0,,,
bad tongue,,,爱讲别人坏话的嘴；出口伤人的嘴,,,,,0,0,,,
bad top,,,不稳固顶板,,,,,0,0,,,
bad track,,,[计] 不良磁道,,,,,0,0,,,
bad track table,,,[计] 坏磁道表,,,,,0,0,,,
bad trade,,,"[经] 贸易不振, 贸易萧条",,,,,0,0,,,
bad trip,,,na. 〈口〉不愉快的经历；〈俚〉恐怖幻觉\n[网络] 倒霉之旅；忘了为什麽伤还隐隐的痛；糟糕的旅程,,,,,0,0,,,
bad trips,,,[网络] 迷幻经验；梦之旅；恶幻之旅,,,,,0,0,,,
bad turn,,,坏事；有害的举动,,,,,0,0,,,
bad type,,,无耻之徒，卑鄙小人,,,,,0,0,,,
bad type syntax,,,[计] 错误类型语法,,,,,0,0,,,
Bad Tölz,,,[地名] 巴特特尔茨 ( 德 ),,,,,0,0,,,
bad uberkingen,,,巴德乌柏京根,,,,,0,0,,,
bad urach,,,巴德乌拉赫　,,,,,0,0,,,
bad usual practice,,,不良习惯,,,,,0,0,,,
Bad Vilbel,,,[地名] 巴特菲尔伯尔 ( 德 ),,,,,0,0,,,
bad visibility,,,"不良可见度,不良能见度",,,,,0,0,,,
bad voslau,,,巴德沃斯劳,,,,,0,0,,,
Bad Vöslau,,,[地名] 巴特弗斯劳 ( 奥 ),,,,,0,0,,,
Bad Waldsee,,,[地名] 巴特瓦尔德塞 ( 德 ),,,,,0,0,,,
bad waltersdorf,,,巴德瓦特斯道夫,,,,,0,0,,,
bad way,,,[网络] 平行于压延方向时；不利弯曲方向；於压延方向时,,,,,0,0,,,
bad weather,bæd ˈweðə,, 恶劣天气,,,,,0,0,s:bad weathers,,
bad weathers,,,恶劣的天气,,,,,0,0,0:bad weather/1:s,,
bad wiessee,,,巴德威斯榭　,,,,,0,0,,,
Bad Wildungen,,,[地名] 巴特维尔东根 ( 德 ),,,,,0,0,,,
bad will,,,"[经] 负商誉, 商誉坏",,,,,0,0,,,
Bad Wilsnack,,,[地名] 巴特维尔斯纳克 ( 德 ),,,,,0,0,,,
Bad Wimpfen,,,[地名] 巴特温普芬 ( 德 ),,,,,0,0,,,
bad wimsbach-neydharting,,,巴德温斯巴赫内哈丁,,,,,0,0,,,
Bad Windsheim,,,[地名] 巴特温茨海姆 ( 德 ),,,,,0,0,,,
bad word,,,[计] 坏字,,,,,0,0,,,
bad words,,,[网络] 粗口词语；脏话；难听的话,,,,,0,0,,,
bad worishofen,,,巴德沃利斯霍芬,,,,,0,0,,,
Bad workers always blame their tools,,,[网络] 拙匠常怪工具坏,,,,,0,0,,,
bad workmen often blame their tools,,, 拙匠常怪工具坏,,,,,0,0,,,
Bad workmen often blame their tools.,,,st. 拙匠常怪工具坏.,,,,,0,0,,,
Bad Wurzach,,,[地名] 巴特武尔察赫 ( 德 ),,,,,0,0,,,
Bad Wörishofen,,,[地名] 巴特沃里斯霍芬 ( 德 ),,,,,0,0,,,
bad year,,,"[经] 儿年, 歉收年",,,,,0,0,,,
bad young man,,,伪君子,,,,,0,0,,,
bad zwesten,,,巴德垂斯登　,,,,,0,0,,,
bad zwischenahn,,,巴德垂森纳,,,,,0,0,,,
bad'un,,,[口语]坏人；道德败坏的人[参见 good'un],,,,,0,0,,,
bad-air,,,污风\n废风,,,,,0,0,,,
bad-ass,,,混蛋,j:100,,,,0,0,,,
"bad-ass,",,,[网络] 混蛋；坏蛋；坏屁股,,,,,0,0,,,
bad-asses,,Ultra-cool motherfucker.\n> Dirty Harry; Jules Winnfield; Frank Castle.\n,,,,,,0,0,,,
bad-assness,,,[网络] 坏屁股,,,,,0,0,,,
bad-ball,,,un. 难打的球,,,,,0,0,,,
bad-bearing sector,,,错误方向区,,,,,0,0,,,
bad-boier,,,坏男孩；不良少年\n(bad-boy 的比较级),,,,,0,0,,,
bad-boiest,,,坏男孩；不良少年\n(bad-boy 的最高级),,,,,0,0,,,
bad-boy,,,坏男孩；不良少年,j:100,,,,0,0,s:bad-boys,,
bad-boys,,plural of bad-boy,(bad-boy 的复数) 坏男孩；不良少年,,,,,0,0,0:bad-boy/1:s,,
bad-check,,,[金融] 空头支票,,,,,0,0,,,
bad-conduct,,,n. 恶劣行为\n[网络] 恶劣的行迹；以往的丑恶之事；品行不良,,,,,0,0,,,
bad-cop,,,坏警察,,,,,0,0,,,
bad-debt,,,[会计] 坏帐；[会计] 呆帐,,,,,0,0,s:bad-debts,,
bad-debts,,plural of bad-debt,(bad-debt 的复数) [会计] 坏帐；[会计] 呆帐,,,,,0,0,0:bad-debt/1:s,,
bad-dog,,,[网络] 坏狗狗；縰慾的坏狗狗；小狗惹祸,,,,,0,0,,,
bad-faith,,,不守信用；不诚实；蒙骗,j:100,,,,0,0,,,
bad-girl,,,坏女孩；坏女郎,,,,,0,0,,,
bad-good,,,[网络] 坏-好；等和反义词,,,,,0,0,,,
bad-guier,,,坏人\n(bad-guy 的比较级),,,,,0,0,,,
bad-guiest,,,坏人\n(bad-guy 的最高级),,,,,0,0,,,
bad-guy,,,坏人,j:100,,,,0,0,,,
bad-hair,,,[网络] 一头乱发,,,,,0,0,,,
bad-hop,'bædhɔp,,adj. (球技中)难以判界内还是界外的,,,,,0,0,,,
BAD-I-SAD-O-BIS-TROZ,,,[网络] 十二旬风,,,,,0,0,,,
bad-i-sad-o-bistroz,,,十二旬风,,,,,0,0,,,
bad-john,,,[网络] 坏约翰,,,,,0,0,,,
bad-lad split,,,[网络] 坏小孩分裂,,,,,0,0,,,
bad-land(topography),,,恶地形,,,,,0,0,,,
bad-light,,,光线差,,,,,0,0,s:bad-lights,,
bad-lights,,,光线差\n(bad-light 的复数),,,,,0,0,0:bad-light/1:s,,
bad-loan,,,呆帐，坏帐；迟还贷款,,,,,0,0,,,
bad-loans,,,[网络] 不良贷款；呆账；坏账,,,,,0,0,,,
bad-looking,bæd ˈlukiŋ,, 不扬,j:100,,,,0,0,,,
bad-luck,,,运气不好，坏运气；噩运,,,,,0,0,s:bad-lucks,,
bad-lucks,,,运气不好，坏运气；噩运\n(bad-luck 的复数),,,,,0,0,0:bad-luck/1:s,,
bad-mannered,'bædˌmænəd,s socially incorrect in behavior,a. 没礼貌的,,,,,0,0,,,
bad-minded,,,[网络] 不好意思,,,,,0,0,,,
bad-mouth,,,vi. 苛刻批评,,,,,0,0,s:bad-mouths,,
bad-mouth her,,,[网络] 不恶意攻击她,,,,,0,0,,,
bad-mouth people,,,[网络] 爱搬弄是非的人,,,,,0,0,,,
bad-mouth someone,,,[网络] 说某人坏说；撒布流言蜚语；说某人坏话,,,,,0,0,,,
bad-mouthed,,,苛刻批评（ bad-mouth的过去式和过去分词 ）,,,,,0,0,,,
bad-mouther,,,n. bad-mouth的变形,,,,,0,0,,,
bad-mouthing,,,苛刻批评（bad-mouth的现在分词）\n说坏话的,n:100,,,,0,0,s:bad-mouthings,,
bad-mouthings,,,苛刻批评（bad-mouth的现在分词）\n说坏话的,,,,,0,0,0:bad-mouthing/1:s,,
bad-mouths,"'bæd,mauθ",,vi. 苛刻批评；诽谤\nvt. 严厉批评；恶意攻击\nn. 恶意攻击者,,,,,0,0,0:bad-mouth/1:s,,
bad-neighbor policy,,,[法] 恶邻政策,,,,,0,0,,,
bad-news,,,n. 坏消息；令人讨厌的人；倒霉的事,j:100,,,,0,0,,,
bad-off,,,adj. 穷困,,,,,0,0,,,
bad-order certificate,,,[经] 货物短缺证明书,,,,,0,0,,,
bad-press,,,[网络] 负面报道；负面报导；来自新闻界的责难,,,,,0,0,,,
bad-road,,,[网络] 烂路；糟糕的马路,,,,,0,0,,,
bad-smelling,,,[网络] 有恶臭味,j:100,,,,0,0,,,
bad-talk,,,[网络] 恶霸正和人,,,,,0,0,,,
bad-taste,,,低级趣味，粗俗；坏品味,,,,,0,0,s:bad-tastes,,
bad-tastes,,,低级趣味，粗俗；坏品味\n(bad-taste 的复数),,,,,0,0,0:bad-taste/1:s,,
bad-tasting,,,[网络] 苦药,,,,,0,0,,,
bad-tempered,,s annoyed and irritable,a. 脾气不好的,j:100,,,,0,0,s:bad-tempereds,,
bad-tempereds,"'bæd,tempəd",,"bad-tempered\n['bæd,tempəd]\nadj.\n暴躁的，易(激)怒的，乖戾的，脾气坏的\n表示恶劣心境的；心情很坏的",,,,,0,0,0:bad-tempered/1:s,,
bad-weather,,,恶劣的天气,j:100,,,,0,0,s:bad-weathers,,
bad-weathers,,,恶劣的天气\n(bad-weather 的复数),,,,,0,0,0:bad-weather/1:s,,
bad/poor sailor,,,容易晕船的人,,,,,0,0,,,
bad/poor show,,,糟糕的表演；不好的表现,,,,,0,0,,,
bada,,,n. 巴达（韩国女歌手崔成希艺名）,,,,,0,0,s:badas,,
bada bing,,,[网络] 干净利索,,,,,0,0,,,
bada bing bada boom,,"bada bing bada boom\nTo express that a task was easily completed; simple to accomplish.\nUsed to euphemize what is said, sometimes to the extent that only the initiated will understand what is implied.\n",,,,,,0,0,,,
bada boom,,,[网络] 巴达臂系列,,,,,0,0,,,
Bada Ling,,,[地名] 八达岭 ( 南极洲 ),,,,,0,0,,,
bada-bing,,,[网络] 干净利索,,,,,0,0,,,
bada-bing!,,,[网络] 干净利索,,,,,0,0,,,
Badacsony,,,[网络] 乔尼；道乔尼；鲍道乔尼,,,,,0,0,,,
Badaga,,,[网络] 巴达加,,,,,0,0,s:badagas,,
Badagara,,,[地名] 伯德格拉 ( 印 ),,,,,0,0,,,
Badagas,,,伯德格人,,,,,0,0,0:badaga/1:s,,
Badagri,,,[地名] 巴达格里 ( 尼日利 ),,,,,0,0,,,
Badagry,,,[网络] 巴达格瑞；巴达格里,,,,,0,0,,,
Badajoz,'bædəhɔz,,n. 巴达霍斯（西班牙城市）,,,,,0,0,s:badajozs,,
"Badajoz, Prov.de",,,[地名] 巴达霍斯省 ( 西 ),,,,,0,0,,,
badajozs,'bædəhɔz,,Badajoz\n['bædəhɔz]\n巴达霍斯(西班牙西南部省份)\n巴达霍斯(西班牙巴达霍斯省省会),,,,,0,0,0:badajoz/1:s,,
Badajós,,,[地名] 巴达若斯 ( 巴西 ),,,,,0,0,,,
"Badajós, L.",,,[地名] 巴达若斯湖 ( 巴西 ),,,,,0,0,,,
badak,,, 小独角犀,,,,,0,0,s:badaks,,
badakhshan,,,[网络] 巴达赫尚省；巴达克珊省；阿富汗东北部巴达克珊省,,,,,0,0,s:badakhshans,,
badakhshans,,,[网络] 巴达赫尚省；巴达克珊省；阿富汗东北部巴达克珊省\n(badakhshan 的复数),,,,,0,0,0:badakhshan/1:s,,
"Badakhshān, Velāyat-e",,,[地名] 巴达赫尚省 ( 阿富 ),,,,,0,0,,,
badaks,,, 小独角犀\n(badak 的复数),,,,,0,0,0:badak/1:s,,
badakshan,,,[网络] 阿富汗巴达赫尚；阿富汗巴达克山；之巴达赫尚,,,,,0,0,,,
badal,,,n. (Badal)人名；(匈)鲍道尔；(西、俄、土、土库、印)巴达尔,,,,,0,0,,,
Badal's operation,,,"[医] 巴达耳氏手术(将滑车下神经挫碎,治疗青光眼)",,,,,0,0,,,
Badal's optometer,,,巴达尔视力仪,,,,,0,0,,,
badalament,,,[网络] 不好意思,,,,,0,0,,,
badalamenti,,,巴达拉门蒂,,,,,0,0,,,
badaling,,,[网络] 八达岭长城；延庆县；长城饭店位於延庆县,,,,,0,0,,,
Badalona,",bɑ:də'ləunə",,n. 巴达洛纳（西班牙港市）,,,,,0,0,,,
badalucco,,, [地名] [意大利] 巴达卢科,,,,,0,0,,,
badam,,,n. (Badam)人名；(俄)巴达姆,,,,,0,0,,,
Badam Mazar,,,[地名] 巴达姆马扎尔 ( 阿富 ),,,,,0,0,,,
Badames,,,巴达美斯,,,,,0,0,,,
Badamgarh,,,[地名] 巴达姆格尔 ( 印 ),,,,,0,0,,,
Badami,,,n. (Badami)人名；(意)巴达米,,,,,0,0,,,
badamia exclamationis,,,长翅弄蝶；吶弄蝶；尖翅弄蝶；淡绿弄蝶；猿尾藤挵蝶；窄翅角纹弄蝶,,,,,0,0,,,
Badampaharh,,,巴丹帕哈,,,,,0,0,,,
badamsha (batamshinskiy),,,巴丹夏(巴坦辛斯基),,,,,0,0,,,
badan,,,[网络] 一个四川的农村,,,,,0,0,s:badans,,
Badan Fang,,,[中医] 拔弹方,,,,,0,0,,,
Badanah,,,巴达纳赫,,,,,0,0,,,
"Badang, Sungai",,,[地名] 巴当河 ( 马来 ),,,,,0,0,,,
"Badanloch, Loch",,,[地名] 巴丹洛赫湖 ( 英 ),,,,,0,0,,,
badans,,,[网络] 一个四川的农村\n(badan 的复数),,,,,0,0,0:badan/1:s,,
badar,,,[网络] 巴洛反稀土组织；反稀土行动组织；巴洛反稀土行动组织,,,,,0,0,s:badars,,
Badara,,,[地名] 巴达拉 ( 阿塞 ),,,,,0,0,,,
badaracco,,, [人名] 巴达拉科,,,,,0,0,,,
Badaran,,,巴达兰,,,,,0,0,,,
Badarian,bɑ:'dɑ:riәn,,"巴达里期的(指上埃及新石器时代文化, 特点是开始驯养家畜, 制作精美陶器和品种繁多的装饰品)",,,,,0,0,,,
Badarian culture,,,巴达里文化,,,,,0,0,,,
badarinath (badrinath),,,巴达里纳什,,,,,0,0,,,
badarinath mts.,,,巴达里纳什山脉,,,,,0,0,,,
Badarma,,,[地名] 巴达尔马 ( 俄 ),,,,,0,0,,,
Badarpur,,,巴达舖,,,,,0,0,,,
badars,,,[网络] 巴洛反稀土组织；反稀土行动组织；巴洛反稀土行动组织\n(badar 的复数),,,,,0,0,0:badar/1:s,,
badarse,,,[网络] 肮脏的,,,,,0,0,,,
Badas,,,[地名] 巴达斯 ( 菲、文莱、印尼 ),,,,,0,0,0:bada/1:s,,
"Badas, Kep.",,,[地名] 巴达斯群岛 ( 印尼 ),,,,,0,0,,,
badass,'bædæs,,a. & n.<美俚>到处惹是生非的(坏蛋),,,,,0,0,,,
badassed,'bædæs,,[美国俚语]\nadj.\n[亦作 badassed]\n到处惹是生非的，捣乱的，寻衅闹事的；卑鄙的[有时亦可用作一般的赞扬语]\n脾气坏的；难对付的\n顽固的\n强大的\nn.\n惹是生非\n捣蛋鬼，到处惹是生非的坏蛋,,,,,0,0,,,
badassery,,Engaging in seemingly impossible activities and achieving success in a manner that renders all onlookers completely awestruck.\n> Did you see that badassery? He just took down a whole battalion with nothing but his hands!\n,,,,,,0,0,,,
badasses,'bædæs,,n. 坏蛋\nadj. 到处惹是生非的,,,,,0,0,,,
badassical,,"Classically Bad Ass.   Of or pertaining to a level and style of bad assness that reminds one of the good old days.\n> As a 26 year old professional with a wife and kids, Tom thinks it is badassical to get together with his buds and play video games for twenty hours straight while consuming massive quantities of pizza and soda.\n",,,,,,0,0,,,
badassitude,,,[网络] 不好意思,,,,,0,0,,,
badassness,,,[网络] 恶心,,,,,0,0,,,
badaud,,,爱闲逛的(人)，爱看热闹的(人),,,,,0,0,,,
Badausa,,,[地名] 伯道萨 ( 印 ),,,,,0,0,,,
badawi,,,n. (Badawi)人名；(阿拉伯)巴达维,,,,,0,0,s:badawi,,
badb,bɔv,,n. 芭德布（战争女神）；巴芙（纵容军队打仗的精灵）,,,,,0,0,s:badbs,,
Badbergen,,,[地名] 巴特贝尔根 ( 德 ),,,,,0,0,,,
badblood,,,"n. 恨, 恶感",,,,,0,0,,,
badboyness,,,n. bad boy的变形,,,,,0,0,,,
badbs,bɔv,,Badb\n[bɔv]\nn.\n【爱尔兰神话】巴夫(纵容军队打仗的精灵),,,,,0,0,0:badb/1:s,,
Badcall,,,[地名] 巴德科尔 ( 英 ),,,,,0,0,,,
Badcaul,,,[地名] 巴德考尔 ( 英 ),,,,,0,0,,,
badchuck,,,[网络] 扒手,,,,,0,0,,,
badcock,,,n. (Badcock)人名；(英)巴德科克,,,,,0,0,,,
badd,,,abbr. Bartenders Against Drunk Driving 反对酒后驾车的酒吧侍者（组织）; Blacks Against Drunk Driving 反对酒后驾车的黑人（组织）; Bothered About Dungeons and Dragons 对地牢和恶势力感到紧张不安; battlefield awareness and data dissemination 战场感知与数据传送,,,,,0,0,s:badds,,
baddam,,,巴达姆,,,,,0,0,s:baddams,,
Baddams,,,[网络] 巴当斯,,,,,0,0,0:baddam/1:s,,
badde,,,[网络] 坏了,,,,,0,0,,,
baddeck,,, [地名] [加拿大] 巴德克,,,,,0,0,,,
Baddeckenstedt,,,[地名] 巴代肯施泰特 ( 德 ),,,,,0,0,,,
baddeckite,'bædәkait,,[矿]赤铁粘土,,,,,0,0,,,
badded,bæd,,"adj.\n不好的，坏的\n恶的，邪恶的，罪恶的，不道德的，道德败坏的\n劣等的，低劣的，不够标准的，质量差的；拙劣的；有缺陷的\n不足的，不充分的\n表现不好的，恶作剧的；不顺从的；不听话的；顽皮的\n有病的；疼痛的；受伤的\n(身体)不适的，不健康的；不健全的\n假的；伪造的；(硬币)降低成色的；不值钱的，无价值的\n腐烂的，变坏的，败坏的，腐败的；破败的\n有不良效果的，有不良倾向的\n心情不好的，阴郁的\n易怒的，乖戾的，粗暴的\n恶化的，严重的；厉害的\n[口语]抱歉的，后悔的，遗憾的\n难过的，难受的，悲伤的，悲痛的；情绪低落的\n令人不愉快的，不适宜的，不利的，不吉利的，不祥的，不幸的；使人伤心的\n不值得尊敬的，不名誉的，不光彩的，不体面的\n不称职的，不胜任的；不熟练的；缺乏才能的，判断力差的\n不适合的，不适当的\n出故障的，有毛病的；运转不正常的\n有害的，危害的；危险的；不合适的(for)\n敌对的\n(气候)险恶的，(天气等)恶劣的，剧烈的，凛冽的，刮风下雨的\n讨厌的，恶心的，令人作呕的\n(言行等)粗鄙的，猥亵的，下流的，低级的，污秽的；不敬的\n(拼写、语法、用法等)不符合规则的，不正确的，错误的\n(尤指因身体各部不匀称)不吸引人的，不美的，难看的\n(脸、皮肤等)有瑕疵的，有缺陷的，起疙瘩的，布满麻子的\n不合算的；无利可图的；花费不当的；浪费掉的\n征用不到的；不可支付的；(债务等)无法收回的，无法清偿的\n【法律】无效的，失效的，作废的；不完全的；有缺陷的\n【网球、手球等】(发球、接球)出界的\nbadder，baddest[美国俚语、主黑人用语]很好的，极好的，特别好的；挺时髦的；给人印象深刻的，令人羡慕的，顶呱呱的\n寻衅滋事的，爱寻衅的\nadv.\n[美国口语]\n差，坏，拙劣地\n邪恶地；罪恶地\n错误地，不正确地\n不利地，有害地，危害地；令人不快地\n[口语]非常，极，很\n严重地；厉害地\n不合适地；不适当地\n不充分地；不足地\n顽皮地，不听话地\n遗憾地；悲痛地；愤恨地；激动地(= badly)\nn.\n坏\n劣质，恶劣品质，恶劣状态\n坏的东西，坏的事物\n厄运\n邪恶\n[the bad] [总称]坏人们，恶人\n[the bad] 【会计学】(账的)借方\n近义词:\nevil\n. wicked\n. ill\n. naughty\n反义词:\ngood\n. moral\n短语:\nbad at\n不善于…；对…不行\nbad at numbers\n不善算术\nBad is the best.\n[谚语]决无好事。\nbad off\n[美国口语]\n境况不好的，穷困的，处于破产的\n身体很差的，病重的\n缺少的(for)\nbe bad for\n对…有害\nbe taken bad\n患病，生病了\nfeel bad (about)\n为…感到抱歉(或惭愧、难过)\ngo bad\n(食物)变坏\ngo from bad to worse\n(处境、行为、病情等)越来越坏，越来越糟，每况愈下\ngood, bad and indifferent\n各种水平和各种程度的\ngo to the bad\n变坏，堕落，颓废，自毁；没落\n(健康)衰落\nin a bad way\n见 way\nin bad\n[美国口语]\n处于不幸(或苦恼、困境)中，陷入困境，有困难，遇到麻烦，倒霉\n失宠，受冷遇(with)\nin someone's bad books\n见 book\njust too bad\n太遗憾\nmake the best of a bad job\n见 job\nnot (too) bad\n[口语]\n还不错，还可以，还好；相当好；不太坏；还过得去\n不难[亦作 not half bad， not so bad]\nNothing so bad as not to be good for something.\n[谚语] 天下没有百分之百的坏事。\ntake the bad with the good\n(学会)忍受幸与不幸，(人生中)坏事与好事(或苦与乐)都得承受\nThat can't be bad.\n[口语][表示赞许]那可是不错。\nThe bad is the enemy of good.\n[谚语]标准过高反于成功不利。\ntoo bad\n[口语]真遗憾，真可惜；不幸\nto the bad\n亏损；负债，欠账；吃亏\n处于不利的情况下\n趋于毁坏\nwith bad grace\n见 grace\n变形：\nadj.\nworse\n. worst;badder\n. baddest\nbad2\n[bæd]\n[古语] bid1 的过去式\n[废语] bide 的过去式",,,,,0,0,,,
Baddeley,,,n. (Baddeley)人名；(英)巴德利,,,,,37610,0,s:baddeleys,,
baddeleyit,'bædleɪɪt,,n. 斜锆石,,,,,0,0,,,
baddeleyite,"'bædәli,ait",n a mineral consisting of zirconium oxide,n. [矿]斜锆石,,,,,0,0,s:baddeleyites,,
baddeleyites,'bædəliait,,n. [矿物] 斜锆石（二氧化锆矿）,,,,,0,0,0:baddeleyite/1:s,,
baddeleyitic,,,斜锆石,,,,,0,0,,,
baddeleys,,,n. (Baddeley)人名；(英)巴德利\n(baddeley 的复数),,,,,0,0,0:baddeley/1:s,,
badder,'bædə," compar. of Bad, a.",a. 的非正式写法,,,,,0,0,,,
Badderen,,,[地名] 巴德伦 ( 挪 ),,,,,0,0,,,
badderlocks,"'bædә,lɔks","n. A large black seaweed (Alaria esculenta) sometimes\n   eaten in Europe; -- also called murlins, honeyware, and henware.",n. 翅菜(一种棕黑色大海草),,,,,0,0,,,
badders,'bædə,,adj.\n的非正式写法\n变形：\nadj.\nworse,,,,,0,0,,,
baddest,'bædəst,,a. 最坏的,,,,,0,0,,,
baddie,'bædi,n the principal bad character in a film or work of fiction,"n. 坏人, (尤指电影中之)恶人",n:100,,,,35955,43970,s:baddies,,
"baddie, baddies",,,"n. baddie, baddy的变形",,,,,0,0,,,
"baddie, baddy",'bædi,,n. [美国俚语、口语]坏人，(尤指小说、戏剧、电影等中的)坏蛋，反派角色，反面人物，恶棍,,,,,0,0,,,
baddies,'bæddaɪz,n. the principal bad character in a film or work of fiction,"abbr. bad ones 坏人, 坏东西\nn. 坏人, （尤指电影中的）恶人( baddie的复数形式 ); 坏人, （尤指电影中的）恶人( baddy的复数形式 )",,,,,0,0,0:baddy/1:s,,
badding,,,[网络] 佳宝猪,,,,,0,0,,,
baddish,'bædiʃ,a. Somewhat bad; inferior.,a. 较坏的,,,,,0,0,s:baddishes,,
baddishes,'bædɪʃ,,baddish\n['bædiʃ]\nadj.\n不太好的；稍次的；相当坏的；较劣的,,,,,0,0,0:baddish/1:s,,
baddishness,,,[网络] 恶劣,,,,,0,0,,,
Baddo R.,,,[地名] 伯多河 ( 巴基 ),,,,,0,0,,,
baddoo,,,[网络] 坏蛋,,,,,0,0,,,
baddour,,,n. (Baddour)人名；(阿拉伯)巴杜尔,,,,,0,0,,,
badds,,,abbr. Bartenders Against Drunk Driving 反对酒后驾车的酒吧侍者（组织）; Blacks Against Drunk Driving 反对酒后驾车的黑人（组织）; Bothered About Dungeons and Dragons 对地牢和恶势力感到紧张不安; battlefield awareness and data dissemination 战场感知与数据传送\n(badd 的复数),,,,,0,0,0:badd/1:s,,
baddy,'bædi,,"n. 坏人, (尤指电影中之)恶人",,,,,23983,0,s:baddies,,
Baddā,,,[地名] 拜达 ( 黎 ),,,,,0,0,,,
bade,,n. a Chadic language spoken in northern Nigeria,bid的过去式,,,,,0,0,0:bid/1:p/s:bades,,
Bade City,,,八德市（台湾地名） ,,,,,0,0,,,
bade fair,,,[网络] 公平,,,,,0,0,,,
badeau,,, [人名] 巴多,,,,,0,0,,,
Badeborn,,,巴德伯恩,,,,,0,0,,,
badedas,,,[网络] 宝滴；嗅吸着新买的宝滴；森林浴香精,,,,,0,0,,,
badeen,,,[网络] 巴een,,,,,0,0,,,
Badefols,,,巴德弗勒,,,,,0,0,,,
Badefols-d'Ans,,,[地名] 巴德福勒当 ( 法 ),,,,,0,0,,,
Badeguicheri,,,巴德居榭希,,,,,0,0,,,
badejo,,,[网络] 鱚科,,,,,0,0,s:badejoes,,
badejoes,,,[网络] 鱚科\n(badejo 的复数),,,,,0,0,0:badejo/1:s,,
badelaire,,,[网络] 水手用阔刃弯刀,,,,,0,0,,,
badelaires,,,[网络] 坏消息,,,,,0,0,,,
badelynge,,badelynge (plural badelynges)\n(archaic) A group of ducks on the ground.\n,,,,,,0,0,,,
Bademli,,,巴甸利,,,,,0,0,,,
bademli gecidi,,,巴甸利山口,,,,,0,0,,,
baden,,,n. 巴登（西德省名）；巴登亚麻平布,,,,,26795,0,,,
baden hemp,,,巴登大麻,,,,,0,0,,,
Baden rubber,,,[纺] 巴登擦身浴巾,,,,,0,0,,,
Baden-Baden,'bɑ:dən'bɑ:dən,,n. 巴登巴登（德国著名的温泉城）,,,,,0,0,,,
baden-powell,ˌbeɪdnˈpəʊəl,, 巴顿; 罗伯特·斯蒂芬森·史密斯((1857-1941) 英国士兵; 他建立了童子军(1908年); 并与他姐姐阿格尼斯 (1858-1945年)一起建立了女童子军(1910年) ),,,,,0,0,,,
"Baden-Powell, Robert Stephenson Smyth",'beidən'pauəl,,巴登鲍威尔爵士(1857～1941，英国陆军军官，男、女童子军创建人),,,,,0,0,,,
Baden-Wuerttemberg,,,巴登-符腾堡州,,,,,0,0,,,
baden-wurttemberg,,,[网络] 巴登符腾堡州；巴登-符腾堡；巴登符腾堡邦,,,,,0,0,,,
"Baden-Württemberg, Land",,,[地名] 巴登-符腾堡州 ( 德 ),,,,,0,0,,,
Badenas,,,[地名] 巴德纳斯 ( 西 ),,,,,0,0,,,
Badendorf,,,[地名] 巴登多夫 ( 德 ),,,,,0,0,,,
badenhausen,,, [地名] [德国] 巴登豪森,,,,,0,0,,,
Badenheim,,,[地名] 巴登海姆 ( 德 ),,,,,0,0,,,
badenite,'bædinait,,砷铋镍钴矿,,,,,0,0,,,
"Badenloch, Loch",,,[地名] 巴登洛赫湖 ( 英 ),,,,,0,0,,,
Badenoch,,,[地名] 巴德诺赫 ( 英 ),,,,,0,0,s:badenoches,,
Badenoch urethroplasty,,,套入法尿道成形术,,,,,0,0,,,
badenoches,,,[地名] 巴德诺赫 ( 英 )\n(badenoch 的复数),,,,,0,0,0:badenoch/1:s,,
badenov,,,[网络] 巴特诺夫,,,,,0,0,,,
Badenstedt,,,[地名] 巴登施泰特 ( 德 ),,,,,0,0,,,
Badenweiler,,,[地名] 巴登韦勒 ( 德 ),,,,,0,0,,,
Bader,,a having undesirable or negative qualities\ns very intense\ns feeling physical discomfort or pain (`tough' is occasionally used colloquially for `bad')\ns (of foodstuffs) not in an edible or usable condition\na feeling or expressing regret or sorrow or a sense of loss over something done or undone\ns not capable of being collected\ns below average in quality or performance\ns nonstandard\ns not financially safe or secure\ns physically unsound or diseased\ns capable of harming\ns characterized by wickedness or immorality\ns reproduced fraudulently\ns not working properly,n. 巴德（姓氏名）,,,,,36196,0,,,
"Bader, Sir Douglas (Robert Stuart)",'bɑ:də,,巴德(1910～1982，英国皇家空军战斗机飞行员),,,,,0,0,,,
Baderna,,,[地名] 巴代尔纳 ( 克罗 ),,,,,0,0,,,
Badersleben,,,巴德斯列本,,,,,0,0,,,
badertscher,,,[网络] 网络女孩伯大尼,,,,,0,0,,,
bades,beɪd; bæd,,v. 命令（bid的一种过去式）\nn. (Bade)人名；(德、法、塞、芬)巴德,,,,,0,0,0:bade/1:s,,
badescu,,,[网络] 巴德斯库,,,,,0,0,,,
Badeshi,,,[网络] 阿尔山,,,,,0,0,,,
Badesi,,,[地名] 巴代西 ( 意 ),,,,,0,0,,,
badest,beɪd; bæd,,bid1 的一种过去式,,,,,0,0,,,
badfic,,"badfic (countable and uncountable, plural badfics)\n(countable, fandom slang) A badly-written fanfic.\n(uncountable, fandom slang) Such fan fiction collectively.\n",,,,,,0,0,,,
badfinger,,, 坏手指乐队,,,,,0,0,,,
Badgam,,,巴德干,,,,,0,0,,,
Badgaon,,,[地名] 伯德冈 ( 印 ),,,,,0,0,,,
badgas,,,[网络] 有毒气体；胀气；坏气体,,,,,0,0,,,
badgastein,,, [地名] [奥地利] 巴德加施泰因,,,,,0,0,,,
badge,bædʒ,n. an emblem (a small piece of plastic or cloth or metal) that signifies your status (rank or membership or affiliation etc.)\nn. any feature that is regarded as a sign of status (a particular power or quality or rank)\nv. put a badge on,"n. 徽章, 标记\n[计] 标记",v:1/n:99,1,,cet6 ky ielts gre,6357,6814,s:badges,,
badge bandit,,,[美国俚语，改装高速赛车驾驶用语]警官，警察；警匪,,,,,0,0,,,
badge bunnies,,,[网络] 徽章兔子,,,,,0,0,,,
badge bunny,,,[网络] 徽章兔子,,,,,0,0,,,
badge card,,,标记卡,,,,,0,0,,,
badge card reader,,,[计] 标记卡阅读器,,,,,0,0,,,
badge in,,,用身份识别卡/证（才能）进入,,,,,0,0,,,
badge meter,,,(核子)剂量计,,,,,0,0,,,
Badge Night,,,[网络] 徽章之夜,,,,,0,0,,,
badge of trade,,,交易的标志,,,,,0,0,,,
badge out,,,用身份识别卡/证（才能）出去,,,,,0,0,,,
badge plate,,,标记牌,,,,,0,0,,,
badge punch,,,[计] 标记穿孔机,,,,,0,0,,,
badge reader,,,[计] 标记阅读器,,,,,0,0,,,
badge security,,,识别证保全,,,,,0,0,,,
badge-,bædʒ,,comb.form 表示“象征名牌的”，“名牌标志的”(只因该商品是名牌而使用它)：badge-product,,,,,0,0,,,
badge-cove,,,[网络] 徽章湾,,,,,0,0,,,
badged,,past tense of badge\nn. an emblem (a small piece of plastic or cloth or metal) that signifies your status (rank or membership or affiliation etc.)\nn. any feature that is regarded as a sign of status (a particular power or quality or rank)\nv. put a badge on,"(badge 的过去时) n. 徽章, 标记\n[计] 标记",,,,,0,0,0:badge/1:pd,,
badgeless,,a. Having no badge.,a. badge的变形,,,,,0,0,,,
badgelike,,,[网络] 糟糕的,,,,,0,0,,,
badgemaking,,,[网络] 坏蛋,,,,,0,0,,,
badgeman,,,[网络] 坏人,,,,,0,0,,,
badger,'bædʒә,n. sturdy carnivorous burrowing mammal with strong claws; widely distributed in the northern hemisphere\nv. persuade through constant efforts,"n. 獾, 獾皮毛\nvt. 纠缠",n:47/v:53,1,,toefl gre,8137,21256,s:badgers/i:badgering/p:badgered/d:badgered/3:badgers,,
badger baiting,,,n. 耍獾游戏,,,,,0,0,,,
badger brush,,,獾毛笔(用于油画的软毛笔),,,,,0,0,,,
badger dog,,,[网络] 獾狗,,,,,0,0,s:badger dogs,,
badger dogs,,,[网络] 獾狗,,,,,0,0,0:badger dog/1:s,,
badger drawing,,,= badger baiting,,,,,0,0,,,
badger fat,,,獾油,,,,,0,0,,,
badger for,,,缠着要:,,,,,0,0,,,
badger fur,,,[网络] 獾皮；貉子毛皮草；獾毛,,,,,0,0,,,
badger game,,,"美人计, 敲诈\n[法] 美人计",,,,,0,0,,,
badger games,,,美人计；敲诈,,,,,0,0,,,
badger hair,,,獾毛,,,,,0,0,,,
badger hat,,,"n. 腐败分子,变质分子",,,,,0,0,,,
badger into,,,[口语]烦扰或纠缠(某人做某事),,,,,0,0,,,
badger leg,,,"[医] 獾腿, 两腿长短不等",,,,,0,0,,,
badger pass,,,贝嘉山口,,,,,0,0,,,
Badger Peak,,,[地名] 巴杰峰 ( 美 ),,,,,0,0,,,
badger plane,,,槽刨,,,,,0,0,,,
Badger rule,,,[机] 巴杰尔规则,,,,,0,0,,,
badger sb. to do sth.,,,v. 纠缠某人干某事,,,,,0,0,,,
badger skin,,,獾皮,,,,,0,0,,,
badger skunk,,,= hog-nosed skunk,,,,,0,0,s:badger skunks,,
badger skunks,,,badger skunk\n= hog-nosed skunk,,,,,0,0,0:badger skunk/1:s,,
badger softener,,,软毛宽刷,,,,,0,0,,,
badger someone,,,[网络] 烦扰某人,,,,,0,0,,,
Badger State,,,獾州（威斯康星州别名）,,,,,0,0,s:badger states,,
badger states,,,獾州（威斯康星州别名）,,,,,0,0,0:badger state/1:s,,
Badger two-stage distillation process,,,[化] 巴杰尔两级蒸馏法,,,,,0,0,,,
badger with,,,v. 纠缠,,,,,0,0,,,
Badger's rule,,,【物理化学】巴杰尔定则,,,,,0,0,,,
badger-baiting,,,[网络] 耍獾游戏,,,,,0,0,s:badger-baitings,,
badger-baitings,,,[网络] 耍獾游戏\n(badger-baiting 的复数),,,,,0,0,0:badger-baiting/1:s,,
badger-dog,'bædʒə'dɔɡ,,n. 猎獾犬(= dachshund),,,,,0,0,,,
badger-hair softener,,,软毛宽刷,,,,,0,0,,,
badger-legged,,"a. Having legs of unequal length, as the badger was\n   thought to have.",a. 两腿长短不一的,,,,,0,0,,,
badgered,,imp. & p. p. of Badger,n. 贪睡的獾（电影名）,,,,,0,0,0:badger/1:pd,,
badgerer,'bædʒə,n. One who badgers.\nn. A kind of dog used in badger baiting.,"n. 【动物】獾(Melinae)；☉獾毛\nvt. 折磨；烦扰, 困扰, 骚扰；纠缠；逗弄：",,,,,0,0,s:badgerers,,
badgerers,,,[网络] 妓女,,,,,0,0,0:badgerer/1:s,,
badgering,'bædʒə,n. the act of harassing someone,n. 獾；獾皮；（大写）獾州人（美国威斯康星州人的别称）；<动><澳>毛鼻袋熊\nvt. 纠缠不休；吵着要；烦扰\nn. (Badger)人名；(英)巴杰,n:100,,,,0,43074,0:badger/1:i/s:badgerings,,
badgerings,,,[网络] 獾子,,,,,0,0,0:badgering/1:s,,
badgerlike,,,[网络] 肮脏的,,,,,0,0,,,
badgerlock,,,[网络] 歹徒,,,,,0,0,,,
badgerly,,,[网络] 肮脏的,,,,,0,0,,,
badgers,ˈbædʒəz,n a native or resident of Wisconsin\nn sturdy carnivorous burrowing mammal with strong claws; widely distributed in the northern hemisphere\nv annoy persistently\nv persuade through constant efforts,n. 獾( badger的名词复数 ); 獾皮; （大写）獾州人（美国威斯康星州人的别称）; <动><澳>毛鼻袋熊,,,,,0,0,0:badger/1:s3,,
badges,'bædʒɪz,n. an emblem (a small piece of plastic or cloth or metal) that signifies your status (rank or membership or affiliation etc.)\nn. any feature that is regarded as a sign of status (a particular power or quality or rank)\nv. put a badge on,n. 徽章( badge的复数形式 ); 象征; 证章; [美国俚语]警察,,,,,0,0,0:badge/1:s,,
badges of trade,,,贸易象征,,,,,0,0,,,
badgework,,,[网络] 坏事,,,,,0,0,,,
Badgeworth,,,[地名] 巴奇沃思 ( 英 ),,,,,0,0,,,
Badghls,,,巴德赫斯,,,,,0,0,,,
badgie,,,[网络] 坏蛋,,,,,0,0,,,
badging,,-ing form of badge\nn. an emblem (a small piece of plastic or cloth or metal) that signifies your status (rank or membership or affiliation etc.)\nn. any feature that is regarded as a sign of status (a particular power or quality or rank)\nv. put a badge on,"(badge 的现在分词) n. 徽章, 标记\n[计] 标记",,,,,0,0,0:badge/1:i/s:badgings,,
badgings,,,v. 落款；饰章；印商标（badge的ing形式）,,,,,0,0,0:badging/1:s,,
badginski,,,[网络] 巴尔金斯基,,,,,0,0,,,
badgley,,,n. (Badgley)人名；(英)巴杰利,,,,,0,0,,,
"Badgley, C.",,,[地名] *巴奇利角(萨格里什角的旧称) ( 葡 ),,,,,0,0,,,
badgro,,,[网络] 肮脏的,,,,,0,0,,,
badguys,,,[网络] 坏人,,,,,0,0,,,
badham,,, [人名] [英格兰人姓氏] 巴德姆住所名称，来源于古英语人名Beada+“宅地”(homestead),,,,,0,0,s:badhams,,
badhamia affinis,,,黑柄钙丝黏菌,,,,,0,0,,,
badhamia formosana,,,台湾钙丝黏菌,,,,,0,0,,,
badhamia gracilis,,,细钙丝黏菌,,,,,0,0,,,
badhamia macrocarpa,,,大囊钙丝黏菌,,,,,0,0,,,
badhamia nitens,,,黄钙丝黏菌,,,,,0,0,,,
badhamia panicea,,,白面钙丝黏菌,,,,,0,0,,,
badhams,,, [人名] [英格兰人姓氏] 巴德姆住所名称，来源于古英语人名Beada+“宅地”(homestead)\n(badham 的复数),,,,,0,0,0:badham/1:s,,
badhan,,,[网络] 巴得罕,,,,,0,0,,,
badhaus,,,[网络] 浴堂,,,,,0,0,,,
Badhoevedorp,,,[地名] 巴德胡弗多普 ( 荷 ),,,,,0,0,,,
badhorn,,,[网络] 哈德霍恩,,,,,0,0,,,
Badhwar,,,[网络] 巴德瓦尔,,,,,0,0,,,
badi,,,n. (Badi)人名；(匈)鲍迪；(法、葡、斯里、巴基)巴迪,,,,,0,0,,,
badia,,,n. (Badia)人名；(阿拉伯、瑞典、意)巴迪亚,,,,,0,0,s:badias,,
badia calavena,,,巴迪亚卡拉维纳,,,,,0,0,,,
Badia Polesine,,,[地名] 巴迪亚波莱西内 ( 意 ),,,,,0,0,,,
Badia Tedalda,,,[地名] 巴迪亚泰达尔达 ( 意 ),,,,,0,0,,,
Badian,'beidiәn,"n. An evergreen Chinese shrub of the Magnolia family (Illicium\n   anisatum), and its aromatic seeds; Chinese anise; star anise.",n. 巴贝多人\na. 巴贝多(人)的,,,,,0,0,s:badians,,
badian essence,,,八角茴香香料,,,,,0,0,,,
badians,,,abbr. Barbadian 巴巴多斯人,,,,,0,0,0:badian/1:s,,
Badiara,,,[地名] 巴贾拉河 ( 塞内 ),,,,,0,0,,,
badias,,,[网络] 巴迪斯,,,,,0,0,0:badia/1:s,,
badical,,"The conjunction of [bad] and [radical], giving an 80s feel of extreme greatness.\n> Man, that website was badical to the extreme.\n",,,,,,0,0,,,
badie,,,[网络] 穆斯林兄弟会领袖巴帝亚,,,,,0,0,s:badies,,
badies,,plural of bady,(bady 的复数) n. (Bady)人名；(法、罗)巴迪,,,,,0,0,0:bady/1:s,,
badigeon,'bædidʒәn,"n. A cement or paste (as of plaster and freestone, or of\n   sawdust and glue or lime) used by sculptors, builders, and workers in\n   wood or stone, to fill holes, cover defects, or finish a surface.","[法]涂墙色料, 油灰, 腻子",,,,,0,0,,,
badigeons,,,n. 嵌填膏泥\n[网络] 油灰；嵌填灰膏；补土,,,,,0,0,,,
Badigeru Swamp,,,[地名] 巴迪盖鲁沼泽 ( 苏丹 ),,,,,0,0,,,
badijun,,,嵌填灰膏,,,,,0,0,,,
Badil,,,甲紫,,,,,0,0,,,
badillo,,,n. (Badillo)人名；(西)巴迪略；(英)巴迪洛,,,,,0,0,,,
Badilu,,,[地名] 巴迪卢 ( 巴布 ),,,,,0,0,,,
badin,,,n. (Badin)人名；(法)巴丹；(俄)巴金；(意、瑞典、捷、塞)巴丁,,,,,0,0,,,
Badin Lake,,,[地名] 巴丁湖 ( 美 ),,,,,0,0,,,
Badin metal,,,巴丁合金,,,,,0,0,,,
Badinae,,,纹色鲈亚科；棕鲈亚科,,,,,0,0,,,
badinage,bædinɑ:ʒ,n. frivolous banter,"n. 开玩笑；嘲弄, 揶揄",n:100,,,gre,43068,45873,s:badinages,,
badinaged,,,"打趣, 玩笑( badinage的过去式和过去分词 )",,,,,0,0,,,
badinages,'bædɪnɑːʒ,,n. 开玩笑；嘲弄，揶揄\nvt. 打趣,,,,,0,0,0:badinage/1:s,,
badinaging,,,"打趣, 玩笑( badinage的现在分词 )",,,,,0,0,,,
badine,,,诙谐风舞曲,,,,,0,0,,,
badiner,,,开玩笑，打趣，说笑话；飘扬；挥舞，挥动,,,,,0,0,,,
badinerie,,,[网络] 嬉戏曲；诙谐曲；谐谑风格舞曲,,,,,0,0,,,
badinerie (france),,,巴迪奈利(法国),,,,,0,0,,,
badineries,,,[网络] 腌制品,,,,,0,0,,,
Badinko,,,[地名] 巴丁科河 ( 马里 ),,,,,0,0,,,
badinkydonk,,"The action of having a small posterior : The opposite of a [badonkadonk]\n> Meggo, you have a badinkydonk. Just to let you know.\n",,,,,,0,0,,,
badinter,,,[网络] 巴丁特；巴丹戴尔；巴丹泰,,,,,0,0,s:badinters,,
badinters,,,[网络] 巴丁特；巴丹戴尔；巴丹泰\n(badinter 的复数),,,,,0,0,0:badinter/1:s,,
Badion,,,[地名] 巴琼 ( 塞内 ),,,,,0,0,,,
badional,,,磺胺硫尿,,,,,0,0,,,
Badiotella,,,"小步蛤属〔双壳类；T2-3〕, 小步蛤属〔双壳类，T2-3〕",,,,,0,0,,,
badious,,,adj. 栗褐色的,,,,,0,0,,,
badir,,,n. (Badir)人名；(阿拉伯)巴迪尔,,,,,0,0,,,
Badiraguato,,,[地名] 巴迪拉瓜托 ( 墨 ),,,,,0,0,,,
badis,,,[网络] 贝蒂丝；棕鲈属,,,,,0,0,,,
BADISADOBISTROZ,,,n. 十二旬风,,,,,0,0,,,
Badisch converter,,,[化] 巴斯夫转化炉,,,,,0,0,,,
badische,,,[网络] 巴登,,,,,0,0,s:badisches,,
Badische acid,,,[化] 巴斯夫酸; 2-萘胺-8-磺酸,,,,,0,0,,,
Badischer process,,,[机] 巴迪斯法,,,,,0,0,,,
badisches,,,[网络] 巴登\n(badische 的复数),,,,,0,0,0:badische/1:s,,
Badistan,,,多菌灵,,,,,0,0,,,
badiu,,,[网络] 中国博客网,,,,,0,0,,,
badium,,,[网络] 不独镭,,,,,0,0,,,
badius,'beɪdiəs,,"栗褐色,淡红褐色",,,,,0,0,,,
Badiya,,,巴地雅,,,,,0,0,,,
badjer,,,[网络] 獾,,,,,0,0,,,
badjong,'bædʒɔŋ,,[植]小总状相思树,,,,,0,0,,,
Badkhyzskiy Zapovednik,,,[地名] 巴德赫兹自然保护区 ( 土库 ),,,,,0,0,,,
badland,,,"n. 荒原, 崎岖地",,,,,39429,0,s:badlands,,
badlands,'bædlændz,n. deeply eroded barren land,n. 崎岖地,n:100,,,,0,23351,0:badland/1:s/s:badlandss,,
Badlands National Park,,,n. 恶地国家公园,,,,,0,0,s:badlands national parks,,
badlands national parks,,,n. 恶地国家公园,,,,,0,0,0:badlands national park/1:s,,
badlandss,'bædlændz,,badlands\n['bædlændz]\nn.\n[复数][美国英语]\n【地理学】(侵蚀造成的)崎岖地，劣地，荒地\n[B-]巴德兰兹，荒土地带(美国南达科他州西南部和内布拉斯加州西北部的崎岖地区)[亦作 Bad Lands]\n近义词:\nwaste,,,,,0,0,0:badlands/1:s,,
badley,,,[人名] 巴德利,,,,,0,0,,,
badling,,,[网络] ling ling,,,,,0,0,,,
badlings,,,[网络] 獾,,,,,0,0,,,
Badlipster,,,巴德利普斯特,,,,,0,0,,,
badload,,,[网络] 无效的加载持续,,,,,0,0,,,
badloads,,"1. n. A bad drunk.  One who does things his drunk friends disapprove of.  And not the cool kind of things they disapprove of, either.\r\n2. n. Someone much drunker than anyone else around him/her, usually being annoying or out of control.\r\n3. n. Someone who gets drunk and develops a bad personality.\n> ""By the time we got to the bar at nine, this bad load was already slurring and spilling his drinks on himself.""\n> ""After I pissed myself, the bartender called me a bad load wanted to kick me out, so I tried to fight her""\n> ""CUA is a breeding ground for bad loads""\n",,,,,,0,0,,,
badly,'bædli,r. to a severe or serious degree\nr. evilly or wickedly\nr. in a disobedient or naughty way\nr. with great intensity (`bad' is a nonstandard variant for `badly'),"adv. 严重地, 恶劣地, 极度地",r:100,3,1,gk cet4 ky,2078,3111,,,
badly annealed,,,退火不良的,,,,,0,0,,,
badly battered and mauled,,,碰得头破血流,,,,,0,0,,,
badly behaved,,,[网络] 表现差的；表现不佳的,,,,,0,0,,,
badly bleeding,,,跑钢;冒顶,,,,,0,0,,,
badly bleeding ingot,,,冒顶钢锭,,,,,0,0,,,
badly broken,,, 严重破损,,,,,0,0,,,
badly damaged,,,un. 严重损伤了的\n[网络] 严重损坏；严重损毁；严重伤害,,,,,0,0,,,
badly damaged bud-leaf,,,[农] 重伤芽叶,,,,,0,0,,,
badly detonating,,,[化] 强力爆击; 强力发爆,,,,,0,0,,,
badly formed expression,,,错误形式表式,,,,,0,0,,,
badly graded sand,,,配不良的砂,,,,,0,0,,,
badly hit,,,受到严重的挫折(或打击),,,,,0,0,,,
badly off,,,"穷的, 缺少的",,1,,,0,0,,,
badly off for,,,"需要, 供应不足",,,,,0,0,,,
badly organized,ˈbædli ˈɔ:ɡənaizd,, 条理不清,,,,,0,0,,,
badly packed kebab,,,[网络] 女性生殖器,,,,,0,0,,,
badly paid,,,报酬低\n低薪,,,,,0,0,,,
badly rigged,,,不良的安装,,,,,0,0,,,
badly stowed,,,[网络] 装舱不当,,,,,0,0,,,
badly-behaved,,,[网络] 表现差的；表现不佳的,,,,,0,0,s:badly-behaveds,,
badly-behaveds,,,[网络] 表现差的；表现不佳的\n(badly-behaved 的复数),,,,,0,0,0:badly-behaved/1:s,,
badly-burned,,,[网络] 烧烫伤；有关烧烫伤,,,,,0,0,s:badly-burneds,,
badly-burneds,,,[网络] 烧烫伤；有关烧烫伤\n(badly-burned 的复数),,,,,0,0,0:badly-burned/1:s,,
badly-damaged,,,严重损坏,,,,,0,0,s:badly-damageds,,
badly-damageds,,,严重损坏\n(badly-damaged 的复数),,,,,0,0,0:badly-damaged/1:s,,
badly-decomposed,,,[网络] 严重腐烂的,,,,,0,0,s:badly-decomposeds,,
badly-decomposeds,,,[网络] 严重腐烂的\n(badly-decomposed 的复数),,,,,0,0,0:badly-decomposed/1:s,,
badly-designed,,,[网络] 设计十分糟糕,,,,,0,0,s:badly-designeds,,
badly-designeds,,,[网络] 设计十分糟糕\n(badly-designed 的复数),,,,,0,0,0:badly-designed/1:s,,
badly-dressed,,,[网络] 不合适的打扮；衣着邋遢的,,,,,0,0,,,
badly-educated,,,[网络] 缺乏教养,,,,,0,0,,,
badly-formed expression,,,[计] 错误形式表达式,,,,,0,0,,,
badly-injured,,,受重伤\n严重损害,,,,,0,0,s:badly-injureds,,
badly-injureds,,,受重伤\n严重损害\n(badly-injured 的复数),,,,,0,0,0:badly-injured/1:s,,
badly-needed,,,[网络] 急需的,,,,,0,0,s:badly-neededs,,
badly-neededs,,,[网络] 急需的\n(badly-needed 的复数),,,,,0,0,0:badly-needed/1:s,,
badly-off,,,a. 穷的,,,,,0,0,,,
badly-paid,,,报酬低\n低薪,,,,,0,0,s:badly-paids,,
badly-paids,,,报酬低\n低薪\n(badly-paid 的复数),,,,,0,0,0:badly-paid/1:s,,
badly-produced,,,adj. 制作得糟糕的,,,,,0,0,s:badly-produceds,,
badly-produceds,,,adj. 制作得糟糕的\n(badly-produced 的复数),,,,,0,0,0:badly-produced/1:s,,
badly-wounded,,,adj. 受伤严重的,,,,,0,0,,,
Badlāpur,,,[地名] 伯德拉布尔 ( 印 ),,,,,0,0,,,
badman,'bædmæn,,"n. 偷牲口贼, 不法之徒",,,,,0,0,s:badmen,,
badmash,'bʌdmɑ:ʃ,,"n. 恶汉, 歹徒",,,,,0,0,,,
badmashes,'bædmæʃ,,n. 不诚实的男子；恶汉；流氓,,,,,0,0,,,
badmashs,bʌd'mɑʃ,,badmash\n['bʌdmɑ:ʃ]\nn.\n[印度英语]流氓，恶棍，坏蛋[亦作 budmash],,,,,0,0,,,
badmen,,plural of badman,"(badman 的复数) n. 偷牲口贼, 不法之徒",,,,,0,0,0:badman/1:s,,
badminton,'bædmintәn,n. a game played on a court with light long-handled rackets used to volley a shuttlecock over a net,n. 羽毛球运动,n:100,1,,gk cet4 cet6 ky ielts,15739,20115,s:badmintons,,
badminton court,ˈbædmintən kɔ:t,, 羽毛球场,,,,,0,0,s:badminton courts,,
badminton courts,,,羽毛球场,,,,,0,0,0:badminton court/1:s,,
badminton equipment,,,羽毛球器材,,,,,0,0,,,
Badminton Horse Trials,,,[网络] 热门地区；伯明顿大赛,,,,,0,0,,,
badminton player,,,[网络] 羽毛球运动员；羽毛球选手；羽毛球球员,,,,,0,0,,,
badminton players,,,[网络] 羽毛球运动员,,,,,0,0,,,
badminton racket,ˈbædmintən ˈrækit,,n. 羽毛球拍,,,,,0,0,s:badminton rackets,,
badminton rackets,,,[网络] 羽毛球拍；羽球拍；印度求购羽毛球拍,,,,,0,0,0:badminton racket/1:s,,
badminton racquet,,,[网络] 羽毛球拍,,,,,0,0,s:badminton racquets,,
badminton racquets,,,[网络] 羽球拍；羽毛球拍,,,,,0,0,0:badminton racquet/1:s,,
badmintons,ˈbædmintənz,,n. 羽毛球运动( badminton的名词复数 ),,,,,0,0,0:badminton/1:s,,
badmintoon,ˊbædmintәn,,n. 羽毛球,,,,,0,0,,,
badmotorfinger,,,[网络] 坏马达手指；音响花园；坏掉的电动手指,,,,,0,0,,,
badmouth,'bædˌmaʊθ,v speak unfavorably about, 说坏话,,,,,0,0,i:badmouthing/p:badmouthed/3:badmouths/d:badmouthed/s:badmouths,,
badmouthed,'bæd.maʊθ,,v. 诋毁；给…脸上抹黑；严厉批评\n[网络] 唱衰；恶意攻击,,,,,0,0,1:pd/0:badmouth,,
badmouthing,'bæd.maʊθ,,v. 诋毁；给…脸上抹黑；严厉批评\n[网络] 粗话,,,,,0,0,0:badmothe/1:i,,
badmouths,'bæd.maʊθ,,v. 诋毁；给…脸上抹黑；严厉批评\n[网络] 唱衰；恶意攻击,,,,,0,0,1:3/0:badmouth,,
badmus,,,[网络] 恶棍,,,,,0,0,,,
badnarik,,,巴德纳里克,,,,,0,0,,,
badnaviral,,,[网络] 坏病毒,,,,,0,0,,,
badnavirus,,,[网络] 杆状去氧核糖核酸病毒属；杆状病毒属,,,,,0,0,,,
badnavirus banana streak virus,,,香蕉条纹病毒,,,,,0,0,,,
badnavirus bougainvillea spectabilis chlorotic vein-banding virus,,,九重葛黄化叶脉带状病毒,,,,,0,0,,,
badnaviruses,,,[网络] 恶意病毒,,,,,0,0,,,
Badnawar,,,巴德纳瓦,,,,,0,0,,,
Badnera,,,[地名] 伯德内拉 ( 印 ),,,,,0,0,,,
badness,'bædnis,n. used of the degree of something undesirable e.g. pain or weather,"n. 坏, 恶, 不良",n:100,,,,34724,29980,s:badnesses,,
badness of fit,,,拟合劣度,,,,,0,0,,,
badnesses,'bædnəs,,n. 坏，恶；不良；恶劣状态,,,,,0,0,0:badness/1:s,,
Badnor,,,[地名] 伯德诺尔 ( 印 ),,,,,0,0,,,
Badnur,,,巴德奴,,,,,0,0,,,
Badnāwar,,,[地名] 伯德纳沃尔 ( 印 ),,,,,0,0,,,
bado,,, [人名] 巴多,,,,,0,0,,,
Badoglian,,,[网络] 巴多戈利奥,,,,,0,0,,,
badoglio,,,巴多利奥,,,,,0,0,s:badoglios,,
"Badoglio, Pietro",bə'dɔɡljəu; 'pjetrɔ:,,巴多格里奥(1871～1956，意大利将军和政治家),,,,,0,0,,,
badoglios,,,巴多利奥\n(badoglio 的复数),,,,,0,0,0:badoglio/1:s,,
"Badoh, Sungai",,,[地名] 巴多河 ( 马来 ),,,,,0,0,,,
badolato,,, [人名] 巴多拉托; [地名] [意大利] 巴多拉托,,,,,0,0,,,
Badolatosa,,,[地名] 巴多拉托萨 ( 西 ),,,,,0,0,,,
badon,,,[网络] 巴顿；巴顿品牌设计,,,,,0,0,,,
badone,,,[网络] 坏蛋,,,,,0,0,,,
Badong Formation,,,巴东组,,,,,0,0,,,
"Badong, Gunong",,,[地名] 巴东山 ( 马来 ),,,,,0,0,,,
badonicus,,,[网络] 坏蛋,,,,,0,0,,,
badonka,,"(verb) to either take a crap, or (noun) insulting another person by calling them a badonka\n> Man, I gotta take a badonka.\n> Don't worry about it dude, shes a badonka.\n",,,,,,0,0,,,
badonkadonk,,"An ‘ebonic’ expression for an extremely curvaceous female behind. Women who possess this feature usually have a small waist that violently explodes into a round and juicy posterior (e.g., 34c, 24, 38). Other characteristics would be moderately wide hips and a large amount of booty cleavage (i.e, depth of butt-crack).\n> Her badonkadonk made a brotha pop mad wheelies\n",,,,,,0,0,,,
badonkadonks,,"An ‘ebonic’ expression for an extremely curvaceous female behind. Women who possess this feature usually have a small waist that violently explodes into a round and juicy posterior (e.g., 34c, 24, 38). Other characteristics would be moderately wide hips and a large amount of booty cleavage (i.e, depth of butt-crack).\n> Her badonkadonk made a brotha pop mad wheelies\n",,,,,,0,0,,,
Badonviller,,,[地名] 巴东维莱 ( 法 ),,,,,0,0,,,
badooki,,,[网络] 坏蛋,,,,,0,0,,,
bador,,,[网络] 恶魔,,,,,0,0,,,
Badornviller,,,巴东维耶,,,,,0,0,,,
badot,,,巴多,,,,,0,0,,,
Badou,,,[地名] 巴杜 ( 多哥 ),,,,,0,0,,,
Badouin's reagent,,,[化] 巴杜安试剂,,,,,0,0,,,
badovinac,,,巴多维纳茨,,,,,0,0,,,
Badovinci,,,[地名] 巴多温齐 ( 塞尔 ),,,,,0,0,,,
Badplaas,,,巴德普拉斯,,,,,0,0,,,
badr,,,n. (Badr)人名；(阿拉伯)巴德尔,,,,,0,0,s:badrs,,
badr hunayn,,,拜德尔胡奈恩,,,,,0,0,,,
badra,,,n. (Badra)人名；(阿拉伯、葡)巴德拉,,,,,0,0,,,
badrachoid,,,[医] 蛙状的,,,,,0,0,,,
Badrah,,,[地名] 巴德拉赫 ( 蒙 ),,,,,0,0,,,
badran,,,巴德兰,,,,,0,0,,,
badrans,,,[网络] 布兰克斯,,,,,0,0,,,
badreya,,,[网络] 家室的人,,,,,0,0,,,
badri,,,n. (Badri)人名；(阿拉伯、尼)巴德里,,,,,0,0,,,
badrin,,,硫酸苯丙胺,,,,,0,0,,,
Badrinath,,,[网络] 巴德林纳特；巴德里纳特普里；伯德里纳特,,,,,0,0,,,
badrinath (badarinath),,,巴达里纳什,,,,,0,0,,,
badrinath pk. (chaukhamba),,,巴德里纳什(曹坎巴)峰,,,,,0,0,,,
badrs,,,n. (Badr)人名；(阿拉伯)巴德尔\n(badr 的复数),,,,,0,0,0:badr/1:s,,
badrutt,,,[网络] 巴德鲁特,,,,,0,0,,,
Badrān,,,[地名] 拜德兰 ( 约 ),,,,,0,0,,,
Badrīnāth,,,[地名] 伯德里纳特 ( 印 ),,,,,0,0,,,
bads,,,"[=black(locks), (oculocutaneous)albinism,deafness(of sensorineural type)syndrome]黑（发）、（眼皮肤）白化病、感觉神经性耳聋综合征",,,,,0,0,0:bad/1:s,,
Badsey,,,[地名] 巴德西 ( 英 ),,,,,0,0,,,
badshah,,,[网络] 诚然是回教帝国帝王,,,,,0,0,,,
badshot,,,un. 恶意中伤；很差劲的射手；非同步投入\n[网络] 不准的射击；猜错；坏球,,,,,0,0,s:badshots,,
badshots,,,un. 恶意中伤；很差劲的射手；非同步投入\n[网络] 不准的射击；猜错；坏球\n(badshot 的复数),,,,,0,0,0:badshot/1:s,,
Badsonia,,,衣原体属,,,,,0,0,,,
Badsworth,,,[地名] 巴兹沃思 ( 英 ),,,,,0,0,,,
badt,,, [人名] 巴特,,,,,0,0,,,
badtempered,ˊbædtempәd,,a. 脾气暴燥;易怒的,,,,,0,0,,,
badu,,,巴杜\n八度,,,,,0,0,,,
badu i. (mulgrave i.),,,巴杜岛(木尔格拉弗岛),,,,,0,0,,,
badu shengji powder,,,拔毒生肌散,,,,,0,0,,,
badua,,,[网络] 巴图亚,,,,,0,0,,,
baduanjin,,,八段锦,,,,,0,0,,,
baduen (bacaadweyn),,,巴都恩(巴卡德韦恩),,,,,0,0,,,
baduizm,,,[网络] 巴度主义,,,,,0,0,,,
Badules,,,[地名] 巴杜莱斯 ( 西 ),,,,,0,0,,,
Badulla,,,[地名] 巴杜勒 ( 斯里 ),,,,,0,0,s:badullas,,
Badulla Dist.,,,[地名] 巴杜勒区 ( 斯里 ),,,,,0,0,,,
badullas,,,[地名] 巴杜勒 ( 斯里 )\n(badulla 的复数),,,,,0,0,0:badulla/1:s,,
Badung,,,[地名] *巴塘(登巴萨的旧称) ( 印尼 ),,,,,0,0,,,
badung str.,,,巴东海崃,,,,,0,0,,,
badunkadunk,,"a dick-bouncin, dynamic booty, that defies the laws of physics and reminds men why we wanna be dogs or an urban term used to define approval of the voluptuous curvature of a feminie rump. \n> We snapped our necks 'round, lost the beat of the funk, and laid our eyes upon Maryjane's beautiful badunkadunk.\n",,,,,,0,0,,,
badunkadunks,,"a dick-bouncin, dynamic booty, that defies the laws of physics and reminds men why we wanna be dogs or an urban term used to define approval of the voluptuous curvature of a feminie rump. \n> We snapped our necks 'round, lost the beat of the funk, and laid our eyes upon Maryjane's beautiful badunkadunk.\n",,,,,,0,0,,,
Badupi,,,[地名] 巴杜比 ( 缅 ),,,,,0,0,,,
badura,,,[网络] 巴杜拉；度拉,,,,,0,0,,,
baduser,ˊbædˊjuːzә,,不受欢迎的人,,,,,0,0,,,
badush,,,n. 拜杜什(在伊拉克；东经 42º57' 北纬 36º26'),,,,,0,0,,,
badussies,,the smell when you walk into a room right after fornication\r\n\r\n\r\nBooty-dick-pussy\n> damn bro it smells like badussy in here were you just having sex\n,,,,,,0,0,,,
badussy,,the smell when you walk into a room right after fornication\r\n\r\n\r\nBooty-dick-pussy\n> damn bro it smells like badussy in here were you just having sex\n,,,,,,0,0,,,
Badvel,,,[地名] 伯德韦尔 ( 印 ),,,,,0,0,,,
badware,,,[网络] 恶意软件；恶意件；歹心软体,,,,,0,0,,,
badwater,,,[网络] 恶水；恶水盆地；坏水河,,,,,0,0,,,
Badwater L.,,,[地名] 巴德沃特湖 ( 美 ),,,,,0,0,,,
badway,,,[网络] 平行于压延方向时；不利弯曲方向；於压延方向时,,,,,0,0,,,
Badwildungen,,,巴德威敦根,,,,,0,0,,,
badwill,,,负商誉,,,,,0,0,,,
badword,,,[网络] 坏字眼；可能是过虑词的吧；敏感词,,,,,0,0,,,
bady,,,n. (Bady)人名；(法、罗)巴迪,,,,,0,0,s:badies,,
bady talcum powder,,,婴儿滑石粉,,,,,0,0,,,
badyaev,,,[网络] 巴迪耶夫,,,,,0,0,,,
badyl foaming emulsion,,,[机] 大量冒泡乳化作用,,,,,0,0,,,
Badzhal,,,[地名] 巴贾尔 ( 俄 ),,,,,0,0,,,
Badzhal'skiy Khrebet,,,[地名] 巴贾尔山 ( 俄 ),,,,,0,0,,,
Badzhalskiy,,,巴德扎尔斯基,,,,,0,0,,,
Badéguichéri,,,[地名] 巴代吉谢里 ( 尼日尔 ),,,,,0,0,,,
Badér,,,[地名] 巴代尔 ( 尼日尔 ),,,,,0,0,,,
bae,,,abbr. 航空工程学士（Bachelor of Aeronautical Engineering）,,,,,17715,0,,,
bae colwyn,,,贝科温,,,,,0,0,,,
Bae Hawk,,,贝霍克训练机(英制涡轮喷气训练机),,,,,0,0,,,
BAE Systems,,,英国宇航系统公司；英国航空公司；英国BAE系统公司,,,,,0,0,,,
Bae Yong Jun,,,[网络] 裴勇俊；裴勇浚；裵勇俊,,,,,0,0,,,
BAEA,,,abbr. British Atomic Energy Authority 英国原子能管理局,,,,,0,0,,,
baea (british atomic energy authority),,,英国原子能管理局,,,,,0,0,,,
baebe,,,[网络] 白色；黑色,,,,,0,0,,,
baebes,,,[网络] 巴布斯,,,,,0,0,,,
BAEC,,,abbr. 英国原子能公司（british atomic energy corporation）,,,,,0,0,,,
baech plants,,,海岸植物；海滨植物,,,,,0,0,,,
baecher,,,贝歇尔,,,,,0,0,,,
baechle,,,[网络] ba le,,,,,0,0,,,
baechler,,,[网络] 包屈里；贝赤勒；贝谢尔,,,,,0,0,,,
Baeck,,,贝克,,,,,0,0,,,
"Baeck, Leo",bek,,贝克(1873～1956，德国犹太教神学家，纳粹时期德国犹太人领袖),,,,,0,0,,,
Baeckea,,,[机] 岗松,,,,,0,0,,,
baeckea flutescens l.,,,榕花节(H.M.)桃金娘科,,,,,0,0,,,
baeckea frutescens,,,[林] 岗松,,,,,0,0,,,
baeckeol,,,[机] 岗松醇,,,,,0,0,,,
baeckol,,,桃金囊孃酚,,,,,0,0,,,
baectuite,bi:kt'ju:ɪt,, 白头岩,,,,,0,0,,,
BAEd,,,abbr. 教育学士（Bachelor of Arts in Education）；艺术教育学士（Bachelor of Art Education）,,,,,0,0,,,
Baeda,'bi:də,n. (Roman Catholic Church) English monk and scholar (672-735),"Saint = Bede, Saint",,,,,0,0,s:baedas,,
baedas,'bi:də,,"Baeda\n['bi:də]\nSaint = Bede, Saint",,,,,0,0,0:baeda/1:s,,
baedecker,,,[网络] 得科,,,,,0,0,,,
baedeker,'beidikә,n. German publisher of a series of travel guidebooks (1801-1859)\nn. any of a series of travel guidebooks published by the German firm founded by Karl Baedeker,"n. 旅行指南, 入门手册",,,,,49831,0,s:baedekers,,
Baedeker raids,,,[复数](1942年德国对英国名胜古迹与文化名城的)贝德克尔空袭，按图索骥大轰炸,,,,,0,0,,,
Baedeker's,,,[网络] Baedeker的,,,,,0,0,,,
baedekers,,plural of baedeker\nn. German publisher of a series of travel guidebooks (1801-1859)\nn. any of a series of travel guidebooks published by the German firm founded by Karl Baedeker,"(baedeker 的复数) n. 旅行指南, 入门手册",,,,,0,0,0:baedeker/1:s,,
BAEE,,,abbr. 初等教育学士（Bachelor of Arts in Elementary Education）,,,,,0,0,,,
baega do (paega do),,,白牙岛,,,,,0,0,,,
Baegado,,,[地名] 白牙岛 ( 韩 ),,,,,0,0,,,
Baegrokdam,,,[地名] 白鹿潭 ( 韩 ),,,,,0,0,,,
Baegun,,,[地名] 白云 ( 韩 ),,,,,0,0,,,
Baegunbong,,,[地名] 白云峰 ( 韩 ),,,,,0,0,,,
Baegunsan,,,[地名] 白云山 ( 韩 ),,,,,0,0,,,
baegya (paegya),,,白也,,,,,0,0,,,
Baegyado,,,[地名] 白也岛 ( 韩 ),,,,,0,0,,,
Baegyangsa,,,[地名] 白羊寺 ( 韩 ),,,,,0,0,,,
baehr,,,n. (Baehr)人名；(德、英、瑞典)贝尔,,,,,0,0,,,
baehr-schiffrin(disease),,,贝尔-希夫林病,,,,,0,0,,,
baehrendtz,,,贝伦茨,,,,,0,0,,,
baek,,, [地名] 白（韩国语）,,,,,0,0,,,
baek do (paek do),,,白岛,,,,,0,0,,,
baek-dong (paek-dong),,,白洞,,,,,0,0,,,
Baekado,,,[地名] 白牙岛 ( 韩 ),,,,,0,0,,,
baekam (paekam),,,白巖,,,,,0,0,,,
Baekamsan,,,[地名] 白岩山 ( 韩 ),,,,,0,0,,,
Baekdeosan,,,[地名] 白德山 ( 韩 ),,,,,0,0,,,
baeke,,,[网络] 装甲师和巴克；装甲师和贝克,,,,,0,0,,,
baekeland,,,n. (Baekeland)人名；(英、德)贝克兰\n贝克兰,,,,,0,0,,,
"Baekeland, Leo Hendrik","'beik,lænd",,贝克兰(1863～1944，美籍比利时工业化学家、发明家),,,,,0,0,,,
baekgaard,,,[网络] 卡路,,,,,0,0,,,
Baekje,,,[网络] 百济；百済；百济学院,,,,,0,0,,,
Baekke,,,贝克,,,,,0,0,,,
Baekmarksbro,,,贝克马克斯布罗,,,,,0,0,,,
Baeksan,,,[地名] 柏山 ( 韩 ),,,,,0,0,,,
Baekseok,,,[地名] 白石 ( 韩 ),,,,,0,0,,,
baekso (paekso),,,白巢,,,,,0,0,,,
baeksu (paeksu),,,白云,,,,,0,0,,,
baekyong do (paekyong do),,,白翎岛,,,,,0,0,,,
bael,,,[医] 印度枸桔(芸香科),,,,,0,0,,,
Baelen,,,[地名] 巴伦 ( 比 ),,,,,0,0,,,
baelfruit,,,[网络] 木敦精,,,,,0,0,,,
baeli,,,[网络] 贝利,,,,,0,0,,,
baels,,,[网络] 巴耶力；巴尔；巴力,,,,,0,0,,,
Baelz,,,贝尔茨,,,,,0,0,,,
Baelz's disease,,,[医] 贝耳茨氏病(脓肿性腺性唇炎),,,,,0,0,,,
baen,,, [医][=barium enema]钡剂灌肠,,,,,0,0,,,
baena,,,n. (Baena)人名；(西、葡)巴埃纳,,,,,0,0,,,
Baengma,,,[地名] 白马 ( 韩 ),,,,,0,0,,,
Baengnyangsa,,,[地名] 白杨寺 ( 韩 ),,,,,0,0,,,
Baengnyeong,,,[地名] 白翎 ( 韩 ),,,,,0,0,,,
Baengnyeongdo,,,[地名] 白翎岛 ( 韩 ),,,,,0,0,,,
baenids,,,[网络] bainids,,,,,0,0,,,
baenomere,,,n. 具足节,,,,,0,0,,,
baenopod,,,[网络] 巴诺诺德,,,,,0,0,,,
baenopoda,,,[昆] 胸足,,,,,0,0,,,
baenosome,'bi:nʊsəʊm,n. The thorax of Arthropods., [医]胸部,,,,,0,0,,,
baenre,,,[网络] 班瑞家族,,,,,0,0,,,
baensch,,,[网络] 本奇,,,,,0,0,s:baensches,,
baensches,,,[网络] 本奇\n(baensch 的复数),,,,,0,0,0:baensch/1:s,,
baeochila elongata,,,高冠网蝽,,,,,0,0,,,
baeochila scitula,,,台高冠网蝽,,,,,0,0,,,
baeocystin,,,[网络] 裸盖菇素,,,,,0,0,,,
baeocyte,,,[网络] 小孢子,,,,,0,0,,,
Baeomyces,,,仙人苔属(地衣),,,,,0,0,,,
baeomyces absolutus,,,小羊角衣,,,,,0,0,,,
baeomyces absolutus stipitatus,,,小羊角衣长柄变种,,,,,0,0,,,
baeomyces botryophorus,,,聚果羊角衣,,,,,0,0,,,
baeomyces brevis,,,短羊角衣,,,,,0,0,,,
baeomyces fungoides,,,羊角衣,,,,,0,0,,,
baeomyces placophyllus,,,叶羊角衣,,,,,0,0,,,
baeomyces placophyllus wnbg.,,,红仙人苔,,,,,0,0,,,
baeomyces roseus pers,,,仙人苔,,,,,0,0,,,
baeomyces sanguineus,,,血红羊角衣,,,,,0,0,,,
Baeomycetaceae,,,仙人苔科(地衣),,,,,0,0,,,
baeospora myosura,,,小孢菌,,,,,0,0,,,
baeoura aliena,,,乌来燥大蚊,,,,,0,0,,,
baeoura consocia,,,结社燥大蚊,,,,,0,0,,,
baeoura laevilobata,,,平滑燥大蚊,,,,,0,0,,,
baeoura trichopoda,,,毛足燥大蚊,,,,,0,0,,,
baeoura trichopoda hassensis,,,八仙燥大蚊,,,,,0,0,,,
BAEP,,,脑干听觉诱发电位,,,,,0,0,,,
Baer,,,n. 贝尔（姓氏）,,,,,44797,0,s:baers,,
Baer radical,,,白尔根,,,,,0,0,,,
baer sorter,,,拜式纤维长度分析器,,,,,0,0,,,
baer staple diagram,,,拜式纤维长度分析图,,,,,0,0,,,
baer stapler,,,拜式纤维器,,,,,0,0,,,
Baer's cavity,,,[医] 贝尔氏腔(囊胚腔),,,,,0,0,,,
Baer's law,,,[医] 巴尔氏定律(幼型相肖),,,,,0,0,,,
Baer's membrana serosa,,,[医] 绒毛膜,,,,,0,0,,,
Baer's membranae,,,"[医] 贝尔氏膜(铬制猪膀胱薄膜,用于盖覆骨切面)",,,,,0,0,,,
Baer's method,,,[医] 贝尔氏法(用无菌油注入已固定关节内预防再发生粘连),,,,,0,0,,,
Baer's plane,,,"[医] 贝尔氏平面, 颧弓上缘平面",,,,,0,0,,,
Baer's treatment,,,"[医] 贝尔氏疗法(用无菌油注入已固定关节内,预防再发生粘连)",,,,,0,0,,,
Baer's vesicle,,,[医] 贝尔氏囊(卵),,,,,0,0,,,
Baer'slaw,,,贝尔法则,,,,,0,0,,,
"Baer, Karl Ernst von",bεə,,贝尔(1792～1876，爱沙尼亚动物学家，胚胎学奠基人，地理学和人种学的先驱),,,,,0,0,,,
Baerami,,,[地名] 贝拉米 ( 澳 ),,,,,0,0,,,
BAERE,,,abbr. British Atomic Energy Research Establishment 英国原子能科学研究院,,,,,0,0,,,
Baerensplung's erythrasma,,,"[医] 贝伦斯普龙氏红癣, 股红癣",,,,,0,0,,,
Baerensprung's reythrasma,,,[医] 贝伦斯普龙氏红癣(股红癣),,,,,0,0,,,
baerga,,,[网络] ba a,,,,,0,0,,,
baeri,,,[网络] 青头潜鸭；钝吻鲟；矶雁,,,,,0,0,,,
baerle,,,[网络] 巴勒,,,,,0,0,,,
baerlein,,, [人名] 贝莱恩,,,,,0,0,,,
baerman funnel method,,,布尔曼氏漏斗法,,,,,0,0,,,
baers,,,abbr. 脑干听觉诱发电位（Brain Auditory Evoked Response）；经皮椎体气球辅助终板复位,,,,,0,0,0:baer/1:s,,
baert,,,[网络] 鲍尔特,,,,,0,0,,,
baerum,,,[网络] 贝鲁姆；巴洛姆；巴容,,,,,0,0,,,
baerwald,,, [人名] 贝瓦尔德,,,,,0,0,,,
baes,,,[网络] 北京市教育科学研究所(Beijing Academy of Educational Sciences)；宇航系统公司(BAE Systems)；主要合伙人是英国航天系统,,,,,0,0,,,
baes bullion,,,含金银矿石,,,,,0,0,,,
baesler,,,[网络] 巴斯勒,,,,,0,0,,,
Baesweiler,,,[地名] 巴斯韦勒 ( 德 ),,,,,0,0,,,
Baetas,,,贝塔斯,,,,,0,0,,,
Baeteriaceae,,,[医] [无芽胞]杆菌科,,,,,0,0,,,
Baetic,,,[网络] Ba etic,,,,,0,0,,,
Baetic Cordillera,,,[网络] 拜梯克山脉,,,,,0,0,,,
baetica,,,[网络] 贝提卡；巴埃提卡；巴埃蒂卡,,,,,0,0,,,
baeticus,,,[网络] 西班牙秘鱂,,,,,0,0,,,
baetid,,,[网络] 宝贝,,,,,0,0,,,
baetis,,,[网络] 四节蜉属；一种蜉蝣类昆虫；巴埃蒂斯河,,,,,0,0,,,
baetuli,,,[网络] 紫苏,,,,,0,0,,,
baetulus,,,[网络] 紫草,,,,,0,0,,,
baetyl,,,[网络] 甜菜,,,,,0,0,,,
baetyls,,,[网络] 紫丁香,,,,,0,0,,,
baetylus,,,[网络] 圣石；拜图洛斯,,,,,0,0,,,
baetz,,,n. (Baetz)人名；(德)贝茨,,,,,0,0,,,
baeumlerite,,,[化] 盐氯钙石,,,,,0,0,,,
baeumlerite (chlorocalcite),,,氯钾钙石,,,,,0,0,,,
baev,,,abbr. baboon endogenous virus 狒狒内源性病毒,,,,,0,0,,,
baeve,,,[网络] 。,,,,,0,0,,,
Baexem,,,[地名] 巴克瑟姆 ( 荷 ),,,,,0,0,,,
Baeyer,'beijә,,"贝耶尔 (Adolf von, 1835-1917, 德国化学家, 曾获1905年诺贝尔化学奖)",,,,,0,0,s:baeyers,,
Baeyer 205,,,拜尔205,,,,,0,0,,,
Baeyer 606,,,拜尔606,,,,,0,0,,,
Baeyer indigo synthesis,,,拜尔靛合成法,,,,,0,0,,,
Baeyer strain theory,,,[机] 拜尔张力学说,,,,,0,0,,,
Baeyer's test,,,[医] 拜尔氏试验(检葡萄糖、吲哚),,,,,0,0,,,
"Baeyer, Johann Friedrich Wilhelm Adolf von",'beijə; 'jəuhɑ:n'fri:driʃ'vilhelm; 'ɑ:dɔlffɔn,,拜耳(1835～1917，德国化学家，获1905年诺贝尔化学奖),,,,,0,0,,,
Baeyer-Villiger oxidation,,,[化] 贝耶尔-维利格氧化,,,,,0,0,,,
Baeyer-Villiger reaction,,,【有机化学】拜尔—维利格反应,,,,,0,0,,,
baeyers,,,"贝耶尔 (Adolf von, 1835-1917, 德国化学家, 曾获1905年诺贝尔化学奖)\n(baeyer 的复数)",,,,,0,0,0:baeyer/1:s,,
Baez,,,n. (Baez)人名；(西)巴埃斯；(德)贝茨；(英)贝兹,,,,,45022,0,s:baezs,,
"Baez, Joan",bai'ez; dʒəun,,贝兹(1941～ ，美国民歌歌唱家和政治活动家),,,,,0,0,,,
baeza,,,n. (Baeza)人名；(西)巴埃萨,,,,,0,0,s:baezas,,
Baeza method,,,贝泽热压硬质合金法,,,,,0,0,,,
baezas,,,n. (Baeza)人名；(西)巴埃萨\n(baeza 的复数),,,,,0,0,0:baeza/1:s,,
baezs,,,n. (Baez)人名；(西)巴埃斯；(德)贝茨；(英)贝兹\n(baez 的复数),,,,,0,0,0:baez/1:s,,
baf,,,abbr. baffle 挡板; bunker adjustment factor 煤仓调节系数,,,,,0,0,s:bafs,,
BaF2,,,二氟化钡,,,,,0,0,,,
bafa,,,abbr. 德国联邦经济与出口管制局,,,,,0,0,,,
bafa golu,,,巴法湖,,,,,0,0,,,
BAFAG,,,[网络] 八方,,,,,0,0,,,
Bafana Bafana,bəˌfɑ:nə bə'fɑ:nə,,n. 南非小子（南非国家男子足球队的俗称）\n[网络] 南非国家队；传球,,,,,0,0,,,
Bafang,,,[地名] 巴方 ( 喀 ),,,,,0,0,,,
Bafanji,,"Bafanji\nThe Nun language spoken in the Northwest Region of Cameroon by approximately 17,000 speakers.\n",,,,,,0,0,,,
Bafata,,,巴法塔,,,,,0,0,,,
Bafeng,,,八风,,,,,0,0,,,
Bafeng (Ex2),,,[中医] 八风,,,,,0,0,,,
bafertisite,,,硅钡铁钛矿,,,,,0,0,,,
baff,bæf,n. A blow; a stroke.,vi. (高尔夫球)以球杆打球下部使之高飞\nn. 高飞球的一击,,,,,0,0,,,
baff-end,,,[网络] 挡板,,,,,0,0,,,
Baffa,,,巴法,,,,,0,0,,,
baffalo gnat,,,[医] 蚋,,,,,0,0,,,
baffed,bæf,,vi. 以球杆打球下部使之高飞\nn. 高飞球的一击\nn. (Baff)人名；(阿拉伯)巴夫,,,,,0,0,,,
baffed out,,,[网络] 挡住了,,,,,0,0,,,
baffed-out,,,[网络] 挡板了,,,,,0,0,,,
baffert,,,[网络] 巴富达；秘密圈子,,,,,0,0,,,
Baffes,,,巴费,,,,,0,0,,,
baffeta,,,棉丝交织物,,,,,0,0,,,
baffetti,,,巴费蒂,,,,,0,0,s:baffettis,,
baffettis,,,巴费蒂\n(baffetti 的复数),,,,,0,0,0:baffetti/1:s,,
baffic arrangement,,,"[机] 挡板排列法, 折流板排列法",,,,,0,0,,,
baffie,,,[网络] 巴菲耶；冷却棒,,,,,0,0,,,
baffie-plate column mixer,,,[机] 挡板混合塔,,,,,0,0,,,
baffies,,,[网络] 拖鞋,,,,,0,0,,,
baffin,'bæfin,,n. 巴芬岛（加拿大东北部的一个海岛）,,,,,0,0,s:baffins,,
baffin b.,,,巴芬湾,,,,,0,0,,,
Baffin Basin,,,[地名] 巴芬海盆 ( 北冰洋 ),,,,,0,0,,,
Baffin Bay,,,"巴芬湾（北冰洋属海, 格陵兰岛与埃尔斯米尔岛, 德文岛和巴芬岛之间）",,,,,0,0,s:baffin bays,,
baffin bays,,,巴芬湾（北冰洋属海，格陵兰岛与埃尔斯米尔岛，德文岛和巴芬岛之间）,,,,,0,0,0:baffin bay/1:s,,
Baffin I.,,,[地名] 巴芬岛 ( 加 ),,,,,0,0,,,
Baffin Island,,,巴芬岛（位于加拿大东北部）,,,,,0,0,s:baffin islands,,
Baffin Island Current,,,[网络] 巴芬岛洋流,,,,,0,0,,,
baffin islands,,,巴芬岛（位于加拿大东北部）,,,,,0,0,0:baffin island/1:s,,
Baffin Land,,,巴芬兰(加拿大东北部岛屿，即巴芬岛 Baffin Island),,,,,0,0,,,
"Baffin, William",'bæfin,,巴芬(1584～1622，英国航海家、探险家),,,,,0,0,,,
baffing,,,令人迷惑的,,,,,0,0,,,
baffins,,,[网络] 巴芬号,,,,,0,0,0:baffin/1:s,,
baffle,'bæfl,n. a flat plate that controls or directs the flow of fluid or energy\nv. check the emission of (sound),"vt. 困惑, 为难, 使挫折\nvi. 徒作挣扎\nn. 迷惑, 挡板",n:17/v:83,1,,cet6 ielts gre,11102,11775,d:baffled/p:baffled/i:baffling/3:baffles/s:baffles,,
baffle aeration,,,隔板式曝气器,,,,,0,0,,,
baffle aerator,,,隔板曝气池,,,,,0,0,,,
baffle area,,,挡音区,,,,,0,0,,,
baffle arrangement,,,折流板排列法;挡板排列法,,,,,0,0,,,
baffle assembly,,,围板组件,,,,,0,0,,,
baffle blanket,,,吸音毡,,,,,0,0,,,
baffle block,,,棋布式消力墩,,,,,0,0,,,
baffle board,,,[电] 遮断板,,,,,0,0,s:baffle boards,,
"baffle board, baffle-board",'bæflbɔ:d,,"n. (用来阻挡或控制声波、气流和水流等的)隔音板；折流板；缓冲板；挡板，隔板；(扬声器上的)助声板,反射板[亦作 baffle, baffle plate]",,,,,0,0,,,
baffle boards,'bæflbɔ:d,,遮断板，反射板；烟道风帽,,,,,0,0,0:baffle board/1:s,,
baffle box,,,消能箱,,,,,0,0,,,
baffle brick,,,墙砖,,,,,0,0,,,
baffle chamber,,,[机] 挡板室,,,,,0,0,,,
baffle cloth,,,喇叭布,,,,,0,0,,,
baffle column,,,[机] 挡板塔,,,,,0,0,,,
baffle column mixer,,,挡板塔混合器,,,,,0,0,,,
baffle core,,,挡渣芯,,,,,0,0,,,
baffle crusher,,,冲击反射式破碎机,,,,,0,0,,,
baffle cut,,,[化] 折流板弓形缺口,,,,,0,0,,,
baffle definition,,,[科技] 难下定义,,,,,0,0,,,
baffle description,,,"非语言所能形容,非笔墨所能描述",,,,,0,0,,,
baffle enclosed cylinder,,,有隔板的汽缸,,,,,0,0,,,
baffle evaporator,,,"档板蒸发器, 挡板蒸发器",,,,,0,0,,,
baffle feed heater,,,挡板进料加热器,,,,,0,0,,,
baffle flame holder,,,挡板式火焰稳定器,,,,,0,0,,,
baffle flame-holder,,,体稳燃器；挡板式火焰稳定器,,,,,0,0,,,
baffle gear,,,板牙齿轮,,,,,0,0,,,
baffle heater,,,板式加热器,,,,,0,0,,,
baffle hole,,,[机] 闷头孔,,,,,0,0,,,
baffle loudspeaker,,,障板扬声器,,,,,0,0,,,
baffle mark,,,闷头线(玻璃制品缺陷),,,,,0,0,,,
baffle mixer,,,挡板式混合器,,,,,0,0,,,
baffle out of,,,谋取；哄骗；骗取,,,,,0,0,,,
baffle paint,,,"覆盖漆,盖面涂料",,,,,0,0,,,
baffle painting,,,"覆面漆,盖面涂料,掩护色油漆",,,,,0,0,,,
baffle pan,,,[机] 挡板塔盘,,,,,0,0,,,
baffle pier,,,砥墩,,,,,0,0,,,
baffle plate,,,"[化] 防冲板\n[医] 档板, 缓冲板, 折流板",,,,,0,0,,,
baffle plate column mixer,,,挡板柱混合器,,,,,0,0,,,
baffle plate convertor,,,挡板变换器,,,,,0,0,,,
baffle plate tower,,,挡板塔,,,,,0,0,,,
baffle plate type separator,,,板分离器；隔板式分离器,,,,,0,0,,,
"baffle plate, baffleplate",'bæflpleit,,n. (用来阻挡或控制声波、气流和水流等的)隔音板；折流板；缓冲板；挡板；隔板；障板；遮护物(= baffle board),,,,,0,0,,,
baffle reflection,,,"挡板反射,反射板反射",,,,,0,0,,,
baffle ring,,,挡环,,,,,0,0,,,
baffle scrubber,,,挡板式洗涤器,,,,,0,0,,,
baffle separation,,,[机] 折流分离,,,,,0,0,,,
baffle separator,,,挡板式分离器,,,,,0,0,,,
baffle shield,,,隔板屏蔽,,,,,0,0,,,
baffle sill,,,尾槛,,,,,0,0,,,
baffle spacer,,,挡板定位杆,,,,,0,0,,,
baffle spray tower,,,[化] 挡板喷雾塔,,,,,0,0,,,
baffle structure,,,[建] 消力结构,,,,,0,0,,,
baffle support flange,,,堆芯)围板支承法兰,,,,,0,0,,,
baffle tower,,,"挡板塔,层板式蒸馏塔",,,,,0,0,,,
baffle type collector,,,"档板式收尘器,百叶窗式收尘器",,,,,0,0,,,
baffle type flameholder,,,挡板式驻焰器,,,,,0,0,,,
baffle valve,,,挡板阀,,,,,0,0,,,
baffle wall,,,分水墙,,,,,0,0,,,
baffle washer,,,[化] 折流洗涤器,,,,,0,0,,,
baffle weir,,,砥堰,,,,,0,0,,,
baffle(-plate) column mixer,,,[化] 挡板混合塔,,,,,0,0,,,
baffle-board,'bæflbɔ:d,,"n. 反射板, 防音板",,,,,0,0,,,
baffle-column mixer,,,[机] 挡板混合塔,,,,,0,0,,,
baffle-nozzle system,,,挡板喷嘴系统,,,,,0,0,,,
baffle-plate,,,un. 挡板；消力板；折流板；障板\n[网络] 平衡轴挡板,,,,,0,0,,,
baffle-plate column,,,[化] 折流板式塔,,,,,0,0,,,
baffle-type,,,挡板式,,,,,0,0,,,
baffle-wall,,,"n. 阻板,防音墙",,,,,0,0,,,
baffleboard,,,"n. 证券交易所的行情板,任何灭音装置",,,,,0,0,,,
bafflectomies,,,[网络] 障碍,,,,,0,0,,,
bafflectomy,,,[网络] 瓣膜切除术,,,,,0,0,,,
baffled,,n. people who are frustrated and perplexed\ns. perplexed by many conflicting situations or statements; filled with bewilderment,a. 带有挡板的,j:100,,,,20329,21127,0:baffle/1:dp/s:baffleds,,
baffled box,,,挡板箱,,,,,0,0,,,
baffled evaporator,,,[化] 折流蒸发器,,,,,0,0,,,
baffled exchanger,,,折流热交换器,,,,,0,0,,,
baffled fluidized bed,,,板流化床,,,,,0,0,,,
baffled in,,,失败,,,,,0,0,,,
baffled multipass heat exchanger,,,挡板多程热交换器,,,,,0,0,,,
baffled perforated roll,,,折流匀浆辊,,,,,0,0,,,
baffled photometer,,,反射式光度计,,,,,0,0,,,
baffled piston,,,带导流凸顶的活塞,,,,,0,0,,,
baffled plate,,,板,,,,,0,0,,,
baffled reaction chamber,,,[化] 隔板式反应室,,,,,0,0,,,
baffled reflection chamber,,,隔板式反应池,,,,,0,0,,,
baffled settler,,,挡板式沉降罐;挡板式澄清器,,,,,0,0,,,
baffled slot plate distributor,,,状挡板分布器,,,,,0,0,,,
baffled spray column,,,挡板喷雾萃取塔,,,,,0,0,,,
baffleds,,,adj. 带有挡板的\nv. 阻碍；使迷惑（baffle的过去式）,,,,,0,0,0:baffled/1:s,,
bafflegab,'bæfl^æb,,n. 冗长而难解的谈话/文章,,,,,0,0,,,
bafflegabs,'bæflɡæb,,难懂的话,,,,,0,0,,,
bafflement,,n confusion resulting from failure to understand,"n. 使困惑, 阻碍, 使挫折, 难倒, 迷惑, 用隔音板隔音, 徒作挣扎",n:100,,,,33542,29009,s:bafflements,,
bafflements,'bæfəlmənt,,n. 阻碍；迷惑；徒作挣扎,,,,,0,0,0:bafflement/1:s,,
baffleplate,'bæflpleit,,n. 障板,,,,,0,0,,,
baffler,'bæflә,"n. One who, or that which, baffles.",[机] 折流器,,,,,0,0,,,
bafflers,,,n. 导流板；缓冲器；消声器；消能装置\n[网络] 板管,,,,,0,0,,,
baffles,ˈbæflz,"n a flat plate that controls or directs the flow of fluid or energy\nv be a mystery or bewildering to\nv hinder or prevent (the efforts, plans, or desires) of\nv check the emission of (sound)","n. 隔板, 挡板, 反射板( baffle的名词复数 )\nv. 使困难, 使为难( baffle的第三人称单数 )",,,,,0,0,0:baffle/1:3s,,
baffles spacing,,,折流板间距,,,,,0,0,,,
bafflestone,,,生物捕积岩,,,,,0,0,,,
bafflestones,,,生物捕积岩\n障积灰岩,,,,,0,0,,,
baffling,'bæfliŋ,s. making great mental demands; hard to comprehend or solve or believe,"a. 阻碍的, 使困惑的, 不可理解的\n[化] 折流",j:100,,,,19956,16537,0:baffle/1:i,,
baffling barrel,,,挡光筒,,,,,0,0,,,
baffling wind,,,无定向风,,,,,0,0,,,
baffling winds,,,baffling wind\n【气象学】无定向(微)风，时时转向的微风，方向未定的弱风,,,,,0,0,,,
bafflingly,,,adv. baffling的变形,,,,,0,0,,,
bafflingness,,,[网络] 令人费解的,,,,,0,0,,,
bafflings,'bæf(ə)lɪŋ,,adj. 令人困惑的；阻碍的；令人丧气的；变幻的\nv. 使困惑；挫败（baffle的ing形式）,,,,,0,0,,,
baffs,bæf,,vi. 以球杆打球下部使之高飞\nn. 高飞球的一击\nn. (Baff)人名；(阿拉伯)巴夫,,,,,0,0,,,
baffy,'bæfi,,n. 木制短高尔夫球棒,,,,,0,0,,,
Bafi,,,[地名] 巴菲河 ( 塞拉 ),,,,,0,0,,,
Bafia,,,[地名] 巴菲亚 ( 喀 ),,,,,0,0,,,
bafile board,,,[机] 阻板,,,,,0,0,,,
bafile plate,,,[机] 阻板,,,,,0,0,,,
Bafilo,,,[地名] 巴菲洛 ( 多哥 ),,,,,0,0,,,
bafilomycin,,,[网络] B巴佛洛霉素B；生病期；大环内酯类抗生素,,,,,0,0,,,
bafilomycins,,,[网络] 巴非洛霉素,,,,,0,0,,,
BaFin,,,[网络] 德国联邦金融监管局；德国金融监管局；联邦金融服务监管局,,,,,0,0,,,
Bafing,'bæfin,,n. 巴芬河（流经几内亚和马里的河流）,,,,,0,0,,,
Bafing Makana,,,[地名] 巴芬马卡纳 ( 马里 ),,,,,0,0,,,
Bafing River,,,[网络] 巴芬河,,,,,0,0,,,
Baflo,,,[地名] 巴夫洛 ( 荷 ),,,,,0,0,,,
BAFM,,,British Association of Forensic Medicine 英国法医协会,,,,,0,0,,,
BAFMA,,,British and Foreign Maritime Agencies 英国国内外海运代理商行,,,,,0,0,,,
BAFO,,,British Army Forces Overseas 英国海外陆军部队,,,,,0,0,,,
Bafodia,,,[地名] 巴福迪亚 ( 塞拉 ),,,,,0,0,,,
bafokeng,,,[网络] 皇家巴福肯训练营,,,,,0,0,,,
Bafoulabe,,,巴夫拉贝,,,,,0,0,,,
Bafoulabé,,,[地名] 巴富拉贝 ( 马里 ),,,,,0,0,,,
Bafoussam,,,[地名] 巴富萨姆 ( 喀 ),,,,,0,0,s:bafoussams,,
bafoussams,,,[地名] 巴富萨姆 ( 喀 )\n(bafoussam 的复数),,,,,0,0,0:bafoussam/1:s,,
Bafq,,,巴夫格,,,,,0,0,,,
Bafra,,,[地名] 巴夫拉 ( 土 ),,,,,0,0,,,
Bafra Burnu,,,[地名] 巴夫拉角 ( 土 ),,,,,0,0,,,
bafs,,-s form of baf,(baf 的第三人称 -s形式) abbr. baffle 挡板; bunker adjustment factor 煤仓调节系数,,,,,0,0,0:baf/1:3,,
BAFSC,,,British Association of Field and Sports Contractors 英国运动场与运动会承包商协会,,,,,0,0,,,
baft,'bæft,n. Same as Bafta.,印度的一种粗棉布,,,,,0,0,,,
baft ribbon,,,胶纱带,,,,,0,0,,,
bafta,'bæftə,"n. A coarse stuff, usually of cotton, originally made in India.\n   Also, an imitation of this fabric made for export.",abbr. （英）电影和电视艺术学院（British Academy of Film and Television Arts）,,,,,41174,0,s:baftas,,
BAFTAs,'bæftə,,n. 英国电影电视艺术研究院\n[网络] 电视艺术学院奖；英国奥斯卡；英国电影电视艺术学院奖,,,,,0,0,0:bafta/1:s,,
bafts,,,[网络] 。鱼,,,,,0,0,,,
Bafut,,,[网络] 巴福特；巴非特,,,,,0,0,,,
bafverstedt's ichthyosis,,,Bafverstedt氏鱼鳞癣,,,,,0,0,,,
Bafwaboli,,,[地名] 巴富瓦博利 ( 刚(金) ),,,,,0,0,,,
Bafwambako,,,[地名] 巴富万巴科 ( 刚(金) ),,,,,0,0,,,
Bafwamboma,,,巴夫旺波马,,,,,0,0,,,
Bafwametinda,,,[地名] 巴富瓦梅廷达 ( 刚(金) ),,,,,0,0,,,
Bafwasende,,,[地名] 巴富瓦森代 ( 刚(金) ),,,,,0,0,,,
bag,bæg,n. a flexible container with a single opening\nn. the quantity of game taken in a particular period (usually by one person)\nn. a container used for carrying money and small personal items or accessories (especially by women)\nn. the quantity that a bag will hold,"n. 袋子, 袋状物\nvt. 使膨大, 装袋, 猎获",v:3/n:97,4,1,zk gk,1292,1008,s:bags/p:bagged/d:bagged/i:bagging/3:bags,,
bag ammunition,,,药包式弹药,,,,,0,0,,,
bag analysis,,,[环境] 袋式分析,,,,,0,0,,,
bag and baggage,'bæ^idʒ,,"完全地, 连同行李地",,,,,0,0,,,
bag and bottle,,,食品与饮料,,,,,0,0,,,
bag and spoon,,,挖泥机,,,,,0,0,,,
bag and spoon dredger,,,袋匙式挖泥船;袋勺式挖泥船,,,,,0,0,,,
bag ass,,,匆匆离去；[美国俚语、禁忌语]赶快；出去；匆忙离开,,,,,0,0,,,
bag at,,,如袋般松垂；下垂或膨胀如囊；松弛地悬垂着,,,,,0,0,,,
bag barker,,,小型鼓状剥皮机,,,,,0,0,,,
bag beam,,,[船] 囊宽,,,,,0,0,,,
bag bellows,,,袋形风箱,,,,,0,0,,,
bag bitch,," Bag Bitch: ""any person , male or female,hanging out with some one who has a bag of meth,   Bagbitches have become so widespread in the states that one could acctully call it a profession, a regular jobthat pays! a Bagbitch makes about ""2 cents"" an hour, depending on whos holding the bag and how big the bag is.\n>  Bag Bitch: doing anything they ask at anytime to anyone for any reason, kissing ther ass so much they might as well of licked it! just in hope that ther dear master might reward them with a  nice fat bowl!\n",,,,,,0,0,,,
bag bitches,," Bag Bitch: ""any person , male or female,hanging out with some one who has a bag of meth,   Bagbitches have become so widespread in the states that one could acctully call it a profession, a regular jobthat pays! a Bagbitch makes about ""2 cents"" an hour, depending on whos holding the bag and how big the bag is.\n>  Bag Bitch: doing anything they ask at anytime to anyone for any reason, kissing ther ass so much they might as well of licked it! just in hope that ther dear master might reward them with a  nice fat bowl!\n",,,,,,0,0,,,
bag bunch-sealing machine,,,米袋机,,,,,0,0,,,
bag cargo,,,袋装货物,,,,,0,0,,,
bag catheter,,,带囊导尿管,,,,,0,0,,,
bag clamp,,,[化] 机身夹板,,,,,0,0,,,
bag clasping machine,,,扣夹封袋机,,,,,0,0,,,
bag closer,,,缝袋机,,,,,0,0,,,
bag closing machine,,,封袋机,,,,,0,0,,,
bag collector,,,袋式集尘器;货袋除尘器;货袋收尘器,,,,,0,0,,,
bag concrete,,,[建] 袋装混凝土,,,,,0,0,,,
bag container,,,袋式集装箱,,,,,0,0,,,
bag conveyer,,,[化] 袋输送器,,,,,0,0,,,
bag conveyor,,,袋输送器;粮袋输送器,,,,,0,0,,,
bag cover dirty,,,[网络] 袋皮有脏渍,,,,,0,0,,,
bag dam,,,土袋埝坝,,,,,0,0,,,
bag degumming,,,袋练,,,,,0,0,,,
bag dredge,,,海底挖泥器,,,,,0,0,,,
bag drier,,,空袋干燥器;袋装产品干燥器,,,,,0,0,,,
bag dump system,,,卸袋系统,,,,,0,0,,,
bag dust collector,,,布袋除尘器,,,,,0,0,,,
bag dust filter,,,[化] 滤尘袋,,,,,0,0,,,
bag elevator,,,[机] 举袋机,,,,,0,0,,,
bag extractor,,,[机] 袋提取器,,,,,0,0,,,
bag fabric,,,袋织物,,,,,0,0,,,
bag farm,,,(专为沙漠地区军人供袋装水的)袋状贮水器供应场,,,,,0,0,,,
bag filler,,,装袋[包]机,,,,,0,0,,,
Bag Filling Equipment,,,un. 装水胎机,,,,,0,0,,,
bag film,,,薄膜袋,,,,,0,0,,,
bag filter,,,[化] 袋式过滤器; 袋滤器; 袋式除尘器,,,,,0,0,,,
bag filter separator,,,袋形过泸分离器,,,,,0,0,,,
bag for life,,,[网络] 袋领生活；手袋,,,,,0,0,,,
bag for safe stowage,,,[贸易] 安全积载所需的袋装货,,,,,0,0,,,
bag form-fill-and-sealing machine,,,制袋填封机,,,,,0,0,,,
bag former,,,袋成型机,,,,,0,0,,,
bag forming machine,,,"袋成形机,撑袋机",,,,,0,0,,,
bag fox,,,(装袋带到猎场放出让猎狗追逐的)袋狐,,,,,0,0,,,
bag fries,,"The fries that fall out of their container/package during transport, coming to rest in the bottom of the bag. Excellent for stealing.\n> ""Can I have your bag fries?""\n> ""No! I told I was fuckin' starving!""\n",,,,,,0,0,,,
bag glove,,,(打沙袋用的)练习手套,,,,,0,0,,,
bag goods,,,un. 袋货\n[网络] 袋装货；袋织物,,,,,0,0,,,
bag grain,,,[网络] 袋装谷物,,,,,0,0,,,
bag heat-sealing machine,,,袋热合机,,,,,0,0,,,
bag height,,,[船] 囊高,,,,,0,0,,,
bag her,,When a guy puts a paper bag on a girl's head to cover her ugly face during intercourse. This is done when the guy finds the girl's face unattractive but wants to have sex with her. Holes are put into the bag so that the girl can still breathe. Sometimes a hole will be made so that the girl can give the guy a blowjob.\n> Dude1: Man that chick is ugly!\n> Dude2: Yeah but look at her ass! I would bag her.\n,,,,,,0,0,,,
bag hides,,,[机] 袋皮,,,,,0,0,,,
bag ho,,1. any female who commits sexual acts to get a sack of [dope]\r\n2. any female who uses her sex appeal to get high\r\n3. any female who only hangs aroung to get high\n> Yeah so I heard amber became a bag ho?\n,,,,,,0,0,,,
bag holder,,,麻袋夹持器,,,,,0,0,,,
bag holding,,,[粮食] 卡袋,,,,,0,0,,,
bag hole,,,[船] 囊孔,,,,,0,0,,,
bag hos,,1. any female who commits sexual acts to get a sack of [dope]\r\n2. any female who uses her sex appeal to get high\r\n3. any female who only hangs aroung to get high\n> Yeah so I heard amber became a bag ho?\n,,,,,,0,0,,,
bag hose,,,[化] 袋滤器,,,,,0,0,,,
bag hose fume,,,[机] 袋滤器烟雾,,,,,0,0,,,
bag house,,,[机] 袋滤室,,,,,0,0,,,
bag in,,,手套箱)塑料袋送进,,,,,0,0,,,
bag in-take hopper,,,[化] 拆袋投料斗; 拆包投料斗,,,,,0,0,,,
bag it,,,[美国英语]逃学；[美国俚语]放弃；抛弃；戒除,,,,,0,0,,,
bag job,,,"n. 〈美俚〉非法搜查,秘密勾当",,,,,0,0,,,
bag knot,,,袋口结,,,,,0,0,,,
bag ladies,,,na. 无家可归的老妇；携带行李露宿街头的女人；女毒品贩子\n[网络] 群猫购物图,,,,,0,0,0:bag lady/1:s,,
bag lady,bæɡ ˈleidi,,"n. 露宿街头的无家可归的女人, 女流浪者",,,,,0,0,s:bag ladies,,
bag lanyard,,,[网络] 水手袋系绳,,,,,0,0,,,
bag limit,,,袋状限制,,,,,0,0,,,
bag limits,,,每人钓限量,,,,,0,0,,,
bag liner,,,[机] 袋衬裹,,,,,0,0,,,
bag loader,,,"码包机,堆袋机",,,,,0,0,,,
bag lock,,,袋锁,,,,,0,0,,,
bag lunch,,, 自备袋装午餐,,,,,0,0,,,
bag machine,,,[机] 装袋机,,,,,0,0,,,
bag maker,,,制袋工,,,,,0,0,,,
bag making machine,,,制袋机,,,,,0,0,,,
bag man,,,[网络] 劫匪；成功抢劫过所有的银行；纸袋不敢见人,,,,,0,0,,,
bag me,,,[网络] 美呆了,,,,,0,0,,,
bag men,,,[网络] 掮客；背包男子,,,,,0,0,,,
bag model,,,口袋模型,,,,,0,0,,,
bag molding,,,[化] 袋模塑,,,,,0,0,,,
bag mould,,,[机] 袋模,,,,,0,0,,,
bag moulding,,,[机] 袋模塑,,,,,0,0,,,
bag mouth,,,袋口,,,,,0,0,,,
bag nasty,,"Noun - means a ""sack lunch""\n> Damn, I missed the roach coach, guess I'll have to eat the bag nasty\n",,,,,,0,0,,,
bag of antlers,,"bag of antlers (plural bags of antlers)\n(slang, derogatory) an emaciated woman, frequently a model or actress, who looks so underweight that her bones and joints stretch out her skin similar to how a burlap sack filled with deer or elk antlers would.\n",,,,,,0,0,,,
bag of bones,,,骨瘦如柴的人,,,,,0,0,,,
bag of cement,,,"袋装水泥(美国标准每袋装94磅,合42.63公斤,我国标准每袋50公斤)",,,,,0,0,,,
bag of foulness,,,煤层中充满沼气的凹处,,,,,0,0,,,
bag of game,,,大量猎物,,,,,0,0,,,
bag of moonshine,,,无稽之谈,,,,,0,0,,,
bag of mystery,,,腊肠；神秘袋,,,,,0,0,,,
bag of nails,,,混乱,,,,,0,0,,,
bag of nerves,,,[网络] 极度焦虑,,,,,0,0,,,
Bag of Sand,,,[网络] 沙袋；和沙；沙的小袋子,,,,,0,0,,,
bag of trick,,,[网络] 诡计的包裹,,,,,0,0,,,
bag of tricks,,,[网络] 包的技巧,,,,,0,0,s:bags of tricks,,
bag of waters,,,"[医] 羊膜囊, 羊水囊",,,,,0,0,,,
bag of wind,,,夸夸其谈的人,,,,,0,0,,,
bag of words,,,[网络] 词袋；词汇袋；词包,,,,,0,0,,,
bag off,,,[网络] 调情,,,,,0,0,,,
bag on,,,[网络] 坏心情,,,,,0,0,,,
bag opener,,,[美国俚语]抢劫钱包的贼，扒手，小偷,,,,,0,0,,,
bag opening,,,[粮食] 撑袋,,,,,0,0,,,
bag opening machine,,,撑袋口机,,,,,0,0,,,
bag out,,,[网络] 袋罚分；塑料袋送出,,,,,0,0,,,
bag overturning machine,,,翻袋机,,,,,0,0,,,
bag package machine,,,堆包机,,,,,0,0,,,
bag packer,bæɡ ˈpækə,,n. 装袋机,,,,,0,0,,,
bag packing machine,,,装袋机,,,,,0,0,,,
bag paper,,,[机] 袋纸,,,,,0,0,,,
bag people,,,(用购物袋装载全部家当)流落街头无家可归的人们,,,,,0,0,,,
bag piler,,,粮袋码垛机,,,,,0,0,,,
bag piling machine,,,堆袋机,,,,,0,0,,,
bag plug,,,袋式堵头,,,,,0,0,,,
bag powder,,,【军事】袋炸药,,,,,0,0,,,
bag pressure,,,[船] 囊压,,,,,0,0,,,
bag pressure gauge,,,呼吸袋测压表,,,,,0,0,,,
bag pressure ratio,,,[船] 囊压比,,,,,0,0,,,
bag process,,,布袋收尘法,,,,,0,0,,,
bag pudding,,,袋包布丁,,,,,0,0,,,
bag puller,,,[橡胶] 取胎机,,,,,0,0,,,
bag pump,,,风箱泵,,,,,0,0,,,
bag rack,,, 行李架; 背包架,,,,,0,0,,,
bag rebagged,,,[包装] 重装袋,,,,,0,0,,,
bag reef,,,[网络] 缩帆带,,,,,0,0,,,
bag reep,,,[网络] 缩帆带,,,,,0,0,,,
bag room,,,袋滤捕尘室,,,,,0,0,,,
bag rope,,,un. 袋纲；囊底网\n[网络] 袋索,,,,,0,0,,,
bag sample,,,样品袋 ; 岩屑袋,,,,,0,0,,,
bag sampler,,,袋式采样器,,,,,0,0,,,
bag sampling,,,袋式取样,,,,,0,0,,,
bag school,,,[美国英语]逃学,,,,,0,0,,,
bag scraper,,,袋刮刀,,,,,0,0,,,
bag sealer,,,封袋机,,,,,0,0,,,
bag sealing machine,,,袋封口机;纸袋封口机,,,,,0,0,,,
bag seine,,,有囊围网,,,,,0,0,,,
bag seraper,,,[机] 袋刮,,,,,0,0,,,
bag sewer,,,缝袋机,,,,,0,0,,,
bag sewing machine,,,缝袋机,,,,,0,0,,,
bag shaker,,,布袋震动器,,,,,0,0,,,
bag sheeting,,,袋布,,,,,0,0,,,
bag silo,,,青贮袋,,,,,0,0,,,
bag snatcher,,,[网络] 袋子snatcher,,,,,0,0,,,
bag snatchers,,,[网络] 防窃锁,,,,,0,0,,,
bag some rays,,,[美国俚语] = catch some rays,,,,,0,0,,,
bag someone,,,[网络] 不太公正的批评某人；不公正的批评某人,,,,,0,0,,,
bag squeezer,,,袋式挤压器,,,,,0,0,,,
bag stacker,,,粮袋码堆机,,,,,0,0,,,
bag storage,,,袋装储藏,,,,,0,0,,,
bag strapping,,,家俱边饰阔带,,,,,0,0,,,
bag tank,,,软(油)箱,,,,,0,0,,,
bag tannage,,,[机] 袋鞣(法),,,,,0,0,,,
Bag that!,,,"""算了吧！""； ph.；算了吧！",,,,,0,0,,,
bag tie wire,,,捆扎用丝(锁口丝),,,,,0,0,,,
bag to,,,软盪无力,,,,,0,0,,,
bag transfer,,,手套箱)塑料袋传送,,,,,0,0,,,
bag trap,,,【工程】袋型存水湾,,,,,0,0,,,
bag type air filter,,,袋滤尘器,,,,,0,0,,,
bag type cloth filter,,,袋式布滤器,,,,,0,0,,,
bag type collection system,,,式集尘装置,,,,,0,0,,,
bag type collector,,,袋式除尘器,,,,,0,0,,,
bag type dust collector,,,[化] 袋式除尘器,,,,,0,0,,,
bag unloading,,,[粮食] 卸袋,,,,,0,0,,,
bag unloading hopper,,,[化] 拆袋投料斗; 拆包投料斗,,,,,0,0,,,
bag up,,,装袋,,,,,0,0,,,
bag us,,,n. (Bagus)人名；(印尼)巴古斯,,,,,0,0,,,
bag valve mask,,,[网络] 胶囊及面罩复苏器；袋瓣罩；袋瓣罩苏醒器,,,,,0,0,,,
bag wall,,,[机] 袋墙,,,,,0,0,,,
bag washer,,,[粮食] 洗袋机,,,,,0,0,,,
bag weighing machine,,,称袋机,,,,,0,0,,,
bag with fertilizer,,,肥料袋,,,,,0,0,,,
bag woman,"'bæɡ,wʊmən",,n. 收钱女人,,,,,0,0,,,
Bag Y2k,,,【计算机】千年虫(计算机每过一千年要发生一次年份程序混乱) [Y2K缩自year 2kilo],,,,,0,0,,,
Bag your face!,,,"""滚开！""。",,,,,0,0,,,
bag(ged) conveyer,,,[化] 袋运送器; 袋输送器,,,,,0,0,,,
"BAg, B.Ag",,,abbr. Bachelor of Agriculture 农学士,,,,,0,0,,,
bag-and-baggage policy,,,无条件投降；只求讲和不求代价；全体奔逃,,,,,0,0,,,
Bag-boom,,,囊状栅,,,,,0,0,,,
bag-carrier,,,[网络] 行李箱,,,,,0,0,s:bag-carriers,,
bag-carriers,,,[网络] 行李箱\n(bag-carrier 的复数),,,,,0,0,0:bag-carrier/1:s,,
bag-filter type collector,,,袋滤式收集器,,,,,0,0,,,
bag-fingers skirt,,,[船] 囊指围裙,,,,,0,0,,,
Bag-G-5421,,,抑葡萄糖甙酶,,,,,0,0,,,
bag-hose,,,布袋除尘器,,,,,0,0,,,
bag-in-bon liner,,,箱式容器内袋,,,,,0,0,,,
bag-lady,,,露宿街头无居所的拾荒女人,,,,,0,0,,,
bag-making machine,,,[粮食] 制袋机,,,,,0,0,,,
bag-man,'bægmən,,n. 推销员；行商,,,,,0,0,s:bag-men,,
bag-matching,,,[网络] 旅客行李同步登机政策,,,,,0,0,,,
bag-men,'bægmən,,n. 推销员；行商,,,,,0,0,0:bag-man/1:s,,
bag-play,'bæ^plei,,"n. 奉承, 拍马",,,,,0,0,,,
bag-reef,,,[网络] 缩帆带,,,,,0,0,,,
Bag-set,,,包内结块,,,,,0,0,,,
bag-sewing machine,,,缝包机,,,,,0,0,,,
bag-shaped,,,[网络] 袋状,,,,,0,0,,,
bag-shaped dried squid,,,圆体干鸟贼,,,,,0,0,,,
bag-sleeve,,,n. 宽袖,,,,,0,0,,,
bag-snatchers,,,[网络] 防窃锁,,,,,0,0,0:bag-snatcher/1:s,,
bag-stacking machine,,,袋机,,,,,0,0,,,
bag-tube skirt,,,[船] 囊筒围裙,,,,,0,0,,,
bag-type,'bæɡt'aɪp,,袋式,,,,,0,0,,,
bag-type cell,,,软油箱,,,,,0,0,,,
bag-type collector,,,袋式除尘器,,,,,0,0,,,
bag-type container,,,[交] 集装袋,,,,,0,0,,,
bag-type dust collector,,,布袋除尘器,,,,,0,0,,,
bag-type dust remover,,,布袋除尘器,,,,,0,0,,,
bag-type duster,,,袋式除尘器,,,,,0,0,,,
bag-type filter,,,[化工] 袋式过滤器,,,,,0,0,,,
bag-type float,,,[船] 袋式浮子,,,,,0,0,,,
bag-type strainer,,,布袋滤器,,,,,0,0,,,
bag-valve-mask respiration unit,,,面罩活瓣呼吸装置,,,,,0,0,,,
bag-wall,,,挡火墙,,,,,0,0,,,
bag-water ballast,,,压舱水袋,,,,,0,0,,,
bag-wig,,,[网络] 丝袋假发,,,,,0,0,,,
bag-wood,,,[网络] 袋木,,,,,0,0,,,
bag-worm,,,na. 袋虫\n[网络] 白脚小避债蛾,,,,,0,0,,,
bag-worm moth,,,簑蛾,,,,,0,0,,,
baga,,,n. 巴格（葡萄牙度假胜地）,,,,,0,0,s:bagas,,
baga nuur,,,巴加湖,,,,,0,0,,,
Baga Sola,,,[地名] 巴加索拉 ( 乍 ),,,,,0,0,,,
Baga-Burul,,,[地名] 巴加布鲁尔 ( 俄 ),,,,,0,0,,,
Bagabag I.,,,[地名] 巴加巴格岛 ( 巴布 ),,,,,0,0,,,
Bagac,,,巴加克,,,,,0,0,,,
Bagac B.,,,[地名] 巴加克湾 ( 菲 ),,,,,0,0,,,
Bagachka,,,巴加契卡,,,,,0,0,,,
bagacidin,,,巴加杀菌素,,,,,0,0,,,
bagacillo,,,甘蔗渣,,,,,0,0,,,
bagad,,,[网络] 诡诈；巴加多,,,,,0,0,,,
bagads,,,[网络] 袋装,,,,,0,0,,,
Bagadya,,,[地名] 巴加佳 ( 俄 ),,,,,0,0,,,
Bagadzha,,,[地名] 巴加贾 ( 俄、土库 ),,,,,0,0,,,
"Bagagem, R.",,,[地名] 巴加任河 ( 巴西 ),,,,,0,0,,,
Bagaha,,,[地名] 伯格哈 ( 印 ),,,,,0,0,,,
bagai's y statistic,,,Bagai的Y统计量,,,,,0,0,,,
Bagaladi,,,巴加拉迪,,,,,0,0,,,
Bagalkot,,,巴加尔科特,,,,,0,0,,,
bagalkote cotton,,,巴加耳科特棉(印度产),,,,,0,0,,,
bagalu,,,[网络] 巴巴鲁,,,,,0,0,,,
Bagam,,,[地名] 巴加姆 ( 喀、尼日尔、尼日利 ),,,,,0,0,,,
Bagaman I.,,,[地名] 巴加曼岛 ( 巴布 ),,,,,0,0,,,
Bagamer,,,巴加麦,,,,,0,0,,,
bagamoyo,,, [地名] [坦桑尼亚] 巴加莫约,,,,,0,0,,,
bagan,,,n. 蒲甘（地名，位于缅甸）,,,,,0,0,s:bagans,,
bagan (pagan),,,蒲甘,,,,,0,0,,,
"Bagan Ayer Itam, Sungai",,,[地名] 巴眼亚逸依淡河 ( 马来 ),,,,,0,0,,,
bagan datoh,,,巴干达托,,,,,0,0,,,
Bagan Datuk,,,[地名] 巴眼拿督 ( 马来 ),,,,,0,0,,,
bagan datuk (bagan datoh),,,巴干达土克,,,,,0,0,,,
Bagan Lipas,,,[地名] 巴眼利巴士 ( 马来 ),,,,,0,0,,,
Bagan Pasir,,,[地名] 巴眼巴西 ( 马来 ),,,,,0,0,,,
"Bagan Samat, Sungai",,,[地名] 巴眼沙马河 ( 马来 ),,,,,0,0,,,
Bagan Serai,,,[地名] 巴眼士来 ( 马来 ),,,,,0,0,,,
Bagan Terap,,,[地名] 巴眼直拉 ( 马来 ),,,,,0,0,,,
Bagan Tiang,,,[地名] 巴眼亭 ( 马来 ),,,,,0,0,,,
Bagan Tuan Kechil,,,[地名] 船路头 ( 马来 ),,,,,0,0,,,
"Bagan, Parit",,,[地名] 巴甘河 ( 马来 ),,,,,0,0,,,
bagana,,,贝干纳琴,,,,,0,0,,,
bagana vol.,,,巴加纳火山,,,,,0,0,,,
"Bagana, Mt.",,,[地名] 巴加纳火山 ( 巴布 ),,,,,0,0,,,
Baganda,bә'^ændә,,n. 巴干达人(指居住在乌干达的布干达地区、说班图语的黑人),,,,,0,0,,,
Bagandou,,,[地名] 巴冈杜 ( 中非 ),,,,,0,0,,,
baganeira,,,[网络] 班纳尼拉,,,,,0,0,,,
Baganga,,,巴干加,,,,,0,0,,,
Bagani,,,巴加尼,,,,,0,0,,,
Baganian Pen.,,,[地名] 巴加尼安半岛 ( 菲 ),,,,,0,0,,,
baganna,,,贝干纳琴,,,,,0,0,,,
bagans,,,n. 蒲甘（地名，位于缅甸）\n(bagan 的复数),,,,,0,0,0:bagan/1:s,,
Bagansiapiapi,,,[地名] 巴眼亚比 ( 印尼 ),,,,,0,0,,,
"Baganza, Torrente",,,[地名] 巴甘扎河 ( 意 ),,,,,0,0,,,
Bagar,,,巴加尔,,,,,0,0,,,
Bagarasi,,,巴加拉西,,,,,0,0,,,
Bagard,,,巴加德,,,,,0,0,,,
Bagare,,,巴加赫,,,,,0,0,,,
Bagarosi,,,巴加罗西,,,,,0,0,,,
Bagaroua,,,[地名] 巴加鲁阿 ( 尼日尔 ),,,,,0,0,,,
bagarre,bɑ:'^ɑ:r,,"<法> n.殴斗, 争吵, 骚动",,,,,0,0,,,
Bagaryak,,,[地名] 巴加里亚克 ( 俄 ),,,,,0,0,,,
Bagaré,,,[地名] 巴加雷 ( 布基、尼日尔 ),,,,,0,0,,,
bagas,,,n. 巴格（葡萄牙度假胜地）\n(baga 的复数),,,,,0,0,0:baga/1:s,,
bagascoses,,,[网络] 囊性病\n(bagascosis 的复数),,,,,0,0,0:bagascosis/1:s,,
bagascosis,,,[网络] 囊性病,,,,,0,0,s:bagascoses,,
bagass pulp,,,[化] 蔗渣浆,,,,,0,0,,,
bagasscosis,,,"[医] 蔗尘沉着病, 蔗尘肺",,,,,0,0,,,
bagasse,bә'gæs,n. the dry dusty pulp that remains after juice is extracted from sugar cane or similar plants,n. 甘蔗渣\n[化] 蔗渣,n:100,,,,0,41650,s:bagasses,,
bagasse ash,,,蔗渣灰,,,,,0,0,,,
bagasse baler,,,甘蔗渣压捆机,,,,,0,0,,,
bagasse baling press,,,蔗渣压包机,,,,,0,0,,,
bagasse board,,,蔗渣板,,,,,0,0,,,
bagasse briquetting press,,,蔗渣压块机,,,,,0,0,,,
bagasse carrier,,,"蔗渣输送带,蔗渣输送机",,,,,0,0,,,
bagasse compost,,,蔗渣堆肥,,,,,0,0,,,
bagasse digester,,,"[机] 渗蔗渣器, 浸蔗渣器",,,,,0,0,,,
bagasse disease,,,甘蔗渣尘肺,,,,,0,0,,,
bagasse elevator,,,[机] 升蔗渣器,,,,,0,0,,,
bagasse fiber,,,[机] 蔗渣纤维,,,,,0,0,,,
bagasse fiberboard,,,[建] 蔗渣纤维板,,,,,0,0,,,
bagasse fibre,,,甘蔗渣纤维,,,,,0,0,,,
bagasse insulation board,,,[建] 蔗渣绝缘纤维板,,,,,0,0,,,
bagasse particle board,,,[建] 蔗渣碎粒板,,,,,0,0,,,
bagasse pith,,,蔗髓,,,,,0,0,,,
bagasse polarization,,,[机] 蔗汁旋光度,,,,,0,0,,,
bagasse pulp,,,甘蔗渣浆粕,,,,,0,0,,,
bagasse roller,,,蔗渣压辊,,,,,0,0,,,
bagasse-fired boiler,,,燃]甘蔗渣锅炉,,,,,0,0,,,
bagasses,bə'gæs,,n. 甘蔗渣,,,,,0,0,0:bagasse/1:s,,
bagassillo,,,蔗屑,,,,,0,0,,,
bagassoses,",bæɡə'səusi:z",,"n.\nbagassosis的变形\nbagassosis\n[,bæɡə'səusis]\nn.\n【病理学】蔗渣尘肺，蔗渣(尘沉着)病\n变形：\nn.\nbagassoses",,,,,0,0,0:bagassosis/1:s,,
bagassosis,",bæ^ә'sәusis",n alveolitis caused by inhaling bagasse (sugarcane dust),"n. [医]甘蔗渣(尘沉着) 病,甘蔗渣尘肺",,,,,0,0,s:bagassoses,,
Bagat,,,[地名] 巴加特 ( 乌兹 ),,,,,0,0,,,
Bagata,,,[地名] 巴加塔 ( 刚(金) ),,,,,0,0,,,
bagataway,bə'ɡætəwei,,n. [加拿大英语]巴加特韦兜网球(加拿大印第安人玩的游戏，曲棍兜网球发源于此) [亦作 baggataway],,,,,0,0,,,
bagatelle,.bægә'tel,n. a light piece of music for piano\nn. something of little value or significance\nn. a table game in which short cues are used to knock balls into holes that are guarded by wooden pegs; penalties are incurred if the pegs are knocked over,"n. 琐事, 小事, 弹球戏",,,,,46283,0,s:bagatelles,,
bagatelles,,n. a light piece of music for piano\nn. something of little value or significance\nn. a table game in which short cues are used to knock balls into holes that are guarded by wooden pegs; penalties are incurred if the pegs are knocked over,n. 琐事; 小事（bagatelle的复数）; 断章小品（音乐）,,,,,0,0,0:bagatelle/1:s,,
bagatha,'bæɡəθə,,n. 【杜埃版基督教《圣经》】,,,,,0,0,,,
bagatorials,,,[网络] 制作人,,,,,0,0,,,
bagaty,,,[网络] 布加迪,,,,,0,0,,,
Bagayevka,,,[地名] 巴加耶夫卡 ( 俄 ),,,,,0,0,,,
Bagayevskiy,,,[地名] 巴加耶夫斯基 ( 俄 ),,,,,0,0,,,
Bagaza,,,巴加扎,,,,,0,0,s:bagazas,,
Bagazan,,,巴加占,,,,,0,0,,,
bagazas,,,巴加扎\n(bagaza 的复数),,,,,0,0,0:bagaza/1:s,,
Bagaňga,,,[地名] 巴冈阿 ( 菲 ),,,,,0,0,,,
Bagaňga B.,,,[地名] 巴冈阿湾 ( 菲 ),,,,,0,0,,,
Bagaňga R.,,,[地名] 巴冈阿河 ( 菲 ),,,,,0,0,,,
Bagbag,,,巴格贝格,,,,,0,0,,,
Bagband,,,巴格班德,,,,,0,0,,,
Bagbara,,,[地名] 巴巴拉 ( 中非 ),,,,,0,0,,,
Bagbe,,,[地名] 巴贝河 ( 塞拉 ),,,,,0,0,,,
bagbiter,"'bæɡ,baitə",,n. [美国俚语]；【计算机】；通常断断续续出故障的程序仪器，(程序等)难以处理的故障,,,,,0,0,,,
bagbiting,"'bæɡ,baitiŋ",,adj. [美国俚语](机器等)转动不灵的，不起作用的,,,,,0,0,,,
bagboy,,,[网络] 拎包帅哥；宝贝王国,,,,,0,0,,,
bagboys,,,[网络] 手袋,,,,,0,0,,,
bagby,,, [人名] 巴格比,,,,,0,0,,,
bagcheea taiwanensis,,,台湾巴格奇壳菌,,,,,0,0,,,
Bagchora,,,[地名] 伯格佐拉 ( 尼 ),,,,,0,0,,,
Bagdad,bæg'bæd,n capital and largest city of Iraq; located on the Tigris River,n. 巴格达,,,,,0,0,s:bagdads,,
bagdad boil,,,巴格达疖,,,,,0,0,,,
bagdad button,,,巴格达疖,,,,,0,0,,,
Bagdad wool,,,伊拉克地毯毛,,,,,0,0,,,
bagdads,'bæɡdæd,,n. 巴格达（伊拉克首都）,,,,,0,0,0:bagdad/1:s,,
Bagdarin,,,[地名] 巴格达林 ( 俄 ),,,,,0,0,,,
bagdi,,,[网络] 巴格迪人；鲍格迪,,,,,0,0,,,
bagdikian,,, [人名] 巴格迪基安,,,,,0,0,s:bagdikians,,
bagdikians,,, [人名] 巴格迪基安\n(bagdikian 的复数),,,,,0,0,0:bagdikian/1:s,,
Bagdogra,,,[地名] 巴格多格拉 ( 印 ),,,,,0,0,,,
bage,,,"n. 大白菜, 包心菜",,,,,0,0,s:bages,,
baged,,,B.Ag.E.\nabbr.\nBachelor of Agricultural Engineering 农业工程学士,,,,,0,0,,,
Bagehot,ˈbædʒət,,白芝浩；巴杰特（人名）,,,,,27767,0,s:bagehots,,
"Bagehot, Walter",'bædʒət,,白哲特(1826～1877，英国经济学家、报纸撰稿人和评论家),,,,,0,0,,,
bagehots,ˈbædʒət,,白芝浩；巴杰特（人名）,,,,,0,0,0:bagehot/1:s,,
bagel,'beiɡәl,n. (Yiddish) glazed yeast-raised doughnut-shaped roll with hard crust,n. 百吉饼（先蒸后烤的发面圈）；[俚]（体育比赛中）零蛋,n:100,,,,37938,11895,s:bagels,,
bagel bender,,,[俚语、蔑词]犹太人,,,,,0,0,,,
bagel head,,,[网络] 贝果头；贝果额头；冬甩额,,,,,0,0,,,
Bagel Land,,,[网络] 百吉饼境地,,,,,0,0,,,
bageled,'beɪg(ə)l,,n. [美国英语](过水)硬面包圈，百吉面包圈 (先水煮后烤的发面圈),,,,,0,0,,,
bageling,'beɪg(ə)l,,n. [美国英语](过水)硬面包圈，百吉面包圈 (先水煮后烤的发面圈),,,,,0,0,,,
bagelry,'beiɡəlri,,n. 百吉面包圈店,,,,,0,0,,,
bagels,ˈbeiɡəlz,n. (Yiddish) glazed yeast-raised doughnut-shaped roll with hard crust,n. 硬面包圈( bagel的复数形式 ),,,,,0,0,0:bagel/1:s3,,
bagemihl,,,[网络] 几百种动物都会自慰,,,,,0,0,,,
bagenal,,,n. (Bagenal)人名；(英)巴格纳尔,,,,,0,0,,,
bagenalstown (muine bheag ),,,巴格诺斯镇(木因比格),,,,,0,0,,,
bagenholm,,,[网络] 巴登霍尔姆,,,,,0,0,,,
Bagenkop,,,[地名] 巴恩科普 ( 丹 ),,,,,0,0,,,
bagent,,,[网络] 。,,,,,0,0,,,
Bagepalli,,,巴格帕利,,,,,0,0,,,
bager,ˊbægә,,装袋工,,,,,0,0,,,
Bagerhat,,,[网络] 巴格哈特；巴合尔哈特；巴盖尔哈德,,,,,0,0,,,
Bagerhat District,,,[网络] 巴盖尔哈德县,,,,,0,0,,,
bagert,,,[网络] 巴热尔,,,,,0,0,,,
Bages,,,[地名] 巴日 ( 法 ),,,,,0,0,0:bage/1:s,,
Bageshwar,,,巴格什瓦,,,,,0,0,,,
Bagevadi,,,巴格瓦迪,,,,,0,0,,,
bagful,'bægful,n the quantity that a bag will hold,"n. 一袋之量, 满口袋",,,,,42931,0,s:bagfuls,,
bagfuls,,plural of bagful\nn the quantity that a bag will hold,"(bagful 的复数) n. 一袋之量, 满口袋",,,,,0,0,0:bagful/1:s,,
bagg,,,巴格（人名）,,,,,0,0,s:baggs,,
bagga,,,[网络] 巴戈；巴嘎,,,,,0,0,,,
baggable,,,[网络] 可装饰,,,,,0,0,,,
baggage,'bægidʒ,n. cases used to carry belongings when traveling\nn. a worthless or immoral woman\nn. the portable equipment and supplies of an army,n. 行李\n[经] 行李,n:100,1,1,gk cet4 ky toefl ielts,8801,7286,s:baggages,,
baggage agent,,,[网络] 行李运输代理行,,,,,0,0,,,
baggage allowance,,,行李超重限制,,,,,0,0,,,
baggage allowances,,,na. 〈美〉行李重量限度\n[网络] 创意产业园；携带行李的相关规定,,,,,0,0,,,
baggage and parcel office,,,[交] 行李包裹室,,,,,0,0,,,
baggage box boy,,,(主动与其客性交的)同性恋男妓,,,,,0,0,,,
baggage boy,,,= baggage box boy,,,,,0,0,,,
baggage buffet car,,,行李-便餐车,,,,,0,0,,,
baggage cabin,,,行李舱,,,,,0,0,,,
baggage car,,,行李车厢,,,,,0,0,s:baggage cars,,
baggage card,,,[网络] 行李牌,,,,,0,0,,,
baggage carousel,,,un. 行李传送盘\n[网络] 行李转盘；行李输送带；行李带,,,,,0,0,,,
baggage carousel/carrousel,,,(机场)转盘式行李传送带,,,,,0,0,,,
baggage carousels,,,行李带,,,,,0,0,,,
baggage carrier,,,行李架,,,,,0,0,,,
baggage cars,,,na. 〈美〉行李车厢；【军】辎重车,,,,,0,0,0:baggage car/1:s,,
baggage cart,,,[网络] 行李车；行李手推车；行李推车,,,,,0,0,,,
baggage carts,,,[网络] 行李手推车,,,,,0,0,,,
baggage check,,,[法] 行李检查,,,,,0,0,,,
baggage check-in,,,行李托运站,,,,,0,0,,,
baggage checks,,,na. 行李上的牌子\n[网络] 行李牌,,,,,0,0,,,
baggage claim,ˈbæɡidʒ kleim,, 领取行李,,,,,0,0,s:baggage claims,,
baggage claim area,ˈbæɡɪdʒ klem ˈɛriə,, 行李认领处，取行李处,,,,,0,0,,,
baggage claims,,,un. 领取行李\n[网络] 行李转盘,,,,,0,0,0:baggage claim/1:s,,
baggage clerk,,,行李员,,,,,0,0,,,
baggage compartment,,,行李舱[间],,,,,0,0,,,
baggage declaration,,,[法] 行李呈报,,,,,0,0,,,
baggage declaration form,,,行李报关单,,,,,0,0,,,
baggage delivery office,,,行李领取室,,,,,0,0,,,
baggage elevator,ˈbæɡidʒ ˈeliveitə,, 运行李电梯,,,,,0,0,,,
baggage fee,,,行李费,,,,,0,0,,,
baggage foreman,,,行李搬运领班,,,,,0,0,,,
baggage grid,,,行李格架,,,,,0,0,,,
baggage hall,,,[网络] 行李大厅；行李领取厅；行李处理大堂,,,,,0,0,,,
baggage handler,,,[网络] 行李搬运工；行李管理者；行李员,,,,,0,0,,,
baggage handlers,,,[网络] 行李装运,,,,,0,0,,,
baggage handling,,,[网络] 行李处理；行李搬运；搬运行李,,,,,0,0,,,
baggage hold,,,行李舱,,,,,0,0,,,
baggage holder,,,行李支架,,,,,0,0,,,
baggage holds,,,行李舱,,,,,0,0,,,
baggage inspection,,,行李检查,,,,,0,0,,,
baggage insurance,,,[经] 行李保险,,,,,0,0,,,
baggage lien,,,[网络] 行李留置权；行李抵押,,,,,0,0,,,
baggage list,,,[网络] 行李单,,,,,0,0,,,
baggage man,,,行李员,,,,,0,0,,,
baggage master,,,(火车站、行李车等)行李负责人,,,,,0,0,,,
baggage office,,,n. 行李房,,,,,0,0,,,
baggage policy,,,行李保险单,,,,,0,0,,,
baggage rack,,,行李架,,,,,0,0,,,
baggage reclaim,,, 行李提取处; 领取行李处,,,,,0,0,,,
baggage reclaims,,,行李提取处；领取行李处,,,,,0,0,,,
baggage registration office,,,行李(托运)室,,,,,0,0,,,
baggage room,,,〈美〉行李间,,,,,0,0,,,
baggage rooms,,,un. 行李房,,,,,0,0,,,
baggage shelves,,,[交] 行李保管室,,,,,0,0,,,
baggage smasher,,,[美国俚语]行李搬运工，搬运工人,,,,,0,0,,,
baggage sortation system,,,行李自动分检系统,,,,,0,0,,,
baggage space,,,[网络] 行李处所,,,,,0,0,,,
baggage storage,,,[网络] 行李寄存；行李储存室；行李暂时寄放处,,,,,0,0,,,
baggage sufferance,,,行李特许携带证,,,,,0,0,,,
baggage tag,,,[美国英语]行李标签,,,,,0,0,,,
baggage ticket,,,行李票,,,,,0,0,,,
baggage train,,,n. 行李搬运车,,,,,0,0,,,
baggage trolley,,,行李搬运车,,,,,0,0,,,
baggage trouble,,,空运的行李去向不明，行李被运往其他地区,,,,,0,0,,,
baggage truck,,,行李小车,,,,,0,0,,,
baggage-claim,,,行李认领；领取行李；取行李处,,,,,0,0,,,
baggage-handling,,,[网络] 行李处理；抖掉沉重的包袱,,,,,0,0,s:baggage-handlings,,
baggage-handlings,,,[网络] 行李处理；抖掉沉重的包袱\n(baggage-handling 的复数),,,,,0,0,0:baggage-handling/1:s,,
baggage-room,,,行李寄放处,,,,,0,0,s:baggage-rooms,,
baggage-rooms,,,行李寄放处\n(baggage-room 的复数),,,,,0,0,0:baggage-room/1:s,,
baggage-smasher,,,"n. 〈俚〉行李搬运工,搬运工人",,,,,0,0,,,
baggaged,,,[网络] 袋装,,,,,0,0,,,
baggageless,,,[网络] 行李架,,,,,0,0,,,
baggagely,,,[网络] 行李,,,,,0,0,,,
baggageman,,n. an attendant who takes care of baggage,n. 行李收发员,,,,,0,0,s:baggagemen,,
baggagemaster,'bægidʒmɑ:stә,,n. 行李管理员,,,,,0,0,,,
baggagemasters,"'bæɡɪdʒ,mɑːstə",,n. 行李管理员；行李负责人,,,,,0,0,,,
baggagemen,"'bæɡɪdʒ,mæn",,n. 行李收发员,,,,,0,0,0:baggageman/1:s,,
baggager,'bægɪdʒ,n. One who takes care of baggage; a camp follower.,"n. [主美国英语]行李；(旅行时携带的)皮箱, 手提箱；【军事】(军队的)辎重, 军用行李, 携带的装备",,,,,0,0,,,
baggagers,,,[网络] 手提包,,,,,0,0,,,
baggages,,plural of baggage\nn. cases used to carry belongings when traveling\nn. a worthless or immoral woman\nn. the portable equipment and supplies of an army,(baggage 的复数) n. 行李\n[经] 行李,,,,,0,0,0:baggage/1:s,,
baggah,,"a person who needs a bag on there face,\r\nthis persons body is sexy but there face is not up to par\n> dang db is a baggah\n",,,,,,0,0,,,
baggahs,,"a person who needs a bag on there face,\r\nthis persons body is sexy but there face is not up to par\n> dang db is a baggah\n",,,,,,0,0,,,
baggala,,,[网络] 巴加拉,,,,,0,0,,,
baggammon,,,[网络] 西洋双陆棋,,,,,0,0,,,
baggara,,,[网络] 巴加拉人；巴克拉；巴嘎拉人,,,,,0,0,,,
baggas,,"Adjective. Of inferior quality. \r\n\r\nShort for 'bag of [shite]'. Used in Manchester, UK, for a while in the late 90s. \n> Born slippy? Bagga student night in't it, yo.\n",,,,,,0,0,,,
baggataway,bə'ɡætəwei,,n. = bagataway,,,,,0,0,,,
bagge,,, [人名] [英格兰人姓氏] 巴格职业名称，制袋人，来源于中世纪英语，含义是“袋”(bag); [人名] [英格兰人姓氏] 巴格来源于日耳曼语人名，见Bacon↑1,,,,,0,0,s:bagges,,
bagged,bægd,"v capture or kill, as in hunting\nv hang loosely, like an empty bag\nv bulge out; form a bulge outward, or be so full as to appear to bulge\nv take unlawfully\nv put into a bag",a. 松弛下垂的,j:100,,,,0,27864,0:bag/1:pd,,
bagged Bologna sausage,,,"装布套袋的波洛尼亚大香肠(含水较多,用牛、羊、猪肉制成)",,,,,0,0,,,
bagged cargo,,,袋装货物,,,,,0,0,,,
bagged cement,,,袋装水泥,,,,,0,0,,,
bagged charges,,,【军械】袋装运费,,,,,0,0,,,
bagged conveyer,,,袋运送器,,,,,0,0,,,
bagged garbage,,,[网络] 袋装垃圾,,,,,0,0,,,
bagged grain,,,[网络] 袋装谷物,,,,,0,0,,,
bagged on,,,[林] 沼泽林,,,,,0,0,,,
bagged rice,,,袋装水稻,,,,,0,0,,,
bagged saucer,,,[网络] 袋装托盘,,,,,0,0,,,
bagged sugar,,,袋装糖,,,,,0,0,,,
bagged tyre,,,[机] 上套轴胎,,,,,0,0,,,
bagged up,,,把……包起来\n把……装进袋子\n入袋,,,,,0,0,,,
bagged us,,,n. (Bagus)人名；(印尼)巴古斯,,,,,0,0,,,
bagged-out,"'bæɡd,aut",,adj. [美国俚语]；穿着式样过时的；穿旧衣服的；(尤指服装)五彩缤纷的，不成体统的,,,,,0,0,,,
bagger,'bægә,n. a machine for putting objects or substances into bags,"n. 装袋工, 装袋机\n[化] 装水胎机; 装囊机; 装袋机",n:100,,,,46282,33849,s:baggers,,
bagger combine,,,"自动装袋式联合收获机,有装袋器的联合收获机",,,,,0,0,,,
bagger elevator,,,(散粒物)装袋升运器,,,,,0,0,,,
bagger weigher,,,装袋计量秤;计重装袋器,,,,,0,0,,,
baggers,,plural of bagger\nn. a machine for putting objects or substances into bags,"(bagger 的复数) n. 装袋工, 装袋机\n[化] 装水胎机; 装囊机; 装袋机",,,,,0,0,0:bagger/1:s,,
bagges,,,[网络] 悲莹,,,,,0,0,0:bagge/1:s,,
baggesen,,,[网络] 格森,,,,,0,0,,,
baggett,,, [人名] 巴格特,,,,,0,0,,,
baggety,,,[网络] 袋装,,,,,0,0,,,
baggie,'bæɡɪ,,垃圾袋,n:100,,,,0,23613,s:baggies,,
baggie lady,,,(常见于纽约街头游逛的)拎包女士，无家可归者,,,,,0,0,,,
baggier,ˈbægi:ə,s. not fitting closely; hanging loosely,a. 宽松下垂的( baggy的比较级 ); 2。膨胀的,,,,,0,0,0:baggy/1:r,,
baggies,,plural of baggy\ns. not fitting closely; hanging loosely,"(baggy 的复数) a. 袋状的, 松垂的",,,,,0,0,0:baggy/1:s,,
baggiest,,s. not fitting closely; hanging loosely,a. 宽松下垂的( baggy的最高级 ); 2。膨胀的,,,,,0,0,0:baggy/1:t,,
baggily,,"adv. In a loose, baggy way.",袋状地,,,,,0,0,,,
baggin',,"Getting pussy, spitting game, or flat out talking to a girl\n> Guy#1: Ay man you baggin dat hoe right there?\n> Guy #2: Yeah, fool.\n",,,,,,0,0,,,
Baggina,,,"宦官虫, 袋形虫属〔有孔虫类；K-Q〕, 袋形虫属〔有孔虫类，K-Q〕",,,,,0,0,,,
bagginess,,,n. 膨胀状,,,,,0,0,s:bagginesses,,
bagginesses,,,n. 膨胀状,,,,,0,0,0:bagginess/1:s,,
bagging,'bægiŋ,"n coarse fabric used for bags or sacks\nv capture or kill, as in hunting\nv hang loosely, like an empty bag\nv bulge out; form a bulge outward, or be so full as to appear to bulge\nv take unlawfully\nv put into a bag","n. 装袋, 制袋材料\n[经] 袋装, 包装费",j:66/n:34,,,,0,39453,0:bag/1:i/s:baggings,,
bagging and weighing machine,,,装袋-秤重机,,,,,0,0,,,
bagging apparatus,,,装袋装置[设备],,,,,0,0,,,
bagging attachment,,,装袋装置,,,,,0,0,,,
bagging auger,,,装袋螺旋推运器,,,,,0,0,,,
bagging cement,,,袋装水泥,,,,,0,0,,,
bagging equipment,,,装袋设备,,,,,0,0,,,
bagging hopper,,,装袋料斗,,,,,0,0,,,
bagging line,,,[包装] 装袋流水线,,,,,0,0,,,
bagging machine,,,[化] 包装机; 装袋机; 装填机,,,,,0,0,,,
Bagging Machines,,,[网络] 制袋机,,,,,0,0,,,
bagging method,,,挂袋法,,,,,0,0,,,
bagging on,,"to keep bothering a person with the same issue. Talking crap about someones style etc.\n> Maddi and Lindsay were having a normal conversation when alexa comes up and starts bagging on maddi's hair.\n> Alexa: ""You always were your hair up and it looks weird, you should really change your style and you shouldn't straighten your hair so much.\n> Maddi: Like i give two shits. Stop bagging on my hair""\n> Lindsay: ""She obviously doesn't care""\n",,,,,,0,0,,,
bagging platform,,,装袋平台,,,,,0,0,,,
bagging point,,,装袋装置,,,,,0,0,,,
bagging pot,,,皮囊壶,,,,,0,0,,,
bagging scale,,,装袋秤,,,,,0,0,,,
bagging scales,,,装袋秤,,,,,0,0,,,
bagging spout,,,(面粉)装袋(时连接袋口的)出料管,,,,,0,0,,,
bagging station,,,装袋站,,,,,0,0,,,
bagging up,,,把……包起来\n把……装进袋子\n入袋,,,,,0,0,,,
bagging us,,,n. (Bagus)人名；(印尼)巴古斯,,,,,0,0,,,
bagging-bag,,,厚黄麻袋布,,,,,0,0,,,
bagging-off chute,,,装袋滑槽,,,,,0,0,,,
bagging-off spout,,,装袋口,,,,,0,0,,,
baggingly,,,[网络] 装袋,,,,,0,0,,,
baggings,,"plural of bagging\nn coarse fabric used for bags or sacks\nv capture or kill, as in hunting\nv hang loosely, like an empty bag\nv bulge out; form a bulge outward, or be so full as to appear to bulge\nv take unlawfully\nv put into a bag","(bagging 的复数) n. 装袋, 制袋材料\n[经] 袋装, 包装费",,,,,0,0,0:bagging/1:s,,
baggins,,,[网络] 巴金斯,,,,,0,0,,,
baggio,,,n. 巴乔（姓氏）,,,,,0,0,s:baggios,,
baggios,,,n. 巴乔（姓氏）\n(baggio 的复数),,,,,0,0,0:baggio/1:s,,
baggish,,,[网络] 吉斯,,,,,0,0,,,
baggit,,,n. 〔渔〕刚产卵后的雌鲑\n[网络] 刚产卵后的雌雄；产后鲑鱼,,,,,0,0,,,
baggley,,,[网络] 巴格利,,,,,0,0,s:baggleys,,
baggleys,,,[网络] 巴格利\n(baggley 的复数),,,,,0,0,0:baggley/1:s,,
baggonet,,,[网络] 袋子,,,,,0,0,,,
baggot,,,n. 成长但未产卵的鲑\n[网络] 成熟鲑,,,,,0,0,s:baggots,,
baggots,,,n. 成长但未产卵的鲑\n[网络] 成熟鲑\n(baggot 的复数),,,,,0,0,0:baggot/1:s,,
baggott,,, [人名] 巴戈特,,,,,0,0,,,
baggs,,,巴格（人名）,,,,,0,0,0:bagg/1:s,,
baggy,'bægi,s. not fitting closely; hanging loosely,"a. 袋状的, 松垂的",j:100,1,,,12058,10872,s:baggies/r:baggier/t:baggiest,,
Baggy bed,,,[地质] 巴吉岩层,,,,,0,0,,,
Baggy beds,,,巴吉岩层,,,,,0,0,,,
baggy braided cord,,,袋形编织软线,,,,,0,0,,,
baggy cloth,,,起伏不平布,,,,,0,0,,,
baggy crop,,,嗉囊下垂,,,,,0,0,,,
baggy deformity of lower eyelid,,,下睑袋,,,,,0,0,,,
baggy fabric,,,袋状织物,,,,,0,0,,,
baggy jeans,,,大而宽松的牛仔裤,,,,,0,0,,,
baggy lood,,,宽松服，蝙蝠服,,,,,0,0,,,
baggy pants,ˈbægi: pænts,,n. 袋形裤,,,,,0,0,,,
baggy pt.,,,巴吉岬,,,,,0,0,,,
baggy selvedge,,,松边,,,,,0,0,,,
baggy top,,,[美国俚语]宽松式男泳裤，肥腰裤\nadj. 袋状的，鼓出的，肿胀的，宽松下垂的,,,,,0,0,,,
baggy wrinkle,,,[网络] 松皱结,,,,,0,0,,,
baggys,,,"n. 〈美〉(拳击手、男冲浪员穿的)宽短裤,袋式冲浪游泳裤",,,,,0,0,,,
baggywrinkle,,,[网络] 袋状皱皮,,,,,0,0,,,
Baggå,,,[地名] 巴戈 ( 瑞典 ),,,,,0,0,,,
bagh,bɑ:ɡ,,n. （巴基斯坦、印度的）花园；孟加拉虎\nn. (Bagh)人名；(阿拉伯、法、德、印)巴格,,,,,0,0,s:baghs,,
bagh baghu,,,巴格巴固,,,,,0,0,,,
bagh nam faoileann b.,,,巴格兰弗连湾,,,,,0,0,,,
bagh-e baboilyeh,,,巴格巴波耶,,,,,0,0,,,
bagh-e malek,,,巴格马列克,,,,,0,0,,,
baghad,,,[网络] 巴格达,,,,,0,0,,,
Baghak,,,巴格哈克,,,,,0,0,,,
Baghalak,,,[地名] 巴加拉克 ( 阿富 ),,,,,0,0,,,
"Baghalak, Gardeneh",,,[地名] 巴加拉克山口 ( 阿富 ),,,,,0,0,,,
Baghbaghū,,,[地名] 巴格巴古 ( 伊朗 ),,,,,0,0,,,
Baghdad,'bægdæd,n. capital and largest city of Iraq; located on the Tigris River,n. 巴格达,,,,,8311,0,s:baghdads,,
baghdad (bagdad),,,巴格达,,,,,0,0,,,
Baghdad by the Bay,,,[网络] 海湾边的巴格达,,,,,0,0,,,
Baghdad Railway,,,巴格达铁路,,,,,0,0,,,
Baghdad school,,,[网络] 巴格达画派,,,,,0,0,,,
baghdad-by-the-bay,,,[网络] 海湾边的巴格达,,,,,0,0,,,
Baghdad-on-the-Subway,,,地铁上的巴格达(指纽约曼哈顿，美国小说家奥亨利用语),,,,,0,0,,,
baghdadcause,,,[网络] 巴格达,,,,,0,0,,,
baghdader,'bæɡdæd,,巴格达(伊拉克首都) [亦作 Bagdad],,,,,0,0,,,
Baghdadi,,,n. (Baghdadi)人名；(阿拉伯)巴格达迪,,,,,0,0,,,
Baghdadian,,,[网络] 巴格达,,,,,0,0,,,
baghdadis,bəɡ'dædi,,n. (伊拉克)巴格达人；巴格达居民,,,,,0,0,,,
baghdadite,,,[网络] 巴格达特,,,,,0,0,,,
baghdads,'bæɡdæd,,巴格达(伊拉克首都) [亦作 Bagdad],,,,,0,0,0:baghdad/1:s,,
Baghdat'i,,,[地名] 巴格达蒂 ( 格鲁 ),,,,,0,0,,,
baghdatis,,,[网络] 巴格达堤斯；巴格达迪斯；巴格扎蒂斯,,,,,0,0,,,
Baghdād,,,[地名] 巴格达 ( 伊拉 ),,,,,0,0,,,
"Baghdād, Liwā'",,,[地名] 巴格达省 ( 伊拉 ),,,,,0,0,,,
baghead,,,[网络] 纸袋头；包头；纸袋头惊魂记,,,,,0,0,,,
bagheads,,,[网络] 袋头,,,,,0,0,,,
bagheera,,,巴格希拉毛圈丝绒,,,,,0,0,,,
Baghelkhand,,,[网络] 巴格尔汉德,,,,,0,0,,,
Bagherhat,,,巴格尔哈,,,,,0,0,,,
Bagheria,,,[地名] 巴盖里亚 ( 意 ),,,,,0,0,,,
bagheria (bagaria),,,巴加利亚,,,,,0,0,,,
bagherra,'bæɡherə,,n. 【纺织业】巴格希拉毛圈丝绒,,,,,0,0,,,
baghetti,,,巴盖蒂,,,,,0,0,s:baghettis,,
baghettis,,,巴盖蒂\n(baghetti 的复数),,,,,0,0,0:baghetti/1:s,,
Baghin,,,巴格汗,,,,,0,0,,,
Baghit,,,巴格西特,,,,,0,0,,,
baghla,'bʌɡlɑ:,,n. (阿拉伯海与红海一带的)阿拉伯货运帆船[亦作 baggala],,,,,0,0,,,
baghlan,,,[网络] 巴格兰；巴格兰省；阿富汗巴格兰省,,,,,0,0,,,
Baghlān,,,[地名] 巴格兰 ( 阿富 ),,,,,0,0,,,
"Baghlān, Daryā-ye",,,[地名] 巴格兰河 ( 阿富 ),,,,,0,0,,,
"Baghlān, Velāyat-e",,,[地名] 巴格兰省 ( 阿富 ),,,,,0,0,,,
baghmati nadi,,,巴格马提河,,,,,0,0,,,
Baghmati River,,,[网络] 巴格马蒂圣河,,,,,0,0,,,
bagholder,,,un. 袋座架\n[网络] 夹袋器；麻袋夹持器；紧握口袋者,,,,,0,0,,,
bagholders,,,[网络] 背包人,,,,,0,0,,,
baghose precipitator,,,袋滤除尘器,,,,,0,0,,,
baghous,,,[网络] 袋鼠,,,,,0,0,,,
baghouse,'bæɡaʊz,," 大气污染微粒吸收器, 袋滤室, 集尘袋室",,,,,0,0,,,
baghouse precipitator,,,式除尘器,,,,,0,0,,,
baghouses,,,[网络] 集尘室；袋式集尘器,,,,,0,0,,,
Baghpot,,,巴格帕,,,,,0,0,,,
Baghramyan,,,[地名] 巴格拉米扬 ( 亚美 ),,,,,0,0,,,
baghran,,,[网络] 巴格兰,,,,,0,0,,,
Baghrān,,,[地名] 巴格兰 ( 阿富 ),,,,,0,0,,,
Baghrān Rud,,,[地名] 巴格兰河 ( 阿富 ),,,,,0,0,,,
baghs,bɑːɡ,,[网络] 巴格；孟加拉虎；巴格石窟,,,,,0,0,0:bagh/1:s,,
Baghwana,,,巴格瓦纳,,,,,0,0,,,
bagi,,,[网络] 公公；气体吸收成像；气体吸收特定光波显像,,,,,0,0,s:bagi,,
bagi pat,,,巴吉帕黄麻,,,,,0,0,,,
bagie,'bæɡi,,n. = baggy,,,,,0,0,,,
bagige-kite,,,[网络] bagige风筝,,,,,0,0,,,
Bagillt,,,[地名] 巴吉尔特 ( 英 ),,,,,0,0,s:bagillts,,
bagillts,,,[地名] 巴吉尔特 ( 英 )\n(bagillt 的复数),,,,,0,0,0:bagillt/1:s,,
Baginda,,,巴金达,,,,,0,0,,,
baginopennous,,,鞘翅的,,,,,0,0,,,
Baginton,,,[地名] 巴金顿 ( 英 ),,,,,0,0,,,
Baginton Airport,,,[地名] 巴金顿机场 ( 英 ),,,,,0,0,,,
bagio,,,碧瑶风,,,,,0,0,,,
bagiou,,,[网络] 碧瑶风,,,,,0,0,,,
Bagirmi,,,[网络] 巴吉尔米人；巴吉尔米；巴吉尔米语,,,,,0,0,,,
bagirpasa dagi,,,巴吉尔帕沙山,,,,,0,0,,,
Bagis,,,[网络] 巴吉思；耳机,,,,,0,0,,,
bagism,,,[网络] 手袋主义；沙袋主义,,,,,0,0,,,
bagiu,,,巴久,,,,,0,0,,,
Bagl.,,,[网络] Biblical and Ancient Greek Linguistics; T恤袋,,,,,0,0,,,
bagladies,,,[网络] 群猫购物图,,,,,0,0,0:baglady/1:s,,
baglady,,,na. 无家可归的老妇；携带行李露宿街头的女人；女毒品贩子\n[网络] 拾荒妇；流浪的女人；无家可归的女流浪人,,,,,0,0,s:bagladies,,
baglama,,,[网络] 巴拉玛琴；巴谷马,,,,,0,0,,,
baglamas,,"baglamas (plural baglamades)\n(music) A plucked stringed instrument, a long-necked bowl lute, played in Greek music and often made of improvised materials; it is a high-pitched and small bouzouki with one string in an octave pair on the lower D and unison pairs on the four highest strings.\n\n\nbaglamas\nplural of baglama\n",,,,,,0,0,,,
baglan,,,n. (Baglan)人名；(法)巴格朗,,,,,0,0,s:baglans,,
baglans,,,n. (Baglan)人名；(法)巴格朗\n(baglan 的复数),,,,,0,0,0:baglan/1:s,,
baglap,,,[网络] 袋子,,,,,0,0,,,
Baglar,,,巴格拉尔,,,,,0,0,,,
bagle,,,n. 手镯；脚镯\n[网络] 培果；贝果；贝革热,,,,,0,0,,,
bagless,,,没有袋子的\n无袋式,,,,,0,0,,,
bagless beach seine,,,无兜曳网,,,,,0,0,,,
baglet,,,[网络] 奶嘴头,,,,,0,0,,,
Bagley,,,n. (Bagley)人名；(英)巴格利,,,,,43415,0,s:bagleys,,
Bagley Icefield,,,[地名] 巴格利冰原 ( 美 ),,,,,0,0,,,
"Bagley, William Chandler",'bæɡli,,巴格利(1874～1946，美国教育家、作家和编辑),,,,,0,0,,,
bagleys,,,n. (Bagley)人名；(英)巴格利,,,,,0,0,0:bagley/1:s,,
baglietto,,,[网络] 意大利品牌宝利图；巴列托船厂,,,,,0,0,s:bagliettoes,,
bagliettoes,,,[网络] 意大利品牌宝利图；巴列托船厂\n(baglietto 的复数),,,,,0,0,0:baglietto/1:s,,
baglike,,,[网络] 袋状,,,,,0,0,,,
baglin,,,[网络] 巴兰,,,,,0,0,s:baglins,,
baglins,,,[网络] 巴兰\n(baglin 的复数),,,,,0,0,0:baglin/1:s,,
baglio,,,n. (Baglio)人名；(英、法、意)巴利奥,,,,,0,0,,,
baglione,,,n. (Baglione)人名；(意)巴廖内,,,,,0,0,,,
baglioni,,,[网络] 巴利奥尼；巴格里奥尼酒店；巴廖尼酒店,,,,,0,0,s:baglioni,,
baglo,,,[网络] 巴洛球,,,,,0,0,,,
bagload,,,[网络] 袋装,,,,,0,0,,,
bagloads,,,[网络] 袋装,,,,,0,0,,,
Baglung,,,巴格隆,,,,,0,0,,,
bagmaker,,,un. 制袋工\n[网络] 制袋机,,,,,0,0,,,
bagmakers,,,[网络] 制袋商,,,,,0,0,,,
bagmaking,,,[网络] 制袋,,,,,0,0,,,
bagman,'bægmәn,n. a racketeer assigned to collect or distribute payoff money,"n. 推销员, 中间人",n:100,,,,0,38160,s:bagmen,,
Bagmati,,,巴格马提,,,,,0,0,,,
bagmen,'bæɡmən,pl.  of Bagman,n. （政治）资金筹集者( bagman的名词复数 ); 游动商人; 收取贿金[赃款] 的人; 背着行李袋的流浪汉,,,,,0,0,0:bagman/1:s,,
bagmoth,,,[网络] 袋鼠,,,,,0,0,,,
bagmoths,,,n. 袋蛾；避债蛾,,,,,0,0,,,
Bagn,,,[地名] 邦恩 ( 挪 ),,,,,0,0,,,
bagna,,,[网络] 巴尼亚,,,,,0,0,,,
bagna cauda,,,[网络] 香蒜鯷鱼热沾酱；鯷鱼沾酱；义大利热辣沾酱,,,,,0,0,,,
Bagnac,,,巴涅克,,,,,0,0,,,
Bagnac-sur-Célé,,,[地名] 塞莱河畔巴尼亚克 ( 法 ),,,,,0,0,,,
Bagnacavallo,,,[地名] 巴尼亚卡瓦洛 ( 意 ),,,,,0,0,,,
Bagnall,,,n. (Bagnall)人名；(英)巴格诺尔,,,,,43269,0,s:bagnalls,,
bagnalls,,,n. (Bagnall)人名；(英)巴格诺尔\n(bagnall 的复数),,,,,0,0,0:bagnall/1:s,,
Bagnara Calabra,,,[地名] 巴尼亚拉卡拉布拉 ( 意 ),,,,,0,0,,,
bagnard,,,[网络] 巴格纳德,,,,,0,0,,,
Bagnari,,,[地名] 巴格纳里 ( 格鲁 ),,,,,0,0,,,
Bagnaria,,,巴涅里亚,,,,,0,0,,,
Bagnaria Arsa,,,[地名] 巴尼亚里亚阿尔萨 ( 意 ),,,,,0,0,,,
bagnario arsa,,,巴涅里欧阿沙,,,,,0,0,,,
Bagnasco,,,[地名] 巴尼亚斯科 ( 意 ),,,,,0,0,,,
bagnato,,,巴尼亚托,,,,,0,0,,,
bagne,,,[网络] 苦役犯监狱,,,,,0,0,,,
Bagneaux,,,巴纽欧,,,,,0,0,,,
bagnell,,,n. (Bagnell)人名；(英)巴格内尔,,,,,0,0,,,
Bagneres-de-Bigorre,,,巴雅比果,,,,,0,0,,,
Bagneres-de-Luchon,,,巴雅卢桑,,,,,0,0,,,
Bagneris,,,巴涅里,,,,,0,0,,,
Bagnes,,,[地名] 巴涅地区 ( 瑞士 ),,,,,0,0,,,
"Bagnes, V.de",,,[地名] 巴涅河谷 ( 瑞士 ),,,,,0,0,,,
bagnette,'bæɡnet,,n. 【建筑学】小圆凸线，半圆饰(= baguette),,,,,0,0,,,
Bagneux,,,[地名] 巴涅 ( 法 ),,,,,0,0,,,
bagni,,,[网络] 茉莉,,,,,0,0,,,
bagni del masino,,,巴格尼马夕诺,,,,,0,0,,,
Bagni di Masino,,,[地名] 巴尼-迪马西诺 ( 意 ),,,,,0,0,,,
Bagni di Rabbi,,,[地名] 巴尼-迪拉比 ( 意 ),,,,,0,0,,,
Bagni di San Calogero,,,[地名] 巴尼-迪圣卡洛杰罗 ( 意 ),,,,,0,0,,,
bagnio,'bɑ:njәu,n a building where prostitutes are available\nn a building containing public baths,"n. 意大利(或土耳其)的澡堂, 监狱, 牢狱, 妓院\n[医] 浴堂, 浴室",,,,,0,0,s:bagnios,,
bagnios,,,妓院( bagnio的名词复数 )；（东方的）监狱,,,,,0,0,0:bagnio/1:s,,
bagno,,,n. (Bagno)人名；(法)巴尼奥,,,,,0,0,s:bagnoes,,
bagno a ripoli,,,巴纽里波利,,,,,0,0,,,
Bagno di Romagna,,,[地名] 巴尼奥-迪罗马涅 ( 意 ),,,,,0,0,,,
bagnoes,,,n. (Bagno)人名；(法)巴尼奥\n(bagno 的复数),,,,,0,0,0:bagno/1:s,,
bagnoire,bæn'wɑ:r,,[地质]冰冠面伸长盆地,,,,,0,0,,,
Bagnold,,,[网络] 拜格诺；巴格诺尔德,,,,,0,0,s:bagnolds,,
bagnold effect,,,巴格诺尔德效应,,,,,0,0,,,
Bagnold number,,,伯格诺德数,,,,,0,0,,,
"Bagnold, Enid",'bæɡnəuld; 'i:nid,,巴格诺尔德(1889～1981，英国女小说家和剧作家),,,,,0,0,,,
bagnolds,,,[网络] 拜格诺；巴格诺尔德\n(bagnold 的复数),,,,,0,0,0:bagnold/1:s,,
Bagnoles,,,巴纽雷,,,,,0,0,,,
Bagnoles-de-l'Orne,,,[地名] 巴尼奥勒-德洛讷 ( 法 ),,,,,0,0,,,
bagnoli,,,n. (Bagnoli)人名；(意、法)巴尼奥利,,,,,0,0,s:bagnolis,,
Bagnoli del Trigno,,,[地名] 巴尼奥利-德尔特里尼奥 ( 意 ),,,,,0,0,,,
bagnoli di sopra,,,巴纽利索普拉,,,,,0,0,,,
Bagnoli Irpino,,,[地名] 巴尼奥利伊尔皮诺 ( 意 ),,,,,0,0,,,
Bagnolians,,,[网络] 巴尼奥人,,,,,0,0,,,
bagnolis,,,n. (Bagnoli)人名；(意、法)巴尼奥利\n(bagnoli 的复数),,,,,0,0,0:bagnoli/1:s,,
Bagnolo in Piano,,,[地名] 巴尼奥洛因皮亚诺 ( 意 ),,,,,0,0,,,
Bagnolo Mella,,,[地名] 巴尼奥洛梅拉 ( 意 ),,,,,0,0,,,
Bagnolo Piemonte,,,[地名] 巴尼奥洛皮埃蒙特 ( 意 ),,,,,0,0,,,
Bagnolo San Vito,,,[地名] 巴尼奥洛圣维托 ( 意 ),,,,,0,0,,,
bagnolos san vito,,,巴纽洛圣维托,,,,,0,0,,,
Bagnols,,,班纽勒,,,,,0,0,,,
Bagnols-en-Forêt,,,[地名] 巴尼奥勒昂福雷 ( 法 ),,,,,0,0,,,
Bagnols-les-Bains,,,[地名] 巴尼奥勒莱班 ( 法 ),,,,,0,0,,,
Bagnols-sur-Cèze,,,[地名] 塞兹河畔巴尼奥勒 ( 法 ),,,,,0,0,,,
Bagnone,,,[地名] 巴尼奥内 ( 意 ),,,,,0,0,,,
Bagnoregio,,,巴纽雷吉欧,,,,,0,0,,,
bagnos,,,丝毛纱罗,,,,,0,0,,,
bagnoud,,,[网络] 巴尼古德,,,,,0,0,,,
Bagny-sur-Meuse,,,[地名] 默兹河畔巴尼 ( 法 ),,,,,0,0,,,
Bagnères-de-Bigorre,,,[地名] 巴涅尔-德比戈尔 ( 法 ),,,,,0,0,,,
Bagnères-de-Luchon,,,[地名] 巴涅尔-德吕雄 ( 法 ),,,,,0,0,,,
Bago,,,[地名] 勃固 ( 缅 ),,,,,0,0,,,
Bago Division,,,[地名] 勃固省 ( 缅 ),,,,,0,0,,,
bago fibre,,,马来倪藤纤维(菲律宾产),,,,,0,0,,,
Bago R.,,,[地名] 勃固河 ( 缅 ),,,,,0,0,,,
Bago Yoma,,,[地名] 勃固山脉 ( 缅 ),,,,,0,0,,,
Bago(Pegu),,,勃固,,,,,0,0,,,
Bagoas,,,[网络] 巴戈阿斯；大宦官巴古阿；巴高斯,,,,,0,0,,,
Bagod,,,巴戈达,,,,,0,0,,,
Bagodar,,,[地名] 伯戈德尔 ( 印 ),,,,,0,0,,,
Bagodryl,,,"苯海拉明,苯那君,苯那准",,,,,0,0,,,
Bagolax,,,甲基纤维素,,,,,0,0,,,
Bagolino,,,[地名] 巴戈利诺 ( 意 ),,,,,0,0,,,
bagon,,,[林] 沼泽林,,,,,0,0,,,
bagonet,,,[网络] 巴格内特,,,,,0,0,,,
bagoong,be^'ɔ:ŋ,,"[菲]百公酱, 发酵鱼酱",,,,,0,0,,,
Bagor,,,[地名] 伯戈尔 ( 印 ),,,,,0,0,,,
bagosora,,,[网络] 巴格索拉；刑庭巴嘎索哈；上頣,,,,,0,0,,,
bagot,,, [人名] [英格兰人姓氏] 巴戈特 Bacon的昵称,,,,,0,0,s:bagots,,
Bagot's mixture,,,[医] 巴格特氏合剂(一种局部麻醉剂),,,,,0,0,,,
Bagotite,,,绿桿沸石,,,,,0,0,,,
bagots,,plural of bagot,(bagot 的复数)  [人名] [英格兰人姓氏] 巴戈特 Bacon的昵称,,,,,0,0,0:bagot/1:s,,
Bagotville,,,贝哥特维,,,,,0,0,,,
Bagou,,,[地名] 巴古 ( 贝宁、多哥、中非 ),,,,,0,0,,,
bagozzi,,,n. (Bagozzi)人名；(意)巴戈齐,,,,,0,0,,,
Bagoé,,,[地名] 巴戈埃河 ( 科特·马里 ),,,,,0,0,,,
bagpack,,,背包,,,,,0,0,,,
bagpipe,'bægpaip,n. a tubular wind instrument; the player blows air into a bag and squeezes it out through the drone,n. 风笛,n:100,,,,22085,21422,s:bagpipes,,
bagpipe it,,,[美国俚语]讨厌，别开玩笑,,,,,0,0,,,
bagpipe lung,,bagpipe lung (uncountable)\nAn infection of the lungs among bagpipe players caused by fungi (mold) in bagpipes.\n,,,,,,0,0,,,
bagpiped,,,n. 风笛；【无线】人为干扰发射机\n[网络] 苏格兰风笛；风箱；风笛品牌,,,,,0,0,,,
bagpiper,'bægpaipә,n someone who plays the bagpipe,"n. 吹风笛的人, 风笛手",n:100,,,,0,34606,s:bagpipers,,
bagpipers,"'bæg,paipə",,n. 风笛手；吹风笛的人,,,,,0,0,0:bagpiper/1:s,,
bagpipes,,n a tubular wind instrument; the player blows air into a bag and squeezes it out through the drone,n. 风笛,,,,,0,0,0:bagpipe/1:s,,
Bagpipes.,'bæɡ.paɪps,,n. 风笛\n[网络] 苏格兰风笛；风笛曲；风笛图片,,,,,0,0,,,
bagpiping,ˈbæɡpaipɪŋ,,n. 风笛；【无线】人为干扰发射机\n[网络] 苏格兰风笛；风箱；风笛品牌,,,,,0,0,,,
bagpipings,'bæɡpaip,,bagpiping\nvi.\nbagpipe的变形\nbagpipe\n['bæɡpaip]\nn.\n[常用复数，用作单数或复数] (苏格兰、爱尔兰等的)风笛\n(同性恋的)阴茎与腋窝的性交\nvi.\n奏风笛\n短语:\nbagpipe it\n[美国俚语]讨厌，别开玩笑\n变形：\nvi.\nbagpiped\n. bagpiping,,,,,0,0,,,
bagplots,,,[网络] 皮包,,,,,0,0,,,
bagpod,'bæ^pɔd,,[植]袋荚草,,,,,0,0,,,
bagpudding,,,un. 袋包布丁,,,,,0,0,,,
bagpuss,,,[网络] 巴格普斯猫；粉红猫,,,,,0,0,s:bagpusses,,
bagpusses,,,[网络] 巴格普斯猫；粉红猫\n(bagpuss 的复数),,,,,0,0,0:bagpuss/1:s,,
bagrak,,,[网络] 芭格拉克,,,,,0,0,,,
bagram,,,n. 巴格拉姆；巴格兰（地名）,,,,,0,0,s:bagrams,,
bagrams,,,n. 巴格拉姆；巴格兰（地名）\n(bagram 的复数),,,,,0,0,0:bagram/1:s,,
Bagratashen,,,[地名] 巴格拉塔申 ( 亚美 ),,,,,0,0,,,
Bagratid,,,[网络] 亚美尼亚；巴格拉提德王朝,,,,,0,0,,,
Bagratids,,,[网络] Bagratid,,,,,0,0,,,
bagration,,,[网络] 巴格拉基昂作战；巴葛拉兴；巴格拉提昂计划,,,,,0,0,,,
bagrationite,bæ'^reiʃiәnait,,[地质]褐帘石,,,,,0,0,,,
Bagrationovsk,,,[地名] 巴格拉季奥诺夫斯克 ( 俄 ),,,,,0,0,,,
Bagre,,,[地名] 巴格里 ( 巴西 ),,,,,0,0,,,
bagrease,,,n. 钡基润滑脂,,,,,0,0,,,
Bagrian,,,巴格里安,,,,,0,0,,,
bagrid,,, 鲿,,,,,0,0,s:bagrids,,
Bagridae,'bæɡraidi:,,n. 【鱼类】鲿科,,,,,0,0,,,
bagrids,,plural of bagrid,(bagrid 的复数)  鲿,,,,,0,0,0:bagrid/1:s,,
bagrit,,, [人名] 巴格里特,,,,,0,0,,,
bagroom,bəɡ'ruːm,,n.布袋收尘室,,,,,0,0,,,
bagrosin-natrium,,,甲菲妥因钠,,,,,0,0,,,
bagrow,,,[网络] Bagrow,,,,,0,0,,,
Bagrut,,,[网络] 以色列；学生能通过高考；学生能通过联考,,,,,0,0,,,
Bagrām,,,[地名] 巴格拉姆 ( 阿富 ),,,,,0,0,,,
"Bagrām, Dasht-e",,,[地名] 巴格拉姆平原 ( 阿富 ),,,,,0,0,,,
Bagrāmī,,,[地名] 巴格拉米 ( 阿富 ),,,,,0,0,,,
bags,,"n a flexible container with a single opening\nn the quantity of game taken in a particular period (usually by one person)\nn a place that the runner must touch before scoring\nn a container used for carrying money and small personal items or accessories (especially by women)\nn the quantity that a bag will hold\nn a portable rectangular container for carrying clothes\nn an ugly or ill-tempered woman\nn mammary gland of bovids (cows and sheep and goats)\nn an activity that you like or at which you are superior\nv capture or kill, as in hunting\nv hang loosely, like an empty bag\nv bulge out; form a bulge outward, or be so full as to appear to bulge\nv take unlawfully\nv put into a bag",n. 许多,,,,,0,0,1:s3/0:bag,,
bags badly chafed,,,[网络] 包擦破,,,,,0,0,,,
bags broken,,,[网络] 包破,,,,,0,0,,,
bags burst,,,[网络] 包破裂,,,,,0,0,,,
bags chafed,,,[网络] 包擦花,,,,,0,0,,,
bags cover dirty,,,[网络] 袋皮脏,,,,,0,0,,,
bags cover stained by wet,,,[网络] 包皮水渍,,,,,0,0,,,
bags cover torn,,,[网络] 袋撕破；袋皮破,,,,,0,0,,,
bags empty,,,[网络] 袋子空；袋子空袋空,,,,,0,0,,,
bags for safe stowage,,,[网络] 安全积载所需的袋装货物；安全堆装袋装货,,,,,0,0,,,
bags for stowage,,,[网络] 安全积载所需的袋装货,,,,,0,0,,,
bags holed by cargo hooks,,,[网络] 包有货钩洞,,,,,0,0,,,
bags I,,,[英国英语]；…是我的；我要了,,,,,0,0,,,
bags leaky,,,[网络] 袋子漏；袋子漏损,,,,,0,0,,,
bags loose,,,[网络] 包散口,,,,,0,0,,,
bags mouldy,,,[网络] 袋子霉烂；带子霉烂,,,,,0,0,,,
bags mouths open,,,[网络] 包开口,,,,,0,0,,,
bags of,,,"大量的,充足的",,,,,0,0,,,
bags of bones,,,骨瘦如柴的人；瘦皮猴,,,,,0,0,,,
bags of mystery,,,[复数][英国俚语]香肠,,,,,0,0,,,
bags of sth,,,[网络] 包包,,,,,0,0,,,
bags of tricks,,,[网络] 窍门,,,,,0,0,0:bag of tricks/1:s,,
bags of waters,,,羊膜,,,,,0,0,,,
bags on,,,[林] 沼泽林,,,,,0,0,,,
bags patched,,,[网络] 包已缝补,,,,,0,0,,,
bags seam open,,,[网络] 袋缝散开包开缝,,,,,0,0,,,
bags split,,,[网络] 包撕裂,,,,,0,0,,,
bags stained by contents,,,[网络] 内货染袋；袋子被内货渍污；带子被内货所染,,,,,0,0,,,
bags stained by oil,,,[网络] 袋子油污,,,,,0,0,,,
bags torn,,,[网络] 袋子撕破；袋子破；袋子破损,,,,,0,0,,,
bags under someone's eyes,,,[网络] 在某人的眼睛下的袋子,,,,,0,0,,,
bags under the eyes,,,"〈口〉肿眼泡,松垂的下眼泡",,,,,0,0,,,
bags under your eyes,,,[网络] 眼袋,,,,,0,0,,,
bags up,,,把……包起来\n把……装进袋子\n入袋,,,,,0,0,,,
bags us,,,n. (Bagus)人名；(印尼)巴古斯,,,,,0,0,,,
bags with hook holes,,,[网络] 包有手钩洞,,,,,0,0,,,
Bagsaray,,,巴格萨雷,,,,,0,0,,,
bagsed,,,[网络] 包装,,,,,0,0,,,
bagses,,,[网络] 包包,,,,,0,0,,,
bagsful,,,[网络] 袋装,,,,,0,0,,,
bagshaw,,," [人名] [英格兰人姓氏] 巴格肖住所名称，来源于古英语人名Bacga+“树林，灌木林”(wood,copse)",,,,,0,0,s:bagshaws,,
bagshawe,,, [人名] [英格兰人姓氏] 巴格肖 Bagshaw的变体,,,,,0,0,,,
bagshaws,,," [人名] [英格兰人姓氏] 巴格肖住所名称，来源于古英语人名Bacga+“树林，灌木林”(wood,copse)\n(bagshaw 的复数)",,,,,0,0,0:bagshaw/1:s,,
Bagshot,,,[地名] 巴格肖特 ( 英 ),,,,,0,0,,,
bagsie,,,[网络] 包包,,,,,0,0,,,
bagsied,,,[网络] 袋装,,,,,0,0,,,
bagsies,,,[网络] 袋装,,,,,0,0,,,
bagsing,,,[网络] 包装,,,,,0,0,,,
bagsnatcher,bæɡz'nætʃər,,n. 包贼,,,,,0,0,s:bagsnatchers,,
bagsnatchers,,,[网络] 防窃锁,,,,,0,0,0:bagsnatcher/1:s,,
bagstuffer,"'bæɡ,stʌfə",,n. [主英国英语](在街头散发或在付款台前塞进顾客购物袋的)商品推销宣传品(或传单)，商品广告，广告传单，小型宣传品,,,,,0,0,,,
bagsvaerd,,,[网络] 丹麦；鲍斯韦；斯瓦德,,,,,0,0,,,
Bagsværd,,,[地名] 鲍斯韦 ( 丹 ),,,,,0,0,,,
bagsy,,,[网络] 袋装,,,,,0,0,,,
bagsying,,,[网络] 袋装,,,,,0,0,,,
BAGUA,,,八卦,,,,,0,0,,,
Bagua Jiao,,,[地名] 八卦角 ( 南极洲 ),,,,,0,0,,,
Bagual,,,[地名] 巴瓜尔 ( 阿根 ),,,,,0,0,,,
"Baguari, Cachoeira",,,[地名] 巴瓜里瀑布 ( 巴西 ),,,,,0,0,,,
Bagudo,,,巴谷多,,,,,0,0,,,
bague,,,[网络] 衬套,,,,,0,0,,,
Baguena,,,巴给纳,,,,,0,0,,,
baguet,bæ'^et,n narrow French stick loaf,"n. 切成长方形的宝石, (宝石的)长方形",,,,,0,0,s:baguets,,
baguet(te),,,法国[长]面包,,,,,0,0,,,
baguets,bæ'gɛt,,n. 切成长方形的宝石,,,,,0,0,0:baguet/1:s,,
baguette,bæ'^et,n narrow French stick loaf,n. 法国棍子面包,n:100,,,,35647,17543,s:baguettes,,
baguette cut,,,细长形琢磨,,,,,0,0,,,
"baguette, baguet",bæ'ɡet,,n. (小宝石，尤指钻石切成的)狭长形；狭长形宝石；【建筑学】小圆凸线，半圆饰[亦作 bagnette],,,,,0,0,,,
baguettes,,plural of baguette\nn narrow French stick loaf,(baguette 的复数) n. 法国棍子面包,,,,,0,0,0:baguette/1:s,,
Baguia,,,[地名] 巴吉亚 ( 东帝 ),,,,,0,0,,,
Baguinéda,,,[地名] 巴吉内达 ( 马里 ),,,,,0,0,,,
Baguio,'bæ^iәu,,碧瑶[菲律宾夏都](在吕宋岛西部) \nn. [气]碧瑶风(菲律宾的强烈热带气旋),,,,,0,0,s:baguios,,
Baguio Pt.,,,[地名] 碧瑶角 ( 菲 ),,,,,0,0,,,
Baguios,,plural of Baguio,(Baguio 的复数) 碧瑶[菲律宾夏都](在吕宋岛西部) \nn. [气]碧瑶风(菲律宾的强烈热带气旋),,,,,0,0,0:baguio/1:s,,
Baguirmiens,,,巴吉尔米恩斯,,,,,0,0,,,
baguley,,, [人名] 巴古利,,,,,0,0,s:baguleys,,
baguleys,,, [人名] 巴古利\n(baguley 的复数),,,,,0,0,0:baguley/1:s,,
Bagulin,,,[地名] 巴古林 ( 菲 ),,,,,0,0,,,
Bagumbayan,,,[地名] 巴贡巴延 ( 菲 ),,,,,0,0,,,
bagumble,,,n. 大批量商品的廉价推销，大批量货品的廉价售卖,,,,,0,0,,,
Baguna,,,[地名] 巴古纳 ( 埃塞 ),,,,,0,0,,,
bagur (begur),,,巴古尔,,,,,0,0,,,
bagus,,,n. (Bagus)人名；(印尼)巴古斯,,,,,0,0,,,
Bagwai,,,[地名] 巴瓜伊 ( 尼日利 ),,,,,0,0,,,
bagwash,'bæ^wɔʃ,,"n. <英>(衣服的)初洗,初洗洗衣店",,,,,0,0,s:bagwashes,,
bagwashes,,plural of bagwash,"(bagwash 的复数) n.<英>(衣服的)初洗,初洗洗衣店",,,,,0,0,0:bagwash/1:s,,
bagwell,,,n. (Bagwell)人名；(英)巴格韦尔,,,,,0,0,s:bagwells,,
bagwells,,,n. (Bagwell)人名；(英)巴格韦尔,,,,,0,0,0:bagwell/1:s,,
bagwig,'bægwig,"n. A wig, in use in the 18th century, with the hair at the\n   back of the head in a bag.",n. 丝囊假发,,,,,0,0,,,
bagwoman,"'bæ^,wjmәn",,n. <美俚>替勒索者收取金钱的女人,,,,,0,0,,,
bagwork,,,砂包工事{防沖刷用},,,,,0,0,,,
bagworm,'bægwә:m,"n. One of several lepidopterous insects which construct, in\n   the larval state, a baglike case which they carry about for protection.\n   One species (Platoeceticus Gloveri) feeds on the orange tree. See\n   Basket worm.",n. 蓑蛾幼虫,,,,,0,0,,,
bagworm moth,,,[网络] 蓑蛾科；避债蛾,,,,,0,0,,,
bagworms,'bægwɜːm,,n. 结草虫,,,,,0,0,,,
Bagworth,,,[地名] 巴格沃思 ( 英 ),,,,,0,0,,,
bagy,,,[网络] 多袋,,,,,0,0,,,
Bagyidaw,,,"孟既(?-1846),缅甸人,雍笈牙王朝国王。",,,,,0,0,,,
bagyo,,,碧瑶风,,,,,0,0,,,
Bagyogszovat,,,巴吉欧卓瓦特,,,,,0,0,,,
Bagyurdu,,,巴吉乌杜,,,,,0,0,,,
"Bagzane, Mts.",,,[地名] 巴格赞山 ( 尼日尔 ),,,,,0,0,,,
Bagà,,,[地名] 巴加 ( 西 ),,,,,0,0,,,
Bagé,,,[地名] 巴热 ( 巴西 ),,,,,0,0,,,
Bagé-le-Châtel,,,[地名] 巴热勒沙泰勒 ( 法 ),,,,,0,0,,,
bah,bɒ,interj. An exclamation expressive of extreme contempt.,interj. 呸,u:100,,,,42291,19704,,,
bah humbug,,,[网络] 骗子；过生日,,,,,0,0,,,
bah'u'llh,,,[网络] 巴u h,,,,,0,0,,,
bah-zoo-koh,,,= bazuko,,,,,0,0,,,
Bah.,bɑ:,,int. 表示不赞成的声音\nv. 嘲笑\n[网络] 镇叉,,,,,0,0,,,
baha,,,n. (Baha)人名；(阿拉伯)巴哈,,,,,0,0,s:bahas,,
Baha'i,bə'ha:i,,n. 巴哈派教徒；宣讲巴哈教派教义的人\na. 巴哈教的；巴哈教派信徒的（等于Bahai）,j:100,,,,0,36639,,,
Baha'i Faith,,,[网络] 巴哈伊信仰；巴哈伊教；巴哈教,,,,,0,0,,,
baha'is,,,[网络] 巴哈教徒；巴哈伊；巴海大同教徒,,,,,0,0,,,
Baha'ism,bə'hɑ:izəm,,n.\n【伊斯兰教】(19世纪伊朗的)巴哈教派(一译巴哈依教派),,,,,0,0,,,
Baha'ist,bə'hɑ:izəm,,"Baha'ist\nn., adj.\nBahaism, Baha'ism的变形\nBahaism, Baha'ism\n[bə'hɑ:izəm]\nn.\n【伊斯兰教】(19世纪伊朗的)巴哈教派(一译巴哈依教派)",,,,,0,0,,,
Baha'ists,bə'hɑ:izəm,,"Baha'ist\nn., adj.\nBahaism, Baha'ism的变形\nBahaism, Baha'ism\n[bə'hɑ:izəm]\nn.\n【伊斯兰教】(19世纪伊朗的)巴哈教派(一译巴哈依教派)",,,,,0,0,,,
Baha'ite,bə'hɑ:i,,"Baha'ite\nn.\nBahai, Baha'i的变形\nBahai, Baha'i\n[bə'hɑ:i]\n【伊斯兰教】\nn.\n巴哈教派信徒\n=\nBahaism\n宣讲巴哈教派教义的人\nadj.\n巴哈教的；巴哈教派的\n巴哈教派信徒的\n变形：\nn.\nBaha'is",,,,,0,0,,,
Baha'ites,bə'hɑ:i,,"Baha'ite\nn.\nBahai, Baha'i的变形\nBahai, Baha'i\n[bə'hɑ:i]\n【伊斯兰教】\nn.\n巴哈教派信徒\n=\nBahaism\n宣讲巴哈教派教义的人\nadj.\n巴哈教的；巴哈教派的\n巴哈教派信徒的\n变形：\nn.\nBaha'is",,,,,0,0,,,
baha'u'llah,,,[网络] 巴哈欧拉；大同教的创立人巴哈乌拉,,,,,0,0,,,
Baha'ullah,,,[网络] 巴哈伊教巴哈欧拉,,,,,0,0,,,
bahaa,,,[网络] 巴哈,,,,,0,0,,,
Bahabinae,,,黄唇鱼亚科,,,,,0,0,,,
Bahabon,,,巴哈本,,,,,0,0,,,
Bahabón de Esgueva,,,[地名] 埃斯格瓦河畔巴阿翁 ( 西 ),,,,,0,0,,,
Bahada,bә'hɑ:dә,,[地质]山麓冲积平原,,,,,0,0,,,
bahadas,bɑ:'hɑ:də,,n. （北美洲西南部的）[地理] 山麓冲积平原,,,,,0,0,,,
bahads,,,山麓沖积扇,,,,,0,0,,,
bahadur,bə'hɑ:də,,n. 阁下\nn. (Bahadur)人名；(印、巴基、尼)巴哈杜尔,,,,,0,0,s:bahadurs,,
Bahadur asymptotic efficiency,,,巴哈杜尔渐近效 率,,,,,0,0,,,
Bahadur efficiency,,,巴哈杜尔效率,,,,,0,0,,,
bahadur khel,,,巴哈杜克尔,,,,,0,0,,,
"bahadur, Bahadur",bə'hɑ:də,,n. [印地语]伯哈德，大人，阁下(一种尊称，常加于姓氏前),,,,,0,0,,,
Bahadurganj,,,巴哈杜干吉,,,,,0,0,,,
Bahadurgarh,,,巴哈杜加尔,,,,,0,0,,,
bahadurs,bə'hɑ:də,,n. 阁下\nn. (Bahadur)人名；(印、巴基、尼)巴哈杜尔,,,,,0,0,0:bahadur/1:s,,
bahaeddin,,,巴哈丁,,,,,0,0,s:bahaeddins,,
bahaeddins,,,巴哈丁\n(bahaeddin 的复数),,,,,0,0,0:bahaeddin/1:s,,
bahaha,,,[网络] 宝哈哈,,,,,0,0,,,
bahahaha,,,[网络] 哇哈哈哈,,,,,0,0,,,
Bahai,"bә'hai, bә'hɑ:i",n. a teacher of or believer in Bahaism\na. of or relating to Bahaism,n. 巴哈教徒\na. 巴哈教的,j:100,,,,0,46804,s:bahais,,
"Bahai, Baha'i",bə'hɑ:i,,【伊斯兰教】\nn. 巴哈教派信徒；=  Bahaism；宣讲巴哈教派教义的人\nadj. 巴哈教的；巴哈教派的；巴哈教派信徒的,,,,,0,0,,,
bahais,bə'hai,,n. 巴哈教徒\nadj. 巴哈教的,,,,,0,0,0:bahai/1:s,,
Bahaism,bә'hɑ:izm,n. a religion founded in Iran in 1863; emphasizes the spiritual unity of all humankind; incorporates Christian and Islamic tenets; many adherents live in the United States,n. (伊斯兰)巴哈教派,,,,,0,0,s:bahaisms,,
"Bahaism, Baha'ism",bə'hɑ:izəm,,n. 【伊斯兰教】(19世纪伊朗的)巴哈教派(一译巴哈依教派),,,,,0,0,,,
bahaisms,bə'ha:izəm,,n. 大同教,,,,,0,0,0:bahaism/1:s,,
Bahaist,,,"n. , adj. Bahaism, Baha'ism的变形",,,,,0,0,,,
Bahaists,bə'hɑ:izəm,,"Bahaist\nn., adj.\nBahaism, Baha'ism的变形\nBahaism, Baha'ism\n[bə'hɑ:izəm]\nn.\n【伊斯兰教】(19世纪伊朗的)巴哈教派(一译巴哈依教派)",,,,,0,0,,,
Bahaite,bə'hɑ:ait,,"n.\nBahai, Baha'i的变形\nBahai, Baha'i\n[bə'hɑ:i]\n【伊斯兰教】\nn.\n巴哈教派信徒\n=\nBahaism\n宣讲巴哈教派教义的人\nadj.\n巴哈教的；巴哈教派的\n巴哈教派信徒的\n变形：\nn.\nBaha'is",,,,,0,0,,,
Bahaites,bə'hɑ:ait,,"n.\nBahai, Baha'i的变形\nBahai, Baha'i\n[bə'hɑ:i]\n【伊斯兰教】\nn.\n巴哈教派信徒\n=\nBahaism\n宣讲巴哈教派教义的人\nadj.\n巴哈教的；巴哈教派的\n巴哈教派信徒的\n变形：\nn.\nBaha'is",,,,,0,0,,,
bahaization,,,[网络] 欺骗,,,,,0,0,,,
bahala na,,,[网络] 巴哈拉娜,,,,,0,0,,,
Bahalda,,,[地名] 伯赫尔达 ( 印 ),,,,,0,0,,,
"Baham, Pte.",,,[地名] 巴哈姆角 ( 马提 ),,,,,0,0,,,
bahama,bəˈhɑ:məz,,n. 巴哈马\n[网络] 芦荟凝胶；晒后镇定；比哈马,,,,,0,0,s:bahamas,,
Bahama Bank,,,[地名] 巴哈马浅滩 ( 英 ),,,,,0,0,,,
bahama cotton,,,巴哈马棉(西印度群岛及美国产),,,,,0,0,,,
bahama current,,,巴哈马海流,,,,,0,0,,,
Bahama grass,,,= Bermuda grass,,,,,0,0,s:bahama grasses,,
bahama grasses,,,Bahama grass\n= Bermuda grass,,,,,0,0,0:bahama grass/1:s,,
bahama hemp,,,巴哈马大麻,,,,,0,0,,,
Bahama Is.,,,[地名] 巴哈马群岛 ( 加勒 ),,,,,0,0,,,
Bahama Islands,bə'hɑ:mə,,巴哈马群岛 [亦作 Bahamas],,,,,0,0,s:bahama islandss,,
bahama islandss,bə'hɑ:mə,,Bahama Islands\n[bə'hɑ:mə]\n巴哈马群岛 [亦作 Bahamas],,,,,0,0,0:bahama islands/1:s,,
Bahama Ridge,,,[地名] 巴哈马海岭 ( 大西洋 ),,,,,0,0,,,
bahama white wood,,,白木,,,,,0,0,,,
Bahaman,,,[网络] 巴哈人,,,,,0,0,,,
Bahamans,bə'hɑ:mən,,n.\n巴哈马人\n变形：\nn.\nBahamen,,,,,0,0,,,
Bahamas,bә'hɑ:mәz,n. island country in the Atlantic to the east of Florida and Cuba; a popular winter resort,n. 巴哈马群岛,,,,,15946,0,s:bahamass,,
"Bahamas, The",,,巴哈马,,,,,0,0,,,
bahamass,bə'hɑ:məz,,"Bahamas\n[bə'hɑ:məz]\n巴哈马(拉丁美洲国家,首都拿骚)(= Bahama Islands)[全称the Commonwealth of the Bahamas 巴哈马联邦]",,,,,0,0,0:bahamas/1:s,,
Bahamian,bә'heimiәn,n. a native or inhabitant of the Bahamas\na. of or relating to or characteristic of the Bahama Islands or their inhabitants,n. 巴哈马人\na. 巴哈马(群岛)的,j:100,,,,48083,26179,s:bahamians,,
Bahamian dollar,,,巴哈马元（巴哈马流通的货币）,,,,,0,0,s:bahamian dollars,,
bahamian dollars,,,巴哈马元（巴哈马流通的货币）,,,,,0,0,0:bahamian dollar/1:s,,
Bahamianness,,,[网络] 巴哈曼尼斯,,,,,0,0,,,
Bahamians,bə'hɑ:miən,n. a native or inhabitant of the Bahamas,"a. , n. Bahamas的变形",,,,,0,0,0:bahamian/1:s,,
bahamite,bә'hɑ:mait,,[地质]巴哈马岩,,,,,0,0,,,
bahamonde,,,n. (Bahamonde)人名；(西)巴阿蒙德,,,,,0,0,,,
Bahan,,,[地名] 巴罕〈仰光〉 ( 缅 ),,,,,0,0,,,
bahane,,,[网络] 巴哈恩,,,,,0,0,,,
bahang,,,[网络] 巴港；最终报告,,,,,0,0,,,
bahar,,"n. A weight used in certain parts of the East Indies, varying\n   considerably in different localities, the range being from 223 to 625\n   pounds.",n. (Bahar)人名；(土、塞、以、德、阿富、伊朗、阿拉伯)巴哈尔,,,,,0,0,s:bahars,,
baharal,,,[网络] 巴哈拉,,,,,0,0,,,
Baharampur,,,[网络] 巴哈拉姆普尔；哈拉普,,,,,0,0,,,
baharano,,,[网络] 巴哈拉诺,,,,,0,0,,,
Bahardipur,,,巴哈迪浦,,,,,0,0,,,
bahareque,,,[网络] 巴哈雷克,,,,,0,0,,,
bahari,,,[网络] 巴哈利,,,,,0,0,,,
baharian,,,巴哈里安,,,,,0,0,,,
bahariya,,,[网络] 巴哈利亚；巴哈里亚；巴哈利雅,,,,,0,0,,,
bahariya oasis,,,巴哈里雅绿洲,,,,,0,0,,,
baharmast,,,[网络] 巴哈马德,,,,,0,0,,,
Baharna Arabic,,,[网络] 巴哈阿文,,,,,0,0,,,
bahars,,,[网络] 巴哈尔人,,,,,0,0,0:bahar/1:s,,
baharuddin,,,[网络] 哈鲁丁,,,,,0,0,,,
bahas,,,[网络] 巴哈斯；进行辩论,,,,,0,0,0:baha/1:s,,
bahasa,,n the dialect of Malay used as the national language of the Republic of Indonesia or of Malaysia,n. 印度尼西亚文；印尼语,,,,,0,0,s:bahasas,,
Bahasa Indonesia,,,印度尼西亚语,,,,,0,0,s:bahasa indonesias,,
bahasa indonesias,,,印度尼西亚语,,,,,0,0,0:bahasa indonesia/1:s,,
Bahasa Kebangsaan,,,[网络] Ke ang sa,,,,,0,0,s:bahasa kebangsaans,,
bahasa kebangsaans,,,[网络] Ke ang sa\n(bahasa kebangsaan 的复数),,,,,0,0,0:bahasa kebangsaan/1:s,,
Bahasa Malay,"məˈleɪ, ˈmeɪleɪ",,n. 马来人;马来语,,,,,0,0,,,
"Bahasa Malay, Bahasa Malaysia",bɑ:'hɑ:sə,,马来语(作为马来西亚官方语言的马来语方言),,,,,0,0,,,
Bahasa Malaysia,bəˌhɑ:sə mə'leɪʒə,,n. 马来语（指该国官方语言）\n[网络] 马来西亚语；马来文；国语,,,,,0,0,s:bahasa malaysias,,
bahasa malaysias,,,n. 马来语（指该国官方语言）\n[网络] 马来西亚语；马来文；国语\n(bahasa malaysia 的复数),,,,,0,0,0:bahasa malaysia/1:s,,
Bahasa Melayu,,,马来语,,,,,0,0,s:bahasa melayus,,
bahasa melayus,,,马来语\n(bahasa melayu 的复数),,,,,0,0,0:bahasa melayu/1:s,,
bahasas,,,n. 印度尼西亚文；印尼语\n(bahasa 的复数),,,,,0,0,0:bahasa/1:s,,
bahat,,,[网络] 巴哈姆特；巴卡特,,,,,0,0,,,
bahati,,,n. (Bahati)人名；(刚(金))巴哈蒂,,,,,0,0,,,
bahau,bə'hau,,n. 伯豪族；伯豪人,,,,,0,0,,,
bahauddin,,,n. (Bahauddin)人名；(阿拉伯、巴基)巴哈丁,,,,,0,0,,,
Bahaullah,bɑ:ˌhɑ:ʊˈlɑ:,,"巴哈安拉(波斯的宗教领袖, 他是巴布的追随者并创立了巴哈教派(1863年))",,,,,0,0,,,
Bahawalnagar,,,un. 巴哈瓦尔纳加(巴基斯坦东部一城镇)\n[网络] 巴哈瓦尔那加；巴哈瓦尔普尔；巴哈瓦尔布尔,,,,,0,0,,,
Bahawalpur,bə'hɑ:wəlpuə,,n. 巴哈瓦尔布尔（巴基斯坦东部一城市）,,,,,0,0,s:bahawalpurs,,
bahawalpurs,bə'hɑ:wəlpuə,,Bahawalpur\n[bə'hɑ:wəlpuə]\n巴哈瓦尔布尔(巴基斯坦东部城市),,,,,0,0,0:bahawalpur/1:s,,
bahbah,,,[网络] 慷慨,,,,,0,0,,,
bahcall,,,[网络] 巴考尔,,,,,0,0,,,
Bahce,,,巴希,,,,,0,0,,,
Bahcekoy,,,巴西科伊,,,,,0,0,,,
Bahceli,,,巴希利,,,,,0,0,,,
bahdon,,,巴赫敦,,,,,0,0,s:bahdons,,
bahdons,,,巴赫敦\n(bahdon 的复数),,,,,0,0,0:bahdon/1:s,,
bahe,,, [地名] [缅甸] 巴赫,,,,,0,0,,,
Bahe Formation,,,灞河组,,,,,0,0,,,
baher,,,[网络] 巴哈,,,,,0,0,,,
bahera,"'bʌhә,rɑ:",,[植]红果榄仁树,,,,,0,0,,,
baherden (bakharden),,,巴赫登,,,,,0,0,,,
Baheri,,,[地名] 伯黑里 ( 印 ),,,,,0,0,,,
bahetis,,,[网络] 巴哈伊,,,,,0,0,,,
bahgat,,,n. (Bahgat)人名；(阿拉伯)巴赫贾特,,,,,0,0,,,
Bahgul R.,,,[地名] 伯赫古尔河 ( 印 ),,,,,0,0,,,
Bahi,,,[地名] 巴希 ( 坦桑 ),,,,,0,0,,,
Bahi Swamp,,,[地名] 巴希沼泽 ( 坦桑 ),,,,,0,0,,,
Bahia,,,n. 巴伊亚（巴西北部的一个省份）,,,,,43414,0,s:bahias,,
bahia (salvador),,,巴伊亚(萨尔瓦多),,,,,0,0,,,
Bahia arrowroot,,,木薯粉,,,,,0,0,,,
Bahia Blanca,,,布兰卡港,,,,,0,0,s:bahia blancas,,
bahia blancas,,,布兰卡港\n(bahia blanca 的复数),,,,,0,0,0:bahia blanca/1:s,,
bahia bufadero,,,布法德洛港,,,,,0,0,,,
bahia bustamante,,,布斯塔曼提港,,,,,0,0,,,
bahia cotton,,,巴伊亚棉(巴西产),,,,,0,0,,,
bahia de caraquez,,,加拉圭士港,,,,,0,0,,,
bahia de cochinos,,,[网络] 猪湾事件,,,,,0,0,,,
Bahia de los Cochinos,,,[网络] 猪湾；猪海湾事件；试图入侵猪湾,,,,,0,0,,,
Bahia grass,,,百喜草；巴哈雀稗,,,,,0,0,s:bahia grasses,,
bahia grasses,,,百喜草；巴哈雀稗,,,,,0,0,0:bahia grass/1:s,,
Bahia Honda Pt.,,,[地名] 巴伊亚翁达角 ( 菲 ),,,,,0,0,,,
bahia kino,,,基诺港,,,,,0,0,,,
bahia laura,,,劳拉港,,,,,0,0,,,
Bahia piassava,,,[网络] 巴伊亚piassava,,,,,0,0,s:bahia piassavas,,
bahia piassavas,,,[网络] 巴伊亚piassava\n(bahia piassava 的复数),,,,,0,0,0:bahia piassava/1:s,,
bahia san blas,,,圣布拉斯港,,,,,0,0,,,
bahia solano,,,索拉诺港,,,,,0,0,,,
bahia tortugas,,,托图加斯港,,,,,0,0,,,
Bahia wood,,,= brazil wood,,,,,0,0,,,
"Bahia, Estado da",,,[地名] 巴伊亚州 ( 巴西 ),,,,,0,0,,,
bahiagrass,,,[网络] 百喜草；巴哈雀稗；百幕大,,,,,0,0,,,
bahiaite,"bә'hi:ә,ait",,[地质]橄闪紫苏岩,,,,,0,0,,,
Bahian,bɑ:'hi:ən,,"a. , n. Bahia的变形",j:100,,,,0,33996,,,
bahiana,,,[网络] 巴希亚纳,,,,,0,0,,,
bahianite,,,n. 羟铝锑矿,,,,,0,0,,,
bahians,bɑ:'hi:ən,,"adj., n. Bahia的变形",,,,,0,0,,,
bahianus,,,[网络] 月尾刺尾鱼,,,,,0,0,,,
bahias,bɑ:'hi:ə,,Bahia\n[bɑ:'hi:ə]\n巴伊亚州(巴西东部的州，首府萨尔瓦多)\n巴伊亚(巴西萨尔瓦多的旧称) [见 São Salvador],,,,,0,0,0:bahia/1:s,,
bahiensis,,,[网络] 背斑燕鳐；巴西吻沙丁鱼,,,,,0,0,,,
Bahillo,,,巴伊约,,,,,0,0,,,
Bahin,,,[地名] 巴欣 ( 缅 ),,,,,0,0,,,
Bahindi,,,[地名] 巴欣迪 ( 尼日利 ),,,,,0,0,,,
bahini,,,[网络] 妹妹,,,,,0,0,s:bahinis,,
bahinis,,,[网络] 妹妹\n(bahini 的复数),,,,,0,0,0:bahini/1:s,,
bahir,,,n. (Bahir)人名；(土)巴希尔,,,,,0,0,,,
Bahir Dar,,,[地名] 巴赫达尔 ( 埃塞 ),,,,,0,0,,,
bahjat,,,[网络] 巴哈特,,,,,0,0,,,
bahktin,,,[网络] 巴赫金,,,,,0,0,,,
bahl,,,n. (Bahl)人名；(德、英)巴尔,,,,,0,0,,,
bahla,,,[网络] 巴赫拉；阿曼,,,,,0,0,,,
bahlkes,,,[网络] 罢工,,,,,0,0,,,
bahlmann,,,[网络] 巴尔曼,,,,,0,0,,,
bahloul,,,[网络] 巴卢,,,,,0,0,,,
bahls,,,[网络] 铢,,,,,0,0,,,
Bahlui,,,[地名] 巴赫卢伊河 ( 罗 ),,,,,0,0,,,
bahm,,,abbr. Bahamas (whose capital is Nassau) 巴哈马（群岛国）（首都为拿骚）,,,,,0,0,,,
bahman,,,n. (Bahman)人名；(伊朗、罗)巴赫曼,,,,,0,0,,,
Bahmani,,,[网络] 巴曼,,,,,0,0,,,
"Bahmanshīr, Khowr-e",,,[地名] 巴赫曼希尔河口 ( 伊朗 ),,,,,0,0,,,
bahmanyari-ye gharbi,,,巴赫曼亚里耶加比,,,,,0,0,,,
Bahmanī Sultanate,,,[地名] *巴赫曼苏丹国 ( 南亚 ),,,,,0,0,,,
bahmia cotton,,,巴米亚海岛棉(阿联产),,,,,0,0,,,
bahmueller,,,[网络] 芭妙勒,,,,,0,0,s:bahmuellers,,
bahmuellers,,,[网络] 芭妙勒\n(bahmueller 的复数),,,,,0,0,0:bahmueller/1:s,,
bahn,,,n. (Bahn)人名；(德、法)巴恩,,,,,0,0,,,
bahn metal,,,(铅基)轴承合金,,,,,0,0,,,
bahnaluminium,",bɑ:n,ælju'miniәm",,[冶]巴恩铝铜合金,,,,,0,0,,,
Bahnaya,,,巴赫纳亚,,,,,0,0,,,
bahnhof,,,[网络] 火车站；火车站叫；霍夫,,,,,0,0,s:bahnhofs,,
bahnhofs,,,[网络] 火车站；火车站叫；霍夫\n(bahnhof 的复数),,,,,0,0,0:bahnhof/1:s,,
bahnhofstrasse,,,班霍夫街,,,,,0,0,s:bahnhofstrasses,,
bahnhofstrasses,,,班霍夫街\n(bahnhofstrasse 的复数),,,,,0,0,0:bahnhofstrasse/1:s,,
Bahnmetal,,,巴恩铅基轴承合金,,,,,0,0,,,
bahns,,,[网络] 澡堂,,,,,0,0,,,
bahnsen,,,n. (Bahnsen)人名；(德)巴恩森,,,,,0,0,,,
bahnung,,,[医] 接通,,,,,0,0,,,
bahoh,,,abbr. British Association of the Hard of Hearing 英国聋人协会,,,,,0,0,,,
Bahomonte,,,巴贺蒙提,,,,,0,0,,,
Bahon,,,巴宏,,,,,0,0,,,
bahoo,,,[网络] 赖获浒,,,,,0,0,,,
bahooey,,bahooey (uncountable)\n(slang) Synonym of hooey.\n,,,,,,0,0,,,
bahorok,,,巴霍洛焚风,,,,,0,0,,,
Bahoruco,,,包路科,,,,,0,0,,,
bahr,bɑ:,,"[阿拉伯]水体(湖河或海), 深泉水",,,,,0,0,s:bahrs,,
bahr al-ghazal,,,[网络] 扎加勒河；加扎勒河,,,,,0,0,,,
Bahr el Ghazal,"ˌbeə ˌel gəˈzæl, ˌbɑ: ˌel gɑ:ˈzɑ:l",,"巴赫尔-加扎勒(苏丹西南部的一条河流, 流程约805公里(500英里), 向东注入诺湖, 在此与巴赫尔-贾布里勒河汇合)",,,,,0,0,,,
Bahr el Jebel,ˈdʒebəl,,"巴赫尔-贾布里勒(苏丹南部的一条河流, 流程约956公里(594英里)。是白尼罗河的一部分)",,,,,0,0,,,
Bahr.,,,n. 深泉水\n[网络] 余下全文,,,,,0,0,,,
Bahrah,,,巴赫拉,,,,,0,0,,,
Bahraich,,,[地名] 巴赫赖奇 ( 印 ),,,,,0,0,,,
Bahrain,,n. an island in the Persian Gulf\nn. an island country in the Persian Gulf off the coast of Saudi Arabia; oil revenues funded progressive programs until reserves were exhausted in 1970s,n. 巴林岛,,,,,17042,0,s:bahrains,,
bahrain (bahrein),,,巴林,,,,,0,0,,,
Bahrain dinar,,,巴林第纳尔（巴林货币单位）,,,,,0,0,s:bahrain dinars,,
bahrain dinars,,,巴林第纳尔（巴林货币单位）,,,,,0,0,0:bahrain dinar/1:s,,
Bahrain Island,,,"un. 巴林岛(巴林国的主岛,多泉水、产石油)\n[网络] 王国和巴林岛",,,,,0,0,s:bahrain islands,,
bahrain islands,,,"un. 巴林岛(巴林国的主岛,多泉水、产石油)\n[网络] 王国和巴林岛\n(bahrain island 的复数)",,,,,0,0,0:bahrain island/1:s,,
"Bahrain, Bahrein",bɑ:'rein,,巴林(群岛)(亚洲波斯湾西部小酋长国，首都麦纳麦)[全称the State of Bahrain 巴林国]；巴林岛(巴林群岛中最大的岛屿),,,,,0,0,,,
Bahraini,,n. a native or inhabitant of Bahrain\na. of or relating to or characteristic of Bahrain or its people or language,a. 巴林岛的；与巴林岛有关的,j:100,,,,0,41789,s:bahrainis,,
"Bahraini, Bahrainis",,,"n. Bahraini, Bahreini的变形",,,,,0,0,,,
"Bahraini, Bahreini",bɑ:'reini,,n. 巴林(岛)人\nadj. 巴林岛的，与巴林群岛有关的,,,,,0,0,,,
Bahrainian monetary unit,,,[网络] 巴林货币单位,,,,,0,0,s:bahrainian monetary units,,
bahrainian monetary units,,,[网络] 巴林货币单位\n(bahrainian monetary unit 的复数),,,,,0,0,0:bahrainian monetary unit/1:s,,
Bahrainis,bɑ:'reini,n. a native or inhabitant of Bahrain,"n. 巴林(岛)人\na. 巴林岛的, 与巴林群岛有关的",,,,,0,0,0:bahraini/s:bahrainiss,,
bahrainiss,,,"n. 巴林(岛)人\na. 巴林岛的, 与巴林群岛有关的\n(bahrainis 的复数)",,,,,0,0,0:bahrainis/1:s,,
bahrainonline,,,[网络] 巴林线,,,,,0,0,,,
bahrains,,,abbr. Bahrain Islands in the Persian Gulf between Qatar and Saudi Arabia 位于卡塔尔和沙特阿拉伯之间波斯湾的巴林群岛,,,,,0,0,0:bahrain/1:s,,
bahram,,,n. (Bahram)人名；(伊朗)巴赫拉姆,,,,,0,0,,,
Bahramabad,,,巴拉马巴德,,,,,0,0,,,
Bahramghat,,,巴兰加特,,,,,0,0,,,
bahrami,,,[网络] 巴哈拉米,,,,,0,0,,,
Bahramjerd,,,巴赫兰杰德,,,,,0,0,,,
Bahramtapa,,,巴赫兰塔帕,,,,,0,0,,,
bahrani,,,[网络] 巴哈拉尼,,,,,0,0,,,
Bahrdorf,,,[地名] 巴尔多夫 ( 德 ),,,,,0,0,,,
bahre,,,巴雷,,,,,0,0,,,
Bahrein,,n an island in the Persian Gulf\nn an island country in the Persian Gulf off the coast of Saudi Arabia; oil revenues funded progressive programs until reserves were exhausted in 1970s,n. 巴林岛,,,,,0,0,s:bahreins,,
bahrein i.,,,巴林岛,,,,,0,0,,,
Bahrein Island,,,[网络] 巴林岛,,,,,0,0,s:bahrein islands,,
bahrein islands,,,n. 巴林群岛,,,,,0,0,0:bahrein island/1:s,,
Bahreini,bɑ:'reini,n. a native or inhabitant of Bahrain,"n. 巴林(岛)人\na. 巴林岛的, 与巴林群岛有关的",,,,,0,0,s:bahreinis,,
bahreinis,bɑ:'reini,,"Bahraini, Bahreini\n[bɑ:'reini]\nn.\n巴林(岛)人\nadj.\n巴林岛的，与巴林群岛有关的\n变形：\nn.\nBahraini, Bahrainis",,,,,0,0,0:bahreini/1:s,,
bahreins,,,n. 巴林岛（巴林群岛中最大的岛屿）,,,,,0,0,0:bahrein/1:s,,
Bahrenborstel,,,[地名] 巴伦博斯特尔 ( 德 ),,,,,0,0,,,
bahrenburg,,,[网络] 巴伦堡,,,,,0,0,,,
Bahrenfleth,,,[地名] 巴伦弗莱特 ( 德 ),,,,,0,0,,,
Bahrenhof,,,[地名] 巴伦霍夫 ( 德 ),,,,,0,0,,,
bahri,,,[网络] 黎国；马穆鲁克伯海里王朝；巴里,,,,,0,0,,,
bahrick,,,[网络] 巴利克,,,,,0,0,,,
bahrke,,,巴尔克,,,,,0,0,,,
bahrman,,,巴尔曼,,,,,0,0,,,
bahro,,,[网络] 家巴尔罗；巴洛,,,,,0,0,s:bahroes,,
bahroes,,,[网络] 家巴尔罗；巴洛\n(bahro 的复数),,,,,0,0,0:bahro/1:s,,
bahron,,,[网络] 巴伦,,,,,0,0,,,
Bahror,,,巴洛尔,,,,,0,0,,,
bahrs,,,巴尔斯,,,,,0,0,0:bahr/1:s,,
Bahru,,,[网络] 巴鲁,,,,,0,0,s:bahrus,,
bahrus,,,[网络] 巴鲁\n(bahru 的复数),,,,,0,0,0:bahru/1:s,,
Bahrāmghāt,,,[地名] 巴赫拉姆卡德 ( 印 ),,,,,0,0,,,
Bahrāmjerd,,,[地名] 巴赫拉姆杰尔德 ( 伊朗 ),,,,,0,0,,,
Bahrāmābād,,,[地名] 巴赫拉马巴德 ( 伊朗 ),,,,,0,0,,,
bahs,,,abbr. British Agricultural History Society 英国农业史学会; butoctamide hydrogen succinate 布酰胺氢琥珀酸盐,,,,,0,0,,,
baht,bɑ:t,n. the basic unit of money in Thailand,n. 铢(泰国货币单位),n:100,,,,0,30699,s:bahts,,
bahts,,,"铢（泰国货币单位）, 铢的硬币( baht的名词复数 )",,,,,0,0,0:baht/1:s,,
bahu,,,[网络] 肩膀；背；手臂,,,,,0,0,,,
bahu kalat,,,巴胡卡来,,,,,0,0,,,
Bahubali,,,[网络] 巴里,,,,,0,0,,,
"Bahuluang, Pulau",,,[地名] 巴胡卢昂岛 ( 印尼 ),,,,,0,0,,,
Bahupatra,,,叶下珠属,,,,,0,0,,,
Bahurim,,,[网络] 巴户琳；巴胡陵,,,,,0,0,,,
bahus,,,[网络] 大吼,,,,,0,0,,,
bahusutrabeeja angularis,,,稜角状球孢菌,,,,,0,0,,,
bahusutrabeeja dwaya,,,附细针球孢菌,,,,,0,0,,,
bahut,'bɑ:hut,,橱[柜],,,,,0,0,,,
bahuts,'bɑːhʊt,,墙的圆形压顶\n橱,,,,,0,0,,,
Bahutu,bәhu:'tu:,,布隆迪和卢旺达农民,,,,,0,0,,,
bahuvrihi,",bɑ:hu:'vri:hi:",,n. [语]性状复合词,,,,,0,0,,,
bahuvrihis,,,[网络] 宾词都是所属复合词；所有复合词；提喻型,,,,,0,0,,,
Bahuwa,,,[地名] 伯胡瓦河 ( 印 ),,,,,0,0,,,
bahyrousa babyrussa,,,迷你猪,,,,,0,0,,,
bahzell,,,[网络] 巴赫尔,,,,,0,0,,,
Bahādurganj,,,[地名] 巴哈杜尔根杰 ( 尼、印 ),,,,,0,0,,,
Bahādurgarh,,,[地名] 巴哈杜尔格尔 ( 印 ),,,,,0,0,,,
Bahādurpur,,,[地名] 巴哈杜尔布尔 ( 巴基、印 ),,,,,0,0,,,
Bahār,,,[地名] 巴哈尔 ( 伊朗 ),,,,,0,0,,,
Bahārdipur,,,[地名] 伯哈尔迪布尔 ( 巴基 ),,,,,0,0,,,
Bahārestān,,,[地名] 巴哈雷斯坦 ( 阿富、伊朗 ),,,,,0,0,,,
Bahāwalnagar,,,[地名] 巴哈瓦尔讷格尔 ( 巴基 ),,,,,0,0,,,
Bahāwalpur,,,[地名] 巴哈瓦尔布尔 ( 巴基 ),,,,,0,0,,,
bai,bai,n. the Tibeto-Burman language spoken in the Dali region of Yunnan,n. 黄雾,,,,,0,0,s:bai,,
"Bai Bung, Mui",,,[地名] *拜蓬角(金瓯角的旧称) ( 越 ),,,,,0,0,,,
"Bai Can, Hon",,,[地名] 浅滩岛 ( 越 ),,,,,0,0,,,
bai ji,,,白暨豚,,,,,0,0,,,
Bai Juyi,,,白居易；唐朝诗人,,,,,0,0,,,
bai khan,,,拜克罕,,,,,0,0,,,
bai thuong,,,拜尚,,,,,0,0,,,
Bai Ti,,,白体,,,,,0,0,,,
Bai Tong Tang,,,[中医] 白通汤,,,,,0,0,,,
Bai Xuyen,,,[地名] 拜川 ( 越 ),,,,,0,0,,,
BAI YAN,,,[家具] 百眼式家具,,,,,0,0,,,
bai-u,'baɪj'u:,, [医]梅雨,,,,,0,0,,,
bai-u rainy period,,,梅雨期,,,,,0,0,,,
Bai.,,,n. 柏；畜产工业局\n[网络] 柏安；笔；菜台,,,,,0,0,,,
baia,,,n. (Baia)人名；(阿拉伯、葡、意、罗)巴亚,,,,,0,0,s:baias,,
baia de arama,,,巴雅阿拉马,,,,,0,0,,,
Baia de Aramǎ,,,[地名] 巴亚德阿拉默 ( 罗 ),,,,,0,0,,,
baia de aries,,,巴雅阿里斯,,,,,0,0,,,
baia de cris,,,巴雅克里斯,,,,,0,0,,,
baia delle zagare,,,巴雅札加雷,,,,,0,0,,,
baia dos tigres,,,巴雅提格雷斯,,,,,0,0,,,
baia farta,,,巴雅法塔,,,,,0,0,,,
Baia Mare,,,[地名] 巴亚马雷 ( 罗 ),,,,,0,0,,,
Baia Sprie,,,[地名] 巴亚斯普列 ( 罗 ),,,,,0,0,,,
Baia-Mare,ˈbɑ:jəˈmɑ:rə,,"巴亚马雷(罗马尼亚西北部一城市, 位于克卢日北部。是一个工业中心及受欢迎的疗养胜地。人口129, 719)",,,,,0,0,,,
Baia-Sprie,,,巴雅斯普里耶,,,,,0,0,,,
baiae,'beiji:,,巴亚(意大利坎帕尼亚的古代城市),,,,,0,0,,,
Baiama,,,[地名] 巴亚马 ( 塞拉 ),,,,,0,0,,,
baiane,,,[网络] 巴尔安；拜昂；海马拜安,,,,,0,0,,,
