garnett,'ɡɑ:nit,,vt. 扯松（废料）,,,,,24054,0,,,
garnett machine,,,打回丝机,,,,,0,0,,,
garnett wire,,,"锯齿钢丝,钢刺条",,,,,0,0,,,
"Garnett, Constance Black",'ɡɑ:nit,,加尼特(1862～1946，英国女翻译家),,,,,0,0,,,
"Garnett, Kevin",,,[网络] 加内特,,,,,0,0,,,
garnette,,,[网络] 加内特,,,,,0,0,,,
garnetted,'ɡɑrnɪt,,vt. 扯松（废料）\nn. 碎呢松开机；打回丝机\nn. (Garnett)人名；(英、西、意)加尼特,,,,,0,0,,,
garnetted stock,,,回收纤维,,,,,0,0,,,
garnetted waste,,,回丝再生毛,,,,,0,0,,,
garnetting,,,扯松,,,,,0,0,,,
garnetting machine,,, 扯松机,,,,,0,0,,,
garnetts,'ɡɑrnɪt,,vt. 扯松（废料）\nn. 碎呢松开机；打回丝机\nn. (Garnett)人名；(英、西、意)加尼特,,,,,0,0,,,
garnety,,,[网络] 顺利,,,,,0,0,,,
garney,,,[网络] 加尼--姓氏,,,,,0,0,,,
Garnham,,,n. (Garnham)人名；(英)加纳姆,,,,,45587,0,,,
garni,^ɑ:'ni:,,a. [烹](菜肴)配有饰菜的,,,,,0,0,s:garnis,,
garnica,,,[网络] 加尼卡,,,,,0,0,,,
Garnich,,,[地名] 加尼希 ( 卢森 ),,,,,0,0,,,
garnick,,, [人名] 加尼克,,,,,0,0,,,
Garnier,,n. French architect (1825-1898),n. 加尼尔（法国化妆品品牌）；加尼叶（法国建筑师）,,,,,46985,0,s:garniers/0:garny/1:r,,
garnier halloysite,,,葛尼禾乐石,,,,,0,0,,,
garnierite,'^ɑ:niәrait,n a green mineral consisting of hydrated nickel magnesium silicate; a source of nickel,n. [矿]硅镁镍矿,,,,,0,0,s:garnierites,,
garnierite deposit,,,硅镁镍矿床,,,,,0,0,,,
garnierites,'gɑːnɪəraɪt; gɑː'nɪəraɪt,,n. [矿物] 硅镁镍矿,,,,,0,0,0:garnierite/1:s,,
garniers,,,n. 加尼尔（法国化妆品品牌）；加尼叶（法国建筑师）,,,,,0,0,0:garnier/1:s,,
garnies,,plural of garny,(garny 的复数) 加尔尼,,,,,0,0,0:garny/1:s3,,
garniest,,,加尔尼\n(garny 的最高级),,,,,0,0,0:garny/1:t,,
garnirite,ɡɑː'nɪraɪt,,n. 硅镁镍矿,,,,,0,0,,,
garnis,,,[网络] 加尼斯,,,,,0,0,0:garni/1:s,,
garnish,'gɑ:niʃ,n. something (such as parsley) added to a dish for flavor or decoration\nn. any decoration added as a trimming or adornment,"n. 装饰, 装饰品\nvt. 装饰",n:43/v:57,1,,toefl gre,16756,9470,p:garnished/d:garnished/i:garnishing/s:garnishes/3:garnishes,,
garnish bolt,,,装饰螺栓,,,,,0,0,,,
garnish rail,,,装饰轨,,,,,0,0,,,
garnish vegetable,,,饰菜用蔬菜,,,,,0,0,,,
garnish with,,,用…作为(食物的)花色配菜；用…给(文章)润色，文饰,,,,,0,0,,,
garnished,ˈgɑ:nɪʃt,"v take a debtor's wages on legal orders, such as for child support\nv decorate (food), as with parsley or other ornamental foods",v. 给（上餐桌的食物）加装饰( garnish的过去式和过去分词 ),j:100,,,,0,39876,0:garnish/1:pd,,
garnished wages,,,[经] 扣发工资,,,,,0,0,,,
garnishee,.gɑ:ni'ʃi:,"n. a wage earner who is served with a garnishment\nv. take a debtor's wages on legal orders, such as for child support","n. 第三债务人\nvt. 下达扣押令, 扣押",,,,,0,0,i:garnisheeing/p:garnisheed/3:garnishees/d:garnisheed/s:garnishees,,
garnishee order,,,[经] (送达第三债务的)扣押令,,,,,0,0,,,
garnishee proceedings,,,[法] 扣押第三债务人保管的财产的诉讼,,,,,0,0,,,
garnishee summons,,,第三债务人传票,,,,,0,0,,,
garnisheed,ˌɡɑ:niˈʃi:d,imp. & p. p. of Garnishee,v. 扣押( garnishee的过去式和过去分词 ),,,,,0,0,1:pd/0:garnishee,,
garnisheeing,ˌɡɑ:niˈʃi:ɪŋ,p. pr. & vb. n. of Garnishee,v. 扣押( garnishee的现在分词 ),,,,,0,0,1:i/0:garnishee,,
garnisheement,",ɡɑ:ni'ʃi:",,"garnisheement\nn.\ngarnishee的变形\ngarnishee\n[,ɡɑ:ni'ʃi:]\nn.\n【法律】第三债务人(根据法院扣押债务人财产者)\nvt.\n【法律】\n扣押(债务人的财产)；扣发(债务人的工资)\n通知(受托人)扣押债务人的财产，向(第三债务人)下扣押令\n变形：\nvt.\ngarnisheed\n. garnisheeing",,,,,0,0,,,
garnishees,,"n a wage earner who is served with a garnishment\nv take a debtor's wages on legal orders, such as for child support",vt. 扣押（garnishee的第三人称单数形式）,,,,,0,0,1:3/0:garnishee,,
garnisher,,"n. One who, or that which, garnishes.",[法] 通知扣押被告财产的人,,,,,0,0,,,
garnishers,'ɡɑ:niʃə,,n.\n装饰者，装潢者\n【法律】(对第三债务人)发布扣押令者；发布扣押债务人财产(或债务人的工资)通知者,,,,,0,0,,,
garnishes,ˈgɑ:nɪʃiz,"n something (such as parsley) added to a dish for flavor or decoration\nn any decoration added as a trimming or adornment\nv take a debtor's wages on legal orders, such as for child support\nv decorate (food), as with parsley or other ornamental foods","n. （为色香味而添加的）装饰菜( garnish的名词复数 ); 装饰, 装饰品\nv. 给（上餐桌的食物）加装饰( garnish的第三人称单数 )",,,,,0,0,1:s3/0:garnish,,
garnishing,ˈgɑ:nɪʃɪŋ,p. pr. & vb. n. of Garnish,v. 给（上餐桌的食物）加装饰( garnish的现在分词 ),,,,,0,0,0:garnish/1:i,,
garnishings,,,[网络] 配菜,,,,,0,0,,,
garnishment,'gɑ:niʃmәnt,n. a court order to an employer to withhold all or part of an employee's wages and to send the money to the court or to the person who won a lawsuit against the employee,"n. 装饰(品), (对第三债务人)扣押债权通知, (对第三债务人)出庭传票\n[经] 扣押令",n:100,,,,0,44955,s:garnishments,,
garnishment of wages,,,[法] 扣押工资令,,,,,0,0,,,
garnishments,,,n. 装饰，装饰品( garnishment的名词复数 ),,,,,0,0,0:garnishment/1:s,,
garnishor,,,[网络] 装饰品,,,,,0,0,,,
garnishors,,,[网络] 配件,,,,,0,0,,,
garnishry,'^ɑ:niʃri,,"n. 装饰品, 装饰",,,,,0,0,,,
garnisht,,,[网络] 装饰品,,,,,0,0,,,
garnison,,,[网络] 卫戍,,,,,0,0,,,
garniture,'gɑ:nitʃә,v. t. That which garnishes; ornamental appendage;\n   embellishment; furniture; dress.,"n. 附属品, 添加物, 服装",,,,,0,0,s:garnitures,,
garniture of boiler,,,锅炉附件,,,,,0,0,,,
garnitures,,plural of garniture\nv. t. That which garnishes; ornamental appendage;\n   embellishment; furniture; dress.,"(garniture 的复数) n. 附属品, 添加物, 服装",,,,,0,0,0:garniture/1:s,,
"Garnock, River",,,[地名] 加诺克河 ( 英 ),,,,,0,0,,,
garnon,,, [人名] 加农,,,,,0,0,,,
garnons,,, [人名] [英格兰人姓氏] 加农斯 Garnon的变体,,,,,0,0,,,
Garnotia,,,n. 耳稃草属,,,,,0,0,,,
Garnotia acutigluma,,,[网络] 锐颖葛氏草,,,,,0,0,,,
Garnotia caespitosa,,,n. 丛茎耳稃草,,,,,0,0,,,
Garnotia ciliata,,,n. 纤毛耳稃草,,,,,0,0,,,
Garnotia fragilis,,,n. 脆枝耳稃草,,,,,0,0,,,
Garnotia maxima,,,n. 大耳稃草,,,,,0,0,,,
Garnotia mutica,,,n. 无芒耳稃草,,,,,0,0,,,
Garnotia patula,,,n. 耳稃草,,,,,0,0,,,
Garnotia tenuis,,,n. 细弱耳稃草,,,,,0,0,,,
Garnotia triseta,,,n. 三芒耳稃草,,,,,0,0,,,
garns,ɡɑːn,,garn\n[ɡɑ:n]\ninterj.\n[英国俚语]去你的!别胡说!(用于表示怀疑),,,,,0,0,0:garn/1:s,,
Garnsdorffite,,,钟乳铁矾,,,,,0,0,,,
garnsdorfite,,,n. 钟乳铁矾,,,,,0,0,,,
garnsey,,, [人名] 加恩西,,,,,0,0,s:garnseys,,
garnseys,,, [人名] 加恩西\n(garnsey 的复数),,,,,0,0,0:garnsey/1:s,,
Garnwerd,,,[地名] 哈伦韦德 ( 荷 ),,,,,0,0,,,
garnwin,,,[网络] 加恩温,,,,,0,0,,,
garny,,,加尔尼,,,,,0,0,s:garnies/r:garnier/t:garniest,,
Garo,,,[网络] 牙狼；加罗；加罗族,,,,,0,0,,,
Garo Hills,,,[网络] 加洛丘陵；加罗丘陵；梅加拉亚邦,,,,,0,0,,,
Garoafa,,,[地名] 加罗阿法 ( 罗 ),,,,,0,0,,,
garofalo,,,[网络] 加罗法洛；加罗法洛家族；康乃馨,,,,,0,0,s:garofaloes,,
garofaloes,,,[网络] 加罗法洛；加罗法洛家族；康乃馨\n(garofalo 的复数),,,,,0,0,0:garofalo/1:s,,
garofoli,,,[网络] 嘉露芙；加洛弗里,,,,,0,0,,,
garofolo,,,n. (Garofolo)人名；(意)加罗福洛,,,,,0,0,,,
Garoga,,,[地名] 加罗加 ( 印尼 ),,,,,0,0,,,
Garola,,,[地名] 加罗拉 ( 印 ),,,,,0,0,,,
garon,,,[网络] 荷叶花边；加容；画论,,,,,0,0,s:garons,,
"Garona, R.",,,[地名] 加罗纳河 ( 西 ),,,,,0,0,,,
Garonne,^ә'rɔn,n. a river that rises in the Pyrenees and flows northwest to the Bay of Biscay,n. 加伦河(位于法国西南部),,,,,43954,0,s:garonnes,,
Garonne River,,,[网络] 加伦河；加龙河；加隆河,,,,,0,0,s:garonne rivers,,
garonne rivers,,,[网络] 加伦河；加龙河；加隆河\n(garonne river 的复数),,,,,0,0,0:garonne river/1:s,,
garonnes,ɡə'rɔn,,n. 加伦河（位于法国西南部）,,,,,0,0,0:garonne/1:s,,
garons,,,[网络] 加龙；加隆村,,,,,0,0,0:garon/1:s,,
Garoowe,,,[地名] 加罗韦 ( 索 ),,,,,0,0,,,
Garopaba,,,[地名] 加罗帕巴 ( 巴西 ),,,,,0,0,,,
"Garopaba, L.",,,[地名] 加罗帕巴湖 ( 巴西 ),,,,,0,0,,,
garope,,,[网络] 高调,,,,,0,0,,,
garos,'^ærәs,,发酵鱼露,,,,,0,0,,,
garosamine,,,加拉糖胺,,,,,0,0,,,
garot,,,[网络] 轲侯；食品部轲侯,,,,,0,0,s:garots,,
garote,^ә'rɔt,,n. (=garrote)西班牙的绞刑具,,,,,0,0,,,
garoted,ɡə'rəut,,"garote\n[ɡə'rəut]\nn., vt.\n-roted,-roting = garrote",,,,,0,0,,,
garotes,ɡə'rəut,,n. 西班牙的绞刑具（等于garrote）,,,,,0,0,,,
garotethans,,,[网络] 大胡子,,,,,0,0,,,
garotilha,,,[医] 巴西家畜炭疽,,,,,0,0,,,
garoting,ɡə'rəut,,"garote\n[ɡə'rəut]\nn., vt.\n-roted,-roting = garrote",,,,,0,0,,,
garots,,,[网络] 轲侯；食品部轲侯\n(garot 的复数),,,,,0,0,0:garot/1:s,,
garotte,^ә'rɔt,n an instrument of execution for execution by strangulation\nv strangle with an iron collar,"n. 西班牙的绞刑具, 上述绞刑",,,,,0,0,s:garottes,,
garotted,ɡə'rɔt,,"n., vt.\n-rotted.-rotting = garrote",,,,,0,0,,,
garotter,,,n. 西班牙的绞刑（具） (garotte的变形),,,,,0,0,s:garotters,,
garotters,,plural of garotter,(garotter 的复数) n. 西班牙的绞刑（具） (garotte的变形),,,,,0,0,0:garotter/1:s,,
garottes,ɡə'rɔt,,n. 西班牙的绞刑（具）,,,,,0,0,0:garotte/1:s,,
garotting,,,[网络] 缳首死刑；环首死刑,,,,,0,0,s:garottings,,
garottings,,,[网络] 跑步,,,,,0,0,0:garotting/1:s,,
garou,,, [地名] [贝宁] 加鲁,,,,,0,0,,,
"Garou, L.",,,[地名] 加鲁湖 ( 马里 ),,,,,0,0,,,
Garoua,,,[地名] 加鲁阿 ( 喀、尼日尔 ),,,,,0,0,,,
garoupa,,,[网络] 石斑鱼；石班；东南亚常见的白鱼,,,,,0,0,,,
garouper,,,n. 石斑鱼,,,,,0,0,,,
garous,,"garous (comparative more garous, superlative most garous)\nRelating to, or resembling, garum.\n",,,,,,0,0,,,
garouse,,,[网络] 家眷者就决意将威雀,,,,,0,0,,,
garouste,,,[网络] 胡斯特,,,,,0,0,s:garoustes,,
garoustes,,,[网络] 胡斯特\n(garouste 的复数),,,,,0,0,0:garouste/1:s,,
garoutte,,, [人名] 加鲁特,,,,,0,0,,,
Garovaglia,,,[网络] 苔类；绳藓属,,,,,0,0,,,
garovaglia elegans,,,南亚美蕨绳藓；美蕨绳藓；南亚美蕨藓,,,,,0,0,,,
garovaglia plicata,,,台湾绳藓；绳藓；背刺绳藓,,,,,0,0,,,
garovaglia plicata punctidens,,,贴叶台湾绳藓,,,,,0,0,,,
Garovaglieae,,,隐藓亚科;盃藓,,,,,0,0,,,
Garove I.,,,[地名] 加罗韦岛 ( 巴布 ),,,,,0,0,,,
Garoza,,,[地名] 加罗扎 ( 拉 ),,,,,0,0,,,
garp,,,n. (Garp)人名；(瑞典)加尔普\nabbr. 全球大气研究方案（Global Atmospheric Research Program）,,,,,0,0,s:garps,,
garp atlantic tropical experiment (wmo/icsu) (gate),,,"全球大气研究计画大西洋热带 试验, 全球大气研究计画大西洋热带",,,,,0,0,,,
GARP VLAN Registration Protocol,,,[网络] 注册协议,,,,,0,0,,,
Garpenberg,,,[地名] 加尔彭贝里 ( 瑞典 ),,,,,0,0,,,
Garphyttan,,,[地名] 加尔普许坦 ( 瑞典 ),,,,,0,0,,,
garpike,'^ɑ: paik,n primitive predaceous North American fish covered with hard scales and having long jaws with needlelike teeth,n. [鱼]雀鳝(一种淡水硬鳞鱼),,,,,0,0,s:garpikes,,
garpikes,,,[网络] 颚针鱼,,,,,0,0,0:garpike/1:s,,
garply,,,[网络] 美利坚,,,,,0,0,,,
garps,,,abbr. Global Atmospheric Research Program 全球大气研究计划(或方案),,,,,0,0,0:garp/1:s,,
Garpsdalur,,,[地名] 加普斯达吕 ( 冰 ),,,,,0,0,,,
Garpāra,,,[地名] 戈尔巴拉 ( 孟 ),,,,,0,0,,,
garr,,,abbr. garrote 西班牙的绞刑具,,,,,0,0,,,
garrad,,, [人名] 加勒德,,,,,0,0,,,
Garrafe de Torio,,,[地名] 加拉费-德托里奥 ( 西 ),,,,,0,0,,,
garrafeira,,,[网络] 陈酿的珍藏酒；加菲；珍藏波特,,,,,0,0,,,
Garralda,,,[地名] 加拉尔达 ( 西 ),,,,,0,0,,,
garran,'^æræn,n. See Galloway.,n. (尤指苏格兰或爱尔兰种)矮小结实的载重马,,,,,0,0,,,
garrance,,,[网络] 加油,,,,,0,0,,,
garrand,,,[网络] 加朗,,,,,0,0,,,
Garrapata,,, [地名] [巴拉圭、哥伦比亚] 加拉帕塔,,,,,0,0,,,
Garrapatas,,,[地名] 加拉帕塔斯 ( 玻 ),,,,,0,0,,,
Garrard,,,加勒德（人名）,,,,,35223,0,,,
Garrard County,,,[地名] 加勒德县 ( 美 ),,,,,0,0,,,
Garrard Glacier,,,[地名] 加勒德冰川 ( 南极洲 ),,,,,0,0,,,
garras,,,[网络] 加拉斯,,,,,0,0,,,
garrastazu,,,[网络] 加拉斯塔祖,,,,,0,0,,,
garrat,,, [人名] 加勒特,,,,,0,0,,,
garrathion,,,三硫磷,,,,,0,0,,,
garratt,,, [人名] [英格兰人姓氏] 加勒特 Garrett的变体,,,,,0,0,,,
garratt locomotive,,,[网络] 伽赖特机车,,,,,0,0,,,
Garratts,,,[网络] 加拉特,,,,,0,0,,,
garraty,,, [人名] 加拉蒂,,,,,0,0,,,
Garrauli,,,[地名] 格劳利 ( 印 ),,,,,0,0,,,
Garraway,,,加拉威,,,,,0,0,s:garraways,,
garraways,,,[网络] 威斯,,,,,0,0,0:garraway/1:s,,
garrawse,,,[网络] 嘎嘎,,,,,0,0,,,
garray,,,[地名] 加赖 ( 西 ),,,,,0,0,,,
garre,,,[网络] 加雷；加利,,,,,0,0,,,
Garre's disease,,,"[医] 加雷氏病, 硬化性非化脓性骨炎",,,,,0,0,,,
garre's osteitis,,,Garre氏骨炎,,,,,0,0,,,
Garre's osteomyelitis,,,[医] 加雷氏骨髓炎(一种硬化性骨炎),,,,,0,0,,,
garreau,,,[网络] 加洛,,,,,0,0,,,
garred,,,vt. gar,,,,,0,0,,,
Garrel,,,[地名] 加勒尔 ( 德 ),,,,,0,0,,,
garrels,,,加雷尔斯,,,,,0,0,,,
garrelsite,"'^æril,sait",,硅硼镁石,,,,,0,0,,,
Garrelsweer,,,[地名] 哈勒尔斯韦尔 ( 荷 ),,,,,0,0,,,
garrelts,,, [人名] 加勒尔茨,,,,,0,0,,,
garren,,, [人名] 加伦,,,,,0,0,,,
Garreru I.,,,[地名] 加雷鲁岛 ( 帕劳 ),,,,,0,0,,,
Garres osteomyelitis,,,[医] 加雷氏骨髓炎,,,,,0,0,,,
garret,'gærәt,n floor consisting of open space at the top of a house just below roof; often used for storage,"n. 层顶层, 阁楼, 顶楼, 头",n:100,,,gre,27312,24783,s:garrets,,
Garret coiler,,,加勒特式卷取机,,,,,0,0,,,
garret floor,,,阁楼层,,,,,0,0,,,
Garret mill,,,加勒特式线材轧机,,,,,0,0,,,
Garret reel,,,加勒特式小型钢卷取机,,,,,0,0,,,
garret room,ˈgærɪt ru:m,, 顶楼房,,,,,0,0,,,
Garret type layout,,,阶梯式布置,,,,,0,0,,,
garret window,,,阁楼顶小窗(上下启闭),,,,,0,0,,,
garret windows,,,[网络] 阁楼窗户,,,,,0,0,,,
garreted,,a. Protected by turrets.,a. garret的变形,,,,,0,0,,,
garreteer,.gærә'tiә,n. One who lives in a garret; a poor author; a literary\n   hack.,"n. 住在阁楼的人, 穷作家",,,,,0,0,,,
garreteers,",ɡærə'tɪə",,n. 住在阁楼的人；穷作家；低级的作者,,,,,0,0,,,
garreth,,, [人名] 加雷思,,,,,0,0,,,
garreting,'ɡæretɪŋ,n. Small splinters of stone inserted into the joints of\n   coarse masonry.," 碎石片嵌缝, 填塞石缝",,,,,0,0,,,
garretlike,,,[网络] 阁楼似的,,,,,0,0,,,
garreton,,,[网络] 加勒顿,,,,,0,0,s:garretons,,
garretons,,,[网络] 加勒顿\n(garreton 的复数),,,,,0,0,0:garreton/1:s,,
garrets,ˈgærɪts,n. floor consisting of open space at the top of a house just below roof; often used for storage,"n. 顶楼, 阁楼( garret的复数形式 )",,,,,0,0,0:garret/1:s,,
garretson,,," [人名] [英格兰人姓氏] 加勒特森取自父名，来源于Garrett,含义是“加勒特之子”(son of Garrett); [地名] [美国] 加勒森",,,,,0,0,,,
Garretson's bandage,,,[医] 加勒森氏绷带,,,,,0,0,,,
garrett,'^ærәt,,n. 加勒特（男子名）,,,,,13206,0,s:garretts,,
Garrett County,,,[地名] 加勒特县 ( 美 ),,,,,0,0,,,
Garrett Fracture,,,[地名] 加勒特断裂带 ( 太平洋 ),,,,,0,0,,,
Garrett looping rod mill,,,加勒特活套式线材轧机,,,,,0,0,,,
Garrett mill,,,加勒特式线材轧机,,,,,0,0,,,
garretta,,,加雷塔,,,,,0,0,s:garrettas,,
garrettas,,,加雷塔\n(garretta 的复数),,,,,0,0,0:garretta/1:s,,
garrette,,, [人名] 加雷特,,,,,0,0,,,
Garrettia,,,n. 辣莸属,,,,,0,0,,,
Garrettia siamensis,,,n. 辣莸,,,,,0,0,,,
garrettii,,,[网络] 滇南木姜子；加勒特狸藻；粉绿野桐,,,,,0,0,,,
garretting,,,[建] 填塞石缝,,,,,0,0,,,
garretts,,, [人名] 加勒茨,,,,,0,0,0:garrett/1:s,,
Garrettsville,,,[地名] 加勒茨维尔 ( 美 ),,,,,0,0,,,
garri,"'^ɑ:,ri:",,"n. 加里(非洲尼日利亚人的主食,用木薯粉制成)[土著语]",,,,,0,0,,,
garric,,,[网络] 大蒜,,,,,0,0,,,
Garrick,'^ærik,n. English actor and theater manager who was the foremost Shakespearean actor of his day (1717-1779),灰吕,,,,,21994,0,s:garricks,,
Garrick Club,,,[网络] 嘉里克文学俱乐部；加里克会；克俱乐部,,,,,0,0,,,
"Garrick, David",'ɡærik,,加里克(1717～1779，英国演员、戏剧家和诗人),,,,,0,0,,,
garricks,,,灰吕\n(garrick 的复数),,,,,0,0,0:garrick/1:s,,
garrido,,,[网络] 加里多；哈维尔·加里多；加拉多,,,,,0,0,,,
garridos,,,加里多斯,,,,,0,0,,,
garrie,,,[网络] 再见我的傻帽；小祖姗；阎李青青,,,,,0,0,,,
garries,,,n. 奥里根白栎（植物）\n(garry 的复数),,,,,0,0,0:garry/1:s,,
garriga,,,[网络] 加里加,,,,,0,0,,,
Garriga's tests,,,[医] 加利加氏试验(检梅毒的絮凝试验),,,,,0,0,,,
garrigan,,, [人名] 加里根,,,,,0,0,,,
Garrigill,,,[地名] 加里吉尔 ( 英 ),,,,,0,0,,,
garrigou-lagrange,,,[网络] 拉格郎日；格里高拉克郎,,,,,0,0,,,
garrigue,^ɑ:'ri:^,,<法>n.=garigue,,,,,0,0,s:garrigues,,
garrigues,,, [人名] 加里格斯; [地名] [法国] 加里格（地区）,,,,,0,0,0:garrigue/1:s,,
garrigus,,, [人名] 加里格斯,,,,,0,0,,,
garrincha,,,[网络] 加林查；加连查；小鸟-----加林查,,,,,0,0,,,
garring,,,n. 雀鳝；同“needlefish”\nabbr. (=guided aircraft rocket)机载飞弹\n[网络] 噶尔；金光农业资源(Golden Agri Resources)；甘氨酰胺核苷酸(glycinamideribonucleotide),,,,,0,0,,,
garrington,,, [人名] 加林顿,,,,,0,0,s:garringtons,,
garringtons,,, [人名] 加林顿\n(garrington 的复数),,,,,0,0,0:garrington/1:s,,
garriott,,, [人名] 加里奥特,,,,,0,0,,,
Garrique evaporator,,,[化] 加立克蒸发器,,,,,0,0,,,
garris,,, [人名] 加里斯,,,,,0,0,,,
Garrisdale Point,,,[地名] 加里斯代尔角 ( 英 ),,,,,0,0,,,
garrise,,,[网络] 加油,,,,,0,0,,,
garrison,'gærisn,n. a fortified military post where troops are stationed\nn. United States abolitionist who published an anti-slavery journal (1805-1879)\nn. the troops who maintain and guard a fortified place\nv. station (troops) in a fort or garrison,"n. 守备队, 驻军, 要塞\nvt. 守备, 派兵驻守",v:8/n:92,1,,,8056,34196,s:garrisons/d:garrisoned/p:garrisoned/i:garrisoning/3:garrisons,,
garrison artillery,ˈgærɪsən,,要塞炮兵,,,,,0,0,,,
garrison belt,,,[网络] 驻军带,,,,,0,0,,,
garrison cap,ˈɡærisn kæp,, 船形帽,,,,,0,0,s:garrison caps,,
garrison caps,,,= overseas cap；= service cap,,,,,0,0,0:garrison cap/1:s,,
Garrison Dam,,,[地名] 加里森坝 ( 美 ),,,,,0,0,,,
Garrison finish,,,[美国英语]；【赛马】(在最后一刻)冲刺超越(对手)获胜；出乎意料的结局,,,,,0,0,,,
garrison force,,,守备部队,,,,,0,0,,,
garrison forces,,,[复数]卫戍部队,,,,,0,0,,,
garrison house,,,[美国英语]；(正面第二层挑出第一层的)堡式房屋,,,,,0,0,,,
garrison mabel,,,加瑞森,,,,,0,0,,,
garrison ration,,,[医] 驻军口粮(平时),,,,,0,0,,,
garrison state,,," 无论战时平时都实行军事体制的国家, 军人政权国家, 军事独裁的国家",,,,,0,0,,,
garrison the frontiers,,,戍边,,,,,0,0,,,
garrison town,,,有守备部队驻防的城市,,,,,0,0,,,
"Garrison, William Lloyd",'ɡærisən,,加里森(1805～1879，美国废奴主义者),,,,,0,0,,,
garrison-commander,,,[网络] 警备总司令；牙门将军；边防司令,,,,,0,0,s:garrison-commanders,,
garrison-commanders,,plural of garrison-commander,(garrison-commander 的复数) [网络] 警备总司令；牙门将军；边防司令,,,,,0,0,0:garrison-commander/1:s,,
garrisoned,ˈɡærisnd,imp. & p. p. of Garrison,v. 卫戍部队守备( garrison的过去式和过去分词 ); 派部队驻防,,,,,0,0,0:garrison/1:dp,,
Garrisonian,,,[网络] 加军人,,,,,0,0,s:garrisonians,,
Garrisonians,,plural of Garrisonian,(Garrisonian 的复数) [网络] 加军人,,,,,0,0,0:garrisonian/1:s,,
garrisoning,ˈɡærisnɪŋ,p. pr. & vb. n. of Garrison,v. 卫戍部队守备( garrison的现在分词 ); 派部队驻防,,,,,0,0,0:garrison/1:i/s:garrisonings,,
garrisonings,,,v. 卫戍部队守备( garrison的现在分词 ); 派部队驻防\n(garrisoning 的复数),,,,,0,0,0:garrisoning/1:s,,
garrisonize,,,[网络] 驻军,,,,,0,0,,,
garrisonment,,,[网络] 驻军,,,,,0,0,,,
garrisons,ˈɡærisnz,n a fortified military post where troops are stationed\nn United States abolitionist who published an anti-slavery journal (1805-1879)\nn the troops who maintain and guard a fortified place\nv station (troops) in a fort or garrison,"n. 守备部队, 卫戍部队( garrison的名词复数 )\nv. 卫戍部队守备( garrison的第三人称单数 ); 派部队驻防",,,,,0,0,1:s3/0:garrison,,
Garristown,,,[地名] 加里斯敦 ( 爱 ),,,,,0,0,,,
garrit,,, [人名] 加里特,,,,,0,0,,,
garrities,,,n. (Garrity)人名；(英)加里蒂,,,,,0,0,0:garrity/1:s,,
garrity,,,n. (Garrity)人名；(英)加里蒂,,,,,0,0,s:garrities,,
garro,,, [人名] 加罗,,,,,0,0,,,
Garrobo,,,[地名] 加罗沃 ( 尼加 ),,,,,0,0,,,
Garroch Head,,,[地名] 加罗赫角 ( 英 ),,,,,0,0,,,
Garroch Water,,,[地名] 加罗赫河 ( 英 ),,,,,0,0,,,
garrocha,^ә'rәjtʃә,,<西>n.赶牛棒,,,,,0,0,,,
garrod,,, [人名] [英格兰人姓氏] 加罗德 Garrett的变体,,,,,0,0,s:garrods,,
Garrod's finger-pads,,,[医] 加罗德氏指垫,,,,,0,0,,,
garrod's hypothesis,,,轧洛特氏假说,,,,,0,0,,,
garrod's pads,,,加罗德氏指垫,,,,,0,0,,,
Garrod's test,,,"[医] 加罗德氏试验(检尿中血卟啉,检血中尿酸)",,,,,0,0,,,
Garrod's tests,,,[医] 加罗德氏试验(检尿中血卟啉;检血中尿酸),,,,,0,0,,,
garrods,,, [人名] [英格兰人姓氏] 加罗德 Garrett的变体\n(garrod 的复数),,,,,0,0,0:garrod/1:s,,
garron,'^ærәn,n. Same as Garran.,n. (尤指苏格兰或爱尔兰种)矮小结实的载重马,,,,,0,0,s:garrons,,
Garron Point,,,[地名] 加龙角 ( 英 ),,,,,0,0,,,
garron pt.,,,加隆角,,,,,0,0,,,
garrone,,,[网络] 加罗内,,,,,0,0,,,
garronite,,,十字沸石,,,,,0,0,,,
garrons,,plural of garron\nn. Same as Garran.,(garron 的复数) n.(尤指苏格兰或爱尔兰种)矮小结实的载重马,,,,,0,0,0:garron/1:s,,
garros,,, 人名；(法、西)加罗斯,,,,,0,0,,,
garrot,,"n. A stick or small wooden cylinder used for tightening a\n   bandage, in order to compress the arteries of a limb.\nn. The European golden-eye.",[医] 绞扼止血器,,,,,0,0,s:garrots,,
garrote,^ә'rɔt,n. an instrument of execution for execution by strangulation\nv. strangle with an iron collar,"n. 西班牙的绞刑具, 上述绞刑\nv. 绞死",n:100,,,,0,35772,s:garrotes,,
garrote tourniquet,,,"[医] 勒绞式止血带, 西班牙绞带",,,,,0,0,,,
garroted,,,v. “garrotte”的过去式；“garrote”的过去式\n[网络] 绞喉；绞刑具；锁喉,,,,,0,0,,,
garroter,gə'rəʊtər,"n. One who seizes a person by the throat from behind, with a\n   view to strangle and rob him.","n. 绞杀者, 勒杀抢劫的强盗",,,,,0,0,s:garroters,,
garroters,gə'rəutə,,n. 勒杀抢劫的强盗；绞杀者,,,,,0,0,0:garroter/1:s,,
garrotes,,,n. 螺环绞刑；螺环绞具；(偷袭敌人时用以勒杀敌方哨兵等的)绞颈索\nv. 处…以螺环绞刑；(用绞颈索等)勒…的咽喉(使失去抵抗力)\n[网络] 绞喉；绞刑具；锁喉,,,,,0,0,0:garrote/1:s,,
garroting,,v strangle with an iron collar,"[医] 绞扼, 绞杀(法医)",,,,,0,0,,,
Garrotment,,,绞刑,,,,,0,0,,,
garrots,,,[网络] 胡萝卜,,,,,0,0,0:garrot/1:s,,
garrott,,, [人名] 加罗特,,,,,0,0,,,
garrotte,gә'rɒt,n an instrument of execution for execution by strangulation\nv strangle with an iron collar,n. 绞刑\nvt. 绞杀,,,,,0,0,i:garrotting/p:garrotted/3:garrottes/d:garrotted/s:garrottes,,
garrotted,ɡəˈrɔtid,v strangle with an iron collar,v. 绞杀( garrotte的过去式和过去分词 ),,,,,0,0,0:garrot/1:dp,,
garrotter,,n someone who kills by strangling,[法] 进行勒杀和抢劫的匪徒,,,,,0,0,s:garrotters,,
garrotters,gə'rɑtɚ,,n. 勒杀抢劫的强盗；绞杀者,,,,,0,0,0:garrotter/1:s,,
garrottes,ɡəˈrɔts,n an instrument of execution for execution by strangulation\nv strangle with an iron collar,n. 绞刑( garrotte的名词复数 )\nv. 绞杀( garrotte的第三人称单数 ),,,,,0,0,1:3/0:garrotte,,
garrotting,,v strangle with an iron collar,"[法] 绞杀, 勒杀, 抢杀",,,,,0,0,0:garrot/1:i,,
garrottings,ɡə'rɑt,,vt. 绞杀\nn. 绞刑；绞刑刑具,,,,,0,0,,,
garrotxa,,,[网络] 奥洛特,,,,,0,0,,,
Garrovillas,,,[地名] 加罗维利亚斯 ( 西 ),,,,,0,0,,,
garrow,,, [人名] 加罗,,,,,0,0,s:garrows,,
garroway,,, [人名] 加罗韦,,,,,0,0,,,
garrows,,, [人名] 加罗\n(garrow 的复数),,,,,0,0,0:garrow/1:s,,
Garrucha,,,[地名] 加鲁查 ( 西 ),,,,,0,0,,,
garrucho,,,加鲁乔,,,,,0,0,s:garruchoes,,
garruchoes,,,加鲁乔\n(garrucho 的复数),,,,,0,0,0:garrucho/1:s,,
garrulance,,,[网络] 饶恕,,,,,0,0,,,
garrulax albogularis,,,白喉笑鸫,,,,,0,0,,,
garrulax caerulatus,,,竹鸟,,,,,0,0,,,
garrulax canorus,,,"昼眉, 大陆画眉；画眉, 画眉",,,,,0,0,,,
garrulax chinensis,,,黑喉噪眉,,,,,0,0,,,
garrulax morrisonianus,,,"台湾噪鹛；金翼白眉；玉山噪鹛, 台湾噪鹛, 台湾噪鹛, 金翼白眉",,,,,0,0,,,
garrulax poecilorhynchus,,,棕噪眉；竹鸟；棕噪鹛,,,,,0,0,,,
garrulax ruficeps,,,台湾白喉噪眉；白喉噪眉；白喉笑鸫,,,,,0,0,,,
garrulax sannio,,,白颊噪眉,,,,,0,0,,,
garrulax taewanus,,,台湾画眉；画眉,,,,,0,0,,,
garruling,,,[网络] 绞尽脑汁,,,,,0,0,,,
garrulitas vaginae,,,[医] 阴道气响,,,,,0,0,,,
garrulities,ɡə'ru:liti,,n. 饶舌；多言；多嘴,,,,,0,0,0:garrulity/1:s,,
garrulity,gæ'ru:liti,n. the quality of being wordy and talkative,"n. 饶舌, 多嘴\n[医] 多言",,,,toefl gre,0,0,s:garrulities,,
garrulity of vulva,,,[医] 阴道气响,,,,,0,0,,,
garrulous,'gærulәs,s full of trivial conversation,"a. 饶舌的, 多嘴的, 喋喋不休的",j:100,,,toefl gre,32810,26070,,,
garrulously,'gæruləsli,r in a chatty loquacious manner,adv. 啰嗦地；饶舌地,,,,,0,0,,,
garrulousness,,n. the quality of being wordy and talkative,n. 多嘴多舌；喋喋不休；多话；唠叨（原形是garrulous）,,,,,0,0,s:garrulousnesses,,
garrulousnesses,,,n. 多嘴多舌；喋喋不休；多话；唠叨（原形是garrulous）,,,,,0,0,0:garrulousness/1:s,,
Garrulus,,,[网络] 加鲁斯,,,,,0,0,s:garruluss,,
garrulus glandarius,,,橿鸟,,,,,0,0,,,
garrulus glandarius taivanus,,,松鸦；橿鸟,,,,,0,0,,,
garruluss,,,[网络] 加鲁斯\n(garrulus 的复数),,,,,0,0,0:garrulus/1:s,,
garrupa,,"n. One of several species of California market fishes, of the\n   genus Sebastichthys; -- called also rockfish. See Rockfish.",n. 红点石班鱼,,,,,0,0,,,
garrupas,,,[网络] 加鲁鲁斯,,,,,0,0,,,
Garrwa,,,[网络] 加尔瓦,,,,,0,0,,,
garry,'^æri,,n. 奥里根白栎（植物）,,,,,10857,0,s:garries,,
Garry L.,,,[地名] 加里湖 ( 加 ),,,,,0,0,,,
Garry oak,,,【植物】奥里根白栎,,,,,0,0,s:garry oaks,,
garry oaks,,,【植物】奥里根白栎,,,,,0,0,0:garry oak/1:s,,
Garry's Mod,,,n. 盖瑞模组,,,,,0,0,,,
"Garry, Glen",,,[地名] 加里河谷 ( 英 ),,,,,0,0,,,
"Garry, Loch",,,[地名] 加里湖 ( 英 ),,,,,0,0,,,
"Garry, River",,,[地名] 加里河 ( 英 ),,,,,0,0,,,
garrya,'^æriә,,n. [植]嘎瑞木(一种装饰用常绿灌木),,,,,0,0,s:garryas,,
Garryaceae,'ɡæriəsi:,,n. 【植物】嘎瑞木科，丝穗木科,,,,,0,0,,,
Garryales,,,[网络] 绞木目；丝穗木目,,,,,0,0,,,
garryas,'ɡæriə,,n. 【植物】嘎瑞木,,,,,0,0,0:garrya/1:s,,
garryfoline,,,加山萸叶碱,,,,,0,0,,,
garryine,,,[化] 加山萸碱,,,,,0,0,,,
garryowen,",^eәri'әjәn",,n. [橄]悬空高球,,,,,0,0,s:garryowens,,
garryowens,,plural of garryowen,(garryowen 的复数) n.[橄]悬空高球,,,,,0,0,0:garryowen/1:s,,
Gars,,-s form of GAR\nn. primitive predaceous North American fish covered with hard scales and having long jaws with needlelike teeth,(GAR 的第三人称 -s形式) 机载导弹,,,,,0,0,0:gar/1:3s,,
Gars am Inn,,,[地名] 因河畔加尔斯 ( 德 ),,,,,0,0,,,
gars de locmine (brittany),,,洛克米涅圆舞(布列塔尼),,,,,0,0,,,
garscube,,,[网络] 卡波,,,,,0,0,,,
garsdale,,,[网络] 加斯谷地,,,,,0,0,,,
garse,,,[网络] 嘎斯,,,,,0,0,,,
Garsen,,,加森,,,,,0,0,,,
garshin,,,加尔申,,,,,0,0,,,
Garshuni,^ɑ:'ʃu:ni,,n. 用古叙利亚字写的阿拉伯文,,,,,0,0,,,
garsia,,, [人名] 加西亚,,,,,0,0,,,
garside,,, [人名] [英格兰人姓氏] 加赛德住所名称，来源于北方中世纪英语，含义是“圈用地+山坡”(enclosure+hill slopes,,,,,0,0,s:garsides,,
garsides,,, [人名] [英格兰人姓氏] 加赛德住所名称，来源于北方中世纪英语，含义是“圈用地+山坡”(enclosure+hill slopes\n(garside 的复数),,,,,0,0,0:garside/1:s,,
garsing,,,[网络] 特种军靴,,,,,0,0,,,
garsington,,,[网络] 英国；辛顿,,,,,0,0,,,
garske,,,加斯克,,,,,0,0,,,
garson,,," [人名] [英格兰人姓氏] 加森职业名称，年轻仆人，来源于古法语，含义是“少年”(boy,lad)",,,,,0,0,,,
"Garson, Lough",,,[地名] 加森湖 ( 加 ),,,,,0,0,,,
garss,ɡɑ:,,"gars\nn.\ngar1的变形\ngar1\n[ɡɑ:]\nn.\n【鱼类】\n[亦称作 garfish, garpile]雀鳝属(Lepisosteus)鱼\n= garrison\n变形：\nn.\ngar\n. gars",,,,,0,0,,,
garsshe,,,[网络] 加莎,,,,,0,0,,,
garst,,, [人名] 加斯特,,,,,0,0,,,
Garstadt,,,[地名] 加尔施塔特 ( 德 ),,,,,0,0,,,
Garstang,,,[地名] 加斯唐 ( 英 ),,,,,0,0,,,
Garstang sandstone,,,加斯唐砂岩,,,,,0,0,,,
"Garstang, John",,,加斯顿,,,,,0,0,,,
Garstedt,,,[地名] 加尔施泰特 ( 德 ),,,,,0,0,,,
garsten,,, [地名] [奥地利] 加尔斯滕,,,,,0,0,,,
garston,,,[地名] 加斯顿 ( 新西、英 ),,,,,0,0,,,
Garsundfjord,,,[地名] 加松菲尤尔 ( 挪 ),,,,,0,0,,,
gart,,, [医]甘氨酰胺核糖核苷（酸）甲酰转移酶,,,,,0,0,,,
gart's test,,,Gart检定,,,,,0,0,,,
gartain,,,[网络] 绅士,,,,,0,0,,,
"Gartan, Lough",,,[地名] 加坦湖 ( 爱 ),,,,,0,0,,,
gartcosh,,,[网络] 英国,,,,,0,0,s:gartcoshes,,
gartcoshes,,,[网络] 英国\n(gartcosh 的复数),,,,,0,0,0:gartcosh/1:s,,
Gartempe,,,[地名] 加尔唐普河 ( 法 ),,,,,0,0,,,
garten,,, [人名] 加滕; [地名] 花园（德语）,,,,,0,0,,,
gartenberg,,, [人名] 加滕伯格,,,,,0,0,,,
Gartenstadt,,,[地名] 加滕施塔特 ( 德 ),,,,,0,0,,,
garter,'gɑ:tә,n. a band (usually elastic) worn around the leg to hold up a stocking (or around the arm to hold up a sleeve)\nv. fasten with or as if with a garter,"n. 袜带\nvt. 用袜带系紧, 授嘉德勋位",n:100,,,,16480,20006,s:garters/i:gartering/p:gartered/3:garters/d:gartered,,
garter band,,,袜口下段吊带部份,,,,,0,0,,,
garter belt,ˈɡɑ:tə belt,,n. 吊袜腰带吊袜腰带,,,,,0,0,s:garter belts,,
garter belts,,,na. 吊袜带\n[网络] 吊袜腰带；吊带袜,,,,,0,0,0:garter belt/1:s,,
Garter King of Arms,,,[英国英语]嘉德勋章院第一主管,,,,,0,0,,,
garter snake,ˈɡɑ:tə sneik,," [医]乌蛇, 乌梢蛇",,,,,0,0,s:garter snakes,,
garter snakes,,,na. (美国无毒)花蛇\n[网络] 肉食性束带蛇；袜带蛇,,,,,0,0,0:garter snake/1:s,,
garter spring,,,[电] 袜带式弹簧,,,,,0,0,,,
garter stitch,ˈɡɑ:tə stitʃ,,n. （织物的）平针织法,,,,,0,0,s:garter stitches,,
garter stitches,,,n. （织物的）平针织法,,,,,0,0,0:garter stitch/1:s,,
garter webbing,,,吊袜松紧带,,,,,0,0,,,
gartered,,past tense of garter\nn. a band (usually elastic) worn around the leg to hold up a stocking (or around the arm to hold up a sleeve)\nv. fasten with or as if with a garter,"(garter 的过去时) n. 袜带\nvt. 用袜带系紧, 授嘉德勋位",,,,,0,0,1:pd/0:garter,,
gartering,,-ing form of garter\nn. a band (usually elastic) worn around the leg to hold up a stocking (or around the arm to hold up a sleeve)\nv. fasten with or as if with a garter,"(garter 的现在分词) n. 袜带\nvt. 用袜带系紧, 授嘉德勋位",,,,,0,0,0:garter/1:i,,
garterings,,,[网络] 运动装置,,,,,0,0,,,
garterlike,,,[网络] 更加快乐,,,,,0,0,,,
garters,ˈɡɑ:təz,n a band (usually elastic) worn around the leg to hold up a stocking (or around the arm to hold up a sleeve)\nv fasten with or as if with a garter,n. 吊袜带( garter的名词复数 ),,,,,0,0,1:s3/0:garter,,
garth,gɑ:θ,"n. A close; a yard; a croft; a garden; as, a cloister garth.\nn. A dam or weir for catching fish.\nn. A hoop or band.","n. 中庭, 庭院",,,,,16815,0,s:garths,,
Garth grit,,,加思丘陵层,,,,,0,0,,,
Garth hill bed,,,加思丘陵层,,,,,0,0,,,
Garth hill beds,,,加思丘陵层,,,,,0,0,,,
garthambrus allisoni,,,爱氏葛菱蟹,,,,,0,0,,,
garthambrus pteromerus,,,羽足葛菱蟹,,,,,0,0,,,
garthambrus stellata,,,星形加氏菱蟹,,,,,0,0,,,
Garthbanks,,,[地名] 加斯班克斯 ( 英 ),,,,,0,0,,,
garthdee,,,[网络] 斯迪；迪河旁边葛斯丁；四千万英镑在葛斯丁,,,,,0,0,s:garthdees,,
garthdees,,,[网络] 斯迪；迪河旁边葛斯丁；四千万英镑在葛斯丁\n(garthdee 的复数),,,,,0,0,0:garthdee/1:s,,
garthen,,,[网络] 哥哥,,,,,0,0,,,
garther,,,[网络] 更远,,,,,0,0,,,
garthing,ɡɑ:θ,,加思(男子名)\ngarth\n[ɡɑ:θ]\nn.\n围有走廊的院子，回廊院落[亦称作 cloister garth]\n修道院内空地\n篱笆；【渔业】(捕鱼用的)鱼坝，鱼堰\n[古语]庭院，内院，花园,,,,,0,0,,,
Garthmyl,,,[地名] 加斯米尔 ( 英 ),,,,,0,0,,,
garthoff,,, [人名] 加特霍夫,,,,,0,0,,,
Garthorpe,,,[地名] 加索普 ( 英 ),,,,,0,0,s:garthorpes,,
garthorpes,,,[地名] 加索普 ( 英 )\n(garthorpe 的复数),,,,,0,0,0:garthorpe/1:s,,
garths,,,n. 花园；围场；修道院内的空地；为捕鱼而筑起的坝[堰]\n[网络] 狼群首领的儿子加斯；加思；狼群领袖的儿子加斯,,,,,0,0,0:garth/1:s,,
garthwaite,,, [人名] 加思韦特,,,,,0,0,s:garthwaites,,
garthwaites,,, [人名] 加思韦特\n(garthwaite 的复数),,,,,0,0,0:garthwaite/1:s,,
gartie,,,[网络] 屁股,,,,,0,0,,,
gartier,,,[网络] 绅士,,,,,0,0,,,
garties,,,[网络] 美国国家科学院卡特\n(garty 的复数),,,,,0,0,0:garty/1:s,,
gartin,,, [人名] 加廷,,,,,0,0,,,
gartlan,,, [人名] 加特兰,,,,,0,0,s:gartlans,,
gartland,,, [人名] 加特兰,,,,,0,0,,,
gartlans,,, [人名] 加特兰\n(gartlan 的复数),,,,,0,0,0:gartlan/1:s,,
Gartley Pattern,,,[网络] 伽利图形；伽利图型,,,,,0,0,,,
Gartloch,,,[地名] 加特洛赫 ( 英 ),,,,,0,0,s:gartloches,,
gartloches,,,[地名] 加特洛赫 ( 英 )\n(gartloch 的复数),,,,,0,0,0:gartloch/1:s,,
gartmann,,,[网络] 加特曼,,,,,0,0,,,
Gartmore,,,[地名] 加特莫尔 ( 英 ),,,,,0,0,s:gartmores,,
gartmores,,,[地名] 加特莫尔 ( 英 )\n(gartmore 的复数),,,,,0,0,0:gartmore/1:s,,
gartner,,,n. 高德纳公司（美国咨询公司）,,,,,0,0,s:gartners,,
gartner group,,,Gartner Group 公司,,,,,0,0,,,
Gartner hype cycle,,,[网络] 加德纳技术成熟度曲线；高德纳的宣传周期,,,,,0,0,,,
gartner's,,,[网络] 加特纳；加特内氏,,,,,0,0,,,
Gartner's bacillus,,,"[医] 格特内氏杆菌, 肠炎[沙门氏]菌",,,,,0,0,,,
Gartner's canal,,,卵巢冠纵管,,,,,0,0,,,
gartner's canal cyst,,,囊肿,,,,,0,0,,,
gartner's canal duct,,,卵巢冠纵管,,,,,0,0,,,
"Gartner's canal, Gartner's duct",,,【解剖学】加特纳管，卵巢冠纵管,,,,,0,0,,,
Gartner's cyst,,,卵巢冠纵管囊肿,,,,,0,0,,,
Gartner's duct,,,"[医] 加特内氏管, 卵巢冠纵管",,,,,0,0,,,
Gartner's duct cyst,,,卵巢纵管囊肿,,,,,0,0,,,
Gartner's duct cyst of vagina,,,阴道卵巢冠纵管囊肿,,,,,0,0,,,
Gartner's phenomenon,,,[医] 格特内氏现象,,,,,0,0,,,
Gartner's tonometer,,,[医] 格特内氏血压计(从手指测血压),,,,,0,0,,,
"Gartner, Herman Treschow",'ɡɑ:tnə,,加特纳(1785～1827，丹麦解剖学家),,,,,0,0,,,
Gartnerago,,,"加氏颗石属〔钙质超微化石，K2〕, 加氏颗石属〔钙质超微化石；K2〕",,,,,0,0,,,
GartnerGroup,,,[网络] 加特纳集团；高德纳咨询公司；加特恩集团,,,,,0,0,,,
Gartnerian,,,[网络] 加德纳人,,,,,0,0,,,
Gartnerian cyst,,,[医] 加特内氏囊肿(卵巢完纵管囊肿),,,,,0,0,,,
Gartnerian duct,,,加特纳管,,,,,0,0,,,
gartners,,plural of gartner,(gartner 的复数) n. 高德纳公司（美国咨询公司）,,,,,0,0,0:gartner/1:s,,
Gartocharn,,,[地名] 加托哈恩 ( 英 ),,,,,0,0,,,
Gartok,,,[网络] 噶尔雅沙；大克,,,,,0,0,,,
Garton,,,n. (Garton)人名；(英、葡)加顿,,,,,44304,0,,,
Garton diet,,,[医] 戈顿氏伤寒病饮食,,,,,0,0,,,
Garton lightning arrester,,,加顿避雷器,,,,,0,0,,,
gartoning,,,[网络] 放弃,,,,,0,0,,,
Gartow,,,[地名] 加尔托 ( 德 ),,,,,0,0,,,
gartree,,,[网络] 卡特里监狱,,,,,0,0,s:gartrees,,
gartrees,,,[网络] 卡特里监狱\n(gartree 的复数),,,,,0,0,0:gartree/1:s,,
gartrell,,,[网络] 加特尔,,,,,0,0,,,
gartrellite,,,[网络] 石榴石,,,,,0,0,,,
gartside,,, [人名] [英格兰人姓氏] 加特赛德 Garside的变体,,,,,0,0,,,
garty,,,[网络] 美国国家科学院卡特,,,,,0,0,s:garties,,
gartz,,, [地名] [德国] 加尔茨,,,,,0,0,,,
Garu,,,[地名] 加鲁 ( 加纳、纳 ),,,,,0,0,,,
garua,,,浓湿雾,,,,,0,0,,,
garuas,ɡə'ruːə,,n. [气象] 浓湿雾（常出现于南美洲秘鲁、智利西海岸）,,,,,0,0,,,
Garub,,,[地名] 加鲁布 ( 纳 ),,,,,0,0,,,
Garubhasa,,,加鲁巴沙,,,,,0,0,,,
garuda,'^ɑ:rjdɑ:,n a supernatural eagle-like being that serves as Vishnu's mount,"n. 揭路荼(印度神话中鹰头人身的金翅鸟, 印度尼西亚的国徽图案)",,,,,0,0,s:garudas,,
Garuda Indonesia,,,[网络] 印尼航空；印尼鹰航；印度尼西亚鹰航空公司,,,,,0,0,,,
garudas,,,[网络] 鸟神；狮面鸟神加鲁达；着金翅鸟像,,,,,0,0,0:garuda/1:s,,
garudasana,ɡru:də'sænə,, [体]鹫形,,,,,0,0,,,
garudinia bimaculata,,,大斑苔蛾,,,,,0,0,,,
Garuga,,,白头树属,,,,,0,0,,,
Garuga forrestii,,,n. 白头树,,,,,0,0,,,
Garuga pierrei,,,n. 光叶白头树,,,,,0,0,,,
Garuga pinnata,,,n. 羽叶头树,,,,,0,0,,,
garuga pinnata roxb.,,,羽叶白头树;嘉榄树,,,,,0,0,,,
garum,,,n. 鱼酱油；地中海沿岸\n[网络] 鱼露；加鲁姆；卡莱姆,,,,,0,0,,,
garumnian,,,[网络] 悼念者,,,,,0,0,,,
garums,,,[网络] 加仑,,,,,0,0,,,
Garus,,,[网络] 加鲁斯,,,,,0,0,,,
Garut,'^ɑ:ru:t,,加鲁特[印度尼西亚爪哇岛西部城市](即牙律),,,,,0,0,,,
garuwood,,,n. 沉香,,,,,0,0,,,
Garvagh,,,[地名] 加瓦 ( 英 ),,,,,0,0,,,
Garvald,,,[地名] 加弗尔德 ( 英 ),,,,,0,0,,,
garvan,,, [人名] [爱尔兰姓氏] 加文 Garvin的变体; [地名] [保加利亚] 加尔万,,,,,0,0,,,
garvance,,,[网络] 服装,,,,,0,0,,,
Garvanovo,,,[地名] 加尔瓦诺沃 ( 保 ),,,,,0,0,,,
Garve,,,[地名] 加夫 ( 英 ),,,,,0,0,,,
"Garve, Loch",,,[地名] 加夫湖 ( 英 ),,,,,0,0,,,
garven,,,[网络] 格尔文,,,,,0,0,,,
garver,,, [人名] 加弗,,,,,0,0,,,
garves,,,abbr. ground approach radio fuse 接近地面无线电引爆装置\n(garf 的复数),,,,,0,0,0:garf/1:s,,
Garvey,'^ɑ: vi,,n. 加维驳船(美国新泽西州沿海的一种小船),,,,,13509,0,s:garveys,,
"Garvey, Marcus",'ɡɑ:vi:,,"Garvey, Marcus (Moziah)\n['ɡɑ:vi:]\n贾维(1887～1940，美国黑人领袖)",,,,,0,0,,,
"Garvey, Marcus (Moziah)",'ɡɑ:vi:,,贾维(1887～1940，美国黑人领袖),,,,,0,0,,,
"Garvey, Marcus Moziah",'ɡɑ:vi:,,"Garvey, Marcus (Moziah)\n['ɡɑ:vi:]\n贾维(1887～1940，美国黑人领袖)",,,,,0,0,,,
garveyism,'ɡɑ:viizəm,,n. 黑人分立自治主义；贾维主义(贾维倡导的黑人与白人分离和在非洲建立由黑人自己统治的国家的主张),,,,,0,0,,,
Garveyite,'ɡɑ:viizəm,,Garveyite\nn.\nGarveyism的变形\nGarveyism\n['ɡɑ:viizəm]\nn.\n黑人分立自治主义；贾维主义(贾维倡导的黑人与白人分离和在非洲建立由黑人自己统治的国家的主张),,,,,0,0,,,
garveyites,'ɡɑ:viizəm,,Garveyite\nn.\nGarveyism的变形\nGarveyism\n['ɡɑ:viizəm]\nn.\n黑人分立自治主义；贾维主义(贾维倡导的黑人与白人分离和在非洲建立由黑人自己统治的国家的主张),,,,,0,0,,,
garveys,'gɑrve,,n. 加维驳船（美国新泽西州沿海的一种小船）\nn. (Garvey)人名；(英、西、法)加维,,,,,0,0,0:garvey/1:s,,
garvich,,,[网络] 加维尔,,,,,0,0,,,
garvie,,"n. The sprat; -- called also garvie herring, and garvock.", [人名] [苏格兰人姓氏] 加维 Garvey的变体,,,,,0,0,s:garvies,,
Garvie Mts.,,,[地名] 加维山 ( 新西 ),,,,,0,0,,,
garvies,,, [人名] [苏格兰人姓氏] 加维 Garvey的变体\n(garvie 的复数),,,,,0,0,0:garvie/1:s,,
Garvin,,,n. (Garvin)人名；(法)加尔万；(英)加文；(西、葡、瑞典)加温,,,,,30778,0,s:garvins,,
Garvin County,,,[地名] 加文县 ( 美 ),,,,,0,0,,,
garvins,,,n. (Garvin)人名；(法)加尔万；(英)加文；(西、葡、瑞典)加温,,,,,0,0,0:garvin/1:s,,
Garvão,,,[地名] 加尔旺 ( 葡 ),,,,,0,0,,,
Garvǎn,,,[地名] 加尔文 ( 罗 ),,,,,0,0,,,
Garw,,,[地名] 加鲁 ( 英 ),,,,,0,0,s:garws,,
Garwa,,,加瓦,,,,,0,0,,,
garwin,,, [人名] [爱尔兰姓氏] 加温 Garvin的变体; [地名] [美国] 加文,,,,,0,0,,,
Garwolin,,,[地名] 加尔沃林 ( 波 ),,,,,0,0,,,
garwood,,, [人名] [英格兰人姓氏] 加伍德住所名称，来源于古英语，含义是“三角地+树林”(triangular piece of land+wood); [地名] [美国] 加伍德,,,,,0,0,,,
garwood distribution,,,Garwood分布；Garwood分配,,,,,0,0,,,
garws,,,[地名] 加鲁 ( 英 )\n(garw 的复数),,,,,0,0,0:garw/1:s,,
gary,'^eәri,n. a city in northwest Indiana on Lake Michigan; steel production,n. 盖理,,,,,3160,0,s:garies,,
Gary Ablett,,,[网络] 阿柏烈；阿布莱特；阿柏列,,,,,0,0,,,
Gary Cooper,,,加莱·古柏奖（戛纳国际电影节一奖项）,,,,,0,0,s:gary coopers,,
Gary Cooper prize,,,加莱古柏奖(戛纳国际电影节发给在促进人类了解方面贡献最大的影片的奖)[参见 Gary Cooper],,,,,0,0,,,
gary coopers,,,加莱·古柏奖（戛纳国际电影节一奖项）,,,,,0,0,0:gary cooper/1:s,,
Gary Gilmore,,,[网络] 吉尔摩；加里吉尔摩；吉摩尔,,,,,0,0,,,
Gary Glitter,,,[网络] 格利特；摇滚歌星盖瑞格里特；摇滚歌手格利特尔,,,,,0,0,,,
Gary Glitters,,,[网络] 加里闪闪发光,,,,,0,0,,,
Gary Kasparov,,,[网络] 卡斯帕罗夫；加里·卡斯帕罗夫；世界棋王卡斯帕罗夫,,,,,0,0,s:gary kasparovs,,
gary kasparovs,,,[网络] 卡斯帕罗夫；加里·卡斯帕罗夫；世界棋王卡斯帕罗夫\n(gary kasparov 的复数),,,,,0,0,0:gary kasparov/1:s,,
Gary Larson,,,[网络] 拉尔森；赖森,,,,,0,0,,,
Gary Lineker,,,[网络] 莱因克尔；加里·莱因克尔；莱茵克尔,,,,,0,0,,,
gary oldman,,, [人名]加里奥德曼,,,,,0,0,,,
gary player,,,[网络] 普莱尔；普莱耶；加里-普莱尔,,,,,0,0,,,
Gary Stu,,,[网络] 大众情人；大众情人男性；男性大众情人,,,,,0,0,,,
Gary Stus,,,[网络] 加里·斯图斯,,,,,0,0,,,
Gary Weinstein,,,[网络] 加里·温斯坦,,,,,0,0,s:gary weinsteins,,
gary weinsteins,,,[网络] 加里·温斯坦\n(gary weinstein 的复数),,,,,0,0,0:gary weinstein/1:s,,
"Gary, Elbert Henry",,,加里(1846～1927，美国金融家、律师),,,,,0,0,,,
garyable,,,[网络] 可嘉的,,,,,0,0,,,
Garyansellite,,,水磷铁镁石,,,,,0,0,,,
Garymicin,,,庆大霉素制剂的商品名,,,,,0,0,,,
garyn,,,[网络] 加恩,,,,,0,0,,,
garyophyll,,,[网络] 叶绿素,,,,,0,0,,,
garys,,,[网络] 加里斯,,,,,0,0,,,
garyte,,,[网络] 加里特,,,,,0,0,,,
garyville,,,[网络] 瑞维尔；加利维尔；加里维尔,,,,,0,0,,,
garz,,, [地名] [德国] 加尔茨,,,,,0,0,,,
garza,,,n. 加尔萨（姓氏）,,,,,0,0,,,
Garza County,,,[地名] 加扎县 ( 美 ),,,,,0,0,,,
"Garza, L.",,,[地名] 加尔萨湖 ( 巴拉 ),,,,,0,0,,,
Garzan,,,[地名] 加尔赞 ( 土 ),,,,,0,0,,,
garzarelli,,, [人名] 加扎雷利,,,,,0,0,,,
garzas,,,[网络] 加萨斯,,,,,0,0,,,
garzn,,,[网络] 加兹,,,,,0,0,,,
garzon,,,[网络] 加尔松；加尔宗；巴西卡门,,,,,0,0,s:garzons,,
garzone,,,加尔佐内,,,,,0,0,,,
garzons,,,[网络] 加尔松；加尔宗；巴西卡门\n(garzon 的复数),,,,,0,0,0:garzon/1:s,,
Garzweiler,,,[地名] 加茨韦勒 ( 德 ),,,,,0,0,,,
Garzón,,,[地名] 加尔松 ( 玻、哥伦、乌拉 ),,,,,0,0,,,
"Garzón, L.",,,[地名] 加尔松湖 ( 乌拉 ),,,,,0,0,,,
Garéoult,,,[地名] 加雷乌 ( 法 ),,,,,0,0,,,
"Garīn, Kūh-ī-",,,[地名] 加林山 ( 伊朗 ),,,,,0,0,,,
gas,gæs,n. the state of matter distinguished from the solid and liquid states by: relatively low density and viscosity; relatively great expansion and contraction with changes in pressure and temperature; the ability to diffuse readily; and the spontaneous tendency to become distributed uniformly throughout any container\nn. a fluid in the gaseous state having neither independent shape nor volume and being able to expand indefinitely\nv. attack with gas; subject to gas fumes,"n. 气体, 汽油, 瓦斯\n[化] 气体; 煤气; 瓦斯; 毒气",v:1/n:99,4,1,gk cet4 ky,1205,1023,s:gases/i:gassing/p:gassed/3:gasses/d:gassed,,
gas (-fired) furnace,,,[化] 烧煤气的炉子,,,,,0,0,,,
gas (-proof) shelter,,,[化] 避毒所,,,,,0,0,,,
gas about,,,"吹嘘,夸耀",,,,,0,0,,,
gas abscess,,,[医] 气脓肿,,,,,0,0,,,
gas absorbent,,,气体吸收剂,,,,,0,0,,,
gas absorbent bed,,,[化] 气体吸收床,,,,,0,0,,,
gas absorber,,,气体吸收器,,,,,0,0,,,
gas absorber oil,,,[化] 气体吸收油; 洗油,,,,,0,0,,,
gas absorber-oil,,,气体吸收油,,,,,0,0,,,
gas absorption,,,[化] 气体吸收,,,,,0,0,,,
gas absorption cell,,,气体吸收元件,,,,,0,0,,,
gas absorption operation,,,[机] 气体吸收操作,,,,,0,0,,,
gas absorption pressure gradient,,,气体吸收压力阶差,,,,,0,0,,,
gas access,,,气体入口,,,,,0,0,,,
gas accounting agreement,,,[经] 天然气会计协议,,,,,0,0,,,
gas accumulation,ɡæs əˌkju:mjəˈleɪʃən,, 瓦斯聚集,,,,,0,0,,,
gas accumulator relay,,,[网络] 气体积聚继电器,,,,,0,0,,,
gas acetylene,,,乙炔,,,,,0,0,,,
gas acid delinting of cotton seed,,,[作物] 棉籽气体酸脱绒,,,,,0,0,,,
gas activated battery,,,气体活化电池,,,,,0,0,,,
gas activation,,,气体活化,,,,,0,0,,,
gas activation detector,,,气体激活探测器,,,,,0,0,,,
gas active,,,流动气量，有效气量,,,,,0,0,,,
gas active material,,,气体激活材料,,,,,0,0,,,
gas activity meter,,,气体放射性计,,,,,0,0,,,
gas activity reduction system,,,体放射性衰减系统,,,,,0,0,,,
gas admittance system,,,进气系统,,,,,0,0,,,
gas admittance valve,,,进气阀,,,,,0,0,,,
gas admittancevalve,,,进气阀,,,,,0,0,,,
gas admixture,,,气体掺和,,,,,0,0,,,
gas adsorbing,,,气体吸附,,,,,0,0,,,
gas adsorption,,,[机] 气体吸附,,,,,0,0,,,
gas adsorption chromatography,,,"气体吸附层析法, 气体吸附层析术",,,,,0,0,,,
gas adsorption method,,,气体吸附测定法,,,,,0,0,,,
gas adsorption rate,,,气体吸附率,,,,,0,0,,,
gas agent,,,气化剂,,,,,0,0,,,
gas aided injection molding,,,气辅注塑,,,,,0,0,,,
gas air mixer,,,[网络] 汽油空气混合器；煤气混合器,,,,,0,0,,,
gas air mixture,,,[网络] 汽油-空气混合气；燃气-空气混合气；汽油和空气的混合气,,,,,0,0,,,
gas air ration,,,气体空气比例,,,,,0,0,,,
gas alarm,,,气体信号装置;毒气警报,,,,,0,0,,,
gas alloying,,,气相合金化,,,,,0,0,,,
gas alloying apparatus,,,燃气分析仪,,,,,0,0,,,
gas alloying recorder,,,气体分析记录器,,,,,0,0,,,
gas aluminizing medium,,,气体渗铝剂,,,,,0,0,,,
gas ammonia,,,气氨,,,,,0,0,,,
gas ammonia absorption air-conditioning unit,,,燃气氨吸收式空调机组,,,,,0,0,,,
gas amplification,,,[电] 气放大,,,,,0,0,,,
gas amplification factor,,,气体放大系数,,,,,0,0,,,
gas analyser,,,气体分析器,,,,,0,0,,,
gas analysis,,,[化] 气体分析,,,,,0,0,,,
gas analysis apparatus,,,[医] 气体分析器,,,,,0,0,,,
gas analysis indicator,,,体分析仪,,,,,0,0,,,
gas analysis instrument,,,烟气分析器,,,,,0,0,,,
gas analysis meter,,,气分析仪，气体分析仪,,,,,0,0,,,
gas analysis recorder,,,气体分析记录仪,,,,,0,0,,,
gas analysis system,,,气体分析系统,,,,,0,0,,,
gas analytical apparatus,,,[分化] 气体分析器,,,,,0,0,,,
gas analyzer,,,气体分析器,,,,,0,0,,,
gas analyzing,,,[机] 气体分析,,,,,0,0,,,
gas analyzing apparatus,,,[机] 气体分析装置,,,,,0,0,,,
gas anchor,,,气锚,,,,,0,0,,,
gas and air,,,[网络] 笑气止痛,,,,,0,0,,,
gas and dash,,"gas and dash (plural gas and dashes)\n(Canada and US, informal, often hyphenated (especially when used attributively)) The act of driving away from a gasoline station without paying after filling one's gas tank.\n\n\ngas and dash\n(Canada and US, informal, sometimes hyphenated) To commit this act.\n",,,,,,0,0,,,
gas and gaiters,,,"一帆风顺,万事大吉",,,,,0,0,,,
gas and gasoline threeway valve,,,煤气与汽油三通阀,,,,,0,0,,,
gas and liquid mixture,,,[化工] 气液混合液,,,,,0,0,,,
gas and mist sampler,,,瓦斯及烟雾取样仪,,,,,0,0,,,
gas and mistsampler,,,瓦斯及烟雾取样仪,,,,,0,0,,,
gas and oil separating plant,,,油气分离装置,,,,,0,0,,,
gas and oil separator,,,[油气] 油气分离器,,,,,0,0,,,
gas and oil seperating plant,,,[网络] 油气分离站,,,,,0,0,,,
gas and oxygen anesthesia,,,[医] 笑气和氧麻醉,,,,,0,0,,,
gas and pressure air burner,,,[网络] 低压煤气燃烧器,,,,,0,0,,,
gas and sand anchor,,,[油气] 气砂锚,,,,,0,0,,,
gas and source rock correlation,,,气源对比,,,,,0,0,,,
gas and steam combined cycle,,,燃气-蒸汽联合循环,,,,,0,0,,,
gas and steam turbine combined cycle,,,燃气蒸汽轮机联合循环,,,,,0,0,,,
gas and water expenses,,,煤气及水费,,,,,0,0,,,
gas anesthetic,,,气体麻醉药,,,,,0,0,,,
gas annealing,,,[网络] 气体退火；焰热退火,,,,,0,0,,,
gas apparatus,,,un. 煤气装置\n[网络] 切割熔接工具,,,,,0,0,,,
gas appliance,,,煤气用具,,,,,0,0,,,
gas appliance test,,,燃具试验,,,,,0,0,,,
gas appliances,,,[网络] 燃具炉具指令；用气设备；燃气具指令,,,,,0,0,,,
gas applicance engineers,,,煤气设备工程师,,,,,0,0,,,
gas arc lamp,,,"煤 气灯,充气弧光灯",,,,,0,0,,,
gas arc welding,,, [机] 气体保护电弧焊,,,,,0,0,,,
gas arc welding gun,,,气电焊焊嘴,,,,,0,0,,,
gas area,,,气面积,,,,,0,0,,,
gas aspirator,,,"气体吸收器, 吸气器",,,,,0,0,,,
gas assist injection molding,,,[网络] 气体辅助射出成型；气体辅助注射成型,,,,,0,0,,,
gas associated,,,伴产气，井口天然气,,,,,0,0,,,
gas at high pressure,,,[流] 高压气体,,,,,0,0,,,
gas at rest,,,静态气体,,,,,0,0,,,
gas atmosphere,,,气氛,,,,,0,0,,,
gas atmosphere inlet,,,(保护)气体入口,,,,,0,0,,,
gas atom,,,气体原子,,,,,0,0,,,
gas atomization,,,气体喷雾,,,,,0,0,,,
gas attack,,,毒气攻击;气体腐蚀,,,,,0,0,,,
gas attendant,,,[网络] 加油站工作人员；加油员,,,,,0,0,,,
gas attenuation curve,,,气体衰减曲线,,,,,0,0,,,
gas bacillus,,,"[医] 产气荚膜杆菌, 魏氏梭状芽胞杆菌",,,,,0,0,,,
gas background,,,背景气值,,,,,0,0,,,
gas backmixing,,,体返混,,,,,0,0,,,
gas backstreaming,,,气体回流,,,,,0,0,,,
gas baffle,,,烟气挡板,,,,,0,0,,,
gas bag,,,[医] 气溜(袋形),,,,,0,0,,,
gas balance,,,[机] 气体天平,,,,,0,0,,,
gas ballast,,,气体镇流,,,,,0,0,,,
gas ballast air,,,气镇空气,,,,,0,0,,,
gas ballast control,,,气镇控制,,,,,0,0,,,
gas ballast device,,,气镇器件,,,,,0,0,,,
gas ballast flow,,,气镇流,,,,,0,0,,,
gas ballast inlet,,,气镇入口,,,,,0,0,,,
gas ballast operation,,,气体镇流工作,,,,,0,0,,,
gas ballast port,,,气镇口,,,,,0,0,,,
gas ballast principle,,,气镇原理,,,,,0,0,,,
gas ballast pump,,,载气(真空)泵,,,,,0,0,,,
gas ballast roughing-holding pump,,,气镇粗抽泵,,,,,0,0,,,
gas ballast vacuum pump,,,气镇真空泵,,,,,0,0,,,
gas ballast valve,,,气镇阀,,,,,0,0,,,
gas ballasting,,,气镇,,,,,0,0,,,
gas balloon,,,[化] 称气瓶; 气体比重瓶,,,,,0,0,,,
gas bank agreement,,,[经] 天然气贮存协议,,,,,0,0,,,
gas bar,,,伽巴尔（对伊朗琐罗亚斯德教徒的称呼）,,,,,0,0,,,
gas barrel,,,(煤)气管,,,,,0,0,,,
gas barren,,,喷气荒地,,,,,0,0,,,
gas bars,,,[网络] 加油站,,,,,0,0,,,
gas bath,,,[化] 气浴,,,,,0,0,,,
gas battery,,,气体电池组,,,,,0,0,,,
gas beam,,,气流,,,,,0,0,,,
gas bearing,,,气体轴承,,,,,0,0,,,
gas bearing basin,,,含气盆地,,,,,0,0,,,
gas bearing bed,,,含气层,,,,,0,0,,,
gas bearing block,,,含气断块,,,,,0,0,,,
gas bearing boundary,,,[油气] 含气边界,,,,,0,0,,,
gas bearing coal seams,,,含气煤层,,,,,0,0,,,
gas bearing formation,,,含气层,,,,,0,0,,,
gas bearing fracture,,,含气裂缝,,,,,0,0,,,
gas bearing horizon,,,含气层,,,,,0,0,,,
gas bearing interval,,,含气层段,,,,,0,0,,,
gas bearing reservoir,,,[经] 储气层,,,,,0,0,,,
gas bearing shale,,,含气页岩,,,,,0,0,,,
gas bearings,,,气体轴承,,,,,0,0,,,
gas bell,,,气鼓泡;气柜钟罩;集气器钟罩,,,,,0,0,,,
gas bending stress,,,气流(作用引起的)弯曲应力,,,,,0,0,,,
gas betatron,,,气体电子感应加速器,,,,,0,0,,,
gas bill,ɡæs bil,, 煤气费；燃气费,,,,,0,0,,,
gas binder,,,气体(硬化)粘结剂,,,,,0,0,,,
gas black,,,[机] 气黑,,,,,0,0,,,
gas bladder,,,un. 鱼鳔\n[网络] 花胶；鱼肚,,,,,0,0,,,
gas bladders,,,gas bladder\n(鱼)鳔(=air bladder),,,,,0,0,,,
gas blanket,,,"气垫,气膜,气层",,,,,0,0,,,
gas blanket centrifuge,,,[化] 气体保护式离心机,,,,,0,0,,,
gas blanketing,,,[化] 气体覆盖; 覆以气层,,,,,0,0,,,
gas blast arc-quenching,,,[电] 气吹灭弧,,,,,0,0,,,
gas blast furnace,,,"鼓风炉煤气, 鼓风炉气",,,,,0,0,,,
gas bleaching,,,气体漂白;气相漂白,,,,,0,0,,,
gas bleed,,,气体冲洗;抽气,,,,,0,0,,,
gas bleed flange,,,气体冲洗法兰,,,,,0,0,,,
gas bleed valve,,,泄气阀,,,,,0,0,,,
gas bleeder,,,"放气管,放气阀",,,,,0,0,,,
gas bleeding,,,气体分出,,,,,0,0,,,
gas bleedoff,,,排气,,,,,0,0,,,
gas block,,,导气箍,,,,,0,0,,,
gas block cement,,,气锁水泥,,,,,0,0,,,
gas blocking,,,空气阻隔,,,,,0,0,,,
gas blow mixing,,,[化] 气泡搅拌,,,,,0,0,,,
gas blow off,,,[化] 放气,,,,,0,0,,,
gas blow out,,,瓦斯喷出,,,,,0,0,,,
gas blow pipe,,,吹气管,,,,,0,0,,,
gas blow pipe (bellows blow pipe),,,煤气吹管,,,,,0,0,,,
gas blow torch,,,煤气吹管,,,,,0,0,,,
gas blow-off system,,,体排放系统,,,,,0,0,,,
gas blow-out,,,气体喷出,,,,,0,0,,,
gas blowby,,,窜气,,,,,0,0,,,
gas blower,,,瓦斯泄出,,,,,0,0,,,
gas blowing,,,气体搅拌装置,,,,,0,0,,,
gas blowing engine,,,[网络] 气体发动机,,,,,0,0,,,
gas blowing stirring,,,[冶] 吹气搅拌,,,,,0,0,,,
gas blowout,,,气体吹出,,,,,0,0,,,
gas boat,,,照明灯艇;灯标艇,,,,,0,0,,,
gas boiler,,,煤气锅炉,,,,,0,0,,,
gas bomb,,,毒气弹\n[化] 气体钢瓶; 毒气炸弹,,,,,0,0,s:gas bombs,,
gas bombs,,,毒气弹；[化工] 储气瓶,,,,,0,0,0:gas bomb/1:s,,
gas booster,,,"压气设备,压气机,气体升压器,气体辅助压缩设备",,,,,0,0,,,
gas booster compressor,,,气体压缩机,,,,,0,0,,,
gas booster fan,,,气体辅助增压鼓风机,,,,,0,0,,,
gas boottle,,,[网络] 洗气瓶,,,,,0,0,,,
gas boriding,,,气体渗硼,,,,,0,0,,,
gas boss,,,【采矿】瓦斯检验员，通风员,,,,,0,0,,,
gas bottle,,,洗气瓶,,,,,0,0,,,
gas bottle depot,,,气瓶库,,,,,0,0,,,
gas bottle set,,,气瓶组,,,,,0,0,,,
gas bottles,,,[网络] 煤气瓶图片；气体钢瓶,,,,,0,0,,,
gas boundary,,,含气边界,,,,,0,0,,,
gas bracket,ɡæs ˈbrækit,, 煤气灯管,,,,,0,0,s:gas brackets,,
gas brackets,,,(墙上有灯头的)煤气灯管,,,,,0,0,0:gas bracket/1:s,,
gas braden head,,,井口(天然) 气,,,,,0,0,,,
gas brazing,,,[机] 气艳硬焊,,,,,0,0,,,
gas breakdown,,,气体击穿,,,,,0,0,,,
gas breakdown threshold,,,气体击穿阈,,,,,0,0,,,
gas breaker for coal combination,,,采煤机瓦斯断电仪,,,,,0,0,,,
gas breakthrough saturation,,,[油气] 气窜饱和度,,,,,0,0,,,
gas brette,,,量气管,,,,,0,0,,,
gas bubble,,,气泡,,,,,0,0,,,
gas bubble detection,,,泡探测器,,,,,0,0,,,
gas bubble disease,,,气泡病（鱼）,,,,,0,0,,,
gas bubble injection,,,泡喷入,,,,,0,0,,,
gas bubble insulated line,,,气泡绝缘线,,,,,0,0,,,
gas bubble method,,,气泡法,,,,,0,0,,,
gas bubble mixtures,,,气泡混合物,,,,,0,0,,,
gas bubble pressure,,,气泡压力,,,,,0,0,,,
gas bubble protective device,,,布克霍尔茨保护装置,,,,,0,0,,,
gas bubble pulsation,,,气泡脉动,,,,,0,0,,,
gas bubble pump,,,气举泵;气泡泵,,,,,0,0,,,
gas bubbles,,,气泡,,,,,0,0,,,
gas buffer tank,,,气体缓冲箱,,,,,0,0,,,
gas bulb,,,储气器{气体温度计用},,,,,0,0,,,
gas bulb thermometre,,,充气式温度计,,,,,0,0,,,
gas buoy,,,气灯浮标,,,,,0,0,,,
gas buret,,,气体量管,,,,,0,0,,,
gas burette,,,[医] 量气管,,,,,0,0,,,
gas burner,,,"煤气灶, 煤气喷嘴\n[化] 燃气喷嘴; 煤气喷灯; 气体燃烧器",,,,,0,0,s:gas burners,,
gas burner pliers,,,煤气灯头钳,,,,,0,0,,,
Gas Burners,,,gas burner\n(火炉等的)煤气喷嘴\n煤气灶，煤气炉,,,,,0,0,0:gas burner/1:s,,
gas burning furnace,,,un. 煤气炉,,,,,0,0,,,
gas burst,,,气体爆炸,,,,,0,0,,,
gas by-products,,,气体工业的副产品;煤气副产品,,,,,0,0,,,
gas bypass,,,通烟道，烟气旁路,,,,,0,0,,,
gas bypassing,,,窜，气体旁路,,,,,0,0,,,
gas cable,,,充气电缆,,,,,0,0,,,
gas cable hut,,,充气电缆[线路储气]站,,,,,0,0,,,
gas caloricity,,,煤气热值,,,,,0,0,,,
gas calorimeter,,,[医] 气体测热计,,,,,0,0,,,
gas calorimetry,,,气体量热法,,,,,0,0,,,
gas can,,,汽油桶,,,,,0,0,,,
gas cap,,,气顶;气帽,,,,,0,0,,,
gas cap drive,,,气顶驱动,,,,,0,0,,,
gas cap drive reservoir,,,气顶气驱储油层,,,,,0,0,,,
gas cap gas,,,气顶气,,,,,0,0,,,
gas cap injection,,,气顶注气,,,,,0,0,,,
gas capacitor,,,气体电容器,,,,,0,0,,,
gas capacity,,,气体容量,,,,,0,0,,,
gas capacity of coal,,,瓦斯容量,,,,,0,0,,,
gas caps,,,n. 气帽\nun. 气帽；瓦斯火焰圈\n[网络] 汽油盖,,,,,0,0,,,
gas carbon,,,[机] 气碳,,,,,0,0,,,
gas carbon-arc welding,,,气保护碳弧焊,,,,,0,0,,,
gas carbonitriding,,,气体碳氮共渗,,,,,0,0,,,
gas carbonitriding medium,,,气体碳氮共渗剂,,,,,0,0,,,
gas carbonizing method,,,气体渗碳法,,,,,0,0,,,
gas carbruizing furance,,,气体渗碳炉,,,,,0,0,,,
gas carburation,,,气体渗碳,,,,,0,0,,,
Gas Carburising,,,[网络] 掺炭炼钢,,,,,0,0,,,
gas carburization,,,气体渗碳,,,,,0,0,,,
gas carburization usintering,,,煤气渗碳烧结,,,,,0,0,,,
gas carburizer,,,气体渗碳剂,,,,,0,0,,,
gas carburizing,,,气体渗碳,,,,,0,0,,,
gas carburizing system,,,气体渗碳装置,,,,,0,0,,,
gas carbusintering,,,煤气渗碳烧结,,,,,0,0,,,
gas carrier,,,液化气船,,,,,0,0,,,
Gas Carrier Code,,,气体运载法规,,,,,0,0,,,
gas carry-over,,,[机] 窜气,,,,,0,0,,,
gas cartridge,,,蓄气筒,,,,,0,0,,,
gas cartridge fire extinguisher,,,[安全] 贮气瓶式灭火器,,,,,0,0,,,
gas case hardening,,,气体表面硬化,,,,,0,0,,,
gas casing head,,,井口天然气,,,,,0,0,,,
gas casinghead,,,伴产气，井口天然气,,,,,0,0,,,
gas cautery,,,[医] 喷气烙术,,,,,0,0,,,
gas cavity,,,[化] 气穴,,,,,0,0,,,
gas cavity cell,,,气孔池,,,,,0,0,,,
gas cell,,,"充气光电池;气室,气囊;气极电池;毒气帐篷",,,,,0,0,,,
gas cell alarm,,,[机] 气囊警器,,,,,0,0,,,
gas cell fabric,,,气囊织物,,,,,0,0,,,
gas cell net,,,气囊网,,,,,0,0,,,
gas cell phase shifter,,,充气移相器,,,,,0,0,,,
gas cementation,,,气体渗碳,,,,,0,0,,,
gas cenmentation,,,气体渗碳,,,,,0,0,,,
gas centrifugation,,,气体离心,,,,,0,0,,,
gas centrifuge,,,[网络] 气体离心机；气体离心法,,,,,0,0,,,
gas centrifuge method,,,气体离心法,,,,,0,0,,,
gas centrifuge process,,,气体离心法,,,,,0,0,,,
gas centrifuger,,,气体离心机,,,,,0,0,,,
gas centrifuging,,,浓化程序,,,,,0,0,,,
gas Cerenkov counter,,,气体捷连科夫计数器,,,,,0,0,,,
gas certificate,,,储器中气体的检定,,,,,0,0,,,
gas chamber,,,毒气室,,,,,0,0,s:gas chambers,,
gas chambers,,,na. 死刑毒气室；(苹果等的)贮藏室\n[网络] 瓦斯室；气压舱,,,,,0,0,0:gas chamber/1:s,,
gas channel black,,,[化] 瓦斯槽黑,,,,,0,0,,,
gas channeling,,,[油气] 气窜,,,,,0,0,,,
gas channeling inhibitor for cement slurry,,,水泥防气窜剂,,,,,0,0,,,
gas characteristic,,,气体特性,,,,,0,0,,,
gas charge,,,[制冷] 气体充注,,,,,0,0,,,
gas charging,,,充气,,,,,0,0,,,
gas charging connection,,,充气接头,,,,,0,0,,,
gas charging system,,,充气系统,,,,,0,0,,,
gas charging valve,,,充气阀(蓄能器),,,,,0,0,,,
gas check,,,"气密装置,气阀",,,,,0,0,,,
gas check pad,,,紧塞垫,,,,,0,0,,,
gas check valve,,,[化] 闭气阀,,,,,0,0,,,
gas checking,,,晶纹;气裂,,,,,0,0,,,
gas chemical industry,,,[化工 油气] 天然气化工,,,,,0,0,,,
gas chemical mine,,,化学地雷,,,,,0,0,,,
gas chemistry,,,[化] 气体化学,,,,,0,0,,,
gas chlorination,,,气体氯化,,,,,0,0,,,
gas chromatogram,,,[化] 气相色谱图,,,,,0,0,,,
gas chromatograph,,,[化] 气相色谱仪,,,,,0,0,,,
gas chromatograph for cupola furnace,,,冲天炉用气相色谱仪,,,,,0,0,,,
gas chromatograph-mass spectrometer,,,气相色谱-质谱[联用]仪,,,,,0,0,,,
gas chromatograph-mass spectrometer (GC-MS),,,[化] 气质联用仪; 气相色谱质谱联用仪,,,,,0,0,,,
gas chromatograph-quadpole mass spectrometer,,,气相色谱四极质谱仪,,,,,0,0,,,
gas chromatographic,,,色相色谱的,,,,,0,0,,,
gas chromatographic analysis,,,气相色谱分析,,,,,0,0,,,
gas chromatographic analyzer,,,[网络] 气相色谱分析仪,,,,,0,0,,,
gas chromatographic column,,,气相色谱柱,,,,,0,0,,,
gas chromatographic detector,,,气相色谱探测器,,,,,0,0,,,
gas chromatographic head space analysis,,,液面上气相色谱分析,,,,,0,0,,,
gas chromatographic method,,,气相色谱层析,,,,,0,0,,,
gas chromatographic purity,,,气相色谱纯度,,,,,0,0,,,
gas chromatographic technique,,,气相色谱技术,,,,,0,0,,,
gas chromatographs,,,[分化] 气相色谱仪,,,,,0,0,,,
gas chromatography,,,"[计] 气体色层法, 气体色谱法\n[化] 气相色谱法; 气相层析",,,,,0,0,,,
gas chromatography mass spectrometry,,,气相色谱-质谱法,,,,,0,0,,,
gas chromatography-mass,,,气质联用,,,,,0,0,,,
gas chromatography-mass spectrometry,,,[分化] 气相色谱－质谱,,,,,0,0,,,
gas chromatography/on-line monitoring device,,,气相层析自动监测仪,,,,,0,0,,,
gas chromatographyelectroantennagram detection,,,气相色谱-触角电位联用,,,,,0,0,,,
gas chromatogrophy combined with gas spectrometry,,,气体色谱质谱联用,,,,,0,0,,,
gas chromizing medium,,,气体渗铬剂,,,,,0,0,,,
gas circuit,,,气路,,,,,0,0,,,
gas circuit breaker,,,气体断路器,,,,,0,0,,,
gas circuit dryer plant,,,体回路干燥装置,,,,,0,0,,,
gas circulation,,,气体循环,,,,,0,0,,,
gas circulation cloud,,,泡晕,,,,,0,0,,,
gas circulator,,,气体循环泵,,,,,0,0,,,
gas citadel,,,气密区,,,,,0,0,,,
Gas City,,,[地名] 瓦斯城 ( 美 ),,,,,0,0,,,
gas classification,,,气体分级,,,,,0,0,,,
gas clathrate,,,[网络] 气体包合物,,,,,0,0,,,
gas clathrates,,,[网络] 气体包合,,,,,0,0,,,
gas clean up,,,体净化；除气，提高真空度,,,,,0,0,,,
gas clean-up,,,气体清除;提高真空度,,,,,0,0,,,
gas cleaner,,,"净气器,煤气净化器,煤气洗涤机,洗气机",,,,,0,0,,,
gas cleaning,,,煤气清洗,,,,,0,0,,,
gas cleaning device,,,煤气净化装置,,,,,0,0,,,
gas cleaning equipment,,,un. 煤气净化设备\n[网络] 气体净化设备,,,,,0,0,,,
gas cleaning plant,,,气体净化装置,,,,,0,0,,,
gas cleaning system,,,煤气清洗系统,,,,,0,0,,,
gas cleaning unit,,,气体洗涤装置,,,,,0,0,,,
gas cleanup,,,[电] 气清扫,,,,,0,0,,,
gas clothing,,,防毒衣,,,,,0,0,,,
gas cloud,,,[天] 气体云；空气层；烟气层；毒云,,,,,0,0,,,
gas coal,,,[化] 气煤,,,,,0,0,,,
gas cock,,,煤气旋塞,,,,,0,0,,,
gas coke,,,[化] 煤气焦炭\n[经] 焦炭,,,,,0,0,,,
gas coke oven,,,"煤气炼焦炉, 煤焦炉气",,,,,0,0,,,
gas colic,,,风气疝,,,,,0,0,,,
gas collecting apparatus,,,集气装置,,,,,0,0,,,
gas collecting cap,,,集气帽,,,,,0,0,,,
gas collecting channel,,,集气罩,,,,,0,0,,,
gas collecting jar with ground-on cover plate,,,集气筒,,,,,0,0,,,
gas collecting main,,,[化] 煤气总管; 煤气聚集总管,,,,,0,0,,,
gas collecting ring,,,集气环,,,,,0,0,,,
gas collecting skirt,,,电解槽集气罩,,,,,0,0,,,
gas collecting tube,,,煤气聚集管,,,,,0,0,,,
gas collection,,,气体收集,,,,,0,0,,,
gas collection tank,,,气箱,,,,,0,0,,,
gas collector,,,煤气聚集器;集气器,,,,,0,0,,,
gas column,,,气柱,,,,,0,0,,,
gas column height,,,气柱高度,,,,,0,0,,,
gas combustion,,,气体燃烧,,,,,0,0,,,
gas combustion box type furnace,,,[油气] 气燃式方型炉,,,,,0,0,,,
gas combustion pipette,,,气体燃烧管,,,,,0,0,,,
gas companies,,,煤气公司,,,,,0,0,0:gas company/1:s,,
gas company,ɡæs ˈkʌmpəni,, 煤气公司,,,,,0,0,s:gas companies,,
gas compartment,,,气体空间;气体室,,,,,0,0,,,
gas componant,,,气体成分,,,,,0,0,,,
gas component,,,气体组分,,,,,0,0,,,
gas composition,,,气体成分;气体组成,,,,,0,0,,,
gas compressibility,,,气体压缩性,,,,,0,0,,,
gas compressibility factor,,,气体压缩系数,,,,,0,0,,,
gas compression,,,[化] 气体压缩,,,,,0,0,,,
gas compression cable,,,压缩气体电缆,,,,,0,0,,,
gas compression cycle,,,[机] 气体压缩循环,,,,,0,0,,,
gas compression pump,,,煤气压缩机,,,,,0,0,,,
gas compression tap,,,煤气压缩旋塞,,,,,0,0,,,
gas compressive coefficient,,,气体压缩系数,,,,,0,0,,,
gas compressor,,,[化] 气体压缩机,,,,,0,0,,,
gas compressor truck,,,气体压缩机车,,,,,0,0,,,
gas compressor vehicle,,,气体压缩机车,,,,,0,0,,,
gas concentration,,,气体浓度,,,,,0,0,,,
gas concentration cell,,,气体浓差电池,,,,,0,0,,,
gas concentration gradient,,,体浓度梯度,,,,,0,0,,,
gas concentration measurement instrument,,,气体浓度测量仪,,,,,0,0,,,
gas concrete,,,[化] 加气混凝土,,,,,0,0,,,
gas condensate,,,[化] 凝析油; 气体凝析油; 气体凝析物\n[经] 凝析油,,,,,0,0,,,
gas condensate field,,,[经] 凝析气田,,,,,0,0,,,
gas condensate reservoir,,,凝结油气层,,,,,0,0,,,
gas condenser,,,[医] 气体电容器,,,,,0,0,,,
gas conditioner,,,气体调节器,,,,,0,0,,,
gas conditioning,,,煤气处理;煤气加工,,,,,0,0,,,
gas conductance,,,体热导,,,,,0,0,,,
gas conducting zone,,,[网络] 气体传达带,,,,,0,0,,,
gas conduction,,,气体流导,,,,,0,0,,,
gas conduction lamp,,,[电] 气导弧灯,,,,,0,0,,,
gas conductivity,,,气体电导率,,,,,0,0,,,
gas conductor,,,气体导电体,,,,,0,0,,,
gas conduit,,,"气体导管,煤气管道",,,,,0,0,,,
gas coning,,,气锥,,,,,0,0,,,
gas connection,,,[网络] 气体接头；燃气接口,,,,,0,0,,,
gas conservation,,,气源节约,,,,,0,0,,,
gas consistency,,,瓦斯浓度,,,,,0,0,,,
gas constant,,,气体常数\n[化] 气体常数,,,,,0,0,s:gas constants,,
gas constant per molecule,,,分子气体常数,,,,,0,0,,,
gas constant universal,,,通用气体常数,,,,,0,0,,,
gas constants,,,[热] 气体常数,,,,,0,0,0:gas constant/1:s,,
gas consumption,,,"[经] 天然气消耗量, 耗气量",,,,,0,0,,,
gas consumption per second,,,每秒气耗量,,,,,0,0,,,
gas consumption rate,,,汽油消耗率,,,,,0,0,,,
gas container,,,气体容器;储气罐;容气器,,,,,0,0,,,
gas contamination,,,气体污染,,,,,0,0,,,
gas content,,,气体含量;含气量,,,,,0,0,,,
gas content in coal seam,,,煤层瓦斯含量,,,,,0,0,,,
gas content of oil,,,油中含气量,,,,,0,0,,,
gas continuous-flow calorimeter,,,燃气连续流动量热器,,,,,0,0,,,
gas control,,,气体控制,,,,,0,0,,,
gas control equipment,,,气体控制装置,,,,,0,0,,,
gas control heat pipe,,,[热] 气体控制热管,,,,,0,0,,,
gas control instrument,,,气体控制仪表,,,,,0,0,,,
gas control lever,,,煤气控制杆,,,,,0,0,,,
gas control system,,,体控制系统,,,,,0,0,,,
gas control tube,,,充气控制管,,,,,0,0,,,
gas control valve,,,气体调节阀,,,,,0,0,,,
gas controller,,,气体调节器,,,,,0,0,,,
gas conversion process,,,气体转化过程,,,,,0,0,,,
gas converter,,,气体裂化器;气体转化器,,,,,0,0,,,
gas converter in sintering,,,烧结气体转化器,,,,,0,0,,,
gas cooker,ɡæs ˈkukə,,n. 煤气炉，煤气灶,,,,,0,0,s:gas cookers,,
gas cookers,,,煤气炉,,,,,0,0,0:gas cooker/1:s,,
gas cooking stove,,,煤气灶,,,,,0,0,,,
gas coolant,,,气体冷却剂,,,,,0,0,,,
gas coolants,,,气体冷却剂,,,,,0,0,,,
gas cooled,,,adj. 气冷的\nn. 气冷的\n[网络] 气体冷却的；用气体作冷却剂,,,,,0,0,,,
gas cooled breeder,,,冷增殖[反应]堆,,,,,0,0,,,
gas cooled electrical machine,,,气冷电机,,,,,0,0,,,
gas cooled fast breeder reactor,,,气冷快中子增殖堆,,,,,0,0,,,
gas cooled fast reactor,,,气冷快堆,,,,,0,0,,,
gas cooled machine,,,[电] 气冷式电机,,,,,0,0,,,
gas cooled reacter (gcr),,,气冷反应器,,,,,0,0,,,
gas cooled reaction,,,气冷式反应器,,,,,0,0,,,
gas cooled reactor,,,[电] 气冷式反应器,,,,,0,0,,,
gas cooler,,,[计] 气体冷却器\n[化] 气体冷却器; 煤气冷却器,,,,,0,0,,,
gas cooling,,,煤气冷却;气冷,,,,,0,0,,,
gas cooling coil,,,气(体)冷蛇形管,,,,,0,0,,,
gas cooling system,,,体冷却系统,,,,,0,0,,,
gas core,,,气体堆芯,,,,,0,0,,,
gas core nuclear rocket,,,气体堆芯核火箭,,,,,0,0,,,
gas core reactor,,,气体核心反应堆;气体活性区反应堆;气芯堆,,,,,0,0,,,
gas corrosion,,,气体腐蚀,,,,,0,0,,,
gas corrosive,,,腐蚀性气体,,,,,0,0,,,
gas cost,,,[经] 天然气成本,,,,,0,0,,,
gas coulomb-meter,,,气体电量计;气体库伦计,,,,,0,0,,,
gas coulometer,,,气体库伦计[电量计],,,,,0,0,,,
gas counter,,,气体计数器,,,,,0,0,,,
gas counting,,,气体计数,,,,,0,0,,,
gas coupled turbine,,,分轴式透平机,,,,,0,0,,,
gas cracked,,,"裂炼气, 裂炼",,,,,0,0,,,
gas cracking,,,气相裂化,,,,,0,0,,,
gas critical constant,,,气体临界常数,,,,,0,0,,,
gas critical state,,,气体临界状态,,,,,0,0,,,
gas crossover,,,气体越极,,,,,0,0,,,
gas crude still,,,原油蒸馏气,,,,,0,0,,,
gas cure,,,[化] (氯化硫)气体硫化; 冷硫化,,,,,0,0,,,
gas current,,,[电] 气电流,,,,,0,0,,,
gas curtain,,,气幕;气雾,,,,,0,0,,,
gas curtain furnace,,,(保护)气体帘幕热处理炉,,,,,0,0,,,
gas cushion,,,"气垫,气体缓冲器",,,,,0,0,,,
gas cushion cable,,,气垫电缆,,,,,0,0,,,
gas cushion pressure,,,气枕压强,,,,,0,0,,,
gas cushioned hydraulic breaker,,,气垫式液压破岩机,,,,,0,0,,,
gas cushioning,,,气垫船,,,,,0,0,,,
gas cut,,,气侵,,,,,0,0,,,
gas cut drilling fluid,,,[油气] 气侵钻井液,,,,,0,0,,,
gas cut mud,,,[网络] 气侵泥浆,,,,,0,0,,,
gas cutter,,,气割,,,,,0,0,,,
gas cutting,,,[化] 气割,,,,,0,0,,,
gas cutting machine,,,"气割器,瓦斯切割器",,,,,0,0,,,
gas cutting machine with magnetic wheel,,,磁轮气割机,,,,,0,0,,,
gas cutting torch,,,气割吹管,,,,,0,0,,,
gas cutting torch nozzle,,,气割吹管嘴,,,,,0,0,,,
gas cyaniding,,,"气体氰化,气体碳氮共渗",,,,,0,0,,,
gas cycle,,,气体循环;燃气循环,,,,,0,0,,,
gas cycle reactor,,,[网络] 气体循环反应堆,,,,,0,0,,,
gas cycle refrigeration,,,[制冷] 气体循环制冷,,,,,0,0,,,
gas cycling,,,【热力学】气体循环,,,,,0,0,,,
gas cycling plant,,,气体循环工厂,,,,,0,0,,,
gas cylinder,,,[化] 气体钢瓶,,,,,0,0,,,
gas cylinder cart,,,气体瓶车,,,,,0,0,,,
gas cylinder regulator,,,气瓶减压器,,,,,0,0,,,
gas cylinders,,,[网络] 气瓶；气体钢瓶储藏室；高压气筒,,,,,0,0,,,
gas cyst,,,[医] 含气囊肿,,,,,0,0,,,
gas decay tank,,,气体衰变箱,,,,,0,0,,,
gas declination curve,,,气体衰减曲线,,,,,0,0,,,
gas defence,,,防毒,,,,,0,0,,,
gas defence prevention of toxicants,,,防毒,,,,,0,0,,,
gas defense,,,毒气防御,,,,,0,0,,,
gas deflation assembly,,,排气组件,,,,,0,0,,,
gas deflector cone,,,[化] 导风锥,,,,,0,0,,,
gas degeneracy,,,[化] 气体退化,,,,,0,0,,,
gas degeneration,,,气体退化,,,,,0,0,,,
gas dehumidification,,,体除湿,,,,,0,0,,,
gas dehydration,,,气体脱水,,,,,0,0,,,
gas dehydrator,,,[机] 气体脱水器,,,,,0,0,,,
gas delay line,,,体延迟(衰减)管线,,,,,0,0,,,
gas delay system,,,体延迟(衰减)系统,,,,,0,0,,,
gas deliverability,,,天然气生产能力,,,,,0,0,,,
gas delivery,,,供气,,,,,0,0,,,
gas demand,,,燃气需用量;燃气负荷,,,,,0,0,,,
gas densitometer,,,气体密度计,,,,,0,0,,,
gas density,,,气体密度,,,,,0,0,,,
gas density balance,,,[化] 气体密度天平,,,,,0,0,,,
gas density balance detector,,,气体密度天平检测器,,,,,0,0,,,
gas density detector,,,气体密度侦检器,,,,,0,0,,,
gas density gauge,,,气体密度计,,,,,0,0,,,
gas density meter,,,气体密度测量器,,,,,0,0,,,
gas density recorder,,,[网络] 气体密度记录器,,,,,0,0,,,
gas depletion drive,,,内部气驱,,,,,0,0,,,
gas depoisoning,,,气体去毒,,,,,0,0,,,
gas deposit,,,天然气矿床,,,,,0,0,,,
gas desorption,,,气体解吸,,,,,0,0,,,
gas desulphurization unit,,,气体脱硫装置,,,,,0,0,,,
gas detect reagent,,,气体检测试剂,,,,,0,0,,,
gas detecting alarm system,,,可燃气体报警系 统,,,,,0,0,,,
gas detecting reagent,,,气体检定剂;毒气侦察剂;瓦斯侦察剂,,,,,0,0,,,
gas detecting system,,,可燃气探测系统,,,,,0,0,,,
gas detecting tube,,,气体检测管,,,,,0,0,,,
gas detection,,,瓦斯检查,,,,,0,0,,,
gas detection system,,,气体探测系统,,,,,0,0,,,
gas detection work,,,毒气侦查勤务,,,,,0,0,,,
gas detector,,,[化] 气体检测器(检查漏气用),,,,,0,0,,,
gas detector method,,,检气管法,,,,,0,0,,,
gas detector relay,,,气体继电器;气体检测继电器,,,,,0,0,,,
gas detector tube,,,气体检测管,,,,,0,0,,,
gas detedor,,,气体漏泄试验器,,,,,0,0,,,
gas deviation factor,,,天然气偏差系数,,,,,0,0,,,
gas devourer,,,[网络] 蒸汽驱气器；消除油轮残余气体工具；油舱除气装置,,,,,0,0,,,
gas dew point,,,天然气露点,,,,,0,0,,,
gas dew point of,,,气体露点,,,,,0,0,,,
gas dewatering,,,气体脱水,,,,,0,0,,,
gas dielectric capacitor,,,气体介质电容器,,,,,0,0,,,
gas diesel engine,ɡæs ˈdi:zəl ˈendʒin,, 可燃气柴油机,,,,,0,0,,,
gas differential pressure control,,,un. 煤气压差调节,,,,,0,0,,,
gas diffusion,,,气态扩散,,,,,0,0,,,
gas diffusion column,,,气体扩散柱,,,,,0,0,,,
gas diffusion electrode,,,[化] 气体扩散电极,,,,,0,0,,,
gas diffusion layer,,,气体扩散层,,,,,0,0,,,
gas diffusion plant,,,[核] 气体扩散工厂,,,,,0,0,,,
gas diffusion process,,,[化] 气体扩散过程,,,,,0,0,,,
gas diffusion ring,,,气体扩散环,,,,,0,0,,,
gas diode,,,[电] 充气两极管,,,,,0,0,,,
gas discharge,,,[化] 气体放电,,,,,0,0,,,
gas discharge analysis,,,气体放电分析,,,,,0,0,,,
gas discharge cathode,,,气体放电阴极,,,,,0,0,,,
gas discharge cell,,,气体放电电池,,,,,0,0,,,
gas discharge chamber,,,气体放电室,,,,,0,0,,,
gas discharge characteristic curve,,,气体放电特性曲线,,,,,0,0,,,
gas discharge colour method,,,气体放电色彩检验法,,,,,0,0,,,
gas discharge counter,,,气体放电式计数管,,,,,0,0,,,
gas discharge current,,,[医] 气体放电电流,,,,,0,0,,,
gas discharge detector,,,气体放电检测器,,,,,0,0,,,
gas discharge device,,,气体放电器件;气体放电设备,,,,,0,0,,,
gas discharge display,,,[计] 气体放电显示器,,,,,0,0,,,
gas discharge duplexer,,,气体放电天线双工器,,,,,0,0,,,
gas discharge gage,,,气体放电真空计,,,,,0,0,,,
gas discharge gauge,,,气体放电真空计,,,,,0,0,,,
gas discharge ion source,,,气体放电离子源,,,,,0,0,,,
gas discharge lamp,,,[电] 气体放电灯,,,,,0,0,,,
gas discharge laser,,,气体放电激光器,,,,,0,0,,,
gas discharge laser detector,,,气体放电激光检测器,,,,,0,0,,,
gas discharge noise,,,气体放电噪声,,,,,0,0,,,
gas discharge noise generator,,,气体放电噪声发生器,,,,,0,0,,,
gas discharge noise source,,,气体放电噪声源,,,,,0,0,,,
gas discharge nozzle,,,[网络] 排气喷嘴,,,,,0,0,,,
gas discharge plasma,ɡæs disˈtʃɑ:dʒ ˈplæzmə,, 气体放电等离子体,,,,,0,0,,,
gas discharge relay,,,电离继电器,,,,,0,0,,,
gas discharge switch,,,气体放电开关,,,,,0,0,,,
gas discharge system,,,[网络] 气体排放系统,,,,,0,0,,,
gas discharge theory,,,气体放电学说,,,,,0,0,,,
gas discharge track detector,,,气体放电轨迹侦测器,,,,,0,0,,,
gas discharge tube,,,气体放电管,,,,,0,0,,,
gas discharge tube noise generator,,,气体放电管噪声发生器,,,,,0,0,,,
gas discharge TV panel,,,气体放电电视板,,,,,0,0,,,
gas discharge wallboard display,,,气体放电壁显示板,,,,,0,0,,,
gas discharger,,,gas discharge\n【电子学】气体放电,,,,,0,0,,,
gas discharges,,,气体放电,,,,,0,0,,,
gas discharging radiation counter tube,,,气体放电辐射计数管,,,,,0,0,,,
gas disease,,,气泡病(鱼类病);毒气病,,,,,0,0,,,
gas dispersion,,,体扩散,,,,,0,0,,,
gas dispersoid,,,气溶胶;气态分散体,,,,,0,0,,,
gas displacement,,,[化] 排气量,,,,,0,0,,,
gas displacement efficiency,,,气驱效率,,,,,0,0,,,
gas display,,,气体显示,,,,,0,0,,,
gas dissociation,,,un. 气体离解,,,,,0,0,,,
gas dissolving,,,气体溶解,,,,,0,0,,,
gas distillate,,,[经] 凝析油,,,,,0,0,,,
gas distillate producer,,,凝结油气井,,,,,0,0,,,
gas distributing channel,,,分气道,,,,,0,0,,,
gas distributing device,,,气体分配装置,,,,,0,0,,,
gas distributing network,,,配气管网,,,,,0,0,,,
gas distributing pipe,,,分气管,,,,,0,0,,,
gas distributing station,,,配气站,,,,,0,0,,,
gas distributing system,,,气体分配系统,,,,,0,0,,,
gas distribution,,,煤气分布,,,,,0,0,,,
gas distribution adjustment,,,气门调整(调整气体分配机构),,,,,0,0,,,
gas distribution automatic control,,,气体分配自动控制,,,,,0,0,,,
gas distribution board of booster,,,助推器配气台,,,,,0,0,,,
gas distribution board of helium bottle depot,,,氦气瓶库配气台,,,,,0,0,,,
gas distribution grid,,,体分布板,,,,,0,0,,,
gas distribution pipeline,,,配气管道,,,,,0,0,,,
gas distribution room,,,配气间,,,,,0,0,,,
gas distribution station,,,[油气] 配气站,,,,,0,0,,,
gas distribution system,,,燃气管网系统,,,,,0,0,,,
gas distribution system capacity,,,气体分配系统流量,,,,,0,0,,,
gas distribution system for diver,,,潜水供气系统,,,,,0,0,,,
gas distributor,,,[化] 气体分布器; 气体分配器,,,,,0,0,,,
gas dome,,,(消化池)圆顶盖,,,,,0,0,,,
gas doping,,,[电] 气体掺杂,,,,,0,0,,,
gas doping technique,,,气体掺杂技术;气相掺杂技术,,,,,0,0,,,
gas dosing,,,气体计量,,,,,0,0,,,
gas dosing leak,,,气体计量泄漏,,,,,0,0,,,
gas down-take,,,un. 煤所下降管\n[网络] 排气管,,,,,0,0,,,
gas drain,,,瓦斯排泄道,,,,,0,0,,,
gas drainage,,,瓦斯抽放,,,,,0,0,,,
gas drainage efficiency,,,瓦斯抽放率,,,,,0,0,,,
gas drier,,,体干燥器,,,,,0,0,,,
gas drilling,,,天然气钻井,,,,,0,0,,,
gas drips hydrocarbon,,,煤气油碳氢化合物,,,,,0,0,,,
gas drive,,,气驱;气体驱动,,,,,0,0,,,
gas drive external,,,外来气驱,,,,,0,0,,,
gas drive gas reservoir,,,气驱气藏,,,,,0,0,,,
gas drive generator,,,[电] 煤气发电机,,,,,0,0,,,
gas drive internal,,,溶解气驱,,,,,0,0,,,
gas drive method,,,[流] 气驱法,,,,,0,0,,,
gas drive reservoir,,,气驱油藏,,,,,0,0,,,
gas drive zone,,,气驱带,,,,,0,0,,,
gas driven displacement pump,,,气动排量泵,,,,,0,0,,,
gas driven generator,,,气动发电机;气体发电机,,,,,0,0,,,
gas driven hammer,,,煤气锤,,,,,0,0,,,
gas driving mechanism,,,气藏驱动方式,,,,,0,0,,,
gas dry,,,干天然气 ; 干气,,,,,0,0,,,
gas dry filter trap,,,气体干燥滤阱,,,,,0,0,,,
gas dryer,,,气体干燥器,,,,,0,0,,,
gas drying,,,气体干燥,,,,,0,0,,,
gas drying agent,,,气体干燥剂,,,,,0,0,,,
gas drying bottle,,,气体干燥瓶,,,,,0,0,,,
gas drying tower,,,气体干燥塔,,,,,0,0,,,
gas duct,,,[化] 烟道,,,,,0,0,,,
gas ducting,,,烟道，气道,,,,,0,0,,,
gas dust cloud,,,气体尘埃云,,,,,0,0,,,
gas dynamic facility,,,[化] 气体动力设备,,,,,0,0,,,
gas dynamic flow,,,气体动态流动,,,,,0,0,,,
gas dynamic laser,,,气动激光器,,,,,0,0,,,
gas dynamic mixing laser,,,气动混合激光器,,,,,0,0,,,
gas dynamic mode,,,气动模,,,,,0,0,,,
gas dynamic system,,,动系统,,,,,0,0,,,
gas dynamic theory,,,动理论,,,,,0,0,,,
gas dynamic type,,,气动式,,,,,0,0,,,
gas dynamic type of chemical laser,,,气动式化学激光器,,,,,0,0,,,
gas dynamics,,,气体动力学,,,,,0,0,,,
gas dynamics of cosmic clouds,,,[天] 宇宙云气体动力学,,,,,0,0,,,
gas dynamics of lasers,,,[激光] 激光气体动力学,,,,,0,0,,,
gas earing gyroscope,,,[网络] 气体轴承陀螺仪,,,,,0,0,,,
gas eddy,,,[化] 气涡,,,,,0,0,,,
gas edema,,,气性水肿,,,,,0,0,,,
gas effciency,,,气体利用率,,,,,0,0,,,
gas efficiency,,,出气率,,,,,0,0,,,
gas efflux velocity,,,体射流速度,,,,,0,0,,,
gas ejecting system,,,[网络] 喷气系统,,,,,0,0,,,
gas ejector,,,气体喷射器,,,,,0,0,,,
gas ejector pipe,,,[网络] 喷气管；气体喷射管,,,,,0,0,,,
gas electric automobile,,,气电自动车,,,,,0,0,,,
gas electric car,,,煤气机[汽油机]电动车,,,,,0,0,,,
gas electric generating set,,,汽油机驱动发电装置,,,,,0,0,,,
gas electric indicator,,,[网络] 气电示功器,,,,,0,0,,,
gas electric type indicator,,,气电式示功器,,,,,0,0,,,
gas electric welding,,,气电联合焊接,,,,,0,0,,,
gas electrode,,,[化] 气体电极,,,,,0,0,,,
gas electron diffraction,,,气体电子衍射法,,,,,0,0,,,
gas electronics,,,[电子] 气体电子学,,,,,0,0,,,
gas eletrochemistry,,,[化] 气体电化学,,,,,0,0,,,
gas elutriation,,,气体淘析,,,,,0,0,,,
gas emanation,,,喷气;射气,,,,,0,0,,,
gas emboli,,,气栓,,,,,0,0,,,
gas embolism,,,[医] 气泡栓塞,,,,,0,0,s:gas embolisms,,
gas embolisms,,,气体栓塞,,,,,0,0,0:gas embolism/1:s,,
gas embolus,,,气栓子,,,,,0,0,,,
gas emergency trip valve,,,气紧急截止阀,,,,,0,0,,,
gas emission,,,瓦斯泄出,,,,,0,0,,,
gas emission forecast map,,,瓦斯预测图,,,,,0,0,,,
gas emission in tunnel,,,隧道瓦斯泄出,,,,,0,0,,,
gas emission isovol,,,瓦斯等量线,,,,,0,0,,,
gas emission rate,,,气体放出率,,,,,0,0,,,
gas emissions,,,[网络] 气体排放；气体散发；瓦斯排放,,,,,0,0,,,
gas enclosure,,,夹气,,,,,0,0,,,
gas end,,,煤气口端墙;煤气喷出口,,,,,0,0,,,
gas endarterectomy,,,气体动脉内膜剥除术,,,,,0,0,,,
gas engine,,,[机] 燃气机,,,,,0,0,s:gas engines,,
gas engine driven heat pump,,,燃气热泵,,,,,0,0,,,
gas engine heat pump,,,燃气热泵,,,,,0,0,,,
gas engine inlet valve,,,[网络] 煤气机进气阀,,,,,0,0,,,
gas engine oil,,,气机润滑油;气体发动机润滑油,,,,,0,0,,,
gas engine power plant,,,煤气机动力装置,,,,,0,0,,,
gas engineering,,,煤气工程,,,,,0,0,,,
gas engineering and management,,,天然气工程与管理,,,,,0,0,,,
gas engines,,,内燃机；燃气发动机,,,,,0,0,0:gas engine/1:s,,
gas entrainment,,,气体夹带,,,,,0,0,,,
gas entrainment property,,,气体携带性质,,,,,0,0,,,
gas entrapment,,,夹气,,,,,0,0,,,
gas envelope,,,气膜,,,,,0,0,,,
gas epithelium,,,泌气上皮,,,,,0,0,,,
gas equation,,,气体方程式,,,,,0,0,,,
gas equation of state,,,气体状态方程,,,,,0,0,,,
gas equipotential surface,,,气等势面,,,,,0,0,,,
gas escape,,,"燃气漏泄,放气",,,,,0,0,,,
gas escape valve,,,煤气放气阀,,,,,0,0,,,
gas etching,,,气蚀,,,,,0,0,,,
gas evolution,,,气体放出;气体透出,,,,,0,0,,,
gas evolution analysis,,,气体放出分析,,,,,0,0,,,
gas evolution burette,,,气体发生量管,,,,,0,0,,,
gas evolution method,,,气体发生法,,,,,0,0,,,
gas examination,,,气体检验,,,,,0,0,,,
gas exchange,,,气体交换,,,,,0,0,,,
gas exchange action,,,气体交换作用,,,,,0,0,,,
gas exchange area,,,气体交换面积,,,,,0,0,,,
gas exchange loss,,,气体交换损失,,,,,0,0,,,
gas exchange process,,,[动力] 换气过程,,,,,0,0,,,
gas exchange quotient,,,气体交换系数,,,,,0,0,,,
gas exchange rate,,,体交换速率,,,,,0,0,,,
gas exclusion,,,气体散发,,,,,0,0,,,
gas exhaust,,,排气，乏气,,,,,0,0,,,
gas exhaust manifold,,,排气歧管,,,,,0,0,,,
gas exhaust piping,,,排气管路,,,,,0,0,,,
gas exhauster,,,抽气机,,,,,0,0,,,
gas exit,,,气逸口 ; 出气口,,,,,0,0,,,
gas expanded rubber,,,微孔橡胶;闭孔泡沫胶,,,,,0,0,,,
gas expander,,,气体膨胀机,,,,,0,0,,,
gas expander turbine,,,气体膨胀涡轮机；气体膨胀透平,,,,,0,0,,,
gas expansion,,,[化] 气体臌胀,,,,,0,0,,,
gas expansion factor,,,气体膨胀系数,,,,,0,0,,,
gas expansion method,ɡæs iksˈpænʃən ˈmeθəd,, 气体膨胀法,,,,,0,0,,,
gas expansion thermometer,,,气体膨胀温度计,,,,,0,0,,,
gas expansion turbine,,,气体膨胀式涡轮,,,,,0,0,,,
gas exploder,,,气枪,,,,,0,0,,,
gas exploitation,,,[油气] 天然气开采,,,,,0,0,,,
gas explosion,,,[化] 瓦斯爆炸,,,,,0,0,,,
gas explosion burn,,,瓦斯爆炸伤,,,,,0,0,,,
gas explosion danger,,,[网络] 气体爆炸危险,,,,,0,0,,,
gas explosion in tunnel,,,隧道瓦斯爆炸,,,,,0,0,,,
gas explosion limits,,,瓦斯爆炸界限,,,,,0,0,,,
gas explosion tube,,,气体爆燃管,,,,,0,0,,,
gas explosive,,,[化工] 气体炸药,,,,,0,0,,,
gas export facility,,,天然气外输设施,,,,,0,0,,,
gas exposure labeling,,,气体曝射标记,,,,,0,0,,,
gas exposure method,,,[核] 气体曝射法,,,,,0,0,,,
gas extraction,,,天然气的开采,,,,,0,0,,,
gas extractor,,,抽气机,,,,,0,0,,,
gas eye,,,[医] 天然气眼病,,,,,0,0,,,
gas factor,,,[电] 气体系数,,,,,0,0,,,
gas fading,,,气体褪色,,,,,0,0,,,
gas fading inhibitor,,,气体褪色抑制剂,,,,,0,0,,,
gas fasciculation,,,[电] 气致缩聚,,,,,0,0,,,
gas fastness,,,气体褪色坚牢度,,,,,0,0,,,
gas feed,,,气体进口,,,,,0,0,,,
gas feed rate,,,气流量,,,,,0,0,,,
gas fertilizer,,,气体肥料,,,,,0,0,,,
gas fertilizer injector,,,气态肥料注入机,,,,,0,0,,,
gas field,,,[化] 天然气田\n[经] 气田,,,,,0,0,,,
gas field development,,,[油气] 气田开发,,,,,0,0,,,
gas field exploitation,,,[油气] 气田开采,,,,,0,0,,,
gas field gas injection,,,[油气] 气田注气,,,,,0,0,,,
gas field gathering process,,,气田集气流程,,,,,0,0,,,
gas field water,,,气田水,,,,,0,0,,,
gas fields,,,[网络] 天然气田；油气田环境保护,,,,,0,0,,,
gas filled,,,充气的,,,,,0,0,,,
gas filled (incandescent) lamp,,,气充(白炽)灯,,,,,0,0,,,
gas filled arrester,,,充气避雷器,,,,,0,0,,,
gas filled boiler protection,,,充气式锅炉保护,,,,,0,0,,,
gas filled bulb,,,充气灯泡,,,,,0,0,,,
gas filled cable,ɡæs fild ˈkeibl,, 充气电缆,,,,,0,0,,,
gas filled capacitor,,, 充气式电容器,,,,,0,0,,,
gas filled counter,,,气体测量计,,,,,0,0,,,
gas filled detector,,,un. 充气检测器\n[网络] 充气侦检器,,,,,0,0,,,
gas filled diode,,,[电] 充气二极管,,,,,0,0,,,
gas filled dry-type transformer,,,气干式变压器,,,,,0,0,,,
gas filled lamp,ɡæs fild læmp,, 充气灯,,,,,0,0,,,
gas filled lamp bulb,,,[网络] 充气灯泡,,,,,0,0,,,
gas filled photocell,ɡæs fild ˈfəutəsel,, 充气光电管,,,,,0,0,,,
gas filled phototube,ɡæs fild ˈfəutəutju:b,, 充气光电管,,,,,0,0,,,
gas filled pipe cable,,,[网络] 充气管道电缆,,,,,0,0,,,
gas filled porosity,,,充气孔隙度,,,,,0,0,,,
gas filled rectifier,ɡæs fild ˈrektifaiə,, 充气整流,,,,,0,0,,,
gas filled rectifier tube,,,充气整流管,,,,,0,0,,,
gas filled relay,,,[网络] 离子继电器；充气继电器,,,,,0,0,,,
gas filled stabilizer,ɡæs fild ˈsteɪbəˌlaɪzə,, 充气稳定器,,,,,0,0,,,
gas filled station,,,充气站,,,,,0,0,,,
gas filled switching tube,ɡæs fild ˈswitʃiŋ tju:b,, 充气开关管,,,,,0,0,,,
gas filled tank,,,充气槽,,,,,0,0,,,
gas filled thermometer,,,[网络] 墨西哥求购充满气体温度计,,,,,0,0,,,
gas filled thyraton,,,充气闸流管,,,,,0,0,,,
gas filled transformer,,,气变压器,,,,,0,0,,,
gas filled triode,,,[网络] 充气三极管,,,,,0,0,,,
gas filled tube,,,充气管,,,,,0,0,,,
gas filled tube rectifier,,,un. 充气整流管\n[网络] 充气管整流器；离子整流器,,,,,0,0,,,
gas filled type explosion proof machine,,,[网络] 充气防爆式电机；充气防爆型电机,,,,,0,0,,,
gas filled type explosion-proof machine,,,[网络] 充气防爆式电机；充气防爆型电机,,,,,0,0,,,
gas filled valve,,,[网络] 充气管,,,,,0,0,,,
gas filling station,,,汽车加油站,,,,,0,0,,,
gas film,,,气膜;气体膜,,,,,0,0,,,
gas film coefficient,,,气膜系数,,,,,0,0,,,
gas film contactor,,,气膜接触器,,,,,0,0,,,
gas film control,,,气相控制,,,,,0,0,,,
gas film controlling,,,[网络] 气膜控制,,,,,0,0,,,
gas film critical thickness,,,临界气膜厚度,,,,,0,0,,,
gas film lubrication,,,[网络] 气膜润滑,,,,,0,0,,,
gas film mass transfer coefficient,,,[化] 气膜传质系数,,,,,0,0,,,
gas film resistance,,,气膜阻力,,,,,0,0,,,
gas film stiffness,,,气膜刚度,,,,,0,0,,,
gas filter,,,[机] 气体过泸器,,,,,0,0,,,
gas filter drain cock,,,煤气过滤器放水旋塞,,,,,0,0,,,
gas filter outlet pipe,,,煤气过滤器输出管,,,,,0,0,,,
gas filter shell,,,煤气过滤器壳,,,,,0,0,,,
gas filter tube,,,气体过滤管,,,,,0,0,,,
gas filtration,,,气体过滤,,,,,0,0,,,
gas finding,,,[油气] 找气,,,,,0,0,,,
gas fire,,,n. 煤气取暖器,,,,,0,0,,,
gas fire detector,,,[安全] 气体火灾探测器,,,,,0,0,,,
gas fired air furnace,,,[网络] 煤气火焰炉,,,,,0,0,,,
gas fired boiler,,,燃气锅炉,,,,,0,0,,,
Gas Fired Boilers,,,燃气锅炉,,,,,0,0,,,
gas fired carburizing furnace,,,[网络] 煤气渗碳炉,,,,,0,0,,,
gas fired cupola,,,[网络] 煤气冲天炉,,,,,0,0,,,
gas fired furnace,,, 煤气燃烧炉,,,,,0,0,,,
gas fired locomotive,,,煤气机车,,,,,0,0,,,
gas fired power plant,,,[网络] 天然气发电厂；燃气发电厂,,,,,0,0,,,
gas fired radiant tubes,,,燃气辐射管,,,,,0,0,,,
gas fired reverberatory furnace,,,[网络] 煤气反射炉,,,,,0,0,,,
gas fired steam boiler,,,[网络] 燃气蒸汽锅炉,,,,,0,0,,,
gas fires,,,na. 煤气取暖器\n[网络] 气体火灾,,,,,0,0,,,
gas firing,,,燃气供暖法,,,,,0,0,,,
gas fission product,,,气体裂变产物,,,,,0,0,,,
gas fitter,ɡæs ˈfitə,, 煤气装修工,,,,,0,0,s:gas fitters,,
gas fitters,,,煤气设备装修工,,,,,0,0,0:gas fitter/1:s,,
gas fitting,ɡæs ˈfitiŋ,,n. 煤气装置的工作，煤气装置; 接管,,,,,0,0,s:gas fittings,,
gas fittings,,,煤气设备,,,,,0,0,0:gas fitting/1:s,,
gas fixture,,,煤气装置,,,,,0,0,s:gas fixtures,,
gas fixtures,,,煤气(灯)装置,,,,,0,0,0:gas fixture/1:s,,
gas flame,ɡæs fleim,, 气火焰,,,,,0,0,,,
gas flame brazing,,,[机] 气焰钎焊,,,,,0,0,,,
gas flame coal,ɡæs fleim kəul,, 长焰炭，长焰煤,,,,,0,0,,,
gas flame singeing machine,,,煤气烧毛机,,,,,0,0,,,
gas flame thermopile,,,气焰热电偶,,,,,0,0,,,
gas flare,,,废气燃烧器,,,,,0,0,,,
gas flash tube,,,充气闪光管,,,,,0,0,,,
gas flow,,,"[计] 气流, 气流量",,,,,0,0,,,
gas flow adjusting flange,,,气流调节板,,,,,0,0,,,
gas flow angle at nozzle outlet,,,[航] 喷嘴出口气流角,,,,,0,0,,,
gas flow baffle,,,[网络] 挡流器,,,,,0,0,,,
gas flow bending stress,,,气流弯应力,,,,,0,0,,,
gas flow calculation,,,气流计算,,,,,0,0,,,
gas flow calibration facility,,,气[体]流[量]校正设施,,,,,0,0,,,
gas flow closing,,,充气密封,,,,,0,0,,,
gas flow control system,,,气流调节系统,,,,,0,0,,,
gas flow controller,,,气流控制器,,,,,0,0,,,
gas flow counter,,,气体流量计;流动气体计数管,,,,,0,0,,,
gas flow counter tube,,,气流计数管,,,,,0,0,,,
gas flow detector,,,气流探测器,,,,,0,0,,,
gas flow distribution,,,气流分布,,,,,0,0,,,
gas flow distribution test for electro-static precipitator,,,静电除尘器气流均布试验,,,,,0,0,,,
gas flow equation,,,气体流动方程,,,,,0,0,,,
gas flow impedance detector,,,气流阻抗侦检器,,,,,0,0,,,
gas flow indicator,,,[化] 气体流量计,,,,,0,0,,,
gas flow line,,,采气管线,,,,,0,0,,,
gas flow measurement,,,气流量测,,,,,0,0,,,
gas flow meter,,,气体流量计,,,,,0,0,,,
gas flow path,,,气体流路,,,,,0,0,,,
gas flow pattern,,,体流型,,,,,0,0,,,
gas flow pressure measurement,,,气通压力测量,,,,,0,0,,,
gas flow proportional counter,,,流正比计数器,,,,,0,0,,,
gas flow rate,,,气体流速,,,,,0,0,,,
gas flow recorder,,,体流量记录器,,,,,0,0,,,
gas flow regulator,,,[流] 气流调节器,,,,,0,0,,,
gas flow temperature,,,[计量] 气流温度,,,,,0,0,,,
gas flow turret,,,"(封罐机)充气回转头,充气六开花",,,,,0,0,,,
gas flow velocity at nozzle outlet,,,[航] 喷嘴出口气流速度,,,,,0,0,,,
gas flowmeter,,,[化] 气体流量计,,,,,0,0,,,
gas flue,,,[化] 烟道,,,,,0,0,,,
gas fluid,,,气体,,,,,0,0,,,
gas fluid mixture pump,,,[机] 气液混输泵,,,,,0,0,,,
gas fluidized bed,,,[化] 气体流化床,,,,,0,0,,,
gas flush package,,,充气包装,,,,,0,0,,,
gas flush packaging,,,[网络] 充气包装,,,,,0,0,,,
gas flush packaging machine,,,充气包装机,,,,,0,0,,,
gas flush syringe,,,气冲注射器,,,,,0,0,,,
gas flushing,,,真空密封预煮食品保存法,,,,,0,0,,,
gas flushing pouch,,,充气包装袋,,,,,0,0,,,
gas flux,ɡæs flʌks,, 气焊焊剂，气体焊剂，气体钎剂,,,,,0,0,,,
gas fluxing,,,（火山）气熔作用,,,,,0,0,,,
gas fluxings,,,气体助熔作用,,,,,0,0,,,
gas foaming agent,,,发泡剂,,,,,0,0,,,
gas focusing,,,[电] 气聚焦,,,,,0,0,,,
gas focussing,,,离子聚焦,,,,,0,0,,,
gas for motor fuel,,,气态发动机燃料;动力煤气,,,,,0,0,,,
gas for works'use,,,厂内自用煤气,,,,,0,0,,,
gas force closed type,,,气闭式,,,,,0,0,,,
gas force open type,,,气开式,,,,,0,0,,,
gas forge,,,煤气锻炉,,,,,0,0,,,
gas formation volume factor,,,天然气体积系数,,,,,0,0,,,
gas former,,,[化] 发气剂,,,,,0,0,,,
gas forming,,,发气,,,,,0,0,,,
gas forming agent,,,[网络] 加气剂；起泡剂,,,,,0,0,,,
gas forming bacterium,,,产气细菌,,,,,0,0,,,
gas forming bodies,,,泌气体,,,,,0,0,,,
gas forming organisms,,,气体流量计,,,,,0,0,,,
gas forming property,,,发气性,,,,,0,0,,,
gas fractionation,,,[油气] 气体分馏,,,,,0,0,,,
gas fractionation unit,,,气体分馏装置,,,,,0,0,,,
gas fractionator,,,气体分馏塔,,,,,0,0,,,
gas fracture,,,【地质学】裂缝破裂,,,,,0,0,,,
gas fracturing,,,气体裂解,,,,,0,0,,,
gas free,,,[电] 不含气的,,,,,0,0,,,
gas free certificate,,,气体检验证书(油舱),,,,,0,0,,,
gas free drilling fluid,,,[油气] 脱气钻井液,,,,,0,0,,,
gas freeing,,, 驱气,,,,,0,0,,,
gas freeing arrangement,,,[网络] 油舱除气系统布置,,,,,0,0,,,
gas friction loss,,,气体摩擦耗,,,,,0,0,,,
gas from coal,,,煤成气,,,,,0,0,,,
gas from thermomaturation of organic matter,,,热成熟成因气,,,,,0,0,,,
gas fuel,,,"[化] 气体燃料\n[经] 天然气燃料, 气体燃料",,,,,0,0,,,
gas fuel engine,,,[动力] 气体燃料内燃机,,,,,0,0,,,
gas fuel injector,,,气体燃料喷射器,,,,,0,0,,,
gas fuel line,,,[网络] 气体燃料管路,,,,,0,0,,,
gas fuel nozzle,,,气体燃料喷嘴,,,,,0,0,,,
gas fuel pipe,,,[网络] 气体燃料管路,,,,,0,0,,,
gas fuel supply system,,,气体燃料供给系统,,,,,0,0,,,
gas fuel valve,,,[网络] 气体燃料阀,,,,,0,0,,,
gas fume fadding,,,烟燻退色,,,,,0,0,,,
gas furnace,,,[机] 燃气炉,,,,,0,0,s:gas furnaces,,
gas furnaces,,,燃气炉,,,,,0,0,0:gas furnace/1:s,,
gas ga(u)ge,,,"压力计，压力表, 压力计；压力表",,,,,0,0,,,
gas gage,ɡæs ɡeidʒ,, 气压计,,,,,0,0,s:gas gages,,
gas gages,,, 气压计\n(gas gage 的复数),,,,,0,0,0:gas gage/1:s,,
gas gain,,,气体增益,,,,,0,0,,,
gas gangrene,,,[医] 气性坏疽,,,,,0,0,s:gas gangrenes,,
gas gangrene antitoxin,,,[医] 气性坏疽抗毒素,,,,,0,0,,,
gas gangrene bacillus,,,[医] 气性坏疽杆菌,,,,,0,0,,,
gas gangrene infection,,,[医] 气性坏疽感染,,,,,0,0,,,
gas gangrenes,,,【病理学】气性坏疸,,,,,0,0,0:gas gangrene/1:s,,
gas gap,,,隙,,,,,0,0,,,
gas gas relay,,,un. 气体继电器,,,,,0,0,,,
gas gas-cap,,,气帽,,,,,0,0,,,
gas gasoline,,,天然气液化汽油,,,,,0,0,,,
gas gathering by booster,,,增压集气,,,,,0,0,,,
gas gathering network,,,集气管网,,,,,0,0,,,
gas gathering station,,,集气站,,,,,0,0,,,
gas gathering system,,,集气系统;气体收集系统,,,,,0,0,,,
gas gauge,ɡæs ɡeidʒ,, 气体压力计,,,,,0,0,s:gas gauges,,
gas gauge switch,,,汽油表开关,,,,,0,0,,,
gas gauges,,,[网络] 煤气压力表,,,,,0,0,0:gas gauge/1:s,,
gas gauging,,,割槽，气刨,,,,,0,0,,,
gas generating,,,[网络] 造气,,,,,0,0,,,
gas generating bottle,,,气体发生瓶,,,,,0,0,,,
gas generating station,,,煤气发生站,,,,,0,0,,,
gas generation,,,气体发生,,,,,0,0,,,
gas generator,,,[化] 气体发生器; 煤气发生炉\n[医] 气体发生器,,,,,0,0,,,
gas generator compressor speed,,,燃气发生器压缩机转速,,,,,0,0,,,
gas generator cycle,,,煤气发生炉循环,,,,,0,0,,,
gas generator mixture ratio,,,燃气发生器混合比,,,,,0,0,,,
gas generator trubine,,,[网络] 燃气发生器式燃气轮机,,,,,0,0,,,
gas generator turbine,,,燃气涡轮机,,,,,0,0,,,
gas generator turbine set,,,具有燃气发生器的汽轮机装置,,,,,0,0,,,
gas generator unit,,,煤气发生炉机组,,,,,0,0,,,
gas genetimodel,,,天然气成因模式,,,,,0,0,,,
gas geochemistry,ɡæs ˌdʒi(:)əuˈkemistri,, 气体地球化学,,,,,0,0,,,
gas geology,,,[油气] 天然气地质学,,,,,0,0,,,
gas geothermometer,,,气体地热温标,,,,,0,0,,,
gas geyser,,,煤气热水器,,,,,0,0,,,
gas giant,ɡæs ˈdʒaiənt,,"n. 气体巨星, 主要由气体组成的巨行星, 如木星、土星、天王星和海王星。",,,,,0,0,s:gas giants,,
gas giants,,,[网络] 气态巨行星；气体巨型星；气态行星,,,,,0,0,0:gas giant/1:s,,
gas gland,,,泌气腺,,,,,0,0,,,
gas gouging,,,[化] 气割; 气刨,,,,,0,0,,,
gas governor,,,气体调节器,,,,,0,0,,,
gas gradient,,,瓦斯梯度,,,,,0,0,,,
gas graphite reactor,,,[化] 气冷石墨堆; 气冷石墨反应堆,,,,,0,0,,,
gas gravimeter,,,气体重力仪,,,,,0,0,,,
gas grenade,,,毒气榴弹,,,,,0,0,,,
gas grid,,,气体供应网,,,,,0,0,,,
gas grill,,,(户外用)瓦斯烧烤炉,,,,,0,0,,,
gas gun,ɡæs ɡʌn,, 气体自动枪,,,,,0,0,s:gas guns,,
gas guns,,,【军械】气体自动枪,,,,,0,0,0:gas gun/1:s,,
gas guzzla,,"Any female who hoes around behind gas stations (gas) sucking the cock (guzzla) for money.\n> Friend #1: Get a load of that skank behind that shell station.\n> Friend # 2: Oh yeah, total gas guzzla.\n",,,,,,0,0,,,
gas guzzlas,,"Any female who hoes around behind gas stations (gas) sucking the cock (guzzla) for money.\n> Friend #1: Get a load of that skank behind that shell station.\n> Friend # 2: Oh yeah, total gas guzzla.\n",,,,,,0,0,,,
gas guzzler,,,n. 指耗油量大的设备; 油老虎,,,,,0,0,s:gas guzzlers,,
Gas Guzzler Tax,,,燃油税,,,,,0,0,,,
gas guzzlers,,,n. 油老虎\n[网络] 燃油机车,,,,,0,0,0:gas guzzler/1:s,,
gas hand grenade,,,[化] 毒气手榴弹,,,,,0,0,,,
gas handling system,,,气体处理系统;进气系统,,,,,0,0,,,
gas hazard meter,,,[网络] 有害气体分析器,,,,,0,0,,,
gas head,,,气体压头,,,,,0,0,,,
gas head pressure,,,气压落差,,,,,0,0,,,
gas head-transfer coefficient,,,气体热传递系数,,,,,0,0,,,
gas headlight,,,煤气头灯,,,,,0,0,,,
gas heat,,,[网络] 瓦斯热,,,,,0,0,s:gas heats,,
gas heat capacity,,,气体热容量,,,,,0,0,,,
gas heat pump,,,气体热泵,,,,,0,0,,,
gas heated steamer,,,煤气加热式蒸煮器,,,,,0,0,,,
gas heater,ɡæs ˈhi:tə,, 煤气炉,,,,,0,0,s:gas heaters,,
gas heaters,,,【机械工程】煤气供暖机组,,,,,0,0,0:gas heater/1:s,,
gas heating,,,煤气供暖;煤气加热,,,,,0,0,,,
gas heating furnace,,,燃气加热炉,,,,,0,0,,,
gas heating stove,,,[建] 煤气采暖炉,,,,,0,0,,,
gas heating system,ɡæs ˈhi:tɪŋ ˈsistəm,, 煤气加热系统,,,,,0,0,,,
gas heats,,,[网络] 瓦斯热\n(gas heat 的复数),,,,,0,0,0:gas heat/1:s,,
gas heave structure,,,气冲扭曲构造，气鼓构造,,,,,0,0,,,
gas helmet,ɡæs ˈhelmit,, 防毒面具,,,,,0,0,s:gas helmets,,
gas helmets,,,防毒面具，防煤气帽；防毒头兜,,,,,0,0,0:gas helmet/1:s,,
gas high pressure gasification,,,高压气化,,,,,0,0,,,
Gas Hills,,,[网络] 加斯希尔斯；气山,,,,,0,0,,,
gas hog,ɡæs hɔ:g,,n. 很费油的汽车; 运动用车,,,,,0,0,,,
gas hold-up,,,气体滞留,,,,,0,0,,,
gas hold-up time,,,气体滞留时间,,,,,0,0,,,
gas hold-up volume,,,气体滞留体积,,,,,0,0,,,
gas holder,,,[化] 气柜,,,,,0,0,s:gas holders,,
gas holder station,,,储配站,,,,,0,0,,,
gas holder tank,,,[化] 气柜,,,,,0,0,,,
gas holders,,,煤气容器；煤气筒；储煤气柜,,,,,0,0,0:gas holder/1:s,,
gas holdup,,,[化] 持气率,,,,,0,0,,,
gas hole,,,[机] 气孔,,,,,0,0,,,
gas holes,,,气孔,,,,,0,0,,,
gas hood,,,[化] 气罩,,,,,0,0,,,
gas horsepower,,,燃气马力,,,,,0,0,,,
gas hose,,,"瓦斯软管,气管",,,,,0,0,,,
gas hound,,,[网络] 酒鬼,,,,,0,0,,,
gas hourly space velocity,,,[化] 气时空速,,,,,0,0,,,
gas house,,,[化] 煤气房,,,,,0,0,,,
gas house coal tar,,,煤气焦油沥清,,,,,0,0,,,
gas house tar,,,蒸馏副产品,,,,,0,0,,,
gas hydrate,,,(石油)气体水化物,,,,,0,0,,,
gas hydrate of,,,天然气霜冻物,,,,,0,0,,,
gas hydrate phase diagram,,,天然气水合物相图,,,,,0,0,,,
gas hydrate reservoir,,,天然气水合物贮槽,,,,,0,0,,,
gas hydrate stability zone(ghsz),,,天然气水合物稳定带,,,,,0,0,,,
gas hydrates,,,[网络] 天然气水合物；气体水合物；为气水合物,,,,,0,0,,,
gas hydrogen combustion pool,,,氢气燃烧池,,,,,0,0,,,
gas hydrogen exhaust tower,,,氢气排放塔,,,,,0,0,,,
gas hygrometer,,,[化] 气体湿度计,,,,,0,0,,,
gas ideal,,,理想气体,,,,,0,0,,,
gas igniter,,,瓦斯点火器,,,,,0,0,,,
gas ignition,,,气体着火,,,,,0,0,,,
gas ignitor,,,体点火器,,,,,0,0,,,
gas illuminating,,,照明用气,,,,,0,0,,,
gas impermeability test,,,气密性试验;不透气性试验,,,,,0,0,,,
gas impermeable barrier,,,不透气隔挡层,,,,,0,0,,,
gas implosion,,,气体向心爆炸,,,,,0,0,,,
gas impreganted cable,,,充气浸渍电缆,,,,,0,0,,,
gas impregnated cable,,,气浸电缆,,,,,0,0,,,
gas impurities,,,气体杂质,,,,,0,0,,,
gas in,,,进气,,,,,0,0,,,
gas in joint,,,关节积气,,,,,0,0,,,
gas in place,,,地下藏气量,,,,,0,0,,,
gas in solution,,,[化] 溶解气,,,,,0,0,,,
gas in spinel canal,,,椎管积气,,,,,0,0,,,
gas incinerator,,,[网络] 煤气焚烧炉,,,,,0,0,,,
gas inclusion,,,气体夹杂,,,,,0,0,,,
gas increment,,,[矿业] 瓦斯递增率,,,,,0,0,,,
gas inder,,,气体粘结剂,,,,,0,0,,,
gas index,,,天然气指数,,,,,0,0,,,
gas indicator,,,气体指示器,,,,,0,0,,,
gas industries,,,天然气工业,,,,,0,0,,,
gas industry,,,[化] 煤气工业,,,,,0,0,,,
gas inert,,,惰性气体,,,,,0,0,,,
gas inflation,,,充气,,,,,0,0,,,
gas inflation of abdomen,,,腹腔积气,,,,,0,0,,,
gas influx detector,,,气体侵入检测器,,,,,0,0,,,
gas infrared brooder,,,燃气红外线育雏器,,,,,0,0,,,
gas ingestion,,,[动力] 燃气回吞,,,,,0,0,,,
gas injection,,,[经] 注气,,,,,0,0,,,
gas injection cycle,,,注气周期,,,,,0,0,,,
gas injection module,,,注气模块,,,,,0,0,,,
gas injection profile,,,注气剖面,,,,,0,0,,,
gas injection well,,,注气井,,,,,0,0,,,
gas injury,ɡæs ˈindʒəri,, 气体损伤,,,,,0,0,,,
gas inlet,,,煤气进口,,,,,0,0,,,
gas inlet casing,,,进气箱，进气机匣,,,,,0,0,,,
gas inlet chamber,,,[网络] 进气箱,,,,,0,0,,,
gas inlet degree,,,进气度,,,,,0,0,,,
gas inlet housing,,,涡轮进气壳,,,,,0,0,,,
gas inlet nipple,,,进汽管螺纹接套,,,,,0,0,,,
gas inlet plug,,,进汽口塞,,,,,0,0,,,
gas inlet port,,,[网络] 进气口；进气孔,,,,,0,0,,,
gas inlet pressure,,,涡轮进口气体压力,,,,,0,0,,,
gas inlet valve,,,进气阀,,,,,0,0,,,
gas input,,,进气,,,,,0,0,,,
gas insulated bushing,,,气体绝缘套管,,,,,0,0,,,
gas insulated cable,,,[通信] 气体绝缘电缆,,,,,0,0,,,
gas insulated metal-enclosed swit-chgear,,,封闭式组合电器,,,,,0,0,,,
gas insulated switchgear,,,气体绝缘封闭组合电器,,,,,0,0,,,
gas insulated systems,,,气体绝缘系统,,,,,0,0,,,
gas insulated transformer,,,[网络] 气体绝缘变压器,,,,,0,0,,,
gas insulating material,,,[电] 气体绝缘材料,,,,,0,0,,,
gas insulation,,,气体绝缘,,,,,0,0,,,
gas intake,,,un. 进气,,,,,0,0,,,
gas integral process,,,全汽化过程,,,,,0,0,,,
gas interchange,,,体交换,,,,,0,0,,,
gas interchange disturbance,,,气体交换障碍,,,,,0,0,,,
gas interferometer,,,气体干扰仪,,,,,0,0,,,
gas interlock,,,气体活门,,,,,0,0,,,
gas invasion,,,气侵,,,,,0,0,,,
gas ion,,,气体离子,,,,,0,0,,,
gas ion constant,,,气体电离常数,,,,,0,0,,,
gas ionization,,,[电] 气体游离,,,,,0,0,,,
gas ionization chamber,,,气体电离室,,,,,0,0,,,
gas ionization counter,,,气体电离计数器,,,,,0,0,,,
gas ionization detector,,,气体电离探测器,,,,,0,0,,,
gas ionization potential,,,气体电离电位,,,,,0,0,,,
gas isolated switchgear,,,气体绝缘开关,,,,,0,0,,,
gas jar,,,un. 气罐\n[网络] 集气瓶；煤气罐；宽口的瓶,,,,,0,0,,,
gas jars,,,un. 气罐,,,,,0,0,,,
gas jet,,,煤气喷嘴,,,,,0,0,s:gas jets,,
gas jet attitude control,,,喷气姿态控制,,,,,0,0,,,
gas jet method,,,气体喷射法,,,,,0,0,,,
gas jet propulsion,,,[网络] 喷气,,,,,0,0,,,
gas jet pump,,,气体引射泵,,,,,0,0,,,
gas jet tube,,,[网络] 煤气喷管,,,,,0,0,,,
gas jet vacuum pump,ɡæs dʒɛt ˈvækjuəm pʌmp,, 气体喷射真空泵,,,,,0,0,,,
gas jets,,,燃气喷流,,,,,0,0,0:gas jet/1:s,,
gas ket,,,热圈,,,,,0,0,,,
gas kinematics,,,气体运动学,,,,,0,0,,,
gas kinetic collision,,,气体动力学碰撞,,,,,0,0,,,
gas kinetic theory,,,气体分子运动论,,,,,0,0,,,
gas kinetics,,,[化] 气体动理论; 气体动理学理论,,,,,0,0,,,
gas kitchen,,,气灶,,,,,0,0,,,
gas knock,,,气体爆震[击],,,,,0,0,,,
gas lamp,,,[化] 煤气灯,,,,,0,0,s:gas lamps,,
gas lamps,,,煤气灯,,,,,0,0,0:gas lamp/1:s,,
gas laser,,,[化] 气体激光器,,,,,0,0,,,
gas laser altimeter,,,气体激光高度计,,,,,0,0,,,
gas laser interferometer,,,气体激光干涉仪,,,,,0,0,,,
gas laser system,,,气体激光系统,,,,,0,0,,,
gas lasers,,,气体激光；气体激光器,,,,,0,0,,,
gas law,,,[化] 气体定律,,,,,0,0,,,
gas law constant,,,气体定律常数,,,,,0,0,,,
gas laws,,,气体定律,,,,,0,0,,,
gas layer,,,气体层,,,,,0,0,,,
gas leak,,,漏气;(底火)漏火,,,,,0,0,,,
Gas Leak Detection,,,[网络] 气体泄露检测；气体泄漏检测；燃气泄漏检测,,,,,0,0,,,
gas leak detector,,,气检查器，漏气检验器,,,,,0,0,,,
gas leak hunting,,,[计] 寻漏气,,,,,0,0,,,
gas leak indicator,,,漏气指示器,,,,,0,0,,,
gas leak inspection,,,气[密性]检[查],,,,,0,0,,,
gas leak inspection of bottle,,,气瓶气检,,,,,0,0,,,
gas leak inspection of tank,,,贮箱气检,,,,,0,0,,,
gas leak inspection of valve,,,活门气检,,,,,0,0,,,
gas leak meter,,,[仪] 漏气测量仪,,,,,0,0,,,
gas leak quantity,,,漏气量,,,,,0,0,,,
gas leak rate,,,漏气率,,,,,0,0,,,
gas leak test,,,密性试验，气体检漏试验,,,,,0,0,,,
gas leak tester,,,气体漏泄试验器,,,,,0,0,,,
gas leakage,,,[化] 气体泄漏,,,,,0,0,,,
gas leakage detecting device,,,漏气探测器,,,,,0,0,,,
gas leakage indicator,,,[网络] 漏气指示器,,,,,0,0,,,
gas leakage monitoring system,,,[网络] 漏气监测系统,,,,,0,0,,,
gas leakage return line,,,漏气体回流管,,,,,0,0,,,
gas leakage test,,,[化] 气密性试验,,,,,0,0,,,
gas leakage tester,,,漏气试验器,,,,,0,0,,,
gas lean,,,"发生炉煤气，贫气, 贫气",,,,,0,0,,,
gas length,,,气隙长度,,,,,0,0,,,
gas lens,,,气体浓度透镜;气体透镜,,,,,0,0,,,
gas lever,,,气塞杆,,,,,0,0,,,
gas liberation,,,气体逸出,,,,,0,0,,,
gas life pump,,,[网络] 输气吸扬泵,,,,,0,0,,,
gas lift,,,[机] 气举,,,,,0,0,,,
gas lift column,,,气举柱,,,,,0,0,,,
gas lift conveyer,,,气升运输机,,,,,0,0,,,
gas lift installation,,,气举装置,,,,,0,0,,,
gas lift intermitter,,,气举采油间歇调节器,,,,,0,0,,,
gas lift performance curve,,,气举动态曲线,,,,,0,0,,,
gas lift production,,,气举采油,,,,,0,0,,,
gas lift pump,,,气体提升泵,,,,,0,0,,,
gas lift pumping system,,,[网络] 输气吸扬泵唧系统,,,,,0,0,,,
gas lift string,,,气举管柱,,,,,0,0,,,
gas lift unit,,,气升装置;气体升液装置,,,,,0,0,,,
gas lift valve,,,气升阀,,,,,0,0,,,
gas light,,,煤气灯;煤气灯光,,,,,0,0,,,
gas light oil,,,煤气轻油,,,,,0,0,,,
gas light paper,,,缓感光印相纸,,,,,0,0,,,
gas lighter,,,"煤气引燃器,气体引燃器",,,,,0,0,,,
gas lighting,,,煤气照明,,,,,0,0,,,
gas lime,,,[化] 煤气石灰(其中含有氢硫化钙等杂质),,,,,0,0,,,
gas line,ɡæs lain,, 煤气管道，气体管线,,,,,0,0,s:gas lines,,
gas line compressor,,,天然气管线压气机,,,,,0,0,,,
gas line dehydration,,,[化] 气体管脱水器,,,,,0,0,,,
gas line dehydrator,,,气体管道脱水器,,,,,0,0,,,
gas line packing,,,管道储气,,,,,0,0,,,
gas lines,,,[网络] 石油管道；瓦斯管,,,,,0,0,0:gas line/1:s,,
gas linking valve,,,燃气连结阀,,,,,0,0,,,
gas liquefaction,,,[化] 气体液化,,,,,0,0,,,
gas liquefaction cycle,,,气体液化循环,,,,,0,0,,,
gas liquefied,,,液化气,,,,,0,0,,,
gas liquid,,,[网络] 气液相,,,,,0,0,,,
gas liquid chromatography,,,[化] 气液色谱法,,,,,0,0,,,
gas liquid equilibrium,,,气液平衡,,,,,0,0,,,
gas liquid interface,,,气液界面,,,,,0,0,,,
gas liquid partition coefficient,,,[网络] 气液分配系数,,,,,0,0,,,
gas liquid ratio,,,气液比,,,,,0,0,,,
gas liquid reaction,,,气(体)液(体)反应,,,,,0,0,,,
gas liquifaction oil,,,天然气油,,,,,0,0,,,
gas liquified petroleum,,,液化石油气，液化炼制气,,,,,0,0,,,
gas liquified refinery,,,液化炼制气,,,,,0,0,,,
gas liquor,,,[机] 气-液色层分析法,,,,,0,0,,,
gas load,,,燃气需用量;燃气负荷,,,,,0,0,,,
gas load calorimeter,,,气体负载量热计,,,,,0,0,,,
gas loaded accumulator,,,充气蓄能器,,,,,0,0,,,
gas loaded electrode,,,充气电极,,,,,0,0,,,
gas loading,,,充气;气体填充,,,,,0,0,,,
gas loadting,,,气体负载,,,,,0,0,,,
gas lock,,,[化] 气封; 气塞; 气栓,,,,,0,0,,,
gas lock system,,,气体密封装置;锁气装置,,,,,0,0,,,
gas locking,,,气锁,,,,,0,0,,,
gas log,ɡæs lɔɡ,,n. （煤气暖炉用的）圆木状燃烧嘴,,,,,0,0,,,
gas logging,,,气体录井,,,,,0,0,,,
gas logging apparatus,,,[气象] 气测仪,,,,,0,0,,,
gas loop,,,气圈;气体波腹,,,,,0,0,,,
gas loss,,,气体损失,,,,,0,0,,,
gas lubricated journal bearing,,,气体径向轴承,,,,,0,0,,,
gas lubricated rotor,,,气体润滑转子,,,,,0,0,,,
gas lubricated thrust bearing,,,气体止推轴承,,,,,0,0,,,
gas lubrication,,,气膜润滑,,,,,0,0,,,
gas maar,,,喷气口,,,,,0,0,,,
gas machine,,,[网络] 天然气设备,,,,,0,0,,,
gas magnification,,,[电] 气放大,,,,,0,0,,,
gas main,,,煤气总管\n[化] 煤气总管,,,,,0,0,s:gas mains,,
gas mainfold,,,[化] 气体集合管; 瓦斯集合管,,,,,0,0,,,
gas mains,,,煤气总管,,,,,0,0,0:gas main/1:s,,
gas maintenance type optical fiber cable,,,充气维护型光缆,,,,,0,0,,,
gas making,,,[机] 煤气水溶液,,,,,0,0,,,
gas making plant,,,un. 造气装置\n[网络] 煤气制造厂,,,,,0,0,,,
gas man,,,n. 上门推销的广告员,,,,,0,0,,,
gas manifold,,,瓦斯集合管,,,,,0,0,,,
gas manometer,,,气体压力计,,,,,0,0,,,
gas manomter,,,气体压力计,,,,,0,0,,,
gas mantle,ɡæs ˈmæntl,, 汽灯罩,,,,,0,0,,,
gas mantles,,,气灯罩；白炽罩；汽灯罩,,,,,0,0,,,
gas mark,,,[网络] 焦痕；烧焦；刻度,,,,,0,0,,,
gas marks,,,un. 气泡,,,,,0,0,,,
gas marsh,,,沼气,,,,,0,0,,,
gas maser,,,[电] 气微射,,,,,0,0,s:gas masers,,
gas masers,,,【物理学】气体微波激射器,,,,,0,0,0:gas maser/1:s,,
gas mask,,,防毒面具\n[化] 防毒面具; 毒气面具,,1,,,0,0,,,
gas mask canister,,,[化] 防毒面具罐,,,,,0,0,,,
gas masks,,,na. “gas helmet”的变体\n[网络] 防毒面罩；带气面具,,,,,0,0,,,
gas mass flow,,,体质量流量,,,,,0,0,,,
gas maturity level,,,天然气成熟度,,,,,0,0,,,
gas measuring apparatus,,,气体流量计,,,,,0,0,,,
gas measuring flowmeter,,,气体流量计,,,,,0,0,,,
gas measuring tube,,,量气管,,,,,0,0,,,
gas mechanics,,,气体力学,,,,,0,0,,,
gas medium,,,气体介质,,,,,0,0,,,
gas membrane,,,气体薄膜,,,,,0,0,,,
gas membrane method,,,气体薄膜法,,,,,0,0,,,
gas metabolic determination,,,气体代谢检查,,,,,0,0,,,
gas metabolism,,,气体代谢,,,,,0,0,,,
gas metal arc,,,气体保护焊,,,,,0,0,,,
gas metal arc cutting,,,[化] 气体保护金属极电弧切割,,,,,0,0,,,
gas metal arc welding,,,"气体保护金属极电弧焊,熔化极气体保护焊",,,,,0,0,,,
gas metal arc welding (gmaw),,,气体金属弧銲,,,,,0,0,,,
gas metal arc welding-pulsed arc,,,熔化极脉冲氩弧焊,,,,,0,0,,,
gas metal-arc process,,,金属极气体保护电弧銲,,,,,0,0,,,
gas metal-arc welding,,,[化] 气体保护金属极电弧焊; 熔化极气体保护焊,,,,,0,0,,,
gas metal-arc welding(gmaw),,,气体遮护金属电弧銲［接］,,,,,0,0,,,
gas metalizator,,,金属喷涂器,,,,,0,0,,,
gas metallizator,,,金属喷涂器,,,,,0,0,,,
gas meter,,,[机] 气体流量计,,,,,0,0,s:gas meters,,
gas meter (diaphragm) leather,,,[化] 煤气表用革; 气表革,,,,,0,0,,,
gas meter leather,,,气表革,,,,,0,0,,,
gas metering,,,燃气计量,,,,,0,0,,,
gas meters,,,na. 煤气表；贮气器\n[网络] 气量计；燃气计量仪表；气体流量计,,,,,0,0,0:gas meter/1:s,,
gas microwave spectroscopy,,,[物] 气体微波波谱学,,,,,0,0,,,
gas migration,,,[矿业] 瓦斯流动,,,,,0,0,,,
gas mileage,ɡæs ˈmailidʒ,, 一加仑汽油所行驶的里程（汽油消耗定额）,,,,,0,0,s:gas mileages,,
gas mileages,,,每英里汽油消耗量；一加仑汽油所行驶的里程,,,,,0,0,0:gas mileage/1:s,,
gas mine,,,煤气矿,,,,,0,0,,,
gas mixing panel,,,混合气体控制板,,,,,0,0,,,
gas mixture,,,[化] 气态溶液; 气体混合物,,,,,0,0,,,
gas mixture control,,,混合气控制,,,,,0,0,,,
gas mixture lens,,,混合气体透镜,,,,,0,0,,,
gas mixture metal forming,,,混合气燃烧爆炸的金属成形,,,,,0,0,,,
gas model,,,(核的)气体模型,,,,,0,0,,,
gas modulator,,,气体调节器,,,,,0,0,,,
gas molecule in space,,,[物] 气相分子,,,,,0,0,,,
gas monitor,,,气体监测器,,,,,0,0,,,
gas monitoring,,,[网络] 气体监控；瓦斯监控；瓦斯监测,,,,,0,0,,,
gas mortar,,,毒气迫击炮,,,,,0,0,,,
gas motor,,,燃气机\n燃气发动机,,,,,0,0,,,
gas motor boat,,,[网络] 机动艇,,,,,0,0,,,
gas multiplication,,,[化] 气体放大作用,,,,,0,0,,,
gas multiplication factor,,,气体倍增系数,,,,,0,0,,,
gas munition,,,毒气弹药,,,,,0,0,,,
gas munitions,,,"化学武器,毒气弹药",,,,,0,0,,,
gas naphtha,,,气体石脑油,,,,,0,0,,,
gas natural,,,天然气,,,,,0,0,,,
gas nebula,,,气体星云,,,,,0,0,,,
gas network,,,燃气管网系统,,,,,0,0,,,
gas nipple,,,[化] 气嘴,,,,,0,0,,,
gas nitriding,,,气体氮化;气体渗氮,,,,,0,0,,,
gas nitriding medium,,,气体渗氮剂,,,,,0,0,,,
gas nitrocarburizing,,,气体氮碳共渗,,,,,0,0,,,
gas nitrocarburizing medium,,,气体氮碳共渗剂,,,,,0,0,,,
gas noise,,,[电] 气体杂讯,,,,,0,0,,,
gas notameter,,,气体量计,,,,,0,0,,,
gas nozzle,,,[化] 瓦斯喷嘴,,,,,0,0,,,
gas odorant,,,[化] 气体加嗅剂,,,,,0,0,,,
gas odorizer,,,[化] 气体气味鉴定器,,,,,0,0,,,
gas odorometer,,,气体臭味计,,,,,0,0,,,
gas of combustion,,,废气,,,,,0,0,,,
gas of gas reservoir,,,气藏气,,,,,0,0,,,
gas off take,,,[网络] 出气道,,,,,0,0,,,
gas off-take,,,出气道,,,,,0,0,,,
gas offtake target,,,采气目的层,,,,,0,0,,,
gas oil,,,[化] 瓦斯油,,,,,0,0,s:gas oils,,
gas oil cracking process,,,[化] 瓦斯油裂化法,,,,,0,0,,,
gas oil engine,,,汽油动力机,,,,,0,0,,,
Gas Oil Isomax,,,[化] 埃索麦克斯法(瓦斯油加氢裂化),,,,,0,0,,,
gas oil pressure gage,,,气体油料压力计,,,,,0,0,,,
gas oil pressure gauge,,,气体油料压力计,,,,,0,0,,,
gas oil pump,,,气体油料泵,,,,,0,0,,,
gas oil pyrolysis,,,[油气] 柴油裂解,,,,,0,0,,,
gas oil ratio,ɡæs ɔil ˈreiʃiəu,, 油气比,,,,,0,0,,,
gas oil solenoid valve,,,气体油料螺管阀,,,,,0,0,,,
gas oil steam cracking,,,瓦斯油蒸汽裂解,,,,,0,0,,,
gas oils,,,[美国英语]瓦斯油；粗柴油,,,,,0,0,0:gas oil/1:s,,
gas on,,,n. (Gason)人名；(法)加松,,,,,0,0,,,
gas operated smoke-house,,,煤气加热熏房,,,,,0,0,,,
gas orifice,,,喷气孔,,,,,0,0,,,
gas out,,,un. 排气\n[网络] 气侵；气体出气口,,,,,0,0,,,
gas outlet,,,排[导]气管,,,,,0,0,,,
gas outlet casing,,,[网络] 排气箱,,,,,0,0,,,
gas outlet chamber,,,[网络] 排气箱,,,,,0,0,,,
gas outlet hausing,,,涡轮出气壳,,,,,0,0,,,
gas outlet header,,,体出口总管,,,,,0,0,,,
gas outlet hole,,,气体出口孔,,,,,0,0,,,
gas outlet pipe,,,汽段出口管,,,,,0,0,,,
gas outlet port,,,体出口孔,,,,,0,0,,,
gas outlet temperature,,,体出口温度,,,,,0,0,,,
gas outlet valve,,,出气阀,,,,,0,0,,,
gas output,,,出气量;煤气输出量,,,,,0,0,,,
gas output per well,,,[油气] 单井产气量,,,,,0,0,,,
gas oven,ɡæs ˈʌvən,, 煤气炉,,,,,0,0,s:gas ovens,,
gas ovens,,,煤气炉；烤箱,,,,,0,0,0:gas oven/1:s,,
gas override,,,气体越顶流,,,,,0,0,,,
gas oxygen exhaust tower,,,氧气排放塔,,,,,0,0,,,
gas packed packaging,,,气体包装,,,,,0,0,,,
gas packing,,,充气包装,,,,,0,0,,,
gas pains,ɡæs peinz,, [医]胀痛,,,,,0,0,,,
gas panel,,,[计] 气体显示屏,,,,,0,0,,,
gas parameter,,,[化] 气体参数,,,,,0,0,,,
gas particle,,,气体粒子,,,,,0,0,,,
gas partition chromatography,,,气相分配色谱法,,,,,0,0,,,
gas partition process,,,气体分配程式,,,,,0,0,,,
gas pass,,,[锅炉内部]烟道,,,,,0,0,,,
gas pass baffle,,,气道阻板,,,,,0,0,,,
gas passage,,,[化] 气体通路,,,,,0,0,,,
gas path,,,气路,,,,,0,0,,,
gas pay,,,产气层,,,,,0,0,,,
gas payment,,,[油气] 天然气支付,,,,,0,0,,,
gas peak,,,尖峰气,,,,,0,0,,,
gas pedal,ɡæs ˈpedl,,"n. <美>加速者, 加速器",,,,,0,0,s:gas pedals,,
gas pedals,,,n. <美>加速者，加速器( gas pedal的名词复数 ),,,,,0,0,0:gas pedal/1:s,,
gas pellets,,,[化] 粒状发泡剂,,,,,0,0,,,
gas penetration port,,,体贯穿孔,,,,,0,0,,,
gas penetration slot,,,体贯穿缝,,,,,0,0,,,
gas period,,,un. 燃烧期,,,,,0,0,,,
gas peritonitis,,,[医] 气性腹膜炎,,,,,0,0,,,
gas permeability,,,[化] 透气性,,,,,0,0,,,
gas permeability constant,,,透气常数,,,,,0,0,,,
gas permeability of coal seam,,,煤层透气性,,,,,0,0,,,
gas permeable,,,adj. 透气的\n[网络] 透气镜片；高透氧,,,,,0,0,,,
gas permeable brick,,,透气砖,,,,,0,0,,,
gas permeable lens,,,[网络] 透气隐形眼镜,,,,,0,0,,,
gas permeable lenses,,,[网络] 透气性镜片；硬式透氧性隐形眼镜,,,,,0,0,,,
gas permeation,,,[化] 气体渗透; 透气,,,,,0,0,,,
gas permeation method,,,透气法,,,,,0,0,,,
gas phase,,,气相,,,,,0,0,,,
gas phase catalysis,,,[化] 气相催化; 气相催化作用,,,,,0,0,,,
gas phase chemiluminescence,,,气相化学发光,,,,,0,0,,,
gas phase chlorination,,,气相氯化,,,,,0,0,,,
gas phase chromatography,,,气相色谱法,,,,,0,0,,,
gas phase compressibility,,,相可压缩性,,,,,0,0,,,
gas phase control,,,[化] 气相控制; 气膜控制,,,,,0,0,,,
gas phase coulometry,,,[化] 气相库仑滴定法; 气相电量滴定法,,,,,0,0,,,
gas phase electron adsorption,,,气相电子吸附,,,,,0,0,,,
gas phase fluidization,,,"气相流(态)化,稀相流(态)化",,,,,0,0,,,
gas phase loading factor,,,[化] 气相动能因子,,,,,0,0,,,
gas phase mass flux density,,,相质量流密度,,,,,0,0,,,
gas phase mass transfer coefficient,,,[化] 气相传质系数,,,,,0,0,,,
gas phase permeation,,,气相渗透,,,,,0,0,,,
gas phase polymerization,,,"气相聚合, 气相聚合[作用]",,,,,0,0,,,
gas phase reaction,,,气相反应,,,,,0,0,,,
gas phase saturation,,,气相饱和度,,,,,0,0,,,
gas phase sedimentation,,,气相沉降,,,,,0,0,,,
gas phase sequentor,,,【生物工艺学】气相序列分析仪,,,,,0,0,,,
gas phase solid,,,气态固体,,,,,0,0,,,
gas phase titration,,,气相滴定,,,,,0,0,,,
gas phase volume flow rate,,,相体积流量,,,,,0,0,,,
gas phlegmon,,,"[医] 气性蜂窝织炎, 气性坏疽",,,,,0,0,s:gas phlegmons,,
gas phlegmons,,,"[医] 气性蜂窝织炎, 气性坏疽\n(gas phlegmon 的复数)",,,,,0,0,0:gas phlegmon/1:s,,
gas phototube,,,[电] 气体光电管,,,,,0,0,,,
gas pick up,,,[网络] 吸气,,,,,0,0,,,
gas pick-up,,,气,,,,,0,0,,,
gas pickling,,,气体侵蚀,,,,,0,0,,,
gas pilot,,,煤气引燃器,,,,,0,0,,,
gas pin,,,(气)针孔,,,,,0,0,,,
gas pipe,,,n. 煤气管,,,,,0,0,,,
gas pipe broken,,,[网络] 气管瘪,,,,,0,0,,,
gas pipe connection,,,[网络] 煤气管接头,,,,,0,0,,,
gas pipe connector,,,煤气管接头,,,,,0,0,,,
gas pipe hose,,,煤气软管,,,,,0,0,,,
gas pipe line,ɡæs paip lain,, 输气管道,,,,,0,0,,,
gas pipe line telemetry,,,天然气管道遥测,,,,,0,0,,,
gas pipe muffler,,,[网络] 气管消声器,,,,,0,0,,,
gas pipe tap,,,气管丝锥,,,,,0,0,,,
gas pipe thread,ɡæs paip θred,, 管子螺纹,,,,,0,0,,,
gas pipe tongs,,,[网络] 气管钳,,,,,0,0,,,
gas pipeline,,,煤气管道;煤气管线,,,,,0,0,,,
gas pipeline packed cock,,,煤气管道压缩式旋塞,,,,,0,0,,,
gas pipeline transportation service,,,煤气管道输送,,,,,0,0,,,
gas pipelines,,,[网络] 煤气管道；号规格的管阀箱,,,,,0,0,,,
gas pipet,,,量气管,,,,,0,0,,,
gas pipet(te),,,量气管,,,,,0,0,,,
gas pipette,,,"[医] 气体吸[量]管, 验气球管",,,,,0,0,,,
gas piping,,,气体管路;煤气管道,,,,,0,0,,,
gas pistol,,,手气枪,,,,,0,0,,,
gas piston,,,气体活塞,,,,,0,0,,,
gas piston ring,,,活塞压环,,,,,0,0,,,
gas pit,,,【地质学】逸气坑，瓦斯坑,,,,,0,0,,,
gas pitch,,,气体沥青,,,,,0,0,,,
gas plant,,,[化] 气体分馏装置; 天然气加工厂; 煤气厂,,,,,0,0,s:gas plants,,
gas plant products,,,[油气] 天然气加工厂产品,,,,,0,0,,,
gas plant wastewater,,,煤气生产废水,,,,,0,0,,,
gas plants,,,【植物】白鲜(Dictamnus albus)[亦称作 fraxinella dittany]；煤气厂,,,,,0,0,0:gas plant/1:s,,
gas plasma,,,气体等离子,,,,,0,0,,,
gas plasma display,,,[计] 等离子气体显示器,,,,,0,0,,,
gas plasma panel,,,气体等离子显示屏,,,,,0,0,,,
gas platform,,,气井钻台,,,,,0,0,,,
gas plating,,,气体敷镀,,,,,0,0,,,
gas plenum,,,[气]室，气腔,,,,,0,0,,,
gas pliers,,,气管钳,,,,,0,0,,,
gas plume,,,流，烟缕,,,,,0,0,,,
gas pocket,,,"[机] 气泡, 气孔",,,,,0,0,,,
gas pocket hypothesis,,,气囊假说,,,,,0,0,,,
gas poerated smoke-house,,,[网络] 煤气加热熏房,,,,,0,0,,,
gas point,,,煤气引入点,,,,,0,0,,,
gas poisoning,,,[化] 煤气中毒\n[医] 毒气中毒,,,,,0,0,,,
gas poker,,,引火煤气棒,,,,,0,0,,,
gas polarization,,,气体极化,,,,,0,0,,,
gas pollutant,,,[环境] 气体污染物,,,,,0,0,,,
gas pool,,,气藏,,,,,0,0,,,
gas pope,,,[机] 气管,,,,,0,0,,,
gas pope joint,,,[机] 气管接头,,,,,0,0,,,
gas pore,,,孔,,,,,0,0,,,
gas porosity,,,气孔,,,,,0,0,,,
gas port,,,"煤气口,煤气喷出口(平炉)",,,,,0,0,,,
gas port nose,,,煤气烧嘴口,,,,,0,0,,,
gas post,,,排气孔,,,,,0,0,,,
gas potential analysis,,,气势分析,,,,,0,0,,,
gas power engine,,,气发动机,,,,,0,0,,,
gas power plant,,,气发电厂，煤气发电厂,,,,,0,0,,,
gas power station,,,燃气发电厂,,,,,0,0,,,
gas power unit,,,气体动力单元,,,,,0,0,,,
gas powered boat,,,汽艇,,,,,0,0,,,
gas precharge valve,,,充气阀,,,,,0,0,,,
gas precipitation flotation,,,气泡析出浮选,,,,,0,0,,,
gas precooling,,,气体预冷,,,,,0,0,,,
gas preheater,,,气体预热器,,,,,0,0,,,
gas press,,,瓦斯压力,,,,,0,0,,,
gas pressue relay,,,[电] 气压电驿器,,,,,0,0,,,
gas pressure,ɡæs ˈpreʃə,, 气压，气体压强,,,,,0,0,s:gas pressures,,
gas pressure alarm device,,,降压告警器,,,,,0,0,,,
gas pressure bonding,,,气压粘合,,,,,0,0,,,
gas pressure cable,ɡæs ˈpreʃə ˈkeibl,, 压缩气体电缆,,,,,0,0,,,
gas pressure compacting,,,气压成形,,,,,0,0,,,
gas pressure consolidation,,,气压固结,,,,,0,0,,,
gas pressure feed system,,,[网络] 气体馈送系统；挤压式输送系统,,,,,0,0,,,
gas pressure head,,,气压头,,,,,0,0,,,
gas pressure indicator,,,气压表,,,,,0,0,,,
gas pressure inlet,,,[化] 气体压入口,,,,,0,0,,,
gas pressure lubrication feed,,,[网络] 气压润滑法,,,,,0,0,,,
gas pressure meter,,,[网络] 气体压力计,,,,,0,0,,,
gas pressure protection,,,气体压力保护,,,,,0,0,,,
gas pressure reducing equipment,,,[网络] 煤气减压装置,,,,,0,0,,,
gas pressure regulating station,,,燃气调压站,,,,,0,0,,,
gas pressure regulation,,,燃气压力调节,,,,,0,0,,,
gas pressure regulator,,,(煤)气压调节器,,,,,0,0,,,
gas pressure regulator station,,,气体燃料整压站,,,,,0,0,,,
gas pressure relay,,,气压继电器,,,,,0,0,,,
gas pressure sintering,,,气氛加压烧结法,,,,,0,0,,,
gas pressure supervision alarm system,,,气压监警设备,,,,,0,0,,,
gas pressure test,,,气压试验,,,,,0,0,,,
gas pressure vessel,,,[网络] 气体压力容器,,,,,0,0,,,
gas pressure weld,,,[网络] 瓦斯压接焊接法,,,,,0,0,,,
gas pressure welding,,,[机] 气体压力熔接,,,,,0,0,,,
gas pressure welding machine,,,[网络] 气压焊接机,,,,,0,0,,,
gas pressure-regulating station,,,煤气调压站,,,,,0,0,,,
gas pressures,,,【工程】气压,,,,,0,0,0:gas pressure/1:s,,
gas pressurization,,,气体挤压,,,,,0,0,,,
gas pressurization system,,,气体加压系统,,,,,0,0,,,
gas pressurized rocket motor,,,[网络] 气压式液体火箭发动机,,,,,0,0,,,
gas pressurized system,,,增压系统,,,,,0,0,,,
gas probe,,,气体分析探头;气体试探电极,,,,,0,0,,,
gas processing,,,气体处理,,,,,0,0,,,
gas processing plant,,,气体加工装置,,,,,0,0,,,
gas producer,,,[化] 煤气发生炉,,,,,0,0,,,
gas producer furnace,,,煤气发生炉,,,,,0,0,,,
gas producer locomotive,,,燃气发生炉机车,,,,,0,0,,,
gas producer retort,,,煤气发生炉罐,,,,,0,0,,,
gas producer vehicle,,,[网络] 煤气发生炉汽车,,,,,0,0,,,
gas producing bacteria,,,产气细菌,,,,,0,0,,,
gas producing bacterium,,,产气菌,,,,,0,0,,,
gas producing tissue,,,泌气组织,,,,,0,0,,,
gas producing well,,,气井,,,,,0,0,,,
gas producting rate,,,[油气] 采气速度,,,,,0,0,,,
gas production,,,"[经] 采气量, 采气",,,,,0,0,,,
gas production technology,,,采气工艺,,,,,0,0,,,
gas productivity index,,,采气指标,,,,,0,0,,,
gas project,,,输油管建设计划,,,,,0,0,,,
gas projectile,,,毒气弹,,,,,0,0,,,
gas projection,,,瓦斯突出,,,,,0,0,,,
gas projector,,,毒气掷射器,,,,,0,0,,,
gas proof,ɡæs pru:f,, 气密的,,,,,0,0,,,
gas proof apparatus,,,防气体燃爆装置,,,,,0,0,,,
gas proof curtain,,,气帘;气幕,,,,,0,0,,,
gas proof machine,,,防瓦斯式电机,,,,,0,0,,,
gas proof sealing,,,[网络] 气密密封,,,,,0,0,,,
gas proof test,,,[网络] 气密性试验,,,,,0,0,,,
gas proofing,,,"防(毒)气处理,不透气",,,,,0,0,,,
gas proofness,,,[化] 不透气性; 气密性,,,,,0,0,,,
gas propellant rocket,,,气体火箭发动机,,,,,0,0,,,
gas properties,,,气体性质,,,,,0,0,,,
gas property,,,[网络] 气体性质,,,,,0,0,,,
gas proportional counter,,,气体正比计数器,,,,,0,0,,,
gas proportional detector,,,[网络] 气体正比检测器,,,,,0,0,,,
gas proportional scintillation counter,,,气体正比闪烁计数器,,,,,0,0,,,
gas proportioning damper,,,气[比例]调节挡板,,,,,0,0,,,
gas propulsive,,,气体推进,,,,,0,0,,,
gas protection,,,[化] 毒气防护,,,,,0,0,,,
gas protection boot,,,防毒气靴,,,,,0,0,,,
gas protection clothing,,,防毒气衣,,,,,0,0,,,
gas protection cover,,,防毒气帐幕,,,,,0,0,,,
gas protection equipment,,,防毒器材,,,,,0,0,,,
gas protection glove,,,"防毒[气]手套, 防毒气手套",,,,,0,0,,,
gas protection goggles,,,"防毒气眼镜, 防毒[气]护目镜",,,,,0,0,,,
gas protection room,,,防毒气室,,,,,0,0,,,
gas protective clothing,,,防毒气服装,,,,,0,0,,,
gas province,,,产气区,,,,,0,0,,,
gas pseudo-critical constant,,,气体假临界常数,,,,,0,0,,,
gas pulsation,,,气流脉动,,,,,0,0,,,
gas pulse frequency,,,燃气脉冲频率,,,,,0,0,,,
gas pulverized coal fired boiler,,,[网络] 气体煤粉混合燃烧炉,,,,,0,0,,,
gas pump,ɡæs pʌmp,, 气体泵，气泵,,,,,0,0,s:gas pumps,,
gas pump cycle,,,气泵循环,,,,,0,0,,,
gas pump meter,,,气泵表,,,,,0,0,,,
gas pump thermocouple,,,[网络] 抽气式热电偶,,,,,0,0,,,
gas pumps,,,n. 加油站\n[网络] 汽油加油泵；气体泵图片,,,,,0,0,0:gas pump/1:s,,
gas purchase,,,购入量,,,,,0,0,,,
gas purge,,,气体净化;气体清洗,,,,,0,0,,,
gas purge system,,,气体净化系统,,,,,0,0,,,
gas purged pressure recording gauge,,,[网络] 补气引压式验潮仪,,,,,0,0,,,
gas purger,,,放气器;不凝性气体排除器;气体排放器,,,,,0,0,,,
gas purging,,,气体的排除[排放],,,,,0,0,,,
gas purification,,,气体净化,,,,,0,0,,,
gas purification catalyst,,,气体净化催化剂,,,,,0,0,,,
gas purification loop,,,体净化回路,,,,,0,0,,,
gas purification plant,,,体净化装置,,,,,0,0,,,
gas purification system reflux,,,体净化系统回流,,,,,0,0,,,
gas purification tower,,,煤气净化塔,,,,,0,0,,,
gas purification train,,,气体纯化组列,,,,,0,0,,,
gas purifier,,,煤气净化器,,,,,0,0,,,
gas purifiers,,,[机] 气体渠化器,,,,,0,0,,,
gas purifying,,,煤气净化,,,,,0,0,,,
gas purifying apparatus,,,气体净化器,,,,,0,0,,,
gas purifying equipment,,,[化工 环境] 气体净化设备,,,,,0,0,,,
gas purifying installation,,,气体净化装置,,,,,0,0,,,
gas purifying process,,,[化] 气体净化法,,,,,0,0,,,
gas purifying system,,,体净化系统,,,,,0,0,,,
gas purity,,,体纯度,,,,,0,0,,,
gas pyrometer,,,气体高温计,,,,,0,0,,,
gas quantity,,,[电子] 气体量,,,,,0,0,,,
gas quench system,,,体冷却装置,,,,,0,0,,,
gas quenching,,,气体介质淬火,,,,,0,0,,,
gas radiation,,,气体辐射,,,,,0,0,,,
gas radiation counter,,,气体辊射计,,,,,0,0,,,
gas radiator,,,煤气放热器;煤气供暖器;燃气放热器,,,,,0,0,,,
gas radioactivity meter,,,气体放射性测量计,,,,,0,0,,,
gas range,,,[化] 煤气灶,,,,,0,0,s:gas ranges,,
gas ranges,,,[美国英语]煤气灶，煤气炉,,,,,0,0,0:gas range/1:s,,
gas rated pressure,,,燃气额定压力,,,,,0,0,,,
gas rates,,, 煤气费,,,,,0,0,,,
gas ratio,,,[电] 气体比例,,,,,0,0,,,
gas ratio control,,,气体比率控制,,,,,0,0,,,
gas ration,,,汽油消耗定额,,,,,0,0,,,
gas reaction,,,气体反应,,,,,0,0,,,
gas reaction stage,,,气体反应载品台,,,,,0,0,,,
gas reactor,,,冷[反应]堆,,,,,0,0,,,
gas receiver,,,气柜;储气桶,,,,,0,0,,,
gas recirculating fan,,,烟气再循环风机,,,,,0,0,,,
gas recirculation,,,气体再循环,,,,,0,0,,,
gas recirculation fan,,,烟气再循环风机,,,,,0,0,,,
gas recirculation system,,,废气再循环系统,,,,,0,0,,,
gas recoil chamber,,,"反冲粒子气室, 气体反冲室",,,,,0,0,,,
gas recombination,,,气体复合,,,,,0,0,,,
gas recombiner,,,气体复合器,,,,,0,0,,,
gas recovery,,,"[化] 气体分馏; 气体回收\n[经] 采气, 天然气回收",,,,,0,0,,,
gas recovery system,,,气体回收系统,,,,,0,0,,,
gas recovery well,,,[油气] 采气井,,,,,0,0,,,
gas recycle process,,,气体循环过程,,,,,0,0,,,
gas recycle pump,,,气体循环泵,,,,,0,0,,,
gas recyclers and gas handling equipment,,,"气体再生设备,气体填充设备",,,,,0,0,,,
gas recycling,,,循环注气,,,,,0,0,,,
gas referees' photometer,,,气体检验光度计,,,,,0,0,,,
gas refinery,,,"炼制气, 炼油气",,,,,0,0,,,
gas reflux,,,气体回流,,,,,0,0,,,
gas reflux apparatus,,,气体回流装置,,,,,0,0,,,
gas reformer,,,煤气体转化器,,,,,0,0,,,
gas reforming,,,气体转化;煤气转化(从高卡煤气转化为低卡煤气的过程),,,,,0,0,,,
gas refractometer,,,气体折射计,,,,,0,0,,,
gas refrigerating machine,,,气体致冷机,,,,,0,0,,,
gas refrigerating process,,,气体冷冻过程,,,,,0,0,,,
gas refrigeration,,,气体冷冻;煤气制冷,,,,,0,0,,,
gas refrigeration cycle,,,气体制冷循环,,,,,0,0,,,
gas refrigerator,,,[化] 压缩气体冷冻机,,,,,0,0,,,
gas regenerator,,,煤气蓄热室,,,,,0,0,,,
gas regenerator chamber,,,煤气蓄热室,,,,,0,0,,,
gas register,,,气压自记器,,,,,0,0,,,
gas regulating valve,,,[网络] 气体调节阀；煤气调节阀,,,,,0,0,,,
gas regulation,,,气体调节,,,,,0,0,,,
gas regulator,,,[医] 气体调节器,,,,,0,0,,,
gas reheater,,,烟气加热式再热器,,,,,0,0,,,
gas reheating,,,体再热,,,,,0,0,,,
gas relay,,,闸流管,,,,,0,0,,,
gas release,,,气，放气,,,,,0,0,,,
gas relief line,,,气管线，减压管道,,,,,0,0,,,
gas relief valve,,,煤气安全阀,,,,,0,0,,,
gas removal,ɡæs riˈmu:vəl,, 脱气,,,,,0,0,,,
gas removal chamber,,,气室,,,,,0,0,,,
gas replacement,,,气体置换,,,,,0,0,,,
gas replacement testing,,,气体置换试验,,,,,0,0,,,
gas reserves,,,瓦斯储量,,,,,0,0,,,
gas reservior,,,天然气储层;储气岩,,,,,0,0,,,
gas reservoir,,,煤气存储器,,,,,0,0,,,
gas reservoir engineering,,,气藏工程学,,,,,0,0,,,
gas reservoir model,,,汽油库模型,,,,,0,0,,,
gas reservoir truck,,,筒式运煤汽车,,,,,0,0,,,
gas residence time,,,气体停留时间,,,,,0,0,,,
gas residual,,,残留气 ; 残余气,,,,,0,0,,,
gas resistance,,,间隙电阻,,,,,0,0,,,
gas resistance detector,,,气阻侦检器,,,,,0,0,,,
gas resorbing tissue,,,泌气组织,,,,,0,0,,,
gas retaining property,,,气体保持本领,,,,,0,0,,,
gas retention age,,,气体保留年龄,,,,,0,0,,,
gas retention system,,,体滞留系统,,,,,0,0,,,
gas retort,,,干馏甑;干馏炉,,,,,0,0,,,
gas retort carbon,,,煤气甑碳,,,,,0,0,,,
gas retrograde condensation,,,天然气逆变凝结,,,,,0,0,,,
gas return path,,,气体回路,,,,,0,0,,,
gas reversal chamber,,,气转向室,,,,,0,0,,,
gas reversion,,,[机] 烃气再转化,,,,,0,0,,,
gas reversion process,,,[化] 叠合重整过程(气态烃或汽油馏分裂化改质过程),,,,,0,0,,,
gas reversion reaction,,,裂化改质反应,,,,,0,0,,,
gas rice cooker,,,瓦斯炊饭锅,,,,,0,0,,,
gas rich,,,富气,,,,,0,0,,,
gas rifle,,,瓦斯气枪,,,,,0,0,,,
gas rifle grenade,,,毒气枪榴弹,,,,,0,0,,,
gas rig,,,[矿业] 气体或液体燃料钻机,,,,,0,0,,,
gas ring,ɡæs riŋ,,n. 小煤气炉,,,,,0,0,s:gas rings,,
gas ring burner,,,环形气体燃烧器,,,,,0,0,,,
gas ring laser,,,环形气体激光器,,,,,0,0,,,
gas rings,,,na. (有环形喷火头的)煤气灶,,,,,0,0,0:gas ring/1:s,,
gas roaster,,,煤气焙烧炉;煤气烘烤机,,,,,0,0,,,
gas rotameter,,,气体浮子流量计；气体转子流量计,,,,,0,0,,,
gas rudder,,,燃气舵,,,,,0,0,,,
gas sample,,,气体取样,,,,,0,0,,,
gas sample bulb,,,气体试样球管,,,,,0,0,,,
gas sample collector,,,气体取样器,,,,,0,0,,,
gas sample introduction,,,气体样品进样,,,,,0,0,,,
gas sample scrubber,,,气样洗涤器,,,,,0,0,,,
gas sample tube,,,气体采样管;气体取样管,,,,,0,0,,,
gas sampler,,,气体采样管;气体取样器,,,,,0,0,,,
gas sampling,,,气体采样;气体取样,,,,,0,0,,,
gas sampling device,,,气体取样设备,,,,,0,0,,,
gas sampling equipment,,,气体取样设备,,,,,0,0,,,
gas sampling line,,,[网络] 气体取样管,,,,,0,0,,,
gas sampling pipe,,,气体取样管,,,,,0,0,,,
gas sampling probe,,,烟气取样管,,,,,0,0,,,
gas sampling system,,,体采样系统,,,,,0,0,,,
gas sampling tap,,,气体取样分接头,,,,,0,0,,,
gas sampling tube,,,[化] 气体取样管,,,,,0,0,,,
gas sampling valve,,,[化] 气体进样阀,,,,,0,0,,,
gas sand,,,气层;天然气砂;天然气砂岩,,,,,0,0,,,
gas saturation,,,气体饱和率,,,,,0,0,,,
gas saver,,,节气器,,,,,0,0,,,
gas scale,,,体温标,,,,,0,0,,,
gas scales of temperature,,,气体温标,,,,,0,0,,,
gas scattering,,,[电] 气体散射,,,,,0,0,,,
gas scattering chamber,,,气体散射室,,,,,0,0,,,
gas scavenger,,,煤气净化剂,,,,,0,0,,,
gas scavenging flange,,,气体冲洗法兰,,,,,0,0,,,
gas scintillation detector,ɡæs sintiˈleiʃən dɪˈtektə,, [医]气体闪烁探测器,,,,,0,0,,,
gas scintillator,,,气体闪烁体,,,,,0,0,,,
gas scintillator detector,,,气体闪烁探测器,,,,,0,0,,,
gas scrubber,,,[化] 气体洗涤器,,,,,0,0,,,
gas scrubbing,,,[机] 洗气过程,,,,,0,0,,,
gas scrubbing oil,,,[化] 涤气油,,,,,0,0,,,
gas scrubbing system,,,[化] 气体洗涤设备,,,,,0,0,,,
gas scrubbing tower,,,[化] 气体洗涤塔,,,,,0,0,,,
gas scrubbing unit,,,气体净化装置,,,,,0,0,,,
gas seal,,,[化] 气封,,,,,0,0,,,
gas seal bell,,,气封钟形盖,,,,,0,0,,,
gas seal durability,,,气密件寿命,,,,,0,0,,,
gas seal mechanical sodium pump,,,体密封式机械钠泵,,,,,0,0,,,
gas sealing,,,气封,,,,,0,0,,,
gas sealing agent,,,气密封剂,,,,,0,0,,,
gas sealing mechanism,,,气密封机,,,,,0,0,,,
gas sealing system,,,气封系统,,,,,0,0,,,
gas secretion,,,泌气,,,,,0,0,,,
gas section,,,气体区间,,,,,0,0,,,
gas seep,,,气苗,,,,,0,0,,,
gas seepage,,,气体渗出,,,,,0,0,,,
gas segregating baffle,,,隙隔板(汽轮发电机的),,,,,0,0,,,
gas segregation,,,[网络] 气体偏析,,,,,0,0,,,
gas sensing,,,气体感测,,,,,0,0,,,
gas sensing device,,,气敏器件,,,,,0,0,,,
gas sensing electrode,,,[化] 气敏电极,,,,,0,0,,,
gas sensitive device,,,[电子] 气敏器件,,,,,0,0,,,
gas sensitive effect,,,气敏效应,,,,,0,0,,,
gas sensitive element,,,气敏半导体元件,,,,,0,0,,,
gas sensitive leak locator,,,气敏查漏仪,,,,,0,0,,,
gas sensitive metal,,,[网络] 气敏金属,,,,,0,0,,,
gas sensitive resistor,,,气敏电阻器,,,,,0,0,,,
gas sensor,,,气敏元件,,,,,0,0,,,
gas sensory semiconductor,,,气敏半导体,,,,,0,0,,,
gas separating,,,[化] 气体分离,,,,,0,0,,,
gas separation,,,气流分离,,,,,0,0,,,
gas separation by diffusion,,,[化] 气体扩散分离,,,,,0,0,,,
gas separation circuit,,,体分离回路,,,,,0,0,,,
gas separation plant,,,气体分离装置,,,,,0,0,,,
gas separation unit,,,气体分离装置,,,,,0,0,,,
gas separator,,,[化] 气体分离器,,,,,0,0,,,
gas sepsis,,,气疽败血症,,,,,0,0,,,
gas service,,,[网络] 天然气服务,,,,,0,0,s:gas services,,
gas service pipe,,,气体支管,,,,,0,0,,,
gas service pipes,,,气体分配管,,,,,0,0,,,
gas services,,,[网络] 天然气服务\n(gas service 的复数),,,,,0,0,0:gas service/1:s,,
gas shaft (gas trunk),,,通气窗,,,,,0,0,,,
gas shaft hood,,,气囱罩,,,,,0,0,,,
gas shale,,,油页岩;气油页岩,,,,,0,0,,,
gas sheath stabilization,,,气鞘致稳,,,,,0,0,,,
gas shell,ɡæs ʃel,, 毒气炮弹,,,,,0,0,s:gas shells,,
gas shells,,,毒气弹；毒气炮弹,,,,,0,0,0:gas shell/1:s,,
gas shelter,,,避毒气所,,,,,0,0,,,
gas shield,,,[化] 气屏蔽; 气体保护; 气罩,,,,,0,0,,,
gas shield welding,,,气体保护弧焊,,,,,0,0,,,
gas shielded arc welding,,,[化] 气体保护电弧焊,,,,,0,0,,,
gas shielded arc welding machine,,,气保护弧焊机,,,,,0,0,,,
gas shielded arc-welding machine,,,气体保护弧焊机,,,,,0,0,,,
gas shielded electrode,,,气包焊条,,,,,0,0,,,
gas shielded magnetic flux arc welding,,,磁性焊剂气体保护焊,,,,,0,0,,,
gas shielded metal arc welding,,,[网络] 气体保护熔化极电弧焊,,,,,0,0,,,
gas shielded metal-arc welding,,,[化] 气体保护金属弧焊,,,,,0,0,,,
gas shielded welding,,,气体保护焊,,,,,0,0,,,
gas shielded welding machine,,,[机] 气体保护焊机,,,,,0,0,,,
gas shielder arc welding,,,[网络] 气体保,,,,,0,0,,,
gas shift,,,水煤气转化,,,,,0,0,,,
gas shift process,,,水煤气转化程序,,,,,0,0,,,
gas shift reaction,,,水煤气转化反应,,,,,0,0,,,
gas shock,,,气流冲击;气流激波;气震,,,,,0,0,,,
gas show,,,气显示;天然气苗,,,,,0,0,,,
gas shuttle pipe,,,体传送器,,,,,0,0,,,
gas side,,,气侧,,,,,0,0,,,
gas side energy imbalance at furnace exit,,,炉膛出口气体侧面能量不平衡,,,,,0,0,,,
gas siliconizing,,,气体渗硅,,,,,0,0,,,
gas singeing,,,煤气烧毛,,,,,0,0,,,
gas singeing machine,,,煤气烧毛机,,,,,0,0,,,
gas singeing range,,,两用气体烧毛机,,,,,0,0,,,
gas singer,,,[网络] 煤气烧毛机,,,,,0,0,,,
gas sinter,,,un. 煤气烧结矿,,,,,0,0,,,
gas sipper,,,[网络] 省油户,,,,,0,0,,,
gas skirt,,,集气罩,,,,,0,0,,,
gas slag,,,煤气沉渣室,,,,,0,0,,,
gas slag arch,,,煤气沉渣室拱顶(平炉),,,,,0,0,,,
gas slippage,,,气体滑动,,,,,0,0,,,
gas slug,,,栓，气节,,,,,0,0,,,
gas smothering system,,,[网络] 气体窒息灭火系统,,,,,0,0,,,
gas smothering system in cargo hold,,,货舱惰气灭火系统货舱气体灭火系统,,,,,0,0,,,
gas smothering system in cargo space,,,货舱惰性气体灭火装置,,,,,0,0,,,
gas smothering system in machinery space,,,机舱惰性气体灭火装置,,,,,0,0,,,
gas snifter,,,= explosimeter,,,,,0,0,,,
gas snow melter,,,煤气融雪器,,,,,0,0,,,
gas soft nitriding,,,气体软氮化,,,,,0,0,,,
gas soldering copper,,,气热(紫铜)烙铁,,,,,0,0,,,
gas solenoid,,,气管电磁阀,,,,,0,0,,,
gas solid chromatography,,,[化] 气固色谱法,,,,,0,0,,,
gas solid contact,,,[网络] 气固接触,,,,,0,0,,,
gas solid equilibrium,,,[化] 气固平衡,,,,,0,0,,,
gas solid interaction,,,气相固相相互作用,,,,,0,0,,,
gas solid interface,,,un. 气体固界面\n[网络] 气固两态界面；气固界面；气体-固体界面,,,,,0,0,,,
gas solid two-phase flow,,,气固两相流,,,,,0,0,,,
gas solubility,,,[机] 气体溶解度,,,,,0,0,,,
gas solubility factor,,,气溶解因数,,,,,0,0,,,
gas solution,,,溶液,,,,,0,0,,,
gas solution interface,,,气溶液界面,,,,,0,0,,,
gas sorption,,,气体吸附,,,,,0,0,,,
gas sour,,,酸气,,,,,0,0,,,
gas source,,,气体源,,,,,0,0,,,
gas source bed,,,气源层,,,,,0,0,,,
gas source diffusion,,,气源扩散,,,,,0,0,,,
gas source molecular beam epitaxy,,,气体源分子束外延,,,,,0,0,,,
gas space,,,气体空间,,,,,0,0,,,
gas space heater,,,燃气供暖器,,,,,0,0,,,
gas sparger,,,气体鼓泡搅拌器,,,,,0,0,,,
gas sparging,,,气体喷洒,,,,,0,0,,,
gas specific gravity,,,相对气体比重,,,,,0,0,,,
gas specific gravity asymmtrical beam,,,气体比重非对称樑,,,,,0,0,,,
gas specific heat,,,气体比热,,,,,0,0,,,
gas specific volume,,,气体比容,,,,,0,0,,,
gas specific weight,,,气体比重,,,,,0,0,,,
gas spectrometer,,,气体光谱分析仪,,,,,0,0,,,
gas sphere,,,"气界,气圈",,,,,0,0,,,
gas spirit,,,[化] 气态汽油; 气体汽油,,,,,0,0,,,
gas spirit recovery,,,气体汽油回收,,,,,0,0,,,
gas spout,,,喷气口,,,,,0,0,,,
gas spray,,,"气体喷射；瓦斯喷射, 气体喷射;瓦斯喷射",,,,,0,0,,,
gas spring,,,气压弹簧,,,,,0,0,,,
gas springs,,,[机] 气弹簧，气压弹簧；气泉,,,,,0,0,,,
gas spurt,,,气喷聚集,,,,,0,0,,,
gas standard,,,气体参数,,,,,0,0,,,
gas standard source,,,[核] 气体标准源,,,,,0,0,,,
gas start system,,,气体起动系统,,,,,0,0,,,
gas starter,,,煤气起动机,,,,,0,0,,,
gas starter distributer,,,气体起动分配器,,,,,0,0,,,
gas starter system,,,气体起动系统,,,,,0,0,,,
gas state equation,,,气体状态方程,,,,,0,0,,,
gas station,,,加油站,,1,,,0,0,s:gas stations,,
gas station attendant,ɡæs ˈsteiʃən əˈtendənt,, 加油工,,,,,0,0,,,
gas stations,,,na. 〈美〉(汽油)加油站\n[网络] 和加油站；汽油站,,,,,0,0,0:gas station/1:s,,
gas stay time,,,燃气停留时间,,,,,0,0,,,
gas steel pipe,,,煤气钢管,,,,,0,0,,,
gas sterilization,,,气体灭菌法,,,,,0,0,,,
gas sterilizer,,,气体消毒器,,,,,0,0,,,
gas stimulation,,,激化采气,,,,,0,0,,,
gas stocks and dies,,,[建] 煤气管螺丝板牙和扳手,,,,,0,0,,,
gas stop cock,,,[网络] 停气旋塞,,,,,0,0,,,
gas storage,,,汽体贮藏,,,,,0,0,,,
gas storage heater,,,煤气储热器,,,,,0,0,,,
gas storage holder,,,储气器[罐],,,,,0,0,,,
gas storage in end segment,,,[油气] 末段储气,,,,,0,0,,,
gas storage of spacecraft cabin,,,[航] 飞船气体储存,,,,,0,0,,,
gas storage reservoir,,,煤气罐,,,,,0,0,,,
gas storage room,,,"气调贮藏室,气调仓库",,,,,0,0,,,
gas storage tank,,,储气箱,,,,,0,0,,,
gas store,,,体贮存[装置],,,,,0,0,,,
gas stove,,,[化] 煤气炉,,,,,0,0,s:gas stoves,,
gas stoves,,,[网络] 求购煤气炉；求购煤气灶；瓦斯炉具,,,,,0,0,0:gas stove/1:s,,
gas strainer,,,滤气器,,,,,0,0,,,
gas stratification,,,气体停滞区,,,,,0,0,,,
gas stratum,,,含气层，气层(单层),,,,,0,0,,,
gas stream,,,气体流,,,,,0,0,,,
gas stream atomizer,,,气流喷雾器,,,,,0,0,,,
gas streaming,,,"气涌作用, 气体流动",,,,,0,0,,,
gas strength,,,气体浓度,,,,,0,0,,,
gas stripper,,,气体剥离器,,,,,0,0,,,
gas stripper column,,,气柱,,,,,0,0,,,
gas stripper condenser,,,气器冷凝器,,,,,0,0,,,
gas stripper extraction pump,,,气器吸入泵,,,,,0,0,,,
gas stripper feed pump,,,气器给水泵,,,,,0,0,,,
gas stripper preheater,,,气器预热器,,,,,0,0,,,
gas stripper reflux condenser,,,气器回流冷凝器,,,,,0,0,,,
gas stripping,,,气体剥离,,,,,0,0,,,
gas stroage room,,,[网络] 充气储藏室,,,,,0,0,,,
gas stunning,,,"气体昏厥[法], 气体昏厥法",,,,,0,0,,,
gas suction nozzle,,,体吸入接管,,,,,0,0,,,
gas supply,,,[化] 气体供应; 供气,,,,,0,0,,,
gas supply assembly,,,供气组件,,,,,0,0,,,
gas supply line,,,供气管道,,,,,0,0,,,
gas supply pipe,,,[网络] 燃气输送管；瓦斯管,,,,,0,0,,,
gas supply regulator,,,供气调节器,,,,,0,0,,,
gas supply station,,,气源站,,,,,0,0,,,
gas supply system,,,供气系统,,,,,0,0,,,
gas survey,,,气体测量,,,,,0,0,,,
gas surveying,,,[矿业] 瓦斯测量,,,,,0,0,,,
gas suspension,,,气浮支承,,,,,0,0,,,
gas suspension fuel,,,气体悬浮燃料,,,,,0,0,,,
gas sweet,,,"脱臭气 ; 无硫天然气, 甜气",,,,,0,0,,,
gas sweetening,,,[化] 气体净化; 气体脱硫,,,,,0,0,,,
gas sweetening unit,,,气体脱硫装置,,,,,0,0,,,
gas swept surface,,,气冲刷的受热面,,,,,0,0,,,
gas synthesis,,,合成天然气,,,,,0,0,,,
gas syringe,,,气体针筒,,,,,0,0,,,
gas syringes,,,气体针筒,,,,,0,0,,,
gas system,,,气体系统,,,,,0,0,s:gas systems,,
gas systems,,,气体系统,,,,,0,0,0:gas system/1:s,,
gas table,,,[机] 气体表,,,,,0,0,,,
gas tail,,,【天文学】(彗星的)气体彗尾，离子彗尾,,,,,0,0,,,
gas take,,,滤气阀,,,,,0,0,,,
gas tank,,,[电] 煤气槽,,,,,0,0,s:gas tanks,,
gas tank bracket,,,储气箱架;汽油箱架,,,,,0,0,,,
gas tank cap,,,汽油箱盖;储气箱盖,,,,,0,0,,,
gas tank filler,,,汽油箱加油器,,,,,0,0,,,
gas tank float,,,汽油箱浮子,,,,,0,0,,,
gas tank gage,,,汽油表,,,,,0,0,,,
gas tank truck,,,煤气槽车,,,,,0,0,,,
gas tank valve,,,[网络] 汽油箱汽门,,,,,0,0,,,
gas tanker,,,汽油油罐车\n气槽船,,,,,0,0,,,
gas tanker terminal,,,[网络] 气体船码头,,,,,0,0,,,
gas tanker terminal operater,,,[网络] 气体船码头营运人,,,,,0,0,,,
gas tanks,,,un. 汽车上的油箱；煤气罐；储气罐；气柜\n[网络] 瓦斯槽；煤气坦克,,,,,0,0,0:gas tank/1:s,,
gas tap,,,"[机] 气管螺丝攻, 管螺丝攻",,,,,0,0,,,
gas tar,,,[医] 煤[气]焦油,,,,,0,0,,,
gas target,,,气体靶,,,,,0,0,,,
gas tax,,,"[经] 气(瓦斯,天然气,煤气)税",,,,,0,0,,,
gas technology,,,[电子] 气体工艺技术,,,,,0,0,,,
gas telemeter,,,[矿业] 瓦斯遥测仪,,,,,0,0,,,
gas temperature,,, 气体温度,,,,,0,0,,,
gas temperature controller,,,燃气温度调节器,,,,,0,0,,,
gas temperature gauge,,,[网络] 气温计,,,,,0,0,,,
gas temperature probe,,,气体温度探头,,,,,0,0,,,
gas temperature ranges,,,气体温度范围,,,,,0,0,,,
gas tempering,,,烟气调节,,,,,0,0,,,
gas tension,,,气体张力,,,,,0,0,,,
gas terminal,,,气体码头,,,,,0,0,,,
gas test,,,气体分析;空隙试验,,,,,0,0,,,
gas tester,,,气体鉴定器,,,,,0,0,,,
gas testing,,,[油气] 试气,,,,,0,0,,,
gas testing lamp,ɡæs ˈtestiŋ læmp,, 沼气检验灯,,,,,0,0,,,
gas tetrode,,,[电] 气体四极管,,,,,0,0,,,
gas theory,,,气体说,,,,,0,0,,,
gas thermometer,,,[化] 气体温度计,,,,,0,0,s:gas thermometers,,
gas thermometer calibration,,,气体温度计校正,,,,,0,0,,,
gas thermometer equation,,,气体温度计方程,,,,,0,0,,,
gas thermometers,,,【工程】气体温度计,,,,,0,0,0:gas thermometer/1:s,,
gas thermometre,,,气体温度计,,,,,0,0,,,
gas thermometric absolute temperature,,,气体温度量测绝对温度,,,,,0,0,,,
gas thermometry,,,气体测温法,,,,,0,0,,,
gas thermostatic switch,,,气体恒温开关,,,,,0,0,,,
gas thread,,,"[机] 管螺纹, 气管螺纹",,,,,0,0,,,
gas throttle lever,,,煤气节流杆,,,,,0,0,,,
gas throughput,,,体通过量,,,,,0,0,,,
gas thrust bearing,,,气体推力轴承,,,,,0,0,,,
gas tight,,,[化] 气密,,,,,0,0,,,
gas tight bulk head,,,气密隔墙,,,,,0,0,,,
gas tight bulkhead,,,[网络] 气密舱壁,,,,,0,0,,,
gas tight casting,,,[网络] 气密铸件,,,,,0,0,,,
gas tight chamber,,,气密室,,,,,0,0,,,
gas tight container,,,[网络] 气密容器,,,,,0,0,,,
gas tight housing,,,[网络] 密封壳体,,,,,0,0,,,
gas tight machine,,,闭式电机,,,,,0,0,,,
gas tight piston ring,,,[网络] 活塞压环,,,,,0,0,,,
gas tight seal,,, 气密密封,,,,,0,0,,,
gas tight shell,,,[网络] 气密壳,,,,,0,0,,,
gas tight silo,,,气密式圆筒仓,,,,,0,0,,,
gas tight test,,,[化] 气密试验,,,,,0,0,,,
gas tight test for gas-cooled generator,,,气密性试验,,,,,0,0,,,
gas tight thread,,,气密螺纹,,,,,0,0,,,
gas tightness,,,[化] 气密性; 不透气性,,,,,0,0,,,
gas tip,,,[化] 瓦斯喷头,,,,,0,0,,,
gas titration,,,气体滴定,,,,,0,0,,,
gas to gas heat exchanger,,,[网络] 气对气热交换器；气气热交换器,,,,,0,0,,,
gas to liquid,,,[网络] 天然气制合成油；天然气合成油,,,,,0,0,,,
gas to steam ratio,,,气汽比,,,,,0,0,,,
gas torch,,,气焊焊炬,,,,,0,0,,,
gas torch for molding,,,造型用煤气喷灯,,,,,0,0,,,
gas torch tip,,,[网络] 电焊炬喷嘴；气焊炬喷嘴,,,,,0,0,,,
gas torch welding,,,气炬焊,,,,,0,0,,,
gas town,,,城镇,,,,,0,0,,,
gas toxic,,,有毒气体,,,,,0,0,,,
gas toxicity of protected land,,,保护地气体毒害,,,,,0,0,,,
gas tracer,,,气体示踪物,,,,,0,0,,,
gas tracer method,,,气体示踪法,,,,,0,0,,,
gas tracing experiment,,,体示踪试验,,,,,0,0,,,
gas tractor,,,内燃牵引车,,,,,0,0,,,
gas train,,,一组气体吸收装置,,,,,0,0,,,
gas transducer,,,气体传感器,,,,,0,0,,,
gas transfer,,,气体迁移,,,,,0,0,,,
gas transfer velocity,,,气体转移速度,,,,,0,0,,,
gas transmission and distribution system,,,城市燃气输配系统,,,,,0,0,,,
gas transmission company,,,煤气运输公司,,,,,0,0,,,
gas transmission line,,,燃气输送干线;输气管线,,,,,0,0,,,
gas transmission pipeline,,,输气管道,,,,,0,0,,,
gas transmission rate,,,气体透过率,,,,,0,0,,,
gas transport,,,气体输运;气体运输,,,,,0,0,,,
gas transportation facilities,,,[化] 气体输送设备,,,,,0,0,,,
gas transportation machine,,,气体输送机,,,,,0,0,,,
gas trap,,,[化] 气体分离器; 气阱; 气体收集器,,,,,0,0,,,
gas trapping surface,,,气体捕获表面,,,,,0,0,,,
gas treating process,,,[化] 气体处理法,,,,,0,0,,,
gas treating system,,,气体处理系统;气体净化系统,,,,,0,0,,,
gas treatment,,,气体净化,,,,,0,0,,,
gas treatment equipment,,,[网络] 气处理装置,,,,,0,0,,,
gas treatment facility,,,气体处理设施,,,,,0,0,,,
gas treatment system,,,体处理系统,,,,,0,0,,,
gas triode,,,[电] 充气三极管,,,,,0,0,,,
gas trubine generator,,,[网络] 燃气轮机发电机,,,,,0,0,,,
gas trubine-electric propulsion,,,[网络] 燃气轮机电力推进,,,,,0,0,,,
gas truck,,,汽油油罐车,,,,,0,0,,,
gas trucks,,,[网络] 燃气卡车,,,,,0,0,,,
gas trunk,,,气体通路,,,,,0,0,,,
gas trunk (gas shaft),,,通气窗,,,,,0,0,,,
gas trunking,,,[网络] 气体围阱,,,,,0,0,,,
gas tube,,,[医] 含气管,,,,,0,0,,,
gas tube boiler,,,管锅炉,,,,,0,0,,,
gas tube counter,,,气管计数器,,,,,0,0,,,
gas tube rectifier,,,[网络] 充气管整流器；气管整流器,,,,,0,0,,,
gas tube sign transformer,,,霓虹灯变压器,,,,,0,0,,,
gas tungsten arc,ɡæs ˈtʌŋstən ɑ:k,, [机]钨极脉冲氩弧焊,,,,,0,0,,,
gas tungsten arc welding,,,钨电极惰性气体保护焊,,,,,0,0,,,
gas tungsten arc welding(GTAW),,,[化] 气体保护钨极电弧焊; 钨极气体保护焊; 钨电极惰性气体保护焊,,,,,0,0,,,
gas tungsten arc welding-pulsed arc,,,钨极脉冲氩弧焊,,,,,0,0,,,
gas tungsten-arc cutting,,,气体钨极电弧切割,,,,,0,0,,,
gas tungsten-arc welding (gtaw),,,气体遮护钨极銲,,,,,0,0,,,
gas tungstun arc welding,,,钨极气体保护焊,,,,,0,0,,,
gas tunnel,,,宰猪的碳酸气麻醉隧道,,,,,0,0,,,
gas turbine,,,[化] 燃气轮机; 燃气透平,,,,,0,0,s:gas turbines,,
gas turbine aircraft,,,un. 燃气涡轮航空器,,,,,0,0,,,
gas turbine automobile,ɡæs ˈtə:bin ˈɔ:təməbi:l,, 燃气轮机汽车,,,,,0,0,,,
gas turbine base load operation,,,气锅轮机基载运转,,,,,0,0,,,
gas turbine blade,,,[网络] 燃气轮机叶片；燃气涡轮叶片,,,,,0,0,,,
gas turbine blower,,,[网络] 燃气涡轮增压器,,,,,0,0,,,
gas turbine booster,,,[网络] 增速燃气轮机装置,,,,,0,0,,,
gas turbine booster propulsion,,,燃气轮机加速推进装置,,,,,0,0,,,
gas turbine booster propulsion set,,,增速燃气轮机推进装置,,,,,0,0,,,
gas turbine characteristic line,,,[网络] 燃气轮机特性线；燃气轮机工作线,,,,,0,0,,,
gas turbine characteristic lines,,,[网络] 燃气轮机特性曲线,,,,,0,0,,,
gas turbine charging,,,[网络] 燃气涡轮增压,,,,,0,0,,,
gas turbine combined cycle,,,燃气蒸汽联合循环,,,,,0,0,,,
gas turbine combined cycle unit,,,气轮机复循环机,,,,,0,0,,,
gas turbine combustion,,,[网络] 燃机燃烧,,,,,0,0,,,
gas turbine combustion chamber,,,燃气轮机燃烧室,,,,,0,0,,,
gas turbine combustor,,,燃气轮机燃烧室,,,,,0,0,,,
gas turbine compressor,,,燃气轮机压缩机,,,,,0,0,,,
gas turbine control board,,,[网络] 燃气轮机控制盘,,,,,0,0,,,
gas turbine cycle,,,气轮机循环,,,,,0,0,,,
gas turbine drier,,,[网络] 燃气轮式干燥机,,,,,0,0,,,
gas turbine driven,,,[网络] 燃气轮机驱动的,,,,,0,0,,,
gas turbine electric locomotive,,,[网络] 燃气涡轮机车,,,,,0,0,,,
gas turbine electric power plant,,,[网络] 燃气轮机发电厂,,,,,0,0,,,
gas turbine electric propulsion plant,,,燃气轮机电力推进装置,,,,,0,0,,,
gas turbine en gine,,,燃气涡轮发动机,,,,,0,0,,,
gas turbine engine,ɡæs ˈtə:bin ˈendʒin,, 燃气涡轮发动机,,,,,0,0,,,
gas turbine engine lubricant,,,燃气轮机轮机润滑剂,,,,,0,0,,,
gas turbine engine technology,,,[动力] 燃气轮机工艺学,,,,,0,0,,,
gas turbine engineering,,,[动力] 燃气轮机工程,,,,,0,0,,,
gas turbine exhaust,,,[网络] 涡轮机排气；燃气轮机废气,,,,,0,0,,,
gas turbine fuel,,,燃气轮机燃料,,,,,0,0,,,
gas turbine generating set,,,[网络] 燃气轮机发电机组,,,,,0,0,,,
gas turbine generator,,,燃气轮发电机,,,,,0,0,,,
gas turbine generator start test,,,[网络] 燃气轮机发电机启动试验,,,,,0,0,,,
gas turbine installation,,,燃气轮机装置,,,,,0,0,,,
gas turbine jet,,,燃气轮机喷气发动机,,,,,0,0,,,
gas turbine liquid-fuel burner,,,燃气轮机液体燃料燃烧器,,,,,0,0,,,
gas turbine locomotive,,,燃气轮机机车,,,,,0,0,,,
gas turbine moddules,,,[网络] 燃气轮机模数燃气轮机组件,,,,,0,0,,,
gas turbine module,,,燃气轮机箱装体,,,,,0,0,,,
gas turbine nozzle,,,燃气轮机喷嘴,,,,,0,0,,,
gas turbine operation,,,燃气轮机运行,,,,,0,0,,,
gas turbine peak load operation,,,气锅轮机尖载运转,,,,,0,0,,,
gas turbine performance,,,燃气轮机性能,,,,,0,0,,,
gas turbine performance parameter,,,[动力] 燃气轮机性能参数,,,,,0,0,,,
gas turbine plant,,,燃气轮机发电厂,,,,,0,0,,,
gas turbine power equipment,,,燃气轮机动力装置,,,,,0,0,,,
gas turbine power plant,,,燃气轮机动力装置,,,,,0,0,,,
gas turbine power station,,,燃气轮机发电厂,,,,,0,0,,,
gas turbine power unit,,,[网络] 燃气轮机动力装置,,,,,0,0,,,
gas turbine powered car,,,燃气轮机小客车,,,,,0,0,,,
gas turbine powered generator,,,燃气轮机发电机,,,,,0,0,,,
gas turbine powerplant,,,[网络] 燃气轮机动力装置,,,,,0,0,,,
gas turbine principles,,,燃气轮机原理,,,,,0,0,,,
gas turbine pump combination,,,涡轮泵组,,,,,0,0,,,
gas turbine pump system,,,[网络] 燃气轮机泵组,,,,,0,0,,,
gas turbine railcar,,,[网络] 燃气轮机动车；燃气轮动车,,,,,0,0,,,
gas turbine room,,,燃气轮机舱,,,,,0,0,,,
gas turbine rotor,,,燃气轮机转子,,,,,0,0,,,
gas turbine set,,,燃气轮发电机组,,,,,0,0,,,
gas turbine ship,,,燃气轮机船,,,,,0,0,,,
gas turbine ship (gts),,,燃气涡轮机船,,,,,0,0,,,
gas turbine starter,,,燃气涡轮起动机,,,,,0,0,,,
gas turbine supercharged boiler,,,燃气轮机增压锅炉,,,,,0,0,,,
gas turbine technology,,,[网络] 燃气轮机技术；燃气轮机组,,,,,0,0,,,
gas turbine tracked vehicle,,,[网络] 燃气轮发动机的履带车辆,,,,,0,0,,,
gas turbine unit,,,燃汽涡轮动力装置,,,,,0,0,,,
gas turbine vessel,,,燃气轮机船,,,,,0,0,,,
gas turbine-electric propulsion,,,[网络] 燃气轮机电力推进,,,,,0,0,,,
gas turbine-electric propulsion apparatus,,,[网络] 燃气轮机电力推进装置,,,,,0,0,,,
gas turbines,,,na. 燃气轮机\n[网络] 燃气涡轮机；蒸汽机及燃气涡轮机；燃气涡轮喷射引擎主机,,,,,0,0,0:gas turbine/1:s,,
gas turbo blower,,,[网络] 燃气涡轮鼓风机；燃气轮机鼓风机,,,,,0,0,,,
gas turbo compressor,,,[网络] 燃气涡轮压缩机；燃气轮机压缩机；燃气轮机压气机,,,,,0,0,,,
gas turbo electric drive,,,[网络] 燃气轮机电动推进,,,,,0,0,,,
gas turbo-alternator,,,燃气涡轮交流发电机,,,,,0,0,,,
gas turbo-blower,,,燃气涡轮鼓风机,,,,,0,0,,,
gas turbo-compressor,,,燃气轮机压气机组,,,,,0,0,,,
gas turbo-electric,,,[网络] 燃气涡轮发电机,,,,,0,0,,,
gas turbo-electric drive,,,燃气轮机电力推进,,,,,0,0,,,
gas turbo-electric locomotive,,,燃气轮电力机车,,,,,0,0,,,
gas turbo-generator,,,燃气涡轮发电机,,,,,0,0,,,
gas turboblower,,,燃气轮机鼓风机组,,,,,0,0,,,
gas turbocompressor,,,燃气涡轮压缩机,,,,,0,0,,,
gas turbogenerator,,,燃气涡轮发电机,,,,,0,0,,,
gas turbulence factor,,,气体湍流系数,,,,,0,0,,,
gas ultracentrifuge,,,体超离心机,,,,,0,0,,,
gas ultracentrifuge process,,,体超离心法,,,,,0,0,,,
gas unaccounted for,,,损耗量,,,,,0,0,,,
gas underfiring,,,加热气体,,,,,0,0,,,
gas underground storage,,,地下储气,,,,,0,0,,,
gas up,ɡæs ʌp,," <美, 口>给车辆加油",,,,,0,0,,,
gas uptake,,,"上气道,煤气上升道",,,,,0,0,,,
gas utilities,,, 公用煤气公司,,,,,0,0,,,
gas utility,,,煤气公司;煤气效用,,,,,0,0,,,
gas utilization rate,,,煤气利用率,,,,,0,0,,,
gas utilization unit,,,[网络] 气体利用装置,,,,,0,0,,,
gas vacuole,,,气泡,,,,,0,0,,,
gas vacuum breakdown,,,[电] 气体真空崩溃,,,,,0,0,,,
gas valve,,,充气管;煤气阀,,,,,0,0,,,
gas valve (gas gate valve),,,气阀,,,,,0,0,,,
gas valve screw,,,气阀螺钉,,,,,0,0,,,
gas valve spring,,,煤气阀簧,,,,,0,0,,,
gas valves,,,[医] 气阀; 气体整流管,,,,,0,0,,,
gas van,,,海港港池\n加万（Gavan)\nn. (Gavan)人名；(英)加万,,,,,0,0,,,
gas vane,,,燃气舵,,,,,0,0,,,
gas velocity,,,气体速度,,,,,0,0,,,
gas velocity measurement,,,气流速度测量,,,,,0,0,,,
gas vent,,,气体出口,,,,,0,0,,,
gas ventilating propeller,,,[网络] 充气螺旋桨,,,,,0,0,,,
gas venting system,,,[网络] 透气系统；排气系统,,,,,0,0,,,
gas viscosimeter,,,[仪] 气体粘度计,,,,,0,0,,,
gas viscosity,,,气体黏性,,,,,0,0,,,
gas viscosity measurement,,,气体黏度计量,,,,,0,0,,,
gas voltameter,,,气解电量计;气体电压计;气体伏安计,,,,,0,0,,,
gas voltmeter,,,气体伏特计,,,,,0,0,,,
gas volume,,,气体容积,,,,,0,0,,,
gas volume curve,,,气体容量曲线,,,,,0,0,,,
gas volume factor,,,天然气体积因数,,,,,0,0,,,
gas volumeter,,,气体容量计,,,,,0,0,,,
gas volumeteric chromatography,,,[化] 气体体积色谱法,,,,,0,0,,,
gas volumetric analysis,,,气体容量分析,,,,,0,0,,,
gas volumetric chromatography,,,气体体积色谱,,,,,0,0,,,
gas volumometer,,,气体容量计,,,,,0,0,,,
gas vulcanization,,,[化] (氯化硫)气体硫化,,,,,0,0,,,
gas walls,,,预应力混凝土容器)气壁,,,,,0,0,,,
gas warfare,,,[化] 毒气战; 毒气战争,,,,,0,0,,,
gas warfare agent,,,毒气战剂,,,,,0,0,,,
gas warning system,,,气体报警装置,,,,,0,0,,,
gas wash tower,,,[化] 气体洗涤塔; 煤气洗涤塔,,,,,0,0,,,
gas washer,,,[化] 气体洗涤器; 煤气洗涤器; 气体冷却器,,,,,0,0,,,
gas washing,,,洗气,,,,,0,0,,,
gas washing blower,,,[化] 气体洗涤鼓风机,,,,,0,0,,,
gas washing bottle,,,[化] 洗气瓶,,,,,0,0,,,
gas washing installation,,,[化] 气体洗涤装置,,,,,0,0,,,
gas washing plant,,,[化] 气体洗涤设备,,,,,0,0,,,
gas washing wastewater,,,洗气废水,,,,,0,0,,,
gas waste,,,排气，废气,,,,,0,0,,,
gas waste processing system,,,体废物处理系统,,,,,0,0,,,
gas water,,,洗气用水,,,,,0,0,,,
gas water boiler,,,[建] 煤气沸水器,,,,,0,0,,,
gas water heater,,,煤气热水器,,,,,0,0,,,
gas water ratio,,,气水比,,,,,0,0,,,
gas water scrubber,,,[网络] 烟气洗涤器,,,,,0,0,,,
gas water-heater,,,[化] 煤气烧水炉,,,,,0,0,,,
gas wave,,,气波,,,,,0,0,,,
gas weapon,,,[化] 毒气武器,,,,,0,0,,,
gas weathered zone,,,瓦斯风化带,,,,,0,0,,,
gas weighing balloon,,,称气瓶,,,,,0,0,,,
gas weight flow,,,燃气重量流量,,,,,0,0,,,
gas weld,,,[网络] 气焊；气焊焊缝；气体熔接缝,,,,,0,0,,,
gas welded joint,,,气焊接头,,,,,0,0,,,
gas welded pipe,,,[机] 气焊管,,,,,0,0,,,
gas welder,,,气焊工;气焊装置,,,,,0,0,,,
gas welding,,,[化] 气焊,,,,,0,0,,,
gas welding device,,,气焊设备,,,,,0,0,,,
gas welding equipment,,,气焊设备,,,,,0,0,,,
gas welding machine,,,气焊机,,,,,0,0,,,
gas welding outfit,,,气焊机,,,,,0,0,,,
gas welding rod,,,[机] 气焊条,,,,,0,0,,,
gas welding rubber hose,,,气焊橡胶管,,,,,0,0,,,
gas welding technique,,,气焊工艺,,,,,0,0,,,
gas welding torch,,,气焊吹管,,,,,0,0,,,
gas welding torch butt,,,气焊进气硬管,,,,,0,0,,,
gas welding torch nozzle,ɡæs ˈweldɪŋ tɔ:tʃ ˈnɔzəl,, 气焊吹管组,,,,,0,0,,,
gas welding tube mill,,,瓦斯焊接机,,,,,0,0,,,
gas welding unit,,,焊工具,,,,,0,0,,,
gas welding work,,,气焊工作,,,,,0,0,,,
gas well,,,[化] 气井; 天然气井,,,,,0,0,s:gas wells,,
gas well abandonment pressure,,,气井废弃压力,,,,,0,0,,,
gas well deliverability,,,气井产能,,,,,0,0,,,
gas well gas,,,气井气,,,,,0,0,,,
gas well production with water withdrawal,,,排水采气,,,,,0,0,,,
gas well productivity,,,气井产能,,,,,0,0,,,
gas wells,,,[油气] 气井；天然气井,,,,,0,0,0:gas well/1:s,,
gas wet,,,"湿[天然]气 ; 含油气, 湿气",,,,,0,0,,,
gas whirl,,,气膜振荡,,,,,0,0,,,
gas with drawal,,,排气道,,,,,0,0,,,
gas withdrawal,,,排气道;排气管,,,,,0,0,,,
gas works,,,[经] 煤气厂,,,,,0,0,,,
gas works (coal) tar,,,[化] 煤气(厂)焦油,,,,,0,0,,,
gas works coal tar,,,煤气焦油,,,,,0,0,,,
gas works coke,,,煤气焦炭,,,,,0,0,,,
gas x-ray tube,,,[电] 充气X射线管,,,,,0,0,,,
gas yield,,,气体产率,,,,,0,0,,,
gas zone,,,气带,,,,,0,0,,,
gas zone refining,,,气体区域提纯,,,,,0,0,,,
gas(-lubricated) bearing,,,体[润滑]轴承,,,,,0,0,,,
gas(eous) phase,,,相,,,,,0,0,,,
gas(eous) sterilization,,,气体灭菌[法],,,,,0,0,,,
gas-,,,"气,气体",,,,,0,0,s:sgsasss-s,,
gas-absorbing agent,,,气体吸收剂,,,,,0,0,,,
gas-absorbing liquid,,,吸气液体,,,,,0,0,,,
gas-absorption capacity,,,un. 吸气能力,,,,,0,0,,,
gas-absorption operation,,,【化工】气体吸收操作,,,,,0,0,,,
gas-accumulator relay,,,气体积聚继电器,,,,,0,0,,,
gas-activated battery,,,气体激活电池,,,,,0,0,,,
gas-actuated relay,,,气体继电器,,,,,0,0,,,
gas-air flame,,,气体空气焰,,,,,0,0,,,
gas-air heater,,,[网络] 烟气-空气加热器,,,,,0,0,,,
gas-air interface,,,气体同空气的界面,,,,,0,0,,,
gas-air mixer,,,煤气空气混合器,,,,,0,0,,,
gas-air mixture,,,汽油和空气的混合气,,,,,0,0,,,
gas-air ration,,,气体空气比例,,,,,0,0,,,
gas-alcohol,,,气酒,,,,,0,0,,,
gas-amplification ratio,,,[电] 气放大比例,,,,,0,0,,,
gas-analysis apparatus,,,[网络] 气体分析器,,,,,0,0,,,
gas-and,,,[网络] 气和经络的物理实体,,,,,0,0,,,
gas-and pressure-air burner,,,低压煤气喷烧器,,,,,0,0,,,
gas-and-dash,,,[网络] 气体和短跑,,,,,0,0,,,
gas-and-pressure-air burner,,,低压煤气燃烧器,,,,,0,0,,,
gas-aqueous,,,气液成的,,,,,0,0,,,
gas-arc welding,,,气电焊;气体保护电弧焊,,,,,0,0,,,
gas-arc welding gun,,,气电焊焊嘴,,,,,0,0,,,
gas-assisted,,,[网络] 气体辅助,,,,,0,0,,,
gas-assisted injection molding,,,气体辅助射出成型,,,,,0,0,,,
gas-bag,,,气袋,,,,,0,0,s:gas-bags,,
gas-bags,'gæsbæg,,n. 气囊；废话连篇的人,,,,,0,0,0:gas-bag/1:s,,
Gas-Ban,,,碳酸钙和西甲硅油片剂,,,,,0,0,,,
gas-bearing,,,un. 含气的；气润滑轴承,,,,,0,0,,,
gas-bearing area,,,含气面积,,,,,0,0,,,
gas-bearing auxiliary blower,,,高温气冷堆)气体轴承辅助风机,,,,,0,0,,,
gas-bearing circulator,,,体轴承循环风机,,,,,0,0,,,
gas-bearing expansion turbine,,,气体轴承膨胀式涡轮机,,,,,0,0,,,
gas-bearing reservoir,,,[油气] 储气层,,,,,0,0,,,
gas-bearing stratum,,,含气层，气层,,,,,0,0,,,
gas-bearing structure,,,储气构造,,,,,0,0,,,
gas-bending stress,,,流起弯应力,,,,,0,0,,,
gas-blast circuit breaker,,,气吹断路器,,,,,0,0,,,
gas-blast circuit-breaker,,,压缩气体断路器,,,,,0,0,,,
gas-bleed,,,un. 气体冲洗；抽气；放出燃气,,,,,0,0,,,
gas-blower,,,鼓风炉,,,,,0,0,,,
gas-blowing engine,,,煤气鼓风机,,,,,0,0,,,
gas-bomb,,,氧化瓶;贮气瓶,,,,,0,0,,,
gas-booster,,,压缩机,,,,,0,0,,,
gas-bounded nebula,,,【天文学】气体束缚星云,,,,,0,0,,,
gas-brazing,'ɡæsbr'eɪzɪŋ,,n. 气钎焊,,,,,0,0,,,
gas-bubble,,,气泡,,,,,0,0,,,
gas-bubble bath,,,[医] 气泡浴,,,,,0,0,,,
gas-bulb sensor,,,气泡感受元件,,,,,0,0,,,
gas-burner,'ɡæsb'ɜ:nər,, [医]煤气（喷）灯,,,,,0,0,,,
gas-burning,,,[网络] 瓦斯燃烧,,,,,0,0,s:gas-burnings,,
gas-burnings,,,[网络] 瓦斯燃烧\n(gas-burning 的复数),,,,,0,0,0:gas-burning/1:s,,
gas-cap,,,气帽,,,,,0,0,,,
gas-cap drive,,,[经] 气顶驱动,,,,,0,0,,,
gas-cap expansion,,,气顶膨胀,,,,,0,0,,,
gas-cap gas,,,[网络] 气顶气；油气藏气,,,,,0,0,,,
gas-cap injection,,,气顶注气,,,,,0,0,,,
gas-cap reservoir,,,气顶油藏,,,,,0,0,,,
gas-cell,,,[电] 气体电池,,,,,0,0,,,
gas-cell frequency standard,,,气体池频率标准,,,,,0,0,,,
gas-cell net,,,气囊网,,,,,0,0,,,
gas-cell phase shifter,,,气体盒移相器,,,,,0,0,,,
gas-chamber,,,na. 死刑毒气室；(苹果等的)贮藏室\n[网络] 煤气柜；气腔；毒气死刑,,,,,0,0,,,
gas-chambers,,,na. 死刑毒气室；(苹果等的)贮藏室\n[网络] 瓦斯室；气压舱,,,,,0,0,,,
gas-chromatographic,,,n. [化]气相色谱分析,,,,,0,0,,,
gas-chromatography,,,un. 〔物〕气相色谱；气体色谱法；气相层析法\n[网络] 气体色层分析,,,,,0,0,,,
gas-circulating system,,,气体循环系统,,,,,0,0,,,
gas-cleaner,,,un. 气体净化器；气体滤清器；净气器；煤气清洁器\n[网络] 冷气装置；烟气净化器,,,,,0,0,,,
gas-cleaning,,,煤气净化；气体净化,,,,,0,0,s:gas-cleanings,,
gas-cleaning cyclone,,,气体净化旋风器,,,,,0,0,,,
gas-cleaning installation,,,un. 煤气净化设备\n[网络] 气体净化装置,,,,,0,0,,,
gas-cleanings,,,煤气净化；气体净化\n(gas-cleaning 的复数),,,,,0,0,0:gas-cleaning/1:s,,
gas-cloud,,,[天] 气体云；空气层；烟气层；毒云,,,,,0,0,s:gas-clouds,,
gas-clouds,,plural of gas-cloud,(gas-cloud 的复数) [天] 气体云；空气层；烟气层；毒云,,,,,0,0,0:gas-cloud/1:s,,
gas-collecting cap,,,集气帽,,,,,0,0,,,
gas-collecting channel,,,集气罩,,,,,0,0,,,
gas-collecting duct,,,un. 管道,,,,,0,0,,,
gas-collecting ring,,,集气环,,,,,0,0,,,
gas-combustion retorting process,,,气燃式干馏过程,,,,,0,0,,,
gas-company,,,[网络] 煤气公司；燃气经营企业；瓦斯公司,,,,,0,0,,,
gas-compression cable,,,[网络] 压缩气体电缆；压气电缆,,,,,0,0,,,
gas-compression cycle,,,气体压缩循环,,,,,0,0,,,
gas-compression refrigerator,,,气体压缩冷冻机,,,,,0,0,,,
gas-concentration,,,气体浓度,,,,,0,0,,,
gas-condensate field,,,气体凝结油田,,,,,0,0,,,
gas-condensate liquid,,,[机] 气体冷凝液,,,,,0,0,,,
gas-condensate ratio,,,凝析气油比,,,,,0,0,,,
gas-condensate reservoir,,,气凝聚层,,,,,0,0,,,
gas-condensate well,,,凝析气井,,,,,0,0,,,
gas-condensation method,,,气相凝结法,,,,,0,0,,,
gas-constant,,,[热] 气体常数,,,,,0,0,,,
gas-containing,,,含气的,,,,,0,0,,,
gas-containing level in electrolyte,,,[网络] 电解液含气度,,,,,0,0,,,
gas-content factor,,,[真空] 含气系数,,,,,0,0,,,
gas-contrasted,,,空气造影的,,,,,0,0,,,
gas-cooker,,,煤气炉,,,,,0,0,s:gas-cookers,,
gas-cookers,,,煤气炉,,,,,0,0,0:gas-cooker/1:s,,
gas-cooled,'ɡæsku:ld,,"a. 气冷的, 用气体冷却的",,,,,0,0,s:gas-cooleds,,
gas-cooled breeder reactor,,,冷增殖[反应]堆,,,,,0,0,,,
gas-cooled fast breeder,,,冷块中子增殖[反应]堆,,,,,0,0,,,
gas-cooled fast reactor,,,冷快[中子][反应]堆,,,,,0,0,,,
gas-cooled generator,,,气冷发电机,,,,,0,0,,,
gas-cooled graphite moderated reactor,,,[核] 气冷石墨慢化堆,,,,,0,0,,,
gas-cooled graphite-moderated high-temperature reactor,,,墨[慢化]高温气冷[反应]堆,,,,,0,0,,,
gas-cooled graphite-moderated reactor,,,墨[慢化]气体[冷却]反应堆,,,,,0,0,,,
gas-cooled machine,,,气冷式电机,,,,,0,0,,,
gas-cooled nuclear reactor,,,气冷核反应堆,,,,,0,0,,,
gas-cooled pebble-bed reactor,,,床气冷[反应]堆,,,,,0,0,,,
gas-cooled reactor,,,un. 气体冷却反应堆\n[网络] 气冷式反应堆；气冷堆；气冷反应器,,,,,0,0,s:gas-cooled reactors,,
gas-cooled reactor (gcr),,,气冷[式]反应器,,,,,0,0,,,
gas-cooled reactors,,,un. 气体冷却反应堆\n[网络] 气冷式反应堆；气冷堆；气冷反应器\n(gas-cooled reactor 的复数),,,,,0,0,0:gas-cooled reactor/1:s,,
gas-cooled rotor,,,冷转子，气冷转子,,,,,0,0,,,
gas-cooled solid-moderated high-temperature reactor,,,体[慢化]高温气冷[反应]堆,,,,,0,0,,,
gas-cooled thermal reactor,,,冷热[中子][反应]堆,,,,,0,0,,,
gas-cooled twin reactor station,,,冷双堆电站,,,,,0,0,,,
gas-cooled-reactor,,,气冷反应堆,,,,,0,0,,,
gas-cooleds,'ɡæsku:ld,,adj. 气冷的，用气体冷却的,,,,,0,0,0:gas-cooled/1:s,,
gas-coupled turbine,,,分轴式透平机,,,,,0,0,,,
GAS-CTC,,,[=gas-CT cisternography]气体CT脑池造影术,,,,,0,0,,,
gas-cut mud,,,气侵钻泥,,,,,0,0,,,
gas-cutting,,,[机] 气割；氧炔切割,,,,,0,0,,,
gas-cycle reactor,,,气体循环堆,,,,,0,0,,,
gas-decay tank,,,气态衰变槽,,,,,0,0,,,
gas-density detector,,,气体密度侦测器,,,,,0,0,,,
gas-density meter,,,气体密度计,,,,,0,0,,,
gas-density recorder,,,气体密度记录仪,,,,,0,0,,,
gas-deviation factor,,,压缩因数,,,,,0,0,,,
gas-diesel engine,,,狄塞尔煤气内燃机;柴油煤气发动机,,,,,0,0,,,
gas-diffusion electrode,,,气体扩散电极,,,,,0,0,,,
gas-diode switch,,,充气二极管开关,,,,,0,0,,,
gas-discharge cell,,,气体放电盒,,,,,0,0,,,
gas-discharge counter,,,[医] 气体放电式计数器,,,,,0,0,,,
gas-discharge current,,,气体放电电流,,,,,0,0,,,
gas-discharge display,,,[电] 气体放电显示,,,,,0,0,,,
gas-discharge display panel,,,气体放电显示板,,,,,0,0,,,
gas-discharge duplexer,,,[电讯] 气体放电天线双工器,,,,,0,0,,,
gas-discharge etching,,,气体放电蚀刻,,,,,0,0,,,
gas-discharge gauge,,,气体放电真空计,,,,,0,0,,,
gas-discharge lamp,ɡæs dɪsˈtʃɑrdʒ læmp,, 放电灯,,,,,0,0,s:gas-discharge lamps,,
gas-discharge lamps,,, 气体放电灯,,,,,0,0,0:gas-discharge lamp/1:s,,
gas-discharge laser,,,气体放电激光器,,,,,0,0,,,
gas-discharge nozzle,,,排气喷嘴,,,,,0,0,,,
gas-discharge optical maser,,,气体放电光学微波激射;气体光学脉泽,,,,,0,0,,,
gas-discharge plasma,,,气体放电等离子体,,,,,0,0,,,
gas-discharge relay,,,电离继电器,,,,,0,0,,,
gas-discharge source,,,气体放电光源,,,,,0,0,,,
gas-discharge tube,,,[电] 气体放电管,,,,,0,0,s:gas-discharge tubes,,
gas-discharge tubes,,,（陶瓷）[电子] 气体放电管,,,,,0,0,0:gas-discharge tube/1:s,,
gas-discharge zone,,,[医] 气体放电区,,,,,0,0,,,
gas-discharger,,,充气放电器,,,,,0,0,,,
gas-dispersion,,,气体弥散,,,,,0,0,,,
gas-distributing channel,,,分气道,,,,,0,0,,,
gas-distributing pipe,,,分气管,,,,,0,0,,,
gas-doped getter,,,充气消气剂,,,,,0,0,,,
gas-drilling,,,un. 气钻进\n[网络] 气体钻井；天然气钻探,,,,,0,0,,,
gas-drive engine blower,,,un. 燃气轮机鼓风机,,,,,0,0,,,
gas-drive reservoir,,,气驱油藏,,,,,0,0,,,
gas-driven generator,,,煤气发电机,,,,,0,0,,,
gas-drying apparatus,,,气体干燥器,,,,,0,0,,,
gas-dust cloud,,,气尘云,,,,,0,0,,,
gas-dust complex,,,气尘复合体,,,,,0,0,,,
gas-dust nebula,,,气尘星云,,,,,0,0,,,
gas-dynamic bearing,,,气体动力轴承,,,,,0,0,,,
gas-dynamic behavio(u)r,,,体动力性能，气体动态特性,,,,,0,0,,,
gas-dynamic behaviour,,,气体动力特性,,,,,0,0,,,
gas-dynamic lubrication,,,体动力润滑,,,,,0,0,,,
gas-ejection attitude control system,,,[航] 喷气姿态控制系统,,,,,0,0,,,
gas-electric,,,un. 汽油电动的,j:100,,,,0,0,,,
gas-electric drive,,,[电] 气电传动,,,,,0,0,,,
gas-enclosed pressure gauge,,,[网络] 气密引压式验尚潮仪,,,,,0,0,,,
gas-engine,'ɡæs'endʒɪn,, 燃气机,,,,,0,0,,,
gas-engine inlet valve,,,煤气机进气阀,,,,,0,0,,,
gas-engine-driven machine,,,汽油引擎驱动机,,,,,0,0,,,
gas-ether anesthesia,,,[医] 气醚麻醉,,,,,0,0,,,
gas-evolving circuit-breaker,,,产气断路器,,,,,0,0,,,
gas-evolving liquid,,,放气液体,,,,,0,0,,,
gas-evolving switch,,,产气开关,,,,,0,0,,,
gas-expanded rubber,,,闭孔泡沫橡胶,,,,,0,0,,,
gas-expansion hole,,,气胀孔,,,,,0,0,,,
gas-fading inhibitor,,,[化] 气熏褪色抑制剂; 气烟熏褪色抑制剂,,,,,0,0,,,
gas-fat coal,,,气肥煤,,,,,0,0,,,
gas-fed fuel cell,,,气体燃料电池,,,,,0,0,,,
gas-fields,,,[网络] 天然气田；油气田环境保护,,,,,0,0,,,
gas-filed,,,[电] 充气的,,,,,0,0,,,
gas-filled,,s full of a gas,充气的,j:100,,,,0,0,s:gas-filleds,,
gas-filled boiler protection,,,充气法养护,,,,,0,0,,,
gas-filled bulb,,,[电] 充气灯泡,,,,,0,0,,,
gas-filled bushing,,,充气套管,,,,,0,0,,,
gas-filled cable,,,充气电缆,,,,,0,0,,,
gas-filled capacitor,,,充气电容器,,,,,0,0,,,
gas-filled coble,,,[电] 充气电缆,,,,,0,0,,,
gas-filled counter,,,[医] 充气计数器,,,,,0,0,,,
gas-filled counter tube,,,充气计数管,,,,,0,0,,,
gas-filled detector,,,充气检测器,,,,,0,0,,,
gas-filled diode,,,充气二极管,,,,,0,0,,,
gas-filled dual coil lamp bulb,,,充气双绞丝灯泡,,,,,0,0,,,
gas-filled electron tube,,,充气电子管,,,,,0,0,,,
gas-filled gap,,,充气放电器,,,,,0,0,,,
gas-filled generator,,,气发电机,,,,,0,0,,,
gas-filled hot cathode rectifier,,,充气热阴极式整流器,,,,,0,0,,,
gas-filled intensity standard,,,充气灯光强标准,,,,,0,0,,,
gas-filled ionization chamber,,,"充气电离室, 充气游离腔",,,,,0,0,,,
gas-filled labyrinth seal,,,[机] 充气迷宫密封,,,,,0,0,,,
gas-filled lamp,,,[化] 灌气灯泡; 灌气电灯泡,,,,,0,0,,,
gas-filled lamp bulb,,,充气灯泡,,,,,0,0,,,
gas-filled laser tube,,,充气激光管,,,,,0,0,,,
gas-filled packing,,,[包装] 充气包装,,,,,0,0,,,
gas-filled photocell,,,[电] 充气光电池,,,,,0,0,,,
gas-filled photoemissive cell,,,充气光电发射元件,,,,,0,0,,,
gas-filled phototube,,,气光电管,,,,,0,0,,,
gas-filled pipe cable,,,气管道电缆,,,,,0,0,,,
gas-filled porosity,,,充气孔隙度,,,,,0,0,,,
gas-filled proportional detector,,,气正比探测器,,,,,0,0,,,
gas-filled radiation counter,,,充气式辐射计数器,,,,,0,0,,,
gas-filled radiation detectors,,,充气辐射侦检器,,,,,0,0,,,
gas-filled radiation-counter tube,,,[电] 充气幅射计数管,,,,,0,0,,,
gas-filled rectifier,,,充气整流器;离子整流器,,,,,0,0,,,
gas-filled rectifier tube,,,充气整流管,,,,,0,0,,,
gas-filled relay,,,充气继电器;离子继电器,,,,,0,0,,,
gas-filled relay tube,,,[网络] 充气继电器管,,,,,0,0,,,
gas-filled separator,,,充气分离器,,,,,0,0,,,
gas-filled solid cable,,,气实心电缆,,,,,0,0,,,
gas-filled stabilizer,,,充气管稳定器;充气稳压管,,,,,0,0,,,
gas-filled surge arrester,,,充气电涌放电器,,,,,0,0,,,
gas-filled switchgear,,,充气式金属封闭 开关设备,,,,,0,0,,,
gas-filled thermometer,,,[化] 充气温度计,,,,,0,0,,,
gas-filled thyratron,,,[电] 充气闸流管,,,,,0,0,,,
gas-filled triode,,,[电] 充气三极管,,,,,0,0,,,
gas-filled tube,,,[电] 充气管,,,,,0,0,,,
gas-filled tube arrester,,,充气避雷器,,,,,0,0,,,
gas-filled tube rectifier,,,[电] 充气管整流器,,,,,0,0,,,
gas-filled tungstenfilament lamp,,,充气钨丝灯,,,,,0,0,,,
gas-filled type,,,充气式,,,,,0,0,,,
gas-filled type explosion-proof machine,,,气防爆型电机,,,,,0,0,,,
gas-filled type explosionproof machine,,,充气防爆式电机,,,,,0,0,,,
gas-filled valve,,,充气管,,,,,0,0,,,
gas-filled X-ray tube,,,充气X射线管,,,,,0,0,,,
gas-filleds,,,充气的\n(gas-filled 的复数),,,,,0,0,0:gas-filled/1:s,,
gas-filling adhesive,,,填缝胶粘剂,,,,,0,0,,,
gas-filling O-ring,,,[化] 充气金属O型环,,,,,0,0,,,
gas-filling station,,,充气站,,,,,0,0,,,
gas-filling valve,,,进气阀,,,,,0,0,,,
gas-film coefficient,,,气膜系数,,,,,0,0,,,
gas-film controlling,,,气膜控制,,,,,0,0,,,
gas-film lubrication,,,膜润滑,,,,,0,0,,,
gas-film resistance,,,气膜阻力,,,,,0,0,,,
gas-filter,,,[化工] 气体过泸器,,,,,0,0,,,
gas-fire,,,na. 煤气取暖器\n[网络] 煤气暖炉,,,,,0,0,s:gas-fires,,
gas-fire radiant,,,气体燃烧辐射器,,,,,0,0,,,
gas-fired,,,"a. 燃（烧煤）气的, 以煤气为燃料的",j:100,,,,0,0,s:gas-fireds,,
gas-fired air furnace,,,煤气反射炉,,,,,0,0,,,
gas-fired boiler,,,煤气锅炉,,,,,0,0,,,
gas-fired bomb furnace,,,un. 煤气外热钢弹还原炉,,,,,0,0,,,
gas-fired crucible furnace,,,煤气坩埚炉,,,,,0,0,,,
gas-fired cupola,,,煤气冲天炉;煤气化铁炉,,,,,0,0,,,
gas-fired furnace,,,煤气加热炉;煤气炉,,,,,0,0,,,
gas-fired heater,,,汽油火焰加热器,,,,,0,0,,,
gas-fired heating unit,,,煤气加热设备,,,,,0,0,,,
gas-fired incinerator,,,气焚烧炉,,,,,0,0,,,
gas-fired infrared heating,,,气红外线辐射采暖,,,,,0,0,,,
gas-fired kiln,,,[化工] 煤气窑,,,,,0,0,,,
gas-fired plant,,,煤气采暖装置,,,,,0,0,,,
gas-fired power plant,,,气发电厂,,,,,0,0,,,
gas-fired reverberatory furnace,,,煤气渗碳炉,,,,,0,0,,,
gas-fired tray oven,,,un. 煤气加热盘架干燥炉,,,,,0,0,,,
gas-fired turbofurnace unit,,,燃气旋风炉,,,,,0,0,,,
gas-fired waste combustible incinerator,,,燃废物燃气焚烧炉,,,,,0,0,,,
gas-fireds,"'ɡæs,faiəd",,adj. 烧煤气的，以煤气为燃料的,,,,,0,0,0:gas-fired/1:s,,
gas-fires,,,煤气取暖炉,,,,,0,0,0:gas-fire/1:s,,
gas-fitter,,,煤气装修工,,,,,0,0,s:gas-fitters,,
gas-fitters,,,[网络] 燃气钳工；加油工；天然气管道安装工,,,,,0,0,0:gas-fitter/1:s,,
gas-fitting,,,na. 煤气装置工程；煤气装备\n[网络] 安煤气,,,,,0,0,,,
gas-fittings,,,煤气装备,,,,,0,0,,,
gas-flame brazing,,,气焰钎焊,,,,,0,0,,,
gas-flow,,,[流] 气流；气流量,,,,,0,0,,,
gas-flow bending stress,,,流弯应力,,,,,0,0,,,
gas-flow counter,,,"气流计数器, 通气计数器",,,,,0,0,,,
gas-flow counter tube,,,流气型计数管,,,,,0,0,,,
gas-flow equation,,,气体流量方程,,,,,0,0,,,
gas-flow indicator,,,气体流量计,,,,,0,0,,,
gas-flow interferometry,,,[物] 气流干涉量度学,,,,,0,0,,,
gas-flow ionization chamber,,,通气游离腔,,,,,0,0,,,
gas-flow mixing,,,[化] 气流搅拌,,,,,0,0,,,
gas-flow neutron flux density measuring assembly,,,气型中子通量密度测量装置,,,,,0,0,,,
gas-flow radiation counter,,,流气型计数管,,,,,0,0,,,
gas-flow radiation detector,,,气导型辐射侦测器,,,,,0,0,,,
gas-flow rate,,,气体流量,,,,,0,0,,,
gas-flow relay,,,通气继电器；通气电驿,,,,,0,0,,,
gas-flow resistance,,,气流阻力,,,,,0,0,,,
gas-flow type,,,[网络] 二氧化碳激光,,,,,0,0,,,
gas-flushed zone,,,气驱带,,,,,0,0,,,
gas-flushing device,,,[包装] 充气装置,,,,,0,0,,,
gas-fluxing,,,气体熔融,,,,,0,0,,,
gas-foaming agent,,,造气剂,,,,,0,0,,,
gas-focused oscillograph,,,气体聚焦示波器,,,,,0,0,,,
gas-forming,,,"[医] 产气的, 成气的",,,,,0,0,,,
gas-forming admixture,,,加气剂,,,,,0,0,,,
gas-forming agent,,,造气剂;加气剂,,,,,0,0,,,
gas-forming bacteria,,,产气[细]菌,,,,,0,0,,,
gas-forming organisms,,,产气生物,,,,,0,0,,,
gas-forming property,,,发气性,,,,,0,0,,,
gas-forming reaction,,,产气作用,,,,,0,0,,,
gas-free,'ɡæsfr'i:,, 不含气的,,,,,0,0,,,
gas-free certificate,,,气体检验证书；除气证书,,,,,0,0,,,
gas-free certificate detector,,,除气检验器,,,,,0,0,,,
gas-free inspection,,,测爆,,,,,0,0,,,
gas-free oil,,,无气原油,,,,,0,0,,,
gas-freeing,,,驱气,,,,,0,0,,,
gas-freeing arrangement,,,[网络] 除气系统布置,,,,,0,0,,,
gas-freeing line,,,[网络] 逸气管路；气体清除管路,,,,,0,0,,,
gas-freeing plant,,,[网络] 除气装置,,,,,0,0,,,
gas-freeing system,,,[网络] 除气系统,,,,,0,0,,,
gas-fuel engine,,,"气体燃料引擎, 瓦斯引擎",,,,,0,0,,,
gas-fuel-fired boiler,,,气体燃料锅炉,,,,,0,0,,,
gas-fueled,,,[网络] 燃气的；燃烧气体的,j:100,,,,0,0,,,
gas-fueled reactor,,,[核] 气体燃料堆,,,,,0,0,,,
gas-gangrene,,,[医] 气性坏疽,,,,,0,0,,,
gas-gas,,,[网络] 加思加思,,,,,0,0,0:ga-ga/1:s,,
gas-gas heater,,,气-气加热器,,,,,0,0,,,
gas-gas interaction,,,[物] 气体－气体相互作用,,,,,0,0,,,
gas-gathering station,,,[油气] 集气站,,,,,0,0,,,
gas-gauge,'ɡæsɡ'eɪdʒ,, [医]气压计,,,,,0,0,,,
gas-gel chromatograph,,,气体凝胶层析仪,,,,,0,0,,,
gas-gel chromatography,,,[化] 气体凝胶色谱法,,,,,0,0,,,
Gas-generating,,,[网络] 造气,,,,,0,0,s:gas-generatings,,
gas-generating ratio,,,生气率,,,,,0,0,,,
gas-generatings,,,[网络] 造气\n(gas-generating 的复数),,,,,0,0,0:gas-generating/1:s,,
gas-generator,,,n. 气体发生器；燃气发生器；煤气发生炉\n[网络] 煤气发生器；气体产生器；气体发生器煤气发生炉,,,,,0,0,,,
gas-giant,,,n. 气体巨星（主要由氢气和氦气构成，如木星或土星）\n[网络] 气体巨行星,j:100,,,,0,0,,,
gas-glant planet,,,【天文学】气体巨行星,,,,,0,0,,,
gas-gouging,,,n. 气割槽\n[网络] 气刨；火焰刨槽；气焰开槽,,,,,0,0,,,
gas-governor,,,un. 气体调节器；煤气调节器；煤气调压器\n[网络] 煤气第器；气体调整器,,,,,0,0,,,
gas-graphite reactor,,,石墨气冷反应堆,,,,,0,0,,,
gas-gravity differentiation,,,气体重力分异,,,,,0,0,,,
gas-guide tube,,,导气管,,,,,0,0,,,
gas-guzzler,'ɡæsɡ'ʌzlər,, 油老虎,,,,,0,0,s:gas-guzzlers,,
gas-guzzlers,,plural of gas-guzzler,(gas-guzzler 的复数)  油老虎,,,,,0,0,0:gas-guzzler/1:s,,
gas-guzzling,"'ɡæs,ɡʌzliŋ",,a. 耗油的；高油耗的；吞油的,j:100,,,,0,0,s:gas-guzzlings,,
gas-guzzlings,"'ɡæs,ɡʌzliŋ",,adj. [美国口语](汽车发动机等)非常耗油的，耗油量大的，吞油的,,,,,0,0,0:gas-guzzling/1:s,,
gas-handling system,,,体处理系统,,,,,0,0,,,
gas-hazard meter,,,[网络] 危险气体检测器,,,,,0,0,,,
gas-heated brooder,,,煤气加热式育雏器,,,,,0,0,,,
gas-heater,,,[化工] 气体加热器，燃气热水器,,,,,0,0,,,
gas-heating,,,燃气供暖,,,,,0,0,,,
gas-helmet,'ɡæsh'elmɪt,, [医]防毒面具,,,,,0,0,,,
gas-hog,,,[网络] 气猪,,,,,0,0,,,
gas-hogs,,,[网络] 天然气猪,,,,,0,0,,,
gas-holder,,,[医] 贮气箱,,,,,0,0,,,
gas-holder bell,,,[化] 气柜钟罩,,,,,0,0,,,
gas-holder bell-type,,,钟式储气槽,,,,,0,0,,,
gas-holder dry,,,无水储气槽，活气式储气槽,,,,,0,0,,,
gas-holder floating bell,,,[化] 气柜钟罩,,,,,0,0,,,
gas-holder foundation,,,[化] 气柜基础,,,,,0,0,,,
gas-holder grease,,,[化] 气柜润滑脂,,,,,0,0,,,
gas-holder high-pressure,,,高压储气槽,,,,,0,0,,,
gas-holder low-pressure,,,低压储气槽,,,,,0,0,,,
gas-holder oil,,,气柜油,,,,,0,0,,,
gas-holder operation,,,[化] 气柜操作,,,,,0,0,,,
gas-holder piston,,,活塞式储气槽，无水储油槽，干式储气槽,,,,,0,0,,,
gas-holder pressure,,,高压储气槽，压力式储气槽,,,,,0,0,,,
gas-holder pressure type,,,高压储气槽，压力式储气槽,,,,,0,0,,,
gas-holder tank,,,气柜,,,,,0,0,,,
gas-holder transportable,,,运输用气罐,,,,,0,0,,,
gas-holder waterless,,,活塞式储气槽，无水储气槽，干式储气槽,,,,,0,0,,,
gas-immersion laser doping,,,雷射杂质掺杂技术,,,,,0,0,,,
gas-induced osmosis,,,[生理] 气致渗透,,,,,0,0,,,
gas-injection laser,,,气体注入式激光器,,,,,0,0,,,
gas-injection well,,,注气井,,,,,0,0,,,
gas-input well,,,[网络] 注气井,,,,,0,0,,,
gas-insulated bushing,,,体绝缘套管,,,,,0,0,,,
gas-insulated line,,,气体绝缘线路,,,,,0,0,,,
gas-insulated metal-enclosed sub-station,,,气体绝缘金属封闭变电站,,,,,0,0,,,
gas-insulated metal-enclosed switchgear,,,体绝缘金属封闭式开关设备,,,,,0,0,,,
gas-insulated substation,,,气体绝缘变电站,,,,,0,0,,,
gas-insulated transformer,,,气体绝缘变压器,,,,,0,0,,,
gas-invaded zone,,,气侵带,,,,,0,0,,,
gas-ionization battery,,,气体电离电池,,,,,0,0,,,
gas-jar,,,n. 煤气瓶,,,,,0,0,,,
gas-jet,'ɡæsdʒ'et,, 气灯火焰;  气焊枪;  气体射流;  气嘴,,,,,0,0,s:gas-jets,,
gas-jet propelled boat,,,[网络] 喷气推进船,,,,,0,0,,,
gas-jet propulsion,,,[网络] 喷气推进,,,,,0,0,,,
gas-jet technique,,,气体喷射技术,,,,,0,0,,,
gas-jet tube,,,煤气喷管,,,,,0,0,,,
gas-jet vacuum pump,,,排气式真空泵,,,,,0,0,,,
gas-jets,,plural of gas-jet,(gas-jet 的复数)  气灯火焰;  气焊枪;  气体射流;  气嘴,,,,,0,0,0:gas-jet/1:s,,
gas-kinetic diameter,,,气体动力学直径,,,,,0,0,,,
gas-kinetic pressure,,,气体动压强,,,,,0,0,,,
gas-lamp,,,煤气灯,,,,,0,0,s:gas-lamps,,
gas-lamps,,plural of gas-lamp,(gas-lamp 的复数) 煤气灯,,,,,0,0,0:gas-lamp/1:s,,
gas-law constant,,,气体定律常数,,,,,0,0,,,
gas-leakage test,,,漏气试验,,,,,0,0,,,
gas-life pump,,,排气泵,,,,,0,0,,,
gas-lift equipment,,,气举设备,,,,,0,0,,,
gas-lift flow,,,气升流动,,,,,0,0,,,
gas-lift intermitter,,,气举间歇阀,,,,,0,0,,,
gas-lift mandrel,,,[网络] 气举阀工作筒,,,,,0,0,,,
gas-lift pump,,,气体提升泵,,,,,0,0,,,
gas-lift valve,,,气举阀,,,,,0,0,,,
gas-lift well,,,气举井,,,,,0,0,,,
gas-light,,,煤气灯,,,,,0,0,s:gas-lights,,
gas-lights,,plural of gas-light,(gas-light 的复数) 煤气灯,,,,,0,0,0:gas-light/1:s,,
gas-line,,,n. 气体管道\n[网络] 煤气,,,,,0,0,,,
gas-liquefaction,,,[网络] 气体液化；液化天然气,,,,,0,0,,,
gas-liquid,'ɡæsl'ɪkwɪd,, 气液,,,,,0,0,s:gas-liquids,,
gas-liquid absorption,,,气液吸收,,,,,0,0,,,
gas-liquid bubble chamber,,,"气液泡室, 气液气泡室",,,,,0,0,,,
gas-liquid chromatograph,,,气液层析;气液色谱仪,,,,,0,0,,,
gas-liquid chromatographic,,,气液色谱法 (gas-liquid chromatography的变形),,,,,0,0,,,
gas-liquid chromatography,,,[化] 气液色谱法; 气液分配色谱法,,,,,0,0,,,
gas-liquid contacting,,,气液接触,,,,,0,0,,,
gas-liquid contactor,,,气液接触器,,,,,0,0,,,
gas-liquid continuity,,,气液连续性,,,,,0,0,,,
gas-liquid equilibrium,,,气液平衡,,,,,0,0,,,
gas-liquid equilibrium process,,,气液平衡程序,,,,,0,0,,,
gas-liquid equilibrium(GLE),,,[化] 气液平衡,,,,,0,0,,,
gas-liquid flow,,,气-液流,,,,,0,0,,,
gas-liquid heat exchanger,,,[制冷] 气液热交换器,,,,,0,0,,,
gas-liquid interaction,,,[物] 气体－液体相互作用,,,,,0,0,,,
gas-liquid interface,,,气液界面,,,,,0,0,,,
gas-liquid interphase reactor,,,气液相间反应器,,,,,0,0,,,
gas-liquid mixture,,,[物] 气体－液体混合物,,,,,0,0,,,
gas-liquid partition,,,气液分配,,,,,0,0,,,
gas-liquid partition chromatograph,,,气液分配层析仪,,,,,0,0,,,
gas-liquid partition chromatography,,,[化] 气液色谱法; 气液分配色谱法,,,,,0,0,,,
gas-liquid partition coefficient,,,气液分配系数,,,,,0,0,,,
gas-liquid reaction,,,液反应,,,,,0,0,,,
gas-liquid reactor,,,气液反应器,,,,,0,0,,,
gas-liquid regenerator,,,气-液回热器,,,,,0,0,,,
gas-liquid separation,,,气液分离,,,,,0,0,,,
gas-liquid separator,,,气液分离器,,,,,0,0,,,
gas-liquid system,,,气液法,,,,,0,0,,,
gas-liquid-solid reaction,,,气液固反应,,,,,0,0,,,
gas-liquid-solid reactor,,,气液固反应器,,,,,0,0,,,
gas-liquids,,,[网络] 液化石油气；气态液,,,,,0,0,0:gas-liquid/1:s,,
gas-lit,"'gæs,lɪt",,adj. 以煤气灯照明的,,,,,0,0,s:gas-lits,,
gas-lits,,,adj. 以煤气灯照明的\n(gas-lit 的复数),,,,,0,0,0:gas-lit/1:s,,
gas-log,,,na. (煤气炉子的)燃烧嘴\n[网络] 圆木形煤气炉；干柴型煤气燃烧器；气测录井法,,,,,0,0,,,
gas-logged strata,,,含气体地层,,,,,0,0,,,
gas-lubricated bearing,,,气润滑轴承;气体润滑轴承,,,,,0,0,,,
gas-lubricated journal bearing,,,[机] 气体润滑轴颈轴承,,,,,0,0,,,
gas-lubricated piston expansion engine,,,[机] 气体润滑活塞式膨胀机,,,,,0,0,,,
gas-lubricated rotor,,,气体润滑转子,,,,,0,0,,,
gas-lubricated thrust bearing,,,[机] 气体润滑止推轴承,,,,,0,0,,,
gas-main,,,n. 煤气总管,,,,,0,0,s:gas-mains,,
gas-mains,,,煤气总管,,,,,0,0,0:gas-main/1:s,,
gas-making log book,,,煤气制造记录簿,,,,,0,0,,,
gas-making period,,,气化周期,,,,,0,0,,,
gas-making plant,,,煤气厂;煤气工厂,,,,,0,0,,,
gas-making process,,,煤气制造法,,,,,0,0,,,
gas-man,,,"n. 煤气厂的工人, 通风员, 瓦斯检查员, 煤气收费员",,,,,0,0,,,
gas-mantle,,,气灯罩；白炽罩；汽灯罩,,,,,0,0,s:gas-mantles,,
gas-mantles,,,气灯罩；白炽罩；汽灯罩\n(gas-mantle 的复数),,,,,0,0,0:gas-mantle/1:s,,
gas-manufacturing process,,,煤气制取过程,,,,,0,0,,,
gas-mask,,,[医] 防毒面具,,,,,0,0,s:gas-masks,,
gas-masked,,,gas-masked\nadj.\ngas mask的变形\ngas mask\n防毒面具,,,,,0,0,,,
gas-masks,,plural of gas-mask,(gas-mask 的复数) [医] 防毒面具,,,,,0,0,0:gas-mask/1:s,,
gas-metal arc welding,,,气体保护金属极弧焊；金属极惰性气体保护电弧焊,,,,,0,0,,,
gas-metal interaction,,,[物] 气体－金属相互作用,,,,,0,0,,,
gas-metal reaction,,,气-金[属]反应,,,,,0,0,,,
gas-meter,'ɡæsm'i:tər,, 煤气计量器,,,,,0,0,s:gas-meters,,
gas-meters,,,[化工] 煤气表；气量计,,,,,0,0,0:gas-meter/1:s,,
gas-mileage test,,,汽车耗油量试验,,,,,0,0,,,
gas-mixture carbon black,,,[化] 混气炭黑,,,,,0,0,,,
gas-mixture channel black,,,[化] 混气槽黑,,,,,0,0,,,
gas-moving device,,,送装置,,,,,0,0,,,
gas-off,,,[制冷] 气体排除,,,,,0,0,,,
gas-offtake borehole,,,煤气输出钻孔,,,,,0,0,,,
gas-oil,,,"[经] 瓦斯油, 粗柴油",,,,,0,0,s:gas-oils,,
gas-oil contact,,,油气界面,,,,,0,0,,,
gas-oil detection,,,油气侦侧,,,,,0,0,,,
gas-oil dissociation,,,[油气] 油气分离,,,,,0,0,,,
gas-oil interface,,,油气分界面,,,,,0,0,,,
gas-oil mixture,,,气态和液态石油产品混合物,,,,,0,0,,,
gas-oil ratio,,,[经] 油气比,,,,,0,0,,,
gas-oil ratio (GOR),,,[化] 油气比,,,,,0,0,,,
gas-oil ratio(gor),,,气油比,,,,,0,0,,,
gas-oil sealed system,,,气-油密封系统,,,,,0,0,,,
gas-oil separator,,,油气分离器,,,,,0,0,,,
gas-oil solenoid valve,,,气体油料螺管阀,,,,,0,0,,,
gas-oil surface,,,气油接触面,,,,,0,0,,,
gas-oil transition zone,,,气–油过渡带,,,,,0,0,,,
gas-oils,,,[网络] 瓦斯天然气,,,,,0,0,0:gas-oil/1:s,,
gas-operated,'ɡæs'ɔpəreitid,,"a. 气动的, 气体传动的",,,,,0,0,s:gas-operateds,,
gas-operated pump,,,气动泵,,,,,0,0,,,
gas-operated weapon,,,[军] 气动式武器,,,,,0,0,,,
gas-operateds,'ɡæs'ɔpəreitid,,adj. 气动的，气体传动的,,,,,0,0,0:gas-operated/1:s,,
gas-oriented,'ɡæs'ɔrientid,,n. 石油社会(指以石油作为主要能源的西方社会),,,,,0,0,,,
gas-oven,,,"n. 煤气灶, 毒气室",,,,,0,0,,,
gas-oxygen-penthrane,,,笑气、氧气和甲氧氟烷,,,,,0,0,,,
gas-partition chromatograqhy,,,[化] 气液色谱法,,,,,0,0,,,
gas-passer,'ɡæspɑːsɜː,,n. 对于麻醉师的一种幽默诙谐的说法(医院用语),,,,,0,0,,,
gas-pedal,,,n. （汽车等的）加速装置\n[网络] 油门；油门踏板；加速踏板,,,,,0,0,,,
gas-per-mile gauge,,,[化] 汽油每英里耗量计(每英里路程燃料消耗的计量器),,,,,0,0,,,
gas-permeability of glass,,,[玻璃] 玻璃的透气性能,,,,,0,0,,,
gas-permeability of soil,,,[土壤] 土壤透气性,,,,,0,0,,,
gas-permeable,,, 透气的,,,,,0,0,,,
gas-permeable lens,"'ɡæs,pə:miəbl",,【光学】气体渗透透镜，透气性隐形眼镜片,,,,,0,0,,,
gas-permeable membrane,,,气体渗透膜,,,,,0,0,,,
gas-phase,,,n. 气相\n[网络] 相关的气相,,,,,0,0,s:gas-phases,,
gas-phase chemiluminescence,,,气相化学发光,,,,,0,0,,,
gas-phase combustion,,,气相燃烧,,,,,0,0,,,
gas-phase dispersion,,,气相分散,,,,,0,0,,,
gas-phase doping,,,气相掺杂,,,,,0,0,,,
gas-phase hydrogenation,,,[油气] 气相加氢,,,,,0,0,,,
gas-phase ion chemistry,,,[化] 气相离子化学,,,,,0,0,,,
gas-phase laser,,,[电] 气相里射,,,,,0,0,,,
gas-phase mass transfer coefficient,,,气相传质系数,,,,,0,0,,,
gas-phase oxidation,,,气相氧化,,,,,0,0,,,
gas-phase permeation,,,气相渗透,,,,,0,0,,,
gas-phase polymerization,,,[化] 气相聚合,,,,,0,0,,,
gas-phase pressure drop,,,相压降,,,,,0,0,,,
gas-phase radioassay,,,气相放射性分析,,,,,0,0,,,
gas-phase reaction,,,[化] 气相反应,,,,,0,0,,,
gas-phase separation,,,[化] 气相分离,,,,,0,0,,,
gas-phase suspension process,,,气相悬浮过程,,,,,0,0,,,
gas-phase thermometric titration,,,气相热量滴定,,,,,0,0,,,
gas-phase titration,,,[化] 气相滴定,,,,,0,0,,,
gas-phases,,,n. 气相\n[网络] 相关的气相\n(gas-phase 的复数),,,,,0,0,0:gas-phase/1:s,,
gas-phlegmon,,,[医] 气性蜂窝织炎,,,,,0,0,,,
gas-pipe,,,气管\n煤气管\n瓦斯管,,,,,0,0,,,
gas-pipe bend,,,[网络] 气管弯头,,,,,0,0,,,
gas-pipe block,,,[网络] 气焊管夹具,,,,,0,0,,,
gas-pipe line,,,气体管路;煤气导管,,,,,0,0,,,
gas-pipe line telemetry,,,[油气] 天然气管道遥测,,,,,0,0,,,
gas-pipe muffler,,,气管消声器,,,,,0,0,,,
gas-pipe thread,,,气管螺纹,,,,,0,0,,,
gas-pipe tongs,,,煤气管钳,,,,,0,0,,,
gas-pipeline,,,un. 气体管道；气体管线；气体管路；输气管道\n[网络] 油气管线；燃气管道；煤气管线,,,,,0,0,,,
gas-plant,,, [医]白藓,,,,,0,0,,,
gas-plasma,,,[网络] 等离子体显示,,,,,0,0,,,
gas-plasma display,,,等离子气体显示器,,,,,0,0,,,
gas-pocket,,,[化] 气囊; 气孔; 气袋; 气窝,,,,,0,0,,,
gas-power,,,un. 气流功率\n[网络] 油动遥控模型车；瓦斯气体工厂；液压功率,,,,,0,0,,,
gas-power engine,,,煤气发动机,,,,,0,0,,,
gas-power locomotive,,,煤气机车,,,,,0,0,,,
gas-power plant,,,煤气发电厂,,,,,0,0,,,
gas-powered,,,[网络] 气驱动的；用汽油做动力的；天然气驱动,j:100,,,,0,0,s:gas-powereds,,
gas-powered catapult,,,气动弹射器,,,,,0,0,,,
gas-powereds,,,[网络] 气驱动的；用汽油做动力的；天然气驱动\n(gas-powered 的复数),,,,,0,0,0:gas-powered/1:s,,
gas-press welding,,,气压焊,,,,,0,0,,,
gas-pressure bonding,,,气压胶结,,,,,0,0,,,
gas-pressure feed lubrication,,,[网络] 气体加油润滑,,,,,0,0,,,
gas-pressure feed system,,,气压供给系统;气压输送系统,,,,,0,0,,,
gas-pressure head,,,气体压力头,,,,,0,0,,,
gas-pressure lubrication feed,,,气压润滑法,,,,,0,0,,,
gas-pressure lubricator,,,气压润滑器,,,,,0,0,,,
gas-pressure maintenance,,,注气保持压力,,,,,0,0,,,
gas-pressure meter,,,气压表,,,,,0,0,,,
gas-pressure protection,,,气体压力保护,,,,,0,0,,,
gas-pressure regulator,,,气压调节器;燃气压力调节器,,,,,0,0,,,
gas-pressure relay,,,压继电器，瓦斯压力继电器,,,,,0,0,,,
gas-pressure ring,,,气压环,,,,,0,0,,,
gas-pressure sintering,,,气氛加压烧结,,,,,0,0,,,
gas-pressure type starter,,,气压式起动器,,,,,0,0,,,
gas-pressure weld,,,气压焊,,,,,0,0,,,
gas-pressure welding,,,气焰加压焊接,,,,,0,0,,,
gas-pressure welding machine,,,气压焊接机,,,,,0,0,,,
gas-pressurized,,,气压供油;加压气体,,,,,0,0,,,
gas-pressurized generator,,,带压气体发生器,,,,,0,0,,,
gas-pressurized monotube shock absorber,,,充气单筒式减振器,,,,,0,0,,,
gas-pressurized rocket motor,,,气压式液体火箭发动机,,,,,0,0,,,
gas-pressurized system,,,气压输送系统,,,,,0,0,,,
gas-pressurized twin-tube shock absorber,,,充气双筒式减振器,,,,,0,0,,,
gas-price,,,[网络] 油价；煤气价格；天然气价格,,,,,0,0,,,
gas-processing,,,煤气处理,,,,,0,0,,,
gas-producer,'ɡæsprədj'u:sə,, [医]煤气发生炉,,,,,0,0,,,
gas-producer coal tar,,,煤气发生炉焦油,,,,,0,0,,,
gas-producer vehicle,,,煤气发生炉汽车,,,,,0,0,,,
gas-producing,,,n. 耗油量大的汽车,,,,,0,0,,,
gas-producing factor,,,气体生成因素,,,,,0,0,,,
gas-producing plant,,,煤气工厂,,,,,0,0,,,
gas-producing process,,,煤气制取过程,,,,,0,0,,,
gas-production,,,un. 煤气制造；气体形成；气体生产\n[网络] 瓦斯开采；产气；产气量,,,,,0,0,,,
gas-proof,'ɡæspr'u:f,, 防毒气的，不漏气，不透气,,,,,0,0,,,
gas-proof apparatus,,,[网络] 防气体燃爆装置,,,,,0,0,,,
gas-proof film,,,"气密膜；不透气膜, 气密膜， 不透气膜",,,,,0,0,,,
gas-proof flash light,,,气密闪光灯,,,,,0,0,,,
gas-proof machine,,,防瓦斯电机;防瓦斯式电机;气密型机器,,,,,0,0,,,
gas-proof motor,,,气密式电动机,,,,,0,0,,,
gas-proof sealing,,,气密密封,,,,,0,0,,,
gas-protection clothing,,,防毒衣,,,,,0,0,,,
gas-protection goggles,,,防毒[气]护目镜,,,,,0,0,,,
gas-pulverized coal fired boiler,,,气体煤粉混合燃烧炉,,,,,0,0,,,
gas-pump,,,n. 加油站\n[网络] 跳出式广告,,,,,0,0,,,
gas-purifier,'ɡæspj'ʊərɪfaɪə,, 气体净化器,,,,,0,0,,,
gas-quenching vacuum resistance furnace,,,气淬真空电阻炉,,,,,0,0,,,
gas-radiator,,,[医] 辐射取暖炉(用煤气作燃料的),,,,,0,0,,,
gas-recycling plant,,,气体循环装置,,,,,0,0,,,
gas-regenerator flue,,,煤气蓄热室烟道,,,,,0,0,,,
gas-removal,,,un. 脱气,,,,,0,0,,,
gas-reserve,,,[网络] 天然气储量,,,,,0,0,,,
gas-reservoir,,,气贮,,,,,0,0,,,
gas-reservoir truck,,,筒式运煤气车,,,,,0,0,,,
gas-reversible,,,adj. 可回气的；可逆气的,,,,,0,0,,,
gas-rich,,,[网络] 富含天然气,j:100,,,,0,0,,,
gas-ring,,,n. 小煤气炉,,,,,0,0,s:gas-rings,,
gas-ring burner,,,环形管进气喷燃器,,,,,0,0,,,
gas-rings,,plural of gas-ring,(gas-ring 的复数) n. 小煤气炉,,,,,0,0,0:gas-ring/1:s,,
gas-ripened,"'ɡæs,raipənd",,adj. (蔬菜、果品等)用气体处理的，气体催熟的，用乙烯催熟的,,,,,0,0,,,
gas-sample analysis,,,气体取样分析,,,,,0,0,,,
gas-sample counter,,,气体取样计数器,,,,,0,0,,,
Gas-san,,,[地名] 月山 ( 日 ),,,,,0,0,,,
gas-sand anchor,,,气砂锚,,,,,0,0,,,
gas-saturated oil,,,气饱和油,,,,,0,0,,,
gas-saturated pipelining,,,气饱和输送,,,,,0,0,,,
gas-saving,,,[网络] 燃料节约率,,,,,0,0,,,
gas-scattering loss,,,气体散射损失,,,,,0,0,,,
gas-seal bell,,,气封钟形盖,,,,,0,0,,,
gas-sensing membrane electrode,,,[化] 气敏电极; 气敏膜电极,,,,,0,0,,,
gas-sensitive element,,,气敏元件,,,,,0,0,,,
gas-sensitive leak detector,,,气敏查漏仪,,,,,0,0,,,
gas-sensitive metal,,,气敏金属,,,,,0,0,,,
gas-separating shield,,,挡风板,,,,,0,0,,,
gas-shaft hood,,,气管塞,,,,,0,0,,,
gas-shielded arc welding,,,气体保护焊；[机] 气体保护电弧焊,,,,,0,0,,,
gas-shielded stud welding,,,气保护柱钉焊接,,,,,0,0,,,
gas-side corrosion,,,气侧腐蚀,,,,,0,0,,,
gas-side fouling,,,侧积垢,,,,,0,0,,,
gas-sink,,,气体陷阱,,,,,0,0,,,
gas-sipper,'ɡæsipə,,n. 耗油少的车，燃料消耗量低的车,,,,,0,0,,,
gas-sipping,'ɡæsipiŋ,,adj.\n(汽车等)汽油耗油量低的，燃料耗费少的,,,,,0,0,,,
gas-slab,,,[网络] 气体导板,,,,,0,0,,,
gas-solid,ɡæs ˈsɔlid,, 气固,,,,,0,0,,,
gas-solid adsorption,,,[化] 气-固吸附,,,,,0,0,,,
gas-solid chromatograph,,,[分化] 气固色谱,,,,,0,0,,,
gas-solid chromatography,,,[机] 气-固色层分析法,,,,,0,0,,,
gas-solid contact,,,气固接触,,,,,0,0,,,
gas-solid contact condition,,,气固接触条件,,,,,0,0,,,
gas-solid contactor,,,气固接触设备,,,,,0,0,,,
gas-solid equilibrium,,,气固平衡,,,,,0,0,,,
gas-solid feed ratio,,,固比,,,,,0,0,,,
gas-solid film,,,气固膜,,,,,0,0,,,
gas-solid flow,,,气-固流,,,,,0,0,,,
gas-solid fluidization,,,气固流态化,,,,,0,0,,,
gas-solid interaction,,,[物] 气体－固体相互作用,,,,,0,0,,,
gas-solid interface,,,气固界面;气体固体界面,,,,,0,0,,,
gas-solid mixture,,,[物] 气体－固体混合物,,,,,0,0,,,
gas-solid partition chromatography,,,气固分配色谱法,,,,,0,0,,,
gas-solid phase oxidation catalyst,,,气固相氧化催化 剂,,,,,0,0,,,
gas-solid reaction,,,气固反应,,,,,0,0,,,
gas-solid reactor,,,气固反应器,,,,,0,0,,,
gas-solid system,,,气固体系,,,,,0,0,,,
gas-solubility coefficient,,,气体溶度系数;气体溶解系数,,,,,0,0,,,
gas-solubility factor,,,气体溶解度因数,,,,,0,0,,,
gas-solution interface,,,气液界面,,,,,0,0,,,
gas-solvent reaction,,,气体溶剂反应,,,,,0,0,,,
gas-source potential,,,生气潜量,,,,,0,0,,,
gas-specific,,,特定气体的,,,,,0,0,,,
gas-specific connector,,,特定气体的连接器,,,,,0,0,,,
gas-sphere,,,气界,,,,,0,0,,,
gas-station,'ɡæsst'eɪʃn,,n. 加油站,j:100,,,,0,0,,,
gas-steam combined cycle,,,气-蒸汽联合循环,,,,,0,0,,,
gas-steam combined cycle power plant,,,燃气-蒸汽复循环电厂,,,,,0,0,,,
gas-steam combined cycle unit,,,燃气-蒸汽复循环机组,,,,,0,0,,,
gas-steam torpedo,,,[军] 蒸气瓦斯鱼雷,,,,,0,0,,,
gas-storage,,,un. 充气贮藏；充二氧化碳的水果蔬菜仓库或舱室\n[网络] 储气；气体贮藏；气调贮藏,,,,,0,0,,,
gas-stove,,,n. 煤气炉,,,,,0,0,s:gas-stoves,,
gas-stoves,,,便携炉具；燃气灶具（gas stove的复数）,,,,,0,0,0:gas-stove/1:s,,
gas-stripper gas cooler,,,气器气体冷却器,,,,,0,0,,,
gas-stripping canal,,,气体剥离通道,,,,,0,0,,,
gas-surface interaction,,,体-表面之间的相互作用,,,,,0,0,,,
gas-tank,,,un. 汽车上的油箱；煤气罐；储气罐；气柜,,,,,0,0,,,
gas-tank truck,,,汽油罐卡车,,,,,0,0,,,
gas-tank valve,,,汽油箱汽门,,,,,0,0,,,
gas-tanker,,,[化] 气槽船; 气槽车,,,,,0,0,,,
gas-tap,,,管螺纹丝锥；气管螺丝攻,,,,,0,0,,,
gas-tar,,,n. 煤焦油,,,,,0,0,,,
gas-tax,,,[网络] 天然气税；汽油税；燃油税,j:100,,,,0,0,,,
gas-temperature controller,,,燃气温度调节器,,,,,0,0,,,
gas-temperature probe,,,气温度测枪,,,,,0,0,,,
gas-testing lamp,,,检查瓦斯灯,,,,,0,0,,,
gas-tetrode relaxation oscillator,,,充气四极管张弛振荡器,,,,,0,0,,,
gas-thread,,,管螺纹；气管螺纹,,,,,0,0,,,
gas-tight,'ɡæst'aɪt,s not allowing air or gas to pass in or out," 气密的, 不透气的; 气闭",,,,,0,0,,,
gas-tight block,,,气闭头,,,,,0,0,,,
gas-tight bulkhead,,,[网络] 气密舱壁,,,,,0,0,,,
gas-tight casing,,,气密机座;气密外壳,,,,,0,0,,,
gas-tight casting,,,气密铸件,,,,,0,0,,,
gas-tight coating,,,密包覆,,,,,0,0,,,
gas-tight container,,,气密容器,,,,,0,0,,,
gas-tight damper,,,气密挡板,,,,,0,0,,,
gas-tight door,,,气密门,,,,,0,0,,,
gas-tight double isolation incorporating continuous gap leakage monitoring,,,有连续缝隙监漏的双层气密隔离[层],,,,,0,0,,,
gas-tight end shield,,,气密端盖,,,,,0,0,,,
gas-tight entry,,,气密进口,,,,,0,0,,,
gas-tight fan,,,气密式风扇,,,,,0,0,,,
gas-tight feeding mechanism,,,气密加料机构,,,,,0,0,,,
gas-tight gland,,,气密压盖,,,,,0,0,,,
gas-tight housing,,,气密机座,,,,,0,0,,,
gas-tight joint,,,不透气接合,,,,,0,0,,,
gas-tight lamp,,,气密灯,,,,,0,0,,,
gas-tight lysimeter,,,气密液度计,,,,,0,0,,,
gas-tight machine,,,密封式电机,,,,,0,0,,,
gas-tight motor,,,气密式电动机,,,,,0,0,,,
gas-tight piston ring,,,活塞压环,,,,,0,0,,,
gas-tight ring,,,[网络] 气密环,,,,,0,0,,,
gas-tight seal,,,气密密封,,,,,0,0,,,
gas-tight sealed cell,,,气密密封式单电池,,,,,0,0,,,
gas-tight seam,,,[网络] 气密焊缝；气密缝,,,,,0,0,,,
gas-tight shell,,,气密壳,,,,,0,0,,,
gas-tight shielded enclosure,,,气密屏蔽包层,,,,,0,0,,,
gas-tight silo,,,气密青贮塔;密封仓,,,,,0,0,,,
gas-tight sleeve,,,气闭套管,,,,,0,0,,,
gas-tight test,,,气密性试验,,,,,0,0,,,
gas-tight test pressure,,,[制冷] 气密试验压力,,,,,0,0,,,
gas-tight thread,,,[网络] 气密螺纹,,,,,0,0,,,
gas-tight withdrawal tube,,,密抽出管,,,,,0,0,,,
gas-tightness,,,"不透气性,气密性",,,,,0,0,,,
gas-tightness test,,,[网络] 气密性试验,,,,,0,0,,,
gas-to-air heater,,,[网络] 烟气-空气加热器,,,,,0,0,,,
gas-to-dust ratio,,,气尘比,,,,,0,0,,,
gas-to-gas heat exchanger,,,-气换热器,,,,,0,0,,,
gas-to-particle heat transfer,,,体-颗粒之间的换热,,,,,0,0,,,
gas-torch cutting,,,气炬切割,,,,,0,0,,,
gas-touched perimeter,,,体接触周界，气体冲刷周边,,,,,0,0,,,
gas-trading,,,[网络] 天然气交易,,,,,0,0,,,
gas-transport laser,,,气体迁移激光器,,,,,0,0,,,
gas-transport systems,,,气体转运系统,,,,,0,0,,,
gas-treating system,,,[机] 气体净化装置,,,,,0,0,,,
gas-tube,,,离子管,,,,,0,0,,,
gas-tube boiler,,,火管锅炉,,,,,0,0,,,
gas-tube counter,,,充气电子管计数器,,,,,0,0,,,
gas-tube pulse generator,,,充气管脉冲发生器;离子管脉冲发生器,,,,,0,0,,,
gas-tube rectifier,,,充气整流管,,,,,0,0,,,
gas-tube relaxation oscillator,,,[电] 充气管弛缓振荡器,,,,,0,0,,,
gas-tungsten arc welding,ɡæs ˈtʌŋstən ɑ:k ˈweldɪŋ,, 气体保护钨极弧焊,,,,,0,0,,,
gas-turbine,,,na. 燃气轮机\n[网络] 燃汽涡轮机；燃气涡轮机；燃气涡轮发动机,,,,,0,0,,,
gas-turbine automobile,,,燃气轮机汽车,,,,,0,0,,,
gas-turbine blade,,,燃气涡轮叶片,,,,,0,0,,,
gas-turbine blower,,,燃气涡轮增压器,,,,,0,0,,,
gas-turbine booster,,,燃气涡轮机加力装置,,,,,0,0,,,
gas-turbine booster propulsion set,,,燃气轮机加力推进装置,,,,,0,0,,,
gas-turbine compressor,,,燃气轮机压缩机,,,,,0,0,,,
gas-turbine control board,,,燃气轮机控制盘,,,,,0,0,,,
gas-turbine cycle,,,燃气轮机循环;燃气轮循环,,,,,0,0,,,
gas-turbine deicer,,,[网络] 燃气涡轮防冰设备,,,,,0,0,,,
gas-turbine drier,,,燃气轮式干燥机,,,,,0,0,,,
gas-turbine driven generator,,,燃气轮发电机,,,,,0,0,,,
gas-turbine electric locomotive,,,燃气轮机电气机车,,,,,0,0,,,
gas-turbine electric power plant,,,燃气轮机发电厂,,,,,0,0,,,
gas-turbine engine,,,燃气轮发动机;燃气涡轮发动机,,,,,0,0,,,
gas-turbine engine lubricant,,,un. 燃气轮机润滑剂,,,,,0,0,,,
gas-turbine generator,,,气轮发电机,,,,,0,0,,,
gas-turbine jet,,,燃气轮机喷气发动机,,,,,0,0,,,
gas-turbine module,,,燃气轮机组装件,,,,,0,0,,,
gas-turbine nozzle,,,燃气轮喷嘴,,,,,0,0,,,
gas-turbine plant,,,燃气涡轮机设备,,,,,0,0,,,
gas-turbine power plant,,,燃气轮机动力装置,,,,,0,0,,,
gas-turbine power unit,,,燃气轮机动力装置,,,,,0,0,,,
gas-turbine propulsion,,,燃气轮机牵引,,,,,0,0,,,
gas-turbine railcar,,,燃气轮机动车,,,,,0,0,,,
gas-turbine ship,,,un. 燃气轮机船,,,,,0,0,s:gas-turbine ships,,
gas-turbine ships,,,un. 燃气轮机船\n(gas-turbine ship 的复数),,,,,0,0,0:gas-turbine ship/1:s,,
gas-turbine starter,,,燃气轮机起动机,,,,,0,0,,,
gas-turbine tracked vehicle,,,燃气轮发动机的履带车辆,,,,,0,0,,,
gas-turbine trainset,,,燃气轮列车组,,,,,0,0,,,
gas-turbine truck,,,燃气轮机载货汽车,,,,,0,0,,,
gas-turbine unit,,,燃气涡轮发动机,,,,,0,0,,,
gas-turbine wheel,,,燃气轮机叶轮,,,,,0,0,,,
gas-turbine with regenerator,,,回热式燃气轮机,,,,,0,0,,,
gas-turbine-pump combination,,,涡轮泵组,,,,,0,0,,,
gas-turbine-pump system,,,燃气轮机泵组,,,,,0,0,,,
gas-type fitting,,,气管接头,,,,,0,0,,,
gas-type mass specctrometer,,,气体型质谱计,,,,,0,0,,,
gas-type mass spectrometer,,,[化] 气体型质谱计,,,,,0,0,,,
gas-valve,,,[机] 煤气阀；气体阀；充气管,,,,,0,0,,,
gas-vapor,'ɡæsv'eɪpər,, 蒸汽燃气,,,,,0,0,,,
gas-vapor cycle,,,气-蒸汽循环,,,,,0,0,,,
gas-vapour,,,蒸汽燃气,,,,,0,0,,,
gas-vapour mixture,,,蒸气-空气混合物,,,,,0,0,,,
gas-venting mast,,,[网络] 通气桅,,,,,0,0,,,
gas-volume,,,气体体积\n[物] 气体容积,,,,,0,0,,,
gas-volumetric method,,,气体容量分析法;气体体积分析法,,,,,0,0,,,
gas-washer,'ɡæsw'ɒʃər,, [医]洗气器，气体洗涤器,,,,,0,0,,,
gas-water contact,,,气水界面,,,,,0,0,,,
gas-water interface,,,气水接触面,,,,,0,0,,,
gas-water ratio,,,气水比,,,,,0,0,,,
gas-water surface,,,气水面,,,,,0,0,,,
gas-welded pipe,,,气焊管,,,,,0,0,,,
gas-welding,,,[机] 气焊,,,,,0,0,,,
gas-welding equipment,,,[网络] 气焊设备,,,,,0,0,,,
gas-welding flux,,,un. 气焊剂\n[网络] 气焊焊剂,,,,,0,0,,,
gas-works,,,[化] 煤气厂,,,,,0,0,,,
Gas-X,,,西甲硅油咀嚼片剂,,,,,0,0,,,
gas.,gæs,,n. 气体；气体燃料；煤气；天然气\nv. 用毒气杀伤；使吸入毒气；闲聊；空谈\nabbr. (=gasoline)\nadj. 〈美俚〉喝醉酒的\n[网络] 汽油；四眼炉；气弹簧活塞,,,,,0,0,,,
gas/blood flow ratio,,,气-血流量比率,,,,,0,0,,,
GAS/BM,,,[=gas bomb]毒气弹,,,,,0,0,,,
GAS/SER,,,[=mixed gas-gangrene antitoxin]混合气性坏疽抗毒素,,,,,0,0,,,
gas6,,,生长停滞特异性基因6,,,,,0,0,,,
gasa,,,abbr. growth-adjusted sonographic age 生长调节超声描记年龄,,,,,0,0,,,
Gasa Dzong,,,[地名] 加萨宗 ( 不丹 ),,,,,0,0,,,
gasabsorbent,,,吸附气体(的),,,,,0,0,,,
gasahol,'^æsәhɔl,,汽油精(由汽油和酒精混合而成的汽车燃料),,,,,0,0,,,
gasahols,,,[网络] 加油。,,,,,0,0,,,
gasalier,,,[网络] 汽油机,,,,,0,0,,,
gasaliers,,,[网络] 加油站,,,,,0,0,,,
gasam,,,[网络] 笔名,,,,,0,0,,,
Gasan,,,加善,,,,,0,0,s:gasans,,
Gasan-Kuli,,,[地名] *加桑库利(埃森古利的旧称) ( 土库 ),,,,,0,0,,,
Gasan-Kuliyskiy Zapov.,,,[地名] 加桑库利自然保护区 ( 土库 ),,,,,0,0,,,
gasanov,,,[网络] 哈桑诺夫,,,,,0,0,,,
gasans,,,加善\n(gasan 的复数),,,,,0,0,0:gasan/1:s,,
gasateria,",^æsә'tiәriә",,[美俚]汽车的自动加油站,,,,,0,0,,,
gasator,,,吸气器,,,,,0,0,,,
gasaway,,, [人名] 加萨韦,,,,,0,0,,,
GASB,,,政府会计标准委员会（=governmental accounting standards board）,,,,,0,0,s:gasbs,,
gasbag,'gæsbæg,n. a boring person who talks a great deal about uninteresting topics,"n. 气囊, 废话连篇的人",n:100,,,,0,30672,s:gasbags,,
gasbagged,'gæsbæg,,n.\n气囊，气袋\n【航空学】气球；飞艇\n[美国俚语]话匣子，饶舌者；闲扯的人，夸夸其谈的人，爱侃大山的人,,,,,0,0,,,
gasbaggery,,,n. 气囊；废话连篇的人 (gasbag的变形),,,,,0,0,,,
gasbagging,'gæsbæg,,n.\n气囊，气袋\n【航空学】气球；飞艇\n[美国俚语]话匣子，饶舌者；闲扯的人，夸夸其谈的人，爱侃大山的人,,,,,0,0,,,
gasbags,'gæsbæg,n. a boring person who talks a great deal about uninteresting topics\nn. the bag containing the gas in a balloon,n. 气囊；废话连篇的人,,,,,0,0,0:gasbag/1:s,,
gasballast,'ɡæsbæləst,,n.气镇,,,,,0,0,,,
Gasbarian,,,[网络] 加油站,,,,,0,0,,,
gasbarre,,,[网络] 天气气氛,,,,,0,0,,,
Gasbaryan,,,[网络] 加巴比安,,,,,0,0,,,
gasberry,,,[网络] 喘气,,,,,0,0,,,
gasblock,,,气锁水泥,,,,,0,0,,,
gasboat,,,汽艇,,,,,0,0,,,
gasbomb,,,氧气瓶;贮气瓶;毒气炸弹,,,,,0,0,,,
gasbooster,,,(气体输送)压缩设备[机],,,,,0,0,,,
gasbracket,,,煤气灯的支柱,,,,,0,0,,,
gasbs,,,政府会计标准委员会（=governmental accounting standards board）\n(gasb 的复数),,,,,0,0,0:gasb/1:s,,
gasbuddy,,,[网络] 油价网站；汽油伙伴；调查机构汽油夥伴,,,,,0,0,,,
gasbuddy.com,,,[网络] 网站；网页汽油伙伴；汽油好友网站,,,,,0,0,,,
gasburner,,,煤 气灯[炉],,,,,0,0,,,
gasby,,,[网络] 焱幻梵舞；杰士派；抓起来,,,,,0,0,,,
gasc,,,abbr. General Aviation Safety Committee <英国>通用航空飞行安全委员会; Georgia;  Ashburn; German-American Securities Corporation 德-美证券公司,,,,,0,0,,,
gascarburization,ɡæskɑːb'juəraɪzeɪʃn,,n. 气体渗碳,,,,,0,0,,,
gascarrier,,,气体运输船,,,,,0,0,,,
gasch,,, [人名] 加施,,,,,0,0,,,
gaschromatograph,ɡæʃrəʊ'mətəɡrɑːf,,n. 气相色层分离仪,,,,,0,0,,,
Gaschurn,,,[地名] 加舒恩 ( 奥 ),,,,,0,0,,,
Gaschwitz,,,[地名] 加施维茨 ( 德 ),,,,,0,0,,,
gascn,,,[网络] 硫氰酸胍,,,,,0,0,,,
gasco,,,abbr. General Aviation Safety Commission 航空安全总委员会; General Aviation Safety Committee 航空安全总会,,,,,0,0,s:gascoes,,
gascoes,,,abbr. General Aviation Safety Commission 航空安全总委员会; General Aviation Safety Committee 航空安全总会\n(gasco 的复数),,,,,0,0,0:gasco/1:s,,
Gascogne,^ɑ:s'kɔnjә,n a region of southwestern France,<法>=Gascony,,,,,0,0,s:gascognes,,
gascogne (gascony ),,,加斯科尼,,,,,0,0,,,
"Gascogne, G.de",,,[地名] 加斯科涅湾(比斯开湾的法语称谓) ( 法·西 ),,,,,0,0,,,
gascognes,'ɡæskɔnjə,,[法语]=Gascony,,,,,0,0,0:gascogne/1:s,,
gascoign,,,[网络] gascoigne,,,,,0,0,,,
Gascoignader,,,[网络] 加油员,,,,,0,0,,,
Gascoigne,,,加斯科因（人名）,,,,,10907,0,,,
"Gascoigne, George",'ɡæskɔin,,盖斯科因(1525?～1577，英国诗人、剧作家),,,,,0,0,,,
Gascoine,,,[网络] 加油罐,,,,,0,0,s:gascoines,,
gascoines,,,[网络] 加油罐\n(gascoine 的复数),,,,,0,0,0:gascoine/1:s,,
Gascon,'gæskәn,"a. Of or pertaining to Gascony, in France, or to the Gascons;\n   also, braggart; swaggering.\nn. A native of Gascony; a boaster; a bully. See Gasconade.","n. 加斯科涅人, 吹牛者",,,,,29966,0,s:gascons,,
Gascon Occitan,,,[网络] Gascon奥克西唐人,,,,,0,0,,,
gasconade,.gæskә'neid,n an instance of boastful talk\nv show off,"n. 吹牛, 夸口\nvi. 夸口, 吹牛",,,,,0,0,i:gasconading/p:gasconaded/3:gasconades/d:gasconaded/s:gasconades,,
Gasconade County,,,[地名] 加斯科内德县 ( 美 ),,,,,0,0,,,
Gasconade R.,,,[地名] 加斯科内德河 ( 美 ),,,,,0,0,,,
gasconaded,ˌɡæskəˈneidid,imp. & p. p. of Gasconade,v. 吹牛( gasconade的过去式和过去分词 ),,,,,0,0,1:pd/0:gasconade,,
gasconader,,n. A great boaster; a blusterer.,n. gasconade的变形,,,,,0,0,,,
gasconaders,",ɡæskə'neid",,"gasconader\nn.\ngasconade的变形\ngasconade\n[,ɡæskə'neid]\nn.\n夸口，吹牛\nvi.\n夸口，吹牛，自吹自擂\n变形：\nvi.\ngasconaded\n. gasconading",,,,,0,0,,,
gasconades,,n an instance of boastful talk\nv show off,n. 吹牛（gasconade的复数形式）\nv. 吹牛（gasconade的第三人称单数形式）,,,,,0,0,1:3/0:gasconade,,
gasconading,ˌɡæskəˈneidɪŋ,p. pr. & vb. n. of Gasconade,v. 吹牛( gasconade的现在分词 ),,,,,0,0,1:i/0:gasconade,,
gasconies,'ɡæskəni,,加斯科涅(法国西南部一地区和旧省份)[法语 Gascogne],,,,,0,0,0:gascony/1:s,,
Gasconism,,,"夸口,吹嘘",,,,,0,0,,,
Gascons,,"plural of Gascon\na. Of or pertaining to Gascony, in France, or to the Gascons;\n   also, braggart; swaggering.\nn. A native of Gascony; a boaster; a bully. See Gasconade.","(Gascon 的复数) n. 加斯科涅人, 吹牛者",,,,,0,0,0:gascon/1:s,,
gasconstant,'ɡæskɒnstənt,,n. 气体常数,,,,,0,0,,,
Gascony,'^æskәni,n a region of southwestern France,加斯科涅[法国西南部一地区],,,,,28987,0,s:gasconies,,
Gascoon,,,[网络] 加油站,,,,,0,0,,,
gascostant,,,气体常数,,,,,0,0,,,
gascounter,,,n. 气体计数器,,,,,0,0,,,
gascoyne,,, [人名] [英格兰人姓氏] 加斯科因 Gascoigne的变体; [地名] [美国] 加斯科因,,,,,0,0,,,
Gascoyne Junction,,,[地名] 加斯科因章克申 ( 澳 ),,,,,0,0,,,
Gascoyne Plain,,,[地名] 加斯科因深海平原 ( 印度洋 ),,,,,0,0,,,
Gascoyne R.,,,[地名] 加斯科因河 ( 澳 ),,,,,0,0,,,
Gascoyne River,,,[网络] 加斯科因河；斯加因河；柯恩河,,,,,0,0,,,
Gascoyne Seamount,,,[地名] 加斯科因海山 ( 印度洋 ),,,,,0,0,,,
"Gascoyne, David",,,盖斯科因,,,,,0,0,,,
"Gascoyne, Mt.",,,[地名] 加斯科因山 ( 澳 ),,,,,0,0,,,
gascoynes,,n. pl. Gaskins.,n. (Gascoyne)人名；(英)加斯科因,,,,,0,0,,,
gascrome,,,[网络] 气球,,,,,0,0,,,
gascromh,,,[网络] 喘气,,,,,0,0,,,
Gascueňa,,,[地名] 加斯库埃尼亚 ( 西 ),,,,,0,0,,,
Gascueňa de Bornoba,,,[地名] 博尔诺瓦河畔加斯库埃尼亚 ( 西 ),,,,,0,0,,,
gasdischarger,,,[网络] 充气放电器；气体放电器,,,,,0,0,,,
gasdispersion,ɡæzdɪs'pɜːʃn,,n. 气体弥散,,,,,0,0,,,
Gasdtrodyn,,,甘罗溴铵,,,,,0,0,,,
gasdynamic,",^æsdai'næmik",,"laser气动激光器,气体动力激光器",,,,,0,0,,,
gasdynamic laser,,,气动激光器,,,,,0,0,,,
gasdynamics,",^æsdai'næmiks",,[复]n.[用作单] [物]气体动力学,,,,,0,0,,,
gasdynamics of detonation,,,[流] 爆破气体动力学,,,,,0,0,,,
gasdynamics of explosion,,,[流] 爆炸气体动力学,,,,,0,0,,,
gase,,,n. 硒化镓\nn. (Gase)人名；(德)加泽,,,,,0,0,s:gases,,
gase mask,,,n. 防毒面具,,,,,0,0,,,
gase-,,,"气,气体",,,,,0,0,,,
gaseater,'ɡæs'i:tə,,n. [俚语]耗油量极大的汽车，“油老虎”，吞油车[亦作 gas-guzzler],,,,,0,0,,,
gaseities,,,n. 气态\n[网络] 气质；气状态,,,,,0,0,,,
gaseity,gæ'si:әti,n. State of being gaseous.,"n. 气质, 气态, 气状",,,,,0,0,,,
gaselee,,, [人名] 盖斯利,,,,,0,0,s:gaselees,,
gaselees,,plural of gaselee,(gaselee 的复数)  [人名] 盖斯利,,,,,0,0,0:gaselee/1:s,,
gaselier,.gæsә'liә,,n. 煤气吊灯,,,,,0,0,,,
gaseliers,",ɡæsə'lɪə",,n. 煤气吊灯,,,,,0,0,,,
gaseline,,,[网络] 汽油,,,,,0,0,,,
gasengine,,,n. 煤气内燃机,,,,,0,0,,,
gaseogenic anomaly,,,[地质] 气成异常,,,,,0,0,,,
gaseohydrothermal,,,[网络] gaseo hydrothermal,,,,,0,0,,,
gaseosa,,,[网络] 气球,,,,,0,0,s:gaseosas,,
gaseosas,,,加塞奥萨斯,,,,,0,0,0:gaseosa/1:s,,
gaseosity,,,[网络] 气质,,,,,0,0,,,
gaseous,'gæsiәs,a. existing as or having characteristics of a gas,"a. 气体的, 气态的, 无实质的\n[医] 气[体]的",j:100,,,cet4 cet6 toefl gre,23487,18191,,,
gaseous (electrical) discharge,,,气体放电,,,,,0,0,,,
gaseous absorbent,,,气态吸附,,,,,0,0,,,
gaseous absorption,,,态吸收，气体吸收,,,,,0,0,,,
gaseous absorption loss,,,气体吸收损耗,,,,,0,0,,,
gaseous absorptivity,,,气体吸收性,,,,,0,0,,,
gaseous acidosis,,,"[医] 气性酸中毒, 二氧化碳性酸中毒",,,,,0,0,,,
gaseous activity,,,体放射性,,,,,0,0,,,
gaseous adsorption,,,气态吸附,,,,,0,0,,,
gaseous alkalosis,,,[医] 气性硷中毒,,,,,0,0,,,
gaseous ammonia,,,气态氨,,,,,0,0,,,
gaseous arc,,,气体电弧,,,,,0,0,,,
gaseous barrier diffusion,,,气体膜扩散,,,,,0,0,,,
gaseous blast,,,喷气流,,,,,0,0,,,
gaseous bleaching,,,气态漂白,,,,,0,0,,,
gaseous body,,,气体,,,,,0,0,,,
gaseous burst,,,气爆搅动,,,,,0,0,,,
gaseous carbon,,,气态碳,,,,,0,0,,,
gaseous carburizer,,,气体渗碳剂,,,,,0,0,,,
gaseous cascade laser,,,气体串级激光器,,,,,0,0,,,
gaseous cavitation,,,"气态空化, 气体空化",,,,,0,0,,,
gaseous cavity,,,含气空泡,,,,,0,0,,,
gaseous cement,,,[化] 气体渗碳剂,,,,,0,0,,,
gaseous chlorination,,,气态氯化处理,,,,,0,0,,,
gaseous chlorine,,,[医] 气态氯,,,,,0,0,,,
gaseous combustion,,,气体燃烧,,,,,0,0,,,
gaseous compound,,,气体化合物,,,,,0,0,,,
gaseous conductance,,,气体传导[电导],,,,,0,0,,,
gaseous conduction,,,气体导电,,,,,0,0,,,
gaseous conduction analyzer,,,气体导电分析器,,,,,0,0,,,
gaseous conduction ectifier,,,充气管整流器,,,,,0,0,,,
gaseous conduction rectifier,,,气体传导整流器,,,,,0,0,,,
gaseous conductor,,,"气体导体,导电气体",,,,,0,0,,,
gaseous contaminant,,,气态污染物,,,,,0,0,,,
gaseous contamination,,,气体污染,,,,,0,0,,,
gaseous coolant,,,气体冷却剂,,,,,0,0,,,
gaseous core,,,气芯,,,,,0,0,,,
gaseous corrosion,,,气相腐蚀,,,,,0,0,,,
gaseous counter,,,气体计数管,,,,,0,0,,,
gaseous current,,,气流,,,,,0,0,,,
gaseous cyaniding,,,气体氧化法,,,,,0,0,,,
gaseous cycle,,,气态物循环,,,,,0,0,,,
gaseous detector,,,气相检验机,,,,,0,0,,,
gaseous detonation,,,气体爆炸,,,,,0,0,,,
gaseous development,,,气体显影,,,,,0,0,,,
gaseous dielectric,,,气体电介质,,,,,0,0,,,
gaseous diffusion,,,[机] 气体扩散,,,,,0,0,,,
gaseous diffusion cascade,,,气体扩散级联,,,,,0,0,,,
gaseous diffusion cell,,,气体扩散槽,,,,,0,0,,,
gaseous diffusion electrode,,,[化] 气体扩散电极,,,,,0,0,,,
gaseous diffusion flame,,,[热] 气体扩散火焰,,,,,0,0,,,
gaseous diffusion machine,,,[核] 气体扩散机,,,,,0,0,,,
gaseous diffusion method,,,气体扩散法,,,,,0,0,,,
gaseous diffusion plant,,,气体扩散设备,,,,,0,0,,,
gaseous diffusion process,,,[化] 气体扩散法,,,,,0,0,,,
gaseous diffusion separator,,,[化] 气体扩散分离器,,,,,0,0,,,
gaseous diffusion source,,,气体扩散源,,,,,0,0,,,
gaseous diffusional separation,,,[化] 气体扩散分离; 气体扩散分离法,,,,,0,0,,,
gaseous diluent,,,体稀释剂,,,,,0,0,,,
gaseous dimer,,,气体二聚物,,,,,0,0,,,
gaseous discharge,,,[医] 气体放电,,,,,0,0,,,
gaseous discharge lamp,,,(荧光)气体放电管,,,,,0,0,,,
gaseous discharge pumping,,,气体放电泵浦,,,,,0,0,,,
gaseous discharge tube,,,气体放电管,,,,,0,0,,,
gaseous disinfectant,,,气体杀菌剂,,,,,0,0,,,
gaseous disinfectants,,,气体杀菌剂,,,,,0,0,,,
gaseous disk,,,气体盘,,,,,0,0,,,
gaseous dissociation,,,气体离解,,,,,0,0,,,
gaseous distention,,,[医] 气性膨胀,,,,,0,0,,,
gaseous dyspepsia,,,气积性消化不良,,,,,0,0,,,
gaseous edema,,,[医] 气性水肿,,,,,0,0,,,
gaseous effluent,,,气体流出物;废气冷却器,,,,,0,0,,,
gaseous effluent cooler,,,[化] 废气冷却器,,,,,0,0,,,
gaseous effusion method,,,气体逸散法,,,,,0,0,,,
gaseous electric discharge,,,气体放电,,,,,0,0,,,
gaseous electrical discharge,,,气体放电,,,,,0,0,,,
gaseous electronic detector,,,[化] 气态电子检测器,,,,,0,0,,,
gaseous electronics,,,[电] 气体电子学,,,,,0,0,,,
gaseous emission,,,[化] 气体排放,,,,,0,0,,,
gaseous emission nebula,,,气体发射星云,,,,,0,0,,,
gaseous emission standard,,,气体排放标准,,,,,0,0,,,
gaseous emissivity,,,气体辐射系数,,,,,0,0,,,
gaseous enclosure,,,气体留藏,,,,,0,0,,,
gaseous envelope,,,"(型腔与金属液之间的)气膜,气袋",,,,,0,0,,,
gaseous equilibrium,,,气体平衡,,,,,0,0,,,
gaseous escape,,,[化] 气体逸出,,,,,0,0,,,
gaseous exchange,,,气体交换,,,,,0,0,,,
gaseous fermentation,,,气体发酵,,,,,0,0,,,
gaseous fertilizer,,,气体肥料,,,,,0,0,,,
gaseous film,,,气态膜,,,,,0,0,,,
gaseous film cooling,,,气膜冷却,,,,,0,0,,,
gaseous fission product,,,气体裂变产物,,,,,0,0,,,
gaseous fission product release rate,,,体裂变产物释放率,,,,,0,0,,,
gaseous fission products,,,气体分裂产物,,,,,0,0,,,
gaseous flotation,,,气体浮选［法］,,,,,0,0,,,
gaseous fluid,,,气态流体,,,,,0,0,,,
gaseous fluidization,,,[化] 气态流化作用,,,,,0,0,,,
gaseous flux,,,un. 烟气流,,,,,0,0,,,
gaseous fuel,,,[化] 气体燃料\n[经] 气体燃料,,,,,0,0,,,
gaseous fuel automobile,,,气体燃料汽车,,,,,0,0,,,
gaseous fuel calorific value,,,气体燃料的热值,,,,,0,0,,,
gaseous fuel dew point,,,气体燃料的露点,,,,,0,0,,,
gaseous fuel specific gravity,,,气体燃料的比重,,,,,0,0,,,
gaseous fuel water content,,,气体燃烧的水分含量,,,,,0,0,,,
gaseous guide,,,充气波导管,,,,,0,0,,,
gaseous helium system,,,气氦系统,,,,,0,0,,,
gaseous hydrocarbon,,,气态烃类,,,,,0,0,,,
gaseous impurities,,,气态杂质,,,,,0,0,,,
gaseous impurity,,,气体[气态]杂质,,,,,0,0,,,
gaseous inclusion,,,气体夹附物,,,,,0,0,,,
gaseous inclusions,,,夹附气体,,,,,0,0,,,
gaseous injection,,,[医] 气体注射,,,,,0,0,,,
gaseous insulant,,,气态绝缘剂,,,,,0,0,,,
gaseous insulation,,,气体绝缘,,,,,0,0,,,
gaseous insulator,,,气体绝缘体,,,,,0,0,,,
gaseous interchange,,,"气体交换,换气",,,,,0,0,,,
gaseous ion,,,[医] 气体离子,,,,,0,0,,,
gaseous ionization counter,,,气体电离计,,,,,0,0,,,
gaseous isotherm,,,气体等温线,,,,,0,0,,,
gaseous jet,,,燃气喷流,,,,,0,0,,,
gaseous jet pump,,,气体喷射泵,,,,,0,0,,,
gaseous laser,,,气体激光器,,,,,0,0,,,
gaseous law of volumes,,,气体体积定律,,,,,0,0,,,
gaseous line,,,气相线,,,,,0,0,,,
gaseous losses of nitrogen,,,氮的气体损失,,,,,0,0,,,
gaseous mass,,,气体质量,,,,,0,0,,,
gaseous material,,,气态材料,,,,,0,0,,,
gaseous medium,,,气体介质,,,,,0,0,,,
gaseous memory cell,,,气体存储元件,,,,,0,0,,,
gaseous metabolism,,,[医] 气体代谢,,,,,0,0,,,
gaseous metal,,,气态金属,,,,,0,0,,,
gaseous microemboli,,,气体微栓,,,,,0,0,,,
gaseous mine,,,[矿业] 瓦斯矿井,,,,,0,0,,,
gaseous mixture,,,气态混合物;气体混合物;混合气体,,,,,0,0,,,
gaseous nebula,ˈgæsi:əs ˈnebjələ,, 气体星云,,,,,0,0,s:gaseous nebulas,,
gaseous nebulace,,,气体星云,,,,,0,0,,,
gaseous nebulas,,,【天文学】气体星云,,,,,0,0,0:gaseous nebula/1:s,,
gaseous nitrogen warm-up system,,,气氮加热系统,,,,,0,0,,,
gaseous occlusion,,,气体留藏(玻璃缺陷),,,,,0,0,,,
gaseous oxygen,,,气态氧,,,,,0,0,,,
gaseous permeability,,,气体穿透率,,,,,0,0,,,
gaseous phase,,,[化] 气相,,,,,0,0,,,
gaseous phase chromatograph,,,气相层析仪,,,,,0,0,,,
gaseous phase of soil,,,土壤气相,,,,,0,0,,,
gaseous phase radio-chromatograph,,,气相放射层析,,,,,0,0,,,
gaseous phase radiochromatograph,,,气相辐射色谱仪,,,,,0,0,,,
gaseous plasma,,,气态等离子体,,,,,0,0,,,
gaseous plastron,,,[昆] 气膜,,,,,0,0,,,
gaseous pollutant,,,气体污染物,,,,,0,0,,,
gaseous pollution,,,体污染,,,,,0,0,,,
gaseous polymerization,,,[化] 气相聚合,,,,,0,0,,,
gaseous pressure,,,气体压力,,,,,0,0,,,
gaseous product,,,气体 产物,,,,,0,0,,,
gaseous propellant engine,,,气体燃料发动机,,,,,0,0,,,
gaseous propellant rocket,,,气体火箭发动机,,,,,0,0,,,
gaseous protector tube,,,充气保险管,,,,,0,0,,,
gaseous pulse,,,"[医] 气状脉, 芤脉",,,,,0,0,,,
gaseous radiation waste,,,气体辐射废物,,,,,0,0,,,
gaseous radioactive waste,,,气态放射性废料,,,,,0,0,,,
gaseous radioactivity,,,体放射性,,,,,0,0,,,
gaseous radwaste,,,[化] 气态放射性废物,,,,,0,0,,,
gaseous radwaste system,,,气体放射废料系统,,,,,0,0,,,
gaseous reactant,,,体反应剂,,,,,0,0,,,
gaseous reagent,,,气体试剂,,,,,0,0,,,
gaseous reagents,,,"气体试剂, 气体试药",,,,,0,0,,,
gaseous rectifier,,,[电] 气体整流器,,,,,0,0,,,
gaseous reducing agent,,,气体还原剂,,,,,0,0,,,
gaseous regulator,,,气体调节器,,,,,0,0,,,
gaseous ring,,,气环,,,,,0,0,,,
gaseous rocket,,,气体火箭,,,,,0,0,,,
gaseous scintillation,,,气体闪烁,,,,,0,0,,,
gaseous scintillation counter,,,气体闪烁计数管,,,,,0,0,,,
gaseous scintillator,,,气腐闪烁体,,,,,0,0,,,
gaseous scrubber,,,气体刮除器,,,,,0,0,,,
gaseous shield,,,瓦斯保护装置,,,,,0,0,,,
gaseous solubility,,,气体溶解性,,,,,0,0,,,
gaseous solution,,,气溶体,,,,,0,0,,,
gaseous spectra,,,[医] 气体光谱,,,,,0,0,,,
gaseous spectrum,,,气体光谱,,,,,0,0,,,
gaseous sphere,,,气体球,,,,,0,0,,,
gaseous spoilage,,,产气性腐败,,,,,0,0,,,
gaseous star,,,气体星,,,,,0,0,,,
gaseous state,,,[化] 气态,,,,,0,0,s:gaseous states,,
gaseous states,,,气态,,,,,0,0,0:gaseous state/1:s,,
gaseous steam,,,气态蒸汽;过热蒸汽,,,,,0,0,,,
gaseous sterilant,,,气体灭菌剂,,,,,0,0,,,
gaseous substance,,,气态物质,,,,,0,0,,,
gaseous sulfur,,,[化] 气体硫,,,,,0,0,,,
gaseous swelling,,,气体肿胀,,,,,0,0,,,
gaseous tension,,,"[医] 气体张力, 气[体]压",,,,,0,0,,,
gaseous toxicant,,,气体毒物,,,,,0,0,,,
gaseous tracer technique,,,气体追踪法,,,,,0,0,,,
gaseous train,,,气体流星余迹,,,,,0,0,,,
gaseous transfer,,,气体搬运,,,,,0,0,,,
gaseous transfer differentiation,,,气化分异作用,,,,,0,0,,,
gaseous tube,,,[电] 气体管,,,,,0,0,,,
gaseous tube generator,,,气体放电管发电机,,,,,0,0,,,
gaseous type,,,气体型,,,,,0,0,,,
gaseous type cycle,,,气态物循环,,,,,0,0,,,
gaseous vaginitis,,,气肿性阴道炎,,,,,0,0,,,
gaseous voltage regulator,,,= glow-discharge voltage regulator,,,,,0,0,,,
gaseous washing,,,气洗,,,,,0,0,,,
gaseous waste,,,[化] 废气,,,,,0,0,,,
gaseous waste arising,,,体废物产生,,,,,0,0,,,
gaseous waste disposal system,,,体废物处置系统,,,,,0,0,,,
gaseous waste monitor,,,气体废料侦测器,,,,,0,0,,,
gaseous waste processing (equipment),,,体废物处理[设备],,,,,0,0,,,
gaseous waste processing system,,,体废物处理系统,,,,,0,0,,,
gaseous waste treatment,,,体废物处理,,,,,0,0,,,
gaseous wastes,,,气体废物,,,,,0,0,,,
gaseous-diffusion plant,,,气体扩散工厂,,,,,0,0,,,
gaseous-flow counter,,,[医] 气体流动计数器,,,,,0,0,,,
gaseous-fuel,,,[能源] 气体燃料,,,,,0,0,,,
gaseous-oxygen,,,气态氧,,,,,0,0,,,
gaseous-propellant,,,气体推进剂,,,,,0,0,,,
gaseous-tube generator,,,[电] 气体管发电机,,,,,0,0,,,
gaseous-waste holdup system,,,气体废物)滞留系统,,,,,0,0,,,
gaseously,,,[网络] 大胆地,,,,,0,0,,,
gaseousness,,n having the consistency of a gas,[化] 气态,,,,,0,0,s:gaseousnesses,,
gaseousnesses,,,气体状态\n气态,,,,,0,0,0:gaseousness/1:s,,
gaser,'^eizә,,"γ射线微波激射器, γ激光, γ射线激射器",,,,,0,0,,,
gasers,,,[网络] 放气器,,,,,0,0,,,
gases,,n the state of matter distinguished from the solid and liquid states by: relatively low density and viscosity; relatively great expansion and contraction with changes in pressure and temperature; the ability to diffuse readily; and the spontaneous tendency to become distributed uniformly throughout any container\nn a fluid in the gaseous state having neither independent shape nor volume and being able to expand indefinitely\nn a volatile flammable mixture of hydrocarbons (hexane and heptane and octane etc.) derived from petroleum; used mainly as a fuel in internal-combustion engines\nn a state of excessive gas in the alimentary canal\nn a pedal that controls the throttle valve\nn a fossil fuel in the gaseous state; used for cooking and heating homes\nv attack with gas; subject to gas fumes\nv show off,n. 气体,,,,,0,0,0:gas/1:s,,
gases attenuation,,,气体衰减,,,,,0,0,,,
gases dissolved under pressure,,,加压溶解气体,,,,,0,0,,,
gases exchange between ocean,,,海气之间的气体交换,,,,,0,0,,,
gases exchange between ocean and atmosphere,,,海气之间的气体交换,,,,,0,0,,,
gases for lasers,,,[网络] 激光用气体；雷射用气体,,,,,0,0,,,
gases for optical application,,,[网络] 光学用气体,,,,,0,0,,,
gases inerchange,,,[网络] 气交换,,,,,0,0,,,
gases liquefied petroleum,,,液化石油气,,,,,0,0,,,
gases mixtures,,,体混合物,,,,,0,0,,,
gases up,,,na. 〈美口〉给汽车加油；〈美俚〉开着(汽车的)油门(以备随时开走),,,,,0,0,,,
gasetron,'^æsitrɔn,,"汞弧整流器, 水银整流器",,,,,0,0,,,
GASF,2,,Graphic Arts Sales Foundation 书画刻印艺术销售基金会,,,,,0,0,,,
gasface,,,[网络] 图片,,,,,0,0,,,
gasfaced,,,[网络] 气体面,,,,,0,0,,,
gasfaces,,,[网络] 气面,,,,,0,0,,,
gasfacing,,,[网络] 表面处理,,,,,0,0,,,
gasfastness,,,[网络] 气体褪色坚牢度,,,,,0,0,,,
gasfield,,,[网络] 气田,,,,,0,0,s:gasfields,,
gasfields,,,[网络] 天然气田；油气田环境保护,,,,,0,0,0:gasfield/1:s,,
gasfilled,,,"充有气体的,加油的",,,,,0,0,,,
gasfilled valve,,,充气阀，充气[电子]管,,,,,0,0,,,
gasfired,,,"燃气的,以煤气为燃料的",,,,,0,0,,,
gasfitter,,,na. 煤气装置人；承装煤气的店家\n[网络] 煤气安装工；煤气工；煤气管道工,,,,,0,0,,,
gasfitters,,,[网络] 燃气钳工；加油工；天然气管道安装工,,,,,0,0,,,
gasfitting,,,na. 煤气装置工程；煤气装备\n[网络] 气体配件,,,,,0,0,,,
gasfittings,,,煤气设备,,,,,0,0,,,
gasfixture,ɡɑːz'fɪkstʃə,,n. 煤气灯装置,,,,,0,0,,,
gasflux,,,气体熔剂,,,,,0,0,,,
gasforming constituent,,,造气剂,,,,,0,0,,,
gasfree,'ɡɑːzfriː,,adj. 不含气的,,,,,0,0,,,
gasfurnace,,,na. 煤气发生炉\n[网络] 煤气炉,,,,,0,0,,,
gasgangrene,,,气性坏疽,,,,,0,0,,,
gasguzzler,ˈgæsˌgʌzlə,,"〈美〉耗油量极大的汽车,“油老虎”",,,,,0,0,,,
gasguzzling,,,〈美口〉非常耗油的,,,,,0,0,,,
gash,gæʃ,n a wound made by cutting\nn a trench resembling a furrow that was made by erosion or excavation\nn a strong sweeping cut made with a sharp instrument\nv cut open,"n. 深长的伤口, 很深的裂缝\nv. (使)负深伤, 划开, 砍入很深",v:17/n:83,1,,toefl gre,15716,15733,s:gashes/d:gashed/p:gashed/i:gashing/3:gashes,,
"Gash (Qāsh, Nahr al)",,,[地名] 加什河 ( 埃塞·苏丹 ),,,,,0,0,,,
gash angle,,,[机] 齿缝角,,,,,0,0,,,
gash breccia,,,气崩塌角砾岩,,,,,0,0,,,
gash depth,,,沟槽深度,,,,,0,0,,,
gash fracture,,,裂缝破裂,,,,,0,0,,,
gash fractures,,,割裂,,,,,0,0,,,
gash lead,,,沟槽导程,,,,,0,0,,,
gash lead error,,,沟槽导程误差,,,,,0,0,,,
gash print,,,印坏的废页；(一页)废纸,,,,,0,0,,,
Gash River,,,[网络] 加什河,,,,,0,0,,,
gash spacing error,,,齿隙误差,,,,,0,0,,,
gash vein,,,裂缝脉,,,,,0,0,,,
gash veins,,,裂缝[矿]脉 ; 楔形脉,,,,,0,0,,,
Gash-Barka Region,,,[地名] 加什-巴尔卡区 ( 厄立 ),,,,,0,0,,,
gash-hole,,"self explanatory really, what men like to put their dick into.\n> ""My girlfriends got a lovely gash hole""\n",,,,,,0,0,,,
Gash-Sepit Prov.,,,[地名] *加什-塞提特省 ( 厄立 ),,,,,0,0,,,
gash-vein,,,裂缝脉,,,,,0,0,,,
Gashaka,,,[地名] 加沙卡 ( 尼日利 ),,,,,0,0,,,
GashantoFormation,,,阿山头组,,,,,0,0,,,
gashawk,,,[网络] 高狮奇,,,,,0,0,,,
gasheating,ɡæ'ʃiːtɪŋ,,n. 煤气供暖,,,,,0,0,,,
gashed,ɡæʃt,imp. & p. p. of Gash,"v. 划伤, 割破( gash的过去式和过去分词 )",,,,,0,0,0:gash/1:dp,,
gashed rotor,,,整锻转子,,,,,0,0,,,
gashelmet,'ɡæshelmɪt,,n.防毒面具,,,,,0,0,,,
gasher,,,[网络] 加什尔；中丧生的阿塔莱祭司加什尔,,,,,0,0,,,
gasherbrum,,, [体]加舒尔布鲁木山; [地名] [中国·克什米尔（地区）] 加舒尔布鲁木山,,,,,0,0,s:gasherbrums,,
gasherbrum i (k5),,,加瑟布伦 I 峰(K5峰),,,,,0,0,,,
gasherbrums,,,[网络] 鲁峰群,,,,,0,0,0:gasherbrum/1:s,,
gashes,ɡæʃiz,n a wound made by cutting\nn a trench resembling a furrow that was made by erosion or excavation\nn a strong sweeping cut made with a sharp instrument\nv cut open,"n. 深长的切口（或伤口）( gash的名词复数 )\nv. 划伤, 割破( gash的第三人称单数 )",,,,,0,0,0:gash/1:s3,,
gashful,,,[网络] ash ful,,,,,0,0,,,
gashi,,,[网络] 巴希,,,,,0,0,,,
gashing,ɡæʃɪŋ,p. pr. & vb. n. of Gash,"v. 划伤, 割破( gash的现在分词 )",,,,,0,0,0:gash/1:i,,
gashing cutter,,,切蜗轮齿用的成形铣刀,,,,,0,0,,,
gashing tool,,,切槽刀,,,,,0,0,,,
gashings,,,[网络] 游戏,,,,,0,0,,,
gashion,,,[网络] 时尚,,,,,0,0,,,
gashly,,,[网络] 流氓,,,,,0,0,,,
gasholder,'^æshәjldә(r),,"n. 煤气容器,储(煤)气罐 [化]储气器",,,,,0,0,s:gasholders,,
gasholder structure,,,[网络] 储气罐结构；储气罐结构收藏指正,,,,,0,0,,,
gasholders,'gæshəʊldə,,n. 储气器,,,,,0,0,0:gasholder/1:s,,
gashouse,'gæshaus,,n. 煤气厂,,,,,0,0,,,
gashouses,,,n. 煤气制造工厂( gashouse的名词复数 ),,,,,0,0,,,
Gasht,,,[地名] 加什特 ( 伊朗 ),,,,,0,0,,,
Gashua,,,[地名] 加舒阿 ( 尼日利 ),,,,,0,0,,,
Gashun,,,[地名] 加顺 ( 俄 ),,,,,0,0,,,
gashurov,,,[网络] 加古罗夫,,,,,0,0,,,
Gashuun Nuur,,,[地名] 嘎顺湖 ( 蒙 ),,,,,0,0,,,
gashvein,,,裂缝脉,,,,,0,0,,,
gasia,,,[网络] 气体,,,,,0,0,,,
gasiferous,,,[网络] 气化,,,,,0,0,,,
gasifiable,'^æsifaiәbl,,a. 可气化的,,,,,0,0,,,
gasifiable pattern,,,"气化模,燃模",,,,,0,0,,,
gasificating desulfurization,,,气化脱硫,,,,,0,0,,,
gasification,.ɡæsifi'keiʃәn,n. the process of changing into gas,n. 气化,n:100,,,gre,0,26492,s:gasifications,,
gasification agent,,,气化剂,,,,,0,0,,,
gasification agent consumption,,,气化剂比耗,,,,,0,0,,,
gasification agent injection capacity,,,送气强度,,,,,0,0,,,
gasification air,,,空气气化,,,,,0,0,,,
gasification channel,,,气化通道,,,,,0,0,,,
gasification degree,,,化程度,,,,,0,0,,,
gasification efficiency,,,气化效率,,,,,0,0,,,
gasification furnace,,,[化工] 气化炉,,,,,0,0,,,
gasification gallery,,,[矿业] 气化通道,,,,,0,0,,,
gasification gas,,,气化煤气,,,,,0,0,,,
gasification in place,,,[化] 地下气化,,,,,0,0,,,
gasification in situ,,,现地气化,,,,,0,0,,,
gasification intensity,,,气化强度,,,,,0,0,,,
gasification latent heat,,,[化] 气化潜热,,,,,0,0,,,
gasification mode,,,气化方式,,,,,0,0,,,
gasification of coal,,,煤炭气化,,,,,0,0,,,
gasification of refuse,,,[环境] 城市垃圾气化,,,,,0,0,,,
gasification of wood,,,木材气化,,,,,0,0,,,
gasification oxygen,,,氧气气化,,,,,0,0,,,
gasification pressure,,,高压气化,,,,,0,0,,,
gasification process,,,气化程序,,,,,0,0,,,
gasification reaction,,,化反应,,,,,0,0,,,
gasification reactor,,,[化工] 气化反应器,,,,,0,0,,,
gasification system,,,煤气化系统,,,,,0,0,,,
gasification technology,,,气化技术,,,,,0,0,,,
gasification underground,,,地下气化,,,,,0,0,,,
gasification zone,,,气化带,,,,,0,0,,,
gasifications,",gæsəfə'keʃən",,n. 气化,,,,,0,0,0:gasification/1:s,,
gasified,'ɡæsɪfaɪd,imp. & p. p. of Gasify,"a. 气化的\nv. 使成为气体, 使气化( gasify的过去式和过去分词 )",,,,,0,0,1:dp/0:gasify,,
gasified oil production,,,[油气] 气化原油采油,,,,,0,0,,,
gasified pattern,,,气化模;气化模型,,,,,0,0,,,
gasified wine,,,"葡萄汽酒,汽酒",,,,,0,0,,,
gasifier,'^æsifaiә,,[机] 气化炉,n:100,,,,32261,37089,s:gasifiers,,
gasifier nozzle diaphragm,,,"透平喷射器,气化器",,,,,0,0,,,
gasifier section,,,燃气发生装置,,,,,0,0,,,
gasifier speed,,,燃气发生器转速,,,,,0,0,,,
gasifier turbine,,,燃气发生器涡轮机,,,,,0,0,,,
gasifiers,,plural of gasifier,(gasifier 的复数) [机] 气化炉,,,,,0,0,0:gasifier/1:s,,
gasifies,,v turn into gas,"vt.& vi. 使成为气体, 使气化（gasify的第三人称单数形式）",,,,,0,0,1:3/0:gasify,,
gasiform,'gæsifɒ:m,a. Having a form of gas; gaseous.,a. 气体状的\n[医] 气[体]的,,,,,0,0,,,
gasify,'gæsifai,v. turn into gas,v. (使)气化,,,,,0,0,d:gasified/i:gasifying/p:gasified/3:gasifies,,
gasify graphitization,,,[电] 通气石墨化,,,,,0,0,,,
gasifying,ɡæsɪfaɪŋɪ,p. pr. & vb. n. of Gasify,"v. 使成为气体, 使气化( gasify的现在分词 )",,,,,0,0,0:gasify/1:i,,
gasifying agent,,,气化剂,,,,,0,0,,,
gasifying medium,,,化介质,,,,,0,0,,,
Gasil,'^æsil,,伽矽尔(硅胶),,,,,0,0,s:gasils,,
gasils,,,伽矽尔(硅胶)\n(gasil 的复数),,,,,0,0,0:gasil/1:s,,
gasinduced osmosis,,,气致渗透,,,,,0,0,,,
gasiness,,,[网络] 气馁,,,,,0,0,,,
gasing,,-ing form of gase,(gase 的现在分词) n. 硒化镓\nn. (Gase)人名；(德)加泽,,,,,0,0,0:gase/1:i,,
gasing tank,,,充气罐,,,,,0,0,,,
gasinge,,,[网络] 气球,,,,,0,0,,,
gasinlet,,,进气(的),,,,,0,0,,,
gasion,,,气体离子,,,,,0,0,,,
gasior,,,[网络] 放心,,,,,0,0,,,
gasiorowski,,,[网络] 加西罗斯基；加西奥洛斯基,,,,,0,0,,,
Gasis' stain,,,[医] 加西斯氏染剂(染耐酸杆菌),,,,,0,0,,,
gasitication,ɡəsɪtɪ'keɪʃn,,n.厌氧气体发酵法,,,,,0,0,,,
gasjet,'^æs'dʒet,,"煤气灯口[喷咀], 气灯火焰",,,,,0,0,,,
gask,,, [人名] 加斯克; [地名] [伊朗] 加斯克,,,,,0,0,,,
Gask-O-Seal,,,环形密封垫,,,,,0,0,,,
Gaskell,'^æskәl,n. English writer who is remembered for her biography of Charlotte Bronte (1810-1865),加斯克尔(姓氏),,,,,26441,0,s:gaskells,,
Gaskell's bridge,,,"[医] 加斯克耳氏桥, 希斯氏束, 房室束",,,,,0,0,,,
Gaskell's clamp,,,[医] 加斯克耳氏夹(心),,,,,0,0,,,
Gaskell's heart-block,,,[医] 房室传导阻滞,,,,,0,0,,,
Gaskell's nerves,,,[医] 加斯克耳氏神经(心加速神经),,,,,0,0,,,
"Gaskell, Mrs. (Elizabeth Cleghorn Stevenson Gaskell)",'ɡæskəl,,盖斯凯尔(夫人)(1810～1865，英国小说家),,,,,0,0,,,
Gaskellian,,,[网络] 加斯凯里安,,,,,0,0,,,
Gaskells,,plural of Gaskell\nn. English writer who is remembered for her biography of Charlotte Bronte (1810-1865),(Gaskell 的复数) 加斯克尔(姓氏),,,,,0,0,0:gaskell/1:s,,
gasken,,, [人名] 加斯肯,,,,,0,0,,,
Gasker,,,[地名] 加斯克岛 ( 英 ),,,,,0,0,,,
gasket,'gæskit,n. seal consisting of a ring for packing pistons or sealing a pipe joint,"n. 衬垫, 垫圈, 束帆索\n[化] 垫圈; 垫片; 密封衬垫; 密封填料",n:100,,,,24392,24031,s:gaskets,,
gasket cement,,,[化] 密封胶,,,,,0,0,,,
gasket corrosion,,,垫片间隙腐蚀,,,,,0,0,,,
gasket cutter,,,切垫片机;垫片旋切车床,,,,,0,0,,,
gasket factor,,,密封系数,,,,,0,0,,,
gasket fiber gasket,,,纤维衬垫,,,,,0,0,,,
gasket for exhaust manifold,,,[网络] 排气管衬垫,,,,,0,0,,,
gasket for inlet manifold,,,进气管衬垫,,,,,0,0,,,
gasket for packing,,,填充绳;填充编织材料,,,,,0,0,,,
gasket groove,,,[化] 安放垫片环槽,,,,,0,0,,,
gasket inserting tool,,,垫圈装入器,,,,,0,0,,,
gasket iron,,,锤垫扁铁,,,,,0,0,,,
gasket joint,,,"垫圈接头,填实接缝",,,,,0,0,,,
gasket leakage,,,[化] 垫片渗漏,,,,,0,0,,,
gasket load,,,[化] 垫片载荷,,,,,0,0,,,
gasket material,,,[化] 垫片材料,,,,,0,0,,,
gasket materials and contact facings,,,垫片材料和接触面,,,,,0,0,,,
gasket micanite,,,垫云母板,,,,,0,0,,,
gasket mounted,,,板式连接的,,,,,0,0,,,
gasket mounting,,,填密板式连接,,,,,0,0,,,
gasket packing,,,板式填料,,,,,0,0,,,
gasket paper,,,垫片纸,,,,,0,0,,,
gasket piece-cutting machine,,,衬里片割机,,,,,0,0,,,
gasket piston,,,带衬套活塞,,,,,0,0,,,
gasket removal tool,,,封垫拆除工具,,,,,0,0,,,
gasket resiliency,,,[化] 垫片回弹率,,,,,0,0,,,
gasket ring,,,[化] 密封圈; 密封环,,,,,0,0,,,
gasket seal,,,"密封垫片,固定密封",,,,,0,0,,,
gasket seal paste,,,[网络] 衬垫密封膏,,,,,0,0,,,
gasket sealed,,,衬垫密封接头,,,,,0,0,,,
gasket sealed relay,,,片密封继电器,,,,,0,0,,,
gasket seat,,,[化] 垫圈座,,,,,0,0,,,
gasket splicer,,,密封圈接头机,,,,,0,0,,,
gasket spring,,,金属垫圈弹簧,,,,,0,0,,,
gasket type seal,,,[网络] 静密封,,,,,0,0,,,
gasket unit,,,垫片组,,,,,0,0,,,
gasket width,,,[网络] 垫圈宽度；垫片宽度,,,,,0,0,,,
gasket(hydraulic),,,密合垫,,,,,0,0,,,
gasket(pneumatic),,,密合垫,,,,,0,0,,,
gasket-mounted,,,底板安装,,,,,0,0,,,
gasket-sealed relay,,,[电] 垫料密封继电器,,,,,0,0,,,
gasket-type seal,,,静密封,,,,,0,0,,,
gasketed,'^æskitid,,"填密的, 用衬垫装配的",,,,,0,0,,,
gasketed holder,,,垫压圈,,,,,0,0,,,
gasketed joint,,,垫圈接头,,,,,0,0,,,
gasketing,,,n. 填料；填实,,,,,0,0,,,
gasketing material,,,衬垫材料,,,,,0,0,,,
gasketless,,,[网络] 无垫片,,,,,0,0,,,
gaskets,ˈɡæskits,n. seal consisting of a ring for packing pistons or sealing a pipe joint,"n. 束帆索, 垫圈, 衬垫( gasket的复数形式 )",,,,,0,0,0:gasket/1:s3,,
gaskill,,, [人名] [英格兰人姓氏] 加斯基尔 Gaskell的变体,,,,,0,0,,,
gaskin,'^æskin,n lower part of a horse's thigh between the hock and the stifle,"n. [海]束帆带,束帆索,后小腿",,,,,0,0,s:gaskins,,
gaskin(g),,,垫圈；垫片；后大腿,,,,,0,0,,,
gasking,,, [人名] [英格兰人姓氏] 加斯金 Gascoigne的变体,,,,,0,0,,,
Gaskings,,,[网络] 封面,,,,,0,0,,,
gaskins,,n.pl. Loose hose or breeches; galligaskins.\nn.pl. Packing of hemp.\nn.pl. A horse's thighs., [人名] 加斯金斯,,,,,0,0,0:gaskin/1:s,,
gaslamp,,,n. 煤气灯\n[网络] 瓦斯灯；汽灯；瓦斯灯区,,,,,0,0,s:gaslamps,,
gaslamps,,,[网络] 煤气灯；煤气街灯；气体灯,,,,,0,0,0:gaslamp/1:s3,,
gasless,'^æslis,,"a. 无气体的, 不用气体的",,,,,0,0,,,
gasless delay detonator,,,无烟迟发雷管,,,,,0,0,,,
gaslift,,,气升器,,,,,0,0,,,
gaslift equipment,,,[油气] 气举设备,,,,,0,0,,,
gaslift intermitter,,,[油气] 间歇气举控制器,,,,,0,0,,,
gaslift mandrel,,,[油气] 气举心轴,,,,,0,0,,,
gaslight,'gæslait,n. light yielded by the combustion of illuminating gas,"n. 煤气灯光, 煤气灯",n:100,,,,38060,27411,s:gaslights,,
gaslight bulkhead,,,气密舱壁,,,,,0,0,,,
gaslight paper,,,灯光相纸,,,,,0,0,,,
gaslighted,'ɡæslait,,gaslighted\nadj.\ngaslight的变形\ngaslight\n['ɡæslait]\nn.\n煤气灯光\n煤气灯\n煤气喷嘴\nadj.\n煤气灯照明的,,,,,0,0,,,
gaslighter,,,na. 煤气点燃器；打火机\n[网络] 图片,,,,,0,0,,,
gaslighters,,,[网络] 气体打火机；汽灯；瓦斯点火枪,,,,,0,0,,,
gaslighting,'ɡæs.laɪt,,na. 煤气灯光\n[网络] 装神弄鬼；蒙蔽,,,,,0,0,,,
gaslights,,plural of gaslight\nn. light yielded by the combustion of illuminating gas,"(gaslight 的复数) n. 煤气灯光, 煤气灯",,,,,0,0,0:gaslight/1:s,,
gaslike,,,[网络] 气体样,,,,,0,0,,,
gasline,'ɡælaɪn,,un. 气体管线；燃气管路；气体管路；输气管道\n[网络] 气体线；格仕林；汽油机,,,,,0,0,,,
gasline engine,,,汽油机,,,,,0,0,,,
Gaslini,,,加斯利尼,,,,,0,0,,,
gasliquid chromatography,,,气液色谱法,,,,,0,0,,,
gaslit,'gæslit,,a. 以煤气灯照明的,j:100,,,,0,40073,,,
gaslock,,,气塞[栓],,,,,0,0,,,
gasman,ˈgæsmæn,n. someone employed by a gas company,"n. 煤气工场的工人, 煤气表抄表员, 煤气装配工人",,,,,0,0,s:gasmen,,
gasmask,,,[网络] 防毒面具,,,,,0,0,s:gasmasks,,
gasmasks,,,[网络] 防毒面罩；带气面具,,,,,0,0,0:gasmask/1:s3,,
Gasmata,,,[地名] 加斯马塔 ( 巴布 ),,,,,0,0,,,
gasmen,,n. someone employed by a gas company,"n. 煤气工场的工人, 煤气表抄表员, 煤气装配工人( gasman的复数形式 )",,,,,0,0,0:gasman/1:s,,
gasmeter,,,气量计,,,,,0,0,,,
gasmetry,,,气体测量,,,,,0,0,,,
Gasmotin,,,盖适莫亭,,,,,0,0,,,
gasmotor,'ɡæsməʊtə,,n.煤气发动机,,,,,0,0,,,
gasnier,,,n. (Gasnier)人名；(法)加尼耶,,,,,0,0,s:gasniers,,
gasniers,,,n. (Gasnier)人名；(法)加尼耶\n(gasnier 的复数),,,,,0,0,0:gasnier/1:s,,
gaso,,,[化] 汽油,,,,,0,0,,,
gaso-,,,"气,气体",,,,,0,0,,,
gasocausis,,,[医] 气烙术,,,,,0,0,,,
gasoclastic,,,气裂碎屑的,,,,,0,0,,,
gasoclastic sediment,,,喷气碎屑沉积物,,,,,0,0,,,
gasoduct,,,[网络] 气管,,,,,0,0,,,
gasoducts,,,[网络] 气管,,,,,0,0,,,
gasodynamic bearing,,,[机] 空气动力轴承,,,,,0,0,,,
gasogen,,,n. 饮料充气机；气体发生器,,,,,0,0,,,
gasogene,"'^æsә,dʒi:n",,n. 煤气发生装置,,,,,0,0,,,
gasogenes,'ɡæsədʒiːn,,n. 煤气发生装置；汽水制造机（等于gazogene）,,,,,0,0,,,
gasogenic,,,[医] 产气的,,,,,0,0,,,
gasogenic anomaly,,, 气成异常,,,,,0,0,,,
gasogenous,,,[网络] 气质,,,,,0,0,,,
gasogens,,,[网络] 气体原料,,,,,0,0,,,
gasohol,'^æsәhɔl,n. a gasoline substitute consisting of 90% gasoline and 10% grain alcohol from corn,n. 酒精-汽油混合燃料,n:100,,,,0,39030,s:gasohols,,
gasohol engine,,,酒精汽油引擎；酒精汽油发动机,,,,,0,0,,,
gasohole,'^æsәhәul,,(=gasoline + alcohol)汽油和酒精的混合燃料,,,,,0,0,,,
gasohols,'gæsəhɒl,,n. 酒精汽油混合燃料（等于gasoline and alcohol）,,,,,0,0,0:gasohol/1:s,,
gasoil,,,气油,,,,,0,0,,,
gasol,'^æsɔl,,"石油气冷凝物, 气态碳氢化合物, 液化石油气",,,,,0,0,,,
gasolene,'^æsәjli:n,n a volatile flammable mixture of hydrocarbons (hexane and heptane and octane etc.) derived from petroleum; used mainly as a fuel in internal-combustion engines,n. 汽油\n[化] 汽油,,,,,0,0,s:gasolenes,,
gasolene compartment,,,汽油箱,,,,,0,0,,,
gasolene engine,,,汽油机,,,,,0,0,,,
gasolene engine generator,,,汽油发电机,,,,,0,0,,,
gasolene tank,,,汽油柜,,,,,0,0,,,
gasolene tanker,,,汽油运输船,,,,,0,0,,,
gasolenes,'gæsəlin,,n. 汽油,,,,,0,0,0:gasolene/1:s,,
gasolier,",^æsә'liә(r)",n. Same as Gasalier.,n. 煤气吊灯,,,,,0,0,,,
gasoliers,",ɡæsə'lɪə",,n.\n= gaselier,,,,,0,0,,,
gasolin-engine direct driven machine,,,汽油引擎驱动机,,,,,0,0,,,
gasoline,'gæsәli:n,n. a volatile flammable mixture of hydrocarbons (hexane and heptane and octane etc.) derived from petroleum; used mainly as a fuel in internal-combustion engines,n. 汽油\n[化] 汽油,n:100,2,1,cet4 cet6 ky toefl,23359,4082,s:gasolines,,
gasoline acidity test,,,汽油酸度测定,,,,,0,0,,,
gasoline additive,,,[化] 汽油添加剂,,,,,0,0,,,
gasoline additive pollution,,,[环境] 汽油添加剂污染,,,,,0,0,,,
gasoline adjustment valve,,,汽油供给量调节阀,,,,,0,0,,,
gasoline alarm,,,低油位警报器,,,,,0,0,,,
gasoline alkylate,,,[化] 烷基化汽油,,,,,0,0,,,
gasoline allotment,,,汽油配给额,,,,,0,0,,,
gasoline and oil,,,[经] 汽油和油料费,,,,,0,0,,,
gasoline and oil filling station,,,汽油及机油加油站,,,,,0,0,,,
gasoline anti-icing additive,,,[化] 汽油防冻添加剂,,,,,0,0,,,
gasoline antifreeze mixture,,,汽油防冻混合物,,,,,0,0,,,
gasoline arm,,,聚臂,,,,,0,0,,,
gasoline arm loader,,,聚臂式装车机,,,,,0,0,,,
gasoline attachment,,,集茎器,,,,,0,0,,,
gasoline automobile,,,汽油汽车,,,,,0,0,,,
gasoline aviation,,,航空汽油,,,,,0,0,,,
gasoline barge,,,汽油驳船,,,,,0,0,,,
gasoline battery combination,,,汽电混合,,,,,0,0,,,
gasoline blast burner,,,[化] 汽油喷灯,,,,,0,0,,,
gasoline blended,,,掺合汽油,,,,,0,0,,,
gasoline blending stock,,,汽油调合料,,,,,0,0,,,
gasoline blow pipe torch,,,汽油吹管,,,,,0,0,,,
gasoline blow torch,,,汽油喷灯,,,,,0,0,,,
gasoline bomb,ˈɡæsəli:n bɔm,, 汽油弹,,,,,0,0,s:gasoline bombs,,
gasoline bombs,,,汽油弹,,,,,0,0,0:gasoline bomb/1:s,,
gasoline bowser,,,汽油加油车,,,,,0,0,,,
gasoline breakdown,,,[油气] 汽油深度氧化,,,,,0,0,,,
gasoline buoyancy system,,,汽油浮力系统,,,,,0,0,,,
gasoline burn,,,汽油烧伤,,,,,0,0,,,
gasoline burner,,,汽油灯,,,,,0,0,,,
gasoline bus,,,汽油机公共汽车,,,,,0,0,,,
gasoline by topping,,,直馏汽油,,,,,0,0,,,
gasoline can,,,[化] 汽油桶; 汽油罐,,,,,0,0,,,
gasoline cap,,,汽油箱盖,,,,,0,0,,,
gasoline capacity,,,汽油容量,,,,,0,0,,,
gasoline car,,,汽油车,,,,,0,0,,,
gasoline carrier,,,汽油槽车,,,,,0,0,,,
gasoline carrying,,,汽油输送,,,,,0,0,,,
gasoline carrying vehicle,,,汽油运输车,,,,,0,0,,,
gasoline casing head,,,[井口]天然汽油,,,,,0,0,,,
gasoline chain,,,集茎夹送链,,,,,0,0,,,
gasoline chamber,,,汽油室,,,,,0,0,,,
gasoline cistern,,,汽油罐,,,,,0,0,,,
gasoline coalescer,,,汽油的凝结剂,,,,,0,0,,,
gasoline cock,,,汽油旋塞,,,,,0,0,,,
gasoline compartment,,,[网络] 汽油箱,,,,,0,0,,,
gasoline composition,,,汽油成分,,,,,0,0,,,
gasoline condenser,,,汽油冷凝器,,,,,0,0,,,
gasoline consumption,,,(汽)油(消)耗,,,,,0,0,,,
gasoline consumption per car,,,un. 每辆汽车的汽油消耗,,,,,0,0,,,
gasoline container,,,汽油罐,,,,,0,0,,,
gasoline content gage,,,汽油表,,,,,0,0,,,
gasoline content gauge,,,汽油表,,,,,0,0,,,
gasoline content gauge with float,,,浮子式汽油表,,,,,0,0,,,
gasoline content of natural gas,,,[经] 天然气中汽油含量,,,,,0,0,,,
gasoline conveyer,,,un. 集矿运输机,,,,,0,0,,,
gasoline corrosion test,,,汽油腐蚀试验,,,,,0,0,,,
gasoline corrosion test cup,,,[化] 汽油试蚀杯; 汽油腐蚀试验杯,,,,,0,0,,,
gasoline cracked,,,裂炼汽油,,,,,0,0,,,
gasoline crane,,,汽油起重机,,,,,0,0,,,
gasoline cutback asphalt,,,汽油稀释沥青,,,,,0,0,,,
gasoline depth gage,,,汽油油位表,,,,,0,0,,,
gasoline depth gauge,,,汽油油位表,,,,,0,0,,,
gasoline detergent,,,汽油去垢添加剂,,,,,0,0,,,
gasoline detergent additive,,,[化] 汽油清净添加剂,,,,,0,0,,,
gasoline deterioration,,,汽油变质,,,,,0,0,,,
gasoline device,,,集茎夹送装置,,,,,0,0,,,
gasoline direct injection,,, 汽油缸内直喷,,,,,0,0,,,
gasoline direct injection engine,,,缸内直喷汽油机,,,,,0,0,,,
gasoline direct-injection engine,,,缸内直喷式汽油机,,,,,0,0,,,
gasoline dispenser,,,汽油加油车,,,,,0,0,,,
gasoline dispensing equipment,,,汽油分配装置,,,,,0,0,,,
gasoline dispensing facilities,,,汽油分送设备,,,,,0,0,,,
gasoline dispersant,,,汽油分散剂,,,,,0,0,,,
gasoline distillation,,,汽油蒸馏,,,,,0,0,,,
gasoline distributing point,,,汽油分配站,,,,,0,0,,,
gasoline distributor's license tax,,,[税收] 汽油经销商执照税,,,,,0,0,,,
gasoline dope,,,[化] 汽油添加剂,,,,,0,0,,,
gasoline doping,,,汽油掺添加剂,,,,,0,0,,,
gasoline drought,,,汽油缺少,,,,,0,0,,,
gasoline drum,,,汽油桶,,,,,0,0,,,
gasoline dye,,,汽油染料,,,,,0,0,,,
gasoline economizer,,,un. 节省汽油器\n[网络] 节油器,,,,,0,0,,,
gasoline electric drive,,,汽油一电力驱动,,,,,0,0,,,
gasoline electric hybrid vehicle,,,油电混合动力车,,,,,0,0,,,
gasoline electric vehicle,,,[网络] 汽油电力车,,,,,0,0,,,
gasoline endine petrol engine,,,汽油引擎,,,,,0,0,,,
gasoline engine,,,[化] 汽油机; 汽油发动机,,,,,0,0,s:gasoline engines,,
gasoline engine driven,,,汽油机驱动,,,,,0,0,,,
gasoline engine electronically controlled fuel injection system,,,汽油机电控燃油喷射系统,,,,,0,0,,,
gasoline engine generator,,,[电] 汽油发电机,,,,,0,0,,,
gasoline engine oil,,,汽油机油,,,,,0,0,,,
gasoline engine power plant,,,汽油机动力装置,,,,,0,0,,,
gasoline engine starting,,,[动力] 汽油机启动,,,,,0,0,,,
gasoline engines,,,[网络] 汽油发动机；弃型机油滤清器,,,,,0,0,0:gasoline engine/1:s,,
gasoline evaporative emission control,,,汽油蒸发污染物控制,,,,,0,0,,,
gasoline family,,,汽油族,,,,,0,0,,,
gasoline feed pipe,,,汽油供给管,,,,,0,0,,,
gasoline feed pump,,,汽油泵,,,,,0,0,,,
gasoline filler neck,,,汽油箱加油口管,,,,,0,0,,,
gasoline filling station,,,汽油加油站,,,,,0,0,,,
gasoline filter,,,汽油滤器;汽油滤清器,,,,,0,0,,,
gasoline filter bowl,,,汽油滤杯,,,,,0,0,,,
gasoline fraction,,,[经] 汽油馏分,,,,,0,0,,,
gasoline freezing point,,,汽油凝固点,,,,,0,0,,,
gasoline furnace,,,汽油炉,,,,,0,0,,,
gasoline gage,,,[网络] 汽油表,,,,,0,0,s:gasoline gages,,
gasoline gage dial,,,[化] 汽油表标度板; 汽油表标度盘,,,,,0,0,,,
gasoline gage line,,,汽油油量表传感线,,,,,0,0,,,
gasoline gages,,,[网络] 汽油表\n(gasoline gage 的复数),,,,,0,0,0:gasoline gage/1:s,,
gasoline gas,,,汽油气,,,,,0,0,,,
gasoline gauge,ˈɡæsəli:n ɡeidʒ,, 汽油表,,,,,0,0,s:gasoline gauges,,
gasoline gauge dash unit,,,汽油表指示器,,,,,0,0,,,
gasoline gauge dial,,,[化] 汽油表标度板; 汽油表标度盘,,,,,0,0,,,
gasoline gauge dial bracket,,,汽油表盘支架,,,,,0,0,,,
gasoline gauge line,,,汽油油量表传感线,,,,,0,0,,,
gasoline gauge switch,,,汽油油量表开关,,,,,0,0,,,
gasoline gauge take unit,,,汽油油位表传感器,,,,,0,0,,,
gasoline gauge with float,,,汽油浮标表,,,,,0,0,,,
gasoline gauges,,,[网络] 油量表,,,,,0,0,0:gasoline gauge/1:s,,
gasoline gel,,,固体[凝固]汽油,,,,,0,0,,,
gasoline generating set,,,[电] 汽油（发电）机组,,,,,0,0,,,
gasoline grade,,,汽油级别,,,,,0,0,,,
gasoline gravity,,,汽油比重,,,,,0,0,,,
gasoline gum,,,汽油胶;汽油析出胶质,,,,,0,0,,,
gasoline gumming test cup,,,[化] 汽油试胶杯; 汽油胶质测定杯,,,,,0,0,,,
gasoline head,,,集聚头,,,,,0,0,,,
gasoline heater,,,汽油加热器,,,,,0,0,,,
gasoline hungry,,,汽油不足,,,,,0,0,,,
gasoline hydrocarbon,,,汽油烃,,,,,0,0,,,
gasoline injection,,,汽油喷射,,,,,0,0,,,
gasoline injection engine,ˈɡæsəli:n inˈdʒekʃən ˈendʒin,, 汽油喷射发动机,,,,,0,0,,,
gasoline injection pump,,,[网络] 汽油喷射泵,,,,,0,0,,,
gasoline inlet,,,汽油进口,,,,,0,0,,,
gasoline intercepter,,,汽油滤器;汽油滤清器,,,,,0,0,,,
gasoline intermediate fraction,,,汽油的中间馏分,,,,,0,0,,,
gasoline knock characteristics,,,汽油爆震特性,,,,,0,0,,,
gasoline knocking,,,汽油爆震性,,,,,0,0,,,
gasoline lead additive,,,汽油含铅添加剂,,,,,0,0,,,
gasoline leaded,,,加铅汽油,,,,,0,0,,,
gasoline leak,,,汽油漏失,,,,,0,0,,,
gasoline level,,,汽油液面;汽油油位,,,,,0,0,,,
gasoline level gage,ˈɡæsəli:n ˈlevl ɡeidʒ,, 油量指示器汽油油量表,,,,,0,0,,,
gasoline level gauge,,,汽油液面计;汽油油位表,,,,,0,0,,,
gasoline level indicator mechanism,,,汽油平面指示机构,,,,,0,0,,,
gasoline lift pump,,,汽油泵,,,,,0,0,,,
gasoline line,,,汽油管路,,,,,0,0,,,
gasoline locomotive,,,汽油机车,,,,,0,0,,,
gasoline lorry,,,汽油卡车,,,,,0,0,,,
gasoline loss control,,,汽油损失控制,,,,,0,0,,,
gasoline measure,,,汽油加注量桶,,,,,0,0,,,
gasoline mercaptan absorber,,,汽油中硫醇的吸收塔,,,,,0,0,,,
gasoline meter,,,[机] 汽油计量器,,,,,0,0,,,
gasoline meter pumps,,,汽油计量泵,,,,,0,0,,,
gasoline mileage,,,"[化] 汽油里程(每加仑汽油行驶的距离,英里)",,,,,0,0,s:gasoline mileages,,
gasoline mileage tester,,,(汽车)汽油消耗量测定装置,,,,,0,0,,,
gasoline mileages,,,[美国英语]汽油英里程，(汽车消耗1加仑汽油平均所行驶的英里数),,,,,0,0,0:gasoline mileage/1:s,,
gasoline mixture,,,汽油混合气;汽油混合物,,,,,0,0,,,
gasoline motor,,,汽油发动机,,,,,0,0,,,
gasoline motor car,,,汽油车,,,,,0,0,,,
gasoline natural,,,天然汽油,,,,,0,0,,,
gasoline octane booster,,,汽油抗爆剂,,,,,0,0,,,
gasoline octane number,,,[化] 汽油辛烷值,,,,,0,0,,,
gasoline octane rating,,,[化] 汽油辛烷值,,,,,0,0,,,
gasoline officer,,,汽油供应员,,,,,0,0,,,
gasoline oil,,,汽油,,,,,0,0,,,
gasoline olefinicity,,,汽油含烯度,,,,,0,0,,,
gasoline operation,,,积聚工序,,,,,0,0,,,
gasoline oxidation,,,汽油氧化,,,,,0,0,,,
gasoline passage,,,汽油通路,,,,,0,0,,,
gasoline performance,,,汽油(在发动机中)的行为,,,,,0,0,,,
gasoline pick-up fraction,,,汽油的加速馏分,,,,,0,0,,,
gasoline pipe,,,汽油管,,,,,0,0,,,
gasoline plant,,,汽油厂,,,,,0,0,,,
gasoline poisoning,,,汽油中毒,,,,,0,0,,,
gasoline polymer,,,聚合汽油,,,,,0,0,,,
gasoline pool,,,[化] (炼厂)汽油调合组分总和(将不同质量汽油掺合成一定规格的产品汽油),,,,,0,0,,,
gasoline power fraction,,,"汽油的主馏分,基本汽油馏分",,,,,0,0,,,
gasoline powered chain saw,,,汽油动力链锯,,,,,0,0,,,
gasoline powered truck,,,汽油发动机载货汽车,,,,,0,0,,,
gasoline precipitation test,,,汽油沉淀试验,,,,,0,0,,,
gasoline pressure band pump,,,汽油压力手泵,,,,,0,0,,,
gasoline pressure gauge,,,汽油压力计,,,,,0,0,,,
gasoline pressure hand pump,,,汽油压力手泵,,,,,0,0,,,
gasoline price,,, 汽油价格,,,,,0,0,,,
gasoline production,,,汽油生产,,,,,0,0,,,
gasoline proof grease,,,[网络] 抗汽油的润滑剂；耐汽油润滑脂；防汽油的润滑脂,,,,,0,0,,,
gasoline pump,,,[化] 汽油泵,,,,,0,0,s:gasoline pumps,,
gasoline pump assembly,,,汽油泵总成,,,,,0,0,,,
gasoline pump case,,,汽油泵壳,,,,,0,0,,,
gasoline pump diaphragm protecting washer,,,汽油泵膜片保护垫圈,,,,,0,0,,,
gasoline pump glass-bowl U-clamp,,,汽油泵油杯U形钢丝夹,,,,,0,0,,,
gasoline pump room,,,(转注)汽油的泵室,,,,,0,0,,,
gasoline pump settling bowl,,,汽油泵沉淀杯,,,,,0,0,,,
gasoline pump settling glass bowl,,,汽油泵沉淀玻璃杯,,,,,0,0,,,
gasoline pumps,,,汽油泵；[机] 加油泵,,,,,0,0,0:gasoline pump/1:s,,
gasoline railway,,,内燃机铁路,,,,,0,0,,,
gasoline rammer,,,汽油夯锤,,,,,0,0,,,
gasoline rationing,,,汽油配给,,,,,0,0,,,
gasoline receiver,,,汽油接受器,,,,,0,0,,,
gasoline recovery plant,,,汽油回收装置,,,,,0,0,,,
gasoline refining,,,汽油精制,,,,,0,0,,,
gasoline refining equipment,,,精制汽油的设备,,,,,0,0,,,
gasoline reformed,,,重组汽油,,,,,0,0,,,
gasoline reservoir,,,汽油储油器,,,,,0,0,,,
gasoline resistance,,,[涂料] 耐汽油性,,,,,0,0,,,
gasoline roller,,,汽油压路机,,,,,0,0,,,
gasoline rubber hose,,,汽油橡胶管,,,,,0,0,,,
gasoline rubber hose coupling,,,汽油橡胶管接头,,,,,0,0,,,
gasoline saw,,,[林] 油锯,,,,,0,0,,,
gasoline scale,,,汽油秤,,,,,0,0,,,
gasoline selectivity,,,汽油比率(汽油收率与转化率之比),,,,,0,0,,,
gasoline sensitivity,,,汽油灵敏度,,,,,0,0,,,
gasoline separator,,,汽油离析器,,,,,0,0,,,
gasoline seperator,,,汽油滤清器,,,,,0,0,,,
gasoline service station,,,汽车加油站,,,,,0,0,,,
gasoline shield,,,集禾器罩,,,,,0,0,,,
gasoline shortage,,,汽油不足,,,,,0,0,,,
gasoline shovel,,,汽油铲土机,,,,,0,0,,,
gasoline shut-off,,,汽油开关,,,,,0,0,,,
gasoline shutoff,,,汽油管阀,,,,,0,0,,,
gasoline skidder,,,汽油集材机,,,,,0,0,,,
gasoline soap,,,[化] 汽油皂,,,,,0,0,,,
gasoline solenoid valve,,,汽油电磁阀,,,,,0,0,,,
gasoline sour,,,含硫汽油,,,,,0,0,,,
gasoline specification,,,汽油规范,,,,,0,0,,,
gasoline splitter,,,汽油分馏塔,,,,,0,0,,,
gasoline stabilized,,,稳定汽油,,,,,0,0,,,
gasoline stabilizer,,,汽油稳定塔[剂],,,,,0,0,,,
gasoline stand,,,加油站,,,,,0,0,,,
gasoline startability,,,汽油起动性质,,,,,0,0,,,
gasoline starting,,,汽油机起动,,,,,0,0,,,
gasoline starting fraction,,,汽油启动馏分,,,,,0,0,,,
gasoline station,,,[化] 汽油站; 加油站,,,,,0,0,s:gasoline stations,,
gasoline stations,,,[交] 加油站,,,,,0,0,0:gasoline station/1:s,,
gasoline stock,,,汽油料,,,,,0,0,,,
gasoline stocks,,,汽油储备,,,,,0,0,,,
gasoline storage,,,[化] 汽油库,,,,,0,0,,,
gasoline storage tank,,,汽油储存箱,,,,,0,0,,,
gasoline straight-run,,,直馏汽油,,,,,0,0,,,
gasoline strainer,,,汽油过滤器,,,,,0,0,,,
gasoline stripping,,,汽油脱除,,,,,0,0,,,
gasoline substitutes,,,汽油代用品,,,,,0,0,,,
gasoline suction lift,,,吸提汽油,,,,,0,0,,,
gasoline sulfur test,,,汽油中硫含量的测定,,,,,0,0,,,
gasoline supply pump,,,汽油泵,,,,,0,0,,,
gasoline sweetener,,,[化] 汽油脱硫装置,,,,,0,0,,,
gasoline synthetic,,,合成汽油,,,,,0,0,,,
gasoline tank,,,n. 油箱,,,,,0,0,s:gasoline tanks,,
gasoline tank (petrol tank),,,汽油箱,,,,,0,0,,,
gasoline tank bracket,,,汽油箱支架,,,,,0,0,,,
gasoline tank cap,,,汽油箱盖,,,,,0,0,,,
gasoline tank cap chain,,,汽油箱盖吊链,,,,,0,0,,,
gasoline tank capacity,,,汽油箱容积,,,,,0,0,,,
gasoline tank car,,,汽油油罐车,,,,,0,0,,,
gasoline tank dump valve,,,汽油箱放泄阀,,,,,0,0,,,
gasoline tank engine,,,汽油坦克发动机,,,,,0,0,,,
gasoline tank gauge,,,汽油罐[箱]液面指示器,,,,,0,0,,,
gasoline tank settler,,,汽油箱滤油器,,,,,0,0,,,
gasoline tank truck,,,汽油油罐车;运汽油车,,,,,0,0,,,
gasoline tanker,,,[化] 汽油运输船,,,,,0,0,,,
gasoline tanks,,,油箱，汽油箱,,,,,0,0,0:gasoline tank/1:s,,
gasoline tax,,,[经] 汽油税,,,,,0,0,s:gasoline taxes,,
gasoline taxes,,,[税收] 汽油税,,,,,0,0,0:gasoline tax/1:s,,
gasoline testing outfit,,,汽油试验备用工具,,,,,0,0,,,
gasoline tetraethyllead test,,,汽油中四乙铅含量测定试验,,,,,0,0,,,
gasoline throttle,,,"油门,节气门",,,,,0,0,,,
gasoline torch,,,汽油喷灯,,,,,0,0,,,
gasoline tractor,,,汽油机拖拉机,,,,,0,0,,,
gasoline trap,,,汽油捕集器;汽油阱;油气分离器,,,,,0,0,,,
gasoline treating process,,,汽油精制过程,,,,,0,0,,,
gasoline truck,,,汽油卡车,,,,,0,0,,,
gasoline unit,,,集扰装置,,,,,0,0,,,
gasoline upgrading,,,汽油提(高)质(量);汽油改质,,,,,0,0,,,
gasoline value,,,汽油值;馏分中汽油含量,,,,,0,0,,,
gasoline valve,,,汽油门,,,,,0,0,,,
gasoline vapor,,,[网络] 汽油蒸汽；汽油蒸气；油气,,,,,0,0,,,
gasoline vapour,,,汽 油蒸气,,,,,0,0,,,
gasoline vapour pressure,,,汽油蒸气压,,,,,0,0,,,
gasoline volatility test,,,汽油挥发性试验,,,,,0,0,,,
gasoline yield,,,汽油产率,,,,,0,0,,,
gasoline(-lene),,,油,,,,,0,0,,,
gasoline-air mixture,,,汽油空气混合气,,,,,0,0,,,
gasoline-anti-icing additive,,,汽油防冻添加剂,,,,,0,0,,,
gasoline-blending problem,,,汽油混合问题,,,,,0,0,,,
gasoline-depth gauge,,,汽油深度计,,,,,0,0,,,
gasoline-electric,,,n. 汽油电动的,j:100,,,,0,0,,,
gasoline-electric bus,,,汽油机电机公共汽车,,,,,0,0,,,
gasoline-electric car,,,汽油电动车辆,,,,,0,0,,,
gasoline-electric tractor,,,汽油电力牵引车,,,,,0,0,,,
gasoline-electric vehicle,,,汽油电动车辆;汽油电力车,,,,,0,0,,,
gasoline-engine,,,n. 汽油机\n[网络] 汽油发动机；汽油引擎；汽油策动机,,,,,0,0,,,
gasoline-engine driven machine,,,汽油动力机,,,,,0,0,,,
gasoline-fueled,'ɡæsəli:nfju:əld,,adj. 以汽油为燃料的,j:100,,,,0,0,,,
gasoline-injection engine,,,汽油喷射式发动机,,,,,0,0,,,
gasoline-injection pump,,,汽油喷射泵,,,,,0,0,,,
gasoline-powered,,,[网络] 汽油驱动；汽油发动的；汽油为动力,j:100,,,,0,0,,,
gasoline-powered chain saw,,,[林] 油锯,,,,,0,0,,,
gasoline-proof grease,,,不怕汽油的滑脂,,,,,0,0,,,
gasoline-resistant coating,,,[化] 耐汽油涂料,,,,,0,0,,,
gasoline-soaked rag,,,汽油浸透的擦布,,,,,0,0,,,
gasoline-tight,,,[网络] 汽油密的,,,,,0,0,,,
gasolined chain saw,,,[林] 油锯,,,,,0,0,,,
gasolinelike,,,[网络] 气球型,,,,,0,0,,,
gasoliner,,,汽艇,,,,,0,0,,,
gasolines,ˈɡæsəli:nz,n. a volatile flammable mixture of hydrocarbons (hexane and heptane and octane etc.) derived from petroleum; used mainly as a fuel in internal-combustion engines,n. 汽油( gasoline的复数形式 ),,,,,0,0,0:gasoline/1:s,,
gasolinic,,,a. gasoline的变形,,,,,0,0,,,
gasoloid,",^æsә'lɔid",,"气溶胶, 气胶溶体",,,,,0,0,,,
gasomagnetron,",^æsә'mæ^nәtrɔn",,充气磁控管,,,,,0,0,,,
gasometer,gæs'ɒmitә,n a meter for measuring the amount of gas flowing through a particular pipe\nn a large gas-tight spherical or cylindrical tank for holding gas to be used as fuel,"n. 储气器, 煤气筒, 气体计量器\n[医] 气量计, 气体定量器",,,,,0,0,s:gasometers,,
gasometer flask,,,[化] 气量计; 气量瓶,,,,,0,0,,,
gasometers,,n. a meter for measuring the amount of gas flowing through a particular pipe\nn. a large gas-tight spherical or cylindrical tank for holding gas to be used as fuel,"n. 贮气器, （储）煤气柜( gasometer的复数形式 )",,,,,0,0,0:gasometer/1:s,,
gasometre,,,[网络] 气量计,,,,,0,0,,,
gasometres,,,[网络] 气体,,,,,0,0,,,
gasometric,^æsә'metrik,a. Alt. of Gasometrical,"a. [化]气体定量分析的,气体定量分析学(或分析法)的",,,,,0,0,,,
gasometric analysis,,,[化] 气体分析; 气体定量分析\n[医] 气体分析法,,,,,0,0,,,
gasometric determination,,,气量测定,,,,,0,0,,,
gasometric method,,,[医] 气体定量法(检脲),,,,,0,0,,,
gasometric titration,,,气量滴定,,,,,0,0,,,
gasometrical,ɡəsɒ'metrɪkəl,"a. Of or pertaining to the measurement of gases; as,\n   gasometric analysis.","a. 气体定量分析的, 气体定量分析学（或分析法）的",,,,,0,0,,,
gasometry,^æ'sɔmitri,"n. The art or practice of measuring gases; also, the\n   science which treats of the nature and properties of these elastic\n   fluids.",n. [化]气体的计量,,,,,0,0,,,
Gasomter,,,气量计,,,,,0,0,,,
gasoplankton,,,"含气性浮游生物, 气囊性浮游生物",,,,,0,0,,,
gasoscope,'^æsәskәup,"n. An apparatus for detecting the presence of any dangerous\n   gas, from a gas leak in a coal mine or a dwelling house.",气体检验器,,,,,0,0,,,
gasoscopes,,,[网络] 气镜,,,,,0,0,,,
gasostatic bearing,,,[机] 气体静力轴承,,,,,0,0,,,
gasotransmitter,,,[网络] 气体递质；气体信号分子；内源性气体信使,,,,,0,0,,,
gasotransmitters,,,[网络] 燃气轮机,,,,,0,0,,,
gasotron,'^æsәtrɔn,,"充气管整流器, 气体整流器",,,,,0,0,,,
gasoven,'ɡæsəʊvn,,n.煤气灶,,,,,0,0,,,
gasp,gæsp,n. a short labored intake of breath with the mouth open,"n. 喘气\nvi. 喘气, 喘息, 渴望\nvt. 气喘吁吁地说",n:27/v:73,2,,cet4 cet6 ky toefl ielts,5196,5660,p:gasped/i:gasping/s:gasps/3:gasps/d:gasped,,
gasp ... life,,,gasp life\n死去，断气,,,,,0,0,,,
gasp ... out,,,[网络] 上气不接下气地说；喘着气说出；气喘吁吁地说,,,,,0,0,,,
gasp after,,,渴望得到…,,,,,0,0,,,
gasp at,,,被…惊得喘不过气来,,,,,0,0,,,
gasp away,,,不断地喘气,,,,,0,0,,,
gasp for,,,"喘气; 渴望, 渴求…",,,,,0,0,,,
gasp for breath,,,"呼吸十分困难,上气不接下气",,,,,0,0,,,
gasp in admiration,ɡæsp ɪn ˌædməˈreʃən,, 叹服；赞叹,,,,,0,0,,,
gasp life,,,死去，断气,,,,,0,0,,,
gasp one's life,,,死去，断气,,,,,0,0,,,
gasp one's life away,,,断气,,,,,0,0,,,
gasp one's life out,,,死亡，断气,,,,,0,0,,,
gasp one's out,,,死去，断气,,,,,0,0,,,
gasp out,,,"气喘吁吁地说,上气不接下气地说",,,,,0,0,,,
gasp syndrome,,,[中医] 喘证,,,,,0,0,,,
gasp up,,,"咽气,断气",,,,,0,0,,,
gasp with rage,,,气得直喘气,,,,,0,0,,,
gasp with surprise,,,惊得倒吸一口气,,,,,0,0,,,
gaspa,,,[网络] 吟颂长篇幅的玛哈嘎拉法本,,,,,0,0,,,
gaspant,,,[网络] 喘气,,,,,0,0,,,
gaspar,'^ɑ:spә,n (New Testament) one of the three sages from the east who came bearing gifts for the infant Jesus,[材]加斯帕,,,,,0,0,s:gaspars,,
"Gaspar, Pulau",,,[地名] 加斯帕岛 ( 印尼 ),,,,,0,0,,,
"Gaspar, Selat",,,[地名] 加斯帕海峡 ( 印尼 ),,,,,0,0,,,
Gaspar.,,,[网络] 加斯帕；加斯珀；德·索萨·加斯帕,,,,,0,0,,,
gaspara,,,[网络] 瓦斯帕拉,,,,,0,0,,,
gaspard,,,n. (Gaspard)人名；(罗)加斯帕尔德；(法)加斯帕尔；(英)加斯帕德\n加斯帕德,,,,,0,0,s:gaspards,,
gaspards,,,加斯帕德\nn. (Gaspard)人名；(罗)加斯帕尔德；(法)加斯帕尔；(英)加斯帕德,,,,,0,0,0:gaspard/1:s,,
gaspare,,,[网络] 天然气,,,,,0,0,,,
gaspari,,, [人名] 加斯帕里,,,,,0,0,s:gasparis,,
Gasparian,,,加斯帕良,,,,,0,0,,,
gasparilla,,,[网络] 加斯帕里利亚；盖斯波拉,,,,,0,0,,,
Gasparilla Island,,,[地名] 加斯帕里拉岛 ( 美 ),,,,,0,0,,,
gasparini,,,[网络] 伽斯帕里尼；巴利尼；加斯帕里尼,,,,,0,0,,,
gasparino,,,[网络] 加斯帕里诺,,,,,0,0,,,
gasparis,,,[网络] 喘气,,,,,0,0,0:gaspari/1:s,,
Gasparite-(Ce),,,砷钕铈矿,,,,,0,0,,,
gasparo,,,[网络] 斯帕罗,,,,,0,0,,,
gasparri,,,[网络] 加斯帕里；加斯帕瑞,,,,,0,0,s:gasparris,,
gasparris,,,[网络] 加斯帕里；加斯帕瑞\n(gasparri 的复数),,,,,0,0,0:gasparri/1:s,,
gasparro,,, [人名] 加斯帕罗,,,,,0,0,,,
gaspars,,,[材]加斯帕\n(gaspar 的复数),,,,,0,0,0:gaspar/1:s,,
Gasparyan,,,[网络] 帕扬,,,,,0,0,,,
gaspas,,very clever and smart person\n> you're like gaspa!\n,,,,,,0,0,,,
gaspe,,,[网络] 加斯佩；加斯佩半岛；加斯佩机场,,,,,0,0,,,
Gaspe cure,,,[网络] 加斯佩腌制法,,,,,0,0,,,
gaspe peninsula,,,[网络] 盖斯佩半岛；加斯佩半岛；佳世佩半岛,,,,,0,0,,,
gasped,ɡɑ:spt,imp. & p. p. of Gasp,v. 喘气( gasp的过去式和过去分词 ); 喘息; 倒抽气; 很想要,,,,,0,0,0:gasp/1:pd,,
gasped out,,,气喘吁吁地说,,,,,0,0,,,
gaspeite,"'^æs,pait",,[矿]菱镁镍矿,,,,,0,0,,,
gasper,'gæspә,,"n. 喘气者, 廉价香烟",,,,,0,0,s:gaspers,,
gasper system,,,送气系统,,,,,0,0,,,
gaspereau,",^æspә'rәu",n. The alewife.,n. <加拿大>[鱼] 鯷状锯腹鲱,,,,,0,0,,,
Gaspereau Forks,,,[地名] 加斯珀罗福克斯 ( 加 ),,,,,0,0,,,
"Gaspereau, L.",,,[地名] 加斯珀罗湖 ( 加 ),,,,,0,0,,,
gaspereaus,'ɡæspərəu,,gaspereaus\nn.\ngaspereau的变形\ngaspereau\n['ɡæspərəu]\nn.\n[加拿大英语]【鱼类】鳀状锯腹鲱\n变形：\nn.\ngaspereaus\n. gaspereaux,,,,,0,0,,,
gasperi,,,[网络] 斯佩里,,,,,0,0,s:gasperis,,
"Gasperi, Alcide De",'ɡɑ:speri,,加斯佩利(1881～1954)，意大利政治家，总理(1945～1953),,,,,0,0,,,
Gasperina,,,[地名] 加斯佩里纳 ( 意 ),,,,,0,0,,,
Gasperini's culture-medium,,,"[医] 加斯佩里尼氏培养基, 小麦肉肠",,,,,0,0,,,
Gasperini's wheat bouillon,,,[医] 加斯佩里尼氏小麦肉汤,,,,,0,0,,,
gasperis,,,加斯佩里斯,,,,,0,0,0:gasperi/1:s,,
gaspers,,plural of gasper,"(gasper 的复数) n. 喘气者, 廉价香烟",,,,,0,0,0:gasper/1:s,,
gasperson,,,[网络] 佩森,,,,,0,0,,,
Gaspesian,,,[网络] Gas ian ian,,,,,0,0,,,
Gaspesians,,,[网络] 加油枪,,,,,0,0,,,
gasphase thermometric titration,,,气相温度滴定法,,,,,0,0,,,
gaspier,'ɡɑ:spi,,gaspier\nadj.\ngaspy的变形\ngaspy\n['ɡɑ:spi]\nadj.\n气喘的\n变形：\nadj.\ngaspier\n. gaspiest,,,,,0,0,,,
gaspin,,,[网络] 气体销；针孔；气针,,,,,0,0,,,
gaspiness,,,[网络] 气馁,,,,,0,0,,,
gasping,'gæspiŋ,"v breathe noisily, as when one is exhausted","a. 痉挛的, 阵发性的",j:61/n:39,,,,42057,38901,0:gasp/1:i/s:gaspings,,
gasping breathing,,,强口呼吸,,,,,0,0,,,
gasping disease,,,开嘴虫症（家禽）,,,,,0,0,,,
gasping out,,,气喘吁吁地说,,,,,0,0,,,
gaspingly,'gæspiŋli,,adv. 痉挛地,,,,,0,0,,,
gaspings,,"plural of gasping\nv breathe noisily, as when one is exhausted","(gasping 的复数) a. 痉挛的, 阵发性的",,,,,0,0,0:gasping/1:s,,
gaspipe,,,n. 煤气管,,,,,0,0,,,
gaspipe line,,,[建] 煤气管路,,,,,0,0,,,
gaspipe network,,,[建] 煤气管网,,,,,0,0,,,
gaspipe plier,,,配管用夹钳,,,,,0,0,,,
gaspipe pliers,,,[建] 煤气管钳,,,,,0,0,,,
gaspirator,,,防毒面具,,,,,0,0,,,
gasplasma,,,[网络] 电浆锅,,,,,0,0,,,
gaspoker,,,n. 煤气点火棒,,,,,0,0,,,
Gaspoltshofen,,,[地名] 加斯波尔茨霍芬 ( 奥 ),,,,,0,0,,,
gaspra,,, [地名] [乌克兰] 哈斯普拉,,,,,0,0,,,
gasproducer (coal) tar,,,[化] 发生炉煤焦油,,,,,0,0,,,
gasproof,'gæspru:f,,"a. 防毒气的, 不透气的",,,,,0,0,,,
gasproof machine,,,[网络] 气密式电机,,,,,0,0,,,
gasproofness,,,un. 不透气性\n[网络] 防气性；气密性；气体阻隔性,,,,,0,0,,,
gasps,ɡɑ:sps,"n a short labored intake of breath with the mouth open\nv breathe noisily, as when one is exhausted",v. 喘气( gasp的第三人称单数 ); 喘息; 倒抽气; 很想要,,,,,0,0,0:gasp/1:s3,,
gasps out,,,气喘吁吁地说,,,,,0,0,,,
gaspt,,,[网络] 气喘吁吁,,,,,0,0,,,
gaspy,,,[网络] 小正,,,,,0,0,,,
Gaspé,,,[地名] 加斯佩 ( 加 ),,,,,0,0,,,
"Gaspé, B.de",,,[地名] 加斯佩湾 ( 加 ),,,,,0,0,,,
"Gaspé, C.",,,[地名] 加斯佩角 ( 加 ),,,,,0,0,,,
"Gaspé, Pén. de",,,[地名] 加斯佩半岛 ( 加 ),,,,,0,0,,,
gasques,,,[网络] 加斯屈厄,,,,,0,0,,,
gasquet,,, [地名] [美国] 加斯奎特,,,,,0,0,,,
gass,,n the state of matter distinguished from the solid and liquid states by: relatively low density and viscosity; relatively great expansion and contraction with changes in pressure and temperature; the ability to diffuse readily; and the spontaneous tendency to become distributed uniformly throughout any container\nn a fluid in the gaseous state having neither independent shape nor volume and being able to expand indefinitely\nn a volatile flammable mixture of hydrocarbons (hexane and heptane and octane etc.) derived from petroleum; used mainly as a fuel in internal-combustion engines\nn a state of excessive gas in the alimentary canal\nn a pedal that controls the throttle valve\nn a fossil fuel in the gaseous state; used for cooking and heating homes\nv attack with gas; subject to gas fumes\nv show off,abbr. generic administration software (support) system 通用管理软件（支持）系统; geophysical airborne survey system 地球物理航空测量系统; Gimbal Assembly Storage System 万向架总成存储系统,,,,,33259,0,s:gasses,,
gassa,,Another word for weed.\n\nIt's heard in the rap group -The Misfit Mexicans\n> Me and my home boy be smokin up that [gassa] tonight.\n,,,,,,0,0,,,
gassac,,,[网络] 卡萨；萨克山谷后,,,,,0,0,s:gassacs,,
gassacs,,,[网络] 卡萨；萨克山谷后\n(gassac 的复数),,,,,0,0,0:gassac/1:s,,
gassan,,, [地名] [布基纳法索] 加桑,,,,,0,0,,,
Gassane,,,[地名] 加桑 ( 塞内 ),,,,,0,0,,,
gassas,,Another word for weed.\n\nIt's heard in the rap group -The Misfit Mexicans\n> Me and my home boy be smokin up that [gassa] tonight.\n,,,,,,0,0,,,
Gassaway,,,[地名] 加萨韦 ( 美 ),,,,,0,0,,,
gasschaukel,,,气体往复流动分离器,,,,,0,0,,,
gassed,gæst,v attack with gas; subject to gas fumes\nv show off,"a. 中毒气毒的, 喝醉酒的\n[医] 气体中毒的, 中毒气的",j:100,,,,0,45225,0:gass/1:dp,,
gassed and gaiters,,,夸夸其谈（非正式）\n废话连篇（非正式）,,,,,0,0,,,
gassed area,,,染毒地区,,,,,0,0,,,
gassed out,,,[网络] 气窜,,,,,0,0,,,
gassed up,,,na. 〈美口〉给汽车加油；〈美俚〉开着(汽车的)油门(以备随时开走)\n[网络] 加汽油,,,,,0,0,,,
gassed yarn,,,烧毛纱,,,,,0,0,,,
Gassegrain,,,加士格冉,,,,,0,0,,,
Gassel,,,[地名] 哈瑟尔 ( 荷 ),,,,,0,0,,,
gassela,,,[网络] 气球,,,,,0,0,,,
Gasselte,,,[地名] 哈瑟尔特 ( 荷 ),,,,,0,0,,,
Gasselternijeveen,,,[地名] 哈瑟尔特奈芬 ( 荷 ),,,,,0,0,,,
Gassendi,,,n. (Gassendi)人名；(法)伽桑狄,,,,,32328,0,,,
"Gassendi, Pierre",ɡæsen'di:,,加桑迪(1592～1655，法国哲学家、自然科学家、数学家),,,,,0,0,,,
gassenheimer,,,[网络] 加辛海默,,,,,0,0,,,
gasser,'^æsә,,"n. 气井, 夸夸其谈的人, 出类拔萃的东西\n[化] 气井; 煤气井",,,,,0,0,s:gassers,,
gasser's syndrome,,,Gasser氏症候群,,,,,0,0,,,
"Gasser, Herbert Spencer",'ɡæsə,,加塞(1888～1963，美国生理学家，获1944年诺贝尔生理学或医学奖),,,,,0,0,,,
Gasser-Karrer(syndrome),,,加瑟-卡勒(综合征),,,,,0,0,,,
gasserectomies,,,[网络] 放射治疗,,,,,0,0,,,
gasserectomy,,,[医] 半月神经节切除术,,,,,0,0,,,
gasserectomy instrument set,,,半月神经节手术器械包,,,,,0,0,,,
gasseri,,,加塞里,,,,,0,0,,,
gasserian,ɡæ'sɪərɪən,"a. Relating to Casserio (L. Gasserius), the discover of the\n   Gasserian ganglion.", [医]以Johann Laurentius Gasser命名的,,,,,0,0,,,
gasserian duct,,,Gasser氏管,,,,,0,0,,,
Gasserian ducts,,,"[医] 加塞氏管, 苗勒氏管",,,,,0,0,,,
Gasserian ganglia,,,"[医] 加塞氏神经节, 半月神经节",,,,,0,0,,,
Gasserian ganglion,,,"[医] 加塞氏神经节, 半月神经节",,,,,0,0,,,
gasserian ganglion (or semilunar ganglion),,,半月神经结,,,,,0,0,,,
gasserian ganglion decompression,,,加塞氏神经节减压法,,,,,0,0,,,
gasserian ganglion headrest,,,半月神经节手术用头靠,,,,,0,0,,,
gasserian ganglion instrument set,,,半月中枢神经节手术器械包,,,,,0,0,,,
gasserian ganglion knife,,,半月神经节刀,,,,,0,0,,,
gasserian neuritis,,,加塞氏神经炎,,,,,0,0,,,
gassericin,,,[网络] 加西林,,,,,0,0,,,
gassers,,,n. 爱吹牛的人；天然气井；非常有趣的事；加瑟\n[网络] 加塞；喷气井；加瑟转轮手枪,,,,,0,0,0:gasser/1:s,,
gasses,ɡæsiz,n the state of matter distinguished from the solid and liquid states by: relatively low density and viscosity; relatively great expansion and contraction with changes in pressure and temperature; the ability to diffuse readily; and the spontaneous tendency to become distributed uniformly throughout any container\nn a fluid in the gaseous state having neither independent shape nor volume and being able to expand indefinitely\nn a volatile flammable mixture of hydrocarbons (hexane and heptane and octane etc.) derived from petroleum; used mainly as a fuel in internal-combustion engines\nn a state of excessive gas in the alimentary canal\nn a pedal that controls the throttle valve\nn a fossil fuel in the gaseous state; used for cooking and heating homes\nv attack with gas; subject to gas fumes\nv show off,n. 气( gas的名词复数 ); 毒气; （用于照明、加热、烧饭等的）可燃气体; 麻醉气\nv. [美国俚语]使激动( gas的第三人称单数 ); 使…吸入毒气; 向…供应气体（如可燃气、煤气、沼气等）; （如在战争中）用毒气杀伤（人等）,,,,,0,0,0:gass/1:s3,,
gasses out,,,[网络] 气体出来,,,,,0,0,,,
gassest,ɡæs,,"Gas\nn.\nGa2的变形\nGAS\n=general adaptation syndrome\ngas\n[ɡæs]\nn.\n气，气体，气态\n(用于照明、加热、烧饭等的)可燃气体；煤气；沼气；天然气\n麻醉气；笑气(一氧化二氮)\n毒气\n胃、肠道产生的气体\n[美国口语]\n汽油\n(汽车等的)油门；油门踏板；加速器\n[美国俚语]\n空谈，废话；吹牛，闲聊\n[常作 a gas]乐事，令人非常满意(或振奋、高兴)的事(或人)；极精彩的东西；获得巨大成功的人(或事)；给某人影响很大的人(或事)\n【采矿】瓦斯\n汽灯，煤气灯\n[美国英语]麻醉学\nvt.\n向…供应气体(如可燃气、煤气、沼气等)，给…充气\n用气体给…作化学处理；用气体熏蒸：\na room gassed with vinegar\n一间用醋熏蒸过的房间\n(如在战争中)用毒气杀伤(人等)；向(某处)施放毒气：\nShe was badly gassed in the war.\n她在战争中受到毒气的严重伤害。\n[美国口语]给…加汽油\n[美国俚语]使激动；使毛骨悚然；使高兴；逗…开心，使…开心，用各种手法取悦于人：\nHis weird clothes really gas me.\n他的奇装异服真使我笑死了。\n引起…的注意；给(人)以好印象\n[美国俚语]以吹牛(或空谈)欺骗\nvi.\n放出(或发出)气体\n[美国俚语]空谈，吹牛，胡扯，胡说：\nShe was still gassing when I left.\n我离开时，她仍在闲聊。\n[美国口语](给汽车等)加汽油：\nWe'd better stop at a station soon and gas up.\n我们最好立即到加油站加油。\ninterj.\n该死!(令人气愤的人应即被送毒气室处死)\n短语:\ngas and gaiters\n胡说八道，废话连篇；夸夸其谈\nstep(或tramp, tread) on the gas\n[美国俚语]\n加大(汽车)油门；踩(汽车)油门\n加快速度；加把劲；快走，赶路\nturn off the gas\n关掉煤气\n[俚语]关掉话匣子，停止吹牛\nturn on the gas\n开煤气\n[俚语]打开话匣子，开始吹牛\nturn out the gas\n= turn off the gas\n变形：\nn.\ngases\nvt.\ngassed\n. gassing\nGa2\n[ɡa:]\nn.\n(西非)加族；加族人\n加族语\nadj.\n(西非)加族的；加族人的\n加族语的\n变形：\nn.\nGa\n. Gas",,,,,0,0,,,
Gasset,,,n. (Gasset)人名；(法)加塞；(西)加塞特,,,,,45187,0,s:gassets,,
"Gasset, Embalse de",,,[地名] 加塞特水库 ( 西 ),,,,,0,0,,,
gassets,,,n. (Gasset)人名；(法)加塞；(西)加塞特\n(gasset 的复数),,,,,0,0,0:gasset/1:s,,
gassho,,,[网络] 合掌；工研整合行销；工研合将,,,,,0,0,,,
gasshohineri,,gasshohineri (plural gasshohineri)\n(sumo) a kimarite in which the attacker clasps his hands behind the opponent's back and twists him down and over\n,,,,,,0,0,,,
gassi,,,"沙丘沟,沙丘间风槽",,,,,0,0,,,
Gassi Touil,,,[地名] 加西泰维勒(地区) ( 阿尔及 ),,,,,0,0,,,
gassier,ˈɡæsiə,s. resembling gas\ns. suffering from excessive gas in the alimentary canal,a. 气体的( gassy的比较级 ); 气状的; 含气的; <口>夸夸其谈的,,,,,0,0,,,
gassies,,plural of gassy\ns. resembling gas,"(gassy 的复数) a. 气体的, 气状的, 含气的",,,,,0,0,0:gassy/1:s,,
gassiest,,s. resembling gas\ns. suffering from excessive gas in the alimentary canal,a. 气体的( gassy的最高级 ); 气状的; 含气的; <口>夸夸其谈的,,,,,0,0,,,
gassily,,,[网络] 温和的,,,,,0,0,,,
gassiness,'^æsinis,,n. 充满气体状态,,,,,0,0,,,
gassing,'gæsiŋ,n. the process of interacting with gas\nn. the deliberate act of poisoning some person or animal with gas,"n. 放气, 排气, 气体生成, 气体处理, 毒气攻击\n[医] 放毒气, 气体中毒",n:100,,,,0,37523,0:gas/1:i/s:gassings,,
gassing ability,,,气体生成能力,,,,,0,0,,,
gassing factor,,,充气系数,,,,,0,0,,,
gassing machine,,,熏蒸机,,,,,0,0,,,
gassing of copper,,,铜气泡,,,,,0,0,,,
gassing of oils,,,油气处理,,,,,0,0,,,
gassing out,,,[网络] 溢气,,,,,0,0,,,
gassing power,,,产气(能)力,,,,,0,0,,,
gassing process,,,提升式真空脱气 法,,,,,0,0,,,
gassing properties of insulating oil,,,油析气性,,,,,0,0,,,
gassing property,,,产气性质,,,,,0,0,,,
gassing rubber,,,泡沫胶,,,,,0,0,,,
gassing test,,,气体试验；空隙试验,,,,,0,0,,,
gassing time,,,吹气时间,,,,,0,0,,,
gassing up,,,na. 〈美口〉给汽车加油；〈美俚〉开着(汽车的)油门(以备随时开走)\n[网络] 充气；驱气,,,,,0,0,,,
gassings,'gæsɪŋ,,n. 气体处理；放毒气攻击；吹嘘\nn. (Gassing)人名；(俄)哈辛,,,,,0,0,0:gassing/1:s,,
gassiott,,,[网络] 加西特,,,,,0,0,,,
gassit,,,[网络] 气体,,,,,0,0,,,
gassman,,, [人名] 加斯曼,,,,,0,0,,,
Gassman equation,,,加斯曼公式,,,,,0,0,,,
gassmann,,, [人名] 加斯曼,,,,,0,0,,,
gassner,,, [人名] 加斯纳,,,,,0,0,,,
Gassol,,,[地名] 加索尔 ( 尼日利 ),,,,,0,0,,,
gasson,,, [人名] [苏格兰人、英格兰人姓氏] 加森 Wace的变体,,,,,0,0,,,
gassous,,,"[机] 气体的, 气状的",,,,,0,0,,,
Gassoway,,,[地名] 加索韦 ( 美 ),,,,,0,0,,,
gasstation,,,n. 加油站,,,,,0,0,,,
gasstove,'ɡæstɒv,,n. 煤气炉,,,,,0,0,,,
Gassuian system,,,高斯单位制,,,,,0,0,,,
Gassum,,,[地名] 加苏姆 ( 丹 ),,,,,0,0,,,
gassy,'gæsi,s. resembling gas,"a. 气体的, 气状的, 含气的",j:100,,,,49910,33139,s:gassies,,
gassy can,,,气罐,,,,,0,0,,,
gassy cheese,,,产气干酪,,,,,0,0,,,
gassy cream,,,产气奶油(缺陷),,,,,0,0,,,
gassy fermentation,,,产气发酵;气态发酵,,,,,0,0,,,
gassy ingots,,,un. 多气锭,,,,,0,0,,,
gassy melt,,,含气金属液,,,,,0,0,,,
gassy milk,,,产气牛乳,,,,,0,0,,,
gassy mine,,,高瓦斯矿井,,,,,0,0,,,
gassy seam,,,[矿业] 瓦斯煤层,,,,,0,0,,,
gassy seam mining method,,,[矿业] 瓦斯煤层采煤法,,,,,0,0,,,
gassy surface,,,表面不清晰[搪瓷缺陷],,,,,0,0,,,
gassy tube,,,[电] 气体的管,,,,,0,0,,,
gassycheese,,,产气干酪(缺陷),,,,,0,0,,,
Gassé Diabé,,,[地名] 加塞贾贝 ( 塞内 ),,,,,0,0,,,
Gasségalo,,,[地名] 加塞加洛 ( 布基 ),,,,,0,0,,,
gast,^æst,v. t. To make aghast; to frighten; to terrify. See Aghast.,v. 使惊讶,,,,,0,0,s:gasts,,
gast(e)ropod,,,腹足动物,,,,,0,0,,,
gast-,gæst,,vt. 使惊讶；恐吓\nn. (Gast)人名；(英、法、德、意)加斯特,,,,,0,0,,,
gastal,,,[网络] 胃口,,,,,0,0,,,
gastaldite,"'^æstәl,dait",,铝蓝闪石,,,,,0,0,,,
gastank,,,un. 汽车上的油箱；煤气罐；储气罐；气柜\n[网络] 贮叶箱；气瓶,,,,,0,0,s:gastanks,,
gastanker,ɡæs'tæŋkər,,n.煤气运输船,,,,,0,0,,,
gastanks,,,[网络] 油箱；瓦斯槽；煤气坦克,,,,,0,0,0:gastank/1:s,,
Gastapuran,,,"甲孕酮,安宫黄体酮",,,,,0,0,,,
Gastarbeiter,"'^ɑ:st,ɑ:baitә(r)",,<德>n.(在西德的)客籍工人,,,,,0,0,s:gastarbeiters,,
Gastarbeiters,,plural of Gastarbeiter,(Gastarbeiter 的复数) <德>n.(在西德的)客籍工人,,,,,0,0,0:gastarbeiter/1:s,,
Gastaut,,,加斯托,,,,,0,0,,,
gasted,,past participle of gast\nv. t. To make aghast; to frighten; to terrify. See Aghast.,(gast 的过去分词) v.使惊讶,,,,,0,0,0:gast/1:d,,
gastehaus,,,[网络] 国宾大楼,,,,,0,0,,,
gasteiger,,,[网络] 加斯泰格,,,,,0,0,,,
gastein,,,[网络] 加斯坦；加施泰因；斯坦山谷,,,,,0,0,s:gasteins,,
gasteins,,,[网络] 加斯坦；加施泰因；斯坦山谷\n(gastein 的复数),,,,,0,0,0:gastein/1:s,,
gasteiz,,,[网络] 维多利亚；斯特兹,,,,,0,0,,,
gastel,,, [人名] 加斯特尔,,,,,0,0,,,
Gastello,,,[地名] 加斯捷洛 ( 俄 ),,,,,0,0,,,
gastemp,,,[网络] 烟温；雾化气温度；酸槽,,,,,0,0,,,
gaster,'^æstә,v. t. To gast.,n. 法莫替丁（药物名称）；锤腹；柄后腹,,,,,0,0,s:gasters,,
gaster(o)-,,,"胃,腹",,,,,0,0,,,
gaster-,,,"[医] 胃, 腹侧",,,,,0,0,,,
"gaster-, gastero-",'ɡæstə; 'ɡæstərəu,,comb.form 表示；“胃”；“腹区”：gasteropod,,,,,0,0,,,
gasteracantha fornicata,,,尖棘蛛,,,,,0,0,,,
gasteracantha kuhli,,,古氏棘蛛,,,,,0,0,,,
gasteracantha sauteri,,,梭德氏棘蛛；广腹棘蜘蛛；曹德氏棘蜘；曹氏棘腹蛛,,,,,0,0,,,
gasteralgia,,,[医] 胃痛,,,,,0,0,,,
Gasteraloe,,,[网络] 元宝掌属,,,,,0,0,,,
gasterangiemphraxis,",^æstәrændʒi,em'freiksis",,胃血管梗阻,,,,,0,0,,,
gasterasthenia,,,"[医] 胃无力, 胃弱",,,,,0,0,,,
gasterataxia,,,[医] 胃共济失调,,,,,0,0,,,
gasterechema,,,"[医] 胃音, 胃声",,,,,0,0,,,
gasterectasis,,,[医] 胃扩张,,,,,0,0,,,
gasterectomies,,,[网络] 胃镜切除术,,,,,0,0,,,
gasterectomy,,,[网络] 胃切除术,,,,,0,0,,,
gasteremphraxis,,,"[医] 胃血管梗阻, 胃[膨]胀",,,,,0,0,,,
gasteremyphraxis,,,胃血管梗阻,,,,,0,0,,,
gasterhysterotomy,,,"[医] 剖腹子宫切开术, 腹式子宫切开术",,,,,0,0,,,
Gasteria,,,[网络] 卧牛；沙鱼掌属；鲨鱼掌属,,,,,0,0,,,
gasteria acinacifolia (jaco.)haw.,,,长剑鹿舌草,,,,,0,0,,,
gasteria angustifolia (hit.)haw.,,,细叶鹿舌草,,,,,0,0,,,
gasteria armstrongii. schoenl.,,,卧牛草(园艺名),,,,,0,0,,,
gasteria batesiana rowley,,,厚舌草(园艺名),,,,,0,0,,,
gasteria beckeri schoenl.,,,倍氏鹿舌草,,,,,0,0,,,
gasteria cainata (mill.)haw.,,,背稜厚舌草,,,,,0,0,,,
gasteria disticha (l.)haw.,,,青龙刀(园艺名),,,,,0,0,,,
gasteria pulchra(ait)haw.,,,白光龙(园艺名),,,,,0,0,,,
Gasterner Tal,,,[地名] 加斯特恩河谷 ( 瑞士 ),,,,,0,0,,,
gastero-,,,"胃,腹",,,,,0,0,,,
gasterobasidial,,,具腹菌担子的,,,,,0,0,,,
Gasterochismatinae,,,腹翼鲭亚科,,,,,0,0,,,
gasterohysterectomy,,,剖腹子宫切除术,,,,,0,0,,,
gasteroid,"'^æstә,rɔid",,"具闭室子实层的, 似腹菌的",,,,,0,0,,,
gasteromycete,,,n. 腹菌,,,,,0,0,s:gasteromycetes,,
gasteromycetes,ɡæstərəmaɪ'sets,"n. pl. An order of fungi, in which the spores are\n   borne inside a sac called the peridium, as in the puffballs.", 腹菌类,,,,,0,0,s:gasteromycetess,,
gasteromycetess,'ɡæstərə'maisi:tiz,,n. 【真菌】腹菌纲,,,,,0,0,0:gasteromycetes/1:s,,
GASTEROPELECIDAE,,,"胸斧鱼科, 斧腹齿鲤科",,,,,0,0,,,
gasterophilid,,,[网络] 胃蝇科,,,,,0,0,,,
Gasterophilidae,,n. horse botflies,胃蝇科,,,,,0,0,s:gasterophilidaes,,
gasterophilidaes,",ɡæstərə'filədi:",,n. [昆] 胃蝇科,,,,,0,0,0:gasterophilidae/1:s,,
Gasterophilus,,n type genus of the Gasterophilidae: horse botflies,[医] 胃蝇属,,,,,0,0,s:gasterophiluss,,
Gasterophilus equina,,,[医] 马胃蝇,,,,,0,0,,,
Gasterophilus haemorrhoidalis,,,赤尾胃蝇,,,,,0,0,,,
Gasterophilus haemorrhoidalis Linne,,,[医] 赤尾胃蝇,,,,,0,0,,,
Gasterophilus intestinalis,,,[网络] 肠胃蝇；马蝇；马肠胃蝇,,,,,0,0,s:gasterophilus intestinaliss,,
Gasterophilus intestinalis de Geer,,,[医] 肠胃蝇,,,,,0,0,,,
gasterophilus intestinaliss,,,[网络] 肠胃蝇；马蝇；马肠胃蝇\n(gasterophilus intestinalis 的复数),,,,,0,0,0:gasterophilus intestinalis/1:s,,
Gasterophilus nasalis,,,[医] 鼻胃蝇,,,,,0,0,,,
gasterophiluss,",ɡæstə'rəfiləs",,n. 【昆虫】胃蝇属,,,,,0,0,0:gasterophilus/1:s,,
gasteropod,'^æstәrәpɔd,n. Same as Gastropod.,n. [动]腹足软体动物,,,,,0,0,s:gasteropods,,
Gasteropoda,,,[网络] 蝓,,,,,0,0,s:gasteropodas,,
gasteropodas,,,[网络] 蝓\n(gasteropoda 的复数),,,,,0,0,0:gasteropoda/1:s,,
gasteropodous,",^æstә'rɔpәdәs",a. Same as Gastropodous.,"a. 与腹足纲软体动物有关的,似腹足纲软体动物的",,,,,0,0,,,
gasteropods,,-s form of gasteropod\nn. Same as Gastropod.,(gasteropod 的第三人称 -s形式) n.[动]腹足软体动物,,,,,0,0,0:gasteropod/1:3,,
gasterospore,^æstәrә'spɔ:,,[植]腹孢子,,,,,0,0,,,
Gasterosteidae,",ɡæstərə'stiidi:",,n. [鱼] 刺鱼科,,,,,0,0,s:gasterosteidaes,,
gasterosteidaes,",ɡæstərə'stiidi:",,n. 【鱼类】刺鱼科,,,,,0,0,0:gasterosteidae/1:s,,
gasterosteiform,,,[网络] 刺鱼类,,,,,0,0,,,
Gasterosteiformes,",ɡæstərə'sti:fɔ:miz",,n. 【鱼类】刺鱼形目,,,,,0,0,,,
Gasterosteus,,,[网络] 刺鱼属,,,,,0,0,s:gasterosteuss,,
Gasterosteus aculeatus,,,[网络] 三刺鱼；三棘刺鱼；三棘鱼,,,,,0,0,s:gasterosteus aculeatuss,,
gasterosteus aculeatuss,,,[网络] 三刺鱼；三棘刺鱼；三棘鱼\n(gasterosteus aculeatus 的复数),,,,,0,0,0:gasterosteus aculeatus/1:s,,
gasterosteuss,,,[网络] 刺鱼属\n(gasterosteus 的复数),,,,,0,0,0:gasterosteus/1:s,,
gasterostome cercaria,,,腹口尾蚴,,,,,0,0,,,
gasterotheca,,,腹鞘(蛹),,,,,0,0,,,
gasterozooid,,,[无脊椎] 取食个员,,,,,0,0,,,
gasters,'gæstəz,,n. 胃；柄后腹；腹部\n[网络] 法莫替丁；盖舒泰注射剂；锤腹,,,,,0,0,0:gaster/1:s,,
Gasteruptiidae,,,褶翅姬蜂科,,,,,0,0,,,
gasteruptiids,,,[网络] gasterupidids,,,,,0,0,,,
gasteruptionids,,,[网络] 刨花板,,,,,0,0,,,
gastev,,,[网络] 斯塔夫,,,,,0,0,,,
gasteyer,,,[网络] 加斯泰耶,,,,,0,0,,,
gastful,,,[网络] 气馁,,,,,0,0,,,
gasthaus,'^ɑ:sthajs,,"n. 旅馆, 酒店",,,,,0,0,0:gasthau/1:s,,
"Gasthaus, gasthaus","'ɡɑ:st,haus",,n. [德语]；宾馆，(高级)招待所，宾客下榻的处所；小客栈，小旅馆,,,,,0,0,,,
"Gasthaus, gasthauser",,,"n. Gasthaus, gasthaus的变形",,,,,0,0,,,
gasthauses,"'ɡɑ:st,haus",,n. 酒店；旅馆,,,,,0,0,,,
gasthof,'^ɑ:sthәjf,,"<德>n.(尤指乡间)小旅馆,客栈",,,,,0,0,s:gasthofs,,
"Gasthof,gasthof","'ɡɑ:st,həuf",,n. [德语]；小旅馆；宾馆；招待所,,,,,0,0,,,
Gasthofs,"'ɡɑ:st,həuf",,"Gasthof,gasthof\n['ɡɑ:st,həuf]\nn.\n[德语]\n小旅馆\n宾馆；招待所",,,,,0,0,0:gasthof/1:s,,
gastight,'gæstait,a. So tightly fitted as to preclude the escape of gas;\n   impervious to gas.,"a. 不漏气的, 气密的",,,,,0,0,,,
gastight bulkhead,,,气密舱壁,,,,,0,0,,,
gastight chamber,,,密封室,,,,,0,0,,,
gastight joint,,,气密接头,,,,,0,0,,,
gastight syringe,,,气密注射器,,,,,0,0,,,
gastight terminal,,,[电] 气闭头,,,,,0,0,,,
gastightness,,,n. gastight的变形,,,,,0,0,,,
gastightness test,,,密性试验，气体检漏试验,,,,,0,0,,,
gastil,,, [人名] 加斯蒂尔,,,,,0,0,,,
gastineau,,,[网络] 加斯蒂诺,,,,,0,0,,,
gastineau channel,,,[网络] 加斯蒂诺海峡；加斯蒂诺水道,,,,,0,0,,,
gasting,gæst,,vt. 使惊讶；恐吓\nn. (Gast)人名；(英、法、德、意)加斯特,,,,,0,0,,,
Gastins,,,[地名] 加斯坦 ( 法 ),,,,,0,0,,,
gastism,,,粪尿失禁,,,,,0,0,,,
gastlet,,,[网络] 胃口,,,,,0,0,,,
gastly,,"a. See Ghastful, Ghastly.",鬼斯,,,,,0,0,,,
gastness,'ɡæstnis,n. See Ghastness.,n. [废语]恐怖；恐惧,,,,,0,0,,,
gastoldi,,,[网络] 斯多地；斯托第,,,,,0,0,,,
Gastomag,,,三硅酸镁,,,,,0,0,,,
gastomax,,,二盐酸氯苯氧嗪,,,,,0,0,,,
gaston,'^æstәn,,n. 加斯顿（男子名）,,,,,26182,0,s:gastons,,
Gaston County,,,[地名] 加斯顿县 ( 美 ),,,,,0,0,,,
"Gaston de Gerlache, Mount",,,[地名] 加斯东·德热尔拉什山 ( 南极洲 ),,,,,0,0,,,
Gaston Lachaise,,,[网络] 加斯顿,,,,,0,0,s:gaston lachaises,,
gaston lachaises,,,[网络] 加斯顿\n(gaston lachaise 的复数),,,,,0,0,0:gaston lachaise/1:s,,
"Gaston, Lake",,,[地名] 加斯顿湖 ( 美 ),,,,,0,0,,,
gastoned,",ɡæstən",,加斯顿(男子名),,,,,0,0,,,
Gastonia,",ɡæs'təuni:ə",,n. 加斯托尼亚（美国城市）,,,,,0,0,,,
gastoning,",ɡæstən",,加斯顿(男子名),,,,,0,0,,,
gastons,,plural of gaston,(gaston 的复数) n. 加斯顿（男子名）,,,,,0,0,0:gaston/1:s,,
Gastonville,,,[地名] 加斯顿维尔 ( 美 ),,,,,0,0,,,
Gastopsin,,,"戊羰胃泌素,戊氧羰基四肽胃泌素",,,,,0,0,,,
gastor,,, [人名] 加斯托,,,,,0,0,,,
gastos,,,[网络] 加斯托斯,,,,,0,0,,,
Gastou's syndrome,,,"[医] 加斯都氏综合征, 麻木性痒疹",,,,,0,0,,,
Gastouni,,,[地名] 加斯图尼 ( 希 ),,,,,0,0,,,
Gastourion,,,[地名] 加斯图里翁 ( 希 ),,,,,0,0,,,
gastown,,,[网络] 煤气镇；盖斯镇；盖士镇,,,,,0,0,,,
gastr,,,[网络] 胃；烹饪美食之都；加后缀,,,,,0,0,,,
gastr(o)-,,,"胃,腹",,,,,0,0,,,
gastr-,^æstr,,表示“胃的”之义(用于元音之前),,,,,0,0,,,
gastrace theory,,,原肠祖说,,,,,0,0,,,
gastradenitis,,,[医] 胃腺炎,,,,,0,0,,,
gastraea,^æs'tri:ә,"n. A primeval larval form; a double-walled sac from which,\n   according to the hypothesis of Haeckel, man and all other animals, that\n   in the first stages of their individual evolution pass through a\n   two-layered structural stage, or gastrula form, must have descended.\n   This idea constitutes the Gastraea theory of Haeckel. See Gastrula.",n. 原肠动物,,,,,0,0,,,
gastraea theory,,,原肠幼虫说,,,,,0,0,,,
Gastraeadae,,,原肠祖科,,,,,0,0,,,
gastral,'^æstrәl,,"a. 胃的, 消化道的",,,,,0,0,,,
gastral cavity,,,胃腔,,,,,0,0,,,
gastral cortex,,,胃皮层,,,,,0,0,,,
gastral epithelium,,,胃层,,,,,0,0,,,
gastral filament,,,胃丝,,,,,0,0,,,
gastral groove,,,胃肠沟,,,,,0,0,,,
gastral layer,,,胃层,,,,,0,0,,,
gastral mesoblast,,,原肠中胚层,,,,,0,0,,,
gastral mesoderm,,,[医] 原肠中胚层,,,,,0,0,,,
gastral ridge,,,胃稜嵴,,,,,0,0,,,
gastralgia,gæs'trældʒiә,n an ache localized in the stomach or abdominal region,"n. 胃痛, 胃神经痛\n[医] 胃痛",,,,,0,0,s:gastralgias,,
gastralgia tablet,,,安胃片,,,,,0,0,,,
gastralgias,ɡæs'trældʒɪə,,n. [内科] 胃痛,,,,,0,0,0:gastralgia/1:s,,
gastralgic,^æs'trældʒik,,"a. 胃痛的,似胃痛的",,,,,0,0,,,
gastralgokenosis,,,[医] 胃空痛,,,,,0,0,,,
gastralia,,,胃骨片,,,,,0,0,,,
gastralia rib,,,腹皮肋,,,,,0,0,,,
gastralium,^æs'træljәm,,"[动]胃骨片, 腹膜肋",,,,,0,0,,,
gastrallus tuberculatus,,,瘤突巨腹窃蠹,,,,,0,0,,,
Gastramine,,,"氨乙吡唑,3-氨乙基吡唑",,,,,0,0,,,
gastraneuria,,,"[医] 胃神经机能不良, 胃神经紧张力不良",,,,,0,0,,,
gastrasthenia,,,"[医] 胃无力, 胃弱",,,,,0,0,,,
gastratrophia,,,[医] 胃萎缩,,,,,0,0,,,
Gastre,,,[地名] 加斯特雷 ( 阿根 ),,,,,0,0,,,
gastrea,^æs'tri:ә,,n. 原肠动物,,,,,0,0,,,
gastrea theory,,,[医] 原肠祖学说,,,,,0,0,,,
gastrectasia,",^æstrek'teiziә",,"n. [医]胃胀, 胃扩张",,,,,0,0,,,
gastrectasias,ɡæs'trekteiʒə,,n. 胃胀；胃扩张,,,,,0,0,,,
gastrectasis,,,胃扩张,,,,,0,0,,,
gastrectomies,,plural of gastrectomy\nn. surgical removal of all or part of the stomach,(gastrectomy 的复数) n. 胃切除术\n[医] 胃切除术,,,,,0,0,0:gastrectomy/1:s,,
gastrectomy,^æs'trektәmi,n. surgical removal of all or part of the stomach,n. 胃切除术\n[医] 胃切除术,,,,,0,0,s:gastrectomies,,
gastrectosis,,,[医] 胃扩张,,,,,0,0,,,
gastrelcobrosis,,,[医] 胃溃烂,,,,,0,0,,,
gastrelcoma,,,[医] 胃溃疡,,,,,0,0,,,
gastrelcosis,,,[医] 胃溃疡,,,,,0,0,,,
gastremia,,,[医] 胃充血,,,,,0,0,,,
gastrenteralgia,,,[医] 胃肠神经痛,,,,,0,0,,,
gastrenteromalacia,,,[医] 胃肠软化,,,,,0,0,,,
gastri-,'ɡæstri,,comb.form = gastro-,,,,,0,0,,,
gastric,'gæstrik,a. relating to or involving the stomach,a. 胃的\n[医] 胃的,j:100,1,,gre,3485,18960,,,
gastric & intestine,,,胃肠科,,,,,0,0,,,
gastric abscess,,,"[医] 胃脓肿, 蜂窝织炎性胃炎",,,,,0,0,,,
gastric acid,ˈgæstrɪk ˈæsid,, 胃酸,,,,,0,0,,,
gastric acid secretion,,,胃酸分泌,,,,,0,0,,,
gastric acid secretory function test,,,胃酸分泌功能试验,,,,,0,0,,,
gastric acidity,,,[医] 胃酸度,,,,,0,0,,,
gastric acidity deficiency,,,[内科] 胃酸缺乏,,,,,0,0,,,
gastric acidity determination,,,胃酸测定,,,,,0,0,,,
gastric adenocarcinoma,,,胃腺癌,,,,,0,0,,,
gastric anacidity,,,[医] 胃酸缺乏,,,,,0,0,,,
gastric anadenia,,,胃腺消失; 胃痨; 胃液缺乏,,,,,0,0,,,
gastric analysis,,,[医] 胃液分析,,,,,0,0,,,
gastric angle,,,[医] 角切迹(胃),,,,,0,0,,,
gastric angles,,,[网络] 胃角,,,,,0,0,,,
gastric antacid,,,[网络] 抗胃酸剂；制酸剂,,,,,0,0,s:gastric antacids,,
gastric antacids,,,[网络] 抗胃酸剂；制酸剂\n(gastric antacid 的复数),,,,,0,0,0:gastric antacid/1:s,,
gastric antibody,,,内在因子抗体,,,,,0,0,,,
gastric antrum,,,【解剖学】胃窦,,,,,0,0,,,
gastric area,,,胃区,,,,,0,0,,,
gastric areas,,,胃区,,,,,0,0,,,
gastric arteries,,, 胃动脉\n(gastric artery 的复数),,,,,0,0,0:gastric artery/1:s,,
gastric artery,ˈgæstrɪk ˈɑ:təri,, 胃动脉,,,,,0,0,s:gastric arteries,,
gastric asthma,,,[医] 胃病性气喘,,,,,0,0,,,
gastric atresis,,,胃腔闭锁,,,,,0,0,,,
gastric balloon,,,[网络] 胃球；胃气囊装置；气球般的胃球,,,,,0,0,,,
gastric band,,,[网络] 胃束带；束胃带；胃束带手术,,,,,0,0,,,
gastric banding,ˈgæstrɪk ˈbændɪŋ,, [医]胃囊带术,,,,,0,0,,,
gastric bands,,,[网络] 胃带,,,,,0,0,,,
gastric benign ulcer,,,胃良性溃疡,,,,,0,0,,,
gastric bleeding,,,胃出血,,,,,0,0,,,
gastric branches,,,胃支,,,,,0,0,,,
gastric bypass,,,胃旁路术,,,,,0,0,,,
gastric bypass surgery,,,胃绕道手术,,,,,0,0,,,
gastric caeca,,,[昆] 胃盲囊,,,,,0,0,,,
gastric caecum,,,胃盲囊,,,,,0,0,,,
gastric calculus,,,[医] 胃石,,,,,0,0,,,
gastric canal,,,胃管,,,,,0,0,,,
gastric cancer,,,胃癌,,,,,0,0,,,
gastric capacity,,,胃容量,,,,,0,0,,,
gastric capillary,,,胃的微血管,,,,,0,0,,,
gastric carcinoma,,,胃癌,,,,,0,0,,,
gastric cardiopathy,,,[医] 胃心综合征,,,,,0,0,,,
gastric cast-off cells examination,,,胃脱落细胞检查,,,,,0,0,,,
gastric catarrh,,,[医] 胃卡他,,,,,0,0,,,
gastric cavity,,,[中医] 胃脘,,,,,0,0,,,
gastric cecum,,,胃盲囊,,,,,0,0,,,
gastric chemodectoma,,,胃化学感受组织瘤,,,,,0,0,,,
gastric chromoscopy,,,[医] 染色胃液检查(检胃酸缺乏症),,,,,0,0,,,
gastric colic,,,"[医] 胃绞痛, 胃痛",,,,,0,0,,,
gastric content,,,胃内容物,,,,,0,0,,,
gastric coronary plexus,,,"[医] 胃冠丛, 胃丛",,,,,0,0,,,
gastric crisis,,,[医] 胃危象,,,,,0,0,,,
gastric cycle,,,[医] 胃周期(蠕动),,,,,0,0,,,
gastric cyst,,,胃源性囊肿,,,,,0,0,,,
gastric diastole,,,[医] 胃舒张,,,,,0,0,,,
gastric digestion,,,[医] 胃消化,,,,,0,0,s:gastric digestions,,
gastric digestions,,,[医] 胃消化\n(gastric digestion 的复数),,,,,0,0,0:gastric digestion/1:s,,
gastric dilatation,,,[医] 胃扩张,,,,,0,0,,,
gastric discomfort,,,嘈杂[病],,,,,0,0,,,
gastric disease,,,[内科] 胃疾病,,,,,0,0,,,
gastric diverticula,,,[医] 胃憩室,,,,,0,0,,,
gastric diverticulum,,,胃憩室,,,,,0,0,,,
gastric drug absorption,,,胃的药物吸收,,,,,0,0,,,
gastric dyspepsia,,,[医] 胃消化不良,,,,,0,0,,,
gastric dysperistalsis,,,胃蠕动障碍,,,,,0,0,,,
gastric emptying,,,胃排空,,,,,0,0,,,
gastric emptying rate,,,胃空速率;胃内容物排出速度,,,,,0,0,,,
gastric emptying time,,,胃排空时间,,,,,0,0,,,
gastric enzyme,,,[机] 胃,,,,,0,0,,,
gastric evacuation,,,胃内容排空,,,,,0,0,,,
gastric fever,,,[医] 胃热,,,,,0,0,,,
gastric filament,,,胃丝,,,,,0,0,,,
gastric filaments,,,胃丝,,,,,0,0,,,
gastric fistula,,,[医] 胃瘘,,,,,0,0,,,
gastric flu,ˈgæstrɪk flu:,,n. 胃肠性感冒,,,,,0,0,,,
gastric fluid,,,胃液,,,,,0,0,,,
gastric folds,,,胃襞,,,,,0,0,,,
gastric follicles,,,[医] 胃腺(滤泡); 胃淋巴小结,,,,,0,0,,,
gastric foveola,,,胃小凹,,,,,0,0,,,
gastric fundusectomy,,,[医] 胃底切除术,,,,,0,0,,,
gastric furrows,,,胃沟,,,,,0,0,,,
gastric ganglion,,,(=ingluvial ganglion)嗉囊神经节,,,,,0,0,,,
gastric gland,ˈgæstrɪk ɡlænd,, 胃腺,,,,,0,0,,,
gastric glands,,,[医] 胃腺,,,,,0,0,,,
gastric groove,,,胃沟,,,,,0,0,,,
gastric habroneniasis,,,马胃虫症,,,,,0,0,,,
gastric hemorrhage,,,胃出血,,,,,0,0,,,
gastric hormone,,,[医] 胃激素,,,,,0,0,,,
gastric hyperacidity,,,[医] 胃酸过多[症],,,,,0,0,,,
gastric hypermotility,,,"[医] 胃运动过强, 胃蠕动过强",,,,,0,0,,,
gastric hypersecretion,,,"[医] 胃液分泌过多, 胃酸过多[症]",,,,,0,0,,,
gastric hypothermia,,,胃降温法,,,,,0,0,,,
gastric impaction,,,胃阻塞,,,,,0,0,,,
gastric impression,,,胃压迹,,,,,0,0,,,
gastric indigestion,,,[医] 胃消化不良,,,,,0,0,,,
gastric influenza,,,胃型流行性感冒,,,,,0,0,,,
gastric inhibitory peptide,,,胃抑制肽,,,,,0,0,,,
gastric inhibitory peptide (gip),,,胃抑肽,,,,,0,0,,,
gastric inhibitory polypeptide,,,[化] 肠抑胃肽,,,,,0,0,,,
gastric inhibitory potypeptide,,,胃抑多肽,,,,,0,0,,,
gastric inoculation,,,胃内接种,,,,,0,0,,,
gastric insufficiency,,,"[医] 胃运动机能不全, 胃肌无力",,,,,0,0,,,
gastric intubation,,,胃导管术,,,,,0,0,,,
gastric intussusception,,,[医] 胃套迭,,,,,0,0,,,
gastric juice,ˈgæstrɪk dʒu:s,,n. 胃液,,,,,0,0,s:gastric juices,,
gastric juice analysis,,,胃液分析,,,,,0,0,,,
gastric juice test,,,胃液检查,,,,,0,0,,,
gastric juices,,,na. “gastric juice”的变体\n[网络] 胃汁,,,,,0,0,0:gastric juice/1:s,,
gastric lavage,,,[医] 洗胃,,,,,0,0,s:gastric lavages,,
gastric lavages,,,洗胃,,,,,0,0,0:gastric lavage/1:s,,
gastric layer,,,胃层,,,,,0,0,,,
gastric lipase,,,[化] 胃脂肪酶,,,,,0,0,,,
gastric lymph gland,,,胃淋巴腺,,,,,0,0,,,
gastric lymph nodes,,,胃淋巴结,,,,,0,0,,,
gastric lymphangiectasis,,,胃淋巴管扩张,,,,,0,0,,,
gastric lymphoid hyperplasia,,,胃淋巴样增殖,,,,,0,0,,,
gastric lymphoma,,,胃淋巴瘤,,,,,0,0,,,
gastric lymphosarcoma,,,胃淋巴肉瘤,,,,,0,0,,,
gastric malignant ulcer,,,胃恶性溃疡,,,,,0,0,,,
gastric mill,ˈgæstrɪk mil,, 胃磨,,,,,0,0,s:gastric mills,,
gastric mills,,,【无脊椎动物学】胃磨,,,,,0,0,0:gastric mill/1:s,,
gastric motility,,,胃运动,,,,,0,0,,,
gastric motility tests,,,[医] 胃动力试验,,,,,0,0,,,
gastric mucin,,,[医] 胃粘蛋白,,,,,0,0,,,
gastric mucoitin,,,胃粘液素,,,,,0,0,,,
gastric mucosa,,,[医] 胃粘膜,,,,,0,0,,,
gastric mucosal barrier,,,胃粘膜屏障,,,,,0,0,,,
gastric mucosal disease,,,[内科] 胃粘膜疾病,,,,,0,0,,,
gastric mycosis,,,胃霉菌病,,,,,0,0,,,
gastric myiasis,,,胃蝇蛆病,,,,,0,0,,,
gastric nerve,,,胃神经,,,,,0,0,,,
gastric neurasthenia,,,[医] 胃神经衰弱,,,,,0,0,,,
gastric neurectomy,,,[医] 迷走神经切断术,,,,,0,0,,,
gastric neurosis,,,胃神经官能症;胃神经症,,,,,0,0,,,
gastric notch,,,[医] 角切迹(胃),,,,,0,0,,,
gastric ostium,,,胃小孔,,,,,0,0,,,
gastric outlet obstruction,,,胃出口梗阻,,,,,0,0,,,
gastric oxyntic cell,,,胃泌酸细胞,,,,,0,0,,,
gastric oxyntic cells,,,[医] 胃泌酸细胞,,,,,0,0,,,
gastric papilloma,,,胃乳头状瘤,,,,,0,0,,,
gastric parietal cell antibody,,,胃壁细胞抗体,,,,,0,0,,,
gastric pattern,,,胃型,,,,,0,0,,,
gastric perforation,,,[医] 胃穿孔,,,,,0,0,,,
gastric peristalsis,,,[网络] 胃蠕动；胃的蠕动,,,,,0,0,,,
gastric peristaltic wave,,,胃蠕动波,,,,,0,0,,,
gastric phase,,,胃期,,,,,0,0,,,
gastric pit,,,胃小凹,,,,,0,0,,,
gastric pits,,,[医] 胃小凹,,,,,0,0,,,
gastric plexus,,,[医] 胃丛,,,,,0,0,,,
gastric plexuses,,,胃丛,,,,,0,0,,,
gastric polyposis,,,胃息肉病,,,,,0,0,,,
gastric polypus,,,胃息肉,,,,,0,0,,,
gastric polysaccharide,,,[医] 胃粘液多糖,,,,,0,0,,,
gastric pouch,,,胃囊,,,,,0,0,,,
gastric proton pump inhibit,,,胃质子泵抑制剂,,,,,0,0,,,
gastric receptive relaxation,,,[网络] 胃的容受性舒张；胃容受性舒张,,,,,0,0,,,
gastric reflux,,,un. 胃回流；胃反流\n[网络] 食道使胃酸逆流；胃液逆流；胃酸倒流,,,,,0,0,,,
gastric region,,,胃区,,,,,0,0,,,
gastric remittent fever,,,[医] 胃弛张热,,,,,0,0,,,
gastric remnant,,,残胃,,,,,0,0,,,
gastric resection,,,"[医] 胃切除术, 部分胃切除术",,,,,0,0,,,
gastric residuum,,,[医] 胃内残渣,,,,,0,0,,,
gastric retention,,,胃潴留,,,,,0,0,,,
gastric reticulum cell sarcoma,,,胃网织细胞肉瘤,,,,,0,0,,,
gastric ridge,,,"胃突,胃脊",,,,,0,0,,,
gastric rugal hypertrophy,,,胃粘膜皱壁肥大症,,,,,0,0,,,
gastric rupture,,,[医] 胃破裂,,,,,0,0,,,
gastric sarcoma,,,胃肉瘤,,,,,0,0,,,
gastric scarlet fever,,,[医] 胃性猩红热,,,,,0,0,,,
gastric scirrhus,,,胃硬癌,,,,,0,0,,,
gastric secretin,,,"[医] 胃分泌素, 促胃液素",,,,,0,0,,,
gastric secretion,,,[医] 胃液分泌,,,,,0,0,,,
gastric sedative,,,[医] 胃镇静剂,,,,,0,0,,,
gastric shieid,,,胃,,,,,0,0,,,
gastric shield,,,(无脊椎)胃楯,,,,,0,0,,,
gastric smear,,,[网络] 胃涂片,,,,,0,0,s:gastric smears,,
gastric smears,,,[网络] 胃涂片\n(gastric smear 的复数),,,,,0,0,0:gastric smear/1:s,,
gastric solubility,,,胃溶性,,,,,0,0,,,
gastric spiculum,,,腹针,,,,,0,0,,,
gastric spirochetosis,,,"[医] 胃螺旋体病, 青草病",,,,,0,0,,,
gastric spongioma,,,胃海绵肿,,,,,0,0,,,
gastric stasis,,,胃潴留,,,,,0,0,,,
gastric stimulant,,,"[医] 胃兴奋剂, 健胃剂",,,,,0,0,,,
gastric stone,,,胃石,,,,,0,0,,,
gastric surface,,,胃面,,,,,0,0,,,
gastric surgery,,,[网络] 胃外科手术；胃手术；胃或肠道切割手术,,,,,0,0,,,
gastric sursery,,,[医] 泌尿生殖器外科,,,,,0,0,,,
gastric syphilis,,,胃梅毒,,,,,0,0,,,
gastric telangiectasia,,,胃毛细血管扩张,,,,,0,0,,,
gastric tentacles,,,胃触手,,,,,0,0,,,
gastric tetany,,,[医] 胃病性手足搐搦,,,,,0,0,,,
gastric tooth,,,胃齿,,,,,0,0,,,
gastric torsion,,,胃扭转,,,,,0,0,,,
gastric transit time,,,胃通过时间,,,,,0,0,,,
gastric tuberculosis,,,胃结核,,,,,0,0,,,
gastric typhoid,,,胃病性伤寒,,,,,0,0,,,
gastric ulcer,,,[医] 胃溃疡,,,,,0,0,s:gastric ulcers,,
gastric ulcers,,,[内科] 胃溃疡,,,,,0,0,0:gastric ulcer/1:s,,
gastric upset,,,嘈杂,,,,,0,0,,,
gastric vacuole,,,胃泡,,,,,0,0,,,
gastric vein,,,un. 胃静脉,,,,,0,0,s:gastric veins,,
gastric veins,,,un. 胃静脉\n(gastric vein 的复数),,,,,0,0,0:gastric vein/1:s,,
gastric veios,,,"[医] 胃静脉, 冠状静脉",,,,,0,0,,,
gastric vertigo,,,[医] 胃病性眩晕,,,,,0,0,,,
gastric volvulus,,,胃扭转,,,,,0,0,,,
gastric wall,,,胃壁,,,,,0,0,,,
gastric zootrophotoxism,,,胃病性动物性食品中毒,,,,,0,0,,,
gastric-bypass,,,[网络] 胃绕道；胃绕道术；胃绕道手术,,,,,0,0,,,
Gastrica,,,胃的,,,,,0,0,,,
gastrica tetania,,,[医] 胃病性手足搐搦,,,,,0,0,,,
gastrically,,,[网络] 胃里,,,,,0,0,,,
gastricanacidity,,,胃酸缺乏,,,,,0,0,,,
gastricin,,,胃分解蛋白酶,,,,,0,0,,,
gastricisin,,,次胃蛋白酶,,,,,0,0,,,
gastricism,'^æstrisizm,,"n. [医]胃炎, 胃黏膜炎",,,,,0,0,,,
gastricity,,,[网络] 胃酸,,,,,0,0,,,
gastrick,,,[网络] 胃口,,,,,0,0,,,
gastricnoma,,,胃泌素瘤,,,,,0,0,,,
gastricsin,,,[化] 胃亚蛋白酶,,,,,0,0,,,
gastricsins,,,[网络] 胃蛋白,,,,,0,0,,,
gastriculcer,,,胃溃疡,,,,,0,0,,,
Gastridene,,,丙谷胺,,,,,0,0,,,
Gastridine,,,"丙谷胺,二丙谷酰胺,苯谷胺",,,,,0,0,,,
gastrilegous,,,[昆] 腹花粉篮,,,,,0,0,,,
gastriloquism,^æs'trilәkwizәm,,"n. <罕>(=ventriloquism)口技, 腹语术",,,,,0,0,,,
gastriloquist,^æs'trilәkwist,n. One who appears to speak from his stomach; a\n   ventriloquist.,"n. <罕>(=ventriloquist)口技表演者, 腹语术者",,,,,0,0,,,
gastriloquists,,,[网络] 胃科医师,,,,,0,0,,,
gastriloquy,^æs'trilәkwi,n. A voice or utterance which appears to proceed from the\n   stomach; ventriloquy.,"n. (=ventriloquy)口技, 腹语术",,,,,0,0,,,
gastrimargism,,,[网络] 胃气虚,,,,,0,0,,,
gastrimargisme,,,[网络] 胃痛,,,,,0,0,,,
gastrimargy,,,[网络] 胃痛,,,,,0,0,,,
gastrimmune,,,[网络] 胃泌素免疫原,,,,,0,0,,,
gastrin,'^æstrin,n. polypeptide hormone secreted by the mucous lining of the stomach; when peptides and amino acids are present in the small intestine the secretion of gastric acid is stimulated,"[化] 胃泌素\n[医] 促胃液素, 胃分泌素",,,,,8402,0,s:gastrins,,
gastrin - releasing peptide,,,[网络] 促胃泌素释放肽；胃泌激素释放肽；促胃泌素释放肽抗体,,,,,0,0,,,
gastrin inhibitory polypeptide,,,胃抑制肽,,,,,0,0,,,
gastrin-like-peptide,,,胃泌素样肽,,,,,0,0,,,
gastrin-releasing peptide,,,【生物化学】促胃液素释放肽,,,,,0,0,,,
Gastrine,,,丙谷胺,,,,,0,0,,,
gastrinemia,,,[网络] 胃泌素血症,,,,,0,0,,,
gastrinemic,,,[网络] 胃泌素,,,,,0,0,,,
gastrinoma,",^æstri'nәjmә",,n. [医]促胃液素瘤,,,,,0,0,s:gastrinomas,,
gastrinoma of pancreas,,,胰促胃素瘤,,,,,0,0,,,
gastrinomas,,,[网络] 胃腺癌,,,,,0,0,0:gastrinoma/1:s,,
gastrinomata,,,[网络] 胃泌素瘤,,,,,0,0,,,
gastrins,,plural of gastrin\nn. polypeptide hormone secreted by the mucous lining of the stomach; when peptides and amino acids are present in the small intestine the secretion of gastric acid is stimulated,"(gastrin 的复数) [化] 胃泌素\n[医] 促胃液素, 胃分泌素",,,,,0,0,0:gastrin/1:s,,
gastrintestinal,,,[网络] 胃肠道,,,,,0,0,,,
Gastrioceras,",ɡæstri'əuserəs",,n. 【古生物】腹棱角石属,,,,,0,0,,,
gastrioceratids,,,[网络] 胃乳酸菌,,,,,0,0,,,
gastriode,^æs'traiәud,,"充气三极管, 闸流管",,,,,0,0,,,
gastriode memory,,,充气三极管存储器,,,,,0,0,,,
gastriode relay,,,闸流管,,,,,0,0,,,
gastriole,,,胃泡,,,,,0,0,,,
gastriotitic suture,,,腹菊石式缝合线,,,,,0,0,,,
Gastripon,,,溴苯苄托品,,,,,0,0,,,
gastrique,,,胃的\n胃病患者,,,,,0,0,,,
gastriques,,gastriques\nplural of gastrique\n,,,,,,0,0,,,
gastrir hemorrhage,,,[医] 胃出血,,,,,0,0,,,
Gastris,,,腿肚子,,,,,0,0,,,
gastritic,,,[医] 胃炎的,,,,,0,0,,,
gastritides,,,[网络] 胃酸盐,,,,,0,0,,,
gastritis,gæs'tritis,n. inflammation of the lining of the stomach; nausea and loss of appetite and discomfort after eating,n. 胃炎\n[医] 胃炎,n:100,,,gre,13610,36197,,,
gastritis granulomatosa fibroplastica,,,"[医] 纤维肉芽肿性胃炎, 良性幽门肥厚, 革袋状胃",,,,,0,0,,,
gastritis ulcerosa,,,[医] 溃疡性胃炎,,,,,0,0,,,
gastritis varioliformis,,,痘疮样胃炎,,,,,0,0,,,
Gastrix,,,羟苯环嘧,,,,,0,0,,,
gastro,,,a. 胃的,,,,,0,0,s:gastroes,,
gastro camera,,,胃镜照相机,,,,,0,0,,,
gastro enteritis,,,[网络] 肠胃炎,,,,,0,0,,,
gastro-,'^æstrәj," A combining form from the Gr. /, /, the stomach, or belly;\n   as in gastrocolic, gastrocele, gastrotomy.","pref. 胃\n[医] 胃, 腹侧",,,,,0,0,,,
gastro-adenitis,,,胃腺炎,,,,,0,0,,,
gastro-adynamic,,,胃无力的,,,,,0,0,,,
gastro-ataxia,,,[医] 胃共济失调,,,,,0,0,,,
gastro-colic omentum,,,胃结系膜【即大胃系膜】,,,,,0,0,,,
gastro-colic reflex,,,胃与结肠之反射,,,,,0,0,,,
gastro-colostomy,,,胃结肠吻合术,,,,,0,0,,,
Gastro-conray,,,60%碘酞钠,,,,,0,0,,,
gastro-duodenal vein,,,胃指肠静脉,,,,,0,0,,,
Gastro-duodenostomy,,,胃十二指肠吻合术,,,,,0,0,,,
gastro-dynamometer,,,[医] 胃动力测量器,,,,,0,0,,,
gastro-ectasis,,,胃扩张,,,,,0,0,,,
gastro-electromyogram,,,胃肌电图,,,,,0,0,,,
gastro-entcrostomy,,,胃肠造口吻合术,,,,,0,0,,,
gastro-enteritis,ˌɡæstrəuˌentəˈraitis,,n. 胃肠炎,,,,,0,0,,,
gastro-enteritis paratyphosa,,,霍乱型副伤寒,,,,,0,0,,,
gastro-entero-pancreatic endocrine system,,,胃肠胰内分泌系 统,,,,,0,0,,,
gastro-enterology,,,胃肠病学，胃肠学,,,,,0,0,,,
gastro-epiploic,,,胃系膜的,,,,,0,0,,,
gastro-epiploic arteries,,,胃系膜动脉,,,,,0,0,,,
gastro-epiploic artery,,,胃网膜动脉,,,,,0,0,,,
gastro-epiploic glands,,,[医] 胃网膜淋巴结,,,,,0,0,,,
gastro-esophageal,,,[网络] 胃食管的,,,,,0,0,,,
gastro-esophageal hernia,,,[医] 胃食管疝(食管裂孔疝),,,,,0,0,,,
gastro-frontal carina,,,额胃脊,,,,,0,0,,,
gastro-frontal groove,,,额胃沟,,,,,0,0,,,
gastro-hepatic artery,,,胃肝动脉,,,,,0,0,,,
gastro-hepatic ligament (or gastro-hepatic omentum),,,胃肝韧带【属小胃系膜】,,,,,0,0,,,
gastro-hepatic omentum (or gastro-hepatic ligament),,,胃肝韧带【属小胃系膜】,,,,,0,0,,,
gastro-hepato-duodenal ligament,,,胃肝指肠韧带【属小胃系膜】,,,,,0,0,,,
gastro-hepato-lienalis arteria,,,胃肝系动脉,,,,,0,0,,,
gastro-ileac reflex,,,[医] 胃回肠反射,,,,,0,0,,,
gastro-ileal fold,,,(昆虫)胃肠褶,,,,,0,0,,,
gastro-ileal folds,,,[昆] 胃肠褶,,,,,0,0,,,
gastro-intestinal,'ɡæstrəʊɪnt'estɪnl,, [医]胃肠的,,,,,0,0,s:gastro-intestinals,,
gastro-intestinal digestion,,,[医] 胃肠消化,,,,,0,0,,,
gastro-intestinal endocrine system,,,胃肠内分泌系统,,,,,0,0,,,
gastro-intestinal Fluid,,,[医] 胃肠液,,,,,0,0,,,
gastro-intestinal hormones,,,消化道激素,,,,,0,0,,,
gastro-intestinal reflex,,,[生理] 胃－肠反射,,,,,0,0,,,
gastro-intestinal secretion,,,胃肠道分泌,,,,,0,0,,,
gastro-intestinal sedative,,,[医] 胃肠镇静剂,,,,,0,0,,,
gastro-intestinal tract,,,胃肠道,,,,,0,0,,,
gastro-intestinals,,, [医]胃肠的\n(gastro-intestinal 的复数),,,,,0,0,0:gastro-intestinal/1:s,,
Gastro-jejunostomy,,,胃空肠吻合术,,,,,0,0,,,
gastro-lienalis anterior arteria,,,胃系前动脉,,,,,0,0,,,
gastro-lienalis posterior arteria,,,胃石后动脉,,,,,0,0,,,
gastro-omental,,,[医] 胃网膜的,,,,,0,0,,,
gastro-orbital carina,,,眼胃脊,,,,,0,0,,,
gastro-pancreatic fold,,,胃胰褶,,,,,0,0,,,
gastro-phrenic ligament,,,胃膈韧带,,,,,0,0,,,
gastro-pub,,,[网络] 英国美食酒馆,,,,,0,0,,,
gastro-splenic omentum,,,胃脾网膜,,,,,0,0,,,
Gastro-Test,,,胃酸度测定及出血诊断试剂,,,,,0,0,,,
Gastro-vascular,",ɡæstrəʊ'væskjʊlə",,adj. 消化与循环两用的,,,,,0,0,,,
gastro-vascular cavity,,,胃脉管腔；消化循环腔,,,,,0,0,,,
gastro-vascular system,,,腔肠系,,,,,0,0,,,
gastroacephalus,,,"[医] 有腹无头寄生畸胎(双胎畸形,其一无头而与另一胎的腹部相联)",,,,,0,0,,,
gastroadadynamic,,,胃无力的,,,,,0,0,,,
gastroadenitis,,,[医] 胃腺炎,,,,,0,0,,,
gastroadynamic,,,[医] 胃无力的,,,,,0,0,,,
gastroalbumorrhea,,,[医] 胃蛋白溢腺炎,,,,,0,0,,,
gastroamorphus,,,[医] 腹内寄生畸胎,,,,,0,0,,,
gastroanastomosis,",^æstrәuænәstә'mәusis",,胃吻合术,,,,,0,0,,,
gastroatonia,,,"[医] 胃弛缓, 胃张力缺乏",,,,,0,0,,,
gastroblast,",^æstrәu'blɑ:st",,"[动]胃芽, 营养胚",,,,,0,0,,,
gastroblen-norrhea,,,胃粘液分泌过多,,,,,0,0,,,
gastroblennorrhea,,,"[医] 胃粘液溢, 胃粘液分泌过多",,,,,0,0,,,
Gastroboletus,,,[网络] 腹牛肝菌属,,,,,0,0,s:gastroboletuss,,
Gastroboletus scabrosus,,,[网络] 鲫鱼,,,,,0,0,s:gastroboletus scabrosuss,,
gastroboletus scabrosuss,,,[网络] 鲫鱼\n(gastroboletus scabrosus 的复数),,,,,0,0,0:gastroboletus scabrosus/1:s,,
Gastroboletus turbinatus,,,[网络] 胃肠杆菌,,,,,0,0,s:gastroboletus turbinatuss,,
gastroboletus turbinatuss,,,[网络] 胃肠杆菌\n(gastroboletus turbinatus 的复数),,,,,0,0,0:gastroboletus turbinatus/1:s,,
gastroboletuss,,,[网络] 腹牛肝菌属\n(gastroboletus 的复数),,,,,0,0,0:gastroboletus/1:s,,
gastrobot,,,[网络] 胃机器人；胃蛆,,,,,0,0,,,
gastrobrosis,,,[医] 胃穿破,,,,,0,0,,,
gastroc,,,abbr. gastrocnemius 腓肠肌,,,,,0,0,,,
gastrocamera,",^æstrәu'kæmәrә",,n. [医]胃内照相机,,,,,0,0,,,
gastrocameras,",ɡæstrəʊ'kæmərə",,n. 胃内照相机,,,,,0,0,,,
gastrocardiac,,,[医] 胃心的,,,,,0,0,,,
gastrocardiac syndrome,,,[医] 胃心综合征,,,,,0,0,,,
gastrocarp,",^æstrәu'kɑ:p",,腹果,,,,,0,0,,,
Gastrocaulia,,,"无绞纲；腹腔纲〔腕足类〕, 无绞纲；腹腔纲, 无绞纲，腹腔纲〔腕足类〕",,,,,0,0,,,
Gastroccult,,,潜血筛选试剂,,,,,0,0,,,
gastrocele,,,[医] 胃膨出,,,,,0,0,,,
gastroceles,,,[网络] 胃口,,,,,0,0,,,
Gastrocentesis,,,胃穿剌术,,,,,0,0,,,
gastrocentrous vertebra,,,腹体椎,,,,,0,0,,,
gastrocentrous vertebrae,,,"腹椎, 腹间椎体；腹椎",,,,,0,0,,,
gastrochaena cuneiformis,,,开腹蛤,,,,,0,0,,,
gastrochaena cymbium,,,蚕蛹开腹蛤,,,,,0,0,,,
gastrochaenid,,,[网络] 胃辣椒,,,,,0,0,,,
gastrochaenids,,,[网络] 胃辣椒,,,,,0,0,,,
GASTROCHAENOIDEA,,,核仁蛤超科,,,,,0,0,,,
Gastrochilus,,,n. 盆距兰属,,,,,0,0,,,
Gastrochilus acinacifolius,,,n. 镰叶盆距兰,,,,,0,0,,,
Gastrochilus bellinus,,,n. 大花盆距兰,,,,,0,0,,,
Gastrochilus brevifimbriatus,,,[网络] 盆距兰,,,,,0,0,,,
Gastrochilus calceolaris,,,n. 盆距兰,,,,,0,0,,,
Gastrochilus ciliaris,,,[网络] 缘毛松兰,,,,,0,0,,,
Gastrochilus distichus,,,n. 列叶盆距兰,,,,,0,0,,,
Gastrochilus fargesii,,,n. 城口盆距兰,,,,,0,0,,,
Gastrochilus flavus,,,n. 金松盆距兰,,,,,0,0,,,
Gastrochilus formosanus,,,n. 台湾盆距兰,,,,,0,0,,,
Gastrochilus fuscopunctatus,,,n. 红斑盆距兰,,,,,0,0,,,
Gastrochilus gongshanensis,,,n. 贡山盆距兰,,,,,0,0,,,
Gastrochilus guangtungensis,,,n. 广东盆距兰,,,,,0,0,,,
Gastrochilus hainanensis,,,n. 海南盆距兰,,,,,0,0,,,
gastrochilus hoii,,,何氏松兰,,,,,0,0,,,
Gastrochilus intermedius,,,n. 细茎盆距兰,,,,,0,0,,,
Gastrochilus japonicus,,,n. 黄松盆距兰,,,,,0,0,,,
Gastrochilus linearifolius,,,n. 狭叶盆距兰,,,,,0,0,,,
gastrochilus linii,,,金松兰,,,,,0,0,,,
gastrochilus matsudae,,,宽唇松兰,,,,,0,0,,,
Gastrochilus nanchuanensis,,,n. 南川盆距兰,,,,,0,0,,,
Gastrochilus nanus,,,n. 江口盆距兰,,,,,0,0,,,
Gastrochilus obliquus,,,n. 无茎盆距兰,,,,,0,0,,,
Gastrochilus platycalcaratus,,,n. 滇南盆距兰,,,,,0,0,,,
Gastrochilus pseudodistichus,,,n. 小唇盆距兰,,,,,0,0,,,
Gastrochilus rantabunensis,,,n. 合欢盆距兰,,,,,0,0,,,
Gastrochilus raraensis,,,n. 红松盆距兰,,,,,0,0,,,
Gastrochilus saccatus,,,n. 四肋盆距兰,,,,,0,0,,,
Gastrochilus sinensis,,,n. 中华盆距兰,,,,,0,0,,,
Gastrochilus subpapillosus,,,n. 歪头盆距兰,,,,,0,0,,,
Gastrochilus xuanenensis,,,n. 宣恩盆距兰,,,,,0,0,,,
Gastrochilus yunnanensis,,,n. 云南盆距兰,,,,,0,0,,,
Gastrochis,,,膨舌兰属(兰科),,,,,0,0,,,
gastrochronorrhea,,,"[医] 慢性胃液溢, 慢性胃液过多",,,,,0,0,,,
gastrocnemial,,,[网络] 腓肠肌,,,,,0,0,,,
gastrocnemial ridge,,,[医] 腓肠肌嵴,,,,,0,0,,,
gastrocnemian,,,[网络] 腓肠肌,,,,,0,0,,,
gastrocnemii,,,n. 腓肠肌\n[网络] 腓肚肌；腓肌；小腿腓肠肌肉,,,,,0,0,,,
Gastrocnemiosemimembranous,,,腓肠肌半膜肌的,,,,,0,0,,,
gastrocnemius,",^æstrɔk'ni:miәs",n. the muscle in the back part of the leg that forms the greater part of the calf; responsible for the plantar flexion of the foot,[医] 腓肠肌,n:100,,,,0,40143,s:gastrocnemiuss,,
gastrocnemius m.,,,腓肠肌,,,,,0,0,,,
gastrocnemius muscle,ˌɡæstrɔkˈni:miəs ˈmʌsl,, [医]腓肠肌,,,,,0,0,s:gastrocnemius muscles,,
gastrocnemius muscles,,,腓肠肌,,,,,0,0,0:gastrocnemius muscle/1:s,,
gastrocnemiuss,",gæstrə(ʊ)'kniːmɪəs",,n. 【解剖学】腓肠肌,,,,,0,0,0:gastrocnemius/1:s,,
gastrocoel,,,[医] 原肠,,,,,0,0,,,
gastrocoel(e),'ɡæstrəsi:l,,n. 【生物学】原肠,,,,,0,0,,,
gastrocoele,'^æstrәusi:l,,原肠腔,,,,,0,0,,,
gastrocoele archenteron primitive gut,,,原肠,,,,,0,0,,,
gastrocoele cavity,,,[胚] 原肠腔,,,,,0,0,,,
gastrocoeli,,,[昆] 腹陷,,,,,0,0,,,
gastrocolic,",^æstrәu'kɔlik","a. Pertaining to both the stomach and the colon; as, the\n   gastrocolic, or great, omentum.","a. [解]连接胃与结肠的,胃与结肠的",,,,,0,0,,,
gastrocolic fistula,,,[医] 胃结肠瘘,,,,,0,0,,,
gastrocolic ligament,,,胃结肠韧带,,,,,0,0,,,
gastrocolic omentum,,,"[医] 胃结肠韧带, 大网膜",,,,,0,0,s:gastrocolic omentums,,
gastrocolic omentums,,,【解剖学】胃结肠韧带，大网膜,,,,,0,0,0:gastrocolic omentum/1:s,,
gastrocolic reflex,,,[医] 胃结肠反射,,,,,0,0,,,
gastrocolitis,,,[医] 胃结肠炎,,,,,0,0,,,
gastrocolonic,,,胃肠的,,,,,0,0,,,
gastrocoloptosis,,,[医] 胃结肠下垂,,,,,0,0,,,
gastrocolostomy,,,[医] 胃结肠吻合术,,,,,0,0,,,
gastrocolotomy,,,[医] 胃结肠切开术,,,,,0,0,,,
gastrocolpotomy,,,[医] 部腹阴道切开术,,,,,0,0,,,
gastrocopta lyonsiana,,,里昂砂蜗,,,,,0,0,,,
gastrocopta ooi,,,砂蜗牛,,,,,0,0,,,
Gastrocotyle,,,n. 腹脐草属,,,,,0,0,,,
Gastrocotyle hispida,,,n. 腹脐草,,,,,0,0,,,
gastrocotylid,,,[网络] 胃炎,,,,,0,0,,,
Gastrocrom,,,色甘酸钠胶囊剂,,,,,0,0,,,
gastrocs,,,[网络] 妓女,,,,,0,0,,,
gastrocutaneous,,,[网络] 胃与皮肤的,,,,,0,0,,,
gastrocutaneous fistula,,,[医] 胃皮瘘,,,,,0,0,,,
gastrocutaneous pores,,,肠皮孔,,,,,0,0,,,
gastrocutaneous syndrome,,,胃皮症候群,,,,,0,0,,,
Gastrocybe,,,[网络] 胃食,,,,,0,0,s:gastrocybes,,
Gastrocybe lateritia,,,[网络] 天竺葵,,,,,0,0,s:gastrocybe lateritias,,
gastrocybe lateritias,,,[网络] 天竺葵\n(gastrocybe lateritia 的复数),,,,,0,0,0:gastrocybe lateritia/1:s,,
gastrocybes,,,[网络] 胃食\n(gastrocybe 的复数),,,,,0,0,0:gastrocybe/1:s,,
gastrocyst,,,[医] 胚泡,,,,,0,0,,,
Gastrocystoplasty,,,胃膀胱成形术,,,,,0,0,,,
gastrodelphyid,,,[网络] 胃粘膜炎,,,,,0,0,,,
gastrodelphyids,,,[网络] 胃粘膜炎,,,,,0,0,,,
gastrodenol,,,次柠檬酸铋,,,,,0,0,,,
gastroderm,"'^æstrәu,dә:m",,"n. [植]内胚叶, 内皮层",,,,,0,0,,,
gastrodermal,'ɡæstrədə:mis,,gastrodermal\nadj.\ngastrodermis的变形\ngastrodermis\n['ɡæstrədə:mis]\nn.\n【无脊椎动物学】胃皮,,,,,0,0,,,
gastrodermis,",^æstrәu'dә:mis",,"肠表皮, 胃皮(无脊椎动物消化道内层)",,,,,0,0,,,
Gastrodia,,,天麻\n天麻属,,,,,0,0,,,
Gastrodia albida,,,[网络] 白赤箭,,,,,0,0,,,
Gastrodia angusta,,,n. 原天麻,,,,,0,0,,,
Gastrodia appendiculata,,,n. 无喙天麻,,,,,0,0,,,
Gastrodia autumnalis,,,n. 秋天麻,,,,,0,0,,,
gastrodia callosa,,,绯赤箭,,,,,0,0,,,
gastrodia clausa,,,闭花赤箭,,,,,0,0,,,
Gastrodia confusa,,,n. 八代天麻,,,,,0,0,,,
gastrodia confusoides,,,拟八代赤箭,,,,,0,0,,,
Gastrodia elata,,,天麻,,,,,0,0,,,
Gastrodia elata Blume,,,[医] 天麻,,,,,0,0,,,
Gastrodia elata f. glauca,,,[网络] 乌天麻,,,,,0,0,,,
Gastrodia flavilabella,,,[网络] 夏天麻；夏赤箭,,,,,0,0,,,
gastrodia flexistyla,,,折柱赤箭,,,,,0,0,,,
Gastrodia fontinalis,,,n. 春天麻,,,,,0,0,,,
Gastrodia gracilis,,,n. 细天麻,,,,,0,0,,,
Gastrodia hiemalis,,,n. 冬天麻,,,,,0,0,,,
Gastrodia javanica,,,n. 南天麻,,,,,0,0,,,
Gastrodia menghaiensis,,,n. 勐海天麻,,,,,0,0,,,
gastrodia nipponica,,,日本赤箭,,,,,0,0,,,
Gastrodia peichatieniana,,,n. 北插天天麻,,,,,0,0,,,
gastrodia pill,,,天麻丸,,,,,0,0,,,
Gastrodia pubilabiata,,,[网络] 冬天麻；冬赤箭,,,,,0,0,,,
Gastrodia R. Br.,,,[医] 天麻属,,,,,0,0,,,
Gastrodia shimizuana,,,[网络] 清水氏赤箭,,,,,0,0,,,
Gastrodia sui,,,[网络] 赤箭,,,,,0,0,,,
gastrodia theana,,,短柱赤箭,,,,,0,0,,,
gastrodia tuber,,,[化] 天麻,,,,,0,0,,,
Gastrodia tuberculata,,,n. 疣天麻,,,,,0,0,,,
gastrodia uraiensis,,,乌来赤箭,,,,,0,0,,,
gastrodiae rhizoma,,,天麻,,,,,0,0,,,
Gastrodiagnost,,,五肽胃泌素,,,,,0,0,,,
gastrodialysis,,,[医] 胃粘膜分离,,,,,0,0,,,
gastrodiaphan,,,胃透照镜检查,,,,,0,0,,,
gastrodiaphane,,,[医] 胃透照灯,,,,,0,0,,,
gastrodiaphanoscope,,,[医] 胃透照镜,,,,,0,0,,,
gastrodiaphanoscopy,,,[医] 胃透照镜检查,,,,,0,0,,,
gastrodiaphanscopy,,,胃透照镜检查,,,,,0,0,,,
gastrodiaphany,,,[医] 胃透照镜检查,,,,,0,0,,,
gastrodidymus,,,[医] 腹部联胎,,,,,0,0,,,
gastrodigenin,,,天麻晶,,,,,0,0,,,
gastrodin,,,天麻素,,,,,0,0,,,
gastrodin(e),,,天麻素,,,,,0,0,,,
Gastrodine,,,天麻素,,,,,0,0,,,
gastrodioside,,,赤箭毒甙,,,,,0,0,,,
gastrodisc,,n. That part of blastoderm where the hypoblast appears\n   like a small disk on the inner face of the epibladst.,[医] 胚盘,,,,,0,0,,,
gastrodisciasis,,,[医] 似腹盘吸虫病,,,,,0,0,,,
Gastrodiscidae,,,[医] 腹盘科,,,,,0,0,,,
Gastrodiscoides,,,[医] 人似腹盘吸虫,,,,,0,0,,,
Gastrodiscoidiasis,,,似腹盘吸虫病,,,,,0,0,,,
Gastrodiscus,,,[医] 似腹盘属,,,,,0,0,,,
gastrodisk,,,[医] 胚盘,,,,,0,0,,,
gastrodome,,,[网络] 胃肠,,,,,0,0,,,
gastrodomes,,,[网络] 胃肠,,,,,0,0,,,
gastrodrama,",ɡæstrə'drɑ:mə",,n. [法语](以饮食为主要内容的)美食戏，开胃戏，果腹戏，佐餐戏剧,,,,,0,0,,,
gastroduodenal,",^æstrәudu:ә'di:nәl",a. of or relating to the stomach and the duodenum,a. 胃十二指肠的\n[医] 胃十二指肠的,,,,,0,0,,,
gastroduodenal artery,,,胃十二指肠动脉,,,,,0,0,,,
gastroduodenal fistula,,,[医] 胃十二指肠瘘,,,,,0,0,,,
gastroduodenal plexus,,,[医] 胃十二指肠丛,,,,,0,0,,,
gastroduodenal ulcer,,,胃十二指肠溃疡,,,,,0,0,,,
gastroduodenectomy,,,胃十二指肠切除术,,,,,0,0,,,
gastroduodenitis,,n. Inflammation of the stomach and duodenum. It is\n   one of the most frequent causes of jaundice.,[医] 胃十二指肠炎,,,,,0,0,,,
gastroduodenoenterostomy,,,[医] 胃十二指肠吻合术,,,,,0,0,,,
gastroduodenofiberscope,,,"胃十二指肠纤维镜,纤维胃十二指肠镜",,,,,0,0,,,
gastroduodenofiberscopy,,,胃十二指肠镜检查,,,,,0,0,,,
Gastroduodenoscope,,,胃十二指肠镜,,,,,0,0,,,
gastroduodenoscopies,,,[网络] 胃十二指肠镜检查,,,,,0,0,,,
gastroduodenoscopy,,,[医] 胃十二指肠镜检查,,,,,0,0,,,
gastroduodenostomies,,,n. 胃十二指肠吻合术,,,,,0,0,,,
gastroduodenostomy,'^æstrәudu:әdi'nɔstәmi,,n. [医]胃与十二指肠吻合术,,,,,0,0,,,
Gastroduodenotyphoid,,,胃十二指肠伤寒,,,,,0,0,,,
Gastrodymy,,,"腹部联胎,腹联胎",,,,,0,0,,,
gastrodyn,,,胃长宁,,,,,0,0,,,
gastrodynamometer,,,胃动力测量器,,,,,0,0,,,
gastrodynia,,,[医] 胃痛,,,,,0,0,,,
gastroectasia,,,胃扩张,,,,,0,0,,,
gastroectomies,,,[网络] 胃切除术,,,,,0,0,,,
gastroectomy,,,[网络] 胃切除术,,,,,0,0,,,
gastroelectromyogram,,,胃肌电图,,,,,0,0,,,
gastroelytrotomy,,"n. The operation of cutting into the upper part of\n   the vagina, through the abdomen (without opening the peritoneum), for\n   the purpose of removing a fetus. It is a substitute for the Caesarean\n   operation, and less dangerous.","[医] 剖腹阴道切开术, 腹式阴道切开术",,,,,0,0,,,
gastroendoscopy,,,[网络] 胃镜；内视镜检测,,,,,0,0,,,
gastroenemius,,,腓肠肌,,,,,0,0,,,
gastroenteralgia,,,[医] 胃肠痛,,,,,0,0,,,
gastroenterectomy,,,[网络] 胃肠切除术,,,,,0,0,,,
gastroenteric,",^æstrәjen'terik",a. Gastrointestinal.,"a. 胃肠的, 肠胃的\n[医] 胃肠的",,,,,0,0,,,
gastroenterites,,,[网络] 胃肠炎,,,,,0,0,,,
gastroenteritic,",^æstrәuin'teritik",,胃肠的,,,,,0,0,,,
gastroenteritis,",^æstrәu,entә'raitis",n. inflammation of the stomach and intestines; can be caused by Salmonella enteritidis,n. 肠胃炎\n[医] 胃肠炎,n:100,,,,41269,29285,,,
gastroenteritis catarihalis,,,[医] 卡他性胃肠炎,,,,,0,0,,,
gastroenteritis catarrhalis,,,卡他性胃肠炎,,,,,0,0,,,
gastroenteritis haemorrhagica,,,出血性胃肠炎,,,,,0,0,,,
gastroenteritis hemorrhagica,,,[医] 出血性胃肠炎,,,,,0,0,,,
gastroenteritis infectiosa,,,[医] 感染性胃肠炎,,,,,0,0,,,
gastroenteritis paratyphosa B,,,[医] 乙型副伤寒[杆菌]性胃肠炎,,,,,0,0,,,
gastroenteritis typhosa,,,[医] 伤寒[杆菌]性胃肠炎,,,,,0,0,,,
gastroentero-,"'^æstrәj,entәrә",,表示“胃与肠的”之义,,,,,0,0,,,
gastroenteroanastomosis,,,[医] 胃肠吻合术,,,,,0,0,,,
gastroenterocolitides,,,[网络] 胃肠结肠炎,,,,,0,0,,,
gastroenterocolitis,,,[医] 胃小肠结肠炎,,,,,0,0,,,
gastroenterocolostomy,,,[医] 胃小肠结肠吻合术,,,,,0,0,,,
gastroenterogram,,,[网络] 胃肠造影,,,,,0,0,,,
gastroenterograms,,,[网络] 胃肠图,,,,,0,0,,,
gastroenterographic,,,[网络] 胃肠造影,,,,,0,0,,,
gastroenterography,,,[网络] 胃肠造影,,,,,0,0,,,
gastroenterol,ɡæstrəʊen'tərɒl,,abbr. gastroenterology 胃肠病学,,,,,0,0,,,
gastroenterologic,"'ɡæstrəu,entərə'lɔdʒik",,"adj.\ngastroenterology的变形\ngastroenterology\n['ɡæstrəu,entə'rɔlədʒi]\nn.\n【医学】胃肠病学",,,,,0,0,,,
gastroenterological,"'ɡæstrəu,entərə'lɔdʒikəl",,a. gastroenterology的变形,,,,,0,0,,,
gastroenterological diagnostics,,,[内科] 胃肠病诊断学,,,,,0,0,,,
gastroenterological medicine,,,[内科] 胃肠病内科学,,,,,0,0,,,
gastroenterological pathology,,,[内科] 胃肠病理学,,,,,0,0,,,
gastroenterological surgery,,,[外科] 胃肠外科学,,,,,0,0,,,
gastroenterological therapeutics,,,[内科] 胃肠病治疗学,,,,,0,0,,,
gastroenterologically,,,[网络] 胃肠病学,,,,,0,0,,,
gastroenterologies,",gæstrəʊentə'rɒlədʒɪ",,n. 肠胃病学,,,,,0,0,0:gastroenterology/1:s,,
gastroenterologist,,n. a physician who specializes in diseases of the gastrointestinal tract,n. 胃肠病学家\n[医] 胃肠病学家,n:100,,,,0,27149,s:gastroenterologists,,
gastroenterologists,,plural of gastroenterologist\nn. a physician who specializes in diseases of the gastrointestinal tract,(gastroenterologist 的复数) n. 胃肠病学家\n[医] 胃肠病学家,,,,,0,0,0:gastroenterologist/1:s,,
gastroenterology,",^æstrәu,entә'rɔlәdʒi",n. the branch of medicine that studies the gastrointestinal tract and its diseases,n. 肠胃病学\n[医] 胃肠病学,n:100,,,,0,35873,s:gastroenterologies,,
gastroenteroneurosis,,,"奔豚气,奔豚",,,,,0,0,,,
gastroenteropancreatic,,,[网络] 胰腺肿瘤引起的症状,,,,,0,0,,,
gastroenteropancreatic axis,,,胃肠胰轴,,,,,0,0,,,
gastroenteropancreatic endocrine system,,,"胃肠胰内分泌系统,GEP系统",,,,,0,0,,,
gastroenteropathy,,,[医] 胃肠病,,,,,0,0,,,
gastroenteroplasty,,,[医] 胃肠成形术,,,,,0,0,,,
gastroenteroptosis,,,[医] 胃肠下垂,,,,,0,0,,,
gastroenteroscopy,'ɡæstrəʊentərəskəpɪ,,胃肠镜,,,,,0,0,,,
gastroenterostomia,,,[医] 胃肠吻合术,,,,,0,0,,,
gastroenterostomia antecolica,,,[医] 结肠前胃肠吻合术,,,,,0,0,,,
gastroenterostomia retrocolica,,,[医] 结肠后胃肠吻合术,,,,,0,0,,,
gastroenterostomia ypsiliformis,,,"[医] Y字形胃肠吻合术, 三叉形胃肠吻合术",,,,,0,0,,,
gastroenterostomies,"'ɡæstrəu,entə'rɔstəmi",,n. 胃肠造口吻合术,,,,,0,0,0:gastroenterostomy/1:s,,
gastroenterostomy,"'^æstrәu,entә'rɔstәmi",n surgical creation of an opening between the stomach wall and the small intestines; performed when the normal opening has been eliminated,n. [医]胃肠造口吻合术,,,,,0,0,s:gastroenterostomies,,
gastroenterotomy,,,[医] 胃肠切开术,,,,,0,0,,,
gastroenterpancreatic axis,,,胃肠胰轴,,,,,0,0,,,
gastroepiloic vein,,,胃网膜静脉,,,,,0,0,,,
gastroepiploic,,a. Of or pertaining to the stomach and omentum.,[医] 胃网膜的,,,,,0,0,,,
gastroepiploic artery,,,【解剖学】胃网膜动脉,,,,,0,0,,,
gastroepiploic plexus,,,[医] 胃网膜丛,,,,,0,0,,,
gastroepiploic vein,,,[网络] 胃肠静脉,,,,,0,0,s:gastroepiploic veins,,
gastroepiploic veins,,,[网络] 胃肠静脉\n(gastroepiploic vein 的复数),,,,,0,0,0:gastroepiploic vein/1:s,,
gastroes,,,a. 胃的\n(gastro 的复数),,,,,0,0,0:gastro/1:s,,
gastroesophageal,"'^æstrәji,sɔfә'dʒi:әl",a. of or relating to or involving the stomach and esophagus,[医] 胃食管的,j:100,,,,0,35458,,,
gastroesophageal globus hystericus,,,胃食管癔球,,,,,0,0,,,
gastroesophageal hernia,,,胃食道疝,,,,,0,0,,,
gastroesophageal junction,ˈɡæstrəuiˌsɔfəˈdʒi:əl ˈdʒʌnkʃən,, [医]胃食管连接部,,,,,0,0,,,
gastroesophageal reflux,ˈɡæstrəuiˌsɔfəˈdʒi:əl ˈri:flʌks,, 胃食管反流,,,,,0,0,s:gastroesophageal refluxes,,
gastroesophageal reflux disease,,,[网络] 胃食道逆流性疾病；胃食管反流病；胃食道逆流疾病,,,,,0,0,,,
gastroesophageal refluxes,,,胃食管反流,,,,,0,0,0:gastroesophageal reflux/1:s,,
gastroesophageal sphincter,ˈɡæstrəuiˌsɔfəˈdʒi:əl ˈsfiŋktə,, [医]胃食管括约肌,,,,,0,0,,,
gastroesophagitis,,,[医] 胃食管炎,,,,,0,0,,,
gastroesophagofiber-scope,,,胃食管纤维镜,,,,,0,0,,,
gastroesophagostomy,,,[医] 胃食管吻合术,,,,,0,0,,,
gastroesophgitis,,,胃食管炎,,,,,0,0,,,
gastrofaradization,,,[医] 胃感应电疗法,,,,,0,0,,,
gastroferr(it)in,,,胃液铁蛋白,,,,,0,0,,,
gastroferrin,",^æstrә'ferin",,胃液铁蛋白,,,,,0,0,,,
gastroferritin,,,胃液铁蛋白,,,,,0,0,,,
gastrofiber-scopy,,,胃纤维镜检查,,,,,0,0,,,
gastrofiberoscopy,,,胃纤维镜检查,,,,,0,0,,,
gastrofiberscope,,,胃纤维镜; 纤维胃镜,,,,,0,0,,,
gastrofiberscopy,,,胃纤维镜检查,,,,,0,0,,,
gastrofibrescope,,,光纤胃窥镜,,,,,0,0,,,
gastrogalvanization,,,[医] 胃流电疗法,,,,,0,0,,,
gastrogastrostomy,,,[医] 胃胃吻合术,,,,,0,0,,,
gastrogavage,",^æstrә^ɑ:'vɑ:ʒ",n feeding a nutrient solution into the stomach through a tube through a surgically created opening,胃管饲法,,,,,0,0,s:gastrogavages,,
gastrogavages,,,胃管饲法\n(gastrogavage 的复数),,,,,0,0,0:gastrogavage/1:s,,
gastrogel,"'^æstrә,dʒel",,"胃凝胶, 硅酸镁、氢氧化铝、氢氧化镁混合物",,,,,0,0,,,
gastrogenic,",^æstrә'dʒenik",,胃原性的,,,,,0,0,,,
gastrogenic diarrhea,,,[医] 胃原性腹泻,,,,,0,0,,,
gastrogenic vomiting,,,胃原性呕吐,,,,,0,0,,,
gastrograffin,,,[网络] 可以证实水溶性对比食道,,,,,0,0,,,
gastrografin,'ɡæstrəɡræfin,,n. 【放射学】泛影葡胺,,,,,0,0,,,
gastrogram,,,胃放射图,,,,,0,0,,,
gastrograph,,,[医] 胃动描记器,,,,,0,0,,,
gastrography,,,[医] 胃动描记法,,,,,0,0,,,
gastrohelcoma,,,[医] 胃溃疡,,,,,0,0,,,
gastrohelcosis,,,[医] 胃溃疡,,,,,0,0,,,
gastrohepatic,",^æstrәjhi'pætik","a. Pertaining to the stomach and liver; hepatogastric;\n   as, the gastrohepatic, or lesser, omentum.",a. [解]胃与肝脏的,,,,,0,0,,,
gastrohepatic ligament,,,胃肝韧带,,,,,0,0,,,
gastrohepatic ligaments,,,[医] 胃肝韧带,,,,,0,0,,,
gastrohepatic omentum,,,[医] 小网膜,,,,,0,0,,,
gastrohepatitis,,,[医] 胃肝炎,,,,,0,0,,,
gastrohydrorrhea,"'^æstrә,haidrә'ri:ә",,"胃液溢, 胃溢水",,,,,0,0,,,
gastrohypernervia,,,胃神经官能过旺,,,,,0,0,,,
gastrohyperneuria,,,[医] 胃神经机能亢进,,,,,0,0,,,
Gastrohyperpathy,,,重胃病,,,,,0,0,,,
gastrohypertonic,,,[医] 胃张力过度的,,,,,0,0,,,
gastrohyponeuria,,,[医] 胃神经机能不足,,,,,0,0,,,
gastrohysterectomy,,,"[医] 剖腹子宫切除术, 腹式子宫切除术",,,,,0,0,,,
gastrohysteropexy,,,[医] 子宫腹壁固定术,,,,,0,0,,,
gastrohysterorrhaphy,,,"[医] 子宫腹壁缝术, 子宫腹壁固定术",,,,,0,0,,,
gastrohysterotomy,,n. Caesarean section. See under Caesarean.,"[医] 剖腹子宫切开术, 腹式子宫切开术",,,,,0,0,,,
gastrohyteropexy,,,"子宫腹壁固定术,子宫腹壁缝合术",,,,,0,0,,,
gastroid,,,[网络] 担子果不开放的,,,,,0,0,,,
gastroileac,ɡæstrəʊɪ'li:k,,[医]胃回肠的,,,,,0,0,,,
gastroileitis,,,[医] 胃回肠炎,,,,,0,0,,,
gastroileostomy,,,[医] 胃回肠吻合术,,,,,0,0,,,
gastrointerstinal influenza,,,肠胃型流型性感冒,,,,,0,0,,,
gastrointestinal,",^æstrәuin'testәnl",a. of or relating to the stomach and intestines,"a. 胃肠的, 肠胃的\n[医] 胃肠的",j:100,,,,9429,14113,s:gastrointestinals,,
gastrointestinal absorption,,,胃肠吸收,,,,,0,0,,,
gastrointestinal acute radiation disease,,,肠型急性放射病,,,,,0,0,,,
gastrointestinal agent,,,肠胃病药,,,,,0,0,,,
gastrointestinal anti-infective,,,胃肠道抗感染药,,,,,0,0,,,
gastrointestinal barrier,,,胃肠屏障,,,,,0,0,,,
gastrointestinal biology,,,[基医] 胃肠生物学,,,,,0,0,,,
gastrointestinal bleeding,,,胃肠出血,,,,,0,0,,,
gastrointestinal bleedings,,,肠胃出血,,,,,0,0,,,
gastrointestinal cancer,ˌɡæstrəuinˈtestənl ˈkænsə,, [医]胃肠癌,,,,,0,0,,,
gastrointestinal capillary,,,胃肠道微血管,,,,,0,0,,,
gastrointestinal death,,,肠型死亡,,,,,0,0,,,
gastrointestinal decompression,,,胃肠减压术,,,,,0,0,,,
gastrointestinal diagnostics,,,[内科] 胃肠诊断学,,,,,0,0,,,
gastrointestinal dialysis,,,胃肠透析方法,,,,,0,0,,,
gastrointestinal disease,,,胃肠病,,,,,0,0,,,
gastrointestinal disorder,,, [医]胃肠道病症,,,,,0,0,s:gastrointestinal disorders,,
gastrointestinal disorders,,,肠胃疾病,,,,,0,0,0:gastrointestinal disorder/1:s,,
gastrointestinal disturbance,ˌɡæstrəuinˈtestənl disˈtə:bəns,, [医]胃肠道紊乱，胃肠道失常,,,,,0,0,,,
gastrointestinal dysfunction,,,胃肠功能失调,,,,,0,0,,,
gastrointestinal dyspepsia,,,[医] 胃肠消化不良,,,,,0,0,,,
gastrointestinal endoscope,,,胃肠内窥镜,,,,,0,0,,,
gastrointestinal fiberscope,,,光学纤维胃肠镜,,,,,0,0,,,
gastrointestinal fistula,,,[医] 胃肠瘘,,,,,0,0,,,
gastrointestinal flora,,,肠胃细菌丛,,,,,0,0,,,
gastrointestinal fluid,,,胃肠液,,,,,0,0,,,
gastrointestinal forceps,,,胃肠钳,,,,,0,0,,,
gastrointestinal gas expansion,,,肠胃道气胀,,,,,0,0,,,
gastrointestinal glucagon-like immunoreactivity,,,胃肠类升糖素免疫反应性,,,,,0,0,,,
gastrointestinal grip,,,胃肠炎型流行感冒,,,,,0,0,,,
gastrointestinal hormone,,,[医] 胃肠激素,,,,,0,0,,,
gastrointestinal in-ner pressure transducer,,,胃肠内压传感器,,,,,0,0,,,
gastrointestinal infection,,,肠胃传染,,,,,0,0,,,
gastrointestinal influenza,,,[医] 胃畅炎型流感,,,,,0,0,,,
gastrointestinal inner pressure transducer,,,胃肠内压感测器,,,,,0,0,,,
gastrointestinal microflora,,,[基医] 肠胃微生物区系,,,,,0,0,,,
gastrointestinal motility,,,胃肠蠕动,,,,,0,0,,,
gastrointestinal neurosis,,,胃肠神经官能症,,,,,0,0,,,
gastrointestinal parasite,,,肠胃道寄生虫,,,,,0,0,,,
gastrointestinal peristalsis,,,胃肠蠕动,,,,,0,0,,,
gastrointestinal pH,,,胃肠pH,,,,,0,0,,,
gastrointestinal pharmacology,,,[药] 胃肠病药理学,,,,,0,0,,,
gastrointestinal physiology,,,[基医] 胃肠生理学,,,,,0,0,,,
gastrointestinal pneumatomatosis,,,胃肠积气症,,,,,0,0,,,
gastrointestinal proteus alimentary intoxica-tion,,,肠胃型变形杆菌食物中毒,,,,,0,0,,,
gastrointestinal proteus alimentary intoxication,,,肠胃型变形杆菌食物中毒,,,,,0,0,,,
gastrointestinal radiation effects,,,胃肠辐射效应,,,,,0,0,,,
gastrointestinal radiology,,,[特医] 胃肠放射学,,,,,0,0,,,
gastrointestinal reflex,,,胃肠反射,,,,,0,0,,,
gastrointestinal schistosomiasis,,,胃肠道血吸虫病,,,,,0,0,,,
gastrointestinal series,,,胃肠造影,,,,,0,0,,,
gastrointestinal stromal tumor,,, [医]胃肠道间质瘤,,,,,0,0,,,
gastrointestinal suction catheter,,,胃肠吸引管,,,,,0,0,,,
gastrointestinal suturing instrument,,,胃肠缝合器,,,,,0,0,,,
gastrointestinal symptom,,,消化系统症状,,,,,0,0,,,
gastrointestinal symptoms,,,[网络] 胃肠道症状；消化道症状；胃肠道不适的症状,,,,,0,0,,,
gastrointestinal syndrome,,,肠型综合征,,,,,0,0,,,
gastrointestinal system,ˌɡæstrəuinˈtestənl ˈsistəm,, 胃肠系统,,,,,0,0,s:gastrointestinal systems,,
gastrointestinal systems,,,肠胃系统；消化系统,,,,,0,0,0:gastrointestinal system/1:s,,
gastrointestinal therapeutics,,,[内科] 胃肠病治疗学,,,,,0,0,,,
gastrointestinal tract,,,[医] 胃肠道,,,,,0,0,s:gastrointestinal tracts,,
gastrointestinal tract (gi tract),,,"消化道, 胃肠管道",,,,,0,0,,,
gastrointestinal tract scintigraphy,,,胃肠道闪烁显像,,,,,0,0,,,
gastrointestinal tracts,,,胃肠道（gastrointestinal tract的名词复数）,,,,,0,0,0:gastrointestinal tract/1:s,,
gastrointestinal transposition,,,胃肠转位,,,,,0,0,,,
gastrointestinal type,,,胃肠型,,,,,0,0,,,
gastrointestinally,,,[网络] 胃肠道,,,,,0,0,,,
gastrointestinals,",gæstrəʊɪn'testɪn(ə)l; -ɪntes'taɪn(ə)l",,adj. 【解剖学】胃肠的,,,,,0,0,0:gastrointestinal/1:s,,
gastrojejunal,,,[医] 胃空肠的,,,,,0,0,,,
gastrojejunal constipation,,,[医] 胃空肠性便泌,,,,,0,0,,,
gastrojejunal ulcer,,,[医] 胃空肠溃疡,,,,,0,0,,,
gastrojejunitis,,,[医] 胃空肠炎,,,,,0,0,,,
gastrojejuno-esophagostomy,,,[医] 胃空肠食管吻合术,,,,,0,0,,,
gastrojejunocolic,,,[医] 胃空肠结肠的,,,,,0,0,,,
gastrojejunocolic fistula,,,胃空肠结肠瘘,,,,,0,0,,,
gastrojejunoesophagostomy,,,胃空肠食管吻合术,,,,,0,0,,,
gastrojejunostomies,'ɡæstrəudʒidʒu:'nɔstəmi,,n. [外科] 胃空肠吻合术,,,,,0,0,,,
gastrojejunostomy,'^æstrәudʒidʒu:'nɔstәmi,,n. [医]胃空肠吻合术,,,,,0,0,,,
gastrojournal,,,胃肠病学杂志,,,,,0,0,,,
gastrokateixia,,,"[医] 胃变位, 胃下垂",,,,,0,0,,,
gastrokinesograph,,,[医] 胃动描记器,,,,,0,0,,,
gastrokinesography,,,胃动描记法,,,,,0,0,,,
gastrokinetic,,,[网络] 胃肠动力,,,,,0,0,,,
gastrokinetics,,,[网络] 胃肠动力学,,,,,0,0,,,
gastrolavag,,,洗胃,,,,,0,0,,,
gastrolavage,",^æstәulә'vɑ:ʒ",,洗胃(术),,,,,0,0,,,
gastrolienal,,,[医] 胃脾的,,,,,0,0,,,
gastrolienal ligament,,,胃脾韧带,,,,,0,0,,,
gastrolith,'^æstrәliθ,"n. See Crab's eyes, under Crab.",n. [医]胃石,,,,,0,0,,,
gastrolithasis,,,胃石病,,,,,0,0,,,
gastrolithiasis,,,[医] 胃石病,,,,,0,0,,,
gastroliths,,,n. 【医】胃石,,,,,0,0,,,
gastrolobium,,, [医]紫龙骨豆属,,,,,0,0,s:gastrolobiums,,
gastrolobiums,,, [医]紫龙骨豆属\n(gastrolobium 的复数),,,,,0,0,0:gastrolobium/1:s,,
gastroloenal ligament,,,胃脾韧带,,,,,0,0,,,
gastrologer,^æs'trɔlәdʒә,,"n. 烹调学家, 美食学家",,,,,0,0,,,
gastrologic,",ɡæstrə'lɔdʒik",,adj.\ngastrology的变形\ngastrology\n[ɡæs'trɔlədʒi]\nn.\n【生理学】胃学\n【病理学】胃病学\n美食学；烹饪学,,,,,0,0,,,
gastrological,ɡæs'trɔlədʒi,,gastrological\nadj.\ngastrology的变形\ngastrology\n[ɡæs'trɔlədʒi]\nn.\n【生理学】胃学\n【病理学】胃病学\n美食学；烹饪学,,,,,0,0,,,
gastrologically,ɡæs'trɔlədʒi,,gastrologically\nadv.\ngastrology的变形\ngastrology\n[ɡæs'trɔlədʒi]\nn.\n【生理学】胃学\n【病理学】胃病学\n美食学；烹饪学,,,,,0,0,,,
gastrologist,gæs'trɒlәdʒist,,"n. 烹饪学者, 美食家, 胃病学家\n[医] 胃病学家",,,,,0,0,,,
gastrologists,gæs'trɔlədʒist,,n. 美食家；烹饪学者,,,,,0,0,,,
gastrology,gæs'trɒlәdʒi,n. The science which treats of the structure and functions\n   of the stomach; a treatise of the stomach.,n. 烹饪学\n[医] 胃病学,,,,,0,0,,,
gastroluft,,,X线造影发泡剂,,,,,0,0,,,
gastrolysis,,,[医] 胃松解术,,,,,0,0,,,
gastromalacia,,n. A softening of the coats of the stomach; -- usually\n   a post-morten change.,[医] 胃软化,,,,,0,0,,,
gastromaladera koyamai,,,小山大艳绒毛金龟,,,,,0,0,,,
gastromaladera nitida,,,尖胸大艳绒毛金龟,,,,,0,0,,,
gastromaladera taitungensis,,,台东大艳绒毛金龟,,,,,0,0,,,
gastromancer,,,[网络] 胃肉师,,,,,0,0,,,
gastromancers,,,[网络] 加油师,,,,,0,0,,,
gastromancy,,"gastromancy (uncountable)\nDivination by interpreting the sounds and signs of the belly. It is now sometimes associated as being a form of ventriloquism, where vocal sounds are produced from the belly.\nDivination by noting magical visions in large-bellied glasses. It is sometimes described as a technique where a child is placed in front of a glass filled with water, the images in the glass were then interpreted. Similar to crystallomancy.\n",,,,,,0,0,,,
gastromantic,,,[网络] 气体色,,,,,0,0,,,
gastromegaly,,,[医] 巨胃,,,,,0,0,,,
gastromelus,,,[医] 腹部寄生肢畸胎,,,,,0,0,,,
gastromenia,,,[医] 胃代偿月经,,,,,0,0,,,
gastromesenterial,,,[医] 胃肠系膜的,,,,,0,0,,,
gastromesenteric,,,胃肠系膜的,,,,,0,0,,,
gastromesenteric ileus,,,[医] 胃系膜性肠梗阻,,,,,0,0,,,
gastrometritis,,,[医] 胃子宫炎,,,,,0,0,,,
gastrometrotomy,,,[医] 剖腹子宫切开术,,,,,0,0,,,
Gastromidin,,,甲磺苯咪啶,,,,,0,0,,,
gastromies,,,[网络] 胃y\n(gastromy 的复数),,,,,0,0,0:gastromy/1:s,,
gastromy,,,[网络] 胃y,,,,,0,0,s:gastromies,,
gastromycete,,,n. 腹菌,,,,,0,0,s:gastromycetes,,
Gastromycetes,,,[网络] 气球菌,,,,,0,0,s:gastromycetess,,
gastromycetess,,,[网络] 气球菌\n(gastromycetes 的复数),,,,,0,0,0:gastromycetes/1:s,,
gastromycosis,,,[医] 胃霉菌病,,,,,0,0,,,
gastromyosis,,,胃霉菌病,,,,,0,0,,,
gastromyotomy,",^æstrәumai'ɔtәmi",,[医]胃肌切开术,,,,,0,0,,,
gastromyxorrhea,,,[医] 胃粘液溢,,,,,0,0,,,
Gastromyzontidae,,,爬岩鳅科,,,,,0,0,,,
Gastromyzontinae,,,"腹吸鳅亚科, 爬岩鳅亚科；腹吸鳅亚科",,,,,0,0,,,
gastron,,,胃粘膜素,,,,,0,0,,,
gastronaut,'ɡæstrənɔ:t,,n.\n美食家,,,,,0,0,,,
gastronauts,'ɡæstrənɔ:t,,n.\n美食家,,,,,0,0,,,
gastrone,'^æstrәun,,抑胃素,,,,,0,0,,,
gastronephritis,,,[医] 胃肾炎,,,,,0,0,,,
gastronesteostomy,,,[医] 胃空肠吻合术,,,,,0,0,,,
gastroneurosis,,,"[医] 胃神经机能病, 胃神经官能症",,,,,0,0,,,
Gastronilo,,,甲磺苯咪啶,,,,,0,0,,,
gastronom,'^æstrәnɔm,,n. (苏联)国营食品和家庭用品商店,,,,,0,0,,,
gastronome,^æ'strɔnәmi,n a person devoted to refined sensuous enjoyment (especially good food and drink),"n. 爱吃的人, 讲究吃的人",n:100,,,,0,42500,s:gastronomes,,
gastronome(r),,,美食家,,,,,0,0,,,
gastronomer,ɡæst'rənəʊmɜ:,n. One fond of good living; an epicure.,n. 考究饮食的人,,,,,0,0,,,
gastronomers,,,n. 考究饮食的人,,,,,0,0,,,
gastronomes,,plural of gastronome\nn a person devoted to refined sensuous enjoyment (especially good food and drink),"(gastronome 的复数) n. 爱吃的人, 讲究吃的人",,,,,0,0,0:gastronome/1:s,,
gastronomic,",^æstrәu'nɔmik",a. of or relating to gastronomy,"a. 美食(烹饪)法的, 烹任学的",j:100,,,,24599,26812,,,
gastronomic emporium,,,美食餐],,,,,0,0,,,
"gastronomic, gastronomical",ɡæstrə'nɔmik;-kəl,,adj. 美食法的，美食学的；烹调法的，烹调学的；享乐主义的,,,,,0,0,,,
gastronomical,",^æstrәu'nɔmikәl",a of or relating to gastronomy,"a. (=gastronomic)美食法的, 美食学的",j:100,,,,0,39351,,,
gastronomically,",gæstrə'nɔmikəli",,adv. 从美食法角度；从烹饪法角度,,,,,0,0,,,
gastronomics,ɡæstrə'nɔmik;-kəl,,"gastronomic, gastronomical\n[ɡæstrə'nɔmik;-kəl]\nadj.\n美食法的，美食学的；烹调法的，烹调学的；享乐主义的",,,,,0,0,,,
gastronomie,,,[网络] 美食；美食学；餐饮,,,,,0,0,,,
gastronomies,ɡæ'strɒnəmi,,n. 烹调法\n[网络] 美食学；美食法；烹饪学,,,,,0,0,0:gastronomy/1:s,,
gastronomique,,,[网络] 美食,,,,,0,0,s:gastronomiques,,
gastronomiques,,,[网络] 建筑艺术和烹饪美食,,,,,0,0,0:gastronomique/1:s,,
gastronomist,^æs'trɔnәmist,n. A gastromomer.,"n. 爱吃的人, 讲究吃的人",,,,,0,0,,,
gastronomists,,,n. 善于烹调的人\n[网络] 美食家；环球美食家；品味食客,,,,,0,0,,,
gastronomous,,,[网络] 美食,,,,,0,0,,,
gastronomy,gæs'trɒnәmi,n. a particular style of cookery (as of a region)\nn. the art and practice of choosing and preparing and eating good food,"n. 美食法, 烹饪法",n:100,,,gre,48585,34073,s:gastronomies,,
gastronyssid,,,[网络] 胃痛,,,,,0,0,,,
gastronyssids,,,[网络] 胃腑,,,,,0,0,,,
gastroomental,,,adj. 胃网膜的,,,,,0,0,,,
gastroomental vein,,,[网络] 胃静脉,,,,,0,0,s:gastroomental veins,,
gastroomental veins,,,[网络] 胃静脉\n(gastroomental vein 的复数),,,,,0,0,0:gastroomental vein/1:s,,
Gastropacha,,,胃帕蛾属,,,,,0,0,,,
gastropacha insularis,,,岛屿枯叶蛾,,,,,0,0,,,
gastropagus,",^æstrә'pæ^әs",,(=gastrodidymus)腹部联胎,,,,,0,0,,,
gastropagus parasiticus,,,[医] 腹部寄生胎,,,,,0,0,,,
Gastropagy,,,"腹部联胎,腹联胎",,,,,0,0,,,
gastropancreatic,,,[医]胃胰的,,,,,0,0,,,
gastropancreatic fold,,,[医] 胃胰襞,,,,,0,0,,,
gastropancreatic ligament of huschke,,,胃胰皱襞,,,,,0,0,,,
gastropancreatic ligaments,,,[医] 胃胰韧带,,,,,0,0,,,
gastropancreatitis,,,[医] 胃胰[腺]炎,,,,,0,0,,,
gastroparalysis,,,[医] 胃麻痹,,,,,0,0,,,
gastroparasitus,,,[医] 腹部寄生胎,,,,,0,0,,,
gastropareses,,,[网络] 胃轻瘫,,,,,0,0,0:gastroparesis/1:s,,
gastroparesis,,,[医] 胃轻瘫,,,,,0,0,s:gastropareses,,
gastroparesis diabeticorum,,,糖尿病性胃轻瘫,,,,,0,0,,,
gastroparetic,,,[网络] 胃痛,,,,,0,0,,,
gastroparetics,,,[网络] 胃轻瘫,,,,,0,0,,,
gastroparietal,,,[医] 胃腹壁的,,,,,0,0,,,
gastroparietal band,,,胃体壁隔膜,,,,,0,0,,,
gastropathic,,,[医] 胃病的,,,,,0,0,,,
gastropathic pathology,,,[内科] 胃病病理学,,,,,0,0,,,
gastropathies,,,胃病\n(gastropathy 的复数),,,,,0,0,0:gastropathy/1:s,,
gastropathy,'^æstrɔpәθi,,胃病,,,,,0,0,s:gastropathies,,
Gastropen,,,法莫替丁,,,,,0,0,,,
gastroperiodynia,,,[医] 周期性胃痛,,,,,0,0,,,
gastroperitonitis,,,[医] 胃腹膜炎,,,,,0,0,,,
gastropexies,",ɡæstrə'peksɪ",,[外科] 胃固定术,,,,,0,0,,,
gastropexy,,,[医] 胃固定术,,,,,0,0,,,
Gastropharyngostomy,,,胃咽吻合术,,,,,0,0,,,
Gastrophilidae,,,[医] 胃蝇科,,,,,0,0,,,
Gastrophilus,,,胃蝇属,,,,,0,0,,,
Gastrophilus equina,,,"[医] 马胃蝇, 马蝇",,,,,0,0,,,
gastrophore,,,[医] 胃钳,,,,,0,0,,,
GASTROPHORI,,,腹囊类,,,,,0,0,,,
gastrophotography,,,[医] 胃内照相术,,,,,0,0,,,
gastrophotor,,,"[医] 胃内照相器, 胃内照相装置",,,,,0,0,,,
gastrophrenic,",^æstrәj'frenik","a. Pertaining to the stomach and diaphragm; as, the\n   gastrophrenic ligament.",a. [医]胃与肺的,,,,,0,0,,,
gastrophrenic ligament,,,胃膈韧带,,,,,0,0,,,
Gastrophryne,,n. primarily tropical narrow-mouthed toads,胃蛙属,,,,,0,0,s:gastrophrynes,,
gastrophryne carolinenses,,,[网络] 狭口蟾\n(gastrophryne carolinensis 的复数),,,,,0,0,0:gastrophryne carolinensis/1:s,,
Gastrophryne carolinensis,,,[网络] 狭口蟾,,,,,0,0,s:gastrophryne carolinenses,,
Gastrophryne olivacea,,,[网络] 狭口蛙,,,,,0,0,s:gastrophryne olivaceas,,
gastrophryne olivaceas,,,[网络] 狭口蛙\n(gastrophryne olivacea 的复数),,,,,0,0,0:gastrophryne olivacea/1:s,,
gastrophrynes,,,胃蛙属\n(gastrophryne 的复数),,,,,0,0,0:gastrophryne/1:s,,
gastrophthisis,,,"[医] 增殖性胃壁肥厚, 腹病性消瘦",,,,,0,0,,,
gastrophysics,,,[网络] 气体天文物理,,,,,0,0,,,
gastrophysus spadiceus,,,棕斑腹棘鲀,,,,,0,0,,,
Gastropidil,,,溴化甲哌佐酯,,,,,0,0,,,
Gastropin,,,溴苯苄托晶,,,,,0,0,,,
gastropine,,,"胃舒平,复方氢氧化铝,复方氢氧化铝",,,,,0,0,,,
gastroplasties,,,n. 胃成形术\n[网络] 胃间隔减肥术；胃间隔手术；胃成型术,,,,,0,0,,,
gastroplasty,,,[医] 胃形成术,,,,,0,0,,,
gastroplegia,,,"[医] 胃麻痹, 胃瘫",,,,,0,0,,,
gastropleuritis,,,[医] 胃胸膜炎,,,,,0,0,,,
gastroplication,,,[医] 胃折术,,,,,0,0,,,
gastropneumonic,,,[医] 胃[与]肺的,,,,,0,0,,,
gastropod,'gæstrәpɒd,n. a class of mollusks typically having a one-piece coiled shell and flattened muscular foot with a head bearing stalked eyes,n. 腹足纲软体动物\n[医] 腹足类动物,n:100,,,,30812,40450,s:gastropods,,
Gastropoda,,n snails and slugs and their relatives,[医] 腹足纲,,,,,0,0,s:gastropodas,,
gastropodan,'ɡæstrəpɒd,,n. ［动］腹足动物,,,,,0,0,,,
gastropodas,'ɡæstrəupəudə,,n. [无脊椎] 腹足纲（等于Gastropod）,,,,,0,0,0:gastropoda/1:s,,
gastropodous,^æs'trɔpәdәs,a. Of or pertaining to the Gastropoda.,"a. 与腹足纲软体动物有关的,似腹足纲软体动物的",,,,,0,0,,,
gastropods,,plural of gastropod\nn. a class of mollusks typically having a one-piece coiled shell and flattened muscular foot with a head bearing stalked eyes,(gastropod 的复数) n. 腹足纲软体动物\n[医] 腹足类动物,,,,,0,0,0:gastropod/1:s,,
gastropore,"'^æstrә,pɔ:",,"[动]胃道, 腹孔",,,,,0,0,,,
gastropores,,,胃孔,,,,,0,0,,,
gastroporn,,,[网络] 餐饮色情；胃色情；食物色情,,,,,0,0,,,
gastroprokinetic,,,[网络] 胃动力学,,,,,0,0,,,
GASTROPROKINETICS,,,促胃动力剂,,,,,0,0,,,
gastroprotection,,,[网络] 胃肠道保护作用,,,,,0,0,s:gastroprotections,,
gastroprotections,,,[网络] 胃肠道保护作用\n(gastroprotection 的复数),,,,,0,0,0:gastroprotection/1:s,,
gastroprotective,,,[网络] 保护胃,,,,,0,0,,,
gastropterid,,,[网络] 胃肠肽,,,,,0,0,,,
gastropterids,,,[网络] 胃肠炎,,,,,0,0,,,
gastroptoses,,,n. 胃下垂\n[网络] 胃出血,,,,,0,0,,,
gastroptosia,,,[医] 胃下垂,,,,,0,0,,,
gastroptosis,.gæstrɒp'tәusis,,n. 腹裂(畸形)\n[医] 胃下垂,,,,,0,0,,,
gastroptotic,,,[网络] 胃痛,,,,,0,0,,,
gastroptychia gabata,,,左旋扁芝麻蜗牛,,,,,0,0,,,
gastroptyxis,",^æstrәp'taiksis",,(=gastroptyxy)胃折术,,,,,0,0,,,
gastroptyxy,,,胃折术,,,,,0,0,,,
gastropub,ˈgæstrəʊpʌb,,n. 美食酒吧,,,,,0,0,,,
gastropubs,'ɡæstrəʊ.pʌb,,n. 美食酒吧\n[网络] 饮食酒吧,,,,,0,0,,,
gastropulmonary,,,[医] 胃[与]肺的,,,,,0,0,,,
gastropylore,,,消食素,,,,,0,0,,,
gastropylorectomy,,,[医] 幽门切除术,,,,,0,0,,,
gastropyloric,,,[医] 胃幽门的,,,,,0,0,,,
Gastropyrin,,,柳氮磺吡啶,,,,,0,0,,,
gastropyrin tablet,,,磺胺吡啶片,,,,,0,0,,,
gastroradiculitis,,,[医] 胃神经根炎,,,,,0,0,,,
gastroraphy,,,[网络] 胃痛,,,,,0,0,,,
gastroretentive,,,[网络] 胃痛,,,,,0,0,,,
gastrorrhagia,",^æstrә'reidʒiә",,胃出血,,,,,0,0,,,
gastrorrhaphy,,,[医] 胃缝术,,,,,0,0,,,
gastrorrhea,^æstrә'ri:ә,,胃液分泌过多,,,,,0,0,,,
gastrorrhea continua chronica,,,"[医] 慢性持续性胃液溢, 持续性胃液分泌过多",,,,,0,0,,,
gastrorrhexis,,,[医] 胃破裂,,,,,0,0,,,
gastrorrhoea,,,"[医] 胃液溢, 胃液分泌过多",,,,,0,0,,,
gastrosalivary reflex,,,[医] 胃唾液反射,,,,,0,0,,,
gastrosalpingotomy,,,"[医] 剖腹输卵管切开术, 腹式输卵管切开术",,,,,0,0,,,
gastroschises,,,[网络] gastroschisis,,,,,0,0,0:gastroschisis/1:s,,
gastroschisi,,,腹裂,,,,,0,0,,,
gastroschisis,^æs'trɔskisis,,n. [医]腹裂(畸形),,,,,0,0,s:gastroschises,,
gastroscope,'^æstrәskәup,n. a type of endoscope for visually examining the stomach,"n. 胃镜, 胃窥镜\n[医] 胃[窥]镜",,,,,0,0,s:gastroscopes,,
gastroscopes,,plural of gastroscope\nn. a type of endoscope for visually examining the stomach,"(gastroscope 的复数) n. 胃镜, 胃窥镜\n[医] 胃[窥]镜",,,,,0,0,0:gastroscope/1:s,,
gastroscopic,,a. Of or pertaining to gastroscopy.,[医] 胃[窥]镜的,,,,,0,0,,,
gastroscopic observation,,,胃镜观察,,,,,0,0,,,
gastroscopies,,plural of gastroscopy\nn. visual examination of the stomach by means of a gastroscope inserted through the esophagus,(gastroscopy 的复数) n. 胃镜检查法\n[医] 胃镜检查,,,,,0,0,0:gastroscopy/1:s,,
gastroscopist,^æs'trɔskәpist,,n. [医]胃(窥)镜医师,,,,,0,0,,,
gastroscopists,ɡæs'trɔskəpist,,n.\n【医学】胃镜医师,,,,,0,0,,,
gastroscopy,^æs'trɔskәpi,n. visual examination of the stomach by means of a gastroscope inserted through the esophagus,n. 胃镜检查法\n[医] 胃镜检查,,,,,31820,0,s:gastroscopies,,
Gastrosed,,,硫酸莨菪碱,,,,,0,0,,,
gastroselective,,,"胃选择性的,嗜胃性的",,,,,0,0,,,
gastroserica bicolor,,,黑条针绒毛金龟,,,,,0,0,,,
gastroserica marginalis puncticollis,,,褐针绒毛金龟,,,,,0,0,,,
gastrosexual,,,[网络] 性感美食家,,,,,0,0,,,
gastrosia,^æs'trәusiә,,"(=gastrosis)胃病, 胃酸过多",,,,,0,0,,,
gastrosia fungosa,,,[医] 真菌性胃病,,,,,0,0,,,
Gastrosil,,,硅酸钙,,,,,0,0,,,
gastrosis,,,[医] 胃病,,,,,0,0,,,
gastrosoleus,,,[网络] 胃口,,,,,0,0,,,
gastrosoph,'^æstrәsɔf,,"n. 美食专家, 爱吃的人",,,,,0,0,,,
gastrosopher,'ɡæstrəsɔf,,gastrosoph\n['ɡæstrəsɔf]\nn.\n美食家,,,,,0,0,,,
gastrosophy,,,[网络] 肠胃学,,,,,0,0,,,
gastrosource,,,胃病资源,,,,,0,0,,,
gastrospas,,,胃痉挛,,,,,0,0,,,
gastrospasm,,,[医] 胃痉挛,,,,,0,0,,,
Gastrospirillum,,,胃螺菌属,,,,,0,0,s:gastrospirillums,,
gastrospirillums,,,胃螺菌属\n(gastrospirillum 的复数),,,,,0,0,0:gastrospirillum/1:s,,
gastrospiry,,,[医] 吞气症,,,,,0,0,,,
gastrosplenic,",^æstrәj'splenik","n. Pertaining to the stomach and spleen; as, the\n   gastrosplenic ligament.",a. [解]胃与脾脏的,,,,,0,0,,,
gastrosplenic artery,,,胃脾动脉,,,,,0,0,,,
gastrosplenic ligament,,,胃脾韧带,,,,,0,0,,,
gastrosplenic ligaments,,,[医] 胃脾韧带,,,,,0,0,,,
gastrosplenic omentum,,,[医] 胃脾韧带,,,,,0,0,,,
gastrosplenic vein,,,胃脾静脉,,,,,0,0,,,
gastrospsm,,,胃痉挛,,,,,0,0,,,
gastrostaxis,,,[医] 胃渗血,,,,,0,0,,,
gastrostege,ɡæst'rɒstɪʒ,n. One of the large scales on the belly of a serpent.,n. 蛇腹部的鳞; 腹鳞,,,,,0,0,,,
gastrosteges,,,[网络] 胃肠,,,,,0,0,,,
gastrostegous,,,[医] 遮胃的,,,,,0,0,,,
gastrostenosis,,,[医] 胃狭窄,,,,,0,0,,,
gastrosthenia,,,胃实,,,,,0,0,,,
gastrostogavage,,,[医] 胃瘘管饲法,,,,,0,0,,,
gastrostolavage,,,[医] 胃瘘注洗法,,,,,0,0,,,
gastrostoma,,,[医] 胃瘘,,,,,0,0,,,
gastrostome,,,胃孔,,,,,0,0,,,
gastrostomies,,plural of gastrostomy\nn surgical creation of an opening through the abdominal wall into the stomach (as for gastrogavage),(gastrostomy 的复数) n.[医]胃造口术,,,,,0,0,0:gastrostomy/1:s,,
gastrostomize,,,[医] 胃造口,,,,,0,0,,,
gastrostomosis,,,[医] 胃造口术,,,,,0,0,,,
gastrostomy,^æs'trɔstәmi,n surgical creation of an opening through the abdominal wall into the stomach (as for gastrogavage),n. [医]胃造口术,,,,,0,0,s:gastrostomies,,
gastrostyle,,,胃柄; 胃突,,,,,0,0,,,
gastrosuccorrhea,,,"[医] 持续性胃液分泌过多, 赖希曼氏病",,,,,0,0,,,
gastrosuccorrhea mucosa,,,"[医] 胃粘液溢, 胃粘液分泌过多",,,,,0,0,,,
gastrosurgery,,,[外科] 胃外科学,,,,,0,0,,,
Gastrotest,,,胃液酸度测定剂,,,,,0,0,,,
gastrotheca,,,营养鞘,,,,,0,0,,,
gastrotherapy,,,"[医] 胃制剂疗法, 胃病疗法, 胃病治疗",,,,,0,0,,,
gastrothoracic,,,[医] 腹胸的,,,,,0,0,,,
gastrothoracodidymus,,,[医] 腹胸联胎,,,,,0,0,,,
gastrothoracopagus,,,[医] 腹胸联胎,,,,,0,0,,,
gastrothoracopagus dipygus,,,[医] 双臀腹胸联胎,,,,,0,0,,,
Gastrothoracopagy,,,腹胸联胎,,,,,0,0,,,
Gastrothorax,,,胸腹的,,,,,0,0,,,
gastrotome,,,[医] 胃刀,,,,,0,0,,,
gastrotomia,,,[医] 胃切开术,,,,,0,0,,,
gastrotomies,,,n. 【医】胃切开术\n[网络] 胃做口术,,,,,0,0,0:gastrotomy/1:s,,
gastrotomy,^æs'trɔtәmi,"n. A cutting into, or opening of, the abdomen or the\n   stomach.",n. 胃切开术\n[医] 胃切开术,,,,,0,0,s:gastrotomies,,
gastrotonica,,,[医] 健胃剂,,,,,0,0,,,
gastrotonometer,,,[医] 胃内压测量器,,,,,0,0,,,
gastrotonometry,,,[医] 胃内压测量法,,,,,0,0,,,
Gastrotopic,,,"丙谷胺,丙谷酰胺",,,,,0,0,,,
gastrotourism,,,[网络] 胃肠道疾病,,,,,0,0,,,
gastrotourist,,,[网络] 消费者,,,,,0,0,,,
gastrotourists,,,[网络] 消费者,,,,,0,0,,,
gastrotoxic,,,[医] 胃[中]毒的,,,,,0,0,,,
gastrotoxic sera,,,[医] 胃毒血清,,,,,0,0,,,
gastrotoxin,,,[医] 胃毒素,,,,,0,0,,,
gastrotrachelotomy,,,"[医] 剖腹子宫颈切开术, 腹式子宫颈切开术",,,,,0,0,,,
gastrotrich,'^æstrәtrik,,n. [动]腹毛动物(指腹毛类微小的假体腔动物),,,,,0,0,,,
gastrotricha,'ɡæstrətrikə,"n. pl. A group of small wormlike animals, having cilia\n   on the ventral side. The group is regarded as an ancestral or synthetic\n   one, related to rotifers and annelids.", 腹毛动物,,,,,0,0,,,
gastrotrichan,^æs'trɔtrikәn,,n. [动]腹毛动物(指腹毛类微小的假体腔动物),,,,,0,0,,,
gastrotrichs,'ɡæstrətrɪk,,n.\n【无脊椎动物】腹毛类(Gastrotricha)动物,,,,,0,0,,,
gastrotroch,,,腹纤毛轮,,,,,0,0,,,
gastrotropic,,,[医] 亲胃的,,,,,0,0,,,
gastrotropin,,,[网络] 胃调理蛋白,,,,,0,0,,,
gastrotubotomy,,,"[医] 剖腹输卵管切开术, 腹式输卵管切开术",,,,,0,0,,,
gastrotympanites,,,"[医] 胃积气, 胃鼓胀",,,,,0,0,,,
gastroutanusfistula,,,胃外瘘,,,,,0,0,,,
gastrovascular,",^æstrәu'væskjulә","a. Having the structure, or performing the functions,\n   both of digestive and circulatory organs; as, the gastrovascular cavity\n   of c/lenterates.",a. 消化与循环两用的,,,,,0,0,,,
gastrovascular cavity,,,胃循环腔,,,,,0,0,,,
gastrovascular system,,,胃循环系,,,,,0,0,,,
gastrovideoscope,,,胃录象镜,,,,,0,0,,,
gastroxia,,,[医] 胃酸过多[症],,,,,0,0,,,
gastroxynsis,,,[医] 胃酸过多[症],,,,,0,0,,,
gastroxynsis fungosa,,,"[医] 真菌性胃酸过多, 霉菌性胃酸过多",,,,,0,0,,,
Gastrozepin,,,"盖全平,胃见痊",,,,,0,0,,,
gastrozona fasciventris,,,腹带实蝇,,,,,0,0,,,
gastrozona fasciventris (macquart),,,带腹瘿实蝇,,,,,0,0,,,
gastrozooid,,,营养个员,,,,,0,0,,,
Gastruferm,,,佳士康,,,,,0,0,,,
gastrul stage,,,原肠期,,,,,0,0,,,
gastrula,'gæstrulә,n. double-walled stage of the embryo resulting from invagination of the blastula; the outer layer of cells is the ectoderm and the inner layer differentiates into the mesoderm and endoderm,n. 原肠胚\n[医] 原肠胚,,,,,0,0,s:gastrulas,,
gastrula furrow,,,原肠沟,,,,,0,0,,,
gastrula invagination,,,[医] 原肠胚内陷,,,,,0,0,,,
gastrula like phase,,,拟原肠(胚)期,,,,,0,0,,,
gastrula lip,,,胚唇,,,,,0,0,,,
gastrula period,,,原肠胚期,,,,,0,0,,,
gastrula stage,,,[医] 原肠胚期4,,,,,0,0,,,
gastrulae,'ɡæstrjʊli:,pl.  of Gastrula, 原肠胚,,,,,0,0,,,
gastrular,,,a. gastrula的变形,,,,,0,0,,,
gastrular cleavage,,,[医] 原肠分裂,,,,,0,0,,,
gastrular lip,,,[医] 胚孔唇,,,,,0,0,,,
gastrular mesoderm,,,原肠中胚层,,,,,0,0,,,
gastrulas,ˈɡæstruləz,,n. 【动】原肠胚\n[网络] 胚囊；原肠期；原肠腔,,,,,0,0,0:gastrula/1:s,,
gastrulate,'^æstrjleit,,"vi.[生]形成原肠胚,处于(或具有)原肠胚阶段",,,,,0,0,,,
gastrulated,"'gæstrʊ,let",,vi. 处于原肠胚阶段；形成原肠胚,,,,,0,0,,,
gastrulates,"'gæstrʊ,let",,vi. 处于原肠胚阶段；形成原肠胚,,,,,0,0,,,
gastrulating,"'gæstrʊ,let",,vi. 处于原肠胚阶段；形成原肠胚,,,,,0,0,,,
gastrulatio,,,原肠形成,,,,,0,0,,,
gastrulation,",^æstru'leiʃәn",n the process in which a gastrula develops from a blastula by the inward migration of cells,[医]原肠胚形成,,,,,0,0,s:gastrulations,,
gastrulation biphased,,,原肠胚二相说,,,,,0,0,,,
gastrulation multiphased,,,原肠胚多相说,,,,,0,0,,,
gastrulation theory,,,原肠胚形成说,,,,,0,0,,,
gastrulations,",ɡæstrʊ'leɪʃən",,n. [胚] 原肠胚形成,,,,,0,0,0:gastrulation/1:s,,
gastruran,,,[网络] 胃肠,,,,,0,0,,,
gastrypalgia,,,[医] 胃轻痛,,,,,0,0,,,
gastrypectasia,,,[医] 胃轻度扩张,,,,,0,0,,,
gastrypectasis,,,胃轻度扩张,,,,,0,0,,,
gastryperneuria,,,[医] 胃神经机能亢进,,,,,0,0,,,
gastryperpathia,,,[医] 胃重病,,,,,0,0,,,
gastryponeuria,,,[医] 胃神经机能不足,,,,,0,0,,,
Gastrypopathy,,,轻胃病,,,,,0,0,,,
gasts,gæst,,vt. 使惊讶；恐吓\nn. (Gast)人名；(英、法、德、意)加斯特,,,,,0,0,0:gast/1:s,,
gastube,ɡɑːst'juːb,,n. 离子管,,,,,0,0,,,
gastube boiler,,,[动力] 气管锅炉,,,,,0,0,,,
gastube boiler waste heat boiler,,,废热锅炉,,,,,0,0,,,
gastulation,,,[网络] 胃肠,,,,,0,0,,,
Gastuloric,,,谷氨酸,,,,,0,0,,,
gastunite,"'^æstә,nait",,(=weeksite)水硅钾铀矿,,,,,0,0,,,
gasturbine,,,na. 燃气透平\n[网络] 燃气轮机；燃气涡轮机；燃气轮机工作原理,,,,,0,0,,,
gasturbine locomotive,,,燃气轮机车,,,,,0,0,,,
gastwirth,,,[网络] 胃口,,,,,0,0,,,
gasunie,,,[网络] 荷兰；能源；气体联合公司,,,,,0,0,,,
gasvalve,,,排气阀,,,,,0,0,,,
gasvapor,ɡəsveɪ'pɔː,,n. 蒸汽燃气,,,,,0,0,,,
gasvolume,,,容气量,,,,,0,0,,,
GASVOY,,,[网络] 气体航次租船合同,,,,,0,0,,,
gaswasher,,,气体净化器,,,,,0,0,,,
gaswater interface,,,气水界面,,,,,0,0,,,
gasworker,,,n. 煤气厂工人,,,,,0,0,,,
gasworkers,"'ɡæs,wɜːkə",,n.\n采气工；煤气(厂)工人,,,,,0,0,,,
gasworks,'gæswә:ks,n. the workplace where coal gas is manufactured,n. 煤气厂,,,,,25094,0,,,
gasworks coke,,,[化] 煤气(厂)焦炭,,,,,0,0,,,
gasworks liquor,,,煤气(厂)水,,,,,0,0,,,
gasworks pitch,,,煤气厂沥青,,,,,0,0,,,
gasworks tar pitch,,,煤气厂焦油沥青,,,,,0,0,,,
gasworkss,'gæswɜːks,,n. [复数，动词用单数]煤气厂[亦作 gashouse],,,,,0,0,,,
gasy,,,[网络] 武术；气问题,,,,,0,0,,,
gat,gæt,n. a gangster's pistol,"n. 手枪, 狭航道",,,,,0,0,s:gats,,
gat (ghat),,,加特,,,,,0,0,,,
gat a ride,,,"乘车,搭车",,,,,0,0,,,
GAT-1,,,[=Na+-and Cl--dependent GABA transporter]钠离子和氯离子依赖性Υ-氨基丁酸转运蛋白,,,,,0,0,,,
gat-toothed,'^ættu:θt,a. Goat-toothed; having a lickerish tooth; lustful;\n   wanton.,"a. (=gap-toothed)牙齿不齐全的,齿间有大缝的",,,,,0,0,,,
gata,,,abbr. Graphic Arts Technical Association 书画刻印术技术协会,,,,,0,0,,,
Gata de Gorgos,,,[地名] 加塔-德戈尔戈斯 ( 西 ),,,,,0,0,,,
"Gata, C.",,,[地名] 加塔角 ( 塞浦 ),,,,,0,0,,,
"Gata, C.de",,,[地名] 加塔角 ( 西 ),,,,,0,0,,,
"Gata, Sa.de",,,[地名] 加塔山 ( 西 ),,,,,0,0,,,
gatacre,,, [人名] 加塔克,,,,,0,0,,,
gatage,'^eitidʒ,,"门叶开度, 闸门开度",,,,,0,0,,,
gatage indicator,,,门叶开度指示器,,,,,0,0,,,
gatah,,,[网络] 加塔,,,,,0,0,,,
gatalone,,,异烟腙葡萄糖醛酸内酯,,,,,0,0,,,
gatas,,,[网络] 牛奶；综合素质评价体系；放手去做,,,,,0,0,,,
"Gatas, Mt.",,,[地名] 加塔斯山 ( 菲 ),,,,,0,0,,,
gatavalin,,,[化] 谷缬菌素,,,,,0,0,,,
gatb,,, [医][=General Aptitude Test Battery]普通能力成套测验,,,,,0,0,,,
"GATC,gatc",,,"abbr. 【遗传学】guanine,adenine,thymine,and cytosine 鸟嘌呤,腺嘌呤,胸腺啶及胞嘧啶",,,,,0,0,,,
gatch,^ætʃ,,"蜡饼, 含油蜡",,,,,0,0,,,
Gatch bed,,,[医] 活动靠背床,,,,,0,0,,,
gatcha,,,[网络] 休闲滑轮两用鞋,,,,,0,0,,,
gatchell,,,[网络] 大屋的盖屈艾尔夫妇,,,,,0,0,,,
Gatchellville,,,[地名] 加切尔维尔 ( 美 ),,,,,0,0,,,
gatchers,,,[网络] 获奖者,,,,,0,0,,,
gatchina,,, [地名] [俄罗斯] 加特契纳,,,,,0,0,,,
Gatchinskiy Rayon,,,[地名] 加特契纳区 ( 俄 ),,,,,0,0,,,
gatchwork,,,[网络] 拼图,,,,,0,0,,,
gatcombe,,,[网络] 盖特康比；盖特康伯,,,,,0,0,s:gatcombes,,
gatcombes,,,[网络] 盖特康比；盖特康伯\n(gatcombe 的复数),,,,,0,0,0:gatcombe/1:s,,
gatdet,,,[网络] 加特德,,,,,0,0,,,
gate,geit,n. a movable barrier in a fence or wall\nn. a computer circuit with several inputs but only one output that can be activated by particular combinations of inputs\nn. total admission receipts at a sports event\nn. passageway (as in an air terminal) where passengers can embark or disembark,"n. 门, 牌楼, 大门, 通道, 闸\nvt. 装门于\n[计] 门; 栅",v:1/n:99,3,1,zk gk,1707,2010,s:gates/p:gated/i:gating/3:gates/d:gated,,
gate (type) agitator,,,[化] 框式搅拌器,,,,,0,0,,,
gate action,,,选通[开关]作用,,,,,0,0,,,
gate actuating rod,,,叶操作杆,,,,,0,0,,,
gate amplifier,,,闸门放大器;门放大器,,,,,0,0,,,
gate anchorage,,,闸门锚具,,,,,0,0,,,
gate and riser cutting machine,,,浇冒口切割机,,,,,0,0,,,
gate apparatus,,,"导向器,换向器;叶片式调节阀门",,,,,0,0,,,
gate arch,,,门拱,,,,,0,0,,,
gate area,,,"[机] 浇口剖面积, 进模口剖面积",,,,,0,0,,,
gate arm,,,[公路] 拦路木,,,,,0,0,,,
gate arm torque,,,栏木转矩,,,,,0,0,,,
gate array,,,[计] 门阵列,,,,,0,0,,,
gate array chip,,,门阵列芯片,,,,,0,0,,,
gate array device,,,【电子学】门阵列设备,,,,,0,0,,,
gate array method,,,门阵列法,,,,,0,0,,,
gate arrays,,,[网络] 闸阵列；闸排列；门阵电路,,,,,0,0,,,
gate back catch,,,门后钩,,,,,0,0,,,
gate balance,,,[网络] 浇口平衡不良,,,,,0,0,,,
gate bar,,,大门栓,,,,,0,0,,,
gate bay,,,闸门段,,,,,0,0,,,
gate beam,,,"横肋梁,辅助横梁",,,,,0,0,,,
gate bias,,,"栅偏置,(场效应的)栅偏压",,,,,0,0,,,
gate bill,,,"n. 学生逾时返校的记录本,逾时返校的罚金",,,,,0,0,,,
gate binary,,,门(二进制)位,,,,,0,0,,,
gate blade,,,锁紧叶片,,,,,0,0,,,
gate block,,,控制极封锁,,,,,0,0,,,
gate board,,,栏板内板,,,,,0,0,,,
gate bottom rail,,,栏板下樑,,,,,0,0,,,
gate brick,,,浇口砖,,,,,0,0,,,
gate bush,,,[网络] 浇口白晕；浇口司,,,,,0,0,,,
gate caisson,,,浮箱式坞门,,,,,0,0,,,
gate capacitance,,,(场效应晶体管的)栅电容,,,,,0,0,,,
gate capacitance variation,,,闸电容变动,,,,,0,0,,,
gate card,,,"[经] 出勤表, 入场卡",,,,,0,0,,,
gate cell,,,闸单元,,,,,0,0,,,
gate chain,,,栏板链条,,,,,0,0,,,
gate chamber,,,"闸(门)室,传达室",,,,,0,0,,,
gate change,,,滑槽室换挡,,,,,0,0,,,
gate change-over valve,,,闸板转换阀,,,,,0,0,,,
gate channel for repairing,,,修理门槽,,,,,0,0,,,
gate charge,,,闸极电荷；选通电极充电,,,,,0,0,,,
gate charge curve,,,[网络] 门控充电曲线；选通电极充电曲线,,,,,0,0,,,
gate circuit,,,[计] 门电路,,,,,0,0,,,
Gate City,,,[地名] 盖特城 ( 美 ),,,,,0,0,,,
Gate City of the South,,,[美国英语]南方门户(美国亚特兰大市的别称),,,,,0,0,,,
gate clamp circuit,,,选通箝压电路,,,,,0,0,,,
gate clear relay,,,闸门清除继电器,,,,,0,0,,,
gate clerk,,,un. 大门管理员\n[网络] 门卫管理员,,,,,0,0,,,
gate closure,,,闸门,,,,,0,0,,,
gate closure type safety device,,,门式安全装置,,,,,0,0,,,
gate conductivity,,,栅[门]电导,,,,,0,0,,,
gate connector redundancy,,,闸关复联,,,,,0,0,,,
gate contact,,,"门触点,车厢拉门触点;栅(极)接点;(升降机)机门接点",,,,,0,0,,,
gate control,,,选通控制,,,,,0,0,,,
gate control block,,,[计] 门控制块,,,,,0,0,,,
gate control characteristic,,,"栅控特性曲线,开关控制特性曲线",,,,,0,0,,,
gate control circuit,,,门控制电路,,,,,0,0,,,
gate control theory,,,闸门控制学说,,,,,0,0,,,
gate control theory of pain,,,疼痛闸门控制论,,,,,0,0,,,
gate controlled delay time,,,[门极控制]延迟时间,,,,,0,0,,,
gate controlled diode,,,闸控二极管,,,,,0,0,,,
gate controlled rise time,,,[门极控制]上升时间,,,,,0,0,,,
gate controlled switch,,,门控开关;键控开关,,,,,0,0,,,
gate controlled switch (gcs),,,闸控开关(四层三极体之一种),,,,,0,0,,,
gate controlled thyristor turn-on time,,,闸流控制接通时间,,,,,0,0,,,
gate controlled turn-off time,,,[门极控制]关断时间,,,,,0,0,,,
gate controlled turn-on time,,,闸流控制接通时间,,,,,0,0,,,
gate conveyer,,,平巷输送机,,,,,0,0,,,
gate conveyor,,,平巷运输机,,,,,0,0,,,
gate core,,,(内)桨冀口芯,,,,,0,0,,,
gate count,ɡeit kaunt,, 门数,,,,,0,0,,,
gate crash,,,v. 擅行入场\n[网络] 擅自入场，闯入；无票进入；硬闯,,,,,0,0,,,
gate crashed,'geitkræʃ,,vt. 无票入场；不请自来\nvi. 擅自入场,,,,,0,0,,,
gate crasher,,,n. 擅自入场的人,,,,,0,0,,,
gate crashers,,,[网络] 男人们的旋律；无票入场者,,,,,0,0,,,
gate crashes,'geitkræʃ,,vt. 无票入场；不请自来\nvi. 擅自入场,,,,,0,0,,,
gate crashing,,,n. 冲门\n[网络] 擅自闯入；抢点射；强行闯进,,,,,0,0,,,
gate current,,,[电] 闸控电流,,,,,0,0,,,
gate current degradation,,,闸电流退化,,,,,0,0,,,
gate current for firing,,,[电] 点火用的闸流,,,,,0,0,,,
gate cutter,,,[机] 浇口切断机,,,,,0,0,,,
gate cutting,,,[机] 浇口切断,,,,,0,0,,,
gate cutting machine,,,[机] 浇口切断机,,,,,0,0,,,
gate dam,,,闸坝,,,,,0,0,,,
gate delay,,,门延迟,,,,,0,0,,,
gate delay variation,,,闸延迟变动,,,,,0,0,,,
gate detector,,,选通门检测器,,,,,0,0,,,
gate diagram,,,[网络] 门线图,,,,,0,0,,,
gate dielectric,,,闸极介电质,,,,,0,0,,,
gate diode,,,门二极管,,,,,0,0,,,
gate distributing valve,,,叶分配阀,,,,,0,0,,,
gate diversion work,,,闸门分水工,,,,,0,0,,,
gate diversion works,,,闸门分水设备,,,,,0,0,,,
gate dog,,,闸门钩,,,,,0,0,,,
gate dogging device,,,叶锁定装置,,,,,0,0,,,
gate drive,,,栅极驱动,,,,,0,0,,,
gate driver,,,[计] 门驱动器,,,,,0,0,,,
gate driver board,,,闸驱动板；闸极驱动板,,,,,0,0,,,
gate driving wheel,,,栏木驱动轮,,,,,0,0,,,
gate effect,,,门口效应,,,,,0,0,,,
gate electrode,,,[电] 闸电极,,,,,0,0,,,
gate element,,,门(电路)元件,,,,,0,0,,,
gate end,ɡeit end,, 巷道的内端,,,,,0,0,,,
gate end box,,,电缆终端套管,,,,,0,0,,,
gate end conveyer,,,un. 平巷转载运输机,,,,,0,0,,,
gate end loader,,,un. 联络巷道端间装载机,,,,,0,0,,,
gate end panel,ɡeit end ˈpænəl,, 工祖配电设备,,,,,0,0,,,
gate equivalent circuit,,,[电] 闸等效电路,,,,,0,0,,,
gate etching,,,栅腐蚀(场效应晶体管制造),,,,,0,0,,,
gate event,,,(优胜者可直接参加冠军决赛的)入围赛；关口比赛项目,,,,,0,0,,,
gate expander,,,门扩展电路;控制极扩展器,,,,,0,0,,,
gate feed,,,门式进料,,,,,0,0,,,
gate feed hopper,,,[化] 框式加料斗,,,,,0,0,,,
gate feeder,,,框式加料器,,,,,0,0,,,
gate fever,,,(即将刑满释放的犯人)出狱前的燥热，(盼望出狱的)焦躁；[比喻]等待某事发生的焦躁不安,,,,,0,0,,,
gate flap,,,门叶,,,,,0,0,,,
gate footstep,,,闸门底脚,,,,,0,0,,,
gate for picking cocoon,,,抄茧口,,,,,0,0,,,
gate frame,,,闸门框,,,,,0,0,,,
gate function,,,[计] 门函数,,,,,0,0,,,
gate generater,,,闸波发生器,,,,,0,0,,,
gate generator,,,[电] 闸波产生器,,,,,0,0,,,
gate groove,,,门槽,,,,,0,0,,,
gate guard,,,门式安全装置;闸栅式安全保护装置;保护栅,,,,,0,0,,,
gate guardian,,,[网络] 城门守护者；门之守护者；门之守护神,,,,,0,0,,,
gate guardians,,,gate guardian\n机场守护神，机场护卫(停在军用机场上的老式飞机),,,,,0,0,,,
gate guards,,,[网络] 大门警卫,,,,,0,0,,,
gate guide vane journal,,,叶轴颈,,,,,0,0,,,
gate gurgle valve,,,泄油阀,,,,,0,0,,,
gate happy,,,[英国英语](短期服刑罪犯的)出狱兴奋症,,,,,0,0,,,
gate height,,,叶高度,,,,,0,0,,,
gate hinge,,,大门合页;门铰链,,,,,0,0,,,
gate hinge inside strip,,,栏板铰链内压条,,,,,0,0,,,
gate hoist,,,闸门提升机,,,,,0,0,,,
gate holder,,,闸门锁定器,,,,,0,0,,,
gate hook,,,门钩;门柱铰链钩片;耳轴,,,,,0,0,,,
gate hook handle cap,,,流道弯管处理盖,,,,,0,0,,,
gate house,,,un. 通行检查站；闸门操作室\n[网络] 传达室；门房；大门,,,,,0,0,,,
gate impedance,,,[电] 闸阻抗,,,,,0,0,,,
gate implantation,,,闸极植入,,,,,0,0,,,
gate in,ɡeit in,, [体]接腾空球,,,,,0,0,,,
gate insulator,,,闸极绝缘体,,,,,0,0,,,
gate interlock,,,门联锁,,,,,0,0,,,
gate interval,,,选通间隔；选通时间,,,,,0,0,,,
gate inverter,,,"栅(极)变换器,门反相器",,,,,0,0,,,
gate inverter memory,,,[计] 门反相存储器,,,,,0,0,,,
gate ion channel,,,门控离子通道,,,,,0,0,,,
gate judge,,,水门裁判,,,,,0,0,,,
gate keeper,,,"平交道看守房, 看栅工{铁路}, 平交道看栅工",,,,,0,0,,,
gate knife,,,墁刀,,,,,0,0,,,
gate land,,,浇口面,,,,,0,0,,,
gate lateral position,,,门横向位置;波门水平位置,,,,,0,0,,,
gate lead,,,闸极引线,,,,,0,0,,,
gate leaf,,,整流栅叶片,,,,,0,0,,,
gate leakage,,,叶漏水量,,,,,0,0,,,
gate leakage current,ɡet ˈlikɪdʒ ˈkɚrənt,, 栅漏电流,,,,,0,0,,,
"gate leg, gateleg","'ɡeit,leɡ",,n. 【家具】(支撑折叠桌子的)活动桌腿 [参较 swing leg]\nadj. 有活动桌腿的,,,,,0,0,,,
gate length,,,"选通脉冲宽度,门信号宽度",,,,,0,0,,,
gate less,,,无门的,,,,,0,0,,,
gate level combinational circuits,,,[计] 门级组合电路,,,,,0,0,,,
gate level logic simulation,,,[计] 门级逻辑模拟,,,,,0,0,,,
gate level model,,,闸级模型,,,,,0,0,,,
gate level simulation,,,[计] 门级模拟,,,,,0,0,,,
gate level simulator,,,[计] 门级模拟程序,,,,,0,0,,,
gate lever,,,节流扳杆,,,,,0,0,,,
gate lift,,,气力起重机,,,,,0,0,,,
gate lifting device,,,闸门启闭机,,,,,0,0,,,
gate lifting hoist,,,[水利] 卷扬式启闭机,,,,,0,0,,,
gate limiting device,,,导叶开度限制器,,,,,0,0,,,
gate link pin,,,叶连杆销,,,,,0,0,,,
gate linkage,,,叶传动装置,,,,,0,0,,,
gate location,,,un. 浇口位置\n[网络] 进入位；浇口位置分析；浇口进入位置,,,,,0,0,,,
gate lock,,,栏木锁闭器;门锁,,,,,0,0,,,
gate lodge,,,[网络] 旧总督山顶别墅守卫室,,,,,0,0,,,
gate lowering mechanism,,,un. 闸门降落机构\n[网络] 闸门启闭机,,,,,0,0,,,
gate man,,,平交道看栅工,,,,,0,0,,,
gate mark,ɡeit mɑ:k,, 浇口残痕,,,,,0,0,,,
Gate Massage,,"A TSA pat-down with a ""happy landing.""\n> I got a gate massage at the airport today. I feel great!\n",,,,,,0,0,,,
gate mechanism,,,闸门机制,,,,,0,0,,,
gate meeting,,,收费的运动会,,,,,0,0,,,
gate mixer,,,[化] 框式混合器,,,,,0,0,,,
gate money,ɡeit ˈmʌni,,"n. 入场费, 入场费收入",,,,,0,0,,,
gate monoliths,,,闸首墩,,,,,0,0,,,
gate motor,,,栏木电动机,,,,,0,0,,,
gate multivibrator,,,[电] 闸脉冲多谐振荡器,,,,,0,0,,,
Gate Night,,,[网络] 门夜,,,,,0,0,,,
gate non-trigger current,,,门极不触发电流,,,,,0,0,,,
gate non-trigger voltage,,,门极不触发电压,,,,,0,0,,,
gate nontrigger voltage,,,栅极不启动电压,,,,,0,0,,,
gate number,,, 登机口号码；门号,,,,,0,0,,,
gate of a except b,,,A去B闸,,,,,0,0,,,
gate of life,,,命门,,,,,0,0,,,
gate off,,,开,,,,,0,0,,,
gate on,,,门通,,,,,0,0,,,
gate on signal,,,闸极触发讯号,,,,,0,0,,,
gate open,,,门通,,,,,0,0,,,
gate opening,,,导叶开度,,,,,0,0,,,
gate operating deck,,,闸门工作平台,,,,,0,0,,,
gate operating gear,,,水闸操纵机构,,,,,0,0,,,
gate operating mechanism,,,叶操作机构,,,,,0,0,,,
gate operating ring,,,导叶操作环,,,,,0,0,,,
gate operation platform,,,闸门工作平台,,,,,0,0,,,
gate out,,,[计] 门输出,,,,,0,0,,,
gate out switch,,,出口开关,,,,,0,0,,,
gate overlap,,,栅覆盖层,,,,,0,0,,,
gate oxide,,,[电子] 栅氧化层,,,,,0,0,,,
gate panel,,,栏板外板,,,,,0,0,,,
gate patterning,,,闸极佈局,,,,,0,0,,,
gate piece,,,锁块,,,,,0,0,,,
gate pier,,,门墩,,,,,0,0,,,
gate pin,,,浇口(模)棒,,,,,0,0,,,
gate pinch-off voltage,,,栅夹断电压,,,,,0,0,,,
gate pivot,,,闸门枢轴,,,,,0,0,,,
gate plug,,,浇口塞,,,,,0,0,,,
gate pole,,,闸门柱，闸极,,,,,0,0,,,
gate position,,,"n. (机场上供班机上下客的)停机位 ,飞机载客,下客的区域",,,,,0,0,,,
gate position limiter,,,叶位置限制器,,,,,0,0,,,
gate post,,,n. 门柱,,,,,0,0,,,
gate power dissipation,,,[电] 闸极功率消耗,,,,,0,0,,,
gate pressure,,,[电影] 片门压力,,,,,0,0,,,
gate propagation delay,,,门传输延迟,,,,,0,0,,,
gate protection action,,,门极保护作用,,,,,0,0,,,
gate protective action,,,闸极保护作用,,,,,0,0,,,
gate pulse,,,[计] 门脉冲,,,,,0,0,,,
gate pulse amplifier,,,闸极脉波放大器,,,,,0,0,,,
gate pulse generator,,,闸门脉冲发生器,,,,,0,0,,,
gate pulse monostable multivibrator,,,门脉冲单稳多谐振荡器,,,,,0,0,,,
gate rail,,,门轨,,,,,0,0,,,
Gate Rape,,The TSA airport screening procedure.\n> My sister got gate raped at LAX.\n,,,,,,0,0,,,
gate raped,,,[网络] 门被强奸,,,,,0,0,,,
gate rapes,,,[网络] 门强奸,,,,,0,0,,,
gate raping,,,[网络] 门强奸,,,,,0,0,,,
gate receipts,,,一场比赛的门票收入,,,,,0,0,,,
gate recess,,,门槽;闸门库,,,,,0,0,,,
gate reference,,,闸参考,,,,,0,0,,,
gate region,,,栅(极)区,,,,,0,0,,,
gate region of mosfet,,,金氧化半场效电晶体之闸极区,,,,,0,0,,,
gate resistance,,,栅电阻,,,,,0,0,,,
gate ring,,,调节环(涡轮机),,,,,0,0,,,
gate riser,,,[机] 流道冒口,,,,,0,0,,,
gate road,,,煤巷;采空区内运输巷,,,,,0,0,,,
gate road bunker,,,井下采区煤仓,,,,,0,0,,,
gate runner,,,浇道,,,,,0,0,,,
gate saw,,,"框锯,排锯",,,,,0,0,,,
gate seal,,,闸门止水,,,,,0,0,,,
gate sealing,,,[水利] 闸门止水,,,,,0,0,,,
gate seat,,,门座,,,,,0,0,,,
gate segment,,,门段,,,,,0,0,,,
gate shaft,,,闸门井,,,,,0,0,,,
gate shear,,,流道剪切,,,,,0,0,,,
gate shears,,,"双柱式剪切机,铡刀(式)剪(切机),龙门剪",,,,,0,0,,,
gate sheet,,,闸门板,,,,,0,0,,,
gate side pack,,,门巷壁填实墙,,,,,0,0,,,
gate signal,,,"[计] 门信号, 选通信号",,,,,0,0,,,
gate sill,,,闸门槛,,,,,0,0,,,
gate slot,,,门槽,,,,,0,0,,,
gate spool,,,浇注管,,,,,0,0,,,
Gate station,,,门站,,,,,0,0,,,
gate stealing,,,(飞行员)雷达干扰战术,,,,,0,0,,,
gate stick,,,[机] 浇口棒,,,,,0,0,,,
gate stirrer,,,[化] 框式搅拌器,,,,,0,0,,,
gate stop,,,栏木止挡,,,,,0,0,,,
gate stop lever,,,栏木止档握柄,,,,,0,0,,,
gate strainer,,,浇口滤渣(芯)片,,,,,0,0,,,
gate strip,,,可控片,,,,,0,0,,,
gate structure,,,[电子] 栅极结构,,,,,0,0,,,
gate stub,,,(内)浇口根,,,,,0,0,,,
gate suppression,,,门极抑制,,,,,0,0,,,
gate suppressor,,,控制极抑制器,,,,,0,0,,,
gate swap,,,[网络] 门交换；门可交换,,,,,0,0,,,
gate sweep,,,[电] 闸间拂掠,,,,,0,0,,,
gate switch,,,[计] 门开关,,,,,0,0,,,
gate system,,,[网络] 浇口系统的设计；水口系统；浇系统,,,,,0,0,,,
gate tension device,,,栅式张力装置,,,,,0,0,,,
gate terminal,,,栅极引出线;(控制)门接线端,,,,,0,0,,,
gate terminal board,,,[电子] 门终端电路板,,,,,0,0,,,
Gate Theatre,,,[网络] 大门剧院；盖特剧院；门闸剧场,,,,,0,0,,,
gate theory,,,= gate-control theory,,,,,0,0,,,
gate thickness,,,内浇道厚度,,,,,0,0,,,
gate threshold,,,[网络] 门阈；门阈值；门阔,,,,,0,0,,,
gate threshold voltage,,,闸极临界电压,,,,,0,0,,,
gate throttle,,,节流门,,,,,0,0,,,
gate through,,,通过,,,,,0,0,,,
gate tile,,,浇注管,,,,,0,0,,,
gate time,,,闸时间,,,,,0,0,,,
gate to pin ratio,,,[网络] 闸针比；芯片门引线比,,,,,0,0,,,
gate top rail,,,栏板上樑,,,,,0,0,,,
gate tower,ɡeit ˈtauə,, 城楼,,,,,0,0,,,
gate transfer function,,,(跟踪)门[波门]传递函数,,,,,0,0,,,
gate transistor,,,选通晶体管,,,,,0,0,,,
gate trap,,,闸盒,,,,,0,0,,,
gate trigger,,,控制门触发器,,,,,0,0,,,
gate trigger circuit,,,(控制)门触发电路,,,,,0,0,,,
gate trigger current,,,[电] 闸触发器电流,,,,,0,0,,,
gate trigger pulse,,,控制门触脉冲,,,,,0,0,,,
gate trigger voltage,,,[电] 闸触发器电压,,,,,0,0,,,
gate tube,,,[电] 闸波管,,,,,0,0,,,
gate turn off,,,矩形脉冲断开,,,,,0,0,,,
gate turn off thyristor,,,[网络] 门极可关断晶闸管；截断闸流体；栅极光闭晶闸管,,,,,0,0,,,
gate turn on,,,闸开机；闸极触发,,,,,0,0,,,
gate turn valve,,,旋转炉门,,,,,0,0,,,
gate turn-off,,,[电] 闸控断开,,,,,0,0,,,
gate turn-off current,,,[电] 闸极遮断电流,,,,,0,0,,,
gate turn-off switch,,,[电] 闸极遮断开关,,,,,0,0,,,
gate turn-off thyristor,,,门极关断晶闸管,,,,,0,0,,,
gate turn-off thyristor assemble,,,门极关断晶闸管组件,,,,,0,0,,,
gate turn-off thyristor module,,,门极关断晶闸管模块,,,,,0,0,,,
gate turn-off voltage,,,[电] 闸遮断电压,,,,,0,0,,,
gate turnoff,,,门电路断开,,,,,0,0,,,
gate turnoff silicon-controlled rectifier,,,[电子] 门电路断开硅可控整流器,,,,,0,0,,,
gate turnoff thyristor,,,闸门关断可控硅整流器,,,,,0,0,,,
gate type agitator,,, [化] 框式搅拌器,,,,,0,0,,,
gate type automatic car washer,,,汽车门式自动清洗机,,,,,0,0,,,
gate type coal grab,,,闸门式抓煤机,,,,,0,0,,,
gate type feeder,,,[机] 闸门式振动给料器,,,,,0,0,,,
gate type gear shift,,,格式变速器,,,,,0,0,,,
gate type gear shift lever,,,格式变速杆,,,,,0,0,,,
gate type variable area flowmeter,,,闸门式[变面积]流量计,,,,,0,0,,,
gate unit,,,通部分,,,,,0,0,,,
gate utilization rate,,,[网络] 门使用率,,,,,0,0,,,
gate valtage,,,[电] 闸波电压,,,,,0,0,,,
gate value,,,通口值,,,,,0,0,,,
gate valve,,,[化] 闸阀; 闸门阀,,,,,0,0,,,
gate valve with fast-acting spring actuator,,,簧驱动快关闸阀,,,,,0,0,,,
gate valves,,,[网络] 闸阀；钢制闸阀；阀门,,,,,0,0,,,
gate vein,,,[网络] 门静脉,,,,,0,0,,,
gate vessel,,,布栅船,,,,,0,0,,,
gate voltage,,,触发电压,,,,,0,0,,,
gate voltage swings,,,闸极电压摆动,,,,,0,0,,,
gate way,ɡeit wei,, 采空区内运输巷; 采空区平巷; 采区联络煤巷,,,,,0,0,,,
gate wedge,,,门楔,,,,,0,0,,,
gate well,,,凹槽,,,,,0,0,,,
gate width,,,门宽;内浇道宽度,,,,,0,0,,,
gate width control,,,[网络] 选通脉冲宽度调整,,,,,0,0,,,
gate width-to-length ratio,,,闸极宽与长度比,,,,,0,0,,,
gate winch,,,栏木绞车,,,,,0,0,,,
gate winding,,,[电] 闸绕组,,,,,0,0,,,
gate with flap,,,舌瓣闸门,,,,,0,0,,,
gate work function engineering,,,闸工作函数工程,,,,,0,0,,,
gate workfunction,,,闸工作函数,,,,,0,0,,,
gate yield,,,[电子] 门成品率,,,,,0,0,,,
"gate, equivalent",,,[网络] 门等价；等效门,,,,,0,0,,,
"gate, polysilicon",,,[网络] 闸极复晶矽,,,,,0,0,,,
gate-and-dam discharge,,,闸门排料,,,,,0,0,,,
gate-array,,,[网络] 门阵列,,,,,0,0,s:gate-arrays,,
gate-array device,,,[电] 闸阵列元件,,,,,0,0,,,
gate-arrays,,,[网络] 闸阵列；闸排列；门阵电路,,,,,0,0,0:gate-array/1:s,,
gate-assisted turn off thyristor (gatt),,,闸极援助截止闸流体,,,,,0,0,,,
gate-beam tube,,,[电] 闸控电子束射管,,,,,0,0,,,
gate-cathode resistor,,,闸极-阴极电阻,,,,,0,0,,,
gate-change gear,,,[机] 滑槽换档,,,,,0,0,,,
gate-channel distance,,,闸极 - 通道 距离,,,,,0,0,,,
gate-control theory,,,【生理学】痛觉闸门控制学说(或理论)[亦作 gate theory],,,,,0,0,,,
gate-controlled diode,,,[电] 闸控二极管,,,,,0,0,,,
gate-controlled rectifier,,,[电] 闸控整流器,,,,,0,0,,,
gate-controlled switch,,,[电] 闸控开关,,,,,0,0,,,
gate-controlled turn-off time,,,[电子] 门极控制关断时间,,,,,0,0,,,
gate-crash,,v enter uninvited; informal,"v. 擅自入场, 无票入场, 闯入",,,,,0,0,i:gate-crashing/p:gate-crashed/3:gate-crashes/d:gate-crashed,,
gate-crashed,"'ɡeit,kræʃ",v. enter uninvited; informal,v. 闯入；无票入场,,,,,0,0,1:pd/0:gate-crash,,
gate-crasher,,,"n. 擅自进入者, 无票入场者",,,,,0,0,s:gate-crashers,,
gate-crashers,,plural of gate-crasher,"(gate-crasher 的复数) n. 擅自进入者, 无票入场者",,,,,0,0,0:gate-crasher/1:s,,
gate-crashes,"'ɡeit,kræʃ",v. enter uninvited; informal,v. 闯入；无票入场,,,,,0,0,1:3/0:gate-crash,,
gate-crashing,"'ɡeit,kræʃ",v. enter uninvited; informal,v. 闯入；无票入场,,,,,0,0,1:i/0:gate-crash/s:gate-crashings,,
gate-crashings,"'ɡeit,kræʃ",,vt. 闯入；无票入场\nvi. 闯入；无票入场,,,,,0,0,0:gate-crashing/1:s,,
gate-drain overlap,,,[电子] 栅－漏覆盖面,,,,,0,0,,,
gate-end,,,煤巷内端,,,,,0,0,,,
gate-end box,,,门巷底电气箱,,,,,0,0,,,
gate-end conveyer,,,平巷转载运输机,,,,,0,0,,,
gate-end feeder,,,门巷底转运输送机,,,,,0,0,,,
gate-end loader,,,平巷装载机,,,,,0,0,,,
gate-end panel,,,平巷配电箱,,,,,0,0,,,
gate-fold,,,n. 折迭插页,,,,,0,0,,,
gate-house,'geɪthaʊs,,n. 门房；警卫室,,,,,0,0,s:gate-houses,,
gate-houses,,plural of gate-house,(gate-house 的复数) n. 门房；警卫室,,,,,0,0,0:gate-house/1:s,,
gate-keeper,ɡeit ˈki:pə,, 门者,,,,,0,0,s:gate-keepers,,
gate-keepers,,plural of gate-keeper,(gate-keeper 的复数)  门者,,,,,0,0,0:gate-keeper/1:s,,
gate-keeping,,,[网络] 把关；守门作用；守门行为,,,,,0,0,s:gate-keepings,,
gate-keepings,,,[网络] 把关；守门作用；守门行为\n(gate-keeping 的复数),,,,,0,0,0:gate-keeping/1:s,,
gate-leg,,,（支撑折叠桌子的）活动桌腿\n有活动桌腿的,,,,,0,0,s:gate-legs,,
gate-leg table,,,"折叠式桌子,(折叠的)活动桌 [亦作 gate-legged table]",,,,,0,0,,,
gate-leg tables,,,"折叠式桌子,(折叠的)活动桌 [亦作 gate-legged table]",,,,,0,0,,,
gate-legged table,,,na. 折叠式桌子,,,,,0,0,,,
gate-legs,,,（支撑折叠桌子的）活动桌腿\n有活动桌腿的,,,,,0,0,0:gate-leg/1:s,,
gate-level,,,[网络] 门级；闸级；闸层次,,,,,0,0,,,
gate-level logic simulation,,,门级逻辑模拟,,,,,0,0,,,
gate-level model,,,门级模型,,,,,0,0,,,
gate-level simulation,,,门级模拟,,,,,0,0,,,
gate-lodge,,,[网络] 旧总督山顶别墅守卫室,,,,,0,0,s:gate-lodges,,
gate-lodges,,,[网络] 旧总督山顶别墅守卫室\n(gate-lodge 的复数),,,,,0,0,0:gate-lodge/1:s,,
gate-lowering mechanism,,,闸门升降机;闭闸机械装置,,,,,0,0,,,
gate-meeting,'ɡeitmi:tiŋ,,n. [英国俚语]发售门票的运动会,,,,,0,0,,,
gate-money,,,入场费,,,,,0,0,s:gate-moneys,,
gate-moneys,,,入场费,,,,,0,0,0:gate-money/1:s,,
gate-operating gear,,,[网络] 坞闸操纵装置,,,,,0,0,,,
gate-operating machinery,,,[网络] 坞闸操纵装置,,,,,0,0,,,
Gate-Papacostas' tests,,,[医] 福尔马林试验(检梅毒),,,,,0,0,,,
gate-post,,,n. [建] 门柱,,,,,0,0,s:gate-posts,,
gate-posts,,plural of gate-post,(gate-post 的复数) n. [建] 门柱,,,,,0,0,0:gate-post/1:s,,
gate-producing multivibrator,,,[电] 闸波产生多谐振荡器,,,,,0,0,,,
gate-recess,'ɡeɪtrɪs'es,,n. 流道过量,,,,,0,0,,,
gate-silicon insulator,,,[电子] 栅－硅绝缘层,,,,,0,0,,,
gate-source voltage,,,栅-源电压,,,,,0,0,,,
gate-to-gate transportation,,,门对门运输,,,,,0,0,,,
gate-to-pin ratio,,,"[计] 门针比, 门引线比",,,,,0,0,,,
gate-to-source voltage,,,[网络] 栅极-源极电压；闸极到源极的压差；必须是个负值,,,,,0,0,,,
gate-tower,,,[建] 门楼\n城楼,,,,,0,0,s:gate-towers,,
gate-towers,,plural of gate-tower,(gate-tower 的复数) [建] 门楼\n城楼,,,,,0,0,0:gate-tower/1:s,,
gate-turn-off controlled rectifier,,,[电子] 可关断可控硅,,,,,0,0,,,
gate-turn-off thyristor (gto),,,闸极截止闸流体,,,,,0,0,,,
gate-turnoff silicon-controlled rectifer,,,[电] 闸极断开矽控整流器,,,,,0,0,,,
gate-turnoff silicon-controlled rectifier,,,[网络] 门电路断开硅可控整流器,,,,,0,0,,,
gate-type coal grab,,,门式抓煤机,,,,,0,0,,,
gate-type feeder,,,闸门式振动给料器,,,,,0,0,,,
gate-type hydrant,,,阀门式给水栓;阀门式消防龙头,,,,,0,0,,,
gate-type stall,,,侧出式挤奶台,,,,,0,0,,,
gate-utilization rate,,,[网络] 门使用率,,,,,0,0,,,
gate-valve,,,[机] 闸门阀；闸式阀,,,,,0,0,,,
gate-valve chamber,,,闸阀室,,,,,0,0,,,
gate-ward,,,[网络] 门卫,,,,,0,0,,,
gate-width,,,闸极脉冲宽度，门选通脉沖宽度,,,,,0,0,,,
gate-width control,,,[电子] 选通脉冲宽度控制,,,,,0,0,,,
gateable,,,[计] 可选通的,,,,,0,0,,,
gateable clock,,,门时钟,,,,,0,0,,,
gateacre,,, [人名] 盖塔克,,,,,0,0,s:gateacres,,
gateacres,,, [人名] 盖塔克\n(gateacre 的复数),,,,,0,0,0:gateacre/1:s,,
gateage,,, 所有的闸门,,,,,0,0,,,
gateage indicator,,,叶开度指示计,,,,,0,0,,,
gateau,,n. any of various rich and elaborate cakes,n. 精美的大奶油蛋糕,n:100,,,,36219,44129,s:gateaus,,
gateaus,,plural of gateau\nn. any of various rich and elaborate cakes,(gateau 的复数) n. 精美的大奶油蛋糕,,,,,0,0,0:gateau/1:s,,
gateaux,ˈgætəʊ,n any of various rich and elaborate cakes,n. 奶油蛋糕( gateau的名词复数 ),,,,,37756,0,s:gateaux,,
gateaux derivative,,,Gateaux导式,,,,,0,0,,,
gateaux differentiable operator,,,Gateaux可微算子,,,,,0,0,,,
gateball,,,[网络] 门球；门球场；门球活动,,,,,0,0,,,
gatecoder,,,步行分析计,,,,,0,0,,,
gatecrash,,,"vi.vt. 擅自进入, 不请自来, 无票进入, 擅自闯入",,,,,33748,0,s:gatecrashes,,
gatecrashed,,,"v. 不请自到, 无票入场( gatecrash的过去式和过去分词 )",,,,,0,0,0:gatecrash/1:pd,,
gatecrasher,'ɡeɪtkræʃə(r),n. someone who gets in (to a party) without an invitation or without paying,n. （招待会等的）,,,,,0,0,s:gatecrashers,,
gatecrashers,"'geit,kræʃə",n. someone who gets in (to a party) without an invitation or without paying,n. 混入场者；不速之客,,,,,0,0,0:gatecrasher/1:s,,
gatecrashes,,,"n. 不请自到, 无票入场( gatecrash的复数形式 )\nv. 不请自到, 无票入场( gatecrash的第三人称单数 )",,,,,0,0,0:gatecrash/1:s,,
gatecrashing,,,"v. 不请自到, 无票入场( gatecrash的现在分词 )",,,,,0,0,0:gatecrash/1:i,,
gated,'ɡeitid,v supply with a gate\nv control with a valve or other device that functions like a gate\nv restrict (school boys') movement to the dormitory or campus as a means of punishment,a. 有关卡的；带栅门的,j:100,,,,40621,18703,1:pd/0:gate,,
gated amplifier,,,[计] 选通放大器,,,,,0,0,,,
gated automatic gain control,,,[电子] 选通自动增益控制,,,,,0,0,,,
gated beam tube,,,[电子] 选通电子束管,,,,,0,0,,,
gated buffer,,,[计] 门控缓冲器,,,,,0,0,,,
gated buffor,,,[电] 闸缓冲器,,,,,0,0,,,
gated channel,,, [医]门控通道,,,,,0,0,,,
gated clock,,,[计] 选通时钟,,,,,0,0,,,
gated communities,,,na. (富人居住的)封闭式社区\n[网络] 封闭式小区；封闭社区；小社区,,,,,0,0,,,
gated community,,,"n. （有围墙或围栏, 并且有门卫的）住宅小区, 商业小区",,,,,0,0,,,
gated counter,,,选通计数器,,,,,0,0,,,
gated crossover detection,,,[计] 选通过零检测,,,,,0,0,,,
gated decoupling,,,[化] 门控去偶,,,,,0,0,,,
gated detector,,,门检波器,,,,,0,0,,,
gated device,,,变速杆定位板,,,,,0,0,,,
gated diode,,,门电路二极管,,,,,0,0,,,
gated element,,,[计] 门元件,,,,,0,0,,,
gated ff,,,闸控正反器,,,,,0,0,,,
gated file-flop,,,选通触发电路,,,,,0,0,,,
gated flip-flop,,,[电] 闸起伏,,,,,0,0,,,
gated full adder,,,闸控全加器,,,,,0,0,,,
gated image tube,,,闸控制影像管,,,,,0,0,,,
gated information,,,闸控资讯,,,,,0,0,,,
gated integrator,,,门控积分器,,,,,0,0,,,
gated ion channel,,,闸控[型]离子通道,,,,,0,0,,,
gated latch,,,门拉闩锁,,,,,0,0,,,
gated memory,,,[计] 选通存储器,,,,,0,0,,,
gated mixer,,,闸控混合器,,,,,0,0,,,
gated nature of signal,,,信号的选通特性,,,,,0,0,,,
gated noise measurement,,,门控噪声测量,,,,,0,0,,,
gated oscillator counter,,,闸门式振荡计数器;控制振荡计数器,,,,,0,0,,,
gated pattern,,,[机] 附浇口系模型,,,,,0,0,,,
gated pipe,,,带闸门的管,,,,,0,0,,,
gated pulse amplitude,,,选通脉冲幅度,,,,,0,0,,,
gated radiometer,,,选通辐射计,,,,,0,0,,,
gated RQ,,,[计] 重发选通,,,,,0,0,,,
gated scaler,,,选通定标器,,,,,0,0,,,
gated squarewave generator,,,选通方波发生器,,,,,0,0,,,
gated sweep,,,[电] 闸拂掠,,,,,0,0,,,
gated throttle,,,限动油门,,,,,0,0,,,
gated tracking filter,,,[网络] 选通跟踪滤波器,,,,,0,0,,,
gated tracking filter system,,,[计] 选通跟踪滤波器系统,,,,,0,0,,,
gated transistor,,,[电] 闸电晶体,,,,,0,0,,,
gated-beam detector,,,[电] 闸束探测器,,,,,0,0,,,
gated-beam tube,,,[电] 闸束管,,,,,0,0,,,
gated-spect,,,[网络] 门电路心肌灌注断层显像；徐景龙；闸门单光子断层摄影,,,,,0,0,,,
gatedamplifier,,,门信号放大器,,,,,0,0,,,
gatedchannel,,,门通道,,,,,0,0,,,
gatefold,'geitfәuld,n an oversize page that is folded in to a book or magazine,n. 大张折叠插页,,,,,0,0,s:gatefolds,,
gatefold ad,,,(杂志)封面折页广告,,,,,0,0,,,
gatefold sleeve,,,[网络] 对折封套,,,,,0,0,,,
gatefolds,,,na. 折叠插页\n[网络] 门式折页；封面拉页；折页式印刷广告,,,,,0,0,0:gatefold/1:s,,
Gateforth,,,[地名] 盖特福斯 ( 英 ),,,,,0,0,,,
gatefunction,,,[计] 门函数,,,,,0,0,,,
gatehead,ɡeɪt'hed,, 装载点,,,,,0,0,,,
gatehill,,,[网络] 门坡,,,,,0,0,,,
gatehouse,'geithaus,n. a house built at a gateway; usually the gatekeeper's residence,"n. 警卫室, 门房",n:100,,,,22601,29720,s:gatehouses,,
Gatehouse of Fleet,,,[地名] 弗利特河畔盖特豪斯 ( 英 ),,,,,0,0,,,
gatehouseite,,,[网络] 门柱,,,,,0,0,,,
gatehouses,ˈgeɪtˌhaʊsiz,n. a house built at a gateway; usually the gatekeeper's residence,"n. 警卫室, 门房( gatehouse的复数形式 )",,,,,0,0,0:gatehouse/1:s,,
gatekeep,,,[网络] 网守；守门；网守的简称,,,,,0,0,s:gatekeeps,,
gatekeeper,'geitki:pә,n. someone who controls access to something,n. 看门人,n:100,,,,24068,15035,s:gatekeepers,,
gatekeeper gene,,,看门基因,,,,,0,0,,,
gatekeeper's lodge,,,达室，门房,,,,,0,0,,,
gatekeepers,ˈɡeitˌki:pəz,n. someone who controls access to something\nn. someone who guards an entrance,n. 看门人( gatekeeper的复数形式 ),,,,,0,0,0:gatekeeper/1:s,,
gatekeeping,,,守门,j:100,,,,0,44176,0:gatekeep/1:i/s:gatekeepings,,
gatekeepings,,,守门\n(gatekeeping 的复数),,,,,0,0,0:gatekeeping/1:s,,
gatekeeps,,,[网络] 守门员,,,,,0,0,0:gatekeep/1:s,,
gatekept,,,[网络] 门卫,,,,,0,0,,,
gatel,,,n. (Gatel)人名；(法)加泰尔,,,,,0,0,,,
gateleg,ɡeɪte'leɡ,, 折叠式桌子,,,,,0,0,,,
gateleg gable,,,折叠式桌子,,,,,0,0,,,
gateleg table,ˌgeɪtleg ˈteɪbl,,"n. 折叠桌, 活腿桌",,,,,0,0,s:gateleg tables,,
gateleg tables,,,[网络] 门腿桌；门腿折迭桌；门腿折叠桌,,,,,0,0,0:gateleg table/1:s,,
gatelegged,ɡeɪ'teleɡɪd,,adj. 折叠式的,,,,,0,0,,,
gatelegs,,,[网络] 门腿型,,,,,0,0,,,
gateless,,a. Having no gate.,a. 无门的,,,,,0,0,,,
gatelike,ɡeit,,gatelike\nadj.\ngate1的变形\ngate1\n[ɡeit]\nn.\n门，大门，篱笆门，围墙门\n(大)门口，(出)入口，门道\n城门，城楼，洞门，牌楼，纪念门；(看门人的)门房\n(任何)出入口，关口，通路；途径，必由之路\n山路；隘口；狭长通道\n(铁道、公路的)道口栏杆，栅门，路障\n(水管、水渠道的)闸门，水闸；闸板，堰板\n锯座；锯架\n(障碍滑雪赛中的)旗门；(赛马等的)起跑门\n(比赛、演出等的)门票收入(=gate money)\n(比赛、演出等的)观众(数)\n[俚语]嘴，口\n[俚语]解雇\n[美国俚语]老兄，伙计；爵士乐乐师\n【冶金学】\n浇口，槽，切口，浇注系统[亦作 ingate]\n(浇注凝固后残留在浇注道内的)浇口废金属\n【摄影术】片门，片窗；快门\n【电子学】电子门；(闸)门电路；时间限制电路；选通脉冲；门脉冲，启动脉冲，选通(电路)；(场效应晶体管的)栅，整流栅(格)，控制极\n【军械】枪膛盖\n【工程】舌瓣，门舌(叶)\n【生物学】(神经系统中的)痛觉阀门\n【计算机】控制极；开门电路；选择器开关\n【军事】[空截作战暗语]“限时全速飞行”\nvt.\n[英国英语]禁止外出(大学的一种处分，把学生关在校内，不准外出)\n给…安装门(或阀门、牌楼等)\n用门控制\n选通，开启：\ngated amplifier\n选用(脉冲)放大器\n开浇口：\ngated pattern\n带浇口模型\n[美国俚语]逐出；解雇\n(赌博)使正在滚动的骰子停下来\n短语:\ncrash the gate\n[俚语]无票入场，擅自入场，作不速之客 [亦作 crash a party]\nget the gate\n[俚语]\n被辞退，被解雇\n与朋友(或爱人)绝交；被恋人(或异性朋友)抛弃\ngive someone the gate\n[俚语]\n解雇某人，赶走某人\n拒绝某人；冷落某人\n抛弃某人；与某人断绝恋人关系\ngo one’s own gate\n自行其是，独立行动\nkissing gate\n[英国方言](只能容一个人通过的)小门\nopen a gate to (或 for)\n给…以便利(或机会)，为…开方便之门\nstand in the gate\n占领防御阵地\nthe gate of death\n死亡的边缘\nthe gate of horn\n角门；应验的梦兆\nthe gate of ivory\n象牙门；不应验的梦兆\n变形：\nvt.\ngated\n. gating,,,,,0,0,,,
gateline,,,un. 警戒线\n[网络] 栅极线；门套；闸极的线数,,,,,0,0,,,
gatelines,,,[网络] 用餐,,,,,0,0,,,
gatelings,,,[网络] 盖子,,,,,0,0,,,
gately,,," [人名] [爱尔兰姓氏] 盖特利盖尔语姓氏的英语形式，来源于别名，含义是“从前的+斗士，英雄”(former+warrior,hero)",,,,,0,0,,,
gateman,'^eitmәn,n. A gate keeper; a gate tender.,n. 看门人,,,,,0,0,s:gatemen,,
gatemen,,,[网络] 专门的开门员,,,,,0,0,0:gateman/1:s,,
gatemixer,,,框式混合器,,,,,0,0,,,
gatemoney,ɡeɪ'temwʌnɪ,,n.入场费,,,,,0,0,,,
gatemouth,'^eitmajθ,,"n. <美俚>(专好传播他人闲话的)""关不住的话匣子",,,,,0,0,,,
gatenbies,,," [人名] [英格兰人姓氏] 盖滕比住所名称，来源于古爱尔兰语人名Gaithan+古诺斯语，含义是“农场，居留地”(farm,settlement)\n(gatenby 的复数)",,,,,0,0,0:gatenby/1:s,,
gatenby,,," [人名] [英格兰人姓氏] 盖滕比住所名称，来源于古爱尔兰语人名Gaithan+古诺斯语，含义是“农场，居留地”(farm,settlement)",,,,,0,0,s:gatenbies,,
gatens,,,[网络] 盖腾斯,,,,,0,0,,,
gatepier,,,un. 门墩柱\n[网络] 闸门墩；门边柱；开口防波堤,,,,,0,0,,,
gatepiers,,,[网络] 闸门,,,,,0,0,,,
gatepost,'geitpәust,n. either of two posts that bound a gate,n. 门柱,n:100,,,,27143,38706,s:gateposts,,
gateposts,,n. either of two posts that bound a gate,n. 门柱( gatepost的复数形式 ),,,,,0,0,0:gatepost/1:s3,,
gater,'ɡeitə,,n. = gator,,,,,0,0,,,
gater's medium,,,"[医] 盖特氏培养基, 氯醛胶培养基",,,,,0,0,,,
gaters,,,[网络] 水坑,,,,,0,0,,,
gates,,n. United States computer entrepreneur whose software company made him the youngest multi-billionaire in the history of the United States (born in 1955),n. 大门；关口（gate的复数形式）,,,,,13237,0,1:s3/0:gate/s:gatess,,
Gates County,,,[地名] 盖茨县 ( 美 ),,,,,0,0,,,
Gates crusher,,,圆锥形破碎机,,,,,0,0,,,
gates foundation,,,n. 盖茨夫妇基金会,,,,,0,0,,,
Gates Mills,,,[地名] 盖茨米尔斯 ( 美 ),,,,,0,0,,,
gates of dawn,,, 曙光之门（歌曲名）,,,,,0,0,,,
Gates of Paradise,,,[网络] 天堂之门；乐园之门；天国之门,,,,,0,0,,,
Gates of the Arctic National Park,,,[网络] 北极之门国家公园；从北极之门国家公园；盖茨北极国家公园,,,,,0,0,s:gatess of the arctic national park,,
Gates of the Arctic National Park and Preserve,,,北极门国家公园和保护区,,,,,0,0,,,
"Gates, Bill",,,[网络] 盖茨,,,,,0,0,,,
"Gates, Horatio",ɡeits,,盖茨 (1728～1806， 美国独立战争时期的将军，生于英国),,,,,0,0,,,
gateses,,,[网络] 门,,,,,0,0,,,
Gateshead,"'ɡeits,hed",,n. 盖茨黑德（英国城市）,,,,,10839,0,s:gatesheads,,
Gateshead I.,,,[地名] 盖茨黑德岛 ( 加 ),,,,,0,0,,,
gatesheads,"'ɡeits,hed",,盖茨黑德(英国东北部城市),,,,,0,0,0:gateshead/1:s,,
gateshodel,,,[网络] 门极,,,,,0,0,,,
Gatesian,,,[网络] 盖茨人,,,,,0,0,,,
Gateside,,,[地名] 盖特赛德 ( 英 ),,,,,0,0,s:gatesides,,
gatesides,,,[地名] 盖特赛德 ( 英 )\n(gateside 的复数),,,,,0,0,0:gateside/1:s,,
Gatesius,,,[医] 裂头蚴属,,,,,0,0,,,
gatess,,,[网络] 盖茨,,,,,0,0,0:gates/1:s,,
gatess of the arctic national park,,,[网络] 北极之门国家公园；从北极之门国家公园；盖茨北极国家公园\n(gates of the arctic national park 的复数),,,,,0,0,0:gates of the arctic national park/1:s,,
gatesville,,, [地名] [美国] 盖茨维尔,,,,,0,0,,,
gatetender,"'^eit,tendә(r)",,n. 看管铁路平交道栅栏的人,,,,,0,0,,,
gatevalve,,,n. 闸门阀\n[网络] 闸阀；黄铜闸阀；弹性座封闸阀,,,,,0,0,s:gatevalves,,
gatevalves,,,[网络] 闸阀,,,,,0,0,0:gatevalve/1:s3,,
gateward,,,[网络] 门把手,,,,,0,0,,,
gatewards,,,[网络] 门,,,,,0,0,,,
gatewatching,,,看门,,,,,0,0,,,
gateway,'geitwei,n. an entrance that can be closed by a gate,"n. 门, 通路\n[计] 网关",n:100,1,,,6462,10019,s:gateways,,
gateway 2000,,,Gateway 2000 公司,,,,,0,0,,,
gateway address,,,网关地址,,,,,0,0,,,
gateway antivirus,,,[网络] 网关防病毒；闸道防毒,,,,,0,0,,,
Gateway Arch,,,[网络] 大拱门；圣路易斯大拱门；圣路易斯拱门,,,,,0,0,,,
gateway center,,,闸道中心,,,,,0,0,,,
gateway charge,,,[税收] 过关费,,,,,0,0,,,
gateway city,,,要冲城市,,,,,0,0,,,
Gateway Computer,,,[计] 网间连接计算机,,,,,0,0,,,
gateway control functions,,,网关控制操作程序,,,,,0,0,,,
gateway controller,,,[计] 网间连接控制器,,,,,0,0,,,
gateway course,,,入门课,,,,,0,0,,,
gateway daemon,,,闸道常驻程式,,,,,0,0,,,
gateway device,ˈgeɪtˌweɪ diˈvais,, [医]网间连接装置,,,,,0,0,,,
gateway discovery protocol,,,闸道发现协定,,,,,0,0,,,
gateway drug,ˈgeɪtˌweɪ drʌɡ,,n. [医]先导药,,,,,0,0,s:gateway drugs,,
gateway drugs,,,[网络] 入门毒品；入门药,,,,,0,0,0:gateway drug/1:s,,
gateway english,,,英文入门,,,,,0,0,,,
gateway exchange,ˈgeɪtˌweɪ iksˈtʃeindʒ,, [计]连网交换机，连网处理机,,,,,0,0,,,
gateway function,,,"[计] 门路连接功能, 网间连接功能",,,,,0,0,,,
gateway GPRS support node,,,GPRS网关支持节点,,,,,0,0,,,
gateway host,,,[计] 网关主机,,,,,0,0,,,
gateway interface for network initialization,,,网路初始化的闸道介面,,,,,0,0,,,
gateway manager,,,[计] 网关管理程序,,,,,0,0,,,
gateway method,,,闸道方法,,,,,0,0,,,
gateway mobile services switching center,,,闸道移动式服务交换中心,,,,,0,0,,,
gateway monitoring,,,[计] 信关监视,,,,,0,0,,,
"gateway MSC,GMSC",,,关口移动交换中心,,,,,0,0,,,
gateway NCP,,,网关(型)网络控制程序,,,,,0,0,,,
gateway newsgroup,,,[计] 中转新闻组,,,,,0,0,,,
gateway node,,,网关型网点,,,,,0,0,,,
gateway of india,,, 印度门（印度著名景点）,,,,,0,0,,,
gateway office,,,[通信] 国际接口局,,,,,0,0,,,
gateway page,,,网页,,,,,0,0,,,
gateway processor,,,"[计] 网间连接处理机, 信关处理机",,,,,0,0,,,
gateway protocol,,,闸道协定,,,,,0,0,,,
gateway server,ˈgeɪtˌweɪ ˈsə:və,, 连网服务器网间连接服务器,,,,,0,0,,,
gateway SSCP,,,网关(型)系统服务控制点,,,,,0,0,,,
Gateway State,,,[美国英语]门户州(俄亥俄州的别名),,,,,0,0,,,
gateway station,,, 门廊站,,,,,0,0,,,
gateway system,,,【计算机】入口处理系统；网间通路系统,,,,,0,0,,,
gateway theory,,,入门理论,,,,,0,0,,,
gateway to,,,通向……的大门,,,,,0,0,,,
Gateway to Gateway Protocol,,,[计] 网关至网关的协议,,,,,0,0,,,
Gateway to the West,,,[网络] 西方之门户；通向美国西部之门；通向美国西部的门户,,,,,0,0,s:gateways to the west,,
gateway VTAM,,,网关(型)虚拟远程通信存取方法,,,,,0,0,,,
gateway work center,,,闸道工作中心,,,,,0,0,,,
gateway-capable host,,,具有网关功能的主机,,,,,0,0,,,
gateway-gateway protocol,,,闸道至闸道协定,,,,,0,0,,,
gateway-to-gateway protocol,,,闸道器对闸道器协定,,,,,0,0,,,
gatewayed,,,[网络] 网关,,,,,0,0,,,
gatewaying,,,[网络] 关系,,,,,0,0,,,
gateways,'ɡeɪtweɪz,n. an entrance that can be closed by a gate,n. 网关( gateway的复数形式 ); 门径; 方法; 大门口,,,,,0,0,0:gateway/1:s,,
gateways to the west,,,[网络] 西方之门户；通向美国西部之门；通向美国西部的门户\n(gateway to the west 的复数),,,,,0,0,0:gateway to the west/1:s,,
gatewidth,,,门脉冲宽度; 选通脉冲宽度,,,,,0,0,,,
gatewidth control,,,门宽调整,,,,,0,0,,,
gatewise,,,[网络] 门槛,,,,,0,0,,,
gatewoman,,,n. 女守门者,,,,,0,0,,,
gatewomen,,,n. 女守门者,,,,,0,0,,,
gatewood,,, [人名] 盖特伍德; [地名] [美国] 盖特伍德,,,,,0,0,,,
gatey,,,[网络] 加泰,,,,,0,0,s:gateys,,
gateys,,,[网络] 加泰\n(gatey 的复数),,,,,0,0,0:gatey/1:s,,
GATF,1,,Graphic Arts Technical Foundation 书画刻印术技术基金会,,,,,0,0,,,
gatfield,,,[网络] 加特费尔德；加特弗尔德,,,,,0,0,s:gatfields,,
gatfields,,,[网络] 加特费尔德；加特弗尔德\n(gatfield 的复数),,,,,0,0,0:gatfield/1:s,,
gath,ɡɑ:θ,,n. 迦特（基督教《圣经》中腓力斯五大城市之一）,,,,,0,0,s:gaths,,
gath (gat),,,迦特,,,,,0,0,,,
Gath-hepher,,,[网络] 加特赫费尔；迦特希弗；迦特希弗人,,,,,0,0,,,
Gath-rimmon,,,[网络] 迦特临门,,,,,0,0,,,
Gatha,,,[网络] 偈；偈颂；偈陀,,,,,0,0,,,
gathamercy,,,[网络] 礼仪,,,,,0,0,,,
Gathas,,,[网络] 偈颂；迦泰；偈颂选,,,,,0,0,,,
gathe,,,[网络] 盖迪,,,,,0,0,,,
gather,'gæðә,n. sewing consisting of small folds or puckers made by pulling tight a thread in a line of stitching\nn. the act of gathering something\nv. assemble or get together\nv. conclude from evidence,"n. 集合, 聚集\nvi. 聚集, 集合, 渐增\nvt. 使聚集, 搜集, 积聚",n:1/v:99,4,1,gk cet4 cet6 ky,1778,1347,d:gathered/p:gathered/i:gathering/3:gathers/s:gathers,,
gather a breath,,,缓一口气,,,,,0,0,,,
gather a crowd,,,[法] 聚众,,,,,0,0,,,
gather a crowd and make disturbances,,,聚众闹事,,,,,0,0,,,
gather around,,,"围拢; 支持, 拥护",,,,,0,0,,,
gather breath,,,喘过气来,,,,,0,0,,,
gather color,,,血气变好,,,,,0,0,,,
gather colour,,,气色变好,,,,,0,0,,,
gather data,,,[网络] 收集数据；数据收集；搜集数据,,,,,0,0,,,
gather density,,,聚集密度,,,,,0,0,,,
gather dust,,,[网络] 积灰；积灰尘；因太久没使用而生灰尘,,,,,0,0,,,
gather flesh,,,"v. 长胖,发福",,,,,0,0,,,
gather fresh way,,,[网络] 迅速猛进,,,,,0,0,,,
gather from,,,"从…获悉,根据…推测",,,,,0,0,,,
gather ground,,,"得势,佔上风,佔优势;好转,取得进展",,,,,0,0,,,
gather head,,,"化脓, 酝酿成熟, 渐增",,,,,0,0,,,
gather heart,,,"鼓起勇气,打起精神",,,,,0,0,,,
gather hole,,,取料口,,,,,0,0,,,
gather in,ˈɡæðə in,, 聚拢; 收;  收贮; 打折褶,,,,,0,0,,,
gather in swarms,,,蜂聚,,,,,0,0,,,
gather information,ˈɡæðə ˌɪnfəˈmeiʃən,, 收集信息,,,,,0,0,,,
gather life's roses,,,享乐，寻欢作乐；寻欢作乐，享受人生的乐趣,,,,,0,0,,,
gather material,,,资料搜集,,,,,0,0,,,
gather momentum,,,[网络] 不断兴起,,,,,0,0,,,
gather on,,,"望见,看到,盯着",,,,,0,0,,,
gather one's thoughts,,,[网络] 集中思想,,,,,0,0,,,
gather one's wits,,,na. 聚精会神\n[网络] 做准备,,,,,0,0,,,
gather oneself together,,,"振作起来,打起精身,鼓起勇气",,,,,0,0,,,
gather oneself up,,,"鼓起勇气,打起精神,集中全力",,,,,0,0,,,
gather out,,,"选出,挑出",,,,,0,0,,,
gather pace,,,[网络] 事情发展很快,,,,,0,0,,,
gather qi together,,,聚气,,,,,0,0,,,
gather rod,,,集茎秆,,,,,0,0,,,
gather rosebuds,,,[网络] 收集玫瑰花蕾,,,,,0,0,,,
gather roses,,,寻欢作乐,,,,,0,0,,,
gather round,,,"围拢; 支持, 拥护",,,,,0,0,,,
gather speed,,,na. 加速\n[网络] 逐渐加速；比如词组；加快速度,,,,,0,0,,,
gather steam,,,"v. 积累蒸汽,高涨",,,,,0,0,,,
gather strength,,,"积聚力量,逐渐恢复体力",,,,,0,0,,,
gather to,,,使向…聚拢; 使集拢,,,,,0,0,,,
gather to a head,,,(疖肿)化脓；(机会 、时机等)成熟,,,,,0,0,,,
gather together,,,"收集,集合,集聚,集拢",,,,,0,0,,,
gather up,,,"收集起, 蜷曲, 概括",,,,,0,0,,,
gather up of wooden container,,,[包装] 木包装容器材积,,,,,0,0,,,
gather up the thread,,,"接续前功,继续做下去,持续下去",,,,,0,0,,,
gather up the threads,,,综合分别处理的问题,,,,,0,0,,,
gather volume,,,"增大,变大",,,,,0,0,,,
gather way,,,(船)开始前进,,,,,0,0,,,
gather wool,,,[网络] 羊毛收集起来,,,,,0,0,,,
gather write,,,[计] 集中写,,,,,0,0,,,
gather your wits,,,[网络] 收集你的智慧,,,,,0,0,,,
gather'd,,,[网络] 聚集,,,,,0,0,,,
gather-bag,,,[网络] 聚集袋,,,,,0,0,,,
gather-write,,,n. 集中写,,,,,0,0,,,
gather-write/scatter-read,,,[计] 集中写一分散读,,,,,0,0,,,
gatherable,'ɡæðəeɪbl,a. Capable of being gathered or collected; deducible from\n   premises.," 可收集的, 可计[测]量的, 可推测的",,,,,0,0,,,
gathercoal,,,[网络] gather,,,,,0,0,,,
gathercole,,, [人名] 盖瑟科尔,,,,,0,0,s:gathercoles,,
gathercoles,,, [人名] 盖瑟科尔\n(gathercole 的复数),,,,,0,0,0:gathercole/1:s,,
gathered,'gaðəd,v assemble or get together\nv collect in one place\nv collect or gather\nv conclude from evidence\nv draw together into folds or puckers\nv get people together\nv draw and bring closer\nv look for (food) in nature\nv increase or develop\na brought together in one place,v. （使）聚集（ gather的过去式和过去分词 ）; 集合; 推断; 了解,j:100,,,,14031,13172,0:gather/1:dp,,
gathered around,,,[网络] 聚集在；围聚,,,,,0,0,,,
gathered breast,,,[医] 乳房脓肿,,,,,0,0,,,
gathered dust,,,积灰,,,,,0,0,,,
gathered in,,,na. 收获〔口语〕拾得\n[网络] 被收敛,,,,,0,0,,,
gathered round,,,聚集,,,,,0,0,,,
gathered skirt,,,收裥裙\n打裥裙,,,,,0,0,s:gathered skirts,,
gathered skirts,,,收裥裙\n打裥裙,,,,,0,0,0:gathered skirt/1:s,,
gathered up,,,"na. 收集；总括(事件)；蜷缩(手,脚等)；集中力量",,,,,0,0,,,
gathered work,,,收集工作；叠配,,,,,0,0,,,
gatherer,'^æðәrә,n. a person who gathers,"n. 采集者, 收集器",n:100,,,,24108,23791,s:gatherers,,
gatherer board,,,(玉米收获机的)集茎器;(捡拾器的)收集导入板,,,,,0,0,,,
gatherer rod,,,集茎杆,,,,,0,0,,,
gatherer shoe,,,集禾器滑脚,,,,,0,0,,,
gatherer stitching machine,,,[印刷] 配页订书联动机,,,,,0,0,,,
gatherer-stitcher,,,配订联动机,,,,,0,0,,,
gatherers,ˈɡæðərəz,n. a person who gathers\nn. a person who is employed to collect payments (as for rent or taxes),"n. 收集器, 收集者( gatherer的复数形式 )",,,,,0,0,0:gatherer/1:s,,
gatherersticher,'ɡæðərərstɪtʃər,,n. 配订联动机,,,,,0,0,,,
gatherest,'gæðə,,"vt.\n使聚集，使汇拢，使集中，使集合，召集：\nGather\nthe men together and we’ll start the march.\n把人集中起来，我们要出发了。\nA rolling stone gathers no moss.\n滚石不生苔。\n搜集；收集；收拾：\nHe was busy gathering information about birds.\n他忙于搜集有关鸟类的资料。\nto gather sticks for fire\n拾柴烧火\n围住，包围，裹住：\nto gather a blanket about one's legs\n用毯子裹住双腿\nShe gathered the shawl about her shoulders to keep out the wind.\n为了抵御风寒，她用披肩裹住了她的双肩。\n收(庄稼、税等)，收割(农作物)；采集：\nShe was gathering flowers for dinner table.\n她正在采集摆放在餐桌上的鲜花。\nto gather crops\n收庄稼\n得出…的想法(或印象)；推断(出)；推测，臆测；断定：\nI gather that you disagree.\n我猜想你不同意。\n积聚(力量)；鼓足(劲头等)；使振作，使镇定；使有准备：\nHe gathered up his strength for the new job.\n他鼓足劲头来开展新的工作。\n吸引，成为…的注意中心：\nA good football game always gathers a crowd.\n一场精彩的足球赛总能吸引大批观众。\n渐渐取得，逐渐增加，增加：\nto gather speed\n逐渐加速\nThe wind was gathering strength.\n风越吹越劲。\n给(衣裙等)打褶：\na gathered skirt\n打褶的裙子\n使皱拢；皱起(眉头)：\nHe gathered his brows into a frown.\n他紧锁眉头。\n拉近，把…拉在一起；拥抱：\nShe gathered the crying child in her arms.\n她把哭着的小孩抱在怀中。\n【印刷】(为装订)配页，排书，按顺序整理好\nvi.\n聚集，聚拢，集拢，集合：\nA crowd gathered to see what had happened.\n一群人聚集在那儿看究竟发生了什么。\nThe clouds are gathering,it will probably rain.\n乌云在集结，天可能要下雨。\n增加，增长，积累：\nThe dusk is gathering.\n暮色渐浓。\n皱起来，(眉头)皱拢，蹙眉\n化脓，生脓；(脓疮)出头；溃烂\nn.\n聚集，聚拢\n收缩；皱起\n[常用复数]皱裥；打褶裥织物\n(如一个收获季节等)收获(或收集、采集)的数量\n【材料学】(制造玻璃器具时吹管端部的)料滴，料块，挑料\n(汽车前轮的)前束\n近义词:\naccumulate\n. collect\n. assemble\n. hoard\n. muster\n反义词:\nseparate\n短语:\nbe gathered to one's fathers\n死，去见老祖宗\ngather breath\n换气，喘气\ngather colour\n(脸色)变得红润\ngather ground\n增多；进步，有进展；得势\ngather head\n(时机、形势等)成熟\n(疖肿)化脓\n(风等)逐渐增加\ngather(life's) roses\n享乐，寻欢作乐\ngather oneself together(或 up)\n振作精神；鼓足勇气；集中全力\ngather to a head\n(疖肿)化脓\n(机会 、时机等)成熟",,,,,0,0,,,
gathereth,,,[网络] 聚集,,,,,0,0,,,
gatherihg pipeline,,,[化] 集油管线; 集气管线; (油气)集输管线,,,,,0,0,,,
gatherin,,,na. 收获〔口语〕拾得\n[网络] 收割；尽量收集进来；聚集,,,,,0,0,,,
gatherin',,,na. 收获〔口语〕拾得\n[网络] 收割；尽量收集进来；聚集,,,,,0,0,,,
gathering,'gæðәriŋ,n. a group of persons together in one place,"n. 聚集, 集中, 采集\n[化] 富集",j:1/n:99,2,,cet6,4936,3999,0:gather/1:i/s:gatherings,,
gathering agent,,,[化] (螯合金属)搜集剂,,,,,0,0,,,
gathering and digging arm loader,,,蟹立爪装载机,,,,,0,0,,,
gathering and transferring of oil-gas,,,[油气] 油气集输,,,,,0,0,,,
gathering and transportation pipeline,,,[油气] 集输管道,,,,,0,0,,,
gathering area,,,储集区,,,,,0,0,,,
gathering arm,,,耙爪,,,,,0,0,,,
gathering arm loader,,,蟹爪式装载机,,,,,0,0,,,
gathering around,,,簇拥，聚集在,,,,,0,0,,,
gathering attachment,,,集茎器,,,,,0,0,,,
gathering auger,,,收集堆运螺旋,,,,,0,0,,,
gathering beam,,,导弹制导波束,,,,,0,0,,,
gathering board,,,un. 集茎器,,,,,0,0,,,
gathering bubble,,,挑料气泡,,,,,0,0,,,
gathering center,,,集输中心,,,,,0,0,,,
gathering chain,,,(玉米联合收获机的)集茎夹送链,,,,,0,0,,,
gathering coal,,,na. (使火终夜不熄的)封火煤,,,,,0,0,,,
gathering comb,,,采集梳,,,,,0,0,,,
gathering conveyer,,,集矿[集煤]运输机;总装配输送机;转载运输机,,,,,0,0,,,
gathering conveyor,ˈgæðərɪŋ kənˈveɪə,, 集矿运输机,,,,,0,0,,,
gathering cry,,,战斗召集令,,,,,0,0,,,
gathering data,,,[网络] 蒐集材料；收集资料,,,,,0,0,,,
gathering device,,,(玉米收获机的)集茎夹送装置;收集器,,,,,0,0,,,
gathering drum,,,集草滚筒,,,,,0,0,,,
gathering dust,,,积灰,,,,,0,0,,,
gathering economy,,,采集经济,,,,,0,0,,,
gathering ground,,,集水区;汇水区,,,,,0,0,,,
gathering hairs,,,[昆] 钩毛,,,,,0,0,,,
gathering haulage,,,汇集调车,,,,,0,0,,,
gathering head,,,集聚头,,,,,0,0,,,
gathering hole,,,"挑料口,操作口,作业窗",,,,,0,0,,,
gathering hoop,,,[网络] 聚集箍,,,,,0,0,,,
gathering in,,,na. 收获〔口语〕拾得,,,,,0,0,,,
gathering industries,,,採集业,,,,,0,0,,,
gathering into heap,,,[食品] 攒堆,,,,,0,0,,,
gathering iron,,,挑料杆,,,,,0,0,,,
gathering line,,,收集管线,,,,,0,0,,,
gathering loader,,,集合装卸机,,,,,0,0,,,
gathering locomotive,,,集中运输用电机车;聚运电机车,,,,,0,0,,,
gathering loss,,,收集损失,,,,,0,0,,,
gathering machine,,,收集机,,,,,0,0,,,
gathering main roadway,,,集中大巷,,,,,0,0,,,
gathering mine locomotive,,,调车电机车,,,,,0,0,,,
gathering mold,,,吸料模,,,,,0,0,,,
gathering motor,,,调车电机车,,,,,0,0,,,
gathering note,,,会众音高,,,,,0,0,,,
gathering of heroes,,,[网络] 群英会,,,,,0,0,,,
gathering of the clans,,,亲戚朋友的团聚；意气相投者的聚会,,,,,0,0,,,
gathering of wagons,,,货车的集结,,,,,0,0,,,
gathering operation,,,积聚工序,,,,,0,0,,,
gathering pallet,,,集结棘爪;齿板拨钉,,,,,0,0,,,
gathering peascods,,,採豆荚舞(英国),,,,,0,0,,,
gathering place,,,聚集地,,,,,0,0,s:gathering places,,
gathering places,,,聚集地,,,,,0,0,0:gathering place/1:s,,
gathering plowing,,,内转耕法,,,,,0,0,,,
gathering pump,,,辅助小水泵,,,,,0,0,,,
gathering ring,,,"挑料环,甏圈(坩埚圈),浮环",,,,,0,0,,,
gathering roll,,,(拉丝)集束轮(玻璃纤维),,,,,0,0,,,
gathering rosebuds,,,[网络] 收集玫瑰花蕾,,,,,0,0,,,
gathering round,,,聚集,,,,,0,0,,,
gathering screw,,,收集螺旋,,,,,0,0,,,
gathering shaker,,,集中簸动运输机,,,,,0,0,,,
gathering shield,,,集禾器罩,,,,,0,0,,,
gathering shoe,,,(玻璃纤维拉丝)集束器,,,,,0,0,,,
gathering sill,,,导向[料]槽,,,,,0,0,,,
gathering speed,,,增长速率,,,,,0,0,,,
gathering station,,,收集站,,,,,0,0,,,
gathering stock,,,局部镦粗,,,,,0,0,,,
gathering system,,,收集系统,,,,,0,0,,,
gathering system of natural gas,,,天然气采集系统,,,,,0,0,,,
gathering tank,,,[化] 集油罐; 收集罐,,,,,0,0,,,
gathering temperature,,,挑料温度,,,,,0,0,,,
gathering track,,,"汇集轨道, 梯形轨道",,,,,0,0,,,
gathering unit,,,收集装置;集拢装置,,,,,0,0,,,
gathering up,,,"na. 收集；总括(事件)；蜷缩(手,脚等)；集中力量\n[网络] 收拾；归入",,,,,0,0,,,
gathering width,,,割宽；收集宽度,,,,,0,0,,,
gathering zone,,,积聚带,,,,,0,0,,,
gathering-arm,,,扒爪,,,,,0,0,,,
gathering-arm loader,,,扒爪装载机,,,,,0,0,,,
gathering-cry,'ɡæðəriŋkrai,,n. 战斗召集令,,,,,0,0,,,
gathering-ground,'ɡæðəriŋɡraund,,n. 【地质学】集水区,,,,,0,0,,,
gathering-place,,,聚集地,,,,,0,0,s:gathering-places,,
gathering-places,,plural of gathering-place,(gathering-place 的复数) 聚集地,,,,,0,0,0:gathering-place/1:s,,
gatherings,'ɡæðərɪŋz,n. a group of persons together in one place\nn. the social act of assembling\nn. the act of gathering something,n. 聚集( gathering的复数形式 ); 收集; 采集; 搜集,,,,,0,0,0:gathering/1:s,,
Gatherman's reaction,,,"[医] 加特尔曼氏反应, 孕二醇反应(检孕)",,,,,0,0,,,
gatherround,,,"围拢,聚拢;团结起来给予援助",,,,,0,0,,,
gathers,,n sewing consisting of small folds or puckers made by pulling tight a thread in a line of stitching\nn the act of gathering something\nv assemble or get together\nv collect in one place\nv collect or gather\nv conclude from evidence\nv draw together into folds or puckers\nv get people together\nv draw and bring closer\nv look for (food) in nature\nv increase or develop,n. 碎褶；密褶（gather的复数）,,,,,0,0,0:gather/1:3,,
gathers dust,,,积灰,,,,,0,0,,,
gathers in,,,na. 收获〔口语〕拾得,,,,,0,0,,,
gathers up,,,"na. 收集；总括(事件)；蜷缩(手,脚等)；集中力量",,,,,0,0,,,
gatherted,,,"聚集的,积聚的",,,,,0,0,,,
gatheru,,,[网络] gather u,,,,,0,0,,,
gatherum,'ɡæðərʌm,,n. [口语]混合物；杂物,,,,,0,0,s:gatherums,,
gatherums,,,n. (Gatherum)人名；(英)盖思勒姆,,,,,0,0,0:gatherum/1:s,,
Gathic,,,[网络] 耐心的,,,,,0,0,s:gathics,,
gathics,,,[网络] 耐心的\n(gathic 的复数),,,,,0,0,0:gathic/1:s,,
gathright,,, [人名] 加思赖特,,,,,0,0,,,
gaths,ɡɑ:θ,,n. 迦特（基督教《圣经》中腓力斯五大城市之一）,,,,,0,0,0:gath/1:s,,
Gathurst powder,,,[化] 伽瑟斯特炸药,,,,,0,0,,,
gati,,, [人名] 加蒂; [地名] [多哥、印度尼西亚] 加蒂,,,,,0,0,,,
gatica,,,[网络] 加蒂卡花,,,,,0,0,,,
Gatico,,,[地名] 加蒂科 ( 智 ),,,,,0,0,,,
gatien,,,[网络] 盖斯昂；盖亭；加汀,,,,,0,0,s:gatiens,,
gatiens,,,[网络] 盖斯昂；盖亭；加汀\n(gatien 的复数),,,,,0,0,0:gatien/1:s,,
gatifloxacin,,,[网络] 加替沙星；盐酸加替沙星；抗生素加替沙星,,,,,0,0,,,
Gatinar,,,复方乳果糖糖浆,,,,,0,0,,,
Gatineau,,,n. 加蒂诺（加拿大地区名）；积姬仙奴（化妆品名）,,,,,0,0,,,
Gatineau R.,,,[地名] 加蒂诺河 ( 加 ),,,,,0,0,,,
Gatineau River,,,[网络] 诺河；加蒂诺河；魁省加蒂诺河,,,,,0,0,,,
gating,'^eitiŋ,v supply with a gate\nv control with a valve or other device that functions like a gate\nv restrict (school boys') movement to the dormitory or campus as a means of punishment,"[计] 选通, 控制",,,,,0,0,0:gate/1:i/s:gatings,,
gating advance angle,,,触发超前角,,,,,0,0,,,
gating and feeding,,,[机] 浇冒口方案,,,,,0,0,,,
gating and risering,,,[机] 浇冒口方案,,,,,0,0,,,
gating capabilities,,,选通能力,,,,,0,0,,,
gating circuit,,,[电] 遮没电路,,,,,0,0,,,
gating code,,,[计] 选通码,,,,,0,0,,,
gating contact,,,[网络] 选通接头,,,,,0,0,,,
gating current,,,门控电流,,,,,0,0,,,
gating delay angle,,,触发延迟角,,,,,0,0,,,
gating design,,,浇口设计,,,,,0,0,,,
gating element,,,[计] 门控元件,,,,,0,0,,,
gating event,,,(电子门)选通事件,,,,,0,0,,,
gating impulse,,,"选通脉冲,门脉冲",,,,,0,0,,,
gating in range,,,测距的选通,,,,,0,0,,,
gating insert,,,[塑料] 浇口镶块,,,,,0,0,,,
gating line,,,[计] 选通线路,,,,,0,0,,,
gating line-scan,,,选通行扫描,,,,,0,0,,,
gating matrix,,,[计] 控制矩阵,,,,,0,0,,,
gating mechanism,,,闸门机制,,,,,0,0,,,
gating method,,,开浇口方法,,,,,0,0,,,
gating module,,,选通微型器件,,,,,0,0,,,
gating nozzle,,,加闸喷嘴,,,,,0,0,,,
gating pattern,,,浇冒口铸模,,,,,0,0,,,
gating practice,,,浇口操作,,,,,0,0,,,
gating proportion,,,浇口比,,,,,0,0,,,
gating pulse,,,"[计] 选通脉冲, 门控脉冲",,,,,0,0,,,
gating pulse generator,,,选通脉冲发生器,,,,,0,0,,,
gating ratio,,,浇口比,,,,,0,0,,,
gating signal,,,选通信号,,,,,0,0,,,
gating stage,,,选通级,,,,,0,0,,,
gating switch,,,选通开关,,,,,0,0,,,
gating system,,,[机] 浇流系统,,,,,0,0,,,
gating system plan,,,[机] 浇流系方案,,,,,0,0,,,
gating technique,,,脉冲选通技术,,,,,0,0,,,
gating techniques,,,脉冲选通技术,,,,,0,0,,,
gating time,,,[计] 选通时间,,,,,0,0,,,
gating unit,,,选通单元,,,,,0,0,,,
gating waveform,,,[电] 冲闸,,,,,0,0,,,
gating with run-off,,,[机] 浇满,,,,,0,0,,,
gatings,'ɡeɪtɪŋ,,n. 闸，选通\nv. 给…安装门；用门控制（gate的ing形式）,,,,,0,0,0:gating/1:s,,
gatinon,,,[机] 草隆,,,,,0,0,,,
gatins,,,[网络] 加通,,,,,0,0,,,
gation,,,[网络] 的缀合,,,,,0,0,,,
gatism,,,[医] 大小便失禁,,,,,0,0,,,
gatitos,,,[网络] 加蒂托,,,,,0,0,,,
gatka,,,[网络] 盖塔卡,,,,,0,0,,,
gatkruip,,,[网络] 加特克鲁皮,,,,,0,0,,,
gatland,,, [人名] 加特兰,,,,,0,0,,,
gatley,,, [人名] 加特利; [地名] [英国] 加特利,,,,,0,0,,,
gatlin,,,n. 加特林（人名）\nn. (Gatlin)人名；(英)加特林,,,,,0,0,,,
gatlinburg,,, [地名] [美国] 加特林堡,,,,,0,0,,,
Gatling,'gætliŋ,n. United States inventor of the first rapid firing gun (1818-1903),n. 格林机关枪,,,,,0,0,s:gatlings,,
Gatling gun,,,[军] 格特林机枪,,,,,0,0,s:gatling guns,,
Gatling guns,,,[网络] 格林机枪；关枪；格林枪,,,,,0,0,0:gatling gun/1:s,,
Gatling-gun,,,na. 格林炮；格林式机枪\n[网络] 加特林机枪；格林机枪；格林机关枪,,,,,0,0,,,
Gatlings,,,[网络] 谷歌,,,,,0,0,0:gatling/1:s,,
gatnon,,,[农药] 噻草隆,,,,,0,0,,,
gato,,,n. (Gato)人名；(西、葡)加托\n起飞时载油量（=gasoline at take off）,,,,,0,0,,,
"Gato, R.",,,[地名] 加托河 ( 哥斯、西 ),,,,,0,0,,,
Gaton,,,加顿,,,,,0,0,,,
gatooma (kadoma),,,加土马,,,,,0,0,,,
gatophilia,,,[医] 嗜猫癖,,,,,0,0,,,
gatophobia,,,[医] 猫恐怖,,,,,0,0,,,
gator,'ɡeitә,n either of two amphibious reptiles related to crocodiles but with shorter broader snouts,n. 短吻鳄,n:100,,,,0,14305,s:gators,,
gator bait,,,[网络] 风扇车,,,,,0,0,,,
Gator Bowl,,,[网络] 捧走鳄鱼杯；短吻鳄碗；捧走鳄鱼盃,,,,,0,0,,,
gatorade,",ɡeitə'reid",,n. 佳得乐（一种运动饮料）,,,,,0,0,,,
Gatorades,"'ɡetə,red",,【商标】加多力(美国运动员饮用的一种饮料),,,,,0,0,,,
gatorboard,,"gatorboard (uncountable)\nA rigid but lightweight sheet material composed of a layer foam between thin layers of wood pulp vaneer. Available in a variety of thicknesses from 1/8"" - 1"". Commonly used for mounting photgraphs and graphics.\n",,,,,,0,0,,,
GatorBox,,,[网络] 开特包,,,,,0,0,,,
gatored,'ɡeitə,,gator\n['ɡeitə]\nn.\n[美国南部口语]=alligator [亦作 gater],,,,,0,0,,,
Gatorfoam,,,[网络] 电木展丽板规格表；裱贴於硬质展立板,,,,,0,0,,,
gatorland,,,[网络] 鳄鱼岛；鳄鱼乐园；奥兰多鳄鱼乐园,,,,,0,0,,,
gators,,n. either of two amphibious reptiles related to crocodiles but with shorter broader snouts,n. 短吻鳄( gator的复数形式 ),,,,,0,0,0:gator/1:s,,
gatos,,, [人名] 加托斯,,,,,0,0,,,
gatow,,,[网络] 柏林加图；加托；加托夫,,,,,0,0,s:gatows,,
gatows,,,[网络] 柏林加图；加托；加托夫\n(gatow 的复数),,,,,0,0,0:gatow/1:s,,
gatpot flower,,,阔花绫,,,,,0,0,,,
gatrell,,,[网络] 盖特雷尔,,,,,0,0,,,
gatrillion,,,[网络] 百草,,,,,0,0,,,
gatrillions,,,[网络] 百草,,,,,0,0,,,
Gatruyeh,,,[地名] 加特鲁耶 ( 伊朗 ),,,,,0,0,,,
gats,,,"n. General Agreement on Trade and Service 贸易服务总协定; [计]= General Acceptance Test Software,通用验收测试软件",,,,,0,0,0:gat/1:s,,
Gatsby,,,n. 杰士派（品牌名）；盖茨比（姓）,,,,,40321,0,,,
Gatsby-like,"'ɡætsbi,laik",,adj.\n盖茨比式的;挥霍成性的(源自美国作家Scott Fitzgrald 的名著 The Great Gatsby 中的主人公Gatsby),,,,,0,0,,,
gatsbyesque,,,[网络] 盖茨比式；盖兹比式,,,,,0,0,,,
gatsha,,,[网络] 格夏,,,,,0,0,,,
Gatso,,,[网络] 凯速公司,,,,,0,0,s:gatsoes,,
gatsoes,,,[网络] 凯速公司\n(gatso 的复数),,,,,0,0,0:gatso/1:s,,
gatson,,,[网络] 加松,,,,,0,0,,,
GATT,^æt,n a United Nations agency created by a multinational treaty to promote trade by the reduction of tariffs and import quotas,关贸总协定\n[经] 关税贸易总协定,,,,,8359,0,s:gatts,,
GATT Articles of Agreement,,,[贸易 税收] 关税及贸易总协定的协定条款,,,,,0,0,,,
GATT Customs Valuation Code,,,[贸易 税收] 关税及贸易总协定《关税估价准则》,,,,,0,0,,,
"GATT,Gatt",,,abbr. General Agreement on Tariffs and Trade关(税及)贸(易)总协定,,,,,0,0,,,
gatta,,,[网络] 加塔；丝袜；母猫,,,,,0,0,,,
gattaca,,, [电影]变种异煞; 特卡,,,,,0,0,,,
gattar,,,棉背缎,,,,,0,0,,,
Gattaran,,,加塔朗,,,,,0,0,,,
Gattaz,,,加塔,,,,,0,0,,,
gatte,,,[网络] 块属性编辑；属性块编辑；属性的全局编辑,,,,,0,0,,,
gatted,,,"GATT,Gatt\nabbr.\nGeneral Agreement on Tariffs and Trade关(税及)贸(易)总协定",,,,,0,0,,,
Gattegno,,,加泰尼奥,,,,,0,0,,,
gatten,,,[网络] 加特恩；盖特恩,,,,,0,0,,,
gatten tree,,,[网络] gatten树,,,,,0,0,,,
Gattendorf,,,[地名] 加滕多夫 ( 奥、德 ),,,,,0,0,,,
Gatteo a Mare,,,[地名] 滨海加泰奥 ( 意 ),,,,,0,0,,,
gatter,,,[网络] 重要的,,,,,0,0,,,
gattered,,,[网络] 粉碎,,,,,0,0,,,
Gatterman Koch synthesis,,,加特曼-科赫合成,,,,,0,0,,,
Gatterman reaction,,,[机] 贾特曼反应,,,,,0,0,,,
Gatterman-Koch synthesis,,,[机] 贾特曼-柯克合成,,,,,0,0,,,
Gattermann aldehyde synthesis,,,[化] 加特曼醛合成法(一种甲酰化法),,,,,0,0,,,
Gattermann diazo-reaction,,,[化] 加特曼重氮反应,,,,,0,0,,,
Gattermann reaction,,,【有机化学】加特曼反应,,,,,0,0,,,
Gattermann-Koch reaction,,,[化] 加特曼-科赫反应(一种甲酰化法),,,,,0,0,,,
Gatteville,,,[地名] 加特维尔 ( 法 ),,,,,0,0,,,
gatti,,, [人名] 加蒂,,,,,0,0,s:gattis,,
"Gatti-Casazza, Giulio",'ɡɑ:ttikɑ:'zɑ:ttsɑ:,,加蒂—卡萨扎(1869～1940)，意大利歌剧团经理、美国大都会歌剧院经理(1908～1935),,,,,0,0,,,
Gattii,,,新生隐球菌,,,,,0,0,,,
Gattinara,,,[地名] 加蒂纳拉 ( 意 ),,,,,0,0,,,
gattine,,,[医] 蚕腐败病,,,,,0,0,,,
Gatting,,,abbr. General Agreement on Tariffs and Trade关(税及)贸(易)总协定,,,,,28834,0,,,
gattino,,,[网络] 加蒂诺,,,,,0,0,,,
gattis,,,加蒂\nn. (Gatti)人名；(英、西、意)加蒂,,,,,0,0,0:gatti/1:s,,
gattison,,,[网络] 加蒂松,,,,,0,0,,,
Gattières,,,[地名] 加蒂耶尔 ( 法 ),,,,,0,0,,,
gattnar,,,加特纳尔,,,,,0,0,s:gattnars,,
gattnars,,,加特纳尔\n(gattnar 的复数),,,,,0,0,0:gattnar/1:s,,
gatto,,, [人名] 加托,,,,,0,0,,,
gatton,,, [人名] 加顿; [地名] [澳大利亚] 加顿,,,,,0,0,,,
Gattonside,,,[地名] 加顿赛德 ( 英 ),,,,,0,0,,,
gattorugine,,,[网络] 浅红副鳚,,,,,0,0,s:gattorugines,,
gattorugines,,,[网络] 浅红副鳚\n(gattorugine 的复数),,,,,0,0,0:gattorugine/1:s,,
gatts,gæt,,abbr. 关税暨贸易总协定（General Agreement on Tariffs and Trade）\nn. (Gatt)人名；(法、意、英)加特,,,,,0,0,0:gatt/1:s,,
gattus,,,加图斯,,,,,0,0,,,
gattuso,,,[网络] 加图索；号加图索；加度索,,,,,0,0,,,
gatukai i. (nggatokae i.),,,加杜凯岛,,,,,0,0,,,
gatumbaite,,,n. 水羟磷铝钙石,,,,,0,0,,,
gatun,ɡɑ:'tu:n,, 加通(巴拿马运河区北部城镇，加通坝所在地，坝长1.5 英里),,,,,0,0,s:gatuns,,
gatun lake,,,[网络] 加通湖；加顿湖；嘉顿湖,,,,,0,0,,,
gatuns,ɡɑ:'tu:n,,加通(巴拿马运河区北部城镇，加通坝所在地，坝长1.5 英里),,,,,0,0,0:gatun/1:s,,
gature,,,[网络] 温度,,,,,0,0,,,
Gatvand,,,[地名] 加特万德 ( 伊朗 ),,,,,0,0,,,
gatvol,,"gatvol (comparative more gatvol, superlative most gatvol)\n(South Africa, slang) Completely fed up; very upset.\n",,,,,,0,0,,,
gatward,,, [人名] [英格兰人姓氏] 加特沃德职业名称，看门人，来源于古英语，含义是“大门+保卫者”(gate+guardian); [人名] [英格兰人姓氏] 加特沃德职业名称，牧山羊人，来源于古英语，含义是“山羊+保卫者”(goat+guardian),,,,,0,0,,,
gatwarde,,,[网络] 加特沃德,,,,,0,0,,,
GATWICK,,,n. 盖特威克（伦敦第二大机场）,,,,,12336,0,,,
gatwick airport,,,n. 【旅】盖德维克机场\n[网络] 盖特威克机场；伦敦盖特威克机场；盖威克机场,,,,,0,0,,,
gatz,,,[网络] 盖兹；盖茨；小菊花,,,,,0,0,,,
gatza,,,[网络] 加塔,,,,,0,0,,,
gatzak,,,[网络] 加扎克,,,,,0,0,,,
gatzara petrophila,,,丽纹蚁蛉,,,,,0,0,,,
Gatīra,,,[地名] 加蒂拉 ( 埃塞 ),,,,,0,0,,,
gau,,,abbr. Gay Academic Union 同性恋学术联盟; general acquisition unit 一般探测器; geriatric assessment unit 老年病评估单位,,,,,0,0,s:gaus,,
Gau-Algesheim,,,[地名] 高阿尔格斯海姆 ( 德 ),,,,,0,0,,,
Gau-Bischofsheim,,,[地名] 高比绍夫斯海姆 ( 德 ),,,,,0,0,,,
Gau-Odernheim,,,[地名] 高奥登海姆 ( 德 ),,,,,0,0,,,
gaub,,,[网络] 高伯,,,,,0,0,,,
gaubart,,,[网络] 高巴特,,,,,0,0,,,
gaubatz,,,[网络] 高巴茨,,,,,0,0,,,
gaube,,,n. (Gaube)人名；(法)戈布；(德、罗、捷)高贝,,,,,0,0,,,
gauch,,, [人名] 高奇,,,,,0,0,,,
gauchat,,,[网络] 高查特,,,,,0,0,,,
gauchats,,,[网络] 高粱,,,,,0,0,,,
gauche,gәuʃ,s. lacking social polish,"a. 缺乏社经验的, 笨拙的, 粗鲁的, 无礼的, 偏转的",j:100,,,toefl gre,22412,26552,,,
gauche caviar,,,[网络] 鱼子酱左派；吃鱼子酱的左派人士,,,,,0,0,,,
gauche conformation,,,[化] 歪扭构象; 偏转构象,,,,,0,0,,,
gauche form,,,[化] 邻位交叉式,,,,,0,0,,,
gauche proton,,,间扭式质子,,,,,0,0,,,
gauche quadrilateral,,,捩四边形,,,,,0,0,,,
gauchely,,,adv. gauche的变形,,,,,0,0,,,
gaucheness,'gəuʃnis,n an impolite manner that is vulgar and lacking tact or refinement,n. 不圆滑；缺乏社交经验,,,,,0,0,s:gauchenesses,,
gauchenesses,'gəuʃnis,,n. 不圆滑；缺乏社交经验,,,,,0,0,0:gaucheness/1:s,,
gaucher,,,n. 高雪氏症,,,,,0,0,,,
Gaucher disease,,,戈谢病,,,,,0,0,,,
gaucher mouse,,,高歇氏小鼠,,,,,0,0,,,
gaucher's cell,,,Gaucher氏细胞,,,,,0,0,,,
Gaucher's cells,,,[医] 高歇氏细胞(见于高歇氏病的脾等),,,,,0,0,,,
Gaucher's disease,,,"[医] 高歇氏病, 家族性脾性贫血",,,,,0,0,,,
Gaucher's splenomegaly,,,[医] 高歇氏脾大,,,,,0,0,,,
gaucherie,'gәuʃәri:,n the quality of being rustic or gauche\nn a socially awkward or tactless act,"n. 笨拙, 不老练, 无礼",,,,gre,0,0,s:gaucheries,,
gaucheries,,,n. 笨拙；笨拙举动\n[网络] 笨拙的；水土人；北京,,,,,0,0,0:gauchery/1:s,,
gauchery,,,戈舍里,,,,,0,0,s:gaucheries,,
gauchesco,^ɑj'tʃeskәj,,a. 加乌乔诗体的,,,,,0,0,,,
gauchesque,,,[网络] 高切斯卡,,,,,0,0,,,
gauchest,gəʊʃ,,adj.\n不善交际的，无社交手腕的；不雅致的；粗鲁的，笨拙的，不老练的\n歪扭的，偏转的；非平面的,,,,,0,0,,,
gauchist,'^әjʃist,,"<法>n.激进分子,左派分子",,,,,0,0,,,
gauchiste,ɡəu'ʃi:st,,n. [法语]左倾分子，左派分子，政治上的激进分子,,,,,0,0,,,
Gaucho,'gautʃәu,n. a cowboy of the South American pampas,n. 加骄牧人,n:100,,,,47426,24955,s:gauchos,,
gaucho literature,,,[网络] 高楚文学,,,,,0,0,,,
gaucho pants,,,[网络] 五分喇叭裤,,,,,0,0,,,
gaucho-esque,,,[网络] 高棉式,,,,,0,0,,,
gauchoes,'gaʊtʃəʊ; 'gɔː-,,n. 加乌乔人（居住于南美大草原上的印第安人和西班牙人的混血种族）,,,,,0,0,,,
gauchoesque,,,[网络] 高棉花,,,,,0,0,,,
gauchos,ˈɡautʃəuz,pl.  of Gaucho,n. 南美牧人( gaucho的名词复数 ),,,,,0,0,0:gaucho/1:s,,
gauci,,,[网络] 孤竹；高慈；马耳他人高奇,,,,,0,0,s:gauci,,
Gaucin,,,高辛,,,,,0,0,s:gaucins,,
gaucins,,,高辛\n(gaucin 的复数),,,,,0,0,0:gaucin/1:s,,
gauck,,,[网络] 高克,,,,,0,0,s:gaucks,,
gaucks,,,[网络] 高克\n(gauck 的复数),,,,,0,0,0:gauck/1:s,,
gaucy,,,[网络] 高兴,,,,,0,0,,,
gaud,gɒ:d,n cheap showy jewelry or ornament on clothing,"n. 俗丽装饰, 俗丽仪式",,,,,0,0,s:gauds,,
Gauda,,,n.黄波；高达干酪；高达,,,,,0,0,,,
gaude-flore,,,[网络] 高德花,,,,,0,0,,,
gaudeamus,",^audei'ɑ:mu:s, ,^ɔ:di:'eimәs",,n. 尽情狂欢,,,,,0,0,,,
gaudeamus igitur,,,[网络] 让我们欢乐吧；因此让我们感到欢欣鼓舞；让我们尽情欢乐,,,,,0,0,,,
gauded,gɔːd,imp. & p. p. of Gaud,"n. 低廉而俗丽的装饰品(或小件饰物、首饰等), 好看而无价值的小玩意儿；[常用复数]庸俗的排场(或仪式)",,,,,0,0,,,
gaudefroyite,,,n. 碳硼锰钙石,,,,,0,0,,,
gaudelli,,,[网络] 高德利,,,,,0,0,,,
gauden,,, [人名] 高登,,,,,0,0,s:gaudens,,
gaudencio,,,[网络] 加斯东,,,,,0,0,,,
gaudens,,, [医]戈登（月见草中染色体组）,,,,,0,0,0:gauden/1:s,,
gaudent,,,[网络] 戈当,,,,,0,0,,,
gaudenzi,,,[网络] 宗教物品；高登济；高登西,,,,,0,0,,,
gauderies,,,n. 浮夸的外观；华丽的服装\n[网络] 华丽的服饰；华丽服饰；俗丽的服饰,,,,,0,0,0:gaudery/1:s,,
gauderman,,,[网络] 高德曼,,,,,0,0,,,
gaudery,'^ɔ:dәri,n cheap or pretentious or vain display,n. 华丽的服饰,,,,,0,0,s:gauderies,,
gaudet,,, [人名] 高德特,,,,,0,0,s:gaudets,,
gaudete,,,[网络] 喜乐；高黛特；天使之音,,,,,0,0,s:gaudetes,,
Gaudete Sunday,,,[网络] 喜乐主日,,,,,0,0,,,
gaudetes,,,[网络] 喜乐；高黛特；天使之音\n(gaudete 的复数),,,,,0,0,0:gaudete/1:s,,
gaudets,,, [人名] 高德特\n(gaudet 的复数),,,,,0,0,0:gaudet/1:s,,
gaudette,,, [人名] 高德特,,,,,0,0,,,
gaudez,,,戈代,,,,,0,0,,,
gaudful,,,[网络] 高贵的,,,,,0,0,,,
Gaudi,,n. Spanish architect who was a leading exponent of art nouveau in Europe (1852-1926),n. 高迪（西班牙著名建筑师）,,,,,45908,0,s:gaudis,,
Gaudi i Cornet,,,[网络] 高迪我Cornet,,,,,0,0,s:gaudi i cornets,,
gaudi i cornets,,,[网络] 高迪我Cornet\n(gaudi i cornet 的复数),,,,,0,0,0:gaudi i cornet/1:s,,
Gaudian,,,[网络] 高迪安；高迪恩,,,,,0,0,,,
gaudibert,,,[网络] 高第贝先生,,,,,0,0,,,
gaudibund,,,[网络] 高贵堡,,,,,0,0,,,
gaudichaudii,,,[网络] 大花白鼓钉；硬叶糙果茶,,,,,0,0,,,
gaudier,ˈgɔ:di:ə,s. tastelessly showy\ns. (used especially of clothes) marked by conspicuous display,"a. 花哨的, 俗气的( gaudy的比较级 )",,,,,0,0,0:gaudy/1:r,,
gaudier-brzeska,,,[网络] 斯卡,,,,,0,0,,,
gaudies,'gɔːdɪ,pl.  of Gaudy,a. 华而不实的；俗丽的\nn. 盛大宴会\nn. (Gaudy)人名；(法)戈迪,,,,,0,0,0:gaudy/1:s,,
gaudiest,,s. tastelessly showy\ns. (used especially of clothes) marked by conspicuous display,"a. 花哨的, 俗气的( gaudy的最高级 )",,,,,0,0,0:gaudy/1:t,,
gaudiloquent,,,[网络] 高贵的,,,,,0,0,,,
gaudily,'gɒ:dili,r in a tastelessly garish manner,adv. 俗丽地,r:100,,,,43023,40169,,,
gaudin,,, [人名] 高丁; [地名] [海地] 戈丹,,,,,0,0,s:gaudins,,
gaudin's equation,,,高丁方程式,,,,,0,0,,,
gaudineer,,,[网络] 守望者,,,,,0,0,,,
gaudiness,'gɒ:dinis,n tasteless showiness\nn strident color or excessive ornamentation,"n. 华美, 俗丽",,,,,0,0,s:gaudinesses,,
gaudinesses,'gɔ:dinis,,n. 华美，俗丽的美,,,,,0,0,0:gaudiness/1:s,,
gauding,gɔːd,p. pr. & vb. n. of Gaud,"n. 低廉而俗丽的装饰品(或小件饰物、首饰等), 好看而无价值的小玩意儿；[常用复数]庸俗的排场(或仪式)",,,,,0,0,,,
gaudins,,, [人名] 高丁; [地名] [海地] 戈丹\n(gaudin 的复数),,,,,0,0,0:gaudin/1:s,,
gaudio,,,[网络] 高迪奥；高帝欧,,,,,0,0,,,
gaudious,,,[网络] 高贵的,,,,,0,0,,,
gaudis,,,n. 高迪（西班牙著名建筑师）\n(gaudi 的复数),,,,,0,0,0:gaudi/1:s,,
gaudish,,,[网络] 漂亮,,,,,0,0,,,
gaudium,,,[网络] 喜乐,,,,,0,0,s:gaudiums,,
gaudiums,,,[网络] 喜乐\n(gaudium 的复数),,,,,0,0,0:gaudium/1:s,,
gaudless,,,[网络] 无耻的,,,,,0,0,,,
gaudreau,,,n. (Gaudreau)人名；(法)戈德罗,,,,,0,0,,,
"Gaudreault, L.",,,[地名] 戈德罗湖 ( 加 ),,,,,0,0,,,
gaudroun,,,[网络] 高登,,,,,0,0,,,
gaudryceratid,,,[网络] 苦瓜,,,,,0,0,,,
gaudryceratids,,,[网络] 高甘菊,,,,,0,0,,,
gauds,,n cheap showy jewelry or ornament on clothing,n. 排场,,,,,0,0,0:gaud/1:s,,
gaudsman,,,[网络] 高士,,,,,0,0,,,
gaudy,'gɒ:di,n. (Britain) a celebratory reunion feast or entertainment held a college,"a. 俗丽的, 华而不实的\nn. 盛大宴会",j:100,1,,ielts gre,15441,15011,s:gaudies/r:gaudier/t:gaudiest,,
gaudy as a butterfly,,,像孔雀一样华丽;(穿得)过于艳丽;(装饰得)过分花哨,,,,,0,0,,,
gaudy as a peacock,,,像孔雀一样华丽;(穿得)过于艳丽;(装饰得)过分花哨,,,,,0,0,,,
gaudy day,,,〈英〉(大学)会餐日,,,,,0,0,,,
gaudy ironstone,,,(19世纪中叶英国的)多彩菱铁皿,,,,,0,0,,,
gaudy night,,,[英国英语]狂欢之夜，欢庆之夜,,,,,0,0,,,
gaudy-day,,,[网络] 会餐日；英格兰暑假第二天,,,,,0,0,,,
gaudy-green,,,[网络] 华丽绿,,,,,0,0,,,
gaue,,,[网络] 纳粹省党部,,,,,0,0,,,
Gauernitz,,,[地名] 高尔尼茨 ( 德 ),,,,,0,0,,,
Gauersheim,,,[地名] 高尔斯海姆 ( 德 ),,,,,0,0,,,
Gauerstadt,,,[地名] 高尔施塔特 ( 德 ),,,,,0,0,,,
gauffer,'^ɔ:fә(r),n an iron used to press pleats and ridges\nn an ornamental frill made by pressing pleats\nv make wavy with a heated goffering iron,"n. (服饰,衣帽等的)皱褶, 襞",,,,,0,0,s:gauffers,,
gauffer calender,,,[化] (橡胶制品)浮花压制机; 凹凸纹轧花机; 印纹轧压机,,,,,0,0,,,
gauffer machine,,,皱褶机,,,,,0,0,,,
gauffered,'^ɔ:fәd,v make wavy with a heated goffering iron,"成波形的, 皱褶的, 皱纹的, 压成波纹的, 作成浮花的",,,,,0,0,,,
gauffered board,,,[化] 皱纹纸板; 波面纸板,,,,,0,0,,,
gauffered calender,,,浮花压延机,,,,,0,0,,,
gauffered cloth,,,[化] 轧纹布,,,,,0,0,,,
gauffered fabric,,,[化] 轧纹布,,,,,0,0,,,
gauffering,'ɡɔ:fəriŋ,n. A mode of plaiting or fluting.,n. =goffering,,,,,0,0,,,
gauffering iron,,,[网络] 运动铁,,,,,0,0,s:gauffering irons,,
gauffering irons,,,[网络] 运动铁\n(gauffering iron 的复数),,,,,0,0,0:gauffering iron/1:s,,
gaufferings,'ɡɔ:fəriŋ,,n.\n=goffering,,,,,0,0,,,
gauffers,,,n. 皱褶\nv. 压出皱褶\n[网络] 压制波纹；绉折；轧花类,,,,,0,0,0:gauffer/1:s,,
gauffrage effect,,,轧花效应,,,,,0,0,,,
gauffre,'ɡɔ:fr,"n. A gopher, esp. the pocket gopher.", 拷花；轧花,,,,,0,0,,,
gauffres,,,[网络] 威化,,,,,0,0,,,
gaufrage,,,=plaiting,,,,,0,0,s:gaufrages,,
gaufrages,,,=plaiting,,,,,0,0,0:gaufrage/1:s,,
gaufre,,,[网络] 松饼；华夫饼；维福饼干,,,,,0,0,,,
gaug,,,[网络] 官阿海；表底数；哥廷根大学,,,,,0,0,s:gaugs,,
gaugable,,,[网络] 可测量,,,,,0,0,,,
gaugamela,,, [地名] [亚洲西部] 高加米拉（历史地名）,,,,,0,0,,,
"Gaugamela, Battle of",,,高加米拉之战,,,,,0,0,,,
gauge,geidʒ,n. a measuring instrument for measuring and indicating a quantity such as the thickness of wire or the amount of rain etc.\nn. accepted or approved instance or example of a quantity or quality against which others are judged or measured or compared\nn. the distance between the rails of a railway or between the wheels of a train\nn. the thickness of wire,"n. 标准度量, 计量器\nvt. 精确计量, 估计\n[计] 线规",v:23/n:77,2,,cet4 cet6 ky toefl ielts gre,6448,6046,s:gauges/d:gauged/i:gauging/p:gauged/3:gauges,,
gauge (gage),,,规，量规，号规，表，针，轨距,,,,,0,0,,,
gauge (gage) point,,,标点,,,,,0,0,,,
gauge a ship,,,测船的吃水量,,,,,0,0,,,
gauge adjusting clip,,,[网络] 轨距调节扣板,,,,,0,0,,,
gauge adjustment,,,轨距调整,,,,,0,0,,,
gauge annunciator,,,[网络] 表式示号器,,,,,0,0,,,
gauge apron,,,轨距挡板,,,,,0,0,,,
gauge auger,,,匙形钻,,,,,0,0,,,
gauge ball,,,球规,,,,,0,0,,,
gauge bar,,,规杆,,,,,0,0,,,
gauge bit,,,成形车刀,,,,,0,0,,,
gauge block,,,[化] 块规; 量块,,,,,0,0,,,
gauge block (block gauge),,,规距块，块规,,,,,0,0,,,
gauge blocks,,,[网络] 量块；量规；块规,,,,,0,0,,,
gauge board,,,[计] 仪表板,,,,,0,0,,,
gauge bob,,,[化] 测深锤,,,,,0,0,,,
gauge bonding agent,,,变片粘合剂,,,,,0,0,,,
gauge boson,ɡeidʒ ˈbəusɔn,, 规范玻色子,,,,,0,0,s:gauge bosons,,
gauge bosons,,,[网络] 规范玻色子；中间玻色子；测量波色,,,,,0,0,0:gauge boson/1:s,,
gauge box,,,量料箱,,,,,0,0,,,
gauge bush,,,量用轴瓦,,,,,0,0,,,
gauge button,,,量砧,,,,,0,0,,,
gauge calibration,,,量规校准,,,,,0,0,,,
gauge calipers,,,"卡规,量规",,,,,0,0,,,
gauge callipers,,,un. 卡规,,,,,0,0,,,
Gauge Chart,,,[网络] 计量器图表；衡量图表；仪表板图,,,,,0,0,,,
gauge circuit,,,应变计片电路,,,,,0,0,,,
gauge cock,,,n. (锅炉)试水位旋塞,,,,,0,0,,,
gauge cock body,,,验水位塞体,,,,,0,0,,,
gauge cocks,,,试水位旋塞,,,,,0,0,,,
gauge condition,,,规范条件,,,,,0,0,,,
gauge connection,,,规管连接,,,,,0,0,,,
gauge constant of transducer,,,换能器量规常数,,,,,0,0,,,
gauge control,,,厚度控制,,,,,0,0,,,
gauge control unit,,,"量规控制单元, 真空计控制单元",,,,,0,0,,,
gauge controller,,,测厚计,,,,,0,0,,,
gauge conversion,,,改变轨距,,,,,0,0,,,
gauge corner head checks,,,轨距角端头部干裂,,,,,0,0,,,
gauge correlation,,,水尺关连,,,,,0,0,,,
gauge covariance,,,规范协方差,,,,,0,0,,,
gauge covariant,,,[数] 规范共变的,,,,,0,0,,,
gauge datum,,,测站基面,,,,,0,0,,,
gauge device,,,量规装置,,,,,0,0,,,
gauge diameter,,,[螺纹]基准直径,,,,,0,0,,,
gauge distortion,,,[化] 厚薄不匀,,,,,0,0,,,
gauge door,,,[矿业] 调节风门,,,,,0,0,,,
gauge face glass,,,玻璃液面表,,,,,0,0,,,
gauge face wear,,,轨距面磨耗,,,,,0,0,,,
gauge factor,,,量规因数,,,,,0,0,,,
gauge feeler,,,探规,,,,,0,0,,,
gauge field,,,规范场,,,,,0,0,,,
gauge field theory,,,规范场论,,,,,0,0,,,
gauge finder,,,仿形板,,,,,0,0,,,
gauge fixing,,,规范固定,,,,,0,0,,,
gauge for sleepers distance,,,轨枕距尺,,,,,0,0,,,
gauge for ties distance,,,轨枕距尺,,,,,0,0,,,
gauge for transit vehicles,,,联运车辆限界,,,,,0,0,,,
gauge function,,,度规函数,,,,,0,0,,,
gauge ghost,,,[网络] 测量鬼,,,,,0,0,,,
gauge ghosts,,,[网络] 测量鬼,,,,,0,0,,,
gauge glass,,,[化] 玻璃液面计; 玻璃管液面计; 计液玻管,,,,,0,0,,,
gauge glass cap,,,玻璃示位表盖,,,,,0,0,,,
gauge glass cone,,,[网络] 水位表锥形环,,,,,0,0,,,
gauge glass cutter,,,玻璃割刀,,,,,0,0,,,
gauge glass fittings,,,[网络] 玻璃液位表附件,,,,,0,0,,,
gauge glass packing,,,[网络] 玻璃液位表填料,,,,,0,0,,,
gauge glass protector,,,玻璃液位表护罩,,,,,0,0,,,
gauge group,,,规范群,,,,,0,0,,,
gauge hatch,,,[化] 计量口; 计量孔,,,,,0,0,,,
gauge head,,,"测头,表头,塞规",,,,,0,0,,,
gauge height,,,【水文学】=stage,,,,,0,0,,,
gauge hole,,,计量孔,,,,,0,0,,,
gauge indicating unit,,,真空计指示单元,,,,,0,0,,,
gauge interaction,,,规范相互作用,,,,,0,0,,,
gauge interferometer,,,规块干涉仪,,,,,0,0,,,
gauge invariance,,,[化] 规范不变性,,,,,0,0,,,
gauge invariant,,,"度规不变式,规范不变量",,,,,0,0,,,
gauge irregularity,,,轨距不整,,,,,0,0,,,
gauge lamp,,,仪表灯,,,,,0,0,,,
gauge lath,,,【土木工程】挂瓦条,,,,,0,0,,,
gauge lathe,,,样板机床,,,,,0,0,,,
gauge length,,,[化] 计量长度; 标距长度,,,,,0,0,,,
gauge length strain,,,标距应变,,,,,0,0,,,
gauge level instrument,,,轨距水平仪,,,,,0,0,,,
gauge light,,,校准光,,,,,0,0,,,
gauge line,,,[电] 轨距线,,,,,0,0,,,
gauge line (gage line),,,轨距线，规线，铆钉线,,,,,0,0,,,
gauge line of rivets,,,铆接行线,,,,,0,0,,,
gauge load,,,标准负荷,,,,,0,0,,,
gauge loss,,,【采矿】(钻头)直径磨损,,,,,0,0,,,
gauge manifold,,,[网络] 压力表接管,,,,,0,0,,,
gauge mark,,,定位刻线,,,,,0,0,,,
gauge measure,,,轨距尺,,,,,0,0,,,
gauge measuring interferometer,,,干涉比长仪,,,,,0,0,,,
gauge microsize,,,千分规,,,,,0,0,,,
gauge neck,,,量规颈,,,,,0,0,,,
gauge nipple,,,[化] 计量接头,,,,,0,0,,,
gauge notch,,,缺口流量计,,,,,0,0,,,
gauge number,,,线材号数,,,,,0,0,,,
gauge of cloth,,,经纬密度,,,,,0,0,,,
gauge of plate,,,中厚板的厚度,,,,,0,0,,,
gauge of rivets,,,铆行距,,,,,0,0,,,
gauge of set,,,集合度规,,,,,0,0,,,
gauge of sheet,,,薄板的厚度,,,,,0,0,,,
gauge of track,,,[电] 轨距,,,,,0,0,,,
gauge of tracks,,,履带式拖拉机轨距,,,,,0,0,,,
gauge of tyres,,,轮箍距,,,,,0,0,,,
gauge of way,,,路轨轨距,,,,,0,0,,,
gauge of wire,,,钢丝的直径;钢针号数,,,,,0,0,,,
gauge orifice,,,标准孔,,,,,0,0,,,
gauge outfit,,,"表头，测量头, 量规配件",,,,,0,0,,,
gauge panel,,,[机] 仪表板,,,,,0,0,,,
gauge particle,,,规范粒子,,,,,0,0,,,
gauge particles,,,gauge particle\n【物理学】规范粒子,,,,,0,0,,,
gauge pile,,,定位桩,,,,,0,0,,,
gauge pin,,, [机] 塞规,,,,,0,0,,,
gauge pipe,,,胀力表管,,,,,0,0,,,
gauge piping,,,计管系,,,,,0,0,,,
gauge plane,,,[木] 样板刨,,,,,0,0,,,
gauge plate,,,[化] 定位板; 样板,,,,,0,0,,,
gauge play,,,轨隙,,,,,0,0,,,
gauge plug,,,塞规,,,,,0,0,,,
gauge point,,,标定点,,,,,0,0,,,
gauge point wear,,,轨距点磨耗,,,,,0,0,,,
gauge pointer,,,仪表指针,,,,,0,0,,,
gauge pole,,,[化] 检油尺; 量油杆,,,,,0,0,,,
gauge pot,,,水泥薄浆壶,,,,,0,0,,,
gauge potential,,,规范势,,,,,0,0,,,
gauge pressure,,,[化] 计示压力; 表压,,,,,0,0,,,
gauge pressure (gage pressure),,,表压力，计示压力，量规压力,,,,,0,0,,,
gauge pressure sensor,,,表压传感器,,,,,0,0,,,
gauge pressure transducer,,,表压传感器,,,,,0,0,,,
gauge punch,,,定位工艺孔冲头,,,,,0,0,,,
gauge reading,,,仪表读数,,,,,0,0,,,
gauge reduction,,,厚度压缩,,,,,0,0,,,
gauge relation,,,水位关系,,,,,0,0,,,
gauge repeatability,,,[网络] 量规重复性；再现性；量具之再现性,,,,,0,0,,,
gauge reproducibility,,,[网络] 量规重现性；量规再生性；量具之再生性,,,,,0,0,,,
gauge resistance,,,[网络] 应变计电阻；应变计片电阻,,,,,0,0,,,
gauge ring,,,环规,,,,,0,0,,,
gauge rod,,,探料尺;量杆,,,,,0,0,,,
gauge rod apron,,,轨距杆挡板,,,,,0,0,,,
gauge saw,,,[木] 定深（度）锯,,,,,0,0,,,
gauge seal,,,[化] 表封; 计量孔盖,,,,,0,0,,,
gauge setting,,,比较仪校准,,,,,0,0,,,
gauge setting device,,,整轨机,,,,,0,0,,,
gauge shoe,,,仿形滑板,,,,,0,0,,,
gauge size,,,[网络] 计量尺寸；线号,,,,,0,0,,,
gauge stand,,,表座,,,,,0,0,,,
gauge station,,,水文测量站,,,,,0,0,,,
gauge steel,,,量具用钢,,,,,0,0,,,
gauge stick,,,探测杆;计量杆;表尺,,,,,0,0,,,
gauge stop,,,可调整挡铁,,,,,0,0,,,
gauge strut,,,"轨距撑桿, 轨撑",,,,,0,0,,,
gauge stuff,,,【建筑工程】装饰石膏,,,,,0,0,,,
gauge switch,,,计量开关,,,,,0,0,,,
gauge symmetry,,, 规范对称性,,,,,0,0,,,
gauge system,,, 测量系统；限规系统,,,,,0,0,,,
gauge table,,,计量表,,,,,0,0,,,
gauge tables,,,计量(图)表;校正表,,,,,0,0,,,
gauge tank,,,[化] 计量槽; 计量罐,,,,,0,0,,,
gauge tap,,,控制开关,,,,,0,0,,,
gauge template,,,轨距尺,,,,,0,0,,,
gauge tensiometer,,,[电阻]应变式张力计,,,,,0,0,,,
gauge terminal,,,变片接头,,,,,0,0,,,
gauge tester,,,压力表试验机,,,,,0,0,,,
gauge the velocity of a political wind with a wetted finger,,,洞察选民意向(源出水手或渔民惯于伸出湿手指以测定风向),,,,,0,0,,,
gauge theory,,, 规范场论,,,,,0,0,,,
gauge theory of gravitation,,,[量子] 引力规范理论,,,,,0,0,,,
gauge tie,,,轨距拉桿,,,,,0,0,,,
gauge tie bar,,,轨距杆,,,,,0,0,,,
Gauge Tolerance,,,厚度公差,,,,,0,0,,,
gauge transformation,,,[化] 规范变换,,,,,0,0,,,
gauge transformation of the first kind,,,第一类规范变换,,,,,0,0,,,
gauge transformation of the second kind,,,第二类规范变换,,,,,0,0,,,
gauge travel,,,定位装置行程,,,,,0,0,,,
gauge tube,,,测流速管,,,,,0,0,,,
gauge unit,,,仪表盘装置,,,,,0,0,,,
gauge valve,,,仪表阀,,,,,0,0,,,
gauge vapour pressure,,,[网络] 表蒸气压力,,,,,0,0,,,
gauge variations,,,[化] 尺寸变化,,,,,0,0,,,
gauge vessel,,,[化] 计量槽,,,,,0,0,,,
gauge water,,,定量水,,,,,0,0,,,
gauge wheel,,,调整轮,,,,,0,0,,,
gauge widening,,,轨距加宽,,,,,0,0,,,
gauge wire,,,标准线,,,,,0,0,,,
gauge-adjusting clip,,,轨距调节扣板,,,,,0,0,,,
gauge-board,,,样板，模板；仪表板,,,,,0,0,,,
gauge-concussion,,,对轨距的冲击,,,,,0,0,,,
gauge-factor,,,仪表灵敏度；应变计灵敏系数；应变系数；量规因数,,,,,0,0,,,
gauge-fixing term,,,[网络] 规范固定项,,,,,0,0,,,
gauge-glass,,,玻璃液面计；水位玻璃管,,,,,0,0,,,
gauge-length,,,标距长度；[计量] 计量长度,,,,,0,0,,,
gauge-like function,,,类度规函数,,,,,0,0,,,
gauge-matic internal grinder,,,塞规自动定尺寸内圆磨床,,,,,0,0,,,
gauge-matic method,,,塞规自动控制尺寸法,,,,,0,0,,,
gauge-panel,,,仪表板,,,,,0,0,,,
gauge-pressure,,,表压，计示压力,,,,,0,0,,,
gauge-pressure manometer,,,量规压力式液压计,,,,,0,0,,,
gauge-railroads,,,铁路轨距,,,,,0,0,,,
gauge-tapping point,,,仪表分接点,,,,,0,0,,,
gaugeable,,a. Capable of being gauged.,"a. 可计量的, 可测量的",,,,,0,0,,,
gauged,'^eidʒid,"v judge tentatively or form an estimate of (quantities or time)\nv rub to a uniform size\nv determine the capacity, volume, or contents of by measurement and calculation\nv measure precisely and against a standard\nv adapt to a specified measurement\nv mix in specific proportions","a. 标准的, 校准的；测量的",,,,,0,0,0:gauge/1:dp,,
gauged arch,,,规准砖拱,,,,,0,0,,,
gauged brick,,,规准砖,,,,,0,0,,,
gauged brickwork,,,规准砖工,,,,,0,0,,,
gauged buret,,,审定滴定管,,,,,0,0,,,
gauged burette,,,[化] 标准滴定管,,,,,0,0,,,
gauged distance,,,标准距离,,,,,0,0,,,
gauged instrument,,,"标定仪表,校准仪表",,,,,0,0,,,
gauged mortar,,,规定砂浆,,,,,0,0,,,
gauged orifice,,,计量孔;检验孔,,,,,0,0,,,
gauged potentiometer,,,计示电位计,,,,,0,0,,,
gauged stuff,,,装饰石膏,,,,,0,0,,,
gaugehead,,,"规管,表头",,,,,0,0,,,
gaugemeter,,,测厚计,,,,,0,0,,,
gauger,'geidʒә,n. One who gauges; an officer whose business it is to\n   ascertain the contents of casks.,"n. 测量者, 检量官, 收税官\n[经] (国入货物税的)征税员",,,,,0,0,s:gaugers,,
gauger of domestic excise tax,,,[税收] 国内货物税征收员,,,,,0,0,,,
gaugers,,plural of gauger\nn. One who gauges; an officer whose business it is to\n   ascertain the contents of casks.,"(gauger 的复数) n. 测量者, 检量官, 收税官\n[经] (国入货物税的)征税员",,,,,0,0,0:gauger/1:s,,
gaugership,,,[网络] 计量表,,,,,0,0,,,
gaugerships,,,[网络] 计量表,,,,,0,0,,,
gaugery,,,[网络] 规矩,,,,,0,0,,,
gauges,ɡeidʒz,"n a measuring instrument for measuring and indicating a quantity such as the thickness of wire or the amount of rain etc.\nn accepted or approved instance or example of a quantity or quality against which others are judged or measured or compared\nn the distance between the rails of a railway or between the wheels of a train\nn the thickness of wire\nn diameter of a tube or gun barrel\nv judge tentatively or form an estimate of (quantities or time)\nv rub to a uniform size\nv determine the capacity, volume, or contents of by measurement and calculation\nv measure precisely and against a standard\nv adapt to a specified measurement\nv mix in specific proportions",n. 规格( gauge的名词复数 ); 厚度; 宽度; 标准尺寸\nv. （用仪器）测量( gauge的第三人称单数 ); 估计; 计量; 划分,,,,,0,0,0:gauge/1:s3,,
gaugest,geɪdʒ,,"n.\n标准尺寸，标准规格，标准度量，标准计；标准，规格，尺度\n容积；容量；大小；范围\n规，计，表，量规；量器；量计；测量仪器\n(估计、判断等的)方法，手段；标准\n【交通】(铁道的)轨距；(汽车等两侧车轮间的)轮距\n(铁板等的)厚度；(电线、钢丝等的)直径\n【军械】(枪、炮的)口径\n【印刷】规矩，测规\n【建筑工程】(铺于屋顶上的石板瓦、木瓦、瓦等的)露出部分，葺脚\n【土木工程】(木工用的)墨线戽\n【纺织业】隔距；(针织品)1½英寸中的针圈数，织针号\n【航海学】(船只对风或其他船只的)相对位置，船(对于风及其他船)的关系位置的估计\n【土木工程】(掺和于石灰膏中的)熟石膏用量\nvt.\n(用量具精确地)量，测；计量，测量，测定：\nA thermometer gauges the temperature.\n温度计测温度。\n测定…的大小(或数量、宽度、长度、容量、容积等)：\nto gauge the diameter of wire\n测定铁丝的直径\n估计，估价；判定，评价(人物)：\nIt is difficult to gauge one's character.\n评价一个人的品质是很难的。\n使合乎标准；给…定规格\n校准；调整；修正\n划分，区分；描绘轮廓\n【工程】凿(或琢磨)(砖石等)使其成预期的形状\n【土木工程】(按比例)掺和(石膏)\n【缝纫】使成平行褶裥\n近义词:\nstandard\n短语:\nget the gauge of\n探测…的意向\nhave(或 get,keep)the weather gauge of\n站在…的上风，占…的便宜，处于比…优越的地位\ntake the gauge of someone\n估计，判定，估量[亦作 take someone's gauge]\n变形：\nvt.\ngauged\n. gauging",,,,,0,0,,,
gaugeth,,,[网络] 测量,,,,,0,0,,,
gaugh,,,[网络] 格夫氏,,,,,0,0,,,
gaughan,,, [人名] 高根,,,,,0,0,s:gaughans,,
gaughans,,, [人名] 高根\n(gaughan 的复数),,,,,0,0,0:gaughan/1:s,,
gaugin,,,[网络] 高更,,,,,0,0,s:gaugins,,
gauging,'^eidʒiŋ,"v judge tentatively or form an estimate of (quantities or time)\nv rub to a uniform size\nv determine the capacity, volume, or contents of by measurement and calculation\nv measure precisely and against a standard\nv adapt to a specified measurement\nv mix in specific proportions","测量[试], 测定, 计量",,,,,0,0,0:gauge/1:i/s:gaugings,,
gauging (gaging) instrument,,,仪表,,,,,0,0,,,
gauging arrangement,,,[网络] 直径测定仪；测径仪,,,,,0,0,,,
gauging board,,,样板，模板；仪表板,,,,,0,0,,,
gauging device,,,[化] 计量装置,,,,,0,0,,,
gauging distance,,,规测距离,,,,,0,0,,,
gauging error,,,规测误差,,,,,0,0,,,
gauging face,,,规测表面,,,,,0,0,,,
gauging glass,,,[化] 玻璃液面计; 玻管液面计; 计玻管,,,,,0,0,,,
gauging hatch,,,[化] 计量口; 计量孔,,,,,0,0,,,
gauging head,,,气动测头,,,,,0,0,,,
gauging line,,,轨距线；规线,,,,,0,0,,,
gauging loss,,,[经] 计量损失,,,,,0,0,,,
gauging method,,,规测法,,,,,0,0,,,
gauging nipple,,,[化] 计量接头,,,,,0,0,,,
gauging of cement,,,水泥稠度标准化,,,,,0,0,,,
gauging of oil well,,,[经] 油井产量的计量,,,,,0,0,,,
gauging of products,,,产品的计量,,,,,0,0,,,
gauging pig,,,定径清管器,,,,,0,0,,,
gauging plug,,,气动塞规,,,,,0,0,,,
gauging rod,,,n. 探测量竿,,,,,0,0,,,
gauging roll,,,un. 测厚辊,,,,,0,0,,,
gauging rule,,,轨距尺,,,,,0,0,,,
gauging signal,,,规测信号,,,,,0,0,,,
gauging spindle,,,气动塞规,,,,,0,0,,,
gauging station,,,水位站,,,,,0,0,,,
gauging system,,,度量系统,,,,,0,0,,,
gauging tank,,,[化] 计量罐,,,,,0,0,,,
gauging water,,,定量水,,,,,0,0,,,
gauging well,,,水位井,,,,,0,0,,,
gauging-board,,,[建] 混凝土拌（合）盘,,,,,0,0,,,
gauging-rod,,,"n. 计量杆, 计量器",,,,,0,0,,,
gaugings,'ɡeɪdʒɪŋ,,n. 测定，测量；计量,,,,,0,0,0:gauging/1:s,,
gaugino,,,超规范子,,,,,0,0,,,
gaugins,,,[网络] 高更\n(gaugin 的复数),,,,,0,0,0:gaugin/1:s,,
gaugs,,,[网络] 官阿海；表底数；哥廷根大学\n(gaug 的复数),,,,,0,0,0:gaug/1:s,,
Gauguin,,n. French Post-impressionist painter who worked in the South Pacific (1848-1903),高更（人名）,,,,,27326,0,s:gauguins,,
"Gauguin, Paul",ɡəu'ɡæŋ,,"Gauguin, (Eugène Henri) Paul\n[ɡəu'ɡæŋ]\n高庚(1848～1903，法国画家)",,,,,0,0,,,
Gauguinesque,,,[网络] 高贵的,,,,,0,0,,,
Gauguins,,plural of Gauguin\nn. French Post-impressionist painter who worked in the South Pacific (1848-1903),(Gauguin 的复数) 高更（人名）,,,,,0,0,0:gauguin/1:s,,
Gauharwāla,,,[地名] 高赫尔瓦拉 ( 巴基 ),,,,,0,0,,,
Gauhati,,,[网络] 高哈蒂；印度高哈蒂；古瓦哈提,,,,,0,0,,,
gauhati (guwahati),,,高哈提(古瓦哈提),,,,,0,0,,,
Gauhāti,,,[地名] *高哈蒂(古瓦哈蒂的旧称) ( 印 ),,,,,0,0,,,
Gauido,,,[地名] 贾谊岛 ( 韩 ),,,,,0,0,,,
gauigue,,,[植] 地中海常绿矮灌丛,,,,,0,0,,,
gauing tank,,,"[经] 计量罐, 计量桶",,,,,0,0,,,
Gauja,,,[地名] 高亚河 ( 拉 ),,,,,0,0,,,
Gaujasliči,,,[地名] 高亚斯利奇 ( 拉 ),,,,,0,0,,,
gauk,,,[网络] 高克；乐队演奏；老虎须,,,,,0,0,,,
Gaukönigshofen,,,[地名] 高柯尼希斯霍芬 ( 德 ),,,,,0,0,,,
gaul,^ɔ:l,n. a Celt of ancient Gaul\nn. an ancient region of western Europe that included what is now northern Italy and France and Belgium and part of Germany and the Netherlands,n. 高卢（位于欧洲西部）；高卢人,,,,,27367,0,s:gauls,,
gaul heria oil,,,水杨酸甲酯,,,,,0,0,,,
Gaul's pits,,,[医] 戈耳氏小窝(见于神经麻痹性角膜炎),,,,,0,0,,,
gaula,,,[网络] 盖拉；葡萄牙；高拉,,,,,0,0,,,
gaula (gula),,,高拉河(古拉河),,,,,0,0,,,
Gauland,,,高兰,,,,,0,0,,,
Gaulanitis,,,[网络] 高拉尼提斯；高兰；高拉尼弟斯,,,,,0,0,,,
Gaular,,,高拉,,,,,0,0,,,
gauld,,, [人名] [英格兰人姓氏] 高尔德 Galt的变体,,,,,0,0,s:gaulds,,
gauldalen (gauldal),,,高尔谷,,,,,0,0,,,
gauldin,,, [人名] 高尔丁,,,,,0,0,,,
gaulding,,,[网络] 。,,,,,0,0,,,
gaulds,,,n. (Gauld)人名；(英)高尔德,,,,,0,0,0:gauld/1:s,,
gaule,,,[网络] 高卢；高卢人；狗奴,,,,,0,0,,,
Gauleiter,"'^au,laitә",,"(纳粹德国的)省长, 地方长官",,,,,0,0,s:gauleiters,,
Gauleiters,,plural of Gauleiter,"(Gauleiter 的复数) (纳粹德国的)省长, 地方长官",,,,,0,0,0:gauleiter/1:s,,
gauley,,,[网络] 西弗吉尼亚州与高利,,,,,0,0,,,
Gauley Bridge,,,[地名] 高利布里奇 ( 美 ),,,,,0,0,,,
Gaulic,,,[网络] 高利,,,,,0,0,,,
Gaulick,,,[网络] 高利克,,,,,0,0,,,
gaulin,,,[网络] 高林,,,,,0,0,,,
Gaulin homogenizer,,,Gaulin匀浆器[美国APV Gaulin公司生产的匀浆器],,,,,0,0,,,
Gaulin press,,,Gaulin压碎器[美国APV Gaulin公司生产的高压匀浆器],,,,,0,0,,,
Gaulish,'gɒ:liʃ,"a. Pertaining to ancient France, or Gaul; Gallic.","a. 高卢的, 高卢人的\nn. 高卢语",,,,,0,0,s:gaulishes,,
Gaulish language,,,[网络] 高卢语,,,,,0,0,,,
gaulishes,'ɡɔ:liʃ,,adj. 高卢人的；高卢的\nn. 高卢语,,,,,0,0,0:gaulish/1:s,,
Gaulist,,,[网络] 戴高乐主义者,,,,,0,0,,,
Gaulle,,,高尔（人名）,,,,,5910,0,,,
Gaullism,'^ɔ:lizәm,,戴高乐主义,,,,,0,0,s:gaullisms,,
Gaullisms,'ɡɔ:lizəm,,n.\n戴高乐主义\n(二战时期由戴高乐领导的)戴高乐运动\n对戴高乐及其主张的拥护与支持,,,,,0,0,0:gaullism/1:s,,
Gaullist,'^ɔ:list,,"n. 戴高乐主义者,(第二次世界大战中法国的) 反纳粹德国占领运动的支持者",j:68/n:32,,,,28754,36354,s:gaullists,,
gaulliste,,,[网络] 戴高乐主义者,,,,,0,0,s:gaullistes,,
gaullistes,,,[网络] 戴高乐派,,,,,0,0,0:gaulliste/1:s,,
Gaullists,,plural of Gaullist,"(Gaullist 的复数) n.戴高乐主义者,(第二次世界大战中法国的) 反纳粹德国占领运动的支持者",,,,,0,0,0:gaullist/1:s,,
gaullt,,,[网络] 高点,,,,,0,0,,,
gaulois,,,[网络] 高卢族；高卢人；高卢骑士,,,,,0,0,,,
"Gaulois,Gauloise",ɡəu'lwɑ:z,,n. (法国的)高卢牌香烟,,,,,0,0,,,
gauloise,,,高卢的；放纵的；爽朗的\nG～ 高卢人\n高卢语,,,,,37432,0,s:gauloises,,
gauloises,,plural of gauloise,(gauloise 的复数) 高卢的；放纵的；爽朗的\nG～ 高卢人\n高卢语,,,,,0,0,0:gauloise/1:s3,,
gauls,,n. a person of French descent\nn. a Celt of ancient Gaul\nn. an ancient region of western Europe that included what is now northern Italy and France and Belgium and part of Germany and the Netherlands,n. 高卢人；高卢族,,,,,0,0,0:gaul/1:s,,
Gaulsheim,,,[地名] 高尔斯海姆 ( 德 ),,,,,0,0,,,
gault,gɒ:lt,"n. A series of beds of clay and marl in the South of England,\n   between the upper and lower greensand of the Cretaceous period.",n. 重粘土,,,,,37271,0,s:gaults,,
gault brick,,,泥灰岩砖,,,,,0,0,,,
gault clay,,,泥灰质粘土;重粘土,,,,,0,0,,,
gault series,,,"中绿砂统〔早白垩纪〕, 中绿砂统（下白垩系）",,,,,0,0,,,
Gault tests,,,[医] 戈耳特氏试验(检一耳伪聋),,,,,0,0,,,
Gault's cochleopalpebral reflex,,,[医] 耳蜗眼睑反射,,,,,0,0,,,
Gault's reflex,,,[医] 戈耳特氏反射(耳蜗眼睑反射),,,,,0,0,,,
gault-millau,,,[网络] 高勒米欧；美食导览,,,,,0,0,,,
gaulter,,, [人名] 高尔特,,,,,0,0,,,
gaultherase,,,"[医] 冬绿酶, 桦酶(能分解冬绿甙)",,,,,0,0,,,
Gaultheria,^ɔ:l'θiәriә,n widely distributed genus of creeping or upright evergreen shrubs,[植]白株树属,,,,,0,0,s:gaultherias,,
gaultheria adenothrix maxim.,,,红珠树,,,,,0,0,,,
Gaultheria borneensis,,,n. 髙山白珠,,,,,0,0,,,
gaultheria bornensis staf g. itonana hay.,,,玉山白珠树,,,,,0,0,,,
Gaultheria cardiosepala,,,n. 苍山白珠,,,,,0,0,,,
gaultheria cumingiana,,,白珠树；冬青油树,,,,,0,0,,,
gaultheria cumingiana vidal,,,台湾白珠树(于),,,,,0,0,,,
Gaultheria cuneata,,,n. 四川白珠,,,,,0,0,,,
Gaultheria dolichopoda,,,n. 长梗白珠,,,,,0,0,,,
Gaultheria dumicola,,,n. 丛林白珠,,,,,0,0,,,
Gaultheria forrestii,,,地檀香,,,,,0,0,,,
Gaultheria forrestii oil,,,地檀香油,,,,,0,0,,,
Gaultheria fragrantissima,,,n. 芳香白珠,,,,,0,0,,,
Gaultheria griffithiana,,,n. 尾叶白珠,,,,,0,0,,,
Gaultheria hookeri,,,n. 红粉白珠,,,,,0,0,,,
Gaultheria hypochlora,,,n. 绿背白珠,,,,,0,0,,,
Gaultheria itoana,,,[网络] 高山白珠树；高山白株树,,,,,0,0,,,
Gaultheria L.,,,[医] 白珠树属,,,,,0,0,,,
Gaultheria leucocarpa,,,n. 白果白珠,,,,,0,0,,,
Gaultheria longiracemosa,,,n. 长序白珠,,,,,0,0,,,
gaultheria miquellina takeda,,,白珠树,,,,,0,0,,,
Gaultheria nana,,,n. 矮小白珠,,,,,0,0,,,
Gaultheria notabilis,,,n. 短穗白珠,,,,,0,0,,,
Gaultheria nummularioides,,,n. 铜钱叶白珠,,,,,0,0,,,
gaultheria oil,,,[机] 见methyl salicylate,,,,,0,0,,,
Gaultheria praticola,,,n. 草地白珠,,,,,0,0,,,
Gaultheria procumbens,,,[网络] 平铺白珠树；冬青白珠树；鹿蹄草,,,,,0,0,s:gaultheria procumbenss,,
Gaultheria procumbens L.,,,[医] 冬绿树,,,,,0,0,,,
gaultheria procumbenss,,,[网络] 平铺白珠树；冬青白珠树；鹿蹄草\n(gaultheria procumbens 的复数),,,,,0,0,0:gaultheria procumbens/1:s,,
Gaultheria prostrata,,,n. 平卧白珠,,,,,0,0,,,
Gaultheria pyroloides,,,[医] 白珠树,,,,,0,0,,,
Gaultheria semi-infera,,,n. 五雄白珠,,,,,0,0,,,
Gaultheria shallon,,,[网络] 北美白珠树；莓果,,,,,0,0,s:gaultheria shallons,,
gaultheria shallons,,,[网络] 北美白珠树；莓果\n(gaultheria shallon 的复数),,,,,0,0,0:gaultheria shallon/1:s,,
Gaultheria sinensis,,,n. 华白珠,,,,,0,0,,,
gaultheria spirit,,,[医] 冬绿油醑,,,,,0,0,,,
Gaultheria taiwaniana,,,n. 台湾白珠,,,,,0,0,,,
Gaultheria tetramera,,,n. 四裂白珠,,,,,0,0,,,
Gaultheria trichoclada,,,n. 毛枝白珠,,,,,0,0,,,
Gaultheria trichophylla,,,n. 刺毛白珠,,,,,0,0,,,
gaultheria trichophylla royle,,,云南白珠树(陈嵘),,,,,0,0,,,
Gaultheria wardii,,,n. 西藏白珠,,,,,0,0,,,
gaultheria yunanensis (franch.)rehd.,,,云南白珠树(中药志),,,,,0,0,,,
Gaultheria yunnanensis,,,透骨香,,,,,0,0,,,
gaultherias,ɡɔːl'θɪərɪə,,白珠树属,,,,,0,0,0:gaultheria/1:s,,
gaultherin,^ɔ:l'θiәrin,,白珠树苷,,,,,0,0,,,
gaultherin(e),,,"白珠木甙,冬绿甙,水杨酸甲酸樱草甙",,,,,0,0,,,
gaultherine,,,"白珠木甙,冬绿甙,水杨酸甲酸樱草甙",,,,,0,0,,,
gaultherioside,,,[医] 冬绿甙乙(乙基樱草甙),,,,,0,0,,,
gaultherolin,,,[医] 水杨酸甲酯(合成冬绿油),,,,,0,0,,,
gaulthier,,,[网络] 格杰,,,,,0,0,,,
Gaultier,,,n. (Gaultier)人名；(法)戈尔捷,,,,,43952,0,s:gaultiers/0:gaulty/1:r,,
gaultiers,,,n. (Gaultier)人名；(法)戈尔捷\n(gaultier 的复数),,,,,0,0,0:gaultier/1:s,,
gaultiest,,,[网络] 快乐\n(gaulty 的最高级),,,,,0,0,0:gaulty/1:t,,
gaultite,,,[网络] 锌硅钠石,,,,,0,0,,,
gaultney,,,[网络] 加特尼,,,,,0,0,,,
Gaultois,,,[地名] 戈尔图瓦 ( 加 ),,,,,0,0,,,
gaults,,,重粘土烧砖,,,,,0,0,0:gault/1:s,,
gaulty,,,[网络] 快乐,,,,,0,0,r:gaultier/t:gaultiest,,
Gaulverjabær,,,[地名] 格伊尔韦里亚拜尔 ( 冰 ),,,,,0,0,,,
gaum,^ɔ:m,,涂以油脂或粘性物,,,,,0,0,,,
gaum-like,,,[网络] 类似关岛,,,,,0,0,,,
gaume,,,[网络] 高默,,,,,0,0,s:gaumes,,
gaumed,ɡɔ:m,,vt. 涂以油脂或粘性物,,,,,0,0,,,
gaumenspalte,,,硬腭裂开,,,,,0,0,,,
gaumer,,,[网络] 警察,,,,,0,0,,,
gaumeril,,,[网络] 高粱,,,,,0,0,,,
gaumes,,,[网络] 麦斯,,,,,0,0,0:gaume/1:s,,
gauming,ɡɔ:m,,vt. 涂以油脂或粘性物,,,,,0,0,,,
gaumish,,,[网络] 。,,,,,0,0,,,
gaumless,'ɡɔːmlɪs,s (British informal) lacking intelligence and vitality,a. [英国口语]愚蠢的；笨的[亦作 gormless],,,,,0,0,,,
gaumlessness,,,[网络] 无耻的,,,,,0,0,,,
gaumont,,, 法国高蒙,,,,,0,0,s:gaumonts,,
gaumonts,,, 法国高蒙\n(gaumont 的复数),,,,,0,0,0:gaumont/1:s,,
gaums,ɡɔ:m,,vt. 涂以油脂或粘性物,,,,,0,0,,,
Gaumukh R.,,,[地名] 高穆克河 ( 印 ),,,,,0,0,,,
gaumy,,,[网络] 高贵,,,,,0,0,,,
gaun,,,[网络] 卧云；服装,,,,,0,0,,,
gauna,,, [人名] 高纳,,,,,0,0,,,
gaunce,,,[网络] 高粱,,,,,0,0,,,
gauncely,,,[网络] 笨蛋,,,,,0,0,,,
gauncelye,,,[网络] 高粱,,,,,0,0,,,
gaunch,,,[网络] 高兴,,,,,0,0,,,
gaundies,,,[网络] 高贵,,,,,0,0,,,
gaundre,,,[网络] 高德,,,,,0,0,,,
gaung baung,,,[网络] 高宝,,,,,0,0,,,
gaung-baung,,,[网络] 高宝,,,,,0,0,,,
gaungbaung,,,[网络] 高宝,,,,,0,0,,,
Gauniganj,,,[地名] 高尼根杰 ( 印 ),,,,,0,0,,,
Gaunilo,,,[网络] 哥尼流；尼罗；同代的修士哥尼路,,,,,0,0,,,
gaunt,gɒ:nt,s very thin especially from disease or hunger or cold,"a. 瘦削的, 憔悴的, 荒凉的",j:100,1,,ielts gre,15556,15460,r:gaunter/t:gauntest,,
Gaunt factor,,,冈特因子,,,,,0,0,,,
gaunter,,comparative of gaunt\ns very thin especially from disease or hunger or cold,"(gaunt 的比较级) a. 瘦削的, 憔悴的, 荒凉的",,,,,0,0,0:gaunt/1:r,,
gauntest,ɡɔːnt,,adj. 憔悴的；荒凉的\n[网络] 瘦削的；骨瘦如柴的；瘦弱的,,,,,0,0,0:gaunt/1:t,,
gauntlet,'gɒ:ntlit,n. to offer or accept a challenge\nn. a glove of armored leather; protects the hand\nn. a glove with long sleeve\nn. a form of punishment in which a person is forced to run between two lines of men facing each other and armed with clubs or whips to beat the victim,"n. 铁手套, 长手套, 夹击\n[医] 手套形绷带",n:100,1,,,15017,16029,s:gauntlets,,
gauntlet anesthesia,,,[医] 手套式感觉缺失,,,,,0,0,,,
gauntlet bandage,,,[医] 手套式绷带,,,,,0,0,,,
gauntlet glove,,,[机] 长统手套,,,,,0,0,,,
gauntlet graft,,,[医] 蒂状移植物,,,,,0,0,,,
gauntlet track,,,套式轨道,,,,,0,0,,,
gauntleted,,s. wearing a protective glove,a. 带长手套的,,,,,0,0,0:gauntlete/1:p,,
gauntlets,'ɡɔ:ntlɪts,n. to offer or accept a challenge\nn. a glove of armored leather; protects the hand\nn. a glove with long sleeve,n. （中世纪武士用的）金属手套( gauntlet的复数形式 ); 长手套; 防护手套; 挑战,,,,,0,0,0:gauntlet/1:s,,
Gauntlett,,,[网络] 冈特列特；立特；高烈,,,,,0,0,,,
gauntletted,'gɔːntlɪt,a. Wearing a gauntlet.,n. 【盔甲】(中世纪骑士戴的)金属护手；铁手套；臂铠；长手套；宽口大手套；防护手套,,,,,0,0,,,
gauntly,'ɡɔ:ntlɪ,adv. In a gaunt manner; meagerly.,"adv. 贫瘠地, 荒凉地",,,,,0,0,,,
gauntness, 'gɔ:ntnis,n. extreme leanness (usually caused by starvation or disease),"n. 憔悴, 荒凉",,,,,0,0,s:gauntnesses,,
gauntnesses,'gɔ:ntnis,,n. 瘦削；荒凉,,,,,0,0,0:gauntness/1:s,,
gauntree,ɡɔ:nt'ri:,n. Alt. of Gauntry, 栈桥,,,,,0,0,,,
gauntrees,,,[网络] 高手,,,,,0,0,,,
gauntries,ˈɡɔ:ntriz,,n. 构台，木桶架( gauntry的名词复数 ),,,,,0,0,0:gauntry/1:s,,
gauntry,'^ɔ:ntri,n a framework of steel bars raised on side supports to bridge over or around something; can display railway signals above several tracks or can support a traveling crane etc.,"n. 构台, 木桶架",,,,,0,0,s:gauntries,,
gauntry crane,,,[化] 高架吊车; 龙门起重机; 龙门吊; 龙门吊车,,,,,0,0,,,
Gauntry.,,,n. 导弹拖车；雷达天线；门式起重机；起重机架\n[网络] 构台,,,,,0,0,,,
gaup,^ɔ:p,,vi.直瞪瞪地注视\nn. 呆人,,,,,0,0,,,
gauped,ɡɔ:p,,vi.\n=gawp,,,,,0,0,,,
gauper,ɡɔ:p,,gaup\n[ɡɔ:p]\nvi.\n=gawp,,,,,0,0,,,
gauping,ɡɔ:p,,vi.\n=gawp,,,,,0,0,,,
Gaupne,,,[地名] 盖于普讷 ( 挪 ),,,,,0,0,,,
gaups,ɡɔ:p,,vi.\n=gawp,,,,,0,0,,,
Gaupur,,,[地名] 高布尔 ( 印 ),,,,,0,0,,,
gaupus,,,[网络] 高粱,,,,,0,0,,,
gaur,^auә,n wild ox of mountainous areas of eastern India,"n. [动]白肢野牛,印度野牛(产于印度,缅甸等国,是现存最大的野牛)",,,,,0,0,s:gaurs,,
gaura,,,[网络] 山桃草属；白鸟草；高拉,,,,,0,0,,,
Gaura parviflora,,,n. 小花山桃草,,,,,0,0,,,
gaura parviflora pongl.,,,北美山桃草,,,,,0,0,,,
Gaurama,,,[地名] 高拉马 ( 巴西 ),,,,,0,0,,,
Gauran tests,,,[医] 高兰氏试验(检淋病的补体结合试验),,,,,0,0,,,
gaurav,,,[网络] 高拉夫；印度；高瑞,,,,,0,0,,,
gaurax aequalis,,,埔里秆蝇,,,,,0,0,,,
gaurax atrifrons,,,黑额秆蝇,,,,,0,0,,,
gaurax nevrvosus,,,灵活秆蝇,,,,,0,0,,,
gaurax oculatus,,,慧眼秆蝇,,,,,0,0,,,
gaurax piceus,,,幽黑秆蝇,,,,,0,0,,,
gaure,,,戈尔,,,,,0,0,,,
Gauri,,,[网络] 葛莉；黄色的；高瑞,,,,,0,0,s:gauris,,
Gauri Shankar,,,[地名] 高里三喀峰 ( 中·尼 ),,,,,0,0,,,
Gauribidanūr,,,[地名] 高里比德努尔 ( 印 ),,,,,0,0,,,
Gaurihar,,,高力哈,,,,,0,0,,,
Gaurihār,,,[地名] 高里哈尔 ( 印 ),,,,,0,0,,,
Gauripur,,,[地名] 高里布尔 ( 孟 ),,,,,0,0,,,
gauris,,,[网络] 八位瑜伽母,,,,,0,0,0:gauri/1:s,,
gaurish,,,[网络] 高贵的,,,,,0,0,,,
Gaurnadi,,,[地名] 高尔诺迪 ( 孟 ),,,,,0,0,,,
Gaurnagar,,,[地名] 高尔诺戈尔 ( 孟 ),,,,,0,0,,,
gauromaia formosana,,,柴艳宽头拟回木虫,,,,,0,0,,,
gaurs,,,n. 【动】(Bibos gaurus)\n[网络] 印度野牛,,,,,0,0,0:gaur/1:s,,
gaurus,,,[网络] 印度野牛,,,,,0,0,,,
Gaurīnagar,,,[地名] 高里诺戈尔 ( 孟 ),,,,,0,0,,,
gaus,,, [人名] 高斯,,,,,0,0,0:gau/1:s,,
gausapine,,,[网络] 龙胆碱,,,,,0,0,,,
gause,,, [人名] 高斯; [地名] [美国] 高斯,,,,,0,0,,,
gause theorem,,,高斯定理,,,,,0,0,,,
gause's axiom,,,高思原理,,,,,0,0,,,
Gause's law,,,【进化论】高斯定律,,,,,0,0,,,
Gause's principle,,,[网络] 高思原理；高斯定理,,,,,0,0,,,
gause's rule,,,"高斯法则；常态对称法则, 高氏法则, 高斯法则",,,,,0,0,,,
Gauselfingen,,,[地名] 高瑟尔芬根 ( 德 ),,,,,0,0,,,
gauses,,,n. (Gaus)人名；(英、德、塞)高斯,,,,,0,0,,,
gaushala,,,[网络] 高沙拉,,,,,0,0,,,
gausie,,,[网络] 绅士,,,,,0,0,,,
gausistor,,,磁阻放大器,,,,,0,0,,,
Gausk,,,[网络] 高斯,,,,,0,0,,,
Gauslinite,,,碳酸钠矾,,,,,0,0,,,
gausman,,, [人名] 高斯曼,,,,,0,0,,,
gauss,gaus,n. a unit of magnetic flux density equal to 1 maxwell per square centimeter\nn. German mathematician who developed the theory of numbers and who applied mathematics to electricity and magnetism and astronomy and geodesy (1777-1855),n. 高斯\n[医] 高斯(地磁场强单位),n:100,,,,31061,37822,s:gausses,,
gauss (g),,,高斯{CGS电磁制磁场强度单位，等于l×10-4特士拉},,,,,0,0,,,
gauss (normal) epoch,,,高斯（正向）磁期,,,,,0,0,,,
gauss algorithm,,,高斯演算法,,,,,0,0,,,
gauss algorithmus,,,高斯约化法,,,,,0,0,,,
Gauss beam,gaʊs,,高斯光束,,,,,0,0,,,
Gauss cell,,,高斯电池,,,,,0,0,,,
Gauss circle problem,,,高斯圆问题,,,,,0,0,,,
Gauss coefficient,,,【数学】高斯系数,,,,,0,0,,,
Gauss concentration profile,,,[化] 高斯浓度图,,,,,0,0,,,
Gauss conformal projection,,,高斯正形投影,,,,,0,0,,,
Gauss constant,,,高斯常数,,,,,0,0,,,
Gauss convergence test,,,高斯收敛判别法,,,,,0,0,,,
Gauss coordinate transformation,,,[数 测] 高斯坐标变换,,,,,0,0,,,
Gauss curvature,,,[数] 高斯曲率,,,,,0,0,,,
Gauss curve,,,高斯曲线,,,,,0,0,,,
Gauss differential equation,,,高斯微分方程,,,,,0,0,,,
Gauss distri-bution,,,正态分布,,,,,0,0,,,
Gauss distribution,,,高斯分布,,,,,0,0,,,
Gauss divergence,,,高斯发散量,,,,,0,0,,,
gauss divergence theorem,,,高斯散度定理,,,,,0,0,,,
Gauss domain,,,唯一因子分解整环,,,,,0,0,,,
Gauss double type object-lens,,,双高斯型物镜,,,,,0,0,,,
Gauss effect,,,高斯效应,,,,,0,0,,,
Gauss elimination,,,高斯消去法,,,,,0,0,,,
Gauss elimination method,,,高斯消元法;高斯-若尔当消去法(Gauss-Jordan elimination method),,,,,0,0,,,
Gauss epoch,,,高斯期,,,,,0,0,,,
Gauss equation,,,高斯方程,,,,,0,0,,,
Gauss error curve,,,高斯误差曲线,,,,,0,0,,,
Gauss error function,,,高斯误差函数,,,,,0,0,,,
Gauss eyepiece,,,[化] 高斯目镜,,,,,0,0,,,
Gauss formula,,,[计] 高斯公式,,,,,0,0,,,
Gauss formulas,,,高斯公式,,,,,0,0,,,
Gauss grid convergence,,,高斯平面子午线收敛角,,,,,0,0,,,
Gauss gun,,,[网络] 高斯炮；高斯枪；高斯射线枪,,,,,0,0,,,
Gauss guns,,,[网络] 高斯枪,,,,,0,0,,,
Gauss Halvφ,,,[地名] 高斯半岛 ( 格陵 ),,,,,0,0,,,
Gauss hypergeometric differential equation,,,高斯超几何微分方程,,,,,0,0,,,
Gauss hypergeometric equation,,,高斯超几何方程,,,,,0,0,,,
Gauss image point,,,高斯像点,,,,,0,0,,,
Gauss integral,,,高斯积分,,,,,0,0,,,
Gauss integration,,,高斯积分,,,,,0,0,,,
Gauss interpolation,,,[数] 高斯插值,,,,,0,0,,,
Gauss interpolation formula,,,高斯插值公式,,,,,0,0,,,
gauss iteration,,,高斯迭代法,,,,,0,0,,,
gauss las,,,高斯定律,,,,,0,0,,,
Gauss law,,,高斯定律,,,,,0,0,,,
Gauss law of flux,,,高斯电通定律,,,,,0,0,,,
Gauss law of the arithmetic mean,,,高斯算术平均定律,,,,,0,0,,,
Gauss laws of electrostatics and magnetostatics,,,高斯静电静磁定律,,,,,0,0,,,
gauss lens formula,,,高斯透镜公式,,,,,0,0,,,
Gauss lens system,,,塞洛尔透镜系统,,,,,0,0,,,
Gauss light,,,高斯光,,,,,0,0,,,
Gauss magneto meter,,,高斯磁力仪,,,,,0,0,,,
Gauss map,,,【数学】高斯图,,,,,0,0,,,
Gauss mapping,,,高斯映射,,,,,0,0,,,
Gauss mean value theorem,,,高斯平均值定理,,,,,0,0,,,
Gauss measure,,,高斯测度,,,,,0,0,,,
gauss meridional convergence,,,高斯子午线收敛,,,,,0,0,,,
Gauss meter,,,"高斯计,磁感应(测定)计,磁强计",,,,,0,0,,,
Gauss method,,,高斯方法;高斯氏法,,,,,0,0,,,
Gauss method of reduction,,,高斯约化法,,,,,0,0,,,
gauss method of substitution,,,高斯代替法,,,,,0,0,,,
Gauss mid-latitude formula,,,高斯中纬度公式,,,,,0,0,,,
Gauss midlatitude formula,,,高斯中纬度公式,,,,,0,0,,,
Gauss model,,,高斯模型,,,,,0,0,,,
Gauss Newton method,,,[网络] 例句,,,,,0,0,,,
Gauss normal epoch,,,高斯正向期,,,,,0,0,,,
Gauss nuclear model,,,[核] 高斯核模型,,,,,0,0,,,
Gauss number,,,高斯随机数,,,,,0,0,,,
Gauss objective lens,,,塞洛尔透镜系统,,,,,0,0,,,
Gauss optics,,,高斯光学(装置),,,,,0,0,,,
Gauss pattern,,,高斯方向图,,,,,0,0,,,
Gauss plane coordinate,,,高斯平面坐标,,,,,0,0,,,
Gauss plane coordinate system,,,高斯平面坐标系,,,,,0,0,,,
Gauss plane coordinates,,,[测 数] 高斯平面坐标,,,,,0,0,,,
Gauss point,,,高斯点,,,,,0,0,,,
Gauss points,,,【光学】基点,,,,,0,0,,,
Gauss position,,,[电磁] 高斯位置,,,,,0,0,,,
Gauss postitions,,,高斯位置,,,,,0,0,,,
Gauss potential,,,[核] 高斯势,,,,,0,0,,,
gauss precision weight,,,高斯精密度权重,,,,,0,0,,,
Gauss principle,,,高斯原理,,,,,0,0,,,
Gauss principle of least constraint,,,高斯最小约束原理,,,,,0,0,,,
Gauss probability integral,,,高斯概率积分,,,,,0,0,,,
Gauss process,,,高斯过程,,,,,0,0,,,
Gauss quadrature formula,,,[计] 高斯求积公式,,,,,0,0,,,
Gauss quadrature parameters,,,斯求积参数,,,,,0,0,,,
Gauss quadrature weights,,,斯求积权重,,,,,0,0,,,
Gauss reduction,,,[计] 高斯化简,,,,,0,0,,,
Gauss Seamount,,,[地名] 高斯海山 ( 太平洋 ),,,,,0,0,,,
gauss seidel method,ɡaus ˈsaidəl ˈmeθəd,, 高斯赛得尔方法，高斯赛德尔法,,,,,0,0,,,
Gauss series,,,超几何级数,,,,,0,0,,,
Gauss spherical representation,,,高斯球面表示,,,,,0,0,,,
Gauss standard normal curve,,,高斯标准正态曲线,,,,,0,0,,,
Gauss stress quadric,,,高斯应力曲面,,,,,0,0,,,
Gauss sum,,,高斯和,,,,,0,0,,,
Gauss system of units,,,高斯单位制,,,,,0,0,,,
Gauss test,,,高斯判别法,,,,,0,0,,,
Gauss theorem,,,[化] 高斯定理,,,,,0,0,,,
gauss type lens,,,高斯镜头,,,,,0,0,,,
Gauss variational problem,,,高斯变分问题,,,,,0,0,,,
gauss window,,,高斯窗,,,,,0,0,,,
Gauss' elimination method,,,高斯消去法,,,,,0,0,,,
Gauss' error curve,,,[网络] 高斯误差曲线,,,,,0,0,,,
Gauss' hypergeometric equation,,,[网络] 高斯超几何方程,,,,,0,0,,,
Gauss' law,,,斯定律,,,,,0,0,,,
Gauss' law of flux,,,[网络] 高斯电通定律,,,,,0,0,,,
Gauss' law of the arithmetic mean,,,[网络] 高斯算术平均定律,,,,,0,0,,,
Gauss' mean value theorem,,,[网络] 高斯平均值定理,,,,,0,0,,,
gauss' method,,,高斯法,,,,,0,0,,,
Gauss' principle of least constraint,,,[网络] 高斯最小约束原理,,,,,0,0,,,
Gauss' sign,,,高斯氏征,,,,,0,0,,,
gauss' system of units,,,高斯单位制,,,,,0,0,,,
Gauss' theorem,,,na. 高斯定理\n[网络] 高士定理,,,,,0,0,,,
"Gauss'(s) theorem,gauss'(s) theorem",,,【数学、统计学】高斯定理,,,,,0,0,,,
Gauss'law,,,高斯定律,,,,,0,0,,,
Gauss's law,,,[网络] 高斯定律；高斯定理,,,,,0,0,,,
Gauss's method,,,[医] 高斯氏法(朦胧睡眠),,,,,0,0,,,
Gauss's sign,,,[医] 高斯氏征(妊娠第一个月时子宫异常活动性),,,,,0,0,,,
gauss's theorem,,,[电] 高斯计,,,,,0,0,,,
"Gauss, Carl Friedrich",,,[网络] 高斯,,,,,0,0,,,
"Gauss, Karl Frie'drich",ɡaus,,高斯(1777～1855，德国数学家、天文学家),,,,,0,0,,,
"Gauss, Mount",,,[地名] 高斯山 ( 南极洲 ),,,,,0,0,,,
Gauss-Bonnet formula,,,【数学】高斯—邦尼特公式,,,,,0,0,,,
Gauss-Bonnet theorem,,,【数学】高斯—邦尼特定理,,,,,0,0,,,
Gauss-Codozzi equation,,,高斯-柯达齐方程,,,,,0,0,,,
Gauss-condition error,,,高斯条件误差,,,,,0,0,,,
gauss-doolittle method,,,"高(斯)?杜(立特)二氏法, 高斯－杜立德(Gauss-Doolittle)法",,,,,0,0,,,
Gauss-invariant coordinates,,,高斯不变坐标,,,,,0,0,,,
Gauss-Jacobi identity,,,高斯-雅可比恒 等式,,,,,0,0,,,
Gauss-Jordan elimination,,,[计] 高斯-约当消去,,,,,0,0,,,
Gauss-Jordan elimination method,,,高斯-若尔当消去法,,,,,0,0,,,
gauss-jordan procedure,,,高斯－乔登程序,,,,,0,0,,,
gauss-jordon algorithm,,,高斯－乔登演算法,,,,,0,0,,,
Gauss-Kruger projection,,,高斯-克吕格投影,,,,,0,0,,,
Gauss-Laguerre formulas,,,[计] 高斯-拉盖尔公式,,,,,0,0,,,
Gauss-Laplace curve,,,高斯-拉普拉斯曲线,,,,,0,0,,,
gauss-legendre integration,,,高(斯)?勒(尖得)二氏积分,,,,,0,0,,,
gauss-legendre quadrature,,,高(斯)?勒(尖得)二氏求积法,,,,,0,0,,,
Gauss-Legendre rule,,,高斯-勒让德法则,,,,,0,0,,,
Gauss-Markov corollary,,,高斯-马尔可夫推论,,,,,0,0,,,
Gauss-Markov estimator,,,高斯-马尔可夫估计量,,,,,0,0,,,
Gauss-Markov process,,,高斯-马尔可夫过程,,,,,0,0,,,
Gauss-Markov theorem,,,高斯-马尔可夫定理,,,,,0,0,,,
Gauss-meter,,,高斯计，磁强计,,,,,0,0,,,
gauss-newton algorithm,,,高斯－牛顿演算法,,,,,0,0,,,
Gauss-Newton method,,,[计] 高斯-牛顿法,,,,,0,0,,,
Gauss-Newton-Raphson (GNR) method,,,[化] 高斯-牛顿-拉夫森法,,,,,0,0,,,
Gauss-Poisson distribution,,,高斯-泊松分布,,,,,0,0,,,
gauss-seidel algorithm,,,高斯－希得演算法,,,,,0,0,,,
Gauss-Seidel iteration,,,斯-塞德尔迭代法,,,,,0,0,,,
Gauss-Seidel iteration method,,,高斯-赛德尔叠代法,,,,,0,0,,,
gauss-seidel iterative method,,,高斯塞德叠代法,,,,,0,0,,,
Gauss-Seidel matrix,,,高斯-赛德尔矩阵,,,,,0,0,,,
Gauss-Seidel method,,,[计] 高斯-赛德尔法,,,,,0,0,,,
Gauss-Seidel procedure,,,斯-塞德尔法,,,,,0,0,,,
gauss-winckler inequality,,,高斯－文克勒(Gauss-Winckler)不等式,,,,,0,0,,,
gaussage,'^ausidʒ,,[电] 高斯数,,,,,0,0,,,
gaussages,'ɡəusidʒ,,n. 高斯数,,,,,0,0,,,
Gaussberg,,,高斯山,,,,,0,0,,,
Gaussberg Abyssal Plain,,,[地名] 高斯贝格深海平原 ( 印度洋 ),,,,,0,0,,,
gaussbergite,,,辉橄白榴斑岩,,,,,0,0,,,
gausses,,,[网络] 高斯,,,,,0,0,0:gauss/1:s,,
Gaussia,,,[网络] 高斯椰属,,,,,0,0,,,
Gaussian,'^ausiәn,a. of or relating to Karl Gauss or his mathematical theories of magnetics or electricity or astronomy or probability,[计] 高斯,j:100,,,,29650,29979,s:gaussians,,
Gaussian (gaussian),,,斯的,,,,,0,0,,,
Gaussian additional noise channel,,,[通信] 高斯可加噪声信道,,,,,0,0,,,
Gaussian amplifier,,,高斯频率特性放大器,,,,,0,0,,,
Gaussian approximation,,,高斯近似法,,,,,0,0,,,
Gaussian approximation for Markov chains,,,马尔可夫链高斯逼近,,,,,0,0,,,
gaussian band shape,,,高斯谱带形状,,,,,0,0,,,
Gaussian band-pass filter,,,高斯带通滤波器,,,,,0,0,,,
Gaussian beam,,,[化] 高斯光束,,,,,0,0,,,
Gaussian blur,,,高斯模糊（一种滤镜功能）,,,,,0,0,,,
gaussian capacitance,,,高斯电容,,,,,0,0,,,
Gaussian chain,,,高斯链,,,,,0,0,,,
Gaussian channel,,,高斯信道,,,,,0,0,,,
gaussian channel model,,,高斯通道模式,,,,,0,0,,,
Gaussian classifier,,,[计] 高斯分频符,,,,,0,0,,,
gaussian coefficient,,,[地物] 高斯系数,,,,,0,0,,,
Gaussian coil,,,【材料学】高斯线圈,,,,,0,0,,,
Gaussian complex integers,,,高斯复整数,,,,,0,0,,,
Gaussian concentration profile,,,[化] 高斯浓度图,,,,,0,0,,,
Gaussian constant,,,高斯常数,,,,,0,0,,,
gaussian correlation function,,,高斯相关函数,,,,,0,0,,,
Gaussian curvature,,,高斯曲率,,,,,0,0,,,
Gaussian curvature approximation,,,高斯曲率逼近,,,,,0,0,,,
Gaussian curve,,,[计] 高斯曲线\n[化] 高斯线型,,,,,0,0,s:gaussian curves,,
gaussian curves,,,【统计学】高斯曲线,,,,,0,0,0:gaussian curve/1:s,,
gaussian density,,,[电] 高斯密度,,,,,0,0,,,
gaussian describing function,,,[电] 高斯描述函数,,,,,0,0,,,
gaussian dimension system,,,高斯量纲制,,,,,0,0,,,
gaussian dispersion model,,,高斯扩散模式,,,,,0,0,,,
Gaussian distribution,,,[化] 高斯分布; 正态分布,,,,,0,0,s:gaussian distributions,,
gaussian distribution c,,,高斯分佈,,,,,0,0,,,
Gaussian distribution curve,,,高斯粒度分布曲线,,,,,0,0,,,
Gaussian distribution formula,,,高斯分布公式,,,,,0,0,,,
gaussian distribution function,,,"高斯分布函数, 高斯(Gauss)分布函数",,,,,0,0,,,
gaussian distribution law,,,高斯分布定律,,,,,0,0,,,
gaussian distribution of errors,,,高斯误差曲线,,,,,0,0,,,
Gaussian distributions,,,[网络] 多高斯分布,,,,,0,0,0:gaussian distribution/1:s,,
gaussian disturbance,,,高斯干扰,,,,,0,0,,,
Gaussian doublet,,,高斯型双合透镜,,,,,0,0,,,
Gaussian elementary beam,,,高斯基本光束,,,,,0,0,,,
Gaussian elimination,,,[计] 高斯消去法\n[化] 高斯消元法,,,,,0,0,,,
Gaussian elimination method,,,高斯消去法,,,,,0,0,,,
Gaussian elution band,,,[化] 高斯洗脱谱带,,,,,0,0,,,
Gaussian equation,,,高斯方程,,,,,0,0,,,
Gaussian error,,,高斯误差,,,,,0,0,,,
Gaussian error curve,,,高斯误差曲线,,,,,0,0,,,
gaussian error function,,,高斯误差函数,,,,,0,0,,,
Gaussian filter,,,高斯滤波器,,,,,0,0,,,
Gaussian flux law,,,高斯通量定律,,,,,0,0,,,
gaussian form,,,高斯形式,,,,,0,0,,,
Gaussian frequency response,,,高斯频率响应;正态频率特性,,,,,0,0,,,
Gaussian frequency shift keying,,,高斯频移键控,,,,,0,0,,,
Gaussian function,,,高斯函数,,,,,0,0,,,
Gaussian gravitational constant,,,高斯引力常数,,,,,0,0,,,
Gaussian hat,,,"[计] ""高斯帽""",,,,,0,0,,,
Gaussian horn,,,高斯型变幅杆,,,,,0,0,,,
Gaussian hypergeometric function,,,高斯超越几何函数,,,,,0,0,,,
Gaussian image,,,高斯像,,,,,0,0,,,
gaussian image point,,,高斯像点,,,,,0,0,,,
Gaussian input,,,[计] 高斯输入,,,,,0,0,,,
Gaussian integer,,,高斯整数,,,,,0,0,,,
Gaussian integers,,,高斯整数,,,,,0,0,,,
gaussian integral,,,高斯积分,,,,,0,0,,,
Gaussian integral domain,,,高斯整环,,,,,0,0,,,
gaussian integral function,,,高斯积分函数,,,,,0,0,,,
Gaussian integration method,,,[网络] 高斯求积法,,,,,0,0,,,
Gaussian interpolation formula,,,高斯插值公式,,,,,0,0,,,
gaussian kernel,,,高斯核仁；高斯函数,,,,,0,0,,,
Gaussian laser beam,,,高斯激光束,,,,,0,0,,,
gaussian latitude,,,高斯纬度,,,,,0,0,,,
Gaussian law of error,,,高斯误差定律,,,,,0,0,,,
Gaussian lens formula,,,高斯透镜公式,,,,,0,0,,,
gaussian likelihood,,,高斯概似,,,,,0,0,,,
Gaussian line shape,,,高斯线形,,,,,0,0,,,
Gaussian linear model,,,高斯线性模型,,,,,0,0,,,
gaussian linear process,,,高斯线性过程,,,,,0,0,,,
gaussian lineshape,,,[电] 高斯线形,,,,,0,0,,,
Gaussian mapping,,,高斯映射,,,,,0,0,,,
Gaussian minimum frequency shift keying,,,高斯最小频移键控,,,,,0,0,,,
gaussian mixture model,,,[网络] 高斯混合模型；混合高斯模型；混合高斯分布模型,,,,,0,0,,,
Gaussian mode,,,高斯模,,,,,0,0,,,
Gaussian model,,,[计] 高斯模型,,,,,0,0,,,
Gaussian network,,,高斯网络,,,,,0,0,,,
Gaussian noise,,,[计] 高斯噪声,,,,,0,0,,,
gaussian noise generator,,,[电] 高斯杂讯产生器,,,,,0,0,,,
Gaussian normal curve,,,[网络] 高斯正态曲线,,,,,0,0,,,
Gaussian number,,,[计] 高斯随机数,,,,,0,0,,,
gaussian ocular,,,高斯目镜,,,,,0,0,,,
Gaussian operations,,,【数学】高斯运算,,,,,0,0,,,
Gaussian optics,,,[化] 高斯光学,,,,,0,0,,,
gaussian peak,,,高斯峰,,,,,0,0,,,
gaussian permittivity,,,高斯电容率；高斯介电系数,,,,,0,0,,,
Gaussian plane,,,斯平面,,,,,0,0,,,
Gaussian plume distribution,,,斯烟羽分布,,,,,0,0,,,
gaussian point,,,高斯点,,,,,0,0,,,
Gaussian points,,,"[医] 高斯氏点, 节点",,,,,0,0,,,
Gaussian polynomials,,,【数学】高斯多项式,,,,,0,0,,,
Gaussian probability,,,[计] 高期概率,,,,,0,0,,,
Gaussian probability curve,,,高斯概率曲线,,,,,0,0,,,
Gaussian probability density,,,高斯概率密度,,,,,0,0,,,
gaussian probability density function,,,"高斯机率密度函数, 高士机率密度函数",,,,,0,0,,,
Gaussian probability process,,,高斯概率过程,,,,,0,0,,,
Gaussian probability-density function,,,高斯概率密度函数,,,,,0,0,,,
Gaussian process,,,高斯过程,,,,,0,0,,,
Gaussian processes,,,高斯法,,,,,0,0,,,
Gaussian profile,,,高斯分布;高斯剖面,,,,,0,0,,,
Gaussian pulse,,,高斯脉冲,,,,,0,0,,,
gaussian pulse shaping,,,高斯脉冲整形,,,,,0,0,,,
Gaussian pulse train,,,斯脉冲序列,,,,,0,0,,,
Gaussian pyramid,,,高斯金字塔,,,,,0,0,,,
Gaussian quadrature,,,高斯求积,,,,,0,0,,,
gaussian quadrature formula,,,高斯求积公式,,,,,0,0,,,
gaussian quantity,,,高斯量,,,,,0,0,,,
gaussian radius,,,高斯半径，平均曲率半径,,,,,0,0,,,
gaussian radom process,,,高斯随机过程,,,,,0,0,,,
gaussian random field,,,高斯随机场,,,,,0,0,,,
Gaussian random noise,,,正态随机噪声,,,,,0,0,,,
Gaussian random process,,,高斯随机过程,,,,,0,0,,,
Gaussian random variable,,,高斯随机变量,,,,,0,0,,,
gaussian random variables,,,高斯随机变数,,,,,0,0,,,
Gaussian random vector,,,高斯随机向量,,,,,0,0,,,
gaussian random vibration,,,[电] 高斯乱步振动,,,,,0,0,,,
gaussian randomprocess,,,高斯散乱程序,,,,,0,0,,,
Gaussian reduction,,,高斯消去法,,,,,0,0,,,
Gaussian reduction method,,,高斯约化法,,,,,0,0,,,
Gaussian reference sphere,,,高斯参考球,,,,,0,0,,,
Gaussian reflectivity,,,高斯反射率,,,,,0,0,,,
Gaussian region,,,高斯区域,,,,,0,0,,,
gaussian response,,,[电] 高斯响应,,,,,0,0,,,
Gaussian roll-off,,,[网络] 高斯转降,,,,,0,0,,,
Gaussian rolloff curve,,,高斯型衰减曲线,,,,,0,0,,,
Gaussian scanning spot,,,高斯扫描光点,,,,,0,0,,,
gaussian semigroup,,,高斯半群,,,,,0,0,,,
Gaussian shape,,,[网络] 高斯形态,,,,,0,0,s:gaussian shapes,,
gaussian shapes,,,[网络] 高斯形态\n(gaussian shape 的复数),,,,,0,0,0:gaussian shape/1:s,,
Gaussian source,,,高斯信源,,,,,0,0,,,
gaussian sphere,,,高斯球,,,,,0,0,,,
Gaussian spread function,,,高斯扩展函数,,,,,0,0,,,
Gaussian stationary process,,,[数] 高斯平稳过程,,,,,0,0,,,
Gaussian stochastic process,,,高斯随机过程,,,,,0,0,,,
gaussian sum,,,高斯和,,,,,0,0,,,
Gaussian system,,,【电磁学】高斯(单位)制,,,,,0,0,,,
gaussian time series,,,高斯时间数列,,,,,0,0,,,
Gaussian transformation,,,高斯变换,,,,,0,0,,,
Gaussian type orbital,,,[化] 高斯型轨道,,,,,0,0,,,
Gaussian type quadrature,,,高斯型求积,,,,,0,0,,,
Gaussian unit,,,斯制单位,,,,,0,0,,,
Gaussian units,,,高斯单位制;高斯制单位,,,,,0,0,,,
Gaussian variable,,,"高斯变数,正态分布随机变数",,,,,0,0,,,
gaussian velocity fluctuation,,,高斯速度变动,,,,,0,0,,,
Gaussian wave group,,,高斯波群,,,,,0,0,,,
Gaussian wave train,,,高斯波列,,,,,0,0,,,
gaussian weight,,,高斯权重,,,,,0,0,,,
Gaussian well,,,高斯势阱;高斯位阱,,,,,0,0,,,
gaussian white noise,,,"高斯白杂讯, 高斯白噪",,,,,0,0,,,
gaussian width,,,高斯宽度,,,,,0,0,,,
Gaussian year,,,高斯年,,,,,0,0,,,
Gaussian-shaped concentration distribution,,,[化] 高斯型浓度分布,,,,,0,0,,,
Gaussian-shaped pulse,,,高斯型脉冲,,,,,0,0,,,
gaussianities,,,[网络] 高斯,,,,,0,0,,,
Gaussianity,,,[网络] 高斯性质,,,,,0,0,,,
Gaussians,,plural of Gaussian\na. of or relating to Karl Gauss or his mathematical theories of magnetics or electricity or astronomy or probability,(Gaussian 的复数) [计] 高斯,,,,,0,0,0:gaussian/1:s,,
gaussin error,,,短时磁差,,,,,0,0,,,
Gaussina response,,,高斯响应,,,,,0,0,,,
gaussing,gaʊs,,gauss\n[ɡaus]\nn.\n【电磁学】高斯(磁感应强度单位，磁通量密度单位)\n变形：\nn.\ngauss\n. gausses,,,,,0,0,,,
gaussistor,'^ɔ:sistә,,磁阻放大器(能放大低频信号),,,,,0,0,,,
Gaussmeter,'^ausmi:tә,n a meter to compare strengths of magnetic fields,"高斯计, (以高斯或千高斯表示的)磁强计",,,,,0,0,s:gaussmeters,,
gaussmeters,",ɡaus'mi:tə",,n. [电磁] 高斯计；[电磁] 磁强计（以高斯或千高斯表示的）,,,,,0,0,0:gaussmeter/1:s,,
Gausta,,,[地名] 盖于斯塔峰 ( 挪 ),,,,,0,0,,,
gaustad,,, [人名] 高斯塔德,,,,,0,0,s:gaustads,,
gaustads,,, [人名] 高斯塔德\n(gaustad 的复数),,,,,0,0,0:gaustad/1:s,,
gauster,,,[网络] 高斯,,,,,0,0,,,
gausy,,,[网络] 好厉害,,,,,0,0,,,
gaut,,, [人名] [英格兰人姓氏] 高特 Galt的变体,,,,,0,0,,,
gautam,,,[网络] 塔姆；高塔姆；王高徒,,,,,0,0,,,
Gautama,'gautәmә,n founder of Buddhism; worshipped as a god (c 563-483 BC),n. 乔答摩(释迦牟尼之俗姓),,,,,0,0,s:gautamas,,
Gautama Buddha,,,[网络] 古塔佛,,,,,0,0,s:gautama buddhas,,
gautama buddhas,,,[网络] 古塔佛\n(gautama buddha 的复数),,,,,0,0,0:gautama buddha/1:s,,
Gautama Siddhartha,,,[网络] 妨害悉达多；瞿昙悉达；佛祖释迦牟尼,,,,,0,0,s:gautama siddharthas,,
gautama siddharthas,,,[网络] 妨害悉达多；瞿昙悉达；佛祖释迦牟尼\n(gautama siddhartha 的复数),,,,,0,0,0:gautama siddhartha/1:s,,
"Gautama, Siddhartha",,,[网络] 妨害悉达多；瞿昙悉达；佛祖释迦牟尼,,,,,0,0,,,
gautamas,'ɡautəmə,,n. 乔答摩（释迦牟尼的俗姓）,,,,,0,0,0:gautama/1:s,,
gaute,,,[网络] 高兴,,,,,0,0,,,
gauteite,,,"中长粗安岩, 闪辉粗安岩，中长粗安岩",,,,,0,0,,,
Gauteng,,,n. 豪登省（南非省名）,,,,,0,0,,,
Gauteng Prov.,,,[地名] 豪滕省 ( 南非 ),,,,,0,0,,,
Gauteriaceae,,,n. 【真菌】高腹菌科,,,,,0,0,,,
Gauteriales,,,n. 【真菌】高腹菌目,,,,,0,0,,,
gauthe,,,[网络] g he。,,,,,0,0,,,
gauthes,,,[网络] 高傲,,,,,0,0,,,
gauthey,,,[网络] 高台；戈泰,,,,,0,0,,,
gauthier,,,n. (Gauthier)人名；(英)高蒂尔；(法)戈捷,,,,,0,0,s:gauthiers,,
gauthiers,,,n. (Gauthier)人名；(英)高蒂尔；(法)戈捷,,,,,0,0,0:gauthier/1:s,,
"Gauthiot, Chutes",,,[地名] 戈蒂奥瀑布 ( 乍 ),,,,,0,0,,,
gautier,,,戈蒂埃（人名）,,,,,0,0,s:gautiers,,
gautiers,,,戈蒂埃（人名）,,,,,0,0,0:gautier/1:s,,
Gauting,,,[地名] 高廷 ( 德 ),,,,,0,0,,,
gautreaux,,, [人名] 高特罗,,,,,0,0,,,
Gautsjφen,,,[地名] 盖于特湖 ( 挪 ),,,,,0,0,,,
Gauussage,,,高斯数,,,,,0,0,,,
gauva,,,[网络] 芭乐；番石榴,,,,,0,0,,,
gauvain,,, [人名] 高文,,,,,0,0,,,
Gauvain's Fluid,,,[医] 戈维恩氏液(脓胸洗绦液),,,,,0,0,,,
gauvey,,,[网络] 加维,,,,,0,0,,,
gauvin,,, [人名] [英格兰人姓氏] 高文 Gavin的变体,,,,,0,0,,,
gauvreau,,,戈夫罗,,,,,0,0,,,
gauze,gɒ:z,n. (medicine) bleached cotton cloth of plain weave used for bandages and dressings\nn. a net of transparent fabric with a loose open weave,"n. 薄纱, 纱布, 金属网\n[医] 纱布",n:100,,,,21512,14764,s:gauzes,,
gauze (filter) element,,,[化] 网状滤心,,,,,0,0,,,
gauze and cotton tissue,,,[医] 裹伤巾,,,,,0,0,,,
gauze and lenno weave,,,纱罗组织,,,,,0,0,,,
gauze attachment,,,纱罩,,,,,0,0,,,
gauze bag,,,沙布袋,,,,,0,0,,,
gauze bandage,,,[医] 纱布绷带,,,,,0,0,s:gauze bandages,,
gauze bandages,,,纱布绷带,,,,,0,0,0:gauze bandage/1:s,,
gauze boundary,,,状边界,,,,,0,0,,,
gauze brush,,,"铜丝布电刷,网刷",,,,,0,0,,,
gauze carburetor,gɔ:z ˈkɑ:bjʊretə,, 纱网化油器,,,,,0,0,,,
gauze catalyst,,,网状解媒,,,,,0,0,,,
gauze cloth,,,纱罗织物,,,,,0,0,,,
gauze cone,,,网状锥体,,,,,0,0,,,
gauze cover,,,铁纱罩,,,,,0,0,,,
gauze diaphragm,,,金属防火网,,,,,0,0,,,
gauze draff,,,纱罗穿综法,,,,,0,0,,,
gauze effect,,,纱罗花纹,,,,,0,0,,,
gauze elastic webbing,,,网弹性网络化,,,,,0,0,,,
gauze element,,,滤器零件,,,,,0,0,,,
gauze embroidery,,,蟒纱,,,,,0,0,,,
gauze fabric,,,"金属织网,砂布",,,,,0,0,,,
gauze filter,,,网状滤器,,,,,0,0,,,
gauze filter tray,,,网状过滤盘,,,,,0,0,,,
gauze flannel,,,条纹薄法兰绒,,,,,0,0,,,
gauze frame,,,[网络] 金属滤网架,,,,,0,0,,,
gauze kerchief,gɔ:z ˈkə:tʃif,, 纱巾,,,,,0,0,,,
gauze mask,gɔ:z mɑ:sk,, 口罩,,,,,0,0,,,
gauze mat,,,[网络] 纱垫,,,,,0,0,,,
gauze noz,,,滤网式喷管,,,,,0,0,,,
gauze nozzle,,,"滤网式喷管,带有格栅的喷管",,,,,0,0,,,
gauze oil strainer,,,网式机油过滤器,,,,,0,0,,,
gauze packer,,,[医] 纱布填塞器,,,,,0,0,,,
gauze packing,,,网状填料,,,,,0,0,,,
gauze pad,,,网垫,,,,,0,0,,,
gauze platinum electrode,,,铂网电极,,,,,0,0,,,
gauze reed,,,纱罗筘,,,,,0,0,,,
gauze ring,,,网状填充环,,,,,0,0,,,
gauze room,,,纱网间，泸尘间,,,,,0,0,,,
gauze screen,,,"铁纱网,金属丝网",,,,,0,0,,,
gauze sponge,,,[医] 纱布绵拭,,,,,0,0,,,
gauze stainer,,,[网络] 网状过滤器,,,,,0,0,,,
gauze stockings,,,麻纱袜,,,,,0,0,,,
gauze strainer,,,[化] 网状滤器,,,,,0,0,,,
gauze swab,,,[医] 纱布拭子,,,,,0,0,,,
gauze top burner,,,网头灯,,,,,0,0,,,
gauze weave,,,纱罗组织,,,,,0,0,,,
gauze wire,,,细目丝网,,,,,0,0,,,
gauze wire cloth,,,钢丝布,,,,,0,0,,,
gauze(metal),,,[化] 金属网,,,,,0,0,,,
gauze-like,,,[网络] 纱布状,,,,,0,0,,,
gauzed,gɔːz,,n. 纱布；薄纱；薄雾\nn. (Gauze)人名；(科特)高泽；(法)戈兹,,,,,0,0,,,
gauzeless,,,[网络] 无毛,,,,,0,0,,,
gauzelike,ɡɔ:z,,gauzelike\nadj.\ngauze的变形\ngauze\n[ɡɔ:z]\nn.\n(用平织或纱罗织法织成的透明的)薄纱，纱罗组织；纱罗织物\n(医用)纱布\n(金属、塑料等的)网纱\n薄雾\nadj.\n薄纱似的；由薄纱制成的\nvt.\n给…蒙上薄纱；给…蒙上薄纱似的东西\nvi.\n成薄纱状；成薄雾状\n变形：\nvt.\ngauzed\n. gauzing,,,,,0,0,,,
gauzes,,plural of gauze\nn. (medicine) bleached cotton cloth of plain weave used for bandages and dressings\nn. a net of transparent fabric with a loose open weave,"(gauze 的复数) n. 薄纱, 纱布, 金属网\n[医] 纱布",,,,,0,0,0:gauze/1:s3,,
gauzier,,,adj. 薄的；纱似的；轻薄透明的 (gauzy的变形),,,,,0,0,,,
gauziest,,,adj. 薄的；纱似的；轻薄透明的 (gauzy的变形),,,,,0,0,,,
gauzily,ˊgɒːzili,,adv. 纱似地;薄地,,,,,0,0,,,
gauziness,'ɡɔ:zɪnəs,n. The quality of being gauzy; flimsiness.,n. 似薄纱的状态,,,,,0,0,,,
gauzing,gɔːz,,n. 纱布；薄纱；薄雾\nn. (Gauze)人名；(科特)高泽；(法)戈兹,,,,,0,0,,,
gauzing machine,,,贴纱布机,,,,,0,0,,,
gauzy,'gɒ:zi,s so thin as to transmit light,"a. 纱似的, 薄的",j:100,,,,43468,20206,,,
Gauzān,,,[地名] 高赞 ( 阿富 ),,,,,0,0,,,
GAV,,,年度总产值（gross annual value）,,,,,18252,0,s:gavs,,
gav koshi,,,加夫科希,,,,,0,0,,,
Gav.,,,[网络] 总资产值(gross asset value)；野狼卡滋；麦长管蚜株系,,,,,0,0,,,
gava,,,n. (Gava)人名；(法、意、罗、塞)加瓦,,,,,0,0,s:gavas,,
gavaculine,,,间氨基苯甲酸,,,,,0,0,,,
gavage,^ә'vɑ:ʒ,n feeding that consists of the delivery of a nutrient solution (as through a nasal tube) to someone who cannot or will not eat,"n. [医]强饲法,[农]填喂法",,,,,0,0,s:gavages,,
gavaged,gæ'vɑːʒ,,n.\n[法语]\n【医学】(使用胃管喂养的)强饲法，管饲法，鼻饲法\n【农业】(促进家禽长肥的)强喂(法),,,,,0,0,,,
gavages,,,n. 【医】管饲法\n[网络] 胃管经口喂食；胃管口服给予；口管灌食,,,,,0,0,0:gavage/1:s,,
gavaghan,,, [人名] 加瓦安,,,,,0,0,,,
gavaging,gæ'vɑːʒ,,n.\n[法语]\n【医学】(使用胃管喂养的)强饲法，管饲法，鼻饲法\n【农业】(促进家禽长肥的)强喂(法),,,,,0,0,,,
gavalas,,, [人名] 加瓦拉斯,,,,,0,0,,,
gavaldon,,,[网络] 加瓦尔顿,,,,,0,0,,,
Gavalou,,,[地名] 加瓦卢 ( 希 ),,,,,0,0,,,
gavan,,, [人名] 加万,,,,,0,0,s:gavans,,
Gavan',,,[地名] 加万 ( 俄 ),,,,,0,0,,,
Gavanes,,,[地名] 加瓦内斯 ( 西 ),,,,,0,0,,,
gavans,,, [人名] 加万\n(gavan 的复数),,,,,0,0,0:gavan/1:s,,
Gavar,,,[网络] 加瓦尔；嘉瓦；亚美尼亚嘉瓦,,,,,0,0,,,
Gavard's muscle,,,[医] 加瓦尔氏肌(胃壁斜行肌层),,,,,0,0,,,
gavarini,,,[网络] 加瓦里尼,,,,,0,0,,,
gavarni,,,[网络] 加瓦尔尼；加瓦尼酒店；瓦利氏,,,,,0,0,,,
Gavarnie,,,[地名] 加瓦尔尼 ( 法 ),,,,,0,0,s:gavarnies,,
gavarnies,,,[地名] 加瓦尔尼 ( 法 )\n(gavarnie 的复数),,,,,0,0,0:gavarnie/1:s,,
Gavarr,,,[网络] 加瓦尔,,,,,0,0,,,
gavas,,,n. (Gava)人名；(法、意、罗、塞)加瓦\n(gava 的复数),,,,,0,0,0:gava/1:s,,
gavaul,,,[网络] 加沃尔,,,,,0,0,,,
gavazzi,,, [人名] 加瓦齐,,,,,0,0,,,
gavbandi (gabandi),,,加班迪,,,,,0,0,,,
Gavdopoula,,,[地名] 加夫佐普拉岛 ( 希 ),,,,,0,0,,,
Gavdos,,,[地名] 加夫佐斯岛 ( 希 ),,,,,0,0,,,
gave,geiv,"v cause to have, in the abstract sense or physical sense\nv be the cause or source of\nv transfer possession of something concrete or abstract to somebody\nv convey or reveal information\nv convey, as of a compliment, regards, attention, etc.; bestow\nv organize or be responsible for\nv convey or communicate; of a smile, a look, a physical gesture\nv give as a present; make a gift of\nv cause to happen or be responsible for\nv dedicate\nv give or supply\nv transmit (knowledge or skills)\nv bring about\nv leave with; give temporarily\nv emit or utter\nv endure the loss of\nv place into the hands or custody of\nv give entirely to a specific person, activity, or cause\nv give (as medicine)\nv give or convey physically\nv bestow\nv bestow, especially officially\nv move in order to make room for someone for something\nv give food to\nv contribute to some cause\nv break down, literally or metaphorically\nv estimate the duration or outcome of something\nv execute and deliver\nv deliver in exchange or recompense\nv afford access to\nv present to view\nv perform for an audience\nv be flexible under stress of physical force\nv propose\nv accord by verdict\nv manifest or show\nv offer in good faith\nv submit for consideration, judgment, or use\nv guide or direct, as by behavior of persuasion\nv allow to have or take\nv inflict as a punishment\nv occur\nv consent to engage in sexual intercourse with a man\nv proffer (a body part)",give的过去式,,,,,0,0,0:give/1:p,,
gave a accout of,,,v. 说明(叙述),,,,,0,0,,,
gave a damn,,,v. 喜欢(感兴趣；介意；计较),,,,,0,0,,,
gave a glance at,,,看了……一下\n瞥了……一眼,,,,,0,0,,,
gave a glance over,,,vt. 看一看,,,,,0,0,,,
gave a hand,,,n. 帮助某人,,,,,0,0,,,
gave a hoot,,,v. 介意(计较),,,,,0,0,,,
gave a picture of,,,把.……描绘一番,,,,,0,0,,,
gave a rap,,,v. 感兴趣(喜欢；介意；计较),,,,,0,0,,,
gave a shit,,,只在乎很少的一点,,,,,0,0,,,
gave a wide berth,,,避开\n保持距离,,,,,0,0,,,
gave an order for,,,v. 定购,,,,,0,0,,,
gave an outline of,ɡev ən ˈaʊtˌlaɪn ʌv,, 简单介绍,,,,,0,0,,,
gave away,,,na. 让掉；分发；牺牲；露马脚\n[网络] 赠送；赠与,,,,,0,0,,,
gave back,,,na. 归还；报复；后退；凹陷,,,,,0,0,,,
gave battle,,,挑战,,,,,0,0,,,
gave birth,,,[网络] 生,,,,,0,0,,,
gave brain,,when a girl sucks a dick\n> you: hey did she suck your dick?\n> me: yeah she gave me brain.\n,,,,,,0,0,,,
gave brains,,when a girl sucks a dick\n> you: hey did she suck your dick?\n> me: yeah she gave me brain.\n,,,,,,0,0,,,
gave care,,,留意， 用心,,,,,0,0,,,
gave chase,,,[网络] 展开追逐,,,,,0,0,,,
gave confidence in,,,vt. 信任(信赖),,,,,0,0,,,
gave consideration to,,,考虑到\n考虑,,,,,0,0,,,
gave credit to,,,赞许\n相信,,,,,0,0,,,
Gave d'Aspe,,,[地名] 阿斯普河 ( 法 ),,,,,0,0,,,
Gave d'Oloron,,,[地名] 奥洛龙河 ( 法 ),,,,,0,0,,,
Gave d'Ossau,,,[地名] 奥索河 ( 法 ),,,,,0,0,,,
gave de pau,,,[网络] 波河；穷苦少女到河边；成波城河,,,,,0,0,,,
gave expression to,,,表达出,,,,,0,0,,,
gave face,,,给面子,,,,,0,0,,,
gave forth,,,发表；发出,,,,,0,0,,,
gave good reason for,,,vt. 有充分理由,,,,,0,0,,,
gave ground,,,让步；退却；失利,,,,,0,0,,,
gave head,,,[网络] 给了头,,,,,0,0,,,
gave in,,,na. 交上；屈服；表示\n[网络] 选项,,,,,0,0,,,
gave in to,,,vt.  屈服于(对 ... 让步),,,,,0,0,,,
gave instructions to,,,v. 命令,,,,,0,0,,,
gave it a try,,,试一试,,,,,0,0,,,
gave it a whirl,,,试一下,,,,,0,0,,,
gave it to,,,vt. 处罚,,,,,0,0,,,
gave it to me,,,把它给我,,,,,0,0,,,
gave it up,,,放弃；鼓掌欢迎,,,,,0,0,,,
gave me a hand,,,帮我一下,,,,,0,0,,,
gave me a shout,,,给我留言,,,,,0,0,,,
gave me some skin,,,我们握个手吧,,,,,0,0,,,
gave me the cold shoulder,,,[网络] 使我受到冷淡对待；冷淡的对待,,,,,0,0,,,
gave myself airs,,,v. 摆架子(装腔作势；盛气凌人),,,,,0,0,,,
gave notice,,,通知,,,,,0,0,,,
gave occasion to,,,v. 引起,,,,,0,0,,,
gave of,,,献出,,,,,0,0,,,
gave off,,,na. 放出\n[网络] 发出,,,,,0,0,,,
gave onto,,,v. 分发；发出,,,,,0,0,,,
gave out,,,na. 发表；发出；分发\n[网络] 放出；力气；分发完,,,,,0,0,,,
gave over,,,[网络] 托付；不再,,,,,0,0,,,
gave over to,,,留作；把…留作特定用途,,,,,0,0,,,
gave particulars,,,v. 详细叙述,,,,,0,0,,,
gave place to,,,让位于；屈服,,,,,0,0,,,
gave play to,,,发挥,,,,,0,0,,,
gave publicity,,,v. 公布(宣布),,,,,0,0,,,
gave resons for,,,v. 说明理由,,,,,0,0,,,
gave rise,,,引起\n招致,,,,,0,0,,,
gave rise to,,,导致,,,,,0,0,,,
gave shape to,,,使成形，修整；使…具体（条理）化,,,,,0,0,,,
gave support to,,,支持；支援；帮助,,,,,0,0,,,
gave thanks,,,[网络] 祝谢；谢恩,,,,,0,0,,,
gave the boot,,,请......离开（非正式）\n解雇......（非正式）,,,,,0,0,,,
gave the glad hand,,,v. 欢迎,,,,,0,0,,,
gave the shaft,,,欺骗,,,,,0,0,,,
gave them the slip,,,[网络] 甩掉他们,,,,,0,0,,,
gave up,,,na. 放弃；中止；投降；自首\n[网络] 顾不得；停止；出现,,,,,0,0,,,
gave up on,,,放弃；对…表示绝望；对…不再期待,,,,,0,0,,,
gave up the ghost,,,死，断气,,,,,0,0,,,
gave up to,,,陷入；让给；向…投降,,,,,0,0,,,
gave us a hand,,,给予帮助,,,,,0,0,,,
gave voice,,,表达\n发声,,,,,0,0,,,
gave way,,,[网络] 断掉,,,,,0,0,,,
gave way to,,,给……让路；为…所替代；听凭决定,,,,,0,0,,,
gave wing to,,,vt.  加快(使 ... 添翼高飞； 增加 ... 之速度),,,,,0,0,,,
gave you a hand,,,给你帮忙,,,,,0,0,,,
gaveau,,,[网络] 音乐厅卡沃；加沃；嘉瓦,,,,,0,0,,,
Gaved-s,,,佳胃得,,,,,0,0,,,
Gavekal,,,[网络] 研究机构加维卡尔,,,,,0,0,,,
gavel,'gævәl,n. a small mallet used by a presiding officer or a judge,"n. 槌\n[法] 赋税或租金, 议事槌, 小木槌",n:100,,,gre,41947,19269,s:gavels,,
gavel to order,,"gavel to order (third-person singular simple present gavels to order, present participle gaveling to order, simple past and past participle gaveled to order)\n(transitive) To initiate or restore the orderly functioning of a meeting or function or assembly or court by pounding a gavel.\n",,,,,,0,0,,,
gavel-to-gavel,'ɡævəltə'ɡævəl,,"a. （会议等）从头到尾的, 自始至终的\nadv. 从头到尾地, 自始至终地",j:100,,,,0,0,,,
gavelage,,,[网络] 狂欢,,,,,0,0,,,
gaveled,'ɡæv(ə)l,,"n. 〈美〉(法官,会议主席等用的)小槌；拍卖槌；石匠用的大槌\nv. 敲小槌(催促通过议案,要求注意等)\n[网络] 小木槌；锤子；法槌",,,,,0,0,,,
gaveler,'ɡævəl,,n.\n(石工用的)大木槌\n(会议主席、法官或拍卖商用以敲击桌子的)小木槌，议事槌\nvt.\n(会议主席敲小木槌)强行裁决；专断地宣布\nvi.\n击小木槌\n变形：\nvt.\ngaveled或-elled;-el-ing 或-elling\ngavel2\n['ɡævəl]\nn.\n(封建时代的)租税，贡金,,,,,0,0,,,
gavelere,,,[网络] 派克勒,,,,,0,0,,,
gavelet,,,[网络] 放弃,,,,,0,0,,,
gavelets,,,[网络] 废弃物,,,,,0,0,,,
gaveling,'ɡæv(ə)l,,"n. 〈美〉(法官,会议主席等用的)小槌；拍卖槌；石匠用的大槌\nv. 敲小槌(催促通过议案,要求注意等)；要求(注意)\n[网络] 小木槌；锤子；法槌",,,,,0,0,,,
gavelkind,'gævәlkaind,"n. A tenure by which land descended from the father to all\n   his sons in equal portions, and the land of a brother, dying without\n   issue, descended equally to his brothers. It still prevails in the\n   county of Kent.",n. (无遗嘱时)死者土地均分制\n[法] 平均继承制或习惯,,,,,0,0,s:gavelkinds,,
gavelkinds,'gæv(ə)lkaɪnd,,n. 男子均分土地（一种土地、财产继承制度或习惯）,,,,,0,0,0:gavelkind/1:s,,
gavelled,'ɡæv(ə)l,,"n. 〈美〉(法官,会议主席等用的)小槌；拍卖槌；石匠用的大槌\nv. 敲小槌(催促通过议案,要求注意等)\n[网络] 小木槌；锤子；法槌",,,,,0,0,,,
gaveller,'gæv(ə)l,,"n. (石工用的)大木槌；(会议主席、法官或拍卖商用以敲击桌子的)小木槌, 议事槌\nvt. (会议主席敲小木槌)强行裁决；专断地宣布\nvi. 击小木槌",,,,,0,0,s:gavellers,,
gavellers,,plural of gaveller,"(gaveller 的复数) n. (石工用的)大木槌；(会议主席、法官或拍卖商用以敲击桌子的)小木槌, 议事槌\nvt. (会议主席敲小木槌)强行裁决；专断地宣布\nvi. 击小木槌",,,,,0,0,0:gaveller/1:s,,
gavelling,'ɡæv(ə)l,,"n. 〈美〉(法官,会议主席等用的)小槌；拍卖槌；石匠用的大槌\nv. 敲小槌(催促通过议案,要求注意等)；要求(注意)\n[网络] 小木槌；锤子；法槌",,,,,0,0,,,
gaveloche,,,[网络] 放弃了,,,,,0,0,,,
gaveloches,,,[网络] 放弃了,,,,,0,0,,,
gavelock,'^ævәlɔk,n. A spear or dart.\nn. An iron crow or lever.,"n. 标枪, 铁撬",,,,,0,0,,,
gavelocks,,,[网络] 铁棒,,,,,0,0,,,
gavelot,,,[网络] 放弃了,,,,,0,0,,,
gavels,ˈgævəlz,n. a small mallet used by a presiding officer or a judge,n. （拍卖商、会议主席或法官用的）小木槌( gavel的复数形式 ),,,,,0,0,0:gavel/1:s,,
Gavelândia,,,[地名] 加韦兰迪亚 ( 巴西 ),,,,,0,0,,,
gaven,,, [人名] 加文,,,,,0,0,,,
gaventa,,, [人名] 加文塔,,,,,0,0,,,
gaver,,, [人名] 盖弗,,,,,0,0,,,
Gavere,,,[地名] 哈弗尔 ( 比 ),,,,,0,0,,,
gaverick,,,[网络] 高贵的,,,,,0,0,,,
gavest,ɡeɪv,,"give 的过去式\nvt.\ngive的变形\ngive\n[ɡiv]\nvt.\n(自愿)给，送给，(把…)给予，(把…)赠予，赠送，捐赠，捐献；施舍：\nHe gave her a handsome present.\n他送给她一份精美的礼物。\nHe gave his books to the school.\n他把他的藏书捐赠给了学校。\n交给；交付，托付，委托；让给；嫁出：\nto give the porter a bag to carry\n把包裹交给搬运工人拿\nto give a daughter in marriage\n嫁女儿\n给予(机会、任务、许可、信任等)；赋予，授予，赐予(称号、学位、职位、名誉等)：\nto give a person a title\n授予某人爵位\nGive me a chance.\n给我一个机会。\n付出(代价等)，付给(报酬等)，报偿(服务等)；卖，出售，销售；提供(服务)：\nHow much did you give for the car?\n你买这辆车花了多少钱?\nHe gave his maid $100\nfor a month's work.\n他付给他的女仆一个月的报酬为100美元。\n传达，转达，传递(消息等)；给予(问候、鼓励等)：\nto give my regards to someone\n向某人转达我的问候\n供给，提供；说明，说出；列举(事例等)：\nto give a person something to drink\n给某人饮料\nNow you can give me some advice.\n现在你可以给我一些忠告。\n产生；引起；带来；使有：\nto give pleasure\n带来乐趣\n把(疾病等)传染给：\nto give someone a cold\n把感冒传染给某人\n生产，出产；生育：\nCows give milk.\n母牛产牛奶。\nLand gives crops.\n土地长庄稼。\n发出(声、光、热等)：\nto give a cough\n咳嗽\nThe sun gives light and heat.\n太阳发出光和热。\n表达，发表(看法、意见等)；宣布，声明：\nto give one's opinion\n发表意见\nto give something to the world\n向世界公布某事\n规定，指定；限制(时间)：\nShe gave us Saturday as our day of meeting.\n她指定星期六为我们的集会日。\n举办，举行(宴会)：\nto give a garden party\n举办游园会\nto give a good meeting\n成功地举办会议\n演出，上演，公演：\nto give a play\n上演一出戏\n(向观众)介绍(某人)，引见(演讲者等)：\nI give you our speaker for today.\n让我向大家介绍今天的演讲者。\n提议，要求为…干杯：\nLadies and gentlemen, I give you the President!\n女士们，先生们，我提议为总统干杯。\n[美国英语](为通话者把电话等)接到…：\nPlease give me police station.\n请给我接警察局。\n(为某事业)献出，牺牲：\nto give one's life for a cause\n为某一事业献身\n使沉于；致力于，倾心于，专心于(某职业、事务等)：\nYou must give more attention to your work.\n你必须把更多的精力花在工作上。\n让步，让与(争论的问题、比赛中有争议的得分等)：\nto give a point in an argument\n在辩论的某一点上做出让步\n(女子)主动献身(或委身于)(男人)\n表示出，显示出；举出，指出，指定；载入：\nHe gave every indication of being a fool.\n他处处显出蠢人的迹象。\nThis word is not given in the dictionary.\n这字没有收入这本字典。\n(表示做一次动作)做(姿势、运动等)，动：\nto give someone a hug\n紧紧拥抱某人\nto give someone a kiss\n吻某人一下\n(给病人)服用(药物)，用(药等)，配(药方)：\nto give an injection\n注射\n对…施以(惩罚、刑罚等)；判…刑：\nHe was given 3 years.\n他被判处3年徒刑。\n保证；订立(契约)：\nto give bond\n担保\n假定，假设[主要用过去分词]：\nGiven the means, I will make the attempt.\n假如有资金，我将一试。\n把…归因于，把…归咎于：\nto give the Devil his\ndue\n公平对待，平心而论\n使…怀孕；使…生子：\nHe gave her two children in five years' marriage.\n他结婚五年，使妻子生了两个小孩。\n替…生子：\nShe gave him a handsome son.\n她为他生了个漂亮的儿子。\n[口语]在乎[通常用于否定句]：\nHe doesn't give a damn about it.\n对于那件事他毫不在乎。\n使接受；使理解；使成功：\nto give good phone\n善于电话交谈\nvi.\n赠送，赠给；捐赠，捐助；施舍：\nHe gives generously.\n他慷慨地捐赠。\nShe gives freely to the homeless.\n她对无家可归者慷慨解囊。\n(在力、压力之下)弯下；陷下；塌下；断裂；收缩；支撑不住：\nThe branch gave under the weight of the heavy snow.\n大雪使树枝折弯。\nThe runner's knees gave after the race.\n赛跑者在赛跑后双腿都支撑不住了。\n服从，屈服，让步：\nWe can't negotiate until each side is willing to give up some points.\n直到各方愿意在某些要点上作让步，我们才能谈判。\n(用具等)有弹性，有弹力，有回力：\nThis chair gives comfortably.\n这把椅子舒适富有弹性。\n(门、窗等)朝着(街、园等)，面向，俯瞰；通向(常与 on， upon 或 onto 连用)：\nThe window gives on the park.\n窗户朝着花园。\n[口语]发生，出现，存在：\nWhat gives?\n出什么事了?\n[口语]说话，提供情况；泄露情报(或消息)：\nOkay now,give!What happened?\n喂喂，透露点消息吧，出什么事了?\n(天气)变暖和；(冻土)解冻\nn.\n(在力、压力下的)弯曲，陷落，陷下；断裂；支撑不住\n弹性，弹力；可弯性；适应性；灵活性；妥协\n[复数][俚语]内线情报，内幕消息\n近义词:\nbestow\n. confer\n. donate\n. grant\n. present\n短语:\nbe given to\n热衷于，嗜好，很喜欢\ngive a lick and a promise\n草率应付；草率从事\ngive as good as one gets\n回敬，以牙还牙；毫不示弱地反击\ngive best\n[口语]向…认输；承认不如\ngive it away\n[澳大利亚俚语]放弃；停止\ngive it hot\n[口语]痛斥；严惩\ngive it to (someone)\n[口语]处罚；痛骂；痛打；让(某人)尝尝厉害\n[美国俚语]与某人性交\ngive it to someone straight\n对某人直言不讳\ngive me…\n[口语]我宁愿要…，我更喜欢…，我宁可选择\ngive me a pain\n(某人、某物等)使我厌恶[见 pain]\ngive of oneself\n(为帮助别人而)贡献自己的时间和精力\ngive one a brush off\n把…打发走；不理睬…\ngive one a leg up\n助某人一臂之力\ngive oneself away\n(无意地)泄露秘密；露出马脚\ngive oneself out as (或 for, to be)\n自称是…\ngive oneself over to\n沉溺于；嗜好[亦作 be given over to]\ngive oneself to\n沉溺于，迷恋于；埋头于\ngive oneself up\n投案，自首\ngive oneself up to\n献身于，委身于；沉溺于，热衷于\ngive one's right arm to have something\n想方设法获得某物\ngive or take\n(估计)相差不到…，出入至多\ngive someone a backhanded compliment\n给某人讽刺挖苦的恭维话\ngive someone a break\n给人以(改进、补救的)机会\ngive someone a dusting\n见 dusting\ngive someone a free hand\n给予某人办某事的充分自由\ngive someone a hand\n帮某人一把\ngive someone shit\n胡说；给人添麻烦\ngive someone something to cry for (或 about)\n对某人无缘无故的号哭加以惩罚\ngive someone tennis neck\n使穷于应付\ngive someone the run-around\n推诿；迟迟不把真情说出来\ngive someone the third degree\n盘问某人\ngive someone the works\n[美国俚语](开玩笑地、恶意地)折磨某人；给某人吃苦头\ngive someone to understand (或 believe, know, etc.)\n使(某人)了解(或相信，知道等)\ngive someone what for\n[俚语]严厉惩罚某人，痛打某人\ngive something the old college\n花很大的力气做某事\ngive the back of one's hands\n拒绝；蔑视；侮辱\ngive the game away\n泄露机密\n变形：\nvt.\ngave\n. given\n. giving",,,,,0,0,,,
gavestinel,,,[网络] 加维斯替奈,,,,,0,0,,,
gaveston,,, [人名] 加韦斯顿,,,,,0,0,s:gavestons,,
gavestons,,, [人名] 加韦斯顿\n(gaveston 的复数),,,,,0,0,0:gaveston/1:s,,
gavey,,, [人名] 加维,,,,,0,0,,,
gavi,,, [地名] [意大利] 加维,,,,,0,0,,,
"Gavi, I.di",,,[地名] 加维岛 ( 意 ),,,,,0,0,,,
Gavia,,,[网络] 潜鸟属,,,,,0,0,s:gavias,,
gavia adamsii,,,白嘴潜鸟,,,,,0,0,,,
gavia arctica,,,黑喉潜鸟,,,,,0,0,,,
gavia pacifica,,,太平洋潜鸟,,,,,0,0,,,
gavia stellata,,,红喉潜鸟,,,,,0,0,,,
gavial,'geiviәl,n. large fish-eating Indian crocodilian with a long slender snout,n. 长吻鳄,,,,,0,0,s:gavials,,
gavialiceps taiwanensis,,,台湾丝尾海鳗；台湾鳄头鳗；海鳗,,,,,0,0,,,
Gavialidae,,n. gavials,长吻鳄科,,,,,0,0,s:gavialidaes,,
gavialidaes,'ɡæviəlidi:,,n. [脊椎] 长吻鳄科；[脊椎] 食鱼鳄科,,,,,0,0,0:gavialidae/1:s,,
Gavialis,,,[网络] 长吻鳄属；恒河鳄属,,,,,0,0,s:gavialiss,,
Gavialis gangeticus,,,[网络] 恒河鳄；食鱼鳄；长吻鳄,,,,,0,0,s:gavialis gangeticuss,,
gavialis gangeticuss,,,[网络] 恒河鳄；食鱼鳄；长吻鳄\n(gavialis gangeticus 的复数),,,,,0,0,0:gavialis gangeticus/1:s,,
gavialiss,,,[网络] 长吻鳄属；恒河鳄属\n(gavialis 的复数),,,,,0,0,0:gavialis/1:s,,
gavialoid,ɡeɪ'vaɪəlɔɪd,,adj.印度食鱼鳄的,,,,,0,0,,,
gavials,,,n. 恒河鳄 (Gavialis gangeticus)\n[网络] 印度食鱼鳄；印度大鳄鱼,,,,,0,0,0:gavial/1:s,,
gavias,,,[网络] 潜鸟属\n(gavia 的复数),,,,,0,0,0:gavia/1:s,,
gavid,,"A [gay] person called David\n> ""Gavid you gaybo""\n> ""Gavid's well gay""\n",,,,,,0,0,,,
Gavidae,,,[网络] G科,,,,,0,0,s:gavidaes,,
gavidaes,,,[网络] G科\n(gavidae 的复数),,,,,0,0,0:gavidae/1:s,,
gavids,,"A [gay] person called David\n> ""Gavid you gaybo""\n> ""Gavid's well gay""\n",,,,,,0,0,,,
gavigan,,, [人名] 加维根,,,,,0,0,,,
Gaviidae,'ɡæviaidi:,,n. 【鸟类】潜鸟科,,,,,0,0,,,
Gaviidae(divers),,,阿比,,,,,0,0,,,
gaviiform seabird,,,[网络] 海龟海鸟,,,,,0,0,s:gaviiform seabirds,,
gaviiform seabirds,,,[网络] 海龟海鸟\n(gaviiform seabird 的复数),,,,,0,0,0:gaviiform seabird/1:s,,
Gaviiformers,,,潜鸟目,,,,,0,0,,,
Gaviiformes,"'ɡævi,fɔ:miz",,n. [鸟] 潜鸟目,,,,,0,0,s:gaviiformess,,
gaviiformess,"'ɡævi,fɔ:miz",,n. 【鸟类】潜鸟目,,,,,0,0,0:gaviiformes/1:s,,
gavilan,,,[网络] 加维兰；火裂苏木；盖维兰,,,,,0,0,,,
gavilimomab,,,[网络] 免疫球蛋白,,,,,0,0,,,
Gavilán,,,[地名] 加维兰 ( 巴拿、哥伦 ),,,,,0,0,,,
"Gavilán, Pta.",,,[地名] 加维兰角 ( 委 ),,,,,0,0,,,
gavin,,,n. 加文（男子名）,,,,,7340,0,s:gavins,,
gavino,,,[网络] 加维诺,,,,,0,0,,,
gavins,,,[网络] 文军团,,,,,0,0,0:gavin/1:s,,
gavins point dam,,,[网络] 加文斯波因特大坝；文斯岬水库,,,,,0,0,,,
gaviota,,,[网络] 海鸥空隙；钙维他,,,,,0,0,,,
gaviotas,,,[网络] 加维奥塔斯；欧斯特；欧特斯,,,,,0,0,,,
gavira,,,[网络] 维拉,,,,,0,0,,,
Gavirate,,,[地名] 加维拉泰 ( 意 ),,,,,0,0,,,
gaviria,,,[网络] 加维里亚,,,,,0,0,s:gavirias,,
gavirias,,,[网络] 加维里亚\n(gaviria 的复数),,,,,0,0,0:gaviria/1:s,,
Gavirin,,,盖胃平,,,,,0,0,,,
gaviscon,,,[网络] 嘉胃斯康；加胃斯康；抗酸剂,,,,,0,0,s:gaviscons,,
gaviscons,,,[网络] 嘉胃斯康；加胃斯康；抗酸剂\n(gaviscon 的复数),,,,,0,0,0:gaviscon/1:s,,
gavison,,,[网络] 威逊,,,,,0,0,,,
gavit,,, [人名] 加维特,,,,,0,0,,,
Gavite,,,水滑石,,,,,0,0,,,
gavito,,,[网络] 加维托,,,,,0,0,,,
gavitt,,,[网络] 加维特,,,,,0,0,,,
Gavião,,,[地名] 加维昂 ( 巴西、葡 ),,,,,0,0,,,
"Gavião, R.",,,[地名] 加维昂河 ( 巴西 ),,,,,0,0,,,
Gaviãozinho,,,[地名] 加维昂济纽 ( 巴西 ),,,,,0,0,,,
gavle,,,[网络] 耶夫勒；瑞典耶夫勒天气预报；耶夫勒市,,,,,0,0,,,
Gavleborg,,,耶夫勒堡,,,,,0,0,,,
Gavlebukten,,,耶夫勒湾,,,,,0,0,,,
Gavoi,,,[地名] 加沃伊 ( 意 ),,,,,0,0,,,
gavora,,,[网络] 高沃劳,,,,,0,0,,,
Gavorrano,,,[地名] 加沃拉诺 ( 意 ),,,,,0,0,,,
gavot,^ә'vɔt,"n. A kind of difficult dance; a dance tune, the air of which\n   has two brisk and lively, yet dignified, strains in common time, each\n   played twice over.","n. <法>(法国17世纪流行的一种法国农民舞)加伏特舞, 加伏特舞曲",,,,,0,0,,,
gavoties,,,加沃蒂\n(gavoty 的复数),,,,,0,0,0:gavoty/1:s,,
gavots,gə'vɔt,,n. （法）加伏特舞曲；加伏特舞,,,,,0,0,,,
gavotte,^ә'vɔt,n. an old formal French dance in quadruple time\nn. music composed in quadruple time for dancing the gavotte,"n. <法>加伏特舞, 加伏特舞曲",,,,,41701,0,s:gavottes,,
gavotte step,,,嘉禾舞步,,,,,0,0,,,
gavotted,gə'vɒt,,n. （法）加伏特舞；嘉禾舞\nvi. 跳加伏特舞,,,,,0,0,,,
gavottes,,plural of gavotte\nn. an old formal French dance in quadruple time\nn. music composed in quadruple time for dancing the gavotte,"(gavotte 的复数) n.<法>加伏特舞, 加伏特舞曲",,,,,0,0,0:gavotte/1:s,,
gavotting,gə'vɒt,,n. （法）加伏特舞；嘉禾舞\nvi. 跳加伏特舞,,,,,0,0,,,
gavoty,,,加沃蒂,,,,,0,0,s:gavoties,,
gavras,,, [人名] 加夫拉斯,,,,,0,0,,,
gavrelle,,,[网络] 加夫雷勒,,,,,0,0,,,
Gavria,,,加夫里亚,,,,,0,0,,,
gavriil,,,[网络] 加百列；加夫里尔,,,,,0,0,,,
"Gavriila, Guba",,,[地名] 加夫里尔湾 ( 俄 ),,,,,0,0,,,
gavril,,,[网络] 加夫里尔；加夫瑞尔,,,,,0,0,,,
gavrila,,,[网络] 加夫里拉,,,,,0,0,,,
Gavrilenkov,,,加夫里连科夫,,,,,0,0,,,
Gavrilkovo,,,[地名] 加夫里尔科沃 ( 俄 ),,,,,0,0,,,
gavrilo,,,n. (Gavrilo)人名；(俄、塞)加夫里洛,,,,,0,0,,,
gavrilov,,,[网络] 加夫里洛夫；加夫里洛夫Andrei；加夫里洛夫环形山,,,,,0,0,,,
Gavrilov Posad,,,[地名] 加夫里洛夫镇 ( 俄 ),,,,,0,0,,,
Gavrilov-Yam,,,[地名] 加夫里洛夫亚姆 ( 俄 ),,,,,0,0,,,
Gavrilov-Yamskiy Rayon,,,[地名] 加夫里洛夫亚姆区 ( 俄 ),,,,,0,0,,,
gavrilovich,,,[网络] 加夫里洛维奇,,,,,0,0,,,
Gavrilovka,,,[地名] 加夫里洛夫卡 ( 俄 ),,,,,0,0,,,
Gavrilovka Vtoraya,,,[地名] 第二加夫里洛夫卡 ( 俄 ),,,,,0,0,,,
Gavrilovo,,,[地名] 加夫里洛沃 ( 俄 ),,,,,0,0,,,
Gavrilovskiy Rayon,,,[地名] 加夫里洛夫卡区 ( 俄 ),,,,,0,0,,,
Gavrilovskoye,,,[地名] 加夫里洛夫斯科耶 ( 俄 ),,,,,0,0,,,
Gavrio,,,[地名] 加夫里奥 ( 希 ),,,,,0,0,,,
gavroche,,,[网络] 加夫洛许；洛什；加夫罗契,,,,,0,0,s:gavroches,,
gavroches,,,[网络] 加夫洛许；洛什；加夫罗契\n(gavroche 的复数),,,,,0,0,0:gavroche/1:s,,
Gavrolimni,,,[地名] 加夫罗利姆尼 ( 希 ),,,,,0,0,,,
gavron,,,加夫龙,,,,,0,0,s:gavrons,,
gavrons,,,加夫龙\n(gavron 的复数),,,,,0,0,0:gavron/1:s,,
gavrosh,,,加夫罗什,,,,,0,0,,,
gavs,,,年度总产值（gross annual value）\n(gav 的复数),,,,,0,0,0:gav/1:s,,
gavur (giaour) mts.,,,加武尔山脉(加奥山脉),,,,,0,0,,,
gavurin,,,[网络] 加尔文,,,,,0,0,,,
gavver,,"gavver (plural gavvers)\n(Britain, slang) A member of the police.\n",,,,,,0,0,,,
gavvers,,"For policewoman or policeman, from the Romany Gypsy for policeman. Derogatory. Used predominantly in and around Maidstone, Kent.\n> Quick, the gavvers are coming\n",,,,,,0,0,,,
gavyn,,,[网络] 加文；凌志辉,,,,,0,0,,,
Gavà,,,[地名] 加瓦 ( 西 ),,,,,0,0,,,
Gavāreshg,,,[地名] 加瓦雷什格 ( 伊朗 ),,,,,0,0,,,
Gavāter,,,[地名] 加瓦特尔 ( 伊朗 ),,,,,0,0,,,
"Gavāter, Khalīj-e (Gwātar Bay)",,,[地名] 加瓦特尔湾 ( 伊朗·巴基 ),,,,,0,0,,,
Gavīleh,,,[地名] 加维莱 ( 伊朗 ),,,,,0,0,,,
gaw,^ɔ:,,"n. 地上的低陷处, 衣服上的破处",,,,,0,0,s:gaws,,
Gawa I.,,,[地名] 加瓦岛 ( 巴布 ),,,,,0,0,,,
Gawachab,,,[地名] 加瓦哈布 ( 纳 ),,,,,0,0,,,
Gawai,,,[地名] 加韦 ( 缅 ),,,,,0,0,,,
Gawain,'gɒwin,n. (Arthurian legend) a nephew of Arthur and one of the knights of the Round Table,n. 加韦(亚瑟王的骑士之一),,,,,0,0,s:gawains,,
Gawain and the Green Knight,,,[网络] 骑士；高文爵士与绿骑士,,,,,0,0,,,
gawaine,,, [人名] 加韦恩,,,,,0,0,,,
gawains,'ɡɑ:win,,n. 高文（亚瑟王的圆桌武士中之一）,,,,,0,0,0:gawain/1:s,,
Gawalowski's tests,,,[医] 加瓦罗夫斯基氏试验(检糖尿),,,,,0,0,,,
gawanas,,,[网络] 加瓦纳斯,,,,,0,0,,,
gawande,,,[网络] 葛万德,,,,,0,0,,,
gawang-do (kawang-do ),,,加湾岛,,,,,0,0,,,
"Gawarra, Jabal(Gaouara, Djebel)",,,[地名] 加瓦拉山 ( 苏丹·中非 ),,,,,0,0,,,
Gawber,,,[地名] 高伯 ( 英 ),,,,,0,0,s:gawbers,,
gawbers,,,[地名] 高伯 ( 英 )\n(gawber 的复数),,,,,0,0,0:gawber/1:s,,
gawbies,,,[网络] 。,,,,,0,0,,,
gawby,,,[网络] 很好,,,,,0,0,,,
Gawd,^ɔ:d,,n. <俚>上帝,,,,,26329,0,,,
gawd-,ɡɔːd,,n. （书面语中代表发音特别的 God，表示吃惊、气愤或恐惧）上帝,,,,,0,0,,,
gawdam,,,[网络] 鹰,,,,,0,0,,,
gawdawful,,,[网络] 乖乖,,,,,0,0,,,
gawdless,,,[网络] 无耻,,,,,0,0,,,
gawed,ɡɔ:,,"G.A.W.,GAW\nabbr.\nguaranteed annual wage 年薪保证制\ngaw\n[ɡɔ:]\nn.\n[主苏格兰英语]\n沟，水沟\n(纺织物有)磨损处；织物薄段",,,,,0,0,,,
gawell,,,[网络] 加维尔,,,,,0,0,,,
gawelok,,,[网络] 加韦洛克,,,,,0,0,,,
Gawer,,,加韦,,,,,0,0,,,
gawf,,,[网络] 开会；宝星棋牌,,,,,0,0,,,
gawg-,,,[网络] 鍒戜睛,,,,,0,0,,,
gawin,,, [人名] 加文,,,,,0,0,,,
gawing,ɡɔ:,,"G.A.W.,GAW\nabbr.\nguaranteed annual wage 年薪保证制\ngaw\n[ɡɔ:]\nn.\n[主苏格兰英语]\n沟，水沟\n(纺织物有)磨损处；织物薄段",,,,,0,0,,,
gawk,gɒ:k,n an awkward stupid person\nv look with amazement; look stupidly,"n. 笨人, 呆子, 笨拙的人\nvi. 痴呆着看",n:6/v:94,,,,47168,17051,i:gawking/d:gawked/p:gawked/3:gawks/s:gawks,,
gawk at,,,[口语](惊奇得张口)发呆地看着,,,,,0,0,,,
gawked,ɡɔ:kt,v look with amazement; look stupidly,v. 呆呆地看着( gawk的过去式和过去分词 ),,,,,0,0,0:gawk/1:dp,,
gawker,,n. a spectator who stares stupidly without intelligent awareness,n. 伸长脖子呆看的人,,,,,0,0,s:gawkers,,
gawker.com,,,[网络] 客网；网站；高客传媒,,,,,0,0,,,
gawkers,,plural of gawker\nn. a spectator who stares stupidly without intelligent awareness,(gawker 的复数) n. 伸长脖子呆看的人,,,,,0,0,0:gawker/1:s,,
gawkers' block,,,[网络] 小贩块,,,,,0,0,,,
gawkier,,s. lacking grace in movement or posture,"a. 笨拙的, 鲁钝的 (gawky的变形)",,,,,0,0,0:gawky/1:r,,
gawkiest,,s. lacking grace in movement or posture,"a. 笨拙的, 鲁钝的 (gawky的变形)",,,,,0,0,0:gawky/1:t,,
gawkily,gɒːkili,,adv. 鲁钝地;笨拙地;痴呆地,,,,,0,0,,,
gawkin',,,[网络] 金鹰',,,,,0,0,,,
gawkiness,ˊgɒːkinis,n. the carriage of someone whose movements and posture are extremely ungainly and inelegant,n. 鲁钝;笨拙;痴呆,,,,,0,0,s:gawkinesses,,
gawkinesses,,,腼腆\n笨拙,,,,,0,0,0:gawkiness/1:s,,
gawking,ɡɔ:kɪŋ,v look with amazement; look stupidly,v. 呆呆地看着( gawk的现在分词 ),j:100,,,,0,41988,0:gawk/1:i,,
gawkish,'gɒ:kiʃ,,"a. 鲁钝的, 笨拙的, 痴呆的",,,,,0,0,,,
gawkishly,,,adv. gawkish的变形,,,,,0,0,,,
gawkishness,,,n. gawkish的变形,,,,,0,0,,,
gawks,ɡɔ:ks,n an awkward stupid person\nv look with amazement; look stupidly,v. 呆呆地看着( gawk的第三人称单数 ),,,,,0,0,1:3/0:gawk,,
gawky,'^ɔ:ki,s. lacking grace in movement or posture,"a. 愚笨的, 腼腆的, 粗笨的, 笨拙的",j:100,,,,35439,27771,r:gawkier/t:gawkiest,,
gawl,,,[网络] 生化体；创造者加鲁,,,,,0,0,,,
Gawlam,,,[地名] 高兰 ( 缅 ),,,,,0,0,,,
Gawler,,,[地名] 高勒 ( 澳 ),,,,,0,0,s:gawlers,,
Gawler Ranges,,,[地名] 高勒岭 ( 澳 ),,,,,0,0,,,
gawlers,,,[地名] 高勒 ( 澳 )\n(gawler 的复数),,,,,0,0,0:gawler/1:s,,
gawley,,, [人名] 高利,,,,,0,0,s:gawleys,,
gawleys,,, [人名] 高利\n(gawley 的复数),,,,,0,0,0:gawley/1:s,,
gawlik,,,n. (Gawlik)人名；(波、捷)加夫利克,,,,,0,0,,,
gawling,,,[网络] 磨损,,,,,0,0,,,
gawm,,"gawm (plural gawms)\nAlternative spelling of gom (foolish person).\n\n\ngawm (third-person singular simple present gawms, present participle gawming, simple past and past participle gawmed)\n(dialectal) Alternative form of gum (make sticky, or impair the function of)\n\n\ngawm (third-person singular simple present gawms, present participle gawming, simple past and past participle gawmed)\n(Britain, dialectal) Alternative form of gorm (gawk, gape)\n",,,,,,0,0,,,
gawmbless,,,[网络] 无耻的,,,,,0,0,,,
gawming,,"gawming\n(chiefly Britain, dialectal, Rutland, Leicestershire, but also  US) Alternative form of gorming\n\n\ngawming\npresent participle of gawm\n",,,,,,0,0,,,
gawmless,,,[网络] 无瑕疵,,,,,0,0,,,
gawms,,Someone who is a simpleton\n> Scott Cook is a gawm\n,,,,,,0,0,,,
gawn,,n. A small tub or lading vessel., [人名] [英格兰人姓氏] 高恩 Gavin的变体,,,,,0,0,s:gawns,,
gawncely,,,[网络] 强硬地,,,,,0,0,,,
gawne,,, [人名] [英格兰人姓氏] 高恩 Gavin的变体,,,,,0,0,,,
gawns,,,[网络] 礼服,,,,,0,0,0:gawn/1:s,,
gawor,,,[网络] 引用,,,,,0,0,s:gawors,,
gawors,,,[网络] 引用\n(gawor 的复数),,,,,0,0,0:gawor/1:s,,
gawp,gɒ:p,v look with amazement; look stupidly,"vi. 呆头呆脑地凝视\nn. 呆人, 笨蛋",,,,,23358,0,i:gawping/p:gawped/d:gawped/3:gawps/s:gawps,,
gawped,ɡɔ:pt,v look with amazement; look stupidly,v. 直瞪瞪地注视( gawp的过去式和过去分词 ),,,,,0,0,0:gawp/1:pd,,
gawper,,,n. gawp的变形,,,,,0,0,s:gawpers,,
gawpers,,plural of gawper,(gawper 的复数) n. gawp的变形,,,,,0,0,0:gawper/1:s,,
gawping,ɡɔ:pɪŋ,v look with amazement; look stupidly,v. 直瞪瞪地注视( gawp的现在分词 ),,,,,0,0,0:gawp/1:i/s:gawpings,,
gawpingly,,,[网络] aw ping。,,,,,0,0,,,
gawpings,,,v. 直瞪瞪地注视( gawp的现在分词 )\n(gawping 的复数),,,,,0,0,0:gawping/1:s,,
gawps,ɡɔ:ps,v look with amazement; look stupidly,v. 直瞪瞪地注视( gawp的第三人称单数 ),,,,,0,0,0:gawp/1:3,,
gawpuses,,,[网络] 高粱,,,,,0,0,,,
GAWR,'ɡɔːr,,gross axle weight rating 总轴重额定值,,,,,0,0,,,
gawra,,,[网络] 高拉；高腊,,,,,0,0,,,
gawren,,,[网络] grenren,,,,,0,0,,,
gawron,,,[网络] 高朗；加氟洛；加夫龙,,,,,0,0,,,
gawronski,,,n. (Gawronski)人名；(德、意、波)加夫龙斯基,,,,,0,0,,,
gaws,ɡɔ:,,n. 衣服上的破处；地上的低陷处\nn. (Gaw)人名；(英)高,,,,,0,0,0:gaw/1:s,,
Gawsworth,,,[地名] 高斯沃思 ( 英 ),,,,,0,0,,,
gawsy,,,"adj. (人)生气勃勃的,神情愉快的,(禽畜)喂养得好的,长得肥壮的",,,,,0,0,,,
gawth,,"gawth (plural gawths)\n(slang, ironic, sometimes derogatory) A goth (member of the subculture).\n",,,,,,0,0,,,
Gawthorp,,,[地名] 高索普 ( 英 ),,,,,0,0,,,
gawthorpe,,, [人名] [英格兰人姓氏] 高索普住所名称，来源于古诺斯语，含义是“杜鹃+圈用地”(cuckoo+enclosure),,,,,0,0,s:gawthorpes,,
gawthorpes,,, [人名] [英格兰人姓氏] 高索普住所名称，来源于古诺斯语，含义是“杜鹃+圈用地”(cuckoo+enclosure)\n(gawthorpe 的复数),,,,,0,0,0:gawthorpe/1:s,,
gawthrop,,, [人名] [英格兰人姓氏] 高思罗普 Gawthorpe的变体,,,,,0,0,,,
gawths,,"A [teeny bopper] [goth];\r\n\r\nOne who wears black and buys into stereotypical teenage gothic subculture ;\r\n\r\nmedia goth ;\r\n\r\n[poseur]\n> [hot topic], goth [poseur]\n> ""omigawd liek im sooo gawth i cut myself""\n",,,,,,0,0,,,
gawu,,, [地名] [尼日利亚] 加武,,,,,0,0,,,
gawyn,,,[网络] 加文,,,,,0,0,,,
GAX,,,abbr. gaseous oxygen 气态氧,,,,,0,0,,,
gax efficient ammonia-absorption-cycle heat recovery unit,,,高效 GAX 氨吸收循环式回热机组,,,,,0,0,,,
Gaxandho,,,[地名] 加汉多 ( 索 ),,,,,0,0,,,
gay,gei,s. full of or showing high-spirited merriment\ns. given to social pleasures often including dissipation\ns. offering fun and gaiety\ns. homosexual or arousing homosexual desires,"a. 欢快的, 艳丽的, 快乐的, 放荡的",j:86/n:14,4,,gk cet4 cet6 ky,4231,2056,s:gays,,
gay activist,,,[网络] 同性恋活动者；同性恋活动家；男同性恋活动家,,,,,0,0,,,
gay and frisky,,,[俚语]威士忌,,,,,0,0,,,
gay and lesbian movement,,,同志运动,,,,,0,0,,,
gay and lesbian press,,,同志报刊,,,,,0,0,,,
gay as a lark,,,非常快活；兴高采烈,,,,,0,0,,,
gay bar,,,[网络] 同性恋酒吧；同性恋者酒吧；同志酒吧,,,,,0,0,,,
gay bars,,,同性恋酒吧；同志酒吧,,,,,0,0,,,
gay bash,,,[网络] 同性恋,,,,,0,0,,,
gay bashed,,,[网络] 同性恋者,,,,,0,0,,,
gay bashes,,,[网络] 同性恋者,,,,,0,0,,,
gay bashing,,,[网络] 同性恋的暴力行为；同性恋的人；殴打同性恋者,,,,,0,0,,,
gay bird,,,快活的家伙,,,,,0,0,,,
gay blade,,,[网络] 同志刀片,,,,,0,0,,,
gay blades,,,[网络] 同志刀片,,,,,0,0,,,
gay bob,,,[网络] 同性恋鲍伯,,,,,0,0,,,
gay bobs,,,[网络] 同志嘘声,,,,,0,0,,,
gay bomb,,,[网络] 同性恋炸弹,,,,,0,0,,,
gay boy,,,[网络] 同性恋男子；同性恋男孩；同志男孩,,,,,0,0,,,
gay boys,,,男同性恋者,,,,,0,0,,,
gay buffer,,"When you sit down somewhere (usually in a movie theater) and purposely leave an extra seat between you and a person of the same sex so as not to appear gay.\n> Dude, leave me a gay buffer!  You are so close to me you're practically sucking my dick.\n",,,,,,0,0,,,
gay cancer,,,[美国英语]同性恋癌症(指卡波氏肉瘤),,,,,0,0,,,
gay cat,'geikæt,,新流浪汉,,,,,0,0,,,
gay chicken,,,[网络] 基鸡,,,,,0,0,,,
gay club,,,[网络] 台北同志俱乐部；曼谷同志俱乐部；社区首页,,,,,0,0,,,
gay clubs,,,[网络] 同志俱乐部,,,,,0,0,,,
gay community,,,搞男子同性恋的群居村,,,,,0,0,,,
gay couples,,,[网络] 同性恋伴侣,,,,,0,0,,,
gay curious,,,[网络] 同志好奇,,,,,0,0,,,
gay deceiver,,,浪子，流浪汉,,,,,0,0,,,
gay deceivers,,,[俚语](衬有垫料的)假胸罩,,,,,0,0,,,
gay dog,,,爱好社交活动的人,,,,,0,0,,,
gay dogs,,,快活人；快活的人；寻欢作乐者,,,,,0,0,,,
gay feather,ɡei ˈfeðə,, 蛇鞭菊,,,,,0,0,,,
gay for pay,,,[网络] 为了钱,,,,,0,0,,,
gay for the stay,,"a person that isn't gay but becomes gay for their prison term.  \r\n\n> In order to be protected from the other inmates, little Bobby became gay for the stay.\n",,,,,,0,0,,,
gay friendly,,,[网络] 同志友善；同志友好；同性恋友好场所,,,,,0,0,,,
Gay Games,,,[网络] 同性恋运动会；世界同性恋运动会；届世界同性恋者运动会,,,,,0,0,,,
gay gene,,,【遗传学】同性恋基因,,,,,0,0,,,
Gay Gordon,,,[网络] 迷失的同性,,,,,0,0,,,
Gay Gordons,,,[网络] 迷失的同性,,,,,0,0,,,
gay Greek,,,"快活的人,乐天派,纵酒宴乐者,生活放荡者",,,,,0,0,,,
gay Greeks,,,"快活的人,游手好闲的人",,,,,0,0,,,
gay hd.,,,盖伊岬,,,,,0,0,,,
Gay Head,,,[地名] 盖伊角 ( 美 ),,,,,0,0,,,
gay horse,,,[网络] 同性恋马,,,,,0,0,,,
gay icon,,,[网络] 同志偶像；同性恋偶像；同志偶像初探,,,,,0,0,,,
gay icons,,,[网络] 同性恋偶像；同志代表人物,,,,,0,0,,,
gay identity,,,同志身分；同志认同,,,,,0,0,,,
gay lib,,,un. 男子同性爱权利运动\n[网络] 同性恋解放运动,,,,,0,0,s:gay libs,,
gay liberation,,,[网络] 同性恋解放运动；同志解放运动；同性恋自由,,,,,0,0,,,
Gay Liberation Front,,,[美国英语]同性恋解放阵线,,,,,0,0,,,
gay liberation movement,,,[网络] 同志解放运动；开放同性恋运动；同性恋解放运动,,,,,0,0,s:gay liberation movements,,
gay liberation movements,,,[网络] 同志解放运动；开放同性恋运动；同性恋解放运动\n(gay liberation movement 的复数),,,,,0,0,0:gay liberation movement/1:s,,
gay liberationist,,,gay liberation的变形,,,,,0,0,,,
gay libs,,,un. 男子同性爱权利运动\n[网络] 同性恋解放运动\n(gay lib 的复数),,,,,0,0,0:gay lib/1:s,,
gay lord,,,[网络] 盖罗,,,,,0,0,,,
gay lords,,"The Ultimate insult...in which nothing can outmatch. In using Gaylord you are saying somebody is essentially the Ruler of all Gays.\r\n\r\nA Gaylord is a about 100x10^999 times more insulting than all of those words combined. Unlike many other definitions claim, Gaylord cannot be beaten by ""fuck you"" or any other insult. \r\n\r\nGaylord is a classic insult used many centuries ago, but recently has become lost in time...fortunatly it is slowely being brought back into everyday use.\n> Random Guy 1: Dude, fuck you to the max...and SUCK IT!!!\n> Random Guy 2: You're such a GAYLORD...Hail the ruler of all gays.\n> Random Guy 1: Shit, I just got served\n",,,,,,0,0,,,
gay Lothario,,,色鬼；登徒子；勾引妇女者,,,,,0,0,,,
gay lussac's experiment,,,给吕塞克实验,,,,,0,0,,,
gay lussac's law,,, 盖 吕萨克定律,,,,,0,0,,,
gay man,,,男同性恋者,,,,,0,0,s:gay men,,
gay marriage,,,[网络] 同性婚姻；同性恋婚姻；同志婚姻,,,,,0,0,,,
gay marriages,,,同性恋婚姻,,,,,0,0,,,
gay marry,,,[网络] 同性恋婚姻,,,,,0,0,,,
gay men,,,男同性恋者,,,,,0,0,0:gay man/1:s,,
gay nineties,,,gay nineties\n[美国英语] 1890年到1900年的十年间(此段时期被认为是快乐的时光),,,,,0,0,,,
gay old time,,,[网络] 美丽旧日,,,,,0,0,,,
gay panic defense,,,[网络] 同性恋恐慌防卫；辩护手段；同性恋者精神障碍攻击抗辩,,,,,0,0,,,
Gay Plague,,,同性恋瘟疫(或灾难)(指艾滋病泛滥),,,,,0,0,,,
gay power,,,同性恋者权力，同性恋势力，同性恋力量,,,,,0,0,,,
gay pride,,, 同性恋者尊严,,,,,0,0,,,
gay rights,,,[网络] 同性恋权利；同性恋权益；同性恋者的权利,,,,,0,0,,,
gay rights movement,,,[网络] 同性恋权利运动；同志平权运动；同志权益运动,,,,,0,0,,,
gay science,,,艳体诗,,,,,0,0,,,
gay sex,,Admit it....the kind of sex you really want!\n> Ewwwww! Those guys are having gay sex!\n,,,,,,0,0,,,
gay studies,,,同志研究,,,,,0,0,,,
Gay Times,,,[网络] 同志；男士风尚；同志时代杂志,,,,,0,0,,,
gay up,,,[网络] 同志雄起,,,,,0,0,,,
gay woman,,, 女同性恋者,,,,,0,0,s:gay women,,
gay women,,,[网络] 女同志,,,,,0,0,0:gay woman/1:s,,
"Gay, John",ɡei,,盖伊（1685～1732，英国诗人、剧作家）,,,,,0,0,,,
gay-activist,",ɡei'æktivist",,n. 争取男子同性恋权利的活动分子,,,,,0,0,,,
gay-ass,,,[网络] 同性恋屁股,,,,,0,0,,,
gay-bar,,,[网络] 同性恋酒吧；同性恋者酒吧；同志酒吧,,,,,0,0,,,
gay-basher,,,[网络] 同性恋者,,,,,0,0,,,
gay-bashing,,,[网络] 反同性恋的暴力行为；同性恋的攻击；打压同性恋,j:100,,,,0,0,,,
gay-dar,,,[网络] 同性恋雷达；同志雷达,,,,,0,0,,,
gay-feather,,,[网络] 同性恋羽毛,,,,,0,0,s:gay-feathers,,
gay-feathers,,,[网络] 同性恋羽毛\n(gay-feather 的复数),,,,,0,0,0:gay-feather/1:s,,
Gay-Force tests,,,[医] 盖-福二氏试验(检伤寒),,,,,0,0,,,
gay-friendliness,,,[网络] 同志的友善,,,,,0,0,,,
gay-friendly,,,[网络] 同志友善；友善同志；同志友好,j:100,,,,0,0,,,
gay-in,'geiin,,n. [美国俚语]同性恋者的性爱集会,,,,,0,0,,,
gay-lesbian,,,[网络] 女同,,,,,0,0,,,
gay-lesbian student,,,同性恋学生,,,,,0,0,,,
Gay-Lussac,,,[网络] 吕萨克；盖·吕萨克；给吕萨克,,,,,0,0,s:gay-lussacs,,
Gay-Lussac acid,,,[化工] 盖－吕萨克酸,,,,,0,0,,,
gay-lussac hydrometer,,,盖-吕萨克比重计；盖-吕萨克浮计,,,,,0,0,,,
Gay-Lussac law,,,[化] 盖-吕萨克定律,,,,,0,0,,,
Gay-Lussac tower,,,[化] 盖氏塔; 盖吕萨克塔,,,,,0,0,,,
Gay-Lussac's law,,,"[医] 给.吕萨克氏定律, 查理氏定律(气体)",,,,,0,0,,,
"Gay-Lussac, Joseph Louis",ɡeilju:'sɑ:k,,盖—吕萨克(1778～1850，法国化学家、物理学家),,,,,0,0,,,
gay-lussacs,,,[网络] 吕萨克；盖·吕萨克；给吕萨克\n(gay-lussac 的复数),,,,,0,0,0:gay-lussac/1:s,,
gay-marriage,,,[网络] 同性婚姻；同性恋婚姻；同志婚姻,j:100,,,,0,0,,,
gay-marry,,,[网络] 同性恋结婚,,,,,0,0,,,
gay-pay-oo,,,n. 格别乌(前苏联的特务组织),,,,,0,0,,,
"Gay-Pay-U,Gay-PayOo",ɡei'pei'u:,,n. “格伯乌”（1922～1923年间苏联国家政治保卫局的简称）,,,,,0,0,,,
gay-porn,,,同性恋色情,,,,,0,0,,,
gay-pride,,,n. 同性恋者尊严\n[网络] 同志大游行,,,,,0,0,,,
gay-related,,,[网络] 同志相关群体,,,,,0,0,,,
gay-right,,,[网络] 同志人权,,,,,0,0,s:gay-rights,,
gay-rights,ɡei'raits,,n. 同性恋者的权利,,,,,0,0,0:gay-right/1:s,,
gay-straight,,,[网络] 直男；直人联盟,j:100,,,,0,0,,,
gay-straight alliance,,,[网络] 同直联盟；同性恋联盟；同性异性取向学生联盟,,,,,0,0,,,
gay-straight alliances,,,[网络] 同直联盟；同志直人联盟；同志友善学生社团,,,,,0,0,,,
gay-studies,,,[网络] 同性恋研究,,,,,0,0,,,
gay-wad,,a jackass. or someone who you would consider gay as an insult...who is stupid at the same time.\n> You're such a fucking gaywad\n,,,,,,0,0,,,
gaya,,,格雅,,,,,0,0,,,
gayageum,,,[网络] 伽倻琴；琴；伽耶琴,,,,,0,0,,,
gayageums,,,[网络] gayageum,,,,,0,0,,,
Gayakapriya,,Gayakapriya\n(music) Name of a rāgam in Carnatic music. It is the thirteenth melakarta rāgam in the 72 melakarta rāgam system of Carnatic music.\n,,,,,,0,0,,,
gayal,'ɡeɪəl,n. A Southern Asiatic species of wild cattle (Bibos frontalis).,n. （产于印度的）大额牛,,,,,0,0,s:gayals,,
Gayal Gāh,,,[地名] 格耶尔加赫 ( 克什 ),,,,,0,0,,,
gayals,,,n. （产于印度的）大额牛( gayal的名词复数 ),,,,,0,0,0:gayal/1:s,,
Gayam,,,[地名] 加亚姆 ( 印尼、乍 ),,,,,0,0,,,
gayama (gaiama),,,盖亚马,,,,,0,0,,,
gayana,,,加亚娜,,,,,0,0,,,
gayane,,, 加雅涅,,,,,0,0,s:gayanes,,
gayanes,,, 加雅涅\n(gayane 的复数),,,,,0,0,0:gayane/1:s,,
Gayasan,,,[地名] 伽倻山 ( 韩 ),,,,,0,0,,,
gayatri,,,[网络] 吠陀之母；伽亚帖；迦耶德丽,,,,,0,0,,,
Gayaza,,,[地名] 加亚扎 ( 乌干 ),,,,,0,0,,,
gaybait,,"gaybait (uncountable)\nA man who is attractive to other gay men.\n\n\ngaybait (third-person singular simple present gaybaits, present participle gaybaiting, simple past and past participle gaybaited)\nTo entice or pander a gay person through demagoguery\nTo seduce a heterosexual into homosexual relations\n",,,,,,0,0,,,
gaybaited,,,[网络] 同性恋者,,,,,0,0,,,
gaybaits,,Attempting to lure a suspected homosexual into revealing himself or herself by giving off indications that one might be gay as well. Generally used by homophobes to establish grounds for verbally or physically attacking a homosexual.\n> Billy got his ass kicked by a five-foot Puerto Rican drag queen. I told him he was going to gay bait the wrong fag one day.\n,,,,,,0,0,,,
gaybar,,,[网络] 桦谷酒坊；水香；酒吧,,,,,0,0,,,
gaybeseen,,"gaybeseen (comparative more gaybeseen, superlative most gaybeseen)\n(obsolete) Richly adorned, showy, or sportive-looking; in brave or gallant dress.\n",,,,,,0,0,,,
gaybie,,"the child of a gay couple. plain and simple.\n> ""Have you had the chance to see Dan & Terry's gaybie? He is absolutely fabulous and cute as a button!""\n",,,,,,0,0,,,
gaybies,,,[网络] ay子,,,,,0,0,,,
gaybine,,,[网络] 甘美,,,,,0,0,,,
gaybo,,,[网络] 盖博,,,,,0,0,,,
gayborhood,,"N. A neighborhood containing homes, clubs, bars, restaurants, and other places of business and entertainment that cater to homosexuals.\n> ""They've opened up a new club in the [Gayborhood] called the Male Box.""\n",,,,,,0,0,,,
gayborhoods,,,[网络] 同志,,,,,0,0,,,
gaybos,,"The word Gaybo does not mean someone that is gay , it simply means someone is acting like an idiot or being cheap. people find offensive if you say you're being so gay and so instead saying gay, say Gaybo. I would use the word mostly while you're playing a game and you're really mad at someone.\n> You freaking gaybo you pushed me out of the way I was about to get a goal\n",,,,,,0,0,,,
gaybourhood,,,[网络] 群岛,,,,,0,0,,,
gaybourhoods,,,[网络] 群岛,,,,,0,0,,,
gayboy,,,[网络] 小歹；同性恋男孩,,,,,0,0,,,
gayboys,,,[网络] 男同性恋者,,,,,0,0,,,
Gaybraham,,,[网络] 盖伊布拉姆,,,,,0,0,,,
Gaybrook,,,[地名] 盖布鲁克 ( 爱 ),,,,,0,0,,,
gayby,,,[网络] 基宝；同志宝宝；超级战舰,,,,,0,0,,,
gayby boom,,,[网络] 基儿潮,,,,,0,0,,,
gaycat,ˊgeikæt,,n. 新流浪人,,,,,0,0,,,
gaydamak,,,[网络] 盖达马克,,,,,0,0,,,
gaydar,ˈgeɪdɑ:(r),,n. 同性恋行为,,,,,0,0,,,
gaydars,'ɡedɑr,,n. 同性恋行为\nn. (Gaydar)人名；(俄)盖达尔,,,,,0,0,,,
gaydiang,,,n. 运鱼船,,,,,0,0,,,
gaydom,,,[网络] 同志,,,,,0,0,,,
Gaydon,,,[地名] 盖登 ( 英 ),,,,,0,0,,,
gaydos,,, [人名] 盖多斯,,,,,0,0,,,
Gayduk,,,[地名] 盖杜克 ( 俄 ),,,,,0,0,,,
Gaye,,,"盖伊（Gay的变体, 人名）",,,,,36771,0,s:gayes/r:gayer/t:gayest,,
gayed,geɪ,,"盖伊(女子名)[亦作 Gaye]\ngay\n[ɡei]\nadj.\n快乐的，欢快的，欢乐的，轻快的，愉快的\n(色彩等)明快的，鲜艳的，五光十色的\n装饰华丽的；衣着鲜艳的\n生机勃勃的；明亮的\n寻欢作乐的，追求享乐的\n沉溺于酒色的，放荡的，淫荡的\n[俚语]嬉闹的；放肆的；鲁莽的\n[美国俚语]同性恋的\n[美国英语]关于同性恋的；维护同性恋者利益的\n(猫等的尾巴)竖起的\nn.\n[美国俚语、委婉语]同性恋者(尤指男同性恋者)\nadv.\n[美国俚语]同性恋举止地\n[苏格兰英语]很，相当\n[废语]色彩鲜艳地，卖弄地\nvt.,vi.\n(把…)打扮得绚丽多彩\n近义词:\nlively\n短语:\ngay nineties\n[美国英语] 1890年到1900年的十年间(此段时期被认为是快乐的时光)\nget gay\n[俚语]放肆起来\ngo gay\n[俚语]过放荡生活\n变形：\nadj.\ngayer\n. gayest",,,,,0,0,,,
gayelle,,,[网络] 盖耶尔,,,,,0,0,,,
gayelles,,"the new alternative word for lesbian. mainly used throughout the LA area, that has just recently come about as a backlash to the negative connotation the word, ""lesbian"" receives. \n> i am a gayelle who likes other gayelles.\n",,,,,,0,0,,,
Gayeongni,,,加岭里,,,,,0,0,,,
gayer,,s bright and pleasant; promoting a feeling of cheer\ns full of or showing high-spirited merriment\ns given to social pleasures often including dissipation\ns brightly colored and showy\ns offering fun and gaiety\ns homosexual or arousing homosexual desires,"a. 华美的, 快乐的",,,,,0,0,0:gaye/1:r,,
Gayer tests,,,[医] 盖尔氏试验(检印度大麻),,,,,0,0,,,
gayers,,,adj. 华美的，快乐的\nn. (Gayer)人名；(匈)高耶尔；(英、德)盖尔；(法)加耶；(捷)加耶尔,,,,,0,0,,,
gayes,,,盖伊（Gay的变体，人名）,,,,,0,0,0:gaye/1:s,,
gayest,,s bright and pleasant; promoting a feeling of cheer\ns full of or showing high-spirited merriment\ns given to social pleasures often including dissipation\ns brightly colored and showy\ns offering fun and gaiety\ns homosexual or arousing homosexual desires,a. 快乐的；华美的,,,,,0,0,0:gaye/1:t,,
gayet,,,n. 烛煤；图坂藻煤；腐泥煤,,,,,0,0,,,
Gayet's disease,,,[医] 加叶氏病(类似非洲睡眠病),,,,,0,0,,,
gayeties,'ɡeɪtaɪz,pl.  of Gayety,n. 快乐( gayety的名词复数 ); 高兴; 作乐; 花哨,,,,,0,0,,,
gayety,'^eiәti,"a. The state of being gay; merriment; mirth; acts or\n   entertainments prompted by, or inspiring, merry delight; -- used often\n   in the plural; as, the gayeties of the season.\na. Finery; show; as, the gayety of dress.","n. 愉快, 轻快",,,,,0,0,,,
gayface,,"gayface (usually uncountable, plural gayfaces)\nAn obvious, apparent, or stereotypical appearance of homosexuality based on a person's countenance often characterized by effeminacy in males and masculinity in females.\n",,,,,,0,0,,,
gayfaces,,"Gayface is the look that gay men have that enables other gay men to quickly identify them as ""family"" no matter what they're doing, wearing or saying.  Gayface is identifiable in photos.  Gayface cannot be hidden by attempts to butch it up. Straight men with gayface are not really straight.     \n> When I saw his picture in the paper, I immediately knew that girl on his arm was a beard because he totally has gayface.\n",,,,,,0,0,,,
gayfag,,"gayfag (plural gayfags)\n(offensive) A homosexual.\n\n\ngayfag (comparative more gayfag, superlative most gayfag)\n(offensive) Homosexual.\n",,,,,,0,0,,,
gayfags,,"To have a happy cigarette.\n> Hey do you have a happy cigarette?\n> Yes, I do have a gay fag!\n",,,,,,0,0,,,
gayfeather,,,[网络] 蛇鞭菊；舌根菊；马尾花,,,,,0,0,s:gayfeathers,,
gayfeathers,,,[网络] 蛇鞭菊；舌根菊；马尾花\n(gayfeather 的复数),,,,,0,0,0:gayfeather/1:s,,
gayford,,, [人名] 盖福德,,,,,0,0,s:gayfords,,
gayfords,,,n. (Gayford)人名；(英)盖福德,,,,,0,0,0:gayford/1:s,,
gayfryd,,,[网络] 盖伊弗里德,,,,,0,0,,,
gayful,,"gayful (comparative more gayful, superlative most gayful)\nFull of gaiety or cheerfulness; cheery; gay; lively\n",,,,,,0,0,,,
Gayglers,,,[网络] 同性恋员工社群,,,,,0,0,,,
gayheart,,,[网络] 同性恋者,,,,,0,0,,,
gayhood,,,[网络] 同性恋,,,,,0,0,,,
Gayhurst,,,[地名] 盖赫斯特 ( 英 ),,,,,0,0,,,
Gayi,,,[地名] 加伊 ( 尼日利 ),,,,,0,0,,,
gaying,geɪ,,"盖伊(女子名)[亦作 Gaye]\ngay\n[ɡei]\nadj.\n快乐的，欢快的，欢乐的，轻快的，愉快的\n(色彩等)明快的，鲜艳的，五光十色的\n装饰华丽的；衣着鲜艳的\n生机勃勃的；明亮的\n寻欢作乐的，追求享乐的\n沉溺于酒色的，放荡的，淫荡的\n[俚语]嬉闹的；放肆的；鲁莽的\n[美国俚语]同性恋的\n[美国英语]关于同性恋的；维护同性恋者利益的\n(猫等的尾巴)竖起的\nn.\n[美国俚语、委婉语]同性恋者(尤指男同性恋者)\nadv.\n[美国俚语]同性恋举止地\n[苏格兰英语]很，相当\n[废语]色彩鲜艳地，卖弄地\nvt.,vi.\n(把…)打扮得绚丽多彩\n近义词:\nlively\n短语:\ngay nineties\n[美国英语] 1890年到1900年的十年间(此段时期被认为是快乐的时光)\nget gay\n[俚语]放肆起来\ngo gay\n[俚语]过放荡生活\n变形：\nadj.\ngayer\n. gayest",,,,,0,0,,,
Gayint,,,[地名] 加因特 ( 埃塞 ),,,,,0,0,,,
gayish,,,[网络] 同性恋,,,,,0,0,,,
gayism,,,[网络] 同性恋,,,,,0,0,,,
gayity,,,[网络] 同志,,,,,0,0,,,
gayl,,,[网络] 盖尔,,,,,0,0,,,
gayla,,,n. 【女名】女子名,,,,,0,0,,,
gayland,,,[网络] 盖兰,,,,,0,0,,,
gayle,,,[医] 羊产后热,,,,,28115,0,s:gayles,,
gaylen,,, [人名] 盖伦,,,,,0,0,,,
gayler,,, [人名] [英格兰人姓氏] 盖勒 Gale的变体,,,,,0,0,s:gaylers,,
gaylers,,, [人名] [英格兰人姓氏] 盖勒 Gale的变体\n(gayler 的复数),,,,,0,0,0:gayler/1:s,,
gayles,,, [人名] 盖尔斯,,,,,0,0,0:gayle/1:s,,
Gayless,,,[网络] 没钱,,,,,0,0,,,
gayley,,, [人名] 盖利,,,,,0,0,,,
Gayley process,,,[网络] Gayley过程,,,,,0,0,,,
gaylicious,,,[网络] 有趣的,,,,,0,0,,,
gaylin,,, [人名] 盖林,,,,,0,0,,,
gaylis,,,[网络] 盖洛斯,,,,,0,0,,,
gaylon,,,[网络] 基轮,,,,,0,0,,,
gaylor,,, [人名] [英格兰人姓氏] 盖洛 Gale的变体,,,,,0,0,,,
gaylord,,,n. 盖洛德（姓氏）,,,,,0,0,s:gaylords,,
gaylords,,,n. 盖洛德（姓氏）,,,,,0,0,0:gaylord/1:s,,
gaylussac's law,,,给吕萨克定律,,,,,0,0,,,
Gaylussacia,,,[网络] 佳露果属,,,,,0,0,s:gaylussacias,,
Gaylussacia baccata,,,[网络] 越桔,,,,,0,0,s:gaylussacia baccatas,,
gaylussacia baccatas,,,[网络] 越桔\n(gaylussacia baccata 的复数),,,,,0,0,0:gaylussacia baccata/1:s,,
gaylussacias,,,[网络] 佳露果属\n(gaylussacia 的复数),,,,,0,0,0:gaylussacia/1:s,,
gaylussite,,"n. A yellowish white, translucent mineral, consisting of\n   the carbonates of lime and soda, with water.",[化] 斜钠钙石; 斜碳钠钙石; 针钠钙石,,,,,0,0,,,
gayly,'ɡeili,r in a joyous manner,adv. 快乐地；华美地,,,,,0,0,,,
Gaymard,,,[网络] 戈玛尔,,,,,0,0,,,
gaymer,,,[网络] 盖默,,,,,0,0,,,
gaymers,,,[网络] 男同性恋者,,,,,0,0,,,
gaymo,,gaymo (plural gaymos)\n(slang) A homosexual.\n,,,,,,0,0,,,
gaymos,,,[网络] 同志,,,,,0,0,,,
gayn-,,,[网络] 开户；开启；开遍,,,,,0,0,,,
Gayndah,,,[地名] 盖恩达 ( 澳 ),,,,,0,0,,,
gayne,,,[网络] 一对姓盖恩；盖妮；盖雅纳,,,,,0,0,,,
gayned,,,[网络] 同志,,,,,0,0,,,
gaynell,,,n. 【女名】女子名\n[网络] 租售创造了一,,,,,0,0,,,
gayner,,, [人名] 盖纳,,,,,0,0,,,
Gaynerd,,,[网络] 盖恩纳德,,,,,0,0,,,
gaynes,,,[网络] 盖伊恩,,,,,0,0,,,
gayness,ˈgeɪnəs,n a sexual attraction to (or sexual relations with) persons of the same sex,"n. 欢乐, （尤指）同性恋",n:100,,,,0,35367,s:gaynesses,,
gaynesses,'ɡenəs,,n. 同性恋爱,,,,,0,0,0:gayness/1:s,,
gayning,,,[网络] 同性恋,,,,,0,0,,,
gaynor,,," [人名] [爱尔兰姓氏] 盖纳盖尔语姓氏的英语形式，来源于人名，含义是“白皙的+头”(fair,white +top,head)",,,,,0,0,,,
Gaynovo,,,[地名] 盖诺沃 ( 俄 ),,,,,0,0,,,
Gaynskiy Rayon,,,[地名] 盖内区 ( 俄 ),,,,,0,0,,,
Gayny,,,[地名] 盖内 ( 俄 ),,,,,0,0,,,
Gayo,,,[网络] 卡约语；迦约语；加尤文,,,,,0,0,,,
gayola,^ei'әulә,,n. <美俚>(为开业不受犯罪集团干预)同性恋淫乱业者私下交付的贿赂,,,,,0,0,,,
gayole,,,[网络] 发烧友,,,,,0,0,,,
Gayomart,,,[网络] 原牛和原人迦约玛特,,,,,0,0,,,
Gayoom,,,[网络] 加尧姆,,,,,0,0,s:gayooms,,
gayooms,,,[网络] 加尧姆\n(gayoom 的复数),,,,,0,0,0:gayoom/1:s,,
gayoso,,,加约索,,,,,0,0,,,
gayphobia,,,[网络] 同性恋恐惧症,,,,,0,0,,,
gayphobic,,,[网络] 同性恋,,,,,0,0,,,
gayre,,,[网络] 盖伊,,,,,0,0,,,
gays,ɡeiz,n. someone who practices homosexuality; having a sexual attraction to persons of the same sex,n. 同性恋者（尤指男性）( gay的复数形式 ),,,,,0,0,0:gay/1:s,,
gaysian,,,[网络] 孤单小双鱼,,,,,0,0,,,
gaysians,,,[网络] 同志们,,,,,0,0,,,
Gayskiy Rayon,,,[地名] 加伊区 ( 俄 ),,,,,0,0,,,
gaysome,,,[网络] 那些事,,,,,0,0,,,
gayson,,,[网络] 欢乐城；盖森,,,,,0,0,,,
gayspeak,,,[网络] 同志语言；同志私语言,,,,,0,0,,,
gaysploitation,,,[网络] 同性恋,,,,,0,0,,,
Gaystapo,,,[网络] 盖斯塔坡,,,,,0,0,,,
gaystik,,,[网络] 盖伊斯蒂克,,,,,0,0,,,
gaytan,,,盖坦,,,,,0,0,,,
gaytard,,,[网络] 男装,,,,,0,0,,,
gaytarded,,,[网络] 同性恋者,,,,,0,0,,,
gaytards,,,[网络] 同性恋者,,,,,0,0,,,
gaytastic,,,[网络] 同性恋,,,,,0,0,,,
gayte,,,[网络] 盖伊特,,,,,0,0,,,
gaytheist,,,[网络] 男同性恋者,,,,,0,0,,,
gaytheists,,,[网络] 同性恋者,,,,,0,0,,,
gayton,,, [地名] [英国] 盖顿,,,,,0,0,,,
Gaytonian,,,[网络] 盖顿人,,,,,0,0,,,
Gaytonians,,,[网络] 盖陀尼亚人,,,,,0,0,,,
gaytopia,,,[网络] 同性恋,,,,,0,0,,,
gaytopias,,,[网络] 盖帽,,,,,0,0,,,
gaytry,,,[网络] 同性恋,,,,,0,0,,,
gaytt,,,[网络] 盖伊特,,,,,0,0,,,
Gayutino,,,[地名] 加尤季诺 ( 俄 ),,,,,0,0,,,
Gayville,,,[网络] 盖伊村；盖维尔,,,,,0,0,,,
Gayvoron,,,[地名] 盖沃龙 ( 俄 ),,,,,0,0,,,
gaywad,,"gaywad (plural gaywads)\n(slang, derogatory) Somebody who is gay (homosexual or ""lame, uncool"").\n",,,,,,0,0,,,
gaywads,,a jackass. or someone who you would consider gay as an insult...who is stupid at the same time.\n> You're such a fucking gaywad\n,,,,,,0,0,,,
gaywings,"'^ei,wiŋz",n common trailing perennial milkwort of eastern North America having leaves like wintergreen and usually rosy-purple flowers with winged sepals,[复]n.[用作单或复][植]少叶远志,,,,,0,0,s:gaywingss,,
gaywingss,"'ɡeɪ,wɪŋz",,n. [单数复数同]【植物】少叶远志(Polygala paucifolia),,,,,0,0,0:gaywings/1:s,,
Gaywood,,,[地名] 盖伍德 ( 英 ),,,,,0,0,,,
"Gayá, R.",,,[地名] 加亚河 ( 西 ),,,,,0,0,,,
Gayéri,,,[地名] 加耶里 ( 布基 ),,,,,0,0,,,
Gayī,,,[地名] 加伊 ( 埃塞 ),,,,,0,0,,,
Gaz,,,n. 嘎斯（俄罗斯汽车品牌名称）,,,,,49749,0,s:gazs,,
Gaz Khān,,,[地名] 加兹汗 ( 阿富 ),,,,,0,0,,,
Gaz Māhū,,,[地名] 加兹马胡 ( 伊朗 ),,,,,0,0,,,
Gaz.,,,abbr. (=gazette； gazetter)\n[网络] 格斯,,,,,0,0,,,
gaza,'^ɑ:zә,n a coastal region at the southeastern corner of the Mediterranean bordering Israel and Egypt,n. 加沙（地中海岸港市）,,,,,13284,0,s:gazas,,
gaza (ghazah),,,加萨,,,,,0,0,,,
gaza sericata,,,丝绢钟螺,,,,,0,0,,,
Gaza Strip,,,加沙地带,,,,,0,0,s:gaza strips,,
gaza strips,,,加沙地带 (巴勒斯坦西南部一地区，自1967年起受以色列军事管制的濒临地中海西岸的沿海地区),,,,,0,0,0:gaza strip/1:s,,
Gaza's operation,,,[医] 加察氏手术(神经支切断术),,,,,0,0,,,
"Gaza, Prov.",,,[地名] 加扎省 ( 莫 ),,,,,0,0,,,
gazabo,^ә'zeibәu,,人,,,,,0,0,,,
gazaboes,ɡə'zeibəu,,n.\n[美国旧俚语、贬义]家伙；小伙子；朋友[亦作 gazebo]\n[方言](因衣着、外表奇异)被人盯着看的人\n变形：\nn.\ngazabos\ngazabo2\n[ɡə'zeibəu]\nn.\n=gazebo2\n变形：\nn.\ngazabos\n. boes,,,,,0,0,,,
gazabos,ɡə'zeibəu,,gazabos\nn.\ngazabo1的变形\ngazabo2的变形\ngazabo1\n[ɡə'zeibəu]\nn.\n[美国旧俚语、贬义]家伙；小伙子；朋友[亦作 gazebo]\n[方言](因衣着、外表奇异)被人盯着看的人\n变形：\nn.\ngazabos\ngazabo2\n[ɡə'zeibəu]\nn.\n=gazebo2\n变形：\nn.\ngazabos\n. boes,,,,,0,0,,,
Gazafa,,,[地名] 加扎法 ( 尼日尔 ),,,,,0,0,,,
Gazak,,,[地名] 加扎克 ( 伊朗 ),,,,,0,0,,,
Gazakh,,,[网络] 卡扎赫；阿塞拜疆城镇哈萨克；噶扎克赫,,,,,0,0,,,
gazal,,,[网络] 巴基斯坦信德；巴基斯坦旁遮普语；巴基斯坦普什图语,,,,,0,0,,,
gazal process,,,[机] 盖撤法,,,,,0,0,,,
gazala,,,[网络] 扎拉；查拉；加查拉,,,,,0,0,s:gazalas,,
gazalas,,,[网络] 扎拉；查拉；加查拉\n(gazala 的复数),,,,,0,0,0:gazala/1:s,,
gazalina purificata,,,白雪舟蛾,,,,,0,0,,,
gazals,,,[网络] 嘎札尔诗,,,,,0,0,,,
Gazan,'ɡɑ:zən,,n. 加沙地带居民；加沙(城)居民\na. 加沙地带的；加沙(城)的,j:27/n:73,,,,0,36983,s:gazans,,
gazania,^ә'zeiniә,n any plant of the genus Gazania valued for their showy daisy flowers,n. (产于南非的)杂色菊属植物,,,,,0,0,s:gazanias,,
gazania longiscpap dc.,,,勋章菊,,,,,0,0,,,
gazania pinnata less.,,,羽叶勋章菊,,,,,0,0,,,
Gazania rigens,,,[网络] 勋章菊；勳章菊；勋章花,,,,,0,0,s:gazania rigenss,,
gazania rigenss,,,[网络] 勋章菊；勳章菊；勋章花\n(gazania rigens 的复数),,,,,0,0,0:gazania rigens/1:s,,
gazanias,,plural of gazania\nn any plant of the genus Gazania valued for their showy daisy flowers,(gazania 的复数) n.(产于南非的)杂色菊属植物,,,,,0,0,0:gazania/1:s,,
gazaniaxanthin,,,[网络] 尬赞黄素,,,,,0,0,,,
Gazankulu,,,[网络] 加赞库卢；加山库鲁；加赞库鲁家园,,,,,0,0,s:gazankulus,,
gazankulus,,,[网络] 加赞库卢；加山库鲁；加赞库鲁家园\n(gazankulu 的复数),,,,,0,0,0:gazankulu/1:s,,
Gazans,,plural of Gazan,(Gazan 的复数) n. 加沙地带居民；加沙(城)居民\na. 加沙地带的；加沙(城)的,,,,,0,0,0:gazan/1:s,,
Gazaoua,,,[地名] 加扎瓦 ( 尼日尔、尼日利 ),,,,,0,0,,,
gazar,^ә'zɑ:,,n. (常饰有闪光金属片的)透明丝织物,,,,,0,0,s:gazars,,
gazarra,,,[网络] 加扎拉,,,,,0,0,,,
gazars,,,[网络] 可萨人,,,,,0,0,0:gazar/1:s,,
gazas,ˈɡɑ:zə,,加沙(邻接以色列西南部的巴勒斯坦港市，1967年被以色列占领),,,,,0,0,0:gaza/1:s,,
Gazawa,,,[地名] 加扎瓦 ( 喀 ),,,,,0,0,,,
gazda,,,[网络] 葛达；盖兹达；高兹道,,,,,0,0,,,
gazdar,,,[网络] 达；达尔；盖式达,,,,,0,0,s:gazdars,,
gazdars,,,[网络] 达；达尔；盖式达\n(gazdar 的复数),,,,,0,0,0:gazdar/1:s,,
gaze,geiz,n. a long fixed look\nv. look at with fixed eyes,"n. 注视, 凝视\nvi. 注视, 凝视",v:40/n:60,2,,cet4 cet6 ky toefl gre,3258,3327,p:gazed/i:gazing/3:gazes/d:gazed/s:gazes,,
gaze after sb,,,目送(某人),,,,,0,0,,,
gaze after sb.,,,目送某人,,,,,0,0,,,
gaze around,,,"左盼右顾,东张西望",,,,,0,0,,,
gaze at,,,盯住,,,,,0,0,,,
gaze away,,,"遥望,眺望",,,,,0,0,,,
gaze damassee,,,双纬花纱罗(法国制),,,,,0,0,,,
gaze faconnee,,,织花纱罗(法国制),,,,,0,0,,,
gaze filoche,,,全丝网眼纱罗(法国制),,,,,0,0,,,
gaze into a crystal ball,,,(无根据地)预测未来，预言,,,,,0,0,,,
gaze into vacancy,,,凝视天空,,,,,0,0,,,
gaze on,,,看…,,,,,0,0,,,
gaze ondee,,,波纹纱罗(法国制),,,,,0,0,,,
gaze out,,,遥望,,,,,0,0,,,
gaze out of,,,"从…向外凝视,凝视着…的外面",,,,,0,0,,,
gaze paralysis,,,凝视瘫痪,,,,,0,0,,,
gaze round,,,"环顾, 四处观望",,,,,0,0,,,
gaze upon,,,"看到,望见",,,,,0,0,,,
gaze-hound,"'ɡeɪz,haʊnd",,n. 锐目猎犬,,,,,0,0,,,
gaze-palsy,,,注视麻痹,,,,,0,0,,,
gazebo,gә'zi:bәu,n. a small roofed building affording shade and rest,"n. 眺望台, 阳台",n:100,,,,29311,18303,s:gazebos,,
gazeboes,,,n. 阳台；信号台；〈美俚〉同“gazabo”\n[网络] 凉亭；露台；眺望台,,,,,0,0,,,
gazebolike,,,[网络] 凉亭,,,,,0,0,,,
gazebos,,plural of gazebo\nn. a small roofed building affording shade and rest,"(gazebo 的复数) n. 眺望台, 阳台",,,,,0,0,0:gazebo/1:s,,
gazed,ɡeizd,imp. & p. p. of Gaze,"v. 凝视, 注视( gaze的过去式和过去分词 )",,,,,0,0,0:gaze/1:pd,,
gazee,,,[网络] 凝视对象；凝视对像；被凝视对象,,,,,0,0,,,
gazeebo,,,[网络] 凉亭,,,,,0,0,,,
gazeebos,,,[网络] 凉亭,,,,,0,0,,,
gazees,,,[网络] az,,,,,0,0,,,
gazeful,,,[网络] 。,,,,,0,0,,,
gazehound,"'^eiz,haund",n. A hound that pursues by the sight rather than by the\n   scent.,n. [动](靠视觉而不是靠嗅觉追猎的)锐目猎犬,,,,,0,0,,,
gazehounds,,,n. 〈古〉锐目猎犬,,,,,0,0,,,
gazel,^ә'zel,"n. The black currant; also, the wild plum.\nn. See Gazelle.",n. [动]瞪羚,,,,,0,0,,,
gazeless,,,[网络] 无耻的,,,,,0,0,,,
gazeley,,, [人名] 盖斯利,,,,,0,0,,,
Gazella,,,瞪羚属,,,,,0,0,s:gazellas,,
gazella dama,,,鹿羚,,,,,0,0,,,
gazella gazella,,,山瞪羚,,,,,0,0,,,
Gazella subgutturosa,,,[网络] 鹅喉羚；羚羊,,,,,0,0,s:gazella subgutturosas,,
gazella subgutturosas,,,[网络] 鹅喉羚；羚羊\n(gazella subgutturosa 的复数),,,,,0,0,0:gazella subgutturosa/1:s,,
Gazella thomsoni,,,[网络] 汤普森瞪羚；汤姆森瞪羚；汤氏瞪羚,,,,,0,0,s:gazella thomsonis,,
gazella thomsonii,,,汤姆森瞪羚,,,,,0,0,,,
gazella thomsonis,,,[网络] 汤普森瞪羚；汤姆森瞪羚；汤氏瞪羚\n(gazella thomsoni 的复数),,,,,0,0,0:gazella thomsoni/1:s,,
gazellas,,,[网络] 蹬羚,,,,,0,0,0:gazella/1:s,,
gazelle,gә'zel,n. small swift graceful antelope of Africa and Asia having lustrous eyes,n. 瞪羚,n:100,,,,24492,22494,s:gazelles,,
Gazelle Chan.,,,[地名] 加泽尔海峡 ( 巴布 ),,,,,0,0,,,
Gazelle Company,,,[网络] 成长公司,,,,,0,0,,,
gazelle hound,,,[网络] 瞪羚猎犬,,,,,0,0,s:gazelle hounds,,
gazelle hounds,,,[网络] 瞪羚猎犬\n(gazelle hound 的复数),,,,,0,0,0:gazelle hound/1:s,,
gazelle in the garden,,"gazelle in the garden\n(euphemistic, colloquial) Used during a meal to alert a family member or friend that they have a crumb on their face.\n",,,,,,0,0,,,
Gazelle Pen.,,,[地名] 加泽尔半岛 ( 巴布 ),,,,,0,0,,,
Gazelle Peninsula,,,加泽尔半岛,,,,,0,0,,,
"Gazelle, Récif de la",,,[地名] 加泽尔礁 ( 新喀 ),,,,,0,0,,,
gazelle-boy,^ә'zelbɔi,,n. [传说]被瞪羚扶养长大的男孩,,,,,0,0,,,
gazellelike,,,[网络] 瞪羚,,,,,0,0,,,
gazelles,gəˈzelz,n. small swift graceful antelope of Africa and Asia having lustrous eyes,n. 羚羊（ gazelle的复数形式 ）,,,,,0,0,0:gazelle/1:s,,
gazels,,,[网络] 则勒,,,,,0,0,,,
gazement,,,[网络] 凝视,,,,,0,0,,,
gazenta,,a noun; something that 'goes into' something else when you don't know what it's called\n> The little gazenta inside the stem was stuck and air was leaking out.\n,,,,,,0,0,,,
gazer,,n. One who gazes.,n. 凝视者,,,,,0,0,s:gazers,,
gazers,,plural of gazer\nn. One who gazes.,(gazer 的复数) n. 凝视者,,,,,0,0,0:gazer/1:s,,
gazes,ɡeiziz,n a long fixed look\nv look at with fixed eyes,"v. 凝视, 注视( gaze的第三人称单数 )",,,,,0,0,0:gaze/1:3s,,
gazest,geɪz,,vi.\n盯，凝视，注视；目不转睛地看(常与 at，on，upon 连用)：\n盯，凝视，注视；目不转睛地看(常与 at，on，upon 连用)：\nShe gazed upon him in bewilderment.\n她茫然地注视着他。\nHe stood gazing at the view.\n他站着凝视着景色。\nvt.\n[古语]凝视，盯着看\nn.\n凝视，注视\n近义词:\nlook\n短语:\nat gaze\n【纹章学】(鹿或类似鹿的动物)从旁看去似在盯着人看的，侧身正视的\n(惊讶地)站着凝视的\ngaze into a crystal ball\n(无根据地)预测未来，预言\nstand at gaze\n站在那儿愕然凝视\n变形：\nvi.\ngazed\n. gazing,,,,,0,0,,,
Gazestān,,,[地名] 加泽斯坦(地区) ( 阿富 ),,,,,0,0,,,
gazet,,"n. A Venetian coin, worth about three English farthings, or one\n   and a half cents.",n. (Gazet)人名；(法)加泽,,,,,0,0,,,
Gazeta,,,n. (Gazeta)人名；(波)加泽塔,,,,,49976,0,s:gazetas,,
gazetas,,,n. (Gazeta)人名；(波)加泽塔\n(gazeta 的复数),,,,,0,0,0:gazeta/1:s,,
gazeteer,,,n. 地名词典\n[网络] 澳大利亚地理地名,,,,,0,0,s:gazeteers,,
gazeteers,,,n. 地名词典\n[网络] 澳大利亚地理地名\n(gazeteer 的复数),,,,,0,0,0:gazeteer/1:s,,
gazeth,,,[网络] 注视,,,,,0,0,,,
gazets,,,[网络] 盖茨,,,,,0,0,,,
gazett,,,[网络] 公报,,,,,0,0,,,
gazetta,,,[网络] 格塞塔；一枚硬币；格塞特,,,,,0,0,,,
gazettal,,,[网络] 宪报,,,,,0,0,,,
gazette,gә'zet,n. a newspaper or official journal\nv. publish in a gazette,"n. 报, 公报, 报纸\nvt. 在公报上宣布, 刊载于公报",n:100,1,,toefl,11644,39036,s:gazettes/d:gazetted/p:gazetted/i:gazetting/3:gazettes,,
gazette entry,,,公报登载,,,,,0,0,,,
gazette notice,,,[网络] 宪报公告；政府宪报；政府公告通知,,,,,0,0,,,
Gazette of the State Council,,,[网络] 国务院公报,,,,,0,0,,,
gazetted,,imp. & p. p. of Gazette,在公报上发表\n在公报上宣布…的任命(gazette的过去式),,,,,0,0,0:gazette/1:dp,,
gazetted officer,,,[网络] 宪委级人员,,,,,0,0,,,
gazetteer,.gæzә'tiә,n. a journalist who writes for a gazette\nn. a geographical dictionary (as at the back of an atlas),"n. 地名辞典, 公报作者",n:100,,,gre,40040,43068,s:gazetteers,,
gazetteer index,,,【制图学】地名索引；地名手册,,,,,0,0,,,
gazetteered,",ɡæzə'tɪr",,n. 地名辞典；公报作者,,,,,0,0,,,
gazetteering,",ɡæzə'tɪr",,n. 地名辞典；公报作者,,,,,0,0,,,
gazetteers,,plural of gazetteer\nn. a journalist who writes for a gazette\nn. a geographical dictionary (as at the back of an atlas),"(gazetteer 的复数) n. 地名辞典, 公报作者",,,,,0,0,0:gazetteer/1:s3,,
gazettement,,,[网络] 宪报,,,,,0,0,,,
gazettes,ɡəˈzets,n a newspaper or official journal\nv publish in a gazette,n. 公报( gazette的名词复数 ); （用作报纸名称）,,,,,0,0,1:s3/0:gazette,,
gazetting,ɡəˈzetiŋ,p. pr. & vb. n. of Gazette,n. 销售或发行限制,,,,,0,0,1:i/0:gazette,,
gazettings,gə'zet,,n. （英）公报；报纸\nvt. 在报上刊载,,,,,0,0,,,
Gazgan,,,[地名] 加兹甘 ( 乌兹 ),,,,,0,0,,,
gazi,,,n. (Gazi)人名；(意、土、孟)加齐,,,,,0,0,s:gazi,,
gaziano,,,[网络] 奇诺；嘉基安诺；加里亚诺,,,,,0,0,,,
Gaziantep,,,"加齐安泰普（地名, 土耳其加齐安泰普省首府）",,,,,0,0,,,
Gazibenli,,,[地名] *加济本利(叶海亚勒的旧称) ( 土 ),,,,,0,0,,,
gazid,,,[网络] 钢包真空吹氩法,,,,,0,0,,,
gazids,,,[网络] 盖子,,,,,0,0,,,
Gazikoy,,,加吉科,,,,,0,0,,,
Gaziköy,,,[地名] 加济柯伊 ( 土 ),,,,,0,0,,,
gazillion,gəˈzɪljən,n a very large indefinite number (usually hyperbole),n. <口>许许多多,n:100,,,,0,31253,s:gazillions,,
gazillionaire,,,n. 极大量 (gazillion的变形),,,,,0,0,,,
gazillionaires,ɡə'ziliən,,gazillionaire\nn.\ngazillion的变形\ngazillion\n[ɡə'ziliən]\nn.\n[口语]许许多多，无数,,,,,0,0,,,
gazillions,ɡə'zɪliən,,n. 很大的数目\n[网络] 许许多多；兆亿；亿万的,,,,,0,0,0:gazillion/1:s,,
gazillionth,,gazillionth (not comparable)\n(informal) The ordinal form of the number gazillion.\n\n\ngazillionth (plural gazillionths)\n(informal) The person or thing in the gazillionth position.\n(informal) One of a gazillion equal parts of a whole.\n,,,,,,0,0,,,
Gazimur,,,[地名] 加济穆尔河 ( 俄 ),,,,,0,0,,,
Gazimurskiy Khrebet,,,[地名] 加济穆尔山 ( 俄 ),,,,,0,0,,,
gazing,,v look at with fixed eyes,"v. 凝望, 凝视",,,,,0,0,0:gaze/1:i/s:gazings,,
gazing stock,'ɡeiziŋstɔk,,n. 众所注目的人或物,,,,,0,0,,,
gazingly,ɡeiz,,gazingly\nadv.\ngaze的变形\ngaze\n[ɡeiz]\nvi.\n盯，凝视，注视；目不转睛地看(常与 at，on，upon 连用)：\n盯，凝视，注视；目不转睛地看(常与 at，on，upon 连用)：\nShe gazed upon him in bewilderment.\n她茫然地注视着他。\nHe stood gazing at the view.\n他站着凝视着景色。\nvt.\n[古语]凝视，盯着看\nn.\n凝视，注视\n近义词:\nlook\n短语:\nat gaze\n【纹章学】(鹿或类似鹿的动物)从旁看去似在盯着人看的，侧身正视的\n(惊讶地)站着凝视的\ngaze into a crystal ball\n(无根据地)预测未来，预言\nstand at gaze\n站在那儿愕然凝视\n变形：\nvi.\ngazed\n. gazing,,,,,0,0,,,
gazings,geiziŋ,,v. 凝望，凝视,,,,,0,0,0:gazing/1:s,,
gazingstock,'^eiziŋstɔk,n. A person or thing gazed at with scorn or abhorrence;\n   an object of curiosity or contempt.,n. 众所注目的人或物,,,,,0,0,,,
gazingstocks,'ɡeiziŋstɔk,,n. 众所注目的人或物,,,,,0,0,,,
gazino,,,[网络] 奇诺,,,,,0,0,,,
gazinta,,,[网络] 加津塔,,,,,0,0,,,
Gazipur District,,,[网络] 加济布尔县,,,,,0,0,,,
gazit,,, [地名] [巴勒斯坦·以色列] 加济特,,,,,0,0,,,
gazity,,,[网络] 赞美,,,,,0,0,,,
gazlbo,,,n. 家伙,,,,,0,0,,,
Gazli,,,[地名] 加兹利 ( 乌兹 ),,,,,0,0,,,
gazlon,'ɡɑ:zlən,,n. [依地语、贬义]顺手牵羊的小偷,,,,,0,0,,,
gazman,,,[网络] 加斯曼,,,,,0,0,,,
Gazmones,,,[地名] 加斯莫内斯 ( 墨 ),,,,,0,0,,,
Gazni,,,[地名] 加兹尼 ( 阿富 ),,,,,0,0,,,
"Gazni, Velāyat-e",,,[地名] 加兹尼省 ( 阿富 ),,,,,0,0,,,
Gaznāsarā,,,[地名] 加兹纳萨拉 ( 伊朗 ),,,,,0,0,,,
gazo,,,[网络] 藏画；保温瓶暂停画像,,,,,0,0,,,
gazob,^ә'zɔb,,"n. <澳俚>傻子,老是闹笑话的人",,,,,0,0,,,
gazogene,'gæzәdʒi:n,n. A portable apparatus for making soda water or aerated\n   liquids on a small scale.,"n. 煤气发生装置, 汽水制造机",,,,,0,0,,,
gazogenes,'ɡæzədʒi:n,,n. 汽水制造机；煤气发生装置,,,,,0,0,,,
Gazoldo degli Ippoliti,,,[地名] 加佐尔多-德利伊波利蒂 ( 意 ),,,,,0,0,,,
gazolite,,,[网络] 加力,,,,,0,0,,,
gazolyte,,,[网络] 喷雾器,,,,,0,0,,,
gazomba,,"Another word for usually fulsome [breasts].\n> Wow, look at the size of those gazombas!\n",,,,,,0,0,,,
gazometer,,,[网络] 计量器,,,,,0,0,,,
gazon,,,[网络] 加农,,,,,0,0,,,
gazonga,,"boobies, breasteses, tits\n> Damn, look at those gazongas!\n",,,,,,0,0,,,
gazongas,,,[网络] 加佐加斯,,,,,0,0,,,
gazons,,gazons\nplural of gazon\n,,,,,,0,0,,,
gazoo,ɡə'zuː,,n. 臀部,,,,,0,0,,,
gazook,,,n. 家伙,,,,,0,0,,,
gazooka,,,[网络] 火锅,,,,,0,0,,,
gazoomph,^ә'zjmf,,"vt., vi. 房价谈妥后又抬价改售给",,,,,0,0,,,
gazoon,,gazoon (plural gazoons)\n(Northern Ireland) Young farm boy.\n(nonce word) A close body of men\n,,,,,,0,0,,,
gazophilace,,,[网络] 嗜酸性粒细胞,,,,,0,0,,,
Gazoros,,,[地名] 加佐罗斯 ( 希 ),,,,,0,0,,,
gazous,,,[网络] ous,,,,,0,0,,,
gazpacho,^ɑ:z'pɑ:tʃәu; ^ɑ:θ'pɑ:tʃә u,n. a soup made with chopped tomatoes and onions and cucumbers and peppers and herbs; served cold,n. gazpachos 西班牙凉菜汤,n:100,,,,0,29644,s:gazpachoes,,
gazpachoes,gəs'pætʃəʊ,,n. 西班牙凉菜汤,,,,,0,0,0:gazpacho/1:s,,
gazpachos,,,[网络] 安达卢西亚凉汤；地中海蔬菜汤,,,,,0,0,,,
gazprom,,,n. 高兹普罗姆公司，俄罗斯,,,,,0,0,s:gazproms,,
gazprom-media,,,[网络] 气传媒,,,,,0,0,,,
Gazprombank,,,[网络] 俄罗斯天然气工业银行；气银行；天然气工业公司,,,,,0,0,,,
gazproms,,,n. 高兹普罗姆公司，俄罗斯\n(gazprom 的复数),,,,,0,0,0:gazprom/1:s,,
gazs,,,abbr. gazette；gazetteer,,,,,0,0,0:gaz/1:s,,
Gazsale,,,[地名] 加兹萨列 ( 俄 ),,,,,0,0,,,
gazump,^ә'zʌmp,v. raise the price of something after agreeing on a lower price,vi.vt. 房主抬价敲诈,,,,,44634,0,i:gazumping/d:gazumped/p:gazumped/3:gazumps/s:gazumps,,
gazumped,,v rip off; ask an unreasonable price\nv raise the price of something after agreeing on a lower price,v. 房价谈妥后又抬价改售给( gazump的过去式和过去分词 ),,,,,0,0,0:gazump/1:dp,,
gazumper,ɡə'zʌmpə,,n. (房屋买卖中)成交后加价的人，索高价者,,,,,0,0,,,
gazumpers,ɡə'zʌmpə,,n.\n(房屋买卖中)成交后加价的人，索高价者,,,,,0,0,,,
gazumping,ɡə'zʌmpɪŋ,v rip off; ask an unreasonable price\nv raise the price of something after agreeing on a lower price,n. <英><口><贬>抬价敲诈\nv. 房价谈妥后又抬价改售给( gazump的现在分词 ),,,,,0,0,0:gazump/1:i/s:gazumpings,,
gazumpings,,,n. gazump的变形,,,,,0,0,0:gazumping/1:s,,
gazumps,,v rip off; ask an unreasonable price\nv raise the price of something after agreeing on a lower price,n. 房价谈妥后又抬价改售给( gazump的名词复数 )\nv. 房价谈妥后又抬价改售给( gazump的第三人称单数 ),,,,,0,0,1:3/0:gazump,,
gazunder,gəˈzʌndə(r),,vt. 在临签合同之前压价,,,,,0,0,,,
gazundered,,,v. （签合同前）（向卖主）压低房价,,,,,0,0,,,
gazunderer,ɡəˈzʌndərə,,n. 压价敲诈者,,,,,0,0,,,
gazundering,ɡəˈzʌndəriŋ,,n. 压价敲诈,,,,,0,0,,,
gazunders,,,v. （签合同前）（向卖主）压低房价,,,,,0,0,,,
gazunga,,"boobs, tits, titties, boobies, breasts, baps, balconne (sp?), jugs, melons, palmfruit, nipplesacks, balloons, coconuts, etc.\n> whadda pair of gazungas!\n",,,,,,0,0,,,
gazungas,,"boobs, tits, titties, boobies, breasts, baps, balconne (sp?), jugs, melons, palmfruit, nipplesacks, balloons, coconuts, etc.\n> whadda pair of gazungas!\n",,,,,,0,0,,,
gazwelcher,ɡæzˈweltʃə,,n. 〈英〉不履行承诺的购房者,,,,,0,0,,,
gazwelching,ɡæzˈweltʃiŋ,,n. 压价敲诈,,,,,0,0,,,
gazy,,,[网络] 瞪羚,,,,,0,0,,,
gazz,,,[网络] 肝癌常识；嘎斯,,,,,0,0,,,
Gazza,,,n. (Gazza)人名；(意)加扎；(阿拉伯)加沙,,,,,13416,0,s:gazzas,,
gazza achlamys,,,宽身牙鲾；裸牙鲾；金钱仔,,,,,0,0,,,
gazza minuta,,,"椭圆蝠；小牙鲾, 小牙鲾；花令仔；金钱仔",,,,,0,0,,,
Gazzada,,,[地名] 加扎达 ( 意 ),,,,,0,0,,,
Gazzamania,,,[网络] 加扎狂热,,,,,0,0,,,
gazzani,,,加扎尼,,,,,0,0,,,
gazzaniga,,, [人名] 加扎尼加; [地名] [意大利] 加扎尼加,,,,,0,0,s:gazzanigas,,
gazzanigas,,,n. (Gazzaniga)人名；(意、英)加扎尼加,,,,,0,0,0:gazzaniga/1:s,,
gazzara,,, [人名] 加扎拉,,,,,0,0,,,
gazzas,,,n. (Gazza)人名；(意)加扎；(阿拉伯)加沙\n(gazza 的复数),,,,,0,0,0:gazza/1:s,,
Gazzer,,,abbr. gazette；gazetteer,,,,,13651,0,s:gazzers,,
gazzers,,,abbr. gazette；gazetteer\n(gazzer 的复数),,,,,0,0,0:gazzer/1:s,,
gazzetta,,,[网络] 米兰体育报；格塞塔；地方报纸,,,,,0,0,,,
gazzette,,,[网络] 香港宪报,,,,,0,0,,,
Gazzo Veronese,,,[地名] 加佐韦罗内塞 ( 意 ),,,,,0,0,,,
gazzola,,,[网络] 加佐拉,,,,,0,0,,,
Gazzuolo,,,[地名] 加佐洛 ( 意 ),,,,,0,0,,,
Gazān,,,[地名] 格赞 ( 巴基 ),,,,,0,0,,,
Gazīk,,,[地名] 加济克 ( 伊朗 ),,,,,0,0,,,
Gaël,,,[地名] 加埃勒 ( 法 ),,,,,0,0,,,
GB,,"n a highly toxic chemical nerve agent that inhibits the activity of cholinesterase\nn a unit of magnetomotive force equal to 0.7958 ampere-turns\nn a unit of information equal to 1000 megabits or 10^9 (1,000,000,000) bits\nn a unit of information equal to 1000 megabytes or 10^9 (1,000,000,000) bytes\nn a unit of information equal to 1024 mebibytes or 2^30 (1,073,741,824) bytes\nn an island comprising England and Scotland and Wales",[计] 千兆字节,,2,,,15852,0,,,
GB (gain-bandwidth),,,益频带宽,,,,,0,0,,,
GB (grid bias),,,偏压,,,,,0,0,,,
gb ethernet,,,超高乙太网路,,,,,0,0,,,
GB factor,,,增益带宽因数,,,,,0,0,,,
GB freight container,,,国家标准集装箱,,,,,0,0,,,
"GB,gb",,,abbr. goofball,,,,,0,0,,,
GB-RS,,,[=Geriatric Behavior Rating Scale]老年行为等级表,,,,,0,0,,,
Gb.,,,abbr. 大不列颠\n[网络] 国标；个；一国标,,,,,0,0,,,
GB/T,,,[=Guo Biao/Tuijian(中文拼音)]推荐性的中国国家标准,,,,,0,0,,,
GB13,,,本神,,,,,0,0,,,
Gb2,,,[=galabiosylceramide]半乳二糖神经酰胺,,,,,0,0,,,
Gb3,,,[=globotriosylceramide]红细胞三糖神经酰胺,,,,,0,0,,,
Gb3Cer,,,"[=Galα-1,4-Galβ-1,4-Glcβ1-ceramide]细胞分化抗原CD77",,,,,0,0,,,
Gb4,,,[=globoside]红细胞糖苷脂,,,,,0,0,,,
gba,,,"abbr. 小神游GBA（Game Boy Advance, 掌上游戏机）；网球王子（Genius Boys Academy, 游戏名）；（德国）（好书共享协会）Gute Bücher für Alle；全球计费协会（Global Billing Association）",,,,,0,0,s:gbas,,
GBA SP,,,[网络] 小神游；绿宝石；千千静听皮肤,,,,,0,0,,,
Gbaboua,,,[地名] 巴布阿 ( 喀 ),,,,,0,0,,,
Gbadagba,,,[地名] 巴达巴 ( 贝宁 ),,,,,0,0,,,
gbadolite,,,[网络] 戈巴多莱；碧多莱；蒙博托家乡巴多利特,,,,,0,0,s:gbadolites,,
gbadolites,,,[网络] 戈巴多莱；碧多莱；蒙博托家乡巴多利特\n(gbadolite 的复数),,,,,0,0,0:gbadolite/1:s,,
gbagba (cameroon),,,葛巴葛巴；假面舞(喀麦隆),,,,,0,0,,,
gbagbo,,,[网络] 前总统巴博；科特迪瓦总统巴博；科特迪瓦前总统巴博,,,,,0,0,s:gbagboes,,
gbagboes,,,[网络] 前总统巴博；科特迪瓦总统巴博；科特迪瓦前总统巴博\n(gbagbo 的复数),,,,,0,0,0:gbagbo/1:s,,
"Gbagila, Rap.",,,[地名] 巴吉拉急流 ( 中非·刚(金) ),,,,,0,0,,,
Gbajigbo,,,[地名] 巴吉博 ( 尼日利 ),,,,,0,0,,,
Gbalo,,,[地名] 巴洛 ( 科特 ),,,,,0,0,,,
Gbambélédougou,,,[地名] 邦贝莱杜古 ( 科特 ),,,,,0,0,,,
Gbanala (Gbanhala),,,[地名] 邦阿拉河 ( 科特·几 ),,,,,0,0,,,
Gband,,,"(=Giemsaband)G带,吉姆萨带",,,,,0,0,,,
gbandi,,,[网络] 班迪,,,,,0,0,,,
Gbanga,,,[地名] 邦加 ( 利比 ),,,,,0,0,,,
Gbangbama,,,[地名] 邦巴马 ( 塞拉 ),,,,,0,0,,,
Gbangbatok,,,[地名] 邦巴托克 ( 塞拉 ),,,,,0,0,,,
Gbanhala (Gbanala),,,[地名] 邦阿拉河 ( 几·科特 ),,,,,0,0,,,
Gbankurugu,,,[地名] 班库鲁古 ( 加纳 ),,,,,0,0,,,
Gbarnga,,,[网络] 邦加,,,,,0,0,s:gbarngas,,
gbarngas,,,[网络] 邦加\n(gbarnga 的复数),,,,,0,0,0:gbarnga/1:s,,
