colourability,,,[网络] 可染性,,,,,0,0,,,
colourable,'kʌlәrәbl,,"a. 可着色的, 具有欺骗性的, 似是而非的, 貌似可取的\n[法] 虚伪的, 假的, 表面的",,,,,0,0,,,
colourable graph,,,un. 可着色图,,,,,0,0,,,
colourable imitation,,,"[法] 伪造, 假造",,,,,0,0,,,
colourableness,,,[网络] 可爱性,,,,,0,0,,,
colourably,ˊkʌlәrәbli,,adv. 可着色地;似是而非,,,,,0,0,,,
colourant,'kʌlәrәnt,,"n. 颜料, 染料\n[化] 着色剂; 色料",,,,,48160,0,s:colourants,,
colourants,,plural of colourant,"(colourant 的复数) n. 颜料, 染料\n[化] 着色剂; 色料",,,,,0,0,0:colourant/1:s,,
colourate,kʌlə'ræt,,vt. 着色,,,,,0,0,,,
colouration,",kʌlә'reiʃәn",n the timbre of a musical sound\nn appearance with regard to color\nn choice and use of colors (as by an artist),"n. 着色, 特色, 色彩, 天然颜色",,,,,42676,0,s:colourations,,
colourational,,,[网络] 有色的,,,,,0,0,,,
colourations,,plural of colouration\nn the timbre of a musical sound\nn appearance with regard to color\nn choice and use of colors (as by an artist),"(colouration 的复数) n. 着色, 特色, 色彩, 天然颜色",,,,,0,0,0:colouration/1:s,,
colourative,,,[网络] 有色的,,,,,0,0,,,
colourbearer,"'kʌlә,beәrә(r)",,n. (检阅等时的)旗手,,,,,0,0,,,
colourblind,,,adj. 不辨颜色的；无种族歧视的\n[网络] 色盲,,,,,0,0,s:colourblinds,,
colourblindness,,,na. 色盲,,,,,0,0,,,
colourblinds,,,adj. 不辨颜色的；无种族歧视的\n[网络] 色盲\n(colourblind 的复数),,,,,0,0,0:colourblind/1:s,,
colourbread,,,vt. 饲养(鸟)使有某种色彩,,,,,0,0,,,
colourbred,'kʌlәbred,,a. (狗等)按特定毛色培育的,,,,,0,0,,,
colourbreed,'kʌlәbri:d,,vi.培育…使具有特定毛色,,,,,0,0,,,
colourcast,ˊkʌlәkaːst,n. a television program that is broadcast in color,n. 彩色电视[播送.报导],,,,,0,0,s:colourcasts,,
colourcasted,,,v. 广播彩色节目\nn. 彩色电视（播送）,,,,,0,0,,,
colourcaster,,,na. 讲评精彩的广播员,,,,,0,0,,,
colourcasting,,,v. 广播彩色节目\nn. 彩色电视（播送）,,,,,0,0,,,
colourcasts,,,[网络] 消除颜色偏差,,,,,0,0,0:colourcast/1:s,,
colourcode,,,"v. 对(电线,管道等)作上色彩标记\n[网络] 色码；色标；颜色代号",,,,,0,0,s:colourcodes,,
colourcoded,,,[网络] 色彩；色彩解密,,,,,0,0,0:colourcode/1:d,,
colourcodes,,,[网络] 颜色代码；原创色系列,,,,,0,0,0:colourcode/1:s,,
coloure,,,[网络] 外观,,,,,0,0,,,
coloured,'kʌlәd,"v modify or bias\nv decorate with colors\nv give a deceptive explanation or excuse for\nv affect as in thought or feeling\nv add color to\nv change color, often in an undesired manner\na having color or a certain color; sometimes used in combination\ns favoring one person or side over another\ns (used of color) artificially produced; not natural\ns having skin rich in melanin pigments","a. 有色的, 有...色的, 经过渲染的, 有色彩的, 伪装的, 有色人种的, 混血种的\nn. 有色人种的人, 混血人\n[计] 着色的",j:100,3,1,,3618,22818,0:colour/1:dp/s:coloureds,,
coloured after image,,,彩色余像,,,,,0,0,,,
coloured agricultural film,,,[化] 有色农用薄膜,,,,,0,0,,,
coloured art pen,,,彩色水笔,,,,,0,0,,,
coloured beach comber,,,[网络] 滚浪,,,,,0,0,,,
coloured body,,,有色体,,,,,0,0,,,
coloured bulb,,,un. 彩色灯泡\n[网络] 彩色破壳；有色灯泡；彩色玻壳,,,,,0,0,,,
coloured cement,,,彩色水泥,,,,,0,0,,,
coloured cement face brick,,,[网络] 彩色水泥砖,,,,,0,0,,,
coloured chalk,,,彩色粉笔,,,,,0,0,,,
coloured compound,,,un. 有色化合物,,,,,0,0,,,
coloured concrete,,,[化] 彩色混凝土,,,,,0,0,,,
coloured cover note notebock book,,,彩色皮笔记本,,,,,0,0,,,
coloured cover paper yellow,,,黄色书面纸,,,,,0,0,,,
coloured crystal,,,有色晶体,,,,,0,0,,,
coloured discharge printing,,,[化] 着色拔染印花,,,,,0,0,,,
coloured edges,,,着色书边,,,,,0,0,,,
coloured egg-candling chart,,,[网络] 照蛋用分级图谱,,,,,0,0,,,
coloured electric bulb,,,彩色电灯泡,,,,,0,0,,,
coloured felt-tipped pen,,,彩色毡尖笔,,,,,0,0,,,
coloured fog,,,有色灰雾,,,,,0,0,,,
coloured fringe,,,彩色条纹,,,,,0,0,,,
coloured frit,,,带色熔块,,,,,0,0,,,
coloured gelatin filter,,,明胶滤色片,,,,,0,0,,,
coloured gentleman,,,"〈美〉〈讽〉有色绅士,黑人",,,,,0,0,,,
coloured glass,,,[化] 有色玻璃,,,,,0,0,,,
coloured glass bottle,,,有色玻璃瓶,,,,,0,0,,,
coloured glass filter,,,彩色玻璃滤光片;有色玻璃滤光片,,,,,0,0,,,
coloured glaze,,,琉璃,,,,,0,0,,,
coloured glazed wall tile,,,彩色釉面墙砖,,,,,0,0,,,
coloured gold,,,色金,,,,,0,0,,,
coloured hearing,,,色彩听觉,,,,,0,0,,,
coloured illustrative matter,,,彩色插图材料,,,,,0,0,,,
coloured kidney beans,,,un. 杂色菜豆\n[网络] 花芸豆,,,,,0,0,,,
coloured knops,,,彩色结子纱,,,,,0,0,,,
coloured lamp,,,彩色灯,,,,,0,0,,,
coloured lamp boot,,,un. 彩色灯泡胶套,,,,,0,0,,,
coloured leaf,,,具彩叶,,,,,0,0,,,
coloured light,ˈkʌləd lait,, [医]（彩）色光,,,,,0,0,,,
coloured lustre ware,,,彩釉制品,,,,,0,0,,,
coloured malt,,,炒麦芽,,,,,0,0,,,
coloured mortar,,,[网络] 彩色砂浆,,,,,0,0,,,
coloured newsprint,,,彩色新闻纸,,,,,0,0,,,
coloured noise,,,[计] 有色噪声,,,,,0,0,,,
coloured oiled crayon,,,彩色蜡笔,,,,,0,0,,,
coloured ophthalmic glass,,,有色眼镜玻璃;有色眼镜片,,,,,0,0,,,
coloured optical glass,,,[化] 滤光玻璃,,,,,0,0,,,
coloured paint,,,[化] 色漆,,,,,0,0,,,
coloured paper,ˈkʌləd ˈpeipə,,n. 染色纸,,,,,0,0,,,
coloured patches,,,色斑,,,,,0,0,,,
coloured pencil,,,彩色铅笔,,,,,0,0,,,
coloured pencils,,,[网络] 给铅笔着色图片；个彩色铅笔；颜色笔,,,,,0,0,,,
coloured Petri net,,,"[计] 着色Petri网, 着色佩特里网",,,,,0,0,,,
coloured plaster,,,彩色石膏,,,,,0,0,,,
coloured plate,ˈkʌləd pleit,, 彩色版,,,,,0,0,,,
coloured plate glass,,,彩色板玻璃,,,,,0,0,,,
coloured portland cement,,,[化] 彩色水泥,,,,,0,0,,,
coloured progressive matrices (cpm),,,彩色(瑞文氏)图型测验,,,,,0,0,,,
coloured races,,,有色人种,,,,,0,0,,,
coloured reclaim,,,[化] 有色再生胶,,,,,0,0,,,
coloured resist printing,,,[化] 着色防染印花,,,,,0,0,,,
coloured ring,,,色环,,,,,0,0,,,
coloured scenery picture,,,彩色风景画,,,,,0,0,,,
coloured sculpture,,,彩雕,,,,,0,0,,,
coloured shadow,,,有色阴影,,,,,0,0,,,
coloured sheet glass,,,彩色窗玻璃,,,,,0,0,,,
coloured spectacles,,,补色眼镜,,,,,0,0,,,
coloured spots,,,色斑,,,,,0,0,,,
coloured substance,,,有色物,,,,,0,0,,,
coloured tape,,,[计] 色带,,,,,0,0,,,
coloured thread,,,彩色线,,,,,0,0,,,
coloured token,,,[计] 有色标志,,,,,0,0,,,
coloured tree,,,[计] 着色树,,,,,0,0,,,
coloured up,,,[网络] 着色,,,,,0,0,,,
coloured vase,,,彩色花瓶,,,,,0,0,,,
coloured woodcut,,,套色木刻,,,,,0,0,,,
coloured wooden egg,,,木彩蛋,,,,,0,0,,,
coloured writing pad,,,彩色面写字本,,,,,0,0,,,
coloured-blind,,,"[法] 无肤色障碍的, 无种族歧视的, 色盲的",,,,,0,0,,,
coloured-glaze flower pot,,,彩釉花盒,,,,,0,0,,,
coloured-light composition,,,[化] 有色光剂,,,,,0,0,,,
colouredness,,,有色性,,,,,0,0,,,
Coloureds,'kʌləd,"v modify or bias\nv decorate with colors\nv give a deceptive explanation or excuse for\nv affect as in thought or feeling\nv add color to\nv change color, often in an undesired manner",a. colored的变形；[英国英语],,,,,48673,0,0:coloured/1:s3,,
colourer,,,n. colour的变形,,,,,0,0,s:colourers,,
colourers,,,n. colour的变形,,,,,0,0,0:colourer/1:s,,
colourest,'kʌlə,,n. [主英国英语]；色，颜色；色素；彩色\nvt. 给…着色；染上颜色：；文饰，粉饰；歪曲(真相)，渲染，夸张；使生色；使生动：\nvi. 变成有色的；改变颜色：；脸红，羞愧：,,,,,0,0,,,
colourfast,'kʌlәfɑ:st,,"a. 不退色的,不掉色的",,,,,0,0,,,
colourfastness,,,un. 不退色；色牢度；颜色野牢度\n[网络] 色劳度,,,,,0,0,,,
colourfield,,,[网络] 色视野；色彩田；色域,,,,,0,0,s:colourfields,,
colourfields,,,[网络] 彩色田间,,,,,0,0,0:colourfield/1:s,,
colourfilter,,,"滤色器[镜,片];滤光镜,彩色转盘",,,,,0,0,,,
colourflexer,,,彩色电视信号编码器,,,,,0,0,,,
colourful,'kʌlәful,a striking in variety and interest\na having striking color,"a. 颜色丰富的, 鲜艳的, 艳丽的, 多色的, 丰富多彩的, 吸引人的, 引人入胜的\n[计] 有色的",j:100,2,,,5311,33859,,,
colourfully,,,色彩斑斓地\n丰富多彩地,,,,,35950,0,,,
colourfulness,,,[网络] 文采；多色彩；多采多姿,,,,,0,0,s:colourfulnesses,,
colourfulnesses,'kʌləful,,colourfulness\nn.\ncolourful的变形\ncolourful\n['kʌləful]\nadj.\ncolorful的变形\n富于色彩的；颜色鲜艳的\n丰富多彩的；富有特色的；生动如画的,,,,,0,0,0:colourfulness/1:s,,
colourific,ˌkʌləˈrifik,,"adj. 产生颜色的, 传色的; 大肆渲染的, 夸张的",,,,,0,0,,,
colourimeter,,,[化] 比色计,,,,,0,0,,,
colourimeter instrument,,,un. 比色计,,,,,0,0,,,
colourimeter with lamp,,,带灯色度计,,,,,0,0,,,
colourimeters,,,[网络] 色度计,,,,,0,0,,,
colourimetric,,,[网络] 色度,,,,,0,0,,,
colourimetric analysis,,,[化] 比色分析,,,,,0,0,,,
colourimetric dosimeter,,,un. 比色剂量计,,,,,0,0,,,
colourimetric gas analyzer,,,[化] 比色式气体分析器,,,,,0,0,,,
colourimetric method,,,色度法,,,,,0,0,,,
colourimetric purity,,,色纯;比色纯度,,,,,0,0,,,
colourimetric pyrometer,,,[化] 比色高温计,,,,,0,0,,,
colourimetric radiation detector,,,色度测定辐射探测器,,,,,0,0,,,
colourimetric relay,,,光波波长继电器,,,,,0,0,,,
colourimetric shift,,,色位移,,,,,0,0,,,
colourimetric standard,,,色度标准,,,,,0,0,,,
colourimetric standard illuminant,,,彩色标准光源,,,,,0,0,,,
colourimetric standard stock solution,,,[化] 比色标准贮备液,,,,,0,0,,,
colourimetrical,,,[网络] 同色的,,,,,0,0,,,
colourimetrically,,,[网络] 以色差,,,,,0,0,,,
colourimetries,,,[网络] 色度测定,,,,,0,0,,,
Colourimetry,,,[化] 色变学; 比色法,,,,,0,0,,,
colouring,'kʌlәriŋ,"n a digestible substance used to give color to food\nn a visual attribute of things that results from the light they emit or transmit or reflect\nn the act or process of changing the color of something\nv modify or bias\nv decorate with colors\nv give a deceptive explanation or excuse for\nv affect as in thought or feeling\nv add color to\nv change color, often in an undesired manner","n. 着色, 色彩, 色调, 面色, 气色, 外貌, 伪装, 色素, 颜料, 染料, 着色剂, 特质\n[计] 着色, 染色",n:100,1,,,7663,37680,0:colour/1:i/s:colourings,,
colouring agent,,,[化] 着色剂,,,,,0,0,,,
colouring algorithm,,,[计] 着色算法,,,,,0,0,,,
colouring beer,,,un. 着色啤酒\n[网络] 深色啤酒,,,,,0,0,,,
colouring book,,,[网络] 书；本填色书；填色书,,,,,0,0,,,
colouring by tempering,,,回火着色,,,,,0,0,,,
colouring earth,,,un. 矿物颜料,,,,,0,0,,,
colouring in,,,[网络] 着色在,,,,,0,0,,,
colouring information,,,颜色信息,,,,,0,0,,,
colouring material,ˈkʌlərɪŋ məˈtiəriəl,, 色素,,,,,0,0,s:colouring materials,,
colouring materials,,, 色素\n(colouring material 的复数),,,,,0,0,0:colouring material/1:s,,
colouring matter,,,[化] 色素,,,,,0,0,,,
colouring of sinter metals,,,烧结金属的着色,,,,,0,0,,,
colouring pencil,,,[网络] 着色铅笔,,,,,0,0,,,
colouring pencils,,,[网络] 着色铅笔,,,,,0,0,,,
colouring power,,,[化] 着色力,,,,,0,0,,,
colouring stabilizer,,,固色剂,,,,,0,0,,,
colouring up,,,[网络] 着色,,,,,0,0,,,
colourings,,"plural of colouring\nn a digestible substance used to give color to food\nn a visual attribute of things that results from the light they emit or transmit or reflect\nn the act or process of changing the color of something\nv modify or bias\nv decorate with colors\nv give a deceptive explanation or excuse for\nv affect as in thought or feeling\nv add color to\nv change color, often in an undesired manner","(colouring 的复数) n. 着色, 色彩, 色调, 面色, 气色, 外貌, 伪装, 色素, 颜料, 染料, 着色剂, 特质\n[计] 着色, 染色",,,,,0,0,0:colouring/1:s,,
colouringsubstance,,,色素染料,,,,,0,0,,,
colourinoil,'kʌləraɪnɔɪl,,n. 颜料油漆,,,,,0,0,,,
colourisation,,,[网络] 着色,,,,,0,0,,,
colourise,,,[网络] 勾选着色,,,,,0,0,,,
colourised,,,[网络] 着色,,,,,0,0,,,
colouriser,,,[网络] coloereiser,,,,,0,0,,,
colourisers,,,[网络] 着色器,,,,,0,0,,,
colourises,,,[网络] 着色,,,,,0,0,,,
colourish,,,[网络] 着色,,,,,0,0,,,
colourism,,,[网络] 色彩主义；肤色论,,,,,0,0,,,
colourist,'kʌlәrist,,"n. 善于运用色彩的画家, 配色师, 着色师",,,,,34093,0,s:colourists,,
colouristic,,,"a. 色彩的, 用色的",,,,,0,0,,,
colouristical,,colouristical\n(rare) coloristic\n,,,,,,0,0,,,
colouristically,,,adv. colouristic的变形,,,,,0,0,,,
colourists,,plural of colourist,"(colourist 的复数) n. 善于运用色彩的画家, 配色师, 着色师",,,,,0,0,0:colourist/1:s,,
colourity,,,色度,,,,,0,0,,,
colourization,,,[网络] 着色,,,,,0,0,,,
colourizations,",kʌlərai'zeiʃən; -ri'z-",,n. colourize的变形,,,,,0,0,,,
colourize,'kʌlәraiz,v add color to,"vt.给…着色,使有色彩, 着彩色于(黑白影片)",,,,,0,0,,,
colourized,,,[网络] 混色,,,,,0,0,,,
colourizer,,,[网络] 着色器,,,,,0,0,,,
colourizers,,,[网络] 着色器,,,,,0,0,,,
colourizes,,,给……着色,,,,,0,0,,,
colourizing,,,给……着色,,,,,0,0,,,
colourless,'kʌlәlis,a lacking in variety and interest\na weak in color; not colorful,"a. 无色的, 无血色的, 无趣味的, 无特色的, 不生动的, 单调的, 不偏不倚的",,,,,15137,0,,,
colourless base,,,无色底釉,,,,,0,0,,,
colourless calcium aluminate glass,,,[网络] 五色钙铝酸盐玻璃,,,,,0,0,,,
colourless chromatogram,,,[化] 无色色谱,,,,,0,0,,,
colourless chromatography,,,[化] 无色色谱; 无色色谱法,,,,,0,0,,,
colourless flux,,,无色熔剂,,,,,0,0,,,
colourless game,,,不精彩的比赛,,,,,0,0,,,
colourless glass,,,无色玻璃,,,,,0,0,,,
colourless glaze,,,无色釉,,,,,0,0,,,
colourless hollow ware,,,无色空心玻璃制品,,,,,0,0,,,
colourless liquid,,,无色液体,,,,,0,0,,,
colourlessly,,,adv. colourless的变形,,,,,0,0,,,
colourlessness,,,n. colourless的变形,,,,,0,0,s:colourlessnesses,,
colourlessnesses,'kʌləlis,,colourlessness\nn.\ncolourless的变形\ncolourless\n['kʌləlis]\nadj.\ncolorless的变形\n无色的\n无血色的，苍白的；颜色阴暗的\n无特色的；不精彩的，无趣味的；单调的，枯燥的,,,,,0,0,0:colourlessness/1:s,,
colourlesssubstance,,,无色物质,,,,,0,0,,,
colourly,,,[网络] 颜色鲜艳,,,,,0,0,,,
colourmaker,,,[网络] 着色器,,,,,0,0,,,
colourmakers,,,[网络] 着色器,,,,,0,0,,,
colourman,'kʌlәmәn,,"n. 颜料商, 染色师",,,,,0,0,,,
colourmap,,,[网络] 色彩图；色彩表,,,,,0,0,,,
colourmaster,,,[网络] 颜色仪；染发高手训练班；色母,,,,,0,0,s:colourmasters,,
colourmasters,,plural of colourmaster,(colourmaster 的复数) [网络] 颜色仪；染发高手训练班；色母,,,,,0,0,0:colourmaster/1:s,,
colourmen,'kʌləmən,,n. 颜料商,,,,,0,0,,,
colourmeter,,,水色计,,,,,0,0,,,
colourometry,",kʌlә'rɔmitri",,色度学,,,,,0,0,,,
colourphobia,,colourphobia (uncountable)\nAlternative spelling of colorphobia\n,,,,,,0,0,,,
colourplate,'kʌlәpleit,,"n. 彩色版, 套色彩印图片",,,,,0,0,,,
colourplexer,,,[计] 彩色形成器,,,,,0,0,,,
Colourpoint,'kʌlәpɔint,,n. 色点猫(一种暹罗猫型短毛家猫),,,,,0,0,,,
colourpoints,,,[网络] 重点色,,,,,0,0,,,
colourprint,,,[网络] 彩色相片；奬状副本；彩页印刷,,,,,0,0,,,
colourprinted,,past tense of colourprint,(colourprint 的过去时) [网络] 彩色相片；奬状副本；彩页印刷,,,,,0,0,0:colourprint/1:p,,
colourprinting,kʌləp'rɪntɪŋ,, 彩印,,,,,0,0,0:colourprint/1:i,,
colourpuncture,,,[网络] 彩光针灸；颜色光灸,,,,,0,0,,,
colours,,"n a distinguishing emblem\nn a flag that shows its nationality\nn any material used for its color\nn a race with skin pigmentation different from the white race (especially Blacks)\nn (physics) the characteristic of quarks that determines their role in the strong interaction\nn interest and variety and intensity\nn the timbre of a musical sound\nn a visual attribute of things that results from the light they emit or transmit or reflect\nn an outward or token appearance or form that is deliberately misleading\nn the appearance of objects (or light sources) described in terms of a person's perception of their hue and lightness (or brightness) and saturation\nv modify or bias\nv decorate with colors\nv give a deceptive explanation or excuse for\nv affect as in thought or feeling\nv add color to\nv change color, often in an undesired manner","n. 国旗, 旗帜, 船旗, 军旗, 衣帽, 徽章, 绶带",,,,,0,0,1:s3/0:colour/s:colourss,,
colours of law,,,[网络] 法律色彩\n(colour of law 的复数),,,,,0,0,0:colour of law/1:s,,
colours up,,,[网络] 颜色上升,,,,,0,0,,,
colourscheme,,,彩色设计,,,,,0,0,,,
colourspace,,,un. 色空间\n[网络] 颜色格式,,,,,0,0,,,
colourss,,,"n. 国旗, 旗帜, 船旗, 军旗, 衣帽, 徽章, 绶带\n(colours 的复数)",,,,,0,0,0:colours/1:s,,
colourthermography,,,彩色体温描计术,,,,,0,0,,,
colourtron,'kʌlәtrɔŋ,,"障板式彩色显象管, 荫罩式彩色显象管",,,,,0,0,,,
colourtuft machine,,,多色地毯簇绒机,,,,,0,0,,,
colourtype,,,[网络] 颜色类别,,,,,0,0,,,
colourtypes,,,[网络] 颜色,,,,,0,0,,,
colouruniformity,,,彩色均匀性,,,,,0,0,,,
colourwash,kʌlə'wɒʃ,,vt. 上彩色涂料\nn. 彩色涂料,,,,,0,0,,,
colourwashed,,past tense of colourwash,(colourwash 的过去时) vt. 上彩色涂料\nn. 彩色涂料,,,,,0,0,0:colourwash/1:p,,
colourwashing,,,[网络] 色洗,,,,,0,0,0:colourwash/1:i,,
colourway,'kʌlәwei,,n. <英>色彩设计,,,,,28646,0,s:colourways,,
colourways,,plural of colourway,(colourway 的复数) n.<英>色彩设计,,,,,0,0,0:colourway/1:s,,
colourwise,,,[网络] 与颜色有关地,,,,,0,0,,,
colourwork,,,[网络] 色彩鲜艳,,,,,0,0,,,
coloury,'kʌlәri,,"a. 色彩丰富的, 色泽优良的",,,,,0,0,,,
colovaginal,,,"结肠阴道的,结肠阴道瘘的",,,,,0,0,,,
colovaginal fistula,,,[医] 结肠阴道瘘,,,,,0,0,,,
colovesical,kɒlʌ'vesɪkəl,,[医]结肠膀胱的，结肠膀胱瘘的,,,,,0,0,,,
colovesical fistula,,,[医] 结肠膀胱瘘,,,,,0,0,,,
colozza,,,科洛扎,,,,,0,0,,,
colozzi,,,科洛齐,,,,,0,0,,,
colp,'kɒlp,n. See Collop., [医]阴道,,,,,0,0,,,
colp(o)-,,,阴道,,,,,0,0,,,
colp-,,,[医] 阴道,,,,,0,0,,,
"colp- , colpo-",'kɔlpə; kɔlp,,"comb.form 表示“阴道”：colpitis, colposcope",,,,,0,0,,,
colpack,,,[网络] 要么戴皮桶帽,,,,,0,0,,,
colpal,,,沟的,,,,,0,0,,,
colpalgia,,,[医] 阴道痛,,,,,0,0,,,
Colpaporrhexy,,,子宫颈撕断,,,,,0,0,,,
colpate,kɒl'peɪt,,adj. 具沟的\nn. 具沟花粉\n[网络] 形的沟状；具胚槽的,,,,,0,0,,,
colpate grain,,,沟粒（花粉）,,,,,0,0,,,
colpatresia,,,[医] 阴道闭锁,,,,,0,0,,,
colpe,,,[网络] 柯尔,,,,,0,0,,,
colpectasia,,,[医] 阴道扩张,,,,,0,0,,,
colpectasis,,,[医] 阴道扩张,,,,,0,0,,,
colpectomy,,,[医] 阴道切除术,,,,,0,0,,,
colpedema,,,[医] 阴道水肿,,,,,0,0,,,
colpemphraxia,,,阴道阻塞,,,,,0,0,,,
colpemphraxis,,,[医] 阴道阻塞,,,,,0,0,,,
colpenchyma,,,n. 波壁组织,,,,,0,0,,,
colpeo,kɔl'peiәu,,山狐,,,,,0,0,,,
colpetasia,,,阴道扩张,,,,,0,0,,,
colpeurynter,,,[医] 阴道扩张袋,,,,,0,0,,,
colpeurynter introducing forceps,,,阴道扩张囊导引钳,,,,,0,0,,,
colpeurysis,,,[医] 阴道扩张术,,,,,0,0,,,
Colphos,,,吉福士胃乳,,,,,0,0,,,
colpi,,,发芽沟,,,,,0,0,,,
Colpidium,,,n. 【昆虫】豆形虫属,,,,,0,0,,,
colpismus,,,[医] 阴道痉挛,,,,,0,0,,,
colpitic,,,[医] 阴道炎的,,,,,0,0,,,
colpitis,kɔl'paitis,n inflammation of the vagina,n. [医]阴道炎,,,,,0,0,,,
colpitis emphysematosa,,,[医] 气肿性阴道炎,,,,,0,0,,,
colpitis granulosa,,,[医] 疣状阴道炎,,,,,0,0,,,
colpitis mycotica,,,"[医] 霉菌性阴道炎, 真菌性阴道炎",,,,,0,0,,,
Colpitts,,,柯比兹,,,,,0,0,,,
colpitts bridge,,,柯匹茨电桥,,,,,0,0,,,
Colpitts circuit,,,[电] 柯耳匹兹电路,,,,,0,0,,,
Colpitts oscillator,,,[电] 柯耳匹兹振荡器,,,,,0,0,,,
colplanate,,,"扁的,扁平的",,,,,0,0,,,
Colpo,,,[地名] 科尔波 ( 法 ),,,,,0,0,,,
colpo-,,,[医] 阴道,,,,,0,0,,,
colpo-parovariocystectomy,,,阴道式卵巢冠囊肿切除术,,,,,0,0,,,
colpo-ureterocystotomy,,,[医] 阴道膀胱输尿管切开术,,,,,0,0,,,
colpo-ureterotomy,,,[医] 阴道输尿管切开术,,,,,0,0,,,
Colpo-Urethrocystopexy,,,阴道-尿道膀胱固定术,,,,,0,0,,,
colpoaporrhexis,,,阴道穹窿裂伤,,,,,0,0,,,
colpocace,,,[医] 阴道坏疽,,,,,0,0,,,
colpocele,,n hernia projecting into the vagina,[医] 阴道疝; 阴道脱垂,,,,,0,0,s:colpoceles,,
colpoceles,,,[医] 阴道疝; 阴道脱垂\n(colpocele 的复数),,,,,0,0,0:colpocele/1:s,,
colpoceliocentesis,,,[医] 阴道式腹腔穿刺术,,,,,0,0,,,
colpoceliotomy,,,[医] 阴道式剖腹术,,,,,0,0,,,
Colpocentesis,,,阴道穿剌术,,,,,0,0,,,
colpocephaly,,,[网络] 空洞脑；枕角扩大,,,,,0,0,,,
colpocervical,,,adj. 【解剖学】阴道颈的,,,,,0,0,,,
colpocleisis,,,[医] 阴道闭合术,,,,,0,0,,,
colpocystitis,,n inflammation of the vagina and bladder,[医] 阴道膀胱炎,,,,,0,0,,,
colpocysto-ureterocystotomy,,,[医] 阴道膀胱壁切开输尿管露出术,,,,,0,0,,,
colpocysto-ureterotomy,,,[医] 阴道膀胱输尿管切开术,,,,,0,0,,,
colpocystocele,,n hernia in which the urinary bladder protrudes through the wall of the vagina; sometimes occurs after childbirth,[医] 阴道内膀胱膨出,,,,,0,0,s:colpocystoceles,,
colpocystoceles,,,[医] 阴道内膀胱膨出\n(colpocystocele 的复数),,,,,0,0,0:colpocystocele/1:s,,
colpocystoplasty,,,[医] 阴道膀胱成形术,,,,,0,0,,,
colpocystosyrinx,,,[医] 阴道膀胱瘘,,,,,0,0,,,
colpocystotomy,,,[医] 阴道膀胱切开术,,,,,0,0,,,
colpocystoureterocystotomy,,,阴道膀胱壁切开输尿管口露出术,,,,,0,0,,,
colpocystoureterotomy,,,阴道膀胱输尿管切开术,,,,,0,0,,,
colpocytogram,,,[医] 阴道细胞涂片谱,,,,,0,0,,,
colpocytology,,,阴道细胞学,,,,,0,0,,,
Colpoda,kɔl'pəudə,,n. 【昆虫】肾形虫属,,,,,0,0,,,
colpodesmorrhaphy,,,[医] 阴道括约肌缝术,,,,,0,0,,,
Colpodi dae,,,n. 【无脊椎动物】肾形科,,,,,0,0,,,
colpodida,,,肾形(纤虫)目,,,,,0,0,,,
Colpodium,,,[网络] 小沿沟草属,,,,,0,0,,,
colpodynia,,,[医] 阴道痛,,,,,0,0,,,
colpoepisiorrhaphy,,,[医] 外阴阴道缝术,,,,,0,0,,,
colpography,,,阴道造影术,,,,,0,0,,,
colpogynon,,,双醋羟雌酮,,,,,0,0,,,
colpohy perplasia,,,阴道黏膜增生,,,,,0,0,,,
colpohyperplasia,,,[医] 阴道粘膜增生,,,,,0,0,,,
colpohyperplasia cystica,,,[医] 囊肿性阴道粘膜增生,,,,,0,0,,,
colpohyperplasia emphysematosa,,,[医] 气肿性阴道粘膜增生,,,,,0,0,,,
Colpohyperplasy,,,阴道组织增殖,,,,,0,0,,,
colpohysterctomy,,,阴道式子宫切除术,,,,,0,0,,,
colpohysterectomy,,,[医] 阴道(式)子宫切除术,,,,,0,0,,,
colpohysteropexy,,,[医] 阴道(式)子宫固定术,,,,,0,0,,,
colpohysterorrhaphy,,,[医] 阴道(式)子宫缝术,,,,,0,0,,,
colpohysteroscope,,,阴道子宫镜,,,,,0,0,,,
colpohysterosope,,,阴道子宫镜,,,,,0,0,,,
colpohysterotomy,,,[医] 阴道(式)子宫切开术,,,,,0,0,,,
colpoid,,,拟沟,,,,,0,0,,,
colpoidorate,,,具拟沟孔的,,,,,0,0,,,
colpolaparotomy,,,[医] 阴道(式)剖腹术,,,,,0,0,,,
Colpomenia,,,n.囊藻属(萱藻科),,,,,0,0,,,
colpomenia sinuosa,,,囊藻,,,,,0,0,,,
colpomenia sinuosa (roth) derb. et sol.,,,囊藻,,,,,0,0,,,
colpomicroscope,,,阴道显微镜,,,,,0,0,,,
colpomicroscopic,,,"阴道显微镜的,阴道显微镜检查的",,,,,0,0,,,
colpomicroscopy,,,阴道显微镜检法,,,,,0,0,,,
colpomycosis,,,"[医] 霉菌性阴道炎, 真菌性阴道炎",,,,,0,0,,,
colpomyomectomy,,,[医] 阴道(式)子宫肌瘤切除术,,,,,0,0,,,
colpomyomotomy,,,[医] 阴道(式)子宫肌瘤切除术,,,,,0,0,,,
colpon,,,[网络] 。,,,,,0,0,,,
colpoovariectomy,,,[医] 阴道(式)卵巢切除术,,,,,0,0,,,
colpoparovariocystectomy,,,阴道式卵巢冠囊肿切除术,,,,,0,0,,,
colpopathy,,,[医] 阴道病,,,,,0,0,,,
colpoperineal laceration,,,会阴阴道裂伤,,,,,0,0,,,
colpoperineoplasty,,,[医] 阴道会阴成形术,,,,,0,0,,,
colpoperineorrhaphy,,,[医] 阴道会阴缝术,,,,,0,0,,,
colpoperineotomy,,,阴道会阴切开术,,,,,0,0,,,
colpopexy,,,[医] 阴道固定术,,,,,0,0,,,
colpoplasty,,,[医] 阴道成形术,,,,,0,0,,,
colpopoiesis,,,[医] 阴道成形术,,,,,0,0,,,
colpopolypus,,,[医] 阴道息肉,,,,,0,0,,,
colpoproctocele,,,阴道直肠膨出,,,,,0,0,,,
colpoptosis,",kɔlpɔp'tәusis",,"[医]阴道脱垂, 阴道下垂",,,,,0,0,,,
colporate,,,孔沟,,,,,0,0,,,
colporate grain,,,沟孔粒（花粉）,,,,,0,0,,,
colporectocele,,,阴道直肠膨出,,,,,0,0,,,
colporectopexy,,,[医] 阴道直肠固定术,,,,,0,0,,,
colpormon,,,[化] 双醋羟雌酮,,,,,0,0,,,
colporoidate,,,具拟孔沟的,,,,,0,0,,,
colporrhagia,,,[医] 阴道出血,,,,,0,0,,,
colporrhaphia,,,阴道缝合术,,,,,0,0,,,
colporrhaphies,,,n. 阴道缝合术\n[网络] 阴道缝术；医阴道缝术；阴道整形手术,,,,,0,0,,,
colporrhaphy,kɔl'pɔ:rәfi,,n. [医]阴道缝(合)术,,,,,0,0,,,
colporrhaphy needle,,,阴道缝合用针,,,,,0,0,,,
colporrhea,,,阴道漏,,,,,0,0,,,
colporrhexis,,,[医] 阴道破裂,,,,,0,0,,,
colporrhoea,,,[医] 阴道粘膜溢,,,,,0,0,,,
colportage,"'kɔl,pɔ:tidʒ","n. The distribution of religious books, tracts, etc., by\n   colporteurs.",n. 宗教书刊贩卖,,,,,0,0,s:colportages,,
colportages,"'kɒl,pɔːtɪdʒ",,n. 宗教书刊贩卖,,,,,0,0,0:colportage/1:s,,
colported,,,[网络] 收藏,,,,,0,0,,,
colporter,,n. Same as Colporteur.,"贩卖, 挑卖, 兜售, 传播",,,,,0,0,,,
colporters,,,[网络] 殖民地,,,,,0,0,,,
colporteur,'kɒl.pɒ:tә,"n. A hawker; specifically, one who travels about selling\n   and distributing religious tracts and books.","n. 卖宗教书小贩, 叫卖书报的小贩",,,,,0,0,s:colporteurs,,
colporteurs,,"plural of colporteur\nn. A hawker; specifically, one who travels about selling\n   and distributing religious tracts and books.","(colporteur 的复数) n. 卖宗教书小贩, 叫卖书报的小贩",,,,,0,0,0:colporteur/1:s,,
colporting,,,[网络] 收集,,,,,0,0,,,
Colpos,,,吉福士凝胶,,,,,0,0,,,
colposalpingectomy,,,[医] 阴道(式)输卵管切除术,,,,,0,0,,,
colposcope,'kɔlpәskәup,,[医]阴道镜,,,,,0,0,,,
colposcopes,,,n. 阴道镜\n[网络] 阴道内窥镜,,,,,0,0,,,
colposcopic,,,[医]阴道镜的，阴道镜检查的,,,,,0,0,,,
colposcopical,,,[网络] 阴道镜检查的,,,,,0,0,,,
colposcopies,kɔl'pɔskəpi,,n. 阴道镜,,,,,0,0,0:colposcopy/1:s,,
colposcopist,,,[网络] 阴道镜医师,,,,,0,0,,,
colposcopists,,,阴道镜专家,,,,,0,0,,,
colposcopy,,,[医] 阴道窥器检查,,,,,0,0,s:colposcopies,,
Colposeptine,,,可宝净,,,,,0,0,,,
colpospasm,,,[医] 阴道痉挛,,,,,0,0,,,
colpospasm(colpismus),,,阴道痉挛,,,,,0,0,,,
colpospasmus,,,阴道痉挛,,,,,0,0,,,
colpospathy,,,阴道病,,,,,0,0,,,
colpospisiorrhaphy,,,[医] 阴道闭合术,,,,,0,0,,,
colpostat,,,[医] 阴道插物保持器,,,,,0,0,,,
colpostegnosis,,,[医] 阴道狭窄,,,,,0,0,,,
colpostenosis,,,[医] 阴道狭窄,,,,,0,0,,,
colpostenotomy,,,[医] 阴道狭窄切开术,,,,,0,0,,,
colposuspension,,,[网络] 阴道悬吊术；阴道尿道悬吊术,,,,,0,0,,,
colposynizesis,,,[医] 阴道狭窄,,,,,0,0,,,
colpotherm,,,[医] 阴道电热器,,,,,0,0,,,
colpotomies,,,[妇产] 阴道切开术,,,,,0,0,,,
colpotomy,kәl'pɔtәmi,,n. [医]阴道切开术,,,,,0,0,,,
colpotrochia pilosa pilosa,,,毛圆胸姬蜂指名亚种,,,,,0,0,,,
Colpotrofin,,,康宝婷,,,,,0,0,,,
Colpotrophine,,,更宝芬,,,,,0,0,,,
colpoureterocystotomy,,,阴道膀胱输尿管切开术,,,,,0,0,,,
colpoureterotomy,,,阴道输尿管切开术,,,,,0,0,,,
colpourethrotomy,,,阴道尿道切开术,,,,,0,0,,,
colpouterine,,,阴道子宫的,,,,,0,0,,,
colpouterine rupture,,,[医] 阴道子宫破裂,,,,,0,0,,,
Colpovis,,,雌三醇环戊醚,,,,,0,0,,,
colpoxeroses,,,[医] 阴道干燥\n(colpoxerosis 的复数),,,,,0,0,0:colpoxerosis/1:s,,
colpoxerosis,,n a condition in which the vagina is unusually dry,[医] 阴道干燥,,,,,0,0,s:colpoxeroses,,
Colpoys B.,,,[地名] 科尔波伊斯湾 ( 加 ),,,,,0,0,,,
Colpro,,,二甲去氢孕酮,,,,,0,0,,,
Colprone,,,二甲去氢孕酮,,,,,0,0,,,
colpus,'kɔlpәs,,"乳间, 胸前",,,,,0,0,,,
colpus median,,,沟中线,,,,,0,0,,,
colpus membrane,,,沟膜,,,,,0,0,,,
colpus transversalis,,,横沟,,,,,0,0,,,
Colq.,,,[网络] 崩积层；碎石层,,,,,0,0,,,
Colquechaca,,,[地名] 科尔克查卡 ( 玻 ),,,,,0,0,,,
Colquhar,,,科库哈,,,,,0,0,,,
colquhoun,,," [人名] [苏格兰人姓氏] 卡胡恩住所名称，来源于盖尔语，含义是“隐匿处，偏僻处，或树林+峡谷”(nook,corner,or wood+narrow)",,,,,0,0,s:colquhouns,,
Colquhounia,,,n. 火把花属,,,,,0,0,,,
Colquhounia coccinea,,,n. 深红火把花,,,,,0,0,,,
Colquhounia compta,,,n. 金江火把花,,,,,0,0,,,
Colquhounia elegans,,,n. 秀丽火把花,,,,,0,0,,,
Colquhounia vestita,,,n. 白毛火把花,,,,,0,0,,,
colquhouns,,," [人名] [苏格兰人姓氏] 卡胡恩住所名称，来源于盖尔语，含义是“隐匿处，偏僻处，或树林+峡谷”(nook,corner,or wood+narrow)\n(colquhoun 的复数)",,,,,0,0,0:colquhoun/1:s,,
Colquiri,,,[地名] 科尔基里 ( 玻 ),,,,,0,0,,,
Colquiriite,,,氟铝钙锂石,,,,,0,0,,,
Colquit.,,,[网络] 奎特,,,,,0,0,,,
colquitt,,, [人名] 科尔基特; [地名] [美国] 科尔奎特,,,,,0,0,,,
Colquitt County,,,[地名] 科尔奎特县 ( 美 ),,,,,0,0,,,
colquscu (cholkushchu),,,策尔库什楚,,,,,0,0,,,
Colratoxine,,,"克痛宁,克痛灵,眼镜蛇神经毒素",,,,,0,0,,,
colre,,,[网络] 科雷尔,,,,,0,0,,,
COLREG,,,Regulations Governing Collisions 规章治理冲突,,,,,0,0,,,
COLREGS,,,国际海上避碰规则,,,,,0,0,,,
Colroy,,,科华,,,,,0,0,,,
cols,,n a pass between mountain peaks,"n. 报表列数；关口, 峡路（col的复数）",,,,,0,0,0:col/1:s,,
cols-saw,,,冷锯,,,,,0,0,,,
cols.,,,abbr. (=computer-oriented language)【计】面向计算机的语言\nn. 坳口；【气】鞍状等压线\n[网络] 闭合列,,,,,0,0,0:col.,,
colsa,,,[网络] 科尔萨；哥尔沙；考尔萨,,,,,0,0,,,
colsar,,,[网络] 被被,,,,,0,0,,,
colsed tank,,,[化] 密闭贮罐,,,,,0,0,,,
colsh,,,[网络] 咖色,,,,,0,0,,,
colsie,,,[网络] 哥们,,,,,0,0,,,
Colson,,,科尔森（人名）,,,,,43744,0,s:colsons,,
colson's ebulliometer,,,考尔松沸点计,,,,,0,0,,,
colsons,,,科尔森（人名）,,,,,0,0,0:colson/1:s,,
Colsterworth,,,[地名] 科尔斯特沃思 ( 英 ),,,,,0,0,,,
Colston,,,n. (Colston)人名；(英)科尔斯顿,,,,,43410,0,s:colstons,,
Colston Bassett,,,[地名] 科尔斯顿巴西特 ( 英 ),,,,,0,0,,,
colstons,,,n. (Colston)人名；(英)科尔斯顿\n(colston 的复数),,,,,0,0,0:colston/1:s,,
colstrip,,, [地名] [美国] 科尔斯特里普,,,,,0,0,,,
colsulanyde,,,"[医] 磺胺, 氨苯磺胺",,,,,0,0,,,
colt,kәult,n. a young male horse under the age of four\nn. a kind of revolver,"n. 小马, 苔绳, 无经验的年轻人",n:100,1,,toefl gre,16423,15287,s:colts,,
colt distemper,,,"[医] 腺疫, 传染性卡他(幼马呼吸道传染病)",,,,,0,0,,,
colt evil,,,[网络] 柯尔特邪恶,,,,,0,0,,,
colt ill,,,[医] 腺疫(幼马),,,,,0,0,,,
Colt Peacemaker,,,科尔特手枪之一种,,,,,0,0,,,
colt's,,,[网络] 马队足球,,,,,0,0,,,
colt's tail,,,na. 【气】凹凸云,,,,,0,0,,,
colt's tooth,,,[网络] 马驹的牙齿,,,,,0,0,,,
colt's-tail,,,[医] 飞蓬,,,,,0,0,,,
"Colt, Samuel",kəult,,科尔特(1814～1862，美国科尔特6发左轮手枪发明者),,,,,0,0,,,
colt-distemper,,,un. 马腺疫,,,,,0,0,,,
colt-evil,,,[网络] 柯尔特邪恶,,,,,0,0,,,
colt-ill,,,[医] 腺疫(幼马),,,,,0,0,,,
colt-pixie,,,[网络] 柯蒂小精灵,,,,,0,0,,,
colt-staff,,,[网络] 柯尔特人,,,,,0,0,,,
coltage,,,[网络] 压,,,,,0,0,,,
Coltalin,,,幸福科达琳,,,,,0,0,,,
coltan,,, 钶钽铁矿,,,,,0,0,s:coltans,,
coltans,,,[网络] col ans,,,,,0,0,0:coltan/1:s,,
coltart,,, [人名] [北方英格兰人、苏格兰人姓氏] 科尔塔特 Coulthard的变体,,,,,0,0,s:coltarts,,
coltarts,,, [人名] [北方英格兰人、苏格兰人姓氏] 科尔塔特 Coulthard的变体\n(coltart 的复数),,,,,0,0,0:coltart/1:s,,
colte,,,[网络] 天马；天马胶带系列,,,,,0,0,s:coltes,,
coltec,,,[网络] 寇特；寇特工业集团,,,,,0,0,,,
colted,kəʊlt,,n. 【商标、军械】科尔特左轮手枪,,,,,0,0,,,
colteity,,,[网络] 可乐,,,,,0,0,,,
coltelli,,,[网络] 科泰利,,,,,0,0,,,
colten,,, [人名] 科尔滕,,,,,0,0,,,
colter,'kәultә,n. a sharp steel wedge that precedes the plow and cuts vertically through the soil,n. 犁刀,,,,,0,0,s:colters,,
colter arm,,,刀柄,,,,,0,0,,,
colter boot,,,开沟器;开沟器体,,,,,0,0,,,
colter clamp,,,犁头卡夹,,,,,0,0,,,
colter clip,,,犁头卡夹,,,,,0,0,,,
colter dip,,,犁头卡夹,,,,,0,0,,,
colter disc,,,"圆盘刀,圆犁刀",,,,,0,0,,,
colter disk,,,圆盘刀,,,,,0,0,,,
colter drill,,,un. 带锄式开沟器的条播机,,,,,0,0,,,
colter lift,,,开沟器起落机构,,,,,0,0,,,
Colter Peak,,,[地名] 科尔特峰 ( 美 ),,,,,0,0,,,
colter pk.,,,科尔特峰,,,,,0,0,,,
colter raising mechanism,,,开沟器起落机构,,,,,0,0,,,
colter seeder,,,带开沟器的播种机,,,,,0,0,,,
colter shank,,,(圆)犁刀柄,,,,,0,0,,,
colterol,,,[网络] 可尔特罗；科尔特罗；库特罗,,,,,0,0,,,
colters,,,n. 犁刀\n[网络] 犁头；柯尔特；柯特,,,,,0,0,0:colter/1:s,,
coltes,,,[网络] 天马；天马胶带系列\n(colte 的复数),,,,,0,0,0:colte/1:s,,
coltheart,,,[网络] 海特,,,,,0,0,s:colthearts,,
colthearts,,,[网络] 海特\n(coltheart 的复数),,,,,0,0,0:coltheart/1:s,,
colthood,,colthood (uncountable)\nThe state of being a colt; the youth of a (male) horse.\n,,,,,,0,0,,,
colthorp pride cotton,,,科托普棉(美国产),,,,,0,0,,,
colthurst,,,[网络] 咖喱,,,,,0,0,s:colthursts,,
colthursts,,,[网络] 咖喱\n(colthurst 的复数),,,,,0,0,0:colthurst/1:s,,
coltie,,,[网络] 柯蒂,,,,,0,0,,,
Coltilen,,,可的松,,,,,0,0,,,
coltin,,,[网络] 男性；令我期待,,,,,0,0,,,
colting,,-ing form of colt\nn. a young male horse under the age of four\nn. a kind of revolver,"(colt 的现在分词) n. 小马, 苔绳, 无经验的年轻人",,,,,0,0,0:colt/1:i,,
Coltirot,,,短杆菌素,,,,,0,0,,,
coltish,'kәultiʃ,s. given to merry frolicking,"a. 小马似的, 蹦蹦跳跳的, 不守纪律的",j:100,,,gre,0,41676,,,
Coltishall,,,[地名] 科尔蒂瑟尔 ( 英 ),,,,,0,0,,,
coltishly,,,adv. coltish的变形,,,,,0,0,,,
coltishness,,,n. coltish的变形,,,,,0,0,,,
coltivirus,,,[网络] 科罗拉多壁虱热病毒；呼肠病毒科考蒂病毒；科州蜱传热病毒属,,,,,0,0,,,
coltlike,,,[网络] t t,,,,,0,0,,,
coltman,,, [人名] [英格兰人姓氏] 科尔特曼 Colt的变体,,,,,0,0,s:coltmen,,
coltmen,,,n. (Coltman)人名；(英)科尔特曼,,,,,0,0,0:coltman/1:s,,
COLTON,,,科尔顿,,,,,46997,0,,,
coltons,,,[网络] 林贝聿嘉,,,,,0,0,,,
coltrain,,,[网络] 列车,,,,,0,0,,,
Coltramyl,,,硫代秋水仙碱苷,,,,,0,0,,,
Coltrane,,,n. (Coltrane)人名；(英)科尔特兰,,,,,35183,0,s:coltranes,,
"Coltrane, John",'kəultrein,,"Coltrane, John (William)\n['kəultrein]\n科尔特兰(1926～1967，美国爵士乐萨克管演奏家、作曲家)",,,,,0,0,,,
"Coltrane, John (William)",'kəultrein,,科尔特兰(1926～1967，美国爵士乐萨克管演奏家、作曲家),,,,,0,0,,,
"Coltrane, John William",'kəultrein,,"Coltrane, John (William)\n['kəultrein]\n科尔特兰(1926～1967，美国爵士乐萨克管演奏家、作曲家)",,,,,0,0,,,
coltranes,,,n. (Coltrane)人名；(英)科尔特兰\n(coltrane 的复数),,,,,0,0,0:coltrane/1:s,,
Coltrax,,,硫代秋水仙碱苷,,,,,0,0,,,
coltricia cinnamomea,,,肉桂色集毛菌,,,,,0,0,,,
coltricia perennis,,,多年生集毛菌,,,,,0,0,,,
Coltromy,,,硫代秋水仙碱苷,,,,,0,0,,,
colts,'kəʊlts,n. a young male horse under the age of four\nn. a kind of revolver,n. 小雄马( colt的复数形式 ),,,,,0,0,0:colt/1:s,,
Colts Neck,,,[地名] 科尔茨内克 ( 美 ),,,,,0,0,,,
coltsfeet,'kəʊltsfʊt,,n. 款冬,,,,,0,0,0:coltsfoot/1:s,,
coltsfoot,'kәultsfut,n. perennial herb with large rounded leaves resembling a colt's foot and yellow flowers appearing before the leaves do; native to Europe but now nearly cosmopolitan; used medicinally especially formerly,n. 款冬\n[医] 款冬,,,,,0,0,s:coltsfeet,,
coltsfoots,,,n. 【植】款冬\n[网络] 款冬蒲公英；款冬茶；冬花,,,,,0,0,,,
coltskin,,,[网络] 小马皮,,,,,0,0,,,
colture,,,"培养,培养物",,,,,0,0,,,
coluber,,n. A genus of harmless serpents., [医]游蛇属,,,,,0,0,s:colubers,,
Coluber constrictor,,,[网络] 黑蛇；美洲黑蛇；缢缩游蛇,,,,,0,0,s:coluber constrictors,,
coluber constrictors,,,[网络] 黑蛇；美洲黑蛇；缢缩游蛇\n(coluber constrictor 的复数),,,,,0,0,0:coluber constrictor/1:s,,
colubers,,, [医]游蛇属\n(coluber 的复数),,,,,0,0,0:coluber/1:s,,
COLUBRAIIDAE,,,小梭螺科,,,,,0,0,,,
colubraria cumingi,,,邱氏草人螺,,,,,0,0,,,
colubraria fautomei,,,布纹螺,,,,,0,0,,,
colubraria muricata,,,花斑布纹螺,,,,,0,0,,,
colubraria nitidula,,,光泽布纹螺,,,,,0,0,,,
colubraria tortuosa,,,扭弯布纹螺,,,,,0,0,,,
colubrid,'kɔlubrid,n mostly harmless temperate-to-tropical terrestrial or arboreal or aquatic snakes,n. 黄颔蛇,,,,,0,0,s:colubrids,,
colubrid snake,ˈkɔlubrid sneik,, [医]黄颌蛇,,,,,0,0,s:colubrid snakes,,
colubrid snakes,,,[网络] 无毒蛇,,,,,0,0,0:colubrid snake/1:s,,
Colubridae,,n nonvenomous snakes; about two-thirds of all living species,"[医] 游蛇科, 黄额蛇科",,,,,0,0,s:colubridaes,,
colubridae venom,,,[医] 游蛇毒,,,,,0,0,,,
colubridae venom poisoning,,,沟牙蛇毒中毒,,,,,0,0,,,
colubridaes,kə'lu:brədi:,,n. [脊椎] 游蛇科,,,,,0,0,0:colubridae/1:s,,
colubrids,,,[网络] 无毒蛇类；新蛇；游蛇科,,,,,0,0,0:colubrid/1:s,,
colubriferous,,,[网络] 可怜的,,,,,0,0,,,
colubrin,,,可鲁布林,,,,,0,0,,,
Colubrina,,,[网络] 蛇藤属；灰蓝扁尾海蛇；枣属,,,,,0,0,s:colubrinas,,
Colubrina asiatica,,,n. 蛇藤,,,,,0,0,,,
Colubrina pubescens,,,n. 毛蛇藤,,,,,0,0,,,
Colubrinae,,,[医] 游蛇亚科,,,,,0,0,,,
colubrinas,,,[网络] 蛇藤属；灰蓝扁尾海蛇；枣属\n(colubrina 的复数),,,,,0,0,0:colubrina/1:s,,
colubrine,'kɒljubrain,a. like or related to snakes of the genus Coluber.\na. Like a snake; cunning; crafty.,"a. 蛇的, 蛇似的\n[化] 可鲁勃林(有α-、β-两种)",,,,,0,0,,,
colubrinol,,,蛇藤醇,,,,,0,0,,,
colubrinum,,,[网络] 褐色沙拐枣,,,,,0,0,,,
colubrinus,,,[网络] 竹节花蛇鳗；斑竹花蛇鳗,,,,,0,0,,,
colucci,,,[网络] 哥住在科鲁奇；科卢奇；克鲁奇,,,,,0,0,s:coluccis,,
coluccio,,,科卢乔,,,,,0,0,,,
coluccis,,,[网络] 哥住在科鲁奇；科卢奇；克鲁奇\n(colucci 的复数),,,,,0,0,0:colucci/1:s,,
colugo,kә'lu:^әu,n arboreal nocturnal mammal of southeast Asia and the Philippines resembling a lemur and having a fold of skin on each side from neck to tail that is used for long gliding leaps,n. 猫猴,,,,,0,0,s:colugos,,
colugoes,kə'luːgəʊ,,n. 猫猴,,,,,0,0,0:colugo/1:s,,
colugos,,plural of colugo\nn arboreal nocturnal mammal of southeast Asia and the Philippines resembling a lemur and having a fold of skin on each side from neck to tail that is used for long gliding leaps,(colugo 的复数) n. 猫猴,,,,,0,0,0:colugo/1:s,,
colui,,,[网络] 科瑞,,,,,0,0,,,
colulus,'kɔlәlәs,,舌形体,,,,,0,0,,,
colum,'kɔlәm,,n. 科勒姆（姓氏）,,,,,0,0,s:colums,,
Colum penis,,,<拉>阴茎颈,,,,,0,0,,,
"Colum, Padraic",'kɔləm,,科拉姆(1881～1972，爱尔兰诗人、剧作家，1914年以后定居美国),,,,,0,0,,,
Colum.,,,n. 科勒姆\n[网络] 哥伦比亚；哥伦比亚大学,,,,,0,0,,,
columax magnet,,,科努马克斯磁铁(钴24~25%，铝8%，镍13%，铜3%，铌0.7%~1%，其余铁),,,,,0,0,,,
columb,,,n. (Columb)人名；(罗)科伦布,,,,,0,0,,,
columb friction,,,Columb摩擦,,,,,0,0,,,
columb-,,,n. (Columb)人名；(罗)科伦布,,,,,0,0,,,
Columba,kә'lʌmbә,n. a constellation in the southern hemisphere near Puppis and Caelum\nn. type genus of the Columbidae: typical pigeons,n. 天鸽座\n[建] 咖伦巴,,,,,27136,0,s:columbas,,
Columba fasciata,,,[网络] 斑尾鸽,,,,,0,0,s:columba fasciatas,,
columba fasciatas,,,[网络] 斑尾鸽\n(columba fasciata 的复数),,,,,0,0,0:columba fasciata/1:s,,
columba janthina janthina,,,黑林鸽；乌鸠,,,,,0,0,,,
Columba livia,,,[网络] 原鸽；家鸽；野鸽,,,,,0,0,s:columba livias,,
columba livias,,,[网络] 原鸽；家鸽；野鸽\n(columba livia 的复数),,,,,0,0,0:columba livia/1:s,,
Columba palumbus,,,[网络] 斑尾林鸽,,,,,0,0,s:columba palumbuss,,
columba palumbuss,,,[网络] 斑尾林鸽\n(columba palumbus 的复数),,,,,0,0,0:columba palumbus/1:s,,
columba pulchricollis,,,灰林鸽；山粉鸟,,,,,0,0,,,
"Columba, Saint",kə'lʌmbə,,圣科伦巴（521～597，爱尔兰传教士，向苏格兰传教，使苏格兰皈依基督教）,,,,,0,0,,,
columbaceous,,,[网络] 灰白色,,,,,0,0,,,
Columbacz fly,,,[医] 哥伦巴茨蚋,,,,,0,0,,,
Columbae,,,[网络] 鸽血变原虫；鸽毛细线虫；哥伦伯,,,,,0,0,,,
columbaire,,,[网络] 哥伦比亚,,,,,0,0,,,
columbamine,,,[化] 非洲防己碱\n[医] 非洲防已硷,,,,,0,0,,,
Columban,,,[网络] 高隆庞；克伦斌；圣高隆邦,,,,,0,0,s:columbans,,
columban spirits,,,[建] 甲醇,,,,,0,0,,,
columbans,kə'lʌmbə,,Columban\nadj.\nColumba的变形\nColumba\n[kə'lʌmbə]\nn.\n[所有格]-bae ／-bi:／ 【天文学】天鸽(星)座[亦称作Columba Noae ／'nəui:／],,,,,0,0,0:columban/1:s,,
columbanus,,,[网络] 圣高隆邦；科伦巴努,,,,,0,0,s:columbanuss,,
columbanuss,,,[网络] 圣高隆邦；科伦巴努\n(columbanus 的复数),,,,,0,0,0:columbanus/1:s,,
Columbares,,,[地名] 科伦巴雷斯山 ( 西 ),,,,,0,0,,,
columbaria,,pl.  of Columbarium,n. 骨灰安置所；放骨灰瓮的壁龛 (columbarium的变形),,,,,0,0,,,
columbarian,,,[网络] 骨灰龛,,,,,0,0,,,
columbaries,'kɒləmbərɪ,pl.  of Columbary,n. 鸽棚,,,,,0,0,0:columbary/1:s,,
columbariid,,,[网络] 哥伦比亚,,,,,0,0,,,
columbariids,,,[网络] 哥伦比亚,,,,,0,0,,,
columbarium,kɒlәm'bєәriәm,n. a niche for a funeral urn containing the ashes of the cremated dead\nn. a sepulchral vault or other structure having recesses in the walls to receive cinerary urns,"n. 骨灰安置所\n[法] 骨灰安置所, 骨灰库",n:100,,,,0,45872,s:columbariums,,
columbarium pagoda costatum,,,棘尾纺轴螺,,,,,0,0,,,
columbarium pagoda pagoda,,,纺轴螺,,,,,0,0,,,
columbarium pagoda stellatum,,,齿轮纺轴螺,,,,,0,0,,,
columbariums,",kɒl(ə)m'beərɪəm",,n. 骨灰安置所；放骨灰瓮的壁龛,,,,,0,0,0:columbarium/1:s,,
columbarius,,,[网络] 灰背隼,,,,,0,0,s:columbariuss,,
columbariuss,,,[网络] 灰背隼\n(columbarius 的复数),,,,,0,0,0:columbarius/1:s,,
columbary,'kɒlәmbәri,n a birdhouse for pigeons,n. 鸽棚,,,,,0,0,s:columbaries,,
columbas,kə'lʌmbə,,n. [天] 天鸽座；鸽属,,,,,0,0,0:columba/1:s,,
columbate,kә'lʌmbeit,n. A salt of columbic acid; a niobate. See Columbium.,[建] 铌酸盐,,,,,0,0,,,
columbates,,,[网络] 钶酸盐类,,,,,0,0,,,
columbe,,,[网络] 哥伦比亚,,,,,0,0,,,
COLUMBELLIDAE,,,牙螺科,,,,,0,0,,,
columbered,,,[网络] 吵架,,,,,0,0,,,
Columbia,kә'lʌmbiә,n. a North American river; rises in southwestern Canada and flows southward across Washington to form the border between Washington and Oregon before emptying into the Pacific; known for its salmon runs in the spring\nn. a town in west central Tennessee\nn. capital and largest city in South Carolina; located in central South Carolina,n. 哥伦比亚,,,,,10009,0,s:columbias,,
Columbia blue,,,[网络] 哥伦比亚蓝；淡蓝色；哥伦比亚大学,,,,,0,0,,,
columbia broadcasting system,,,哥伦比亚广播公司,,,,,0,0,,,
Columbia City,,,[地名] 哥伦比亚城 ( 美 ),,,,,0,0,,,
Columbia County,,,[地名] 哥伦比亚县 ( 美 ),,,,,0,0,,,
Columbia disaster,,,[网络] 哥伦比亚号遇难,,,,,0,0,,,
Columbia Encyclopedia,,,哥伦比亚百科全书,,,,,0,0,,,
Columbia Falls,,,[地名] 哥伦比亚福尔斯 ( 美 ),,,,,0,0,,,
Columbia Gas System,,,[网络] 哥伦比亚天然气系统公司；哥伦比亚煤气公司；哥伦比亚瓦斯系统,,,,,0,0,,,
columbia gl.,,,哥伦比亚冰河,,,,,0,0,,,
Columbia Glacier,,,[地名] 哥伦比亚冰川 ( 美 ),,,,,0,0,,,
Columbia Heights,,,[地名] 哥伦比亚海茨 ( 美 ),,,,,0,0,,,
Columbia Hills Corners,,,[地名] 哥伦比亚希尔斯科纳斯 ( 美 ),,,,,0,0,,,
Columbia Icefield,,,[地名] 哥伦比亚冰原 ( 加 ),,,,,0,0,,,
columbia journalism review,,,{美国}《哥伦比亚新闻评论》,,,,,0,0,,,
columbia l.,,,哥伦比亚湖,,,,,0,0,,,
Columbia Lake,,,[地名] 哥伦比亚莱克 ( 加 ),,,,,0,0,,,
columbia mental maturity scale,,,哥伦比亚心理成熟量度,,,,,0,0,,,
Columbia Mountains,,,[网络] 哥伦比亚山脉,,,,,0,0,,,
Columbia Mts.,,,[地名] 哥伦比亚山 ( 加 ),,,,,0,0,,,
Columbia National Wildlife Refuge,,,[地名] 哥伦比亚国家野生动物保护区 ( 美 ),,,,,0,0,,,
columbia pictures,,,哥伦比亚电影公司,,,,,0,0,,,
columbia pk.,,,哥伦比亚峰,,,,,0,0,,,
columbia plat.,,,哥伦比亚高原,,,,,0,0,,,
columbia plateau,,, 哥伦比亚高原,,,,,0,0,,,
Columbia R.,,,[地名] 哥伦比亚河 ( 加·美 ),,,,,0,0,,,
Columbia Reef,,,[地名] 哥伦比亚礁 ( 菲 ),,,,,0,0,,,
Columbia River,,,哥伦比亚河,,,,,0,0,s:columbia rivers,,
columbia river log scale,,,哥伦比亚流域圆材材积表,,,,,0,0,,,
columbia rivers,,,哥伦比亚河,,,,,0,0,0:columbia river/1:s,,
Columbia Road Res.,,,[地名] 哥伦比亚罗德水库 ( 美 ),,,,,0,0,,,
columbia sampling table,,,哥伦比亚抽样表,,,,,0,0,,,
Columbia school,,,哥伦比亚学派,,,,,0,0,,,
Columbia Seamount,,,[地名] 哥伦比亚海山 ( 大西洋 ),,,,,0,0,,,
columbia sheep,,,哥伦比亚（绵）羊,,,,,0,0,,,
Columbia Station,,,[地名] 哥伦比亚站 ( 美 ),,,,,0,0,,,
columbia tiger lilies,,,[网络] 哥伦比亚老虎百合\n(columbia tiger lily 的复数),,,,,0,0,0:columbia tiger lily/1:s,,
Columbia tiger lily,,,[网络] 哥伦比亚老虎百合,,,,,0,0,s:columbia tiger lilies,,
Columbia unit,,,[医] 哥伦比亚单位(杆菌肽单位),,,,,0,0,,,
columbia universities,,,n. （美国纽约州）哥伦比亚大学,,,,,0,0,0:columbia university/1:s,,
Columbia University,,,n. （美国纽约州）哥伦比亚大学,,,,,0,0,s:columbia universities,,
"Columbia, C.",,,[地名] 哥伦比亚角 ( 加 ),,,,,0,0,,,
"columbia, district of",,, [地名] [美国] 哥伦比亚特区,,,,,0,0,,,
"Columbia, Sa.",,,[地名] 哥伦比亚山 ( 墨 ),,,,,0,0,,,
columbia-presbyterian,,,[网络] 哥伦比亚长老会医院,,,,,0,0,,,
Columbia-Wenatchi,,,[网络] 哥伦比亚 - 温奎蒂,,,,,0,0,,,
Columbiad,,,[网络] 哥伦比亚炮；滑膛前装炮,,,,,0,0,,,
columbiadin,,,二氢山芹素,,,,,0,0,,,
columbiads,,,[网络] 哥伦比亚,,,,,0,0,,,
Columbian,kә'lʌmbiәn,a. of or relating to Christopher Columbus,"a. 哥伦比亚的, 哥伦布的, 美国的",j:91/n:9,,,,40762,22603,s:columbians,,
Columbian Exchange,,,[网络] 哥伦布大交换；哥伦布交换；哥伦布的交换,,,,,0,0,,,
columbian mammoth,,,[网络] 哥伦比亚猛犸；哥伦比亚长毛象；哥伦比亚猛犸象,,,,,0,0,s:columbian mammoths,,
Columbian mammoths,,,[网络] 哥伦比亚猛mamm象,,,,,0,0,0:columbian mammoth/1:s,,
Columbian spirit,,,[医] 甲醇,,,,,0,0,,,
columbian spirits,,,甲醇,,,,,0,0,,,
columbian spotted fever,,,哥伦比亚斑点热,,,,,0,0,,,
columbiana,,, [地名] [美国] 哥伦比亚纳,,,,,0,0,,,
Columbiana County,,,[地名] 哥伦比亚纳县 ( 美 ),,,,,0,0,,,
columbianadin,,,"二氢山芹醇当归酸酯,哥伦比亚内酯",,,,,0,0,,,
columbianetin,,,"哥伦比亚苷配基,二氢山芹醇,哥伦比亚甙元",,,,,0,0,,,
columbianin,,,"哥伦比亚苷,哥伦比亚甙",,,,,0,0,,,
Columbians,,plural of Columbian\na. of or relating to Christopher Columbus,"(Columbian 的复数) a. 哥伦比亚的, 哥伦布的, 美国的",,,,,0,0,0:columbian/1:s,,
columbianum,,,[网络] 哥伦比亚；哥伦比亚食道口线虫,,,,,0,0,s:columbianums,,
columbianums,,,[网络] 哥伦比亚；哥伦比亚食道口线虫\n(columbianum 的复数),,,,,0,0,0:columbianum/1:s,,
columbianus,,,[网络] 小天鹅；古巴兔子,,,,,0,0,,,
columbiapresbyterian,,,[网络] 哥伦比亚大学长老会医院；哥伦比亚长老会医院,,,,,0,0,,,
columbias,,,[网络] 西班牙餐厅,,,,,0,0,0:columbia/1:s,,
Columbiaville,,,[地名] 哥伦比亚维尔 ( 美 ),,,,,0,0,,,
columbic,kә'lʌmbik,"a. Pertaining to, or containing, columbium or niobium;\n   niobic.\na. Pertaining to, or derived from, the columbo root.","[建] 铌的, 含铌的",,,,,0,0,,,
columbic acid,,,[建] 铌酸,,,,,0,0,,,
columbic anhydride,,,[化] 五氧化二铌; 铌酐,,,,,0,0,,,
columbic compound,,,[建] 五价铌化合物,,,,,0,0,,,
Columbicola,,,[医] 长虱属,,,,,0,0,,,
Columbicola columbae,,,[医] 鸽长虱,,,,,0,0,,,
columbid,,,[网络] 哥伦比亚,,,,,0,0,,,
Columbidae,'kʌləmbədi:,,n. [鸟] 鸠鸽科；鸠鸽类,,,,,0,0,s:columbidaes,,
columbidaes,'kʌləmbədi:,,Columbidae\n['kʌləmbədi:]\nn.\n【鸟类】鸠鸽科,,,,,0,0,0:columbidae/1:s,,
columbids,,,[网络] 哥伦比亚,,,,,0,0,,,
columbier,,,[网络] 哥伦比亚,,,,,0,0,,,
columbiferous,,,[网络] 有趣的,,,,,0,0,,,
columbiform,,,[网络] 哥伦布形,,,,,0,0,,,
columbiform bird,,,[网络] 鸠鸽,,,,,0,0,s:columbiform birds,,
columbiform birds,,,[网络] 鸠鸽\n(columbiform bird 的复数),,,,,0,0,0:columbiform bird/1:s,,
Columbiformes,"'kʌləmbi,fɔ:mis",,n. 鸽形目,,,,,0,0,s:columbiformess,,
columbiformess,"'kʌləmbi,fɔ:mis",,"Columbiformes\n['kʌləmbi,fɔ:mis]\nn.\n【鸟类】鸽形目",,,,,0,0,0:columbiformes/1:s,,
columbin,,"n. A white, crystalline, bitter substance. See Calumbin.",[化] 非洲防己苦素; 加伦巴根苷\n[医] 非洲防已苦素,,,,,0,0,,,
Columbinae,,,[鸟] 鸽亚科,,,,,0,0,,,
columbine,'kɒlәmbain,n. a plant of the genus Aquilegia having irregular showy spurred flowers; north temperate regions especially mountains,"a. 鸽的, 鸽似的\nn. 耧斗菜",n:100,,,,0,24171,s:columbines,,
Columbine High School massacre,,,[网络] 哥伦拜恩校园事件；科伦拜高中大屠杀；科伦拜高中屠杀案,,,,,0,0,,,
Columbine syndrome,,,[网络] 哥伦拜恩综合征,,,,,0,0,,,
Columbine Valley,,,[地名] 哥伦拜恩瓦利 ( 美 ),,,,,0,0,,,
"Columbine, C.",,,[地名] 哥伦拜恩角 ( 南非 ),,,,,0,0,,,
columbines,'kɒləmbaɪn,n. a plant of the genus Aquilegia having irregular showy spurred flowers; north temperate regions especially mountains,a. 鸽的；似鸽的；鸽色的\nn. 耧斗菜,,,,,0,0,0:columbine/1:s3,,
columbinic,,,[网络] 哥伦比亚,,,,,0,0,,,
columbinic acid,,,[网络] 哥伦比亚酸,,,,,0,0,,,
columbite,kә'lʌmbait,n a black mineral that is an ore of niobium and tantalum,[建] 铌铁矿,,,,,0,0,s:columbites,,
columbite tungstenian,,,钨铌铁矿,,,,,0,0,,,
columbite-tantalite,,,[网络] 铌钽铁矿；铌钽锰矿,,,,,0,0,s:columbite-tantalites,,
columbite-tantalites,,,[网络] 铌钽铁矿；铌钽锰矿\n(columbite-tantalite 的复数),,,,,0,0,0:columbite-tantalite/1:s,,
columbites,,,n. 哥伦布菊石属\n[网络] 科伦布菊石属；科氏菊石,,,,,0,0,0:columbite/1:s,,
columbium,kә'lʌmbiәm,n a former name for niobium,n. [化]铌,,,,,0,0,s:columbiums,,
columbium (niobium),,,钶（铌的旧名）,,,,,0,0,,,
columbium alloy,,,铌合金；钶合金｛旧名｝,,,,,0,0,,,
columbium carbide,,,[建] 一碳化铌,,,,,0,0,,,
columbium containing alloy,,,含铌合金,,,,,0,0,,,
columbium dioxide,,,[化] 二氧化铌,,,,,0,0,,,
columbium minerals,,,铌矿物,,,,,0,0,,,
columbium monoxide,,,[化] 一氧化铌,,,,,0,0,,,
columbium nitride,,,[建] 一氮化铌,,,,,0,0,,,
columbium oxide,,,[建] 氧化铌,,,,,0,0,,,
columbium oxytrichloride,,,[化] 三氯氧化铌,,,,,0,0,,,
columbium oxytrifluoride,,,[建] 三氟氧化铌,,,,,0,0,,,
columbium pentachloride,,,[建] 五氯化铌,,,,,0,0,,,
columbium pentafluoride,,,[建] 五氟化铌,,,,,0,0,,,
columbium pentoxide,,,[化] 五氧化二铌,,,,,0,0,,,
columbium sesquioxide,,,[化] 三氧化二铌,,,,,0,0,,,
columbium shape,,,铌型材,,,,,0,0,,,
columbium tetroxide,,,[化] 四氧化二铌,,,,,0,0,,,
columbiums,kə'lʌmbɪəm,,n. 钶（41号元素niobium铌的旧名）,,,,,0,0,0:columbium/1:s,,
columbo,,"n. any of various tall perennial herbs constituting the genus Frasera; widely distributed in warm dry upland areas of California, Oregon, and Washington",[医] 非洲防已,,,,,0,0,s:columboes,,
columboes,,,[医] 非洲防已\n(columbo 的复数),,,,,0,0,0:columbo/1:s,,
columbomicrolite,"kә,lʌmbә'mikrәlait",,铌细晶石,,,,,0,0,,,
columbomicrolite (nb-pyrochlore),,,铌烧绿石；铌细晶石,,,,,0,0,,,
columbotantalite (colombotantalite),,,铌钽铁矿,,,,,0,0,,,
columbous,kә'lʌmbәs,,"[建] 三价铌, 亚铌",,,,,0,0,,,
columbous compound,,,[建] 三价铌化合物,,,,,0,0,,,
columboxy,,,[建] 铌氧基,,,,,0,0,,,
columboxy group,,,[化] 铌氧团(三价),,,,,0,0,,,
"Columbretes, Is.",,,[地名] 科伦布雷特斯群岛 ( 西 ),,,,,0,0,,,
columbretite,,,"白榴粗安岩, 白榴二长安山岩, 白榴透长安山岩",,,,,0,0,,,
Columbria,,,[地名] 哥伦布里亚 ( 澳 ),,,,,0,0,,,
columbrin,,,[医] 可伦布林(一种番木鳖生物硷),,,,,0,0,,,
columbus,kә'lʌmbәs,n. the state capital of Ohio; located in the center of the state; site of Ohio State University\nn. Italian navigator who discovered the New World in the service of Spain while looking for a route to China (1451-1506)\nn. a town in eastern Mississippi near the border with Alabama,n. 哥伦布（美国一座城市）；哥伦布（意大利航海家）,,,,,12372,0,s:columbuss,,
Columbus Air Force Base,,,[地名] 哥伦布空军基地 ( 美 ),,,,,0,0,,,
columbus bank,,,哥伦布滩,,,,,0,0,,,
Columbus Bk.,,,[地名] 哥伦布浅滩 ( 巴哈 ),,,,,0,0,,,
Columbus County,,,[地名] 哥伦布县 ( 美 ),,,,,0,0,,,
Columbus Day,,,哥伦布节,,,,,0,0,s:columbus days,,
columbus days,,,（美）哥伦布发现美洲纪念日,,,,,0,0,0:columbus day/1:s,,
Columbus egg,,,[网络] 哥伦布鸡蛋,,,,,0,0,,,
Columbus eggs,,,[网络] 哥伦布鸡蛋,,,,,0,0,,,
Columbus Grove,,,[地名] 哥伦布格罗夫 ( 美 ),,,,,0,0,,,
Columbus Junction,,,[地名] 哥伦布章克申 ( 美 ),,,,,0,0,,,
Columbus Monument,,,[地名] 哥伦布纪念地 ( 巴哈 ),,,,,0,0,,,
Columbus Pt.,,,[地名] 哥伦布角 ( 巴哈、特立 ),,,,,0,0,,,
Columbus Salt Marsh,,,[地名] 哥伦布盐沼 ( 美 ),,,,,0,0,,,
"Columbus, Christopher",kə'lʌmbəs,,哥伦布(1451?～1506，意大利航海家，1485年移居西班牙，传统认为1492年发现美洲),,,,,0,0,,,
columbus-type davit,,,倒竿式吊艇架,,,,,0,0,,,
Columbused,kə'lʌmbəs,,哥伦布(美国俄亥俄州中部城市及该州首府)；哥伦布(美国佐治亚州西部城市),,,,,0,0,,,
Columbuses,kə'lʌmbəs,,哥伦布(美国俄亥俄州中部城市及该州首府)；哥伦布(美国佐治亚州西部城市),,,,,0,0,,,
Columbusing,kə'lʌmbəs,,哥伦布(美国俄亥俄州中部城市及该州首府)；哥伦布(美国佐治亚州西部城市),,,,,0,0,,,
columbuss,kə'lʌmbəs,,Columbus\n[kə'lʌmbəs]\n哥伦布(美国俄亥俄州中部城市及该州首府)\n哥伦布(美国佐治亚州西部城市)\n哥伦布(美国密西西比州东部城市)\n哥伦布(美国印第安纳州中部城市),,,,,0,0,0:columbus/1:s,,
columbyl,kә'lʌmbil,,[建] 铌氧基,,,,,0,0,,,
columcille,,,[网络] 哥伦塞里,,,,,0,0,,,
colume,,,[网络] 综合园地；画质；车讯专栏,,,,,0,0,,,
colume of Goll,,,薄束,,,,,0,0,,,
columella,kɒlju'melә,n. a small column (or structure resembling a column) that is a part of a plant or animal,"n. 小柱, 螺的轴柱, 蒴轴\n[医] 小柱",,,,,0,0,s:columellas,,
columella cochleae,,,[医] 蜗轴,,,,,0,0,,,
Columella corniculata,,,[网络] 角花乌蔹莓,,,,,0,0,,,
columella fornicis,,,[医] 穹隆柱,,,,,0,0,,,
columella nasi,,,[医] 鼻小柱,,,,,0,0,,,
Columella oligocarpa,,,[网络] 野葡萄,,,,,0,0,,,
columella oligocarpa rehd.,,,野葡萄（湖南）,,,,,0,0,,,
columella( collumelae),,,轴柱,,,,,0,0,,,
columellae,,n a small column (or structure resembling a column) that is a part of a plant or animal,[医] 小柱,,,,,0,0,,,
columellar,,,中柱,,,,,0,0,,,
columellar chain,,,耳柱链,,,,,0,0,,,
columellar fold,,,轴旋褶,,,,,0,0,,,
columellar lip,,,轴唇,,,,,0,0,,,
columellar muscle,,,螺轴肌,,,,,0,0,,,
columellaris,,,[网络] 小柱悬钩子,,,,,0,0,,,
columellas,",kɒljʊ'melə",,n. 小柱；螺的轴柱\nn. (Columella)人名；(意)科卢梅拉,,,,,0,0,0:columella/1:s,,
columellate,,,adj. 具囊轴的,,,,,0,0,,,
Columelliaceae,,,苦隆墨那科,,,,,0,0,,,
columelliform,",kɔlju'melifɔ:m","a. Shaped like a little column, or columella.","a. 似小柱的, 小柱形的",,,,,0,0,,,
columimmunoasorbent,,,免疫吸收着,,,,,0,0,,,
columination,,,[网络] 倾斜,,,,,0,0,,,
columinescence effect,,,共发光效应,,,,,0,0,,,
columity,,,[网络] 大量的,,,,,0,0,,,
colummae carneae,,,肉柱,,,,,0,0,,,
column,'kɒlәm,n. a line of units following one after another\nn. a vertical glass tube used in column chromatography; a mixture is poured in the top and washed through a stationary substance where components of the mixture are adsorbed selectively to form colored bands\nn. a vertical array of numbers or other information\nn. anything that approximates the shape of a column or tower,"n. 专栏, 圆柱, 纵队, 列, 柱形物\n[计] 列, 柱形图",n:100,3,1,cet4 cet6 ky ielts,2007,2074,s:columns,,
column absorption,,,吸收塔 ; 吸收柱,,,,,0,0,,,
column abundance,,,柱丰度,,,,,0,0,,,
Column Access Strobe,,,[网络] 行位置信号,,,,,0,0,,,
column adapter,,,柱连接器;柱接头,,,,,0,0,,,
column adaptor,ˈkɔləm əˈdæptə,, [医]柱接头,,,,,0,0,,,
column adaptor kit,,,柱(配套)连接器,,,,,0,0,,,
column adding routine,,,un. 按列相加程序,,,,,0,0,,,
column address,,,[计] 列地址,,,,,0,0,,,
column address select,,,行位址选择,,,,,0,0,,,
column address strobe,,,列地址选通,,,,,0,0,,,
column adsorption chromatography,,,管柱吸附层析法,,,,,0,0,,,
column analogy,,,柱喻法；类比柱法,,,,,0,0,,,
column analogy method,,,柱比法;柱比拟法,,,,,0,0,,,
column analogy method of design,,,(设计方面)柱比法,,,,,0,0,,,
column analysis,,,分栏解析,,,,,0,0,,,
column analysis sheet,,,分栏式分析表,,,,,0,0,,,
column and knee type,,,升降台式,,,,,0,0,,,
column and knee type milling machine,,,升降台式铣床,,,,,0,0,,,
column and spud stabilized type drilling rig,,,柱与棒锚联合稳定型钻油船,,,,,0,0,,,
column and tie construction,,,穿斗式构架,,,,,0,0,,,
column area,,,[化] 塔面积,,,,,0,0,,,
column arm,,,钻架杆臂,,,,,0,0,,,
column aspect,,,柱形,,,,,0,0,,,
column autoclave,,,柱式高压釜,,,,,0,0,,,
column average,,,列平均,,,,,0,0,,,
column back-pressure,,,反压力,,,,,0,0,,,
column balancing,,,行平衡,,,,,0,0,,,
column bar,,,[计] 竖条,,,,,0,0,,,
column bar test,,,[计] 竖条测试,,,,,0,0,,,
column base,,,柱座,,,,,0,0,,,
column beam,,,柱型梁,,,,,0,0,,,
column behavior,,,管柱行为,,,,,0,0,,,
column binary,,,[计] 竖式二进制,,,,,0,0,,,
column binary card,,,栏二进制卡;列二进制卡,,,,,0,0,,,
column binary code,,,[计] 竖式二进制码,,,,,0,0,,,
column binary mode,,,竖式二进制方式,,,,,0,0,,,
column bleed,,,[机] 柱损失,,,,,0,0,,,
column bleeding,,,[化] 柱流失,,,,,0,0,,,
column boiler,,,蒸馏锅,,,,,0,0,,,
column bolt,,,柱螺栓,,,,,0,0,,,
column bottoms pump,,,[化] 塔底泵,,,,,0,0,,,
column bracing,,,柱间支撑,,,,,0,0,,,
column bracket structure,,,柱架式(高炉)结构,,,,,0,0,,,
column break,,,[计] 分栏符,,,,,0,0,,,
column bulbble-cap,,,泡罩塔,,,,,0,0,,,
column cap,,,头,,,,,0,0,,,
column capacity,,,柱容量,,,,,0,0,,,
column capacity factor,,,[化] 柱容量因数,,,,,0,0,,,
column capital,,,柱头,,,,,0,0,,,
column casing,,,柱筒,,,,,0,0,,,
column cassette,,,管柱卡夹,,,,,0,0,,,
Column Cata Format,,,列分隔符,,,,,0,0,,,
column cells,,,[医] 柱状细胞,,,,,0,0,,,
column characteristics,,,管柱特性,,,,,0,0,,,
column characterization factor,,,塔柱特性化因数,,,,,0,0,,,
column charge,,,柱状装药,,,,,0,0,,,
column charge blasting,,,柱状药包爆破,,,,,0,0,,,
column chart,ˈkɔləm tʃɑ:t,, [计]条形图，柱形图,,,,,0,0,,,
column chart autoformat,,,[计] 自动套用柱形图,,,,,0,0,,,
column chromatographic fractionation,,,管柱层析分馏法,,,,,0,0,,,
column chromatographic method,,,管柱层析法,,,,,0,0,,,
column chromatographies,",krəumə'tɔɡrəfi",,柱层析法；[分化] 柱色谱法,,,,,0,0,0:column chromatography/1:s,,
column chromatography,,,[化] 柱色谱法,,,,,0,0,s:column chromatographies,,
column clamp,,,(摇臂钻)柱夹,,,,,0,0,,,
column classification,,,柱分类,,,,,0,0,,,
column cleaning,,,管柱清洗,,,,,0,0,,,
column coating,,,管柱涂布,,,,,0,0,,,
column collapse,,,【火山学】柱状塌陷,,,,,0,0,,,
column collimator,,,圆柱型准直器,,,,,0,0,,,
column combination,,,管柱组合,,,,,0,0,,,
column commisural ascending,,,[医] 脊髓小脑前束,,,,,0,0,,,
column compartment,,,柱室,,,,,0,0,,,
column compressor,,,管柱加压器,,,,,0,0,,,
column concreting,,,柱状浇筑法,,,,,0,0,,,
column condition,,,管柱条件,,,,,0,0,,,
column conditioning,,,柱调节;柱老化,,,,,0,0,,,
column configuration,,,柱构型,,,,,0,0,,,
column connecting pipe,,,管柱连接管,,,,,0,0,,,
column connector,,,管柱连接器,,,,,0,0,,,
column constraint,,,[计] 列约束,,,,,0,0,,,
column control,,,[计] 列控制,,,,,0,0,,,
column control system,,,杆式控制系统,,,,,0,0,,,
column count,,,列的计算;列计数,,,,,0,0,,,
column counter,,,[计] 列计数器,,,,,0,0,,,
column coupling,ˈkɔləm ˈkʌpliŋ,, [医]（层析）柱偶联,,,,,0,0,,,
column cover,,,【军事】对行进纵队的空中掩护,,,,,0,0,,,
column crane,,,柱式起重机,,,,,0,0,,,
column crystal,,,柱晶,,,,,0,0,,,
column crystallization,,,柱状结晶,,,,,0,0,,,
column data format,,,[计] 数据列格式,,,,,0,0,,,
column dead,,,[建] 柱头,,,,,0,0,,,
column dead volume,,,[化] 柱死体积,,,,,0,0,,,
column decelopment chromatography,,,[机] 柱式展开色层分析法,,,,,0,0,,,
column decoder,,,[计] 列译码器,,,,,0,0,,,
column decoding,,,列译码,,,,,0,0,,,
column definite matrix,,,[数] 列定矩阵,,,,,0,0,,,
column definition,,,[计] 列定义,,,,,0,0,,,
column delimiter,,,[计] 列分隔符,,,,,0,0,,,
column density,,,柱密度,,,,,0,0,,,
column density (n),,,柱密度,,,,,0,0,,,
column description,,,列说明,,,,,0,0,,,
column development chromatography,,,[化] 柱展开色谱法,,,,,0,0,,,
column diagram,,,"[医] 图, 柱形图",,,,,0,0,,,
column diagram of stratum,,,地层柱状图,,,,,0,0,,,
column diameter,,,柱直径,,,,,0,0,,,
column differences,,,[计] 列内容差异,,,,,0,0,,,
column dimension,,,柱尺寸,,,,,0,0,,,
column dissolver,,,圆柱型溶解器,,,,,0,0,,,
column distance,,,列距离,,,,,0,0,,,
column distiller,,,[建] 蒸馏柱,,,,,0,0,,,
column distilling,,,蒸馏塔,,,,,0,0,,,
column dominance,,,列支配,,,,,0,0,,,
column dress,,,[网络] 直筒装,,,,,0,0,,,
column dried,,,竖筒式干燥,,,,,0,0,,,
column drier,,,竖筒式干燥机,,,,,0,0,,,
column drill,,,架柱式凿岩机,,,,,0,0,,,
column drive wire,ˈkɔləm draiv ˈwaiə,, [计]列驱动线,,,,,0,0,,,
column dryer,,,[食品] 网柱烘干机,,,,,0,0,,,
column dumper,,,立柱型倾卸机,,,,,0,0,,,
column effect,,,列效应,,,,,0,0,,,
column effective length,,,柱有效长度,,,,,0,0,,,
column efficiency,,,[化] 柱效率,,,,,0,0,,,
column elavator,,,柱式提升机,,,,,0,0,,,
column electrophoresis,,,[化] 柱电泳; 柱电泳法,,,,,0,0,,,
column elevator,ˈkɔləm ˈeliveitə,,n. 柱式提升机,,,,,0,0,,,
column elution program,,,洗提程序,,,,,0,0,,,
column enable,,,[网络] 列生效,,,,,0,0,,,
column end conditions,,,柱端条件,,,,,0,0,,,
column end plug,,,柱端塞子,,,,,0,0,,,
column end-fixity coefficient,,,柱端固定系数,,,,,0,0,,,
column equivalence,,,行等价,,,,,0,0,,,
column equivalent,,,列等价,,,,,0,0,,,
column evaporation,,,[建] 柱中浓缩,,,,,0,0,,,
column evaporator,,,"[建] 蒸发性, 浓缩柱",,,,,0,0,,,
column extra,,,[化] 柱附件,,,,,0,0,,,
column extraction chromatograph,,,管柱萃取层析法,,,,,0,0,,,
column extractor,,,[化] 萃取柱; 柱式萃取器,,,,,0,0,,,
column filling,,,"[建] 填柱物, 柱的填充",,,,,0,0,,,
column finite,,,[数] 列有限的,,,,,0,0,,,
column finite matrix,,,[数] 列有限矩阵,,,,,0,0,,,
column fitting,,,柱配件,,,,,0,0,,,
column fixity coefficient,,,柱端固定系数,,,,,0,0,,,
column flow rate,,,管柱流速,,,,,0,0,,,
column foot,,,[化] 塔基; 塔脚,,,,,0,0,,,
column footing,,,柱底脚,,,,,0,0,,,
column for,,,[计] 列为,,,,,0,0,,,
column format,,,[计] 列格式,,,,,0,0,,,
column format item,,,[计] 列格式项,,,,,0,0,,,
column formation,,,纵队编队,,,,,0,0,,,
column formations,,,纵队编队,,,,,0,0,,,
column formula,,,柱公式,,,,,0,0,,,
column foundation,,,[建] 柱基础,,,,,0,0,,,
column fractionating,,,分馏塔,,,,,0,0,,,
column fractionation,,,柱上分级,,,,,0,0,,,
column free,,,无列,,,,,0,0,,,
column free space,,,[网络] 无柱空间,,,,,0,0,,,
column gap,,,【军事】纵队间隔,,,,,0,0,,,
column gate,,,列选通器,,,,,0,0,,,
column gear shift,,,"杆式变速,杆式调档",,,,,0,0,,,
column generation,,,列生成,,,,,0,0,,,
column generation method,,,列生成法,,,,,0,0,,,
column graph,ˈkɔləm ɡrɑ:f,, [计]列图，柱形图,,,,,0,0,,,
column grid,,,网,,,,,0,0,,,
column grid array,,,[网络] 又称柱栅阵列封装；圆柱栅格阵列；描述,,,,,0,0,,,
column guide,,,(货车)摇枕挡,,,,,0,0,,,
column guides,,,直行导引,,,,,0,0,,,
column head,,,柱头,,,,,0,0,,,
column header,,,列标题,,,,,0,0,,,
column headers,,,[网络] 数据域标题；列头；数据列标题,,,,,0,0,,,
column heading,,,"[计] 列标题, 栏标题",,,,,0,0,,,
column headings,,,[经] 栏标题,,,,,0,0,,,
column hold-up,,,[建] 填柱液,,,,,0,0,,,
column holder,,,柱支架,,,,,0,0,,,
column inch,,,[计] 列长,,,,,0,0,s:column inches,,
column inches,,,【印刷】栏英寸(报刊上横占一栏纵占一英寸的广告篇幅),,,,,0,0,0:column inch/1:s,,
column index,,,列指数,,,,,0,0,,,
column indicating device,,,列指示装置,,,,,0,0,,,
column indicator,,,"[计] 列指示器, 列指示符",,,,,0,0,,,
column inlet,,,管柱入口,,,,,0,0,,,
column inlet pressure,,,[化] 柱入口压,,,,,0,0,,,
column input cell,,,[计] 按列输入单元,,,,,0,0,,,
column internal diameter,,,管柱内径,,,,,0,0,,,
column internals,,,[化] 塔内件,,,,,0,0,,,
column interstitial volume,,,管柱隙体积,,,,,0,0,,,
column ion-exchange process,,,离子交换塔法,,,,,0,0,,,
column IV element,,,四族元素,,,,,0,0,,,
column jacket,,,"外柱,管柱",,,,,0,0,,,
column joint,,,柱接头,,,,,0,0,,,
column jump,,,列转移,,,,,0,0,,,
column kit,,,柱配套(器件),,,,,0,0,,,
column krater,,,=kelebe,,,,,0,0,,,
column Latin square,,,[数] 列拉丁方,,,,,0,0,,,
column ledger,,,分栏式分类帐,,,,,0,0,,,
column length,ˈkɔləm leŋθ,, 柱长度,,,,,0,0,,,
column lens,,,圆柱透镜,,,,,0,0,,,
column lie structure,ˈkɔləm lai ˈstrʌktʃə,, 拟柱状结构,,,,,0,0,,,
column life,,,柱寿命,,,,,0,0,,,
column line,,,柱子中心线,,,,,0,0,,,
column load,,,柱负载,,,,,0,0,,,
column loudspeaker,,,"音柱,声柱",,,,,0,0,,,
column major form,,,[计] 列优先形式,,,,,0,0,,,
column major order,,,"[计] 按列顺序, 以列为主的顺序",,,,,0,0,,,
column margin,,,栏边际,,,,,0,0,,,
column material,,,管柱材料,,,,,0,0,,,
column matrix,,,[计] 列矩阵,,,,,0,0,,,
column mean,,,列中值,,,,,0,0,,,
column median,,,列中位数,,,,,0,0,,,
column method of execution,,,挡土柱工法,,,,,0,0,,,
column milling machine,,,立柱式铣床,,,,,0,0,,,
column mixer,,,[建] 混合柱,,,,,0,0,,,
column mode,,,直栏模式,,,,,0,0,,,
column move,,,列移动，行移动,,,,,0,0,,,
column move or delete,,,栏移动或删除,,,,,0,0,,,
column mud pressure,,,泥浆柱压,,,,,0,0,,,
column name,,,[计] 列名,,,,,0,0,,,
column number,,,"[计] 列数, 栏数",,,,,0,0,,,
column of air,,,空气柱,,,,,0,0,,,
column of angles,,,角钢柱,,,,,0,0,,,
column of built channels laced,,,槽钢缀合柱,,,,,0,0,,,
column of Burdach,,,"[医] 布尔达赫氏束, 楔束",,,,,0,0,,,
column of butterfly,,,[网络] 蝶形列,,,,,0,0,,,
column of cartilage cell,,,软骨细胞柱,,,,,0,0,,,
column of fluid,,,流体柱,,,,,0,0,,,
column of fornix,,,穹窿柱,,,,,0,0,,,
column of four angles starred,,,un. 四角钢十字形载面柱,,,,,0,0,,,
column of Goll,,,"[医] 果耳氏柱, 薄束",,,,,0,0,,,
column of Gowers,,,"[医] 高尔斯氏柱, 脊髓小脑前束",,,,,0,0,,,
column of hydrometallurgy and pyrometallurgy,,,水冶和火冶联合法,,,,,0,0,,,
column of Koelliker,,,"[医] 克利克尔氏柱, 肌注, 肌原纤维",,,,,0,0,,,
column of Kolliker,,,肌柱,,,,,0,0,,,
column of liquid,,,液柱,,,,,0,0,,,
column of Lissauer,,,"[医] 利骚厄氏束, 背外侧束",,,,,0,0,,,
column of mercury,,,na. 水银柱\n[网络] 汞柱,,,,,0,0,,,
column of Morgagni,,,莫尔加尼氏柱,,,,,0,0,,,
column of oil,,,油柱,,,,,0,0,,,
column of ore,,,矿脉柱,,,,,0,0,,,
column of pellets,,,燃料棒)芯块柱,,,,,0,0,,,
column of radiator,,,柱式汽炉片,,,,,0,0,,,
column of rolando,,,侧楔状朿,,,,,0,0,,,
column of Sertoli,,,[医] 塞尔托利氏(细胞)柱(由足细胞所组成的细胞柱),,,,,0,0,,,
column of solid section,,,实心截面柱,,,,,0,0,,,
column of Spitzka-Lissauer,,,[医] 背外侧束,,,,,0,0,,,
column of tape,,,数控带的信道,,,,,0,0,,,
column of trays,,,[化] 板式塔,,,,,0,0,,,
column of two channels laced,,,二槽钢缀合柱,,,,,0,0,,,
column of water,,,[建] 水柱,,,,,0,0,,,
column on elastic foundation,,,un. 弹性基础上的柱,,,,,0,0,,,
column operation,,,柱操作,,,,,0,0,,,
column operations,,,列运算,,,,,0,0,,,
column order,,,纵向按序排列,,,,,0,0,,,
column outlet,,,柱出口,,,,,0,0,,,
column outlet pressure,,,管柱出口压[力],,,,,0,0,,,
column oven,,,柱式加热炉,,,,,0,0,,,
column overload,,,柱超载,,,,,0,0,,,
column ozone,,,柱层臭氧(指地球表面某一地区上空大气层的臭氧含量),,,,,0,0,,,
column packed,,,填料塔 ; 填充塔 ; 填充柱,,,,,0,0,,,
column packer,,,[化] 填柱器,,,,,0,0,,,
column packing,,,"[建] 塔之填充物, 柱的填充",,,,,0,0,,,
column packing funnel,,,柱填充漏斗,,,,,0,0,,,
column packing method,,,管柱填充法,,,,,0,0,,,
column packing technique,,,装柱技术,,,,,0,0,,,
column parameter,,,参数,,,,,0,0,,,
column partition chromatography,,,管柱分配层析术,,,,,0,0,,,
column perforated plate,,,孔板塔 ; 眼板塔 ; 多孔层板塔,,,,,0,0,,,
column performance,,,柱性能,,,,,0,0,,,
column permeability,,,管柱渗透性,,,,,0,0,,,
column permutation,,,"列置换,列排列",,,,,0,0,,,
column pier,,,柱式桥墩,,,,,0,0,,,
column pipe,,,柱状排水管,,,,,0,0,,,
column pitch,,,[计] 位间距; 列间距,,,,,0,0,,,
column plate,,,[化] 塔板,,,,,0,0,,,
column player,,,[网络] 行参赛者；列选手,,,,,0,0,,,
column polarity,,,管柱极性,,,,,0,0,,,
column precipitator,,,沉淀柱;置换柱,,,,,0,0,,,
column preconditioning program,,,管柱预适化程式,,,,,0,0,,,
column press,,,立柱式压力机,,,,,0,0,,,
column pressure,,,管柱压力,,,,,0,0,,,
column pressure gradient correction,,,管柱压力梯度校正,,,,,0,0,,,
column printer,,,[电] 行打印机,,,,,0,0,,,
column radiator,,,柱式散热器,,,,,0,0,,,
column radiochromatography,,,柱放射色谱法,,,,,0,0,,,
column radiochromatography (CRC),,,[化] 柱放射色谱法,,,,,0,0,,,
column radius,,,管柱半径,,,,,0,0,,,
column rank,,,列秩,,,,,0,0,,,
column reactor,ˈkɔləm ri:ˈæktə,, [医]塔式反应器,,,,,0,0,,,
column records,,,分栏记录,,,,,0,0,,,
column rectifying,,,精馏塔,,,,,0,0,,,
column reduced standard echelon matrix,,,化列标准阶梯矩阵,,,,,0,0,,,
column reflux,,,回流塔,,,,,0,0,,,
column regeneration,,,柱再生,,,,,0,0,,,
column region,,,[计] 列区域,,,,,0,0,,,
column rejuvenate,,,柱复活,,,,,0,0,,,
column rejuvenation,,,管柱复活,,,,,0,0,,,
column report,,,[网络] 列式报表；整合报道,,,,,0,0,,,
column resistance,,,阻力,,,,,0,0,,,
column resistance factor,,,管柱阻力因子,,,,,0,0,,,
column response,,,管柱回应,,,,,0,0,,,
column row,,,[计] 先列后行,,,,,0,0,,,
column scan,,,列扫描,,,,,0,0,,,
column scrubber,,,[化] 洗柱器,,,,,0,0,,,
column select,,,行选择,,,,,0,0,,,
column selection,,,[化] 柱选择,,,,,0,0,,,
column separator,,,行分隔符,,,,,0,0,,,
column shaft,,,柱身,,,,,0,0,,,
column shear,,,柱剪力,,,,,0,0,,,
column shift,ˈkɔləm ʃift,, 方向盘式变速,,,,,0,0,,,
column shift unit,ˈkɔləm ʃift ˈju:nit,, [计]移列部件,,,,,0,0,,,
column shifter,,,[网络] 列移位器,,,,,0,0,,,
column shut-off valve,,,管柱关闭阀,,,,,0,0,,,
column sleeve,,,柱套,,,,,0,0,,,
column socle,,,柱基座,,,,,0,0,,,
column space,,,列空间,,,,,0,0,,,
column spaces,,,【数学】列空间,,,,,0,0,,,
column spacing,,,n. 列空间,,,,,0,0,,,
column span,,, 列跨距,,,,,0,0,,,
column speaker,,,un. 扬声器柱；声柱\n[网络] 提琴音柱；室外音柱,,,,,0,0,,,
column spinner,,,旋转柱,,,,,0,0,,,
column splice,,,柱式接头,,,,,0,0,,,
column split,,,[计] 列分割,,,,,0,0,,,
column split hub,,,分列插孔,,,,,0,0,,,
column stability,,,柱稳定性,,,,,0,0,,,
column stabilized drilling unit,,,[网络] 支柱稳定式钻井船,,,,,0,0,,,
column stablized unit,,,[网络] 柱稳式平台,,,,,0,0,,,
column still,,,[建] 柱馏器,,,,,0,0,,,
column stripping,,,汽提塔,,,,,0,0,,,
column structure,,,柱状结构,,,,,0,0,,,
column sum,,,列和,,,,,0,0,,,
column sum of a matrix,,,矩阵的列和,,,,,0,0,,,
column sum of squares,,,行平方和,,,,,0,0,,,
column support,,,柱载体;立柱架,,,,,0,0,,,
column support cage,,,层析管柱笼,,,,,0,0,,,
column supported pier,,,支柱式桥墩,,,,,0,0,,,
column sweep algorithm,,,[计] 列扫描算法,,,,,0,0,,,
column switching,,,柱转换,,,,,0,0,,,
column switching valve,,,柱转换阀,,,,,0,0,,,
column system,,,管柱系统,,,,,0,0,,,
column tag,,,柱标签,,,,,0,0,,,
column technology,,,柱工艺学,,,,,0,0,,,
column temperature,,,管柱温度,,,,,0,0,,,
column temperature gradient,,,[化] 柱温梯度,,,,,0,0,,,
column thermalizing,,,热化﹝中子﹞柱,,,,,0,0,,,
column throughput,,,管柱处理量,,,,,0,0,,,
column top,,,柱顶,,,,,0,0,,,
column total,ˈkɔləm ˈtəutəl,, [财]账栏合计数,,,,,0,0,,,
column totals,,,[经] 金额栏总计,,,,,0,0,,,
column transposition,,,[计] 列换位,,,,,0,0,,,
column travel,,,[机] 床柱行程,,,,,0,0,,,
column tray,,,[化] 塔板,,,,,0,0,,,
column tube,,,柱形管;转向轴管,,,,,0,0,,,
column tube material,,,柱管材料,,,,,0,0,,,
column type,,,柱型,,,,,0,0,,,
column type scrubber,,,"塔式清洁器, 柱式洗气器；柱式洗涤器",,,,,0,0,,,
column type steam hydraulic press,,,柱形蒸汽水压机,,,,,0,0,,,
column value,,,"列值, 行值",,,,,0,0,,,
column valve,,,柱阀,,,,,0,0,,,
column variable,,,行变数,,,,,0,0,,,
column vector,,,[计] 列向量\n[化] 列向量,,,,,0,0,,,
column vector of constants,,,un. 常数的列向和,,,,,0,0,,,
column vibrator,,,振柱器,,,,,0,0,,,
column void volume,,,[化] 柱空体积,,,,,0,0,,,
column volume,,,[化] 柱床体积,,,,,0,0,,,
column wall,,,[化] 柱壁; 柱内壁,,,,,0,0,,,
column warp,,,列整理,,,,,0,0,,,
column washer,,,[化] 洗涤塔,,,,,0,0,,,
column water,,,水柱,,,,,0,0,,,
column wheel,,,"圆柱齿轮,导柱轮",,,,,0,0,,,
column wheel stud,,,柱轮桩,,,,,0,0,,,
column width,,,[计] 列宽,,,,,0,0,,,
column with clamped ends,,,固定端柱,,,,,0,0,,,
column with constant cross sections,,,等截面柱,,,,,0,0,,,
column with constant cross-section,,,等截面柱,,,,,0,0,,,
column with cranked head,,,弓形床架,,,,,0,0,,,
column with eccentric load,,,un. 有偏心载荷的柱,,,,,0,0,,,
column with lateral reinforcement,,,横向钢筋柱,,,,,0,0,,,
column with spiral hooping,,,螺旋钢筋柱;螺旋箍筋柱,,,,,0,0,,,
column with steel hooping,,,螺旋箍筋柱,,,,,0,0,,,
column with variable cross sections,,,un. 变截面柱,,,,,0,0,,,
column wrap,,,[计] 列环绕,,,,,0,0,,,
column wrench set,,,管柱扳手套组,,,,,0,0,,,
column yield stress,,,柱降伏应力,,,,,0,0,,,
column's of Goll,,,果尔氏束,,,,,0,0,,,
column(pillar),,,柱,,,,,0,0,,,
column-adding routine,,,[计] 按列相加程序,,,,,0,0,,,
column-bearing plates,,,[建] 承受储器支架的薄板,,,,,0,0,,,
column-binary,,,直列二进制，竖式二进制数，竖式二进制码,,,,,0,0,,,
column-binary card,,,竖式二进制卡片,,,,,0,0,,,
column-binary code,,,[计] 竖式二进制代码,,,,,0,0,,,
column-binary mode,,,竖式二进制方式,,,,,0,0,,,
column-binary read,,,[计] 竖式二进制读出,,,,,0,0,,,
column-free,,,un. 无列\n[网络] 无中柱空间设计；圆柱的地铁站,,,,,0,0,,,
column-inch,ˈkɔləmˌɪntʃ,,n. 栏英寸,,,,,0,0,s:column-inches,,
column-inches,,plural of column-inch,(column-inch 的复数) n. 栏英寸,,,,,0,0,0:column-inch/1:s,,
column-level encryption,,,[网络] 欄位等级加密；栏位等级加密,,,,,0,0,,,
column-like,,, 类柱,,,,,0,0,,,
column-major array layout,,,主栏阵列布局,,,,,0,0,,,
column-parity field,,,列奇偶校验字段,,,,,0,0,,,
column-programming,,,"变换柱,程序换柱",,,,,0,0,,,
column-rank,,,列秩,,,,,0,0,,,
column-reduced standard echelon matrix,,,化列标准阶梯矩阵,,,,,0,0,,,
column-shift unit,,,移列部件,,,,,0,0,,,
column-stabilized type drilling rig,,,柱稳定型钻油船,,,,,0,0,,,
column-type enlarger,,,立柱式放大机,,,,,0,0,,,
column-type pressure gauge,,,[力] 支柱式测力计,,,,,0,0,,,
column-writing,,,[网络] 专栏文章,,,,,0,0,,,
column? rectales,,,直肠柱,,,,,0,0,,,
column? renales,,,肾柱,,,,,0,0,,,
column? rugarum,,,皱襀柱,,,,,0,0,,,
columna,,,[医] 柱,,,,,0,0,,,
Columna anterior,,,<拉>前柱,,,,,0,0,,,
columna anterior medullae spinalis,,,脊髓前灰柱;脊髓前柱,,,,,0,0,,,
columna anterius medullae spinalis,,,脊髓腹侧柱,,,,,0,0,,,
columna autonomica,,,脊髓自主性柱,,,,,0,0,,,
Columna fornicis,,,<拉>穹窿柱,,,,,0,0,,,
Columna grisea,,,<拉>灰质柱,,,,,0,0,,,
columna intermedio lateralis,,,脊髓自主性柱,,,,,0,0,,,
Columna lateralis,,,<拉>侧柱,,,,,0,0,,,
columna lateralis medullae spinalis,,,脊髓侧柱,,,,,0,0,,,
Columna posterior,,,<拉>后柱,,,,,0,0,,,
columna posterior medullae spinalis,,,脊髓背侧柱;脊髓后柱;后灰柱;后柱,,,,,0,0,,,
Columna rugarum anterior,,,<拉>前褶柱,,,,,0,0,,,
Columna rugarum posterior,,,<拉>后褶柱,,,,,0,0,,,
Columna vertebralis,,,<拉>脊柱,,,,,0,0,,,
columnae,,,[医] 柱,,,,,0,0,,,
columnae adiposae,,,[医] 皮下脂肪柱,,,,,0,0,,,
columnae albae chordae spinalis,,,"[医] 脊髓白质柱, 脊髓索",,,,,0,0,,,
columnae anales,,,"[医] 肛柱, 直肠柱",,,,,0,0,,,
columnae anterior,,,[医] 前灰柱(脊髓),,,,,0,0,,,
columnae Bertini,,,"[医] 肾柱, 贝坦氏柱, 肾隔",,,,,0,0,,,
columnae carneae,,,[医] (心)肉柱,,,,,0,0,,,
columnae carneopapiilaris posterior,,,[医] 后皱褶柱,,,,,0,0,,,
columnae carneopapillaris anterior,,,[医] 前皱褶柱,,,,,0,0,,,
columnae cinereae,,,[医] 灰柱,,,,,0,0,,,
columnae cordis,,,"[医] (心)肉柱, 梳状肌",,,,,0,0,,,
columnae cristarum vaginae,,,[医] 阴道皱褶柱,,,,,0,0,,,
columnae extremitatis inferioris,,,[医] 下肢柱(脊髓腰膨大部内),,,,,0,0,,,
columnae extremitatiS superioris,,,[医] 上肢柱(脊髓颈膨大部内),,,,,0,0,,,
columnae fornicis,,,[医] 穹隆柱,,,,,0,0,,,
columnae griseae,,,[医] 灰柱,,,,,0,0,,,
columnae intermediolateralis,,,[医] 中间外侧柱,,,,,0,0,,,
columnae lateralis,,,[医] 侧灰柱(脊髓),,,,,0,0,,,
columnae medialis,,,"[医] 内侧柱, 中间外侧柱",,,,,0,0,,,
columnae nasi,,,[医] 鼻中隔,,,,,0,0,,,
columnae papillares,,,[医] 乳头(状)肌,,,,,0,0,,,
columnae posterior,,,[医] 后(灰)柱(脊髓),,,,,0,0,,,
columnae rectales,,,"[医] 直肠柱, 肛柱",,,,,0,0,,,
columnae renales,,,[医] 肾柱,,,,,0,0,,,
columnae rugarum,,,[医] 阴道皱褶柱,,,,,0,0,,,
columnae rugarum anterior,,,[医] 前皱褶柱,,,,,0,0,,,
columnae rugarum posterior,,,[医] 后皱褶柱,,,,,0,0,,,
columnae rugarum vaginae,,,阴道褶柱,,,,,0,0,,,
columnae vaginalis,,,[医] 阴道皱褶柱,,,,,0,0,,,
columnae vertebralis,,,[医] 脊柱,,,,,0,0,,,
columnal,,,[建] 中柱,,,,,0,0,,,
columnals,,,[网络] 中柱,,,,,0,0,,,
columnar,kә'lʌmnә,s. characterized by columns,"a. 圆柱的, 圆筒形的, 分纵栏印刷或书写的\n[医] 柱状的",j:100,,,,29935,30259,,,
columnar account books,,,多栏(式账簿),,,,,0,0,,,
columnar account method,,,[经] 多栏式帐户法,,,,,0,0,,,
columnar aggragate,,, 柱状团聚体,,,,,0,0,,,
columnar alkali soil,,,柱状碱土,,,,,0,0,,,
columnar analysis,,,[经] 多栏式分析表,,,,,0,0,,,
columnar analysis sheet,,,分栏式分析表,,,,,0,0,,,
columnar architecture,,,列柱式建筑,,,,,0,0,,,
columnar basalt,,,柱状玄武岩,,,,,0,0,,,
columnar book,kəˈlʌmnə buk,, [财]多栏式账簿,,,,,0,0,,,
columnar books,,,[经] 多栏式帐簿,,,,,0,0,,,
columnar budget,kəˈlʌmnə ˈbʌdʒit,, [财]多栏式预算表,,,,,0,0,,,
columnar budgets,,,[经] 多栏式预算表,,,,,0,0,,,
columnar cash book,,,[经] 多栏式现金日记(出纳)帐,,,,,0,0,,,
columnar cash journal,,,un. 多栏式现金收入日记帐\n[网络] 多栏式现金日记账；多栏式现金日记帐,,,,,0,0,,,
columnar cash payment journal,,,[经] 多栏式现金支出日记帐,,,,,0,0,,,
columnar cash receipts journal,,,[经] 多栏式现金收入日记帐,,,,,0,0,,,
columnar cell,kəˈlʌmnə sel,, 柱状细胞,,,,,0,0,s:columnar cells,,
columnar cells,,,[植] 柱状细胞,,,,,0,0,0:columnar cell/1:s,,
columnar chain,,,耳柱鍊,,,,,0,0,,,
columnar cleavage,,,"柱状噼理，柱状解理, 柱状解理",,,,,0,0,,,
columnar coal,,,"柱煤, 柱状节理煤",,,,,0,0,,,
columnar crystal,,,[机] 柱状结晶,,,,,0,0,,,
columnar crystallization,,,状结晶,,,,,0,0,,,
columnar crystals,,,柱状晶,,,,,0,0,,,
columnar database,,,[网络] 纵列数据库；列的数据库；柱状数据库,,,,,0,0,,,
columnar deflection,,,柱变位;柱的纵向弯曲,,,,,0,0,,,
columnar epithelial cell,kəˈlʌmnə ˌepiˈθi:ljəl sel,, 柱状上皮细胞,,,,,0,0,s:columnar epithelial cells,,
columnar epithelial cells,,,柱状上皮的\n柱状上皮细胞,,,,,0,0,0:columnar epithelial cell/1:s,,
columnar epithelioma,,,[医] 柱状上皮瘤,,,,,0,0,,,
columnar epithelium,,,[医] 柱状上皮,,,,,0,0,,,
columnar ferrite,,,柱状铁素体,,,,,0,0,,,
columnar finger motion,,,柱指运动,,,,,0,0,,,
columnar form,,,柱状集合体,,,,,0,0,,,
columnar form budget,,,[经] 多栏式预算表,,,,,0,0,,,
columnar fracture,,,柱状断口,,,,,0,0,,,
columnar grain,,,柱状晶粒,,,,,0,0,,,
columnar grain casting,,,【材料学】柱状晶粒浇铸,,,,,0,0,,,
columnar grain formation,,,柱状晶粒组织,,,,,0,0,,,
columnar grain zone,,,状晶区,,,,,0,0,,,
columnar ice,,,【水文学】柱冰，柱状冰,,,,,0,0,,,
columnar interference,,,支柱干扰,,,,,0,0,,,
columnar ion exchange,,,式离子交换,,,,,0,0,,,
columnar ionization,,,柱状电离,,,,,0,0,,,
columnar joint,,,[建] 柱状节理,,,,,0,0,,,
columnar jointing,,,柱状节理,,,,,0,0,,,
columnar journal,,,[经] 多栏式日记帐,,,,,0,0,,,
columnar journals,,,[会计] 多栏式日记帐；柱状杂志,,,,,0,0,,,
columnar lava,,,柱状熔岩,,,,,0,0,,,
columnar layer,,,"[医] 杆体[锥体]层, 套层",,,,,0,0,,,
columnar ledger,,,[经] 多栏式分类帐,,,,,0,0,,,
columnar magnet,,,柱状磁体,,,,,0,0,,,
columnar order,,,柱型,,,,,0,0,,,
columnar organization,,,[化] 柱状组织,,,,,0,0,,,
columnar pier,,,[交] 柱式桥墩,,,,,0,0,,,
columnar pile,,,柱桩;端承桩,,,,,0,0,,,
columnar purchase book,,,un. 多栏式进货帐簿,,,,,0,0,,,
columnar recombination,,,"柱内游子复合, 柱状再结合",,,,,0,0,,,
columnar record,,,多栏记录，多栏式记录,,,,,0,0,,,
columnar records,,,"[经] 多栏式记录簿, 多栏式簿册",,,,,0,0,,,
columnar region,,,柱区域,,,,,0,0,,,
columnar resistance,,,柱电阻,,,,,0,0,,,
columnar sales,,,un. 多栏式销货帐簿,,,,,0,0,,,
columnar sales book,,,多栏式销货帐簿,,,,,0,0,,,
columnar section,,,[化] 柱状剖面,,,,,0,0,,,
columnar sheet,,,多栏式分析表,,,,,0,0,,,
columnar snow crystal,,,柱状雪晶,,,,,0,0,,,
columnar stem,,,柱状茎,,,,,0,0,,,
columnar structure,,,[机] 柱状组织,,,,,0,0,,,
columnar system,,,[经] 多栏式制度,,,,,0,0,,,
columnar transposition,,,列换位，行输送,,,,,0,0,,,
columnar type of flexible budget,,,[经] 多栏式弹性预算,,,,,0,0,,,
columnar type oil hydraulic press,,,柱式油压机,,,,,0,0,,,
columnar vortex,,,柱状涡旋,,,,,0,0,,,
columnar work form,,,un. 格状工作表格,,,,,0,0,,,
columnar work sheet,,,[经] 多栏式工作底稿,,,,,0,0,,,
columnar zone,,,柱状结晶区,,,,,0,0,,,
columnar(prismatic)structure,,,柱状构造,,,,,0,0,,,
columnar-celled carcinoma,,,[医] 柱状细胞癌,,,,,0,0,,,
columnar-like structure,,,拟柱状构造,,,,,0,0,,,
columnarcin,,,柱状粒球粘菌素,,,,,0,0,,,
Columnaria,,,柱珊瑚属〔D2〕,,,,,0,0,,,
columnarian,,,[网络] 柱状菌,,,,,0,0,,,
Columnaridae,,,柱珊瑚科,,,,,0,0,,,
columnarious,,,[网络] 柱状,,,,,0,0,,,
columnaris,,,[网络] 柱状病；丽人；注状病,,,,,0,0,,,
columnaris disease,,,【兽医学】柱形病,,,,,0,0,,,
columnarish,,,[网络] 柱状,,,,,0,0,,,
columnarity,,n. The state or quality of being columnar.,n. columnar的变形,,,,,0,0,,,
columnary,,,[网络] 柱状,,,,,0,0,,,
columnas,,,[网络] 柱庭,,,,,0,0,,,
columnasis disease,,,柱状病{鱼病},,,,,0,0,,,
columnate,'kəlʌmneɪt,,vt. 聚焦,,,,,0,0,,,
columnated,,"a. Having columns; as, columnated temples.",a. column的变形,,,,,0,0,,,
columnated window stairs,,,柱支楼梯,,,,,0,0,,,
columnation,,,[网络] 聚焦,,,,,0,0,,,
columnea,,,[网络] 细叶金鱼花；鲸鱼花；金鱼花属,,,,,0,0,s:columneas,,
columnea purpurata,,,毛苦苣苔,,,,,0,0,,,
columneas,,,[网络] 可伦花,,,,,0,0,0:columnea/1:s,,
columned,'kɒlәmd,a. having or resembling columns; having columns of a specified kind (often used as a combining form),"a. 圆柱状的, 立有圆柱的",j:100,,,,40761,35784,,,
columned pneumatic flotation machine,,,浮选柱,,,,,0,0,,,
columnella,,,[医] 小柱,,,,,0,0,,,
columner diffraction pattern,,,un. 柱状衍射花样,,,,,0,0,,,
columniated,,,[网络] 分栏,,,,,0,0,,,
columniation,kә.lʌmni'eiʃәn,n. (architecture) the arrangement of columns (especially freestanding columns) in a structure,"n. 列柱, 列柱式",,,,,0,0,s:columniations,,
columniations,"kə,lʌmnɪ'eɪʃən",,n. 列柱；列柱式,,,,,0,0,0:columniation/1:s,,
columniferous,,,[网络] 有斑点的,,,,,0,0,,,
columniform,kә'lʌmnifɔ:m,s. having the form of a column,a. 圆柱形的,,,,,0,0,,,
columning,,,[医] 棉塞支托法(对子宫脱垂),,,,,0,0,,,
columnist,'kɒlәmist,n. a journalist who writes editorials,n. 专栏作家,n:100,2,,,14755,4402,s:columnists,,
columnists,ˈkɔləmnists,n. a journalist who writes editorials,n. 专栏作家( columnist的复数形式 ),,,,,0,0,0:columnist/1:s,,
columnization,,,[医] 棉塞支托法(对子宫脱垂),,,,,0,0,,,
columnize,,,[网络] 横排时中文无法使用分栏,,,,,0,0,,,
columnized,,,[网络] 列化,,,,,0,0,,,
columnizes,,,[网络] 列化,,,,,0,0,,,
columnizing,,,[网络] 列化,,,,,0,0,,,
columnless,,,[网络] 无柱,,,,,0,0,,,
columnlike,,,[网络] 柱状,,,,,0,0,,,
columns,,n a line of units following one after another\nn a vertical glass tube used in column chromatography; a mixture is poured in the top and washed through a stationary substance where components of the mixture are adsorbed selectively to form colored bands\nn a vertical array of numbers or other information\nn anything that approximates the shape of a column or tower\nn an article giving opinions or perspectives\nn a vertical cylindrical structure standing alone and not supporting anything (such as a monument)\nn (architecture) a tall vertical cylindrical structure standing upright and used to support a structure\nn a page or text that is vertically divided\nn any tubular or pillar-like supporting structure in the body,塔器,,,,,0,0,0:column/1:s,,
columns in series,,,[化] 串联柱; 串联塔,,,,,0,0,,,
columns of abdominal ring,,,[医] 腹股沟管皮下环脚,,,,,0,0,,,
columns of Bertin,,,"[医] 贝坦氏柱, 肾柱, 肾隔",,,,,0,0,,,
columns of Morgagni,,,"[医] 莫尔加尼氏柱, 直肠柱",,,,,0,0,,,
columns of ruga,,,褶柱,,,,,0,0,,,
columns of rugae,,,褶柱,,,,,0,0,,,
columns of rugae of vagina,,,阴道褶柱,,,,,0,0,,,
Columns to Repeat at Left,,,靠左复制列,,,,,0,0,,,
columns-of ore,,,矿脉柱,,,,,0,0,,,
columnstore index,,,[网络] 索引；资料存放区索引；资料行存放区索引,,,,,0,0,,,
columntator,'kɔləmteitə,,n. 专栏(时事)评论家,,,,,0,0,,,
columnwise,,,"[计] 列式的, 直行式的",,,,,0,0,,,
colums,,,[网络] 环境,,,,,0,0,0:colum/1:s,,
columu,,,"n. 列,柱,栏",,,,,0,0,,,
columu binary read,,,竖式二进制读取,,,,,0,0,,,
Coluna,,,[地名] 科卢纳 ( 巴西 ),,,,,0,0,,,
colunar triangle,,,共月三角形,,,,,0,0,,,
Colunga,,,[地名] 科伦加 ( 西 ),,,,,0,0,,,
colunmar,,,"[建] 中柱的, 针状的",,,,,0,0,,,
colup,,,[网络] 哥们,,,,,0,0,,,
"Colupo, Cerro",,,[地名] 科卢波峰 ( 智 ),,,,,0,0,,,
colupulone,kəlu:pjʊl'wʌn,, [医]科酒花酮,,,,,0,0,,,
colur,,,[网络] 颜色,,,,,0,0,,,
colura,,,[网络] 管叶苔属,,,,,0,0,,,
colura inuii,,,印氏管叶藓,,,,,0,0,,,
colurabianum oesophagostomum,,,哥伦比亚广口线虫,,,,,0,0,,,
coluracetam,,,[网络] 考拉西坦,,,,,0,0,,,
colure,kә'ljuә,"n. One of two great circles intersecting at right angles in\n   the poles of the equator. One of them passes through the equinoctial\n   points, and hence is denominated the equinoctial colure; the other\n   intersects the equator at the distance of 90� from the former, and is\n   called the solstitial colure.",n. 分至圈,,,,,0,0,,,
colurella adriatica,,,爱德里亚狭甲轮虫,,,,,0,0,,,
colurella obtusa,,,钝角狭甲轮虫,,,,,0,0,,,
colurella uncinata,,,钩状狭甲轮虫,,,,,0,0,,,
colures,kə'ljʊə,pl.  of Colure,n. 分至圈；分至经线,,,,,0,0,,,
Coluria,,,n. 无尾果属,,,,,0,0,,,
Coluria henryi,,,n. 大头叶无尾果,,,,,0,0,,,
Coluria longifolia,,,n. 无尾果,,,,,0,0,,,
Coluria oligocarpa,,,n. 汶川无尾果,,,,,0,0,,,
Coluria purdomii,,,[网络] 秦岭无尾果,,,,,0,0,,,
Coluric,,,秋水仙碱,,,,,0,0,,,
colurolejeunea naumanni schiffn. et gott.,,,捕虫苔,,,,,0,0,,,
colurt,,,[网络] 柯尔特,,,,,0,0,,,
colus aurorae,,,中途岛峨螺,,,,,0,0,,,
colus hayashii,,,林氏峨螺,,,,,0,0,,,
colus schellenbergiae,,,三叉假鬼笔,,,,,0,0,,,
colus tashiensis,,,大溪峨螺,,,,,0,0,,,
colusa,,, [地名] [美国] 科卢萨,,,,,0,0,,,
Colusa County,,,[地名] 科卢萨县 ( 美 ),,,,,0,0,,,
Colusa National Wildlife Refuge,,,[地名] 科卢萨国家野生动物保护区 ( 美 ),,,,,0,0,,,
colusion,,,[网络] 串通舞弊,,,,,0,0,,,
colusite,'kɔljusait,,硫钒锡铜矿,,,,,0,0,,,
Colussi,,,Colussi 原理,,,,,0,0,,,
Colutea,,,[网络] 鱼鳔槐属；膀胱番泻树；膀胱豆属,,,,,0,0,s:coluteas,,
Colutea arborescens,,,[网络] 鱼鳔槐；鱼鳔槐属；鱼鳔豆,,,,,0,0,s:colutea arborescenss,,
colutea arborescenss,,,[网络] 鱼鳔槐；鱼鳔槐属；鱼鳔豆\n(colutea arborescens 的复数),,,,,0,0,0:colutea arborescens/1:s,,
Colutea delavayi,,,n. 膀胱豆,,,,,0,0,,,
colutea delavayi franch.,,,命子花（东北）；无路花（东北）,,,,,0,0,,,
Colutea media,,,[网络] 杂种鱼鳔槐,,,,,0,0,,,
Colutea nepalensis,,,n. 尼泊尔鱼鳔槐,,,,,0,0,,,
coluteas,,,[网络] 鱼鳔槐属；膀胱番泻树；膀胱豆属\n(colutea 的复数),,,,,0,0,0:colutea/1:s,,
coluzzi,,,科卢齐,,,,,0,0,,,
Colva,'kɔlvә,,[德]科尔瓦（纺前染色粘胶短纤维）,,,,,0,0,,,
Colvadur,kɔl'vɑ:dju,,[德]科尔瓦杜尔（高强力粘胶短纤维）,,,,,0,0,,,
Colvalise,,,"氯贝丁酯,安妥明,氯苯丁酯,降脂乙酯,祛脂乙酯,冠心平,心血安,心血定,对氯苯异氧丁酸乙酯",,,,,0,0,,,
colvard,,, [人名] 科尔瓦德,,,,,0,0,,,
Colvasone,,,"地塞米松,氟美松,氟甲强的松龙",,,,,0,0,,,
colvent inlet,,,溶剂入口,,,,,0,0,,,
colver,,,[地名] 科尔弗 ( 美 ),,,,,0,0,,,
colvere,,,[网络] 严重,,,,,0,0,,,
colvert,,,[网络] 烤绿颈小野鸭,,,,,0,0,,,
colvill,,, [人名] 科尔维尔,,,,,0,0,,,
Colville,,,n. (Colville)人名；(英)科尔维尔,,,,,44077,0,,,
Colville B.,,,[地名] 科尔维尔湾 ( 新西 ),,,,,0,0,,,
Colville Chan.,,,[地名] 科尔维尔海峡 ( 新西 ),,,,,0,0,,,
Colville Indian Reservation,,,[地名] 科尔维尔印第安人居留地 ( 美 ),,,,,0,0,,,
colville l.,,,科尔维湖,,,,,0,0,,,
Colville R.,,,[地名] 科尔维尔河 ( 美 ),,,,,0,0,,,
colville ra.,,,科尔维岭,,,,,0,0,,,
Colville Ridge,,,[地名] 科尔维尔海岭 ( 太平洋 ),,,,,0,0,,,
Colville Rock,,,[地名] 科尔维尔岩 ( 英 ),,,,,0,0,,,
"Colville, C.",,,[地名] 科尔维尔角 ( 新西 ),,,,,0,0,,,
"Colville, L.",,,[地名] 科尔维尔湖 ( 澳、加 ),,,,,0,0,,,
colvilles,,,[网络] 科尔维尔公司,,,,,0,0,,,
Colvin,'kɔlvin,,科尔文（姓氏）,,,,,29661,0,,,
Colvister,,,雌三醇环戊醚,,,,,0,0,,,
colvos pass.,,,科尔弗斯海崃,,,,,0,0,,,
Colwall,,,[地名] 科尔沃尔 ( 英 ),,,,,0,0,,,
colward,,,[网络] 低头,,,,,0,0,,,
colway,,,[网络] 考维,,,,,0,0,s:colways,,
colways,,,[网络] 考维\n(colway 的复数),,,,,0,0,0:colway/1:s,,
colwell,,," [人名] [英格兰人姓氏] 科尔韦尔住所名称，来源于古英语，含义是“煤，或凉+泉，溪流”(coal,or cool+spring,stream); [地名] [美国] 科尔韦尔",,,,,0,0,s:colwells,,
colwells,,," [人名] [英格兰人姓氏] 科尔韦尔住所名称，来源于古英语，含义是“煤，或凉+泉，溪流”(coal,or cool+spring,stream); [地名] [美国] 科尔韦尔\n(colwell 的复数)",,,,,0,0,0:colwell/1:s,,
Colwich,,,[地名] 科尔威奇 ( 美、英 ),,,,,0,0,,,
colwick,'kɔlwik,,考而维希干酪（一种英国的软干酪）,,,,,0,0,,,
colwidth,,,列宽,,,,,0,0,,,
colwill,,, [人名] [英格兰人姓氏] 科尔威尔 Colwell的变体,,,,,0,0,s:colwills,,
colwills,,, [人名] [英格兰人姓氏] 科尔威尔 Colwell的变体\n(colwill 的复数),,,,,0,0,0:colwill/1:s,,
colwin,,, [人名] 科尔文,,,,,0,0,,,
colwort,,,[网络] 草甘膦,,,,,0,0,,,
colwyd,,,[网络] 哥伦布,,,,,0,0,,,
Colwyn,,,科尔温（英国地名）,,,,,29258,0,,,
Colwyn Bay,,,[地名] 科尔温湾 ( 英 ),,,,,0,0,,,
coly,'kәjli,n. Any bird of the genus Colius and allied genera. They inhabit\n   Africa.,"n. [鸟]鼠鸟,齿鹑",,,,,0,0,,,
Coly-My,,,粘菌素E,,,,,0,0,,,
Coly-mycin,,,多粘菌素E,,,,,0,0,,,
colyar,,, [人名] 科利亚尔,,,,,0,0,,,
Colydiidae,'kəulididi:,,n. 【昆虫】坚甲科,,,,,0,0,,,
colydiids,,,[网络] colydiid,,,,,0,0,,,
colyer,,, [人名] [英格兰人姓氏] 科利尔 Collier的变体,,,,,0,0,,,
Colyford,,,[地名] 科利福德 ( 英 ),,,,,0,0,,,
colyleden fimbriata turcz. var. ramosissima maxim.,,,瓦松(H.C.)(G)(D);昨叶何草（图考）,,,,,0,0,,,
Colymbiformes,,,[网络] 扒鸊鹈目；鷈形目；鹱形目,,,,,0,0,s:colymbiformess,,
colymbiformess,,,[网络] 扒鸊鹈目；鷈形目；鹱形目\n(colymbiformes 的复数),,,,,0,0,0:colymbiformes/1:s,,
colymycin,,,[化] 多粘菌素E; 粘杆菌素\n[医] 粘菌素,,,,,0,0,,,
Colymycin-M,,,粘菌素M,,,,,0,0,,,
colyn,,,[网络] 末言；柯林；科林,,,,,0,0,,,
Colyonal,,,糖酐酯,,,,,0,0,,,
colyone,,,[医] 抑素,,,,,0,0,,,
colyonic,,,[医] 抑素的,,,,,0,0,,,
colypeptic,,,"[医] 抑制消化的, 调整消化的",,,,,0,0,,,
colyphrenia,,,[医] 精神过度抑制,,,,,0,0,,,
colys,'kəʊlɪ,,n. 【鸟类】鼠鸟科(Coliidae)鼠鸟[亦称作mousebird],,,,,0,0,,,
colyseptic,,,[医] 防腐的,,,,,0,0,,,
Colysis,,,n. 线蕨属,,,,,0,0,,,
colysis elliptica,,,椭圆线蕨,,,,,0,0,,,
colysis hemionitidea,,,断线蕨,,,,,0,0,,,
colysis hemionitidea pr.,,,断线蕨,,,,,0,0,,,
colysis henryi,,,亨利氏线蕨,,,,,0,0,,,
colysis henryi ching,,,亨利氏线蕨,,,,,0,0,,,
colysis shintenensis,,,新店线蕨,,,,,0,0,,,
colysis simplici-frous tagawa,,,长柄线蕨,,,,,0,0,,,
colysis wrightii,,,莱氏线蕨,,,,,0,0,,,
colysis wrightii (hook.) ching,,,莱氏线蕨,,,,,0,0,,,
colysis wrightii ching var. henryi tagawa,,,亨氏线蕨,,,,,0,0,,,
colytic,,,[医] 抑制的,,,,,0,0,,,
Colyton,,,[地名] 科利顿 ( 英 ),,,,,0,0,,,
colytropia,,,"非共同性斜视,非共转性斜视",,,,,0,0,,,
colza,'kɒlzә,n Eurasian plant cultivated for its seed and as a forage crop,"n. 菜种, 菜籽\n[建] 菜子油",,,,,0,0,s:colzas,,
colza oil,,,[化] 菜油; 菜子油\n[医] 菜[子]油,,,,,0,0,s:colza oils,,
colza oils,,,菜籽油；菜油,,,,,0,0,0:colza oil/1:s,,
colzae oleum chloriodisatum,,,[医] 氯碘化芸苔子油(X线造影剂),,,,,0,0,,,
colzas,'kɒlzə,,n. 菜种；菜籽,,,,,0,0,0:colza/1:s,,
Colón,,,[地名] 科隆 ( 阿根、巴拿、秘、多米共、古、洪、墨、委、乌拉 ),,,,,0,0,,,
Colón Ridge,,,[地名] 科隆海岭 ( 太平洋 ),,,,,0,0,,,
"Colón, Arch.de(Galápagos Is.)",,,[地名] 科隆群岛(加拉帕戈斯群岛) ( 厄 ),,,,,0,0,,,
"Colón, Dep.de",,,[地名] 科隆省 ( 洪 ),,,,,0,0,,,
"Colón, I.de",,,[地名] 科隆岛 ( 巴拿 ),,,,,0,0,,,
"Colón, L.",,,[地名] 科隆湖 ( 巴拉 ),,,,,0,0,,,
"Colón, Mts.de",,,[地名] 科隆山 ( 洪 ),,,,,0,0,,,
"Colón, Prov.de",,,[地名] 科隆省 ( 巴拿 ),,,,,0,0,,,
Colômbia,,,[地名] 哥伦比亚 ( 巴西 ),,,,,0,0,,,
"Colônia, R.",,,[地名] 科洛尼亚河 ( 巴西 ),,,,,0,0,,,
COM,,,[计] 计算机输出缩微胶片; 计算机输出胶片缩微机,,,,,26388,0,s:coms,,
COM 1-4,,,[计] 通信口1-4,,,,,0,0,,,
COM automation,,,[网络] 自动化,,,,,0,0,,,
COM callable wrapper,,,[网络] 和可调用封装器,,,,,0,0,,,
com device,,,计算机输出微缩胶卷装置,,,,,0,0,,,
COM Express,,,[网络] 计算机模块,,,,,0,0,,,
com file,,,【计算机】计算机输出缩微胶片文件,,,,,0,0,,,
COM graph plotter,,,[计] 计算机输出缩微胶片输出绘图仪,,,,,0,0,,,
COM object,,,COM对象,,,,,0,0,,,
com op tev for,,,作战测试部队司令,,,,,0,0,,,
COM plotter/printer,,,[计] 计算机输出缩微胶片微缩绘图仪或印刷机,,,,,0,0,,,
COM port,,,COM端口\n[计] COM端口,,,,,0,0,,,
COM printer,,,[计] 计算机输出缩微胶片输出印刷机,,,,,0,0,,,
COM recorder,,,计算机输出微缩胶卷记录器,,,,,0,0,,,
com setup data,,,COM 设置资料,,,,,0,0,,,
com setup utility,,,COM 设置公用程式,,,,,0,0,,,
Com Z,,,abbr. <美>Communication Zone 兵站区,,,,,0,0,,,
com'l.,,,[网络] 放课后；通用端口,,,,,0,0,,,
com'on,,,[网络] 公共电路电源开；合型,,,,,0,0,,,
Com'r.,,,[网络] 取补,,,,,0,0,,,
com-,"kɔm, kәm, kʌm"," A prefix from the Latin preposition cum, signifying with,\n   together, in conjunction, very, etc. It is used in the form com- before\n   b, m, p, and sometimes f, and by assimilation becomes col- before l,\n   cor- before r, and con- before any consonant except b, h, l, m, p, r,\n   and w. Before a vowel com- becomes co-; also before h, w, and sometimes\n   before other consonants.","[前缀]表示“共同, 联合”之义",,,,,0,0,s:scsosms-s,,
Com-A-sepharose,,,伴刀豆球朊A-琼脂糖凝胶,,,,,0,0,,,
com-case,,,[网络] com案,,,,,0,0,,,
com-com,,,[网络] 申请加入；网易；设为主页,,,,,0,0,,,
com-ing,'kʌmɪŋ,,adj. 即将到来的；接着的；前途有望的\nn. 来到；到达\nv. 来（come的ing形式）,,,,,0,0,,,
com-mand,,,[网络] 命令,,,,,0,0,,,
com-mander,kə'mɑːndə,,n. 指挥官；司令官,,,,,0,0,,,
com-mence,kə'mens,,vt. 开始；着手\nvi. 使……开始；使……得学位,,,,,0,0,s:com-mences,,
com-mences,,,开始,,,,,0,0,0:com-mence/1:s,,
com-mented,'kɒment,,n. 评论；意见；批评\nvi. 发表评论；发表意见\nvt. 为…作评语\nn. (Comment)人名；(德)科门特；(法)科芒,,,,,0,0,,,
com-mingled,kɒ'mɪŋg(ə)l,,vt. 使混合；掺和\nvi. 混合,,,,,0,0,,,
com-mon,,,[网络] 共阴极；共阳极,,,,,0,0,,,
com-munities,,plural of com-munity,(com-munity 的复数) n. 社区；[生态] 群落；共同体；团体,,,,,0,0,0:com-munity/1:s,,
com-munity,kə'mjuːnɪtɪ,,n. 社区；[生态] 群落；共同体；团体,,,,,0,0,s:com-munities,,
com-panies,ˈkɔmpəniz,,n. 公司，企业；伙伴（company的复数形式）；公司财产\nv. 陪伴，伴随（company的三单形式）,,,,,0,0,,,
com-pany,,,[网络] 同伴；公司；公司化,,,,,0,0,,,
com-plained,kəm'pleɪnd,,诉苦,,,,,0,0,,,
com-posted,'kɒmpɒst,,n. 堆肥；混合物\nvt. 堆肥；施堆肥,,,,,0,0,,,
com-posting,'kɔmpɔstiŋ,,n. 堆肥化；堆制肥料\nv. 把…做成堆肥（compost的ing形式）,,,,,0,0,,,
com-unit,,,[网络] 通信器,,,,,0,0,,,
Com.,,,"abbr. command 命令, 指挥",,,,,0,0,,,
Com. & L.,,,[网络] 放课后；通用端口,,,,,0,0,,,
Com. B.,,,[网络] 梳子,,,,,0,0,,,
Com. C.,,,[网络] 公共参考；联系我们；中的编码惯例与注释,,,,,0,0,,,
Com. Con.,,,[网络] 表示,,,,,0,0,,,
Com. L.,,,[网络] 放课后；通用端口,,,,,0,0,,,
Com. S.,,,[网络] 梅田；设为主页,,,,,0,0,,,
Com.in Chf.,,,abbr. Commander in Chief,,,,,0,0,,,
com.o,'kəuməu,,Como\n['kəuməu]\n科摩(意大利北部城市)\nLake， 科摩湖(意大利北部湖泊),,,,,0,0,,,
Com.Ver.,,,abbr. Common Version (of the Bible),,,,,0,0,,,
COM4,,,[网络] 康姆四,,,,,0,0,,,
coma,'kәumә,n. a state of deep and often prolonged unconsciousness; usually the result of disease or injury\nn. (botany) a usually terminal tuft of bracts (as in the pineapple) or tuft of hairs (especially on certain seeds)\nn. (astronomy) the luminous cloud of particles surrounding the frozen nucleus of a comet; forms as the comet approaches the sun and is warmed,"n. 昏迷, 麻木, 彗发\n[化] 彗差; 彗形像差",n:100,1,,gre,12065,9163,s:comas,,
coma aberration,,,慧形象差[失真],,,,,0,0,,,
coma apoplectic,,,"[医] 中风昏迷, 卒中昏迷",,,,,0,0,,,
Coma Berenices,,,后发星座,,,,,0,0,s:coma berenicess,,
coma berenicess,"'kəumə,beri'naisi:z",,"Coma Berenices\n['kəumə,beri'naisi:z]\n[所有格]Comae Berenices 【天文学】后发星座",,,,,0,0,0:coma berenices/1:s,,
coma bobe,,,[电] 偏馈波瓣,,,,,0,0,,,
coma carcinomatosum,,,[医] 癌性昏迷,,,,,0,0,,,
coma cast,,,"[医] 昏迷[兆]管型, 屈耳茨氏圆柱",,,,,0,0,,,
Coma cluster,,,后发座星系团,,,,,0,0,,,
coma diabetic,,,[医] 糖尿病性昏迷,,,,,0,0,,,
coma hepaticum,,,肝昏迷;肝性昏迷,,,,,0,0,,,
coma hypochloraemicum,,,[医] 低氯性昏迷,,,,,0,0,,,
coma in moderate depth,,,中度昏迷,,,,,0,0,,,
coma lobe,,,彗形波瓣,,,,,0,0,,,
coma pyloricum,,,[医] 幽门痉挛性昏迷(乳婴),,,,,0,0,,,
coma stage,,,昏迷期,,,,,0,0,,,
Coma supercluster,,,[网络] 后发座超星系团,,,,,0,0,,,
Coma type cluster,,,[天] 后发座型星系团,,,,,0,0,,,
coma vigil,,,"[医] 睁眼昏迷, 醒状昏迷",,,,,0,0,,,
coma vigile,,,[网络] 昏迷气氛,,,,,0,0,,,
COMA-A,,,"[=cyclophospharnide(Cytoxan),Oncovin,(vincriStine),methotrexate-citrovorum factor,Adriamycin(doxorubicin),and ara-C(cytarabine)]环磷酰胺、长春新硷、氨甲喋呤-柠胶因子、阿霉素和阿糖胞甙",,,,,0,0,,,
coma-free,,,[网络] 慧差消除；无慧差,,,,,0,0,,,
coma-free lens antenna,,,无发状波瓣之透镜天线,,,,,0,0,,,
COMAC,,,abbr. Continuous Multiple Access Collator 连续多次存取校对程序,,,,,0,0,,,
comacchio (comactium),,,科马奇欧 (科马提姆),,,,,0,0,,,
"Comacchio, Valli di",,,[地名] 科马基奥潟湖 ( 意 ),,,,,0,0,,,
comade,,,[网络] 游侠,,,,,0,0,,,
comadre,,,[网络] 教母,,,,,0,0,,,
comadrenal,,,肾上腺色素缩氨脲,,,,,0,0,,,
comae,,,n. 【医】昏迷(状态)；【天】(彗星的)彗发；怠惰；麻木\n[网络] 菊科,,,,,0,0,,,
COMAFFOR,,,[网络] 空军部队指挥官；空军部队司令,,,,,0,0,,,
COMAFP,,,[=Committee of Medical Aspects of Food Policy]食品政策医学问题委员会,,,,,0,0,,,
comag,,,[网络] 磁分离；柯曼克；磁加载絮凝,,,,,0,0,s:comags,,
comagmatic,,,[网络] 同源岩浆的,,,,,0,0,,,
comagmatic assemblage,,,同源岩浆岩组,,,,,0,0,,,
comagmatic region,,,同源岩浆区,,,,,0,0,,,
comagmatic rock,,,同源岩浆岩,,,,,0,0,,,
comagmatic rocks,,,同源岩浆岩,,,,,0,0,,,
comags,,plural of comag,(comag 的复数) [网络] 磁分离；柯曼克；磁加载絮凝,,,,,0,0,0:comag/1:s3,,
comair,,,abbr. Commercial Airways 商业航线; Commercial Airways Ltd. <南非>商业航空公司,,,,,0,0,s:comairs,,
comairs,,,abbr. Commercial Airways 商业航线; Commercial Airways Ltd. <南非>商业航空公司\n(comair 的复数),,,,,0,0,0:comair/1:s,,
comajor,,,[网络] 同志,,,,,0,0,,,
comajors,,,[网络] 专业,,,,,0,0,,,
comake,'kәumeik,,vt.(为保证借款人履行义务) 共同在(借据)上签字,,,,,0,0,,,
comaker,,,[经] 联合出票人,,,,,0,0,,,
comakers,,,n. 联署者；共同签字者,,,,,0,0,,,
comal,kәu'mɑ:l,s of certain seeds (such as cotton) having a tuft or tufts of hair,烤盘,j:100,,,,0,42053,,,
Comal County,,,[地名] 科马尔县 ( 美 ),,,,,0,0,,,
comal tuft,,,冠状簇,,,,,0,0,,,
Comala,,,科马拉,,,,,0,0,,,
Comalapa,,,[地名] 科马拉帕 ( 尼加、萨、危 ),,,,,0,0,,,
Comalcalco,,,[地名] 科马尔卡尔科 ( 墨 ),,,,,0,0,,,
Comallo,,,[地名] 科马约 ( 阿根 ),,,,,0,0,,,
"Comallo, Arroyo",,,[地名] 科马约河 ( 阿根 ),,,,,0,0,,,
comament,,,[网络] 好的,,,,,0,0,,,
Comamonadaceae,,,丛毛单胞菌科,,,,,0,0,,,
Comamonas,,,丛毛平胞菌属,,,,,0,0,,,
comamonas composti,,,堆肥丛毛单胞菌,,,,,0,0,,,
comamonas odontotermites,,,土白蚁丛毛单胞菌,,,,,0,0,,,
comamonas odontotermitis,,,土白蚁丛毛单胞菌,,,,,0,0,,,
coman,,, [人名] 科曼,,,,,0,0,s:comen,,
comana,,, [地名] [罗马尼亚、土耳其] 科马纳,,,,,0,0,,,
comana de sus,,,科马纳苏斯,,,,,0,0,,,
comanage,,,[网络] 共同管理,,,,,0,0,,,
comanaged,,,[网络] 共同的,,,,,0,0,,,
comanagement,kәu'mæneidʒmәnt,,n. 共同经营(指工人参与企业管理),,,,,0,0,,,
comanagements,kəu'mænədʒmənt,,n. 共同经营（指工人参与企业管理）,,,,,0,0,,,
comanager,,,[网络] 经理,,,,,0,0,,,
comanchaca,",kәu'mæntʃækә",,科芒恰卡雾,,,,,0,0,,,
Comanche,kәu'mæntʃi:,n. a member of the Shoshonean people who formerly lived between Wyoming and the Mexican border but are now chiefly in Oklahoma\nn. the Shoshonean language spoken by the Comanche,n. 科曼契人,,,,,0,0,s:comanches,,
Comanche County,,,[地名] 科曼切县 ( 美 ),,,,,0,0,,,
Comanchean,kәu'mæntʃiәn,,a. [地质]卡曼奇纪的,,,,,0,0,,,
comancheite,,,n. 卤汞石\n[网络] 溴汞石,,,,,0,0,,,
Comanchero,,,[网络] 考玛切罗；哥曼切罗；飞车党科曼切罗,,,,,0,0,,,
comancheros,,,[网络] 西部黑手党,,,,,0,0,,,
comanches,,"n. pl. A warlike, savage, and nomadic tribe of the Shoshone\n   family of Indians, inhabiting Mexico and the adjacent parts of the\n   United States; -- called also Paducahs. They are noted for plundering\n   and cruelty.",n. （北美印第安人的）科曼奇族（语）( Comanche的名词复数 ); [地名] [美国] 科曼切,,,,,0,0,0:comanch/1:s,,
Comanchian,,,科曼齐系,,,,,0,0,,,
comanchian system,,,"科曼齐系〔K1〕, 科曼齐系〔早白垩纪〕, 科曼齐系（下白垩纪）",,,,,0,0,,,
comand,,,[网络] 驾驶室管理及数据系统；驾驶室管理和数据系统；驾驶室管理和控制系统,,,,,0,0,,,
comandante,kəʊmən'dænti:,,"n. 司令官, 指挥官",n:100,,,,0,37029,s:comandantes,,
Comandante Brito,,,[地名] 布里图司令官镇 ( 莫 ),,,,,0,0,,,
comandante ferraz,,,费拉兹,,,,,0,0,,,
Comandante Fontana,,,[地名] 丰塔纳少校镇 ( 阿根 ),,,,,0,0,,,
Comandante Giribone,,,[地名] 希里沃内少校镇 ( 阿根 ),,,,,0,0,,,
comandante luis piedrabuena,,,路易斯彼得拉布厄纳,,,,,0,0,,,
comandante nicanor otamendi,,,尼卡诺欧塔曼迪,,,,,0,0,,,
Comandante Salas,,,[地名] 萨拉斯少校镇 ( 阿根 ),,,,,0,0,,,
comandantes,,plural of comandante,"(comandante 的复数) n. 司令官, 指挥官",,,,,0,0,0:comandante/1:s,,
comandanti,,,[网络] 克曼德安迪；曼德安迪级,,,,,0,0,,,
comande,,,[网络] 漫画,,,,,0,0,,,
comander,,,[网络] 指挥官,,,,,0,0,,,
comando,,,[网络] 统帅,,,,,0,0,,,
comandos,,,abbr. Construction and Management of Distributed Office Systems 建筑与管理分布办公室系统,,,,,0,0,,,
Comandra,,,[网络] 柳穿鱼属,,,,,0,0,s:comandras,,
Comandra pallida,,,[网络] 科曼德拉帕利达,,,,,0,0,s:comandra pallidas,,
comandra pallidas,,,[网络] 科曼德拉帕利达\n(comandra pallida 的复数),,,,,0,0,0:comandra pallida/1:s,,
comandras,,,[网络] 柳穿鱼属\n(comandra 的复数),,,,,0,0,0:comandra/1:s,,
comaneci,,,[网络] 科马内奇,,,,,0,0,s:comanecis,,
"Comaneci, Nadia",",kəumə'ni:tʃ",,科马内奇(1961～，罗马尼亚体操运动员),,,,,0,0,,,
comanecis,,,[网络] 科马内奇\n(comaneci 的复数),,,,,0,0,0:comaneci/1:s,,
Comanesti,,,科麦内什提,,,,,0,0,,,
comania,,,产后躁狂,,,,,0,0,,,
comanic acid,,,[化] 靠曼酸; 5-羟基-4-吡喃酮-α-羧酸\n[医] 哌┎甲酸,,,,,0,0,,,
comans,,,发状的,,,,,0,0,,,
comanthina schlegeli,,,许氏大羽花,,,,,0,0,,,
Comanthosphace,,,n. 绵穗苏属,,,,,0,0,,,
comanthosphace formosana,,,台湾白木草,,,,,0,0,,,
Comanthosphace japonica,,,n. 天人草,,,,,0,0,,,
Comanthosphace nanchuanensis,,,n. 南川绵穗苏,,,,,0,0,,,
Comanthosphace ningpoensis,,,n. 绵穗苏,,,,,0,0,,,
comanthus,,,[网络] 海齿花属,,,,,0,0,,,
comanthus bennetti,,,本氏海齿花,,,,,0,0,,,
comanthus japonicus,,,日本海齿花,,,,,0,0,,,
comanthus parvicirrus,,,小卷海齿花,,,,,0,0,,,
comany,,,[网络] 格满林,,,,,0,0,,,
Comapa,,,[地名] 科马帕 ( 危 ),,,,,0,0,,,
comaparative mortality index,,,标准化死亡指数,,,,,0,0,,,
comar,,,abbr. computer aerial reconnaissance 计算机航空侦察,,,,,0,0,,,
comaraderie,,,[网络] 战友情谊,,,,,0,0,,,
Comarapa,,,[地名] 科马拉帕 ( 玻 ),,,,,0,0,,,
comarca,,,[网络] 特区,,,,,0,0,,,
comarcas,,,[网络] 小法区,,,,,0,0,,,
Comarch,,,[网络] 漫画,,,,,0,0,,,
comarco,,,[网络] 森林湖地区的科马尔科,,,,,0,0,s:comarcoes,,
comarcoes,,,[网络] 森林湖地区的科马尔科\n(comarco 的复数),,,,,0,0,0:comarco/1:s,,
comare,,,n. (Comare)人名；(法)科马尔,,,,,0,0,s:comares,,
comares,,,[网络] 科马雷斯；格马雷斯宫；科马瑞斯,,,,,0,0,0:comare/1:s,,
Comarite,,,硅铝镍矿,,,,,0,0,,,
comark,,,[网络] 歌玛；英国歌玛；讯记,,,,,0,0,s:comarks,,
comarketing,,,[网络] 合作行销；行销,,,,,0,0,,,
comarks,,,[网络] 歌玛；英国歌玛；讯记\n(comark 的复数),,,,,0,0,0:comark/1:s,,
Comarnic,,,[地名] 科马尔尼克 ( 罗 ),,,,,0,0,,,
comaroff,,,[网络] 康莫罗夫,,,,,0,0,,,
comarow,,, [人名] 科马罗,,,,,0,0,,,
comart,,n. A covenant.,"abbr. Commander, Marine Air Reserve Training 海空预备队训练司令官",,,,,0,0,s:comarts,,
comarts,,,"abbr. Commander, Marine Air Reserve Training 海空预备队训练司令官\n(comart 的复数)",,,,,0,0,0:comart/1:s,,
Comarum,,,[网络] 沼委陵菜属；沼萎陵菜属,,,,,0,0,,,
Comarum palustre,,,n. 沼委陵菜,,,,,0,0,,,
Comarum salesovianum,,,n. 西北沼委陵菜,,,,,0,0,,,
comas,ˈkəʊməz,n. a state of deep and often prolonged unconsciousness; usually the result of disease or injury\nn. (botany) a usually terminal tuft of bracts (as in the pineapple) or tuft of hairs (especially on certain seeds)\nn. (astronomy) the luminous cloud of particles surrounding the frozen nucleus of a comet; forms as the comet approaches the sun and is warmed,n. <医>昏迷( coma的复数形式 ),,,,,0,0,0:coma/1:s,,
comast,,,[网络] 康卡斯特,,,,,0,0,,,
comaster distinctus,,,双棘栉羽星,,,,,0,0,,,
comaster multifidus,,,多环栉羽星,,,,,0,0,,,
comasterid,,,[网络] 焦糖,,,,,0,0,,,
Comasteridae,,,栉羽星科,,,,,0,0,,,
comasterids,,,[网络] 栉羽枝类,,,,,0,0,,,
Comastoma,,,n. 喉毛花属,,,,,0,0,,,
Comastoma cyananthiflorum,,,n. 蓝钟喉毛花,,,,,0,0,,,
Comastoma disepalum,,,n. 二萼喉毛花,,,,,0,0,,,
Comastoma falcatum,,,n. 镰萼喉毛花,,,,,0,0,,,
Comastoma henryi,,,n. 鄂西喉毛花,,,,,0,0,,,
Comastoma muliense,,,n. 木里喉毛花,,,,,0,0,,,
Comastoma pedunculatum,,,n. 长梗喉毛花,,,,,0,0,,,
Comastoma polycladum,,,n. 皱边喉毛花,,,,,0,0,,,
Comastoma pulmonarium,,,n. 喉毛花,,,,,0,0,,,
Comastoma stellariifolium,,,n. 纤枝喉毛花,,,,,0,0,,,
Comastoma tenellum,,,n. 柔弱喉毛花,,,,,0,0,,,
Comastoma traillianum,,,n. 高杯喉毛花,,,,,0,0,,,
comasts,,,[网络] 联欢,,,,,0,0,,,
ComASWForLant,,,大西洋舰队反潜作战部队司令,,,,,0,0,,,
ComASWForPac,,,太平洋舰队反潜作战部队司令,,,,,0,0,,,
COMAT (computer-assisted training),,,算机辅助训练,,,,,0,0,,,
comata,,,[网络] 木斛；有毛的,,,,,0,0,,,
comatable,,,[网络] 可爱的,,,,,0,0,,,
comate,kәu'meit,s. bearing a coma; crowned with an assemblage of branches or leaves or bracts\ns. of certain seeds (such as cotton) having a tuft or tufts of hair,"n. 伙伴\na. 有种缨的, 多毛的",,,,,0,0,,,
comate disseminule,,,具毛传播体,,,,,0,0,,,
comatella maculata,,,斑栉羽球,,,,,0,0,,,
comatella nigra,,,黑栉羽球,,,,,0,0,,,
comatella stelligera,,,星栉羽球,,,,,0,0,,,
comater,'kəumeit,,adj. 【植物学】有种缨、序缨或树冠的；多毛的；有毛丛的；丛生的，簇生的,,,,,0,0,,,
comatest,'kəumeit,,adj. 【植物学】有种缨、序缨或树冠的；多毛的；有毛丛的；丛生的，簇生的,,,,,0,0,,,
comatic,,,adj. 彗发的\n[网络] 彗形的,,,,,0,0,,,
comatic aberration,,,[化] 彗差; 彗形像差,,,,,0,0,,,
comatic aberration (coma),,,彗形像差,,,,,0,0,,,
comatic circle,,,彗形像差圆,,,,,0,0,,,
Comatigny,,,[地名] 科马蒂尼 ( 尼加 ),,,,,0,0,,,
comatose,'kɒmәtәus,a. relating to or associated with a coma\ns. in a state of deep and usually prolonged unconsciousness; unable to respond to external stimuli,"a. 昏睡的, 昏睡状态的\n[医] 昏迷的",j:100,,,gre,32753,19074,,,
comatose malaria,,,昏迷性疟,,,,,0,0,,,
comatose state,,,昏迷状态,,,,,0,0,,,
comatosely,,,adv. comatose的变形,,,,,0,0,,,
comatoseness,,,n. comatose的变形,,,,,0,0,s:comatosenesses,,
comatosenesses,'kəumətəus,,comatoseness\nn.\ncomatose的变形\ncomatose\n['kəumətəus]\nadj.\n昏迷的，不省人事的\n麻木的；怠惰的,,,,,0,0,0:comatoseness/1:s,,
comatosity,'kəumətəus,,comatosity\nn.\ncomatose的变形\ncomatose\n['kəumətəus]\nadj.\n昏迷的，不省人事的\n麻木的；怠惰的,,,,,0,0,,,
comatous,,,[网络] 昏迷的,,,,,0,0,,,
comatrices,,,[网络] 痛苦,,,,,0,0,,,
comatricha elegans,,,圆头发黏菌,,,,,0,0,,,
comatricha laxa,,,松发黏菌,,,,,0,0,,,
comatricha nigra,,,黑发黏菌,,,,,0,0,,,
comatricha parvispora,,,微孢发黏菌,,,,,0,0,,,
comatricha pulchella,,,美发黏菌,,,,,0,0,,,
comatricha tenerrima,,,梭发黏菌,,,,,0,0,,,
comatrix,,,[网络] 彗星,,,,,0,0,,,
comatula,kә'mætjjlә,n former usage synonymous with Antedon,"n. [动]放射状海百合,海羊齿",,,,,0,0,s:comatulas,,
comatula pectinata,,,栉毛头星,,,,,0,0,,,
comatula solaris,,,太阳头星,,,,,0,0,,,
comatulas,,,"n. [动]放射状海百合,海羊齿\n(comatula 的复数)",,,,,0,0,0:comatula/1:s,,
comatulid,kә'mætjjlid,n free-swimming stalkless crinoid with ten feathery arms; found on muddy sea bottoms,"n. [动]放射状海百合,海羊齿",,,,,0,0,s:comatulids,,
Comatulida,,,羽星目,,,,,0,0,,,
Comatulidae,,,[网络] id科,,,,,0,0,s:comatulidaes,,
comatulidaes,,,[网络] id科\n(comatulidae 的复数),,,,,0,0,0:comatulidae/1:s,,
comatulids,,,n. 【动】毛头星\n[网络] 海羊齿；羊齿类；成体时无柄的海羊齿,,,,,0,0,0:comatulid/1:s,,
comatus,,,[网络] 长冠犀鸟,,,,,0,0,,,
comaty,,,[网络] 昏昏欲睡,,,,,0,0,,,
comaund,,,[网络] 昏昏欲睡,,,,,0,0,,,
comaximal,,,[数] 互极大的,,,,,0,0,,,
comayagua,,, [地名] [洪都拉斯] 科马亚瓜,,,,,0,0,,,
"Comayagua, Dep.de",,,[地名] 科马亚瓜省 ( 洪 ),,,,,0,0,,,
"Comayagua, Mts.de",,,[地名] 科马亚瓜山 ( 洪 ),,,,,0,0,,,
"Comayagua, R.",,,[地名] 科马亚瓜河 ( 洪 ),,,,,0,0,,,
comazant,,,[网络] 惊喜,,,,,0,0,,,
comb,kәum,n. a flat device with narrow pointed teeth on one edge; disentangles or arranges hair\nn. the fleshy red crest on the head of the domestic fowl and other gallinaceous birds\nn. any of several tools for straightening fibers\nn. ciliated comb-like swimming plate of a ctenophore,"n. 头梳, 鸡冠\nvt. 梳头发, 梳毛\nvi. (浪)涌起",n:41/v:59,1,,gk cet4 cet6 ky,9845,7329,p:combed/i:combing/s:combs/d:combed/3:combs,,
comb (shaped) polymer,,,[化] 梳形聚合物,,,,,0,0,,,
comb ... hair,,,[网络] 梳头；梳头发；梳理头发,,,,,0,0,,,
comb antenna,,,梳形天线,,,,,0,0,,,
comb antenne,,,【电磁学】梳形天线,,,,,0,0,,,
comb arrester,kəum əˈrestə,,n. 梳形避雷器,,,,,0,0,,,
comb barrel,,,梳辊,,,,,0,0,,,
comb binding,,,[网络] 梳式塑圈装订；钉孔机；装订机梳式机,,,,,0,0,,,
comb ceramic,,,[网络] 梳子陶瓷,,,,,0,0,,,
comb clamp,,,钢梳夹板,,,,,0,0,,,
comb cleat,,,un. 梳状系索耳\n[网络] 梳形系索耳,,,,,0,0,,,
comb collector,,,梳形集电器,,,,,0,0,,,
comb cotton stripper,,,栉梳式摘棉铃机,,,,,0,0,,,
comb data-sampling circuit,,,梳状数据取样电路,,,,,0,0,,,
comb dent,,,梳齿,,,,,0,0,,,
comb deseeder,,,梳齿式梳亚麻装置,,,,,0,0,,,
comb die,,,切边模,,,,,0,0,,,
comb dies,,,"修边模,切边模",,,,,0,0,,,
comb disease,,,[医] 鸡冠癣病,,,,,0,0,,,
comb diversion,,,梳齿导流,,,,,0,0,,,
comb dresser,,,梳齿转筒;梳刷转筒,,,,,0,0,,,
comb duck,,,冠鸭（南半球黑白鸭）,,,,,0,0,,,
comb filter,,,[计] 梳状滤波器,,,,,0,0,,,
comb filtering,,,"梳状滤波,多通带滤波",,,,,0,0,,,
comb fold,,,梳状褶皱,,,,,0,0,,,
comb for,,,[网络] 搜索某地以寻找,,,,,0,0,,,
comb foundation,,,巢础,,,,,0,0,,,
comb function,,,[计] 梳齿函数,,,,,0,0,,,
comb gauge,,,齿形检查量规,,,,,0,0,,,
comb generator,,,梳状波发生器,,,,,0,0,,,
comb grain,,,径面木纹,,,,,0,0,,,
comb growth unit,,,鸡冠生长单位,,,,,0,0,,,
comb hair,,,[网络] 梳头；梳头发；梳理头发,,,,,0,0,,,
comb harrow,,,手耙,,,,,0,0,,,
comb honey,,,"(蜂)巢(里的)蜜,脾蜜",,,,,0,0,,,
comb in micrometer,,,测微器梳尺,,,,,0,0,,,
comb jellies,,,[网络] 栉水母；梳子胶；梳果冻,,,,,0,0,0:comb jelly/1:s,,
comb jelly,,,栉水母（腔肠动物的一种）,,,,,0,0,s:comb jellies,,
comb joint,,,[网络] 榫接接合,,,,,0,0,,,
comb joints,,,[网络] 梳子接头,,,,,0,0,,,
comb lead,,,导梳片装置,,,,,0,0,,,
comb lightning arrester,,,[电] 梳形避雷器,,,,,0,0,,,
comb neophoscope,,,【工程学】梳状测云器,,,,,0,0,,,
comb nephoscope,,,梳状测云器,,,,,0,0,,,
comb of static pressure tube,,,梳型静压测针,,,,,0,0,,,
comb one's hair,,,[网络] 梳头；用梳整理头发；梳头发,,,,,0,0,,,
comb out,,,"清除, 裁减",,,,,0,0,,,
comb out traitors and spies,,,清查奸细,,,,,0,0,,,
comb over,,,[网络] 秃头的人把头横着梳,,,,,0,0,,,
comb pattern,,,篦纹,,,,,0,0,,,
comb pitot,,,梳状皮托管,,,,,0,0,,,
comb plate,,,栉板,,,,,0,0,,,
comb pole,,,形磁极,,,,,0,0,,,
comb poles,,,梳形电极,,,,,0,0,,,
comb polymer,,,梳型高聚物,,,,,0,0,,,
comb pottery,,,篦纹陶,,,,,0,0,,,
comb printer,,,[计] 梳式打印机,,,,,0,0,,,
comb probe,,,梳状测针,,,,,0,0,,,
comb rack,,,梳妆架,,,,,0,0,,,
comb ridge,,,锯状山脊,,,,,0,0,,,
comb sb's hair for him,,,申斥某人,,,,,0,0,,,
comb sb.'s hair for him,,,斥责某人,,,,,0,0,,,
comb scale,,,梳尺,,,,,0,0,,,
comb shape,,,鸡冠形状;栉状,,,,,0,0,,,
comb shaped polymer,,,梳形聚合物,,,,,0,0,,,
comb someone's hair for him,,,严责某人，斥责某人,,,,,0,0,,,
comb someone's hair the wrong way,,,拂某人之意，令某人不快，使某人恼怒,,,,,0,0,,,
comb someone's head,,,狠狠地训斥某人；把某人痛打一顿,,,,,0,0,,,
comb space,,,梳空间,,,,,0,0,,,
comb structure,,,梳状构造,,,,,0,0,,,
comb the big figure,,,[美国英语]彻底干；摆阔气，出风头,,,,,0,0,,,
comb thresher,,,梳型脱粒机,,,,,0,0,,,
comb through,,,[网络] 彻底搜查；梳理；意思是仔细查找,,,,,0,0,,,
comb tooth,,,齿,,,,,0,0,,,
comb type circuit,,,梳形电路,,,,,0,0,,,
comb type cotton stripper,,,un. 栉梳式摘棉铃机\n[网络] 摘锭式采棉机,,,,,0,0,,,
comb type refiner,,,梳状磨节机,,,,,0,0,,,
comb type relay,,,[网络] 梳形继电器,,,,,0,0,,,
comb type side slipway,,,横向梳式滑道,,,,,0,0,,,
comb wiper,,,梳形擦拭器,,,,,0,0,,,
comb with electric heater,,,电热梳,,,,,0,0,,,
comb wool,,,梳羊毛,,,,,0,0,,,
comb zero,,,梳尺零分划(经纬仪),,,,,0,0,,,
comb-back,,,[网络] 梳背,,,,,0,0,,,
comb-back Windsor chair,,,[家具] 梳背式细骨靠椅,,,,,0,0,,,
comb-brush,,,[网络] 笔刷；精梳毛刷,,,,,0,0,,,
comb-brusher,,,[网络] 梳子刷,,,,,0,0,,,
comb-cap,,,[网络] 梳帽,,,,,0,0,,,
comb-cut,,,[网络] 梳理,,,,,0,0,,,
comb-filter distortion,,,【工程声学】梳状滤波器畸变,,,,,0,0,,,
Comb-Footed,,,疾行,,,,,0,0,,,
comb-footed spider,kom ˈfʊtɪd ˈspaɪdɚ,, [医]栉足蛛,,,,,0,0,s:comb-footed spiders,,
comb-footed spiders,,,[网络] 梳腿蛛,,,,,0,0,0:comb-footed spider/1:s,,
comb-grain,,,[木] 径面花纹,,,,,0,0,,,
Comb-grained,,,径断面,,,,,0,0,,,
comb-grained wood,,,[木] 梳形纹木材,,,,,0,0,,,
comb-growth butter,,,[医] 鸡冠生长试验(检男性激素效价),,,,,0,0,,,
comb-jellies,,plural of comb-jelly,(comb-jelly 的复数) 栉水母（腔肠动物的一种）,,,,,0,0,0:comb-jelly/1:s,,
comb-jelly,,,栉水母（腔肠动物的一种）,,,,,0,0,s:comb-jellies,,
comb-like,,,[网络] 梳状；梳狀；栉齿状,,,,,0,0,,,
comb-like structure,,,梳状结构,,,,,0,0,,,
comb-like teeth,,,栉状齿,,,,,0,0,,,
comb-liker,,,[网络] 梳状；梳狀；栉齿状\n(comb-like 的比较级),,,,,0,0,,,
comb-likest,,,[网络] 梳状；梳狀；栉齿状\n(comb-like 的最高级),,,,,0,0,,,
comb-line filter,,,梳形传输线泸波器,,,,,0,0,,,
comb-out,'kәjmajt,n. the act of removing tangles from you hair with a comb\nn. the act of carefully weeding out unwanted things or people,"n. 彻底消除, 梳理头发, 彻底检查",,,,,0,0,s:combs-out,,
comb-over,,,[网络] 九一分界；稀疏但仍梳到另一边的秃头；秃顶,n:100,,,,0,0,s:combs-over,,
comb-overs,,,[网络] 九一分界；稀疏但仍梳到另一边的秃头；秃顶,,,,,0,0,,,
comb-papilla,,,栉棘,,,,,0,0,,,
comb-plate,,,栉板\n梳齿板,,,,,0,0,s:comb-plates,,
comb-plates,,,[网络] 成行的栉板,,,,,0,0,0:comb-plate/1:s,,
comb-rack,,,[轻] 梳齿支架,,,,,0,0,,,
comb-ridge,,,"梳状山, 锯状山嵴",,,,,0,0,,,
comb-shaped,,,"栉状的,篦齿状的",,,,,0,0,,,
comb-shaped polymer,,,梳状聚合物,,,,,0,0,,,
comb-shaped transverse spreading adder,,,梳状横向扩展全加器,,,,,0,0,,,
comb-tooth-type rotor,,,齿式转子,,,,,0,0,,,
comb-type cotton stripper,,,梳式采棉机,,,,,0,0,,,
comb-type double beam spectrometer,,,梳形双光束光谱仪,,,,,0,0,,,
comb-type radiosonde,,,梳型雷送,,,,,0,0,,,
comb.,,,abbr. combination；combined；combining,,,,,0,0,,,
comb. nov.,,,abbr. combination nova新组合,,,,,0,0,,,
comba,,,n. (Comba)人名；(法、西、意、葡)孔巴,,,,,0,0,,,
combability,,,[网络] 梳理,,,,,0,0,,,
combable,,,[网络] 梳理,,,,,0,0,,,
combacy,,,[网络] 梳理,,,,,0,0,,,
combadge,,,[网络] 通讯徽章,,,,,0,0,,,
combahee,,,[网络] 组合,,,,,0,0,,,
Combahee R.,,,[地名] 卡姆比河 ( 美 ),,,,,0,0,,,
combalia,,,孔巴利亚,,,,,0,0,,,
combalong,kəʊmbə'lɒŋ,,n. 紧线夹,,,,,0,0,,,
combantrin,,,双羟萘酸噻嘧啶,,,,,0,0,,,
Combarbala,,,康巴尔巴拉,,,,,0,0,,,
Combarbalá,,,[地名] 孔巴尔瓦拉 ( 智 ),,,,,0,0,,,
combarloy,'kɔmbɑ:lɔi,,高导电铜,,,,,0,0,,,
combas,,,[网络] 孔巴,,,,,0,0,,,
combastion furnace,,,[医] 燃烧炉,,,,,0,0,,,
combat,'kɒmbæt,n. an engagement fought between two military forces,"n. 争斗, 战斗\nvi. 战斗, 争斗\nvt. 与...战斗, 与...斗争",v:36/n:64,3,,cet6 ky ielts gre,5622,3412,i:combating/3:combats/d:combatted/p:combated/s:combats,,
combat acceleration,,,战斗加速(飞机在空战中加速),,,,,0,0,,,
combat achievement,,,战果,,,,,0,0,,,
combat air patrol,,,【军事】空中战斗巡逻,,,,,0,0,,,
combat air patrol (cap),,,战斗空中巡逻;威力侦巡,,,,,0,0,,,
combat air space,,,战斗空域,,,,,0,0,,,
combat aircraft,ˈkɔmbət ˈɛəkrɑ:ft,, 战斗机,,,,,0,0,,,
combat airspace control,,,[网络] 战斗空域控制,,,,,0,0,,,
combat altitude,,,作战高度,,,,,0,0,,,
combat analysis,,,【军事】战斗分析,,,,,0,0,,,
combat area,,, [军事]战斗地域,,,,,0,0,s:combat areas,,
combat areas,,,combat area\n【军事】战斗地域,,,,,0,0,0:combat area/1:s,,
combat arm,,,战斗任务的兵种(如步兵、炮兵、装甲兵等),,,,,0,0,,,
combat armor suit,,"combat armor suit (plural combat armor suits)\n(military) a powered, armed and armored exoskeleton, in fiction and military research\n",,,,,,0,0,,,
combat assessment,,,[网络] 作战评估；战斗分析,,,,,0,0,,,
combat boot,ˈkɔmbət bu:t,,n. （中筒）军靴,,,,,0,0,s:combat boots,,
combat boots,,,[网络] 战斗靴；军用靴；战靴,,,,,0,0,0:combat boot/1:s,,
combat camera,,,un. 照相枪\n[网络] 战斗照相；作战照相机；格斗相机,,,,,0,0,,,
combat capability,,,战斗性能,,,,,0,0,,,
combat car,,,轻型装甲车,,,,,0,0,,,
combat cargo officer,,,作战物资官,,,,,0,0,,,
combat carrier,,,装甲运输汽车,,,,,0,0,,,
combat casualties,,,[网络] 作战伤亡\n(combat casualty 的复数),,,,,0,0,0:combat casualty/1:s,,
combat casualty,,,[网络] 作战伤亡,,,,,0,0,s:combat casualties,,
combat ceiling,,,un. 战斗升限,,,,,0,0,s:combat ceilings,,
combat ceilings,,,un. 战斗升限\n(combat ceiling 的复数),,,,,0,0,0:combat ceiling/1:s,,
combat center,,,作战指挥中心,,,,,0,0,,,
combat chart,,,作战地图,,,,,0,0,,,
combat control team,,,[网络] 作战控制组,,,,,0,0,,,
combat corruption,ˈkɔmbət kəˈrʌpʃən,, 惩治腐败,,,,,0,0,,,
combat crew,,,战斗空勤员,,,,,0,0,,,
combat crew training wing,,,战斗训练联队,,,,,0,0,,,
combat day of supply,,,【军事】战斗日之物资总供应量,,,,,0,0,,,
combat development,,,【军事】战斗发展(陆军对部队作战编制、武器装备，后勤等的研究工作),,,,,0,0,,,
combat development field experiment,,,战斗发展野外试验,,,,,0,0,,,
combat disposition,,,战斗布署,,,,,0,0,,,
combat drone,,,[网络] 战斗机器人；战斗蜂；战斗小球,,,,,0,0,,,
combat drones,,,[网络] 作战寄生虫,,,,,0,0,,,
combat drought,,,抗旱,,,,,0,0,,,
combat effectiveness,,,战斗效能,,,,,0,0,,,
combat engineering,,, 战斗工兵,,,,,0,0,,,
combat fatigue,,,战斗疲劳症,,,,,0,0,s:combat fatigues,,
combat fatigues,,," （士兵穿的）战斗服, 迷彩服",,,,,0,0,0:combat fatigue/1:s,,
combat food,,,军粮,,,,,0,0,,,
combat for,,,为...奋斗,,,,,0,0,,,
combat forces,,, 作战力量,,,,,0,0,,,
combat formation,,,战斗编队,,,,,0,0,,,
combat gasolines,,,[化] 军用级汽油,,,,,0,0,,,
combat identification,,,战斗识别,,,,,0,0,,,
combat inflation,,,反通货膨胀,,,,,0,0,,,
combat information,,,作战信息,,,,,0,0,,,
combat information center,,,【军事】战斗情报中心,,,,,0,0,,,
combat information center (cic),,,战情中心,,,,,0,0,,,
combat information ship,,,战情舰,,,,,0,0,,,
combat injuries,,,[网络] 战争受伤\n(combat injury 的复数),,,,,0,0,0:combat injury/1:s,,
combat injury,,,[网络] 战争受伤,,,,,0,0,s:combat injuries,,
combat intelligence,,, [军事]战斗情报; 战斗情报部门,,,,,0,0,s:combat intelligences,,
combat intelligences,,,combat intelligence\n【军事】战斗情报；战斗情报部门,,,,,0,0,0:combat intelligence/1:s,,
combat jacket,,,=battle jacket,,,,,0,0,,,
Combat Legistics network,,,战斗后勤网,,,,,0,0,,,
combat load,,,作战挂载,,,,,0,0,,,
combat loading,,,【军事】战斗装载法，(装运运输车辆的)战备、战术演练,,,,,0,0,,,
combat measure,,,战斗措施,,,,,0,0,,,
combat medicine,,,[特医] 战备医学,,,,,0,0,,,
combat mission,,,战斗任务,,,,,0,0,s:combat missions,,
combat missions,,,战斗任务,,,,,0,0,0:combat mission/1:s,,
combat neuroses,,,[医] 战时神经机能病\n(combat neurosis 的复数),,,,,0,0,0:combat neurosis/1:s,,
combat neurosis,,,[医] 战时神经机能病,,,,,0,0,s:combat neuroses,,
combat operating mode management,,,战斗工况管理,,,,,0,0,,,
combat operation,,,"作战，战斗作业, 作战;战斗作业",,,,,0,0,,,
combat operations center,,,【军事】(防空部队或空军师的)作战指挥中心[略作 COC],,,,,0,0,,,
combat operations section,,,战斗作业组,,,,,0,0,,,
combat order,,,〈美〉战斗命令[队形],,,,,0,0,,,
combat organizational loading,,,战斗编组装载,,,,,0,0,,,
combat override,,,作战摧毁,,,,,0,0,,,
combat pack,,,战斗背包,,,,,0,0,,,
combat patrol,,,【军事】战斗巡逻队,,,,,0,0,,,
combat pay,,,风险工资(如在战乱国家工作等危险工作所给的额外补偿),,,,,0,0,s:combat pays,,
combat pays,,,combat pay\n风险工资(如在战乱国家工作等危险工作所给的额外补偿),,,,,0,0,0:combat pay/1:s,,
combat picture,,,"(电视传送)战斗镜头,战斗景象",,,,,0,0,,,
combat pilot,,,[网络] 空战飞行员,,,,,0,0,s:combat pilots,,
combat pilots,,,[网络] 空战飞行员\n(combat pilot 的复数),,,,,0,0,0:combat pilot/1:s,,
combat plane,ˈkɔmbət plein,, 战斗机,,,,,0,0,,,
combat pollution,,,除污染，取缔污染,,,,,0,0,,,
combat power,,,【军事】战斗力,,,,,0,0,,,
combat psychiatry,,,战时精神病学,,,,,0,0,,,
combat radius,,,【航空学】战斗活动半径；战斗机的作战半径,,,,,0,0,,,
combat range,,,作战航程,,,,,0,0,,,
combat readiness,ˈkɔmbət ˈredɪnɪs,, [法]战备,,,,,0,0,,,
combat search and rescue,,,战斗搜索与救援,,,,,0,0,,,
combat search and rescue task force,,,战斗搜寻与营救特遣队,,,,,0,0,,,
combat service support,,,【军事】战斗勤务支援,,,,,0,0,,,
combat service support area,,,战斗勤务支援地域,,,,,0,0,,,
combat service support element,,,战斗勤务支援分队,,,,,0,0,,,
combat service support troops,,,战斗勤务支援部队,,,,,0,0,,,
combat serviceable item,,,【军械】战斗备用物资,,,,,0,0,,,
combat ship,ˈkɔmbət ʃip,, 战斗舰艇,,,,,0,0,s:combat ships,,
combat ships,,,战斗舰艇,,,,,0,0,0:combat ship/1:s,,
combat simulation on ground,,,地面空战模拟器,,,,,0,0,,,
combat speed,,,"战斗飞行速率, 作战速度",,,,,0,0,,,
combat sport,,,[网络] 技击运动；体育比赛；剑道,,,,,0,0,,,
combat spread loading,,,战斗分散装载,,,,,0,0,,,
combat store ship,,,军需品补给船,,,,,0,0,,,
combat suits,,,战斗服,,,,,0,0,,,
combat support,,,战斗保障,,,,,0,0,,,
combat support agency,,,[网络] 属直属作战支援局；国防部战斗支援局,,,,,0,0,,,
combat surveillance,,,战场监视,,,,,0,0,,,
combat surveillance radar,,,战斗监视雷达,,,,,0,0,,,
combat survival,,,[网络] 战斗救生措施；自卫术,,,,,0,0,,,
combat team,,,【军事】(战役中由不同军兵种组成的)战斗队；特种部队；(日本警视厅)特别破案组,,,,,0,0,,,
combat television,,,军用电视,,,,,0,0,,,
combat test and evaluation,,,作战测评,,,,,0,0,,,
combat thrust loading,,,作战推力负载,,,,,0,0,,,
combat tire,,,战斗用轮胎,,,,,0,0,,,
combat trail,,,战斗跟踪,,,,,0,0,,,
combat train,,,战斗列车,,,,,0,0,,,
combat troops,,,[法] 战斗部队,,,,,0,0,,,
combat trousers,,,"n. （多口袋宽松式）作战裤, 迷彩裤, 休闲裤",,,,,0,0,,,
combat unit loading,,,战斗单位装载,,,,,0,0,,,
combat vehicle,,,战斗用车辆,,,,,0,0,,,
combat vehicle sight,,,[军] 战车瞄准具,,,,,0,0,,,
combat vessels,,, 战斗舰艇,,,,,0,0,,,
combat visual information support center,,,战斗目力情报支持中心,,,,,0,0,,,
combat wing loading,,,作战机翼负载,,,,,0,0,,,
combat with,,,与...战斗,,,,,0,0,,,
combat zone,ˈkɔmbət zəun,, 战区作战地带,,,,,0,0,s:combat zones,,
combat zones,,,战斗区域，作战区,,,,,0,0,0:combat zone/1:s,,
combat-aircraft,,,un. 作战飞机\n[网络] 战斗机；战机,,,,,0,0,,,
combat-aviation,,,un. 作战飞机\n[网络] 歼击航空兵；战场功能的飞行,,,,,0,0,,,
combat-capable,,,un. 有战斗力的\n[网络] 投入战斗,,,,,0,0,,,
combat-like,,,un. 实战似的,,,,,0,0,,,
combat-plane,,,na. 〈美〉战斗机\n[网络] 张战斗机简笔画；作战飞机,,,,,0,0,,,
combat-readiness,,,un. 战备\n[网络] 战备状态；战斗准备；作战整备,,,,,0,0,,,
combat-ready,"'kɔmbæt,redi",s engaged in or ready for military or naval operations,a. 准备好战斗的,j:100,,,,0,0,,,
combat-related,,,[网络] 作战,j:100,,,,0,0,,,
combat-stress,,,[网络] 作战压力；战斗压力；战斗应激,,,,,0,0,,,
combat-style,,,[网络] 打斗姿势；战斗流派；战斗形式,,,,,0,0,,,
combat-support,,,[网络] 战斗支援；作战支援兵种；战斗支持,,,,,0,0,,,
combat-worthy,,,a. 有战斗力的,,,,,0,0,,,
combatable,,"a. Such as can be, or is liable to be, combated; as,\n   combatable foes, evils, or arguments.", 可以作战的（combat的变体）,,,,,0,0,,,
combatant,'kɒmbәtәnt,n. someone who fights (or is fighting)\ns. engaging in or ready for combat,"n. 争斗者, 格斗者\n[法] 战斗者, 参战者",j:6/n:94,1,,,19284,10776,s:combatants,,
combatant command,,,作战司令部,,,,,0,0,,,
combatant commander,,,作战指挥官,,,,,0,0,,,
combatant craft,,,战斗艇,,,,,0,0,,,
combatant ship,,,战斗舰艇,,,,,0,0,,,
combatant value,,,战斗力,,,,,0,0,,,
combatant vessel,,,[网络] 军舰,,,,,0,0,,,
combatants,kəm'bætnts,n. someone who fights (or is fighting),"n. 战斗员, 格斗者( combatant的复数形式 )",,,,,0,0,0:combatant/1:s,,
combated,ˈkɔmbətid,imp. & p. p. of Combat,v. 与…战斗( combat的过去式和过去分词 ); 与…斗争; 防止; 减轻,,,,,0,0,0:combat/1:dp,,
combater,,,[网络] 组合机,,,,,0,0,,,
combaters,,,[网络] 战斗人员,,,,,0,0,,,
combatest,'kɒmbæt; 'kʌm-,,vi. 战斗，格斗；斗争：\nvt. 与…格斗；与…对抗；与…战斗；极力反对：\nn. 【军事】作战，战斗；格斗；争论，论战,,,,,0,0,,,
combateth,,,[网络] 战斗,,,,,0,0,,,
Combatin,,,抗坏血酸奎宁,,,,,0,0,,,
combating,ˈkɔmbətɪŋ,p. pr. & vb. n. of Combat,v. 与…战斗( combat的现在分词 ); 与…斗争; 防止; 减轻,,,,,0,0,0:combat/1:i/s:combatings,,
combating ageing,,,老化，防老化,,,,,0,0,,,
combating navigation service,,,战斗航海勤务,,,,,0,0,,,
combating terrorism,,,打击恐怖主义,,,,,0,0,,,
combatings,,,v. 与…战斗( combat的现在分词 ); 与…斗争; 防止; 减轻\n(combating 的复数),,,,,0,0,0:combating/1:s,,
combatir,,,[网络] 战斗机,,,,,0,0,,,
combative,kәm'bætiv,"s inclined or showing an inclination to dispute or disagree, even to engage in law suits\ns striving to overcome in argument\ns having or showing a ready disposition to fight","a. 好斗的, 好事的",j:100,1,,,19691,16246,,,
combative activity,,,格斗活动,,,,,0,0,,,
combative advertising,,,争斗性广告,,,,,0,0,,,
combative contest,,,格斗比赛,,,,,0,0,,,
combative game,,,斗争游戏,,,,,0,0,,,
combatively,kɒm'bətɪvlɪ,r in a bellicose contentious manner,a. 杀气腾腾地,,,,,0,0,,,
combativeness,,n. a militant aggressiveness,n. 斗志；好斗性,n:100,,,,0,35709,s:combativenesses,,
combativenesses,kəm'bætivnis,,n. 斗志；好斗性,,,,,0,0,0:combativeness/1:s,,
combatives,,,[网络] 组合,,,,,0,0,,,
combativities,'kɔmbətiv,,combativity\nn.\ncombative的变形\ncombative\n['kɔmbətiv]\nadj.\n好斗的，好战的；准备战斗的；斗志旺盛的,,,,,0,0,0:combativity/1:s,,
combativity,,,"好斗性,斗志",,,,,0,0,s:combativities,,
combatize,,,[网络] 作战,,,,,0,0,,,
combats,ˈkɒmbæts,n an engagement fought between two military forces\nn the act of fighting; any contest or struggle\nv battle or contend against in or as if in a battle,v. 与…战斗( combat的第三人称单数 ); 与…斗争; 防止; 减轻,,,,,0,0,0:combat/1:3,,
combattant,,,[网络] 打电话,,,,,0,0,,,
combattants,,,[网络] 梳妆台,,,,,0,0,,,
combatted,,past participle of combat\nn. an engagement fought between two military forces,"(combat 的过去分词) n. 争斗, 战斗\nvi. 战斗, 争斗\nvt. 与...战斗, 与...斗争",,,,,0,0,0:combat/1:d,,
combattencie,,,[网络] 战斗力,,,,,0,0,,,
combattery,,,[网络] 打电话,,,,,0,0,,,
combatting,,-ing form of combat\nn. an engagement fought between two military forces,"(combat 的现在分词) n. 争斗, 战斗\nvi. 战斗, 争斗\nvt. 与...战斗, 与...斗争",,,,,0,0,0:combat/1:i,,
combatting ageing,,,反老化,,,,,0,0,,,
combatworthy,,,adj. 有战斗力的,,,,,0,0,,,
Combe,ku:m,n. That unwatered portion of a valley which forms its\n   continuation beyond and above the most elevated spring that issues into\n   it.\nn. See Comb.,"(=coomb) n.(三面皆山的)深陷的深谷, 狭谷",,,,,27905,0,s:combes,,
combe martin,,,库母马丁,,,,,0,0,,,
Combe Martin beds,,,库姆贝·马丁层,,,,,0,0,,,
combe saint nicholas,,,库母圣尼古拉,,,,,0,0,,,
Combe-Capelle,,,[网络] 库姆卡佩尔,,,,,0,0,,,
Combeaufontaine,,,[地名] 孔博方丹 ( 法 ),,,,,0,0,,,
Combec,,,氟灭酸丁酯,,,,,0,0,,,
combed,kəumd,a. (of hair) made tidy with a comb,"n. 精梳\nv. 梳理( comb的过去式和过去分词 ); 在…搜寻, 彻底搜查",j:100,,,,0,34962,0:comb/1:pd,,
combed cotton,,,【纺织业】精梳棉,,,,,0,0,,,
combed decoration,,,波纹装饰,,,,,0,0,,,
combed finish tile,,,表面带槽纹的面砖,,,,,0,0,,,
combed glass,,,带条纹的装饰玻璃,,,,,0,0,,,
combed joint,,,马牙榫接,,,,,0,0,,,
combed lap machine,,,精梳条卷机,,,,,0,0,,,
combed out,,,v. 淘汰；搜寻,,,,,0,0,,,
combed sliver,,,精梳棉条,,,,,0,0,,,
combed stucco,,,蜂窝状漫涂,,,,,0,0,,,
combed through,,,仔细查找（combed是comb的过去式）\n仔细检查（combed是comb的过去式）\n梳理（combed是comb的过去式）,,,,,0,0,,,
combed vein,,,梳状矿脉,,,,,0,0,,,
combed ware,,,带条纹器皿,,,,,0,0,,,
combed work,,,钢齿琢石,,,,,0,0,,,
combed yarn,,,精梳纱线,,,,,0,0,,,
combeite,'ku:mait,,菱硅钙钠石,,,,,0,0,,,
comber,'kәumә,n. a person who separates and straightens the fibers of cotton or wool\nn. a long curling sea wave\nn. a machine that separates and straightens the fibers of cotton or wool,"n. 梳刷者, 精梳机, 卷浪",n:100,,,,0,42560,s:combers,,
comber board,,,目板,,,,,0,0,,,
comber cylinder,,,梳理[栉梳]滚筒,,,,,0,0,,,
comber lap machine,,,精梳成卷机,,,,,0,0,,,
comber laps,,,精梳棉卷,,,,,0,0,,,
comber web,,,精梳棉网,,,,,0,0,,,
Combermere,,,[地名] 康伯米尔 ( 加 ),,,,,0,0,s:combermeres,,
Combermere B.,,,[地名] 康伯米尔湾 ( 缅 ),,,,,0,0,,,
combermeres,,,n. (Combermere)人名；(英)康伯米尔,,,,,0,0,0:combermere/1:s,,
combers,,plural of comber\nn. a person who separates and straightens the fibers of cotton or wool\nn. a long curling sea wave\nn. a machine that separates and straightens the fibers of cotton or wool,"(comber 的复数) n. 梳刷者, 精梳机, 卷浪",,,,,0,0,0:comber/1:s,,
Comberton,,,[地名] 康伯顿 ( 英 ),,,,,0,0,,,
Combes,,plural of Combe\nn. That unwatered portion of a valley which forms its\n   continuation beyond and above the most elevated spring that issues into\n   it.\nn. See Comb.,"(Combe 的复数) (=coomb) n.(三面皆山的)深陷的深谷, 狭谷",,,,,0,0,0:combe/1:s,,
combes cure transformation,,,【数学】梳状变换,,,,,0,0,,,
Combes quinoline synthesis,,,[化] 库姆斯喹啉合成,,,,,0,0,,,
combescure transformation,,,梳状变换,,,,,0,0,,,
combest,,, [人名] 康贝斯特,,,,,0,0,,,
combeth,,,[网络] 梳理,,,,,0,0,,,
Combetin,,,毒毛旋花苷K,,,,,0,0,,,
combfish,,,[网络] 纵带盔鱼,,,,,0,0,,,
combfishes,,,[网络] 梳理,,,,,0,0,,,
combi,'kɔmbi,,n. [英口]结合；联合（等于combination）,,,,,0,0,s:combi,,
combi deck,,,[网络] 组合甲板,,,,,0,0,,,
combi-,ˈkɒmbi,,[网络] 康贝；日本康贝；组合(combination),,,,,0,0,,,
combi-motor,,,[网络] 鼠笼-滑环组合式电动机,,,,,0,0,,,
combi-rib circular machine,,,复合罗纹圆纬机,,,,,0,0,,,
combi-rope,,,麻钢混捻钢丝绳;混捻钢丝绳,,,,,0,0,,,
combi-steamer,,,[网络] 抽屉式保柜；烹调保温柜；多功能熏烤箱,,,,,0,0,s:combi-steamers,,
combi-steamers,,,[网络] 联合蒸烤箱；结合蒸烤箱,,,,,0,0,0:combi-steamer/1:s,,
Combichole,,,去氢胆酸-去氧胆酸,,,,,0,0,,,
Combidex,,,是一种磁共振成像造影剂,,,,,0,0,,,
COMBIDOC,,,[网络] 由,,,,,0,0,,,
combie,,,[网络] 联合军；防寒游泳套装；棘手的敌人合成人殭屍,,,,,0,0,,,
combies,,"Communist homies.\n> ""Call the combies, tell 'em we got cappie beef.""\n> - Neo-communist\n",,,,,,0,0,,,
combiflow,,,[网络] 混流,,,,,0,0,,,
combimicins,,,小单孢菌生物转化产生的抗生素类,,,,,0,0,,,
combin,,,[网络] 返回给定数目对象的组合数；计算组合数；求一组数目的对象组合,,,,,0,0,,,
combinability,"kәm,bainә'bilәti",,n. 可结合(或联合、混合、组合、化合)性,,,,,0,0,,,
combinable,,s. able to or tending to combine,"a. 能结合的\n[建] 可以化合的, 可以结合的",,,,,0,0,,,
combinable cranes,,,[网络] 可联合使用的吊车,,,,,0,0,,,
combinableness,kɔm'bainәblnis,,"[建] 可化合性, 可结合性",,,,,0,0,,,
combinably,,,adv. combinable的变形,,,,,0,0,,,
combinacin,,,[网络] 组合蛋白,,,,,0,0,,,
combinaison,,,[网络] 组合关系,,,,,0,0,,,
combinance,,,合,,,,,0,0,,,
combinant,,,[网络] 组合,,,,,0,0,,,
combinant (lenz 1938),,,辅显性；非对偶基因由于相互作用而显出特殊的表现型性状者,,,,,0,0,,,
combinat,,,[网络] 石水晶组,,,,,0,0,,,
combinate,,,[网络] 使结合,,,,,0,0,,,
combinate form,,,聚形,,,,,0,0,,,
combinated complex,,,"联合工厂[企业],公司",,,,,0,0,,,
combinated film,,,复层薄膜,,,,,0,0,,,
combinated grinding wheel,,,组合砂轮,,,,,0,0,,,
combinated multi-gear fishing in reservoir,,,水库联合渔法,,,,,0,0,,,
combinated navigation,,,[航 水运] 组合导航,,,,,0,0,,,
combinates,,,结合,,,,,0,0,,,
combinating vessel,,, 混合货船,,,,,0,0,,,
combinatio frequency,,,[电] 组合频率,,,,,0,0,,,
combinatio novum (comb. nov.),,,（命名的）新组合,,,,,0,0,,,
combination,.kɒmbi'neiʃәn,n. a collection of things that have been combined; an assemblage of separate parts or qualities\nn. a coordinated sequence of chess moves\nn. a sequence of numbers or letters that opens a combination lock\nn. a group of people (often temporary) having a common purpose,"n. 组合, 合并, 联合\n[计] 组合图",n:100,3,1,cet4 cet6 ky toefl,1732,1808,s:combinations,,
Combination Acts,,,[网络] 结社法,,,,,0,0,,,
combination actuator,,,"综合驱动装置[致动器],复合执行机构",,,,,0,0,,,
combination air friction clutch and brake unit,,,组合式空气摩擦离合制动装置,,,,,0,0,,,
combination angle depth gauge,,,组合角度深度尺,,,,,0,0,,,
combination angle gauge,,,组合测角器,,,,,0,0,,,
combination arc,,,联合弧,,,,,0,0,,,
combination arch,,,式拱,,,,,0,0,,,
combination arch furnace,,,复式拱的炉堂,,,,,0,0,,,
combination attribute,,,[计] 组合属性,,,,,0,0,,,
combination automatic controller,,,组合自动控制器;复合自动控制器,,,,,0,0,,,
combination avalanche,,,混合雪崩,,,,,0,0,,,
combination backings,,,[建] 复合背衬,,,,,0,0,,,
combination balance and drilling machine,,,un. 平衡钻孔联合机床,,,,,0,0,,,
combination band,,,组合谱带,,,,,0,0,,,
combination bar operating spring,,,un. 组合条作动弹簧,,,,,0,0,,,
combination beam,,,组合梁,,,,,0,0,,,
combination bearing,,,组合轴承,,,,,0,0,,,
combination bevel,,,[机] 组合斜角,,,,,0,0,,,
combination bit,,,[计] 组合位,,,,,0,0,,,
combination block,,,"复合影写版(版面中既有线画稿,也有网线版稿)",,,,,0,0,,,
combination blooming billet mill,,,初轧-轧坯联合轧机,,,,,0,0,,,
combination blow,,,"组合拳,连续拳",,,,,0,0,,,
combination board,,,[建] 合层纸板,,,,,0,0,,,
combination body,,,"活顶车(车顶可拆卸),组合车身",,,,,0,0,,,
combination boiler,,,复式锅炉,,,,,0,0,,,
combination bond,,,综合债券，联合债券,,,,,0,0,,,
combination box,,,组合盒,,,,,0,0,,,
combination breeding,,,综合育种,,,,,0,0,,,
combination broach,,,[机] 复合拉刀,,,,,0,0,,,
combination bucket-wheel stacker reclaimer,,,斗轮式堆取料机,,,,,0,0,,,
combination budget,,,"[经] 合并预算, 联合预算",,,,,0,0,,,
combination buffer and draft gear,,,缓冲车钩,,,,,0,0,,,
combination builder,,,混合成形装置,,,,,0,0,,,
combination bulk carrier,,,un. 兼用散装货船\n[网络] 多元散装货轮；混装散货船；混合散货船,,,,,0,0,,,
combination buoy,,,组合浮标,,,,,0,0,,,
combination burn cut,,,混合掏槽,,,,,0,0,,,
combination burner,,,多燃料)复合燃烧器,,,,,0,0,,,
combination cable,,,[计] 组合电缆,,,,,0,0,,,
combination calculus,,,[医] 混合结石,,,,,0,0,,,
combination caliper,,,内外卡钳,,,,,0,0,,,
combination calipers,,,内外卡钳,,,,,0,0,,,
combination calliper,,,un. 内外卡钳,,,,,0,0,,,
combination callipers,,,内外卡钳,,,,,0,0,,,
combination car,,,n. 混合车厢,,,,,0,0,,,
combination cargo,,,[网络] 杂货,,,,,0,0,,,
combination cargo-passenger ship,,,[网络] 客货两用船,,,,,0,0,,,
combination carrier,,,[经] 联合货船,,,,,0,0,,,
combination carrier loss,,,[网络] 兼用船灭失,,,,,0,0,,,
combination casing column,,,复式套管,,,,,0,0,,,
combination center drill,,,"组合中心钻,复合中心钻",,,,,0,0,,,
combination chain,,,[建] 混合链,,,,,0,0,,,
combination chamber vessel,,,[化] 组合室容器,,,,,0,0,,,
combination chart,,,un. 混合图\n[网络] 组合图；组合图表；功能合并使用表,,,,,0,0,,,
combination chemical treater,,,[农药] 通用拌药机,,,,,0,0,,,
combination chrominance amplifier,,,组合色度放大器,,,,,0,0,,,
combination chuck,,,[机] 两用夹头,,,,,0,0,,,
combination circuit,,,合电路,,,,,0,0,,,
combination clasp,,,混合型卡环,,,,,0,0,,,
combination coaster,,,un. 沿海客货船,,,,,0,0,,,
combination coefficient,,,组合系数,,,,,0,0,,,
combination cold meat,,,[网络] 什锦冷盘,,,,,0,0,,,
combination collar,,,转换接箍,,,,,0,0,,,
combination colo(u)rs,,,[科技] 合成色,,,,,0,0,,,
combination colours,,,合成色,,,,,0,0,,,
combination column,,,组合柱,,,,,0,0,,,
combination condenser,,,混合搓条机,,,,,0,0,,,
combination connector,,,万能[通用]终接器,,,,,0,0,,,
combination construction,,,混合构造,,,,,0,0,,,
combination container ship,,,[网络] 混合集装箱船；混合货柜船,,,,,0,0,,,
combination control,,,综合控制;联合控制,,,,,0,0,,,
combination control console,,,un. 联合控制台\n[网络] 联动台,,,,,0,0,,,
combination control of deck cranes,,,甲板起货机联合控制,,,,,0,0,,,
combination control system,ˌkɔmbiˈneiʃən kənˈtrəul ˈsistəm,, 综合控制系统,,,,,0,0,,,
combination controller,,,复[组]合控制器,,,,,0,0,,,
combination cooler,,,通用冷库,,,,,0,0,,,
combination coupling,,,转换接箍,,,,,0,0,,,
combination cracking,,,"[建] 联合裂化, 液相和汽相联合裂化",,,,,0,0,,,
combination crystal,,,聚晶；合晶,,,,,0,0,,,
combination current,,,"组合电流,合成电流",,,,,0,0,,,
combination current and voltage regulation,,,[电] 综合电流电压调整率,,,,,0,0,,,
combination cutter,,,联合裁切机,,,,,0,0,,,
combination cutting and loading machine,,,采矿联合机,,,,,0,0,,,
combination cutting and twisting pliers,,,万能钳子,,,,,0,0,,,
combination cutting tool,,,复合刀具,,,,,0,0,,,
combination cycle,,,混合循环,,,,,0,0,,,
combination deal,ˌkɔmbiˈneiʃən di:l,, [法]联合经营,,,,,0,0,,,
combination deal trade,,,[经] 进出口结合贸易,,,,,0,0,,,
combination decision,,,组合决策,,,,,0,0,,,
combination defence,,,(联防与人钉人的)混合防守,,,,,0,0,,,
combination defense,,,【橄榄球】组合防守(在区域防守的基础上，穿插盯人防守的战术),,,,,0,0,,,
combination density and moisture meter,,,密度湿度综合探测计,,,,,0,0,,,
combination denture,,,[医] 联合托牙,,,,,0,0,,,
combination depth and angle gauge,,,un. 组合深度角度规,,,,,0,0,,,
combination depth-and-angle gauge,,,组合深度角度规,,,,,0,0,,,
combination detector,,,合探测器,,,,,0,0,,,
combination diagonal pin type die set,,,对角导柱模架,,,,,0,0,,,
combination dial pressure gage,,,复式刻度压力计,,,,,0,0,,,
combination dial pressure gauge,,,复式刻度压力计,,,,,0,0,,,
combination die,,,多腔模;组合模;组合式凹模;组合式模,,,,,0,0,,,
combination digger,,,挖掘装袋联合收获机,,,,,0,0,,,
combination digital logger,,,[网络] 数字式综合测井仪,,,,,0,0,,,
combination distributing frame,,,组合配线架,,,,,0,0,,,
combination draw redraw die,,,un. 拉延再拉延组合模,,,,,0,0,,,
combination draw reverse draw die,,,un. 拉延反拉延组合模\n[网络] 拉延-反拉延组合模,,,,,0,0,,,
combination draw-redraw die,,,拉延再拉延组合模,,,,,0,0,,,
combination draw-reverse draw die,,,拉延反拉延组合模,,,,,0,0,,,
combination dresser,,,联合上浆机,,,,,0,0,,,
combination dressing,,,联合上浆机,,,,,0,0,,,
combination drill,,,"组合钻,复合钻",,,,,0,0,,,
combination drilling machine,,,组合钻床,,,,,0,0,,,
combination drilling rig,,,冲击旋转钻机,,,,,0,0,,,
combination drive,,,混合驱动,,,,,0,0,,,
combination drive reservoir,,,混合驱动储油层,,,,,0,0,,,
combination drive reservoirs,,,综合驱动油层,,,,,0,0,,,
combination drop-down edit,,,[计] 组合式下拉-编辑框控制项,,,,,0,0,,,
combination drug,,,n. 复方抗菌药,,,,,0,0,,,
combination drying,,,混合干燥,,,,,0,0,,,
combination duplex,,,[计] 组合双工制,,,,,0,0,,,
combination earphone,,,组合耳机,,,,,0,0,,,
combination effect,,,组频效应；组合效应,,,,,0,0,,,
combination electric locomotive,,,混合电气机车,,,,,0,0,,,
combination electric propulsion apparatus,,,[网络] 联合电力推进装置,,,,,0,0,,,
combination electrode,ˌkɔmbiˈneiʃən ɪˈlekˌtrəʊd,, [医]复合电极,,,,,0,0,,,
combination engine,,,组合发动机,,,,,0,0,,,
combination entropy,,,[自] 联合熵,,,,,0,0,,,
combination explosion,,,[计] 组合爆炸,,,,,0,0,,,
combination factory ship,,,un. 联合加工船\n[网络] 联合加工舱,,,,,0,0,,,
combination faucet,,,冷热水龙头,,,,,0,0,,,
combination fiber boxes,,,复合纸板箱,,,,,0,0,,,
combination filling,,,[医] 复合填料,,,,,0,0,,,
combination fishing vessel,ˌkɑmbəˈneʃən ˈfɪʃɪŋ ˈvɛsəl,, 混合式渔船,,,,,0,0,,,
combination fixture,,,整套卫生设备,,,,,0,0,,,
combination flat-nose pliers,ˌkɑmbəˈneʃən flæt noz ˈplaɪərz,,n. 扁嘴钳,,,,,0,0,,,
combination flooding,,,复合驱,,,,,0,0,,,
combination flow regulator,,,组合式流量调节阀,,,,,0,0,,,
combination folder,,,组合式折纸机,,,,,0,0,,,
combination for action effects,,,作用效应组合,,,,,0,0,,,
combination for long-term action effects,,,长期效应组合,,,,,0,0,,,
combination for short-term action effects,,,短期效应组合,,,,,0,0,,,
combination forbidden,,,"[计] 非法组合, 禁止组合",,,,,0,0,,,
combination formula,,, 组合公式,,,,,0,0,,,
combination frame,ˌkɔmbiˈneiʃən freim,, 混合框架,,,,,0,0,,,
combination framing,,,[网络] 混合结构,,,,,0,0,,,
combination frequency,,,[计] 组合频率,,,,,0,0,,,
combination function,,,[网络] 组合函数；结合函数；组合函式,,,,,0,0,,,
combination furnace,,,[建] 复式炉,,,,,0,0,,,
combination furniture,,,[家具] 组合家具,,,,,0,0,,,
combination fuse,,,[化] 复式引信,,,,,0,0,,,
combination fuze,,,复合引信,,,,,0,0,,,
combination gage,,,"组合[量]规, 组合规",,,,,0,0,,,
combination garnished duck,,,[网络] 珍宝扒鸭,,,,,0,0,,,
combination gas,,,[化] 油井气; 伴生气,,,,,0,0,,,
combination gas and oil burner,,,[化] 油气联合燃烧器; 油气联合烧嘴,,,,,0,0,,,
combination gauge,,,[机] 组合规,,,,,0,0,,,
combination gear,,,un. 联合齿轮,,,,,0,0,,,
combination governor,ˌkɔmbiˈneiʃən ˈɡʌvənə,,n. 综合调节器,,,,,0,0,,,
combination grade,,,(在两个标准等级之间的)中间级,,,,,0,0,,,
combination graduation,,,复式刻度,,,,,0,0,,,
combination grain,,,混合粒度,,,,,0,0,,,
combination guidance,,,组合制导,,,,,0,0,,,
combination handle,,,组合手柄,,,,,0,0,,,
combination harmonic,,,组合谐波,,,,,0,0,,,
combination head,,,组合头,,,,,0,0,,,
combination header and return-bend system,,,管列回曲式,,,,,0,0,,,
combination heat,,,[化] 形成热; 化合热,,,,,0,0,,,
combination heater,ˌkɔmbiˈneiʃən ˈhi:tə,,n. 组合式加热器,,,,,0,0,,,
combination home signal aspect,,,组合进站信号示像[显示],,,,,0,0,,,
combination hub,,,接插座,,,,,0,0,,,
combination hydrocele,,,混合型鞘膜积液,,,,,0,0,,,
combination impulse and reaction turbine,,,混合冲动-反动式涡轮机,,,,,0,0,,,
combination in parallel,,,[网络] 并联式组合；并联机构；并联组合,,,,,0,0,,,
combination in restraint of trade,,,[经] 限制贸易的联合,,,,,0,0,s:combinations in restraint of trade,,
combination in series,,,[网络] 串联式组合；串联组合；串专式专合,,,,,0,0,,,
combination incisal plane,,,混合型切平面,,,,,0,0,,,
combination influence mine,,,【军械】组合感发水雷[亦作combined influence mine],,,,,0,0,,,
combination interference,,,组合干扰,,,,,0,0,,,
combination interlock relay,,,合联锁继电器,,,,,0,0,,,
combination joint rate,,,[经] 组合运价,,,,,0,0,,,
combination juice,,,"混合汁,什锦汁",,,,,0,0,,,
combination key,,,[计] 组合键,,,,,0,0,,,
combination lantern,,,长二十米以下机动船的)两色灯,,,,,0,0,,,
combination lathe,,,[化] 万能机床,,,,,0,0,,,
combination law,,,并合律,,,,,0,0,,,
combination level,,,复合能级,,,,,0,0,,,
combination lever,,,联合杆,,,,,0,0,,,
combination lever arm,,,[铁路] 合并杆臂,,,,,0,0,,,
combination lever bend arm,,,[铁路] 合并杆弯臂,,,,,0,0,,,
combination lever bushing,,,[铁路] 合并杆衬套,,,,,0,0,,,
combination light,,,un. 组合灯\n[网络] 两色舷灯,,,,,0,0,,,
combination line,,,[化] 综合峰,,,,,0,0,,,
combination line and tone,,,网点线条组合,,,,,0,0,,,
combination lines,,,组合谱线,,,,,0,0,,,
combination link,,,合并杆,,,,,0,0,,,
combination linkage,,,结合,,,,,0,0,,,
combination list-edit,,,[计] 组合式列表-编辑框控制项,,,,,0,0,,,
combination load,,,组合载荷,,,,,0,0,,,
combination loading,,,[网络] 联通装载,,,,,0,0,,,
combination lock,,,暗码锁,,,,,0,0,s:combination locks,,
combination locks,,,na. 暗码锁\n[网络] 字码锁；金库门锁,,,,,0,0,0:combination lock/1:s,,
combination logging,,,组合测井,,,,,0,0,,,
combination logging instrument,,,[网络] 组合测井仪,,,,,0,0,,,
combination logic element,,,[网络] 组合逻辑元件,,,,,0,0,,,
combination logic function,,,组合逻辑功能,,,,,0,0,,,
combination lond,,,[网络] 联合债券,,,,,0,0,,,
combination long round-nosed pliers,,,[网络] 长嘴钳,,,,,0,0,,,
combination long roundnosed pliers,,,长嘴钳,,,,,0,0,,,
combination loudspeaker,,,复合扬声器;高低音扬声器,,,,,0,0,,,
combination machine,,,[化] 联合机,,,,,0,0,,,
combination machinery,,,[化] 联合机械,,,,,0,0,,,
combination mat,,,混合毡,,,,,0,0,,,
combination meter,,, 组合仪表,,,,,0,0,,,
combination method,,,[经] 联合法,,,,,0,0,,,
combination method measurement,,,组合测量,,,,,0,0,,,
combination method of assay,,,综合试金法,,,,,0,0,,,
combination method of connection,,,连合接法,,,,,0,0,,,
combination method of measurement,,,组合量测法,,,,,0,0,,,
combination microphone,,,[电] 组合微音器,,,,,0,0,,,
combination microwave cooking appliance,,,组合微波炉,,,,,0,0,,,
combination microwave oven,,,组合微波炉,,,,,0,0,,,
combination mill,,,[化] 联磨; 联合磨,,,,,0,0,,,
combination mine,,,"混合式水雷, 联合水雷，联合引信水雷",,,,,0,0,,,
combination misalignment,,,[化] 复合误差; 复合偏差,,,,,0,0,,,
combination modes,,,组合模式,,,,,0,0,,,
combination motor,,,合式电动机,,,,,0,0,,,
combination nova,,,【分类学】新组合,,,,,0,0,,,
combination number,,,[计] 组合编号,,,,,0,0,,,
combination numbering and lettering method,,,[经] 文字数字结合编号法,,,,,0,0,,,
combination of,,, …的组合,,,,,0,0,,,
combination of accounts,,,合并账户,,,,,0,0,,,
combination of agriculture and forest,,,[农学] 农林间作,,,,,0,0,,,
combination of air silencer and filter,,,un. 带空气消声器的滤气器,,,,,0,0,,,
combination of angular momenta,,,角动量的组合,,,,,0,0,,,
combination of attack and chop,,,攻削结合,,,,,0,0,,,
combination of automata,,,[计] 自动机组合,,,,,0,0,,,
combination of automaton,,,[自] 自动机组合,,,,,0,0,,,
combination of blowing and exhaust system of ventilation,,,混合式通风,,,,,0,0,,,
combination of blowpipe and cutting torch,,,un. 焊接和切割两用烧嘴,,,,,0,0,,,
combination of centralization and decentralization,,, [法]统分结合,,,,,0,0,,,
combination of Chinese medicine and Western medicine,,,中西医结合,,,,,0,0,,,
combination of code,,,电码组合,,,,,0,0,,,
combination of colors,,,色混合；配色,,,,,0,0,,,
combination of control loop elements,,,[自] 控制环元件组合,,,,,0,0,,,
combination of cropping and husbandry,,, 农牧兼营制,,,,,0,0,,,
combination of crops,,, 罪组成,,,,,0,0,,,
combination of democracy with dictatorship,ˌkɔmbiˈneiʃən ɔv diˈmɔkrəsi wið dɪkˈteɪtəˌʃɪp,, [法]民主和专政相结合,,,,,0,0,,,
combination of design load,,,计荷载的组合,,,,,0,0,,,
combination of different materials,,,不同材料的组合,,,,,0,0,,,
combination of digit,,,[计] 数字组合,,,,,0,0,,,
combination of enterprise,,,企业合并,,,,,0,0,,,
combination of enterprises,,,企业合并,,,,,0,0,,,
combination of errors,,,误差合成,,,,,0,0,,,
combination of farming and grazing,,,农牧结合,,,,,0,0,,,
combination of features,,, 多特征综合,,,,,0,0,,,
combination of force,,,力的合成,,,,,0,0,,,
combination of forced and exhaust ventilation,,,压抽混合式通风,,,,,0,0,,,
combination of forest and field-crops,,,间作林叶,,,,,0,0,,,
combination of forest and grain plant,,,[农学 林] 林粮间作,,,,,0,0,,,
combination of forestal and agricultural crops,,,间作林业,,,,,0,0,,,
combination of free blocks,,,空闲块的组合,,,,,0,0,,,
combination of gases,,,[建] 气体的混合,,,,,0,0,,,
combination of key,,,关键字组合,,,,,0,0,,,
combination of legislative and executive powers,,, [法]议行合一,,,,,0,0,,,
combination of leniency with punishment,,, 宽大与惩办相结合,,,,,0,0,,,
combination of lenses,,,透镜组,,,,,0,0,,,
combination of load,,,荷载组合,,,,,0,0,,,
combination of materials,,,材料组合;组合材料,,,,,0,0,,,
combination of numbers,,,[计] 数字组合,,,,,0,0,,,
combination of observations,,,un. 观测值的组合\n[网络] 观察值组合,,,,,0,0,,,
combination of outdoor pipelines,,,室外管线综合图,,,,,0,0,,,
combination of pulley,,,滑车组合,,,,,0,0,,,
combination of pumps,,,泵组,,,,,0,0,,,
combination of punishment and education,ˌkɔmbiˈneiʃən ɔv ˈpʌnɪʃmənt ænd ˌedju:ˈkeiʃən,, [法]惩罚与教育相结合,,,,,0,0,,,
combination of rate,,,运价组合,,,,,0,0,,,
combination of risks,,,风险的结合,,,,,0,0,,,
combination of rubber and wood pile fender,,,橡胶与木桩合成护舷,,,,,0,0,,,
combination of secondary key,,,辅助关键字组合,,,,,0,0,,,
combination of sectional charges,,,分段运费的加总,,,,,0,0,,,
combination of sentence,,,复合命题,,,,,0,0,,,
combination of sentences,,,复合命题,,,,,0,0,,,
combination of share,,,[网络] 联合股份,,,,,0,0,,,
combination of shares,,,[经] 联合股份,,,,,0,0,,,
combination of significance tests,,,显著性检验组合,,,,,0,0,,,
combination of slots,,,配合,,,,,0,0,,,
combination of steel beam and rubber fender,,,钢樑橡胶合成护舷,,,,,0,0,,,
combination of syndromes,,,[中医] 合病,,,,,0,0,,,
combination of test of significance,,,[统计] 显著性检验组合,,,,,0,0,,,
combination of tests,,, 组合测验,,,,,0,0,,,
combination of the class notations,,,un. 组合船级标志,,,,,0,0,,,
combination of time and usage method,,, 时间效用综合法,,,,,0,0,,,
combination of trawling and purse seining,,,[水产] 拖围兼作,,,,,0,0,,,
combination of various rated voltages,,,额定电压组合,,,,,0,0,,,
combination of vehicles,,,带半拖车的牵引车,,,,,0,0,,,
combination of views,,,视图的排列,,,,,0,0,,,
combination offer,,,特惠组合,,,,,0,0,,,
combination oil bath air cleaner and silencer,,,un. 油浴和消声组合的空气滤清器,,,,,0,0,,,
combination oil seal,,,组合油封,,,,,0,0,,,
combination operation,,,组合操作,,,,,0,0,,,
combination or conspiracies to monopolize,,,结合或共谋独占,,,,,0,0,,,
combination order,,,组合指令,,,,,0,0,,,
combination oven,,,[化] 联炉; 联立炉,,,,,0,0,,,
combination packaging,,,[网络] 组合包装；组合包装觉；化合物包装,,,,,0,0,,,
combination packer,,,两用填塞器,,,,,0,0,,,
combination panel,,,组合配电盘,,,,,0,0,,,
combination passenger and freight,,,[经] 客货轮,,,,,0,0,,,
combination passenger and freighter,ˌkɔmbiˈneiʃən ˈpæsindʒə ænd ˈfreɪtə,,n. 客货两用轮船,,,,,0,0,,,
combination payment plan,,,组合付款计画,,,,,0,0,,,
combination piston,,,un. 组合活塞,,,,,0,0,,,
combination plan of profit sharing,,,混合分享制,,,,,0,0,,,
combination plan reinsurance,,,组合式再保险,,,,,0,0,,,
combination plane,ˌkɔmbiˈneiʃən plein,, 全能刨,,,,,0,0,s:combination planes,,
combination planes,,, 全能刨\n(combination plane 的复数),,,,,0,0,0:combination plane/1:s,,
combination plant,,,[建] 联合设备,,,,,0,0,,,
combination plastics laminate,,,un. 复合塑料层压板,,,,,0,0,,,
combination plate,,,混合版,,,,,0,0,,,
combination plier,,, 钢丝钳; 组合钳,,,,,0,0,,,
combination pliers,,,钢丝钳;鲤鱼钳;剪钳,,,,,0,0,,,
combination pliers insulated handle,,,胶柄钢丝钳,,,,,0,0,,,
combination pliers slip joint insulated handle,,,胶柄鲤鱼钳,,,,,0,0,,,
combination pliers with side cutting jaws,,,花腮钳,,,,,0,0,,,
combination plow,,,[农机] 组合犁,,,,,0,0,,,
combination pneumatic conveying,,,[粮食] 混合式气力输送,,,,,0,0,,,
combination policy,,,[经] 合并保险单,,,,,0,0,,,
combination pool,,,复合油气藏,,,,,0,0,,,
combination press,,,联合压机,,,,,0,0,,,
combination pressure and velocity stage turbine,,,复合压力-速度级涡轮机,,,,,0,0,,,
combination price,,,[经] 批发价,,,,,0,0,,,
combination principle,,,[化] 结合原理,,,,,0,0,,,
combination print,,,叠放印相；合成印相,,,,,0,0,,,
combination printing,,,叠放印相法；合成印相法,,,,,0,0,,,
combination probe,,,组合探针,,,,,0,0,,,
combination process,,,[建] 联合作业,,,,,0,0,,,
combination product,,,[网络] 结合产品；化合产物；复合式产品,,,,,0,0,,,
combination program,,,[网络] 综合服务型,,,,,0,0,,,
combination property,,,综合性能,,,,,0,0,,,
combination propulsion,,,混合推进,,,,,0,0,,,
combination pump,,,[化] 复合泵,,,,,0,0,,,
combination purse,,,拖围兼作渔船,,,,,0,0,,,
combination quota,,,[经] 综合限(配)额,,,,,0,0,,,
combination radio,,,电唱收音机,,,,,0,0,,,
combination rate,,,[经] 综合费率,,,,,0,0,,,
combination reaction,,,[建] 化合反应,,,,,0,0,,,
combination relation,,,组合关系,,,,,0,0,,,
combination relay,,,组合继电器,,,,,0,0,,,
combination restrictive and by pass flow regulator,,,节流旁通组合式流量调节阀,,,,,0,0,,,
combination rig,,,【石油工程】联合钻井设备,,,,,0,0,,,
combination roller,,,组合式压路机,,,,,0,0,,,
combination rolling colter and jointer,,,un. 圆盘犁刀与小前犁组合体,,,,,0,0,,,
combination rolling mill practice,,,联合轧制法,,,,,0,0,,,
combination room,,,〈英〉(剑桥大学的)公用教室,,,,,0,0,,,
combination rooms,,,(英国剑桥大学的)公共休息室；师生公用室,,,,,0,0,,,
combination rope,,,夹芯绳,,,,,0,0,,,
combination rotary-percussion drilling,,,旋冲钻凿,,,,,0,0,,,
combination round and spline broach,,,un. 圆孔花键复合拉刀,,,,,0,0,,,
combination salad,,,na. 〈美俚〉垃圾\n[网络] 什锦沙拉；混合沙拉；什锦蔬菜沙拉,,,,,0,0,s:combination salads,,
combination salads,,,[网络] 组合沙拉,,,,,0,0,0:combination salad/1:s,,
combination sale,,,[经] 趸卖,,,,,0,0,,,
combination saw,,,组合锯,,,,,0,0,,,
combination saw blade,,,[木] 两用锯片,,,,,0,0,,,
combination scale,,,组合刻度,,,,,0,0,,,
combination scattering,,,组合散射,,,,,0,0,,,
combination screens,,,[医] 复合增感屏(包括前屏及后屏),,,,,0,0,,,
combination screw driver set with tester,,,带测电笔的套装螺丝刀,,,,,0,0,,,
combination seal,,,[机] 组合密封件,,,,,0,0,,,
combination seed drill,,,联合条播机,,,,,0,0,,,
combination service,,,客货混合飞机,,,,,0,0,,,
combination set,,,"万能测角器,组合角尺",,,,,0,0,,,
combination shaft,,,混合井,,,,,0,0,,,
combination shielding factor,,,综合屏蔽系数,,,,,0,0,,,
combination ship,ˌkɔmbiˈneiʃən ʃip,, 客货船,,,,,0,0,,,
combination shot,ˌkɔmbiˈneiʃən ʃɔt,, [医]组合摄像,,,,,0,0,,,
combination signal aspect,,,组合信号示像[显示],,,,,0,0,,,
combination skin,,,[网络] 混合性皮肤；混合性肌肤；混合型肌肤,,,,,0,0,,,
combination sleeve,,,组合连轴器,,,,,0,0,,,
combination sliding and rotary spool valve,,,又移动又旋转的圆柱滑阀,,,,,0,0,,,
combination slime crushing and sliming machine,,,(畜)肠粘膜挤刮及清洗联合机,,,,,0,0,,,
combination snips,,,带四联杆的剪刀,,,,,0,0,,,
combination socket,,,两用打捞器,,,,,0,0,,,
combination speaker,,,复合扬声器(高低音扬声器),,,,,0,0,,,
combination spectrum,,,【天文学】组合光谱,,,,,0,0,,,
combination spray gun,,,[机] 组合喷枪,,,,,0,0,,,
combination spreader,,,综合撒布机,,,,,0,0,,,
combination square,,,组合角尺,,,,,0,0,,,
combination stack,,,"综合式堆垛机,集草堆草机",,,,,0,0,,,
combination stack and lateral feed,,,un. 多工位压力机上推叠式横向进料,,,,,0,0,,,
combination standard gauge,,,万能塞规,,,,,0,0,,,
combination starter,,,混合起动器,,,,,0,0,,,
combination steep twill,,,混合斜纹,,,,,0,0,,,
Combination strategy,,,组合策略,,,,,0,0,,,
combination string,,,复式套管,,,,,0,0,,,
combination structure,,,组合结构,,,,,0,0,,,
combination structure closed cooling water system,,,结合构造闭路冷却水系统,,,,,0,0,,,
combination structure essential closed cooling water system,,,结合构造主要闭路式冷却水系统,,,,,0,0,,,
combination structure exterior wall,,,组合结构外壁,,,,,0,0,,,
combination structure sump flow,,,组合结构集水坑流,,,,,0,0,,,
combination supermarket,,,[贸易] 联合超级市场,,,,,0,0,,,
combination support,,,联合支持,,,,,0,0,,,
combination sweep rake and stack,,,综合式堆垛机,,,,,0,0,,,
combination switch,,,[计] 组合开关,,,,,0,0,,,
combination syntan,,,混合性合成鞣剂,,,,,0,0,,,
combination system,,,[经] 联合(合并)帐户,,,,,0,0,,,
combination table,,,组合表,,,,,0,0,,,
combination tail and stop lamp,,,车尾及停车组合灯,,,,,0,0,,,
combination tail lamp,ˌkɑmbəˈneʃən tel læmp,, 组合尾灯,,,,,0,0,,,
combination tanker,,,混合油船,,,,,0,0,,,
combination tannage,,,[化] 结合鞣; 结合鞣法,,,,,0,0,,,
combination tanned leather,,,[化] 结合鞣革,,,,,0,0,,,
combination termination,,,[化] 结合终止,,,,,0,0,,,
combination test,,,填空测验,,,,,0,0,,,
combination test signal,,,"组合测试信号,综合电视测试信号",,,,,0,0,,,
combination theory,,,[数] 组合理论,,,,,0,0,,,
combination therapeutic lamp,,,综合治疗灯,,,,,0,0,,,
combination therapy,ˌkɔmbiˈneiʃən ˈθerəpi,, [医]联合治疗,,,,,0,0,,,
combination thermal cracking,,,"[建] 联合热裂化, 混合裂化",,,,,0,0,,,
combination tie-up,,,混合穿吊法,,,,,0,0,,,
combination tiller,,,"组合耕作机, 联合耕作机",,,,,0,0,,,
combination tone,,,"结合音;组合谐频,组合频率",,,,,0,0,,,
combination tones,,,[电] 合音,,,,,0,0,,,
combination tool block,,,组合刀架,,,,,0,0,,,
combination tooth,,,混合齿,,,,,0,0,,,
combination topping and cracking plant,,,[化] 拔顶-裂化联合装置,,,,,0,0,,,
combination tower,,,[化] 联合塔; 复合塔,,,,,0,0,,,
combination trailer and crane,,,拖车和起重联合机,,,,,0,0,,,
combination trap,,,组合圈闭,,,,,0,0,,,
combination truck,,,组合式转向架,,,,,0,0,,,
combination turbine,,,盘鼓形汽轮机;混合式汽轮机,,,,,0,0,,,
combination turret and copying lathe,,,转塔靠模组合机床,,,,,0,0,,,
combination turret lathe,,,组合塔式六角车床,,,,,0,0,,,
combination type fire detector,,,[安全] 复合式火灾探测器,,,,,0,0,,,
combination type gear inspection instrument,,,齿轮综合检测仪,,,,,0,0,,,
combination type miller,,,un. 组合铣床,,,,,0,0,,,
combination type of industry,,,联合式制造业,,,,,0,0,,,
combination type press,,,un. 联合压机,,,,,0,0,,,
combination type processes,,,"[建] 联合作业, 联合操作过程",,,,,0,0,,,
combination tyre,,,组合轮胎,,,,,0,0,,,
combination unit,,,[化] 联合装置,,,,,0,0,,,
combination vacuum and pressure gauge,,,un. 组合真空压力计,,,,,0,0,,,
combination value of actions,,,作用组合值,,,,,0,0,,,
combination value of an action,,,用组合值,,,,,0,0,,,
combination valve,,,[化] 复合阀,,,,,0,0,,,
combination variable,,,共生变星,,,,,0,0,,,
combination variance,,,[会计] 合并差异,,,,,0,0,,,
combination vehicle,,,组合车(有拖挂的车或拖挂列车),,,,,0,0,,,
combination vehicles,,,"结合车辆, 联结车",,,,,0,0,,,
combination vessel,,,[经] 货客船,,,,,0,0,,,
combination vibration,,,组合振动,,,,,0,0,,,
combination water bath,,,[建] 联合水浴器,,,,,0,0,,,
combination water meter,,,[网络] 复式水表,,,,,0,0,,,
combination weigher,,,组合式称重机,,,,,0,0,,,
combination well,,,合井,,,,,0,0,,,
combination wheel,,,组合轮,,,,,0,0,,,
combination window,,,[建] 组合窗,,,,,0,0,,,
combination with,,,[网络] 与------结合,,,,,0,0,,,
combination with repetition,,,重复组合,,,,,0,0,,,
combination with repetitions,,,重复组合,,,,,0,0,,,
combination without repetition,,,非重复组合,,,,,0,0,,,
combination wrapped and braided hose,,,包编软管,,,,,0,0,,,
combination wrench,,,组合扳手,,,,,0,0,,,
combination wrenches,,,两用扳手,,,,,0,0,,,
combination yarn,,,混合纱,,,,,0,0,,,
"combination, series",,,[网络] 组合系列,,,,,0,0,,,
combination-bar operating spring,,,组合条作动弹簧,,,,,0,0,,,
combination-deal trade,,,进出口结合贸易,,,,,0,0,,,
combination-drive reservoir,,,混合驱动型油藏,,,,,0,0,,,
combination-joint rate,,,[交] 组合运价,,,,,0,0,,,
combination-room,,,na. (剑桥大学的)特别研究员餐后休息室\n[网络] 公用教室；混合室,,,,,0,0,,,
combination-type miller,,,组合铣床,,,,,0,0,,,
combination-venose,,,具结合脉的,,,,,0,0,,,
combinational,,s able to or tending to combine,[计] 组合的,,,,,0,0,,,
combinational (boolean) function,,,组合布林函数,,,,,0,0,,,
combinational algorithm,,,[计] 组合算法,,,,,0,0,,,
combinational analysis,,,[数] 组合分析,,,,,0,0,,,
combinational band,,,组谱带,,,,,0,0,,,
combinational circuit,,,[计] 组合电路,,,,,0,0,,,
combinational circuit diagram,,,[电子] 组合电路图,,,,,0,0,,,
combinational cut,,,混合掏槽,,,,,0,0,,,
combinational decomposition theory,,,[计] 组合分解理论,,,,,0,0,,,
combinational design,,,[计] 组合设计,,,,,0,0,,,
combinational difference coding,,,[计] 组合差分编码,,,,,0,0,,,
combinational digital circuit,,,[电子] 组合数字电路,,,,,0,0,,,
combinational digital circuits,,,[计] 组合数字电路,,,,,0,0,,,
combinational formula,,,[数] 组合公式,,,,,0,0,,,
combinational function minimization,,,[计] 组合函数最小化,,,,,0,0,,,
combinational logic,,,[计] 组合逻辑,,,,,0,0,,,
combinational logic circuit,,,[计] 组合逻辑电路,,,,,0,0,,,
combinational logic design,,,[计] 组合逻辑设计,,,,,0,0,,,
combinational logic element,,,[计] 组合逻辑元件,,,,,0,0,,,
combinational logic synthesis,,,组合逻辑综合,,,,,0,0,,,
combinational logic system,,,un. 组合逻辑系统,,,,,0,0,,,
combinational logical element,,,组合逻辑元件,,,,,0,0,,,
combinational model,,,复合模式,,,,,0,0,,,
combinational network,,,[计] 组合网,,,,,0,0,,,
combinational optimization,,,组合最佳化,,,,,0,0,,,
combinational polytope,,,组合多面体,,,,,0,0,,,
combinational probability,,,组合机率,,,,,0,0,,,
combinational problem,,,un. 组合问题,,,,,0,0,,,
combinational probler,,,[电] 综合问题,,,,,0,0,,,
combinational selection,,,组合选择,,,,,0,0,,,
combinational switching network,,,合开关网络,,,,,0,0,,,
combinational switching system,,,组合开关系统,,,,,0,0,,,
combinational tester,,,组合试验器,,,,,0,0,,,
combinational topology,,,[数] 组合拓扑学,,,,,0,0,,,
combinational trigger,,,组合触发器,,,,,0,0,,,
combinational vibrational band,,,组合振动[谱]带,,,,,0,0,,,
combinationdeal trade,,,[贸易] 进出口结合贸易,,,,,0,0,,,
combinationlathe,,,"组合机床,万能机床",,,,,0,0,,,
combinations,,n a collection of things that have been combined; an assemblage of separate parts or qualities\nn a coordinated sequence of chess moves\nn a sequence of numbers or letters that opens a combination lock\nn a group of people (often temporary) having a common purpose\nn an alliance of people or corporations or countries for a special purpose (formerly to achieve some antisocial end but now for general political or economic purposes)\nn the act of arranging elements into specified groups without regard to order\nn the act of combining things to form a new whole,n. 合谱；组合；制品（combination的复数）,,,,,0,0,0:combination/1:s,,
combinations in restraint of trade,,,[经] 限制贸易的联合\n(combination in restraint of trade 的复数),,,,,0,0,0:combination in restraint of trade/1:s,,
combinative,'kɒmbinәtiv,a. marked by or relating to or resulting from combination\ns. relating to or involving combinations,"a. 结合的, 可结合的, 有结合力的",,,,,0,0,,,
combinative defense,,,混合防守,,,,,0,0,,,
combinative feed,,,配合饲料,,,,,0,0,,,
combinative nail gun,,,[建] 折合式射钉枪,,,,,0,0,,,
combinative resonator,,,复合共振腔,,,,,0,0,,,
combinative scattering,,,并合散射,,,,,0,0,,,
combinative table,,,复合表;组合表,,,,,0,0,,,
combinator,'kɔmbineitә,,"[计] 组合程序, 合成逻辑",,,,,0,0,,,
combinatoria,,,[网络] 组合,,,,,0,0,,,
combinatorial,",kɔmbinә'tɔ:riәl",s. relating to the combination and arrangement of elements in sets,[计] 组合的,j:100,,,,42675,32516,,,
combinatorial algorithm,,,[数] 组合算法,,,,,0,0,,,
combinatorial algorithms,,,组合演算法,,,,,0,0,,,
combinatorial analysis,,,"[计] 组合分析, 组合算法",,,,,0,0,,,
combinatorial antibody library,ˌkɔmbinəˈtɔ:riəl ˈæntɪˌbɔdi: ˈlaibrəri,, [医]组合抗体文库,,,,,0,0,,,
combinatorial arrangement,,,组合配置,,,,,0,0,,,
combinatorial bidding,,,{频率指配机制}组合式投标,,,,,0,0,,,
combinatorial cell,,,[数] 组合胞腔,,,,,0,0,,,
combinatorial chemistry,,,组合化学,,,,,0,0,,,
combinatorial circuit,,,[计] 组合电路,,,,,0,0,,,
combinatorial closure,,,组合闭包,,,,,0,0,,,
combinatorial completeness,,,组合完备[全]性,,,,,0,0,,,
combinatorial compression,,,[计] 组合压缩,,,,,0,0,,,
combinatorial covering problem,,,组合覆盖问题,,,,,0,0,,,
combinatorial definability,,,[数] 组合可定义性,,,,,0,0,,,
combinatorial design,,,组合设计,,,,,0,0,,,
combinatorial digital circuit,,,[电子] 组合数字电路,,,,,0,0,,,
combinatorial dual,,,[计] 组合对偶,,,,,0,0,,,
combinatorial electrochemistry,,,组合电化学,,,,,0,0,,,
combinatorial embedding,,,组合嵌入,,,,,0,0,,,
combinatorial explosion,,,[计] 组合爆炸,,,,,0,0,,,
combinatorial fluorescence energy transfer tags,,,组合式萤光能量转换标签,,,,,0,0,,,
combinatorial formula,,,[经] 联合公式,,,,,0,0,,,
combinatorial function,,,[数] 组合函数,,,,,0,0,,,
combinatorial game,,,[数] 组合对策,,,,,0,0,,,
combinatorial genus,,,组合亏格,,,,,0,0,,,
combinatorial geometry,,,组合几何学,,,,,0,0,,,
combinatorial group theory,,,组合群论,,,,,0,0,,,
combinatorial homology manifold,,,[数] 组合（下）同调流形,,,,,0,0,,,
combinatorial identity,,,[数] 组合恒等式,,,,,0,0,,,
combinatorial immersion,,,组合浸入,,,,,0,0,,,
combinatorial inequality,,,[数] 组合不等式,,,,,0,0,,,
combinatorial input,,,[计] 组合输入,,,,,0,0,,,
combinatorial library,,,[网络] 组合库；组合文库；组合化学库,,,,,0,0,,,
combinatorial logic,ˌkɔmbinəˈtɔ:riəl ˈlɔdʒik,, 组合逻辑,,,,,0,0,,,
combinatorial logic network,,,[计] 组合逻辑网络,,,,,0,0,,,
combinatorial manifold,,,组合流形,,,,,0,0,,,
combinatorial map,,,组合地图,,,,,0,0,,,
combinatorial matching problem,,,组合匹配问题,,,,,0,0,,,
combinatorial material mechanics,,,[力] 组合材料力学,,,,,0,0,,,
combinatorial mathematics,,,[计] 组合数学,,,,,0,0,,,
combinatorial matrix,,,[计] 组合矩阵,,,,,0,0,,,
combinatorial method,,,[网络] 组合方法；组合法,,,,,0,0,,,
combinatorial methods,,,un. 组合方法,,,,,0,0,,,
combinatorial model,,,组合模型,,,,,0,0,,,
combinatorial network,,,[电子] 组合网络,,,,,0,0,,,
combinatorial optimization,,,组合最优化,,,,,0,0,,,
combinatorial optimization problem,,,组合的最佳化问题,,,,,0,0,,,
combinatorial output,,,[计] 组合输出,,,,,0,0,,,
combinatorial path,,,[计] 组合路径,,,,,0,0,,,
combinatorial polytope,,,组合多面体,,,,,0,0,,,
combinatorial power mean,,,组合幂平均数,,,,,0,0,,,
combinatorial probability,,,组合概率,,,,,0,0,,,
combinatorial problem,,,[计] 组合问题,,,,,0,0,,,
combinatorial product,,,[数] 组合积,,,,,0,0,,,
combinatorial programming,,,组合的程式设计,,,,,0,0,,,
combinatorial property,,,组合性质,,,,,0,0,,,
combinatorial pseudomanifold,,,组合拟流形,,,,,0,0,,,
combinatorial semantics,,,[语] 结合语义学,,,,,0,0,,,
combinatorial sphere,,,组合球面,,,,,0,0,,,
combinatorial star,,,组合星形,,,,,0,0,,,
combinatorial structure,,,[数] 组合结构,,,,,0,0,,,
combinatorial structures,,,组合结构,,,,,0,0,,,
combinatorial sum,,,组合和,,,,,0,0,,,
combinatorial surface,,,组合曲面,,,,,0,0,,,
combinatorial switching network,,,[计] 复合开关网络,,,,,0,0,,,
combinatorial term,,,[化] 组合项,,,,,0,0,,,
combinatorial test,,,组合测试,,,,,0,0,,,
combinatorial theorem,,,[计] 组合定理,,,,,0,0,,,
combinatorial theory,,,[计] 组合论,,,,,0,0,,,
combinatorial theory of probabilities,,,[数] 组合概率论,,,,,0,0,,,
combinatorial topology,,,组合拓扑,,,,,0,0,,,
combinatorialism,,,[网络] 组合主义,,,,,0,0,,,
combinatorialist,,,[网络] 组合者,,,,,0,0,,,
combinatorialists,,,[网络] 组合者,,,,,0,0,,,
combinatoriality,,,[网络] 组合性,,,,,0,0,,,
combinatorially,,,组合地\n组合数学地,,,,,0,0,,,
combinatorially equivalent,,,组合等价,,,,,0,0,,,
combinatorialtopology,,,组合拓扑,,,,,0,0,,,
combinatoric,",kɔmbinə'tɔ:rik",,a. 【数学】组合学的,,,,,0,0,s:combinatorics,,
combinatorically,,,[网络] 组合地,,,,,0,0,,,
combinatorics,",kɔmbinei'tɔriks",,"n. 组合学,组合数学",,,,,0,0,0:combinatoric/1:s/s:combinatoricss,,
combinatoricss,",kɒmbɪnə'tɒrɪks",,"combinatorics\n[kəm,bainə'tɔ:riks]\nn.\n[复数,动词用单数]【数学】组合学,组合数学(=combinatorial analysis)[亦称作 combinatorial mathematics]",,,,,0,0,0:combinatorics/1:s,,
combinatories,'kəʊmɪnətrɪz,, 组合分析,,,,,0,0,0:combinatory/1:s,,
combinatorist,,,[网络] 组合,,,,,0,0,,,
combinatorists,,,[网络] 组合,,,,,0,0,,,
combinators,,,[网络] 关系选择器；选择符；连接符,,,,,0,0,,,
combinatory,kɔm'bainәtәri,a marked by or relating to or resulting from combination\ns relating to or involving combinations\ns able to or tending to combine,[计] 组合,,,,,0,0,s:combinatories,,
combinatory analysis,,,[计] 组合分析,,,,,0,0,,,
combinatory explosion,,,[计] 组合爆炸,,,,,0,0,,,
combinatory integral transmission,,,[机] 组合式整体变速器,,,,,0,0,,,
combinatory logic,,,[计] 组合逻辑,,,,,0,0,,,
combinatory possibility,,,[数] 组合可能性,,,,,0,0,,,
combinatory topology,,,[数] 组合拓扑学,,,,,0,0,,,
combinatory transmission,,,[车辆] 组合式变速器,,,,,0,0,,,
combinatory variants,,,组合变体,,,,,0,0,,,
combinatus,,,[法] 联合制,,,,,0,0,,,
combind,,,[网络] 组装拆卸从表；组装拆卸单,,,,,0,0,,,
combine,kәm'bain,n. harvester that heads and threshes and cleans grain while moving across the field\nv. add together from different sources\nv. join for a common purpose or in a common action,"v. (使)联合, (使)结合\nn. (企业的)联合, 联合收割机",n:2/v:98,3,1,gk cet4 cet6 ky toefl ielts,1581,1448,d:combined/i:combining/3:combines/p:combined/s:combines,,
combine additively,,,[化] 加成化合,,,,,0,0,,,
combine against,,,结合起来以对付,,,,,0,0,,,
combine antituberculotic medication,,,联合抗结核药物治疗,,,,,0,0,,,
combine apron,,,联合收割机滑板,,,,,0,0,,,
combine baby bill,,,结合婴儿帐单,,,,,0,0,,,
combine baler,,,联合收获机茎稿压捆器,,,,,0,0,,,
combine body,,,联合收获机壳体,,,,,0,0,,,
combine clips,,,组合素材,,,,,0,0,,,
combine code,,,合併码,,,,,0,0,,,
combine cylinder,,,联合收获机脱粒滚筒,,,,,0,0,,,
combine dimensions,,,[农机] 联合收割机尺寸,,,,,0,0,,,
combine drier,,,联合收割机上的干燥装置,,,,,0,0,,,
combine drill,,,【农业】联合条播机,,,,,0,0,,,
combine drive control lever,,,un. 联合收割机传动操纵杆,,,,,0,0,,,
combine engine drive gear,,,un. 并车传动装置,,,,,0,0,,,
combine functional test,,,联合机能试验,,,,,0,0,,,
combine ground clearance,,,[农机] 联合收割机离地间隙,,,,,0,0,,,
combine harvest,,,[网络] 联合收割机，名都不变；大型农用收割机,,,,,0,0,,,
combine harvester,kəmˈbain ˈhɑ:vɪstə,,n. 联合收割机,,,,,0,0,,,
combine harvester thresher,,,谷物联合收割机的脱粒机,,,,,0,0,,,
combine harvesters,,,na. 联合收割机\n[网络] 联合收获机,,,,,0,0,,,
combine height,,,[农机] 联合收割机高度,,,,,0,0,,,
combine interval,,,合併间隔,,,,,0,0,,,
combine into,,,"合成…,合并成…",,,,,0,0,,,
combine junsdiction,,,合併管辖,,,,,0,0,,,
combine length,,,[农机] 联合收割机长度,,,,,0,0,,,
combine man,,,联合收获机手,,,,,0,0,,,
combine mass,,,[农机] 联合收割机质量,,,,,0,0,,,
combine mining method,,,[矿业] 联合开采,,,,,0,0,,,
combine nuclear and gas turbine,,,核动力和燃汽轮机联合动力装置,,,,,0,0,,,
combine nuclear and gas turbine power plant,,,[动力]和燃气轮机联合发电厂,,,,,0,0,,,
combine operations,,,海、陆、空三军联合作战(演习),,,,,0,0,,,
combine painting,,,拼凑画,,,,,0,0,,,
combine potato planter,,,马铃薯联合种植机,,,,,0,0,,,
combine register,,,谷物联合收割机记量器,,,,,0,0,,,
combine relay,,,谷物联合收割机记量器,,,,,0,0,,,
combine requirements,,,合併需求,,,,,0,0,,,
combine requirements code,,,合併需求码,,,,,0,0,,,
combine rope,,,[网络] 组合缆,,,,,0,0,,,
combine scenes,,,组合场景,,,,,0,0,,,
combine scoreboard,,,综合评分制,,,,,0,0,,,
combine separator,,,联合收割机的脱粒器,,,,,0,0,,,
combine steam and gas turbine,,,汽轮机和燃气轮机联合动力装置,,,,,0,0,,,
combine system,,,综合制度,,,,,0,0,,,
combine theory with practice,,,理论联系实际,,,,,0,0,,,
combine tillage operation,,,综合耕作,,,,,0,0,,,
combine to,,,un. 化合成\n[网络] 使联合起来,,,,,0,0,,,
combine width,,,[农机] 联合收割机宽度,,,,,0,0,,,
combine with,,,与...结合,,,,,0,0,,,
combine with bagging platform,,,un. 带装袋平台的联合收割机；带装袋平台的联合收获机,,,,,0,0,,,
combine with grain tank,,,带粮箱的联合收割机,,,,,0,0,,,
combine(d),,,"结合,化合",,,,,0,0,,,
combine-harvester,,,联合收割机,,,,,0,0,s:combine-harvesters,,
combine-harvesters,,,na. 联合收割机\n[网络] 大笔钱购买联合收割机,,,,,0,0,0:combine-harvester/1:s,,
combine-painting,kəm'bain'peintiŋ,,"n. 综合绘画,结合式绘画 [亦作 combine paintings]",,,,,0,0,,,
combined,kәm'baind,a. made or joined or united into one,a. 结合的；组合的,j:100,2,,,3972,4168,0:combine/1:dp,,
combined a.c. and d.c. welding power source,,,[电] 交直流两用弧焊电源,,,,,0,0,,,
combined abrasive and friction whitening machine,,,[粮食] 混合型米机,,,,,0,0,,,
combined acceptance trials,,,综合验收试航,,,,,0,0,,,
combined account,,,[经] 联合(合并)帐户,,,,,0,0,,,
combined accounts,,,na. 总账\n[网络] 总帐,,,,,0,0,,,
combined acidity,,,"混合酸性，混合酸度, 混合酸性；混合酸度",,,,,0,0,,,
combined action,,,"[建] 联合作用, 复合作用",,,,,0,0,,,
combined action of accelerators,,,[建] 加速器的联合作用,,,,,0,0,,,
combined activities,,,un. 联合动作,,,,,0,0,,,
combined addressing path,,,[计] 组合寻址通路,,,,,0,0,,,
combined adjustment,,,联合平差,,,,,0,0,,,
combined adnexal tumor,,,合併附属器瘤,,,,,0,0,,,
combined agent extinguishing system,,,[安全] 混合灭火系统,,,,,0,0,,,
combined aggregate,,,混合骨材,,,,,0,0,,,
combined aggregate grading,,,混合骨料级配,,,,,0,0,,,
combined air brine ejector,,,盐水空气抽除器,,,,,0,0,,,
combined air force,,,空气动力合力,,,,,0,0,,,
combined alarm and manoeuvre recorder,,,报警和操纵联合记录器,,,,,0,0,,,
combined alarm system,,,un. 组合报警系统,,,,,0,0,,,
combined altimeter,,,组合式高度表,,,,,0,0,,,
combined altitude radar altimeter,,,多用高度雷达高度表,,,,,0,0,,,
combined altitudes,,,[网络] 组合高度,,,,,0,0,,,
combined analytical instrument,,,[分化] 联用分析仪器,,,,,0,0,,,
combined and diesel electric plant,,,柴油机和柴油机电力推进装置,,,,,0,0,,,
combined anesthesia,,,[医] 合并麻醉,,,,,0,0,,,
combined antenna,kəmˈbaɪnd ænˈtenə,,n. 组合天线,,,,,0,0,,,
combined aphasia,,,[医] 混合性失语,,,,,0,0,,,
combined appliance,,,组合型器具,,,,,0,0,,,
combined application,,,[网络] 组合应用；申请,,,,,0,0,,,
combined arc-chute,,,[电] 复式灭弧室,,,,,0,0,,,
combined arms,,,[网络] 联合作战；包括协同作战；联合武装,,,,,0,0,,,
combined arms team,,,联合兵种战斗队,,,,,0,0,,,
combined ash,,,化合灰分,,,,,0,0,,,
combined assesment of system,,,[计] 系统的综合评价,,,,,0,0,,,
combined assessment of system,,,[经] 系统的综合评价,,,,,0,0,,,
combined aural and visual alarm,,,声光组合报警器,,,,,0,0,,,
combined austempering,,,组合等温淬火,,,,,0,0,,,
combined automatic and straight air brake,,,自动与直通联合制动机,,,,,0,0,,,
combined available chlorine,,,结合性有效氯,,,,,0,0,,,
combined available residual chlorine,,,学性有效余氯,,,,,0,0,,,
combined axial and radial labyrinth,,,向-径向组合迷宫式汽封,,,,,0,0,,,
combined axial and radial labyrinth gland,,,"轴向-径向组合迷宫式汽封,轴向-径向组合曲径式汽封",,,,,0,0,,,
combined balance sheet,,,[经] 合并资产负债表,,,,,0,0,,,
combined balance sheet all fund,,,un. 合并资产负债表所有基金\n[网络] 合并资产负债表-全部基金,,,,,0,0,,,
combined balance system,,,混合平衡,,,,,0,0,,,
combined bay,,,组合架,,,,,0,0,,,
combined bearing,kəmˈbaɪnd ˈbɛəriŋ,,n. 组合轴承,,,,,0,0,,,
combined bill of lading,,,[法] 联合载货证券,,,,,0,0,,,
combined blade,,,体叶片,,,,,0,0,,,
combined bleach,,,联合漂白,,,,,0,0,,,
combined boiling /superheat fuel assembly,,,腾-过热燃料组件,,,,,0,0,,,
combined bolting and shotcrete,,,喷锚支护,,,,,0,0,,,
combined boring and honing machine,,,镗磨联合机床,,,,,0,0,,,
combined braking system,,,组合制动系统,,,,,0,0,,,
combined breaker and finisher card,,,"联合梳毛机,联合梳麻机",,,,,0,0,,,
combined bridge,,,铁路公路两用桥,,,,,0,0,,,
combined bridge console,,,[网络] 操舵台,,,,,0,0,,,
combined bridge tapped foot,,,组合夹板位钉管,,,,,0,0,,,
combined broach,,,组合拉刀,,,,,0,0,,,
combined broaching,,,组合式拉削,,,,,0,0,,,
combined bud grafting,,,复式芽接,,,,,0,0,,,
combined budget share,,,un. 合并预算份额,,,,,0,0,,,
combined cage and skip,,,罐笼箕斗混合提升容器,,,,,0,0,,,
combined calculus,,,混合结石,,,,,0,0,,,
combined carbon,,,[化] 化合碳; 结合碳,,,,,0,0,,,
combined card,,,联合梳麻机,,,,,0,0,,,
combined cargo transportation contract,,,联合货物运输合同,,,,,0,0,,,
combined carriage,,,混合运送,,,,,0,0,,,
combined carriage of goods,,,联合货运,,,,,0,0,,,
combined carrier,,,[经] 联合运输承运人,,,,,0,0,,,
combined casting,,,复合注浆,,,,,0,0,,,
combined center drill,,,复合中心钻,,,,,0,0,,,
combined centrifugal and impact separator,,,心-碰撞分离器,,,,,0,0,,,
combined certificate,,,联合凭证,,,,,0,0,,,
combined certificate of value and origin,,,价值及原产地合并证明书，原产地和货值联合证明书,,,,,0,0,,,
combined characteristic,,,综合特性曲线;总特性曲线,,,,,0,0,,,
combined charge,,,[化] (新料与循环料混合)总进料,,,,,0,0,,,
combined check and receipt forms,,,支票和收据联式票据,,,,,0,0,,,
combined chemotherapy,,,联合化疗,,,,,0,0,,,
combined chlorine,,,[化] 化合氯,,,,,0,0,,,
combined chromatograph,,,组合式层析仪,,,,,0,0,,,
combined churn,,,奶油搅拌压炼联合机,,,,,0,0,,,
combined circuit,,,[电] 组合电路,,,,,0,0,,,
combined circulation,,,合循环,,,,,0,0,,,
combined circulation boiler,,,复合循环锅炉,,,,,0,0,,,
Combined cis.,,,[网络] 原位癌,,,,,0,0,,,
combined city,,,[法] 联合城市,,,,,0,0,,,
combined clamp,,,组合夹具,,,,,0,0,,,
combined clasp,,,联合卡环,,,,,0,0,,,
combined closed-loop and once-through cooling,,,合式冷却,,,,,0,0,,,
combined closure method,,,混合法截流,,,,,0,0,,,
combined clutch,,,混成圆板离合器,,,,,0,0,,,
combined code,,,[计] 组合码,,,,,0,0,,,
combined coefficient,,,[化] 合成效率,,,,,0,0,,,
Combined collector,,,组合捕收剂,,,,,0,0,,,
combined colour image,,,组合彩色图像,,,,,0,0,,,
combined column,,,复合柱,,,,,0,0,,,
combined column footing,,,联合柱座,,,,,0,0,,,
combined combustion,,,[化] 混合燃烧,,,,,0,0,,,
combined command,,,组合指令,,,,,0,0,,,
combined communication,,,[计] 组合通信,,,,,0,0,,,
Combined Communication Board,,,联合通信委员会,,,,,0,0,,,
combined company policy,,,[英国]公司联合保险单,,,,,0,0,,,
combined competition,,,全能运动的比赛,,,,,0,0,,,
combined compressed air and hydraulic brake,,,un. 气液制动器,,,,,0,0,,,
combined compressed air and vacuum brakes,,,un. 空气真空两用制动机\n[网络] 空气-真空两用制动机,,,,,0,0,,,
combined compressed-air and hydraulic brake,,,un. 气液制动器,,,,,0,0,,,
combined compressed-air and vacuum brakes,,,空气-真空两用制动机,,,,,0,0,,,
combined compressor,,,组合压气机,,,,,0,0,,,
combined condensate return system,,,合式凝结水再循环系统,,,,,0,0,,,
combined condition,,,[计] 组合条件,,,,,0,0,,,
combined conductivity,,,合电导率,,,,,0,0,,,
combined control of heat supply,,,热联合调节,,,,,0,0,,,
combined control system,,,组合控制系统,,,,,0,0,,,
combined control system for engine and controllable pitch propeller,,,可调螺距螺旋桨-主机联合控制系统,,,,,0,0,,,
combined controller,,,[自] 组合控制器,,,,,0,0,,,
combined cooling,,,[建] 混合冷却法,,,,,0,0,,,
combined core box,,,组合芯盒,,,,,0,0,,,
combined cost,,,[经] 联合成本,,,,,0,0,,,
combined cost and general ledger,,,[经] 联合成本及普通分类帐,,,,,0,0,,,
combined counterpoint,,,混合对位法,,,,,0,0,,,
combined craniofacial approach,,,颅面联合进路,,,,,0,0,,,
combined creep,,,综合蠕变,,,,,0,0,,,
combined creep and fatigue,,,合蠕变疲劳,,,,,0,0,,,
combined critical speed,,,轴系临界转速,,,,,0,0,,,
combined cropping system,,,乔林混农作业,,,,,0,0,,,
combined curve,,,综合[复合]曲线,,,,,0,0,,,
combined curve and side planing machine,,,un. 组合曲面侧面刨床,,,,,0,0,,,
combined curve-and-side planing machine,,,组合曲面侧面刨床,,,,,0,0,,,
combined cutter loader,,,采煤联合机,,,,,0,0,,,
combined cutting,,,复合切削,,,,,0,0,,,
combined cutting and crushing mechanism,,,un. 切割和粉碎联合作业机构,,,,,0,0,,,
combined cutting and welding blow pipe,,,焊割两用吹管,,,,,0,0,,,
combined cutting and welding torch,,,[化] 焊割两用炬,,,,,0,0,,,
combined cutting and-welding blow-pipe,,,焊割两用炬,,,,,0,0,,,
combined cutting-and-crushing mechanism,,,un. 切割和粉碎联合作业机构,,,,,0,0,,,
combined cutting-and-welding blow-pipe,,,un. 焊割两用吹管,,,,,0,0,,,
combined cyanide,,,化合氰,,,,,0,0,,,
combined cycle,,,联合循环,,,,,0,0,,,
combined cycle electric power generation,,,合循环发电,,,,,0,0,,,
combined cycle gasification process,,,煤气化联合循环工艺,,,,,0,0,,,
combined cycle generating unit,,,合循环发电机组，联合循环发动机组,,,,,0,0,,,
combined cycle plant,,,复合循环厂,,,,,0,0,,,
combined cycle power generation,,,合循环发电,,,,,0,0,,,
combined cycle power plant,,,合循环发电厂,,,,,0,0,,,
combined cycle steam turbine,,,复循环汽轮机,,,,,0,0,,,
combined cycle systems,,,联合循环系统,,,,,0,0,,,
Combined cycle unit,,,联合循环机组,,,,,0,0,,,
combined cycle unit with multi-pressure level steam cycle,,,多压蒸汽循环复循环机组,,,,,0,0,,,
combined cycle unit with single pressure level steam cycle,,,单压蒸汽循环复循环机组,,,,,0,0,,,
combined cyclone and demister separator,,,风-除雾分离器,,,,,0,0,,,
combined data,,,综合数据,,,,,0,0,,,
combined data base,,,组合数据库,,,,,0,0,,,
combined deamination,,,联合脱氨基作用,,,,,0,0,,,
combined decoration,,,[建] 综合装饰,,,,,0,0,,,
combined deflection,,,"总挠度,总变形",,,,,0,0,,,
combined deformation,,,[力] 组合变形,,,,,0,0,,,
combined degeneration,,,[医] 混合变性(脊髓侧后索),,,,,0,0,,,
combined demand and supply curve,,,[经] 需要与供给综合曲线,,,,,0,0,,,
combined depreciation and upkeep method,kəmˈbaɪnd dɪˌpri:ʃi:ˈeɪʃən ænd ˈʌpˌki:p ˈmeθəd,, [财]折旧与保养合并法,,,,,0,0,,,
combined depreciation-and-upkeep method,,,[经] 折旧与保养合并法,,,,,0,0,,,
combined derivative spectrophotometry,,,组合微分分光光度法,,,,,0,0,,,
combined desulphurization and denitrification process,,,联合脱硫脱氮法,,,,,0,0,,,
combined detonator,kəmˈbaɪnd ˈdɛtn:ˌetɚ,, 复合雷管,,,,,0,0,,,
combined developing and fixing,,,显定合一；显影与定影合一,,,,,0,0,,,
combined development,,,综合开拓,,,,,0,0,,,
combined development of offshore oil-gas field group,,,海上油气田群联合开发,,,,,0,0,,,
combined development system,,,联合开拓,,,,,0,0,,,
combined diagram,,,"合并图,组合图",,,,,0,0,,,
combined diagram level,,,合图水平仪,,,,,0,0,,,
combined dictation transcription machine,,,口授录制组合机,,,,,0,0,,,
combined die,,,组合式凹模;组合式模,,,,,0,0,,,
combined diesel and gas turbine (codag) machinery,,,柴油机及［燃］气［涡］轮机联合装置,,,,,0,0,,,
combined diesel and gas turbine installation,,,[网络] 柴油机和燃气轮机联合装置,,,,,0,0,,,
combined diesel and gas turbine machinery,,,[网络] 柴油机和燃气轮机联合装置,,,,,0,0,,,
combined diesel and gas turbine power plant,,,柴-燃联合动力装置,,,,,0,0,,,
combined diesel and gas turbine power plant and carbon gland,,,柴油机燃气涡轮机复合动力装置,,,,,0,0,,,
combined diesel and/or gas turbine (codag),,,柴油燃气涡轮复合机,,,,,0,0,,,
combined diesel on gas turbine (codog),,,柴油然气涡轮组合机,,,,,0,0,,,
combined diesel or gas turbine (codog) machinery,,,柴油机或［燃］气［涡］轮机联合装置,,,,,0,0,,,
combined diesel or gas turbine installation,,,un. 柴油机或燃气轮机联合装置,,,,,0,0,,,
combined diesel or gas turbines,,,[网络] 柴油机或燃气轮机联合装置,,,,,0,0,,,
combined diesel-electric and gas trubine installation,,,柴油机电力推进和燃气轮机联合装置,,,,,0,0,,,
combined diesel-electric and gas turbine,,,柴油-发电机和燃气轮机联合装置,,,,,0,0,,,
combined diesel-electric and gas turbine (codeag) machinery,,,柴油机电力及［燃］气［涡］轮机联合装置,,,,,0,0,,,
combined dipole,,,复合偶极子,,,,,0,0,,,
combined directional characteristic,,,复合方向性,,,,,0,0,,,
combined directional valve,,,[机] 组合换向阀,,,,,0,0,,,
combined dirt collector and cut-out cock,,,联合集尘截断塞 门,,,,,0,0,,,
combined discharge,,,合排放,,,,,0,0,,,
combined discrete-continuous simulation,,,间断连续形混合模拟,,,,,0,0,,,
combined disk clutch,,,组合盘形离合器,,,,,0,0,,,
combined dispatching,,,联合调度,,,,,0,0,,,
combined dispersion,,,接合色散,,,,,0,0,,,
combined distress alerting network,,,[网络] 联合遇险报警系统；组合遇险报警网络,,,,,0,0,,,
combined distributing board,,,组合配线盘,,,,,0,0,,,
combined distribution,,,un. 组合分布,,,,,0,0,,,
combined distribution frame,,,[计] 组合式配线框架,,,,,0,0,,,
combined division method,,,综合区划法?,,,,,0,0,,,
Combined DNA Index System,,,[网络] 综合DNA指数系统,,,,,0,0,,,
combined downcast uptake ventilator,,,[网络] 进排气两用通风机；吸排气两用通风机,,,,,0,0,,,
combined downcast-uptake ventilator,,,[网络] 吸排气两用通风机,,,,,0,0,,,
combined drafting,,,混合穿综,,,,,0,0,,,
combined drainage system,,,合流制排水系统,,,,,0,0,,,
combined draw and buffer gear,,,缓冲车钩,,,,,0,0,,,
combined drawing,,,零件装配集合图,,,,,0,0,,,
combined dredger,,,联合浚挖机；联合挖泥机,,,,,0,0,,,
combined drill,,,[建] 双用钻头,,,,,0,0,,,
combined drill abd mill machine,,,un. 铣钻联合机床,,,,,0,0,,,
combined drill and counter sink,,,中心钻,,,,,0,0,,,
combined drill and countersink,,,带护锥复合中心钻;组合中心钻,,,,,0,0,,,
combined drill and mill attachment,,,un. 铣钻联合附件,,,,,0,0,,,
combined drill and mill machine,,,铣钻联合机床,,,,,0,0,,,
combined drill and reamer,,,钻铰两用刀,,,,,0,0,,,
combined drill-cultivator,,,播种中耕两用机,,,,,0,0,,,
combined drilling and counterboring,,,复合钻孔,,,,,0,0,,,
combined drilling and reaming,,,复合钻铰,,,,,0,0,,,
combined drive,,,[油气] 联合驱动,,,,,0,0,,,
combined drying,,,[粮食] 联合干燥,,,,,0,0,,,
combined echo ranging and echo sounding,,,综合回声测距与 测深,,,,,0,0,,,
combined echo ranging echo sounding,,,组合回声测距与测深,,,,,0,0,,,
combined echo-ranging echo-sounding,,,[网络] 回声测距与测深,,,,,0,0,,,
combined effect,kəmˈbaɪnd iˈfekt,, [医]并用效果,,,,,0,0,,,
combined effect leverage,,,[网络] 联合杠杆效果,,,,,0,0,,,
combined effects,,, 联合效应,,,,,0,0,,,
combined efficiency,,,[机] 合并效率,,,,,0,0,,,
combined efforts,,, 协作,,,,,0,0,,,
combined electric lock and circuit controller,,,组合电锁与电路控制器,,,,,0,0,,,
combined electrical apparatus,,,[电] 组合电器,,,,,0,0,,,
combined electrode,kəmˈbaɪnd ɪˈlekˌtrəʊd,, [医]复合电极,,,,,0,0,,,
combined element and character interleaving,,,[计] 码元和字符混合交替,,,,,0,0,,,
combined emergency stop and governing valve,,,主汽门和调节汽门的]联合汽门,,,,,0,0,,,
combined emergency stop and throttle valve,,,un. 联合汽门,,,,,0,0,,,
combined enamel epithelium,,,[医] 并合釉上皮,,,,,0,0,,,
combined engine,,,组合发动机,,,,,0,0,,,
combined engine drive,,,[网络] 发动机并车运行,,,,,0,0,,,
combined engine drive gear,,,[网络] 发动机并车传动装置,,,,,0,0,,,
combined engine transmission gear,,,[网络] 发动机并车传动装置,,,,,0,0,,,
combined entity,,,[网络] 合并实体；公司合并公司,,,,,0,0,,,
combined entity diagram,,,组合个体图,,,,,0,0,,,
combined entry,,,[经] 合并记帐,,,,,0,0,,,
combined environment reliability test,,,综合环境可靠性试验,,,,,0,0,,,
combined environment test,,,综合环境试验,,,,,0,0,,,
combined equations,,,[数] 联立方程,,,,,0,0,,,
combined erosion by sand and cavitation,,,沙与孔蚀复合腐蚀,,,,,0,0,,,
combined error,,,[计] 组合误差,,,,,0,0,,,
combined errors,,,总合误差\n组合误差,,,,,0,0,,,
combined estimated relation,,,[统计] 组合估计关系,,,,,0,0,,,
combined estimated relationship,,,[统计] 组合估计关系,,,,,0,0,,,
combined estimates of correlation,,,相关的合并估计,,,,,0,0,,,
combined estimation,,,联合推定,,,,,0,0,,,
combined exercise,,,全能,,,,,0,0,,,
combined exercises,,,(同盟国军队或陆海空军的)联合演习,,,,,0,0,,,
combined experiment,,,组合试验,,,,,0,0,,,
combined experimental method,,,[统计] 组合估验法,,,,,0,0,,,
combined extraction,,,[油脂] 混合式浸出,,,,,0,0,,,
combined extrusion,,,复合挤压,,,,,0,0,,,
combined fabric,,,积层织物,,,,,0,0,,,
combined failure,,,复合破坏,,,,,0,0,,,
combined fare,,,联运票价,,,,,0,0,,,
combined fatty acids,,,[建] 化合脂肪酸,,,,,0,0,,,
combined feed,,,[化] 总进料(石油),,,,,0,0,,,
combined feeder and sprinkler,,,施肥喷灌器,,,,,0,0,,,
combined fertilizer and seed drill,,,联合施肥播种机,,,,,0,0,,,
combined fertilizer-and-seed drill,,,施肥条播机,,,,,0,0,,,
combined field,,,成场,,,,,0,0,,,
combined field weakening,,,混合磁场削弱,,,,,0,0,,,
combined filament yarn,,,混合长丝纱,,,,,0,0,,,
combined file,,,[计] 组合文件,,,,,0,0,,,
combined filter press,,,组合压泸机,,,,,0,0,,,
combined financial statement,,,[经] 合并财务报表,,,,,0,0,,,
combined financial statements,,,[会计] 合并财务报表,,,,,0,0,,,
combined firing,,,[化] 混合燃烧,,,,,0,0,,,
combined fitment,,,[家具] 组合家具,,,,,0,0,,,
combined fix,,,联合船位,,,,,0,0,,,
combined flax seed drill,,,un. 亚麻联合条播机,,,,,0,0,,,
combined fleet,,,联合舰队,,,,,0,0,,,
combined flexure,,,联合弯曲,,,,,0,0,,,
combined flight test,,,综合试飞,,,,,0,0,,,
combined flow,,,混合流,,,,,0,0,,,
combined flow turbine,,,混流式汽轮机,,,,,0,0,,,
combined flux,,,组合通率,,,,,0,0,,,
combined focal length,,,组合焦距,,,,,0,0,,,
combined footing,,,联合底座;联合柱基,,,,,0,0,,,
combined footing foundation,,,联合基脚,,,,,0,0,,,
combined force,,,联军,,,,,0,0,,,
combined force feed and splash lubrication,,,un. 压力飞溅合用润滑\n[网络] 压力-飞溅复合润滑,,,,,0,0,,,
combined force-feed and splash lubrication,,,压力飞溅合用润滑,,,,,0,0,,,
combined forging and heading,,,重复联合镦锻,,,,,0,0,,,
combined foundation,,,联合基础,,,,,0,0,,,
combined frame antenna,,,复合框形天线,,,,,0,0,,,
combined frame system,,,混合骨架式,,,,,0,0,,,
combined frame work,,,折衷平分法,,,,,0,0,,,
combined framework,,,折衷平分法,,,,,0,0,,,
combined framing ship,,,un. 混合骨架船\n[网络] 混合滑架船,,,,,0,0,,,
combined framing system,,,混合骨架式,,,,,0,0,,,
combined free skin flap,,,联合游离皮瓣,,,,,0,0,,,
combined front and side loading,,,un. 前端侧方联合装载,,,,,0,0,,,
combined front-and-side loading,,,前端侧方联合装载,,,,,0,0,,,
combined fuel economy,,, 综合燃料经济性,,,,,0,0,,,
combined fuel pump and nozzle,,,组合式油泵和油嘴,,,,,0,0,,,
combined function type synchrotron,,,组合机能型同步加速器,,,,,0,0,,,
combined fuze,,,复合引信,,,,,0,0,,,
combined game,kəmˈbaɪnd ɡeim,, 组合博弈,,,,,0,0,,,
Combined gas and steam,,,[网络] 燃汽-蒸汽联合动力装置；燃气蒸气联合,,,,,0,0,,,
combined gas and steam turbine,,,燃气机和汽轮机联合设备,,,,,0,0,,,
combined gas chromatography mass spectrometry,,,色谱质谱联用法,,,,,0,0,,,
combined gas law,,,[网络] 混合气体定律,,,,,0,0,,,
combined gas oil ratio,,,[网络] 综合气油比,,,,,0,0,,,
combined gas steam turbine,,,un. 燃气蒸汽联合汽轮机\n[网络] 燃气-蒸汽联合汽轮机,,,,,0,0,,,
combined gas steam turbine cycle,,,un. 燃气与蒸气涡轮联合循环,,,,,0,0,,,
combined gas turbine and gas turbine (cogag)machinery,,,［燃］气［涡］轮机及［燃］气［涡］轮机联合装置,,,,,0,0,,,
combined gas turbine and gas turbine power plant,,,全燃联合动力装置,,,,,0,0,,,
combined gas turbine and/or gas turbine (cogag),,,复合燃气涡轮机,,,,,0,0,,,
combined gas turbine or gas turbine (cogog),,,组合燃气涡轮机,,,,,0,0,,,
combined gas turbine or gas turbine (cogog)machinery,,,［燃］气［涡］轮机或［燃］气［涡］轮机联合装置,,,,,0,0,,,
combined gas-oil ratio,,,[经] 综合油汽比,,,,,0,0,,,
combined gas-producer and boiler,,,[建] 煤气发生炉联用蒸汽锅炉,,,,,0,0,,,
combined gas-steam turbine,,,燃气-蒸汽联合汽轮机,,,,,0,0,,,
combined gas-steam turbine cycle,,,燃气与蒸气涡轮联合循环,,,,,0,0,,,
combined gas-steam turbine plant,,,气-蒸汽轮机联合装置,,,,,0,0,,,
combined gastric and duodenal ulcers,,,复合性胃和十二指肠溃疡,,,,,0,0,,,
combined gear train,,,[网络] 复合轮系,,,,,0,0,,,
combined general model,,,通用组合模型,,,,,0,0,,,
combined getter,,,[电子] 复合型吸气剂,,,,,0,0,,,
combined glass break detector,,,复合式玻璃破碎检测器,,,,,0,0,,,
combined governing,,,综合调节,,,,,0,0,,,
combined gradation of aggregate,,,骨料混合级配,,,,,0,0,,,
combined grade,,,混合[混装]等级,,,,,0,0,,,
combined grain and fertilizer drill,,,un. 谷物肥料联合条播机,,,,,0,0,,,
combined grain drill,,,(锄铲式)联合谷物播种机,,,,,0,0,,,
combined grain-and-fertilizer drill,,,谷物肥料联合条播机,,,,,0,0,,,
combined grip,,,正反握,,,,,0,0,,,
combined gripping and cutting pliers,,,剪夹复合钳,,,,,0,0,,,
combined guidance,,,"综合制导,多重制导",,,,,0,0,,,
combined half-tone and line,,,[印刷] 网点线条混合版,,,,,0,0,,,
combined halftone and line,,,网点线条混合版,,,,,0,0,,,
combined hand and foot control,,,un. 手脚联合控制,,,,,0,0,,,
combined harmonic,,,复合谐波,,,,,0,0,,,
combined harmonic antenna,,,复合谐波天线,,,,,0,0,,,
combined harvester,,,联合收割机,,,,,0,0,,,
combined harvester and thresher,,,un. 康拜因；谷物联合收获机,,,,,0,0,,,
combined harvester threshers in use,,,[网络] 联合收割脱粒机使用数,,,,,0,0,,,
combined harvester-threshers in use,,,联合收割脱粒机使用数,,,,,0,0,,,
combined hazards,,,组合危害,,,,,0,0,,,
combined head,,,[计] 组合头; 读写头,,,,,0,0,,,
combined heald and harness,,,混合式综丝和吊综法,,,,,0,0,,,
combined heart and lung transplantation,,,心肺联合移植,,,,,0,0,,,
combined heat and power,,,热电联供,,,,,0,0,,,
combined heat and power CHP,,,[网络] 热电联产,,,,,0,0,,,
combined heat and power generation,,,供热并发电,,,,,0,0,,,
combined heat and power plant,,,电厂,,,,,0,0,,,
combined heat and power station,,,热电复合厂;热电共生厂,,,,,0,0,,,
combined heat transfer coefficient,,,传热系数,,,,,0,0,,,
combined hemorrhoid,,,混合性痔疮,,,,,0,0,,,
combined hemorroid,,,混合痔,,,,,0,0,,,
combined highway and railway bridge,,,公铁两用桥,,,,,0,0,,,
combined honours,,,[网络] 联合荣誉学位；双修荣誉学院；联合荣誉课程学习,,,,,0,0,,,
combined hot and cold pressing,,,冷热压呢联合机,,,,,0,0,,,
combined hot and cold pressing machine,kəmˈbaɪnd hɔt ænd kəuld ˈpresɪŋ məˈʃi:n,,n. 冷热压呢联合机,,,,,0,0,,,
Combined household energy expenditures,,,[网络] 家庭综合能源消费,,,,,0,0,,,
combined huller and separator,,,[油脂] 剥壳－分离组合机,,,,,0,0,,,
combined humic acid,,,结合腐殖酸,,,,,0,0,,,
combined hybrid computer,,,组合式混合计算机,,,,,0,0,,,
combined hydrocracking-hydrogenation process,,,[化] 联合加氢裂化加氢法,,,,,0,0,,,
Combined hydroelectric plant,,,[网络] 联合水力发电厂,,,,,0,0,,,
combined hydrofining-reforming process,,,[化] 联合加氢精制重整法,,,,,0,0,,,
combined hydrogen,,,[化] 化合氢,,,,,0,0,,,
combined immunity deficiency,,,结合免疫缺乏,,,,,0,0,,,
combined immunodeficiency disease,,,联合免疫缺陷(病),,,,,0,0,,,
combined immunodeficiency syndrome,,,联合免疫缺陷综合征,,,,,0,0,,,
combined immunological deficiency disease,,,复合性免疫缺陷症,,,,,0,0,,,
combined impedance,,,合成阻抗,,,,,0,0,,,
combined impression,,,联合印模,,,,,0,0,,,
combined impulse and reaction turbine,,,冲动-反动(混合)式汽轮机,,,,,0,0,,,
combined impulse turbine,,,un. 混合式冲动涡轮机\n[网络] 联合冲动涡轮机；组合冲动涡轮机；复式冲动涡轮机,,,,,0,0,,,
combined in,,, 化合成; 合并成,,,,,0,0,,,
combined income and surplus statement,,,[经] 合并收益及盈余表,,,,,0,0,,,
combined income statement,,,[经] 合并收益表,,,,,0,0,,,
combined index,,,[计] 组合索引\n[经] 总指数,,,,,0,0,,,
combined index variable,,,[网络] 综合指数变量,,,,,0,0,,,
combined indicator,,,组合指示盘,,,,,0,0,,,
combined indirect injury,,,间接复合伤,,,,,0,0,,,
combined industrial and agricultural value of output,,, 工农业总产值,,,,,0,0,,,
combined industrial and commercial tax,kəmˈbaɪnd inˈdʌstriəl ænd kəˈmə:ʃəl tæks,, [法]工商统一税,,,,,0,0,,,
combined influence,,, 综合影响,,,,,0,0,,,
combined injury,,,复合伤,,,,,0,0,,,
combined inlet and exhaust valve,,,进排气两用阀,,,,,0,0,,,
combined inlet and outlet valve,,,进排气两用阀,,,,,0,0,,,
combined inlet outlet valve,,,进出组合阀,,,,,0,0,,,
combined inoculation,,,混合接种,,,,,0,0,,,
combined instruction,,,复式教学,,,,,0,0,,,
combined instrument transformer,,,组合式互感器,,,,,0,0,,,
combined insulating material,,,复合绝缘材料,,,,,0,0,,,
combined international enforcement action,,,国际共同强制行为,,,,,0,0,,,
combined into,,,un. 化合成,,,,,0,0,,,
combined irrigation by storage,,,蓄引提结合灌溉,,,,,0,0,,,
combined irrigation by surface and groundwater,,,井渠结合灌溉,,,,,0,0,,,
combined isothermal treatment,,,组[综]合等温处理,,,,,0,0,,,
combined jewel bush,,,组合钻,,,,,0,0,,,
combined joint special operations task force,,,[网络] 联合特种作战特遣部队,,,,,0,0,,,
combined journal and ledger,,,"[经] 联合日记分类帐, 日记总帐",,,,,0,0,,,
combined journal and thrust bearing,,,径向推力联合轴承,,,,,0,0,,,
combined jurisdiction,,,并案管辖,,,,,0,0,,,
combined key,,,"两用电键,多用电键",,,,,0,0,,,
combined labyrint and carbon gland,,,迷宫与碳精混合密封,,,,,0,0,,,
combined labyrinth and carbon gland,,,组合式密封,,,,,0,0,,,
combined labyrinth and crabon gland,,,迷宫和碳精组合式密封,,,,,0,0,,,
combined lantern,,,un. 组合灯\n[网络] 合并灯；两色灯；合色灯,,,,,0,0,,,
combined lashing,,,结合式綑绑器,,,,,0,0,,,
combined latent image,,,复合潜像,,,,,0,0,,,
combined lathe,,,[机] 综合工作机械,,,,,0,0,,,
combined law,,,接合双晶律,,,,,0,0,,,
combined leading-synchronous type,,,超前-同步混合型,,,,,0,0,,,
combined left atrio-aortic incision,,,左房升主动脉联合切口,,,,,0,0,,,
combined lesson,,,混合课,,,,,0,0,,,
combined leveller and shears,,,矫直剪切联合机组,,,,,0,0,,,
combined liability policy,,,组合式责任保险单,,,,,0,0,,,
combined lift and guidance,,,悬浮导向兼用,,,,,0,0,,,
combined light and sound signal,,,声光混合信号,,,,,0,0,,,
combined lighting,,,合照明,,,,,0,0,,,
combined lime,,,[建] 结合石灰,,,,,0,0,,,
combined limiting and quick release valve,,,un. 限制与快放组合阀,,,,,0,0,,,
combined line & recording board,,,长途登记接线合用台,,,,,0,0,,,
combined line & ringing key,,,听话振铃合用键,,,,,0,0,,,
combined line and recording call,,,混合接续制呼叫,,,,,0,0,,,
combined line and recording operation,,,长途连接制通信,,,,,0,0,,,
combined line and recording service,,,混合接续制长途通信,,,,,0,0,,,
combined line switchboard,,,混合接续制开关台;结合寻线机台,,,,,0,0,,,
combined linear system,,,[计] 组合线性系统,,,,,0,0,,,
combined listening&ringing key,,,[电] 听唤振铃合用键,,,,,0,0,,,
combined liver and heart transplantation,,,肝心联合移植,,,,,0,0,,,
combined liver and intestine transplantation,,,肝肠联合移植,,,,,0,0,,,
combined liver and kidney transplantation,,,肝肾联合移植,,,,,0,0,,,
combined liver and pancreas transplantation,,,肝胰联合移植,,,,,0,0,,,
combined load,,,[化] 混合载荷; 混合载重,,,,,0,0,,,
combined load fatigue testing machine,,,复合疲劳试验机,,,,,0,0,,,
combined load testing machine,,, 复合载荷试验机,,,,,0,0,,,
combined loading,,,"组合荷载,组合载重",,,,,0,0,,,
combined logic element,,,[电子] 组合逻辑元件,,,,,0,0,,,
combined logic function,,,[计] 组合逻辑功能,,,,,0,0,,,
combined lots,,,组批,,,,,0,0,,,
combined low temperature low air pressure testing chamber,,,[试验] 低温低气压试验箱,,,,,0,0,,,
combined machine tool,,,组合机床,,,,,0,0,,,
combined machinery,,,[网络] 联合机械工,,,,,0,0,,,
combined machinery and bearing monitoring system,,,机器和轴承联合监控系统,,,,,0,0,,,
combined machining,,,复合切削,,,,,0,0,,,
combined magnet system,,,复合磁铁系制品,,,,,0,0,,,
combined magnetic sound,,,(影片上)合成的磁性声带,,,,,0,0,,,
combined main and exhaust steam turbine,,,(新汽-乏汽)双汽源汽轮机,,,,,0,0,,,
combined main and intermediate distributing frame,,,联合配线盘,,,,,0,0,,,
combined main stop valve,,,[动力 机] 联合主汽门,,,,,0,0,,,
combined maintaining plate,,,双历压片,,,,,0,0,,,
combined maintenance truck,,,综合养护车,,,,,0,0,,,
combined mariculture,,,综合性海水养殖,,,,,0,0,,,
combined maritime riverine shipment,,,[网络] 海江河联运,,,,,0,0,,,
combined maritime-riverine shipment,,,海江河联运,,,,,0,0,,,
combined mark,,,联合标记,,,,,0,0,,,
combined marker and planning economy,,,un. 市场和计划经济组合,,,,,0,0,,,
combined market and planning economy,,,市场和计划经济组合,,,,,0,0,,,
combined mass,,,合併质量,,,,,0,0,,,
combined material,,,[材] 复合材料,,,,,0,0,,,
combined matrix,,,[计] 组合矩阵,,,,,0,0,,,
combined maximum marginal tax rate,,,[经] 最高综合边际税率,,,,,0,0,,,
combined mean,,,合并均数,,,,,0,0,,,
combined mechanical and electrical strength,,,机电综合强度(绝缘子),,,,,0,0,,,
combined mechanical and electrical strength test,,,机械及电综合强度试验,,,,,0,0,,,
combined mechanism,,,组合机构,,,,,0,0,,,
combined mercaptan and disulide sulfur,,,(石油产品中)硫醇和二硫化物的总硫量,,,,,0,0,,,
combined merchant fleet,,,[网络] 合计商船吨数,,,,,0,0,,,
combined mereaptan and disulide sulfur,,,[建] 石油产品中硫醇和二硫化物的总硫量,,,,,0,0,,,
combined metal oxide semiconductor,,,复合金属氧化物半导体,,,,,0,0,,,
combined method,kəmˈbaɪnd ˈmeθəd,, 联合开采法,,,,,0,0,,,
combined method of thinning,,,综合疏伐,,,,,0,0,,,
combined mica,,,合云母,,,,,0,0,,,
combined microvascular free skin flap,,,联合游离皮瓣,,,,,0,0,,,
combined milling and mixing plant,,,粉碎和混合联合装置,,,,,0,0,,,
combined milling and slotting machine,,,un. 铣插组合机床,,,,,0,0,,,
combined mining and dressing,,,采选综合能力,,,,,0,0,,,
combined mining technology,,,综合开采工艺,,,,,0,0,,,
combined mixer and sifter,,,[化] 联筛混合器,,,,,0,0,,,
combined mode,,,混合模态,,,,,0,0,,,
combined model,kəmˈbaɪnd ˈmɔdəl,, 组合模型,,,,,0,0,,,
combined moisture,,,化合水分,,,,,0,0,,,
combined moisture separator reheater unit,,,un. 汽水分离再热联合装置,,,,,0,0,,,
combined moment,,,组合力矩,,,,,0,0,,,
combined monitor,,,"[计] 组合监督程序, 组合监控器",,,,,0,0,,,
combined mooring and warping bollard,,,码头带缆桩,,,,,0,0,,,
combined motion,,,合併动作,,,,,0,0,,,
combined motion curve,,,组合运动轨迹,,,,,0,0,,,
combined motions,,,复合运动；组合运动,,,,,0,0,,,
combined multiple organs transplantation,,,多器官联合移植,,,,,0,0,,,
combined net tangible asset,,,合并有形资产净额,,,,,0,0,,,
combined network,,,[计] 组合网络,,,,,0,0,,,
combined nevus,,,合併痣,,,,,0,0,,,
combined nitrogen,,,[化] 结合氮; 固定氮,,,,,0,0,,,
combined non-linearity,,,[计] 组合非线性,,,,,0,0,,,
combined nonlinear system,,,[计] 组合非线性系统,,,,,0,0,,,
combined nonlinearity,,,组合非线性,,,,,0,0,,,
combined nuclear and gas turbine (conag) machinery,,,核动力及［燃］气［涡］轮机联合装置,,,,,0,0,,,
combined nuclear and gas turbine installation,,,核动力和燃气轮机联合装置,,,,,0,0,,,
combined nuclear and gas turbine power plant,,,un. 核动力和燃汽轮机联合装置,,,,,0,0,,,
combined object-oriented language,,,组合目标导向语言,,,,,0,0,,,
combined offer,,,[经] 联合发(出)价,,,,,0,0,,,
combined oil gas field,,,[油气] 复合油气田,,,,,0,0,,,
combined oil-processing,,,[化] 石油联合加工,,,,,0,0,,,
combined opening and scutching machine,,,[纺] 开清联合机,,,,,0,0,,,
combined operation,kəmˈbaɪnd ˌɔpəˈreiʃən,, 联合操作,,,,,0,0,s:combined operations,,
combined operations,,,n. 联合作战,,,,,0,0,0:combined operation/1:s,,
combined optical fiber cable,,,综合光缆,,,,,0,0,,,
combined optical sound,,,(影片上)合成的光学录音声带,,,,,0,0,,,
combined optical system,,,[摄] 混合式取景系统,,,,,0,0,,,
Combined Option,,,[网络] 期权组合,,,,,0,0,,,
combined ordered set,,,[统计] 联合有序集,,,,,0,0,,,
combined overhead rate,,,[经] 混合间接费用分配率,,,,,0,0,,,
combined overvoltage,,,联合过电压,,,,,0,0,,,
combined pancreas and renal transplantation,,,胰肾联合移植,,,,,0,0,,,
combined paradentosis,,,混合性齿周病,,,,,0,0,,,
combined parity,,,组合宇称,,,,,0,0,,,
combined parity conservation law,,,复合宇称守恒律,,,,,0,0,,,
combined payoff,,,联合报酬,,,,,0,0,,,
combined pelvimetry,,,[医] 骨盆合并测量法,,,,,0,0,,,
combined pen brush,,,[网络] 排笔,,,,,0,0,,,
combined period method,,,折衷平分法,,,,,0,0,,,
combined periodonto-endodontic therapy,,,牙周牙髓联合治疗,,,,,0,0,,,
combined permanent deformation,,,复合永久变形,,,,,0,0,,,
combined pill,,,混合口服避孕药,,,,,0,0,,,
combined pipe tap and drill,,,管丝锥钻头复合刀具;管用钻孔攻丝复合刀具,,,,,0,0,,,
combined pitot static probe,,,un. 联合皮托探头；总静压联合探头\n[网络] 总静压探测管,,,,,0,0,,,
combined pitotstatic,,,全压静压探测管,,,,,0,0,,,
combined pitotstatic probe,,,总静压联合探头,,,,,0,0,,,
combined plasma arc,,,联合型等离子弧,,,,,0,0,,,
combined plus and minus sign,,,正负复合符号,,,,,0,0,,,
combined pocket volt ammeter,,,组合袖珍伏安计,,,,,0,0,,,
combined polarization,,,混合极化,,,,,0,0,,,
combined policy,,,联合保险单,,,,,0,0,,,
combined pollination,,,共同授粉,,,,,0,0,,,
combined pollutant index,,,联合污染物指数,,,,,0,0,,,
combined pollution,,,复合污染,,,,,0,0,,,
combined pollution index,,,复合污染指数,,,,,0,0,,,
combined polymerization,,,共聚合,,,,,0,0,,,
Combined Poop and Bridge Ship,,,井式甲板船,,,,,0,0,,,
combined potato planter,,,un. 马铃薯联合种植机,,,,,0,0,,,
combined potential,,,总电势,,,,,0,0,,,
combined power,,,矢量功率;混合功率(电功率和热功率),,,,,0,0,,,
combined power plant,,,联合动力装置,,,,,0,0,,,
combined powerplant,,,[网络] 联合动力装置,,,,,0,0,,,
combined pregnancy,,,[医] 复妊娠,,,,,0,0,,,
combined preload,,,[网络] 综合预负荷,,,,,0,0,,,
combined press brake and plate shears,,,板料折弯剪切机,,,,,0,0,,,
combined pressure and vacuum ga(u)ge,,,[仪] 压力真空表,,,,,0,0,,,
combined pressure and vacuum gauge,,,压力真空表,,,,,0,0,,,
combined pressure and vacuum relief valve,kəmˈbaɪnd ˈpreʃə ænd ˈvækjuəm riˈli:f vælv,, [建] 联合压力真空排出阀,,,,,0,0,,,
combined pressure and velocity stage turbine,,,un. 压力速度级混合式汽轮机,,,,,0,0,,,
combined pressure gage,,,复式压力计,,,,,0,0,,,
combined pressure gauge,,,复式压力计(指示及记录),,,,,0,0,,,
combined pressure regulating valve,,,[油气] 组合调压阀,,,,,0,0,,,
combined primer,,,[军] 复合底火,,,,,0,0,,,
combined print,,,(声音和图像)已合成电影胶片,,,,,0,0,,,
combined print and punch,,,[计] 联合打印机,,,,,0,0,,,
combined print and read,,,组合打印与读入,,,,,0,0,,,
combined probability,,,组合概率,,,,,0,0,,,
combined process,,,[统计] 综合过程,,,,,0,0,,,
combined production,,,[化] 合作生产,,,,,0,0,,,
combined profit and loss statement,,,[经] 合并损益表,,,,,0,0,,,
combined programming language,,,组合程式设计语言,,,,,0,0,,,
combined prophylactic,,,混合预防剂,,,,,0,0,,,
combined propulsion plant,,,联合动力装置,,,,,0,0,,,
combined protective and neutral conduct,,,复合保护与中性导管,,,,,0,0,,,
combined publications,,,同盟书刊,,,,,0,0,,,
combined punching and shearing machine,,,冲剪两用机,,,,,0,0,,,
combined purification-reduction furnace,,,un. 净化还原联合炉,,,,,0,0,,,
combined quantity,,,组合量,,,,,0,0,,,
combined rack and adbesion drive,,,齿轨与黏着组合传动,,,,,0,0,,,
combined rack and adhesion drive,,,[铁路] 齿轨与粘着组合驱动,,,,,0,0,,,
combined radial and axial bearing,,,径向推力联合轴承,,,,,0,0,,,
combined radial and axial flow turbine,,,辐流-轴流式透平;辐流-轴流式涡轮机,,,,,0,0,,,
combined radial and axial turbine,,,流-轴流式透平,,,,,0,0,,,
combined radiation,,,综合辐射,,,,,0,0,,,
combined radical operation of jaw and neck,,,颌颈联合根治术,,,,,0,0,,,
combined rail and road transport,,,铁路公路联合运输,,,,,0,0,,,
combined railway-water communication,,,[网络] 水陆联运,,,,,0,0,,,
combined random experiment,,,[计] 复合随机试验,,,,,0,0,,,
combined random variable,,,组合随机变量,,,,,0,0,,,
combined rate,,,[交] 联合运价率\n合并收费,,,,,0,0,,,
combined ratio,,,(保险)综合成本率,,,,,0,0,,,
combined ratio estimate,,,[网络] 组合比率估计,,,,,0,0,,,
combined reaction,,,[医] 并发反应,,,,,0,0,,,
combined read-write head,,,合读-写头,,,,,0,0,,,
combined read/write head,,,[计] 组合式读/写磁头,,,,,0,0,,,
combined record-playback head,,,复合录放磁头,,,,,0,0,,,
combined red and green lantern,,,un. 红绿合座舷灯,,,,,0,0,,,
combined reducer,,,混合减弱剂,,,,,0,0,,,
combined reduction-chlorination furnace,,,un. 还原氯化联合炉,,,,,0,0,,,
combined regression estimate,,,[统计] 组合回归估计,,,,,0,0,,,
combined regression time series model,,,[网络] 组合回归时间序列模型,,,,,0,0,,,
combined reheat stop and intercept valve,,,压联合汽阀，再热联合汽阀,,,,,0,0,,,
combined reheat valve,,,再热联合汽阀,,,,,0,0,,,
combined reliability,,,[审计] 综合可靠性,,,,,0,0,,,
combined repeatability,,,组合重复性,,,,,0,0,,,
combined residual chlorination,,,合性余氯氯化,,,,,0,0,,,
combined residual chlorine,,,化合性余氯,,,,,0,0,,,
combined resistance,,,[电] 组合电阻,,,,,0,0,,,
combined resistance connection,,,组合电阻联接法,,,,,0,0,,,
combined resonator,,,复合式谐振器,,,,,0,0,,,
combined reverberation,,,复合交混回响,,,,,0,0,,,
combined ribtubular knit,,,带罗纹的圆筒形针织物,,,,,0,0,,,
combined rice mill,,,联合碾米机,,,,,0,0,,,
combined rice mill equipment,,,[粮食] 组合碾米设备,,,,,0,0,,,
combined rice milling unit,,,联合碾米机组,,,,,0,0,,,
combined rice polisher,,,[粮食] 组合米机,,,,,0,0,,,
combined ring,kəmˈbaɪnd riŋ,,n. 组合式活塞环,,,,,0,0,,,
combined ring and clevis drawbar,,,[网络] 环卡组合式牵引装置,,,,,0,0,,,
combined ring-and-clevis drawbar,,,环卡组合式牵引装置,,,,,0,0,,,
combined ringing and speaking key,,,话呼叫合用键,,,,,0,0,,,
combined ro-ro/break-bulk ship,,,[船] 滚装和杂货两用船,,,,,0,0,,,
combined roller and spring tine cultivator,,,un. 弹齿式中耕松土与镇压联合作业机,,,,,0,0,,,
combined rope,,,钢芯线索,,,,,0,0,,,
combined rope machine,,,复合制绳机,,,,,0,0,,,
combined rosin,,,[建] 化合松香,,,,,0,0,,,
combined rotor,,,组合转子,,,,,0,0,,,
combined routing indicator plan,,,[计] 组合路径选择指示规划,,,,,0,0,,,
combined rupture,,,[化] 复合破裂; 复合断裂,,,,,0,0,,,
combined sack and bulk weigher,,,un. 散装物与袋装物两用秤,,,,,0,0,,,
combined safety and air valve,,,安全与进气组合阀,,,,,0,0,,,
combined schedule of bonds payable by funds,,,un. 各基金应付债票合并明细表,,,,,0,0,,,
combined schedule of investments by funds,,,各种基金投资明细表,,,,,0,0,,,
combined scheme,,,混合式布置,,,,,0,0,,,
combined sclerosis,,,[医] 合并性硬化(脊髓后侧索),,,,,0,0,,,
combined scourer-separator,,,[农机] 打麦筛选组合机,,,,,0,0,,,
combined scouring and milling,,,洗呢缩呢联合机,,,,,0,0,,,
combined scouring and milling machine,,,洗呢缩呢联合机,,,,,0,0,,,
combined scraper bulldozer,,,推土铲土联合机,,,,,0,0,,,
combined scraper-bulldozer,,,un. 推土铲土联合机,,,,,0,0,,,
combined seed and fertilizer drill,,,施肥播种机,,,,,0,0,,,
combined selection,,,综合选择,,,,,0,0,,,
combined separator-stoner,,,[粮食] 筛选去石组合机,,,,,0,0,,,
combined sequential format,,,联合序列形式,,,,,0,0,,,
combined service,,,[科技] 综合服务,,,,,0,0,,,
combined service force,,,n. 联勤,,,,,0,0,,,
combined set,,,手机,,,,,0,0,,,
combined setting lever jumper,,,压簧定位杆,,,,,0,0,,,
combined sewage,,,[化] 混合污水,,,,,0,0,,,
combined sewer,,,合流下水道,,,,,0,0,,,
combined sewerage system,,,合流排水系统;合流制污水系统,,,,,0,0,,,
combined sewers,,,合流式下水道,,,,,0,0,,,
combined shaft,,,混合井,,,,,0,0,,,
combined shear,,,组合剪力,,,,,0,0,,,
combined sheet,kəmˈbaɪnd ʃi:t,, 套色印样,,,,,0,0,,,
combined shielding,,,un. 综合防护；综合屏蔽\n[网络] 连续屏蔽,,,,,0,0,,,
combined shipmen,,,合装载,,,,,0,0,,,
combined shipment,,,混合装载,,,,,0,0,,,
combined sine wave signal,,,un. 复合正弦波信号,,,,,0,0,,,
combined sine-wave signal,kəmˈbaɪnd saɪn wev ˈsɪɡnəl,, 复正弦波信号,,,,,0,0,,,
combined sinewave signal,,,复合正弦波信号,,,,,0,0,,,
combined single limit,,,单一限额,,,,,0,0,,,
combined skin flap,,,组合皮瓣,,,,,0,0,,,
combined snubber,,,组合式缓冲器,,,,,0,0,,,
combined socket and switch,,,开关插座,,,,,0,0,,,
combined sound,,,混声,,,,,0,0,,,
combined sox/nox control technology,,,"联合SOx/NOx 控制技术, 联合 SOx/NOx 控制技术",,,,,0,0,,,
combined spectral line,,,复合光谱线,,,,,0,0,,,
combined speed,,,合速率,,,,,0,0,,,
combined speed across,,,[网络] 总横移量,,,,,0,0,,,
combined spinning twisting frame,,,(精)纺拈(线)联合机,,,,,0,0,,,
combined spray,,,混合喷液,,,,,0,0,,,
combined sprayer and duster,,,[植保] 联合喷雾喷粉机,,,,,0,0,,,
combined spreader and softener,,,软麻粗梳机;软麻延展机,,,,,0,0,,,
combined spring,,,组合弹簧,,,,,0,0,,,
combined springing,,,[机] 组合弹簧,,,,,0,0,,,
combined staff,,,同盟参谋组织,,,,,0,0,,,
combined standard deviation,,,合并标准差,,,,,0,0,,,
combined standard uncertainty,,,合成标准不确定度,,,,,0,0,,,
combined starter,,,综合启动器,,,,,0,0,,,
combined starting,,,综合起动,,,,,0,0,,,
combined state estimation,,,[经] 组合状态估算,,,,,0,0,,,
combined statement,,,"联合决算表,合并表",,,,,0,0,,,
combined statement of cash receipts and disbursement,,,现金收支汇总表,,,,,0,0,,,
combined statement of income,,,un. 收益及保留盈余合并表,,,,,0,0,,,
combined statement of income and earned surplus,,,损益与公积金合并计算书,,,,,0,0,,,
combined statement of income and retained earnings,,,损益及保留盈余合并表,,,,,0,0,,,
combined statement of income and retained surplus,,,[会计] 收益及保留盈余合并表,,,,,0,0,,,
combined statement of income and surplus,,,[会计] 收益及盈余合并表,,,,,0,0,,,
combined statements,,,"[经] 合并报表, 联合报表",,,,,0,0,,,
combined station,,,[计] 复合站,,,,,0,0,,,
combined station and tower (cst),,,电台塔站,,,,,0,0,,,
combined statistical area,,,[网络] 大型联合统计区,,,,,0,0,,,
combined stator,,,分瓣]组合定子,,,,,0,0,,,
combined steady and oscillatory shear,,,稳态和振动组合剪切,,,,,0,0,,,
combined steam and gas cycle,,,[动力] 蒸汽－燃气联合循环,,,,,0,0,,,
combined steam and gas turbine (cosag) machinery,,,［蒸］汽［涡］轮机及［燃］气［涡］轮机联合装置,,,,,0,0,,,
combined steam and gas turbine cycle,,,汽-燃气联合循环,,,,,0,0,,,
combined steam and gas turbine electric,,,蒸汽轮和燃气轮机电力推进联合,,,,,0,0,,,
combined steam and gas turbine machinery,,,汽轮机和燃气轮机联合装置,,,,,0,0,,,
combined steam and gas turbine power plant,,,蒸汽-燃气轮机联合循环电厂;汽轮机和燃气轮机联合装置,,,,,0,0,,,
combined steam engine and exhaust turbine installation,,,蒸汽机-废汽汽 轮机联合装置,,,,,0,0,,,
combined steam-gas power plant,,,汽-燃气轮机联合循环发电厂,,,,,0,0,,,
combined steam-gas turbine propulsion plant,,,汽轮机-燃气轮机联合装置,,,,,0,0,,,
combined steel and concrete column,,,钢骨混凝土柱,,,,,0,0,,,
combined steel formwork,,,组合钢模板,,,,,0,0,,,
combined stop,,,合併停止,,,,,0,0,,,
combined stop and emergency plant,,,快速关闭主汽门,,,,,0,0,,,
combined stop and emergency valve,,,速关闭主汽门,,,,,0,0,,,
combined stop and reverse light,,,停车倒车组合灯,,,,,0,0,,,
combined storage,,,[建] 混合储藏,,,,,0,0,,,
combined strainer and check valve,,,混合滤尘止回阀,,,,,0,0,,,
combined strategy,,,组合策略,,,,,0,0,,,
combined strength,,,[化] 复合(应力状态下)强度,,,,,0,0,,,
combined stress,,,[化] 复应力; 复合应力,,,,,0,0,,,
combined stress fatigue tester,,,复合应力疲劳试验机,,,,,0,0,,,
combined stress test,,,un. 复合应力试验\n[网络] 温度与振动复合应力实验,,,,,0,0,,,
combined stresses,,,复合应力,,,,,0,0,,,
combined stroke,,,[网络] 活塞总冲程；总行程,,,,,0,0,,,
combined studies,,,[网络] 联合研究；综合研究；复合学习,,,,,0,0,,,
combined study,,,联结考察,,,,,0,0,,,
combined suboperation,,,合併附属操作,,,,,0,0,,,
combined suction and force pump,,,[建] 联合真空压力泵,,,,,0,0,,,
combined sulfur,,,[化] 结合硫黄,,,,,0,0,,,
combined sulfur dioxide,,,[化] 化合二氧化硫,,,,,0,0,,,
combined supercharging,,,[动力] 复合增压,,,,,0,0,,,
combined superheat /boiling assembly,,,腾-过热燃料组件,,,,,0,0,,,
combined support,,,混合支架,,,,,0,0,,,
combined supporting,,,联合支护,,,,,0,0,,,
combined supratentorial-infraten torial approach,,,[小脑]幕上下联合入路,,,,,0,0,,,
combined surface,,,并合面,,,,,0,0,,,
combined surface and underground mining,,,露天地下联合开 采,,,,,0,0,,,
combined surfacing-thicknessing planer,,,[木] 平刨－压刨联合机,,,,,0,0,,,
combined surplus,,,合并盈余,,,,,0,0,,,
combined suspension,,,前后结合式悬架装置,,,,,0,0,,,
combined switch,,,组合开关,,,,,0,0,,,
combined symbol,,,复合符号,,,,,0,0,,,
combined symbol matching,,,组合符号匹配,,,,,0,0,,,
combined symbol system,,,un. 联合标号法；合并符号系统,,,,,0,0,,,
combined system,,,[经] 综合体系,,,,,0,0,,,
combined system arch bridge,,,组合体系拱桥,,,,,0,0,,,
combined system bridge,,,[交] 联合体系桥,,,,,0,0,,,
combined system disease,,,[医] 联合系统病(恶性贫血病的脊髓亚急性混合变性),,,,,0,0,,,
combined system of field crops and high fores,,,乔林混农作业,,,,,0,0,,,
combined system of fieldcrops and coppice,,,矮林混农作业,,,,,0,0,,,
combined tannin,,,[化] 结合鞣质,,,,,0,0,,,
combined tap and drill,,,复合丝锥,,,,,0,0,,,
combined tariff,,,联运价表,,,,,0,0,,,
combined tea-refining machine,,,组合式茶叶精制机,,,,,0,0,,,
combined tedder and side rake,,,un. 干草摊晒和侧向搂草联合作业机,,,,,0,0,,,
combined tedder-and-side rake,,,干草摊晒和侧向搂草联合作业机,,,,,0,0,,,
combined television signal,,,全电视信号,,,,,0,0,,,
combined television-telephone service,,,视电话联合服务,,,,,0,0,,,
combined test,,,综合试验,,,,,0,0,,,
combined test cabinet,,,[网络] 综合试验箱,,,,,0,0,,,
combined test chamber,,,综合试验箱,,,,,0,0,,,
combined testing machine,,,复合试验机,,,,,0,0,,,
combined therapy,kəmˈbaɪnd ˈθerəpi,, 混合治疗法,,,,,0,0,,,
combined therapy of Chinese and western medicines,,,[临床] 中西医结合疗法,,,,,0,0,,,
combined thermal analyzer,,,组合型热分析仪,,,,,0,0,,,
combined thermal efficiency,,,合併热效率,,,,,0,0,,,
combined thermal transmission,,,复合传热,,,,,0,0,,,
combined thermit welding,,,加压铸焊,,,,,0,0,,,
combined thermomechanical treatment,,,"组合[两级]形变热处理,高温与低温联合的形变热处理",,,,,0,0,,,
combined thrust and radial bearing,,,组合推力径向轴承,,,,,0,0,,,
combined ticket,,,联票(例如铁路列车与自动客车),,,,,0,0,,,
combined tillage machine,,,组合耕作机,,,,,0,0,,,
combined time delay,,,[网络] 指令时延,,,,,0,0,,,
combined to the grid,kəmˈbaɪnd tu: ðə grɪd,, 并网发电,,,,,0,0,,,
combined tombolo,,,结合沙颈岬,,,,,0,0,,,
combined tone,,,组合音,,,,,0,0,,,
combined tool,,,[网络] 组合工具,,,,,0,0,,,
combined tools,,,组合刀具,,,,,0,0,,,
combined total gross tonnage,,,合计总吨位,,,,,0,0,,,
combined toxemia,,,结合毒血症,,,,,0,0,,,
combined toxicity of pesticides,,,[化] 农药联合毒性,,,,,0,0,,,
combined tracking,,,"复合跟踪,半自动(目标)跟踪",,,,,0,0,,,
combined trade restrictions,,,限制竞争的协议,,,,,0,0,,,
combined trade-marks,,,组合商标,,,,,0,0,,,
combined trademark,,,[专利] 组合商标,,,,,0,0,,,
combined trademarks,,,组合商标,,,,,0,0,,,
combined traffic,,,[网络] 联运,,,,,0,0,,,
combined train,,,组合列车,,,,,0,0,,,
combined training,,,综合训练,,,,,0,0,,,
combined transformation,,,组合变换,,,,,0,0,,,
combined transformer,,,组合式互感器,,,,,0,0,,,
combined transmission equipment,,,[网络] 指令传输设备,,,,,0,0,,,
combined transport,,,"[经] 联运, 联合运输",,,,,0,0,,,
combined transport bill of lading,,,[经] 联合运输提单,,,,,0,0,,,
combined transport document,,,[经] 联合运输单据,,,,,0,0,,,
combined transport documents,,, 联合运输单据,,,,,0,0,,,
combined transport network,,,[交] 联运网络,,,,,0,0,,,
combined transport of container,,,[交] 集装箱联运,,,,,0,0,,,
combined transport of LCL cargo,,,[交] 零星货物联运,,,,,0,0,,,
combined transport of parcel,,,[邮] 包裹联运,,,,,0,0,,,
combined transport operate,,,[经] 联合运输经纪人,,,,,0,0,,,
combined transport operator,,,[法] 联合运输营业人,,,,,0,0,,,
combined transportation,,,[网络] 联运；复合一贯制运输,,,,,0,0,,,
combined transportation contract,,,联运合同,,,,,0,0,,,
combined trap,,,[油气] 复合圈闭,,,,,0,0,,,
combined treatment,,,联合处理,,,,,0,0,,,
combined trial balance,,,[经] 合并试算表,,,,,0,0,,,
combined tunnel boring machine,,,联合掘进机,,,,,0,0,,,
combined turbine,,,[机] 组合轮机,,,,,0,0,,,
combined turbojet ramjet,,,涡轮冲压复合发动机,,,,,0,0,,,
combined twills,,,复合斜纹,,,,,0,0,,,
combined twinning,,,接合双晶；复合双晶,,,,,0,0,,,
combined type,,,"复合式,组合式",,,,,0,0,,,
combined type air filter,,,un. 组合空气过滤器\n[网络] 组合式空气滤清器,,,,,0,0,,,
combined type junction terminal,,,混合形枢纽,,,,,0,0,,,
combined type muffler,,,复合式消声器,,,,,0,0,,,
combined type transducer,,,复合型传感器,,,,,0,0,,,
combined type valve,,,un. 组合阀\n[网络] 复合阀,,,,,0,0,,,
combined uncertainty,,,组合不确定度,,,,,0,0,,,
combined unit,,,un. 联合单元\n[网络] 合并单位；合成单位；复式大厦,,,,,0,0,,,
combined unit kilometers,,,复合运输单位公里,,,,,0,0,,,
combined universal machine,,,[网络] 组合万能机床,,,,,0,0,,,
combined universal machine tool,,,组合万能机床,,,,,0,0,,,
combined universal woodworker,,,[木] 通用木工联合机,,,,,0,0,,,
combined use,,, 混合使用,,,,,0,0,,,
combined use of pesticides,,,[农药] 农药混用,,,,,0,0,,,
combined vaccine,,,联合疫苗,,,,,0,0,,,
combined value,,,[网络] 混水阀,,,,,0,0,,,
combined valve,,,合汽门,,,,,0,0,,,
combined valve and sieve tray,,,浮阀-筛板塔盘,,,,,0,0,,,
combined valvular disease,,,联合瓣膜病,,,,,0,0,,,
combined valvular lesion,,,联合瓣膜病变,,,,,0,0,,,
combined variable,,,组合变量,,,,,0,0,,,
combined variance,,,[经] 合并差异,,,,,0,0,,,
combined vector and raster data structure,,,向量与光栅组合资料结构,,,,,0,0,,,
combined ventilated type,,,复合通风型,,,,,0,0,,,
combined ventilation system,,,混合式通风系统,,,,,0,0,,,
combined version,,,[医] 内外倒转术,,,,,0,0,,,
combined vertical and horizontal milling machine,,,立卧铣组合机床,,,,,0,0,,,
combined vibrating roller,,,复合振动压路机,,,,,0,0,,,
combined video signal,,,全电视信号,,,,,0,0,,,
combined visible and invisible trade account,,,有形及无形贸易合并账目,,,,,0,0,,,
combined vision-sound amplification television broadcasting exciter,,,[电视 广播] 合放式电视广播激励器,,,,,0,0,,,
combined vision-sound amplification type television transmitter,,,[电视] 图像、伴音合成放大式电视发射机,,,,,0,0,,,
combined voltage and current transformer,,,电压电流两用变压器,,,,,0,0,,,
combined voltage current transformator,,,仪表用变压变流器,,,,,0,0,,,
combined voltage current transformer,,,电压电流两用互感器,,,,,0,0,,,
combined voltage current transformers,,,计器用变压变流器,,,,,0,0,,,
combined voltage regulation,,,混合调压,,,,,0,0,,,
combined voltage test,,,联合电压试验,,,,,0,0,,,
combined vortex,,,复合涡旋,,,,,0,0,,,
combined war plan,,,联军作战计画,,,,,0,0,,,
combined wardrobe,,,[家具] 组合衣橱,,,,,0,0,,,
combined wastewater,,,合废水,,,,,0,0,,,
combined wastewater overflow,,,混合废水溢 流,,,,,0,0,,,
combined water,,,[化] 化合水,,,,,0,0,,,
combined water-oil ratio,,,[油气] 综合油水比,,,,,0,0,,,
combined wave,,,成波,,,,,0,0,,,
combined weighing and mixing machine,,,称重拌合联合机,,,,,0,0,,,
combined weight,,, 组合权重,,,,,0,0,,,
combined whistle system,,,un. 联合号笛系统,,,,,0,0,,,
combined wind box,,,复合进风[废气]箱,,,,,0,0,,,
combined windlass,,,[船] 起锚系泊组合机,,,,,0,0,,,
combined windlass/mooring winch,,,起锚系泊组合机,,,,,0,0,,,
combined wire,,,[化] 复合焊丝,,,,,0,0,,,
combined with,,, 化合，联合; 连同,,,,,0,0,,,
combined wood working machine,,,木工组合机床,,,,,0,0,,,
combined wool washing and drying machine,kəmˈbaɪnd wul ˈwɔʃɪŋ ænd ˈdraiiŋ məˈʃi:n,,n. 羊毛洗烘联合机,,,,,0,0,,,
combined work,,,合併工作,,,,,0,0,,,
combined workshop,,,[建] 联合车间,,,,,0,0,,,
combined-arms,,,[网络] 联合作战；包括协同作战；联合武装,,,,,0,0,,,
combined-cycle,,,n. 联合循环,j:100,,,,0,0,s:combined-cycles,,
combined-cycle operation,,,合循环运行,,,,,0,0,,,
combined-cycles,,,[网络] 联合循环,,,,,0,0,0:combined-cycle/1:s,,
combined-effect leverage,,,联合杠杆效果,,,,,0,0,,,
combined-impulse turbine,,,组合冲击式涡轮机,,,,,0,0,,,
combined-modality,,,[网络] 合并治疗方式,,,,,0,0,,,
combined-sewer flow,,,合流水量,,,,,0,0,,,
combined-type air spring,,,[机] 混合式空气弹簧,,,,,0,0,,,
combined-type deaerator,,,合型除氧器,,,,,0,0,,,
combined-type rubber spring,,,组合式橡胶弹簧,,,,,0,0,,,
combined-ventilated type,,,混合通风式,,,,,0,0,,,
combined-voltage generator,,,交直流电压发电机,,,,,0,0,,,
combinedcertificate,,,[网络] 联合凭证,,,,,0,0,,,
combinedly,,adv. In combination  ; jointly.,adv. combined的变形,,,,,0,0,,,
combinedness,,,[网络] 组合性,,,,,0,0,,,
combineds,kəm'baɪnd,,adj. 结合的；[数] 组合的\nv. 使结合；联合（combine的过去分词）,,,,,0,0,,,
combinement,,,[网络] 结合,,,,,0,0,,,
combiner,kәm'bainә,"n. One who, or that which, combines.","[计] 组合器, 组合部件\n[化] 层布贴合机",,,,,0,0,s:combiners,,
combiner circuit,,,[电] 汇编器电路,,,,,0,0,,,
combiner tree,,,组合器[组],,,,,0,0,,,
combiner unit,,,混合器,,,,,0,0,,,
combiners,,"plural of combiner\nn. One who, or that which, combines.","(combiner 的复数) [计] 组合器, 组合部件\n[化] 层布贴合机",,,,,0,0,0:combiner/1:s,,
combines,kəmˈbainz,"n harvester that heads and threshes and cleans grain while moving across the field\nn a consortium of independent organizations formed to limit competition by controlling the production and distribution of a product or service\nn an occurrence that results in things being united\nv have or possess in combination\nv put or add together\nv combine so as to form a whole; mix\nv add together from different sources\nv join for a common purpose or in a common action\nv gather in a mass, sum, or whole\nv mix together different elements",v. （使）联合( combine的第三人称单数 ); 兼有; 兼备; 使融合（或并存）,,,,,0,0,0:combine/1:3s,,
combines pool,,,[网络] 联营企业,,,,,0,0,,,
combinest,kəm'baɪn,,vt. 使结合；使联合，使混合；合并：；【化学】使化合：\nvi. 结合；混合；合并：；联合；协力：,,,,,0,0,,,
combineth,,,[网络] 组合,,,,,0,0,,,
combing,'kәumiŋ,n the act of drawing a comb through hair\nv straighten with a comb\nv search thoroughly\nv smoothen and neaten with or as with a comb,"n. 梳理, 梳下的毛或发\n[医] 神经纤维松解法",n:100,,,,0,44657,0:comb/1:i/s:combings,,
combing ability,,,配和力,,,,,0,0,,,
combing beater,,,梳刷轮,,,,,0,0,,,
combing clause,,,梳理条款,,,,,0,0,,,
combing equipment of polyester fibre gauze,,,涤棉精梳纱布设备,,,,,0,0,,,
combing flax fiber,,,整理亚麻纤维,,,,,0,0,,,
combing leather,,,[建] 梳刷革,,,,,0,0,,,
combing machine,,,精梳机,,,,,0,0,,,
combing machine for fur,,,[皮革] 抓毛机,,,,,0,0,,,
combing oil,,,梳毛油，和毛油,,,,,0,0,,,
combing operation,,,[网络] 扫荡,,,,,0,0,,,
combing out,,,v. 淘汰；搜寻,,,,,0,0,,,
combing ridge,,,[网络] 梳脊,,,,,0,0,,,
combing ridges,,,[网络] 梳脊,,,,,0,0,,,
combing roller,,,分梳辊,,,,,0,0,,,
combing sliver,,,精梳棉条,,,,,0,0,,,
combing stitching,,,精梳棉网叠合法,,,,,0,0,,,
combing strategy,,,连结策略,,,,,0,0,,,
combing through,,,[网络] 整理,,,,,0,0,,,
combing wave,,,深水破浪,,,,,0,0,,,
combing wheel,,,分纸滚轮,,,,,0,0,,,
combing wool,ˈkəumiŋ wul,, 精梳毛,,,,,0,0,,,
combing yarn,,,[建] 梳刷纱,,,,,0,0,,,
combing-coaming,,,[网络] 舱口围板,,,,,0,0,,,
combings,,plural of combing\nn the act of drawing a comb through hair\nv straighten with a comb\nv search thoroughly\nv smoothen and neaten with or as with a comb,"(combing 的复数) n. 梳理, 梳下的毛或发\n[医] 神经纤维松解法",,,,,0,0,0:combing/1:s,,
combini,,,[网络] 组合,,,,,0,0,,,
combinig rule,,,[化] 组合规则,,,,,0,0,,,
combining,kәm'bainiŋ,n. an occurrence that results in things being united,"a. 结合性的, 化合的\n[计] 组合",j:100,,,,38494,33257,0:combine/1:i/s:combinings,,
combining ability,,,配合力,,,,,0,0,,,
combining affinity,,,[化] 化合亲和势,,,,,0,0,,,
combining amplifier,,,(摄像机信道中的)合成放大器,,,,,0,0,,,
combining borer,,,合成孔机,,,,,0,0,,,
combining calender,,,双压光机组,,,,,0,0,,,
combining capacity,,,结合能力,,,,,0,0,,,
combining chamber,,,递热器,,,,,0,0,,,
combining character,,,组合用字符,,,,,0,0,,,
combining characters,,,[网络] 组合字符；结合字符,,,,,0,0,,,
combining circuit,,,组合电路,,,,,0,0,,,
combining cone,,,联合喷嘴,,,,,0,0,,,
combining data,,,合併数据,,,,,0,0,,,
combining effect of chemicals,,,化学物综合作用,,,,,0,0,,,
combining equivalent,,,化合当量,,,,,0,0,,,
combining estimate of correlation,,,相关的合併估计,,,,,0,0,,,
combining estimate of variance,,,方差联合估计,,,,,0,0,,,
combining estimates of variance,,,方差的合并估计,,,,,0,0,,,
combining filter,,,双工滤波器,,,,,0,0,,,
combining form,kəmˈbainiŋ fɔ:m,, 构词成分,,,,,0,0,s:combining forms,,
combining forms,,,na. 构词成分\n[网络] 组合形式；合并形式,,,,,0,0,0:combining form/1:s,,
combining function,,,组合函数,,,,,0,0,,,
combining glass,kəm'bainiŋ,,【光学】交会镜,,,,,0,0,,,
combining hardware with software,,,[计] 硬、软件结合,,,,,0,0,,,
combining heat,,,[化] 化合热,,,,,0,0,,,
combining leverage,,,联合杠杆,,,,,0,0,,,
combining library option function,,,[计] 组合程序库任选功能,,,,,0,0,,,
combining machine,,,[化] 层布贴合机,,,,,0,0,,,
combining mental labor with manual labor,,,脑力劳动与体力劳动集中于一身,,,,,0,0,,,
combining network,,,汇接网络,,,,,0,0,,,
combining nozzle,,,混合嘴,,,,,0,0,,,
combining of financial statement,,,[经] 财务报表的合并,,,,,0,0,,,
combining Power,,,"[医] 化合力, 结合力",,,,,0,0,,,
combining program,,,[计] 组合程序,,,,,0,0,,,
combining proportion,,,[医] 化合比例,,,,,0,0,,,
combining rule,,,组合规则,,,,,0,0,,,
combining site,,,"结合部位,结合点,结合簇",,,,,0,0,,,
combining standard deviations,,,组合标准[偏]差,,,,,0,0,,,
combining tee,,,un. T形波导支路,,,,,0,0,,,
combining tee T,,,"形(波导)支路,T形(波导)接头",,,,,0,0,,,
combining therapy,,,综合疗法,,,,,0,0,,,
combining tube,,,颈；混合[管]段,,,,,0,0,,,
combining volume,,,[建] 化合体积,,,,,0,0,,,
combining volume principle,,,[物化] 化合体积原理,,,,,0,0,,,
combining weight,,,"[医] 化合量, 结合量",,,,,0,0,s:combining weights,,
combining weights,,,[化学] 化合量,,,,,0,0,0:combining weight/1:s,,
combining zone,,,[建] 化合区(域),,,,,0,0,,,
combining-volume principle,,,[机] 盖吕萨克定律,,,,,0,0,,,
combining-volumes principle,,,化合体积原理,,,,,0,0,,,
combinings,,,[网络] 组合,,,,,0,0,0:combining/1:s,,
Combipres,,,盐酸可乐定-氯噻酮制剂,,,,,0,0,,,
combirope,'kɒmbaɪərɒp,,n. 麻钢混捻钢丝绳,,,,,0,0,,,
combis,,,[网络] 矿油两用船；公车；小巴士,,,,,0,0,,,
Combison,,,曲臂式超声断层显像仪,,,,,0,0,,,
Combistix,,,检尿试条,,,,,0,0,,,
Combiterms,"'kɔmbi,tə:mz",,n. 国际贸易标准用语和规定,,,,,0,0,,,
Combitube,,,双腔通气管,,,,,0,0,,,
combium cell,,,形成层细胞,,,,,0,0,,,
Combivent,,,可必特,,,,,0,0,,,
combivir,,," [医]双汰芝，可比韦（含zidovudine,lamivudine）<抗病毒药>",,,,,0,0,,,
Combizym,,,慷彼申,,,,,0,0,,,
combjellies,,,[网络] 栉水母；梳子胶；梳果冻,,,,,0,0,,,
combjelly,,,[网络] 栉水母,,,,,0,0,,,
Comblain-au-Pont,,,[地名] 孔布兰欧蓬 ( 比 ),,,,,0,0,,,
comblainite,,,n. 羟碳钴镍石\n[网络] 水碳钴镍石,,,,,0,0,,,
Comblanchien,,,贡布隆向,,,,,0,0,,,
comble,'kɔŋblә,,"n. 顶点,高潮",,,,,0,0,,,
Combles,,,[网络] 孔布勒,,,,,0,0,,,
combless,,"a. Without a comb or crest; as, a combless cock.",adj comb的变形,,,,,0,0,,,
comblike,,,adj comb的变形,,,,,0,0,,,
comblike ridge,,,梳状山〔嵴〕,,,,,0,0,,,
comblined cyanide,,,[机] 化合氰,,,,,0,0,,,
Combloux,,,[地名] 孔布卢 ( 法 ),,,,,0,0,,,
combly,,,[网络] 梳理,,,,,0,0,,,
combmaker,,,[网络] 制裁者,,,,,0,0,,,
combo,'kɒmbәu,n a small band of jazz musicians,n. 小型爵士乐团,n:100,,,,13542,12709,s:combos,,
combo box,,,[计] 组合框,,,,,0,0,,,
combo box control,,,[网络] 组合框控件；下拉式方块控制项；控制元件,,,,,0,0,,,
combo boxes,,,[网络] 复选框,,,,,0,0,,,
combo breaker,,,[网络] 阻断,,,,,0,0,,,
combo breakers,,,[网络] 组合破碎机,,,,,0,0,,,
combo card,,,[网络] 卡；多功能卡；复合卡,,,,,0,0,,,
combo chip,,,[网络] 整合型芯片；晶片；整合晶片,,,,,0,0,,,
combo deck,,,[网络] 连续技牌组,,,,,0,0,,,
combo drive,,,(电脑)复合式光碟机(含软碟机及光碟机),,,,,0,0,,,
combo meal,,,[网络] 套餐；机上套餐,,,,,0,0,,,
combo store,,,[口语]综合性商店(或超级市场),,,,,0,0,,,
combo-box control,,,组合方块控制,,,,,0,0,,,
combobox,,,n. 组合框；下拉列表框,,,,,0,0,,,
combobulate,,,整理,,,,,0,0,,,
comboes,'kɒmbəʊ,,n. 联合体；结合物；小型爵士乐团\nn. (Combo)人名；(科摩、刚(布))孔博,,,,,0,0,,,
Combofix,,,[网络] 恶意软件清除工具；卸载清理；恶意软件清理,,,,,0,0,,,
Combol,,,[网络] 组合框；因为我想要加个科目选单；个组合框,,,,,0,0,,,
comboloio,",kɔmbә'lәjjәj","n. A Mohammedan rosary, consisting of ninety-nine beads.",n. (尤指伊斯兰教徒的)一串念珠,,,,,0,0,,,
comboloios,,,[网络] comboios,,,,,0,0,,,
Combomune,,,[地名] 孔博穆 ( 莫 ),,,,,0,0,,,
comboozelated,kəʊm'buːəleɪtɪd,,adj. 喝醉酒的(大学生用语),,,,,0,0,,,
Combophyllum,,,钮扣珊瑚属〔D1〕,,,,,0,0,,,
combos,ˈkɔmbəʊz,n. a small band of jazz musicians,"n. 小型爵士乐队, 小型伴舞乐队( combo的复数形式 )",,,,,0,0,0:combo/1:s,,
combourg,,, [地名] [法国] 孔堡,,,,,0,0,,,
combourgeoisie,,,[网络] 资产阶级,,,,,0,0,,,
Comboussougou,,,[地名] 孔布苏古 ( 布基 ),,,,,0,0,,,
combover,,,[网络] 秃头的人把头横着梳,,,,,0,0,,,
combox,,,[网络] 组合框；下拉框；小瑾,,,,,0,0,,,
Comboyne,,,[地名] 康博因 ( 澳 ),,,,,0,0,,,
comboys,'kɔmbɔis,,条格披巾,,,,,0,0,,,
combplate,,,un. 栉板；篦形防滑板,,,,,0,0,,,
Combraille,,,贡布黑耶,,,,,0,0,,,
combrance,,,[网络] 组合,,,,,0,0,,,
combray,,,[网络] 贡布雷；孔布赖；中贡布雷,,,,,0,0,,,
combre,,,[网络] 孔布尔,,,,,0,0,,,
Combres,,,[地名] 孔布尔 ( 法 ),,,,,0,0,,,
Combressol,,,[地名] 孔布雷索勒 ( 法 ),,,,,0,0,,,
combret,,,[网络] 科特雷,,,,,0,0,,,
Combretaceae,,n a family of tropical trees and shrubs of the order Myrtales,[医] 使君子科,,,,,0,0,s:combretaceaes,,
combretaceaes,kɔm'bretæsi:ə,,Combretaceae\n[kɔm'bretæsi:ə]\nn.\n【植物】使君子科,,,,,0,0,0:combretaceae/1:s,,
combretaceous,,,[网络] 使君子科,,,,,0,0,,,
combretastatin,,,[网络] 考布他汀；二芳基乙烯；考布它丁,,,,,0,0,,,
Combretin,,,风车子碱,,,,,0,0,,,
Combretum,,n any of numerous shrubs or small trees of the genus Combretum having spikes of small flowers,[医] 风车子属(植),,,,,0,0,s:combretums,,
Combretum alfredii,,,n. 风车子,,,,,0,0,,,
Combretum auriculatum,,,n. 耳叶风车子,,,,,0,0,,,
Combretum bracteosum,,,[网络] Combactum bracteosum,,,,,0,0,s:combretum bracteosums,,
combretum bracteosums,,,[网络] Combactum bracteosum\n(combretum bracteosum 的复数),,,,,0,0,0:combretum bracteosum/1:s,,
Combretum erythrophyllum,,,[网络] 红曲霉,,,,,0,0,s:combretum erythrophyllums,,
combretum erythrophyllums,,,[网络] 红曲霉\n(combretum erythrophyllum 的复数),,,,,0,0,0:combretum erythrophyllum/1:s,,
combretum families,,,un. 使君子科\n(combretum family 的复数),,,,,0,0,0:combretum family/1:s,,
combretum family,,,un. 使君子科,,,,,0,0,s:combretum families,,
combretum grandflorum g. don,,,长藤诃子（台北植物园目录）,,,,,0,0,,,
Combretum griffithii,,,n. 西南风车子,,,,,0,0,,,
Combretum latifolium,,,n. 阔叶风车子,,,,,0,0,,,
Combretum pilosum,,,[医] 柔毛风车子,,,,,0,0,,,
combretum pilosum roxb.,,,康柏树（审查本,,,,,0,0,,,
Combretum punctatum,,,n. 盾鳞风车子,,,,,0,0,,,
Combretum roxburghii,,,n. 十蕊风车子,,,,,0,0,,,
Combretum sundiacum,,,[医] 马来风车子,,,,,0,0,,,
Combretum wallichii,,,n. 石风车子,,,,,0,0,,,
Combretum yuankiangense,,,n. 元江风车子,,,,,0,0,,,
Combretum yunnanense,,,n. 云南风车子,,,,,0,0,,,
combretums,,,[网络] 组合,,,,,0,0,0:combretum/1:s,,
combridge,'kɔmbridʒ,,锯状山脊,,,,,0,0,,,
Combrit,,,[地名] 孔布里 ( 法 ),,,,,0,0,,,
Combronde,,,[地名] 孔布龙德 ( 法 ),,,,,0,0,,,
combrous,,,[网络] 一致的,,,,,0,0,,,
combs,kɔmz,n a flat device with narrow pointed teeth on one edge; disentangles or arranges hair\nn the fleshy red crest on the head of the domestic fowl and other gallinaceous birds\nn any of several tools for straightening fibers\nn ciliated comb-like swimming plate of a ctenophore\nn the act of drawing a comb through hair\nv straighten with a comb\nv search thoroughly\nv smoothen and neaten with or as with a comb,n. 梳子（comb的复数）,,,,,0,0,0:comb/1:s3,,
combs out,,,v. 淘汰；搜寻,,,,,0,0,,,
combs through,,,梳理,,,,,0,0,,,
combs-out,,,"n. 彻底消除, 梳理头发, 彻底检查\n(comb-out 的复数)",,,,,0,0,0:comb-out/1:s,,
combs-over,,,[网络] 九一分界；稀疏但仍梳到另一边的秃头；秃顶\n(comb-over 的复数),,,,,0,0,0:comb-over/1:s,,
combscomb ewer,,,(瓷器名)天鸡壶,,,,,0,0,,,
combtooth blennies,,,[网络] 梳齿鳚；梳齿粘鱼,,,,,0,0,0:combtooth blenny/1:s,,
combtooth blenny,,,[网络] 鳚科；红尾无须鱼尉,,,,,0,0,s:combtooth blennies,,
combtype,,,"鸡冠型,梳型",,,,,0,0,,,
comburant,kɒm'bɜ:rənt,s supporting combustion, 燃烧料,,,,,0,0,,,
combure,,,[网络] 组合,,,,,0,0,,,
comburence,,,[网络] 灵巧,,,,,0,0,,,
comburent,kәm'bjurәnt,s. supporting combustion,[建] 燃烧,,,,,0,0,,,
comburgess,,,[网络] 混合,,,,,0,0,,,
comburgher,,,[网络] 组合者,,,,,0,0,,,
comburghership,,,[网络] 合并,,,,,0,0,,,
comburimeter,",kәmbju'rimitә",,燃烧计,,,,,0,0,,,
comburment,,,[网络] 梳理,,,,,0,0,,,
combury,,,[网络] 组合,,,,,0,0,,,
combusion knock,,,燃烧爆震,,,,,0,0,,,
combust,kәm'bʌst,v. cause to become violent or angry,[建] 燃料,v:100,,,,48422,32174,d:combusted/i:combusting/p:combusted/3:combusts/s:combusts,,
combustable fume detection system,,,可燃气探测系统,,,,,0,0,,,
combusted,kəm'bʌst,v. cause to burn or combust\nv. start to burn or burst into flames\nv. get very angry and fly into a rage,vt. 燃烧；消耗\nn. 燃料,,,,,0,0,0:combust/1:dp,,
combuster,kəm'bʌstə,,n. 燃烧器；废物焚化炉,,,,,0,0,,,
combusters,,,[网络] 燃烧器,,,,,0,0,,,
combustibilities,"kəm,bʌstə'biliti",,n. 燃烧性；[热] 可燃性,,,,,0,0,0:combustibility/1:s,,
combustibility,kәm.bʌstә'biliti,n. the quality of being capable of igniting and burning,"n. 燃烧性, 可燃性\n[化] 可燃性",,,,,0,0,s:combustibilities,,
combustibility and rated fire-resisting period,,,燃性和额定耐火时间,,,,,0,0,,,
combustibility test,,,可燃性试验,,,,,0,0,,,
combustible,kәm'bʌstibl,n. a substance that can be burned to provide heat or power\na. capable of igniting and burning,"a. 易燃的, 燃烧性的, 易动激情的\nn. 易燃物, 可燃物",j:100,,,toefl ielts gre,33588,21967,s:combustibles,,
combustible analyzer,,,燃物分析仪,,,,,0,0,,,
combustible basis,,,可燃基,,,,,0,0,,,
combustible cartridge,,,[军] 可燃弹壳枪弹,,,,,0,0,,,
combustible cartridge case,,,[军] 可燃弹壳,,,,,0,0,,,
combustible case,,,可燃壳体,,,,,0,0,,,
combustible charge,,,[建] 可燃混合物的装料,,,,,0,0,,,
combustible component,,,[建] 可燃组份,,,,,0,0,,,
combustible compound,,,可燃化合物,,,,,0,0,,,
combustible constituent,,,[建] 可燃组份,,,,,0,0,,,
combustible construction,,,易燃构造,,,,,0,0,,,
combustible content,,,燃物含量,,,,,0,0,,,
combustible control system,,,可燃﹝气体﹞控制系统,,,,,0,0,,,
combustible dust,,,易燃粉尘,,,,,0,0,,,
combustible element,,,可燃元素,,,,,0,0,,,
combustible fuel air mixture,,,[网络] 可燃的空气燃料混合气,,,,,0,0,,,
combustible fume detection system,,,可燃气探测系统,,,,,0,0,,,
combustible gas,,,[建] 可燃气体,,,,,0,0,,,
combustible gas alarm,,,可燃气警报器,,,,,0,0,,,
combustible gas control system,,,可燃气体控制系统,,,,,0,0,,,
combustible gas detector,,,气检测器,,,,,0,0,,,
combustible gas indicator,,,可燃气体指标仪,,,,,0,0,,,
combustible gas mixture,kəmˈbʌstəbəl ɡæs ˈmikstʃə,, 可燃混合气,,,,,0,0,,,
combustible gas-forming method,,,un. 可燃气体成形法,,,,,0,0,,,
combustible gases,,,燃料气,,,,,0,0,,,
combustible in refuse,,,渣中可燃物,,,,,0,0,,,
combustible liquid,,, 易燃液体; 可燃液体,,,,,0,0,,,
combustible liquid code,,,可燃液体规范,,,,,0,0,,,
combustible liquide,,,可燃液体,,,,,0,0,,,
combustible liquids,,,可燃性液体,,,,,0,0,,,
combustible loss,,,可燃物损失,,,,,0,0,,,
combustible material,kəmˈbʌstəbəl məˈtiəriəl,, 易燃材料,,,,,0,0,s:combustible materials,,
combustible materials,,,可燃物；易燃材料,,,,,0,0,0:combustible material/1:s,,
combustible matter,,,[建] 可燃物(质),,,,,0,0,,,
combustible mineral,,,"可燃矿物, 燃烧矿物；可燃矿物",,,,,0,0,,,
combustible mixture,,,[建] 可燃混合物,,,,,0,0,,,
combustible mixture(inflam-mable mixture),,,可燃混合物,,,,,0,0,,,
combustible natural gas,,,可燃天然气,,,,,0,0,,,
combustible primer,,,[军] 可燃底火,,,,,0,0,,,
combustible rubbish,,,燃废物，可燃垃圾,,,,,0,0,,,
combustible shale,,,可燃页岩,,,,,0,0,,,
combustible shales,,,可燃页岩,,,,,0,0,,,
combustible solid,kəmˈbʌstəbəl ˈsɔlid,,n. 易燃固体,,,,,0,0,,,
combustible solid waste,,,可燃性固态废料,,,,,0,0,,,
combustible substance,,,[建] 可燃物,,,,,0,0,,,
combustible support,,,[化] (催化剂的)可燃载体,,,,,0,0,,,
combustible veneer,,,可燃镶板,,,,,0,0,,,
combustible waste,,,可燃废物,,,,,0,0,,,
combustible-gas detector,,,[建] 可燃气体检查器,,,,,0,0,,,
combustible-gas indicator,,,燃气体指示器,,,,,0,0,,,
combustibleness,,n the quality of being capable of igniting and burning,[建] 可燃性,,,,,0,0,s:combustiblenesses,,
combustiblenesses,,,n. 可燃性；易怒,,,,,0,0,0:combustibleness/1:s,,
combustiblerefuse,,,可燃垃圾,,,,,0,0,,,
combustibles,kəmbʌs'təblz,n. a substance that can be burned to provide heat or power, 易燃物,,,,,0,0,0:combustible/1:s,,
combustiblesubstance,,,可燃物,,,,,0,0,,,
combustibly,,,adv. combustible的变形,,,,,0,0,,,
combusting,kəm'bʌst,v. cause to burn or combust\nv. start to burn or burst into flames\nv. get very angry and fly into a rage,vt. 燃烧；消耗\nn. 燃料,,,,,0,0,0:combust/1:i,,
combusting chamber,,,燃烧室,,,,,0,0,,,
combusting delay period,,,滞燃期,,,,,0,0,,,
combustio,,,燃烧,,,,,0,0,,,
combustion,kәm'bʌstʃәn,n. a process in which a substance reacts with oxygen to give heat and light\nn. a state of violent disturbance and excitement,"n. 燃烧, 骚动\n[化] 燃烧",n:100,1,,cet6 toefl,12420,9802,s:combustions,,
combustion (flame) safeguard,,,烧(火焰)安全监视,,,,,0,0,,,
combustion additive,,,燃烧添加剂,,,,,0,0,,,
combustion adjuvant,,,[化] 助燃剂,,,,,0,0,,,
combustion aerodynamics,,,[热] 燃烧气动力学,,,,,0,0,,,
combustion aerosol,,,燃烧气溶胶,,,,,0,0,,,
combustion air,,,助燃空气,,,,,0,0,,,
Combustion Air Flow,,,[网络] 燃烧空气流动；燃烧空气流量表,,,,,0,0,,,
combustion air inlet,,,[建] 燃烧层空气的入口,,,,,0,0,,,
combustion air pipe,,,un. 燃烧空气管,,,,,0,0,,,
combustion analysis,,,[化] 燃烧分析,,,,,0,0,,,
combustion analysis method,,,燃烧分析法,,,,,0,0,,,
combustion analyzers,,,燃烧分析仪,,,,,0,0,,,
combustion and heat inlet,,,[热] 燃烧和热输入,,,,,0,0,,,
combustion apparatus,,,[机] 燃烧装置,,,,,0,0,,,
combustion arch,,,燃烧拱,,,,,0,0,,,
combustion area,,,"[机] 燃烧带, 燃烧区",,,,,0,0,,,
combustion attemperator,,,[网络] 燃烧调温器,,,,,0,0,,,
combustion automatic control,,,燃烧的自动控制,,,,,0,0,,,
combustion block,,,烧区,,,,,0,0,,,
combustion blow by,,,un. 爆发时漏气,,,,,0,0,,,
combustion blow-by,,,爆发时漏气,,,,,0,0,,,
combustion boat,,,[化] 燃烧舟皿,,,,,0,0,,,
combustion bomb,,,[建] 燃烧弹,,,,,0,0,,,
combustion calculation,,,燃烧计算,,,,,0,0,,,
combustion calorimetry,,,[化] 燃烧量热法,,,,,0,0,,,
combustion casting process,,,[机] 燃烧铸法,,,,,0,0,,,
combustion catalyst,,,[建] 燃烧催化剂,,,,,0,0,,,
combustion cell,,,[建] 燃烧池,,,,,0,0,,,
combustion chamber,,,[机] 燃烧室,,,,,0,0,,,
combustion chamber block,,,[网络] 燃烧室镶块,,,,,0,0,,,
combustion chamber brace,,,燃烧室拉条,,,,,0,0,,,
combustion chamber burner,,,燃烧室喷嘴,,,,,0,0,,,
combustion chamber casing,,,un. 燃烧室外壳,,,,,0,0,,,
combustion chamber course,,,燃烧室锅筒,,,,,0,0,,,
combustion chamber deposit,,,烧室积碳,,,,,0,0,,,
combustion chamber draft,,,燃烧室负压;炉膛负压,,,,,0,0,,,
combustion chamber efficiency,,,燃烧室效率,,,,,0,0,,,
combustion chamber hopper,,,冷灰斗;沉渣斗,,,,,0,0,,,
combustion chamber inlet mach number,,,un. 燃烧室进口马赫数,,,,,0,0,,,
combustion chamber of wedge form,,,un. 楔形燃烧室,,,,,0,0,,,
combustion chamber outlet mach number,,,un. 燃烧室出口马赫数,,,,,0,0,,,
combustion chamber pressure,,,燃烧室压强,,,,,0,0,,,
combustion chamber pressure loss,,,烧室压力损失,,,,,0,0,,,
combustion chamber pressure roughness,,,燃烧室压力不稳定度,,,,,0,0,,,
combustion chamber shape,,,烧室形状,,,,,0,0,,,
combustion chamber sheet,,,[动力] 燃烧室板,,,,,0,0,,,
combustion chamber space,,,烧室容积,,,,,0,0,,,
combustion chamber superheater,,,炉膛过热器,,,,,0,0,,,
combustion chamber surface area,,,烧室表面积,,,,,0,0,,,
combustion chamber volume,,,【机械工程】燃烧室容积,,,,,0,0,,,
combustion chambers,,,n. 燃烧室,,,,,0,0,,,
combustion characteristic,,,[建] 燃烧特性,,,,,0,0,,,
combustion characteristics,,,燃烧特性,,,,,0,0,,,
combustion chart,,,"燃烧图, 燃烧线图",,,,,0,0,,,
combustion chemistry,,,[化] 燃烧化学,,,,,0,0,,,
combustion completeness,,,完全燃烧,,,,,0,0,,,
combustion conditions,,,烧工况,,,,,0,0,,,
combustion constant,,,燃烧常数,,,,,0,0,,,
combustion control,,,[建] 燃烧过程的控制,,,,,0,0,,,
combustion control board,,,燃烧控制板,,,,,0,0,,,
combustion control equipment,,,[热] 燃烧控制设备,,,,,0,0,,,
combustion control instrument,,,烧控制仪,,,,,0,0,,,
combustion control panel,,,un. 燃烧调节板\n[网络] 燃烧控制板,,,,,0,0,,,
combustion control photoelectric relay,,,[网络] 燃烧控制光电继电器,,,,,0,0,,,
combustion control station,,,燃烧控制台,,,,,0,0,,,
combustion control system,,,烧控制系统,,,,,0,0,,,
combustion control systems,,,燃烧控制系统,,,,,0,0,,,
combustion controller,,,燃烧控制器,,,,,0,0,,,
combustion curve,,,[化] 燃烧曲线,,,,,0,0,,,
combustion cycle,,,燃烧循环,,,,,0,0,,,
combustion deposit,,,燃烧室积灰,,,,,0,0,,,
combustion device,,,燃烧设备,,,,,0,0,,,
combustion drive,,,[经] 火烧驱油,,,,,0,0,,,
combustion duration,,,[热] 燃烧持续期,,,,,0,0,,,
combustion dust,,,燃烧尘,,,,,0,0,,,
combustion effec tiveness,,,燃烧完全系数,,,,,0,0,,,
combustion efficiency,,,燃烧效率,,,,,0,0,,,
combustion engine,,,内燃机,,,,,0,0,,,
combustion engineering,,,燃烧工程,,,,,0,0,,,
Combustion Engineering Inc.,,,内燃机公司,,,,,0,0,,,
Combustion Engineering standard reactor,,,烧工程公司标准堆,,,,,0,0,,,
combustion engines,,, 内燃机,,,,,0,0,,,
combustion equipment,,,[建] 燃烧设备,,,,,0,0,,,
combustion equivalent,,,[医] 燃烧当量,,,,,0,0,,,
combustion expansion ratio,,,[建] 燃烧膨胀比,,,,,0,0,,,
combustion failure,,,[热] 燃烧故障,,,,,0,0,,,
combustion fan,,,燃烧用送风机,,,,,0,0,,,
combustion fired MHD generator,,,烧式磁流体[动力]发电机,,,,,0,0,,,
combustion fixed bed,,,炉篦加热,,,,,0,0,,,
combustion flame,,,燃烧火焰,,,,,0,0,,,
combustion flask,,,(鱼雷)燃烧室,,,,,0,0,,,
combustion flue,,,[化] 炉道; 烟道,,,,,0,0,,,
combustion flue gas apparatus,,,燃烧排气测定器,,,,,0,0,,,
combustion fluidised bed,,,流化床燃烧,,,,,0,0,,,
combustion fog generator,,,燃烧式烟雾机,,,,,0,0,,,
combustion fog machine,,,燃烧式烟雾机,,,,,0,0,,,
combustion front,,,燃烧面,,,,,0,0,,,
combustion fule gas apparatus,,,[机] 燃烧排气测定仪,,,,,0,0,,,
combustion furnace,,,[化] 焚烧炉,,,,,0,0,,,
combustion gas,,,[机] 燃烧气体,,,,,0,0,,,
combustion gas analyzer,,,炉气分析仪,,,,,0,0,,,
combustion gas duct,,,道,,,,,0,0,,,
combustion gas power plant,,,燃气动力厂,,,,,0,0,,,
combustion gas stream,,,un. 燃气流,,,,,0,0,,,
combustion gas turbine,kəmˈbʌstʃən ɡæs ˈtə:bin,,n. 燃气轮机,,,,,0,0,,,
combustion gas turbines,,,燃气涡轮发动机,,,,,0,0,,,
combustion gases,,,[建] 燃烧气体,,,,,0,0,,,
combustion hardware,,,烧设备,,,,,0,0,,,
combustion head,,,汽缸头,,,,,0,0,,,
combustion header,,,"燃烧室集气管,燃气收集器",,,,,0,0,,,
combustion heat,,,[化] 燃烧热,,,,,0,0,,,
combustion heat of,,,燃烧热,,,,,0,0,,,
combustion heater,,,燃气加热器,,,,,0,0,,,
combustion improver,,,[化] 助燃剂,,,,,0,0,,,
combustion in moving air,,,[建] 在流动的空气中燃烧,,,,,0,0,,,
combustion indicator,,,燃烧指示器,,,,,0,0,,,
combustion initiation,,,点火,,,,,0,0,,,
combustion initiator,,,引燃剂,,,,,0,0,,,
combustion instability,,,燃烧不稳定性,,,,,0,0,,,
combustion installation for kiln,,,窑用燃烧设备,,,,,0,0,,,
combustion intensity,,,[建] 燃烧强度,,,,,0,0,,,
combustion kinetics,,,燃烧动力学,,,,,0,0,,,
combustion knock,,,发动机爆震,,,,,0,0,,,
combustion lag,,,燃烧滞后,,,,,0,0,,,
combustion lagging period,,,滞燃期,,,,,0,0,,,
combustion lamp,,,燃烧灯,,,,,0,0,,,
combustion limit,,,燃烧限度,,,,,0,0,,,
combustion limits,,,[建] 燃烧极限,,,,,0,0,,,
combustion line,,,[建] 燃烧曲线,,,,,0,0,,,
combustion liner,,,"燃烧室耐火层,燃烧室衬套,蒸汽燃气发生器耐火层",,,,,0,0,,,
combustion loss,,,[机] 燃烧损耗,,,,,0,0,,,
combustion losses,,,烧损失,,,,,0,0,,,
combustion mechanism,,,燃烧机理,,,,,0,0,,,
combustion method,,,[建] 燃烧法,,,,,0,0,,,
combustion MHD generator,,,烧式磁流体发电机,,,,,0,0,,,
combustion mode,,,燃烧模式,,,,,0,0,,,
combustion model,,,究燃烧的模化设备,,,,,0,0,,,
combustion monitor,kəmˈbʌstʃən ˈmɔnitə,,n. 燃烧监测仪,,,,,0,0,,,
combustion motor,,,内燃机,,,,,0,0,,,
combustion noise,,,燃烧噪声,,,,,0,0,,,
combustion nozzle,,,烧嘴,,,,,0,0,,,
combustion nuclear,,,【气象学】燃烧核,,,,,0,0,,,
combustion nucleus,,,燃烧核,,,,,0,0,,,
combustion odor,,,燃臭,,,,,0,0,,,
combustion of gas and vapo(u)r,,,体燃烧,,,,,0,0,,,
combustion of oil insitu,,,就地燃烧,,,,,0,0,,,
combustion of wood,,,[木] 木材燃烧,,,,,0,0,,,
combustion oil in-situ,,,[经] 火烧油层,,,,,0,0,,,
combustion oscillation,,,[热] 燃烧振荡,,,,,0,0,,,
combustion parameter,,,燃烧参数,,,,,0,0,,,
combustion path,,,燃烧路径,,,,,0,0,,,
combustion pennisula,,,[化] 燃烧半岛,,,,,0,0,,,
combustion performance,,,燃烧性能,,,,,0,0,,,
combustion period,,,[建] 燃烧周期,,,,,0,0,,,
combustion phases,,,燃烧阶段,,,,,0,0,,,
combustion physics,,,燃烧物理,,,,,0,0,,,
combustion pipette,,,[建] 燃烧球管,,,,,0,0,,,
combustion plant,,,[网络] 燃烧车间；燃烧设施；燃烧装置,,,,,0,0,,,
combustion plasma,,,燃烧等离子体,,,,,0,0,,,
combustion pollution,,,燃烧污染,,,,,0,0,,,
combustion pot,,,燃气发生器,,,,,0,0,,,
combustion potential,,,燃烧势,,,,,0,0,,,
combustion pressure,,,[建] 燃烧压力,,,,,0,0,,,
combustion principle,,,[建] 燃烧原理,,,,,0,0,,,
combustion process,,,燃烧过程,,,,,0,0,,,
combustion process modeling,,,[热] 燃烧过程模化,,,,,0,0,,,
combustion process similarity,,,[热] 燃烧过程相似,,,,,0,0,,,
combustion processes,,,[建] 燃烧过程,,,,,0,0,,,
combustion product,,,燃烧产物,,,,,0,0,,,
combustion product detector,,,un. 燃烧产物探测器,,,,,0,0,,,
combustion product gas,,,燃烧废气,,,,,0,0,,,
combustion product gases,,,烧[产物]烟气,,,,,0,0,,,
combustion products,,,[建] 燃烧产品,,,,,0,0,,,
combustion property,,,烧特性，燃烧参数,,,,,0,0,,,
combustion quotient (cq),,,燃烧商,,,,,0,0,,,
combustion rate,,,[机] 燃烧率,,,,,0,0,,,
combustion rate coefficient,,,烧速度系数，燃烧率,,,,,0,0,,,
combustion ratio,,,[机] 燃烧比,,,,,0,0,,,
combustion reaction,,,燃烧反应,,,,,0,0,,,
combustion reaction of,,,燃烧反应,,,,,0,0,,,
combustion reactions,,,[建] 燃烧反应,,,,,0,0,,,
combustion reactor,,,燃烧反应器,,,,,0,0,,,
combustion recess,,,[网络] 燃烧槽,,,,,0,0,,,
combustion recorder,,,[建] 燃烧记录器,,,,,0,0,,,
combustion region,,,烧区,,,,,0,0,,,
combustion research,,,[建] 燃烧研究,,,,,0,0,,,
combustion residue,,,燃烧残余(灰分),,,,,0,0,,,
combustion ring,,,燃烧环,,,,,0,0,,,
combustion roughness,,,燃烧强度,,,,,0,0,,,
combustion science,,,[热] 燃烧科学,,,,,0,0,,,
combustion sensing device,,,[热] 燃烧传感装置,,,,,0,0,,,
combustion shaft,,,烧室,,,,,0,0,,,
combustion shock,,,烧震,,,,,0,0,,,
combustion simula tion criteria,,,燃烧模化准则,,,,,0,0,,,
combustion space,,,[建] 燃烧室容积,,,,,0,0,,,
combustion speed,,,燃烧速度,,,,,0,0,,,
combustion spiral,,,燃烧旋管,,,,,0,0,,,
combustion spoon,,,[医] 燃烧匙,,,,,0,0,,,
combustion stability,,,[建] 燃烧安定性,,,,,0,0,,,
combustion stability limit,,,稳定燃烧边界,,,,,0,0,,,
combustion stage,,,燃烧阶段,,,,,0,0,,,
combustion starter,,,燃烧起动器,,,,,0,0,,,
combustion stroke,,,燃烧冲程,,,,,0,0,,,
combustion supporting,,,助燃,,,,,0,0,,,
combustion supporting gas,,,un. 助燃气体,,,,,0,0,,,
combustion swirl,,,[动力] 燃烧涡流,,,,,0,0,,,
combustion synthesis,,,燃烧合成,,,,,0,0,,,
combustion system,,,燃烧系统,,,,,0,0,,,
combustion tap-off cycle,,,抽气循环,,,,,0,0,,,
combustion technology,,, [热] 燃烧技术,,,,,0,0,,,
combustion temperature,,,[机] 燃烧温度,,,,,0,0,,,
combustion test,,,燃烧试验,,,,,0,0,,,
combustion test vehicle,,,燃烧测试载具,,,,,0,0,,,
combustion tester,,,un. 燃烧试验器\n[网络] 燃烧分析仪；燃烧试验仪分析仪,,,,,0,0,,,
combustion theory,,,[建] 燃烧(学)说,,,,,0,0,,,
combustion time,,,"(发动机)工作时间,燃烧时间",,,,,0,0,,,
combustion time lag,,,燃烧时滞,,,,,0,0,,,
combustion train,,,[机] 燃烧装置,,,,,0,0,,,
combustion tube,,,[化] 燃烧管; 纵火筒; 发烟筒\n[医] 燃烧管,,,,,0,0,,,
combustion tube cooling,,,燃烧管冷却,,,,,0,0,,,
combustion tube furnace,,,[化] 燃烧管炉,,,,,0,0,,,
combustion turbine,,,"燃气轮机[透平,涡轮]",,,,,0,0,,,
combustion turbine starter,,,燃气涡轮起动装置,,,,,0,0,,,
combustion turbinestarter,,,燃气涡轮起动装置,,,,,0,0,,,
combustion type analyzer,,,燃烧式分析器,,,,,0,0,,,
combustion type deoxydizing machine,,,[食品] 燃烧脱氧机,,,,,0,0,,,
combustion unit,,,点火设备,,,,,0,0,,,
combustion unit of harmful gas,,,[环境] 有害气体燃烧装置,,,,,0,0,,,
combustion value,,,[化] 热值; 卡值,,,,,0,0,,,
combustion velocity,,,燃烧速度,,,,,0,0,,,
combustion vessel,,,"燃烧容器, 燃烧器",,,,,0,0,,,
combustion vibration,,,燃烧振动,,,,,0,0,,,
combustion volume,,,燃烧体积,,,,,0,0,,,
combustion wave,,,[机] 燃烧波,,,,,0,0,,,
combustion wind tunnel,,,[航] 燃烧风洞,,,,,0,0,,,
combustion zone,,,"[机] 燃烧带, 燃烧区",,,,,0,0,,,
combustion(of oil) in situ,,,[化] (油)就地燃烧,,,,,0,0,,,
combustion-chamber,,,n. 燃烧室\n[网络] 炉膛；火室；火箱,,,,,0,0,,,
combustion-chamber deposit,,,燃烧室积碳,,,,,0,0,,,
combustion-chamber shape,,,燃烧室形状,,,,,0,0,,,
combustion-chamber superheater,,,燃烧室过热器,,,,,0,0,,,
combustion-chamber volume,,,[网络] 燃烧室容积,,,,,0,0,,,
combustion-fired power plant,,,火力电厂,,,,,0,0,,,
combustion-gas stream,,,燃气流,,,,,0,0,,,
combustion-leach process,,,烧-浸取法,,,,,0,0,,,
combustion-supporting,,,助燃的,,,,,0,0,,,
combustion-supporting gas,,,[化] 助燃气体,,,,,0,0,,,
combustion-tube furnace,,,【冶金学】燃烧管炉,,,,,0,0,,,
combustionary,,,[网络] 助动车,,,,,0,0,,,
combustionchamber,,,n. 燃烧室,,,,,0,0,,,
combustions,,plural of combustion\nn. a process in which a substance reacts with oxygen to give heat and light\nn. a state of violent disturbance and excitement,"(combustion 的复数) n. 燃烧, 骚动\n[化] 燃烧",,,,,0,0,0:combustion/1:s,,
combustious,,,[网络] 燃烧,,,,,0,0,,,
combustive,kәm'bʌstiv,s supporting combustion,易［可］燃的,,,,,0,0,,,
combustor,kәm'bʌstә,,n. 燃烧室\n[机] 燃烧器,n:100,,,,0,30805,s:combustors,,
combustor box,,,[动力] 燃烧室机匣,,,,,0,0,,,
combustor liner,kəmˈbʌstə ˈlainə,, [计]燃烧炉衬,,,,,0,0,,,
combustor outer casing,,,燃烧室外壳,,,,,0,0,,,
combustor outlet temperature,,,燃烧室出口温度,,,,,0,0,,,
combustor test,,,燃烧室试验,,,,,0,0,,,
combustors,,,n. 【机】燃烧室\n[网络] 燃烧器；燃烧区,,,,,0,0,0:combustor/1:s,,
combusts,kəm'bʌst,v. cause to burn or combust\nv. start to burn or burst into flames\nv. get very angry and fly into a rage,vt. 燃烧；消耗\nn. 燃料,,,,,0,0,1:3/0:combust,,
combustuous,,,[网络] 燃烧,,,,,0,0,,,
combusture,,,[网络] 燃烧,,,,,0,0,,,
combwise,,,[网络] 梳理,,,,,0,0,,,
comby,'kәumi,,a. [地质]蜂巢状的,,,,,0,0,,,
comby lode,,,"梳状矿脉, 梳状矿",,,,,0,0,,,
Comby's sign,,,[医] 孔比氏征(早期麻疹颊龈粘膜白斑),,,,,0,0,,,
Comby-Filatov treatment,,,[医] 孔-费二氏疗法(大剂量砷剂治疗舞蹈病),,,,,0,0,,,
COMC,,,[=carboxymethylcellulose]羧甲基纤维素,,,,,0,0,,,
COMCAM,,,[网络] 蜂窝相机,,,,,0,0,,,
comcars,,,[网络] 旅馆,,,,,0,0,,,
comcast,,,n. 康卡斯特（美国最大的有线系统公司）,,,,,0,0,s:comcasts,,
comcasts,,,n. 康卡斯特（美国最大的有线系统公司）\n(comcast 的复数),,,,,0,0,0:comcast/1:s,,
COMCEN,,,通信中心,,,,,0,0,,,
comcentrate,,,精料；浓厚饲料；浓缩物,,,,,0,0,,,
comcept of leaf class,,,叶类说,,,,,0,0,,,
COMCHECK,,,[计] Netware通信验证命令,,,,,0,0,,,
COMCM,,,abbr. Communications Countermeasures 通信干扰措施,,,,,0,0,,,
Comcomly,,,[网络] 不一样,,,,,0,0,,,
Comcommisterone,,,蓝耳草甾酮,,,,,0,0,,,
comcon,,,abbr. combat control 战斗控制,,,,,0,0,s:comcons,,
comcons,,,abbr. combat control 战斗控制\n(comcon 的复数),,,,,0,0,0:comcon/1:s,,
COMCVW,,,航舰航空联队联队长,,,,,0,0,,,
comd,'kəmd,,abbr. command 命令; 掌握; 司令部; 指挥,,,,,0,0,s:comds,,
comd.,,,abbr. command;commander;commanding,,,,,0,0,,,
comden,,, [人名] 科姆登,,,,,0,0,,,
comdex,,,abbr. 计算机分销商展览（Computer Distributor Exph）,,,,,31477,0,s:comdexes,,
comdexes,,,abbr. 计算机分销商展览（Computer Distributor Exph）\n(comdex 的复数),,,,,0,0,0:comdex/1:s,,
comdg,,,"abbr. commanding 指挥的, 居高临下的, 发号施令的",,,,,0,0,,,
comdg.,,,abbr. commanding,,,,,0,0,,,
comdial,,,[网络] 卷轴控制控件,,,,,0,0,,,
comdisco,,,[网络] 计算机数字产品；电脑资料服务；计算机数据服务,,,,,0,0,s:comdiscoes,,
comdiscoes,,,[网络] 计算机数字产品；电脑资料服务；计算机数据服务\n(comdisco 的复数),,,,,0,0,0:comdisco/1:s,,
comdomer,kəm'dəumə,,n. 爱用避孕套(或阴茎套)的人,,,,,0,0,,,
comdr,,,"abbr. Commander 司令官, 指挥官",,,,,0,0,,,
Comdr.,,,abbr. Commander [亦作comdr.],,,,,0,0,,,
COMDRARGP,,,[=commander air rescue group]航空救护大队长,,,,,0,0,,,
COMDRARSQ,,,[=commader air rescue squadron]航空救护中队,,,,,0,0,,,
comds,,,Comd.\nabbr.\nCommander [亦作comd.]\ncomd.\nabbr.\ncommand;commander;commanding,,,,,0,0,0:comd/1:s,,
comdt,,,abbr. Commandant 司令官,,,,,0,0,,,
Comdt.,,,abbr. Commandant [亦作comdt.],,,,,0,0,,,
comduplicate,,,折合状,,,,,0,0,,,
come,kʌm,"v. move toward, travel toward something or somebody or approach something or somebody\nv. come to pass; arrive, as in due course\nv. reach or enter a state, relation, condition, use, or position\nv. to be the product or result","vi. 过来, 来, 到达, 出现, 开始\ninterj. 喂",v:100,5,1,zk gk ielts,65,70,p:came/i:coming/3:comes/d:come/s:comes,,
come ... to light,,,na. 显露\n[网络] 真相大白；为人所知；出现,,,,,0,0,,,
come a cropper,,,"猛摔一交, 遭到惨败",,,,,0,0,,,
come a gutser,,,重重地摔了一跤；遭遇惨败；犯大错；[俚语](飞机)坠毁,,,,,0,0,,,
come a howler,,,遭到失败,,,,,0,0,,,
come a long way,,,"远道而来;取得进展,明显好转",,,,,0,0,,,
come a mucker,,,"重重跌倒, 遭到不幸",,,,,0,0,,,
come a purler,,,"头朝下落下, 倒栽葱跌下",,,,,0,0,,,
come a smasher,,,"摔跟头, 受到重大挫折",,,,,0,0,,,
come a stinker,,,猛摔一跤；栽大跟头,,,,,0,0,,,
come aboard,,,[美国口语]加入；入伙,,,,,0,0,,,
come about,,,"发生, 改变方向",,,,,0,0,,,
come across,,,偶遇,,,,,0,0,,,
come across as,,,给人的印象是……；看上去好像是……,,,,,0,0,,,
come across sb's mind,,,忽然想到,,,,,0,0,,,
come across sth,,,[网络] 遇到了,,,,,0,0,,,
come across with,,,偿付,,,,,0,0,,,
come adrift,,,(船等)随波逐流;脱节;离题,,,,,0,0,,,
come afoul of,,,与…纠缠，为…所纠缠；与…发生麻烦(或纠葛)；与…相抵触；同…发生冲突；【航海学】(船只)与…相撞；被…缠绕；陷于…之难中,,,,,0,0,,,
come after,,,跟在...后面,,,,,0,0,,,
come after sb,,,[网络] 追随；追赶；追逐某人,,,,,0,0,,,
come again,,,请再说一遍,,,,,0,0,,,
come again?,,,"[俚语]再说一遍, 我也许听错了。",,,,,0,0,,,
come alive,,,"活跃, 看上去象真的",,,,,0,0,,,
come all the way,,,[网络] 专程造访；远道而来；大老远跑来,,,,,0,0,,,
come all the way from,,,[网络] 远道而来,,,,,0,0,,,
come aloft,,,[网络] 来到高处,,,,,0,0,,,
come along,,,v. 出现；一起来；陪伴；进步,,,,,0,0,,,
come along for the ride,,,[网络] 我们一路；凑热闹,,,,,0,0,,,
come along with,,,随同,,,,,0,0,,,
come along!,,,na. 进步；同意；一道来；请过来\n[网络] 出现；进展；快点,,,,,0,0,,,
come alongside,kʌm əˈlɔŋˈsaid,, [体]取齐,,,,,0,0,,,
come amiss,,,"不称心,有妨碍",,,,,0,0,,,
come an accord,,,达成一致,,,,,0,0,,,
come and,,,[网络] 谓语动词；中的谓语动词,,,,,0,0,,,
come and get it,,,〈美口〉(饭预备好了)请过来吃吧！,,,,,0,0,,,
Come and get it!,,,[口语]饭准备好了，来吃吧!,,,,,0,0,,,
come and go,,,来来往往,,,,,0,0,,,
come and go upon,,,"信赖,信任;有行动自由",,,,,0,0,,,
come and gone,,,[网络] 失望来来去去,,,,,0,0,,,
come and have a pickle,,,请来吃便饭,,,,,0,0,,,
Come and have potluck with us.,,,到我们家来吃便饭。[请客的客气用语],,,,,0,0,,,
come and see,,, [电影]自己去看,,,,,0,0,,,
Come and take potluck with us.,,,到我们家来吃便饭。[请客的客气用语],,,,,0,0,,,
come apart,,,"分开, 分裂",,,,,0,0,,,
come apart at the seam,,,v. 前功尽弃,,,,,0,0,,,
come apart at the seams,,,"神经错乱,发疯",,,,,0,0,,,
come around,,,"来, 前来, 过访, 顺便来访, 笼络, 诱骗",,,,,0,0,,,
come around to,,,"转而接受,重新着手…",,,,,0,0,,,
come around/round,,,来，到来；拜访，访问；改变看法，回心转意；恢复知觉；恢复健康,,,,,0,0,,,
come arrive at an agreement,,,达成协议；取得一致意见,,,,,0,0,,,
come as,,,[网络] 以……身份来到这里；这个人看起来,,,,,0,0,,,
come as a shock,,,造成冲击\n令人震惊\n大吃一惊,,,,,0,0,,,
come as a surprise,,,出人意料,,,,,0,0,,,
come as a surprise to,,,令…感到吃惊,,,,,0,0,,,
come as news to,,,=be news to,,,,,0,0,,,
come as no surprise,,,不足为奇\n意料之中,,,,,0,0,,,
come as no surprise to,,,不令…感到吃惊,,,,,0,0,,,
come as you are,,,[网络] 保持本色；后会有期；你就这样地来吧,,,,,0,0,,,
come ashore,,,v. 登陆,,,,,0,0,,,
come at,,,"袭击, 达到, 得到",,,,,0,0,,,
come at a price,,,[网络] 有价,,,,,0,0,,,
come at me,,,攻击我\n冲着我来,,,,,0,0,,,
come at sb,,,[网络] 攻击某人,,,,,0,0,,,
come at someone,,,[网络] 来到某人,,,,,0,0,,,
come at the truth,,,"弄明白, 弄清楚",,,,,0,0,,,
come at us,,,[网络] 固定搭配,,,,,0,0,,,
come attain to perfection,,,成熟；圆熟,,,,,0,0,,,
come away,,,脱开,,,,,0,0,,,
come away empty,,,空手而归,,,,,0,0,,,
come away from,,,离开,,,,,0,0,,,
come away none the wiser,,,结果还是一点也不明白而归,,,,,0,0,,,
come away with,,,na. 发表；讲出；泄露(秘密)；展出\n[网络] 带着…离开,,,,,0,0,,,
come away with me,,, 远走高飞（歌曲名称）,,,,,0,0,,,
Come aweigh!,,,un. 快要离开水底\n[网络] 将离开水底,,,,,0,0,,,
come back,,,"回来, 在记忆中重现, 复辟, 恢复, 回签",,,,,0,0,,,
come back again like a bad halfpenny,,,不要它偏又回来；挥去复来；又来纠缠，又回来拖累人,,,,,0,0,,,
come back again like a bad penny,,,"不要它偏又回来,挥去复来",,,,,0,0,,,
come back again like a bad shilling,,,不要它偏又回来；挥去复来；又来纠缠，又回来拖累人,,,,,0,0,,,
come back again like a half penny,,,"不要它偏又回来,挥去复来",,,,,0,0,,,
come back again like a shilling,,,"不要它偏又回来,挥去复来",,,,,0,0,,,
come back down to earth,,,[网络] 回到地面,,,,,0,0,,,
come back from,,,回来,,,,,0,0,,,
come back from the dead,,,[网络] 从死里复活,,,,,0,0,,,
come back home,,,v. 回家,,,,,0,0,,,
come back to,,,[网络] 回到；返回到；回来到,,,,,0,0,,,
come back to bite sb,,,[网络] 回来咬sb,,,,,0,0,,,
come back to earth,,,回到现实,,,,,0,0,,,
come back to life,kʌm bæk tu: laif,, 苏醒过来，复活; 死而复生,,,,,0,0,,,
come back to life again,,,复活,,,,,0,0,,,
come back to me,,, 回到我身边（歌名）,,,,,0,0,,,
come back to sb,,,[网络] 回到sb,,,,,0,0,,,
come back to something,,,[网络] 过一会儿再谈某事,,,,,0,0,,,
come back to the fold,,,重返教会，恢复信仰；重新回到原组织,,,,,0,0,,,
come back Tuesday,,,【戏剧】周二再来(导演或老板对落聘演员或工作人员的推托之词),,,,,0,0,,,
come back with,,,和……一起回来,,,,,0,0,,,
come before,,,"发生于...之前, 在...之上",,,,,0,0,,,
come between,,,"在...中间, 离间",,,,,0,0,,,
come between sb,,,[网络] 是产生融合,,,,,0,0,,,
come between someone,,,[网络] 损害两人的关系,,,,,0,0,,,
come between sth,,,[网络] 来到sth之间,,,,,0,0,,,
come between the bark and the tree,,,"多管闲事,瞎掺和",,,,,0,0,,,
come bottom,,, 最后一名,,,,,0,0,,,
come bounce against...,,,跟...砰地相撞,,,,,0,0,,,
come bounce into,,,与…砰地相撞,,,,,0,0,,,
come butt against,,,和…对面相撞,,,,,0,0,,,
come by,,,"从旁边走过, 得到",,,,,0,0,,,
Come by Chance,,,[地名] 卡姆拜钱斯 ( 澳 ),,,,,0,0,,,
come by honestly,,,vi. 继承,,,,,0,0,,,
come by something,,,[网络] 来的东西,,,,,0,0,,,
come by sth,,,"得到, 获得",,,,,0,0,,,
come Captain Stiff over,,,[罕用语]用生硬(或傲慢)态度对待,,,,,0,0,,,
come Captain Stiff over someone,,,对某人采取傲慢的态度,,,,,0,0,,,
come cheap,,,便宜,,,,,0,0,,,
come clean,,,全盘招供,,,,,0,0,,,
come close,kʌm kləuz,," 几乎要, 差一点做",,,,,0,0,,,
come close to,,,接近,,,,,0,0,,,
come close to blows,,,[网络] 接近打击,,,,,0,0,,,
come closer,kʌm ˈkləuzə,, [体]向内靠拢,,,,,0,0,,,
come come,,,[网络] 来来来；六中吧，活起来；谁笑过,,,,,0,0,,,
come correct,,,[网络] 来正确,,,,,0,0,,,
come crashing down,,,[网络] 直到最后；轰然倒下；直到崩溃来临,,,,,0,0,,,
come crowding in,,,一拥而入,,,,,0,0,,,
come dancing,,,[网络] 来跳舞吧；大家来跳舞；一起来跳舞,,,,,0,0,,,
come descend on the rigth side of the fence,,,倒向胜利者的一方，附和胜利的一方,,,,,0,0,,,
come down,,,"下来, 下跌, 落泊, 流传下来, 捐钱, 反对",,,,,0,0,,,
come down a peg,,,"降格,受到屈辱,丢面子",,,,,0,0,,,
come down a peg or two,,,[口语]受屈辱，丢面子；降低一格,,,,,0,0,,,
come down from,,,从……下来,,,,,0,0,,,
come down handsome,,,慷概解囊[资助],,,,,0,0,,,
come down handsomely,,,〈俗〉慷慨解囊,,,,,0,0,,,
come down hard on,,,"向…索取(钱等);申斥,严厉惩罚;强烈反对",,,,,0,0,,,
come down hard on sb,,,[网络] 严厉斥骂,,,,,0,0,,,
come down hard upon,,,"向…索取(钱等);申斥,严厉惩罚;强烈反对",,,,,0,0,,,
come down heavy on sb,,,向某人猛烈袭击,,,,,0,0,,,
come down in favor of,,,vt.决定支持,,,,,0,0,,,
come down in favour of,,,vt. 决定支持,,,,,0,0,,,
come down in sheets,,,(大雨)倾盆而下,,,,,0,0,,,
come down in the favour of,,,"站在…一边,决定支持",,,,,0,0,,,
come down in the world,,,落泊,,,,,0,0,,,
come down like a cartload of bricks,,,"大骂(某人),怒责",,,,,0,0,,,
come down off one's high horse,,,放下架子；不再生气,,,,,0,0,,,
come down on,,,"惩罚, 索取",,,,,0,0,,,
come down on one side of the fence or the other,,,支持两方中的一方，不骑墙,,,,,0,0,,,
come down on one side or the other of the fence,,,v. 支持两方的一方,,,,,0,0,,,
come down on sb like a load of brick,,,气势汹汹地责骂;狠狠地惩罚,,,,,0,0,,,
come down on sb like a ton of bricks,,,[网络] 对某人发脾气；来势汹汹向某人发泄怒气,,,,,0,0,,,
come down on someone,,,[网络] 责备；批评；责骂,,,,,0,0,,,
come down on someone like a hundred of bricks,,,[口语]严厉谴责(或处罚)某人,,,,,0,0,,,
come down on someone like a load of bricks,,,[口语]严厉谴责(或处罚)某人,,,,,0,0,,,
come down on someone like a thousand of bricks,,,[口语]严厉谴责(或处罚)某人,,,,,0,0,,,
come down on someone like a ton of bricks,,,[口语]严厉谴责(或处罚)某人；严斥某人；严惩某人；对某人发泄愤怒,,,,,0,0,,,
come down on the other side of fence,,,"站在反对派的一方,站在另外一方",,,,,0,0,,,
come down on the right of the hedge,,,打对了主意,,,,,0,0,,,
come down on the right side of fence,,,支持胜利的一方,,,,,0,0,,,
come down on the right side of the fence,,,v. 附和胜利的一方,,,,,0,0,,,
come down on the rightside of the fence,,,倒向[附和]胜利的一方,,,,,0,0,,,
come down on the rigth side of the fence,,,倒向胜利者的一方，附和胜利的一方,,,,,0,0,,,
come down on the side of,,,"站在…一边,决定支持",,,,,0,0,,,
come down on the wrong side of the hedge,,,判断失误，打错了主意,,,,,0,0,,,
come down on/upon,,,斥责；抨击；惩罚；要求…赔偿、偿还等,,,,,0,0,,,
come down plump,,,"倒下,颓然坐下,沉重地躺下",,,,,0,0,,,
come down the line,,,[网络] 给某人留个条,,,,,0,0,,,
come down the pike,kʌm daun ðə paik,,（北美）出现，露面,,,,,0,0,,,
come down to,,,"流传下来;压缩为,归结为,简化为",,,,,0,0,,,
come down to bedrock,,,穷根究底;弄清事情的底细,,,,,0,0,,,
come down to brass tacks,,,"讨论重要问题,触及问题实质",,,,,0,0,,,
come down to cases,,,[美国口语]开始做要紧的事；开始谈正经事，开始讨论实质性问题,,,,,0,0,,,
come down to earth,,,"脚踏实地,实事求是",,,,,0,0,,,
come down to something,,,[网络] 下来一些东西,,,,,0,0,,,
come down to sth,,,"被降到.., 归结为...",,,,,0,0,,,
come down upon,,,"处罚,批评",,,,,0,0,,,
come down upon someone like a hundred of bricks,,,[口语]严厉谴责(或处罚)某人,,,,,0,0,,,
come down upon someone like a load of bricks,,,[口语]严厉谴责(或处罚)某人,,,,,0,0,,,
come down upon someone like a thousand of bricks,,,[口语]严厉谴责(或处罚)某人,,,,,0,0,,,
come down upon someone like a ton of bricks,,,[口语]严厉谴责(或处罚)某人；严斥某人；严惩某人；对某人发泄愤怒,,,,,0,0,,,
come down with,,,"被传染上,因…而病倒",,,,,0,0,,,
come down with something,,,[网络] 生病,,,,,0,0,,,
come down with sth,,,感染上...,,,,,0,0,,,
come downs,,,下来，降落；流传下来；倒塌；落魄，失势,,,,,0,0,,,
come due,,,(票据)到期，期满(应偿付、付给、举行等)，支付日期到了,,,,,0,0,,,
come easily,,,容易,,,,,0,0,,,
come easy,,,轻而易举\n变得容易,,,,,0,0,,,
come easy to,,,对…是轻而易举的,,,,,0,0,,,
come enter one's head,,,被想到，出现在脑海,,,,,0,0,,,
come enter the world,,,出生，出世，诞生；(书籍等)问世；出版，(文章等)发表,,,,,0,0,,,
come face to face with,,,[网络] 处于面对面的状态,,,,,0,0,,,
come face to face with someone,,,与某人面对面相遇;与某人碰头[亦作 meet someone face to face],,,,,0,0,,,
come first,,, 名列第一；最早来；首先要考虑到的,,,,,0,0,,,
come flooding back,,,潮水般涌来（flooding是flood的现在分词）\n涌入脑海（flooding是flood的现在分词）,,,,,0,0,,,
come for,,,"来接, 来取",,,,,0,0,,,
come forth,,,"出来, 涌现, 被公布",,,,,0,0,,,
come forth with,,,涌出\n呈现,,,,,0,0,,,
come forward,,,"站出来, 自告奋勇, 主动响应",,,,,0,0,,,
come forward with,kʌm ˈfɔ:wəd wið,, 破门而出,,,,,0,0,,,
come from,,,"来自, 出生于",,,,,0,0,,,
come from behind,,,[网络] 从后面；后来居上；从后面追上,,,,,0,0,,,
come from hiding,,,从躲藏处出来,,,,,0,0,,,
come from Missouri,,,[美国口语]不轻信，不易受骗，不见事实绝不相信!,,,,,0,0,,,
come from sth,,,"来自, 源于",,,,,0,0,,,
come from the heart,,,[网络] 发自内心的；开始,,,,,0,0,,,
come from the shoulder,,,〈美〉直截了当,,,,,0,0,,,
come full butt against,,,和…对面相撞,,,,,0,0,,,
come full circle,,,兜了个圈回到原地,,,,,0,0,,,
come get to bedrock,,,[美国英语]；(经济上)山穷水尽；弄个水落石出；寻根究底,,,,,0,0,,,
come go up in the world,,,飞黄腾达，发迹；露头角,,,,,0,0,,,
come good,,,[澳大利亚口语](尤指遭受挫折后)获得成功,,,,,0,0,,,
come hat in hand,,,[网络] 持帽而来；乞求施舍；先发制人,,,,,0,0,,,
come have to one's bosom,,,感人肺腑,,,,,0,0,,,
come hell and high water,,,[口语]不论有什么困难，无论如何,,,,,0,0,,,
come hell or high water,kʌm hel ɔ: hai ˈwɔ:tə,, 不论有什么困难,,,,,0,0,,,
come here,,,v. 来这里,,,,,0,0,,,
come high,,,售价高,,,,,0,0,,,
come hither,,,n. 诱惑；来来\nadj. 迷人的\n[网络] 到这儿来；过来；到这边来,,,,,0,0,,,
come home,,,回家,,,,,0,0,,,
come home anchor,,,[网络] 将锚拖进,,,,,0,0,,,
come home by the weeping cross,,,遭受挫折,,,,,0,0,,,
come home by weeping cross,,,后悔；大失所望，遭受失败；抱憾,,,,,0,0,,,
come home shorn,,,输得精光回来,,,,,0,0,,,
come home to,,,"使感动,使留下深刻印象;使理解,使领会",,,,,0,0,,,
come home to roost,,,得到恶报,,,,,0,0,,,
come home to sb,,,"打入某人的心中, 被某人所理解",,,,,0,0,,,
come home to someone's heart,,,令某人深深感动(或深有体会),,,,,0,0,,,
come home with the milk,,,[英国口语、戏谑语]在送奶人清晨送奶时回家；(深夜未归)清晨才回家，在外面玩了一通宵后天亮才回家,,,,,0,0,,,
come hot on sb's heels,,,紧接某人而来,,,,,0,0,,,
come hrough,,,经历…仍活着,,,,,0,0,,,
come in,,,"进来, 到达, 流行起来, 当选, 到手\n[建] 利润",,,,,0,0,,,
come in a tempest,,,"暴风雨般袭来,潮水般涌来",,,,,0,0,,,
come in all shapes and sizes,,,许多不同的种类,,,,,0,0,,,
come in and make yourself at home,,,[网络] 请进，别客气；请进，别客户；请进，把这里当做自己家,,,,,0,0,,,
come in at the hawsehole,,,从普通水手做起;水兵出身,,,,,0,0,,,
come in contact with,,, 接触,,,,,0,0,,,
come in first,,,获第一名,,,,,0,0,,,
come in flocks,,,成群涌来,,,,,0,0,,,
come in for,,,"遭到, 受到",,,,,0,0,,,
come in for a share,,,"得到分配,分得一份",,,,,0,0,,,
come in for criticism,,,[网络] 挨批评,,,,,0,0,,,
come in for something,,,[网络] 进来的东西,,,,,0,0,,,
come in for sth,,,"接受, 受到, 遭到(责备)",,,,,0,0,,,
come in from,,,v. 进来,,,,,0,0,,,
come in from the cold,,,"摆脱孤立,不再受冷落",,,,,0,0,,,
come in handy,,,派得上用场,,,,,0,0,,,
come in its turn,,,vi. 循序而来(轮流),,,,,0,0,,,
come in nowhere,,,"差得太远,没有取胜的机会",,,,,0,0,,,
come in on,,,"参加,加入",,,,,0,0,,,
come in on sth,,,"参加, 加入",,,,,0,0,,,
come in on the ground floor,,,从一开始就参加,,,,,0,0,,,
come in pat,,,及时说；应声说,,,,,0,0,,,
come in peace,,,[网络] 为了和平而来；为了和平而来·矿山洞穴；平安地来,,,,,0,0,,,
come in second,,,na. (赛跑时)跑得第二\n[网络] 居第二位,,,,,0,0,,,
come in showers,,,"雪片般传来,雨点般打来,纷至沓来",,,,,0,0,,,
come in sight,,,"进入视野之内,出现",,,,,0,0,,,
come in sight of,,,看见,,,,,0,0,,,
come in someone's way,,,落到某人面前，可以被某人利用；与某人不期而遇；为某人经历过，在生活中见到过；为某人所擅长，为某人能力所及[亦作 fall in 或 lie in someone's way],,,,,0,0,,,
come in through the hawsehole,,,从普通水手做起;水兵出身,,,,,0,0,,,
come in to contact with,,,vt. 接触(接触到),,,,,0,0,,,
come in upon,,,"参加,参与",,,,,0,0,,,
come in useful,,,"可能有用,早晚会派上用场",,,,,0,0,,,
come in view,,,vi. 进入视界内(看得见),,,,,0,0,,,
come in view of,,,看尽,,,,,0,0,,,
come in when it rains,,,"避开不愉快的事;有心眼,知道保护自己",,,,,0,0,,,
come in with,,,"参加,加入",,,,,0,0,,,
come in!,,,na. 进入；当选；上台；(党派)组阁\n[网络] 进来；请进；流行起来,,,,,0,0,,,
come into,,,"得到, 继承\n[法] 继承",,,,,0,0,,,
come into ... money,,,[网络] 表示继承了这笔钱,,,,,0,0,,,
come into ... notice,,,[网络] 引起注意；受到注意,,,,,0,0,,,
come into ... possession,,,v. 获得；占有,,,,,0,0,,,
come into a fortune,,,继承到一笔财产,,,,,0,0,,,
come into action,,,投入战斗,,,,,0,0,,,
come into antagonism with,,,"与…闹翻,开始与…对抗",,,,,0,0,,,
come into being,,,"形成, 产生",,,,,0,0,,,
come into bloom,,,"开花,盛开",,,,,0,0,,,
come into blossom,,,开始开花,,,,,0,0,,,
come into bud,,,发芽,,,,,0,0,,,
come into collision,,,(与…)相撞;(同…)冲突起来[亦作be in collision (with)],,,,,0,0,,,
come into collision with,,,"相撞, 冲突",,,,,0,0,,,
come into commission,,,参加服役,,,,,0,0,,,
come into conflict,,,发生冲突\n发生争执,,,,,0,0,,,
come into conflict with,,,和…冲突,,,,,0,0,,,
come into contact,,,与…联系；触及…；遇到…,,,,,0,0,,,
come into contact with,,,接触到,,,,,0,0,,,
come into disfavor,,,失宠;失众望,,,,,0,0,,,
come into disfavor with,,,失宠;失众望,,,,,0,0,,,
come into disfavour,,,失宠；失众望，不受爱戴，不受欢迎；失宠；失众望，不受爱戴，不受欢迎,,,,,0,0,,,
come into disfavour with,,,失宠;失众望,,,,,0,0,,,
come into disgrace,,,丧失体面，蒙受耻辱，失宠于，失去…的欢心，失众望,,,,,0,0,,,
come into disgrace with,,,丧失体面，蒙受耻辱，失宠于，失去…的欢心，失众望,,,,,0,0,,,
come into dissfavour,,,失宠;失众望,,,,,0,0,,,
come into disuse,,,"不用,废弃",,,,,0,0,,,
come into ears,,,抽穗,,,,,0,0,,,
come into effect,,,开始生效\n[法] 生效,,,,,0,0,,,
come into existence,,,"开始存在, 成立",,,,,0,0,,,
come into fashion,,,开始风行,,,,,0,0,,,
come into favor,,,"帮人的忙,为某人做好事",,,,,0,0,,,
come into favour,,,"帮人的忙,为某人做好事",,,,,0,0,,,
come into flower,,,开花,,,,,0,0,,,
come into focus,,,"进入焦点,突出,显着,变得明朗",,,,,0,0,,,
come into force,,,"开始有效, 开始实施\n[法] 生效",,,,,0,0,,,
come into full play,,,开始充分起作用,,,,,0,0,,,
come into her own,,,vi. 得到自己名分应得的东西(进入全盛时期),,,,,0,0,,,
come into his own,,,vi. 得到自己名分应得的东西(进入全盛时期),,,,,0,0,,,
come into it,,,[网络] 有关系吗,,,,,0,0,,,
come into its own,,,[网络] 末叶时才逐步获得重视；生态旅游逐渐有其自主性,,,,,0,0,,,
come into kindness,,,"帮人的忙,为某人做好事",,,,,0,0,,,
come into leaf,,,"长出叶子,发叶",,,,,0,0,,,
come into leaves,,,(植物)长叶;发芽[亦作 put forth leaves],,,,,0,0,,,
come into line,,,"排齐, 取得一致",,,,,0,0,,,
come into line with,,,"採取与…一致的意见,与…符合",,,,,0,0,,,
come into mind,,,想起\n涌上心头,,,,,0,0,,,
come into money,,,[网络] 表示继承了这笔钱,,,,,0,0,,,
come into my own,,,[网络] 找到自我,,,,,0,0,,,
come into notice,,,引起注意,,,,,0,0,,,
come into office,,,就职,,,,,0,0,,,
come into one's head,,,被想到，出现在脑海,,,,,0,0,,,
come into one's kingdom,,,飞黄腾达,,,,,0,0,,,
come into one's kings,,,[俚语]；(因继承财产而)成为大富翁；获得很高的权势(或地位)；飞黄腾达,,,,,0,0,,,
come into one's mind,,,"想起,触念",,,,,0,0,,,
come into one's money,,,继承遗产,,,,,0,0,,,
come into one's own,,,"得到自己该得的东西, 盛行起来\n[法] 得到自己应得的东西, 继承",,,,,0,0,,,
come into operation,,,[法] 开始实施,,,,,0,0,,,
come into our own,,,vi. 得到自己名分应得的东西(进入全盛时期),,,,,0,0,,,
come into play,,,开始活动,,,,,0,0,,,
come into possession,,,获得\n占有,,,,,0,0,,,
come into possession of,,,"获得,弄到,佔有…",,,,,0,0,,,
come into possession of something,,,获得某物，占有(或拥有)某物,,,,,0,0,,,
come into possession of sth,,,"占有某物, 获得某物",,,,,0,0,,,
come into possession of sth.,,,[法] 获得某物,,,,,0,0,,,
come into power,,,"执政, 掌权\n[法] 执政, 当权, 上台",,,,,0,0,,,
come into prominence,,,"出名,开始显赫一时",,,,,0,0,,,
come into question,,,被讨论,,,,,0,0,,,
come into request,,,"变得为人们所需要,显得缺乏",,,,,0,0,,,
come into sb's possession,,,被某人占有,,,,,0,0,,,
come into sb.'s possession,,,v. 被某人占有,,,,,0,0,,,
come into season,,,"上市,到成熟季节",,,,,0,0,,,
come into service,,,"开始被使用,投入使用",,,,,0,0,,,
come into sight,,,进入视野；出现,,,,,0,0,,,
come into someone's hands,,,到手，收到,,,,,0,0,,,
come into someone's mind,,,出现在某人的脑海里,,,,,0,0,,,
come into someone's notice,,,引起某人的注意；被某人看到(或知道),,,,,0,0,,,
come into someone's possession,,,(某物)被某人占有，到某人手里(通常是暂时的或非法的),,,,,0,0,,,
come into something,,,[网络] 进来的东西,,,,,0,0,,,
come into step,,,vi. 达到同步(达到步调一致),,,,,0,0,,,
come into sth,,,"进入, 得到, 继承",,,,,0,0,,,
come into style,,,"流行开来,时髦起来",,,,,0,0,,,
come into the market,,,上市,,,,,0,0,,,
come into the open,,,公开说出,,,,,0,0,,,
come into the picture,,,"成为基本部分, 被牵连进去",,,,,0,0,,,
come into the world,,,出生,,,,,0,0,,,
come into their own,,,（在某一特殊情况下）显示出用处（重要性）\n显出本色,,,,,0,0,,,
come into use,,,开始被使用,,,,,0,0,,,
come into view,,,进入视野,,,,,0,0,,,
come into vogue,,,开始流行,,,,,0,0,,,
come into want,,,变成贫穷，陷入贫困状况,,,,,0,0,,,
come into wear,,,"流行开来,成为流行式样",,,,,0,0,,,
come into your own,,,[网络] 充分施展才能,,,,,0,0,,,
come intogo operation,,,"[经] 开始工作, 开始运转, 施行",,,,,0,0,,,
come it,,,"成功,达到目的",,,,,0,0,,,
come it over,,,"趾高气扬,自以为高人一等",,,,,0,0,,,
come it strong,,,"做得过分, 过于夸大",,,,,0,0,,,
come lash down,,,雨下得很大,,,,,0,0,,,
come last,,,最后来,,,,,0,0,,,
come let us be joyful,,,三人圆环舞(德国、瑞士),,,,,0,0,,,
come like a dog at a whistle,,,一呼即来,,,,,0,0,,,
come loose,,,松掉,,,,,0,0,,,
come low,,,"低廉,便宜;跌价",,,,,0,0,,,
come make an agreement,,,达成协议；取得一致意见,,,,,0,0,,,
come missing,,,[美国口语]不在；缺席；不露面；不知去向；失踪,,,,,0,0,,,
come natural to,,,v. 不费事达到,,,,,0,0,,,
come natural to sb,,,对某人来说是天经地义的;对某人来说是轻而易举的,,,,,0,0,,,
come natural to sb.,,,对某人来说是很自然的事,,,,,0,0,,,
come natural to someone,,,对某人来说是很自然的事,,,,,0,0,,,
come naturally,,,[网络] 自然地来,,,,,0,0,,,
come naturally to,,,对 ... 来说很容易,,,,,0,0,,,
come near,,,"几乎, 险些",,,,,0,0,,,
come near doing,,,几乎,,,,,0,0,,,
come near doing sth,,,"几乎,差点就做某事了",,,,,0,0,,,
come near to,,,接近,,,,,0,0,,,
come new to,,,对…来说不熟悉,,,,,0,0,,,
come next,,,"继而是,随着,跟着",,,,,0,0,,,
come of,,,"出身于, 由...引起",,,,,0,0,,,
come of age,,,"到法定年龄\n[法] 成年, 达到法定年龄",,,,,0,0,,,
come of good kin,,,出身名门望族,,,,,0,0,,,
come of scot free,,,逍遥法外，未受惩罚,,,,,0,0,,,
come of scot scot-free,,,逍遥法外，未受惩罚,,,,,0,0,,,
come of sth,,,"出身于, 由...引起, 是...的结果",,,,,0,0,,,
come off,,,"发生, 举行, 表现, 结果",,,,,0,0,,,
come off a gainer,,,[经] 赚钱,,,,,0,0,,,
come off a loser,,,"损失,亏损;输;失败",,,,,0,0,,,
come off as,kʌm ɔf æz,, 带给别人什么样的印象\\、感觉（后面跟一个形容词）,,,,,0,0,,,
come off cheap,,,占了便宜,,,,,0,0,,,
come off crabs,,,终于失败,,,,,0,0,,,
come off duty,,,[网络] 下班；放工,,,,,0,0,,,
come off guard,,,离防;下防,,,,,0,0,,,
come off high horse,,,"放下架子,不再骄傲自大",,,,,0,0,,,
come off it,,,"不胡诌, 不胡闹",,,,,0,0,,,
Come off it!,,,[美国俚语]别装蒜了!别骗人了!别胡诌了!别吹牛了![多用于祈使句],,,,,0,0,,,
come off one's high horse,,,不再骄傲自大,,,,,0,0,,,
come off one's perch,,,不再骄傲自大,,,,,0,0,,,
come off patent,,,不属于专利之列；专利之外；不属于专利之列；专利之外,,,,,0,0,,,
come off scot free,,,"安然逃脱,未受损害;未受处分,消遥法外",,,,,0,0,,,
come off second - best,,,[网络] 居第二位；输掉；被击败,,,,,0,0,,,
come off second best,,,"输掉,被打败",,,,,0,0,,,
come off second second-best,,,居第二位，仅次于最好的；被击败，输了,,,,,0,0,,,
come off sentry,,,下岗,,,,,0,0,,,
come off something,,,[网络] 脱掉一些东西,,,,,0,0,,,
come off sth,,,[网络] 离开了,,,,,0,0,,,
come off stream,,,[建] 从被切断的系统中逃走,,,,,0,0,,,
Come off the grass,,,"勿踏草地;小心谨慎;别扯谎,别胡扯",,,,,0,0,,,
Come off the grass!,,,[口语]别胡扯!别撒谎!,,,,,0,0,,,
come off the high horse,,,[口语]放下臭架子，不再盛气凌人,,,,,0,0,,,
come off the press,kʌm ɔf ðə pres,, [法]出版,,,,,0,0,,,
come off well,,,"运气好,走运,(事情)有满意的结果",,,,,0,0,,,
come off with,,,"发表(言论),宣布",,,,,0,0,,,
come off with flying colours,,,结果大获全胜,,,,,0,0,,,
come off with honor,,,"光荣地完成,以优异的成绩通过",,,,,0,0,,,
come off work,,,[网络] 下班；散工,,,,,0,0,,,
come off worst,,,大吃其苦头,,,,,0,0,,,
come off your perch,,,"[口语]放下你的臭架子;别那么骄傲自大,别那么神气[参见 come off one's high horse, 见 horse]",,,,,0,0,,,
come on,,,"偶遇, 进步, 发生, 开始, 出场, 快来",,,,,0,0,,,
come on a straight shoot,,,直截了当地进行,,,,,0,0,,,
come on baby,,, 宝宝总动员（游戏名）; 宝贝加油,,,,,0,0,,,
come on bid,,,[经] 带有津贴性质的递价,,,,,0,0,,,
come on board,,,na. 回船\n[网络] 归船；上船来,,,,,0,0,,,
come on down,,,[网络] 快过来；快点下来；那就一起来,,,,,0,0,,,
Come on hard,,,[网络] 严厉对待某人,,,,,0,0,,,
come on home,,,[网络] 回家；所以别再戏弄我了，回家吧；快点回家,,,,,0,0,,,
come on in,,,na. 出来；(花)开出；发行；(秘密等)现出\n[网络] 进来吧；请进；快进来,,,,,0,0,,,
come on line,,,[网络] 投入运行,,,,,0,0,,,
come on man,,,[网络] 来吧男人；来呗；你那么多,,,,,0,0,,,
come on over,,,[网络] 回到我身边；来到我身边；过来吧,,,,,0,0,,,
come on something,,,[网络] 来的东西,,,,,0,0,,,
come on stream,,,投入生产,,,,,0,0,,,
come on strike,,,实行罢工,,,,,0,0,,,
come on strong,,,给人以强烈印象,,,,,0,0,,,
come on the carpet,,,提出来研究讨论,,,,,0,0,,,
come on the double,,,"跑步赶到,迅速到来",,,,,0,0,,,
Come on the heels of,,,接踵而至\n紧接着……后发生,,,,,0,0,,,
come on the market,,,"出售,投放市场",,,,,0,0,,,
come on the scene,,,到场,,,,,0,0,,,
come on the stage,,,登上政治舞台;进入社会(活动),,,,,0,0,,,
come on to,,,"开始,兴盛",,,,,0,0,,,
come on to sb,,,[网络] 打某人主意；向某人搭讪,,,,,0,0,,,
come on to someone,,,come on to(或with)(someone)\n[口语]调戏(某人)；显得对(某人)动了情欲；挑动情欲：\nKate could hardly believe that he would dare come on to her like that.\n凯特几乎不能相信他竟敢对她进行调戏。,,,,,0,0,,,
Come on Top,,,[网络] 头筹,,,,,0,0,,,
come on!,,,"na. (演员)出台；进行(很好)；(暴风雨等)起；(病,苦痛等)加深\n[网络] 来吧；加油；快点",,,,,0,0,,,
come one's way,,,同意,,,,,0,0,,,
come online,,,开始工作\n上线,,,,,0,0,,,
come ons,,,v. 快点；开始；要求；上演；跟着来；突然产生,,,,,0,0,,,
come onto the market,,,"上市, 在市场上出售",,,,,0,0,,,
come out,,,"到边远地区来, 出现, 露出, 出版, 罢工, 结果是, 褪去, 被解出, 宣布",,,,,0,0,,,
come out against,,,"反对,站出来反对",,,,,0,0,,,
come out at,,,"(总数、平均数等) 达,共计",,,,,0,0,,,
come out at the little end of the horn,,,v. 夸口后没做到,,,,,0,0,,,
come out at the top,,,名列前茅,,,,,0,0,,,
come out at the top of,,,居…的最高位，在…名列前茅,,,,,0,0,,,
come out dandy,,,"结果良好,皆大欢喜",,,,,0,0,,,
come out first,,,得第一名,,,,,0,0,,,
come out for,,,"声明支持;表示同意,赞同;出去(散步、野餐、远足等)",,,,,0,0,,,
come out in,,,出,,,,,0,0,,,
come out in a rash,,,身上出满疹子,,,,,0,0,,,
come out in defence,,,[法] 辩护,,,,,0,0,,,
come out in favor of,,,vt.作出决定赞成(支持),,,,,0,0,,,
come out in installments,,,分期连载发表,,,,,0,0,,,
come out in one's true colours,,,露出本来的面目，显露原形,,,,,0,0,,,
come out in print,,,"印成, 被印成, 印出来, 被印出来",,,,,0,0,,,
come out in sth,,,出现(斑点),,,,,0,0,,,
come out in sympathy,,,"举行同情罢工,罢工声援",,,,,0,0,,,
come out in the wash,,,"暴露, 真相大白",,,,,0,0,,,
come out in the washing,,,暴露，真相大白，水落石出；圆满解决,,,,,0,0,,,
come out into the open,kʌm aʊt ˈɪntu ði ˈopən,, 破门而出；赤膊上阵,,,,,0,0,,,
come out of,,,由...产生,,,,,0,0,,,
come out of action,,,撤出战斗,,,,,0,0,,,
come out of her shell,,,vi. 不再羞怯(不再沉默寡言；开始愿与别人交谈),,,,,0,0,,,
come out of hiding,,,从躲藏处出来,,,,,0,0,,,
come out of his shell,,,不再羞怯,,,,,0,0,,,
come out of left field,,,[网络] 做令人感到意外之事；有点离题,,,,,0,0,,,
come out of my shell,,,[网络] 敞开心扉,,,,,0,0,,,
come out of nowhere,kʌm aut ɔv ˈnəuhwɛə,, [体]突然成功,,,,,0,0,,,
come out of one's ears,,,大量,,,,,0,0,,,
come out of one's shell,,,"不再羞怯, 开始活跃",,,,,0,0,,,
come out of our shell,,,vi. 不再羞怯(不再沉默寡言；开始愿与别人交谈),,,,,0,0,,,
come out of retirement,,,离职,,,,,0,0,,,
come out of sth,,,[网络] 从sth出来,,,,,0,0,,,
Come out of that,,,走开!,,,,,0,0,,,
come out of the blue,,,[网络] 凭空出现；来得很突然,,,,,0,0,,,
come out of the closet,kʌm aut ɔv ðə ˈklɔzit,," 公开真相, 不再保守秘密",,,,,0,0,,,
come out of the little end of the horn,,,〈口〉说了大话不能兑现,,,,,0,0,,,
come out of the red,,,"〈美〉获利,开始赚钱",,,,,0,0,,,
come out of the woodwork,,,[网络] 突然冒出许多人来；突然冒出很多人；从隐藏处钻出来,,,,,0,0,,,
come out of your shell,,,[网络] 从你的壳里走出来；不再害羞；打开,,,,,0,0,,,
come out on a strike,,,举行(或进行、实行)罢工,,,,,0,0,,,
come out on strike,,,举行罢工,,,,,0,0,,,
come out on top,,,"获胜,翻身",,,,,0,0,,,
come out right,,,[网络] 事情进展顺利；如愿以偿,,,,,0,0,,,
come out smelling like a rose,,,[网络] 一枝独秀；桂林一枝；一板独秀,,,,,0,0,,,
come out smelling of roses,,,[网络] 出污泥而不染；保持清白,,,,,0,0,,,
come out strong,,,"以坚决的姿态发言, 以坚决的姿态行动",,,,,0,0,,,
come out swinging,,,[网络] 开始相互攻击,,,,,0,0,,,
come out top,,,名列前茅,,,,,0,0,,,
come out top of,,,居…的最高位，在…名列前茅,,,,,0,0,,,
come out tops,,,adv. 名列前茅,,,,,0,0,,,
come out victorious,,,获胜,,,,,0,0,,,
come out with,,,"发表, 出版, 说出, 提出, 把...投入市场销售",,,,,0,0,,,
come out with clean hands,,,清白无辜，被宣告无罪,,,,,0,0,,,
come out with something,,,[网络] 出来一些东西,,,,,0,0,,,
come out with sth,,,"刊行, 出版, 发表, 公布, 说出, 提出, 展出, 供应",,,,,0,0,,,
Come outside!,,,出来呀!(激人打架),,,,,0,0,,,
come over,,,过来\n[建] 馏出,,,,,0,0,,,
come over big,,,(演员)走红；(歌曲、作品等)很受欢迎；取得非常成功，取得显著效果,,,,,0,0,,,
come over dizzy,,,感到眩晕,,,,,0,0,,,
come over queer,,,〈口〉感到眩晕,,,,,0,0,,,
come over sb,,,"支配, 左右, 攫住, 困扰",,,,,0,0,,,
come over someone,,,[网络] 过来一个人,,,,,0,0,,,
come over to,,,[网络] 过来；从一个地方来到另一个地方；过来到,,,,,0,0,,,
come pass,,,na. 通过,,,,,0,0,,,
come pat,,,来得正巧,,,,,0,0,,,
come pat to,,,正适合…,,,,,0,0,,,
come play,,,[网络] 一起来玩吧,,,,,0,0,,,
come possum over someone,,,[美国口语](为了避免引人注意)一动也不动；装糊涂；装睡；装死[亦作 play possum with someone],,,,,0,0,,,
come rain or shine,,,"风雨无阻, 不管发生什么情况",,,,,0,0,,,
"come rain, come shine",,,[网络] 爱，不爱；忽雨忽晴；野花恋,,,,,0,0,,,
come reach an agreement,,,达成协议；取得一致意见,,,,,0,0,,,
come right,,,变得正确,,,,,0,0,,,
come rise in the world,,,飞黄腾达，发迹；露头角,,,,,0,0,,,
come round,,,"顺便来访, 绕道而来, 转向, 改主意, 苏醒, 平息",,,,,0,0,,,
come round sb by cajoling,,,用花言巧语诱骗别人,,,,,0,0,,,
come round to,,,改变主意,,,,,0,0,,,
come running,kʌm ˈrʌnɪŋ,," 赶紧做某人喜欢的事, 欣然顺从某人的要求",,,,,0,0,,,
come sb's way,,,发生于〔来到〕某人处,,,,,0,0,,,
come second,,,na. 得第二；占第二位\n[网络] 获得第二名；其次,,,,,0,0,,,
come short,kʌm ʃɔ:t,, 缺乏; 不足; 达不到（目标）; 不符合,,,,,0,0,,,
come short home,,,遭到不幸;遭到失败,,,,,0,0,,,
come short of,,,"缺少, 不足; 失望",,,,,0,0,,,
come someone's way,,,落到某人面前，可以被某人利用；与某人不期而遇；为某人经历过，在生活中见到过；为某人所擅长，为某人能力所及[亦作 fall in 或 lie in someone's way],,,,,0,0,,,
come soon,,,[网络] 即将推出；快到了；马上到了,,,,,0,0,,,
come stand at attention,,,【军事】采取立正姿势，立正,,,,,0,0,,,
come straight to the point,,,"直入本题, 开门见山",,,,,0,0,,,
come tardy off,,,[古语]缺乏，不足,,,,,0,0,,,
come that game,,,[口语]来那一手，采取那一套做法,,,,,0,0,,,
come the,,,[网络] 来吧,,,,,0,0,,,
come the acid,,,[俚语]说挖苦话；不客气,,,,,0,0,,,
come the big figure,,,"〈美〉彻底地干;出风头,摆阔气",,,,,0,0,,,
come the bully over sb,,,对(某人)装出盛气凌人的样子,,,,,0,0,,,
come the bully over sb.,,,盛气凌人地对待,,,,,0,0,,,
come the bully over someone,,,[俚语]欺压某人；对某人做出盛气凌人的样子,,,,,0,0,,,
come the double,,,〈俚〉(对某人)背信弃义;耍滑头,,,,,0,0,,,
come the double on sb,,,"对某人耍滑头,背弃某人",,,,,0,0,,,
come the heavy,,,〈口〉(对某人)大摆架子,,,,,0,0,,,
come the heavy father,,,[俚语]自高自大，摆架子,,,,,0,0,,,
come the heavy hand,,,强迫(某人)做某事，强加于人,,,,,0,0,,,
come the heavy over sb,,,"十气十足,耀武扬威,对某人大摆架子",,,,,0,0,,,
come the heavy swell over,,,摆出不可一世的样子,,,,,0,0,,,
come the old soldier,,,摆老资格；磨洋工；装病；欺骗,,,,,0,0,,,
come the old soldier over,,,"工作时偷懒, 摆老资格",,,,,0,0,,,
come the old soldier over sb,,,"对某人摆老资格,在某人面前装作一个老兵的样子;装病,欺骗",,,,,0,0,,,
come the quarterdeck over someone,,,盛气凌人，对某人颐指气使[原系航海用语，亦作 quarter-deck],,,,,0,0,,,
come the raw prawn,,,(与with连用) [澳大利亚俚语]欺骗；算计别人,,,,,0,0,,,
come the religious dodge on someone,,,[口语]以宗教名义求某人帮助(或施舍),,,,,0,0,,,
come the religious dodge over someone,,,[口语]以宗教名义求某人帮助(或施舍),,,,,0,0,,,
come the sth,,,[网络] 来吧,,,,,0,0,,,
come thick and fast,,,[网络] 接连不断地到来；释义；层出不穷,,,,,0,0,,,
come this way,kʌm ðis wei,, 往这边来,,,,,0,0,,,
come through,,,"经历...仍活着, 安然度过, 胜利, 表现",,,,,0,0,,,
come through something,,,[网络] 通过某事,,,,,0,0,,,
come through the gate of horn,,,做梦应验,,,,,0,0,,,
come through with,kʌm θru: wið,, 提供所需（包括物品或人力）,,,,,0,0,,,
come through with flying colors,,,[网络] 干得出色；大获成功,,,,,0,0,,,
come through with flying colours,,,大获胜利;大告成功,,,,,0,0,,,
come to,,,"谈到, 被...继承, 苏醒, 停止",,,,,0,0,,,
come to ... hand,,,na. 拿到手\n[网络] 收到,,,,,0,0,,,
come to ... hands,,,na. 拿到手\n[网络] 收到,,,,,0,0,,,
come to ... mind,,,[网络] 想到；出现在脑海中；想起,,,,,0,0,,,
come to ... sense,,,[网络] 醒悟过来；数名词,,,,,0,0,,,
come to a bad end,,,遭遇不测,,,,,0,0,,,
come to a boil,,,na. 事态开始变得更严重或更危险；烧开,,,,,0,0,,,
come to a climax,,,"达到顶点,达到高潮",,,,,0,0,,,
come to a close,,,结束,,,,,0,0,,,
come to a conclusion,,,告终,,,,,0,0,,,
come to a consensus,,,[网络] 达成共识,,,,,0,0,,,
come to a crisis,,,陷入危机,,,,,0,0,,,
come to a dead end,,,"到达铁道支线的终点;无法前进,停滞不前",,,,,0,0,,,
come to a deadlock,,,"陷入僵局,相持不下,陷入停顿状态",,,,,0,0,,,
come to a decision,,,作出决定,,,,,0,0,,,
come to a dicision,,,[法] 得出结论,,,,,0,0,,,
come to a full stop,,,完全停止,,,,,0,0,,,
come to a grinding halt,,,(紧急)停止,,,,,0,0,,,
come to a halt,,,"停住,停下来",,,,,0,0,,,
come to a handsome pass,,,"变得很糟[尴尬],陷入困境",,,,,0,0,,,
come to a head,,,"出脓, 到紧急关头",,,,,0,0,,,
come to a period,,,"结束, 终止",,,,,0,0,,,
come to a person's aid,,,援助某人,,,,,0,0,,,
come to a point,,,"变尖, 变细",,,,,0,0,,,
come to a pretty pass,,,"陷入困境,情况危急",,,,,0,0,,,
come to a settlement,,,解决;决定;和解,,,,,0,0,,,
come to a settlement with,,,与…达成解决办法,,,,,0,0,,,
come to a stand,,,陷于停顿,,,,,0,0,,,
come to a standstill,,,停顿下来,,,,,0,0,,,
come to a sticky end,,,下场不好,,,,,0,0,,,
come to a stop,,,停止,,,,,0,0,,,
come to a untimely end,,,"过早死亡,夭折",,,,,0,0,,,
come to an accommodation,,,达成和解,,,,,0,0,,,
come to an agreement,,,[经] 商订,,,,,0,0,,,
come to an agreement with,,,与 ... 达成协议,,,,,0,0,,,
come to an anchor,,,v. 抛锚,,,,,0,0,,,
come to an arrangement,,,"谈妥,商定",,,,,0,0,,,
come to an end,,,结束,,,,,0,0,,,
come to an explanation with,,,与…商谈以消除误会,,,,,0,0,,,
come to an understanding,,,取得谅解\n[法] 达成谅解,,,,,0,0,,,
come to an untimely end,,,夭折,,,,,0,0,,,
come to anchor,,,抛锚,,,,,0,0,,,
Come to anchor!,,,come to anchor\n【航海学】抛锚，下锚，停泊，停靠\n停住，停止，停下来休息\n就位；占有位置；固定,,,,,0,0,,,
come to attention,,,立正,,,,,0,0,,,
come to bat,,,〈美俚〉碰到问题;碰到任务;面临考验,,,,,0,0,,,
come to bat for,,,〈俚〉支持;为…辩护,,,,,0,0,,,
come to bay,,,"陷入困境, 困兽犹斗",,,,,0,0,,,
come to be,,,[网络] 变得；形成,,,,,0,0,,,
Come to bear,,,[网络] 感觉到压力,,,,,0,0,,,
come to bits,,,崩溃；瓦解，破碎；身体(或精神上)垮下来；神经敏感，发狂,,,,,0,0,,,
come to blow,,,动手互殴,,,,,0,0,,,
come to blows,,,开始互殴,,,,,0,0,,,
come to book,,,对(某事)做出解释；(因某事而)受到惩罚,,,,,0,0,,,
come to book for something,,,对(某事)做出解释；(因某事而)受到惩罚,,,,,0,0,,,
come to business,,,着手开始工作; 言归正传,,,,,0,0,,,
Come to call,,,[网络] 来访；直接回复,,,,,0,0,,,
come to china,,, 旅华,,,,,0,0,,,
come to close quarters,,,肉搏,,,,,0,0,,,
come to deficit,,,弥补亏损,,,,,0,0,,,
come to do,,,[网络] 开始做某事；逐渐；强调过程,,,,,0,0,,,
come to do sth,,,"开始,逐渐,终于",,,,,0,0,,,
come to fame,,,成名,,,,,0,0,,,
come to fisticuffs,,,打起架来,,,,,0,0,,,
come to front,,,"v. 引人注目,出名",,,,,0,0,,,
come to fruition,,,"实现,完成",,,,,0,0,,,
come to good,,,有好结果,,,,,0,0,,,
come to grapples with,,,"和...打起来, 尽力从事/对付...",,,,,0,0,,,
come to grass,,,走出矿井外,,,,,0,0,,,
come to grief,,,"遭到不幸, 遭难, 失败",,,,,0,0,,,
come to grip,,,搏斗起来;认真处理,,,,,0,0,,,
come to gripes,,,互相揪扭,,,,,0,0,,,
come to gripes with,,,与…扭打,,,,,0,0,,,
come to grips,,, 交手,,,,,0,0,,,
come to grips with,,,与...搏斗,,,,,0,0,,,
come to grips with something,,,[网络] 开始认真对待,,,,,0,0,,,
come to hand,,,到手,,,,,0,0,,,
come to handicuffs,,,开始扭打起来,,,,,0,0,,,
come to hands,,,"到手,收到(指书信)",,,,,0,0,,,
come to harm,,,遭不幸,,,,,0,0,,,
come to heel,,,"紧随在后面, 附和",,,,,0,0,,,
come to herself,,,(她)恢复知觉；(她)恢复正常情绪,,,,,0,0,,,
come to himself,,,恢复知觉；情绪正常,,,,,0,0,,,
come to into power,,,取得政权；(开始)掌权，执政，当权，上台,,,,,0,0,,,
come to Jesus,,,[网络] 来信耶稣；来就耶稣；到耶稣这里来,,,,,0,0,,,
come to know,kʌm tu: nəʊ,, 知道; 发觉,,,,,0,0,,,
come to land,,,"着陆,登陆",,,,,0,0,,,
come to life,,,苏醒,,,,,0,0,,,
come to light,,,暴露,,,,,0,0,,,
come to little,,,没有什么结果,,,,,0,0,,,
come to loggerheads,,,争吵起来；不和；打起架来,,,,,0,0,,,
come to market,,,【经济学】上市,,,,,0,0,,,
come to maturity,,,"成熟,达到成年",,,,,0,0,,,
come to me,,,[网络] 到我这里来；来到我身边；奔向我,,,,,0,0,,,
come to mention it,,come to mention it\n(idiomatic) What you just said reminds me of something; Used to justify a change of subject or a kind of statement that needs some kind of license.\n,,,,,,0,0,,,
come to mind,kʌm tu: maind,, 想起来了,,,,,0,0,,,
come to much,,,"有什么重要结果,有了不起的收获",,,,,0,0,,,
come to naught,,,落空,,,,,0,0,,,
come to no good,,,没有好结果,,,,,0,0,,,
come to no good end,,,"失败,没有好下场",,,,,0,0,,,
come to no harm,kʌm tu: nəu hɑ:m,, 没受伤，没有受到损害,,,,,0,0,,,
come to nothing,,,终未实现,,,,,0,0,,,
come to nought,,,"毫无结果,等于零;一事无成",,,,,0,0,,,
come to one's assistance,,,来(或去)支援(或帮忙),,,,,0,0,,,
come to one's feet,,,站起来,,,,,0,0,,,
come to one's hand,,,到手；收到；发现，偶然找到，偶然(被)抓到,,,,,0,0,,,
come to one's hands,,,短兵相接,,,,,0,0,,,
come to one's knowledge,kʌm tu: wʌnz ˈnɔlidʒ,, 为某人得知,,,,,0,0,,,
come to one's memory,,,出现在记忆里；浮现在脑海中；[废语]晕过去后清醒过来；苏醒,,,,,0,0,,,
come to one's mind,,,na. 想起\n[网络] 忽然想起,,,,,0,0,,,
come to one's senses,,,"苏醒过来, 醒悟",,,,,0,0,,,
come to oneself,,,"苏醒, 醒悟",,,,,0,0,,,
come to order,,,[网络] 会议正式开始,,,,,0,0,,,
come to pass,,,"发生, 实现",,,,,0,0,,,
come to perfection,,,"成熟,臻于成熟",,,,,0,0,,,
come to pieces,,,"破碎,碎裂;身体[精神]垮下来;瓦解,崩溃",,,,,0,0,,,
come to play,,,[网络] 来玩吧；挑战千曲；一鼓作气,,,,,0,0,,,
come to power,,,"上台,夺取政权",,,,,0,0,,,
come to press,,,(报刊等)付印；开始印刷,,,,,0,0,,,
come to realize,kʌm tu: ˈriəlaiz,, 认识到，开始意识到,,,,,0,0,,,
come to reason,,,"清醒过来;恢复理性,觉悟过来;醒悟",,,,,0,0,,,
come to remembrance,,,"回忆起,想起",,,,,0,0,,,
come to rest,,,停止移动,,,,,0,0,,,
come to ruin,,,"毁灭,灭亡;崩溃;破坏掉",,,,,0,0,,,
come to sb,,,"突然进入脑海, 突然呈现",,,,,0,0,,,
come to sb's aid,,,前来帮助某人,,,,,0,0,,,
come to sb's help,,,帮某人的忙,,,,,0,0,,,
come to sb's knowledge,,,被某人知悉,,,,,0,0,,,
come to sb's mind,,,"被某人想起, 被某人记起",,,,,0,0,,,
come to sb's notice,,,引起(某人的)注意,,,,,0,0,,,
come to sb's rescue,,,来援救某人,,,,,0,0,,,
come to sb's support,,,援助(某人),,,,,0,0,,,
come to sb.'s aid,,,帮助某人,,,,,0,0,,,
come to sb.'s knowledge,,,被某人知道,,,,,0,0,,,
come to sb.'s notice,,,引起某人注意,,,,,0,0,,,
come to school,,,[口语]改邪归正；改邪归正,,,,,0,0,,,
come to see,,,来看,,,,,0,0,,,
come to sense,,,"苏醒过来,醒悟过来",,,,,0,0,,,
come to smash,,,"破碎, 垮台, 完蛋",,,,,0,0,,,
come to somebody's knowledge,,,na. 被某人知道\n[网络] 被某人熟悉,,,,,0,0,,,
come to someone's aid,,,前来(或前去)帮助某人，救援某人,,,,,0,0,,,
come to someone's assistance,,, 去（或来）帮助某人,,,,,0,0,,,
come to someone's attention,,,"引起某人的注意,被某人知道",,,,,0,0,,,
come to someone's de-fence,,,向某人提供援助,,,,,0,0,,,
come to someone's ear,,,"被某人听到(或知道),传到某人耳里[亦作come to (或reach) the ear(s) of someone]",,,,,0,0,,,
come to someone's ear s,,,"被某人听到(或知道),传到某人耳里[亦作come to (或reach) the ear(s) of someone]",,,,,0,0,,,
come to someone's ears,,,传到某人耳里，被某人听到(或注意到),,,,,0,0,,,
come to someone's knowledge,,,被某人获悉，被某人知道,,,,,0,0,,,
come to someone's mind,,,出现在某人的脑海里,,,,,0,0,,,
come to someone's notice,,,引起某人的注意；被某人看到(或知道),,,,,0,0,,,
come to someone's rescue,,,营救(某人)；援救(某人)；帮助(某人),,,,,0,0,,,
come to something,,,[网络] 等于；来做某事,,,,,0,0,,,
come to stay,,,得到公众的承认,,,,,0,0,,,
come to sth,,,"共计, 达到, 达到...地步, 得到...结果, 归结为..., 达成, 继承",,,,,0,0,,,
come to taw,,,"到预定的位置, 站到起跑线",,,,,0,0,,,
come to terms,,,"达成协议, 妥协, 让步\n[法] 达成协议",,,,,0,0,,,
come to terms with,,,"与…达成协议,慢慢习惯",,,,,0,0,,,
come to terms with something,,,[网络] 坦然面对；释义,,,,,0,0,,,
come to terms with sth,,,终于接受,,,,,0,0,,,
come to that,,,就那个来说,,,,,0,0,,,
come to the attention of,,,[网络] 引起某人的注意,,,,,0,0,,,
come to the boil,,,"开始沸腾,到达紧急关头",,,,,0,0,,,
come to the chalk,,,[美国口语]；【体育】站到起跑线上，按比赛规则就位，准备开始；重新开始；遵守规划；践约,,,,,0,0,,,
come to the conclusion,,,得出结论,,,,,0,0,,,
come to the conclusion that,,,得到的结论是...,,,,,0,0,,,
come to the end,,,"结束,告终",,,,,0,0,,,
come to the end of one's rope,,,山穷水尽；智穷才尽；一筹莫展，不知所措；财源耗尽；[罕用语]为非作歹终于受到制止,,,,,0,0,,,
come to the end of one's tether,,,山穷水尽，智穷计尽，一筹莫展，不知所措；财源枯竭,,,,,0,0,,,
come to the end of the road,,,[网络] 走到路的尽头,,,,,0,0,,,
come to the fore,,,"出名, 成为显赫人物",,,,,0,0,,,
come to the front,,,"变得引人注目, 出人头地",,,,,0,0,,,
come to the gallows,,,上绞架被绞死,,,,,0,0,,,
come to the ground,,,"失败,灭亡,被埋葬",,,,,0,0,,,
come to the halter,,,被处绞刑,,,,,0,0,,,
come to the hammer,,,被拍卖,,,,,0,0,,,
come to the land,,,抵岸；着陆,,,,,0,0,,,
come to the mark,,,[口语]；【体育】 站到起跑线上；站到拳击开始线上；准备好动手干,,,,,0,0,,,
come to the next point,,,转入下一个话题,,,,,0,0,,,
come to the party,,,[网络] 参加聚会；来参加聚会；来聚会,,,,,0,0,,,
come to the point,,,"变尖锐, 到紧要关头, 说到要点, 扼要地说",,,,,0,0,,,
come to the push,,,临到紧要关头,,,,,0,0,,,
come to the rescue,,,前来救援,,,,,0,0,,,
come to the right shop,,,找对了人；找对了地方,,,,,0,0,,,
come to the salute,,,行敬礼,,,,,0,0,,,
come to the same thing,,,结果相同,,,,,0,0,,,
come to the same thing as,,,结果都一样，结果相同；意义相同,,,,,0,0,,,
come to the scratch,,,na. 站到拳击开始线上；坚决行动；称职,,,,,0,0,,,
come to the shoulder,,,掮枪,,,,,0,0,,,
come to the surface,,,显露出来,,,,,0,0,,,
come to the top,,,"出名, 成功",,,,,0,0,,,
come to the world,,,vi. 出生(出版；问世),,,,,0,0,,,
come to the wrong shop,,,找错对象,,,,,0,0,,,
come to think,,,[网络] 试想,,,,,0,0,,,
come to think about it,,,[网络] 再回头想想,,,,,0,0,,,
come to think of it,,,〈口〉我想起来了,,,,,0,0,,,
come to this,,,"等于这样说,就是这样",,,,,0,0,,,
come to time,,,履行义务,,,,,0,0,,,
come to town,,,"到城里, 到场",,,,,0,0,,,
come to trial,,,受审,,,,,0,0,,,
come to understand,kʌm tu ˌʌndɚˈstænd,, 开始明白；开始了解,,,,,0,0,,,
come to understanding,,,开始明白；开始了解,,,,,0,0,,,
come to your senses,,,[网络] 你总算想通了；回到你的理智中来；哥特式金属,,,,,0,0,,,
come together,kʌm təˈɡeðə,," 聚会, 相见; 会面; 汇集",,,,,0,0,,,
come together by the ear,,,= fall together by the ear,,,,,0,0,,,
come towards,,,[网络] 向着……来,,,,,0,0,,,
come true,,,"实现, 成为事实",,,,,0,0,,,
come turn out crabs,,,终于失败；终至失望,,,,,0,0,,,
come turn up again like a bad halfpenny,,,不要它偏又回来；挥去复来；又来纠缠，又回来拖累人,,,,,0,0,,,
come turn up again like a bad penny,,,不要它偏又回来；挥去复来；又来纠缠，又回来拖累人,,,,,0,0,,,
come turn up again like a bad shilling,,,不要它偏又回来；挥去复来；又来纠缠，又回来拖累人,,,,,0,0,,,
come under,,,"归入, 遭受",,,,,0,0,,,
come under attack,,,遭抨击,,,,,0,0,,,
come under fire,,,遭到射击,,,,,0,0,,,
come under notice,,,vi.  受到 ... 的注意,,,,,0,0,,,
come under observation,,,"受到监视,受到注意,被看见,被发现",,,,,0,0,,,
come under pressure,,,在压力(催促)下做某事,,,,,0,0,,,
come under pressure to do something,,,在压力(催促)下做某事,,,,,0,0,,,
come under review,,,在复查〔重新考虑〕中,,,,,0,0,,,
come under sb's notice,,,受到某人的注意,,,,,0,0,,,
come under someone's notice,,,引起某人的注意；被某人看到(或知道),,,,,0,0,,,
come under something,,,[网络] 下来的东西,,,,,0,0,,,
come under sth,,,"受管辖, 受控制, 得到, 受到, 归入, 编入, 列入",,,,,0,0,,,
come under the hammer,,,[经] 被拍卖,,,,,0,0,,,
come under the head of,,,"归入…部,属于…项下",,,,,0,0,,,
come under the influence of,,,受到...的影响,,,,,0,0,,,
come under the pressure,,,在压力(催促)下做某事,,,,,0,0,,,
come under the pressure to do something,,,在压力(催促)下做某事,,,,,0,0,,,
come under the rule of,,,受到…的统治,,,,,0,0,,,
come under the yoke,,,屈服；认输；降服,,,,,0,0,,,
come undone,,,"松开,散开",,,,,0,0,,,
come unglued,kʌm ˈʌnˈɡlu:d,, 情急心躁。; emotionally upset and lacking composure (informal),,,,,0,0,,,
come unhinged,,,[网络] 来了,,,,,0,0,,,
come unscathed out of the battle,,,身历危难而仍安然无恙,,,,,0,0,,,
come unstruck,,,〈俚〉弄糟,,,,,0,0,,,
come unstuck,,,"遇到困难, 失败",,,,,0,0,,,
come untied,,,散开；松开,,,,,0,0,,,
come up,,,"走上前来, 发芽, 发生, 被提到, 流行\n[建] 按照指标达到质量标准",,,,,0,0,,,
come up against,,,突然碰到,,,,,0,0,,,
come up against a brick wall,,,"碰到障碍无法前进, 陷入绝境",,,,,0,0,,,
come up against sth,,,[网络] 对抗sth,,,,,0,0,,,
come up behind!,,,[网络] 跟在后面过来,,,,,0,0,,,
come up dry,kʌm ʌp drai,, （北美）不成功，失败,,,,,0,0,,,
come up for,,,na. 到…时候了\n[网络] 参加,,,,,0,0,,,
come up for air,,,[美国口语]暂停一会儿；休息片刻，歇口气儿,,,,,0,0,,,
come up for discussion,,,提出讨论,,,,,0,0,,,
come up for review,,,在复查〔重新考虑〕中,,,,,0,0,,,
come up for sth,,,[网络] 上来吧,,,,,0,0,,,
come up from the ranks,,,【军事】行伍出身；由士兵升为军官；(通过个人奋斗)由寒微发迹,,,,,0,0,,,
come up in the world,,,(生活或社会地位)提高,,,,,0,0,,,
come up roses,,,"进展顺利,结局完美",,,,,0,0,,,
come up smelling of roses,,,[网络] 名誉无损懂得脱离困境,,,,,0,0,,,
come up smiling,,,重振精神,,,,,0,0,,,
come up system,,,按期处理方式,,,,,0,0,,,
come up the hard way,,,通过艰苦努力而达到目前地位,,,,,0,0,,,
come up through the ranks,,,【军事】行伍出身；由士兵升为军官；(通过个人奋斗)由寒微发迹,,,,,0,0,,,
come up to,,,"达到, 等于",,,,,0,0,,,
come up to scratch,,,na. 站到拳击开始线上；决意奋斗；能胜任\n[网络] 下定决心；准备动手干,,,,,0,0,,,
come up to somebody,,,"向某人走去, 对某人说话",,,,,0,0,,,
come up to someone's chin,,,齐某人下巴高；(才能、成就等)明显地不如某人,,,,,0,0,,,
come up to sth,,,"达到..., 符合..., 与...相等",,,,,0,0,,,
come up to the chalk,,,"达标,符合要求;重新开始,言归正传",,,,,0,0,,,
come up to the mark,,,[口语]；【体育】 站到起跑线上；站到拳击开始线上；准备好动手干,,,,,0,0,,,
come up to the scratch,,,[口语]；站到起跑线上；决定采取行动；准备好迎接困难,,,,,0,0,,,
come up to the standard,,,达到标准,,,,,0,0,,,
come up to the standards,,,达标,,,,,0,0,,,
come up trumps,,,"令人满意, 对人有帮助, 慷慨大方, 交好运",,,,,0,0,,,
come up with,,,"赶上, 提出",,,,,0,0,,,
come up with an understanding of,,,"理解,懂得",,,,,0,0,,,
come up with something,,,[网络] 想出办法,,,,,0,0,,,
come up with sth,,,"赶上, 提出, 提供, 想出(计划/答案/答复)",,,,,0,0,,,
come up with the goods,,,[网络] 拿出货物,,,,,0,0,,,
come up with the rations,,,[英国英语]用餐时授给士兵奖章(指滥发奖章),,,,,0,0,,,
come upon,,,"偶遇, 袭击, 要求, 成为...负担",,,,,0,0,,,
come upon sb for sth,,,向某人要求某物,,,,,0,0,,,
come upon the scene,,,"露面, 出场",,,,,0,0,,,
come upon the stage,,,进入社会,,,,,0,0,,,
come weather,,,[网络] 来天气,,,,,0,0,,,
come what may,,,不管如何,,,,,0,0,,,
come what will,,,"无论如何,不管怎样",,,,,0,0,,,
come wind,,,[网络] 来风,,,,,0,0,,,
come with,kʌm wið,," 伴随…发生, 与…一起供给",,,,,0,0,,,
come with me,kʌm wɪð mi,, 跟我来（歌名）,,,,,0,0,,,
come with the territory,,,[网络] 天经地义；理应如此；自然的结果,,,,,0,0,,,
come within,,,在...范围内,,,,,0,0,,,
come within an ace of sth,,,[网络] 进入一个王牌,,,,,0,0,,,
come within an inch of sth,,,[网络] 来到一英里之内,,,,,0,0,,,
come within range,,, 进入射程范围内,,,,,0,0,,,
come wrong,,,"不受欢迎,不能被接受",,,,,0,0,,,
come Yorkshire over someone,,,叫某人上当，欺骗某人(相传约克郡人善于经商，精明狡猾，常设计骗人),,,,,0,0,,,
come your way,,,[网络] 是来到你面前；出现；会降临于你,,,,,0,0,,,
"come, come!",,,[网络] 来来来；六中吧，活起来；谁笑过,,,,,0,0,,,
Come-a-long,,,n. 夹子；紧线夹,,,,,0,0,,,
come-again,,,na. 请再说一遍\n[网络] 再来啊；回来；又来,,,,,0,0,,,
come-all-ye,'kʌmɔ:lji:,,n. (英格兰、爱尔兰、加拿大等地的)民歌，民谣[亦作come-all-you],,,,,0,0,,,
come-all-you,,,[网络] 来了你们,,,,,0,0,,,
come-all-yous,,,[网络] 来了,,,,,0,0,,,
come-along,,,[化] 紧线夹,n:100,,,,0,0,s:come-alongs,,
come-alongs,"'kʌmə,lɔŋ",,n. [机] 紧绳夹,,,,,0,0,0:come-along/1:s,,
come-and-get-it,,,na. (饭预备好了)请过来吃\n[网络] 试试拿走它吧；请过来吃吧；来呀，上啊,,,,,0,0,,,
come-and-go,",kʌmәnd'^әj",,"n. 往来, 收缩和膨胀, 发生的事",,,,,0,0,s:come-and-goes,,
come-and-goes,",kʌmən'ɡəu",,n. 往来；来回；交通,,,,,0,0,0:come-and-go/1:s,,
come-around,,,na. 得到；达到；袭击\n[网络] 苏醒；顺便过来；拜访,,,,,0,0,,,
come-as-you-are,,,[网络] 保持本色；后会有期；你就这样地来吧,,,,,0,0,,,
come-at-able,,s. capable of being reached or attained,"a. 易接近的, 易得到的, 易达到的",,,,,0,0,,,
come-back,,,"回来；记起；恢复原状, 重新流行",,,,,0,0,s:come-backs,,
come-back bottle washing machine,,,旋转式单向洗瓶机,,,,,0,0,,,
come-back laws,,,[法] 对累犯的法律规定,,,,,0,0,,,
come-back money,,,运气赌注(赌马人赌钱后又赌马，以碰运气),,,,,0,0,,,
come-backs,,plural of come-back,"(come-back 的复数) 回来；记起；恢复原状, 重新流行",,,,,0,0,0:come-back/1:s,,
come-between,,,na. 介入…之间；离间\n[网络] 介入……之间；在…中间；妨碍,,,,,0,0,,,
come-by-chance,,,[网络] 卡姆拜钱斯,,,,,0,0,,,
come-down,'kʌmd'aʊn,,"n. 落败, 屈辱, 倒霉",,2,,,0,0,s:come-downs,,
come-downs,,plural of come-down,"(come-down 的复数) n. 落败, 屈辱, 倒霉",,,,,0,0,0:come-down/1:s,,
Come-et-St-Front,,,[地名] 库兹和圣弗龙 ( 法 ),,,,,0,0,,,
come-from-behind,'kʌmfr'ɒmbɪh'aɪnd,,adj. 逆转的，转败为胜的,j:100,,,,0,0,,,
come-heres,,,[网络] 新移民,,,,,0,0,,,
come-hither,,,"a. 诱惑人的, 勾引人的",,,,,0,0,s:come-hithers,,
come-hitherness,,,n. come-hither的变形,,,,,0,0,,,
come-hithers,,plural of come-hither,"(come-hither 的复数) a. 诱惑人的, 勾引人的",,,,,0,0,0:come-hither/1:s,,
come-in,,,na. 进来；当选；上台；(党派)组阁\n[网络] 北京攻略,,,,,0,0,,,
come-lately,",kʌm'leitli",,adj. 迟到的；新来的,,,,,0,0,,,
come-o'-will,,,[网络] 来吧,,,,,0,0,,,
come-off,'kʌmɔf,,结局,,,,,0,0,,,
come-on,,n anything that serves as an enticement\nn qualities that attract by seeming to promise some kind of reward,"n. 劝诱, 诱惑",n:100,,,,0,0,s:come-ons,,
come-on line,,,[网络] 投入运行,,,,,0,0,,,
come-on man,,,[美国俚语]；工头；监工；诱人聚赌嫖妓的人,,,,,0,0,,,
come-on system,,,临时插入系统,,,,,0,0,,,
come-ons,,n. anything that serves as an enticement\nn. qualities that attract by seeming to promise some kind of reward,"n. 劝诱, 诱惑( come-on的复数形式 )",,,,,0,0,0:come-on/1:s,,
come-out,,,na. 出来\n[网络] 出柜；现身；打开,,,,,0,0,,,
come-outer,",kʌm'ajtә(r)",n. One who comes out or withdraws from a religious or\n   other organization; a radical reformer.,"n. 脱离既成组织分子, 激进分子",,,,,0,0,,,
come-over,,,na. 从远方来；(从敌方)过来；变节；〔口语〕欺骗\n[网络] 顺便来访；走过来；抓住,,,,,0,0,,,
come-pass,,,na. 通过,,,,,0,0,,,
come-rogue,,,[网络] 流氓流氓,,,,,0,0,,,
come-to-Jesus,,,[网络] 令人头痛的摊牌会,,,,,0,0,,,
come-to-pass,,,na. (事情)发生；遭遇,,,,,0,0,,,
come-up,kʌm ʌp,, 上浮,,,,,0,0,,,
come-upance,,,[网络] 来了,,,,,0,0,,,
come-uppance,'kʌmʌp'ɑ:ns,,"n. 报应, 应得的惩罚",,,,,0,0,s:come-uppances,,
come-uppances,,plural of come-uppance,"(come-uppance 的复数) n. 报应, 应得的惩罚",,,,,0,0,0:come-uppance/1:s,,
come-uptime,,,升温时间,,,,,0,0,,,
comeager,,,[网络] 拜托,,,,,0,0,,,
comeagre,,,[网络] 不好意思,,,,,0,0,,,
comealong,,,n. 夹子；紧线夹,,,,,0,0,,,
comeandgo,kʌmiənd'ɡəʊ,,n. 来回(交通；收缩膨胀)\nadj. 大约的(易变的；不定的),,,,,0,0,,,
comeasurability,,,[网络] 可靠性,,,,,0,0,,,
comeasurable,,,[网络] 可变的,,,,,0,0,,,
comeatable,,,adj. 〈口〉易接近；不远；容易到手的,,,,,0,0,,,
comeau,,, [人名] 科莫,,,,,0,0,,,
comeback,'kʌmbæk,n. return by a celebrity to some previously successful activity,"n. 复原, 复辟, 复位, 尖刻的对答, 抱怨的原因\n[计] 复原的",n:100,2,,,8111,6496,s:comebacks,,
comeback job,,,[计] 复原作业,,,,,0,0,,,
comeback kid,,,[网络] 东山再起；东山再起小子；反败为胜的小子,,,,,0,0,,,
comeback kids,,,[网络] 回来的孩子们,,,,,0,0,,,
comeback sauce,,,[网络] 回头酱,,,,,0,0,,,
comeback win,,,反败为胜[亦作come-from-behind victory],,,,,0,0,,,
comeback wool,,,回交种毛,,,,,0,0,,,
comebacker,'kʌmbækə,,"n. 【棒球】(直线击向投手的)地滚球, 回头球",,,,,0,0,,,
comebackers,,,[网络] 侯鸟俱乐部,,,,,0,0,,,
comebacks,ˈkʌmbæks,n. a quick reply to a question or remark (especially a witty or critical one)\nn. return by a celebrity to some previously successful activity,"n. 恢复, 复原( comeback的复数形式 )",,,,,0,0,0:comeback/1:s,,
"Comechingones, Sa.de",,,[地名] 科梅钦戈内斯山 ( 阿根 ),,,,,0,0,,,
COMECON,'kɔmәkɔn,,"n. 经济互助委员会, 经互会\n[经] 经互会",,,,,29021,0,,,
COMECON bank,,,经互会银行，经互会国际经济合作银行,,,,,0,0,,,
comed,,,abbr. Communications Editing Unit 通信编辑设备,,,,,0,0,,,
comede,kə'mi:di,,vi. [口语]做喜剧演员；(向观众)讲笑话，开玩笑,,,,,0,0,,,
comedegenic,,,引起粉刺的,,,,,0,0,,,
comedero,,,[网络] 喜剧演员,,,,,0,0,,,
comedia,,,[网络] 传通媒体；喜剧；梅迪亚,,,,,0,0,s:comedias,,
comedial,,,[网络] 喜剧,,,,,0,0,,,
comedian,kә'mi:djәn,n. a professional performer who tells jokes and performs comical acts\nn. an actor in a comedy,n. 喜剧演员,n:100,2,,,9983,7536,s:comedians,,
comedians,kəˈmi:di:ənz,n. a professional performer who tells jokes and performs comical acts\nn. an actor in a comedy,"n. 喜剧演员, 丑角( comedian的复数形式 )",,,,,0,0,0:comedian/1:s,,
comediant,,,[网络] 喜剧,,,,,0,0,,,
comedias,,,[网络] 喜剧演员,,,,,0,0,0:comedia/1:s,,
comediate,,,[网络] 喜剧片,,,,,0,0,,,
comediator,,,[网络] 喜剧演员,,,,,0,0,,,
comedic,kә'mi:dik,,a. 喜剧的,j:100,,,,0,20101,,,
comedical,,,[网络] 喜剧片,,,,,0,0,,,
comedically,,,adv. comedic的变形,,,,,0,0,,,
comedication,kəmedɪ'keɪʃn,,[医]结合给药法，复方投药法,,,,,0,0,,,
comedications,,,[网络] 喜剧,,,,,0,0,,,
comedie,,,[网络] 喜剧演员,,,,,0,0,s:comedies,,
comedie francaise,,,[网络] 法兰西喜剧院；法国国家剧院；法兰西戏剧院,,,,,0,0,,,
comedienne,kә.meidi'en,n. a female actor in a comedy\nn. a female comedian,n. 喜剧女演员,n:100,,,gre,35594,30309,s:comediennes,,
comediennes,kəˌmediˈenz,n. a female actor in a comedy\nn. a female comedian,n. 喜剧女演员( comedienne的复数形式 ),,,,,0,0,0:comedienne/1:s,,
comedies,,n light and humorous drama with a happy ending\nn a comic incident or series of incidents,n. 喜剧；喜剧性；有趣的事情（comedy的复数形式）,,,,,0,0,0:comedy/1:s,,
comedietta,"kә,medi'etә",n. A dramatic sketch; a brief comedy.,n. 小喜剧,,,,,0,0,,,
comediettas,"kə,medi'etə",,n. 小喜剧,,,,,0,0,,,
comediographer,,,[网络] 喜剧演员,,,,,0,0,,,
comedist,'kɒmidist,,n. 喜剧作家,,,,,0,0,,,
comedists,'kɒmədɪst,,n. 喜剧作家,,,,,0,0,,,
comeditie,,,[网络] 喜剧,,,,,0,0,,,
comedize,,,[网络] 喜剧,,,,,0,0,,,
comedized,,,[网络] 喜剧,,,,,0,0,,,
comedizes,,,[网络] 喜剧,,,,,0,0,,,
comedizing,,,[网络] 喜剧,,,,,0,0,,,
comedo,'kɒmidәu,n a black-tipped plug clogging a pore of the skin,"n. 粉刺\n[医] 粉刺, 黑头粉刺",,,,,0,0,s:comedoes,,
comedo carcinoma,,,[医] 粉刺癌,,,,,0,0,,,
comedo nevus,,,粉刺痣,,,,,0,0,,,
comedo(nes),,,粉刺,,,,,0,0,,,
comedo-carcinoma,,,粉刺性癌,,,,,0,0,,,
comedo-nevus,,,粉刺样痣,,,,,0,0,,,
comedocarcinoma,",kɔmidәukɑ:si'nәumә",,[医]粉刺状癌,,,,,0,0,,,
comedocarcinoma of nipple,,,粉刺性乳头癌,,,,,0,0,,,
comedocarcinomas,,,[网络] 喜剧片,,,,,0,0,,,
comedocarcinomata,,,[网络] 喜剧片,,,,,0,0,,,
comedoes,'kɒmɪdəʊ; kə'miːdəʊ,,n. [皮肤] 粉刺，面疱,,,,,0,0,0:comedo/1:s,,
comedogen,,,[网络] 喜剧演员,,,,,0,0,,,
comedogenic,ˌkɒmɪdəʊ'dʒenɪk,,[网络] 粉刺；致粉刺性；粉刺生成的,,,,,0,0,,,
comedogenically,,,[网络] 幽默地,,,,,0,0,,,
comedogenicity,,,[网络] 致粉刺性；致粉刺姓；致粉刺性成分,,,,,0,0,,,
comedogenics,kɔmi'dəudʒenik,,adj. 易生黑头粉刺的,,,,,0,0,,,
comedogens,,,[网络] 粉刺,,,,,0,0,,,
comedolytic,,,[网络] 消除粉刺；减少毛囊堵塞；粉刺药膏,,,,,0,0,,,
comedolytics,,,[网络] 粉刺消除剂；消除粉刺药用成分,,,,,0,0,,,
comedomastitis,,,[医] 粉刺状乳腺炎,,,,,0,0,,,
Comedone,,,粉刺,,,,,0,0,,,
comedones,,n a black-tipped plug clogging a pore of the skin,"[医] 粉刺, 黑头粉刺",,,,,0,0,,,
comedor,,,[网络] 饭厅；购煤多而；图片,,,,,0,0,,,
comedos,,,n. 【医】(黑头)粉刷\n[网络] 黑头粉刺,,,,,0,0,,,
comedown,'kʌmdaun,n. decline to a lower status or level,"n. 衰落, 失望, 落魄",n:100,,,,48421,36229,s:comedowns,,
comedowns,'kʌm.daʊn,,n. 败落；没落\n[网络] 衰落；下降；落魄,,,,,0,0,0:comedown/1:s,,
comedy,'kɒmidi,n. light and humorous drama with a happy ending,"n. 喜剧, 有趣的事情",n:100,3,1,gk cet4 cet6 ky toefl ielts,4172,3216,s:comedies,,
comedy ballet,,,[网络] 喜剧芭蕾舞,,,,,0,0,s:comedy ballets,,
comedy ballets,,,[网络] 喜剧芭蕾舞\n(comedy ballet 的复数),,,,,0,0,0:comedy ballet/1:s,,
comedy central,,, 喜剧中心（美国有线频道）,,,,,0,0,,,
comedy drama,,,喜剧性正剧,,,,,0,0,,,
comedy duo,,,[网络] 喜剧二重奏,,,,,0,0,,,
comedy duos,,,[网络] 喜剧二重奏,,,,,0,0,,,
comedy film,,,喜剧影片,,,,,0,0,,,
comedy movie,,, 喜剧片,,,,,0,0,,,
comedy of errors,,,[网络] 错误喜剧；错中错；错误的闹剧,,,,,0,0,,,
comedy of manners,,,n. 风尚喜剧,,,,,0,0,,,
comedy of menace,,,恐吓喜剧,,,,,0,0,,,
comedy psychology,,,[心理] 喜剧心理学,,,,,0,0,,,
comedy-club,,,[网络] 喜剧俱乐部；卡米地喜剧俱乐部；米地俱乐部,,,,,0,0,,,
comedy-drama,,,[网络] 剧情喜剧片；喜剧及剧情片,n:100,,,,0,0,s:comedy-dramas,,
comedy-dramas,,,[网络] 剧情喜剧片；喜剧及剧情片\n(comedy-drama 的复数),,,,,0,0,0:comedy-drama/1:s,,
comedy-romance,,,[网络] 浪漫爱情剧,,,,,0,0,,,
comedytee,,,[网络] 委托人,,,,,0,0,,,
comedywright,'kɔmidirait,,n. 喜剧作家,,,,,0,0,,,
Comeglians,,,科梅良斯,,,,,0,0,,,
Comegliàns,,,[地名] 科梅良斯 ( 意 ),,,,,0,0,,,
comegys,,, [人名] 科米吉斯,,,,,0,0,,,
comehither,,,n. 诱惑；来来\nadj. 迷人的\n[网络] 到这儿来；过来；到这边来,,,,,0,0,,,
comeit,,,[网络] 尽自己之分内事情,,,,,0,0,,,
comel,,,[网络] 它姐；骆驼；卡美伦,,,,,0,0,,,
comel-netherton syndrome(ichthyosis linearis cir-sumflexa),,,Comel-Netherton氏症候群(旋线状鱼鳞病),,,,,0,0,,,
comelec,,,[网络] 选举委员会；选举计票去暗周四晚上；委员会的选举,,,,,0,0,,,
comelico superiore,,,科梅利柯苏佩略雷,,,,,0,0,,,
comelid,,,[网络] 科威特,,,,,0,0,,,
comelier,ˈkʌmli:ə,s. according with custom or propriety\ns. very pleasing to the eye,"a. <文>英俊的, 好看的( comely的比较级 )",,,,,0,0,0:comely/1:r,,
comeliest,,s. according with custom or propriety\ns. very pleasing to the eye,"a. <文>英俊的, 好看的( comely的最高级 )",,,,,0,0,0:comely/1:t,,
comelily,,adv. In a suitable or becoming manner.,adv. comely的变形,,,,,0,0,,,
comelin,,,[网络] 康美灵,,,,,0,0,,,
comeliness,'kʌmlinis,n. the quality of being good looking and attractive,"n. 清秀, 美丽, 合宜",,,,,0,0,s:comelinesses,,
comelinesses,'kʌmlinis,,n. 清秀，漂亮；合宜,,,,,0,0,0:comeliness/1:s,,
comeling,,,"外来人,非在所居之地土生土长者",,,,,0,0,,,
comell,,,[网络] 康奈尔；康乃尔；康奈尔大学,,,,,0,0,,,
comella,,,[网络] 昏迷,,,,,0,0,,,
comelokur,,,[网络] 哥特兰,,,,,0,0,,,
comely,'kʌmli,s according with custom or propriety\ns very pleasing to the eye,"a. 清秀的, 标致的, 美丽的",j:100,,,gre,25290,24705,r:comelier/t:comeliest,,
comely maidens,,,[网络] 先来的少女,,,,,0,0,,,
comelyd,,,[网络] 来了,,,,,0,0,,,
comelyness,,,[网络] 亲切的,,,,,0,0,,,
comember,,,[网络] 会员,,,,,0,0,,,
comembers,,,[网络] 会员,,,,,0,0,,,
comembership,,,[网络] 会员,,,,,0,0,,,
comemberships,,,[网络] 会员,,,,,0,0,,,
comen,,plural of coman,(coman 的复数)  [人名] 科曼,,,,,0,0,0:coman/1:s,,
comenable,,,[网络] 可以接受,,,,,0,0,,,
comenamic acid,,,"[化] 考闷安酸; 4,5-二羟吡啶-2-羧酸",,,,,0,0,,,
comence,,,[网络] 铡熷瓙钻,,,,,0,0,,,
comencini,,,科门奇尼,,,,,0,0,,,
comend,,,[网络] 表彰,,,,,0,0,,,
Comenda,,,[地名] 科门达 ( 葡 ),,,,,0,0,,,
comendador,,,[网络] 科门达多尔；骑士团长,,,,,0,0,,,
comendador (elias pina),,,科门达多(埃利亚斯匹涅),,,,,0,0,,,
Comendador Gomes,,,[地名] 戈麦斯爵士镇 ( 巴西 ),,,,,0,0,,,
Comendador Viana,,,[地名] 维亚纳爵士镇 ( 巴西 ),,,,,0,0,,,
comendite,,,[化] 钠闪碱流岩,,,,,0,0,,,
Comenianism,,,科门尼安主义,,,,,0,0,,,
comenic,,,[网络] comenic是什么意思,,,,,0,0,,,
comenic acid,,,"[医] 可孟酸, 羟基吡┎羰酸(系鸦片中的一种结晶酸,比罂粟酸少一羧基)",,,,,0,0,,,
Comenius,,n. Czech educational reformer (1592-1670),n. (Comenius)人名；(德、捷)科梅纽斯,,,,,0,0,s:comeniuss,,
"Comenius, John Amos",kəu'mi:niəs,,夸美纽斯(1592～1670，摩拉维亚教育改革家、牧师),,,,,0,0,,,
comeniuss,,,n. (Comenius)人名；(德、捷)科梅纽斯\n(comenius 的复数),,,,,0,0,0:comenius/1:s,,
comens,,,[网络] 北京高盟化工有限公司；北京高盟,,,,,0,0,,,
coment,,,[网络] 寲鐗；瀹屽叏阃,,,,,0,0,,,
comenta,,,[网络] 甲虫,,,,,0,0,,,
comentario,,,[网络] 意大利语,,,,,0,0,,,
comentarios,,,[网络] 意见反应,,,,,0,0,,,
comente,,,[网络] 顾客,,,,,0,0,,,
comentropy,kә'mentrәpi,,信息熵,,,,,0,0,,,
Comeolit,,,碳酸锂,,,,,0,0,,,
Comeout,kʌm aut,,na. 出来\n[网络] 出现；现身；出柜,,,,,0,0,,,
comeouter,,,na. 〈美〉脱党[退会]分子；急进分子,,,,,0,0,,,
comeouterism,,,[网络] 考官专业,,,,,0,0,,,
comeouters,,,[网络] 联系人,,,,,0,0,,,
comeover,kʌm ˈəuvə,,na. 从远方来；(从敌方)过来；变挂；〔口语〕欺骗\n[网络] 顺便来访；抓住；丰田来未,,,,,0,0,,,
comephorid,,,[网络] 甲骨文,,,,,0,0,,,
COMEPHORIDAE,,,胎生贝湖鱼科；毛杜父鱼科,,,,,0,0,,,
comer,'kʌmә,n. someone with a promising future,"n. 来的人, 新来者, 有成功希望的人",n:100,,,,12132,9658,s:comers,,
comer effect,,,角形效应,,,,,0,0,,,
comer reflector,,,角形反射镜,,,,,0,0,,,
Comer Vann Woodward,,,[网络] 莫恩·沃德沃德,,,,,0,0,s:comer vann woodwards,,
comer vann woodwards,,,[网络] 莫恩·沃德沃德\n(comer vann woodward 的复数),,,,,0,0,0:comer vann woodward/1:s,,
comerade,,,[网络] 同志,,,,,0,0,,,
comeragh,,,[网络] 库姆拉山,,,,,0,0,s:comeraghs,,
Comeragh Mts.,,,[地名] 库姆拉山 ( 爱 ),,,,,0,0,,,
comeraghs,,,[网络] 库姆拉山\n(comeragh 的复数),,,,,0,0,0:comeragh/1:s,,
comerawnce,,,[网络] 漫画,,,,,0,0,,,
comerback,,,[网络] 回头,,,,,0,0,,,
comercial,,,[网络] 企业宣传片；济宏先生；叶济宏先生,,,,,0,0,,,
comercial message,,,商用消息,,,,,0,0,,,
comercial science,,,n. 商学,,,,,0,0,,,
comerciante,,,[网络] 代理人,,,,,0,0,,,
comerciantes,,,[网络] 参与者,,,,,0,0,,,
Comercinho,,,[地名] 科梅西纽 ( 巴西 ),,,,,0,0,,,
comercio,,,[网络] 商报；巴西；科梅尔西奥,,,,,0,0,,,
comere,,,[网络] 鏋勯；闱炲潎鍖,,,,,0,0,,,
comered,,,[网络] 转身,,,,,0,0,,,
comerford,,," [人名] [爱尔兰姓氏] 科默福德住所名称，来源于古英语人名Cumgra+“津渡”(ford); [人名] [爱尔兰姓氏] 科默福德盖尔语姓氏的英语形式，来源于别名，含义是“混合者，混乱者”(mixer,confuser)",,,,,0,0,,,
comerica,,,[网络] 科美利加；科美利加银行；联信银行,,,,,0,0,,,
comerio,,,[网络] 科梅廖；科梅里奥；科麦里奥,,,,,0,0,,,
comerlongerme,,,[网络] 角龙,,,,,0,0,,,
comero,,, 坐标测量机,,,,,0,0,,,
comerous,,,[网络] 沉重的,,,,,0,0,,,
comers,'kʌməz,n someone with a promising future\nn someone who arrives (or has arrived),n. 来者( comer的名词复数 ); 有成功希望的人,,1,,,0,0,0:comer/1:s,,
comers and goers,,,来来往往的人,,,,,0,0,,,
Comertown,,,[地名] 科默敦 ( 美 ),,,,,0,0,,,
comes,'kɔmis,"n the thick white fluid containing spermatozoa that is ejaculated by the male genital tract\nv move toward, travel toward something or somebody or approach something or somebody\nv reach a destination; arrive by movement or progress\nv come to pass; arrive, as in due course\nv reach or enter a state, relation, condition, use, or position\nv to be the product or result\nv be found or available; The furniture comes unassembled""\nv come forth\nv be a native of\nv extend or reach\nv exist or occur in a certain point in a series\nv cover a certain distance\nv come under, be classified or included\nv happen as a result\nv add up in number or quantity\nv develop into\nv be received\nv come to one's mind; suggest itself\nv come from; be connected by a relationship of blood, for example\nv proceed or get along\nv experience orgasm\nv have a certain priority",v. 来自；从…来（come的三单形式）,,,,,0,0,0:come/1:3,,
comes about,,,na. 发生；(风等)变向；【航海】抢风调向\n[网络] 产生了；起因於,,,,,0,0,,,
comes across,,,na. 尽(义务)；发现；碰见；(穿过…)来到,,,,,0,0,,,
comes across with,,,偿付,,,,,0,0,,,
comes after,,,na. 相继；跟着…来；探寻；来取\n[网络] 随后,,,,,0,0,,,
comes alive,,,活跃起来；看上去像真的,,,,,0,0,,,
comes along,,,na. 进步；同意；一道来；请过来,,,,,0,0,,,
comes and goes,,,[网络] 来来去去；来来往往；来来去去的,,,,,0,0,,,
comes apart,,,na. (精神)错乱；分开了\n[网络] 脱节,,,,,0,0,,,
comes around,,,na. 赶上；达到；袭击\n[网络] 恶有恶报；真相大白；再来,,,,,0,0,,,
comes at,,,v. 得到；达到,,,,,0,0,,,
comes at a price,,,需要付出代价的\n有代价的,,,,,0,0,,,
comes at me,,,攻击我\n冲着我来,,,,,0,0,,,
comes away,,,na. 脱掉,,,,,0,0,,,
comes back,,,na. 回来；想起来；〔口语〕复原；归\n[网络] 恢复,,,,,0,0,,,
comes back to,,,返回到,,,,,0,0,,,
comes before,,,na. 先来；被交付(审判等)\n[网络] 在---之前来到,,,,,0,0,,,
comes between,,,na. 介入…之间；离间,,,,,0,0,,,
comes by,,,na. 到手；通过附近；〔美俚〕拜访\n[网络] 有通过,,,,,0,0,,,
comes clean,,,[网络] 来干净,,,,,0,0,,,
comes close,,,接近,,,,,0,0,,,
comes down,,,na. 败落；退步；(飞机的)下降,,,,,0,0,,,
comes down on,,,申斥；惩罚；索取,,,,,0,0,,,
comes down to,,,v. 降至；归结起来；变为；归结为\n[网络] 涉及到；意指,,,,,0,0,,,
comes down with,,,付钱；染上病,,,,,0,0,,,
comes first,,,[网络] 某物在先；口语中经常表示先做某事；居于首要地位,,,,,0,0,,,
comes for,,,na. 来取(物)；来迎接(人)；同“come at ”,,,,,0,0,,,
comes forth,,,出来；涌现；被公布,,,,,0,0,,,
comes forward,,,na. 出来；出头；(候选人)出来候选；增长\n[网络] 挺身而出,,,,,0,0,,,
comes from,,,v. 来自；出身；归因于；出身；出于；来源于；出身；出自；来源于\n[网络] 来自何方；你的血缘；来自於何处,,,,,0,0,,,
comes from chronos,,,CRON 自动排程,,,,,0,0,,,
comes full circle,,,兜了个圈回到原地,,,,,0,0,,,
comes home,,,回家,,,,,0,0,,,
comes home to roost,,,得到恶报，报应；归还原主,,,,,0,0,,,
comes in,,,na. 进入；当选；上台；(党派)组阁\n[网络] 具有,,,,,0,0,,,
comes in for,,,受到；接受；得到,,,,,0,0,,,
comes in handy,,,[网络] 派上用场；迟早会有用,,,,,0,0,,,
comes in its turn,,,[网络] 轮流；循序而来,,,,,0,0,,,
comes in sight,,,看见；出现,,,,,0,0,,,
comes in sight of,,,可以看得见,,,,,0,0,,,
comes into,,,na. 归入；开始；得到；缔结,,,,,0,0,,,
comes into being,,,形成；产生,,,,,0,0,,,
comes into effect,,,生效实施,,,,,0,0,,,
comes into existence,,,成立；开始存在,,,,,0,0,,,
comes into force,,,生效,,,,,0,0,,,
comes into notice,,,引起注意,,,,,0,0,,,
comes into operation,,,生效；开始实施,,,,,0,0,,,
comes into play,,,开始活动；开始起作用,,,,,0,0,,,
comes into possession,,,获得\n占有,,,,,0,0,,,
comes into possession of,,,占有某物，拥有,,,,,0,0,,,
comes into the world,,,出生；出版,,,,,0,0,,,
comes into their own,,,（在某一特殊情况下）显示出用处（重要性）\n显出本色,,,,,0,0,,,
comes into use,,,开始被使用,,,,,0,0,,,
comes into view,,,看得见；进入视野,,,,,0,0,,,
comes into your own,,,进入全盛时期,,,,,0,0,,,
comes near,,,走进；险些；可与…相比（多用于否定句）,,,,,0,0,,,
comes of,,,na. 由于；出身,,,,,0,0,,,
comes of age,,,[网络] 时代,,,,,0,0,,,
comes off,,,"na. 同“come across”；(人)走了；(扣子,齿,发)脱落",,,,,0,0,,,
comes off it,,,住口；别吹牛了,,,,,0,0,,,
comes on,,,"na. (演员)出台；进行(很好)；(暴风雨等)起；(病,苦痛等)加深",,,,,0,0,,,
comes on to,,,开始；兴盛；对…轻薄，吃豆腐,,,,,0,0,,,
comes out,,,na. 出来\n[网络] 大白,,,,,0,0,,,
comes out in,,,部分皮肤发出红斑、丘疹等,,,,,0,0,,,
comes out of,,,na. 出自；(冲破…)出来,,,,,0,0,,,
comes out with,,,说出；发表；出版；供应，把…投入市场,,,,,0,0,,,
comes over,,,na. 从远方来；(从敌方)过来；变挂；〔口语〕欺骗\n[网络] 顺便来访,,,,,0,0,,,
comes over to,,,过来；从一个地方来到另一个地方,,,,,0,0,,,
comes round,,,[网络] 来了,,,,,0,0,,,
comes through,,,[网络] 来了,,,,,0,0,,,
comes through with,,,提供所需（包括物品或人力）,,,,,0,0,,,
comes to,,,na. 总计为；终于；复原；逆风\n[网络] 谈到,,,,,0,0,,,
comes to a climax,,,登峰造极\n达到高潮,,,,,0,0,,,
comes to a close,,,渐近结束；临终,,,,,0,0,,,
comes to a conclusion,,,得出结论；告终,,,,,0,0,,,
comes to a standstill,,,停住；停滞不前,,,,,0,0,,,
comes to a stop,,,停止,,,,,0,0,,,
comes to an end,,,结束\n完结,,,,,0,0,,,
comes to grips,,,（认真）对付（或处理）,,,,,0,0,,,
comes to life,,,苏醒；表现生动；振作起来,,,,,0,0,,,
comes to light,,,暴露；真相大白；众所周知,,,,,0,0,,,
comes to mind,,,[网络] 让我们想到；跃入脑海,,,,,0,0,,,
comes to nothing,,,失败，终未实现,,,,,0,0,,,
comes to pass,,,实现；发生,,,,,0,0,,,
comes to rest,,,v. 停止移动,,,,,0,0,,,
comes to the fore,,,涌现；崭露头角,,,,,0,0,,,
comes to the point,,,直截了当地说；扼要地说,,,,,0,0,,,
comes together,,,na. 会合,,,,,0,0,,,
comes true,,,[网络] 美丽成真,,,,,0,0,,,
comes under,,,na. 编入；受…的(影响),,,,,0,0,,,
comes under observation,,,被......注意到,,,,,0,0,,,
comes unglued,,,脱胶,,,,,0,0,,,
comes up,,,na. 来；上升；抬头；(暴风雨等)起\n[网络] 做完啦,,,,,0,0,,,
comes up against,,,v. 碰到；遭遇,,,,,0,0,,,
comes up for,,,提出\n出现，来了,,,,,0,0,,,
comes up to,,,v. 达到；等于,,,,,0,0,,,
comes up with,,,na. 补充；提供；赶上；(向人)报仇\n[网络] 提出,,,,,0,0,,,
comes upon,,,na. 碰到；忽然想到；突袭；要求\n[网络] 临到,,,,,0,0,,,
comes with,,,[网络] 谈到；至善堂附增；瑾琅附赠,,,,,0,0,,,
Comes with the territory,,,"早料到了, 早就知道会这样",,,,,0,0,,,
comes-on,,,"na. (演员)出台；进行(很好)；(暴风雨等)起；(病,苦痛等)加深",,,,,0,0,,,
comesa,,, 氨甲酸甲戊炔酯,,,,,0,0,,,
Comesomatidae,,,丽体科,,,,,0,0,,,
comess,'kɒmz,,n. 【天文学】伴星,,,,,0,0,,,
comessation,,,[网络] 消息,,,,,0,0,,,
comessations,,,[网络] 消息,,,,,0,0,,,
Comessatti test,,,[医] 科梅萨提氏试验(检肾上腺素),,,,,0,0,,,
comest,,,[网络] 技术伦理委员会；世界委员会；科学知识与技术伦理委员会,,,,,0,0,,,
comestible,kә'mestibl,n. any substance that can be used as food,a. 可吃的\nn. 食物,,,,gre,0,0,s:comestibles,,
comestible liquid,,,[网络] 液状食物,,,,,0,0,,,
comestibles,'kəmestəblz,n any substance that can be used as food,"n. 食物, 食品; 食物( comestible的名词复数 )",n:100,,,,0,44057,0:comestible/1:s/s:comestibless,,
comestibless,,,"n. 食物, 食品; 食物( comestible的名词复数 )\n(comestibles 的复数)",,,,,0,0,0:comestibles/1:s,,
comestic,,,a. 本国的,,,,,0,0,,,
comestion,,,[网络] 食欲,,,,,0,0,,,
comestor,,,[网络] 消费者,,,,,0,0,,,
comesus,,,[网络] 公司,,,,,0,0,,,
comet,'kɒmit,n. (astronomy) a relatively small extraterrestrial body consisting of a frozen mass that travels around the sun in a highly elliptical orbit,n. 彗星,n:100,2,,toefl ielts,10128,5217,s:comets,,
Comet Bennett,,,[天] 贝内特彗星,,,,,0,0,,,
comet cloud,,,彗星云,,,,,0,0,,,
comet disaster,,,慧星号空难,,,,,0,0,,,
comet family,,,彗星族,,,,,0,0,,,
comet formation,,,(谱带)成彗星状(即拖尾),,,,,0,0,,,
comet grain,,,彗星形晶粒,,,,,0,0,,,
comet group,,,彗星群,,,,,0,0,,,
Comet Halley,,,[网络] 哈雷彗星；哈雷慧星,,,,,0,0,,,
comet head,,, 慧星式气缸盖,,,,,0,0,,,
comet impact,,,彗星撞击,,,,,0,0,,,
comet of Jupiter family,,,木族彗星,,,,,0,0,,,
comet of Naptune familty,,,海王族彗星,,,,,0,0,,,
comet of Neptune family,,,海(王)族彗星,,,,,0,0,,,
comet of Saturn family,,,土族彗星,,,,,0,0,,,
comet of Uranus family,,,天(王)族彗星,,,,,0,0,,,
comet orbit,,,[天] 彗星轨道,,,,,0,0,,,
comet phenomenon,,,彗尾现象,,,,,0,0,,,
comet physics,,,[天物] 彗星物理学,,,,,0,0,,,
comet probe,,,彗星探测器,,,,,0,0,,,
comet r.,,,科米特河,,,,,0,0,,,
Comet Tago-Sato-Kosaka,,,[天] 多胡－佐藤－小坂彗星,,,,,0,0,,,
comet tail,,,"{光点}残影；{俗称}彗星尾, 彗星尾",,,,,0,0,,,
Comet West,,,[天] 威斯特彗星,,,,,0,0,,,
comet-finder,,,na. 观测彗星用的一种望远镜,,,,,0,0,,,
comet-finders,,,[网络] 彗星探测器,,,,,0,0,,,
comet-hunter,,,[网络] 寻彗星镜；彗星猎人,,,,,0,0,,,
comet-like,,,[网络] 彗星般的,j:100,,,,0,0,,,
comet-seeker,,,寻彗镜,,,,,0,0,,,
comet-shaped,'kɒmɪtʃ'eɪpt,,adj. 彗星状的,,,,,0,0,,,
comet-shaped nebula,,,彗状星云,,,,,0,0,,,
comet-shaped spot,,,慧星状斑点,,,,,0,0,,,
comet-tail,,,un. 彗星拖尾；彗尾\n[网络] 彗星尾；慧星尾巴状,,,,,0,0,,,
cometabolism,,,[网络] 共代谢；共代谢作用；共代谢模式,,,,,0,0,,,
cometabolism process,,,共代谢过程,,,,,0,0,,,
cometabolisms,,,[网络] 代谢综合征,,,,,0,0,,,
cometabolite,,,[网络] 代谢产物,,,,,0,0,s:cometabolites,,
cometabolites,,,[网络] 代谢物,,,,,0,0,0:cometabolite/1:s,,
cometal cell,,,彗星样细胞,,,,,0,0,,,
cometal cells,,,"[医] 彗星细胞, 尾状细胞(一种神经胶质细胞)",,,,,0,0,,,
cometallic,kʌmɪ'təlɪk,,adj. 芯子是用不同的金属材料铸成的,,,,,0,0,,,
Cometamin,,,赛可硫胺,,,,,0,0,,,
cometamine,,,环硫胺,,,,,0,0,,,
cometaria,,,[网络] 彗星,,,,,0,0,,,
cometaries,'kɔmitəri,,adj. 彗星的；彗星似的,,,,,0,0,0:cometary/1:s,,
cometarium,,,[网络] ium ium,,,,,0,0,,,
cometary,,a. of or relating to or resembling a comet,"a. 彗星的, 彗星似的",j:100,,,toefl,0,26003,s:cometaries,,
cometary astronomy,,,彗星天文[学],,,,,0,0,,,
cometary burst,,,[天] 彗星爆发,,,,,0,0,,,
cometary dynamics,,,彗星动力学,,,,,0,0,,,
cometary globule,,,彗形球状体,,,,,0,0,,,
cometary halo,,,彗晕,,,,,0,0,,,
cometary head,,,彗头,,,,,0,0,,,
cometary meteor,,,彗生流星,,,,,0,0,,,
cometary nebula,,,彗状星云,,,,,0,0,,,
cometary nucleus,,,彗核,,,,,0,0,,,
cometary pause,,,彗顶,,,,,0,0,,,
cometary physics,,,彗星物理[学],,,,,0,0,,,
cometary stream,,,彗生流星雨,,,,,0,0,,,
cometary tail,,,彗尾,,,,,0,0,,,
Cometela,,,[地名] 科梅泰拉 ( 莫 ),,,,,0,0,,,
cometesimal,,,[网络] 彗星,,,,,0,0,,,
cometesimals,,,[网络] 彗星,,,,,0,0,,,
cometh,,,[网络] 来了,,,,,0,0,,,
cometh er,kəʊ'meðə,,n. 友谊；事情；引诱（等于come-hither）\nadj. 引诱的,,,,,0,0,,,
comether,kәu'meðә,,"n. (=come-hither)引诱, 诱惑\na. (=come-hither)引诱的",,,,,0,0,,,
comethers,,,n. 事情；情况；友谊\n[网络] 引诱,,,,,0,0,,,
cometic,,a of or relating to or resembling a comet,"a. 彗星的, 彗星似的",,,,,0,0,,,
cometic aberration,,,[电] 慧星形像差,,,,,0,0,,,
cometical,,,[网络] 彗星,,,,,0,0,,,
cometless,,,[网络] 无彗星,,,,,0,0,,,
cometlike,,,[网络] 彗星般,,,,,0,0,,,
cometo,,,na. 总计为；结果是；苏醒；把船朝着风头\n[网络] 恢复知觉；达到；到达,,,,,0,0,,,
cometocentric,,,[网络] 偏心,,,,,0,0,,,
cometograph,kʌmɪ'tɒɡrɑ:f,, 彗星摄影仪；彗星照相仪,,,,,0,0,,,
cometographer,,,[网络] 摄影师,,,,,0,0,,,
cometographers,,,[网络] 造影师,,,,,0,0,,,
cometographic,,,[网络] 图画,,,,,0,0,,,
cometographical,,,[网络] 成绩单,,,,,0,0,,,
cometographies,,,[网络] 摄影作品,,,,,0,0,,,
cometography,",kɔmi'tɔ^rәfi","n. A description of, or a treatise concerning, comets.",彗星志,,,,,0,0,,,
cometoid,,,[网络] 老鹰,,,,,0,0,,,
cometology,,,[网络] 本体论,,,,,0,0,,,
cometophobia,,,[医] 慧星恐怖,,,,,0,0,,,
comets,,n. (astronomy) a relatively small extraterrestrial body consisting of a frozen mass that travels around the sun in a highly elliptical orbit,n. 彗星( comet的复数形式 ),,,,,0,0,0:comet/1:s,,
comett,,,abbr. Community Program for Education and Training in Technology 社区技术教育与培训计划,,,,,0,0,s:cometts,,
cometts,,,abbr. Community Program for Education and Training in Technology 社区技术教育与培训计划\n(comett 的复数),,,,,0,0,0:comett/1:s,,
comeupance,,,[网络] come。。,,,,,0,0,s:comeupances,,
comeupances,,,[网络] 再见,,,,,0,0,0:comeupance/1:s,,
comeuppance,.kʌm'ʌpәns,n an outcome (good or bad) that is well deserved,n. 应得的惩罚,n:100,,,,38852,27182,s:comeuppances,,
comeuppances,,plural of comeuppance\nn an outcome (good or bad) that is well deserved,(comeuppance 的复数) n. 应得的惩罚,,,,,0,0,0:comeuppance/1:s,,
Comex,,,[经] 纽约期货交易所,,,,,0,0,,,
COMEXO,,,Committee for the Exploration of the Oceans 海洋勘探委员会,,,,,0,0,,,
comey,,, [人名] 科米,,,,,0,0,,,
COMF,,,"[=cyclophosphamide(Cytoxan),Oncovin(vincristine),methotrexate,and 5-fluorouracil]环磷酰胺、长春新碱、氨甲喋呤和5-氟脲嘧啶",,,,,0,0,,,
CoMFA,,,比较分子力场分析法,,,,,0,0,,,
comfect,,,[网络] 板剁己闄,,,,,0,0,,,
comfier,ˈkʌmfiə,a. providing or experiencing physical well-being or relief (`comfy' is informal),"a. 舒服的, 轻松的( comfy的比较级 )",,,,,0,0,0:comfy/1:r,,
comfies,'kʌmfɪ,,adj. [口语]=comfortable,,,,,0,0,,,
comfiest,,a. providing or experiencing physical well-being or relief (`comfy' is informal),"a. 舒服的, 轻松的( comfy的最高级 )",,,,,0,0,0:comfy/1:t,,
comfiguration registry,,,[计] 配置登录口,,,,,0,0,,,
comfily,'kʌmfili,,adv. 舒服地,,,,,0,0,,,
comfimeter,,,[医] 空气冷却力计,,,,,0,0,,,
comfinement,,,约束,,,,,0,0,,,
comfiness,,,n. comfy的变形,,,,,0,0,,,
comfirmation test,,,确认试验,,,,,0,0,,,
comfit,'kʌmfit,n. candy containing a fruit or nut,"n. 糖果, 蜜饯",,,,,0,0,s:comfits,,
comfited,'kʌmfɪt,,n. 糖果；蜜饯，果脯；糖衣果仁,,,,,0,0,,,
comfiting,'kʌmfɪt,,n. 糖果；蜜饯，果脯；糖衣果仁,,,,,0,0,,,
comfits,,plural of comfit\nn. candy containing a fruit or nut,"(comfit 的复数) n. 糖果, 蜜饯",,,,,0,0,0:comfit/1:s3,,
comfiture,,,[网络] 食物,,,,,0,0,,,
comfitures,,,[网络] 衣服,,,,,0,0,,,
Comfolax,,,磺琥辛酯钠,,,,,0,0,,,
comford,,,[网络] 半套康福德,,,,,0,0,s:comfords,,
comfords,,,[网络] 半套康福德\n(comford 的复数),,,,,0,0,0:comford/1:s,,
comformal projecion,,,正形投影,,,,,0,0,,,
comformance efficiency,,,顺应效应,,,,,0,0,,,
comformation in solution,,, [医]溶液构象,,,,,0,0,,,
comformation theory,,,[机] 构形理论,,,,,0,0,,,
comformational analysis,,, [医]构象分析,,,,,0,0,,,
comformational change,,, [医]构象变化,,,,,0,0,,,
comformational determinant,,, [医]构象（性）决定簇,,,,,0,0,,,
comformational disorder,,, [医]构象无序,,,,,0,0,,,
comformational epitope,,, [医]构象（性）表位,,,,,0,0,,,
comformational inversion,,, [医]构象反转,,,,,0,0,,,
comformational repeating unit,,, [医]构象重复单元,,,,,0,0,,,
comformational restriction,,, [医]构象限制（性）,,,,,0,0,,,
comformational similarity,,, [医]构象相似性,,,,,0,0,,,
comformational switch,,, [医]构象转换（器），构象开关,,,,,0,0,,,
comformational switching,,,[网络] 构象转换,,,,,0,0,,,
comformational transmission,,, [医]构象传递,,,,,0,0,,,
comformity,,,同形度,,,,,0,0,,,
comformity relation,,,[计] 一致性关系,,,,,0,0,,,
comformity relator,,,[计] 一致性关系符,,,,,0,0,,,
comfort,'kʌmfәt,"n. a state of being relaxed and feeling no pain\nn. a feeling of freedom from worry or disappointment\nn. satisfaction or physical well-being provided by a person or thing\nn. assistance, such as that provided to an enemy or to a known criminal","n. 舒适, 安慰, 安慰者\nvt. 安慰",v:30/n:70,3,1,gk cet4 cet6 ky,2827,2928,s:comforts/d:comforted/p:comforted/i:comforting/3:comforts,,
comfort air conditioning,,,适性空气调节,,,,,0,0,,,
comfort air-conditioning,,,适宜空气第；舒适性空气调节,,,,,0,0,,,
comfort and compensate,,,[法] 抚恤,,,,,0,0,,,
comfort behavio(u)r,,,舒适行为,,,,,0,0,,,
comfort break,,,[网络] 舒适休息,,,,,0,0,,,
comfort breaks,,,[网络] 舒适休息,,,,,0,0,,,
Comfort Castle,,,[地名] 康福特堡 ( 牙 ),,,,,0,0,,,
comfort chart,,,舒适图,,,,,0,0,,,
comfort control,,,【工程】舒适控制,,,,,0,0,,,
comfort cooling,,,适度冷却,,,,,0,0,,,
comfort current,,,舒适气流,,,,,0,0,,,
comfort curve,,,【工程】舒适曲线,,,,,0,0,,,
comfort eating,,,[网络] 安慰进食；慰藉进食；安慰自己,,,,,0,0,,,
comfort factor,,,安慰因素；笼络感情(指参加竞选的候选人与选民的友善关系),,,,,0,0,,,
comfort fibre,,,(一种平织用的高张力聚酯纤维)舒适纤维,,,,,0,0,,,
comfort fic,,,[网络] 舒适fic,,,,,0,0,,,
comfort food,ˈkʌmfət fu:d,," 以古法烹调, 旨在引发思古幽情及怀旧的食物",,,,,0,0,s:comfort foods,,
comfort foods,,,[网络] 舒适食物；慰藉食物；令人开心的食物,,,,,0,0,0:comfort food/1:s,,
comfort for,,,因…而安慰,,,,,0,0,,,
comfort girl,,,[网络] 慰安妇,,,,,0,0,,,
comfort girls,,,[网络] 安慰女孩,,,,,0,0,,,
comfort humidity,,,舒适湿度,,,,,0,0,,,
comfort index,,,舒适指数,,,,,0,0,,,
comfort insulation,,,un. 舱室设备绝缘,,,,,0,0,,,
comfort letter,,,[经] 告忍函,,,,,0,0,,,
comfort level,,,舒适度(指相处的融洽程度)，安适水平，融洽水平,,,,,0,0,,,
comfort line,,,[医] 舒适线(温度),,,,,0,0,,,
comfort movement,,,慰抚行动,,,,,0,0,,,
comfort noise,,, 舒适噪声,,,,,0,0,,,
comfort noise generation,,,柔和噪音产生器,,,,,0,0,,,
comfort noise generator,,,[网络] 舒适杂讯生成；噪音产生器；舒适噪声产生器,,,,,0,0,,,
comfort requirement,,,适要求,,,,,0,0,,,
comfort room,,,na. 〈美〉公厕\n[网络] 舒适客房；指厕所；舒适房,,,,,0,0,,,
comfort rooms,,,[网络] 舒适房,,,,,0,0,,,
comfort standard,,,舒适范围,,,,,0,0,,,
comfort station,,,公共厕所,,,,,0,0,s:comfort stations,,
comfort stations,,,na. 〈美〉公厕\n[网络] 舒适站；一站式服务店,,,,,0,0,0:comfort station/1:s,,
comfort stop,,,n. (公路上设有长途客车的)休息停车,,,,,0,0,,,
comfort stretch,,,伸缩织物,,,,,0,0,,,
comfort temperature,,,舒适温度,,,,,0,0,,,
comfort to terms,,,成协议,,,,,0,0,,,
comfort with,,,用…安慰某人; 用…来使…舒服,,,,,0,0,,,
comfort woman,ˈkʌmfət ˈwumən,, 慰安妇,,,,,0,0,s:comfort women,,
comfort women,,,[网络] 慰安妇；军妓慰安妇；慰安妇了,,,,,0,0,0:comfort woman/1:s,,
comfort you,,,[网络] 轻轻的安慰你；给你安慰；安慰着你,,,,,0,0,,,
comfort zone,,,[医] 舒适带(温度),,,,,0,0,s:comfort zones,,
comfort zones,,,un. 舒适区；适宜室温范围；舒适范围；适佳范围\n[网络] 地带；安适地带；舒适环境,,,,,0,0,0:comfort zone/1:s,,
comfort-able,,,[网络] 舒适,,,,,0,0,,,
comfort-eat,,,[网络] 安心吃,,,,,0,0,,,
comfort-food,,,n. 安抚心情的食物；慰藉食物；安抚食物\n[网络] 安慰食物；爽心美食；食品,,,,,0,0,,,
comfort-oriented,,,[网络] 舒适型,,,,,0,0,,,
comfort-women,,,[网络] 慰安妇；军妓慰安妇；慰安妇了,,,,,0,0,,,
comfortabilities,,,n. comfortable的变形,,,,,0,0,,,
comfortability,,,[网络] 舒适性；舒适度；舒适性能,,,,,0,0,,,
comfortable,'kʌmfәtәbl,a. providing or experiencing physical well-being or relief (`comfy' is informal)\na. free from stress or conducive to mental ease; having or affording peace of mind\ns. more than adequate\ns. sufficient to provide comfort,"a. 舒服的, 轻松的\nn. 盖被",j:100,3,1,zk gk cet4 cet6 ky ielts,2195,1701,,,
comfortable area,,,[医] 舒适区,,,,,0,0,,,
comfortable as an old shoe,,,〈口〉不刻板;不拘谨;容易相处,,,,,0,0,,,
comfortable car,,,舒适轿车,,,,,0,0,,,
comfortable cooling,,,[化] 适度冷却,,,,,0,0,,,
comfortable environment,,,[网络] 舒适的环境；舒适环境；环境舒适,,,,,0,0,,,
comfortable feel,,,[网络] 手感舒适,,,,,0,0,,,
comfortable in one's own skin,,"comfortable in one's own skin\n(idiomatic) Relaxed and confident in one's manner of presenting oneself and interacting with others; conveying the impression that one has a clear, satisfying understanding of one's own abilities and situation.\n",,,,,,0,0,,,
comfortable level,ˈkʌmfətəbl ˈlevl,, [医]舒适级,,,,,0,0,,,
comfortable representation,,,[计] 舒适表示法,,,,,0,0,,,
comfortable temperature,,,舒适温度,,,,,0,0,,,
comfortable winner,,,轻易获胜者,,,,,0,0,,,
comfortableness,,n. State of being comfortable.,n. comfortable的变形,,,,,0,0,s:comfortablenesses,,
comfortablenesses,,,舒适度,,,,,0,0,0:comfortableness/1:s,,
comfortabler,ˈkʌmftəbl,,adj. 舒服的，舒适的；安慰的；安逸的；惬意的，愉快的\nn. [美国英语]盖被,,,,,0,0,,,
comfortables,,,n. 丰富的( comfortable的名词复数 ); （衣服、家具等）使人舒服的; 愉快放松的; 自信而无忧虑的,,,,,0,0,,,
comfortablest,ˈkʌmftəbl,,adj. 舒服的，舒适的；安慰的；安逸的；惬意的，愉快的\nn. [美国英语]盖被,,,,,0,0,,,
comfortably,'kʌmfәtәbli,r. in mental comfort; without stress\nr. in physical comfort,"adv. 安乐地, 舒服地, 宽裕地",r:100,1,1,,5959,6887,,,
comfortably numb,,, 惬意的麻木；舒适的麻木,,,,,0,0,,,
comfortably off,ˈkʌmfətəblɪ ɔf,,a. 相当富有的,,,,,0,0,,,
comfortably-off,,,adj. 相当富有的,,,,,0,0,,,
comfortation,,,[网络] 舒适,,,,,0,0,,,
comfortative,,,[网络] 舒适的,,,,,0,0,,,
comfortatives,,,[网络] 舒适度,,,,,0,0,,,
comfortcake,,,[网络] 舒适的蛋糕,,,,,0,0,,,
comforted,ˈkʌmfətid,imp. & p. p. of Comfort,"v. 安慰, 使舒适( comfort的过去式和过去分词 )",,,,,0,0,0:comfort/1:dp,,
comfortedest,,,[网络] 最安慰,,,,,0,0,,,
comfortedst,,,[网络] 安慰,,,,,0,0,,,
comforter,'kʌmfәtә,n. device used for an infant to suck or bite on,"n. 安慰的人, 安慰者, 圣灵",n:100,,,,32897,16393,s:comforters,,
comforter batt,,,被胎,,,,,0,0,,,
comforters,ˈkʌmfətəz,"n. commiserates with someone who has had misfortune\nn. a person who reduces the intensity (e.g., of fears) and calms and pacifies\nn. bedding made of two layers of cloth filled with stuffing and stitched together",n. 安慰者( comforter的复数形式 ); 羊毛围巾; 增加对方痛苦的安慰者; 橡皮奶头,,,,,0,0,0:comforter/1:s,,
comfortest,'kʌmfət,,vt. 安慰；使得到慰藉；鼓舞：；使舒服，使舒适：\nn. 安慰；慰藉；抚慰；安慰者；给予安慰的东西；舒适的设备,,,,,0,0,,,
comforteth,,,[网络] 安慰,,,,,0,0,,,
comfortfic,,,[网络] 舒适,,,,,0,0,,,
comfortful,,,[网络] 舒适,,,,,0,0,,,
comfortin',,,[网络] 安慰',,,,,0,0,,,
comforting,'kʌmfәtiŋ,s. providing freedom from worry\ns. affording comfort or solace,"a. 安慰的, 令人鼓舞的",j:100,1,,,9880,7742,0:comfort/1:i/s:comfortings,,
comfortingly,'kʌmfətiŋli,r. in a comforting or consoling manner,adv. 令人欣慰地；安慰地,r:100,,,,26556,34161,,,
comfortingness,,,[网络] 安慰,,,,,0,0,,,
comfortings,,,[网络] 安慰,,,,,0,0,0:comforting/1:s,,
comfortive,,,[网络] 舒适的,,,,,0,0,,,
comfortization,,,[医] 使舒适,,,,,0,0,,,
comfortize,,,[网络] 舒适,,,,,0,0,,,
comfortless,'kʌmfәtlis,s. without comfort,"a. 无安慰的, 不舒服的, 不自在的",j:100,,,,39505,44652,,,
comfortlessly,,,"adv. 不舒服地,孤单地",,,,,0,0,,,
comfortlessness,,,"n. 不舒服,孤单",,,,,0,0,,,
comfortment,,,[网络] 舒服,,,,,0,0,,,
comfortments,,,[网络] 舒适,,,,,0,0,,,
comfortress,,,[网络] 舒适,,,,,0,0,,,
comfortresses,,,[网络] 舒适的,,,,,0,0,,,
comforts,ˈkʌmfəts,"n things that make you comfortable and at ease\nn a state of being relaxed and feeling no pain\nn a feeling of freedom from worry or disappointment\nn the act of consoling; giving relief in affliction\nn a freedom from financial difficulty that promotes a comfortable state\nn satisfaction or physical well-being provided by a person or thing\nn bedding made of two layers of cloth filled with stuffing and stitched together\nn assistance, such as that provided to an enemy or to a known criminal\nv give moral or emotional strength to\nv lessen pain or discomfort; alleviate","n. 安慰( comfort的名词复数 ); 舒适; 使人舒服的事物; 给予援助或安慰的人或事\nv. 安慰, 使舒适( comfort的第三人称单数 )",,,,,0,0,0:comfort/1:s3/s:comfortss,,
comfortss,,,"n. 安慰( comfort的名词复数 ); 舒适; 使人舒服的事物; 给予援助或安慰的人或事\nv. 安慰, 使舒适( comfort的第三人称单数 )\n(comforts 的复数)",,,,,0,0,0:comforts/1:s,,
comfrey,'kʌmfri,n. perennial herbs of Europe and Iran; make rapidly growing groundcover for shaded areas\nn. leaves make a popular tisane; young leaves used in salads or cooked,n. 聚合草\n[医] 西门肺草,n:100,,,,41370,32599,s:comfreys,,
comfrey extract,,,紫草萃取液,,,,,0,0,,,
comfrey root,,,"[医] 黑草[根], 西门肺草[根]",,,,,0,0,,,
comfreys,,plural of comfrey\nn. perennial herbs of Europe and Iran; make rapidly growing groundcover for shaded areas\nn. leaves make a popular tisane; young leaves used in salads or cooked,(comfrey 的复数) n. 聚合草\n[医] 西门肺草,,,,,0,0,0:comfrey/1:s,,
comfterble,,,[网络] 自在,,,,,0,0,,,
comftorble,,,[网络] 自在,,,,,0,0,,,
COMfuel,,,煤粉石油混合燃料,,,,,0,0,,,
comfy,'kʌmfi,a providing or experiencing physical well-being or relief (`comfy' is informal),"a. 舒服的,轻松的",j:100,,,,19160,16058,r:comfier/t:comfiest,,
comgage,,,[网络] 按揭,,,,,0,0,,,
comhabitant,,,[网络] 居民,,,,,0,0,,,
comi,,,n. (Comi)人名；(法、西、意)科米,,,,,0,0,,,
comi-tragedy,",kɒmə'trædʒədɪ",,n. 喜悲剧（含喜剧成分的悲剧）,,,,,0,0,,,
comibaena argentataria,,,白角斑绿尺蛾,,,,,0,0,,,
comibol,,,abbr. Corporacion Minera de Bolivia （西班牙语）玻利维亚矿业公司,,,,,0,0,s:comibols,,
comibols,,,abbr. Corporacion Minera de Bolivia （西班牙语）玻利维亚矿业公司\n(comibol 的复数),,,,,0,0,0:comibol/1:s,,
comic,'kɒmik,a. of or relating to or characteristic of comedy,"n. 连环漫画, 喜剧演员, 滑稽的人\na. 滑稽的, 有趣的, 喜剧的",j:61/n:39,2,,ky toefl ielts gre,6002,5277,s:comics,,
comic advertisements,,,娱乐性广告,,,,,0,0,,,
comic book,ˈkɔmik buk,,n. 连环漫画册,,1,,,0,0,s:comic books,,
comic books,,,na. 〈美〉连环漫画杂志\n[网络] 漫画书；连环漫画书；连环画,,,,,0,0,0:comic book/1:s,,
Comic Cuts,,,[网络] 连环漫画；漫画剪辑；滑稽选辑,,,,,0,0,,,
comic dialogue,ˈkɔmik ˈdaiəlɔɡ,, 相声,,,,,0,0,,,
comic effect,,,[网络] 喜剧效果,,,,,0,0,,,
comic market,,,漫画同仁杂志展销市场,,,,,0,0,,,
comic mode,,,连环图式,,,,,0,0,,,
comic molecule,,,三原子分子,,,,,0,0,,,
comic newspaper,,,漫画新闻报,,,,,0,0,,,
comic opera,ˈkɔmik ˈɔpərə,, 喜歌剧,,,,,0,0,s:comic operas,,
comic operas,,,n. 喜歌剧,,,,,0,0,0:comic opera/1:s,,
comic paper,,,n. 连环图画纸,,,,,0,0,,,
comic relief,,,"喜剧场面,滑稽场面",,,,,0,0,,,
comic stage,,,[网络] 漫画剧场,,,,,0,0,,,
comic strip,,,连环漫画,,,,,0,0,s:comic strips,,
comic strips,,,na. 连环漫画\n[网络] 连环画；连环画博物馆；漫画集,,,,,0,0,0:comic strip/1:s,,
comic-book,,,连环漫画册,j:100,,,,0,0,s:comic-books,,
comic-book-style,,,[网络] 漫画书风格,,,,,0,0,,,
comic-books,,plural of comic-book,(comic-book 的复数) 连环漫画册,,,,,0,0,0:comic-book/1:s,,
comic-con,,,[网络] 圣地亚哥动漫展；圣地亚哥动漫展会；圣地亚哥国际动漫展,,,,,0,0,,,
comic-opera,,,喜歌剧,,,,,0,0,s:comic-operas,,
comic-operas,,,comic-opera\nadj.\ncomic opera的变形\ncomic opera\n喜歌剧,,,,,0,0,0:comic-opera/1:s,,
comic-oriented image,,,连环式定向画面,,,,,0,0,,,
comic-relief,,,abbr. (=comedy relief)\n[网络] 漫画救济,,,,,0,0,,,
comic-strip,,,na. 连环漫画\n[网络] 连环画；连载漫画；连环图画,j:100,,,,0,0,s:comic-strips,,
comic-strip oriented image,,,"[计] 连环漫画定向映象, 倒转图象, 滑稽图象",,,,,0,0,,,
comic-strip-oriented image,,,un. 纵长方形图像\n[网络] 纵长方形图象,,,,,0,0,,,
comic-strips,,,连环画（comic strip的复数）,,,,,0,0,0:comic-strip/1:s,,
comical,'kɒmikәl,s arousing or provoking laughter,"a. 好笑的, 滑稽的",j:100,1,,toefl,18500,14711,,,
Comical Ali,,,[网络] 小丑阿里；滑稽阿里,,,,,0,0,,,
Comical Farce,,,[网络] 滑稽戏,,,,,0,0,,,
comicalish,,,[网络] 可笑的,,,,,0,0,,,
comicalities,",kɔmi'kæliti",pl.  of Comicality,n. 诙谐；滑稽,,,,,0,0,0:comicality/1:s,,
comicality,",kɔmi'kæliti",n the quality of being comical,"n. 滑稽性, 诙谐的事",,,,,0,0,s:comicalities,,
comically,,r. in a comical manner,adv. 滑稽地；诙谐地,r:100,,,,22421,20186,,,
comicalness,,,[网络] 漫画,,,,,0,0,,,
comicalnesses,,,n. comical的变形,,,,,0,0,,,
comicana,,"comicana pl (plural only)\nThings, ideas, or practices associated with or distinctive of comic books.\n",,,,,,0,0,,,
comicbook,,,n. 漫画书\n[网络] 相片加对白；是漫画书；漫画相机,,,,,0,0,,,
comiccon,,,[网络] 动漫展；动漫大会；动漫展见面会,,,,,0,0,,,
Comice,'kɒmɪk,,[网络] 考密斯梨；美国考蜜斯梨,,,,,0,0,s:comices,,
COMICEDEFOR,,,"Commander, United States Iceland Defense Force 美国冰岛防卫部队司令官",,,,,0,0,,,
comicellization,,,[化] 共胶束化,,,,,0,0,,,
comices,,,[网络] 国民会议；米凯司,,,,,0,0,0:comice/1:s,,
comici,,,科米奇,,,,,0,0,s:comicis,,
comicis,,,科米奇\n(comici 的复数),,,,,0,0,0:comici/1:s,,
comicly,,,[网络] 漫画,,,,,0,0,,,
comicness,,,[网络] 漫画,,,,,0,0,,,
comico-,,,[网络] 高美高；迪莱克丝；高美高女包,,,,,0,0,,,
comicry,,,[网络] 漫画,,,,,0,0,,,
comics,'kɔmiks,n a sequence of drawings telling a story in a newspaper or comic book\nn a professional performer who tells jokes and performs comical acts,n. 连环画；漫画；喜剧演员（comic的复数形式）,,,,,0,0,0:comic/1:s,,
comicsverse,,,[网络] 漫画,,,,,0,0,,,
comicsverses,,,[网络] 漫画师,,,,,0,0,,,
comiculate,,,有小角的；有小角状器官的,,,,,0,0,,,
comicverse,,,n. 幽默诗,,,,,0,0,,,
comicverses,,,[网络] 漫画,,,,,0,0,,,
comida,,,[网络] 食品；吃饭；食品类,,,,,0,0,,,
comiferous,,,[网络] 混合的,,,,,0,0,,,
comigrate,,,[网络] 移民,,,,,0,0,s:comigrates,,
comigrated,,,[网络] 移民,,,,,0,0,0:comigrate/1:p,,
comigrates,,,[网络] 。。。,,,,,0,0,0:comigrate/1:s3,,
comigrating,,,[网络] 漫画,,,,,0,0,0:comigrate/1:i,,
comigration,kʌmɪɡ'reɪʃn,,[医]协同泳动,,,,,0,0,,,
comilitant,,,[网络] 好运气,,,,,0,0,,,
Comilla,,,[地名] 库米拉 ( 孟 ),,,,,0,0,,,
comilla (kumilla),,,库米拉,,,,,0,0,,,
Comilla Dist.,,,[地名] 库米拉县 ( 孟 ),,,,,0,0,,,
Comilla District,,,[网络] 库米拉县,,,,,0,0,,,
comillas,,, [地名] [西班牙] 科米利亚斯,,,,,0,0,,,
comimetic,,,[网络] 有趣的,,,,,0,0,,,
comin,,,n. (Comin)人名；(西、意)科明；(法)科曼,,,,,0,0,s:comins,,
comin',,,[网络] 我看不见,,,,,0,0,,,
comin' at ya,,,[网络] 来者不善,,,,,0,0,,,
comin' at you,,,[网络] 冲你来了,,,,,0,0,,,
comin' down,,"A term used by southern rappers(Houston)to describe how to come up or show up\n> ""Man I'm comin down and ya kno I'm thoed/on the microphone/rocks in my earlobe-Big Moe\n",,,,,,0,0,,,
cominal,,,[网络] 小提琴,,,,,0,0,,,
cominalte,,,[网络] 公报,,,,,0,0,,,
cominaltee,,,[网络] 委员,,,,,0,0,,,
COMINCH,,,abbr. Commander-in-Chief〈美〉（舰队）总司令,,,,,0,0,,,
cominer,,,[网络] 彗星,,,,,0,0,,,
Comines,,,[网络] 米尼斯；可米呢斯；柯米尼斯,,,,,0,0,,,
Cominetto,,,[网络] 科内托,,,,,0,0,,,
COMINEWARCOM,,,[网络] 水雷战指挥部指挥官,,,,,0,0,,,
Cominform,'kɔminfɔ:m,,n. 共产党和工人党情报局,,,,,0,0,s:cominforms,,
cominforms,'kɔminfɔ:m,,n. 共产党和工人党情报局（1947-1956，参加者有苏、法、意等九国欧洲共产党，等于Communist Information Bureau）,,,,,0,0,0:cominform/1:s,,
coming,'kʌmiŋ,"n the act of drawing spatially closer to something\nn arrival that has been awaited (especially of something momentous)\nn the temporal property of becoming nearer in time\nn the moment of most intense pleasure in sexual intercourse\nv move toward, travel toward something or somebody or approach something or somebody\nv reach a destination; arrive by movement or progress\nv come to pass; arrive, as in due course\nv reach or enter a state, relation, condition, use, or position\nv to be the product or result\nv be found or available; The furniture comes unassembled""\nv come forth\nv be a native of\nv extend or reach\nv exist or occur in a certain point in a series\nv cover a certain distance\nv come under, be classified or included\nv happen as a result\nv add up in number or quantity\nv develop into\nv be received\nv come to one's mind; suggest itself\nv come from; be connected by a relationship of blood, for example\nv proceed or get along\nv experience orgasm\nv have a certain priority\ns of the relatively near future","n. 来临\na. 就要来的, 接着的",j:62/n:38,5,,,5247,4720,0:come/1:i/s:comings,,
coming - out party,,,[网络] 出柜晚会,,,,,0,0,,,
coming about,,,na. 发生；(风等)变向；【航海】抢风调向\n[网络] 正在发生的事；改变航向；起因於,,,,,0,0,,,
coming across,,,na. 尽(义务)；发现；碰见；(穿过…)来到\n[网络] 偶遇；偶然遇见；偶遇加入列表,,,,,0,0,,,
coming across with,,,偿付,,,,,0,0,,,
coming after,,,na. 相继；跟着…来；探寻；来取,,,,,0,0,,,
coming alive,,,[网络] 舞蹈静心,,,,,0,0,,,
coming along,,,"[建] 升, 遂",,,,,0,0,,,
coming and going,,,[网络] 来来往往；来来去去；来与去,,,,,0,0,,,
coming apart,,,na. (精神)错乱；分开了\n[网络] 分崩离析；寂寞摄影机；各自为政,,,,,0,0,,,
coming around,,,na. 赶上；达到；袭击\n[网络] 准备好了；来拜访；顺便来访,,,,,0,0,,,
coming at,,,v. 得到；达到,,,,,0,0,,,
coming at a price,,,需要付出代价的\n有代价的,,,,,0,0,,,
coming at me,,,攻击我\n冲着我来,,,,,0,0,,,
coming attraction,,,[网络] 即将到来的致命吸引力；未来的惊涛,,,,,0,0,s:coming attractions,,
coming attractions,,,[网络] 预告片；吸引注意；后续亮点,,,,,0,0,0:coming attraction/1:s,,
coming away,,,na. 脱掉,,,,,0,0,,,
coming away with,,,和······一起离开,,,,,0,0,,,
coming back,ˈkʌmɪŋ bæk,, 回去,,,,,0,0,s:coming backs,,
coming back to,,,返回到,,,,,0,0,,,
coming backs,,,回来；记起；恢复原状，重新流行,,,,,0,0,0:coming back/1:s,,
coming before,,,na. 先来；被交付(审判等)\n[网络] 臨以前,,,,,0,0,,,
coming between,,,na. 介入…之间；离间,,,,,0,0,,,
coming by,,,na. 到手；通过附近；〔美俚〕拜访,,,,,0,0,,,
coming clean,,,[网络] 坦白；未来清洁；快要清零了,,,,,0,0,,,
coming close,,,接近,,,,,0,0,,,
coming crisis in Western sociology,,,面临的危机,,,,,0,0,,,
coming down,,,na. 没落；退步；(飞机的)下降\n[网络] 我并将在你到来的地方；下来图片；从父降下来的,,,,,0,0,,,
coming down on,,,申斥；惩罚；索取,,,,,0,0,,,
coming down the pike,,,[网络] 短兵相接,,,,,0,0,,,
coming down to,,,归根结底，可归结为；实质上是,,,,,0,0,,,
coming down with,,,na. 〈口〉出(钱)；害病；病倒\n[网络] 付钱；染上…病；得病,,,,,0,0,,,
Coming events cast their shadows before,,,无风不起浪,,,,,0,0,,,
Coming events cast their shadows before .,,,[谚语]未来之事必有征兆。,,,,,0,0,,,
Coming events cast their shadows before them .,,,[谚语]未来之事必有征兆。,,,,,0,0,,,
Coming events cast their shadows before.,,,st. 无风不起浪.,,,,,0,0,,,
coming first,,,[网络] 为先到之物,,,,,0,0,,,
coming for,,,na. 来取(物)；来迎接(人)；同“come at ”,,,,,0,0,,,
coming forth,,,[网络] 出来,,,,,0,0,,,
coming forth with,,,涌出\n呈现,,,,,0,0,,,
coming forward,,,na. 出来；出头；(候选人)出来候选；增长,,,,,0,0,,,
coming from,,,"感受,情绪状况 [亦作where you're coming from]",,,,,0,0,,,
coming full circle,,,[网络] 即将到来的完整图案；圆满的结局；又回到了起点,,,,,0,0,,,
coming half term,,,"次届,次期",,,,,0,0,,,
coming half year,,,"次届,次期",,,,,0,0,,,
coming home,,, 回家（歌曲名）；返乡（小说名）,,,,,0,0,,,
coming in,,,"进入, 开始",,,,,0,0,,,
coming in for,,,受到；接受；得到,,,,,0,0,,,
coming in handy,,,迟早有用,,,,,0,0,,,
coming in heat,,,发情,,,,,0,0,,,
coming into,,,na. 归入；开始；得到；缔结\n[网络] 进入,,,,,0,0,,,
coming into being,,,[网络] 生成；存有,,,,,0,0,,,
coming into court,,,[网络] 进入法庭,,,,,0,0,s:comings into court,,
coming into force,,,同生效日期,,,,,0,0,,,
coming into heat,,,发情,,,,,0,0,,,
coming into step,,,[化] 进入同步,,,,,0,0,,,
coming into their own,,,（在某一特殊情况下）显示出用处（重要性）\n显出本色,,,,,0,0,,,
coming into your own,,,进入全盛时期,,,,,0,0,,,
coming near,,,[网络] 来；来临了,,,,,0,0,,,
coming of,,,na. 由于；生自,,,,,0,0,,,
coming of age,,,n. 成年；成人年龄\n[网络] 不是时代来临；而是成年；成长,,,,,0,0,,,
coming off,,,"na. 同“come across”；(人)走了；(扣子,齿,发)脱落\n[网络] 脱掉；离开",,,,,0,0,,,
coming off it,,,住口；别吹牛了,,,,,0,0,,,
coming on,,,"na. (演员)出台；进行(很好)；(暴风雨等)起；(病,苦痛等)加深\n[网络] 接近；现译为；到来",,,,,0,0,,,
coming on to,,,开始；兴盛；对…轻薄，吃豆腐,,,,,0,0,,,
coming on-line,,,即将连线,,,,,0,0,,,
coming out,,,新发行的股票,,,,,0,0,,,
coming out in,,,部分皮肤发出红斑、丘疹等,,,,,0,0,,,
coming out of,,,从……中走出（coming是come的现在分词）,,,,,0,0,,,
coming out of my shell,,,[网络] 走出我的躯壳,,,,,0,0,,,
coming out of one's ears,,,na. 〈非正式〉大量的\n[网络] 多的不得了；应有尽有地；充裕地,,,,,0,0,,,
coming out of the closet,,,[网络] 出柜；公开承认自己的性取向；纷纷出柜,,,,,0,0,,,
coming out of the cupboard,,"""coming out of the cupboard"" is a figure of speech for popular or non popular people's disclosure of their secret obsession for Harry Potter.\r\nThe term comes from the well know phrase ""coming out of the closet"" which refers to a person revealing that they are gay/lesbian.\r\nThe ""closet"" part is replaced by ""cupboard"" because, as we know, Harry Potter lived in the ""cupboard under the stairs"" in the beginning of the book series.\n> I guess I'm finally coming out of the cupboard. I didn't really want people to know I was secretly obsessed with Harry Potter\n",,,,,,0,0,,,
coming out party,,, [电影]出柜晚会,,,,,0,0,,,
coming out with,,,说出；发表；出版；供应，把…投入市场,,,,,0,0,,,
coming over,,,na. 传来；(从敌方)过来；变挂；〔口语〕欺骗,,,,,0,0,,,
coming over to,,,过来；从一个地方来到另一个地方,,,,,0,0,,,
coming right up,,,马上来,,,,,0,0,,,
coming round,,,[网络] 汇集于此,,,,,0,0,,,
coming round the mountain,,,环山方舞,,,,,0,0,,,
coming soon,,, [电影]厉鬼将映; 厉鬼即将复仇,,,,,0,0,,,
coming through,,,[网络] 劳伦斯之爱；借过；来了来了,,,,,0,0,,,
Coming through the Rye,,,[网络] 越求麦田；当我行过麦堆；走过麦田,,,,,0,0,,,
coming through with,,,提供所需（包括物品或人力）,,,,,0,0,,,
coming to,,,na. 总计为；结果是；苏醒；把船朝着风头\n[网络] 来；达到；来到,,,,,0,0,,,
coming to a close,,,渐近结束；临终,,,,,0,0,,,
coming to a single anchor,,,抛单锚,,,,,0,0,,,
coming to grips,,,（认真）对付（或处理）,,,,,0,0,,,
coming to life,,,[网络] 变得活跃；苏醒过来；苏活,,,,,0,0,,,
coming to light,,,暴露；真相大白；众所周知,,,,,0,0,,,
coming to the fore,,,[网络] 冒尖,,,,,0,0,,,
coming to town,,,[网络] 来镇；来到本地；来到镇,,,,,0,0,,,
coming together,,,na. 会合\n[网络] 一起；一起来；相聚在一起吧,,,,,0,0,s:coming togethers,,
coming togethers,,,vi. 集合,,,,,0,0,0:coming together/1:s,,
coming true,,,[网络] 梦想成真；成真了；就像梦想终于成真,,,,,0,0,,,
coming under,,,na. 编入；受…的(影响),,,,,0,0,,,
coming unglued,,,[网络] 今后脱胶；士气颓丧,,,,,0,0,,,
coming up,,,[口语](饭菜等)准备好啦；这就端上来啦,,,,,0,0,,,
coming up against,,,na. 遇到(困难)；与…矛盾\n[网络] 面临困难,,,,,0,0,,,
coming up for,,,提出\n出现，来了,,,,,0,0,,,
coming up for air,,,[网络] 上来透口气；游上来吸口气；换气,,,,,0,0,,,
coming up roses,,,[网络] 成长的玫瑰；玫瑰含苞欲放；第二章节,,,,,0,0,,,
coming up to,,,v. 达到；等于,,,,,0,0,,,
coming up with,,,na. 补充；提供；赶上；(向人)报仇\n[网络] 想出某事,,,,,0,0,,,
coming up!,,,na. “come up”的现在分词；立正!\n[网络] 呼之欲出；出现；接下来,,,,,0,0,,,
coming upon,,,na. 碰到；忽然想到；突袭；要求\n[网络] 苦难临到,,,,,0,0,s:comings upon,,
coming with,,,与……一起供给；伴随……发生；从……开始,,,,,0,0,,,
coming-along,,,（面团）发起来,,,,,0,0,,,
coming-back,,,回去,,,,,0,0,,,
coming-in,,,"n. 进入,开始",,,,,0,0,,,
coming-of-age,'kʌmɪŋ'əv'eɪdʒ,,"n. 成年, 成熟",j:91/n:9,,,,0,0,s:comings-of-age,,
coming-on,,,"adj. 服从的,顺服的",,,,,0,0,s:comings-on,,
coming-out,'kʌmɪŋ'aʊt,,n. 女子初入社交界,,,,,0,0,s:comings-out,,
coming-out party,,,[网络] 少女初入社交界的交谊会；介绍性舞会；走出去的聚会,,,,,0,0,,,
coming-to-know,,,[网络] 得知；学习如同理解,,,,,0,0,,,
coming-to-terms,,,[网络] 达成协议；认定,,,,,0,0,,,
coming-together,,,na. 会合\n[网络] 一起；一起来；相聚在一起吧,,,,,0,0,,,
coming-up,,,na. “come up”的现在分词；立正!\n[网络] 接下来要做的；升温过程；出现,,,,,0,0,,,
comingdown,,,n. 锅炉过热下涨\n[网络] 我并将在你到来的地方；下来图片；从父降下来的,,,,,0,0,,,
comingle,'kʌmɪŋɡl,,vt. 混合；vi,,,,,0,0,,,
comingled,,,[网络] 来了,,,,,0,0,,,
comingles,,,[网络] 来了,,,,,0,0,,,
comingling,,,[网络] 多根并合,,,,,0,0,,,
comingout,,,n. 为介绍少女初次参加社交活动而举行的正式舞会,,,,,0,0,,,
comings,ˈkʌmɪŋz,n. the act of drawing spatially closer to something\nn. arrival that has been awaited (especially of something momentous)\nn. the temporal property of becoming nearer in time,n. （尤指新事物的）到来( coming的复数形式 ),,,,,0,0,0:coming/1:s,,
comings and goings,,,来来去去,,,,,0,0,,,
comings into court,,,[网络] 进入法庭\n(coming into court 的复数),,,,,0,0,0:coming into court/1:s,,
comings upon,,,na. 碰到；忽然想到；突袭；要求\n[网络] 苦难临到\n(coming upon 的复数),,,,,0,0,0:coming upon/1:s,,
comings-in,,,n. coming-in的变形,,,,,0,0,,,
comings-of-age,,,"n. 成年, 成熟\n(coming-of-age 的复数)",,,,,0,0,0:coming-of-age/1:s,,
comings-on,,,"adj. 服从的,顺服的\n(coming-on 的复数)",,,,,0,0,0:coming-on/1:s,,
comings-out,,,n. coming-out的变形,,,,,0,0,0:coming-out/1:s,,
comini,,, [人名] 科米尼,,,,,0,0,,,
Comino,,,[网络] 科米诺岛；良木安尼樟,,,,,0,0,s:cominoes,,
comino (kemmuna),,,科米诺岛(肯木纳岛),,,,,0,0,,,
"Comino, C.",,,[地名] 科米诺角 ( 意 ),,,,,0,0,,,
cominoes,,,[网络] 科米诺岛；良木安尼樟\n(comino 的复数),,,,,0,0,0:comino/1:s,,
cominous,,,[网络] 有魅力,,,,,0,0,,,
comins,,plural of comin,(comin 的复数) n. (Comin)人名；(西、意)科明；(法)科曼,,,,,0,0,0:comin/1:s,,
comint,'kɔmint,n technical and intelligence information derived from foreign communications by other than the intended recipients,n. 通信情报(系统),,,,,0,0,s:comints,,
Comintern,'kɔmintә:n,,n. 共产国际,,,,,29490,0,s:cominterns,,
Cominterns,,plural of Comintern,(Comintern 的复数) n. 共产国际,,,,,0,0,0:comintern/1:s,,
comints,'kɔmint,,abbr. 通信情报（Communication Intelligence）,,,,,0,0,0:comint/1:s,,
comique,'kɔmik,,"n. 滑稽角色, 丑角",,,,,0,0,s:comiques,,
comiques,'kɔmik,,n. 丑角；滑稽角色,,,,,0,0,0:comique/1:s,,
comirin,,,[医] 柯密菌素,,,,,0,0,,,
comis,,,[网络] 吊带背心；式译程式编译器；厨师,,,,,0,0,,,
Comisco,,,n. 国际社会主义者会议委员会,,,,,0,0,,,
comise,,,[网络] 。,,,,,0,0,,,
comiserat,,,[网络] 制造商,,,,,0,0,,,
comiserate,,,[网络] 怜悯,,,,,0,0,,,
comisiones,,,[网络] 委员会,,,,,0,0,,,
comiskey,,, [人名] 科米斯基,,,,,0,0,,,
comisky,,, [人名] 科米斯基,,,,,0,0,,,
comiso,,,"abbr. comisario (Spanish=commissary, delegate, deputy, manager, police inspector) （西班牙语）委员; 代表; 经理人; 警察分局局长",,,,,0,0,s:comisoes,,
comisoes,,,"abbr. comisario (Spanish=commissary, delegate, deputy, manager, police inspector) （西班牙语）委员; 代表; 经理人; 警察分局局长\n(comiso 的复数)",,,,,0,0,0:comiso/1:s,,
comisserate,,,[网络] 怜悯,,,,,0,0,,,
comissia littoralis,,,沿岸丛星,,,,,0,0,,,
comission,,,[网络] 任务；万几,,,,,0,0,,,
comissiona,,, [人名] 科米申纳,,,,,0,0,,,
comissioned judge,,,[法] 授权的法官,,,,,0,0,,,
COMIT,,,[计] 美国麻省理工学院的编译程序,,,,,0,0,,,
COMIT (compiler of Massachusetts Institute of Technology),,,省理工学院编译程序(一种面向用户的通用符号运算的程序语言),,,,,0,0,,,
comit ii,,,COMIT II语言,,,,,0,0,,,
comitadji,.kɒmi'tædʒi,,n. 非正规军士兵,,,,,0,0,,,
comitadjis,",kɔmi'tædʒi",,n. 非正规兵团,,,,,0,0,,,
comital,,,[网络] 友谊,,,,,0,0,,,
comitalia,,,伴骨针,,,,,0,0,,,
comitan,,,[网络] 科米坦德多明格斯；考米坦,,,,,0,0,,,
Comitancillo,,,科米坦西约,,,,,0,0,,,
comitans,,,"[医] 伴的, 并行的",,,,,0,0,,,
comitant,,,[网络] 相伴变换；动性,,,,,0,0,,,
comitantes,,,"(单comitans)伴的,并行的",,,,,0,0,,,
comitas gentium,,,[法] 国际礼让,,,,,0,0,,,
comitas kaderlyi,,,栏杆卷管螺,,,,,0,0,,,
comitas kirai,,,吉良卷管螺,,,,,0,0,,,
comitat,,,[网络] 密特,,,,,0,0,,,
comitate,,,[网络] 笑了,,,,,0,0,,,
comitatenses,,,[网络] 野战军；防军,,,,,0,0,,,
comitative,'kɔmiteitiv,,n. 随伴格\na. 随伴格的,,,,,0,0,,,
comitative case,,,[网络] 随伴格,,,,,0,0,,,
comitative cases,,,[网络] 科幻案例,,,,,0,0,,,
comitatively,,,[网络] 有竞争力,,,,,0,0,,,
comitatives,"'kɒmɪ,teɪtɪv",,n. 随伴格\nadj. 随伴格的,,,,,0,0,,,
comitatus,,,[网络] 强壮的人当他的随处；战友团,,,,,0,0,s:comitatuss,,
comitatuss,,,[网络] 强壮的人当他的随处；战友团\n(comitatus 的复数),,,,,0,0,0:comitatus/1:s,,
comite,,,n. 克螨特,,,,,0,0,s:comites,,
comite europeen des postes et telecommunications,,,欧洲邮政和电信管理委员会,,,,,0,0,,,
Comite Francais de l'equipment Naval,,,[网络] 法国船用设备委员会,,,,,0,0,,,
comite international des poids et mesures (cipm),,,国际度量衡委员会；国际权度委员会,,,,,0,0,,,
Comite International Maritime French-International Maritime Committee,,,国际海事委员会,,,,,0,0,,,
Comite Internationale de Normalisation,,,[网络] 国际标准化委员会,,,,,0,0,,,
comites,,,"[医] 伴血管, 并行血管",,,,,0,0,0:comite/1:s,,
comitia,kә'miʃiә,n. pl. A public assembly of the Roman people for electing\n   officers or passing laws.,n. 公众议事集会\n[法] 民会,,,,,0,0,,,
comitia centuriata,,,[法] 兵员民会,,,,,0,0,,,
comitia curiata,,,[法] 贵族民会,,,,,0,0,,,
comitia tributa,,,[法] 民团民会,,,,,0,0,,,
Comitiadon,,,苯乙酰脲,,,,,0,0,,,
comitial,,"a. Relating to the comitia, or popular assemblies of the\n   Romans for electing officers and passing laws.",a. comitia的变形,,,,,0,0,,,
comities,ˈkɔmitiz,pl.  of Comity,"n. 礼让, 礼仪, 礼让的社会( comity的名词复数 )",,,,,0,0,0:comity/1:s,,
comities of nations,,,国际礼让,,,,,0,0,0:comity of nations/1:s,,
Comitini,,,[地名] 科米蒂尼 ( 意 ),,,,,0,0,,,
comitis,,,公众议事集会,,,,,0,0,,,
comitiva,,,n. 一群有组织的盗匪或不法分子,,,,,0,0,,,
comitive,,,[网络] 漫画,,,,,0,0,,,
comito,,,[网络] 和科米托,,,,,0,0,,,
comitogen,,,辅有丝分裂原,,,,,0,0,,,
Comitoina,,,"苯妥英钠,大伦丁,地伦丁,奇非宁,二苯乙内酰脲钠",,,,,0,0,,,
comitologies,,,[网络] 音乐学,,,,,0,0,,,
comitology,,,[网络] 工作程序；专家委员会；委员会依工作程序,,,,,0,0,,,
comitragedy,,,n. 喜悲剧(含喜剧成分的悲剧),,,,,0,0,,,
comittable,,,"[法] 可以扣押的, 可以判处的, 可能犯的",,,,,0,0,,,
comittee,,,[网络] 委员会,,,,,0,0,s:comittees,,
comittees,,plural of comittee,(comittee 的复数) [网络] 委员会,,,,,0,0,0:comittee/1:s,,
comitus gentium,'kɔmitәs 'dʒentiәm,,[拉]国际礼让,,,,,0,0,,,
comity,'kɒmiti,n. a state or atmosphere of harmony or mutual civility and respect,"n. 礼貌, 礼让\n[法] 礼让, 友谊",n:100,,,toefl gre,0,27885,s:comities,,
comity of nations,,,"[法] 国际礼让, 国际间的相互尊重",,,,,0,0,s:comities of nations,,
comix,'kɔmiks,,n. 连环漫画,,,,,0,0,,,
comixed,'kɔmiks,,n. [动词用复数]；(尤指内容淫亵非正式出版的)连环漫画，连环画杂志,,,,,0,0,,,
comixes,'kɔmiks,,n. 连环漫画,,,,,0,0,,,
comixing,'kɔmiks,,n. [动词用复数]；(尤指内容淫亵非正式出版的)连环漫画，连环画杂志,,,,,0,0,,,
coml,'kɒml,,"abbr. commercial 商业的, 贸易的",,,,,0,0,,,
coml.,,,abbr. commercial [亦作coml],,,,,0,0,,,
COMLA,,,"[=cyclophosphamide(Cytoxan),Oncovin(vincristine),methotrexate,leucovorin,ara-C(cv-tarabine)]环磷酰胺、长春新碱、氨甲喋呤、中酰四氢叶酸、阿糖胞甙",,,,,0,0,,,
comley,,,[网络] 康利,,,,,0,0,,,
Comley sandstone,,,科姆累砂岩,,,,,0,0,,,
Comleyan,,,科姆累阶,,,,,0,0,,,
comlink,,,[网络] 通讯器；苏州金柏电子有限公司；商业站外链接,n:100,,,,0,0,s:comlinks,,
comlinks,,,[网络] 连结,,,,,0,0,0:comlink/1:s,,
comlognet,'kɔmlɔ^nit,,公共逻辑网络,,,,,0,0,,,
comlosu mare,,,康洛舒马雷,,,,,0,0,,,
comly,,,[网络] 公子猪,,,,,0,0,,,
comm,,,"abbr. 委员会（committee）；通信（communication）；商业, 贸易（commerce）；佣金, 委任书（commission）",,,,,26451,0,s:comms,,
comm mode,,,[网络] 通讯模式；线上聊天模式,,,,,0,0,,,
comm port,,, [计][WIN]公用端口,,,,,0,0,,,
comm program,,,通信程序,,,,,0,0,,,
comm'n,,,[网络] 通讯,,,,,0,0,,,
comm'r,,,[网络] 通知,,,,,0,0,,,
COMM(communication),,,通讯,,,,,0,0,,,
comm.,,,commerce 商业; committee 委员会,,,,,0,0,,,
Comm. B.,,,[网络] 通信设备,,,,,0,0,,,
comma,'kɒmә,"n. a punctuation mark (,) used to indicate the separation of elements within the grammatical structure of a sentence\nn. anglewing butterfly with a comma-shaped mark on the underside of each hind wing","n. 逗点, 逗号",n:100,,,gk gre,10368,18884,s:commas,,
comma bacillus,,,[医] 霍乱弧菌,,,,,0,0,s:comma bacilluss,,
comma bacilluss,,,comma bacillus\n【微生物】弧杆菌(Vibrio cholerae)，霍乱弧菌，逗点形菌,,,,,0,0,0:comma bacillus/1:s,,
comma butterflies,,,un. 狸白蛱蝶\n[网络] 黄钩蛱蝶\n(comma butterfly 的复数),,,,,0,0,0:comma butterfly/1:s,,
comma butterfly,,,un. 狸白蛱蝶\n[网络] 黄钩蛱蝶,,,,,0,0,s:comma butterflies,,
comma category,,,逗号范畴,,,,,0,0,,,
comma cloud,,,逗点云系,,,,,0,0,,,
comma cloud system,,,逗点云系,,,,,0,0,,,
comma code,,,[计] 逗点码,,,,,0,0,,,
comma construction,,,逗号构造,,,,,0,0,,,
comma degeneration,,,[医] [脊髓]束间束变性,,,,,0,0,,,
comma delimited,,,逗号分隔（delimited是delimit的过去时）,,,,,0,0,,,
Comma escapement,,,康玛擒纵机构,,,,,0,0,,,
comma fault,,," [语法学]逗点误用(指两个句子之间应使用分号、冒号或句号, 不应当用逗号分开) [亦称作comma splice]",,,,,0,0,,,
comma free code,,,免逗点码,,,,,0,0,,,
comma freedom,,,[计] 逗点自由度,,,,,0,0,,,
Comma Johanneum,,,[网络] 若望书的夹注,,,,,0,0,,,
comma movable,,,浮点,,,,,0,0,,,
comma of Sehultze tract,,,[医] 束间束,,,,,0,0,,,
comma operator,,,[计] 逗点算符,,,,,0,0,,,
comma position,,,【滑雪】 =angulation,,,,,0,0,,,
comma queen,,,[网络] 逗号女王,,,,,0,0,,,
comma queens,,,[网络] 逗号皇后,,,,,0,0,,,
comma separated values,,,逗号分离值,,,,,0,0,,,
comma separated values file,,,[网络] 逗点分隔值档案；逗号隔开的格式档,,,,,0,0,,,
comma shaped cuttings,,,un. 逗号形切屑,,,,,0,0,,,
comma splice,,,"逗号粘连；逗号叠加, 逗号结合",,,,,0,0,,,
comma splices,,,[网络] 逗号连接句；逗号误接句；逗号连句,,,,,0,0,,,
comma style,,,[计] 千分位样式,,,,,0,0,,,
comma symbol,,,[计] 逗号,,,,,0,0,,,
comma tract,,,[医] 束间束(脊髓内),,,,,0,0,,,
comma tract of schultze,,,垂点状径,,,,,0,0,,,
comma-bacillus,,,"[医] 霍乱孤菌, 逗点形菌",,,,,0,0,,,
comma-counter,'kɔmə'kauntə,,n. [美国俚语]追求细节的人，鸡蛋里面挑骨头的人,,,,,0,0,,,
comma-counting,'kɔmə'kauntiŋ,,n. [美国俚语]故意挑剔，故意找碴儿,,,,,0,0,,,
comma-delimited,,,逗点隔开,,,,,0,0,,,
comma-delimited file,,,逗号分隔的文件,,,,,0,0,,,
comma-free code,,,[计] 无逗点码,,,,,0,0,,,
comma-free-code,,,无逗点密码,,,,,0,0,,,
comma-less code,'kɔməlis,,【遗传学】无逗点密码,,,,,0,0,,,
comma-point,,,[网络] 逗号,,,,,0,0,,,
comma-points,,,[网络] 逗号,,,,,0,0,,,
comma-separated,,,以逗号分隔的,,,,,0,0,,,
comma-separated values file,,,[网络] 逗点分隔值档案；逗号隔开的格式档,,,,,0,0,,,
comma-shaped,'kɒməʃ'eɪpt,, [医]逗点状的,,,,,0,0,,,
comma-shaped cuttings,,,逗号形切屑,,,,,0,0,,,
comma-tract,,,"[医] 逗点形束, 束间束",,,,,0,0,,,
commacerate,,,[网络] 加剧了,,,,,0,0,,,
commack,,, [人名] 科马克; [地名] [美国] 科马克,,,,,0,0,,,
commaculate,,,[网络] 交配,,,,,0,0,,,
commador,,,[网络] 准将,,,,,0,0,,,
Commagene,,,[网络] 科马根；科马吉尼行省；科默吉尼,,,,,0,0,,,
Commager,,,n. (Commager)人名；(英)康马杰,,,,,0,0,,,
commaless,,,[网络] 连续性；遗传密码的连续性,,,,,0,0,,,
commalike,,,[网络] comm,,,,,0,0,,,
comman,,,[网络] 指挥官；爱默生,,,,,0,0,,,
commancement,,,"法律,戒律",,,,,0,0,,,
commanche,,,[网络] 卡曼奇；卡曼奇式；卡曼契,,,,,0,0,s:commanches,,
commancheros,,,[网络] comancheros,,,,,0,0,,,
commanches,,,[网络] 卡曼奇；卡曼奇式；卡曼契\n(commanche 的复数),,,,,0,0,0:commanche/1:s,,
command,kә'mɑ:nd,n. an authoritative direction or instruction to do something\nn. a military unit or region under the control of a single officer\nn. the power or authority to command\nn. availability for use,"n. 命令, 指挥, 控制, 部队, 司令部\nv. 命令, 指挥, 控制\n[计] 命令; 指令; DOS外部命令:启动新的命令处理器",v:33/n:67,3,1,gk cet4 cet6 ky,2166,2378,s:commands/p:commanded/d:commanded/3:commands/i:commanding,,
COMMAND & CONQUER,,,命令与征服，一个著名游戏的名称,,,,,0,0,,,
command & control center computer,,,指挥控制中心计算机,,,,,0,0,,,
command - line arguments,,,[网络] 命令行参数；命令列参数；命令行的参量,,,,,0,0,,,
command - line interface,,,[网络] 命令行界面；命令行接口；指令行介面,,,,,0,0,,,
command a good sale,,,畅销,,,,,0,0,,,
command a ready sale,,,[经] 博得畅销,,,,,0,0,,,
command a view of,,,可看到,,,,,0,0,,,
command abbreviation,,,[计] 命令缩写,,,,,0,0,,,
command accepted,,,命令接受,,,,,0,0,,,
command active sonobuoy system,,,指令主动式声呐浮标装置,,,,,0,0,,,
command address,,,[计] 命令地址,,,,,0,0,,,
command address register,,,命令地址寄存器,,,,,0,0,,,
command aircraft,,,[航 军] 空中指挥机,,,,,0,0,,,
command airplane,,,"长机,指挥机",,,,,0,0,,,
command altitude,,,指令[指定]高度,,,,,0,0,,,
command and communication fire vehicle,,,指挥通讯消防车,,,,,0,0,,,
command and control,,,un. 指挥控制\n[网络] 指挥与控制；命令和控制；指挥和控制,,,,,0,0,,,
command and control boat,,,指挥控制艇,,,,,0,0,,,
command and control center,,,指挥控制中心,,,,,0,0,,,
command and control information system,,,"命令控制信息系统, 指挥与控制信息系统",,,,,0,0,,,
command and control station,,,遥控站,,,,,0,0,,,
command and control system,,,[计] 指挥控制系统,,,,,0,0,,,
command and data acquisition,,,指令和数据收集,,,,,0,0,,,
command and data acquisition station,,,指令与数据收集站,,,,,0,0,,,
command and data handling,,,指令和数据处理,,,,,0,0,,,
command and data handling subsystem,,,指令及数据处理次系统,,,,,0,0,,,
command and data-handing,,,un. 命令数据处理；指令与数据处理,,,,,0,0,,,
command and data-handling console,,,指令与数据处理控制台,,,,,0,0,,,
command and detection plant,,,[网络] 传令和检测装置,,,,,0,0,,,
command and telemetry data handling,,,指令与遥测数据处理,,,,,0,0,,,
command area,,,命令区,,,,,0,0,,,
command argument,,,un. 命令变量；命令变元\n[网络] 命令参数；命令的参数,,,,,0,0,,,
command augmentation system,,,指令增强系统,,,,,0,0,,,
command augmentation system (cas),,,指令增强系统,,,,,0,0,,,
command authority,,,命令授权,,,,,0,0,,,
command authorization table,,,命令授权表,,,,,0,0,,,
command automatism,,,[医] 从命自动症,,,,,0,0,,,
command axis,,,[网络] 指挥轴线,,,,,0,0,,,
Command bar,,,指令杠,,,,,0,0,,,
command bit,,,命令位,,,,,0,0,,,
command block,,,[计] 命令块,,,,,0,0,,,
command buffer,,,命令缓冲区,,,,,0,0,,,
command button,,,命令按钮\n[计] 命令按钮,,,,,0,0,,,
command byte,,,命令字节,,,,,0,0,,,
command capacity,,,指令容量,,,,,0,0,,,
command car,kəˈmɑ:nd kɑ:,, 指挥车,,,,,0,0,,,
command center,,,指挥中心\n命令中心,,,,,0,0,,,
command centre,,,[网络] 指令中心；控制中心,,,,,0,0,,,
command chain,,,命令链,,,,,0,0,,,
command chained storage,,,命令链存储法,,,,,0,0,,,
command chaining,,,命令链锁,,,,,0,0,,,
command chaining function,,,命令链功能,,,,,0,0,,,
command channel,,,命令通道,,,,,0,0,,,
command character,,,[计] 命令字符,,,,,0,0,,,
command circuit,,,指令电路,,,,,0,0,,,
command clock subsystem,,,指令钟副系,,,,,0,0,,,
command code,,,[电] 操作指令,,,,,0,0,,,
command code control,,,[计] 操作码控制,,,,,0,0,,,
command code element,,,指令码元,,,,,0,0,,,
command code group,,,操作编码组,,,,,0,0,,,
command code register,,,操作码寄存器;命令码寄存器,,,,,0,0,,,
command coding,,,指令编码,,,,,0,0,,,
command coding scheme,,,指令编码方案,,,,,0,0,,,
command communication,,,"指挥用通信,命令传输;指令通信",,,,,0,0,,,
command communication aircraft,,,[航] 指挥通信飞机,,,,,0,0,,,
command communication and telemetry system,,,命令通信遥测系统,,,,,0,0,,,
command communication and telemetry systems,,,[通信] 指令通信与遥测系统,,,,,0,0,,,
command computer,kəˈmɑ:nd kəmˈpju:tə,, [计]指挥计算机,,,,,0,0,,,
command condition,,,命令条件,,,,,0,0,,,
command confirmation,,,命令批准,,,,,0,0,,,
command console,kəˈmɑ:nd kənˈsəul,, [计]命令控制台,,,,,0,0,,,
command continual sending,,,[计] 指令连发,,,,,0,0,,,
command continual transmission,,,指令连发,,,,,0,0,,,
command continuation,kəˈmɑ:nd kənˌtɪnju:ˈeʃən,, [计]命令续行[继续],,,,,0,0,,,
command control,,,[电] 命令控制,,,,,0,0,,,
command control and communication,,,[计 通信] 指令控制与通信,,,,,0,0,,,
command control and communication system,,,指挥管制通信系统,,,,,0,0,,,
command control block,,,命令控制块,,,,,0,0,,,
command control center,,,指挥控制中心,,,,,0,0,,,
command control center (ccc),,,指挥管制中心,,,,,0,0,,,
command control link,,,命令控制链接,,,,,0,0,,,
Command control panel,,,命令控制面板,,,,,0,0,,,
command control program,,,[电] 命令控制程序,,,,,0,0,,,
command control subsystem,,,命令控制子系统,,,,,0,0,,,
command control system,,,命令控制系统,,,,,0,0,,,
command control word,,,命令控制字,,,,,0,0,,,
command data processor,,,命令数据处理机,,,,,0,0,,,
command decode,,,[网络] 指令译码,,,,,0,0,,,
command decoder,,,[计] 命令译码程序,,,,,0,0,,,
command definition,,,命令定义,,,,,0,0,,,
command definition language,,,指令定义语言,,,,,0,0,,,
command definition statement,,,命令定义叙述,,,,,0,0,,,
command definition table,,,命令定义表,,,,,0,0,,,
command definition utility,,,命令定义公用程式,,,,,0,0,,,
command demodulator,,,指令解调器,,,,,0,0,,,
command destruct,,,破坏指令,,,,,0,0,,,
command destruct signal,,,[电] 命令破坏讯号,,,,,0,0,,,
command destruction,,,破坏指令;命令破坏,,,,,0,0,,,
command device,,,[计] 指令装置,,,,,0,0,,,
command directed economy,,,un. 集中管理的经济,,,,,0,0,,,
command direction,,,令方向,,,,,0,0,,,
command dispatcher,,,命令调度程序,,,,,0,0,,,
command dispatching and communication system,,,指挥调度通信系统,,,,,0,0,,,
command dispatching equipment,,,指挥调度设备,,,,,0,0,,,
command dispatching hierarchy,,,指挥调度体制,,,,,0,0,,,
command dispatching system,,,指挥调度系统,,,,,0,0,,,
command display,,,命令显示,,,,,0,0,,,
command display station,,,命令显示站,,,,,0,0,,,
command double-word,,,双字命令,,,,,0,0,,,
command driven,kəˈmɑ:nd ˈdrɪvən,, 命令驱动,,,,,0,0,,,
command echelons,,,指挥层次,,,,,0,0,,,
command economies,,,un. 集中管制经济\n[网络] 指令性经济；计划经济；控制经济,,,,,0,0,,,
command economy,,,[法] 中央管理的经济,,,,,0,0,,,
command ejection system,,,un. 指令弹射系统,,,,,0,0,,,
command element,,,[网络] 命令元素；指挥分队；命令元件,,,,,0,0,,,
command encoder,,,命令编码器,,,,,0,0,,,
command encoding,,,指令编码,,,,,0,0,,,
command error,,,指令误差,,,,,0,0,,,
command esteem,,,"令人尊敬,受到尊敬",,,,,0,0,,,
command execution unit,,,指令执行机构,,,,,0,0,,,
command exit,,,命令跳出,,,,,0,0,,,
command extracting circuit,,,[计] 命令抽取电路,,,,,0,0,,,
command facility,,,命令(处理)程序,,,,,0,0,,,
command factor,,,指令系数,,,,,0,0,,,
command fault,,,[计] 命令故障,,,,,0,0,,,
command field,,,命令字段，命令栏,,,,,0,0,,,
command file,,,命令文件，命令档案,,,,,0,0,,,
command file application,,,命令档应用,,,,,0,0,,,
command file name,,,命令文件名,,,,,0,0,,,
command file processing,,,命令档处理,,,,,0,0,,,
command file processor,,,命令文件处理程序，命令档案处理程式,,,,,0,0,,,
command file to terminal interplay,,,命令档与终端的相互作用,,,,,0,0,,,
command file-to-terminal interplay,,,[计] 命令文件与终端的相互作用,,,,,0,0,,,
command flag,,,【军事】指挥旗,,,,,0,0,,,
command following,,,遵循命令,,,,,0,0,,,
command format,,,[计] 命令格式,,,,,0,0,,,
command frame,,,[计] 命令帧,,,,,0,0,,,
command frame command phase,,,命令段,,,,,0,0,,,
command function,,,[计] 指令功能,,,,,0,0,,,
command function key,,,命令功能键,,,,,0,0,,,
command functions,,,命令功能,,,,,0,0,,,
command fuze,,,指令引信,,,,,0,0,,,
command gate,,,命令门,,,,,0,0,,,
command generating circuit,,,命令产生电路,,,,,0,0,,,
command generating network,,,命令发生网络,,,,,0,0,,,
command generator,,,指令发生器,,,,,0,0,,,
command group,,,命令组,,,,,0,0,,,
command guidance,kəˈmɑ:nd ˈɡaidəns,, 指令制导,,,,,0,0,s:command guidances,,
command guidance system,,,[电] 命令指导系统,,,,,0,0,,,
command guidances,,,command guidance\n指令制导(控制导弹的系统) [参较inertial guidance],,,,,0,0,0:command guidance/1:s,,
command handler,,,命令处置器,,,,,0,0,,,
command heading,,,指令航向,,,,,0,0,,,
command headline,,,命令式标题,,,,,0,0,,,
command high esteem,,,令人起敬，深受尊敬,,,,,0,0,,,
command high respect,,,令人起敬，深受尊敬,,,,,0,0,,,
command history,,,[网络] 历史命令窗口；命令历史；命令历史窗口,,,,,0,0,,,
command identifier,,,[计] 命令标识符,,,,,0,0,,,
command impulse,,,指令脉冲,,,,,0,0,,,
command information,,,[计] 命令信息,,,,,0,0,,,
command injection,,,[网络] 命令注入；命令注入攻击；命令隐码攻击,,,,,0,0,,,
command input,,,[计] 命令输入,,,,,0,0,,,
command input buffer,,,[计] 命令输入缓冲区,,,,,0,0,,,
command instruction,,,命令指令,,,,,0,0,,,
command instruction format,,,命令指令格式,,,,,0,0,,,
command interface,,,[计] 命令接口,,,,,0,0,,,
command interpretation,,,[计] 命令解释,,,,,0,0,,,
command interpreter,,,命令解释程序\n[计] 命令解释程序,,,,,0,0,,,
command interrupt mode,,,[计] 命令中断方式,,,,,0,0,,,
command interval,,,指令间隔,,,,,0,0,,,
command job,,,[计] 命令作业,,,,,0,0,,,
command key,,,命令键\n[计] 命令键,,,,,0,0,s:command keys,,
command key indicator,,,命令键指示器,,,,,0,0,,,
Command keys,,,un. 命令键,,,,,0,0,0:command key/1:s,,
command language,,,[计] 命令语言,,,,,0,0,s:command languages,,
command language control,,,命令语言控制(程序),,,,,0,0,,,
command language interpreter,,,命令语言解释程序，命令语言翻译程式,,,,,0,0,,,
command language mode,,,指令语言式,,,,,0,0,,,
command languages,,,[计] 命令语言,,,,,0,0,0:command language/1:s,,
command length,,,[计] 指令长度,,,,,0,0,,,
command level,,,命令水平,,,,,0,0,,,
command library,,,[计] 命令库,,,,,0,0,,,
command line,,,命令行\n[计] 命令行,,,,,0,0,s:command lines,,
Command line argument,,,[计] 命令行参数,,,,,0,0,,,
command line arguments,,,命令行引数,,,,,0,0,,,
command line interface,,,[计] 命令行界面,,,,,0,0,s:command line interfaces,,
command line interfaces,,,命令行接口,,,,,0,0,0:command line interface/1:s,,
command line interpreter,,,命令总线解释程序,,,,,0,0,,,
command line operating system,,,命令行作业系统,,,,,0,0,,,
command line option,,,命令行选项,,,,,0,0,,,
command line processor,,,[网络] 命令行处理器；的使用方法,,,,,0,0,,,
command line utility,,,命令行公用程式,,,,,0,0,,,
Command Line Window,,,[网络] 命令列视窗；各指令对话窗,,,,,0,0,,,
command lines,,,命令行,,,,,0,0,0:command line/1:s,,
command link,,,[电] 命令环,,,,,0,0,,,
command list,,,[计] 命令表,,,,,0,0,,,
command list language,,,命令列表语言,,,,,0,0,,,
command logic,,,[计] 命令逻辑,,,,,0,0,,,
command macro,,,命令宏;命令宏功能,,,,,0,0,,,
command master,,,命令主站,,,,,0,0,,,
command means,,,指挥手段,,,,,0,0,,,
command mechanism,,,指挥式机制,,,,,0,0,,,
command memory,,,指令存储器,,,,,0,0,,,
command message,kəˈmɑ:nd ˈmesidʒ,, 命令消息,,,,,0,0,,,
command mix,,,命令混合,,,,,0,0,,,
command mode,,,[计] 命令态,,,,,0,0,,,
command mode of editor,,,[计] 编辑程序的命令模式,,,,,0,0,,,
command mode time-sharing,,,命令模式分时,,,,,0,0,,,
command module,,,[电] 命令单模,,,,,0,0,s:command modules,,
command module (cm),,,指挥舱,,,,,0,0,,,
command modules,,,指挥舱；驾驶舱,,,,,0,0,0:command module/1:s,,
command monitor,,,指令监控台,,,,,0,0,,,
command monitoring,,,指令监测,,,,,0,0,,,
command monitoring decoder,,,指令监视译码器,,,,,0,0,,,
command monitoring receiver,,,指令监视接收机,,,,,0,0,,,
command name,,,[计] 命令名称,,,,,0,0,,,
command negativism,,,=negativism,,,,,0,0,,,
command net,,,[计] 命令网络,,,,,0,0,,,
command neuron,,,指令神经元,,,,,0,0,,,
command node,,,命令网点,,,,,0,0,,,
command number,,,指令号码,,,,,0,0,,,
command of,,,[网络] 掌握；对…精通；国家需要更多精通英语的人,,,,,0,0,,,
command of the air,,,[法] 制空权,,,,,0,0,,,
command of the sea,,,[法] 制海权,,,,,0,0,,,
command officer,,,指挥官,,,,,0,0,,,
command officer (co),,,指挥官,,,,,0,0,,,
command operation,,,[计] 命令操作,,,,,0,0,,,
command overhead,,,[网络] 指令执行时间；命令延迟,,,,,0,0,s:command overheads,,
command overheads,,,[网络] 指令执行时间；命令延迟\n(command overhead 的复数),,,,,0,0,0:command overhead/1:s,,
command paper,,,"n. 施政报告,敕令书",,,,,0,0,,,
command papers,,,[网络] 敕令书,,,,,0,0,,,
command parameter,,,命令参数,,,,,0,0,,,
command partnership,,,隐名合伙；有限责任合伙；有限合伙企业,,,,,0,0,,,
command pattern,,,[网络] 命令模式；设计模式之命令模式；号令模式,,,,,0,0,,,
command patterns,,,[网络] 命令模式,,,,,0,0,,,
command performance,kəˈmɑ:nd pəˈfɔ:məns,,n. 御前演出,,,,,0,0,,,
command performances,,,na. 〈英〉奉命进行的演出,,,,,0,0,,,
command periscope,,,[船 军] 指挥潜望镜,,,,,0,0,,,
command phase,,,[计] 命令阶段,,,,,0,0,,,
command point,,,[计] 命令点,,,,,0,0,,,
command pointer,,,命令指针,,,,,0,0,,,
Command port.,,,[网络] 使用端口；命令端口；命令通讯埠,,,,,0,0,,,
command pose,,,指令位姿,,,,,0,0,,,
command post,,,指挥所,,,,,0,0,s:command posts,,
command post aircraft,,,空中指挥所,,,,,0,0,,,
command post equipment,,,指挥站设备,,,,,0,0,,,
command post exercise,,,指挥所演习,,,,,0,0,,,
command post management,,,指挥所管理,,,,,0,0,,,
command posts,,,[网络] 指挥站,,,,,0,0,0:command post/1:s,,
command privilege class,,,命令特权级;命令优先类,,,,,0,0,,,
command procedure,,,命令过程,,,,,0,0,,,
command procedure statement,,,命令过程控制语句,,,,,0,0,,,
command process,,,命令处理,,,,,0,0,,,
command processing,,,[计] 命令处理,,,,,0,0,,,
command processing client,,,命令处理客户,,,,,0,0,,,
command processing overhead,,,[网络] 命令处理开销,,,,,0,0,s:command processing overheads,,
command processing overhead time,,,[网络] 命令处理开销时间,,,,,0,0,s:command processing overhead times,,
command processing overhead times,,,[网络] 命令处理开销时间\n(command processing overhead time 的复数),,,,,0,0,0:command processing overhead time/1:s,,
command processing overheads,,,[网络] 命令处理开销\n(command processing overhead 的复数),,,,,0,0,0:command processing overhead/1:s,,
command processor,,,[计] 命令处理程序,,,,,0,0,,,
command profile,,,命令分布;命令简要表,,,,,0,0,,,
command profile editor,,,命令设定档编辑器,,,,,0,0,,,
command program,,,命令程序,,,,,0,0,,,
command prompt,,,命令提示符\n[计] 命令提示符,,,,,0,0,s:command prompts,,
command prompt window,,,[网络] 命令提示字元视窗；命令提示符窗口；命令提示窗口,,,,,0,0,,,
command prompts,,,命令提示符,,,,,0,0,0:command prompt/1:s,,
command pulse,,,[电] 指令脉冲,,,,,0,0,,,
command pulses,,,【电子学】指令脉冲,,,,,0,0,,,
command push button,,,指令按钮,,,,,0,0,,,
command qualifier,,,命令限定符,,,,,0,0,,,
command quantity,,,"指令量,指令变量",,,,,0,0,,,
command queuing,,,[网络] 命令队列；命令伫列；命令排队,,,,,0,0,,,
command queuing and reordering,,,[网络] 排队排队及重定序,,,,,0,0,,,
command rate,,,指令速率,,,,,0,0,,,
command read-out program,,,命令读出程序,,,,,0,0,,,
command reader,,,命令读出程序;命令阅读程序,,,,,0,0,,,
command readout,,,[计] 命令读出,,,,,0,0,,,
command receiver,,,指令接收机,,,,,0,0,,,
command receiver of remote control,,,控指令接收器,,,,,0,0,,,
command receiver selected logic,,,命令接收器选出逻辑,,,,,0,0,,,
command reentry,,,命令重入,,,,,0,0,,,
command reference,,,[电] 命令基准,,,,,0,0,,,
command register,,,指令寄存器,,,,,0,0,,,
command register circuit,,,指令寄存器电路,,,,,0,0,,,
command reject,,,命令拒绝,,,,,0,0,,,
command rejection,,,命令拒绝,,,,,0,0,,,
command relationships,,,[网络] 指挥关系,,,,,0,0,,,
command relay circuitry,,,令继电控制线路,,,,,0,0,,,
command remote control,,,指令遥控,,,,,0,0,,,
command remote control system,,,[自] 指令遥控系统,,,,,0,0,,,
command repetition sending,,,[计] 指令重发方式,,,,,0,0,,,
command resolution,,,"命令分辨能力,控制信号分辨能力",,,,,0,0,,,
command respect,,,"博得人们的尊敬,令人肃然起敬,有威信",,,,,0,0,,,
command response,,,命令响应,,,,,0,0,,,
command response parameters,,,指令回复参数,,,,,0,0,,,
command responsibility,,,[网络] 指挥官责任；命令责任；指挥责任,,,,,0,0,,,
command retransmission,,,指令重发,,,,,0,0,,,
command retrieval system,,,令检索系统,,,,,0,0,,,
command retry,,,[计] 命令重执,,,,,0,0,,,
command rollback,,,命令转返,,,,,0,0,,,
command scan,,,命令扫描程序,,,,,0,0,,,
command scanning,,,命令扫描,,,,,0,0,,,
command script,,,"命令正本, 命令串",,,,,0,0,,,
command search,,,命令检索,,,,,0,0,,,
command secret sending,,,[计] 指令隐蔽发送,,,,,0,0,,,
command sender,,,指令发送器,,,,,0,0,,,
command sequence,,,指令序列,,,,,0,0,,,
command sergeant major,,,[网络] 军士指挥官；指挥军士长；参谋军士长,,,,,0,0,,,
command service,,,命令服务,,,,,0,0,,,
command set,,,指挥台,,,,,0,0,,,
command set instruction,,,命令置位指令,,,,,0,0,,,
command shell,,,命令解释程序,,,,,0,0,,,
command ship,,,指挥舰,,,,,0,0,,,
command signal,,,"指令信号,控制信号",,,,,0,0,,,
command signal decoder,,,[计] 指令信号译码器,,,,,0,0,,,
command signal plant,,,[网络] 传令信号装置,,,,,0,0,,,
command signal with audio frequency,,,[计] 声频指令信号,,,,,0,0,,,
command significant status,,,命令有效状态,,,,,0,0,,,
command single sending,,,[计] 指令单发,,,,,0,0,,,
command socialism,,,管制性社会主义,,,,,0,0,,,
command speed,,,【运输工程】指定速度，指令速度,,,,,0,0,,,
command state,,,命令状态,,,,,0,0,,,
command statement,,,[计] 命令语句,,,,,0,0,,,
command status register,,,命令状态寄存器,,,,,0,0,,,
command store,,,指令储存器,,,,,0,0,,,
command stream,,,命令流,,,,,0,0,,,
command string,,,命令串,,,,,0,0,,,
command string input line,,,[计] 命令串输入行,,,,,0,0,,,
command string interpreter,,,命令串解释程序,,,,,0,0,,,
command structure,,,指令结构,,,,,0,0,,,
command subsystem,,,指令子系统,,,,,0,0,,,
command subsystem antenna,,,指令子系统天线,,,,,0,0,,,
command subsystem decoder,,,指令子系统解码器,,,,,0,0,,,
command supporting wildcard,,,命令支援通配符,,,,,0,0,,,
command swapping,,,[网络] 指令交换；指令转储；命令交换,,,,,0,0,,,
command switch,,,命令开关,,,,,0,0,,,
command syntax,kəˈmɑ:nd ˈsɪnˌtæks,, [计]命令语法,,,,,0,0,,,
command system,,,[计] 命令系统,,,,,0,0,,,
command table,,,命令表,,,,,0,0,,,
command tape,,,指令带,,,,,0,0,,,
command telephone,,,指挥电话,,,,,0,0,,,
command telephone control board,,,指挥电话总机,,,,,0,0,,,
command terminal,,,指令终端,,,,,0,0,,,
command time delay,,,指令时延,,,,,0,0,,,
command tower,,,指挥塔,,,,,0,0,,,
command trace,,,命令追踪,,,,,0,0,,,
command transmission equipment,,,[计] 指令传输设备,,,,,0,0,,,
command transmitter,,,指令发射机,,,,,0,0,,,
command underline,,,命令加下划线\n[计] 命令加下划线,,,,,0,0,,,
command van,,,命令车；指挥车,,,,,0,0,,,
command variable,,,"指令变量,指令量",,,,,0,0,,,
command vector,,,命令矢量,,,,,0,0,,,
command vehicle,,,[网络] 指挥车；指挥消防车；移动指挥中心,,,,,0,0,,,
command verb,,,命令动词,,,,,0,0,,,
Command window,,,命令窗口，命令视窗,,,,,0,0,,,
command word,,,指令字,,,,,0,0,,,
"command, control, and communications",,,[网络] 指挥控制与通信,,,,,0,0,,,
command-and -control style,,,指挥控制型态,,,,,0,0,,,
command-and-control,,,un. 指挥控制\n[网络] 命令与控制；命令控制型；命令控制式,j:100,,,,0,0,s:command-and-controls,,
command-and-control approach,,,命令与管制方法,,,,,0,0,,,
command-and-control model,,,命令控制模式,,,,,0,0,,,
command-and-control operation,,,指挥控制运作,,,,,0,0,,,
command-and-controls,,,un. 指挥控制\n[网络] 命令与控制；命令控制型；命令控制式\n(command-and-control 的复数),,,,,0,0,0:command-and-control/1:s,,
command-control program,,,【计算机】命令控制程序,,,,,0,0,,,
command-detonated mine,,,【军械】指令起爆水雷,,,,,0,0,,,
command-directed economy,,,控制经济,,,,,0,0,,,
command-directed system,,,命令制导系统,,,,,0,0,,,
command-driven,kəˈmɑ:nd ˈdrɪvən,, 命令驱动,,,,,0,0,,,
command-driven program,,,命令驱动程序,,,,,0,0,,,
command-driven searching,,,指令式检索,,,,,0,0,,,
command-driven system,,,命令驱动系统,,,,,0,0,,,
command-economy,,,un. 集中管制经济\n[网络] 指令经济；计划经济；指令性经济,,,,,0,0,,,
command-in file,,,[计] 命令输入文件,,,,,0,0,,,
command-in-chief,,,[网络] 总司令；三军统帅；最高统帅,,,,,0,0,,,
command-level,,,[网络] 命令级；指令级,,,,,0,0,s:command-levels,,
command-level language,,,命令级语言,,,,,0,0,,,
command-levels,,,[网络] 命令等级,,,,,0,0,0:command-level/1:s,,
command-line,kə'mɑ:ndl'aɪn,,n. 命令行,,,,,0,0,s:command-lines,,
command-line argument,,,[计] 命令行参数,,,,,0,0,,,
command-line interface,,,[网络] 命令行界面；命令行接口；命令列介面,,,,,0,0,,,
command-line interfaces,,,[网络] 命令行界面,,,,,0,0,,,
command-line interpreter,,,un. 命令总线解释程序；命令行解释程序\n[网络] 命令行解释器；命令直译器,,,,,0,0,,,
command-line switch,,,[计] 命令行开关,,,,,0,0,,,
command-lines,,,命令行,,,,,0,0,0:command-line/1:s,,
command-reply transaction,,,命令-回答事务,,,,,0,0,,,
command-set vector,,,命令集向量,,,,,0,0,,,
command-string,,,命令字串,,,,,0,0,,,
Command-Tab,,,[网络] 选定下一个项目；高亮显示下一项,,,,,0,0,,,
Command.,kə'mɑ:nd,,n. 命令；指挥；指令；司令部\nv. 命令；指挥；控制；博得\n[网络] 命令宠物；用的；命令部份,,,,,0,0,,,
command.com,,,COMMAND.COM 命令档（DOS 作业系统）,,,,,0,0,,,
command/response,,,命令／回应,,,,,0,0,,,
commanda,,,[法] 康美达契约,,,,,0,0,,,
commandability,,,[网络] 指令能力；纵横捭阖的统帅能力；指令技能,,,,,0,0,,,
commandable,kəmən'deɪbl,a. Capable of being commanded.,a. 可指挥的,,,,,0,0,,,
commandador,,,[网络] 助手,,,,,0,0,,,
commandance,,,[网络] 诫命,,,,,0,0,,,
commandancy,,,[网络] 命令,,,,,0,0,,,
commandant,.kɒmәn'dænt,n an officer in command of a military unit,n. 司令官,n:100,1,,,22349,19484,s:commandants,,
Commandant Charcot Glacier,,,[地名] 沙尔科指挥官冰川 ( 南极洲 ),,,,,0,0,,,
commandante,,,[网络] 意大利海军克曼德安迪；布兰卡港；巴林,,,,,0,0,s:commandantes,,
commandantes,,,[网络] 指挥官,,,,,0,0,0:commandante/1:s,,
commandants,ˌkɔmənˈdænts,n. an officer in command of a military unit,"n. 司令官, 指挥官( commandant的复数形式 ); 军校校长",,,,,0,0,0:commandant/1:s,,
commandantship,,,[网络] 指挥官,,,,,0,0,,,
commandantships,",kɒmən'dæntʃɪp",,n. 指挥员(或司令官)的职责或地位,,,,,0,0,,,
commandarie,,,[网络] 司令,,,,,0,0,,,
commandator,,,[网络] 指挥官,,,,,0,0,,,
commandatory,,,[网络] 指挥官,,,,,0,0,,,
commanday,,,[网络] 诫命,,,,,0,0,,,
commandcode,,,"指令码,操作码",,,,,0,0,,,
commanddoman,,,n. 突击队队员,,,,,0,0,,,
commande,,,[网络] 康孟达；没找到解释；汲无踪,,,,,0,0,s:commandes,,
commanded,kəˈmɑ:ndid,imp. & p. p. of Command,"v. 指挥, 控制, 命令( command的过去式和过去分词 ); 掌握; 俯瞰; 应得",,,,,0,0,0:command/1:pd,,
commanded active sonobuoy system,,,有源声呐浮标控制系统,,,,,0,0,,,
commanded chaining,,,命令鍊接,,,,,0,0,,,
commanded pitch attitude,,,"指令俯仰姿态,预定俯仰角",,,,,0,0,,,
commanded response,,,un. 指令响应,,,,,0,0,,,
commandedness,,,[网络] 命令,,,,,0,0,,,
commandeer,.kɒmәn'diә,v. take arbitrarily or by force,"vt. 征用, 霸占\n[法] 强迫服役, 徵用",v:100,,,,19108,18316,d:commandeered/p:commandeered/i:commandeering/3:commandeers,,
commandeered,ˌkɔmənˈdɪəd,v take arbitrarily or by force,v. 征用( commandeer的过去式和过去分词 ); 强占,j:100,,,,0,43665,0:commandeer/1:dp,,
commandeerer,",kɒmən'dɪə",,"commandeer\n[,kɔmən'diə]\nvt.\n征用；强征(为军队工作)：\nto commandeer vehicles\n征用车辆\n(为军事目的)占用\n强取；强占",,,,,0,0,,,
commandeering,ˌkɔmənˈdɪərɪŋ,v take arbitrarily or by force,v. 征用( commandeer的现在分词 ); 强占,,,,,0,0,0:commandeer/1:i,,
commandeers,ˌkɔmənˈdɪəz,v take arbitrarily or by force,v. 征用( commandeer的第三人称单数 ); 强占,,,,,0,0,1:3/0:commandeer,,
commandement,,,[网络] 诫命的；催告,,,,,0,0,,,
commander,kә'mɑ:ndә,n. someone in an official position of authority who can command or control others\nn. a commissioned naval officer who ranks above a lieutenant commander and below a captain,"n. 司令官, 指挥官",n:100,3,,cet4 cet6 toefl,3134,2355,s:commanders,,
commander attack force,,,攻击部队指挥官,,,,,0,0,,,
Commander Coast Guard District,,,[网络] 海岸警卫队司令部,,,,,0,0,,,
commander equipment,,,指令设备[装置],,,,,0,0,,,
commander in chief,,,总司令,,,,,0,0,s:commanders in chief,,
Commander Islands,,,[网络] 科曼多尔群岛；司令群岛,,,,,0,0,,,
Commander of the Faithful,,,[网络] 信士的长官,,,,,0,0,,,
commander on the spot,,,事故现场负责人,,,,,0,0,,,
commander psychology,,,[心理] 指挥员心理学,,,,,0,0,,,
commander receiver of remote control,,,un. 遥控指令接收器,,,,,0,0,,,
commander receiver of remote-control,,,遥控指令接收器,,,,,0,0,,,
commander receiver remote control,,,un. 遥控指令接收器,,,,,0,0,,,
commander sender,,,指令发送器,,,,,0,0,,,
commander sendor,,,[计] 指令发送器,,,,,0,0,,,
commander ship,,,指挥舰,,,,,0,0,,,
commander-in-chief,,,n. 总司令,n:100,1,,,0,0,s:commanders-in-chief,,
commander-inchief,,,[网络] 高压型的领导人,,,,,0,0,,,
commanderess,,,[网络] 大队长,,,,,0,0,,,
commanderesses,,,[网络] 指挥官,,,,,0,0,,,
Commanderia,",kɔmәn'diәriә",,n. 科姆马迪尔酒( 塞浦路斯原骑士团辖区),,,,,0,0,,,
commanderies,kə'mɑːndərɪ,pl.  of Commandery,n. 骑士团管理地；会所,,,,,0,0,0:commandery/1:s,,
commanderism,,,n. 命令主义,,,,,0,0,,,
commanderist,,,a. 命令主义的,,,,,0,0,,,
commanderless,,,[网络] 无舵手,,,,,0,0,,,
commanders,kəˈmɑ:ndəz,n. an officer in command of a military unit\nn. someone in an official position of authority who can command or control others\nn. a commissioned naval officer who ranks above a lieutenant commander and below a captain,n. 指挥官( commander的复数形式 ); 海军中校,,,,,0,0,0:commander/1:s,,
commanders in chief,,,n. 总司令；(海军的)舰队司令\n[网络] 三军,,,,,0,0,0:commander in chief/1:s,,
commanders-in-chief,,,n. 总司令；(海军的)舰队司令\n[网络] 三军,,,,,0,0,s:commanders-in-chief/0:commander-in-chief/1:s,,
commandership,kә'mɑ:ndәʃip,n. the position or office of commander,n. 总司令之职,,,,,0,0,s:commanderships,,
commanderships,,,n. 总司令之职,,,,,0,0,0:commandership/1:s,,
commandery,kә'mɑ:ndәri,n the position or office of commander,"n. 骑士团辖区, 秘密社团的集会",,,,,0,0,s:commanderies,,
commandes,,,[网络] 康孟达；没找到解释；汲无踪\n(commande 的复数),,,,,0,0,0:commande/1:s,,
commandest,kə'mɑːnd,,vt. 指挥；命令；指示；要求：；统帅；管辖；控制；管理；支配：\nvi. 发布命令；指挥；指示：；负责；掌管；管辖；控制\nn. 指挥；命令；口令,,,,,0,0,,,
commandeth,,,[网络] 命令,,,,,0,0,,,
commandible,,,[网络] 有责任心,,,,,0,0,,,
commanding,kә'mɑ:ndiŋ,s. used of a height or viewpoint,"a. 指挥的, 威风凛凛的, 居高临下的",j:100,1,,,7646,8420,0:command/1:i,,
commanding apparatus,,,[化] 操纵设备,,,,,0,0,,,
commanding communication,,,指挥用通信,,,,,0,0,,,
commanding general,,,将军级司令官,,,,,0,0,,,
commanding generals,,,[网络] 指挥将领,,,,,0,0,,,
commanding height,kəˈmændɪŋ hait,, 制高点,,,,,0,0,,,
commanding heights of economy,,,[经] 经济制高点,,,,,0,0,,,
commanding house,,,[网络] 指挥所,,,,,0,0,,,
commanding impulse,,,令脉冲,,,,,0,0,,,
commanding officer,kəˈmændɪŋ ˈɔfisə,,n. 少尉至上校阶级的各指挥官,,,,,0,0,s:commanding officers,,
commanding officer of troops,,,部队指挥官,,,,,0,0,,,
commanding officer's cabin,,,[网络] 指挥官舱；指挥室,,,,,0,0,,,
commanding officer's subsidy,,,[经] 指挥机津贴,,,,,0,0,,,
commanding officer's wardroom,,,舰长接待室，舰长休息室,,,,,0,0,,,
commanding officers,,,n. 少尉至上校阶级的各指挥官( commanding officer的名词复数 ),,,,,0,0,0:commanding officer/1:s,,
commanding point,,,度站,,,,,0,0,,,
commanding presence,,,[网络] 身先士卒；指挥之所；让敌人晕迷,,,,,0,0,,,
commanding ship,,,指挥舰,,,,,0,0,,,
commanding tower,,,指挥塔,,,,,0,0,,,
commandingly,,adv. In a commanding manner.,adv. commanding的变形,r:100,,,,42921,42503,,,
commandingness,,,[网络] 指挥,,,,,0,0,,,
commandings,,,[网络] 命令,,,,,0,0,,,
commandism,,,命令主义,,,,,0,0,,,
commandist,kə'mɑːndɪst,,n. 命令者,,,,,0,0,s:commandists,,
commandists,,,n. 命令者\n(commandist 的复数),,,,,0,0,0:commandist/1:s,,
commanditaire,,,[网络] 委方,,,,,0,0,,,
commandite,,,[网络] 命令,,,,,0,0,s:commandites,,
commandites,,,[网络] 命令\n(commandite 的复数),,,,,0,0,0:commandite/1:s,,
commandive,,,[网络] 警戒,,,,,0,0,,,
commandless,,,[网络] 无畏的,,,,,0,0,,,
commandlet,,,[网络] 小程序；多个指令码,,,,,0,0,,,
commandly,,,[网络] 有责任心,,,,,0,0,,,
commandment,kә'mɑ:ndmәnt,n. something that is commanded,n. 戒律,n:100,,,,15094,14661,s:commandments,,
commandments,kəˈmændmənts,n. something that is commanded\nn. a doctrine that is taught,n. 戒条( commandment的复数形式 ),,,,,0,0,0:commandment/1:s,,
commando,kә'mɑ:ndәu,n. a member of a military unit trained as shock troops for hit-and-run raids\nn. an amphibious military unit trained for raids into enemy territory,"n. 突击队, 突击队员, (南非)布尔人部队",n:100,1,,,7438,11443,s:commandos,,
commando knife,,,[网络] 突击刀,,,,,0,0,,,
commando operation,,,[网络] 突击作战行动,,,,,0,0,,,
commando sales team,,,突击销售队,,,,,0,0,,,
commandoes,kəˈmændəʊz,n. a member of a military unit trained as shock troops for hit-and-run raids\nn. an amphibious military unit trained for raids into enemy territory,"n. 突击队, 突击队员( commando的名词复数 )",,,,,0,0,0:commandoe/1:s,,
commandolike,,,[网络] 直升机,,,,,0,0,,,
Commandor Basin,,,[地名] 科曼多尔海盆 ( 白令海 ),,,,,0,0,,,
commandore,,,[网络] 准将,,,,,0,0,,,
commandos,kəˈmændəʊz,n. a member of a military unit trained as shock troops for hit-and-run raids\nn. an amphibious military unit trained for raids into enemy territory,"n. 突击队, 突击队员( commando的复数形式 )",,,,,0,0,0:commando/1:s,,
commandress,kə'mɑ:ndəres,n. A woman invested with authority to command.,n. 女司令员,,,,,0,0,,,
commandresses,kə'mɑːndrɪs,,n. 女司令员,,,,,0,0,,,
commandrie,,,[网络] 指挥官,,,,,0,0,,,
commandries,,,[网络] 哨兵,,,,,0,0,,,
commandry,,,[网络] 命令,,,,,0,0,,,
commands,,n an authoritative direction or instruction to do something\nn a military unit or region under the control of a single officer\nn the power or authority to command\nn availability for use\nn a position of highest authority\nn great skillfulness and knowledge of some subject or activity\nn (computer science) a line of code written as part of a computer program\nv be in command of\nv make someone do something\nv demand as one's due\nv look down on\nv exercise authoritative control or power over,"n. 命令, 指令（command复数形式）",,,,,0,0,0:command/1:s3,,
commands parameter,,,指令参数,,,,,0,0,,,
commandstation,,,指挥所,,,,,0,0,,,
commanducate,,,[网络] 农业教育,,,,,0,0,,,
commandwide,,,[网络] 在全国范围内,,,,,0,0,,,
commare,,,[网络] 逗号,,,,,0,0,,,
commarginal,,,[网络] 漫画,,,,,0,0,,,
commarin,,,[网络] 科马兰,,,,,0,0,,,
commark,,,[网络] 马克,,,,,0,0,,,
COMMARPAC,,"COMMARPAC\n(Canada, nautical, military) Abbreviation of commander, maritime forces, Pacific.\n",,,,,,0,0,,,
commas,ˈkɔməz,"n. a punctuation mark (,) used to indicate the separation of elements within the grammatical structure of a sentence\nn. anglewing butterfly with a comma-shaped mark on the underside of each hind wing",n. 逗号( comma的复数形式 ),,,,,0,0,0:comma/1:s,,
commasculate,,,[网络] 交配,,,,,0,0,,,
commasculation,,,"[医] 男性互恋, 男子同性恋爱",,,,,0,0,,,
Commasculaton,,,"男性互恋,男子同性恋爱",,,,,0,0,,,
commassate,,,[网络] 通缉,,,,,0,0,,,
commata,,,[网络] 覃政,,,,,0,0,,,
commaterial,kəmə'tɪərɪəl,a. Consisting of the same material.," 同物质, 同一种材料",,,,,0,0,,,
commatic,,,[网络] 活泼的,,,,,0,0,,,
commation,,,[网络] 发表,,,,,0,0,,,
commatism,,,[网络] 相称,,,,,0,0,,,
commaund,,,[网络] 逗号,,,,,0,0,,,
commaunde,,,[网络] 逗号,,,,,0,0,,,
commaundement,,,[网络] 逗号,,,,,0,0,,,
commaundest,,,[网络] 最好的,,,,,0,0,,,
commaundeth,,,[网络] 逗号,,,,,0,0,,,
commaundment,,,[网络] 慷慨激昂,,,,,0,0,,,
commaunds,,,[网络] 逗号,,,,,0,0,,,
commboard,,,[网络] comm板,,,,,0,0,,,
Commc'n,,,[网络] Commcnn,,,,,0,0,,,
COMMCEN,,,abbr. Communication Center 〈美〉通信中心,,,,,0,0,,,
commcore,,,[网络] 通讯,,,,,0,0,,,
commd.,,,[网络] 石闻松；讨论表,,,,,0,0,,,
commdity supply,,,[贸易] 商品可供量,,,,,0,0,,,
commdlg.dll,,,[网络] 位公共对话库；通用对话框自定义控件；通用型对话方块自订控制项,,,,,0,0,,,
comme,,,vt. （法）好像；（法）如同,,,,,24996,0,,,
comme a,,,[网络] eㄧ,,,,,0,0,,,
comme ci,,,[法语]还过得去，一般，不好也不坏,,,,,0,0,,,
comme il faut,kɔ:mi:l'fәu,,"a. 应当的, 恰当的\nadv. 应当地",,,,,0,0,,,
commeal,,,[网络] 玉米粉,,,,,0,0,,,
commeasurable,kə'meʃərəbl,a. Having the same measure; commensurate; proportional.,"a. 可相比的, 可成比例的",,,,,0,0,,,
commeasurate,,,[网络] 相称,,,,,0,0,,,
commeasure,kә'meʒә,v. t. To be commensurate with; to equal.,v. 可与...相比,,,,,0,0,,,
commeasured,kə'meʒə,,vt. 可与...相比,,,,,0,0,,,
commeasures,kə'meʒə,,vt. 可与...相比,,,,,0,0,,,
commeasuring,kə'meʒə,,vt. 可与...相比,,,,,0,0,,,
commeat,,,[网络] 承担,,,,,0,0,,,
commeate,,,[网络] 恭喜,,,,,0,0,,,
commeation,,,[网络] 寄宿,,,,,0,0,,,
commeator,,,[网络] 悼念者,,,,,0,0,,,
commed,,,[网络] 承诺,,,,,0,0,,,
commeddle,,,[网络] 退学,,,,,0,0,,,
commedia,,,[网络] 喜剧；幽默的喜剧；情曲,,,,,0,0,s:commedias,,
commedia dell'arte,kɒˌmeɪdɪə del ˈɑ:teɪ,,n. 喜剧作品,,,,,0,0,,,
commedia dellarte,,,即兴喜剧,,,,,0,0,,,
commedia erudita,,,[网络] 博学喜剧；文人剧；博学剧,,,,,0,0,,,
commedias,,,[网络] 喜剧；幽默的喜剧；情曲\n(commedia 的复数),,,,,0,0,0:commedia/1:s,,
commedium,,,[网络] 涓嶅潎鍖,,,,,0,0,,,
Commeen,,,库敏,,,,,0,0,,,
commelina,,,鸭跖草属,,,,,0,0,s:commelinas,,
Commelina auriculata,,,n. 耳苞鸭跖草,,,,,0,0,,,
Commelina benghalensis,,,竹叶菜,,,,,0,0,,,
commelina benghalensis l.,,,竹叶菜（纲目）（H.C.）；火炭头（H.M.）,,,,,0,0,,,
Commelina communica L.,,,鸭跖草,,,,,0,0,,,
Commelina communis,,,鸭跖草,,,,,0,0,,,
Commelina communis L.,,,[医] 鸭跖草,,,,,0,0,,,
Commelina diffusa,,,n. 节节草,,,,,0,0,,,
Commelina L.,,,[医] 鸭跖草属,,,,,0,0,,,
Commelina maculata,,,n. 地地藕,,,,,0,0,,,
Commelina nudiflora,,,[网络] 竹节草,,,,,0,0,,,
Commelina paludosa,,,n. 大范鸭跖草,,,,,0,0,,,
Commelina polygama,,,[医] 碧蝉花,,,,,0,0,,,
Commelina suffruticosa,,,n. 大叶鸭跖草,,,,,0,0,,,
commelina tuberosa l.,,,块根鸭跖草,,,,,0,0,,,
Commelina undulata,,,n. 波缘鸭跖草,,,,,0,0,,,
commelina yellow mottle virus,,, [医]CoYMV,,,,,0,0,,,
Commelinaceae,,n large widely distributed family of chiefly perennial herbs or climbers: spiderworts,[医] 鸦跖草科,,,,,0,0,s:commelinaceaes,,
commelinaceaes,",kɔmə'lainəsii:",,n. 鸦跖草科,,,,,0,0,0:commelinaceae/1:s,,
Commelinales,",kɔmə'lainəlis",,n. [植] 鸭跖草目,,,,,0,0,s:commelinaless,,
commelinaless,",kɔmə'lainəlis",,"Commelinales\n[,kɔmə'lainəlis]\nn.\n【植物】鸭距草目",,,,,0,0,0:commelinales/1:s,,
commelinas,,,鸭跖草属\n(commelina 的复数),,,,,0,0,0:commelina/1:s,,
Commeline,,,[网络] 命令,,,,,0,0,,,
commelinid,,,[网络] 榛子,,,,,0,0,,,
Commelinidae,",kɔmə'lainədi:",,n. [植] 鸭跖草亚纲,,,,,0,0,s:commelinidaes,,
commelinidaes,",kɔmə'lainədi:",,"Commelinidae\n[,kɔmə'lainədi:]\nn.\n【植物】鸭跖草亚纲",,,,,0,0,0:commelinidae/1:s,,
commelinids,,,[网络] 鸭跖草类植物；鸭跖草分支,,,,,0,0,,,
commelinin,",kɔ:mә'linin",,鸭跖草苷,,,,,0,0,,,
commelinoides,,,[网络] 鸭跖草状凤仙花,,,,,0,0,,,
commem,,,[网络] 纪念,,,,,0,0,s:commems,,
commemorabilia,,,[网络] 纪念品,,,,,0,0,,,
commemorable,kә'memәrәbl,a. Worthy to be commemorated.,"a. 该记住的, 值得纪念的",,,,,0,0,,,
commemorate,kә'memәreit,"v. mark by some ceremony or observation\nv. call to remembrance; keep alive the memory of someone or something, as in a ceremony\nv. be or provide a memorial to a person or an event",vt. 纪念,v:100,2,,ky toefl ielts gre,7928,8691,i:commemorating/d:commemorated/3:commemorates/p:commemorated,,
commemorated,kəˈmeməreitid,imp. & p. p. of Commemorate,"v. 纪念, 庆祝( commemorate的过去式和过去分词 )",,,,,0,0,0:commemorate/1:dp,,
commemorates,kəˈmeməreits,"v mark by some ceremony or observation\nv call to remembrance; keep alive the memory of someone or something, as in a ceremony\nv be or provide a memorial to a person or an event","n. 纪念, 庆祝( commemorate的名词复数 )\nv. 纪念, 庆祝( commemorate的第三人称单数 )",,,,,0,0,0:commemorate/1:3,,
commemoratest,kə'meməreɪt,,vt. 纪念：；庆祝：,,,,,0,0,,,
commemorateth,,,[网络] 纪念,,,,,0,0,,,
commemorating,kəˈmeməreitɪŋ,p. pr. & vb. n. of Commemorate,"v. 纪念, 庆祝( commemorate的现在分词 )",,,,,0,0,0:commemorate/1:i,,
commemoration,kә.memә'reiʃәn,n. a ceremony to honor the memory of someone or something,"n. 纪念, 纪念物, 庆典",n:100,,,,20217,15453,s:commemorations,,
commemoration coin,,,具纪念性的硬币; 纪念币,,,,,0,0,,,
commemorational,,,adj. commemoration的变形,,,,,0,0,,,
commemorations,,plural of commemoration\nn. a ceremony to honor the memory of someone or something,"(commemoration 的复数) n. 纪念, 纪念物, 庆典",,,,,0,0,0:commemoration/1:s,,
commemorative,kә'memәrәtiv,n. an object (such as a coin or postage stamp) made to mark an event or honor a person\na. intended as a commemoration,a. 纪念的,j:96/n:4,1,,,15034,15718,s:commemoratives,,
commemorative architecture,"kəˈmemərətɪv, -əˌreɪ-",,纪念性建筑,,,,,0,0,,,
commemorative coin,,,纪念币,,,,,0,0,,,
commemorative column,,,纪念柱,,,,,0,0,,,
commemorative dividend,,,纪念性股息,,,,,0,0,,,
commemorative party,,,n. 纪念宴会,,,,,0,0,,,
commemorative stamp,kəˈmɛməretɪv stæmp,, 纪念邮票,,,,,0,0,,,
commemoratively,,,adv. commemorative的变形,,,,,0,0,,,
commemoratives,,plural of commemorative\nn. an object (such as a coin or postage stamp) made to mark an event or honor a person\na. intended as a commemoration,(commemorative 的复数) a. 纪念的,,,,,0,0,0:commemorative/1:s,,
commemorator,,n. One who commemorates.,n. commemorate的变形,,,,,0,0,,,
commemorators,,,[网络] 纪念,,,,,0,0,,,
commemoratory,kә'memәrәtәri,a. Serving to commemorate; commemorative.,a. 纪念的,,,,,0,0,,,
commemorial,,,[网络] 纪念,,,,,0,0,,,
commemorize,,,[网络] 纪念,,,,,0,0,,,
commemorstive sign,,,[医] 后遗征,,,,,0,0,,,
commems,,,[网络] 纪念\n(commem 的复数),,,,,0,0,0:commem/1:s,,
commen,,,abbr. compiler oriented for multiprogramming and multiprocessing environments 多道程序设计与多处理环境专用编译程序,,,,,0,0,,,
Commenailles,,,[地名] 科默纳耶 ( 法 ),,,,,0,0,,,
commence,kә'mens,"v take the first step or steps in carrying out an action\nv set in motion, cause to start\nv get off the ground","v. (使)开始, 得学位",v:100,1,,cet6 ky toefl ielts gre,4318,9454,d:commenced/i:commencing/p:commenced/3:commences/s:commences,,
commence as,,,以…开始(自己的)生涯,,,,,0,0,,,
commence business,,,[经] 开始营业,,,,,0,0,,,
commence fire,,,开始射击；开火,,,,,0,0,,,
commence on,,,开始从事,,,,,0,0,,,
commence search pattern,,,开始搜寻方式,,,,,0,0,,,
commence search point,,,起始搜寻点,,,,,0,0,,,
commence with,,,"开始,着手,一开始就有…",,,,,0,0,,,
commenceable,,,[网络] 开始,,,,,0,0,,,
commenced,kəˈmenst,imp. & p. p. of Commence,v. <正>开始( commence的过去式和过去分词 ),,,,,0,0,0:commence/1:dp,,
commencement,kә'mensmәnt,n. an academic exercise in which diplomas are conferred,"n. 开始, 毕业典礼\n[法] 开始, 毕业典礼",n:100,,,gre,12251,13566,s:commencements,,
commencement address,,,授奖典礼上的发言词,,,,,0,0,,,
commencement and termination of cover,,,[经] (保险)责任起讫,,,,,0,0,,,
commencement ceremonies,,,开工典礼，授学位典礼,,,,,0,0,0:commencement ceremony/1:s,,
commencement ceremony,,,授学位典礼,,,,,0,0,s:commencement ceremonies,,
commencement date,,, 生效日期,,,,,0,0,,,
commencement day,,, 开学日；毕业日,,,,,0,0,s:commencement days,,
commencement days,,,开学日；毕业日,,,,,0,0,0:commencement day/1:s,,
commencement exercise,,,[网络] 开始练习,,,,,0,0,s:commencement exercises,,
commencement exercises,,,[网络] 毕业典礼,,,,,0,0,0:commencement exercise/1:s,,
commencement of action,kəˈmensmənt ɔv ˈækʃən,, 起诉,,,,,0,0,,,
commencement of adventure,,,冒险开始；保险开始,,,,,0,0,,,
commencement of business,,,开始营业,,,,,0,0,,,
commencement of commercial operation,,,正式运行,,,,,0,0,,,
commencement of cover,,,保险责任开始,,,,,0,0,,,
commencement of fuel delivery,,,[网络] 供油始点,,,,,0,0,,,
commencement of fuel injection,,,喷油提前角,,,,,0,0,,,
commencement of fuel supply,,,供[喷]油始点,,,,,0,0,,,
commencement of injection,,,供[喷]油始点,,,,,0,0,,,
Commencement of Insurance,,,[网络] 保险责任的开始,,,,,0,0,,,
Commencement of Laytime,,,[网络] 装卸时间的起算；起算装卸时间,,,,,0,0,,,
commencement of liquefaction,,,un. 熔点,,,,,0,0,,,
commencement of operation,,,行开始(开始初始装料),,,,,0,0,,,
commencement of raft towing,,,[网络] 木排起拖,,,,,0,0,,,
commencement of risk,,,"[经] 风险的开始, 开始承担风险",,,,,0,0,,,
commencement of statute,,,[法] 法规开始实施,,,,,0,0,,,
commencement of term,,,[法] 期限起算点,,,,,0,0,,,
commencement of the limitation period,,,[经] 时效期间的开始,,,,,0,0,,,
Commencement of Towage,,,[网络] 起拖,,,,,0,0,,,
commencement of towing,,,[网络] 始拖,,,,,0,0,,,
commencement of voyage,,,船程开始,,,,,0,0,,,
Commencement of War,,,[网络] 开战,,,,,0,0,,,
commencement of winding-up,,,[网络] 清盘开始,,,,,0,0,,,
commencement of work,,, 开工,,,,,0,0,,,
commencement of works,,,工程开工,,,,,0,0,,,
commencement report of construction work,,,开工报告,,,,,0,0,,,
commencements,kəˈmensmənts,n. the time at which something is supposed to begin\nn. an academic exercise in which diplomas are conferred\nn. the act of starting something,n. 开始( commencement的复数形式 ); 开端; 毕业典礼; 学位授予典礼,,,,,0,0,0:commencement/1:s,,
commencemert,,,"开始,毕业典礼",,,,,0,0,,,
commencer,,,n. 开始,,,,,0,0,,,
commencers,,,[网络] 会员,,,,,0,0,,,
commences,kəˈmensiz,"v take the first step or steps in carrying out an action\nv set in motion, cause to start\nv get off the ground",v. <正>开始( commence的第三人称单数 ),,,,,0,0,0:commence/1:3,,
commencest,kə'mens,,vi. 开始:\nvt. 使开始；着手：,,,,,0,0,,,
commencified,,,[网络] 统一了,,,,,0,0,,,
commencifies,,,[网络] 通知,,,,,0,0,,,
commencify,,,[网络] 通知,,,,,0,0,,,
commencifying,,,[网络] 通知,,,,,0,0,,,
commencing,kəˈmensɪŋ,p. pr. & vb. n. of Commence,v. <正>开始( commence的现在分词 ),,,,,0,0,0:commence/1:i,,
commencing date,,,起订期(期刊开始供应期),,,,,0,0,,,
commencing height,,,起跳高度,,,,,0,0,,,
commencing position,,,预备姿势,,,,,0,0,,,
commencing signal,,,(发射)起始信号,,,,,0,0,,,
commencing speed,,,初速;开始速度,,,,,0,0,,,
commend,kә'mend,"v. express approval of\nv. present as worthy of regard, kindness, or confidence\nv. give to in charge\nv. express a good opinion of","vt. 嘉奖, 委托给, 推荐",v:100,1,,cet6 ky toefl ielts,7594,10548,d:commended/p:commended/3:commends/i:commending,,
commend and penalize,,,un. 奖惩,,,,,0,0,,,
commend for,,,〈正〉因…赞扬,,,,,0,0,,,
commend itself to,,,"为…所喜爱,受…欢迎,给…好印象,使…感兴趣",,,,,0,0,,,
commend itself to sb,,,"给某人好印象, 会被人接受",,,,,0,0,,,
commend itself to sb.,,,给某人好印象,,,,,0,0,,,
commend me to,,,请代我向...致意,,,,,0,0,,,
commend oneself to,,,投…的所好，受…的欢迎；给…好印象；使感兴趣,,,,,0,0,,,
commend oneself to sb,,,v. 给某人好印象,,,,,0,0,,,
commend sth to sb's care,,,把某物交给某人保管,,,,,0,0,,,
commend to,,,〈非正〉将…托付给; 〈非正〉向…推荐; 给…留下好印象,,,,,0,0,,,
commenda,,,[网络] 康孟达；康曼达；康曼达契约,,,,,0,0,,,
commendable,kә'mendәbl,s worthy of high praise\nr in an admirable manner,"a. 值得赞美的, 很好的",j:100,1,,,14535,19247,,,
commendableness,,,[网络] 可信度,,,,,0,0,,,
commendably,kə'mendəblɪ,, 很好地,r:100,,,,34264,40633,,,
commendaces,,,[网络] 赞美,,,,,0,0,,,
commendador,,,[网络] 赞美者,,,,,0,0,,,
commendam,kә'mendæm,n. A vacant living or benefice commended to a cleric\n   (usually a bishop) who enjoyed the revenue until a pastor was provided.\n   A living so held was said to be held in commendam. The practice was\n   abolished by law in 1836.,（暂时代理牧师职务时所享受的）薪俸代领权,,,,,0,0,,,
commendams,kə'mendæm,,（暂时代理牧师职务时所享受的）薪俸代领权,,,,,0,0,,,
commendatare,,,[网络] 表彰,,,,,0,0,,,
commendataries,,,[网络] 表彰,,,,,0,0,,,
commendatary,,,[网络] 表彰,,,,,0,0,,,
commendate,,,[网络] 表彰,,,,,0,0,,,
commendation,.kɒmen'deiʃәn,n an official award (as for bravery or service) usually given as formal public statement\nn a message expressing a favorable opinion,"n. 赞赏, 嘉奖, 推荐",n:100,,,,18958,21328,s:commendations,,
commendation and penalization,,,un. 奖惩,,,,,0,0,,,
commendation and penalization of employee,,,[经] 职工奖惩,,,,,0,0,,,
commendation meeting,,,表彰会,,,,,0,0,,,
commendations,ˌkɔmənˈdeɪʃənz,n. an official award (as for bravery or service) usually given as formal public statement\nn. a message expressing a favorable opinion,n. 奖( commendation的复数形式 ); 表扬; 嘉奖状; 推荐,,,,,0,0,0:commendation/1:s,,
commendatitial,,,[网络] 恭喜,,,,,0,0,,,
commendative,,,[网络] 表彰,,,,,0,0,,,
commendator,,,[网络] 提供者；隐修院的暂时代理,,,,,0,0,,,
commendatore,,,[网络] 大统领；官级,,,,,0,0,s:commendatores,,
commendatores,,,[网络] 大统领；官级\n(commendatore 的复数),,,,,0,0,0:commendatore/1:s,,
commendatories,kɒ'mendət(ə)rɪ,,adj. 推荐的；赞许的；暂代有俸圣职的,,,,,0,0,,,
commendators,,,[网络] 康曼达人,,,,,0,0,,,
commendatory,kә'mendәtәri,"a. Serving to commend; containing praise or\n   commendation; commending; praising.\na. Holding a benefice in commendam; as, a commendatory\n   bishop.\nn. A commendation; eulogy.","a. 赞赏的, 推荐的",,,,,0,0,,,
commendatory meaning,,,称赞的意义,,,,,0,0,,,
commended,kəˈmendid,"v express approval of\nv present as worthy of regard, kindness, or confidence\nv give to in charge\nv express a good opinion of\nv mention as by way of greeting or to indicate friendship",v. 推荐( commend的过去式和过去分词 ); 表扬; 托付; 受到赞同,j:100,,,,36967,44490,0:commend/1:dp,,
commender,kə'mend,n. One who commends or praises.,"vt. 推举, 推荐, 给…说好话：；委托, 把…交托给：\nvi. 表扬；称赞",,,,,0,0,,,
commenders,,,[网络] 恭喜,,,,,0,0,,,
commendest,kə'mend,,vt. 推举，推荐，给…说好话：；委托，把…交托给：\nvi. 表扬；称赞,,,,,0,0,,,
commendeth,,,[网络] 赞美,,,,,0,0,,,
commending,kəˈmendɪŋ,p. pr. & vb. n. of Commend,v. 推荐( commend的现在分词 ); 表扬; 托付; 受到赞同,,,,,0,0,0:commend/1:i,,
commendment,,,[网络] 表彰,,,,,0,0,,,
commendo,,,[网络] 赞美,,,,,0,0,s:commendoes,,
commendoes,,,[网络] 赞美\n(commendo 的复数),,,,,0,0,0:commendo/1:s,,
commendress,,,[网络] 悼念,,,,,0,0,,,
commendry,,,[网络] 表彰,,,,,0,0,,,
commends,kəˈmendz,"v express approval of\nv present as worthy of regard, kindness, or confidence\nv give to in charge\nv express a good opinion of\nv mention as by way of greeting or to indicate friendship",v. 推荐( commend的第三人称单数 ); 表扬; 托付; 受到赞同,,,,,0,0,0:commend/1:3,,
commendum,,,[网络] 纪念,,,,,0,0,,,
commenliche,,,[网络] 通知,,,,,0,0,,,
Commensacq,,,[地名] 科芒萨克 ( 法 ),,,,,0,0,,,
commensal,kә'mensәl,n. either of two different animal or plant species living in close association but not interdependent\na. living in a state of commensalism,"a. 共餐的, 同桌的, 共生的\nn. 共餐者, 共生体",n:100,,,,49546,45087,s:commensals,,
commensal parasite,,,[医] 共栖性寄生物,,,,,0,0,,,
commensal union,,,共栖结合,,,,,0,0,,,
commensalism,kә'mensәlizm,n. the relation between two different kinds of organisms when one receives benefits from the other without damaging it,"n. 共生, 共栖\n[化] 共生现象",,,,,0,0,s:commensalisms,,
commensalism luminescent,,,共栖性发光细胞,,,,,0,0,,,
commensalisms,,,[网络] 共栖关系；偏利共栖；共食者,,,,,0,0,0:commensalism/1:s,,
commensalities,,,共生，共栖,,,,,0,0,0:commensality/1:s,,
commensality,.kɒmen'sæliti,n. Fellowship at table; the act or practice of eating at\n   the same table.,"n. 共生, 共栖",,,,,0,0,s:commensalities,,
commensally,,r in a commensal manner,共生地\n共栖地\n同吃地,,,,,0,0,,,
commensals,,plural of commensal\nn. either of two different animal or plant species living in close association but not interdependent\na. living in a state of commensalism,"(commensal 的复数) a. 共餐的, 同桌的, 共生的\nn. 共餐者, 共生体",,,,,0,0,0:commensal/1:s,,
commensation,,,[网络] 赔偿,,,,,0,0,,,
commenstruate,,,[网络] 通报,,,,,0,0,,,
commensurabilities,"kə,menʃərə'biliti",,n. 公度；[数] 可公度性；[数] 可通约性；同单位,,,,,0,0,0:commensurability/1:s,,
commensurability,"kә,menʃәrә'biliti",n. The quality of being commensurable.,"[数]公度性, 同量",n:100,,,,0,45832,s:commensurabilities,,
commensurable,kә'menʃәrәbl,s. capable of being measured by a common standard,"a. 可公度的, 可通约的, 有公度的, 相应的, 相称的",j:100,,,,0,40459,,,
commensurable measure,,,同比量测,,,,,0,0,,,
commensurable motion,,,通约运动,,,,,0,0,,,
commensurable motions,,,通约运动,,,,,0,0,,,
commensurable number,,,"可比数值,比例数",,,,,0,0,,,
commensurable numbers,,,[数] 可公度数,,,,,0,0,,,
commensurable quantities,,,可公度量,,,,,0,0,,,
commensurable quantity,,,[数] 可公度量,,,,,0,0,,,
commensurable root,,,"可公度根,可通约根",,,,,0,0,,,
commensurable segments,,,[数] 可公度线段,,,,,0,0,,,
commensurable structures,,,有公度结构,,,,,0,0,,,
commensurable subgroups,,,可公度子群,,,,,0,0,,,
commensurableness,,,[网络] 相称性,,,,,0,0,,,
commensurably,,adv. In a commensurable manner; so as to be\n   commensurable.,adv. commensurable的变形,,,,,0,0,,,
commensurate,kә'menʃәrit,a. corresponding in size or degree or extent,"a. 同量的, 同等的, 相称的",j:100,,,gre,18874,16742,,,
commensurate incommensurate transition,,,适应不适应转变,,,,,0,0,,,
commensurate modulation,,,相称性调变,,,,,0,0,,,
commensurate orbit,,,通约轨道,,,,,0,0,,,
commensurate orbits,,,【天文学】通约轨道,,,,,0,0,,,
commensurate phase,,,有公度相,,,,,0,0,,,
commensurate reduction,,,等减缩，按比例缩小,,,,,0,0,,,
commensurate structure,,,适应结构,,,,,0,0,,,
commensurate with,,, 与…相应；与…相当,,,,,0,0,,,
commensurate with international standards,,,与国际标准一致,,,,,0,0,,,
commensurate-incommensurate transition,,,公度有无转变,,,,,0,0,,,
commensurate-line filter,,,等比传输线泸波器,,,,,0,0,,,
commensurated,kə'menʃ(ə)rət; -sjə-,imp. & p. p. of Commensurate,"a. 同量的；同大小的；同广阔的；同久远的；相称的, 相当的；适当的",,,,,0,0,,,
commensurately,,adv. In a commensurate manner; so as to be equal or\n   proportionate; adequately.\nadv. With equal measure or extent.,"adv. 相当地, 相称地；同量地",,,,,45558,0,,,
commensurateness,,n. The state or quality of being commensurate.,n. commensurate的变形,,,,,0,0,s:commensuratenesses,,
commensuratenesses,kə'menʃərit,,commensurateness\nn.\ncommensurate的变形\ncommensurate\n[kə'menʃərit]\nadj.\n同量的；同大小的；同广阔的；同久远的\n相称的，相当的；适当的\n【数学】可公度的，有公度的；可通约的；有同量的\n近义词:\nproportionate,,,,,0,0,0:commensurateness/1:s,,
commensurates,kə'menʃ(ə)rət; -sjə-,,adj. 同量的；同大小的；同广阔的；同久远的；相称的，相当的；适当的,,,,,0,0,,,
commensurating,kə'menʃ(ə)rət; -sjə-,p. pr. & vb. n. of Commensurate,"a. 同量的；同大小的；同广阔的；同久远的；相称的, 相当的；适当的",,,,,0,0,,,
commensuration,"kә,menʃә'reiʃәn",n. The act of commensurating; the state of being\n   commensurate.,"n. 同量, 相当的, 通约",,,,,0,0,,,
commensurations,"kə,menʃə'reiʃən",,n. 通约；同量；同大,,,,,0,0,,,
commensurative,,,[网络] 相称的,,,,,0,0,,,
commensurator,,,[网络] 相称者,,,,,0,0,,,
commensurators,,,[网络] 相称者,,,,,0,0,,,
commensure,,,[网络] 相称,,,,,0,0,,,
commensurizer,,,[网络] 相称,,,,,0,0,,,
commensurizers,,,[网络] 相称,,,,,0,0,,,
comment,'kɒment,n. a written explanation or criticism or illustration that is added to a book or other textual material\nv. make or write a comment on\nv. explain or interpret something,"n. 注解, 批评, 评论, 备注\nvi. 评论, 注解\n[计] 备注",v:32/n:68,4,1,gk cet4 cet6 ky toefl ielts,1279,1363,s:comments/p:commented/i:commenting/d:commented/3:comments,,
comment and blank line in free form format,,,自由格式中的注释行和空白行,,,,,0,0,,,
comment annotation,,,註释,,,,,0,0,,,
comment card,,,"[计] 注解卡片, 注释卡片",,,,,0,0,,,
comment code,,,"[计] 注解码, 注释码",,,,,0,0,,,
comment column,,,[计] 注解列,,,,,0,0,,,
comment convention,,,[计] 注解约定,,,,,0,0,,,
comment declaration,,,[计] 注解说明,,,,,0,0,,,
comment delimiter,,,註解定界符,,,,,0,0,,,
comment entry,,,[计] 注解体; 注释体,,,,,0,0,,,
comment field,,,"[计] 注解栏, 注解字段",,,,,0,0,,,
comment information,,,[网络] 评论信息；说明信息,,,,,0,0,,,
comment item,,,"[计] 注解项, 注释项",,,,,0,0,,,
comment line,,,[计] 注释行; 注解行,,,,,0,0,,,
comment on,,,评论,,,,,0,0,,,
comment on appeal,,,[法] 答辩,,,,,0,0,,,
comment out,,,添加注释,,,,,0,0,,,
comment phrase,,,[计] 注解短语,,,,,0,0,,,
comment remove,,,移除註释,,,,,0,0,,,
comment spam,,,垃圾评论,,,,,0,0,,,
comment statement,,,[计] 注解语句,,,,,0,0,,,
comment symbol,,,"[计] 注解符号, 注释符号",,,,,0,0,,,
comment syntax,,,[计] 注释语法,,,,,0,0,,,
comment tag in HTML,,,HTML中注释标记,,,,,0,0,,,
comment text,,,註解文字,,,,,0,0,,,
comment token,,,[网络] 注释标记；注释标识表记标帜；注释标志,,,,,0,0,,,
comment type,,,命令型式,,,,,0,0,,,
comment upon,,,"评论,谈论,对…提意见",,,,,0,0,,,
commentable,,,adj. comment的变形,,,,,0,0,,,
commentaire,,,[网络] 评论；赏析；备注,,,,,0,0,,,
commentaires,,,[网络] 注解；意见反应；评论数,,,,,0,0,,,
commentar,,,[网络] 评论,,,,,0,0,,,
commentard,,"A person posting in an online forum in a way which is stupid, for example by exposing himself or herself to disciplinary or legal action by making offensive or libeleous comments.\n\nTypically the commentard will try to be anonymous but reveal himself through logged IP adresses that resolve back to his employer or by otherwise inadvertently giving out identifying information.\n> ''A commentard using the handle Scrutineer tore into research that demonstrated how it might be possible to make a PIN authorised transaction'' - The Register\n> ''Colorado man faces jail for being a commentard'' - J.P. Weichel - Gawker\n",,,,,,0,0,,,
commentards,,"A person posting in an online forum in a way which is stupid, for example by exposing himself or herself to disciplinary or legal action by making offensive or libeleous comments.\n\nTypically the commentard will try to be anonymous but reveal himself through logged IP adresses that resolve back to his employer or by otherwise inadvertently giving out identifying information.\n> ''A commentard using the handle Scrutineer tore into research that demonstrated how it might be possible to make a PIN authorised transaction'' - The Register\n> ''Colorado man faces jail for being a commentard'' - J.P. Weichel - Gawker\n",,,,,,0,0,,,
commentarial,,,[网络] 评论,,,,,0,0,,,
commentariat,,,[网络] 无怪整个美国右翼评论界；评论人士,,,,,0,0,,,
commentariats,,,时事分析评论员,,,,,0,0,,,
commentaried,,,[网络] 评论,,,,,0,0,,,
commentaries,ˈkɔmentəriz,pl.  of Commentary,n. 实况报道( commentary的名词复数 ); 评论; 评注; 批评,,,,,0,0,0:commentary/1:s,,
Commentaries on the Illustrations,,,本草图经,,,,,0,0,,,
commentarii,,,[网络] 述评,,,,,0,0,,,
commentariographer,,,[网络] 评论员,,,,,0,0,,,
commentary,'kɒmәntәri,n a written explanation or criticism or illustration that is added to a book or other textual material,"n. 注释, 评论, 说明\n[法] 注释, 评注, 评论",n:100,2,,cet6 toefl ielts gre,5593,5032,s:commentaries,,
commentary booth,,,广播解说间,,,,,0,0,,,
commentary box,,,[网络] 评论框,,,,,0,0,,,
commentary channel,,,[电] 旁示道,,,,,0,0,,,
commentary on,,,[网络] 对…的评论；点评某事,,,,,0,0,,,
commentary vehicle,,,(新闻)评论播音车,,,,,0,0,,,
commentate,'kɒmәnteit,"v. make a commentary on\nv. serve as a commentator, as in sportscasting","vt. 注释, 解说\nvi. 评论时事",,1,,,35536,0,i:commentating/p:commentated/3:commentates/d:commentated/s:commentates,,
commentated,ˈkɔmənˌteɪtid,"v make a commentary on\nv serve as a commentator, as in sportscasting","v. 注释, 评述( commentate的过去式和过去分词 )",,,,,0,0,1:pd/0:commentate,,
commentates,ˈkɔmənˌteɪts,"v make a commentary on\nv serve as a commentator, as in sportscasting","v. 注释, 评述( commentate的第三人称单数 )",,,,,0,0,0:commentate/1:3,,
commentating,ˈkɔmənˌteɪtɪŋ,"v make a commentary on\nv serve as a commentator, as in sportscasting","v. 注释, 评述( commentate的现在分词 )",,,,,0,0,0:commentate/1:i/s:commentatings,,
commentatings,'kɒmənteɪt,,vt. 评论；解说；注释\nvi. 评论时事；实况报道,,,,,0,0,0:commentating/1:s,,
commentation,,n. The act or process of commenting or criticising;\n   exposition.\nn. The result of the labors of a commentator.,n. 时事评论,,,,,0,0,,,
commentations,,,[网络] 时事观点评论,,,,,0,0,,,
commentative,,,[网络] 评论,,,,,0,0,,,
commentative question,,,注释疑问句,,,,,0,0,,,
commentator,'kɔmenteitә,n. a writer who reports and analyzes events of the day,"n. 评论员, 实况广播员, 注释者, 时事评论员",n:100,3,,toefl,4631,5355,s:commentators,,
commentator's booth,,,实况广播间,,,,,0,0,,,
commentator's curse,,,[网络] 评论员的诅咒,,,,,0,0,,,
commentator's monitor,,,广播监视器,,,,,0,0,,,
commentatorial,"kə,mentə'tɔːriːəl",a. Pertaining to the making of commentaries.,"a. 评论员的, 评论家的；注释者的",,,,,0,0,,,
commentators,ˈkɔmənˌteɪtəz,n. an expert who observes and comments on something\nn. a writer who reports and analyzes events of the day,n. 评论员( commentator的复数形式 ); 时事评论员; 注释者; 实况广播员,,,,,0,0,0:commentator/1:s,,
commentatorship,,,[网络] 评论,,,,,0,0,,,
commentatory,,,[网络] 评论,,,,,0,0,,,
commentatour,,,[网络] 评论,,,,,0,0,,,
commentatours,,,[网络] 评论,,,,,0,0,,,
commentcode,,,注解(代)码,,,,,0,0,,,
commente,,,[网络] 评论,,,,,0,0,,,
commented,,imp. & p. p. of Comment,"vt.& vi. 评论, 谈论（comment的过去式与过去分词形式）",,,,,0,0,0:comment/1:pd,,
commenter,'kɒmentә,n. One who makes or writes comments; a commentator; an\n   annotator.,n. 评论家,,,,,0,0,,,
commenters,,,[网络] 评论者；长春网站建设；对下,,,,,0,0,,,
commenting,,p. pr. & vb. n. of Comment,"vt.& vi. 评论, 谈论（comment的现在分词形式）",,,,,0,0,0:comment/1:i,,
commentiter,,,[网络] 评论员,,,,,0,0,,,
commentitial,,,[网络] 评论,,,,,0,0,,,
commentitious,,,[网络] 评论,,,,,0,0,,,
commentor,,,[网络] 评论者,,,,,0,0,,,
commentors,,,[网络] 评审员,,,,,0,0,,,
Commentry,,,[地名] 科芒特里 ( 法 ),,,,,0,0,,,
comments,,n a statement that expresses a personal opinion or belief or adds information\nn a written explanation or criticism or illustration that is added to a book or other textual material\nn a report (often malicious) about the behavior of other people\nv make or write a comment on\nv explain or interpret something\nv provide interlinear explanations for words or phrases,n. 注解；评论（comment的复数）,,,,,0,0,0:comment/1:s3,,
comments on,,,[网络] 对……加以评论；对……发表评论；评价内容,,,,,0,0,,,
comments on the contracts,,,签署意见,,,,,0,0,,,
commenty,,,[网络] 评论,,,,,0,0,,,
Commequiers,,,[地名] 科默基耶 ( 法 ),,,,,0,0,,,
commer,,,n. 康门（卡车品牌）,,,,,0,0,s:commers,,
commerband,,,[网络] 商业频段,,,,,0,0,,,
commerbund,'kʌmәbʌnd,,"[印]腰围, 腰带, 绶带",,,,,0,0,,,
commercail compiler,,,商用编译程序,,,,,0,0,,,
commerce,'kɒmә:s,"n. transactions (sales and purchases) having the objective of supplying commodities (goods and services)\nn. social exchange, especially of opinions, attitudes, etc.","n. 商业, 商务, 贸易\n[经] 商业, 贸易, 商务",n:100,3,,cet4 cet6 ky toefl,4189,4647,s:commerces,,
commerce act,,,商业行为,,,,,0,0,,,
commerce and transport,,,政商运电子数据交换,,,,,0,0,,,
commerce bank,,,[网络] 商业银行；美国商业银行；康美银行,,,,,0,0,,,
Commerce City,,,[地名] 科默斯城 ( 美 ),,,,,0,0,,,
commerce clause,,,贸易条款,,,,,0,0,,,
commerce committee,,,[网络] 商业委员会；参议院商务委员会；美国参议院商务委员会,,,,,0,0,,,
commerce court,,,商业法庭,,,,,0,0,,,
commerce department,,,[经] 商业部,,,,,0,0,s:commerce departments,,
commerce departments,,,（美国）商务部,,,,,0,0,0:commerce department/1:s,,
commerce destroyer,,,n. 通商破坏舰\n[网络] 商业封锁的武装船只,,,,,0,0,,,
commerce exchange,,,[法] 商业汇兑价,,,,,0,0,,,
Commerce Extensible Markup Language,,,[网络] 商用延伸标示语言,,,,,0,0,,,
commerce function,,,商业职能,,,,,0,0,,,
Commerce Interchange Pipeline,,,[网络] 商业交换管道,,,,,0,0,,,
commerce maritime,,,海上贸易,,,,,0,0,,,
commerce minister,,,商业部长,,,,,0,0,,,
commerce net,,,商业网,,,,,0,0,,,
commerce net site,,,商业网站点,,,,,0,0,,,
commerce network,,,商业网,,,,,0,0,,,
commerce note fee,,,[经] 商业签证费,,,,,0,0,,,
commerce of education,,,教育贸易,,,,,0,0,,,
commerce office,,,un. 商业局,,,,,0,0,,,
commerce policy,,,un. 商业政策,,,,,0,0,,,
commerce power,,,商业电力,,,,,0,0,,,
commerce proper,,,"固有商业,买卖业",,,,,0,0,,,
commerce raider,,,[网络] 商业袭击者,,,,,0,0,,,
commerce raiders,,,[网络] 商业攻略,,,,,0,0,,,
commerce secretaries,,,商务部长,,,,,0,0,0:commerce secretary/1:s,,
Commerce Secretary,,,商务部长,,,,,0,0,s:commerce secretaries,,
commerce server,,,商业服务器,,,,,0,0,,,
Commerce Services Provider,,,[网络] 商务服务提供者,,,,,0,0,,,
commerce site,,,商务场所,,,,,0,0,,,
commerce war,,,商战,,,,,0,0,,,
Commerce XML,,,[网络] 商务可延伸标示语言,,,,,0,0,,,
commerce-destroyer,,,通商破坏舰,,,,,0,0,,,
commerceable,,,[网络] 可商业化,,,,,0,0,,,
commerced,'kɒmɜːs,imp. & p. p. of Commerce,"n. 贸易, 商业",,,,,0,0,,,
commerceless,,,[网络] 无电子,,,,,0,0,,,
commercement,,,[网络] 商业,,,,,0,0,,,
commercenet,,,[网络] 商业网；电子商务网；商贸网,,,,,0,0,,,
commercer,,,[网络] 商人,,,,,0,0,,,
commercery,,,[网络] 商业,,,,,0,0,,,
commerces,ˈkɔmə:siz,,n. 商业，贸易( commerce的名词复数 ),,,,,0,0,0:commerce/1:s,,
commercia,,,n. 商务代表；商业,,,,,0,0,,,
commercia belli,,,[法] 交战者间的协定,,,,,0,0,,,
commerciable,,,[网络] 有利可图,,,,,0,0,,,
commercial,kә'mә:ʃәl,n. a commercially sponsored ad on radio or television\na. connected with or engaged in or sponsored by or used in commerce or commercial enterprises\na. of or relating to commercialism\ns. of the kind or quality used in commerce; average or inferior,"a. 商业的, 商用的, 商品化的\nn. 商业广告节目",j:89/n:11,4,1,cet4 cet6 ky toefl ielts,1235,1027,s:commercials,,
commercial abbreviation,,,商业略语,,,,,0,0,,,
commercial abstract of financial statement,,,[会计] 商业财务报表摘要,,,,,0,0,,,
commercial acceptance,,,商业承兑汇票,,,,,0,0,,,
Commercial Acceptance Bill,,,商业承兑汇票,,,,,0,0,,,
commercial access provider,,,商务访问提供者,,,,,0,0,,,
commercial account,,,"[经] 厂商帐户, 商业帐单",,,,,0,0,,,
commercial accounting,,,商业会计;经济核算制,,,,,0,0,,,
commercial accounting analysis,,,[会计] 商业会计分析,,,,,0,0,,,
commercial accounting archives,,,[会计] 商业会计档案,,,,,0,0,,,
commercial accounting entry,,,[会计] 商业会计分录,,,,,0,0,,,
commercial accounts,,,商业帐簿,,,,,0,0,,,
commercial acid,,,业用酸，商品酸,,,,,0,0,,,
commercial act,,,"[经] 买卖, 贸易, 商业行为(交易)",,,,,0,0,,,
commercial action,,,[法] 商业诉讼,,,,,0,0,,,
commercial activities,,, 商品活动,,,,,0,0,0:commercial activity/1:s,,
commercial activity,,,[法] 商务活动,,,,,0,0,s:commercial activities,,
commercial administration law,,,商业管理法,,,,,0,0,,,
commercial administrment law,,,[法] 商业管理法,,,,,0,0,,,
commercial advertisement,,,商业广告,,,,,0,0,,,
commercial advertisement expense,,,[网络] 商业广告费用,,,,,0,0,,,
commercial advertising,,,[经] 商业广告,,,,,0,0,,,
commercial aeronautics,,,[航] 商用航空学,,,,,0,0,,,
commercial aeroplane,,,[机] 商用飞机,,,,,0,0,,,
commercial affairs,,,商务,,,,,0,0,,,
commercial affairs bureau,,,[网络] 商务局,,,,,0,0,,,
commercial agencies,,,n. 商业征信机构,,,,,0,0,0:commercial agency/1:s,,
commercial agencies stationed abroad,,, 驻外商务机构,,,,,0,0,,,
commercial agency,,,"[经] 商业代理所, 商行",,,,,0,0,s:commercial agencies,,
commercial agency contract,,,商务代理契约,,,,,0,0,,,
commercial agent,,,"[经] 代理商, 商务代表",,,,,0,0,,,
commercial aggression,,,商业侵略,,,,,0,0,,,
commercial agreement,,,[经] 商业合约,,,,,0,0,,,
commercial agriculture,,,商业性农业生产,,,,,0,0,,,
commercial aircraft,,,un. 商用飞机\n[网络] 商业飞机；民用飞机,,,,,0,0,,,
commercial airliner,,,商务班机,,,,,0,0,,,
commercial allowance,,,商业回升率,,,,,0,0,,,
commercial alloy,kəˈmə:ʃəl ˈælɔi,, 工业合金,,,,,0,0,,,
commercial alumina,,,工业氧化铝,,,,,0,0,,,
commercial aluminium,,,un. 商品铝,,,,,0,0,,,
commercial analysis,,,[化] 商品分析,,,,,0,0,,,
commercial analysis of financial statement,,,[会计] 商业财务报告分析,,,,,0,0,,,
commercial ancillary service,,,商用辅助服务,,,,,0,0,,,
commercial and administrative center,,,商业及行政中心,,,,,0,0,,,
commercial and industrial association,kəˈmə:ʃəl ænd inˈdʌstriəl əˌsəuʃiˈeiʃən,, [财]工商联合会,,,,,0,0,,,
commercial and industrial circles,,,[网络] 工商界,,,,,0,0,,,
commercial and industrial law and regulations,,,[法] 工商法规,,,,,0,0,,,
commercial and industrial loans,,, 工商贷款,,,,,0,0,,,
commercial and industrial representative,,,工商业代表,,,,,0,0,,,
commercial and industrial sites,,,工商业用地,,,,,0,0,,,
commercial and industrial taxes,,,[税收] 工商税,,,,,0,0,,,
commercial and navigation treaty,,,通商航海条约,,,,,0,0,,,
commercial annealing,,,中间退火,,,,,0,0,,,
commercial announcement,,,[网络] 商业告知；广告播放时间,,,,,0,0,,,
commercial apparatus,,,商品仪器,,,,,0,0,,,
commercial appliance,,,商用电器,,,,,0,0,,,
commercial application,,,[化] 在工业上的应用,,,,,0,0,,,
commercial applications,,,商业应用,,,,,0,0,,,
commercial arbitration,,,[经] 商业仲裁,,,,,0,0,,,
commercial arbitration commission,,,un. 商业仲裁委员会,,,,,0,0,,,
commercial arbitrition tribunal,,,un. 商业仲裁法庭,,,,,0,0,,,
commercial area,,,商业区,,,,,0,0,,,
commercial arithmetic,,,商业算术,,,,,0,0,,,
commercial arrangement,,,商业安排,,,,,0,0,,,
commercial art,,,[经] 商业艺术,,,,,0,0,s:commercial arts,,
commercial article,,,"商品,报上的商品新闻",,,,,0,0,,,
commercial articles,,,"[经] 商品, 报上的商业新闻",,,,,0,0,,,
commercial artist,kəˈmə:ʃəl ˈɑ:tist,, 商业艺术家,,,,,0,0,s:commercial artists,,
commercial artists,,,商业广告艺术家,,,,,0,0,0:commercial artist/1:s,,
commercial arts,,,商业美术（如广告画，厨窗设计等）,,,,,0,0,0:commercial art/1:s,,
commercial association,,,商业同业公会,,,,,0,0,,,
commercial at,,,单价记号,,,,,0,0,,,
commercial attach'e,,,"[法] 商务专员, 商务参赞",,,,,0,0,,,
commercial attache,,,"[经] 商业参事, 商务专员(帮办)",,,,,0,0,,,
commercial attache and counselor,,,商务参赞,,,,,0,0,,,
commercial attache to a legation,,,[经] 公使馆商务参赞,,,,,0,0,,,
commercial audit,,,[审计] 商业审计,,,,,0,0,,,
commercial autopilot,,,商用自动驾驶仪,,,,,0,0,,,
commercial availability,,,[化] 工业效用,,,,,0,0,,,
commercial aviation,,,[经] 商用航空事业,,,,,0,0,,,
commercial awareness,,,[网络] 商业意识；具有商业意识；有一定商业意识,,,,,0,0,,,
commercial balance,,,商用秤,,,,,0,0,,,
commercial ballet,,,商业化芭蕾,,,,,0,0,,,
commercial bank,,,商业银行\n[经] 商业银行,,1,,,0,0,s:commercial banks,,
Commercial Bank Act of Norway,,,挪威商业银行法,,,,,0,0,,,
commercial bank credit,,,商业银行信贷,,,,,0,0,,,
commercial bank discount and loan,,,[金融] 商业银行贴现及放款,,,,,0,0,,,
commercial bank discounts,,,商业银行贴现,,,,,0,0,,,
commercial bank discounts and loans,,,un. 商业银行贴现及放款,,,,,0,0,,,
commercial bank loan,,,[金融] 商业银行放款,,,,,0,0,,,
commercial bank loans,,, [法]商业银行贷款,,,,,0,0,,,
commercial banking,,,商业银行业务,,,,,0,0,,,
commercial bankruptcy theory,,,商人破产主义,,,,,0,0,,,
commercial banks,,,商业银行,,,,,0,0,0:commercial bank/1:s,,
Commercial Banks Law,,,[网络] 商业银行法,,,,,0,0,,,
commercial bar,,,[经] 商业用锭,,,,,0,0,,,
commercial base,,,"成交点, 成交基础; 商业方式",,,,,0,0,,,
commercial bed,,,[经] 有工业价值的油气层,,,,,0,0,,,
commercial beef grade,,,商品级牛肉,,,,,0,0,,,
commercial benzene,,,工业苯,,,,,0,0,,,
commercial benzol,,,[建] 商品苯,,,,,0,0,,,
commercial bill,,,"[经] 商业汇票, 商业票据",,,,,0,0,,,
commercial bill eligible for rediscounting,kəˈmə:ʃəl bil ˈelidʒəbl fɔ: ri:disˈkauntiŋ,, [财]适于再贴现的商业票据,,,,,0,0,,,
commercial bill market,,,商业票据市场,,,,,0,0,,,
commercial bill of exchange,,,商业汇票,,,,,0,0,,,
commercial bill of lading,,,商业提单,,,,,0,0,,,
commercial bills,,,[网络] 商业票据；商业承兑汇票,,,,,0,0,,,
commercial blanket bond,,,商业总担保,,,,,0,0,,,
commercial blockade,,,[经] 商业封锁,,,,,0,0,,,
commercial body,,,商用车身,,,,,0,0,,,
commercial bolt,,,通螺栓,,,,,0,0,,,
commercial book,,,商业账簿,,,,,0,0,,,
commercial bookkeeping,,,[经] 商业簿记,,,,,0,0,,,
commercial borrowing,,,[网络] 商业借款,,,,,0,0,,,
commercial bourgeoisie,,,商业资产阶级,,,,,0,0,,,
commercial brass,,,un. 商用雷氏秒\n[网络] 商用黄铜；商业黄铜,,,,,0,0,,,
commercial break,,,[网络] 广告时间；广告时段；插播广告的间歇,,,,,0,0,,,
commercial breaks,,,[网络] 广告风波；商业广告；穿插式广告,,,,,0,0,,,
commercial breed,,,商用品种,,,,,0,0,,,
commercial breeding,,,商业（性）育种,,,,,0,0,,,
commercial breeding system,,,商品牧畜繁育方法,,,,,0,0,,,
commercial briberies,,,商业贿赂,,,,,0,0,0:commercial bribery/1:s,,
commercial bribery,kəˈmə:ʃəl ˈbraibəri,, 商业贿赂罪,,,,,0,0,s:commercial briberies,,
commercial broadcast,,,商业广电,,,,,0,0,,,
commercial broadcasting,,,n. 商业广播,,,,,0,0,,,
commercial broadcasting station,,,商用广播电台,,,,,0,0,,,
commercial broker,,,[网络] 商业经纪人,,,,,0,0,,,
commercial bronze,,,商用青铜合金,,,,,0,0,,,
commercial building,,,商业建筑,,,,,0,0,,,
commercial building property,,,[网络] 商品房产,,,,,0,0,,,
commercial buildings,,,[网络] 商业建筑；商业建筑物；商品房,,,,,0,0,,,
commercial bureau,,,商业局,,,,,0,0,,,
commercial burner oil,,,[建] 工业用燃烧油,,,,,0,0,,,
commercial business,,,商务事业,,,,,0,0,,,
commercial business and industrial enterprises,,,[法] 工商业企业,,,,,0,0,,,
commercial business law,,,商业企业法,,,,,0,0,,,
commercial business tax,,,[经] 商业营业税,,,,,0,0,,,
commercial buster,,,[网络] 商业破产,,,,,0,0,,,
commercial butane,,,[建] 商品丁烷,,,,,0,0,,,
commercial calibration,,,商用校正,,,,,0,0,,,
commercial call,,,商用通话,,,,,0,0,,,
commercial campaign,,,商业运动,,,,,0,0,,,
commercial capital,,,[经] 商业资本,,,,,0,0,,,
commercial capital construction,,,商业基本建设,,,,,0,0,,,
commercial capitalism,,,商业资本主义,,,,,0,0,,,
commercial capitalist,,,商业资本家,,,,,0,0,,,
commercial car,,, 商用车,,,,,0,0,,,
commercial cargo,,,贸易货物,,,,,0,0,,,
Commercial Carriage by Public Authorities,,,公共当局从事的商业运输,,,,,0,0,,,
commercial case,,,"[法] 商业案件, 商业诉讼",,,,,0,0,,,
commercial casting,,,商品铸件,,,,,0,0,,,
commercial catalyst,,,[建] 商品催化剂,,,,,0,0,,,
commercial catch,,,"商业捕获量,经济鱼类捕获量",,,,,0,0,,,
commercial cause,,,商事诉讼,,,,,0,0,,,
commercial causes,,,[法] 商事诉讼,,,,,0,0,,,
commercial census,,,商业普查,,,,,0,0,,,
commercial center,,,[经] 商业中心,,,,,0,0,,,
commercial centre,,,商业中心,,,,,0,0,,,
commercial chamber,,,商会,,,,,0,0,,,
commercial channel,,,[贸易] 商业渠道,,,,,0,0,,,
commercial channels,,,商业渠道,,,,,0,0,,,
commercial character,,,[计] 商用字符,,,,,0,0,,,
commercial chemistry,,,[化] 商品化学,,,,,0,0,,,
commercial chestnut,,,商业陈词滥调,,,,,0,0,,,
commercial circles,,,[经] 商业界,,,,,0,0,,,
commercial circuit,,,商用线路,,,,,0,0,,,
commercial circulating capital,,,[会计] 商业周转资金,,,,,0,0,,,
commercial circulating funds,,,商业流动资金,,,,,0,0,,,
commercial circulating funds loan,,,商业流动资金贷款,,,,,0,0,,,
commercial circulating real capital,,,[会计] 商业流动资产,,,,,0,0,,,
commercial city,,,商业城市,,,,,0,0,,,
commercial claims,,,"商法中的债权,商业索赔",,,,,0,0,,,
commercial class,,,un. 商业等级\n[网络] 不大,,,,,0,0,,,
commercial clause,,,贸易条款,,,,,0,0,,,
commercial clear cutting,,,商业性采伐,,,,,0,0,,,
commercial clearing account,,,[经] 贸易清算帐户,,,,,0,0,,,
commercial clip,,,[网络] 商业剪辑,,,,,0,0,,,
commercial club,,,商会,,,,,0,0,,,
commercial clutter,,,广告泛滥,,,,,0,0,,,
commercial coal,,,商品煤,,,,,0,0,,,
commercial code,,,[经] 商法典,,,,,0,0,,,
Commercial Code of Japan,,,日本商法,,,,,0,0,,,
commercial collating sequence,,,[计] 商用排序序列,,,,,0,0,,,
commercial collection agency,,,[网络] 商业催收机构,,,,,0,0,,,
commercial college,,,[经] 商学院,,,,,0,0,,,
commercial colony,,,商业殖民地,,,,,0,0,,,
commercial colour television,,,商用彩色电视,,,,,0,0,,,
commercial communication,,,[计] 商用通信,,,,,0,0,,,
commercial communication activity,,,商用通信活动,,,,,0,0,,,
commercial communication satellite,,,商用通信卫星,,,,,0,0,,,
commercial communication service,,,商用通信服务,,,,,0,0,,,
commercial community,,,[经] 商业社会,,,,,0,0,,,
commercial company,,,[经] 贸易公司,,,,,0,0,,,
commercial company partnership,,,[经] 商业合伙公司,,,,,0,0,,,
commercial competition,,,[经] 商业竞争,,,,,0,0,,,
commercial compiler,,,[计] 商用编译程序,,,,,0,0,,,
commercial computer,,,"[计] 商用计算机\n[经] 商业电脑, 商用电脑",,,,,0,0,,,
commercial concern,,,"[经] 商店, 贸易公司",,,,,0,0,,,
commercial condensing unit,,,[制冷] 商业用压缩冷凝机组,,,,,0,0,,,
commercial consellor's office,,,[网络] 商务领事馆,,,,,0,0,,,
commercial considerations,,,[网络] 要遵守商业条件；商业考虑；商业让与,,,,,0,0,,,
commercial construction,,,[网络] 商业建筑；商业解释；金融建筑,,,,,0,0,,,
commercial contract,,,[经] 贸易合同,,,,,0,0,,,
commercial contracting relationships,,,商务契约关系,,,,,0,0,,,
commercial contractor,,,[网络] 商业承包商,,,,,0,0,,,
commercial control,,,"[经] 商业性控制, 商业管制",,,,,0,0,,,
commercial control system,,,[法] 商业管理体制,,,,,0,0,,,
commercial conveyancing,,,[网络] 商业物业转移,,,,,0,0,,,
commercial coordination,,,商业协作,,,,,0,0,,,
commercial copper,kəˈmə:ʃəl ˈkɔpə,, 商品铜,,,,,0,0,,,
commercial corporation,,,商业公司,,,,,0,0,,,
commercial correspondance,,,"[经] 商业通信, 商业书札",,,,,0,0,,,
commercial correspondence,,,商业通信,,,,,0,0,,,
commercial cost,,,"[经] 商业成本, 商业费用",,,,,0,0,,,
commercial cost accounting,,,[会计] 商业成本会计,,,,,0,0,,,
commercial counsellor,,,[经] 商务参赞,,,,,0,0,,,
commercial counsellor's office,,,商务处,,,,,0,0,,,
commercial counselor,,,商务参赞,,,,,0,0,,,
commercial counselor's office,,,商务参赞处,,,,,0,0,,,
commercial counsels office,,,[贸易] 商务处,,,,,0,0,,,
commercial court,,,[经] 商事法院,,,,,0,0,,,
commercial craft,,,un. 商船,,,,,0,0,,,
commercial credit,,,[经] 商业信贷,,,,,0,0,s:commercial credits,,
commercial credit agency,,,商业征信所,,,,,0,0,,,
commercial credit agreement,,,信用证约定书,,,,,0,0,,,
commercial credit aisurance,,,[经] 商业信贷保险,,,,,0,0,,,
commercial credit and discount companies,,,商业票据贴现公司,,,,,0,0,,,
commercial credit bureau,,,商业征信所,,,,,0,0,,,
commercial credit companies,,,[经] 商业信用公司\n(commercial credit company 的复数),,,,,0,0,0:commercial credit company/1:s,,
commercial credit company,,,[经] 商业信用公司,,,,,0,0,s:commercial credit companies,,
Commercial Credit Conference Form,,,[网络] 商业信用证大会格式,,,,,0,0,,,
commercial credit document,,,商业信用单据,,,,,0,0,,,
commercial credit documente,,,[经] 商业信贷文件(单据),,,,,0,0,,,
commercial credit insurance,,,商业信用保险,,,,,0,0,,,
commercial credits,,,商业信贷,,,,,0,0,0:commercial credit/1:s,,
commercial crime,,,[法] 商业上的犯罪,,,,,0,0,,,
commercial crisis,,,[经] 商业危机,,,,,0,0,,,
commercial criterion,,,商业标准,,,,,0,0,,,
commercial crop,,,经济作物,,,,,0,0,,,
commercial crossbreeding,,,经济杂交,,,,,0,0,,,
commercial culture,,, 工业用发酵剂; 商业文化,,,,,0,0,,,
commercial custom,,,[法] 商业惯例,,,,,0,0,,,
commercial custom of trade,,,贸易常规,,,,,0,0,,,
commercial custom-house,,,[税收] 商业税关,,,,,0,0,,,
commercial customary law,,,[网络] 商习惯法,,,,,0,0,,,
commercial customer,,,商业用户,,,,,0,0,,,
commercial customhouse,,,商业海关,,,,,0,0,,,
commercial customs,,,[经] 商业习惯,,,,,0,0,,,
commercial data management system,,,[计] 商和数据管理系统,,,,,0,0,,,
commercial data processing,,,[计] 商和数据处理,,,,,0,0,,,
commercial data recorder,,,大量生产数据自动记录器,,,,,0,0,,,
commercial deal,,,商业交易,,,,,0,0,,,
commercial dehydrated medium,,,市售干燥培养基,,,,,0,0,,,
commercial department,,,"商务处,商业部门",,,,,0,0,,,
commercial departments,,,商业部门,,,,,0,0,,,
commercial deposits,,,[经] 有商业价值的油藏,,,,,0,0,,,
commercial depression,,,"[经] 商业萧条, 商业不景气",,,,,0,0,,,
commercial design,,,[网络] 商业设计；商业设计学系；商业空间研究,,,,,0,0,,,
commercial designation,,,商品标志,,,,,0,0,,,
commercial development,,,商业发展,,,,,0,0,,,
commercial Diesel cycle,,,混合循环,,,,,0,0,,,
commercial direct expenses,,,[网络] 商业直接费用,,,,,0,0,,,
commercial disappearance,,,[经] 商业销售,,,,,0,0,,,
commercial discount,,,[经] 商业折扣,,,,,0,0,,,
commercial discounts,,,商业折扣,,,,,0,0,,,
commercial discovery bonus,,,[经] 商业发现红利,,,,,0,0,,,
commercial disignation,,,商品代号,,,,,0,0,,,
commercial dispute,,,[法] 商业纠纷,,,,,0,0,,,
commercial distribution,,,商业流通,,,,,0,0,,,
commercial distribution area,,,商业销售区,,,,,0,0,,,
commercial distribution center,,,[经] 商业销售中心,,,,,0,0,,,
commercial distribution centre,,,商业销售中心,,,,,0,0,,,
commercial district,,,商业区,,,,,0,0,,,
commercial dock,,,商用船坞,,,,,0,0,,,
commercial document,,,商务文件,,,,,0,0,s:commercial documents,,
commercial documentary letter of credit,,,"[经] 商业跟单信用状, 商业押汇信用状",,,,,0,0,,,
commercial documents,,,商业单证,,,,,0,0,0:commercial document/1:s,,
commercial domicile,,,[法] 商业营业所,,,,,0,0,,,
commercial draft,,,[经] 商的汇票,,,,,0,0,,,
commercial drafting,,,商用图,,,,,0,0,,,
commercial drawing,,,商用图,,,,,0,0,,,
commercial economics,,,[贸易] 商业经济学,,,,,0,0,,,
commercial economy,,,商品经济,,,,,0,0,,,
commercial education,,,[经] 商业教育,,,,,0,0,,,
commercial efficiencv,,,[电] 商用效率,,,,,0,0,,,
commercial efficiency,,,"[化] 经济效率\n[经] 商业经营效率, 经济效率",,,,,0,0,,,
commercial egg production,,,商品鸡蛋生产,,,,,0,0,,,
commercial elastic limit,,,(当作与屈服点一样的)技术弹性限度,,,,,0,0,,,
commercial electrical,,,商用电机,,,,,0,0,,,
commercial electricity frequency,,,市电频率,,,,,0,0,,,
commercial electronic device,,,un. 商业电子设备\n[网络] 商用电子设备,,,,,0,0,,,
commercial embargo,,,"[法] 商业禁运, 贸易禁运",,,,,0,0,,,
commercial employee,,,商业雇员,,,,,0,0,,,
commercial employees,,,un. 商业雇员,,,,,0,0,,,
commercial end user,,,[计] 商业最终用户,,,,,0,0,,,
commercial energy,,,商业能源,,,,,0,0,,,
commercial energy resource,,,[经] 商业性能源,,,,,0,0,,,
commercial enquiry agency,,,un. 商业征信所,,,,,0,0,,,
commercial enterprise,kəˈmə:ʃəl ˈentəpraiz,, [法]商业企业,,,,,0,0,s:commercial enterprises,,
commercial enterprises,,,商业企业,,,,,0,0,0:commercial enterprise/1:s,,
commercial entity,,, 商业实体,,,,,0,0,,,
commercial environment,,,民用环境,,,,,0,0,,,
commercial equality,,,商业平等,,,,,0,0,,,
commercial establishment,,, [贸易] 商业机构; 商号,,,,,0,0,,,
commercial estate,,,[网络] 商品房；商业地产；商业地产策划,,,,,0,0,,,
commercial ethics,,,商业道德,,,,,0,0,,,
commercial exchange,,,[经] 商业汇兑价,,,,,0,0,,,
commercial expense,,,"[经] 商业费用, 业务费用",,,,,0,0,,,
commercial expense account,,,[会计] 商业费用帐,,,,,0,0,,,
commercial exploitation,,,n. 商业炒作,,,,,0,0,,,
commercial explosive,kəˈmə:ʃəl iksˈpləusiv,, 工业炸药,,,,,0,0,,,
commercial explosives,,,商用炸药,,,,,0,0,,,
commercial facilities,,,[贸易] 商业设施,,,,,0,0,,,
commercial facility,,,商业企业;商业企业的房屋和设备,,,,,0,0,,,
commercial factor for coal,,,煤炭工业指标,,,,,0,0,,,
commercial failure,kəˈmə:ʃəl ˈfeiljə,, 商业破产,,,,,0,0,,,
commercial farm,,,经济农场,,,,,0,0,,,
commercial farmer,,,商业化农民,,,,,0,0,,,
commercial farming,,,un. 商品农业生产\n[网络] 商业性农业；商业耕种方式,,,,,0,0,,,
commercial federation,,,un. 商业协会\n[网络] 商联,,,,,0,0,,,
commercial feed,,,un. 商品饲料\n[网络] 商用饲料；生产之商业性饲料,,,,,0,0,,,
commercial fermentation,,,工业发酵,,,,,0,0,,,
commercial fertilizer,,,[化] 商品肥料,,,,,0,0,,,
commercial film,,,商业电影,,,,,0,0,,,
commercial film testing,,,un. 广告影片测验,,,,,0,0,,,
commercial finance,,,[经] 商业筹资,,,,,0,0,,,
commercial finance companies,,,商业金融公司,,,,,0,0,0:commercial finance company/1:s,,
commercial finance company,kəˈmə:ʃəl faiˈnæns ˈkʌmpəni,, 商业金融公司,,,,,0,0,s:commercial finance companies,,
commercial financial company,,,商业金融公司,,,,,0,0,,,
commercial financial control,,,[会计] 商业财务管理,,,,,0,0,,,
commercial financial cost,,,[会计] 商业财务成本,,,,,0,0,,,
commercial financial plan,,,商业财务计划,,,,,0,0,,,
commercial financing,,,提供商业资金,,,,,0,0,,,
commercial firm,,,"[经] 商店, 贸易公司",,,,,0,0,,,
commercial fisheries,,,商业性水产业,,,,,0,0,,,
commercial fishery,,,商品渔业,,,,,0,0,,,
commercial fishes,,,经济鱼类,,,,,0,0,,,
commercial fishing,,,"商业性捕鱼,经济鱼类捕获",,,,,0,0,,,
commercial flag,,,[法] 商旗,,,,,0,0,,,
commercial flights,,,[网络] 民航；民航客机,,,,,0,0,,,
commercial flock,,,经济羊场,,,,,0,0,,,
commercial flow,,,商流,,,,,0,0,,,
commercial food processing appliance,,,商用饮食加工器具,,,,,0,0,,,
commercial forest,,,企业林,,,,,0,0,,,
commercial forest land,,,商业性林地,,,,,0,0,,,
commercial forestry,,,商业性林业,,,,,0,0,,,
commercial forgery policy,,,[经] 商业伪造保险单,,,,,0,0,,,
commercial form,,,[网络] 商业模式；外观；商业形态,,,,,0,0,,,
commercial formulation,,,[化] 实用配方; 生产配方,,,,,0,0,,,
commercial foundry,,,铸造厂,,,,,0,0,,,
commercial free port,,,[水运] 商业自由港,,,,,0,0,,,
commercial free ports,,,商业自由港,,,,,0,0,,,
commercial free zone,,,[税收] 商业免税区,,,,,0,0,,,
commercial free zones,,,商业免税区,,,,,0,0,,,
commercial frequency,,,电频率，工业[用电]频率，供电频率,,,,,0,0,,,
commercial frequency meter,,,"工业用电频率计,市电频率表,工频频率表",,,,,0,0,,,
commercial frontage,,,商业街面,,,,,0,0,,,
commercial fuel,,,[经] 商品燃料,,,,,0,0,,,
commercial functions,,,商务责任,,,,,0,0,,,
commercial furnace,,,[建] 工厂炉子,,,,,0,0,,,
commercial gain,,,商业利润,,,,,0,0,,,
commercial gas appliance,,,商业燃气用具,,,,,0,0,,,
commercial gas oil,,,[网络] 商品粗柴油,,,,,0,0,,,
commercial gasoline,,,[建] 商品汽油,,,,,0,0,,,
commercial geography,,,[经] 商业地理,,,,,0,0,,,
commercial girl,,,(广播电视的)商业节目的女广播员,,,,,0,0,,,
commercial goodwill,,,[法] 商业信誉,,,,,0,0,,,
commercial gothic letter,,,商用哥德体字母,,,,,0,0,,,
commercial grade,,,[化] 商品级,,,,,0,0,,,
commercial grade ether,,,商用乙醚,,,,,0,0,,,
commercial grade fuel,,,[建] 商品级燃料,,,,,0,0,,,
commercial grade substance,,,[网络] 商业级货物,,,,,0,0,,,
commercial grain farming,,,商业性谷物农业　,,,,,0,0,,,
commercial graph paper,,,方格纸,,,,,0,0,,,
commercial grease,,,工业油脂,,,,,0,0,,,
commercial guild,,,"[经] 商业协会, 商业公会",,,,,0,0,,,
commercial hand pollination,,,商业性人工授粉；大面积人工授粉,,,,,0,0,,,
commercial harbor,,,商港,,,,,0,0,,,
Commercial Harbour,,,商港,,,,,0,0,,,
commercial hedger,kəˈmə:ʃəl ˈhedʒə,, [财]商业性套期保值者,,,,,0,0,,,
commercial hegemony,,,[网络] 贸易霸权,,,,,0,0,,,
commercial height,,,商品材高度,,,,,0,0,,,
commercial herd,,,商品畜群,,,,,0,0,,,
commercial holding,,,商品农场,,,,,0,0,,,
commercial holdings of federal securities,,,美国企业持有的联邦证券,,,,,0,0,,,
commercial hotel,,,商业旅馆,,,,,0,0,,,
commercial house,,,[经] 商行,,,,,0,0,,,
commercial hovercraft,,,民用气垫船,,,,,0,0,,,
commercial hub,,,[网络] 商业活动中心；商业中心；金融枢纽,,,,,0,0,,,
commercial hydrocarbon reservoir,,,商业油气藏,,,,,0,0,,,
commercial ice,,,市售冰,,,,,0,0,,,
commercial indirect expenses,,,商业间接费用,,,,,0,0,,,
commercial information,,, 商业情报,,,,,0,0,,,
commercial inquiry,,,[贸易] 商务查询,,,,,0,0,,,
commercial inquiry agency,,,[网络] 商业征信所,,,,,0,0,,,
commercial inquiry office,,,un. 商业信用所,,,,,0,0,,,
commercial installation,,,[化] 工业设备,,,,,0,0,,,
commercial instruction set,,,[计] 商和指令系统,,,,,0,0,,,
commercial instrument,kəˈmə:ʃəl ˈinstrumənt,, 商业票据，商业证书，营业执照,,,,,0,0,s:commercial instruments,,
commercial instruments,,, [财]营业执照,,,,,0,0,0:commercial instrument/1:s,,
commercial insurance,,,商业保险,,,,,0,0,,,
commercial integrity,,,"[法] 商业道德, 商业信用",,,,,0,0,,,
commercial intelligence,,,"商业通信局[社],商业报告,商业情报",,,,,0,0,,,
commercial intercourse,,,"[经] 商业关系, 通商",,,,,0,0,,,
commercial interests,,, 商业利益,,,,,0,0,,,
commercial intermediate,,,商品中间体,,,,,0,0,,,
commercial Internet,,,[网络] 商业互联网,,,,,0,0,,,
Commercial Internet Exchange,,,[计] 商用Intenet交流公司,,,,,0,0,,,
commercial inventory,,,商业库存,,,,,0,0,,,
commercial investment,,,[网络] 大型专业赛事投资；商用投资,,,,,0,0,,,
commercial investment trust company,,,[经] 商业投资信托公司,,,,,0,0,,,
commercial invoice,,,[法] 商业发票,,,,,0,0,,,
commercial invoicf,,,[经] 商业发票,,,,,0,0,,,
commercial iron,,,商品铁;通用型铁,,,,,0,0,,,
commercial irregularities,,,商场舞弊行为,,,,,0,0,,,
commercial jargon,,,商业行话,,,,,0,0,,,
commercial jazz,,,商业爵士乐,,,,,0,0,,,
commercial jetliner,kəˈmə:ʃəl ˈdʒetˌlainə,,n. 商用喷气飞机,,,,,0,0,,,
commercial jingle,,,[网络] 广告歌,,,,,0,0,,,
commercial kitchen,,,(指饭店餐馆等饮食业的厨房)商业厨房,,,,,0,0,,,
commercial knowledge,,,[经] 商业知识,,,,,0,0,,,
commercial knowledge of commodities,,,商品学,,,,,0,0,,,
commercial L/C agreement,,,[金融] 信用证合约,,,,,0,0,,,
commercial labor,,,商业劳动,,,,,0,0,,,
commercial labor efficiency,,,[网络] 商业劳动效率,,,,,0,0,,,
commercial land development,,,[网络] 商业土地开发,,,,,0,0,,,
commercial land develpment,,,商业土地开发,,,,,0,0,,,
commercial land use,,,商业土地使用,,,,,0,0,,,
commercial language,,,"[计] 商用语言, 商业语言",,,,,0,0,,,
commercial launch,,,商业发射,,,,,0,0,,,
commercial law,,,[经] 商法,,,,,0,0,s:commercial laws,,
commercial laws,,,[法] 商法,,,,,0,0,0:commercial law/1:s,,
commercial LC agreement,,,开发信用证约定书,,,,,0,0,,,
commercial lead,,,工业铅,,,,,0,0,,,
commercial lease,,,[网络] 商业租赁；商业租约；租约,,,,,0,0,,,
commercial lecithin,,,[网络] 国外商品卵磷脂,,,,,0,0,,,
commercial letter,,,商业信件,,,,,0,0,,,
commercial letter of credit,,,[经] 商业信用状,,,,,0,0,s:commercial letter of credits,,
commercial letter of credits,,,[金融] 商业信用状,,,,,0,0,0:commercial letter of credit/1:s,,
commercial letters,,,商业尺牍,,,,,0,0,,,
Commercial letters of credit,,,[金融] 商业信用状,,,,,0,0,,,
commercial leverage,,,[法] 商业上的调节手段,,,,,0,0,,,
commercial liability,,,[法] 商务责任,,,,,0,0,,,
commercial liability insurance,,,[网络] 商业责任保险,,,,,0,0,,,
commercial life,,,un. 商业保存期\n[网络] 商业生活；商品寿命；商品保质期限,,,,,0,0,,,
commercial lighting,,,商业照明,,,,,0,0,,,
commercial limits,,,商品限界（尺寸）,,,,,0,0,,,
commercial list,,,[法] 商事案件目录,,,,,0,0,,,
commercial litigation,,,[网络] 商业诉讼；商业诉讼法；商事诉讼,,,,,0,0,,,
commercial livestock,,,商品家畜,,,,,0,0,,,
commercial load,,,业负载，商业负荷，企业负荷,,,,,0,0,,,
commercial loading,,,[经] 商品装载,,,,,0,0,,,
commercial loan,,,[经] 商业放款,,,,,0,0,s:commercial loans,,
commercial loan rate,,,[经] 商业贷款利率,,,,,0,0,,,
commercial loan theory,,,商业放款理论,,,,,0,0,,,
commercial loan theory of banking,kəˈmə:ʃəl ləun ˈθiəri ɔv ˈbæŋkɪŋ,, [财]银行业务的商业放款理论,,,,,0,0,,,
commercial loans,,,[网络] 商业贷款；硬贷款；贷款商品,,,,,0,0,0:commercial loan/1:s,,
commercial lubricating oil,,,[建] 商品润滑油,,,,,0,0,,,
commercial machine,,,自动售货机,,,,,0,0,,,
commercial magnesium,,,工业镁,,,,,0,0,,,
commercial management,,,公司领导,,,,,0,0,,,
commercial management accounting,,,[会计] 商业管理会计,,,,,0,0,,,
commercial management information system,,,[计] 商业管理情报系统,,,,,0,0,,,
commercial management modernization,,,[网络] 商业管理现代化,,,,,0,0,,,
commercial management science,,,[经管] 商业经营管理学,,,,,0,0,,,
commercial management system,,,[经管] 商业管理体制,,,,,0,0,,,
commercial manager,,,商业经理,,,,,0,0,,,
commercial managing equipment,,,[贸易] 商业经营管理设备,,,,,0,0,,,
commercial manufacture,,,"[化] 工业制造\n[经] 商业性制造, 商业性生产",,,,,0,0,,,
commercial marine,,,商船队,,,,,0,0,,,
commercial maritime code,,,[法] 海商法典,,,,,0,0,,,
commercial maritime industry,,,[网络] 商业海事工业,,,,,0,0,,,
commercial maritime law,,,[法] 海商法,,,,,0,0,,,
commercial market,,,商业化市场\n商业市场\n广告市场,,,,,0,0,,,
commercial mass,,,商业质量,,,,,0,0,,,
commercial mathematics,,,[经] 商业数学,,,,,0,0,,,
commercial matters,,,商务,,,,,0,0,,,
commercial measure,,,[化] 工业测量,,,,,0,0,,,
commercial measurement,,,[化] 技术测量,,,,,0,0,,,
commercial message,,,"[计] 商用报文\n[经] 商业文件(通讯), 商业广告, 商情",,,,,0,0,s:commercial messages,,
commercial messages,,,商业广告,,,,,0,0,0:commercial message/1:s,,
commercial metal,,,商品[工业]金属,,,,,0,0,,,
commercial mine,,,【采矿】(产品)外销矿山,,,,,0,0,,,
commercial mission,,,贸易代表团,,,,,0,0,,,
commercial mix,,,混合比,,,,,0,0,,,
commercial mixed feed,,,商品混合饲料,,,,,0,0,,,
commercial mobile radio services spectrum,,,商用移动无线电服务频谱,,,,,0,0,,,
commercial model,,,[网络] 商用模特；商务模式；商用车模,,,,,0,0,,,
commercial moisture regain,,,商业公定回潮率,,,,,0,0,,,
commercial monopoly,,,商业垄断,,,,,0,0,,,
commercial morality,,,[经] 商业道德,,,,,0,0,,,
commercial mortgage,,,商业抵押,,,,,0,0,,,
Commercial Mortgage Backed Securities,,,[网络] 商业性不动产抵押贷款证券；商业住房贷款抵押债；商业不动产抵押贷款债券,,,,,0,0,,,
commercial mortgage-backed securities,,,[网络] 商业按揭抵押证券；商业抵押担保证券,,,,,0,0,,,
commercial motor,,,商用电动机,,,,,0,0,,,
commercial multiple peril policy,,,商业综合保险单,,,,,0,0,,,
commercial museum,,,[经] 商品陈列所,,,,,0,0,,,
commercial naphthenic acid,,,"[建] 求工业用环烷酸, 商品脂环酸",,,,,0,0,,,
commercial natural gas,,,[经] 商品天然气,,,,,0,0,,,
commercial navigation,,,[网络] 商业航行,,,,,0,0,,,
commercial negotiable instrument,kəˈmə:ʃəl nɪˈgəʊʃəbəl ˈinstrumənt,, [财]商业可转让票据,,,,,0,0,,,
commercial network,,,商业网;销售网点,,,,,0,0,,,
commercial network planning,,,商业网点规划,,,,,0,0,,,
commercial networks,,,销售网,,,,,0,0,,,
commercial nickel,,,工业镍,,,,,0,0,,,
commercial note market,,,商业票据市场,,,,,0,0,,,
commercial notes,,,商业票据,,,,,0,0,,,
commercial notes market,,,un. 商业票据市场,,,,,0,0,,,
commercial occupations,,,商业行业,,,,,0,0,,,
commercial off - the - shelf,,,[网络] 商业现货供应；中有商业现货供应；商用现成品或技术,,,,,0,0,,,
commercial off the shelf,,,商业成品组件,,,,,0,0,,,
commercial off-the-shelf,,,[网络] 商用现货；商业成品；商业现货,,,,,0,0,,,
commercial oil,,,工业用滑油,,,,,0,0,,,
commercial oil and gas flow,,,商业油气流,,,,,0,0,,,
commercial oil-gas pool,,,[油气] 工业油气藏,,,,,0,0,,,
commercial oils,,, 商用汽车柴油机用机油,,,,,0,0,,,
commercial online service,,,商用线上服务,,,,,0,0,,,
commercial operation,,,[经] 商业经营,,,,,0,0,,,
commercial operation date,,,业运行日期,,,,,0,0,,,
commercial operation system,,,[计] 商用操作系统,,,,,0,0,,,
commercial operator,,,商用管制员,,,,,0,0,,,
commercial opportunity,,, 商机,,,,,0,0,,,
commercial orchard acreage,,,果类经济作物耕种面积,,,,,0,0,,,
commercial order,,,商业订单,,,,,0,0,,,
commercial order paper,,,[网络] 商业指示证券,,,,,0,0,,,
commercial ore,,,【采矿】工业矿石,,,,,0,0,,,
commercial organization,,, [贸易] 商业部门; 商业组织,,,,,0,0,,,
commercial organization and customhouse,,,un. 商业机关及税关,,,,,0,0,,,
commercial package,,,商业包装,,,,,0,0,,,
commercial packing,,,[经] 商业包装,,,,,0,0,,,
commercial pact,,,商务条约,,,,,0,0,,,
commercial paper,,,[经] 商业本票,,,,,0,0,s:commercial papers,,
commercial paper exchange,,,商业票据交易所,,,,,0,0,,,
commercial paper house,,,[经] 商业票据公司,,,,,0,0,,,
commercial paper houses,,,商业票据承销公司,,,,,0,0,,,
commercial paper l/c,,,[经] 商业票据信用状,,,,,0,0,,,
commercial paper market,,,[经] 商业票据市场,,,,,0,0,,,
commercial paper payable,,,[网络] 应付商业本票,,,,,0,0,,,
commercial paper rate,,,[经] 商业票据利率,,,,,0,0,,,
commercial papers,,, 商业邮件,,,,,0,0,0:commercial paper/1:s,,
commercial par,,,[经] 商业平价,,,,,0,0,,,
commercial par of exchange,kəˈmə:ʃəl pɑ: ɔv iksˈtʃeindʒ,, [财]商业汇兑平价,,,,,0,0,,,
commercial part,,,[网络] 商务部分；土建工程和盈利性部分,,,,,0,0,,,
commercial partnership,,,[经] 商业合伙,,,,,0,0,,,
commercial partnership and company,,,un. 商业汇兑平价,,,,,0,0,,,
commercial parts,,,商用零件（市售零件）,,,,,0,0,,,
commercial passport,,,商务护照,,,,,0,0,,,
commercial pedestrian street,,,[网络] 商业步行街；步行商业街,,,,,0,0,,,
commercial people,,,商人,,,,,0,0,,,
commercial perception weights,,,商业认知权数,,,,,0,0,,,
commercial performance,kəˈmɚʃəl pɚˈfɔrməns,, 商业性渔业；商业性演出,,,,,0,0,,,
commercial personnel,,,[贸易] 商业人员,,,,,0,0,,,
commercial pharmacy,,,商业药学,,,,,0,0,,,
commercial photography,,,商业摄影,,,,,0,0,,,
commercial pilot,,,商用飞机驾驶员,,,,,0,0,,,
commercial pilot certificate,,,商用驾驶员执照,,,,,0,0,,,
commercial plan,,,商业计划,,,,,0,0,,,
commercial planning management,,,[经管] 商业计划管理,,,,,0,0,,,
commercial planning management system,,,[经管] 商业计划管理体制,,,,,0,0,,,
commercial plant,,,[化] 工业设备\n[经] 工业设备,,,,,0,0,,,
commercial planting,,,大规模栽植,,,,,0,0,,,
commercial pledge,,,[经] 商业上的抵押,,,,,0,0,,,
commercial policy,,,"[经] 商业政策, 商业保险单",,,,,0,0,,,
commercial policy staff,,,(美国国务院)商业政策课,,,,,0,0,,,
commercial pool,,,【广告业】广告主为特定商品准备的可随时播放的系列广告内容,,,,,0,0,,,
commercial port,,,"商港,商埠",,,,,0,0,,,
commercial portfolio,,,商业证券,,,,,0,0,,,
commercial potential,kəˈmə:ʃəl pəˈtenʃəl,, 商业潜力,,,,,0,0,,,
commercial power,,,[电] 商用电力,,,,,0,0,,,
commercial power of attorney,,,[网络] 商业代理权,,,,,0,0,,,
commercial power operation,,,商用动力运转,,,,,0,0,,,
commercial power production,,,商用动力产生,,,,,0,0,,,
commercial power reactor,,,业性动力反应堆,,,,,0,0,,,
commercial practice,,,"[化] 商业惯例\n[经] 商业惯例, 商业措施, 商业做法",,,,,0,0,,,
commercial practices,,,[网络] 商业实践；商业惯例；商业实践行为,,,,,0,0,,,
commercial precinct,,,商业区,,,,,0,0,,,
commercial premises,,, 商业楼宇,,,,,0,0,,,
commercial presence,kəˈmə:ʃəl ˈprezəns,, 商业存在（服务贸易）,,,,,0,0,,,
commercial press,,,un. (美国)《商报》\n[网络] 商务印书馆；商务出版社；商务印书局,,,,,0,0,,,
commercial pressure,,,商业压力,,,,,0,0,,,
commercial price,,,[物价] 商业价格,,,,,0,0,,,
commercial printing,,,商业印刷,,,,,0,0,,,
commercial process,,,[化] 工业化生产过程,,,,,0,0,,,
commercial processing,,,工业化生产过程,,,,,0,0,,,
commercial processing sequences,,,商业加工序列,,,,,0,0,,,
Commercial Processing Workload,,,[网络] 商业处理负载,,,,,0,0,,,
commercial procurement,,,[经] 商业采购,,,,,0,0,,,
commercial product,,,[化] 工业品; 商品,,,,,0,0,,,
commercial production,,,"[化] 工业生产\n[经] 工业性开采, 工业性生产",,,,,0,0,,,
commercial production base,,,商品性生产基地,,,,,0,0,,,
commercial production machinery,,,商业机械,,,,,0,0,,,
commercial profit,,,[经] 商业利润,,,,,0,0,,,
commercial profit planning,,,[会计] 商业利润计划,,,,,0,0,,,
commercial profit statement,,,[会计] 商业利润表,,,,,0,0,,,
commercial profitability,,,商业盈利率,,,,,0,0,,,
commercial profits,,,商业利润,,,,,0,0,,,
commercial property,,,商业财产,,,,,0,0,,,
commercial property market,,,[网络] 商厦市场,,,,,0,0,,,
commercial property policy,,,商业财产保险单,,,,,0,0,,,
commercial protection,,,商业保护,,,,,0,0,,,
commercial psychology,kəˈmə:ʃəl saiˈkɔlədʒi,, 商业心理学,,,,,0,0,,,
commercial pure,,,[建] 商业纯的,,,,,0,0,,,
commercial pure titanium (c.p.ti),,,商用纯钛,,,,,0,0,,,
commercial purity aluminium,,,un. 工业纯铝,,,,,0,0,,,
commercial purpose,,, 商业,,,,,0,0,,,
commercial pursuit,,,商业,,,,,0,0,,,
commercial quality,,,[建] 商品品质,,,,,0,0,,,
commercial racketeer,,,[网络] 奸商,,,,,0,0,,,
commercial radio,,,un. 商品收音机\n[网络] 商业电台；香港商业电台；商业广播,,,,,0,0,,,
commercial radio and television,,,商业广播和电视,,,,,0,0,,,
commercial radio broadcasting station,,,商用无线电广播电台,,,,,0,0,,,
Commercial Radio International Committee,,,[网络] 国际商业无线电委员会；商业无线电国际委员会,,,,,0,0,,,
commercial radio program,,,无线电营业的广告节目,,,,,0,0,,,
commercial radio station,,,业无线电台,,,,,0,0,,,
commercial railway,,,营业铁道,,,,,0,0,,,
commercial range of devices,,,器件的商用范围,,,,,0,0,,,
commercial rate,,,贸易汇率,,,,,0,0,,,
commercial rate (of interest),,,商业利率,,,,,0,0,,,
commercial rate of interest,,,商业利率,,,,,0,0,,,
commercial ratings,,,[网络] 商业评级,,,,,0,0,,,
commercial reactor,,,商业反应堆,,,,,0,0,,,
commercial ready-mixed concrete,,,商品混凝土,,,,,0,0,,,
commercial real estate,,,[网络] 商业地产；商业房地产；商务地产,,,,,0,0,,,
commercial rebate,,,商业回扣,,,,,0,0,,,
commercial receiver,,,民用接收机,,,,,0,0,,,
commercial reciprocity,,,[经] 互惠贸易,,,,,0,0,,,
commercial recovery,,,un. 工业回收,,,,,0,0,,,
commercial red brass,,,商品红黄铜,,,,,0,0,,,
commercial refrigerating,,,[制冷] 商业制冷装置,,,,,0,0,,,
commercial refrigerating plant,,,商用致冷装置,,,,,0,0,,,
commercial refrigeration unit,,,商业制冷机组,,,,,0,0,,,
commercial refrigerator,,,[制冷] 商业冰箱,,,,,0,0,,,
commercial register,,,"[经] 商业注册, 商业登记簿",,,,,0,0,,,
commercial registration,,,[经] 商业登记,,,,,0,0,,,
commercial registry,,,商业登记处,,,,,0,0,,,
commercial regulation,,,商业法规,,,,,0,0,,,
commercial rehabilitation,,,商业设施再利用,,,,,0,0,,,
commercial relation,,,[法] 商务关系,,,,,0,0,,,
commercial relations,,,[经] 商业关系,,,,,0,0,,,
commercial relationships of a congruent relationship,,,一致关系(一句话的语调分解与其语法特征相对应),,,,,0,0,,,
commercial rent expense,,,[租赁] 商品租赁费,,,,,0,0,,,
commercial representation,,,商务代表制,,,,,0,0,,,
commercial representative,,,[经] 商务代表,,,,,0,0,,,
commercial reprocessing,,,商用回收处理,,,,,0,0,,,
commercial reputation,,,[法] 商业信誉,,,,,0,0,,,
commercial reservoir,,,商业价值储油层,,,,,0,0,,,
commercial residential,,,[网络] 商品住宅；商住房,,,,,0,0,,,
commercial residential building,,,商品住宅,,,,,0,0,,,
commercial residential buildings,,,[经] 商品住宅,,,,,0,0,,,
commercial restriction,,,[法] 商业限制,,,,,0,0,,,
Commercial Resupply Services,,,[网络] 商业补给服务；商业,,,,,0,0,,,
commercial retail outlets,,,[网络] 商业零售网点,,,,,0,0,,,
commercial return,,,商业回报,,,,,0,0,,,
commercial revolution,,,商业革命,,,,,0,0,,,
commercial risk,,,商业风险,,,,,0,0,,,
commercial risks,,, [财]商业风险,,,,,0,0,,,
commercial road transport vehicle,,,[网络] 公路商用运输车辆,,,,,0,0,,,
commercial robot vision system,,,un. 商用机器人视觉系统,,,,,0,0,,,
commercial rock gas,,,"[建] 天然气, 石油气",,,,,0,0,,,
commercial room,,,旅馆专供商人谈生意的房间,,,,,0,0,,,
commercial rouble,,,贸易卢布,,,,,0,0,,,
commercial route,,,商路,,,,,0,0,,,
commercial rules,,,商业规则,,,,,0,0,,,
commercial rules for import and export trade,,,un. 进出口贸易商用规则,,,,,0,0,,,
commercial run,,,"[建] 工业过程, 工业方法",,,,,0,0,,,
commercial sale,,,商业销售,,,,,0,0,,,
commercial sale rooms,,,[经] 伦敦商品交易所,,,,,0,0,,,
commercial sales,,,商业部门售货额,,,,,0,0,,,
commercial sample,,,[建] 商品试样,,,,,0,0,,,
Commercial Samples Carnet,,,样品免税通关卡,,,,,0,0,,,
commercial satellite,,,商用卫星,,,,,0,0,,,
commercial scale,,,[化] 工业规模,,,,,0,0,,,
commercial scale process,,,大规模生产法,,,,,0,0,,,
commercial scale production,,, 大规模生产,,,,,0,0,,,
commercial scales process,,,"[经] 大规模加工生产, 商业性加工规模",,,,,0,0,,,
commercial school,,,[经] 商业学校,,,,,0,0,,,
commercial science,,,商业学,,,,,0,0,,,
commercial scientific,,,[贸易] 商业科学的,,,,,0,0,,,
commercial secondary school education,,,[社科] 中等商业教育,,,,,0,0,,,
commercial secret,,,[网络] 商业机密,,,,,0,0,,,
commercial secretary,,,[经] (大使馆)商务秘书,,,,,0,0,,,
commercial sector,,,商业部门,,,,,0,0,,,
commercial seed,,,推广种子,,,,,0,0,,,
commercial selling cost,,,[会计] 商品推销成本,,,,,0,0,,,
commercial selling cost budget,,,[会计] 商品销售成本预算,,,,,0,0,,,
commercial sensitivity,,,[网络] 商业敏感性,,,,,0,0,,,
commercial service,,,"[经] 商业资讯, 商业性服务",,,,,0,0,,,
commercial service machinery,,,[贸易] 商业服务机械,,,,,0,0,,,
commercial service provider,,,[网络] 商业服务提供商；意思是商业服务提供商；业者,,,,,0,0,,,
commercial service system,,,商业服务系统,,,,,0,0,,,
commercial services,,,商业服务,,,,,0,0,,,
commercial services on the net,,,网上商业服务,,,,,0,0,,,
commercial services site,,,商业服务站点,,,,,0,0,,,
commercial set,,,成套商业单据(一般包括汇票、提单、发票及保险单等),,,,,0,0,,,
commercial shaker,,,商用激振器；商用振动机,,,,,0,0,,,
commercial share,,,商业(公司类)股票,,,,,0,0,,,
commercial sheet,,,"商品钢板(宽300-1200毫米,厚0.625-6.25毫米)",,,,,0,0,,,
commercial ship,,,商船,,,,,0,0,,,
commercial shipping,,,[经] 商业航运,,,,,0,0,,,
commercial signage,,,[网络] 商用标签,,,,,0,0,,,
commercial simulation,,,商用模拟,,,,,0,0,,,
commercial sintered bronze product,,,工业烧结青铜制品,,,,,0,0,,,
commercial sintered product,,,工业烧结制品,,,,,0,0,,,
commercial sites index,,,商业站点检索,,,,,0,0,,,
commercial size,,,[建] 工业规模,,,,,0,0,,,
commercial size kiln,,,un. 工业型回转窑,,,,,0,0,,,
commercial size unit,,,工业规模设备,,,,,0,0,,,
commercial soap,,,[建] 商业皂,,,,,0,0,,,
commercial society,,,[经] 商业社会,,,,,0,0,,,
commercial software,,,商业软件,,,,,0,0,,,
commercial solvent,,,[建] 商业溶剂,,,,,0,0,,,
commercial song rush,,,广告歌曲热,,,,,0,0,,,
commercial space,,,商业面积,,,,,0,0,,,
commercial specification,,,[化] 商品规格,,,,,0,0,,,
commercial speculation,kəˈmə:ʃəl ˌspekjəˈleɪʃən,, 商业炒作,,,,,0,0,,,
commercial speech,,, 商业言论,,,,,0,0,,,
commercial speech bank,,,=voice frequency,,,,,0,0,,,
commercial speed,,,商务(旅行)速度,,,,,0,0,,,
commercial sponsorship,,,[网络] 商业赞助,,,,,0,0,,,
commercial stability,,,商业(运销过程)稳定性,,,,,0,0,,,
commercial staff,,,商业人员,,,,,0,0,,,
commercial staff and worker,,,[劳经] 商业职工,,,,,0,0,,,
commercial staff and workers troops,,,[劳经] 商业职工队伍,,,,,0,0,,,
commercial standard,,,商用标准,,,,,0,0,,,
commercial standards,,,[化] 商品标准,,,,,0,0,,,
commercial standing,,,"[经] 商业地位, 商业信用",,,,,0,0,,,
commercial station,,,商用电台,,,,,0,0,,,
commercial statistice,,,[经] 商业统计,,,,,0,0,,,
commercial statistics,,,商业统计,,,,,0,0,,,
commercial steel,,,"型钢,条钢;商品钢材",,,,,0,0,,,
commercial sterility,,,商业无菌,,,,,0,0,,,
commercial sterilization,,,工业杀菌,,,,,0,0,,,
commercial stock,,,商业(公司类)股票,,,,,0,0,,,
commercial stock length,,,成品轧材长度,,,,,0,0,,,
commercial stock lengths,,,(交货)成品轧材的标准长度,,,,,0,0,,,
commercial stocks and shares,,,[网络] 商业公司证券,,,,,0,0,,,
commercial storage and transport,,,[交] 商业储运,,,,,0,0,,,
commercial storage and transport enterprises,,,[交] 商业储运企业,,,,,0,0,,,
commercial storage translation network,,,[交] 商业储运网,,,,,0,0,,,
commercial storage transportation network,,,商业储运网,,,,,0,0,,,
commercial strain,,,生产用品系[菌种],,,,,0,0,,,
commercial street,,, 商业街,,,,,0,0,,,
commercial structure,,,[法] 商业结构,,,,,0,0,,,
commercial struggle,,,商战,,,,,0,0,,,
commercial subjects,,,[网络] 商科；商业课程,,,,,0,0,,,
commercial submarine,,,un. 商用纵帆船\n[网络] 商用潜艇,,,,,0,0,,,
commercial subroutine,,,[计] 商用子程序,,,,,0,0,,,
commercial success,,,[网络] 商业上的成功；商业上之成功；商业成功,,,,,0,0,,,
commercial sugar yield,,,[食品] 商品糖产率,,,,,0,0,,,
commercial sulphuric acid,,,[化] 工业用硫酸,,,,,0,0,,,
commercial supervision,,,[法] 商业监督,,,,,0,0,,,
commercial sweet,,,"[建] 商业香的, 在气味上满足商品的要",,,,,0,0,,,
commercial symbols,,,商业符号,,,,,0,0,,,
commercial system,,,"[经] 商业方式, 商用系列",,,,,0,0,,,
commercial tariff,kəˈmə:ʃəl ˈtærif,, 商用电费率,,,,,0,0,,,
commercial telegrams,,,[经] 商业电报,,,,,0,0,,,
commercial television,,,民用电视,,,,,0,0,,,
commercial terms,,,[经] 商业用语,,,,,0,0,,,
commercial test,,,[电] 商用检验,,,,,0,0,,,
commercial test equipment,,,[电] 商用检验装置,,,,,0,0,,,
commercial testing,,,大量生产时的全部产品试验,,,,,0,0,,,
commercial the Olympics,,,商业性奥运会，营利性奥林匹克运动会,,,,,0,0,,,
commercial thinning,,,商业性疏伐,,,,,0,0,,,
commercial time limit,,,商业期限,,,,,0,0,,,
commercial time-sharing,,,商业分配,,,,,0,0,,,
commercial time-sharing system,,,[计] 商用分时系统,,,,,0,0,,,
commercial tin,,,工业锡,,,,,0,0,,,
commercial titanium,,,工业钛,,,,,0,0,,,
commercial tolerance,,,普通公差,,,,,0,0,,,
commercial ton,,,"商业冷冻吨(冷冻能力单位,等于 72575千卡/24小时)",,,,,0,0,,,
Commercial Total Loss,,,[网络] 商业意义上的全损,,,,,0,0,,,
commercial town,,,商业城市,,,,,0,0,,,
commercial trace,,,商用追踪,,,,,0,0,,,
commercial trade,,,[网络] 商业贸易；商务贸易；商业式贸易,,,,,0,0,,,
Commercial Trader,,,[网络] 商业性交易商；行业交易商；商业交易商,,,,,0,0,,,
Commercial Trades Institute,,,[网络] 商业贸易研究所,,,,,0,0,,,
commercial traffic bulletin,,,商务运输公报,,,,,0,0,,,
commercial transaction,,,"[经] 买卖, 贸易, 商业行为(交易)",,,,,0,0,,,
Commercial Transit Union Agency,,,[网络] 商业运输联盟局,,,,,0,0,,,
commercial translator,,,[计] 商用翻译程序,,,,,0,0,,,
commercial transportation,,,商业交易,,,,,0,0,,,
commercial traveler,kəˈmə:ʃəl ˈtrævələ,,n. 旅行推销员,,,,,0,0,s:commercial travelers,,
commercial travelers,,,旅行推销员,,,,,0,0,0:commercial traveler/1:s,,
commercial traveller,,,"[经] 旅行推销员(跑街), 销售代表",,,,,0,0,s:commercial travellers,,
commercial travellers,,,[网络] 商务旅客,,,,,0,0,0:commercial traveller/1:s,,
commercial tready,,,[贸易] 通商协定,,,,,0,0,,,
commercial treasury deposit,,,商业库存,,,,,0,0,,,
commercial treaties,,,[网络] 贸易条约；商业谈判,,,,,0,0,0:commercial treaty/1:s,,
commercial treaty,,,"[经] 通商条约, 商务条约, 商约",,,,,0,0,s:commercial treaties,,
commercial treaty of enslavement,,,un. 奴役性商约,,,,,0,0,,,
commercial tree species,,,[林] 用材树种,,,,,0,0,,,
commercial truck,,,民用载货汽车,,,,,0,0,,,
commercial tube,,,民用管,,,,,0,0,,,
commercial twine,,,包装(用)棉线,,,,,0,0,,,
commercial types of chickens,,,商品鸡种类,,,,,0,0,,,
commercial U-tube manometer,,,工业U形管压力计,,,,,0,0,,,
commercial undertaking,,,"商业企业,商业机构",,,,,0,0,,,
commercial undertakings,,,[贸易] 商业企业\n[贸易] 商业机构,,,,,0,0,,,
commercial unit,,,[化] 工业设备,,,,,0,0,,,
commercial usage,,,[经] 商业习惯,,,,,0,0,,,
commercial use,,,[经] 商业用途,,,,,0,0,,,
commercial use test,,,[化] 实用试验; 实际使用试验,,,,,0,0,,,
commercial usurers,,,商业高利贷者,,,,,0,0,,,
commercial value,,,"[化] 工业价值\n[经] 经济价值, 交换价值",,,,,0,0,,,
commercial variety,,,商业品种,,,,,0,0,,,
commercial vehicle,,,商用车,,,,,0,0,,,
commercial vehicle operation management system,,,商用车辆运行管 理系统,,,,,0,0,,,
commercial vehicles,,,n. 营业性车辆,,,,,0,0,,,
commercial veneer,,,表面薄板,,,,,0,0,,,
commercial version,,,商业版,,,,,0,0,,,
commercial vessel,,,商船,,,,,0,0,,,
commercial viability,,,[网络] 商业机会；商业经营的维持性；商业上的生机,,,,,0,0,,,
commercial viscosimetry,,,[建] 商品粘度,,,,,0,0,,,
commercial vocation,,,商务行业,,,,,0,0,,,
commercial voucher,,,"[经] 商业传票, 发票",,,,,0,0,,,
commercial war,,,商战，贸易战,,,,,0,0,,,
commercial warehouse,,,[经] 营业仓库,,,,,0,0,,,
commercial washing compound,,,工业洗涤剂,,,,,0,0,,,
commercial waste,,,[网络] 商业垃圾；商业废料,,,,,0,0,,,
commercial wax,,,[建] 工业用石蜡,,,,,0,0,,,
commercial wax cake,,,[建] 工业用石蜡,,,,,0,0,,,
commercial weight,,,"[经] 正量, 原量",,,,,0,0,,,
commercial work,,,[网络] 商业作品；商业运作；商业广告作,,,,,0,0,,,
commercial world,,,[经] 商界,,,,,0,0,,,
commercial WWW development,,,商业WWW开发,,,,,0,0,,,
commercial yard,,,商船造船厂,,,,,0,0,,,
commercial year,,,商业财政年度,,,,,0,0,,,
commercial yield,,,工业产量,,,,,0,0,,,
commercial zinc,,,工业锌,,,,,0,0,,,
commercial zine,,,组制锌,,,,,0,0,,,
commercial zone,,,[网络] 商业区；因此；社长广告代言专区,,,,,0,0,,,
commercial zoning,,,[网络] 商业性土地区划,,,,,0,0,,,
commercial-aircraft,,,un. 商用飞机\n[网络] 商业飞机；民用飞机,,,,,0,0,,,
commercial-airline,,,[网络] 商业航空公司；商业航班,,,,,0,0,,,
commercial-art,,,un. 商业美术\n[网络] 商业艺术；商业艺术装饰；商业文化艺术策略规划,,,,,0,0,,,
commercial-at,,,[网络] 音译英文的,,,,,0,0,,,
commercial-bank,,,商业银行,,,,,0,0,s:commercial-banks,,
commercial-banking,,,un. 商业银行业务\n[网络] 商业银行管理；外资商业银行业；商业银行学,,,,,0,0,,,
commercial-banks,,,商业银行（commercial bank的复数）,,,,,0,0,0:commercial-bank/1:s,,
commercial-debt,,,[网络] 商业债务；商业债券筹集；商账,,,,,0,0,s:commercial-debts,,
commercial-debts,,,[网络] 商业债务；商业债券筹集；商账\n(commercial-debt 的复数),,,,,0,0,0:commercial-debt/1:s,,
commercial-free,,,[网络] 没有广告；免受广告困扰的；无广告的,j:100,,,,0,0,,,
commercial-grade,,,[贸易] 商品级,j:100,,,,0,0,s:commercial-grades,,
commercial-grades,,,[网络] 商品规格；商业分类,,,,,0,0,0:commercial-grade/1:s,,
commercial-industrial,,,[网络] 办公与商业地产；工商业用地,,,,,0,0,,,
commercial-jet,,,[网络] 商业喷气客机；商用飞机,,,,,0,0,,,
commercial-paper,,,商业票据，流通票据,,,,,0,0,s:commercial-papers,,
commercial-papers,,,[会计] 商业票据,,,,,0,0,0:commercial-paper/1:s,,
commercial-properties,,,商用地产,,,,,0,0,0:commercial-property/1:s,,
commercial-property,,,[网络] 商业地方,,,,,0,0,s:commercial-properties,,
commercial-quality,,,un. 工业等级质量；商品品质；商业等级钢\n[网络] 商业质量；普通商业用；一般用,,,,,0,0,,,
commercial-radio,,,商业电台,,,,,0,0,s:commercial-radios,,
commercial-radios,,,商业电台\n(commercial-radio 的复数),,,,,0,0,0:commercial-radio/1:s,,
commercial-scale,,,un. 商业规模；工业规模的；大规模\n[网络] 商业规模的,j:100,,,,0,0,,,
commercial-size,,,na. 【化】工业规模\n[网络] 商业规模,,,,,0,0,,,
commercial-style,,,[网络] 商业风格,,,,,0,0,,,
commercial-type,,,[网络] 商业广告类型；商务式按摩,,,,,0,0,,,
commerciale,,,[网络] 商业房地产；商业性公司,,,,,0,0,s:commerciales,,
commerciales,,plural of commerciale,(commerciale 的复数) [网络] 商业房地产；商业性公司,,,,,0,0,0:commerciale/1:s,,
commercialese,-ʃә'li:z,,"n. 商业用语, 商业语言",,,,,0,0,,,
commerciali,,,[网络] 小货车,,,,,0,0,,,
commercialisation,kəˌmɜ:ʃəlaɪ'zeɪʃən,n the act of commercializing something; involving something in commerce,n. 商业化,,,,,25548,0,s:commercialisations,,
commercialisations,,,[网络] 商业化,,,,,0,0,0:commercialisation/1:s,,
commercialise,kə'mɜ:ʃəlaɪz,v make commercial,"vt. 使商业化, 使经营化, 使成为营利手段",,,,,39137,0,,,
commercialised,kə'mə:ʃəlaiz,v make commercial\ns organized principally for financial gain,vt. [主英国英语]=commercialize,,,,,39789,0,0:commercialise/1:dp,,
commercialises,,,[网络] 商业化,,,,,0,0,,,
commercialising,,-ing form of commercialise\nv make commercial,"(commercialise 的现在分词) vt. 使商业化, 使经营化, 使成为营利手段",,,,,0,0,0:commercialise/1:i,,
commercialism,k'm\\\\:ʃә'liz(ә)m,n transactions (sales and purchases) having the objective of supplying commodities (goods and services),"n. 商业主义, 商业精神, 利润第一主义, 商业习惯, 商业用语\n[经] 商业主义, 利润第一主义, 商业精神",n:100,,,,23248,19499,s:commercialisms,,
commercialisms,kə'mɜːʃ(ə)lɪz(ə)m,,n. 商业主义；营利主义；重商主义,,,,,0,0,0:commercialism/1:s,,
commercialist,kә'm\\\\:ʃәlist,,"n. 商业家, 营利主义者, 商业主义者\n[经] 商业家, 营利主义者",,,,,0,0,,,
commercialistic,"kә,m\\\\:ʃә'listik",,"a. 商业主义者的, 重商主义者的",,,,,0,0,,,
commercialists,,,[网络] 商人,,,,,0,0,,,
commercialities,,,[网络] 商业性,,,,,0,0,0:commerciality/1:s,,
commerciality,,,n. 商业性,,,,,0,0,s:commercialities,,
commercializaing human relations,,,[社科] 人与人之间的关系商品化,,,,,0,0,,,
commercialization,,n. the act of commercializing something; involving something in commerce,[计] 商业化,n:100,,,,35213,15905,s:commercializations,,
commercialization of dyes,,,[染料] 染料商品化,,,,,0,0,,,
commercialization of housing,,,住房商品化,,,,,0,0,,,
commercialization of the soil,,,土地之商业化,,,,,0,0,,,
commercialization of urban houses,,,城市住宅商品化,,,,,0,0,,,
commercializations,,,[网络] 商业化,,,,,0,0,0:commercialization/1:s,,
commercialize,kә'mә:ʃәlaiz,"v. exploit for maximal profit, usually by sacrificing quality\nv. make commercial","vt. 使商业化, 使商品化, 使能营利, 在...发展商业\n[经] 使商业化, 使商品化, 在...发展商业",v:100,,,toefl,44677,18042,p:commercialized/d:commercialized/i:commercializing/3:commercializes,,
commercialize invention,,,发明商品化,,,,,0,0,,,
commercialized,kəˈmɜː(r)ʃəlaɪzd,s. organized principally for financial gain,"a. 商业化的\nv. （尤指不择手段地）利用…牟利, 商业化( commercialize的过去式和过去分词 )",j:100,,,,44927,30453,0:commercialize/1:p,,
commercialized agriculture,,,商业化农业,,,,,0,0,,,
commercialized management,,,企业化经营,,,,,0,0,,,
commercialized materials,,,[网络] 商品化的物质资料,,,,,0,0,,,
commercialized society,,,商品化社会,,,,,0,0,,,
commercialized vice,,,(当局允许的)公娼制度,,,,,0,0,,,
commercializer,kə'mə:ʃəlaiz,,commercializer\nn.\ncommercialize的变形\ncommercialize\n[kə'mə:ʃəlaiz]\nvt.\n使商品化；靠…赚钱\n使商业化：\nIt isn't wise to commercialize sport.\n把体育运动商业化并不明智。\n变形：\nvt.\ncommercialized\n. commercializing,,,,,0,0,,,
commercializes,kəˈmɜː(r)ʃəlaɪziz,"v exploit for maximal profit, usually by sacrificing quality\nv make commercial","n. （尤指不择手段地）利用…牟利, 商业化( commercialize的名词复数 )\nv. （尤指不择手段地）利用…牟利, 商业化( commercialize的第三人称单数 )",,,,,0,0,1:3/0:commercialize,,
commercializing,kəˈmɜː(r)ʃəlaɪzɪŋ,"v exploit for maximal profit, usually by sacrificing quality\nv make commercial","v. （尤指不择手段地）利用…牟利, 商业化( commercialize的现在分词 )",,,,,0,0,0:commercialize/1:i,,
commercializing human relations,,,人与人之间关系商品化,,,,,0,0,,,
commercially,,r. in a commercial manner,adv. 商业上；通商上,r:100,,,,7104,8634,,,
commercially availabie,,,[化] 市场上买得到的; 能大批供应的,,,,,0,0,,,
commercially available,,, 市场上可买到的,,,,,0,0,,,
commercially dry sludge,,,业干污泥,,,,,0,0,,,
commercially minded,,,[网络] 商业头脑,,,,,0,0,,,
commercially pure,,,[化] 商业纯的,,,,,0,0,,,
commercially pure aluminium,,,工业纯铝,,,,,0,0,,,
commercially pure iron,,,[材] 工业纯铁,,,,,0,0,,,
commercially saleable,,,[经] 可作商业性销售,,,,,0,0,,,
commercially sensitive information,,,商业上敏感的信息,,,,,0,0,,,
commercially smooth,,,商品要求光滑度,,,,,0,0,,,
commercially viable,,, 具商业利益; 有利可图,,,,,0,0,,,
commercially-available,,,un. 市场上可买到的；能大批供应的\n[网络] 市场上能买到的；市面上有售；市售,,,,,0,0,,,
commercially-minded,,,[网络] 有商业头脑的,,,,,0,0,s:commercially-mindeds,,
commercially-mindeds,,,[网络] 有商业头脑的\n(commercially-minded 的复数),,,,,0,0,0:commercially-minded/1:s,,
commercialpar,,,商业平价,,,,,0,0,,,
commercialprocessing,,,un. 商业加工,,,,,0,0,,,
commercials,kə'mɜ:ʃlz,n a commercially sponsored ad on radio or television,n. （电台或电视播放的）广告 ( commercial的名词复数 ); 以大众欣赏为目的谱写的乐曲,,,,ielts,0,0,0:commercial/1:s,,
commercialscale,kəmɜːʃls'keɪl,,adj.工业规模的,,,,,0,0,,,
commerciant,,,[网络] 商人,,,,,0,0,,,
commerciate,,,[网络] 商业化,,,,,0,0,,,
commercing,'kɒmɜːs,p. pr. & vb. n. of Commerce,"n. 贸易, 商业",,,,,0,0,,,
commercio,,,[网络] 商业,,,,,0,0,,,
commercioganic,,,"adj. 有市场的,吸引力的",,,,,0,0,,,
commerciogenic,"kә,m\\\\:ʃiәj'dʒenik",,a. 有市场吸引力的,,,,,0,0,,,
commercium,kəmə'sɪəm,, [法]商业,,,,,0,0,,,
commercy,,, [地名] [法国] 科梅尔西,,,,,0,0,,,
commere,,,[网络] 好的,,,,,0,0,,,
commerford,,, [人名] 康默福德,,,,,0,0,,,
commerge,,,[网络] 商业,,,,,0,0,,,
commerged,,,[网络] 通行,,,,,0,0,,,
commerges,,,[网络] 通行,,,,,0,0,,,
commerging,,,[网络] 通行,,,,,0,0,,,
commerial forest,,,材用林地,,,,,0,0,,,
commerial growing,,,大面积栽培,,,,,0,0,,,
commerial poultry production,,,商品养禽业,,,,,0,0,,,
commerial production of sugar,,,生产商品食糖,,,,,0,0,,,
commerial service authorization,,,民用(设施或机构)转为军用的许可,,,,,0,0,,,
commerical,,,[网络] 商业摄影；商业公建；企业及商业,,,,,0,0,,,
commerical agriculture,,,商业性农业　,,,,,0,0,,,
commerical blanket bond,,,商业诚实保证书,,,,,0,0,,,
commerical brass,,,[网络] 商用黄铜,,,,,0,0,,,
commerical department,,,un. 商业部\n[网络] 商务处,,,,,0,0,,,
commerical gas oil,,,[网络] 商品粗柴油,,,,,0,0,,,
commerical harbor,,,[网络] 商港,,,,,0,0,,,
commerical practice,,,商规,,,,,0,0,,,
commerical psychology,,,[心理] 商业心理学,,,,,0,0,,,
commerical receiver,,,[网络] 商用接收机,,,,,0,0,,,
commerical test,,,工业试验,,,,,0,0,,,
commerous,,,[网络] 商业的,,,,,0,0,,,
commers,,plural of commer,(commer 的复数) n. 康门（卡车品牌）,,,,,0,0,0:commer/1:s,,
commersant,,,[网络] 生意人报；商业日报,,,,,0,0,,,
commerson,,,[网络] 康氏马鲛；康氏躄鱼；康氏马加鰆,,,,,0,0,s:commersons,,
Commersonia,,,n. 山麻树属,,,,,0,0,,,
Commersonia bartramia,,,n. 山麻树,,,,,0,0,,,
commersonine,,,克默森茄碱,,,,,0,0,,,
commersons,,,[网络] 康氏马鲛；康氏躄鱼；康氏马加鰆\n(commerson 的复数),,,,,0,0,0:commerson/1:s,,
commerzbank,,, 德国商业银行公司总部所在地：德国主要业务：银行,,,,,0,0,s:commerzbanks,,
Commerzbank AG,,,西德商业银行,,,,,0,0,,,
commerzbanks,,, 德国商业银行公司总部所在地：德国主要业务：银行\n(commerzbank 的复数),,,,,0,0,0:commerzbank/1:s,,
commes,,, [人名] 科姆斯,,,,,0,0,,,
commess,,,[网络] 同意,,,,,0,0,,,
commessation,,,[网络] 一致,,,,,0,0,,,
commesso,,,科梅索,,,,,0,0,,,
commest,,,abbr. commander；commentary,,,,,0,0,,,
commetamin,,,环硫胺,,,,,0,0,,,
commeth,,,[网络] 来了,,,,,0,0,,,
commeve,,,[网络] 邀请,,,,,0,0,,,
"Commewiine, Dist.",,,[地名] 科默韦讷区 ( 苏里 ),,,,,0,0,,,
Commewijne,,,科莫维内,,,,,0,0,,,
commey,,,科梅,,,,,0,0,,,
commfu,'kɔmfu,,n. [美国俚语]彻底的军事失败 [由complete monumental military fuck-up合成],,,,,0,0,,,
commi,'kɒmɪ,,abbr. communism 共产主义; communist 共产主义，共产党员,,,,,0,0,,,
commical,,,[网络] 通俗的,,,,,0,0,,,
Commicarpus,,,n. 粘腺果属,,,,,0,0,,,
Commicarpus chinensis,,,n. 中华粘腺果,,,,,0,0,,,
Commicarpus lantsangensis,,,n. 澜沧粘腺果,,,,,0,0,,,
commiccion,,,[网络] 佣金,,,,,0,0,,,
commicial counsellor,,,[网络] 商务参赞,,,,,0,0,,,
commie,'kɒmi,n a socialist who advocates communism,n. 共产党员,n:100,,,,37562,26719,s:commies,,
commies,ˈkɔmiz,n. a socialist who advocates communism,"n. <贬><口>共产主义者, 共产党员( commie的复数形式 )",,,,,0,0,0:commie/1:s,,
commiferin,,,没药萜醇,,,,,0,0,,,
commigrate,,,[网络] comm。。,,,,,0,0,,,
commigrated,,,[网络] 恭喜,,,,,0,0,,,
commigrates,,,[网络] comm。。,,,,,0,0,,,
commigrating,,,[网络] 回忆,,,,,0,0,,,
commigration,,,[网络] 移民,,,,,0,0,,,
commigrations,,,[网络] 。。。,,,,,0,0,,,
commilitant,,,[网络] 恭维,,,,,0,0,,,
commilito,,,[网络] 平民,,,,,0,0,,,
commin,,,[网络] 商工部,,,,,0,0,,,
comminate,'kɔmineit,v curse or declare to be evil or anathema or threaten with divine punishment,"v. 威胁, 诅咒",,,,,0,0,,,
comminated,,,v. (以上天的惩罚来)威吓\n[网络] 威胁,,,,,0,0,,,
comminates,,,v. (以上天的惩罚来)威吓\n[网络] 威胁,,,,,0,0,,,
comminating,,,v. (以上天的惩罚来)威吓\n[网络] 威胁,,,,,0,0,,,
commination,.kɒmi'neiʃәn,n. prayers proclaiming God's anger against sinners; read in the Church of England on Ash Wednesday\nn. a threat of divine punishment or vengeance,n. 威吓,,,,,0,0,s:comminations,,
comminations,,,n. 威吓；【宗】以蒙受神谴进行威吓\n[网络] 谴责,,,,,0,0,0:commination/1:s,,
comminative,,,[网络] 震撼人心,,,,,0,0,,,
comminator,,,[网络] 协调员,,,,,0,0,,,
comminatory,'kɒminәtәri,s. containing warning of punishment,a. 威吓的,,,,,0,0,,,
Commines,,,n. (Commines)人名；(法)科米纳,,,,,0,0,,,
Comming,,-ing form of COM,(COM 的现在分词) [计] 计算机输出缩微胶片; 计算机输出胶片缩微机,,,,,0,0,0:com/1:i,,
comminger(mixer),,,混合器(混合机),,,,,0,0,,,
comminges,,, [地名] [法国] 科曼日（地区）,,,,,0,0,0:comminge/1:s3,,
commingle,kɒ'miŋgl,v. mix or blend,v. 混合,v:100,,,toefl gre,0,27157,p:commingled/i:commingling/3:commingles/d:commingled/s:commingles,,
commingled,kəˈmɪŋgəld,v mix or blend\nv mix together different elements,"v. <文>混合, 掺和, 合并( commingle的过去式和过去分词 )",j:100,,,,0,37986,1:pd/0:commingle,,
commingled bits,,,混合的比特,,,,,0,0,,,
commingled fund,,,混合资金,,,,,0,0,,,
commingled funds,,,混合资金,,,,,0,0,,,
commingled investment account,,,联合投资账户,,,,,0,0,,,
commingled oil producing well,,,合采井,,,,,0,0,,,
commingled turnings,,,混杂切屑,,,,,0,0,,,
commingled water injection well,,,合注井,,,,,0,0,,,
commingled yarn,,,混纤纱,,,,,0,0,,,
comminglement,,,[网络] 混合,,,,,0,0,,,
comminglements,,,n. commingle的变形,,,,,0,0,,,
commingler,,,[化] 混合器,,,,,0,0,,,
comminglers,,,n. 混合器,,,,,0,0,,,
commingles,kəˈmɪŋgəlz,v mix or blend\nv mix together different elements,"v. <文>混合, 掺和, 合并( commingle的第三人称单数 )",,,,,0,0,1:3/0:commingle,,
commingling,kəˈmɪŋgəlɪŋ,v mix or blend\nv mix together different elements,"v. <文>混合, 掺和, 合并( commingle的现在分词 )",n:100,,,,0,35340,0:commingle/1:i/s:comminglings,,
commingling paper machine,,,混合型造纸机,,,,,0,0,,,
comminglingly,,,[网络] 混合,,,,,0,0,,,
comminglings,kɔ'miŋɡliŋ,,v. 合采；混入（commingle的ing形式）\nn. 混合；混杂,,,,,0,0,0:commingling/1:s,,
comminjute,,,"vt. 使成碎末,粉碎,分割财产",,,,,0,0,,,
comminli,,,[网络] commㄧ,,,,,0,0,,,
Comminotto,,,[地名] 科米诺托岛 ( 马耳他 ),,,,,0,0,,,
commins,,, [人名] 康明斯,,,,,0,0,,,
comminu(a)tion,,,碎；雾化,,,,,0,0,,,
comminuate,,,[网络] 粉碎,,,,,0,0,,,
comminuation,,,[建] 粉碎(作用),,,,,0,0,,,
comminuent,,,[网络] 通知,,,,,0,0,,,
comminuible,,,[网络] 不可思议,,,,,0,0,,,
comminute,'kɒminu:t,v reduce to small pieces or particles by pounding or abrading,"vt. 使成粉末, 粉碎, 分割财产",,,,,0,0,i:comminuting/p:comminuted/3:comminutes/d:comminuted,,
comminuted,ˈkɔminju:tid,imp. & p. p. of Comminute,"v. 使成粉末, 粉碎, 分割( comminute的过去式和过去分词 )",,,,,0,0,1:pd/0:comminute,,
comminuted cheese,,,冷装干酪(由新鲜和成熟的天然干酪配混而成的干酪),,,,,0,0,,,
comminuted fibres,,,粉碎的纤维,,,,,0,0,,,
comminuted fracture,,,[医] 粉碎骨折,,,,,0,0,s:comminuted fractures,,
comminuted fracture of head of humerus,,,肱骨头粉碎骨折,,,,,0,0,,,
comminuted fracture of lower end of radius,,,桡骨下端粉碎性骨折,,,,,0,0,,,
comminuted fracture of olecranon,,,粉碎性鹰嘴骨折,,,,,0,0,,,
comminuted fracture of skull,,,颅骨粉碎骨折,,,,,0,0,,,
comminuted fracture of upper end of tibia,,,胫骨上端粉碎骨折,,,,,0,0,,,
comminuted fractures,,,n. 粉碎性骨折,,,,,0,0,0:comminuted fracture/1:s,,
comminuted juice,,,带肉果汁,,,,,0,0,,,
comminuted meat,,,un. 碎肉\n[网络] 肉糜；肉馅,,,,,0,0,,,
comminuted meat product,,,碎肉制品;肉馅,,,,,0,0,,,
comminuted orange drink,,,un. 全果桔汁饮料\n[网络] 全橘饮料,,,,,0,0,,,
comminuted powder,,,粉碎粉末,,,,,0,0,,,
comminuted refuse,,,碎[的]垃圾,,,,,0,0,,,
comminuted solids,,,碎[的]固体,,,,,0,0,,,
comminuted steel shot,,,钢粉,,,,,0,0,,,
comminuter,,,"[医] 粉碎器, 捣碎器",,,,,0,0,,,
comminutes,ˈkɔminju:ts,v reduce to small pieces or particles by pounding or abrading,"v. 使成粉末, 粉碎, 分割( comminute的第三人称单数 )",,,,,0,0,1:3/0:comminute,,
comminuting,ˈkɔminju:tɪŋ,p. pr. & vb. n. of Comminute,"v. 使成粉末, 粉碎, 分割( comminute的现在分词 )",,,,,0,0,1:i/0:comminute,,
comminuting machine,,,[医] 粉碎机,,,,,0,0,,,
comminuting screen,,,碎筛,,,,,0,0,,,
comminutio,,,"捣碎,粉碎,粉碎状",,,,,0,0,,,
comminution,.kɒmi'nju:ʃәn,n. The act of reducing to a fine powder or to small\n   particles; pulverization; the state of being comminuted.\nn. Fracture (of a bone) into a number of pieces.\nn. Gradual diminution by the removal of small particles\n   at a time; a lessening; a wearing away.,n. 粉碎\n[化] 粉碎; 粉碎作用,,,,,0,0,,,
comminution by gas stream,,,气流粉碎法,,,,,0,0,,,
comminution granulation,,,造粒(法),,,,,0,0,,,
comminution of fuel,,,[建] 粉碎燃料,,,,,0,0,,,
comminution theory,,,粉碎理论,,,,,0,0,,,
comminutions,,,小碎粒,,,,,0,0,,,
comminutor,,,[化] 造粒机,,,,,0,0,,,
comminutor of the European Communities,,,[网络] 欧洲共同体委员会,,,,,0,0,,,
comminutors,,,n. 粉碎器；造粒机；切碎机；磨粉机\n[网络] 粉碎机；磨碎机；粉碎的概念,,,,,0,0,,,
Commiphora,,n genus of East Indian and African trees yielding balsamic products,[医] 没药属,,,,,0,0,s:commiphoras,,
Commiphora abyssinica,,,[医] 没药树,,,,,0,0,,,
Commiphora africanum,,,[医] 非洲没药树,,,,,0,0,,,
Commiphora agallocha,,,[医] 印度百代留,,,,,0,0,,,
commiphora erythraea var. glabrescens engl,,,红没药树（中药志）,,,,,0,0,,,
Commiphora kataf,,,"[医] 卡他夫没药树, 阿拉伯没药树",,,,,0,0,,,
commiphora meccanenses,,,[网络] Comm\n(commiphora meccanensis 的复数),,,,,0,0,0:commiphora meccanensis/1:s,,
Commiphora meccanensis,,,[网络] Comm,,,,,0,0,s:commiphora meccanenses,,
Commiphora molmol Engler,,,[医] 没药树,,,,,0,0,,,
Commiphora myrrha,,,[网络] 没药；没药提取；没药萃取,,,,,0,0,s:commiphora myrrhas,,
Commiphora myrrha Baillon,,,[医] 没药树,,,,,0,0,,,
commiphora myrrhas,,,[网络] 没药；没药提取；没药萃取\n(commiphora myrrha 的复数),,,,,0,0,0:commiphora myrrha/1:s,,
commiphoras,,,[医] 没药属\n(commiphora 的复数),,,,,0,0,0:commiphora/1:s,,
commiphoric acid,,,没药脂酸,,,,,0,0,,,
commis,kɔ:'mi:,,"n. <法>小职员, 副手",,,,,49820,0,s:commiss,,
commis chef,,,[网络] 厨师；厨师助手；员工餐厅厨师,,,,,0,0,,,
commis waiter,,,[英国英语] (负责把客人用过的餐具运往洗刷间的)餐厅助理服务员,,,,,0,0,,,
commis-sion,kə'mɪʃ(ə)n,,n. 委员会；佣金；犯；委任；委任状\nvt. 委任；使服役；委托制作,,,,,0,0,,,
commiscible,,,[网络] 可混合的,,,,,0,0,,,
Commiscuum,,,n. 【生态学】杂交界限属,,,,,0,0,,,
commiscuum (danser 1929),,,可交换基因的个体群,,,,,0,0,,,
commise,,,[网络] 起飞,,,,,0,0,,,
commiserable,kә'mizәrәbl,a. Pitiable.,a. 值得怜悯与同情的,,,,,0,0,,,
commiserant,,,[网络] comm ant,,,,,0,0,,,
commiserate,kә'mizәreit,v. to feel or express sympathy or compassion,"v. 怜悯, 同情",v:100,,,toefl gre,21632,23875,p:commiserated/i:commiserating/d:commiserated/s:commiserates/3:commiserates,,
commiserate sb on his misfortune,,,对某人的不幸表示同情,,,,,0,0,,,
commiserate with sb,,,"同情, 表示悲痛, 怜悯",,,,,0,0,,,
commiserate with sb. on sth.,,,同情,,,,,0,0,,,
commiserated,kəˈmɪzəˌreɪtid,imp. & p. p. of Commiserate,"v. 怜悯, 同情( commiserate的过去式和过去分词 )",,,,,0,0,0:commiserate/1:pd,,
commiserates,kəˈmɪzəˌreɪts,v to feel or express sympathy or compassion,"n. 怜悯, 同情( commiserate的名词复数 )\nv. 怜悯, 同情( commiserate的第三人称单数 )",,,,,0,0,0:commiserate/1:s3,,
commiserating,kəˈmɪzəˌreɪtɪŋ,p. pr. & vb. n. of Commiserate,"v. 怜悯, 同情( commiserate的现在分词 )",,,,,0,0,0:commiserate/1:i,,
commiseratingly,kə'mɪzəreɪtɪŋlɪ,,"adv. 同情地, 怜悯地",,,,,0,0,,,
commiseration,kә.mizә'reiʃәn,n. a feeling of sympathy and sorrow for the misfortunes of others,"n. 怜悯, 同情",n:100,,,,34643,32562,s:commiserations,,
commiserations,"kə,mizə'reiʃən",n. a feeling of sympathy and sorrow for the misfortunes of others\nn. an expression of sympathy with another's grief,"n. 怜悯, 同情",,,,,0,0,0:commiseration/1:s,,
commiserative,kә'mizәreitiv,s. feeling or expressing sympathy,"a. 怜悯的, 同情的",,,,,0,0,,,
commiseratively,kәˊmizәreitivli,,adv. 怜悯地,,,,,0,0,,,
commiserator,,n. One who pities.,n. commiserate的变形,,,,,0,0,,,
commiserators,,,[网络] 同志们,,,,,0,0,,,
commish,,,[网络] 铁面英雄胆,,,,,0,0,,,
commishes,,,[网络] 沉思,,,,,0,0,,,
commision,kəˈmɪʃn,," 委托, 授权, 佣金",,,,,0,0,s:commisions,,
commision on engineering education,,,工程教育委员会,,,,,0,0,,,
commision on science education,,,科学教育委员会,,,,,0,0,,,
commision paid on discounted account,,,客帐贴现佣金,,,,,0,0,,,
commisioned,,past participle of commision,"(commision 的过去分词)  委托, 授权, 佣金",,,,,0,0,0:commision/1:d,,
commisioner,,,[网络] 专员,,,,,0,0,s:commisioners,,
commisioners,,plural of commisioner,(commisioner 的复数) [网络] 专员,,,,,0,0,0:commisioner/1:s,,
commisions,,,[网络] 交易佣金,,,,,0,0,0:commision/1:s,,
commiss,,,abbr. Commissary 代表; 委员; 军粮库; 粮秣员,,,,,0,0,0:commis/1:s,,
Commiss.,kə'mi,,commis\n['kɔmis]\nn.\n[单数复数同]\n副手，小职员\n[法语]助理厨师(打下手的)；助理服务员,,,,,0,0,,,
commissaire,,,n. (Commissaire)人名；(法)科米赛尔,,,,,0,0,s:commissaires,,
Commissaire du Control des Banques,,,[网络] 银行管理委员会,,,,,0,0,,,
Commissaire Maigret,,,[网络] 笔下的马格雷探长；梅克耶探长,,,,,0,0,s:commissaire maigrets,,
commissaire maigrets,,,[网络] 笔下的马格雷探长；梅克耶探长\n(commissaire maigret 的复数),,,,,0,0,0:commissaire maigret/1:s,,
commissaires,,plural of commissaire,(commissaire 的复数) n. (Commissaire)人名；(法)科米赛尔,,,,,0,0,0:commissaire/1:s,,
commissao,,,[网络] 小饭店,,,,,0,0,,,
commissar,.kɒmi'sɑ:,n. an official of the Communist Party who was assigned to teach party principles to a military unit,"n. 代表, 委员, 人民委员(前苏联部长的旧称)",n:100,,,,33904,26947,s:commissars,,
commissarial,.kɒmi'sєәriәl,a. Of or pertaining to a commissary.,"a. 代表人的, 委员的, 代理主教的",,,,,0,0,,,
commissariat,.kɒmi'sєәriәt,n. a stock or supply of foods,"n. 军需部, 给养, 军需部负责人",n:100,,,,29470,42413,s:commissariats,,
commissariat de i'energie atomique,,,原子能委员会﹝法国﹞,,,,,0,0,,,
commissariate,,,[网络] comm,,,,,0,0,,,
commissariats,ˌkɔmiˈsɛəriəts,n. a stock or supply of foods,"n. 军需部门, 粮食, 粮食补给( commissariat的复数形式 )",,,,,0,0,0:commissariat/1:s,,
commissaries,ˈkɔmisəriz,pl.  of Commissary,"n. 代表, 物资供应所, 委员( commissary的名词复数 )",,,,,0,0,0:commissary/1:s,,
commissaries-general,,,na. 兵站总监\n(commissary-general 的复数),,,,,0,0,0:commissary-general/1:s,,
commissars,,plural of commissar\nn. an official of the Communist Party who was assigned to teach party principles to a military unit,"(commissar 的复数) n. 代表, 委员, 人民委员(前苏联部长的旧称)",,,,,0,0,0:commissar/1:s3,,
commissary,'kɒmisәri,n. a retail store that sells equipment and provisions (usually to military personnel)\nn. a snack bar in a film studio,"n. 代表, 委员, 杂货店\n[经] 粮食, 粮食部, 食品供应部",j:87/n:13,,,,43219,23298,s:commissaries,,
commissary in charge of studies,,, 学习委员,,,,,0,0,,,
commissary-general,,,na. 兵站总监,,,,,0,0,s:commissaries-general,,
commissaryship,,n. The office or employment of a commissary.,n. 代表；杂货店；军粮供应；（美）食堂 (commissary的变形),,,,,0,0,,,
commissaryships,,,n. commissary的变形,,,,,0,0,,,
commisser,,,[网络] 专员,,,,,0,0,,,
commissere,,,[网络] 侍从,,,,,0,0,,,
commission,kә'miʃәn,n. a fee for services rendered based on a percentage of an amount received or collected or agreed to be paid (as distinguished from a salary)\nn. the act of granting authority to undertake certain functions\nn. the state of being in good working order and ready for operation\nn. a formal statement of a command or injunction to do something,"n. 委任状, 任官令, 所委职责, 佣金, 犯, 委托, 所托之事\nvt. 委任, 委托制作, 使服役",v:19/n:81,4,1,cet4 cet6 ky toefl ielts gre,898,2379,d:commissioned/s:commissions/p:commissioned/i:commissioning/3:commissions,,
commission a ship,,,[网络] 配备船舶人员,,,,,0,0,,,
commission account,,,"[经] 手续费帐户, 佣金科目",,,,,0,0,,,
commission agency,,,[经] 代理贸易,,,,,0,0,,,
commission agency contract,,,[法] 行纪契约,,,,,0,0,,,
commission agent,,,"[经] 代理商, 代办人, 代理贸易商",,,,,0,0,,,
commission agents,,,[贸易] 佣金代理商,,,,,0,0,,,
commission and diligence,,,法院取证委任令,,,,,0,0,,,
commission and expenses on capital shares,,,un. 股票发行费用,,,,,0,0,,,
commission base,,,un. 佣金基数\n[网络] 介绍合作；营业员；佣金制,,,,,0,0,,,
commission bid,,,[网络] 委托竞投,,,,,0,0,,,
commission books,,,作者自费出版的书,,,,,0,0,,,
commission broker,,,[经] 掮客,,,,,0,0,,,
commission business,,,"[经] 经纪业, 委托贸易",,,,,0,0,,,
commission buyer of farm products,,,[农经] 农产品代理采购商,,,,,0,0,,,
commission buying office,,,[贸易] 代理推销处,,,,,0,0,,,
commission charge,,,手续费,,,,,0,0,,,
commission charges,,,"[经] 佣金, 手续费",,,,,0,0,,,
commission clause,kəˈmiʃən klɔ:z,, [法]佣金条款,,,,,0,0,,,
commission combing,,,代加工梳条,,,,,0,0,,,
commission contract,,,商业代理合同,,,,,0,0,,,
commission day,,,[法] 大审开审日,,,,,0,0,,,
Commission de Controle des Banques,,,[网络] 银行监督委员会,,,,,0,0,,,
commission decisions and reports,,,[经] 委员会的决议和报告,,,,,0,0,,,
commission del credere,,,"[法] 支付能力保证, 支付能力保证人",,,,,0,0,,,
commission department,,,[贸易] 代理销售部,,,,,0,0,,,
commission distributor,,,佣金经销商,,,,,0,0,,,
commission dyer,,,代工染色厂,,,,,0,0,,,
commission earned,,,[经] 获得手续费,,,,,0,0,,,
commission error,,,超出误差,,,,,0,0,,,
commission expenses,,, [财]佣金费用,,,,,0,0,,,
commission fee,,,手续费,,,,,0,0,,,
commission fees,,,"[法] 佣金, 行纪报酬, 手续费",,,,,0,0,,,
commission finisher,,,代工整理厂,,,,,0,0,,,
commission for acceptance,,,[经] 承兑佣金,,,,,0,0,,,
commission for collecting,,,un. 收帐佣金,,,,,0,0,,,
commission for collecting bills,,,un. 代收票据佣金,,,,,0,0,,,
commission for collection,,,[经] 代收款佣金(手续费),,,,,0,0,,,
commission for compilation of the laws and regulations,,, [法]法规汇编委员会,,,,,0,0,,,
commission for discipline inspection,kəˈmiʃən fɔ: ˈdisiplin ɪnˈspekʃən,, [法]纪律检查委员会,,,,,0,0,,,
Commission for Economic Relations with Foreign Countries,,,对外经济联络委员会,,,,,0,0,,,
commission for government bond business,,,代理公债佣金,,,,,0,0,,,
commission for government bound business,,,un. 代理公债佣金,,,,,0,0,,,
Commission for Health Improvement,,,[网络] 健康促进委员会,,,,,0,0,,,
commission for Hydrometeorology,,,[网络] 水文气象学委员会,,,,,0,0,,,
commission for marine geology (iugs),,,"国际地质科学联合会海洋地质学委员会，国际地科联海洋地质学委员会, 国际地质科学联合会海洋地质学委员会；国际地科联海洋地质学委员会",,,,,0,0,,,
Commission for Marine Meteorology,,,航海气象委员会,,,,,0,0,,,
commission for racial equality,,,[法] 种族平等委员会,,,,,0,0,,,
Commission for Social Development,,,n. 社会开发委员会,,,,,0,0,,,
Commission for the Conservation of Antarctic Marine Living Resources,,,南极海洋生物资源保护委员会,,,,,0,0,,,
commission house,,,"[经] 委托商行, 抽佣商行",,,,,0,0,,,
commission income,,,[经] 手续费收入,,,,,0,0,,,
commission insurance,,,[经] 佣金保险,,,,,0,0,,,
commission internationale de l,,,国际照明委员会,,,,,0,0,,,
Commission Internationale de l'Eclairage,,,国际照明委员会,,,,,0,0,,,
commission invoice book,kəˈmiʃən ˈɪnˌvɔɪs buk,, [财]委托书,,,,,0,0,,,
commission manufacturer,,,[经] 委托加工制造商,,,,,0,0,,,
commission merchant,,,[经] 代售商,,,,,0,0,,,
commission mortgage loan,,,佣金抵押借款,,,,,0,0,,,
commission of a crime,,,[法] 犯罪,,,,,0,0,,,
commission of a ship,,,un. 船舶人员的配备,,,,,0,0,,,
commission of acceptance,,,[经] 承兑汇票(票据)手续费,,,,,0,0,,,
commission of appraisement,,,[法] 估价委员会,,,,,0,0,,,
commission of appraisement and sale,,,评价与出售委员会,,,,,0,0,,,
commission of asian and far eastern affairs,,,国际商会亚洲及远东事务委员会,,,,,0,0,,,
commission of assize,,,[法] 巡回审判委任,,,,,0,0,,,
commission of authority,,,[经] 授权书,,,,,0,0,,,
commission of conciliation,,,[经] 调解委员会,,,,,0,0,,,
commission of control,,,管制委员会,,,,,0,0,,,
commission of enquiry or inquiry,,,"[法] 调查团, 调查委员会",,,,,0,0,,,
commission of eyre,,,[网络] 巡回委任状,,,,,0,0,,,
commission of fee,,,佣金,,,,,0,0,,,
commission of finance,,,un. 财政厅,,,,,0,0,,,
commission of further offence,,,[网络] 重新犯罪,,,,,0,0,,,
commission of gaol delivery,,,[法] 释放囚犯委任令,,,,,0,0,,,
commission of general gaol delivery,,,[网络] 提审囚犯的一般委任令,,,,,0,0,,,
commission of inquiry,,,[经] (咨询)调查委员会,,,,,0,0,,,
commission of investigation,,,[经] 调查委员会,,,,,0,0,,,
commission of jurists,,,"[法] 法学家委员会, 律师会",,,,,0,0,,,
commission of legal affairs,,,法制委员会,,,,,0,0,,,
commission of lunacy,,,[法] 精神病的鉴定,,,,,0,0,,,
commission of offence,,,[法] 犯罪行为,,,,,0,0,,,
commission of pre investment studies,,,[网络] 投资前研究的酬劳金,,,,,0,0,,,
commission of pre-investment studies,,,[劳经] 投资前研究的酬劳金,,,,,0,0,,,
commission of rebellion,,,[法] 拘票,,,,,0,0,,,
commission of review,,,"[法] 复查委员会, 复审委员会",,,,,0,0,,,
commission of survey,,,鉴定费,,,,,0,0,,,
Commission of the European Communities,,,欧洲经济共同体委员会,,,,,0,0,,,
commission of the European community,,,欧洲经济共同体委员会,,,,,0,0,,,
Commission of the European Economic Community,,,[网络] 欧洲经济共同体委员会,,,,,0,0,,,
commission of the peace,,,[法] 治安法官的委任,,,,,0,0,,,
commission of tort,,,[法] 犯侵权罪,,,,,0,0,,,
commission of trailbaston,,,[网络] 刑事委任状,,,,,0,0,,,
commission on a sliding scale,,,递加佣金,,,,,0,0,,,
commission on amateur artistic activity,,,文娱活动委员会,,,,,0,0,,,
commission on auditor's respon-sibilities,,,[经] 审计人员(审计师)职责委员会,,,,,0,0,,,
commission on civil defense,,,[法] 民防委员会,,,,,0,0,,,
Commission on Civil Rights,,,n. 民权委员会（美国政府机构，宗旨是争取全体美国人的平等权利）\n[网络] 美国民权委员会,,,,,0,0,,,
commission on consignee,,,委托销售佣金,,,,,0,0,,,
commission on current account,,,[会计] 往来帐户管理费,,,,,0,0,,,
commission on current accounts,,,活期账户手续费,,,,,0,0,,,
commission on drafts sold,,,出口外汇汇票佣金;出售外汇汇票佣金,,,,,0,0,,,
Commission on General Average Disbursements,,,[网络] 共同海损手续费,,,,,0,0,,,
commission on human rights,,,[法] 人权委员会,,,,,0,0,s:commissions on human rights,,
Commission on Intergovernmental Relations,,,[网络] 府际关系委员会,,,,,0,0,,,
Commission on International Commodity Trade,,,国际物资贸易委员会,,,,,0,0,,,
commission on issue and public offerings,,,募债佣金,,,,,0,0,,,
Commission on Marine Science and Engineering Research,,,海洋科学与船舶工程研究委员会,,,,,0,0,,,
Commission on Marine Technology,,,[网络] 海运技术委员会,,,,,0,0,,,
Commission on Merchant Marine and Fisheries,,,商船和渔船委员会,,,,,0,0,,,
Commission on Money and Credit,,,〈美〉货币信用委员会,,,,,0,0,,,
Commission on Narcotic Drugs,,,n. 麻醉药委员会,,,,,0,0,s:commissions on narcotic drugs,,
commission on presidential debate,,,总统辩论委员会,,,,,0,0,,,
commission on sales,kəˈmiʃən ɔn ˈseilz,, [法]销货佣金,,,,,0,0,,,
commission on secondary school curriculum (pea),,,中等学校课程委员会(进步主义教育学会),,,,,0,0,,,
commission on the freedom of the press,,,{英国}新闻自由委员会,,,,,0,0,,,
commission on the limits of the continental shel (clcs),,,大陆礁层界限委员会,,,,,0,0,,,
commission on the relation of school and college,,,学校与大学关系委员会,,,,,0,0,,,
Commission on the Status of Women,,,n. 妇女地位委员会,,,,,0,0,s:commissions on the status of women,,
Commission on Transnational Corporations,,,跨国公司委员会,,,,,0,0,,,
commission on underwriting,,,承销佣金,,,,,0,0,,,
commission on universal education,,,普及教育委员会,,,,,0,0,,,
commission operated station,,,佣金服务站,,,,,0,0,,,
commission order,,,代理委托,,,,,0,0,,,
commission ore,,,【采矿】铀矿,,,,,0,0,,,
commission override,,,超额佣金,,,,,0,0,,,
commission paid on discounted,,,客户贴现佣金,,,,,0,0,,,
commission paid on discounted account,,,[会计] 客帐贴现佣金,,,,,0,0,,,
commission paid on discounted accounts,,,[经] 应收帐款贴现佣金(手续费)支出,,,,,0,0,,,
commission paid on foreign exchange,kəˈmiʃən peɪd ɔn ˈfɔrin iksˈtʃeindʒ,, [财]外汇佣金支出,,,,,0,0,,,
commission pannant,,,服役旒；舰长旒,,,,,0,0,,,
Commission Paritaire,,,[网络] 联合委员会,,,,,0,0,,,
Commission Past Us,,,[网络] 过手佣金；经付佣金,,,,,0,0,,,
commission payable,,,应付佣金,,,,,0,0,,,
commission pennant,,,[网络] 服役旒；长三角旗,,,,,0,0,,,
commission percentages,,,"手续费,佣金",,,,,0,0,,,
commission plan,,, 市委员制(由选出的委员会管理市政的制度),,,,,0,0,s:commission plans,,
commission plans,,,委员市政制,,,,,0,0,0:commission plan/1:s,,
commission pools,,,佣金合资,,,,,0,0,,,
commission principal,,,[法] 委托人,,,,,0,0,,,
commission printer,,,代工印花厂,,,,,0,0,,,
commission rate,,,佣金率,,,,,0,0,,,
Commission rebate,,,佣金回扣；回佣,,,,,0,0,,,
commission receivable,,,[经] 应收手续费,,,,,0,0,,,
commission receivable account,,,[经] 应收手续费帐户,,,,,0,0,,,
commission received,,,[经] 已收手续费,,,,,0,0,,,
commission received account,,,[经] 已收手续费帐户,,,,,0,0,,,
commission received on domestic exchange,,,国内汇兑佣金收入,,,,,0,0,,,
commission received on foreign exchange,kəˈmiʃən riˈsi:vd ɔn ˈfɔrin iksˈtʃeindʒ,, [财]外汇佣金收入,,,,,0,0,,,
commission received on letters of credit,kəˈmiʃən riˈsi:vd ɔn ˈletəz ɔv ˈkredit,, [财]信用证手续费收入,,,,,0,0,,,
commission reseller,,,佣金转售商,,,,,0,0,,,
commission revenue,,,佣金收入,,,,,0,0,,,
commission review,,,[网络] 复审；初步决定做检查,,,,,0,0,,,
commission sale,,,"[经] 委托贩卖, 代售, 寄售",,,,,0,0,,,
commission sale book,,,代销账,,,,,0,0,,,
commission sales,,,[网络] 代销模式,,,,,0,0,,,
commission salesman,,,代理销售商,,,,,0,0,,,
commission seller,,,经卖人,,,,,0,0,,,
commission shop,,,委托行,,,,,0,0,,,
commission system,,,"[经] 手续费制度, 佣金制",,,,,0,0,,,
commission to consignees,,,[经] 托销手续费,,,,,0,0,,,
commission to examine witness,,,[法] 审问证人委托书,,,,,0,0,,,
commission to examine witnesses,,,证人查证委托书,,,,,0,0,,,
commission to serve as notary public,kəˈmiʃən tu: sə:v æz ˈnəʊtəri: ˈpʌblik,, [法] 充当公证人的委任状,,,,,0,0,,,
commission to take deposition,,,[法] 录取证言委托书,,,,,0,0,,,
commission trade,,,经纪贸易,,,,,0,0,,,
commission transaction,,,[经] 给佣金的交易,,,,,0,0,,,
commission wholesale marketer,,,佣金批发市场,,,,,0,0,,,
commission work sheet,,,佣金工作表单,,,,,0,0,,,
commission-agent,,,"n. 代理商,(赛马)赌注登记经纪人",,,,,0,0,,,
commission-based,,,[网络] 收取佣金；基于佣金销售；佣金型的,j:100,,,,0,0,,,
commission-based pay,,,任务公资,,,,,0,0,,,
commission-free,,,[网络] 免佣,,,,,0,0,,,
commissionable,,,adj. commission的变形,,,,,0,0,,,
commissionaire,"kә,miʃә'neә",n. a uniformed doorman,"n. (电影院/剧院/旅馆等处的)门卫, 穿制服的看门人, 门警",,,,,40760,0,s:commissionaires,,
commissionaires,"kə,mɪʃə'neə",n. a uniformed doorman,n. 门警；看门人,,,,,0,0,0:commissionaire/1:s,,
commissional,kə'mɪʃənəl,a. Alt. of Commissionary,"a. 委任的, 任命的；委托的；授权的",,,,,0,0,,,
commissionary,,,[网络] 委托人,,,,,0,0,,,
commissionate,,,[网络] 委托,,,,,0,0,,,
commissionated,,,[网络] 委托,,,,,0,0,,,
commissionates,,,[网络] 委托人,,,,,0,0,,,
commissionating,,,[网络] 委托,,,,,0,0,,,
commissioned,,a. (of military officers) holding by virtue of a commission a rank of second lieutenant or ensign or above,"a. 受委任的, 现役的, 受任命的\n[法] 经授权的, 委任的, 受任命的",j:100,,,,22007,20838,0:commission/1:dp,,
commissioned agent,,,代销商,,,,,0,0,,,
commissioned buying and shipment,,,[网络] 代购代运,,,,,0,0,,,
commissioned canteens,,,代营食堂,,,,,0,0,,,
commissioned judge,,,"[法] 授权的法官, 任命的法官",,,,,0,0,,,
commissioned military officer,,,[网络] 委任军官,,,,,0,0,s:commissioned military officers,,
commissioned military officers,,,[网络] 委任军官\n(commissioned military officer 的复数),,,,,0,0,0:commissioned military officer/1:s,,
commissioned naval officer,,,[网络] 委托海军军官,,,,,0,0,s:commissioned naval officers,,
commissioned naval officers,,,[网络] 委托海军军官\n(commissioned naval officer 的复数),,,,,0,0,0:commissioned naval officer/1:s,,
commissioned officer,kəˈmɪʃənd,, （少尉以上的）军官,,,,,0,0,s:commissioned officers,,
commissioned officers,,,[网络] 军官；校官；委任了官员,,,,,0,0,0:commissioned officer/1:s,,
Commissioned Warrant Officer,,,一级准尉,,,,,0,0,,,
commissioned work,,,委任作品,,,,,0,0,,,
commissioned works,,,委託作品,,,,,0,0,,,
commissionee,,,[网络] 委托人,,,,,0,0,,,
commissioner,kә'miʃәnә,n. a government administrator\nn. a member of a commission,"n. 委员, 理事, 行政长官\n[法] 委员, 政府的特派员, 地方地官",n:100,3,,toefl,3124,4320,s:commissioners,,
commissioner affidavits,,,[法] 录取供词的官员,,,,,0,0,,,
commissioner expenditures,,, [财]佣金支出,,,,,0,0,,,
commissioner for oath,,,[网络] 宣誓书见证人之一,,,,,0,0,,,
commissioner for oaths,,,"[法] 宣誓公证人, 监誓官",,,,,0,0,,,
Commissioner General,,,总警监,,,,,0,0,,,
commissioner of audit,,,审计长,,,,,0,0,,,
Commissioner of Banking,,,银行督察,,,,,0,0,,,
commissioner of custom,,,un. 海关税务司,,,,,0,0,,,
commissioner of customs,,,[经] 海关税务司,,,,,0,0,,,
commissioner of education,,,州教育厅长{美},,,,,0,0,,,
commissioner of emigration,,,un. 移居监督官,,,,,0,0,,,
Commissioner of Estate Duty,,,[网络] 遗产税署署长,,,,,0,0,,,
commissioner of Inland Revenue,,,税务局局长,,,,,0,0,,,
Commissioner of Insurance,,,保险业监理专员；保险监理官,,,,,0,0,,,
commissioner of public land office,,,公地管理局,,,,,0,0,,,
commissioner of state,kəˈmɪʃənə ɔv steit,, [法]国务委员,,,,,0,0,,,
commissioner of the treasury,,,财政特派员,,,,,0,0,,,
commissioner on education,,,教育委员{十九世纪英国中央层级的教育委员，负责对各级教育的视导},,,,,0,0,,,
Commissioner's Pt.,,,[地名] 科米申纳角 ( 百 ),,,,,0,0,,,
commissioner-general,,,[网络] 总警监；主任专员；首席专员,,,,,0,0,s:commissioners-general,,
commissioners,kəˈmɪʃənəz,n. a government administrator\nn. a member of a commission,n. 专员( commissioner的复数形式 ); 长官; 委员; 政府部门的长官,,,,,0,0,0:commissioner/1:s,,
commissioners l.,,,康密孙纳斯湖,,,,,0,0,,,
commissioners of audit,,,"[经] 会计检查员, 审计专职人员",,,,,0,0,,,
Commissioners of Customs and Excise,,,[网络] 关税与消费税局；国税局,,,,,0,0,,,
commissioners of Inland Revenue,,,(英国的)国内税务局,,,,,0,0,,,
commissioners of the treasury,,,[经] 财政委员,,,,,0,0,,,
commissioners pt.,,,康密孙纳斯角,,,,,0,0,,,
commissioners standard ordinary mortality table,,,〈美〉CSO生命表,,,,,0,0,,,
commissioners-general,,,[网络] 总警监；主任专员；首席专员\n(commissioner-general 的复数),,,,,0,0,0:commissioner-general/1:s,,
commissionership,,,n. 专员/委员的职位,,,,,0,0,s:commissionerships,,
commissionerships,,,n. commissioner的变形,,,,,0,0,0:commissionership/1:s,,
commissioning,kә'miʃәniŋ,n the act of granting authority to undertake certain functions\nv put into commission; equip for service; of ships\nv place an order for\nv charge with a task,[计] 试的\n[化] 试运转; 试车; 投产; 投入生产,n:100,,,,12173,24372,0:commission/1:i/s:commissionings,,
commissioning and trial operation of complete unit,,,整套启动试运行装置,,,,,0,0,,,
commissioning application,,,[网络] 启用申请,,,,,0,0,,,
commissioning application forms,,,[网络] 启用申请表格,,,,,0,0,,,
commissioning business,,,[贸易] 委托贸易,,,,,0,0,,,
commissioning date,,, 投产日期,,,,,0,0,,,
commissioning editor,,,[网络] 组稿编辑；委制节目编辑；专案编辑,,,,,0,0,,,
commissioning expenditures,,,酬劳金支出,,,,,0,0,,,
commissioning of individual equipment and subsystem,,,单独设备与次系统试运,,,,,0,0,,,
commissioning of individual system,,,分部试运,,,,,0,0,,,
commissioning of projects,,,投产,,,,,0,0,,,
commissioning party,kəˈmiʃəniŋ ˈpɑ:ti,, [法]委托人,,,,,0,0,,,
commissioning period,,,[化] 试车期,,,,,0,0,,,
commissioning programme,,,试大纲,,,,,0,0,,,
commissioning run test,,,[化] 试车; 投料试车,,,,,0,0,,,
commissioning test,,,[计] 试车,,,,,0,0,,,
commissioning test for sequence system,,,顺序控制系统调整试验,,,,,0,0,,,
commissioning test of nuclear power plant,,,核电厂试运转,,,,,0,0,,,
commissioning test run,,,[化] 投料试生产,,,,,0,0,,,
commissioning tests,,,投运试验,,,,,0,0,,,
commissioning trial,,,试运投产,,,,,0,0,,,
commissioning trials,,,委託试验,,,,,0,0,,,
commissionings,,plural of commissioning\nn the act of granting authority to undertake certain functions\nv put into commission; equip for service; of ships\nv place an order for\nv charge with a task,(commissioning 的复数) [计] 试的\n[化] 试运转; 试车; 投产; 投入生产,,,,,0,0,0:commissioning/1:s,,
commissionize,,,[网络] 调试,,,,,0,0,,,
commissionless,,,[网络] 无佣金,,,,,0,0,,,
commissionnaire,,,[网络] 行纪人,,,,,0,0,,,
commissionnaires,,,[网络] 委托人,,,,,0,0,,,
commissionorder,,,un. 代理委托,,,,,0,0,,,
commissions,kəˈmiʃənz,n a special group delegated to consider some matter\nn a fee for services rendered based on a percentage of an amount received or collected or agreed to be paid (as distinguished from a salary)\nn the act of granting authority to undertake certain functions\nn the state of being in good working order and ready for operation\nn a group of representatives or delegates\nn a formal statement of a command or injunction to do something\nn an official document issued by a government and conferring on the recipient the rank of an officer in the armed forces\nn the act of committing a crime\nn a special assignment that is given to a person or group\nv put into commission; equip for service; of ships\nv place an order for\nv charge with a task,n. 委员会( commission的名词复数 ); 佣金; 任命; 职权,,,,,0,0,1:s3/0:commission,,
Commissions de Modernisation,,,[网络] 现代化委员会,,,,,0,0,,,
commissions earned,,,[经] 佣金收入,,,,,0,0,,,
commissions earned on consignment,,,[经] 代销佣金收入,,,,,0,0,,,
commissions earned on consignment sales,,,[会计] 代销佣金收入,,,,,0,0,,,
commissions on human rights,,,联合国人权委员会,,,,,0,0,0:commission on human rights/1:s,,
commissions on narcotic drugs,,,n. 麻醉药委员会,,,,,0,0,0:commission on narcotic drugs/1:s,,
commissions on the status of women,,,n. 妇女地位委员会\n(commission on the status of women 的复数),,,,,0,0,0:commission on the status of women/1:s,,
commissions received in advance,,,[经] 预收佣金,,,,,0,0,,,
commissionship,,,[网络] 委托,,,,,0,0,,,
commissionships,,,[网络] 佣金,,,,,0,0,,,
commissive,,"a. Relating to commission; of the nature of, or involving,\n   commission.",a. 许诺的,,,,,0,0,,,
commissive mood,,,[网络] 心情愉快,,,,,0,0,,,
commissive moods,,,[网络] 心情愉快,,,,,0,0,,,
commissively,,,[网络] 一致的,,,,,0,0,,,
commissives,,,[网络] 承诺类；承诺型；承诺式,,,,,0,0,,,
commisson,,,[网络] 画像,,,,,0,0,s:commissons,,
commissons,,plural of commisson,(commisson 的复数) [网络] 画像,,,,,0,0,0:commisson/1:s,,
commissoria lex,,,[法] 契约罚款的原则,,,,,0,0,,,
commissorial,,,[网络] 联合会,,,,,0,0,,,
commissory,,,[网络] 承诺,,,,,0,0,,,
commissour,,,[网络] 吱吱声,,,,,0,0,,,
Commissua supraoptica,,,<拉>视上连合,,,,,0,0,,,
commissura,,,[医] 连合,,,,,0,0,,,
commissura alba,,,白质后连合,,,,,0,0,,,
Commissura alba anterior,,,<拉>白质前连合,,,,,0,0,,,
Commissura alba posterior,,,<拉>白质后连合,,,,,0,0,,,
commissura ansata,,,[医] 襻连合,,,,,0,0,,,
commissura anterior,,,[医] 前连合(大脑),,,,,0,0,,,
commissura anterior alba,,,[医] 白质前连合(脊髓),,,,,0,0,,,
commissura anterior grisea,,,[医] 灰质前连合(脊髓),,,,,0,0,,,
commissura anterior grisea (medull? spinalis),,,(嵴髓)灰质前连合,,,,,0,0,,,
commissura arcuata,,,"[医] 弓状连合, 下连合",,,,,0,0,,,
commissura basalis,,,[医] 上连合,,,,,0,0,,,
commissura brevis,,,[医] 短连合,,,,,0,0,,,
commissura bulborum,,,[医] (前庭)球连合,,,,,0,0,,,
commissura cerebelli,,,[医] 脑桥,,,,,0,0,,,
commissura cinerea,,,[医] 灰质连合,,,,,0,0,,,
commissura colliculorum cranialium,,,颅侧丘连合,,,,,0,0,,,
commissura colliculorum inferiorum,,,[解剖] 下丘连合,,,,,0,0,,,
commissura colliculorum superiorum,,,[解剖] 上丘连合,,,,,0,0,,,
Commissura epithalamica,,,<拉>后连合,,,,,0,0,,,
commissura fornicis,,,"[医] 穹隆连合, 海马连合",,,,,0,0,,,
commissura grisea,,,"[医] 灰质连合, 中间块",,,,,0,0,,,
Commissura grisea anterior,,,<拉>灰质前连合,,,,,0,0,,,
Commissura grisea posterior,,,<拉>灰质后连合,,,,,0,0,,,
commissura habenularum,,,[医] 缰连合,,,,,0,0,,,
commissura hippocampi,,,"[医] 海马连合, 穹隆连合",,,,,0,0,,,
commissura labiorum,,,"[医] 口角, 唇连合",,,,,0,0,,,
commissura labiorum anterior,,,[医] 阴唇前连合,,,,,0,0,,,
commissura labiorum oris,,,口唇连合,,,,,0,0,,,
commissura labiorum posterior,,,[医] 阴唇后连合,,,,,0,0,,,
commissura labiorum pudendi,,,[医] 阴唇连合,,,,,0,0,,,
commissura media cerebri,,,[医] 中间块,,,,,0,0,,,
commissura of caudal colliculus,,,尾侧丘连合,,,,,0,0,,,
commissura olivarum,,,[医] 橄榄连合,,,,,0,0,,,
commissura optica,,,[医] 视交叉,,,,,0,0,,,
Commissura palpebralis lateralis,,,<拉>睑外侧连合,,,,,0,0,,,
Commissura palpebralis medialis,,,<拉>睑内侧连合,,,,,0,0,,,
commissura palpebrarum lateralis,,,"[医] 睑外侧连合, 外眦",,,,,0,0,,,
commissura palpebrarum medialis,,,"[医] 睑内侧连合, 内眦",,,,,0,0,,,
commissura palpebrarum nasalis,,,"[医] 睑内侧连合, 内眦",,,,,0,0,,,
commissura palpebrarum temporalis,,,"[医] 睑外侧连合, 外眦",,,,,0,0,,,
commissura posrerior grisea,,,[医] 灰质后连合(脊髓),,,,,0,0,,,
commissura posterior,,,[医] 灰质后连合(脊髓),,,,,0,0,,,
commissura posterior grisea,,,灰质后连合,,,,,0,0,,,
commissura postoptica,,,后视神经连合,,,,,0,0,,,
commissura rostralis,,,嘴侧联合,,,,,0,0,,,
commissura supraoptica,,,[解剖] 视上连合,,,,,0,0,,,
commissura supraorbitalis,,,眼眶上连合,,,,,0,0,,,
commissura transversa,,,横连合,,,,,0,0,,,
commissurae,,,[医] 连合,,,,,0,0,,,
commissurae supraopticae,,,[医] 视上连合,,,,,0,0,,,
commissurae tecti,,,[医] 顶盖连合,,,,,0,0,,,
commissurae Ventralis alba,,,[医] 白质前连合,,,,,0,0,,,
commissural,.kɒmi'sjuәrәl,a. Of or pertaining to a commissure.,a. 接缝处的\n[医] 连合的,,,,,0,0,s:commissurals,,
commissural aphasia,,,"[医] 连合性失语, 传导性失语",,,,,0,0,,,
commissural arch,,,联合环,,,,,0,0,,,
commissural bundles,,,联接维管束,,,,,0,0,,,
commissural cell,,,连合细胞,,,,,0,0,,,
commissural cells,,,"[医] 连合细胞, 异侧细胞",,,,,0,0,,,
commissural cheilitis,,,[医] 口角炎,,,,,0,0,,,
commissural cusps,,,连合尖,,,,,0,0,,,
commissural fiber,,,连合纤维,,,,,0,0,,,
commissural fibers,,,[医] 连合纤维,,,,,0,0,,,
commissural fibre,,,连合纤维,,,,,0,0,,,
commissural flange,,,联接边,,,,,0,0,,,
commissural furrow,,,联接沟,,,,,0,0,,,
commissural impetigo,,,[医] 融合性脓疱病,,,,,0,0,,,
commissural laceration,,,接缝裂开,,,,,0,0,,,
commissural lip pit,,,[先天性]口角小窝,,,,,0,0,,,
commissural myelotomy,,,[医] 脊髓纵切开术,,,,,0,0,,,
commissural neurofibers,,,连合神经纤维,,,,,0,0,,,
commissural neuron,,,[医] 连合神经元,,,,,0,0,,,
commissural nucleus,,,[医] 连合核,,,,,0,0,,,
commissural pit,,,连合凹,,,,,0,0,,,
commissural surface,,,[医] 连合面,,,,,0,0,,,
commissural vascular bundle,,,联接维管束,,,,,0,0,,,
commissural vessel,,,联合血管,,,,,0,0,,,
commissurals,kə'mɪʃərəl,,adj. 合缝处的；连合的,,,,,0,0,0:commissural/1:s,,
commissure,'kɒmisjuә,n. a bundle of nerve fibers passing from one side to the other of the brain or spinal cord,"n. 合缝处, 接索, 接合\n[医] 连合",,,,,0,0,s:commissures,,
commissure of bulbs,,,"前庭球中间部, 球连合",,,,,0,0,,,
commissure of cranial colliculus,,,颅侧丘连合,,,,,0,0,,,
commissure of fornix,,,穹窿连合,,,,,0,0,,,
commissure of inferior colliculus,,,下丘连合,,,,,0,0,,,
commissure of lips,,,"[医] 唇连合, 口角",,,,,0,0,,,
commissure of lips of mouth,,,口唇连合,,,,,0,0,,,
commissure of superior colliculus,,,上丘连合,,,,,0,0,,,
commissure of the cerebral hemispheres,,,[医] 大脑半球连合,,,,,0,0,,,
commissure of vestibular bulb,,,前庭球连合,,,,,0,0,,,
commissures,,plural of commissure\nn. a bundle of nerve fibers passing from one side to the other of the brain or spinal cord,"(commissure 的复数) n. 合缝处, 接索, 接合\n[医] 连合",,,,,0,0,0:commissure/1:s,,
commissuroplasties,,,[网络] 联合成形术,,,,,0,0,,,
commissuroplasty,,,口角成形术,,,,,0,0,,,
commissurorrhaphy,,,[医] 连合部缝术,,,,,0,0,,,
commissurotomies,",kɔmiʃə'rɔtəmi",,n. [外科] 连合部切开术,,,,,0,0,0:commissurotomy/1:s,,
commissurotomy,",kɔmiʃә'rɔtәmi",,n. 连合部切开术\n[医] 连合部切开术,,,,,0,0,s:commissurotomies,,
commisterone,,,蓝耳草甾酮,,,,,0,0,,,
commistion,,,[网络] 佣金,,,,,0,0,,,
commisural,,,连合,,,,,0,0,,,
commisural tracheal trunks,,,[昆] 接索气管干,,,,,0,0,,,
commisure,,,[网络] 接合处,,,,,0,0,,,
commit,kә'mit,v. cause to be admitted; of persons to an institution\nv. engage in or perform,"vt. 委托(托付), 犯罪, 指派...作战, 使承担义务\n[法] 犯, 做, 把...交托给",v:100,4,1,gk cet4 cet6 ky toefl ielts gre,1393,1394,d:committed/i:committing/p:committed/3:commits,,
commit ... to,,,un. 移交\n[网络] 把……投入；承诺；致力于,,,,,0,0,,,
commit ... to memory,,,na. 记住\n[网络] 牢记；熟记；记牢,,,,,0,0,,,
commit ... to paper,,,na. 写上\n[网络] 写下来,,,,,0,0,,,
commit ... to writing,,,na. 写上\n[网络] 写下来,,,,,0,0,,,
commit a breach of international practice,,,违反国际惯例,,,,,0,0,,,
commit a crime,,,犯罪,,,,,0,0,,,
commit a criminal offence,,,违反刑法,,,,,0,0,,,
commit a fault,,,"犯错误,发生过失",,,,,0,0,,,
commit a prisoner for trial,,,[法] 把犯人交付审判,,,,,0,0,,,
commit a prize boner,,,犯了极愚蠢的错误,,,,,0,0,,,
commit a robbery,,,抢劫,,,,,0,0,,,
commit a sin,,,犯罪,,,,,0,0,,,
commit a solecism,,,犯语法上的错误;失礼;失仪,,,,,0,0,,,
commit acts of violence,,,[法] 诉诸武力,,,,,0,0,,,
commit adultery,kəˈmit əˈdʌltəri:,, 通奸；有奸；偷人；偷汉子,,,,,0,0,,,
commit an error,,,"犯一个错误,出差错",,,,,0,0,,,
commit an indiscretion,,,生活不检点,,,,,0,0,,,
commit an offence,,,"[法] 作案, 犯罪",,,,,0,0,,,
commit an offence against,,,"违反,违背,侵犯,破坏",,,,,0,0,,,
commit an outrage,,,[法] 使用暴力,,,,,0,0,,,
commit arson,,,[法] 纵火,,,,,0,0,,,
commit bribery,,,[法] 行贿,,,,,0,0,,,
commit burglary,,,na. 夜间入室盗窃；犯夜盗罪,,,,,0,0,,,
commit charge,,,[网络] 提交；提交费；认可用量,,,,,0,0,,,
commit command,,,COMMIT命令,,,,,0,0,,,
commit crime,,, 犯罪; 干坏事,,,,,0,0,,,
commit crimes,,, [法]为非作歹,,,,,0,0,,,
commit cycle,,,提交周期,,,,,0,0,,,
commit cycle identifier,,,提交周期标识符,,,,,0,0,,,
commit for,,,"把…押送至, 送交…",,,,,0,0,,,
commit gun robbery,,,持枪抢劫,,,,,0,0,,,
commit hara-kiri,,,剖腹自杀,,,,,0,0,,,
commit manslaughter,,,"[法] 误杀, 过失杀人",,,,,0,0,,,
commit murder,,,[法] 谋杀,,,,,0,0,,,
Commit no nuisance,,,"禁止大小便,不许倒垃圾!",,,,,0,0,,,
Commit no nuisance.,,,[告示用语]；此处不准倒垃圾。；此处禁止小便。,,,,,0,0,,,
commit on,,,表明意见〔态度〕,,,,,0,0,,,
commit oneself,kəˈmit wʌnˈself,, [法]承担义务,,,,,0,0,,,
commit oneself on,,,对…表态,,,,,0,0,,,
commit oneself to,,,致力于,,,,,0,0,,,
commit perjury,,,[法] 犯伪证罪,,,,,0,0,,,
commit phase,,,承诺阶段,,,,,0,0,,,
commit physical assault,,,[法] 行凶,,,,,0,0,,,
commit physical murder,,,行凶,,,,,0,0,,,
commit point,,,提交操作点,,,,,0,0,,,
commit processing,,,承诺处理,,,,,0,0,,,
commit rape,,,犯强奸罪,,,,,0,0,,,
commit robbery,,,行劫,,,,,0,0,,,
commit sb to prison,,,"判处某人徒刑,把某人投入监狱",,,,,0,0,,,
commit size,,,确定大小,,,,,0,0,,,
commit someone to prison,,,把某人投入监牢；判处某人监禁,,,,,0,0,,,
commit something to memory,,,[网络] 暗记某事,,,,,0,0,,,
commit something to paper,,,把…写下(或记下)，记录下来，记载，见诸文字,,,,,0,0,,,
commit statement,,,"[计] 托付语句, 提交语句",,,,,0,0,,,
commit sth to memory,,,把某事记住,,,,,0,0,,,
commit sth to paper,,,把某事写下来,,,,,0,0,,,
commit sth to the flames,,,把某物烧掉,,,,,0,0,,,
commit sth to the memory,,,"记住,牢记",,,,,0,0,,,
commit sth. to flames,,,"v. 烧毁某物,将某物付之一炬",,,,,0,0,,,
commit sth. to memory,,,把某事记住,,,,,0,0,,,
commit sth. to paper,,,把某事记录下来,,,,,0,0,,,
commit sth. to the flame,,,烧掉某物,,,,,0,0,,,
commit sth. to the flames,,,烧毁某物,,,,,0,0,,,
commit suicide,,,[法] 自杀,,,,,0,0,,,
commit suicide to escape punishment,,,[法] 畏罪自杀,,,,,0,0,,,
commit to,kəˈmit tu:,, 把…送交， 托付给…; 对…作出承诺， 承担义务， 担负责任; 使（自己）致力于…; 把…固定在， 保留在…之上[之中],,,,,0,0,,,
commit to ... memory,,,na. 记住\n[网络] 牢记；熟记；记牢,,,,,0,0,,,
commit to memory,,,把(某)事记住,,,,,0,0,,,
commit to paper,,,把…写下来，记录下来；做出书面保证；把…写下(或记下)，记录下来，记载，见诸文字,,,,,0,0,,,
commit to papers,,,把…写下(或记下)；记录下来，记载,,,,,0,0,,,
commit to the earth,,,埋葬(或火葬、水葬)；埋葬，土葬,,,,,0,0,,,
commit to the flames,,,火葬；付之一炬，烧掉，投入火中；埋葬(或火葬、水葬),,,,,0,0,,,
commit to the grave,,,埋葬,,,,,0,0,,,
commit to the waves,,,埋葬(或火葬、水葬)；水葬,,,,,0,0,,,
commit to writing,,,"[法] 记载, 记入, 记录",,,,,0,0,,,
commit unit,,,提交单元,,,,,0,0,,,
commit violence towards,,,"对…採用暴力,粗暴对待,伤害…",,,,,0,0,,,
commit yourself,,,[网络] 自我承诺；专心投入；全心投入,,,,,0,0,,,
commit-tee,kə'mɪtɪ,,n. 委员会,,,,,0,0,s:commit-tees,,
commit-tees,,plural of commit-tee,(commit-tee 的复数) n. 委员会,,,,,0,0,0:commit-tee/1:s,,
commit...to...,,,将...提交，将...委托,,,,,0,0,,,
commital,,,[网络] 交押；交与,,,,,0,0,,,
commited,,,[网络] 承诺,,,,,0,0,,,
commitee,,,[网络] 历届理事；董事名册；世界遗产委员会大会,,,,,0,0,s:commitees,,
commitees,,,[网络] 历届理事；董事名册；世界遗产委员会大会\n(commitee 的复数),,,,,0,0,0:commitee/1:s,,
commitement,,,基于真心的投入,,,,,0,0,,,
commiting,,,[网络] 提交；正在提交；提交的事务,,,,,0,0,,,
commitment,kә'mitmәnt,n. the act of binding yourself (intellectually or emotionally) to a course of action\nn. an engagement by contract involving financial obligation\nn. a message that makes a pledge\nn. the official act of consigning a person to confinement (as in a prison or mental hospital),"n. 委托, 交押, 承担义务, 赞助\n[医] 院禁",n:100,2,1,gk cet4 cet6 toefl ielts,1355,1616,s:commitments,,
commitment and involvement,,,信托与介入,,,,,0,0,,,
commitment authority,,,承诺(授)权,,,,,0,0,,,
commitment available period,kəˈmɪtmənt əˈveiləbl ˈpiəriəd,, [法]贷款有效期,,,,,0,0,,,
commitment boundary,,,提交(操作)边界点,,,,,0,0,,,
commitment ceremonies,,,[网络] 同性婚姻,,,,,0,0,,,
commitment ceremony,,,[网络] 承诺仪式；许诺仪式,,,,,0,0,,,
commitment charge,,,义务承担费,,,,,0,0,,,
commitment charges,,,[经] 承诺费,,,,,0,0,,,
commitment concurrency and recovery (ccr),,,承诺同时及复原,,,,,0,0,,,
commitment control,,,提交(操作)控制,,,,,0,0,,,
commitment definition,,,提交的定义,,,,,0,0,,,
commitment fee,,,"[经] 承诺费, 承担费",,,,,0,0,,,
commitment in default of sufficient distress,,,[网络] 因无足够扣押物而被拘押；因扣押财物不足而被拘押,,,,,0,0,,,
commitment letter,,,[网络] 承诺函；承诺书；义务承担书,,,,,0,0,,,
commitment level,,,[网络] 承诺等级；承诺程度；承诺量,,,,,0,0,,,
commitment market,,,委託市场,,,,,0,0,,,
commitment of funds,,,资金承诺,,,,,0,0,,,
commitment period,kəˈmɪtmənt ˈpiəriəd,, [财]贷款有效期,,,,,0,0,,,
commitment planning,,,承诺计划法,,,,,0,0,,,
commitment position,,,执行点,,,,,0,0,,,
commitment set forth,kəˈmɪtmənt set fɔ:θ,, [法]规定的义务,,,,,0,0,,,
commitment time,,,约定时间\n承诺时限,,,,,0,0,,,
commitment to,,,[网络] 恪守承诺；许诺；致力于,,,,,0,0,,,
commitment to a doctrine,,,"信奉某一学说, 投入战斗",,,,,0,0,,,
commitment to excellence,,,[网络] 追求卓越；卓越承诺书；承诺卓越,,,,,0,0,,,
commitment unit,,,单位工作区间,,,,,0,0,,,
commitment value,,,"[经] 约定价值, 承担价值",,,,,0,0,,,
commitment window,,,【社会学】承诺时限调查(以了解职业雇员乐于为公司付出的总时间),,,,,0,0,,,
commitment-phobe,,,[网络] 承诺恐惧,,,,,0,0,,,
commitment-phobes,,,[网络] 委身恐惧症；承诺恐惧症,,,,,0,0,,,
commitment-phobia,,,[网络] 承诺困难症,,,,,0,0,,,
commitment-phobic,,,[网络] 承诺恐惧症,,,,,0,0,,,
commitment/trust theory,,,承诺／信任理论,,,,,0,0,,,
commitmentphobe,,,[网络] 承诺书,,,,,0,0,,,
commitmentphobes,,,[网络] 承诺研究,,,,,0,0,,,
commitmentphobia,,,[网络] 承诺困难症,,,,,0,0,,,
commitmentphobic,,,[网络] 敬意,,,,,0,0,,,
commitmentphobics,,,[网络] 约定性,,,,,0,0,,,
commitments,kə'mɪtmənts,n. the trait of sincere and steadfast fixity of purpose\nn. the act of binding yourself (intellectually or emotionally) to a course of action\nn. an engagement by contract involving financial obligation,n. 委托( commitment的复数形式 ); 任务; 承担的义务,,,,,0,0,0:commitment/1:s,,
Commitments of Traders,,,交易商持仓报告,,,,,0,0,,,
commitmentto,,,[网络] 恪守承诺；许诺；致力于,,,,,0,0,,,
commitology,,,[网络] 幽默学,,,,,0,0,,,
commits,kəˈmits,"v perform an act, usually with a negative connotation\nv give entirely to a specific person, activity, or cause\nv cause to be admitted; of persons to an institution\nv confer a trust upon\nv make an investment\nv engage in or perform",v. 保证（做某事、遵守协议或遵从安排等）( commit的第三人称单数 ); 把…托付给; 把…记（或写）下来; 承诺,,,,,0,0,0:commit/1:3,,
commits suicide,,,[网络] 自杀,,,,,0,0,,,
committ,kәˊmit,,v. 犯[罪] ;委呜;下牢;损坏,,,,,0,0,s:committs,,
committable,,a. Capable of being committed.,"a. 可以拘禁的, 可能犯的, 可以判处的",,,,,0,0,,,
committal,kә'mitәl,n the official act of consigning a person to confinement (as in a prison or mental hospital)\nn the act of committing a crime,"n. 委托, 交押, 承担义务, 犯罪\n[经] 评论",,,,,13351,0,s:committals,,
committal charge,,,"[法] 起诉罪名, 委托任务",,,,,0,0,,,
committal for contempt,,,[法] 因藐视罪拘押,,,,,0,0,,,
committal for trial,,,[法] 交付审判,,,,,0,0,,,
committal hearing,,,[网络] 聆讯；治安法院进行预审；认罪听证,,,,,0,0,,,
committal in civil proceedings,,,[法] 民事诉讼中的拘押,,,,,0,0,,,
committal order,,,[法] 拘押令,,,,,0,0,,,
committal proceedings,,,[网络] 初级侦讯；交付审判程序；拘押程序,,,,,0,0,,,
committal service,,,[网络] 下葬仪式,,,,,0,0,s:committal services,,
committal services,,,[网络] 下葬仪式\n(committal service 的复数),,,,,0,0,0:committal service/1:s,,
committal to memory,,,[网络] 承诺记忆,,,,,0,0,s:committals to memory,,
committal to writing,,,[网络] 承诺写作,,,,,0,0,s:committals to writing,,
committal warrant,,,[法] 拘押令证,,,,,0,0,,,
committally,,,[网络] 横行,,,,,0,0,,,
committals,,plural of committal\nn the official act of consigning a person to confinement (as in a prison or mental hospital)\nn the act of committing a crime,"(committal 的复数) n. 委托, 交押, 承担义务, 犯罪\n[经] 评论",,,,,0,0,0:committal/1:s,,
committals to memory,,,[网络] 承诺记忆\n(committal to memory 的复数),,,,,0,0,0:committal to memory/1:s,,
committals to writing,,,[网络] 承诺写作\n(committal to writing 的复数),,,,,0,0,0:committal to writing/1:s,,
committance,,,[网络] 承诺,,,,,0,0,,,
committar,,,[网络] 提交,,,,,0,0,,,
committe,,,[网络] 特定问题委员会；入底池,,,,,0,0,s:committes,,
committed,,"a. bound or obligated, as under a pledge to a particular cause, action, or attitude",a. 献身于某种事业的\n[计] 委托的,j:100,,,toefl gre,6359,6417,0:commit/1:dp/s:committeds,,
committed access rate,,,承诺的存取速率,,,,,0,0,,,
committed amount of foreign investment,,,协议外资金额,,,,,0,0,,,
committed assets,,,营业资产,,,,,0,0,,,
committed burst size,,,承诺突发量,,,,,0,0,,,
committed capacity cost,,,折旧费,,,,,0,0,,,
committed capital injection,,,[网络] 承诺注资,,,,,0,0,,,
committed cell,,,定向细胞,,,,,0,0,,,
committed copy counter,,,承诺复本计数器,,,,,0,0,,,
committed cost,kəˈmɪtɪd kɔst,, [财]已承担成本,,,,,0,0,,,
committed costs,,,[经] 约束成本,,,,,0,0,,,
committed crime,,,[网络] 犯罪,,,,,0,0,,,
committed dose equivalent,,,约定剂量当量,,,,,0,0,,,
committed effective dose,,,"待积有效剂量, 约定有效剂量",,,,,0,0,,,
committed effective dose equivalent,,,积有效剂量当量,,,,,0,0,,,
committed equivalent dose,,,"待积当量剂量, 约定等效剂量",,,,,0,0,,,
Committed Facility,,,[网络] 承诺借款金额,,,,,0,0,,,
committed finance,kəˈmɪtɪd faiˈnæns,, [财]财政投资,,,,,0,0,,,
committed fixed cost,,,拘束性固定成本,,,,,0,0,,,
committed fixed costs,,,[经] 固定承诺成本,,,,,0,0,,,
committed for trial,,, 交付审判,,,,,0,0,,,
committed hemopoietic stem cell,,,定向造血干细胞,,,,,0,0,,,
committed information rate,,,承诺信息速率,,,,,0,0,,,
committed orders,,,已承诺订单,,,,,0,0,,,
committed page counter,,,承诺页面计数器,,,,,0,0,,,
committed progenitor,kəˈmɪtɪd prəʊˈdʒenɪtə,, [医]定向祖细胞已分化、已定细胞系的干细胞，可形成相应血细胞集落。,,,,,0,0,,,
committed purchasing power,,,[经] 约束购买力,,,,,0,0,,,
committed relationship,,,固定伴侣关系\n稳定的关系,,,,,0,0,,,
committed stem cell,,,定向干细胞,,,,,0,0,,,
committed step,,,[化] 关键步骤; 关键反应,,,,,0,0,,,
committed suicide,,,[网络] 自杀死亡；自杀身亡；自杀致死,,,,,0,0,,,
committed to,,, 决心从事…,,,,,0,0,,,
committed to prison,,,[法] 被判入狱,,,,,0,0,,,
committed transaction,,,【计算机】委托事务，提交事务,,,,,0,0,,,
committed-choice nondeterminism,,,[计] 委托选择非决定性,,,,,0,0,,,
committedly,,,[网络] 坚定地,,,,,0,0,,,
committedness,,,[网络] 坚定,,,,,0,0,s:committednesses,,
committednesses,,,[网络] 坚定\n(committedness 的复数),,,,,0,0,0:committedness/1:s,,
committeds,,"plural of committed\na. bound or obligated, as under a pledge to a particular cause, action, or attitude",(committed 的复数) a. 献身于某种事业的\n[计] 委托的,,,,,0,0,0:committed/1:s,,
committee,kә'miti,n. a special group delegated to consider some matter\nn. a self-constituted organization to promote something,n. 委员会\n[经] 委员会,n:100,5,1,gk cet4 cet6 ky toefl ielts,450,1428,s:committees,,
Committee B.,,,[地名] 科米蒂湾 ( 加 ),,,,,0,0,,,
committee chairman,,, 委员会主席,,,,,0,0,,,
committee control,,,un. 委员会控制,,,,,0,0,,,
committee deed,,,(财产转让)委员会证明书,,,,,0,0,,,
committee for aboriginal education,,,原住民民族教育审议委员会,,,,,0,0,,,
committee for arts therapies in education,,,艺术治疗教育委员会,,,,,0,0,,,
committee for co-ordination of joint prospecting for mineral resources in asia offshore areas (ccop),,,亚洲近岸海域矿产资源联合勘探协调委员会[矿产联勘协委会],,,,,0,0,,,
Committee for Development Planning,,,n. 开发计划委员会,,,,,0,0,,,
committee for economic development,,,经济建设委员会,,,,,0,0,,,
committee for environmental conservation,,,[法] 环境保护委员会,,,,,0,0,,,
committee for handicapable dancers (chd),,,残障舞者委员会,,,,,0,0,,,
committee for industrial development,kəˈmiti fɔ: inˈdʌstriəl diˈveləpmənt,, [法]工业发展委员会,,,,,0,0,,,
committee for insane persons,,,疯子保护人,,,,,0,0,,,
committee for interministerial information,,,{法国}部长新闻委员会,,,,,0,0,,,
Committee for International Radio Maritime,,,国际海上无线电通信委员会,,,,,0,0,,,
Committee for Oceanic Exploration,,,[网络] 海洋开发委员会,,,,,0,0,,,
committee for people's mediation,,, [法]人民调解委员会,,,,,0,0,,,
committee for privileges,,,[法] 特权委员会,,,,,0,0,,,
Committee for Reciprocity Information,,,[网络] 互惠信息委员会,,,,,0,0,,,
Committee for State Security,,,[网络] 国家安全委员会,,,,,0,0,s:committees for state security,,
committee for the management of production,,,un. 生产管理委员会,,,,,0,0,,,
committee in accounting procedure,,,会计程序委员会,,,,,0,0,,,
committee machine,,,[自] 委员会表决机,,,,,0,0,,,
Committee Maritime International,,,[网络] 国际海事委员会,,,,,0,0,,,
committee meeting,,,委员会会议\n指导委员会,,,,,0,0,s:committee meetings,,
committee meetings,,,委员会会议\n指导委员会,,,,,0,0,0:committee meeting/1:s,,
committee member,kəˈmiti ˈmembə,, 委员,,,,,0,0,s:committee members,,
committee members,,,委员,,,,,0,0,0:committee member/1:s,,
committee nomination method,,,un. 委员会提名法,,,,,0,0,,,
committee of account,,,决算委员会,,,,,0,0,,,
Committee of American Steamship Lines,,,美国蒸汽船运输系统管理委员会,,,,,0,0,,,
committee of arrangements of exchange,,,[经] 交易分配委员会,,,,,0,0,,,
Committee of Communication Member Countries,,,[网络] 通信成员国委员会,,,,,0,0,,,
Committee of Communication Mumber Countries,,,[网络] 通信成员国委员会,,,,,0,0,,,
committee of discipline investigation,,,[法] 纪律检查委员会,,,,,0,0,,,
committee of drug evaluation,,,药品审评委员会,,,,,0,0,,,
committee of estimation,,,[法] 概算委员会,,,,,0,0,,,
Committee of European Economic Cooperation,,,欧洲经济合作委员会,,,,,0,0,,,
committee of examination,,,{英国}出版检查委员会,,,,,0,0,,,
committee of experts,,,专家委员会,,,,,0,0,,,
committee of experts on patents,,,[专利] 专利事务专家委员会,,,,,0,0,,,
committee of foreign affairs,,,[法] 外交委员会,,,,,0,0,,,
committee of inspection,,,[经] 检查委员会,,,,,0,0,,,
committee of lloyd's,,,劳依兹委员会,,,,,0,0,,,
committee of pharmacopoeia,,,药典委员会,,,,,0,0,,,
committee of printing,,,{英国}出版委员会,,,,,0,0,,,
committee of property assessment,,,财产估算委员会,,,,,0,0,,,
committee of propery assessment,,,[法] 财产估算委员会,,,,,0,0,,,
Committee of Public Accounts,,,[网络] 共帐户委员会；政府公共帐目委员会；公共帐户委员会,,,,,0,0,,,
Committee of Public Safety,,,[网络] 公安委员会；公共安全委员会；国家安全委员会,,,,,0,0,,,
committee of Safety of Nuclear Powered Ship,,,核动力船舶安全委员会,,,,,0,0,,,
committee of sales organization,,,[经] 销售组织委员会,,,,,0,0,,,
committee of school curriculum development,,,学校课程发展委员会,,,,,0,0,,,
committee of selection,,,[网络] 遴选委员会；选拔委员会；提名委员会,,,,,0,0,,,
Committee of Ship Auction,,,[网络] 拍卖船舶委员会,,,,,0,0,,,
committee of statistical experts,,,[经] 统计专家委员会,,,,,0,0,,,
committee of supervision,,,监督委员会,,,,,0,0,,,
Committee of Supply,,,概算委员会,,,,,0,0,,,
committee of tax statutes research,,,[经] 税法研究委员会,,,,,0,0,,,
committee of teacher grievances,,,教师申诉评议委员会,,,,,0,0,,,
committee of ten,,,十人委员会(美国),,,,,0,0,,,
Committee of the whole,,,n. 全体委员会,,,,,0,0,,,
Committee of the whole House,,,全院委员会阶段,,,,,0,0,,,
Committee of Twenty,,,n. 二十国委员会,,,,,0,0,,,
committee of vice-chancellors and principals (cvcp),,,大学校长委员会,,,,,0,0,,,
committee of ways and means,,,"[法] 财政委员会, 岁入委员会",,,,,0,0,,,
committee on accounting procedure,,,[经] 会计程序(手续)委员会,,,,,0,0,,,
committee on accounting procedure of aicpa,,,un. 美国会计协会的会计程序委员会,,,,,0,0,,,
committee on advanced television service,,,{美国}先进电视服务委员会,,,,,0,0,,,
Committee on Appropriations,,,[网络] 参议院拨款委员会,,,,,0,0,,,
committee on auditing procedure,,,[经] 审计程序委员会,,,,,0,0,,,
committee on bnaking and currency,,,[经] 银行和货币委员会,,,,,0,0,,,
committee on Carriage of Dangerous Goods,,,[网络] 危险货物运输委员会,,,,,0,0,,,
Committee on Climatic Changes and Ocean,,,[网络] 气候变化与海洋委员会,,,,,0,0,,,
committee on combating anti-spam,,,防制垃圾邮件委员会,,,,,0,0,,,
committee on computer nomenclature,,,计算机术语委员会,,,,,0,0,,,
Committee on Cost Concepts and Standards,,,[经] 成本概念和标准委员会,,,,,0,0,,,
committee on credentials,,,权力审查委员会,,,,,0,0,,,
Committee on Disarmament,,,n. 裁军谈判委员会,,,,,0,0,,,
committee on excursions and tourism,,,参观旅行委员会,,,,,0,0,,,
committee on geosciece information,,,地球科学资料委员会,,,,,0,0,,,
Committee on Housing,,,n. 住宅建筑企划委员会,,,,,0,0,,,
Committee on Institutional CooperationNetwork,,,[计] 院校合作网络委员会,,,,,0,0,,,
committee on interest and dividends,,,利率和股息委员会,,,,,0,0,,,
committee on internal auditing,,,[经] 内部审计委员会,,,,,0,0,,,
Committee on International Ocean Affairs,,,国际海事委员会,,,,,0,0,,,
Committee on International Ocean Attairs,,,[网络] 国际海洋事务委员会,,,,,0,0,,,
Committee on Invisible Exports,,,[网络] 无形出口委员会,,,,,0,0,,,
Committee on Marine Technology,,,海洋技术委员会,,,,,0,0,,,
committee on medical appraisal of labor fitness,,,医务劳动鉴定委员会,,,,,0,0,,,
committee on printed advertising rating methods,,,印刷广告评点委员会,,,,,0,0,,,
Committee on Public Accounts,,,审计委员会,,,,,0,0,,,
committee on public information,,,{美国}公共资讯委员会,,,,,0,0,,,
committee on radiological hazards,,,放射危害委员会﹝美国﹞,,,,,0,0,,,
Committee on Real Estate Investment Trusts,,,[网络] 房地产投资信托基金委员会,,,,,0,0,,,
committee on regional trade agreements,,,区域贸易协定委员会,,,,,0,0,,,
committee on research in dance,,,舞蹈研究委员会,,,,,0,0,,,
Committee on Rules of Origin,,,[网络] 原产地规则委员会；远地产规则委员会,,,,,0,0,,,
committee on science and astronautics,,,科学与太空委员会,,,,,0,0,,,
committee on scientific information,,,科学情报委员会,,,,,0,0,,,
committee on Technical Cooperation,,,[网络] 技术合作委员会,,,,,0,0,,,
committee on the corn trade,,,谷物交易委员会,,,,,0,0,,,
Committee on the Peaceful Uses of Outer Space,,,[网络] 和平利用外层空间委员会；外层空间和平利用委员会,,,,,0,0,,,
committee on the peaceful uses of radioisotope,,,放射性同位素和平用途委员会,,,,,0,0,,,
Committee on the peaceful Uses of the Seabed and the Ocean Floor beyond the Limits of National Jurisdiction,,,n. 公海海底海床和平利用特别委员会,,,,,0,0,,,
committee on trade cooperation,,,[贸易] 贸易合作委员会,,,,,0,0,,,
committee on uniform state laws,,,[法] 州法律委员会,,,,,0,0,,,
Committee on Unit Trusts,,,[网络] 单位信托委员会,,,,,0,0,,,
committee on ways and means,,,[经] (美国)赋税委员会,,,,,0,0,,,
committee organization,,,委员会组织,,,,,0,0,,,
committee principle,,,un. 委员会原则,,,,,0,0,,,
Committee Report,,,委员会报告,,,,,0,0,,,
committee responsible for identification and placement of gifted and disabled students,,,特殊教育学生鑑定及就学辅导委员会,,,,,0,0,,,
committee room,,,委员会会议室,,,,,0,0,,,
committee stage,kəˈmiti steidʒ,,n. 英国上、下院委员会审查议案二读与三读之间的阶段,,,,,0,0,,,
committee system,,,[经] 委员会制度,,,,,0,0,,,
committee voting experiments,,,委员投票实验,,,,,0,0,,,
committee-man,kə'mitimən,,n. 委员,,,,,0,0,s:committee-men,,
committee-member,,,委员,,,,,0,0,s:committee-members,,
committee-members,,,un. 委员会成员\n[网络] 委员会委员；理事；执行委员,,,,,0,0,0:committee-member/1:s,,
committee-men,kə'mitimən,,n. 委员,,,,,0,0,0:committee-man/1:s,,
committee-room,,,会议室,,,,,0,0,s:committee-rooms,,
committee-rooms,,plural of committee-room,(committee-room 的复数) 会议室,,,,,0,0,0:committee-room/1:s,,
committeecommission,,,[网络] 委员会,,,,,0,0,,,
committeeing,kə'mɪtɪ,,committee\n[kə'miti]\nn.\n委员会\n(为促进共同目标的实现而自发组织起来的)促进会\n[古语]受托人；监护人\n短语:\nselect(或special)committee\n(议会为对某项议案或问题进行调整研究而设的)特别委员会\nshop committee\n(厂矿中代表劳方同资方谈判的)劳方委员会\nstanding committee\n常务委员会\nworks committee\n劳资协议会,,,,,0,0,,,
committeeman,kә'mitimәn,n. a man who is a member of committee,n. 委员,n:100,,,,0,34616,s:committeemen,,
committeemen,,plural of committeeman\nn. a man who is a member of committee,(committeeman 的复数) n. 委员,,,,,0,0,0:committeeman/1:s,,
committeepeople,,,[网络] 委托人,,,,,0,0,,,
committeeperson,,,[网络] 党委员,,,,,0,0,,,
committeepersons,,,[网络] 党代表,,,,,0,0,,,
committees,,n a special group delegated to consider some matter\nn a self-constituted organization to promote something,n. 委员会；街道办事处,,,,,0,0,0:committee/1:s,,
committees for state security,,,[网络] 国家安全委员会\n(committee for state security 的复数),,,,,0,0,0:committee for state security/1:s,,
committeeship,,,[网络] 委任状,,,,,0,0,,,
committeewoman,"kә'miti,wjmәn",n a woman who is a member of a committee,n. 女委员,,,,,0,0,s:committeewomen,,
committeewomen,,,na. 女委员,,,,,0,0,0:committeewoman/1:s,,
committent,,,[网络] 承诺,,,,,0,0,,,
committer,,n. One who commits; one who does or perpetrates.\nn. A fornicator.,n. commit的变形,,,,,0,0,,,
committers,,,[网络] 提交者,,,,,0,0,,,
committes,,,[网络] 特定问题委员会；入底池\n(committe 的复数),,,,,0,0,0:committe/1:s,,
committest,kə'mɪt,,vt. 把…托付给；托，委托；委任：；付诸；藏于：\nvi. [美国英语]保证，做出承诺：,,,,,0,0,,,
committeth,,,[网络] 承诺,,,,,0,0,,,
committible,,,[网络] 可以承认,,,,,0,0,,,
committie,,,[网络] 承诺,,,,,0,0,,,
committing,,"v perform an act, usually with a negative connotation\nv give entirely to a specific person, activity, or cause\nv cause to be admitted; of persons to an institution\nv confer a trust upon\nv make an investment\nv engage in or perform",v. 犯（错误）；提交；答应负责（commit的ing形式）,,,,,0,0,0:commit/1:i/s:committings,,
committing magistrate,,,[网络] 负责交付审判程序的裁判官,,,,,0,0,,,
committing suicide,,,[网络] 自杀,,,,,0,0,,,
committings,kə'mɪt,,v. 犯（错误）；[计] 提交；答应负责（commit的ing形式）,,,,,0,0,0:committing/1:s,,
committment,,,[网络] 信奉；对生活的投入；自由承诺,,,,,0,0,s:committments,,
committments,,,[网络] 我们的承诺,,,,,0,0,0:committment/1:s,,
committo,,,un. 移交\n[网络] 把……投入；承诺；致力于,,,,,0,0,s:committoes,,
committoes,,,un. 移交\n[网络] 把……投入；承诺；致力于\n(committo 的复数),,,,,0,0,0:committo/1:s,,
committology,",kɔmi'tɔlədʒi",,n. 委员会受权，授权委员会执行决策(委托成员国委员会执行欧洲委员会作出的决定),,,,,0,0,,,
committor,,,[网络] 承诺者,,,,,0,0,,,
committs,,,v. 犯[罪] ;委呜;下牢;损坏\n(committ 的复数),,,,,0,0,0:committ/1:s,,
commius,,,[网络] 康明乌斯；康米乌斯；援兵推举罗马的叛将康谬,,,,,0,0,s:commiuss,,
commiuss,,,[网络] 康明乌斯；康米乌斯；援兵推举罗马的叛将康谬\n(commius 的复数),,,,,0,0,0:commius/1:s,,
commix,kɒ'miks,v to bring or combine together or with something else,v. 混合,,,,,0,0,i:commixing/p:commixed/3:commixes/d:commixed,,
commixation,,,[网络] comm。。,,,,,0,0,,,
commixed,kɔˈmikst,imp. & p. p. of Commix,v. 混合( commix的过去式和过去分词 ),,,,,0,0,1:pd/0:commix,,
commixes,kɔˈmiksiz,v to bring or combine together or with something else,v. 混合( commix的第三人称单数 ),,,,,0,0,1:3/0:commix,,
commixing,kɔˈmiksɪŋ,p. pr. & vb. n. of Commix,v. 混合( commix的现在分词 ),,,,,0,0,1:i/0:commix,,
commixion,,,[网络] comm。。,,,,,0,0,,,
commixions,,,[网络] comm。。,,,,,0,0,,,
commixt,,,[网络] comm。,,,,,0,0,,,
commixta,,,[网络] 细长喙薹草,,,,,0,0,,,
commixtion,,,[网络] 混合,,,,,0,0,,,
commixtion and unidentifiable cargo,,,混杂不清货,,,,,0,0,,,
commixtions,,,[网络] 。。。,,,,,0,0,,,
commixture,kɒ'mikstʃә,n the act of mixing together,n. 混合,,,,,0,0,s:commixtures,,
commixtures,,,n. 混合；杂质\n[网络] 混杂货物；未形成共混合物；混票,,,,,0,0,0:commixture/1:s,,
commixtus,,,[网络] 混合黄耆,,,,,0,0,,,
commli,,,[网络] 通,,,,,0,0,,,
commliaceae,,,鸭跖草科,,,,,0,0,,,
commlink,,,[网络] 通讯,,,,,0,0,,,
commlinks,,,[网络] 互联网,,,,,0,0,,,
commlssura,,,连合,,,,,0,0,,,
commmence,,,v. 入手,,,,,0,0,,,
commmingle,,,"[建] 混合, 杂混",,,,,0,0,,,
commminuted fibre,,,[纺] 粉碎的纤维,,,,,0,0,,,
commmonality of interest,,,利益的共同性,,,,,0,0,,,
commmunities,,,[网络] 社会性\n(commmunity 的复数),,,,,0,0,0:commmunity/1:s,,
commmunity,,,[网络] 社会性,,,,,0,0,s:commmunities,,
commn,'kɒm,,n.委员会,,,,,0,0,,,
commn ratio,,,公比,,,,,0,0,,,
Commn.,,,abbr. (=commission),,,,,0,0,,,
commnad control program,,,[计] 命令控制程序,,,,,0,0,,,
commnopath reference wave,,,共光程参考波,,,,,0,0,,,
commnweal,,,"n. 公益, 公共福利",,,,,0,0,,,
commo,'kɒməʊ,,abbr. communications 通信,n:100,,,,0,46348,s:commoes,,
commocion,,,[网络] 恭喜,,,,,0,0,,,
commod-,,,方便,,,,,0,0,,,
commodate,,,[网络] 商品,,,,,0,0,,,
commodates,,,[网络] 商品,,,,,0,0,,,
commodation,,,[网络] 商品,,,,,0,0,,,
commodatum,,,[法] 寄托,,,,,0,0,,,
