Agcasar,,,阿卡萨,,,,,0,0,,,
AGCCS,,,[网络] 指挥控制系统；陆军全球指控系统；陆军全球指挥控制系统(Army Global Command-and-Control System),,,,,0,0,,,
agcenter,,,[网络] 中心,,,,,0,0,,,
agchylolaimic,,,钩颈的,,,,,0,0,,,
Agchylostoma,,,[医] 钩口[丝虫]属,,,,,0,0,,,
AGCL,,,abbr. Automatic Ground Controlled Landing 自动引导着陆,,,,,0,0,,,
agcn,,,[网络] 氰化银；居民委员会,,,,,0,0,,,
agco,,,[网络] 爱科；美国爱科集团；格科,,,,,0,0,,,
agcp,,,abbr. automatic gain calibration program 自动增益校准程序,,,,,0,0,,,
AGCT,,,abbr. 【心理学】Army General Classification Test 陆军一般分类测验,,,,,0,0,s:agcts,,
agcts,,,abbr. Armed Guard Center Training School 武装保卫中心训练学校,,,,,0,0,0:agct/1:s,,
agcy,,,abbr. agency 代理处; 行销处; 中介,,,,,0,0,,,
agcy.,,,n. 动作 机构,,,,,0,0,,,
AGD,,,abbr. 琼脂凝胶扩散（academy of general dentistry）,,,,,0,0,,,
agda,,,abbr. American Gasoline Dealers Association 美国汽油经销商联合会; American Gun Dealers Association 美国枪支经销商联合会,,,,,0,0,,,
agdam,,,[网络] 阿格达姆；亚格丹；卡拉巴克,,,,,0,0,s:agdams,,
agdam rayonu,,,亚格丹政区,,,,,0,0,,,
agdams,,,[网络] 阿格达姆；亚格丹；卡拉巴克\n(agdam 的复数),,,,,0,0,0:agdam/1:s,,
Agdara,,,亚格达拉,,,,,0,0,,,
agdas (agdash),,,亚格达斯,,,,,0,0,,,
agdas rayonu,,,亚格达斯政区,,,,,0,0,,,
AGDD,,,[=agar-gel double diffusion]琼脂-凝胶双扩散,,,,,0,0,,,
Agde,,,[地名] 阿格德 ( 法 ),,,,,0,0,s:agdes,,
"Agde, C.d'",,,[地名] 阿格德角 ( 法 ),,,,,0,0,,,
agdes,,,[地名] 阿格德 ( 法 )\n(agde 的复数),,,,,0,0,0:agde/1:s,,
Agdistis,,,[网络] 金羽蛾属；双性神阿格狄斯提斯；神阿格狄斯提斯,,,,,0,0,s:agdistiss,,
agdistiss,,,[网络] 金羽蛾属；双性神阿格狄斯提斯；神阿格狄斯提斯\n(agdistis 的复数),,,,,0,0,0:agdistis/1:s,,
agdistopis sinhala,,,东方单羽蛾,,,,,0,0,,,
AGDS,,,abbr. American Gauge Design Standard 美国量规设计标准,,,,,0,0,,,
AGDT,,,[=agar gel diffusion test]琼脂凝胶扩散试验,,,,,0,0,,,
Agdz,,,[地名] 阿格兹 ( 摩洛 ),,,,,0,0,,,
age,eidʒ,n. how long something has existed\nn. a time of life (usually defined in years) at which some particular qualification or power arises\nv. begin to seem older; get older\nv. make older,"n. 年龄, 老年, 成年, 寿命, 时代, 时期\nv. 变老, 成熟",v:7/n:93,5,1,zk gk toefl ielts,363,386,s:ages/d:aged/i:ageing/3:ages/p:aged,,
age - related macular degeneration,,,[网络] 年龄相关性黄斑变性；年龄相关性黄斑退化；年龄有关的黄斑部病变,,,,,0,0,,,
age -class method,,,龄级法,,,,,0,0,,,
age admitted,,,(保险人在人寿保险单上书写的用语)年龄已承认的,,,,,0,0,,,
age age,,,[网络] 年龄；时代；小佩,,,,,0,0,,,
age ago,,,一代人以前；多年以前,,,,,0,0,,,
age allowance,,,年龄折让，年龄税收减让，年龄减免额,,,,,0,0,,,
age analysis,,,年龄分析法,,,,,0,0,,,
age and area hypothesis,,,年代面积假说,,,,,0,0,,,
age and area theory,,,年代和区域理论,,,,,0,0,,,
age and fear,,,饱受惊恐的老年人,,,,,0,0,,,
age and intelligence,,,年龄与智力,,,,,0,0,,,
age and sex composition,,,年龄及性别组成,,,,,0,0,,,
age and sex structure,,,"年龄及性别结构, 年龄与性别结构",,,,,0,0,,,
Age and wedlock tames man and beast.,,,[谚语]年龄和婚姻，驯人也驯牲。,,,,,0,0,,,
age approximation,,,龄近似,,,,,0,0,,,
age area,,,【人类学】年龄区,,,,,0,0,,,
age as accords,,,办事合理，办事合宜,,,,,0,0,,,
age assessment,,,年龄鉴定,,,,,0,0,,,
age at death,,,死亡年限,,,,,0,0,,,
age at entry into employment,,,[法] 就业年龄,,,,,0,0,,,
age at failure,,,失效年限,,,,,0,0,,,
age at recruitment,,,补充年龄,,,,,0,0,,,
age at retirement,,,[法] 退休年龄,,,,,0,0,,,
age at sexual maturity,,,性成熟年龄,,,,,0,0,,,
age at weaning,,,"离乳龄, 离乳（日）龄",,,,,0,0,,,
age at withdrawal,,,[法] 退休年龄,,,,,0,0,,,
age based retirement policy,,,un. 以年龄为基本条件的退休政策,,,,,0,0,,,
age before beauty,,,[网络] 长者优先；长者先请；老人优先,,,,,0,0,,,
age benefit,,,老年福利金,,,,,0,0,,,
age bracket,eidʒ ˈbrækit,,"n. 年龄组, 两个年龄段之间的人",,,,,0,0,s:age brackets,,
age brackets,,,un. 某一年龄范围,,,,,0,0,0:age bracket/1:s,,
age category,eidʒ ˈkætiɡəri,, [体]年龄组别,,,,,0,0,,,
age change,,,(保险)年龄变更点,,,,,0,0,,,
age changes,,,老年变化,,,,,0,0,,,
age characteristic,,,年龄特征,,,,,0,0,,,
age characteristics,,,年龄特征,,,,,0,0,,,
age class,eidʒ klɑ:s,, 年龄级,,,,,0,0,s:age classes,,
age class method,,,龄级法,,,,,0,0,,,
age class period,,,[林] 龄级期,,,,,0,0,,,
age class structure,,,龄级结构,,,,,0,0,,,
age class table,,,[林] 龄级表,,,,,0,0,,,
age classes,,,＝ age group；【林学】龄级,,,,,0,0,0:age class/1:s,,
age classification,,,[网络] 年龄设置,,,,,0,0,,,
age coating,,,老化变黑层,,,,,0,0,,,
age coating of lamp,,,灯泡老化层,,,,,0,0,,,
age code,,,帐龄码,,,,,0,0,,,
age cohort,,,年龄世代,,,,,0,0,,,
age cohorts,,,年龄分组；同龄人,,,,,0,0,,,
age composition,,,年龄组成,,,,,0,0,,,
age composition of capital goods,,,[网络] 资本货物使用年限构成,,,,,0,0,,,
age compression,,,[网络] 年龄压缩,,,,,0,0,,,
age concern,,,[网络] 关注长者；关怀长者；关注寿命,,,,,0,0,,,
age control,,,历时管制,,,,,0,0,,,
age critique,,,"[医] 更年期, 经绝期",,,,,0,0,,,
age cycle,,,龄排列,,,,,0,0,,,
age dating,,,年龄测定,,,,,0,0,,,
age de retour,,,[医] 衰退年龄,,,,,0,0,,,
age dependency ratio,,,老年扶养比,,,,,0,0,,,
age dependent birth and death process,,,年龄相依生死过程,,,,,0,0,,,
age depreciation,,,[经] 按船(年)龄折旧,,,,,0,0,,,
age determination,,,年龄测定;年龄鉴别,,,,,0,0,,,
age deviation score,,,年龄离差分数,,,,,0,0,,,
age difference,eidʒ ˈdifərəns,, [医]年龄差异,,,,,0,0,,,
age differential hypothesis,,,年龄差异假说,,,,,0,0,,,
age differentiation,,,年龄分化,,,,,0,0,,,
age diffusion,,,[统计] 年龄扩散,,,,,0,0,,,
age diffusion equation,,,年龄扩散方程,,,,,0,0,,,
age discrimination,,,[法] 年龄歧视,,,,,0,0,,,
age discrimination in employment,,,就业年龄歧视,,,,,0,0,,,
Age Discrimination in Employment Act,,,就业年龄差异法；反就业年龄歧视法案,,,,,0,0,,,
age discrimination in employment act (adea),,,美国就业年龄歧视法,,,,,0,0,,,
age distribution,,,"[化] 年龄分布\n[经] 帐龄分类, 职工年龄分布",,,,,0,0,,,
age distribution function,,,年龄分布函数,,,,,0,0,,,
age distributions,,,【生态学】年龄分布[亦作age composition],,,,,0,0,,,
age domination,,,年龄优势,,,,,0,0,,,
age effect,,,年龄效应,,,,,0,0,,,
age embrittlement strain,,,"陈(化)脆(性)应变,老化脆性应变",,,,,0,0,,,
age equation,,,年龄方程,,,,,0,0,,,
age equivalent,,,年龄当量,,,,,0,0,,,
age factor,,,年龄因素,,,,,0,0,,,
age fast,,,(使)变老,,,,,0,0,,,
age feature,,,年龄特征,,,,,0,0,,,
age for making a valid will,,,[网络] 订立有效遗嘱的年龄,,,,,0,0,,,
age for marriage,,,[法] 适婚年龄,,,,,0,0,,,
age forming,,,时效成形,,,,,0,0,,,
age fraud,,,[网络] 虚报年龄,,,,,0,0,,,
age freckles,,,老年性雀斑,,,,,0,0,,,
age gap,,,[网络] 年龄差距；年龄间隔,,,,,0,0,,,
age gaps,,,年龄差距,,,,,0,0,,,
age gradation,,,龄阶,,,,,0,0,,,
age grade,,,【人类学】年龄级同龄人，同龄组[亦作age group],,,,,0,0,,,
age grade placement,,,年级安置，年龄安置,,,,,0,0,,,
age group,,,同年龄范围内的人,,1,,,0,0,s:age groups,,
"age group, age-group",,,【社会学】(社会人口中年龄相近的人形成的)年龄群，年龄组，年龄相仿的一群人，同一年龄的人们，同一年龄范围内的人们[亦作age bracket， age class],,,,,0,0,,,
age groups,,,n. 同龄人；同龄群；同龄组\n[网络] 年龄组；组别；年龄群体,,,,,0,0,0:age group/1:s,,
age harden,,,n. 退火硬化\nv. 陈化\n[网络] 时效硬化,,,,,0,0,,,
age hardenable,,,un. 可时效硬化的,,,,,0,0,,,
age hardened,,,un. 时效硬化的\n[网络] 固溶化退火,,,,,0,0,,,
age hardening,,,[化] 老化变硬; 时效硬化,,,,,0,0,,,
age hardening alloy,eidʒ ˈhɑ:dəniŋ ˈælɔi,, 时效硬化合金,,,,,0,0,,,
age hardening alloy steel,,,[网络] 时效硬化合金钢,,,,,0,0,,,
age hardening element,,,un. 时效硬化元素,,,,,0,0,,,
age hardening stainless steel,,,时效硬化不锈钢,,,,,0,0,,,
age hardening steel,eidʒ ˈhɑ:dəniŋ sti:l,,n. 时效硬化钢,,,,,0,0,,,
age hardness,,,阵硬,,,,,0,0,,,
age heaping,,,[网络] 年龄积算；年龄堆积,,,,,0,0,,,
age high mass consumption,,,un. 高度大量消费时代,,,,,0,0,,,
age immunity,,,年龄免疫(性),,,,,0,0,,,
age in days,,,日龄,,,,,0,0,,,
age incidence,,,[医] 年龄发生率,,,,,0,0,,,
age indication,,,年龄指数,,,,,0,0,,,
age inhibiting,eidʒ inˈhibitiŋ,, [医]防老化的,,,,,0,0,,,
age inhibiting additive,,,防老化添加剂,,,,,0,0,,,
age inhibitor,,,防老剂,,,,,0,0,,,
age involution,,,年老退缩,,,,,0,0,,,
age last birthday,eidʒ lɑ:st ˈbə:θdei,, [财]前次生日年龄法,,,,,0,0,,,
age life depreciation method,,,[网络] 按使用年限折旧法,,,,,0,0,,,
age life method,,,un. 按使用年限折旧法\n[网络] 寿命年限折旧法；寿命法,,,,,0,0,,,
age limit,eidʒ ˈlimit,," 工作年限, 退休年龄, 年龄限制",,,,,0,0,s:age limits,,
age limit for retirement,,,退休年限,,,,,0,0,,,
age limit of chart folios,,,[网络] 换海图年限,,,,,0,0,,,
age limit system,eidʒ ˈlimit ˈsistəm,, [财]到规定年龄自动退职制度,,,,,0,0,,,
age limits,,,un. 使用年限；年龄限制；极限使用寿命\n[网络] 参赛年龄限制；年龄的界限,,,,,0,0,0:age limit/1:s,,
age map,,,龄图,,,,,0,0,,,
age migration,,,年龄侵移,,,,,0,0,,,
age morphology,,,年龄形态学,,,,,0,0,,,
age norm,eidʒ nɔ:m,, 正常年龄标准,,,,,0,0,s:age norms,,
age norms,,, [体]年龄常模,,,,,0,0,0:age norm/1:s,,
age of a horse,,,马龄,,,,,0,0,,,
age of a tide,,,潮龄,,,,,0,0,,,
age of air mass,,,[网络] 气团存在期,,,,,0,0,,,
Age of Amphibians,,,【地质学】两栖动物时代,,,,,0,0,,,
Age of Aquarius,,,[网络] 水瓶座时代；宝瓶座时代；宝瓶座年代,,,,,0,0,,,
age of bacterial culture,,,细菌培养时龄,,,,,0,0,,,
age of barbarism,,,蒙昧时代;野蛮时代,,,,,0,0,,,
age of blood stain,,,[法] 血痕陈旧度,,,,,0,0,,,
age of catalyst,,,[化] 催化剂寿命,,,,,0,0,,,
age of cathodes,,,阴极工作时间,,,,,0,0,,,
age of chivalry,,,骑士制度时代；武侠时代,,,,,0,0,,,
age of concrete,,,混凝土龄期,,,,,0,0,,,
age of consent,,,"合法年龄；承诺年龄（指可以结婚或进行性行为, 而不触犯法律的最低年龄）",,1,,,0,0,s:ages of consent,,
Age of Copper,,,青铜时代,,,,,0,0,,,
age of criminal responsibility,,,[法] 刑事责任年龄,,,,,0,0,,,
age of cycads,,,"苏铁时代〔J〕, 苏铁时代",,,,,0,0,,,
age of decline,,,衰朽阶段,,,,,0,0,,,
age of digital media,,,数字媒体时代,,,,,0,0,,,
age of discretion,,,[法] 责任能力年龄,,,,,0,0,,,
age of diurnal inequality,,,日潮不等潮龄,,,,,0,0,,,
age of diurnal tide,,,日潮不等潮龄,,,,,0,0,,,
age of earth,,,[地物] 地球年龄,,,,,0,0,,,
age of earth crust,,,地壳年代,,,,,0,0,,,
age of election,,,【法律】解事年龄；未成年的可以自选保护人的年龄,,,,,0,0,,,
age of electricity,,,电力时代,,,,,0,0,,,
age of element,,,元素年龄,,,,,0,0,,,
Age of Empires,,,n. 帝国时代（一款网络游戏）,,,,,0,0,,,
age of enlightenment,,,启蒙时代,,,,,0,0,,,
age of entry into employment,,,就业年龄,,,,,0,0,,,
Age of Exploration,,,[网络] 探索时代；大航海时代；探索的年龄,,,,,0,0,,,
age of ferns,,,蕨类时代,,,,,0,0,,,
Age of Fishes,,,鱼类时代,,,,,0,0,s:ages of fishes,,
age of forest,,,林期；林龄,,,,,0,0,,,
age of gymnosperms,,,裸子植物时代,,,,,0,0,,,
age of hardening,,,龄期,,,,,0,0,,,
age of high mass consumption,,,[网络] 高额群众消费时代,,,,,0,0,,,
age of high mass-consumption,,,[经] 高水准大量消费时代,,,,,0,0,,,
age of information,,,[网络] 信息时代；资讯时代；资讯爆炸的年代,,,,,0,0,,,
age of isochron,,,等时线年龄，等年线年龄,,,,,0,0,,,
age of lake,eidʒ ɔv leik,, 湖龄,,,,,0,0,,,
age of landscape,eidʒ ɔv ˈlændskeip,, 景观年齿令,,,,,0,0,,,
"age of limits, the",,,限量时代[亦作the era of limits],,,,,0,0,,,
age of lowered sealevel,,, 低海面时期,,,,,0,0,,,
age of majority,,,"[法] 成年, 法定成年人年龄",,,,,0,0,,,
Age of Mammals,,,哺乳动物时代,,,,,0,0,s:ages of mammals,,
Age of Man,,,第四纪；人类时代,,,,,0,0,s:ages of man,,
age of menarche,,,初潮年龄,,,,,0,0,,,
age of mine,,,矿山可采期,,,,,0,0,,,
age of moon,,,[网络] 月龄,,,,,0,0,,,
age of nodule,,,根瘤的日令,,,,,0,0,,,
age of onset,,,（疾病）初发年龄,,,,,0,0,,,
age of parallax inequality,,,视差不等的潮龄,,,,,0,0,,,
age of parallax tide,,,视差潮龄,,,,,0,0,,,
age of phase inequality,,,月相不等潮龄,,,,,0,0,,,
age of puberty,,,性成熟;性成熟期,,,,,0,0,,,
age of ratio,,,母子同位素比率,,,,,0,0,,,
Age of Reason,,,理性时代,,,,,0,0,s:ages of reason,,
"Age of Reason, the",,,(尤指17～18世纪末欧洲启蒙主义哲学盛行、以理性和常识占优势为特征的)理性时代,,,,,0,0,,,
age of receivables,,,[经] 应收帐款帐龄,,,,,0,0,,,
age of relief,eidʒ ɔv riˈli:f,, 地形年龄,,,,,0,0,,,
age of remanence,,,剩磁年龄,,,,,0,0,,,
Age of Reptiles,,,爬行动物时代,,,,,0,0,s:ages of reptiles,,
age of responsibility,,,[法] 责任年龄,,,,,0,0,,,
age of retirement,,,退休年龄,,,,,0,0,,,
age of sea water,,,海水年龄,,,,,0,0,,,
age of sediment,,,沉积物年龄,,,,,0,0,,,
age of seediling,,,苗龄,,,,,0,0,,,
age of ship,,,船龄,,,,,0,0,,,
age of sludge,,,泥变陈,,,,,0,0,,,
age of stand,,,林龄,,,,,0,0,,,
age of stream,,,溪龄；溪年,,,,,0,0,,,
age of suckling,,,"襁褓时期,哺乳期",,,,,0,0,,,
age of the earth,,,【天文学】地球龄,,,,,0,0,,,
age of the Galaxy,,,[天] 银河系年龄,,,,,0,0,,,
age of the moon,,,【天文学】月龄,,,,,0,0,,,
age of the root,,,根令,,,,,0,0,,,
age of the tide,,,涨潮的时间,,,,,0,0,,,
age of the universe,,,[天] 宇宙年龄,,,,,0,0,,,
age of tide,,,潮龄,,,,,0,0,,,
age of tree,,,树龄,,,,,0,0,,,
age of universe,,,宇宙年龄,,,,,0,0,,,
age of vessel,,,[法] 船龄,,,,,0,0,,,
age of viability,,,最小可存活週数,,,,,0,0,,,
age of waste,,,物的年龄,,,,,0,0,,,
age of water,,,海水年龄,,,,,0,0,,,
age old,,,adj. 年代久远的\n[网络] 天生的；指年龄；之久,,,,,0,0,,,
age out,,,[网络] 超龄；超龄问题；老化,,,,,0,0,,,
age pattern,,,un. 年龄模式；年龄构成,,,,,0,0,,,
age peaking factor,,,龄峰值因子,,,,,0,0,,,
age peers,,,= age cohorts,,,,,0,0,,,
age pension,,,n. 养老金,,,,,0,0,,,
age pensions,,,养老金\n退休金,,,,,0,0,,,
age period,,,到龄期\n年龄期,,,,,0,0,,,
age pigment,,,老年斑,,,,,0,0,,,
age play,,,[网络] 年龄游戏；年纪角色扮演,,,,,0,0,,,
age polyethism,,,年龄分工,,,,,0,0,,,
age premium,,,[网络] 船龄保险费,,,,,0,0,,,
age profile,,,年龄分布曲线，年龄剖面图,,,,,0,0,,,
age psychology,,,[心理] 年龄心理学,,,,,0,0,,,
age pyramid,,,年龄锥体,,,,,0,0,,,
age pyromids,,,[昆] 年龄椎体,,,,,0,0,,,
age qualifying for an old age pension,,, [财]有资格领取养老金的年龄,,,,,0,0,,,
age range,,,[统计] 年龄间隔,,,,,0,0,,,
age rating,,,[网络] 年龄评等,,,,,0,0,,,
age ratings,,,[网络] 年龄评级,,,,,0,0,,,
age ratio,,,【地质学】年龄比,,,,,0,0,,,
age regression,eidʒ riˈɡreʃən,, 返童记忆; 返童现象,,,,,0,0,,,
age replacement policy,,,按年龄更换策略,,,,,0,0,,,
age resistance,,,耐老化性,,,,,0,0,,,
age resister,,,[化] 防老剂,,,,,0,0,,,
age resistor,,,防老剂,,,,,0,0,,,
age sampling,,,时效抽样检验法,,,,,0,0,,,
age scale,,,年龄量表,,,,,0,0,,,
age segregation and peer culture,,,分龄隔离与同侪文化,,,,,0,0,,,
age set,,,年龄群,,,,,0,0,,,
age sex composition,,,[网络] 年龄性别组成；年龄性别构成,,,,,0,0,,,
age sex pattern,,,[网络] 年龄性别构成,,,,,0,0,,,
age softening,,,时效软化,,,,,0,0,,,
age specific birth rate,,,un. 年龄出生率\n[网络] 分年龄的出生率；特定年龄组出生率,,,,,0,0,,,
age specific death rate,eidʒ spiˈsifik deθ reit,, [医]年龄别死亡率,,,,,0,0,,,
age specific divorce rate,,,[网络] 分年龄离婚率,,,,,0,0,,,
age specific fecundity,,,龄别繁殖力,,,,,0,0,,,
age specific fertility,,,龄别受精力,,,,,0,0,,,
age specific life table,,,龄别生命表,,,,,0,0,,,
age specific marriage rate,,,[网络] 年龄别结婚率；分年龄结婚率；结婚年龄,,,,,0,0,,,
age specific mortality,,,[网络] 龄别死亡率,,,,,0,0,,,
age specific nuptialty,,,[网络] 分年龄结婚率,,,,,0,0,,,
age specific survival rate,,,龄别存活率,,,,,0,0,,,
age spectrum,,,年龄谱,,,,,0,0,,,
age spot,,,[网络] 老人斑；老年斑；美白淡斑,,,,,0,0,,,
age spots,,, 老年斑（age spot的复数）,,,,,0,0,,,
age standardized rate,,,[网络] 年龄标化率,,,,,0,0,,,
age statistics,,,[网络] 年龄统计,,,,,0,0,,,
age strength relation,,,强度期龄关系,,,,,0,0,,,
age structure,,,年龄构成,,,,,0,0,,,
age structure in science,,,科学的年龄结构,,,,,0,0,,,
age structure model,,,[网络] 年龄结构模型,,,,,0,0,,,
age structure of population,,,人口的年龄结构,,,,,0,0,,,
age subculture,,,年龄次文化,,,,,0,0,,,
age subculture theory,,,年龄次文化理论,,,,,0,0,,,
age test,,,老化试验,,,,,0,0,,,
age tester,,,老化试验机,,,,,0,0,,,
age theory,,,(年)龄理论,,,,,0,0,,,
age thickening,,,贮存期稠化(甜炼乳在存放期的老化变稠),,,,,0,0,,,
age to absorption,,,到被吸收为止的中子龄,,,,,0,0,,,
age to indium resonance,,,慢化到铟共振能量的中子龄,,,,,0,0,,,
age to thermal,,,慢化到热中子能的中子龄,,,,,0,0,,,
age transformer,,,自耦复绕式电流互感器,,,,,0,0,,,
age variability scale,,,年龄差异量表,,,,,0,0,,,
age variation,,,年龄变异,,,,,0,0,,,
age verification service,,,年龄验证服务,,,,,0,0,,,
age(ing) hardening,,,[化] 时效硬化,,,,,0,0,,,
age-,eɪdʒ,,n. 年龄；年龄段；时期；老年\nv. 变老；使显老；使变老；使苍老\n[网络] 时代；年纪；寿命,,,,,0,0,s:sasgses-s,,
age- earnings profile,,,年龄－薪资剖面,,,,,0,0,,,
age--inhiting,,,老化,,,,,0,0,,,
age-adjusted,,,按龄期调整\n年龄标化,j:100,,,,0,0,s:age-adjusteds,,
age-adjusted death rate,,,标准年龄死亡率,,,,,0,0,,,
age-adjusted rate,,,年龄调整率,,,,,0,0,,,
age-adjusteds,,,按龄期调整\n年龄标化\n(age-adjusted 的复数),,,,,0,0,0:age-adjusted/1:s,,
age-appropriate,,,适龄的,j:100,,,,0,0,,,
age-area hypothesis,,,【人类学】年代与区域假设,,,,,0,0,,,
age-associated,,,[网络] 年龄相关,j:100,,,,0,0,,,
age-associated memory impairment,,,[网络] 记忆损害,,,,,0,0,,,
age-at-entry,,,[网络] 加入年龄,,,,,0,0,,,
age-barred,,,[网络] 年龄限制,,,,,0,0,,,
age-based,,,[网络] 以年龄为条件；以年龄为基础；基于年龄,j:100,,,,0,0,s:age-baseds,,
age-based maintenance,,,定时维护,,,,,0,0,,,
age-baseds,,,[网络] 以年龄为条件；以年龄为基础；基于年龄\n(age-based 的复数),,,,,0,0,0:age-based/1:s,,
age-blackened,,,[网络] 年龄黑了,,,,,0,0,,,
age-bracket,,,n. 某一年龄范围,,,,,0,0,,,
age-bsa,,,[网络] 糖基化牛血清白蛋白；糖基化终产物；糖化白蛋白,,,,,0,0,,,
age-by-age,,,[网络] 应该是各个年龄段的意思吧,,,,,0,0,,,
age-categories,,,[网络] 年龄类别,,,,,0,0,,,
age-class distribution,,,龄级分布,,,,,0,0,,,
age-class period,,,龄级期,,,,,0,0,,,
age-class space,,,林龄空间,,,,,0,0,,,
age-class table,,,龄级表,,,,,0,0,,,
age-class vector,,,林龄向量,,,,,0,0,,,
age-class-transition probability,,,林龄转移概率,,,,,0,0,,,
age-conversion factor,,,年龄换算系数,,,,,0,0,,,
age-corrected basis,,,年龄校正基准,,,,,0,0,,,
age-crime,,,[网络] 年龄犯罪,,,,,0,0,,,
age-darkened,,,[网络] 年龄变暗,,,,,0,0,,,
age-date,'eidʒdeit,,"vt., vi. (用科学手段)测定(岩石、地质材料、文物等)的年代\nn. (经科学测定的)文物(或岩石等标本)的年代",,,,,0,0,,,
age-dated,,,"vt., vi. age-date的变形",,,,,0,0,,,
age-dating,,,"vt., vi. age-date的变形",,,,,0,0,,,
age-defying,,,抗衰老的,j:100,,,,0,0,,,
age-dependent,'eɪdʒdɪp'endənt,, [医]依赖年龄的,j:100,,,,0,0,,,
age-dependent birth and death process,,,年龄相依生死过程,,,,,0,0,,,
age-dependent branching process,,,年龄相依分支过程,,,,,0,0,,,
age-deposition,,,时效沉积,,,,,0,0,,,
age-diameter,,,[网络] 年龄 - 直径,,,,,0,0,,,
age-difference,,,年龄差异,,,,,0,0,s:age-differences,,
age-differences,,,[网络] 年龄差异；年龄的差别,,,,,0,0,0:age-difference/1:s,,
age-diffusion approximation,,,龄扩散近似,,,,,0,0,,,
age-diffusion equation,,,年积扩散方程式,,,,,0,0,,,
age-diffusion model,,,年积扩散模型,,,,,0,0,,,
age-diffusion theory,,,[统计] 年龄扩散理论,,,,,0,0,,,
age-discrepant,,,[网络] 年龄差异,,,,,0,0,,,
age-discrimination,,,年龄歧视,j:100,,,,0,0,,,
age-distribution,,,帐龄分类,,,,,0,0,,,
age-education-earnings profiles,,,年龄－教育－薪资剖面,,,,,0,0,,,
age-eligible,,,[网络] 年龄合格,,,,,0,0,,,
age-equation,'eɪdʒɪkw'eɪʃn,,n. 陈化方程,,,,,0,0,,,
age-equivalent,,,un. 〔心〕年龄当量\n[网络] 年龄同等物；年龄相当的；年龄当量分数,,,,,0,0,,,
age-fighting,,,[网络] 年龄斗争,,,,,0,0,,,
age-gap,,,年龄差距,,,,,0,0,s:age-gaps,,
age-gaps,,,年龄差距\n(age-gap 的复数),,,,,0,0,0:age-gap/1:s,,
Age-gradation,,,龄阶,,,,,0,0,,,
age-grade,,,n. 同年龄的人,j:100,,,,0,0,,,
age-grade table,,,年龄学级表,,,,,0,0,,,
age-grade-progress,,,年龄-年级-进度,,,,,0,0,,,
age-graded,,,[网络] 年龄分级的；年龄等级计算器；年龄区隔,,,,,0,0,,,
age-grades,,,n. 同年龄的人,,,,,0,0,,,
age-group,'eɪdʒɡr'u:p,, 同龄组; 同一年龄; 分龄,j:100,,,,0,0,s:age-groups,,
age-grouping,,,按龄分群,,,,,0,0,,,
age-groups,,plural of age-group,(age-group 的复数)  同龄组; 同一年龄; 分龄,,,,,0,0,0:age-group/1:s,,
age-growth,,,年龄生长,,,,,0,0,,,
age-hardened,,,经久硬化,,,,,0,0,,,
age-hardening,,,时效硬化,,,,,0,0,,,
age-inappropriate,,,[网络] 年龄不适当,,,,,0,0,,,
age-incidence,,,un. 年龄发病率\n[网络] 发生年龄；年龄发生率,,,,,0,0,s:age-incidences,,
age-incidences,,,un. 年龄发病率\n[网络] 发生年龄；年龄发生率\n(age-incidence 的复数),,,,,0,0,0:age-incidence/1:s,,
age-inhibiting,,,防老化的,,,,,0,0,,,
age-inhibiting addition,,,[机] 防老化添加剂,,,,,0,0,,,
age-inhibiting additive,,,防老化添加剂,,,,,0,0,,,
age-length,,,[网络] 年龄长度,,,,,0,0,,,
age-length key,,,年龄体长换算表,,,,,0,0,,,
age-level,,,[网络] 年龄段；年龄层,,,,,0,0,,,
Age-life method,,,按使用年限折旧法,,,,,0,0,,,
age-limit,,,年龄限制,,,,,0,0,s:age-limits,,
age-limit system,,,[劳经] 到规定年龄退职制度,,,,,0,0,,,
age-limits,,plural of age-limit,(age-limit 的复数) 年龄限制,,,,,0,0,0:age-limit/1:s,,
age-long,,, 已持续很久的；悠久的,,,,,0,0,,,
age-matched,,,年龄相一致的,j:100,,,,0,0,s:age-matcheds,,
age-matcheds,,,年龄相一致的\n(age-matched 的复数),,,,,0,0,0:age-matched/1:s,,
age-mate,'eɪdʒm'eɪt,, 年友,,,,,0,0,s:age-mates,,
age-mates,,plural of age-mate,(age-mate 的复数)  年友,,,,,0,0,0:age-mate/1:s,,
age-migration,,,[网络] 年龄侵移,,,,,0,0,s:age-migrations,,
age-migrations,,,[网络] 年龄侵移\n(age-migration 的复数),,,,,0,0,0:age-migration/1:s,,
age-morbidity rate,,,特定年龄〔患〕病率,,,,,0,0,,,
age-of-consent,,,na. 承诺年龄\n[网络] 同意年龄,,,,,0,0,s:ages-of-consent,,
age-old,'eidʒәjld,s. belonging to or lasting from times long ago,a. 古老的,j:100,1,,,0,0,,,
age-peer,,,[网络] 同龄的人；同辈的人；同龄的人同辈的人,,,,,0,0,s:age-peers,,
age-peers,,,[网络] 同龄人；年龄层的人,,,,,0,0,0:age-peer/1:s,,
age-period-cohort effects,,,年龄-年代-世代效应,,,,,0,0,,,
age-predicted,,,[网络] 年龄预测,,,,,0,0,,,
age-prier,,,[网络] 年龄侍从,,,,,0,0,,,
age-progressed,,,[网络] 年龄进步,,,,,0,0,,,
age-proof,,,un. 抗老化的；耐老化的\n[网络] 抗衰老护肤；岁月无痕；出世纸,,,,,0,0,,,
age-proof finish,,,[纺] 防老化整理,,,,,0,0,,,
age-range,,,[统计] 年龄间隔,,,,,0,0,s:age-ranges,,
age-ranges,,,[统计] 年龄间隔\n(age-range 的复数),,,,,0,0,0:age-range/1:s,,
age-regression,,,返童现象,,,,,0,0,s:age-regressions,,
age-regressions,,,返童现象\n(age-regression 的复数),,,,,0,0,0:age-regression/1:s,,
age-related,,s changing (increasing or decreasing) as an individual's age increases,增龄性,j:100,,,,0,0,s:age-relateds,,
age-related cataract,,,老年性白内障,,,,,0,0,,,
age-related macular degeneration,,, 老年性黄斑变性,,,,,0,0,,,
age-relateds,,,增龄性\n(age-related 的复数),,,,,0,0,0:age-related/1:s,,
age-resister,,,老化防止剂,,,,,0,0,,,
age-restricted,,,[网络] 年龄限制,,,,,0,0,,,
age-reversal,,,[网络] 重返青春；年龄逆转,,,,,0,0,,,
age-segregated,,,[网络] 年龄隔离,,,,,0,0,,,
age-set,,, （男孩或男子的）同龄组,,,,,0,0,s:age-sets,,
age-sets,,plural of age-set,(age-set 的复数)  （男孩或男子的）同龄组,,,,,0,0,0:age-set/1:s,,
age-sex,'eidʒseks,,n. 年龄性别,,,,,0,0,,,
age-sex pyramid,,,年龄性别金字塔,,,,,0,0,,,
age-sex specific death rate,,,年龄别性别死亡率,,,,,0,0,,,
age-sex structure,,,年龄性别结构,,,,,0,0,,,
age-sex-adjusted rate,,,年龄性别调整率,,,,,0,0,,,
age-size law of oilwell,,,[油气] 油井寿命与产量关系,,,,,0,0,,,
age-specific,'eidʒspi'sifik,,adj. (在作用或效果方面)限于特定年龄群(或年龄段)的,j:100,,,,0,0,s:age-specifics,,
age-specific activity rate,,,年龄别活动率,,,,,0,0,,,
age-specific birth rate,,,分年龄的出生率,,,,,0,0,,,
age-specific death rate,,,分年龄的死亡率,,,,,0,0,,,
age-specific death-rate,,,[医] 年龄别死亡率,,,,,0,0,,,
age-specific divorce rate,,,分年龄离婚率,,,,,0,0,,,
age-specific fecundity,,,"年龄别孕卵数；年龄别生殖力, 年龄别孕卵数；年龄别生殖力；龄别繁殖力",,,,,0,0,,,
age-specific fertility rate,,,分年龄的生育率,,,,,0,0,,,
age-specific life table,,,年龄特征生命表,,,,,0,0,,,
age-specific marriage rate,,,分年龄结婚率,,,,,0,0,,,
age-specific mortality,,,分年龄的死亡率,,,,,0,0,,,
age-specific mortality rate,,,年龄别死亡率,,,,,0,0,,,
age-specific natality,,,年龄别出生率,,,,,0,0,,,
age-specific nuptiality,,,[统计] 分年龄结婚率,,,,,0,0,,,
age-specific nuptialty,,,分年龄结婚率,,,,,0,0,,,
age-specific rate,,,年龄别率,,,,,0,0,,,
age-specific survival rate,,,龄别存活率,,,,,0,0,,,
age-specifics,'eidʒspi'sifik,,adj. (在作用或效果方面)限于特定年龄群(或年龄段)的,,,,,0,0,0:age-specific/1:s,,
age-spotted,,,[网络] 年龄发现,,,,,0,0,,,
age-standardised,,,[网络] 年龄标准化,,,,,0,0,,,
age-standardized,,,[网络] 年龄标准化,,,,,0,0,,,
age-strength relation,,,un. 龄期一强度关系\n[网络] 使用期限-强度关系,,,,,0,0,,,
age-structure,,,[统计] 年龄构成；年龄分布,,,,,0,0,s:age-structures,,
age-structured,,,[网络] 年龄结构,,,,,0,0,,,
age-structures,,,[统计] 年龄构成；年龄分布\n(age-structure 的复数),,,,,0,0,0:age-structure/1:s,,
age-table,,,龄系列表,,,,,0,0,,,
age-theory approximation,,,年积理论近似,,,,,0,0,,,
age-universal,,,[网络] 年龄普遍,,,,,0,0,,,
age-verification,,,[网络] 年龄确认；年龄确认方法；年龄认证机制,,,,,0,0,,,
age-was,,,[网络] 年龄在,,,,,0,0,,,
age-weighted,,,[网络] 年龄加权；年龄加权法,,,,,0,0,,,
age-well,,,[网络] 优雅迈入老年；优雅老去,,,,,0,0,,,
age-wise,,,[网络] 年龄明智,,,,,0,0,,,
age-y,,,[网络] 年龄,,,,,0,0,,,
ageable,,,[网络] 老化,,,,,0,0,,,
agead,,,"adv.在前,向前",,,,,0,0,,,
ageadjustment,,,年龄校正,,,,,0,0,,,
agean,,,[网络] 爱琴海(Aegean-sea),,,,,0,0,,,
ageappropriate,,,[网络] 年龄不合适；年龄的要求；年龄层的用语中文特色,,,,,0,0,,,
Ageas,,,[网络] 富通；富通保险；富杰,,,,,0,0,,,
agecat,,,[网络] 计算机诊断系统(Automated Geriatric Examination for Computer Assisted Taxonomy)；诊断辅助程式；计算机自动诊断程序,,,,,0,0,s:agecats,,
agecats,,,[网络] 计算机诊断系统(Automated Geriatric Examination for Computer Assisted Taxonomy)；诊断辅助程式；计算机自动诊断程序\n(agecat 的复数),,,,,0,0,0:agecat/1:s,,
aged,'eidʒid,n. people who are old collectively\ns. advanced in years; (`aged' is pronounced as two syllables)\ns. at an advanced stage of erosion (pronounced as one syllable)\ns. having attained a specific age; (`aged' is pronounced as one syllable),"a. 老的, 陈的, 有...岁的\n[化] 老化的; 老化了的; 陈化的; 陈化了的",j:100,2,1,toefl,2890,8479,1:dp/0:age/s:ageds,,
aged alloy powder,,,时效合金粉末,,,,,0,0,,,
aged aniline black,,,氧化苯胺黑,,,,,0,0,,,
aged beef,,,[网络] 牛肉熟成；熟成牛肉；熟成牛排,,,,,0,0,,,
aged care,,,[网络] 老年护理；养老院注册护士；老年人护理,,,,,0,0,,,
aged cement,,,过期水泥,,,,,0,0,,,
aged cheese,,,成熟的干酪,,,,,0,0,,,
aged column,ˈeɪdʒɪd ˈkɔləm,, [医]老化柱,,,,,0,0,,,
aged cracked gasoline,,,[机] 陈化的裂化汽油,,,,,0,0,,,
aged dependency ratio,,,老年抚养率,,,,,0,0,,,
aged deterioration,,,化；时效劣化,,,,,0,0,,,
aged distribution,,,[统计] 年龄分布,,,,,0,0,,,
aged egg,,,衰老卵子,,,,,0,0,,,
aged ewe,,,第四次剪毛以后母羊,,,,,0,0,,,
aged fail,,,逾期未清合同,,,,,0,0,,,
aged fission product,,,老裂变产物;放置过的裂变产物,,,,,0,0,,,
aged flavo(u)r,,,熟成风味,,,,,0,0,,,
aged flavour,ˈeɪdʒɪd ˈfleivə,, [医]（酒的）老熟味，陈酿风味,,,,,0,0,,,
aged grain,,,[网络] 陈榖；陈谷,,,,,0,0,,,
aged ham,,,存熟的火腿,,,,,0,0,,,
aged key,,,陈年金钥,,,,,0,0,,,
aged meat,,,[网络] 熟成肉；已经排酸的肉,,,,,0,0,,,
aged mouse,,,老龄小鼠,,,,,0,0,,,
aged oil,,,化油,,,,,0,0,,,
aged packet,,,超访分组,,,,,0,0,,,
aged people,ˈeɪdʒɪd ˈpi:pl,, [医]老年人,,,,,0,0,,,
aged poor relief,,,贫穷救济,,,,,0,0,,,
aged population,,,老年人口,,,,,0,0,,,
aged R-value,,,[网络] 年龄R值,,,,,0,0,,,
aged rats,,,老龄大鼠,,,,,0,0,,,
aged ridge,,,un. 老化冰脊\n[网络] 多年的冰丘脉,,,,,0,0,,,
aged sea water,,,老化海水,,,,,0,0,,,
aged seed,,,逾龄种子,,,,,0,0,,,
aged sheep,,,二岁以上绵羊,,,,,0,0,,,
aged shore,,,老年海岸,,,,,0,0,,,
aged skin,,,老化皮肤,,,,,0,0,,,
aged soil,,,老年土,,,,,0,0,,,
aged sperm,,,衰老精子,,,,,0,0,,,
aged stainless steel,,,un. 时效不锈钢,,,,,0,0,,,
aged steel,,,[机] 时效钢,,,,,0,0,,,
aged top,,,熟化毛条,,,,,0,0,,,
aged topography,,,成年地形,,,,,0,0,,,
aged trial balance,,,[经] 过期的试算表,,,,,0,0,,,
aged tup,,,第四次剪毛之后公羊,,,,,0,0,,,
aged vessel,,,[网络] 老船,,,,,0,0,,,
aged vulcanizate,,,[化] 老化后硫化胶,,,,,0,0,,,
aged wine,,,"陈酒,陈酿葡萄酒",,,,,0,0,,,
aged-care,,,老年保健\n老年护理,,,,,0,0,,,
aged-child ratio,,,老龄化指数,,,,,0,0,,,
aged-ram,,,第四次剪毛之后公羊,,,,,0,0,,,
ageda 21,,,21世纪议程,,,,,0,0,,,
agedabia,,, [地名] [利比亚] 艾季达比亚,,,,,0,0,s:agedabias,,
agedabia (ajdabiyaajdabiyah),,,阿吉达比亚,,,,,0,0,,,
agedabias,,, [地名] [利比亚] 艾季达比亚\n(agedabia 的复数),,,,,0,0,0:agedabia/1:s,,
"Agedir, Ras",,,[地名] 阿盖迪尔角 ( 突 ),,,,,0,0,,,
agedistribution,,,un. 〔社〕年龄分布；帐龄分类,,,,,0,0,,,
agedly,'eidʒidh,adv. In the manner of an aged person.,"adv. 老年人似地,老态龙钟地",,,,,0,0,,,
agedness,'eidʒidnis,n. The quality of being aged; oldness.,n. 老年；高龄,,,,,0,0,s:agednesses,,
agednesses,'eidʒidnis,,n. 老年；高龄,,,,,0,0,0:agedness/1:s,,
agedoite,,,[化] 天冬酰胺,,,,,0,0,,,
Agedrup,,,[地名] 艾厄德鲁普 ( 丹 ),,,,,0,0,,,
ageds,'eɪdʒɪd,,adj. 年老的；…岁的；老年人特有的\nv. 老化（age的过去式）；成熟；变老,,,,,0,0,0:aged/1:s,,
agee,ә'dʒi:,n. United States novelist (1909-1955),adv. 半开地；歪斜地,,,,,0,0,s:agees,,
"Agee, James",'eidʒi:,,艾吉(1909～1955，美国小说家、诗人、电影剧作家和影评家),,,,,0,0,,,
agees,ə'dʒi:,,adv. [一般作表语]\nadj. [英国方言]歪(的)，曲(的)，斜(的)[亦作ajee],,,,,0,0,0:agee/1:s,,
ageest,ə'dʒi:,,adv. [一般作表语]\nadj. [英国方言]歪(的)，曲(的)，斜(的)[亦作ajee],,,,,0,0,,,
ageful,,,[网络] 老化,,,,,0,0,,,
agege,,,[网络] 拉各斯市阿哥格；飞机撞向拉各斯阿季季；阿吉吉,,,,,0,0,,,
agegroup,,,n. 同龄人\n[网络] 年龄组；年龄组别；年龄段,,,,,0,0,s:agegroups,,
agegroups,,,[网络] 年龄组,,,,,0,0,0:agegroup/1:s,,
AGEH,3,,hydrofoil research ship (naval symbol) 水翼试验船(海军符号),,,,,0,0,,,
agehana maraho,,,"台湾宽尾凤蝶；宽尾凤蝶, 宽尾凤蝶",,,,,0,0,,,
agehardenability,eɪdʒhɑːdnə'bɪlɪtɪ,,n. 可时效硬化性；可老化性,,,,,0,0,,,
agehardening,'eɪdʒhɑːdnɪŋ,,n. 时延硬化,,,,,0,0,,,
ageine hardening,,,[网络] 经久硬化,,,,,0,0,,,
ageinest,,,[网络] 最年轻,,,,,0,0,,,
ageing,'eidʒiŋ,n acquiring desirable qualities by being left undisturbed for some time\nn the organic process of growing older and showing the effects of increasing age\nv begin to seem older; get older\nv grow old or older\nv make older\ns growing old,"n. 变老, 成熟\n[化] 老化; 陈化; 老成; 熟化; 时效",j:100,,,,6036,38735,0:age/1:i/s:ageings,,
ageing (aging),,,老化,,,,,0,0,,,
ageing action,,,老化作用,,,,,0,0,,,
ageing apparatus,,,[机] 老化试验器,,,,,0,0,,,
ageing behavior,,,时效效应,,,,,0,0,,,
ageing behaviour,,,时效行为,,,,,0,0,,,
ageing bin,,,调湿仓;蒸发仓,,,,,0,0,,,
ageing bleach method,,,老化漂白法,,,,,0,0,,,
ageing blemish,,,老化污点,,,,,0,0,,,
ageing can,,,[化] 老化罐; 老成罐,,,,,0,0,,,
ageing cellar,,,"陈酿酒库,陈酿酒窖",,,,,0,0,,,
ageing change,,,年龄变化,,,,,0,0,,,
ageing characteristics of thermistor,,,热敏电阻衰老特性,,,,,0,0,,,
ageing coefficient,,,[化] 老化系数,,,,,0,0,,,
ageing condition,,,时效规范,,,,,0,0,,,
ageing crack,,,[化] 时效裂纹,,,,,0,0,,,
ageing dye,,,蒸化染料,,,,,0,0,,,
ageing effect,,,老化效应;时效作用,,,,,0,0,,,
ageing equipment,,,老化的设备,,,,,0,0,,,
ageing error,,,"陈化[老化,衰化]误差",,,,,0,0,,,
ageing failure,,,老化失效,,,,,0,0,,,
ageing fault,,,老化故障,,,,,0,0,,,
ageing gene,,,【医学】老化基因,,,,,0,0,,,
ageing hardening,,,效硬化,,,,,0,0,,,
ageing index,,,老化指数,,,,,0,0,,,
ageing machine,,,[化] 熟化器,,,,,0,0,,,
ageing of a magnet,,,磁铁老化,,,,,0,0,,,
ageing of a magnete,,,[电] 磁老化,,,,,0,0,,,
ageing of asphalt,,,沥青老化,,,,,0,0,,,
ageing of cathode,,,un. 阴极的老化,,,,,0,0,,,
ageing of clay,,,"[机] 粘土之老化, 土壤之陈化",,,,,0,0,,,
ageing of cloth,,,[机] 布匹之熟化,,,,,0,0,,,
ageing of column,,,柱老化,,,,,0,0,,,
ageing of flour,,,[机] 面粉之老化(或熟化),,,,,0,0,,,
ageing of insulation,,,绝缘老化,,,,,0,0,,,
ageing of ion exchange resin,,,子交换树脂的老化,,,,,0,0,,,
ageing of metal,,,金属的时效,,,,,0,0,,,
ageing of plastics,,,塑料老化,,,,,0,0,,,
ageing of population,,,人口老龄化,,,,,0,0,,,
ageing of roofing felt,,,屋面油毡老化,,,,,0,0,,,
ageing of solution,,,溶液陈化,,,,,0,0,,,
ageing of tube,,,电子管老化,,,,,0,0,,,
ageing of valve,,,电子管的老化,,,,,0,0,,,
ageing of viscose,,,[机] 粘胶丝之熟化,,,,,0,0,,,
ageing oil,,,[食品] 老化油,,,,,0,0,,,
ageing opercular bone,,,可计龄鳃盖骨,,,,,0,0,,,
ageing otolith,,,可计龄耳石龄,,,,,0,0,,,
ageing oven,,,[化] 老化箱; 老化炉,,,,,0,0,,,
ageing peocess,,,老化制程，蒸气制程,,,,,0,0,,,
ageing phenomenon,,,老化现象,,,,,0,0,,,
ageing plaster,,,陈腐烧石膏,,,,,0,0,,,
ageing population,,,[经] 人口老化,,,,,0,0,,,
ageing process,,,[机] 老化法,,,,,0,0,,,
ageing properties,,,[机] 老化性质,,,,,0,0,,,
ageing property,,,老化性质,,,,,0,0,,,
ageing rack,,,老化架;老炼台,,,,,0,0,,,
ageing rate,,,un. 老化率\n[网络] 老化速度,,,,,0,0,,,
ageing rate per decade,,,[电] 十倍时间老化率,,,,,0,0,,,
ageing resistance,,,[化] 抗老化性能,,,,,0,0,,,
ageing resistant grease,,,抗老化润滑脂,,,,,0,0,,,
ageing room,,,陈腐室,,,,,0,0,,,
ageing scale,,,可计龄鱼鳞龄,,,,,0,0,,,
ageing silo,,,陈腐室,,,,,0,0,,,
ageing stability,,,"[机] 经时稳定性, 老化稳定性",,,,,0,0,,,
ageing stage,,,陈化[老化]阶段,,,,,0,0,,,
ageing star,,,老化星,,,,,0,0,,,
ageing steel,,,时效钢,,,,,0,0,,,
ageing step,,,老化阶段,,,,,0,0,,,
ageing strengthening,,,时效强化,,,,,0,0,,,
ageing tank,,,"[机] 成熟槽, 成熟机",,,,,0,0,,,
ageing test,,,[机] 老化试验,,,,,0,0,,,
ageing test of oil,,,油质老化试验,,,,,0,0,,,
ageing time,,,[化] 老化时间; 老成时间(由完成粘合至达到最高粘合强度的时间),,,,,0,0,,,
ageing tower,,,陈腐仓,,,,,0,0,,,
ageing treatment,,,时效处理,,,,,0,0,,,
ageing unit,,,老机组,,,,,0,0,,,
ageing units,,,机组，旧机组,,,,,0,0,,,
ageing vessel,,,[化] 老化器,,,,,0,0,,,
ageing voltage,,,老化[用]电压,,,,,0,0,,,
ageing(aging),,,时效,,,,,0,0,,,
ageing-resistant,,,抗老化剂的,,,,,0,0,,,
ageing-resistant grease,,,[机] 抗老化润滑脂,,,,,0,0,,,
ageings,'eɪdʒɪŋ,,n. 老化；变老，成熟\nadj. 变老的，老化的\nv. 变老（age的现在分词）,,,,,0,0,0:ageing/1:s,,
ageinhibiting,ɪdʒɪn'hɪbɪtɪŋ,, [医]防老化的,,,,,0,0,,,
ageinst,,,[网络] 反对,,,,,0,0,,,
ageism,'eidʒizәm,n. discrimination against middle-aged and elderly people,[法] 年龄歧视,n:100,,,,27983,31830,s:ageisms,,
ageisms,'eɪdʒɪz(ə)m,,n. 对老年人的歧视,,,,,0,0,0:ageism/1:s,,
ageist,,,年龄歧视者,,,,,29871,0,s:ageists,,
"ageist, age-ist",'eidʒist,,"adj. 歧视老人的；对老年人抱有偏见的；年龄歧视的\nn. 歧视老人[参见gerontophobia,gray power]",,,,,0,0,,,
ageistic,,,[网络] 年龄化,,,,,0,0,,,
ageistically,,,[网络] 年龄层,,,,,0,0,,,
ageistly,,,[网络] 老化的,,,,,0,0,,,
ageists,'eidʒist,,"adj. 歧视老人的；对老年人抱有偏见的；年龄歧视的\nn. 歧视老人[参见gerontophobia,gray power]",,,,,0,0,0:ageist/1:s,,
agel,,,n. (Agel)人名；(瑞典)阿格尔；(法)阿热尔,,,,,0,0,,,
agelab,,,[网络] 实验室；研究室,,,,,0,0,,,
Agelacrinus,,,"群海百合属〔棘皮类；D-C1〕, 群海百合属〔棘皮类，D-C1〕",,,,,0,0,,,
Agelaea trinervis,,,n. 栗豆藤,,,,,0,0,,,
Agelaius,,,[网络] 黑鹂属,,,,,0,0,s:agelaiuss,,
Agelaius phoeniceus,,,[网络] 红翅黑鹂；红翅乌鸦；翅椋鸟,,,,,0,0,s:agelaius phoeniceuss,,
agelaius phoeniceuss,,,[网络] 红翅黑鹂；红翅乌鸦；翅椋鸟\n(agelaius phoeniceus 的复数),,,,,0,0,0:agelaius phoeniceus/1:s,,
agelaiuss,,,[网络] 黑鹂属\n(agelaius 的复数),,,,,0,0,0:agelaius/1:s,,
agelas robusta,,,强壮群海绵,,,,,0,0,,,
agelast,,agelast (plural agelasts)\n(rare) one who never laughs (especially at jokes); a mirthless person\n,,,,,,0,0,,,
agelasta (dissosira) kumei,,,绿岛星斑天牛,,,,,0,0,,,
agelasta (dissosira) perplexa,,,褐翅星斑天牛；茶胡麻天牛,,,,,0,0,,,
agelasta cana,,,大板棋斑天牛,,,,,0,0,,,
agelasta hirticornis,,,毛角星斑天牛,,,,,0,0,,,
agelasta tonkinea,,,吹粉棋斑天牛,,,,,0,0,,,
agelastatin,,,[网络] 阿霉素,,,,,0,0,,,
agelastic,,,[网络] 坚韧不拔,,,,,0,0,,,
agelasts,,,[网络] agelast,,,,,0,0,,,
Agelaus,",ædʒə'leiəs",,n. 【希腊神话】阿格拉奥斯(特洛伊末代王普里阿摩斯的放牧者，抚养帕里斯长大成人的仆人),,,,,0,0,,,
agelbraic code-excited linear predictive,,,代数码活跃线性预测,,,,,0,0,,,
Agelena,,,[无脊椎] 漏斗网蛛属,,,,,0,0,,,
agelena limbata,,,缘草蛛；草蛛；缘漏斗蛛,,,,,0,0,,,
agelena tungchis,,,黑背草蛛,,,,,0,0,,,
Agelenidae,,,[无脊椎] 漏斗网蛛科,,,,,0,0,,,
ageless,'eidʒlis,s. continuing forever or indefinitely,"a. 不老的, 永恒的",j:100,,,,33421,21199,,,
ageless sleep,,,[网络] 永恒的睡眠,,,,,0,0,,,
agelessly,,,adv. ageless的变形,,,,,0,0,,,
agelessness,eɪdʒ'ləsnəs,n. the quality of being timeless and eternal,n. 永恒; 永久(ageless的名词形式),,,,,0,0,s:agelessnesses,,
agelessnesses,,,长生不老,,,,,0,0,0:agelessness/1:s,,
agelike,'eidʒlaik,,"同辈, 年纪相同的人",,,,,0,0,,,
agelong,'eidʒlɒŋ,s. lasting through all time,"a. 长年的, 持久的, 永续的",,,,,0,0,s:agelongs,,
agelongs,'eɪdʒlɒŋ,,adj. 持久的，延续(或持续)很久的，长久的，久远的，绵延的,,,,,0,0,0:agelong/1:s,,
agely,,,[网络] 失误地,,,,,0,0,,,
agema,,,n. 艾格玛,,,,,0,0,,,
agematched,,,"年龄相配的,年龄相近的",,,,,0,0,,,
agemate,,,[网络] 同年龄的同伴,,,,,0,0,,,
agemates,,,[网络] 流氓,,,,,0,0,,,
Agematsu,,,[地名] 上松 ( 日 ),,,,,0,0,,,
agement,,,[网络] 管理,,,,,0,0,,,
agen,ә'ɡen,adv. & prep. See Again.,adv. [诗歌用语]再次（等于again）,,,,,0,0,s:agens,,
agena,,,阿金纳美国运载火箭上面级\n阿盖纳（尼日利亚地名）,,,,,0,0,s:agenas,,
Agena control system,,,阿琴那控制系统,,,,,0,0,,,
Agena rocket,,,阿金纳火箭,,,,,0,0,,,
Agenaclass lunar orbiter,,,阿琴那型月球轨道飞行器,,,,,0,0,,,
Agenaes,,,阿根乃斯,,,,,0,0,,,
Agenais,ˌɑ:ʒəˈneɪ,,"阿让奈(法国西南部一个具历史意义的地区, 英法“百年战争”期间曾多次被英国统治。1444年后终于归还法国)",,,,,0,0,s:agenaiss,,
agenaiss,,,"阿让奈(法国西南部一个具历史意义的地区, 英法“百年战争”期间曾多次被英国统治。1444年后终于归还法国)\n(agenais 的复数)",,,,,0,0,0:agenais/1:s,,
agenas,,,[网络] 卫生服务署,,,,,0,0,0:agena/1:s,,
agenbite,,,[网络] 。ite,,,,,0,0,,,
agenbite of inwit,,,[主英国英语]良心责备，良心的自责,,,,,0,0,,,
agence,,,[网络] 保险公司服务点,,,,,0,0,s:agences,,
agence france presse,,, 法新社,,,,,0,0,,,
agence france-press,,,法新社,,,,,0,0,,,
Agence France-Presse,,,法新社,,,,,0,0,,,
agences,,,[网络] 建筑事务所,,,,,0,0,0:agence/1:s,,
agencia,,,代理处,,,,,0,0,,,
agencies,,n an administrative unit of government\nn a business that serves other businesses\nn the state of being in action or exerting power\nn the state of serving as an official and authorized delegate or agent\nn how a result is obtained or an end is achieved,n. 代理；代理处（agency的复数）,,,,ielts,0,0,0:agency/1:s,,
agencification,"ə,dʒənsifi'keiʃən",,n. 代理机构化,,,,,0,0,,,
agencify,ə'dʒənsifai,,vt. 使政府部门(如护照事务处)成为营利性的代理机构,,,,,0,0,,,
agency,'eidʒәnsi,n. an administrative unit of government\nn. a business that serves other businesses\nn. the state of being in action or exerting power,"n. 代理机构, 经销商, 中介\n[化] 办事处",n:100,4,1,gk cet4 ky ielts,1036,694,s:agencies,,
agency abroad,,, [贸易] 国外代办处; 国外代理,,,,,0,0,,,
agency account,,,代理账;代理机构会计,,,,,0,0,,,
agency account receivable,,,un. 应收代理店款项,,,,,0,0,,,
agency accounting,,,[经] 代理店(经销处)会计,,,,,0,0,,,
agency accounting entity,,,政府部门会计核算单位,,,,,0,0,,,
agency accounts,,,"[经] 代理人帐, 分经理帐, 代理店(经销处)帐",,,,,0,0,,,
agency action,,,[网络] 机关行为；行政行为；机关机关,,,,,0,0,,,
agency agreement,,,[经] 代理协议,,,,,0,0,,,
agency agreements,,,[贸易] 代理协议；通汇契约,,,,,0,0,,,
agency and trust funds,,,[经] 代理和信托基金,,,,,0,0,,,
agency arrangement,,,通汇契约,,,,,0,0,,,
agency at ministerial level,,,[管理] 部级机构,,,,,0,0,,,
agency at the ministerial level,ˈedʒənsi æt ði ˌmɪnɪˈstɪriəl ˈlɛvəl,, 部级机构,,,,,0,0,,,
agency audit,,,[审计] 机构审计,,,,,0,0,,,
agency bank,,,代理行，分行,,,,,0,0,,,
agency bill,,,代理票据,,,,,0,0,,,
agency bills,,,un. 代理期票\n[网络] 代理票据,,,,,0,0,,,
Agency Bond,,,[网络] 机构债券；政府机构债券；政府机构,,,,,0,0,,,
agency bookkeeping,,,代理店簿记,,,,,0,0,,,
agency broker,,,[网络] 代理经纪人,,,,,0,0,,,
agency business,,,代理业务,,,,,0,0,,,
agency by agreement,,,"[法] 协议代理, 委托代理",,,,,0,0,,,
agency by commission,,,[法] 代办商,,,,,0,0,,,
agency by estoppel,,,[法] 不可否认的代理,,,,,0,0,,,
agency by mandate,,,[法] 委任代理,,,,,0,0,,,
agency by ratification,,,[法] 经追认后的代理,,,,,0,0,,,
agency by representation,,,[网络] 代表性代理,,,,,0,0,,,
agency CA,,,代理证明机构,,,,,0,0,,,
agency classification,,,按部门分类,,,,,0,0,,,
Agency Clause,,,[网络] 指定代理人条款,,,,,0,0,,,
agency comission,,,代理手续费,,,,,0,0,,,
agency commission,,,[经] 代理手续费,,,,,0,0,,,
agency company,ˈeidʒənsi ˈkʌmpəni,, [法]代理公司,,,,,0,0,,,
agency contract,,,[经] 代理合同,,,,,0,0,,,
agency cost,ˈeidʒənsi kɔst,, [财]代理成本,,,,,0,0,,,
Agency Costs,,,代理成本,,,,,0,0,,,
agency coupled with an interest,,,[经] 结合利害关系的代理,,,,,0,0,,,
agency coupon,,,旅行社册页票,,,,,0,0,,,
agency coverage,,,作用范围,,,,,0,0,,,
agency credit memo,,,[网络] 代理人贷项通知单,,,,,0,0,,,
Agency Cross,,,交叉代理人,,,,,0,0,,,
Agency Debentures,,,[网络] 机构信用债券,,,,,0,0,,,
agency debit memo,,,[网络] 代理人借项通知单,,,,,0,0,,,
agency debt,,,政府部门债务,,,,,0,0,,,
agency distribution,,,代理人分配,,,,,0,0,,,
agency endorsement,,,[经] 代理背书,,,,,0,0,,,
agency expenses,,,代理机构的开支；代理费用,,,,,0,0,,,
agency factor,,,"代理销售,代理出口",,,,,0,0,,,
agency fee,,,[法] 代理费,,,,,0,0,,,
agency for government bonds,,, [财]公债代理人,,,,,0,0,,,
agency for government funds,,,政府基金代理人,,,,,0,0,,,
agency for governmental funds,,,un. 政府基金代理人,,,,,0,0,,,
Agency for Healthcare Research and Quality,,,[网络] 卫生保健和质量管理局；美国健康研究及质量委员会；健康研究与品质机构,,,,,0,0,,,
agency for healthcare research and quality (ahrd),,,健康照护促进中心,,,,,0,0,,,
Agency for International Development,,,国际开发署,,,,,0,0,,,
Agency for Outbound Voyage,,,代理出口航次,,,,,0,0,,,
agency for public education,,,公共教育机关,,,,,0,0,,,
agency for public finance corporation,,,公库代理单位,,,,,0,0,,,
Agency for Ships SalePurchase,,,[网络] 买卖船舶代理,,,,,0,0,,,
agency fund,,,"[经] 代管款, 代收款, 代管基金",,,,,0,0,,,
agency funds,,,分销处基金,,,,,0,0,,,
agency game,,,代理赛局,,,,,0,0,,,
agency general,,, 总代理,,,,,0,0,,,
agency havas,,,{法国}哈瓦斯通讯社,,,,,0,0,,,
agency house,,,代理行,,,,,0,0,,,
agency in charge of land,,,土地主管部门,,,,,0,0,,,
Agency in Excess of Authority,,,越权代理,,,,,0,0,,,
agency in fact,,,[法] 事实上的代理,,,,,0,0,,,
agency labour,,,[网络] 劳务派遣,,,,,0,0,,,
Agency Lake,,,[地名] 埃真西湖 ( 美 ),,,,,0,0,,,
Agency Law,,,代理法,,,,,0,0,,,
agency liability,,,政府部门负债,,,,,0,0,,,
agency loan,,,政府部门借款,,,,,0,0,,,
agency manager,,,旅行社经理,,,,,0,0,,,
agency marketing,,,证券代理发行,,,,,0,0,,,
agency mission,,,政府部门任务,,,,,0,0,,,
agency name,,,代理商名称,,,,,0,0,,,
agency nurse,,,[网络] 护理中介公司注册,,,,,0,0,,,
agency of childrens self-government,,,儿童自治机构,,,,,0,0,,,
agency of corporation,,,公司代理商,,,,,0,0,,,
agency of international development,,,[经] 国际开发署,,,,,0,0,,,
agency of necessity,,,[法] 紧急处分的代理,,,,,0,0,,,
agency of socializaton,,,社会化机制,,,,,0,0,,,
Agency on Long Term Basis,,,[网络] 长期代理；长期代理关系,,,,,0,0,,,
agency on long-term basis,,,长期代理关系,,,,,0,0,,,
agency on long-time basis,,,[法] 长期代理关系,,,,,0,0,,,
agency on trip basis,,,[法] 航次代理关系,,,,,0,0,,,
agency operations,,,代理业务,,,,,0,0,,,
agency or middleman system,,,un. 信用机或中间人制度\n[网络] 信用机构或中间人制度,,,,,0,0,,,
agency order,,,[网络] 代理订单,,,,,0,0,,,
agency pricing,,,[网络] 代理定价；社自订电子书价格,,,,,0,0,,,
Agency Problem,,,代理问题,,,,,0,0,,,
agency project,,,构援助项目,,,,,0,0,,,
agency receipt,,,[经] 代收款收据,,,,,0,0,,,
agency relation,ˈeidʒənsi riˈleiʃən,, [法]代理关系,,,,,0,0,,,
agency relationship,,,[网络] 代理关系；代理人关系；代理关系说,,,,,0,0,,,
agency revenue,,,[网络] 业务收入,,,,,0,0,,,
agency role,,,机构角色，代理商角色,,,,,0,0,,,
Agency Securities,,,机构证券,,,,,0,0,0:agency security/1:s,,
agency security,ˈeidʒənsi siˈkjuəriti,, [财]机构证券,,,,,0,0,s:agency securities,,
agency service,,,代理服务,,,,,0,0,,,
agency share transfer system,,,[网络] 代办股份转让系统,,,,,0,0,,,
agency shop,,,[经] 工会代理工厂,,,,,0,0,,,
agency shop agreement,,,[法] 受雇人和工会之间的集体协定,,,,,0,0,,,
agency staff,,,[网络] 地政总署的外判合约工；中意人寿首届个险内勤；动力,,,,,0,0,,,
agency superintendency,,,[经] 代理业务监督,,,,,0,0,,,
agency superintendent,,,代理业务督察,,,,,0,0,,,
agency system of foreign trade management,,,[网络] 对外贸易经营代理制,,,,,0,0,,,
Agency Theory,,,代理理论,,,,,0,0,,,
agency transaction,,,委托交易,,,,,0,0,,,
agency un named principal,,,[网络] 不指名的委托人,,,,,0,0,,,
agency undisclosed principal,,,un. 代理人,,,,,0,0,,,
agency unnamed principal,,,[网络] 不指明委托人的代理；代理人不指名的委托人,,,,,0,0,,,
Agency Valley Reservoir,,,[地名] 埃真西谷水库 ( 美 ),,,,,0,0,,,
agency work,,,广告商托印件,,,,,0,0,,,
agency-approved,,,[网络] 机构批准,,,,,0,0,,,
agency-employed,,,[网络] 代理人,,,,,0,0,,,
agency-identified,,,[网络] 机构确定,,,,,0,0,,,
agency-in-charge,,,[经] 主管机关,,,,,0,0,,,
agency-wide,,,[网络] 机构范围,,,,,0,0,,,
agency.com,,,[网络] 公益广告,,,,,0,0,,,
agencys,'eɪdʒ(ə)nsɪ,,n. 力量；能动作用，使然作用；动原；动作；手段，工具；媒介，中介；斡旋,,,,,0,0,,,
agend,,,[网络] 祈祷,,,,,0,0,,,
agenda,ә'dʒendә,n. a temporally organized plan for matters to be attended to\nn. a list of matters to be taken up (as at a meeting),"pl. 议程, 日常工作事项\n[计] 待议事件",n:100,3,,gk ky toefl ielts gre,3026,2130,s:agendas,,
agenda 21,,,21程序表,,,,,0,0,,,
agenda item,,,[经] 议程项目,,,,,0,0,s:agenda items,,
agenda items,,,[法] 议事项目,,,,,0,0,0:agenda item/1:s,,
agenda manipulation,,,议程操纵,,,,,0,0,,,
agenda setting,,,议程设定,,,,,0,0,,,
agenda sheet in audit,,,[审计] 审计中的备忘单,,,,,0,0,,,
agenda sheet of audit,,,[审计] 审计议事日程表,,,,,0,0,,,
agenda sheets,,,"[经] 记事单, 备忘单",,,,,0,0,,,
agenda structure,,,议程结构,,,,,0,0,,,
agenda-building,,,议题建构,,,,,0,0,,,
agenda-building process,,,议题建构过程,,,,,0,0,,,
agenda-driven,,,[网络] 导向性的,,,,,0,0,,,
agenda-setter,,,[网络] 议程制定者；议程设定者；日程设定者,,,,,0,0,,,
agenda-setting,,,议程设置\n议题设定,,,,,0,0,s:agenda-settings,,
agenda-setting effect,,,议题设定效应,,,,,0,0,,,
agenda-setting function,,,议题设定功能,,,,,0,0,,,
agenda-setting hypothesis,,,议题设定假说,,,,,0,0,,,
agenda-setting theory,,,议题设定理论,,,,,0,0,,,
agenda-settings,,,[网络] 议程设置,,,,,0,0,0:agenda-setting/1:s,,
agendae,,,[网络] 议程,,,,,0,0,,,
agendaless,,,a. agenda的变形,,,,,0,0,,,
agendas,əˈdʒendəz,n. a temporally organized plan for matters to be attended to\nn. a list of matters to be taken up (as at a meeting),n. 议事日程( agenda的复数形式 ); 待议诸事项（一览表）; 目的; 日常工作事项,,,,,0,0,0:agenda/1:s,,
AgendaTitle,,,"议程名,议事标题",,,,,0,0,,,
agender,,,无性别者，没有感觉到自己有任何强烈性别归属的人,,,,,0,0,,,
agendered,,,[网络] 无性别,,,,,0,0,,,
agendize,ə'dʒəndaiz,,vt. 把…列入议程,,,,,0,0,,,
agendum,ә'dʒendәm,n a list of matters to be taken up (as at a meeting),"pl. 议程, 日常工作事项",,,,,0,0,s:agenda,,
agendum call card,,,[计] 待议事件调用卡,,,,,0,0,,,
agendums,,,议程( agendum的名词复数 ),,,,,0,0,,,
Agene,'eidʒi:n,n a yellow pungent volatile oil (trade name Agene) formerly used for bleaching and aging flour,n. [亦作a-](商品名)埃净(早先漂白面粉用的三氯化氮),,,,,0,0,s:agenes,,
Agene process,,,[化] 埃京法(用NCl-3漂白面粉的工艺),,,,,0,0,,,
Agenebode,,,[地名] 阿盖内博代 ( 尼日利 ),,,,,0,0,,,
ageneiogarra,eɪdʒeni'ːɒɡeərə,,n.东坡墨鱼,,,,,0,0,,,
ageneiosid,,,[网络] 亚油酸,,,,,0,0,,,
AGENEIOSIDAE,,,无须鮠科,,,,,0,0,,,
ageneiosids,,,[网络] 亚油酸,,,,,0,0,,,
Agenerase,,,是一种抗病毒药,,,,,0,0,,,
agenes,'eidʒi:n,,n. 埃净；三氯化氮,,,,,0,0,0:agene/1:s,,
ageneses,,,[网络] 歧视,,,,,0,0,0:agenesis/1:s,,
agenesia,,n imperfect development; nondevelopment of a part,[医] 发育不全; 无生殖力,,,,,0,0,s:agenesias,,
agenesia corporis callosi,,,[医] 胼胝体发育不全,,,,,0,0,,,
agenesia corticalis,,,[医] 脑皮质发育不全,,,,,0,0,,,
agenesia of bladder,,,膀胱发育不全,,,,,0,0,,,
agenesia(agenesis),,,"发育不全,无生殖力",,,,,0,0,,,
agenesias,"ei'dʒenisis, ,eidʒə'ni:ʒiə",,n. 发育不全；无生殖力,,,,,0,0,0:agenesia/1:s,,
agenesic,,,[网络] 恶化,,,,,0,0,,,
agenesis,ei'dʒenisis,n. imperfect development; nondevelopment of a part,"n. 无生殖力, 发育不全\n[医] 发育不全; 无生殖力",,,,,0,0,s:ageneses,,
agenesis of bladder,,,膀胱缺如,,,,,0,0,,,
agenesis of brain,,,脑不发育,,,,,0,0,,,
agenesis of bronchus,,,支气管不发育,,,,,0,0,,,
agenesis of epiglottis,,,会厌发育不全,,,,,0,0,,,
agenesis of eye,,,眼发育不全,,,,,0,0,,,
agenesis of kidney,,,肾缺如，肾不发生,,,,,0,0,,,
agenesis of lung,,,肺发育不全,,,,,0,0,,,
agenesis of penis,,,阴茎发育不全,,,,,0,0,,,
agenesis of pulmonary artery,,,肺动脉不发育,,,,,0,0,,,
agenesis of pulmonary valve,,,肺动脉瓣发育不全,,,,,0,0,,,
agenesis of rib,,,肋骨发育不全,,,,,0,0,,,
agenesis of scrotum,,,阴囊缺如,,,,,0,0,,,
agenesis of testis,,,睾丸不发育,,,,,0,0,,,
agenesis of trachea,,,气管未发育,,,,,0,0,,,
agenesis of ureter,,,输尿管缺如,,,,,0,0,,,
"agenesis, agenesia","ei'dʒenisis; ,eidʒə'ni:ʒiə",,n. 【医学】；(身体某部分或器官的)发育不全；无生殖力,,,,,0,0,,,
Agenesomy,,,无生殖器(畸形),,,,,0,0,,,
agenest,'eidʒi:n,,n. [亦作a-] 【商标】埃净(漂白面粉曾用的三氯化氮),,,,,0,0,,,
agenetic,,,[网络] 广东工业大学学报,,,,,0,0,,,
agenetic fracture,,,[医] 骨发育不全性骨折,,,,,0,0,,,
agenhine,,,[网络] 阿亨宁,,,,,0,0,,,
ageniaspis citricola,,,串茧跳小蜂,,,,,0,0,,,
ageniocephalia,,,[医] 无颏头[畸形],,,,,0,0,,,
ageniocephalus,,,[医] 无颏头畸胎,,,,,0,0,,,
ageniocephaly,,,无颏头,,,,,0,0,,,
Agenise,,,[网络] 亲爱的,,,,,0,0,,,
agenital monster,,,无生殖器畸胎,,,,,0,0,,,
agenitalism,,,[医] 生殖腺机能缺失,,,,,0,0,,,
agenize,'eidʒәnaiz,v age or bleach flour with Agene (nitrogen trichloride),vt.用埃净(Agene)漂白(面粉),,,,,0,0,,,
agenized,,,vt. agenize的变形,,,,,0,0,,,
agenized flour,,,用埃京法处理的面粉(用三氯化氮漂白过的面粉),,,,,0,0,,,
agennesia,,,[医] 发育不全; 无生殖力,,,,,0,0,,,
agennetic,,,[医] 发育不全的; 无生殖力的,,,,,0,0,,,
Agenogi,,,阿杰诺基,,,,,0,0,,,
Agenois,ˌɑ:ʒəˈnwɑ:,,"阿让奈(法国西南部一个具历史意义的地区, 英法“百年战争”期间曾多次被英国统治。1444年后终于归还法国)",,,,,0,0,,,
agenor,,,n. (Agenor)人名；(法、葡)阿热诺尔；(德)阿格诺尔,,,,,0,0,s:agenors,,
agenoral,,,阿基诺拉,,,,,0,0,,,
agenors,,,n. (Agenor)人名；(法、葡)阿热诺尔；(德)阿格诺尔\n(agenor 的复数),,,,,0,0,0:agenor/1:s,,
agenosomia,,,"[医] 无生殖器[畸形], 生殖器发育不全",,,,,0,0,,,
agenosomus,,,[医] 无生殖器畸胎,,,,,0,0,,,
agenososmia,,,无生殖器畸形,,,,,0,0,,,
agens,,plural of agen\nadv. & prep. See Again.,(agen 的复数) adv. [诗歌用语]再次（等于again）,,,,,0,0,0:agen/1:s,,
agensis,,,[生物] 不发育的,,,,,0,0,,,
agensis of pulmonary artery,,,肺动脉发育不全,,,,,0,0,,,
agent,'eidʒәnt,n. an active and efficient cause; capable of producing a certain effect\nn. a representative who acts on behalf of other persons or organizations\nn. a substance that exerts some force or effect\nn. a businessman who buys or sells for another in exchange for a commission,"n. 代理商, 政府代表, 动原, 媒介\n[计] 代理程序",n:100,4,1,gk cet4 ky toefl,1214,1020,s:agents,,
agent ad litem,,,[经] 诉讼代理人,,,,,0,0,,,
agent against psychiatric disorders,,,[化] 抗精神失常药,,,,,0,0,,,
agent architecture,,,主体体系结构,,,,,0,0,,,
agent authentication,,,[网络] 提供假证明,,,,,0,0,,,
agent bank,,,[经] 代理银行,,,,,0,0,s:agent banks,,
agent bank fee,,,[经] 代理银行费用,,,,,0,0,,,
agent banks,,,代理银行,,,,,0,0,0:agent bank/1:s,,
Agent Blue,,,蓝剂，蓝色灭草剂(盛剧毒除草剂容器标志为蓝色条纹，故名)；(美军在越南战争中使用的)毒性枯叶剂,,,,,0,0,,,
agent business,,,[网络] 代理贸易,,,,,0,0,,,
agent business on securities,ˈeidʒənt ˈbiznis ɔn si'kjuəritis,, [财]代理证券业务,,,,,0,0,,,
agent caretaker,,,[网络] 代理管理,,,,,0,0,,,
agent case,,,[计] 主动者角色,,,,,0,0,,,
agent code,,,间谍电码,,,,,0,0,,,
agent commission,,,代理佣金[手续费],,,,,0,0,,,
agent communication language,,,主体通信语言,,,,,0,0,,,
agent constraint,,,施事制约,,,,,0,0,,,
agent contract,,, 代理契约,,,,,0,0,,,
agent cost,,,代理成本,,,,,0,0,,,
agent coupon,,,代办处机票卡,,,,,0,0,,,
agent de change,,,[经] 证券经纪人,,,,,0,0,,,
agent discount (fare),,,【航空学】代办处运费折扣[略作AD，参较IAIA],,,,,0,0,,,
agent fee,,,代理费;代理人酬金,,,,,0,0,,,
agent for bidding,,,投标代理商,,,,,0,0,,,
agent for collection,,,托收代理,,,,,0,0,,,
agent general,,,n. （澳大利亚州或加拿大省的）驻外代表\n[网络] 总代理；总代理人；总经理,,,,,0,0,,,
agent licence,,,代理人执照,,,,,0,0,,,
agent middleman,,,[经] 代理中间人,,,,,0,0,,,
agent middleman commission houses,,,佣金代理商,,,,,0,0,,,
agent middlemen,,,代理商,,,,,0,0,,,
agent monotonicity,,,代理人单调性,,,,,0,0,,,
agent name delivery,,,代理名称递送,,,,,0,0,,,
agent net,,,Agent网,,,,,0,0,,,
agent noun,ˈeidʒənt naun,, 施动者名词,,,,,0,0,,,
agent nouns,,,[网络] 施事名词；作者名词,,,,,0,0,,,
agent of a company,,,[法] 公司代理人,,,,,0,0,,,
agent of carrier,,,[网络] 承运人的代理人；承运者代理人,,,,,0,0,,,
agent of change,,,[网络] 改变的媒介；变革的因数；变革的经理人,,,,,0,0,,,
agent of company,,,[网络] 公司代理人,,,,,0,0,,,
agent of correspondent banking system,,,国际间代理行制度,,,,,0,0,,,
agent of dilution,,,[助剂] 稀释剂,,,,,0,0,,,
agent of erosion,,,侵蚀力,,,,,0,0,,,
agent of fusion,,,熔剂,,,,,0,0,,,
agent of microbic warfare,,,微生物战剂,,,,,0,0,,,
agent of migration,,,迁移动力,,,,,0,0,,,
agent of necessity,,,需要时的代理人，危急代理人,,,,,0,0,,,
agent of overseas principal,,,[法] 海外代表,,,,,0,0,,,
agent of oxidation,,,[助剂] 氧化剂,,,,,0,0,,,
agent of production,,,生产要素,,,,,0,0,,,
agent of socialization,,,社会化机构,,,,,0,0,,,
agent of the commission agent,,,[法] 行纪人的代理人,,,,,0,0,,,
Agent Orange,,,橙剂；橘剂,,,,,0,0,s:agent oranges,,
Agent Orange stress syndrome,,,“橘子剂”紧张综合征 [亦作Agent Orange syndrome],,,,,0,0,,,
agent oranges,,,橙剂；橘剂,,,,,0,0,0:agent orange/1:s,,
agent participle,,,[网络] 代理人分词,,,,,0,0,,,
agent participles,,,[网络] 代理人分词,,,,,0,0,,,
agent passive,,,施事被动,,,,,0,0,,,
agent policy manager,,,代理政策管理器,,,,,0,0,,,
agent procedure,,,[计] 代办过程,,,,,0,0,,,
agent provocateur,,,"[法] 奸细, 煽动分子",,,,,0,0,s:agent provocateurs,,
agent provocateurs,"'æʒɔŋ prə,vɔkə'tə:r",,n. 密探；内奸,,,,,0,0,0:agent provocateur/1:s,,
Agent Purple,,,紫剂，紫色灭草剂(盛剧毒除草剂的容器标志为紫色条纹，故名)[参较Agent Blue],,,,,0,0,,,
agent right,,,代理权,,,,,0,0,,,
agent service,,,[经] 代理业务,,,,,0,0,,,
agent sign,,,[网络] 代理人签署,,,,,0,0,,,
agent team,,,主体组,,,,,0,0,,,
agent technology,,,主体技术,,,,,0,0,,,
agent theory,,,代理理论,,,,,0,0,,,
agent to accept process,,,[法] 送达代收人,,,,,0,0,,,
Agent White,,,白剂，白色灭草剂(盛剧毒除草剂的容器标志为白色条纹，故名)[参较Agent Blue],,,,,0,0,,,
agent wholesalers,,,批发代理商,,,,,0,0,,,
agent without authority,,,[经] 未授权的代理人,,,,,0,0,,,
agent's accountability ledger,,,[经] 代理会计责任总(明细)表,,,,,0,0,,,
agent's balance,,,[网络] 代理人佣金,,,,,0,0,,,
agent's coupon,,,出票人联,,,,,0,0,,,
agent's fee,,,[网络] 代理人费；经纪费；代理费,,,,,0,0,,,
agent's lien,,,"[经] 代理人留置权, 代理人扣押权",,,,,0,0,,,
agent's remuneration,,,[法] 代理人酬金,,,,,0,0,,,
agent's room,,,[网络] 代理人室；代表室,,,,,0,0,,,
agent's tort,,,[法] 代理人的侵权行为,,,,,0,0,,,
agent's torts,,,[经] 代理人的侵权行为,,,,,0,0,,,
"agent, broker",,,[网络] 代理人仲介者；中间代理商,,,,,0,0,,,
"agent, execution",,,[网络] 代理同意,,,,,0,0,,,
"agent, security",,,[网络] 代理程式安全,,,,,0,0,,,
agent-based,,,基于主体的,j:100,,,,0,0,,,
agent-based interface,,,代理人界面,,,,,0,0,,,
agent-based software engineering,,,基于主体的软件工程,,,,,0,0,,,
agent-based system,,,基于主体的系统,,,,,0,0,,,
agent-general,,, （澳大利亚州或加拿大省的）驻外代表,,,,,0,0,,,
agent-in-charge,,,[网络] 人,,,,,0,0,,,
agent-in-oil method,,,[化] 剂在油中法; 乳化剂在油中法,,,,,0,0,,,
agent-in-place,,,[网络] 潜伏谍员,,,,,0,0,s:agents-in-place,,
agent-in-water method,,,[化] 剂在水中法; 乳化剂在水中法,,,,,0,0,,,
agent-neutral,,,[网络] 施事性；主体无涉；立于行动者的,,,,,0,0,,,
agent-normal form,,,代理人－正规型,,,,,0,0,,,
agent-oriented programming,,,面向主体的程序设计,,,,,0,0,,,
agent-principal,,,[网络] 委托关系,,,,,0,0,,,
agent-relativity,,,[网络] 行动者相对性,,,,,0,0,,,
agent-spectator,,,[网络] 代理观众,,,,,0,0,,,
agent-strategic form,,,代理人－策略型,,,,,0,0,,,
agent-to-be,,,[网络] 代理商,,,,,0,0,,,
agente,,,[网络] 差人；卫生站卫生员,,,,,0,0,s:agentes,,
agente provocateuse,,,[网络] 代理人挑衅,,,,,0,0,,,
agente provocatrice,,,[网络] 代理人挑衅,,,,,0,0,,,
agented,'eɪdʒ(ə)nt,,n. 代理人，代理商；药剂；特工\nvt. 由…作中介；由…代理\nadj. 代理的\nn. (Agent)人名；(罗)阿真特,,,,,0,0,,,
agentes,,,[网络] 代理人,,,,,0,0,0:agente/1:s,,
agentes provocateuses,,,[网络] 代理人挑衅,,,,,0,0,,,
agentes provocatrices,,,[网络] 代理人挑衅,,,,,0,0,,,
agentess,,,[网络] 代理人,,,,,0,0,,,
agenthood,,,[网络] 施事身份,,,,,0,0,,,
agentia,ә'dʒenʃiә,,药剂,,,,,0,0,,,
agential,ei'dʒenʃәl,a. of or relating to an agent or agency,a. 代理商的,,,,,0,0,,,
agentic,,,[网络] 代理,,,,,0,0,,,
agentic state,,,代理人心态,,,,,0,0,,,
agentically,,,[网络] 有意义的,,,,,0,0,,,
Agentine,,,[经] 啊根廷,,,,,0,0,,,
agenting,'eɪdʒ(ə)nt,,"n. 代理人, 代理商；药剂；特工\nvt. 由…作中介；由…代理\na. 代理的\nn. (Agent)人名；(罗)阿真特",,,,,0,0,,,
agentival,ɪdʒən'taɪvəl,,adj. 表示动作主体词尾的,,,,,0,0,,,
agentive,'eidʒintiv,,a. 施事( 格) 的,,,,,0,0,s:agentives,,
agentive case,,,施事格,,,,,0,0,,,
agentive nominal transformation,,,施事名物化转换,,,,,0,0,,,
agentive nominalisation,,,[网络] 代理名义化,,,,,0,0,,,
agentive nominalization,,,[网络] 施事名词化,,,,,0,0,,,
agentive role,,,[网络] 角色,,,,,0,0,s:agentive roles,,
agentive roles,,,[网络] 角色\n(agentive role 的复数),,,,,0,0,0:agentive role/1:s,,
agentive verb,,,施事动词,,,,,0,0,,,
agentively,,,[网络] 有效地,,,,,0,0,,,
agentives,'eɪdʒəntɪv,,adj. 施事的；施事格的,,,,,0,0,0:agentive/1:s,,
agentivity,,,[网络] 施事性；性；动性,,,,,0,0,,,
agentless,,,[网络] 无代理；无代理程式；无客户端,,,,,0,0,,,
agentless backup,,,[网络] 无代理程式备份,,,,,0,0,,,
agentprovocateur,,,n. 间谍,,,,,0,0,,,
agentries,'eidʒəntri,,n. 代理人业务；代理人职责,,,,,0,0,0:agentry/1:s,,
agentry,'eidʒәntri,,n. 代理人业务(或职责),n:100,,,,0,47032,s:agentries,,
agents,,n an active and efficient cause; capable of producing a certain effect\nn a representative who acts on behalf of other persons or organizations\nn a substance that exerts some force or effect\nn a businessman who buys or sells for another in exchange for a commission\nn any agent or representative of a federal agency or bureau\nn the semantic role of the animate entity that instigates or causes the happening denoted by the verb in the clause,n. 间谍；代理人；代理商；特工人员（agent的复数形式）,,,,,0,0,0:agent/1:s,,
Agents Act,,,[网络] 代理行为,,,,,0,0,,,
agents against psychiatric disorders,,,[化] 抗精神失常药,,,,,0,0,,,
agents contract,,, [法]代理合同,,,,,0,0,,,
agents dispersing,,,散剂,,,,,0,0,,,
agents general,,,[网络] 代理一般,,,,,0,0,,,
agents of change,,,促变因素\n改变动因,,,,,0,0,,,
agents of erosion,,,侵蚀营力,,,,,0,0,,,
agents of production,,,[经] 生产要素,,,,,0,0,,,
agents provocateurs,,,n. 密探，内奸( agent provocateur的名词复数 ),,,,,0,0,,,
agents surface-active,,,面活性剂,,,,,0,0,,,
agents' intermediaries,,,中间代理商,,,,,0,0,,,
agents-general,,,n. agent-general的变形,,,,,0,0,,,
agents-in-place,,,[网络] 潜伏谍员\n(agent-in-place 的复数),,,,,0,0,0:agent-in-place/1:s,,
agentship,,,[网络] 代理权,,,,,0,0,,,
agentships,,,[网络] 代理人,,,,,0,0,,,
agentspace,,,[网络] 代理空间,,,,,0,0,,,
agentspaces,,,[网络] 代理空间,,,,,0,0,,,
agentvalue,,,[网络] 代理价值,,,,,0,0,,,
ageny relation,,,[法] 代理关系,,,,,0,0,,,
Ageo,,,[地名] 上尾 ( 日 ),,,,,0,0,,,
ageof discretion,,,"(能辨别善恶是非的)懂事年龄,负责年龄",,,,,0,0,,,
ageold,,,adj. 年代久远的\n[网络] 存在已经很久的,,,,,0,0,,,
ageometrical,,,[网络] 时间的,,,,,0,0,,,
ageostrophic,"ei,dʒiәu'strɔfik",,非地转的,,,,,0,0,,,
ageostrophic acceleration,,,非地转加速,,,,,0,0,,,
ageostrophic advection,,,非地转平流,,,,,0,0,,,
ageostrophic circulation,,,非地转环流,,,,,0,0,,,
ageostrophic motion,,,非地转运动,,,,,0,0,,,
ageostrophic wind,,,非地转风,,,,,0,0,,,
ageostrophic wind component,,,非地转风分量,,,,,0,0,,,
ageostropic wind,,, 非地转风,,,,,0,0,,,
ageotropic,ɪdʒɪət'rɒpɪk,, [医]不向地性的,,,,,0,0,,,
ageotropism,"eidʒi'ɔtrә,pizәm",,非向地性,,,,,0,0,,,
AGEP,,,abbr. Advisory Group on Electronic Parts 电子零件咨询组,,,,,0,0,,,
AGEPC,,,[=acetyl glyceryl ether phosphoryl choline]乙酰甘油醚磷酸胆碱,,,,,0,0,,,
ageplay,,,[网络] 年龄游戏；年纪角色扮演,,,,,0,0,,,
ager,'eidʒә,,[化] 熟化器,,,,,0,0,s:agers,,
ager publics,,,[法] 公有土地,,,,,0,0,,,
ager publicus,,,公地,,,,,0,0,,,
ager vectigalis,,,[法] 纳税地,,,,,0,0,,,
agerasia,,n youthful appearance in an old person,"[医] 容颜不老, 驻颜",,,,,0,0,s:agerasias,,
agerasias,,,"[医] 容颜不老, 驻颜\n(agerasia 的复数)",,,,,0,0,0:agerasia/1:s,,
agerasis,,,童颜,,,,,0,0,,,
Agerasy,,,"驻颜老人,不老容颜",,,,,0,0,,,
Ageratina,,,[网络] 假藿香蓟属；紫茎泽兰属,,,,,0,0,s:ageratinas,,
Ageratina adenophora,,,紫茎泽兰,,,,,0,0,,,
Ageratina altissima,,,[网络] 蛇根泽兰；白蛇根,,,,,0,0,s:ageratina altissimas,,
ageratina altissimas,,,[网络] 蛇根泽兰；白蛇根\n(ageratina altissima 的复数),,,,,0,0,0:ageratina altissima/1:s,,
ageratina riparia,,,泽假藿香蓟,,,,,0,0,,,
ageratinas,,,[网络] 假藿香蓟属；紫茎泽兰属\n(ageratina 的复数),,,,,0,0,0:ageratina/1:s,,
ageratochromene,,,胜红蓟素,,,,,0,0,,,
ageratoides,,,[网络] 三脉紫菀；三脉紫苑；三脉叶马兰,,,,,0,0,,,
ageratum,.ædʒә'reitәm,n. any plant of the genus Ageratum having opposite leaves and small heads of blue or white flowers,n. 藿香蓟,n:100,,,,0,45818,s:ageratums,,
ageratum conysoides l.,,,雚香蓟,,,,,0,0,,,
Ageratum conyzoides,,,胜红蓟,,,,,0,0,,,
Ageratum conyzoides L.,,,霍香蓟,,,,,0,0,,,
Ageratum houstonianum,,,[网络] 紫花藿香蓟；紫花霍香蓟；熊耳草,,,,,0,0,s:ageratum houstonianums,,
ageratum houstonianums,,,[网络] 紫花藿香蓟；紫花霍香蓟；熊耳草\n(ageratum houstonianum 的复数),,,,,0,0,0:ageratum houstonianum/1:s,,
ageratums,,plural of ageratum\nn. any plant of the genus Ageratum having opposite leaves and small heads of blue or white flowers,(ageratum 的复数) n. 藿香蓟,,,,,0,0,0:ageratum/1:s,,
Agerbaek,,,阿哲贝克,,,,,0,0,,,
Agerbæk,,,[地名] 艾厄拜克 ( 丹 ),,,,,0,0,,,
agere,,,n. 杰尔系统（公司及其产品名）,,,,,0,0,,,
agere maryam,,,阿格勒马扬,,,,,0,0,,,
agere systems,,,[网络] 杰尔系统；杰尔系统公司；杰尔系统有限公司,,,,,0,0,,,
agerelated,,,[网络] 年龄；年龄有关,,,,,0,0,,,
Agerholm Seamount,,,[地名] 阿格霍尔姆海山 ( 太平洋 ),,,,,0,0,,,
Agerina,,,"西郊虫属〔三叶虫类；O1〕, 西郊虫属〔三叶虫类，O1〕",,,,,0,0,,,
Agerisee,,,阿格里湖,,,,,0,0,,,
agerite,,,对苄氧酚,,,,,0,0,,,
Agernæs,,,[地名] 艾厄角 ( 丹 ),,,,,0,0,,,
agero,,,n. (Agero)人名；(西)阿赫罗,,,,,0,0,,,
ageroplas,,,双苯唑醇,,,,,0,0,,,
agers,,plural of ager,(ager 的复数) [化] 熟化器,,,,,0,0,0:ager/1:s3,,
agerse,,,[网络] 恶作剧,,,,,0,0,,,
Agerskov,,,[地名] 艾厄斯考 ( 丹 ),,,,,0,0,,,
Agersted,,,[地名] 艾厄斯泰兹 ( 丹 ),,,,,0,0,,,
Agersφ,,,[地名] 艾厄瑟 ( 丹 ),,,,,0,0,,,
Agersφ Sd.,,,[地名] 艾厄瑟海峡 ( 丹 ),,,,,0,0,,,
ages,,n how long something has existed\nn an era of history having some distinctive feature\nn a time of life (usually defined in years) at which some particular qualification or power arises\nn a prolonged period of time\nn a late time of life\nv begin to seem older; get older\nv grow old or older\nv make older,abbr. 晚期糖基化终末产物（Advanced Glycation End Products）,,,,,0,0,0:age/1:s3,,
ages ago,,,很久以前,,,,,0,0,,,
ages and climes,,,历代历国，上下纵横,,,,,0,0,,,
ages of consent,,,合法年龄；承诺年龄（指可以结婚或进行性行为，而不触犯法律的最低年龄）,,,,,0,0,0:age of consent/1:s,,
ages of fishes,,,鱼类时代,,,,,0,0,0:age of fishes/1:s,,
ages of majority,,,成年；法定成年人年龄（常定为满18岁）,,,,,0,0,,,
ages of mammals,,,哺乳动物时代,,,,,0,0,0:age of mammals/1:s,,
ages of man,,,第四纪；人类时代,,,,,0,0,0:age of man/1:s,,
ages of reason,,,理性时代,,,,,0,0,0:age of reason/1:s,,
ages of reptiles,,,爬行动物时代,,,,,0,0,0:age of reptiles/1:s,,
ages-of-consent,,,na. 承诺年龄\n[网络] 同意年龄\n(age-of-consent 的复数),,,,,0,0,0:age-of-consent/1:s,,
ages-old,,,[网络] 年龄,,,,,0,0,,,
Agesander,,,[网络] 阿格桑大,,,,,0,0,,,
agesensitivity,,,"年龄敏感性,年龄差异",,,,,0,0,,,
agesilaus,,,[网络] 阿格西劳斯；第一章亚杰西劳斯；斯巴达王阿格西劳,,,,,0,0,,,
Agesilaus II,əˌdʒesəˈleɪəs,,"阿格西劳斯二世(斯巴达国王(公元前399-360年), 被认为是古代最优秀的军事领导人之一, 他在柯林斯战争(公元前394-381年)中成功地保卫了斯巴达)",,,,,0,0,,,
agespecific,,,年龄分组,,,,,0,0,,,
agespecific natality,,,特定年龄出生率,,,,,0,0,,,
agespecific natality rate,,,特定年龄组出生率,,,,,0,0,,,
agest,,,[网络] 巨大的,,,,,0,0,,,
Agesta reactor,,,[核] 阿杰斯塔堆,,,,,0,0,,,
agestion,,,[网络] 漫画,,,,,0,0,,,
aget,,,[网络] activator generated by electron transfer; 电子转移活化剂,,,,,0,0,,,
agete,,,[网络] 音符；方钻；同款,,,,,0,0,,,
ageth,,,[网络] 恶心,,,,,0,0,,,
agetocera choui,,,周氏琉璃拟守瓜,,,,,0,0,,,
agetocera discedens,,,大琉璃拟守瓜,,,,,0,0,,,
agetocera huatungensis,,,花东琉璃拟守瓜,,,,,0,0,,,
agetocera taiwans,,,台湾琉璃拟守瓜,,,,,0,0,,,
agetocera yuae,,,素芳琉璃拟守瓜,,,,,0,0,,,
Agetolitella,,,小阿盖特珊瑚属〔O3〕,,,,,0,0,,,
Agetolites,,,阿盖特珊瑚属〔O3-S1〕,,,,,0,0,,,
ageton,,, [人名] 阿吉顿,,,,,0,0,,,
ageusia,,,"[医] 味觉缺失, 失味症",,,,,0,0,,,
"ageusia, ageustia",ei'ɡju:siə; ei'ɡju:stiə,,n. 【病理学】味觉缺乏症，完全(或部分)丧失味觉,,,,,0,0,,,
ageusiac,,,[网络] 老年人,,,,,0,0,,,
ageusiacs,,,[网络] 老年人,,,,,0,0,,,
ageusias,eɪ'ɡjuːsɪə,,n. 味觉之局部或全部丧失,,,,,0,0,,,
ageusic,,,"[医] 味觉缺乏的, 失味的",,,,,0,0,,,
ageusic aphasia,,,[医] 味觉性失语,,,,,0,0,,,
ageustia,,,"[医] 味觉缺失, 失味症",,,,,0,0,,,
ageustias,"ei'ɡju:siə, ei'ɡju:stiə",,n. 味觉缺失；失味症,,,,,0,0,,,
agevariation,,,年龄变异,,,,,0,0,,,
agewise,,,[网络] 经年所累积比赛的智慧,,,,,0,0,,,
agey,,, [人名] 阿吉,,,,,0,0,,,
ageyev,,,n. (Ageyev)人名；(俄)阿格耶夫,,,,,0,0,,,
Ageyevo,,,[地名] 阿格耶沃 ( 俄 ),,,,,0,0,,,
ageyn,,,[网络] 年龄,,,,,0,0,,,
ageyne,,,[网络] 年龄,,,,,0,0,,,
ageynest,,,[网络] 年龄最大,,,,,0,0,,,
ageynst,,,[网络] 年龄歧视,,,,,0,0,,,
agf,,,[=angle of greatest flexion]最大屈曲角度,,,,,0,0,s:agfs,,
Agfa,,,爱克发牌感光材料和音像器材,,,,,0,0,,,
agfa color film,,,爱克发彩色软片,,,,,0,0,,,
Agfa colour,,,阿克发彩色胶片,,,,,0,0,,,
agfa film,,,爱克发软片,,,,,0,0,,,
Agfa Gevaert Group,,,[网络] 吉华集团；爱克发吉华集团,,,,,0,0,,,
Agfa polyamide,,,爱克发聚酰胺,,,,,0,0,,,
Agfa-Gevaert Group,,,阿克发-古伐集团,,,,,0,0,,,
Agfachrome,,,阿克发彩色反转片,,,,,0,0,,,
Agfacolor,,,阿克发彩色,,,,,0,0,,,
Agfacolour,,,阿克发彩色,,,,,0,0,,,
Agfalva,,,阿格法瓦,,,,,0,0,,,
AGFF,,,研究巡防舰,,,,,0,0,,,
agfi,,,n. 国际体育运动联合会总会\n[网络] 拟合优度指数；配适度指标(Adjusted Goodness of Fit Index)；调整拟合优度指数,,,,,0,0,,,
agflation,,,[网络] 农业通胀；农业通膨；食品通胀,,,,,0,0,,,
agfs,,,[网络] 糖基化终末产物；统计处；糖基化终产物,,,,,0,0,0:agf/1:s,,
agg,,,abbr. 自动增益控制；automatic gain control,,,,,46034,0,s:aggs,,
agg.,,, [医][=agglutinate]凝集，粘合的，粘合剂,,,,,0,0,,,
Aggadah,əɡə'dɑ:,,"n. ＝ Haggadah [亦作 Aggada, Agada]",,,,,0,0,,,
Aggadahs,əɡə'dɑ:,,"n. ＝ Haggadah [亦作 Aggada, Agada]",,,,,0,0,,,
aggadic,ə'ɡɑ:dik,,adj. Aggadah的变形,,,,,0,0,,,
Aggadoth,əɡə'dɔ:t; -'dəut,,n. Aggadah的变形,,,,,0,0,,,
aggarwal,,,n. (Aggarwal)人名；(英)阿加沃尔,,,,,0,0,,,
aggat,,,[网络] 恶棍,,,,,0,0,,,
aggats,,,[网络] 恶棍,,,,,0,0,,,
aggcoral,,,[网络] 抗争,,,,,0,0,,,
aggelation,,,[网络] 凝聚力,,,,,0,0,,,
aggenerate,,,[网络] 积极的,,,,,0,0,,,
aggeneration,,,[网络] 积极性,,,,,0,0,,,
aggenerations,,,[网络] 积极进取,,,,,0,0,,,
Aggeneys,,,[地名] 阿赫内斯 ( 南非 ),,,,,0,0,,,
aggenital plate,,,侧殖板,,,,,0,0,,,
aggenital seta,,,侧殖毛,,,,,0,0,,,
aggenital-anal plate,,,侧殖肛板,,,,,0,0,,,
agger,'ædʒә,n. An earthwork; a mound; a raised work.,n. 古罗马帝国的道路,,,,,0,0,s:aggers,,
agger auriculae,,,"[医] 耳小丘, 耳小桥(耳后肌附着处)",,,,,0,0,,,
agger nasi,,,[医] 鼻堤,,,,,0,0,,,
agger nasi cell,,,鼻丘细胞,,,,,0,0,,,
agger nasi cells,,,[医] 鼻丘小房,,,,,0,0,,,
agger of nose,,,鼻堤,,,,,0,0,,,
agger perpendicularis,,,"[医] 垂直丘, 耳三角窝隆起",,,,,0,0,,,
agger r.,,,阿格河,,,,,0,0,,,
Agger Tange,,,[地名] 阿格半岛 ( 丹 ),,,,,0,0,,,
agger valvae venae,,,[医] 静脉瓣丘,,,,,0,0,,,
aggerate,,,[网络] 骨料,,,,,0,0,,,
aggerated,,,[网络] 恶化,,,,,0,0,,,
aggerates,,,[网络] 聚合,,,,,0,0,,,
aggerating,,,[网络] 聚合,,,,,0,0,,,
aggeration,,,[网络] 恶化,,,,,0,0,,,
aggerations,,,[网络] 恶化,,,,,0,0,,,
aggeres,,,"[医] 堤, 丘",,,,,0,0,,,
aggernasi,,,鼻堤,,,,,0,0,,,
aggerose,,,[网络] 恶心,,,,,0,0,,,
aggers,,plural of agger\nn. An earthwork; a mound; a raised work.,(agger 的复数) n.古罗马帝国的道路,,,,,0,0,0:agger/1:s,,
Aggersborg,,,[地名] 阿格斯堡 ( 丹 ),,,,,0,0,,,
Aggersund,,,[地名] 阿格松 ( 丹 ),,,,,0,0,,,
aggest,æɡ,v. t. To heap up.,n. [英国俚语]暴力行为[aggro的缩略],,,,,0,0,,,
aggested,,,[网络] 打扰了,,,,,0,0,,,
aggesting,,,[网络] 厌恶,,,,,0,0,,,
aggestion,,,[网络] 恶作剧,,,,,0,0,,,
aggests,,,[网络] 吃东西,,,,,0,0,,,
Aggeus,ә'^i:әs,n a Hebrew minor prophet\nn an Old Testament book telling the prophecies of Haggai which are concerned mainly with rebuilding the temples after the Babylonian Captivity,n. 哈该（希伯来的先知）,,,,,0,0,s:aggeuss,,
aggeuss,ə'ɡi:əs,,n. 【杜埃版《圣经》】＝ Haggai,,,,,0,0,0:aggeus/1:s,,
aggfutogenic,,,凝集原的,,,,,0,0,,,
aggh,,,[网络] 亨德森机场,,,,,0,0,,,
Aggi,,,[地名] 阿吉 ( 尼日利 ),,,,,0,0,s:aggis,,
aggie,'æɡi,,n. 农业学校；农科大学生,,,,,13603,0,s:aggies,,
aggieland,,,[网络] 聚集地,,,,,0,0,,,
aggies,,,agate playing marbles 玛瑙制成的玩具弹球；students of agricultural colleges or schools 农业学院或学校的学生（代号）,,,,,0,0,0:aggie/1:s,,
agging,æɡ,,n. [英国俚语]暴力行为[aggro的缩略],,,,,0,0,,,
aggiornamenti,"ə,dʒɔ:nə'menti",,n. 现代化( aggiornamento的名词复数 ),,,,,0,0,,,
aggiornamento,ә.dʒɒ:nә'mentou,,n. 现代化,n:100,,,,0,43374,s:aggiornamentoes,,
aggiornamentoes,"ə,dʒɔːnə'mentəʊ",,n. 现代化；机构或组织之现代化,,,,,0,0,0:aggiornamento/1:s,,
aggiornamentos,"ə,dʒɔːnə'mentəʊ",,"aggiornamento\n[ə,dʒɔ:nə'mentəu]\nn.\n[意大利语]\n(组织机构的章程、方法、思想等的)现代化\n(罗马天主教的)习俗(或教义)现代化\n变形：\nn.\naggiornamenti",,,,,0,0,,,
aggis,,, [人名] 阿吉斯,,,,,0,0,0:aggi/1:s,,
Aggius,,,[地名] 阿朱斯 ( 意 ),,,,,0,0,,,
aggiutinating property,,,[机] 烧结性,,,,,0,0,,,
AGGL,,,[=agglutination]凝集反应,,,,,0,0,,,
aggl(agglutination),,,凝集反应,,,,,0,0,,,
agglaciation,,,加强冰河作用,,,,,0,0,,,
agglate,,,[网络] 残余血小板聚集率,,,,,0,0,,,
agglo merate,,,集块岩,,,,,0,0,,,
aggloid,,,类凝素,,,,,0,0,,,
agglomerability,,,"可附聚性,可粘结性",,,,,0,0,,,
agglomerant,ә'^lɔmәrәnt,,"n. 粘结剂, 凝集剂\n[计] 粘结剂, 凝结剂",,,,,0,0,,,
agglomerate,ә'glɒmәreit,n. volcanic rock consisting of large fragments fused together\nv. form into one cluster\ns. clustered together but not coherent,"n. 大团, 大块\na. 成块的, 聚结的\nvt. 使成团, 使成块, 使聚结\nvi. 成团, 成块, 聚结",,,,gre,0,0,s:agglomerates/i:agglomerating/p:agglomerated/3:agglomerates/d:agglomerated,,
agglomerate cell,,,[机] 块集池,,,,,0,0,,,
agglomerate eye,,,聚眼,,,,,0,0,,,
agglomerate lava,əˈglɔməˌrət ˈlɑ:və,, 集块熔岩,,,,,0,0,,,
agglomerate table,,,凝结台,,,,,0,0,,,
agglomerate tabling,,,[机] 机台浮选,,,,,0,0,,,
agglomerate texture,,,集块组织，集块结构,,,,,0,0,,,
agglomerate tuff,,,"集块凝灰岩, 集块凝炭岩",,,,,0,0,,,
agglomerate weigh hopper,,,un. 烧结块称量漏斗,,,,,0,0,,,
agglomerate-form concrete,,,[网络] 烧结矿渣泡沫混凝土,,,,,0,0,,,
agglomerated,,"imp. & p. p. of Agglomerate\na. Collected into a ball, heap, or mass.\na. Collected into a rounded head of flowers.",团聚的,,,,,0,0,0:agglomerate/1:p,,
agglomerated cake,,,烧结块,,,,,0,0,,,
agglomerated flux,,,[化] 烧结焊剂,,,,,0,0,,,
agglomerated particle,,,团聚颗粒,,,,,0,0,,,
agglomerated settlement,,,【地理学】集块沉陷,,,,,0,0,,,
agglomerated soot particle,,,成团煤烟微粒,,,,,0,0,,,
agglomerated structure,,,聚结组织,,,,,0,0,,,
agglomerates,əɡ'lɒməreɪts,n volcanic rock consisting of large fragments fused together\nn a collection of objects laid on top of each other\nv form into one cluster, 附聚物,,,,,0,0,1:s3/0:agglomerate,,
agglomeratic,,,[网络] 集块岩状的；集层岩,,,,,0,0,,,
agglomeratic ice sheet,,,块集冰盾,,,,,0,0,,,
agglomerating,ә'^lɔmәreitiŋ,v form into one cluster,"[机] 附聚的, 烧结的, 附聚(作用); 凝结的, 胶凝的",,,,,0,0,1:i/0:agglomerate,,
agglomerating agent,,,[化] 烧结因素; 凝结剂; 胶凝剂,,,,,0,0,,,
agglomerating combustor,,,渣燃烧室,,,,,0,0,,,
agglomerating force,,,团聚力,,,,,0,0,,,
agglomerating index,,,结焦指数,,,,,0,0,,,
agglomerating language,,,【语言学】粘结型语言,,,,,0,0,,,
agglomerating plant,,,[冶] 球团厂,,,,,0,0,,,
agglomerating value,,,煤的凝结值,,,,,0,0,,,
agglomerating value of coal,,,煤凝结值,,,,,0,0,,,
agglomeration,ә.glɒmә'reiʃәn,n. a jumbled collection or mass\nn. the act of collecting in a mass; the act of agglomerating,"n. 结块, 聚结, 大块\n[化] 附聚; 附聚作用; 烧结团聚; 烧结作用; 团聚",n:100,,,,34192,30078,s:agglomerations,,
agglomeration economics,əˌɡlɑməˈreʃən ˌɛkəˈnɑmɪks,,n. 集聚经济,,,,,0,0,,,
agglomeration economy,,,聚集经济;聚集经济,,,,,0,0,,,
agglomeration effect,,,凝聚效应,,,,,0,0,,,
agglomeration in space,,,空间凝集,,,,,0,0,,,
agglomeration of fine ore,,,[冶] 粉矿造块,,,,,0,0,,,
agglomeration of industry,,,工业集聚,,,,,0,0,,,
agglomeration of iron oxide ore,,,un. 氧化铁矿石烧结,,,,,0,0,,,
agglomeration rate,,,附聚率,,,,,0,0,,,
agglomeration roast,,,烧结焙烧,,,,,0,0,,,
agglomeration strand,,,un. 带式烧结机,,,,,0,0,,,
agglomeration technique,,,un. 造块方法\n[网络] 造粒技术；黏聚法,,,,,0,0,,,
agglomeration test,,,【采矿】焦结性试验,,,,,0,0,,,
agglomerations,əɡlɒmə'reɪʃnz,n. a jumbled collection or mass\nn. the act of collecting in a mass; the act of agglomerating,"n. 成团, 结块（agglomeration的复数形式）",,,,,0,0,0:agglomeration/1:s,,
agglomerative,ә'glɒmәreitiv,s clustered together but not coherent,"a. 会凝聚的\n[机] 附聚的, 烧结的, 凝结的",,,,,0,0,,,
agglomerative factor,,,聚集因素;聚集因素,,,,,0,0,,,
agglomerative hierarchical clustering,,,凝集群法,,,,,0,0,,,
agglomerative method,,,综合法,,,,,0,0,,,
agglomerative tendencies,,,联合的趋势,,,,,0,0,,,
agglomerator,"ә'^lɔmә,reitә",n a device that causes material to gather into rounded balls,(电气除尘器的)沉降电极,,,,,0,0,s:agglomerators,,
agglomerator section,,,降电极(电气除尘器的),,,,,0,0,,,
agglomerators,,,[网络] 附聚物,,,,,0,0,0:agglomerator/1:s,,
agglomerin,,,"[医] 团集素, 簇状凝集素",,,,,0,0,,,
agglut,,,"[=agglutinated]凝集的,粘合的",,,,,0,0,,,
agglutin,,,[网络] 凝集素,,,,,0,0,,,
agglutin-,,,凝集,,,,,0,0,,,
agglutinabilities,"ə,ɡlu:tinə'biləti",,n. 可凝集性；粘结力,,,,,0,0,,,
agglutinability,"ә,^lu:tinә'bilәti",,"n. 粘结力,可凝集性",,,,,0,0,,,
agglutinable,ә'^lu:tinәbl,,可凝结的,,,,,0,0,,,
agglutinable substance,,,[医] 可凝集物质,,,,,0,0,,,
agglutinant,ә'glu:tinәnt,"a. Uniting, as glue; causing, or tending to cause,\n   adhesion.\nn. Any viscous substance which causes bodies or parts to\n   adhere.",n. 粘合剂\na. 粘性的,,,,,0,0,,,
agglutinants,ə'ɡluːtɪnənt,,adj. 粘性的\nn. 粘着剂,,,,,0,0,,,
agglutinase,,,凝集酶,,,,,0,0,,,
agglutinate,ә'glu:tineit,"v. string together (morphemes in an agglutinating language)\nv. clump together; as of bacteria, red blood cells, etc.\ns. united as if by glue","a. 粘着的, 胶合的\nvt. 使...粘着\nvi. 粘合, 成胶状",,,,,0,0,p:agglutinated/d:agglutinated/i:agglutinating/3:agglutinates,,
agglutinate cone,,,寄生熔岩锥,,,,,0,0,,,
agglutinate languages,,,【语言学】粘着语,,,,,0,0,,,
agglutinated,ə'gluːtɪneɪt,imp. & p. p. of Agglutinate,vi. 粘合；成胶状\nvt. 使粘合；使凝集\na. 胶合的；粘结的,,,,,0,0,0:agglutinate/1:pd,,
agglutinated test,,,胶结壳,,,,,0,0,,,
agglutinates,,"v string together (morphemes in an agglutinating language)\nv clump together; as of bacteria, red blood cells, etc.","v. 使…粘着, 成胶状, 粘合（agglutinate的第三人称单数形式）",,,,,0,0,1:3/0:agglutinate,,
agglutinating,,"v string together (morphemes in an agglutinating language)\nv clump together; as of bacteria, red blood cells, etc.","[机] 凝集的, 烧结的, 粘结的",,,,,0,0,0:agglutinate/1:i,,
agglutinating activities,,,[网络] 凝集活动\n(agglutinating activity 的复数),,,,,0,0,0:agglutinating activity/1:s,,
agglutinating activity,,,[网络] 凝集活动,,,,,0,0,s:agglutinating activities,,
agglutinating antibody,,,[医] 凝集抗体,,,,,0,0,,,
agglutinating foram,,,砂质有孔虫类,,,,,0,0,,,
agglutinating language,,,粘着语,,,,,0,0,,,
agglutinating matter,,,"絮凝剂,凝集物,絮凝物质,烧结物质",,,,,0,0,,,
agglutinating method test outfit for syphilis,,,凝集法梅毒测试仪,,,,,0,0,,,
agglutinating power,,,[机] 烧结本领,,,,,0,0,,,
agglutinating property,,,[化] 烧结性,,,,,0,0,,,
agglutinating substance,,,[医] 凝集素,,,,,0,0,,,
agglutinating test,,,[机] 烧结试验,,,,,0,0,,,
agglutinating value,,,[化] 烧结性; 粘结性,,,,,0,0,,,
agglutinating value of coal,,,[化] 煤的烧结性; 粘结性,,,,,0,0,,,
agglutination,ә.glu:ti'neiʃәn,n. a clumping of bacteria or red cells when held together by antibodies (agglutinins)\nn. the building of words from component morphemes that retain their form and meaning in the process of combining\nn. the coalescing of small particles that are suspended in solution; these larger masses are then (usually) precipitated,"n. 粘着, 胶合, 粘结团\n[化] 烧结; 烧结作用; 凝集; 凝集作用",n:100,,,,0,45030,s:agglutinations,,
agglutination absorption test,,,凝集吸收试验,,,,,0,0,,,
agglutination inhibition test,,,凝集抑制试验,,,,,0,0,,,
agglutination lysis test,,,凝集溶解试验,,,,,0,0,,,
agglutination of erythrocyte,,,[网络] 红细胞凝集,,,,,0,0,,,
agglutination of spermatozoa,,,精子凝集,,,,,0,0,,,
agglutination phenomenon,,,凝集现象,,,,,0,0,,,
agglutination reaction,,,[医] 凝集反应,,,,,0,0,,,
agglutination reaction plate,,,血液凝集反应板,,,,,0,0,,,
agglutination reaction test tube,,,凝集反应试管,,,,,0,0,,,
agglutination test,,,[医] 凝集试验(检细菌凝集),,,,,0,0,s:agglutination tests,,
agglutination tests,,,【病毒学】凝集试验,,,,,0,0,0:agglutination test/1:s,,
agglutination titer,,,[医] 凝集价,,,,,0,0,,,
agglutination zone,,,"凝集带；凝集区, 凝集带，凝集区",,,,,0,0,,,
agglutination-lysis test,,,[免疫] 凝集－溶解试验,,,,,0,0,,,
agglutinationlysis test,,,凝集-溶解试验,,,,,0,0,,,
agglutinations,,,"n. 凝集(作用,现象)；胶合；(伤口)愈合\n[网络] 凝集反应；凝集作用；红细胞凝集",,,,,0,0,0:agglutination/1:s,,
agglutinative,ә'glu:tinәtiv,s. forming derivative or compound words by putting together constituents each of which expresses a single definite meaning,"a. 粘性的, 粘结的\n[化] 凝集的; 烧结的",,,,,0,0,,,
agglutinative absorption,,,集吸收作用,,,,,0,0,,,
agglutinative language,,,un. 〔语〕粘着型语言\n[网络] 黏着语；粘着语；黏著语,,,,,0,0,,,
agglutinative languages,,,[网络] 粘着法构词的语言,,,,,0,0,,,
agglutinative thrombus,,,"[医] 凝集性血栓, 透明血栓",,,,,0,0,,,
agglutinatively,,,[网络] 凝集地,,,,,0,0,,,
agglutinativeness,,,[网络] 凝集力,,,,,0,0,,,
agglutinativity,,,[网络] 凝集力,,,,,0,0,,,
agglutinator,,,"[医] 凝集物, 凝集素",,,,,0,0,,,
agglutinin,ә'glu:tinin,n. an antibody that causes agglutination of a specific antigen,n. 凝集素\n[化] 凝集素,,,,,0,0,s:agglutinins,,
agglutinin absorption,,,[医] 凝集素吸引,,,,,0,0,,,
agglutinin absorption test,,,凝集素吸收试验,,,,,0,0,,,
agglutinin adsorption,,,[医] 凝集素吸附,,,,,0,0,,,
agglutinin-rich whey,,,富含凝集素的乳清,,,,,0,0,,,
agglutinin-titer,,,凝集素价,,,,,0,0,,,
agglutinine,,,[生化 免疫] 凝集素,,,,,0,0,,,
agglutinins,,,n. 【生化】【免疫】(能引起细菌、血细胞等凝集的)凝集素\n[网络] 凝集素类；白芍提取物凝聚素,,,,,0,0,0:agglutinin/1:s,,
agglutinize,,,[网络] 凝集,,,,,0,0,,,
agglutinized,,,[网络] 凝集,,,,,0,0,,,
agglutino-,,,凝集,,,,,0,0,,,
agglutinogen,",æ^lu'tinәdʒәn",n any substance that acts as an antigen to cause agglutinin production,n. [生](产生凝集素的)凝集原,,,,,0,0,s:agglutinogens,,
agglutinogenic,",æ^lu:tinә'dʒenik",,a. 可粘结的,,,,,0,0,,,
agglutinogens,,,"n. 【微,医】(产生凝集素的)凝集原",,,,,0,0,0:agglutinogen/1:s,,
agglutinoid,,,[医] 类凝集素,,,,,0,0,,,
agglutinoid reaction,,,[医] 类凝集素反应,,,,,0,0,,,
agglutinophilic,,,[医] 易凝集的,,,,,0,0,,,
agglutinophore,,,[医] 凝集簇,,,,,0,0,,,
agglutinophore group,,,[医] 凝集群,,,,,0,0,,,
agglutinoscope,,,[医] 凝集反应镜,,,,,0,0,,,
agglutinoscopy,,,[医] 凝集反应镜检查,,,,,0,0,,,
agglutinphore group,,,凝集簇,,,,,0,0,,,
agglutins,,,[网络] 凝集素,,,,,0,0,,,
agglutinum,,,[医] 细菌凝质,,,,,0,0,,,
agglutinumoid,,,[医] 耐热凝集素,,,,,0,0,,,
agglutogen,,,[医] 凝集原,,,,,0,0,,,
agglutogenia,,,产生凝集素的,,,,,0,0,,,
agglutogenic,,,[医] 产生凝集素的,,,,,0,0,,,
agglutometer,ә^lu:'tɔmitә,,凝集反应器,,,,,0,0,,,
Aggol,,,阿格湖,,,,,0,0,,,
aggot,,,[网络] 积极的,,,,,0,0,,,
aggphore,,,凝集簇,,,,,0,0,,,
aggrace,,"aggrace (third-person singular simple present aggraces, present participle aggracing, simple past and past participle aggraced)\n(transitive, obsolete) To favour; to grace.\n\n\naggrace (uncountable)\n(obsolete) grace; favour\n",,,,,,0,0,,,
aggraced,,,[网络] 恶化,,,,,0,0,,,
aggraces,,,[网络] 恶化,,,,,0,0,,,
aggracing,,,[网络] 恶化,,,,,0,0,,,
aggradated,ægrәˊdeitid,,a. 冲积的,,,,,0,0,,,
aggradated plain,,, 加积平原,,,,,0,0,,,
aggradation,",æ^rә'deiʃən",,n. 沉积,,,,,0,0,s:aggradations,,
aggradation island,ˌæɡrəˈdeiʃən ˈailənd,, 加积岛,,,,,0,0,,,
aggradation of ice level,,,冰位抬高,,,,,0,0,,,
aggradation of level,,,河床淤积高度,,,,,0,0,,,
aggradation of risk,,,[网络] 风险增加,,,,,0,0,,,
aggradation of river bed,,,河床的淤高,,,,,0,0,,,
aggradation plain,,,沉积平原,,,,,0,0,,,
aggradation recrystallization,,,【地质学】加积重结晶,,,,,0,0,,,
aggradational,æɡrə'deɪʃənəl,,a. 沉积的,,,,,0,0,,,
aggradational deposit,,,"填积沉积, 塡积；沉积, 填积堆积",,,,,0,0,,,
aggradational plain,,,加积平原,,,,,0,0,,,
aggradational soils,,, 加积土壤,,,,,0,0,,,
aggradational terrace,,, 加积阶地,,,,,0,0,,,
aggradations,,plural of aggradation,(aggradation 的复数) n.沉积,,,,,0,0,0:aggradation/1:s,,
aggrade,ә'^reid,v build up to a level by depositing sediment,v. 使河床升高,,,,,0,0,p:aggraded/d:aggraded/i:aggrading/3:aggrades,,
aggraded,,v build up to a level by depositing sediment,v. 使河床升高( aggrade的过去式和过去分词 ),,,,,0,0,0:aggrade/1:pd,,
aggraded flood plain,,,洪积平原,,,,,0,0,,,
aggraded valley,,, 冲积河谷,,,,,0,0,,,
aggraded valley floor,,,加积谷底,,,,,0,0,,,
aggraded valley plain,,,冲积平原,,,,,0,0,,,
aggrades,,v build up to a level by depositing sediment,v. 使河床升高( aggrade的第三人称单数 ),,,,,0,0,1:3/0:aggrade,,
aggrading,,v build up to a level by depositing sediment,v. 使河床升高( aggrade的现在分词 ),,,,,0,0,1:i/0:aggrade,,
aggrading action,,,加积作用,,,,,0,0,,,
aggrading fan,,,积夷沖积扇,,,,,0,0,,,
aggrading river,,,冲积河流,,,,,0,0,,,
aggrading stream,,,加积河,,,,,0,0,,,
aggrandise,əɡ'rændaɪz,v add details to,vt. 扩大某人的权力; 提高某人的地位; 夸大; 吹捧,,,,,0,0,,,
aggrandised,,past participle of aggrandise\nv add details to,(aggrandise 的过去分词) vt. 扩大某人的权力; 提高某人的地位; 夸大; 吹捧,,,,,0,0,0:aggrandise/1:dp,,
aggrandisement,,,n. 增加,,,,,0,0,s:aggrandisements,,
aggrandisements,,,[网络] 紧张,,,,,0,0,0:aggrandisement/1:s,,
aggrandiser,,,[网络] 突击者,,,,,0,0,,,
aggrandisers,,,[网络] 扩张者,,,,,0,0,,,
aggrandises,,,[网络] 强硬,,,,,0,0,,,
aggrandising,,-ing form of aggrandise\nv add details to,(aggrandise 的现在分词) vt. 扩大某人的权力; 提高某人的地位; 夸大; 吹捧,,,,,0,0,0:aggrandise/1:i,,
aggrandizable,,,[网络] 强化,,,,,0,0,,,
aggrandization,,,[网络] 强化,,,,,0,0,,,
aggrandizations,,,[网络] 扩大,,,,,0,0,,,
aggrandize,ә'grændaiz,v add details to,"vt. 增加, 夸大",v:100,,,gre,0,38797,i:aggrandizing/p:aggrandized/3:aggrandizes/d:aggrandized,,
aggrandized,ə'grændaɪz,imp. & p. p. of Aggrandize,vt. 增加；夸大；强化,,,,,0,0,1:pd/0:aggrandize,,
aggrandizement,ә'grændizmәnt,n. the act of increasing the wealth or prestige or power or scope of something,"n. 增大, 扩大, 夸大",n:100,,,,43238,30177,s:aggrandizements,,
aggrandizement effect,,,夸张效果,,,,,0,0,,,
aggrandizements,,plural of aggrandizement\nn. the act of increasing the wealth or prestige or power or scope of something,"(aggrandizement 的复数) n. 增大, 扩大, 夸大",,,,,0,0,0:aggrandizement/1:s,,
aggrandizer,,"n. One who aggrandizes, or makes great.",n. aggrandize的变形,,,,,0,0,,,
aggrandizers,,,[网络] 强化剂,,,,,0,0,,,
aggrandizes,əˈgrænˌdaɪziz,v add details to,v. 扩大某人的权力( aggrandize的第三人称单数 ); 提高某人的地位; 夸大; 吹捧,,,,,0,0,1:3/0:aggrandize,,
aggrandizest,ə'grændaɪz,,vt. 扩大(范围)；扩大…的权势(或权力)；提高…的地位(或荣誉等)；增加…的财富，使更富有；增大，增强[常与反身代词连用]：,,,,,0,0,,,
aggrandizeth,,,[网络] 强奸,,,,,0,0,,,
aggrandizing,ə'grændaɪz,p. pr. & vb. n. of Aggrandize,vt. 增加；夸大；强化,,,,,0,0,1:i/0:aggrandize,,
aggraphobia,,,广场恐惧症,,,,,0,0,,,
Aggrastat,,,是一种抗血小板聚集药,,,,,0,0,,,
aggratate,,,加重,,,,,0,0,,,
aggrate,ə'ɡreit,a. To please.,vt. [废语]；使高兴；使满足,,,,,0,0,,,
aggrated,,,vt. aggrate的变形,,,,,0,0,,,
aggrates,ə'ɡreit,,vt. [废语]；使高兴；使满足,,,,,0,0,,,
aggrating,,,vt. aggrate的变形,,,,,0,0,,,
aggravable,,,[网络] 恶化,,,,,0,0,,,
aggravatable,,,[网络] 恶化,,,,,0,0,,,
aggravate,'ægrәveit,v make worse\nv exasperate or irritate,"vt. 使恶化, 使更严重, 加重",v:100,1,,cet6 ky toefl ielts gre,9460,9820,d:aggravated/p:aggravated/i:aggravating/3:aggravates/s:aggravates,,
aggravated,'æɡrә.veitid,"s. made more severe or intense especially in law\ns. incited, especially deliberately, to anger",a. 加重的；恶化的,j:100,,,,23210,16312,0:aggravate/1:dp,,
aggravated assault,ˈægrəˌveɪtɪd,,n. 加重恐吓行为,,,,,0,0,s:aggravated assaults,,
aggravated assaults,,,【法律】(因有故意犯罪而构成的)加重恐吓行为，加重攻击罪,,,,,0,0,0:aggravated assault/1:s,,
aggravated burglary,,,[法] 加重窃盗罪,,,,,0,0,,,
aggravated criminal responsibility,,,[法] 加重结果责任,,,,,0,0,,,
aggravated damages,,,"[法] 加重侵占财产, 严重损害",,,,,0,0,,,
Aggravated Felony,,,[网络] 重罪；加重重罪；严重罪行,,,,,0,0,,,
aggravated larceny,,,[法] 加重窃盗罪,,,,,0,0,,,
aggravated libel,,,[法] 加重的诽谤,,,,,0,0,,,
aggravated misconduct,,,[法] 严重的不法行为,,,,,0,0,,,
aggravated negligence,,,[法] 重大过失,,,,,0,0,,,
aggravated punishment,,,[法] 加重的处罚,,,,,0,0,,,
aggravated theft,,,[法] 加重盗窃罪,,,,,0,0,,,
aggravatedly,,,[网络] 更加严重,,,,,0,0,,,
aggravates,ˈæɡrəveits,v make worse\nv exasperate or irritate,v. 使恶化( aggravate的第三人称单数 ); 使更严重; 激怒; 使恼火,,,,,0,0,0:aggravate/1:3,,
aggravatest,'ægrəveɪt,,vt. 使(病情)恶化；加重，使(疾病、痛苦等)加剧；使更坏：；[口语]激怒，触怒；使恼火：,,,,,0,0,,,
aggravateth,,,[网络] 恶化,,,,,0,0,,,
aggravating,'ægrәveitiŋ,s. making worse,"a. 使恶化的, 加重的, 恼人的",j:100,,,toefl,38076,30556,0:aggravate/1:i/s:aggravatings,,
aggravating circumstances,,,可加重罪行的情况,,,,,0,0,,,
aggravatingly,,adv. In an aggravating manner.,adv. aggravating的变形,,,,,0,0,,,
aggravatings,"'æɡrə,veɪtɪŋ",,adj. 加重的；令人恼怒的\nv. 使恶化；激怒（aggravate的ing形式）,,,,,0,0,0:aggravating/1:s,,
aggravation,ægrә'veiʃәn,n. an exasperated feeling of annoyance\nn. unfriendly behavior that causes anger or resentment\nn. action that makes a problem or a disease (or its symptoms) worse,"n. 恶化, 加重, 恼怒\n[法] 加重, 严重",n:100,,,,15429,20228,s:aggravations,,
aggravation from repetiton,,,[法] 累犯之加重刑罚,,,,,0,0,,,
aggravation of lumbar lordosis,,,腰前凸加大,,,,,0,0,,,
aggravation of penalty,,,"[法] 刑罚加重, 加重处罚",,,,,0,0,,,
aggravation of the situation,,,[法] 事态的恶化,,,,,0,0,,,
aggravations,,plural of aggravation\nn. an exasperated feeling of annoyance\nn. unfriendly behavior that causes anger or resentment\nn. action that makes a problem or a disease (or its symptoms) worse,"(aggravation 的复数) n. 恶化, 加重, 恼怒\n[法] 加重, 严重",,,,,0,0,0:aggravation/1:s,,
aggravative,,,[网络] 逆分配,,,,,0,0,,,
aggravatives,,,[网络] 加剧,,,,,0,0,,,
aggravator,,, 使加重者,,,,,0,0,s:aggravators,,
aggravators,,,[网络] 激怒语,,,,,0,0,0:aggravator/1:s,,
aggrave,,,[网络] 扩大，张大,,,,,0,0,,,
aggravidization,,,[网络] 恶化,,,,,0,0,,,
aggre,ə'ɡre,,n. [英国俚语]盛气凌人，粗暴；爱挑衅；侵犯行为,,,,,0,0,,,
aggreagtion community,,,集聚群落,,,,,0,0,,,
aggreation,,,"凝集反应,聚集反应",,,,,0,0,,,
aggrecan,,,聚集蛋白聚糖,,,,,0,0,,,
aggrecanase,,,[网络] 酶；多糖酶；集硅酶,,,,,0,0,,,
aggrecanases,,,[网络] 聚集蛋白聚糖酶；蛋白聚醣酶；可聚蛋白多糖酶,,,,,0,0,,,
aggrecans,,,[网络] 软骨蛋白聚糖类；醣蛋白,,,,,0,0,,,
aggred. feb.,,,[医] 热续升时,,,,,0,0,,,
aggregabilities,,,[网络] 聚合性,,,,,0,0,,,
aggregability,,,[网络] 聚合性,,,,,0,0,,,
aggregable,,,[网络] 可聚合,,,,,0,0,,,
aggregant,,,[网络] 聚合,,,,,0,0,,,
aggregat,,,集料,,,,,0,0,,,
aggregata,,,丛集球虫属,,,,,0,0,,,
aggregatable,,,[网络] 聚合,,,,,0,0,,,
aggregate,'ægrigәt,"n. material such as sand or gravel used with cement and water to make concrete, mortar, or plaster\nn. a sum total of many heterogenous things taken together\nv. amount in the aggregate to\nv. gather in a mass, sum, or whole","n. 合计, 总计, 聚集体\na. 合计的, 聚集的\nv. 聚集, 集合, 合计达\n[计] 聚合体; 聚集",j:45/v:23/n:32,2,,toefl ielts gre,5505,12841,s:aggregates/d:aggregated/i:aggregating/3:aggregates/p:aggregated,,
aggregate adjustment,,,综合调整方法,,,,,0,0,,,
aggregate amount,,,[经] 总金额,,,,,0,0,,,
aggregate amount of L/C,,,[金融] 信用证总额,,,,,0,0,,,
aggregate analysis,,,总量分析,,,,,0,0,,,
aggregate area of wires,,,钢丝总面积,,,,,0,0,,,
aggregate arrival,,,un. 成批到达,,,,,0,0,,,
aggregate assets and liabilities,,,总体资产与负债,,,,,0,0,,,
aggregate assignment,,,[计] 集合体赋值,,,,,0,0,,,
aggregate at constant price,,,[网络] 按固定价格计算的总体数字；按固定价格计算的总额,,,,,0,0,,,
aggregate auction,,,[网络] 集合竞价；联合拍卖,,,,,0,0,,,
aggregate average propensity to consume,,,[统计] 总平均消费倾向,,,,,0,0,,,
aggregate averaging,,,测定集料平均粒径,,,,,0,0,,,
aggregate balance,,,[经] 余额总计,,,,,0,0,,,
aggregate balance sheet,,,[经] 合并资产负债表,,,,,0,0,,,
aggregate balancing,ˈæɡriɡit ˈbælənsiŋ,, 综合平衡,,,,,0,0,,,
aggregate bandwidth,,,聚合带宽,,,,,0,0,,,
aggregate base,,,[建] 骨料底层,,,,,0,0,,,
aggregate basis,,,[网络] 总和基准,,,,,0,0,,,
aggregate batcher,,,集料配料面;骨粉分批计量机;骨料配料机,,,,,0,0,,,
aggregate batching bin,,,骨料配料仓,,,,,0,0,,,
aggregate bilateral program,,,总体双边计划,,,,,0,0,,,
aggregate bin,,,骨料仓,,,,,0,0,,,
aggregate bit rate,,,群路比特率,,,,,0,0,,,
aggregate blending,,,骨料混合,,,,,0,0,,,
aggregate body,ˈæɡriɡit ˈbɔdi,, 散装货物货箱,,,,,0,0,,,
aggregate breaking force,,,钢丝破断拉力总和,,,,,0,0,,,
aggregate breeding value,,,综合育种值,,,,,0,0,,,
aggregate capacity,,,[机] 聚集容量,,,,,0,0,,,
aggregate capital,ˈæɡriɡit ˈkæpitl,, [财]总资本,,,,,0,0,,,
aggregate capitalist,,,un. 集体资本家,,,,,0,0,,,
aggregate cash inflows,,,[经] 现金流入总额,,,,,0,0,,,
aggregate cash outflow,,,现金流出总额,,,,,0,0,,,
aggregate cash outflows,,,[经] 现金流出总额,,,,,0,0,,,
aggregate channel,,,[计] 集合信道,,,,,0,0,,,
aggregate chromomere,,,聚合染色粒,,,,,0,0,,,
aggregate collector,,,[机] 砂石采集机,,,,,0,0,,,
aggregate combination,,,"集料混[化]合,集合结构",,,,,0,0,,,
aggregate combinations,,,[机] 聚集组,,,,,0,0,,,
aggregate concept,,,总合概念,,,,,0,0,,,
aggregate consumer purchasing power,,,总消费者购买力,,,,,0,0,,,
aggregate consumption,,,"[经] 总消耗量, 总消费量",,,,,0,0,,,
aggregate consumption expenditure,,,[经] 总消费支出,,,,,0,0,,,
aggregate consumption function,,,总消费函数,,,,,0,0,,,
aggregate consumption funds,,,累计的消费基金,,,,,0,0,,,
aggregate cooling,,,[建] 混凝土骨料冷却,,,,,0,0,,,
aggregate corporation,,,[经] 社团法人,,,,,0,0,,,
aggregate correction factor,,,骨料修正系数,,,,,0,0,,,
aggregate cost,,,总费用\n总成本\n总开销\n总价,,,,,0,0,,,
aggregate cost of coverage,,,[经] 承保总值,,,,,0,0,,,
aggregate crusher,,,碎石机,,,,,0,0,,,
aggregate cup fruit,,,聚合杯果,,,,,0,0,,,
aggregate data,ˈæɡriɡit ˈdeitə,, 综合数据,,,,,0,0,,,
aggregate data type,,,[网络] 聚合数据类型,,,,,0,0,,,
aggregate decision,,,总体决策,,,,,0,0,,,
aggregate deductible,,,累积自负额,,,,,0,0,,,
aggregate demand,,,[经] 总需求,,,,,0,0,,,
aggregate demand & supply curves,,,总供求曲线,,,,,0,0,,,
aggregate demand behavioral parameter,,,un. 积累总需求行为参数,,,,,0,0,,,
aggregate demand curve,,,总需求曲线,,,,,0,0,,,
aggregate demand function,,,累积总需求函数;总需求函数,,,,,0,0,,,
aggregate demand management,,,[经管] 总需求管理,,,,,0,0,,,
aggregate demand price,,,总合需求价格,,,,,0,0,,,
aggregate deviation,,,综合离差,,,,,0,0,,,
aggregate dilution,,,股权总合稀释,,,,,0,0,,,
aggregate discount,,,总折扣；(按照货价)打九折,,,,,0,0,,,
aggregate disintegration,,,团聚体崩解,,,,,0,0,,,
aggregate domestic demand structure,,,[网络] 国内总需求结构,,,,,0,0,,,
aggregate domestic supply structure,,,[网络] 国内总供给结构,,,,,0,0,,,
aggregate dominance,,,"总显性,聚加显性",,,,,0,0,,,
aggregate drain,,,集料盲沟,,,,,0,0,,,
aggregate dynamics,,, [统计] 总体动态性; [统计] 综合动态性,,,,,0,0,,,
aggregate earnings value,,,总收益值,,,,,0,0,,,
aggregate econometric model,,,[统计] 总量经济计量模型,,,,,0,0,,,
aggregate economic analysis,,,总体经济分析,,,,,0,0,,,
aggregate economic data,,,总合经济资料,,,,,0,0,,,
aggregate economic variable,,,un. 综合经济变量\n[网络] 综合经济变数,,,,,0,0,,,
aggregate economics,,,总量经济学,,,,,0,0,,,
aggregate effective demand,,,总合有效要求,,,,,0,0,,,
aggregate efficiency,,,总效率,,,,,0,0,,,
aggregate equivalent peak interruption duration,,,累计等效尖载停电持续时间,,,,,0,0,,,
aggregate equivalent variation,,,总对等变量,,,,,0,0,,,
aggregate error,,,累积误差,,,,,0,0,,,
aggregate excavation equipment,,,粒料开挖设备,,,,,0,0,,,
aggregate excess of loss,,,[网络] 累计超额赔款分保；累积型超额赔款再保险；累积超额再保险,,,,,0,0,,,
Aggregate Exercise Price,,,总行使价格,,,,,0,0,,,
aggregate expenditure,,,总支出,,,,,0,0,,,
aggregate expenditure function,,,[经] 总支出函数,,,,,0,0,,,
aggregate expression,,,[计] 聚合表达式,,,,,0,0,,,
aggregate eye,,,聚合眼,,,,,0,0,,,
aggregate feeder,,,[建] 配料给料装置,,,,,0,0,,,
aggregate feeder units,,,配料给料装置,,,,,0,0,,,
aggregate feeding,,,进集料,,,,,0,0,,,
aggregate field,,,聚合栏,,,,,0,0,,,
aggregate finish,,,骨料饰面,,,,,0,0,,,
aggregate flowers,,,密聚花,,,,,0,0,,,
aggregate for reinforced concrete,,,钢筋混凝土骨料,,,,,0,0,,,
aggregate forecast,,,集体预测,,,,,0,0,,,
aggregate formation,,,团集体形成,,,,,0,0,,,
aggregate free fruit,,,聚合离果,,,,,0,0,,,
aggregate freight,,,[网络] 运费总和,,,,,0,0,,,
aggregate fruit,ˈæɡriɡit fru:t,, 聚合果,,,,,0,0,,,
aggregate fruits,,,聚合果,,,,,0,0,,,
aggregate function,,,[网络] 聚合函数；汇总函式；合计函数,,,,,0,0,,,
aggregate fund,,,[经] 公积金总计,,,,,0,0,,,
aggregate fund in flow out flow,,,un. 资金流入与流出积累总额\n[网络] 资金流入与流出累积总额,,,,,0,0,,,
aggregate fund in flow outflow,,,[网络] 资金流入与流出累积总额,,,,,0,0,,,
aggregate gland,,,聚合腺,,,,,0,0,,,
aggregate glands,,,[医] 淋巴集结,,,,,0,0,,,
aggregate gradation,,,骨料分级;骨料级配,,,,,0,0,,,
aggregate grading,,,集料级配,,,,,0,0,,,
aggregate gross domestic product,,,国内生产总值,,,,,0,0,,,
aggregate gross position,,,[网络] 总持仓量,,,,,0,0,,,
aggregate gross position limit,,,[网络] 合计,,,,,0,0,,,
aggregate horse power per production worker,,,un. 生产工人的动力装备总水平,,,,,0,0,,,
aggregate horse-power per production worker,,,[劳经] 生产工人的动力装备总水平,,,,,0,0,,,
Aggregate Hours,,,[网络] 所有雇员全年的总工作时间；时工；王素惠,,,,,0,0,,,
aggregate income,,,[经] 总收入,,,,,0,0,,,
aggregate income payment,,,所得支付总额,,,,,0,0,,,
aggregate income statement,,,[网络] 合并损益表,,,,,0,0,,,
aggregate indebtedness,,,债务总计,,,,,0,0,,,
aggregate indebtedness to capital ratio,ˈæɡriɡit inˈdetidnis tu: ˈkæpitl ˈreiʃiəu,, [财]债务总额对资本率,,,,,0,0,,,
aggregate indemnities,,,[网络] 补偿总额,,,,,0,0,,,
aggregate index number,,, [统计] 综合指数,,,,,0,0,,,
aggregate indicators,,,un. 综合指示性数据\n[网络] 总量指标,,,,,0,0,,,
aggregate interlock,,,【工程】骨料嵌锁,,,,,0,0,,,
aggregate interlocking force,,,骨料咬合力;集料咬合力,,,,,0,0,,,
aggregate inventory,,,集体存货,,,,,0,0,,,
aggregate inventory management,,,[网络] 集体型在库管理；总体水平,,,,,0,0,,,
aggregate investment,,,[化] 投资总额,,,,,0,0,,,
aggregate labo(u)r of society,,,[劳经] 社会总劳动量,,,,,0,0,,,
aggregate length,,,总长,,,,,0,0,,,
aggregate level,,,[统计] 总水平,,,,,0,0,,,
aggregate level of borrowing,,,un. 借款总额,,,,,0,0,,,
aggregate liability,,,[经] 债务总额,,,,,0,0,,,
aggregate life table,,,[网络] 综合生命表,,,,,0,0,,,
aggregate limit,,,总限额,,,,,0,0,,,
aggregate limit of liability,,,un. 保险赔债总责任限额,,,,,0,0,,,
aggregate liquid asset,,,un. 流动资产总额,,,,,0,0,,,
aggregate load,,,负荷,,,,,0,0,,,
aggregate losses,,,[法] 总计损失,,,,,0,0,,,
aggregate lymphatic nodule,,,淋巴集结,,,,,0,0,,,
aggregate machine tool,ˈæɡriɡit məˈʃi:n tu:l,,n. 综合机床,,,,,0,0,,,
aggregate machine-tool,,,组合机床,,,,,0,0,,,
aggregate machinery,,,组合机床,,,,,0,0,,,
aggregate macroeconomic change,,,宏观经济的总合变化,,,,,0,0,,,
aggregate macrovariable,,,[统计] 综合性宏观变量,,,,,0,0,,,
aggregate map,,,成套图,,,,,0,0,,,
aggregate marginal propensity to consume,,,[经] 总边际消费倾向,,,,,0,0,,,
aggregate market,,,综合市场,,,,,0,0,,,
aggregate market value,,,市场价格总额,,,,,0,0,,,
aggregate matrix,,,集结矩阵,,,,,0,0,,,
aggregate measurement of support,,,(农产品)综合支持量,,,,,0,0,,,
aggregate medullary ray,,,聚合射出髓,,,,,0,0,,,
aggregate method,ˈæɡriɡit ˈmeθəd,, [财]总和法,,,,,0,0,,,
aggregate model,,,集结模型,,,,,0,0,,,
aggregate model of economy,,,[网络] 经济集结模型,,,,,0,0,,,
aggregate model of the economy,,,经济集结模型;经济集结模型,,,,,0,0,,,
aggregate monetary demand,,,[金融] 货币总需求,,,,,0,0,,,
aggregate money demand,,,总和货币需求,,,,,0,0,,,
aggregate mortality table,ˈæɡriɡit mɔ:'tæləti ˈteibl,, [财]综合死亡表,,,,,0,0,,,
aggregate motion,,,组合运动,,,,,0,0,,,
aggregate national income,,,[网络] 国民收入总量,,,,,0,0,,,
aggregate nodules,,,"[医] 淋巴集结, 集合淋巴小结, 派伊尔氏淋巴集结",,,,,0,0,,,
aggregate notation,,,[计] 聚集记法,,,,,0,0,,,
aggregate number,,,un. 总数\n[网络] 可配骨料种数；万人持重型武器总和权数；胶团聚集数,,,,,0,0,,,
aggregate object,,,聚合物件,,,,,0,0,,,
aggregate of atoms,,,原子集体,,,,,0,0,,,
aggregate of classes,,,[网络] 各组总和,,,,,0,0,,,
aggregate of data,,,数据簇,,,,,0,0,,,
aggregate of intermediates clause,,,[网络] 联运费率,,,,,0,0,,,
aggregate of salaries tax,,,[网络] 合计薪俸税,,,,,0,0,,,
aggregate of simple events,,,[数] 简单事件的集合,,,,,0,0,,,
aggregate of soil,,,土壤团块,,,,,0,0,,,
aggregate of the data,,,[计] 数据集合,,,,,0,0,,,
aggregate output,,,[计] 集合输出\n[经] 总生产额,,,,,0,0,,,
aggregate par value,,,总面值,,,,,0,0,,,
aggregate passenger traffic,,,集结性客流,,,,,0,0,,,
aggregate paver,,,石料摊铺机,,,,,0,0,,,
aggregate payment,,,综合支付,,,,,0,0,,,
aggregate performance,,,总体业绩\n总体表现,,,,,0,0,,,
aggregate plan,,,un. 综合计划\n[网络] 整体计划；总合生产计画；合并规划,,,,,0,0,,,
aggregate planning,,,"[经] 总体规划, 总体计划",,,,,0,0,,,
aggregate plans and programs,,,[经] 总体计划和总体规划,,,,,0,0,,,
aggregate plant,,,集料加工厂,,,,,0,0,,,
aggregate point of presence with gigabit capacity,,,Giga传输汇集点,,,,,0,0,,,
aggregate polarization,,,集偏振化,,,,,0,0,,,
aggregate population measures,,,总体性人口措施,,,,,0,0,,,
aggregate prediction,,,总合预测,,,,,0,0,,,
aggregate preparation plant,,,[建] 集料配备厂,,,,,0,0,,,
aggregate price effect,,,总价格作用,,,,,0,0,,,
aggregate price of commodities,,,[会计] 商品价格总额,,,,,0,0,,,
aggregate processing,,,骨料的制备,,,,,0,0,,,
aggregate processing equipment,,,粒料处理设备,,,,,0,0,,,
aggregate processing plant,,,骨料加工厂;骨料制备厂,,,,,0,0,,,
aggregate production,,,总生产,,,,,0,0,,,
aggregate production function,,,总量生产函数,,,,,0,0,,,
aggregate production planning,ˈæɡriɡit prəˈdʌkʃən ˈplænɪŋ,, [计]组合式生产规划,,,,,0,0,,,
aggregate production planning and control,,,整体生产规划与管制,,,,,0,0,,,
aggregate profit,,,总利润,,,,,0,0,,,
aggregate programme,,,un. 总体双边计划,,,,,0,0,,,
aggregate purchasing power,,,总购买力,,,,,0,0,,,
aggregate query,,,汇总查询,,,,,0,0,,,
aggregate ray,,,聚合射线,,,,,0,0,,,
aggregate realized savings,,,实际储蓄总额,,,,,0,0,,,
aggregate reclaiming plant,,,骨料开采设备,,,,,0,0,,,
aggregate recoil,,,原子团反冲,,,,,0,0,,,
aggregate reduction,,,[网络] 总减少；总减速；减量,,,,,0,0,,,
aggregate relation,ˈæɡriɡit riˈleiʃən,, 总量关系,,,,,0,0,,,
aggregate reserve,,,[网络] 骨料储量；总准备金,,,,,0,0,,,
aggregate reserves,,,总合准备金,,,,,0,0,,,
aggregate resource supply and demand,,,总资源供需,,,,,0,0,,,
aggregate reversal,,,集合反转信号,,,,,0,0,,,
aggregate reversals,,,聚合反向,,,,,0,0,,,
aggregate risk,,,合计风险,,,,,0,0,,,
aggregate saving,,,[金融] 总储蓄,,,,,0,0,,,
aggregate savings,,,总储蓄,,,,,0,0,,,
aggregate scheduling,,,[经] 总进度计划,,,,,0,0,,,
aggregate score,,,"总分,累积分",,,,,0,0,,,
aggregate screen,,,粒料筛分,,,,,0,0,,,
aggregate sculpture,,,凝聚体塑像,,,,,0,0,,,
aggregate shaft horse-power,,,[网络] 机组轴马力,,,,,0,0,,,
aggregate shares,,,全比例面,,,,,0,0,,,
aggregate signal,,,[计] 集合信号,,,,,0,0,,,
aggregate size,,,骨料粒径,,,,,0,0,,,
aggregate slaking,,,团聚体消散,,,,,0,0,,,
aggregate social capital,,,社会总资本,,,,,0,0,,,
aggregate social product,,,[经] 社会总产品,,,,,0,0,,,
aggregate social supply,,,社会供应总量,,,,,0,0,,,
aggregate species,,,复合种,,,,,0,0,,,
aggregate speed,,,[计] 集合速度,,,,,0,0,,,
aggregate spending,,,支出总额,,,,,0,0,,,
aggregate spreader,,,砂粒[集料]撒布器,,,,,0,0,,,
aggregate stabilized soil base,,,粒料稳定土基层,,,,,0,0,,,
aggregate state,,,集态，固粘态,,,,,0,0,,,
aggregate stop loss,,,un. 累计超额款分保\n[网络] 累积超赔款率；再保险,,,,,0,0,,,
aggregate storage,,,骨料仓库;骨料储存场,,,,,0,0,,,
aggregate storage bin,,,骨料仓,,,,,0,0,,,
aggregate storage capacity,,,储存容量,,,,,0,0,,,
aggregate structure,,,[机] 聚集组织,,,,,0,0,,,
aggregate stucture,,,(土壤的)团粒组织,,,,,0,0,,,
aggregate sturcture,,,集合组织,,,,,0,0,,,
aggregate supply,,,[经] 累积总供应,,,,,0,0,,,
aggregate supply and demand forcasting,,,总供需估测,,,,,0,0,,,
aggregate supply curve,,, 总供给曲线,,,,,0,0,,,
aggregate supply function,,,总供应(能力);总供给函数,,,,,0,0,,,
aggregate supply of labor,,,[网络] 总劳力供应,,,,,0,0,,,
aggregate supply price,,,总供给价格,,,,,0,0,,,
aggregate surplus,,,总盈余,,,,,0,0,,,
aggregate table of mortality,,,un. 死亡率汇总表,,,,,0,0,,,
aggregate telegraph input signal,,,集合电报输入信号,,,,,0,0,,,
aggregate telegraph speed,,,集合电报速度,,,,,0,0,,,
aggregate tonnage,,,[经] (船的)总吨位,,,,,0,0,,,
aggregate total,,, 整体总额,,,,,0,0,,,
aggregate traffic,,,大宗运输,,,,,0,0,,,
aggregate trailer,,,骨料拖运车,,,,,0,0,,,
aggregate transfer rate,,,集合数据传输率,,,,,0,0,,,
aggregate treated earth road,,,粒料改善土路,,,,,0,0,,,
aggregate turnover,,,周转总额,,,,,0,0,,,
aggregate turnover of advanced capital,,,垫付资本的总周转,,,,,0,0,,,
aggregate type,,,集合类型,,,,,0,0,,,
aggregate uncertainty in asset markets,,,资产市场中的加总不确定性,,,,,0,0,,,
aggregate unit,,,组合装置,,,,,0,0,,,
aggregate use-values,,,使用价值总和,,,,,0,0,,,
aggregate utility,ˈæɡriɡit juˈtiliti,, [财]综合效用,,,,,0,0,,,
aggregate value,,,总值,,,,,0,0,,,
aggregate value method,,,[经] 合计价值法,,,,,0,0,,,
aggregate value method of weighing,,,un. 累计加权法,,,,,0,0,,,
aggregate value method of weighting,ˈæɡriɡit ˈvælju ˈmeθəd ɔv ˈweitiŋ,, [财]累计积,,,,,0,0,,,
aggregate value of an invention,,,发明的总价值,,,,,0,0,,,
aggregate value of invention,,,[专利] 发明的总价值,,,,,0,0,,,
aggregate value of listed stock,,,上市股票的总市值,,,,,0,0,,,
aggregate value of net output,,,净生产量的总价值,,,,,0,0,,,
aggregate variable,,,[统计] 综合变量,,,,,0,0,,,
aggregate washer,,,集料计量机,,,,,0,0,,,
aggregate washing,,,骨料冲洗,,,,,0,0,,,
aggregate weighing barrel,,,骨料秤筒,,,,,0,0,,,
aggregate weighing equipment,,,骨料称量设备,,,,,0,0,,,
aggregate weighing hopper,,,骨料称量斗,,,,,0,0,,,
aggregate weighted index,,,[网络] 综合加权指数,,,,,0,0,,,
aggregate welfare,,,总福利,,,,,0,0,,,
aggregate yields,,,总产量,,,,,0,0,,,
aggregate-cement ratio,,,骨料水泥比,,,,,0,0,,,
aggregate-demand,,,[贸易] 总需求,,,,,0,0,,,
aggregate-of-intermediate clause,,,同线分程合计运价限制条款,,,,,0,0,,,
aggregate-of-intermediates clause,,,[经] 联运费率,,,,,0,0,,,
aggregate-value,,,"总值,累计值",,,,,0,0,,,
aggregate-value method of weighting,,,累积加权法;总值加权法,,,,,0,0,,,
aggregated,,"v amount in the aggregate to\nv gather in a mass, sum, or whole\ns formed of separate units gathered into a mass or whole",a. 聚合的；合计的,j:100,,,,27146,29046,0:aggregate/1:dp,,
aggregated analysis,,,粒团分析,,,,,0,0,,,
aggregated array,,,[统计] 总量数列,,,,,0,0,,,
aggregated arrival,,,成批到达,,,,,0,0,,,
aggregated basis,,,合计基准,,,,,0,0,,,
aggregated data,,, 聚合数据,,,,,0,0,,,
aggregated distribution,,,集聚分布,,,,,0,0,,,
aggregated duration,,,计持续时间,,,,,0,0,,,
aggregated error,,,合计误差,,,,,0,0,,,
aggregated filter,,,集中滤波器,,,,,0,0,,,
aggregated firm,,,"联合商号, 联合公司",,,,,0,0,,,
aggregated flower,,,【植物学】聚花生,,,,,0,0,,,
aggregated follicles,,,[医] 淋巴集结派伊尔氏淋巴集结,,,,,0,0,,,
aggregated links,,,[网络] 聚合链路,,,,,0,0,,,
aggregated lymph nodes(peyer's patches),,,集结淋巴结(培氏斑),,,,,0,0,,,
aggregated lymphatic follicles,,,集合淋巴结;集合淋巴滤泡;淋巴集结,,,,,0,0,,,
aggregated lymphatic follicles of vermiform appendix,,,阑尾集合淋巴滤泡,,,,,0,0,,,
aggregated lymphoid nodules,,,集合淋巴小结,,,,,0,0,,,
aggregated model,,,总体模式,,,,,0,0,,,
aggregated momentum,,,总动量,,,,,0,0,,,
aggregated nodule,,,集合淋巴结,,,,,0,0,,,
aggregated nodules,,,集合淋巴小结,,,,,0,0,,,
aggregated nodules (or peyer's patches),,,集合淋巴结,,,,,0,0,,,
aggregated pneumatic unit control instrument,,,气动单元组合式,,,,,0,0,,,
aggregated rebate cartel,,,[法] 全体联合之卡特尔,,,,,0,0,,,
aggregated rebate cartels,,,统一回扣卡特尔,,,,,0,0,,,
aggregated rebates,,,累计回扣，累计折扣,,,,,0,0,,,
aggregated risk,,,合计风险,,,,,0,0,,,
aggregated shipments,,,集合运输,,,,,0,0,,,
aggregated starch,,,结团淀汾,,,,,0,0,,,
aggregated structure,,,"集合体构造, 团聚结构",,,,,0,0,,,
aggregated unit control instrument,,,单元组合式控制仪表；组合式机组控制仪器,,,,,0,0,,,
aggregated.,'æɡrɪɡət,,n. 聚集；聚集体；凝聚体；团粒\nv. 集合；总计\nadj. 总；聚合的；(花)聚生的；【地】聚成岩的\n[网络] 合计的；聚合地；聚合起来,,,,,0,0,0:aggregate,,
aggregateing clause,,,[网络] 总列条款,,,,,0,0,,,
aggregately,,adv. Collectively; in mass.,"adv. 合计, 一共",,,,,0,0,,,
aggregateness,,,n. aggregate的变形,,,,,0,0,,,
aggregates,ˈæɡriɡits,"n the whole amount\nn material such as sand or gravel used with cement and water to make concrete, mortar, or plaster\nn a sum total of many heterogenous things taken together\nv amount in the aggregate to\nv gather in a mass, sum, or whole","n. <正>数( aggregate的名词复数 ); 总计; 骨料; 集料（可成混凝土或修路等用的）\nv. 总计达…( aggregate的第三人称单数 ); 聚集, 集合; （使）聚集",,,,,0,0,0:aggregate/1:s3,,
aggregates of crystals,,,聚晶体,,,,,0,0,,,
aggregates price index,,,总合价格指数,,,,,0,0,,,
aggregating,,"v amount in the aggregate to\nv gather in a mass, sum, or whole","[机] 聚集的, 聚集(作用)",,,,,0,0,0:aggregate/1:i,,
aggregating equivalent in current US dollar,,,现值美元等值总额,,,,,0,0,,,
aggregatio mentium,,,"[法] 意思表示一致时, 即契约成立之时",,,,,0,0,,,
aggregatio mentum,,,[经] 合同当事人意见一致,,,,,0,0,,,
aggregation,ægri'geiʃәn,n several things grouped together or considered as a whole\nn the act of gathering something together,"n. 集合, 聚合, 集合体\n[化] 聚集; 聚集作用",n:100,,,toefl,13116,17277,s:aggregations,,
aggregation and attachment pheromone,,,聚附信息素,,,,,0,0,,,
aggregation and attachment pheromone of Ameblyomma variegatum,,,彩饰花蜱聚附信息素,,,,,0,0,,,
aggregation association,,,[计] 聚合联系,,,,,0,0,,,
aggregation bias,,,"加总偏误, 汇总偏误",,,,,0,0,,,
aggregation effect,,,聚集效应,,,,,0,0,,,
aggregation force,,,"聚合[凝聚,附着,粘着]力",,,,,0,0,,,
aggregation fore,,,附着力,,,,,0,0,,,
aggregation function,,,集合函数,,,,,0,0,,,
aggregation hierarchy,,,聚合阶层,,,,,0,0,,,
aggregation index,,,聚集指数,,,,,0,0,,,
aggregation matrix,,,[化] 集结矩阵,,,,,0,0,,,
aggregation method,,,集结法,,,,,0,0,,,
aggregation model,,,集合模型,,,,,0,0,,,
aggregation moisture,,,团集化湿度,,,,,0,0,,,
aggregation number,,,un. 聚集数目\n[网络] 微胞的聚集数；胶束聚集数；聚合数量,,,,,0,0,,,
aggregation number of micelle,,,[化] 胶束聚集数,,,,,0,0,,,
aggregation of audience,,,阅听众的集合体,,,,,0,0,,,
aggregation of capital,,,资本积聚,,,,,0,0,,,
aggregation of data,,,[统计] 数据归并,,,,,0,0,,,
aggregation of individual preferences,,,个人偏好集合,,,,,0,0,,,
aggregation of interests,,,[网络] 利益聚集；利益汇聚；聚合利益,,,,,0,0,,,
aggregation of links,,,[网络] 聚合,,,,,0,0,,,
aggregation of marine cargo,,,[水运] 海运货物集中运输,,,,,0,0,,,
aggregation of marine cargoes,,,集中海洋货物,,,,,0,0,,,
aggregation of particles,,,[机] 粒子的聚集,,,,,0,0,,,
aggregation of preference,,,偏好汇总；偏好汇集,,,,,0,0,,,
aggregation of property,,,[网络] 财产的总和,,,,,0,0,,,
aggregation of sectionary charge,,,un. 各区段费用的总和,,,,,0,0,,,
aggregation of system,,,系统的集结,,,,,0,0,,,
aggregation of variable,,,[数] 变量归并,,,,,0,0,,,
aggregation of variables,,,变量的归并,,,,,0,0,,,
aggregation over time period,,,[统计] 时期的归总,,,,,0,0,,,
aggregation over time periods,,,[网络] 时期的归总,,,,,0,0,,,
aggregation pheromone,,,聚集信息素,,,,,0,0,,,
aggregation pill,,,[医] 层积丸剂,,,,,0,0,,,
aggregation plain,,,集积平原,,,,,0,0,,,
aggregation problem,,,"总合问题,集计问题",,,,,0,0,,,
aggregation promoting factor,,,促集聚因子,,,,,0,0,,,
aggregation signs,,,[复数]【代数】归并符号(圆括弧、大括弧和方括弧),,,,,0,0,,,
aggregation stability,,,聚集稳定性,,,,,0,0,,,
aggregation state,,,团集体状态,,,,,0,0,,,
aggregation structure,,,[高分子] 聚集态结构,,,,,0,0,,,
aggregation toxicity,,,集合毒性,,,,,0,0,,,
aggregation velocity,,,[化] 聚集速度,,,,,0,0,,,
aggregational,,, 聚集的; 集合的,,,,,0,0,,,
aggregations,,plural of aggregation\nn several things grouped together or considered as a whole\nn the act of gathering something together,"(aggregation 的复数) n. 集合, 聚合, 集合体\n[化] 聚集; 聚集作用",,,,,0,0,0:aggregation/1:s,,
aggregative,'ægrigeitiv,s formed of separate units gathered into a mass or whole,"a. 集合的, 聚集的, 作为整体的\n[机] 聚集的",j:100,,,,0,45394,,,
aggregative economics,,,[经] 宏观经济学,,,,,0,0,,,
aggregative flow,,,[化] 聚集流动,,,,,0,0,,,
aggregative fluidization,,,[化] 聚式流化; 聚式流态化,,,,,0,0,,,
aggregative fluidized bed,,,[化] 聚式流化床,,,,,0,0,,,
aggregative index,ˈæɡriɡeitiv ˈindeks,, 综合指数,,,,,0,0,,,
aggregative index number,,,[经] 综合指数,,,,,0,0,,,
aggregative indicator,,,综合指标,,,,,0,0,,,
aggregative investment,,,[经] 进取性投资,,,,,0,0,,,
aggregative methods,,,计法,,,,,0,0,,,
aggregative model,,,"综合模式,总量模型",,,,,0,0,,,
aggregative planning,ˈæɡriɡeitiv ˈplænɪŋ,, 综合计划,,,,,0,0,,,
aggregative portfolio,,,[经] 进取性证券,,,,,0,0,,,
aggregative pricing,,,"[经] 积极的定价, 进取性的定价",,,,,0,0,,,
aggregative quantity index,,,[统计] 综合数量指数,,,,,0,0,,,
aggregative quantity index number,,,un. 综合量指数,,,,,0,0,,,
aggregative response,,,聚集反应,,,,,0,0,,,
aggregative stock,,,[经] 进取性的股份,,,,,0,0,,,
aggregative variable,,,[统计] 总量变量,,,,,0,0,,,
aggregative weighted index,,,[经] 综合加权指数,,,,,0,0,,,
aggregatively,,,adv. aggregative的变形,,,,,0,0,,,
aggregato-,,,[网络] 聚合 - ,,,,,0,0,,,
aggregator,ˈægrɪgeɪtə(r),n a person who collects things,"n. 聚合器, 整合者; 汇集者, 聚合",n:100,,,,0,36620,s:aggregators,,
aggregator database,,,汇集商资料库,,,,,0,0,,,
aggregators,,,n. 聚合器（aggregator的复数）；整合者,,,,,0,0,0:aggregator/1:s,,
aggregatory,,,adj. aggregate的变形,,,,,0,0,,,
aggregatum,,,[网络] 龟背石斛；聚果绞股蓝；聚合的,,,,,0,0,,,
aggrege,,,[网络] 聚集,,,,,0,0,,,
aggreged,,,[网络] 聚集在一起,,,,,0,0,,,
aggregen,,,集合体,,,,,0,0,,,
aggreges,,,[网络] 聚集,,,,,0,0,,,
aggreggative genotype,,,集合基因型,,,,,0,0,,,
aggregin,,,聚生蛋白,,,,,0,0,,,
aggreging,,,[网络] 聚集,,,,,0,0,,,
aggregometer,,,集合度计,,,,,0,0,s:aggregometers,,
aggregometers,,,集合度计\n(aggregometer 的复数),,,,,0,0,0:aggregometer/1:s,,
aggregometry,əɡre'ɡɒmɪtrɪ,,[医]集合度测定,,,,,0,0,,,
aggregrate,,,[网络] 骨料,,,,,0,0,,,
aggremeter,,,[计量] 集料称量计,,,,,0,0,,,
Aggrenox,,,是一种抗中风药,,,,,0,0,,,
aggreseive reaction,,,[医] 攻击反应,,,,,0,0,,,
aggresinogen,,,攻击素原,,,,,0,0,,,
aggresive,,,[网络] 引到怪物了；霸道；侵犯性,,,,,0,0,,,
aggresively,,,[网络] 积极,,,,,0,0,,,
aggresomal,,,[网络] 积极的,,,,,0,0,,,
aggresome,,,[网络] 聚集体；中心体聚集物；异常蛋白包涵体,,,,,0,0,,,
aggresomes,,,[网络] 聚集体,,,,,0,0,,,
aggress,ә'gres,v take the initiative and go on the offensive,"v. 挑畔, 侵犯, 侵略",v:100,,,,0,37951,i:aggressing/p:aggressed/3:aggresses/d:aggressed,,
aggress against,,,"[法] 挑衅, 攻击, 侵略",,,,,0,0,,,
aggress on,,,"侵佔,侵犯",,,,,0,0,,,
aggressed,əˈɡrest,v take the initiative and go on the offensive,"v. 攻击, 侵犯( aggress的过去式和过去分词 )",,,,,0,0,1:pd/0:aggress,,
aggresses,əˈɡresiz,v take the initiative and go on the offensive,"v. 攻击, 侵犯( aggress的第三人称单数 )",,,,,0,0,1:3/0:aggress,,
aggressin,,,[医] 攻击素,,,,,0,0,,,
aggressing,əˈɡresɪŋ,v take the initiative and go on the offensive,"v. 攻击, 侵犯( aggress的现在分词 )",,,,,0,0,1:i/0:aggress,,
aggressinogen,,,"[医] 攻击原, 攻击素原",,,,,0,0,,,
aggressins,,,攻击素,,,,,0,0,,,
aggression,ә'greʃәn,n. a disposition to behave aggressively\nn. a feeling of hostility that arouses thoughts of attack\nn. violent action that is hostile and usually unprovoked\nn. the act of initiating hostilities,"n. 侵犯, 侵略\n[医] 攻击",n:100,2,,gk cet6 toefl gre,4772,4521,s:aggressions,,
aggression research,,,侵害性研究,,,,,0,0,,,
aggression training,,,【心理学】攻击训练,,,,,0,0,,,
aggression-related,,,[网络] 侵略相关,,,,,0,0,,,
aggressionism,,,[网络] 侵略主义,,,,,0,0,,,
aggressionist,,,[网络] 侵略者,,,,,0,0,s:aggressionists,,
aggressionists,,,[网络] 侵略者,,,,,0,0,0:aggressionist/1:s,,
aggressions,,plural of aggression\nn. a disposition to behave aggressively\nn. a feeling of hostility that arouses thoughts of attack\nn. violent action that is hostile and usually unprovoked\nn. the act of initiating hostilities,"(aggression 的复数) n. 侵犯, 侵略\n[医] 攻击",,,,,0,0,0:aggression/1:s,,
aggressive,ә'gresiv,"a. having or showing determination and energetic pursuit of your ends; positive in his convictions""\ns. tending to spread quickly\ns. characteristic of an enemy or one eager to fight","a. 侵略的, 挑畔的, 进取的\n[法] 侵略的, 爱挑衅的, 行为过火的",j:100,3,1,gk cet4 cet6 ky toefl ielts gre,3648,2514,,,
aggressive accounting,,,[网络] 激进会计法；激进会会计法；会计操纵,,,,,0,0,,,
aggressive action,,,un. 侵蚀作用；腐蚀性\n[网络] 攻击性行为；河流的概念及其侵蚀作用；攻击行为,,,,,0,0,,,
aggressive agent,,,侵蚀剂,,,,,0,0,,,
aggressive alarm substance,,,攻击警报物质,,,,,0,0,,,
aggressive atmosphere,,,蚀性大气；腐蚀性气氛,,,,,0,0,,,
aggressive attitude,əˈɡresiv ˈætitju:d,, 侵犯态度,,,,,0,0,,,
aggressive behavio(u)r,,,攻击行为,,,,,0,0,,,
aggressive behavior,,,攻击行为,,,,,0,0,,,
aggressive behavior disorder,,,攻击性行为障碍,,,,,0,0,,,
aggressive behaviour,əˈɡresiv biˈheivjə,, [医]攻击行为,,,,,0,0,,,
aggressive biometeorological index,,,冲击[性]生物气象指数,,,,,0,0,,,
aggressive bloc,əˈɡresiv blɔk,, 侵略集团,,,,,0,0,,,
aggressive buying,,,买气旺盛,,,,,0,0,,,
aggressive carbon dioxide,,,[化] 生效二氧化碳,,,,,0,0,,,
aggressive collection,,,[网络] 积极收款措施,,,,,0,0,,,
aggressive control measure,,,积极控制措施,,,,,0,0,,,
aggressive cue,,,侵略性暗示；攻击性暗示,,,,,0,0,,,
aggressive device,,,[计] 主动装置,,,,,0,0,,,
aggressive digital papillary adenoma and adenocarcinoma,,,侵袭性肢端乳突腺瘤及腺癌,,,,,0,0,,,
aggressive dosage,,,冲击剂量,,,,,0,0,,,
aggressive drive,,,"攻击驱力, 积极性驱力；攻击性驱力",,,,,0,0,,,
aggressive driving,,,攻击性驾驶 [参较 road rage],,,,,0,0,,,
aggressive dumping,,,[网络] 侵略性的倾销；侵略性倾销,,,,,0,0,,,
aggressive enforcement,,,强制执行,,,,,0,0,,,
aggressive expression and catharsis,,,攻击的表达与宣洩,,,,,0,0,,,
aggressive fume,,,[网络] 腐蚀性气体,,,,,0,0,,,
aggressive gas,,,蚀性气体,,,,,0,0,,,
aggressive growth,,,[网络] 积极成长；积极成长型；积极成长策略,,,,,0,0,,,
aggressive growth fund,,,[网络] 进取型增长基金；进取性增长基金；进取增长基金,,,,,0,0,,,
aggressive infantile fibromatosis,,,侵袭性婴儿纤维瘤病,,,,,0,0,,,
aggressive infantile myofibromatosis,,,侵袭性婴儿肌纤维瘤病,,,,,0,0,,,
aggressive instinct,əˈɡresiv ˈinstiŋkt,, 攻击本能,,,,,0,0,,,
aggressive investment,,,[金融] 侵略性投资,,,,,0,0,,,
Aggressive Investment Strategy,,,进取投资策略,,,,,0,0,,,
aggressive journalism,,,侵入式新闻手法,,,,,0,0,,,
aggressive magma,,,侵进岩浆,,,,,0,0,,,
aggressive mechanism of convict,,,罪犯攻击机制,,,,,0,0,,,
aggressive medium,,,蚀介质,,,,,0,0,,,
aggressive mimicry,,,攻击拟态,,,,,0,0,,,
aggressive mode,,,[网络] 野蛮模式；主动模式；积极模式,,,,,0,0,,,
aggressive nature,,,[医] 攻击性[能],,,,,0,0,,,
aggressive osteoblastoma,,,侵袭性骨母细胞瘤,,,,,0,0,,,
aggressive personality,,,攻击型人格,,,,,0,0,,,
aggressive phonotaxis,,,攻击趋声性,,,,,0,0,,,
aggressive policy,,,[法] 侵略政策,,,,,0,0,,,
aggressive pricing,əˈɡresiv ˈpraisiŋ,, [财]积极的定价,,,,,0,0,,,
aggressive reaction,,,积极反应;攻击反应,,,,,0,0,,,
aggressive selling,,,卖气旺盛,,,,,0,0,,,
aggressive stock,,,[金融] 侵略性的股份,,,,,0,0,,,
aggressive unilateralism,,,[网络] 攻击性单边主义；侵略性单边主义；侵略性的单边主义,,,,,0,0,,,
aggressive war,,,[法] 侵略战争,,,,,0,0,,,
aggressive water,,,腐蚀性水;侵进水;侵入水;侵蚀水;侵蚀性水,,,,,0,0,,,
aggressive-driving,,,[网络] 侵略性驾驶；放肆的驾驶行为；攻击性驾驶,,,,,0,0,,,
aggressive-growth,,,积极成长型；进取型的投资管理,j:100,,,,0,0,,,
aggressive-looking,,,[网络] 咄咄逼人的,,,,,0,0,,,
Aggressive-Phase,,,进展期,,,,,0,0,,,
aggressively,,r. in an aggressive manner,"adv. (贬)侵略, 侵犯, 寻衅, (褒)敢作敢为, 有进取心, (武器)攻击性, 过分, 放肆",r:100,,,,11173,6227,,,
aggressiveness,,n. the quality of being bold and enterprising\nn. a natural disposition to be hostile,"n. (贬)侵略, 侵犯, 寻衅, (褒)敢作敢为, 有进取心, (武器)攻击性, 过分, 放肆",n:100,,,toefl,21970,15115,s:aggressivenesses,,
aggressiveness attribute,,,聚体特性,,,,,0,0,,,
aggressiveness species,,,侵占种,,,,,0,0,,,
aggressiveness type,,,侵占型,,,,,0,0,,,
aggressivenesses,ə'gresivnis,,n. 攻击性；侵犯；进取精神,,,,,0,0,0:aggressiveness/1:s,,
aggressivism,,,[网络] 侵略性,,,,,0,0,,,
aggressivist,,,[网络] 侵略主义者,,,,,0,0,,,
aggressivists,,,[网络] 侵略者,,,,,0,0,,,
aggressivities,"ə,ɡre'sivəti",,n. 攻击性；[微] 攻击力，侵袭力；[环境] 侵蚀性,,,,,0,0,0:aggressivity/1:s,,
aggressivity,,,"[医] 攻击性, 攻击力",n:100,,,,0,44100,s:aggressivities,,
aggressor,ә'gresә,n. a confident assertive person who acts as instigator,"n. 侵略者, 挑畔者\n[法] 侵略者, 攻击者",n:100,1,,gre,15445,13396,s:aggressors,,
aggressor country,,,[法] 侵略国,,,,,0,0,,,
aggressor troop,,,[法] 侵略军队,,,,,0,0,,,
aggressors,əˈgresəz,n. someone who attacks\nn. a confident assertive person who acts as instigator,"n. 侵略者, 挑衅者, 侵略国( aggressor的复数形式 )",,,,,0,0,0:aggressor/1:s,,
aggrest,ə'ɡre,,n. [英国俚语]盛气凌人，粗暴；爱挑衅；侵犯行为,,,,,0,0,,,
Aggretec,,,血小板凝集能测定装置,,,,,0,0,,,
aggrey,,, [人名] 阿格雷,,,,,0,0,s:aggreys,,
aggreys,,, [人名] 阿格雷\n(aggrey 的复数),,,,,0,0,0:aggrey/1:s,,
aggri,,,[网络] 攻击,,,,,0,0,,,
aggrievance,,,[网络] 承担责任,,,,,0,0,,,
aggrievances,,,[网络] 承担责任,,,,,0,0,,,
aggrieve,ә'gri:v,v. infringe on the rights of,"vt. 使委屈, 使悲痛, 侵害\n[法] 侵害, 使悲痛, 使委屈",,,,gre,0,0,d:aggrieved/p:aggrieved/i:aggrieving/3:aggrieves,,
aggrieved,ә'gri:vd,v infringe on the rights of\nv cause to feel sorrow,"a. 受委屈的, 权利受到不法侵害的",j:100,1,,,11360,18267,0:aggrieve/1:p,,
aggrieved alien,,,[法] 受害外籍人,,,,,0,0,,,
aggrieved party,,,[经] 受损害的一方,,,,,0,0,,,
aggrieved person,,,"[法] 被害人, 受委屈者",,,,,0,0,,,
aggrievedly,,,(因受伤害而)愤愤不平的\n痛心的\n受到侵犯的,,,,,0,0,,,
aggrievedness,,,[网络] 不满,,,,,0,0,,,
aggrievement,,,n. aggrieve的变形,,,,,0,0,,,
aggrievements,,,n. aggrieve的变形,,,,,0,0,,,
aggriever,,,[网络] 攻击者,,,,,0,0,,,
aggrievers,,,[网络] 感染者,,,,,0,0,,,
aggrieves,əˈɡri:vz,v infringe on the rights of\nv cause to feel sorrow,"v. 令委屈, 令苦恼, 侵害( aggrieve的第三人称单数 )",,,,,0,0,1:3/0:aggrieve,,
aggrieving,ə'ɡriːv,p. pr. & vb. n. of Aggrieve,vt. 使悲痛；冒犯；侵害…的合法权利,,,,,0,0,1:i/0:aggrieve,,
aggro,'æ^rәu,n. (informal British usage) aggravation or aggression,n. 暴力行为,n:100,,,,24168,43999,s:aggros,,
aggroed,'ægrəʊ,,n. [美国俚语、澳大利亚口语]；挑衅性；侵略性,,,,,0,0,,,
aggroes,'ægrəʊ,,n. 闹事；暴力行为,,,,,0,0,0:aggro/1:s,,
aggroing,'ægrəʊ,,n. [美国俚语、澳大利亚口语]；挑衅性；侵略性,,,,,0,0,,,
aggromerate,,,聚合,,,,,0,0,,,
aggros,,plural of aggro\nn. (informal British usage) aggravation or aggression,(aggro 的复数) n.暴力行为,,,,,0,0,0:aggro/1:s,,
aggrotech,,"Aggrotech is an evolution of electro-industrial and dark electro with a strong influence of techno music that first surfaced in the mid-1990s, but has been revitalized in recent years. Also referred to as ""Hellektro"", its sound is typified by somewhat harsh song structures, aggressive beats and lyrics of a militant, pessimistic or explicit nature. Typically, the vocals are distorted to sound hoarse, harsh and without tone. Artists also frequently use atonal melodic structures.\r\n\r\nArtists: Aghast View, Aesthetic Perfection, Amduscia, Agonoize, Psyclon Nine, Die Sektor, Combichrist, Hocico, Virtual Embrace, Tactical Sekt, Funker Vogt, Grendel, Aslan Faction, Tamtrum, Feindflug, Cenobita, Dawn Of Ashes, Suicide Commando, Vigilante, X-Fusion, Wumpscut, Cruciform Injection \r\nLabels: NoiTekk (Germany) Out of Line Music (Germany) \r\n\n> Aggrotech basically means harsh EBM\n",,,,,,0,0,,,
aggroup,,,[网络] 集会,,,,,0,0,,,
aggrouped,,,[网络] 聚集在一起,,,,,0,0,,,
aggrouping,,,[网络] 聚集,,,,,0,0,,,
aggroupment,,,[网络] 集会,,,,,0,0,,,
aggroupments,,,[网络] 集会,,,,,0,0,,,
aggroups,,,[网络] 集会,,,,,0,0,,,
aggrudged,,,[网络] 流氓了,,,,,0,0,,,
aggrudging,,,[网络] 贪腐,,,,,0,0,,,
aggry,,,[网络] 生气,,,,,0,0,,,
AGGS,,,[=anti-gas gangrene serum]抗气性坏疽血清,,,,,0,0,0:agg/1:s,,
Aggsbach,,,[地名] 阿格斯巴赫 ( 奥 ),,,,,0,0,,,
aggsbach markt (aggsbach),,,阿格斯巴赫,,,,,0,0,,,
Aggtelek,,,[地名] 奥格泰莱克 ( 匈 ),,,,,0,0,,,
aggultinating value,,,黏结值,,,,,0,0,,,
Aggultinogen,,,凝集素原,,,,,0,0,,,
aggy,,,阿吉（女子名，Agatha 的昵称）,,,,,0,0,,,
agh,,,"abbr. 赫尔辛堡（瑞典一城市, Helsingborg）",,,,,0,0,s:aghs,,
agh-,,,[网络] 匹兹堡艾勒翰尼综合医院(Allegheny General Hospital)；赫尔辛堡机场；沉默乐园七号,,,,,0,0,,,
Agh.,,,abbr. Afghani,,,,,0,0,,,
agha,'ɑ:^ә,n title for a civil or military leader (especially in Turkey),"n. 将军, 大官, 宗教领袖",,,,,0,0,s:aghas,,
agha jari,,,阿加贾里,,,,,0,0,,,
Aghaboe,,,阿加柏,,,,,0,0,,,
Aghadoon,,,阿加顿,,,,,0,0,,,
Aghadowey,,,[地名] 阿赫杜伊 ( 英 ),,,,,0,0,,,
Aghagallon,,,阿加盖伦,,,,,0,0,s:aghagallons,,
aghagallons,,,阿加盖伦\n(aghagallon 的复数),,,,,0,0,0:aghagallon/1:s,,
aghahowa,,,[网络] 阿加霍瓦,,,,,0,0,,,
Aghalee,,,阿加利,,,,,0,0,,,
Aghamiri,,,[网络] 阿哈米里,,,,,0,0,,,
Aghamore,,,阿加摩尔,,,,,0,0,,,
Aghan,ә'^ɑ:n,n the ninth month of the Hindu calendar,n. 印度历的9月(公历11月、12月间),,,,,0,0,s:aghans,,
Aghangai,,,[地名] 阿甘盖 ( 阿富 ),,,,,0,0,,,
Aghanloo,,,阿干路,,,,,0,0,,,
aghans,ə'ɡɑ:n,,n. 印度历的9月（公历11月，12月间）,,,,,0,0,0:aghan/1:s,,
aghas,'ɑːɡə,,n. 大官；将军；宗教领袖\nn. (Agha)人名；(阿拉伯、巴基)阿迦,,,,,0,0,0:agha/1:s,,
aghast,ә'gɑ:st,"s. struck with fear, dread, or consternation","a. 惊骇的, 吓呆的",j:100,,,toefl gre,15561,17120,,,
aghast at,,,惊呆的，吓呆的，一看到(或听到)…就吓得发呆的，大吃一惊的,,,,,0,0,,,
aghastness,,,[网络] 恶心,,,,,0,0,,,
Aghat,,,[地名] 阿加特 ( 尼日尔 ),,,,,0,0,,,
Aghavannagh,,,阿加凡纳,,,,,0,0,,,
Aghavas,,,阿加瓦斯,,,,,0,0,,,
Aghayan,,,[网络] 阿加扬,,,,,0,0,,,
aghazadeh,,,n. (Aghazadeh)人名；(伊朗)阿加扎德,,,,,0,0,s:aghazadehs,,
aghazadehs,,,n. (Aghazadeh)人名；(伊朗)阿加扎德\n(aghazadeh 的复数),,,,,0,0,0:aghazadeh/1:s,,
Aghchourguit,,,阿格丘贵特,,,,,0,0,,,
Aghda,,,阿格达,,,,,0,0,,,
aghe,,,[网络] 老人学学会,,,,,0,0,,,
agheila,,,[网络] 阿盖拉,,,,,0,0,s:agheilas,,
agheilas,,,[网络] 阿盖拉\n(agheila 的复数),,,,,0,0,0:agheila/1:s,,
agher,,,[网络] 渐渐的,,,,,0,0,,,
Aghern,,,亚格亨,,,,,0,0,,,
Aghezzaf,,,[地名] 阿盖扎夫 ( 马里 ),,,,,0,0,,,
aghful,,,[网络] 恶心,,,,,0,0,,,
Aghione,,,亚吉欧内,,,,,0,0,,,
Aghiresu,,,亚吉雷苏,,,,,0,0,,,
aghla mt.,,,亚格拉山,,,,,0,0,,,
Aghlabid,,,[网络] 艾格莱卜王朝；阿赫拉比；阿格拉比,,,,,0,0,,,
Aghlabid dynasty,,,[网络] 阿格拉比王朝；阿格拉比德王朝,,,,,0,0,,,
Aghlabite,,,[网络] 阿格拉比特王朝,,,,,0,0,,,
Aghnacliff,,,亚格纳克里夫,,,,,0,0,,,
Aghnahoe House,,,[地名] 阿纳霍庄园 ( 英 ),,,,,0,0,,,
Aghnjadzor,,,阿格尼亚卓,,,,,0,0,,,
aghouavil des.,,,阿格亚维沙漠,,,,,0,0,,,
Aghoueyyit,,,[地名] 阿古埃伊特 ( 毛里塔 ),,,,,0,0,,,
Aghrijit,,,阿格里吉特,,,,,0,0,,,
AGHS,,,Agh.\nabbr.\nAfghani,,,,,0,0,0:agh/1:s,,
aghstev r.,,,阿格斯提夫河,,,,,0,0,,,
aghte,,,[网络] 阿格特,,,,,0,0,,,
Aghul,,,[网络] 阿古尔语,,,,,0,0,,,
Aghârous,,,[地名] 阿加鲁斯 ( 尼日尔 ),,,,,0,0,,,
agi,,,n. (Agi)人名；(法、土库、阿塞、罗、土)阿吉；(西)阿希\nabbr. 美国地质学会（American Geological Institute）；调整后收益总额（adjusted gross income）,,,,,0,0,s:agis,,
agia,,,[网络] 阿茜娅；情深；果蔬行业协会,,,,,0,0,,,
agia anna,,,阿吉亚安纳,,,,,0,0,,,
agia marina,,,阿吉亚马利纳,,,,,0,0,,,
Agia Napa,,,[网络] 圣纳帕；阿依纳帕；亚吉纳帕,,,,,0,0,,,
agia paraskevi,,,阿吉亚帕拉斯克维,,,,,0,0,,,
agia vervara,,,阿吉亚维瓦拉,,,,,0,0,,,
Agiabampo,,,亚希班普,,,,,0,0,,,
agian,,,[网络] 谢谢,,,,,0,0,,,
agiaries,,,[网络] 农民,,,,,0,0,,,
agiary,,,[网络] 医院,,,,,0,0,,,
agiasos lesvos,,,阿吉亚索斯,,,,,0,0,,,
agible,,,[网络] 敏捷,,,,,0,0,,,
agic association,,,溪流生物群系,,,,,0,0,,,
agich,,,[网络] 阿吉奇,,,,,0,0,,,
agidi,,,[网络] 阿吉第,,,,,0,0,,,
agidibo,,,[网络] 阿吉迪博,,,,,0,0,,,
agidigbo,,,[网络] 阿吉迪博,,,,,0,0,,,
AGIDT,,,[=agar gel immunodiffusion test]琼脂凝胶免疫扩散试验,,,,,0,0,,,
agie,,,[网络] 阿奇；阿奇夏米尔；阿奇公司,,,,,0,0,,,
agiel,,,[网络] 阿吉尔,,,,,0,0,,,
agiepis film forming foam,,,[网络] 水膜形成泡沫,,,,,0,0,,,
agiesta,,,[网络] 阿吉斯塔,,,,,0,0,,,
AGIF,,,[=adipogenesis inhibitory factor]脂肪形成抑制因子,,,,,0,0,,,
Agifutol,,,谷光苷肽,,,,,0,0,,,
agig,,,[网络] 苤,,,,,0,0,,,
Agigea,,,阿吉盖亚,,,,,0,0,,,
Agighiol,,,阿吉基欧,,,,,0,0,,,
agiguan i.,,,阿吉关岛,,,,,0,0,,,
agii,,,[网络] 升压素,,,,,0,0,,,
Agil,,,阿吉尔聚乙烯纤维,,,,,0,0,,,
agila,,,[网络] 欧捷利；欧宝欧捷利；马步海,,,,,0,0,,,
agilawood,,,沉香,,,,,0,0,,,
agilawood oil,,,沉香木油,,,,,0,0,,,
agild,,,阿吉尔德,,,,,0,0,,,
agile,'ædʒail,s. moving quickly and lightly\ns. mentally quick,"a. 敏捷的, 灵活的, 机敏的",j:100,1,,toefl gre,14554,14174,,,
Agile Alliance,,,[网络] 敏捷联盟；敏捷联盟组织；轻巧联盟,,,,,0,0,,,
agile applet,,,[网络] 灵巧小型应用程序,,,,,0,0,,,
agile combat aircraft,,,敏捷战斗机,,,,,0,0,,,
agile combat aircraft (aca),,,敏捷战斗机,,,,,0,0,,,
agile development,ˈædʒəl diˈveləpmənt,,n. 敏捷开发,,,,,0,0,,,
agile gibbon,,,[网络] 白毛长臂猿；敏猿；黑手长臂猿,,,,,0,0,,,
agile gibbons,,,[网络] 敏捷长臂猿,,,,,0,0,,,
Agile Manifesto,,,敏捷宣言,,,,,0,0,,,
agile manufacture,,,敏捷制造,,,,,0,0,,,
agile marketing,,,[网络] 灵捷营销；敏捷营销；开展敏捷营销,,,,,0,0,,,
agile programming,,,敏捷开发,,,,,0,0,,,
agile project management,,,敏捷项目管理,,,,,0,0,,,
agile radar,,,灵巧雷达,,,,,0,0,,,
agile software,,,[网络] 敏捷软体；软件；敏捷软件公司,,,,,0,0,,,
agile software development,,,敏捷软件开发,,,,,0,0,,,
agile testing,,,[网络] 敏捷测试；敏捷开发中的测试,,,,,0,0,,,
Agile Unified Process,,,[网络] 敏捷统一过程；敏捷版本的统一过程,,,,,0,0,,,
agile wallaby,,,[网络] 沙大袋鼠；敏袋鼠,,,,,0,0,,,
agilely,'ædʒəli,adv. In an agile manner; nimbly.,adv. 灵活地；头脑敏捷地,,,,,0,0,,,
agileness,'ædʒailnis,n. Agility; nimbleness.,n. 敏捷；灵活,,,,,0,0,,,
agilent,,,n. 安捷伦科技公司,,,,,0,0,,,
agiler,ˊædʒailә,s. moving quickly and lightly\ns. mentally quick,agile的比较级,,,,,0,0,,,
agilest,ˊædʒailist,s. moving quickly and lightly\ns. mentally quick,agile的最高级,,,,,0,0,,,
AgileTP,,,一种下载工具,,,,,0,0,,,
agilious,,,[网络] 凶残,,,,,0,0,,,
agilis,,,[网络] 敏捷侏儒龙；捷蜥蜴；敏捷黄昏鳄,,,,,0,0,s:agiliss,,
agiliss,,,[网络] 敏捷侏儒龙；捷蜥蜴；敏捷黄昏鳄\n(agilis 的复数),,,,,0,0,0:agilis/1:s,,
agilities,,,[网络] 灵巧动作,,,,,0,0,0:agility/1:s,,
agility,ә'dʒiliti,n. the gracefulness of a person or animal that is quick and nimble,"n. 敏捷, 灵活, 机敏",n:100,,,toefl gre,14489,14781,s:agilities,,
agility exercise,,,机巧运动,,,,,0,0,,,
agility game,,,机巧游戏,,,,,0,0,,,
Agilon,,,阿吉纶,,,,,0,0,,,
agilops,,,内眦脓肿穿破,,,,,0,0,,,
agilte,,,[网络] 恶臭,,,,,0,0,,,
agim,,,[网络] 舅妈,,,,,0,0,s:agims,,
Agimi,,,[地名] 阿吉米 ( 阿尔巴 ),,,,,0,0,,,
Agimont,,,[地名] 阿日蒙 ( 比 ),,,,,0,0,,,
agims,,,[网络] 舅妈\n(agim 的复数),,,,,0,0,0:agim/1:s,,
agin,ә'^in,,prep. (=against)\nadv. (谑)反对,,,,,43072,0,s:agins,,
agin dagi,,,亚金山,,,,,0,0,,,
agin',,,[网络] 再；阿欣；巧讲语言点二题范文,,,,,0,0,,,
Agin-Buryat Autonomous Okrug,,,[网络] 布里亚特自治区,,,,,0,0,,,
aginactin,,,抑微丝蛋白,,,,,0,0,,,
aginator,,,[网络] 助手,,,,,0,0,,,
Agincourt,'ædʒinkɔ:t,n. a battle in northern France in which English longbowmen under Henry V decisively defeated a much larger French army in 1415,n. [史](1415年英王亨利五世于法国北部阿金库尔村重创兵力数倍于己的法军的)阿金库尔战役,,,,,34155,0,s:agincourts,,
agincourts,'ædʒinkɔ:t,,n. 阿金库尔战役,,,,,0,0,0:agincourt/1:s,,
aginer,ə'ɡin,,"prep., conj. [方言] = against",,,,,0,0,,,
aging,'eidʒiŋ,n. the organic process of growing older and showing the effects of increasing age\ns. growing old,"n. 老化, 变陈\n[计] 老化, 陈化",j:55/n:45,,,,23291,5306,s:agings,,
aging accounts receivable,,,[经] 应收帐款帐龄分类,,,,,0,0,,,
Aging analysis of accounts,,,[网络] 账龄分析；帐龄分析,,,,,0,0,,,
aging and reliability,,,老化与可靠度,,,,,0,0,,,
aging apparatus,,,老化装置,,,,,0,0,,,
aging art,,,un. 技术老化,,,,,0,0,,,
aging behaviour,,,老化性能; 耐老化性,,,,,0,0,,,
aging biochemistry,,,[生化] 衰老生物化学,,,,,0,0,,,
aging biology,,,[生物] 衰老生物学,,,,,0,0,,,
aging blemish,,,[计] 老化缺陷,,,,,0,0,,,
aging boundary,,,老化界限,,,,,0,0,,,
aging bunker,,,[化] 陈化仓,,,,,0,0,,,
aging chain,,,[社科] 人口老化链,,,,,0,0,,,
aging character,,,老化特征,,,,,0,0,,,
aging characteristic,,,"时效特性,(耐)老化性能",,,,,0,0,,,
aging characteristic test,,,老化特性测试,,,,,0,0,,,
aging coefficient,,,[化] 老化系数,,,,,0,0,,,
aging condition,,,老化条件,,,,,0,0,,,
aging crack,,,时效裂纹,,,,,0,0,,,
aging curve,,,[统计] 老化曲线,,,,,0,0,,,
aging distribution,,,老化分布；高龄化分布,,,,,0,0,,,
aging effect,,,[电] 老化效应,,,,,0,0,,,
aging error,,,老化错误;衰化误差,,,,,0,0,,,
aging face,,,面部老化,,,,,0,0,,,
aging factor,ˈeidʒiŋ ˈfæktə,, [医]老化因子，衰老因素,,,,,0,0,,,
aging failure,,,[计] 老化故障,,,,,0,0,,,
aging gene,,,【医学】 (导致哺乳动物出现毛发变白、骨质疏松等衰老现象的)衰老基因,,,,,0,0,,,
aging hardening,,,老化变硬；[材] 时效硬化,,,,,0,0,,,
aging index,,,"老化指数, 老化指数；高龄化指数",,,,,0,0,,,
aging industries,,, [财]衰老工业,,,,,0,0,,,
aging leaf tissuses,,,老化叶组织,,,,,0,0,,,
aging machine,,,[化] 熟化器,,,,,0,0,,,
aging mechanism,,,老化机理,,,,,0,0,,,
aging method,,,[经] 帐龄分析法,,,,,0,0,,,
aging of accounts receivable,,,应收账款账龄分析\n应收帐款帐龄分析,,,,,0,0,,,
aging of acetylcholinesterase,,,乙酰胆碱酯酶老化,,,,,0,0,,,
aging of amalgam,,,[医] 汞合金[充填]时效,,,,,0,0,,,
aging of beef,,,[网络] 牛肉的排酸,,,,,0,0,,,
aging of cathode,,,极的老化,,,,,0,0,,,
aging of column,,,[网络] 柱老化,,,,,0,0,,,
aging of flour,,,[网络] 面粉的老化,,,,,0,0,,,
aging of insulation,,,缘老化,,,,,0,0,,,
aging of labor force,ˈeidʒiŋ ɔv ˈleibə fɔ:s,, 劳动力的老龄化,,,,,0,0,,,
aging of lubricating oil,,,[网络] 润滑油老化,,,,,0,0,,,
aging of magnet,,,【电磁学】磁性衰退现象,,,,,0,0,,,
aging of magnetic materials,,,磁性材料时效,,,,,0,0,,,
aging of permanent magnets,,,永磁材料的时效,,,,,0,0,,,
aging of placenta,,,胎盘老化;胎盘衰老,,,,,0,0,,,
aging of population,,,[医] 人口变老,,,,,0,0,,,
aging of rubber,,,橡胶的老化,,,,,0,0,,,
aging of solution,,,溶液陈化,,,,,0,0,,,
aging of the labour force,,,un. 劳动力的老龄化,,,,,0,0,,,
aging of tubes,,,[网络] 电子管老化,,,,,0,0,,,
aging oven,,,老化烘箱,,,,,0,0,,,
aging period,,,老化(时)期;放置(时)期;熟化期,,,,,0,0,,,
aging periods,,,帐龄期间,,,,,0,0,,,
aging phenomenon,,,化现象,,,,,0,0,,,
aging physiology,,,[生理] 衰老生理学,,,,,0,0,,,
aging population,,,老年人口,,,,,0,0,,,
aging population problem,,,[网络] 人口老年化及养老问题；老龄化问题,,,,,0,0,,,
aging process,,,老化法,,,,,0,0,,,
aging properties,,,un. 老化性能,,,,,0,0,,,
aging range,,,时效温度范围,,,,,0,0,,,
aging rate,,,老化率,,,,,0,0,,,
aging register,,,[计] 时效寄存器,,,,,0,0,,,
aging resistance,,,老化性，时效电阻；抗时效性；抗老化性能,,,,,0,0,,,
aging resistant performance,,,[高分子] 耐老化性能,,,,,0,0,,,
aging retardation,,,老化迟滞,,,,,0,0,,,
aging room,,,"老化车间,老熟车间,陈酿车间",,,,,0,0,,,
aging schedule,,,[经] 帐龄表,,,,,0,0,,,
aging schedule of account receivable,,,un. 应收帐目帐龄分析表,,,,,0,0,,,
aging school,,,老年学校,,,,,0,0,,,
aging sisht,,,[医] 老视,,,,,0,0,,,
aging skin,,,老化皮肤,,,,,0,0,,,
aging society,,,"老人社会；高龄化社会, 高龄化社会　",,,,,0,0,,,
aging stability,ˈeidʒiŋ stəˈbiliti,, 时效稳定性,,,,,0,0,,,
aging steel,,,时效钢,,,,,0,0,,,
aging test,,,[机] 老化试验,,,,,0,0,,,
aging test chamber,,,老化试验箱,,,,,0,0,,,
aging test machine,,,老化试验机,,,,,0,0,,,
aging tester,,,老化试器,,,,,0,0,,,
aging testing instrument,,,[高分子] 老化试验机,,,,,0,0,,,
aging the account,ˈeidʒiŋ ðə əˈkaunt,, [财]账龄分析,,,,,0,0,,,
aging the accounts,,,[经] 帐龄分析,,,,,0,0,,,
aging the receivable,,,[经] 分析应收款欠帐的时间,,,,,0,0,,,
aging time,,,"成熟期,老熟期,老化期",,,,,0,0,,,
aging treatment,,,时效处理,,,,,0,0,,,
aging units,,,un. 老机组,,,,,0,0,,,
aging vat,,,"熟化槽(稀奶油,冰淇淋混合料等熟化用)",,,,,0,0,,,
aging vessel,,,[化] 老化器,,,,,0,0,,,
aging voltage,,,化[用]电压,,,,,0,0,,,
aging wine,,,陈酿葡萄酒,,,,,0,0,,,
aging(ageing),,,时效 ; 老化,,,,,0,0,,,
aging-in-place,,,原居安老,,,,,0,0,,,
aging-lung emphysema,,,老年性肺气肿,,,,,0,0,,,
aging-related,,,[网络] 老化相关,,,,,0,0,,,
aging-resistant,,,抗老化,,,,,0,0,,,
aging-services,,,[网络] 养老服务,,,,,0,0,,,
agingindustries,,,un. 过时工业；落后工业,,,,,0,0,,,
agingipain,,,精氨酸牙龈菌蛋白酶,,,,,0,0,,,
agings,,,[网络] 兴奋,,,,,0,0,0:aging/1:s,,
aginne,,,[网络] 阿根廷,,,,,0,0,,,
aginner,ә'^inә(r),,n. <俚>反对变革的人,,,,,0,0,,,
aginning,,,[网络] 咧嘴笑,,,,,0,0,,,
aginomoto,"ә,dʒinɔ'mɔ:tә",,(=ajinomoto)[日]味精,,,,,0,0,,,
agins,,,n. (Agins)人名；(英)阿金斯,,,,,0,0,0:agin/1:s,,
Aginskiy,,,[地名] 阿金斯基 ( 俄 ),,,,,0,0,,,
Aginskiy Buryatskiy Avtonomnyy Okrug,,,[地名] 阿加布里亚特自治区。英语惯用名Aga-Buryat Autonomous Okrug ( 俄 ),,,,,0,0,,,
Aginskoye,,,[网络] 阿金斯科耶；亚新斯科亚；行政中心阿金斯科耶,,,,,0,0,,,
aginsky,,,[网络] 阿金斯启,,,,,0,0,,,
aginst,,,[网络] 反对,,,,,0,0,s:aginsts,,
aginsts,,,[网络] 反对\n(aginst 的复数),,,,,0,0,0:aginst/1:s,,
agio,'ædʒiәu,n. a fee charged for exchanging currencies,"n. 贴水, 贴水率\n[经] 贴水, 扣头, 折扣",,,,,0,0,s:agios,,
agio account,,,贴水账目,,,,,0,0,,,
agio theory,,,折扣说,,,,,0,0,,,
agio theory of interest,,,节欲利息论,,,,,0,0,,,
agio-toponym,,,[网络] agio名词,,,,,0,0,,,
agiograph,,,[网络] 摄影机,,,,,0,0,,,
agioi apostoloi,,,阿乔亚波斯托罗伊,,,,,0,0,,,
agioi theodoroi,,,阿乔提欧多罗伊,,,,,0,0,,,
Agiokampos,,,[地名] 阿伊奥坎波斯 ( 希 ),,,,,0,0,,,
Agiolan,,,"维生素A,维生素甲,维他命甲,甲种维生素,抗干眼醇",,,,,0,0,,,
Agiolax,,,"导肠粒,舒立通",,,,,0,0,,,
Agion Oros,,,"[地名] ""圣山。英语惯用名Athos ( 希 )",,,,,0,0,,,
agionephrotomography,,,肾血管体层摄影术,,,,,0,0,,,
agios,'ædʒɪəʊ,pl.  of Agio,n. 贴水；[会计] 扣头；折扣；贴水率；汇兑行情（等于agiotage）,,,,,0,0,0:agio/1:s,,
Agios Andreas,,,[地名] 圣安德烈亚斯 ( 希 ),,,,,0,0,,,
Agios Athanasios,,,[地名] 圣阿萨纳西奥斯 ( 希 ),,,,,0,0,,,
agios charalampos,,,阿乔查拉兰波斯,,,,,0,0,,,
Agios Christoforos,,,[地名] 圣赫里斯托福罗斯 ( 希 ),,,,,0,0,,,
Agios Dimitrios,,,[地名] 圣季米特里奥斯 ( 希 ),,,,,0,0,,,
"Agios Dimitrios, Akra",,,[地名] 圣季米特里奥斯角 ( 希 ),,,,,0,0,,,
Agios Efstratios,,,[地名] 圣埃夫斯特拉蒂奥斯 ( 希 ),,,,,0,0,,,
"Agios Efstratios, Nisos",,,[地名] 圣埃夫斯特拉蒂奥斯岛 ( 希 ),,,,,0,0,,,
Agios Georgios,,,[地名] 圣乔治斯 ( 希 ),,,,,0,0,,,
Agios Ilias,,,[地名] 圣伊利亚斯 ( 希 ),,,,,0,0,,,
Agios Ioannis,,,[地名] 圣约阿尼斯 ( 希 ),,,,,0,0,,,
Agios Kirykos,,,[地名] 圣基里科斯 ( 希 ),,,,,0,0,,,
Agios Konstantinos,,,[地名] 圣康斯坦丁诺斯 ( 希 ),,,,,0,0,,,
"Agios Kosmas, Akra",,,[地名] 圣科斯马斯角 ( 希 ),,,,,0,0,,,
Agios Loukas,,,[地名] 圣卢卡斯 ( 希 ),,,,,0,0,,,
Agios Matthaios,,,[地名] 圣马泰奥斯 ( 希 ),,,,,0,0,,,
Agios Myron,,,[地名] 圣米龙 ( 希 ),,,,,0,0,,,
agios nikoiaos,,,阿乔尼科亚欧斯,,,,,0,0,,,
Agios Nikolaos,,,[地名] 圣尼古劳斯 ( 希 ),,,,,0,0,,,
Agios Petros,,,[地名] 圣彼得罗斯 ( 希 ),,,,,0,0,,,
agios sergios,,,阿乔色吉欧斯,,,,,0,0,,,
Agios Stefanos,,,[地名] 圣斯特凡诺斯 ( 希 ),,,,,0,0,,,
Agios Theodoros,,,[地名] 圣塞奥佐罗斯 ( 希 ),,,,,0,0,,,
Agios Thomas,,,[地名] 圣托马斯 ( 希 ),,,,,0,0,,,
Agios Vasileios,,,[地名] 圣瓦西利奥斯 ( 希 ),,,,,0,0,,,
agiotage,'ædʒiәteidʒ,n a fee charged for exchanging currencies,"n. 汇兑业务, 政券投机\n[经] 汇兑业务, 兑换",,,,,0,0,s:agiotages,,
agiotages,'ædʒɪətɪdʒ,,n. 兑换；股票买卖；汇兑业务，货币兑换,,,,,0,0,0:agiotage/1:s,,
"Agiou Orous, Kolpos",,,[地名] 圣山湾 ( 希 ),,,,,0,0,,,
agip,,,意大利石油总公司（azienda generale italiana petroli）,,,,,0,0,s:agips,,
agipanthus,,,百子莲,,,,,0,0,,,
agipop,'æɡipɔp,,n. (利用流行音乐推行政治主张的)音乐宣传鼓动,,,,,0,0,,,
agips,,,意大利石油总公司（azienda generale italiana petroli）\n(agip 的复数),,,,,0,0,0:agip/1:s,,
agir,,,[网络] 行动；法国退休人员协会,,,,,0,0,,,
Agira,,,阿吉拉,,,,,0,0,,,
Agirish,,,[地名] 阿吉里什 ( 俄 ),,,,,0,0,,,
agirwat hills,,,阿吉瓦特丘陵,,,,,0,0,,,
agis,,,n. (Agis)人名；(西)阿希斯；(英、德)阿吉斯,,,,,0,0,0:agi/1:s,,
Agis II,,,[网络] 阿基斯二世；阿吉斯二世,,,,,0,0,,,
Agis III,,,[网络] 亚基斯三世,,,,,0,0,,,
Agis IV,,,[网络] 亚基斯四世；四世,,,,,0,0,,,
agism,'eidʒizm,n discrimination against middle-aged and elderly people,n. 歧视老年人,,,,,0,0,s:agisms,,
agisms,'eidʒizəm,,n. 歧视老年人（尤指在就业和住房方面）,,,,,0,0,0:agism/1:s,,
agist,ә'dʒist,"v. t. To take to graze or pasture, at a certain sum; -- used\n   originally of the feeding of cattle in the king's forests, and\n   collecting the money for the same.",v. [律]替人饲养牛马以收取代价,,,,,0,0,s:agists,,
agistage,,,[网络] 恶棍,,,,,0,0,,,
agistation,,,[网络] 阿木站,,,,,0,0,,,
agistator,,,[网络] 积极主义者,,,,,0,0,,,
agistators,,,[网络] 协调员,,,,,0,0,,,
agisted,,"past participle of agist\nv. t. To take to graze or pasture, at a certain sum; -- used\n   originally of the feeding of cattle in the king's forests, and\n   collecting the money for the same.",(agist 的过去分词) v.[律]替人饲养牛马以收取代价,,,,,0,0,0:agist/1:d,,
agisten,,,抗真菌一号,,,,,0,0,,,
agister,,n. Alt. of Agistor,n. agist的变形,,,,,0,0,s:agisters,,
agisters,,plural of agister\nn. Alt. of Agistor,(agister 的复数) n. agist的变形,,,,,0,0,0:agister/1:s,,
agisting,,,[网络] 恶毒,,,,,0,0,,,
agistment,ə'dʒɪstmənt,"n. Formerly, the taking and feeding of other men's cattle\n   in the king's forests.\nn. The taking in by any one of other men's cattle to graze\n   at a certain rate.\nn. The price paid for such feeding.\nn. A charge or rate against lands; as, an agistment of sea\n   banks, i. e., charge for banks or dikes.","代人放牧, 代养牲畜\n放牧",,,,,0,0,s:agistments,,
agistment area,,,放牧面积,,,,,0,0,,,
agistments,ə'dʒɪstmənt,,n. 代人放牧，代养牲畜；代人放牧费(或所得利润)，代养牲畜的费用(或收益),,,,,0,0,0:agistment/1:s,,
agistor,,,[网络] 电阻器,,,,,0,0,,,
agistors,,,[网络] 电阻器,,,,,0,0,,,
agists,ə'dʒist,,vt. 代人放牧（牲口）；按比例对（牧场、牧场主）征税,,,,,0,0,0:agist/1:s,,
agit,,,"[=agita]摇动,搅伴,搅动",,,,,0,0,s:agits,,
agit-,,,n. 琼脂凝胶免疫扩散试验\n[网络] Astra Graphia Information Technology; 假面骑士颚门; 幪面超人亚极陀,,,,,0,0,,,
agit-art,,,[网络] 搅拌艺术,,,,,0,0,,,
agit-pop,,,[网络] 激动人心,,,,,0,0,s:agit-pops,,
agit-pops,,,[网络] 激动人心\n(agit-pop 的复数),,,,,0,0,0:agit-pop/1:s,,
agit-prop,ə'ɡɪtpr'ɒp,,abbr. agitation and propaganda 煽动和宣传,,,,,0,0,s:agit-props,,
agit-props,,,abbr. 宣传鼓动（agitation and propaganda）,,,,,0,0,0:agit-prop/1:s,,
agit.,,,abbr. agitā [拉丁语](在医生处方中)摇，搅,,,,,0,0,,,
Agit. vas.,,,[医] 振摇容器,,,,,0,0,,,
agita,æd'ʒi:tə,,n. 胃酸消化不良,,,,,0,0,,,
agitable,'ædʒiteitəbl,"a. Capable of being agitated, or easily moved.",a. agitate的变形,,,,,0,0,,,
agitaion,,,搅动作用,,,,,0,0,,,
agitant,,,[网络] 激动人心,,,,,0,0,,,
agitas,,,[网络] 阿吉塔斯,,,,,0,0,,,
agitat,,,[网络] 激动,,,,,0,0,,,
agitatable,,,[网络] 可搅动,,,,,0,0,,,
agitate,'ædʒiteit,"v. try to stir up public opinion\nv. cause to be agitated, excited, or roused\nv. change the arrangement or position of","vt. 使摇动, 搅动, 使激动, 使不安\nvi. 鼓动, 煽动",v:100,1,,ky toefl gre,13895,12134,d:agitated/i:agitating/p:agitated/3:agitates/s:agitates,,
agitate for,,,鼓吹…,,,,,0,0,,,
agitate oneself,,,烦躁；焦躁,,,,,0,0,,,
agitated,'ædʒiteitid,a. troubled emotionally and usually deeply\na. physically disturbed or set in motion,"a. (表现出)不安/焦虑的, (被)激烈辩论的, (被)热烈讨论的, 颤抖的\n[医] 激越的",j:100,,,gre,14327,12974,0:agitate/1:dp,,
agitated about,,,对…感到焦虑,,,,,0,0,,,
agitated batch crystallizer,,,[化] 搅拌式分批结晶器; 搅拌冷却结晶器,,,,,0,0,,,
agitated bed,,,[化] 搅拌床,,,,,0,0,,,
agitated compartmented extractor,,,[化] 搅拌式萃取塔; 搅拌间格式萃取塔,,,,,0,0,,,
agitated conveyer,,,搅动式输送器,,,,,0,0,,,
agitated conveyor,,,搅动式输送器,,,,,0,0,,,
agitated crystallizer,,,[化] 搅拌结晶器,,,,,0,0,,,
agitated cylinder dryer,,,[化] 圆筒搅拌干燥器,,,,,0,0,,,
agitated depression,,,[医] 激越性抑郁[症],,,,,0,0,s:agitated depressions,,
"agitated depression, agitated melancholia",,,【心理学】焦虑性抑郁症,,,,,0,0,,,
agitated depressions,,,【心理学】焦虑性抑郁症,,,,,0,0,0:agitated depression/1:s,,
agitated drier,,,搅动式干燥机,,,,,0,0,,,
agitated dryer,,,[化] 搅拌型干燥器,,,,,0,0,,,
agitated film evaporator,,,[化] 搅动膜蒸发器; 回转式薄膜蒸发器,,,,,0,0,,,
agitated fluidized bed,,,拌流化床,,,,,0,0,,,
agitated hearth,,,搅动炉床,,,,,0,0,,,
agitated horizontal autoclave,,,搅拌卧式高压釜,,,,,0,0,,,
agitated kettle,,,[机] 搅动锅,,,,,0,0,,,
agitated leaching autoclave,,,搅拌浸出高压釜,,,,,0,0,,,
agitated melancholia,,,[医] 激越性忧郁症,,,,,0,0,,,
agitated pan dryer,,,搅动式平盘干燥机,,,,,0,0,,,
agitated reactor,,,[化] 搅拌式反应设备,,,,,0,0,,,
agitated rinse,,,搅动冲洗,,,,,0,0,,,
agitated tank,,,[化] 搅拌槽,,,,,0,0,,,
agitated thin-film evaporator,,,[化] 搅拌薄膜蒸发器,,,,,0,0,,,
agitated trough dryer,,,槽式搅动干燥器,,,,,0,0,,,
agitated vessel,,,[化] 搅拌槽,,,,,0,0,,,
agitated-film evaporator,,,搅动膜蒸发器,,,,,0,0,,,
agitatedly,'ædʒiteitidli,adv. In an agitated manner.,"adv. 激动地, 焦虑地",,,,,40196,0,,,
agitates,ˈædʒiteits,"v try to stir up public opinion\nv cause to be agitated, excited, or roused\nv exert oneself continuously, vigorously, or obtrusively to gain an end or engage in a crusade for a certain cause or person; be an advocate for\nv move very slightly\nv move or cause to move back and forth\nv change the arrangement or position of",v. 搅动( agitate的第三人称单数 ); 激怒; 使焦虑不安; （尤指为法律、社会状况的改变而）激烈争论,,,,,0,0,0:agitate/1:3,,
agitatest,'ædʒɪteɪt,,"vt. (尤指剧烈地)摇动，拨动；搅动，搅拌(液体等)：；使激动；使焦虑；使狂躁不安：\nvi. 煽动,鼓动(for 或 against):",,,,,0,0,,,
agitateth,,,[网络] 激动,,,,,0,0,,,
agitating,,"v try to stir up public opinion\nv cause to be agitated, excited, or roused\nv exert oneself continuously, vigorously, or obtrusively to gain an end or engage in a crusade for a certain cause or person; be an advocate for\nv move very slightly\nv move or cause to move back and forth\nv change the arrangement or position of\ns causing or tending to cause anger or resentment","a. (使人)不安的, (进行)鼓动的\n[化] 搅拌; 搅动",,,,,0,0,0:agitate/1:i/s:agitatings,,
agitating apparatus,,, [医]搅拌器,,,,,0,0,,,
agitating auger,,,"搅拌螺旋推进器,搅拌螺旋",,,,,0,0,,,
agitating blower,,,un. 掺混鼓风机\n[网络] 搅拌用鼓风机,,,,,0,0,,,
agitating capacity,,,[建] 混合容量,,,,,0,0,,,
agitating cooker,,,回转式杀菌机,,,,,0,0,,,
agitating crystallizer,,,[网络] 搅动结晶罐,,,,,0,0,,,
agitating device,,,搅拌装置,,,,,0,0,,,
agitating equipment,,,搅动设备,,,,,0,0,,,
agitating film evaporator,,,[食品] 搅拌式薄膜蒸发器,,,,,0,0,,,
agitating form,,,激越型,,,,,0,0,,,
agitating heater,,,搅动加热器,,,,,0,0,,,
agitating lorry,,,搅拌(运货)车,,,,,0,0,,,
agitating pan,,,搅拌锅,,,,,0,0,,,
agitating process,,,[网络] 回旋杀菌法；搅动程式；搅动程序,,,,,0,0,,,
agitating retort,,,搅动式杀菌锅,,,,,0,0,,,
agitating speed,,,搅拌速度,,,,,0,0,,,
agitating sprocket,,,抖动链轮,,,,,0,0,,,
agitating sterilization process,,,搅动[式]灭菌法,,,,,0,0,,,
agitating sterilizer,,,回转式杀菌器,,,,,0,0,,,
agitating tank,,,[化] 搅拌槽,,,,,0,0,,,
agitating truck,,,拌和车,,,,,0,0,,,
agitating vacuum process,,,搅动式真空法,,,,,0,0,,,
agitating valve,,,搅拌桨,,,,,0,0,,,
agitating vane,,,[化] 搅拌桨叶,,,,,0,0,,,
agitating vessel,,,搅拌桶,,,,,0,0,,,
agitatingly,,,[网络] 激动地,,,,,0,0,,,
agitatings,,,adj. 搅拌的，搅动的；不安的；鼓动的\nv. 搅动；煽动；使焦虑（agitate的现在分词）,,,,,0,0,0:agitating/1:s,,
agitation,.ædʒi'teiʃәn,n. a mental state of extreme emotional disturbance\nn. a state of agitation or turbulent change or development\nn. the feeling of being agitated; not calm,"n. 激动, 焦虑, 煽动, 搅动, 摇动\n[化] 搅拌; 搅拌作用",n:100,,,cet6 toefl ielts,8673,12905,s:agitations,,
agitation cascade,,,高落搅拌,,,,,0,0,,,
agitation characteristics,,,搅拌特性,,,,,0,0,,,
agitation cooling crystallizer,,,[化] 搅拌冷却结晶器,,,,,0,0,,,
agitation equipment,,,[化] 搅拌装置,,,,,0,0,,,
agitation error,,,[计] 扰动误差,,,,,0,0,,,
agitation frequency,,,动频率,,,,,0,0,,,
agitation froth machine,,,机械搅拌式浮造机,,,,,0,0,,,
agitation granulation,,,搅拌造粒,,,,,0,0,,,
agitation layer,,,海温混合层,,,,,0,0,,,
agitation leach,,,[机] 搅动沥滤,,,,,0,0,,,
agitation noise,,,热噪声,,,,,0,0,,,
agitation of bath,,,溶池搅动,,,,,0,0,,,
agitation subaeration,,,底充气搅拌,,,,,0,0,,,
agitation system,,,挠动系统,,,,,0,0,,,
agitation type flotation machine,,,搅拌式浮选机,,,,,0,0,,,
agitation vat,,,[机] 搅动,,,,,0,0,,,
agitation-froth machine,,,搅拌式泡沫浮选机,,,,,0,0,,,
agitational,",ædʒi'teiʃənәl",,a. 鼓动性的,,,,,0,0,,,
agitations,,plural of agitation\nn. a mental state of extreme emotional disturbance\nn. a state of agitation or turbulent change or development\nn. the feeling of being agitated; not calm,"(agitation 的复数) n. 激动, 焦虑, 煽动, 搅动, 摇动\n[化] 搅拌; 搅拌作用",,,,,0,0,0:agitation/1:s,,
agitative,'ædʒiteitiv,s. causing or tending to cause anger or resentment,a. 引起激动的,,,,,0,0,,,
agitato,ædʒi'tɑ:tәu,"a. Sung or played in a restless, hurried, and spasmodic\n   manner.","adv. 激动地,兴奋地",,,,,0,0,s:agitatoes,,
agitatoes,",ædʒɪ'tɑːtəʊ",,"adj., adv. [意大利语]【音乐】激动不安的(地)；兴奋的(地)；急速的(地)(对演奏者的指示)",,,,,0,0,0:agitato/1:s,,
agitator,'ædʒiteitә,n. one who agitates; a political troublemaker,n. 煽动者\n[化] 搅拌器; 搅拌机; 搅抖装置,n:100,,,,20823,21510,s:agitators,,
agitator air,,,"[机] 气动搅拌器, 气动搅动器",,,,,0,0,,,
agitator arm,,,"[机] 搅动杆, 搅动叶轮",,,,,0,0,,,
agitator bath,,,[化] 搅拌槽,,,,,0,0,,,
agitator blade,,,[化] 搅拌桨; 搅拌耙,,,,,0,0,,,
agitator board,,,搅拌器板;抖动机板,,,,,0,0,,,
agitator body,,,un. 搅拌机机身,,,,,0,0,,,
agitator body truck,,,搅拌车,,,,,0,0,,,
agitator car,,,拌和器车,,,,,0,0,,,
agitator crusher,,,un. 搅拌式轧碎机,,,,,0,0,,,
agitator drier,,,[机] 搅动干燥器,,,,,0,0,,,
agitator dryer,,,[化] 搅拌干燥器,,,,,0,0,,,
agitator extension shaft,,,[化] 搅拌器伸出轴,,,,,0,0,,,
agitator feed,,,搅拦轮式排种施肥器,,,,,0,0,,,
agitator fertilizer distributor,,,带搅动器的施肥机,,,,,0,0,,,
agitator flash evaporator,,,搅拌式瞬间蒸发器,,,,,0,0,,,
agitator jet,,,"搅拌器喷管,搅拌器喷嘴",,,,,0,0,,,
agitator joint shaft,,,[化] 搅拌器连接轴,,,,,0,0,,,
agitator kettle,,,搅拌锅,,,,,0,0,,,
agitator lorry,,,搅拌机汽车,,,,,0,0,,,
agitator mixer,,,搅拌器（式）混合机,,,,,0,0,,,
agitator nozzle,,,搅拌器喷嘴,,,,,0,0,,,
agitator of armed fighting,,,"[法] 武装战, 煽动者",,,,,0,0,,,
agitator of rebellion,,,[法] 叛乱煽动者,,,,,0,0,,,
agitator of unlawful strike,,,[法] 非法罢工煽动者,,,,,0,0,,,
agitator paddle,,,搅拌器叶轮,,,,,0,0,,,
agitator shaft speed,,,搅拌轴转速,,,,,0,0,,,
agitator support,,,[化] 搅拌机支座,,,,,0,0,,,
agitator tank,,,[化] 搅拌罐; 搅拌酸槽; 搅拌槽,,,,,0,0,,,
agitator treating,,,[机] 搅动洗涤,,,,,0,0,,,
agitator truck,,,搅拌机卡车,,,,,0,0,,,
agitator type washing machine,,,搅拌式洗衣机,,,,,0,0,,,
agitator washer,,,搅拌式洗涤机,,,,,0,0,,,
agitator with scrapers,,,un. 刮板搅拌机,,,,,0,0,,,
agitator with shroud,,,un. 有罩搅拌器,,,,,0,0,,,
agitator-body truck,,,[机] 搅拌器卡车,,,,,0,0,,,
agitator-conveyor,,,搅拌送料器,,,,,0,0,,,
agitatorconveyor,ædʒɪteɪtɔːkən'veɪər,,n. 搅抖送料器,,,,,0,0,,,
agitatorial,,,[网络] 搅动,,,,,0,0,,,
agitators,ˈædʒɪˌteɪtəz,n. one who agitates; a political troublemaker,n. <贬>（尤指政治变革的）鼓动者( agitator的复数形式 ); 煽动者; 搅拌器; 搅拌机,,,,,0,0,0:agitator/1:s,,
agitatorship,,,[网络] 搅拌,,,,,0,0,,,
agitatory crusher,,,搅拌式轧碎机,,,,,0,0,,,
agitatos,",ædʒɪ'tɑːtəʊ",,"adj., adv. [意大利语]【音乐】激动不安的(地)；兴奋的(地)；急速的(地)(对演奏者的指示)",,,,,0,0,,,
agitatrices,,,[网络] 搅拌,,,,,0,0,,,
agitatrix,,,[网络] 女鼓动者,,,,,0,0,,,
agito,,,[网络] 颚门；假面骑士颚门；陀,,,,,0,0,,,
agitographia,,,[医] 急躁性错写,,,,,0,0,,,
agitolalia,,,[医] 急躁性错语,,,,,0,0,,,
agitophasia,,,[医] 急躁性错语,,,,,0,0,,,
agitpop,"'ædʒit,pɔp",,n. (用流行音乐的手段进行的)音乐(宣传)鼓动,,,,,0,0,,,
agitprop,'ædʒitprɒp,n. political propaganda (especially communist propaganda) communicated via art and literature and cinema,n. 宣传鼓动\na. 宣传鼓动的,n:100,,,,0,35737,s:agitprops,,
agitpropist,"'ædʒit,prɔpist",,n. 宣传鼓动员[亦作 agitprop],,,,,0,0,,,
agitprops,'ædʒɪtprɒp; 'æg-,,n. 宣传鼓动；宣传鼓动员（等于agitpropist）；宣传鼓动部门\nadj. 宣传鼓动的（等于agitprop，agit-prop）,,,,,0,0,0:agitprop/1:s,,
agits,,,abbr. agitā [拉丁语](在医生处方中)摇，搅,,,,,0,0,0:agit/1:s,,
agium,,,海滨群落,,,,,0,0,,,
agius,,,n. (Agius)人名；(英)阿吉厄斯；(西)阿希乌斯；(马耳他、法)阿吉乌斯,,,,,0,0,,,
agive,,,[网络] 的词组辨析,,,,,0,0,,,
agivey r.,,,阿吉维河,,,,,0,0,,,
AGJ,,,[网络] 粟国机场；敏捷；粟国岛,,,,,0,0,,,
Agjert,,,[地名] 阿格杰尔特 ( 毛里塔 ),,,,,0,0,,,
agjobs,,,[网络] 农场工人合法化,,,,,0,0,,,
AGK catalog,,,[天] 德国天文学会星表,,,,,0,0,,,
Agkistrodon,,n copperheads,[医] 蝮蛇属,,,,,0,0,s:agkistrodons,,
agkistrodon acutus,,,百步蛇,,,,,0,0,,,
agkistrodon bilineatus,,,双线毒蛇,,,,,0,0,,,
agkistrodon blomhoffi,,,[建] 花蝮蛇,,,,,0,0,,,
Agkistrodon contortrix,,,[网络] 铜头蝮；铜斑蛇；铜头蛇,,,,,0,0,s:agkistrodon contortrixes,,
agkistrodon contortrixes,,,[网络] 铜头蝮；铜斑蛇；铜头蛇\n(agkistrodon contortrix 的复数),,,,,0,0,0:agkistrodon contortrix/1:s,,
Agkistrodon halys,,,蝮蛇,,,,,0,0,,,
Agkistrodon piscivorus,,,[医] 水生噬鱼蝮蛇,,,,,0,0,s:agkistrodon piscivoruss,,
agkistrodon piscivoruss,,,[医] 水生噬鱼蝮蛇\n(agkistrodon piscivorus 的复数),,,,,0,0,0:agkistrodon piscivorus/1:s,,
agkistrodons,,,[医] 蝮蛇属\n(agkistrodon 的复数),,,,,0,0,0:agkistrodon/1:s,,
agkistrodotoxin,,,蝮蛇神经毒素,,,,,0,0,,,
AGL,,,abbr. 地平面之上（Above Ground Level）；自动成组测获（Automated Group Learning）,,,,,0,0,s:agls,,
agl radar,,,空用枪炮瞄准雷达,,,,,0,0,,,
agl.,,,abbr. algebra,,,,,0,0,,,
AGLAE,,,阿格蕾伊,,,,,0,0,,,
Aglaea,,,[网络] 阿格莱亚；光荣女神；阿格利亚,,,,,0,0,,,
Aglaia,æ'^laiә,n (Greek mythology) one of the three Graces,"n. [希神]光之女神(美慧三女神之一,意为灿烂)",,,,,0,0,s:aglaias,,
Aglaia abbreviata,,,n. 缩序米仔兰,,,,,0,0,,,
aglaia chittagonga,,,兰屿树兰,,,,,0,0,,,
Aglaia dasyclada,,,[网络] 红罗,,,,,0,0,,,
aglaia elaeagnoidea benth.var.formosana hay,,,红柴(F.N.),,,,,0,0,,,
Aglaia elliptifolia,,,n. 椭圆叶米仔兰,,,,,0,0,,,
aglaia elliptifolia merr.,,,菲律宾树兰;大叶树兰,,,,,0,0,,,
Aglaia formosana,,,n. 台湾米仔兰,,,,,0,0,,,
Aglaia Lour,,,[医] 碎米兰属,,,,,0,0,,,
Aglaia odorata,,,米仔兰,,,,,0,0,,,
Aglaia odorata Lour,,,[医] 碎米兰,,,,,0,0,,,
aglaia odorata lour.,,,树兰(府志);秋兰(H.F.);三叶兰(W.)(G.);米仔兰(台),,,,,0,0,,,
Aglaia odorata oil,,,米兰花油,,,,,0,0,,,
aglaia odoratissima bl.,,,海南树兰,,,,,0,0,,,
Aglaia perviridis,,,n. 碧绿米仔兰,,,,,0,0,,,
Aglaia rimosa,,,[网络] 大叶树兰；椭圆叶米仔兰,,,,,0,0,,,
Aglaia roxburghiana,,,n. 山椤,,,,,0,0,,,
Aglaia spectabilis,,,[网络] 曲梗崖摩,,,,,0,0,,,
Aglaia testicularis,,,[网络] 马肾果,,,,,0,0,,,
Aglaia tetrapetala,,,[网络] 兰屿树兰,,,,,0,0,,,
Aglaian,,,[网络] 阿格里安,,,,,0,0,,,
aglaias,æ'ɡlaiə,,n. 光之女神（美慧三女神之一，意为灿烂）,,,,,0,0,0:aglaia/1:s,,
Aglaiocypris,,,"彩星介属〔介形类，J2〕, 彩星介属〔介形类；J2〕",,,,,0,0,,,
aglaiocypris luchungjeni,,,芦中人红花介,,,,,0,0,,,
aglaiocypris shengmuna,,,神木红花介,,,,,0,0,,,
aglaiocypris tangkui,,,党锢红花介,,,,,0,0,,,
aglaiol,,,米仔兰醇,,,,,0,0,,,
aglaite,,,变锂辉石,,,,,0,0,,,
aglaite (cymatolite),,,杂钠长白云母,,,,,0,0,,,
Aglal,,,[地名] 阿格拉勒 ( 马里 ),,,,,0,0,,,
aglance,,,[网络] 一瞥；一眼；一个眼神,,,,,0,0,,,
aglandular,,,"[医] 无腺的, 非腺的",,,,,0,0,,,
Aglaomorpha,,,[网络] 连珠蕨属,,,,,0,0,s:aglaomorphas,,
aglaomorpha coronans,,,崖姜蕨,,,,,0,0,,,
aglaomorpha histrio formosana,,,大丽灯蛾,,,,,0,0,,,
Aglaomorpha meyeniana,,,[网络] 连珠蕨,,,,,0,0,s:aglaomorpha meyenianas,,
aglaomorpha meyenianas,,,[网络] 连珠蕨\n(aglaomorpha meyeniana 的复数),,,,,0,0,0:aglaomorpha meyeniana/1:s,,
aglaomorpha meyeriana schott,,,连珠蕨,,,,,0,0,,,
aglaomorphas,,,[网络] 连珠蕨属\n(aglaomorpha 的复数),,,,,0,0,0:aglaomorpha/1:s,,
Aglaonema,,,粗肋草属,,,,,0,0,s:aglaonemas,,
aglaonema commutatum elegans,,,美丽粗肋草,,,,,0,0,,,
aglaonema costatum,,,心叶粗肋草,,,,,0,0,,,
aglaonema costatum veitch,,,心叶粗肋草,,,,,0,0,,,
aglaonema crispum,,,白雪粗肋草,,,,,0,0,,,
Aglaonema modestum,,,[网络] 广东万年青；粗肋草；广东万年青和粗肋草,,,,,0,0,s:aglaonema modestums,,
aglaonema modestums,,,[网络] 广东万年青；粗肋草；广东万年青和粗肋草\n(aglaonema modestum 的复数),,,,,0,0,0:aglaonema modestum/1:s,,
aglaonema nitidum curtisii,,,箭羽粗肋草,,,,,0,0,,,
aglaonema oblongifolium kunth,,,长叶粗肋草,,,,,0,0,,,
Aglaonema siamense,,,[网络] 白肋粗肋草,,,,,0,0,,,
Aglaonema simplex,,,[网络] 常青粗肋草,,,,,0,0,,,
Aglaonema tenuipes,,,n. 越南万年青,,,,,0,0,,,
aglaonemas,,,粗肋草属\n(aglaonema 的复数),,,,,0,0,0:aglaonema/1:s,,
aglaophenia cupressina,,,柏状羽螅,,,,,0,0,,,
aglaophotis,,,[网络] 艾格劳佛提司；艾格罗佛提斯,,,,,0,0,,,
aglaostigma karenkonis,,,花莲叶蜂,,,,,0,0,,,
aglare,ә'^leә(r),,"a. 闪耀的, 耀眼的\nadv. 闪耀地",,,,,0,0,,,
Aglaspida,,,光甲目,,,,,0,0,,,
Aglasterhausen,,,阿格拉斯特豪森,,,,,0,0,,,
Aglasun,,,阿格拉孙,,,,,0,0,,,
aglaucopsia,,,[医] 绿色盲,,,,,0,0,,,
aglaukopsia,,,[医] 绿色盲,,,,,0,0,,,
Aglaurite,,,闪光正长石,,,,,0,0,,,
Aglauros,,,n.阿革劳罗斯,,,,,0,0,,,
aglaya,,,[网络] 阿格拉娅,,,,,0,0,,,
AGLC,,,Air Ground Liaison Code 陆空连络密码,,,,,0,0,,,
agleam,ә'^li:m,s bright with a steady but subdued shining,"a. 光亮的, 闪亮的",,,,,0,0,,,
aglee,,,[网络] 谢谢李益伍,,,,,0,0,,,
aglen,,, [人名] 阿格伦,,,,,0,0,s:aglens,,
aglens,,, [人名] 阿格伦\n(aglen 的复数),,,,,0,0,0:aglen/1:s,,
aglepristone,,,[网络] 阿来司酮；安哥司酮；艾格拉泼力斯酮,,,,,0,0,,,
agler,,,n. (Agler)人名；(罗)阿格勒尔,,,,,0,0,,,
Aglestheria,,,华美叶肢介属〔K2〕,,,,,0,0,,,
aglet,'æglit,n. metal or plastic sheath over the end of a shoelace or ribbon\nn. ornamental tagged cord or braid on the shoulder of a uniform,"n. 金属小箍, 金属饰物",,,,,0,0,s:aglets,,
agleted,,,[网络] 。。。,,,,,0,0,,,
aglets,,,"n. 带扣；(服装上装饰用的)挂襻[饰钮,带子,别针]\n[网络] 系统",,,,,0,0,0:aglet/1:s,,
agley,ә'gli:,adv. Aside; askew.,"adv. 斜斜地, 歪地",,,,,0,0,,,
agli,,,[网络] 阿列,,,,,0,0,s:agli,,
aglia,,,"[医] 角膜斑, 巩膜斑",,,,,0,0,,,
Agliana,,,阿格里亚纳,,,,,0,0,,,
aglianico,,,[网络] 阿里亚尼考；艾格尼科；亚里亚尼可,,,,,0,0,,,
aglianicos,,,[网络] aglianico,,,,,0,0,,,
aglide,,,[网络] 粗体,,,,,0,0,,,
Aglientu,,,阿格林杜,,,,,0,0,,,
aglietta,,,[网络] 阿格列塔；阿列达；格里特,,,,,0,0,s:agliettas,,
agliettas,,,[网络] 阿格列塔；阿列达；格里特\n(aglietta 的复数),,,,,0,0,0:aglietta/1:s,,
aglimmer,ә'glimә,adv. & a. In a glimmering state.,a. 闪烁的\nadv. 闪烁地,,,,,0,0,,,
aglint,,,[网络] 闪耀着的,,,,,0,0,,,
aglio,,,n. (Aglio)人名；(意、西)阿利奥,,,,,0,0,,,
aglion,,,[网络] 恶魔,,,,,0,0,,,
aglionbies,,,n. (Aglionby)人名；(英)阿格利昂比\n(aglionby 的复数),,,,,0,0,0:aglionby/1:s,,
aglionby,,,n. (Aglionby)人名；(英)阿格利昂比,,,,,0,0,s:aglionbies,,
agliophobia,,,[网络] 嗜bia症,,,,,0,0,,,
Aglipay,,,[地名] 阿格利帕伊 ( 菲 ),,,,,0,0,,,
Agliral,,,甲磺环己脲,,,,,0,0,,,
Aglish,,,[地名] 阿格利什 ( 爱 ),,,,,0,0,,,
aglisten,,,"adj. 闪烁的,光辉耀眼的",,,,,0,0,,,
aglitter,ә'glitә,s. having brief brilliant points or flashes of light,a. 闪闪发光的\nadv. 闪闪发光地,,,,,0,0,,,
Agliè,,,[地名] 阿列 ( 意 ),,,,,0,0,,,
agloat,,,adj.adv. 踌躇满志的 踌躇满志地,,,,,0,0,,,
aglobulia,,,[医] 红细胞减少,,,,,0,0,,,
aglobuliosis,,,[医] 红细胞减少,,,,,0,0,,,
aglobulism,,,[医] 红细胞减少,,,,,0,0,,,
aglomerate,,,[网络] 团聚,,,,,0,0,,,
aglomerated,,,[网络] 凝聚,,,,,0,0,,,
aglomerates,,,[网络] 附聚物,,,,,0,0,,,
aglomerating,,,[网络] 凝聚,,,,,0,0,,,
aglomerular,,,[医] 无肾小球的,,,,,0,0,,,
aglomerular kidney,,,[医] 无小球[性]肾,,,,,0,0,,,
aglomerular teleost,,,无肾小球真骨鱼,,,,,0,0,,,
AGLOMYZIDAE,,,潜[虫龟]科,,,,,0,0,,,
Aglona,,,[地名] 阿格洛纳 ( 拉 ),,,,,0,0,,,
agloo,'æɡlu:,,n. = aglu,,,,,0,0,,,
agloos,'æɡlu:,,n. = aglu,,,,,0,0,,,
aglopened,,,[网络] 恶化,,,,,0,0,,,
Aglossa,,,无舌亚目,,,,,0,0,,,
aglossal,ə'ɡlɒsəl,a. Without tongue; tongueless.,a. 【病理学】无舌的,,,,,0,0,,,
aglossate,ei'ɡlɔseit,,adj. = aglossal,,,,,0,0,,,
aglossia,,,[医] 无舌[畸形]; 出言不能,,,,,0,0,,,
aglossia-adactylia syndrome,,,先天性无舌及无指畸形症候群,,,,,0,0,,,
Aglossopsida,,,无舌纲(蕨),,,,,0,0,,,
aglossostoma,,,[医] 无舌锁口畸胎,,,,,0,0,,,
aglossostomia,,,[医] 无舌锁口[畸形],,,,,0,0,,,
Aglossostomy,,,无口舌(畸形),,,,,0,0,,,
aglossus,,,[医] 无舌畸胎,,,,,0,0,,,
Aglossy,,,无舌(畸形),,,,,0,0,,,
aglotition,,,吞嚥不能,,,,,0,0,,,
aglow,ә'glәu,s. softly bright or radiant,"a. 发光的, 通红的\nadv. 发光地",j:100,,,toefl,34061,23037,,,
aglow with,,,(烧)得发红；(点)得通红,,,,,0,0,,,
aglower,ə'gləʊ,,adv. [一般作表语]\nadj. 发光地(的)；发红地(的)，通红(的)；炽热(的)；(感情)激动地(的)，兴奋地(的),,,,,0,0,,,
aglowest,ə'gləʊ,,adv. [一般作表语]\nadj. 发光地(的)；发红地(的)，通红(的)；炽热(的)；(感情)激动地(的)，兴奋地(的),,,,,0,0,,,
AGLS,,,abbr. Automatic Gun Laying System 火炮自动瞄准系统,,,,,0,0,0:agl/1:s,,
AGLT,,,abbr. Aircraft Gun Laying Turret 飞机炮火自动瞄准器,,,,,0,0,,,
aglu,'æɡlu:,,n. [加拿大英语](海豹凿穿冰层而成的)呼吸孔，透气孔[亦作 agloo],,,,,0,0,,,
aglucon,,,[化] 配基; 糖苷配基; 配质; 苷元; 甙元(葡糖苷之非糖部),,,,,0,0,,,
aglucon(e),,,"(糖苷)配基,苷元,甙元",,,,,0,0,,,
"aglucon, aglucone",ə'ɡlu:kɔn; ə'ɡlu:kəun,,n. 【生物化学】葡萄糖苷配基,,,,,0,0,,,
aglucone,,,"[化] 配基; 糖苷配基; 配质; 苷元; 甙元(葡糖苷之非糖部)\n[医] 配基, 甙配基",,,,,0,0,,,
aglucons,"ə'ɡlu:kɔn, ə'ɡlu:kəun",,n. 配质；苷元,,,,,0,0,,,
Aglukark,,Aglukark (plural Aglukarks)\nA Inuk surname​.\n,,,,,,0,0,,,
Aglukkaq,,Aglukkaq (plural Aglukkaqs)\nA Inuk surname​.\n,,,,,,0,0,,,
Aglukkaqs,,,[网络] Aglukkaq,,,,,0,0,,,
aglumat,,,毛花一级甲甙,,,,,0,0,,,
Aglumin,,,酚磺乙胺,,,,,0,0,,,
aglutition,,n. Inability to swallow.,[医] 吞咽不能,,,,,0,0,,,
agly,,,adv. 斜斜地;弯曲地,,,,,0,0,,,
agly r.,,,阿格利河,,,,,0,0,,,
aglycaemia,,,[医] 血糖缺乏,,,,,0,0,,,
aglycemia,,,[医] 血糖缺乏,,,,,0,0,,,
aglyco-receptor,,,无糖受体,,,,,0,0,,,
aglycogenesis,,,无糖元生成病,,,,,0,0,,,
aglycogenosis,,,无糖原生成病,,,,,0,0,,,
aglycogeusia,,,甜味觉丧失,,,,,0,0,,,
aglycon,ә'^laikɔn,,n. [生化]糖苷配基,,,,,0,0,,,
aglycon(e),,,"苷元,糖苷配基",,,,,0,0,,,
"aglycon, aglycone",ə'ɡlaikɔn;-kəun,,n. 【生物化学】糖苷配基[参较 aglucon(e)],,,,,0,0,,,
aglycone,,,"[化] 糖苷配基\n[医] 配基, 甙配基",,,,,0,0,s:aglycones,,
aglycones,,,[网络] 糖苷配基；苷元；异黄酮,,,,,0,0,0:aglycone/1:s,,
aglyconic,,,[网络] 糖尿病,,,,,0,0,,,
aglycons,"ə'ɡlaikɔn,-kəun",,n. 糖苷配基,,,,,0,0,,,
aglycosuria,,,[医] 无糖尿,,,,,0,0,,,
aglycosuric,,,[医] 无糖尿的,,,,,0,0,,,
aglyph,,,[网络] 恶作剧,,,,,0,0,,,
Aglypha,,,[医] 无毒蛇类,,,,,0,0,,,
aglyphic tooth,,,无沟牙,,,,,0,0,,,
aglyphodontia,,,"[医] 无沟牙类(阔口类,蛇)",,,,,0,0,,,
aglyphous,,,无沟齿,,,,,0,0,,,
aglyphs,,,[网络] 恶作剧,,,,,0,0,,,
agm,,,abbr. 空对地导弹（Air-to-Ground Missile）；美国音乐家协会（American Guild of Musicians）,,1,,,10749,0,s:agms,,
agm theory for belief revision,,,信念修正之AGM理论,,,,,0,0,,,
agma,'æɡmə,,n. 美国运动器材生产协商会\n[网络] 美国齿轮制造商协会(American Gear Manufacturers Association)；美国齿轮制造商协会标准；美国齿轮制造协会,,,,,0,0,,,
Agmar,,,[地名] 阿格马尔 ( 毛里塔 ),,,,,0,0,,,
agmas,,,n. 美国运动器材生产协商会\n[网络] 美国齿轮制造商协会(American Gear Manufacturers Association)；美国齿轮制造商协会标准；美国齿轮制造协会,,,,,0,0,,,
agmatinase,,,[网络] 凝集酶；鲱精胺酶；胍丁胺酶,,,,,0,0,,,
agmatine,,,[化] 胍丁胺; 胍基丁胺; 鲱精胺\n[医] 胍丁胺,,,,,0,0,,,
agmatite,,,角砾混合岩,,,,,0,0,,,
agmatite-gnesis,,,角砾片麻岩,,,,,0,0,,,
agmato-pseudopolyploidy,,,"假多倍体,假多倍性",,,,,0,0,,,
agmato-pseudopolyploidy(Battaglia1956),,,(经由染色体裂断)假多倍体,,,,,0,0,,,
agmatology,,,[医] 骨折学,,,,,0,0,,,
agmatoploid,,,假多倍体,,,,,0,0,,,
agmatoploidy,,,"断片倍数性,假多倍性",,,,,0,0,,,
agmatoploidy (malheiros-garde1950),,,(经由染色体裂断)染色体数增加,,,,,0,0,,,
AGMB,,,[=acute gastric mucosal bleeding]急性胃粘膜出血,,,,,0,0,,,
agmen,,,"[医] 集合, 聚集; 集合物",,,,,0,0,,,
agmen peyerianum,,,"[医] 淋巴集结, 派伊尔氏淋巴集结(小肠)",,,,,0,0,,,
agmetocyte,,,配子体,,,,,0,0,,,
agmiaated granules,,,[医] 集合粒,,,,,0,0,,,
agmina,'æ^mәnә,,"聚集, 集合",,,,,0,0,,,
agminal,,"agminal (comparative more agminal, superlative most agminal)\n(obsolete) Pertaining to an army or a troop.\n(zoology) Of or pertaining to an agmen.\n",,,,,,0,0,,,
agminate,'æ^mәnit,a. Alt. of Agminated,"a. 成群的, 聚集的",,,,,0,0,,,
agminate folliculitis,,,[医] 集合性毛囊炎,,,,,0,0,,,
agminated,,"a. Grouped together; as, the agminated glands of Peyer in\n   the small intestine.","[医] 集合的, 聚集的",,,,,0,0,,,
agminated nodules,,,[医] 集合小结,,,,,0,0,,,
AGMKC,,,[=african green monkey kidney cell]非洲绿猴肾细胞,,,,,0,0,,,
agml,,,[=acute gastric mucosal lesion]急性胃粘膜损害,,,,,0,0,,,
agmon,,,阿格蒙,,,,,0,0,,,
AGMR,,,主要通讯中继船,,,,,0,0,,,
AGMs,,,n. 旭化成（日本服装公司）,,,,,0,0,0:agm/1:s,,
Agmumuit,,,[地名] 阿格穆穆伊特 ( 西撒 ),,,,,0,0,,,
agn,,,abbr. again 又; acute glomerulonephritis 急性肾小球性肾炎; active galactic nuclei 活动的银河系核子; agnomen 附加名,,,,,0,0,s:agns,,
AGN (Aerojet-General Nucleonics),,,气发动机通用核子学公司,,,,,0,0,,,
Agna,,,[地名] 阿尼亚 ( 意 ),,,,,0,0,,,
AGNAD,,,[=agarosehexane-nicotinamide adenine dinucleotide]琼脂糖已烷烟酰胺腺嘌呤二核苷酸,,,,,0,0,,,
Agnadello,,,阿格纳德罗,,,,,0,0,,,
agnail,'ægneil,n a loose narrow strip of skin near the base of a fingernail; tearing it produces a painful sore that is easily infected,"n. 逆剥, 化脓性指头炎\n[医] 逆剥, 甲刺(甲上的逆刺皮)",,,,,0,0,s:agnails,,
agnails,,,n. (指甲旁的)倒刺；甲沟炎；(脚趾上的)鸡眼\n[网络] 发炎；化脓性指头炎；逆剥,,,,,0,0,0:agnail/1:s,,
agname,,,[网络] 绰号,,,,,0,0,,,
agnamed,,,[网络] 命名,,,,,0,0,,,
agnames,'ægneim,,n. 绰号,,,,,0,0,,,
Agnandi,,,[地名] 阿格南迪 ( 希 ),,,,,0,0,,,
Agnano,,,阿尼亚诺,,,,,0,0,,,
"Agnano, L.",,,[地名] 阿尼亚诺湖 ( 意 ),,,,,0,0,,,
Agnanta,,,[地名] 阿格南塔 ( 希 ),,,,,0,0,,,
Agnantero,,,阿格南提罗,,,,,0,0,,,
agnara ferrarai,,,法氏缘潮虫,,,,,0,0,,,
agnata,,,[网络] 纯真；回覆,,,,,0,0,,,
agnate,'ægneit,n. one related on the father's side\ns. related on the father's side,"a. 男方亲属的, 宗族的\nn. 男方亲属",n:100,,,,0,44802,s:agnates,,
agnater,'ægneɪt,,n. 男方亲属，父系亲属；同族人，同族，同宗\nadj. 男方亲属的，父系亲属的；宗族的，同族的，同系的，同种的；联姻的,,,,,0,0,,,
agnates,,-s form of agnate\nn. one related on the father's side\ns. related on the father's side,"(agnate 的第三人称 -s形式) a. 男方亲属的, 宗族的\nn. 男方亲属",,,,,0,0,0:agnate/1:3s,,
agnatest,'ægneɪt,,n. 男方亲属，父系亲属；同族人，同族，同宗\nadj. 男方亲属的，父系亲属的；宗族的，同族的，同系的，同种的；联姻的,,,,,0,0,,,
agnath,,,[网络] 无颌类动物,,,,,0,0,,,
Agnatha,'æɡnəθə,,n. 无颚类脊椎动物,,,,,0,0,s:agnathas,,
agnathan,'æɡnəθən,n. eel-shaped vertebrate without jaws or paired appendages including the cyclostomes and some extinct forms,"a. 无下巴的, 缺少下巴的",,,,,0,0,s:agnathans,,
agnathans,,plural of agnathan,"(agnathan 的复数) adj. 无下巴的, 缺少下巴的",,,,,0,0,0:agnathan/1:s,,
agnathas,'æɡnəθə,,n. 无颚类脊椎动物,,,,,0,0,0:agnatha/1:s,,
agnathia,,,[医] 无[下]颌[畸形],,,,,0,0,,,
agnathic,æɡ'neiθəs;-θik,,adj. 【脊椎动物学】；无颌的，无颚的,,,,,0,0,,,
agnathic monster,,,无颌畸胎,,,,,0,0,,,
agnathocephalia,,,"[医] 无下颌头[畸形](低位眼,两颧骨靠近,无下颌并耳)",,,,,0,0,,,
agnathocephalus,,,[医] 无下颌头畸胎,,,,,0,0,,,
agnathocephaly,,,无下颌头畸形,,,,,0,0,,,
agnathostomatous,,,[脊椎] 无颚的,,,,,0,0,,,
agnathous,'æ^nәθәs,,a. 属无颚类的,,,,,0,0,,,
"agnathous, agnathic",æɡ'neiθəs;-θik,,adj. 【脊椎动物学】；无颌的，无颚的；(属)无颌纲动物的[亦作 agnathan],,,,,0,0,,,
agnathus,,,[医] 无[下]颌畸胎,,,,,0,0,,,
agnathy,,,[医] 无[下]颌[畸形],,,,,0,0,,,
agnatic,æg'nætik,s related on the father's side,a. 男方亲属的,j:100,,,,0,42716,,,
agnatic descent,,,父系继嗣,,,,,0,0,,,
agnatical,,,[网络] 活泼的,,,,,0,0,,,
agnatically,,,[网络] 严格地说,,,,,0,0,,,
agnatio,,,"[法] 男系亲属的, 男方的",,,,,0,0,,,
agnation,æg'neiʃәn,n line of descent traced through the paternal side of the family,"n. 父系亲属关系, 宗族关系\n[法] 宗族, 宗亲, 父系亲属关系",,,,,0,0,s:agnations,,
agnations,æɡ'neiʃən,,n. 宗族关系；男系亲属,,,,,0,0,0:agnation/1:s,,
agnature,,,爱乃饲,,,,,0,0,,,
agnatus,,,[网络] 宗族关系；晚生的孩子,,,,,0,0,,,
agne,,,n. (Agne)人名；(英)阿格尼；(法)阿涅,,,,,0,0,,,
agnea,,,"[医] 认识不能, 失认",,,,,0,0,,,
Agnean,'ɑ:^niәn,,n. 阿格尼恩语(印欧语族的一支),,,,,0,0,,,
agneau,,,n. (Agneau)人名；(法)阿尼奥,,,,,0,0,s:agneaux,,
Agneaux,,,阿格瑙,,,,,0,0,0:agneau/1:s,,
Agnebilekrou,,,阿格尼比列克鲁,,,,,0,0,,,
agnel,ɑ:'njel,,n. (13～16世纪铸有羔羊图像的)法国古金币,,,,,0,0,,,
agnelin,,,阿格尼林绵羊毛(丹麦产),,,,,0,0,,,
agneline,,,阿格尼林长绒粗呢,,,,,0,0,,,
agnelli,,,n. (Agnelli)人名；(葡)阿格内利；(意)阿涅利,,,,,0,0,s:agnellis,,
agnellis,,,[网络] 阿涅利家族；尼利斯；阿内利斯,,,,,0,0,0:agnelli/1:s,,
agnello,,, [人名] 阿涅洛,,,,,0,0,,,
agnellus,,, [人名] 阿格内勒斯,,,,,0,0,s:agnelluss,,
agnelluss,,, [人名] 阿格内勒斯\n(agnellus 的复数),,,,,0,0,0:agnellus/1:s,,
agnelo,,,n. (Agnelo)人名；(葡)阿格内洛,,,,,0,0,,,
agnena nuovo,,,阿格内纳河,,,,,0,0,,,
agnes,'æ^nis,,n. 艾格尼丝（女子名）,,,,,6292,0,,,
Agnes de Mille,,,[网络] 德米尔；阿格尼斯•德•米尔；人物芭蕾舞演员,,,,,0,0,s:agnes de milles,,
agnes de milles,,,[网络] 德米尔；阿格尼斯•德•米尔；人物芭蕾舞演员\n(agnes de mille 的复数),,,,,0,0,0:agnes de mille/1:s,,
Agnes George de Mille,,,[网络] 阿格尼丝乔治·德米尔,,,,,0,0,s:agnes george de milles,,
agnes george de milles,,,[网络] 阿格尼丝乔治·德米尔\n(agnes george de mille 的复数),,,,,0,0,0:agnes george de mille/1:s,,
Agnes Gonxha Bojaxhiu,,,[网络] 艾格尼斯刚察博加丘；雅舒；真福德兰修女,,,,,0,0,s:agnes gonxha bojaxhius,,
agnes gonxha bojaxhius,,,[网络] 艾格尼斯刚察博加丘；雅舒；真福德兰修女\n(agnes gonxha bojaxhiu 的复数),,,,,0,0,0:agnes gonxha bojaxhiu/1:s,,
Agnes L.,,,[地名] 阿格尼斯湖 ( 加 ),,,,,0,0,,,
Agnes Scott College,,,[网络] 阿格尼斯斯科特学院；艾格尼丝斯科特学院；艾格尼丝斯考特学院,,,,,0,0,,,
"Agnes, Is.",,,[地名] 阿格尼斯群岛 ( 智 ),,,,,0,0,,,
"Agnes, Saint",,,圣阿格尼斯(292?～304? 古罗马童贞女，基督教殉教徒，纪念日为1月21日),,,,,0,0,,,
agnese,,,n. (Agnese)人名；(罗)阿格内塞,,,,,0,0,,,
Agnesi,,,[网络] 安尼斯；阿涅西；百迪斯,,,,,0,0,,,
"Agnesi, Maria Gaetana",,,艾格尼西(1718～1799，意大利数学家),,,,,0,0,,,
agnesite,'æ^nisait,,碳铋矿,,,,,0,0,,,
Agness,,,[地名] 阿格尼斯 ( 美 ),,,,,0,0,,,
agneta,,,n. (Agneta)人名；(英)阿格妮塔,,,,,0,0,,,
agnete,,,阿格妮特,,,,,0,0,,,
agnetha,,,[网络] 考格；妮莎；爱莉花,,,,,0,0,s:agnethas,,
agnethas,,,[网络] 考格；妮莎；爱莉花\n(agnetha 的复数),,,,,0,0,0:agnetha/1:s,,
agnetina aequalis,,,长刺石蝇,,,,,0,0,,,
Agnew,,,阿格纽,,,,,17428,0,,,
agnew l.,,,阿格纽湖,,,,,0,0,,,
Agnew's splint,,,[医] 阿格纽氏夹(髌骨或掌骨骨折用),,,,,0,0,,,
"Agnew, Spiro Theodore",'æɡnju:; 'spiərəu,,阿格纽(1918～1996)，美国副总统(1969～1973),,,,,0,0,,,
Agnewism,'æɡnju:izəm,,n. 阿格纽主义；阿格纽主义惯用语，表达阿格纽主义的用语,,,,,0,0,,,
agnews,,,阿格纽,,,,,0,0,,,
agnews hill,,,阿格纽斯丘,,,,,0,0,,,
Agneïtîr,,,[地名] 阿格奈提尔 ( 毛里塔 ),,,,,0,0,,,
Agni,'ʌ^ni,n (Sanskrit) Hindu god of fire in ancient and traditional India; one of the three chief deities of the Vedas,阿格尼(印度神话中的火神),,,,,0,0,s:agni,,
Agni-Assikasso,,,[地名] 阿尼阿西卡索 ( 科特 ),,,,,0,0,,,
Agnibilekrou,,,阿尼比勒克罗,,,,,0,0,,,
Agnibilékrou,,,[地名] 阿尼比莱克鲁 ( 科特 ),,,,,0,0,,,
"Agnibilékrou, Dép.de l'",,,[地名] 阿尼比莱克鲁省 ( 科特 ),,,,,0,0,,,
agnich,,, [人名] 阿格尼奇,,,,,0,0,,,
agnieska,,,[网络] 阿格涅什卡；斯卡,,,,,0,0,,,
agnieszka,,,[网络] 阿格涅斯卡；阿格涅丝卡；阿格尼丝,,,,,0,0,,,
agnification,,,[网络] 恶化,,,,,0,0,,,
agnihotra,,,[网络] 火供；火祭；火金字塔仪式,,,,,0,0,,,
agnihotri,,,[网络] 阿格尼霍特里,,,,,0,0,,,
"Agnihotri, Shiv Narayan",,,阿格尼霍特利,,,,,0,0,,,
agnin,,,"[医] 阿格诺林, 阿格宁(含水羊毛脂)",,,,,0,0,,,
agnina membrana,,,[医] 羊膜,,,,,0,0,,,
AGNIR (Aerojet General Nucleonics Industrial Reactor),,,气发动机通用核子公司的工业用堆(美国),,,,,0,0,,,
agnis,,,abbr. Apollo guidance and navigation industrial support 阿波罗制导与导航系统的工业支援,,,,,0,0,,,
agnise,,,[网络] ag ise,,,,,0,0,,,
agnised,,,[网络] 恶心,,,,,0,0,,,
agnises,,,[网络] 痛苦,,,,,0,0,,,
agnising,,,[网络] 恶心,,,,,0,0,,,
Agnita,,,[地名] 阿格尼塔 ( 罗 ),,,,,0,0,,,
agnition,,,[网络] 诱惑,,,,,0,0,,,
Agniye-Afanasyevsk,,,阿格尼耶亚方纳斯,,,,,0,0,,,
agnize,æɡ'naɪz,v. t. To recognize; to acknowledge.,vt. [古语]；承认,,,,,0,0,,,
agnized,,,[网络] 恶化了,,,,,0,0,,,
agnizes,æɡ'naɪz,,vt. [古语]；承认,,,,,0,0,,,
agnizing,,,[网络] 恶化,,,,,0,0,,,
agno,,, [人名] 阿格诺; [地名] [瑞士] 阿尼奥; [地名] [菲律宾] 阿格诺,,,,,0,0,s:agnos,,
agno r.,,,阿格诺河,,,,,0,0,,,
AGNO3,,,[=Silver nitrate]硝酸银,,,,,0,0,,,
agnoea,,,"[医] 认识不能, 失认",,,,,0,0,,,
agnoetism,,,[网络] 一性论支系亚格诺艾派,,,,,0,0,,,
agnogenic,,,[医] 原因不明的,,,,,0,0,,,
agnogenic myeloid metaplasia,,,[医] 特发性骨髓外化生(原因不明的骨髓外造血),,,,,0,0,,,
agnoletti,,,阿尼奥莱蒂,,,,,0,0,,,
agnolin,,,"[医] 阿格宁, 阿格诺林(含水羊毛脂)",,,,,0,0,,,
Agnolite,,,红硅钙锰矿,,,,,0,0,,,
agnolo,,,阿尼奥洛,,,,,0,0,,,
agnolotti,",ɑ:njә'lɔ:tti:",,[单复同]n.意大利肉饺,,,,,0,0,,,
agnomen,æ^'nәumen,n. an additional name or an epithet appended to a name (as in `Ferdinand the Great'),n. 绰号,,,,,0,0,s:agnomens,,
agnomens,,,n. 【罗史】(因功授与的)附名；浑名\n[网络] 绰号；附加名,,,,,0,0,0:agnomen/1:s,,
agnomical,,,[网络] 不合逻辑,,,,,0,0,,,
agnomina,,,n. 【罗史】(因功授与的)附名；绰号\n[网络] 附加名,,,,,0,0,,,
agnominal,æɡ'nɔminəl,,adj. agnomen的变形,,,,,0,0,,,
agnominate,,,[网络] 憎恶,,,,,0,0,,,
agnominated,,,[网络] 亵渎,,,,,0,0,,,
agnominates,,,[网络] 违规,,,,,0,0,,,
agnominating,,,[网络] 合作,,,,,0,0,,,
agnomination,,,[网络] 合作,,,,,0,0,,,
agnominations,,,[网络] 不敬语,,,,,0,0,,,
agnon,ˈɑ:gˌnɔ:n,, 阿格农，希穆尔·约瑟夫((1888-1970) 波兰裔以色列作家。用希伯来文写作，其戏剧小说包括<夜晚的客人> (1939年)。于1966年获诺贝尔文学奖 ),,,,,0,0,,,
"Agnon, Shmuel Yosef",'æɡnɔn; 'ʃmu:el 'yəusəf; -zəf,,阿格农(1888～1970，以色列现代希伯来文小说家，与内利萨克斯共获1966年诺贝尔文学奖),,,,,0,0,,,
agnone,,, [地名] [意大利] 阿尼奥内,,,,,0,0,,,
agnoprotein,æɡnɒp'rəʊti:n,,[医]未知蛋白,,,,,0,0,,,
agnor,,, [医][=silver-staining nucleolar organizer region]银染核仁形成区,,,,,0,0,,,
agnos,,plural of agno,(agno 的复数)  [人名] 阿格诺; [地名] [瑞士] 阿尼奥; [地名] [菲律宾] 阿格诺,,,,,0,0,0:agno/1:s,,
AGnose,,,是一种抗过敏药,,,,,0,0,,,
agnosia,æ^'nәjsiә,n inability to recognize objects by use of the senses,n. [医]认识不能,,,,,0,0,s:agnosias,,
agnosias,æg'nosɪə,,n. [内科] 认识不能，部分或全部丧失感官之辨别力,,,,,0,0,0:agnosia/1:s,,
agnosic,,,[网络] 失认的,,,,,0,0,,,
agnosics,,,[网络] 失识者,,,,,0,0,,,
agnoside,,,穗花牡荆甙,,,,,0,0,,,
agnosis,,,[网络] 知感,,,,,0,0,,,
agnosterol,,,[化] 羊毛甾三烯醇; 羔甾醇\n[医] 羊毛脂甾醇,,,,,0,0,,,
agnostic,æg'nɒstik,n. someone who is doubtful or noncommittal about something\nn. a person who claims that they cannot have true knowledge about the existence of God (but does not deny that God might exist)\na. of or pertaining to an agnostic or agnosticism,n. 不可知论者,j:38/n:62,,,gre,24320,23380,s:agnostics,,
agnostic aphasia,,,[网络] 失语症,,,,,0,0,,,
agnostic method for offshore structures,,,近海结构物诊断方法,,,,,0,0,,,
agnostic routine,,,混合诊断程序,,,,,0,0,,,
agnostical,,,[网络] 不可知论,,,,,0,0,,,
agnostically,,,[网络] 不可知论者,,,,,0,0,,,
agnosticism,æg'nɒstisizәm,n. a religious orientation of doubt; a denial of ultimate knowledge of the existence of God\nn. the disbelief in any claims of ultimate knowledge,n. 不可知论,n:100,,,,35544,32839,s:agnosticisms,,
agnosticisms,æɡ'nɒstɪsɪzəm,,n. 不可知论,,,,,0,0,0:agnosticism/1:s,,
agnosticize,,,[网络] 不可知论,,,,,0,0,,,
agnosticized,,,[网络] 不可知论,,,,,0,0,,,
agnosticizes,,,[网络] 不可知论,,,,,0,0,,,
agnosticizing,,,[网络] 不可知论,,,,,0,0,,,
agnostics,ægˈnɔstɪks,n. someone who is doubtful or noncommittal about something\nn. a person who claims that they cannot have true knowledge about the existence of God (but does not deny that God might exist),n. 不可知论者( agnostic的复数形式 ),,,,,0,0,0:agnostic/1:s,,
agnostid,,,球节子类,,,,,0,0,,,
Agnostida,,,球节子目,,,,,0,0,,,
agnostids,,,[网络] 球接子类,,,,,0,0,,,
Agnostus,æɡ'nɔstəs,,n. 【古生物】球接子属,,,,,0,0,,,
agnosy,,,[网络] 不好意思,,,,,0,0,,,
agnotobiotic,,,非无菌的,,,,,0,0,,,
agnotological,,,[网络] 比较无知学的,,,,,0,0,,,
agnotology,,,[网络] 物质学,,,,,0,0,,,
agnotozoic era,,, 元古代,,,,,0,0,,,
agns,,plural of agn,(agn 的复数) abbr. again 又; acute glomerulonephritis 急性肾小球性肾炎; active galactic nuclei 活动的银河系核子; agnomen 附加名,,,,,0,0,0:agn/1:s,,
AGNST,,,against 反对,,,,,0,0,,,
agnus,,n. Agnus Dei.,阿格纳斯（人名）,,,,,0,0,s:agnuss,,
agnus castus,, A species of Vitex (V. agnus castus); the chaste tree.,"[医] 羊荆, 荆子",,,,,0,0,,,
agnus dei,",ɑ:^njs'deii:"," A figure of a lamb bearing a cross or flag.\n A cake of wax stamped with such a figure. It is made from\n   the remains of the paschal candles and blessed by the Pope.\n A triple prayer in the sacrifice of the Mass, beginning\n   with the words ""Agnus Dei.""",n. 神羔(耶稣基督的别名),,,,,0,0,s:agnus deis,,
Agnus Deis,",ɑ:ɡnus'deii:",,"Agnus Dei\n[,ɑ:ɡnus'deii:]\n【宗教】\n上帝(或神)的羔羊(耶稣作羔羊的象征，左前足持绘十字架的一旗帜)\n【天主教】\n(经教皇祝福的)刻有“上帝的羔羊”蜡制小圆盘\n神羔颂(做弥撒时以“上帝的羔羊” Agnus Deil 一语开头的祈祷)\n羔羊颂音乐伴奏\n(英国国教礼仪中)以“上帝的羔羊”(O Lamb of God)一语开头的颂歌(或曲谱)",,,,,0,0,0:agnus dei/1:s,,
agnus-castus,,,羊荆,,,,,0,0,,,
agnuscastus,,,[网络] 羊荆子；杜荆子西洋；穗花牡荆,,,,,0,0,,,
agnuses,,pl.  of Agnus,阿格纳斯（人名）,,,,,0,0,,,
agnuside,,,[网络] 牡荆甙；穗花牡荆苷；穗花牡荆甙,,,,,0,0,,,
agnuss,,,阿格纳斯（人名）\n(agnus 的复数),,,,,0,0,0:agnus/1:s,,
ago,ә'gәu,s. gone by; or in the past\nr. in the past,adv. 以前,r:100,5,1,zk gk,504,316,,,
ago -wan,,,英虞湾,,,,,0,0,,,
ago are,,,阿格亚雷,,,,,0,0,,,
ago-in,,,[网络] 前进,,,,,0,0,,,
ago-was,,,[网络] 以前是,,,,,0,0,,,
ago-with,,,[网络] 怪不得看之前同,,,,,0,0,,,
AGO2,,,[=silver oxide]氧化银,,,,,0,0,,,
agoa,,,[网络] 非洲增长与机会法案(African Growth and Opportunity Act)；非洲增长与机遇法案；非洲增长和时机法案,,,,,0,0,,,
agobacterium umefaciens (smith et townsend)conn,,,苹果根头癌肿病菌;洋橄榄根头癌肿病菌,,,,,0,0,,,
agocholan,,,"[医] 阿格寇兰, 水杨酸胆酸锶",,,,,0,0,,,
agodi,,,[网络] 伊巴丹的阿戈迪,,,,,0,0,,,
Agodjololo,,,[地名] 阿戈乔洛洛 ( 多哥 ),,,,,0,0,,,
Agodome,,,[地名] 阿戈多梅 ( 加纳 ),,,,,0,0,,,
agoe,,,[网络] 前进,,,,,0,0,,,
agoes,ə'gəʊ,,adv. [仅用于被修饰词之后]前，以前，已往：\nadj. 过去的，以前的，已往的[接用于名词之后],,,,,0,0,,,
Agofell,,,二异丙二苯丙胺,,,,,0,0,,,
Agofie,,,[地名] 阿戈菲 ( 加纳 ),,,,,0,0,,,
agofollin,,,双丙酸雌二醇,,,,,0,0,,,
agog,ә'gɒg,s. highly excited,"a. 兴奋着的, 急切的\nadv. 急切地, 渴望",j:100,,,gre,34777,31365,,,
agog-,,,引导,,,,,0,0,,,
agoge,,,[网络] 斯巴达教育；阿戈革；要离家接受严格的军事训练,,,,,0,0,s:agoges,,
agoges,æ'ɡəudʒi:,,n. (古希腊音乐的)节拍，旋律,,,,,0,0,0:agoge/1:s,,
agoggled,,,[网络] 恶心,,,,,0,0,,,
agogic,,,[网络] 弹性处理；长强音；缓急法,,,,,0,0,,,
agogic accent,,,长强音,,,,,0,0,,,
agogics, ə'ɡəɡɪks,,n. 韵律节奏研究；离拍,,,,,0,0,,,
agogino,,, [人名] 阿戈吉诺,,,,,0,0,,,
agoglia,,,阿戈利亚,,,,,0,0,,,
agogna r.,,,阿格纳河,,,,,0,0,,,
"Agogna, Torrente",,,[地名] 阿戈尼亚河 ( 意 ),,,,,0,0,,,
agogo,ә'^әu^әu,,"精力充沛的, 活泼的",,,,,0,0,,,
agogo bell,,,[网络] 阿哥哥铃；丫哥哥,,,,,0,0,,,
agogo bells,,,[网络] 由两个锥型铁筒组成；比牛玲音高；阿哥哥铃,,,,,0,0,,,
agogos,,"any a-gogo you come across will be by far the sassiest of men that you ever will meet.\r\nDressed from head to toe in pockets, this man is dripping with 'tude and has more sass than a black woman clicking her fingers in a z formation. Nothing can satisfy this man's need for speed, so you'd best be bringing it sistah. Right on!\n> *comes accross an a-gogo*\n> 1 - woah man, that guy has so much sass!\n> 2 - yeah dude, thats a-gogo...just look at those pockets!\n",,,,,,0,0,,,
agogwe,,,[网络] 阿格维,,,,,0,0,,,
agoing,,"adv. In motion; in the act of going; as, to set a mill agoing.",[法] 在进行中,,,,,0,0,,,
agol,,,[网络] 亚洲黄金信托基金；海湾石油公司；有机耕作组织协会,,,,,0,0,,,
Agolada,,,[地名] 阿戈拉达 ( 葡 ),,,,,0,0,,,
Agolanid,,,"酯地高辛,乙酰地高辛,乙酰异羟基洋地黄毒苷",,,,,0,0,,,
agoli,,,阿戈利,,,,,0,0,,,
Agolutin,,,黄体酮,,,,,0,0,,,
agomelatine,,,[网络] 阿戈美拉汀；阿戈美拉汀及晶型一晶型二；崭新型抗忧郁药物,,,,,0,0,,,
agomensin,,,[医] 阿果民辛(卵泡素制剂),,,,,0,0,,,
Agomet E-polymer resin,,,[树脂] 阿哥墨特Ｅ－聚合物树脂,,,,,0,0,,,
agometer,,,[网络] 计量器,,,,,0,0,,,
agomphiasis,,,"[医] 无牙, 缺牙; 牙动, 松动牙",,,,,0,0,,,
agomphious,,,"[医] 无牙的, 缺牙的",,,,,0,0,,,
agomphosis,,,"[医] 无牙, 缺牙; 牙动, 松动牙",,,,,0,0,,,
agon,'ɑ:gɒn,n. a festivity in ancient Greece at which competitors contended for prizes,"n. 有奖竞赛, 戏剧中的人物冲突\n[化] 辅基",,,,,0,0,s:agons,,
agon coutainville,,,亚刚库坦维勒,,,,,0,0,,,
agon-,,,"挣扎,斗争",,,,,0,0,,,
Agona,,,[地名] 阿戈纳 ( 加纳 ),,,,,0,0,,,
Agona Swedru,,,[地名] 阿戈纳绥德鲁 ( 加纳 ),,,,,0,0,,,
Agonac,,,[地名] 阿戈纳克 ( 法 ),,,,,0,0,,,
agonad,,,[医] 无生殖腺者,,,,,0,0,,,
agonadal,,a lacking gonads,[医] 无生殖腺的,,,,,0,0,,,
agonadia,,,"生殖腺功能缺失,无生殖腺,无性腺",,,,,0,0,,,
agonadism,,,无性腺症,,,,,0,0,,,
agonal,'ægәnәl,a. pertaining to or associated with agony (especially death agonies),"a. 濒死的, 痛苦的\n[医] 濒死苦闷的; 末期传染的",,,,,0,0,,,
agonal clot,,,【血液学】濒死期心脏内血块[亦作 agonal thrombus],,,,,0,0,,,
agonal infcetion,,,濒死期感染,,,,,0,0,,,
agonal infection,,,"[医] 濒死感染, 末期感染",,,,,0,0,,,
agonal leukocytosis,,,[医] 濒死期白细胞增多,,,,,0,0,,,
agonal reaction,,,濒死期反应,,,,,0,0,,,
agonal stage,,,[法] 濒死状态,,,,,0,0,,,
agonal suffocation,,,临死前挣扎性窒息,,,,,0,0,,,
agonal thrombosis,,,[医] 濒死期血栓形成,,,,,0,0,,,
agonal thrombus,,,[医] 濒死期血栓,,,,,0,0,,,
agonal trauma,,,[法] 濒死创伤,,,,,0,0,,,
agonarch,,,[网络] 痛苦的,,,,,0,0,,,
agone,ә ' ^ɔn,s gone by; or in the past,"a. 以前的, 过去的\nadv. 以前地",,,,,0,0,,,
agoner,ə'ɡɒn,,adv. [古语]以前，以往；过去，往昔( ＝ago),,,,,0,0,,,
agones,ə'ɡɒn,pl.  of Agon,adv. 以前地\na. 以前的；过去的\nn. 无磁偏线,,,,,0,0,,,
agonest,ə'ɡɒn,,adv. [古语]以前，以往；过去，往昔( ＝ago),,,,,0,0,,,
Agong,,,[网络] 最高元首；阿洪；贡海星,,,,,0,0,s:agongs,,
"Agong, Sungai",,,[地名] 亚贡河 ( 马来 ),,,,,0,0,,,
agongs,,,[网络] 最高元首；阿洪；贡海星\n(agong 的复数),,,,,0,0,0:agong/1:s,,
agonia,,,[医] 濒死苦闷; 剧痛,,,,,0,0,s:agonias,,
agoniadin,,,[医] 鸡蛋花甙(解热药),,,,,0,0,,,
agonias,,,[医] 濒死苦闷; 剧痛\n(agonia 的复数),,,,,0,0,0:agonia/1:s,,
Agoniatites,,,"无稜角石, 无稜角石属；无角菊石属；无棱菊石属〔头足类；D〕, 无稜角石属，无角菊石属，无棱菊石属〔头足类，D〕",,,,,0,0,,,
agoniatitic suture,,,无棱菊石式缝合线,,,,,0,0,,,
Agoniatitida,,,"无角菊石目〔头足类；D1-T3〕, 无角菊石目〔头足类，D1-T3〕",,,,,0,0,,,
agonic,ә'gɒnik,a. Not forming an angle.,a. 不成角的,,,,,0,0,,,
agonic intussusception,,,[医] 濒死肠套迭,,,,,0,0,,,
agonic invagination,,,[医] 濒死肠套迭,,,,,0,0,,,
agonic line,,,[电] 无偏线,,,,,0,0,s:agonic lines,,
agonic line of no declination,,,无偏线,,,,,0,0,,,
agonic lines,,,【物理学、地理学】(一条通过地球表面上所有磁偏转为零的点的)零磁偏线，无偏线,,,,,0,0,0:agonic line/1:s,,
agonid,,,[网络] 激动人心,,,,,0,0,,,
Agonidae,ə'ɡɔnədi:,,n. 八角鱼科；海盗鱼科,,,,,0,0,s:agonidaes,,
agonidaes,ə'ɡɔnədi:,,n. 【鱼类】海盗鱼科,,,,,0,0,0:agonidae/1:s,,
agonidin,,,鸡蛋花甙,,,,,0,0,,,
agonids,,,[网络] 痛苦,,,,,0,0,,,
agonies,'ægənɪ,pl.  of Agony,n. 苦恼；极大的痛苦；临死的挣扎,,,,,0,0,0:agony/1:s,,
agonious,,,[网络] 痛苦的,,,,,0,0,,,
Agonis,,,[网络] 柳香桃属；阿戈尼斯属,,,,,0,0,,,
agonise,'æ^әnaiz,v cause to agonize\nv suffer agony or anguish,"v. 烦恼, 挣扎",,,,,24244,0,i:agonising/p:agonised/d:agonised/3:agonises/s:agonises,,
agonised,'æɡənaiz,v cause to agonize\nv suffer agony or anguish\ns expressing pain or agony,vt. 挣扎；烦恼\nvi. 感到苦闷；挣扎,,,,,23699,0,0:agonise/1:p,,
agonisedly,"'æɡə,naizidli",,"agonisedly\n['æɡə,naizidli]\nadv.\nagonised的变形\nagonised\n['æɡə,naizd]\nvi., vt.\nagonise的变形\nadj.\n[主英国英语] ＝ agonized",,,,,0,0,,,
agonises,,-s form of agonise\nv cause to agonize\nv suffer agony or anguish,"(agonise 的第三人称 -s形式) v.烦恼, 挣扎",,,,,0,0,0:agonise/1:3,,
agonising,"'æɡə,naiziŋ",v cause to agonize\nv suffer agony or anguish\ns extremely painful,a. 烦恼的；苦闷的,,,,,14588,0,s:agonisings,,
agonisingly,'ægənaiziŋli,,adv. 烦恼地；苦闷地,,,,,33342,0,,,
agonisings,,plural of agonising\nv cause to agonize\nv suffer agony or anguish\ns extremely painful,(agonising 的复数) adj. 烦恼的；苦闷的,,,,,0,0,0:agonising/1:s,,
agonisis,,,花粉管竞生,,,,,0,0,,,
agonism,'æɡənizəm,n. Contention for a prize; a contest.,"n. 激动；动机争胜性行为（同种动物间, 包括攻击、逃避、姑息、防御等敌对行为）",,,,,0,0,s:agonisms,,
agonisms,'æɡənizəm,,n. 【心理学】(同种动物之间的)动机争胜性行为(包括攻击、逃避、姑息、防御等敌对行为)[亦作 agonistic behaviour],,,,,0,0,0:agonism/1:s,,
agonist,'æ^әnist,n. someone involved in a contest or battle (as in an agon)\nn. a muscle that contracts while another relaxes\nn. (biochemistry) a drug that can combine with a receptor on a cell to produce a physiological reaction,"n. 主动肌, 促效药, 显效药, 主缩肌\n[化] 兴奋剂; 激动剂",n:100,,,,31057,33823,s:agonists,,
agonist effect,,,致效剂效应、促进剂效应,,,,,0,0,,,
agonist substitution,,,致效剂替代品、促进剂替代品,,,,,0,0,,,
agonist-antagonist,,,n. 激动拮抗剂,,,,,0,0,,,
agonistarch,,,[网络] 主持人,,,,,0,0,,,
agonistarchs,,,[网络] 兴奋剂,,,,,0,0,,,
Agonistes,",æɡə'nis,ti:z",,a. [只用于被修饰的词之后]奋斗者的,,,,,31338,0,,,
agonistic,.ægәu'nistik,a. of or relating to the athletic contests held in ancient Greece\ns. striving to overcome in argument\ns. struggling for effect,"a. 竞赛的, 论争的",j:100,,,,0,38738,,,
agonistic behavio(u)r,,,"敌对行为；抗争行为, 敌对行为",,,,,0,0,,,
agonistic behavior,,,格斗行为,,,,,0,0,,,
agonistic behaviour,,,【心理学】 格斗行为，对抗行为；动机争胜性行为(=agonism),,,,,0,0,,,
agonistic buffering,,,缓冲对抗,,,,,0,0,,,
agonistic display,,,敌对示威,,,,,0,0,,,
agonistic muscle,,,[医] 主动肌,,,,,0,0,,,
agonistic(al),,,"紧张的,不自然的",,,,,0,0,,,
"agonistic, agonistical",",æɡəu'nistik;-kəl",,(尤指古希腊的体育、文艺等)锦标赛的，体育竞赛的；竞技的；论战的；好争论的；争斗的，竞赛的；攻守抗争的,,,,,0,0,,,
agonistical,",æɡəu'nistik;-kəl","a. Pertaining to violent contests, bodily or mental;\n   pertaining to athletic or polemic feats; athletic; combative; hence,\n   strained; unnatural.","(尤指古希腊的体育、文艺等)锦标赛的, 体育竞赛的；竞技的",,,,,0,0,,,
agonistically,,adv. In an agonistic manner.,"adv. 紧张地, 不自然地",,,,,0,0,,,
agonistics,",æɡəu'nistik;-kəl","n. The science of athletic combats, or contests in public\n   games.","(尤指古希腊的体育、文艺等)锦标赛的, 体育竞赛的；竞技的",,,,,0,0,,,
agonists,,plural of agonist\nn. someone involved in a contest or battle (as in an agon)\nn. a muscle that contracts while another relaxes\nn. (biochemistry) a drug that can combine with a receptor on a cell to produce a physiological reaction,"(agonist 的复数) n. 主动肌, 促效药, 显效药, 主缩肌\n[化] 兴奋剂; 激动剂",,,,,0,0,0:agonist/1:s,,
agonita omoro,,,纵条脉翅铁甲虫,,,,,0,0,,,
agonita tricolor,,,三色脉翅铁甲虫,,,,,0,0,,,
agonita unicolor,,,黑脉翅铁甲虫,,,,,0,0,,,
agonizant,,,[网络] 激动人心,,,,,0,0,,,
agonization,,,[网络] 痛苦,,,,,0,0,,,
agonize,'ægәnaiz,v. cause to agonize\nv. suffer agony or anguish,"vt. 使极度痛苦, 折磨\nvi. 感到痛苦",v:100,,,toefl,32963,15401,p:agonized/d:agonized/i:agonizing/3:agonizes,,
agonize over,,,为…苦恼，受…折磨,,,,,0,0,,,
agonized,,s. expressing pain or agony,a. (感到/表示)极度痛苦的,j:100,,,,37068,28063,0:agonize/1:pd,,
agonizedly,,,[网络] 痛苦地,,,,,0,0,,,
agonizer,,,[网络] 折磨者号,,,,,0,0,,,
agonizers,,,[网络] 激动人心,,,,,0,0,,,
agonizes,ˈægəˌnaɪziz,v cause to agonize\nv suffer agony or anguish,"v. 使（极度）痛苦, 折磨( agonize的第三人称单数 ); 苦斗; 苦苦思索; 感到极度痛苦",,,,,0,0,1:3/0:agonize,,
agonizin',,,[网络] 痛苦的',,,,,0,0,,,
agonizing,'ægәnaiziŋ,s. extremely painful,"a. 折磨人的, 痛苦难忍的",j:100,1,,,20971,12407,s:agonizings,,
agonizing reappraisal,,,[美国英语]痛苦的(或全盘的)重新评价,,,,,0,0,,,
agonizingly,'ægənaiziŋli,r. in a very painful manner,adv. 使人烦恼地；苦闷地,r:100,,,,36095,26957,,,
agonizings,,,[网络] 痛苦,,,,,0,0,0:agonizing/1:s,,
Agonomalus,,,大甲八角鱼,,,,,0,0,,,
Agonomycetacea,,,n. 【真菌】无孢科,,,,,0,0,,,
Agonomycetales,,,n. 【真菌】不育菌类[亦作 myciliasterilia],,,,,0,0,,,
Agonomycetes,,,不育菌类,,,,,0,0,,,
agononida analoga,,,近似宦虾,,,,,0,0,,,
agononida eminens,,,突显宦虾,,,,,0,0,,,
agononida incerta,,,模稜宦虾,,,,,0,0,,,
agononida pilosimanus,,,毛手宦虾,,,,,0,0,,,
agononida rubrizonata,,,红斑宦虾,,,,,0,0,,,
agononida soelae,,,苏利亚宦虾,,,,,0,0,,,
agononida tenuipes,,,纤足宦虾,,,,,0,0,,,
Agonopsis,,,矛吻八角鱼,,,,,0,0,,,
agonopterix costaemaculella,,,肩斑圆翅蛾,,,,,0,0,,,
agonoscelis nubilis,,,云蝽,,,,,0,0,,,
Agonostomus,,,圆口鲻,,,,,0,0,,,
agonothet,,,[网络] 痛苦的,,,,,0,0,,,
agonothete,,,[网络] 激动人心,,,,,0,0,,,
agonothetes,,,[网络] 激动人心,,,,,0,0,,,
agonothetic,,,[网络] 令人着迷的,,,,,0,0,,,
agonous,,,[网络] 激动人心,,,,,0,0,,,
agonoxenid,,,[网络] 椰子蛾科,,,,,0,0,,,
agonoxenids,,,[网络] 激素,,,,,0,0,,,
agonoze,,,"v. 苦恼,使…苦恼,折磨",,,,,0,0,,,
agons,,,"斗争, 有奖竞赛( agon的名词复数 )",,,,,0,0,0:agon/1:s,,
agontan,,,二碘酪氨酸,,,,,0,0,,,
Agonum,,,"斑颈步甲虫,海獭甲",,,,,0,0,,,
Agonus,,,[网络] 八角鱼属,,,,,0,0,s:agonuss,,
Agonus cataphractus,,,n. 八角鱼(八角鱼科),,,,,0,0,s:agonus cataphractuss,,
agonus cataphractuss,,,n. 八角鱼(八角鱼科)\n(agonus cataphractus 的复数),,,,,0,0,0:agonus cataphractus/1:s,,
agonuss,,,[网络] 八角鱼属\n(agonus 的复数),,,,,0,0,0:agonus/1:s,,
agony,'ægәni,n. intense feelings of suffering; acute mental or physical pain\nn. a state of acute pain,"n. 极大的痛苦, 挣扎\n[医] 濒死苦闷; 剧痛",n:100,2,,cet4 cet6 ky ielts gre,5575,7577,s:agonies,,
agony aunt,ˈæɡəni ɑ:nt,,n. 在读者来信专栏回答来信的人,,,,,0,0,s:agony aunts,,
agony aunts,,,n. 在读者来信专栏回答来信的人( agony aunt的名词复数 ),,,,,0,0,0:agony aunt/1:s,,
agony box,,,[网络] 痛苦的盒子,,,,,0,0,,,
agony clot,,,[医] 濒死期心脏内血块,,,,,0,0,,,
agony column,,,私事广告栏,,,,,0,0,s:agony columns,,
agony columns,,,[网络] 寻人广告拦,,,,,0,0,0:agony column/1:s,,
agony in red,,,朱红色的服装,,,,,0,0,,,
agony of,,,(感情上的)突然而强烈的爆发，任何精神上的激动,,,,,0,0,,,
agony of joy,,,喜极,,,,,0,0,,,
agony of mind,,,苦恼，苦闷,,,,,0,0,,,
agony rhythm,,,濒死心律,,,,,0,0,,,
agony thrombus,,,濒死期血栓,,,,,0,0,,,
agony uncle,ˈæɡəni ˈʌŋkl,," <英><非正>读者来信专栏男撰稿人或主持人, 私事咨询专栏作家",,,,,0,0,,,
agony uncles,,,[有时作 A- U-][主英国口语](报刊、电台、电视台等)答读者问专栏(或私事广告栏、私事咨询节目)的男主持人，心理咨询叔叔；解困大叔(尤指报上)解答读者疑难的男撰稿人；私事咨询专栏男作家，(为读者或听众提供个人问题咨询服务的)专栏男作家，热线节目男主持人 [参较 agony aunt],,,,,0,0,,,
agonyclite,,,[网络] 激动人心,,,,,0,0,,,
Agoo,,,阿古,,,,,0,0,s:agoos,,
agood,,,[网络] 阿芳,,,,,0,0,s:agoods,,
agoods,,,[网络] 阿芳\n(agood 的复数),,,,,0,0,0:agood/1:s,,
agoon,,,[网络] 礁湖传说,,,,,0,0,,,
agoos,,,[网络] 以前的,,,,,0,0,0:agoo/1:s,,
AGOR,,,海洋研究舰,,,,,0,0,,,
agora,'ægәrә,n. 100 agorot equal 1 shekel in Israel\nn. the marketplace in ancient Greece\nn. a place of assembly for the people in ancient Greece,"n. 集会, 市场",n:100,,,,48144,34249,s:agoras,,
Agoracritus,,,[网络] 阿戈拉克里图斯,,,,,0,0,,,
agorae,,," 集会, 市场( agora的名词复数 )；市场, 大广场",,,,,0,0,,,
agorah,,,[网络] 住居局,,,,,0,0,,,
Agoral,,,是一种缓泻药,,,,,0,0,,,
agoranomi,,,[网络] 古希腊市政官,,,,,0,0,,,
agoraphilia,,,"嗜广场癖,恋旷野癖",,,,,0,0,,,
agoraphobe,æ'ɡərəfəʊb,,"n. 广场恐惧症, 旷野恐怖症",,,,,0,0,,,
agoraphobes,'æɡ(ə)rə.fəʊb,,[网络] 广场恐惧症；旷野恐惧症,,,,,0,0,,,
agoraphobia,.ægәrә'fәubiә,n. a morbid fear of open spaces (as fear of being caught alone in some public place),"n. 广场恐怖症\n[医] 广场恐怖, 旷野恐怖",n:100,,,,36264,32253,s:agoraphobias,,
agoraphobiac,,,n. 旷野恐怖；广场恐怖症；陌生环境恐怖症 (agoraphobia的变形),,,,,0,0,,,
agoraphobiacs,,,n. 旷野恐怖；广场恐怖症；陌生环境恐怖症 (agoraphobia的变形),,,,,0,0,,,
agoraphobias,",æg(ə)rə'fəʊbɪə",,n. 旷野恐怖；[心理] 广场恐怖症；陌生环境恐怖症,,,,,0,0,0:agoraphobia/1:s,,
agoraphobic,",æ^әrә'fәjbik",s. suffering from agoraphobia; abnormally afraid of open or public places,"a. 广场恐怖的, 旷野恐怖的, 恐旷症的, 陌生环境恐怖的",j:100,,,,43866,38862,s:agoraphobics,,
agoraphobics,",æɡərə'fəʊbɪk",,a. 恐旷症的；恐惧陌生环境的\nn. 恐旷症患者,,,,,0,0,0:agoraphobic/1:s,,
agoras,,,n. 阿高拉；古希腊的大会场\n[网络] 古雅典中心的繁荣集市；拉会把市场；亚速尔群岛,,,,,0,0,0:agora/1:s,,
Agordo,,,阿戈多,,,,,0,0,,,
Agori,,,阿戈里,,,,,0,0,,,
Agorika,,,[地名] 阿戈里卡 ( 多哥 ),,,,,0,0,,,
agorism,,,[网络] 阿哥拉主义,,,,,0,0,,,
agorist,,,[网络] 积极主义,,,,,0,0,,,
agorists,,,[网络] 积极主义者,,,,,0,0,,,
Agorophobia,,,[网络] 广场恐惧,,,,,0,0,,,
agorot,ɒgәˊrout,,n. agora的复数形,,,,,0,0,,,
agoroth,,,[网络] 阿高拉,,,,,0,0,,,
agos vidalos,,,亚戈斯维达罗斯,,,,,0,0,,,
Agosia,,,长鳍岁,,,,,0,0,,,
agosin,,,n. (Agosin)人名；(英)阿戈辛,,,,,0,0,,,
Agoslav,,Agoslav\nA male given name\n,,,,,,0,0,,,
Agost,,,[地名] 阿戈斯特 ( 西 ),,,,,0,0,,,
agosta,,, [人名] 阿戈斯塔; [地名] [意大利] 阿戈斯塔,,,,,0,0,,,
agosti,,,阿戈斯蒂,,,,,0,0,s:agosti,,
agostic,,,[网络] 陈金晖；醋溜白菜,,,,,0,0,,,
agostic hydrogen,,,氢桥,,,,,0,0,,,
agostic hydrogen bond,,,氢桥键,,,,,0,0,,,
Agostilben,,,"己烯雌酚,乙蔗酚,乙烯雌酚,人造求偶素,二乙蔗酚,人造女性素,雌性素",,,,,0,0,,,
agostina,,,[网络] 阿葛斯蒂娜；阿格斯蒂娜,,,,,0,0,,,
agostinelli,,,[网络] 阿戈斯蒂耐里；阿戈斯提奈利；阿戈斯提奈利奖,,,,,0,0,s:agostinellis,,
agostinellis,,,[网络] 阿戈斯蒂耐里；阿戈斯提奈利；阿戈斯提奈利奖\n(agostinelli 的复数),,,,,0,0,0:agostinelli/1:s,,
agostinho,,,n. (Agostinho)人名；(葡)阿戈什蒂纽,,,,,0,0,,,
agostini,,,n. (Agostini)人名；(意、西、法)阿戈斯蒂尼,,,,,0,0,s:agostini,,
Agostini's reaction,,,[医] 阿果斯提尼氏反应(试验)(检葡萄糖),,,,,0,0,,,
Agostini's test,,,[医] 阿果斯提尼氏试验(检葡萄糖),,,,,0,0,,,
agostino,,,[网络] 奥古斯丁；提诺；阿哥斯蒂诺,,,,,0,0,s:agostinoes,,
Agostino Di Duccio,,,[网络] 阿戈斯蒂诺·迪·杜乔；阿哥斯蒂诺·迪·杜卓；杜秋,,,,,0,0,,,
Agostino Di Giovanni,,,阿戈斯蒂诺,,,,,0,0,,,
agostinoes,,,[网络] 奥古斯丁；提诺；阿哥斯蒂诺\n(agostino 的复数),,,,,0,0,0:agostino/1:s,,
agosto,,,[网络] 树袋猫；丶回忆；全球服饰,,,,,0,0,,,
Agostonpuszta,,,阿戈斯顿普兹塔,,,,,0,0,,,
agot,,,[网络] 表示过去的一种事实,,,,,0,0,,,
agotai,,,蕉麻,,,,,0,0,,,
Agotan,,,辛可芬,,,,,0,0,,,
agotime,,,[网络] 迟到,,,,,0,0,,,
Agou,,,[地名] 阿古 ( 科特 ),,,,,0,0,,,
Agouagou,,,[地名] 阿古阿古 ( 贝宁 ),,,,,0,0,,,
agouara,æɡu:'ɑ:rə,"n. The crab-eating raccoon (Procyon cancrivorus), found in\n   the tropical parts of America.","n. 【动物】浣熊(产于南美洲, 以软体类和甲壳类动物为食) [亦作 crab-eating-raccoon]",,,,,0,0,,,
agouaras,æɡu:'ɑ:rə,,n. 【动物】浣熊(产于南美洲，以软体类和甲壳类动物为食) [亦作 crab-eating-raccoon],,,,,0,0,,,
Agouim,,,[地名] 艾格维姆 ( 摩洛 ),,,,,0,0,,,
Agoulou,,,[地名] 阿古卢 ( 多哥 ),,,,,0,0,,,
Agoult,,,[地名] 艾古勒特 ( 摩洛 ),,,,,0,0,,,
Agouma,,,[地名] 阿古马 ( 加蓬 ),,,,,0,0,,,
Agouna,,,[地名] 阿古纳 ( 贝宁 ),,,,,0,0,,,
Agouna-Gaga,,,[地名] 阿古纳加加 ( 贝宁 ),,,,,0,0,,,
Agouni Guéfal,,,[地名] 阿古尼盖法勒 ( 马里 ),,,,,0,0,,,
agounni jefal,,,亚高尼捷法,,,,,0,0,,,
agoura,,,[网络] 阿古拉；阿德兰托；亚哥拉,,,,,0,0,,,
Agouraï,,,[地名] 艾古拉伊 ( 摩洛 ),,,,,0,0,,,
agouron,,,[网络] 古朗,,,,,0,0,,,
Agous-n-Ehsel,,,亚戈恩厄塞,,,,,0,0,,,
Agout,,,[地名] 阿古河 ( 法 ),,,,,0,0,,,
agouta,ə'ɡu:tə,"n. A small insectivorous mammal (Solenodon paradoxus), allied\n   to the moles, found only in Hayti.",n. 【动物】(海地产的一种鼠种)食虫动物(Solenodon paradoxus),,,,,0,0,,,
agoutas,ə'ɡu:tə,,n. 【动物】(海地产的一种鼠种)食虫动物(Solenodon paradoxus),,,,,0,0,,,
agouti,ә'gu:ti,n. agile long-legged rabbit-sized rodent of Central America and South America and the West Indies; valued as food,"n. 刺豚鼠\n[医] 刺鼠, 南美豚鼠",n:100,,,,0,36574,s:agouti,,
agouti locus,,,野鼠色基因座,,,,,0,0,,,
agouti paca,,,斑【白+犬】【犭+加】,,,,,0,0,,,
AGOUTIDAE,,,【白+犬】【犭+加】科,,,,,0,0,,,
agouties,,,"刺豚鼠, 刺豚鼠皮毛上的深浅环纹( agouti的名词复数 )",,,,,0,0,,,
agoutis,ə'guːtɪ,,n. 刺鼠,,,,,0,0,s:agoutiss,,
agoutiss,,,n. agouti的变形,,,,,0,0,0:agoutis/1:s,,
agouty,ә'^u:ti,"n. A rodent of the genus Dasyprocta, about the size of a\n   rabbit, peculiar to South America and the West Indies. The most common\n   species is the Dasyprocta agouti.","n. [动]刺豚鼠, 刺豚鼠皮毛上的深浅环纹",,,,,0,0,,,
Agoué,,,[地名] 阿古埃 ( 多哥 ),,,,,0,0,,,
Agoy,,,亚戈伊,,,,,0,0,,,
agoyan falls,,,阿格杨瀑布,,,,,0,0,,,
Agozol,,,"双苯丙胺,心可定",,,,,0,0,,,
agp,,,abbr. 加速图形接口（能够使3D图形在普通个人电脑上以更快的速度显示）（Accelerated Graphics Port）,,,,,0,0,s:agps,,
agp 1x,,,AGP 1x 加速图形埠,,,,,0,0,,,
agp 2x,,,AGP 2x 加速图形埠,,,,,0,0,,,
agp 4x,,,AGP 4x 加速图形埠,,,,,0,0,,,
agp 8x,,,AGP 8x 加速图形埠,,,,,0,0,,,
AGP Aperture,,,[网络] 区域内存容量单位兆,,,,,0,0,,,
AGP aperture size,,,[网络] 孔径尺寸；根据内存情况设置；可设置动态显存,,,,,0,0,,,
AGP bus,,,[网络] 总线；加速影像处理器汇流排；高速显示卡,,,,,0,0,,,
AGP card,,,[网络] 如果您有图形加速卡,,,,,0,0,,,
AGP Pro,,,[网络] 新一代加速图形端口；插槽,,,,,0,0,,,
AGP slot,,,[网络] 插槽,,,,,0,0,,,
agp-enhanced,,,[网络] agp增强,,,,,0,0,,,
agp-equipped,,,[网络] agp装备,,,,,0,0,,,
AGPA,,,[=American Group Psychotherapy Association]美国集体心理治疗协会,,,,,0,0,,,
agpaite,æɡ'peɪt,,n. 阿格帕霞石正长岩类；钠质霞石正长岩类\n[网络] 钠质火成岩类；钠质火成岩,,,,,0,0,,,
agpaites,'æɡpait,,n. 【岩石】钠质火成岩类,,,,,0,0,,,
AGPI,,,[=agar-gel precipitin inhibition]琼脂-凝胶沉淀素抑制,,,,,0,0,,,
AGPL,,,Administrasζão-Geral do Porto de Lisboa (Portuguese-Port of Lisbon Authority) (葡萄牙语)里斯本特许港口,,,,,0,0,,,
AGPOLY,,,[=agarose polyriboinosinic acid]琼脂糖多核糖肌苷酸,,,,,0,0,,,
AGPR,,,[网络] 合资公司；厌氧革兰阳性杆菌(Anaerobic gram positive rods)；阿果论坛,,,,,0,0,,,
agproximation plate,,,[医] 对合板(用于肠道手术),,,,,0,0,,,
AGPs,.eɪ dʒiː 'piː,,[网络] 辅助全球卫星定位系统(Assisted Global Positioning System )；澳大利亚政府出版服务(Australian Government Publishing Service)；半乳糖蛋白,,,,,0,0,0:agp/1:s,,
AGPT,,,[=agar-gel precipitation test]琼脂凝胶沉淀试验,,,,,0,0,,,
agpui,,,木槿树韧皮纤维,,,,,0,0,,,
agq,,,"abbr. Agrinion, Greece 希腊，艾格瑞尼昂机场（代码）",,,,,0,0,,,
AGR,,,abbr. 改进型气冷反应堆（advanced gas-cooled reactor）,,,,,30148,0,,,
AGR (absorber rod),,,进型气冷堆吸收棒,,,,,0,0,,,
AGR (Advanced Gas-cooled Reactor),,,进型气冷堆,,,,,0,0,,,
AGR (advanced gas-cooling reactor),,,进型气冷反应堆,,,,,0,0,,,
AGR fuel element,,,进型气冷堆燃料元件,,,,,0,0,,,
AGR fuelling machine,,,进型气冷堆装料机,,,,,0,0,,,
agr-,,,n. 先进气冷反应堆；放射自显影术\n[网络] 农业；招聘者协会(Association of Graduate Recruiters)；插槽(Advance Graphics Riser),,,,,0,0,,,
Agr-1240,,,康多尔,,,,,0,0,,,
Agr.,,,n. 先进气冷反应堆；放射自显影术\n[网络] 农用车轮胎,,,,,0,0,,,
agra,'ɑ:^rә,n. a city in northern India; former capital of the Mogul empire; site of the Taj Mahal,n. 阿格拉（印度北部一城市）,,,,,28355,0,s:agras,,
agra carpet,,,阿格拉彩色地毯(印度制),,,,,0,0,,,
Agra Division,,,[网络] 阿格拉司,,,,,0,0,,,
agra gauze,,,阿格拉薄纱,,,,,0,0,,,
agra work,,,(用颜色嵌进大理石的)镶嵌工作,,,,,0,0,,,
agra-agar,,,[机] 洋菜,,,,,0,0,,,
Agrabad,,,[网络] 阿格拉巴德,,,,,0,0,,,
agrace,,,[网络] 艾依彩,,,,,0,0,,,
agraced,,,[网络] 。。。,,,,,0,0,,,
Agracha,,,[地名] 阿格拉沙 ( 西撒 ),,,,,0,0,,,
Agraciada,,,[地名] 阿格拉西亚达 ( 乌拉 ),,,,,0,0,,,
agracing,,,[网络] 葡萄牙,,,,,0,0,,,
agrad,ə'ɡræd,,n. 【生态学】栽培植物,,,,,0,0,,,
agradable,,,[网络] 讨厌的,,,,,0,0,,,
agrade,,,n. 甲级\n[网络] A级；A类；平均为甲等,,,,,0,0,,,
Agrado,,,[地名] 阿格拉多 ( 哥伦 ),,,,,0,0,,,
agrafe,,,n. 金属卡子;钩钮,,,,,0,0,,,
Agrafenovka,,,[地名] 阿格拉费诺夫卡 ( 俄 ),,,,,0,0,,,
agraff,,,[网络] 定弦钮,,,,,0,0,,,
agraffe,ә'græf,"n. A hook or clasp.\nn. A hook, eyelet, or other device by which a piano wire is\n   so held as to limit the vibration.",n. 搭扣\n[医] 对合钳,,,,,0,0,,,
"agraffe, agrafe",ə'ɡræf,,n. (衣服、盔甲上的)搭扣，搭钩，钩钮；【建筑工程】(保持石块连接一起的)夹铁；(古典建筑上的)拱顶石表面浮雕,,,,,0,0,,,
agraffes,,,n. 搭扣；搭钩\n[网络] 装上搭扣；定弦钮,,,,,0,0,,,
agraffs,,,[网络] 农夫,,,,,0,0,,,
agrafiotis r.,,,阿格拉非欧提斯河,,,,,0,0,,,
agraian discontent,,,农民的不满,,,,,0,0,,,
Agrakhanskiy,,,阿格拉汗斯基,,,,,0,0,,,
Agrakhanskiy Poluostrov,,,[地名] 阿格拉汉半岛 ( 俄 ),,,,,0,0,,,
Agrakhanskiy Zaliv,,,[地名] 阿格拉汉湾 ( 俄 ),,,,,0,0,,,
agral,,,[网络] 农庄,,,,,0,0,,,
Agram,,,[地名] *阿格拉姆(萨格勒布的旧名) ( 克罗 ),,,,,0,0,s:agrams,,
agrame,,,[网络] 中东园艺展览会；畜牧展；中东国际畜牧与农业博览会,,,,,0,0,,,
agramed,,,[网络] 编曲,,,,,0,0,,,
agrammaphasia,,,[医] 语法缺失,,,,,0,0,,,
agrammaphasiz,"ə,ɡræmə'feiziə",,n. = agrammatism,,,,,0,0,,,
agrammatic,,,adj. 语法失能的,,,,,0,0,,,
agrammatica,",æɡrə'mætikə",,n. ＝agrammatism,,,,,0,0,,,
agrammatical,,agrammatical (not comparable)\n(grammar) Not grammatical; ungrammatical.\n,,,,,,0,0,,,
agrammatism,,,[医] 语法缺失,,,,,0,0,,,
agrammatist,,agrammatist (plural agrammatists)\nOne suffering from agrammatism.\n,,,,,,0,0,,,
agrammatologia,,,[医] 语法缺失,,,,,0,0,,,
Agramon,,,亚格雷蒙,,,,,0,0,,,
agramonte,,,[网络] 亚格雷蒙特,,,,,0,0,s:agramontes,,
agramontes,,,[网络] 亚格雷蒙特\n(agramonte 的复数),,,,,0,0,0:agramonte/1:s,,
agrams,'ɑ:ɡrɑ:m,,= Zagreb,,,,,0,0,0:agram/1:s,,
Agramunt,,,[地名] 阿格拉蒙特 ( 西 ),,,,,0,0,,,
Agramón,,,[地名] 阿格拉蒙 ( 西 ),,,,,0,0,,,
agran,,,[网络] 阿格兰,,,,,0,0,s:agrans,,
agrandize,,,[网络] 强化,,,,,0,0,,,
Agrano,,,[地名] 阿格拉诺 ( 意 ),,,,,0,0,,,
agrans,,,[网络] 阿格兰\n(agran 的复数),,,,,0,0,0:agran/1:s,,
agranuclocytosis,,,粒性白血球缺乏症,,,,,0,0,,,
agranular,,,[网络] 嗜碱性白细胞,,,,,0,0,,,
agranular blood cells,,,无颗粒白血球,,,,,0,0,,,
agranular chloroplast,,,无基粒叶绿体,,,,,0,0,,,
agranular cytomembrane,,,光滑面细胞质膜,,,,,0,0,,,
agranular endoplasmic reticulum,,,[医] 有粒内质网,,,,,0,0,,,
agranular leukocyte,,,无颗粒白细胞,,,,,0,0,,,
agranular leukocytes,,,[医] 无粒白细胞(指淋巴细胞和单核细胞),,,,,0,0,,,
agranular reticulum,,,【细胞生物学】无颗粒内质网,,,,,0,0,,,
agranular type,,,无颗粒型,,,,,0,0,,,
agranularity,,,[网络] 粒度,,,,,0,0,,,
agranulemia,,,[医] 粒细胞缺乏症,,,,,0,0,,,
agranulocyte,ei'^rænjjlәjsait,,n. [解]无颗粒白细胞,,,,,0,0,,,
agranulocytes,,,[网络] 无颗粒细胞；白血细胞的其他不属於粒；无颗粒白血球,,,,,0,0,,,
agranulocytic,,a relating to the blood disorder of agranulocytosis,[医] 粒细胞缺乏的,,,,,0,0,,,
agranulocytic anemia,,,[医] 粒细胞缺乏性贫血,,,,,0,0,,,
agranulocytic angina,,,[医] 粒细胞缺乏性咽峡炎,,,,,0,0,,,
agranulocytopenia,,,[医] 粒细胞缺乏症,,,,,0,0,,,
agranulocytoses,,,n. 粒性白血球缺乏症 (agranulocytosis的变形),,,,,0,0,0:agranulocytosis/1:s,,
agranulocytosis,"æ,^rænjulәusai'tәusis",n an acute blood disorder (often caused by radiation or drug therapy) characterized by severe reduction in granulocytes,n. 粒性白血球缺乏症,,,,,0,0,s:agranulocytoses,,
agranulogytopenia,,,粒细胞缺乏症,,,,,0,0,,,
agranuloplastic,,,[医] 只形成无粒细胞的; 不形成粒细胞的,,,,,0,0,,,
agranulopoiesis,,,"无颗粒白血球之生成, 无颗粒白血球生成",,,,,0,0,,,
agranuloses,,,[医] 粒细胞缺乏症\n(agranulosis 的复数),,,,,0,0,0:agranulosis/1:s,,
agranulosis,,n an acute blood disorder (often caused by radiation or drug therapy) characterized by severe reduction in granulocytes,[医] 粒细胞缺乏症,,,,,0,0,s:agranuloses,,
agrapha,æ'^rәfә,n sayings of Jesus not recorded in the canonical Gospels,n. 耶稣之遗言,,,,,0,0,s:agraphas,,
agraphas,'æɡrəfə,,n. 耶稣之遗言,,,,,0,0,0:agrapha/1:s,,
agraphia,æ'^ræfiә,n a loss of the ability to write or to express thoughts in writing because of a brain lesion,n. [医]因脑受伤致不能写字的失写症,,,,,0,0,s:agraphias,,
agraphia amnemonica,,,[医] 遗忘性书写不能,,,,,0,0,,,
agraphia atactica,,,[医] 绝对书写不能,,,,,0,0,,,
agraphias,ə'græfɪə; eɪ-,,n. 失写症；[医] 书写不能,,,,,0,0,0:agraphia/1:s,,
agraphic,,a relating to or having agraphia,"[医] 书写不能的, 失写的",,,,,0,0,,,
agraphitic,,,"非石墨的,非结晶的,非定形的",,,,,0,0,,,
agraphitic carbon,,,[化] 非结晶碳; 无定形碳; 非石墨碳,,,,,0,0,,,
agraphobia,,,[网络] 性虐待恐惧症,,,,,0,0,,,
agraphy,,,[网络] 记录,,,,,0,0,,,
agrarethnographie,"ə,ɡrεəreθ'nɔɡræfiə",,n. 农业民族志,,,,,0,0,,,
agraria,,,[网络] 农业型；野豹蛛；农学,,,,,0,0,,,
agrarian,ә'grєәriәn,s. relating to rural matters,"a. 土地的, 耕地的\n[法] 土地的, 土地所有制的",j:100,1,,toefl gre,13040,12232,s:agrarians,,
agrarian country,,,农业国,,,,,0,0,,,
agrarian crisis,,,un. 农业危机,,,,,0,0,,,
agrarian economics,,,农业经济学,,,,,0,0,,,
agrarian economy,,,农业经济,,,,,0,0,,,
agrarian history,,,农业史,,,,,0,0,,,
agrarian laborer,,,[网络] 农业工人,,,,,0,0,,,
agrarian law,,,土地法,,,,,0,0,,,
agrarian laws,,,[网络] 土地法,,,,,0,0,,,
Agrarian League,,,农业党,,,,,0,0,,,
agrarian movement,,,农民运动,,,,,0,0,,,
agrarian murder,,,由土地引起的行凶罪行,,,,,0,0,,,
agrarian outrage,,,农民暴动，农民起义,,,,,0,0,,,
agrarian overpopulation,,,[网络] 农业人口过剩,,,,,0,0,,,
agrarian parties,,,[网络] 农民党,,,,,0,0,,,
agrarian party,,,un. 〔政〕农民党\n[网络] 农业党；政党有农业党；农民政党,,,,,0,0,,,
agrarian population,,,"农业人口起点,计算收入水准的起点",,,,,0,0,,,
agrarian property,,,土地所有制;地产,,,,,0,0,,,
agrarian reform,,,[法] 土地改革法,,,,,0,0,,,
agrarian reform act,,,土地(改革)法,,,,,0,0,,,
agrarian reform law,,,土地改革法,,,,,0,0,,,
agrarian reform laws,,,[法] 土地改革,,,,,0,0,,,
agrarian relations,,,土地关系,,,,,0,0,,,
agrarian revolution,,,土地革命,,,,,0,0,,,
agrarian society,,,农业社会,,,,,0,0,,,
agrarian structure,,,土地所有制,,,,,0,0,,,
agrarian system,,,农业制度,,,,,0,0,,,
agrarian zone,,,"农田带,耕作带",,,,,0,0,,,
agrarian-based,,,[网络] 以农业为主,,,,,0,0,,,
agrarianise,,,[网络] 农业,,,,,0,0,,,
agrarianism,ә'^reәriәnizəm,n. An equal or equitable division of landed property; the\n   principles or acts of those who favor a redistribution of land.,n. 平均地权论,n:100,,,,0,46792,s:agrarianisms,,
agrarianisms,ə'ɡreərɪənɪzəm,,n. 田地均分法；平均地权论,,,,,0,0,0:agrarianism/1:s,,
agrarianization,,,[网络] 农业化,,,,,0,0,,,
agrarianize,ə'grɛəriənaiz,"v. t. To distribute according to, or to imbue with, the\n   principles of agrarianism.",vt. 重新分配,,,,,0,0,,,
agrarianized,ə'grɛəriənaiz,,vt. 重新分配,,,,,0,0,,,
agrarianizes,ə'grɛəriənaiz,,vt. 重新分配,,,,,0,0,,,
agrarianizing,ə'grɛəriənaiz,,vt. 重新分配,,,,,0,0,,,
agrarianly,ə'ɡreəriən,,adj. 土地的；耕地的\nn. 平均地权论者,,,,,0,0,,,
agrarianness,,,[网络] 农家乐,,,,,0,0,,,
agrarians,,plural of agrarian\ns. relating to rural matters,"(agrarian 的复数) a. 土地的, 耕地的\n[法] 土地的, 土地所有制的",,,,,0,0,0:agrarian/1:s,,
agrario,,,[网络] 土地的,,,,,0,0,,,
agrarista,,,[网络] 农家乐,,,,,0,0,,,
agrarium,əɡ'reəriəm,,地租,,,,,0,0,,,
agras,'ɑ:ɡrə,,n. 阿格拉（印度北部一城市）,,,,,0,0,0:agra/1:s,,
agrass,,,[网络] 草地,,,,,0,0,,,
agraste,,,[网络] 一味的,,,,,0,0,,,
agrate brianza,,,亚格雷特布里安萨,,,,,0,0,,,
Agraulos,,,野营虫属〔三叶虫类，C2〕,,,,,0,0,,,
Agraulus,,,野居虫,,,,,0,0,,,
agraunte,,,[网络] 堕落者,,,,,0,0,,,
Agravain,,,[网络] 亚格拉宾；亚格拉文,,,,,0,0,,,
Agravaine,,,[网络] 阿古温；阿格莱瓦；艾格瑞凡,,,,,0,0,,,
agravic,ә'grævik,,a. 失重的,,,,,0,0,,,
agravic illusion,,,失重错视,,,,,0,0,,,
agravitropism,,,无向重力性,,,,,0,0,,,
agravity,,,[医] 失重[状态],,,,,0,0,,,
agrawal,,,阿格拉沃尔（人名）,,,,,0,0,,,
agrayde,,,[网络] 阿格雷德,,,,,0,0,,,
agre,,adv. Alt. of Agree,abbr. 研究遗传自闭症的资源交流（Autism Genetic Resource Exchange）；支付协议,,,,,0,0,s:agres,,
agreable,,,[网络] 令人难以置信,,,,,0,0,,,
agreage,,,[网络] 农场,,,,,0,0,,,
agreal,,,吡磺藜芦酰胺,,,,,0,0,,,
agreamentum,,,"[法] 同意, 一致, 一个契约",,,,,0,0,,,
agreat,,,[网络] 非常大程度；从事,,,,,0,0,,,
agreation,,,[网络] 增长,,,,,0,0,,,
Agreda,,,[地名] 阿格雷达 ( 西 ),,,,,0,0,,,
agree,ә'gri:,"v. be in accord; be in agreement\nv. consent or assent to a condition, or agree to do something\nv. show grammatical agreement\nv. be agreeable or suitable","vi. 同意, 赞成, 应允, 适合\nvt. 承认, 认定, 同意",v:100,5,1,zk gk,401,514,d:agreed/p:agreed/3:agrees/i:agreeing,,
agree about,,,对…取得一致意见,,,,,0,0,,,
agree account,,,un. 认为帐目无误,,,,,0,0,,,
agree by implication,,,默契,,,,,0,0,,,
agree in,,,在…意见一致,,,,,0,0,,,
agree in absentia,,,[法] 缺席同意,,,,,0,0,,,
agree life,,,模拟寿命,,,,,0,0,,,
agree like cats and dogs,,,"像猫狗一样相处不好,完全合不来",,,,,0,0,,,
agree like pickpockets in a fair,,,"像庙会上的小偷一样不能容忍,完全合不来",,,,,0,0,,,
agree on,,,"就…取得一致意见,商定",,,,,0,0,,,
agree on/upon,,,就…取得一致意见；对…达成协议；赞同 [亦作 agree about]:；(一致)决定，确定(某事或做某事),,,,,0,0,,,
agree to,,,"同意,赞成…",,,,,0,0,,,
agree to a proposal,,,同意某项建议(或提案),,,,,0,0,,,
agree to abandon this requirement,,,意放弃此项要求,,,,,0,0,,,
agree to differ,,,同意各自保留不同意见\n[法] 各自保留不同意见,,,,,0,0,,,
agree to disagree,,,[网络] 求同存异；同意各自保留不同意见；同意歧见,,,,,0,0,,,
agree to do,,,[网络] 同意做某事；同意干某事；同意去做某事,,,,,0,0,,,
agree to do something,,,[网络] 允诺去做某事；同意去做一些事,,,,,0,0,,,
agree to do sth,,, 同意干某事,,,,,0,0,,,
agree to make compensation,əˈɡri: tu: meik ˌkɔmpenˈseiʃən,, [财]同意赔款,,,,,0,0,,,
agree to reduce the price,,,同意降价,,,,,0,0,,,
agree to sth,,, 同意,,,,,0,0,,,
agree to your terms,,,意你方的要求,,,,,0,0,,,
agree upon,,,"就…取得一致意见,商定…",,,,,0,0,,,
agree upon a price,,,"[经] 谈妥价钱, 议价",,,,,0,0,,,
agree with,,,"同意…,与…意见一致;适应…",,,,,0,0,,,
agree with sb,,,[网络] 赞成某人；同意某人；同意某人的意见,,,,,0,0,,,
agree with someone,,,[网络] 不谋而合；认同他人说的话；同意某人的观点,,,,,0,0,,,
agree with sth,,,同意做某事\n同意某事,,,,,0,0,,,
"Agree, for the law is costly.",,,[谚语]和解好，官司代价高。,,,,,0,0,,,
agree-disagree,,,[网络] 同意-不同意,,,,,0,0,,,
agreeabilities,,,约定性,,,,,0,0,0:agreeability/1:s,,
agreeability,,"n. Easiness of disposition.\nn. The quality of being, or making one's self,\n   agreeable; agreeableness.",约定性,,,,,0,0,s:agreeabilities,,
agreeable,ә'griәbl,a. conforming to your own liking or feelings or nature\ns. prepared to agree or consent,"a. 令人愉快的, 同意的\n[医] 佳适的",j:100,1,,cet6 ky toefl ielts gre,9587,13667,,,
agreeable rattle,,,喋喋不休(或饶舌、碎嘴)的年轻人,,,,,0,0,,,
agreeable to,,,欣然同意的；适合的，适宜的；遵照，顺从，依从；赞同(提议等),,,,,0,0,,,
agreeableness,ə'griəblnəs,n. pleasantness resulting from agreeable conditions\nn. a temperamental disposition to be agreeable,n. 适合；一致,n:100,,,,0,35055,s:agreeablenesses,,
agreeablenesses,ə'griəblnəs,,n. 适合；一致,,,,,0,0,0:agreeableness/1:s,,
agreeabler,ə'griːəb(ə)l,,adj. [口语]欣然同意的；愿意的；令人愉快的；惬意的；合某人胃口的；舒适的；讨人喜欢的,,,,,0,0,,,
agreeables,ə'griːəb(ə)l,,adj. [口语]欣然同意的；愿意的；令人愉快的；惬意的；合某人胃口的；舒适的；讨人喜欢的,,,,,0,0,,,
agreeablest,ə'griːəb(ə)l,,adj. [口语]欣然同意的；愿意的；令人愉快的；惬意的；合某人胃口的；舒适的；讨人喜欢的,,,,,0,0,,,
agreeably,ә'griәbli,r in an enjoyable manner,adv. 令人愉快地,r:100,,,,21638,27235,,,
agreeably to,,,"照,应,依",,,,,0,0,,,
agreeance,,,[网络] 同意,,,,,0,0,,,
agreeand,,,[网络] 同意,,,,,0,0,,,
agreed,ә'ɡri:d,s. united by being of the same opinion,a. 同意的；通过协议的,j:100,1,,,5638,16194,0:agree/1:dp,,
agreed agency commission,,,[经] 约定的代理佣金,,,,,0,0,,,
agreed amount,,, 议定数额,,,,,0,0,,,
agreed and declared,,,[法] 一致同意并公开宣称的,,,,,0,0,,,
agreed bid,,,[网络] 友好盘购出价,,,,,0,0,,,
agreed case,,,[法] 无争议的案件,,,,,0,0,,,
agreed charge,,,n. 优待运费,,,,,0,0,,,
agreed conclusion,,,议定,,,,,0,0,,,
agreed date,,,[法] 约定的日期,,,,,0,0,,,
agreed discharge plan,,,un. 认可的卸载计划\n[网络] 认可的卸船计划,,,,,0,0,,,
agreed duration of freight transport,,,[交] 货物运输时限,,,,,0,0,,,
agreed duty,əˈgri:d ˈdju:ti,, [财]议定关税,,,,,0,0,,,
agreed formula,,,"[经] 一致同意的办法, 商定方案",,,,,0,0,,,
agreed frequency,,,[网络] 约定频率,,,,,0,0,,,
agreed holiday,,,[经] 公休,,,,,0,0,,,
agreed indication,,,[计] 统一表示,,,,,0,0,,,
agreed insured value,,,[经] 商定保险值,,,,,0,0,,,
agreed interest rate,əˈgri:d ˈintrist reit,, [财]约定利率,,,,,0,0,,,
agreed loading plan,,,un. 认可的装载计划\n[网络] 认可的装船计划,,,,,0,0,,,
agreed minutes,,,[法] 商定的记录,,,,,0,0,,,
agreed par value,əˈgri:d pɑ: ˈvælju,, [财]约定的平价,,,,,0,0,,,
agreed period,,,"[法] 商定的期限, 约定的期限",,,,,0,0,,,
agreed plan,,,[科技] 议定方案,,,,,0,0,,,
agreed port of destination,,,定的目的港,,,,,0,0,,,
agreed price,,,[经] 议定价格,,,,,0,0,,,
agreed price range,əˈgri:d prais reindʒ,, [财]议定价格范围,,,,,0,0,,,
agreed procedure,,,[网络] 议定程序,,,,,0,0,,,
agreed proceedings,,,[管理] 商定程序,,,,,0,0,,,
agreed quantity of trade,,,[经] 议定贸易量,,,,,0,0,,,
agreed rate,,,[经] 协定运费率,,,,,0,0,,,
agreed reduction,,,"[法] 议定的裁减, 约定的裁减",,,,,0,0,,,
agreed rent,,,[法] 议定的租金,,,,,0,0,,,
agreed returns,,, [法]约定退费,,,,,0,0,,,
agreed service time,,,同意之服务时间,,,,,0,0,,,
agreed stable price,əˈgri:d ˈsteibl prais,, [法]协议稳定价格,,,,,0,0,,,
agreed statement of facts,,,[法] 一致赞成的事实陈述,,,,,0,0,,,
agreed stowage factor,,,[网络] 议定积载因素,,,,,0,0,,,
agreed submission of a case,,,一致同意的移交案件,,,,,0,0,,,
agreed submission of case,,,[法] 一致同意的移交案件,,,,,0,0,,,
agreed tariff,,,协定关税,,,,,0,0,,,
agreed territory,,,协议区域,,,,,0,0,,,
agreed text,,,"[经] 一致同意的文本, 议定文本",,,,,0,0,,,
agreed to disagree,,,[网络] 同意不同意；同意了不同意,,,,,0,0,,,
agreed to extend,,,un. 同意延期,,,,,0,0,,,
agreed total loss,,,[网络] 议定全损；协议全损,,,,,0,0,,,
agreed upon,,,"[经] 同意, 商定",,,,,0,0,,,
agreed upon discount rate,əˈgri:d əˈpɔn ˈdiskaunt reit,, [财]商定的贴现率,,,,,0,0,,,
agreed upon price,əˈgri:d əˈpɔn prais,, [财]商定价格,,,,,0,0,,,
agreed upon prices,,,[网络] 协议价格,,,,,0,0,,,
agreed upon remedies,,,[网络] 补救协议,,,,,0,0,,,
agreed valuation,,,协定价值(承运人与托运人互相协定的货物价值),,,,,0,0,,,
agreed value,,,[经] 约定价值,,,,,0,0,,,
agreed value clause,əˈgri:d ˈvælju klɔ:z,, [财]议定价值条款,,,,,0,0,,,
agreed value insurance,,,[网络] 定值保险,,,,,0,0,,,
agreed value policy,əˈgri:d ˈvælju ˈpɔləsi,, [财]议定价值保单,,,,,0,0,,,
agreed weight,,,un. 议定重量,,,,,0,0,,,
agreed with,,,na. 适合；赞同；与…一致\n[网络] 吻合；用一般过去时,,,,,0,0,,,
agreed-on,"ə'ɡri:dɔn; ə'ɡri:də,pɔn",,adj. 双方共同议定的，商定的；一致同意的(= agreed),j:100,,,,0,0,,,
"agreed-on, agreed-upon","ə'ɡri:dɔn; ə'ɡri:də,pɔn",,adj. 双方共同议定的，商定的；一致同意的(= agreed),,,,,0,0,,,
agreed-upon,,,同意；商定,j:100,,,,0,0,,,
agreed-upon prices,,,协议价格,,,,,0,0,,,
agreed-value insurance,,,约定价值保险,,,,,0,0,,,
agreeement,,,n. 协议,,,,,0,0,s:agreeements,,
agreeements,,,n. 协议\n(agreeement 的复数),,,,,0,0,0:agreeement/1:s,,
agreeeth,,,[网络] 同意,,,,,0,0,,,
agreef,,,[网络] 同意,,,,,0,0,,,
agreein',,,na. (意见)相合；(想法)一致\n[网络] 在……方面一致；在……上相同；在…意见一致,,,,,0,0,,,
agreeing,,p. pr. & vb. n. of Agree,v. 同意（agree的ing形式）,,,,,0,0,0:agree/1:i/s:agreeings,,
agreeing on,,, 达成一致,,,,,0,0,,,
agreeing to disagree,,,[网络] 同意分歧；不一致的达成；对彼此认知歧异之认同,,,,,0,0,,,
agreeing with,,,na. 合(口胃)；赞同；与…一致\n[网络] 同意,,,,,0,0,,,
agreeingly,,adv. In an agreeing manner (to); correspondingly;\n   agreeably.,adv. agree的变形,,,,,0,0,,,
agreeingness,,,[网络] 同意,,,,,0,0,,,
agreeings,,,v. 同意（agree的ing形式）,,,,,0,0,0:agreeing/1:s,,
agreement,ә'gri:mәnt,n. the statement (oral or written) of an exchange of promises\nn. compatibility of observations\nn. harmony of people's opinions or actions or characters\nn. the thing arranged or agreed to,"n. 同意, 合约, 协议\n[经] 契约, 协议, 协定",n:100,4,1,zk gk ielts,623,1059,s:agreements,,
agreement about,,,n.  有关 ... 的协定,,,,,0,0,,,
agreement acceptance,,,"[经] 契约承诺, 合同承认",,,,,0,0,,,
agreement account,,,支付协定账目,,,,,0,0,,,
agreement among managers,,,(债券发行)经理行之间的协定,,,,,0,0,,,
agreement among underwriters,,,(债券发行)包销人之间的协定，承购商协议,,,,,0,0,,,
agreement and understanding,,,[网络] 协议和谅解,,,,,0,0,,,
agreement between labor and management,əˈɡri:mənt biˈtwi:n ˈleibə ænd ˈmænidʒmənt,, [财]劳资协议,,,,,0,0,,,
agreement button panel,,,同意按钮盘,,,,,0,0,,,
agreement by metre,,,[经] 量方契约,,,,,0,0,,,
agreement by piece,,,件合同,,,,,0,0,,,
agreement concerning aid,əˈɡrimənt kənˈsɚnɪŋ ed,, 园地土壤,,,,,0,0,,,
agreement concerning scientific and technical cooperation,əˈɡri:mənt kənˈsə:niŋ ˌsaiənˈtifik ænd ˈteknikəl kəuˌɔpəˈreiʃən,, [经] 科学技术合作协定,,,,,0,0,,,
agreement corporation,,,〈美〉协议公司,,,,,0,0,,,
agreement country,,,协定缔约国,,,,,0,0,,,
agreement county,,,un. 协定帝约国,,,,,0,0,,,
Agreement Establishing the Asian Reinsurance Corporation,,,设立亚洲再保险公司的协定,,,,,0,0,,,
Agreement Excluding Salvage,,,[网络] 排除救助报酬合同,,,,,0,0,,,
agreement fixing price,,,同定价协议,,,,,0,0,,,
agreement for,,,有关……的协定,,,,,0,0,,,
agreement for a lease,əˈɡri:mənt fɔ: ə li:s,, [法]租赁协议,,,,,0,0,,,
agreement for a settlement,,,授产协议,,,,,0,0,,,
agreement for assignment,,,[网络] 转让协议；转让合同,,,,,0,0,,,
agreement for deed,,,契据协议,,,,,0,0,,,
agreement for sale,,, 售卖协议; 买卖协议,,,,,0,0,,,
agreement for sale and purchase,,,买卖协议,,,,,0,0,,,
agreement in intent,,,[网络] 意向协议书,,,,,0,0,,,
agreement in principle,,,[网络] 原则性协议；达成原则性协议；原则协议,,,,,0,0,,,
agreement in writing,,,面协定,,,,,0,0,,,
agreement morpheme,,,示时语素,,,,,0,0,,,
agreement not of alienate territory,,,[法] 领土不割让协定,,,,,0,0,,,
agreement not to compete,,,un. 停止竞争协议,,,,,0,0,,,
agreement number,,,协议书号码,,,,,0,0,,,
Agreement of Carriage of Dangerous Goods by Road,,,陆上危险品运输协议,,,,,0,0,,,
agreement of combined transport,,,[交] 联运协议,,,,,0,0,,,
agreement of cross-saling,,,【商业】相互销售协议,,,,,0,0,,,
agreement of election of forum,,,协议管辖,,,,,0,0,,,
agreement of frontier railway,,,国际铁路协定,,,,,0,0,,,
agreement of imf,,,国际货币基金组织协定,,,,,0,0,,,
agreement of intent,,,向协议书,,,,,0,0,,,
agreement of international railway through freight traffic,,,国际铁路货物联 运协定,,,,,0,0,,,
agreement of international through traffic,,,国际联运协定,,,,,0,0,,,
agreement of investment protection,,,【经济学】保护投资协定,,,,,0,0,,,
agreement of mandate,,,[法] 委任契约,,,,,0,0,,,
agreement of officer,,,[法] 签约聘任的官员,,,,,0,0,,,
agreement of partnership,,,[网络] 合伙协议；夥协议；计计,,,,,0,0,,,
agreement of reimbursement,,,付协议,,,,,0,0,,,
agreement of reinsurance,,,再保险协议,,,,,0,0,,,
agreement of results,,,结果协议,,,,,0,0,,,
agreement of sale,,,[网络] 销售协议；买卖协议书；签署买卖协议书,,,,,0,0,,,
agreement of separation,,,[法] 夫妻别居的协议,,,,,0,0,,,
Agreement of the International Monetary Fund,,,国际货币基金协定,,,,,0,0,,,
Agreement of the People,,,人民公约,,,,,0,0,,,
agreement officer,,,[网络] 合约人员；合约公务员；合同公务员,,,,,0,0,,,
agreement on,,,一致意见,,,,,0,0,,,
agreement on avoidance of double taxation,,,[税收] 避免双重征税协定,,,,,0,0,,,
agreement on basic telecommunications,,,{WTO}基础电信事业协定,,,,,0,0,,,
agreement on buying option,əˈɡri:mənt ɔn ˈbaiiŋ ˈɔpʃən,, [财]优先购买权协议,,,,,0,0,,,
agreement on commerce,,,通商协定,,,,,0,0,,,
agreement on consignment,,,寄售契约,,,,,0,0,,,
agreement on cultural cooperation,,,文化合作协定,,,,,0,0,,,
agreement on economic aid,,,经济援助协定,,,,,0,0,,,
agreement on exchange guarantees,,,[经] 外汇保值协定,,,,,0,0,,,
agreement on government procurement,,,un. 政府采购协定\n[网络] 政府采购协议；之政府采购协定；已签署政府采购协定,,,,,0,0,,,
Agreement on Import License Procedures,,,进口许可证程序协定,,,,,0,0,,,
agreement on import licensing procedure,,,[贸易] 进口许可证手续协定,,,,,0,0,,,
agreement on labor protection,,,[法] 劳工保护协议,,,,,0,0,,,
agreement on licensing,,,[经] 许可证协议,,,,,0,0,,,
agreement on postal service,,,[经] 邮政协定,,,,,0,0,,,
Agreement on Preshipment Inspection,,,[网络] 装运前检验协议；装运前检验协定；装船前检验协定,,,,,0,0,,,
agreement on protection of investment,,,投资保护协定,,,,,0,0,,,
agreement on reinsurance,,,un. 分保合同\n[网络] 分保协议,,,,,0,0,,,
Agreement on Rules of Origin,,,原产地规则协定,,,,,0,0,,,
agreement on scientific and technical cooperation,,,科学技术合作协定,,,,,0,0,,,
agreement on scientific and technological cooperation,əˈɡri:mənt ɔn ˌsaiənˈtifik ænd ˌteknəˈlɔdʒɪkəl kəuˌɔpəˈreiʃən,, [法]科技协作合同,,,,,0,0,,,
agreement on technical barrier to trade,,,技术性贸易障碍协定,,,,,0,0,,,
agreement on technical barriers to trade,,,[贸易] 技术性贸易壁垒协定,,,,,0,0,,,
agreement on tele-communication,,,[经] 电信协定,,,,,0,0,,,
agreement on telecommunication service,,,un. 电信协定,,,,,0,0,,,
agreement on the exchange of commodities,,,[贸易] 易货协定,,,,,0,0,,,
agreement on the exchange of national currency notes and limitation of their exportation and importation,,,本币现钞兑换及携出入限制协定,,,,,0,0,,,
agreement price,,,协议价格,,,,,0,0,,,
agreement sterling,,,英镑支付协定,,,,,0,0,,,
agreement tariff,,,[经] 协定税则,,,,,0,0,,,
agreement to pay,,,支付协议,,,,,0,0,,,
agreement to resell,,,un. 转售协议,,,,,0,0,,,
agreement to sell,,,销售协议,,,,,0,0,,,
agreement to sell at valuation,,,评价出售的协议,,,,,0,0,,,
agreement to transfer,,,[法] 移转契约,,,,,0,0,,,
agreement upon,,,n.  有关 ... 的协定,,,,,0,0,,,
agreement with,,,与…达成的协议,,,,,0,0,,,
agreement year,,,[经] 协定年度,,,,,0,0,,,
agreements,əɡ'ri:mənts,n. the statement (oral or written) of an exchange of promises\nn. compatibility of observations\nn. harmony of people's opinions or actions or characters,n. 协定; 协定( agreement的复数形式 ); 同意; 达成协议; （性、数、人称方面与…）一致,,,,,0,0,0:agreement/1:s,,
agreemony,,,[网络] 恶毒,,,,,0,0,,,
agreer,,n. One who agrees.,相同看法的人,,,,,0,0,,,
agreers,,,[网络] 农夫,,,,,0,0,,,
agrees,əˈɡri:z,"v be in accord; be in agreement\nv consent or assent to a condition, or agree to do something\nv be compatible, similar or consistent; coincide in their characteristics\nv go together\nv show grammatical agreement\nv be agreeable or suitable\nv achieve harmony of opinion, feeling, or purpose","v. 同意, 赞同( agree的第三人称单数 ); [语法学]（在性、数、人称或格方面）一致; 相同; 和睦相处",,,,,0,0,0:agree/1:3,,
agrees to disagree,,,消除分歧，求同存异；同意各自保留不同意见,,,,,0,0,,,
agrees with,,,na. 适合；赞同；与…一致\n[网络] 与%一致,,,,,0,0,,,
agreest,,,[网络] 是否同意,,,,,0,0,,,
agreeth,,agreeth\narchaic third-person singular simple present indicative form of agree\n,,,,,,0,0,,,
agreeve,,,[网络] 同意,,,,,0,0,,,
agrega,,,[网络] 阿格雷加,,,,,0,0,,,
agregate fruit,,,聚合果;多花果,,,,,0,0,,,
agregation,,,[网络] 资格考；教师竞试；教师资格证书,,,,,0,0,s:agregations,,
agregations,,,[网络] 资格考；教师竞试；教师资格证书\n(agregation 的复数),,,,,0,0,0:agregation/1:s,,
agrege,,, 会士,,,,,0,0,,,
agreges,,,[网络] 资格；会考,,,,,0,0,,,
agregge,,,[网络] 聚集,,,,,0,0,,,
agreive,,,[网络] 大胆的,,,,,0,0,,,
agrellite,,,n. 氟硅钙钠石\n[网络] 氟矽钙钠石,,,,,0,0,,,
agrellites,,,n. 【矿物】氟硅钙钠石,,,,,0,0,,,
agrelo,,,[网络] 格列罗；阿格雷洛,,,,,0,0,,,
agrement,,,n. 同意表示,,,,,0,0,s:agrements,,
agrements,,,[网络] 装饰音,,,,,0,0,0:agrement/1:s,,
agremia,,,[医] 痛风血症,,,,,0,0,,,
agremone mexicana l.,,,蓟叶罂栗(于),,,,,0,0,,,
agremonine,,,蓟罂粟碱,,,,,0,0,,,
agren,,,[网络] 阿格伦,,,,,0,0,,,
agrentum cornu,,,[化] 角银矿,,,,,0,0,,,
Agrep,əɡ'rep,,agricultural research project(s) 农业研究工程,,,,,0,0,,,
Agres,,,阿格雷斯,,,,,0,0,0:agre/1:s,,
agresource,,,[网络] 农业资源公司；芝加哥资源有限公司,,,,,0,0,,,
agress,,,v. 攻击,,,,,0,0,,,
agression,,,[网络] 侵略,,,,,0,0,,,
agressire,,,adj. 攻击的,,,,,0,0,,,
agressive,,,[网络] 侵略性好斗的；攻击行；有点刺人,,,,,0,0,,,
agressively,,,[网络] 积极地,,,,,0,0,,,
agrest,,,[网络] 格瑞斯特；格雷斯特；阿格雷斯,,,,,0,0,,,
agrestal,əɡ'restl,,[网络] 杂草丛生的；野生的,,,,,0,0,,,
agrestals,ə'ɡrestʃəl;-təl,,adj. 农田里野生的,,,,,0,0,,,
agreste,,,n. (Agreste)人名；(意)阿格雷斯特,,,,,0,0,,,
agrested,,,[网络] ag,,,,,0,0,,,
agresti,,,n. (Agresti)人名；(意)阿格雷斯蒂,,,,,0,0,,,
agrestial,ә'^restʃәl,,a. 农田中野生的,,,,,0,0,,,
"agrestial, agrestal",ə'ɡrestʃəl;-təl,,adj. 农田里野生的,,,,,0,0,,,
agrestic,ә'grestik,s. characteristic of the fields or country\ns. (of behavior) rustic and uncouth,"a. 乡土的, 粗俗的",,,,,0,0,,,
agrestical,,,[网络] 不稳定,,,,,0,0,,,
agrestin,,,去羟雌酮,,,,,0,0,,,
Agrestina,,,[地名] 阿格雷斯蒂纳 ( 巴西 ),,,,,0,0,,,
agrestis,əɡ'restɪs,, [医]属于田地的，耕地的,,,,,0,0,s:agrestiss,,
agrestiss,,, [医]属于田地的，耕地的\n(agrestis 的复数),,,,,0,0,0:agrestis/1:s,,
agresto,,, [人名] 阿格雷斯托,,,,,0,0,,,
agresty,,,[网络] 反应迟钝,,,,,0,0,,,
agretope,,,抗原识别位,,,,,0,0,,,
agretta,,,[网络] 阿格雷塔,,,,,0,0,,,
agrevo,,,[网络] 艾格福公司；美国艾格福公司；格雷沃,,,,,0,0,,,
AGRF,,,[=American Geriatrics Research Foundation]美国老年医学研究基金会,,,,,0,0,,,
agri,,,n. 阿格里（土耳其地区）；阿勒（罗马利亚村落）,,,,,0,0,s:agri,,
agri (karak?se),,,阿里(卡拉科瑟),,,,,0,0,,,
agri dagi,,,un. 阿勒山(位于土耳其、伊朗、苏联三国交界处)\n[网络] 拉拉特,,,,,0,0,,,
Agri Decumates,,,[网络] 美特；德库玫特斯,,,,,0,0,,,
agri-,,, ——见 agro-,,,,,0,0,,,
agri-application of radio isotopes,,,放射性同位素农业应用,,,,,0,0,,,
agri-business,'ægrɪbɪznɪs,,n. 农业综合企业（包括农业设备、用品的制造、农产品的产销、制造加工等）,,,,,0,0,s:agri-businesses,,
agri-businesses,'ægrɪbɪznɪs,,n. 农业综合企业（包括农业设备、用品的制造、农产品的产销、制造加工等）,,,,,0,0,0:agri-business/1:s,,
agri-chemical,,,农用化学制品的\n用农产品制得的化学品的\n农用化学制品\n用农产品制得的化学品,,,,,0,0,s:agri-chemicals,,
agri-chemicals,,plural of agri-chemical,(agri-chemical 的复数) 农用化学制品的\n用农产品制得的化学品的\n农用化学制品\n用农产品制得的化学品,,,,,0,0,0:agri-chemical/1:s,,
agri-entertainment,,,[网络] 农业娱乐,,,,,0,0,,,
agri-environment,,,[网络] 农业环境计画；农业环保计画,,,,,0,0,s:agri-environments,,
agri-environments,,,[网络] 农业环境计画；农业环保计画\n(agri-environment 的复数),,,,,0,0,0:agri-environment/1:s,,
agri-food,,,鲜活农产品,,,,,0,0,s:agri-foods,,
agri-foods,,,[网络] 农产品,,,,,0,0,0:agri-food/1:s,,
agri-proletariat,"'æɡri,prəule'teəriət",,n. 农业无产者(与“工业无产者”相对),,,,,0,0,,,
agri-technologies industry,,,农业科技产业,,,,,0,0,,,
Agri.,,,[网络] 农业；田地；阿勒省,,,,,0,0,,,
agria,ˈægri:ə,,[地名] 阿格里亚 ( 希 ),,,,,0,0,,,
agria gramvousa i.,,,阿格里亚格朗弗沙岛,,,,,0,0,,,
Agribank,,,[网络] 越南农业银行；农村发展银行；越南农业暨农村发展银行,,,,,0,0,,,
agribaron,'æ^ribærәn,,[美]农业综合企业界巨头,,,,,0,0,,,
agribiont,,,[网络] agribion​​t,,,,,0,0,,,
agribionts,,,[网络] agribion​​ts,,,,,0,0,,,
agribiotech,,,[网络] 农业生物科技；农业生物技术公司,,,,,0,0,,,
agribiotechnology,,,[网络] 农业技术,,,,,0,0,,,
agribiz,,,[网络] 李香琴；经农,,,,,0,0,,,
Agribon,,,磺胺间二甲氧嘧啶,,,,,0,0,,,
agribusiness,'ægri.bizinis,n. a large-scale farming enterprise,n. 农业综合经营\n[经] 农产品行业,n:100,,,,36329,18875,s:agribusinesses,,
agribusiness management,,,[农经] 农业综合企业管理,,,,,0,0,,,
agribusinesses,,plural of agribusiness\nn. a large-scale farming enterprise,(agribusiness 的复数) n. 农业综合经营\n[经] 农产品行业,,,,,0,0,0:agribusiness/1:s,,
agribusinessman,'æɡri'biznismən,,"n. 大农场经营者, 农业综合经营者",,,,,0,0,s:agribusinessmen,,
agribusinessmen,,plural of agribusinessman,"(agribusinessman 的复数) n. 大农场经营者, 农业综合经营者",,,,,0,0,0:agribusinessman/1:s,,
agric,'æɡrɪk,,"abbr. agriculture 农业, 农艺, 农学",,,,,0,0,,,
agric horizon,,,耕作淀积层,,,,,0,0,,,
Agric.,,,abbr. (=agricultural)(=agriculture)\n[网络] 农用内胎；农用车胎,,,,,0,0,,,
agricere,,,土漆膜,,,,,0,0,,,
agrichar,,,[网络] 农业炭；农业碳,,,,,0,0,,,
agrichemical,ˌægrɪˈkemɪkəl,,"n. 农用化学品, 用农产品制得的化学品; 农化品",,,,,0,0,,,
agrichemicals,",æɡri'kemikəlz",,n. 农药，农业化学药品,,,,,0,0,,,
agricillin,,,农杆菌素,,,,,0,0,,,
Agrico1a,,,[地名] 阿格里科拉 ( 美 ),,,,,0,0,,,
agricola,ә'^rikәlә,n. Roman general who was governor of Britain and extended Roman rule north to the Firth of Forth (37-93),n. 阿格里科拉（德国历史学家和矿物学家）,,,,,48680,0,s:agricolas,,
"Agricola, Georgius",ə'ɡrikələ; 'dʒɔ:dʒiəs,,阿格里科拉(1494～1555，德国矿物学家、冶金学家和医生),,,,,0,0,,,
"Agricola, Gnaeus, Julius",'ni:ə,,阿格里科拉(37～93)，古罗马将领，罗马执政官(77)，不列颠总督(77～84),,,,,0,0,,,
Agricolan,,,[网络] 阿古坷拉；墨兰顿修订的雅其科拉,,,,,0,0,s:agricolans,,
agricolans,,,[网络] 阿古坷拉；墨兰顿修订的雅其科拉\n(agricolan 的复数),,,,,0,0,0:agricolan/1:s,,
agricolas,,,[网络] 农家乐,,,,,0,0,0:agricola/1:s,,
agricolation,,,[网络] 农艺,,,,,0,0,,,
agricole,,,[网络] 农业,,,,,0,0,s:agricoles,,
agricoles,,plural of agricole,(agricole 的复数) [网络] 农业,,,,,0,0,0:agricole/1:s,,
agricolist,,,[网络] 农业家,,,,,0,0,,,
agricolists,,,[网络] 农业家,,,,,0,0,,,
agricolite,"ә'^rikә,lait",,闪铋矿,,,,,0,0,,,
agricolite (eulytite),,,硅铋矿；球铋矿,,,,,0,0,,,
agricolous,,,[网络] 农家乐,,,,,0,0,,,
agricopter,",æ^ri'kɔptә",,农(业)用直升飞机,,,,,0,0,,,
agricorporation,",æɡri:,kɔ:pə'reiʃən",,n. [美国英语]农业综合公司,,,,,0,0,,,
agricuiture,,,农业,,,,,0,0,s:agricuitures,,
agricuitures,,,农业\n(agricuiture 的复数),,,,,0,0,0:agricuiture/1:s,,
agricultor,,,[网络] 农民,,,,,0,0,,,
agricultors,,,[网络] 农民,,,,,0,0,,,
agricultral climatic regionalization,,, 农业气候区划,,,,,0,0,,,
agricultrual timber,,,农业用材,,,,,0,0,,,
agricultual resource information system,,, 农业资源信息系统,,,,,0,0,,,
agricultucal bactedology,,,[医] 乳业细菌学,,,,,0,0,,,
agricultura,,,[网络] 西班牙,,,,,0,0,,,
agricultural,.ægri'kʌltʃәrәl,a. relating to or used in or promoting agriculture or farming,"a. 农业的\n[法] 农业的, 耕作的",j:100,3,,gk,2188,3104,,,
agricultural acarology,,,农业螨类学,,,,,0,0,,,
agricultural accounting,,,[经] 农业会计,,,,,0,0,,,
agricultural acreage,,,耕作亩数;耕地面积,,,,,0,0,,,
agricultural activities,,,un. 农业活动\n[网络] 农事活动,,,,,0,0,,,
agricultural activity,ˌægriˈkʌltʃərəl ækˈtiviti,, [法]农业活动,,,,,0,0,,,
agricultural adjustment,,,整顿农业,,,,,0,0,,,
agricultural adjustment act,,,农业调整法案,,,,,0,0,,,
Agricultural Adjustment Administration,,,农业调整署,,,,,0,0,,,
agricultural advertising,,,农业广告,,,,,0,0,,,
agricultural advisory centre,,,[农经] 农业咨询中心,,,,,0,0,,,
agricultural advisory office,,,[农经] 农业咨询局,,,,,0,0,,,
agricultural advisory service,,,[农经] 农业咨询服务处,,,,,0,0,,,
agricultural agent,ˌægriˈkʌltʃərəl ˈeidʒənt,,n. 农药; 农技师,,,,,0,0,s:agricultural agents,,
agricultural agents,,,农技师企业机构；农药,,,,,0,0,0:agricultural agent/1:s,,
agricultural aircraft,,,农用飞机,,,,,0,0,,,
agricultural airplane,,,农业机,,,,,0,0,,,
agricultural alcohol,ˌægriˈkʌltʃərəl ˈælkəˌhɔl,, [医]农业乙醇,,,,,0,0,,,
agricultural amelioration,,,农业土壤改良,,,,,0,0,,,
agricultural analytical instrument,,,[农] 农用分析仪器,,,,,0,0,,,
agricultural analyzer,,,农用分析仪,,,,,0,0,,,
agricultural and food research council (afrc),,,英国农业和食品研究委员会,,,,,0,0,,,
agricultural and pastoral areas,,, 农牧区,,,,,0,0,,,
agricultural and sideline products,,, 农副产品,,,,,0,0,,,
agricultural and technical college,,,农技学院,,,,,0,0,,,
agricultural animals,,,农用牲畜,,,,,0,0,,,
agricultural ant,,,[美国英语]=harvester ant,,,,,0,0,,,
agricultural anthropology,,,农业人类学,,,,,0,0,,,
agricultural antibiotic,,,家用抗菌素,,,,,0,0,,,
agricultural application,,,农业用途,,,,,0,0,,,
agricultural appropriation,ˌægriˈkʌltʃərəl əˌprəʊpri:ˈeɪʃən,, [财]农业拨款,,,,,0,0,,,
agricultural archaeology,,,[农] 农业考古学,,,,,0,0,,,
agricultural area,,,农业面积,,,,,0,0,,,
agricultural areas,,,[网络] 农区,,,,,0,0,,,
Agricultural Association,,,农协,,,,,0,0,,,
agricultural atlas,,,农业地图集,,,,,0,0,,,
agricultural automation,ˌægriˈkʌltʃərəl ˌɔ:təˈmeiʃən,, [法]农业自动化,,,,,0,0,,,
agricultural automobile,,,农用汽车,,,,,0,0,,,
agricultural aviation,,,农业航空;农用航空,,,,,0,0,,,
agricultural bacteriology,,,农业细菌学,,,,,0,0,,,
agricultural bank,,,[经] 农业银行,,,,,0,0,,,
Agricultural Bank of China,,,中国农业银行,,,,,0,0,,,
agricultural belt,,,农业环带；农业地带,,,,,0,0,,,
agricultural biochemistry,,,[农] 农业生物化学,,,,,0,0,,,
agricultural bioclimatology,,,[农] 农业生物气候学,,,,,0,0,,,
agricultural biodiversity,,,[网络] 农业生物多样性,,,,,0,0,,,
agricultural bioindicator,,,农地指示生物,,,,,0,0,,,
agricultural biology,,,农业生物学,,,,,0,0,,,
agricultural bionics,,,[农] 农业仿生学,,,,,0,0,,,
agricultural biotechnology,,,[农] 农业生物技术,,,,,0,0,,,
agricultural bookkeeping,,,农业簿记,,,,,0,0,,,
agricultural botany,,,农业植物学,,,,,0,0,,,
agricultural building,,,[农工] 农业建筑,,,,,0,0,,,
agricultural business,,,[经] 农业事务,,,,,0,0,,,
agricultural capital,ˌægriˈkʌltʃərəl ˈkæpitl,, [财]农业资本,,,,,0,0,,,
agricultural career orientation program,,,农业生涯定向计划,,,,,0,0,,,
agricultural census,,,[统计] 农业人口普查,,,,,0,0,,,
agricultural charge,,,〈英〉农业债务负担,,,,,0,0,,,
agricultural chemical,,,【材料】农业用化学制品，农药,,,,,0,0,,,
agricultural chemical occupations,,,农业化学职业,,,,,0,0,,,
agricultural chemical pesticide,,,农药,,,,,0,0,,,
agricultural chemical pollution,,,农药污染,,,,,0,0,,,
agricultural chemicals,,,[化] 农用化学品(指农药、化肥等),,,,,0,0,,,
agricultural chemicals industry,,,农业化学品工业,,,,,0,0,,,
Agricultural Chemicals Regulation Law,,,农用药剂管理条例,,,,,0,0,,,
agricultural chemistry,,,[化] 农业化学,,,,,0,0,,,
agricultural civil engineering,,,农业土木工程,,,,,0,0,,,
agricultural civilization,,,农业文明,,,,,0,0,,,
agricultural classification,,,农艺分类,,,,,0,0,,,
agricultural climatology,,,农业气候学,,,,,0,0,,,
agricultural code,,,[法] 农业法典,,,,,0,0,,,
agricultural collectivization,,,[农] 农业集体化,,,,,0,0,,,
agricultural college,,,[网络] 农学院；农业学院；农业高等专科学校,,,,,0,0,,,
agricultural commission,,,农业委员会,,,,,0,0,,,
agricultural commodity,,,[法] 农产商品,,,,,0,0,,,
agricultural commodity agreement,,,un. 农产品协定\n[网络] 农业商品协定,,,,,0,0,,,
agricultural commodity trailer,ˌægriˈkʌltʃərəl kəˈmɔditi ˈtreɪlə,, 农用挂车,,,,,0,0,,,
agricultural community,,,"农村公社,村社;农业界",,,,,0,0,,,
agricultural compensation policy,,,[网络] 农业补偿政策,,,,,0,0,,,
agricultural control,,,农业防治,,,,,0,0,,,
agricultural cooperation movement,,,[网络] 农业合作化,,,,,0,0,,,
agricultural cooperative,,,农业合作社,,,,,0,0,,,
agricultural cooperative credit society,,,农业信用合作社,,,,,0,0,,,
agricultural cooperative movement,,,农业合作化,,,,,0,0,,,
agricultural cooperative society,,,农业合作社,,,,,0,0,,,
agricultural cooperatives,,, 农业合作社,,,,,0,0,,,
agricultural country,ˌægriˈkʌltʃərəl ˈkʌntri,, [法]农业国,,,,,0,0,,,
agricultural craze,,,农业热潮,,,,,0,0,,,
agricultural credit,,,"农贷,农业信用",,,,,0,0,,,
agricultural credit act,,,[法] 农业贷款法,,,,,0,0,,,
agricultural credit bank,ˌægriˈkʌltʃərəl ˈkredit bæŋk,, [财]农业信贷银行,,,,,0,0,,,
agricultural credit cooperative,,,un. 农业信用合作社,,,,,0,0,,,
agricultural credit cooperatives,,,[网络] 农业信用合作社,,,,,0,0,,,
agricultural credit corporation,,,农业信贷公司,,,,,0,0,,,
agricultural credit institute,,,农业信用机关,,,,,0,0,,,
agricultural credit project,,,un. 农业信贷顶目\n[网络] 农业信贷项目,,,,,0,0,,,
agricultural crisis,,,农业危机,,,,,0,0,,,
agricultural crop,,, 农作物,,,,,0,0,,,
agricultural crops,,, 农作物,,,,,0,0,,,
agricultural cycle,,,[农经] 农业周期,,,,,0,0,,,
agricultural damage,,,[环境 农] 农业损害,,,,,0,0,,,
agricultural damage statistics,,,[网络] 农业灾害统计,,,,,0,0,,,
agricultural data,,,农业数据,,,,,0,0,,,
agricultural degradation,,,[土壤] 农业土壤退化,,,,,0,0,,,
agricultural density,,,[网络] 农业密度；农业人口密度,,,,,0,0,,,
agricultural development,,,农业发展,,,,,0,0,,,
agricultural development and advisory service,,,农业开发与咨询服务,,,,,0,0,,,
agricultural development programme,,,[农经] 农业发展纲要,,,,,0,0,,,
agricultural diesel oil,,,[化] 农用柴油,,,,,0,0,,,
agricultural disarmament,,,农业裁军(指废除补贴出口等保护主义农业政策),,,,,0,0,,,
agricultural disaster indemnity,ˌægriˈkʌltʃərəl diˈzɑ:stə ɪnˈdemnɪti:,, [财]农业灾害补偿,,,,,0,0,,,
agricultural disaster statistics,,,农业灾害统计,,,,,0,0,,,
agricultural disease,,,农业病,,,,,0,0,,,
agricultural disposal,,,农业(废物)处置,,,,,0,0,,,
agricultural district,,,农业地区,,,,,0,0,,,
agricultural diversification,,,农业多样化,,,,,0,0,,,
agricultural division,,,农业区划,,,,,0,0,,,
agricultural documentation,,,[农] 农业文献,,,,,0,0,,,
agricultural drain,,,农田排水,,,,,0,0,,,
agricultural drain pipe,,,农田排水管,,,,,0,0,,,
agricultural drain(pipe),,,【农业】农用排水管,,,,,0,0,,,
agricultural drainage,,,农田排水;农业排水系统,,,,,0,0,,,
agricultural duty,,,农业税,,,,,0,0,,,
agricultural dynamics,,,[农工] 农业动力学,,,,,0,0,,,
agricultural ecoengineering,,,农业生态工程,,,,,0,0,,,
agricultural ecologic economics,,,[农经] 农业生态经济学,,,,,0,0,,,
agricultural ecological geography,,,农业生态地理学,,,,,0,0,,,
agricultural ecological system,,,农业生态系,,,,,0,0,,,
agricultural ecology,,,农业生态学,,,,,0,0,,,
agricultural economic complex,,,农业经济联合体,,,,,0,0,,,
agricultural economic law,,,农业经济法,,,,,0,0,,,
agricultural economic theory,,,[农经] 农业经济理论,,,,,0,0,,,
agricultural economics,,,[经] 农业经济,,,,,0,0,,,
agricultural economics of capital construction,,,[农经] 农业基本建设经济学,,,,,0,0,,,
agricultural economist,,,[农经] 农业经济学家,,,,,0,0,,,
agricultural economy,,,农业经济,,,,,0,0,,,
agricultural ecosystem,,,农业生态系统,,,,,0,0,,,
agricultural ecosystems,,,农业生态系,,,,,0,0,,,
agricultural ecotechnique,,,农业生态技术,,,,,0,0,,,
agricultural education,,,农业教育,,,,,0,0,,,
agricultural education research,,,农业教育研究,,,,,0,0,,,
agricultural effluent,,,农业废水,,,,,0,0,,,
agricultural electrification,,,农业电气化,,,,,0,0,,,
agricultural emergencies,,,农业灾变；农业紧急事件,,,,,0,0,,,
agricultural emulsifier No.600,,,[化] 农乳600号,,,,,0,0,,,
agricultural energy use,,,[农经] 农业能源利用,,,,,0,0,,,
agricultural engine,,,[农机] 农用内燃机,,,,,0,0,,,
agricultural engineering,,,[机] 农业工程,,,,,0,0,,,
agricultural enterprise,,,[农经] 农业企业,,,,,0,0,,,
agricultural entomology,,,农业昆虫学,,,,,0,0,,,
agricultural environment,,,农业环境,,,,,0,0,,,
agricultural environment destroy,,,[环境 农] 农业环境破坏,,,,,0,0,,,
agricultural enzymology,,,[农 生化] 农业酶学,,,,,0,0,,,
agricultural equipment,,,农业机具,,,,,0,0,,,
agricultural evaluation on ground water,ˌægriˈkʌltʃərəl ɪˌvæljʊˈeɪʃən ɔn ɡraund ˈwɔ:tə,, 地下水农业评价,,,,,0,0,,,
agricultural expenditure,,,农业支出,,,,,0,0,,,
agricultural experiment,,,农业试验,,,,,0,0,,,
agricultural experiment station,,,农业试验场,,,,,0,0,,,
agricultural experimental station,,,[经] 农业试验场,,,,,0,0,,,
agricultural experimentalist,,,农业试验者,,,,,0,0,,,
agricultural export,,,[贸易] 农产品输出,,,,,0,0,,,
agricultural export crop,,,供出口的农作物,,,,,0,0,,,
agricultural exports,,,出口农产品,,,,,0,0,,,
agricultural extension,,,农业推广,,,,,0,0,,,
agricultural extension service,,,农业推广服务,,,,,0,0,,,
agricultural fabric,,,农业用布,,,,,0,0,,,
agricultural fertilizer,ˌægriˈkʌltʃərəl ˈfə:tilaizə,, [医]农业肥料,,,,,0,0,,,
agricultural film,,,[化] 农用薄膜,,,,,0,0,,,
agricultural finance,,,农业金融,,,,,0,0,,,
agricultural fire pump,,,[安全 农] 农用消防泵,,,,,0,0,,,
agricultural forest managerialics,,,[林] 农业森林管理学,,,,,0,0,,,
agricultural formulating,,,[化] 农业用品配方,,,,,0,0,,,
agricultural fundamentalism,,,农业为本论,,,,,0,0,,,
agricultural fungicides,,,农业杀虫剂,,,,,0,0,,,
agricultural gain tax,,,[法] 农业收益税,,,,,0,0,,,
agricultural genetics,,,[农] 农业遗传学,,,,,0,0,,,
agricultural geochemistry,ˌægriˈkʌltʃərəl ˌdʒi(:)əuˈkemistri,, 农业地球化学,,,,,0,0,,,
agricultural geography,,,农业地理,,,,,0,0,,,
agricultural geology,,,农业地质学,,,,,0,0,,,
agricultural geomorphology,ˌægriˈkʌltʃərəl ˌdʒi:əumɔ:ˈfɔlədʒi,, 农业地貌学,,,,,0,0,,,
agricultural goods,,,农产品,,,,,0,0,,,
agricultural grab,,,"农用挖土机抓斗,农用挖掘机",,,,,0,0,,,
agricultural hearths,,,农业发源地,,,,,0,0,,,
agricultural history,,,[农] 农业史,,,,,0,0,,,
agricultural holding,,,[法] 农业占有地,,,,,0,0,,,
agricultural hydrology,,,农业水文学,,,,,0,0,,,
agricultural implement,,,农具；铲,,,,,0,0,,,
agricultural implement and machinery,,,[机] 农业机械,,,,,0,0,,,
agricultural implements,,,农(业机)具,,,,,0,0,,,
agricultural import,,,[贸易] 农产品输入,,,,,0,0,,,
agricultural imports,,,农产品进口,,,,,0,0,,,
agricultural improvement,,,农业改良,,,,,0,0,,,
agricultural improvement station,,,农业改良场,,,,,0,0,,,
agricultural income,,,[经] 农业收益,,,,,0,0,,,
agricultural indicator,,,农地指标生物,,,,,0,0,,,
agricultural industrial commercial combines,,,[网络] 农工商联合企业,,,,,0,0,,,
agricultural industrialist,,,[网络] 经营农业的企业家,,,,,0,0,,,
agricultural industrialization,,,农业工业化,,,,,0,0,,,
agricultural industry,,,[经] 农作物工业,,,,,0,0,,,
agricultural information,,,农业新闻；农业资料,,,,,0,0,,,
agricultural information center,,,农业信息中心,,,,,0,0,,,
agricultural information on-line access,,,农业资讯线上存取,,,,,0,0,,,
agricultural information system,,,农业信息系统,,,,,0,0,,,
agricultural injury,,,农业损伤,,,,,0,0,,,
agricultural innovation,,,[农] 农业技术革新,,,,,0,0,,,
agricultural insect management,,,农业害虫的防治,,,,,0,0,,,
agricultural insecticide,,,[机] 农业杀虫剂,,,,,0,0,,,
agricultural insects,,,农业害虫,,,,,0,0,,,
agricultural institute,,,农学院,,,,,0,0,,,
agricultural insurance,,,[经] 农业保险,,,,,0,0,,,
agricultural insurance system,,,[保险] 农业保险体系,,,,,0,0,,,
agricultural int.egration,,,n. 农业一体化,,,,,0,0,,,
agricultural integration,,,[经] 农业一体化,,,,,0,0,,,
agricultural intelligent instrument,,,农用智能仪表,,,,,0,0,,,
agricultural investment,ˌægriˈkʌltʃərəl inˈvestmənt,, [财]农业投资,,,,,0,0,,,
agricultural labo(u)rer,,,[农] 农业劳动者,,,,,0,0,,,
agricultural labor,,,农业工人,,,,,0,0,,,
agricultural labor productivity,,,家庭日记帐,,,,,0,0,,,
agricultural labor productivity index,,,农业劳动生产力指数,,,,,0,0,,,
agricultural laborer,,, 农业工人,,,,,0,0,s:agricultural laborers,,
agricultural laborers,,,农业工人,,,,,0,0,0:agricultural laborer/1:s,,
agricultural labourer,,,[网络] 农业工人；农业劳动者,,,,,0,0,s:agricultural labourers,,
agricultural labourers,,,农民工,,,,,0,0,0:agricultural labourer/1:s,,
agricultural ladder,,,农业阶梯,,,,,0,0,,,
agricultural land,,,"[经] 农用地, 农业土地",,,,,0,0,,,
agricultural land productivity index,,,农业土地生产力指数,,,,,0,0,,,
agricultural land tribunal,,,[网络] 农业土地法庭,,,,,0,0,,,
agricultural lands tribunal,,,[网络] 农用土地裁判庭,,,,,0,0,,,
agricultural law,ˌægriˈkʌltʃərəl lɔ:,, 农业法令,,,,,0,0,,,
agricultural leases tribunal,,,[网络] 农业租赁法庭,,,,,0,0,,,
agricultural legislation,,,农业立法,,,,,0,0,,,
agricultural libraries,,,农业图书馆,,,,,0,0,,,
agricultural lien,,,[网络] 农业留置权,,,,,0,0,,,
agricultural liens,,,[网络] 农业担保权,,,,,0,0,,,
agricultural lime,,,[机] 农用石灰,,,,,0,0,,,
agricultural living things,,,农业生物,,,,,0,0,,,
agricultural loader,,,农用装载机,,,,,0,0,,,
agricultural loan,,,农业贷款,,,,,0,0,,,
agricultural location,,,"农业区位　, 农业区位",,,,,0,0,,,
agricultural location theory,,,农业区位论,,,,,0,0,,,
agricultural machanization,,,[经] 农业机械化,,,,,0,0,,,
agricultural machine,ˌægriˈkʌltʃərəl məˈʃi:n,, 农业机器,,,,,0,0,,,
agricultural machine repair station,,,农机修理站,,,,,0,0,,,
agricultural machinery,,,农业机械,,,,,0,0,,,
agricultural machinery and implement,,,农机具,,,,,0,0,,,
agricultural machinery and tractor station,,,农业机械与拖拉机站,,,,,0,0,,,
agricultural machinery design,,,农业机械设计,,,,,0,0,,,
agricultural machinery industry,,,农业机械制造工业,,,,,0,0,,,
agricultural machinery manufacturer,,,农机制造者,,,,,0,0,,,
agricultural machinery station,,,农(业)机(械)站,,,,,0,0,,,
agricultural machines,,, 农业机械,,,,,0,0,,,
agricultural management,,,业管理,,,,,0,0,,,
agricultural management system,,,农业经营体制,,,,,0,0,,,
agricultural managerialics,,,[农] 农业管理学,,,,,0,0,,,
agricultural map,,,农业地图,,,,,0,0,,,
agricultural marketing,,,农业品运销,,,,,0,0,,,
agricultural marketing act,,,[经] 农业市场经营法,,,,,0,0,,,
agricultural marketing service,,,农产品运销局,,,,,0,0,,,
agricultural mathemiatics,,,[农经] 农业数学,,,,,0,0,,,
agricultural means of production,ˌægriˈkʌltʃərəl mi:nz ɔv prəˈdʌkʃən,, [法]农业生产资料,,,,,0,0,,,
agricultural mechanics,,,【农业】农业机械,,,,,0,0,,,
agricultural mechanization,,,农业机械化,,,,,0,0,,,
agricultural melioration,ˌægriˈkʌltʃərəl ˌmi:ljəreiʃən,, 农业土壤改良,,,,,0,0,,,
agricultural meteorological station,,,农业气象站,,,,,0,0,,,
agricultural meteorology,,,农业气象学,,,,,0,0,,,
agricultural metrology,,,[农] 农业计量学,,,,,0,0,,,
agricultural microbiology,,,农业微生物学,,,,,0,0,,,
agricultural microcli-mate,,,农业小气候,,,,,0,0,,,
agricultural middle school,ˌæɡrɪˈkʌltʃərəl ˈmidl skul,, 农业中学,,,,,0,0,,,
agricultural miticide,,,农业杀螨剂;农用杀螨蛴,,,,,0,0,,,
agricultural modernization,,,[经] 农业现代化,,,,,0,0,,,
agricultural mortgage corporation,ˌægriˈkʌltʃərəl ˈmɔ:ɡidʒ ˌkɔ:pəˈreiʃən,, [财]农业抵押公司,,,,,0,0,,,
agricultural mutual aid,ˌægriˈkʌltʃərəl ˈmju:tʃuəl eid,, [财]农业互助保险制,,,,,0,0,,,
agricultural mutual aid insurance money,ˌægriˈkʌltʃərəl ˈmju:tʃuəl eid inˈʃuərəns ˈmʌni,, [财]农业互助保险金,,,,,0,0,,,
agricultural mycology,,,[农] 农业真菌学,,,,,0,0,,,
agricultural natural resource,ˌæɡrɪˈkʌltʃərəl ˈnætʃərəl ˈriˌsɔrs,, 农业自然资源,,,,,0,0,,,
agricultural nonfood product,,,un. 非粮食农作物\n[网络] 非粮食农产品,,,,,0,0,,,
agricultural nonpoint source pollution,,,农业非点源污染,,,,,0,0,,,
agricultural occupation,,,[农] 农业职业,,,,,0,0,,,
agricultural occupational dermatitis,,,农业职业性皮肤病,,,,,0,0,,,
agricultural occupational dermatoses,,,农业职业性皮肤病,,,,,0,0,,,
agricultural options,,,农业选择权,,,,,0,0,,,
agricultural output,ˌæɡrɪˈkʌltʃərəl ˈaʊtˌpʊt,, 农业产出；农产品产量,,,,,0,0,,,
agricultural output value,,,农业生产值,,,,,0,0,,,
agricultural paper,,,[经] 农业票据,,,,,0,0,,,
agricultural parasite,,,农业寄生虫,,,,,0,0,,,
agricultural parity index,,,农产品平价指数,,,,,0,0,,,
agricultural parity price,ˌægriˈkʌltʃərəl ˈpærɪti: prais,, [财]农产品平价,,,,,0,0,,,
agricultural parity prices,,,[经] 农产品的平准价格,,,,,0,0,,,
agricultural parity ratio,,,[农经] 农业平价率,,,,,0,0,,,
agricultural pastoral area,,,半农草牧区,,,,,0,0,,,
agricultural pastures,,,农业放牧,,,,,0,0,,,
agricultural pathology,,,[植保] 农业病理学,,,,,0,0,,,
agricultural pattern,,,农业布局,,,,,0,0,,,
agricultural performance,,,农业绩效,,,,,0,0,,,
agricultural pest,,,农业病虫害,,,,,0,0,,,
agricultural pesticide,,,[化] 农药,,,,,0,0,,,
agricultural petty bourgeoisie,ˌæɡrɪˈkʌltʃərəl ˈpɛti ˌbʊrʒwɑˈzi,, 农民小资产者,,,,,0,0,,,
agricultural pharmaceutics,,,[农药] 农业制药学,,,,,0,0,,,
agricultural pharmacology,,,[农药] 农药学,,,,,0,0,,,
agricultural photography,,,[摄] 农业摄影学,,,,,0,0,,,
agricultural physics,,,农业物理学,,,,,0,0,,,
agricultural plan,,,农业计划,,,,,0,0,,,
agricultural planning,,,农业规划,,,,,0,0,,,
agricultural ply steel,,,[机] 农业层合钢,,,,,0,0,,,
agricultural poison,,,农业毒物,,,,,0,0,,,
agricultural policy,,,农业政策,,,,,0,0,,,
agricultural pollutant,,,农业污染物,,,,,0,0,,,
agricultural pollution,,,农业污染,,,,,0,0,,,
agricultural pollution control engineering,,,[环境 农] 农业污染控制工程,,,,,0,0,,,
agricultural pollution source,,,农业污染源,,,,,0,0,,,
agricultural pollution sources,,,农业污染源,,,,,0,0,,,
agricultural pollution treatment,,,农业污染处理,,,,,0,0,,,
agricultural population,,,[法] 农业人口,,,,,0,0,,,
agricultural potential productivity,,,农业生产潜力,,,,,0,0,,,
agricultural practice,,,农业技术措施,,,,,0,0,,,
agricultural practices,,,un. 耕作方法\n[网络] 农业方式；农业惯例；农业体例,,,,,0,0,,,
agricultural prices at farm gate,,,农产品产地价格,,,,,0,0,,,
agricultural pricing policy,,,[法] 农业价格政策,,,,,0,0,,,
agricultural primary commodity,,,un. 初级农产商品,,,,,0,0,,,
agricultural problem,,,农业问题,,,,,0,0,,,
agricultural problems,,,农业问题,,,,,0,0,,,
agricultural process engineering,,,[农经] 农产品加工工程,,,,,0,0,,,
agricultural processing waste,,,农业加工废物,,,,,0,0,,,
agricultural produce,,,农产品,,,,,0,0,,,
agricultural producer's cooperative,,,[农经] 农业生产合作社,,,,,0,0,,,
agricultural producers' cooperative,,, [法]农业生产合作社,,,,,0,0,,,
agricultural produces cooperations,,,[经] 农业生产合作社,,,,,0,0,,,
agricultural product,ˌægriˈkʌltʃərəl ˈprɔdʌkt,, 农产品,,,,,0,0,,,
agricultural product price,ˌægriˈkʌltʃərəl ˈprɔdʌkt prais,, [财]农产品价格,,,,,0,0,,,
agricultural product processing,,,农产品加工,,,,,0,0,,,
agricultural production,,,农业生产,,,,,0,0,,,
agricultural production efficiency,,,农业生产效率,,,,,0,0,,,
agricultural production function,,,[农经] 农业生产函数,,,,,0,0,,,
agricultural production index,,,[经] 农业生产指数,,,,,0,0,,,
agricultural production mutual-aid team,,,[网络] 农业生；农业生产互助组,,,,,0,0,,,
agricultural production mutual-aid term,,,[农经] 农业生产互助组,,,,,0,0,,,
agricultural production policy,,,[农经] 农业生产政策,,,,,0,0,,,
agricultural production potential,,,[农经] 农业生产潜力,,,,,0,0,,,
agricultural production responsibility system,,,[农经] 农业生产责任制,,,,,0,0,,,
agricultural production statistics,,,农业生产统计,,,,,0,0,,,
agricultural productive society,,,农业生产合作社,,,,,0,0,,,
agricultural productivity,,, 农业生产率; 农业生产力,,,,,0,0,,,
agricultural products,,,[经] 农产品,,,,,0,0,,,
agricultural products insurance,,, [财]农产品保险,,,,,0,0,,,
agricultural products market,,,农产品市场,,,,,0,0,,,
agricultural products processing,,,农产品加工,,,,,0,0,,,
agricultural profit,,,农业利润,,,,,0,0,,,
agricultural program,,,农业计划,,,,,0,0,,,
agricultural projects,,,农业规划,,,,,0,0,,,
agricultural proletarian,,,农业无产阶级,,,,,0,0,,,
agricultural proletariat,,,[网络] 农业无产阶级,,,,,0,0,,,
agricultural propective duty,,,[税收] 农业保护关税,,,,,0,0,,,
agricultural protection forest,,,[林] 农田防护林,,,,,0,0,,,
agricultural protectionism,,,[经] 农业保护主义,,,,,0,0,,,
agricultural protective duty,,,un. 农业保护关税,,,,,0,0,,,
agricultural psychology,,,[心理] 农业心理学,,,,,0,0,,,
agricultural pump,,,[农机] 农用泵,,,,,0,0,,,
agricultural radiobiology,,,[农] 农业放射生物学,,,,,0,0,,,
agricultural raw material,ˌægriˈkʌltʃərəl rɔ: məˈtiəriəl,, [法]农业原料,,,,,0,0,,,
agricultural rear-tipping trailer,,,后卸农用挂车,,,,,0,0,,,
agricultural reform,,,农业改革,,,,,0,0,,,
agricultural region,,,农业区,,,,,0,0,,,
agricultural regionalization,,,农业区划,,,,,0,0,,,
agricultural rehabilitation,,,农业复兴,,,,,0,0,,,
agricultural relief,ˌægriˈkʌltʃərəl riˈli:f,, 农业地貌,,,,,0,0,,,
agricultural remote sensing,,,农业遥感,,,,,0,0,,,
agricultural reproduction,,,农业再生产,,,,,0,0,,,
agricultural research,,,农业调查[研究],,,,,0,0,,,
agricultural research council,,,农产品销售管理局,,,,,0,0,,,
agricultural research institute,,,"农业研究所，农业试验所, 农业试验所，农业研究所",,,,,0,0,,,
agricultural research project,,,农业研究课题,,,,,0,0,,,
agricultural research projects,,,农业研究计划,,,,,0,0,,,
agricultural residue,,,农业残余物,,,,,0,0,,,
agricultural resource,ˌægriˈkʌltʃərəl riˈsɔ:s,, 农业资源,,,,,0,0,,,
agricultural resource evaluation,ˌægriˈkʌltʃərəl riˈsɔ:s ɪˌvæljʊˈeɪʃən,, 农业资源评价,,,,,0,0,,,
agricultural resource monitor,ˌægriˈkʌltʃərəl riˈsɔ:s ˈmɔnitə,, 农业资源监测,,,,,0,0,,,
agricultural resources,,,农业资源,,,,,0,0,,,
agricultural revolution,,,un. 农业革命\n[网络] 第一次农业革命,,,,,0,0,,,
agricultural rheology,,,农业流变学,,,,,0,0,,,
agricultural ritual dances,,,农耕礼仪舞蹈,,,,,0,0,,,
agricultural robot,,,农业机器人,,,,,0,0,,,
agricultural rraw material,,,[法] 农业原料,,,,,0,0,,,
agricultural run-off,,,[网络] 农业径流,,,,,0,0,,,
agricultural safety,,,农业安全,,,,,0,0,,,
agricultural sale society,,,农业销售合作社,,,,,0,0,,,
agricultural salt,,,[化] 农用盐,,,,,0,0,,,
agricultural science,,,农业科学,,,,,0,0,,,
agricultural season,,,农作季节,,,,,0,0,,,
agricultural seasons,,,农作季[节],,,,,0,0,,,
agricultural sector,,,[网络] 农业；农业情况；农业部门,,,,,0,0,,,
agricultural semi-mechanization,,,农业半机械化,,,,,0,0,,,
agricultural service center,,,农业服务中心,,,,,0,0,,,
agricultural service transformer,,,农业用变压器,,,,,0,0,,,
agricultural settlement,,, [农] 农垦,,,,,0,0,,,
agricultural shot,,,[网络] 农业射击,,,,,0,0,,,
agricultural show,,,农业展览,,,,,0,0,,,
agricultural side-tipping trailer,,,侧卸农用挂车,,,,,0,0,,,
agricultural society,,,农业学会，农民团体（美国早期农民组织）,,,,,0,0,,,
agricultural sociology,,,[社科] 农业社会学,,,,,0,0,,,
agricultural soil,,,耕种土壤,,,,,0,0,,,
agricultural soil moisture characteristics,,,农业土壤水分特 性,,,,,0,0,,,
agricultural specialist,,,农业专家,,,,,0,0,,,
agricultural specialization region,,,[经] 农业专业化区,,,,,0,0,,,
agricultural statistics,,,农业统计,,,,,0,0,,,
agricultural status survey,,,农情调查,,,,,0,0,,,
agricultural steel,,,[网络] 农具钢,,,,,0,0,,,
agricultural structure,,,农业建筑,,,,,0,0,,,
agricultural subsidies,,,农业补贴,,,,,0,0,,,
agricultural sulphur,,,农用粗硫粉,,,,,0,0,,,
agricultural support,,,农产品价格支持,,,,,0,0,,,
agricultural support institution,,,un. 支农机构,,,,,0,0,,,
agricultural support policy,,,农产品价格支持政策,,,,,0,0,,,
agricultural support service,,,un. 农业支助服务,,,,,0,0,,,
agricultural surplus,,,[法] 剩余农产品,,,,,0,0,,,
agricultural surtax,,,农业附加税,,,,,0,0,,,
agricultural survey,,,农业调查,,,,,0,0,,,
agricultural system,,,农业系统,,,,,0,0,,,
agricultural system engineering,,,农业系统工程,,,,,0,0,,,
agricultural system model,,,农业系统模型,,,,,0,0,,,
agricultural systems,,,农业系统?,,,,,0,0,,,
agricultural systems engineering,,,农业系统工程学,,,,,0,0,,,
agricultural tariff,,,农业电价,,,,,0,0,,,
agricultural tax,,,[法] 农业税,,,,,0,0,,,
agricultural tax policy,,,[税收] 农业税政策,,,,,0,0,,,
agricultural tax system,,,[税收] 农业税制度,,,,,0,0,,,
agricultural technical cooperation,,,农业技术合作,,,,,0,0,,,
agricultural technician,,,农业技术人员,,,,,0,0,,,
agricultural technique,,,农业技术,,,,,0,0,,,
agricultural technique level,,,[农] 农业技术水平,,,,,0,0,,,
agricultural technique measures,,,[农] 农业技术措施,,,,,0,0,,,
agricultural technology,,,"农艺,农业技术",,,,,0,0,,,
agricultural tenancy law,,,佃农法,,,,,0,0,,,
agricultural test,,,农业试验,,,,,0,0,,,
agricultural threshold temperature,,,农业界限温度,,,,,0,0,,,
agricultural timber,,,农用木材,,,,,0,0,,,
agricultural tire,,,农用轮胎,,,,,0,0,,,
agricultural tools and equipment,,,农业机具和设备,,,,,0,0,,,
agricultural tools shed,,,农具棚,,,,,0,0,,,
agricultural town,,,农业村镇,,,,,0,0,,,
agricultural traction engine,,,"农业拖拉机,农用牵引发动机",,,,,0,0,,,
agricultural tractor,,,[机] 农用曳引车,,,,,0,0,,,
agricultural trade,,,农业贸易,,,,,0,0,,,
agricultural trade balance,,,农产贸易平衡,,,,,0,0,,,
Agricultural Trade Development and Assistance Act,,,农产品贸易发展与援助法,,,,,0,0,,,
agricultural transformation,,,农业转型,,,,,0,0,,,
agricultural truck,,,农用运输汽车,,,,,0,0,,,
agricultural typology,,,[农] 农业类型学,,,,,0,0,,,
agricultural tyre,ˌægriˈkʌltʃərəl ˈtaiə,,n. 农业轮胎,,,,,0,0,,,
agricultural undertaking,,,农业企业,,,,,0,0,,,
agricultural unit of account,,,农业记账单位,,,,,0,0,,,
agricultural university,ˌæɡrɪˈkʌltʃərəl ˌjunɪˈvɜrsəti,, 农业大学,,,,,0,0,,,
agricultural use,,,农业利用;农用,,,,,0,0,,,
agricultural varnish,,,农业用清漆,,,,,0,0,,,
agricultural vegetation index,ˌægriˈkʌltʃərəl ˌvedʒiˈteiʃən ˈindeks,, 农业植被指数,,,,,0,0,,,
agricultural vessel,,,农用船,,,,,0,0,,,
agricultural vocation,,,[农] 农务,,,,,0,0,,,
agricultural wages board,,,英农业工人工资管理局,,,,,0,0,,,
agricultural warehouse,,,农业仓库,,,,,0,0,,,
agricultural waste,ˌægriˈkʌltʃərəl weist,,n. 农业废料; 农业废渣,,,,,0,0,,,
agricultural waste management,,,农业废弃物管理,,,,,0,0,,,
agricultural waste treatment,,,农业废弃物处理,,,,,0,0,,,
agricultural waste water,,,农业废水,,,,,0,0,,,
agricultural wastes,,,农业废物;农业剩余物,,,,,0,0,,,
agricultural water,,,业用水,,,,,0,0,,,
agricultural watershed,,,农业流域;农业集水区,,,,,0,0,,,
agricultural weather forecast,,,农业天气预报,,,,,0,0,,,
agricultural weather forecast in time,,,及时农业天气预报,,,,,0,0,,,
agricultural work,,,un. 农业劳动\n[网络] 农业工作,,,,,0,0,,,
agricultural worker,,,农业工人,,,,,0,0,,,
agricultural workers,,, 农业工人,,,,,0,0,,,
agricultural year,,,[农] 农业年度,,,,,0,0,,,
agricultural yield forecast system,,,农业产量预测系 统,,,,,0,0,,,
agricultural zone,,,农业地带,,,,,0,0,,,
agricultural zoning,,,农业分区,,,,,0,0,,,
agricultural zoology,,,[农] 农业动物学,,,,,0,0,,,
agricultural-based,,,[网络] 重农的,,,,,0,0,,,
agricultural-botanies,,,[网络] 农业植物学\n(agricultural-botany 的复数),,,,,0,0,0:agricultural-botany/1:s,,
agricultural-botany,,,[网络] 农业植物学,,,,,0,0,s:agricultural-botanies,,
agricultural-commodity,,,un. 农产商品\n[网络] 农产品；农产品评估,,,,,0,0,,,
agricultural-industrial,,,[网络] 农业工业,,,,,0,0,,,
agricultural-livestock,,,[网络] 农畜,,,,,0,0,,,
agricultural-technology,,,[网络] 农业技术；农业科技；农业技术学,,,,,0,0,,,
agricultural-tractor,,,农用拖拉机,,,,,0,0,,,
agriculturalise,,,[网络] 农业,,,,,0,0,,,
agriculturalism,,,[网络] 农家,,,,,0,0,,,
agriculturalist,",æ^ri'kʌltʃərәlist",n someone concerned with the science or art or business of cultivating the soil,n. 农学家,n:100,,,,33387,27921,s:agriculturalists,,
agriculturalists,",æɡrɪ'kʌltʃərəlɪst",n. someone concerned with the science or art or business of cultivating the soil,n. 农学家（等于agriculturist）,,,,,0,0,0:agriculturalist/1:s,,
agriculturalization,,,[网络] 农业化,,,,,0,0,,,
agriculturalize,,,[网络] 农业化,,,,,0,0,,,
agriculturalized,,,[网络] 农业化,,,,,0,0,,,
agriculturalizes,,,[网络] 农业化,,,,,0,0,,,
agriculturalizing,,,[网络] 农业化,,,,,0,0,,,
agriculturally,,,adv. 农业地,,,,,48105,0,,,
agriculture,'ægrikʌltʃә,n. the class of people engaged in growing food,"n. 农业\n[机] 农业, 农学",n:100,3,,gk cet4 cet6 ky toefl ielts,2274,4165,s:agricultures,,
Agriculture Act,,,农业法,,,,,0,0,,,
Agriculture Adjustment Act,,,农业调整法,,,,,0,0,,,
agriculture aid funds,,,补农资金,,,,,0,0,,,
agriculture aircraft,ˈæɡrɪˌkʌltʃɚ ˈɛrˌkræft,, 农业飞机,,,,,0,0,,,
agriculture and forestry,ˈæɡrɪˌkʌltʃɚ ənd ˈfɔrɪstri,, 农林,,,,,0,0,,,
agriculture backwater pollution,,,[环境 农] 农业回流水污染,,,,,0,0,,,
agriculture bank of china,,,[网络] 中国农业银行；中国工商银行；的中国农业银行,,,,,0,0,,,
agriculture bookkeeping,,,un. 农业薄记,,,,,0,0,,,
agriculture census,,,农业普查,,,,,0,0,,,
agriculture chemicals,,,un. 农药\n[网络] 农乐；农用化学品,,,,,0,0,,,
Agriculture Department,,,[网络] 农业部；美国农业部；农业厅,,,,,0,0,s:agriculture departments,,
agriculture departments,,,[网络] 农业部；美国农业部；农业厅\n(agriculture department 的复数),,,,,0,0,0:agriculture department/1:s,,
agriculture ecosystem,,,农业生态系统,,,,,0,0,,,
agriculture enterprization,,,农业企业化,,,,,0,0,,,
agriculture environmental monitoring,,,农业环境监测,,,,,0,0,,,
agriculture environmental protection,,,农业环境保护,,,,,0,0,,,
agriculture extension,,,农业推广,,,,,0,0,,,
agriculture fair,,,[农经] 农业集市,,,,,0,0,,,
agriculture fairs,,,农业集市,,,,,0,0,,,
agriculture in Indian,,,印度农业,,,,,0,0,,,
agriculture in transition,,,转变中的农业,,,,,0,0,,,
agriculture industry,,,[网络] 农业加工业；农业产业,,,,,0,0,,,
agriculture industry program,,,农工计划,,,,,0,0,,,
agriculture location model,,,农业区位模式,,,,,0,0,,,
agriculture mechanization,,,农业机械化,,,,,0,0,,,
agriculture paper,,,un. 农业票据,,,,,0,0,,,
agriculture pollutants,,,农业污染物,,,,,0,0,,,
agriculture pollution,,,[网络] 农业污染,,,,,0,0,,,
agriculture population,,,农业人口,,,,,0,0,,,
agriculture practice,,,农业实践,,,,,0,0,,,
agriculture radio station,,,{美国}农业电台,,,,,0,0,,,
agriculture sampling,,,[农] 农业抽样,,,,,0,0,,,
agriculture science,,,[农] 农业科学,,,,,0,0,,,
agriculture secretaries,,,[网络] 农业部长；农业秘书\n(agriculture secretary 的复数),,,,,0,0,0:agriculture secretary/1:s,,
Agriculture Secretary,,,[网络] 农业部长；农业秘书,,,,,0,0,s:agriculture secretaries,,
agriculture sector,,,农业部门,,,,,0,0,,,
agriculture soil,,,农业土壤,,,,,0,0,,,
agriculture specialization,,,农业专业化,,,,,0,0,,,
agriculture tax,,,农业税,,,,,0,0,,,
agriculture waste,,,农业废物,,,,,0,0,,,
agriculture water supply,,,[农工] 农田供水,,,,,0,0,,,
agriculture-based,,,农本,,,,,0,0,,,
agriculture-dependent,,,[网络] 农业依赖,,,,,0,0,,,
agriculture-industrial complex,,,[农经] 农工联合企业,,,,,0,0,,,
agriculture-related,,,[网络] 农业相关,,,,,0,0,,,
agriculturer,,,[网络] 农业,,,,,0,0,,,
agriculturers,,,[网络] 农民,,,,,0,0,,,
agricultures,,,"农业( agriculture的名词复数 )；农学, 农艺",,,,,0,0,0:agriculture/1:s,,
agriculturise,,,[网络] 农业,,,,,0,0,,,
agriculturism,,,[网络] 农业,,,,,0,0,,,
agriculturist,",æ^ri'kʌltʃәrist",n. someone concerned with the science or art or business of cultivating the soil,n. 农学家,n:100,,,,46734,37308,s:agriculturists,,
agriculturists,,plural of agriculturist\nn. someone concerned with the science or art or business of cultivating the soil,(agriculturist 的复数) n. 农学家,,,,,0,0,0:agriculturist/1:s,,
agriculturize,,,[网络] 农业化,,,,,0,0,,,
Agridio,,,[地名] 阿格里季奥 ( 希 ),,,,,0,0,,,
agrief,,,[网络] 悲伤,,,,,0,0,,,
agrieve,ə'gri:v,,v. 令委屈,,,,,0,0,,,
agrifood,,,[网络] 农产品管理；农业食品；南非农业食品展,,,,,0,0,,,
agrifoods,,,[网络] 农产品,,,,,0,0,,,
agrifoodstuff,,,[网络] 农产品,,,,,0,0,,,
agrifoodstuffs,,,[网络] 农产品,,,,,0,0,,,
agriforest,,,[网络] 叙词表,,,,,0,0,,,
agrigan i.,,,亚格里干岛,,,,,0,0,,,
agrigenetics,",æɡridʒi'netiks",,n. [动词用单数]农业基因学，农业遗传学(用生物工程技术进行的植物育种研究),,,,,0,0,,,
Agrigento,",ɑ:ɡri'dʒentəu; æɡ-",n. a town in Italy in southwestern Sicily near the coast; the site of six Greek temples,n. 阿格里真托（意大利西西里岛西南海岸城市）,,,,,0,0,s:agrigentoes,,
agrigento (acragas),,,亚格里琴托(阿克拉加斯),,,,,0,0,,,
"Agrigento, Prov.di",,,[地名] 阿格里真托省 ( 意 ),,,,,0,0,,,
agrigentoes,",ɑ:ɡri'dʒentəu; æɡ-",,阿格里真托(意大利西西里岛西南海岸城市，旧称 Girgenti),,,,,0,0,0:agrigento/1:s,,
agrigentum,,,[机] 西西里产石油,,,,,0,0,,,
Agrihan,,,[地名] 阿格里汉岛 ( 北马 ),,,,,0,0,,,
agrihan i.,,,亚格里罕岛,,,,,0,0,,,
Agrij,,,阿格利吉河,,,,,0,0,,,
Agrilia,,,[地名] 阿格里利亚 ( 希 ),,,,,0,0,,,
agrilife,,,[网络] 格美,,,,,0,0,,,
agrill,,,[网络] 。,,,,,0,0,,,
agrille,,,[网络] 农场,,,,,0,0,,,
agrilus acastus,,,大林瘦吉丁虫?,,,,,0,0,,,
Agrilus auriventris,,,[植保] 柑橘爆皮虫,,,,,0,0,,,
agrilus auroapicalis,,,黄尾瘦吉丁虫,,,,,0,0,,,
agrilus auropictus,,,黄纹瘦吉丁虫,,,,,0,0,,,
agrilus decoloratus alazon,,,六星瘦吉丁虫?,,,,,0,0,,,
agrilus discalis,,,菱斑瘦吉丁虫,,,,,0,0,,,
agrilus formosanus,,,福尔摩沙瘦吉丁虫,,,,,0,0,,,
agrilus insulicola,,,岛屿瘦吉丁虫,,,,,0,0,,,
Agrilus mali,,,[植保] 苹果小吉丁,,,,,0,0,,,
agrilus niisatoi,,,新里氏瘦吉丁虫,,,,,0,0,,,
agrilus obscurecinctus,,,双星绿瘦吉丁虫,,,,,0,0,,,
agrilus okinawensis shiozakii,,,琉球瘦吉丁虫,,,,,0,0,,,
agrilus priamus,,,绿瘦吉丁虫,,,,,0,0,,,
agrilus radiolus,,,港口瘦吉丁虫,,,,,0,0,,,
agrilus satoi,,,佐藤氏瘦吉丁虫,,,,,0,0,,,
agrilus senohi,,,妹尾氏瘦吉丁虫,,,,,0,0,,,
agrilus subrobustus,,,合欢瘦吉丁虫,,,,,0,0,,,
agrilus taiwanensis,,,台湾瘦吉丁虫,,,,,0,0,,,
agrilus undulatipennis,,,云纹瘦吉丁虫,,,,,0,0,,,
agrilus viduus,,,虹彩瘦吉丁虫,,,,,0,0,,,
agrilus yamawakii,,,小黑瘦吉丁虫,,,,,0,0,,,
agrim,,,[网络] 香格里拉,,,,,0,0,,,
agrimation,æɡri'meiʃən,,n. 农业自动化,,,,,0,0,,,
agrime,,,[网络] 农业,,,,,0,0,,,
agrimensor,,,[网络] 土地测量人,,,,,0,0,,,
agrimensors,,,[网络] agrimensores,,,,,0,0,,,
agrimi,,,阿格里米,,,,,0,0,,,
agrimol,,,"仙鹤草酚,鹤草酚,龙牙草酚",,,,,0,0,,,
agrimolide,,,"仙鹤草内酯,龙牙草内酯",,,,,0,0,,,
agrimonia,,,[网络] 龙牙草属；龙芽草属；芽属,,,,,0,0,s:agrimonias,,
Agrimonia coreana,,,n. 托叶龙芽草,,,,,0,0,,,
Agrimonia eupatoria,,,[网络] 龙牙草；龙芽草；仙鹤草,,,,,0,0,s:agrimonia eupatorias,,
agrimonia eupatoria l.var.pilosa mak.,,,龙牙草(救荒)(图考)(Br.);瓜香草(救荒);仙鹤草(中药志);黄龙尾(滇南),,,,,0,0,,,
agrimonia eupatorias,,,[网络] 龙牙草；龙芽草；仙鹤草\n(agrimonia eupatoria 的复数),,,,,0,0,0:agrimonia eupatoria/1:s,,
Agrimonia pilosa,,,龙牙草,,,,,0,0,,,
Agrimonia pilosa japonica,,,龙牙草,,,,,0,0,,,
Agrimonia procera,,,[网络] 农草原,,,,,0,0,s:agrimonia proceras,,
agrimonia proceras,,,[网络] 农草原\n(agrimonia procera 的复数),,,,,0,0,0:agrimonia procera/1:s,,
Agrimonia Tourn. ex L.,,,"[医] 龙牙草属, 仙鹤草属",,,,,0,0,,,
Agrimonia viscidula,,,[网络] 仙鹤草,,,,,0,0,,,
agrimoniae herba,,,仙鹤草,,,,,0,0,,,
agrimonias,,,[网络] 龙牙草属；龙芽草属；芽属\n(agrimonia 的复数),,,,,0,0,0:agrimonia/1:s,,
agrimonies,ˈæɡriməniz,,n. 龙牙草，仙鹤草，大麻叶泽兰( agrimony的名词复数 ),,,,,0,0,0:agrimony/1:s,,
agrimoniin,,,[网络] 仙鹤草素；全株含仙鹤草素,,,,,0,0,,,
agrimonin,,,"仙鹤草素,龙牙草素",,,,,0,0,,,
agrimonin(e),,,仙鹤草素,,,,,0,0,,,
agrimonine,,,"[化] 仙鹤草素; 仙鹤草色素\n[医] 龙牙草素, 仙鹤草素",,,,,0,0,,,
agrimonol,,,仙鹤草醇,,,,,0,0,,,
agrimonolide,,,仙鹤草内酯,,,,,0,0,,,
agrimony,'ægrimәni,n a plant of the genus Agrimonia having spikelike clusters of small yellow flowers,n. 龙芽草\n[医] 龙牙草,,,,,0,0,s:agrimonies,,
Agrimopho,,,鹤草酚,,,,,0,0,,,
agrimophol,,,仙鹤草酚; 鹤草酚,,,,,0,0,,,
agrimotor,'ægrimәutә,,n. 农用拖拉机,,,,,0,0,,,
agrimycin,,,[化] 田霉素(即农霉素),,,,,0,0,,,
agrin,ә'^rin,adv. & a. In the act of grinning.,a. 微笑的\nadv. 微笑地,,,,,0,0,,,
agrinierite,,,n. 钾钙锶铀矿；橙水铀矿,,,,,0,0,,,
Agrinio,,,[网络] 希腊；阿格里尼昂；阿格里尼翁天气预报,,,,,0,0,,,
Agrinion,,,[网络] 阿格里尼翁；阿格林永；阿根尼,,,,,0,0,,,
agrinion (agrinio),,,阿格林永,,,,,0,0,,,
agrins,ə'ɡrɪn,,adj. [一般作表语]\nadv. 露齿而笑的(地)；咧嘴笑着(的)；龇牙咧嘴(的),,,,,0,0,,,
agrio,,,[网络] 阿格里奥；野生,,,,,0,0,,,
agrio r.,,,阿格里奥河,,,,,0,0,,,
Agriocharis ocellata,,,[网络] 眼斑吐绶鸡；野鸟,,,,,0,0,s:agriocharis ocellatas,,
agriocharis ocellatas,,,[网络] 眼斑吐绶鸡；野鸟\n(agriocharis ocellata 的复数),,,,,0,0,0:agriocharis ocellata/1:s,,
Agriochoeridae,",æɡriəu'ki:rədi:",,n. 【古生物】郊猪科,,,,,0,0,,,
Agriochoerus,,,郊豕（属）,,,,,0,0,,,
agriocnemis femina oryzae,,,白粉细蟌,,,,,0,0,,,
agriocnemis pygmaea,,,橙尾细蟌,,,,,0,0,,,
agriocrithon,,,[网络] 野生六棱大麦；野生多棱大麦,,,,,0,0,,,
agrioecology,",æɡriəui'kɔlədʒi",,n. 农业生态学(即栽培植物生态学)(= agroecology),,,,,0,0,,,
agrioglypta itysalis,,,美东花蓟马,,,,,0,0,,,
agriolimacid,,,[网络] 农杆菌酸,,,,,0,0,,,
agriolimacids,,,[网络] 农杆菌酸,,,,,0,0,,,
Agriolimax,,,野蛞蝓属,,,,,0,0,,,
agriological,əɡr'ɪɒlɒdʒɪkl,,adj. 无文字民族地风俗研究的; 原始人地风俗研究的,,,,,0,0,,,
agriologist,,,[网络] 农业学家,,,,,0,0,,,
agriologists,,,[网络] 农业学家,,,,,0,0,,,
agriology,",æ^ri'ɔlәdʒi",n. Description or comparative study of the customs of\n   savage or uncivilized tribes.,n. 原始人类学\na. 原始人类学的,,,,,0,0,,,
agrion,,,[网络] 豆娘；色偬属；阿格里翁,,,,,0,0,s:agrions,,
Agrionia,,,[网络] 阿格里奥尼亚节,,,,,0,0,,,
Agrionidae,",æɡriəu'naidi:",,n. 【昆虫】色𪨂科,,,,,0,0,,,
agrionoptera insignis similis,,,八仙蜻蜓,,,,,0,0,,,
agrions,,,[网络] 种子,,,,,0,0,0:agrion/1:s,,
Agriope,"ə'ɡraiə,pi:",,n. 【希腊神话】= Eurydice,,,,,0,0,,,
Agriophyllum,,,n. 沙蓬属,,,,,0,0,,,
Agriophyllum arenarium,,,[网络] 沙蓬；沙米；流动沙丘上生长沙米,,,,,0,0,,,
agriophyllum arenarium bieb.,,,沙蓬(Br.)(藜科),,,,,0,0,,,
Agriophyllum lateriflorum,,,n. 侧花沙蓬,,,,,0,0,,,
Agriophyllum minus,,,n. 小沙蓬,,,,,0,0,,,
Agriophyllum pungens,,,[网络] 沙蓬；植物沙米,,,,,0,0,,,
Agriophyllum squarrosum,,,n. 沙蓬,,,,,0,0,,,
agriopis dira,,,双峰褐冬尺蛾,,,,,0,0,,,
agriopsoria,,,[医] 顽痒,,,,,0,0,,,
agriostomum,,,n. 旷口属,,,,,0,0,s:agriostomums,,
agriostomums,,,n. 旷口属\n(agriostomum 的复数),,,,,0,0,0:agriostomum/1:s,,
agriot,,,[网络] 爱国者,,,,,0,0,,,
agriotes fussicollis,,,[网络] 细胸叩头虫,,,,,0,0,,,
agriothymia,",æ^riәu'θimiә",,"狂乱, 狂怒",,,,,0,0,,,
agriotype,,,[网络] 野生型；野生类型,,,,,0,0,,,
agriotypes,,,[网络] 农业类型,,,,,0,0,,,
Agriovotano,,,阿格里欧弗塔诺,,,,,0,0,,,
agrip,,,[网络] 世界农业原料价格指数；网格智能平台；智能网格代理平台,,,,,0,0,,,
Agripina,,,n. 【女名】女子名\n[网络] 亚格丽皮那,,,,,0,0,,,
agriplast,'æ^riplɑ:st,,农用塑料,,,,,0,0,,,
agripower,"'æ^ri,pajә(r)",,n. 农业国力(指农业国的经济政治力量),,,,,0,0,,,
agrippa,,n. Roman general who commanded the fleet that defeated the forces of Antony and Cleopatra at Actium (63-12 BC),[医] 臀式生产儿,,,,,18102,0,s:agrippas,,
Agrippa I.,,,[网络] 亚基帕一世；希律亚基帕；阿格聂巴一世,,,,,0,0,,,
Agrippa II.,,,[网络] 亚基帕二世；阿格黎帕王；亚基帕第二,,,,,0,0,,,
Agrippa's trilemma,,,[网络] 阿格里帕的三重要点,,,,,0,0,,,
"Agrippa, Marcus Vipsanius",ə'ɡripə; vip'seiniəs,,阿格里帕(前63?～前12，罗马帝国将领、执政官、护民官、宰相),,,,,0,0,,,
agrippas,ə'gripə,,n. 阿古利巴（著名的罗马将军和国务活动家）,,,,,0,0,0:agrippa/1:s,,
agrippina,,n. wife who poisoned Claudius after her son Nero was declared heir and who was then put to death by Nero\nn. granddaughter of Augustus and mother of Caligula and Agrippina the Younger (14 BC - AD 33),n. (Agrippina)人名；(俄、英)阿格里皮娜\n阿格里皮娜,,,,,0,0,s:agrippinas,,
Agrippina the Elder,,,[网络] 大阿格里皮娜；大阿格尼平娜,,,,,0,0,s:agrippina the elders,,
agrippina the elders,,,[网络] 大阿格里皮娜；大阿格尼平娜\n(agrippina the elder 的复数),,,,,0,0,0:agrippina the elder/1:s,,
Agrippina the Younger,,,[网络] 小阿格里皮娜,,,,,0,0,s:agrippina the youngers,,
agrippina the youngers,,,[网络] 小阿格里皮娜\n(agrippina the younger 的复数),,,,,0,0,0:agrippina the younger/1:s,,
"Agrippina, the Elder",",æɡri'painə",,阿格丽派娜(老)(前13?～公元33，有声望的罗马妇女，阿格里帕之女，在其夫格马尼库斯恺撒指挥的所有战役中都陪伴在他身旁，以其勇气闻名),,,,,0,0,,,
"Agrippina, the Younger",,,阿格丽派娜(小)(15～59，罗马帝国皇后，罗马皇帝尼禄的母亲，尼禄即位时年仅16岁，由她摄政，后被尼禄处死),,,,,0,0,,,
agrippinas,,,阿格里皮娜\nn. (Agrippina)人名；(俄、英)阿格里皮娜,,,,,0,0,0:agrippina/1:s,,
agriproduct,,,[网络] 副产品,,,,,0,0,,,
agriproducts,"'æɡri,prɔdəkt",,n. 农用产品(如饲料、肥料等),,,,,0,0,,,
agrirecycle,,,[网络] 农业循环,,,,,0,0,,,
AGRIS,,,农业信息系统,,,,,0,0,,,
agriscience,,,[网络] 农业科学,,,,,0,0,,,
agrisciences,,,[网络] 农业,,,,,0,0,,,
agrise,,"agrise (third-person singular simple present agrises, present participle agrising, simple past and past participle agrised)\n(obsolete, intransitive) To shudder with horror; to tremble, to be terrified. [10th-16th c.]\n(obsolete, transitive) To make tremble, to terrify. [13th-17th c.]\n",,,,,,0,0,,,
agrised,,,[网络] 烤了,,,,,0,0,,,
agrises,,agrises\nthird-person singular simple present indicative form of agrise\n,,,,,,0,0,,,
agrisilvculture,,,农林作业,,,,,0,0,,,
agrisilviculture,,,"农林作业,林农混作法",,,,,0,0,,,
agrising,,,[网络] 。ising,,,,,0,0,,,
Agristrep,,,链霉素,,,,,0,0,,,
agrisystem,,,[网络] 农业系统,,,,,0,0,,,
agrisystems,,,[网络] 农业系统,,,,,0,0,,,
agritainment,,,[网络] 农家乐；体验农家乐；农娱,,,,,0,0,,,
Agritol,'æ^ritɔl,,苏云金杆菌,,,,,0,0,,,
agritourism,ˈægrɪtʊərɪzəm,,n. 农家乐旅游业,,,,,0,0,,,
agritourist,,,[网络] 农企业观光学,,,,,0,0,,,
agritourists,,,[网络] 农民,,,,,0,0,,,
agriturismo,,,[网络] 农庄；农庄民宿；农业旅游业,,,,,0,0,,,
agriturismos,,,[网络] 农家乐,,,,,0,0,,,
agrium,'æ^riәm,,栽培群落,,,,,0,0,,,
agrius,'ei^riәs,,[拉]剧烈的(发疹),,,,,0,0,,,
agrius convolvuli,,,白薯天蛾；虾壳天蛾；甘薯天蛾,,,,,0,0,,,
agrize,,,[网络] 吃饱了,,,,,0,0,,,
agrizoophobia,,,[网络] 野生动物恐惧症；恐兽症,,,,,0,0,,,
agro,'æ^rәu,,n. 暴力行为,,,,,0,0,s:agroes,,
agro based industry,ˈæɡrəu beɪst ˈindəstri,, [财]农基工业,,,,,0,0,,,
agro cement batcher,ˈæɡrəu siˈment ˈbætʃə,, 集料水泥配料器,,,,,0,0,,,
agro economic development activities,,,un. 农业经济发展活动,,,,,0,0,,,
agro economic zone,ˈæɡrəu ˌɪkəˈnɔmik zəun,, [法]农业经济区,,,,,0,0,,,
agro ecosystem,ˈæɡrəu ˈekəʊˌsɪstəm,, 农业生态系统,,,,,0,0,,,
agro environmental information system,ˈæɡrəu enˌvaɪərənˈmentl ˌɪnfəˈmeiʃən ˈsistəm,, 农业环境信息系统,,,,,0,0,,,
agro industrial,,,un. 农业-工业的\n[网络] 农工业,,,,,0,0,,,
agro industrial complex,ˈæɡrəu inˈdʌstriəl ˈkɔmpleks,, [财]农业联合企业; [法]农工联合企业,,,,,0,0,,,
agro industrial enterprise,ˈæɡrəu inˈdʌstriəl ˈentəpraiz,, [法]农工企业,,,,,0,0,,,
agro industrial product,,,un. 农用工业产品,,,,,0,0,,,
agro industry,,,农用工业,,,,,0,0,,,
agro pastoral economy,ˈæɡrəu ˈpæstərəl iˈkɔnəmi,, [财]农业经济; [法]农牧经济,,,,,0,0,,,
agro(-)industrial,,,adj. agro-industry的变形,,,,,0,0,,,
agro(-)industrialist,,,n. agro-industry的变形,,,,,0,0,,,
agro-,'æ^rәj,,"表示“土壤, 农业, 田野”之义",,,,,0,0,,,
agro-based industry,,,农基工业,,,,,0,0,,,
Agro-boy,"'æɡrəu,bɔi",,n. [英语俚语] 光头仔阿飞(= skinhead),,,,,0,0,,,
agro-cement batcher,,,农业联合配料器,,,,,0,0,,,
agro-chemical,ægrəʊ'kemɪk(ə)l,,n. 农用化学品\na. 农用化学品的,,,,,0,0,s:agro-chemicals,,
agro-chemicals,,plural of agro-chemical,(agro-chemical 的复数) n. 农用化学品\na. 农用化学品的,,,,,0,0,0:agro-chemical/1:s,,
agro-climatically,'æɡrəu-klai'mætikəli,,adv. 与天气和农业有关地,,,,,0,0,,,
agro-commodity production system,,,农业商品生产体系,,,,,0,0,,,
agro-ecoengineering,,,农业生态工程,,,,,0,0,,,
agro-ecological,"'æɡrəu,i:kə'lɔdʒikəl",,adj. 农业生态（学）的,,,,,0,0,,,
agro-econimic zone,,,[法] 农业经济区,,,,,0,0,,,
agro-economic,'ɑːɡrəʊiːkən'ɒmɪk,,adj. 农业经济的,,,,,0,0,,,
agro-economic zone,,,[经] 农业经济区,,,,,0,0,,,
agro-ecosystem,,,农业生态系统,,,,,0,0,,,
agro-ecosystems,,,农业生态系统,,,,,0,0,,,
agro-environmental,,,[网络] 农业环境,j:100,,,,0,0,,,
agro-export,,,[网络] 农业出口,,,,,0,0,s:agro-exports,,
agro-exporters,,,[网络] 农业出口商,,,,,0,0,,,
agro-exports,,plural of agro-export,(agro-export 的复数) [网络] 农业出口,,,,,0,0,0:agro-export/1:s,,
agro-food system,,,农粮体系,,,,,0,0,,,
agro-forest ecosystem,,,农林复合生态系统,,,,,0,0,,,
agro-industrial,'æɡrəuin'dʌstriəl,,a. 农业-工业的,j:100,,,,0,0,,,
agro-industrial complex,,,[法] 农工联合企业,,,,,0,0,,,
agro-industrialise,",æɡrəuin'dʌstriəlaiz",,v. [英国英语]= agro-industrialize,,,,,0,0,,,
agro-industrialization,",æɡrəu,indʌstriəlai'zeiʃən; -li'z-",,n. agro-industrialize的变形,,,,,0,0,,,
agro-industrialize,",æɡrəuin'dʌstriəlaiz",,vt. 使…的农业工业化；使…农工化，把…转变为工业化农业\nvi. 农工化；成为农用工业,,,,,0,0,,,
agro-industrialized,,,vt. agro-industrialize的变形,,,,,0,0,,,
agro-industrializing,,,vt. agro-industrialize的变形,,,,,0,0,,,
agro-industries,,plural of agro-industry,(agro-industry 的复数)  农工业,,,,,0,0,0:agro-industry/1:s,,
agro-industry,,, 农工业,,,,,0,0,s:agro-industries,,
agro-pastoral,,,[网络] 农牧民,j:100,,,,0,0,,,
agro-pastoral economy,,,农牧经济,,,,,0,0,,,
agro-politician,'æɡrəupɔlitiʃən,,n. 乡村政治家 [亦作agro politician],,,,,0,0,,,
agro-politics,",æɡrəu'pɔlitiks",,"n. 农业政治学,农业政治 [亦作agro politics]",,,,,0,0,,,
agro-product processing,,,农产品加工,,,,,0,0,,,
agro-technical station,,,[农] 农业技术站,,,,,0,0,,,
agro-technician,,,"[法] 农业技术人员, 农艺师",,,,,0,0,,,
agro-town,'æɡrəutaun,,n. = agrogorod,,,,,0,0,,,
agro-towns,,,[网络] 农业城镇,,,,,0,0,,,
agro-transformation,,,[网络] 转植,,,,,0,0,,,
agro-type,,,[作物] 作物类型,,,,,0,0,,,
agroatomizer,"'æ^rәutә,maizә",,农用喷雾器,,,,,0,0,,,
agrobacteria,,,[网络] 农杆菌；质粒转化脓杆菌；根癌类细菌,,,,,0,0,,,
agrobacterial,,,[网络] 农杆菌,,,,,0,0,,,
agrobacteriocin,,,土壤杆菌素,,,,,0,0,,,
agrobacteriophage,əɡrɒbæktɪə'əaɪɒfɑ:dʒ,, [医]土壤杆菌噬菌体,,,,,0,0,,,
Agrobacterium,,n small motile bacterial rods that can reduce nitrates and cause galls on plant stems,[医] 植物肥大病菌属,,,,,0,0,s:agrobacteriums,,
Agrobacterium rhizogenes,,,发根土壤杆菌,,,,,0,0,,,
agrobacterium sp.,,,农桿菌属；土壤桿菌属,,,,,0,0,,,
Agrobacterium tumefaciems,,,根瘤土壤杆菌,,,,,0,0,,,
Agrobacterium tumefaciens,,,根癌土壤杆菌；根癌农根菌；致瘤农杆菌,,,,,0,0,s:agrobacterium tumefacienss,,
agrobacterium tumefacienss,,,根癌土壤杆菌；根癌农根菌；致瘤农杆菌\n(agrobacterium tumefaciens 的复数),,,,,0,0,0:agrobacterium tumefaciens/1:s,,
agrobacteriums,",æɡrəubæk'tiəriəm",,n. 土壤杆菌属，农杆菌属,,,,,0,0,0:agrobacterium/1:s,,
Agrobaterium,,,土壤杆菌,,,,,0,0,,,
Agrobaza,,,[地名] 阿格罗巴扎 ( 俄 ),,,,,0,0,,,
agrobiocoenosis,,,农业生物群落,,,,,0,0,,,
agrobiodiverse,,,[网络] 农业生物多样性,,,,,0,0,,,
agrobiodiversity,,,[网络] 农业生物多样性；农业生物多样性研究网,,,,,0,0,,,
agrobiologic,",æɡrəubaiə'lɔdʒik",a of or pertaining to agrobiology,a. agrobiology的变形,,,,,0,0,,,
agrobiological,",æɡrəubaiə'lɔdʒikəl",a of or pertaining to agrobiology,a. agrobiology（农业生物学）的变形,,,,,0,0,,,
agrobiological environmental engineering,,,农业生物环境工 程,,,,,0,0,,,
agrobiological environmental thermodynamics,,,农业生物环境热力学,,,,,0,0,,,
agrobiologically,",æɡrəubaiə'lɔdʒikəli",,adv. agrobiology的变形,,,,,0,0,,,
agrobiologies,æɡrəʊbaɪ'ɒlədʒɪ,,n. 农业生物学，土壤生物学,,,,,0,0,0:agrobiology/1:s,,
agrobiologist,",æ^rәjbai'ɔlәdʒist",,"n. 土壤生物学家, 农业生物学家",,,,,0,0,,,
agrobiologists,'æɡrəubai'ɔlədʒist,,n. 农业生物学家；土壤生物学家,,,,,0,0,,,
agrobiology,.ægrәu'baiɒlәdʒi,n. the study of plant nutrition and growth especially as a way to increase crop yield,n. 农业生物学\n[医] 农业生物学,,,,,0,0,s:agrobiologies,,
agrobiology analysis,,,农业生物学分析,,,,,0,0,,,
agrobiomechanics,,,农业生物力学,,,,,0,0,,,
agrobiont,,,[网络] 农业,,,,,0,0,,,
agrobiotechnological,,,[网络] 农业生物技术,,,,,0,0,,,
agrobiotechnologies,,,[网络] 农业生物技术,,,,,0,0,,,
agrobiotechnology,,,[网络] 农业生技,,,,,0,0,,,
agrobotany,,,农业植物学,,,,,0,0,,,
Agroboy,"'æ^rәj,bɔi",,n. <英俚>=skinhead,,,,,0,0,,,
agrobusiness,"'æ^rә,biznis",,n. 农业综合企业,,,,,0,0,,,
agrobusinesses,"'æɡrə,biznis",,n. 农业综合企业,,,,,0,0,,,
Agrochao,,,阿格罗乔,,,,,0,0,,,
agrochemical,.ægrәu'kemikәl,,n. 农用化学品,n:100,,,,28269,38257,s:agrochemicals,,
agrochemical analysis,,,[化] 农业化学分析,,,,,0,0,,,
agrochemical soil map,,,农业化学土壤图;土壤农化图,,,,,0,0,,,
agrochemicals,,plural of agrochemical,(agrochemical 的复数) n. 农用化学品,,,,,0,0,0:agrochemical/1:s,,
agrochemist,,,[网络] 农业化学家,,,,,0,0,,,
agrochemistry,",æ^rәu'kemistri",,农业化学,,,,,0,0,,,
agrochemistry analysis,,,农业化学分析,,,,,0,0,,,
agrochemists,,,[网络] 农业化学家,,,,,0,0,,,
agrocin,'æ^rәusin,,土壤杆菌素,,,,,0,0,s:agrocins,,
agrocinopine,,,[网络] 农杆菌素碱型；农杆糖酯；农杆碱素型,,,,,0,0,,,
agrocinopines,"'æɡrə,cinəpain",,n. 【生物化学】农杆菌素碱,,,,,0,0,,,
agrocins,,,土壤杆菌素\n(agrocin 的复数),,,,,0,0,0:agrocin/1:s,,
agrocity,"'æɡrəu,siti",,n. = agrogorod,,,,,0,0,,,
agroclavine,",æ^rә'klævi:n",,"农棒素, 田麦角碱",,,,,0,0,,,
agroclimate,,,农业气候,,,,,0,0,,,
agroclimatic,,,农业气候的,,,,,0,0,,,
agroclimatic analogy,,,农业气候相似,,,,,0,0,,,
agroclimatic analysis,,,农业气候分析,,,,,0,0,,,
agroclimatic atlas,,,农业气候图集,,,,,0,0,,,
agroclimatic classification,,,农业气候分类,,,,,0,0,,,
agroclimatic demarcation,,,农业气候区划,,,,,0,0,,,
agroclimatic evaluation,,,农业气候评价,,,,,0,0,,,
agroclimatic index,,,农业气候指标,,,,,0,0,,,
agroclimatic investigation,,,农业气候调查,,,,,0,0,,,
agroclimatic maps,,, 农业气候图,,,,,0,0,,,
agroclimatic potential productivity,,,气候生产潜力,,,,,0,0,,,
agroclimatic region,,,农业气候区,,,,,0,0,,,
agroclimatic regionalization,,,农业气候区划,,,,,0,0,,,
agroclimatic resource,,,[农] 农业气候资源,,,,,0,0,,,
agroclimatic resources,,,农业气候资源,,,,,0,0,,,
agroclimatic survey,,,农业气候调查,,,,,0,0,,,
agroclimatic zone,,,农业气候带;农业气候区,,,,,0,0,,,
agroclimatography,,,农业气候志,,,,,0,0,,,
agroclimatological resources,,,农业气候资源,,,,,0,0,,,
agroclimatology,'æ^rәklaimә'tɔlәdʒi,,n. 农业气候学,,,,,0,0,,,
agrocoenosis,,,[网络] 红斑病,,,,,0,0,,,
Agrocybe,,,田头菇属,,,,,0,0,,,
agrocybe arvalis,,,野田头菇,,,,,0,0,,,
agrocybe cylindracea,,,柱状田头菇,,,,,0,0,,,
agrocybe paludosa,,,沼生田头菇,,,,,0,0,,,
agrocybe pediades,,,平田头菇,,,,,0,0,,,
agrocybe praecox,,,田头菇,,,,,0,0,,,
agrocybe tuberosa (henning)singer,,,冷杉类假雷丸病菌,,,,,0,0,,,
agrocybin,,,[化] 田头菇素,,,,,0,0,,,
agrodiversity,,,[网络] 农业大学,,,,,0,0,,,
agrodolce,,,[网络] 农业,,,,,0,0,,,
agroecological,"'æ^rәj,i:kә'lɔdʒikəl",,a. 农业生态(学)的,,,,,0,0,,,
agroecological economics,,,农业生态经济学,,,,,0,0,,,
agroecological engineering,,,农业生态工程,,,,,0,0,,,
agroecological taxonomy,,,[农] 农业生态分类学,,,,,0,0,,,
agroecologically,,,[网络] 农业生态学,,,,,0,0,,,
agroecologies,",æɡrəui:'kɔlədʒi",,n. [农] 农业生态学,,,,,0,0,,,
agroecologist,,,[网络] 农业生态学家,,,,,0,0,,,
agroecologists,,,"n. agroecology, agro-ecology的变形",,,,,0,0,,,
agroecology,",æ^rәu,i:'kɔlәdʒi",,农业生态学,,,,,0,0,,,
"agroecology, agro-ecology",",æɡrəui:'kɔlədʒi",,n. 【生态学】农业生态学,,,,,0,0,,,
agroeconomic,",æɡrə,ɛkə'n,ikɚ",,adj. 农业经济的,,,,,0,0,,,
agroeconomic data,,,[农经] 农业经济资料,,,,,0,0,,,
agroeconomic zone,,,农业经济区,,,,,0,0,,,
agroeconomics,,,[农经] 农业经济学,,,,,0,0,,,
agroeconomy,,,[网络] 农业经济,,,,,0,0,,,
agroecosystem,",æ^rәu,i:kәu'sistәm",,n. 农业生态系统,,,,,0,0,s:agroecosystems,,
agroecosystem research,,,农业生态系统研究,,,,,0,0,,,
agroecosystems,,plural of agroecosystem,(agroecosystem 的复数) n.农业生态系统,,,,,0,0,0:agroecosystem/1:s3,,
agroecotype,",æ^rәu'ekә,taip",,作物生态型,,,,,0,0,,,
agroenvironmental,,,[网络] 农业环境,,,,,0,0,,,
agroes,'æɡrəʊ,,n. 暴力行为\nn. (Agro)人名；(意)阿格罗,,,,,0,0,0:agro/1:s,,
agroexport,,,[网络] 农业出口,,,,,0,0,,,
agroforest,,,[网络] 林牧兼作,,,,,0,0,,,
agroforester,ˌæɡrəuˈfɔristə,,n. 农业林业学者,,,,,0,0,,,
agroforesters,,,[网络] 农林农,,,,,0,0,,,
agroforestrial geology,,, 农林地质学,,,,,0,0,,,
agroforestries,",æɡrəu'fɔristri",,n. 农林业；农业林学,,,,,0,0,0:agroforestry/1:s,,
agroforestry,",æɡrəu'fɔristri",,n. 农林业；农业林学,n:100,,,,0,35908,s:agroforestries,,
agroforests,,,[网络] 混农林,,,,,0,0,,,
agrofuel,,,[网络] 农业燃料；生质燃料；生质燃料与农业燃油,,,,,0,0,,,
agrofuels,,,[网络] 农用燃料,,,,,0,0,,,
agrogeochemistry,,,[农] 农业地球化学,,,,,0,0,,,
agrogeography,,,农业地理学,,,,,0,0,,,
agrogeological map,,,农业地质图,,,,,0,0,,,
agrogeology,",æ^rәudʒi'ɔlәdʒi",,农业地质学,,,,,0,0,,,
agrogorod,",æ^rәj'^ɔ:rәd",,<俄>n.(几个集体农庄合并而成的)农业城,,,,,0,0,,,
agrogorods,,,n. agrogorod的变形,,,,,0,0,,,
agrohydrology,",æ^rәuhai'drɔlәdʒi",,农业水文学,,,,,0,0,,,
agroindustrial,",æ^rәjin'dʌstriәl",,a. (为)农业的和工业的,,,,,0,0,,,
agroindustries,,,[网络] 农工综合企业,,,,,0,0,,,
agroindustry,",æ^rәj'indәstri",,n. (化肥制造、仓库建筑等)农用工业,,,,,0,0,,,
agroinfection,əɡ'rəʊɪnfekʃn,, [医]农杆菌感染（法）,,,,,0,0,,,
agroinfiltrated,,,[网络] 农业滤纸,,,,,0,0,,,
agroinfiltration,,,[网络] 农杆菌渗入法；农杆菌注入法；农杆菌浸润法,,,,,0,0,,,
agrokomerc,,,[网络] 格洛柯麦克,,,,,0,0,s:agrokomercs,,
agrokomercs,,,[网络] 格洛柯麦克\n(agrokomerc 的复数),,,,,0,0,0:agrokomerc/1:s,,
agrol fluid,,,[化] 酒精汽油掺混燃料(78%乙醇+22%汽油),,,,,0,0,,,
agrologic,",æ^rә'lɔdʒik",a of or related to agrology,a. 农业土壤学的,,,,,0,0,,,
agrological,əɡrɒ'lɒdʒɪkl,a of or related to agrology, 农业土壤的,,,,,0,0,,,
agrologically,",æɡrə'lɔdʒikəli",,adv. agrology的变形,,,,,0,0,,,
agrologies,ə'grɒlədʒɪ,,n. [土壤] 农业土壤学,,,,,0,0,0:agrology/1:s,,
agrologist,ә'^rɔlәdʒist,,n. (农业)土壤学家,,,,,0,0,,,
agrologists,,,（农业）土壤学家,,,,,0,0,,,
agrology,ә'grɒlәdʒi,n. science of soils in relation to crops,n. 土壤学,,,,,0,0,s:agrologies,,
Agrolândia,,,[地名] 阿格罗兰迪亚 ( 巴西 ),,,,,0,0,,,
agromania,əɡrə'meɪnɪə,,n. 旷野独处症（有时为神经分裂的症状）,,,,,0,0,s:agromanias,,
agromanias,",æɡrə'meiniə",,n. 旷野独处症（有时为神经分裂的症状）,,,,,0,0,0:agromania/1:s,,
agromed,,,[网络] 被激励,,,,,0,0,,,
agromedical,,,农药的,,,,,0,0,,,
agromedicine,,,农药,,,,,0,0,,,
agromelioration,,,农业土壤改良,,,,,0,0,,,
agrometeorological,"'æ^rәj,mi:tiәrә'lɔdʒikəl",,"a. 农业气象的, 农业气候的",,,,,0,0,,,
agrometeorological forecast,,,农业气象预报,,,,,0,0,,,
agrometeorological forecasting,,,农业气象预报,,,,,0,0,,,
agrometeorological hazard,,,农业气象灾害,,,,,0,0,,,
agrometeorological index,,,农业气象指标,,,,,0,0,,,
agrometeorological information,,,农业气象情报,,,,,0,0,,,
agrometeorological model,,,农业气象模式,,,,,0,0,,,
agrometeorological observation,,,农业气象观测,,,,,0,0,,,
agrometeorological simulation,,,农业气象模拟,,,,,0,0,,,
agrometeorological station,,,农业气象站,,,,,0,0,,,
agrometeorological yearbook,,,农业气象年报,,,,,0,0,,,
agrometeorological yield forecast,,,农业气象产量预报,,,,,0,0,,,
agrometeorology,",æ^rәu,mi:tjә'rɔlәdʒi",,农业气象学,,,,,0,0,,,
agrometeorology of crop,,,[农] 作物农业气象学,,,,,0,0,,,
Agromicina,,,四环素,,,,,0,0,,,
agromicrobiology,",æ^rәu,maikrәubai'ɔlәdʒi",,农业微生物学,,,,,0,0,,,
agromicroclimate,,,农业小气候,,,,,0,0,,,
Agromyces,",æɡrəu'maisis",,n. 【细菌】田霉素,,,,,0,0,,,
agromycin,,,[化] 田霉素(即农霉素),,,,,0,0,,,
agromyza comosa,,,天成潜蝇；毛角潜蝇,,,,,0,0,,,
agromyza latipennis,,,宽翅潜蝇；长毛角潜蝇,,,,,0,0,,,
agromyza obesa,,,肥胖潜蝇；强壮潜蝇,,,,,0,0,,,
agromyza panici,,,稷潜蝇,,,,,0,0,,,
agromyza penniseti,,,禾草潜蝇,,,,,0,0,,,
agromyza plebeia,,,银白瓣潜蝇,,,,,0,0,,,
agromyza vitrinervis,,,亮丽潜蝇；透脉潜蝇,,,,,0,0,,,
agromyzid,,,[网络] 农杆菌,,,,,0,0,,,
Agromyzidae,,,潜蝇科,,,,,0,0,,,
agromyzids,,,[网络] 农杆菌,,,,,0,0,,,
agron,,,n. 土壤腐殖质残积层,,,,,0,0,,,
agron.,,,abbr. agronomy,,,,,0,0,,,
agronome,'æ^rәnәjm,,"n. 农艺学家, 农学家",,,,,0,0,,,
agronomial,,,[网络] 农艺学,,,,,0,0,,,
agronomic,.ægrә'nɒmik,a. of or relating to or promoting agronomy,"a. 农艺学的, 农学的",j:100,,,,0,33391,s:agronomics,,
agronomic characters,,,农艺特性,,,,,0,0,,,
agronomic crop,,,农作物,,,,,0,0,,,
agronomic traits,,,农业性状,,,,,0,0,,,
agronomic variety,,,农艺品种,,,,,0,0,,,
agronomical,," Pertaining to agronomy, of the management of farms.",[农学] 农艺学的,,,,,0,0,,,
agronomical value,,,[农经] 农业价值,,,,,0,0,,,
agronomical yield estimation,,, 农学估产,,,,,0,0,,,
agronomically,",æɡrə'nɔmikəli",, 农艺,,,,,0,0,,,
agronomics,",æ^rәu'nɔmiks",n. The science of the distribution and management of land.,n. 农业经济学,,,,,0,0,0:agronomic/1:s,,
agronomies,ə'grɒnəmɪ,,n. 农学；农艺学；农业经济学,,,,,0,0,0:agronomy/1:s,,
agronomique,,,农学的，农艺的,,,,,0,0,s:agronomiques,,
agronomiques,,,农学的，农艺的\n(agronomique 的复数),,,,,0,0,0:agronomique/1:s,,
agronomist,ә'grɒnәmist,n. an expert in soil management and field-crop production,"n. 农艺师, 农学家",n:100,,,,40083,25597,s:agronomists,,
agronomists,,plural of agronomist\nn. an expert in soil management and field-crop production,"(agronomist 的复数) n. 农艺师, 农学家",,,,,0,0,0:agronomist/1:s,,
agronomy,ә'grɒnәmi,n. the application of soil and plant sciences to land management and crop production,"n. 农艺学, 农学",n:100,,,gre,0,35609,s:agronomies,,
agronomy farm,,,试验农场,,,,,0,0,,,
agronsky,,, [人名] 阿格龙斯基,,,,,0,0,,,
Agronômica,,,[地名] 阿格罗诺米卡 ( 巴西 ),,,,,0,0,,,
agroof,,,[网络] 农林业专业研究局,,,,,0,0,,,
agropastoral,,,[网络] 农牧民,,,,,0,0,,,
agropastoralism,,,[网络] 农牧民主义,,,,,0,0,,,
agropastoralist,,,[网络] 农牧民,,,,,0,0,,,
agropastoralists,,,[网络] 农牧民,,,,,0,0,,,
agropecuaria,,,[网络] 农业食品,,,,,0,0,,,
agropecuario,,,[网络] 农贸市场,,,,,0,0,,,
agropedology,,,农业土壤学,,,,,0,0,,,
agrophile,,,适农田动物,,,,,0,0,,,
agrophilous,'æ^rәjfilәs,,a. [生态学用语]栖耕地的,,,,,0,0,,,
agrophilus,əɡrə'fɪləs,,栖耕地的,,,,,0,0,,,
agrophobia,,,[网络] 惧旷症,,,,,0,0,s:agrophobias,,
agrophobias,,,[网络] 惧旷症\n(agrophobia 的复数),,,,,0,0,0:agrophobia/1:s,,
agrophysical,,,[网络] 农业物理学的,,,,,0,0,,,
agrophysical property,,,农业物理性质,,,,,0,0,,,
agrophysicist,,,[网络] 天体物理学家,,,,,0,0,,,
agrophysicists,,,[网络] 天体物理学家,,,,,0,0,,,
agrophysics,,,[网络] 农业物理学,,,,,0,0,,,
agrophyte,,,[网络] 水果,,,,,0,0,,,
agrophytes,,,[网络] 水果,,,,,0,0,,,
agrophytocoenosium,,,农作物群落,,,,,0,0,,,
agropine,əɡrə'pɪn,, [医]冰草氨酸，农杆氨酸，农杆碱[见于毛根],,,,,0,0,,,
agropinic acid,,, [医]农杆鸟氨酸，鸟氨农杆碱[见于毛根],,,,,0,0,,,
Agropoli,,,[地名] 阿格罗波利 ( 意 ),,,,,0,0,,,
agroproduction,,,[网络] 农业生产,,,,,0,0,,,
agropyrene,,,冰草烯,,,,,0,0,,,
agropyron,,,冰草属,,,,,0,0,s:agropyrons,,
Agropyron cristatum,,,冰草,,,,,0,0,s:agropyron cristatums,,
agropyron cristatums,,,冰草\n(agropyron cristatum 的复数),,,,,0,0,0:agropyron cristatum/1:s,,
Agropyron desertorum,,,n. 沙生冰草,,,,,0,0,,,
Agropyron formosanum,,,[网络] 台湾鹅观草,,,,,0,0,,,
Agropyron Gaertn.,,,[医] 冰草属,,,,,0,0,,,
Agropyron intermedium,,,[网络] 中间偃麦草,,,,,0,0,s:agropyron intermediums,,
agropyron intermediums,,,[网络] 中间偃麦草\n(agropyron intermedium 的复数),,,,,0,0,0:agropyron intermedium/1:s,,
Agropyron michnoi,,,n. 根茎冰草,,,,,0,0,,,
Agropyron mongolicum,,,n. 沙芦草,,,,,0,0,,,
Agropyron repens,,,[网络] 偃麦草；匍匐冰草；庸医草,,,,,0,0,s:agropyron repenss,,
agropyron repenss,,,[网络] 偃麦草；匍匐冰草；庸医草\n(agropyron repens 的复数),,,,,0,0,0:agropyron repens/1:s,,
Agropyron sibiricum,,,n. 西伯利亚冰草,,,,,0,0,,,
Agropyron smithii,,,[网络] 蓝茎冰草；硬叶偃麦草,,,,,0,0,s:agropyron smithiis,,
agropyron smithiis,,,[网络] 蓝茎冰草；硬叶偃麦草\n(agropyron smithii 的复数),,,,,0,0,0:agropyron smithii/1:s,,
Agropyron trachycaulum,,,[网络] 细茎冰草；细麦草；新麦草,,,,,0,0,s:agropyron trachycaulums,,
agropyron trachycaulums,,,[网络] 细茎冰草；细麦草；新麦草\n(agropyron trachycaulum 的复数),,,,,0,0,0:agropyron trachycaulum/1:s,,
agropyrons,,,冰草属\n(agropyron 的复数),,,,,0,0,0:agropyron/1:s,,
Agropyrum,,,冰草属,,,,,0,0,,,
agropyrum ciliare franch,,,毛鹅观草,,,,,0,0,,,
Agropyrum Gaertn.,,,[医] 冰草属,,,,,0,0,,,
Agropyrum repens Beauvois,,,[医] 偃麦草,,,,,0,0,,,
agros,,,[网络] 阿格罗斯；阿哥斯；罗斯村风情,,,,,0,0,,,
Agrosan,,,赛力散,,,,,0,0,,,
agrosciences,,,[网络] 农业科学；农艺学,,,,,0,0,,,
agrose,,,[网络] 琼脂糖,,,,,0,0,,,
agrosilvopastoral,,"agrosilvopastoral (not comparable)\nRelating to agriculture that features crops, forestry and the pasturage of animals\n",,,,,,0,0,,,
agrosol,,,氰化甲汞,,,,,0,0,,,
agrosprayer,",æ^rәu'spreiә",,农用喷雾机,,,,,0,0,,,
agrostaleyrodes arcanus,,,神祕禾粉蝨,,,,,0,0,,,
Agrostemma,",æɡrəu'stemə",,n. 【植物】麦仙翁(= corn cockle),,,,,0,0,s:agrostemmas,,
agrostemma githago,,,[机] 麦仙翁,,,,,0,0,s:agrostemma githagoes,,
Agrostemma githago L.,,,[医] 麦仙翁,,,,,0,0,,,
agrostemma githagoes,,,[机] 麦仙翁\n(agrostemma githago 的复数),,,,,0,0,0:agrostemma githago/1:s,,
Agrostemma L.,,,[医] 麦仙翁属,,,,,0,0,,,
agrostemmas,",æɡrəu'stemə",,n. 【植物】麦仙翁(= corn cockle),,,,,0,0,0:agrostemma/1:s,,
agrostemmic acid,,,【毒理学】麦毒草酸,,,,,0,0,,,
agrosteomela chinensis,,,中华大红金花虫,,,,,0,0,,,
agrosterol,,,草本甾醇,,,,,0,0,,,
Agrostis,,,[网络] 剪股颖属；翦股颖属；剪谷颖,,,,,0,0,s:agrostiss,,
Agrostis alba,,,[网络] 小糠草；白翦股颖；白剪股颖,,,,,0,0,s:agrostis albas,,
agrostis albas,,,[网络] 小糠草；白翦股颖；白剪股颖\n(agrostis alba 的复数),,,,,0,0,0:agrostis alba/1:s,,
Agrostis arisan-montana,,,n. 阿里山剪股颖,,,,,0,0,,,
agrostis avenacea,,,类燕麦翦股颖,,,,,0,0,,,
Agrostis canina,,,[网络] 普通剪股颖；绒毛剪股颖；小糠穗草,,,,,0,0,s:agrostis caninas,,
agrostis caninas,,,[网络] 普通剪股颖；绒毛剪股颖；小糠穗草\n(agrostis canina 的复数),,,,,0,0,0:agrostis canina/1:s,,
Agrostis capillaris,,,[网络] 毛状剪股颖；纤细剪股颖；剪股颍,,,,,0,0,,,
Agrostis clavata,,,n. 华北剪股颖,,,,,0,0,,,
agrostis compressus,,,地毯草,,,,,0,0,,,
Agrostis contracta,,,n. 紧序剪股颖,,,,,0,0,,,
agrostis dimorpholemma,,,多形翦股颖,,,,,0,0,,,
Agrostis divaricatissima,,,n. 歧序剪股颖,,,,,0,0,,,
Agrostis eriolepis,,,n. 柔毛剪股颖,,,,,0,0,,,
Agrostis flaccida,,,n. 柔软剪股颖,,,,,0,0,,,
Agrostis fukuyamae,,,n. 舟颖剪股颖,,,,,0,0,,,
Agrostis gigantea,,,n. 巨序剪股颖,,,,,0,0,,,
Agrostis hookeriana,,,n. 广序剪股颖,,,,,0,0,,,
Agrostis hugoniana,,,n. 甘青剪股颖,,,,,0,0,,,
Agrostis infirma,,,[网络] 翦股颖,,,,,0,0,,,
agrostis infirma arisan-montana,,,阿里山翦股颖,,,,,0,0,,,
agrostis infirma formosana,,,草山翦股颖；台湾翦股颖；台湾剪股颖,,,,,0,0,,,
agrostis infirma fukuyamae,,,伯明翦股颖；舟颖翦股颖；舟颖剪股颖,,,,,0,0,,,
agrostis infirma infirma,,,玉山翦股颖,,,,,0,0,,,
Agrostis limprichtii,,,n. 侏儒剪股颗,,,,,0,0,,,
Agrostis matsumurae,,,n. 剪股颖,,,,,0,0,,,
Agrostis megathyrsa,,,n. 大锥剪股颖,,,,,0,0,,,
Agrostis micrantha,,,n. 小花剪股颖,,,,,0,0,,,
Agrostis morrisonensis,,,n. 玉山剪股颖,,,,,0,0,,,
Agrostis myriantha,,,n. 多花剪股颖,,,,,0,0,,,
Agrostis nebulosa,,,[网络] 美丽云草,,,,,0,0,s:agrostis nebulosas,,
agrostis nebulosas,,,[网络] 美丽云草\n(agrostis nebulosa 的复数),,,,,0,0,0:agrostis nebulosa/1:s,,
Agrostis palustris,,,[网络] 翦股颖；匍茎剪股颖；匍匐性小糠草,,,,,0,0,s:agrostis palustriss,,
agrostis palustriss,,,[网络] 翦股颖；匍茎剪股颖；匍匐性小糠草\n(agrostis palustris 的复数),,,,,0,0,0:agrostis palustris/1:s,,
Agrostis perlaxa,,,n. 疏花剪股颖,,,,,0,0,,,
Agrostis pubicallis,,,n. 湖岸剪股颖,,,,,0,0,,,
Agrostis schneideri,,,n. 丽江剪股颖,,,,,0,0,,,
Agrostis sibirica,,,n. 西伯利亚剪股颖,,,,,0,0,,,
Agrostis sinkiangensis,,,n. 线序剪股颖,,,,,0,0,,,
Agrostis sinocontracta,,,[网络] 紧序剪股颖,,,,,0,0,,,
Agrostis sozanensis,,,[网络] 台湾剪股颖,,,,,0,0,,,
Agrostis stolonifera,,,匍匐翦股颖,,,,,0,0,,,
Agrostis subaristata,,,n. 糙颖剪股颖,,,,,0,0,,,
Agrostis tenuis,,,n. 细弱剪股颖,,,,,0,0,,,
Agrostis transmorrisonensis,,,n. 外玉山剪股颖,,,,,0,0,,,
Agrostis trinii,,,n. 芒剪股颖,,,,,0,0,,,
Agrostis turkestanica,,,n. 北疆剪股颖,,,,,0,0,,,
agrostiss,,,[网络] 剪股颖属；翦股颖属；剪谷颖\n(agrostis 的复数),,,,,0,0,0:agrostis/1:s,,
agrostographical,,,[网络] 加密,,,,,0,0,,,
agrostography,,,[网络] 草本学；研讨草类的论文；牧草绘图,,,,,0,0,,,
agrostoides,,,[网络] 小颖沟秀草,,,,,0,0,,,
agrostologic,"ə,ɡrɔstə'lɔdʒik",a. Alt. of Agrostological,a. agrostology的变形,,,,,0,0,,,
agrostological index,,,禾草类指数,,,,,0,0,,,
agrostologist,",æ^rә'stɔlәdʒist",n. One skilled in agrostology.,n. 禾本植物学家,,,,,0,0,,,
agrostologists,,,[网络] 禾本植物学家,,,,,0,0,,,
agrostology,",æ^rәu'stɔlәdʒi",n. That part of botany which treats of the grasses.,n. 草本学,,,,,0,0,,,
Agrostophyllum,,,n. 禾叶兰属,,,,,0,0,,,
Agrostophyllum callosum,,,n. 禾叶兰,,,,,0,0,,,
Agrostophyllum inocephalum,,,n. 台湾禾叶兰,,,,,0,0,,,
agrosystem,'æɡrəsistəm,,n. ＝agroecosystem,,,,,0,0,,,
agrosystems,'æɡrəsistəm,,n. ＝agroecosystem,,,,,0,0,,,
agrote,,,[网络] 腐蚀,,,,,0,0,,,
agrotech,,,[网络] 农业用；农业园艺用纺品；农业技术展,,,,,0,0,,,
agrotechnical,'ægrou.teknikl,,a. 农业技术的,,,,,0,0,,,
agrotechnical level,,,农业技术水平,,,,,0,0,,,
agrotechnical measures,,,农业技术措施,,,,,0,0,,,
agrotechnical station,,, 农技站,,,,,0,0,,,
agrotechnician,'æ^rәutek'niʃәn,,n. 农业技术员,,,,,0,0,,,
agrotechnicians,",æɡrətek'niʃən",,n. 农业技术员；农业科技专家,,,,,0,0,,,
agrotechnique,,,n. 农业技术,,,,,0,0,,,
agrotechnological,,,[网络] 农业技术,,,,,0,0,,,
agrotechnologies,",æɡrəutek'nɔlədʒi",,n. [农] 农业技术；农艺学,,,,,0,0,,,
agrotechnology,,,[网络] 农业生产技术；农业技术；农业科技,,,,,0,0,,,
agrotechny,'ægrәu.tekni,,n. 农产品加工学,,,,,0,0,,,
agroten,,,[网络] 农业,,,,,0,0,,,
agrotening,,,[网络] 恶化,,,,,0,0,,,
agroterrorism,,,[网络] 农业恐怖主义,,,,,0,0,,,
agroterrorist,,,[网络] 农业恐怖主义者,,,,,0,0,,,
agroterrorists,,,[网络] 农业恐怖主义者,,,,,0,0,,,
agrothion,,,[农药] 杀螟松,,,,,0,0,,,
agrotis,,,夜盗虫,,,,,0,0,,,
agrotis ipsilon,,,小地老虎,,,,,0,0,,,
Agrotis segetum,,,[植保] 黄地老虎,,,,,0,0,,,
agrotis ypsilon (rottemberg),,,球菜夜蛾,,,,,0,0,,,
agrotopoclimatology,,,农业地形气候学,,,,,0,0,,,
agrotourism,ˌægrəʊˈtʊəˌɪzəm,,n. 农家乐旅游业,,,,,0,0,,,
agrotown,əɡrəʊ'taʊn,,n. 农村地区的城填,,,,,0,0,,,
agrotransformation,,,[网络] 转植,,,,,0,0,,,
agrotype,'æ^rәutaip,,n. 作物类型,,,,,0,0,,,
agrotypes,,,土壤类型,,,,,0,0,,,
aground,ә'graund,a. stuck in a place where a ship can no longer float\nr. with the bottom lodged on the ground,"adv. 搁浅地, 地面上",r:100,1,,,22815,20375,,,
aground ahead,,,前部搁浅,,,,,0,0,,,
aground sweeping,,,拖底扫海,,,,,0,0,,,
agroupment,,,[网络] 集合,,,,,0,0,,,
agroupments,,,[网络] 集合,,,,,0,0,,,
Agrox,,,苯汞尿,,,,,0,0,,,
agroxone,,,二甲四氯,,,,,0,0,,,
agrozootechnical,,,[网络] 农业技术,,,,,0,0,,,
agrozyme,,,α-淀粉酶,,,,,0,0,,,
AGRP,,,[=agouti-related protein]刺鼠色蛋白相关蛋白,,,,,0,0,,,
agrs,,,abbr. American Graves Registration Service 美国墓穴登记服务,,,,,0,0,,,
agrsical,,,矽炭银,,,,,0,0,,,
agrudalf,æɡru:'dɑ:f,, 耕层湿淋溶土,,,,,0,0,,,
agrudge,,,[网络] 嫉恨某人,,,,,0,0,,,
agryban,,,二氯醛比林,,,,,0,0,,,
agrym,,,[网络] 农历,,,,,0,0,,,
agryme,,,[网络] 生气了,,,,,0,0,,,
agryphnotic,,,"阻睡药,促醒的",,,,,0,0,,,
Agrypnal,,,"苯巴比妥,鲁米那,卢米那尔,苯巴比通,迦地那",,,,,0,0,,,
agrypnia,,n a vigil before certain feasts (as e.g. Easter),[医] 失眠,,,,,0,0,s:agrypnias,,
agrypnia excitata,,,[医] 激动性失眠,,,,,0,0,,,
agrypnia senilis,,,[医] 老年性失眠,,,,,0,0,,,
agrypnias,ə'ɡraipniə,,n. 失眠,,,,,0,0,0:agrypnia/1:s,,
agrypnocoma,,,[医] 醒态昏迷,,,,,0,0,,,
agrypnodal,,,醒态的,,,,,0,0,,,
agrypnodal coma,,,"[医] 醒状昏迷, 睁眼昏迷",,,,,0,0,,,
agrypnode,,,[医] 醒态的; 阻睡药,,,,,0,0,,,
agrypnotic,,a of or pertaining to agrypnia,[医] 醒态的; 阻睡药,,,,,0,0,,,
agrypnotics,"ə,ɡrip'nɔtik",,adj. 使失眠的\nn. 提神剂,,,,,0,0,,,
agrypocoma,,,醒状昏迷,,,,,0,0,,,
Agryz,,,[地名] 阿格雷兹 ( 俄 ),,,,,0,0,,,
Agryzskiy Rayon,,,[地名] 阿格雷兹区 ( 俄 ),,,,,0,0,,,
ags,,n. a soft white precious univalent metallic element having the highest electrical and thermal conductivity of any metal; occurs in argentite and in free form; used in coins and jewelry and tableware and photography,abbr. agencies 代理处; antigens （免疫）抗原; adrenogenital syndrome 肾上腺生死系综合征; angelschsisch (German=Anglo-Saxon) （德语）英国人-撒克逊人,,,,,0,0,0:ag/1:s,,
ags (alternating gradient synchrotron),,,交错梯度同步加速器,,,,,0,0,,,
"AGS, A.G.S.",,,abbr. American Geriatrics Society 美国老年病学学会,,,,,0,0,,,
AGSC,,,[网络] 海岸测量船；斜率控制,,,,,0,0,,,
AGSD,,,"[=silver sulphadiazine]磺胺嘧啶银,烧伤宁,烫伤宁",,,,,0,0,,,
agship,,,[网络] 旗舰,,,,,0,0,,,
agsim,,,[网络] 美国国际管理研究生院(American Graduate School of International Management),,,,,0,0,,,
Agskaret,,,阿格斯卡雷特,,,,,0,0,,,
AGSL,,,[网络] American Gem Society Laboratories; 美国权威的钻石检测机构; 副旅长,,,,,0,0,,,
AGSS,,,"AGS\nabbr.\nabort guidance system 【航天学】(航天器初级引导系统出故障时启用的)中断飞行引导(或导航)系统\nacoustic guidance sonar 声学制导声呐\nalternating gradient synchrotron 交变梯度同步加速器\nAmerican Geographical Society 美国地理学会\nAmerican Gynecological Society 美国妇科学会\nArmy General Staff (美国)陆军参谋部\nAssociate in General Studies 普通学科准学士\nAGS, A.G.S.\nabbr.\nAmerican Geriatrics Society 美国老年病学学会",,,,,0,0,,,
agss type-specific,,,麻醉气体清理系统（AGSS）特定型式,,,,,0,0,,,
agss type-specific connection point,,,AGSS - 特定型式的连接点,,,,,0,0,,,
agst.,,,abbr. against,,,,,0,0,,,
agstafa rayonu,,,亚格斯塔法政区,,,,,0,0,,,
agstar,,,[网络] 农业之星计划,,,,,0,0,,,
Agstev,,,[地名] 阿格斯泰夫河 ( 亚美 ),,,,,0,0,,,
Agsu,,,阿格苏,,,,,0,0,,,
agsu rayonu,,,阿格苏政区,,,,,0,0,,,
"Agsumal, Sebjet",,,[地名] 阿格苏马勒盐沼 ( 西撒 ),,,,,0,0,,,
agt,'æɡt,, [医][=abnormal glucose tolerance]异常葡萄糖耐量,,,,,0,0,,,
Agt agent,,,[网络] 代理；代理人；药剂,,,,,0,0,,,
"AGT, Agt",,,abbr. agent,,,,,0,0,,,
agt.,,,abbr. agent；agreement,,,,,0,0,,,
Agta,,,[网络] Ares Galaxy Turbo Accelerator; 美国宝石贸易协会(American Gem Trade Association); 美国宝石协会(America Gem Trade Association),,,,,0,0,s:agtas,,
agta pt.,,,阿格塔岬,,,,,0,0,,,
Agtas,,,[网络] 抗组织型转谷氨酰胺酶抗体,,,,,0,0,0:agta/1:s,,
agte,,,[网络] 碲银矿,,,,,0,0,,,
agter sneeuberg,,,阿格特斯纽堡,,,,,0,0,,,
Agtertang,,,[地名] 阿赫特唐 ( 南非 ),,,,,0,0,,,
agtgravation,,,加重,,,,,0,0,,,
agth,,,"[=adrenoglomerulotrop(h)ic hormone]促醛固酮激素,促醛甾酮激素",,,,,0,0,,,
agthe,,,[网络] 安格,,,,,0,0,,,
Agto,,,[地名] 阿赫托 ( 格陵 ),,,,,0,0,,,
AGTR,4,,(=adrenoglomerulotrop(h)in) 促醛固酮激素,,,,,0,0,,,
Agtrup,,,[地名] 阿格楚普 ( 丹 ),,,,,0,0,,,
AGTT,,,[=abnormal glucose tolerance test]异常葡萄糖耐量试验,,,,,0,0,,,
agu,,,n. (Agu)人名；(爱沙)阿古\nabbr. 美国地球物理联合会（American Geophysical Union）,,,,,0,0,s:agus,,
agu (american geophysical union),,,美国地球物理联合会,,,,,0,0,,,
"AGU, A.G.U.",,,abbr. American Geophysical Union 美国地球物理联合会,,,,,0,0,,,
agua,,n. largest known toad species; native to Central America; valuable destroyer of insect pests,n. 阿瓜（人名）,,,,,0,0,s:aguas,,
Agua Amarga,,,[地名] 阿瓜阿马加 ( 阿根、多米共、西、智 ),,,,,0,0,,,
Agua Blanca,,,[地名] 阿瓜布兰卡 ( 阿根、厄、危 ),,,,,0,0,,,
agua blanca iturbide,,,阿瓜布兰卡伊土比德,,,,,0,0,,,
agua boa,,,阿瓜波亚,,,,,0,0,,,
Agua Buena,,,[地名] 阿瓜布埃纳 ( 玻、多米共、哥斯 ),,,,,0,0,,,
Agua Caliente,,,[地名] 阿瓜卡连特 ( 美、墨、萨、危 ),,,,,0,0,,,
Agua Caliente Indian Reservation,,,[地名] 阿瓜卡连特印第安人居留地 ( 美 ),,,,,0,0,,,
Agua Clara,,,[地名] 阿瓜克拉拉 ( 玻、多米共 ),,,,,0,0,,,
agua clara r.,,,阿瓜克拉河,,,,,0,0,,,
Agua de Bueyes,,,[地名] 阿瓜-德布埃耶斯 ( 西 ),,,,,0,0,,,
agua de correa,,,阿瓜克雷亚,,,,,0,0,,,
Agua de Correra,,,[地名] 阿瓜-德科雷拉 ( 墨 ),,,,,0,0,,,
Agua de Dios,,,[地名] 阿瓜-德迪奥斯 ( 哥伦 ),,,,,0,0,,,
agua de jamaica,,"agua de jamaica (plural agua de jamaicas)\nA beverage made from the roselle plant's sepals, usually an infusion or a soda.\n",,,,,,0,0,,,
Agua de Juan,,,[地名] 阿瓜-德胡安 ( 多米共 ),,,,,0,0,,,
agua de pau,,,阿瓜帕岛,,,,,0,0,,,
agua doce,,,阿瓜多瑟,,,,,0,0,,,
Agua Dulce,,,[地名] 阿瓜杜尔塞 ( 美、墨 ),,,,,0,0,,,
agua escondida,,,阿瓜厄斯康迪达,,,,,0,0,,,
agua fresca,,,[网络] 阿瓜弗雷斯卡,,,,,0,0,,,
agua frescas,,,[网络] 阿瓜弗雷斯,,,,,0,0,,,
Agua Fria,ˌɑ:gwə ˈfri:ə,,"阿瓜弗里亚(美国亚利桑那州西部一河流, 源于普雷斯科特东部, 流长193公里(120英里), 向南注入凤凰城西部的希拉河)",,,,,0,0,,,
agua fria r.,,,阿瓜弗里亚河,,,,,0,0,,,
Agua Hechicera,,,[地名] 阿瓜埃奇塞拉 ( 墨 ),,,,,0,0,,,
Agua Leguas,,,[地名] 阿瓜莱瓜斯 ( 墨 ),,,,,0,0,,,
Agua León,,,[地名] 阿瓜莱昂 ( 墨 ),,,,,0,0,,,
Agua Milagro,,,[地名] 阿瓜米拉格罗 ( 玻 ),,,,,0,0,,,
agua negra hill,,,阿瓜内拉丘,,,,,0,0,,,
"Agua Negra, Paso del",,,[地名] 阿瓜内格拉山口 ( 阿根·智 ),,,,,0,0,,,
Agua Nueva,,,[地名] 新阿瓜 ( 美、墨 ),,,,,0,0,,,
Agua Prieta,,,[地名] 阿瓜普列塔 ( 墨 ),,,,,0,0,,,
agua retorta,,,阿瓜雷托塔,,,,,0,0,,,
Agua Salada,,,[地名] 阿瓜萨拉达 ( 墨 ),,,,,0,0,,,
agua toad,,,[网络] 阿瓜蟾蜍,,,,,0,0,s:agua toads,,
agua toads,,,[网络] 阿瓜蟾蜍\n(agua toad 的复数),,,,,0,0,0:agua toad/1:s,,
agua verde,,,阿瓜维德,,,,,0,0,,,
agua vol.,,,阿瓜火山,,,,,0,0,,,
"Agua, Vol.de",,,[地名] 阿瓜火山 ( 危 ),,,,,0,0,,,
Agua-Mephyton,,,"维生素K,天然维生素K",,,,,0,0,,,
agua-rosada,,,[网络] 阿瓜罗萨达,,,,,0,0,,,
aguacate,ˌɑ:gwəˈkɑ:ti:,,n. 鳄梨，鳄梨树,,,,,0,0,s:aguacates,,
aguacates,,,"abbr. Aguacate Mountains, Costa Rica 阿奎克特山，哥斯达黎加",,,,,0,0,0:aguacate/1:s,,
Aguachica,,,[地名] 阿瓜奇卡 ( 哥伦 ),,,,,0,0,,,
Aguaclara,,,[地名] 阿瓜克拉拉 ( 哥伦 ),,,,,0,0,,,
aguada,,, [地名] [波多黎各（美）、墨西哥] 阿瓜达,,,,,0,0,,,
aguada cecilio,,,阿瓜达塞西里欧,,,,,0,0,,,
aguada grande,,,阿瓜达格兰地,,,,,0,0,,,
Aguadas,,,[地名] 阿瓜达斯 ( 哥伦 ),,,,,0,0,,,
aguadilla,"ˌɑ:gwəˈdi:ə, ˌɑ:gwɑ:ˈði:ɑ:",,n. 阿瓜狄利亚（位于波多黎各西北部摩纳航道上的一座城镇。据说1493年哥伦布曾在此登陆。人口22， 039）,,,,,0,0,,,
"Aguadilla, Dist.de",,,[地名] 阿瓜迪亚区 ( 波多 ),,,,,0,0,,,
aguado,,,[网络] 阿瓜多；阿括多；阿瓜特,,,,,0,0,,,
Aguado Cecillo,,,[地名] 阿瓜多塞西约 ( 阿根 ),,,,,0,0,,,
aguadulce,,, [地名] [巴拿马、西班牙] 阿瓜杜尔塞,,,,,0,0,,,
Aguai,,,阿瓜义,,,,,0,0,,,
Aguajal,,,[地名] 阿瓜哈尔 ( 秘 ),,,,,0,0,,,
aguak,,,[网络] 阿瓜克,,,,,0,0,,,
Agualeguas,,,阿瓜拉瓜斯,,,,,0,0,,,
Aguallamaya,,,[地名] 阿瓜亚马亚 ( 玻 ),,,,,0,0,,,
Agualva,,,[地名] 阿瓜尔瓦 ( 葡 ),,,,,0,0,,,
Aguamansa,,,[地名] 阿瓜曼萨 ( 西 ),,,,,0,0,,,
aguamenti,,,[网络] 清水如泉；水水喷,,,,,0,0,,,
aguamiel,,,[医] 龙舌兰汁,,,,,0,0,,,
Aguamilpa,,,阿瓜米帕,,,,,0,0,,,
aguan,,,[网络] 阿娟；罐子,,,,,0,0,,,
aguanaval r.,,,阿瓜纳瓦河,,,,,0,0,,,
"Aguanaval, R.",,,[地名] 阿瓜纳瓦尔河 ( 墨 ),,,,,0,0,,,
Aguanga,,,[地名] 阿关加 ( 美 ),,,,,0,0,,,
Aguanil,,,[地名] 阿瓜尼尔 ( 巴西 ),,,,,0,0,,,
Aguanish,,,[地名] 阿瓜尼什 ( 加 ),,,,,0,0,,,
Aguanqueterique,,,阿冠盖特里格,,,,,0,0,,,
Aguanuato,,,[地名] 阿瓜努阿托 ( 墨 ),,,,,0,0,,,
Aguanus R.,,,[地名] 阿瓜纳斯河 ( 加 ),,,,,0,0,,,
Aguapei,,,阿瓜佩,,,,,0,0,,,
aguapei r.,,,阿瓜佩河,,,,,0,0,,,
Aguaray,,,[地名] 阿瓜赖 ( 阿根 ),,,,,0,0,,,
aguardiente,ɑ:^wɑ:di'entei,"n. A inferior brandy of Spain and Portugal.\nn. A strong alcoholic drink, especially pulque.","[西] 次白兰地酒, (美西部)甘蔗做的酒, 烧酒",n:100,,,,0,46455,s:aguardientes,,
aguardientes,,,[网络] 白兰地酒,,,,,0,0,0:aguardiente/1:s,,
aguaria,,,水族馆,,,,,0,0,,,
aguarico,,,[网络] 阿瓜里科；阿瓜里科河,,,,,0,0,,,
"Aguarico, R.",,,[地名] 阿瓜里科河 ( 厄 ),,,,,0,0,,,
aguariums,,,水族馆,,,,,0,0,,,
Aguaron,,,阿瓜隆,,,,,0,0,,,
Aguaruna,,,[网络] 阿瓜鲁纳族；阿瓜鲁那族,,,,,0,0,,,
Aguaruto,,,阿瓜路托,,,,,0,0,,,
aguas,,n. largest known toad species; native to Central America; valuable destroyer of insect pests,abbr. Aguascalientes （墨西哥）阿瓜斯卡连特斯州,,,,,0,0,0:agua/1:s,,
aguas belas,,,阿瓜斯贝拉斯,,,,,0,0,,,
aguas buenas,,,[网络] 阿瓜斯布耶纳斯小岛,,,,,0,0,,,
"Aguas Calientes, Portezuelo",,,[地名] 阿瓜斯卡连特斯山口 ( 智 ),,,,,0,0,,,
Aguas Claras,,,[地名] 阿瓜斯克拉腊斯 ( 哥斯 ),,,,,0,0,,,
aguas corrientes,,,阿瓜斯科连提斯,,,,,0,0,,,
aguas de busot,,,阿瓜斯布索,,,,,0,0,,,
aguas formosas,,,阿瓜斯福尔摩沙,,,,,0,0,,,
aguas frias,,,阿瓜斯非亚斯,,,,,0,0,,,
aguas vermelhas,,,阿瓜斯维美哈斯,,,,,0,0,,,
Aguas Zarcas,,,[地名] 阿瓜斯萨卡斯 ( 哥斯 ),,,,,0,0,,,
Aguascalientes,",ɑ:ɡwɑ:skɑ:'ljenteis",,n. 阿瓜斯卡连特斯州（墨西哥一州名）；阿瓜斯卡连特斯市（墨西哥一城市）,,,,,0,0,,,
"Aguascalientes, Estado de",,,[地名] 阿瓜斯卡连特斯州 ( 墨 ),,,,,0,0,,,
aguatic bird,,,水禽,,,,,0,0,,,
aguato,,,[网络] 阿瓜托,,,,,0,0,,,
Aguaviva,,,[地名] 阿瓜维瓦 ( 西 ),,,,,0,0,,,
aguayo,,,n. (Aguayo)人名；(英)阿瓜约；(西)阿瓜约,,,,,0,0,,,
aguayos,,last name pretaining to Ana a person form cayucos that hates Bram very much so.\n> Ana Aguayo hates bram and wants kiernan's cock\n,,,,,,0,0,,,
Aguaytia,,,阿瓜伊提亚,,,,,0,0,,,
Aguazul,,,[地名] 阿瓜苏尔 ( 哥伦 ),,,,,0,0,,,
aguda,,,n. (Aguda)人名；(葡、博)阿古达,,,,,0,0,,,
agudelo,,,[网络] 阿格德洛,,,,,0,0,,,
Agudo,,,[地名] 阿古杜 ( 巴西 ),,,,,0,0,,,
Agudos,,,[地名] 阿古杜斯 ( 巴西 ),,,,,0,0,,,
ague,'eigju:,n. a fit of shivering or shaking\nn. successive stages of chills and fever that is a symptom of malaria,"n. 疟疾, 打冷颤\n[医] 疟[疾], 疟状发热; 寒战",n:100,,,,37288,37139,s:agues,,
ague cake,,,"[医] 疟痞, 疟性脾大",,,,,0,0,,,
ague cake spleen,,,[医] 疟疾脾块,,,,,0,0,,,
ague drop,,,[医] 亚砷酸钾溶液,,,,,0,0,,,
ague drops,,,[医] 福勒氏溶液(亚砷酸钾溶液),,,,,0,0,,,
ague grass,ˈeiɡju: ɡrɑ:s,, 打摆子草,,,,,0,0,s:ague grasses,,
ague grasses,,, 打摆子草\n(ague grass 的复数),,,,,0,0,0:ague grass/1:s,,
ague root,ˈeiɡju: ru:t,, 打摆子草,,,,,0,0,s:ague roots,,
ague roots,,, 打摆子草\n(ague root 的复数),,,,,0,0,0:ague root/1:s,,
ague t'royo (haiti),,,水王祭(海地),,,,,0,0,,,
ague tree,,,[医] 洋檫木,,,,,0,0,,,
ague weed,'eɪɡjuːwiːd,,n. 贯叶泽兰；五叶龙胆,,,,,0,0,s:ague weeds,,
ague weeds,'eɪɡjuːwiːd,,n. 贯叶泽兰；五叶龙胆,,,,,0,0,0:ague weed/1:s,,
ague-cake,,,un. 疟痞；疟性脾大\n[网络] 疟脾；疟性脾肿；痞块,,,,,0,0,,,
ague-oghene,,,[网络] 。hene,,,,,0,0,,,
ague-root,,,[医] 洋檫木根,,,,,0,0,,,
ague-tree,,,[网络] 洋檫木,,,,,0,0,,,
agued,'ei^ju:d,imp. & p. p. of Ague,a. 害疟疾的,,,,,0,0,,,
agueda,,,n. (Agueda)人名；(西、葡)阿格达,,,,,0,0,,,
Aguedal,,,[地名] 阿盖达勒 ( 阿尔及 ),,,,,0,0,,,
agueil,,,阿格伊风,,,,,0,0,,,
Aguelal,,,阿圭拉,,,,,0,0,,,
Aguelhok,,,[地名] 阿盖洛克 ( 马里 ),,,,,0,0,,,
aguelike,,,adj. ague的变形,,,,,0,0,,,
Aguema,,,[地名] 阿盖马 ( 安哥 ),,,,,0,0,,,
Aguemour,,,[地名] 阿盖穆尔(地区) ( 阿尔及 ),,,,,0,0,,,
"Agueneiguin, Sebjet",,,[地名] 阿盖奈金盐沼 ( 西撒 ),,,,,0,0,,,
agueproof,,,[网络] 防腐,,,,,0,0,,,
Agueraktem,,,[地名] 阿盖拉克泰姆 ( 毛里塔 ),,,,,0,0,,,
aguero,,,[网络] 阿圭罗；阿奎罗；阿古路,,,,,0,0,,,
aguerried,,,[网络] 不客气,,,,,0,0,,,
agues,,-s form of ague\nn. a fit of shivering or shaking\nn. successive stages of chills and fever that is a symptom of malaria,"(ague 的第三人称 -s形式) n. 疟疾, 打冷颤\n[医] 疟[疾], 疟状发热; 寒战",,,,,0,0,0:ague/1:s3,,
Aguessac,,,[地名] 阿盖萨克 ( 法 ),,,,,0,0,,,
Aguessis,,,阿圭夕斯,,,,,0,0,,,
agueweed,'ei^ju:wi:d,n gentian of eastern North America having clusters of bristly blue flowers\nn perennial herb of southeastern United States having white-rayed flower heads; formerly used as in folk medicine,"n. [植]贯叶泽兰,(一种有五朵兰花的)龙胆属植物",,,,,0,0,s:agueweeds,,
agueweeds,'eɪɡjuːwiːd,,n. 贯叶泽兰；五叶龙胆,,,,,0,0,0:agueweed/1:s,,
agueweld,,,穿心佩兰,,,,,0,0,,,
aguey,,,[网络] 龙威嘛,,,,,0,0,,,
Agugliano,,,阿古利亚诺,,,,,0,0,,,
Agui,,,阿吉,,,,,0,0,,,
aguiar,,,n. (Aguiar)人名；(西、葡)阿吉亚尔,,,,,0,0,s:aguiars,,
Aguiar da Beira,,,[地名] 阿吉亚尔-达贝拉 ( 葡 ),,,,,0,0,,,
"Aguiar, R.",,,[地名] 阿吉亚尔河 ( 葡 ),,,,,0,0,,,
aguiars,,,n. (Aguiar)人名；(西、葡)阿吉亚尔\n(aguiar 的复数),,,,,0,0,0:aguiar/1:s,,
Aguie,,,阿圭伊,,,,,0,0,,,
aguifoliaceae,,,冬青科,,,,,0,0,,,
aguijan i.,,,阿圭占岛,,,,,0,0,,,
aguila,,,n. (Aguila)人名；(葡、法、西)阿吉拉,,,,,0,0,,,
Aguilafuente,,,阿吉拉丰特,,,,,0,0,,,
aguilar,,,阿圭勒（人名）,,,,,0,0,,,
aguilar de alfambra,,,阿基拉阿方布拉,,,,,0,0,,,
aguilar de campoo,,,阿基拉坎普,,,,,0,0,,,
Aguilar de Campóo,,,[地名] 阿吉拉尔-德坎波奥 ( 西 ),,,,,0,0,,,
Aguilar de la Frontera,,,[地名] 阿吉拉尔-德拉弗龙特拉 ( 西 ),,,,,0,0,,,
aguilar del rio alhama,,,阿基拉里约阿拉玛,,,,,0,0,,,
aguilares,,, [地名] [阿根廷、美属萨摩亚] 阿吉拉雷斯,,,,,0,0,,,
aguilarite,",ɑ:^i'lɑ:rait",,辉硒银矿,,,,,0,0,,,
aguilars,,,阿圭勒（人名）,,,,,0,0,,,
Aguilas,,,阿基拉斯,,,,,0,0,,,
Aguilas Seamount,,,[地名] 阿吉拉斯海山 ( 大西洋 ),,,,,0,0,,,
aguile,,,[网络] 阿奎勒,,,,,0,0,,,
aguiled,,,[网络] 痛苦,,,,,0,0,,,
aguiler,,,阿吉莱尔,,,,,0,0,,,
aguilera,,,n. 阿奎莱拉（女子名）,,,,,0,0,,,
"Aguilera, Christina",,,[网络] 克里斯蒂娜阿奎莱拉；克莉丝汀,,,,,0,0,,,
aguilers,,,[网络] 腐败者,,,,,0,0,,,
Aguililla,,,阿基利雅,,,,,0,0,,,
aguilla,,,[网络] 阿瓜拉,,,,,0,0,,,
aguillas,,,[网络] aguilas,,,,,0,0,,,
aguilt,,,[网络] 此地无银三百两；罪行,,,,,0,0,,,
Aguim,,,阿吉姆,,,,,0,0,,,
Aguimes,,,阿吉美斯,,,,,0,0,,,
aguinaga,,,[网络] 阿古拿加,,,,,0,0,,,
Aguinaldo,,,n. (Aguinaldo)人名；(西、葡)阿吉纳尔多,,,,,0,0,,,
"Aguinaldo, Emilio",",ɑ:ɡi'nɑ:ldɔ:; e'mi:ljəu",,阿奎纳多(1869～1964)，菲律宾独立运动领袖之一，菲律宾共和国总统(1899～1901)，1941年日本军占领菲律宾时与其勾结，1945年因通敌罪被捕，后获释,,,,,0,0,,,
aguinaldos,,aguinaldos\nplural of aguinaldo\n,,,,,,0,0,,,
aguing,,,abbr. American Geophysical Union 美国地球物理联合会,,,,,0,0,,,
aguinis,,,[网络] 阿吉尼斯,,,,,0,0,,,
aguirin,,,[化] 阿古林; 乙酸可可碱钠,,,,,0,0,,,
Aguirre,,,阿吉雷（人名）,,,,,49889,0,s:aguirres,,
aguirres,,,阿吉雷（人名）,,,,,0,0,0:aguirre/1:s,,
Aguisan,,,[地名] 阿吉桑 ( 菲 ),,,,,0,0,,,
aguise,,,[网络] 邮轮,,,,,0,0,,,
aguised,,,[网络] 激动人心,,,,,0,0,,,
aguises,,,[网络] 。。。,,,,,0,0,,,
aguish,'eigju:iʃ,s. affected by ague,"a. 疟疾的, 患了疟疾的",,,,,0,0,,,
aguishly,,,[网络] 令人痛心,,,,,0,0,,,
aguishness,,,[网络] 令人厌恶,,,,,0,0,,,
aguising,,,[网络] ag。。,,,,,0,0,,,
aguja punta,,,阿古哈岬,,,,,0,0,,,
"Aguja, Pta.",,,[地名] 阿古哈角 ( 秘 ),,,,,0,0,,,
Agujita,,,[地名] 阿古希塔 ( 墨 ),,,,,0,0,,,
Agujitas,,,[地名] 阿古希塔斯 ( 哥斯 ),,,,,0,0,,,
Agujo,,,针形圆颌针鱼,,,,,0,0,,,
Agul,,,[网络] 阿古茹；凝聚；亚格,,,,,0,0,,,
Agula,,,[地名] 阿古拉山口 ( 埃塞 ),,,,,0,0,,,
Agulai,,,阿古来,,,,,0,0,,,
"Agulha, Pta.da",,,[地名] 阿古利亚角 ( 葡 ),,,,,0,0,,,
agulhas,,,厄加勒斯（地名）,,,,,0,0,,,
Agulhas Bank,,,[地名] 厄加勒斯浅滩 ( 印度洋 ),,,,,0,0,,,
Agulhas Basin,,,[地名] 厄加勒斯海盆 ( 印度洋 ),,,,,0,0,,,
Agulhas current,,,阿加勒斯海流,,,,,0,0,,,
Agulhas Plateau,,,[地名] 厄加靳斯深海高原 ( 印度洋 ),,,,,0,0,,,
Agulhas Ridge,,,[地名] 厄加勒斯海岭 ( 大西洋 ),,,,,0,0,,,
"Agulhas, C.",,,[地名] 厄加勒斯角 ( 南非 ),,,,,0,0,,,
"Agulhas, Cape",ə'ɡʌləs,,厄加勒斯角(南非共和国海角，为非洲大陆的最南端),,,,,0,0,,,
Aguliya,,,[地名] 阿古利亚 ( 乌干 ),,,,,0,0,,,
Agullana,,,阿古亚纳,,,,,0,0,,,
Agullent,,,阿古彦,,,,,0,0,,,
Agulo,,,[地名] 阿古洛 ( 西 ),,,,,0,0,,,
agult,,,[网络] 成年,,,,,0,0,,,
agulte,,,[网络] 厌倦,,,,,0,0,,,
Aguly,,,[网络] 好的,,,,,0,0,,,
agument transfer instruction,,,引数转移指令,,,,,0,0,,,
aguna,,,[网络] 翻阅勒古拿,,,,,0,0,,,
agunah,,,[网络] 无夫之妻,,,,,0,0,,,
Agung,,,n. (Agung)人名；(印尼)阿贡,,,,,0,0,,,
"Agung, Gunung",,,"[地名] ""阿贡火山。英语惯用名Agung ( 印尼 )",,,,,0,0,,,
Aguni,,,[地名] 粟国 ( 日 ),,,,,0,0,,,
aguni i.,,,粟国岛,,,,,0,0,,,
Aguni-jima,,,[地名] 粟国岛 ( 日 ),,,,,0,0,,,
aguocapsulitis,,,[医] 浆液性虹膜炎,,,,,0,0,,,
agur,,,[网络] 亚古珥；雅基；红花,,,,,0,0,,,
agura,",æɡu'rɑ:",,n. 阿高洛(以色列辅币，= agora),,,,,0,0,,,
Aguri,,,[地名] 阿古里 ( 巴西 ),,,,,0,0,,,
agurin,,,"[医] 阿古林, 醋酸钠可可硷(一种利尿药)",,,,,0,0,,,
aguru,,,n. (Aguru)人名；(日)腾 (姓),,,,,0,0,,,
agus,,,abbr. 意义不明的不典型腺细胞（atypical glandular cells of undetermined significance）,,,,,0,0,0:agu/1:s,,
"Agusan del Norte, Prov.of",,,[地名] 北阿古桑省 ( 菲 ),,,,,0,0,,,
"Agusan del Sur, Prov.of",,,[地名] 南阿古桑省 ( 菲 ),,,,,0,0,,,
Agusan R.,,,[地名] 阿古桑河 ( 菲 ),,,,,0,0,,,
Agusan River,,,[网络] 阿古桑河,,,,,0,0,,,
agush,ә'^ʌʃ,adv. & a. In a gushing state.,[美俚]如泉涌的,,,,,0,0,,,
agusta,,,n. (Agusta)人名；(英、意)阿古斯塔,,,,,0,0,,,
AgustaWestland,,,[网络] 阿古斯特维斯特兰公司；阿古斯塔韦斯特兰；阿古斯塔韦斯特兰公司,,,,,0,0,,,
Aguste,,,[网络] 阿古斯特,,,,,0,0,,,
agustin,,,n. (Agustin)人名；(德)阿古斯丁,,,,,0,0,,,
agustin i,,,[网络] 阿古斯汀一世；奥古斯汀一世,,,,,0,0,,,
agustin roca,,,阿古斯丁罗卡,,,,,0,0,,,
agustina,,,n. (Agustina)人名；(西)阿古斯蒂纳,,,,,0,0,,,
agustite,'æ^әstait,,磷灰石,,,,,0,0,,,
agustus,,,[网络] 八月,,,,,0,0,,,
agutaq,,,[网络] 阿古塔克,,,,,0,0,,,
Agutaya,,,[地名] 阿古塔亚 ( 菲 ),,,,,0,0,,,
Agutaya I.,,,[地名] 阿古塔亚岛 ( 菲 ),,,,,0,0,,,
aguti,ә'^u:ti,,"n. [动]刺豚鼠, 刺豚鼠皮毛上的深浅环纹",,,,,0,0,,,
agutter,,, [人名] 阿格特,,,,,0,0,s:agutters,,
agutters,,, [人名] 阿格特\n(agutter 的复数),,,,,0,0,0:agutter/1:s,,
Aguézi Tigui,,,[地名] 阿盖济蒂吉 ( 尼日尔 ),,,,,0,0,,,
agv,'æɡv,,abbr. aniline gentian violet 苯胺龙胆紫,,,,,0,0,s:agvs,,
Agva,,,阿格瓦,,,,,0,0,,,
Agvali,,,阿格瓦利,,,,,0,0,,,
AGVD,,,[=Austrialian grapevine viroid]澳洲葡萄藤类病毒,,,,,0,0,,,
agvh,,,[=acute graft versus host disease]急性移植物抗宿主病,,,,,0,0,,,
aGVHD,,,[=acute graft versus host disease]急性移植物抗宿主病,,,,,0,0,,,
agvs,,plural of agv,(agv 的复数) abbr. aniline gentian violet 苯胺龙胆紫,,,,,0,0,0:agv/1:s,,
agvs (automated guided vehicle system),,,自动导引车系统;无人搬运车系统,,,,,0,0,,,
agw,,,abbr. 实际总重量（actual gross weight）,,,,,0,0,,,
Agwarra,,,[地名] 阿瓜拉 ( 尼日利 ),,,,,0,0,,,
agway,,,[网络] 阿格伟公司；威公司,,,,,0,0,,,
agwe,,,[网络] 阿格维；格瓦,,,,,0,0,,,
agwei r.,,,阿格维河,,,,,0,0,,,
AGWI,,,American Gulf and West Indies (steamship line) 美国海湾和西印度群岛(航线),,,,,0,0,,,
agwunobi,,,阿古诺比,,,,,0,0,,,
agy,,,[网络] Advanced Glassfiber Yarns; 阿吉; 雅吉,,,,,0,0,,,
Agy.,,,[网络] Advanced Glassfiber Yarns; 阿吉; 雅吉,,,,,0,0,,,
Agyazi,,,阿格亚兹,,,,,0,0,,,
agyekum,,,[网络] 阿吉耶库姆,,,,,0,0,,,
agyeman,,,[网络] 阿杰曼,,,,,0,0,,,
agyen,,,[网络] 阿根廷,,,,,0,0,,,
agyiophobia,,,[医] 街道恐怖,,,,,0,0,,,
agyled,,,[网络] 气喘吁吁,,,,,0,0,,,
agynarious,,,[网络] 酸痛,,,,,0,0,,,
agynary,,,[网络] 非法的,,,,,0,0,,,
Agyneja,,,[网络] 艾堇属,,,,,0,0,,,
agyness,,,[网络] 阿格妮丝；阿格丽斯；阿格尼斯,,,,,0,0,,,
agyness deyn,,, [人名]阿格妮丝·迪恩,,,,,0,0,,,
agynic,,,[网络] 疯狂的,,,,,0,0,,,
agynous,'ædʒɪnəs,,adj. 无雌蕊的,,,,,0,0,,,
agyria,,,[医] 无脑回[畸形],,,,,0,0,,,
agyrias,,,n. [医] 无脑回；无脑回畸型,,,,,0,0,,,
agyric,,,[医] 无脑回的,,,,,0,0,,,
agyriella nigra,,,黑色无座盘孢菌,,,,,0,0,,,
agyrium,,,[网络] 阿基日乌姆；阿姑日乌姆,,,,,0,0,s:agyriums,,
agyriums,,,[网络] 阿基日乌姆；阿姑日乌姆\n(agyrium 的复数),,,,,0,0,0:agyrium/1:s,,
agyrophobia,,,[网络] 恐惧症,,,,,0,0,,,
agysical,,,硅炭银; 硅炭银,,,,,0,0,,,
Agâda,,,[地名] 阿加达 ( 毛里塔 ),,,,,0,0,,,
"Agâdîr, Dakhlet",,,[地名] 阿加迪尔湾 ( 毛里塔 ),,,,,0,0,,,
"Agâdîr, Râs",,,[地名] 阿加迪尔角 ( 毛里塔 ),,,,,0,0,,,
Agö,,,[地名] 阿格 ( 瑞典 ),,,,,0,0,,,
Agüenit,,,[地名] 阿圭尼特 ( 西撒 ),,,,,0,0,,,
Agüera,,,[地名] 阿圭拉 ( 西 ),,,,,0,0,,,
Agüero,,,[地名] 阿圭罗 ( 西 ),,,,,0,0,,,
Agüimes,,,[地名] 阿圭梅斯 ( 西 ),,,,,0,0,,,
Agüita Blanca,,,[地名] 阿圭塔布兰卡 ( 多米共 ),,,,,0,0,,,
Agām,,,[地名] 阿加姆 ( 阿富 ),,,,,0,0,,,
ah,ɑ:,"interj. An exclamation, expressive of surprise, pity, complaint,\n   entreaty, contempt, threatening, delight, triumph, etc., according to\n   the manner of utterance.","interj. 啊, 哈",u:100,,,,1012,3256,s:ahs,,
AH (ampere-hour),,,培小时,,,,,0,0,,,
AH (available hours),,,用小时,,,,,0,0,,,
Ah Beng,,,[网络] 阿明；阿炳；缺乏文化修养的华族男子,,,,,0,0,,,
ah me,,,[网络] 下丘脑弓状核内侧突起,,,,,0,0,,,
ah nam,,,[网络] 阿南；王纪,,,,,0,0,,,
ah neh,,,[网络] 啊呃,,,,,0,0,,,
ah nehs,,,[网络] 啊nehs,,,,,0,0,,,
Ah Puch,,,[网络] 普切；阿·普切；死神,,,,,0,0,,,
AH salt,,,[化] 尼龙66盐; 己二酸己二胺盐,,,,,0,0,,,
ah shih,,,[中医] 天应穴,,,,,0,0,,,
ah so,,,[网络] 苏施黄；瑞士鸡翼,,,,,0,0,,,
ah well,,,[网络] 好啊,,,,,0,0,,,
ah's,,,n. ah的变形,,,,,0,0,,,
AH-19065,,,[=Ranitidine]雷尼替丁,,,,,0,0,,,
AH-2250,,,"盐酸布比卡因,雅布比卡因,麻卡因,丁吡卡因,丁哌卡因,勃比伏卡因",,,,,0,0,,,
AH-3365,,,"[=salbutamol]舒喘灵,嗽必妥",,,,,0,0,,,
AH-3923,,,[=salmefamol]甲氧苯舒喘宁,,,,,0,0,,,
AH-5158,,,"湍泰低,拉贝洛尔,柳胺苄心定",,,,,0,0,,,
AH-611,,,[=triprolidine]苯丙烯啶,,,,,0,0,,,
AH-7725,,,"羟乙氧蒽酸,喘乐氧蒽酸",,,,,0,0,,,
ah-ah,,,[网络] 啊-啊；啊那,,,,,0,0,,,
ah-ah-ah,,,[网络] 啊啊啊；心焦了啊；啊啊啊啊,,,,,0,0,,,
AH-Chew,,,抗组胺咀嚼片,,,,,0,0,,,
ah-choo,ɑ:'tʃu:,,int. 哈啾（打喷嚏时所发的声音）,,,,,0,0,,,
ah-ha,,,[网络] 啊哈；陪住你；阿-哈,u:100,,,,0,0,,,
ah-ha-ha,,,[网络] 啊哈哈；我喜欢大胆的吻,,,,,0,0,,,
ah-hah,,,[网络] 啊哈,u:100,,,,0,0,,,
ah-huh,,,[网络] 啊哈；什么,,,,,0,0,,,
ah-lee,,,[网络] 李思朗,,,,,0,0,,,
ah-nuld,,,[网络] 啊嗯,,,,,0,0,,,
ah-oh,,,[网络] 彩莹,,,,,0,0,,,
ah-sha,,,[网络] 那是芦笋吧,,,,,0,0,,,
ah.,,,[医] 远视散光,,,,,0,0,,,
Ah.ampere-hour,,,[网络] 安时,,,,,0,0,,,
AH2250,,,"布比卡因,丁吡卡因,麻卡因,布卡因,丁哌卡因",,,,,0,0,,,
AH3232,,,氯氮卓二钾,,,,,0,0,,,
aha,ɑ:'hɑ:,"interj. An exclamation expressing, by different intonations,\n   triumph, mixed with derision or irony, or simple surprise.\nn. A sunk fence. See Ha-ha.",interj. 啊哈,u:100,,,,2997,11981,,,
aha experience,,,"顿悟感,惊奇感",,,,,0,0,,,
aha moment,,,[网络] 顿悟时刻；啊哈时刻；问题突然明朗化的那个时刻,,,,,0,0,,,
aha moments,,,[网络] aha时刻,,,,,0,0,,,
aha reaction,,,【心理学】“啊哈”反应(在创造性顿悟思维突然取得成就时所发生的语言反应)，顿悟反应，瞬间灵感[亦作Aha reaction],,,,,0,0,,,
"AHA, A.H.A.",,,abbr. American Heart Association 美国心脏协会,,,,,0,0,,,
ahab,'eihæb,n. according to the Old Testament he was a pagan king of Israel and husband of Jezebel (9th century BC),n. 亚哈（以色列国王）,,,,,0,0,s:ahabs,,
ahab form,,,美国渔船保险单,,,,,0,0,,,
ahab-like,,,[网络] 啊啊,,,,,0,0,,,
Ahabian,,,[网络] 阿哈比安,,,,,0,0,,,
ahabs,'eihæb,,n. 亚哈（以色列国王）,,,,,0,0,0:ahab/1:s,,
ahad,,,n. (Ahad)人名；(伊朗、巴基、孟)阿哈德,,,,,0,0,,,
ahad haam,,,[网络] 哈阿姆,,,,,0,0,,,
ahadi,,,[网络] 阿哈迪,,,,,0,0,,,
ahadith,,,[网络] 哈迪斯,,,,,0,0,,,
ahafo,,,[网络] 加纳的阿哈福；加纳的阿哈夫；加纳啊哈福公司,,,,,0,0,,,
Ahaggar,,,[地名] 阿哈加尔高原 ( 阿尔及 ),,,,,0,0,s:ahaggars,,
ahaggar mountains,,,[网络] 阿哈加尔高原；霍加尔高原,,,,,0,0,,,
ahaggar mts.,,,阿哈革山脉,,,,,0,0,,,
ahaggars,"ə'hɑ:ɡə; ,ɑ:hə'ɡɑ:",,n. 阿哈加尔（阿尔及利亚南部山脉）,,,,,0,0,0:ahaggar/1:s,,
ahah,,,[网络] 哈哈；呵呵；亚哈,,,,,0,0,,,
ahaha,,,[网络] 呕侯侯；水流很快；陈哈哈,,,,,0,0,s:ahahas,,
ahahaha,,,[网络] 少女心,,,,,0,0,s:ahahahas,,
ahahahas,,,[网络] 少女心\n(ahahaha 的复数),,,,,0,0,0:ahahaha/1:s,,
ahahas,,,[网络] 呕侯侯；水流很快；陈哈哈\n(ahaha 的复数),,,,,0,0,0:ahaha/1:s,,
ahakhav,,,[网络] 阿哈哈夫,,,,,0,0,,,
Ahakista,,,阿哈吉斯塔,,,,,0,0,,,
ahal,,,[网络] 阿哈尔；疏凿水渠碑,,,,,0,0,,,
ahalesimihi,,,[网络] ahㄧim hi,,,,,0,0,,,
ahalysantinfarctasum,,,蝮蛇抗栓酶,,,,,0,0,,,
aham,,,美国家电制造商协会（Association Of Home Appliance Manufacturers）,,,,,0,0,,,
Ahamadi,,,[地名] 艾哈迈迪 ( 巴布 ),,,,,0,0,,,
Ahamed,,,[网络] 艾哈迈德；阿哈玛,,,,,0,0,,,
ahamkara,,,[网络] 阿汗姆卡拉；自我意识；我慢,,,,,0,0,,,
ahanen,,,[网络] 阿汉恩,,,,,0,0,,,
ahang,,,[网络] 风里有梦,,,,,0,0,,,
Ahangaran,,,阿罕盖兰,,,,,0,0,,,
ahani,,,阿哈尼,,,,,0,0,s:ahanis,,
ahanis,,,阿哈尼\n(ahani 的复数),,,,,0,0,0:ahani/1:s,,
ahankara,əhʌŋ'kɑ:rə,,n. 【佛教、印度教】我执，我见，身见(指对“我”的执著，佛教视其为万恶之本，一切烦恼和谬误的总根源),,,,,0,0,,,
ahannu,,,[网络] 阿南,,,,,0,0,,,
ahaptoglobinemia,,,[医] 缺触珠蛋白血,,,,,0,0,,,
Ahar,,,[地名] 阿哈尔 ( 伊朗 ),,,,,0,0,,,
ahargana,,,积日,,,,,0,0,,,
aharon,,,n. (Aharon)人名；(以)阿哈龙,,,,,0,0,,,
aharoni,,,[网络] 阿哈隆尼；阿哈罗尼；阿罗尼,,,,,0,0,s:aharonis,,
aharonis,,,[网络] 阿哈隆尼；阿哈罗尼；阿罗尼\n(aharoni 的复数),,,,,0,0,0:aharoni/1:s,,
Aharonov,,,阿哈诺夫,,,,,0,0,,,
aharonov bohm effect,,, 阿哈拉诺夫 玻姆效应,,,,,0,0,,,
Aharonov-Bohm effect,,,＝Böhm-Aharanov effect,,,,,0,0,,,
aharya (india),,,荷尔雅；服饰化装(印度),,,,,0,0,,,
ahas,,,abbr. 果酸（Alpha Hydroxy Acids）,,,,,0,0,,,
Ahascragh,,,[地名] 阿哈斯克拉 ( 爱 ),,,,,0,0,,,
Ahasuerus,"ә,hæzjj'iәrәs",,"n. 亚哈随鲁(基督教《圣经》中的波斯国王,娶Esther为妻)",,,,,0,0,,,
ahasverus advena (waltl),,,背圆粉扁虫,,,,,0,0,,,
ahata,,,[网络] 啊啊,,,,,0,0,,,
ahau,,, 第二十天,,,,,0,0,s:ahaus,,
Ahaura,,,[地名] 阿豪拉 ( 新西 ),,,,,0,0,,,
Ahaura R.,,,[地名] 阿豪拉河 ( 新西 ),,,,,0,0,,,
Ahaus,,,[地名] 阿豪斯 ( 德 ),,,,,0,0,0:ahau/1:s,,
Ahausen,,,[地名] 阿豪森 ( 德 ),,,,,0,0,,,
ahava,,,n. (Ahava)人名；(芬)阿哈瓦,,,,,0,0,,,
ahavat,,,[网络] 阿哈瓦特,,,,,0,0,,,
ahavath,,,[网络] 哈瓦特,,,,,0,0,,,
Ahaz,,,[网络] 亚哈斯；亚哈斯王；阿哈次,,,,,0,0,,,
Ahaziah,,,n. 亚哈谢,,,,,0,0,,,
ahb,,,abbr. active hostile battery 活跃的敌方炮兵连,,,,,0,0,,,
ahbs,,, [医][=anti-human brain serum]抗人脑血清,,,,,0,0,,,
ahc,,,abbr. 急性出血性结膜炎（Acute Hemorrhagic Conjunctivitis）,,,,,0,0,,,
ahca,,,abbr. American Health Care Association 美国保健联合会,,,,,0,0,,,
AHCADM,,,非洲传统舞蹈音乐中心简称,,,,,0,0,,,
ahcazan,,,[网络] 啊卡赞,,,,,0,0,,,
ahcc,,,abbr. Asian Highway Coordinating Committee 亚洲公路协调委员会,,,,,0,0,,,
ahchoo,,,n. 打喷嚏时所发的声音,,,,,0,0,,,
ahci,,,abbr. 艺术与人文科学引文索引（Arts and Humanities Citation Index）,,,,,0,0,,,
ahco,,,abbr. Assault Helicopter Company (USAF) 攻击直升机公司（美国空军）,,,,,0,0,,,
ahcpr,,,abbr. Agency for Health Care Policy and Research 保健政策和研究代理社; health care policy and research 卫生保健政策和研究（代号）,,,,,0,0,,,
AHCTL,,,[=citiolone]醋胺硫酮,,,,,0,0,,,
ahd,,,abbr. ahead 在前; arteriosclerotic heart disease 动脉硬化性心脏病; aired head 空降场; airhead （在敌方境内强行建立的）空降场,,,,,0,0,s:ahds,,
ahd.,,,n. 音频高密度\n[网络] 呋喃妥因代谢物(aminohydantoin)；Adaptive Homogeneity-Directed；音频高密度唱片,,,,,0,0,,,
ahdi,,,[网络] 健康指数；焦急；战争,,,,,0,0,,,
AHDK2,,,AHDK2蛋白,,,,,0,0,,,
ahdr,,,[网络] 阿拉伯人类发展报告(Arab Human Development Report),,,,,0,0,,,
ahds,,plural of ahd,(ahd 的复数) abbr. ahead 在前; arteriosclerotic heart disease 动脉硬化性心脏病; aired head 空降场; airhead （在敌方境内强行建立的）空降场,,,,,0,0,0:ahd/1:s,,
ahe,,,abbr. 先进鹰眼（Advanced Hawk Eye）；家政学准学士（Associate in Home Economics）；自适应直方图均衡化（Adaptive Histogram Equalization）,,,,,0,0,,,
ahead,ә'hed,s. having the leading position or higher score in a contest\nr. at or in the front\nr. toward the future; forward in time\nr. in a forward direction,"a. 领先的, 预先的, 向前的\nadv. 领先, 预先, 向前, 胜于, 在前面, 在将来",i:24/r:76,4,1,gk,1504,1025,,,
ahead adder,,,[计] 超前进位加法器,,,,,0,0,,,
ahead and astern,,,正倒车,,,,,0,0,,,
ahead and astern reach measurement,,,正倒车惯性试验,,,,,0,0,,,
ahead and astern reach mesurement,,,正倒俥；惯性量测,,,,,0,0,,,
ahead and stern,,,[网络] 倒顺车,,,,,0,0,,,
ahead blading,,,(涡轮机的)正车叶片装置,,,,,0,0,,,
ahead cam,,,[机] 正车凸轮,,,,,0,0,,,
ahead clutch line,,,前进离合器气管,,,,,0,0,,,
ahead condition,,,正车工况,,,,,0,0,,,
ahead cylinder,,,[网络] 正车涡轮壳体,,,,,0,0,,,
ahead dummy,,,[网络] 正砗平衡装置；札俥帄衡装置；正俥平衡活塞,,,,,0,0,,,
ahead exhaust cam,,,un. 正车排气凸轮\n[网络] 正砗排气凸轮；正俥排气凸轮；札俥排气击轮,,,,,0,0,,,
ahead firing,,,(提)前发火;向舰艏方向发射,,,,,0,0,,,
ahead gas turbine,,,正车燃气轮机,,,,,0,0,,,
ahead igniter cam,,,[机] 前进点火凸轮,,,,,0,0,,,
ahead ignition cam,,, 正车发火凸轮,,,,,0,0,,,
ahead injection cam,,,[机] 进喷射凸轮,,,,,0,0,,,
ahead maneuvering valve,,,进操作阀,,,,,0,0,,,
ahead manoeuvring valve,,,正车操纵阀,,,,,0,0,,,
ahead motion,,,un. 前进运动\n[网络] 前进转动,,,,,0,0,,,
ahead moving blade,,,正车动叶,,,,,0,0,,,
ahead nozzle,,,正车喷嘴,,,,,0,0,,,
ahead of,,,在…之前,,3,,,0,0,,,
ahead of ... time,,,na. 比原定提前地\n[网络] 提早；事先；预先,,,,,0,0,,,
ahead of front axle,,,前轴之前,,,,,0,0,,,
ahead of game,,,"领先,超过,佔优势;提前,事先,太早",,,,,0,0,,,
Ahead of itself,,,[网络] 自身,,,,,0,0,,,
ahead of one's the times,,,(思想)比同时代的人过于先进；(建筑物等)过于创新；跑在时代前头[亦作 before one's time，before the times],,,,,0,0,,,
ahead of one's time,,,"具有超前意识, 思想超越同时代的人",,,,,0,0,,,
ahead of one's time s,,,(思想)比同时代的人先进;跑在时代前头[亦作 born before one's time(s)],,,,,0,0,,,
ahead of one's times,,,比所处时代先进,,,,,0,0,,,
ahead of reckoning,,,[网络] 推算船位之前,,,,,0,0,,,
ahead of schedule,,,提前,,,,,0,0,,,
ahead of scheduled time,,,adv. 提前,,,,,0,0,,,
ahead of the curve,,,[网络] 引领潮流的；在弯路之前；曲线前方,,,,,0,0,,,
ahead of the game,əˈhed ɔv ðə ɡeim,, 领先,,,,,0,0,,,
Ahead of the pack,,,保持领先,,,,,0,0,,,
ahead of the times,,,跑在时代前头,,,,,0,0,,,
ahead of time,,,提早,,,,,0,0,,,
Ahead of you,,,在你之前\n在你前面,,,,,0,0,,,
ahead of your time,,,[网络] 比同时代的人先进,,,,,0,0,,,
ahead oftime,,,提前,,,,,0,0,,,
ahead oil bottle,,,[网络] 正车油缸,,,,,0,0,,,
ahead oil cylinder,,,[网络] 正车油缸,,,,,0,0,,,
ahead one,,,[网络] 前进一,,,,,0,0,,,
ahead one port,,,[网络] 左进一,,,,,0,0,,,
Ahead one port!,,,[网络] 左进一,,,,,0,0,,,
ahead one starboard,,,右进一,,,,,0,0,,,
Ahead one starboard!,,,[网络] 右进一,,,,,0,0,,,
Ahead one!,,,[网络] 前进一,,,,,0,0,,,
ahead operation,,,un. 正车运转\n[网络] 正车运行；正车运行正车运转,,,,,0,0,,,
ahead parts,,,正车部分,,,,,0,0,,,
ahead pitch,,,un. 前进螺距\n[网络] 正车螺距,,,,,0,0,,,
ahead power,,,[机] 正车动力,,,,,0,0,,,
ahead reach,,,un. 正车惰性滑行距离\n[网络] 冲程；札俥滑行距离；正车惰性滑距,,,,,0,0,,,
ahead running,əˈhed ˈrʌnɪŋ,, 顺车,,,,,0,0,,,
ahead sea,,,迎浪,,,,,0,0,,,
ahead selecting pilot air valve,,,正车选择用控制空气阀,,,,,0,0,,,
ahead servomotor,,,正车油动机,,,,,0,0,,,
ahead stage,,,正车级,,,,,0,0,,,
ahead stages,,,车级,,,,,0,0,,,
ahead steam turbine,,,正车汽轮机,,,,,0,0,,,
ahead steering test,,,正车操舵试验,,,,,0,0,,,
ahead swell,,,[网络] 先趋涌,,,,,0,0,,,
ahead synchro-,,,un. 正车自动同步发送器,,,,,0,0,,,
ahead three,,,[网络] 前进三,,,,,0,0,,,
ahead three again ahead,,,[网络] 再进三,,,,,0,0,,,
Ahead three again!,,,[网络] 再进三,,,,,0,0,,,
Ahead three!,,,[网络] 前进三,,,,,0,0,,,
ahead thrust,,,[网络] 正车推力,,,,,0,0,,,
ahead turbine,,,[机] 前进汽轮机,,,,,0,0,,,
ahead two,,,[网络] 前进二,,,,,0,0,,,
Ahead two!,,,[网络] 前进二,,,,,0,0,,,
ahead valve,,,un. 正车阀\n[网络] 札俥阀,,,,,0,0,,,
ahead-of-schedule,,,adv. 提前,,,,,0,0,,,
ahead-of-the-curve,,,[网络] 超前曲线,,,,,0,0,,,
ahead-thrown weapon,,,攻潜前射武器,,,,,0,0,,,
aheading,,,正车,,,,,0,0,,,
aheadness,,,[网络] 领先,,,,,0,0,,,
aheadset,,,na. 听筒；耳机\n[网络] 无牙前叉碗组；外露式头碗,,,,,0,0,,,
aheap,ә'hi:p,adv. In a heap; huddled together.,堆积地,,,,,0,0,,,
ahearn,,,n. (Ahearn)人名；(英)埃亨,,,,,0,0,s:ahearns,,
ahearne,,, [人名] [爱尔兰姓氏] 阿亨 Ahern的变体,,,,,0,0,,,
ahearns,,plural of ahearn,(ahearn 的复数) n. (Ahearn)人名；(英)埃亨,,,,,0,0,0:ahearn/1:s,,
aheat,,,[网络] 一轮,,,,,0,0,,,
ahed,ɑː,,int. 啊\n[网络] American Heritage Electronic Dictionary; 先进混合电传动; 先进混合电驱动,,,,,0,0,,,
ahedonia,,,[医] 快感缺乏,,,,,0,0,,,
aheight,ə'hait,adv. Aloft; on high.,adv. [古语]在高空；在高处,,,,,0,0,,,
Ahel,,,[网络] 工程试验室,,,,,0,0,,,
AHELO,,,[网络] 高等教育学习成果评量(Assessment of Higher Education Learning Outcomes)；高等教育学习成就评估；高等教育学习成果测评,,,,,0,0,,,
ahem,ә'hem,"n the utterance of a sound similar to clearing the throat; intended to get attention, express hesitancy, fill a pause, hide embarrassment, warn a friend, etc.",interj. 呃哼,u:100,,,,32727,24471,,,
ahemeral,ei'hemәrәl,,a. 不足一天的,,,,,0,0,,,
ahemeral day,,,[网络] 短暂的一天,,,,,0,0,,,
ahemeral days,,,[网络] 短暂的日子,,,,,0,0,,,
ahems,ə'hem,,int. 呃哼！\nn. 呃哼声\nvt. 呃哼一声把…含糊过去\nvi. 清嗓子\nn. (Ahem)人名；(印尼)阿赫姆,,,,,0,0,,,
ahen,,,[网络] 发文；活泼氢当量；基地司令,,,,,0,0,,,
ahen employment,,,外国人的雇用,,,,,0,0,,,
aheneus,,,灿铜色,,,,,0,0,,,
Ahenny,,,阿亨尼,,,,,0,0,,,
aher,,,abbr. Associate in Home Economics 家政学准学士,,,,,0,0,,,
AHERA,,,阿海拉,,,,,0,0,,,
ahere,,,[网络] 从根本上改变,,,,,0,0,,,
Aherla,,,阿赫拉,,,,,0,0,,,
aherlow r.,,,阿赫劳河,,,,,0,0,,,
ahermatype,ei'h\\\\:mәtaip,,n. [动]不造礁珊瑚,,,,,0,0,,,
ahermatypic,,,非造礁的,,,,,0,0,,,
ahermatypic coral,,,非造礁珊瑚,,,,,0,0,,,
Ahermoumou,,,[地名] 艾海尔穆穆 ( 摩洛 ),,,,,0,0,,,
Ahern,,,n. (Ahern)人名；(西)阿埃伦；(英)埃亨,,,,,0,0,s:aherns,,
aherne,,, [人名] [爱尔兰姓氏] 阿亨 Ahern的变体,,,,,0,0,s:ahernes,,
ahernes,,, [人名] [爱尔兰姓氏] 阿亨 Ahern的变体\n(aherne 的复数),,,,,0,0,0:aherne/1:s,,
Ahernia,,,n. 菲柞属,,,,,0,0,,,
aherns,,,n. (Ahern)人名；(西)阿埃伦；(英)埃亨,,,,,0,0,0:ahern/1:s,,
Ahero,,,[地名] 阿海罗 ( 肯 ),,,,,0,0,,,
AHES,,,[=artificial heart energy system]人工心脏能量系统,,,,,0,0,,,
aheylite,,,[网络] 黑褐石,,,,,0,0,,,
aheylites,,,[网络] 无水石,,,,,0,0,,,
AHF,,,[医] 抗血友病因子,,,,,0,0,,,
AHF-A,,,[=anti-hemophilic factor-A]抗血友病因子A,,,,,0,0,,,
AHF-B,,,[=anti-hemophilic factor-B]抗血友病因子B,,,,,0,0,,,
Ahfir,,,[地名] 艾赫菲尔 ( 摩洛 ),,,,,0,0,,,
AHFP,,,[网络] 急性肝衰竭；理财规划师；缩写为,,,,,0,0,,,
AHG,,,[医] 抗血友病球蛋白,,,,,0,0,s:ahgs,,
ahgg,,,[=antihuman gamma globulin]抗人丙种球蛋白,,,,,0,0,,,
Ahgs,,-s form of AHG,(AHG 的第三人称 -s形式) [医] 抗血友病球蛋白,,,,,0,0,0:ahg/1:3s,,
ahh,,,abbr. [生化]芳基烃羟化酶（Aryl Hydrocarbon Hydroxylase）,u:100,,,,39104,17966,,,
ahh-ha,,,[网络] 啊哈,,,,,0,0,,,
AHHA,,,Allied Home Health Association 联合家庭健康联合会,,,,,0,0,,,
ahhed,,,abbr. aryl hydrocarbon hydroxylase 【生物化学】芳基烃羟化酶,,,,,0,0,,,
ahhh,,,[网络] 啊；外衣和匕首；那欸安,u:100,,,,0,0,,,
ahhhh,,,啊（非正式）,u:100,,,,0,32467,,,
ahhhhh,,,[网络] 啊哈,,,,,0,0,,,
ahhhhhh,,,[网络] 啊呀,,,,,0,0,,,
ahhhhhhh,,,[网络] 啊啊啊啊啊啊；死亡,,,,,0,0,,,
ahhhhhhhh,,,[网络] 啊啊啊啊啊,,,,,0,0,,,
ahhhhhhhhh,,,[网络] 啊哈希哈,,,,,0,0,,,
ahhhs,,,[网络] 啊，,,,,,0,0,,,
ahhing,,,abbr. aryl hydrocarbon hydroxylase 【生物化学】芳基烃羟化酶,,,,,0,0,,,
Ahhnold,,,[网络] 阿洪德,,,,,0,0,,,
ahhs,,,abbr. aryl hydrocarbon hydroxylase 【生物化学】芳基烃羟化酶,,,,,0,0,,,
ahi,,, [医][=american health institute]美国卫生学会,,,,,32304,0,s:ahi,,
Ahiam,,,[网络] 亚希暗；亚希雅,,,,,0,0,,,
ahiator,,,[网络] 爱好者,,,,,0,0,,,
AHIB,,,[=α-hydroxyisobutyric acid]α-羟基异丁酸,,,,,0,0,,,
ahibambo hill,,,阿希班波丘,,,,,0,0,,,
AHIC,,,[网络] 美国卫生信息协会(American Health Information Community)；高峰论坛；美国卫生信息社区,,,,,0,0,,,
ahidjo,,,un. 阿希乔\n[网络] 哈吉·阿赫杜·阿希乔,,,,,0,0,s:ahidjoes,,
ahidjoes,,,un. 阿希乔\n[网络] 哈吉·阿赫杜·阿希乔\n(ahidjo 的复数),,,,,0,0,0:ahidjo/1:s,,
ahidous (morocco),,,阿希都斯舞(摩洛哥),,,,,0,0,,,
ahier,,, [人名] 阿耶,,,,,0,0,s:ahiers,,
ahierarchical,,,[网络] 分层次,,,,,0,0,,,
ahiers,,, [人名] 阿耶\n(ahier 的复数),,,,,0,0,0:ahier/1:s,,
Ahiezer,,,[网络] 亚希以谢；亚现,,,,,0,0,,,
ahiga,,,[网络] 阿加加,,,,,0,0,,,
Ahigal,,,[地名] 阿伊加尔 ( 西 ),,,,,0,0,,,
ahigal de villarino,,,阿伊加维拉里诺,,,,,0,0,,,
ahigh,,,[网络] 这一豪；文言,,,,,0,0,,,
Ahihud,,,[网络] 亚希忽；亚希以谢,,,,,0,0,,,
Ahijah,,,[网络] 亚希雅；先知亚希雅；亚希亚,,,,,0,0,,,
Ahikam,,,[网络] 亚希甘,,,,,0,0,,,
ahillo mt.,,,阿伊约山,,,,,0,0,,,
Ahillones,,,[地名] 阿伊略内斯 ( 西 ),,,,,0,0,,,
ahilya,,,[网络] 阿喜莉亚,,,,,0,0,,,
AHIMA,,,[网络] 管理协会；美国健康资讯管理协会(American Health Information Management Association)；美国医疗信息管理协会,,,,,0,0,,,
Ahimaaz,,,[网络] 亚希玛斯,,,,,0,0,,,
Ahiman,,,[网络] 亚希幔；亚利曼；亚希幔人,,,,,0,0,,,
ahimanawa ra.,,,阿希曼拿瓦岭,,,,,0,0,,,
ahime,,,[网络] 爱媛,,,,,0,0,,,
Ahimelech,,,n. 亚希米勒,,,,,0,0,,,
ahimsa,ә'himsɑ:,n. a Buddhist and Hindu and especially Jainist doctrine holding that all forms of life are sacred and urging the avoidance of violence,n. 不伤生,,,,,0,0,s:ahimsas,,
ahimsas,ə'hɪmsɑː,,n. 不杀生；非暴力主义\nn. (Ahimsa)人名；(印尼)阿欣萨,,,,,0,0,0:ahimsa/1:s,,
Ahinadab,,,[网络] 亚希拿达；亚希摩,,,,,0,0,,,
ahind,,,[网络] 啊，,,,,,0,0,,,
ahing,,,abbr. airfield heliport 直升(飞)机场；ampere-hour,,,,,0,0,,,
Ahinoam,,,[网络] 亚希暖；亚希拿达,,,,,0,0,,,
ahinsa,,,[网络] 不伤生,,,,,0,0,,,
ahint,,,[网络] 暗示；提示；提示某人,,,,,0,0,s:ahints,,
ahints,,,[网络] 暗示；提示；提示某人\n(ahint 的复数),,,,,0,0,0:ahint/1:s,,
Ahio,,,[网络] 亚希约；亚希暖；刑法,,,,,0,0,,,
Ahioma,,,[地名] 阿希奥马 ( 巴布 ),,,,,0,0,,,
ahip,,,abbr. Australian Health Insurance Program 澳大利亚健康保险计划; AIDS health insurance program 艾滋病健康保险程序; Army Helicopter Improvement Program 部队直升飞机改进计划; Art History Information Program 艺术历史信息计划,,,,,0,0,,,
Ahipara,,,[地名] 阿希帕拉 ( 新西 ),,,,,0,0,,,
ahipara b.,,,阿希帕拉湾,,,,,0,0,,,
ahir,ə'hiə,,abbr. 美国人寿伤害住院保险附约,,,,,0,0,,,
ahir (india),,,军事舞蹈(印度),,,,,0,0,,,
Ahira,ə'haiərə,,n. 【圣经】亚希拉(以色列人出埃及时拿弗他利支派首领)[《民数记》1∶15，2∶29],,,,,0,0,,,
Ahiri,,,[地名] 阿希里 ( 印 ),,,,,0,0,,,
ahiria,,,无手,,,,,0,0,,,
ahis,,, [医][=automated hospital information system]自动化医院信息系统,,,,,0,0,,,
Ahishar,,,[网络] 亚希煞；阿西沙尔,,,,,0,0,,,
ahisogamny,,,"配子异型,异配生殖",,,,,0,0,,,
ahistan,,,"[化] 二甲氨乙酰吩噻嗪\n[医] 阿夕斯坦, 10-(N,N-二甲甘氨酰)吩噻嗪(抗组胺药)",,,,,0,0,,,
ahistidasia,,,组氨酸酶缺乏,,,,,0,0,,,
ahistoric,",eihis'tɔ:rik",,"a. (与)历史无关的, (无)历史记载的",,,,,0,0,,,
"ahistoric, ahistorical",",eihis'tɔrik;-kəl",,adj. 与历史(发展)无关的，无历史记载的，无历史背景的，非历史的；不顾史实的；漠视传统的；与传统无关的,,,,,0,0,,,
ahistorical,,a. unconcerned with or unrelated to history or to historical development or to tradition,"a. (与)历史无关的, (无)历史记载的",j:100,,,,45163,26159,,,
ahistorical bias,,,缺乏历史感的偏见,,,,,0,0,,,
ahistorically,,,"adv. ahistoric, ahistorical 的变形",,,,,0,0,,,
ahistoricism,,,[网络] 非历史主义；去历史化,,,,,0,0,,,
ahistoricity,,,[网络] 非历史性,,,,,0,0,,,
Ahithophel,ә'hiθәfel,,n. 亚希多弗(基督教《圣经》中大卫王的谋士),,,,,0,0,,,
"Ahithophel, Ahitophal",ə'hiθəfel; ə'hitə-,,n. 【圣经】亚希多弗(以色列大卫王的谋士，后与押沙龙合谋叛逆大卫王，自缢身死)[《撒母耳记》下15～17],,,,,0,0,,,
Ahititi,,,阿希提提,,,,,0,0,,,
Ahitophal,,,n. 亚希多弗(基督教《圣经》中大卫王的谋士),,,,,0,0,,,
Ahitub,,,[网络] 亚希突；亚希米勒是亚希突；亚希米勒又是亚希突,,,,,0,0,,,
ahituv,,,[网络] 阿维图夫,,,,,0,0,,,
ahja r.,,,阿加河,,,,,0,0,,,
ahkbar,,,[网络] 阿卡巴,,,,,0,0,,,
ahkeah,,,[网络] 啊啊,,,,,0,0,,,
ahkio,"'ɑ:ki:,əu",,n. = pulka,,,,,0,0,,,
ahklun mts.,,,阿克伦山脉,,,,,0,0,,,
ahkmenrah,,,[网络] 阿卡曼拉；埃及木乃伊；埃及国王-阿卡曼拉,,,,,0,0,,,
ahktar,,,[网络] 阿克塔尔,,,,,0,0,,,
ahl,,,n. (Ahl)人名；(土)阿赫；(英、德、芬、瑞典)阿尔\nabbr. 美国曲棍球联盟（American Hockey League）,,,,,0,0,,,
Ahl al-Bayt,,,[网络] 家室；马赫迪是出於我们族系的；其自己家族,,,,,0,0,,,
ahl al-kitab,,,[网络] 有经人；有经者；有经典的人,,,,,0,0,,,
Ahl al-Quran,,,[网络] 阿尔古兰经,,,,,0,0,,,
Ahlab,,,[网络] 亚黑拉；亚希突,,,,,0,0,,,
Ahlainen,,,[地名] 阿赫莱宁 ( 芬 ),,,,,0,0,,,
ahlam,,,[网络] 日记；阿拉姆；作者回应,,,,,0,0,,,
ahlan,,,[网络] 雅兰；赫兰中尉；阿兰,,,,,0,0,,,
ahlas,,,[网络] 阿拉斯,,,,,0,0,,,
Ahlat,,,[地名] 阿赫拉特 ( 土 ),,,,,0,0,,,
Ahlbeck,,,[地名] 阿尔贝克 ( 德 ),,,,,0,0,,,
ahlberg,,,n. (Ahlberg)人名；(瑞典)阿尔贝里；(英)阿尔伯格；(德)阿尔贝格,,,,,0,0,,,
ahlbom,,,[网络] 卡罗林斯卡医学院阿尔波姆,,,,,0,0,,,
ahlborn,,,n. (Ahlborn)人名；(德、瑞典)阿尔博恩,,,,,0,0,,,
ahlbrandt,,, [人名] 阿尔布兰特,,,,,0,0,s:ahlbrandts,,
ahlbrandts,,, [人名] 阿尔布兰特\n(ahlbrandt 的复数),,,,,0,0,0:ahlbrandt/1:s,,
ahlburg,,,[网络] 阿尔堡,,,,,0,0,,,
Ahlden,,,[地名] 阿尔登 ( 德 ),,,,,0,0,s:ahldens,,
ahlden (aller),,,阿尔登,,,,,0,0,,,
ahldens,,,[地名] 阿尔登 ( 德 )\n(ahlden 的复数),,,,,0,0,0:ahlden/1:s,,
Ahle,,,[地名] 阿勒河 ( 德 ),,,,,0,0,,,
Ahle Hadith,,,[网络] 哈利·哈迪斯,,,,,0,0,,,
Ahle Kitab,,,[网络] 哈Kit,,,,,0,0,,,
Ahle Qur'an,,,[网络] 古兰经,,,,,0,0,,,
Ahle Quran,,,[网络] 古兰经,,,,,0,0,,,
Ahle-Quran,,,[网络] 哈利古兰经,,,,,0,0,,,
Ahlefeld,,,[地名] 阿勒费尔德 ( 德 ),,,,,0,0,,,
ahlemeyer,,,[网络] 阿莱迈尔,,,,,0,0,,,
Ahlen,,,[地名] 阿伦 ( 德 ),,,,,0,0,,,
ahlerich,,,[网络] 阿勒里奇,,,,,0,0,,,
ahlers,,,阿勒斯（人名）,,,,,0,0,,,
Ahlerstedt,,,[地名] 阿勒施泰特 ( 德 ),,,,,0,0,,,
AHLF,,,[=acute hemorrhagic leukoencephalitis]急性出血性脑白质炎,,,,,0,0,,,
Ahlfeld,,,阿尔费尔德,,,,,0,0,,,
Ahlfeld's method,,,[医] 阿耳费耳德氏手消毒法,,,,,0,0,,,
Ahlfeld's sign,,,"[医] 阿耳费耳德氏征, 希克斯氏征(妊娠三月后子宫的间歇性收缩)",,,,,0,0,,,
ahlfeldite,,,复硒镍矿,,,,,0,0,,,
Ahlfeldt,,,阿尔费尔特,,,,,0,0,,,
AHLG,,,[=antihuman-lymphocyte globulin]抗人淋巴细胞球蛋白,,,,,0,0,,,
ahlgren,,, [人名] 阿尔格伦,,,,,0,0,s:ahlgrens,,
ahlgren-structure,,,[网络] ahlgren结构,,,,,0,0,,,
ahlgrens,,, [人名] 阿尔格伦\n(ahlgren 的复数),,,,,0,0,0:ahlgren/1:s,,
Ahlhorn,,,[地名] 阿尔霍恩 ( 德 ),,,,,0,0,,,
Ahli Quran,,,[网络] 阿古·古兰经,,,,,0,0,,,
Ahlia,,,阿利蛇鳗,,,,,0,0,,,
ahlie,,"Tdot/Toronto slang for ""right?""\n> ""You're reaching my crib tonight [ahlie]?\n",,,,,,0,0,,,
Ahlone,,,[地名] 阿弄 ( 缅 ),,,,,0,0,,,
ahloraniline,,,[建] 氯苯氨,,,,,0,0,,,
Ahloso,,,[地名] 阿洛索 ( 美 ),,,,,0,0,,,
ahlquist,,, [人名] 阿尔奎斯特,,,,,0,0,s:ahlquists,,
ahlquists,,, [人名] 阿尔奎斯特\n(ahlquist 的复数),,,,,0,0,0:ahlquist/1:s,,
ahls,,,abbr. 抗人淋巴细胞血清（antihuman-lymphocyte serum）,,,,,0,0,,,
Ahlsdorf,,,阿尔斯道夫,,,,,0,0,,,
ahlspiess,,,[网络] 锥骑枪；德式椎枪；锥骑长枪,,,,,0,0,,,
ahlspiessen,,,[网络] 无所事事,,,,,0,0,,,
ahlstrom,,, [人名] 阿尔斯特伦,,,,,0,0,,,
ahlswede,,,n. (Ahlswede)人名；(德)阿尔斯韦德,,,,,0,0,,,
AHLT,,,[=auxiliary heterotopic liver transplantation]辅助性异位肝移植,,,,,0,0,,,
Ahlu Quran,,,[网络] 阿卢古兰兰,,,,,0,0,,,
ahluwalia,,,n. (Ahluwalia)人名；(印)阿卢瓦利亚,,,,,0,0,,,
ahm,,,n. (Ahm)人名；(丹)阿姆\nabbr. 安培小时计（ampere-hour meter）,,,,,0,0,s:ahms,,
AHMA,,,abbr. American Hotel and Motel Association 美国旅馆与汽车旅馆协会,,,,,0,0,s:ahmas,,
ahmad,,,n. 阿哈默德（穆罕默德在《古兰经》中的名称）,,,,,17819,0,s:ahmads,,
Ahmad Shah Masoud,,,[网络] 马苏德；艾哈迈德沙阿马苏德,,,,,0,0,s:ahmad shah masouds,,
ahmad shah masouds,,,[网络] 马苏德；艾哈迈德沙阿马苏德\n(ahmad shah masoud 的复数),,,,,0,0,0:ahmad shah masoud/1:s,,
Ahmad Wāl,,,[地名] 艾哈迈德瓦尔 ( 巴基 ),,,,,0,0,,,
Ahmadabad,",ɑ:mәdә'bɑ:d",,阿默达巴德[印度西部城市],,,,,0,0,,,
ahmadabad (ahmedabad),,,亚美达巴得,,,,,0,0,,,
"Ahmadabad, Ahmedabad",",ɑ:mədə'bɑ:d",,艾哈迈达巴德(印度西部城市),,,,,0,0,,,
Ahmadbayli,,,阿马拜利,,,,,0,0,,,
ahmadi,,,n. (Ahmadi)人名；(阿拉伯)艾哈迈迪,,,,,0,0,,,
ahmadinejad,,,n. 爱哈卖迪内甲德,,,,,0,0,,,
ahmadinejads,,,[网络] 艾哈迈迪内贾德,,,,,0,0,,,
ahmadis,,,[网络] 阿玛迪派；阿玛迪派教徒；艾哈迈迪教派,,,,,0,0,,,
Ahmadist,,,[网络] 艾哈迈德主义者,,,,,0,0,,,
Ahmadists,,,[网络] 艾哈迈德主义者,,,,,0,0,,,
ahmadiya,,,[网络] 异端宗派即亚马利亚,,,,,0,0,,,
Ahmadiyah,,,[网络] 阿玛狄亚教派；教派阿赫迈底亚；阿赫迈底亚教派,,,,,0,0,,,
ahmadiyya,",ɑ:mu:'di:jə",,n. 艾哈迈迪亚（伊斯兰教派）,,,,,0,0,s:ahmadiyyas,,
Ahmadiyyah,,,[网络] 艾哈迈迪耶教团；艾哈迈迪耶组织,,,,,0,0,,,
ahmadiyyas,",ɑ:mu:'di:jə",,n. 【伊斯兰教】阿默德教派(印度库拉姆阿默德所创的近代伊斯兰教派，后分裂为拉合尔派和卡底安派)[亦作Ahmadiyyah],,,,,0,0,0:ahmadiyya/1:s,,
ahmadjian,,,[网络] 企业经营带来影响；企业经营产生影响,,,,,0,0,,,
Ahmadnagar,,,[地名] 艾哈迈德讷格尔 ( 印 ),,,,,0,0,,,
ahmadnagar (ahmednagar),,,亚美德纳加,,,,,0,0,,,
ahmadou,,,[网络] 阿赫马督,,,,,0,0,,,
Ahmadpur,,,[地名] 艾哈迈德布尔 ( 印 ),,,,,0,0,,,
Ahmadpur Siāl,,,[地名] 艾哈迈德布尔锡亚尔 ( 巴基 ),,,,,0,0,,,
ahmads,'ɑ:hmæd,,[阿拉伯语]阿哈默德(穆罕默德在《古兰经》中的名称),,,,,0,0,0:ahmad/1:s,,
ahmadu,,,[网络] 马社；阿曼都,,,,,0,0,s:ahmadus,,
ahmadus,,,[网络] 马社；阿曼都\n(ahmadu 的复数),,,,,0,0,0:ahmadu/1:s,,
Ahmadābād,,,[地名] 艾哈迈达巴德 ( 印 ),,,,,0,0,,,
Ahmadūn,,,[地名] 艾哈迈敦 ( 巴基 ),,,,,0,0,,,
ahman,,,n. (Ahman)人名；(瑞典)阿曼,,,,,0,0,,,
ahmann,,,n. (Ahmann)人名；(英、乍、德)阿曼,,,,,0,0,,,
ahmann-leighton,,,[网络] 艾曼·莱顿,,,,,0,0,,,
ahmanson,,, [人名] 阿曼森,,,,,0,0,s:ahmansons,,
ahmansons,,, [人名] 阿曼森\n(ahmanson 的复数),,,,,0,0,0:ahmanson/1:s,,
ahmar,,, [地名] 红的（阿拉伯语）,,,,,0,0,,,
Ahmar Mountains,,,[地名] 艾哈迈尔山 ( 埃塞 ),,,,,0,0,,,
ahmar mts.,,,阿马尔山脉,,,,,0,0,,,
"Ahmar, 'Erg el",,,[地名] 艾哈迈尔沙漠 ( 马里 ),,,,,0,0,,,
"Ahmar, El Bahr el",,,[地名] 红海 ( 亚洲·非洲 ),,,,,0,0,,,
Ahmas,,,[地名] 阿赫马斯 ( 芬 ),,,,,0,0,0:ahma/1:s,,
ahmat,,,n. (Ahmat)人名；(乍)艾哈迈德,,,,,0,0,s:ahmats,,
ahmats,,,n. (Ahmat)人名；(乍)艾哈迈德\n(ahmat 的复数),,,,,0,0,0:ahmat/1:s,,
AHMC,,,[=Association of Hospital Management Committee]医院管理委员会协会,,,,,0,0,,,
AHME,,,abbr. Association for Hospital Medical Education 〈美〉医院医学教育协会,,,,,0,0,,,
ahmed,,,n. 艾哈迈德（男子名）,,,,,9345,0,,,
Ahmed I,,,[网络] 艾哈迈德一世,,,,,0,0,,,
Ahmed II,,,[网络] 艾哈迈德二世,,,,,0,0,,,
ahmed iii,,,[网络] 艾哈迈德三世；选自近代卷,,,,,0,0,,,
Ahmed Salman Rushdie,,,[网络] 英国作家鲁西迪；鲁殊迪的真正全名；鲁殊迪的全名,,,,,0,0,s:ahmed salman rushdies,,
ahmed salman rushdies,,,[网络] 英国作家鲁西迪；鲁殊迪的真正全名；鲁殊迪的全名\n(ahmed salman rushdie 的复数),,,,,0,0,0:ahmed salman rushdie/1:s,,
ahmedabad,,,艾哈迈达巴德（印度）,,,,,0,0,s:ahmedabads,,
Ahmedabadi,,,[网络] 艾哈迈达巴迪,,,,,0,0,,,
ahmedabads,"'ɑ:mədə,bɑ:d",,= Ahmadabad,,,,,0,0,0:ahmedabad/1:s,,
ahmedi,,,[网络] 艾哈迈迪；东东,,,,,0,0,,,
ahmedinejad,,,[网络] 伊朗总统内贾德；阿荷美丁内贾德,,,,,0,0,,,
Ahmednagar,,,[网络] 艾哈迈德讷格尔；阿迈德那格尔区；乌帕斯尼专程去阿美纳伽,,,,,0,0,,,
"Ahmednagar, Ahmadnagar",",ɑ:məd'nʌɡə",,艾哈迈德讷格尔(印度西部城市),,,,,0,0,,,
ahmedou,,,艾哈迈杜,,,,,0,0,s:ahmedous,,
ahmedous,,,艾哈迈杜\n(ahmedou 的复数),,,,,0,0,0:ahmedou/1:s,,
ahmeds,,,n. 艾哈迈德（男子名）,,,,,0,0,,,
ahmer,,,n. (Ahmer)人名；(阿拉伯)艾哈迈尔,,,,,0,0,,,
Ahmet,,,n. (Ahmet)人名；(土、塞、阿尔巴、罗、阿拉伯)艾哈迈德,,,,,47401,0,s:ahmets,,
Ahmeti,,,[网络] 阿密一世；阿荷美特一世,,,,,0,0,s:ahmetis,,
ahmetis,,,[网络] 阿密一世；阿荷美特一世\n(ahmeti 的复数),,,,,0,0,0:ahmeti/1:s,,
Ahmetli,,,[地名] 艾哈迈德利 ( 土 ),,,,,0,0,,,
Ahmetpasa,,,阿美帕沙,,,,,0,0,,,
ahmets,,,n. (Ahmet)人名；(土、塞、阿尔巴、罗、阿拉伯)艾哈迈德,,,,,0,0,0:ahmet/1:s,,
ahmidan,,,[网络] 哈米丹,,,,,0,0,,,
ahmo,,,[网络] 形格势禁,,,,,0,0,,,
ahmose,,,[网络] 雅赫摩斯；阿赫摩斯；阿赫摩斯一世,,,,,0,0,,,
Ahmose I,,,[网络] 雅赫摩斯一世；阿哈摩斯一世；阿赫摩斯一世,,,,,0,0,,,
ahms,,,abbr. Asiatic homosexual male(s) 亚洲同性恋男子,,,,,0,0,0:ahm/1:s,,
Ahmuellerella,,,"阿缪石属〔钙质超微化石；K2〕, 阿缪石属〔钙质超微化石，K2〕",,,,,0,0,,,
ahn,,,n. (Ahn)人名；(德、瑞典)阿恩；(朝)安\nabbr. 助理护士长（acute hepatic necrosis）,,,,,0,0,,,
Ahn Hyun Soo,,,[网络] 安贤洙,,,,,0,0,,,
ahn-dre-ah,,,[网络] 安德烈啊,,,,,0,0,,,
AHNE,,,[=acute hemorrhagic necrotic enteritis]急性出血性坏死性肠炎,,,,,0,0,,,
ahnenerbe,,,[网络] 圣遗物；遗产；遗产继承局,,,,,0,0,,,
ahner,,,[网络] 拉内,,,,,0,0,,,
ahnert,,,[网络] 陶腾堡,,,,,0,0,,,
Ahnet,,,[地名] 阿赫奈特 ( 阿尔及 ),,,,,0,0,,,
ahneva,,,[网络] 阿讷瓦,,,,,0,0,,,
Ahnfeltia,,,"伊谷草属〔红藻类；Q〕, 伊谷草属〔红藻类，Q〕",,,,,0,0,,,
ahnfeltiopsis flabelliformis,,,扇形叉枝藻,,,,,0,0,,,
ahnfeltiopsis paradoxa,,,叉枝藻,,,,,0,0,,,
ahnha,,,[网络] 阿尼哈,,,,,0,0,,,
ahni,,,[网络] 开船；有现货,,,,,0,0,,,
Ahnold,,,[网络] 阿恩德尔,,,,,0,0,,,
Ahnsbeck,,,[地名] 安斯贝克 ( 德 ),,,,,0,0,,,
aho,,,阿霍（人名）,,,,,0,0,s:ahoes,,
Ahoada,,,[地名] 阿华达 ( 尼日利 ),,,,,0,0,,,
Ahoah,,,[网络] 亚何亚；亚莱,,,,,0,0,,,
Ahobiryǒng,,,[地名] 阿虎飞岭 ( 朝 ),,,,,0,0,,,
ahoes,,,阿霍（人名）,,,,,0,0,0:aho/1:s,,
Ahoghill,,,阿霍希尔,,,,,0,0,,,
Ahohite,,,[网络] 亚合人；亚合,,,,,0,0,,,
Ahok,,,[网络] 钟万学；暰；阿学,,,,,0,0,,,
Ahokylä,,,[地名] 阿霍屈莱 ( 芬 ),,,,,0,0,,,
Aholah,,,[网络] 阿荷拉；亚荷拉；亚何亚,,,,,0,0,,,
Aholahti,,,[地名] 阿霍拉赫蒂 ( 芬 ),,,,,0,0,,,
ahold,ә'hәjld,"adv. Near the wind; as, to lay a ship ahold.","n. 抓, 握\nadv. 迎风航驶",n:100,,,,0,19156,s:aholds,,
"ahold 1, aholt",ə'həuld; ə'həult,,n. [方言、口语]握，抓,,,,,0,0,,,
aholds,əˈhəʊld,,n. 抓，握\nadv. 迎风航驶,,,,,0,0,0:ahold/1:s,,
ahole,,,[网络] 洞；一个洞；破洞,,,,,0,0,,,
aholehole,əhəule'həul,,n. 【鱼类】夏威夷汤鲤,,,,,0,0,,,
aholeholes,,,[网络] 夏威夷汤鲤,,,,,0,0,,,
aholes,,"Polite, unoffensive manner to refer to someone as an [asshole].\n> He is such an *A hole*.\n",,,,,,0,0,,,
Aholiab,,,[网络] 亚何利亚伯；亚荷利亚伯；亚荷拉,,,,,0,0,,,
Aholibah,,,[网络] 阿荷利巴；亚荷利巴；亚荷利亚伯,,,,,0,0,,,
Aholibamah,,,[网络] 女儿阿何利巴玛；亚荷利巴玛,,,,,0,0,,,
aholic,,,[网络] 对某事沉迷；讨艳；沈湎於……的人,,,,,0,0,,,
aholit,,,鹅去氧胆酸,,,,,0,0,,,
aholt,ə'həuld; ə'həult,,"ahold1, aholt\n[ə'həuld; ə'həult]\nn.\n[方言、口语]握，抓\n短语:\nget ahold of\n握住，抓住，夹住；控制，掌握；理解\n找到，找着…，与…联系(或接触)\n[口语]被投入监狱，被关入牢房\ntake (或 catch, grab)ahold of\n把…抓到手",,,,,0,0,,,
Ahom,'ɑ:həum,,n. （印）阿霍姆；阿霍姆语,,,,,0,0,,,
Ahome,,,[地名] 阿奥梅 ( 墨 ),,,,,0,0,,,
ahonen,,,n. (Ahonen)人名；(芬)阿霍宁,,,,,0,0,,,
ahool,,,[网络] 阿胡；蝙蝠猴；开口销,,,,,0,0,,,
ahools,,,[网络] 学校,,,,,0,0,,,
ahooting plane,,,大型刨,,,,,0,0,,,
Ahor,,,阿霍,,,,,0,0,,,
Ahorene,,,[地名] 阿胡兰 ( 阿尔及 ),,,,,0,0,,,
ahorita,,,[网络] 阿科里塔,,,,,0,0,,,
Ahorizon,'eihә'raizn,,"[地质]表土, 上层[甲层]土壤(腐植土)",,,,,0,0,,,
Ahorn,,,[地名] 阿霍恩 ( 德 ),,,,,0,0,s:ahorns,,
ahorns,,,[地名] 阿霍恩 ( 德 )\n(ahorn 的复数),,,,,0,0,0:ahorn/1:s,,
Ahornspitze,,,阿宏峰,,,,,0,0,,,
ahorse,ә'hɔ:s,s traveling on horseback\nr on the back of a horse,a. 在马上的\nadv. 在马上,,,,,0,0,,,
ahorseback,,ahorseback (not comparable)\nOn the back of a horse; horseback.\n,,,,,,0,0,,,
ahorser,ə'hɔːs,,adv. [一般作表语]\nadj. (骑)在马上，骑着马,,,,,0,0,,,
ahorsest,ə'hɔːs,,adv. [一般作表语]\nadj. (骑)在马上，骑着马,,,,,0,0,,,
ahoskie,,, [地名] [美国] 阿霍斯基,,,,,0,0,,,
Ahousaht,,,[网络] 阿豪沙特,,,,,0,0,,,
ahout,,,[网络] 呐喊,,,,,0,0,,,
ahoy,ә'hɒi,"interj. A term used in hailing; as, ""Ship ahoy.""",interj. 喂,,,,,39629,0,s:ahoys,,
ahoy there,,,[网络] 喂那里图片,,,,,0,0,,,
ahoy-hoy,,ahoy-hoy\nA greeting.\n,,,,,,0,0,,,
ahoyed,ə'hɒɪ,,啊嗬!喂! (海员招呼他船或远处的人的喊声),,,,,0,0,,,
ahoying,ə'hɒɪ,,啊嗬!喂! (海员招呼他船或远处的人的喊声),,,,,0,0,,,
ahoys,ə'hɒɪ,,啊嗬!喂! (海员招呼他船或远处的人的喊声),,,,,0,0,0:ahoy/1:s,,
AHP,,,[化] 层次分析法,,,,,0,0,,,
ahp (analytic hierarchy process),,,分析层级法,,,,,0,0,,,
AHP-200,,,奥沙西罗,,,,,0,0,,,
AHPAT,,,[=Allied Health Professions Admissions test]相关卫生专业入学考试,,,,,0,0,,,
AHPCRC,,,[网络] Army High Performance Computing Research Center; 陆军高性能计算研究中心,,,,,0,0,s:ahpcrcs,,
ahpcrcs,,,[网络] Army High Performance Computing Research Center; 陆军高性能计算研究中心\n(ahpcrc 的复数),,,,,0,0,0:ahpcrc/1:s,,
AHPL,,,[计] 硬件程序设计语言,,,,,0,0,,,
AHPO,,,[=anterior hypothalamic-preoptic(area)]下丘脑视前区前部,,,,,0,0,,,
AHQ,,,abbr. Air Headquarters 空军司令部；Allied Headquarters (北大西洋公约组织)盟军司令部；Army Headquarters 集团军司令部,,,,,0,0,,,
ahr,,,abbr. 抗透明质酸酶反应（antihyaluronidase reaction）\nn. (Ahr)人名；(英、德、瑞典)阿尔,,,,,0,0,,,
AHR (Aqueous Homogeneous Reactor),,,均匀反应堆,,,,,0,0,,,
AHR-3129,,,"依替唑仑,噻吩唑仑",,,,,0,0,,,
AHR-85,,,[=methocarbamolum]舒筋灵,,,,,0,0,,,
AHR2526,,,"安其敏,氯苯丁嗪",,,,,0,0,,,
AHR857,,,"磺胺对甲氧嘧啶,磺胺-5-甲氧嘧啶,长效磺胺D,消炎磺",,,,,0,0,,,
AHRA,,,abbr. American Hot Rod Association 美国改装高速汽车协会,,,,,0,0,,,
ahram,,, [地名] [伊朗] 阿赫拉姆,,,,,0,0,,,
Ahramat al Jizah,,,[地名] 吉萨金字塔 ( 埃 ),,,,,0,0,,,
ahrami,,,手印条形花纹平布(伊朗产),,,,,0,0,,,
Ahrarne,,,阿拉内,,,,,0,0,,,
Ahraura,,,[地名] 阿赫劳腊 ( 印 ),,,,,0,0,,,
Ahravan,,,阿赫拉万,,,,,0,0,,,
"Ahrax, Il-Ponta ta'l-",,,[地名] 阿赫拉什角 ( 马耳他 ),,,,,0,0,,,
Ahrbrück,,,[地名] 阿尔布吕克 ( 德 ),,,,,0,0,,,
ahren,,,阿伦（人名）,,,,,0,0,,,
ahren' prism,,,阿伦氏稜镜,,,,,0,0,,,
ahrendt,,, [人名] 阿伦特,,,,,0,0,,,
ahrenholz,,,[网络] 哈伦霍尔茨,,,,,0,0,,,
ahrens,,,n. (Ahrens)人名；(英、西、德、瑞典)阿伦斯,,,,,0,0,,,
Ahrens polarizing prism,,,阿伦斯偏振棱镜,,,,,0,0,,,
Ahrens prism,,,阿伦斯偏光棱镜,,,,,0,0,,,
Ahrens'prism,,,阿伦棉棱镜,,,,,0,0,,,
Ahrensbok,,,阿伦斯波克,,,,,0,0,,,
Ahrensburg,,,[网络] 阿伦斯堡；亚伦斯堡；阿伦斯堡市,,,,,0,0,,,
Ahrensburgian,,,[网络] 阿伦斯堡,,,,,0,0,,,
Ahrensbök,,,[地名] 阿伦斯伯克 ( 德 ),,,,,0,0,,,
ahrensen,,,[网络] 阿伦森,,,,,0,0,,,
Ahrensfelde,,,[地名] 阿伦斯费尔德 ( 德 ),,,,,0,0,,,
Ahrenshagen,,,阿伦斯哈根,,,,,0,0,,,
ahri,,,[网络] 澳大利亚人力资源协会(Australian Human Resources Institute)；供暖制冷协会；供暖和制冷协会,,,,,0,0,,,
Ahriman,'ɑ:rimәn,n the spirit of evil in Zoroastrianism; arch rival of Ormazd,"n. (妖教中的)恶灵,恶神",,,,,0,0,s:ahrimen,,
Ahrimanic,,,[网络] 恶神,,,,,0,0,,,
ahrimen,'ɑ:rimən,,n. 恶神；恶灵,,,,,0,0,0:ahriman/1:s,,
ahron,,,[网络] 及其兄阿哈隆；阿让,,,,,0,0,,,
ahronheim,,,[网络] 阿龙海姆,,,,,0,0,,,
ahronot,,,[网络] 哈罗诺特,,,,,0,0,,,
ahronoth,,,[网络] 哈龙,,,,,0,0,,,
ahrons,,,[网络] 阿龙,,,,,0,0,,,
AHRP,,,[=anionic horseradish peroxidase]阴离子辣根过氧化酶,,,,,0,0,,,
ahrq,,,abbr. Agency for Health-care Research and Quality 保健研究和质量代理社; health care research and quality 卫生保健研究与质量,,,,,0,0,,,
AHRS,,,[网络] 姿态航向参考系统(Attitude Heading Reference System)；航向参考系统(Altitude Heading Reference System)；航姿参考系统,,,,,0,0,,,
ahrweiler,,,[网络] 阿尔韦勒；阿尔魏勒县；亚尔威拉,,,,,0,0,,,
ahs,,"plural of ah\ninterj. An exclamation, expressive of surprise, pity, complaint,\n   entreaty, contempt, threatening, delight, triumph, etc., according to\n   the manner of utterance.","(ah 的复数) interj. 啊, 哈",,,,,0,0,0:ah/1:s,,
AHSA,,,abbr. American Horse Show Association 美国马匹展览协会,,,,,0,0,,,
ahsan,,,n. (Ahsan)人名；(巴基、孟)阿赫桑,,,,,0,0,s:ahsans,,
ahsans,,,n. (Ahsan)人名；(巴基、孟)阿赫桑\n(ahsan 的复数),,,,,0,0,0:ahsan/1:s,,
ahsanullah,,,[网络] 啊沙拉,,,,,0,0,,,
ahsc,,,[=american hospital supply corp]美国医疗设备供应公司,,,,,0,0,,,
Ahse,,,[地名] 阿瑟河 ( 德 ),,,,,0,0,,,
ahsen,,,[网络] 啊森,,,,,0,0,,,
ahsoka,,,[网络] 阿索卡；亚苏卡,,,,,0,0,,,
AHSP,,,abbr. Association for High Speed Photography 高速摄影协会,,,,,0,0,,,
AHSS,,,[=artificial hepatic(liver)support system]人工肝支持装置,,,,,0,0,,,
ahst,,,[网络] 造血干细胞移植；自体造血干细胞移植；夏威仪-阿拉斯加标准时间,,,,,0,0,s:ahsts,,
ahsts,,,[网络] 造血干细胞移植；自体造血干细胞移植；夏威仪-阿拉斯加标准时间\n(ahst 的复数),,,,,0,0,0:ahst/1:s,,
AHSV,,,[=African horse sickness virus]非洲马病病毒,,,,,0,0,,,
aht,,,abbr. 抗透明质酸酶效价（antihyaluronidase test）,,,,,0,0,s:ahts,,
Ahtari,,,阿塔里,,,,,0,0,,,
Ahtarinjarvi,,,阿塔林湖,,,,,0,0,,,
Ahtaung,,,[地名] 亚塘 ( 缅 ),,,,,0,0,,,
AHTCG,,,[=anti-human T cells globulin]抗人T细胞球蛋白,,,,,0,0,,,
ahte,,,[网络] 高新技术企业；牙；芽,,,,,0,0,,,
ahtene,,,[网络] 雅典娜,,,,,0,0,,,
ahtenhurat,,,[网络] 阿滕胡拉特,,,,,0,0,,,
AHTG,,,[=antihuman thymocytic globulin]抗人体胸腺细胞球蛋白,,,,,0,0,,,
Ahti,,,[网络] 呼吸暂停低通气时间指数；开票,,,,,0,0,,,
ahtisaari,,,[网络] 阿赫蒂萨里；芬兰总统阿赫蒂萨里,,,,,0,0,s:ahtisaaris,,
ahtisaaris,,,[网络] 阿赫蒂萨里；芬兰总统阿赫蒂萨里\n(ahtisaari 的复数),,,,,0,0,0:ahtisaari/1:s,,
Ahtme,,,[地名] 阿赫特梅 ( 爱沙 ),,,,,0,0,,,
ahtna,'ɑ:tnə,,n. [复数]-nas，-na 阿特纳族人(居住在美国阿拉斯加州东南的印第安人)；阿特纳语[亦作 Atna],,,,,0,0,,,
"Ahtna, Ahtena",'ɑ:tnə,,n. [复数]-nas，-na 阿特纳族人(居住在美国阿拉斯加州东南的印第安人)；阿特纳语[亦作 Atna],,,,,0,0,,,
AHTP,,,"[=antihuman thymocytic plasma]抗人体胸腺细胞血浆,抗人胸腺细胞血浆",,,,,0,0,,,
AHTS,,,[=antihuman thymus serum]抗人体胸腺血清,,,,,0,0,0:aht/1:s,,
ahu,'ɑ:hu:,n. The Asiatic gazelle.,abbr. 空气处理机（Air Handling Unit）,,,,,0,0,,,
ahuaca oil,,,[机] 樟泥油,,,,,0,0,,,
ahuacatl,,,[网络] 阿华卡托,,,,,0,0,,,
Ahuacatlan,,,阿华加兰,,,,,0,0,,,
ahuachapan,,,[网络] 阿瓦查潘；阿瓦查潘省；瓦恰傍省,,,,,0,0,,,
Ahualulco,,,[地名] 阿瓦卢尔科 ( 墨 ),,,,,0,0,,,
Ahuatempan,,,[地名] 阿瓦滕潘 ( 墨 ),,,,,0,0,,,
Ahuazotepec,,,[地名] 阿瓦索特佩克 ( 墨 ),,,,,0,0,,,
ahuehuete,,,n. 蒙特苏玛丝柏(产于墨西哥的一种常青树),,,,,0,0,s:ahuehuetes,,
ahuehuetes,,,n. 蒙特苏玛丝柏(产于墨西哥的一种常青树)\n(ahuehuete 的复数),,,,,0,0,0:ahuehuete/1:s,,
ahuh,,,[网络] 开采,,,,,0,0,,,
Ahuijullo,,,阿玉胡约,,,,,0,0,,,
Ahuitzotl,,,"阿维措特(?-1503),阿兹台克人第八代国王",,,,,0,0,,,
ahuja,,,n. (Ahuja)人名；(塞)阿胡亚；(印)阿胡贾；(西)阿乌哈,,,,,0,0,,,
ahull,ә'hʌl,"adv. With the sails furled, and the helm lashed alee; --\n   applied to ships in a storm. See Hull, n.",adv. 落帆并转舵于下风,,,,,0,0,,,
ahum,ә'hʌm,,"a. 低唱的, 轻哼的\nadv. 低唱",,,,,0,0,,,
ahumada,,,n. (Ahumada)人名；(西)阿乌马达,,,,,0,0,,,
AHUMADA-DEL,,,[=Castillo syndrome]阿-德二氏综合征,,,,,0,0,,,
Ahun,,,[地名] 阿安 ( 法 ),,,,,0,0,,,
Ahuna Varya,'ɑ:hu:nɑ:'vɑ:rjɑ:,,n. 【琐罗亚斯德教】阿胡纳瓦里亚(该教最著名、诵读最多的祷文，相当于基督教的主祷文)[亦作 Ahunvar],,,,,0,0,,,
Ahunapalu,,,阿胡纳帕鲁,,,,,0,0,,,
ahungalla,,,[网络] 亚洪加拉；阿訇格勒；阿訇嘎啦,,,,,0,0,,,
ahunger,,,[网络] 啊啊,,,,,0,0,,,
ahungered,ә'hʌŋ^әd,a. Pinched with hunger; very hungry.,a. <古>饥饿的,,,,,0,0,,,
ahungry,,,[网络] ah,,,,,0,0,,,
Ahunui Atoll,,,[地名] 阿胡努伊环礁 ( 波利 ),,,,,0,0,,,
Ahunvar,"'ɑ:hu:n,vɑ:",,n. = Ahuna Varya,,,,,0,0,,,
ahupua'a,,,[网络] 阿瓜普亚,,,,,0,0,,,
Ahura,,,[网络] 阿胡拉；善神为阿诃罗；阿弗拉,,,,,0,0,s:ahuras,,
Ahura Mazda,,,"阿胡拉·马兹达（善界的最高神, 在与恶之神阿里曼的斗争中获全胜, 等于Mazda, Ohrmazd, Ormazd或Ormuzd）",,,,,0,0,s:ahura mazdas,,
ahura mazdas,ə'huərə'mæzdə,,【琐罗亚斯德教】阿胡拉玛兹达(善界的最高神，在与恶之神阿里曼的斗争中获全胜)[亦作 Mazda， Ohrmazd， Ormazd， Ormuzd，参较 Ahriman],,,,,0,0,0:ahura mazda/1:s,,
ahuramazda,,,na. 【宗】最高的神\n[网络] 马兹达；阿胡拉马兹达；阿乎若玛兹达,,,,,0,0,,,
ahuras,,,[网络] 阿胡拉,,,,,0,0,0:ahura/1:s,,
Ahuriri R.,,,[地名] 阿胡里里河 ( 新西 ),,,,,0,0,,,
Ahuroa,,,阿胡洛亚,,,,,0,0,,,
ahus,,,[网络] 奥胡斯；非典型溶血尿毒综合征；空气处理机组,,,,,0,0,s:ahuss,,
ahuss,,,[网络] 奥胡斯；非典型溶血尿毒综合征；空气处理机组\n(ahus 的复数),,,,,0,0,0:ahus/1:s,,
ahv,,,[=avian herpes virus]鸟类泡疹病毒,,,,,0,0,,,
Ahvaz,ɑ:'vɑ:z,,阿瓦士[伊朗西南部城市](胡齐斯坦省省会),,,,,0,0,,,
ahvaz (ahwaz),,,艾赫瓦兹,,,,,0,0,,,
AHVC,,,abbr. Automatic High-Voltage Control 自动高电压控制,,,,,0,0,,,
AHVC (automatic high-voltage control),,,动高压控制,,,,,0,0,,,
Ahve,,"Mis-spelling of have, caused by [fat finger syndrome]. Now often used anyway, much like [teh].\n> ahve you seen how retarded it looks when you can't even write the word have?\n",,,,,,0,0,,,
Ahvenanmaa,'ɑ:venɑ:nmɑ:,"n an archipelago of some 6,000 islands in the Gulf of Bothnia under Finnish control",阿维南马群岛[芬兰西南部](即阿兰群岛),,,,,0,0,s:ahvenanmaas,,
ahvenanmaa (aland) is.,,,阿芬南摩群岛(亚兰群岛),,,,,0,0,,,
Ahvenanmaa Islands,'ɑ:venɑ:nmɑ:,,阿赫韦南马群岛(即奥兰群岛，芬兰西南部群岛),,,,,0,0,,,
ahvenanmaas,,,阿维南马群岛[芬兰西南部](即阿兰群岛)\n(ahvenanmaa 的复数),,,,,0,0,0:ahvenanmaa/1:s,,
Ahvenanrauma(Södra Kvarken),,,[地名] 阿赫韦纳海峡(南克瓦尔肯海峡) ( 瑞典·芬 ),,,,,0,0,,,
Ahvenselkä,,,[地名] 阿赫文塞尔凯 ( 芬 ),,,,,0,0,,,
Ahvāz,,,[地名] 阿瓦士 ( 伊朗 ),,,,,0,0,,,
AHW,,,abbr. Atomic Hydrogen Welding 氢原子焊,,,,,0,0,,,
AHWA,,,[地名] 阿火 ( 韩 ),,,,,0,0,,,
ahwahnee,,,[网络] 阿瓦尼；阿赫瓦尼；阿瓦尼酒店,,,,,0,0,,,
ahwahneechee,,,[网络] 阿瓦尼奇；阿哇尼趣；阿瓦尼契人,,,,,0,0,,,
Ahwai,,,[网络] 阿歪,,,,,0,0,,,
Ahwar,,,艾赫韦尔,,,,,0,0,,,
ahwatukee,,,[网络] 阿瓦吐奇旅游景点,,,,,0,0,,,
Ahwaz,ɑ:'wɑ:z,,阿瓦士[伊朗西南部城市](胡齐斯坦省省会),,,,,0,0,s:ahwazs,,
ahwazs,ɑ:'wɑ:z,,阿瓦士(伊朗西南部城市，胡齐斯坦省首府)[亦作 Ahvaz],,,,,0,0,0:ahwaz/1:s,,
ahwene,,,[网络] 阿维恩,,,,,0,0,,,
ahwoi,,,阿赫沃伊,,,,,0,0,,,
Ahya,,,[网络] 阿亚；呀敏；桉树爱考拉,,,,,0,0,,,
ahygroscopin,,,不吸水菌素,,,,,0,0,,,
ahyi,,,[网络] 动态重组；开创,,,,,0,0,,,
ahylognosia,,,触觉性知觉障碍,,,,,0,0,,,
ahylysantinfarctase,,,蝮蛇抗栓酶,,,,,0,0,,,
ahyperlipemia,,,无高脂血症,,,,,0,0,,,
ahyperlipoidemia,,,无高脂血症,,,,,0,0,,,
ahypnia,,,[医] 失眠,,,,,0,0,,,
Ahypnon,,,"贝美格,美解眠",,,,,0,0,,,
ahypnosis,,,[医] 失眠,,,,,0,0,,,
AHZ,,,β-丙氨酰亮氨酸组氨酸锌,,,,,0,0,,,
"Ahémè, L.",,,[地名] 阿海梅湖 ( 贝宁 ),,,,,0,0,,,
Ahābād,,,[地名] 阿哈巴德 ( 伊朗 ),,,,,0,0,,,
Ahār,,,[地名] 阿哈尔 ( 印 ),,,,,0,0,,,
Ahιrlι,,,[地名] 阿赫尔勒 ( 土 ),,,,,0,0,,,
AI,ai,n an agency of the United States Army responsible for providing timely and relevant and accurate and synchronized intelligence to tactical and operational and strategic level commanders\nn the branch of computer science that deal with writing computer programs that can solve problems creatively\nn a sloth that has three long claws on each forefoot and each hindfoot\nn the introduction of semen into the oviduct or uterus by some means other than sexual intercourse,"[计] 附加信息, 人工智能\n[化] 人工智能",,,,,2413,0,s:ais,,
AI (analog input),,,拟输入,,,,,0,0,,,
AI (artificial intelligence),,,工智能,,,,,0,0,,,
AI (automatic input),,,动输入,,,,,0,0,,,
AI - artificial intelligence,,,[网络] 智能模拟,,,,,0,0,,,
AI AND inverter,,,与”非门,,,,,0,0,,,
ai chi,,,[网络] 太极T；水中太极,,,,,0,0,,,
ai horizon,,,A1层,,,,,0,0,,,
ai i.,,,艾岛,,,,,0,0,,,
AI language,,,[计] 人工智能语言,,,,,0,0,,,
ai ling chi,,,矮灵祭,,,,,0,0,,,
AI NOS,,,[网络] 无延迟超频系统；无延迟超频技术,,,,,0,0,,,
AI Players,,,电脑玩家,,,,,0,0,,,
AI programming,,,[计] 人工智能程序设计,,,,,0,0,,,
AI programming language,,,[计] 人工智能程序设计语言,,,,,0,0,,,
Ai Qing,,,艾青,,,,,0,0,,,
AI radar,,,拦截飞机雷达,,,,,0,0,,,
AI system,,,[计] 人工智能系统,,,,,0,0,,,
AI Vel star,,,[天] 船帆ＡＩ型星,,,,,0,0,,,
AI Velorum stars,,,[网络] 矮造父变星,,,,,0,0,,,
Ai Weiwei,,,[网络] 艾茉茉；艾末末；艾神,,,,,0,0,,,
AI winter,,,[网络] AI冬天,,,,,0,0,,,
AI winters,,,[网络] AI冬天,,,,,0,0,,,
ai yah,,"Expression commonly used by Asian or sub-Asian people to mean ""[sigh],"" ""oh man...,"" or ""blah""\r\n\r\nThe expression is also used as a temporary stress reliever during the course of a tense anime episode.\r\n\r\nAlso see: [aiya]\n> Asian: ""Aiyah, white people no getting anything I said.""\n> Non-Asian: ""Sorry, but what is 'hiyaa?'""\n> Asian: ""DO I LOOK LIKE NINJA TO YOU?! Aiyaahhh""\n> Non-Asian: ""I'm sorry but I don't understand.""\n> Asian: ""You stoopid boy, no more fry rice, aiiyaaa!""\n> ""Aiyah, Naruto sucks now.""\n",,,,,,0,0,,,
ai(artificial intelligence),,,人工智慧,,,,,0,0,,,
ai-,.eɪ 'aɪ,,n. 【动】三趾树懒；【女名】女子名\nint. 唉\n[网络] 人工智能(Artificial Intelligence)；艾；适宜摄入量(adequate intake),,,,,0,0,,,
Ai-Ai,,,[网络] 哎,,,,,0,0,,,
Ai-Ais,,,艾艾斯,,,,,0,0,,,
AI-complete,,,[网络] 完全人工智慧,,,,,0,0,,,
Ai-jima,,,[地名] 安居岛 ( 日 ),,,,,0,0,,,
ai-ling,'eɪlɪŋ,,adj. 生病的，身体不舒服的；体衰的\nv. 生病；苦恼（ail的ing形式）,,,,,0,0,,,
ai-ya,,,n. (Aiya)人名；(俄)艾娅；(日)爱也(名),,,,,0,0,,,
AIA,,,[经] 美国建筑师协会,,,,,0,0,s:aias,,
aia (aerospace industries associaton),,,航太工业协会,,,,,0,0,,,
AIA (authorized inspection agency),,,定的检查机构,,,,,0,0,,,
aiaa,,,abbr. 美国飞机工业协会（Aircraft Industries Association of America）；美国航空工业协会（Aerospace Industries Association of America）；美国工艺美术协会（American Industrial Arts Association）；美国航空暨太空协会（American Institute of Aeronautics and Astronautics）,,,,,0,0,,,
aiaa(american institute of aeronautics and astronautics),,,美国航空航天学会,,,,,0,0,,,
AIAAIR,,,[=anti-idiotype antibody against insulin receptor]抗胰岛素受体的特异型抗体,,,,,0,0,,,
AIAC,,,abbr. Air Industries Association of Canada 加拿大航空工业协会；Associate of the Institute of Company Accountants (英国)公司会计师学会准会员,,,,,0,0,,,
aiacritized switch,,,[电] 敏捷开关,,,,,0,0,,,
aiadmk,,,[网络] All India Anna Dravida Munnetra Kazhagam; 联盟; 全印安纳德拉维达进步联盟,,,,,0,0,s:aiadmks,,
aiadmks,,,[网络] All India Anna Dravida Munnetra Kazhagam; 联盟; 全印安纳德拉维达进步联盟\n(aiadmk 的复数),,,,,0,0,0:aiadmk/1:s,,
aiafosfalin,,,阿拉磷,,,,,0,0,,,
aiagara falls,,,"(美,加交界的)尼加拉瀑布",,,,,0,0,,,
aiah,,,n. (Aiah)人名；(塞拉)阿亚,,,,,0,0,,,
aiai,,,abbr. automatic image analysis instrument 自动化图像分析仪,,,,,0,0,s:aiais,,
aiais,,,[网络] 会计信息系统(AIS accounting information system),,,,,0,0,0:aiai/1:s,,
aialoadenectomy,,,[医] 涎腺切除术,,,,,0,0,,,
aialostenosis,,,[医] 涎管狭窄,,,,,0,0,,,
aiamine,,,氨乙酸二羟铝,,,,,0,0,,,
AIAMU,,,[网络] 并且我是猴子的伯父,,,,,0,0,,,
aianthous,,,"经常开花的,永花的",,,,,0,0,,,
AIAO,,,[=autoimmune aspermatogenic orchitis]自身免疫性无精子生长睾丸炎,,,,,0,0,,,
AIAP,,,[=acute-idiopathic autoimmune Polyneuropathy]急性特发性自身免疫性多神经病,,,,,0,0,,,
AIaph,,,[计] 阿列夫,,,,,0,0,,,
AIaph null,,,[计] 阿列夫零,,,,,0,0,,,
aiapin,,,"泽兰内酯,巴西茶素,阿牙品",,,,,0,0,,,
"Aiari, R.",,,[地名] 阿亚里河 ( 巴西 ),,,,,0,0,,,
Aias,'aiәs,,n. <希>=Ajax,,,,,0,0,0:aia/1:s,,
aiaw,,,abbr. Association of Intercollegiate Athletics for Women (美国)校(院)际女子体育运动协会,,,,,0,0,,,
AIB,,,abbr. （英国）银行家学会准会员（Associate of the Institute of Bankers）,,,,,31168,0,s:aibs,,
aiba,,,abbr. 国际业余拳击协会（association internationale de boxe amateur）,,,,,0,0,,,
Aibar,,,[地名] 艾瓦尔 ( 西 ),,,,,0,0,,,
AIBD,7,,Associate of the Institute of British Decorators and Interior Designers 英国装饰工和室内设计人员学会联合会,,,,,0,0,,,
Aibetsu,,,[地名] 爱别 ( 日 ),,,,,0,0,,,
AIBG,,,[=Autogenous Iliac Bone Graft]自体肠骨移植,,,,,0,0,,,
aibicore,'ælbəkɔ:; -kəu,,n. ＝ albacore,,,,,0,0,,,
AIBL,,,[=angioimmunoblastic lymphadenopathy]血管免疫母细胞性淋巴结病,,,,,0,0,,,
aiblins,'eiblinz,adv. Alt. of Ablins,"adv. <苏格兰>可能,也许",,,,,0,0,,,
AIBN,,,[网络] 偶氮二异丁腈(azobisisobutyronitrile)；引发剂偶氮二异丁腈；偶氮二异丁睛,,,,,0,0,,,
aibo,,,[网络] 爱宝；犬型机器人爱宝；机器狗爱宝,,,,,0,0,,,
aibohphobia,,"The irrational fear of [palindrome]s (words that read the same forwards and backwards).\n> Dude 1: Hey, what's your name?\n> Dude 2: Bob.\n> Dude 1: AAAAAAAAAAH! *Runs and hides behind sofa*\n> Bob: Wow.\n> Dude 1: AAAAAAAAAAH! *Runs away and falls down stairs*\n",,,,,,0,0,,,
aibonito,,,[网络] 阿雷西沃；艾沃尼托,,,,,0,0,,,
aiBpocampus,,,[医] 海马,,,,,0,0,,,
aiBpocampus major,,,[医] 海马,,,,,0,0,,,
aiBpocampus minor,,,[医] 禽距,,,,,0,0,,,
aiBpocampus nudus,,,[医] 裸海马,,,,,0,0,,,
aibs,,,abbr. 美国生物科学学会（american institute of biological sciences）,,,,,0,0,0:aib/1:s,,
aibsence without leave,,,[经管] 旷职,,,,,0,0,,,
AIC,,,"[计] 异常输入原因, 自动截听中心",,,,,0,0,,,
AIC (abnormal input cause),,,常输入原因,,,,,0,0,,,
AIC criterion,,,AIC准则,,,,,0,0,,,
"AIC,A.I.C.",,,abbr. American Institute of Chemists美国化学家协会；ammunition identification code 弹药识别符号(或代字)；Associate of the Institute of Chemistry (of Great Britain and Ireland)(大不列颠和爱尔兰)化学学会准会员,,,,,0,0,,,
aica,,,abbr. 前下交通动脉（anterior inferior cerebellar artery）,,,,,0,0,,,
AICAH,,,[=autoimmune chronic active hepatitis]自身免疫性慢性活动性肝炎,,,,,0,0,,,
Aicamin,,,阿卡明,,,,,0,0,,,
aicaminum,,,阿卡明,,,,,0,0,,,
aicanfor,,,樟脑,,,,,0,0,,,
AICAR,,,[化] 5-氨基-4-甲酰胺咪唑核糖核苷酸,,,,,0,0,,,
Aicardi,,,艾卡尔迪,,,,,0,0,,,
Aicardi syndrome,,,[网络] 艾卡尔迪症候群；艾卡尔迪综合症；艾卡尔迪综合征,,,,,0,0,,,
AICBM,,,abbr. Anti-Intercontinental Ballistic Missile 反洲际弹道导弹,,,,,0,0,,,
AICC,,,[网络] Aviation Industry CBT Committee; 国际商会; 航空工业计算机培训委员会,,,,,0,0,s:aiccs,,
aiccs,,,abbr. All-India Congress Committee (印度)国大党全印委员会,,,,,0,0,0:aicc/1:s,,
aicd,,,活化诱导的细胞死亡（Activation Induced Cell Death）,,,,,0,0,,,
AICE,,,abbr. American Institute of Chemical Engineers 美国化学工程师学会,,,,,0,0,,,
aiceona actinodaphis takahashi,,,黄肉树蚜,,,,,0,0,,,
aiceona actinodaphni,,,樟楠蚜,,,,,0,0,,,
aiceona osugii,,,大杉氏蚜,,,,,0,0,,,
aicf,,,abbr. auto-immune complement fixation 自动免疫补体结合,,,,,0,0,,,
Aich,,,[地名] 艾希 ( 奥、德 ),,,,,0,0,,,
Aich metal,,,艾奇铁黄铜,,,,,0,0,,,
Aich's alloy,,,艾希六含铁黄铜,,,,,0,0,,,
Aich's metal,,,un. 艾希合金,,,,,0,0,,,
aicha,,,"n. (Aicha)人名；(几、科特)艾莎 (女名), 艾沙",,,,,0,0,,,
Aichach,,,[地名] 艾夏赫 ( 德 ),,,,,0,0,,,
AIChE,,,abbr. American Institute of Chemical Engineers 美国化学工程师协会,,,,,0,0,,,
aiche (american institute of chemical engineers),,,美国化学工程师协会,,,,,0,0,,,
"AICHE,A.I.Ch.E.",,,abbr. American Institute of Chemical Engineers美国化学工程师协会,,,,,0,0,,,
Aichhalden,,,[地名] 艾希哈尔登 ( 德 ),,,,,0,0,,,
aichi,,,n. 爱知（日本景点名）,,,,,0,0,s:aichis,,
aichinger,,,[网络] 艾兴格尔,,,,,0,0,,,
aichis,,,n. 爱知（日本景点名）\n(aichi 的复数),,,,,0,0,0:aichi/1:s,,
aichis metal,,,[机] 艾氏合金,,,,,0,0,,,
aichmophobia,,,[医] 刀锋恐怖,,,,,0,0,,,
Aichryson,,,[网络] 爱染草属；绒叶景天属；日月,,,,,0,0,,,
aichs alloy,,,un. 艾希六含铁黄铜,,,,,0,0,,,
Aichstetten,,,[地名] 艾希施泰滕 ( 德 ),,,,,0,0,,,
Aichwald,,,[地名] 艾希瓦尔德 ( 德 ),,,,,0,0,,,
Aichwara,,,艾希瓦拉,,,,,0,0,,,
AICIC,,,[网络] 小区间干扰消除,,,,,0,0,,,
Aicken,,,[网络] 李鸣；缘清,,,,,0,0,,,
aicklen,,,[网络] 艾克伦,,,,,0,0,,,
aicloxa,,,铅克洛沙,,,,,0,0,,,
AICMFP,,"AICMFP\n(Internet, humorous) Initialism of and I claim my five pounds.\n",,,,,,0,0,,,
AICN,,,[=autologous immune complex nephritis]自身免疫复合物肾炎,,,,,0,0,,,
aicom,,,[网络] 风云悟空忍传；亚太电信,,,,,0,0,,,
aicon,,,[网络] 爱肯；艾康；爱肯游艇集团,,,,,0,0,,,
AICORATE,,,[=Orazamide]阿明卡,,,,,0,0,,,
AICP,,,[=atypical lymphoepithelioid cell proliferations]非典型性淋巴上皮样细胞增生,,,,,0,0,,,
aicpa,,,abbr. 美国会计师协会（American Institute of Certified Public Accountants）,,,,,0,0,s:aicpas,,
aicpas,,,abbr. American Institute of Certified Public Accountants美国会计师协会,,,,,0,0,0:aicpa/1:s,,
aicr,,,abbr. American Institute for Cancer Research 美国癌症研究学会,,,,,0,0,,,
aicraft detection,,,飞机探察,,,,,0,0,,,
aics,,,abbr. 澳洲化学物质清单（Australian Inventory of Chemical Substances）；自动信息收集系统（Architectures for Intelligent Control System）,,,,,0,0,,,
aid,eid,n. a resource\nn. the activity of contributing to the fulfillment of a need or furtherance of an effort or purpose\nn. money to support a worthy person or cause,"n. 帮助, 外援, 助手\nvt. 援助, 帮助, 有助于\nvi. 帮助\n[计] 自动内部诊断",v:21/n:79,5,1,gk cet4 cet6 ky,1096,1640,s:aids/d:aided/i:aiding/p:aided/3:aids,,
AID (aerosol ionization detector),,,溶胶电离探测器,,,,,0,0,,,
aid ... in,,,na. 帮助(某人做)\n[网络] 有助于；助功,,,,,0,0,,,
aid account,,,[经] 经济援助帐户,,,,,0,0,,,
aid agencies,,,un. 援助机构\n[网络] 救援机构；机构拨款；救援组织,,,,,0,0,,,
aid agency,,,援助机构,,,,,0,0,,,
aid agreement,,,[经] 援助协定,,,,,0,0,,,
aid and abet,,,"与...同谋\n[法] 教唆, 帮凶, 帮助",,,,,0,0,,,
aid and comfort,,,"[法] 支持, 援助和鼓励",,,,,0,0,,,
aid bond,eid bɔnd,, 补助债券,,,,,0,0,,,
aid climb,,,[网络] 辅助攀登；人工辅助攀登,,,,,0,0,,,
aid climbing,eid ˈklaimiŋ,, [体]器械攀登,,,,,0,0,,,
aid cooperation agreement,eid kəuˌɔpəˈreiʃən əˈɡri:mənt,, [财]援助合作协定,,,,,0,0,,,
AID Credit,,,美援信用证,,,,,0,0,,,
aid decision making,,,帮助决策,,,,,0,0,,,
aid disbursement,,,un. 援助额,,,,,0,0,,,
aid dome,,,副圆室,,,,,0,0,,,
aid equipments,,,un. 辅助设备,,,,,0,0,,,
aid fatigue,,,"n. 援助疲劳,疲于援助",,,,,0,0,,,
aid for lawsuit,,,[法] 求助于诉讼,,,,,0,0,,,
aid fund,,,补助基金,,,,,0,0,,,
aid given gratis,,,无偿援助,,,,,0,0,,,
aid giving agency,eid ˈɡiviŋ ˈeidʒənsi,, [财]提供援助的机构,,,,,0,0,,,
aid giving nation,eid ˈɡiviŋ ˈneiʃən,, [财]援助国,,,,,0,0,,,
aid groups,,,[网络] 救援组织,,,,,0,0,,,
aid in,,,有助于,,,,,0,0,,,
aid in kind,,,物援助,,,,,0,0,,,
aid in planning for utilities,,,[计划] 协助计划公共设施,,,,,0,0,,,
aid in planning materials flow,,,[计划] 协助计划材料流程,,,,,0,0,,,
aid inflow,,,援助流入,,,,,0,0,,,
aid kit,,,[网络] 一套急救用品,,,,,0,0,,,
aid modality,,,援助方式,,,,,0,0,,,
aid package,,,[网络] 资助包,,,,,0,0,,,
aid performance,,,援助实绩,,,,,0,0,,,
aid post,,,n. 救护站,,,,,0,0,,,
aid program,,, 援助计划,,,,,0,0,,,
aid society,,,救济团体,,,,,0,0,,,
aid station,,,前线救护站\n[医] 救护站,,,,,0,0,s:aid stations,,
aid stations,,,前线救护站；战地救护站,,,,,0,0,0:aid station/1:s,,
aid system,eid ˈsistəm,, [医]辅助系统,,,,,0,0,,,
aid the poor,,,扶贫,,,,,0,0,,,
aid the poors,,,aid the poor\n扶贫,,,,,0,0,,,
aid to,eid tu:,, 帮助,,,,,0,0,,,
aid to families with dependent children (afdc),,,对单亲家庭补助,,,,,0,0,,,
aid to foreign countries,,,对外援助,,,,,0,0,,,
aid to navigation,,,导航辅助设备;助航设备,,,,,0,0,,,
aid to navigation buoy,,,un. 助航浮标,,,,,0,0,,,
aid to navigation in lock area,,,un. 船闸航标,,,,,0,0,,,
aid to navigation on canal,,,[网络] 运河航标,,,,,0,0,,,
aid to navigation on inland waterways,,,un. 内河航标,,,,,0,0,,,
aid tying,,,"[经] 援助的附带条件, 对援款的限制",,,,,0,0,,,
aid with,,,用 ... 帮助,,,,,0,0,,,
aid with no conditions attached,,,un. 无附加条件的援助,,,,,0,0,,,
aid with no strings attached,,,不附带任何条件的援助,,,,,0,0,,,
aid work,,,援助工作,,,,,0,0,,,
aid worker,,,[网络] 救援人员,,,,,0,0,,,
aid workers,,,[网络] 救援人员；救援工作人员,,,,,0,0,,,
"Aid,-Aid",eid,,comb.form [用以构成专有名词]表示“…的慈善机构”，“(尤指义演或义赛性)赞助，救助”，“为…募捐”[参较-aid]:Band Aid， Sport Aid，Fashion-Aid,,,,,0,0,,,
aid-de-camp,",eiddə'kɔŋ",,n. =aide-de-camp,,,,,0,0,,,
aid-dependent,,,[网络] 援助依赖,,,,,0,0,,,
aid-funded,,,[网络] 援助资金,,,,,0,0,,,
aid-giving,,,[网络] 援助,,,,,0,0,s:aid-givings,,
aid-giving nation,,,[法] 援助国,,,,,0,0,,,
aid-givings,,,[网络] 援助\n(aid-giving 的复数),,,,,0,0,0:aid-giving/1:s,,
aid-hearing,,,助听器,,,,,0,0,,,
aid-in-dying,,,[网络] 帮助死亡；协助死亡；辅助死亡,,,,,0,0,,,
AID-like syndrome,'eid-laik,,一种导致获得性免疫缺陷的疾病(其症状类似艾滋病),,,,,0,0,,,
aid-major,,,[网络] 辅助专业,,,,,0,0,,,
aid-majors,,,[网络] 辅助专业,,,,,0,0,,,
Aid-the-poor programme,,,[网络] 抚贫计划；扶贫,,,,,0,0,,,
aid-to-navigation,eid tu: ˌnæviˈɡeiʃən,, [计]导航设备,,,,,0,0,,,
aid-worker,,,[网络] 救援人员,,,,,0,0,s:aid-workers,,
aid-workers,,,[网络] 救援人员；救援工作人员,,,,,0,0,0:aid-worker/1:s,,
Aida,ɑ:'i:dә,,[经] 广告作用四阶段,,,,,37500,0,,,
Aida cloth,,,[网络] 爱达布,,,,,0,0,,,
Aida cloths,,,[网络] 艾达布,,,,,0,0,,,
aida trumpet,,,阿依达小号,,,,,0,0,,,
aidable,,,[网络] 有帮助,,,,,0,0,,,
Aidan,,,艾丹,,,,,25348,0,s:aidans,,
"Aidan, Saint",'eidən,,圣艾丹(?～651，英格兰基督教教士，诺森伯里亚使徒，635年在林迪斯法尔内设立隐修院),,,,,0,0,,,
aidance,eidәns,n. Aid.,"n. 协助, 帮助",,,,,0,0,,,
aidances,'eɪdəns,,n. 协助，帮助,,,,,0,0,,,
aidanite,,,钍凳]矿,,,,,0,0,,,
aidans,,,艾丹,,,,,0,0,0:aidan/1:s,,
aidant,'eidәnt,a. Helping; helpful; supplying aid.,"a. 帮助的, 有助益的",,,,,0,0,,,
aidara,,,艾达拉,,,,,0,0,s:aidaras,,
aidaras,,,艾达拉\n(aidara 的复数),,,,,0,0,0:aidara/1:s,,
AIDAT,,,[=albumin-enhanced indirect antiglobulin test]白蛋白增强的间接抗球蛋白试验,,,,,0,0,,,
AIDB,,,人工智能数据库,,,,,0,0,,,
AIDBA,,,广告传播之五步骤,,,,,0,0,,,
aidc,,,abbr. Arkansas Industrial Development Commission 阿肯色州工业发展委员会; American Industries Development Council 美国工业发展理事会; Asian Industrial Development Council 亚洲工业发展理事会; Australian Industries Development Corporation 澳大利亚工业发展公司,,,,,0,0,,,
Aiddle America,,,"n. 中美洲人,美国中产阶级",,,,,0,0,,,
AIDDM,,,[=absolutely insulin-dependent diabetes mellitus]绝对胰岛素依赖性糖尿病,,,,,0,0,,,
AIDDU,,,"[=5'-amino-5-iodo-2',5'-dideoxyuridine]5'-氨-5-碘-2',-5'-二脱氧尿苷",,,,,0,0,,,
aide,eid,n. someone who acts as assistant,"n. 助手, 副官\n[计] 数据输入的可说明性",n:100,2,,,9020,3035,s:aides,,
aide de camp,.eɪd də 'kɑːmp,,n. 〈外〉【军】随从武官[参谋]；副官；幕僚\n[网络] 罗斯玛随扈；随从参谋；营副,,,,,0,0,,,
aide dog,,,[网络] 助手狗,,,,,0,0,,,
aide memoire,,, 协议备忘录,,,,,0,0,,,
aide memoires,,,备忘录,,,,,0,0,,,
aide-de-camp,.eiddә'kɒŋ,n an officer who acts as military assistant to a more senior officer,"n. 副官, 侍从武官",n:100,,,,0,0,s:aides-de-camp,,
aide-de-camps,",eiddə'kɔmp",,n. 副官；侍从武官；助手,,,,,0,0,0:aide-de-camp/1:s,,
aide-de-campship,,,[网络] 辅助营地,,,,,0,0,,,
aide-de-campships,,,[网络] 辅助营地,,,,,0,0,,,
aide-decamp,,,[网络] 辅助蜕皮,,,,,0,0,,,
aide-me'moire,,,[法] 备忘录,,,,,0,0,,,
aide-memoir,,,[网络] 审核员之引导及备忘录,,,,,0,0,,,
aide-memoire,'eidmem'wɑ:r,n. a memorandum summarizing the items of an agreement (used especially in diplomatic communications),"n. 帮助记忆的东西, 备忘录",,,,,0,0,s:aide-memoires,,
aide-memoires,.eɪd mem'wɑː(r),,n. 〔外交〕备忘录；备忘录\n[网络] 外交备忘录；提醒物；一般外交辞汇,,,,,0,0,0:aide-memoire/1:s,,
aided,'eidid,v give help or assistance; be of service\nv improve the condition of\na having help; often used as a combining form,a. 辅助的；半自动的,j:100,,,,41432,44349,0:aid/1:dp,,
aided and abetted,,,帮凶，同谋,,,,,0,0,,,
aided awareness,,,[网络] 提示知名度；有提示认知；提示后品牌知名度,,,,,0,0,,,
aided channel repertoire,,,频道提示；频道简介,,,,,0,0,,,
aided design,,,辅助设计,,,,,0,0,,,
aided gravity scram,,,借助重力快速停堆,,,,,0,0,,,
aided laying,,,半自 动瞄准;半自动敷设,,,,,0,0,,,
aided matching,,,辅助装定器,,,,,0,0,,,
aided person,,,[法] 受援者,,,,,0,0,,,
aided range gearing,,,半自动距离数据发送,,,,,0,0,,,
aided range tracking,,,半自动距离跟踪,,,,,0,0,,,
aided ranging,,,辅助测距,,,,,0,0,,,
aided recall,,,帮助回忆法,,,,,0,0,,,
aided school,,,(英国的)公款补助学校,,,,,0,0,,,
aided tachometer,,,"半自动转速表,辅助转速计",,,,,0,0,,,
aided tachometer generator,,,半自动测速发电机;半自动转速表传感器,,,,,0,0,,,
aided tracking,,,"[计] 半自动跟踪, 辅助跟踪",,,,,0,0,,,
aided tracking mechanism,,,半自动跟踪机构,,,,,0,0,,,
aided tracking system,,,半自动跟踪制,,,,,0,0,,,
aided tracking time constant,,,[电子] 半自动跟踪时间常数,,,,,0,0,,,
Aided tracking.,,,un. 半自动跟踪；辅助的跟踪\n[网络] 辅助追踪；半自动追踪；辅助跟踪,,,,,0,0,,,
aided-recall method,,,提示回忆法,,,,,0,0,,,
aided-tracking mechanism,,,半自动跟踪机构,,,,,0,0,,,
aided-tracking ratio,,,半自动跟踪系数,,,,,0,0,,,
aided-tracking signal,,,[电子] 半自动跟踪信号,,,,,0,0,,,
aidedecamp,ˊeiddәˊkaːŋ,,"n. 副官,侍从武官",,,,,0,0,,,
aideed,eɪd,,n. [美国英语]助手，助理，副手；帮助者；[英国英语]福利工作者的助手,,,,,0,0,,,
aidells,,,[网络] 援助,,,,,0,0,,,
aidememoire,əaɪd'memɔɪər,,n.备忘录,,,,,0,0,,,
aiden,,,艾登（人名）,,,,,0,0,s:aidens,,
Aidenbach,,,[地名] 艾登巴赫 ( 德 ),,,,,0,0,,,
Aidenn,,,[网络] 艾登,,,,,0,0,,,
aidens,,,艾登（人名）,,,,,0,0,0:aiden/1:s,,
aider,,"n. One who, or that which, aids.","[法] 助手, 帮手, 辅助人",,,,,37484,0,s:aiders,,
aider and abettor,,,"[法] 共犯, 帮凶",,,,,0,0,,,
aider by verdict,,,[法] 裁判的救助,,,,,0,0,,,
aideress,,,[网络] 助手,,,,,0,0,,,
aiders,,"plural of aider\nn. One who, or that which, aids.","(aider 的复数) [法] 助手, 帮手, 辅助人",,,,,0,0,0:aider/1:s,,
aides,eidz,n. (Greek mythology) the god of the underworld in ancient mythology; brother of Zeus and husband of Persephone\nn. an officer who acts as military assistant to a more senior officer\nn. someone who acts as assistant,"n. 助手, 副官( aide的复数形式 )",,,,,0,0,0:aide/1:s/s:aidess,,
aides-de-camp,,n. an officer who acts as military assistant to a more senior officer,n. aide-de-camp（助手）的变形,,,,,0,0,0:aide-de-camp/1:s,,
aidesep,,,[网络] 秘鲁雨林族群发展协会；秘鲁跨族群丛林发展协会；秘鲁丛林跨种族发展协会,,,,,0,0,,,
aidess,,,[网络] 无空气,,,,,0,0,0:aides/1:s,,
aidest,eɪd,,n. [美国英语]助手，助理，副手；帮助者；[英国英语]福利工作者的助手,,,,,0,0,,,
aideth,,,[网络] 援助,,,,,0,0,,,
AIDF,,,[=autoimmune complement fixation]自动免疫补体结合,,,,,0,0,,,
aidful,,a. Helpful.,a. aid的变形,,,,,0,0,,,
AIDH,,,[=atypical intraductal hyperplasia]导管内非典型增生,,,,,0,0,,,
Aidhausen,,,[地名] 艾德豪森 ( 德 ),,,,,0,0,,,
Aidi,,,[网络] 艾迪犬；酸性沈积物；阿特拉斯犬,,,,,0,0,,,
Aidia,,,n. 茜树属；Associate of the Industrial Design Institute of Australia 澳大利亚工业设计学会联合会,,,,,0,0,,,
Aidia canthioides,,,n. 香楠,,,,,0,0,,,
Aidia cochinchinensis,,,n. 茜树,,,,,0,0,,,
Aidia oxyodonta,,,n. 尖萼茜树,,,,,0,0,,,
Aidia pycnantha,,,n. 多毛茜草树,,,,,0,0,,,
Aidia salicifolia,,,n. 柳叶香楠,,,,,0,0,,,
Aidia shweliensis,,,n. 瑞丽茜树,,,,,0,0,,,
Aidia yunnanensis,,,n. 滇茜树,,,,,0,0,,,
aidid,,,[网络] 艾迪德；美党的名叫艾迪,,,,,0,0,,,
aidids,,,[网络] 援助,,,,,0,0,,,
aidimines,,,[机] 醛亚氨,,,,,0,0,,,
aidin,,,n. (Aidin)人名；(乌兹)艾丁,,,,,0,0,,,
aiding,,v give help or assistance; be of service\nv improve the condition of,n. 帮助,,,,,0,0,0:aid/1:i,,
aiding and abetting,,,[网络] 帮助和教唆；协助与教唆罪；帮助与教唆,,,,,0,0,,,
aiding connection,,,顺联,,,,,0,0,,,
aiding field,,,辅助场,,,,,0,0,,,
aiding in keeping equipment records,,,协助保管设备档案,,,,,0,0,,,
aiding method,,,[科技] 辅助方法,,,,,0,0,,,
aiding planning for utilities,,,协助计划公共设施,,,,,0,0,,,
aiding planning materials flow,,,协助计划材料流程,,,,,0,0,,,
aidings,,,[网络] 援助,,,,,0,0,,,
aidless,,,[网络] 没有帮助,,,,,0,0,,,
aidman,'eidmæn,,n. 救护兵,,,,,0,0,,,
aidmen,,,救护兵( aidman的名词复数 ),,,,,0,0,,,
aidoiitis,,,[医] 外阴炎,,,,,0,0,,,
aidoiomania,,,[医] 色情狂,,,,,0,0,,,
aidomyia femoralis,,,港口水虻,,,,,0,0,,,
aidonar,,,安体舒通,,,,,0,0,,,
Aidone,,,[地名] 艾多内 ( 意 ),,,,,0,0,,,
Aidoneus,,,[网络] 埃多纽斯；霁方；艾度纽斯等等,,,,,0,0,s:aidoneuss,,
aidoneuss,,,[网络] 埃多纽斯；霁方；艾度纽斯等等\n(aidoneus 的复数),,,,,0,0,0:aidoneus/1:s,,
aidoo,,,[网络] 埃多；月寒；红夜,,,,,0,0,s:aidoos,,
aidoos,,,[网络] 埃多；月寒；红夜\n(aidoo 的复数),,,,,0,0,0:aidoo/1:s,,
aidos,,,n. (Aidos)人名；(葡)艾多斯,,,,,0,0,,,
aidothymidine,,,叠氮胸甙,,,,,0,0,,,
AIDP,,,abbr. 急性炎性脱髓鞘性多神经根神经病（acute inflammatory demyelinative polyradiculoneuropathy）,,,,,0,0,,,
AIDS,eidz,n. a serious (often fatal) disease of the immune system transmitted through blood products especially by sexual contact or contaminated needles,"n. 爱滋病(获得性免疫缺陷综合征)\n[计] 高级综合数据系统, 先进交互调试系统, 自动图解文档编制系统\n美国决策学学会, 信息自动显示系统, 自动综合调试系统",,4,,gk ielts,3757,1793,0:aid/1:s3/s:aidss,,
aids and abets,,,帮凶，同谋,,,,,0,0,,,
aids and appliances,,,用具，设备,,,,,0,0,,,
AIDS awareness,,,关注艾滋病及其患者的运动,,,,,0,0,,,
AIDS babies,,,[网络] 艾滋病婴儿,,,,,0,0,,,
AIDS baby,,,[网络] 艾滋病宝贝,,,,,0,0,,,
AIDS belt,,,艾滋病原发(或发源)地带(中非和东非的一些国家被认为是发现首例艾滋病的地区)；艾滋病蔓延地带,,,,,0,0,,,
AIDS Coalition to Unleash Power,,,[网络] 艾滋病联盟；艾滋病解放力量联盟；艾滋病同盟,,,,,0,0,,,
AIDS cocktail,,,[网络] 艾滋病鸡尾酒,,,,,0,0,,,
AIDS cocktails,,,[网络] 艾滋病鸡尾酒,,,,,0,0,,,
AIDS dementia complex,,,[网络] 艾滋病痴呆综合症；艾滋病痴呆综合征；艾滋病痴呆复合征,,,,,0,0,,,
aids epidemic,,,[网络] 艾滋病；艾滋病流行；艾滋流行病,,,,,0,0,,,
aids for paper coating,,,[化] 涂布纸辅助剂,,,,,0,0,,,
aids memorial quilt,,,爱滋[纪念]拼布；爱滋[纪念]百衲被；爱滋[纪念]被单,,,,,0,0,,,
aids prevention campaign,,,爱滋病防治宣导,,,,,0,0,,,
aids quilt,,,爱滋[纪念]拼布；爱滋[纪念]百衲被；爱滋[纪念]被单,,,,,0,0,,,
AIDS ribbon,,,[网络] 红丝带,,,,,0,0,,,
AIDS ribbons,,,[网络] 艾滋病丝带,,,,,0,0,,,
aids service,,,辅助服务,,,,,0,0,,,
AIDS test,,,[网络] 艾滋病测试；检测艾滋病；爱滋病,,,,,0,0,,,
AIDS testing kit,,,家用艾滋病测试箱，自测艾滋病的工具箱[亦作AIDS home testing kit],,,,,0,0,,,
aids to navigation,,,"助航标志, 航标",,,,,0,0,,,
aids to navigation boat,,,助航艇,,,,,0,0,,,
aids to navigation in lock area,,,[网络] 船闸航标,,,,,0,0,,,
aids to navigation on canal,,,[网络] 运河航标,,,,,0,0,,,
aids to navigation on inland waterways,,,[网络] 内河航标；内河助航标志,,,,,0,0,,,
Aids to Navigation on Offshore Waterways,,,[网络] 海区航标,,,,,0,0,,,
aids to navigation radio control,,,导航无线电控制辅助设备,,,,,0,0,,,
aids to trade,,,[经] 贸易支柱,,,,,0,0,,,
AIDS virus,,,[病毒] 艾滋病病毒,,,,,0,0,,,
AIDS' virus,,,【病理学】艾滋病病毒[包括嗜入T—淋巴细胞Ⅲ型病毒 (HTL V-3)、淋巴结病相关病毒(LAV)、艾滋病相关病毒(ARV)及人类免疫缺陷病毒(HIV)等],,,,,0,0,,,
"AIDS,Aids",eidz,,"n. 【病理学】艾滋病,获得性免疫缺损综合征[参较AIDS virus,acquired immune deficiency syndrome的首字母缩合][1982]；【计算机】艾滋病毒(一种计算机病毒)",,,,,0,0,,,
aids-afflicted,,,[网络] 艾滋病患者,,,,,0,0,,,
AIDS-antibody,'eidz-æntibɔdi,,positive＝antibody positive,,,,,0,0,,,
aids-associated,,,[网络] 辅助相关,,,,,0,0,,,
aids-awareness,,,[网络] 关注艾滋行动；爱滋觉醒；世界艾滋病日,,,,,0,0,,,
aids-causing,,,[网络] 造成艾滋病,,,,,0,0,,,
aids-de-camp,",eid(z)-",,n. aid-de-camp的变形,,,,,0,0,,,
aids-defining,,,[网络] 辅助定义,,,,,0,0,s:aids-definings,,
aids-definings,,,[网络] 辅助定义\n(aids-defining 的复数),,,,,0,0,0:aids-defining/1:s,,
aids-education,,,[网络] 辅导教育,,,,,0,0,,,
aids-fighting,,,[网络] 辅助作战,,,,,0,0,,,
aids-free,,,[网络] 免於爱滋病侵犯,,,,,0,0,,,
aids-infected,,,[网络] 感染上艾滋病,j:100,,,,0,0,,,
aids-like,,,[网络] 类似艾滋病,,,,,0,0,,,
Aids-literate,'eidz'litərət,,adj. 熟悉艾滋病情况的,,,,,0,0,,,
aids-prevention,,,[网络] 艾滋病预防；预防艾滋病；艾滋病的预防,,,,,0,0,,,
aids-preventive,,,[网络] 预防艾滋病,,,,,0,0,,,
aids-ravaged,,,[网络] 受到蹂躏,,,,,0,0,,,
aids-related,'eidz-rileitid,,adj. 由艾滋病引起的；与艾滋病有关的,j:100,,,,0,0,s:aids-relateds,,
AIDS-related complex,"'eidzri,leitid",,"【病理学】艾滋病相关症(或综合征)(有时为艾滋病的先兆症状, 主要表现为慢性淋巴结肿大、低热不退)[略作ARC, 亦作 AIDS-related condition]",,,,,0,0,,,
aids-related complex (arc),,,爱滋病相关併发症,,,,,0,0,,,
AIDS-related condition,,,＝AIDS-related complex,,,,,0,0,,,
AIDS-related virus,,,【病理学】艾滋病相关病毒(＝HIV)[略作ARV],,,,,0,0,,,
aids-relateds,'eidz-rileitid,,adj. 由艾滋病引起的；与艾滋病有关的,,,,,0,0,0:aids-related/1:s,,
aids-stricken,,,[网络] 艾滋病,,,,,0,0,,,
aids-sufferers,,,[网络] 艾滋病患者,,,,,0,0,0:aids-sufferer/1:s,,
AIDSDRUGS,,,艾滋病药物数据库,,,,,0,0,,,
AIDSLINE,,,艾滋病文献资料库,,,,,0,0,,,
AIDSS,,,[=artificial intelligence decision support system]人工智能型决策支持系统,,,,,0,0,0:aids/1:s,,
AIDT,,,[=American Institute of Dental Teachers]美国牙科教师学会,,,,,0,0,,,
"Aiduma, Pulau",,,[地名] 艾杜马岛 ( 印尼 ),,,,,0,0,,,
Aidun,,,[地名] 艾敦 ( 约 ),,,,,0,0,,,
AIDURD,,,"[=5-iodo-5'-amino-2',5'-dideoxy-uridine]5-碘-5'-氨基-2',5'-双脱氧尿苷",,,,,0,0,,,
AIDUS,,,[计] 自动化输入与文档更新系统,,,,,0,0,,,
aidyrlite,'eidәlait,,杂硅铝镍矿,,,,,0,0,,,
aie,,,abbr. 国际教育联盟（Alliance for International Education）；自适应图像增强器（Adaptive Image Enhancer）,,,,,0,0,,,
aie injection starter,,,压缩空气起动机,,,,,0,0,,,
aiea,,,abbr. Agencia Internacional de Energia Atómica (Spanish=International Atomic Energy Agency) （西班牙语）国际原子能代理社,,,,,0,0,,,
AIEC,,,[=advanced ion exchange cellulose]高级离子交换纤维素,,,,,0,0,,,
AIED,ˌe'aɪ,,"AI\nabbr.\nAaland Islands\n[拉丁语]ad interim\nAdmiralty Islands\nairborne intercept 机载截击(雷达)\nAir India 印度航空公司\nair interception 空中拦截\nAmnesty International 国际大赦组织\nartificial insemination 人工授精\nartificial intelligence 人工智能\nai1\n[ai]\ninterj.\n唉!(表示痛苦、悲伤、怜悯、哀怜、惋惜、烦恼等)\nai2\n['ɑ:i; ai]\nn.\n【动物】(产于中、南美洲的)三趾树獭(Bradypus tridactylus)[亦作 aye, three-toed sloth]\n变形：\nn.\nais",,,,,0,0,,,
Aiee,,,[电] 美国电机工程学会,,,,,0,0,,,
aiee(american institute of electrical engineers),,,美国电机工程师学会,,,,,0,0,,,
"AIEE,A.I.E.E.",,,abbr. American Institute of Electrical Engineers美国电机工程师协会,,,,,0,0,,,
aiee-e,,,abbr. 美国电机及电子工程师协会（American Institute of Electrical and Electronic Engineers）,,,,,0,0,s:aieses-es,,
AIEEE,,,abbr. American Institute of Electrical and Electronic Engineers 美国电机及电子工程师协会,,,,,0,0,,,
aieet,,"A greeting, derived from the question ""are you allright?"", in the Geordie dialect of North East England, ""y'areet?"", abreviated to ""aieet?""  \n> Carmicheals friend Steve was diagnosed with herpes. Carmicheal went to hospital to visit him. He said, ""Hey Steve, aieet?""\n",,,,,,0,0,,,
aiel,,,[网络] 艾尔；艾尔人；积满灰尘的窗户和在艾伊尔,,,,,0,0,,,
aiello,,,n. (Aiello)人名；(英)艾洛；(法)阿耶洛,,,,,0,0,,,
aiello calabro,,,艾耶罗卡拉布洛,,,,,0,0,,,
Aiello's test,,,[医] 阿耶洛氏试验(检脑脊液中色氨酸),,,,,0,0,,,
Aielo Calabro,,,[地名] 阿耶洛卡拉布罗 ( 意 ),,,,,0,0,,,
Aiema,,,[地名] 阿耶马河 ( 巴布 ),,,,,0,0,,,
AIEP,,,[=amount of insulin extractable pancreas]由胰腺提取的胰岛素量,,,,,0,0,,,
AIEQ,,,[=Aluminium Equivalent]铝过滤当量,,,,,0,0,,,
aier,,,abbr. Aaland Islands；[拉丁语]ad interim,,,,,0,0,,,
aiery,,,[网络] 风笛,,,,,0,0,,,
aiesec,,, 国际经济学商学学生联合会(Association Internationale des Etudiants en Sciences Economiques et Commerciales),,,,,0,0,s:aiesecs,,
aiesecs,,, 国际经济学商学学生联合会(Association Internationale des Etudiants en Sciences Economiques et Commerciales)\n(aiesec 的复数),,,,,0,0,0:aiesec/1:s,,
aieses-es,,,abbr. 美国电机及电子工程师协会（American Institute of Electrical and Electronic Engineers）\n(aiee-e 的复数),,,,,0,0,0:aiee-e/1:s,,
aiesha,,,[网络] 妇女；女性,,,,,0,0,,,
AIET,,,[计] 平均指令执行时间,,,,,0,0,,,
Aieta,,,艾耶塔,,,,,0,0,,,
aif,,,abbr. 澳大利亚武装部队（Australian Imperial Forces）,,,,,0,0,s:aifs,,
AIFD,,,[=acute intrapartum fetal distress]急性分娩期胎儿窘迫,,,,,0,0,,,
aiff,,,音频交换文件格式（audio interchange file format）,,,,,0,0,,,
Aiffres,,,艾弗列,,,,,0,0,,,
aifg,,,[网络] 钀介洦；下笔,,,,,0,0,,,
AIFIA,,,[=acid isoferritin inhibitory activity]酸性异铁蛋白抑制活动性,,,,,0,0,,,
aifld,,,abbr. American Institute for Free Labor Development 美国自由工作开发学会,,,,,0,0,,,
aifs,,,先进红外导引头(advanced infra-red seeker),,,,,0,0,0:aif/1:s,,
aifu nuangong pills,,,艾附暖宫丸,,,,,0,0,,,
Aifu Nuangong Wan,,,[中医] 艾附暖宫丸,,,,,0,0,,,
AIFV,,,abbr. Armored Infantry Fighting Vehicle 装甲步兵战车,,,,,0,0,,,
aig,,,abbr. 美国国际集团（American International Group Inc）；全惯性制导（All-Inertial Guidance）,,,,,0,0,s:aigs,,
AIG (address indicating group),,,址指示组,,,,,0,0,,,
aiga,,,abbr. 抗免疫球蛋白a抗体（anti-iga antibody）,,,,,0,0,,,
Aigaleo,,,[网络] 艾加里奥,,,,,0,0,,,
Aigburth,,,[网络] 誉皇居,,,,,0,0,s:aigburths,,
aigburths,,,[网络] 誉皇居\n(aigburth 的复数),,,,,0,0,0:aigburth/1:s,,
Aigdonyl,,,"舒必利,止呕灵,消呕宁,硫苯酰胺,舒宁",,,,,0,0,,,
Aigeira,,,艾盖拉,,,,,0,0,,,
Aigen,,,[地名] 艾根 ( 奥 ),,,,,0,0,,,
Aigen am Inn,,,[地名] 因河畔艾根 ( 德 ),,,,,0,0,,,
aigen im ennstal,,,艾根恩斯塔,,,,,0,0,,,
aigent,,,[网络] 好的,,,,,0,0,,,
aiger,,,[网络] 艾高；艾佳；罗斋,,,,,0,0,,,
aight,,"1)A word that [URBANDICTIONARY.COM] uses as the confirmation button sometimes when you vote thumbs up or down.\r\n2)The way i took up saying ""alright"", not knowing that it was already being used as a 'hip' or 'kewl' way to say al right... I was just out there half-assin' it... oh well\n> Lil' bro: C'mon man! Why can't you take me to the skate park?\n> Me: Shut the [SHIBBY] up!  I told you already.  Your stupid skaterass friends think they're all [shibby] with their damn sellout BAM shirts and shit... and I personally don't want to put you, another customer for that damned skatepark, out there for that damned place to suk up you fuckin money.  Besides, I'm tired, bored, lazy and I'm gonna halfass my self thru the day... (here it comes)...    ...     ... Aight?\n",,,,,,0,0,,,
aighted,,,[网络] 。,,,,,0,0,,,
Aighton,,Aighton\na hamlet in Lancashire\n,,,,,,0,0,,,
aigiali b.,,,爱加里湾,,,,,0,0,,,
aigialium,,,n. 【生态学】＝agium,,,,,0,0,,,
Aigialosauridae,,,[脊椎] 崖蜥科,,,,,0,0,,,
aigialosaurs,,,n. 绳龙类,,,,,0,0,,,
aigialousa (yialousa),,,艾加劳沙(雅劳沙),,,,,0,0,,,
Aigina,'eiji:nɑ:,,n. 艾伊娜岛（希腊一岛屿）,,,,,0,0,s:aiginas,,
aiginas,'eiji:nɑ:,,Aegina的现代希腊语名称,,,,,0,0,0:aigina/1:s,,
Aiginio,,,艾吉尼欧,,,,,0,0,,,
Aigio,,,[网络] 艾夏赫；艾歌有；艾吉奥,,,,,0,0,,,
aigkette,,,帽饰羽毛,,,,,0,0,,,
Aigle,,,[地名] 艾格勒 ( 瑞士 ),,,,,0,0,,,
"Aigle, Barrage de l'",,,[地名] 艾格勒坝 ( 法 ),,,,,0,0,,,
aiglent wine,,,[网络] agilent葡萄酒,,,,,0,0,,,
aiglet,'ei^lit,n metal or plastic sheath over the end of a shoelace or ribbon\nn ornamental tagged cord or braid on the shoulder of a uniform,"n. 带端的金属尖头(鞋带), 坠饰(=aglet)",,,,,0,0,s:aiglets,,
aiglets,'eɪɡlɪt,,n. 带端的金属尖头（或鞋带）；坠饰（等于aglet）,,,,,0,0,0:aiglet/1:s,,
AIGLONYL,,,[=Sulpiride]舒必利,,,,,0,0,,,
Aiglun,,,艾格伦,,,,,0,0,,,
aignal lamp,,,"[机] 信号灯, 号志灯",,,,,0,0,,,
aignaling,,,信号活动,,,,,0,0,,,
Aignan,,,[地名] 艾尼昂 ( 法 ),,,,,0,0,,,
Aignay-le-Duc,,,[地名] 艾涅勒迪克 ( 法 ),,,,,0,0,,,
aigner,,,艾格纳（人名）,,,,,0,0,,,
aigo,,,n. 爱国者（品牌名）,,,,,0,0,,,
"Aigoual, Mont",,,[地名] 艾瓜勒山 ( 法 ),,,,,0,0,,,
aigre,,,[地名] 艾格尔 ( 法 ),,,,,0,0,,,
Aigrefeuille-d'Aunis,,,[地名] 艾格尔弗耶多尼 ( 法 ),,,,,0,0,,,
Aigrefeuille-sur-Maine,,,[地名] 曼恩河畔艾格尔弗耶 ( 法 ),,,,,0,0,,,
aigret,'eigret,n a long plume (especially one of egret feathers) worn on a hat or a piece of jewelry in the shape of a plume,"n. 鹭, 帽子上的羽饰, 鹭毛",,,,,0,0,s:aigrets,,
aigrets,'eiɡret,,n. 鹭；冠羽；鹭鸶羽毛帽饰,,,,,0,0,0:aigret/1:s,,
aigrette,'ei^ret,n a long plume (especially one of egret feathers) worn on a hat or a piece of jewelry in the shape of a plume,"n. 白鹭, 冠毛",,,,,0,0,s:aigrettes,,
"aigrette,aigret",'eiɡret,,n. (妇女装饰用的)鹭毛，白鹭羽毛；(尤指用苍鹭背部羽毛制成的帽顶或盔顶上的)羽饰；羽毛状宝石头饰(或帽饰),,,,,0,0,,,
aigrettes,,,n. 【鸟】白鹭；【植】冠毛；鹭鸶毛帽饰；(宝石的)枝状饰\n[网络] 白鹭鸶,,,,,0,0,0:aigrette/1:s,,
"Aigrettes, Pointe des",,,[地名] 艾格雷特角 ( 留 ),,,,,0,0,,,
AIGS,,,abbr. All Inertial Guidance System 全惯性制导系统,,,,,0,0,0:aig/1:s,,
Aigua,,,艾瓜,,,,,0,0,,,
aigue-marine,,,un. 海蓝宝石,,,,,0,0,,,
aigue-marine (aquamarine),,,海蓝宝石；绿柱石,,,,,0,0,,,
Aiguebelle,,,[地名] 艾格贝勒 ( 法 ),,,,,0,0,,,
Aigueblanche,,,[地名] 艾格布朗什 ( 法 ),,,,,0,0,,,
Aigueperse,,,[地名] 艾格佩斯 ( 法 ),,,,,0,0,,,
Aigues,,,[地名] 艾格河 ( 法 ),,,,,0,0,,,
Aigues-Mortes,,,[地名] 艾格莫尔特 ( 法 ),,,,,0,0,,,
aigues-mortes (aquae mortuae),,,艾格莫特(阿圭莫丘耶),,,,,0,0,,,
"Aigues-Mortes, G.d'",,,[地名] 艾格莫尔特湾 ( 法 ),,,,,0,0,,,
Aigues-Vives,,,[地名] 艾格维沃 ( 法 ),,,,,0,0,,,
aiguilette,,,[网络] 金线辫带；繸带；饰绪,,,,,0,0,s:aiguilettes,,
aiguilettes,,,[网络] 金线辫带；繸带；饰绪\n(aiguilette 的复数),,,,,0,0,0:aiguilette/1:s,,
aiguille,'eigwi:l,"n. A needle-shaped peak.\nn. An instrument for boring holes, used in blasting.","n. 尖峰, 针状峰\n[机] 石钻头, 锥子",,,,,0,0,s:aiguilles,,
Aiguilles,,,[地名] 艾吉耶 ( 法 ),,,,,0,0,0:aiguille/1:s,,
aiguilles i.,,,艾奇耶岛,,,,,0,0,,,
aiguillesque,,"aiguillesque (comparative more aiguillesque, superlative most aiguillesque)\nShaped like an aiguille.\n",,,,,,0,0,,,
aiguillette,.eigwi'let,"n. A point or tag at the end of a fringe or lace; an\n   aglet.\nn. One of the ornamental tags, cords, or loops on some\n   military and naval uniforms.",n. 肩带,,,,,0,0,s:aiguillettes,,
aiguilletted,,,adj. aiguillette的变形,,,,,0,0,,,
aiguillettes,,"plural of aiguillette\nn. A point or tag at the end of a fringe or lace; an\n   aglet.\nn. One of the ornamental tags, cords, or loops on some\n   military and naval uniforms.",(aiguillette 的复数) n. 肩带,,,,,0,0,0:aiguillette/1:s,,
Aiguillon,,,[地名] 艾吉永 ( 法 ),,,,,0,0,,,
"Aiguillon, Pte.de l'",,,[地名] 艾吉永角 ( 法 ),,,,,0,0,,,
aiguolos,,,阿格洛斯风,,,,,0,0,,,
Aigurande,,,[地名] 艾居朗德 ( 法 ),,,,,0,0,,,
aih,,,abbr. 配偶人工授精（Artificial Insemination by Husband）,,,,,0,0,s:aihs,,
aiha,,,abbr. 美国工业卫生协会（American Industrial Hygiene Association）；自身免疫性溶血性贫血,,,,,0,0,,,
aiha (american industrial hygiene association),,,美国工业卫生协会,,,,,0,0,,,
"AIHA,A.I.H.A.",,,abbr. American Industrial Hygiene Association美国工业卫生协会,,,,,0,0,,,
Aihara,,,[地名] 相原 ( 日 ),,,,,0,0,,,
AIHC,,,abbr. American Industrial Health Council 美国工业卫生委员会,,,,,0,0,,,
aihd,,,[=acquired immune hemolytic disease]获得性免疫溶血病,,,,,0,0,,,
aihec,,,abbr. American Indian Higher Education Consortium 美国印第安人高等教育社团,,,,,0,0,,,
AIHP,,,[=American Institute of the History of Pharmacy]美国药学史学会,,,,,0,0,,,
AIHS,,,"AIH\nabbr.\nartificial insemination by husband配偶人工授精,丈夫实行的人工授精[参较AID]",,,,,0,0,0:aih/1:s,,
aihua,,,[网络] 杭州爱华；活动合影照片下载,,,,,0,0,,,
aii,,,abbr. 国际指导者联盟（Agence de l'innovation industrielle）；图像平均强度（Average Image Intensity）,,,,,0,0,,,
AIIA,,,[网络] 澳大利亚国际事务研究所(Australian Institute for International Affairs)；信息行业协会；信息产业协会,,,,,0,0,,,
AIIB,,,[网络] 亚洲智能建筑学会；Asian Institute of Intelligent Buildings；鐖辩,,,,,0,0,,,
AIIC,,,[网络] 国际会议口译员协会；国际口译协会；国际会议口译协会,,,,,0,0,,,
AIIE,,,abbr. American Institute of Industrial Engineers 美国工业工程师协会,,,,,0,0,,,
aiight,,,[网络] 就这样,,,,,0,0,,,
AIIM,,,[网络] 美国信息及图像管理协会；美国信息与图像管理协会；信息和图像管理协会(Association for Information and Image Management),,,,,0,0,s:aiims,,
aiims,,,abbr. All-India Institute of Medical Sciences 全印度医药科学学会,,,,,0,0,0:aiim/1:s,,
AIIPC,,,[=American International Institute for the Protection of Childhood]美国保护儿童国际学会,,,,,0,0,,,
AIIS,,,[=anterior inferior iliac spine]髂前下棘,,,,,0,0,,,
aij,,,abbr. 壶腹峡部连接处（ampullary-isthmic junction）,,,,,0,0,,,
Aija,,,[地名] 艾哈 ( 秘 ),,,,,0,0,,,
aijalon (ajalon),,,艾杰伦,,,,,0,0,,,
Aijeleth Shahar,,,[网络] 朝鹿,,,,,0,0,,,
aik,,,abbr. Assistance-in-Kind 慈善援助（基金）,,,,,0,0,,,
aik-,,,[网络] 自动安装工具包(Automated Installation Kit)；证明识别金钥(attestation identity key)；自动安装套件,,,,,0,0,,,
Aik.,,,[网络] 自动安装工具包(Automated Installation Kit)；证明识别金钥(attestation identity key)；自动安装套件,,,,,0,0,,,
aikau,,,[网络] 阿考,,,,,0,0,s:aikaus,,
aikaus,,,[网络] 阿考\n(aikau 的复数),,,,,0,0,0:aikau/1:s,,
Aikawa,,,[地名] 合川〈秋田县〉 ( 日 ),,,,,0,0,,,
aikawa ondo (japan),,,相川音头(日本),,,,,0,0,,,
aike,,,n. 爱科,,,,,0,0,,,
aiken,'eikәn,n. United States writer (1889-1973),n. 艾肯（美国诗人、文学批评家、小说家）；艾肯（南卡罗莱纳大学University of South Carolina 分校校区）,,,,,41036,0,s:aikens,,
Aiken code,,,阿肯码,,,,,0,0,,,
Aiken Conrad Potter,'eikin; 'kɔnræd,,艾肯(1889～1973，美国诗人、小说家和文艺评论家),,,,,0,0,,,
aiken mathematics interest scale,,,艾钦数学兴趣量表,,,,,0,0,,,
Aiken solution,,,艾肯方案(指1966年参议员乔治艾肯提出的建议：美国只需宣布越战获胜并撤出其军队),,,,,0,0,,,
Aiken tube,,,菜刀形扁平显像管,,,,,0,0,,,
"Aiken, Howard",,,艾肯(1900～1973，美国数学家),,,,,0,0,,,
"Aiken, Howard Hathaway",,,艾坎,,,,,0,0,,,
aikenhead,,,[网络] 埃肯海德；电视制片人艾肯海德,,,,,0,0,,,
aikenite (aikinite),,,针硫铋铅矿,,,,,0,0,,,
aikens,,,n. (Aikens)人名；(英)艾肯斯,,,,,0,0,0:aiken/1:s,,
aiki-jutsu,",aiki'dʒʌtsu:",,n. [日语]合气术(与柔道相似但含有抱、踢动作的武术),,,,,0,0,,,
aikido,ai'ki:dәu,n. a Japanese martial art employing principles similar to judo,"<日>合气道(日本的一种徒手自卫术,利用对方的力气取胜)",n:100,,,,0,37103,s:aikidoes,,
aikidoes,aɪ'kiːdəʊ,,n. （日）合气道（日本的一种自卫拳术）,,,,,0,0,0:aikido/1:s,,
aikidoka,,"aikidoka (plural aikidokas or aikidoka)\nOne who practices aikido, the martial art.\n",,,,,,0,0,,,
aikidos,aɪ'kiːdəʊ,,n. [日语]合气道(日本的一种自卫拳术),,,,,0,0,,,
aikijutsu,,,[网络] 合气柔术,,,,,0,0,,,
aikin,,,n. (Aikin)人名；(英、西)艾金,,,,,0,0,s:aikins,,
aikinite,'eikinait,,针硫铋铅矿,,,,,0,0,,,
aikins,,, [人名] 艾金斯,,,,,0,0,0:aikin/1:s,,
aikman,,, [人名] [苏格兰人姓氏] 艾克曼 Oak的变体,,,,,0,0,s:aikmen,,
aikmen,,, [人名] [苏格兰人姓氏] 艾克曼 Oak的变体\n(aikman 的复数),,,,,0,0,0:aikman/1:s,,
aiko,,,n. 爱子（日本女子名）,,,,,0,0,,,
aikona,,"Meaning no way; absolutely ain't gonna happen.\n> Bruh, aikona.\n",,,,,,0,0,,,
Aikota,,,[地名] 阿伊科塔 ( 厄立 ),,,,,0,0,,,
Aikton,,,[地名] 艾克顿 ( 英 ),,,,,0,0,,,
Aikuanian Age,,,岩关期,,,,,0,0,,,
AikuanianStage,,,岩关阶,,,,,0,0,,,
aikylide,,,[医] 烃基化物,,,,,0,0,,,
ail,eil,v. be ill or unwell,"vt. 使苦恼\nvi. 生病, 处境困难\n[计] 数组互联逻辑",v:100,,,gre,21560,15923,3:ails/p:ailed/i:ailing/d:ailed/s:ails,,
ail cooler,,,空气冷却器,,,,,0,0,,,
ail-american,,,[网络] 美国人,,,,,0,0,,,
ail-americans,,,[网络] 美国人,,,,,0,0,,,
ail-oil actuator,,,流体压交换器,,,,,0,0,,,
ail-purpose,,,[网络] 目的,,,,,0,0,,,
aila,,,n. (Aila)人名；(瑞典、芬、阿拉伯)艾拉\nabbr. 美国移民律师协会（American Immigration Lawyers Associations）,,,,,0,0,,,
ailamerican,,,[网络] 美国人,,,,,0,0,,,
Ailano,,,[地名] 艾拉诺 ( 意 ),,,,,0,0,,,
ailanthic,ei'lænθik,,"ailanthic\n[ei'lænθik]\nadj.\nailanthus的变形\nailanthus\n[ei'lænθəs]\nn.\n【植物】樗,臭椿,臭椿属(Ailanthus)植物[亦作ailanto][参较tree of heaven]\n变形：\nn.\nailanthuses",,,,,0,0,,,
ailanthinone,,,"臭椿酮,臭椿酯酮,苦樗酮",,,,,0,0,,,
ailantholide,,,"凤眼草内酯,臭椿内酯",,,,,0,0,,,
ailanthone,,,"臭椿苦酮,凤眼草酮",,,,,0,0,,,
ailanthus,ei'lænθәs,n any of several deciduous Asian trees of the genus Ailanthus,n. [植] 臭椿属,,,,,0,0,s:ailanthuss,,
Ailanthus altissima,,,臭椿,,,,,0,0,s:ailanthus altissimas,,
Ailanthus altissima Swingle,,,[医] 樗(臭椿树),,,,,0,0,,,
ailanthus altissima tanakai,,,臭椿,,,,,0,0,,,
ailanthus altissimas,,,臭椿\n(ailanthus altissima 的复数),,,,,0,0,0:ailanthus altissima/1:s,,
Ailanthus Desf.,,,"[医] 臭椿属, 樗属",,,,,0,0,,,
Ailanthus fordii,,,n. 常绿臭椿,,,,,0,0,,,
Ailanthus giraldii,,,n. 毛臭椿,,,,,0,0,,,
ailanthus giraldii dode,,,四川樗树,,,,,0,0,,,
Ailanthus guangxiensis,,,[网络] 广西樗树,,,,,0,0,,,
ailanthus malabarica dc,,,岭南樗树,,,,,0,0,,,
ailanthus moth,,,"【昆虫】樗蚕(Philosamia cynthia,原产东南亚,后在美国培育)",,,,,0,0,,,
ailanthus silk,,,樗蚕丝,,,,,0,0,,,
ailanthus silkworm,eˈlænθəs ˈsɪlkˌwə:m,, 樗蚕,,,,,0,0,s:ailanthus silkworms,,
ailanthus silkworms,,,【昆虫】樗蚕幼虫(Samia walkeri，以臭椿叶为食),,,,,0,0,0:ailanthus silkworm/1:s,,
Ailanthus triphysa,,,n. 岭南臭椿,,,,,0,0,,,
Ailanthus vilmoriniana,,,n. 刺臭椿,,,,,0,0,,,
ailanthus vilmoriniana dode,,,刺樗,,,,,0,0,,,
ailanthuses,,,臭椿属( ailanthus的名词复数 ),,,,,0,0,,,
ailanthuss,eɪ'lænθəs,,"n. 【植物】樗,臭椿,臭椿属(Ailanthus)植物[亦作ailanto][参较tree of heaven]",,,,,0,0,0:ailanthus/1:s,,
ailantic,,,[网络] 厌恶的,,,,,0,0,,,
ailantic acid,,,"[医] 高樗酸, 樗酸",,,,,0,0,,,
ailantine,,,[网络] 麻黄碱,,,,,0,0,,,
ailanto,ei'læntəu,,n. = ailanthus,,,,,0,0,,,
Ailantus,,"n. A genus of beautiful trees, natives of the East Indies.\n   The tree imperfectly di/cious, and the staminate or male plant is very\n   offensive when blossom.","[医] 臭椿属, 樗属",,,,,0,0,,,
ailantuses,,,[网络] 麻醉剂,,,,,0,0,,,
AILAS,,,abbr. Automatic Instrument Landing Approach System 自动仪表着陆进场系统,,,,,0,0,,,
ailavator,eɪlə'veɪtə,,n. 副翼升降舵,,,,,0,0,,,
aild,,,[=angioimmunoblastic lymphadenopathy with dysproteinemia]血管免疫母细胞性淋巴结病伴异常蛋白血症,,,,,0,0,,,
aile,,,abbr. 国家彩票组织国际协会（International Association of State Lotteries）,,,,,0,0,,,
ailed,eɪl,imp. & p. p. of Ail,"vt. 使苦恼, 使烦恼\nvi. 生病\nn. 病痛, 苦恼",,,,,0,0,1:pd/0:ail,,
aileen,'eili:n,,"n. 艾琳（女子名, 等于Alene, Eileen, Helen）",,,,,29938,0,s:aileens,,
aileens,ei'li:n; 'eili:n,,n. 艾琳（女子名，等于Alene，Eileen，Helen）,,,,,0,0,0:aileen/1:s,,
ailene,,,n. 【女名】女子名\n[网络] 钱婧,,,,,0,0,,,
ailently,,,"adv. 静止, 不参加具体经营, 不活动, 无声, 无对话, 不发音, 无症状",,,,,0,0,,,
ailer,,,[网络] 红颜,,,,,0,0,,,
ailergid,,,[医] 变应疹,,,,,0,0,,,
aileron,'eilәrɒn,n. an airfoil that controls lateral motion,"n. 副翼\n[机] 补助翼, 副翼",n:100,,,,29585,33779,s:ailerons,,
aileron actuator,,,副翼促动器,,,,,0,0,,,
aileron angle,,,[机] 副翼角,,,,,0,0,,,
aileron area,,,[机] 副翼面积,,,,,0,0,,,
aileron authority,,,[网络] 副翼效能,,,,,0,0,,,
aileron axis,,,副翼枢轴[通道],,,,,0,0,,,
aileron balance,,,副翼平衡,,,,,0,0,,,
aileron booster,,,副翼加力器,,,,,0,0,,,
aileron buzz,,,副翼颤振,,,,,0,0,,,
aileron cable,,,副翼操纵索,,,,,0,0,,,
aileron chord,,,副翼弦[长],,,,,0,0,,,
aileron control,,,副翼控制,,,,,0,0,,,
aileron control wheel,,,副翼控制轮[操纵轮],,,,,0,0,,,
aileron crank,,,副翼曲柄,,,,,0,0,,,
aileron drag,,,副翼阻力,,,,,0,0,,,
aileron droop,,,副翼下垂,,,,,0,0,,,
aileron effectiveness,,,副翼效益,,,,,0,0,,,
aileron filler,,,渔船副翼舵柄,,,,,0,0,,,
aileron flutter,,,副翼颤振,,,,,0,0,,,
aileron force limiter,,,"副翼操纵限制器, 副翼力限制器，副翼操控限制器",,,,,0,0,,,
aileron hige,,,副翼铰链,,,,,0,0,,,
aileron hinge,,,副翼铰链,,,,,0,0,,,
aileron horn,,,"副翼杆,副翼操纵杆",,,,,0,0,,,
aileron knob shaft,,,副翼控柄轴,,,,,0,0,,,
aileron lever,,,副翼杠杆,,,,,0,0,,,
aileron linkage,,,副翼联动装置,,,,,0,0,,,
aileron linkage arrangement,,,副冀泄漏安置,,,,,0,0,,,
aileron performance,,,副翼性能,,,,,0,0,,,
aileron power,,,副翼能力,,,,,0,0,,,
aileron response factor,,,副翼反应因数,,,,,0,0,,,
aileron reversal,,,[机] 副翼反效应,,,,,0,0,,,
aileron rib,,,副翼肋,,,,,0,0,,,
aileron roll,,,【航天学】副翼横滚，操纵式横滚[见slow roll],,,,,0,0,,,
aileron span,,,副翼展,,,,,0,0,,,
aileron spar,,,副翼梁,,,,,0,0,,,
aileron spoiler,,,副翼扰流器,,,,,0,0,,,
aileron strut,,,副翼支柱,,,,,0,0,,,
aileron tab,,,(飞机的)副翼调整[平]片,,,,,0,0,,,
aileron trim,,,[航] 副翼调整片,,,,,0,0,,,
aileron trim wheel,,,副翼配平手轮,,,,,0,0,,,
aileron wheel,,,"副翼操纵轮, 副翼操控轮",,,,,0,0,,,
aileron yawing moment,,,副翼偏航力矩,,,,,0,0,,,
aileron-angle input,,,[航] 副翼角信号输入,,,,,0,0,,,
aileron-rudder interconnect,,,"副翼-垂直尾翼交接点, 副翼垂直尾翼交接点",,,,,0,0,,,
ailerons,'eɪlərɒnz,n. an airfoil that controls lateral motion,n. 副翼( aileron的复数形式 ),,,,,0,0,0:aileron/1:s,,
ailes,,,艾尔斯（人名）,,,,,0,0,,,
ailesbury,,, [人名] 艾尔斯伯里,,,,,0,0,,,
ailest,eɪl,,vi. 有病痛，生病；感到不舒服：；(尤指某一行业或企业)境况不佳，处境困难：\nvt. [通常以疑问代词作主语，不用作被动语态]使受病痛，使疼痛；使烦恼，使苦恼；折磨：\nn. 病痛；苦恼；烦恼,,,,,0,0,,,
aileth,,,[网络] 艾滋病,,,,,0,0,,,
ailette,ei'let,"n. A small square shield, formerly worn on the shoulders of\n   knights, -- being the prototype of the modern epaulet.",n. (约127～约1350年间武士用的)护肩铁翼,,,,,0,0,,,
Aileu,,,[地名] 艾莱乌 ( 东帝 ),,,,,0,0,s:aileus,,
aileus,,,[地名] 艾莱乌 ( 东帝 )\n(aileu 的复数),,,,,0,0,0:aileu/1:s,,
ailevator,"'eilə,veitə",,n. = elevon,,,,,0,0,,,
ailey,,n. United States choreographer noted for his use of African elements (born in 1931),艾利（人名）,,,,,0,0,s:aileys,,
"Ailey, Alvin",'eili:,,艾利(1931～ ，美国舞蹈家、芭蕾等舞蹈设计者),,,,,0,0,,,
aileys,,,艾利（人名）\n(ailey 的复数),,,,,0,0,0:ailey/1:s,,
aili,,,n. (Aili)人名；(芬、瑞典)艾利,,,,,0,0,,,
ailie,,,艾莉（人名）,,,,,0,0,,,
Ailigandi,,,[地名] 艾利甘迪 ( 巴拿 ),,,,,0,0,,,
ailihphilia,,ailihphilia (uncountable)\n(humorous) A love of palindromes.\n,,,,,,0,0,,,
ailill,,,[网络] 阿希尔；艾里尔；利尔,,,,,0,0,,,
ailin',,,[网络] 王爱林；周磊；病中的石鲁,,,,,0,0,,,
ailing,'eiliŋ,s. somewhat ill or prone to illness,"a. 生病的\n[医] 患病的, 病痛的",j:100,1,,,11555,10874,s:ailings,,
ailing aircraft,,,有故障的飞机,,,,,0,0,,,
ailing economy,,,病态经济,,,,,0,0,,,
Ailinginae Atoll,,,[地名] 艾林吉纳埃环礁 ( 马绍尔 ),,,,,0,0,,,
ailinglapalap atoll,,,艾林拉帕拉普环礁,,,,,0,0,,,
Ailinglaplap Atoll,,,[地名] 艾林拉普拉普环礁 ( 马绍尔 ),,,,,0,0,,,
ailingness,,,[网络] 肮脏的,,,,,0,0,,,
ailings,,,[网络] 食物,,,,,0,0,0:ailing/1:s,,
ailish,,,[网络] 女法师艾莉许,,,,,0,0,s:ailishes,,
ailishes,,,[网络] 女法师艾莉许\n(ailish 的复数),,,,,0,0,0:ailish/1:s,,
Aillant-sur-Tholon,,,[地名] 托隆河畔阿扬 ( 法 ),,,,,0,0,,,
Aillas,,,[地名] 阿亚斯 ( 法 ),,,,,0,0,,,
Aille,,,[地名] 阿耶河 ( 法 ),,,,,0,0,,,
aillen,,,[网络] 周老师；不夜之短矛,,,,,0,0,,,
Aillevillers,,,艾耶维勒,,,,,0,0,,,
Aillevillers-et-Lyaumont,,,[地名] 阿耶维莱和利欧蒙 ( 法 ),,,,,0,0,,,
ailloli,ai'əuli,,n. =aioli,,,,,0,0,,,
aillt,,aillt (plural aillts)\nA semi-servile class among the Cymry.\n,,,,,,0,0,,,
aillts,,,[网络] 呃,,,,,0,0,,,
Ailly,,,艾利,,,,,0,0,,,
Ailly-le-Haut-Clocher,,,[地名] 阿伊勒欧克洛谢 ( 法 ),,,,,0,0,,,
Ailly-sur-Noye,,,[地名] 努瓦河畔阿伊 ( 法 ),,,,,0,0,,,
ailmant,,,磁铁矿,,,,,0,0,,,
ailmant (magnetite),,,磁铁矿,,,,,0,0,,,
ailment,'eilmәnt,n. an often persistent bodily disorder or disease; a cause for complaining,"n. 病痛, 疾病\n[医] 疾病",n:100,1,,toefl gre,11277,8723,s:ailments,,
ailments,ˈeilmənts,n. an often persistent bodily disorder or disease; a cause for complaining,"n. 疾病（尤指慢性病）, 不适( ailment的复数形式 )",,,,,0,0,0:ailment/1:s,,
ailo,,,abbr. Air Intelligence Liaison Office(r) 空军情报联络办公室（空中情报联络指挥官）,,,,,0,0,,,
ailor,,,[网络] 泰勒,,,,,0,0,,,
ailourophobia,,,[网络] 恐惧症,,,,,0,0,,,
ailp,,,[网络] 涓滆竟；东边；基因间片断多态性,,,,,0,0,,,
ailp back,,,逆流,,,,,0,0,,,
ails,,n aromatic bulb used as seasoning\nv be ill or unwell\nv cause bodily suffering to and make sick or indisposed,abbr. 自动仪表着陆系统（Automatic Instrument Landing System）,,,,,0,0,0:ail/1:3,,
Ailsa,,,n. 艾尔莎（女子名）,,,,,45952,0,s:ailsas,,
Ailsa Craig,,,[地名] 艾尔萨克雷格 ( 加 ),,,,,0,0,,,
ailsa craig i.,,,艾沙克累岛,,,,,0,0,,,
ailsas,,,n. 艾尔莎（女子名）,,,,,0,0,0:ailsa/1:s,,
ailsyte,,,钠闪微岗岩,,,,,0,0,,,
ailt an chorrain (burtonport),,,艾尔特科连(柏顿波特),,,,,0,0,,,
Ailuk Atoll,,,[地名] 艾卢克环礁 ( 马绍尔 ),,,,,0,0,,,
ailulose phosphate pathway,,,阿洛酮糖磷酸途径,,,,,0,0,,,
ailum,,,[网络] 艾卢姆,,,,,0,0,,,
AILURIDAE,,,猫熊科,,,,,0,0,,,
ailuro-,ai'ljuərə,,comb.form 表示“猫”：,,,,,0,0,,,
ailuromancy,,,[网络] 厌恶,,,,,0,0,,,
ailurophil,"īlyo͝oəʹrəfĭl, IPA: /aɪˈljʊəɹəfɪl/",ailurophil (plural ailurophils)\nAlternative form of ailurophile\n,,,,,,0,0,,,
ailurophile,ai'ljjәrәfail,,"n. 极其喜爱猫的人,养猫的行家",,,,,0,0,,,
ailurophiles,,,n. 爱猫的人；猫奴\n[网络] 嗜猫癖,,,,,0,0,,,
ailurophilia,"ai,ljjәrә'filiә",,n. 爱猫癖,,,,,0,0,,,
ailurophiliac,"īl'yo͝oərəfĭʹlĭăk, IPA: /ˌaɪljʊəɹəˈfɪlɪ.æk/",ailurophiliac (not comparable)\nAppropriate or pleasing to ailurophiles.\n,,,,,,0,0,,,
ailurophilic,"ai,ljuər-ə'filik",,adj. ailurophile的变形,,,,,0,0,,,
ailurophils,,,[网络] 麻黄碱,,,,,0,0,,,
ailurophobe,ai'ljjәrәfәjb,,n. 极其讨厌猫的人,,,,,0,0,,,
ailurophobes,,,[网络] 厌猫的,,,,,0,0,,,
ailurophobia,"ai,ljjәrә'fәjbiә",n a morbid fear of cats,"n. 惧猫症,对猫的极度厌恶",,,,,0,0,s:ailurophobias,,
ailurophobias,",aɪljʊərə'fəʊbɪə",,n. 惧猫症，恐猫症；对猫的极度厌恶,,,,,0,0,0:ailurophobia/1:s,,
ailurophobic,,,adj. ailurophobe的变形,,,,,0,0,,,
Ailuropoda,ailju'rɔpәdә,n only the giant panda: in some classifications considered a genus of the separate family Ailuropodidae,"大猫熊属, 大猫熊, 大熊猫 (=giant panda)",,,,,0,0,s:ailuropodas,,
Ailuropoda melanoleuca,,,大熊猫,,,,,0,0,s:ailuropoda melanoleucas,,
ailuropoda melanoleucas,,,大熊猫\n(ailuropoda melanoleuca 的复数),,,,,0,0,0:ailuropoda melanoleuca/1:s,,
ailuropodas,,,"大猫熊属, 大猫熊, 大熊猫 (=giant panda)\n(ailuropoda 的复数)",,,,,0,0,0:ailuropoda/1:s,,
Ailuropodidae,,n. in some classifications considered the family comprising the giant pandas,大猫熊科,,,,,0,0,s:ailuropodidaes,,
ailuropodidaes,,,大猫熊科\n(ailuropodidae 的复数),,,,,0,0,0:ailuropodidae/1:s,,
ailuropodine,,,[网络] 苯胺嘌呤,,,,,0,0,,,
Ailuropus,,,"猫熊, 猫熊属〔Q〕",,,,,0,0,,,
Ailurus,,,小熊猫属,,,,,0,0,s:ailuruss,,
Ailurus fulgens,,,小熊猫,,,,,0,0,s:ailurus fulgenss,,
ailurus fulgenss,,,小熊猫\n(ailurus fulgens 的复数),,,,,0,0,0:ailurus fulgens/1:s,,
ailuruss,,,小熊猫属\n(ailurus 的复数),,,,,0,0,0:ailurus/1:s,,
ailute gas,,,渗冷气体,,,,,0,0,,,
aily,eili,,a. 每日的,,,,,0,0,,,
aim,eim,"n. the goal intended to be attained (and which is believed to be attainable)\nn. the action of directing something at an object\nv. point or cause to go (blows, weapons, or objects such as photographic equipment) towards\nv. propose or intend","n. 目标, 瞄准, 击中目标的能力\nvi. 对准目标, 致力, 打算\nvt. 瞄准\n[计] 医学文摘索引, 存取隔离机构, 高级信息管理程序, 先进接口模块\n应用接口模块, 医学人工智能, 相联索引法, 异步接口模块\n自动化信息管理, 自动化综合制造, 自动化库存管理",n:31/v:69,4,1,gk cet4 cet6 ky toefl ielts,1261,1931,s:aims/3:aims/p:aimed/d:aimed/i:aiming,,
aim ... at,,,v. 目的在于\n[网络] 瞄准；针对；旨在,,,,,0,0,,,
aim at,,,"瞄准,对准;旨在,目的在于",,,,,0,0,,,
aim at sth,,,[网络] 瞄准sth,,,,,0,0,,,
aim at the moon,,,妄想，想入非非，野心太大；(原义)想射月亮,,,,,0,0,,,
aim bias,,,瞄准偏差,,,,,0,0,,,
aim carbon,,,目标碳,,,,,0,0,,,
aim corrector,,,瞄准仪校正器,,,,,0,0,,,
aim curve,,,目标曲线,,,,,0,0,,,
aim for,eim fɔ:,, 计划， 打算,,,,,0,0,,,
aim high,,,力争上游,,,,,0,0,,,
aim low,,,向低处瞄准(尤指拳击比赛中不道德的打法)；志向不高,,,,,0,0,,,
aim of,,,[网络] 瞄准；旨在；致力于,,,,,0,0,,,
aim of science,,,科学的目标,,,,,0,0,,,
aim off,,,【军事】瞄准提前，前置瞄准,,,,,0,0,,,
aim point,,,准心,,,,,0,0,,,
aim sth at sb,,,[网络] 使某物对准某人；把…对准,,,,,0,0,,,
aim to,,, 计划，打算; 目标在于…,,,,,0,0,,,
aim to do,,,[网络] 打算做某事；指望做某事；意欲,,,,,0,0,,,
aim'd,,,[网络] 目标,,,,,0,0,,,
"aim(-)point,aimpoint",'eim'pɔint,,n. 武器的瞄准点；攻击目标；(泛指)目标,,,,,0,0,,,
aim-,eɪm,,n. 目标；目的；瞄准\nv. 瞄准；旨在；针对；对准\nabbr. (=American Indian Movement)美国印第安人运动\n[网络] 美国在线(AOL Instant Messenger)；另类投资市场(Alternative Investment Market)；伦敦另类投资市场,,,,,0,0,,,
aim-crier,,,[网络] 瞄准者,,,,,0,0,,,
aim-criers,,,[网络] 目标障碍,,,,,0,0,,,
aim-inhibited,,,[网络] 目标抑制的,,,,,0,0,s:aim-inhibiteds,,
aim-inhibiteds,,,[网络] 目标抑制的\n(aim-inhibited 的复数),,,,,0,0,0:aim-inhibited/1:s,,
AIM-listed,,,[网络] AIM列出,,,,,0,0,,,
aim-off,'eimɔf,,n. =aiming-off,,,,,0,0,,,
AIM-SPICE,,,AIM-SPICE 软体，AIM-SPICE 类比电路模拟器,,,,,0,0,,,
aima,,,abbr. as interest may appear 因为意义可能会体现出来,,,,,0,0,,,
aimable,,,[网络] 有目标,,,,,0,0,,,
aimable cluster adapter,,,子母弹箱;弹束,,,,,0,0,,,
aimable type cluster adapter,,,子母弹箱;弹束,,,,,0,0,,,
Aimaco,,,艾马可（编译）程式,,,,,0,0,,,
aimafibrite,",eimә'faibrait",,血纤维石,,,,,0,0,,,
aimag,,,[网络] 艾马克；省；复数的虚部,,,,,0,0,,,
aimait,,,[网络] 目标,,,,,0,0,,,
aimak,,,[网络] 艾国风,,,,,0,0,,,
Aimangala,,,[地名] 艾门格拉 ( 印 ),,,,,0,0,,,
aimant,,,n. （法）磁铁,,,,,0,0,,,
aimantine,,,n. 磁铁矿,,,,,0,0,,,
aimar,,,n. (Aimar)人名；(法、挪)艾马尔,,,,,0,0,s:aimars,,
Aimargues,,,[地名] 艾马尔格 ( 法 ),,,,,0,0,,,
aimars,,,[网络] 石田,,,,,0,0,0:aimar/1:s,,
Aimatolite,,,红砷铝锰矿,,,,,0,0,,,
aimax,,,甲烯丙双硫脲,,,,,0,0,,,
AIMB,,,[网络] 求根,,,,,0,0,,,
aimbot,,,[网络] 自动瞄准；瞄准设置；刘军,,,,,0,0,,,
aimbots,,,[网络] 自动瞄准型外挂,,,,,0,0,,,
AIMC,,,[=American Institute of Medicial Climatology]美国医学气候学会,,,,,0,0,,,
aimco,,,abbr. Association of Internal Management Consultants 美国内部管理咨询人协会,,,,,0,0,,,
AIMD,,,abbr. 和式增加积式减少（Additive Increase and Multiplicative Decrease）；有源植入医疗器械（Active Implantable Medical Devices）；飞机中级维修部门（Aircraft Intermediate Maintenance Department）,,,,,0,0,,,
AIMDD,,,[=Active Implantable Medical Device Directive]有源植入医疗器械指令,,,,,0,0,,,
aime,,,abbr. 美国机械工程师学会（Association of the Institute of Mechanical Engineers）；美国采矿工程师协会（American Institute of Mining Engineers）；美国数学邀请赛,,,,,0,0,,,
"AIME,A.I.M.E.",,,abbr. American Institute of Mining Engineers美国采矿工程师协会；Association of the Institute of Mechanical Engineers美国机械工程师学会,,,,,0,0,,,
aimed,,imp. & p. p. of Aim,目标\n目的,,,,,0,0,0:aim/1:pd,,
aimed at,,,[网络] 针对；瞄准；目的在于,,,,,0,0,,,
aimed at precision,,,[机] 目标准确度,,,,,0,0,,,
aimed fishing,,,瞄准捕捞,,,,,0,0,,,
aimed launcher,,,(瞄准目标的)定向发射装置,,,,,0,0,,,
aimed midwater trawling,,,瞄准中层拖网捕捞,,,,,0,0,,,
aimed precision,,,标的精度,,,,,0,0,,,
aimed trawling,,,瞄准拖网捕捞,,,,,0,0,,,
aimee,,,n. 艾梅（女名）,,,,,0,0,s:aimees,,
Aimee Semple,,,[网络] 艾梅森普尔；艾米森普尔,,,,,0,0,,,
Aimee Semple McPherson,,,[网络] 麦艾美；艾梅森普尔麦弗逊式；麦花臣,,,,,0,0,s:aimee semple mcphersons,,
aimee semple mcphersons,,,[网络] 麦艾美；艾梅森普尔麦弗逊式；麦花臣\n(aimee semple mcpherson 的复数),,,,,0,0,0:aimee semple mcpherson/1:s,,
aimees,,,n. 艾梅（女名）,,,,,0,0,0:aimee/1:s,,
aimel,,,[网络] 目标,,,,,0,0,,,
aimer,'eimә,"n. One who aims, directs, or points.",n. 瞄准手,,,,,0,0,s:aimers,,
Aimere,,,[地名] 艾梅雷 ( 印尼 ),,,,,0,0,,,
aimers,,"plural of aimer\nn. One who aims, directs, or points.",(aimer 的复数) n. 瞄准手,,,,,0,0,0:aimer/1:s,,
aimes,,,abbr. 美国机械工程师学会（Association of the Institute of Mechanical Engineers）；美国采矿工程师协会（American Institute of Mining Engineers）；美国数学邀请赛\nn. (Aime)人名；(英、俄)艾梅,,,,,0,0,,,
aimest,,,abbr. American Institute of Mining Engineers美国采矿工程师协会,,,,,0,0,,,
aimeth,,,[网络] 目标,,,,,0,0,,,
aimethyl sulfate,,,[机] 硫酸甲酯,,,,,0,0,,,
aimetti,,,艾梅蒂,,,,,0,0,s:aimettis,,
aimettis,,,艾梅蒂\n(aimetti 的复数),,,,,0,0,0:aimetti/1:s,,
aimful,,,[网络] 有目标,,,,,0,0,,,
aimfully,,,[网络] 有目的地,,,,,0,0,,,
aimi,,,n. (Aimi)人名；(日)相见(名),,,,,0,0,,,
aimia,,,[网络] 媒体工业协会；澳大利亚互动媒体行业协会；澳大利亚互动媒体产业协会(Australian Interactive Media Industry Association),,,,,0,0,,,
aimin,,,n. (Aimin)人名；(法)艾曼,,,,,0,0,,,
aimin',,,[网络] 爱民啊；晋鸣；专业爱民,,,,,0,0,,,
aiming,'eimiŋ,"v point or cause to go (blows, weapons, or objects such as photographic equipment) towards\nv propose or intend\nv move into a desired direction of discourse\nv specifically design a product, event, or activity for a certain public\nv intend (something) to move towards a certain goal\nv direct (a remark) toward an intended goal\nv have an ambitious plan or a lofty goal",[计] 目标,,,,,0,0,0:aim/1:i,,
aiming adjust screw,,,瞄准调节螺钉,,,,,0,0,,,
aiming aperture,,,[军] 瞄准孔,,,,,0,0,,,
aiming at,,,[网络] 为使,,,,,0,0,,,
aiming axis,,,"对准轴,觇(瞄准)轴,引导轴",,,,,0,0,,,
aiming azimuth,,,瞄准方位角,,,,,0,0,,,
aiming beam,,,目标光束,,,,,0,0,,,
aiming circle,,,"[计] 目标圈, 瞄准围",,,,,0,0,,,
aiming device,,,瞄准器,,,,,0,0,,,
aiming equipment on submarine,,,潜水艇上瞄准设备,,,,,0,0,,,
aiming error,,,瞄准误差,,,,,0,0,,,
aiming exercise,,,瞄准练习,,,,,0,0,,,
aiming field,,,[计] 目标字段,,,,,0,0,,,
aiming for lead,,,"提前量,前置量;前置瞄准",,,,,0,0,,,
aiming line,,,觇线;瞄准线;照准线,,,,,0,0,,,
aiming mark,,,瞄准点,,,,,0,0,,,
aiming marks,,,瞄准标记,,,,,0,0,,,
aiming mechanism,,,瞄准装置,,,,,0,0,,,
aiming point,,,瞄准点;觇点,,,,,0,0,,,
aiming post,,,瞄准标杆,,,,,0,0,,,
aiming rule,,,"瞄准尺,表尺",,,,,0,0,,,
aiming rule sight,,,瞄准镜,,,,,0,0,,,
aiming screen,,,大灯对光屏幕;调试屏幕,,,,,0,0,,,
aiming screw,,,瞄准调节螺钉,,,,,0,0,,,
aiming screws,,,aiming screw\n【机械工程】瞄准螺钉,,,,,0,0,,,
aiming sight,,,瞄准仪[器],,,,,0,0,,,
aiming signal control instrument,,,瞄准信号控制仪,,,,,0,0,,,
aiming silhouette,,,[军] 人像靶,,,,,0,0,,,
aiming stake,,,【军械】瞄准标杆,,,,,0,0,,,
aiming stake mark,,,照准标,,,,,0,0,,,
aiming symbol,,,"[计] 瞄准信号, 目标符号",,,,,0,0,,,
aiming system,,,瞄准系统,,,,,0,0,,,
aiming unit,,,照准器,,,,,0,0,,,
"aiming-off, aim-off",'eimiŋɔf; 'eimɔf,,n. 【军事】前置瞄准，瞄准提前,,,,,0,0,,,
aimings,,,[网络] 目标,,,,,0,0,,,
Aimitus,,,凶勐螺属〔腹足类，C1〕,,,,,0,0,,,
AIML,,,All-India Muslim League 全印度穆斯森联盟,,,,,0,0,,,
aimless,'eimlis,s. continually changing especially as from one abode or occupation to another,"a. 无目的的, 没有目标的",j:100,1,,,20735,20951,,,
aimless drainage,,,紊乱水系,,,,,0,0,,,
aimless wandering,,,[网络] 漫游,,,,,0,0,,,
aimlessly,'eimlisli,r. without aim; in an aimless manner,"adv. 漫无目的地, 无目标地",r:100,,,,19678,17897,,,
aimlessness,'eimlisnis,n the quality of lacking any definite purpose,"n. 无目的, 盲目性",n:100,,,,39511,36275,s:aimlessnesses,,
aimlessnesses,'eimlisnis,,n. 无目的，盲目性,,,,,0,0,0:aimlessness/1:s,,
AIMM,17,,(=acute idiopathic myelome metaplasia) 急性特发性髓样化生,,,,,0,0,,,
AIMME,,,abbr. American Institute of Mining and Metallurgical Engineers 美国采矿与冶金工程师协会,,,,,0,0,,,
AIMMPE,,,"abbr. American Institute of Mining, Metallurgical and Petrolium Engineers 美国矿冶石油工程师学会",,,,,0,0,,,
Aimmugen,,,甲肝疫苗,,,,,0,0,,,
aimnosubstrate,,,[网络] 氨基底物,,,,,0,0,,,
aimo,,,n. (Aimo)人名；(芬、意)艾莫\nabbr. 工业卫生官员协会（association of industrialmedical officers）,,,,,0,0,,,
Aimogasta,,,[地名] 艾莫加斯塔 ( 阿根 ),,,,,0,0,,,
Aimoin,,,艾穆安,,,,,0,0,,,
aimon,,,[网络] 艾萌；爱梦；阿门,,,,,0,0,,,
aimont,,,[网络] 目标,,,,,0,0,,,
Aimores,,,艾莫来斯,,,,,0,0,,,
Aimorés,,,[地名] 艾莫雷斯 ( 巴西 ),,,,,0,0,,,
"Aimorés, Sa.dos",,,[地名] 艾莫雷斯山 ( 巴西 ),,,,,0,0,,,
AIMP,9,,Avionics Integrity Master Plan 航空电子集成主计划,,,,,0,0,,,
aimpoint,,,n. 艾姆波音特公司（公司名称）,,,,,0,0,,,
aimps,,,[网络] 瞄准器,,,,,0,0,,,
AIMR,,,abbr. 美国投资管理与研究协会（Association for Investment Management and Research）,,,,,0,0,,,
AIMS,,"n an anticipated outcome that is intended or that guides your planned actions\nn the goal intended to be attained (and which is believed to be attainable)\nn the action of directing something at an object\nn the direction or path along which something moves or along which it lies\nv point or cause to go (blows, weapons, or objects such as photographic equipment) towards\nv propose or intend\nv move into a desired direction of discourse\nv specifically design a product, event, or activity for a certain public\nv intend (something) to move towards a certain goal\nv direct (a remark) toward an intended goal\nv have an ambitious plan or a lofty goal","[计] 交互迁移系统体系结构, 自动自适应库存管理系统\n             自动化工业管理系统, 自动化信息管理系统",,,,,0,0,0:aim/1:s3,,
aims and objectives,,,[网络] 宗旨及目标；宗旨与目标；学习目标,,,,,0,0,,,
aims at,,,[网络] 目标只是一个预计做的动作；致力于,,,,,0,0,,,
aims of education (a. whitehead),,,《教育的目的》(怀海德着，1861–1947 英国哲学家),,,,,0,0,,,
aims of systems,,,系统目标,,,,,0,0,,,
aimsi,,,[网络] 目标,,,,,0,0,,,
aimster,,,[网络] 文件共享协议,,,,,0,0,,,
aimsweb,,,[网络] 瞄准网,,,,,0,0,,,
aimte,,,[网络] 目标,,,,,0,0,,,
AIMU,,,A.I.M.U.\nabbr.\nAmerican Institute of Marine Underwriters 美国海上保险商协会,,,,,0,0,,,
aimworthiness,,,[网络] 适航性,,,,,0,0,,,
aimworthy,,,[网络] 好汉,,,,,0,0,,,
ain,ein,s belonging to or on behalf of a specified person (especially yourself); preceded by a possessive,a. （苏格兰）自己的,,,,,32607,0,s:ains,,
ain beida,,,艾因贝达,,,,,0,0,,,
ain ben tili,,,艾因本提利,,,,,0,0,,,
ain defla,,,艾因迪夫拉,,,,,0,0,,,
ain deheb,,,艾因迪赫卜,,,,,0,0,,,
ain draham,,,艾因德拉罕,,,,,0,0,,,
ain el hadjel,,,艾因哈杰尔,,,,,0,0,,,
ain el melh,,,艾因米赫,,,,,0,0,,,
ain mdila,,,艾因母迪拉,,,,,0,0,,,
ain mokra,,,莫克拉泉,,,,,0,0,,,
ain oulmene ( colbert),,,艾因乌孟尼(科伯特),,,,,0,0,,,
ain oussera,,,艾因乌塞拉,,,,,0,0,,,
ain r.,,,恩河,,,,,0,0,,,
Ain River,,,[网络] 安河,,,,,0,0,,,
ain salah,,,艾因萨拉,,,,,0,0,,,
ain sefra,,,艾因塞弗拉,,,,,0,0,,,
ain temouchent,,,艾因特木森,,,,,0,0,,,
Ain Tennzzara,,,[地名] 艾因坦扎拉 ( 摩洛 ),,,,,0,0,,,
ain zala,,,艾因扎来,,,,,0,0,,,
ain',ein,,adj. 〈英方〉自己的\n[网络] 氮化铝；高级智能网(Advanced Intelligent Network)；急性间质性肾炎(acute interstitial nephritis),,,,,0,0,,,
ain't,eint, A contraction for are not and am not; also used for is not.\n   [Colloq. or illiterate speech]. See An't.,prep. 不是,,2,,,0,0,,,
ain't got no,,,[网络] 一无所有,,,,,0,0,,,
ain't no good nohow,,,[美国俚语]反正不行,,,,,0,0,,,
Ain't She Sweet,,,[网络] 她可真是个甜姐儿；甜蜜俏佳人；甜心佳人,,,,,0,0,,,
ain'tcha,,"Contraction of ""ain't"" and ""ya""; means ""aren't you.""\n> Gettin' a big head, aintcha?\n> Aintcha gonna come inside?\n",,,,,,0,0,,,
"Ain, 'Ain, 'Ain",,,"[地名] ""泉(阿拉伯语) (  )",,,,,0,0,,,
"Ain, Dép.del'",,,[地名] 安省 ( 法 ),,,,,0,0,,,
aina,,,n. (Aina)人名；(西、瑞典、尼日利)艾纳；(俄)艾娜,,,,,0,0,s:ainas,,
aina haina,,,艾纳海那,,,,,0,0,,,
Aina Halna,,,[地名] 艾纳哈尔纳 ( 美 ),,,,,0,0,,,
Ainabo,,,[地名] 艾纳博 ( 索 ),,,,,0,0,,,
ainalite,'einәlait,,铁钽锡石,,,,,0,0,,,
ainalite (cassiterite),,,"钽钖石, 铁钽钖石",,,,,0,0,,,
Ainaro,,,[地名] 艾纳鲁 ( 东帝 ),,,,,0,0,s:ainaroes,,
ainaroes,,,[地名] 艾纳鲁 ( 东帝 )\n(ainaro 的复数),,,,,0,0,0:ainaro/1:s,,
ainas,,,n. (Aina)人名；(西、瑞典、尼日利)艾纳；(俄)艾娜\n(aina 的复数),,,,,0,0,0:aina/1:s,,
Ainay-le-Chateau,,,艾纳堡,,,,,0,0,,,
Ainay-le-Château,,,[地名] 艾奈堡 ( 法 ),,,,,0,0,,,
Ainazi,,,艾纳日,,,,,0,0,,,
ainbeni mathar,,,艾因贝尼马沙,,,,,0,0,,,
ainc,,,abbr. All-India National Congress 全印国民大会党,,,,,0,0,,,
aince,,,[网络] 佳娜,,,,,0,0,,,
aincha,,,[网络] 爱犬,,,,,0,0,,,
Aincourt,,,[地名] 安库尔 ( 法 ),,,,,0,0,,,
aind,,,[网络] 爱你,,,,,0,0,,,
ainda,,,[网络] 里斯本的故事；仍然；里斯本物语,,,,,0,0,,,
Aindling,,,[地名] 艾恩德灵 ( 德 ),,,,,0,0,,,
aindow-coulson,,,[网络] 窗口 - 科尔逊,,,,,0,0,,,
aine,,,安妮（人名）,,,,,0,0,,,
AINEC,,,[网络] 电磁阀,,,,,0,0,,,
aineias,,,[网络] 埃涅阿斯；艾尼亚斯,,,,,0,0,,,
ainer,,,[网络] 巧丸力；艾能；集装箱,,,,,0,0,,,
ainest,æn,,安省(法国东部省份)；安河(法国东部河流),,,,,0,0,,,
Ainet,,,安内特,,,,,0,0,,,
Aingdo,,,[地名] 艾多 ( 缅 ),,,,,0,0,,,
ainge,,,[网络] 吉均；安治；安杰,,,,,0,0,,,
ainger,,, [人名] [英格兰人姓氏] 安杰来源于日耳曼语人名，含义是“神+矛”(god+spear),,,,,0,0,,,
Ainggyi,,,[地名] 艾基 ( 缅 ),,,,,0,0,,,
Aingma,,,[地名] 艾马 ( 缅 ),,,,,0,0,,,
Aingthabyu,,,[地名] 艾达漂 ( 缅 ),,,,,0,0,,,
Ainhoa,,,安化,,,,,0,0,s:ainhoas,,
ainhoas,,,安化\n(ainhoa 的复数),,,,,0,0,0:ainhoa/1:s,,
ainhum,,,[医] 阿洪病(自发性断趾病),,,,,0,0,,,
ainhumoid,,,阿洪病样的,,,,,0,0,,,
aini,,,n. 艾尼（男子名）；爱伲人（中国云南的少数民族）,,,,,0,0,,,
ainigmatite,ei'ni^mәtait,,三斜闪石,,,,,0,0,,,
ainilian,,,[网络] 阿尼尼安,,,,,0,0,,,
ainis,,,[网络] 交通管理系统,,,,,0,0,,,
Ainkawa,,,[网络] 小城安卡瓦,,,,,0,0,,,
ainley,,,n. (Ainley)人名；(西)艾因利；(英)安利,,,,,0,0,s:ainleys,,
ainleys,,,n. (Ainley)人名；(西)艾因利；(英)安利\n(ainley 的复数),,,,,0,0,0:ainley/1:s,,
Aino,'ainәu,"n. One of a peculiar race inhabiting Yesso, the Kooril Islands\n   etc., in the northern part of the empire of Japan, by some supposed to\n   have been the progenitors of the Japanese. The Ainos are stout and\n   short, with hairy bodies.","n. (日本)虾夷人(语),阿伊努人(语)",,,,,0,0,,,
aino shima,,,相岛,,,,,0,0,,,
Aino-shima,,,[地名] 相岛 ( 日 ),,,,,0,0,,,
ainola,,,[网络] 艾诺拉；阿依诺拉；阿伊诺拉,,,,,0,0,,,
Ainos Oros,,,[地名] 艾诺斯山 ( 希 ),,,,,0,0,,,
Ainring,,,安林,,,,,0,0,,,
ains,,,抗炎性非甾醇类（anti-inflammatory nonsteroidal）,,,,,0,0,0:ain/1:s,,
Ainsa,,,安萨,,,,,0,0,,,
Ainscough,,,[网络] 安斯科,,,,,0,0,s:ainscoughs,,
ainscoughs,,,[网络] 安斯科\n(ainscough 的复数),,,,,0,0,0:ainscough/1:s,,
ainscow,,, [人名] [英格兰人姓氏] 安斯科 Ainscough的变体,,,,,0,0,s:ainscows,,
ainscows,,, [人名] [英格兰人姓氏] 安斯科 Ainscough的变体\n(ainscow 的复数),,,,,0,0,0:ainscow/1:s,,
Ainsdale,,,[网络] 安斯代尔；艾恩斯代尔；英国,,,,,0,0,,,
ainsell,,,[网络] 全脑销售,,,,,0,0,,,
ainslee,,, [人名] 安斯利,,,,,0,0,,,
ainsley,,,安斯利（人名）（英格兰人姓氏）,,,,,0,0,s:ainsleys,,
ainsleys,,,安斯利（人名）（英格兰人姓氏）\n(ainsley 的复数),,,,,0,0,0:ainsley/1:s,,
Ainsliaea,,,兔耳风属,,,,,0,0,,,
Ainsliaea angustata,,,n. 马边兔儿风,,,,,0,0,,,
Ainsliaea aptera,,,n. 无翅兔儿风,,,,,0,0,,,
Ainsliaea apteroides,,,n. 狭翅兔儿风,,,,,0,0,,,
Ainsliaea bonatii,,,n. 心叶兔儿风,,,,,0,0,,,
Ainsliaea caesia,,,n. 蓝兔儿风,,,,,0,0,,,
Ainsliaea chapaensis,,,n. 边地兔儿风,,,,,0,0,,,
Ainsliaea cleistogama,,,n. 闭花兔儿风,,,,,0,0,,,
Ainsliaea crassifolia,,,n. 厚叶兔儿风,,,,,0,0,,,
Ainsliaea elegans,,,n. 秀丽兔儿风,,,,,0,0,,,
Ainsliaea foliosa,,,n. 异叶兔儿风,,,,,0,0,,,
Ainsliaea fragrans,,,n. 杏香兔儿风,,,,,0,0,,,
Ainsliaea fulvioides,,,[网络] 兔儿风,,,,,0,0,,,
Ainsliaea fulvipes,,,[网络] 黄毛兔儿风,,,,,0,0,,,
Ainsliaea glabra,,,n. 光叶兔儿风,,,,,0,0,,,
Ainsliaea gracilis,,,n. 纤枝兔儿风,,,,,0,0,,,
Ainsliaea grossedentata,,,n. 粗齿兔儿风,,,,,0,0,,,
Ainsliaea henryi,,,n. 长穗兔儿风,,,,,0,0,,,
Ainsliaea heterantha,,,n. 异花兔儿风,,,,,0,0,,,
Ainsliaea lancifolia,,,n. 穆坪兔儿风,,,,,0,0,,,
Ainsliaea latifolia,,,n. 宽叶兔儿风,,,,,0,0,,,
ainsliaea latifolia henryi,,,台湾鬼督邮,,,,,0,0,,,
Ainsliaea macrocephala,,,n. 大头兔儿风,,,,,0,0,,,
Ainsliaea macroclinidioides,,,n. 灯台兔儿风,,,,,0,0,,,
Ainsliaea mairei,,,n. 药山兔儿风,,,,,0,0,,,
Ainsliaea mattfeldiana,,,n. 薄叶兔儿风,,,,,0,0,,,
Ainsliaea multibracteata,,,n. 多苞兔儿风,,,,,0,0,,,
Ainsliaea nana,,,n. 小兔儿风,,,,,0,0,,,
Ainsliaea nervosa,,,n. 直脉兔儿风,,,,,0,0,,,
Ainsliaea paucicapitata,,,n. 花莲兔儿风,,,,,0,0,,,
Ainsliaea pertyoides,,,n. 腋花兔儿风,,,,,0,0,,,
Ainsliaea pingbianensis,,,n. 屏边兔儿风,,,,,0,0,,,
Ainsliaea plantaginifolia,,,n. 车前兔儿风,,,,,0,0,,,
Ainsliaea ramosa,,,n. 莲沱兔儿风,,,,,0,0,,,
Ainsliaea reflexa,,,n. 长柄兔儿风,,,,,0,0,,,
Ainsliaea rubrinervis,,,n. 红脉兔儿风,,,,,0,0,,,
Ainsliaea secundiflora,,,[网络] 中原氏鬼督邮,,,,,0,0,,,
Ainsliaea smithii,,,n. 紫枝兔儿风,,,,,0,0,,,
Ainsliaea spicata,,,n. 细穗兔儿风,,,,,0,0,,,
Ainsliaea sutchuenensis,,,n. 四川兔儿风,,,,,0,0,,,
Ainsliaea tenuicaulis,,,n. 细茎兔儿风,,,,,0,0,,,
Ainsliaea trinervis,,,n. 三脉兔儿风,,,,,0,0,,,
Ainsliaea walkeri,,,n. 华南兔儿风,,,,,0,0,,,
Ainsliaea yunnanensis,,,n. 云南兔儿风,,,,,0,0,,,
Ainslie,,,安斯利区（位于澳大利亚堪培拉）,,,,,36887,0,,,
"Ainslie, L.",,,[地名] 安斯利湖 ( 加 ),,,,,0,0,,,
AINSUF,,,[=aortic insufficiency]主动脉瓣关闭不全,,,,,0,0,,,
Ainsworth,,,安斯沃思,,,,,26433,0,,,
Ainsworth's punch,,,"[医] 安斯沃恩氏钻孔器, 橡皮障钻孔器(牙)",,,,,0,0,,,
aint,,,"n. 涂料, 油漆；空军情报",,,,,0,0,,,
Aintab,ain'tɑ:b,,n. 艾因塔布（土耳其中南部一座城市）,,,,,0,0,,,
aintcha,,"Contraction of ""ain't"" and ""ya""; means ""aren't you.""\n> Gettin' a big head, aintcha?\n> Aintcha gonna come inside?\n",,,,,,0,0,,,
aintered magnesite,,,[机] 烧结苦土,,,,,0,0,,,
Aintree,'eintri,,n. 安特里（英国西北部利物浦市郊区）,,,,,17870,0,,,
Ainu,'ainu:,,"n. 阿伊努人, 阿伊努语",,,,,0,0,s:ainu,,
ainu fukudai,,,纤须长回木虫,,,,,0,0,,,
Ainuness,,,[网络] 爱情,,,,,0,0,,,
ainur,,,[网络] 埃努；众神；埃努之一,,,,,0,0,s:ainurs,,
ainurs,,,[网络] 埃努；众神；埃努之一\n(ainur 的复数),,,,,0,0,0:ainur/1:s,,
ainus,,,"（日本）阿伊努人, 阿伊努语( Ainu的名词复数 )",,,,,0,0,,,
Ainzon,,,恩颂,,,,,0,0,,,
AIO,,,异步输入/输出,,,,,0,0,,,
Aioa depressicornis,,,倭水牛,,,,,0,0,,,
AIOB,,,[=American Institute of Oral Biology]美国口腔生物学学会,,,,,0,0,,,
aioc,,,abbr. Anglo-Iranian Oil Company 英国-伊朗石油公司; Azerbaijan International Operating Company 阿塞拜疆国际合作公司,,,,,0,0,,,
AIOD,,,[=aortoiliac occlusive disease]主-髂动脉闭塞病,,,,,0,0,,,
AIOEC,,,Association of Iron Ore Exporting Countries 铁矿出口国家联合会,,,,,0,0,,,
Aioi,,,[地名] 相生 ( 日 ),,,,,0,0,,,
aioli,ai'әjli,n. garlic mayonnaise,n. 蒜泥蛋黄酱(一种用蒜泥、蛋黄、橄榄油和柠檬汁配制的调味汁),n:100,,,,0,27122,s:aioli,,
aioli sauce,,,[网络] 蒜茸蛋黄酱；蒜泥蛋黄酱,,,,,0,0,s:aioli sauces,,
aioli sauces,,,[网络] 蒜茸蛋黄酱；蒜泥蛋黄酱\n(aioli sauce 的复数),,,,,0,0,0:aioli sauce/1:s,,
aiolis,eɪ'əʊli,,n. 【食】蒜泥蛋黄酱\n[网络] 大蒜蛋黄酱；蒜泥沙拉酱料；蒜泥蛋黄酱X,,,,,0,0,,,
aiolocaria hexaspilota,,,大龟纹瓢虫；六斑异瓢虫,,,,,0,0,,,
aiolopus thalassinus tamulus,,,斑蝗,,,,,0,0,,,
aiolus,,,[网络] 风神艾奥罗斯；希绪弗斯是风神艾俄罗斯,,,,,0,0,,,
Aiome,,,[地名] 艾奥梅 ( 巴布 ),,,,,0,0,,,
aion,,,abbr. 前部缺血性视神经病（Anterior ischemic optic neuropathy）,,,,,0,0,s:aions,,
aions,,,abbr. 前部缺血性视神经病（Anterior ischemic optic neuropathy）\n(aion 的复数),,,,,0,0,0:aion/1:s,,
AIOP,,,[=Analog Input/Output Package]模拟输入/输出组件,,,,,0,0,,,
aiophyllous,,,常绿的,,,,,0,0,,,
aiophyllus,,,常绿的,,,,,0,0,,,
aiosmin,,,[医] 布枯甙,,,,,0,0,,,
aiounite,,,"辉石云斜岩, 辉石云斜岩，钛辉霞岩",,,,,0,0,,,
AIP,,,"[计] 自动信息处理, 每秒平均指令数",,,,,0,0,s:aips,,
aip (american institute of physics),,,美国物理学会,,,,,0,0,,,
AIP - application infrastructure provider,,,[网络] 应用基础设施提供商,,,,,0,0,,,
"AIP,A.I.P.",,,abbr. American Institute of Physics美国物理学会,,,,,0,0,,,
aipa,,,abbr. Association Internationale de Psychologie Applique (French=International Association of Applied Psychology) （法语）国际应用心理学协会; American Institute for the Prevention of Addiction 美国预防成瘾学会; American Indian Press Association 美国印第安出版社联合会; Association Internationale de la Psychologie Adlerienne (French=International Association of Adlerian Psychology) （法语）国际阿德勒心理学联合,,,,,0,0,,,
aipac,,,美国-以色列公共事务委员会（American-Israeli Public Affairs Committee）,,,,,0,0,,,
AIPC,,,[=androgen independent prostate cancer]非雄激素依赖型前列腺癌,,,,,0,0,,,
AIPCN,,,Association Internationale Permanente des Congrés Navigation (French-Permanent Sailing International Association of Congresses) (法语)国会长期航行国际联合会,,,,,0,0,,,
AIPE,,,[地名] 艾佩 ( 哥伦 ),,,,,0,0,,,
Aiphanes,,,[网络] 刺孔雀椰子属；刺椰子属,,,,,0,0,,,
aiphanes caryotaefolia,,,刺孔雀椰子,,,,,0,0,,,
aiphanes truncata wendl.,,,棘刺孔雀椰子,,,,,0,0,,,
aiphosis,,,[医] 皮肤色素缺乏,,,,,0,0,,,
aiphyllium,,,"常绿林,常绿乔木",,,,,0,0,,,
aiphyllophilous,ei'filəfiləs,,adj. 【生态学】嗜常绿的,,,,,0,0,,,
aiphyllus,,,常绿的,,,,,0,0,,,
aiphytia,,,常绿植物群落,,,,,0,0,,,
aipi,,,n. 甜木薯\n[网络] Antigen Induced Pulmonary Inflammation; 室内设计师协会; 哀悲,,,,,0,0,,,
AIPICHTHYIDAE,,,高鲷科,,,,,0,0,,,
Aipichthys,,,艾皮鱼属〔Q〕,,,,,0,0,,,
AIPLA,,,[网络] 美国知识产权法学会(American Intellectual Property Law Association)；美国知识产权法律协会；美国知识产权律师协会,,,,,0,0,,,
aiploic mastoid,,,[医] 板障性乳突,,,,,0,0,,,
AIPM,,,[=autoimmune polymyositis]自动免疫性多肌炎,,,,,0,0,,,
AIPS,,,"[计] 应用信息处理系统, 每秒平均指令数, 自动化情报处理系统",,,,,0,0,0:aip/1:s,,
Aipysurus,,,剑尾海蛇,,,,,0,0,,,
aiq,,,abbr. 分析仪器确认；自动进口配额,,,,,0,0,,,
AIQC,,,[网络] 自动影像质量控制(Automatic Image Quality Control)；自动影像质量控制体系；质量自动跟踪系统,,,,,0,0,,,
Aiquara,,,[地名] 艾夸拉 ( 巴西 ),,,,,0,0,,,
Aiquile,,,[地名] 艾基莱 ( 玻 ),,,,,0,0,,,
air,єә,n. a mixture of gases (especially oxygen) required for breathing; the stuff that the wind consists of\nn. the region above the ground\nn. a distinctive but intangible quality surrounding a person or thing\nn. once thought to be one of four elements composing the universe (Empedocles),"n. 空气, 旋律, 态度\nvt. 晾, 使通风, 夸耀",v:3/n:97,5,1,zk gk toefl ielts,527,370,d:aired/s:airs/i:airing/p:aired/3:airs,,
Air & Space Law.,,,[网络] 航空法即空气空间法,,,,,0,0,,,
air (activity) monitor,,,气[放射性]活度监测器,,,,,0,0,,,
air (and) coal mixture,,,—粉混合物,,,,,0,0,,,
AIR (automatic load regulator),,,动负载调节器,,,,,0,0,,,
air (blast) circuit breaker,,,气开关，空气断路器,,,,,0,0,,,
air (distribution) button,,,配风]风帽(沸腾炉),,,,,0,0,,,
air - conditioned room,,,un. 空调室\n[网络] 空气调节房间,,,,,0,0,,,
air - conditioning system,,,un. 空调系统；空气调节系统；空调系通\n[网络] 冷气系统；空调工程；空调设备,,,,,0,0,,,
air - conditioning unit,,,un. 空调机组；空气调节器；空气调节装置；空调器\n[网络] 空调车；空气第装置；风向调节器,,,,,0,0,,,
air - conditioning units,,,[网络] 空调机组；空调装置；空调车,,,,,0,0,,,
air - cooled engine,,,un. 空气冷却式发动机\n[网络] 风冷发动机；气冷式发动机；气冷发动机,,,,,0,0,,,
air - cushion vehicle,,,un. 气垫车辆；气垫付船\n[网络] 气垫船；气垫式运载工具；气垫船气垫交通工具,,,,,0,0,,,
air - entraining agent,,,un. 引气剂；加气剂\n[网络] 输气剂,,,,,0,0,,,
air - fuel ratio,,,un. 空气燃料比率\n[网络] 空燃比；空气燃料混合比；燃空比,,,,,0,0,,,
air - raid shelter,,,un. 防空洞\n[网络] 防空壕洞,,,,,0,0,,,
air - raid siren,,,un. 空袭警报器\n[网络] 空袭报警；防空警报杆,,,,,0,0,,,
air - raid warden,,,[网络] 空袭警戒民防队员；空袭民防队长,,,,,0,0,,,
air - sea rescue,,,un. 空中海上救援\n[网络] 空中海上救助；海空救援；海空营救,,,,,0,0,,,
air - to - air missile,,,[网络] 空对空导弹；空空导弹；空对空飞弹,,,,,0,0,,,
air ... opinion,,,v. 吹嘘\n[网络] 发表意见；发表观点,,,,,0,0,,,
air ... view,,,un. 空瞰图\n[网络] 浮窗预览；悬笔感应；悬浮预览,,,,,0,0,,,
air ... views,,,[网络] 预览；看法,,,,,0,0,,,
air abort,,,中断飞行;中断飞行的飞行器,,,,,0,0,,,
air absorption,,,空气吸收,,,,,0,0,,,
air academy,,,n. 美国空军官校,,,,,0,0,,,
air accident,,,"飞行事故,空中失事",,,,,0,0,,,
air accidental,,,偶然进气,,,,,0,0,,,
air accumulater,,,空气蓄压剂,,,,,0,0,,,
air accumulation,,,气,,,,,0,0,,,
air accumulator,,,气罐;气柜;空气蓄电池,,,,,0,0,,,
air accumulator gas turbine,er əˈkjumjəˌletɚ ɡæs ˈtɚbɪn,, 蓄气式燃气轮机,,,,,0,0,,,
air acetylene welding,,,气—乙炔焊接,,,,,0,0,,,
air action,,,n. 空战,,,,,0,0,,,
air activated gravity conveyer,,,un. 气动重力式输送机,,,,,0,0,,,
air activator,,,气动执行器件,,,,,0,0,,,
air activity measuring room,,,气[放射性]活度测量室,,,,,0,0,,,
air activity monitor,eə(r) ækˈtiviti ˈmɔnitə,, [医]大气放射性污染监测器,,,,,0,0,,,
air actuated,,,气动的,,,,,0,0,,,
air actuated control system,,,un. 气力控制系统\n[网络] 气动控制系统,,,,,0,0,,,
air actuated direction valve,,,un. 气动控制换向阀\n[网络] 气动蝶阀控制换向阀,,,,,0,0,,,
air actuated jaw,,,气动卡爪,,,,,0,0,,,
air actuator,,,[自] 气动执行器件,,,,,0,0,,,
air acupuncture therapy,,,气针疗法,,,,,0,0,,,
air adit,,,通风平峒,,,,,0,0,,,
air adjust screw,,,[网络] 空气调节螺钉；空气调整螺丝；怠速空气调节螺钉,,,,,0,0,,,
air adjustment,,,【军事】(炮火的)空中观测修正,,,,,0,0,,,
air admission,,,进气,,,,,0,0,,,
air admission hole,,,[机] 进气孔,,,,,0,0,,,
air admission port,,,气口,,,,,0,0,,,
air admission valve,,,进气阀,,,,,0,0,,,
air admittance,,,进气,,,,,0,0,,,
air adviser,,,空军顾问,,,,,0,0,,,
Air Afrique,,,非洲航空公司,,,,,0,0,,,
air after-cooler,,,空气后冷却器,,,,,0,0,,,
air afterheater,,,气后热器,,,,,0,0,,,
air age,,,空军时代；航空时代,,,,,0,0,,,
air ageing,,,[化] 热空气老化; 恒温箱老化,,,,,0,0,,,
air agency,,,航空代办处,,,,,0,0,,,
air aggression,,,侵犯领空;空中侵袭,,,,,0,0,,,
air aging,,,[化] 热空气老化; 恒温箱老化,,,,,0,0,,,
air agitated precipitator,,,空气搅拌分解槽,,,,,0,0,,,
air agitated wash,,,搅动清洗,,,,,0,0,,,
air agitation,,,[化] 充气搅拌,,,,,0,0,,,
air agitation tank,,,气动搅拌槽,,,,,0,0,,,
air agitator,,,[化] 充气搅拌器; 空气搅拌器\n[医] 压气搅拌器,,,,,0,0,,,
air alarm,,,空袭警报,,,,,0,0,,,
air alert,,,空袭警报,,,,,0,0,s:air alerts,,
air alert mission,,,对空警戒任务,,,,,0,0,,,
air alert warning,,,[军] 空袭警报,,,,,0,0,,,
air alerts,,,空袭警报；空中警戒,,,,,0,0,0:air alert/1:s,,
air almanac,,,航空天文年历,,,,,0,0,,,
air ambulance,,,[医] 救护飞机,,,,,0,0,,,
air ambulance service,,,"救护机服务;救护直升机, 救护机服务",,,,,0,0,,,
air ambulances,,,[网络] 救护飞机；空中救护车,,,,,0,0,,,
Air America,,,[网络] 飞离航道；美国航空公司；轰天神鹰,,,,,0,0,,,
Air America Radio,,,[网络] 美国空中广播电台；美国空中广播公司,,,,,0,0,,,
air ammunition,,,航空弹药,,,,,0,0,,,
air analysis,,,气分析,,,,,0,0,,,
air analyzer,,,空气分析器,,,,,0,0,,,
air and filling pipe,,,un. 通气注入管\n[网络] 通气注入两用管,,,,,0,0,,,
air and filling pipe head,,,[机] 管头金属件,,,,,0,0,,,
air and fuel mixture,,,[机] 空气燃料混合物,,,,,0,0,,,
air and gas mixer,,,[化] 空气煤气混合器,,,,,0,0,,,
air and light space,,,通风及采光舱,,,,,0,0,,,
air and oil spring,,,[网络] 油压-气压弹簧,,,,,0,0,,,
air and rilling pipe,,,通气注入两用管,,,,,0,0,,,
air and screen cleaner,,,风筛综合清粮机,,,,,0,0,,,
air and sounding pipe,,,[机] 测探兼用空气管,,,,,0,0,,,
air and steam blast,,,气蒸汽鼓风,,,,,0,0,,,
air and vacuum dual brake equipment,,,空气真空两用制动装置,,,,,0,0,,,
air and vacuum valve,,,气真空阀,,,,,0,0,,,
air and variations,,,歌调变奏曲,,,,,0,0,,,
air and water controller,,,[矿业] 气、水控制器,,,,,0,0,,,
air and water hose,,,风水胶管,,,,,0,0,,,
air and water post,,,气与水加注站,,,,,0,0,,,
air angle grinder,,,风动角度磨床,,,,,0,0,,,
air aperture,,,气孔,,,,,0,0,,,
air apportionment,,,[网络] 空中兵力配置,,,,,0,0,,,
air approach control,,,[航] 航线管理,,,,,0,0,,,
air arc cutting,eə(r) ɑ:k ˈkʌtɪŋ,, 电弧气割,,,,,0,0,,,
air arc cutting and gouging electrode,,,电弧气割和气刨电极,,,,,0,0,,,
air arc furnace,,,[电] 空气电弧炉,,,,,0,0,,,
air arm,,,航空兵,,,,,0,0,,,
air armament,,,"航空武器,军用飞机等所用的飞行装备",,,,,0,0,,,
air armature,,,航空军事装备(军用飞机及其他军事航空装备的通称);航空军械,,,,,0,0,,,
air arms,,,[军] 航空兵,,,,,0,0,,,
air army,,,航空军,,,,,0,0,,,
air art,,,(利用充气塑胶制作的)吹气艺术,,,,,0,0,,,
air assault,,, [军][航] 空袭,,,,,0,0,,,
air assault weapon,,,[军] 空降突击武器,,,,,0,0,,,
air assisted airless spraying machine,,,混气式喷涂机,,,,,0,0,,,
air assisted pressure jet atomiser,,,un. 空气助压喷雾器,,,,,0,0,,,
air assisted pressure jet burner,,,un. 空气助压喷烧器\n[网络] 是什么意思,,,,,0,0,,,
air atimization,,,气压雾化,,,,,0,0,,,
air atomising burner,,,n. 空气雾化烧嘴,,,,,0,0,,,
air atomization,,,"气动力喷射,气压雾化",,,,,0,0,,,
air atomizer,,,[化] 空气雾化器,,,,,0,0,,,
air atomizing,,,气雾化,,,,,0,0,,,
air atomizing burner,eə(r) ˈætəˌmaiziŋ ˈbɜ:nə,,n. 空气雾化燃烧器,,,,,0,0,,,
air atomizing oil burner,,,喷气雾化油燃烧器,,,,,0,0,,,
air attache,,,[网络] 空军武官,,,,,0,0,s:air attaches,,
air attaches,,,[网络] 空军武官\n(air attache 的复数),,,,,0,0,0:air attache/1:s,,
air attack,,,空袭,,,,,0,0,s:air attacks,,
air attack in force,,,大规模空袭,,,,,0,0,,,
air attacker,,,空中目标,,,,,0,0,,,
air attacks,,,空袭,,,,,0,0,0:air attack/1:s,,
air attemperator,eə(r) əˈtempəˌreitə,,n. 气冷式调温器,,,,,0,0,,,
air attenuation,,,大气衰减,,,,,0,0,,,
air augmentation,,,送气加力(通过输送空气使燃料燃尽而增加推力),,,,,0,0,,,
air augmented water-jet propulsion,,,[网络] 加气喷水推进装置,,,,,0,0,,,
air avalanche,eə(r) ˈævəˌlæntʃ,, 空气雪崩,,,,,0,0,,,
air back valve,,,空气止回阀,,,,,0,0,,,
air bacteria,,,[医] 空气细菌,,,,,0,0,,,
air bacteriology,,,[微] 空气细菌学,,,,,0,0,,,
air baffle,,,挡风板，导风板,,,,,0,0,,,
air baffle plate,,,风板,,,,,0,0,,,
air baffle ring,,,风环,,,,,0,0,,,
air baffler,,,挡风板，导风板,,,,,0,0,,,
air bag,,,[机] 气囊,,,,,0,0,s:air bags,,
air bag buffer,,,un. 空气胎缓冲器,,,,,0,0,,,
air bag launching,,,气囊下水,,,,,0,0,,,
air bag restraint system,,,[网络] 气囊约束系统,,,,,0,0,,,
air bags,,,un. 空气囊；气袋；里胎\nn. 空气囊\n[网络] 安全气囊；浮力袋；安全气袋,,,,,0,0,0:air bag/1:s,,
air bake,,,露天烘焙,,,,,0,0,,,
air balance,,,[医] 空气平衡,,,,,0,0,,,
air balanced pumping unit,,,气冲式抽油机,,,,,0,0,,,
air ball,eə(r) bɔ:l,," （篮球中的）空气球（俗称“三不碰”, 即投篮未中且未触及篮板、篮圈和篮网的球）",,,,,0,0,,,
air balloon,,,n. 气球,,,,,0,0,,,
air balls,,,【篮球】空炮，(未碰到篮圈、篮网和篮板的)“三不靠”球，三不碰球；(未中篮的)投球,,,,,0,0,,,
air bar,,,空气棒,,,,,0,0,,,
air barometer,,,[医] 空气气压计,,,,,0,0,,,
air barrage,,,"拦阻轰炸,对空拦阻射击网，通风隔墙",,,,,0,0,,,
air barrier,,,气密层;内衬层,,,,,0,0,,,
air barrier effect,,,空障效应,,,,,0,0,,,
air base,,,n. 空军基地,,1,,,0,0,s:air bases,,
air base (ab),,,机场;空军基地,,,,,0,0,,,
air base area,,,[航] 航空基地区域,,,,,0,0,,,
air base inclination,,,空中基线倾斜度,,,,,0,0,,,
air base line,,,航摄基线,,,,,0,0,,,
air base navigational aids,,,机场导航设备,,,,,0,0,,,
air bases,,,na. 航空[空军]基地,,,,,0,0,0:air base/1:s,,
air bath,,,空气浴\n[化] 空气浴; 空气浴器; 气锅; 干燥室,,,,,0,0,,,
air bath standard cell,,,空气浴标准电池,,,,,0,0,,,
"air bath,air-bath","'εə,bɑ:θ",,n. 空气浴；空气浴装置；晾干器,,,,,0,0,,,
air battery,,,空气电池(组),,,,,0,0,,,
air battle,,,空战,,,,,0,0,,,
air battle zone,,,空战区,,,,,0,0,,,
air beacon,,,航空信标,,,,,0,0,,,
air bearing,,,[机] 空气轴承,,,,,0,0,,,
air bearing disk,,,空气轴承磁碟,,,,,0,0,,,
air bearing gyroscope,,,充气轴承陀螺仪,,,,,0,0,,,
air bearing table,,,"空气轴承台,气浮台",,,,,0,0,,,
air bed,," A sack or matters inflated with air, and used as a bed.",[医] 气褥,,,,,0,0,,,
air beds,,,na. 气垫,,,,,0,0,,,
air bell,,,[化] 气泡; 砂眼,,,,,0,0,,,
air bellow,,,[化] 风箱; 皮老虎,,,,,0,0,,,
air belt,,,[机] 风箱,,,,,0,0,,,
air bending,,,"[机] 气动弯曲, 三点弯曲",,,,,0,0,,,
air bends,,,[复数]高空减压病,,,,,0,0,,,
air bill,,,空运单,,,,,0,0,,,
air bill all risks,,,航空全险保单,,,,,0,0,,,
air bill of lading,,,[经] 空运提单,,,,,0,0,,,
air bind,,,气缚,,,,,0,0,,,
air binding,,,[机] 气结,,,,,0,0,,,
air biscuit,,,[网络] 空气饼干,,,,,0,0,,,
air biscuits,,,[网络] 空气饼干,,,,,0,0,,,
air bladder,," An air sac, sometimes double or variously lobed, in the\n   visceral cavity of many fishes. It originates in the same way as the\n   lungs of air-breathing vertebrates, and in the adult may retain a\n   tubular connection with the pharynx or esophagus.\n A sac or bladder full of air in an animal or plant; also\n   an air hole in a casting.","[医] 气囊, 气泡",,,,,0,0,s:air bladders,,
air bladder disease,,,[水产] 气泡病,,,,,0,0,,,
air bladders,,,气泡；鱼鳔,,,,,0,0,0:air bladder/1:s,,
air blade coating,,,[涂料] 气刀涂布,,,,,0,0,,,
air blanketing,,,气夹层,,,,,0,0,,,
air blast,,,[化] 空气鼓风,,,,,0,0,,,
air blast atomizer,,,空气雾化喷嘴,,,,,0,0,,,
air blast atomizing,,,气压喷雾,,,,,0,0,,,
air blast atomizing nozzle,,,un. 空气雾化喷油口,,,,,0,0,,,
air blast breaker,,,喷气流断路器,,,,,0,0,,,
air blast burner,,,鼓风式燃烧器,,,,,0,0,,,
air blast chilling,,,吹风冷却,,,,,0,0,,,
air blast circuit breaker,,,[电] 气冲断路器,,,,,0,0,,,
air blast ckeaner,,,强气流式清选机,,,,,0,0,,,
air blast conbeyor,,,强气流式输送器,,,,,0,0,,,
air blast connection pipe,,,un. 高压空气导管；风管,,,,,0,0,,,
air blast cooling,,,[电] 风冷,,,,,0,0,,,
air blast cooling fan,,,冷却喷流扇,,,,,0,0,,,
air blast destributor,,,强气流布料器,,,,,0,0,,,
air blast duster,,,风选机,,,,,0,0,,,
air blast freezer,,,吹风冻结,,,,,0,0,,,
air blast freezing,,,吹风冻结,,,,,0,0,,,
air blast freezing plant,,,强制通风式冻结装置,,,,,0,0,,,
air blast gas burner,,,鼓风煤气喷灯,,,,,0,0,,,
air blast gin,eə(r) blɑ:st dʒɪn,,n. 气流式锯齿轧棉机,,,,,0,0,,,
air blast goaf stowing machine,,, 风力充填机,,,,,0,0,,,
air blast injury,,,[特医] 气流吹袭伤,,,,,0,0,,,
air blast moisture control,,,un. 鼓风湿度控制,,,,,0,0,,,
air blast nozzle,,,un. 喷气咀；风嘴；鼓风喷嘴,,,,,0,0,,,
air blast process,eə(r) blɑ:st ˈprəuses,, [医]风选法，空气喷净法,,,,,0,0,,,
air blast quench,,,鼓风淬冷,,,,,0,0,,,
air blast quenching,,,[机] 吹风淬火,,,,,0,0,,,
air blast refrigeration,,,气喷射制冷,,,,,0,0,,,
air blast saw gin,,,un. 气流式锯齿打桩机\n[网络] 气流式锯齿轧花机,,,,,0,0,,,
air blast separation,,,un. 用气流分离,,,,,0,0,,,
air blast shutdown,,,制通风冷却停机,,,,,0,0,,,
air blast spray,,,鼓风式喷雾,,,,,0,0,,,
air blast sprayer,eə(r) blɑ:st ˈspreɪə(r),, 鼓风喷雾机,,,,,0,0,,,
air blast transformator,,,风冷式变压器,,,,,0,0,,,
air blast transformer,,,[电] 气冷式变压器,,,,,0,0,,,
air blasting,,,鼓风,,,,,0,0,,,
air bleed,,,[化] 漏气; 空气漏失; 空气入口,,,,,0,0,,,
air bleed cycle,,,放气循环,,,,,0,0,,,
air bleed hole,,,n. 排气孔,,,,,0,0,,,
air bleed passage,,,(英:compensating jet)补偿通道,,,,,0,0,,,
air bleed press,,,"抽气压榨,吸风压榨",,,,,0,0,,,
air bleed principle,,,[机] 气泡式,,,,,0,0,,,
air bleed restrictor,,,抽气限制器,,,,,0,0,,,
air bleed set,,,气机，抽气器,,,,,0,0,,,
air bleed system,,,n. 抽气系统,,,,,0,0,,,
air bleed valve,,,空气量孔阀,,,,,0,0,,,
air bleedeer,,,[机] 空气分供管,,,,,0,0,,,
air bleeder,,,[化] 气眼; 通风罩,,,,,0,0,,,
air bleeder cap,,,通风罩,,,,,0,0,,,
air bleeding,,,[机] 空气分供,,,,,0,0,,,
air bleeding valve,,,[化] 排气阀; 排气嘴,,,,,0,0,,,
air blender,,,[制冷] 空气混合箱,,,,,0,0,,,
air blister,,,[化] 气泡; 砂眼,,,,,0,0,,,
air block,,,[医] 空气阻滞,,,,,0,0,,,
air block fender,,,充气橡胶碰垫,,,,,0,0,,,
air blockade,,,空中封锁,,,,,0,0,,,
air blow,,,[机] 空气鼓风,,,,,0,0,,,
air blow aeration,,,鼓风充气,,,,,0,0,,,
air blow aeration tank,,,气鼓风曝气槽,,,,,0,0,,,
air blow floatation,,,鼓风浮选,,,,,0,0,,,
air blow floatation unit,,,气浮选装置,,,,,0,0,,,
air blow tank,eə(r) bləu tæŋk,, [医]通气发酵罐,,,,,0,0,,,
air blow-out method,,,空气喷出法,,,,,0,0,,,
air blower,,,[化] 鼓风机,,,,,0,0,,,
air blowing,,,气吹洗，空气洗涤,,,,,0,0,,,
air blowing of asphalt,,,[机] 吹气制进沥青法,,,,,0,0,,,
air blowing oxidation,,,气氧化,,,,,0,0,,,
air blowing process,,,[化] 吹气氧化过程(制沥青方法),,,,,0,0,,,
air blowing roll,,,热风辊,,,,,0,0,,,
air blowing treatment,,,吹气处理,,,,,0,0,,,
air blown,,,[机] 空气吹制的,,,,,0,0,,,
air blown asphalt,,,[化] 氧化沥青,,,,,0,0,,,
air blown converter,,,空气转炉,,,,,0,0,,,
air blown core,,,un. 用压缩空气制造的型芯\n[网络] 吹制型芯,,,,,0,0,,,
air blown poke hole,,,[机] 气吹制地沥青,,,,,0,0,,,
air blown producer,,,[机] 空气鼓风发生器,,,,,0,0,,,
air blowout,,,喷气;空气灭弧,,,,,0,0,,,
air boat,,,汽艇,,,,,0,0,,,
air boiler,,,空气加热器,,,,,0,0,,,
air bomb,,,[军 航] 航空炸弹,,,,,0,0,,,
air bomb ballistics,,,[航 军] 航弹弹道学,,,,,0,0,,,
air bomb test,,,空气弹老化试验,,,,,0,0,,,
air bond,,,[机] 气障,,,,,0,0,,,
air bone drill,,,风动骨钻,,,,,0,0,,,
air boost compressor,,,un. 辅助的空气压缩机；增压压气机\n[网络] 增压式压气机；辅助空气压缩机,,,,,0,0,,,
air borne,,,"[经] 空运的, 非机上的",,,,,0,0,,,
air borne dirt,,,空气媒介污垢,,,,,0,0,,,
air borne drying,,,"气垫干燥,气托干燥",,,,,0,0,,,
air borne dust,,,大气尘埃,,,,,0,0,,,
air borne goods,,,[经] 空运货物,,,,,0,0,,,
air borne infection,,,"空气〔媒介〕传染, 空气（媒介）传染",,,,,0,0,,,
air borne life boat,,,[网络] 空投救生艇,,,,,0,0,,,
air borne magnetometer,,,"空测地磁仪；空中磁测, 空中磁力仪",,,,,0,0,,,
air borne sound,eə(r) bɔ:n saund,, 气导声；氣導聲,,,,,0,0,,,
air borne survey,,,[机] 空中探勘,,,,,0,0,,,
air borne trade,,,un. 空运贸易,,,,,0,0,,,
air bottle,,,"[机] 气瓶, 压缩空, 气瓶",,,,,0,0,,,
air bottle (of pump),,,[化] (泵的)空气拱室,,,,,0,0,,,
air bottle assembly,,,空气瓶组件,,,,,0,0,,,
air bottle for life saving,,,救生气瓶,,,,,0,0,,,
air bottle for salvage,,,打捞救助气瓶,,,,,0,0,,,
air bottle of pump,,,泵的空气室,,,,,0,0,,,
air bottle pressure chamber,,,压缩空气瓶蓄压室,,,,,0,0,,,
air bottle with steady pressure,,,稳压空气瓶,,,,,0,0,,,
air bottom blown converter,,,空气底吹转炉,,,,,0,0,,,
air bottom-blown acid converter,,,酸性空气底吹转炉,,,,,0,0,,,
air bottom-blown basic converter,,,碱性空气底吹转炉,,,,,0,0,,,
air bounce,,,[网络] 上飘投掷；粉过份说；就是趴这只,,,,,0,0,,,
air bound,,,[机] 气障,,,,,0,0,,,
air boundary layer,,,空气分界层,,,,,0,0,,,
air box,,,[机] 风箱,,,,,0,0,,,
air box press,,,风动压缩机,,,,,0,0,,,
air brake,, A railway brake operated by condensed air.,"气闸, 风闸\n[化] 风闸; 气闸",,,,,0,0,,,
air brake control valve,,,动控制阀,,,,,0,0,,,
air brake controls,,,un. 气力制动器控制,,,,,0,0,,,
air brake dynamometer,,,"气力制动测力计,气力制动功率计",,,,,0,0,,,
air brake equipment,,,空气制动装置,,,,,0,0,,,
air brake foot control,,,un. 控制气力制动器脚踏板,,,,,0,0,,,
air brake gauge,,,气力制动气压表,,,,,0,0,,,
air brake gear,,,空气制动机[装置],,,,,0,0,,,
air brake grease,,,气闸润滑脂,,,,,0,0,,,
air brake hose,,,[化] 风闸胶管,,,,,0,0,,,
air brake hose coupling,,,气闸软管接头,,,,,0,0,,,
air brake hose nipple,,,"制动软管接头,风管接头",,,,,0,0,,,
air brake release,,,空气刹车松开,,,,,0,0,,,
air brake releasing valve,,,un. 气制动放气阀,,,,,0,0,,,
air brake safety control,,,un. 空气制动器安全控制器\n[网络] 空气制动机安全控制,,,,,0,0,,,
air brake supervisor,,,空气制动监察员,,,,,0,0,,,
air brake switch,,,[机] 空气轫开闭器,,,,,0,0,,,
air brake system,,,风闸系统,,,,,0,0,,,
air brakes,,,na. 空气制动器；减速板\n[网络] 空气煞车；空气刹车；空气减速装置,,,,,0,0,,,
air braking,,,气力制动,,,,,0,0,,,
air braking tachometer,,,"摩擦式转速计,空气制动转速计",,,,,0,0,,,
air brasive,,,[口腔] 气填磨料,,,,,0,0,,,
air brattice,,,[机] 空气鼓出,,,,,0,0,,,
air break,,,空气断路,,,,,0,0,,,
air break circuit breakers,,,un. 空气断弧断路器,,,,,0,0,,,
air break contactor,,,un. 气闸接触器\n[网络] 空气断开接触器,,,,,0,0,,,
air break disconnecting switch,,,[电] 空断开关,,,,,0,0,,,
air break disconnecting switch (abds),,,空断开关,,,,,0,0,,,
air break switch,,,[电] 空断开关,,,,,0,0,,,
air break switch (abs),,,"空断开关, 气断开关",,,,,0,0,,,
air break type,,,空气断路式,,,,,0,0,,,
air breaker,,,气断路器,,,,,0,0,,,
air breaking,,,＝airblasting,,,,,0,0,,,
air breakup,,,大气层破坏,,,,,0,0,,,
air breakwater,,,空气防波堤,,,,,0,0,,,
air breather,,,通气装置,,,,,0,0,,,
air breather filter,,, 通气孔滤清器,,,,,0,0,,,
air breathing adaptations,,,适应唿吸空气,,,,,0,0,,,
air breathing armored catfishes,,,唿吸空气的被甲鲶,,,,,0,0,,,
air breathing climbing perch,,,唿吸空气攀鲈,,,,,0,0,,,
air breathing engine,,,吸空气发动机,,,,,0,0,,,
air breathing facultative,,,必须唿吸空气的,,,,,0,0,,,
air breathing fishes,,,唿吸空气鱼类,,,,,0,0,,,
air breathing gill chamber wall,,,唿吸空气鳃腔壁,,,,,0,0,,,
air breathing gills,,,唿吸空气鳃,,,,,0,0,,,
air breathing laser,,,气动激光器,,,,,0,0,,,
air breathing missile,,,吸气式飞弹,,,,,0,0,,,
air breathing organs,,,唿吸空气器官,,,,,0,0,,,
air breathing power plant,,,un. 空气喷气动力装置,,,,,0,0,,,
air breathing power unit,,,喷气发电机组,,,,,0,0,,,
air breathing propulsion system,,,吸气式推进系统,,,,,0,0,,,
air brick,,,空心砖\n[化] 风干砖; 砖坯,,,,,0,0,,,
air bricks,,,空心砖；通风砖；不烧砖；砖坯,,,,,0,0,,,
air bridge,eə(r) bridʒ,,"n. 空中桥梁, 空运线",,,,,0,0,,,
air bridge monitor,,,气桥监控器,,,,,0,0,,,
air bridges,,,[网络] 廊桥；传导线与气桥,,,,,0,0,,,
air broker,,,空运经纪人,,,,,0,0,,,
air bronchogram,,,支气管充气征,,,,,0,0,,,
air bronchography,,,空气支气管造影术,,,,,0,0,,,
air bruck,,,[机] 气煞,,,,,0,0,,,
air brush,,,[机] 喷漆器,,,,,0,0,,,
air brushing printing,,,喷雾印花,,,,,0,0,,,
air bubble,,,[计] 空气泡\n[化] 气泡; 砂眼,,,,,0,0,s:air bubbles,,
air bubble apparatus,,,气泡计,,,,,0,0,,,
air bubble breakwater,,,气泡(充气)防波堤,,,,,0,0,,,
air bubble curtain,,,气泡幕,,,,,0,0,,,
air bubble level,,,气泡水准仪,,,,,0,0,,,
air bubble method,,,空气泡法,,,,,0,0,,,
air bubble pitting,,,[化] 气泡点蚀,,,,,0,0,,,
air bubble resorber,,,[网络] 除气器,,,,,0,0,,,
air bubble system,,,气泡指示系统,,,,,0,0,,,
air bubble tube,,,吹气泡管,,,,,0,0,,,
air bubble vehicle,,,[网络] 侧壁式气垫艇,,,,,0,0,,,
air bubble viscometer,eə(r) ˈbʌbl visˈkɔmitə,,n. 气泡粘度计,,,,,0,0,,,
air bubble viscosimeter,,,un. 气泡粘度计\n[网络] 气泡黏度计；气泡粘度计气泡粘度计,,,,,0,0,,,
air bubbler,,,空气起泡器,,,,,0,0,,,
air bubbles,,,un. 气泡；水泡\n[网络] 空气泡；气幕；成品内有气孔,,,,,0,0,0:air bubble/1:s,,
air budget,,,[计划 航] 航空预算,,,,,0,0,,,
air buffer,,,[机] 空气缓冲器,,,,,0,0,,,
air buffing,,,空气喷磨,,,,,0,0,,,
air buffler,,,空气缓冲器,,,,,0,0,,,
air bulb,,,气泡,,,,,0,0,,,
air bumer,,,[机] 喷灯,,,,,0,0,,,
air bump,,,【航空学】阵风，颠簸气流,,,,,0,0,,,
air bump rinse operation,,,气擦洗,,,,,0,0,,,
air bumper,,,"空气减震[缓冲,阻尼]器",,,,,0,0,,,
air bumps,,,[空气]颠簸,,,,,0,0,,,
air buoyancy correction,,,空气浮力修正,,,,,0,0,,,
air buoyancy tank,,,[网络] 浮箱,,,,,0,0,,,
air burn,,,烧焦;过热点,,,,,0,0,,,
air burner,,,[机] 喷灯,,,,,0,0,,,
air burning,,,空气燃烧,,,,,0,0,,,
air burst,,,un. 空中爆炸；空炸\n[网络] 空气爆炸；上空爆炸；空气爆发,,,,,0,0,,,
air burst fuse,,,空爆引信,,,,,0,0,,,
air bursts,,,[网络] 空气爆炸,,,,,0,0,,,
air bus,,,n. 大型客机,,,,,0,0,,,
air button,,,风帽；气压开关,,,,,0,0,,,
air by-pass solenoid valve,,,[网络] 空气旁通电磁阀,,,,,0,0,,,
air bypass solenoid valve,,,[网络] 空气旁通电磁阀,,,,,0,0,,,
air bypass valve,,,【机械工程】旁通空气阀,,,,,0,0,,,
air cadet,,,un. 航空学校学员\n[网络] 香港航空青年团；空军军校生；天空霸王喷气机,,,,,0,0,,,
air cadets,,,[网络] 空军学生团；空军；空军乐队,,,,,0,0,,,
air calculation through,,,[网络] 空气循环率,,,,,0,0,,,
air caloric test,,,冷热空气试验,,,,,0,0,,,
air calorimeter test,,,吹风发热试验,,,,,0,0,,,
air camel,,,浮柜,,,,,0,0,,,
air camera,,,航测摄影机,,,,,0,0,,,
air can,,,abbr. Air Canada (formerly Trans-Canada Air Lines) 加拿大航空公司,,,,,0,0,,,
Air Canada,,,n. 加拿大航空公司,,,,,0,0,,,
air canal,,,"[机] 空气管, 风管",,,,,0,0,,,
air cap,,,[化] (喷漆枪的); 气帽(用以使漆雾化),,,,,0,0,,,
air capacitor,,,[电] 空气电容器,,,,,0,0,,,
air capacity,,,空气量;容气量,,,,,0,0,,,
air capacity of soil,,,土壤空气容量,,,,,0,0,,,
air car,,,[化] 气垫汽车,,,,,0,0,,,
air carbon arc cutting,,,吹气碳电 弧切割,,,,,0,0,,,
air carbon arc cutting machine,,,吹气碳电弧切割机,,,,,0,0,,,
air carbon-arc cutting,,,【冶金学】吹气碳电弧切割,,,,,0,0,,,
air card,,,[网络] 一卡在手；照相机,,,,,0,0,,,
air cargo,,,空运货物,,,,,0,0,,,
air cargo agent,,,un. 〔商〕航空货运代理人\n[网络] 空运货运代理；航空货运代理商；空运代理,,,,,0,0,,,
Air Cargo and Aircraft Ground Equipment Subcommittee,,,航空货物用成组器和地上器材分委员会,,,,,0,0,,,
air cargo clauses,,,航空货物保险条款,,,,,0,0,,,
air cargo consolidator,,,[网络] 航空货运并装业者；航空货运承揽并装业；航空货运承揽业者,,,,,0,0,,,
air cargo tariff,,,[网络] 航空货物运价表；航空货运费率的手册,,,,,0,0,,,
air cargo technology,,,货物空运技术设备,,,,,0,0,,,
air cargo terminal,,, 航空货运站,,,,,0,0,,,
air carrier,,,航空公司;航(空)线;航空运输,,,,,0,0,,,
air carrier operating certificate,,,航空公司营运证书,,,,,0,0,,,
air carriers,,,[网络] 航空运载商；航空公司；承运航空,,,,,0,0,,,
Air Carriers Immunity,,,[网络] 空运承运人免责事项,,,,,0,0,,,
Air Carriers Limitation of Liability,,,[网络] 空运承运人责任限制,,,,,0,0,,,
air cartography,,,航空地图绘制,,,,,0,0,,,
air cascade,,,气瀑,,,,,0,0,,,
air case,,,空气套,,,,,0,0,,,
air casing,,,[机] 气夹层,,,,,0,0,,,
air casting,,,[机] 大气铸造,,,,,0,0,,,
air castle,eə(r) ˈkɑ:sl,,n. 空中楼阁，妄想，想入非非的计划,,,,,0,0,s:air castles,,
air castles,,,想入非非的计划；妄想；空中楼阁,,,,,0,0,0:air castle/1:s,,
air catapult,,,气力弹射器,,,,,0,0,,,
air cataracts,,,[网络] 气瀑,,,,,0,0,,,
air catering,eə(r) ˈkeɪtərɪŋ,, [医]航空膳食,,,,,0,0,,,
Air Cav,,,[网络] 空气车,,,,,0,0,,,
air cavalry,,,【军事】；(美国陆军的)空中侦察队；(美国陆军的)空降战斗队,,,,,0,0,,,
air cavalryman,[复数]-men -mən,,【军事】；(美国陆军)空降战斗队士兵；(美国陆军)空降侦察兵,,,,,0,0,,,
air cavity,,,气孔,,,,,0,0,,,
air ceiling,,,飞机云幂,,,,,0,0,,,
air cell,," A cavity in the cellular tissue of plants, containing air\n   only.\n A receptacle of air in various parts of the system; as, a\n   cell or minute cavity in the walls of the air tubes of the lungs; the\n   air sac of birds; a dilatation of the air vessels in insects.",[医] 气泡,,,,,0,0,s:air cells,,
air cell battery,,,空气电池,,,,,0,0,,,
air cell combustion chamber,,,un. 空气室式燃烧室\n[网络] 空气室燃烧室,,,,,0,0,,,
air cell covering,,,[机] 气囊罩,,,,,0,0,,,
air cell cylinder head,,,气室气缸头,,,,,0,0,,,
air cell diesel engine,,,un. 空气室柴油机,,,,,0,0,,,
air cell piston,,,带空气室的活塞,,,,,0,0,,,
air cell size,,,气室大小,,,,,0,0,,,
air cell type,,,[机] 空气室式,,,,,0,0,,,
air cells,,,含气小房,,,,,0,0,0:air cell/1:s,,
air cement gun,,,"[机] 气动水泥枪, 水泥喷射器",,,,,0,0,,,
air centimeter,,,空气厘米,,,,,0,0,,,
air chain,,,坯釉中呈链状气泡,,,,,0,0,,,
air chain-hoist,,,[网络] 气动链式起重机,,,,,0,0,,,
air chamber,," A chamber or cavity filled with air, in an animal or\n   plant.\n A cavity containing air to act as a spring for\n   equalizing the flow of a liquid in a pump or other hydraulic machine.","[化] 空气室\n[医] 气腔, 真空腔",,,,,0,0,,,
air chamber diesel,,,气室式柴油机,,,,,0,0,,,
air chamber diesel engine,eə(r) ˈtʃeimbə ˈdi:zəl ˈendʒin,,n. 空气室柴油机,,,,,0,0,,,
air chamber of pump,,,[化] 泵的气室,,,,,0,0,,,
air chamber principle,,,主要空气室,,,,,0,0,,,
air chamber pump,,,带空气室的泵,,,,,0,0,,,
air change,,,[化] 换气,,,,,0,0,,,
air change rate,,,通风换气次数,,,,,0,0,,,
air changes,,,气次数,,,,,0,0,,,
air changes per hour,,,un. 每小时换气次数；每小时换气量\n[网络] 换气率,,,,,0,0,,,
air channel,,,"[机] 气路, 风道",,,,,0,0,,,
air charge,,,充气,,,,,0,0,,,
air charge cooler,,,[网络] 进气冷却器,,,,,0,0,,,
air charge temperature,,,[网络] 进气温度；充气温度,,,,,0,0,,,
air charge valve,,,[网络] 充气阀,,,,,0,0,,,
air charged accumulator,,,充气蓄能器,,,,,0,0,,,
air charging,,,[科技] 充气,,,,,0,0,,,
air charging apparatus,,,[网络] 充气设备,,,,,0,0,,,
air charging machine,,,[化] 风送器,,,,,0,0,,,
air charging pressure,,,un. 空气增压压力\n[网络] 充气压力,,,,,0,0,,,
air charging system,,,充气装置,,,,,0,0,,,
air charging test,,,充气试验,,,,,0,0,,,
air charter movement,,,[经] 包机空运,,,,,0,0,,,
air cheaner oil cup,,,空气过滤器油杯,,,,,0,0,,,
air check,,,发射信号检查;气泡;麻孔,,,,,0,0,,,
air checks,,,[化] 气泡; 麻孔,,,,,0,0,,,
air chemical action,,,化学空袭,,,,,0,0,,,
air chest,,,风箱,,,,,0,0,,,
Air Chief Marshal,,,上将,,,,,0,0,,,
air chief marshals,,,(英国)空军上将[略作ACM],,,,,0,0,,,
air chill,,,"空气冷硬[冷淬,淬火];(铸铁的)白口化",,,,,0,0,,,
air chilling,,,空气淬冷,,,,,0,0,,,
air chilling cabinet,,,气冷柜；气冷箱,,,,,0,0,,,
air chimmey,,,通风道,,,,,0,0,,,
air chimney,,,通风烟囱,,,,,0,0,,,
air china,ɛə ˈtʃaɪnə,,n. 中国国际航空股份有限公司,,,,,0,0,,,
air chipper,,,[机] 气凿,,,,,0,0,,,
air chock,,,[电] 空心抗流线圈,,,,,0,0,,,
air choke,,,空心扼流圈,,,,,0,0,,,
air choke valve,,,"[机] 空气阀, 气化器",,,,,0,0,,,
air choke valve seat,,,[机] 阻气阀座,,,,,0,0,,,
air chuck,,,[机] 空气夹头,,,,,0,0,,,
air churning resistance,,,"空气扰动阻力,空气涡流阻力",,,,,0,0,,,
air chute,,,通风道,,,,,0,0,,,
air circuit,,,空气环路,,,,,0,0,,,
air circuit breaker,,,[机] 空气遮断,,,,,0,0,,,
air circuit breaker (acb),,,空气断路器,,,,,0,0,,,
air circuit breaker switch gear,,,空气断路器开关装置,,,,,0,0,,,
air circuit resistance,,,空气循环阻力,,,,,0,0,,,
air circuit-breaker,,,空气断路器,,,,,0,0,,,
air circulating fan,,,[机] 空气式环流电扇,,,,,0,0,,,
air circulating rate,,,[网络] 空气循环倍率,,,,,0,0,,,
air circulation,,,[机] 空气环流,,,,,0,0,,,
air circulation damper,,,un. 空气循环调节器\n[网络] 空气调节器,,,,,0,0,,,
air circulation incubator,,,空气循环保温箱,,,,,0,0,,,
air circulation ratio,,,[制冷] 换气次数,,,,,0,0,,,
air circulation system,,,[网络] 空气循环系统,,,,,0,0,,,
air circulator,,,[化] 空气循环器,,,,,0,0,,,
air clamp,,,[机] 气力夹,,,,,0,0,,,
air clamper,,,气动夹紧装置;气动压紧装置,,,,,0,0,,,
air classification,,,[机] 风力分级,,,,,0,0,,,
air classifier,,,[机] 气力分级器,,,,,0,0,,,
air cleaner,,,[化] 空气滤清器; 空气净化器,,,,,0,0,s:air cleaners,,
air cleaner adapter,,,[机] 泸气器接头,,,,,0,0,,,
air cleaner air seal,,,滤气器气封,,,,,0,0,,,
air cleaner and silencer,,,空气净化器及消声器,,,,,0,0,,,
air cleaner assembly,,,[网络] 空气滤清器总成；空气濾清器总成；空滤器组件,,,,,0,0,,,
air cleaner base,,,空气滤清器底壳,,,,,0,0,,,
air cleaner body,,,滤气器壳体,,,,,0,0,,,
air cleaner cartridge,,,[化] 滤气器滤筒,,,,,0,0,,,
air cleaner clamp,,,滤气器夹钳,,,,,0,0,,,
air cleaner cover gasket,,,un. 滤气器盖密封片,,,,,0,0,,,
air cleaner element,,,[化] 滤气器元件,,,,,0,0,,,
air cleaner filter element,,,[机] 空气滤清器之滤素,,,,,0,0,,,
air cleaner gausze,,,[网络] 空气滤清器滤网,,,,,0,0,,,
air cleaner housing,,,[网络] 空滤器座组件；风鼓；空气滤清器壳,,,,,0,0,,,
air cleaner oil cup,eə(r) ˈkli:nə ɔil kʌp,,n. 空气过滤器油杯,,,,,0,0,,,
air cleaner pipe,,,un. 滤气器管道\n[网络] 空气滤清器管子,,,,,0,0,,,
air cleaner screen,,,滤气器滤网,,,,,0,0,,,
air cleaner service,,,空气滤清器服务车,,,,,0,0,,,
air cleaner servicer,,,空气滤清器服务车,,,,,0,0,,,
air cleaner servicing,,,滤气器维护,,,,,0,0,,,
air cleaner spring,,,滤气器弹簧,,,,,0,0,,,
air cleaner support,,,un. 空气净化器支架\n[网络] 空气滤清器底座,,,,,0,0,,,
air cleaners,,,[网络] 空气净化器；空气清洁设备；空气过滤器,,,,,0,0,0:air cleaner/1:s,,
air cleaning,,,空气净化,,,,,0,0,,,
air cleaning devices,,,[网络] 空气清洁装置；空气清净设备；空气净化装置,,,,,0,0,,,
air cleaning equipment,,,气体净化设备,,,,,0,0,,,
air cleaning facilities,,,空气净化设施,,,,,0,0,,,
air cleaning facility,,,气净化设备；空气净化装置,,,,,0,0,,,
air cleaning machine,,,空气清洁机,,,,,0,0,,,
air cleaning of mirror,,,镜面空气清理,,,,,0,0,,,
air cleaning process,,,[机] 风力净化法,,,,,0,0,,,
air cleaning system,,,空气净化系统,,,,,0,0,,,
air cleaning transmission window,,,[建] 净化传递窗,,,,,0,0,,,
air cleaning unit,,,空气净化装置,,,,,0,0,,,
air cleanliness,,,气洁净度,,,,,0,0,,,
air clearance,,,[机] 余隙空气,,,,,0,0,,,
air cleft,,,气缝,,,,,0,0,,,
air clippers,,,气动剪,,,,,0,0,,,
air cloth ratio,,,气布比,,,,,0,0,,,
air clutch,,,气动离合器,,,,,0,0,,,
air coach,,,〈美〉大型客机，空中客车,,,,,0,0,,,
air coating,,,"用气涂布,空气涂贴层",,,,,0,0,,,
air cock,, A faucet to allow escape of air.,[化] 气栓; 空气栓; 排气旋塞,,,,,0,0,,,
air cock on the radiator,,,热器放气阀,,,,,0,0,,,
air code,,,[法] 航空法典,,,,,0,0,,,
air code generator,,,航空电码信号发生器,,,,,0,0,,,
air coefficient,,,[科技] 空气系数,,,,,0,0,,,
air coil,,,空气冷却蛇管,,,,,0,0,,,
air collector,,,[机] 空气收集器,,,,,0,0,,,
air colour,,,无色,,,,,0,0,,,
air coloured,,,无色的,,,,,0,0,,,
air column,,,[电] 空气柱,,,,,0,0,,,
air combat,eə(r) ˈkɔmbət,, [航空]空战,,,,,0,0,,,
Air Combat Command,,,[网络] 美国空军作战司令部；空战司令部；空中作战司令部,,,,,0,0,s:air combat commands,,
air combat commands,,,[网络] 美国空军作战司令部；空战司令部；空中作战司令部\n(air combat command 的复数),,,,,0,0,0:air combat command/1:s,,
air combat fighter,,,【军事】空战战斗机,,,,,0,0,,,
air combat maneuvering,,,空战动作,,,,,0,0,,,
air combat maneuvering (acm),,,空战动作,,,,,0,0,,,
air combat maneuvering instrumentation,,,空战演练仪,,,,,0,0,,,
air combat maneuvering instrumentation (acmi),,,空战演练仪,,,,,0,0,,,
air combat mode,,,空战模示,,,,,0,0,,,
air command,,,n. 空军司令部,,,,,0,0,,,
air commerce,,,[经] 航空商业,,,,,0,0,,,
air commerce act,,,航空商事法,,,,,0,0,,,
air commodore,eə(r) ˈkɔməˌdɔ:,, <英>（皇家空军）空军准将,,,,,0,0,,,
air commodores,,,(英国)空军准将,,,,,0,0,,,
air communication,,,空中通信,,,,,0,0,,,
air communication network,,,空中通讯网路,,,,,0,0,,,
air communication network (aircon),,,空中通讯网路（美）,,,,,0,0,,,
air communications officer,,,"航空通信官员, 准心航空通信官员",,,,,0,0,,,
air commuter,,,短程交通机,,,,,0,0,,,
air comparator,,,[机] 空气比测仪,,,,,0,0,,,
air compartment,,,[机] 空气房,,,,,0,0,,,
air compass,,,un. 航空罗盘,,,,,0,0,,,
air compensating jet,,,空气补偿喷嘴,,,,,0,0,,,
air compliance,,,空气柔量,,,,,0,0,,,
air composition,,,大气成分,,,,,0,0,,,
air compressed,,,压缩空气,,,,,0,0,,,
air compressing engine,,,空气压缩机,,,,,0,0,,,
air compressing machine,,,空气压缩机,,,,,0,0,,,
air compression,,,[机] 空气压缩,,,,,0,0,,,
air compression machine,,,空压机,,,,,0,0,,,
air compression refrigerating machine,,,"空气压缩式冷却机, 空气压缩式冷冻机",,,,,0,0,,,
air compression station,,,[化] 空压站; 空气压缩站,,,,,0,0,,,
air compression system,,,空气压缩系统,,,,,0,0,,,
air compresso,,,空气压缩机,,,,,0,0,,,
air compressor,,,[化] 空气压缩机; 空压机,,,,,0,0,s:air compressors,,
air compressor accessary,,,空气压缩机附件,,,,,0,0,,,
air compressor auto-control,,,空压机自动控制,,,,,0,0,,,
air compressor bracket,,,un. 空气压缩机托架,,,,,0,0,,,
air compressor bracket seat,,,[铁路] 风泵支架座,,,,,0,0,,,
air compressor connecting rod,,,un. 空气压缩机连杆,,,,,0,0,,,
air compressor crank case,,,un. 空气压缩机曲柄箱,,,,,0,0,,,
air compressor crank shaft,,,un. 空气压缩机曲柄轴,,,,,0,0,,,
air compressor crankcase,,,[网络] 空气压缩机曲轴箱,,,,,0,0,,,
air compressor cylinder block,,,un. 空气压缩机缸体,,,,,0,0,,,
air compressor exhaust pipe,,,[铁路] 风泵排汽管,,,,,0,0,,,
air compressor for agitation in the vats,,,桶内搅拌用空气压缩机,,,,,0,0,,,
air compressor for moulding machine,,,模压机压气具,,,,,0,0,,,
air compressor lubricating oil tank,,,空气压缩机润滑油柜,,,,,0,0,,,
air compressor motor,,,压缩空气电动机,,,,,0,0,,,
air compressor oil,,,[机] 空气压缩机用油,,,,,0,0,,,
air compressor piston,,,un. 空气压缩机活塞,,,,,0,0,,,
air compressor piston ring,,,un. 空气压缩机活塞环,,,,,0,0,,,
air compressor plant,,,空压机站,,,,,0,0,,,
air compressor pulley,,,un. 空气压缩机皮带轮\n[网络] 空压机皮带轮；空压机带轮,,,,,0,0,,,
air compressor pump,,,[机] 空气压缩泵,,,,,0,0,,,
air compressor room,,,空气压缩机室,,,,,0,0,,,
air compressor steam pipe,,,[铁路] 风泵蒸汽管,,,,,0,0,,,
air compressor suction strainer,,,空气压缩机进风滤尘器,,,,,0,0,,,
air compressor switch,,,空气压缩机开关,,,,,0,0,,,
air compressor unloader,,,[机] 空气压缩机卸荷器,,,,,0,0,,,
air compressor valve,,,[机] 空气压缩机阀门,,,,,0,0,,,
air compressors,,,[网络] 泵及空压机；空调；压缩空气装置,,,,,0,0,0:air compressor/1:s,,
air con,,,abbr. 空调（Air conditioning）,,,,,0,0,,,
air concentration,,,空气浓度,,,,,0,0,,,
air concentration meter,,,[网络] 空气浓度计,,,,,0,0,,,
air concussion,,,[医] 空气震荡,,,,,0,0,,,
air condenser,,,[化] 空气冷凝器; 空气电容器\n[医] 空气冷凝器,,,,,0,0,,,
air conderser,,,空气冷凝器,,,,,0,0,,,
air condit,,,[网络] 通风管道,,,,,0,0,,,
air condition,,,空调，空气调节设备,,,,,0,0,,,
air condition monitoring,,,气温侦测,,,,,0,0,,,
air condition room,,,调室,,,,,0,0,,,
air condition system,,,空调系统,,,,,0,0,,,
air conditionary machinary,,,空气调节机,,,,,0,0,,,
air conditioned,,,装有空气调节器的,,,,,0,0,,,
air conditioned cabin,,,空气调节舱,,,,,0,0,,,
air conditioned coach,,,空调客车,,,,,0,0,,,
air conditioned container,,,[网络] 空调集装箱；空气调节集装箱,,,,,0,0,,,
air conditioned passenger car,,,空调客车,,,,,0,0,,,
air conditioned storage,,,气调贮藏,,,,,0,0,,,
air conditioned wind tunnel,,,空气调节风洞,,,,,0,0,,,
air conditioner,,,[化] 空调器; 空气调节器,,,,,0,0,s:air conditioners,,
air conditioner for vehicle,,,车辆用空调器,,,,,0,0,,,
air conditioner house,,,调机室,,,,,0,0,,,
air conditioner unit,,,空气调解单元,,,,,0,0,,,
air conditioners,,,n. 空调\n[网络] 空调机；冷气机；冷气空调,,,,,0,0,0:air conditioner/1:s,,
air conditioning,,,"用空调设备调节空气, 空调设备\n[计] 空调; 空气调节",,,,,0,0,s:air conditionings,,
air conditioning apparatus,,,[机] 空气调节装置,,,,,0,0,,,
air conditioning appliance,,,空调器,,,,,0,0,,,
air conditioning base temperature,,,空调基准温度,,,,,0,0,,,
air conditioning bay,,,空气舱,,,,,0,0,,,
air conditioning cleaned tractor,,,空调净化牵引车,,,,,0,0,,,
air conditioning compressor,,,空气调节压缩机,,,,,0,0,,,
air conditioning condition,,,调工况,,,,,0,0,,,
air conditioning connector,,,空调连接器,,,,,0,0,,,
air conditioning connector support mount,,,空调连接器支架,,,,,0,0,,,
air conditioning control,er kənˈdɪʃənɪŋ kənˈtrol,, 空调操纵件,,,,,0,0,,,
air conditioning critical temperature,,,空调临界温度,,,,,0,0,,,
air conditioning design,,,空调设计,,,,,0,0,,,
air conditioning duct,,,[建] 空气调节管道,,,,,0,0,,,
air conditioning equipment,,,[化] 空调机; 空调器; 空调装置,,,,,0,0,,,
air conditioning evaporator,,,空气调节装置蒸 发器,,,,,0,0,,,
air conditioning hose,,,空调软管,,,,,0,0,,,
air conditioning inductor,,,空气调节诱导器,,,,,0,0,,,
air conditioning installation,,,气调节装置,,,,,0,0,,,
air conditioning labor,,,调实验室,,,,,0,0,,,
air conditioning load,,,气调节负荷,,,,,0,0,,,
air conditioning machine room,,,调机室；空气调节机房,,,,,0,0,,,
air conditioning machinery,,,[机] 空气调节机,,,,,0,0,,,
air conditioning method,,,气调节方法,,,,,0,0,,,
air conditioning module,,,空气调节组件,,,,,0,0,,,
air conditioning noise,,,空气调节声,,,,,0,0,,,
air conditioning pack,,,"空调组件, 空气调节组件",,,,,0,0,,,
air conditioning package,,,空气调节组件,,,,,0,0,,,
air conditioning pipe system,,,空调管路系统,,,,,0,0,,,
air conditioning plant,,,[化] 空调装置; 空气调节装置,,,,,0,0,,,
air conditioning purge,,,空调净化,,,,,0,0,,,
air conditioning requirement,,,un. 通风要求,,,,,0,0,,,
air conditioning room,,,空调室,,,,,0,0,,,
air conditioning system,,,[计] 空调系统,,,,,0,0,,,
air conditioning system cooling inlet,,,空调系统冷却空气入口,,,,,0,0,,,
air conditioning system cooling load,,,气调节系统冷负荷,,,,,0,0,,,
air conditioning system cooling outlet,,,空调系统冷却空气出口,,,,,0,0,,,
air conditioning unit,,,[化] 空调机组; 空气调节机组,,,,,0,0,,,
air conditioning-programme controlled,,,程式控制的暖房与空调,,,,,0,0,,,
air conditionings,,,空调；[建] 空气调节,,,,,0,0,0:air conditioning/1:s,,
air conditions,,,大气条件，大气状况,,,,,0,0,,,
air condtioner,,,[网络] 求购空调,,,,,0,0,,,
air conduction,,,[医] 空气传导,,,,,0,0,,,
air conduction hearing aid,,,[医] 空气传导助听器,,,,,0,0,,,
air conductivity,,,空气电导率;大气导电性,,,,,0,0,,,
air conduit,,,"[机] 空气管, 风管",,,,,0,0,,,
air cone,,,空气锥,,,,,0,0,,,
air connection,,,[矿业] 风管接头,,,,,0,0,,,
air cons,,,[网络] 气源压力；单位功率气量,,,,,0,0,,,
air conservation,,,空气保护,,,,,0,0,,,
air consignment note,,,[经] 空运托运单,,,,,0,0,,,
air consignment of air recepts,,,[经] 航空收据,,,,,0,0,,,
air consumption,,,[机] 空气消耗量,,,,,0,0,,,
air contact,,,"(冷却设备)风接点,空气接触",,,,,0,0,,,
air contactor,,,空气接触器,,,,,0,0,,,
air container,,,[经] 空运集装箱,,,,,0,0,,,
air contaminant,,,空气污染物,,,,,0,0,,,
air contaminants,,,[医] 空气污染物,,,,,0,0,,,
air contamination,,,[化] 空气污染,,,,,0,0,,,
air contamination analysis,,,空气污染分析,,,,,0,0,,,
air contamination meter,,,气[放射性]污染测量计,,,,,0,0,,,
air contamination monitor,,,气污染监测器；空气污染监测器,,,,,0,0,,,
air content,,,空气含量,,,,,0,0,,,
air content test,,,含气量试验,,,,,0,0,,,
air contraction,,,气缩,,,,,0,0,,,
air control,,,[机] 空气控制,,,,,0,0,,,
air control authority,,,空中管理局,,,,,0,0,,,
air control butterfly,,,翻板式空气调节闸板,,,,,0,0,,,
air control center,,,气动中心,,,,,0,0,,,
air control equipment,,,[化] 空调装置; 空气调节装置,,,,,0,0,,,
air control operations,,,[网络] 制空作战,,,,,0,0,,,
air control pipe,,,气流控制管,,,,,0,0,,,
air control register,,,[机] 风量节制记录器,,,,,0,0,,,
air control ship,,,空管舰,,,,,0,0,,,
air control shutter,,,un. 节气门,,,,,0,0,,,
air control unit,,,动控制装置,,,,,0,0,,,
air control valve,,,[化] 空调阀,,,,,0,0,,,
air controlled direction valve,,,动控制换向阀,,,,,0,0,,,
air controller,,,空气调节器；空中管制员,,,,,0,0,,,
air controlman,kən'trəulmən,,[复数]air controlmen ／-mən／ (美国海军的)空中交通管制员,,,,,0,0,,,
air controls,,,空气控制,,,,,0,0,,,
air convection,,,空气对流,,,,,0,0,,,
air convection drier,,,热风干燥机,,,,,0,0,,,
air convection dryer,,,空气对流干燥机,,,,,0,0,,,
air convection drying,,,空气对流干燥,,,,,0,0,,,
air convection loss,,,空气对流损失,,,,,0,0,,,
air conversion piping,,,[化] 空气转化管道,,,,,0,0,,,
air conveyer,,,[化] 气动运输机; 风力输送机,,,,,0,0,,,
air conveying,,,气力输送,,,,,0,0,,,
air conveying line,,,气输送管道,,,,,0,0,,,
air conveyor,,,[化] 气动运输机,,,,,0,0,,,
air cooking,,,"干热蒸煮,热风烘烤",,,,,0,0,,,
air cool,,,空气冷却,,,,,0,0,,,
air coolant,,,冷却空气,,,,,0,0,,,
air cooled,,,[机] 空气冷却的,,,,,0,0,,,
air cooled air conditioner,,,风冷式空调器,,,,,0,0,,,
air cooled blade,,,冷式叶片,,,,,0,0,,,
air cooled brake,,,气冷(式)闸,,,,,0,0,,,
air cooled cargo,,,un. 冷气货\n[网络] 风冷货；气冷货物；冷冻货,,,,,0,0,,,
air cooled cascade,,,冷叶,,,,,0,0,,,
air cooled cascade blade,,,气冷叶栅桨,,,,,0,0,,,
air cooled ceiling,,,[网络] 气冷天花板,,,,,0,0,,,
air cooled collector,,,空气冷却整流子,,,,,0,0,,,
air cooled compressor,,,风冷式压缩机,,,,,0,0,,,
air cooled condenser,,,[机] 气冷式凝结器,,,,,0,0,,,
air cooled crystallizer,,,气冷结晶器,,,,,0,0,,,
air cooled cylinder,,,[化] 气冷式汽缸,,,,,0,0,,,
air cooled desuperheater,,,冷减温器,,,,,0,0,,,
air cooled engine,,,气冷发动机,,,,,0,0,,,
air cooled exhaust manifold,,,un. 气冷式排气歧管,,,,,0,0,,,
air cooled fin,,,(空气)散热片,,,,,0,0,,,
air cooled fin tube,,,[化] 空冷翅片管,,,,,0,0,,,
air cooled flat twin engine,,,卧式气冷双(缸)发动机,,,,,0,0,,,
air cooled gas cooler,,,un. 空气冷却的气体冷却器,,,,,0,0,,,
air cooled gas-cooler,,,"[机] 空气冷却的, 气体冷却器",,,,,0,0,,,
air cooled generator,,,冷发电机,,,,,0,0,,,
air cooled graphite,,,气冷石墨,,,,,0,0,,,
air cooled heat exchanger,,,气冷却换热器,,,,,0,0,,,
air cooled ignitron,,,气冷引燃管,,,,,0,0,,,
air cooled jacket,,,气冷套,,,,,0,0,,,
air cooled lamp,,,"(空)气冷(却电子)管,空气冷却照明器",,,,,0,0,,,
air cooled motor,,,气冷马达；气冷电动机,,,,,0,0,,,
air cooled pipe penetration,,,[气]冷[却]管贯穿件,,,,,0,0,,,
air cooled reactor,,,空气冷却堆,,,,,0,0,,,
air cooled rotor,,,冷式转子,,,,,0,0,,,
air cooled side shielded nozzle,,,冷式侧面保护喷嘴,,,,,0,0,,,
air cooled steel,,,"气冷钢,气硬钢",,,,,0,0,,,
air cooled torch,,,气冷焊炬,,,,,0,0,,,
air cooled transformer,,,冷变压器,,,,,0,0,,,
air cooled tube,,,冷管(沸腾炉)，气冷电子管,,,,,0,0,,,
air cooled turbine,,,气冷式透平,,,,,0,0,,,
air cooled turbo generator,,,un. 气冷式汽轮发电机\n[网络] 空气冷却式汽轮发电机,,,,,0,0,,,
air cooled turbo-generator,,,空冷式汽轮发电机,,,,,0,0,,,
air cooled type,,,空气冷却式,,,,,0,0,,,
air cooled valve,,, 气冷阀,,,,,0,0,,,
air cooled vault,,,空气冷却库,,,,,0,0,,,
air cooled wall,,,空冷炉墙,,,,,0,0,,,
air cooler,,,[计] 空气冷却器\n[化] 空冷器; 空气冷却器,,,,,0,0,,,
air cooler coil,,,[网络] 空气冷却器盘管,,,,,0,0,,,
air cooler sensible cooling effect,,,空气冷却器显热冷却效果,,,,,0,0,,,
air cooler turbine,,,冷机组,,,,,0,0,,,
air cooling,,,[机] 气冷,,,,,0,0,,,
air cooling apparatus,,,空气冷却装置,,,,,0,0,,,
air cooling by evaporation,,,发式空气冷却,,,,,0,0,,,
air cooling cargo,eə(r) ˈku:lɪŋ ˈkɑ:ɡəu,, 凉货,,,,,0,0,,,
air cooling chamber,,,空气冷却室,,,,,0,0,,,
air cooling coil,,,空气冷却﹝线圈﹞环管,,,,,0,0,,,
air cooling compressor,,,空气冷却压缩机,,,,,0,0,,,
air cooling device,,,[网络] 风冷机；冷风机；风扇底座,,,,,0,0,,,
air cooling duct,,,气冷却风道,,,,,0,0,,,
air cooling engine,,,风冷发动机,,,,,0,0,,,
air cooling equipment,,,气冷却设备,,,,,0,0,,,
air cooling fin,,,空气冷却片,,,,,0,0,,,
air cooling installation,,,气冷装置,,,,,0,0,,,
air cooling machine,,,[机] 空气冷却机,,,,,0,0,,,
air cooling mercury rectifier,,,气冷式水银整流器,,,,,0,0,,,
air cooling refrigeration,,,un. 空气冷却式制冷\n[网络] 风冷式制冷,,,,,0,0,,,
air cooling system,,,[机] 气冷系统,,,,,0,0,,,
air cooling tower,,,[机] 空气冷却塔,,,,,0,0,,,
air cooling tubes condenser,,,冷凝汽器,,,,,0,0,,,
air cooling type,,,[网络] 气冷式箱型冰水机；气冷式引擎,,,,,0,0,,,
air cooling unit,,,气冷却机组,,,,,0,0,,,
air cooling valve,,,un. 气冷阀\n[网络] 气冷阀门,,,,,0,0,,,
air cooling zone,,,空气冷却区,,,,,0,0,,,
air cooling(cooled),,,空气冷却，气冷,,,,,0,0,,,
air coordinates,,,空中坐标系,,,,,0,0,,,
air core,,,[计] 空气磁心,,,,,0,0,,,
air core choking coil,,,空心扼流圈,,,,,0,0,,,
air core coil,,,空气心线圈,,,,,0,0,,,
air core deflection coil,,,空心偏转线圈,,,,,0,0,,,
air core electromagnet,,,un. 空气心电磁铁,,,,,0,0,,,
air core inductance,,,空心电感线圈,,,,,0,0,,,
Air Core Inductor,,,[网络] 空芯电感；空气蕊电感,,,,,0,0,,,
air core reactor,,,空心电抗器;空心扼流圈,,,,,0,0,,,
air core solenoid,,,"空心螺线管,空气心圆筒形线圈",,,,,0,0,,,
air core transformator,,,空(气)心变压器,,,,,0,0,,,
air core transformer,,,空气心变压器,,,,,0,0,,,
air core type reactor,,,空心电抗器,,,,,0,0,,,
air core tyre,,,空心轮胎,,,,,0,0,,,
air cored,,, [医]空心的，无铁心的,,,,,0,0,,,
air cored betatron,,,空心[无铁心]电子感应加速器,,,,,0,0,,,
air cored instrument,,,空心电动仪表,,,,,0,0,,,
Air Corps,,,陆军航空兵团（美国）,,,,,0,0,,,
air correction jet,,,空气调节量孔,,,,,0,0,,,
air corridor,eə(r) ˈkɔridɔ:,,n. （按照主权国家的规定或国际协定外国飞机得以飞越的）空中走廊,,,,,0,0,,,
air corridors,,,na. 空中走廊,,,,,0,0,,,
air counterbalance,,,压缩空气平衡重体,,,,,0,0,,,
air coupling,,,空气耦合,,,,,0,0,,,
air course,,,[机] 风向,,,,,0,0,,,
air course board,,,[网络] 通风道壁板,,,,,0,0,,,
air cover,eə(r) ˈkʌvə,, 空中掩护; 航摄区,,,,,0,0,s:air covers,,
air coverage,,,空照涵盖,,,,,0,0,,,
air covers,,,【军事】；空中掩护,,,,,0,0,0:air cover/1:s,,
air crack,,,气干裂,,,,,0,0,,,
air craft,,,"n. 航空器,飞机",,,,,0,0,,,
air craft carried normal earth fixed sys tem,,,航空器牵连铅垂地面坐标系,,,,,0,0,,,
air craft spotting,,,空中探测鱼群,,,,,0,0,,,
air craft wiring diagram,,,飞机接线图,,,,,0,0,,,
air craftsman,,,n. 空军士兵,,,,,0,0,,,
air crash,,,[法] 飞机失事,,,,,0,0,,,
air crew,eə(r) kru:,, 机组，机务人员,,,,,0,0,s:air crews,,
air crews,,,[航] 机组；机务人员,,,,,0,0,0:air crew/1:s,,
air crossing,,,[机] 交叉风路,,,,,0,0,,,
air cup,,,喷雾嘴,,,,,0,0,,,
air cure,,,空气中熟成,,,,,0,0,,,
air cure type resin,,,空气硬化性树脂,,,,,0,0,,,
air cured,,,晾干的\n空气养护的,,,,,0,0,,,
air curing,,,[机] 空气熟化,,,,,0,0,,,
air curing binder,,,空气硬化粘结剂,,,,,0,0,,,
air curing type cement,,,[化] 硫化型胶浆; 常温硫化胶浆,,,,,0,0,,,
air current,,,[医] 气流,,,,,0,0,s:air currents,,
air current drying machine,,,[木 化工] 气流式烘燥机,,,,,0,0,,,
air current ripple,,,风成波纹,,,,,0,0,,,
air currents,,,【流体力学】(空)气流；风,,,,,0,0,0:air current/1:s,,
air curtain,,,[机] 空气幕,,,,,0,0,,,
air curtain gear,,,[水产] 气泡幕渔具,,,,,0,0,,,
air curtain method,,,[建] 空气幕法施工,,,,,0,0,,,
air curtain method for sinking caisson,,,空气幕沉井法,,,,,0,0,,,
air cushion,,,[机] 气垫,,,,,0,0,s:air cushions,,
air cushion bearing,,,气垫轴承,,,,,0,0,,,
air cushion boat,,,气垫艇;腾空艇,,,,,0,0,,,
air cushion brake,,,"风闸,气闸,气刹车,空气制动器",,,,,0,0,,,
air cushion car,,,气垫车,,,,,0,0,,,
air cushion conveyer,,,气垫输送机,,,,,0,0,,,
air cushion conveyor,,,气垫胶带输送机,,,,,0,0,,,
air cushion craft,eə(r) ˈkuʃən krɑ:ft,,n. 气垫船,,,,,0,0,,,
air cushion crash rescue vehicle,,,气垫应急救助船,,,,,0,0,,,
air cushion equipment,,,气垫设备,,,,,0,0,,,
air cushion ice breaking platform,,,气垫破冰平台,,,,,0,0,,,
air cushion kiln,,,气垫窑,,,,,0,0,,,
air cushion landing gear,,,气垫式起落架,,,,,0,0,,,
air cushion pad,eə(r) ˈkuʃən pæd,, 气垫输送装置,,,,,0,0,,,
air cushion plate,,,[网络] 气垫板；冲压模具的气垫板；气垫顶杆,,,,,0,0,,,
air cushion pressure,,,气垫压力,,,,,0,0,,,
air cushion principle,,,气垫原理,,,,,0,0,,,
air cushion process,,,[机] 气垫法,,,,,0,0,,,
air cushion seaplane,,,气垫式水上飞机,,,,,0,0,,,
air cushion ship,,,气垫船,,,,,0,0,,,
air cushion shock absorber,,,气垫减震器,,,,,0,0,,,
air cushion sprayer,,,气垫式喷雾器,,,,,0,0,,,
air cushion support,,,气垫支撑,,,,,0,0,,,
air cushion take-off and landing gear,,,[航] 气垫式起落装置,,,,,0,0,,,
air cushion train,,,气垫列车,,,,,0,0,,,
air cushion transfer table,,,un. 气垫式传送工作台,,,,,0,0,,,
air cushion transport,,,气垫船,,,,,0,0,,,
air cushion transporter,,,气垫运输艇,,,,,0,0,,,
air cushion vehicle,,,n. 气垫船或车辆,,,,,0,0,,,
air cushion vehicle (acv),,,气垫船,,,,,0,0,,,
air cushion vehicles,,,[网络] 气垫车辆；气垫车辆引擎；气垫交通工具,,,,,0,0,,,
air cushion vessel,,,气垫船,,,,,0,0,,,
air cushioned seat,,,气垫座,,,,,0,0,,,
air cushioned vehicle,,,气垫载具,,,,,0,0,,,
air cushioned vehicle (acv),,,气垫载具,,,,,0,0,,,
air cushioning craft,,,[网络] 气垫船,,,,,0,0,,,
air cushioning machine,,,"气垫机,气垫汽车",,,,,0,0,,,
air cushions,,,气垫,,,,,0,0,0:air cushion/1:s,,
air cut,,,气割,,,,,0,0,,,
air cutting,,,空气切,,,,,0,0,,,
air cycle,,,[机] 空气循环,,,,,0,0,,,
air cycle efficiency,,,[机] 空气循环效率,,,,,0,0,,,
air cycle equipment,,,气循环设备,,,,,0,0,,,
air cycle machine,,,空气循环机,,,,,0,0,,,
air cycle machine (acm),,,涡轮冷却器;空气循环机,,,,,0,0,,,
air cycle refrigeration,,,[制冷] 空气压缩制冷,,,,,0,0,,,
air cyclone,,,空气涡锥,,,,,0,0,,,
air cylinder,,,[机] 汽缸,,,,,0,0,,,
air cylinder body,,,[铁路] 空气筒体,,,,,0,0,,,
air cylinder bottom gasket,,,[铁路] 风缸下垫,,,,,0,0,,,
air cylinder cover,,,[铁路] 空气筒盖,,,,,0,0,,,
air cylinder drive arm,,,[铁路] 风缸作用臂,,,,,0,0,,,
air cylinder gasket,,,储气筒垫片,,,,,0,0,,,
air cylinder head,,,[铁路] 风缸盖,,,,,0,0,,,
air cylinder operated valve,,,[网络] 气压缸操作阀,,,,,0,0,,,
air cylinder pusher,,,气动推料机,,,,,0,0,,,
air cylinder upper gasket,,,[铁路] 风缸上垫,,,,,0,0,,,
air cylinder valve,,,气筒阀,,,,,0,0,,,
air cylinder valve bonnet,,,气筒阀帽罩,,,,,0,0,,,
air cylinder valve connection,,,un. 气筒阀接头,,,,,0,0,,,
air cylinder valve gland,,,气筒阀压盖,,,,,0,0,,,
air cylinder valve plug,,,气筒阀塞,,,,,0,0,,,
air cylinder valve stem,,,气筒阀杆,,,,,0,0,,,
air cyst,,,[医] 含气囊肿,,,,,0,0,,,
air cystoscopy,,,[医] 充气膀胱镜检查,,,,,0,0,,,
air dam,,,[机] 通风遮断壁,,,,,0,0,,,
air dam skirt,,,空气遮断壁,,,,,0,0,,,
air damper,,,[机] 风档,,,,,0,0,,,
air damper control,,,[制冷] 温感风门温度控制器,,,,,0,0,,,
air damping,,,[机] 空气阻尼,,,,,0,0,,,
air damping balance,,,[化] 阻尼天平; 空气阻尼天平,,,,,0,0,,,
air damping device,,,[物] 空气阻尼器,,,,,0,0,,,
air dashpot,,,空气缓冲器,,,,,0,0,,,
air data,,,航空资料,,,,,0,0,,,
air data computer,,,[计] 飞行参数计算机,,,,,0,0,,,
air data computer (adc),,,大气数据计算机,,,,,0,0,,,
air data computing system,,,[航] 航空数据计算系统,,,,,0,0,,,
air data probe,,,大气数据探针,,,,,0,0,,,
air data processor,,,[计] 空中数据处理机,,,,,0,0,,,
air data sensor,,,大气数据传感器;空气数据传感器,,,,,0,0,,,
air data system,,,[计] 大气数据系统,,,,,0,0,,,
air date,,,播送日期,,,,,0,0,,,
air de cour,,,[网络] 宫廷歌曲；宫廷曲；宫廷埃尔曲,,,,,0,0,,,
air deckle,,,气控定边器,,,,,0,0,,,
air decoy missile,,,空用诱导飞弹,,,,,0,0,,,
air decoy missile (adm),,,空用诱导飞弹,,,,,0,0,,,
air defence,,,空防,,,,,0,0,,,
air defence action,,,防空行动[措施],,,,,0,0,,,
air defence area,,,[网络] 防空区,,,,,0,0,,,
air defence command,,,防空司令部,,,,,0,0,,,
air defence command (adc),,,防空司令部,,,,,0,0,,,
air defence command computer,,,防空指挥计算机,,,,,0,0,,,
air defence computer,,,防空计算机,,,,,0,0,,,
Air Defence Identification Zone,,,un. 防空识别区\n[网络] 防空识别圏；防空识别圈；航空防卫识别区,,,,,0,0,,,
air defence missile,,,[军 航] 防空导弹,,,,,0,0,,,
air defence radar,,,防空雷达,,,,,0,0,,,
air defence system,,,防空系统,,,,,0,0,,,
air defence work,,,防空工程,,,,,0,0,,,
air defence works,,,防空工程,,,,,0,0,,,
air defense,eə(r) diˈfens,,n. 防空; 空防,,,,,0,0,s:air defenses,,
air defense action area,,,[军] 防空行动区,,,,,0,0,,,
air defense agency,,,防空机关[机构],,,,,0,0,,,
air defense area,,,防空区,,,,,0,0,,,
air defense array radar,,,防空阵列雷达,,,,,0,0,,,
air defense artillery,,,防空炮,,,,,0,0,,,
air defense computer,,,防空计算机,,,,,0,0,,,
air defense control,,,[军] 防空控制,,,,,0,0,,,
air defense control center,,,防空控制中心,,,,,0,0,,,
air defense controller,,,防空管制官,,,,,0,0,,,
air defense direction center,,,防空引导中心,,,,,0,0,,,
air defense drill,,,n. 防空演习,,,,,0,0,,,
air defense early warning,,,防空预先警报,,,,,0,0,,,
air defense emergeency,,,紧急防空,,,,,0,0,,,
air defense emergency,,,防空紧急情况,,,,,0,0,,,
air defense equipment,,,防空设备,,,,,0,0,,,
air defense forces,,,防空兵力,,,,,0,0,,,
air defense formation and disposition,,,防空编队与序列,,,,,0,0,,,
air defense ground environment,,,防空地面环境,,,,,0,0,,,
air defense identification zone,eə(r) diˈfens aiˌdentifiˈkeiʃən zəun,, [法]防空识别区,,,,,0,0,,,
air defense identification zone (adiz),,,防空识别区,,,,,0,0,,,
air defense indentification zone (adiz),,,防空识别区,,,,,0,0,,,
air defense missile,,,防空飞弹,,,,,0,0,,,
air defense operations center,,,防空作战中心,,,,,0,0,,,
air defense operations team,,,防空作战小组,,,,,0,0,,,
air defense penetration aid,,,"空防突破兵器,突防兵器",,,,,0,0,,,
air defense radar,,,防空雷达,,,,,0,0,,,
air defense readiness,,,防空(体系)战备状态,,,,,0,0,,,
air defense region,,,防空区域,,,,,0,0,,,
air defense restricted area,,,防空禁区,,,,,0,0,,,
air defense rocket,,,[军 航] 防空火箭,,,,,0,0,,,
air defense sector,,,防空区,,,,,0,0,,,
air defense ship,,,防空舰,,,,,0,0,,,
air defense suppression missile,,,防空压制飞弹,,,,,0,0,,,
air defense suppression missile (adsm),,,防空压制飞弹,,,,,0,0,,,
air defense system,,,防空系统,,,,,0,0,,,
air defense warning,,,防空警报，防空预警,,,,,0,0,,,
air defense warning (adw),,,防空警报;防空预警,,,,,0,0,,,
air defense warning conditions,,,【军事】防空警报等级,,,,,0,0,,,
air defenses,,,n. 防空,,,,,0,0,0:air defense/1:s,,
air deficiency,,,【化学】空气不足,,,,,0,0,,,
air deflection,,,[机] 空气偏转,,,,,0,0,,,
air deflection vane,,,导风板,,,,,0,0,,,
air deflector,,,空气偏导器,,,,,0,0,,,
air defrosting,,,"空气除霜, 空气[中]解冻",,,,,0,0,,,
air dehumidification,,,[化] 空气减湿,,,,,0,0,,,
air dehumidifier,,,空气去湿器,,,,,0,0,,,
air dehumidifying,,,[化] 空气减湿,,,,,0,0,,,
air dehydration,,,"风干,空气脱水",,,,,0,0,,,
air delay valve,,,给气滞后阀,,,,,0,0,,,
air delivered anti-pollution transfer system,,,防油污空投转移系统,,,,,0,0,,,
air delivered antipollution transter system,,,海面防油污转移系统,,,,,0,0,,,
air delivery,,,空投,,,,,0,0,,,
air delivery duct,,,送风道,,,,,0,0,,,
air delivery equipment,,,[网络] 空投设备,,,,,0,0,,,
air delivery pipe,,,"空气输送管,排气管",,,,,0,0,,,
air delops,,,空补作业,,,,,0,0,,,
air demand,,,供气量,,,,,0,0,,,
air density,,,[医] 空气密度,,,,,0,0,,,
air density correction factor,,,空气密度校正因数,,,,,0,0,,,
air density error,,,空气密度误差,,,,,0,0,,,
air dent method,,,[医] 锉牙法,,,,,0,0,,,
air deodorization,,,[环境] 空气除臭,,,,,0,0,,,
air depolarized battery,,,空气去极化电池(组),,,,,0,0,,,
air depolarized cell,,,n. 空气无极电池,,,,,0,0,,,
air depolarizing cell,,,空气去极化[去磁]电池,,,,,0,0,,,
air deposited clay,,,风积粘土,,,,,0,0,,,
air depot,,,飞机维修站,,,,,0,0,,,
air despatcher,,,空投员,,,,,0,0,,,
air detection,,,n. 空中侦察,,,,,0,0,,,
air dew point,,,空气露点,,,,,0,0,,,
air dielectric,,,气介质,,,,,0,0,,,
air dielectric capacitor,,,空气(介质)电容器,,,,,0,0,,,
air dielectric coaxial cable,,,空气绝缘同轴电缆,,,,,0,0,,,
air diffuser,,,空气扩散器,,,,,0,0,,,
air diffuser disc,,,[网络] 空气扩散盘,,,,,0,0,,,
air diffusion,,,[物] 空气扩散,,,,,0,0,,,
air diffusion aerator,,,[化] 空气扩散式曝气装置,,,,,0,0,,,
air diffusion formula,,,[物] 空气扩散公式,,,,,0,0,,,
air direction finder,,,空中定向器,,,,,0,0,,,
air director,,,"空气引导器,空气控制器",,,,,0,0,,,
air disaster,eə(r) diˈzɑ:stə,, [法]空难,,,,,0,0,,,
air disc brake,,,气压盘式制动器,,,,,0,0,,,
air dischare cock,,,放气开关,,,,,0,0,,,
air discharge,,,排气,,,,,0,0,,,
air discharge cock,,,[化] 排气旋塞; 气栓,,,,,0,0,,,
air discharge duct,,,[机] 排气槽,,,,,0,0,,,
air discharge equipment,,,排气设备,,,,,0,0,,,
air discharge orifice,,,空气排放孔口,,,,,0,0,,,
air discharge outlet,,,空气放出口,,,,,0,0,,,
air discharge purification system,,,排气净化系统，空气过泸系统,,,,,0,0,,,
air discipline,,,空中纪律,,,,,0,0,,,
air dishcarge,,,[机] 排气,,,,,0,0,,,
air disinfection,,,[环境] 空气杀菌,,,,,0,0,,,
air disk,,,气门,,,,,0,0,,,
air displacement,,,[机] 排气量,,,,,0,0,,,
air displacement pump,,,气排代泵,,,,,0,0,,,
air displacement system,,,排气系统,,,,,0,0,,,
air display,,,un. 空中表演\n[网络] 无线显示器；无限显示器；变成显示器,,,,,0,0,,,
air disposal,,,空气处理,,,,,0,0,,,
air distillation,,,[化] (石油产品)常压蒸馏,,,,,0,0,,,
air distribution,,,风量按需分配,,,,,0,0,,,
air distribution board,,,空气配气台,,,,,0,0,,,
air distribution gear,er ˌdɪstrəˈbjuʃən ɡɪr,, 分气机构,,,,,0,0,,,
air distribution plate,,,气分布板,,,,,0,0,,,
air distribution system,,,空气分配系统,,,,,0,0,,,
air distributor,,,[化] 空气分布器; 空气分配器,,,,,0,0,,,
air distributor cam,,,[网络] 空气分配器凸轮,,,,,0,0,,,
air diving,,,空气潜水,,,,,0,0,,,
air division,,, 空军师，航空兵师,,,,,0,0,s:air divisions,,
air divisions,,,[美国英语]【美国空军】(通常由两个或更多航空联队组成的)空军师,,,,,0,0,0:air division/1:s,,
air doctor,,,"气刀,空气刮刀",,,,,0,0,,,
air doctor blade,,,气体刮墨刀,,,,,0,0,,,
air domain,,,[法] 领空,,,,,0,0,,,
air dome,,,[机] 气室,,,,,0,0,,,
air dome of pump,,,泵的气室,,,,,0,0,,,
air dono,,,[机] 空气包,,,,,0,0,,,
air door,,,[化] 气门,,,,,0,0,,,
air door operation,,,气门操作,,,,,0,0,,,
air dose,,,[医] 空气量(X线或γ线),,,,,0,0,,,
air douche,,,[医] 空气冲洗,,,,,0,0,,,
air dox,,,高压空气炸煤法 ; 压气炸煤筒,,,,,0,0,,,
air draft,,,[机] 抽风,,,,,0,0,,,
air drag,,,空气阻力;空气阻滞作用,,,,,0,0,,,
air drag perturbation,,,大气阻力摄动,,,,,0,0,,,
air drag tachometer,,,气阻式转数计,,,,,0,0,,,
air drain,,,"气门,气道",,,,,0,0,,,
air drainage,,,空气流泄,,,,,0,0,,,
air drainge,,,排气,,,,,0,0,,,
air draught,,,空气气流;空气通风;通风,,,,,0,0,,,
air draw,,,气枕压延,,,,,0,0,,,
air drawing,,,[机] 吸气,,,,,0,0,,,
air dreadnought,,,大型飞船,,,,,0,0,,,
air dressing,,,[医] 开放敷裹,,,,,0,0,,,
air dribble,,,空中运球(以一次为限),,,,,0,0,,,
air dried,,,[化] 风干了的; 晾干的,,,,,0,0,,,
air dried basis,,,[机] 风干基,,,,,0,0,,,
air dried brick,,,"[机] 风干砖, 砖坯",,,,,0,0,,,
air dried coal,,,[机] 风干煤,,,,,0,0,,,
air dried coil varnish,,,自干绕组清漆;自干线圈清漆,,,,,0,0,,,
air dried condition,,,气干状态,,,,,0,0,,,
air dried malt,,,气干麦芽,,,,,0,0,,,
air dried size,,,[机] 风干尺寸,,,,,0,0,,,
air dried strength,,,风干强度,,,,,0,0,,,
air dried timber,,,风干木材,,,,,0,0,,,
air dried wood,,,风干木材,,,,,0,0,,,
air drier,,,[计] 空气干燥器\n[化] 空气干燥器,,,,,0,0,,,
Air Driers,,,[网络] 干燥器；手烘器,,,,,0,0,,,
air drift,,,[机] 鼓风机风道,,,,,0,0,,,
air drifter,,,架式风钻;架式凿岩机,,,,,0,0,,,
air drill,, A drill driven by the elastic pressure of condensed air; a\n   pneumatic drill.,[机] 气钻,,,,,0,0,,,
air drilling,,,空气钻井,,,,,0,0,,,
air drills,,,[网络] 气动钻；气钻；气流播种机,,,,,0,0,,,
air drive,,,压气传动,,,,,0,0,,,
air drive pump,,,[化] 空气传动泵,,,,,0,0,,,
air driven,,,压气传动,,,,,0,0,,,
air driven generator,,,un. 风动发电机\n[网络] 有呀缩空气推动的发电机,,,,,0,0,,,
air driven gyroscope,,,[网络] 气动陀螺仪,,,,,0,0,,,
air driven hammer,,,气动鎚,,,,,0,0,,,
air driven hammer drill,,,un. 风动气锤钻\n[网络] 气动冲击钻机,,,,,0,0,,,
air driven hydraulic jack,,,un. 风动油压千斤顶\n[网络] 风动液压千斤顶,,,,,0,0,,,
air driven hydraulic tube cleaner,,,un. 风动管子清洁机,,,,,0,0,,,
air driven mine car loader,eə(r) ˈdrɪvən main kɑ: ˈləudə,, 风动矿车装载机,,,,,0,0,,,
air driven pulsating jig,,,[网络] 气动跳汰机,,,,,0,0,,,
air driven pump,,,风动泵,,,,,0,0,,,
air driven stirrer,,,气动搅拌器,,,,,0,0,,,
air driver,,,动传动装置,,,,,0,0,,,
air drome,,,飞机场,,,,,0,0,,,
air drop,,,n. 空投,,,,,0,0,,,
air drop hammer,,,气锤;蒸汽重力落锤,,,,,0,0,,,
air drum,,,[化] 空气罐,,,,,0,0,,,
air drum hanger,,,气桶吊架,,,,,0,0,,,
air dry,,,[化] 风干; 气干,,,,,0,0,,,
air dry basis,,,风干基础,,,,,0,0,,,
air dry cell,,,空气干电池,,,,,0,0,,,
air dry cocoon,,,风干茧，晾干茧,,,,,0,0,,,
air dry fiber,,,[机] 风干纤维,,,,,0,0,,,
air dry fibre,,,风干纤维,,,,,0,0,,,
air dry matter,,,风干物质,,,,,0,0,,,
air dry sample,eə(r) drai ˈsɑ:mpl,, 风干样品,,,,,0,0,,,
air dry varnish,,,风干漆,,,,,0,0,,,
air dry weight,eə(r) drai weit,, 风干重,,,,,0,0,,,
air dryer,,,[化] 空气干燥器,,,,,0,0,,,
air drying,,,[化] 风干,,,,,0,0,,,
air drying chamber,,,[网络] 空气干燥室,,,,,0,0,,,
air drying condition,,,[木] 风干条件,,,,,0,0,,,
air drying floor,,,空气干燥床,,,,,0,0,,,
air drying machine,,,空气干燥机,,,,,0,0,,,
air drying neoprene sealant,,,风干氯丁橡胶嵌缝膏,,,,,0,0,,,
air drying plant,,,空气干燥机,,,,,0,0,,,
air drying sealant,,,风干嵌缝膏,,,,,0,0,,,
air drying seasoning,,,气干,,,,,0,0,,,
air drying sizing machine,,,空气干燥浆纱机,,,,,0,0,,,
air drying system,,,un. 空气干澡系统；空气干燥系统,,,,,0,0,,,
air drying tower,,,空气干燥塔,,,,,0,0,,,
air drying varnish,,,气干清漆;自干清漆,,,,,0,0,,,
air du temps,,,[网络] 时代风度,,,,,0,0,,,
air duct,,,[计] 风道\n[化] 空气管; 风管; 导风筒; 风道,,,,,0,0,s:air ducts,,
air duct deck,,,[船] 气道甲板,,,,,0,0,,,
air duct design,,,风道设计,,,,,0,0,,,
air duct installation,,,道安装,,,,,0,0,,,
air duct system,,,风道系统,,,,,0,0,,,
air duct to cylinder,er dʌkt tu ˈsɪləndɚ,, 气缸进气管道,,,,,0,0,,,
air ducting,,,导风装置,,,,,0,0,,,
air ducting system,,,[网络] 气道系统,,,,,0,0,,,
air ducts,,,[网络] 空气导管；通风管道潜行；气缸盖通风管,,,,,0,0,0:air duct/1:s,,
air ductwork,,,风道工程,,,,,0,0,,,
air dump car,,,[机] 气力倾卸车,,,,,0,0,,,
air dunnage bag,,,[法] 空气囊,,,,,0,0,,,
air dust,,,[网络] 导气管；空气尘；空气除尘器,,,,,0,0,,,
air duster,,,吹风拂尘器,,,,,0,0,,,
air duster blow gun,,,吹尘器喷枪,,,,,0,0,,,
air duty mess,,,空勤灶,,,,,0,0,,,
air dynamics,,,[计] 空气动力学,,,,,0,0,,,
air dynamometer,,,空力测功器,,,,,0,0,,,
air earth current,,,地空电流,,,,,0,0,,,
air eddy,,,n. 气流所产生的漩涡,,,,,0,0,,,
air edition,,,航空版(便于航寄的用轻质纸印刷的报刊),,,,,0,0,,,
air education,,,空中教学,,,,,0,0,,,
air ejecting,,,气喷射，抽气,,,,,0,0,,,
air ejecting zone,,,气抽出区,,,,,0,0,,,
air ejection,eə(r) iˈdʒekʃən,, 气力脱模,,,,,0,0,,,
air ejector,,,[化] 空气喷射器,,,,,0,0,,,
air ejector condenser,,,空气射出器凝结器,,,,,0,0,,,
air ejector fan,,,[化] 抽气风扇; 排风风扇,,,,,0,0,,,
air ejector for starting,,,起动弹射器,,,,,0,0,,,
air ejector line,,,空气射出器管线,,,,,0,0,,,
air ejector off-gas system,,,空气射出器排气系统,,,,,0,0,,,
air ejector suction valve,,,空气射出器气阀,,,,,0,0,,,
air electrode,eə(r) ɪˈlekˌtrəʊd,, [医]空气电极,,,,,0,0,,,
air elevator,,,气动升运器[升降机],,,,,0,0,,,
air elimination,,,去气,,,,,0,0,,,
air eliminator,,,去气器,,,,,0,0,,,
air elutriation,,,[化] 空气淘析,,,,,0,0,,,
air elutriation apparatus,,,"空气淘洗[淘析,净化]装置",,,,,0,0,,,
air elutriator,,,[机] 风力分析机,,,,,0,0,,,
air embolism,,,[医] 气泡栓塞,,,,,0,0,s:air embolisms,,
air embolism of lung,,,肺空气栓塞,,,,,0,0,,,
air embolisms,,,[美国英语]【病理学】减压液，气(泡)栓(塞)( = aeroembolism),,,,,0,0,0:air embolism/1:s,,
air embolus,,,"[医] 气栓, 空气栓子",,,,,0,0,,,
air end,,,通风口,,,,,0,0,,,
air ends,,,窗，通风口,,,,,0,0,,,
air endway,,,副回风煤巷,,,,,0,0,,,
air enema,,,空气灌肠,,,,,0,0,,,
air engine,, An engine driven by heated or by compressed air.,"[机] 空气机, 空气引擎",,,,,0,0,,,
air engineer,,,空中技师，飞行技师,,,,,0,0,,,
air engineering,,,[航] 航空工程,,,,,0,0,,,
air enrichment,,,un. 富氧鼓风\n[网络] 富氧燃烧,,,,,0,0,,,
air enrty,,,吸气口,,,,,0,0,,,
air entangled yarn,,,喷气缠结纱,,,,,0,0,,,
air enthalpy,,,[热] 空气焓值,,,,,0,0,,,
air entrained agent,,,稳沫剂,,,,,0,0,,,
air entrained cement,,,气水泥,,,,,0,0,,,
air entrained concrete,,,输气混凝土；伴沫混凝土,,,,,0,0,,,
air entrained mortar,,,加气灰浆,,,,,0,0,,,
air entrainer,,,[化] 加气剂,,,,,0,0,,,
air entraining admixture,,,输气搀加物,,,,,0,0,,,
air entraining agent,,,加气剂,,,,,0,0,,,
air entraining cement,,,拌沫水泥,,,,,0,0,,,
air entraining concrete,,,加气混凝土,,,,,0,0,,,
air entraining facilities,,,掺气设施,,,,,0,0,,,
air entrainment,,,"加气处理,掺气;加气剂",,,,,0,0,,,
air entrainment agent,,,蓄气剂（水泥船）,,,,,0,0,,,
air entrapment,,,[化] 滞留空气; 内部气泡,,,,,0,0,,,
air entry,,,"吸气口,空气进口",,,,,0,0,,,
air envelope,,,大气层,,,,,0,0,,,
air environment,,,〉空电设施,,,,,0,0,,,
air epidemiology,,,假设(或假想)的流行病学研究，空中楼阁式流行病研究,,,,,0,0,,,
air equilibrium distillation,,,[化] 常压平衡蒸馏,,,,,0,0,,,
air equivalence,,,空气当量,,,,,0,0,,,
air equivalent,,,空气当量,,,,,0,0,,,
air equivalent ionization chamber,,,空气当量游离腔,,,,,0,0,,,
air equivalent material,,,航空等效材料,,,,,0,0,,,
air escape,,,[化] 放气; 漏气,,,,,0,0,,,
air escape cock,,,[化] 放气开关; 泄气旋塞,,,,,0,0,,,
air escape codk,,,[机] 泄气旋塞,,,,,0,0,,,
air escape main,,,un. 放气总管,,,,,0,0,,,
air escape pipe,,,[网络] 排气管,,,,,0,0,,,
air escape valve,,,泄气阀,,,,,0,0,,,
air esophagogram,,,食管气像，含气食管像,,,,,0,0,,,
air evacuation,eə(r) ɪˌvækju:ˈeɪʃən,, [医]空运后送,,,,,0,0,,,
air evacuation valve,,,[化] 排气阀,,,,,0,0,,,
air evaporation,,,[机] 空气中蒸发,,,,,0,0,,,
air evaporation gum test,,,[机] 空气蒸发测胶试验,,,,,0,0,,,
air evaporation sludge test,,,[机] 空气蒸发测淤渣试验,,,,,0,0,,,
air evaporation valve,,,抽气阀,,,,,0,0,,,
air evaporator,,,气蒸发器,,,,,0,0,,,
air exchange,,,[医] 换气,,,,,0,0,,,
air exchange fan,,,换气扇,,,,,0,0,,,
air exclusion agent,eə(r) ɪkˈsklu:ʒən ˈeidʒənt,, [医]消泡剂，除沫剂,,,,,0,0,,,
air exclusion zone,,,[网络] 航排除区,,,,,0,0,,,
air exhaled,,,浊气,,,,,0,0,,,
air exhaust,,,[医] 空气排除,,,,,0,0,,,
air exhaust fan,,,风机,,,,,0,0,,,
air exhaust hose,,,放气软管,,,,,0,0,,,
air exhaust opening,,,排气口,,,,,0,0,,,
air exhaust system,,,排气系统,,,,,0,0,,,
air exhausted ventilation,,,[网络] 抽出式通风；抽气,,,,,0,0,,,
air exhauster,,,[化] 抽气机,,,,,0,0,,,
air exhausting device,,,排气装置,,,,,0,0,,,
air exhausting duct,,,排风道,,,,,0,0,,,
air exhaustion,,,气极,,,,,0,0,,,
air exit,,,[机] 排气出口,,,,,0,0,,,
air exit hole,,,排气孔,,,,,0,0,,,
air expander,,,[机] 空气膨胀机,,,,,0,0,,,
air expansion,,,[机] 空气膨胀,,,,,0,0,,,
air expansion lightning arrester,,,气膨避雷器,,,,,0,0,,,
air expeditionary force,,,空军远征军,,,,,0,0,,,
air expeditionary wing,,,空中远征大队,,,,,0,0,,,
air explosion,,,空中爆炸,,,,,0,0,,,
air exposure,,,【放射学】空气照射,,,,,0,0,,,
air express,,,航空快邮,,,,,0,0,,,
air express international,,,国际航空快邮,,,,,0,0,,,
air extract,,,[网络] 抽气,,,,,0,0,,,
air extracter,,,[机] 抽气器,,,,,0,0,,,
air extracting,,,[网络] 抽气,,,,,0,0,,,
air extracting pump,,,[机] 抽气泵,,,,,0,0,,,
air extracting seal,,,抽气密封,,,,,0,0,,,
air extraction,,, 抽气,,,,,0,0,,,
air extraction main,,,抽气总管道,,,,,0,0,,,
air extraction system,,,抽空气系统；抽气系统,,,,,0,0,,,
air extractor,,,[化] 抽气机,,,,,0,0,,,
air extrator,,,[机] 抽气装置,,,,,0,0,,,
air facility,,,[网络] 航空设施,,,,,0,0,,,
air factor,,,空气过剩系数,,,,,0,0,,,
air failure,,,气源故障,,,,,0,0,,,
air false,,,漏气,,,,,0,0,,,
air fan,,,[机] 风扇,,,,,0,0,,,
air fancet,,,气嘴,,,,,0,0,,,
Air Farce,,"This is the branch of military which was established September 18, 1947. Known also as the ""Chair Force"" it's members realize after serving time in it that it wasn't what the recruiter told them it was.  A ""Farce"" !\n> From - ""Born on the 4th Of July"" Recruiting Gunnery Sgt Hayes (Tom Berenger) ""You've got the Army, You've got the Navy, You have your Air farce""\n",,,,,,0,0,,,
Air Farces,,"This is the branch of military which was established September 18, 1947. Known also as the ""Chair Force"" it's members realize after serving time in it that it wasn't what the recruiter told them it was.  A ""Farce"" !\n> From - ""Born on the 4th Of July"" Recruiting Gunnery Sgt Hayes (Tom Berenger) ""You've got the Army, You've got the Navy, You have your Air farce""\n",,,,,,0,0,,,
air fare,,,"飞机票价,机票",,,,,0,0,,,
air fares,,,[网络] 航空票价；机票票价；机票价格,,,,,0,0,,,
air faucet,,,[机] 气嘴,,,,,0,0,,,
air fed foil,,,[网络] 有送风装置的水翼,,,,,0,0,,,
air feed,,,供气;风力牵引;风力推进,,,,,0,0,,,
air feed pump,,,[化] 供气泵,,,,,0,0,,,
air feed stoper,,,压风推进的伸缩式凿岩机,,,,,0,0,,,
air feeder,,,"送风机,空气供给装置;进气管",,,,,0,0,,,
air felting,,,[木 机] 气流成型,,,,,0,0,,,
air ferry,,,(两地之间的)客货空运(网)，空中渡运；空中渡运飞机,,,,,0,0,,,
air field dump,,,[机] 飞机场燃料堆栈,,,,,0,0,,,
air field equation,,,气隙磁场方程,,,,,0,0,,,
air fight,,,n. 空战,,,,,0,0,,,
air fighter,,,un. 空战参加者\n[网络] 空战部队,,,,,0,0,,,
air filled cavity,,,[网络] 空气泡,,,,,0,0,,,
air filled thermocouple,,,充气热电偶,,,,,0,0,,,
air filltration,,,[机] 空气过滤,,,,,0,0,,,
air film,,,[机] 空气膜,,,,,0,0,,,
air film conveyer,,,气垫式输送机,,,,,0,0,,,
air film conveyor,,,空气膜输送器,,,,,0,0,,,
air film cooling,,,膜冷却,,,,,0,0,,,
air film cooling blade,,,[网络] 气膜冷却片,,,,,0,0,,,
air film table,,,[机] 空气膜工作台,,,,,0,0,,,
air filter,,,[计] 空气过滤器\n[化] 空气过滤器,,,,,0,0,s:air filters,,
air filter apparatus,,,气过滤装置,,,,,0,0,,,
air filter cleaner,,,"滤洗空气装置,空气滤洗器",,,,,0,0,,,
air filter cover,,,滤气器盖,,,,,0,0,,,
air filter material,,,空气滤清材料,,,,,0,0,,,
air filter oil,,,空气过滤器用油,,,,,0,0,,,
air filter regulator,,,空气过滤调节器,,,,,0,0,,,
air filter silencer,,,空气滤清器消声器,,,,,0,0,,,
air filter storage system,,,[环境] 空气滤清器贮存装置,,,,,0,0,,,
air filtering,,,[建] 空气过滤,,,,,0,0,,,
air filters,,,un. 空气过滤器\n[网络] 空气濾清器；空滤器；压缩空气过滤器,,,,,0,0,0:air filter/1:s,,
air filtration,eə(r) filˈtreiʃən,, 空气过滤,,,,,0,0,,,
air filtration plant,,,空气滤清装置,,,,,0,0,,,
air filtration system,,,排气净化系统，空气过泸系统,,,,,0,0,,,
air filtration unit,,,空气过滤装置,,,,,0,0,,,
air fin cooler,,,空气散热叶片冷却器;翅片管空气冷却器,,,,,0,0,,,
air fitter,,,空气过泸器,,,,,0,0,,,
air fixed capacitor,,,固定空气电容器,,,,,0,0,,,
air flap,,,"鱼鳞片,风门片",,,,,0,0,,,
air flashover,,,气中闪络,,,,,0,0,,,
air flask,,,空气瓶,,,,,0,0,,,
air fleet,,,"n. 机群,航空机队",,,,,0,0,,,
air flight,,,"气空飞行;大气飞行, 空中飞行，大气飞行",,,,,0,0,,,
air float,,,"气垫,气托",,,,,0,0,,,
air float conveyer,,,风动输送机,,,,,0,0,,,
air floatation classifier,,,力浮选分离器,,,,,0,0,,,
air floatation correction coefficient,,,空气浮力修正系 数,,,,,0,0,,,
air floatation table,,,[化] 风选台,,,,,0,0,,,
air floated,,,风分选的,,,,,0,0,,,
air floated magnetic head,,,空气浮动磁头,,,,,0,0,,,
air floated powder,,,风簸粉,,,,,0,0,,,
air floating head,,,气浮头,,,,,0,0,,,
air flora,,,空气微生物区系,,,,,0,0,,,
air flotation,,,气浮选,,,,,0,0,,,
air flow,,,[计] 气流,,,,,0,0,s:air flows,,
air flow control,,,气流量调节,,,,,0,0,,,
air flow control system,,,空气流量控制系统,,,,,0,0,,,
air flow controller,,,气流量调节器,,,,,0,0,,,
air flow cooled compressor,,,[网络] 气冷式压缩机,,,,,0,0,,,
air flow differential,,,气压降，空气流压差；空气流动压差；气流阻力,,,,,0,0,,,
air flow distribution,,,气流分布,,,,,0,0,,,
air flow dryer,,,气流式烘干机,,,,,0,0,,,
air flow drying mahcine,,,气流式烘干机,,,,,0,0,,,
air flow line,,,[网络] 气流方向,,,,,0,0,,,
air flow meter,,,[机] 风量计,,,,,0,0,,,
air flow noise,,,流噪声,,,,,0,0,,,
air flow over blade,,,片绕流,,,,,0,0,,,
air flow pipe,,,[网络] 通气管,,,,,0,0,,,
air flow proving switch,,,火焰监测系统)空气流量开关,,,,,0,0,,,
air flow rate,,,[计] 空气流量; 风量,,,,,0,0,,,
air flow regulating damper,,,流调节风门,,,,,0,0,,,
air flow relay,,,[铁路 电] 风速继电器,,,,,0,0,,,
air flow sensor,,,[机] 空气流量感知器,,,,,0,0,,,
air flow separation,,,流分离,,,,,0,0,,,
air flow structure,er flo ˈstrʌktʃɚ,, 气流结构,,,,,0,0,,,
air flow system,,,[机] 风速装置,,,,,0,0,,,
air flow type ink-jet printing head,,,气流型墨喷印刷头,,,,,0,0,,,
air flowmeter,,,空气流量计,,,,,0,0,,,
air flows,,,[网络] 空气流,,,,,0,0,0:air flow/1:s,,
air flue,,,[化] 风道; 烟道,,,,,0,0,,,
air fluidized bed,,,气垫床,,,,,0,0,,,
air flush,,,[地质] 压气吹洗,,,,,0,0,,,
air flux,,,气通量,,,,,0,0,,,
air foam,,,空气泡沫(灭火用),,,,,0,0,,,
air foam fire extinguishing system,,,[网络] 空气泡沫灭火系统,,,,,0,0,,,
air foam nozzle,,,[网络] 空气泡沫喷嘴；空气泡沫枪,,,,,0,0,,,
air foam rubber,,,泡沫橡胶,,,,,0,0,,,
air foam system,,,[网络] 空气泡沫系统；泡沫消防系统,,,,,0,0,,,
air foam systems,,,空气泡沫灭火系统,,,,,0,0,,,
air fog signal,,,空中雾号,,,,,0,0,,,
air foil,,,[化] 空气动力面; 翼片; 翼面,,,,,0,0,,,
air foil dryer,,,气翼箱式热风干燥装置,,,,,0,0,,,
air foil profile,,,[网络] 水翼型,,,,,0,0,,,
air force,,,"空军, 美国航空队",,3,,,0,0,s:air forces,,
air force academies,,,(美国)空军学院(坐落在科罗拉多斯普林斯),,,,,0,0,0:air force academy/1:s,,
air force academy,eə(r) fɔ:s əˈkædəmi,, <美>空军军官学校,,,,,0,0,s:air force academies,,
Air Force Act,,,空军法,,,,,0,0,,,
air force aero propulsion laboratory,,,空军空气推进实验室,,,,,0,0,,,
air force association,,,空军协会,,,,,0,0,,,
air force base,eə(r) fɔ:s beis,, 空军基地,,,,,0,0,,,
air force base (afb),,,空军基地,,,,,0,0,,,
Air Force blue,,,空军蓝；中等蓝色(美国空军标准制服颜色)；中等灰蓝色(英国皇家空军制服颜色),,,,,0,0,,,
air force cadet screening test,,,空军飞行生甄选测试,,,,,0,0,,,
air force cadet screening test (afcst),,,空军飞行生甄选测试,,,,,0,0,,,
air force coding system,,,[计] 空军编码系统,,,,,0,0,,,
air force communication service,,,空军通信局,,,,,0,0,,,
air force communication station,,,空军通信站,,,,,0,0,,,
air force communication system,,,[计] 空军通信系统,,,,,0,0,,,
air force communications system,,,空军通信系统,,,,,0,0,,,
Air Force Component Headquarters,,,空军部队司令部,,,,,0,0,,,
Air Force Cross,,,[美国英语](为表彰美国空军人员作战英勇而颁发的)空军十字章,,,,,0,0,,,
air force cryptographic code system,,,空军密码系统,,,,,0,0,,,
air force engineering,,,[军] 空军工程,,,,,0,0,,,
air force extension course institute,,,空军推广课程研究所,,,,,0,0,,,
air force i.,,,艾尔福斯岛,,,,,0,0,,,
Air Force Intelligence Surveillance and Reconnaissance,,,[网络] 空军情报监视与侦察,,,,,0,0,s:air force intelligence surveillance and reconnaissances,,
air force intelligence surveillance and reconnaissances,,,[网络] 空军情报监视与侦察\n(air force intelligence surveillance and reconnaissance 的复数),,,,,0,0,0:air force intelligence surveillance and reconnaissance/1:s,,
Air Force ISR,,,[网络] 侦查剖析部,,,,,0,0,s:air force isrs,,
air force isrs,,,[网络] 侦查剖析部\n(air force isr 的复数),,,,,0,0,0:air force isr/1:s,,
air force material laboratory,,,空军材料实验室,,,,,0,0,,,
air force medicine,,,[特医] 空军医学,,,,,0,0,,,
air force navy aeronautical design standards,,,〈美〉空军海军航空设计标准,,,,,0,0,,,
air force officer,,,un. 空军军官\n[网络] 空军干部,,,,,0,0,s:air force officers,,
air force officer qualification test,,,空军军官资格考试,,,,,0,0,,,
air force officer qualification test (afoqt),,,空军军官资格考试,,,,,0,0,,,
air force officers,,,[网络] 空军军官,,,,,0,0,0:air force officer/1:s,,
Air Force One,,,n. 空军一号（美国总统的专用座机）\n[网络] 美国空军一号；总统专机空军一号；空军一号专机,,,,,0,0,,,
air force radio station,,,空军无线电台,,,,,0,0,,,
air force research laboratories,,,[网络] 美国空军研究实验室；这项技术由空军研究所；美国空军实验室\n(air force research laboratory 的复数),,,,,0,0,0:air force research laboratory/1:s,,
Air Force Research Laboratory,,,[网络] 美国空军研究实验室；这项技术由空军研究所；美国空军实验室,,,,,0,0,s:air force research laboratories,,
air force rocket propulsion laboratory,,,空军火箭推进实验室,,,,,0,0,,,
air force satellite communications system,,,[美国]空军卫星通讯系统[略作 AFSATCOM],,,,,0,0,,,
Air Force Space Command,,,[网络] 美国空军太空司令部；空军航天司令部；空军航天司令部司令,,,,,0,0,s:air force space commands,,
air force space commands,,,[网络] 美国空军太空司令部；空军航天司令部；空军航天司令部司令\n(air force space command 的复数),,,,,0,0,0:air force space command/1:s,,
Air Force Special Communications Center,,,空军特别通信中心,,,,,0,0,,,
Air Force special operations base,,,[网络] 空军特种作战基地,,,,,0,0,,,
Air Force special operations component,,,空军特种作战部队,,,,,0,0,,,
Air Force special operations detachment,,,空军特种作战分遣队,,,,,0,0,,,
Air Force special operations element,,,空军特种作战分队,,,,,0,0,,,
air force technical order,,,[军] 空军技术规范,,,,,0,0,,,
air force-navy,,,[网络] 海空军；空军-海军,,,,,0,0,,,
air forces,,,na. 空军\n[网络] 航空军,,,,,0,0,0:air force/1:s,,
air fork,,,气动拨叉,,,,,0,0,,,
air fountain,,,"喷气嘴,喷气器,气泉",,,,,0,0,,,
air fountains,,,气泉,,,,,0,0,,,
air frame,,,[机] 机体,,,,,0,0,,,
air frame opening seal,,,飞机舱口密封胶,,,,,0,0,,,
Air France,,,法国航空公司,,,,,0,0,,,
air free,,,"[机] 无气的, 没有空气的",,,,,0,0,,,
air freezer,,,气冷冻装置,,,,,0,0,,,
air freezing,,,"空气冻结,静置冻结",,,,,0,0,,,
air freezing-index,,,空气结冰指数,,,,,0,0,,,
air freight,,,[经] 航空运费(水脚)航空运输,,,,,0,0,,,
air freight activity,,,un. 货物空运,,,,,0,0,,,
air freight bill,,, 空运提单,,,,,0,0,,,
air freight container,,,空运集装箱,,,,,0,0,,,
air freight costs,,,空运成本,,,,,0,0,,,
air freight forwarder,,,[经] 空运发运业者,,,,,0,0,,,
air freight list,,,空运物资清单,,,,,0,0,,,
air freight note,,,空运提单，航空运货单,,,,,0,0,,,
air freight service,,,un. 航空货运\n[网络] 空运服务；航空运输；空运业务,,,,,0,0,,,
air freighter,,,[机] 货运飞机,,,,,0,0,,,
air freighting,,,空中货运,,,,,0,0,,,
air freshener,eə(r) ˈfreʃənə,,n. 空气清新剂,,,,,0,0,,,
air fresheners,,,[网络] 空气清新剂；空气清净剂；空气清洁剂,,,,,0,0,,,
air friction,,,[机] 空气摩擦,,,,,0,0,,,
air friction clutch,,,[机] 空气摩擦离合器,,,,,0,0,,,
air friction dynamometer,,,空气摩擦测力计,,,,,0,0,,,
air friction loss,,,空气摩擦损失,,,,,0,0,,,
air frictionn tachometer,,,[网络] 摩擦式转速表,,,,,0,0,,,
air frost,,,气霜,,,,,0,0,,,
air froth equipment,,,空气泡沫设备,,,,,0,0,,,
Air Fuel,,,空气燃料\n[航] 航空燃料,,,,,0,0,,,
air fuel mixture,,,[机] 空气燃料混合物,,,,,0,0,,,
air fuel ratio,,,[机] 混合比,,,,,0,0,,,
air fuel ratio control,,,空气燃料比控制,,,,,0,0,,,
air funnel,,,[机] 通风筒,,,,,0,0,,,
air funtain,,,喷气器,,,,,0,0,,,
air furnace,,,[机] 反射炉,,,,,0,0,,,
air ga(u)ge,,,[物] 空气压力表,,,,,0,0,,,
air gage,,,压计,,,,,0,0,,,
air gage fitting,,,风表管接,,,,,0,0,,,
Air Gait,,,【曲棍网球】盖式空中跳跃投球(跃入空中的攻球姿势),,,,,0,0,,,
air gallery,,,[机] 通风孔,,,,,0,0,,,
air gap,,,[计] 气隙,,,,,0,0,,,
air gap area,,,隙面积,,,,,0,0,,,
air gap arrester,,,空气间隙避雷器,,,,,0,0,,,
air gap asymmetry protection,,,隙不对称保护装置,,,,,0,0,,,
air gap barrier,,,隙隔板,,,,,0,0,,,
air gap characteristic,,,隙特性曲线,,,,,0,0,,,
air gap clearance,,,隙长度，气隙间隙,,,,,0,0,,,
air gap commutator,,,气隙整流子,,,,,0,0,,,
air gap diaphragm,,,气隙隔板,,,,,0,0,,,
air gap field,eə(r) ɡæp fi:ld,, 气隙磁场,,,,,0,0,,,
air gap flux,,,气隙磁通,,,,,0,0,,,
air gap flux density,,,气隙磁通密度,,,,,0,0,,,
air gap flux distribution,,,空气隙磁通分布,,,,,0,0,,,
air gap gauge,,,气隙量规,,,,,0,0,,,
air gap heating capacitor,,,气隙加热电容器,,,,,0,0,,,
air gap inductance,,,气隙电感线圈,,,,,0,0,,,
air gap leakage,,,气隙漏泄,,,,,0,0,,,
air gap lightning arrester,,,气隙避雷器,,,,,0,0,,,
air gap magnetic flux,,,气隙磁通,,,,,0,0,,,
air gap reluctance,,,气隙磁阻,,,,,0,0,,,
air gap solenoid,,,气隙式电磁线圈,,,,,0,0,,,
air gap surge protector,,,空气间隙浪涌保 护器,,,,,0,0,,,
air gap torque motor,,,un. 干式力矩马达\n[网络] 干式力矩马达液,,,,,0,0,,,
air gap transformator,,,气隙变压器,,,,,0,0,,,
air gapping,,,[电] 气隙,,,,,0,0,,,
air gaps,,,[网络] 机密数据建立了气隙；实体隔离或气隙；空气间,,,,,0,0,,,
air gas,, See under Gas.,[化] 风煤气(含空气的煤气),,,,,0,0,,,
air gas attack,,,[机] 毒气空袭,,,,,0,0,,,
air gas furnace,,,煤气炉,,,,,0,0,,,
air gasification,,,空气气化，氧气气化,,,,,0,0,,,
air gate,,,[机] 气门,,,,,0,0,,,
air gate bearing door,,,[机] 调风器,,,,,0,0,,,
air gauge,,,[机] 气冷却式凝结器,,,,,0,0,,,
air gauging,,,气测量,,,,,0,0,,,
air generation plants,,,[化] 空气动力装置,,,,,0,0,,,
air glow,'eəgləʊ,,n. 大气光,,,,,0,0,,,
air gouging,,,气刨,,,,,0,0,,,
air governor,,,[机] 空气调速器,,,,,0,0,,,
air governor adjusting screw,,,un. 空气调节器调节螺钉,,,,,0,0,,,
air grain,,,气眼,,,,,0,0,,,
air grate,,,通风花格,,,,,0,0,,,
air grating,,,[机] 通风格,,,,,0,0,,,
air grid,,,通气格栅,,,,,0,0,,,
air grill,,,空气格栅,,,,,0,0,,,
air grille,,,叶风口，格栅风口,,,,,0,0,,,
air grinder,,,[机] 气动磨轮,,,,,0,0,,,
air grommet washer,,,空气密封垫圈,,,,,0,0,,,
air ground,,,[军] 陆空的,,,,,0,0,,,
air group,,, [美国空军](介于联队与中队间的)空军大队,,,,,0,0,s:air groups,,
air groups,,,【美国空军】(介于联队与中队间的)空军大队,,,,,0,0,0:air group/1:s,,
air guide,,,导流构件,,,,,0,0,,,
air guide ring,,,气导流环,,,,,0,0,,,
air guide section,,,(发动机)导气段,,,,,0,0,,,
air guide sleeve,,,导流罩,,,,,0,0,,,
air guitar,,, 虚拟吉他（尤指听摇滚乐时佯装弹吉他的动作）,,,,,0,0,,,
air guitared,,,(伴随节拍弹奏的想像中的)空气吉他，无形吉他，幻想吉他,,,,,0,0,,,
air guitaring,,,(伴随节拍弹奏的想像中的)空气吉他，无形吉他，幻想吉他,,,,,0,0,,,
air guitarist,,,[网络] 空气吉他手,,,,,0,0,,,
air guitarists,,,[网络] 空气吉他手,,,,,0,0,,,
air guitars,,,(伴随节拍弹奏的想像中的)空气吉他，无形吉他，幻想吉他,,,,,0,0,,,
air gun,," A kind of gun in which the elastic force of condensed air is\n   used to discharge the ball. The air is powerfully compressed into a\n   reservoir attached to the gun, by a condensing pump, and is controlled\n   by a valve actuated by the trigger.",气枪\n[机] 气枪,,,,,0,0,s:air guns,,
air gun array,,,气枪组合,,,,,0,0,,,
air gun configuration,,,气枪组合方式,,,,,0,0,,,
air gun controller,,,气枪控制器,,,,,0,0,,,
air gun pattern,,,气枪组合型式,,,,,0,0,,,
air gun pressure,,,气枪压力,,,,,0,0,,,
air gun source,,,气枪震源,,,,,0,0,,,
"air gun,airgun",'εəɡʌn,,n. 气枪(气手枪，气步枪)；气笔;喷枪(= airbrush)；气锤( = air hammer) 3.压缩气喷枪;水脉冲喷枪 (=Aquapulse gun),,,,,0,0,,,
air gunner,,,[网络] 空中射手；空中射击员；气枪手,,,,,0,0,,,
air guns,,,na. 气枪\n[网络] 高级气枪；吹尘两用枪；吹尘枪,,,,,0,0,0:air gun/1:s,,
air gyro,,,气动陀螺,,,,,0,0,,,
air gyroscope,,,气动陀螺,,,,,0,0,,,
air hall,,,[英国英语](尤指覆盖网球场、室外游泳池等运动场地用的)折叠式塑料大篷顶，气拱顶，气厅，充气大厅[参较 air structure， bubble],,,,,0,0,,,
air hammer,,,[化] 气锤; 空气锤\n[医] 气锤,,,,,0,0,s:air hammers,,
air hammer drill,,,凿岩机,,,,,0,0,,,
air hammers,,,[亦作 air gun](铆接用的)气锤；(尤指凿路面用的)风钻,,,,,0,0,0:air hammer/1:s,,
air hand grinder,,,风动手提砂轮机,,,,,0,0,,,
air handling,,,空气调节[控制],,,,,0,0,,,
air handling capacity,,,气调节能力,,,,,0,0,,,
air handling conditioning of air,,,空气调节,,,,,0,0,,,
air handling device,,,空气处理设施,,,,,0,0,,,
air handling equipment,,,气调节设备,,,,,0,0,,,
air handling system,,,空气调节系统,,,,,0,0,,,
air handling unit,,,空气调节装置,,,,,0,0,,,
air handling unit room,,,气调节机房,,,,,0,0,,,
air hanky,,"The art of blowing ones nose without the benefit of a tissue, sleeve or napkin.  Just goes from nose to ground.\n> The marathon runner, we shall call him Nelson, used his air hanky to clear his nose so he would not lose valuable time during his run.\n",,,,,,0,0,,,
air harbor,,,[法] 航空港,,,,,0,0,,,
air harbour,,,(水上飞机起落所使用的)航空港,,,,,0,0,,,
air hardened quality,,,[建] 气硬性（质）,,,,,0,0,,,
air hardening,,,[化] 空气淬火,,,,,0,0,,,
air hardening cement,,,气硬水泥,,,,,0,0,,,
air hardening lime,,,气硬石灰;气硬性石灰,,,,,0,0,,,
air hardening refractory cement,,,气硬性耐火胶结材料,,,,,0,0,,,
air hardening steel,,,[机] 风硬钢,,,,,0,0,,,
air hatch,eə(r) hætʃ,, [医]通风口,,,,,0,0,,,
air head,,,"n. 傻瓜,笨蛋",,,,,0,0,,,
air header,,,[化] 空气总管,,,,,0,0,,,
air heading,,,[机] 通风坑,,,,,0,0,,,
air heat exchanger,,,[化] 空气换热器,,,,,0,0,,,
air heat pump,eə(r) hi:t pʌmp,,n. 空气压缩式热泵,,,,,0,0,,,
air heater,,,[化] 空气加热器,,,,,0,0,,,
air heater draft losses,,,气加热流动损失,,,,,0,0,,,
air heater element,,,气预热器元件；空气加热器元件,,,,,0,0,,,
air heater fire,,,气加热器再燃,,,,,0,0,,,
air heater hopper,,,气预热器灰斗；空气加热器灰斗,,,,,0,0,,,
air heater tube,,,女热管,,,,,0,0,,,
"air heater, air-heating system",,,＝ air preheater,,,,,0,0,,,
Air Heaters,,,"air heater, air-heating system\n＝ air preheater",,,,,0,0,,,
air heating,,,热风供暖;空气供暖法,,,,,0,0,,,
air heating apparatus,,,空气加热装置,,,,,0,0,,,
air heating furnace,,,[机] 热风炉,,,,,0,0,,,
air heating installation,,,气暖装置,,,,,0,0,,,
air heating radiator,,,"热风放射器,热气散热器",,,,,0,0,,,
air heating stove,,,热风炉,,,,,0,0,,,
air heating system,,,空气加热系统,,,,,0,0,,,
air heave,,,【地质学】气胀变形,,,,,0,0,,,
air height surveillance radar,,,飞行高度监视雷达,,,,,0,0,,,
air hight equipment,,,气体密封装置,,,,,0,0,,,
air hijackign,,,[法] 空中劫持,,,,,0,0,,,
air hijacking,,,空中劫持,,,,,0,0,,,
air hoar,,,霜凇,,,,,0,0,,,
air hockey,,,[网络] 桌上冰球；空中曲棍球；空气曲棍球,,,,,0,0,,,
air hoist,,,[化] 空气升液器,,,,,0,0,,,
air hold,,,[矿业] 气动抱卡,,,,,0,0,,,
air hold down,,,气顶压,,,,,0,0,,,
air holder,,,"空气收集器,贮气罐",,,,,0,0,,,
air hole,," A hole to admit or discharge air; specifically, a spot in\n   the ice not frozen over.\n A fault in a casting, produced by a bubble of air; a\n   blowhole.","气孔, 河中不冰冻部分\n[机] 气孔",,,,,0,0,s:air holes,,
air hole grate,,,气孔炉蓖,,,,,0,0,,,
air hole storage,,,风穴储藏,,,,,0,0,,,
"air hole, airhole",'εəhəul,,"n. (通)气孔，风眼，风窗；(冰面上不结冰部分形成的)窟窿，(结冰的河、湖中的)不结冰部分；气阱,气穴(= air pocket)",,,,,0,0,,,
air holes,,,un. 通风孔,,,,,0,0,0:air hole/1:s,,
air hood,,,回转式空气余热器)风罩；空气罩，通风罩；气罩,,,,,0,0,,,
air hood collar seal,,,[化] 空气罩密封圈,,,,,0,0,,,
air horn,,,[机] 气笛,,,,,0,0,s:air horns,,
air horns,,,【机械工程】汽笛，空气扬声器；(化油器的)进气喇叭口,,,,,0,0,0:air horn/1:s,,
air horsepower,,,[机] 空气马力,,,,,0,0,,,
air hose,,,[机] 空气软管,,,,,0,0,s:air hoses,,
air hose burst,,,空气软管爆裂,,,,,0,0,,,
air hose coupler,,,软气管联结器,,,,,0,0,,,
air hose coupling,,,"风管连接器,制动软管连接器",,,,,0,0,,,
air hoses,,,空气软管；压气软管；通风软管,,,,,0,0,0:air hose/1:s,,
air hospital,,,空军医院,,,,,0,0,,,
air hostess,,,空中小姐,,,,,0,0,s:air hostesses,,
air hostesses,,,n. <英，过时>空中小姐，客机女服务员( air hostess的名词复数 ),,,,,0,0,0:air hostess/1:s,,
air hp,,,abbr. air horsepower 空气马力,,,,,0,0,,,
air humidification,,,[化] 空气增湿,,,,,0,0,,,
air humidifier,,,[化] 空气调湿器,,,,,0,0,,,
air humidifying,,,[化] 空气增湿,,,,,0,0,,,
air humidifying equipment,,,[建] 空气加湿设备,,,,,0,0,,,
air humidity,,,[化] 空气湿度; 大气湿度,,,,,0,0,,,
air humidity control system of spacecraft cabin,,,[航] 飞船大气湿度控制系统,,,,,0,0,,,
air hummer,,,空气起泡器,,,,,0,0,,,
air hunger,,,[医] 空气饥(呼吸大而深的一种呼吸困难),,,,,0,0,,,
air hydraulic,eə(r) haɪˈdrɔ:lɪk,, 气水,,,,,0,0,,,
air hydraulic cylinder,,,气水罐,,,,,0,0,,,
air hydraulic drill head,,,气动液压钻头,,,,,0,0,,,
air hydraulic press,,,空气水压机,,,,,0,0,,,
air hygiene,,,空气卫生,,,,,0,0,,,
air hygienics,,,[特医] 空军卫生学,,,,,0,0,,,
air i.,,,艾尔岛,,,,,0,0,,,
air illness,,,高气压病;潜函病,,,,,0,0,,,
air impact wrench,eə(r) ˈimpækt rentʃ,,n. 空气冲击式扳手,,,,,0,0,,,
air impeller,,,"气动叶轮,气动涡轮",,,,,0,0,,,
air impermeability,,,[化] 不透气性; 气密性,,,,,0,0,,,
air impermeability test,,,[试验] 气密试验,,,,,0,0,,,
air impingement starter,,,气动力起动机,,,,,0,0,,,
air in,,,供气,,,,,0,0,,,
air in pleural cavity,,,气胸; 胸膜腔积气; 胸膜积气,,,,,0,0,,,
air in the core,,,机铁心里的风道,,,,,0,0,,,
air in tube,,,管中空气,,,,,0,0,,,
air incinerator,,,空气焚化炉,,,,,0,0,,,
air incorporation,,,空气混合,,,,,0,0,,,
air incubator,,,"空气温箱,空气孵育箱,有氧培养箱",,,,,0,0,,,
air index,,,大气折射率,,,,,0,0,,,
air index table,,,气动分度工作台,,,,,0,0,,,
Air India,,,印度航空公司；印度航空,,,,,0,0,,,
air indicator,,,气动指针,,,,,0,0,,,
air induction hull valve,,,舷外进气阀,,,,,0,0,,,
air induction inboard valve,,,舷内进气阀,,,,,0,0,,,
air induction manifold,,,un. 空气吸入歧管,,,,,0,0,,,
air induction opening,,,un. 进气口,,,,,0,0,,,
air induction pipe,,,[机] 进气管,,,,,0,0,,,
air induction valve,,,[机] 进气阀,,,,,0,0,,,
air inerchange,,,[网络] 空气交换,,,,,0,0,,,
air infection,,,空气传染,,,,,0,0,,,
air infiltration,,,[机] 空气渗透,,,,,0,0,,,
air inflated,,,[网络] 充气膜式,,,,,0,0,,,
air inflating,,,打气,,,,,0,0,,,
air inflation,,,[化] 充气,,,,,0,0,,,
air inflation indicator,,,充气表,,,,,0,0,,,
air inflation raft,,,[网络] 气胀式救生筏,,,,,0,0,,,
air inflow,,,气量,,,,,0,0,,,
air information symbol,,,航空信息符号,,,,,0,0,,,
air inhibition,,,"空气抑制,空气阻滞",,,,,0,0,,,
air injection,,,[机] 空气喷射,,,,,0,0,,,
air injection burner,,,空气喷射式燃烧器,,,,,0,0,,,
air injection diesel,,,空气喷射式柴油机,,,,,0,0,,,
air injection diesel engine,,,空气喷射柴油机,,,,,0,0,,,
air injection engine,,,压缩空气喷油式发动机,,,,,0,0,,,
air injection machine,,,[机] 气动射铸机,,,,,0,0,,,
air injection nozzle,,,空气喷射喷嘴,,,,,0,0,,,
air injection pressure,,,[机] 空气喷射压力,,,,,0,0,,,
air injection pump,,,气喷射泵，空气喷射泵,,,,,0,0,,,
air injection starter,,,压缩空气起动机,,,,,0,0,,,
air injection system,eə(r) inˈdʒekʃən ˈsistəm,, [医]空气喷射系统,,,,,0,0,,,
air injection type,,,[机] 空气喷气式,,,,,0,0,,,
air injection valve,,,un. 射气阀\n[网络] 空气喷射阀,,,,,0,0,,,
air injector,,,[机] 空气喷射器,,,,,0,0,,,
air inleakage,,,[网络] 空气内漏,,,,,0,0,,,
air inlet,,,[化] 进气; 进气孔; 进风口; 空气入口,,,,,0,0,,,
air inlet actuator,,,进气道调节动作筒,,,,,0,0,,,
air inlet cam,,,[机] 进气口凸轮,,,,,0,0,,,
air inlet casing,,,进气壳体,,,,,0,0,,,
air inlet clack valve,,,进气瓣阀;进气活门,,,,,0,0,,,
air inlet control,,,气控制，进气调节,,,,,0,0,,,
air inlet damper,,,[网络] 进风风门,,,,,0,0,,,
air inlet dish valve,,,进气圆盘阀,,,,,0,0,,,
air inlet disk valve,,,气蝶阀,,,,,0,0,,,
air inlet door,,,"空气入口口盖, 空气进气口门",,,,,0,0,,,
air inlet drain,,,进气管漏放口（瓣）,,,,,0,0,,,
air inlet duct,,,进风道,,,,,0,0,,,
air inlet flue,,,[动力] 进气道,,,,,0,0,,,
air inlet grille,,,气进入格栅，进气格,,,,,0,0,,,
air inlet guide vane assembly,,,空气进口导流叶片装置,,,,,0,0,,,
air inlet heater,,,进气加温器,,,,,0,0,,,
air inlet heating device,,,[网络] 进气加热设备,,,,,0,0,,,
air inlet housing,,,进气壳,,,,,0,0,,,
air inlet lip,,,"进气道唇, 进气口唇",,,,,0,0,,,
air inlet louvers,,,"进气百叶窗,进气孔",,,,,0,0,,,
air inlet pipe,,,进气管,,,,,0,0,,,
air inlet plenum chamber,,,气室,,,,,0,0,,,
air inlet port,,,un. 进气口\n[网络] 进气孔；空气进口,,,,,0,0,,,
air inlet pressure stabilizing chamber,,,进气稳压箱,,,,,0,0,,,
air inlet restriction,,,[网络] 进气阻力,,,,,0,0,,,
air inlet scoop,,,进气口,,,,,0,0,,,
air inlet screen,,,进气滤[防尘]网,,,,,0,0,,,
air inlet shaft,,,[网络] 进气道,,,,,0,0,,,
air inlet shutter,,,进气节气门,,,,,0,0,,,
air inlet silencer,,,[机] 进气口消音器,,,,,0,0,,,
air inlet strainer,,,空气进口滤气器,,,,,0,0,,,
air inlet stroke,,,un. 进气冲程\n[网络] 进气行程,,,,,0,0,,,
air inlet system,,,un. 空气输入系统；进气装置\n[网络] 进气系统,,,,,0,0,,,
air inlet through hollow shaft,,,[机] 轴向进风,,,,,0,0,,,
air inlet unit,,,进气装置,,,,,0,0,,,
air inlet valve,,,[化] 进气阀; 空气进口阀,,,,,0,0,,,
air inlet valve body,,,[铁路] 进风阀体,,,,,0,0,,,
air inlet valve lever,,,进气阀杆,,,,,0,0,,,
air inlet valve of dredger's deliving pipeline,,,[机] 排泥管进气阀,,,,,0,0,,,
air inlet volute,,,[网络] 进气蜗壳,,,,,0,0,,,
air inlet-outlet-housing,,,出口联箱,,,,,0,0,,,
air inlet/outlet,,,空气入口或空气出口,,,,,0,0,,,
air input,,,[化] 空气输入量,,,,,0,0,,,
air insulated terminal box,,,空气绝缘式接线盒,,,,,0,0,,,
air insulation,,,[电] 空气绝缘,,,,,0,0,,,
air intake,,,[化] 进气口,,,,,0,0,,,
air intake (port),,,[化] 进气口,,,,,0,0,,,
air intake actuator,,,进气道调节动作筒,,,,,0,0,,,
air intake adjusting screw,,,进气调节螺钉,,,,,0,0,,,
air intake adjusting spring,,,进气调节弹簧,,,,,0,0,,,
air intake and exhaust system,,,进排气系统,,,,,0,0,,,
air intake body,,,[网络] 进气体,,,,,0,0,,,
air intake branch,,,进气支管,,,,,0,0,,,
air intake casing,,,进气道外壳,,,,,0,0,,,
air intake control,,,气进气调节,,,,,0,0,,,
air intake cooler,,,进气管冷却器,,,,,0,0,,,
air intake duct,,,吸气管,,,,,0,0,,,
air intake duct system,,,进气管系统,,,,,0,0,,,
air intake efficiency,,,气装置效率,,,,,0,0,,,
air intake equipment,,,进风设备,,,,,0,0,,,
air intake filter,,,空气进气滤气器,,,,,0,0,,,
air intake filtration,,,气进气过滤,,,,,0,0,,,
air intake flap,,,[网络] 风门；进气挡板,,,,,0,0,,,
air intake guard mechanism,,,气口防扩装置,,,,,0,0,,,
air intake heater,,,进气加热器,,,,,0,0,,,
air intake lever,,,进气杆,,,,,0,0,,,
air intake loss coefficient,,,气管损失系数,,,,,0,0,,,
air intake louver,,,气进气百叶窗,,,,,0,0,,,
air intake opening,,,进空气孔,,,,,0,0,,,
air intake pipe,,,进气管,,,,,0,0,,,
air intake shaft,,,风道；进风竖井,,,,,0,0,,,
air intake silencer,,,[网络] 进气消音器；进气口消声器；空气消音器,,,,,0,0,,,
air intake system,,,进气系统,,,,,0,0,,,
air intake test,,,进气道试验,,,,,0,0,,,
air intake thermometer,,,口空气温度计,,,,,0,0,,,
air intake tower,,,进风塔,,,,,0,0,,,
air intake valve,,,气阀,,,,,0,0,,,
air intake volume,,,[网络] 进气容积,,,,,0,0,,,
air intakes,,,[网络] 引气；空气通风口；进气道,,,,,0,0,,,
air inter cooler,,,空气中段冷却器,,,,,0,0,,,
air inter-cooler,,,[机] 空气中间冷却器,,,,,0,0,,,
air intercept,,,空中拦截,,,,,0,0,,,
air intercept control common,,,[网络] 空中拦截控制普遍,,,,,0,0,,,
air intercept missile,,,空中拦截飞弹,,,,,0,0,,,
air intercept missile (aim),,,空中拦截飞弹,,,,,0,0,,,
air intercept radar,,,空中拦截雷达,,,,,0,0,,,
air intercept rocket,,,空中拦截火箭,,,,,0,0,,,
air intercept rocket (air),,,空中拦截火箭,,,,,0,0,,,
air interception,,,空中截击,,,,,0,0,,,
air interchange,,,气交换,,,,,0,0,,,
air interchanger,,,换气器,,,,,0,0,,,
air intercooler,eə(r) ˌintə(:)ˈku:lə,,n. 空气中间冷却器,,,,,0,0,,,
air interdiction,,,空中阻滞,,,,,0,0,,,
air interface,,,空中接口,,,,,0,0,,,
air interlocking valve,eə(r) ˌintə(:)ˈlɔkiŋ vælv,,n. 空气联锁阀,,,,,0,0,,,
air interrupted spark generator,,,空气吹断式火花发生器,,,,,0,0,,,
air interstice,,,空气间隙;气隙,,,,,0,0,,,
air intestinal tract,,,气肠道,,,,,0,0,,,
air invasion,,,空气侵入,,,,,0,0,,,
air inversion,,,[机] 空气逆流,,,,,0,0,,,
air ion,,,大气离子,,,,,0,0,,,
air ionization,,,[医] 空气电离,,,,,0,0,,,
Air ionization chamber,,,空气电离室,,,,,0,0,,,
air ionization dosimeter,,,空气电离剂量计,,,,,0,0,,,
air ionizing device,,,[物] 空气电离装置,,,,,0,0,,,
air ionizing electrode,,,[网络] 空气电离电极；空气游离电极,,,,,0,0,,,
air ionizing storage,,,电离空气贮藏,,,,,0,0,,,
air isolation,,,[机] 空气绝缘,,,,,0,0,,,
air jack,,,[机] 气动千斤顶,,,,,0,0,,,
air jacket,," A jacket having air-tight cells, or cavities which can be\n   filled with air, to render persons buoyant in swimming.",充气救生衣\n[机] 空气套,,,,,0,0,s:air jackets,,
air jacketed condenser,,,空气外套冷凝器,,,,,0,0,,,
air jackets,,,空气套；充气救生衣,,,,,0,0,0:air jacket/1:s,,
air jarring moulding machine,eə(r) ˈdʒɑ:riŋ ˈməuldiŋ məˈʃi:n,,n. 气动震实式造型机,,,,,0,0,,,
air jeep,,,[航] 空中吉普,,,,,0,0,,,
air jerk,,"Making a 'jerking off' motion with one's hand to express disgust, disinterest or disbelief, while simulatenously rolling one's eyes.  Similar to concept of playing air guitar.\n> I think she's pissed.  She just gave me an air jerk and walked away.\n",,,,,,0,0,,,
air jet,,,空气喷射\n[化] 空气喷嘴,,,,,0,0,,,
air jet attrition,,,化油器空气量孔磨损,,,,,0,0,,,
air jet blower,,,空气喷嘴鼓风机,,,,,0,0,,,
air jet bulked yarn,,,喷气蓬松纱,,,,,0,0,,,
air jet diffuser,,,集散式布风器,,,,,0,0,,,
air jet evaporation test,,,[化] 空气喷射蒸发试验(蒸发汽油以测定其中胶质),,,,,0,0,,,
air jet gum,,,[机] 用空气喷射法测定的胶量,,,,,0,0,,,
air jet hopper feeder,,,空气式料斗喂料器,,,,,0,0,,,
air jet loom,,,喷气投纬织机,,,,,0,0,,,
air jet nozzle,,,un. 空气喷射器\n[网络] 空气喷嘴,,,,,0,0,,,
air jet oil atomizer,,,空气雾化喷油嘴,,,,,0,0,,,
air jet propelled boat,,,[网络] 喷气推进船,,,,,0,0,,,
air jet rudder,,,[航] 喷气舵,,,,,0,0,,,
air jet spinning,,,喷气式纺纱,,,,,0,0,,,
air jet spoiler,eə(r) dʒet ˈspɔɪlə,, 气流扰流片,,,,,0,0,,,
air jet texturing,,,喷气式缔卷(鬈)加工,,,,,0,0,,,
air jet(air jig),,,吹风选矿机,,,,,0,0,,,
air jetter,,,空气喷射器,,,,,0,0,,,
air jig,,,[机] 空气钻模,,,,,0,0,,,
air jigging,,,[矿业] 风力跳汰,,,,,0,0,,,
air journal bearing,,,气体轴承,,,,,0,0,,,
air kerma,,,空气比释动能,,,,,0,0,,,
air kerma rate,,,[网络] 空气比释动能率；空气克马率；空气克马率量测,,,,,0,0,,,
air kerma rate constant,,,气比释动能率常数,,,,,0,0,,,
air kiln,,,空气干燥炉,,,,,0,0,,,
air kiss,,, （见面或道别时的）撮唇示吻,,,,,0,0,,,
air kisses,,,[网络] 飞吻你,,,,,0,0,,,
air kissing,,,[网络] 空吻,,,,,0,0,,,
air kitchen,,,空厨,,,,,0,0,,,
air knife,,,气刀,,,,,0,0,,,
air knife mark,,,气刀痕(纸病),,,,,0,0,,,
air knocker,,,"气力抖动器,气力抖落器",,,,,0,0,,,
Air L.,,,[网络] 艾罗；气密度,,,,,0,0,,,
air lacuna,,,[医] 空气腔隙,,,,,0,0,,,
air lance,,,压缩空气吹风管，空气吹灰枪,,,,,0,0,,,
air lancing,,,气吹灰,,,,,0,0,,,
air landed,'eəlænd,,vt. 空降,,,,,0,0,,,
air landed operation,,,[网络] 机降活动,,,,,0,0,,,
air landing strip,,,机场着落带,,,,,0,0,,,
air lane,,,常规航空路线,,,,,0,0,s:air lanes,,
air lanes,,,[网络] 空中航道；空中航线,,,,,0,0,0:air lane/1:s,,
air launch,,,空中发射,,,,,0,0,,,
air launch sounding rocket,,,空中发射探测火箭,,,,,0,0,,,
air launched anti-radiation missile,,,空射反辐射飞弹,,,,,0,0,,,
air launched ballistic missile,,,空射弹道飞弹,,,,,0,0,,,
air launched cruise missile,,,空中发射的巡航导弹,,,,,0,0,,,
air launched missile change,,,空射飞弹变换,,,,,0,0,,,
air launched rocket,,,空射火箭,,,,,0,0,,,
air launched vehicle,,,[航] 空中发射飞行器,,,,,0,0,,,
air launching,,,空中发射,,,,,0,0,,,
air launching test,,,空中发射试验,,,,,0,0,,,
air law,,,"[法] 航空法, 空气空间法",,,,,0,0,,,
air law/aviation law,,,航空法,,,,,0,0,,,
air lay drying machine,,,"无接触热风烘燥机,悬浮烘燥机",,,,,0,0,,,
air lay random web,,,气流式随机棉网,,,,,0,0,,,
air layer,,,空气层,,,,,0,0,,,
air layering,,,空中压条,,,,,0,0,,,
air laying,,,空中压条,,,,,0,0,,,
air lead,,,[网络] 空气导管,,,,,0,0,,,
air leak,,,漏气,,,,,0,0,,,
air leak tachometer,,,漏气式转速表,,,,,0,0,,,
air leak test,,,空气漏气试验;空气渗漏试验,,,,,0,0,,,
air leakage,,,"[计] 漏气, 泄气\n[化] 漏气; 空气漏失; 空气入口",,,,,0,0,,,
air leakage coefficient,,,漏风系数,,,,,0,0,,,
air leakage factor,,,漏风系数,,,,,0,0,,,
air leakage meter,,,[机] 漏气计,,,,,0,0,,,
air leakage rate,,,空气渗漏率；漏风率,,,,,0,0,,,
air leakage test,,,[机] 漏气试验,,,,,0,0,,,
air leg,,,风力锤,,,,,0,0,,,
air leg attachment,,,风动钻架[附件],,,,,0,0,,,
air lens,,,空气透镜,,,,,0,0,,,
air letter,,,"航空信, 航空邮笺",,,,,0,0,s:air letters,,
air letters,,,na. 航空信；航空邮笺,,,,,0,0,0:air letter/1:s,,
air level,, Spirit level. See Level.,"[机] 水平仪, 通风坑道",,,,,0,0,,,
air levels,,,[网络] 空气水平,,,,,0,0,,,
air liaison,,,对空连络,,,,,0,0,,,
air liaison officer,,,"空联官, 空中联络官",,,,,0,0,,,
air lift,,,[化] 气提; 气升,,,,,0,0,,,
air lift agitator,,,空气搅拌器;气动提升搅拌机,,,,,0,0,,,
air lift circulator,,,气升循环器,,,,,0,0,,,
air lift drier,,,提升式气流干燥机,,,,,0,0,,,
air lift drop hammer,,,[机] 气力扬升落锤机,,,,,0,0,,,
air lift extractor,,,[化] 空气升液萃取器,,,,,0,0,,,
air lift fermentator,,,[化] 气升式发酵罐,,,,,0,0,,,
air lift grain drier,,,un. 上升气流式谷物干燥机,,,,,0,0,,,
air lift machine,,,"气升式浮选机,气动提升机",,,,,0,0,,,
air lift mining-vessel,,,气升式采矿船,,,,,0,0,,,
air lift mixer-settler,,,[化] 空气升液式混合澄清槽,,,,,0,0,,,
air lift mud pump,,,气力提升泵,,,,,0,0,,,
air lift pump,,,[化] 气升泵; 空气升液器; 空气升液泵,,,,,0,0,,,
air lift recovery,,,气举采油,,,,,0,0,,,
air lift tank,,,[化] 空气压送罐,,,,,0,0,,,
air lift type agitator,,,气升式搅拌器,,,,,0,0,,,
air lift unit,,,空气提升装置,,,,,0,0,,,
air lift unloader,,,气动式升降卸载机,,,,,0,0,,,
air lifter,,,气动升降机构,,,,,0,0,,,
air lifting,,,气举,,,,,0,0,,,
air light,,,航空灯,,,,,0,0,,,
air line,,,[化] 空气管路,,,,,0,0,,,
air line cleaner,,,(轧花机上的)风管式净棉器,,,,,0,0,,,
air line distance,,,"架空线路距离,空间距离,空气管路距离,直路距离",,,,,0,0,,,
air line filter,,,风管过泸器,,,,,0,0,,,
air line lubricants,,,风动工具油,,,,,0,0,,,
air line lubricator,,,[化] 空气管路润滑器,,,,,0,0,,,
air line main,,,主压气管道,,,,,0,0,,,
air line network,eə(r) lain ˈnetwə:k,, 航空网,,,,,0,0,,,
Air Line of Communication,,,航空通商线[略作 ALOC],,,,,0,0,,,
