tobie,,, [人名] 托比,,,,,0,0,s:tobies,,
Tobies,'təubi,,n. 托比（男子名）；矮胖老人形啤酒杯,,,,,0,0,0:toby/1:s,,
Tobigue,,,[地名] 托比克 ( 美 ),,,,,0,0,,,
Tobijah,,,[网络] 多比雅；王子多比雅,,,,,0,0,,,
tobiko,,,[网络] 飞鱼子；飞鱼卵；飞子,,,,,0,0,,,
Tobin,'tәubin,n. United States economist (1918-2002),"(=tobin's tube, tobin's ventilator)托宾式室内通风机",,,,,38136,0,s:tobins,,
Tobin brass,,,托宾黄铜;铜锌锡青铜,,,,,0,0,,,
Tobin bronze,,,[机] 陶丙氏青铜,,,,,0,0,s:tobin bronzes,,
tobin bronzes,,,[机] 陶丙氏青铜\n(tobin bronze 的复数),,,,,0,0,0:tobin bronze/1:s,,
tobin effect,,,托宾效果,,,,,0,0,,,
Tobin L.,,,[地名] 托宾湖 ( 澳、加 ),,,,,0,0,,,
tobin q,,,托宾q值,,,,,0,0,,,
tobin tax,,,[网络] 托宾税；杜宾税；课征托宾税,,,,,0,0,,,
Tobin's tube,,,[网络] 托宾管,,,,,0,0,,,
"Tobin, James",,,[网络] 托宾；詹姆斯,,,,,0,0,,,
"Tobin, Mt.",,,[地名] 托宾山 ( 美 ),,,,,0,0,,,
tobinary,,,转换成二进制,,,,,0,0,,,
tobine,,,[网络] 容量,,,,,0,0,,,
tobine line,,,筘路,,,,,0,0,,,
tobines,,,[网络] 折纸,,,,,0,0,,,
tobins,,,"(=tobin's tube, tobin's ventilator)托宾式室内通风机\n(tobin 的复数)",,,,,0,0,0:tobin/1:s,,
tobique,,,[网络] 托比克,,,,,0,0,,,
Tobique R.,,,[地名] 托比克河 ( 加 ),,,,,0,0,,,
tobira,tə'bairə,,n. 【植物】海桐花(Pittosporum tobira),,,,,0,0,,,
tobis,,, [人名] 托比斯,,,,,0,0,,,
Tobishima,,,[地名] 飞岛 ( 日 ),,,,,0,0,,,
Tobishima-mura,,,飞岛村,,,,,0,0,,,
Tobit,'tәubit,n an Apocryphal book that was a popular novel for several centuries,[宗]托比特书(《旧约》外经之一),,,,,0,0,s:tobits,,
tobit coefficients,,,杜宾系数,,,,,0,0,,,
tobit model,,,杜宾模型,,,,,0,0,,,
tobit two-stage least squares,,,杜宾二阶段最小平方,,,,,0,0,,,
tobita,,,[网络] 飞田；班长,,,,,0,0,,,
tobits,'təubit,,n. 托比特书（《圣经旧约》中《外典》之一卷）,,,,,0,0,0:tobit/1:s,,
toblach (dobbiaco),,,托布拉奇(多比亚科),,,,,0,0,,,
tobler,,, [人名] 托布勒,,,,,0,0,s:toblers,,
Tobleria,,,双核籽属〔植物，C3- P1〕,,,,,0,0,,,
toblerone,,,n. 三角巧克力,,,,,0,0,s:toblerones,,
toblerones,,plural of toblerone,(toblerone 的复数) n. 三角巧克力,,,,,0,0,0:toblerone/1:s,,
toblers,,,n. (Tobler)人名；(英、德、匈、塞)托布勒,,,,,0,0,0:tobler/1:s,,
Tobli,,,[地名] 托布利 ( 利比 ),,,,,0,0,,,
tobman,,,[网络] 托夫曼,,,,,0,0,,,
Tobo,,,[地名] 图布 ( 瑞典 ),,,,,0,0,,,
Toboali,,,[地名] 都保里 ( 印尼 ),,,,,0,0,,,
toboggan,tә'bɔ^әn,n. a long narrow sled without runners; boards curve upward in front\nv. move along on a luge or toboggan,n. 平底雪橇\nvi. 突然下降,v:15/n:85,,,,0,26955,s:toboggans/i:tobogganing/p:tobogganed/3:toboggans/d:tobogganed,,
toboggan cap,,,[网络] 滑雪帽；扁长便帽,,,,,0,0,s:toboggan caps,,
toboggan caps,,,[网络] 滑雪帽；扁长便帽\n(toboggan cap 的复数),,,,,0,0,0:toboggan cap/1:s,,
toboggan slide,,,na. 平底雪橇滑行场,,,,,0,0,,,
toboggan slides,,,[网络] 雪橇滑道,,,,,0,0,,,
tobogganed,tə'bɒɡən,,n. 平底雪橇；突然下降[跌价]\nv. 坐平底雪橇滑下山坡；(股票等)突然跌价,,,,,0,0,1:pd/0:toboggan,,
tobogganer,,n. Alt. of Tobogganist,n. 平底雪橇 (toboggan的变形),,,,,0,0,,,
tobogganers,,,n. 平底雪橇 (toboggan的变形),,,,,0,0,,,
tobogganing,tə'bɒɡənɪŋ,p. pr. & vb. n. of Toboggan, 乘橇作滑雪运动,,,,,0,0,0:toboggane/1:i/s:tobogganings,,
tobogganings,tə'bɔɡəniŋ,,n. 平底雪橇滑雪；乘橇作滑雪运动,,,,,0,0,0:tobogganing/1:s,,
tobogganist,,n. One who practices tobogganing.,n. 平底雪橇 (toboggan的变形),,,,,0,0,s:tobogganists,,
tobogganists,,,n. 平底雪橇 (toboggan的变形),,,,,0,0,0:tobogganist/1:s,,
toboggans,təˈbɔgənz,n a long narrow sled without runners; boards curve upward in front\nv move along on a luge or toboggan,n. 雪橇( toboggan的名词复数 ),,,,,0,0,1:s3/0:toboggan,,
toboggen,,,橇,,,,,0,0,,,
toboggin,,,[网络] 雪橇,,,,,0,0,,,
toboggined,,,[网络] 滚动,,,,,0,0,,,
toboggining,,,[网络] 雪橇,,,,,0,0,,,
tobogins,,,[网络] 雪橇,,,,,0,0,,,
Tobol,təu'bɔ:l,,"n. 托博尔（河流名, 额尔齐斯河左支流, 源自哈萨克西北部图尔盖高原, 向东北流经俄罗斯西西伯利亚平原西南部）",,,,,0,0,,,
Tobol River,,,[网络] 托博尔河,,,,,0,0,,,
Tobol'sk,,,[地名] 托博尔斯克 ( 俄 ),,,,,0,0,,,
Tobol'skiy Rayon,,,[地名] 托博尔斯克区 ( 俄 ),,,,,0,0,,,
Tobold's apparatus,,,[医] 托博耳德氏器(喉镜照明器),,,,,0,0,,,
Toboli,,,多波利,,,,,0,0,,,
tobolsk,,,[网络] 托博尔斯克；托波尔斯克；托波尔斯克城,,,,,0,0,,,
Tobolski,,,[地名] 托博尔斯基 ( 牙 ),,,,,0,0,,,
Tobona I.,,,[地名] 托博纳岛 ( 所 ),,,,,0,0,,,
Tobor,,,[地名] 托博尔 ( 塞内 ),,,,,0,0,,,
toborinone,,,托波力农,,,,,0,0,,,
Toboso,,,[地名] 托沃索 ( 菲、墨 ),,,,,0,0,,,
Tobotoumbo,,,[地名] 托博通博 ( 瓦努 ),,,,,0,0,,,
Tobra,,,"妥布霉素,妥布抗霉素,抗普霉素",,,,,0,0,,,
Tobracin,,,妥布霉素,,,,,0,0,,,
TobraDex,,,"点必舒,典必殊",,,,,0,0,,,
Tobradistin,,,妥布霉素,,,,,0,0,,,
tobralco,tә'brælkәu,,宽幅平织棉布,,,,,0,0,,,
tobramicin,,,"妥布霉素,托普霉素",,,,,0,0,,,
tobramycin,tәubrә'maisin,n an antibiotic (trade name Nebcin) that is especially effective against Gram-negative bacteria,托普霉素,,,,,0,0,s:tobramycins,,
tobramycin sulfate,,,硫酸妥布霉素,,,,,0,0,,,
tobramycine,,,"托伯拉霉素,妥布霉素",,,,,0,0,,,
tobramycins,,,托普霉素\n(tobramycin 的复数),,,,,0,0,0:tobramycin/1:s,,
Tobrasix,,,妥布霉素,,,,,0,0,,,
tobravirus,,,[网络] 烟草脆裂病毒属；烟草脆裂病毒组；的烟草脆裂病毒,,,,,0,0,,,
tobraviruses,,,[网络] 托巴韦病毒,,,,,0,0,,,
tobreak,tә'breik,,"vt.<废>打碎, 破坏, 摧毁",,,,,0,0,,,
Tobrex,,,托百士,,,,,0,0,,,
tobriner,,, [人名] 托布里纳,,,,,0,0,,,
tobroken,,,[网络] 破碎,,,,,0,0,,,
TOBRSV,,,[=tobacco ringspot virus]烟草环斑病毒,,,,,0,0,,,
tobruise,,,[网络] 打伤；弄伤,,,,,0,0,,,
tobruised,,,[网络] 锻炼,,,,,0,0,,,
Tobruk,'tәubruk,,托布鲁克[利比亚东北部港市],,,,,39272,0,,,
Tobruk splint,,,[医] 托布鲁克氏夹(固定下肢用),,,,,0,0,,,
Tobruk(Tubruq),,,托布鲁克 (土布鲁克),,,,,0,0,,,
TobRV,,,[=tobacco ringspot virus]烟草环斑病毒,,,,,0,0,,,
Tobré,,,[地名] 托布雷 ( 贝宁 ),,,,,0,0,,,
tobs,,plural of tob,(tob 的复数) abbr. tender option bond 投标权力保证金; tobacco 烟草,,,,,0,0,0:tob/1:s,,
Tobseda,,,[地名] 托布谢达 ( 俄 ),,,,,0,0,,,
toburst,,,[网络] 爆破；破裂了；爆炸,,,,,0,0,,,
tobus,,,[网络] 办公建筑更新方案诊断工具,,,,,0,0,,,
tobuterol,,,[网络] 托布特罗,,,,,0,0,,,
Tobutsu-misaki,,,[地名] 汤沸岬 ( 日 ),,,,,0,0,,,
tobutt,,,un. 上针踵,,,,,0,0,s:tobutts,,
tobutts,,,un. 上针踵\n(tobutt 的复数),,,,,0,0,0:tobutt/1:s,,
Toby,'tәubi,n. a drinking mug in the shape of a stout man wearing a three-cornered hat,n. 人形水罐,,,,,6805,0,s:tobies,,
toby fillpot jug,,,[网络] 托比馅饼壶,,,,,0,0,s:toby fillpot jugs,,
toby fillpot jugs,,,[网络] 托比馅饼壶\n(toby fillpot jug 的复数),,,,,0,0,0:toby fillpot jug/1:s,,
toby jug,ˈtəubi dʒʌɡ,,n. （形状像戴三角帽的胖老头的）小酒杯,,,,,0,0,s:toby jugs,,
Toby Jugs,,,Toby jug\n= Toby2,,,,,0,0,0:toby jug/1:s,,
Toby mug,,,= Toby,,,,,0,0,,,
Toby mush,,,[网络] 托比糊,,,,,0,0,,,
Tobyhanna,,,[地名] 托比汉纳 ( 美 ),,,,,0,0,,,
Tobys,'təubi,,托比(男子名)[Tobias的异体]\n托比(女子名)\nToby2\n['təubi]\nn.\n人形杯(形似头戴三角帽的矮胖子的啤酒杯) [亦作 toby，Toby jug]\n[美国较旧俚语]细长劣等雪茄\n变形：\nn.\nTobies\ntoby\n['təubi]\nn.\n[英国俚语]公路，道路\n[英国英语]警察分局\n短语:\nhigh toby\n骑马拦路抢劫\nlow toby\n徒步拦路抢劫\n变形：\nn.\ntobies,,,,,0,0,,,
Tobysh,,,[地名] 托贝什河 ( 俄 ),,,,,0,0,,,
Tobyshskaya Vozvyshennost',,,[地名] 托贝什高地 ( 俄 ),,,,,0,0,,,
toc,,,abbr. 总有机碳（Total Organic Carbon）；电视中心（Television Operating Center）；节目目录（table of contents）；约束理论（Theory Of Constraints）,,,,,0,0,s:tocs,,
TOC (total organic carbon),,,有机碳量(水的污染参数),,,,,0,0,,,
toc emma,,"toc emma (plural toc emmas)\n(military slang, now historical) Trench mortar. [from 20th c.]\n",,,,,,0,0,,,
toc emmas,,,[网络] 托马斯马斯,,,,,0,0,,,
Toc H,'tɔk'eitʃ,,n. (第一次世界大战后英国建立的)退役军人协会；(1915年建于比利时的)基督教教友联谊会,,,,,0,0,,,
toc(o)-,,,"意为分娩,产,生育",,,,,0,0,,,
toc-,,,"意为分娩,产,生育",,,,,0,0,,,
"toc-,toco-",,,comb.form 表示“分娩”，“生产”,,,,,0,0,,,
toca,,, [医][=α-tocopherol acetate]醋酸维生素E,,,,,0,0,,,
tocaba,,,[网络] 托卡巴,,,,,0,0,,,
tocache,,, [地名] [印度] 托卡切,,,,,0,0,,,
Tocache Nuevo,,,[地名] 新托卡切 ( 秘 ),,,,,0,0,,,
tocado,,,[网络] 托卡多,,,,,0,0,,,
tocagon,,,[网络] 对角,,,,,0,0,,,
Tocaima,,,[地名] 托凯马 ( 哥伦 ),,,,,0,0,,,
tocainide,,n antiarrhythmic drug (trade name Tonocard) used to treat ventricular arrhythmias when less dangerous drugs have failed,[化] 妥卡尼; 氨酰甲苯胺,,,,,0,0,s:tocainides,,
tocainides,,,[化] 妥卡尼; 氨酰甲苯胺\n(tocainide 的复数),,,,,0,0,0:tocainide/1:s,,
tocama formosana,,,蓬莱粉吹金龟,,,,,0,0,,,
tocamphyl,,,[化] 托莰非; 樟酯醇胺; 龙脑酯二乙醇胺,,,,,0,0,,,
tocan,,,[网络] 凝胶成像系统；领成；百安得,,,,,0,0,,,
tocandira,,,[网络] 托坎迪拉,,,,,0,0,,,
tocandiras,,,[网络] 托卡迪拉斯,,,,,0,0,,,
tocane,'təʊkən,, [医]新压榨的葡萄汁,,,,,0,0,,,
Tocantinia,,,[地名] 托坎蒂尼亚 ( 巴西 ),,,,,0,0,,,
Tocantins,",təukεn'ti:ns",n. a river in eastern Brazil that flows generally north to the Para River,n. 托刊亭斯州；托坎廷斯河；托坎廷斯,,,,,0,0,s:tocantinss,,
Tocantins River,,,[网络] 托坎廷斯河；汇入托坎廷斯河；汇入投肯廷斯河,,,,,0,0,s:tocantins rivers,,
tocantins rivers,,,[网络] 托坎廷斯河；汇入托坎廷斯河；汇入投肯廷斯河\n(tocantins river 的复数),,,,,0,0,0:tocantins river/1:s,,
"Tocantins, Estado de",,,[地名] 托坎廷斯州 ( 巴西 ),,,,,0,0,,,
"Tocantins, R.",,,[地名] 托坎廷斯河 ( 巴西 ),,,,,0,0,,,
tocantinss,",təukεn'ti:ns",,托坎廷斯河(巴西东部河流),,,,,0,0,0:tocantins/1:s,,
"Tocantinzinho, R.",,,[地名] 托坎廷济纽河 ( 巴西 ),,,,,0,0,,,
Tocantinópolis,,,[地名] 托坎蒂诺波利斯 ( 巴西 ),,,,,0,0,,,
tocar,,,abbr. task-oriented computer architecture 面向任务的计算机体系结构,,,,,0,0,,,
tocca,,,[网络] 托卡；高级家居香氛；香氛蜡们,,,,,0,0,,,
toccata,tә'kɑ:tә,n. a baroque musical composition (usually for a keyboard instrument) with full chords and rapid elaborate runs in a rhythmically free style,n. 托卡塔(乐曲),,,,,0,0,s:toccatas,,
toccatas,təˈkɑ:təz,n. a baroque musical composition (usually for a keyboard instrument) with full chords and rapid elaborate runs in a rhythmically free style,n. 托卡塔( toccata的复数形式 ),,,,,0,0,0:toccata/1:s,,
toccate,tə'kɑːtiː,,n. 托卡塔（一种形式自由、速度很快的即兴风琴曲或钢琴曲） (toccata的变形),,,,,0,0,,,
toccatina,,,[网络] 小托卡塔；小托卡他；小托卡塔曲,,,,,0,0,,,
toccer,,,[网络] 惩罚者,,,,,0,0,,,
tocci,,,[网络] 噶厦对意大利杜齐,,,,,0,0,,,
tocco,,, [人名] 托科,,,,,0,0,,,
Tocco de Casauria,,,[地名] 托科-德卡绍里亚 ( 意 ),,,,,0,0,,,
Tocco hardening,,,表面淬火,,,,,0,0,,,
Tocco process,,,高频加热淬火法;高频局部加热淬火法,,,,,0,0,,,
toccoa,,, [地名] [美国] 托科阿,,,,,0,0,,,
toccolosida rubriceps,,,朱硕螟,,,,,0,0,,,
tocdaan,,,[网络] 托卡丹,,,,,0,0,,,
Toce,,,"二乙双酮,二乙噁嗪二酮",,,,,0,0,,,
"Toce, Fiume",,,[地名] 托切河 ( 意 ),,,,,0,0,,,
Tocen,,,"二乙双酮,二乙噁嗪二酮",,,,,0,0,,,
toch,,, [人名] 托克,,,,,0,0,s:toches,,
"Toch, Ernst",təuh; ernst,,托赫(1887～1964，奥地利作曲家),,,,,0,0,,,
tocha,,, [地名] [葡萄牙] 托沙,,,,,0,0,s:tochas,,
Tocharian,tɔ'kεəriən; təu-,n. a branch of the Indo-European language family that originated in central Asia during the first millennium A.D.,n. 吐火罗人；吐火罗语\na. 吐火罗人的,,,,,0,0,s:tocharians,,
Tocharian A,,,【语言学】吐火罗语A(吐火罗语东部方言),,,,,0,0,,,
Tocharian B,,,【语言学】吐火罗语B(吐火罗语西部方言),,,,,0,0,,,
Tocharian languages,,,[网络] 吐火罗语,,,,,0,0,,,
Tocharians,,,n. 吐火罗语；吐火罗人\nadj. 吐火罗的,,,,,0,0,0:tocharian/1:s,,
Tocharish,,,[网络] 猥亵,,,,,0,0,,,
tochas,,plural of tocha,(tocha 的复数)  [地名] [葡萄牙] 托沙,,,,,0,0,0:tocha/1:s,,
toche,,,[网络] 托希,,,,,0,0,,,
Tochen,,,n.托肯,,,,,0,0,,,
tocher,'tɔxә,n. Dowry brought by a bride to her husband.,<苏格兰>n.嫁妆,,,,,0,0,s:tochers,,
Tochergamin,,,"萘胺醋胺,四氢萘二乙氨乙酰胺",,,,,0,0,,,
tochers,,,n. 〈英〉嫁妆\n[网络] 托彻,,,,,0,0,0:tocher/1:s,,
toches,,,n. 托克（姓氏）,,,,,0,0,0:toch/1:s,,
tocheses,,,[网络] 托盘,,,,,0,0,,,
tochi r.,,,托奇河,,,,,0,0,,,
tochigi,,, [地名] [日本] 枥木,,,,,0,0,s:tochigis,,
Tochigi-ken,,,[地名] 枥木县 ( 日 ),,,,,0,0,,,
tochigis,,, [地名] [日本] 枥木\n(tochigi 的复数),,,,,0,0,0:tochigi/1:s,,
tochil,,,[医] 肺吸虫病(土名),,,,,0,0,,,
tochilinite,,,[网络] 羟镁硫铁矿,,,,,0,0,,,
Tochio,,,[地名] 枥尾 ( 日 ),,,,,0,0,,,
tochis,tutʃəs,,n.\n= tokus,,,,,0,0,,,
tochises,tutʃəs,,tochis\n[tutʃəs]\nn.\n= tokus,,,,,0,0,,,
tochitura,,,[网络] 多奇图拉,,,,,0,0,,,
tochka,'tɔtʃkɑ:,,"[苏]小地堡, 火力点",,,,,0,0,,,
Tochlorine,,,氯胺-T,,,,,0,0,,,
Tocho-do,,,都草岛,,,,,0,0,,,
tochon (docheon),,,都泉,,,,,0,0,,,
Tochovice,,,[地名] 托霍维采 ( 捷 ),,,,,0,0,,,
tochtrop,,,[网络] 沃普,,,,,0,0,,,
Tochuan,,,独串　,,,,,0,0,,,
tochus,,,[网络] us,,,,,0,0,,,
tocilizumab,,,[网络] 单抗；安挺乐；拮抗剂,,,,,0,0,,,
Tocina,,,[地名] 托西纳 ( 西 ),,,,,0,0,,,
tocino,,,[网络] 甜甜的煎肉；菲式甜烧肉；菲式叉烧肉,,,,,0,0,,,
Tock,tɔk,,托科鸟,,,,,32270,0,s:tocks,,
tockay,,,[网络] 托克,,,,,0,0,,,
tockays,,,[网络] 托克斯,,,,,0,0,,,
tocked,,,[网络] 打了,,,,,0,0,,,
tocken,,,[网络] 令牌,,,,,0,0,,,
tocking,,,[网络] 打招呼,,,,,0,0,,,
tockings,,,[网络] 招标,,,,,0,0,,,
tocko,,"Tocko is Australian slang meaning penis. it is just like the American slang, [johnson]\n> I sure would like to suck his tocko!\n",,,,,,0,0,,,
tockos,,"Tocko is Australian slang meaning penis. it is just like the American slang, [johnson]\n> I sure would like to suck his tocko!\n",,,,,,0,0,,,
tocks,,,[网络] 档数,,,,,0,0,0:tock/1:s,,
tocksaine,,,[网络] 托卡因,,,,,0,0,,,
tocktact,ˌtɒk'tæk,,n. (钟表的)滴答声\n=tocktac； ticktock.,,,,,0,0,s:tocktacts,,
tocktacts,,,n. (钟表的)滴答声\n=tocktac； ticktock.\n(tocktact 的复数),,,,,0,0,0:tocktact/1:s,,
tockwough,,,[网络] tockwogh,,,,,0,0,,,
tocky,,,[网络] 时枝弘明,,,,,0,0,,,
tocladesine,,,托拉地新,,,,,0,0,,,
toclase,,,[医] 咳必清,,,,,0,0,,,
toclase syrup,,,咳必清糖浆,,,,,0,0,,,
tocleave,,,[网络] 劈开；劈裂,,,,,0,0,,,
tocnaye,,,[网络] 托卡尼,,,,,0,0,,,
tocnnalite,'tɔknәlait,,碘银汞矿,,,,,0,0,,,
Tocnoscope,,,一种间接检眼镜,,,,,0,0,,,
toco,'tәukәu,n. A toucan (Ramphastos toco) having a very large beak. See\n   Illust. under Toucan.,"n. 鞭苔, 责罚",,,,,0,0,,,
toco toucan,,,[网络] 巨嘴鸟；托哥巨嘴鸟；大巨嘴鸟,,,,,0,0,,,
toco toucans,,,巨嘴妥空,,,,,0,0,,,
toco-,,,"[医] 分娩, 产, 生育",,,,,0,0,,,
toco-ergometer,,,"阵痛力计,分娩力计",,,,,0,0,,,
toco-ergometry,,,[医] 分娩力测量法,,,,,0,0,,,
Tocoa,,,[地名] 托科阿 ( 洪 ),,,,,0,0,,,
tocochromanols,,,[网络] 对苯二酚,,,,,0,0,,,
tocodynagraph,,,[医] 分娩力图,,,,,0,0,,,
tocodynamometer,"'tәjkәj,dainә'mɔmitә(r)",,n. [医]分娩力计,,,,,0,0,,,
tocodynamometers,"'təukəu,dainə'mɔmitə",,n. 分娩力计,,,,,0,0,,,
tocodynamometry,,,[网络] 体动力学,,,,,0,0,,,
tocofecol,,,生育酚,,,,,0,0,,,
tocofenoxate,,,托可芬酯,,,,,0,0,,,
tocofersolan,,,[网络] 托可索仑,,,,,0,0,,,
tocofibrate,,,托考贝特,,,,,0,0,,,
tocogenetic,,,[网络] 致命的,,,,,0,0,,,
tocogony,tәu'kɔ^әni,,有亲生殖,,,,,0,0,,,
tocogram,,,产力描记图,,,,,0,0,,,
tocogram detector,,,分娩阵痛检测器,,,,,0,0,,,
tocograph,,,[医] 分娩力描记器,,,,,0,0,,,
tocography,,,[医] 分娩力描记法,,,,,0,0,,,
tocoinide,,,妥卡因酸,,,,,0,0,,,
tocokinin,,,"[医] 激育素(获自酵母及数种植物,有雌激素的性质)",,,,,0,0,,,
tocol,'tәukɔl,,母育酚,,,,,0,0,,,
tocologies,təʊ'kɒlədʒɪ,,n. [妇产] 产科学,,,,,0,0,0:tocology/1:s,,
tocologist,,,n. 产科医师,,,,,0,0,,,
tocology,tә'kɒlәdʒi,n the branch of medicine dealing with childbirth and care of the mother,n. 产科学\n[医] 产科学,,,,,0,0,s:tocologies,,
Tocolyis,,,保胎,,,,,0,0,,,
tocolyisis,,,"安宫,保胎",,,,,0,0,,,
tocolysis,,,[网络] 安胎；保胎；如何保胎,,,,,0,0,,,
tocolytic,,,[网络] 抑制子宫收缩；子宫收缩抑制作用,,,,,0,0,,,
tocolytics,,,[网络] 宫缩缓解剂；宫缩抑制剂；安胎药,,,,,0,0,,,
TOCOM,,,abbr. 东京工业品交易所（Tokyo Commodity Exchange）,,,,,0,0,,,
tocomania,,,[医] 产后躁狂,,,,,0,0,,,
tocome,,,n. 将来\n[网络] 永在,,,,,0,0,,,
tocometer,tәj'kɔmitә(r),,n. [医]分娩力计,,,,,0,0,,,
tocometry,,,产力测量法,,,,,0,0,,,
tocomonitor,,,分娩监护仪,,,,,0,0,,,
Toconala,,,托科纳拉,,,,,0,0,,,
Toconao,,,[地名] 托科瑙 ( 智 ),,,,,0,0,,,
tocophecol,,,生育酚,,,,,0,0,,,
tocophenol,təʊ'kɒfɪnɒl,,[医]维生素E,,,,,0,0,,,
tocopheramine,tәukә'ferәmi:n,,生育胺,,,,,0,0,,,
Tocopherex,,,"维生素E,维生素戊,生育酚,产妊酚",,,,,0,0,,,
tocopherol,tәu'kɔfәrәul,n a fat-soluble vitamin that is essential for normal reproduction; an important antioxidant that neutralizes free radicals in the body,[化] 生育酚; 维生素E\n[医] 生育酚,n:100,,,,0,44622,s:tocopherols,,
tocopherol quinone,,,[医] 生育醌,,,,,0,0,,,
tocopherol(s),,,"维生素E,生育酚",,,,,0,0,,,
tocopherol-dl-alpha,,,α-生育酚,,,,,0,0,,,
tocopherolquinone,,,生育醌,,,,,0,0,,,
tocopherols,,-s form of tocopherol\nn a fat-soluble vitamin that is essential for normal reproduction; an important antioxidant that neutralizes free radicals in the body,(tocopherol 的第三人称 -s形式) [化] 生育酚; 维生素E\n[医] 生育酚,,,,,0,0,0:tocopherol/1:s3,,
tocopherols mixed concentrate,,, [医]生育酚混合浓缩物,,,,,0,0,,,
tocopheronic acid,,,[化] 生育酸,,,,,0,0,,,
tocophersolan,,,[网络] 托可索仑,,,,,0,0,,,
tocopheryl,,,[医] 生育酚,,,,,0,0,,,
tocopheryl acetate,,,[医] 醋酸生育酚,,,,,0,0,,,
tocopheryl acid succinate,,, [医]丁二酸生育酚酯,,,,,0,0,,,
tocopherylamine,,,[化] 生育胺\n[医] 生育胺,,,,,0,0,,,
tocopherylquinone,,,托可醌,,,,,0,0,,,
tocopheryls,,,[网络] 生育酚,,,,,0,0,,,
Tocophin,,,"维生素E,维生素戊,生育酚,产妊酚",,,,,0,0,,,
tocophobia,tәukәu'fәubiә,,儿童恐怖,,,,,0,0,,,
Tocophrin,,,维生素E,,,,,0,0,,,
Tocopilla,,,[地名] 托科皮亚 ( 智 ),,,,,0,0,,,
tocoquinone,,,[网络] 托可醌,,,,,0,0,,,
tocoquinone-10,,,生育醌-10,,,,,0,0,,,
tocornalite,,,[网络] 角质层,,,,,0,0,,,
tocorogenin,,,陶考配质,,,,,0,0,,,
tocoronin,,,陶考宁,,,,,0,0,,,
tocororo,",tәukә'rәurә",n. A cuban trogon (Priotelus temnurus) having a serrated\n   bill and a tail concave at the end.,古巴咬鹃,,,,,0,0,,,
"Tocorpuri, Cerro de",,,[地名] 托科普里峰 ( 玻·智 ),,,,,0,0,,,
tocos,,,[网络] 东高志；电位器；电机用及高寿命可调电位器,,,,,0,0,,,
Tocosamine,,,硫酸司巴丁注射剂,,,,,0,0,,,
tocosine,'tɔkәsi:n,,"酪胺, 酥胺",,,,,0,0,,,
tocospermic type,,,纳精型,,,,,0,0,,,
tocostome,'tɔkәstәum,,产卵孔,,,,,0,0,,,
tocotransducer,,,分娩换能器,,,,,0,0,,,
tocotrienol,'təʊkəʊtrɪənɒl,, [医]生育三烯酸,n:100,,,,0,35721,s:tocotrienols,,
tocotrienols,'təʊkəʊtrɪənɒlz,, [医]生育三烯酚类,,,,,0,0,0:tocotrienol/1:s,,
tocotropism,",tɔkә'trɔpizәm",,向生育性,,,,,0,0,,,
TOCP,,,[医] 磷酸三甲酚酯,,,,,0,0,,,
tocq,,, [人名] 托克,,,,,0,0,,,
tocque,,,[网络] 托盖,,,,,0,0,,,
Tocqueville,,n. French political writer noted for his analysis of American institutions (1805-1859),托克维尔(人名）,,,,,45406,0,s:tocquevilles,,
Tocqueville effect,,,[网络] 托克维尔效应,,,,,0,0,,,
"Tocqueville, Alexis de","tɔk'vi:l; ,ɑ:lek'si:('ʃɑ:rləɔŋ'ri:mɔ'ri:sklei'rei)də",,"Tocqueville, Alexis (Charles Henri Maurice,Clérel) de\n[tɔk'vi:l; ,ɑ:lek'si:('ʃɑ:rləɔŋ'ri:mɔ'ri:sklei'rei)də]\n托克维尔(1805～1859，法国政治家、作家)",,,,,0,0,,,
tocquevillean,,,[网络] 托克维兰,,,,,0,0,,,
tocquevilles,,,托克维尔(人名）,,,,,0,0,0:tocqueville/1:s,,
tocquevillian,,,[网络] 托克维尔式,,,,,0,0,,,
tocs,,,n. 总有机碳；有机碳总量；电视控制中心\n[网络] 和营级战术作战中心；千橡中文学校(Thousand Oaks Chinese School)；目次,,,,,0,0,0:toc/1:s,,
tocsin,'tɒksin,n. the sound of an alarm (usually a bell)\nn. a bell used to sound an alarm,"n. 警钟, 警报",,,,,0,0,s:tocsins,,
tocsins,'tɒksɪn,,n. 警钟；警报\n[网络] 警戒信号；警报声,,,,,0,0,0:tocsin/1:s,,
TOCU,,,措库,,,,,0,0,,,
Tocumen,,,[网络] 库门；托库门；托库曼,,,,,0,0,,,
"Tocumen, Aer.Nacional",,,[地名] 托库门国家机场 ( 巴拿 ),,,,,0,0,,,
"Tocumen, R.",,,[地名] 托库门河 ( 巴拿 ),,,,,0,0,,,
tocumwal,,, [地名] [澳大利亚] 托克姆沃尔,,,,,0,0,,,
tocus,,,"[医] 分娩, 生产",,,,,0,0,,,
tocusso,,,[网络] 托库索,,,,,0,0,,,
tocut,,,[网络] 切割；削减；砍,,,,,0,0,,,
tocuyo,'tɔkjәu,,托丘约(南美洲对坯布、被单布、细布、印花布等的统称),,,,,0,0,,,
Tocuyo de la Costa,,,[地名] 滨海托库约 ( 委 ),,,,,0,0,,,
"Tocuyo, R.",,,[地名] 托库约河 ( 委 ),,,,,0,0,,,
tod,tɒd,n. a unit of weight for wool equal to about 28 pounds\ns. alone and on your own,"n. 狐, 托德(羊毛重量单位), 丛",,,,,13590,0,s:tods,,
TOD (technical objective document),,,术指标文件,,,,,0,0,,,
TOD (theoretical oxygen demand),,,论需氧量,,,,,0,0,,,
TOD (total oxygen demand),,,需氧量(水的污染参数),,,,,0,0,,,
TOD CLK (time-of-day clock),,,时钟，日历钟,,,,,0,0,,,
TOD clock,,,[计] 日时钟,,,,,0,0,,,
tod type,,,杆式,,,,,0,0,,,
Tod'smuscle,,,[医] 托德氏肌(耳廓斜肌),,,,,0,0,,,
tod(total oxygen demand),,,全部氧需要量,,,,,0,0,,,
toda,,,abbr. takeoff distance available 可用起飞距离; third-octave digital analyzer 三倍频程数字分析器; time of day accounting 费率时间表,,,,,0,0,s:todas,,
Toda Bhīm,,,[地名] 多达皮姆 ( 印 ),,,,,0,0,,,
Toda chain,,,户田链,,,,,0,0,,,
Toda lattice,,,户田格[点],,,,,0,0,,,
Toda Rai Singh,,,[地名] 多达赖辛格 ( 印 ),,,,,0,0,,,
todah rabah,,,[网络] todah拉巴,,,,,0,0,,,
todai,,,[网络] 都太；东京大学；都太国际连锁海鲜寿司自助,,,,,0,0,,,
todam (dodam),,,豆淡,,,,,0,0,,,
todaro,,, [人名] 托达罗,,,,,0,0,s:todaroes,,
todaro migration model,,,特多罗迁移模型,,,,,0,0,,,
Todaro model,,,托大罗模型,,,,,0,0,,,
Todaro tendon,,,托达罗腱,,,,,0,0,,,
Todaro's tendon,,,"[医] 托达罗氏腱, 腔静脉瓣腱膜(变)",,,,,0,0,,,
todarodes pacificus,,,太平洋鱿；北鱿；太平洋褶柔鱼,,,,,0,0,,,
todaroes,,,n. (Todaro)人名；(英、意)托达罗,,,,,0,0,0:todaro/1:s,,
todaropsis eblanae,,,短柔鱼,,,,,0,0,,,
todas,,,abbr. typewriter-oriented documentation aid system 打字机专用文献辅助系统,,,,,0,0,0:toda/1:s,,
todash,,,[网络] 隔界,,,,,0,0,,,
todav,,,[网络] 今天,,,,,0,0,,,
todavia,,,[网络] 托达维亚,,,,,0,0,,,
today,tә'dei,n. the present time or age\nn. the day that includes the present moment (as opposed to yesterday or tomorrow)\nr. on this day as distinct from yesterday or tomorrow,"n. 今天, 当今, 现在\nadv. 今天, 当今",r:100,5,1,zk gk,350,214,s:todays,,
today is a good day to die,,,[网络] 视死如归，就在今天；送你上路的好日子,,,,,0,0,,,
Today is Monday,,,今天是星期一,,,,,0,0,,,
Today is my birthday,,,今天是我的生日,,,,,0,0,,,
Today is the first day of spring,,,今天是春季的头一天,,,,,0,0,,,
today is your birthday,,,[网络] 今天是你的生日；今天你生日；今天是您生日,,,,,0,0,,,
"today North America, tomorrow the world",,,[网络] 今天北美，明天是世界,,,,,0,0,,,
today show,,,[网络] 今日秀；节目；今日节目,,,,,0,0,,,
today we are all,,"today we are all\n(idiomatic, US) An expression indicating that the speaker empathizes with members of an identifiable group that was the subject of a disaster, and projects that others empathize as well.\n",,,,,,0,0,,,
today week,təˈdei wi:k,, （英）（从今日起算的）下星期,,,,,0,0,,,
today you die,,, [电影]在劫难逃,,,,,0,0,,,
today's,,,[网络] 今日的；今天的；我今天要讨论的是,,,,,0,0,,,
today's special,,, 今日特餐,,,,,0,0,,,
today's the day,,,[网络] 就在今天；今天就是时候了,,,,,0,0,,,
today-friday,,,[网络] 今天星期五,,,,,0,0,,,
today.com,,,[网络] 据今日网站；今天,,,,,0,0,,,
todaye,,,[网络] 今天,,,,,0,0,,,
todays,tə'deɪ,n. the present time or age\nn. the day that includes the present moment (as opposed to yesterday or tomorrow),adv. 今天；现今\nn. 今天；现今\nn. (Today)人名；(英)托迪,,,,,0,0,0:today/1:s,,
todd,tɔd,n. Scottish chemist noted for his research into the structure of nucleic acids (born in 1907)\nn. fictional character in a play by George Pitt; a barber who murdered his customers,"n. 托德（姓氏, 英国化学家, 曾获1957年诺贝尔化学奖）",,,,,10393,0,s:todds,,
Todd bodies,,,[医] 托德氏体(若干两栖动物的红细胞内),,,,,0,0,,,
Todd County,,,[地名] 托德县 ( 美 ),,,,,0,0,,,
Todd I.,,,[地名] 托德岛 ( 加 ),,,,,0,0,,,
Todd paralysis,,,托德瘫痪,,,,,0,0,,,
Todd R.,,,[地名] 托德河 ( 澳 ),,,,,0,0,,,
Todd River,,,[网络] 托德河；托德河岸；陶德河,,,,,0,0,,,
Todd's cirrhosis,,,"[医] 托德氏肝硬变, 肥大性肝硬变",,,,,0,0,,,
todd's palsy,,,Todd氏麻痺,,,,,0,0,,,
Todd's paralyses,,,[医] 托德氏麻痹(局限性抽搐后所致的一时性肌无力),,,,,0,0,,,
Todd's paralysis,,,[医] 托德氏麻痹(局限性抽搐后所致的一时性肌无力),,,,,0,0,,,
Todd's potion,,,[医] 托德氏饮剂(含白桂皮酊、白兰地、糖浆),,,,,0,0,,,
Todd's process,,,"[医] 托德氏突, 斯卡帕氏筋膜",,,,,0,0,,,
Todd's syndrome,,,[网络] 托德综合征,,,,,0,0,,,
"Todd, Michael",,,[网络] 麦可,,,,,0,0,,,
"Todd, Mt.",,,[地名] 托德山 ( 澳、加 ),,,,,0,0,,,
"Todd, Sir Alexander Robertus",tɔd; rəu'bə:təs,,托德(1907～， 英国生物化学家，获1957年诺贝尔化学奖),,,,,0,0,,,
"Todd, Thomas",,,[网络] 斯蒂夫·伊斯丁；托马斯,,,,,0,0,,,
"Todd,David",,,托德(1855～1939，美国天文学家、教师),,,,,0,0,,,
"Todd,Mike",,,托德(1907～1958，美国电影制片人),,,,,0,0,,,
todd-ao,,, 托德-AO宽银幕系统,,,,,0,0,,,
todd-houston,,,[网络] 休托德,,,,,0,0,,,
Toddaberine,,,飞龙掌血内酯,,,,,0,0,,,
toddaculin,tɔdә'kjulin,,飞龙掌血素,,,,,0,0,,,
Toddaculine,,,飞龙掌血内酯,,,,,0,0,,,
toddalia,'tɔdәliә,,飞龙掌血,,,,,0,0,,,
Toddalia asiatica,,,n. 飞龙掌血,,,,,0,0,,,
toddaline,,,"白屈菜赤碱,白屈菜红碱,白屈菜季铵碱,盐酸白屈菜红碱",,,,,0,0,,,
toddalinine,,,"勒钩碱,二氢白屈菜红碱",,,,,0,0,,,
Toddalinone,,,二氢白屈菜红碱,,,,,0,0,,,
Toddalioideae,,,飞龙掌血亚科,,,,,0,0,,,
toddalo-lactone,,,"筋钩内酯,勒钩内酯",,,,,0,0,,,
toddel,'tɒdl,,v. 蹒跚行走,,,,,0,0,,,
toddelling,,-ing form of toddel,(toddel 的现在分词) v. 蹒跚行走,,,,,0,0,0:toddel/1:i,,
todder,,,[网络] 幼童；陶德,,,,,0,0,,,
toddest,,,abbr. take-off distance 【航空学】起飞滑行距离,,,,,0,0,,,
toddick,,toddick (plural toddicks)\nA dish upon which the miller's share was measured as compensation for milling the farmer's meal.\nA very small quantity of something.\n,,,,,,0,0,,,
toddies,ˈtɔdi:z,n. a mixed drink made of liquor and water with sugar and spices and served hot,"n. 棕榈汁, 棕榈酒( toddy的复数形式 ); 香甜热酒",,,,,0,0,0:toddy/1:s,,
Toddington,,,[地名] 托丁顿 ( 英 ),,,,,0,0,,,
toddite,'tɔdait,,铌钽铁铀矿,,,,,0,0,,,
toddle,'tɒdl,v. walk unsteadily,"vi. 东倒西歪地走, 蹒跚学步, 溜达\nn. 东倒西歪的走路, 蹒跚",v:100,,,ielts,33044,26245,i:toddling/p:toddled/3:toddles/s:toddles/d:toddled,,
toddle along,,,(小孩等)蹒跚行走；[口语]走开，离去,,,,,0,0,,,
toddle off,,,[网络] 回家,,,,,0,0,,,
toddled,ˈtɔdld,imp. & p. p. of Toddle,v. （幼儿等）东倒西歪地走( toddle的过去式和过去分词 ); 蹒跚行走; <口>溜达; 散步,,,,,0,0,1:pd/0:toddle,,
toddler,'tɔdlә,n. a young child,"n. 蹒跚行走的人, 学步的小孩, 学步的幼儿, (非正式)信步走的人",n:100,1,,,7942,5916,s:toddlers,,
toddler toy,,,木制拖行玩具,,,,,0,0,,,
toddler-friendly,,,[网络] 友好,,,,,0,0,,,
toddlerdom,,,[网络] 蹒跚学步,,,,,0,0,,,
toddlerhood,,,n. 童年,,,,,0,0,s:toddlerhoods,,
toddlerhoods,'tɔdlə,,toddlerhood\nn.\ntoddler的变形\ntoddler\n['tɔdlə]\nn.\n学步的孩子；走路不稳的儿童；蹒跚行走的人\n[戏谑语]散步的人，漫步的人；信步走的人\n[常用作定语]童装尺码,,,,,0,0,0:toddlerhood/1:s,,
toddlerish,,,[网络] 蹒跚学步,,,,,0,0,,,
toddlers,'tɒdləz,n. a young child,"n. 蹒跚行走的人, 学步的小孩( toddler的复数形式 ); 幼童装",,,,,0,0,0:toddler/1:s,,
toddles,ˈtɔdlz,v walk unsteadily,v. （幼儿等）东倒西歪地走( toddle的第三人称单数 ); 蹒跚行走; <口>溜达; 散步,,,,,0,0,0:toddle/1:3s,,
toddling,ˈtɔdlɪŋ,p. pr. & vb. n. of Toddle,v. （幼儿等）东倒西歪地走( toddle的现在分词 ); 蹒跚行走; <口>溜达; 散步,,,,,0,0,0:toddle/1:i/s:toddlings,,
toddlings,'tɒd(ə)l,,n. 东倒西歪的走路；刚学走步的小孩\nvi. 蹒跚学步；东倒西歪地走；散步,,,,,0,0,0:toddling/1:s,,
todds,,, [人名] 托兹,,,,,0,0,0:todd/1:s,,
Toddville,,,[地名] 托德维尔 ( 美 ),,,,,0,0,,,
toddy,'tɒdi,n a mixed drink made of liquor and water with sugar and spices and served hot,"n. 棕榈汁, 棕榈酒\n[医] 棕榈汁; 棕榈酒",n:100,,,,0,26305,s:toddies,,
toddy cat,,,[网络] 椰子猫,,,,,0,0,,,
toddy cats,,,[网络] 苍蝇猫,,,,,0,0,,,
toddy palm,ˈtɔdi: pɑːm,, 酒棕榈,,,,,0,0,s:toddy palms,,
toddy palms,,,toddy palm\n【植物】酒假桄榔 (Caryota urens);扇叶树头榈 (Borassus flabellifer),,,,,0,0,0:toddy palm/1:s,,
tode,,,[网络] 土地；唐手；台湾创意专卖,,,,,0,0,,,
Todea,,,[网络] 块茎蕨属；紫萁科现生属托第蕨,,,,,0,0,s:todeas,,
todeas,,,[网络] 块茎蕨属；紫萁科现生属托第蕨\n(todea 的复数),,,,,0,0,0:todea/1:s,,
todecimal,,,转换成十进制,,,,,0,0,,,
Todeli,,,[地名] 托德利 ( 印尼 ),,,,,0,0,,,
Todenbüttel,,,[地名] 托登比特尔 ( 德 ),,,,,0,0,,,
Todendorf,,,[地名] 托登多夫 ( 德 ),,,,,0,0,,,
Todenroth,,,[地名] 托登罗特 ( 德 ),,,,,0,0,,,
Todenyang,,,[地名] 托代尼扬 ( 肯 ),,,,,0,0,,,
toder,,,[网络] 。子,,,,,0,0,,,
todeschini,,,[网络] 托德施尼；托代斯基尼,,,,,0,0,,,
Todesfelde,,,[地名] 托德斯费尔德 ( 德 ),,,,,0,0,,,
todesfuge,,,[网络] 死亡赋格；死亡赋格曲；死亡复格曲,,,,,0,0,,,
todetect,,,[网络] 检测；检出；测知,,,,,0,0,,,
todetermine,,,[网络] 确定；为了确定；判断,,,,,0,0,,,
todga,,,[网络] 氧戊二酰胺；氧代二酰胺；加人,,,,,0,0,,,
Todgarh,,,[地名] 多德格尔 ( 印 ),,,,,0,0,,,
todgas,,"[Todga] is a word that u use instead ov penis , dick ect...... \r\n\r\nBoys Love it :P\n> Girl : I'd liek to see ur penis\n> Boy : Ohhkkk\n> 2nd attempt....\n> Girl : Lemme c ur todga\n> Boy : Ohh ya cheeky girl !!\n",,,,,,0,0,,,
todger,,, 阴茎,,,,,0,0,s:todgers,,
todger dodger,,,[网络] ger dod dod,,,,,0,0,,,
todger dodgers,,,[网络] 躲避躲避者,,,,,0,0,,,
todgers,,,n. 阴茎,,,,,0,0,0:todger/1:s,,
todhunter,,, [人名] [英格兰人姓氏] 托德亨特绰号，猎狐狸者，来源于北方中世纪英语，含义是“狐狸+猎人”(fox+hunter),,,,,0,0,s:todhunters,,
todhunters,,, [人名] [英格兰人姓氏] 托德亨特绰号，猎狐狸者，来源于北方中世纪英语，含义是“狐狸+猎人”(fox+hunter)\n(todhunter 的复数),,,,,0,0,0:todhunter/1:s,,
todi,,, [地名] [意大利] 托迪,,,,,0,0,,,
todid,,,[网络] 鄙视,,,,,0,0,,,
Todidae,,,[网络] 短尾鴗科；短鴗尾科,,,,,0,0,s:todidaes,,
todidaes,'tɔdədi:,,Todidae\n['tɔdədi:]\nn.\n【鸟类】短尾𪪅科,,,,,0,0,0:todidae/1:s,,
todids,,,[网络] 蟾蜍,,,,,0,0,,,
todies,,,n. 【鸟】(西印度)翡翠\n[网络] 鱼狗属的小鸟,,,,,0,0,0:tody/1:s,,
Todin,,,[地名] 托丁 ( 布基 ),,,,,0,0,,,
todiramphus chloris collaris,,,白领翡翠,,,,,0,0,,,
todis,,,[网络] 折扣超市,,,,,0,0,,,
todisco,,,托迪斯科,,,,,0,0,,,
Todisporites,,,托第蕨孢属〔孢粉，J2〕,,,,,0,0,,,
Todites,,,"似托第蕨属〔T3-K1〕, 托弟蕨, 拟托弟",,,,,0,0,,,
todly,,,[网络] 。,,,,,0,0,,,
todman,,, [人名] 托德曼,,,,,0,0,,,
todmorden,,, [地名] [澳大利亚、英国] 托德莫登,,,,,0,0,,,
todo,,,n. 待办事项；备忘录,,,,,0,0,,,
Todo-shima,,,[地名] 海驴岛 ( 日 ),,,,,0,0,,,
Todohokke,,,[地名] 椴法华 ( 日 ),,,,,0,0,,,
todor,,,n. (Todor)人名；(罗、塞、保、匈)托多尔,,,,,0,0,,,
Todor-Ikonomovo,,,托多伊科诺摩伏,,,,,0,0,,,
todorokite,tә'dɔ:rәkait,,钡镁锰矿,,,,,0,0,,,
todorokites,tə'dɔ:rəkait,,n. 钡镁锰矿,,,,,0,0,,,
Todorov,,,托多洛夫（男子名）,,,,,30926,0,,,
todorova,,,[网络] 托多洛娃,,,,,0,0,,,
todos,,,[网络] 待办事项；西全体，每一个；待处理工作列表,,,,,0,0,,,
"Todos los Santos, L.",,,[地名] 托多斯洛斯桑托斯湖 ( 智 ),,,,,0,0,,,
Todos os Santos Bay,,,托多苏斯桑托斯湾,,,,,0,0,,,
"Todos os Santos, B.de(All Saints Bay)",,,[地名] 万圣湾 ( 巴西 ),,,,,0,0,,,
Todos Santos,,,[地名] 托多斯桑托斯 ( 玻、墨、危 ),,,,,0,0,,,
"Todos Santos, I.de",,,[地名] 托多斯桑托斯岛 ( 墨 ),,,,,0,0,,,
todpole,,,[网络] 蝌蚪,,,,,0,0,,,
todra,,,[网络] 托德拉；图德加河；图德拉,,,,,0,0,,,
todralazine,,,[化] 托屈嗪; 乙肼苯哒嗪,,,,,0,0,,,
todraw,,,[网络] 画；拉；绘制,,,,,0,0,,,
Todrazoline,,,托酞嗪,,,,,0,0,,,
todrive,,,[网络] 驾驶；开车；驱动,,,,,0,0,,,
Todrūyeh,,,[地名] 托德鲁耶 ( 伊朗 ),,,,,0,0,,,
tods,tɒd,,"n. 【印,纺】托德；〈英〉狐；狡猾的人；薮\n[网络] 托德斯；豆豆鞋；朵姿",,,,,0,0,0:tod/1:s,,
todt,,, [人名] 托特,,,,,0,0,s:todts,,
Todtenhausen,,,[地名] 托滕豪森 ( 德 ),,,,,0,0,,,
todtentanz,,,[网络] 托丹坦,,,,,0,0,,,
todtentanz (germany),,,死之舞(德国),,,,,0,0,,,
Todtmoos,,,[地名] 托特莫斯 ( 德 ),,,,,0,0,,,
Todtnau,,,[地名] 托特瑙 ( 德 ),,,,,0,0,,,
todts,,, [人名] 托特\n(todt 的复数),,,,,0,0,0:todt/1:s,,
Todus,,,[网络] 短尾鴗属,,,,,0,0,s:toduss,,
toduss,,,[网络] 短尾鴗属\n(todus 的复数),,,,,0,0,0:todus/1:s,,
tody,'tәudi,n tiny insectivorous West Indian bird having red-and-green plumage and a long straight bill,n. 鱼狗属的小鸟,,,,,0,0,s:todies,,
"Todzha, Ozero",,,[地名] 托贾湖 ( 俄 ),,,,,0,0,,,
Todzhinskaya Vpadina,,,[地名] 托贾洼地 ( 俄 ),,,,,0,0,,,
Todzhinskiy Rayon,,,[地名] 托贾区 ( 俄 ),,,,,0,0,,,
toe,tәu,n. one of the digits of the foot\nn. the part of footwear that provides a covering for the toes\nn. forepart of a hoof\nn. (golf) the part of a clubhead farthest from the shaft,"n. 足趾, 趾部, 脚趾\nvt. 以趾踏触, 用脚尖走\nvi. 动脚尖",v:2/n:98,2,1,cet4 cet6 ky toefl,3995,3360,s:toes/p:toed/i:toeing/d:toed/3:toes,,
TOE (total operating expense),,,操作费用,,,,,0,0,,,
toe a line,,,严守规则；听从命令；服从要求；履行职责；承担责任或(后果)；尽职，尽责；【田径】将足尖踏在起跑线上准备起跑；不越过起跑线,,,,,0,0,,,
toe a mark,,,严守规则；听从命令；服从要求；履行职责；承担责任或(后果)；尽职，尽责；【田径】将足尖踏在起跑线上准备起跑；不越过起跑线,,,,,0,0,,,
toe a scratch,,,"站在起跑线上,准备行动",,,,,0,0,,,
toe and heel,,,[美国英语]跳舞；脚趾脚跟协同操纵(赛车时的驾驶技巧),,,,,0,0,,,
toe and heel it,,,跳舞,,,,,0,0,,,
toe backward pointing,,,足尖后指地,,,,,0,0,,,
toe bead wire,,,(轮胎的)缘趾线环,,,,,0,0,,,
toe bearing,,,立式止推轴承,,,,,0,0,,,
toe biter,,,[网络] 咬脚趾虫,,,,,0,0,,,
toe biters,,,un. 潜蝽,,,,,0,0,,,
toe blanket,,,坝趾铺盖,,,,,0,0,,,
toe board,,,"趾板,搁脚板,脚踏板",,,,,0,0,,,
toe box,,,[网络] 头套；套头；鞋因包脚趾,,,,,0,0,s:toe boxes,,
toe boxes,,,头套；前衬,,,,,0,0,0:toe box/1:s,,
toe brake,,,脚踏闸,,,,,0,0,,,
toe burden,,,底盘抵抗线,,,,,0,0,,,
toe button,,,趾钮,,,,,0,0,,,
toe cap,,,鞋头,,,,,0,0,,,
toe catch,,,铁脐,,,,,0,0,,,
toe cheese,,,[网络] 皮屑,,,,,0,0,,,
toe circle,,,足尖回环,,,,,0,0,,,
toe cleat,,,un. 桨叉座\n[网络] 桨叉孔座,,,,,0,0,,,
toe clip,,,踏脚套,,,,,0,0,,,
toe clonus,,,[医] 趾阵挛,,,,,0,0,,,
toe contact,,,"齿顶接触,(伞齿轮啮合的)小端齿接触",,,,,0,0,,,
toe control,,,突趾控制,,,,,0,0,,,
toe crack,,,[化] 焊趾裂纹,,,,,0,0,s:toe cracks,,
toe cracks,,,【兽医学】马蹄前壁裂；【冶金学】焊缝边缘裂纹,,,,,0,0,0:toe crack/1:s,,
toe curling,,,adj. 令人无地自容的；丢人现眼的\n[网络] 让人感到非常尴尬的；脚趾头钩起,,,,,0,0,,,
toe cut,,,底部掏槽,,,,,0,0,,,
toe dance,,,足尖舞,,,,,0,0,s:toe dances,,
toe dancer,təu ˈdɑ:nsə,,n. 跳脚尖舞者,,,,,0,0,,,
toe dances,,,足尖舞(如芭蕾舞),,,,,0,0,0:toe dance/1:s,,
toe dancing,,,toe-dance的变形,,,,,0,0,s:toe dancings,,
toe dancings,,,toe-dance的变形,,,,,0,0,0:toe dancing/1:s,,
toe dog,,,小撑杆,,,,,0,0,,,
toe drain,,,坝趾排水层,,,,,0,0,,,
toe drop,,,[医] 趾下垂,,,,,0,0,,,
toe edge,,,[网络] 脚趾那边的板边；前刃,,,,,0,0,,,
toe edges,,,[网络] 脚趾边缘,,,,,0,0,,,
toe end,,,尖轨，趾端,,,,,0,0,,,
toe end of frog,,,辙叉趾端,,,,,0,0,,,
toe end of tooth,,,un. 轮齿趾端\n[网络] 齿的小端,,,,,0,0,,,
toe extension,,,(辙叉)趾延长(轨),,,,,0,0,,,
toe feathering,,,脚毛,,,,,0,0,,,
toe filter,,,坝趾反滤层;坝趾滤层,,,,,0,0,,,
toe forward pointing,,,足尖前指地,,,,,0,0,,,
toe great,,,"[医] ы趾, ы",,,,,0,0,,,
toe guard,,,[建] 护脚板,,,,,0,0,,,
toe hang,,,挂足尖悬垂,,,,,0,0,,,
Toe Hd.,,,[地名] 托角 ( 爱、英 ),,,,,0,0,,,
toe heel,,,踵趾步,,,,,0,0,,,
toe hold,,,un. 反踝开节扭脚趾；抗滑趾\n[网络] 立足点；脚趾固；脚趾固技术,,,,,0,0,,,
toe hole,,,底部炮眼;梯段底部炮眼,,,,,0,0,,,
toe in,,,[机] 前束,,,,,0,0,,,
toe in gage,,,un. 前轮前束测定器汽车,,,,,0,0,,,
toe in gauge,,,un. 前轮前束测定器汽车\n[网络] 前束量尺；前束量规,,,,,0,0,,,
toe index,,,(车床的转头的)转位;分度,,,,,0,0,,,
toe itch,,,[医] 钩虫痒病,,,,,0,0,,,
toe jam,,,[网络] 足尖压紧；足垢；趾间垢,,,,,0,0,,,
toe jams,,,[网络] 脚趾卡纸,,,,,0,0,,,
toe job,,,[网络] 脚趾工作,,,,,0,0,,,
toe jobs,,,[网络] 脚趾工作,,,,,0,0,,,
toe joint,,,齿接,,,,,0,0,,,
toe jump,,,足尖跳,,,,,0,0,,,
toe kick,,,脚尖踢球,,,,,0,0,,,
toe kicks,,,脚尖踢球,,,,,0,0,,,
toe last,,,[服装] 楦头,,,,,0,0,,,
toe laster,,,[服装] 绷尖机,,,,,0,0,,,
toe length of frog,,,辙叉趾长,,,,,0,0,,,
toe line,,,[网络] 脚尖线；坡脚线,,,,,0,0,,,
toe load of fastening,,,扣件扣压力,,,,,0,0,,,
toe loop,,,[网络] 后外点冰跳；托路普点跳；点冰路卜跳,,,,,0,0,,,
toe loop jump,,,后外点冰结环一周跳,,,,,0,0,,,
toe mounter,,,足尖下指,,,,,0,0,,,
toe nail,,,趾甲,,,,,0,0,,,
toe nail graft,,,趾甲移植物,,,,,0,0,,,
toe nail grafting,,,趾甲移植术,,,,,0,0,,,
toe narrowing,,,袜头收针,,,,,0,0,,,
toe notch,,,趾刻；趾号,,,,,0,0,,,
toe of ballast,,,道床趾部；道床坡脚,,,,,0,0,,,
toe of bead,,,(轮胎的)缘趾,,,,,0,0,,,
toe of beam,,,工字梁梁边,,,,,0,0,,,
toe of bracket,,,[网络] 肘板趾,,,,,0,0,,,
toe of frog,,,辙叉趾,,,,,0,0,,,
toe of retaining wall,,,挡土墙墙趾,,,,,0,0,,,
toe of side slope,,,坡脚,,,,,0,0,,,
toe of slope,,,坡脚,,,,,0,0,,,
toe of the weld,,,焊缝边界,,,,,0,0,,,
toe of tooth,,,擒纵轮的齿尾,,,,,0,0,,,
toe of wall,,,墙趾,,,,,0,0,,,
toe of weld,,,[化] 焊趾,,,,,0,0,,,
toe out,,,外八字脚,,,,,0,0,,,
toe out on turns,,,un. 转弯外倾\n[网络] 转向前展；转向时负前束,,,,,0,0,,,
toe pattern,,,[网络] 小端接触,,,,,0,0,,,
toe phenomenon,,,"[医] 足趾现象, 巴彬斯奇氏反射",,,,,0,0,,,
toe pick,,,[网络] 刀尖；刀齿,,,,,0,0,,,
toe picks,,,[网络] 冰鞋冰刀前部有刀齿,,,,,0,0,,,
toe piece,,,凸轮镶片,,,,,0,0,,,
toe pin,,,心轴,,,,,0,0,,,
toe pint,,,[法] 趾印,,,,,0,0,,,
toe piston,,,脚踏按钮,,,,,0,0,,,
toe plate,,,鞋尖铁片,,,,,0,0,,,
toe pleats,,,[网络] 脚趾褶,,,,,0,0,,,
toe pointing backward standing,,,足尖后点地,,,,,0,0,,,
toe pointing forward standing,,,足尖前点地,,,,,0,0,,,
toe pointing sideward standing,,,足尖侧点地,,,,,0,0,,,
toe poke,,,[网络] 脚尖捅球,,,,,0,0,,,
toe pressure of foundation,,,基础趾压力,,,,,0,0,,,
toe print,,,细微打印\n细微列印,,,,,0,0,,,
toe protection,,,坝趾防护,,,,,0,0,,,
toe rag,,,[网络] 脚趾抹布,,,,,0,0,,,
toe reflex,,,[医] 趾反射,,,,,0,0,,,
toe ring,,,[网络] 脚趾也戴戒指的；脚戒；脚趾环,,,,,0,0,,,
toe rings,,,[网络] 脚趾环；脚戒,,,,,0,0,,,
toe riser,,,起步板,,,,,0,0,,,
toe rope,,,桁曳网两袖网端的支索,,,,,0,0,,,
toe sack,,,[网络] 脚趾麻袋,,,,,0,0,,,
toe sb out,,,把某人踢出去,,,,,0,0,,,
toe scour,,,[网络] 脚趾冲刷,,,,,0,0,,,
toe shoe,,,芭蕾舞鞋,,,,,0,0,,,
toe shoes,,,[网络] 芭蕾舞鞋；指鞋；垫脚舞鞋,,,,,0,0,,,
toe shortening,,,(整形)削足术,,,,,0,0,,,
toe sideward pointing,,,足尖侧指地,,,,,0,0,,,
toe sign,,,"[医] 足趾征, 巴彬斯奇氏跖反射",,,,,0,0,,,
toe slab,,,趾版,,,,,0,0,,,
toe slipper,,,= toeshoe,,,,,0,0,,,
toe slope,,,山麓坡,,,,,0,0,,,
toe sock,,,[网络] 脚趾袜；有趾弹力袜；斑纹的脚趾袜,,,,,0,0,,,
toe socks,,,[网络] 五趾袜；五个脚趾分开的短袜；脚趾袜,,,,,0,0,,,
toe spining ball,,,上旋球,,,,,0,0,,,
toe split loop jump,,,后外点冰开脚一周跳,,,,,0,0,,,
toe spread,,,(辙叉)趾端开口距,,,,,0,0,,,
toe spread of frog,,,辙叉趾宽,,,,,0,0,,,
toe standing,,,足尖立,,,,,0,0,,,
toe step,,,足趾步,,,,,0,0,,,
toe stop,,,[网络] 脚趾停止,,,,,0,0,,,
toe stress,,,坝趾应力,,,,,0,0,,,
toe structure,,,趾状构造,,,,,0,0,,,
toe tag,,,[网络] 脚趾标签,,,,,0,0,,,
toe tap,,,[网络] 脚尖；脚尖侧点；点步串,,,,,0,0,,,
toe tapper,,,[网络] 足尖敲击者,,,,,0,0,,,
toe the line,,,"准备起跑, 听从",,,,,0,0,,,
toe the mark,,,"用脚尖踏在起跑线上, 遵守规则, 符合标准",,,,,0,0,,,
toe the party line,,,[网络] 紧跟著党的路线走,,,,,0,0,,,
toe the scratch,,,"用脚尖踩在起跑线上, 遵守规则",,,,,0,0,,,
toe tip,,,脚尖,,,,,0,0,,,
toe to toe,,,na. 旗鼓相当地\n[网络] 脚趾相见；针锋相对；近距离面对面,,,,,0,0,,,
toe toe,,,[网络] 鞋头；脚趾,,,,,0,0,s:toes toes,,
toe touch,,,[网络] 脚尖触碰；水手式；空中劈腿,,,,,0,0,,,
toe trench of levee,,,堤基防渗槽,,,,,0,0,,,
toe up,,,[网络] 脚趾开始织起；织袜基础班,,,,,0,0,,,
toe wall,,,坡脚墙;坝趾齿墙,,,,,0,0,,,
toe weight,,,坝趾压重,,,,,0,0,,,
toe weld,,,趾部焊缝,,,,,0,0,,,
toe zone,,,焊趾区,,,,,0,0,,,
toe-and-heel,'təuən'hi:l,,adj. = heel-and-toe,,,,,0,0,,,
toe-biter,,,[网络] 咬脚趾虫,,,,,0,0,,,
toe-biters,,,un. 潜蝽,,,,,0,0,,,
toe-cap,,,[服装] 鞋头,,,,,0,0,s:toe-caps,,
toe-caps,,plural of toe-cap,(toe-cap 的复数) [服装] 鞋头,,,,,0,0,0:toe-cap/1:s,,
toe-crack,,,[医] 蹄裂病(马),,,,,0,0,,,
toe-curling,təʊ ˈkə:liŋ,,a. 让人感到非常尴尬的,,,,,0,0,s:toe-curlings,,
toe-curlingly,,,adv. 丢人现眼地；无地自容地,,,,,0,0,,,
toe-curlings,,,a. 让人感到非常尴尬的\n(toe-curling 的复数),,,,,0,0,0:toe-curling/1:s,,
toe-dance,'tәjdɑ:ns;-dæns,,vi. 跳足尖舞,,,,,0,0,,,
toe-danced,,,vi. toe-dance的变形,,,,,0,0,,,
toe-dancing,,,vi. toe-dance的变形,,,,,0,0,,,
toe-end,,,趾端,,,,,0,0,,,
toe-end of tooth,,,轮齿趾端,,,,,0,0,,,
toe-hold,ˈtəʊˌhəʊld,,n. 攀登时脚趾大小的立足点,,,,,0,0,s:toe-holds,,
toe-holds,,,攀登时脚趾大小的立足点,,,,,0,0,0:toe-hold/1:s,,
toe-hole,,,un. 拉底炮眼；底孔\n[网络] 底部炮眼,,,,,0,0,,,
toe-in,,n. the alignment of the front wheels of a motor vehicle closer together at the front than at the back,[机] 前束,,,,,0,0,s:toes-in,,
toe-in angle,,,前束角,,,,,0,0,,,
toe-in gauge,,,[机] 前束规,,,,,0,0,,,
toe-jam,,,[网络] 足尖压紧；足垢；趾间垢,,,,,0,0,,,
toe-jams,,"That grey-brown [shit] that accumulates between your toes. Primarily composed of dead skin cells, sock fluff and sweat.\n> ""You eat your toe jam? No. No. That's way to disgusting.""\n",,,,,,0,0,,,
toe-kick,,,un. 脚尖踢球\n[网络] 尖刀踢；前脚掌踢；弹腿,,,,,0,0,,,
toe-kissing,'təukisiŋ,,n. 拍马屁,,,,,0,0,,,
toe-nail,'təʊn'eɪl,, 爪,,,,,0,0,s:toe-nails,,
toe-nails,,plural of toe-nail,(toe-nail 的复数)  爪,,,,,0,0,0:toe-nail/1:s,,
toe-off,,,[网络] 脚趾离地；脚趾要离地；大脚趾離地,,,,,0,0,,,
toe-out,,,[机] 前张,,,,,0,0,,,
toe-out on turns,,,转弯外倾,,,,,0,0,,,
toe-picking,,,[鸟] 咬脚癖,,,,,0,0,,,
toe-piece,,,n. 护蹄盖\n[网络] 固定器前尖；梯梁凸片,,,,,0,0,,,
toe-poke,,,[网络] 脚尖捅球,,,,,0,0,s:toe-pokes,,
toe-pokes,,,[网络] 脚尖捅球\n(toe-poke 的复数),,,,,0,0,0:toe-poke/1:s,,
toe-punching,,,打脚号,,,,,0,0,,,
toe-rag,,,[网络] 脚趾布,,,,,0,0,s:toe-rags,,
toe-rags,,plural of toe-rag,(toe-rag 的复数) [网络] 脚趾布,,,,,0,0,0:toe-rag/1:s,,
toe-spring,,,[服装] 翘头（鞋）,,,,,0,0,,,
toe-tag,,,[网络] 脚趾标签,,,,,0,0,,,
toe-tap flood plain,,,河曲氾原,,,,,0,0,,,
toe-tapper,,,[网络] 足尖敲击者,,,,,0,0,,,
toe-tappers,,,[网络] 脚趾叩头,,,,,0,0,,,
toe-tapping,,, 欢快的；轻松明快的,j:100,,,,0,0,s:toe-tappings,,
toe-tappingly,,,[网络] 脚趾,,,,,0,0,,,
toe-tappings,,, 欢快的；轻松明快的\n(toe-tapping 的复数),,,,,0,0,0:toe-tapping/1:s,,
toe-to-toe,,r in close combat or at close quarters,旗鼓相当地,j:100,,,,0,0,s:toes-to-toes,,
toe-to-toe drilling,,,竖直大炮眼的钻孔,,,,,0,0,,,
toe-toe,,,[网络] 鞋头；脚趾,,,,,0,0,,,
toe-walking,,,[网络] 脚尖走；脚趾走路；走路,,,,,0,0,,,
toea,'tɪə,n. 100 toea equal 1 kina in Papua New Guinea,n. 托伊（巴布亚新几内亚辅币单位）,,,,,0,0,s:toeas,,
toeaina,,,[网络] 托耶纳,,,,,0,0,,,
toeas,'tɒɪə,,托伊,,,,,0,0,0:toea/1:s,,
toeboard,'tәubɔ:d,,下部围护侧板,,,,,0,0,,,
toeboards,,,n. 抵趾板\n[网络] 围护侧板；脚踏板；下部围护侧板,,,,,0,0,,,
Toeboeka,,,[地名] 图布卡 ( 苏里 ),,,,,0,0,,,
toebox,,,[网络] 脚趾区；脚趾部位,,,,,0,0,,,
toecap,ˈtəʊkæp,"n. a protective leather or steel cover for the toe of a boot or shoe, reinforcing or decorating it","n. 鞋尖装饰, 鞋头",,,,,46481,0,s:toecaps,,
toecapped,,"past tense of toecap\nn. a protective leather or steel cover for the toe of a boot or shoe, reinforcing or decorating it","(toecap 的过去时) n. 鞋尖装饰, 鞋头",,,,,0,0,0:toecap/1:p,,
toecaps,,"n. a protective leather or steel cover for the toe of a boot or shoe, reinforcing or decorating it","n. 鞋尖装饰, 鞋头( toecap的复数形式 )",,,,,0,0,0:toecap/1:s3,,
Toechon,,,泰川,,,,,0,0,,,
toeclip,,,un. 踏脚套\n[网络] 靴套；狗嘴,,,,,0,0,,,
toeclipping,,,剪趾法,,,,,0,0,,,
toeclips,,,[网络] 踏脚夹套,,,,,0,0,,,
toecut,'təukʌt,,n. 【工程】底部掏槽,,,,,0,0,,,
toed,tәjd,a. having a toe or toes of a specified kind; often used in combination,"a. 有趾的, 斜着钉进去的",,,,toefl,0,0,0:toe/1:pd,,
toed nail,,,趾甲\n斜钉,,,,,0,0,,,
toed the line,,,听从；准备起跑,,,,,0,0,,,
toed up,,"An incorrect derivation of the term ""tore up"". Now used to mean getting fucked up so bad that you have to lay down.\n> Bro, lets get toed up tonight.\n",,,,,,0,0,,,
toed-in,,,内八字脚,,,,,0,0,,,
toed-out,,,外八字脚,,,,,0,0,,,
toeder,təʊd,,vt. toe的变形\nadj. 有趾的；[常用于带连词号的复合词]有…趾的,,,,,0,0,,,
toedest,təʊd,,vt. toe的变形\nadj. 有趾的；[常用于带连词号的复合词]有…趾的,,,,,0,0,,,
toeding,,,un. 趾疔,,,,,0,0,,,
toedrop,'tәjdrɔp,,"n. [医]趾下垂,垂趾",,,,,0,0,,,
toedt,,,[网络] 托德,,,,,0,0,,,
toedtman,,, [人名] 托特曼,,,,,0,0,,,
toedully,'təudəli,,adv. = totally,,,,,0,0,,,
toefl,'tәufl,,abbr. 托福考试（Test of English as a Foreign Language）,,,,,0,0,s:toefls,,
toefls,'təufəl,,"abbr. Test(或Testing) of English as a Foreign Language 托福考试,作为外国语的英语测试,英语作为一门外国语的考试",,,,,0,0,0:toefl/1:s,,
Toeghen,,,[地名] 托埃根 ( 布基 ),,,,,0,0,,,
Toehinoki-tōge,,,[地名] 枥木山口 ( 日 ),,,,,0,0,,,
toehold,,n. a relatively insignificant position from which future progress might be made\nn. a small foothold used in climbing\nn. a wrestling hold in which the toe is held and the leg is twisted against the joints,"n. 不稳的小立足点, 克服困难的办法, 微小的优势",n:100,,,,35900,26234,s:toeholds,,
toeholds,ˈtəʊˌhəʊldz,n. a relatively insignificant position from which future progress might be made\nn. a small foothold used in climbing\nn. a wrestling hold in which the toe is held and the leg is twisted against the joints,"n. 攀登悬崖时的小立足点, 排除障碍的方法( toehold的复数形式 )",,,,,0,0,0:toehold/1:s3,,
toei,,,n. (Toei)人名；(东南亚国家华语)水,,,,,0,0,,,
toeic,ˈtəʊɪk,,n. 国际交流英语考试,,,,,0,0,,,
toeier,'təui,,adj.\n[澳大利亚口语]紧张的，不安的；心神不定的；(马) 心不在焉的，神经质地跑着的,,,,,0,0,,,
toein,'təʊɪn,, 车轮前束,,,,,0,0,,,
toein gauge,,,前束量尺,,,,,0,0,,,
toeing,'təʊɪŋ,p. pr. & vb. n. of Toe, 轮子斜向,,,,,0,0,0:toe/1:i,,
toeing angle,,,车轮前束角\n前束角度\n前束角,,,,,0,0,,,
toeing pattern,,,啮合痕迹,,,,,0,0,,,
toeing the line,,,听从；准备起跑,,,,,0,0,,,
Toeing-In,,,趾朝内,,,,,0,0,,,
toeing-knife,,,修趾刀,,,,,0,0,,,
Toeing-Out,,,趾朝外,,,,,0,0,,,
toeings,,,n. 斜向\nv. 脚尖站立（toe的现在分词）,,,,,0,0,,,
toejo (nagwon),,,退潮(乐园),,,,,0,0,,,
toejob,,,[网络] 脚趾,,,,,0,0,,,
toejobs,,,[网络] 脚趾,,,,,0,0,,,
toek,,,[网络] 特克；面临；入声,,,,,0,0,,,
toeless,,a. lacking a toe or toes,"a. 无趾的, 无鞋尖的, 鞋尖部镂空的",,,,,0,0,,,
toeless joint bar,,,无趾端鱼尾钣,,,,,0,0,,,
toeless Lutz jump,,,钩手不点冰一周跳,,,,,0,0,,,
toelike,təu,,"toelike\nadj.\ntoe的变形\ntoe\n[təu]\nn.\n脚趾，足指，脚尖\n(马等动物的)趾\n(鞋、袜等的)足尖部\n脚趾状物；脚趾部\n【机械工程】轴踵；杆趾；(伞齿轮的)齿顶高\n【高尔夫球】球棒尖\n【建筑业】坡脚\n【足球】主攻队员\nvt.\n装(鞋、袜)的尖\n用脚尖踢(或触及)：\nto toe a starting line\n准备起跑\nThe pitcher toed the mound,wound up and threw a fast ball.\n投球手用脚趾踩踏板，挥动手臂，投出了一个快球。\n【高尔夫球】用棒尖击(球)\n斜钉(钉子等)；斜钉钉子使…固定\nvi.\n[美国英语]用脚尖站立；用脚尖走；把脚尖朝向：\nto toe in\n脚尖朝内\nto toe out\n脚尖朝外\n用脚尖跳舞\n短语:\na toe in the door\n插进门的一只脚(比喻可借此继续发展)\ndig one's toes in\n[美国口语]站稳自己的脚步，坚持自己的立场；坚决拒绝让步，誓不让步\nfrom top to toe (或 bottom)\n从头到脚；完完全全\nhave it on one's toes\n[俚语]逃跑\nheel and toe\n见 heel¹\non one's toes\n[口语]\n灵活机警的，警觉的；随时准备行动的\n坐立不安的，焦急的，兴奋的\n忙碌的，在活动中\nstep (或 tramp,tread) on someone's toes (或 on the toes of someone)\n伤害某人的感情；触犯某人\nstub one's toes against (或 on) something\n(脚)无意中踢到某物\nthe light fantastic toe\n[戏谑语]跳舞；舞蹈艺术\ntoe and heel(it)\n[美国英语]跳舞\ntoe the line(或 mark,scratch)\n将脚尖抵在起跑线上；站在出发线上；准备起跑\n服从命令(或纪律等)；严守规则\n承担责任(或后果)\ntoes up\n[俚语]死\ntoe to toe\n(近距离)面对面\nturn one's toes in\n(走路时)脚尖朝内\nturn one's toes out\n(走路时)脚尖朝外\nturn up one's toes (to the daisies)\n[俚语]死 [亦作 turn one's toes up]\n变形：\nvt.\ntoed\n. toeing",,,,,0,0,,,
toelke,,,特尔克,,,,,0,0,,,
toelken,,,[网络] 托尔金,,,,,0,0,,,
toelless,,,无趾的,,,,,0,0,,,
toellite,'tәulait,,(=tollite)榴英云玢岩,,,,,0,0,,,
toellite(tollite),,,英长云闪玢璃岩,,,,,0,0,,,
toenadering,,,n. 政治集会,,,,,0,0,,,
toenail,'tәuneil,n. the nail at the end of a toe,"n. 脚趾甲, 斜钉\n[医] 趾甲",n:100,,,,21884,15473,s:toenails/i:toenailing/p:toenailed/3:toenails/d:toenailed,,
toenail ulcer,,,"[医] 趾甲溃疡, 恶性甲床炎",,,,,0,0,,,
toenailed,'təʊ.neɪl,,n. 趾甲；脚指甲；足尖背\n[网络] 斜叉钉,,,,,0,0,1:pd/0:toenail,,
toenailing,'təʊ.neɪl,,n. 趾甲；脚指甲；足尖背\n[网络] 斜钉法,,,,,0,0,1:i/0:toenail,,
toenails,ˈtəʊˌneɪlz,n the nail at the end of a toe\nv drive obliquely,n. 脚趾甲( toenail的名词复数 ); （木匠用的）斜钉,,,,,0,0,1:s3/0:toenail,,
Toenamjang,,,退南鸠,,,,,0,0,,,
toensing,,, [人名] 滕辛,,,,,0,0,,,
toeof ballast,,,道床坡脚,,,,,0,0,,,
toeof bead,,,缘趾(轮胎的),,,,,0,0,,,
toeof beam,,,工字梁梁边,,,,,0,0,,,
toeof blade,,,尖轨趾(尖端),,,,,0,0,,,
toeoff,,,趾离地,,,,,0,0,,,
toeout,ti'ːaʊt,,n. 汽车的前轮负前束(反前束；后束),,,,,0,0,,,
toeout on turns,,,左右前轮转向角度差,,,,,0,0,,,
toepad,,,un. 护脚\n[网络] 羊毛制；脚底有肉趾,,,,,0,0,,,
toepads,,,[网络] 芭蕾舞鞋垫；足尖套护垫,,,,,0,0,,,
toepfer,,, [医]特普费尔试验[胃酸定量法]; [人名] 特普弗,,,,,0,0,,,
toepick,,,[网络] 托比,,,,,0,0,,,
toepicks,,,[网络] 托比,,,,,0,0,,,
toepiece,'tәjpi:s,,"n. 鞋尖装饰, 鞋头",n:100,,,,0,34231,s:toepieces,,
toepieces,,,[网络] 手表,,,,,0,0,0:toepiece/1:s,,
toeplate,'tәjpleit,,n. 鞋底前掌铁,,,,,0,0,,,
toeplece,,,鞋头料,,,,,0,0,,,
Toepler,,,[网络] 和托普勒；特普勒,,,,,0,0,,,
toepler electrical machine,,,托普勒起电机,,,,,0,0,,,
Toepler machine,,,普勒电机(静电发生器),,,,,0,0,,,
Toepler pump,,,[化] 托普勒泵,,,,,0,0,,,
Toepler schlieren apparatus,,,托普勒纹影仪,,,,,0,0,,,
Toepler-Holtz generator,,,[电] 托普勒－霍尔兹起电机,,,,,0,0,,,
Toepler-Holtz machine,,,托普勒-霍尔兹电机,,,,,0,0,,,
Toeplitz matrix,,,[网络] 托布里兹矩阵；特氏矩阵；常对角矩阵,,,,,0,0,,,
Toeplitz operator,,,特普利茨算子,,,,,0,0,,,
toeplitz property,,,特普立兹性质,,,,,0,0,,,
toeplitz recursion,,,特普立兹递归,,,,,0,0,,,
toepoke,,,[网络] 打电话,,,,,0,0,,,
toepokes,,"Putting your toe in a persons crevice.\n> Callum Long put his toe in Ethan's mouth, this was a Toe-Poke.\n",,,,,,0,0,,,
toeprint,,,[网络] 细微列印,,,,,0,0,,,
toeprinting,,,[网络] 趾纹法,,,,,0,0,,,
toeprints,,,[网络] 图纸,,,,,0,0,,,
toer,,,[网络] 恶臭排放强度；托业,,,,,0,0,,,
toerag,,, 浑蛋；废物,,,,,0,0,s:toerags,,
toerags,,plural of toerag,(toerag 的复数)  浑蛋；废物,,,,,0,0,0:toerag/1:s3,,
toering,,,[网络] 脚趾也戴戒指的,,,,,0,0,,,
toerings,,,[网络] 脚趾环；脚戒,,,,,0,0,,,
toernebohmite,"'tәuәnә,bәu,mait",,羟硅铈矿,,,,,0,0,,,
toernebohmite (t?rnebohmite- (ce)),,,硅铈矿（硅稀土石）,,,,,0,0,,,
toes,,n one of the digits of the foot\nn the part of footwear that provides a covering for the toes\nn forepart of a hoof\nn (golf) the part of a clubhead farthest from the shaft\nv walk so that the toes assume an indicated position or direction\nv drive obliquely\nv hit (a golf ball) with the toe of the club\nv drive (a golf ball) with the toe of the club\nv touch with the toe,n. 脚趾（toe的复数）,,,,,0,0,1:s3/0:toe,,
TOES (trade-off evaluation system),,,合鉴定系统,,,,,0,0,,,
toes in,,,[网络] 内八字,,,,,0,0,,,
toes outward,,,脚尖外撇,,,,,0,0,,,
toes toes,'təutəu,,n. 全部；总数\nn. (Toto)人名；(意、南非、印尼)托托,,,,,0,0,0:toe toe/1:s,,
toes up,,,"死,翘辫子",,,,,0,0,,,
toes-in,,,[网络] 内八字,,,,,0,0,0:toe-in/1:s,,
toes-out,,,[网络] 有外八字脚；外八字,,,,,0,0,,,
toes-to-toes,,,旗鼓相当地\n(toe-to-toe 的复数),,,,,0,0,0:toe-to-toe/1:s,,
toes-up,,,na. 死\n[网络] 翘辫子,,,,,0,0,,,
toeset,,,趾积层,,,,,0,0,,,
toeshoe,'tәjʃu:,,n. 芭蕾舞鞋,,,,,0,0,,,
toeshoes,,,[网络] 五趾鞋；足尖鞋,,,,,0,0,,,
toeside,,,[网络] 脚趾边；反向落水；面山,,,,,0,0,,,
toesides,,,[网络] 除此之外,,,,,0,0,,,
toesies,,,[网络] 图片,,,,,0,0,,,
toesign,,,足趾征,,,,,0,0,,,
toest,təʊ,,n. 脚趾，足指，脚尖；(马等动物的)趾\nvt. 装(鞋、袜)的尖；用脚尖踢(或触及)：\nvi. [美国英语]用脚尖站立；用脚尖走；把脚尖朝向：；用脚尖跳舞,,,,,0,0,,,
toestrike,,,趾着地,,,,,0,0,,,
toetoe,,,[网络] 香港；兜兜,,,,,0,0,s:toetoes,,
toetoes,,,[网络] 香港；兜兜\n(toetoe 的复数),,,,,0,0,0:toetoe/1:s,,
Toetoes B.,,,[地名] 托伊托伊斯湾 ( 新西 ),,,,,0,0,,,
toew,,,[网络] 缈昏劯,,,,,0,0,,,
toews,,,n. (Toews)人名；(德)特夫斯,,,,,0,0,,,
toey,,," （人或动物）神经紧张的, 焦急不安的, 躁动的",,,,,0,0,,,
toeyer,'təui,,adj.\n[澳大利亚口语]紧张的，不安的；心神不定的；(马) 心不在焉的，神经质地跑着的,,,,,0,0,,,
tof,,,abbr. time of flight 飞行时间; top of form 精神健旺; （运动员）竞技状态能发挥自己的水平; 状态已知的表现能力处于顶峰,,,,,0,0,s:tofs,,
TOF analysis,,,飞行时间分析,,,,,0,0,,,
tof-ms,,,abbr. time of flight-mass spectrometry 飞行时间质谱法; time-of-fight mass spectroscopy 飞行时间质谱分析法; time-of-flight mass spectrometer 飞行时间质谱计,,,,,0,0,,,
tof-sars,,,abbr. time-of-flight scanning and recoiling spectrometry 飞行时间扫描与反冲能谱测定法,,,,,0,0,,,
tof-sims,,,[网络] 飞行时间二次离子质谱；飞行时间二次离子质谱仪；飞行时间式二次离子质谱仪,,,,,0,0,,,
tofa,,,abbr. Tall oil fatty acids 妥尔油脂肪酸; time of flight analyzer 飞行时间分析器，渡越时间分析器,,,,,0,0,,,
tofaceous,'tәufәsiәs,,"凝灰岩色的, 白泥色的",,,,,0,0,,,
tofacine,,,二苯甲氧胺,,,,,0,0,,,
tofacitinib,,,[网络] 托法替尼；枸橼酸托法替尼,,,,,0,0,,,
Tofalar,,,[网络] 图法拉尔人；托发拉尔人,,,,,0,0,,,
tofall,'tu:fɔ:l,,[苏]靠在另一所房屋外的披屋,,,,,0,0,,,
tofan,'tɔ:fæn,,"(=tufon, tufan)托范风暴",,,,,0,0,,,
tofan limestone,,,豆房石灰岩,,,,,0,0,,,
Tofangoceras,,,豆房沟角石,,,,,0,0,,,
tofani,,, [人名] 托法尼,,,,,0,0,s:tofanis,,
tofanil-PM,,,双羟萘酸丙咪嗪,,,,,0,0,,,
tofanis,,, [人名] 托法尼\n(tofani 的复数),,,,,0,0,0:tofani/1:s,,
Tofas,,,[网络] 托发斯；托法斯；托法斯公司,,,,,0,0,,,
Tofaxin,,,"生育酚,产妊酚",,,,,0,0,,,
TOFC,,,abbr. Trailers on Flatcar (铁路)平板车装运载有集装箱的拖车数,,,,,0,0,,,
tofel,,,[网络] 托福；网考；托福考试,,,,,0,0,,,
tofenacin,,,[化] 托芬那辛; 二苯甲氧胺,,,,,0,0,,,
Toferidine,,,"氢甲菲啶,八氢甲氧甲菲啶",,,,,0,0,,,
Tofernacin,,,托芬那辛,,,,,0,0,,,
tofesilate,tә'fesileit,,四氢二甲基二氧嘌呤乙磺盐,,,,,0,0,,,
tofetridine,,,托菲曲定,,,,,0,0,,,
toff,tɒf,n. informal term for an upper-class or wealthy person,"n. 花花公子, 有钱人, 爱打扮的人",n:100,,,,26217,43177,s:toffs,,
toffee,'tɒfi:,n caramelized sugar cooled in thin sheets,"n. 乳脂糖, 太妃糖",n:100,,,,15958,26525,s:toffees,,
toffee apple,ˈtɔ:fi: ˈæpl,, 焦糖苹果,,,,,0,0,s:toffee apples,,
toffee apples,,,n. 【食】焦糖苹果；蜜糖苹果\n[网络] 太妃糖苹果；拔丝苹果；竹签,,,,,0,0,0:toffee apple/1:s,,
toffee mint,,,薄荷太妃糖,,,,,0,0,,,
toffee paper,,,(太妃糖的)包糖纸,,,,,0,0,,,
toffee-apple,'tɒfi:'æpl,,n. 苹果棒糖,,,,,0,0,s:toffee-apples,,
toffee-apples,,plural of toffee-apple,(toffee-apple 的复数) n. 苹果棒糖,,,,,0,0,0:toffee-apple/1:s,,
toffee-brown,'tɔfibraun; 'tɔ:-,,n. 中褐色,,,,,0,0,,,
toffee-nose,'tɔfinəuz; 'tɔ:-,,n. [英国俚语]骄傲的人，自大的人，趾高气扬的人,,,,,0,0,,,
toffee-nosed,,s. snobbish; pretentiously superior,"a. 势利的, 摆阔的",,,,,0,0,s:toffee-noseds,,
toffee-noseds,'tɔfinəuzd; 'tɔ:,,adj. [英国俚语]骄傲的，自大的，趾高气扬的,,,,,0,0,0:toffee-nosed/1:s,,
toffees,ˈtɔ:fi:z,n. caramelized sugar cooled in thin sheets,"n. 太妃糖( toffee的复数形式 ); 做某事很蹩脚, 不能胜任某事",,,,,0,0,0:toffee/1:s,,
toffel,,, [人名] 托费尔,,,,,0,0,,,
toffer,,,[网络] 未来学家托夫勒；杜佛勒,,,,,0,0,,,
toffey,,,[网络] 托菲,,,,,0,0,,,
toffies,'tɔfi,,n. 乳脂糖；太妃糖（等于toffee）,,,,,0,0,0:toffy/1:s,,
toffish,,,[网络] 烘焙,,,,,0,0,,,
toffishness,,,[网络] 洗澡,,,,,0,0,,,
toffler,,,托夫勒（人名）,,,,,0,0,,,
tofflers,,,[网络] 托夫勒,,,,,0,0,,,
Toffo-Sèdji,,,[地名] 托福塞吉 ( 贝宁 ),,,,,0,0,,,
toffs,tɔfs,n. informal term for an upper-class or wealthy person,n. 有钱人( toff的复数形式 ); 名人; 爱打扮的人; 花花公子,,,,,0,0,0:toff/1:s3,,
toffy,'tɔfi;'tɔ:-,n caramelized sugar cooled in thin sheets,"n. 乳脂糖, 太妃糖",,,,,0,0,s:toffies,,
tofhla,,,abbr. test of functional health literacy in adults 成人健康读写能力功能的测试,,,,,0,0,,,
tofi,,,[网络] 上海托菲机电科技有限公司,,,,,0,0,s:tofis,,
Tofield,,,[地名] 托菲尔德 ( 加 ),,,,,0,0,,,
Tofieldia,,,[网络] 岩菖蒲属,,,,,0,0,s:tofieldias,,
Tofieldia coccinea,,,n. 长白岩菖蒲,,,,,0,0,,,
Tofieldia divergens,,,n. 叉柱岩菖蒲,,,,,0,0,,,
tofieldia nuda maxim.,,,花石菖,,,,,0,0,,,
Tofieldia nutans,,,[网络] 长白岩菖蒲,,,,,0,0,,,
Tofieldia thibetica,,,n. 岩菖蒲,,,,,0,0,,,
tofieldias,,,[网络] 岩菖蒲属\n(tofieldia 的复数),,,,,0,0,0:tofieldia/1:s,,
tofilau,,,托菲劳,,,,,0,0,s:tofilaus,,
tofilaus,,,托菲劳\n(tofilau 的复数),,,,,0,0,0:tofilau/1:s,,
tofimilast,,,[网络] 妥非司特,,,,,0,0,,,
tofino,,, [地名] [加拿大] 托菲诺,,,,,0,0,,,
Tofinus,,,[网络] 金鱼鱼,,,,,0,0,,,
tofis,,,[网络] 上海托菲机电科技有限公司\n(tofi 的复数),,,,,0,0,0:tofi/1:s,,
tofiseparator,",tɔfi'sepәreitә",,撕烟机,,,,,0,0,,,
Tofisoline,,,甲氧异喹亚胺,,,,,0,0,,,
tofisopam,,,[化] 托非索泮; 甲氧乙氮┳,,,,,0,0,,,
Tofizopam,,,甲氧异氮卓,,,,,0,0,,,
TOFMS,,,[化] 飞行时间质谱仪,,,,,0,0,,,
tofo,,,[网络] 突风；汤姆-福特；骆驼峰,,,,,0,0,,,
tofore,,,[网络] 以前,,,,,0,0,,,
toforehand,,,[网络] 到手,,,,,0,0,,,
toforetime,,,[网络] 到时间,,,,,0,0,,,
tofosfamide,,,屈磷胺,,,,,0,0,,,
Tofoxin,,,维生素E,,,,,0,0,,,
TOFPET,,,[=time-of-flight positron emission tomography]渡越时间正电子发射体层摄影术,,,,,0,0,,,
tofranazine,,,丙米嗪和丙嗪合剂,,,,,0,0,,,
Tofranil,'tɔfrәnil,n a tricyclic antidepressant (trade names Imavate and Tofranil) used to treat clinical depression,n. [药]盐酸丙咪嗪(imipramine的商标名),,,,,0,0,s:tofranils,,
tofranil (imipramine),,,商品名：妥富脑，学名：伊米帕明 {註：一种抗忧郁药物},,,,,0,0,,,
Tofranil-PM,,,双羟萘酸丙米嗪胶囊,,,,,0,0,,,
tofranils,'tɔfrənil,,n. 盐酸丙咪嗪（imipramine的商标名）,,,,,0,0,0:tofranil/1:s,,
tofs,,,abbr. terrestrial optical fiber system 陆地光纤系统; timing optical fiber system 定时光纤系统,,,,,0,0,0:tof/1:s,,
toft,tɔft,"n. A knoll or hill.\nn. A grove of trees; also, a plain.\nn. A place where a messuage has once stood; the site of a burnt\n   or decayed house.","n. 宅地, 屋基\n[法] 屋基, 宅地, 小丘",,,,,46289,0,s:tofts,,
Tofta,,,[地名] 托夫塔 ( 瑞典 ),,,,,0,0,,,
Tofte,,,[地名] 托夫特 ( 美 ),,,,,0,0,,,
tofteland,,,[网络] 弗特兰德,,,,,0,0,,,
Toften,,,[地名] 托夫滕湖 ( 瑞典 ),,,,,0,0,,,
Tofterup,,,[地名] 措夫特鲁普 ( 丹 ),,,,,0,0,,,
Toftir,,,[地名] 托夫蒂尔 ( 法罗 ),,,,,0,0,,,
Toftlund,,,[地名] 措夫特隆 ( 丹 ),,,,,0,0,,,
toftman,,,[网络] 托夫曼,,,,,0,0,,,
toftmen,,,[网络] 拖鞋,,,,,0,0,,,
tofts,,"-s form of toft\nn. A knoll or hill.\nn. A grove of trees; also, a plain.\nn. A place where a messuage has once stood; the site of a burnt\n   or decayed house.","(toft 的第三人称 -s形式) n. 宅地, 屋基\n[法] 屋基, 宅地, 小丘",,,,,0,0,0:toft/1:s3,,
Toftφy,,,[地名] 托夫特岛 ( 挪 ),,,,,0,0,,,
tofu,'tәufu:,n cheeselike food made of curdled soybean milk,n. 豆腐,n:100,,,,43551,10306,s:tofus,,
tofu cake,,,"豆腐渣, 豆腐（渣）",,,,,0,0,,,
tofu pudding,,, 豆花,,,,,0,0,,,
tofu rock,,,豆腐岩,,,,,0,0,,,
tofu skin,,,[网络] 腐皮；豆腐皮；豆皮,,,,,0,0,,,
Tofua,,,[地名] 托富阿岛 ( 汤加 ),,,,,0,0,,,
tofuburger,,,[网络] 豆腐汉堡店；豆腐汉堡包；豆腐堡,,,,,0,0,,,
tofuburgers,,,[网络] 豆腐汉堡扒,,,,,0,0,,,
tofukasu,,,[医] 豆腐渣,,,,,0,0,,,
tofurkey,'təʊfɜːkɪ,,n. 火鸡状豆腐,,,,,0,0,,,
tofurkies,,"A wonderous creation. It is a vaguely meat-like soy product...and some damn fine eatin!\n> Pass the tofurky guys. Man, I'm so glad our CLIQUE had this vegan dinner party.\n",,,,,,0,0,,,
tofurky,,,[网络] 素火鸡,,,,,0,0,,,
tofus,'təʊfuː,"n. Tophus.\nn. Tufa. See under Tufa, and Toph.",n. 豆腐,,,,,0,0,0:tofu/1:s,,
Tofutti,'təufuti,,n. 【商标】豆腐冻，豆腐雪糕，豆腐冰淇淋(一种非乳制品甜食),,,,,0,0,,,
tog,tɒg,v provide with clothes or put clothes on,n. 衣服\nvt. 给穿上,,,,,36276,0,s:togs/p:togged/d:togged/i:togging/3:togs,,
tog himself out,,,vi. 漂亮地打扮起来,,,,,0,0,,,
tog oneself out,,,漂亮地打扮起来,,,,,0,0,,,
tog oneself up,,,漂亮地打扮起来,,,,,0,0,,,
tog out,,, [口语]漂亮地打扮起来; 穿上盛装; 穿起漂亮的衣服,,,,,0,0,,,
tog sb out,,,用特别漂亮的衣服打扮,,,,,0,0,,,
tog sb up,,,用特别漂亮的衣服打扮,,,,,0,0,,,
tog up,,,[口语]漂亮地打扮起来；穿上盛装；穿起漂亮的衣服,,,,,0,0,,,
toga,'tәugә,n. a one-piece cloak worn by men in ancient Rome,"n. 宽外袍, 参议员的职位",n:100,,,,26770,25467,s:togas,,
toga parties,,,[网络] 加拿大派对,,,,,0,0,,,
toga party,,,[网络] 古罗马长袍派对,,,,,0,0,,,
toga praetexta,",təuɡəpri:'tekstə",,"[复数] togae praetextae ／,təuɡaipri:'teksti;,-dʒi:pri:-,-ɡi:pri:-／ [拉丁语](文职官员等穿的)紫红滚边白长袍",,,,,0,0,,,
toga virilis,",təuɡəvi'ri:lis; -'ri-; -'rai-",, (古罗马男孩成年时领受的白色)成年服,,,,,0,0,s:toga viriliss,,
toga viriliss,",təuɡəvi'ri:lis; -'ri-; -'rai-",,"[复数] togae viriles ／,təuɡaivi'ri:leis,-'ri-,-'rai-,,təudʒi:-,,təuɡi:-／ [拉丁语](古罗马男孩成年时领受的白色)成年服",,,,,0,0,0:toga virilis/1:s,,
Toga-wan,,,户贺湾,,,,,0,0,,,
togae,'təʊɡi:,pl.  of Toga,"n. 制服, 官服",,,,,0,0,,,
togae (dokae),,,道开,,,,,0,0,,,
togaed,'tәj^әd,,"a. 穿宽外袍的, 着官服的",,,,,0,0,,,
TOGAF,,,[网络] 企业架构框架；架构框架(The Open Group Architecture Framework)；开放组织架构框架,,,,,0,0,,,
togai,,,n. (Togai)人名；(日)栂井 (姓),,,,,0,0,,,
Togakushi,,,[地名] 户隐 ( 日 ),,,,,0,0,,,
Togakushi-mura,,,户隐村,,,,,0,0,,,
togalike,,"togalike (comparative more togalike, superlative most togalike)\nResembling a toga or some aspect of one.\n",,,,,,0,0,,,
Togamycin,,,"奇放线菌素,放线壮观素",,,,,0,0,,,
Togane,,,东金,,,,,0,0,,,
togarashi,,,[网络] 万愿寺唐辛子,,,,,0,0,,,
Togarmah,,,[网络] 陀迦玛；陀迦瑪；陀迦玛族,,,,,0,0,,,
togas,ˈtəuɡəz,pl.  of Toga,"n. 宽外袍, 参议员的职位( toga的名词复数 )",,,,,0,0,0:toga/1:s,,
togate,'tәu^eit,,穿官服的,,,,,0,0,,,
togated,'tәu^eitid,a. Dressed in a toga or gown; wearing a gown; gowned.,"a. 着官服的, 庄严的",,,,,0,0,,,
togatus,,,[网络] 穿托伽的人,,,,,0,0,,,
togaviral,,,[网络] 披膜病毒,,,,,0,0,,,
Togaviridae,,,n. 披膜病毒科\n[网络] 披盖病毒科；披衣病毒科；披膜毒科,,,,,0,0,s:togaviridaes,,
togaviridaes,,,n. 披膜病毒科\n[网络] 披盖病毒科；披衣病毒科；披膜毒科\n(togaviridae 的复数),,,,,0,0,0:togaviridae/1:s,,
togavirus,"'tәj^ә,vaiәrәs",,"n. [微]外衣病毒,囊膜病毒",,,,,0,0,,,
togaviruses,,,[网络] 披膜病毒；披膜病毒科；披衣病毒,,,,,0,0,,,
togba,,,[网络] 托巴镇；托哥巴,,,,,0,0,,,
togbe,,,[网络] tog be,,,,,0,0,,,
Togbo,,,[地名] 托博 ( 中非 ),,,,,0,0,,,
Togbé-Ayiho,,,[地名] 托贝阿伊霍 ( 多哥 ),,,,,0,0,,,
togc,,,[网络] 樋,,,,,0,0,s:togcs,,
togcs,,plural of togc,(togc 的复数) [网络] 樋,,,,,0,0,0:togc/1:s,,
"Togdheer, Gobolka",,,[地名] 托格代尔州 ( 索 ),,,,,0,0,,,
toge,,,[网络] 峠；豆芽；我们携手同心,,,,,0,0,,,
togeather,,,[网络] 一起,,,,,0,0,,,
toged,tɒg,a. Togated.,"n. [俚语]上衣；斗篷；披风；[复数][口语]衣服；(在一定场合穿的)成套服装\nvt. [口语](使)穿衣；(给…)穿衣(常与 up, out 连用)：\nvi. [口语]穿衣；打扮",,,,,0,0,,,
togeman,,,[网络] 托曼,,,,,0,0,,,
togemans,,,[网络] 多米尼加共和国,,,,,0,0,,,
toges,,,[网络] 倾斜,,,,,0,0,,,
toget,,,[网络] 下载；来函照刊；软体资料库,,,,,0,0,,,
togeth,,,[网络] 爱就宅一起,,,,,0,0,,,
together,tә'geðә,s. mentally and emotionally stable\nr. in contact with each other or in proximity\nr. assembled in one place\nr. in each other's company,"adv. 一起, 共同, 彼此",r:100,5,1,zk gk,288,324,,,
together forever,,,[网络] 永远在一起；在一起到永远；永不分离,,,,,0,0,,,
together in heaven,,,[网络] 比翼天堂,,,,,0,0,,,
together to comprise the court,,,[法] 组成合议法庭,,,,,0,0,,,
together we are one,,,[网络] 我们在一起；我们一起向梦想高飞；永不分离,,,,,0,0,,,
together with,,,"和, 加之",,,,,0,0,,,
together-in,,,[网络] 杭州小聚,,,,,0,0,,,
togetherdom,,,[网络] 团结一致,,,,,0,0,,,
togetherful,,,[网络] 合作,,,,,0,0,,,
togetherhood,,,[网络] 团结,,,,,0,0,,,
togethering,tə'geðə,,adv.\n一起，一同；共同：\nWe spent a week together.\n我们共度了一个星期。\n合力地：\nTo-gether they were able to lift the sofa.\n他们一起动手才抬起了那张沙发。\n集合地；总合地；连结：\na reunion to bring the family together\n合家团聚\n同时；一齐：\nYou cannot have both together.\n你不能二者兼得。\n互相，彼此：\nThe cars skidded together.\n汽车相撞。\nto confer together\n相互协商\n一致；协调地，配合地；紧凑，前后连贯：\nto get together on a deal\n达成协议(或交易)\nThe argument doesn't hang together well.\n这项论证前后不连贯。\n连续的，接连不断地：\nto sulk for three days together\n一连三天都绷着脸不高兴\nadj.\n无忧无虑的；不慌不忙的；镇定自若的；沉着的；稳健的；安详的；自信的；坚定的\n大志已酬的\n协调的；和谐的\n精明的；善于社交应酬的\n[俚语]\n时髦的\n组织有序的；安排得当的\n短语:\nall together\n总共\n一起，同时\nget it all together\n[美国俚语]变得镇定自若，沉着冷静，胸有成竹；变得无忧无虑；持有稳重的人生观，持有稳健的生活态度\n(受压或受惊后)恢复镇定\n(女子)身材匀称\nget together\n见 get\ngo together\n见 go¹\nhold together\n(使)连在一起\n(使)结合在一起；(使)团结一致\n使免于神经(或精神)上的崩溃\nput it all together\n= get it all together\nput two and two together\n见 two\nrun together\n(把…)连(或结合)在一起；混合，交融；纠缠\ntogether with\n和；连同；加之,,,,,0,0,,,
togetherish,,,[网络] 团结,,,,,0,0,,,
togetherlike,,,[网络] 一起喜欢,,,,,0,0,,,
togetherly,,,[网络] 一起,,,,,0,0,,,
togetherness,tә'^eðәnis,n. affectionate closeness,"n. 和睦, 友好",n:100,,,,22298,19454,s:togethernesses,,
togethernesses,tə'geðənɪs,,n. 相聚，家庭聚会；团结精神；归属感,,,,,0,0,0:togetherness/1:s,,
togethers,,,[网络] 主料；合力小食店,,,,,0,0,,,
togethership,,,[网络] 合作,,,,,0,0,,,
togey,,,[网络] 装甲,,,,,0,0,,,
togg,,,v. 给穿上,,,,,0,0,,,
togge,,,[网络] tog ge,,,,,0,0,,,
togged,tɔɡd,v provide with clothes or put clothes on\ns dressed especially in smart clothes,"v. 给穿上, <口>穿衣, 打扮( tog的过去式和过去分词 )",,,,,0,0,0:tog/1:pd,,
togged up,,,[网络] tog了起来,,,,,0,0,,,
toggel,,,[网络] 切换,,,,,0,0,,,
toggenbrug goat,,,吐根堡山羊,,,,,0,0,,,
toggenburg,'tɔ^әnbә:^,,托根伯格山羊,,,,,0,0,,,
toggenburg goat,,,吐根堡山羊,,,,,0,0,,,
Toggenburg Succession,,,吐根堡继承权,,,,,0,0,,,
Togger,,,[网络] 罗格,,,,,0,0,,,
toggeries,'tɒg(ə)rɪ,,n. 衣服；服装店,,,,,0,0,,,
toggery,'tɒgәri,"n. Clothes; garments; dress; as, fishing toggery.",n. 衣服,,,,,0,0,,,
toggie switch,,,手开关,,,,,0,0,,,
togging,tɔɡɪŋ,v provide with clothes or put clothes on,"v. 给穿上, <口>穿衣, 打扮( tog的现在分词 )",,,,,0,0,0:tog/1:i,,
togglability,,,[网络] 可折叠性,,,,,0,0,,,
togglable,,,[网络] 电池状态,,,,,0,0,,,
toggle,'tɒgl,n. any instruction that works first one way and then the other; it turns something on the first time it is used and then turns it off the next time\nn. a fastener consisting of a peg or pin or crosspiece that is inserted into an eye at the end of a rope or a chain or a cable in order to fasten it to something (as another rope or chain or cable)\nv. provide with a toggle or toggles,"n. 绳针, 套索钉\nvt. 拴牢\n[计] 切换",v:34/n:66,,,,25010,24445,s:toggles/d:toggled/i:toggling/3:toggles/p:toggled,,
toggle action,,,曲柄动作,,,,,0,0,,,
toggle actuator,,,拨转开关,,,,,0,0,,,
toggle angle,,,肘节角,,,,,0,0,,,
toggle arm,,,肘节臂,,,,,0,0,,,
toggle arrangement,,,肘节装置,,,,,0,0,,,
toggle bolt,ˈtɔɡl bəult,, 系墙螺栓,,,,,0,0,s:toggle bolts,,
toggle bolts,,,系佰螺栓\n肋节栓（toggle bolt的复数）,,,,,0,0,0:toggle bolt/1:s,,
toggle bookmark,,,[网络] 增加书签；切换标记；在当前行置书签,,,,,0,0,,,
toggle brake,,,"套环制动器,带伸缩元件的制动,肘节闸",,,,,0,0,,,
toggle breakpoint,,,[计] 切换断点,,,,,0,0,,,
toggle button,,,(服装的)套环扣，棒形纽扣,,,,,0,0,,,
toggle chain,,,套环链;肘节链,,,,,0,0,,,
toggle chuck,,,肘环套接卡盘,,,,,0,0,,,
toggle circuit,,,触发器,,,,,0,0,,,
toggle clamp,,,铰接夹,,,,,0,0,,,
toggle clutch,,,肘杆式离合器,,,,,0,0,,,
toggle condition,,,[电] 捺跳状态,,,,,0,0,,,
toggle draw die,,,双动柱模,,,,,0,0,,,
toggle drawing press,,,肘杆式拉深压力机,,,,,0,0,,,
toggle effect,,,肘节效应,,,,,0,0,,,
toggle flip flop,,,[计] 计数型触发器,,,,,0,0,,,
toggle flip-flop,,,反转触发器,,,,,0,0,,,
toggle flipflop,,,触发器,,,,,0,0,,,
toggle frequency,,,反复频率,,,,,0,0,,,
toggle grid,,,[计] 网格线开关,,,,,0,0,,,
toggle grip,,,肘节柄,,,,,0,0,,,
toggle harpoon,,,= toggle iron,,,,,0,0,,,
toggle hook,,,肘节钩,,,,,0,0,,,
toggle iron,,,na. (刃部可移动的)捕鲸标枪,,,,,0,0,,,
toggle joint,,,"[机] 肘节接合, 位力装置",,,,,0,0,s:toggle joints,,
toggle joint brake,,,un. 肘接制动器,,,,,0,0,,,
toggle joint lever,,,肘节杆,,,,,0,0,,,
toggle joint press,,,曲柄压机,,,,,0,0,,,
toggle joint riveting machine,,,un. 肘节铆机,,,,,0,0,,,
toggle joint unit,,,曲柄杠杆装置,,,,,0,0,,,
toggle joints,,,[机] 肘接；[机] 弯头接合,,,,,0,0,0:toggle joint/1:s,,
toggle key,,,[网络] 触发键；切换键,,,,,0,0,,,
toggle lanyard,,,[网络] 一端具有橄榄木的小绳,,,,,0,0,,,
toggle lever,,,肘节杆,,,,,0,0,,,
toggle lever arm,,,曲杆臂,,,,,0,0,,,
toggle lever assisted end cutting nipper,,,对口肘节槓桿式剪钳,,,,,0,0,,,
toggle lever assisted side cutting nipper,,,边刃肘节槓桿式剪钳,,,,,0,0,,,
toggle lever grip gear,,,un. 带有套环的保护装置,,,,,0,0,,,
toggle lever press,,,曲柄压力机,,,,,0,0,,,
toggle link,,,曲柄连杆;肘杆,,,,,0,0,,,
toggle linkage,,,肘节链系,,,,,0,0,,,
toggle lock,ˈtɔɡl lɔk,, [体]肘节闭锁,,,,,0,0,,,
toggle locking,,,肘杆锁定的,,,,,0,0,,,
toggle mechanism,,,"弯头接合,肘接;系墙螺栓;(摇床等)肘节关节;肘节;曲柄杠杆装置,增力装置",,,,,0,0,,,
toggle nut,,,肘节螺母,,,,,0,0,,,
toggle pin,,,肘接销钉,,,,,0,0,,,
toggle plate,,,"肘板,推力板",,,,,0,0,,,
toggle position,,,肘节位置,,,,,0,0,,,
toggle press,,,[机] 肘节压机,,,,,0,0,,,
toggle puncher,,,手动冲床,,,,,0,0,,,
toggle rate,,,计时频率,,,,,0,0,,,
toggle read only,,,[计] 切换文件状态,,,,,0,0,,,
toggle regulator,,,肘节式调节器,,,,,0,0,,,
toggle rod,,,肘杆,,,,,0,0,,,
toggle seat,,,肘板承座,,,,,0,0,,,
toggle speed,,,"反复速度,启动速度",,,,,0,0,,,
toggle switch,,,[计] 乒乓开关; 触发器\n[化] 搬扭开关,,,,,0,0,s:toggle switches,,
toggle switched capacitor,,,动式开关电容,,,,,0,0,,,
toggle switched capacitor inverter,,,动式开关电容倒相器,,,,,0,0,,,
toggle switched differencer,,,动式开关差动器,,,,,0,0,,,
toggle switched floating four-port,,,动开关浮地四端口,,,,,0,0,,,
toggle switches,,,na. 【电】肘节开关\n[网络] 拨动开关；钮子开关；拔动开关,,,,,0,0,0:toggle switch/1:s,,
toggle system,,,系统桩法,,,,,0,0,,,
toggle type mold clamping system,,,[网络] 肘节式合模装置,,,,,0,0,,,
toggle type tablet machine,,,un. 肘杆压片机\n[网络] 肘杆式压片机,,,,,0,0,,,
toggle valve,,,肘形阀门,,,,,0,0,,,
toggle-action,,,肘杆曲柄动作,,,,,0,0,,,
toggle-joint brake,,,肘接制动器;肘节闸,,,,,0,0,,,
toggle-joint riveting machine,,,肘节铆机,,,,,0,0,,,
toggle-lever arm,,,曲杆臂,,,,,0,0,,,
toggle-lever grip gear,,,带有套环的保护装置,,,,,0,0,,,
toggle-switch,'tɒɡlsw'ɪtʃ,,"n. 搬钮开关, 拨动开关",,,,,0,0,s:toggle-switches,,
toggle-switches,,plural of toggle-switch,"(toggle-switch 的复数) n. 搬钮开关, 拨动开关",,,,,0,0,0:toggle-switch/1:s,,
toggle-type jaw crusher,,,复杂摆动式颚式破碎机,,,,,0,0,,,
toggle-type tablet machine,,,肘杆压片机,,,,,0,0,,,
toggleable,,,[网络] 可切换,,,,,0,0,,,
toggleaction,tɒɡl'ɪækʃn,,n. 肘杆曲柄动作,,,,,0,0,,,
ToggleCase,,,[网络] 切换大小写字母；每个单字之第一个字母小写；切换大小写,,,,,0,0,,,
toggled,,past participle of toggle\nn. any instruction that works first one way and then the other; it turns something on the first time it is used and then turns it off the next time\nn. a fastener consisting of a peg or pin or crosspiece that is inserted into an eye at the end of a rope or a chain or a cable in order to fasten it to something (as another rope or chain or cable)\nv. provide with a toggle or toggles,"(toggle 的过去分词) n. 绳针, 套索钉\nvt. 拴牢\n[计] 切换",,,,,0,0,0:toggle/1:dp,,
Togglekeys,,,un. 切换键\n[网络] 双态键,,,,,0,0,,,
toggles,ˈtɔɡlz,"n any instruction that works first one way and then the other; it turns something on the first time it is used and then turns it off the next time\nn a hinged switch that can assume either of two positions\nn a fastener consisting of a peg or pin or crosspiece that is inserted into an eye at the end of a rope or a chain or a cable in order to fasten it to something (as another rope or chain or cable)\nv provide with a toggle or toggles\nv fasten with, or as if with, a toggle\nv release by a toggle switch",n. 棒形纽扣( toggle的名词复数 ),,,,,0,0,0:toggle/1:s3,,
toggling,,"v provide with a toggle or toggles\nv fasten with, or as if with, a toggle\nv release by a toggle switch"," [计]切换（法）, 轮转",,,,,0,0,0:toggle/1:i/s:togglings,,
toggling dryer,,,[皮革] 绷板干燥机,,,,,0,0,,,
togglings,,,n. 绷扳，绷板\nv. 拴牢，系紧（toggle的ing形式）,,,,,0,0,0:toggling/1:s,,
toggy,,,[网络] 胡萝卜玉米汤,,,,,0,0,,,
toghe,,,[网络] 呵呵,,,,,0,0,,,
togher,,,[网络] tog her,,,,,0,0,,,
toghill,,, [人名] 托格希尔,,,,,0,0,,,
Toghril Beg,,,[网络] 孙子突格里勒贝格,,,,,0,0,,,
toghter,,,adv. 一齐,,,,,0,0,,,
Togi,,,[地名] 富来 ( 日 ),,,,,0,0,,,
togiak,,, [地名] [美国] 托贾克,,,,,0,0,,,
Togiak Bay,,,[地名] 托贾克湾 ( 美 ),,,,,0,0,,,
Togiak R.,,,[地名] 托贾克河 ( 美 ),,,,,0,0,,,
"Togian, Kep.",,,[地名] 托吉安群岛 ( 印尼 ),,,,,0,0,,,
togias,,,[网络] 托比亚,,,,,0,0,,,
togidashi,,,[网络] tog ashi,,,,,0,0,,,
togider,,,[网络] 托德,,,,,0,0,,,
togither,,,[网络] 没有,,,,,0,0,,,
Togitu,,,[地名] 时津 ( 日 ),,,,,0,0,,,
togless,,,[网络] 无所谓,,,,,0,0,,,
toglia,,,[网络] 桃格莉雅；格里亚；格利亚,,,,,0,0,,,
Togliatti,,,n. (Togliatti)人名；(意)陶里亚蒂,,,,,0,0,s:togliattis,,
"Togliatti, Plamiro",tɔ'ljɑ:tti,,陶里亚蒂(1893～1964，意大利共产党领导人),,,,,0,0,,,
togliattis,,,n. (Togliatti)人名；(意)陶里亚蒂\n(togliatti 的复数),,,,,0,0,0:togliatti/1:s,,
togman,,,[网络] 托曼,,,,,0,0,,,
tognoli,,,托尼奥利,,,,,0,0,s:tognolis,,
tognolis,,,托尼奥利\n(tognoli 的复数),,,,,0,0,0:tognoli/1:s,,
tognoni,,,托尼奥尼,,,,,0,0,s:tognonis,,
tognonis,,,托尼奥尼\n(tognoni 的复数),,,,,0,0,0:tognoni/1:s,,
togo,'tәu^әu,n. a republic on the western coast of Africa on the Gulf of Guinea; formerly under French control,n. 多哥（西非国家）,,,,,27303,0,s:togoes,,
Togo franc,,,[网络] 多哥法郎,,,,,0,0,s:togo francs,,
togo francs,,,[网络] 多哥法郎\n(togo franc 的复数),,,,,0,0,0:togo franc/1:s,,
"Togo, Helhachiro,Marquis",'tɔɡɔ,,东乡平八郎(1847～1934，日本海军大将),,,,,0,0,,,
"Togo, L.",,,[地名] 多哥湖 ( 多哥 ),,,,,0,0,,,
Togo-shima,,,岛后岛,,,,,0,0,,,
Togobala,,,[地名] 托戈巴拉 ( 几 ),,,,,0,0,,,
togoes,'təuɡəu,,n. 多哥（西非国家）,,,,,0,0,0:togo/1:s,,
togoi,,,[网络] 东乡伊蚊,,,,,0,0,s:togois,,
togois,,,[网络] 东乡伊蚊\n(togoi 的复数),,,,,0,0,0:togoi/1:s,,
Togola,,,[地名] 托戈拉 ( 洪 ),,,,,0,0,,,
togolais,,,多哥的\nT～ 多哥人,,,,,0,0,s:togolaiss,,
togolaiss,,,多哥的\nT～ 多哥人\n(togolais 的复数),,,,,0,0,0:togolais/1:s,,
Togoland,'tәj^әjlænd,,"[史]多哥兰(西非一地区,其西部已成为加纳)",,,,,0,0,,,
Togolander,'təuɡəu; lændə,,n. 多哥(兰)人,,,,,0,0,,,
Togolanders,'təuɡəu; lændə,,n.\n多哥(兰)人,,,,,0,0,,,
Togolese,",təuɡəu'li:z",n. a native or inhabitant of Togo\na. of or relating to the African country of Togo or its people,n. 多哥人\na. 多哥的；多哥人的,j:100,,,,0,46423,s:togoleses,,
Togolese Republic,,,[网络] 多哥,,,,,0,0,s:togolese republics,,
togolese republics,,,[网络] 多哥\n(togolese republic 的复数),,,,,0,0,0:togolese republic/1:s,,
togoleses,",təuɡəu'li:z",,adj. 多哥的；多哥人的\nn. 多哥人,,,,,0,0,0:togolese/1:s,,
Togoplus,,,"高巴斯,治淋炎",,,,,0,0,,,
togos,'təuɡəu,,Togo\n['təuɡəu]\n多哥(西非国家，首都洛美) [全称the Republic of Togo多哥共和国],,,,,0,0,,,
Togouchi,,,[地名] 户河内 ( 日 ),,,,,0,0,,,
Togoville,,,[地名] 多哥维尔 ( 多哥 ),,,,,0,0,,,
togovirus diarrhea,,,下痢,,,,,0,0,,,
TOGR,,,[=together]一起,,,,,0,0,,,
tograph,,,[网络] 图纸,,,,,0,0,,,
tographs,,,[网络] 贴图,,,,,0,0,,,
togrind,,,[网络] 研磨,,,,,0,0,,,
togrog,,,[网络] 图格里克；特格勒格；图克里克,,,,,0,0,,,
togrogs,,,[网络] 图格里克,,,,,0,0,,,
togs,,n. informal terms for clothing,n. 衣服,,,,,0,0,1:s3/0:tog/s:togss,,
togss,,,n. 衣服\n(togs 的复数),,,,,0,0,0:togs/1:s,,
togt,,,abbr. toll outgoing trunk 长途出局中继线,,,,,0,0,,,
togther,,,[网络] 抱着睡,,,,,0,0,s:togthers,,
togthers,,,[网络] 抱着睡\n(togther 的复数),,,,,0,0,0:togther/1:s,,
Toguchin,,,[地名] 托古钦 ( 俄 ),,,,,0,0,,,
Toguchinskiy Rayon,,,[地名] 托古钦区 ( 俄 ),,,,,0,0,,,
togue,tәj^,n. The namaycush.,n. [鱼]湖红点鲑,,,,,0,0,,,
togue rail,,,尖轨,,,,,0,0,,,
togues,,,[网络] 湖红点鲑,,,,,0,0,,,
Togul,,,[地名] 托古尔 ( 俄 ),,,,,0,0,,,
Togul'skiy Rayon,,,[地名] 托古尔区 ( 俄 ),,,,,0,0,,,
toguna,,,[网络] 带领参观托古纳,,,,,0,0,,,
togunas,,,[网络] tog。,,,,,0,0,,,
Togura,,,[地名] 户仓 ( 日 ),,,,,0,0,,,
Togusken,,,[地名] 托古斯肯 ( 哈 ),,,,,0,0,,,
togut,,,[网络] tog ut,,,,,0,0,,,
Toguzak,,,[地名] 托古扎克河 ( 俄 ),,,,,0,0,,,
TOGW,,,abbr. Take-Off Gross Weight 起飞总重量,,,,,0,0,,,
togwal-li (togwan-ni),,,道宽里,,,,,0,0,,,
Togwan-ri,,,[地名] 道馆里 ( 朝 ),,,,,0,0,,,
Togwin,,,[地名] 多昆 ( 缅 ),,,,,0,0,,,
Togwon,,,德源,,,,,0,0,,,
togyder,,,[网络] besyder,,,,,0,0,,,
togye ( dogye),,,道溪,,,,,0,0,,,
Togyzkuduk,,,[地名] 托格兹库杜克 ( 哈 ),,,,,0,0,,,
toh,,, [医][=tyrosine hydroxylase]酪氨酸羟化酶,,,,,0,0,,,
toha,,,[网络] 卫生学会；警区主任多哈；躺下,,,,,0,0,,,
Tohaku,,,东伯,,,,,0,0,,,
Tohakum Peak,,,[地名] 托哈克姆峰 ( 美 ),,,,,0,0,,,
Tohamsan,,,[地名] 吐含山 ( 韩 ),,,,,0,0,,,
tohatchi,,, [地名] [美国] 托哈奇,,,,,0,0,,,
tohato,,,[网络] 桃哈多；东鸠；金日,,,,,0,0,,,
tohatsu,,,[网络] 东发；日本东发；日本东发弹簧,,,,,0,0,,,
Tohdite,,,六方水铝石,,,,,0,0,,,
Tohenbatu,,,[地名] 多亨巴都山 ( 马来 ),,,,,0,0,,,
toher,,,[网络] 对她来说；她帮忙；她古怪的举止引人注目,,,,,0,0,,,
toheroa,,,[网络] 托赫罗阿贝类；双带蛤,,,,,0,0,,,
toheroas,",təuə'rəuə",,"toheroas\nn.\ntoheroa的变形\ntoheroa\n[,təuə'rəuə]\nn.\n双带蛤(Amphidesma ventricosum)\n【烹饪】双带蛤汤\n变形：\nn.\ntoheroas\n. toheroa",,,,,0,0,,,
tohew,,,[网络] 腰包,,,,,0,0,,,
tohian,,,托希安,,,,,0,0,s:tohians,,
tohians,,,托希安\n(tohian 的复数),,,,,0,0,0:tohian/1:s,,
"Tohiea, Pk.",,,[地名] 托希亚峰 ( 波利 ),,,,,0,0,,,
tohil,,,[网络] 回去,,,,,0,0,,,
tohiro,,,[网络] 火,,,,,0,0,,,
Tohma,,,[地名] 托赫马河 ( 土 ),,,,,0,0,,,
Tohmajärvi,,,[地名] 托赫马耶尔维 ( 芬 ),,,,,0,0,,,
tohmatsu,,,[网络] 德勤日本,,,,,0,0,s:tohmatsus,,
tohmatsus,,,[网络] 德勤日本\n(tohmatsu 的复数),,,,,0,0,0:tohmatsu/1:s,,
tohme,,,[网络] 托梅；托姆；托米,,,,,0,0,,,
tohn,,,[网络] 靤；控制定时器输出,,,,,0,0,,,
toho,'təuhəu,,n. 东航船务有限公司；东邦（日本公司名）,,,,,0,0,s:tohoes,,
Toho line,,,[网络] 蓝线,,,,,0,0,,,
"Toho, L.",,,[地名] 托霍湖 ( 贝宁 ),,,,,0,0,,,
tohoes,'təuhəu,,n. 东航船务有限公司；东邦（日本公司名）,,,,,0,0,0:toho/1:s,,
Tohogenol,,,山芝三醇,,,,,0,0,,,
Tohogne,,,[地名] 托奥涅 ( 比 ),,,,,0,0,,,
tohoku,,,[网络] 东北；日本东北；东北地区,,,,,0,0,s:tohokus,,
tohokus,,,[网络] 东北；日本东北；东北地区\n(tohoku 的复数),,,,,0,0,0:tohoku/1:s,,
Toholampi,,,[地名] 托霍兰皮 ( 芬 ),,,,,0,0,,,
tohong (dohong),,,道清,,,,,0,0,,,
Tohono O'odham,,,[网络] 托何那奥丹部族；奥深,,,,,0,0,,,
"Tohopekaliga, Lake",,,[地名] 托霍普卡莱加湖 ( 美 ),,,,,0,0,,,
tohoro,,,[网络] 陶侯咯；车轮,,,,,0,0,,,
tohou,,,[网络] 东方,,,,,0,0,s:tohous,,
Tohoun,,,[地名] 托洪 ( 多哥 ),,,,,0,0,,,
tohous,,,[网络] 东方\n(tohou 的复数),,,,,0,0,0:tohou/1:s,,
Tohoué,,,[地名] 托惠 ( 贝宁 ),,,,,0,0,,,
tohposcopy,,,[医] 局部检查,,,,,0,0,,,
Tohti,,,[网络] 托乎地,,,,,0,0,,,
tohu,,,[网络] 空虚；多胡；秃狐,,,,,0,0,,,
Tohu bohu,,,[网络] 之自然科学经典书籍系列；混乱,,,,,0,0,,,
tohu-bohu,,,[网络] 之自然科学经典书籍系列；混乱,,,,,0,0,,,
tohubohu,'tәjhu:'bәjhu:,,"n. 混乱,紊乱",,,,,0,0,,,
tohunga,,,[网络] 巫医；精神领袖,,,,,0,0,,,
tohunga (new zealand),,,毛利祭司(纽西兰),,,,,0,0,,,
tohungaism,,,[网络] 永恒主义,,,,,0,0,,,
Tohutsu-ko,,,涛沸湖,,,,,0,0,,,
Tohwa-dong,,,桃花洞,,,,,0,0,,,
Tohyǒn-ri,,,[地名] 道岘里 ( 朝 ),,,,,0,0,,,
Tohāna,,,[地名] 多哈纳 ( 印 ),,,,,0,0,,,
toi,,,abbr. 纯真传奇（Tales of Innocence）,,,,,0,0,s:toi,,
"toi, toi, toi",,"toi, toi, toi\n(opera) A superstitious expression of encouragement prior to a performance, equivalent to break a leg.\n",,,,,,0,0,,,
Toi-misaki,,,[地名] 都井岬 ( 日 ),,,,,0,0,,,
toi-toi,,,[网络] 公厕,,,,,0,0,,,
toia,,,[网络] 托尼亚,,,,,0,0,,,
Toibalewe,,,[地名] 多伊伯莱韦 ( 印 ),,,,,0,0,,,
toibin,,,[网络] 托宾,,,,,0,0,s:toibins,,
toibins,,,[网络] 托宾\n(toibin 的复数),,,,,0,0,0:toibin/1:s,,
toich,tɔitʃ,,年泛滥湿地,,,,,0,0,,,
toid,,,[网络] 收件人；偏载检测器；偏载数据,,,,,0,0,,,
Toide,,,[地名] 户出 ( 日 ),,,,,0,0,,,
toienite,'tɔiәnait,,(=windsorite)淡英二长岩,,,,,0,0,,,
toienite (windsorite),,,淡英二长岩,,,,,0,0,,,
Toijala,,,[地名] 托伊亚拉 ( 芬 ),,,,,0,0,,,
toil,tɒil,n productive work (especially physical work done for wages)\nv work hard,"n. 辛苦, 苦工, 网, 罗网, 圈套\nvi. 苦干, 跋涉",n:30/v:70,1,,ielts gre,14924,13009,p:toiled/s:toils/i:toiling/d:toiled/3:toils,,
toil and doll,,,自定歇班制[缩自 time off in lieu and days off in lieu],,,,,0,0,,,
toil and moil,,,辛辛苦苦地工作,,,,,0,0,,,
toil at,,,苦干,,,,,0,0,,,
toil away,,,吃力地走开；长期劳累,,,,,0,0,,,
toil on,,,艰苦的工作,,,,,0,0,,,
toil-worn,,,adj. 劳累不堪的\n[网络] 精疲力尽,,,,,0,0,,,
toila,,,双醋苯啶,,,,,0,0,,,
Toilax,,,双醋苯啶,,,,,0,0,,,
toile,twɑ:l,,n. 一种棉质印花布；一种薄麻布,j:32/n:68,,,,0,31284,s:toiles,,
toile ciree,,,防雨布(法语),,,,,0,0,,,
toile de Jouy,",twɑ:ldə'ʒwi:",,[法语] 【纺织业】淡底印花亚麻布 [亦作 jouy print],,,,,0,0,,,
toile de Juoy,də ˈʒwi:,,淡底单色印花布[绸],,,,,0,0,,,
toile de lille,,,[法语]【纺织业】里尔色条亚麻布,,,,,0,0,,,
toile de mulquinerie,,,摩更纳利细棉布,,,,,0,0,,,
toiled,'tɔɪld,imp. & p. p. of Toil,"v. 长时间或辛苦地工作( toil的过去式和过去分词 ); 艰难缓慢地移动, 跋涉",,,,,0,0,0:toil/1:pd,,
toiler,'tɒilә,n. one who works strenuously,"n. 辛苦工作的人, 劳动者\n[机] 劳动者",n:100,,,,39333,42443,s:toilers,,
toilers,,plural of toiler\nn. one who works strenuously,"(toiler 的复数) n. 辛苦工作的人, 劳动者\n[机] 劳动者",,,,,0,0,0:toiler/1:s,,
toiles,,plural of toile,(toile 的复数) n. 一种棉质印花布；一种薄麻布,,,,,0,0,0:toile/1:s,,
toilest,twɑːl,,n.\n【纺织业】薄亚麻织物；薄棉布\n(衣服的)布样,,,,,0,0,,,
toilet,'tɒilit,n. a room or building equipped with one or more toilets\nn. a plumbing fixture for defecation and urination\nn. the act of dressing and preparing yourself,"n. 厕所, 梳妆\nvi. 梳妆, 打扮, 上厕所\nvt. 给...梳妆打扮",n:100,2,1,zk gk cet4 cet6 ky,3550,3983,s:toilets,,
toilet and shower,ˈtɔɪlɪt ænd ˈʃauə,, [医]厕所及浴室,,,,,0,0,,,
toilet article,,,[网络] 化妆品；化粧品,,,,,0,0,s:toilet articles,,
toilet articles,,,n. 化妆用品,,,,,0,0,0:toilet article/1:s,,
toilet babies,,,[网络] 马桶婴儿,,,,,0,0,,,
toilet baby,,,[网络] 厕所宝贝,,,,,0,0,,,
toilet bag,ˈtɔilit bæɡ,,n. （旅行用）盥洗用品袋,,,,,0,0,s:toilet bags,,
toilet bags,,,盥洗用品袋\n化妆包,,,,,0,0,0:toilet bag/1:s,,
toilet book,,,[网络] 厕所书,,,,,0,0,,,
toilet books,,,[网络] 厕所书,,,,,0,0,,,
toilet bout,,,n. 抽水马桶,,,,,0,0,,,
toilet bowl,,,抽水马桶,,,,,0,0,s:toilet bowls,,
toilet bowl cleanser,,,[网络] 厕所用去污粉,,,,,0,0,,,
toilet bowls,,,[网络] 越南求购抽水马桶,,,,,0,0,0:toilet bowl/1:s,,
toilet brush,,,[网络] 马桶刷；厕所刷；马桶刷子,,,,,0,0,,,
toilet brushes,,,[网络] 梳妆刷；厕所用刷子,,,,,0,0,,,
toilet cabinet,,,化妆柜,,,,,0,0,,,
toilet case,,,[网络] 梳妆盒；梳妆小提箱；洗手间案件,,,,,0,0,,,
toilet cleaner,,,[化] 洁厕净,,,,,0,0,,,
toilet cloth,,,"n. 梳妆台布,抽水马桶坐垫套",,,,,0,0,,,
toilet clothes,,,家用织物,,,,,0,0,,,
toilet cover,,,梳妆台布,,,,,0,0,,,
toilet cream,,,盥洗用香霜,,,,,0,0,,,
toilet cubicle,,, 厕位,,,,,0,0,,,
toilet facilities,,,[网络] 厕所设施；流动厕所,,,,,0,0,0:toilet facility/1:s,,
toilet facility,,,[网络] 卫浴设施；厕所设施；厕所设备,,,,,0,0,s:toilet facilities,,
toilet glass,,,梳妆镜,,,,,0,0,,,
toilet humour,,,[网络] 厕所幽默,,,,,0,0,,,
toilet jack,,,[网络] 厕所千斤顶,,,,,0,0,,,
toilet kit,,,[网络] 洗手间袋,,,,,0,0,s:toilet kits,,
toilet kits,,,洗手间袋,,,,,0,0,0:toilet kit/1:s,,
toilet mouth,,,[美国俚语]茅坑嘴儿，喷粪嘴 [亦作 latrine mouth],,,,,0,0,,,
Toilet Mummy,,"When someone is so concerned about toilet seat germs, they cover the seat with half a roll of toilet paper, leaving it to appear like it has been mummified.\n> ""I was going to use that stall to drop a deuce, but somebody left it looking like a toilet mummy.""\n",,,,,,0,0,,,
toilet paper,,,"卫生纸, 草纸",,,,,0,0,s:toilet papers,,
toilet paper holder,,,卫生纸盒,,,,,0,0,,,
toilet papered,,,卫生纸，厕纸,,,,,0,0,,,
toilet papering,,,[网络] 丢卫生纸恶作剧,,,,,0,0,,,
toilet papers,,,[网络] 求购卫生纸；钞票就像卫生纸,,,,,0,0,0:toilet paper/1:s,,
toilet powder,,,"爽身粉\n[医] 扑粉, 爽身粉",,,,,0,0,s:toilet powders,,
toilet powders,,,爽身粉；扑粉,,,,,0,0,0:toilet powder/1:s,,
toilet queen,,,[俚语]茅厕皇后(指在公厕物色同性恋对象的男子),,,,,0,0,,,
toilet rack,,,化妆品架,,,,,0,0,,,
toilet roll,,,n. 卫生纸卷,,,,,0,0,s:toilet rolls,,
toilet roll cutter and perforator,,,卷筒卫生纸裁切与打孔机,,,,,0,0,,,
toilet roll holder,,,手纸盒,,,,,0,0,,,
toilet rolls,,,na. 卫生卷纸\n[网络] 卫生纸；巴基斯坦求购卫生纸；巴基斯坦求购手纸,,,,,0,0,0:toilet roll/1:s,,
toilet room,,,n. 化妆室,,,,,0,0,,,
toilet rooms,,,[网络] 洗手间,,,,,0,0,,,
toilet seat,,,马桶座圈,,,,,0,0,s:toilet seats,,
toilet seat dermatitis,,,马桶皮肤炎,,,,,0,0,,,
toilet seats,,,[网络] 马桶；马桶盖；马桶座圈,,,,,0,0,0:toilet seat/1:s,,
toilet set,,,梳妆用具,,,,,0,0,,,
toilet slipper,,,[网络] 马桶拖鞋,,,,,0,0,,,
toilet soap,,,香皂\n[化] 香皂,,,,,0,0,s:toilet soaps,,
toilet soaps,,,香皂,,,,,0,0,0:toilet soap/1:s,,
toilet soup,,,香皂,,,,,0,0,,,
toilet table,,,梳妆台,,,,,0,0,s:toilet tables,,
toilet tables,,,梳妆台,,,,,0,0,0:toilet table/1:s,,
toilet teaching,,,[网络] 厕所教学,,,,,0,0,,,
toilet tent,,,(临时的)帐篷厕所,,,,,0,0,,,
toilet tissue,ˈtɔɪlɪt ˈtisju:,, [医]卫生纸; 便纸,,,,,0,0,s:toilet tissues,,
toilet tissues,,,= toilet paper,,,,,0,0,0:toilet tissue/1:s,,
toilet train,ˈtɔɪlɪt trein,," 训练小孩控制便溺, 养成上厕所的习惯",,,,,0,0,,,
toilet trained,,,[网络] 不如厕,,,,,0,0,,,
toilet training,ˈtɔɪlɪt ˈtreiniŋ,,n. 训练小孩使用厕所的习惯,,,,,0,0,,,
toilet tube,,,[网络] 卡通厕纸桶,,,,,0,0,,,
toilet tubes,,,[网络] 马桶管,,,,,0,0,,,
toilet ware,,,洗手间器皿,,,,,0,0,,,
toilet water,,,花露水\n[化] 花露水,,,,,0,0,,,
toilet waters,,,[网络] 香水及花露水,,,,,0,0,,,
toilet winder,,,卫生纸复卷机,,,,,0,0,,,
toilet-bag,,,盥洗用品袋\n化妆包,,,,,0,0,s:toilet-bags,,
toilet-bags,,,盥洗用品袋\n化妆包\n(toilet-bag 的复数),,,,,0,0,0:toilet-bag/1:s,,
toilet-bowl,,,抽水马桶,,,,,0,0,s:toilet-bowls,,
toilet-bowls,,,抽水马桶,,,,,0,0,0:toilet-bowl/1:s,,
toilet-paper,,,卫生纸，厕纸,j:100,,,,0,0,s:toilet-papers,,
toilet-papered,,,[网络] 厕所纸,,,,,0,0,,,
toilet-papering,,,[网络] 丢卫生纸恶作剧,,,,,0,0,,,
toilet-papers,,,[网络] 求购卫生纸；钞票就像卫生纸,,,,,0,0,0:toilet-paper/1:s,,
toilet-roll,,,n. 卫生卷纸,,,,,0,0,s:toilet-rolls,,
toilet-rolls,,plural of toilet-roll,(toilet-roll 的复数) n. 卫生卷纸,,,,,0,0,0:toilet-roll/1:s,,
toilet-room,,,na. 化妆室；厕所\n[网络] 盥洗室；洗手间,,,,,0,0,,,
toilet-rooms,,,[网络] 洗手间,,,,,0,0,,,
toilet-seat,,,马桶座圈,,,,,0,0,s:toilet-seats,,
toilet-seats,,plural of toilet-seat,(toilet-seat 的复数) 马桶座圈,,,,,0,0,0:toilet-seat/1:s,,
toilet-train,,v train (a small child) to use the toilet, 训练（幼儿）上厕所,,,,,0,0,s:toilet-trains,,
toilet-trained,,v train (a small child) to use the toilet\ns (of children) trained to use the toilet,a. toilet-train的变形,,,,,0,0,0:toilet-train/s:toilet-traineds,,
toilet-traineds,,,adj. toilet-train的变形,,,,,0,0,0:toilet-trained/1:s,,
toilet-training,ˈtɔilit ˈtreiniŋ,v. train (a small child) to use the toilet,n. 训练小孩使用的便器或厕所,,,,,0,0,0:toilet-train/s:toilet-trainings,,
toilet-trainings,,,n. 训练小孩使用厕所的习惯,,,,,0,0,0:toilet-training/1:s,,
toilet-trains,'tɔilittrein,v. train (a small child) to use the toilet,"vt. 对…进行大小便训练, 训练(小孩)大小便；训练(小孩)使用厕所(或盥洗室)",,,,,0,0,0:toilet-train/1:s,,
toileted,ˈtɔɪlɪt,,n. 厕所，盥洗室；梳妆，打扮\nvi. 梳妆，打扮\nvt. 给…梳妆打扮,,,,,0,0,,,
toileth,,,[网络] 厕所,,,,,0,0,,,
toileting,ˈtɔɪlɪt,,"n. 厕所, 盥洗室；梳妆, 打扮\nvi. 梳妆, 打扮\nvt. 给…梳妆打扮",,,,,43833,0,s:toiletings,,
toiletings,,,"n. 厕所, 盥洗室；梳妆, 打扮\nvi. 梳妆, 打扮\nvt. 给…梳妆打扮\n(toileting 的复数)",,,,,0,0,0:toileting/1:s,,
toiletless,,,[网络] 洗手间,,,,,0,0,,,
toiletries,,n artifacts used in making your toilet (washing and taking care of your body),"n. 化妆用品, 梳妆用具, 化妆用具",,,,,0,0,0:toiletry/1:s,,
toiletroll,,,卫生卷纸,,,,,0,0,,,
toiletroom,,,na. 化妆室；厕所\n[网络] 盥洗室；洗手间,,,,,0,0,,,
toiletrooms,,,[网络] 洗手间,,,,,0,0,,,
toiletry,'tɔilitri,n. artifacts used in making your toilet (washing and taking care of your body),"n. 化妆用品, 梳妆用具, 化妆用具\n[化] 化妆用品",n:100,,,,19363,21079,s:toiletries,,
toiletry bag,,, = sponge bag,,,,,0,0,,,
toilets,'tɔɪlɪts,n. a room or building equipped with one or more toilets\nn. a plumbing fixture for defecation and urination\nn. misfortune resulting in lost effort or money,n. 厕所( toilet的复数形式 ); （有几个分隔便池的）厕所间; <旧>洗漱; 坐便器,,,,,0,0,0:toilet/1:s,,
toilette,twɑ:'let,n the act of dressing and preparing yourself,"n. 化妆, 打扮",n:100,,,,41766,31444,s:toilettes,,
toilettes,twɑː'let,,n. (女人的)化妆；服装；礼服\n[网络] 厕所；洗手间,,,,,0,0,0:toilette/1:s,,
toilful,'tɔilfjl,"a. Producing or involving much toil; laborious; toilsome; as,\n   toilful care.","a. 辛苦的, 劳苦的",,,,,0,0,,,
toilfully,,,adv. toilful的变形,,,,,0,0,,,
Toili,,,[地名] 托伊利 ( 印尼 ),,,,,0,0,,,
toilinet,,,[网络] 背心呢,,,,,0,0,,,
toilinettes,,,[网络] 溶剂,,,,,0,0,,,
toiling,'tɔɪlɪŋ,v work hard\ns doing arduous or unpleasant work,"v. 长时间或辛苦地工作( toil的现在分词 ); 艰难缓慢地移动, 跋涉",j:100,,,,34601,27836,0:toil/1:i/s:toilings,,
toiling away,,,劳累（toiling是toil的现在分词）,,,,,0,0,,,
toilingly,,,[网络] 。ly,,,,,0,0,,,
toilings,,plural of toiling\nv work hard\ns doing arduous or unpleasant work,"(toiling 的复数) v. 长时间或辛苦地工作( toil的现在分词 ); 艰难缓慢地移动, 跋涉",,,,,0,0,0:toiling/1:s,,
toille,,,[网络] 厕所,,,,,0,0,,,
toilless,'tɒilis,a. Free from toil.,"a. 不费力的, 容易的",,,,,0,0,,,
toils,,n productive work (especially physical work done for wages)\nv work hard,n. 网；圈套（toil的复数）,,,,,0,0,0:toil/1:s3,,
toils of law,,,[法] 法网,,,,,0,0,,,
toilsome,'tɒilsәm,s characterized by effort to the point of exhaustion; especially physical effort,"a. 费力的, 辛苦的, 劳苦的",j:100,,,,0,45586,,,
toilsomely,,, 辛苦地,,,,,0,0,,,
toilsomeness,,,[网络] 烦恼,,,,,0,0,s:toilsomenesses,,
toilsomenesses,,,n. toilsome的变形,,,,,0,0,0:toilsomeness/1:s,,
toilsomer,'tɒɪls(ə)m,,adj. 辛苦的，费力的，劳累的,,,,,0,0,,,
toilsomest,'tɒɪls(ə)m,,adj. 辛苦的，费力的，劳累的,,,,,0,0,,,
toilworn,'tɒilwɒ:n,,"a. 工作疲劳的, 憔悴的",,,,,0,0,,,
toimi,,,n. 托伊米(在美国；西经 91º50' 北纬 47º22'),,,,,0,0,,,
TOin',,,[网络] 洞院；绉嬫睕；东瀛,,,,,0,0,,,
toine,,,n. (Toine)人名；(法)图瓦纳,,,,,0,0,,,
toinette,,,[网络] 特；图瓦内特；无价的,,,,,0,0,s:toinettes,,
toinettes,,,[网络] 特；图瓦内特；无价的\n(toinette 的复数),,,,,0,0,0:toinette/1:s,,
toing,,v. walk so that the toes assume an indicated position or direction\nv. drive obliquely\nv. hit (a golf ball) with the toe of the club, 来回运动；往返旅行；来来往往,,,,,0,0,s:toings,,
toing and froing,tu:iŋ әnd 'frәjiŋ,,"来来回回,往复",,,,,0,0,,,
toing-and-froing,"'tu:iŋ, 'frəuiŋ",,往复，来来回回,,,,,0,0,s:toing-and-froings,,
toing-and-froings,,,往复，来来回回\n(toing-and-froing 的复数),,,,,0,0,0:toing-and-froing/1:s,,
toings,,plural of toing,(toing 的复数)  来回运动；往返旅行；来来往往,,,,,0,0,0:toing/1:s,,
toiny,,,[网络] 小说,,,,,0,0,,,
Toirano,,,[地名] 托伊拉诺 ( 意 ),,,,,0,0,,,
TOIS,,,事务型办公信息系统,,,,,0,0,,,
Toisanese,,,[网络] 台山话,,,,,0,0,,,
toise,tɔiz,"a. An old measure of length in France, containing six French\n   feet, or about 6.3946 French feet.","n. [测]突阿斯(长度单位,约等于1.95米或6.4英尺, 应用于早期大地测量中)",,,,,0,0,,,
toises,tɔɪz,,n. 突阿斯（长度单位，约等于1.95米）,,,,,0,0,,,
toison,'tɔizәn,,[法]套毛,,,,,0,0,,,
Toison's soiutions,,,[医] 图瓦宗氏溶液(红细胞计数稀释液),,,,,0,0,,,
Toison's solution,,,[医] 图瓦宗氏溶液(红细胞计数稀释液),,,,,0,0,,,
toist,,,[网络] 道家学派,,,,,0,0,,,
Toisusu,,,大叶柳属,,,,,0,0,,,
toisusu urbaniana kimura,,,大叶柳(杨柳科),,,,,0,0,,,
Toisvesi,,,[地名] 托伊斯湖 ( 芬 ),,,,,0,0,,,
toit,,,n. (Toit)人名；(德、南非)托伊特；(英)图瓦,,,,,0,0,s:toits,,
toitoi,,,[网络] 新西兰泰太酒庄；托伊,,,,,0,0,s:toitois,,
toitois,,,[网络] 新西兰泰太酒庄；托伊\n(toitoi 的复数),,,,,0,0,0:toitoi/1:s,,
toits,,,n. (Toit)人名；(德、南非)托伊特；(英)图瓦,,,,,0,0,0:toit/1:s,,
toity,,,[网络] 敬意,,,,,0,0,,,
toiv,,, [人名] 托伊夫,,,,,0,0,,,
Toivakka,,,[地名] 托伊瓦卡 ( 芬 ),,,,,0,0,,,
toivo,,,[网络] 辛苦；希望,,,,,0,0,,,
Toiyabe Range,,,[地名] 托伊亚比岭 ( 美 ),,,,,0,0,,,
toj,,,abbr. track on jamming 干扰跟踪,,,,,0,0,,,
Tojakondre,,,[地名] 托亚孔德勒 ( 苏里 ),,,,,0,0,,,
tojeira,,,托热拉,,,,,0,0,,,
Tojikiston,,,[地名] 塔吉克斯坦 ( 亚洲 ),,,,,0,0,,,
Tojin-type anchor,,,[网络] 双爪锚,,,,,0,0,,,
Tojinbou,,,东寻坊,,,,,0,0,,,
tojo,,n. Japanese army officer who initiated the Japanese attack on Pearl Harbor and who assumed dictatorial control of Japan during World War II; he was subsequently tried and executed as a war criminal (1884-1948),东条(英机）,,,,,0,0,s:tojoes,,
Tojo Eiki,,,[网络] Tojo维基,,,,,0,0,s:tojo eikis,,
tojo eikis,,,[网络] Tojo维基\n(tojo eiki 的复数),,,,,0,0,0:tojo eiki/1:s,,
Tojo Hideki,,,[网络] 东条英机,,,,,0,0,s:tojo hidekis,,
tojo hidekis,'təudʒəu'hi:deki:,,东条英机(1884～1948)，日本首相(1941～1944)，以侵华战犯罪被处绞刑,,,,,0,0,0:tojo hideki/1:s,,
tojoes,,,东条(英机）\n(tojo 的复数),,,,,0,0,0:tojo/1:s,,
Tojolabal,,,[网络] 托霍拉瓦尔人；托霍拉瓦尔语,,,,,0,0,,,
Tojos,,"A racist term for a japanese person.  Tojo was really the last name of a major figurehead of the Japanese empire during WWII, named Hideki Tojo.  But during the 40's or perhaps before, this was taken up as a racist slang word against japanese.  Tojo, like any other racist slur against japanese people, can also be used against a chinese or korean person, but it furthers ignorance of the sayer greatly.\n> ""That fuckin' tojo...""\n",,,,,,0,0,,,
tok,,,abbr. 知识转让（Transfer of Knowledge）；知识理论（Theory of Knowledge）\nn. (Tok)人名；(阿拉伯)图克；(土)托克；(东南亚国家华语)卓,,,,,0,0,s:toks,,
Tok Pisin,,,托克皮辛语（等于Neo-Melanesian）,,,,,0,0,,,
tok(o)-,,,"意为分娩,产,生育",,,,,0,0,,,
tok-,,,"意为分娩,产,生育",,,,,0,0,,,
tok-tok,,,[网络] 佩佩；嘟嘟车；主打歌,,,,,0,0,,,
toka,,,[网络] 托卡人；卡舞；东加,,,,,0,0,,,
Tokachi-dake,,,[地名] 十胜岳 ( 日 ),,,,,0,0,,,
Tokachi-gawa,,,[地名] 十胜川 ( 日 ),,,,,0,0,,,
Tokachi-heiya,,,[地名] 十胜平原 ( 日 ),,,,,0,0,,,
Tokagjelet (Toka Gorge),,,[地名] 托卡峡 ( 挪 ),,,,,0,0,,,
Tokai,'tɔkei,,(匈牙利产)托开葡萄酒,,,,,47823,0,,,
Tokai Accident Control Center,,,[网络] 东海交通事故控制中心,,,,,0,0,,,
"Tokai Bank,Ltd.",,,[网络] 东海银行,,,,,0,0,,,
tokai-mura (muramatsu-mura),,,东海村(村松村),,,,,0,0,,,
Tokai-shi,,,东海市,,,,,0,0,,,
tokaido,,,[网络] 东海道；东海道规则；东海堂,,,,,0,0,,,
tokaimura,,,[网络] 东海村；日本最糟的核事,,,,,0,0,,,
tokaina,,,[网络] 托卡纳,,,,,0,0,,,
Tokaj,,,[地名] 托考伊 ( 匈 ),,,,,0,0,,,
tokaji,,,[网络] 托卡伊；匈牙利托卡伊；托卡伊贵腐甜酒,,,,,0,0,,,
tokajis,,,[网络] 托卡吉斯,,,,,0,0,,,
tokala,,,[网络] 托卡拉,,,,,0,0,,,
"Tokala, Gunung",,,[地名] 托卡拉山 ( 印尼 ),,,,,0,0,,,
Tokamachi-shi,,,十日町市,,,,,0,0,,,
Tokamak,'tɔkәmæk,n. a doughnut-shaped chamber used in fusion research; a plasma is heated and confined in a magnetic bottle,[化] 托卡马克; 托卡马克磁约束聚变环流器,n:100,,,,0,46376,s:tokamaks,,
Tokamak configuration,,,[等离子] 托卡马克位形,,,,,0,0,,,
tokamak confinement,,,"托卡马克局束, 托克马克围阻",,,,,0,0,,,
Tokamak fusion fission reactor,,,卡马克聚变-裂变混合反应堆,,,,,0,0,,,
Tokamak fusion-fission reactor,,,托卡马克聚变-裂变混合堆,,,,,0,0,,,
Tokamaks,,plural of Tokamak\nn. a doughnut-shaped chamber used in fusion research; a plasma is heated and confined in a magnetic bottle,(Tokamak 的复数) [化] 托卡马克; 托卡马克磁约束聚变环流器,,,,,0,0,0:tokamak/1:s3,,
tokamycin,",tɔkә'maisin",,东海霉素,,,,,0,0,,,
tokan,,,[网络] 背袋；背篓；豆干,,,,,0,0,,,
Tokanay,,,[地名] 托卡奈 ( 哈 ),,,,,0,0,,,
tokanga (to-kango),,,托坎加,,,,,0,0,,,
Tokanui,,,[地名] 托卡努伊 ( 新西 ),,,,,0,0,,,
tokar,,,[网络] 陶卡尔；观音；托卡,,,,,0,0,,,
tokar (tawkar),,,陶卡尔,,,,,0,0,,,
Tokara Islands,təu'kɑ:rə,,吐噶喇群岛(日本),,,,,0,0,,,
Tokara-kaikyō,,,[地名] 噶喇海峡 ( 日 ),,,,,0,0,,,
Tokara-rettō,,,[地名] 吐噶喇列岛 ( 日 ),,,,,0,0,,,
Tokarev,,,[网络] 托卡列夫；手枪；托加列手枪,,,,,0,0,,,
Tokarev I.,,,[地名] 托卡列夫岛 ( 南极洲 ),,,,,0,0,,,
Tokarevka,,,[地名] 托卡列夫卡 ( 哈 ),,,,,0,0,,,
Tokari,,,[地名] 托卡里 ( 俄 ),,,,,0,0,,,
Tokarikan,,,[地名] 托卡里坎河 ( 俄 ),,,,,0,0,,,
Tokaris,,,[地名] 托卡里斯 ( 土 ),,,,,0,0,,,
Tokariëvskiy Rayon,,,[地名] 托卡廖夫卡区 ( 俄 ),,,,,0,0,,,
Tokarnia,,,[地名] 托卡尔尼亚 ( 波 ),,,,,0,0,,,
tokars,,,[网络] 托卡斯,,,,,0,0,,,
Tokary,,,[地名] 托卡雷 ( 波 ),,,,,0,0,,,
tokarz,,,[网络] 托卡尔兹,,,,,0,0,,,
Tokarëvka,,,[地名] 托卡廖夫卡 ( 俄 ),,,,,0,0,,,
Tokarëvo,,,[地名] 托卡廖沃 ( 俄 ),,,,,0,0,,,
tokas,,,[网络] 道卡斯；民道卡斯,,,,,0,0,,,
Tokashiki,,,[地名] 渡嘉敷 ( 日 ),,,,,0,0,,,
Tokashiki-jima,,,[地名] 渡嘉敷岛 ( 日 ),,,,,0,0,,,
Tokat,,,[地名] 托卡特 ( 土 ),,,,,0,0,,,
tokata,,,[网络] 托卡塔,,,,,0,0,,,
Tokatoka,,,[地名] 托卡托卡 ( 新西 ),,,,,0,0,,,
tokatonine,,,托卡通宁,,,,,0,0,,,
tokay,təʊ'keɪ,n. Hungarian wine made from Tokay grapes\nn. variety of wine grape originally grown in Hungary; the prototype of vinifera grapes,n. （匈牙利产）葡萄酒；蛤蚧,,,,,0,0,s:tokays,,
tokay gecko,,,[网络] 大壁虎；大守宫；托卡伊壁虎,,,,,0,0,,,
tokay geckoes,,,[网络] 托克壁虎,,,,,0,0,,,
tokay geckos,,,[网络] 托克壁虎,,,,,0,0,,,
tokays,,,n. 妥凯白[紫]葡萄；妥凯葡萄酒\n[网络] 蛤蚧；托卡伊；托凯,,,,,0,0,0:tokay/1:s,,
tokchok-to (deogjeog-do),,,德积岛,,,,,0,0,,,
tokchol (doegchon),,,德村,,,,,0,0,,,
Tokchon,,,德川,,,,,0,0,,,
Tokdo(Take-shima),,,[地名] 独岛(竹岛) ( 韩·日 ),,,,,0,0,,,
toke,tәuk,n. a puff of a marijuana or hashish cigarette,n. [英俚]食物；[美俚]一口烟；赌场小费,n:100,,,,0,32255,s:tokes,,
toke tube,,,[网络] 托管,,,,,0,0,,,
toke tubes,,,[网络] 吊管,,,,,0,0,,,
toke up,,,[网络] 起来了,,,,,0,0,,,
toked,təʊk,,n. (尤指)干面包；〈美俚〉吸香烟〔尤指大麻香烟〕一口\nv. 〈美俚〉吸一口(烟)\n[网络] 食物；小费；汤吉,,,,,0,0,,,
toked it,,to have smoked marijuana\n> I toked up like crazy at my cousin's place this weekend!\n,,,,,,0,0,,,
tokee,,,托凯,,,,,0,0,,,
tokeh,,,[网络] 壁虎；托肯,,,,,0,0,,,
tokeite,'tәukait,,富辉玄武岩,,,,,0,0,,,
tokeland,,, [地名] [美国] 托克兰,,,,,0,0,,,
tokelau,təʊkɪ'lɔ:,, [医]〔托克劳，南太平洋的环状珊瑚岛〕叠瓦癣：同tinea imbricata,,,,,0,0,,,
Tokelau Is.,,,[地名] *托克劳群岛(托克劳的旧称) ( 大洋洲 ),,,,,0,0,,,
Tokelau Islands,,,"托克劳群岛（位于太平洋中部, 属于新西兰）",,,,,0,0,,,
Tokelauan,,,[网络] 托克劳语；托其罗安人,,,,,0,0,,,
Tokelauans,,,[网络] 托克劳岛民,,,,,0,0,,,
token,'tәukәn,n. an individual instance of a type of symbol\nn. something serving as a sign of something else\nn. a metal or plastic disk that can be redeemed or used in designated slot machines,"n. 表征, 记号, 代币\na. 象征的, 表意的\n[计] 记号",j:32/n:68,2,,cet6 ky ielts,6352,8924,s:tokens,,
token 1.,,,符记1,,,,,0,0,,,
token access,,,[计] 令牌访问,,,,,0,0,,,
token access control,,,符记存取控制,,,,,0,0,,,
token access procedure,,,[计] 令牌访问过程,,,,,0,0,,,
token allowance,,,象征式津贴,,,,,0,0,,,
token backup,,,符记备份,,,,,0,0,,,
token bucket,,, 令牌桶; 令牌漏桶,,,,,0,0,,,
token bus,,,[计] 令牌总线,,,,,0,0,,,
token bus architecture,,,un. 标记总线结构\n[网络] 符记总线架构,,,,,0,0,,,
token bus lan,,,符记汇流排 LAN,,,,,0,0,,,
Token Bus Netware,,,[计] 令牌总线网,,,,,0,0,,,
token bus network,,,[计] 令牌总线网,,,,,0,0,,,
token bus protocol,,,讯标汇流排协定,,,,,0,0,,,
token card,,,"[计] 权标卡片, 令牌卡片",,,,,0,0,,,
token carrier,,,列车凭证授受器,,,,,0,0,,,
token code,,,符记码,,,,,0,0,,,
token coin,,,[经] 象征货币,,,,,0,0,,,
token coinage,,,象征硬币,,,,,0,0,,,
token collection,,,[贸易] 式样征集,,,,,0,0,,,
token copy,,,符记复制,,,,,0,0,,,
token economies,,,【精神病学】代币行为矫正法(强化期待行为的方法)；代(用货)币经济,,,,,0,0,0:token economy/1:s,,
token economy,ˈtəukən iˈkɔnəmi,, 代（用货）币经济,,,,,0,0,s:token economies,,
token economy method,,,标记奖励法,,,,,0,0,,,
token export,,,象征性输出,,,,,0,0,,,
token figure,,,象征式数字,,,,,0,0,,,
token flow path,,,标记流路,,,,,0,0,,,
token generation,,,符记产生,,,,,0,0,,,
token generation authority,,,符记产出机关,,,,,0,0,,,
token gesture,,,[网络] 升级咯；象徵意义,,,,,0,0,,,
token hold time,,,讯标持有时间,,,,,0,0,,,
token holder,,,权标持有站,,,,,0,0,,,
token import,,,象征性输入,,,,,0,0,,,
token imports,,,象征性进口,,,,,0,0,,,
token instrument lock,,,凭证机锁,,,,,0,0,,,
token instrument portable magazine,,,凭证递送盒,,,,,0,0,,,
token integration,,,〈美〉象征性黑白人合校,,,,,0,0,,,
token management,,,符记管理,,,,,0,0,,,
token matching,,,符记匹配,,,,,0,0,,,
token money,,,[经] (商店自己发出的)代币,,,,,0,0,s:token moneys,,
token moneybase coin,,,(美)辅币,,,,,0,0,,,
token moneys,,,代用货币,,,,,0,0,0:token money/1:s,,
token monitor,,,"[计] 令牌监控程序, 标记监视器",,,,,0,0,,,
token name,,,[计] 标记名,,,,,0,0,,,
token of value,,,un. 价值符号\n[网络] 价值的像徵,,,,,0,0,,,
token operation,,,凭证操作法;凭证控制;凭证式闭塞行车,,,,,0,0,,,
token order,,,[贸易] 象征性定货,,,,,0,0,,,
token passing,,,"[计] 通行令牌, 令牌传送",,,,,0,0,,,
token passing bus,,,符记传递汇流排,,,,,0,0,,,
token passing network,,,"[计] 令牌传送网, 权标传送网",,,,,0,0,,,
token passing procedure,,,[计] 令牌传送过程,,,,,0,0,,,
token passing protocol,,,权标传递协议,,,,,0,0,,,
token passing system,,,符记传递系统,,,,,0,0,,,
token payment,,,"象征性付款\n[经] 象征性偿付, 部份偿付, 保证金",,,,,0,0,s:token payments,,
token payments,,,象征性的支付,,,,,0,0,0:token payment/1:s,,
token provision,,,象征式拨款,,,,,0,0,,,
token reinforcement,,,给予强化刺激,,,,,0,0,,,
token reinforcement system,,,代币增强制度,,,,,0,0,,,
token remuneration,,,象征式酬金,,,,,0,0,,,
token replacement,,,符记替换,,,,,0,0,,,
token resistance,,,象征性抵抗,,,,,0,0,,,
token restore,,,符记复原,,,,,0,0,,,
token ring,,,[计] 令牌环,,,,,0,0,,,
token ring architecture,,,[计] 令牌环结构,,,,,0,0,,,
token ring lan,,,符记环区域网路,,,,,0,0,,,
token ring local area network,,,"[计] 令牌环局部网, 权标环局部网",,,,,0,0,,,
Token Ring Network,,,[计] 令牌环形网,,,,,0,0,,,
token ring networks,,,令牌环形网,,,,,0,0,,,
token rings,,,[计] 令牌环（一个环状的区域网路）,,,,,0,0,,,
token rotation time,,,[计] 令牌轮转时间,,,,,0,0,,,
token rotation timer (trt),,,讯标回转计时器,,,,,0,0,,,
token separator,,,[计] 标记分隔符,,,,,0,0,,,
token station,,,"凭证闭塞站,线路所",,,,,0,0,,,
token stimuli,,,信号刺激,,,,,0,0,,,
token stimulus,,,信号刺激,,,,,0,0,,,
token stoppage,,,= token strike,,,,,0,0,,,
token storage key,,,符记储存钥,,,,,0,0,,,
token strike,,,[经] 象征性罢工,,,,,0,0,,,
token test,,,色块测验,,,,,0,0,,,
token type,,,标记类型,,,,,0,0,,,
token type ratio,,,符记型式比,,,,,0,0,,,
token up,,,v. 拿起(着手；承接；处理；缠绕；继续),,,,,0,0,,,
token use,,,[专利] 象征性使用,,,,,0,0,,,
token value,,,[计] 权标值,,,,,0,0,,,
token variable,,,标记变量,,,,,0,0,,,
token vote,,,[法] 议会对于支出预算草案的决议,,,,,0,0,,,
token-bus,,,令牌总线,,,,,0,0,,,
token-bus network,,,权标总线网,,,,,0,0,,,
token-money,,,na. 【英史】(商店发行的)代币\n[网络] 代用货币,,,,,0,0,,,
token-passing,,,标记传送,,,,,0,0,,,
token-passing network,,,令牌传送网,,,,,0,0,,,
token-passing protocol,,, [计]权标传送协议，令牌传送协议,,,,,0,0,,,
token-replacement,,,"[计] 权标置换, 令牌置换, 标记置换",,,,,0,0,,,
token-ring,,,"[计] 权标环, 令牌环",,,,,0,0,s:token-rings,,
token-ring interface coupler,,,符记环介面耦合器,,,,,0,0,,,
token-ring local area network,ˈtokən rɪŋ ˈlokəl ˈɛriə ˈnɛtˌwɚk,, [计]令牌环局部[本地]网络,,,,,0,0,,,
token-ring network,,,权标环网,,,,,0,0,,,
token-rings,,,n. 令牌环；令牌环网（一个环状的区域网络）,,,,,0,0,0:token-ring/1:s,,
token-sharing network,,,令牌共享网络,,,,,0,0,,,
Token.,'təʊkən,,n. 表示；（用以启动某些机器或用作支付方式的）代币；代金券；赠券\nadj. 装样子的；装点门面的；敷衍的；象征性的\n[网络] 令牌；标记；记号,,,,,0,0,,,
tokened,'təʊk(ə)n,"imp. & p. p. of Token\na. Marked by tokens, or spots; as, the tokened pestilence.",n. 表征；代币；记号\na. 象征的；表意的；作为对某事的保证的\nvt. 象征；代表,,,,,0,0,,,
tokener,,,[网络] 托克纳,,,,,0,0,,,
tokenexchanger,,,"凭证授受机,列车凭证交接器",,,,,0,0,,,
tokening,,,[网络] 令人兴奋,,,,,0,0,,,
tokenisation,,,[网络] 标记化,,,,,0,0,,,
tokenisations,,,[网络] 令牌化,,,,,0,0,,,
tokenise,,,[网络] 令牌化,,,,,0,0,,,
tokenised,,,[网络] 令牌化,,,,,0,0,,,
tokeniser,,,[网络] 词法分析器,,,,,0,0,,,
tokenisers,,,[网络] 标记物,,,,,0,0,,,
tokenises,,,[网络] 令牌化,,,,,0,0,,,
tokenish,,,[网络] 令人信服,,,,,0,0,,,
tokenising,,,[网络] 令牌化,,,,,0,0,,,
tokenism,,,"n. 装门面, 表面文章",n:100,,,,38953,34572,s:tokenisms,,
tokenisms,'təʊk(ə)nɪz(ə)m,,n. 象征主义；装门面；表面文章,,,,,0,0,0:tokenism/1:s,,
tokenist,,,[网络] 象征者,,,,,0,0,s:tokenists,,
tokenistic,,,[网络] 象徵性,,,,,0,0,,,
tokenists,,,[网络] 象征者\n(tokenist 的复数),,,,,0,0,0:tokenist/1:s,,
tokenizable,,,[网络] 令人信服的,,,,,0,0,,,
tokenization,,,[网络] 标记化；断词；符号化,,,,,0,0,,,
tokenizations,,,[网络] 标记化,,,,,0,0,,,
tokenize,,,[网络] 符将一个字符串标记化；切分词；令牌化,,,,,0,0,,,
tokenized,,,[网络] 标记化的；词法分析；符号化,,,,,0,0,,,
tokenizer,,,[网络] 分词器；标记器；分词器部分,,,,,0,0,,,
tokenizers,,,[网络] 分词,,,,,0,0,,,
tokenizes,,,[网络] 标记,,,,,0,0,,,
tokenizing,,,[网络] 标记化；语汇单元化；标记配置,,,,,0,0,,,
tokenless,,,[网络] 无味的,,,,,0,0,,,
tokenless block,,,无凭证闭塞,,,,,0,0,,,
tokenlike,,,[网络] 令人赞叹,,,,,0,0,,,
tokens,ˈtəukənz,n. an individual instance of a type of symbol\nn. something serving as a sign of something else\nn. a metal or plastic disk that can be redeemed or used in designated slot machines,n. 代币( token的复数形式 ); 象征,,,,,0,0,0:token/1:s,,
TokenTalk,,,TokenRing Apple Talk,,,,,0,0,,,
tokenwise,,,[网络] 令人印象深刻,,,,,0,0,,,
toker,,, [人名] 托克,,,,,0,0,,,
tokers,'təʊkə,,托克（人名）,,,,,0,0,,,
tokes,,plural of toke\nn. a puff of a marijuana or hashish cigarette,(toke 的复数) n. [英俚]食物；[美俚]一口烟；赌场小费,,,,,0,0,0:toke/1:s,,
tokey,,,[网络] 加意；至士；特凯伊,,,,,0,0,,,
Tokha,,,德下,,,,,0,0,,,
Tokhara,,,[地名] *吐火罗 ( 中亚 ),,,,,0,0,,,
Tokharian,,,n. 吐火罗人；吐火罗语\nadj. 吐火罗的\n[网络] 吐火鲁；吐火罗经；昙摩难提是兜佉勒,,,,,0,0,,,
Tokharians,tɔ'kεəriən; təu-,,"n.,adj.\n= Tocharian [亦作 Tokharic ／təu'kerik／]",,,,,0,0,,,
tokhes,,,[网络] 托克斯,,,,,0,0,,,
tokheses,,,[网络] 折腾,,,,,0,0,,,
tokhludzha (drakhtik),,,托赫卢德札(德拉赫提克),,,,,0,0,,,
tokhtakhounov,,,[网络] 托克塔霍霍诺夫,,,,,0,0,,,
Tokhung,,,德兴,,,,,0,0,,,
toki,,,n. (Toki)人名；(日)国 (名),,,,,0,0,s:toki,,
Toki Pona,,,[网络] 道本语；人工皮钦语道本语,,,,,0,0,,,
tokia,,,[网络] 拓嘉；图丽,,,,,0,0,,,
Tokigawa,,,[地名] 都几川 ( 日 ),,,,,0,0,,,
tokin,,n. A tocsin.,"abbr. Tohoku Metal Industies, Ltd. <日本>东北金属工业公司",,,,,0,0,,,
tokin',,,[网络] 头襟,,,,,0,0,,,
tokin' up,,"To toke is the action of taking a hit of marijuana, therefor, tokin up means to have a session of smoking marijuana. You can toke on a joint, or take a bong toke, and from this comes the phrase ""tokin up"".\n> The three of us are tokin up before the movie tonight, so we can get our [mind right] before it starts. I prefer [bong tokes], but since we will be doing in the car, it will be easier to [toke] on a joint.\n",,,,,,0,0,,,
Tokina,,,n. 图丽（日本光学厂家名）,,,,,0,0,,,
Tokinella,,,小东京虫属〔三叶虫类，C2〕,,,,,0,0,,,
toking,,-ing form of toke\nn. a puff of a marijuana or hashish cigarette,(toke 的现在分词) n. [英俚]食物；[美俚]一口烟；赌场小费,,,,,0,0,0:toke/1:i,,
toking up,,The act of smoking the sacred skunk or [weed]\n> Stoner 1: Bro whats up?\n> Stoner 2: Toking up man.\n,,,,,,0,0,,,
tokins,,,[网络] 金币,,,,,0,0,,,
tokio,"'tәjkjәj,-kiәj,'tɔ:kjɔ:",n the capital and largest city of Japan; the economic and cultural center of Japan,"n. 东京（日本首都, 等于Tokyo）",,,,,0,0,s:tokios,,
tokios,'təukjəu; -kiəu; 'tɔ:kjɔ:,,n. 东京（日本首都，等于Tokyo）,,,,,0,0,0:tokio/1:s,,
tokke,,,[网络] 托克；泰勒马克郡托克,,,,,0,0,,,
tokkin,,,[网络] 托克金,,,,,0,0,,,
Tokko,,,[地名] 托科 ( 俄 ),,,,,0,0,,,
Tokko-do,,,独巨岛,,,,,0,0,,,
Tokkoite,,,黄硅钙钾石,,,,,0,0,,,
tokkotai,,,[网络] 特攻,,,,,0,0,,,
tokku,,,[网络] 经济特区,,,,,0,0,,,
Tokkumi-ri,,,[地名] 独九味里 ( 朝 ),,,,,0,0,,,
tokla,,,[网络] 托克拉,,,,,0,0,,,
Toklar,,,[地名] 托克拉尔 ( 土 ),,,,,0,0,,,
Toklas,,,[网络] 古拉斯,,,,,0,0,s:toklass,,
"Toklas, Alice B.",'təukləs,,托克拉斯(1877～1967，旅法美国女作家G.斯泰因的女友、生活伴侣和秘书),,,,,0,0,,,
toklass,,,[网络] 古拉斯\n(toklas 的复数),,,,,0,0,0:toklas/1:s,,
toklat,,, [地名] [美国] 托克拉特,,,,,0,0,,,
tokles,,,[网络] 脚踝,,,,,0,0,,,
Tokma,,,[地名] 托克马 ( 俄 ),,,,,0,0,,,
Tokmak,,,[地名] 托克马克 ( 俄、乌克 ),,,,,0,0,,,
tokman,,,[网络] 托克曼先生,,,,,0,0,,,
tokmari seed,,,[网络] 脱克马里子,,,,,0,0,,,
Tokmok,,,[地名] 托克莫克 ( 吉尔 ),,,,,0,0,,,
Tokmovo,,,[地名] 托克莫沃 ( 俄 ),,,,,0,0,,,
toko,'tәukәu,,"n. 鞭打, 惩罚",,,,,0,0,s:tokoes,,
toko-,,,"[医] 分娩, 产, 生育",,,,,0,0,,,
tokocyte,'tәukәusait,,海绵生殖细胞,,,,,0,0,,,
Tokod,,,[地名] 托科德 ( 匈 ),,,,,0,0,,,
tokodynagraph,,,[医] 分娩力图,,,,,0,0,,,
tokodynalrapy,,,分娩力描记图,,,,,0,0,,,
tokodynamometer,"tәjkәj,dainә'mɔmitә(r)",,n. [医]分娩力计,,,,,0,0,,,
tokoes,'təukəu,,n. 鞭打；责打（等于toco）\nn. (Toko)人名；(日)土库 (姓)；(塞、刚(布)、布基、乌干)托科,,,,,0,0,0:toko/1:s,,
tokofsky,,, [人名] 托科夫斯基,,,,,0,0,,,
tokogenetic,,"tokogenetic (comparative more tokogenetic, superlative most tokogenetic)\n(systematics) Of or concerning the relationships between individuals in a species.\n(obsolete) Alternative form of tocogenetic\n",,,,,,0,0,,,
Tokognathus,,,生颚牙形石属〔O2〕,,,,,0,0,,,
tokograph,,,分娩力描记器,,,,,0,0,,,
tokok (dogog),,,道谷,,,,,0,0,,,
Tokokin,,,雌酮,,,,,0,0,,,
tokol,,,[网络] 高丽；克尔；托克尔,,,,,0,0,,,
tokolcin,,,雌酮,,,,,0,0,,,
tokology,tә'kɔlәdʒi,,n. [医](=tocology)产科学,,,,,0,0,,,
tokolos,,,[网络] 托科洛斯,,,,,0,0,,,
tokoloshe,",tɔkɔ'lɔʃ,-'lɔʃi",,n. 托科洛希(非洲南部班图人民间传说中的水中精灵),,,,,0,0,,,
tokolytic,,,[网络] 土耳其菌,,,,,0,0,,,
tokomak,"'tәjkәmæk,'tɔ-",,n. [物]托卡马克( 一种环状大电流的箍缩等离子体实验装置),,,,,0,0,s:tokomaks,,
tokomaks,'təukəmæk; 'tɔ-,,n. = tokamak,,,,,0,0,0:tokomak/1:s,,
Tokomaru,,,[地名] 托科马鲁 ( 新西 ),,,,,0,0,,,
Tokomaru Bay,,,[地名] 托科马鲁贝 ( 新西 ),,,,,0,0,,,
Tokomicina,,,卡那霉素,,,,,0,0,,,
Tokona,,,[地名] 托科特纳 ( 美 ),,,,,0,0,,,
Tokoname,,,[地名] 常滑 ( 日 ),,,,,0,0,,,
Tokonami-gawa,,,[地名] 常浪川 ( 日 ),,,,,0,0,,,
tokong,,,[网络] 都纲；志元堂庙地还是列为神庙,,,,,0,0,,,
tokonoma,",tәjkә'nәjmә",,"n. (日本房屋起居室的)床之间,壁龛",,,,,0,0,,,
tokonomas,,,[网络] 日式榻榻米房间有壁龛；凹间；床之间,,,,,0,0,,,
tokopat,'tәukәupæt,,阿萨姆蒲葵,,,,,0,0,,,
Tokopharm,,,维生素E,,,,,0,0,,,
tokophobia,,,[网络] 婴儿出生恐惧症,,,,,0,0,,,
Tokoro,,,[地名] 常吕 ( 日 ),,,,,0,0,,,
Tokoro-gawa,,,[地名] 常吕川 ( 日 ),,,,,0,0,,,
Tokoroa,,,[地名] 托科罗阿 ( 新西 ),,,,,0,0,,,
tokorogenin,,,n. 托可皂苷配工；托可皂甙元\n[网络] 山萆薢皂甙元；甘元；托克皂苷元,,,,,0,0,,,
tokoronin,,,n. 托可皂苷\n[网络] 山萆薢皂甙；山萆薢皂苷；山萆薢皂甘,,,,,0,0,,,
Tokoropati I.,,,[地名] 托科罗帕蒂 ( 圭 ),,,,,0,0,,,
Tokorozawa,,,n. (Tokorozawa)人名；(日)所泽 (姓),,,,,0,0,,,
"Tokorua, I.",,,[地名] 托科鲁阿岛 ( 波利 ),,,,,0,0,,,
tokos,,,[网络] 现在这样只满足于利益,,,,,0,0,,,
tokostome,,,生殖口,,,,,0,0,,,
Tokota,,,[地名] 托科塔 ( 肯 ),,,,,0,0,,,
Tokotan-gawa,,,[地名] 床丹川 ( 日 ),,,,,0,0,,,
tokotoko,,,[网络] 冲刺摩艾石像,,,,,0,0,,,
tokoudagba,,,[网络] 托库达格巴,,,,,0,0,,,
Tokounou,,,[地名] 托库努 ( 几 ),,,,,0,0,,,
tokoyama,,,[网络] 时子山；德山曹达；床山,,,,,0,0,,,
tokoza,,,[网络] 托科札,,,,,0,0,,,
Tokrau,,,[地名] 托克劳河 ( 哈 ),,,,,0,0,,,
toks,,plural of tok,(tok 的复数) abbr. 知识转让（Transfer of Knowledge）；知识理论（Theory of Knowledge）\nn. (Tok)人名；(阿拉伯)图克；(土)托克；(东南亚国家华语)卓,,,,,0,0,0:tok/1:s,,
Toksha,,,[地名] 托克沙河 ( 俄 ),,,,,0,0,,,
Toksobidin,,,"双复磷,氯化双异烟醛肟甲醚",,,,,0,0,,,
Toksovo,,,[地名] 托克索沃 ( 俄 ),,,,,0,0,,,
Tokto(Take-shima),,,[地名] 独岛(竹岛) ( 韩·日 ),,,,,0,0,,,
Toktogul,,,[地名] 托克托古尔 ( 吉尔 ),,,,,0,0,,,
Toktogul Suu Saktagychy,,,[地名] 托克托古尔水库 ( 吉尔 ),,,,,0,0,,,
toku,,,[网络] 拓谷；东空；日本东空,,,,,0,0,,,
Tokugawa,'tәjku:'^ɑ:wɑ:,,德川(创建日本德川幕府的德川家族),,,,,32222,0,s:tokugawas,,
Tokugawa Hidetada,,,德川秀忠(1579-1632)，日本人，幕府第二代将军。,,,,,0,0,,,
Tokugawa Iemitsu,,,德川家光(1604-51)，日本人，幕府第三代将军。,,,,,0,0,,,
Tokugawa Ieyasu,,,德川家康,,,,,0,0,,,
Tokugawa Nariaki,,,"德川齐昭(1800-60),日本人,官员。",,,,,0,0,,,
Tokugawa period,,,[网络] 德川时代；德川幕府时期,,,,,0,0,,,
tokugawa shogunate,,,[网络] 德川幕府；江户幕府；德川将军家,,,,,0,0,,,
Tokugawa Tsunayoshi,,,"德川纲吉(1646-1709),日本人,将军。",,,,,0,0,,,
Tokugawa Yoshimune,,,"德川吉宗(1684-1751),日本人,将军。",,,,,0,0,,,
Tokugawa Yoshinobu,,,"德川庆喜(1837-1913),日本人,幕府末代将军。",,,,,0,0,,,
TokugawaIyeyasu,'i:je'jɑ:su:,,德川家康(1542～1616，日本德川幕府的创建者),,,,,0,0,,,
tokugawas,'təuku:'ɡɑ:wɑ:,,德川[日本名门望族，德川时代(1603～1867)作为幕府将军统治日本],,,,,0,0,0:tokugawa/1:s,,
Tokuji,,,[地名] 德地 ( 日 ),,,,,0,0,,,
Tokulu Atoll,,,[地名] 托库卢环礁 ( 汤加 ),,,,,0,0,,,
Tokuma,,,[地名] 托库马 ( 俄 ),,,,,0,0,,,
Tokung,,,[地名] 托孔 ( 印尼 ),,,,,0,0,,,
tokuno pair,,,(杀虫剂)二敌混剂,,,,,0,0,,,
Tokuno-shima,,,[地名] 德之岛 ( 日 ),,,,,0,0,,,
Tokunopair,'tәukәnәpeә,,二敌混剂,,,,,0,0,,,
Tokunoshima,,,[地名] 德之岛 ( 日 ),,,,,0,0,,,
Tokur,,,[地名] 托库尔 ( 俄 ),,,,,0,0,,,
Tokur-Yuryakh,,,[地名] 托库尔-尤里亚赫河 ( 俄 ),,,,,0,0,,,
Tokura-tōge,,,[地名] 户仓山口 ( 日 ),,,,,0,0,,,
tokus,'tʌkәs,,"n. <俚>臀部,屁股",,,,,0,0,,,
Tokusaga-mine,,,[地名] 十种峰 ( 日 ),,,,,0,0,,,
tokusatsu,,,[网络] 特摄；特摄片；特摄板,,,,,0,0,,,
Tokushibetsu-gawa,,,[地名] 德志别川 ( 日 ),,,,,0,0,,,
Tokushima,"'tәjku:'ʃi:mɑ:,tәj'ku:ʃimә",,德岛[日本四国岛东岸港市],,,,,0,0,,,
Tokushima-ken,,,[地名] 德岛县 ( 日 ),,,,,0,0,,,
tokusho,,,[网络] 托库苏,,,,,0,0,,,
tokutaro,,,[网络] 土太太,,,,,0,0,,,
Tokutomi Roka,,,"德富芦花(1868-1927),日本人,小说家。",,,,,0,0,,,
tokuyama,,, [地名] [日本] 德山,,,,,0,0,,,
tokuzan (toksan),,,德山,,,,,0,0,,,
Tokwatcho,,,[地名] 托夸乔 ( 尼日利 ),,,,,0,0,,,
Tokwe,,,[地名] 托奎河 ( 津 ),,,,,0,0,,,
toky,,,[地名] 什托基 ( 捷 ),,,,,0,0,,,
Tokyo,'tәukjәu,n. the capital and largest city of Japan; the economic and cultural center of Japan,n. 东京\n[经] 东京,,,,gk,5474,0,s:tokyoes,,
Tokyo Bay,,,东京湾(日本本州岛东南),,,,,0,0,,,
Tokyo Broadcasting System,,,东京广播公司,,,,,0,0,,,
Tokyo Disneyland,,,[地名] 东京迪斯尼乐园 ( 日 ),,,,,0,0,,,
tokyo electric power,,, 东京电力公司总部所在地：日本主要业务：电力煤气,,,,,0,0,,,
Tokyo Experimental Computer Network,,,[计] 东京大学试验性计算机网,,,,,0,0,,,
Tokyo Grain Exchange,,,东京谷物交易所,,,,,0,0,,,
tokyo international film festival,,,东京国际影展,,,,,0,0,,,
Tokyo International Financial Futures Exchange,,,东京国际金融期货交易所,,,,,0,0,,,
Tokyo Marine And Fire Insurance Company Ltd.,,,[网络] 东京海上火灾保险公司,,,,,0,0,,,
Tokyo Mou,,,[网络] 东京备忘录；亚太地区；东京备忘录组织,,,,,0,0,,,
Tokyo National Museum,,,东京国立博物馆,,,,,0,0,,,
Tokyo Nikkei Dow Jones Index,,,东京日经杜琼斯指数,,,,,0,0,,,
Tokyo Rose,,,东京玫瑰（东京电台英语女广播员的绰号）,,,,,0,0,,,
Tokyo round,,,[经] 东京回合,,,,,0,0,,,
Tokyo Stock Exchange,,,东京证券交易所,,,,,0,0,,,
Tokyo Sugar Exchange,,,东京糖交易所,,,,,0,0,,,
Tokyo Trials,,,东京审判,,,,,0,0,,,
tokyo-mitsubishi,,,[网络] 东京三菱；三菱日联,,,,,0,0,,,
Tokyo-wan,,,东京湾,,,,,0,0,,,
tokyoensis,,,[网络] 浅黄白樱蛤；东京沟瘤蛛,,,,,0,0,,,
tokyoes,ˈtəʊkjəʊ,,n. 东京（日本首都）,,,,,0,0,0:tokyo/1:s,,
Tokyoite,,,n. 东京市民,,,,,0,0,,,
Tokyoites,,,[网络] 多的东京性；多的东京人,,,,,0,0,,,
tokyopop,,,[网络] 东京流行；第三卷；传奇漫画,,,,,0,0,,,
tokyos,ˈtəʊkjəʊ,,"东京(日本首都) [亦作 Tokio,旧称Edo,Yeddo,Vedo]",,,,,0,0,,,
tokyu,,,[网络] 东急；日本东急；东京急行电鉄,,,,,0,0,s:tokyus,,
tokyus,,,[网络] 东急；日本东急；东京急行电鉄\n(tokyu 的复数),,,,,0,0,0:tokyu/1:s,,
Tokzār,,,[地名] 托克扎尔 ( 阿富 ),,,,,0,0,,,
Tokû,,,[地名] 托库岛 ( 汤加 ),,,,,0,0,,,
tol,,v. t. To take away. See Toll.,"n. (Tol)人名；(土、土库)托尔；(柬)敦\nabbr. 公差标注（Time On Line）；甲苯（toluene）；宽大, 宽容（tolerance）；忍耐力（tolerance）",,,,,0,0,s:tols,,
tol de rol,,,[网络] 托尔德罗尔,,,,,0,0,,,
tol',,,[网络] 公差(tolerance)；托尔兄弟公司；托莱多(Toledo),,,,,0,0,,,
Tol'ka,,,[地名] 托利卡河 ( 俄 ),,,,,0,0,,,
tol't,,,[网络] 不要,,,,,0,0,,,
Tol'yatti,,,[地名] *陶里亚蒂(陶里亚蒂格勒的旧称)。英语惯用名Togliatti ( 俄 ),,,,,0,0,,,
Tol'yattigrad,,,[地名] 陶里亚蒂格勒 ( 俄 ),,,,,0,0,,,
tol-,tɔl,,comb.form 【化学】表示“甲苯”[亦作 tolu-],,,,,0,0,,,
tol-lol,tɔl'lɔl,,"a. 尚可的, 平平的",,,,,0,0,,,
tol-o-matic,,,[网络] 喷枪,,,,,0,0,,,
Tol.,,,[网络] 容差；公差；容许误差,,,,,0,0,,,
tola,'tәulɑ:,n. A weight of British India. The standard tola is equal to 180\n   grains.,n. 拖拉(印度重量单位),,,,,0,0,,,
Toladryl,,,新苯海拉明,,,,,0,0,,,
tolafentrine,,,托拉芬群,,,,,0,0,,,
tolaga b.,,,托拉加湾,,,,,0,0,,,
Tolaga Bay,,,[地名] 托拉加贝 ( 新西 ),,,,,0,0,,,
tolagnaro (fort dauphin),,,托拉涅罗(多芬堡),,,,,0,0,,,
tolah,,tolah (plural tolahs)\n(uncommon) tola (unit of mass)\n,,,,,,0,0,,,
Tolai,,,[网络] 托来人；岛内；托赖人,,,,,0,0,s:tolais,,
Tolais,,,[网络] 托莱斯,,,,,0,0,0:tolai/1:s,,
tolamex,'tɔlәmeks,,陶拉袂克斯(炸药),,,,,0,0,,,
Tolamidol,,,胺甲苯心安,,,,,0,0,,,
tolamine,'tɔlәmin,,"对甲苯磺酰氯胺钠, 氯胺-T",,,,,0,0,,,
tolamolol,,,n. 胺甲苯心安\n[网络] 妥拉洛尔；胺甲苯辛胺,,,,,0,0,,,
tolan,'tәulæn,,n. [化]二苯乙炔,,,,,0,0,s:tolans,,
tolanase,,,甲磺氮卓脲,,,,,0,0,,,
Tolanate,,,"烟酸肌醇酯,烟肌醇,烟肌酯,六烟酸肌醇酯",,,,,0,0,,,
toland,'tәulәnd,,n. 托兰（姓氏）,,,,,0,0,,,
"Toland, Gregg",'təulənd,,托兰德(1904～1948，美国电影摄影家),,,,,0,0,,,
"Toland, John",,,[网络] 约翰,,,,,0,0,,,
tolane,'tәulein,"n. A hydrocarbon, C14H10, related both to the acetylene and\n   the aromatic series, and produced artificially as a white crystalline\n   substance; -- called also diphenyl acetylene.",n. [化]二苯乙炔,,,,,0,0,,,
tolane dibromide,,,[化] 二溴化二苯乙炔,,,,,0,0,,,
tolane liquid crystal,,,[晶体] 二苯乙炔类液晶,,,,,0,0,,,
tolane sulfide,,,[化] 硫化二苯乙炔,,,,,0,0,,,
tolanes,,,二苯乙炔,,,,,0,0,,,
tolans,'təʊlæn,,n. 二苯乙炔,,,,,0,0,0:tolan/1:s,,
Tolapa,,,[地名] 托拉帕 ( 尼加 ),,,,,0,0,,,
Tolapampa,,,[地名] 托拉潘帕 ( 玻 ),,,,,0,0,,,
Tolapin,,,扑蛲灵,,,,,0,0,,,
tolar,tɔlɑ:,, [地名] [美国] 托勒,,,,,0,0,,,
"Tolar, Cerro",,,[地名] 托拉尔峰 ( 阿根 ),,,,,0,0,,,
tolars,,,[网络] 托拉尔；托勒；斯洛文尼亚,,,,,0,0,,,
tolas,,,n. 托拉\n[网络] 特拉斯；托罗斯；乐市,,,,,0,0,,,
tolash,,,[网络] 鞭挞,,,,,0,0,,,
Tolataca,,,[地名] 托拉塔卡 ( 玻 ),,,,,0,0,,,
Tolavad,,,"妥拉唑林,妥拉苏林,苄唑林,苯甲唑林",,,,,0,0,,,
tolazamide,tә'leizәmaid,n a drug (trade name Tolinase) used in treating stable adult-onset diabetes mellitus,"n. [药]甲磺氮草脲,甲磺吖庚脲(一种治糖尿病药)",,,,,0,0,s:tolazamides,,
tolazamides,tə'leizəmaid,,n. 甲磺吖庚脲，甲磺氮草脲（一种专治糖尿病的药）,,,,,0,0,0:tolazamide/1:s,,
tolaziline hydrochloride,,,[建] 甲苯唑盐酸盐,,,,,0,0,,,
Tolazolamide,,,"甲磺氮卓脲,甲磺吖庚脲,对甲苯磺酰六氢氮卓脲",,,,,0,0,,,
tolazoline,tәulә'zәuli:n,n vasodilator that is used to treat spasms of peripheral blood vessels (as in acrocyanosis),"n. [药](盐酸)苄唑啉,苯甲唑啉,妥拉苏林( 用于治疗周围动脉痉挛等)",,,,,0,0,s:tolazolines,,
tolazoline hydrochloride,,,"[医] 盐酸托拉佐林, 盐酸普里科林, 盐酸-2-苄基-4,5-咪唑啉",,,,,0,0,,,
tolazolines,tə'leizəli:n,,n. 苄唑啉；妥拉唑林,,,,,0,0,0:tolazoline/1:s,,
Tolazul,,,氯胺甲吩嗪,,,,,0,0,,,
Tolba,,,[地名] 托尔巴 ( 俄 ),,,,,0,0,s:tolbas,,
Tolbachik,,,[地名] 托尔巴奇克 ( 俄 ),,,,,0,0,,,
tolbachite,,,褐氯铜矿,,,,,0,0,,,
tolbas,,,[地名] 托尔巴 ( 俄 )\n(tolba 的复数),,,,,0,0,0:tolba/1:s,,
Tolbazy,,,[地名] 托尔巴济 ( 俄 ),,,,,0,0,,,
tolbert,,," [人名] [英格兰人姓氏] 托尔伯特来源于日耳曼语人名，第一个成分不详，第二个成分含义是“灿烂的，著名的”(bright,famous); [地名] [荷兰、美国] 托尔伯特",,,,,0,0,,,
Tolbet,,,"甲苯磺丁脲,甲磺丁脲",,,,,0,0,,,
tolbiac,,,[网络] 托尔比亚克；比亚路；托比亚克学区,,,,,0,0,,,
tolbies,,,托尔比\n(tolby 的复数),,,,,0,0,0:tolby/1:s,,
tolbooth,"'tәul,bu:θ",n a booth at a tollgate where the toll collector collects tolls,[苏]牢狱,,,,,0,0,s:tolbooths,,
tolbooths,,,n. 〈英〉牢狱\n[网络] 托博特,,,,,0,0,0:tolbooth/1:s,,
tolbot,,,[网络] talbot,,,,,0,0,,,
tolbots,,,[网络] talbots,,,,,0,0,,,
tolboxane,,,[化] 托硼生; 甲苯硼氧烷,,,,,0,0,,,
Tolbuamide,,,甲苯磺丁脲,,,,,0,0,,,
Tolbugen,,,"甲苯磺丁脲,甲磺丁脲",,,,,0,0,,,
Tolbukhin,,,[网络] 托尔布欣；托尔布欣天气预报,,,,,0,0,s:tolbukhins,,
tolbukhins,,,[网络] 托尔布欣；托尔布欣天气预报\n(tolbukhin 的复数),,,,,0,0,0:tolbukhin/1:s,,
Tolbukhinski Okrǔg,,,[地名] *托尔布欣州 ( 保 ),,,,,0,0,,,
Tolbusal,,,"甲苯磺丁脲,甲磺丁脲",,,,,0,0,,,
tolbutamide,tәl'bju:tәmaid,n sulfonylurea; an oral antidiabetic drug (trade name Orinase) used in the treatment of adult-onset diabetes mellitus,"n. [药]甲苯磺丁脲,甲糖宁(一种治糖尿病药)",,,,,0,0,s:tolbutamides,,
tolbutamide sodium,,,丁基甲苯磺醯脲钠（口服降血压剂）,,,,,0,0,,,
tolbutamide-triazinetrione,,,甲磺丁脲-高血糖素试验,,,,,0,0,,,
tolbutamides,tɒl'bjuːtəmaɪd,,n. 甲糖宁（一种降血糖药）；[药] 甲苯磺丁脲；氨磺,,,,,0,0,0:tolbutamide/1:s,,
tolbutamine,,,甲苯胺丁尿,,,,,0,0,,,
Tolbutamiole,,,"甲苯磺丁脲,甲磺丁脲",,,,,0,0,,,
Tolbutol,,,"甲苯磺丁脲,甲磺丁脲",,,,,0,0,,,
Tolbutone,,,甲苯磺丁脲,,,,,0,0,,,
Tolbuzino,,,[地名] 托尔布济诺 ( 俄 ),,,,,0,0,,,
tolby,,,托尔比,,,,,0,0,s:tolbies,,
tolcapone,,,[网络] 托卡朋；托可朋,,,,,0,0,,,
Tolcayuca,,,托卡由加,,,,,0,0,,,
tolchin,,, [人名] 托尔钦,,,,,0,0,,,
tolchok,,"[nadsat] term for 'to hit'. origin: russian, a push, shove\n> And then you can tolchok 'em right in the yarbles.\n",,,,,,0,0,,,
tolciclate,,,[化] 环托西拉酯; 甲苯硫萘酯,,,,,0,0,,,
tolcidlate,,,"托西拉酯,甲苯硫萘酯",,,,,0,0,,,
tolclofos-methyl,,,[网络] 甲基立枯磷；脱克松；棉亩康,,,,,0,0,,,
tolclotide,,,氯甲苯二磺胺,,,,,0,0,,,
tolcyclamid,,,甲磺环己脲,,,,,0,0,,,
tolcyclamide,,,[化] 格列环脲; 甲磺环己脲,,,,,0,0,,,
told,tәuld,v express in words\nv let something be known\nv narrate or give a detailed account of\nv give instructions to or direct somebody to do something with authority\nv discern or comprehend\nv inform positively and with certainty and confidence\nv give evidence\nv mark as different,tell的过去式和过去分词,,,,,39533,0,0:tell/1:pd/s:tolds,,
told about,,,[网络] 告诉约；谈到某事；谈论某事,,,,,0,0,,,
told against,,,v.  对 ... 有不利影响(有碍 ... 的成功),,,,,0,0,,,
told apart,,,na. 辨别,,,,,0,0,,,
told from,,,v. 辨别(分辨),,,,,0,0,,,
told her beads,,,v. 祷告,,,,,0,0,,,
told me off,,,[网络] 被责备,,,,,0,0,,,
told me you loved me,,,[网络] 告诉我你爱我；告诉我好吗你还爱着我；告诉我你还爱着我,,,,,0,0,,,
told of,,,un. 不言而喻；谈到；声张出去,,,,,0,0,,,
told off,,,na. 数清；分派(工作)；【罕】编号；谴责\n[网络] 告诉,,,,,0,0,,,
told on,,, 使疲乏,,,,,0,0,,,
told someone off,,,责骂，批评某人,,,,,0,0,,,
told their beads,,,v. 祷告,,,,,0,0,,,
told-you-so,,,[网络] 早说过；告诉过你了；告诉过你会这样,,,,,0,0,,,
toldest,təʊld,,"vt.\ntell1的变形\ntell的过去式和过去分词\n短语:\nall told\n总共，合计，全算进去\ntell1\n[tel]\nvt.\n告诉，告知：\nHe has told me about the new colleague.\n他已经向我告知新同事的情况。\nThe chairman has told everyone of the arrangements.\n主席已经把安排告诉给大家。\nThey told me that you have made up your mind.\n他们告诉我说你已经下决心了。\nTell me about the game.\n告诉我比赛的情况。\n说，讲，讲述；描述，叙述：\nThe teacher told us his experiences in England.\n老师给我们讲了他在英国的经历。\nto tell a story\n讲故事\nto tell the facts\n讲出实情\nto tell the truth\n说实话\nDid he tell you of the difficulties he had met with in his study?\n他给你讲了他在学习上遇到的困难吗?\n吩咐；命令：\nTell him to wait for me in the office.\n让他在办公室等我。\nShe told them not to smoke in the room.\n她叫他们不要在屋子里抽烟。\nTell her to stop.\n让她停止。\n泄露(机密等)；吐露(真情等)；显示，显露：\na smile that told her joy\n显示她快乐的一笑\nHer face told that she was quited satisfied with the result.\n她脸上显示出她对结果很满意。\n分辨,辨别,区别(常与 can,could,be able to 连用)：\nCan you,standing here,tell who that man is?\n你从这儿能看出那是谁吗?\nI can't tell him from his twin brother.\n我分不出他和他的孪生兄弟。\nto tell the true from the false\n区分真伪\n断定，确定；知道，明白；指出：\nOne can't tell what will happen.\n谁也不知道会发生什么。\nNo one can\ntell who will win the next election.\n谁也说不准谁会赢得下次竞选。\n数，计算：\nThey were 40 all told.\n他们共计40人。\nto tell votes\n计票\n向…保证；明确申明；明白告知：\nIt's there,I tell you.\n我向你保证这东西在那儿。\nI don't like it,I tell you.\n我告诉你，我不喜欢。\nvi.\n讲述，叙述：\nThe sailor told of his adventures on sea.\n水手讲述他在海上的冒险。\nShe didn't want to tell about bygone days.\n她不愿讲述往昔的事情。\n明确说出；预料；讲明：\nWho will win the next election,Bush or Gore? —Who can tell !\n谁会赢得下次大选，布什还是戈尔? —谁说得上来。\n作证；表明：\nTime will tell.\n时间会作证。\n泄密；告发；说坏话(与on连用)：\nTom broke the window and Mary told the teacher on Tom.\n汤姆打破了玻璃，玛丽在老师那儿告了他一状。\nHe knows who did it,but he won't tell.\n他知道是谁干的，但他不愿讲出来。\nkiss and tell\n秘密告发\n产生效果，发生影响，奏效(与on连用)：\nStrain began to tell on his health.\n过度劳累开始损害他的健康。\nYour efforts are beginning to tell.\n你的努力正在开始产生效果。\nAge was telling on her.\n她慢慢显老了。\n(颜色、声音等)显示；意味着(与of连用)：\nThe colour of the ink tells of\nthe fraud.\n墨水的颜色表明是作弊。\n[古语]计数；数票\nn.\n[方言]讲的话(或事)；谈话；传闻\n近义词:\nnarrate\n. recount\n. relate\n. report\n短语:\nall told\n总共，合计，一共；总之\nas far as one can tell\n据目前证据判断\nDo tell!\n[表诧异的感叹语]有这种事!不见得吧!真没想到!\nDon't tell me!\n不见得吧!哪有这种事!别瞎扯啦!靠不住吧![亦作Never tell me! Tell me (或 us) another! You don't tell me!]\nDon't tell me…\n[表诧异等的感叹语]不见得…吧\nfor what I can tell\n就我所知，据我的了解\nhear tell(of)\n[方言]听人谈起；听人说过\nI (can) tell you\n我敢说；我可以肯定地说；确实[亦作 I tell you；let me tell you ]\nI told you so.\n我早就跟你讲过。(意即我没说错，你偏不听)\nI'll tell you what\n[口语]我告诉你个好主意(或办法)；听我告诉你；我提个建议[亦作I tell you what]\nI'm telling you.\n[口语]放心，我说的没错，我说的是真的。\nNever tell me!\n= Don't tell me!\ntell all\n和盘道出\ntell goodbye\n[美国英语]告别，告辞\ntell it like it is\n[美国俚语]说真话，如实反映情况；直言不讳\nTell it (或 that) to the (horse) marines!\n[戏谑语、口语]胡说!我才不信呢!谁信你那一套![出自航海用语]\nTell me (或us) another!\n=Don't tell me!\ntell noses\n见 nose\ntell someone straight\n对某人直言不讳，对某人直率地说，老实地告诉某人\ntell someone where to go (或 get) off (或to head in)\n[口语]教训某人；告诫某人不要忘乎所以，使某人有自知之明；叫某人不要狂妄[亦作tell someone where he gets off]\ntell the world\n[口语]郑重声明，郑重宣布\nYou don't tell me!\n=Don't tell me!\nYou never can tell.\n[口语]难说，没法预料。[亦作 You can never tell.]\nYou're telling me.\n[口语]\n你在说着玩吧!不会有这种事吧!\n这还用你说!我早就知道了!\n变形：\nvt.\ntold\n. telling",,,,,0,0,,,
toldimfos,,,托定磷,,,,,0,0,,,
toldimfos sodium,,,[化] 托定磷酸钠; 胺甲苯膦酸钠,,,,,0,0,,,
toldja,,,[网络] tellja,,,,,0,0,,,
toldo,,,[网络] 托尔多；托尔朵；托耳朵,,,,,0,0,,,
Toldo-Cué,,,[地名] 托尔多库埃 ( 巴拉 ),,,,,0,0,,,
Toldrin,,,"氯苯那敏,马来那敏,扑尔敏,氯苯吡胺",,,,,0,0,,,
tolds,,plural of told\nv express in words\nv let something be known\nv narrate or give a detailed account of\nv give instructions to or direct somebody to do something with authority\nv discern or comprehend\nv inform positively and with certainty and confidence\nv give evidence\nv mark as different,(told 的复数) tell的过去式和过去分词,,,,,0,0,0:told/1:s,,
toldson,,,[网络] 告诉我们,,,,,0,0,,,
Toldt's membrane,,,[医] 托耳特氏膜(肾筋膜前层),,,,,0,0,,,
toldyou,,,[网络] 我都说啦；告诉过你；告诉你,,,,,0,0,,,
tole,tәul,n. enameled or lacquered metalware (usually gilded and elaborately painted); popular in the 18th century,"n. 马口铁, 金属薄片",n:100,,,,0,35329,s:toles,,
tole-rant,'tɒl(ə)r(ə)nt,,adj. 宽容的；容忍的；有耐药力的,,,,,0,0,,,
tole-rants,,"A tole-rant is a constructive rant. Rather than ranting about everything that is wrong in the world, tole-ranters speak from the heart about social problems and point to potential solutions.\n> She went into a tole-rant about homophobia so I changed my mind\n",,,,,,0,0,,,
toleafoa,,,托利福亚,,,,,0,0,s:toleafoas,,
toleafoas,,,托利福亚\n(toleafoa 的复数),,,,,0,0,0:toleafoa/1:s,,
Tolectin,,,n. 甲苯酰吡咯乙酸\n[网络] 托来汀；托美汀,,,,,0,0,s:tolectins,,
tolectins,,,n. 甲苯酰吡咯乙酸\n[网络] 托来汀；托美汀\n(tolectin 的复数),,,,,0,0,0:tolectin/1:s,,
toled,,imp. & p. p. of Tole,abbr. transparent organic light-emitting diode 透明有机发光二极管,,,,,0,0,,,
Toledan,,,[网络] 托莱丹,,,,,0,0,,,
toledano,,, [人名] 托莱达诺,,,,,0,0,s:toledanoes,,
toledanoes,,, [人名] 托莱达诺\n(toledano 的复数),,,,,0,0,0:toledano/1:s,,
toledo,tә'li:dәu,n. an industrial city in northwestern Ohio on Lake Erie\nn. a city in central Spain on the Tagus river; famous for steel and swords since the first century,n. 托莱多（美国港市）,,,,,26390,0,s:toledoes,,
Toledo Bend Res.,,,[地名] 托莱多本德水库 ( 美 ),,,,,0,0,,,
toledo blade,,,[网络] 托莱多刀锋报；托利多刀锋报；刀锋报社,,,,,0,0,,,
Toledo Dist.,,,[地名] 托莱多区 ( 伯 ),,,,,0,0,,,
Toledo steel,,,[网络] 托莱多钢,,,,,0,0,,,
Toledo steels,,,[网络] 托莱多钢,,,,,0,0,,,
"Toledo, Francisco de",tə'leðɔ:; frɑ:n'si:skɔ:ðe,,托莱多(约1515～1584)西班牙行政官员，西班牙驻秘鲁总督(1569～1581),,,,,0,0,,,
"Toledo, Mtes.de",,,[地名] 托莱多山 ( 西 ),,,,,0,0,,,
"Toledo, Prov.de",,,[地名] 托莱多省 ( 西 ),,,,,0,0,,,
Toledoan,tə'li:dəən,,a. (美国港市)托莱多的；(美国港市)托莱多人的\nn. (美国港市)托莱多人,,,,,0,0,,,
toledoes,tə'li:dəu,,托莱多(美国俄亥俄州西北部港市)；托莱多(西班牙中部城市),,,,,0,0,0:toledo/1:s,,
toledos,,,n. 托莱多；托利多；托莱多宝剑,,,,,0,0,,,
tolek,,,[网络] 特莱克,,,,,0,0,,,
Tolemaide,,,[地名] *托莱迈德(图勒迈塞的旧称) ( 利 ),,,,,0,0,,,
toleman,,,[网络] 托尔曼；杜文车队；杜曼,,,,,0,0,s:tolemen,,
tolemen,,,[网络] 托尔曼；杜文车队；杜曼\n(toleman 的复数),,,,,0,0,0:toleman/1:s,,
tolen,,, [人名] 托伦,,,,,0,0,s:tolens,,
tolenar,,,[网络] 弯曲的,,,,,0,0,,,
tolene,,,[网络] 甲苯,,,,,0,0,,,
tolene formula,,,陶林化学式,,,,,0,0,,,
tolene reaction,,,陶林反应,,,,,0,0,,,
tolene reagent,,,陶林试剂,,,,,0,0,,,
tolens,,, [人名] 托伦\n(tolen 的复数),,,,,0,0,0:tolen/1:s,,
tolentino,,, [地名] [意大利] 托伦蒂诺,,,,,0,0,s:tolentinoes,,
tolentinoes,,, [地名] [意大利] 托伦蒂诺\n(tolentino 的复数),,,,,0,0,0:tolentino/1:s,,
toleosis,tɔlә'ɔsis,,目的进化论,,,,,0,0,,,
Toler,,,n. 托勒（姓氏）,,,,,0,0,s:tolers,,
toler-,,,容忍,,,,,0,0,,,
tolerabilities,",tɔlərə'biləti",,n. 容忍度,,,,,0,0,0:tolerability/1:s,,
tolerability,,,"n. 可忍性, 尚可",n:100,,,,0,42040,s:tolerabilities,,
tolerable,'tɒlәrәbl,a. capable of being borne or endured,"a. 可容忍的, 可以的",j:100,1,,toefl ielts,13784,15726,,,
tolerable backlash,,,"容许齿隙,容许反跳",,,,,0,0,,,
tolerable concentration,,,容许浓度,,,,,0,0,,,
tolerable crop,,,耐性作物,,,,,0,0,,,
tolerable defect,,,容许疵病,,,,,0,0,,,
tolerable deflection,,,容许偏差,,,,,0,0,,,
tolerable delay,,,[计] 容许延迟,,,,,0,0,,,
tolerable distortion,,,容许畸变,,,,,0,0,,,
tolerable error,,,[计] 容许误差,,,,,0,0,,,
tolerable error rate,,,容许错误率,,,,,0,0,,,
tolerable fluctuation,,,容许漂移,,,,,0,0,,,
tolerable frequency variation,,,容许频率变化,,,,,0,0,,,
tolerable injury level,,,被害容许限界,,,,,0,0,,,
tolerable level,,,容许量,,,,,0,0,,,
tolerable limit,,,[计] 容许极限,,,,,0,0,,,
tolerable out of service time,,,许停用时间,,,,,0,0,,,
tolerable pest density,,,有害生物容许密度,,,,,0,0,,,
tolerable radiation exposure,,,容许的射线照射量,,,,,0,0,,,
tolerable settlement,,,容许沉降量,,,,,0,0,,,
tolerable viscosity,,,容许粘度,,,,,0,0,,,
tolerableness,ˊtɒlәrәblnis,,n. 可容忍;尚可,,,,,0,0,,,
tolerablish,,,[网络] 容忍,,,,,0,0,,,
tolerably,'tɒlәrәbli,r in an acceptable (but not outstanding) manner,"adv. 可容忍地, 差不多地, 相当地",r:100,,,,32715,33743,,,
toleragen,,,耐受原,,,,,0,0,,,
Toleran,,,环己巴比妥,,,,,0,0,,,
tolerance,'tɒlәrәns,n. the power or capacity of an organism to tolerate unfavorable environmental conditions\nn. the act of tolerating something\nn. willingness to recognize and respect the beliefs or practices of others,"n. 宽容, 忍受, 容忍, 容许量, 公差\n[计] 允许误差",n:100,2,,cet4 cet6 ky toefl ielts gre,6381,4670,s:tolerances,,
tolerance accumulation,,,公差累积,,,,,0,0,,,
tolerance allowance,,,容许,,,,,0,0,,,
tolerance analysis,,,[计] 容差分析,,,,,0,0,,,
tolerance and fit,,,公差及配合,,,,,0,0,,,
tolerance animal,,,耐受动物,,,,,0,0,,,
tolerance chart,,,公差图表,,,,,0,0,,,
tolerance chimera,,,耐受性嵌合体,,,,,0,0,,,
tolerance class,,,公差等级,,,,,0,0,,,
tolerance clearance,,,间隙公差,,,,,0,0,,,
tolerance control,,,公差控制,,,,,0,0,,,
tolerance design,,,允差设计,,,,,0,0,,,
tolerance deviation,,,容许偏差,,,,,0,0,,,
tolerance dimension,,,公差尺寸,,,,,0,0,,,
tolerance distribution,,,容许分布,,,,,0,0,,,
tolerance domain,,,容许域,,,,,0,0,,,
tolerance dose,,,[化] 耐受剂量\n[医] [可]耐受量,,,,,0,0,,,
tolerance dose rate,,,受剂量率,,,,,0,0,,,
tolerance error,,,[化] 容许误差,,,,,0,0,,,
tolerance factor,,,容许系数,,,,,0,0,,,
tolerance fault,,,容错,,,,,0,0,,,
tolerance flux,,,容许通量,,,,,0,0,,,
tolerance for aberration,,,像差容限,,,,,0,0,,,
tolerance for abrasion in circulation,,,un. 铸币流通中重量磨损容许度,,,,,0,0,,,
tolerance for ambiguity,,,容忍不确定性,,,,,0,0,,,
tolerance for contaminant,,,染容限,,,,,0,0,,,
tolerance for failure,,,容忍失败,,,,,0,0,,,
tolerance for indistinctness,,,不清晰度容限,,,,,0,0,,,
tolerance fraction defective,,,容许不良率,,,,,0,0,,,
tolerance frame,,,公差方框,,,,,0,0,,,
tolerance frequency,,,[计] 容限频率,,,,,0,0,,,
tolerance grade,,,公差等级,,,,,0,0,,,
tolerance in form,,,[网络] 形状公差,,,,,0,0,,,
tolerance in position,,,[网络] 位置公差,,,,,0,0,,,
tolerance internal,,,允差界限,,,,,0,0,,,
tolerance interval,,,[计] 容许区间,,,,,0,0,,,
tolerance juice,,"Any concoction of alcohol used to help tolerate a person, a place, or a situation. \r\nIn theory, the more tolerance juice you consume, the less annoyed you will be.  \r\n\r\nWithout tolerance juice the person, place, or situation is quite simply, well, intolerable and you could potentially slip into a rage blackout.\r\n\r\nWarning: Excessive consumption of tolerance juice may result in memory loss and/or loss of clothing.\n> BRO1: 'Hey, let's go check out that new bar across the street.'\n> BRO2: 'I hear it's not that great.'\n> BRO1: 'Come on, 5 minutes. Real quick, if it's lame, we'll come back here.'\n> BRO2: 'Okay, let me just finish my tolerance juice first!'\n> GIRL1: 'Uh, were you just talking to your ex over there?'\n> GIRL2: 'Yeah, he came up and started rambling about how he misses me or whatever.'\n> GIRL1: 'What did you say to him?'\n> GIRL2: 'Nothing, all I could think of was coming back over here and ordering more tolerance juice so I don't have a rage blackout!'\n> GIRL1: 'Let's get some shots!!'\n",,,,,,0,0,,,
tolerance level,,,允许的辐射级;宽容度,,,,,0,0,,,
tolerance level in production,,,生产宽容度,,,,,0,0,,,
tolerance limit,,,[化] 容许限,,,,,0,0,,,
tolerance limits,,,容差极限,,,,,0,0,,,
tolerance number of defects,,,容许缺陷数目,,,,,0,0,,,
tolerance of concentricity,,,同心度公差,,,,,0,0,,,
tolerance of dimension,,,[化] 尺寸公差,,,,,0,0,,,
tolerance of exercise,,,运动耐受力,,,,,0,0,,,
tolerance of fit,,,[化] 配合公差,,,,,0,0,,,
tolerance of form,,,整形公差,,,,,0,0,,,
tolerance of parallelism,,,平行度公差,,,,,0,0,,,
tolerance of particular plants,,,个别作物的耐性,,,,,0,0,,,
tolerance of position,,,位置公差,,,,,0,0,,,
tolerance of salinity,,,耐盐度,,,,,0,0,,,
tolerance of set pressure,,,调定压力公差,,,,,0,0,,,
tolerance of shade,,,耐阴性,,,,,0,0,,,
tolerance of size,,,尺寸公差,,,,,0,0,,,
tolerance on fit,,,配合公差,,,,,0,0,,,
tolerance on half angle,,,半角公差,,,,,0,0,,,
tolerance on rated resistance,,,定阻值容许偏差,,,,,0,0,,,
tolerance on resistance ratio,,,值比容许偏差,,,,,0,0,,,
tolerance permissible,,,un. 公差容许量,,,,,0,0,,,
tolerance position,,,公差位置,,,,,0,0,,,
tolerance quality,,,螺纹精度,,,,,0,0,,,
tolerance range,,,公差带;存活界限,,,,,0,0,,,
tolerance region,,,容许区域,,,,,0,0,,,
tolerance room,,,[网络] 容忍室,,,,,0,0,,,
tolerance sensitivity,,,公差灵敏度,,,,,0,0,,,
tolerance space,,,[数] 容忍空间,,,,,0,0,,,
tolerance species,,,耐(污染)物种,,,,,0,0,,,
tolerance specification,,,公差规格说明,,,,,0,0,,,
tolerance standard,ˈtɔlərəns ˈstændəd,, [体]容许量标准,,,,,0,0,,,
tolerance standards,,,耐受标准,,,,,0,0,,,
tolerance study,,,un. 公差研究,,,,,0,0,,,
tolerance symbol,,,公差符号,,,,,0,0,,,
tolerance system,,,公差制度,,,,,0,0,,,
tolerance test,,,[化] 耐药量试验\n[医] 耐量试验,,,,,0,0,,,
tolerance to acidity,,,耐酸力,,,,,0,0,,,
tolerance to climate,,,气候耐受性,,,,,0,0,,,
tolerance to heat,,,耐暑,,,,,0,0,,,
tolerance to high altitude,,,高原耐性,,,,,0,0,,,
tolerance to insects,,,耐虫[害]性,,,,,0,0,,,
tolerance unit,,,公差单位,,,,,0,0,,,
tolerance value,,,容许残留值,,,,,0,0,,,
tolerance zone,,,公差范围,,,,,0,0,,,
tolerance zone of size,,,尺寸公差带,,,,,0,0,,,
tolerance-band control,,,误差容许控制,,,,,0,0,,,
tolerance-unit,,,[机] 公差单位,,,,,0,0,,,
tolerance1,,,"[机] 公差, 允许差",,,,,0,0,,,
toleranced,'tɒl(ə)r(ə)ns,,n. 公差；宽容；容忍；公差,,,,,0,0,,,
toleranced dimension,,,带公差尺寸,,,,,0,0,,,
toleranced taper,,,带公差锥度,,,,,0,0,,,
toleranced taper method,,,锥角公差法,,,,,0,0,,,
tolerances,ˈtɔlərənsiz,n. the power or capacity of an organism to tolerate unfavorable environmental conditions\nn. a disposition to allow freedom of choice and behavior\nn. the act of tolerating something,n. 宽容( tolerance的复数形式 ); 容忍; 忍耐力; 偏差,,,,,0,0,0:tolerance/1:s,,
tolerancia,,,[网络] 宽容,,,,,0,0,,,
tolerancing,,, [计]容许,,,,,0,0,,,
tolerancy,,,[网络] 宽容,,,,,0,0,,,
tolerangen,,,耐受原,,,,,0,0,,,
tolerant,'tɒlәrәnt,a. showing respect for the rights or opinions or practices of others\ns. able to tolerate environmental conditions or physiological stress\ns. showing the capacity for endurance,"a. 宽容的, 容忍的, (对冷、热)能耐的\n[医] 能耐受的",j:100,,,cet6 ky toefl,9488,9167,,,
tolerant dose,,,容忍剂量,,,,,0,0,,,
tolerant form,,,耐(污染)型,,,,,0,0,,,
tolerant grasses,,,难以防除杂草,,,,,0,0,,,
tolerant of,,,[网络] 容忍；宽容；容忍的,,,,,0,0,,,
tolerant plant,,,耐荫植物,,,,,0,0,,,
tolerant signal,,,"容忍信号，容许信号, 容忍性信号",,,,,0,0,,,
tolerant species,,,耐性种,,,,,0,0,,,
tolerant system,,,容错系统,,,,,0,0,,,
tolerant to drought,,,耐旱的,,,,,0,0,,,
tolerant to heat,,,耐热,,,,,0,0,,,
tolerant tree,,,耐荫树,,,,,0,0,,,
Tolerant-tree,,,阴性树,,,,,0,0,,,
tolerantial,,,[网络] 宽容,,,,,0,0,,,
tolerantism,,,[网络] 公差,,,,,0,0,,,
tolerantly,'tɔlərəntli,r. in a tolerant manner,"adv. 宽容地, 容忍地",r:100,,,,40899,39168,,,
tolerat,,,[网络] 容忍,,,,,0,0,,,
tolerata dosis,,,[医] [可]耐受量,,,,,0,0,,,
toleratable,,,[网络] 可容忍,,,,,0,0,,,
tolerate,'tɒlәreit,v. recognize and respect (rights and beliefs of others)\nv. have a tolerance for a poison or strong drug or pathogen or environmental condition,"vt. 宽容, 容许, 有耐力",v:100,2,,gk cet4 cet6 ky toefl,4959,4319,d:tolerated/p:tolerated/i:tolerating/3:tolerates,,
tolerate P-levels,,,耐磷,,,,,0,0,,,
tolerated,ˈtɔləreitid,imp. & p. p. of Tolerate,v. 容许( tolerate的过去式和过去分词 ); 承认; 忍受; 容忍（不同意或不喜欢的事物）,,,,,0,0,0:tolerate/1:dp,,
tolerated dose,,,耐药量,,,,,0,0,,,
tolerated error,,,容许误差,,,,,0,0,,,
tolerated stress,,,限应力,,,,,0,0,,,
tolerates,ˈtɔləreits,v put up with something or somebody unpleasant\nv recognize and respect (rights and beliefs of others)\nv have a tolerance for a poison or strong drug or pathogen or environmental condition\nv allow the presence of or allow (an activity) without opposing or prohibiting,v. 容许( tolerate的第三人称单数 ); 承认; 忍受; 容忍（不同意或不喜欢的事物）,,,,,0,0,0:tolerate/1:3,,
toleratest,'tɒləreɪt,,vt.\n容许，认可；承认；默认，默许：\nto tolerate heresy\n容许信奉异教\nWe don't tolerate smoking in the library.\n我们不容许在图书馆里抽烟。\n容忍，忍受：\nI can't tolerate that rude fellow.\n我不能容忍那个粗鲁的家伙。\n【医学】对(某种药物)有耐药性\n[废语]遭受(痛苦等)\n近义词:\nbear\n变形：\nvt.\ntolerated\n. tolerating,,,,,0,0,,,
tolerateth,,,[网络] 容忍,,,,,0,0,,,
tolerating,ˈtɔləreitɪŋ,p. pr. & vb. n. of Tolerate,v. 容许( tolerate的现在分词 ); 承认; 忍受; 容忍（不同意或不喜欢的事物）,,,,,0,0,0:tolerate/1:i,,
toleration,.tɒlә'reiʃәn,n. a disposition to tolerate or accept people or situations\nn. official recognition of the right of individuals to hold dissenting opinions (especially in religion),"n. 宽容, 默认, 信仰自由\n[医] 耐量; 耐受性, 耐力",n:100,,,,20255,19290,s:tolerations,,
Toleration Act,,,[网络] 容忍法令；容忍条例；宗教容忍法,,,,,0,0,,,
toleration ecology,,,耐性生态学,,,,,0,0,,,
toleration error,,,容错,,,,,0,0,,,
"Toleration, Edict of",,,信仰自由法令,,,,,0,0,,,
tolerationism,,,[网络] 容忍主义,,,,,0,0,,,
tolerationist,,,容忍主义者;信仰自由主义者,,,,,0,0,,,
tolerationists,",tɒlə'reɪʃənɪst",,n.\n(尤指在宗教事物上的)宽容主义者，宽恕为怀者,,,,,0,0,,,
tolerations,tɒlə'reɪʃ(ə)n,,n. 宽容，忍受，默认；耐受性,,,,,0,0,0:toleration/1:s,,
toleratist,,,[网络] 容忍者,,,,,0,0,,,
tolerative,"'tɒlə,reɪtɪv",,"a. 宽容的, 宽恕的",,,,,0,0,,,
tolerator,,,槓桿式比长仪,,,,,0,0,,,
toleratorist,,,[网络] 宽容者,,,,,0,0,,,
tolerators,,,n. 杠杆式比长仪,,,,,0,0,,,
tolerence to acidity,,,耐酸力,,,,,0,0,,,
tolergogen,,,耐受原,,,,,0,0,,,
tolerific,,,[医] 产生耐受性的,,,,,0,0,,,
tolerise,,,[网络] 容忍,,,,,0,0,,,
tolerised,,,[网络] 容忍,,,,,0,0,,,
tolerises,,,[网络] 容忍,,,,,0,0,,,
tolerising,,,[网络] 容忍,,,,,0,0,,,
tolerism,,,[网络] 容忍,,,,,0,0,,,
tolerization,,,[网络] 容忍,,,,,0,0,,,
tolerize,,,[网络] 无反应性,,,,,0,0,,,
tolerizeable,,,[网络] 可容忍的,,,,,0,0,,,
tolerized,,,[网络] 容忍,,,,,0,0,,,
tolerizes,,,[网络] 容忍,,,,,0,0,,,
tolerizing,,,[网络] 容忍,,,,,0,0,,,
tolerogen,'tɒlərəʊdʒən,,n. 耐受原,,,,,0,0,,,
tolerogenesis,'tɒlərəʊdʒi:nəsɪs,,[医]致耐受性，耐受性形成,,,,,0,0,,,
tolerogenic,,,致耐受性的,,,,,0,0,,,
tolerogenicity,,,致耐受性,,,,,0,0,,,
tolerogens,,,[网络] 耐受性,,,,,0,0,,,
Toleron,,,富马酸亚铁,,,,,0,0,,,
tolers,,,n. 托勒（姓氏）,,,,,0,0,0:toler/1:s,,
toles,,, [人名] 托尔斯,,,,,0,0,0:tole/1:s,,
Toletan,,,[网络] 有托勒坦,,,,,0,0,,,
tolevamer,,,[网络] 托来伐姆；吸附剂,,,,,0,0,,,
toleware,'tәulweә,,n. [总称]马口铁制品,,,,,0,0,,,
tolewares,'təulwεə,,n. 马口铁制品,,,,,0,0,,,
tolex,,,n. (Tolex)人名；(瑞典)托莱克斯,,,,,0,0,s:tolexes,,
tolexes,,,n. (Tolex)人名；(瑞典)托莱克斯\n(tolex 的复数),,,,,0,0,0:tolex/1:s,,
Tolfa,,,[地名] 托尔法 ( 意 ),,,,,0,0,,,
"Tolfa, Mti.della",,,[地名] 托尔法山 ( 意 ),,,,,0,0,,,
tolfamide,,,托法胺,,,,,0,0,,,
tolfenamic acid,,,[化] 托芬那酸,,,,,0,0,,,
Tolferain,,,"富马酸亚铁,富马酸铁,富血铁,反丁烯二酸铁",,,,,0,0,,,
TOLFLAT,,,[=tractus olfactorius lateralis]嗅外侧束,,,,,0,0,,,
Tolfrinic,,,富马酸铁、维生素C和维生素B片剂,,,,,0,0,,,
Tolg,,,[地名] 图尔格 ( 瑞典 ),,,,,0,0,,,
Tolga,,,[地名] 托尔加 ( 挪 ),,,,,0,0,,,
tolgabide,,,[网络] 托加比特,,,,,0,0,,,
tolglybutamide,,,甲磺丁脲,,,,,0,0,,,
Tolglyhutamide,,,甲苯磺丁脲,,,,,0,0,,,
Tolhexamide,,,"甲磺环己脲,对甲苯磺酰环己脲",,,,,0,0,,,
Toliara,,,[地名] 图利亚拉 ( 马达 ),,,,,0,0,,,
toliara (tulear),,,托利亚拉(土雷尔),,,,,0,0,,,
"Toliara, Faritany de",,,[地名] 图利亚拉省 ( 马达 ),,,,,0,0,,,
tolidano,,,[网络] 托利达诺,,,,,0,0,,,
tolidine,"'tɔli,di:n, -din",,"n. [化]联甲苯胺,二甲基二氨基联苯",,,,,0,0,,,
tolidine sulfate,,,[化] 硫酸联甲苯胺,,,,,0,0,,,
Tolifer,,,"富马酸亚铁,富马酸铁,富血铁,反丁烯二酸铁",,,,,0,0,,,
Toligaon,,,[地名] 多利冈 ( 尼 ),,,,,0,0,,,
tolil,'tɔlil,,甲苯偶酰,,,,,0,0,,,
tolilic acid,,,[化] 二甲苯基乙醇酸,,,,,0,0,,,
tolima,tɔ:'li:mɑ:,, 托利马火山(哥伦比亚西部),,,,,0,0,,,
"Tolima, Dep.del",,,[地名] 托利马省 ( 哥伦 ),,,,,0,0,,,
"Tolima, Nev.del",,,[地名] 托利马山 ( 哥伦 ),,,,,0,0,,,
toliman,,, [医]Cinnarizine,,,,,0,0,,,
Tolimetron,tɔli'metrɔn,,电触式指示测微表,,,,,0,0,,,
tolimidazole,tɔli'midәzәul,,甲基苯并咪唑,,,,,0,0,,,
tolimidone,,,[网络] 托利咪酮,,,,,0,0,,,
tolin,,, [人名] 托林,,,,,0,0,,,
Tolinase,,,n. 甲磺氮卓脲\n[网络] 妥拉磺脲,,,,,0,0,s:tolinases,,
tolinases,,,n. 甲磺氮卓脲\n[网络] 妥拉磺脲\n(tolinase 的复数),,,,,0,0,0:tolinase/1:s,,
tolindate,,,[化] 托林达酯; 苯硫茚酯,,,,,0,0,,,
Toline,,,"妥拉唑林,妥拉苏林,苄唑林,苯甲唑林",,,,,0,0,,,
toling,,p. pr. & vb. n. of Tole, [地名] [中国] 托林,,,,,0,0,,,
Tolinon,,,"安眠酮,眠可欣,眠邻定,哈眠那,海米那,甲苯喹唑酮,麦西定",,,,,0,0,,,
tolipane,,,[网络] 托利帕内,,,,,0,0,,,
toliprolol,,,[化] 托利洛尔; 甲苯心安,,,,,0,0,,,
Tolisan,,,"甲磺氮卓脲,甲磺吖庚脲,对甲苯磺酰六氢氮卓脲",,,,,0,0,,,
tolita,'tɔlitә,,"徒里达, 三硝基甲苯",,,,,0,0,,,
tolite,təʊ'laɪt,,n. 三硝基甲苯,,,,,0,0,,,
Tolitoli,,,[地名] 托利托利 ( 印尼 ),,,,,0,0,,,
"Tolitoli, Tk.",,,[地名] 托利托利湾 ( 印尼 ),,,,,0,0,,,
toliver,,,n. (Toliver)人名；(英)托利弗,,,,,0,0,,,
tolk,,,[地名] 托尔克 ( 德 ),,,,,0,0,,,
tolka,,,[网络] 到托城；陀尔卡,,,,,0,0,s:tolkas,,
Tolkaboua,,,[地名] 托尔卡布阿 ( 布基 ),,,,,0,0,,,
tolkach,'tɔlkætʃ,,n.\n[俄语]幕后操纵法,,,,,0,0,,,
tolkachev,,,[网络] 托尔卡乔夫,,,,,0,0,,,
tolkas,,,[网络] 托卡斯,,,,,0,0,0:tolka/1:s,,
tolkein,,,[网络] 金；托尔凯因,,,,,0,0,s:tolkeins,,
tolkeins,,,[网络] 金；托尔凯因\n(tolkein 的复数),,,,,0,0,0:tolkein/1:s,,
tolkepayas,,,[网络] 托克帕亚斯,,,,,0,0,,,
Tolkien,,n. British philologist and writer of fantasies (born in South Africa) (1892-1973),n. (Tolkien)人名；(英)托尔金\n托尔金,,,,,13541,0,s:tolkiens,,
"Tolkien, John Ronald Reuel",'təulki:n; ri'ju:əl,,托尔金(1892～1973，英国小说家、学者、语言学家、教师，生于南非),,,,,0,0,,,
Tolkiendil,,"Tolkiendil (plural Tolkiendili)\n(fandom slang) A fan of the works of J. R. R. Tolkien, especially one interested in his constructed languages.\n",,,,,,0,0,,,
Tolkiendili,,,[网络] Tolkiendil,,,,,0,0,,,
tolkienesque,,,[网络] 托尔金,,,,,0,0,,,
Tolkienian,,,[网络] 托尔基安人,,,,,0,0,,,
Tolkienist,,,[网络] 托尔金主义者,,,,,0,0,,,
Tolkienists,,,[网络] 托尔民主义者,,,,,0,0,,,
Tolkienite,,"Tolkienite (plural Tolkienites)\nA fan of the works and fantasy world of J. R. R. Tolkien, especially The Hobbit and The Lord of the Rings.\n",,,,,,0,0,,,
Tolkienites,,,[网络] 托尔基纳人,,,,,0,0,,,
Tolkienologist,,,[网络] 托尔金学家,,,,,0,0,,,
Tolkienologists,,,[网络] 托尔金学家,,,,,0,0,,,
Tolkiens,,plural of Tolkien\nn. British philologist and writer of fantasies (born in South Africa) (1892-1973),(Tolkien 的复数) n. (Tolkien)人名；(英)托尔金\n托尔金,,,,,0,0,0:tolkien/1:s,,
Tolkmicko,,,[地名] 托尔克米茨科 ( 波 ),,,,,0,0,,,
tolkusha,,,[网络] 托克沙,,,,,0,0,,,
toll,tәul,n. a fee levied for the use of roads or bridges (used for maintenance)\nv. ring slowly\nv. charge a fee for using,"n. 通行费, 代价, 钟声\nvt. 征收, 敲钟, 鸣钟, 勾引, 引诱\nvi. 征税, 鸣钟",v:10/n:90,2,,ky toefl ielts gre,6043,4599,s:tolls/p:tolled/i:tolling/3:tolls/d:tolled,,
toll - free number,,,un. 本地电话号码\n[网络] 免费电话；免费号码；拨接号码,,,,,0,0,,,
toll administration,,,收费管理,,,,,0,0,,,
toll agent,,,[网络] 长途代理,,,,,0,0,s:toll agents,,
toll agents,,,[网络] 长途代理\n(toll agent 的复数),,,,,0,0,0:toll agent/1:s,,
toll and recording desk,,,长途和记录台,,,,,0,0,,,
toll and regular connector,,,长途与一般电话联接器,,,,,0,0,,,
toll area,,,长途电话区;收通行税地区,,,,,0,0,,,
toll automatic dialling,,,长途自动接续,,,,,0,0,,,
toll automatic switching repeater,,,长途自动电话中 继器,,,,,0,0,,,
toll automatic telephone,,,长途自动电话,,,,,0,0,,,
toll bait,,,诱饵,,,,,0,0,,,
toll bar,,,[法] 征收关卡,,,,,0,0,,,
toll barrier,,,收费处路障,,,,,0,0,,,
toll board,,,长途(交换)台,,,,,0,0,,,
toll booth,,,[法] 监狱,,,,,0,0,,,
toll booth area,,,un. 收通行费地区,,,,,0,0,,,
toll booths,,,[网络] 通行费售货棚图片,,,,,0,0,,,
toll break down circuit,,,长途强拆电路,,,,,0,0,,,
toll bridge,,,收费桥\n[法] 缴纳通行税后才能通过的桥,,,,,0,0,,,
toll bridges,,,na. 收费桥,,,,,0,0,,,
toll broad casting,,,un. 收费无线电广播,,,,,0,0,,,
toll broadcasting,,,付费广播,,,,,0,0,,,
toll bypass,,,长途旁路略过,,,,,0,0,,,
toll cable,,,[电] 长途电缆,,,,,0,0,,,
toll cable circuit,,,长途电缆线路,,,,,0,0,,,
toll call,,,"另行收费电话, 长途电话",,,,,0,0,s:toll calls,,
toll call telephone,,,长途电话机,,,,,0,0,,,
toll calls,"təul, tɔl",,收费的长途电话,,,,,0,0,0:toll call/1:s,,
toll canopy,,,收费棚,,,,,0,0,,,
toll case,,,工具箱,,,,,0,0,,,
toll castle,,,[网络] 收费城堡,,,,,0,0,,,
toll castles,,,[网络] 收费城堡,,,,,0,0,,,
toll center,,,[电] 长途总局,,,,,0,0,,,
toll central office,,,长途总局,,,,,0,0,,,
toll centre,,,长途电话中心,,,,,0,0,,,
toll charge,,,"[法] 通行税, 通行费",,,,,0,0,,,
toll circuit,,,郊区电路,,,,,0,0,,,
toll collection,,,收费,,,,,0,0,,,
toll collector,,,"[法] 收税人, 收费机",,,,,0,0,s:toll collectors,,
toll collectors,"təul, tɔl",,n. [交] 收费机；收费员,,,,,0,0,0:toll collector/1:s,,
toll communication,,,长途通信,,,,,0,0,,,
toll communication network,,,长途通信网,,,,,0,0,,,
toll communication optical cable,,,长途通信光缆,,,,,0,0,,,
toll communication within railway administration,,,局线长途通信,,,,,0,0,,,
toll connector,,,长途终接器,,,,,0,0,,,
toll counter,,,长途计次器,,,,,0,0,,,
toll demand service,,,长途立即处理,,,,,0,0,,,
toll dialing,,,[通信] 长途拨号,,,,,0,0,,,
toll dialing system,,,[通信] 长途拨号系统,,,,,0,0,,,
toll dialing trunk,,,长途拨号中继线,,,,,0,0,,,
toll directory desk,,,长途查询台,,,,,0,0,,,
toll display,,,收费显示器,,,,,0,0,,,
toll dues,,,[网络] 通行费,,,,,0,0,,,
toll elasticity,,,收费弹性,,,,,0,0,,,
toll enquiry position,,,长途查询台,,,,,0,0,,,
toll enrichment,,,委托浓缩;收费浓缩,,,,,0,0,,,
toll enrichment service of uranium,,,铀的委託浓化服务,,,,,0,0,,,
toll exchange,,,〈美〉长途拨号局;〈英〉市郊电话局,,,,,0,0,,,
toll facilities,,,收通行费的道路设施,,,,,0,0,,,
toll facility,,,收通行费的道路设施,,,,,0,0,,,
toll final selector,,,长途终接器,,,,,0,0,,,
toll free,təul fri:,, [财]免服务费,,,,,0,0,,,
toll free highway,,,un. 免费公路\n[网络] 免税公路,,,,,0,0,,,
toll free number,,,un. 本地电话号码\n[网络] 免费电话；免费号码；拨接号码,,,,,0,0,,,
toll free road,,,un. 免费道路\n[网络] 免税道路,,,,,0,0,,,
toll gate,,,"关卡, 收费站\n[法] 通行税的征收关卡",,,,,0,0,,,
toll gatherer,,,"[法] 收费人, 收通行税人",,,,,0,0,,,
toll gene,,,[网络] 收费基因,,,,,0,0,,,
toll genes,,,[网络] 收费基因,,,,,0,0,,,
toll hierarchy,,,长途阶阻,,,,,0,0,,,
toll highway,,,收费公路,,,,,0,0,,,
toll house,,,"[法] 收费处, 征通行税所",,,,,0,0,,,
Toll House cookie,,,[网络] 收费屋饼干,,,,,0,0,s:toll house cookies,,
toll house cookies,,,[网络] 收费站饼乾,,,,,0,0,0:toll house cookie/1:s,,
toll in gate,,,[法] 入城税,,,,,0,0,,,
toll incoming trunk,,,长途入局中继线,,,,,0,0,,,
toll incoming trunk circuit,,,长途来话中继器，长途来话中继电路,,,,,0,0,,,
toll information board,,,途查询台,,,,,0,0,,,
toll intermediate selector,,,长途中间选择器,,,,,0,0,,,
toll island,,,收费岛,,,,,0,0,,,
toll junction circuit,,,[通信] 长途中继电路,,,,,0,0,,,
toll junction line,,,长途中继线,,,,,0,0,,,
toll keeper,,,通行税征税员,,,,,0,0,,,
toll key,,,通行键,,,,,0,0,,,
toll lane detector,,,收费车道检测器,,,,,0,0,,,
toll lane signal lamp,,,收费车道信号灯,,,,,0,0,,,
toll line,,,长途电话线,,,,,0,0,s:toll lines,,
toll line jack,,,长途线塞孔,,,,,0,0,,,
toll line lamp,,,长途线号灯,,,,,0,0,,,
toll line relay circuit,,,[通信] 长途中继电路,,,,,0,0,,,
toll line trunk circuit,,,长途线中继电路,,,,,0,0,,,
toll lines,"təul, tɔl",,n. 长途电话线,,,,,0,0,0:toll line/1:s,,
toll man,,,通行税征税员,,,,,0,0,,,
toll message,,,途通话,,,,,0,0,,,
toll message accounting system,,,"长途电话计费方式, 长途电话计费系统",,,,,0,0,,,
toll mode,,,收费制式,,,,,0,0,,,
toll money,,,[网络] 通行税,,,,,0,0,,,
toll network,,,[计] 长途通信网,,,,,0,0,,,
toll network application,,,长途网路应用,,,,,0,0,,,
toll of road,,,[法] 公路税,,,,,0,0,,,
toll offering,,,长途通知,,,,,0,0,,,
toll offering circuit,,,长途挂号线路,,,,,0,0,,,
toll offering connector,,,长途挂号接线机,,,,,0,0,,,
toll offering switch,,,长途线选择器,,,,,0,0,,,
toll office,,,长途电话局,,,,,0,0,,,
toll on the canal,,,un. 运河通行费,,,,,0,0,,,
toll on transit,,,[法] 通行税,,,,,0,0,,,
toll outgoing trunk,,,长途出局中继线,,,,,0,0,,,
toll outgoing trunk circuit,,,长途去话中继器，长途去话中继电路,,,,,0,0,,,
toll outgoing trunks,,,长途出局中继线,,,,,0,0,,,
toll outward position,,,长途去话席,,,,,0,0,,,
toll pass ticket,,,收费通行券,,,,,0,0,,,
toll pike,,,收道路通行费的栅栏,,,,,0,0,,,
toll plaza,təul ˈplɑ:zə,, 收费广场,,,,,0,0,s:toll plazas,,
toll plazas,,,un. 收费广场,,,,,0,0,0:toll plaza/1:s,,
toll position,,,长途话务员座席,,,,,0,0,,,
toll rate,,,长途价目,,,,,0,0,,,
toll recording board,,,长途记录台,,,,,0,0,,,
toll recording trunk,,,长途登记中继线,,,,,0,0,,,
toll ringing,,,[通信] 长途振铃,,,,,0,0,,,
toll road,,,[法] 缴纳通行税后才能通行的道路,,,,,0,0,,,
toll road bonds,,,收费公路公债,,,,,0,0,,,
toll roads,,,na. 收费道路\n[网络] 收费高速；收费还贷,,,,,0,0,,,
toll rotary connector,,,长途寻线机,,,,,0,0,,,
toll selector,,,长途选机,,,,,0,0,,,
toll selectror,,,长途选择机,,,,,0,0,,,
toll semi-automatic dialling,,,长途半自动接续,,,,,0,0,,,
toll service,,,长途通信业务,,,,,0,0,,,
toll service desk,,,长途业务台,,,,,0,0,,,
toll station,,,n. 收费站,,,,,0,0,,,
toll switch,,,长途交换机,,,,,0,0,,,
toll switch board,,,长途交换台,,,,,0,0,,,
toll switch board for semi-auto-matic operation,,,长途半自动接续 台,,,,,0,0,,,
toll switchboard,,,长途交换台,,,,,0,0,,,
toll switching,,,长途转接，长途交换,,,,,0,0,,,
toll switching stage,,,途电话转接站，长途电话交换台,,,,,0,0,,,
toll switching trunk,,,长途局到市内局的中继线,,,,,0,0,,,
toll system,,,长途制,,,,,0,0,,,
toll taker,,,[网络] 收通行税的人,,,,,0,0,s:toll takers,,
toll takers,,,[网络] 收通行税的人\n(toll taker 的复数),,,,,0,0,0:toll taker/1:s,,
toll tandem board,,,长途汇接台,,,,,0,0,,,
toll tax,,,通行税,,,,,0,0,,,
toll telephone,,,长途电话,,,,,0,0,,,
toll telephone circuit,,,长途电话线路,,,,,0,0,,,
toll telephone exchange,,,长途电话交换局,,,,,0,0,,,
toll telephone network,,,长途电话网,,,,,0,0,,,
toll telephone office,,,长途电话所,,,,,0,0,,,
toll telephone switching system,,,长途电话交换机,,,,,0,0,,,
toll telephone system,,,途电话系统,,,,,0,0,,,
toll telephony,,,长途电话(技术),,,,,0,0,,,
toll television,,,[法] 收费电视,,,,,0,0,,,
toll terminal,,,"长途终端局,长途电话局直通用户线",,,,,0,0,,,
toll terminal loss,,,长途终接损耗,,,,,0,0,,,
toll test board,,,长途测试台,,,,,0,0,,,
toll test board position,,,长途测量台,,,,,0,0,,,
toll the knell of,,,敲响…的丧钟；宣布…的失败(或毁灭等),,,,,0,0,,,
toll thorough,,,[法] 道路或桥梁的通行税,,,,,0,0,,,
toll through,təul θru:,, [财]道路费,,,,,0,0,,,
toll ticket,,,长途电话记录单,,,,,0,0,,,
toll ticketing,,,长途电话记录,,,,,0,0,,,
toll ticketing equipment,,,[通信] 长途（自动）记录设备,,,,,0,0,,,
toll timing system,,,[通信] 长途计时系统,,,,,0,0,,,
toll to,,,钟声召唤到...处去,,,,,0,0,,,
toll traffic,,,"长途话务, 长途话务(量), 长途话务（量）",,,,,0,0,,,
toll train,,,长途专用设备,,,,,0,0,,,
toll train switch,,,长途通话机键,,,,,0,0,,,
toll train tester,,,长途接续测试器,,,,,0,0,,,
toll transmission selector,,,长途传递选择机,,,,,0,0,,,
toll traverse,,,[法] 私有地通行税,,,,,0,0,,,
toll trunk,,,长途中继线,,,,,0,0,,,
toll tunnel,,,收费隧道,,,,,0,0,,,
toll turn,,,[法] 牲畜市场税,,,,,0,0,,,
toll TV,təul; tɔl,,= subscription television,,,,,0,0,,,
toll type interchange,təul taip ˌɪntəˈtʃeɪndʒ,, [财]收费立体交叉,,,,,0,0,,,
toll way,,,收费公路,,,,,0,0,,,
toll-bait,,,[网络] 诱饵,,,,,0,0,,,
toll-bar,"təul, tɔl",,收税卡；卡门,,,,,0,0,s:toll-bars,,
toll-bars,,plural of toll-bar,(toll-bar 的复数) 收税卡；卡门,,,,,0,0,0:toll-bar/1:s,,
toll-book,,,[网络] 收费书,,,,,0,0,,,
toll-booth,,,收费所,,,,,0,0,s:toll-booths,,
toll-booths,,plural of toll-booth,(toll-booth 的复数) 收费所,,,,,0,0,0:toll-booth/1:s,,
toll-bridge,'təʊlbr'ɪdʒ,,n. 收费桥,,,,,0,0,s:toll-bridges,,
toll-bridges,,plural of toll-bridge,(toll-bridge 的复数) n. 收费桥,,,,,0,0,0:toll-bridge/1:s,,
toll-cable,'təʊlk'eɪbl,, 长途电缆,,,,,0,0,,,
toll-cable network,,,途通信电缆网络,,,,,0,0,,,
toll-collection,,,[网络] 收费站收藏组；收费装置；自动通行费收费系统,,,,,0,0,,,
toll-collector,,,un. 收费者\n[网络] 收费员；隧道费收费员；使用费收费员,,,,,0,0,,,
toll-connecting trunk,,,【电信学】长途接续中继线路,,,,,0,0,,,
toll-dish,,,[网络] 收费盘,,,,,0,0,,,
toll-free,təul fri:,a having no toll levied for its use,"a. <美>（打电话）由接电话的机构付费的, 受付",r:4/j:96,,,,0,0,,,
toll-free highway,,,免费公路,,,,,0,0,,,
toll-free number,,,免税数,,,,,0,0,,,
toll-free road,,,免费道路,,,,,0,0,,,
toll-freer,'təul'fri:,,adj. 免税的，免费的\nadv. 免税地,,,,,0,0,,,
toll-freest,'təul'fri:,,adj. 免税的，免费的\nadv. 免税地,,,,,0,0,,,
toll-gate,,,"n. 关卡,收费站",,,,,0,0,s:toll-gates,,
toll-gates,,,n. 关卡；收费站,,,,,0,0,0:toll-gate/1:s,,
toll-gatherer,,,[网络] 收通行税人；收费人,,,,,0,0,,,
toll-house,'təʊlh'aʊs,,"n. 设在收费卡的小屋, 收费亭",,,,,0,0,s:toll-houses,,
toll-houses,,plural of toll-house,"(toll-house 的复数) n. 设在收费卡的小屋, 收费亭",,,,,0,0,0:toll-house/1:s,,
toll-like,,,[网络] 受体家族；受体,,,,,0,0,,,
toll-like receptor,,,[网络] 样受体；铎受体；接受器,,,,,0,0,,,
toll-revenue,,,[网络] 通行费收入；公路,,,,,0,0,,,
toll-road,'təʊlr'əʊd,,n. 收费道路,,,,,0,0,s:toll-roads,,
toll-roads,,plural of toll-road,(toll-road 的复数) n. 收费道路,,,,,0,0,0:toll-road/1:s,,
toll-switching system,,,= trunk exchange,,,,,0,0,,,
toll-switching trunk,,,【电信学】长途交换中继线路,,,,,0,0,,,
toll-teriminal loss,,,[电] 长途终端损失,,,,,0,0,,,
tolla,,,[网络] 托拉,,,,,0,0,,,
tollable,"'tәjlәbl,'tɔ-","a. Subject to the payment of toll; as, tollable goods.",a. 须缴纳通行费的,,,,,0,0,,,
tollage,,"n. Payment of toll; also, the amount or quantity paid as\n   toll.","[法] 税, 通行税, 征税",,,,,0,0,,,
tollages,'təʊlɪdʒ,,n. 通行税；税,,,,,0,0,,,
tollalyl sulfide,,,[化] 硫化二苯乙炔,,,,,0,0,,,
tolland,,, [地名] [美国] 托兰,,,,,0,0,,,
Tolland County,,,[地名] 托兰县 ( 美 ),,,,,0,0,,,
Tollarp,,,[地名] 托拉普 ( 瑞典 ),,,,,0,0,,,
tollation,,,[网络] 收费,,,,,0,0,,,
tollbar,ˊtoulbaː,n. a gate or bar across a toll bridge or toll road which is lifted when the toll is paid,"n. 征收卡,卡门",,,,,0,0,s:tollbars,,
tollbars,,,[网络] 长话限制,,,,,0,0,0:tollbar/1:s,,
TollBook,,,软件名称,,,,,0,0,,,
tollbooth,'tәulbu:θ,n. a booth at a tollgate where the toll collector collects tolls,n. 收费亭,n:100,,,,0,29746,s:tollbooths,,
tollbooths,ˈtəulbu:θs,,n. 过路收费亭( tollbooth的名词复数 ),,,,,0,0,0:tollbooth/1:s,,
tollbridge,,,na. 收费桥\n[网络] 收费天桥,,,,,0,0,,,
tollcable,'təʊlkeɪbl,,n. 长途通信电缆,,,,,0,0,,,
tollcester,,,[网络] 收费,,,,,0,0,,,
tollcross,,,[网络] 爱丁堡,,,,,0,0,s:tollcrosses,,
tollcrosses,,,[网络] 爱丁堡\n(tollcross 的复数),,,,,0,0,0:tollcross/1:s,,
tolldish,,,[网络] 收费,,,,,0,0,,,
tolldishes,,,[网络] 收费,,,,,0,0,,,
tolle,,, [人名] 托尔,,,,,0,0,,,
Tollebeek,,,[地名] 托勒贝克 ( 荷 ),,,,,0,0,,,
tolled,,imp. & p. p. of Toll,vi. 鸣钟（toll的过去式与过去分词形式）,,,,,0,0,0:toll/1:pd,,
Tollefsen,,,托勒夫森,,,,,0,0,,,
tollefson,,, [人名] 托尔夫森,,,,,0,0,,,
tollemache,,, [人名] [英格兰人姓氏] 托尔马什职业名称，行商，来源于古法语，含义是“背包”(knapsack),,,,,0,0,s:tollemaches,,
tollemaches,,, [人名] [英格兰人姓氏] 托尔马什职业名称，行商，来源于古法语，含义是“背包”(knapsack)\n(tollemache 的复数),,,,,0,0,0:tollemache/1:s,,
Tollen's aldehyde test,,,【分析化学】托仑醛试验,,,,,0,0,,,
tollen's aldehydes test,,,[建] 托醛试验,,,,,0,0,,,
tollen's test,,,多伦试验,,,,,0,0,,,
Tollens,,,[网络] 托伦；多伦斯；托伦试剂,,,,,0,0,,,
Tollens' reaction,,,[医] 托伦斯氏反应(试验)(检葡萄糖、戊糖、结合糖醛酸酯),,,,,0,0,,,
Tollens' reagent,,,[化] 托伦斯试剂,,,,,0,0,,,
tollens' solution,,,多仑试液,,,,,0,0,,,
Tollens' test,,,[医] 托伦斯氏试验(检葡萄糖、戊糖、结合糖醛酸酯),,,,,0,0,,,
Tollens'reaction,,,托伦斯反应,,,,,0,0,,,
Tollens'reagent,,,托伦斯试剂,,,,,0,0,,,
Tollens-Neuberg-Sehwker's test,,,[医] 托-诺-施三氏试验(检糖醛酸),,,,,0,0,,,
Tollense,,,[地名] 托伦瑟河 ( 德 ),,,,,0,0,,,
Tollensesee,,,[地名] 托伦瑟湖 ( 德 ),,,,,0,0,,,
tollent,,,[网络] 托朗,,,,,0,0,,,
toller,,n. a person who rings church bells (as for summoning the congregation),"[法] 收费人, 征税官",,,,,0,0,s:tollers,,
"Toller, Ernst",'tɔlər; ernst,,托勒尔(1893～1939，德国反纳粹剧作家),,,,,0,0,,,
toller-,,,n. 收费者；收税者；计费器\n[网络] 勒；当我在陀勒；街道地址,,,,,0,0,,,
Toller.,,,n. 收费者；收税者；计费器\n[网络] 勒；当我在陀勒；街道地址,,,,,0,0,,,
Tollered,,,[地名] 托勒勒德 ( 瑞典 ),,,,,0,0,,,
tollers,,plural of toller\nn. a person who rings church bells (as for summoning the congregation),"(toller 的复数) [法] 收费人, 征税官",,,,,0,0,0:toller/1:s,,
tollerson,,,[网络] 托尔森,,,,,0,0,,,
Tollerton,,,[地名] 托勒顿 ( 英 ),,,,,0,0,,,
tollery,,,[网络] 收费,,,,,0,0,,,
tolles,,, [人名] 托尔斯,,,,,0,0,,,
Tollesbury,,,[地名] 托尔斯伯里 ( 英 ),,,,,0,0,,,
Tolleshunt D'Arcy,,,[地名] 托尔斯汉特达西 ( 英 ),,,,,0,0,,,
tolleson,,, [地名] [美国] 托尔森,,,,,0,0,,,
tollest,təul; tɔl,,n.\n税；费；(桥梁、公路等的)通行费，通过费\n(通行税等的)征收权\n运费；服务费；长途电话费；设备使用费\n(旧时磨坊磨谷物时)作为费用抽取的部分谷物\n损失；代价；牺牲\nvi.\n征税；收通行费\nvt.\n向…征收捐税；作为捐税征收\n向…收通行费\n抽取…的部分作为费用\n短语:\ntake a heave toll\n造成重大的损失(或伤亡等)\ntake its toll\n造成损失(或伤亡等)\ntake toll of\n夺去；使遭受损失(或伤亡、痛苦、困难等)\n抽取…的一部分\ntoll2\n[təul]\nvt.\n敲(钟)报时；鸣(钟)：\nThe church bell tolled the hour.\n教堂敲钟报时。\n鸣(教堂的)钟报丧，为…敲丧钟；鸣钟召集(或解散)：\nBells tolled the president's death.\n鸣钟宣布总统逝世。\nBells tolled the congregation to church.\n钟声召唤会众去教堂。\nvi.\n(钟)缓慢而有规律地响；鸣钟：\n(钟)缓慢而有规律地响；鸣钟：\nFor whom the bell tolls?\n丧钟为谁而鸣?\nn.\n钟声；一声钟响\n鸣钟，敲钟\ntoll3\n[təul]\nvt.\n[方言、罕用语]\n引诱，勾引，诱使\n引诱(猎物)接近；用饵诱(鱼)\nvi.\n易受引诱；被诱使[亦作 tole],,,,,0,0,,,
tollet,,,托勒特,,,,,0,0,s:tollets,,
tollets,,,托勒特\n(tollet 的复数),,,,,0,0,0:tollet/1:s,,
tollett,,, [人名] 托利特,,,,,0,0,,,
tolley,'tɔli,,n. [台]（用来射击其他弹子的）击发弹,,,,,0,0,s:tolleys,,
tolleygunge,,,[网络] tollygunge,,,,,0,0,,,
tolleys,'tɒlɪ,,n. （用来射击其他弹子的）击发弹\nn. (Tolley)人名；(英)托利,,,,,0,0,0:tolley/1:s,,
tollfree,,,adj. 免费的\nn. 免税的\n[网络] 免费电话号码；免费通行；免电话费,,,,,0,0,,,
tollgate,'tәulgeit,n. a gate or bar across a toll bridge or toll road which is lifted when the toll is paid,"n. 收费门, 收费处",,,,,0,0,s:tollgates,,
tollgates,'təʊl.ɡeɪt,,[网络] 策马疾驰以便赶在收费站,,,,,0,0,0:tollgate/1:s,,
tollgatherer,"'tәjl,^æðәrә(r),'tɔl-",n someone employed to collect tolls,"n. 收费员,收税员",,,,,0,0,s:tollgatherers,,
tollgatherers,"'təʊl,ɡæðərə",,n. = toll collector,,,,,0,0,0:tollgatherer/1:s,,
tollhouse,'tәulhaus,n a booth at a tollgate where the toll collector collects tolls,n. 通行税征收处,,,,,0,0,s:tollhouses,,
tollhouse cookie,,, 碎粒巧克力曲奇,,,,,0,0,,,
tollhouses,,pl.  of Tollhouse,n. 通行税征收处( tollhouse的名词复数 ),,,,,0,0,0:tollhouse/1:s,,
tolliban,,,[网络] 托利班,,,,,0,0,,,
tolliday,,,[网络] 长塔里德,,,,,0,0,s:tollidays,,
tollidays,,,[网络] 长塔里德\n(tolliday 的复数),,,,,0,0,0:tolliday/1:s,,
tollie,'tɔli,,n.\n[南非英语]公牛犊[亦作 tolly],,,,,0,0,,,
tollies,,,n. 蜡烛；棍；塔尖\nv. (在熄灯后)点蜡烛\n[网络] 评论；真爱一世情；托里,,,,,0,0,,,
tollimien-schlichting wave,,,吐(门)?史(立何丁)二氏波,,,,,0,0,,,
tollin,,,n. (Tollin)人名；(瑞典)托林,,,,,0,0,,,
tolling,təulɪŋ,v ring slowly\nv charge a fee for using, [财]来料加工,j:39/n:61,,,,0,38137,0:toll/1:i/s:tollings,,
tolling agreement,,,[经] 征用率协议,,,,,0,0,,,
tolling agreements,,,征用率协议,,,,,0,0,,,
tolling dog,'təuliŋ,,诱使野鸭进入射程的狗,,,,,0,0,,,
tolling system,,,[网络] 收费系统；偻系靳,,,,,0,0,,,
tollingly,,,[网络] 很累,,,,,0,0,,,
tollings,,,[网络] 收费,,,,,0,0,0:tolling/1:s,,
tollis,,,托利斯,,,,,0,0,,,
tollison,,, [人名] 托利森,,,,,0,0,,,
tollite,,,英长云闪玢岩,,,,,0,0,,,
tolliver,,, [人名] 托利弗,,,,,0,0,s:tollivers,,
tollivers,,,[网络] 收货人,,,,,0,0,0:tolliver/1:s,,
tollkeeper,'tәul.ki:pә,n. someone employed to collect tolls,n. 收费员\n[法] 收通行税人,,,,,0,0,s:tollkeepers,,
tollkeepers,"'təʊl,kiːpə",,n. 通行税征收人,,,,,0,0,0:tollkeeper/1:s,,
tollman,"'tәjlmәn,'tɔl-",n someone employed to collect tolls,n. 收税人,,,,,0,0,s:tollmen,,
tollmen,'təulmən,pl.  of Tollman,n. tollman的变形,,,,,0,0,0:tollman/1:s,,
tollner,,,[网络] 托尔纳,,,,,0,0,,,
Tollo,,,[地名] 托洛 ( 意 ),,,,,0,0,s:tolloes,,
tolloes,,,[地名] 托洛 ( 意 )\n(tollo 的复数),,,,,0,0,0:tollo/1:s,,
tolloid,,,[网络] 树脂,,,,,0,0,,,
tolloids,,,[网络] 脂多糖,,,,,0,0,,,
tollol,,,"a. 还算好的, 过得去的",,,,,0,0,,,
tollon,,,[网络] 收费,,,,,0,0,s:tollons,,
tollons,,,[网络] 收费\n(tollon 的复数),,,,,0,0,0:tollon/1:s,,
tollroad,,,na. 收费道路\n[网络] 收费公路,,,,,0,0,,,
tollroads,,,[网络] 收费高速；收费还贷,,,,,0,0,,,
tolls,təulz,n a fee levied for the use of roads or bridges (used for maintenance)\nn value measured by what must be given or done or undergone to obtain something\nn the sound of a bell being struck\nv ring slowly\nv charge a fee for using,n. （缓慢而有规律的）钟声( toll的名词复数 ); 通行费; 损耗; （战争、灾难等造成的）毁坏,,,,,0,0,0:toll/1:s3,,
tollsel,,,[网络] 收费,,,,,0,0,,,
tollund,,,[网络] 收费,,,,,0,0,,,
tollund man,,,[网络] 兰人,,,,,0,0,,,
tollutate,,,[网络] 折腾,,,,,0,0,,,
tollutation,,,[网络] 折腾,,,,,0,0,,,
tollway,"'tәjlwei,'tɔl-",,n. <美>收费公路,n:100,,,,0,32907,s:tollways,,
tollways,'təʊl.weɪ,,n. 收费道路\n[网络] 墨尔本有两条收费道路,,,,,0,0,0:tollway/1:s,,
tolly,'tɔli,,n. [英俚]蜡烛；塔尖；杖,,,,,0,0,,,
"Tollya, Plato",,,[地名] 托利亚高原 ( 俄 ),,,,,0,0,,,
"Tollya, Zaliv",,,[地名] 托利亚湾 ( 俄 ),,,,,0,0,,,
Tollygunge,,,[网络] 妥莱贡吉区；加尔各答市妥莱贡吉区,,,,,0,0,,,
tollymore,,,[网络] 托丽莫尔,,,,,0,0,,,
Tollywood,,,[网络] 托莱坞；泰莱坞；泰卢固语,,,,,0,0,,,
tolmach,,,[网络] 托拉马克,,,,,0,0,,,
Tolmachëva,,,[地名] 托尔马乔瓦 ( 俄 ),,,,,0,0,,,
tolman,,, [人名] 托尔曼,,,,,0,0,s:tolmen,,
tolman and stewart effect,,,托曼-斯徒瓦效应,,,,,0,0,,,
Tolman-Oppen-heimer-Volkoff equation,,,TOV 方程,,,,,0,0,,,
tolmao,,,[网络] 放胆,,,,,0,0,,,
tolmen,,n. See Dolmen.,n. (Tolman)人名；(英、法、捷)托尔曼,,,,,0,0,0:tolman/1:s,,
Tolmesoxide,,,甲硫氧甲苯,,,,,0,0,,,
tolmetin,,,[化] 托美丁; 四苯酰吡咯乙酸,,,,,0,0,,,
tolmetin sodium,,, [医]托美丁钠，甲苯酰吡酸钠，甲苯甲酰吡咯乙酸钠,,,,,0,0,s:tolmetin sodiums,,
tolmetin sodiums,,, [医]托美丁钠，甲苯酰吡酸钠，甲苯甲酰吡咯乙酸钠\n(tolmetin sodium 的复数),,,,,0,0,0:tolmetin sodium/1:s,,
Tolmetinum,,,托美汀,,,,,0,0,,,
Tolmezzo,,,[地名] 托尔梅佐 ( 意 ),,,,,0,0,s:tolmezzoes,,
tolmezzoes,,,[地名] 托尔梅佐 ( 意 )\n(tolmezzo 的复数),,,,,0,0,0:tolmezzo/1:s,,
tolmicen,,,甲苯硫萘酯,,,,,0,0,,,
tolmie,,, [人名] 托尔米,,,,,0,0,,,
Tolmiea,,,[网络] 驮子草属,,,,,0,0,s:tolmieas,,
Tolmiea menziesii,,,[网络] 千母草；搭载；驮子草,,,,,0,0,s:tolmiea menziesiis,,
tolmiea menziesiis,,,[网络] 千母草；搭载；驮子草\n(tolmiea menziesii 的复数),,,,,0,0,0:tolmiea menziesii/1:s,,
tolmieas,,,[网络] 驮子草属\n(tolmiea 的复数),,,,,0,0,0:tolmiea/1:s,,
Tolmin,,,[地名] 托尔明 ( 斯洛文 ),,,,,0,0,,,
tolmond,,,[网络] 托尔蒙德,,,,,0,0,,,
Tolna,,,[网络] 托尔瑙；托尔瑙州；托尔瑙县,,,,,0,0,,,
Tolna Megye,,,[地名] 托尔瑙州 ( 匈 ),,,,,0,0,,,
Tolnactal,,,发癣退,,,,,0,0,,,
tolnaftate,,,[化] 托萘酯,,,,,0,0,,,
tolnapersine,,,托那哌嗪,,,,,0,0,,,
Tolnate,,,"氮丙嗪,丙胺氮嗪",,,,,0,0,,,
tolnay,,,[网络] 特尔奈；托奈,,,,,0,0,,,
tolne,,,[地名] 措尔讷 ( 丹 ),,,,,0,0,,,
tolner,,,托尔纳,,,,,0,0,,,
tolnidamine,,,[网络] 托尼达明；苄吲唑酸,,,,,0,0,,,
tolo,,,n. (Tolo)人名；(意)托洛,,,,,0,0,s:toloes,,
Tolo Channel,,,[地名] 赤门海峡 (香港）,,,,,0,0,,,
Tolo Harbour,,,[地名] 吐露港 (香港）,,,,,0,0,,,
Tolo Highway,,,[地名] 吐露港公路 (香港）,,,,,0,0,,,
Toloa,,,[地名] 托洛阿 ( 洪 ),,,,,0,0,,,
Toloa Creek,,,[地名] 托洛阿克里克 ( 洪 ),,,,,0,0,,,
toloache,,,[网络] 陀罗茶,,,,,0,0,,,
toloes,,,n. (Tolo)人名；(意)托洛\n(tolo 的复数),,,,,0,0,0:tolo/1:s,,
Tologaon,,,[地名] 多洛冈 ( 尼 ),,,,,0,0,,,
Tolokiwa I.,,,[地名] 托洛基瓦岛 ( 巴布 ),,,,,0,0,,,
Tolokontsevo,,,[地名] 托洛孔采沃 ( 俄 ),,,,,0,0,,,
Tololar,,,[地名] 托洛拉尔 ( 洪 ),,,,,0,0,,,
tololo,,,[网络] 托洛洛山,,,,,0,0,,,
"Tolomac, Mt.",,,[地名] 托洛马克山 ( 危 ),,,,,0,0,,,
Tolomako,,,[网络] 多罗马科语,,,,,0,0,,,
tolomato,,,[网络] 托洛马托,,,,,0,0,,,
tolomeo,,,[网络] 托洛梅奥；托勒密；扥洛梅奥,,,,,0,0,,,
tolomerase,,,端粒酶,,,,,0,0,,,
Tolomo,,,[地名] 托洛莫 ( 俄 ),,,,,0,0,,,
Tolomosa,,,[地名] 托洛莫萨 ( 玻 ),,,,,0,0,,,
Tolon,,,[地名] 托隆 ( 俄、加纳、希 ),,,,,0,0,,,
Tolonase,,,"甲磺氮卓脲,甲磺吖庚脲,对甲苯磺酰六氢氮卓脲",,,,,0,0,,,
tolonen,,,[网络] 托洛宁,,,,,0,0,s:tolonens,,
tolonens,,,[网络] 托洛宁\n(tolonen 的复数),,,,,0,0,0:tolonen/1:s,,
toloney,,,[网络] 托尼,,,,,0,0,,,
tolonidine,,,[化] 托洛尼定; 氯甲苯唑啉,,,,,0,0,,,
Tolonium,,,托洛铵,,,,,0,0,,,
tolonium chloride,,,"[化] 托洛氯铵; 氯化胺甲吩噻嗪\n[医] 氯化妥龙, 氯化布鲁廷, 甲苯妥蓝O(肝素对抗剂)",,,,,0,0,,,
tolono,,, [地名] [美国] 托洛诺,,,,,0,0,,,
Tolopelon,,,"替米哌隆,硫米哌酮",,,,,0,0,,,
toloperisone,,,[化] 托哌酮; 甲苯哌丙酮,,,,,0,0,,,
tolor,,, [人名] 托勒,,,,,0,0,,,
tolorance,,,[网络] 铜公；公役；耐受增强,,,,,0,0,,,
tolosa,,, [地名] [阿根廷、菲律宾、墨西哥、葡萄牙、委内瑞拉、西班牙] 托洛萨,,,,,0,0,,,
Tolosa-Hunt syndrome,,,托洛萨-亨特综合征,,,,,0,0,,,
Tolosa-wood,,,[网络] Tolosa木,,,,,0,0,,,
Tolot,,,[网络] 拖罗；拖罗牌手表,,,,,0,0,,,
Toloui,,,[网络] 拖雷,,,,,0,0,,,
Tolovkite,,,硫锑铱矿,,,,,0,0,,,
tolowa,,,[网络] 托洛瓦语,,,,,0,0,,,
tolowr,,,[网络] 下来,,,,,0,0,,,
Tolox,,,[地名] 托洛克斯 ( 西 ),,,,,0,0,,,
Toloxat,,,托洛沙酮,,,,,0,0,,,
toloxatone,,,[网络] 托洛沙酮,,,,,0,0,,,
toloxichloral,,,甲苯氧氯醇,,,,,0,0,,,
toloxis semitorta,,,扭叶松罗藓,,,,,0,0,,,
toloxy,,,[化] 甲苯氧基,,,,,0,0,,,
Toloxychloral,,,甲苯氧氯醇,,,,,0,0,,,
toloxychlorinol,,,[化] 托洛氯醇; 甲苯氧氯醇,,,,,0,0,,,
tolpadol,,,托帕朵,,,,,0,0,,,
tolpentamide,,,托喷磺脲,,,,,0,0,,,
tolperison,,,甲苯哌丙酮,,,,,0,0,,,
tolperisone,,,n. 甲苯丙酮\n[网络] 托哌酮；托哌松；甲苯哌丙酮,,,,,0,0,,,
tolpiprazole,,,[网络] 托吡哌唑,,,,,0,0,,,
tolpovidone,,,碘苄聚乙烯吡咯烷酮,,,,,0,0,,,
tolpovidone131 I,,,[化] 碘[131I]托泊酮; 131碘苄聚乙烯吡咯烷酮,,,,,0,0,,,
tolpronine,,,[化] 托普罗宁; 甲苯哌丙醇,,,,,0,0,,,
tolpropamide,,,[网络] 氯丙酰胺,,,,,0,0,,,
tolpropamine,,,[化] 托普帕敏; 苯甲苯丙胺,,,,,0,0,,,
tolpuddle,,, [地名] [英国] 托尔帕德尔,,,,,48709,0,s:tolpuddles,,
Tolpuddle Martyrs,,,(复)(英史)托尔普德尔蒙难者,,,,,0,0,,,
tolpuddles,,, [地名] [英国] 托尔帕德尔\n(tolpuddle 的复数),,,,,0,0,0:tolpuddle/1:s,,
tolpyrramide,,,甲苯磺吡咯烷羧酰胺,,,,,0,0,,,
tolquinzole,,,甲苯喹嗪醇,,,,,0,0,,,
tolrestat,,,[网络] 托瑞司他；托瑞斯他；醛糖还原酶抑制剂,,,,,0,0,,,
tols,,,abbr. 公差标注（Time On Line）；甲苯（toluene）；宽大，宽容（tolerance）；忍耐力（tolerance）\nn. (Tol)人名；(土、土库)托尔；(柬)敦,,,,,0,0,0:tol/1:s,,
Tolsan-do,,,突山岛,,,,,0,0,,,
tolsel,,,[网络] 托尔斯,,,,,0,0,,,
Tolseram,,,"甲酚甘油醚氨甲酸酯,甲苯丙醇氨甲酸酯",,,,,0,0,,,
tolserol,,,"[医] 托赛罗, 唛酚行(肌肉松弛剂)",,,,,0,0,,,
Tolseron,,,"愈创木酚甘油醚,愈创木酚甘油酯,甘油愈创木酯,愈甘醚",,,,,0,0,,,
Tolshma,,,[地名] 托尔什马河 ( 俄 ),,,,,0,0,,,
Tolsiran,,,"甲苯磺丁脲,甲糖宁,D860",,,,,0,0,,,
tolson,,,托尔森（人名）,,,,,0,0,s:tolsons,,
tolsons,,,托尔森（人名）\n(tolson 的复数),,,,,0,0,0:tolson/1:s,,
tolsta hd.,,,托斯塔岬,,,,,0,0,,,
Tolsta Head,,,[地名] 托尔斯塔角 ( 英 ),,,,,0,0,,,
tolstaya,,,[网络] 托尔斯塔亚,,,,,0,0,s:tolstayas,,
tolstayas,,,[网络] 托尔斯塔亚\n(tolstaya 的复数),,,,,0,0,0:tolstaya/1:s,,
tolstikov,,,托尔斯季科夫,,,,,0,0,,,
tolstoi,,,n. (Tolstoi)人名；(俄)托尔斯泰,,,,,0,0,s:tolstois,,
Tolstoi Point,,,[地名] 托尔斯泰角 ( 美 ),,,,,0,0,,,
"Tolstoi, Cape",,,[地名] 托尔斯泰角 ( 美 ),,,,,0,0,,,
Tolstoian,,,"n. 托尔斯泰的信徒,信仰托尔斯泰的人\nadj. 托尔斯泰的",,,,,0,0,,,
Tolstoians,,,[网络] 托尔斯托人,,,,,0,0,,,
tolstois,,,n. (Tolstoi)人名；(俄)托尔斯泰\n(tolstoi 的复数),,,,,0,0,0:tolstoi/1:s,,
tolstovka,,,[网络] 托尔斯托夫卡,,,,,0,0,,,
tolstovkas,,,[网络] 托尔斯托夫卡斯,,,,,0,0,,,
Tolstoy,'tɔlstɔi,n. Russian author remembered for two great novels (1828-1910),n. 托尔斯泰（俄国小说家）,,,,,16891,0,s:tolstoys,,
"Tolstoy, Leo",,,[网络] 战争与和平；托尔斯泰,,,,,0,0,,,
"Tolstoy, Leo/Lev Nikolaevich,Count",tɔl'stɔi; lef,,托尔斯泰( 1828～1910，俄国作家、社会批评家)[亦作 Tolstol],,,,,0,0,,,
"Tolstoy, Mys",,,[地名] 托尔斯泰角 ( 俄 ),,,,,0,0,,,
Tolstoyan,tɔl'stɔiәn,,"n. 托尔斯泰的信徒,信仰托尔斯泰的人\na. 托尔斯泰的",,,,,0,0,,,
tolstoyans,tɔl'stɔiən,,n. 信仰托尔斯泰的人\nadj. 托尔斯泰的,,,,,0,0,,,
Tolstoyesque,,,[网络] 托尔斯泰耶克,,,,,0,0,,,
Tolstoyism,,,"n. 托尔斯泰的主张,托尔斯泰主义",,,,,0,0,,,
tolstoys,,,n. 托尔斯泰（俄国小说家）\n(tolstoy 的复数),,,,,0,0,0:tolstoy/1:s,,
tolt,,n. A writ by which a cause pending in a court baron was removed\n   into a country court.,abbr. total on-line testing 总联机测试,,,,,0,0,,,
Toltec,'tɒltek,n. a member of the Nahuatl speaking people of central and southern Mexico,n. 塔尔特克族,,,,,0,0,s:toltecs,,
Toltecan,'tɔltekn 'tәu-,,"托尔铁克人的, 托尔铁克文化的",,,,,0,0,,,
toltecs,,,"n. (古代居住于墨西哥,受马雅文化影响的一支印第安人)托尔铁克人\n[网络] 托尔特克；土尔梯克；托特克",,,,,0,0,0:toltec/1:s,,
Tolten,,,托尔滕,,,,,0,0,,,
tolter,,,[网络] 拖把,,,,,0,0,,,
tolterodine,,,[网络] 托特罗定；托特罗宁；托特药定,,,,,0,0,,,
tolton,,,[网络] 托尔顿,,,,,0,0,,,
toltrazuril,,,[网络] 妥曲珠利；百球清；托曲珠利,,,,,0,0,,,
tolts,,,abbr. total on-line testing system 总联机测试系统,,,,,0,0,,,
Toltén,,,[地名] 托尔滕 ( 智 ),,,,,0,0,,,
"Toltén, R.",,,[地名] 托尔滕河 ( 智 ),,,,,0,0,,,
tolu,tәu'lu:,n. aromatic yellowish brown balsam from the tolu balsam tree used especially in cough syrups,n. 塔鲁香脂,,,,,0,0,s:tolus,,
tolu (balsam),,,[化] 妥卢香脂,,,,,0,0,,,
tolu balsam,"təu'lju:, 'təul-",, [化] 妥卢香脂,,,,,0,0,s:tolu balsams,,
tolu balsam tree,,,[网络] 甲苯香树,,,,,0,0,s:tolu balsam trees,,
tolu balsam trees,,,[网络] 甲苯香树\n(tolu balsam tree 的复数),,,,,0,0,0:tolu balsam tree/1:s,,
tolu balsams,"təu'lju:, 'təul-",,妥卢香脂；吐鲁香脂,,,,,0,0,0:tolu balsam/1:s,,
tolu resin,,,= tolu,,,,,0,0,,,
tolu tree,təˈlju: tri:,, 吐鲁胶树,,,,,0,0,s:tolu trees,,
tolu tree Myroxylon balsamum,,,(拉)吐鲁胶树,,,,,0,0,,,
tolu trees,,,【植物】吐鲁胶树(Myroxylon balsamum) [见balsam of Tolu],,,,,0,0,0:tolu tree/1:s,,
tolu-,,,n. (南美)妥卢香脂[胶]\n[网络] 吐鲁；妥迈霖；波鳍金线鱼,,,,,0,0,,,
tolualdehyde,",tɔlju'ældihaid",,甲苯甲醛,,,,,0,0,,,
toluamide,",tɔlju'æmaid",,甲苯酰胺,,,,,0,0,,,
toluamides,,,[网络] 胺类,,,,,0,0,,,
toluanilide,",tɔlju'ænilaid",,N-对甲苯甲酰(基)苯胺,,,,,0,0,,,
toluarsonic acid,,,[化] 妥卢胂酸; 羧基甲苯胂酸,,,,,0,0,,,
toluate,"'tɔlju,eit",n. A salt of any one of the toluic acids.,n. [化]甲苯甲酸盐(或酯),,,,,0,0,,,
toluates,'tɒljʊeɪt,,n. 甲苯甲酸盐（或酯）,,,,,0,0,,,
tolub,,,[网络] 甲苯,,,,,0,0,,,
tolubutamide,,,N-(4-甲基-苯并磺酰基)N-丁基脲,,,,,0,0,,,
Toluca,"tә'lu:kә,tɔ:'lu:kɑ:",,托卢卡,,,,,0,0,,,
Toluca de Lerdo,tə'lu:kə; tɔ:'lu:kɑ:; d'ledu; de'ler,,托卢卡(墨西哥中部城市)；托卢卡火山(位于墨西哥中部墨西哥州),,,,,0,0,,,
"Toluca, Nev.de",,,[地名] 托卢卡火山 ( 墨 ),,,,,0,0,,,
Toludiethamine,,,"甲苯二乙胺,间甲苯酰二乙胺",,,,,0,0,,,
toluene,'tɔljui:n,n. a colorless flammable liquid obtained from petroleum or coal tar; used as a solvent for gums and lacquers and in high-octane fuels,n. 甲苯\n[化] 甲苯,n:100,,,,43550,33330,s:toluenes,,
"toluene 2,4-diisocyanate",,,"[化] 2,4-二异氰酸甲苯酯",,,,,0,0,,,
toluene arsonic acid,,,甲苯胂酸,,,,,0,0,,,
toluene blue,,,甲苯蓝,,,,,0,0,,,
toluene bromide,,,[化] 溴甲苯,,,,,0,0,,,
toluene chloride,,,[化] 氯甲苯,,,,,0,0,,,
toluene dealkylation,,,甲苯脱烷基,,,,,0,0,,,
toluene di-isocyanate,,,二异氰酸甲苯,,,,,0,0,,,
toluene diamine,,,[化] 甲苯二胺,,,,,0,0,,,
toluene dichloride,,,[化] 二氯甲苯,,,,,0,0,,,
toluene diisocyanate,,,[机] 二异氰酸甲苯,,,,,0,0,,,
toluene disproportionation,,,甲苯歧化,,,,,0,0,,,
toluene disproportionation catalyst,,,甲苯歧化催化剂,,,,,0,0,,,
toluene disproportionation process,,,[化] 甲苯歧化反应,,,,,0,0,,,
toluene distillation,,,甲苯蒸馏,,,,,0,0,,,
toluene distillation method,,,甲苯蒸馏法,,,,,0,0,,,
toluene disulfonate,,,[化] 甲苯二磺酸盐,,,,,0,0,,,
toluene disulfonic acid,,,[化] 甲苯二磺酸,,,,,0,0,,,
toluene formaldehyde resin,,,甲苯甲醛树脂,,,,,0,0,,,
toluene halide,,,[化] 卤甲苯,,,,,0,0,,,
toluene index,,,甲苯指数,,,,,0,0,,,
toluene insolubles,,,[有机化学] 甲苯不溶物,,,,,0,0,,,
toluene method,,,甲苯法,,,,,0,0,,,
toluene methylbenzene,,,甲苯;【艹+叻】;苯基[代]甲烷,,,,,0,0,,,
toluene monochloride,,,氯甲苯,,,,,0,0,,,
Toluene Number,,,甲苯值,,,,,0,0,,,
toluene oxidation,,,甲苯氧化,,,,,0,0,,,
toluene pentachloride,,,五氯甲苯,,,,,0,0,,,
toluene plant,,,甲苯工厂,,,,,0,0,,,
toluene poisoning,,,甲苯中毒,,,,,0,0,,,
toluene resin,,,甲苯树脂,,,,,0,0,,,
toluene sulfochloride,,,甲苯磺酰氯,,,,,0,0,,,
toluene sulfon-chloride,,,甲苯磺醯氯,,,,,0,0,,,
toluene sulfonic-acid,,,甲苯磺酸,,,,,0,0,,,
toluene tampion,,,[网络] 锚链孔盖,,,,,0,0,,,
toluene tetrachloride,,,四氯甲苯,,,,,0,0,,,
toluene tribromide,,,三溴甲苯,,,,,0,0,,,
toluene trichloride,,,苄川三氯,,,,,0,0,,,
toluene trifluoride,,,苄川三氟,,,,,0,0,,,
"toluene-3,4-dithiol",,,"[化] 甲苯-3,4-二硫酚; 二硫酚",,,,,0,0,,,
toluene-p-sulfonic acid,,,[化] 对甲苯磺酸,,,,,0,0,,,
toluene-sodium-sulfonchloramide,,,氯胺T,,,,,0,0,,,
toluene-sulfondichloramine,,,[医] 二氯胺T,,,,,0,0,,,
tolueneazonaphthylamine,,,[化] 甲苯偶氮萘胺,,,,,0,0,,,
toluenediamine,",tɔljui:ndai'æmin",,甲苯二胺,,,,,0,0,,,
toluenes,'tɒljʊiːn,,n. [有化] 甲苯,,,,,0,0,0:toluene/1:s,,
toluenesulfinate,",tɔljui:n'sʌlfineit",,甲苯亚磺酸盐,,,,,0,0,,,
toluenesulfinic acid,,,[化] 甲苯亚磺酸,,,,,0,0,,,
toluenesulfodichloramide,,,[化] 甲苯磺酰二氯胺,,,,,0,0,,,
toluenesulfonamide,,,[化] 甲苯磺酰胺,,,,,0,0,,,
toluenesulfonamide/formaldehyde resin,,,甲苯磺醯胺,,,,,0,0,,,
toluenesulfonanilide,,,[化] N-甲苯磺酰苯胺,,,,,0,0,,,
toluenesulfonate,",tɔljui:n'sʌlfәuneit",,甲苯磺酸盐,,,,,0,0,,,
toluenesulfonates,,,[网络] 甲苯磺酸盐,,,,,0,0,,,
toluenesulfonic acid,,,甲苯磺酸,,,,,0,0,,,
toluenesulfonic acids,,,甲苯磺酸；亚苄基酸,,,,,0,0,,,
toluenesulfonyl,,,[化] 甲苯磺酰,,,,,0,0,,,
toluenesulfonyl butylamine,,,[化] N-甲苯磺酰丁胺,,,,,0,0,,,
toluenesulfonyl chloride,,,甲苯磺醯氯,,,,,0,0,,,
toluenesulfonyl dibutylamine,,,[化] N-甲苯磺酰二丁胺,,,,,0,0,,,
toluenesulfonyl dimethylamine,,,[化] N-甲苯磺酰二甲胺,,,,,0,0,,,
toluenesulfonyl ethylamine,,,[化] N-甲苯磺酰乙胺,,,,,0,0,,,
toluenesulfonyl methylamine,,,[化] N-甲苯磺酰甲胺,,,,,0,0,,,
toluenesulfonyl methylaniline,,,"[化] N,N-甲苯磺酰基甲基苯胺",,,,,0,0,,,
toluenesulfonyl toluidine,,,[化] N-甲苯磺酰甲苯胺,,,,,0,0,,,
toluenethiol,,,硫甲酚,,,,,0,0,,,
toluenmeter,,,芳烃分析计,,,,,0,0,,,
toluenone,,,"[化] 2-甲基-2,4-环己二烯酮",,,,,0,0,,,
toluenyl,'tɔljui:nil,n. Tolyl.,亚苄基,,,,,0,0,,,
Toluexin,,,"甲酚甘油醚,甲苯丙醇",,,,,0,0,,,
tolufazepam,,,[网络] 甲磺西泮,,,,,0,0,,,
tolug,,,[网络] 拔掉,,,,,0,0,,,
toluhydroquinone,,,"甲基氢醌,鹿啼草素",,,,,0,0,,,
tolui,,,[网络] 拖雷；孛儿只斤·拖雷；四子拖雷,,,,,0,0,,,
toluic,"tә'lju:ik,tɔ-,'tɔljj-","a. Pertaining to, or designating, one of three metameric\n   acids, CH3.C6H4.CO2H, which are related to toluene and analogous to\n   benzoic acids. They are white crystalline substances, and are called\n   respectively orthotoluic acid, metatoluic acid, and paratoluic acid.",a. [化]甲苯(甲)酸的,,,,,0,0,,,
toluic acid,,,[化] 甲苯甲酸\n[医] 甲苯甲酸,,,,,0,0,s:toluic acids,,
toluic acids,,,【有机化学】甲苯(甲)酸,,,,,0,0,0:toluic acid/1:s,,
toluic aldehyde,,,[化] 甲苯甲醛,,,,,0,0,,,
toluic anhydride,,,[化] 甲苯甲酐; 甲基苯甲酸酐,,,,,0,0,,,
toluic nitrile,,,[化] 甲苯腈; 甲苯甲腈,,,,,0,0,,,
toluid,,,[网络] 甲苯,,,,,0,0,,,
toluide,"'tɔljjaid,-id",,n. [化]N-某酰基甲苯胺,,,,,0,0,,,
toluides,'tɒljʊaɪd,,n.\n【有机化学】酰替甲苯胺,,,,,0,0,,,
toluidide,"tә'lju:idaid,tɔ-",,n. [化]N-某酰基甲苯胺,,,,,0,0,,,
toluidin,,,[网络] 甲苯胺,,,,,0,0,,,
toluidin blue,,,甲苯胺蓝（从化）,,,,,0,0,,,
toluidine,tɔ'lju:idin,"n. Any one of three metameric amido derivatives of toluene\n   analogous to aniline, and called respectively orthtoluidine,\n   metatoluidine, and paratoluidine; especially, the commonest one, or\n   paratoluidine, which is obtained as a white crystalline substance.",n. [化]甲苯胺,,,,,0,0,s:toluidines,,
toluidine blue,,,[医] 甲苯胺蓝,,,,,0,0,,,
toluidine blue method,,,甲苯胺蓝法,,,,,0,0,,,
toluidine blue neutralization test,,,甲苯胺蓝中和试验,,,,,0,0,,,
toluidine blue O,,,氯化妥龙,,,,,0,0,,,
toluidine fast red RN,,,甲苯胺红RN,,,,,0,0,,,
toluidine hydrochloride,,,甲苯胺盐酸盐,,,,,0,0,,,
Toluidine Red,,,[化] 甲苯胺红,,,,,0,0,,,
toluidine test,,,[医] 甲苯胺试验(检血),,,,,0,0,,,
toluidines,,,[网络] 甲苯胺,,,,,0,0,0:toluidine/1:s,,
toluidinesulfonic acid,,,胺基甲苯磺酸,,,,,0,0,,,
toluidino-,,,[化] 甲苯氨基(邻、间或对),,,,,0,0,,,
toluidins,,,[网络] 甲苯胺,,,,,0,0,,,
toluido-,,,[化] 甲苯氨基,,,,,0,0,,,
Toluifera,,,[医] 妥鲁香胶树属,,,,,0,0,,,
Toluifera balsamum L.,,,[医] 妥鲁香胶树,,,,,0,0,,,
Toluifera pereirae,,,[医] 秘鲁香胶树,,,,,0,0,,,
toluiguinone,",tɔlju^wi'nәun",,甲苯醌,,,,,0,0,,,
Toluina,,,甲苯磺丁脲,,,,,0,0,,,
toluino-,,,[化] 甲苯氨基,,,,,0,0,,,
toluiquinone,,,[化] 甲苯醌,,,,,0,0,,,
tolulexin,,,甲酚甘油醚,,,,,0,0,,,
Tolulox,,,"甲酚甘油醚,甲苯丙醇",,,,,0,0,,,
tolunen,,,甲苯,,,,,0,0,,,
toluol,'tɔljuɔl,n. Alt. of Toluole,n. 甲苯\n[化] 甲苯,,,,,0,0,,,
toluol intoxication,,,甲苯中毒,,,,,0,0,,,
toluole,,,[网络] 甲苯,,,,,0,0,,,
toluoles,,,[网络] 甲苯,,,,,0,0,,,
toluols,,,n. 【化】甲苯\n[网络] 甲基苯；烷；甲苯甲苯,,,,,0,0,,,
toluoyl,'tɔljuil,,甲苯酰(邻、间或对),,,,,0,0,,,
toluphenazine,",tɔlju'fenәzi:n",,甲基吩嗪,,,,,0,0,,,
toluquinoline,",tɔlju'kwinәli:n",,甲(基)喹啉,,,,,0,0,,,
toluquinone,",tɔlju'kwinәun",,"(=2-methylbenzoquinone)甲苯醌, 2-甲基苯醌",,,,,0,0,,,
tolurance,,,[网络] 纯度公差,,,,,0,0,,,
toluresitannol,,,[化] 妥卢香醇,,,,,0,0,,,
tolurhodin,tɔlә'hɔdin,,膜样菌,,,,,0,0,,,
toluric acid,,,甲基马尿酸,,,,,0,0,,,
toluric acids,,,[网络] 甲苯磺酸,,,,,0,0,,,
tolurin,'tɔlurin,,维生素B1,,,,,0,0,,,
tolus,tə'lʊ,,n. 妥鲁香胶\nn. (Tolu)人名；(罗、土、意)托卢；(法)托吕,,,,,0,0,0:tolu/1:s,,
tolusafranine,,,"[医] 番红T, 亮藏红",,,,,0,0,,,
Tolutan,,,[网络] 托伦,,,,,0,0,,,
tolutation,,,[网络] 说谎,,,,,0,0,,,
toluyl,'tɔljuil,n. Any one of the three hypothetical radicals corresponding to\n   the three toluic acids.,n. [化]甲苯甲酰,,,,,0,0,,,
toluyl aldehyde,,,[化] 甲基苯甲醛,,,,,0,0,,,
toluyl azo-beta-maphthol,,,[化] 甲基苯甲酰偶氮β-萘酚,,,,,0,0,,,
toluyl-,,,甲苯甲醯基,,,,,0,0,,,
toluyldiphenylamine,,,甲苯二苯胺,,,,,0,0,,,
toluylene,tɔ'ljuili:n,"n. Same as Stilbene.\nn. Sometimes, but less properly, tolylene.",甲代亚苯基,,,,,0,0,,,
toluylene blue,,,[医] 甲苯[撑]蓝,,,,,0,0,,,
toluylene diamine,,,[化] 甲代苯二胺,,,,,0,0,,,
toluylene diamine indophenol,,,甲苯二胺靛酚,,,,,0,0,,,
toluylene hydrate,,,[化] 水合┴; 苯苄甲醇; 苯基苄基甲醇,,,,,0,0,,,
toluylene orange,,,甲苯橙,,,,,0,0,,,
toluylene orange r,,,甲苯橙R,,,,,0,0,,,
toluylene red,,,"[化] 中性红\n[医] 二苯乙烯红, 中性红",,,,,0,0,,,
toluylene urea,,,[化] 亚甲苯基脲,,,,,0,0,,,
toluylenediamine,,,"间甲苯二胺,二氨基甲苯,芪二胺",,,,,0,0,,,
toluylenediaminem,,,"间甲苯二胺,二氨基甲苯,芪二胺",,,,,0,0,,,
toluylic acid,,,[化] 苯乙酸,,,,,0,0,,,
toluyls,'tɒljʊɪl,,n. 甲苯甲酰,,,,,0,0,,,
Tolva,,,[地名] 托尔瓦 ( 西 ),,,,,0,0,,,
tolvaptan,,,[网络] 托伐普坦；托伐坦；替伐普坦,,,,,0,0,,,
Tolve,,,[地名] 托尔韦 ( 意 ),,,,,0,0,,,
tolvet,,,[网络] 天鹅绒,,,,,0,0,,,
tolvin,,,盐酸甲苯哌卓,,,,,0,0,,,
Tolvon,,,特文,,,,,0,0,,,
Tolvuya,,,[地名] 托尔武亚 ( 俄 ),,,,,0,0,,,
tolworth,,,[网络] 英国,,,,,0,0,,,
toly,,,[网络] 原歌词作者；小泰；作词作曲,,,,,0,0,,,
tolya,,,[网络] 托里亚；托亚；浪漫无牙,,,,,0,0,,,
tolyantipyrine,",tɔli,ænti'paiәrin",,甲苯基安替比林,,,,,0,0,,,
Tolyatti,,,[网络] 陶里亚蒂；陶里亚蒂市；陶丽亚市,,,,,0,0,,,
Tolybay,,,[地名] 托雷拜 ( 哈 ),,,,,0,0,,,
tolycaine,,,[化] 托利卡因; 甲苯卡因,,,,,0,0,,,
tolyfluanid,,,甲苯氟磺胺,,,,,0,0,,,
tolyl,'tɔlil,"n. The hydrocarbon radical, CH3.C6H4, regarded as\n   characteristic of certain compounds of the aromatic series related to\n   toluene; as, tolyl carbinol.",n. 甲苯基\n[化] 甲苯基(邻、间或对),,,,,0,0,,,
tolyl alcohol,,,[化] 甲苯基甲醇,,,,,0,0,,,
tolyl bromide,,,[化] 甲苯基溴,,,,,0,0,,,
tolyl carbinol,,,[化] 甲苯基甲醇,,,,,0,0,,,
tolyl chloride,,,甲苯基氯,,,,,0,0,,,
tolyl ethyl ether,,,【草(之上)+叨】基乙基醚,,,,,0,0,,,
tolyl hydrazine hydrochloride,,,盐酸甲苯基肼,,,,,0,0,,,
tolyl hydroxide,,,"[医] 甲酚, 煤酚",,,,,0,0,,,
tolyl isorhodanate,,,[化] 异硫氰酸甲苯酯,,,,,0,0,,,
tolyl isothiocyanate,,,[化] 异硫氰酸甲苯酯,,,,,0,0,,,
tolyl methyl ether,,,[化] 甲苯基·甲基醚,,,,,0,0,,,
tolyl methyl ketone,,,【草(之上)+叨】基甲基酮,,,,,0,0,,,
tolyl mustard oil,,,[化] 甲苯基芥子油; 异硫氰酸甲苯酯,,,,,0,0,,,
tolyl phenyl ketone,,,甲苯基苯基(甲)酮,,,,,0,0,,,
tolyl-,,,甲苯基,,,,,0,0,,,
tolyl-acetic acid,,,[化] 甲苯乙酸,,,,,0,0,,,
tolylation,",tɔli'leiʃәn",,引入甲苯基,,,,,0,0,,,
tolylcarbinol,,,甲苯基甲醇,,,,,0,0,,,
tolylchloride,,,[化] 邻氯甲苯,,,,,0,0,,,
tolylene,'tɔlili:n,"n. A hydrocarbon radical, C6H4.(CH2)2, regarded as\n   characteristic of certain toluene derivatives.",(=toluylene)甲代亚苯基,,,,,0,0,,,
tolylene diamine,,,甲苯二胺;亚苄基二胺,,,,,0,0,,,
tolylene urea,,,甲苯脲,,,,,0,0,,,
tolylenediamine,",tɔlili:ndai'æmin",,"甲苯二胺, 苄撑二胺",,,,,0,0,,,
tolylfluanid,,,对甲抑菌灵,,,,,0,0,,,
tolylhydrazine,,,[化] 甲苯肼,,,,,0,0,,,
tolylhydroxylamine,",tɔlil,haidrɔksi'læmi:n",,甲苯胲,,,,,0,0,,,
tolylmercaptan,,,硫甲酚,,,,,0,0,,,
tolylmercuric chloride,,,[化] 氯化甲苯基汞,,,,,0,0,,,
tolyloxy,,,[化] 甲苯氧基,,,,,0,0,,,
tolyloxy-,,,[化] 甲苯氧基,,,,,0,0,,,
tolyls,'tɑləl,,n. 甲苯基,,,,,0,0,,,
tolylsulfonyl,",tɔlil'sʌlfәunil",,甲苯磺酰,,,,,0,0,,,
tolylsulfonyl-,,,甲苯基磺酰,,,,,0,0,,,
tolylthiourea,",tɔlil,θaiәu'juәriә",,甲苯基硫脲,,,,,0,0,,,
tolylurea,tɔli'ljuәriә,,甲苯基脲,,,,,0,0,,,
tolynolum,,,"α,4-二甲苄醇",,,,,0,0,,,
Tolypanthus,,,n. 大苞寄生属,,,,,0,0,,,
Tolypanthus esquirolii,,,n. 黔桂大苞寄生,,,,,0,0,,,
Tolypanthus maclurei,,,n. 大苞寄生,,,,,0,0,,,
Tolypella,,,鸟巢轮藻属〔T2-Q〕,,,,,0,0,,,
Tolypeutes,,,[网络] 三带犰狳属；球犰狳属,,,,,0,0,s:tolypeutess,,
Tolypeutes tricinctus,,,[网络] 巴西三带犰狳,,,,,0,0,s:tolypeutes tricinctuss,,
tolypeutes tricinctuss,,,[网络] 巴西三带犰狳\n(tolypeutes tricinctus 的复数),,,,,0,0,0:tolypeutes tricinctus/1:s,,
tolypeutess,,,[网络] 三带犰狳属；球犰狳属\n(tolypeutes 的复数),,,,,0,0,0:tolypeutes/1:s,,
tolypiocladia glomerulata,,,球枝藻,,,,,0,0,,,
Tolypite,,,球绿泥石,,,,,0,0,,,
tolypomycin,tɔlipә'maisin,,颗粒霉素,,,,,0,0,,,
tolypophagous,,,菌丝结被吸收的,,,,,0,0,,,
Tolyposporium,,,稗凝黑穗病菌属,,,,,0,0,,,
tolyposporium bullatum,,,泡状褶孢黑穗菌,,,,,0,0,,,
tolyposporium bullatum schroeter,,,稗黑穗病菌,,,,,0,0,,,
tolypothamniscophagous,,,珠丝丛枝被吸收的,,,,,0,0,,,
Tolypothrix,,,单歧藻属,,,,,0,0,,,
tolypyrine,,,甲基安替比林,,,,,0,0,,,
tolysal,,,水杨酸甲基安替比林,,,,,0,0,,,
tolysin,,,辛辛可芬,,,,,0,0,,,
Tolyspaz,,,"甲酚甘油醚,甲苯丙醇",,,,,0,0,,,
tolytrimonium,,,甲硫酸甲苯癸铵,,,,,0,0,,,
tolz (bad t?lz),,,托尔兹 (巴德特尔兹),,,,,0,0,,,
tolzey,,,[网络] 托儿,,,,,0,0,,,
Tolé,,,[地名] 托莱 ( 巴拿、中非 ),,,,,0,0,,,
"Tolé, R.",,,[地名] 托莱河 ( 巴拿 ),,,,,0,0,,,
Tolē,,,[地名] 托莱 ( 埃塞 ),,,,,0,0,,,
tom,tɒm,n. (ethnic slur) offensive and derogatory name for a Black man who is abjectly servile and deferential to Whites\nn. male cat,"n. 雄性动物, 雄猫",,,,,1710,0,s:toms,,
Tom alloy,,,托姆铝合金,,,,,0,0,,,
tom and jerries,,,汤姆和杰里蛋酒(用甜酒和水或牛奶、鸡蛋、调料、糖调制的美国热饮料),,,,,0,0,0:tom and jerry/1:s,,
Tom and Jerry,,,na. 〈美〉吃喝玩乐的浪荡子；奶蛋热甜酒\n[网络] 猫和老鼠；汤姆和杰瑞；汤姆猫和杰利鼠,,,,,0,0,s:tom and jerries,,
Tom around,,,[俚语]卖淫,,,,,0,0,,,
Tom Bowling B.,,,[地名] 汤姆·鲍林湾 ( 新西 ),,,,,0,0,,,
tom boy,,,na. 爱玩爱吵的姑娘\n[网络] 假小子；顽皮的女孩；男人婆,,,,,0,0,,,
tom boys,,,n. 假小子；男孩儿气的顽皮女孩（tomboy的复数）,,,,,0,0,,,
Tom Bradley,,,[网络] 布莱德利；汤姆布莱德雷；汤姆布莱迪,,,,,0,0,s:tom bradleys,,
tom bradleys,,,[网络] 布莱德利；汤姆布莱德雷；汤姆布莱迪\n(tom bradley 的复数),,,,,0,0,0:tom bradley/1:s,,
tom brady,tɔm ˈbreɪdi:,, 汤姆·布拉迪,,,,,0,0,,,
Tom Brown's Schooldays,,,[网络] 汤姆求学记；布朗的求学时代；汤姆的学校生活,,,,,0,0,,,
tom cat,,,n. 公猫\n[网络] 汤姆猫；可爱的汤姆猫；雄猫,,,,,0,0,,,
tom cats,,,[网络] 汤姆刑事反恐团队,,,,,0,0,,,
Tom col Iins,,,[网络] 柠檬汽水,,,,,0,0,,,
Tom Collins,,,一种苏打水、杜松子酒、糖、冰块和柠檬混合饮料,,,,,0,0,s:tom collinss,,
Tom Collinses,,,Tom Collins\n[美国英语]汤姆科林斯酒(由杜松子酒、柠檬汁或酸橙汁、碳酸水调成，常加糖或冰块),,,,,0,0,,,
tom collinss,,,[美国英语]汤姆科林斯酒(由杜松子酒、柠檬汁或酸橙汁、碳酸水调成，常加糖或冰块),,,,,0,0,0:tom collins/1:s,,
tom cruise,,, [人名]汤姆克鲁斯,,,,,0,0,,,
Tom Dick or Harry,,,[网络] 任何人,,,,,0,0,,,
tom drum dance (thailand),,,咚鼓舞(泰国东北),,,,,0,0,,,
Tom Finney,,,[网络] 汤姆·芬尼；汤·芬尼,,,,,0,0,,,
Tom fool,,,"大傻瓜,大笨蛋",,,,,0,0,,,
tom fool knot,,,蝴蝶结,,,,,0,0,,,
tom ford,,, 汤姆·福特,,,,,0,0,,,
Tom gin,,,"汤姆锦酒,烈性杜松子酒",,,,,0,0,,,
Tom Green County,,,[地名] 汤姆·格林县 ( 美 ),,,,,0,0,,,
Tom Hanks,,,[网络] 汤姆·汉克斯；汤姆汉克；汤汉斯,,,,,0,0,s:tom hankss,,
tom hankss,,,[网络] 汤姆·汉克斯；汤姆汉克；汤汉斯\n(tom hanks 的复数),,,,,0,0,0:tom hanks/1:s,,
Tom House,,,[网络] 投手大师豪斯；投手教练豪斯；新闻访问知名投手教练豪斯,,,,,0,0,,,
Tom it,,,"(美俚)对白人卑躬屈节,低声下气",,,,,0,0,,,
Tom it around,,,[俚语]卖淫,,,,,0,0,,,
Tom it up,,,[美国俚语]像汤姆叔叔那样逆来顺受； 对白人卑躬屈膝、低声下气,,,,,0,0,,,
Tom Jones,,,[网络] 汤姆琼斯；汤姆·琼；汤姆·钟斯,,,,,0,0,,,
Tom Joneses,,,Tom Jones\n汤姆琼斯式的，18世纪式的[源自根据英国小说家亨利菲尔丁的小说《弃儿汤姆琼斯的历史》改编的电影中的主人公的服饰和发式],,,,,0,0,,,
Tom Long,,,讲话冗长的人,,,,,0,0,,,
Tom Long the carrier,,,"慢性子约翰,慢吞吞的送信人",,,,,0,0,,,
Tom Mix,,,[网络] 汤姆密克斯；汤姆·米客斯；米克斯,,,,,0,0,,,
Tom Noddy,,,[网络] 诺迪,,,,,0,0,,,
Tom o' Bedlam,,,na. 疯子,,,,,0,0,,,
Tom o'Bedlam,'tɔmə'bedləm,,[复数]-lams 狂人；疯乞丐,,,,,0,0,,,
Tom Paine,,,[网络] 潘恩；汤姆潘恩；论敌潘恩,,,,,0,0,s:tom paines,,
tom paines,,,[网络] 潘恩；汤姆潘恩；论敌潘恩\n(tom paine 的复数),,,,,0,0,0:tom paine/1:s,,
tom patrol,,,[英国英语](专抓街头妓女的)妓女巡警,,,,,0,0,,,
Tom Pepper,,,[网络] 佩珀,,,,,0,0,,,
Tom Piper,,,[网络] 汤姆派珀,,,,,0,0,,,
Tom Poker,,,[网络] 汤姆扑克,,,,,0,0,,,
Tom Price,,,[地名] 汤姆·普赖斯村 ( 澳 ),,,,,0,0,,,
"Tom Price, Mt.",,,[地名] 汤姆·普赖斯山 ( 澳 ),,,,,0,0,,,
Tom Sawyer,,,"汤姆历险记, 汤姆·索亚历险记；汤姆·索亚",,,,,0,0,s:tom sawyers,,
Tom Sawyered,,,[网络] 汤姆锯了,,,,,0,0,,,
Tom Sawyeresque,,,[网络] 汤姆Sawyeresque,,,,,0,0,,,
Tom Sawyering,,,[网络] 汤姆·索耶,,,,,0,0,,,
Tom Sawyers,,,[网络] 汤姆·索耶斯,,,,,0,0,0:tom sawyer/1:s,,
Tom show,,,类似《汤姆叔叔的小屋》 (Uncle Tom's Cabin)的戏剧演出,,,,,0,0,,,
Tom Stoppard,,,[网络] 斯托帕德；汤姆·斯托帕德；英国剧作家史托帕特,,,,,0,0,s:tom stoppards,,
tom stoppards,,,[网络] 斯托帕德；汤姆·斯托帕德；英国剧作家史托帕特\n(tom stoppard 的复数),,,,,0,0,0:tom stoppard/1:s,,
Tom Swiftie,,,[网络] 汤姆·斯威夫蒂,,,,,0,0,,,
Tom Swifties,,,[网络] 汤姆·斯威夫斯,,,,,0,0,,,
Tom Swifty,,,[网络] 汤姆·斯威夫特,,,,,0,0,,,
Tom Tailor,,,[总称]裁缝；裁缝，成衣匠,,,,,0,0,,,
Tom Thacker,,,[网络] 汤姆-萨克尔；电吉他手,,,,,0,0,,,
Tom Thumb,,,"侏儒,矮子",,,,,0,0,s:tom thumbs,,
Tom Thumb golf,,,un. 庭园式小型高尔夫球比赛,,,,,0,0,,,
tom thumbs,,,n. 大拇指汤姆（英民间故事中只有拇指大的主人公）,,,,,0,0,0:tom thumb/1:s,,
Tom Tiddler's ground,,,na. 宝山；占金山\n[网络] 汤姆·梯特勒的土地,,,,,0,0,,,
Tom Tiler,,,怕老婆的人,,,,,0,0,,,
tom tit,,,[网络] 山雀,,,,,0,0,,,
Tom Tom,,,n. 桶子鼓；咚咚鼓\n[网络] 中鼓；汤姆；汤汤,,,,,0,0,,,
tom turkey,,,[网络] 雄火鸡,,,,,0,0,s:tom turkeys,,
tom turkeys,,,[网络] 雄火鸡\n(tom turkey 的复数),,,,,0,0,0:tom turkey/1:s,,
Tom Tyler,,,怕老婆的人,,,,,0,0,,,
"Tom White, Mt.",,,[地名] 汤姆·怀特山 ( 美 ),,,,,0,0,,,
Tom Wolfe,,,[网络] 沃尔夫；伍尔夫；汤姆沃尔夫,,,,,0,0,s:tom wolfes,,
tom wolfes,,,[网络] 沃尔夫；伍尔夫；汤姆沃尔夫\n(tom wolfe 的复数),,,,,0,0,0:tom wolfe/1:s,,
tom yam,,,[网络] 东炎；泰式酸辣海鲜；泰式酸辣汤,,,,,0,0,,,
tom yam kung,,,[网络] 酸辣虾汤；柠檬虾汤或东阴功；泰式酸辣虾汤,,,,,0,0,,,
tom yams,,,[网络] 汤姆山药,,,,,0,0,,,
tom yum,,,n. 【旅】冬阴功汤\n[网络] 冬荫；冬阴公；东炎,,,,,0,0,,,
tom yum goong,,, [电影]冬荫功,,,,,0,0,,,
Tom',,,[地名] 托木河 ( 俄 ),,,,,0,0,,,
tom's,,,[网络] 汤姆的；牙膏；汤姆的东西,,,,,0,0,,,
Tom's Ridge,,,[地名] 汤姆斯里奇〈圣诞岛〉 ( 澳 ),,,,,0,0,,,
"Tom, Dick and Harry",,,na. 〈口〉普通人\n[网络] 待字闺中；同病相怜,,,,,0,0,,,
"Tom, Dick or Harry",,,[网络] 任何人,,,,,0,0,,,
"tom, dick, and harry",,,na. 〈口〉普通人,,,,,0,0,,,
"Tom,Dick and Harry",,,"n. 〈贬〉张三李四,阿猫阿狗,一般人 每一个人",,,,,0,0,,,
"Tom,Dick,and Harry",,,[贬义][常与every连用]张三李四，阿猫阿狗，普通人,,,,,0,0,,,
"Tom,Dick,or Harry",,,[贬义][常与any连用]张三李四，阿猫阿狗，普通人,,,,,0,0,,,
"tom-,tomo-",tɔm,,comb.form 表示“切割”,,,,,0,0,,,
tom-axe,,,[网络] 汤姆斧,,,,,0,0,,,
tom-boy,,,na. 爱玩爱吵的姑娘\n[网络] 假小子；化身姑娘,,,,,0,0,,,
tom-cat,tɔm kæt,,"n. 郎猫, 雄猫",,,,,0,0,s:tom-cats,,
tom-cats,,plural of tom-cat,"(tom-cat 的复数) n. 郎猫, 雄猫",,,,,0,0,0:tom-cat/1:s,,
tom-cod,,,un. 大西洋小鳕,,,,,0,0,,,
Tom-Cruise,,,[网络] 阿汤哥；演员；欧美,,,,,0,0,,,
tom-fool,,,na. 傻子\n[网络] 大傻瓜,,,,,0,0,,,
Tom-noddy,,,[网络] 诺迪,,,,,0,0,,,
Tom-pudding,,,[网络] 汤布丁,,,,,0,0,,,
tom-pung,,,[网络] 汤姆,,,,,0,0,,,
tom-rig,,,[网络] 汤姆钻机,,,,,0,0,,,
tom-su,,,[网络] 徐妘儿；苏敬业,,,,,0,0,,,
tom-tit,,,[网络] 山雀,,,,,0,0,,,
tom-tom,'tɔmtɔm,n any of various drums with small heads,"n. 手鼓, 单调的拍打",n:100,,,,0,0,s:tom-toms,,
tom-tom drum,,,n. 筒鼓\n[网络] 嗵鼓；通通鼓或中鼓；桶子鼓,,,,,0,0,,,
tom-tom drummer,,,[网络] 汤姆鼓手,,,,,0,0,,,
tom-tom drummers,,,[网络] 汤姆鼓手,,,,,0,0,,,
tom-tom drums,,,[网络] 架在低音鼓上的汤汤鼓,,,,,0,0,,,
tom-tom scouring machine,,,锤式精练机,,,,,0,0,,,
tom-tom washer,,,锤式洗涤机,,,,,0,0,,,
tom-tommed,,,"vi., vt. tom-tom的变形",,,,,0,0,,,
tom-tommer,'tɔmtɔm,,"n.\n(美洲印第安人、印度、非洲部落等地用的狭长)手鼓\n= tam-tam\nvi., vt.\n打手鼓\n变形：\nvi., vt.\ntom-tommed\n. tom-tomming",,,,,0,0,,,
tom-tomming,,,"vi., vt. tom-tom的变形",,,,,0,0,,,
tom-toms,,n. any of various drums with small heads,n. 手鼓( tom-tom的复数形式 ),,,,,0,0,0:tom-tom/1:s,,
tom-trot,,,[网络] 汤姆小跑,,,,,0,0,,,
tom-turkey,,,[网络] 雄火鸡,,,,,0,0,,,
Tom.,tɒm,,n. 汤姆；雄性动物；(特指)雄猫；Thomas 的爱称\nv. 〈美口〉(像汤姆叔一样)逆来顺受\n[网络] 汤姆·汉克斯；休斯克；霹雳风,,,,,0,0,,,
Tom20,,,Tom20蛋白,,,,,0,0,,,
Tom37,,,Tom37蛋白,,,,,0,0,,,
toma,,,n. 生田斗真（日本艺人）,,,,,0,0,s:tomas,,
Toma's sign,,,[医] 托马氏征(鉴别炎性及非炎性腹水),,,,,0,0,,,
tomac,'tɔmæk,,顿巴黄铜(铜锌合金),,,,,0,0,,,
tomacco,,,[网络] 汤姆科克,,,,,0,0,,,
tomado,,,[网络] 龙卷风；霹雳风；电子节能灯,,,,,0,0,s:tomadoes,,
tomadoes,,,[网络] 龙卷风,,,,,0,0,0:tomado/1:s,,
tomah,,, [地名] [美国] 托马,,,,,0,0,,,
tomahawk,'tɒmәhɒ:k,n. weapon consisting of a fighting ax; used by North American Indians\nv. cut with a tomahawk\nv. kill with a tomahawk,"n. (印第安)战斧, 短柄小斧\nvt. 用战斧斩",v:14/n:86,,,,38098,21374,s:tomahawks,,
Tomahawk L.,,,[地名] 托马霍克潟湖 ( 新西 ),,,,,0,0,,,
tomahawk mark,,,[网络] 马蹄痕,,,,,0,0,,,
tomahawked,'tɒməhɔːk,imp. & p. p. of Tomahawk,n. 战斧；钺\nvt. 用战斧斩,,,,,0,0,,,
tomahawking,'tɒmə.hɔːk,,n. 钺；斧子；(美国)战斧式驱逐机\nv. 用战斧斩[杀]；激烈批评[抨击]\n[网络] 修整铆钉梢,,,,,0,0,,,
tomahawks,ˈtɔməhɔ:ks,n. weapon consisting of a fighting ax; used by North American Indians\nv. cut with a tomahawk\nv. kill with a tomahawk,n. 美洲印第安人用的战斧( tomahawk的复数形式 ),,,,,0,0,0:tomahawk/1:s3,,
tomaino,,, [人名] 托马伊诺,,,,,0,0,,,
tomake,,,[网络] 使；做；制造,,,,,0,0,,,
Tomakivka,,,[地名] 托马基夫卡 ( 乌克 ),,,,,0,0,,,
tomakivka (tomakovka),,,托马基夫卡(托马科夫卡),,,,,0,0,,,
Tomakomai,,,[地名] 苫小牧 ( 日 ),,,,,0,0,,,
tomal,,,[网络] 蝶阀,,,,,0,0,,,
tomale,,,[网络] 对男性,,,,,0,0,,,
tomales,,, [地名] [美国] 托马利斯,,,,,0,0,,,
Tomali,,,[地名] 托马利 ( 马拉 ),,,,,0,0,,,
tomalia,,, [人名] 托马利亚,,,,,0,0,,,
tomalin,,,[网络] 托马林,,,,,0,0,s:tomalins,,
tomalins,,,[网络] 托马林\n(tomalin 的复数),,,,,0,0,0:tomalin/1:s,,
tomalley,'tɔmæli,n edible greenish substance in boiled lobster,n. (当美味食品吃的)龙虾肝,,,,,0,0,s:tomalleys,,
tomalleys,,,n. （当美味食品吃的）龙虾肝( tomalley的名词复数 ),,,,,0,0,0:tomalley/1:s,,
Tomamae,,,[地名] 苫前 ( 日 ),,,,,0,0,,,
tomamycin,,,托马霉素,,,,,0,0,,,
toman,'tәu'mɑ:n,"n. A money of account in Persia, whose value varies greatly at\n   different times and places. Its average value may be reckoned at about\n   two and a half dollars.",古波斯之金币,,,,,0,0,s:tomen,,
tomando,,,[网络] 汤姆多,,,,,0,0,,,
Tomani,,,[地名] 托马尼 ( 马来 ),,,,,0,0,,,
Tomanivi,,,[地名] 托马尼维山 ( 斐 ),,,,,0,0,,,
tomans,,,n. 托曼；【史】蒙古军队的一师,,,,,0,0,,,
tomar,,, [地名] [中国] 托玛尔; [地名] [巴西、哈萨克斯坦、葡萄牙、伊拉克] 托马尔,,,,,0,0,,,
Tomari,,,[地名] 托马里 ( 俄 ),,,,,0,0,,,
Tomari-mura,,,泊村,,,,,0,0,,,
tomarin,'tɔmәrin,,克灭鼠,,,,,0,0,,,
tomarken,,,[网络] 标记,,,,,0,0,,,
tomaros oros,,,托马罗斯山,,,,,0,0,,,
"Tomaros, Oros",,,[地名] 托马罗斯山 ( 希 ),,,,,0,0,,,
Tomarovka,,,[地名] 托马罗夫卡 ( 俄 ),,,,,0,0,,,
Tomarza,,,[地名] 托马尔扎 ( 土 ),,,,,0,0,,,
Tomas,,,n. 托马斯,,,,,36097,0,0:toma/1:s,,
Tomas de Torquemada,,,[网络] 托马斯·德·托尔克马达；托克马达,,,,,0,0,s:tomas de torquemadas,,
tomas de torquemadas,,,[网络] 托马斯·德·托尔克马达；托克马达\n(tomas de torquemada 的复数),,,,,0,0,0:tomas de torquemada/1:s,,
"Tomas, Mys",,,[地名] 托马斯角 ( 俄 ),,,,,0,0,,,
Tomaschek,,,托马歇克,,,,,0,0,,,
Tomaschek phosphor,,,托马歇克磷光体,,,,,0,0,,,
tomasek,,, [人名] 托马舍克,,,,,0,0,,,
tomasello,,,[网络] 托马塞洛；托马塞罗；汤玛斯洛,,,,,0,0,,,
tomasetti,,,[网络] 托马斯蒂,,,,,0,0,,,
tomash,,, [人名] 托马什,,,,,0,0,,,
Tomashevka,,,托马雪夫卡,,,,,0,0,,,
tomashevskij,,,[网络] 托马斯夫斯基,,,,,0,0,,,
tomashevsky,,,[网络] 托马舍夫斯基,,,,,0,0,,,
Tomashhorod,,,[地名] 托马什霍罗德 ( 乌克 ),,,,,0,0,,,
Tomashpil',,,[地名] 托马什皮尔 ( 乌克 ),,,,,0,0,,,
tomasi,,,托马西（人名）,,,,,0,0,s:tomasis,,
tomasic,,,[网络] 西科,,,,,0,0,,,
tomasina,,, [女子名] 托马西娜 Thomas的阴性,,,,,0,0,,,
tomasis,,,托马西（人名）,,,,,0,0,0:tomasi/1:s,,
tomasko,,, [人名] 托马斯科,,,,,0,0,,,
tomasky,,,[网络] 汤姆斯基,,,,,0,0,,,
tomaso,,, [人名] 托马索,,,,,0,0,,,
tomassetti,,,[网络] 汤姆赛蒂,,,,,0,0,,,
tomassi,,,[网络] 托马西,,,,,0,0,,,
tomasso,,, [人名] 托马索,,,,,0,0,s:tomassoes,,
Tomasso Parentucelli,,,[网络] Tommaso Parentucelli,,,,,0,0,s:tomasso parentucellis,,
tomasso parentucellis,,,[网络] Tommaso Parentucelli\n(tomasso parentucelli 的复数),,,,,0,0,0:tomasso parentucelli/1:s,,
tomassoes,,, [人名] 托马索\n(tomasso 的复数),,,,,0,0,0:tomasso/1:s,,
tomasson,,, [人名] 托马森,,,,,0,0,,,
tomasulo,,, [人名] 托马苏洛,,,,,0,0,,,
tomasz,,,n. (Tomasz)人名；(波)托马什；(匈)托马斯,,,,,0,0,s:tomaszs,,
tomaszewski,,,[网络] 托马泽维斯基,,,,,0,0,s:tomaszewskis,,
tomaszewskis,,,[网络] 托马泽维斯基\n(tomaszewski 的复数),,,,,0,0,0:tomaszewski/1:s,,
tomaszow (tomashuv),,,托马舒夫,,,,,0,0,,,
tomaszs,,,n. (Tomasz)人名；(波)托马什；(匈)托马斯\n(tomasz 的复数),,,,,0,0,0:tomasz/1:s,,
Tomaszów Lubelski,,,[地名] 卢布林地区托马舒夫 ( 波 ),,,,,0,0,,,
Tomaszów Mazowiecki,,,[地名] 马佐夫舍地区托马舒夫 ( 波 ),,,,,0,0,,,
tomate,,,[网络] 投吗得；番茄片,,,,,0,0,s:tomates,,
tomater,,,[网络] 西红市；蕃茄,,,,,0,0,,,
tomates,,,[网络] 满勤教徒戈玛次；图片,,,,,0,0,0:tomate/1:s3,,
tomatid-5-ene-3-ol,,,"番茄-5-烯次碱,Δ5-番茄烯次碱",,,,,0,0,,,
tomatidenol,,,"番茄登醇,番茄烯胺",,,,,0,0,,,
tomatidine,,,[医] 水解番茄硷,,,,,0,0,,,
tomatillidine,,,番茄立定,,,,,0,0,,,
tomatillo,",tәumә'ti:lәu",n. Mexican annual naturalized in eastern North America having yellow to purple edible fruit resembling small tomatoes\nn. annual of Mexico and southern United States having edible purplish viscid fruit resembling small tomatoes\nn. small edible yellow to purple tomato-like fruit enclosed in a bladderlike husk,n. [植]粘果酸浆,n:100,,,,0,24258,s:tomatilloes,,
tomatilloes,",tomə'tiljo",,n. 粘果酸浆,,,,,0,0,0:tomatillo/1:s,,
tomatillos,,,n. 粘果酸浆\n[网络] 墨西哥酸浆；黏果酸浆；购买价,,,,,0,0,,,
tomatin,tә'meitin,,"n. [生化]番茄(碱糖)苷,番茄素",,,,,0,0,,,
tomatin(e),,,"番茄素,番茄苷",,,,,0,0,,,
Tomatina,,,[网络] 西红柿食物大战；西红柿大战；番茄大战,,,,,0,0,,,
tomatinase,,,[网络] 番茄皂甙酶,,,,,0,0,,,
tomatine,'tɔmәti:n,,"n. [生化]番茄(碱糖)苷,番茄素",,,,,0,0,,,
tomatines,,,[网络] 托马丁,,,,,0,0,,,
tomatis,,,[网络] 和声学家托马提斯；托马迪斯；托氏,,,,,0,0,,,
Tomatlan,,,托马特兰,,,,,0,0,,,
tomato,tә'mɑ:tәu,n. mildly acid red or yellow pulpy fruit eaten as a vegetable\nn. native to South America; widely cultivated in many varieties,"n. 番茄, 西红柿",n:100,2,1,zk gk cet4 cet6 ky toefl,4402,2400,s:tomatoes,,
tomato and macaroni soup,,, 西红柿通心粉汤,,,,,0,0,,,
tomato aschochyta rot,,,番茄果腐病,,,,,0,0,,,
tomato aspic,,,= aspic,,,,,0,0,,,
tomato bacterial leaf spot,,,番茄细菌性斑点病,,,,,0,0,,,
tomato black-ring virus,,,番茄环腐病毒,,,,,0,0,,,
tomato blight,,,[网络] 番茄枯萎病,,,,,0,0,s:tomato blights,,
tomato blights,,,[网络] 番茄枯萎病\n(tomato blight 的复数),,,,,0,0,0:tomato blight/1:s,,
tomato bread,,,番茄面包,,,,,0,0,,,
tomato bunchy top,,,番茄簇顶病,,,,,0,0,,,
tomato bushy stunt virus,,,[医] 番笳丛矮病毒,,,,,0,0,,,
tomato bushy-stunt virus,,,番茄矮化病毒,,,,,0,0,,,
tomato can,,,[网络] 切块蕃茄罐头；较差的拳击手,,,,,0,0,,,
tomato cans,,,[网络] 番茄罐,,,,,0,0,,,
tomato catchup,,,n. 蕃茄酱,,,,,0,0,,,
tomato chopper,,,番茄切碎机,,,,,0,0,,,
tomato concentrate,,,[网络] 浓缩番茄；蕃茄浓缩液；番茄浓缩液,,,,,0,0,s:tomato concentrates,,
tomato concentrates,,,[网络] 番茄浓缩产品,,,,,0,0,0:tomato concentrate/1:s,,
tomato eggplant,,,= scarlet eggplant,,,,,0,0,,,
tomato evaporator,,,番茄浓缩锅,,,,,0,0,,,
tomato fly,,,番茄蝇,,,,,0,0,,,
tomato fruitworm,ˈfru:tˌwɜ:m,, 柿铃虫,,,,,0,0,s:tomato fruitworms,,
tomato fruitworms,,,【昆虫】；棉铃虫,,,,,0,0,0:tomato fruitworm/1:s,,
tomato gall,,,[网络] 番茄胆,,,,,0,0,,,
tomato growth,,,番茄生长,,,,,0,0,,,
tomato hornworm,təˈmɑ:təu ˈhɔ:nwə:m,, [昆虫]番茄天蛾幼虫,,,,,0,0,s:tomato hornworms,,
tomato hornworms,,,【昆虫】番茄天蛾幼虫(Manduca quinquemaculata)[亦作 potato worm],,,,,0,0,0:tomato hornworm/1:s,,
tomato juice,təˈmɑ:təu dʒu:s,, 番茄汁,,,,,0,0,s:tomato juices,,
tomato juice drink,,,番茄汁饮料,,,,,0,0,,,
tomato juice extractor,,,番茄榨汁机,,,,,0,0,,,
tomato juices,,,[食品] 番茄汁,,,,,0,0,0:tomato juice/1:s,,
tomato ketchup,təˈmɑ:təu ˈketʃəp,,n. 蕃茄酱,,,,,0,0,,,
tomato knife,,,[网络] 番茄刀；西红柿刀；切番茄刀,,,,,0,0,,,
tomato knives,,,[网络] 番茄刀,,,,,0,0,,,
tomato leaf mould,,,番茄叶霉病,,,,,0,0,,,
tomato meal,,,番茄粉,,,,,0,0,,,
tomato omelet,,,番茄蛋卷,,,,,0,0,,,
tomato paste,təˈmɑ:təu peist,, 番茄酱,,,,,0,0,s:tomato pastes,,
tomato pastes,,,蕃茄酱，西红柿酱；蕃茄糊,,,,,0,0,0:tomato paste/1:s,,
tomato patch,,,土豆地,,,,,0,0,,,
tomato pickle,,,腌番茄,,,,,0,0,,,
tomato pie,,,[网络] 番茄派；西红柿馅饼图片,,,,,0,0,,,
tomato pies,,,[网络] 番茄馅饼,,,,,0,0,,,
tomato plant,təˈmɑ:təu plɑ:nt,, 番茄,,,,,0,0,s:tomato plants,,
tomato plants,,,番茄，西红柿,,,,,0,0,0:tomato plant/1:s,,
tomato plot,,,番茄试验地,,,,,0,0,,,
tomato pomace,,,番茄渣(打浆排出的皮和子),,,,,0,0,,,
tomato powder,,,番茄粉,,,,,0,0,,,
tomato psyllid,,,= potato psyllid,,,,,0,0,,,
tomato puller,,,番茄打浆机,,,,,0,0,,,
tomato pulp,,,番茄纸浆,,,,,0,0,,,
tomato pulp finisher,,,番茄打浆机,,,,,0,0,,,
tomato pulper,,,番茄打浆机,,,,,0,0,,,
tomato puree,,,番茄糊;番茄酱,,,,,0,0,,,
tomato salad,,,番茄色拉,,,,,0,0,,,
tomato sauce,təˈmɑ:təu sɔ:s,, 番茄汁,,,,,0,0,s:tomato sauces,,
tomato sauces,,,番茄酱，蕃茄汁；番茄沙司,,,,,0,0,0:tomato sauce/1:s,,
tomato seed remover,,,番茄脱籽机,,,,,0,0,,,
tomato solid pack,,,固形番茄罐头,,,,,0,0,,,
tomato soup,təˈmɑ:təu su:p,, 西红柿汤,,,,,0,0,,,
tomato spotted wilt virus,,,番茄斑萎病毒,,,,,0,0,,,
tomato streak,təˈmɑ:təu stri:k,, 番茄条纹毒病，番茄线条病毒病,,,,,0,0,s:tomato streaks,,
tomato streaks,,, 番茄条纹毒病，番茄线条病毒病\n(tomato streak 的复数),,,,,0,0,0:tomato streak/1:s,,
tomato test,,,番茄测验法,,,,,0,0,,,
tomato tumor,,,蕃茄状瘤,,,,,0,0,,,
tomato tumors,,,[医] 番茄样瘤(头皮的多数良性上皮瘤),,,,,0,0,,,
tomato worm,,,[网络] 烟草天蛾,,,,,0,0,s:tomato worms,,
tomato worm moth,,,[美国英语]【昆虫】番茄天蛾(Protoparce quinquemaculata),,,,,0,0,,,
tomato worms,,,[网络] 烟草天蛾\n(tomato worm 的复数),,,,,0,0,0:tomato worm/1:s,,
tomato yellows,,,[网络] 番茄黄,,,,,0,0,s:tomato yellowss,,
tomato yellowss,,,[网络] 番茄黄\n(tomato yellows 的复数),,,,,0,0,0:tomato yellows/1:s,,
"tomato, tomato",,,[网络] 西红柿；怎么读；番茄,,,,,0,0,,,
tomato-basil,,,[网络] 番茄紫苏香草；后面是免费供应的汤,j:100,,,,0,0,,,
tomato-cucumber,,,[网络] 西红柿黄瓜味,,,,,0,0,,,
tomato-juice,,,un. 番茄汁,,,,,0,0,,,
tomato-red,,,[网络] 番茄红；西红柿红；西红柿红色,,,,,0,0,,,
tomato-sauce,,,番茄酱，蕃茄汁；番茄沙司,,,,,0,0,s:tomato-sauces,,
tomato-sauces,,,[网络] 意粉酱有红酱,,,,,0,0,0:tomato-sauce/1:s,,
tomato-seed oil,təˈmɑ:təu si:d ɔil,, [医]番茄子油,,,,,0,0,,,
tomatoed,tə'mɑːtəʊ,,"n.\n【植物】\n番茄,西红柿[茄科植物(Lycopersicon esculentum)]\n番茄，西红柿(指果实)\n[美国较旧俚语]少女；女子；美貌女子\n[美国俚语]脸\n[美国俚语]蹩脚的拳击手\n变形：\nn.\ntomatoes",,,,,0,0,,,
tomatoes,,n mildly acid red or yellow pulpy fruit eaten as a vegetable\nn native to South America; widely cultivated in many varieties,n. 蕃茄（tomato的复数形式）,,,,,0,0,0:tomato/1:s,,
tomatoey,tə'mɑ:təu; -'mei,,a. tomato的变形,,,,,0,0,,,
tomatoing,tə'mɑːtəʊ,,"n.\n【植物】\n番茄,西红柿[茄科植物(Lycopersicon esculentum)]\n番茄，西红柿(指果实)\n[美国较旧俚语]少女；女子；美貌女子\n[美国俚语]脸\n[美国俚语]蹩脚的拳击手\n变形：\nn.\ntomatoes",,,,,0,0,,,
tomatoless,,,[网络] 无耻的,,,,,0,0,,,
tomatolike,,"tomatolike (comparative more tomatolike, superlative most tomatolike)\nResembling a tomato or some aspect of one.\n",,,,,,0,0,,,
tomatos,,,[网络] 西红柿图片；个西红柿图片；蕃茄丁,,,,,0,0,,,
tomatotone,tә'mɑ:tәtәun,,氯苯氧基乙酸,,,,,0,0,,,
tomatsu,,,[网络] 户松,,,,,0,0,,,
Tomave,,,[地名] 托马韦 ( 玻 ),,,,,0,0,,,
tomax,,,[网络] 图美；托马斯；汤马森,,,,,0,0,,,
tomayko,,, [人名] 托迈科,,,,,0,0,,,
tomaymycin,,,"托马霉素,富山霉素",,,,,0,0,,,
tomayto tomahto,,,[网络] 汤姆托托tomahto,,,,,0,0,,,
"tomayto, tomahto",,,[网络] 汤姆托托，托马托,,,,,0,0,,,
Tomazina,,,[地名] 托马济纳 ( 巴西 ),,,,,0,0,,,
tomazo,,,[网络] 汤姆佐,,,,,0,0,,,
Tomaž,,,[地名] 托马日 ( 斯洛文 ),,,,,0,0,,,
tomb,tu:m,n a place for the burial of a corpse (especially beneath the ground and marked by a tombstone),"n. 坟墓, 死亡\nvt. 埋葬",n:100,1,,gk cet4 cet6 ky,6130,6183,s:tombs,,
tomb - sweeping day,,,[网络] 清明节；清明扫墓节；民族扫墓节,,,,,0,0,,,
tomb bat,,,[网络] 墓槌,,,,,0,0,,,
tomb bats,,,[网络] 墓蝙蝠,,,,,0,0,,,
tomb figures,,,陶墓俑,,,,,0,0,,,
Tomb of the Unknown Soldier,,,[网络] 无名战士纪念碑；无名战士墓；无名烈士墓,,,,,0,0,,,
Tomb of the Unknowns,,,[网络] 无名战士墓；无名烈士墓；无名英雄塚,,,,,0,0,,,
Tomb Raider,,,古墓丽影（电影名）,,,,,0,0,,,
tomb stone,,,墓碑,,,,,0,0,,,
tomb sweeping,,,n. 扫墓\n[网络] 又见清明；上坟；培墓,,,,,0,0,,,
Tomb Sweeping Day,,,[网络] 清明节；清明扫墓节；民族扫墓节,,,,,0,0,,,
Tomb Sweeping Festival,,,[网络] 清明节；扫墓节；民族扫墓节,,,,,0,0,,,
tomb-bat,,,[网络] 墓槌,,,,,0,0,,,
tomb-like,,,[网络] 貌似墓陵,,,,,0,0,,,
tomb-painting,,,[网络] 坟墓壁画,,,,,0,0,s:tomb-paintings,,
tomb-paintings,,plural of tomb-painting,(tomb-painting 的复数) [网络] 坟墓壁画,,,,,0,0,0:tomb-painting/1:s,,
tomb-robbers,,,[网络] 盗墓者,,,,,0,0,0:tomb-robber/1:s,,
tomb-stone,,,[网络] 墓石；墓碑广告；墓碑镇,,,,,0,0,,,
Tomb-sweeping Day,,,清明节,,,,,0,0,,,
tomba,,, [地名] [布基纳法索] 通巴,,,,,0,0,s:tombas,,
tombac,'tɔmbæk,n an alloy of copper and zinc (and sometimes arsenic) used to imitate gold in cheap jewelry and for gilding,n. 一种铜与锌的合金(用以做廉价首饰),,,,,0,0,s:tombacs,,
Tombac alloy,,,顿巴克黄铜,,,,,0,0,,,
tombac alloys,,,铜锌合金,,,,,0,0,,,
Tombac-bakalloy,,,铜锌合金,,,,,0,0,,,
tomback,ˊtɒmbæk,,n. 一种铜与锌的合金,,,,,0,0,,,
tombacs,'tɒmbæk,,n. 顿巴黄铜；铜锌合金,,,,,0,0,0:tombac/1:s,,
Tombadonkea,,,通巴敦开,,,,,0,0,,,
"Tombador, Sa.do",,,[地名] 通巴多山 ( 巴西 ),,,,,0,0,,,
tombait,,,[网络] 墓碑,,,,,0,0,,,
tombak,,n. an alloy of copper and zinc (and sometimes arsenic) used to imitate gold in cheap jewelry and for gilding,n. 一种铜与锌的合金,,,,,0,0,s:tombaks,,
tombaks,,,n. 顿巴黄铜（一种铜与锌的合金）,,,,,0,0,0:tombak/1:s,,
tombal,,,[网络] 通巴利,,,,,0,0,,,
tombalaica,,,[网络] 墓碑,,,,,0,0,,,
tombalbaye,,,托姆巴巴耶,,,,,0,0,s:tombalbayes,,
"Tombalbaye, Francois",",tɔmbɑ:l'bɑ:je",,托姆巴巴耶(1918～1975)，非洲政治家，乍得共和国首任总统(1960～1975),,,,,0,0,,,
tombalbayes,,,托姆巴巴耶\n(tombalbaye 的复数),,,,,0,0,0:tombalbaye/1:s,,
Tombali,,,[地名] 通巴利 ( 几比 ),,,,,0,0,,,
tomball,,, [地名] [美国] 汤博尔,,,,,0,0,,,
tombalo,,,系岸沙洲；接半岛间沖积地,,,,,0,0,,,
tombar thite,,,稀土,,,,,0,0,,,
tombari,,,[网络] 墓葬,,,,,0,0,,,
tombarolo,",tɔmbә'rɔlәj",,<意>n.盗墓贼,,,,,0,0,,,
tombarthite- (y),,,硅钇石,,,,,0,0,,,
tombarthite-(Y),,,硅钇石,,,,,0,0,,,
tombas,'tuːmbəz,,-solitary confinement cells (西班牙语)坟墓--单独监禁的牢房,,,,,0,0,0:tomba/1:s,,
Tombasil,,,顿巴耐磨硅黄铜;顿巴希尔耐磨硅黄铜,,,,,0,0,,,
tombaugh,,, [人名] 汤博,,,,,0,0,s:tombaughs,,
"Tombaugh, Clyde William",'tɔmbɔ:,,汤博(1906～ ，美国天文学家),,,,,0,0,,,
tombaughs,,, [人名] 汤博\n(tombaugh 的复数),,,,,0,0,0:tombaugh/1:s,,
tombazite,,,[网络] 墓碑,,,,,0,0,,,
tombazite (gersdorffite),,,辉砷镍矿,,,,,0,0,,,
tombe,,, [地名] [苏丹] 通贝,,,,,0,0,s:tombes,,
tombeau,,,[网络] 墓；石墓；曲体,,,,,0,0,s:tombeaux,,
Tombeau B.,,,[地名] 通博湾 ( 毛里求 ),,,,,0,0,,,
tombeaux,,,坟墓，陵；葬身之地；阴森的地方；死亡,,,,,0,0,0:tombeau/1:s,,
Tombeboeuf,,,[地名] 通布伯夫 ( 法 ),,,,,0,0,,,
tombed,tuːm,imp. & p. p. of Tomb,n. 坟墓；死亡\nvt. 埋葬\nn. (Tomb)人名；(英)图姆,,,,,0,0,,,
tombee,,,[网络] 落下,,,,,0,0,,,
Tombel,,,[地名] 通贝尔 ( 喀 ),,,,,0,0,,,
tomber,,,[网络] 摔倒；坍塌,,,,,0,0,,,
tomberel,,,[网络] 墓碑,,,,,0,0,,,
Tomberg,,,[网络] 化妆师,,,,,0,0,,,
tomberlin,,,[网络] 汤柏林,,,,,0,0,,,
tombes,,, [地名] [苏丹] 通贝\n(tombe 的复数),,,,,0,0,0:tombe/1:s,,
tombestere,,,[网络] 墓碑,,,,,0,0,,,
Tombetsu-gawa,,,顿别川,,,,,0,0,,,
tombi,,,[网络] 汤姆拜,,,,,0,0,s:tombis,,
tombic,,,[网络] 墓葬,,,,,0,0,,,
Tombigbee,tɔm'biɡbi:,n. a river that rises in northeastern Mississippi and flows southward through western Alabama to join the Alabama River and form the Mobile River,n. 汤比格比河（美国河流名）,,,,,0,0,s:tombigbees,,
Tombigbee R.,,,[地名] 汤比格比河 ( 美 ),,,,,0,0,,,
Tombigbee River,,,[网络] 汤比格比河,,,,,0,0,s:tombigbee rivers,,
tombigbee rivers,,,[网络] 汤比格比河\n(tombigbee river 的复数),,,,,0,0,0:tombigbee river/1:s,,
tombigbees,tɔm'biɡbi:,,汤比格比河(美国河流，源出密西西比州东北部，东南流经亚拉巴马州，与亚拉巴马河汇合为莫比尔河),,,,,0,0,0:tombigbee/1:s,,
"Tombila, Gunung",,,[地名] 通比拉山 ( 印尼 ),,,,,0,0,,,
tombing,tuːm,p. pr. & vb. n. of Tomb,n. 坟墓；死亡\nvt. 埋葬\nn. (Tomb)人名；(英)图姆,,,,,0,0,,,
Tombini,,,[网络] 央行总裁；汤比尼；唐比尼,,,,,0,0,,,
tombis,,,[网络] 汤姆拜\n(tombi 的复数),,,,,0,0,0:tombi/1:s,,
tomble,,,[网络] 颤抖,,,,,0,0,,,
tombless,,a. Destitute of a tomb.,a. tomb的变形,,,,,0,0,,,
tomblestere (england),,,表演者(英格兰),,,,,0,0,,,
tomblet,,,[网络] 小丑,,,,,0,0,,,
tomblike,,,a. tomb的变形,,,,,0,0,,,
tomblin,,, [人名] [英格兰人姓氏] 汤布林 Thomas的昵称,,,,,0,0,,,
Tombling,,,[网络] Tom。。,,,,,0,0,,,
tombo,,, [地名] [南非共和国] 通博,,,,,0,0,,,
"Tombo, Pta.",,,[地名] 通博角 ( 阿根 ),,,,,0,0,,,
"Tombo, R.",,,[地名] 通博河 ( 秘、莫 ),,,,,0,0,,,
"Tombo, Rap.de",,,[地名] 通博急流 ( 刚(布)·刚(金) ),,,,,0,0,,,
tombola,'tɒmbәlә,n. a lottery in which tickets are drawn from a revolving drum,"n. ""翻筋斗""赌戏",,,,,25301,0,s:tombolas,,
tombolas,tɒm'bəʊlə,n. a lottery in which tickets are drawn from a revolving drum,n. （英）一种彩券\nn. (Tombola)人名；(意)通博拉,,,,,0,0,0:tombola/1:s,,
tombolo,"'tɔmbә,lәu",,"n. [地]沙颈岬,陆连岛,连岛沙洲",,,,,0,0,s:tombolos,,
tombolo cluster,,,连岛沙洲群,,,,,0,0,,,
tombolo island,,,陆连岛,,,,,0,0,,,
tombolo series,,,连岛沙洲组,,,,,0,0,,,
tombolo(land-tied island),,,陆连岛；连岛沙洲,,,,,0,0,,,
tombolos,,plural of tombolo,"(tombolo 的复数) n.[地]沙颈岬,陆连岛,连岛沙洲",,,,,0,0,0:tombolo/1:s,,
Tombos,,,[地名] 通布斯 ( 巴西 ),,,,,0,0,,,
Tombouctou,",tәjŋbu:k'tu:",,<法>=Timbuktu,,,,,0,0,s:tombouctous,,
tombouctou (timbuktu),,,通布克图(廷布克图),,,,,0,0,,,
"Tombouctou, Rég.",,,[地名] 通布图区 ( 马里 ),,,,,0,0,,,
tombouctous,",təuŋbu:k'tu:",,[法语] = Timbuktu,,,,,0,0,0:tombouctou/1:s,,
tomboy,'tɒmbɒi,n. a girl who behaves in a boyish manner,"n. 似男孩的顽皮姑娘, 假小子",n:100,,,,34191,22383,s:tomboys,,
tomboyhood,,,[网络] 小男孩,,,,,0,0,,,
tomboyish,"'tɔm,bɔiiʃ",s used of girls; wild and boisterous,"a. 顽皮的, 放肆的",j:100,,,,0,41302,,,
tomboyishly,'tɔmbɔi,,tomboyishly\nadv.\ntomboy的变形\ntomboy\n['tɔmbɔi]\nn.\n带男孩儿气的女孩，顽皮的女孩，野丫头，假小子,,,,,0,0,,,
tomboyishness,,n. masculinity in women (especially in girls and young women), [医]假男性,,,,,0,0,s:tomboyishnesses,,
tomboyishnesses,,,n. 假小子，行为似男孩的顽皮姑娘 (tomboy的变形),,,,,0,0,0:tomboyishness/1:s,,
tomboyism,,,[网络] 野丫头症；女同性恋,,,,,0,0,,,
tomboys,ˈtɔmˌbɔɪz,n. a girl who behaves in a boyish manner,"n. （喜欢玩闹的）女孩, 假小子, 男孩似的顽皮姑娘( tomboy的复数形式 )",,,,,0,0,0:tomboy/1:s,,
tombozine,'tɔmbәzi:n,,妥包嗪,,,,,0,0,,,
tombrell,,,[网络] 托姆雷尔,,,,,0,0,,,
tombros,,, [人名] 汤布罗斯,,,,,0,0,,,
tombs,tu:mz,n. a place for the burial of a corpse (especially beneath the ground and marked by a tombstone),n. 墓穴( tomb的复数形式 ); 墓葬; 墓群,,,,,0,0,0:tomb/1:s,,
tombstone,'tu:mstәun,n a stone that is used to mark a grave,"n. 墓石, 墓碑\n[经] 墓碑, 墓志铭",n:100,1,,gre,19277,13593,s:tombstones,,
tombstone ad,,,[网络] 墓碑广告,,,,,0,0,,,
tombstone advertisement,,,[经] 发行(证券)公告,,,,,0,0,,,
tombstone engineering,,,[网络] 墓碑工程,,,,,0,0,,,
tombstone in block,,,墓碑石块料,,,,,0,0,,,
tombstone in slab,,,墓碑石块料,,,,,0,0,,,
tombstoned,,,[网络] 逻辑删除；墓碑状态；墓碑化,,,,,0,0,,,
tombstoner,'tuːmstəʊn,,n.\n墓碑；墓石\n(华尔街新上市)股票发行公告，证券发行公告,,,,,0,0,,,
tombstoners,,,[网络] 墓碑,,,,,0,0,,,
tombstones,ˈtu:mˌstəʊnz,n. a stone that is used to mark a grave,n. 墓碑( tombstone的复数形式 ),,,,,0,0,0:tombstone/1:s,,
tombstoning,,,[网络] 立碑；墓碑；墓碑化,,,,,0,0,,,
tombua (porto alexandre),,,通布瓦(亚力山大港),,,,,0,0,,,
tombuoy,,,[网络] 锚标,,,,,0,0,,,
tombusviral,,,[网络] 弓形病毒,,,,,0,0,,,
Tombusviridae,,,蕃茄丛矮病毒科,,,,,0,0,,,
tombusvirus,,,n. 番茄丛矮病毒组；番茄丛束矮病毒组\n[网络] 番茄丛矮病毒属；的番茄丛矮病毒；番茄丛生矮化病毒,,,,,0,0,,,
tombusviruses,,,[网络] 番茄丛矮病毒组,,,,,0,0,,,
Tombé,,,[地名] 通贝 ( 马里 ),,,,,0,0,,,
Tombôco,,,[地名] 通博科 ( 安哥 ),,,,,0,0,,,
tomcat,'tɒmkæt,n male cat,n. 雄猫,n:100,,,,42335,27715,s:tomcats,,
tomcats,,n. male cat,"n. 雄猫, <美俚>（为了获得性满足）到处找女人鬼混的男子( tom cat的复数形式 )",,,,,0,0,0:tomcat/1:s,,
tomcatted,'tɒm.kæt,,n. 公猫；雄猫\n[网络] 服务器；应用服务器；配置,,,,,0,0,,,
tomcatting,'tɒm.kæt,,n. 公猫；雄猫\n[网络] 服务器；应用服务器；配置,,,,,0,0,,,
tomchek,,, [人名] 托姆切克,,,,,0,0,,,
tomchin,,,[网络] 汤姆,,,,,0,0,,,
tomcod,'tɒmkɒd,"n. A small edible American fish (Microgadus tomcod) of the\n   Codfish family, very abundant in autumn on the Atlantic coast of the\n   Northen United States; -- called also frostfish. See Illust. under\n   Frostfish.\nn. The kingfish. See Kingfish (a).\nn. The jack. See 2d Jack, 8. (c).",n. 大西洋小鳕,,,,,0,0,,,
tomcods,,,n. 大西洋霜鳕 (Microgadus tomcod)\n[网络] 鳕鱼；大西洋小鳕；类似鳕鱼的小鱼,,,,,0,0,,,
tomczak,,,n. (Tomczak)人名；(德)托姆恰克,,,,,0,0,,,
tomczyk,,,[网络] 汤姆齐克,,,,,0,0,,,
tome,tәum,n. a (usually) large and scholarly book,"n. 册, 卷, 大本书",n:100,1,,,18644,15196,s:tomes,,
Tome's,,,汤姆氏,,,,,0,0,,,
tome's fibers,,,汤姆氏纤维,,,,,0,0,,,
tome's granular layer,,,汤姆氏颗粒层（齿质外层）,,,,,0,0,,,
tome's process,,,汤姆氏突（齿质细胞突）,,,,,0,0,,,
tome-,,,刀,,,,,0,0,,,
"Tomea, Pulau",,,[地名] 托梅阿岛 ( 印尼 ),,,,,0,0,,,
tomebamba,,,[网络] 托米邦巴河；托梅班巴河,,,,,0,0,,,
tomei,,, [人名] 托梅,,,,,0,0,,,
tomek,,,n. (Tomek)人名；(英、罗、捷、匈)托梅克,,,,,0,0,,,
Tomelilla,,,[地名] 图默利拉 ( 瑞典 ),,,,,0,0,,,
tomelleri,,,[网络] 汤姆勒里,,,,,0,0,,,
Tomelloso,,,[地名] 托梅略索 ( 西 ),,,,,0,0,,,
tomelties,,, [人名] 塔莫尔蒂\n(tomelty 的复数),,,,,0,0,0:tomelty/1:s,,
tomelty,,, [人名] 塔莫尔蒂,,,,,0,0,s:tomelties,,
tomelukast,,,[网络] 托鲁司特；托卡司特；托美司特,,,,,0,0,,,
tomen,,,abbr. Toyo Menka Kaisha Ltd. <日本>东洋棉花公司,,,,,0,0,0:toman/1:s,,
Tomenaryk,,,[地名] 托梅纳雷克 ( 哈 ),,,,,0,0,,,
tomenin,'tәumәnin,,毛樱桃苷,,,,,0,0,,,
tomenta,tɒ'mentə,pl.  of Tomentum,"n. 绒毛, 软脑膜的毛状内层( tomentum的名词复数 ); 绒毛, 大脑绒被, 软脑膜的毛状内层",,,,,0,0,,,
tomentella,,,[网络] 毛丁香；微绒毛凤仙花；柔毛五味子,,,,,0,0,,,
tomentellate,,,被短绒毛,,,,,0,0,,,
Tomenthypnum,,,[网络] 毛青藓属,,,,,0,0,,,
tomentocurine,",tәumәn'tәukjuri:n",,绵谷树箭毒素,,,,,0,0,,,
Tomentogenin,,,"托曼托苷元,茸毛牛奶藤苷元",,,,,0,0,,,
tomentolide,,,毛红厚壳内酯,,,,,0,0,,,
tomentosa,,,[网络] 毛樱桃；毛泡桐；绒毛酢,,,,,0,0,s:tomentosas,,
tomentosas,,,[网络] 毛樱桃；毛泡桐；绒毛酢\n(tomentosa 的复数),,,,,0,0,0:tomentosa/1:s,,
tomentose,tәu'mentәus,a. covered with densely matted filaments\ns. densely covered with short matted woolly hairs,"a. 绵毛的, 绒毛的",,,,,0,0,,,
tomentose(tomentous),,,有密绒毛的，绵毛的,,,,,0,0,,,
tomentosine,,,[化] 奥索(千里光)碱,,,,,0,0,,,
tomentosum,,,[网络] 夏雪草；毛头牛蒡,,,,,0,0,,,
tomentosus,,,[网络] 绒毛大眼蟹；土蜜畸节蜱；白花地胆草,,,,,0,0,,,
tomentous,tɒ'mentəs,s densely covered with short matted woolly hairs, 被绒毛的,,,,,0,0,,,
tomentulose,tә'mentjulәus,,被微绒毛的,,,,,0,0,,,
tomentum,tәu'mentәm,n. a network of tiny blood vessels between the cerebral surface of the pia mater and the cerebral cortex,"n. 绒毛, 大脑绒被\n[医] 大脑绒被(大脑软膜和皮质的小血管网)",,,,,0,0,s:tomentums,,
tomentum cerebri,,,[网络] 百叶窗,,,,,0,0,s:tomentum cerebris,,
tomentum cerebris,,,[网络] 百叶窗\n(tomentum cerebri 的复数),,,,,0,0,0:tomentum cerebri/1:s,,
tomentums,tə'mentəm,,n. [植] 绒毛；软脑膜的毛状内层,,,,,0,0,0:tomentum/1:s,,
tomer,,,[网络] 托梅尔；托马尔；台中住宿,,,,,0,0,,,
tomera,,,[网络] 山猫,,,,,0,0,,,
tomerel,,,[网络] 汤姆雷尔,,,,,0,0,,,
tomerlin,,,[网络] 到梅林；到梅林系统；致与梅林,,,,,0,0,,,
tomers,,,[网络] 老公,,,,,0,0,,,
tomes,təumz,n. a (usually) large and scholarly book,n. 大而重的书( tome的复数形式 ),,,,,0,0,0:tome/1:s,,
Tomes granular layer,,,托姆斯颗粒层,,,,,0,0,,,
Tomes process,,,成牙本质细胞突,,,,,0,0,,,
Tomes' fiber,,,成牙本质细胞突,,,,,0,0,,,
Tomes' fibers,,,牙本质纤维,,,,,0,0,,,
Tomes' granular layer,,,[医] 托姆斯氏粒层(牙),,,,,0,0,,,
Tomes' process,,,[医] 托姆斯氏突(釉质细胞突),,,,,0,0,,,
Tomes's fibers,,,"[医] 托姆斯氏纤维, 牙质纤维",,,,,0,0,,,
Tomes's fibrils,,,"[医] 托姆斯氏纤维, 牙质纤维",,,,,0,0,,,
Tomes's layer,,,[医] 托姆斯氏粒层,,,,,0,0,,,
Tomes's processes,,,"[医] 托姆斯氏突, 釉质细胞突",,,,,0,0,,,
tomescu,,,[网络] 托梅斯库,,,,,0,0,,,
Tomeurinae,,,尖尾鳉亚科,,,,,0,0,,,
tomey,,, [人名] 托米,,,,,0,0,,,
tomfool,'tɒm'fu:l,n a person who lacks good judgment,"n. 笨伯, 傻瓜\nvi. 做出愚蠢的举动\na. 极蠢的",,,,,0,0,s:tomfools,,
tomfool's knot,,,[网络] 双环结,,,,,0,0,,,
tomfooleries,,plural of tomfoolery\nn foolish or senseless behavior,"(tomfoolery 的复数) n. 愚蠢的举动, 无聊的小玩意",,,,,0,0,0:tomfoolery/1:s,,
tomfoolery,tɒm'fu:lәri,n foolish or senseless behavior,"n. 愚蠢的举动, 无聊的小玩意",n:100,,,,42863,39091,s:tomfooleries,,
tomfoolish,'tɔm'fu:l,,tomfoolish\nadj.\ntomfool的变形\ntomfool\n['tɔm'fu:l]\nn.\n笨蛋，傻瓜\nadj.\n极傻的，笨透了的\nvi.\n干傻事,,,,,0,0,,,
tomfools,.tɒm'fuːl,,n. 傻瓜；笨蛋\n[网络] 大笨蛋；愚笨的人；托姆佛,,,,,0,0,0:tomfool/1:s,,
tomgirl,,,[网络] 假冒女孩,,,,,0,0,,,
tomgirls,,"A man or male identified individual that does not conform to heterosexual/heterosexist masculine behaviors. This person may or may not behave or dress in a way that others label as feminine, although the tomgirl may not use those labels or agree with them. A tomgirl is not ashamed of femininity and takes pride in who they are. Often times more sensitive, compassionate, and emotionally secure than other types of men.\n> Tomgirls make excellent best friends, they don't do the usual annoying things that masculine men like to do.\n",,,,,,0,0,,,
tomhan,,,[网络] 韩汤姆,,,,,0,0,,,
tomhans,,,[网络] 汉斯,,,,,0,0,,,
tomhog,,,[网络] 汤姆霍姆,,,,,0,0,,,
tomi,,,托米（人名）,,,,,0,0,,,
tomia,tɔmiә,pl.  of Tomium,(=tomium)啮缘,,,,,0,0,,,
Tomiai,,,[地名] 富合 ( 日 ),,,,,0,0,,,
tomial,,,[网络] 托马斯,,,,,0,0,,,
tomic,,,n. (Tomic)人名；(波黑)托米奇,,,,,0,0,,,
tomice,,,[地名] 托米采 ( 波 ),,,,,0,0,,,
tomich,,, [地名] [英国] 托米赫,,,,,0,0,,,
Tomichi,,,[地名] 托米奇 ( 俄 ),,,,,0,0,,,
Tomichite,,,砷钛钒石,,,,,0,0,,,
tomie,,, [地名] [日本] 富江,,,,,0,0,,,
tomies,,, [医]切开术\n(tomy 的复数),,,,,0,0,0:tomy/1:s,,
Tomigusuku,,,[地名] 丰见城 ( 日 ),,,,,0,0,,,
tomiichi,,,"富一(名,日本)",,,,,0,0,,,
tomika,,, [地名] [日本] 富加,,,,,0,0,,,
tomiko,,, [地名] [加拿大] 托米科,,,,,0,0,,,
Tomil,,,盐酸二乙异丙嗪,,,,,0,0,,,
Tomilin Glacier,,,[地名] 托米林冰川 ( 南极洲 ),,,,,0,0,,,
tomillares,tәumi'læriz,,托米里亚尔群落(西班牙百里香群落),,,,,0,0,,,
Tomilol,,,托米洛尔,,,,,0,0,,,
tomilson,,,[网络] 汤姆森,,,,,0,0,,,
tomin,,,[网络] 穆童；灭菌；画集,,,,,0,0,,,
Tomina,,,[地名] 托米纳 ( 玻 ),,,,,0,0,,,
tominaga,,,[网络] 富永；富永暦,,,,,0,0,,,
Tomingley,,,[地名] 托明格利 ( 澳 ),,,,,0,0,,,
Tomini,,,[地名] 托米尼 ( 印尼 ),,,,,0,0,,,
"Tomini, Tk.",,,[地名] 托米尼湾 ( 印尼 ),,,,,0,0,,,
Tominian,,,[地名] 托米尼扬 ( 马里 ),,,,,0,0,,,
tominorie,,,[网络] 亲爱的,,,,,0,0,,,
Tomintoul,,,[地名] 托明陶尔 ( 英 ),,,,,0,0,,,
Tominé,,,[地名] 托米内河 ( 几 ),,,,,0,0,,,
tomio,,, [人名] 托米奥,,,,,0,0,,,
tomioka,,, [地名] [日本] 富冈,,,,,0,0,s:tomiokas,,
Tomioka Tessai,,,[网络] 富冈鉄斎,,,,,0,0,,,
tomiokas,,, [地名] [日本] 富冈\n(tomioka 的复数),,,,,0,0,0:tomioka/1:s,,
Tomiporan,,,头孢布宗钠,,,,,0,0,,,
Tomiron,,,富山龙,,,,,0,0,,,
Tomisato,,,[地名] 富日 ( 日 ),,,,,0,0,,,
tomislav,,,n. (Tomislav)人名；(塞、马其)托米斯拉夫,,,,,0,0,s:tomislavs,,
Tomislavgrad,,,[地名] 托米斯拉夫格勒 ( 波黑 ),,,,,0,0,s:tomislavgrads,,
tomislavgrads,,,[地名] 托米斯拉夫格勒 ( 波黑 )\n(tomislavgrad 的复数),,,,,0,0,0:tomislavgrad/1:s,,
tomislavs,,,n. (Tomislav)人名；(塞、马其)托米斯拉夫\n(tomislav 的复数),,,,,0,0,0:tomislav/1:s,,
Tomism,'tɔmizәm,,"n. <美>(黑人对白人的)讨好态度(或行为),汤姆叔叔主义",,,,,0,0,,,
Tomistic,,,[网络] 托马斯,,,,,0,0,,,
Tomistoma,,,[网络] 切喙鳄属；马来长吻鳄属；马来长嘴鳄,,,,,0,0,s:tomistomas,,
Tomistoma schlegeli,,,[网络] 恒河鳄；马来长吻鳄；马来鳄,,,,,0,0,s:tomistoma schlegelis,,
tomistoma schlegelis,,,[网络] 恒河鳄；马来长吻鳄；马来鳄\n(tomistoma schlegeli 的复数),,,,,0,0,0:tomistoma schlegeli/1:s,,
tomistomas,,,[网络] 切喙鳄属；马来长吻鳄属；马来长嘴鳄\n(tomistoma 的复数),,,,,0,0,0:tomistoma/1:s,,
Tomiszowice,,,[地名] 托米绍维采 ( 波 ),,,,,0,0,,,
tomita,,,[网络] 富田；富田英孝；富田勳,,,,,0,0,,,
tomite,'tɔmait,,藻煤,,,,,0,0,,,
tomitogenesis,,,仔体发生,,,,,0,0,,,
Tomitsy,,,[地名] 托米齐 ( 俄 ),,,,,0,0,,,
tomium,'tәumiәm,n. The cutting edge of the bill of a bird.,n. [鸟]啮喙,,,,,0,0,,,
tomium (pl.tomia),,,嘴缘,,,,,0,0,,,
Tomiura,,,[地名] 富浦 ( 日 ),,,,,0,0,,,
Tomiyama,,,[地名] 富山 ( 日 ),,,,,0,0,,,
tomiyamichthys alleni,,,艾伦氏富山鰕虎；艾伦氏富山鰕虎鱼,,,,,0,0,,,
tomiyamichthys lanceolatus,,,梭形富山鰕虎；梭形富山鰕虎鱼；尖体梵鰕虎,,,,,0,0,,,
tomiyamichthys oni,,,奥奈氏富山鰕虎；奥奈氏富山鰕虎鱼,,,,,0,0,,,
tomiyamichthys smithi,,,史氏富山鰕虎；史氏富山鰕虎鱼；史氏角吻鰕虎,,,,,0,0,,,
Tomizawa,,,[地名] 富泽 ( 日 ),,,,,0,0,,,
tomjanovich,,,[网络] 汤姆贾诺维奇,,,,,0,0,,,
tomjohn,,,[网络] 汤姆约恩,,,,,0,0,,,
tomka,,,[网络] 泰式椰汁鸡；椰汁汤,,,,,0,0,,,
tomkat,,,[网络] 汤姆凯；汤姆凯特；汤姆小猫,,,,,0,0,,,
tomkey,,,[网络] 汤姆克,,,,,0,0,,,
tomkeys,,,[网络] 凯斯,,,,,0,0,,,
Tomkies,,"A tall young man with a rather large head of hair, associates with various types. Hangs on the fringes of many social circles, excluding, Kevs,Townies, Boy racers, janners, rewdbois / rudeboys etc etc.\r\nCould also be defined as an Afro man\n> James Tonkinson\n",,,,,,0,0,,,
tomkiewicz,,,[网络] 汤姆凯维奇,,,,,0,0,,,
tomkin,,,[网络] 统基；男性,,,,,0,0,,,
tomkins,,," [人名] [英格兰人姓氏] 汤姆金斯取自父名，来源于Tomkin,含义是“汤姆金之子”(son of Tomkin)",,,,,0,0,,,
Tomkins Cove,,,[地名] 汤姆金斯科夫 ( 美 ),,,,,0,0,,,
Tomkinson,,,[网络] 汤姆森森,,,,,0,0,s:tomkinsons,,
tomkinson ra.,,,汤母金森岭,,,,,0,0,,,
Tomkinson Ranges,,,[地名] 汤姆金森岭 ( 澳 ),,,,,0,0,,,
tomkinsons,,,[网络] 汤姆森森\n(tomkinson 的复数),,,,,0,0,0:tomkinson/1:s,,
tomkiss,,, [人名] 汤姆基斯,,,,,0,0,s:tomkisses,,
tomkisses,,, [人名] 汤姆基斯\n(tomkiss 的复数),,,,,0,0,0:tomkiss/1:s,,
tomko,,,[网络] 托姆科；汤科；汤可,,,,,0,0,,,
Tomkys,,,n.汤姆基斯,,,,,0,0,,,
Tomlin,,,汤姆林,,,,,28148,0,s:tomlins,,
tomling,,,[网络] 林同文；林健雄,,,,,0,0,,,
tomlins,,," [人名] [英格兰人姓氏] 汤姆林斯取自父名，来源于Tomlin,含义是“汤姆林之子”(son of Tom lin)",,,,,0,0,0:tomlin/1:s,,
Tomlinson,'tɔmlinsn,,汤姆林森(姓氏),,,,,16315,0,s:tomlinsons,,
"Tomlinson, Henry Major",'tɔmlinsən,,汤姆林森(1873～1958，英国小说家、散文家、记者),,,,,0,0,,,
Tomlinsonian,,,[网络] 汤姆林医生,,,,,0,0,,,
tomlinsons,,,汤姆林森(姓氏)\n(tomlinson 的复数),,,,,0,0,0:tomlinson/1:s,,
tomm,,,[网络] 汤米；心理理论机制(theory of mind mechanism)；汤姆,,,,,0,0,,,
Tomma,,,[地名] 托马岛 ( 挪 ),,,,,0,0,,,
Tommaselli's disease,,,[医] 托马塞利氏病(过量奎宁引起发热及血尿),,,,,0,0,,,
Tommaselli's syndrome,,,[医] 托马塞利氏综合征(过量奎宁引起发热及血尿),,,,,0,0,,,
tommasello,,,[网络] 托马塞洛,,,,,0,0,,,
tommasi leadrefining process,,,托马西炼铅法,,,,,0,0,,,
Tommasi's sign,,,[医] 托马西氏征(痛风素质的一种体征),,,,,0,0,,,
tommasini,,,[网络] 托马西尼,,,,,0,0,,,
Tommaso,,,n. (Tommaso)人名；(法、意)托马索,,,,,30637,0,s:tommasoes,,
tommasoes,,,n. (Tommaso)人名；(法、意)托马索\n(tommaso 的复数),,,,,0,0,0:tommaso/1:s,,
tommasso,,,[网络] tommaso,,,,,0,0,,,
tomme,,,[网络] 多姆；多姆奶酪；托姆,,,,,0,0,,,
tommed,tɒm,,n. 任何人；雄性动物（尤指雄猫）,,,,,0,0,,,
tommee,,,[网络] 汤美；英国汤美天地；汤美安抚奶嘴,,,,,0,0,s:tommees,,
tommees,,,[网络] 汤美；英国汤美天地；汤美安抚奶嘴\n(tommee 的复数),,,,,0,0,0:tommee/1:s,,
Tommerup,,,[地名] 措默鲁普 ( 丹 ),,,,,0,0,,,
Tommerup Stationsby,,,[地名] 措默鲁普站 ( 丹 ),,,,,0,0,,,
tommi,,,[网络] 汤米；托米；艾荣恩,,,,,0,0,,,
tommie,,, [男子名] 汤米 Thomas的昵称,,,,,0,0,s:tommies,,
tommier,,,"n. 配给面包, 实物工资制\n[经] 实物工资制\n(tommy 的比较级)",,,,,0,0,,,
tommies,,"plural of tommy\nn. Bread, -- generally a penny roll; the supply of food carried\n   by workmen as their daily allowance.\nn. A truck, or barter; the exchange of labor for goods, not\n   money.","(tommy 的复数) n. 配给面包, 实物工资制\n[经] 实物工资制",,,,,0,0,0:tommy/1:s,,
tommiest,,,"n. 配给面包, 实物工资制\n[经] 实物工资制\n(tommy 的最高级)",,,,,0,0,,,
tomming,,,n. 汤姆；雄性动物；(特指)雄猫；Thomas 的爱称\nv. 〈美口〉(像汤姆叔一样)逆来顺受\n[网络] 撑货,,,,,0,0,,,
tomming down,,,[网络] 固撑作业；撑货,,,,,0,0,,,
Tommis,,,[网络] 汤米斯,,,,,0,0,,,
Tommo,,,[网络] 小托；阿汤,,,,,0,0,s:tommoes,,
tommoes,,,[网络] 小托；阿汤\n(tommo 的复数),,,,,0,0,0:tommo/1:s,,
tommorow,,,[网络] 明天,,,,,0,0,s:tommorows,,
tommorows,,,[网络] 明天\n(tommorow 的复数),,,,,0,0,0:tommorow/1:s,,
tommorrow,,,[网络] 莫罗神父,,,,,0,0,s:tommorrows,,
tommorrows,,plural of tommorrow,(tommorrow 的复数) [网络] 莫罗神父,,,,,0,0,0:tommorrow/1:s,,
Tommot,,,[地名] 托莫特 ( 俄 ),,,,,0,0,,,
tommotian,,,[网络] 寒武纪最早期；石岩头段,,,,,0,0,,,
Tommotian Age,,,托莫特期,,,,,0,0,,,
Tommotian Stage,,,托莫特阶,,,,,0,0,,,
tommotiid,,,[网络] 托莫特壳类,,,,,0,0,s:tommotiids,,
tommotiids,,,[网络] 托莫特类；托莫特壳类,,,,,0,0,0:tommotiid/1:s,,
Tommotskaya Gryada,,,[地名] 托莫特垄岗 ( 俄 ),,,,,0,0,,,
tomms,,,[网络] 桶,,,,,0,0,,,
tommy,'tɒmi,"n. Bread, -- generally a penny roll; the supply of food carried\n   by workmen as their daily allowance.\nn. A truck, or barter; the exchange of labor for goods, not\n   money.","n. 配给面包, 实物工资制\n[经] 实物工资制",j:100,,,,5145,40514,s:tommies,,
Tommy and Jimmy Dorsey,,,[网络] 朵西兄弟,,,,,0,0,,,
Tommy Atkins,,,[单数复数同]；[口语]英国兵,,,,,0,0,,,
tommy bar,,,"[机] 贯头螺旋手把, 簪形扳手",,,,,0,0,,,
tommy bar nut,,,带孔螺母,,,,,0,0,,,
tommy boy,,, [电影]乌龙兄弟,,,,,0,0,,,
tommy cooker,,,na. 轻便火油灯\n[网络] 轻便火油炉,,,,,0,0,,,
Tommy Cooper,,,[网络] 汤米·库珀,,,,,0,0,,,
tommy gun,'tɔmi^ʌn,,"n. <口>汤姆枪,冲锋枪",,,,,0,0,s:tommy guns,,
Tommy guns,,,na. 〈美口〉冲锋枪\n[网络] 汤普森冲锋枪,,,,,0,0,0:tommy gun/1:s,,
tommy hilfiger,,,n. 汤米·希尔费格，美国服装品牌,,,,,0,0,,,
Tommy John surgeries,,"When a woman over 35 gets breast enhancement surgery. Like an aging pitcher, she's looking to get back the 'mound presence' she had as a younger woman.\n> When Janette realized she still hadn't yoked a man with the one ring of doom, and the big 3-5 was right around the corner, she booked herself an appointment for Tommy John Surgery.\n> Demi Moore defies aging by working out like a champ, and still hasn't needed Tommy John Surgery\n",,,,,,0,0,,,
Tommy John surgery,,,[网络] 手术；韧带移植手术；尺骨附属韧带重建术,,,,,0,0,,,
tommy lee jones,,, [人名]汤米李琼斯,,,,,0,0,,,
tommy logge,,,[网络] 恶魔登山,,,,,0,0,,,
tommy logges,,,[网络] y y。,,,,,0,0,,,
tommy rot,,,"废话, 荒唐",,,,,0,0,,,
tommy ruff,,,[网络] 鲱鱼,,,,,0,0,,,
tommy screw,,,"虎钳丝杠,贯头螺丝",,,,,0,0,,,
tommy shop,,,[经] 用实物发工资的商店,,,,,0,0,,,
Tommy Tucker,,,[网络] 汤米·塔克；托米塔可,,,,,0,0,,,
tommy wrench,,,[机] 贯头螺旋板钳,,,,,0,0,,,
tommy-gun,'tɒmi:ɡ'ʌn,,n. 手提轻机枪,,,,,0,0,s:tommy-guns,,
Tommy-gunned,,,vt. Tommy-gun的变形,,,,,0,0,,,
tommy-gunner,"'tɔmi:,ɡʌnə",,n. 汤姆生冲锋枪射手[亦作 tommy-gunner],,,,,0,0,,,
Tommy-gunning,,,vt. Tommy-gun的变形,,,,,0,0,,,
tommy-guns,,plural of tommy-gun,(tommy-gun 的复数) n. 手提轻机枪,,,,,0,0,0:tommy-gun/1:s,,
tommy-rot,ˈtɔmi:ˌrɔt,,n. 〈口〉荒唐的话；废话,,,,,0,0,,,
tommy-shop,'tɔmiʃɔp,,n. 凭证换物商店,,,,,0,0,,,
tommyaxe,"'tɔme,æks",,[澳大利亚、新西兰英语]短柄小斧,,,,,0,0,,,
tommycod,"'tɔmi,kɔd",,n. = tomcod,,,,,0,0,,,
Tommygoff,,,跳跃洞蛇,,,,,0,0,,,
tommyknocker,,"tommyknocker (plural tommyknockers)\n(folklore) A mythical creature, like a brownie or leprechaun, believed to live in underground tunnels; later associated with dead miners.\n",,,,,,0,0,,,
tommyknockers,,,[网络] 燃烧森林,,,,,0,0,,,
tommyrot,'tɒmirɒt,n pretentious or silly talk or writing,"n. 胡说, 废话, 荒唐事",,,,,0,0,s:tommyrots,,
tommyrots,'tɒmɪrɒt,,n. 胡说；荒唐事；无聊,,,,,0,0,0:tommyrot/1:s,,
tommys,,,[网络] 汤米酒店,,,,,0,0,,,
tomnahurich ghost dance (scotland),,,唐纳瑞克鬼舞(苏格兰),,,,,0,0,,,
Tomnavoulin,,,[地名] 汤姆纳武林 ( 英 ),,,,,0,0,,,
tomnext,,,翌日与隔日对做,,,,,0,0,,,
tomnoddies,"'tɔm,nɔdi",,n. 笨人,,,,,0,0,,,
tomnoddy,'tɒm.nɒdi,"n. A sea bird, the puffin.\nn. A fool; a dunce; a noddy.",n. 笨人,,,,,0,0,,,
Tomnolen,,,[地名] 汤姆诺伦 ( 美 ),,,,,0,0,,,
tomny,,,[网络] 汤尼,,,,,0,0,,,
tomo,'tәjmәj,,"n. <新西兰>(石灰岩地体上的)灰岩坑,灰岩洞",,,,,0,0,s:tomoes,,
tomo seiscrop section,,,相位水平切面，相位水平切片,,,,,0,0,,,
"Tomo, R.",,,[地名] 托莫河 ( 哥伦 ),,,,,0,0,,,
tomo-,,,[网络] 托莫；友；螺旋断层放射治疗系统,,,,,0,0,,,
tomoarthrogram,,,关节造影体层片,,,,,0,0,,,
tomoarthrography,,,关节造影体层摄影,,,,,0,0,,,
Tomobe,,,[地名] 友部 ( 日 ),,,,,0,0,,,
tomocamera,,,断层照相机,,,,,0,0,,,
Tomocat,,,1.5%硫酸钡液,,,,,0,0,,,
Tomochi,,,砥用,,,,,0,0,,,
tomochichi,,,[网络] 断层,,,,,0,0,,,
tomocystogram,,,膀胱体层摄影片,,,,,0,0,,,
tomocystography,,,膀胱体层摄影,,,,,0,0,,,
tomoda,,,[网络] 友田,,,,,0,0,,,
tomodensitometric(al)evaluation,,,体层密度值测量,,,,,0,0,,,
tomodensitometry,təmɒden'sɪtəmɪtrɪ,,[医]体层密度测量法,,,,,0,0,,,
tomodromic course,,,拦截航线,,,,,0,0,,,
tomoe,'tɔmәu,,钓饵,,,,,0,0,,,
tomoe-nage,,,[网络] 巴投,,,,,0,0,,,
tomoechography,,,切面回声描记术,,,,,0,0,,,
tomoeohography,,,断层超声扫描图,,,,,0,0,,,
tomoes,'təuməu,,n. （新西兰）灰岩洞\nn. (Tomo)人名；(塞、捷、加蓬、意)托莫,,,,,0,0,0:tomo/1:s,,
tomog,,,"[=tomography]体层摄影术,断层摄影术",,,,,0,0,,,
tomoglumide,,,托莫鲁胺,,,,,0,0,,,
tomogram,'tәumәgræm,,"n. X线断层照片\n[医] X线体层照片, X线断层照片",,,,,0,0,s:tomograms,,
tomograms,,plural of tomogram,"(tomogram 的复数) n. X线断层照片\n[医] X线体层照片, X线断层照片",,,,,0,0,0:tomogram/1:s,,
tomograph,'tәumәgrɑ:f,n. X-ray machine in which a computer builds a detailed image of a particular plane through an object from multiple X-ray measurements,"n. X光断层摄影装置\n[医] X线体层照相机, X线断层照相机",,,,,0,0,s:tomographs,,
tomographer,'toməɡræf,,n.\n【医学】\nX线体层(或断层)照相机\n断面绘图仪\n=tomogram,,,,,0,0,,,
tomographers,,,[网络] 断层摄影师,,,,,0,0,,,
tomographic,",təumə'ɡræfik",, [医]DSA体层摄影数字减影血管造影（术）,j:100,,,,0,41718,,,
tomographic computerized,,,电脑断层人体扫瞄,,,,,0,0,,,
tomographic image,,,层析成像影像,,,,,0,0,,,
tomographic scanner,,,层析X射线扫描器,,,,,0,0,,,
tomographic scanner X,,,线断层扫描器,,,,,0,0,,,
tomographical,,,[网络] 地形学,,,,,0,0,,,
tomographically,",təumə'ɡræfikəli",,adv.\ntomograph的变形\ntomograph\n['təuməɡrɑ:f; -ɡræf]\nn.\n【医学】\nX线体层(或断层)照相机\n断面绘图仪\n=tomogram,,,,,0,0,,,
tomographies,tə'mɒgrəfɪ,,n. X线断层摄影术（等于laminography）,,,,,0,0,0:tomography/1:s,,
tomographs,'toməɡræf,,n. 断层X光摄影装置,,,,,0,0,0:tomograph/1:s,,
tomography,tә'mɒgrәfi,n (medicine) obtaining pictures of the interior of the body,"n. X线断层摄影术\n[医] X线体层照相术, X线断层照相术",n:100,,,,28744,17767,s:tomographies,,
tomograpy,,,X线断层摄影机,,,,,0,0,,,
tomohiro,,,[网络] 萤火虫,,,,,0,0,,,
tomohito,,,[网络] 宽仁；明仁天皇的堂弟友仁,,,,,0,0,,,
Tomohon,,,[地名] 托莫洪 ( 印尼 ),,,,,0,0,,,
tomoka,,,[网络] 樱井；朝香；智香,,,,,0,0,,,
tomoko,,,n. 【女名】女子名\n[网络] 友子；智子；子老师,,,,,0,0,,,
tomomania,,,[医] 手术癖,,,,,0,0,,,
tomometer,,,血气分压平衡器,,,,,0,0,,,
tomomi,,,[网络] 知美；朋美；河西智美,,,,,0,0,,,
Tomonaga,",tɔmɔ'nɑ:^ɑ:",,"朝永振一郎(Shinichiro, 1906-1979, 日本理论物理学家, 曾获1965年诺贝尔物理学奖)",,,,,0,0,,,
"Tomonaga,Shin'ichiro",",tɔ:mɔ:'nɑ:ɡɑ:'ʃi:ni:tʃi:'rɔ:",,朝永振一郎(1906～1979，日本物理学家，与他人共获1965年诺贝尔物理学奖),,,,,0,0,,,
Tomonaga-Schwin ger's equation,,,朝永-施温格尔方程,,,,,0,0,,,
Tomonaga-Schwinger's equation,,,[高能] 朝永－施温格尔方程,,,,,0,0,,,
tomonori,,,n. (Tomonori)人名；(日)友则 (姓),,,,,0,0,,,
tomont,,,分裂前体,,,,,0,0,,,
tomopaguroides valdividae,,,小眼似片寄居蟹,,,,,0,0,,,
tomopenem,,,[网络] 头茂培南；托莫培南,,,,,0,0,,,
tomophagus colossus,,,松芝,,,,,0,0,,,
tomophobia,,,[网络] 手术恐惧症,,,,,0,0,,,
tomophotography,,,层析X射线影屏照相术,,,,,0,0,,,
tomopleura nivea,,,淡彩卷管螺,,,,,0,0,,,
tomopleura pouloensis,,,保罗尖肋螺,,,,,0,0,,,
tomopneumography,,,体层气造影,,,,,0,0,,,
Tomopteridae,,,玻璃虫科,,,,,0,0,,,
tomor,,,[网络] 托莫尔；图穆尔,,,,,0,0,s:tomors,,
tomor-row,tə'mɒrəʊ,,n. 明天；未来\nadv. 明天；未来地（等于to-morrow）,,,,,0,0,,,
tomori,,,[网络] 特默里,,,,,0,0,,,
"Tomori, Tk.",,,[地名] 托莫里湾 ( 印尼 ),,,,,0,0,,,
Tomorin,'tɔmәrin,,氯杀鼠灵,,,,,0,0,,,
tomorn,,,[网络] 破旧的,,,,,0,0,s:tomorns,,
tomorning,,"Noun. Shortened version of ""tomorrow morning,"" but its use is also similar to that of [tonight]. Can also be used in the sense of ""this morning,"" although such use is less common.\r\n\n> Anytime the day before, from after noon until midnight (or later, depending on location and preference), you may say, ""What are you doing tomorning?"" --What are you doing tomorrow morning?-- or ""Hey, can I catch a ride to work with you tomorning?"" --Hey, can I catch a ride to work with you tomorrow morning?--\n> During the [wee hours] of the morning, you can say, ""I am going to school tomorning."" --I am going to school (later) this morning.-- However, this is not a commonly used form of the word.\n",,,,,,0,0,,,
tomorns,,,[网络] 破旧的\n(tomorn 的复数),,,,,0,0,0:tomorn/1:s,,
tomorra,,,[网络] 托莫拉,,,,,0,0,s:tomorras,,
tomorrah,,,[网络] 托莫拉,,,,,0,0,,,
tomorras,,,[网络] 托莫拉\n(tomorra 的复数),,,,,0,0,0:tomorra/1:s,,
tomorrer,tә'mɔrә(r),,adv. <方><俚>=tomorrow,,,,,0,0,s:tomorrers,,
tomorrers,tə'mɔrə,,adv. [俚语、方言] = tomorrow,,,,,0,0,0:tomorrer/1:s,,
"Tomorrit, Maja e",,,[地名] 托莫里山 ( 阿尔巴 ),,,,,0,0,,,
tomorro,,,[网络] 托莫罗,,,,,0,0,,,
tomorrow,tә'mɒ:rәu,"n. the day after today\nn. the near future\nr. the next day, the day after, following the present day","n. 明天, 未来\nadv. 明天, 未来地",r:99/n:1,4,1,zk gk,1075,1334,s:tomorrows,,
tomorrow afternoon,,,明天下午,,,,,0,0,,,
Tomorrow come never.,,,[谚语]；明日复明日，明日何其多；切莫依赖明天。；永远不会有那一天;驴(或猴)年马月。[亦作 Tomorrow never comes.],,,,,0,0,,,
tomorrow evening,,,明天晚上,,,,,0,0,,,
Tomorrow is a new day.,,,[谚语]明天还有指望，明天还来得及，明天再说。[亦作 Tomorrow is another day.],,,,,0,0,,,
tomorrow is another day,,,(对失望的安慰)明天还来得及,,,,,0,0,,,
tomorrow morning,,,明天早上,,,,,0,0,,,
Tomorrow never comes,,,切莫依赖明天,,,,,0,0,,,
Tomorrow never comes.,,,st. 切莫依赖明天.,,,,,0,0,,,
tomorrow never dies,,, 明日帝国,,,,,0,0,,,
tomorrow next,,,明日次日，从明日到接下去一个营业日,,,,,0,0,,,
tomorrow night,,,明天晚上,,,,,0,0,,,
tomorrow nights,,,明天晚上,,,,,0,0,,,
tomorrow week,,,"从明天算起的一星期后那一天, 上星期的明天, 下星期的明天",,,,,0,0,,,
tomorrow will be better,,,[网络] 明天会更好；播放明天会更好；明天会更美好,,,,,0,0,,,
Tomorrow's another day,,,[网络] 人生如是；明天有明天的事；明天又是新的一天,,,,,0,0,,,
tomorrower,tә'mɒrәuә,,n. 做事拖延的人,,,,,0,0,,,
tomorrowland,,,[网络] 明日世界；未来世界；明日乐园,,,,,0,0,,,
tomorrowless,,,[网络] 无节制,,,,,0,0,,,
tomorrows,,n. the day after today\nn. the near future,"n. 明天( tomorrow的复数形式 ); 将来, 未来",,,,,0,0,0:tomorrow/1:s,,
tomors,,,[网络] 托莫尔；图穆尔\n(tomor 的复数),,,,,0,0,0:tomor/1:s,,
tomos,,,[网络] 托莫斯；移液器；美国托莫斯,,,,,0,0,,,
"Tomosa, Pico",,,[地名] 托莫萨峰 ( 玻 ),,,,,0,0,,,
tomosar,,,为胡桃霉素类,,,,,0,0,,,
tomoscan,"'tәumә,skæn",,断层扫描图谱,,,,,0,0,s:tomoscans,,
tomoscanner,,,断层扫描仪,,,,,0,0,,,
tomoscans,,,断层扫描图谱\n(tomoscan 的复数),,,,,0,0,0:tomoscan/1:s,,
tomoscintigraphy,,,"体层闪烁摄影术,断层闪烁摄影术",,,,,0,0,,,
tomoscopy,,,体层透视术,,,,,0,0,,,
tomosis,tә'mәusis,,棉花破叶病,,,,,0,0,,,
Tomosite,,,(1)角锰矿 (2)不纯蔷薇辉石,,,,,0,0,,,
Tomoson,,,一种有ABM型的超声诊断仪,,,,,0,0,,,
tomosonograph,,,超声切面显像仪,,,,,0,0,,,
tomosonography,,,超声切面成像,,,,,0,0,,,
tomostethus formosanus,,,长脉叶蜂,,,,,0,0,,,
tomostethus katonis,,,加藤长脉叶蜂,,,,,0,0,,,
tomostethus lividus,,,蓝长脉叶蜂,,,,,0,0,,,
tomostethus sauteri,,,邵氏长脉叶蜂,,,,,0,0,,,
tomosvaryella aeneiventris,,,铜腹头蝇,,,,,0,0,,,
tomosvaryella coquilletti,,,柯氏头蝇,,,,,0,0,,,
tomosvaryella epichalca,,,美丽头蝇,,,,,0,0,,,
tomosvaryella oryzaetora,,,叶蝉头蝇,,,,,0,0,,,
tomosvaryella pernitida,,,圆山头蝇,,,,,0,0,,,
tomosvaryella spiculata,,,锋芒头蝇,,,,,0,0,,,
tomosvaryella subvirescens,,,美洲头蝇,,,,,0,0,,,
tomosvaryella sylvatica,,,欧洲头蝇,,,,,0,0,,,
tomosyntheses,,,[网络] 断层合成,,,,,0,0,,,
tomosynthesis,tәmәu'sinθisis,,层析 X 射线照相组合,,,,,0,0,,,
tomosynthetic,,,[网络] 断层合成,,,,,0,0,,,
tomotherapy,,, 螺旋断层放疗,,,,,0,0,,,
Tomoti,,,[地名] 砥用 ( 日 ),,,,,0,0,,,
tomoto,,,n. (Tomoto)人名；(日)户本 (姓)\n特摩特（品牌服务机构）,,,,,0,0,s:tomotoes,,
tomotocia,,,[医] 剖腹产术,,,,,0,0,,,
tomotoes,,,n. (Tomoto)人名；(日)户本 (姓)\n特摩特（品牌服务机构）\n(tomoto 的复数),,,,,0,0,0:tomoto/1:s,,
tomov,,,[网络] 番茄斑点病毒,,,,,0,0,,,
tomowa-sintow,,,[网络] 辛托芙,,,,,0,0,,,
Tomoxetine,,,托莫西汀,,,,,0,0,,,
tomoxiprole,,,[网络] 托莫普罗,,,,,0,0,,,
tomoya,,,n. (Tomoya)人名；(日)伴家 (姓),,,,,0,0,,,
Tomoyoshi,,,友义,,,,,0,0,,,
tomoyuki,,,[网络] 智之；友幸；咎狗之血,,,,,0,0,,,
tomoz,,,[网络] 断层,,,,,0,0,,,
tomp,,,[网络] 枯坐,,,,,0,0,,,
Tompa,,,[地名] 通保 ( 匈 ),,,,,0,0,s:tompas,,
tompac,tɒm'pæk,,n. 顿巴黄铜,,,,,0,0,,,
tompang,,,[网络] 庞韬；彭道文,,,,,0,0,,,
tompas,,,[地名] 通保 ( 匈 )\n(tompa 的复数),,,,,0,0,0:tompa/1:s,,
tompeon,,,[网络] 汤姆彭,,,,,0,0,,,
tompion,'tɔmpiәn,n plug for the muzzle of a gun to keep out dust and moisture,"n. 木塞, 炮栓",,,,,0,0,s:tompions,,
tompions,'tɒmpɪən,,n. 炮栓；木塞,,,,,0,0,0:tompion/1:s,,
tompkin,,,[网络] 唐肯,,,,,0,0,,,
Tompkins,'tɔmpkinz,,汤普金斯(姓氏),,,,,43706,0,,,
Tompkins Center,,,[地名] 汤普金斯森特 ( 美 ),,,,,0,0,,,
Tompkins County,,,[地名] 汤普金斯县 ( 美 ),,,,,0,0,,,
Tompkins king,,,伏金星(苹果品种名),,,,,0,0,,,
"Tompkins, Daniel D.",'tɔmpkinz,,汤普金斯(1774～1825)，美国政治家、律师，美国副总统(1817～1825),,,,,0,0,,,
tompkinses,,,[网络] 卷边,,,,,0,0,,,
tompkinson,,, [人名] 汤普金森,,,,,0,0,,,
tompkinsville,,, [地名] [美国] 汤普金斯维尔,,,,,0,0,,,
Tompo,,,[地名] 通波河 ( 俄 ),,,,,0,0,,,
tompoming,,,搓涂,,,,,0,0,,,
tompon,,,[网络] 卫生棉条,,,,,0,0,,,
Tomponskiy Rayon,,,[地名] 通波区 ( 俄 ),,,,,0,0,,,
tompot,'tɔmpɔt,,英鲥,,,,,0,0,s:tompots,,
tompot blennies,,,[网络] 痛苦百合,,,,,0,0,,,
tompot blenny,,,[网络] 浅红副鳚,,,,,0,0,,,
tompots,,,英鲥\n(tompot 的复数),,,,,0,0,0:tompot/1:s,,
tompsett,,, [人名] 汤普西特,,,,,0,0,,,
Tompson,,,[网络] 汤普森集团；汤姆逊；系统分析与设计,,,,,0,0,s:tompsons,,
tompsons,,,n. (Tompson)人名；(英)汤普森,,,,,0,0,0:tompson/1:s,,
Tomptokan,,,[地名] 通普托坎 ( 俄 ),,,,,0,0,,,
tomrig,,,[网络] 汤姆里格,,,,,0,0,,,
toms,,n (ethnic slur) offensive and derogatory name for a Black man who is abjectly servile and deferential to Whites\nn male cat\nn male turkey,abbr. 臭氧总量绘图系统（Total Ozone Mapping Spectrometer）,,,,,0,0,0:tom/1:s,,
Toms R.,,,[地名] 汤姆斯河 ( 美 ),,,,,0,0,,,
Toms River,,,[地名] 汤姆斯里弗 ( 美 ),,,,,0,0,,,
Tomsa,,,[地名] 托姆萨 ( 埃塞 ),,,,,0,0,,,
tomsen,,, [人名] 汤姆森,,,,,0,0,,,
tomset,,,[网络] 托姆塞特,,,,,0,0,,,
Tomsett,,,[网络] 唐瑟,,,,,0,0,,,
Tomsk,tɔmsk,,托木斯克[西西伯利亚东南部城市],,,,,0,0,,,
tomskaya oblast,,,托木斯克州,,,,,0,0,,,
Tomskaya Oblast',,,[地名] 托木斯克州 ( 俄 ),,,,,0,0,,,
Tomskoye,,,[地名] 托木斯科耶 ( 俄 ),,,,,0,0,,,
tomsky,,,[网络] 汤姆斯基；托姆斯基,,,,,0,0,,,
tomson,,, [人名] 汤姆森,,,,,0,0,,,
Tomson type,,,[网络] 汤姆森方式,,,,,0,0,,,
tomsovic,,, [人名] 托姆索维奇,,,,,0,0,,,
TOMSS,,,[=Theater of Operations Medical Support System]战区卫生支援系统,,,,,0,0,,,
Tomtabacken,,,[地名] 托姆塔山 ( 瑞典 ),,,,,0,0,,,
tomtate,,, [医]金线仿石鲈,,,,,0,0,s:tomtates,,
tomtates,,,[网络] 老师,,,,,0,0,0:tomtate/1:s,,
tomter,,,[网络] 挪威；特尔,,,,,0,0,,,
tomtit,'tɒm'tit,n widely distributed European titmouse with bright cobalt blue wings and tail and crown of the head,n. 大山雀,,,,,0,0,s:tomtits,,
tomtits,,,n. 〈英〉【鸟】山雀科小鸟；青山雀\n[网络] 山雀类；大山雀,,,,,0,0,0:tomtit/1:s,,
tomtom,,,n. (印度等地用手拍击的)长筒鼓(鼓声)；锣\nv. 拍击长筒鼓\n[网络] 汤姆汤姆；通腾；导航,,,,,0,0,,,
tomtoms,,,[网络] 手鼓；筒鼓；通通鼓,,,,,0,0,,,
Tomtor,,,[地名] 托姆托尔 ( 俄 ),,,,,0,0,,,
Tomu,,,[地名] 托穆河 ( 巴布 ),,,,,0,0,,,
Tomudex,,,拓优得,,,,,0,0,,,
tomur,,,[网络] 铁木尔,,,,,0,0,s:tomurs,,
tomurs,,,[网络] 铁木尔\n(tomur 的复数),,,,,0,0,0:tomur/1:s,,
tomus,,,[网络] 文卷,,,,,0,0,,,
Tomuzlovka,,,[地名] 托穆兹洛夫卡河 ( 俄 ),,,,,0,0,,,
TOMV,,,[=tomato masaic virus]番茄花叶病毒,,,,,0,0,,,
tomw,,,[网络] 无尾熊；御风,,,,,0,0,,,
tomy,tə'mɪ,, [医]切开术,,,,,0,0,s:tomies,,
tomzik,,,[网络] 汤姆齐克,,,,,0,0,,,
Tomé,,,[地名] 托梅 ( 智 ),,,,,0,0,,,
"Tomé, Pico de",,,[地名] 多美峰 ( 圣多 ),,,,,0,0,,,
Tométikondji,,,[地名] 托梅蒂孔吉 ( 多哥 ),,,,,0,0,,,
Tomóchic,,,[地名] 托莫奇克 ( 墨 ),,,,,0,0,,,
ton,tʌn,n a United States unit of weight equivalent to 2000 pounds\nn a British unit of weight equivalent to 2240 pounds,n. 吨\n[经] 吨,,3,1,zk gk cet4 cet6 ky,3936,0,s:tons/r:tonner/t:tonnest,,
TON (total oxidized nitrogen),,,氧化氮,,,,,0,0,,,
ton available,,,有效吨,,,,,0,0,,,
ton burden,,,负载吨,,,,,0,0,,,
ton by ton delivered,,, 按吨交货,,,,,0,0,,,
ton clip,,,鞋头夹套,,,,,0,0,,,
ton coal equivalent,,,吨煤当量,,,,,0,0,,,
ton dead weight,,,英吨静重,,,,,0,0,,,
Ton Duc Thang,,,[网络] 孙德胜；孙得胜；孙德胜大道,,,,,0,0,,,
ton etch,,,烟刻纹病,,,,,0,0,,,
ton force,,,un. 吨\n[网络] 吨力,,,,,0,0,,,
ton measurement,,,[经] 丈量吨,,,,,0,0,,,
ton mile,,,吨英里,,,,,0,0,,,
ton miles,,,[网络] 吨海里；吨英里,,,,,0,0,,,
ton of,,,"大量,许多",,,,,0,0,,,
ton of coal equivalent,,,煤当量吨,,,,,0,0,,,
ton of refrigeration,,,冷冻吨;冷吨,,,,,0,0,,,
ton registered,,,[网络] 登记吨,,,,,0,0,,,
ton up,,,[网络] 风驰电掣,,,,,0,0,,,
ton(s) per hour,,,小时吨数，吨／时,,,,,0,0,,,
ton(t),,,吨{英制单位，等于907.18公斤},,,,,0,0,,,
ton-,,,"紧张,张力,强直",,,,,0,0,,,
ton-and-a-half,,,[网络] 读作,,,,,0,0,,,
ton-force,,,英吨力,,,,,0,0,,,
ton-force foot,,,英吨力呎,,,,,0,0,,,
ton-kilometer,,,吨公里,,,,,0,0,,,
ton-kilometers,,,吨公里,,,,,0,0,,,
ton-KMS,,,延吨公里,,,,,0,0,,,
ton-mile,'tʌnmail,,n. 吨英里,,,,,0,0,s:ton-miles,,
ton-mile rate,,,un. 吨英里数定额\n[网络] 英吨-英里定额,,,,,0,0,,,
ton-mileage,,,n. ton mile的变形,,,,,0,0,,,
ton-miles,,plural of ton-mile,(ton-mile 的复数) n. 吨英里,,,,,0,0,0:ton-mile/1:s,,
ton-up,,,[网络] 风驰电掣,,,,,0,0,s:ton-ups,,
ton-up boy,,,[网络] 升高的男孩,,,,,0,0,,,
ton-ups,,,风驰电掣的,,,,,0,0,0:ton-up/1:s,,
ton-weight,,,英吨重,,,,,0,0,,,
tona,,, [地名] [布基纳法索、哥伦比亚、西班牙] 托纳,,,,,0,0,,,
tonabersat,,,托那博沙,,,,,0,0,,,
Tonac,,,abbr. Technical Order Notification and Completion System 技术指令通知和执行系统,,,,,0,0,,,
tonacle,,,[网络] 墨粉,,,,,0,0,,,
Tonada,,,多纳达舞曲,,,,,0,0,,,
tonadilla,,,[网络] 托纳迪亚歌谣；托纳迪利亚歌谣；托纳迪拉,,,,,0,0,,,
tonae (donae),,,岛内,,,,,0,0,,,
tonage,,,"n. 船舶的吨位,排水量",,,,,0,0,,,
Tonaki,,,[地名] 渡名喜 ( 日 ),,,,,0,0,,,
Tonaki-jima,,,[地名] 渡名喜岛 ( 日 ),,,,,0,0,,,
tonal,'tәunl,a. having tonality; i.e. tones and chords organized in relation to one tone such as a keynote or tonic,"a. 音调的, 色调的",j:100,,,,17047,15307,,,
tonal anomaly,,,色调异常,,,,,0,0,,,
tonal answer,,,主调答句,,,,,0,0,,,
tonal boundary,,,(航测地形的)色调界限,,,,,0,0,,,
tonal brightness,,,色调亮度,,,,,0,0,,,
tonal center,,,[网络] 调；音调中心；调性中心,,,,,0,0,,,
tonal centers,,,主音\n主调,,,,,0,0,,,
tonal component,,,音调分量,,,,,0,0,,,
tonal content,,,色调含量,,,,,0,0,,,
tonal contrast,,,色调对比,,,,,0,0,,,
tonal density,,,色调密度,,,,,0,0,,,
tonal difference,,,色调差,,,,,0,0,,,
tonal discrimination,,,[医] 音辨别,,,,,0,0,,,
tonal distortion,,,"色调失真,灰度畸变",,,,,0,0,,,
tonal fugue,,,主调复格,,,,,0,0,,,
tonal fusion,,,音融合,,,,,0,0,,,
tonal gap,,,音隙,,,,,0,0,,,
tonal gradation,,,音调[色调]等级,,,,,0,0,,,
tonal gradient,,,音(色)梯度,,,,,0,0,,,
tonal island,,,音岛,,,,,0,0,,,
tonal islands,,,[医] 音岛,,,,,0,0,,,
tonal key,,,色彩基调,,,,,0,0,,,
tonal language,,,[网络] 声调语言；音调语言；调性语言,,,,,0,0,s:tonal languages,,
tonal languages,,,声调语言,,,,,0,0,0:tonal language/1:s,,
tonal paper,,,扩音纸,,,,,0,0,,,
tonal pattern,,,[网络] 有音节的节奏和音调形式；声调模式,,,,,0,0,s:tonal patterns,,
tonal patterns,,,声调模式,,,,,0,0,0:tonal pattern/1:s,,
tonal penta-scale,,,主调五声音阶,,,,,0,0,,,
tonal quality,,,音质,,,,,0,0,,,
tonal range,,,色调梯度;灰度范围;音频频段,,,,,0,0,,,
tonal rendering,,,音质,,,,,0,0,,,
tonal scale,,,色调等级,,,,,0,0,,,
tonal sequence,,,主调模进,,,,,0,0,,,
tonal system,,,[网络] 音调系统；乐制；体系,,,,,0,0,s:tonal systems,,
tonal systems,,,[网络] 音调系统；乐制；体系\n(tonal system 的复数),,,,,0,0,0:tonal system/1:s,,
tonal telegraphy,,,音频电报,,,,,0,0,,,
tonal value,,,(电视图像)亮度级,,,,,0,0,,,
tonal variation,,,色调变化,,,,,0,0,,,
tonal wedge,,,色楔;半色调楔,,,,,0,0,,,
tonala,,,[网络] 露天市场的托纳拉市,,,,,0,0,,,
tonalchille,,,[网络] 几内亚辣椒,,,,,0,0,,,
"Tonale, P.del",,,[地名] 托纳莱山口 ( 意 ),,,,,0,0,,,
tonalism,,,[网络] 主义；风景画派,,,,,0,0,,,
tonalist,'tәjnәlist,,"n. [音]使用(传统)调性的作曲家, 作品以有调性为特色的作曲家",,,,,0,0,,,
tonalists,,,[网络] 音乐家,,,,,0,0,,,
tonalite,'tәunәlait,,英云闪长岩,,,,,0,0,s:tonalites,,
tonalite-aplite,,,英云闪长细晶岩,,,,,0,0,,,
tonalite-pegmatite,,,"英云闪长伟晶岩, 英云闪长玢岩",,,,,0,0,,,
tonalite-porphyrite,,,英云闪长玢岩,,,,,0,0,,,
tonalite-porphyry,,,英云闪长斑岩,,,,,0,0,,,
tonalites,,plural of tonalite,(tonalite 的复数) 英云闪长岩,,,,,0,0,0:tonalite/1:s,,
tonalitic,,,[网络] 云闪长质,,,,,0,0,,,
tonalities,,plural of tonality\nn any of 24 major or minor diatonic scales that provide the tonal framework for a piece of music,"(tonality 的复数) n. 音调, 色调",,,,,0,0,0:tonality/1:s,,
tonalitive,,,[网络] 音调性,,,,,0,0,,,
tonality,tәu'næliti,n any of 24 major or minor diatonic scales that provide the tonal framework for a piece of music,"n. 音调, 色调",n:100,,,,27582,22866,s:tonalities,,
tonality feature,,,音调[声调]特征,,,,,0,0,,,
tonality index,,,音调指标,,,,,0,0,,,
tonally,'tәunәli,,"adv. 在调子上, 就音色方面",,,,,44818,0,,,
Tonalpohuali,,,託纳波胡利,,,,,0,0,,,
tonalpohualli,,,[网络] 阿兹特克神圣历；托纳尔波瓦利历；托纳尔波瓦利历法,,,,,0,0,,,
toname,'tu:neim,,"[苏](区别同姓同名用的)别名, 绰号, 姓",,,,,0,0,,,
tonames,,,n. 外号；姓\n[网络] 接受者称呼；接收者名称；到达城市名字,,,,,0,0,,,
Tonami,,,[地名] 砺波 ( 日 ),,,,,0,0,,,
Tonami-heiya,,,砺波平原,,,,,0,0,,,
tonamil,,,盐酸苄嘧二胺,,,,,0,0,,,
Tonamine,,,异肾上腺素,,,,,0,0,,,
tonance,,,[网络] 色调,,,,,0,0,,,
tonant,,,[网络] 色调,,,,,0,0,,,
Tonantins,,,[地名] 托南廷斯 ( 巴西 ),,,,,0,0,,,
"Tonantins, R.",,,[地名] 托南廷斯河 ( 巴西 ),,,,,0,0,,,
tonantzin,,,[网络] 托南琴；托南齐恩,,,,,0,0,,,
tonantzintla,,,[网络] 托拿特新特拉,,,,,0,0,,,
tonaphaisa,,,音乐性失语,,,,,0,0,,,
tonaphasia,",tɔnә'feizjә",,"音乐性失语, 乐歌不能",,,,,0,0,,,
TONAR,,,[=the oral-to-nasal acoustic ratio]口与鼻声学之比,,,,,0,0,,,
Tonara,,,[地名] 托纳拉 ( 意 ),,,,,0,0,,,
tonari gumi,,,[网络] tonari胶,,,,,0,0,,,
Tonaril,,,"苄吡二胺,吡苄明",,,,,0,0,,,
tonary,,,圣歌目录,,,,,0,0,,,
Tonasket,,,[网络] 东纳斯基；斯凯特市,,,,,0,0,,,
Tonata,,,[地名] 托纳塔 ( 几 ),,,,,0,0,,,
Tonate,,,[地名] 托纳特 ( 圭(法)、萨 ),,,,,0,0,,,
tonation,,,[网络] 色调,,,,,0,0,,,
tonations,,,[网络] 色调,,,,,0,0,,,
Tonatiuh,,,[网络] 太阳神托纳蒂乌；托纳提乌；太阳神托纳提兀,,,,,0,0,,,
tonawanda,,, [地名] [美国] 托纳万达,,,,,0,0,,,
Tonawanda Indian Reservation,,,[地名] 托纳万达印第安人居留地 ( 美 ),,,,,0,0,,,
tonazocine,,,[网络] 托那佐辛,,,,,0,0,,,
Tonbac,,,唐贝克,,,,,0,0,,,
Tonbara,,,[地名] 顿原 ( 日 ),,,,,0,0,,,
Tonbetsu-gawa,,,[地名] 顿别川 ( 日 ),,,,,0,0,,,
Tonbridge,,,n. (Tonbridge)人名；(英)汤布里奇,,,,,27799,0,s:tonbridges,,
Tonbridge and Malling,,,[网络] 汤布里奇和莫灵,,,,,0,0,,,
tonbridges,,,n. (Tonbridge)人名；(英)汤布里奇,,,,,0,0,0:tonbridge/1:s,,
Tonbridgian,,,[网络] 同义词,,,,,0,0,,,
Tonbridgians,,,[网络] 千斤生,,,,,0,0,,,
tonca bean,,,[网络] 汤匙豆,,,,,0,0,,,
tonca beans,,,[网络] 黑香豆,,,,,0,0,,,
tonco bean,,,"[医] 香豆, 香翅豆",,,,,0,0,,,
tonco beans,,,零陵香豆;黑香豆,,,,,0,0,,,
Toncontin,,,[地名] 通孔廷 ( 洪、危 ),,,,,0,0,,,
tonda,,, [地名] [巴布亚新几内] 通达,,,,,0,0,,,
Tonda-gawa,,,[地名] 富田川 ( 日 ),,,,,0,0,,,
Tondabayashi,,,[地名] 富田林 ( 日 ),,,,,0,0,,,
Tondabayashi-shi,,,富田林市,,,,,0,0,,,
tondal,'tɔndәl,,吨达(力的单位),,,,,0,0,s:tondals,,
tondals,'tʌndəl,,n. 吨达（力的单位）,,,,,0,0,0:tondal/1:s,,
Tondano,,,[地名] 通达诺 ( 印尼 ),,,,,0,0,,,
Tondela,,,[地名] 通德拉 ( 葡 ),,,,,0,0,,,
tonder,,,n. (Tonder)人名；(芬)通德,,,,,0,0,,,
Tondern,,,通敦,,,,,0,0,,,
Tondi,,,[地名] 栋迪 ( 巴基、印 ),,,,,0,0,,,
Tondi Kiwindi,,,[地名] 通迪基温迪 ( 尼日尔 ),,,,,0,0,,,
Tondibi,,,[地名] 通迪比 ( 马里 ),,,,,0,0,,,
Tondidji,,,[地名] 通迪吉 ( 马里 ),,,,,0,0,,,
tondino,tɔn'di:nәu,,"环形模塑物, 小圆形浮雕",,,,,0,0,,,
tondo,'tɔndәu,,n. 圆形的浮雕或画,n:100,,,,0,46223,s:tondoes,,
tondoes,'tɒndəʊ,,n. 圆形浮雕或画\nn. (Tondo)人名；(意)通多；(日)阗口 (姓),,,,,0,0,0:tondo/1:s,,
Tondolo,,,[地名] 通多洛 ( 乌干 ),,,,,0,0,,,
Tondon,,,[地名] 通东 ( 几 ),,,,,0,0,,,
Tondongwe,,,[地名] 通东圭山 ( 津 ),,,,,0,0,,,
Tondorf,,,[地名] 通多夫 ( 德 ),,,,,0,0,,,
Tondoro,,,[地名] 通多罗 ( 纳 ),,,,,0,0,,,
tondos,,,n. 圆形意大利瓷盘；圆盘形图画[浮雕]\n[网络] 圆形浮雕；通多；家美,,,,,0,0,,,
tondu,,,[网络] 桐庐县,,,,,0,0,s:tondus,,
Tonduff,,,[地名] 通达夫 ( 英 ),,,,,0,0,,,
Tondury,,,通迪利,,,,,0,0,,,
tondus,,,[网络] 桐庐县\n(tondu 的复数),,,,,0,0,0:tondu/1:s,,
tone,tәun,n. the quality of a person's voice\nn. (linguistics) a pitch or change in pitch of the voice that serves to distinguish words in tonal languages\nn. a steady sound without overtones\nn. a musical interval of two semitones,"n. 音调, 音质, 语调, 语气, 色调, 气氛, 状况, 思想状态\nvt. 给...定色调, 增强, 使...的声调和谐, 定音调\nvi. 颜色调和\n[计] 双音频",v:8/n:92,3,1,cet4 cet6 ky,1813,1995,s:tones/d:toned/p:toned/3:tones/i:toning,,
tone (in) with,,,(尤指颜色)与…协调；与…和谐,,,,,0,0,,,
tone ... down,,,na. 使柔和；变柔和\n[网络] 缓和；降低；使缓和,,,,,0,0,,,
tone adjustment,təʊn,,色调[音调]调整,,,,,0,0,,,
tone amplifier,,,音频放大器,,,,,0,0,,,
tone and ringing current generator,,,音流信号发生器,,,,,0,0,,,
tone and ringing generator,,,信号铃流发生器,,,,,0,0,,,
tone arm,,,[电] 音臂,,,,,0,0,s:tone arms,,
tone arm for record player,,,电唱机拾音臂,,,,,0,0,,,
tone arms,,,[网络] 唱臂,,,,,0,0,0:tone arm/1:s,,
tone audiogram,,,音调图,,,,,0,0,,,
tone bell,,,音钟,,,,,0,0,,,
tone block,,,(乐团演奏员用的)节柏木,,,,,0,0,,,
tone brightness,,,明度感,,,,,0,0,,,
tone burst,,,[电] 音爆,,,,,0,0,,,
tone burst method,,,un. 猝发音法\n[网络] 纯音脉冲法,,,,,0,0,,,
tone chamber,,,声(实验)室,,,,,0,0,,,
tone channel,,,[电] 音调频道,,,,,0,0,,,
tone circuit,,,音调电路;音调调节电路;音频电路,,,,,0,0,,,
tone cluster,,,【音乐】音簇,,,,,0,0,,,
tone code ranging,,,音码测距法,,,,,0,0,,,
tone colo(u)r,,,【音乐】音色[亦作 timebre],,,,,0,0,,,
tone color,,,[医] 音色,,,,,0,0,,,
tone colour,,,音色,,,,,0,0,,,
tone compensation,,,音调补偿,,,,,0,0,,,
tone contraction,,,[医] 张力性收缩,,,,,0,0,,,
tone contrast,,,色调对比度;色调对比,,,,,0,0,,,
tone control,,,[电] 音品控制,,,,,0,0,,,
tone control aperture,,,"音品控制孔, 色调控制孔",,,,,0,0,,,
tone control circuit,,,音调控制电路,,,,,0,0,,,
tone control transformator,,,音调[音质]控制变压器,,,,,0,0,,,
tone control transformer,,,音调控制变压器,,,,,0,0,,,
tone controller,,,[电] 音调控制器,,,,,0,0,,,
tone copy,,,普染色版,,,,,0,0,,,
tone correction,,,音调校正,,,,,0,0,,,
tone count audiometric computer,,, [医]音调计算测听计算机，单音计数音频测量计算机,,,,,0,0,,,
tone currents,,,音频电流,,,,,0,0,,,
tone deaf,,,adj. 不善于辨别音高的；不能辨别音高的\n[网络] 五音不全；盲；音痴,,,,,0,0,,,
tone deafness,,,"[医] 音乐聋, 感觉性乐歌不能",,,,,0,0,s:tone deafnesses,,
tone deafnesses,,,音乐聋,,,,,0,0,0:tone deafness/1:s,,
tone decay test,,,音衰变试验,,,,,0,0,,,
tone decoder,,,音调解码器,,,,,0,0,,,
tone determination,,,音律法,,,,,0,0,,,
tone dial,,,按键式拨号,,,,,0,0,,,
tone dialing,,,[电] 按键式调谐装置,,,,,0,0,,,
tone dialling,,, （电话）音频拨号（法）,,,,,0,0,,,
tone distortion,,,音调失真,,,,,0,0,,,
tone down,,,"降低, 柔和, 缓和\n[经] 降低, 使缓和",,,,,0,0,,,
tone down (sound),,,降低音调,,,,,0,0,,,
tone down something,,,[网络] 调低一些东西,,,,,0,0,,,
tone ending,,,[网络] 音调结束,,,,,0,0,s:tone endings,,
tone endings,,,[网络] 音调结束\n(tone ending 的复数),,,,,0,0,0:tone ending/1:s,,
tone equalizer,,,音调均衡器,,,,,0,0,,,
tone filter,,,音频滤波器,,,,,0,0,,,
tone frequency,,,[电] 声振,,,,,0,0,,,
tone generator,,,[电] 发音器,,,,,0,0,,,
tone gradation,,,音调等级,,,,,0,0,,,
tone group,təun ɡru:p,, 调群,,,,,0,0,,,
tone in,,,[网络] 与…和谐；与…相配,,,,,0,0,,,
tone in with,,,与...协调,,,,,0,0,,,
tone intensity,,,彩色强度,,,,,0,0,,,
tone interference,,,单音干扰,,,,,0,0,,,
tone interrupter,,,音流中断器,,,,,0,0,,,
tone keyer,,,[电] 音调电键器,,,,,0,0,,,
tone keyer circuit,,,音频键控电路,,,,,0,0,,,
tone language,,,声调语言,,,,,0,0,s:tone languages,,
tone languages,,,na. 【语】声调语言,,,,,0,0,0:tone language/1:s,,
tone level,,,音平,,,,,0,0,,,
tone localizer,,,音频振幅比较式定位器;等信号着陆信标,,,,,0,0,,,
tone locator,,,音频布线找寻器,,,,,0,0,,,
tone mark,,,[网络] 调号；声调；声调标记,,,,,0,0,,,
tone marks,,,[网络] 音调；语气商标,,,,,0,0,,,
tone masking,,,单音隐蔽,,,,,0,0,,,
tone meeting,,,[网络] 音调会议,,,,,0,0,,,
tone meetings,,,[网络] 音调会议,,,,,0,0,,,
tone modulated wave,,,声调制波,,,,,0,0,,,
tone modulation,,,[电] 纯音调变,,,,,0,0,,,
tone modulator,,,音调制器,,,,,0,0,,,
tone network,,,音色网络,,,,,0,0,,,
tone number,,,[网络] 调号,,,,,0,0,,,
tone numbers,,,[网络] 音数,,,,,0,0,,,
tone of gray,,,黑白亮度等级;半色调等级;灰色色调,,,,,0,0,,,
tone of market,,,"[经] 市况, 市场的情况",,,,,0,0,,,
tone of the market,,,市场的景况,,,,,0,0,,,
tone of voice,,, 语调；声调；口吻,,,,,0,0,s:tones of voice,,
tone painting,,,【音乐】；音画(音乐描绘或暗示的艺术，如器乐)；音画曲,,,,,0,0,,,
tone perception,,,音调识别,,,,,0,0,,,
tone plate,,,色垫,,,,,0,0,,,
tone poem,təun ˈpəuim,,"n. 音诗, 诗曲（表示诗意的乐曲）; 交响诗",,,,,0,0,s:tone poems,,
tone poems,,,na. 【乐】音诗\n[网络] 交响诗,,,,,0,0,0:tone poem/1:s,,
tone poet,,,交响音诗作曲家,,,,,0,0,,,
tone pulse,,,单音脉冲,,,,,0,0,,,
tone quality,,,"音质,音品",,,,,0,0,,,
tone range,,,色调范围,,,,,0,0,,,
tone rendering,,,色调再现,,,,,0,0,,,
tone reproduction,,,色调再现,,,,,0,0,,,
tone reversal,,,[电] 音色颠倒,,,,,0,0,,,
tone ringer,,,单音振铃器，音调振铃,,,,,0,0,,,
tone ringing current,,,音频振铃电流,,,,,0,0,,,
Tone River,,,[网络] 利根川河域,,,,,0,0,,,
tone row,,," [音乐]音列 [亦作 tone series,note row,twelve-tone row]",,,,,0,0,,,
tone sandhi,,,[网络] 变调；连读变调；连调变换,,,,,0,0,,,
tone sb up,,,"给...以更高的调子, 给...以更强的调子, 增强, 增益, 提高",,,,,0,0,,,
tone scale,,,un. 色阶\n[网络] 调性范围选择；音阶；色调标度,,,,,0,0,,,
tone sender,,,音频记发器,,,,,0,0,,,
tone sense,,,[医] 音调感觉,,,,,0,0,,,
tone separation,,,影调析离,,,,,0,0,,,
tone series,,,= tone row,,,,,0,0,,,
tone signal,,,占线信号,,,,,0,0,,,
tone signalling,,,音调信令法,,,,,0,0,,,
tone signature,,,色调特征,,,,,0,0,,,
tone soft gray,,,黑白亮度级,,,,,0,0,,,
tone soft grey,,,"灰色调,黑白亮度级",,,,,0,0,,,
tone something down,təun ˈsʌmθiŋ daun,, 使声音（或颜色）柔和,,,,,0,0,,,
tone source,,,音调源,,,,,0,0,,,
tone sth down,,,"(使)降低, (使)缓和, (使)温和, (使)柔和",,,,,0,0,,,
tone sth up,,,"给...以更高的调子, 给...以更强的调子, 增强, 增益, 提高",,,,,0,0,,,
tone system,,,un. 显影系统；显影方式\n[网络] 声调系统,,,,,0,0,s:tone systems,,
tone systems,,,声调系统,,,,,0,0,0:tone system/1:s,,
tone telegraphy,,,音频电报,,,,,0,0,,,
tone terracing,,,[网络] 声调台阶；调梯,,,,,0,0,,,
tone track,,,(背景声音的)录制节目,,,,,0,0,,,
tone transmission,,,音调传递,,,,,0,0,,,
tone tuning,,,调音,,,,,0,0,,,
tone unit,,, 语调单位（即有完整音高变化的一个或多个音节）,,,,,0,0,,,
tone up,,,增强,,,,,0,0,,,
tone vibrator,,,"音频振动器, 音流振动器",,,,,0,0,,,
tone wedge,,,"光密度阶,色调楔",,,,,0,0,,,
tone wedge set,,,色调光楔组,,,,,0,0,,,
tone wheel,,,音轮,,,,,0,0,,,
tone whistle,,,音哨,,,,,0,0,,,
tone widge,,,音楔，色调楔,,,,,0,0,,,
tone with,,,na. (使)调和,,,,,0,0,,,
"Tone, Fanchot",,,托恩(1906～1968，美国舞台和电影演员),,,,,0,0,,,
"Tone, R.",,,[地名] 托恩河 ( 英 ),,,,,0,0,,,
tone-arm,,,唱臂，拾音器臂,,,,,0,0,,,
tone-beginning,,,[网络] 音调开始,,,,,0,0,s:tone-beginnings,,
tone-beginnings,,,[网络] 音调开始\n(tone-beginning 的复数),,,,,0,0,0:tone-beginning/1:s,,
tone-burst,,,un. 猝发声；音频脉冲群\n[网络] 短纯音；爆发纯音；猝音,,,,,0,0,,,
tone-burst generator,,,单音脉冲发生器,,,,,0,0,,,
tone-character,,,音色,,,,,0,0,,,
tone-color,,,音色,,,,,0,0,,,
tone-colour,,,音色,,,,,0,0,s:tone-colours,,
tone-colour control,,,音色调整,,,,,0,0,,,
tone-colours,,plural of tone-colour,(tone-colour 的复数) 音色,,,,,0,0,0:tone-colour/1:s,,
tone-compensated volume control,,,音调补偿音量控制,,,,,0,0,,,
tone-control aperture,,,色调控制孔径,,,,,0,0,,,
tone-control circuit,,,音调控制电路,,,,,0,0,,,
tone-control transformer,,,音控变压器,,,,,0,0,,,
tone-deaf,,s. unable to appreciate music,"a. 不能辩别音高的, 音盲的",j:100,,,,0,0,,,
tone-deafness,,,n. tone-deaf的变形,,,,,0,0,,,
tone-dialing,,,adj. tone dialing的变形,,,,,0,0,,,
tone-dumbness,,,"乐音聋,乐歌哑",,,,,0,0,,,
Tone-formation,,,发音法,,,,,0,0,,,
Tone-gawa,,,[地名] 利根川 ( 日 ),,,,,0,0,,,
tone-group,,,[网络] 语调群；声调群；英语语调组,,,,,0,0,s:tone-groups,,
tone-groups,,,[网络] 声调段,,,,,0,0,0:tone-group/1:s,,
tone-hold,"'təun,həuld",,n. 【冶金学】夹头,,,,,0,0,,,
tone-hole,,,[网络] 音孔,,,,,0,0,,,
tone-line,,,[网络] 线条调；音频线路,,,,,0,0,,,
tone-line technique,,,色调线法,,,,,0,0,,,
tone-loc,,,[网络] 铜锣客,,,,,0,0,,,
tone-modulated oscillation,,,音频调制的振荡,,,,,0,0,,,
tone-modulated wave,,,音频调制波,,,,,0,0,,,
tone-modulated waves,,,[电] 调音波,,,,,0,0,,,
tone-on-tone,,, 同色深浅调的；同系配色的,j:100,,,,0,0,,,
tone-on-tone effect,,,深浅同色效果,,,,,0,0,,,
tone-operated net loss adjuster (tonlar),,,音控净耗调整器,,,,,0,0,,,
tone-operated net-loss adjuster,,,音调控制净损耗调节器,,,,,0,0,,,
tone-painting,,,na. 【乐】音画(尤指标题音乐的印象主义乐曲的作曲技法),,,,,0,0,s:tone-paintings,,
tone-paintings,,,na. 【乐】音画(尤指标题音乐的印象主义乐曲的作曲技法)\n(tone-painting 的复数),,,,,0,0,0:tone-painting/1:s,,
tone-physicology,,,音响生理学,,,,,0,0,,,
Tone-picture,,,音画,,,,,0,0,,,
tone-poem,,,n. 音诗或诗曲（表示诗意的乐曲）,,,,,0,0,s:tone-poems,,
tone-poems,,plural of tone-poem,(tone-poem 的复数) n. 音诗或诗曲（表示诗意的乐曲）,,,,,0,0,0:tone-poem/1:s,,
tone-quality,,,[声] 音质，音品,,,,,0,0,,,
tone-relation,,,音关系,,,,,0,0,,,
tone-row,,,音列,,,,,0,0,,,
tone-setter,,,n. 奠基人; 奠基事件,,,,,0,0,,,
tone-setting,,,[网络] 气氛设定,,,,,0,0,,,
tone-shaping,,,[网络] 音色塑造,,,,,0,0,s:tone-shapings,,
tone-shapings,,,[网络] 音色塑造\n(tone-shaping 的复数),,,,,0,0,0:tone-shaping/1:s,,
tone-tint,,,音色,,,,,0,0,,,
tone-unit,,,调元,,,,,0,0,s:tone-units,,
tone-units,,plural of tone-unit,(tone-unit 的复数) 调元,,,,,0,0,0:tone-unit/1:s,,
tone-up,təun ʌp,, 增益,,,,,0,0,s:tone-ups,,
tone-ups,,plural of tone-up,(tone-up 的复数)  增益,,,,,0,0,0:tone-up/1:s,,
tonearm,,,（电唱机的）拾音器设备,,,,,0,0,,,
tonearms,,,[网络] 唱臂；音质,,,,,0,0,,,
tonebar,,,[网络] 音调柜台图片；音调棒；音色棒,,,,,0,0,,,
tonebars,,,[网络] 音梁；音杆,,,,,0,0,,,
tonebrescence,",tәun'bresәns",,磷光熄灭,,,,,0,0,,,
tonebrious,ti'nebriəs,,adj. = tenebrous,,,,,0,0,,,
toneburst,'təʊnbɜ:st,, 短钝音,,,,,0,0,,,
tonebursts,,,[网络] 纯音,,,,,0,0,,,
toned,'tәund,s. having or characterized or distinguished by tone or a specific tone; often used in combination\na. having or distinguished by a tone; often used in combination,"a. 有声调的, 年久变色的",j:100,,,,0,30743,0:tone/1:dp,,
toned down,,,na. 使柔和；变柔和\n[网络] 乐在其中；酸味倾向於下沉,,,,,0,0,,,
toned in,,,配合,,,,,0,0,,,
toned milk,,,调配牛奶,,,,,0,0,,,
toned paper,,,[网络] 淡色纸,,,,,0,0,,,
toned up,,,na. 提高；变强；同“tone”,,,,,0,0,,,
toned-down,,,adj. 缓和了的\n[网络] 乐在其中；酸味倾向於下沉,j:100,,,,0,0,,,
tonedeaf,ˈtəʊnˌdef,,不能精确分辨音调的,,,,,0,0,,,
tonedron,,,盐酸曲氧麻黄碱,,,,,0,0,,,
tonee,,,[网络] 色调,,,,,0,0,,,
Tonefjellet,,,[地名] 图讷山 ( 挪 ),,,,,0,0,,,
tonegawa,,,舍川,,,,,0,0,,,
Tonegawa Susumu,,,[网络] 利根川进,,,,,0,0,s:tonegawa susumus,,
tonegawa susumus,,,[网络] 利根川进\n(tonegawa susumu 的复数),,,,,0,0,0:tonegawa susumu/1:s,,
tonekin,,,[网络] 音素,,,,,0,0,,,
tonel,,,[网络] 托内尔；托奈尔,,,,,0,0,,,
Tonelagee,,,[地名] 托尼拉吉山 ( 爱 ),,,,,0,0,,,
toneless,'tәunlis,a. lacking in tone or expression,"a. 缺乏声调的, 单调的, 沉闷的",j:100,,,,46793,37373,,,
tonelessly,'təʊnləslɪ,r. in a monotone,adv. 声调平板地,r:100,,,,43287,38456,,,
tonelessness,,,n. 声调平板,,,,,0,0,,,
toneline effects method,,,线调效应法,,,,,0,0,,,
tonelli,,, [人名] 托内利,,,,,0,0,,,
Tonelli sequence,,,托内利序列,,,,,0,0,,,
toneloc,,,[网络] 汤里·罗克；汤·卢克；肖恩·杨,,,,,0,0,,,
tonelson,,, [人名] 托纳尔森,,,,,0,0,,,
toneme,'tәuni:m,,"n. [语]调素,调位",,,,,0,0,,,
tonemes,,,[网络] 调素；调音素；调类,,,,,0,0,,,
tonemeter,tә'nemitә,,音调计,,,,,0,0,,,
tonemic,təʊ'niːmɪk,,"a. 【语音学】调位的, 调素的",,,,,0,0,,,
Toneon,,,"高烟酸,3-吡啶乙酸",,,,,0,0,,,
tonepad,,,na. 【计】音频传送器\n[网络] 音乐玩具,,,,,0,0,,,
tonepads,'təunpæd,,n.\n音频传送器[亦作 tone pad],,,,,0,0,,,
Tonephin,,,加压素,,,,,0,0,,,
toner,'tәunә,n. a solution containing chemicals that can change the color of a photographic print\nn. a black or colored powder used in a printer to develop a xerographic image\nn. a lotion for cleansing the skin and contracting the pores,n. 调色剂\n[计] 增色剂; 色粉,n:100,1,,,26769,24767,s:toners,,
toner brown,,,[化] 色淀棕,,,,,0,0,,,
toner carrier,,,色剂载体,,,,,0,0,,,
toner cartridge,,,色粉盒,,,,,0,0,,,
toner concentrate,,,色剂浓缩,,,,,0,0,,,
toner concentration,,,碳粉集中,,,,,0,0,,,
toner container,,,色剂容器,,,,,0,0,,,
toner dispense gear,,,墨粉分配传动机构,,,,,0,0,,,
toner empty sensor,,,墨粉不足传感器,,,,,0,0,,,
toner layer potential,,,墨粉层电位,,,,,0,0,,,
toner low,ˈtəunə ləu,, [计][NT]墨粉不足,,,,,0,0,,,
toner mark,,,着色剂标记,,,,,0,0,,,
toner metering roller,,,墨粉调节辊,,,,,0,0,,,
toner migration,,,色剂移动,,,,,0,0,,,
toner offset,ˈtəunə ˈɔfset,, [计]色剂偏移[置],,,,,0,0,,,
toner particles,,,增色剂微粒,,,,,0,0,,,
toner phoners,,,(证券推销所里的以电话形式进行推销的)电话推销员,,,,,0,0,,,
toner reservoir,,,色剂储存器,,,,,0,0,,,
toner yellow,,,[化] 色淀黄,,,,,0,0,,,
tonerde,'tәunәd,,"一种优质粘土(因所含金属成分而呈各种颜色, 用于制作陶瓷等, 亦可用作颜料, 透明、稳定, 适宜于与各种色淀颜料调合, 亦称kieselguhr)",,,,,0,0,,,
toners,ˈtəunəz,n. a solution containing chemicals that can change the color of a photographic print\nn. a black or colored powder used in a printer to develop a xerographic image\nn. a lotion for cleansing the skin and contracting the pores,n. 调色剂( toner的复数形式 ); （打印机或复印机使用的）墨粉; 护肤油; 美容霜,,,,,0,0,0:toner/1:s,,
tones,,"n the quality of a person's voice\nn (linguistics) a pitch or change in pitch of the voice that serves to distinguish words in tonal languages\nn (music) the distinctive property of a complex sound (a voice or noise or musical sound)\nn the general atmosphere of a place or situation and the effect that it has on people\nn a quality of a given color that differs slightly from another color\nn a notation representing the pitch and duration of a musical sound\nn a steady sound without overtones\nn the elastic tension of living muscles, arteries, etc. that facilitate response to stimuli\nn a musical interval of two semitones\nn the quality of something (an act or a piece of writing) that reveals the attitudes and presuppositions of the author\nv utter monotonously and repetitively and rhythmically\nv vary the pitch of one's speech\nv change the color or tone of\nv change to a color image\nv give a healthy elasticity to",n. 声调；基本音色（tone的复数）,,,,ielts,0,0,0:tone/1:s3,,
tones and bars,,,音调及色带,,,,,0,0,,,
tones down,,,na. 使柔和；变柔和,,,,,0,0,,,
tones in,,,配合,,,,,0,0,,,
tones of gray,,,"灰色调,黑白亮度等级,半色调等级",,,,,0,0,,,
tones of voice,,,[网络] 语气,,,,,0,0,0:tone of voice/1:s,,
tones up,,,na. 加强；变强；同“tone”,,,,,0,0,,,
toness,,,枸橼酸胺丙噁二唑,,,,,0,0,,,
Tonestat,,,泛醇,,,,,0,0,,,
tonet reservoir,,,色剂容器,,,,,0,0,,,
tonetic,tәu'netik,,a. 声调的,,,,,0,0,,,
tonetic transcription,,,声调标音法,,,,,0,0,,,
tonetically,,,adv. tonetic的变形,,,,,0,0,,,
tonetician,",təʊnɪ'tɪʃən",,n. 声调学 (tonetics的变形),,,,,0,0,,,
tonetics,tәu'netiks,,n. 声调学,,,,,0,0,,,
tonette,tәu'net,,n. [音]小竖笛,,,,,0,0,,,
tonettes,təʊ'net,,n.\n【音乐】(结构简单、音域狭窄的)小竖笛,,,,,0,0,,,
tonewheel,'tәunwi:l,,转速脉冲轮,,,,,0,0,,,
tonewheels,,,[网络] 纸巾,,,,,0,0,,,
tonewood,,,[网络] 木材音色；共鸣板；背侧板,,,,,0,0,,,
tonewoods,,,[网络] 音木；音色木材,,,,,0,0,,,
Tonexol,,,丁卡因,,,,,0,0,,,
toney,'tәjni,,"a. 高贵的,时髦的, Tony 托尼(男子名)",,,,,0,0,s:toneys,,
toneys,'təʊnɪ,,adj. = tony,,,,,0,0,0:toney/1:s,,
Tonezza,,,[地名] 托内扎 ( 意 ),,,,,0,0,,,
tonfa,,,[网络] 警棍；拐；东方棍,,,,,0,0,s:tonfas,,
tonfas,'tʌnfə,,n. (警察等使用的带突出柄的)木棍(或塑料棍),,,,,0,0,0:tonfa/1:s,,
tonforce,'tʌnfɔ:s,,吨力,,,,,0,0,,,
tong,tɒŋ,n. Alt. of Tonge,"n. 钳子, 帮会\nv. 用钳子钳起",,,,,21754,0,s:tongs,,
tong boat,,,［北卡罗来纳］採蚵船,,,,,0,0,,,
tong crane,,,钳式吊,,,,,0,0,,,
Tong Duong,,,[地名] 襄阳 ( 越 ),,,,,0,0,,,
tong for nails,,,起钉钳,,,,,0,0,,,
tong ho,,,[网络] 筒蒿菜；唐蒿；唐浩,,,,,0,0,s:tong hoes,,
tong hoes,,,[网络] 筒蒿菜；唐蒿；唐浩\n(tong ho 的复数),,,,,0,0,0:tong ho/1:s,,
tong hold,,,夹头,,,,,0,0,,,
tong hold forging,,,钳夹锻造,,,,,0,0,,,
tong key,,,钳锲,,,,,0,0,,,
tong marks,,,(钢化玻璃的)夹子印,,,,,0,0,,,
tong oil,,,桐油,,,,,0,0,,,
tong test ammeter,,,un. 夹表\n[网络] 钳式电流表；钳式安培计；夹线式电流表,,,,,0,0,,,
tong tester,,,钳形电流表,,,,,0,0,,,
tong torque gauge,,,大钳扭矩量测仪,,,,,0,0,,,
tong type ammeter,,,un. 钳式电流表；钳形电流器,,,,,0,0,,,
tong war,,,[网络] 战争,,,,,0,0,,,
tong's inequality,,,Tong不等式,,,,,0,0,,,
tong-,tɒŋ,,n. 钳子\nv. 用钳子(夹)\n[网络] 童；仝；佟,,,,,0,0,,,
Tong-am,,,[地名] 东岩 ( 朝 ),,,,,0,0,,,
tong-do (dong do),,,东岛,,,,,0,0,,,
Tong-ni,,,东里,,,,,0,0,,,
tong-test ammeter,,,钳式安培计;夹表;夹线式电流计,,,,,0,0,,,
tong-tong,,,[网络] 回复,,,,,0,0,,,
tong-type ammeter,,,钳式电流表,,,,,0,0,,,
tonga,'tɔŋ^ә,n. a monarchy on a Polynesian archipelago in the South Pacific; achieved independence from the United Kingdom in 1970\nn. the language of the Tongan people of south central Africa (Zambia and Rhodesia),[医] 雅司病,,,,,28184,0,s:tongas,,
tonga bean,,,"[医] 香豆, 香翅豆",,,,,0,0,,,
Tonga development Bank,,,汤加开发银行,,,,,0,0,,,
Tonga Is.,,,[地名] 汤加群岛 ( 汤加 ),,,,,0,0,,,
Tonga Islands,,,n. 汤加群岛(位于南太平洋),,,,,0,0,,,
tonga plate,,,东加板块,,,,,0,0,,,
Tonga Ridge,,,[地名] 汤加海岭 ( 太平洋 ),,,,,0,0,,,
Tonga Trench,,,[地名] 汤加海沟 ( 太平洋 ),,,,,0,0,,,
tonga-islands,,,"un. 东加群岛(亦作Friendly Islands,在中太平洋,为英国保护地)\n[网络] 汤加",,,,,0,0,,,
tonga-kermadec island arc,,,东加–克马得岛弧,,,,,0,0,,,
Tongaat,,,[地名] 通加特 ( 南非 ),,,,,0,0,,,
Tongal,,,[网络] 增多；增加,,,,,0,0,,,
Tongala,,,通加拉,,,,,0,0,,,
tongan,'tɒŋən,n a Polynesian native or inhabitant of Tonga\nn the Polynesian language spoken by the Tongan people\na of or relating to the island monarchy of Tonga or its people,a. 汤加的,,,,,0,0,s:tongans,,
Tongan monetary unit,,,[网络] 汤加货币单位,,,,,0,0,s:tongan monetary units,,
tongan monetary units,,,[网络] 汤加货币单位\n(tongan monetary unit 的复数),,,,,0,0,0:tongan monetary unit/1:s,,
tonganoxie,,,[网络] 通加诺克西,,,,,0,0,,,
tongans,,, [医]汤加人,,,,,0,0,0:tongan/1:s,,
Tongaporutu,,,[地名] 汤加波鲁图 ( 新西 ),,,,,0,0,,,
tongara,'tɔŋ^әrә,,[印尼]汤加拉风,,,,,0,0,,,
tongareva,,,"Penrhyn Island in the South Pacific 汤加莱瓦,南非本雷恩岛",,,,,0,0,,,
Tongareva Atoll,,,[地名] *汤加雷瓦环礁(彭林环礁的旧称) ( 库克 ),,,,,0,0,,,
tongariro,,, [地名] [新西兰] 汤加里罗火山,,,,,0,0,,,
tongas,,plural of tonga\nn. a monarchy on a Polynesian archipelago in the South Pacific; achieved independence from the United Kingdom in 1970\nn. the language of the Tongan people of south central Africa (Zambia and Rhodesia),(tonga 的复数) [医] 雅司病,,,,,0,0,0:tonga/1:s,,
tongass,,,abbr. Tongass National Forest in southern Alaska 南阿拉斯加州的唐嘎斯国家森林,,,,,0,0,,,
Tongass National Forest,,,[网络] 通加斯国家森林；唐卡士；嘎斯国家森林,,,,,0,0,,,
Tongatapu,,,[地名] 汤加塔布岛 ( 汤加 ),,,,,0,0,s:tongatapus,,
Tongatapu Div.,,,[地名] 汤加塔布区 ( 汤加 ),,,,,0,0,,,
Tongatapu Grp.,,,[地名] 汤加塔布群岛 ( 汤加 ),,,,,0,0,,,
tongatapu i.,,,东加塔普岛,,,,,0,0,,,
tongatapus,,,[地名] 汤加塔布岛 ( 汤加 )\n(tongatapu 的复数),,,,,0,0,0:tongatapu/1:s,,
tongawalla,",tɔŋ^ә'wælә",,轻便双轮马车车夫,,,,,0,0,,,
tongbaite,,,桐柏矿,,,,,0,0,,,
tongbok (dongbog),,,同福,,,,,0,0,,,
Tongch'ang,,,[地名] 东仓 ( 朝 ),,,,,0,0,,,
Tongch'ang-gun,,,[地名] 东仓郡 ( 朝 ),,,,,0,0,,,
Tongch'ang-ri,,,[地名] 东仓里 ( 朝 ),,,,,0,0,,,
Tongch'ǒn,,,[地名] 通川 ( 朝 ),,,,,0,0,,,
Tongch'ǒn-gun,,,[地名] 通川郡 ( 朝 ),,,,,0,0,,,
Tongchang-ni,,,东仓里,,,,,0,0,,,
Tongcheng,,,n.桐城,,,,,0,0,,,
Tongchol-li,,,铜迁里,,,,,0,0,,,
Tongchon-ni,,,通川里,,,,,0,0,,,
Tongchuan,,,铜川（中国地名） ,,,,,0,0,,,
Tongchuan Formation,,,铜川组,,,,,0,0,,,
Tongdaech'ǒn,,,[地名] 东大川 ( 朝 ),,,,,0,0,,,
Tongdo-ri,,,[地名] 东岛里 ( 朝 ),,,,,0,0,,,
Tongdosa,,,[地名] 通度寺 ( 韩 ),,,,,0,0,,,
Tongduchon,,,东豆川,,,,,0,0,,,
tonge,,n. Tongue., [人名] [英格兰人姓氏] 汤奇 Tong的变体,,,,,0,0,s:tonges,,
tonged,,past participle of tonge\nn. Tongue.,(tonge 的过去分词)  [人名] [英格兰人姓氏] 汤奇 Tong的变体,,,,,0,0,0:tonge/1:d,,
tongeia filicaudis mushanus,,,密点玄灰蝶；点玄灰蝶；雾社黑燕小灰蝶；雾社黑燕蝶；多点玄灰蝶,,,,,0,0,,,
tongeia hainani,,,台湾玄灰蝶；海南玄灰蝶；台湾黑燕小灰蝶；台湾黑燕蝶；景天点玄灰蝶,,,,,0,0,,,
tonger,,, 钳具,,,,,0,0,,,
Tongeren,,,[地名] 通厄伦 ( 比、荷 ),,,,,0,0,,,
Tongerlo,,,[地名] 通厄洛 ( 比 ),,,,,0,0,,,
tongers,,,[网络] 彤格；童格儿；皓然,,,,,0,0,,,
tonges,,plural of tonge\nn. Tongue.,(tonge 的复数)  [人名] [英格兰人姓氏] 汤奇 Tong的变体,,,,,0,0,0:tonge/1:s,,
Tonggo-dong,,,东皐洞,,,,,0,0,,,
Tonggo-ri,,,[地名] 东古里 ( 朝 ),,,,,0,0,,,
Tonggok,,,东谷,,,,,0,0,,,
Tonggu,,,通谷,,,,,0,0,,,
Tongguan,,,潼关,,,,,0,0,,,
tongguan powder,,,通关散,,,,,0,0,,,
Tongguan ware,,,铜官窑器,,,,,0,0,,,
tongguansan,,,通关散,,,,,0,0,,,
Tonggunjǒng,,,[地名] 统军亭 ( 朝 ),,,,,0,0,,,
Tonggye,,,[地名] 东溪 ( 朝 ),,,,,0,0,,,
Tongha-ri,,,[地名] 东下里 ( 朝 ),,,,,0,0,,,
Tongho-ri,,,冬湖里,,,,,0,0,,,
Tonghold,,,n. 钳柄料\n[网络] 钳用锻件凸出部,,,,,0,0,,,
Tonghua,'tɔŋ'hwɑ:,,"n. [汉语拼音]通化(中国吉林东南部城市) [亦作 Tunghua, Tunghwa]",,,,,0,0,,,
tonghung (dongheung),,,东兴,,,,,0,0,,,
Tonghung-ni,,,东兴里,,,,,0,0,,,
Tonghǔng-ri,,,[地名] 东兴里 ( 朝 ),,,,,0,0,,,
Tongi,,,[网络] 栋吉；东吉；同意,,,,,0,0,,,
tongil,,,[网络] 统一；统一稻；统一号,,,,,0,0,,,
tongine,'tɔŋdʒi:n,,麒麟尾精,,,,,0,0,,,
tonging,,-ing form of tong\nn. Alt. of Tonge,"(tong 的现在分词) n. 钳子, 帮会\nv. 用钳子钳起",,,,,0,0,0:tong/1:i,,
tongji university,,, 同济大学,,,,,0,0,,,
tongjiang,,,[网络] 通江县；通洋洗涤机械,,,,,0,0,s:tongjiangs,,
tongjiangs,,,[网络] 通江县；通洋洗涤机械\n(tongjiang 的复数),,,,,0,0,0:tongjiang/1:s,,
tongjing,'tɔŋdʒiŋ,,"同景(中国画多项内容如山水、花鸟、人物等组合在一幅画内, 称为同景, 可以拼合成一幅画面的屏条亦叫同景)",,,,,0,0,,,
tongjoson-man (east korean g.),,,东朝鲜湾,,,,,0,0,,,
Tongjosǒnman,,,[地名] 东朝鲜湾 ( 朝 ),,,,,0,0,,,
Tongjǒm,,,[地名] 铜店 ( 朝 ),,,,,0,0,,,
Tongjǒmnyǒng,,,[地名] 铜店岭 ( 朝 ),,,,,0,0,,,
Tongjǒngho,,,[地名] 洞庭湖 ( 朝 ),,,,,0,0,,,
Tongka,'tɔŋkɑ:,,童卡(泰国西南部港市) [亦作 Tongkah],,,,,0,0,,,
Tongkah,,,[地名] *童卡(普吉的旧称) ( 泰 ),,,,,0,0,,,
tongkang,'tɔŋkɑ:ŋ,n. A kind of boat or junk used in the seas of the Malay\n   Archipelago.,n. 马来群岛式大号木帆船(用作海上货船),,,,,0,0,,,
tongkangs,tɔŋ'kæŋ,,n.\n(东印度群岛)大型木帆船,,,,,0,0,,,
tongkeamah,,,[网络] 通卡马,,,,,0,0,,,
Tongkinese,,,[网络] 同济语,,,,,0,0,,,
Tongking,'tɔŋ'kiŋ,,n. 东京(越南北部一地区的旧称),,,,,0,0,,,
"Tongking, Gulf of",,,[地名] *东京湾(北部湾的旧称) ( 中·越 ),,,,,0,0,,,
Tongkingese,",tɔŋki'ŋ'i:z; -'i:s",,"a. , n. Tongking的变形",,,,,0,0,,,
Tongland,,,[地名] 汤兰 ( 英 ),,,,,0,0,,,
Tonglau,,,[地名] 栋劳 ( 缅 ),,,,,0,0,,,
Tongli,,,"通里,下法",,,,,0,0,,,
Tongliao,,,n.通辽,,,,,0,0,,,
Tongling,,,n.铜陵,,,,,0,0,,,
Tonglu,,,桐廬（中国地名） ,,,,,0,0,,,
Tongluo Township,,,銅鑼鄉（台湾地名） ,,,,,0,0,,,
tongman,'tʌŋmæn,,n. 夹钳工；小型轧机操作工\n[网络] 董旻,,,,,0,0,,,
Tongmun-gol,,,东门里,,,,,0,0,,,
Tongmun-ri,,,[地名] 东门里 ( 朝 ),,,,,0,0,,,
Tongnaegang,,,[地名] 东莱江 ( 朝 ),,,,,0,0,,,
Tongni,,,[地名] 通里 ( 韩 ),,,,,0,0,,,
Tongnim,,,[地名] 东林 ( 朝 ),,,,,0,0,,,
tongnim (dongnim),,,东林,,,,,0,0,,,
Tongnim-gun,,,[地名] 东林郡 ( 朝 ),,,,,0,0,,,
Tongnimbong,,,[地名] 东林峰 ( 朝 ),,,,,0,0,,,
Tongnimp'okp'o,,,[地名] 东林瀑布 ( 朝 ),,,,,0,0,,,
Tongnogang,,,[地名] 秃鲁江 ( 朝 ),,,,,0,0,,,
Tongnyonggul,,,[地名] 东龙窟 ( 朝 ),,,,,0,0,,,
tongo,,n. The mangrove; -- so called in the Pacific Islands., [地名] [澳大利亚、尼日利亚] 通戈,,,,,0,0,s:tongoes,,
Tongo L.,,,[地名] 通戈湖 ( 澳 ),,,,,0,0,,,
Tongobory,,,[地名] 通古布里 ( 马达 ),,,,,0,0,,,
tongoes,,, [地名] [澳大利亚、尼日利亚] 通戈\n(tongo 的复数),,,,,0,0,0:tongo/1:s,,
tongogara,,,通戈加拉,,,,,0,0,,,
tongolense,,,[网络] 新都桥乌头；川西翠雀花,,,,,0,0,,,
tongolensis,,,[网络] 东俄洛黄耆；东俄洛紫菀；东俄洛龙胆,,,,,0,0,,,
Tongoloa,,,n. 东俄芹属,,,,,0,0,,,
Tongoloa dunnii,,,n. 宜昌东俄芹,,,,,0,0,,,
Tongoloa elata,,,n. 大东俄芹,,,,,0,0,,,
Tongoloa gracilis,,,n. 纤细东俄芹,,,,,0,0,,,
Tongoloa loloensis,,,n. 云南东俄芹,,,,,0,0,,,
Tongoloa rockii,,,[网络] 中甸东俄芹,,,,,0,0,,,
Tongoloa rubronervis,,,n. 红脉东俄芹,,,,,0,0,,,
Tongoloa silaifolia,,,n. 城口东俄芹,,,,,0,0,,,
Tongoloa stewardii,,,n. 牯岭东俄芹,,,,,0,0,,,
Tongoloa taeniophylla,,,n. 条叶东俄芹,,,,,0,0,,,
Tongoloa tenuifolia,,,n. 细叶东俄芹,,,,,0,0,,,
Tongoloa zhongdianensis,,,n. 中甸东俄芹,,,,,0,0,,,
Tongoy,,,[地名] 通戈伊 ( 智 ),,,,,0,0,,,
Tongquil I.,,,[地名] 通基尔岛 ( 菲 ),,,,,0,0,,,
Tongren,,,铜仁（中国地名） ,,,,,0,0,,,
Tongres,,,[地名] 通格尔(通厄伦的法语名称) ( 比 ),,,,,0,0,,,
Tongrian,,,[网络] 通格里阶,,,,,0,0,,,
tongs,tɔŋz,n. any of various devices for taking hold of objects; usually have two hinged legs with handles above and pointed hooks below,"n. 钳子, 夹具\n[医] 钳",n:100,,,gre,0,15320,0:tong/1:s/s:tongss,,
tongs for nails,,, [医]起钉钳,,,,,0,0,,,
tongs furnace charger,,,夹钳加料机,,,,,0,0,,,
tongs hold,,,压钳口,,,,,0,0,,,
tongs operation mechanism,,,夹钳操作机构,,,,,0,0,,,
tongs type grab,,,抓钳,,,,,0,0,,,
Tongsa,,,[地名] 通萨 ( 不丹 ),,,,,0,0,,,
Tongsa Dzong,,,[地名] 通萨宗 ( 不丹 ),,,,,0,0,,,
tongsal-li (tongsan-ni),,,东山里,,,,,0,0,,,
Tongsan-ri,,,[地名] 东山里 ( 朝 ),,,,,0,0,,,
Tongsang-dong,,,东上洞,,,,,0,0,,,
tongshan,,,[网络] 通山县；唐山港；中山月拔,,,,,0,0,,,
Tongsin,,,[地名] 东新 ( 朝 ),,,,,0,0,,,
Tongsin-gun,,,[地名] 东新郡 ( 朝 ),,,,,0,0,,,
tongsman,'tɔŋzmən; 'tɔ:ŋ-,,n. 钳工；夹钳工,,,,,0,0,,,
tongss,,,[网络] 水树,,,,,0,0,0:tongs/1:s,,
tongster,,,"n. 帮会成员,…堂成员",,,,,0,0,,,
Tongta,,,[地名] 栋达 ( 缅 ),,,,,0,0,,,
Tongtian,,,通天,,,,,0,0,,,
tonguage,,,[网络] 舌头,,,,,0,0,,,
tongue,tʌŋ,n. a mobile mass of muscular tissue covered with mucous membrane and located in the oral cavity\nn. any long thin projection that is transient\nn. a manner of speaking\nn. the tongue of certain animals used as meat,"n. 舌, 语言能力, 讲话方式, 语言\nvt. 舔, 斥责, 发...的音\nvi. 使用舌头, 吹管乐器",v:1/n:99,2,1,zk gk cet4 cet6 ky toefl ielts,2831,2871,s:tongues/i:tonguing/p:tongued/3:tongues/d:tongued,,
tongue (horizon boundary),,,舌状界,,,,,0,0,,,
tongue (image),,,舌象,,,,,0,0,,,
tongue - and - groove joint,,,un. 企口接缝；舌槽接合\n[网络] 舌套式接头；企口式接头；槽榫接合,,,,,0,0,,,
tongue abscess,,,[医] 舌脓肿,,,,,0,0,,,
tongue action,,Oral sex\n> Really Good Oral Tongue action preformed by male or female\n,,,,,,0,0,,,
tongue amperemeter,,,舌簧式电流表,,,,,0,0,,,
tongue amputation,,,断舌,,,,,0,0,,,
tongue and groove,,,榫槽式,,,,,0,0,,,
tongue and groove board,,,企口板,,,,,0,0,,,
tongue and groove face,,,榫槽面;榫槽面,,,,,0,0,,,
tongue and groove face flange,,,榫槽面法兰,,,,,0,0,,,
tongue and groove flange,tʌŋ ənd ɡruv flændʒ,, 榫槽面法兰,,,,,0,0,,,
tongue and groove joint,,,[化] 榫槽接合,,,,,0,0,s:tongue and groove joints,,
tongue and groove joints,,,榫槽接,,,,,0,0,0:tongue and groove joint/1:s,,
tongue and groove labyrinth,,,舌槽迷宫式,,,,,0,0,,,
tongue and groove method,,,un. 闭口式孔型轧制法,,,,,0,0,,,
tongue and groove plank,,,[网络] 嵌口接合板；嵌口板,,,,,0,0,,,
tongue and groove rolling,,,un. 闭口孔型轧制,,,,,0,0,,,
tongue and groove seal contact face,,,榫槽密封面,,,,,0,0,,,
tongue and groove with bead joint,,,un. 圆线企口接,,,,,0,0,,,
Tongue and Groover,,,tongue and groove\n【建筑业】舌榫,,,,,0,0,,,
tongue apparatus of petromyzon,,,八目鳗舌器,,,,,0,0,,,
tongue attachment,,,尖轨附件(如尖轨耳铁),,,,,0,0,,,
tongue bar,,,舌条；次级鳃条,,,,,0,0,,,
tongue bars,,,舌条,,,,,0,0,,,
Tongue Bath,,,[网络] 舌洗,,,,,0,0,,,
tongue bend test,,,un. 舌状弯曲试验,,,,,0,0,,,
tongue biting,,,咬舌,,,,,0,0,,,
tongue blade,,,= tongue depressor,,,,,0,0,,,
tongue bleeding,,,舌衄,,,,,0,0,,,
tongue bone,,,na. 【解】舌骨,,,,,0,0,,,
tongue cancer,,,舌癌,,,,,0,0,,,
tongue carcinoma,,,舌菌,,,,,0,0,,,
tongue clacker,,,[网络] 舌acker子,,,,,0,0,,,
tongue clackers,,,[网络] 舌ers子,,,,,0,0,,,
tongue clacking,,,[网络] 舌头紧张,,,,,0,0,,,
tongue color,,,舌色,,,,,0,0,,,
tongue condition,,,舌态,,,,,0,0,,,
tongue connector,,,舌系,,,,,0,0,,,
tongue crib,,,舌刺,,,,,0,0,,,
tongue cyst,,,舌囊肿,,,,,0,0,,,
tongue deflector,,,[医] 压舌器,,,,,0,0,,,
tongue depressor,,,"[医] 压舌板, 压舌器",,,,,0,0,s:tongue depressors,,
tongue depressors,,,压舌板,,,,,0,0,0:tongue depressor/1:s,,
tongue draft tube,,,[机] 舌形吸出管,,,,,0,0,,,
tongue enough for two sets of teeth,,,[口语]饶舌，长舌(一般与 with 或 have 连用),,,,,0,0,,,
tongue examination,,,舌诊,,,,,0,0,,,
tongue excision,,,[医] 舌切除术,,,,,0,0,,,
tongue fern,,,[网络] 石苇,,,,,0,0,s:tongue ferns,,
tongue ferns,,,[网络] 石苇\n(tongue fern 的复数),,,,,0,0,0:tongue fern/1:s,,
tongue file,,,小圆锉,,,,,0,0,,,
tongue filler,,,[服装] 鞋舌衬垫,,,,,0,0,,,
tongue fish,,,"短状鞋底鱼, 双线鞋底鱼",,,,,0,0,,,
tongue flange,,,榫面法兰,,,,,0,0,,,
tongue floor,,,[建] 企口铺板,,,,,0,0,,,
tongue forceps,,,[医] 舌钳,,,,,0,0,,,
tongue fu,,,[网络] 口舌功夫,,,,,0,0,,,
tongue gangrene,,,[医] 舌坏疽,,,,,0,0,,,
tongue graft,,,舌接[亦作 whip graft],,,,,0,0,,,
tongue grafting,,,舌接,,,,,0,0,,,
tongue hill,,,[地质] 舌状丘,,,,,0,0,,,
tongue in ... cheek,,,na. 口是心非\n[网络] 挖苦地；闲磕牙；开玩笑的,,,,,0,0,,,
tongue in cheek,,,"假心假意地,言不由衷地;挖苦地",,,,,0,0,,,
tongue in chic,,,[网络] 时尚八卦,,,,,0,0,,,
tongue indentation,,,[医] 舌切迹,,,,,0,0,,,
tongue inspection,,,舌诊,,,,,0,0,,,
tongue jaw,,,带舌接杆,,,,,0,0,,,
tongue joint,,,舌榫接合,,,,,0,0,,,
tongue joint with lug,,,带舌接合杆,,,,,0,0,,,
tongue joint with movable lug,,,带活舌接合杆,,,,,0,0,,,
tongue kiss,,,舌吻,,,,,0,0,,,
tongue kisses,,,舌吻,,,,,0,0,,,
tongue lashing,,,na. 〈口〉辱骂；训斥\n[网络] 狠狠训斥；冻结之舞,,,,,0,0,,,
tongue lashings,,,[网络] 舌头捆绑,,,,,0,0,,,
tongue like basin,,,舌状盆地,,,,,0,0,,,
tongue manifestation,,,舌象,,,,,0,0,,,
tongue map,,,[网络] 舌头的味蕾分布；舌头地图；味觉图,,,,,0,0,,,
tongue method,,,舌形试样法,,,,,0,0,,,
tongue miter,,,斜拼合,,,,,0,0,,,
tongue mitre,,,舌榫斜拼合,,,,,0,0,,,
tongue mount,,,耳环安装,,,,,0,0,,,
tongue of drill,,,[网络] 钻头舌榫,,,,,0,0,,,
Tongue of the Ocean,,,[地名] 巴哈马海舌 ( 加勒 ),,,,,0,0,,,
tongue of the trump,,,"头子,首要人物",,,,,0,0,,,
tongue ornament,,,舌饰,,,,,0,0,,,
tongue paste,,,"碎(牛)舌,舌酱",,,,,0,0,,,
tongue pattern,,,舌状花样,,,,,0,0,,,
tongue phenomenon,,,"[医] 舌现象(轻轻向舌上叩击时引起舌收缩与深度下陷,见于手足搐搦)",,,,,0,0,,,
tongue piece,,,舌片,,,,,0,0,,,
tongue pin,,,舌桿；滑桿；锭针,,,,,0,0,,,
tongue position,,,舌位,,,,,0,0,,,
tongue protector,,,[医] 护舌器,,,,,0,0,,,
Tongue Pt.,,,[地名] 汤角 ( 美、新西 ),,,,,0,0,,,
tongue quality,,,舌质,,,,,0,0,,,
tongue r.,,,汤河,,,,,0,0,,,
tongue rail,,,尖轨,,,,,0,0,,,
tongue retractor,,,[医] 舌牵开器,,,,,0,0,,,
tongue ring,,,[网络] 舌环；舌环……的；舌钉,,,,,0,0,,,
tongue rings,,,[网络] 舌环,,,,,0,0,,,
Tongue River,,,[网络] 唐河,,,,,0,0,,,
tongue roll,tʌŋ,,凸舌轧辊,,,,,0,0,,,
tongue rolling,,,卷舌,,,,,0,0,,,
tongue root,,,舌根,,,,,0,0,,,
tongue sandwich,,,[网络] 舌泥三明治,,,,,0,0,,,
tongue sandwiches,,,[网络] 舌三明治,,,,,0,0,,,
tongue sausage,,,舌泥香肠,,,,,0,0,,,
tongue scraper,,,[医] 舌刮,,,,,0,0,,,
tongue shape,,,舌形,,,,,0,0,,,
tongue sheath,,,舌鞘,,,,,0,0,,,
tongue shell,,,舌贝,,,,,0,0,,,
tongue sign,,,"[医] 舌征(潜在性手足搐搦时的一种舌征;斑疹伤寒时,舌伸出困难)",,,,,0,0,,,
tongue skiving,,,舌头片边,,,,,0,0,,,
tongue sole,,,舌鳎鱼,,,,,0,0,,,
tongue sores,,,舌疮,,,,,0,0,,,
tongue spirit,,,舌神,,,,,0,0,,,
tongue stock,,,(鞋)舌头料,,,,,0,0,,,
tongue stone,,,[网络] 舌石,,,,,0,0,,,
tongue stud,,,[网络] 舌钉,,,,,0,0,,,
tongue sucking,,,[医] 吸舌,,,,,0,0,,,
tongue swallowing,,,[医] 舌退缩,,,,,0,0,,,
tongue switch,,,尖轨转辙器(旧式拨动尖轨道岔),,,,,0,0,,,
tongue tear,,,切口撕裂,,,,,0,0,,,
tongue tear strength,,,舌形撕破强力,,,,,0,0,,,
tongue tear test,,,舌形试样撕破强力试验,,,,,0,0,,,
tongue teeth,,,舌齿,,,,,0,0,,,
tongue test,,,"[医] 舌试验, 舌现象(检手足搐搦)",,,,,0,0,,,
tongue thrusting,,,吐舌习惯,,,,,0,0,,,
tongue tie,tʌŋ tai,, 结舌,,,,,0,0,s:tongue ties,,
tongue tied,,,"adj. (由于害羞,尴尬等)讲不出话(的)；【医】舌头短的；发音不清的\n[网络] 舌头打结；张口结舌；表示瞠目结舌",,,,,0,0,,,
tongue ties,,,舌系带过短,,,,,0,0,0:tongue tie/1:s,,
tongue tip,,,[医] 舌尖,,,,,0,0,,,
tongue toast,,,[网络] 牛舌多士,,,,,0,0,,,
tongue tool,,,舌形旋压工具,,,,,0,0,,,
tongue traction,,,[医] 舌牵引,,,,,0,0,,,
tongue tumor or sublingual fibroma,,,重舌,,,,,0,0,,,
tongue twist,,,[网络] 英语绕口令,,,,,0,0,,,
tongue twister,,,绕口令,,,,,0,0,s:tongue twisters,,
tongue twisters,,,na. 绕口令\n[网络] 英语绕口令；英文绕口令；美语绕口令,,,,,0,0,0:tongue twister/1:s,,
tongue type switch,,,un. 舌形转辙器,,,,,0,0,,,
tongue typo,,"What happens when you know perfectly well what you want to say but it comes out wrong.\n> It's a tongue typo when you trip over your words and accidentally call your friend Mike instead of by his actual name, Mark.\n",,,,,,0,0,,,
tongue wedge,,,舌片式槽楔,,,,,0,0,,,
tongue weld,,,[网络] 嵌合锻接；嵌锻接；嵌合焊接,,,,,0,0,,,
tongue wooden,,,木舌病，舌放射菌病,,,,,0,0,,,
tongue worm,,,[医] 舌形虫,,,,,0,0,s:tongue worms,,
tongue worm disease,,,舌状虫病,,,,,0,0,,,
tongue worms,,,舌形虫属,,,,,0,0,0:tongue worm/1:s,,
"Tongue, Kyle of",,,[地名] 汤格湾 ( 英 ),,,,,0,0,,,
tongue-and groove connection,,,舌槽接合,,,,,0,0,,,
tongue-and-groove,'tʌŋ'ændɡr'u:v,,n. 舌榫; 榫槽,j:100,,,,0,0,s:tongue-and-grooves,,
tongue-and-groove boards,,,企口,,,,,0,0,,,
tongue-and-groove connection,,,企口接合,,,,,0,0,,,
tongue-and-groove flooring,,,企口地板,,,,,0,0,,,
tongue-and-groove joint,,,企口接合;舌槽式接合,,,,,0,0,,,
tongue-and-groove labyrinth,,,舌槽迷路,,,,,0,0,,,
tongue-and-groove method,,,闭口式孔型轧制法,,,,,0,0,,,
tongue-and-groove pass,,,闭口孔型;直孔闭孔型,,,,,0,0,,,
tongue-and-groove rolling,,,闭口孔型轧制,,,,,0,0,,,
tongue-and-groove siding,,,企口墙板,,,,,0,0,,,
tongue-and-groove suture,,,"[医] 成形缝术, 整形缝术",,,,,0,0,,,
tongue-and-grooved,,,[木] 企口接合的,,,,,0,0,,,
tongue-and-grooves,,,n. 舌榫,,,,,0,0,0:tongue-and-groove/1:s,,
tongue-base,,,[网络] 舌根；舌底；舌根部,,,,,0,0,,,
tongue-bath,,,[网络] 舌洗,,,,,0,0,,,
tongue-bit,'tʌŋbit,,n. 有阻舌片的马嚼子,,,,,0,0,,,
tongue-biting,,,咬舌,,,,,0,0,,,
tongue-bleeding,,,舌下出血,,,,,0,0,,,
tongue-bone,,,[医] 舌骨,,,,,0,0,,,
tongue-boring,,,[网络] 舌头无聊,,,,,0,0,,,
tongue-clacker,,,[网络] 舌acker子,,,,,0,0,,,
tongue-fish,,,[网络] 短状鞋底鱼；半滑舌鳎,,,,,0,0,,,
tongue-flower,,,[网络] 舌花,,,,,0,0,s:tongue-flowers,,
tongue-flowers,,,[网络] 舌花\n(tongue-flower 的复数),,,,,0,0,0:tongue-flower/1:s,,
tongue-groove joint,,,[木] 企口拼,,,,,0,0,,,
tongue-groove suture,,,嵌插缝合,,,,,0,0,,,
tongue-hill,,,舌状丘,,,,,0,0,,,
tongue-in-cheek,,s cleverly amusing in tone\nr in a bantering fashion\nr not seriously,"a. 无诚意的, 不当真的, 半开玩笑的",j:100,,,,0,0,s:tongues-in-cheek,,
tongue-in-chic,,,[网络] 时尚八卦,,,,,0,0,,,
tongue-in-groove,,,[网络] 舌榫嵌入凹槽,,,,,0,0,,,
tongue-in-the-cheek,'tʌŋinðə'tʃi:k,,adj. = tongue-in-cheek,,,,,0,0,,,
tongue-kiss,,,舌吻,,,,,0,0,,,
tongue-kisses,,a passionate kiss in which participants' tongues extend to touch the other participant's lips or tongue\n> Kaden and Erin were caught tongue kissing near the gym.\n,,,,,,0,0,,,
tongue-kissing,,"Sticking ones tongue out while your partner does the same and both of you rub and lick each other's tongues.\n> I stuck my tongue out at her, and she stuck her tongue out, and then we started Tongue Kissing. It was weird, but satisfying.\n",,,,,,0,0,,,
tongue-lash,'tʌŋlæʃ,,"vt. 严厉责备, 大骂",,,,,0,0,,,
tongue-lashed,'tʌŋlæf,,vt. 大骂；严厉责备,,,,,0,0,,,
tongue-lashing,"'tʌŋ,læʃiŋ",n rebuking a person harshly,"n. 斥责, 严斥",n:100,,,,0,0,s:tongue-lashings,,
tongue-lashings,,plural of tongue-lashing\nn rebuking a person harshly,"(tongue-lashing 的复数) n. 斥责, 严斥",,,,,0,0,0:tongue-lashing/1:s,,
tongue-like basin,,,舌状盆地,,,,,0,0,,,
tongue-like distribution,,,舌状分布,,,,,0,0,,,
tongue-lolling,,,[网络] 舌头啰嗦,,,,,0,0,,,
tongue-lolling bit,,,[网络] 舌头一点,,,,,0,0,,,
tongue-lolling bits,,,[网络] 舌头烂摊子,,,,,0,0,,,
tongue-man,,,[网络] 舌头人,,,,,0,0,,,
tongue-numbing,,,[网络] 麻,,,,,0,0,,,
tongue-pad,,,[网络] 舌垫,,,,,0,0,,,
tongue-pads,,,[网络] 舌垫,,,,,0,0,,,
tongue-punch,,to forcefully thrust your tongue into one of many holes\n> im going to tongue punch your fartbox\n,,,,,,0,0,,,
tongue-punches,,to forcefully thrust your tongue into one of many holes\n> im going to tongue punch your fartbox\n,,,,,,0,0,,,
Tongue-Rolling,,,卷舌,,,,,0,0,,,
tongue-shaped,,s shaped like a tongue,"[医] 舌状的, 舌形的",,,,,0,0,s:tongue-shapeds,,
tongue-shapeds,,,"[医] 舌状的, 舌形的\n(tongue-shaped 的复数)",,,,,0,0,0:tongue-shaped/1:s,,
tongue-shell,,,[网络] 舌壳,,,,,0,0,,,
tongue-shells,,,[网络] 舌壳,,,,,0,0,,,
tongue-shy,,,"a. 羞怯得不能说话的, 结巴的",,,,,0,0,,,
tongue-spatula,,,"[医] 压舌板, 压舌器",,,,,0,0,,,
Tongue-sucking,,,吮舌癖,,,,,0,0,,,
tongue-swallowing,,,[医] 舌下沉,,,,,0,0,,,
tongue-tie,,v. deprive of speech,n. 结舌\nvt. 使发音不清,,,,,0,0,,,
tongue-tied,,v deprive of speech\ns unable to express yourself clearly or fluently,"a. 结舌的, 说不出话的, 缄默的",j:100,,,,0,0,,,
tongue-tip,,,舌尖,,,,,0,0,s:tongue-tips,,
tongue-tips,,,舌尖\n(tongue-tip 的复数),,,,,0,0,0:tongue-tip/1:s,,
tongue-to-lip adhesion operation,,,舌唇粘连术,,,,,0,0,,,
tongue-twister,tʌŋ 'twɪstə(r),,n. 拗口的句子（或表达）; 绕口令,,,,,0,0,s:tongue-twisters,,
tongue-twisters,tʌŋ'twistə,,n. 绕口令,,,,,0,0,0:tongue-twister/1:s,,
tongue-twisting,"'tʌŋ,twistiŋ",,adj. 绕口令的; 难以流利说出的；拗口的,j:100,,,,0,0,s:tongue-twistings,,
tongue-twistings,"'tʌŋ,twistiŋ",,adj. 绕口令的；难以流利说出的；拗口的,,,,,0,0,0:tongue-twisting/1:s,,
tongue-tying,,,vt. tongue-tie的变形,,,,,0,0,,,
tongue-type switch,,,舌形转辙器,,,,,0,0,,,
tongueandgroove,tʌnɡændɡ'ruːv,,adj. 企口接合的(舌榫的；密封的)\nn. 舌槽,,,,,0,0,,,
tongued,tʌŋd,a. provided with or resembling a tongue; often used in combination\ns. having a manner of speaking as specified; often used in combination,"a. 有...舌头的, 有...说话方式的",j:100,,,,40332,45451,0:tongue/1:p,,
tongued advance,,,舌进,,,,,0,0,,,
tongued and grooved,,,舌与槽,,,,,0,0,,,
tongued and grooved board,,,口板,,,,,0,0,,,
tongued and grooved flange,,,榫槽面法兰,,,,,0,0,,,
tongued and grooved flanges,,,[化] 密封法兰; 舌槽法兰,,,,,0,0,,,
tongued and grooved floor,,,口地板,,,,,0,0,,,
tongued and grooved flooring,,,口板地面,,,,,0,0,,,
tongued and grooved joint,,,槽榫接合,,,,,0,0,,,
tongued and grooved surface,,,"舌槽面,雌雄面",,,,,0,0,,,
tongued flange,,,[机] 阳凸缘,,,,,0,0,,,
tongued washer,,,凸边[吐舌]垫圈,,,,,0,0,,,
tongued-and-groove plane,,,企口刨,,,,,0,0,,,
tongued-and-grooved,,,企口,,,,,0,0,,,
tongued-and-grooved edges,,,企口侧边,,,,,0,0,,,
tongued-and-grooved joint,,,雌雄榫接合,,,,,0,0,,,
tongued-and-grooved plywoods,,,企口胶合板,,,,,0,0,,,
tonguedness,,,[网络] 舌头,,,,,0,0,,,
tonguefish,'tʌŋfiʃ,n left-eyed marine flatfish whose tail tapers to a point; of little commercial value,n. [鱼]舌鳎,,,,,0,0,,,
tonguefishes,,,n. 东方鳎\n[网络] 鳎目鱼,,,,,0,0,,,
tongueflower,'tʌŋfləʊər,, 舌形花,,,,,0,0,s:tongueflowers,,
tongueflowers,,, 舌形花\n(tongueflower 的复数),,,,,0,0,0:tongueflower/1:s,,
tonguefuck,,,[网络] 舌头,,,,,0,0,,,
tonguefucked,,,[网络] tongue嘴,,,,,0,0,,,
tonguefucker,,,[网络] 舌头,,,,,0,0,,,
tonguefuckers,,,[网络] 舌头,,,,,0,0,,,
tonguefucking,,,[网络] tongue嘴,,,,,0,0,,,
tonguefucks,,,[网络] 舌头,,,,,0,0,,,
tongueful,,,[网络] 舌头,,,,,0,0,,,
tonguejob,,,[网络] 舌头,,,,,0,0,,,
tongueless,'tʌŋlis,a. lacking a tongue,"a. 没有舌头的, 缄默的, 哑的",j:100,,,,0,45294,,,
tongueless frog,,,[网络] 舌头的青蛙,,,,,0,0,s:tongueless frogs,,
tongueless frogs,,,[网络] 无耻的青蛙,,,,,0,0,0:tongueless frog/1:s,,
tongueless plough,,,无辕犁,,,,,0,0,,,
tonguelessly,,,[网络] 同情,,,,,0,0,,,
tonguelet,'tʌŋlit,n. A little tongue.,"n. 小舌,小舌状物",,,,,0,0,,,
tonguelets,'tʌŋlit,,n.\n小舌；舌状突起,,,,,0,0,,,
tonguelike,tʌŋ'laɪk,s resembling a tongue in form or function, 舌样的,,,,,0,0,,,
tonguelike distribution,,,舌状分布[水文要素的],,,,,0,0,,,
tonguely,,,[网络] 吝啬,,,,,0,0,,,
tongueman,,,[网络] 通,,,,,0,0,,,
tonguepad,,,[网络] 通路纸,,,,,0,0,,,
tonguepads,,,[网络] 舌头,,,,,0,0,,,
tonguer,,,[网络] 舌头震,,,,,0,0,,,
tongues,tʌŋz,"n a mobile mass of muscular tissue covered with mucous membrane and located in the oral cavity\nn a human written or spoken language used by a community; opposed to e.g. a computer language\nn any long thin projection that is transient\nn a manner of speaking\nn a narrow strip of land that juts out into the sea\nn the tongue of certain animals used as meat\nn the flap of material under the laces of a shoe or boot\nn metal striker that hangs inside a bell and makes a sound by hitting the side\nv articulate by tonguing, as when playing wind instruments\nv lick or explore with the tongue",n. 语言( tongue的名词复数 ); 舌头; 舌状物; 鞋舌,,,,,0,0,1:s3/0:tongue,,
tongues are wagging,,,人们议论纷纷，有人在说闲话；人们议论纷纷，有人在说闲话,,,,,0,0,,,
Tongues are wagging.,,,人们议论纷纷(或说闲话)。,,,,,0,0,,,
tongues of albic horizon,,,漂白层,,,,,0,0,,,
tongues wag,,,议论纷纷,,,,,0,0,,,
tongues wagging,,,议论纷纷,,,,,0,0,,,
tongues-in-cheek,,,"a. 无诚意的, 不当真的, 半开玩笑的\n(tongue-in-cheek 的复数)",,,,,0,0,0:tongue-in-cheek/1:s,,
tonguesman,,,[网络] 舌头人,,,,,0,0,,,
tonguester,'tʌŋstә(r),n. One who uses his tongue; a talker; a story-teller; a\n   gossip.,"n. 健谈的人, 饶舌的人",,,,,0,0,,,
tonguesters,'tʌŋstə,,n.\n健谈的人；饶舌的人，碎嘴子,,,,,0,0,,,
tonguetic,,,结舌；舌系带短缩,,,,,0,0,,,
tonguetie,,,"[医] 结舌, 舌系带短缩",,,,,0,0,,,
tonguetied,,,a. 卷舌,,,,,0,0,,,
tongueworm,,,un. 舌虫；舌形虫,,,,,0,0,,,
tongueworms,,,[网络] 一属舌形虫,,,,,0,0,,,
tonguey,,,[网络] 舌头,,,,,0,0,,,
tonguin',,"Means to french kiss.\n\nTo tongue kiss yo girl deeply.\n\nEatin out her pussy.\n> Yo, I was tonguin dat girl down last night!\n",,,,,,0,0,,,
tonguing,'tɔŋiŋ,"v articulate by tonguing, as when playing wind instruments\nv lick or explore with the tongue",n. 〈音〉（吹奏管乐器时的）运舌法,,,,,0,0,0:tongue/1:i/s:tonguings,,
tonguing and grooving machine,,,制榫机,,,,,0,0,,,
tonguing and grooving plane,,,un. 舌刨和槽刨\n[网络] 企口锭,,,,,0,0,s:tonguing and grooving planes,,
tonguing and grooving planes,,,un. 舌刨和槽刨\n[网络] 企口锭\n(tonguing and grooving plane 的复数),,,,,0,0,0:tonguing and grooving plane/1:s,,
tonguing chisel,,,[木] 企口凿,,,,,0,0,,,
tonguing cutter,,,榫槽铣刀,,,,,0,0,,,
tonguing plane,,,[木] 槽刨,,,,,0,0,,,
tonguing-and-grooving plane,'tʌŋiŋən'ɡru:viŋ,,【木工】槽刨，榫舌刨,,,,,0,0,,,
tonguings,'tʌŋɪŋ,,n. 吹奏管乐器时的运舌法\nv. 用舌舔（tongue的ing形式）,,,,,0,0,0:tonguing/1:s,,
tongus fish,,,双线鞋底鱼,,,,,0,0,,,
tonguy,'tʌŋi,"a. Ready or voluble in speaking; as, a tonguy speaker.",a. = tonguey,,,,,0,0,,,
tongva,,,[网络] 通瓦；格瓦部族；通瓦地区,,,,,0,0,,,
Tongwenguan,,,同文馆,,,,,0,0,,,
Tongxiang,,,桐鄉（中国地名） ,,,,,0,0,,,
Tongxiao Township,,,通霄鎮（台湾地名） ,,,,,0,0,,,
tongxieyao formula,,,痛泻要方,,,,,0,0,,,
tongxuan lifei pills,,,通宣理肺丸,,,,,0,0,,,
Tongyang,,,[地名] 东阳 ( 朝 ),,,,,0,0,,,
Tongyeong,,,[地名] 统营 ( 韩 ),,,,,0,0,,,
Tongyi,,,[地名] 通基 ( 缅 ),,,,,0,0,,,
tongyin limestone,,,灯影石灰岩,,,,,0,0,,,
tongyong,,,[网络] 通用汽车水箱；保险学；阃氶偖,,,,,0,0,,,
tongyuan,,,[网络] 商标,,,,,0,0,,,
tongzhi,,,[网络] 同治穆宗；阃氱煡；载淳,,,,,0,0,,,
tongzhou,,, 通州,,,,,0,0,,,
tongziliao,,,瞳子,,,,,0,0,,,
tonha,,,[网络] 山西同华科技有限公司,,,,,0,0,,,
tonhalle,,,[网络] 音乐厅；苏黎世音乐厅；苏黎世市政厅,,,,,0,0,s:tonhalles,,
tonhalles,,,[网络] 音乐厅；苏黎世音乐厅；苏黎世市政厅\n(tonhalle 的复数),,,,,0,0,0:tonhalle/1:s,,
toni,'tәuni,,n. 托妮（女子名）,,,,,22308,0,s:toni,,
Toni Morrison,,,[网络] 托妮·莫里森；摩里森；托尼·莫里森,,,,,0,0,s:toni morrisons,,
toni morrisons,,,[网络] 托妮·莫里森；摩里森；托尼·莫里森\n(toni morrison 的复数),,,,,0,0,0:toni morrison/1:s,,
tonia,,,托妮亚（人名）,,,,,0,0,s:tonias,,
Tonian,,,[网络] 拉伸纪,,,,,0,0,,,
tonias,,,托妮亚（人名）\n(tonia 的复数),,,,,0,0,0:tonia/1:s,,
tonic,'tɒnik,n. lime- or lemon-flavored carbonated water containing quinine\nn. (music) the first note of a diatonic scale\nn. a medicine that strengthens and invigorates\na. of or relating to or producing normal tone or tonus in muscles or tissue,"n. 补药, (音乐)主调音或基音\na. 滋补的, 声调的, 使精神振作的",n:100,1,,ielts gre,7921,12096,s:tonics,,
tonic accent,,, 声调重音,,,,,0,0,s:tonic accents,,
tonic accents,,,【语音学】声调重音；= pitch accent,,,,,0,0,0:tonic accent/1:s,,
tonic action,,,紧张动作,,,,,0,0,,,
tonic amara,,,苦味补药,,,,,0,0,,,
tonic chord,,,主和弦,,,,,0,0,,,
tonic clonic seizure,,,强直阵挛发作,,,,,0,0,,,
tonic contraction,,,"[医] 紧张性收缩, 强直性收缩",,,,,0,0,,,
tonic control,,,[医] 肌紧张控制,,,,,0,0,,,
tonic convulsion,,,[医] 强直性惊厥,,,,,0,0,,,
tonic convulsions,,,强直性惊厥,,,,,0,0,,,
tonic cramp,,,[医] 强直性痉挛,,,,,0,0,,,
tonic discharge,,,紧张性放电,,,,,0,0,,,
tonic epilepsies,,,【医学】强直性癫痫,,,,,0,0,0:tonic epilepsy/1:s,,
tonic epilepsy,,,[医] 强直性癫痫,,,,,0,0,s:tonic epilepsies,,
tonic exercise,,,补养功,,,,,0,0,,,
tonic eye reflex,,,张性眼反射,,,,,0,0,,,
tonic food,ˈtɔnɪk fu:d,, [医]（滋）补（食）品,,,,,0,0,,,
tonic harmony,,,主和声,,,,,0,0,,,
tonic immobility,ˈtɔnɪk ˌɪməʊˈbɪlɪtɪ,, [医]紧张性不动,,,,,0,0,,,
tonic key,,,[网络] 主调；主音,,,,,0,0,s:tonic keys,,
tonic keys,,,[网络] 主调；主音\n(tonic key 的复数),,,,,0,0,0:tonic key/1:s,,
tonic labyrinthine reflex,,,迷路紧张反射,,,,,0,0,,,
tonic labyrinthine reflexes,,,【生理学】迷路紧张反射,,,,,0,0,,,
tonic major,,,【音乐】大调主音,,,,,0,0,,,
tonic minor,,,【音乐】小调主音,,,,,0,0,,,
tonic motor neuron,,,紧张性运动神经元,,,,,0,0,,,
tonic motor unit,,,紧张性运动单位,,,,,0,0,,,
tonic neck reflex,,,颈紧张反射,,,,,0,0,,,
tonic neck reflexes,,,[医] 紧张性颈反射,,,,,0,0,,,
tonic neuromuscular unit,,,紧张性神经肌单位,,,,,0,0,,,
tonic pain,,,僵直性疼痛,,,,,0,0,,,
tonic pedal,,,主音持续音,,,,,0,0,,,
tonic perseveration,,,[医] 紧张性持续动作,,,,,0,0,,,
tonic pill for treating cough and asthma,,,固本咳喘丸,,,,,0,0,,,
tonic postural epilepsy,,,[医] 强直性姿势癫痫,,,,,0,0,,,
tonic pupil,,,[医] 紧张性瞳孔,,,,,0,0,,,
tonic receptor,,,张力感受器,,,,,0,0,,,
tonic reflex,,,[医] 紧张性反射,,,,,0,0,,,
tonic seizure,,,强直发作,,,,,0,0,,,
tonic seventh,,,主音七和弦（絃）,,,,,0,0,,,
tonic sol - fa,,,[网络] 首调唱名法；梭发谱；音乐名词,,,,,0,0,,,
tonic sol fa,,,[网络] 首调唱名法；梭发谱；音乐名词,,,,,0,0,,,
tonic sol-fa,ˈtɔnɪk sɔlˈfɑ:,,"n. 首调唱名法, 唱名记谱法",,,,,0,0,,,
tonic solfa,,,[网络] 首调唱名法,,,,,0,0,s:tonic solfas,,
tonic solfas,,,[网络] 首调唱名法\n(tonic solfa 的复数),,,,,0,0,0:tonic solfa/1:s,,
tonic spasm,,,"[医] 强直性痉挛, 紧张性痉挛",,,,,0,0,,,
tonic spasm of the pharyngeal muscle,,,强直性咽肌痉挛,,,,,0,0,,,
tonic spraying,,,营养喷射,,,,,0,0,,,
tonic syllable,,,[网络] 语调音节；声调重音音节；有一个调节,,,,,0,0,,,
tonic tablet for kidney-reinforcing,,,补肾强身片,,,,,0,0,,,
tonic train,,,音列(正弦调制),,,,,0,0,,,
tonic treatment,,,[医] 补剂疗法; 长期汞疗法,,,,,0,0,,,
tonic triad,,,主音三和弦（絃）,,,,,0,0,,,
tonic water,ˈtɔnɪk ˈwɔ:tə,,"n. 奎宁水, 开胃水",,,,,0,0,,,
tonic waters,,,开胃水；奎宁水,,,,,0,0,,,
tonic wind,,,[食品] 补酒,,,,,0,0,,,
tonic wine,,,滋补酒,,,,,0,0,,,
tonic(s),,,"补药,滋补品",,,,,0,0,,,
tonic-dominant,,,[网络] 主音；属音,,,,,0,0,,,
tonica,,,补剂,,,,,0,0,,,
tonical,,a. Tonic.,a. tonic的变形,,,,,0,0,,,
tonically,'tɔnik,,adv. 使精神振作地,,,,,0,0,,,
Tonichi,,,托尼奇,,,,,0,0,,,
tonicified,,,[网络] 补充,,,,,0,0,,,
tonicifies,,,[网络] 补充,,,,,0,0,,,
tonicify,,,[网络] 补品,,,,,0,0,,,
tonicifying,,,[网络] 补品,,,,,0,0,,,
tonicities,tə(ʊ)'nɪsɪtɪ,,n. 强壮；肌肉弹性；紧张性；调位强度,,,,,0,0,0:tonicity/1:s,,
tonicity,tәu'nisiti,"n. the elastic tension of living muscles, arteries, etc. that facilitate response to stimuli","n. 强壮, 肌肉弹性\n[医] 紧张性, 紧张",,,,,0,0,s:tonicities,,
tonicization,,,[网络] 离调；之将其主音化,,,,,0,0,,,
tonicizations,,,[网络] 补品,,,,,0,0,,,
tonicize,,,[医] 促进紧张,,,,,0,0,,,
tonicized,,,[网络] 补品,,,,,0,0,,,
tonicizes,,,[网络] 补品,,,,,0,0,,,
tonicizing,,,[网络] 补品,,,,,0,0,,,
tonick,,,[网络] 冬甩乐团；香港；铁树兰,,,,,0,0,,,
tonicks,,,[网络] 戒指,,,,,0,0,,,
toniclonic,,,强直阵挛性的,,,,,0,0,,,
tonicoclonic,,,[医] 强直阵挛性的,,,,,0,0,,,
tonicomania,,,"[医] 毒物瘾, 嗜毒癖",,,,,0,0,,,
Tonicorine,,,樟酰胺,,,,,0,0,,,
tonicpupil,,,艾迪氏瞳孔,,,,,0,0,,,
tonicreflex,,,"紧张性反射,强直反射",,,,,0,0,,,
tonics,,n lime- or lemon-flavored carbonated water containing quinine\nn a sweet drink containing carbonated water and flavoring\nn (music) the first note of a diatonic scale\nn a medicine that strengthens and invigorates,补养药,,,,,0,0,0:tonic/1:s,,
tonicum,,,补剂,,,,,0,0,,,
tonie,,,n. 【女名】女子名\n[网络] 何祖光先生；托尼；随手画--剑,,,,,0,0,,,
tonier,ˈtəuniə,,"a. 高贵的, 时髦的( tony的比较级 )",j:100,,,,0,40880,,,
tonierer,,,"a. 高贵的, 时髦的( tony的比较级 )\n(tonier 的比较级)",,,,,0,0,,,
tonierest,,,"a. 高贵的, 时髦的( tony的比较级 )\n(tonier 的最高级)",,,,,0,0,,,
tonies,'təʊnɪ,pl.  of Tony,"a. 时髦的, 漂亮的；贵族化的",,,,,0,0,0:tony/1:s,,
toniest,,,"a. 高贵的, 时髦的( tony的最高级 )",j:100,,,,0,40190,,,
tonification,təʊnɪfɪ'keɪʃən,,n. 补法\n[网络] 补益；滋补,,,,,0,0,,,
tonified,,,[网络] 补充,,,,,0,0,,,
tonifies,,,[网络] 补偿,,,,,0,0,,,
tonify,,,补养,,,,,0,0,,,
tonify Qi of the kidney,,,补肾益气,,,,,0,0,,,
tonify the blood,,,补血,,,,,0,0,,,
tonify the blood and arrest bleeding,,,补血止血,,,,,0,0,,,
tonify the blood to prevent miscarriage,,,补血安胎,,,,,0,0,,,
tonify the kidney,,,补肾,,,,,0,0,,,
tonify the kidney and support yang,,,补肾助阳,,,,,0,0,,,
tonify the kidney to arrest spontaneous emission,,,补肾固精,,,,,0,0,,,
tonify the kidney to improve inspiration,,,补肾纳气,,,,,0,0,,,
tonify the kidney to relieve mental strain,,,补肾安神,,,,,0,0,,,
tonify the liver and kidney,,,补益肝肾,,,,,0,0,,,
tonify the lung,,,补肺,,,,,0,0,,,
tonify the lung to relieve cough,,,补肺止咳,,,,,0,0,,,
tonify without causing stagnation,,,补而不滞,,,,,0,0,,,
tonify yang,,,补阳,,,,,0,0,,,
tonifying,,,n. 补\n[网络] 补益；滋补；健脾,,,,,0,0,,,
tonifying formula,,,补剂,,,,,0,0,,,
tonifying kidney for improving eyesight,,,补肾明目,,,,,0,0,,,
tonifying kidney for preventing miscarriage,,,补肾安胎,,,,,0,0,,,
tonifying method,,,补法,,,,,0,0,,,
tonifying prescription,,,补剂,,,,,0,0,,,
tonifying recipes,,,补益剂,,,,,0,0,,,
tonifying the kidney,,,益肾,,,,,0,0,,,
tonifying yang,,,补阳,,,,,0,0,,,
tonight,tә'nait,n. the present or immediately coming night\nr. during the night of the present day,"n. 今晚, 今夜\nadv. 今晚, 今夜",r:100,4,1,zk gk,1385,910,s:tonights,,
Tonight Show,,,[网络] 今夜秀；今夜脱口秀；今晚秀,,,,,0,0,,,
tonights,,,[网络] 今晚,,,,,0,0,0:tonight/1:s,,
tonika,,,[网络] 图丽；基音,,,,,0,0,,,
Tonikan,,,[网络] 托尼坎,,,,,0,0,,,
Tonila,,,[地名] 托尼拉 ( 墨 ),,,,,0,0,,,
tonillitide,,,扁桃体炎疹,,,,,0,0,,,
tonin,,,[化] 血管紧张素I转化酶,,,,,0,0,,,
tonina,,,[网络] 托尼那；太阳草属,,,,,0,0,,,
toning,'tәuniŋ,v utter monotonously and repetitively and rhythmically\nv vary the pitch of one's speech\nv change the color or tone of\nv change to a color image\nv give a healthy elasticity to,"n. 过调；调色；化妆水, 爽肤水",j:100,,,,27295,28025,0:ton/1:i,,
toning and fixing bath,,,调色定影槽,,,,,0,0,,,
toning control,,,色调控制,,,,,0,0,,,
toning down,,,na. 使柔和；变柔和,,,,,0,0,,,
toning in,,,配合,,,,,0,0,,,
toning lights,,,色调光,,,,,0,0,,,
toning system,,,[计] 显影系统,,,,,0,0,,,
toning up,,,na. 加强；变强；同“tone”\n[网络] 润肤,,,,,0,0,,,
toning-down,,,na. 使柔和；变柔和,,,,,0,0,,,
tonings,,,n. 【语】声调；抑扬；【画】色调；【乐】乐音\nv. 用一种声调说；装腔作势地说；调整(乐器的)调子；柔和色调\n[网络] 调色；调音；爽肤,,,,,0,0,,,
tonino,,,[网络] 托尼诺,,,,,0,0,s:toninoes,,
toninoes,,,[网络] 托尼诺\n(tonino 的复数),,,,,0,0,0:tonino/1:s,,
tonio,,,[网络] 托尼奥；托尼欧；杜二夫,,,,,0,0,s:tonios,,
Toniolo,,,[网络] 纽罗；托尼奥洛；托尼罗,,,,,0,0,,,
tonios,,,[网络] 托尼奥；托尼欧；杜二夫\n(tonio 的复数),,,,,0,0,0:tonio/1:s,,
tonique,,,[网络] 化妆水的法文表示；爽肤水；盈肤露,,,,,0,0,s:toniques,,
toniques,,,[网络] 爽肤,,,,,0,0,0:tonique/1:s,,
tonis,təʊ'nɪz,, [医]中毒,,,,,0,0,,,
tonish,'tɔniʃ,,"流行的, 时髦的",,,,,0,0,,,
tonisha,,,[网络] 吐丝,,,,,0,0,,,
tonishly,,,adv. ton的变形；tonish的变形,,,,,0,0,,,
tonishness,,,n. ton的变形；tonish的变形,,,,,0,0,,,
tonist,,,[网络] 调子,,,,,0,0,,,
tonit,,,[网络] 联赛,,,,,0,0,,,
tonita,,,n. 【女名】女子名\n[网络] 欢迎加入锌；欢迎加入袄；扡快炙,,,,,0,0,,,
tonite,'tәunait,n. An explosive compound; a preparation of gun cotton.,n. 托奈特炸药,,,,,0,0,s:tonites,,
tonites,təu'nait,,n. 托奈特炸药（火棉火药之一种）；今晚（等于tonight）,,,,,0,0,0:tonite/1:s,,
Tonitrin,,,"加压素,抗利尿激素",,,,,0,0,,,
tonitro cirrus,,,须卷云,,,,,0,0,,,
tonitrophobia,,,[医] 雷声恐怖,,,,,0,0,,,
tonitrual,,,[网络] 义务教育,,,,,0,0,,,
tonitruant,,,[网络] 高亢,,,,,0,0,,,
tonitruate,,"tonitruate (third-person singular simple present tonitruates, present participle tonitruating, simple past and past participle tonitruated)\n(rare, intransitive) to thunder\n",,,,,,0,0,,,
tonitruated,,,[网络] 增加,,,,,0,0,,,
tonitruating,,,[网络] 增加,,,,,0,0,,,
tonitruous,,"tonitruous (comparative more tonitruous, superlative most tonitruous)\nthundering\n",,,,,,0,0,,,
tonitruphobia,,,[医] 雷声恐怖,,,,,0,0,,,
Tonj,,,[地名] 通季 ( 苏丹 ),,,,,0,0,,,
Tonj R.,,,[地名] 通季河 ( 苏丹 ),,,,,0,0,,,
tonja,,, [人名] 托尼亚,,,,,0,0,,,
tonk,tɔŋk,,"vi.强打, 轻易获胜",,,,,0,0,s:tonks,,
Tonka,,,[医] 香豆属,,,,,0,0,s:tonkas,,
tonka bean,ˈtɔŋkə,, 零陵香豆,,,,,0,0,s:tonka beans,,
tonka bean camphor,,,黑香豆脑;香豆素,,,,,0,0,,,
tonka bean tree,,,[网络] tonka豆树,,,,,0,0,s:tonka bean trees,,
tonka bean trees,,,[网络] tonka豆树\n(tonka bean tree 的复数),,,,,0,0,0:tonka bean tree/1:s,,
tonka beans,,,零陵香豆;黑香豆,,,,,0,0,0:tonka bean/1:s,,
tonka beans extract,,,黑香豆浸剂,,,,,0,0,,,
tonka resin,,,黑香豆树脂,,,,,0,0,,,
tonka-bean,,,"[医] 香豆, 香翅豆",,,,,0,0,,,
tonkas,,,[网络] 托恩·卡斯；通·卡斯,,,,,0,0,0:tonka/1:s,,
tonkatsu,,,n. 日语。猪排，豚カツ。因為豬排[豚カツ ( TonKaTsu)]的後面兩個音與勝利[勝カツ (KaTsu)]發音相同，因此日本人常常會吃豬排來討個吉利。,,,,,0,0,,,
tonkawa,,, [地名] [美国] 通卡瓦,,,,,0,0,,,
tonker,tɔŋk,,vt.\n[英国俚语]猛打；彻底击败\ntonk2\n[tɔŋk]\nn.\n[澳大利亚俚语]\n脂粉气的男子\n男同性恋者,,,,,0,0,,,
Tonkin,"'tɔn'kin,'tɔŋ-",,n. 东京(越南北部一地区的旧称),,,,,29491,0,,,
tonkin (bac phan),,,东京[地区](北部[地区]),,,,,0,0,,,
tonkin (vietnam),,,招魂歌(越南),,,,,0,0,,,
tonkin cane,,,青篱竹;竹支柱,,,,,0,0,,,
tonkin cane (arundinaria amabilis mc. clure),,,青篱竹,,,,,0,0,,,
"tonkin, gulf of",,, [地名] [中国·越南] 东京湾（北部湾的旧称）,,,,,0,0,,,
tonkinensis,,,[网络] 越南槐；东京；越南山核桃,,,,,0,0,,,
Tonkinese,",tɔnki'ni:z; -'ni:s; ,tɔŋ-",,n. 东奇尼猫,,,,,0,0,,,
tonking,,-ing form of tonk,"(tonk 的现在分词) vi.强打, 轻易获胜",,,,,0,0,0:tonk/1:i/s:tonkings,,
tonking massif,,,北越地块,,,,,0,0,,,
tonkings,'tɔn'kiŋ; 'tɔŋ-,,= Tonkin,,,,,0,0,0:tonking/1:s,,
Tonkino,,,[地名] 通基诺 ( 俄 ),,,,,0,0,,,
Tonkinskiy Rayon,,,[地名] 通基诺区 ( 俄 ),,,,,0,0,,,
tonkotsu,,,[网络] 拉面全部是豚骨汤底；豚骨拉面；豚骨味,,,,,0,0,,,
Tonkovac,,,通科瓦次,,,,,0,0,,,
Tonks,tɔŋk,,vt. [英国俚语]猛打；彻底击败,,,,,42553,0,0:tonk/1:s,,
tonlar,,,abbr. tone operated net loss adjusted receiving 音调控制纯损耗调整接收; tone operated net loss adjuster 音控净损耗调节器,,,,,0,0,,,
tonle,,,[网络] 洞里,,,,,0,0,s:tonles,,
Tonle Chrey,,,[地名] 洞里芝雷 ( 柬 ),,,,,0,0,,,
Tonle Sap,,,洞里萨湖；洞里萨河（柬埔寨）,,,,,0,0,,,
tonles,,,[网络] 洞里\n(tonle 的复数),,,,,0,0,0:tonle/1:s,,
tonlet,,,[网络] 童乐,,,,,0,0,,,
tonlets,,,[网络] 小腿,,,,,0,0,,,
Tonlop,,,[地名] 敦洛 ( 柬 ),,,,,0,0,,,
tonn,'tʌn,,abbr. tonnage 登记吨位，排水量,,,,,0,0,,,
tonn.,,,abbr. tonnage,,,,,0,0,,,
Tonna,,,[地名] 通纳 ( 英 ),,,,,0,0,,,
tonna allium,,,宽沟鹑螺,,,,,0,0,,,
tonna canaliculata,,,平凹鹑螺,,,,,0,0,,,
tonna chinensis,,,中华鹑螺,,,,,0,0,,,
tonna dolium,,,南方花点鹑螺,,,,,0,0,,,
tonna fasciata,,,宫代鹑螺,,,,,0,0,,,
tonna luteostoma,,,黄口鹑螺,,,,,0,0,,,
tonna marginata,,,花鹑螺,,,,,0,0,,,
tonna melanostoma,,,黑口鹑螺,,,,,0,0,,,
tonna olearium,,,栗色鹑螺,,,,,0,0,,,
tonna perdix,,,鹑螺,,,,,0,0,,,
tonna sulcosa,,,褐带鹑螺,,,,,0,0,,,
tonna tessellata,,,厚壳鹑螺,,,,,0,0,,,
Tonnacea,,,八代螺类,,,,,0,0,,,
tonnage,'tʌnidʒ,n. a tax imposed on ships that enter the US; based on the tonnage of the ship,n. 吨位\n[化] 吨位,n:100,,,,21975,22278,s:tonnages,,
tonnage admeasurement,,,[网络] 吨位丈量,,,,,0,0,,,
tonnage and poundage,,,【英国历史】(旧时英国对进出口的每桶酒及每磅羊毛等征收的)桶税和磅税,,,,,0,0,,,
tonnage balance,,,un. 吨位供求平衡关系,,,,,0,0,,,
tonnage board,,,un. 丈量吨位开口封板\n[网络] 减吨开口关闭板；量吨开口盖板,,,,,0,0,,,
tonnage breadth,,,"丈量宽度,量吨宽度(肋骨内缘间宽度)",,,,,0,0,,,
tonnage capability,,,[车辆] 载重能力,,,,,0,0,,,
tonnage capacity,,,量吨容积,,,,,0,0,,,
tonnage certificate,,,吨位证明书,,,,,0,0,,,
tonnage chart,,,机车牵引吨数表,,,,,0,0,,,
tonnage coefficient,,,un. 吨位系数,,,,,0,0,,,
tonnage deck,,,量吨甲板,,,,,0,0,,,
tonnage deduction,,,un. 量吨扣除额\n[网络] 量吨减额,,,,,0,0,,,
tonnage depth,,,量吨船[舱]深,,,,,0,0,,,
tonnage dimensions,,,量吨[丈量]尺度,,,,,0,0,,,
tonnage dues,,,[经] 船舶吨税,,,,,0,0,,,
tonnage dues certificate,,,un. 吨税执照\n[网络] 吨税证书；吨税船舶吨税吨税吨位费；吨税执照复印件一份,,,,,0,0,,,
tonnage dues memo,,,吨税缴款单,,,,,0,0,,,
tonnage duties,,,[网络] 吨位税,,,,,0,0,0:tonnage duty/1:s,,
tonnage duty,ˈtʌnɪdʒ ˈdju:ti,, （船舶）吨税,,,,,0,0,s:tonnage duties,,
tonnage exemption,,,un. 免除丈量吨位\n[网络] 免除吨位,,,,,0,0,,,
tonnage factor,,,吨位因数,,,,,0,0,,,
tonnage freight train,,,重质货物列车,,,,,0,0,,,
tonnage gauging surveyor,,,[网络] 船舶吨位丈量员,,,,,0,0,,,
tonnage hatch,,,un. 量吨舱口\n[网络] 减吨舱口；量吨舱口量吨开口,,,,,0,0,,,
tonnage hatchway,,,[法] 量吨舱口,,,,,0,0,,,
tonnage in excess,,,un. 过剩吨位,,,,,0,0,,,
tonnage launched,,,un. 下水吨位,,,,,0,0,,,
tonnage law,,,un. 吨位丈量规则\n[网络] 吨位法；船舶吨位丈量法则,,,,,0,0,,,
tonnage laws,,,[网络] 吨位法,,,,,0,0,,,
tonnage length,,,(船舶)量吨长度,,,,,0,0,,,
tonnage limitation,,,船吨责任限制,,,,,0,0,,,
tonnage mark,,,吨位标志,,,,,0,0,,,
tonnage measurement,,,吨位丈量,,,,,0,0,,,
Tonnage Measurement of Ship,,,[网络] 船舶吨位丈量,,,,,0,0,,,
tonnage measurement regulation,,,船舶吨位丈量规则,,,,,0,0,,,
tonnage mesurement,,,吨位丈量,,,,,0,0,,,
tonnage mileage,,,货物周转量,,,,,0,0,,,
tonnage noting,,,载重计算法,,,,,0,0,,,
tonnage of bridge,,,梁吨位,,,,,0,0,,,
tonnage of cargo handled,,,货物操作量,,,,,0,0,,,
tonnage of exempted and open spaces,,,[网络] 免除和开敞部位吨位,,,,,0,0,,,
tonnage of freight arrived,,,货物到达吨数,,,,,0,0,,,
tonnage of freight despatched,,,货物发送吨数,,,,,0,0,,,
tonnage of freight transported,,,货物运送吨数,,,,,0,0,,,
tonnage of hatchway,,,[网络] 舱口吨位,,,,,0,0,,,
tonnage of hatchways,,,un. 舱口吨位,,,,,0,0,,,
tonnage of ship,,,[经] 船舶吨位,,,,,0,0,,,
tonnage of traction,,,牵引定数,,,,,0,0,,,
tonnage opening,,,减吨开口,,,,,0,0,,,
tonnage oxygen,,,[化] 工业用氧,,,,,0,0,,,
tonnage plan,,,装载吨位图,,,,,0,0,,,
tonnage pool,,,[网络] 货运联营,,,,,0,0,,,
tonnage production,,,un. 大量生产,,,,,0,0,,,
tonnage rating,,,载重率,,,,,0,0,,,
tonnage ratio,,,吨量比,,,,,0,0,,,
tonnage reduction bulkhead,,,减吨舱壁,,,,,0,0,,,
Tonnage Regulation,,,un. 船舶丈量规则,,,,,0,0,,,
tonnage regulations,,,吨位规例,,,,,0,0,,,
tonnage scale,,,un. 吨位标尺\n[网络] 载重表尺；吨位分度；吨位运费标准,,,,,0,0,,,
tonnage schedule,,,[网络] 吨位运费标准,,,,,0,0,,,
tonnage section,,,un. 丈量剖面\n[网络] 丈量截面,,,,,0,0,,,
tonnage slip,,,[经] 吨税单,,,,,0,0,,,
Tonnage System,,,[网络] 吨位制度,,,,,0,0,,,
tonnage tariff,ˈtʌnɪdʒ ˈtærif,, [财]吨位税,,,,,0,0,,,
tonnage tax,,,[法] 吨税,,,,,0,0,,,
tonnage throughput,,,理量，处理吨数,,,,,0,0,,,
tonnage value,,,吨位船价,,,,,0,0,,,
tonnage well,,,un. 吨位陆\n[网络] 吨位阱；吨位井；量吨井孔,,,,,0,0,,,
tonnage-day in port,,,[网络] 停泊吨位天,,,,,0,0,,,
tonnage-mile,,,[网络] 吨海里,,,,,0,0,,,
tonnage-rent,,,[法] 矿产采掘税,,,,,0,0,,,
tonnages,ˈtʌnɪdʒz,n. a tax imposed on ships that enter the US; based on the tonnage of the ship,n. （衡量船舶大小的排水）吨位( tonnage的复数形式 ); （军舰的）排水量吨位; （货物的）每吨运费; 以吨计算的重量,,,,,0,0,0:tonnage/1:s3,,
tonnarelli,,,[网络] 稍宽的细面,,,,,0,0,,,
Tonnay-Boutonne,,,[地名] 托奈布托讷 ( 法 ),,,,,0,0,,,
Tonnay-Charente,,,[地名] 托奈夏朗德 ( 法 ),,,,,0,0,,,
tonne,tʌn,n a unit of weight equivalent to 1000 kilograms,"n. 吨, 公吨\n[经] 吨",,2,1,,3362,0,s:tonnes,,
tonne coal equivalent,,,吨煤当量,,,,,0,0,,,
tonne coal equivalent kilometre,,,延人公里；延吨公里,,,,,0,0,,,
tonne kilometer,,,吨公里,,,,,0,0,,,
tonne of coal equivalent,,,[网络] 吨煤当量,,,,,0,0,,,
tonne-force,,,公吨力,,,,,0,0,,,
tonne-kilometer,,,吨-公里,,,,,0,0,,,
tonne-kilometers charged,,,计费吨公里,,,,,0,0,,,
tonne-kilometers operated,,,运营吨公里,,,,,0,0,,,
tonneau,'tɒnәu,,n. 汽车后面有座位的部分,n:100,,,,0,43534,s:tonneaux,,
tonneau cover,,,[网络] 座后置物板；车罩；行李罩,,,,,0,0,,,
tonneau panel,ˈtɔnəu ˈpænəl,, 后翼子板,,,,,0,0,,,
tonneau shield,,,外凸风挡,,,,,0,0,,,
tonneaus,,,n. 〈外〉(旧式汽车的)后部座席；(这种旧式汽车的)车身\n[网络] 酒桶；酒桶型；酒桶形,,,,,0,0,,,
tonneaux,,,tonneau的复数形式,,,,,0,0,s:tonneaux/0:tonneau/1:s,,
Tonneins,,,[地名] 托南 ( 法 ),,,,,0,0,,,
tonnel,,,[网络] 托尼尔,,,,,0,0,,,
Tonnel'nyy,,,[地名] 通涅利内 ( 俄 ),,,,,0,0,,,
tonnelle,,,[网络] 吨门,,,,,0,0,,,
tonner,'tʌnә,,n. 载重…吨的船 10000 tonner 万吨轮,,,,,0,0,s:tonners/0:ton/1:r,,
tonner reinsurance,,,船舶全额再保险,,,,,0,0,,,
tonner's risk,,,船舶全险再保险,,,,,0,0,,,
Tonnerre,,,[地名] 托内尔 ( 法 ),,,,,0,0,,,
tonners,,plural of tonner,(tonner 的复数) n. 载重…吨的船 10000 tonner 万吨轮,,,,,0,0,0:tonner/1:s,,
tonnes,tʌnz,n. a unit of weight equivalent to 1000 kilograms,"n. 吨, 公吨( tonne的复数形式 )",,,,,0,0,0:tonne/1:s,,
tonnes per centimeter immersion,,,[网络] 每厘米浸水吨数,,,,,0,0,,,
tonnest,,,n. 吨\n[经] 吨\n(ton 的最高级),,,,,0,0,0:ton/1:t,,
tonni,,,[网络] 托尼,,,,,0,0,s:tonnis,,
TONNIDAE,,,鹑螺科,,,,,0,0,,,
TONNIDEA,,,鹑螺超科,,,,,0,0,,,
tonnie,,,[网络] 彤妮,,,,,0,0,,,
tonnies,,,[网络] 托尼斯；滕尼斯；社会学家滕尼斯,,,,,0,0,,,
Tonning,,,通宁,,,,,0,0,,,
tonning process,,,调色法,,,,,0,0,,,
tonnis,,,[网络] 托尼斯；德国社会学家汤尼斯,,,,,0,0,0:tonni/1:s,,
tonnish,'tɔniʃ,a. In the ton; fashionable; modish.,"n. 吨, 大量, 许多",,,,,0,0,,,
tonnishly,tʌn; tuŋ,,"tonnishly\nadv.\nton的变形\nton\n[tʌn; tuŋ]\nn.\n(重量单位)吨,公吨( = metric ton)\n短吨,美吨( = short ton)\n长吨,英吨( = long ton,shipping ton)\n【航海学】登记吨( = register ton)\n【航海学】容积吨;运货吨;运费吨;丈量吨;尺码吨( = measurement ton,freight ton)\n【航海学】排水量吨( = displacement ton)\n[美国英语](空调机的)冷吨\n[常用复数][口语]大量，许多\n[英国口语]时速100英里\n[英国英语]【板球】100分\n[英国口语]100；(百分制中的)100分\n[英国俚语]100英镑\n[亦作 lip][美国俚语]律师 —[tons]\n[法语]时髦；时式；入时；流行\nadv.\n[英国口语][用以修饰形容词比较级]至极大程度\n[美国口语][用以修饰形容词]非常，极其[略作 T.，t.，tn.(单数和复数)]\n短语:\ncome down on (或 upon) someone like a ton of bricks\n严斥某人；严惩某人；对某人发泄愤怒\ndo a (或 the) ton\n[俚语]以时速100英里开车，以每小时100英里的高速疾驶\nhit someone like a ton of bricks\n使某人惊呆；给某人留下深刻印象\nin the ton\n合乎时髦式样；在流行中\n变形：\nn.\ntons",,,,,0,0,,,
tonnishness,,,n. 吨；很多，大量 (ton的变形),,,,,0,0,,,
tonno,,,[网络] 鲔鱼；托尼可可；金枪鱼,,,,,0,0,s:tonnoes,,
tonnoes,,,[网络] 鲔鱼；托尼可可；金枪鱼\n(tonno 的复数),,,,,0,0,0:tonno/1:s,,
tonny,,,n. 托尼（男子名）,,,,,0,0,,,
tono,,,n. (Tono)人名；(德)托诺；(日)登能 (名),,,,,0,0,s:tonoes,,
tono d'opera,,,歌剧音高,,,,,0,0,,,
tono-,,,"[医] 紧张, 张力, 强直",,,,,0,0,,,
tonoas (dublon i.),,,托诺亚斯岛(杜布隆岛),,,,,0,0,,,
Tonobrein,,,"吡硫醇,脑复新",,,,,0,0,,,
Tonocarble,,,尼可刹米,,,,,0,0,,,
Tonocard,,,[网络] 心血管,,,,,0,0,s:tonocards,,
tonocards,,,[网络] 心血管\n(tonocard 的复数),,,,,0,0,0:tonocard/1:s,,
Tonocarp,,,"妥卡胺,妥克律,多卡胺,室安卡因",,,,,0,0,,,
Tonocholin,,,氨甲酰甲胆碱,,,,,0,0,,,
tonoclonic,,,[医] 强直阵挛性的,,,,,0,0,,,
tonoclonic spasm,,,[医] 强直阵挛性痉挛,,,,,0,0,,,
tonoes,,,n. (Tono)人名；(德)托诺；(日)登能 (名)\n(tono 的复数),,,,,0,0,0:tono/1:s,,
tonofibril,",tɔnәu'faibrәl",,张力原纤维,,,,,0,0,,,
tonofibrilla,,,皮肌纤维,,,,,0,0,,,
tonofibrillae,,,皮肌纤维,,,,,0,0,s:tonofibrillae,,
tonofibrils,,,[网络] 张力原纤维；张力微丝,,,,,0,0,,,
tonofilament,,,张力细丝; 张力原丝,,,,,0,0,,,
tonofilaments,,, [医]张力丝,,,,,0,0,,,
tonofosfan,,,胺甲苯膦酸钠,,,,,0,0,,,
Tonoftal,,,发癣退,,,,,0,0,,,
Tonogen,,,"肾上腺素,副肾素,副肾碱",,,,,0,0,,,
tonogenesis,,,[网络] 声调；声调产生,,,,,0,0,,,
tonogram,"'tɔnә,^ræm",,"张力图, 音调图, 压力图",,,,,0,0,,,
tonograph,"'tɔnә,^rɑ:f",,音调描记器,,,,,0,0,,,
tonographies,tə'nɔɡrəfi,,n. 张力描记器；眼压描记,,,,,0,0,0:tonography/1:s,,
tonographs,"'tɔnəɡrɑ:f, 'təu-, -ɡræf",,n. 张力描记器,,,,,0,0,,,
tonography,,,眼压描记,,,,,0,0,s:tonographies,,
tonoimo,,,[网络] 紫芋,,,,,0,0,,,
tonoli,,,[网络] 特诺利牌,,,,,0,0,,,
tonological,,,[网络] 音调,,,,,0,0,,,
tonologically,,,[网络] 精神上,,,,,0,0,,,
tonologies,,,[网络] 音调,,,,,0,0,,,
tonologist,,,[网络] 音乐学家,,,,,0,0,,,
tonologists,,,[网络] 心理学家,,,,,0,0,,,
tonology,,,[网络] 姑且说是地域学,,,,,0,0,,,
Tonolysin,,,双肼苯达嗪,,,,,0,0,,,
tonomechanical,",tɔnәumi'kænikl",,调位机构的,,,,,0,0,,,
tonomechanics,",tɔnәumi'kæniks",,"调位机构学(Pike用语, 即语素调位学)",,,,,0,0,,,
tonometer,tәu'nɒmitә,n. measuring instrument for measuring tension or pressure (especially for measuring intraocular pressure in testing for glaucoma),"n. 音调计, 汽压计, 血压计\n[医] 张力计; 压力计",,,,,0,0,s:tonometers,,
tonometers,,,n. 【医】眼压计；张力计；血压计；【物】音调计,,,,,0,0,0:tonometer/1:s,,
tonometery,,,眼压测量法,,,,,0,0,,,
tonometric,,,测量音调,,,,,0,0,,,
tonometries,təu'nɔmitri,,n. 张力测定法；音调测量学,,,,,0,0,,,
tonometry,tәu'nɔmitri,n. the measurement of intraocular pressure by determining the amount of force needed to make a slight indentation in the cornea,"n. 音调测量学, 张力测定法\n[医] 张力测量法; 压力测量法",,,,,0,0,,,
Tonometry-Tonography,,,张力测量-张力描记法,,,,,0,0,,,
tonomorpheme,,tonomorpheme (plural tonomorphemes)\n(phonology) A morpheme based on tonemes.\n,,,,,,0,0,,,
tonomyosin,,,张力性肌凝蛋白,,,,,0,0,,,
tononoscillograph,,,[医] 动脉压脉搏描记器,,,,,0,0,,,
Tonopab,,,托诺帕,,,,,0,0,,,
tonopah,,, [地名] [美国] 托诺帕,,,,,0,0,,,
tonophant,,"n. A modification of the kaleidophon, for showing\n   composition of acoustic vibrations. It consists of two thin slips of\n   steel welded together, their length being adjystable by a screw socket.",[医] 音振动描记器,,,,,0,0,,,
tonophily,tәu'nɔfәli,,喜高渗透压(生长),,,,,0,0,,,
tonophosphan,,,胺甲苯膦酸钠,,,,,0,0,,,
tonoplast,"'tɔnә,plɑ:st",,n. [植](包围植物细胞液泡的)液泡膜,,,,,0,0,,,
tonoplast membrane,,,液胞膜,,,,,0,0,,,
tonoplasts,,,n. 〔植〕液泡膜；液泡形成体\n[网络] 液胞膜,,,,,0,0,,,
"Tonoro, R.",,,[地名] 托诺罗河 ( 委 ),,,,,0,0,,,
tonos,,,[网络] 托诺斯；两个八度音阶；种托诺斯,,,,,0,0,,,
tonoscillograph,",tɔnәu'silә^rɑ:f",,"动脉压脉搏描记器, 动脉及毛血细管压力计",,,,,0,0,,,
tonoscope,'tɔnәskәup,,n. 音高镜(歌唱演员能即刻看出自己音高偏差的一种声学仪器),,,,,0,0,,,
Tonosho,,,土庄,,,,,0,0,,,
Tonoshō,,,[地名] 土庄 ( 日 ),,,,,0,0,,,
Tonostan,,,"烟酸己可碱,烟酸己基可可碱",,,,,0,0,,,
Tonota,,,托诺塔,,,,,0,0,,,
tonotaxis,",tɔnәu'tæksis",,趋声性,,,,,0,0,,,
tonotopic,tənə'tɒpɪk,,[医]张力学说的,,,,,0,0,,,
tonotopic localization,,,纯音区域定位,,,,,0,0,,,
tonotopic map,,,音调拓朴地图,,,,,0,0,,,
tonotopic organization,,,音调拓朴排列（结构）,,,,,0,0,,,
tonotopically,,,[网络] 不具音调排列分布,,,,,0,0,,,
tonotopy,,,[网络] 耳蜗的频率拓扑；频率拓扑性质；耳蜗的频次拓扑,,,,,0,0,,,
tonotransducer,,,张力换能器,,,,,0,0,,,
tonotron,'tɔnәtrɔn,,[电] 音调管,,,,,0,0,,,
tonotropic,",tɔnәu'trɔpik",,嗜张力性,,,,,0,0,,,
tonotropism,"tәu'nɔtrә,pizәm",,向声性,,,,,0,0,,,
TONPG,,,[=o-nitrophenyl-β-D-thiogalactoside]邻硝基苯-β-D-硫化半乳糖苷,,,,,0,0,,,
tonqiol,,,三硝基丁基甲苯,,,,,0,0,,,
tonqua bean,'tɔŋkə,,= tonka bean,,,,,0,0,,,
tonqua beans,'tɔŋkə,,= tonka bean,,,,,0,0,,,
tonquin,,,[网络] 东京,,,,,0,0,,,
tonquin bean,,,[网络] 东加豆,,,,,0,0,,,
tonquin beans,,,[网络] tonquin豆,,,,,0,0,,,
Tonquin musk,,,[医] 中路香(即川、青、甘三省所产麝香),,,,,0,0,,,
tonquinol,,,[医] 香豆醇(麝香代用品),,,,,0,0,,,
tonraum,'tɔnrɔ:m,,"音域, 音宇, 音调的复合体共振器",,,,,0,0,,,
tonry,,,[网络] 唐瑞,,,,,0,0,,,
tons,,n. a large number or amount,n. 吨；大量；许多（ton的复数形式）,,,,,0,0,0:ton/1:s/s:tonss,,
tons burden,,,吨负,,,,,0,0,,,
tons dead weight,,,un. 总载重量,,,,,0,0,,,
tons deadweight,,,载重吨位(吨数),,,,,0,0,,,
tons displacement,,,un. 排水吨,,,,,0,0,,,
tons fresh water,,,淡水吨数,,,,,0,0,,,
tons fuel oil,,,燃油吨数,,,,,0,0,,,
tons gross,,,[网络] 总吨位,,,,,0,0,,,
tons of,tʌnz ɔv,,adj. 大量的，很多的，,,,,,0,0,,,
tons of cargo handled,,,货物操作吨,,,,,0,0,,,
tons of displacement,,,[经] 排水吨数,,,,,0,0,,,
tons of fuel per locomotive kilometre,,,每机车公里燃料吨数,,,,,0,0,,,
tons of times,,,"屡次,许多次",,,,,0,0,,,
tons per centimeter immersion,,,每厘米吃水吨数,,,,,0,0,,,
tons per day,,,每日吨数,,,,,0,0,,,
tons per hour,,,un. 每小时吨数；每小时英吨数\n[网络] 吨小时每小时吨数；吨小时,,,,,0,0,,,
tons per inch,,,每英寸吨数,,,,,0,0,,,
tons per inch curve,,,[网络] 每英寸排水吨数曲骊,,,,,0,0,,,
tons per inch immersion,,,浸水吨/英寸,,,,,0,0,,,
tons per man-hour,,,[网络] 吨人·小时,,,,,0,0,,,
tons per minute,,,吨/分,,,,,0,0,,,
tons per square inch,,,吨平方英寸,,,,,0,0,,,
Tons R.,,,[地名] 栋斯河 ( 印 ),,,,,0,0,,,
tons registered,,,注册吨数,,,,,0,0,,,
tons sea water,,,[网络] 海水吨数,,,,,0,0,,,
Tons-Berg,,,通斯山,,,,,0,0,,,
tonsall,,,[网络] 吨,,,,,0,0,,,
Tonsberg,,,滕斯伯格,,,,,0,0,,,
tonsbergite,"'tɔnzbә:,^ait",,中碱正长岩,,,,,0,0,,,
tonse,,,[网络] 达顿士河,,,,,0,0,,,
Tonshayevo,,,[地名] 通沙耶沃 ( 俄 ),,,,,0,0,,,
Tonshayevskiy Rayon,,,[地名] 通沙耶沃区 ( 俄 ),,,,,0,0,,,
tonsil,'tɒnsl,n. either of two masses of lymphatic tissue one on each side of the oral pharynx,n. 扁桃体\n[医] 扁桃体,n:100,,,,25911,21935,s:tonsils,,
tonsil crypt,,,扁桃体隐窝,,,,,0,0,,,
tonsil dissector,,,扁桃体剥离器,,,,,0,0,,,
tonsil elevator and dissector,,,扁桃体剥离器,,,,,0,0,,,
tonsil enucleator,,,扁桃体摘出器,,,,,0,0,,,
tonsil guillotine,,,[医] 扁桃体铡除刀,,,,,0,0,,,
tonsil hemostat,,,扁桃体止血器,,,,,0,0,,,
tonsil hemostatic forceps,,,扁桃体止血钳,,,,,0,0,,,
tonsil hockey,,,[网络] 舌头搅在一起的接吻；热吻；湿吻,,,,,0,0,,,
tonsil hockeys,,"It's another word in slang for,""Making out.""\n> The young man and his girlfriend played tonsil hockey,while swimming in the pool.\n",,,,,,0,0,,,
tonsil knife,,,扁桃体刀,,,,,0,0,,,
tonsil ligature forceps,,,扁桃体结扎钳,,,,,0,0,,,
tonsil ligature needle,,,扁桃体结扎针,,,,,0,0,,,
tonsil needle,,,扁桃体针,,,,,0,0,,,
tonsil of cerebellum,,,[医] 小脑扁桃体,,,,,0,0,,,
tonsil punch forceps,,,扁桃体咬取钳,,,,,0,0,,,
tonsil puncture,,,[医] 扁桃体穿刺,,,,,0,0,,,
tonsil retractor,,,扁桃体牵开器,,,,,0,0,,,
tonsil scissors,,,扁桃体剪,,,,,0,0,,,
tonsil screw,,,扁桃体摘出螺旋,,,,,0,0,,,
tonsil seizing forceps,,,扁桃体夹持钳,,,,,0,0,,,
tonsil snare,,,扁桃体勒除器,,,,,0,0,,,
tonsil suction dissector,,,扁桃体手术用吸引剥离器,,,,,0,0,,,
tonsil syringe,,,扁桃体注射器,,,,,0,0,,,
tonsil tennis,,,[网络] 亲吻的一种,,,,,0,0,,,
tonsil tickler,,an extremely long cock.\n> Lolita opened her mouth and went down on leroy's tonsil tickler.\n,,,,,,0,0,,,
tonsil ticklers,,an extremely long cock.\n> Lolita opened her mouth and went down on leroy's tonsil tickler.\n,,,,,,0,0,,,
tonsil tonsilla,,,扁桃体；扁桃腺,,,,,0,0,,,
tonsil-hockey,,,[网络] 舌头搅在一起的接吻；热吻；湿吻,,,,,0,0,,,
tonsilar,tɒn'saɪlər,a. Of or pertaining to the tonsils; tonsilitic.,a. 扁桃腺的(tonsil的复数),,,,,0,0,,,
tonsile,,,[网络] 扁桃体,,,,,0,0,,,
tonsilitis,,,[网络] 扁桃腺炎；扁桃县炎；扁挑腺炎,,,,,0,0,,,
tonsilitises,,,[网络] 扁桃体炎,,,,,0,0,,,
tonsill-,'tɒnsɪl,, [医]扁桃体的,,,,,0,0,,,
tonsilla,,n either of two masses of lymphatic tissue one on each side of the oral pharynx,[医] 扁桃体,,,,,0,0,s:tonsillas,,
tonsilla adenoidea,,, [医]腺样增殖体,,,,,0,0,s:tonsilla adenoideas,,
tonsilla adenoideas,,, [医]腺样增殖体\n(tonsilla adenoidea 的复数),,,,,0,0,0:tonsilla adenoidea/1:s,,
tonsilla cerebelli,,,[医] 小脑扁桃体,,,,,0,0,,,
tonsilla intestinalis,,,"[医] 淋巴集结(小肠), 派伊尔氏淋巴集",,,,,0,0,,,
tonsilla lingualis,,,[医] 舌扁桃体,,,,,0,0,,,
tonsilla palatina,,,[医] 腭扁桃体,,,,,0,0,,,
tonsilla pharyngea,,,[医] 咽扁桃体,,,,,0,0,,,
tonsilla pharyngealis,,,[网络] 扁桃体咽喉,,,,,0,0,s:tonsilla pharyngealiss,,
tonsilla pharyngealiss,,,[网络] 扁桃体咽喉\n(tonsilla pharyngealis 的复数),,,,,0,0,0:tonsilla pharyngealis/1:s,,
tonsilla pharyngica,,,咽扁桃体,,,,,0,0,,,
tonsilla tubaria,,,[医] 咽鼓管扁桃体,,,,,0,0,,,
tonsillae,,,扁桃体,,,,,0,0,,,
tonsillar,'tɔnsilә,,[医] 扁桃体的,j:100,,,,0,23838,,,
tonsillar abscess,,,[医] 急性化脓性扁桃体炎,,,,,0,0,,,
tonsillar arch,,,[医] 咽峡,,,,,0,0,,,
tonsillar branch,,,扁桃体支,,,,,0,0,,,
tonsillar branches,,,扁桃体支,,,,,0,0,,,
tonsillar calculus,,,扁桃体结石;扁桃体石,,,,,0,0,,,
tonsillar cancer,,,扁桃体癌,,,,,0,0,,,
tonsillar capsule,,,扁桃体囊,,,,,0,0,,,
tonsillar chancre,,,扁桃体下疳,,,,,0,0,,,
tonsillar crypts,,,扁桃体隐窝,,,,,0,0,,,
tonsillar fossa,,,扁桃体窝,,,,,0,0,,,
tonsillar fossae,,,[医] 扁桃体窦,,,,,0,0,,,
tonsillar fossulae,,,扁桃体小窝,,,,,0,0,,,
tonsillar hemisporosis,,,扁桃体半芽胞菌病,,,,,0,0,,,
tonsillar hernia,,,[医] 小脑扁桃体[枕大孔]突出,,,,,0,0,,,
tonsillar hyperplasia,,,扁桃体增殖,,,,,0,0,,,
tonsillar moniliasis,,,扁桃体串珠菌病,,,,,0,0,,,
tonsillar mycosis,,,扁桃体霉菌病,,,,,0,0,,,
tonsillar nerve,,,扁桃腺神经,,,,,0,0,,,
tonsillar oidiomycosis,,,扁桃体卵霉菌病,,,,,0,0,,,
tonsillar pit,,,[医] 扁桃体窝,,,,,0,0,,,
tonsillar plexus,,,[医] 扁桃体丛(神经),,,,,0,0,,,
tonsillar ring,,,"[医] 扁桃体环, 淋巴性咽环",,,,,0,0,,,
tonsillar sinus,,,扁桃窦,,,,,0,0,,,
tonsillar tag,,,扁桃体残体,,,,,0,0,,,
tonsillary,,,adj. 扁桃体的,,,,,0,0,,,
tonsillas,,,[医] 扁桃体\n(tonsilla 的复数),,,,,0,0,0:tonsilla/1:s,,
tonsillectome,",tɔnsi'lektәjm",,n. 扁桃体切除器,,,,,0,0,,,
tonsillectomies,,plural of tonsillectomy\nn. surgical removal of the palatine tonsils; commonly performed along with adenoidectomy,(tonsillectomy 的复数) n. 扁桃体切除术\n[医] 扁桃体切除术,,,,,0,0,0:tonsillectomy/1:s,,
tonsillectomy,.tɒnsi'lektәmi,n. surgical removal of the palatine tonsils; commonly performed along with adenoidectomy,n. 扁桃体切除术\n[医] 扁桃体切除术,n:100,,,,0,24951,s:tonsillectomies,,
tonsillectomy by guillotine,,,扁桃体挤切术,,,,,0,0,,,
tonsillith,,,[医] 扁桃体石,,,,,0,0,,,
tonsilliths,,,[网络] 扁桃体,,,,,0,0,,,
tonsillitic,",tɔnsi'litik",,a. 扁桃体炎的\n[医] 扁桃体炎的,,,,,0,0,,,
tonsillitid,'tɔnsilitid,,扁桃体炎疹,,,,,0,0,,,
tonsillitide,,,扁桃体炎疹,,,,,0,0,,,
tonsillitides,,,[网络] 扁桃体炎,,,,,0,0,,,
tonsillitis,.tɒnsi'laitis,n. inflammation of the tonsils (especially the palatine tonsils),n. 扁桃腺炎\n[医] 扁桃体炎,n:100,,,,37168,36979,,,
tonsillitis of deficiency type,,,虚火乳蛾,,,,,0,0,,,
tonsillo-,'tɔnsiləu,,comb.form [用于辅音字母前] = tonsill-,,,,,0,0,,,
tonsillo-oidiosis,,,[医] 扁桃体念珠菌病,,,,,0,0,,,
tonsilloadenoidectomy,tɒnsɪləʊdenɔɪ'dektəm,, [医]扁桃体腺样增殖体切除术,,,,,0,0,,,
tonsillocentesis,",tɔnsilәusen'ti:sis",,扁桃体穿刺术,,,,,0,0,,,
tonsillohemisporosis,,,[医] 扁桃体半孢子菌病,,,,,0,0,,,
tonsillolith,,,[医] 扁桃体石,,,,,0,0,,,
tonsilloliths,,,[网络] 扁桃腺结石；小石头；扁桃腺内的细菌集合,,,,,0,0,,,
tonsillomoniliasis,,,[医] 扁桃体念珠菌病,,,,,0,0,,,
tonsillomycasis,,,[医] 扁桃体真菌病,,,,,0,0,,,
tonsillomycosis,,,扁桃体真菌病,,,,,0,0,,,
tonsillopathy,,,[医] 扁桃体病,,,,,0,0,,,
tonsillopharyngitis,,,[网络] 咽炎,,,,,0,0,,,
tonsilloprive,,,"[医] 切除扁桃体的, 扁桃体缺乏的",,,,,0,0,,,
tonsillopuncture,,,扁桃体穿刺,,,,,0,0,,,
Tonsillosan,,,乳酸,,,,,0,0,,,
tonsilloscope,tɔn'silәskәjp,,n. [医]扁桃体镜,,,,,0,0,,,
tonsilloscopy,,,[医] 扁桃体镜检查,,,,,0,0,,,
tonsillotome,,,[医] 扁桃体刀,,,,,0,0,,,
tonsillotomes,,,[网络] 扁桃体切除术,,,,,0,0,,,
tonsillotomies,",tɔnsi'lɔtəmi",,"tonsillotomies\nn.\ntonsillotomy的变形\ntonsillotomy\n[,tɔnsi'lɔtəmi]\nn.\n【外科学】扁桃体切开术；扁桃体部分切除术\n变形：\nn.\ntonsillotomies",,,,,0,0,,,
tonsillotomy,tɔnsi'lɔtәmi,,"n. [医]扁桃体切开术,扁桃体部分切除术",,,,,0,0,,,
tonsillotomy rash,,,[医] 扁桃体切除术后皮疹,,,,,0,0,,,
tonsillotyphoid,,,[医] 咽型伤寒,,,,,0,0,,,
tonsillowilliasis,,,[医] 扁桃体威立氏酵母菌病(扁桃体真菌病的一种),,,,,0,0,,,
tonsilly,,,[网络] 坦比利,,,,,0,0,,,
tonsilotome,,,[网络] 扁桃体切片,,,,,0,0,,,
tonsilotomes,,,[网络] 扁桃体,,,,,0,0,,,
tonsilotomies,,,[网络] 扁桃体,,,,,0,0,,,
tonsilotomy,,,[网络] 扁桃体切开术,,,,,0,0,,,
tonsils,'tɒnsɪlz,n. either of two masses of lymphatic tissue one on each side of the oral pharynx,n. 扁桃体( tonsil的复数形式 ),,,,,0,0,0:tonsil/1:s3,,
tonsilsector,",tɔnsil'sektә",,环形扁桃体切除,,,,,0,0,,,
Tonsina,,,[地名] 通西纳 ( 美 ),,,,,0,0,,,
Tonsina River,,,[地名] 通西纳河 ( 美 ),,,,,0,0,,,
tonsing,,,[网络] ing ing,,,,,0,0,,,
tonsion,,,[网络] 彤声；彤声电子；球杆扭力,,,,,0,0,,,
tonski,,,[网络] 坦克,,,,,0,0,,,
tonsolith,,,[医] 扁桃体石,,,,,0,0,,,
tonson,,, [人名] 汤森,,,,,0,0,s:tonsons,,
tonsonite,"'tɔnsә,nait",,杆沸石,,,,,0,0,,,
tonsonite (thomsonite),,,桿沸石,,,,,0,0,,,
tonsons,,,n. (Tonson)人名；(英)汤森,,,,,0,0,0:tonson/1:s,,
tonsor,,,[网络] 托戈尔,,,,,0,0,,,
tonsorial,tɒn'sɒ:riәl,a. of or relating to barbers and barbering,"a. 理发师的, 理发的",,,,gre,0,0,,,
tonsorialist,,,〈美谑〉理发师,,,,,0,0,,,
tonsorially,,,[网络] 肆意的,,,,,0,0,,,
tonsors,,,[网络] tons子,,,,,0,0,,,
tonspectrogram,,,声谱图,,,,,0,0,,,
tonspectrograph,,,声谱仪,,,,,0,0,,,
tonss,,,n. ton的变形,,,,,0,0,0:tons/1:s,,
tonstein,'tʌnstein,,n. [地]白土石,,,,,0,0,,,
tonsum,,,[网络] 修剪,,,,,0,0,,,
tonsurate,,,[网络] 杜鹃花,,,,,0,0,,,
tonsure,'tɒnʃә,n. the shaved crown of a monk's or priest's head\nn. shaving the crown of the head by priests or members of a monastic order\nv. shave the head of a newly inducted monk,"n. 剃发, 剃去头发的部分, 削发仪式\nvt. 剃",n:100,,,,36726,45861,d:tonsured/s:tonsures/p:tonsured/i:tonsuring/3:tonsures,,
tonsured,,s. having a bald spot either shaved or natural,"a. 削发出家的, 头顶光秃的",,,,,0,0,0:tonsure/1:dp,,
tonsures,,n the shaved crown of a monk's or priest's head\nn shaving the crown of the head by priests or members of a monastic order\nv shave the head of a newly inducted monk,vt. 剃（tonsure的第三人称单数形式）,,,,,0,0,1:s3/0:tonsure,,
tonsuring,ˈtɔnʃərɪŋ,v shave the head of a newly inducted monk,v. 剃( tonsure的现在分词 ),,,,,0,0,s:tonsurings,,
tonsurings,,,vt. tonsure的变形,,,,,0,0,0:tonsuring/1:s,,
tonsword,,,[网络] tons字,,,,,0,0,,,
tonsystem,,,律制；音体系,,,,,0,0,,,
tonta,,,[网络] 斋鸡,,,,,0,0,,,
Tontelange,,,[地名] 通特朗日 ( 比 ),,,,,0,0,,,
tonti,,,[网络] 痛敌,,,,,0,0,,,
"Tonti, Henry de",'təunti,,通泰(1650～1704，法国探险家、殖民者),,,,,0,0,,,
tontine,tɔn'ti:n,n a form of life insurance whereby on the death or default of a participant his share is distributed to the remaining members\nn an annuity scheme wherein participants share certain benefits and on the death of any participant his benefits are redistributed among the remaining participants; can run for a fixed period of time or until the death of all but one participant,"n. 唐提式养老金法, 唐提联合养老保险制",,,,,0,0,s:tontines,,
tontine annuity,,,汤鼎氏年金,,,,,0,0,,,
tontine insurance,,,[网络] 联合养老保险；唐提式保险,,,,,0,0,s:tontine insurances,,
tontine insurances,,,[网络] 联合养老保险；唐提式保险\n(tontine insurance 的复数),,,,,0,0,0:tontine insurance/1:s,,
tontine mortgage,,,[法] 联合养老保险的抵押,,,,,0,0,,,
tontine policy,,,汤鼎氏保险单,,,,,0,0,,,
tontiner,tɒn'tiːn; 'tɒn-,,tontine\n[tɔn'ti:n; 'tɔnt-]\nn.\n通蒂氏联合养老保险制(参加者共享一笔保险金，若有一人死亡，其所享份额由生存者分享，直至最后一个人)\n[总称]参加联合养老保险者\n联合养老保险金总额\n参加联合养老保险者的份额(或权利)；\n类似的养老保险制\nadj.\n联合养老的；联合养老制的,,,,,0,0,,,
tontines,,,n. (17世纪意大利银行家 Tonti 氏倡导的)聚金养老法\n[网络] 塘提保单,,,,,0,0,0:tontine/1:s,,
tontise,'tɔntais,,"彩色毛织物, 毛回丝色工",,,,,0,0,,,
tonto,,,n. 阿帕奇分族的印第安人,,,,,0,0,s:tontoes,,
Tonto Basin,,,[地名] 通托贝森 ( 美 ),,,,,0,0,,,
Tonto National Monument,,,[地名] 通托国家保护区 ( 美 ),,,,,0,0,,,
tontoes,,,n. 阿帕奇分族的印第安人,,,,,0,0,0:tonto/1:s,,
tontogany,,, [地名] [美国] 通托加尼,,,,,0,0,,,
tonton,,,[网络] 童同；彤彤(tongtongchen)；豚豚,,,,,0,0,s:tontons,,
Tonton Macoute,,,[网络] 通顿马库特；黄麻袋大叔；冬冬马固,,,,,0,0,,,
tontons,,,[网络] 目前在初步调查,,,,,0,0,0:tonton/1:s,,
tontos,,,[网络] 吨,,,,,0,0,,,
TONTRU,,,南京同创信息产业集团公司，南京市政府重点支持的信息产业龙头企业,,,,,0,0,,,
tonus,'tәunәs,"n the elastic tension of living muscles, arteries, etc. that facilitate response to stimuli",[医] 紧张,n:100,,,,0,47062,s:tonuss,,
tonus adaptation,,,紧张适应,,,,,0,0,,,
tonus factor,,,"反应能力因素, 反应因素",,,,,0,0,,,
tonuses,,,n. 【医】紧张\n[网络] 肌肉紧张；肌紧张；张力,,,,,0,0,,,
tonuss,'təʊnəs,,n. 【生理学】紧张；张力；【医学】(肌肉的)强直性痉挛,,,,,0,0,0:tonus/1:s,,
Tonvarjeh,,,[地名] 通瓦尔杰 ( 伊朗 ),,,,,0,0,,,
tony,'tәuni,n. A simpleton.,"a. 高贵的, 时髦的",,,,,1843,0,s:tonies,,
tony award,,,un. 汤尼奖(一年一度颁发给最佳舞台剧演出的奖)\n[网络] 托尼奖；东尼奖；荣获托尼奖,,,,,0,0,,,
Tony Awards,,,= Tony,,,,,0,0,,,
Tony Benn,,,[网络] 东尼·贝恩；英国工党政治家彭恩；要角班东尼,,,,,0,0,,,
tony bennett,,,[网络] 东尼班奈特；东尼班尼特；托尼班奈特,,,,,0,0,,,
Tony Blair,,,[网络] 布莱尔；英国首相布莱尔；英国前首相布莱尔,,,,,0,0,s:tony blairs,,
tony blairs,,,[网络] 布莱尔；英国首相布莱尔；英国前首相布莱尔\n(tony blair 的复数),,,,,0,0,0:tony blair/1:s,,
Tony Cottee,,,[网络] 托尼·科蒂；东尼·葛地；葛迪,,,,,0,0,,,
Tony cronies,,,[网络] 托尼的亲戚,,,,,0,0,,,
Tony crony,,,[网络] 托尼小姐,,,,,0,0,,,
Tony Curtis,,,[网络] 托尼·柯蒂斯；汤尼寇蒂斯；汤尼寇帝斯,,,,,0,0,,,
Tony Danza,,"When you are giving it to a chick from behind, you yell out ""Who's the boss?""  She'll get confused, turn her head around, at this moment, you [donkey punch] her in the face and then scream TONY DANZA!!!  \n> Oh man, I totally pwned Jeff's girlfriend last week when I gave her a Tony Danza.\n",,,,,,0,0,,,
Tony Hatch,,,[网络] 唱片制作人汤尼海奇,,,,,0,0,,,
tony leung,,, [人名]梁家辉,,,,,0,0,,,
tony red,,,"[医] 黄光油溶红, 苏丹III",,,,,0,0,,,
Tony the Tiger,,,[网络] 托尼虎；汤尼虎；托尼老虎,,,,,0,0,,,
tony-award-winning,,,[网络] 荣获托尼奖殊荣,,,,,0,0,,,
tonya,,,n. 汤娅（女子名）,,,,,0,0,s:tonyas,,
tonyas,,,n. 汤娅（女子名）,,,,,0,0,0:tonya/1:s,,
tonycle,,,[网络] 循环,,,,,0,0,,,
tonyd,,,[网络] 无法满足业界需求,,,,,0,0,,,
tonye,,,托尼耶,,,,,0,0,,,
tonymon,,,[网络] 西蒙,,,,,0,0,,,
Tonyol,,,"抑糖素,中酒石酸钙",,,,,0,0,,,
Tonypandy,,,[地名] 托纳潘迪 ( 英 ),,,,,0,0,,,
tonyred,'tәunired,,苏丹红,,,,,0,0,,,
tonys,,,n. 托尼；【男名】男子名；〈美俚〉(有关戏剧艺术的任何一种)年度奖金\nadj. 豪华的\n[网络] 托尼奖；大金；联润,,,,,0,0,,,
tonysanchez,,,[网络] 桑却；桑契斯,,,,,0,0,,,
Tonzale,,,[地名] 通扎莱 ( 刚(金) ),,,,,0,0,,,
Tonzang,,,[地名] 栋赞 ( 缅 ),,,,,0,0,,,
Tonzi,,,[地名] 栋济 ( 缅 ),,,,,0,0,,,
too,tu:,r to a degree exceeding normal or proper limits\nr in addition,"adv. 也, 非常, 太",r:100,5,1,zk gk,115,133,,,
Too add fuel to the fire,,,pr. 火上加油,,,,,0,0,,,
too bad,,,"遗憾, 可惜, 糟糕, 不幸",,,,,0,0,,,
"too bad, so sad",,"All-purpose phrase for any situation to drive people up a wall. Used to be used a little more sensibly, now totally ruined.\n> ""How can I get my homework done faster. . ."" ""Too bad, so sad.""\n> ""It's a little bit of a cloudy day out."" ""Too bad, so sad.""\n> ""I wonder what the meaning of the universe could be."" ""Too bad, so sad.""\n",,,,,,0,0,,,
too besides,tu: biˈsaidz,, （西印度）而且，也,,,,,0,0,,,
too big,,,[网络] 太大；太大了；也大,,,,,0,0,,,
too big for her boots,,,adj. 自负的(自高自大的),,,,,0,0,,,
too big for her breeches,,,adj. 自负的(自高自大的),,,,,0,0,,,
too big for his boots,,,adj. 自负的(自高自大的),,,,,0,0,,,
too big for one's boots,,,"妄自尊大, 目中无人",,,,,0,0,,,
too big for one's breeches,,,[网络] 对于裤子来说太大了,,,,,0,0,,,
too big for one's britches,,,too big for one's britches\n骄傲自大的，自视过高的,,,,,0,0,,,
too big for one's shoes,,,[口语]自高自大的，目中无人的,,,,,0,0,,,
too big for our breeches,,,adj. 自负的(自高自大的),,,,,0,0,,,
too big for your boots,,,[网络] 不知道轻重；自命不凡,,,,,0,0,,,
too big for your britches,,,[网络] 狂妄自大；自以为是,,,,,0,0,,,
too big to fail,,,[网络] 大而不倒；大到不能倒；太大而不能倒,,,,,0,0,,,
Too bloody Irish !,,,[口语]对极了!当然!,,,,,0,0,,,
Too bloody right !,,,[口语]对极了!当然!,,,,,0,0,,,
too busy doing something,,,[网络] 忙于做某事,,,,,0,0,,,
too clever,,,[网络] 太聪明了,,,,,0,0,,,
too clever by half,,,"未免太聪明了,卖弄小聪明",,,,,0,0,,,
too close,,,[网络] 靠太近；太接近；驶得太近,,,,,0,0,,,
too close for comfort,,,[网络] 两国靠得太近了；距离太近而使人不安；为寻安慰太过亲近,,,,,0,0,,,
too close to call,,,[网络] 势均力敌；难分伯仲；过于接近以至无法预告,,,,,0,0,,,
too cool for school,,,[网络] 酷到不用人教；对学校而言太酷了；学院复古风,,,,,0,0,,,
too development,,,[计] 工具开发,,,,,0,0,,,
too early,tu: ˈɜrli,, 为时过早,,,,,0,0,,,
too far,tu: fɑ:,, 过头，过火，过分,,,,,0,0,,,
Too far east is west,,,pr. 矫枉过正,,,,,0,0,,,
too far north,,,"精明的, 不会受骗的",,,,,0,0,,,
too funny for words,,,[网络] 可笑之谈；滑稽得难以用语言形容,,,,,0,0,,,
too good,,,[网络] 太好了；好得；太棒,,,,,0,0,,,
too good to be true,,,太玄了以致不真实,,,,,0,0,,,
too good to miss,,,[网络] 棒到不能错过；不能错过的侦探小说；意为,,,,,0,0,,,
too hard,,, 太难; 太硬,,,,,0,0,,,
too high,,,[网络] 太高；过高；太兴奋了,,,,,0,0,,,
too hot,,,[网络] 太热；很烫；太烫,,,,,0,0,,,
too hot to handle,,,[网络] 烫手山芋；操控女人心；烫手难办,,,,,0,0,,,
too impatient to wait,tu ɪmˈpeʃənt tu wet,, 迫不及待,,,,,0,0,,,
Too Irish !,,,[口语]对极了!当然!,,,,,0,0,,,
too large,,,太大,,,,,0,0,,,
too larger,,,太大\n(too large 的比较级),,,,,0,0,,,
too largest,,,太大\n(too large 的最高级),,,,,0,0,,,
too late,tu: leit,, 客来扫地,,,,,0,0,,,
too late a week,,,"未免太晚,太迟了",,,,,0,0,,,
too lean,,,[网络] 太稀；太贫；过贫,,,,,0,0,,,
too light,,,[网络] 不能太浅；太轻；太淡,,,,,0,0,,,
too little,tu: ˈlitl,, 太少,,,,,0,0,,,
too little iron,,,严重缺铁,,,,,0,0,,,
too little too late,,,为时已晚,,,,,0,0,,,
"too little, too late",,,[网络] 太晚了做什么也没用了；太迟和不够彻底；也太迟,,,,,0,0,,,
too littler,,, 太少\n(too little 的比较级),,,,,0,0,,,
too littlest,,, 太少\n(too little 的最高级),,,,,0,0,,,
too long,tu: lɔŋ,, 太长，太久,,,,,0,0,,,
too loose,,,[网络] 太宽；过松；太松,,,,,0,0,,,
too low,,,un. 太低\n[网络] 过低；还是太低；低飞球,,,,,0,0,,,
too many,,,[网络] 太多；太多了；太多的,,,,,0,0,,,
too many balls in the air,,"too many balls in the air pl (plural only)\n(idiomatic) Too many tasks, responsibilities, or details to cope with or manage successfully.\n",,,,,,0,0,,,
too many by one,,,adv. 多一个(只多一个),,,,,0,0,,,
too many chiefs and not enough Indians,,,[网络] 当官的太多，干活的太少；头重脚轻,,,,,0,0,,,
too many cooks,,,厨子多了做坏了汤; 人多反倒误事,,,,,0,0,,,
too many cooks spoil the broth,,,[网络] 厨师太多烧坏汤；人多坏事；人多误事,,,,,0,0,,,
Too many cooks spoil the broth.,,,st. 人多误事.,,,,,0,0,,,
Too many irons in the fire,,,[网络] 同时要做的事情太多；一心多用,,,,,0,0,,,
Too Many Mouths,,"Too Many Mouths (uncountable) (Abbreviated as: TMM)\n(genetics, biochemistry) A receptor-like protein in plants which, when absent, leads to an overproduction of stomata\n",,,,,,0,0,,,
too many to count,tu: ˈmeni tu: kaunt,, 不计其数,,,,,0,0,,,
too modest,tu: ˈmɔdist,, 过谦,,,,,0,0,,,
too much,,,"太多, 太高",,,,,0,0,,,
too much for,,,"太多, 太难",,,,,0,0,,,
too much for sb's strength,,,非某人力所能及的,,,,,0,0,,,
too much for someone,,,非某人力所能及；非某人所能忍受,,,,,0,0,,,
too much freedom,,,[网络] 过火；太多自由,,,,,0,0,,,
too much information,,,[网络] 太多信息；说得太多；你说太多了,,,,,0,0,,,
too much like hard work,,,"太费劲, 太累人",,,,,0,0,,,
too much noise,,,[网络] 太多噪音；太吵了；噪音太大了,,,,,0,0,,,
too much of a fag,,,"受不了的苦活,过分累人的工作",,,,,0,0,,,
too much of a good thing,,,[网络] 事情好得过了头；好事过头；假使这个人认为过多了,,,,,0,0,,,
too much water drowned the miller,,,过分则招祸,,,,,0,0,,,
Too much water drowned the miller.,,,st. 物极必反.,,,,,0,0,,,
too numerous to mention,tu ˈnumərəs tu ˈmɛnʃən,, 举不胜举,,,,,0,0,,,
too often,tu: ˈɔfən,,adv. 在绝大多数的情况下,,,,,0,0,,,
too posh to push,,Prospective mothers who opt to have an elective caesarean section rather than give birth vaginally. The women who make this choice are usually thought to be of higher class and wealthier. The choice for a c-section is made because it's thought to be more convenient as well as less painful and distasteful.\n> [Victoria Beckham] and [Britney Spears] are two celebs who are too posh to push. Can you blame them? Being all stretched out down there sounds kinda awful.\n,,,,,,0,0,,,
too proud,,,[网络] 太骄傲；太得意,,,,,0,0,,,
too ready to,,,[网络] 很乐意；非常乐意；是很乐意的意思,,,,,0,0,,,
too rich for my blood,,,"〈美〉我吃不消,我受不了",,,,,0,0,,,
too rich for someone's blood,,,太贵了；[美国英语]太肥腻了，我消化不了,,,,,0,0,,,
too rich for the blood,,,太贵了；[美国英语]太肥腻了，我消化不了,,,,,0,0,,,
too right,tu: rait,," （非正式）（表示积极赞同） 对啊, 太对啦",,,,,0,0,,,
Too right !,,,[口语]对极了!当然!,,,,,0,0,,,
too right!,,,[网络] 太对啦；太对了；对极了,,,,,0,0,,,
too salty,,,[网络] 太咸；太咸了；大咸,,,,,0,0,,,
too sharp by half,,,可太聪明啦[常含贬义],,,,,0,0,,,
too silly for words,,,[网络] 无聊的无法用语言表达；笨得无法言喻,,,,,0,0,,,
too simple,,,[网络] 太简单；太简单了；太单纯,,,,,0,0,,,
too slow,,,[网络] 太慢；太慢了；处理时间太慢,,,,,0,0,,,
too slows,,,太慢了,,,,,0,0,,,
too small,,,[网络] 太小；太小了；太小的,,,,,0,0,,,
too soon,tu: su:n,, 为时过早,,,,,0,0,,,
too strong,,,[网络] 思念太强；太强壮；太浓,,,,,0,0,,,
too sweet,,,"〈美〉马上,立刻,巴不得",,,,,0,0,,,
too tight,,,[网络] 太紧；过紧；太紧了,,,,,0,0,,,
too tired,,, 太累了,,,,,0,0,,,
too to,,,[网络] 太……而不能；太……以致不能；用法,,,,,0,0,,,
too too,,,简直太,,,,,0,0,,,
too true,,,[网络] 太真实；千真万确,,,,,0,0,,,
Too true!,,,[口语]说得对!非常正确!,,,,,0,0,,,
too weak,,,[网络] 太弱；太脆弱；太瘦弱,,,,,0,0,,,
too young,,, [电影]野麻雀,,,,,0,0,,,
too't,,,[网络] 嘟,,,,,0,0,,,
too-bad,,,[网络] 太糟糕了；可惜；太糟糕啦,,,,,0,0,,,
too-big,,,[网络] 太大；太大了；也大,j:100,,,,0,0,,,
too-big-to-fail,,,[网络] 大到不能倒；大而不倒；太大而不能倒,,,,,0,0,,,
too-big-to-fail policy,,,尾大不掉政策；护大政策,,,,,0,0,,,
too-big-too-fail,,,[网络] 太大不能倒的神话；有大到不能倒下,,,,,0,0,,,
too-brief,,,[网络] 地质时期之短暂,,,,,0,0,,,
too-bright,,,[网络] 太亮；太艳丽；太明亮,j:100,,,,0,0,,,
too-broad,,,[网络] 太广；太宽；太广了,,,,,0,0,,,
too-busy,,,[网络] 太忙；太忙了；没时间,,,,,0,0,,,
too-careful,,,[网络] 小心；过于小心；非常细心,,,,,0,0,,,
too-clean,,,[网络] 那个地方一点也不干净；过度洁净,,,,,0,0,,,
too-clever,,,[网络] 太聪明了,,,,,0,0,,,
too-close,,,[网络] 靠太近；太接近；驶得太近,,,,,0,0,,,
too-comfortable,,,[网络] 过太爽,,,,,0,0,,,
too-cool,,,[网络] 太冷；太酷了；超酷,,,,,0,0,,,
too-cute,,,[网络] 宠物小宝贝；萌宠成长记；太萌了,,,,,0,0,,,
too-da-loo,,The way old people say goodbye.\n> Toodaloo my darling.\n> Toodaloo fucker.\n,,,,,,0,0,,,
too-eager,,,[网络] 太急切,,,,,0,0,,,
too-early,,,[网络] 太早；为时过早；太早了,,,,,0,0,,,
too-easy,,,[网络] 太简单了；太容易；易如反掌,,,,,0,0,,,
too-expensive,,,[网络] 太贵了；买不起；贵呀,,,,,0,0,,,
too-fast,,,[网络] 太快；太快了；速度太快,,,,,0,0,,,
too-few,,,[网络] 太少了；病例少；病例数少,,,,,0,0,,,
too-full,,,[网络] 太肥的人；满溢,,,,,0,0,,,
too-generous,,,[网络] 太慷慨,,,,,0,0,,,
too-good-to-be-true,,,na. 哪有这么好的事\n[网络] 令人难以置信；太好以致于不现实；好得令人难以置信,j:100,,,,0,0,,,
too-great,,,[网络] 太棒了,,,,,0,0,,,
too-greedy,,,[网络] 太贪心,,,,,0,0,,,
too-handsome,,,[网络] 太英俊；太帅了,,,,,0,0,,,
too-hard,,,[网络] 太硬；太难；太硬了,,,,,0,0,,,
too-hasty,,,[网络] 过于草率；十分仓促,,,,,0,0,,,
too-heavy,,,[网络] 太重；太重了；远比天然木材重,,,,,0,0,,,
too-high,,,[网络] 太高；过高；太兴奋了,j:100,,,,0,0,,,
too-hoo,,,[网络] 太喔,,,,,0,0,,,
too-hot,,,[网络] 太热；很烫；太烫,,,,,0,0,,,
too-large,,,[网络] 太大；偏大；鞋由于太大而脱落了,j:100,,,,0,0,,,
too-larger,,,[网络] 太大；偏大；鞋由于太大而脱落了\n(too-large 的比较级),,,,,0,0,,,
too-largest,,,[网络] 太大；偏大；鞋由于太大而脱落了\n(too-large 的最高级),,,,,0,0,,,
too-late,,,[网络] 为时太晚；太迟；太迟了,,,,,0,0,,,
too-light,,,[网络] 不能太浅；太轻；太淡,,,,,0,0,,,
too-little,,,[网络] 太少；太少的；缺乏,,,,,0,0,,,
too-long,,,[网络] 太长；太久；太长了,j:100,,,,0,0,,,
too-loose,,,[网络] 太宽；过松；太松,,,,,0,0,,,
too-loud,,,[网络] 太大声；太吵；太大声了,,,,,0,0,,,
too-low,,,un. 太低\n[网络] 过低；还是太低；低飞球,,,,,0,0,,,
too-many,,,[网络] 太多；太多了；太多的,,,,,0,0,,,
too-much,,,太多,,,,,0,0,,,
too-narrow,,,[网络] 太窄；太狭窄；又太窄,,,,,0,0,,,
too-often,,,[网络] 太频繁；太常；经常,,,,,0,0,,,
too-old,,,[网络] 太老；太老了；太旧了,,,,,0,0,,,
too-perfect,,,[网络] 太完美；太完美了；无缘罪,,,,,0,0,,,
too-powerful,,,[网络] 太有力；太强大了；太强烈,,,,,0,0,,,
too-quick,,,[网络] 太快；太快了,,,,,0,0,,,
too-rare,,,[网络] 太罕见,,,,,0,0,,,
too-short,,,un. 剑尖轻微接触\n[网络] 太短；太短了；过短,j:100,,,,0,0,,,
too-slow,,,[网络] 太慢；太慢了；处理时间太慢,,,,,0,0,,,
too-small,,,[网络] 太小；太小了；太小的,j:100,,,,0,0,,,
too-soft,,,[网络] 太软；太温柔；太软弱,,,,,0,0,,,
too-strong,,,[网络] 思念太强；太强壮；太浓,,,,,0,0,,,
too-sweet,,,na. 立刻；巴不得\n[网络] 太甜；马上；太甜了,,,,,0,0,,,
too-tall,,,[网络] 太高；太长；相当高,,,,,0,0,,,
too-thick,,,[网络] 太厚；过厚；太厚了,,,,,0,0,,,
too-thin,,,[网络] 太近；太瘦；体重过瘦型,,,,,0,0,,,
too-tight,,,[网络] 太紧；过紧；太紧了,j:100,,,,0,0,,,
too-too,,,"adv. 过分地, 矫柔造作地\na. 过分的, 矫柔造作的",,,,,0,0,,,
too-vague,,,[网络] 太含糊,,,,,0,0,,,
too-warm,,,[网络] 太热；非常温暖；看一看会很热,,,,,0,0,,,
too-whit,,,[网络] 太白了,,,,,0,0,,,
too-white,,,[网络] 太白了；也太白,,,,,0,0,,,
too-whoo,,,[网络] 太喔,,,,,0,0,,,
too-wide,,,[网络] 转弯角度既不能太大；太宽广；太宽了,,,,,0,0,,,
too-young,,,[网络] 太年轻；还太年轻；还太年青,,,,,0,0,,,
too.,tuː,,adv. 太；也；很；还；非常；过度,,,,,0,0,,,
too... to,,,[网络] 太……而不能；太……以致不能；用法,,,,,0,0,,,
too...by half,,,可太...啦,,,,,0,0,,,
too...to,,,太…以至于不能,,,,,0,0,,,
tooa,,,[网络] 特助,,,,,0,0,,,
tooart,,,[网络] 二楼原作,,,,,0,0,,,
tooba,,,[网络] 生命之树,,,,,0,0,,,
Toobeah,,,[地名] 图比亚 ( 澳 ),,,,,0,0,,,
toobig,,,太大,,,,,0,0,,,
toobin,,,[网络] 图宾,,,,,0,0,,,
tooby,,,[网络] 托比；图比；图毕,,,,,0,0,,,
toobz,,,[网络] 托比斯,,,,,0,0,,,
toocke,,,[网络] 兜兜,,,,,0,0,,,
toocker,,,[网络] 兜帽,,,,,0,0,,,
toocun,,,[网络] 渡船,,,,,0,0,,,
tood,,,[网络] 图德；我是来打泡的,,,,,0,0,,,
toodaloo,,The way old people say goodbye.\n> Toodaloo my darling.\n> Toodaloo fucker.\n,,,,,,0,0,,,
toodeloo,,"toodeloo\n(Britain, dated) goodbye, farewell, see you soon\n",,,,,,0,0,,,
toodflax,'tu:dflæks,,[Toodflax ]柳穿鱼属,,,,,0,0,,,
toodle oo,,,int. 〈谑〉再会\n[网络] 再见,,,,,0,0,,,
toodle pip,,,[网络] 点头,,,,,0,0,,,
toodle-oo,,,interj. 再见,,,,,0,0,,,
toodle-pip,'tu:dlpip,,interj. = toodle-oo,,,,,0,0,,,
toodleoo,,,int. 〈谑〉再会,,,,,0,0,,,
toodles,,, 表示“再见”的感叹词,,,,,0,0,,,
toodling,,,[网络] 搞砸了,,,,,0,0,0:toodle/1:i,,
toodoo,,,[网络] toondoo,,,,,0,0,,,
Toodyay,,,[地名] 图吉 ( 澳 ),,,,,0,0,,,
Tooele,,,n. 图埃勒县,,,,,0,0,,,
Tooele County,,,[地名] 图埃勒县 ( 美 ),,,,,0,0,,,
tooeleite,,,[网络] 太太,,,,,0,0,,,
tooey,,,[网络] 图伊,,,,,0,0,,,
toof,,,[网络] 标准工具,,,,,0,0,,,
toofan,,,[网络] 土方；第三回合右直拳终结了土番,,,,,0,0,,,
toofer,,,[网络] 买一送一；图夫；图菲,,,,,0,0,,,
toogh,,,[网络] 托戈,,,,,0,0,,,
tooghed beater,,,钉齿式打浆机,,,,,0,0,,,
toogood,,, [人名] [英格兰人姓氏] 图古德绰号，来源于中世纪英语，含义是“极+好”(exceedingly+good)，可能用作反语,,,,,0,0,s:toogoods,,
toogoods,,, [人名] [英格兰人姓氏] 图古德绰号，来源于中世纪英语，含义是“极+好”(exceedingly+good)，可能用作反语\n(toogood 的复数),,,,,0,0,0:toogood/1:s,,
Toogoolawah,,,[地名] 图古拉瓦 ( 澳 ),,,,,0,0,,,
toohey,,, [人名] 图希,,,,,0,0,,,
tooheys,,,[网络] 澳洲啤酒；海斯；翰斯,,,,,0,0,,,
toohill,,,[网络] 太过分,,,,,0,0,,,
TOOIE,,,[=Tuinal capsule]图伊诺尔胶囊,,,,,0,0,,,
Tooies,'tuːɪz,,tuinal (half amobarbital and half secobarbital) 吐诺尔(由阿米妥及速可眠各一半合成),,,,,0,0,,,
took,tuk,"v carry out\nv require (time or space)\nv take somebody somewhere\nv get into one's hands, take physically\nv take on a certain form, attribute, or aspect\nv interpret something in a certain way; convey a particular meaning or impression\nv take something or somebody with oneself somewhere\nv take into one's possession\nv travel or go by means of a certain kind of transportation, or a certain route\nv pick out, select, or choose from a number of alternatives\nv receive willingly something given or offered\nv assume, as of positions or roles\nv take into consideration for exemplifying purposes\nv require as useful, just, or proper\nv experience or feel or submit to\nv make a film or photograph of something\nv remove something concrete, as by lifting, pushing, or taking off, or remove something abstract\nv serve oneself to, or consume regularly\nv accept or undergo, often unwillingly\nv make use of or accept for some purpose\nv take by force\nv occupy or take on\nv admit into a group or community\nv ascertain or determine by measuring, computing or take a reading from a dial\nv be a student of a certain subject\nv take as an undesirable consequence of some event or state of affairs\nv head into a specified direction\nv point or cause to go (blows, weapons, or objects such as photographic equipment) towards\nv be seized or affected in a specified way\nv have with oneself; have on one's person\nv engage for service under a term of contract\nv receive or obtain regularly\nv buy, select\nv to get into a position of having, e.g., safety, comfort\nv have sex with; archaic use\nv lay claim to; as of an idea\nv be designed to hold or take\nv be capable of holding or containing\nv develop a habit\nv proceed along in a vehicle\nv obtain by winning\nv be stricken by an illness, fall victim to an illness",take的过去式,,,,,0,0,0:take/1:p,,
took a,,"A word used to describe potent marijuana. Originated after Shondale “Tooka” Gregory was murdered (smoked) by Chief Keef’s crew Black Disciples. & now ""smoking Tooka"" pack is used to humiliate Shondale's death\n> For example a chiraq(Chicago) savage would say "" What you on brogod, fire up the tooka ""\n",,,,,,0,0,,,
took a bath,,,洗个澡,,,,,0,0,,,
took a bow,,,v. 鞠躬答礼(答谢；站起来接受观众的鼓掌),,,,,0,0,,,
took a break,,,休息一下,,,,,0,0,,,
took a breath,,,喘口气；深深地吸一口气,,,,,0,0,,,
took a breather,,,休息片刻\n歇口气,,,,,0,0,,,
took a brief,,,（指律师）接手案件,,,,,0,0,,,
took a chance,,,[网络] 我怀着侥幸心理,,,,,0,0,,,
took a chill pill,,,冷静一点,,,,,0,0,,,
took a crap,,,大便\n拉大便,,,,,0,0,,,
took a critical view of,,,v. 批判地看待,,,,,0,0,,,
took a dim view of,,,v.  对 ... 抱悲观的看法(对 ... 持不赞成的态度),,,,,0,0,,,
took a dip,,,泡个澡；去游泳,,,,,0,0,,,
took a dive,,,假装被击倒\n暴跌,,,,,0,0,,,
took a dump,,,上大号；大便,,,,,0,0,,,
took a firm stand,,,采取坚定的立场\n站稳脚跟,,,,,0,0,,,
took a flyer,,,从跳板上飞跃\n冒险\n贸然尝试,,,,,0,0,,,
took a gander,,,看一看,,,,,0,0,,,
took a ganger at,,,v. 看一看,,,,,0,0,,,
took a glance at,,,朝…看了一眼,,,,,0,0,,,
took a glance over,,,v. 看一看,,,,,0,0,,,
took a hike,,,[网络] 走路,,,,,0,0,,,
took a hint,,,领会别人的暗示；接受暗示,,,,,0,0,,,
took a hit,,,遭受打击；受到影响,,,,,0,0,,,
took a joke,,,经得起开玩笑,,,,,0,0,,,
took a lap,,,走一圈,,,,,0,0,,,
took a leak,,,撒尿,,,,,0,0,,,
took a liking to,,,爱好，喜欢,,,,,0,0,,,
took a look,,,v. 看一看(检查),,,,,0,0,,,
took a note of,,,把……记下来\n做笔记,,,,,0,0,,,
took a part in,,,插足其间,,,,,0,0,,,
took a piss,,,小便,,,,,0,0,,,
took a pleasure in,,,喜欢,,,,,0,0,,,
took a powder,,,暂停交易,,,,,0,0,,,
took a risk,,,vi. 冒险,,,,,0,0,,,
took a share in,,,参加\n参与\n分担,,,,,0,0,,,
took a shit,,,拉屎（美国俚语）,,,,,0,0,,,
took a telling,,,v. 倾听规劝(接受劝告),,,,,0,0,,,
took a view of,,,检查；观察， 视察,,,,,0,0,,,
took aback,,,vt. 使吃惊；惊吓,,,,,0,0,,,
took abroad,,,v. 带出国,,,,,0,0,,,
took account of,,,考虑到；顾及；体谅,,,,,0,0,,,
took action,,,采取行动；提出诉讼,,,,,0,0,,,
took advantage,,,[网络] 利用；我利用了；优势,,,,,0,0,,,
took advantage of,,,利用,,,,,0,0,,,
took after,,,na. 尾随；仿效；像,,,,,0,0,,,
took against,,,v. 反对,,,,,0,0,,,
took aim,,,瞄准,,,,,0,0,,,
took along,,,v. 一道来,,,,,0,0,,,
took an oath,,,宣誓；发誓；立誓,,,,,0,0,,,
took apart,,,na. 把(机械等)拆开,,,,,0,0,,,
took aside,,,na. 拉(某人)到一边(对他说),,,,,0,0,,,
took away,,,[网络] 拿走；顺手夺冠捧走；捧走,,,,,0,0,,,
took away from,,,从…拿走；减损；贬低,,,,,0,0,,,
took back,,,na. 拿回；取消(约定等),,,,,0,0,,,
took breath,,,歇口气，喘口气,,,,,0,0,,,
took care,,,注意；小心,,,,,0,0,,,
took care of,,,照顾；注意；抚养,,,,,0,0,,,
took care to,,,小心做某事,,,,,0,0,,,
took chances,,,冒险,,,,,0,0,,,
took charge,,,[网络] 负责,,,,,0,0,,,
took charge of,,,[网络] 负责；担任,,,,,0,0,,,
took command,,,挂帅,,,,,0,0,,,
took control,,,vi. 采取控制,,,,,0,0,,,
took courage,,,鼓起勇气,,,,,0,0,,,
took down,,,na. 卸下；卷起；记下；拆毁(房子)\n[网络] 纪录；有放下的意思,,,,,0,0,,,
took effect,,,生效；起作用,,,,,0,0,,,
took exception,,,反对；有反感,,,,,0,0,,,
took fire,,,v. 着火(激动起来),,,,,0,0,,,
took five,,,休息几分钟，休息一下,,,,,0,0,,,
took flight,,,[网络] 很快消失,,,,,0,0,,,
took for,,,na. 以为；当做；弄错\n[网络] 认为,,,,,0,0,,,
took for a ride,,,欺骗人,,,,,0,0,,,
took for granted,,,认为理当如此,,,,,0,0,,,
took form,,,[网络] 不住变形,,,,,0,0,,,
took good care of,,,照顾好；好好照看,,,,,0,0,,,
took heart,,,v. 鼓起勇气(鼓足信心；振作起来),,,,,0,0,,,
took her breath away,,,v. 使大吃一惊(使人吃惊或高兴得说不出话来),,,,,0,0,,,
took her change out of,,,v.  对 ... 报复,,,,,0,0,,,
took her flight,,,v. 飞行(飞走),,,,,0,0,,,
took her name in vain,,,v. 谈论(提起的名字),,,,,0,0,,,
took her pick of,,,v. 任意选择,,,,,0,0,,,
took him,,,[网络] 抓住他这,,,,,0,0,,,
took his bearings,,,v. 判明方向(观望形势；弄清自己所处的地位),,,,,0,0,,,
took his breath away,,,v. 使大吃一惊(使人吃惊或高兴得说不出话来),,,,,0,0,,,
took his ease,,,v. 安安逸逸地休息(安心；放心),,,,,0,0,,,
took his medicine,,,v. 忍受不愉快的事情(饮酒),,,,,0,0,,,
took his pick,,,v. 挑选,,,,,0,0,,,
took his turn,,,v. 轮流,,,,,0,0,,,
took hold,,,抓住；扛着；固定下来,,,,,0,0,,,
took hold of,,,[网络] 得到；控制住,,,,,0,0,,,
took home,,,v. 领回家(带回家),,,,,0,0,,,
took in,,,na. 包容；参观；收进；收容\n[网络] 欺骗；隐瞒；摄取,,,,,0,0,,,
took in bad part,,,v. 乐意接受(对不见怪),,,,,0,0,,,
took into account,,,v. 考虑到(顾及；体谅),,,,,0,0,,,
took issue,,,v. 争论(不同意；持反对意见),,,,,0,0,,,
took issue with issue,,,v.  对 ... 持异议(和 ... 争论),,,,,0,0,,,
took it,,,[网络] 接过盒子,,,,,0,0,,,
took it down,,,把它拿下来\n撤掉,,,,,0,0,,,
took it easy,,,从容；不急；松懈,,,,,0,0,,,
took it into their head,,,v. 凭空地产生想法(心血来潮地认为；想要),,,,,0,0,,,
took it on the chin,,,[网络] 遭到痛击,,,,,0,0,,,
took it out,,,把它取出来\n把它拿出来,,,,,0,0,,,
took it outside,,,把它拿出去,,,,,0,0,,,
took kindly to,,,v. 喜欢(乐于接受),,,,,0,0,,,
took leave,,,向…告别，告辞,,,,,0,0,,,
took leave of her senses,,,v. 发疯(举止若狂),,,,,0,0,,,
took liberties,,,（对人）过于随便\n冒险\n随意改变,,,,,0,0,,,
took logarithm,,,v.  取 ... 对数,,,,,0,0,,,
took logarithm to the bast,,,v.  取以 ... 为底的对数,,,,,0,0,,,
took long views,,,目光远大\n从长远看,,,,,0,0,,,
took lying down,,,甘受（挫败等）,,,,,0,0,,,
took me,,,情不自禁（电影名）,,,,,0,0,,,
took me down,,,带我回到……\n让我堕落（歌名，Take Me Down）\n让我失望,,,,,0,0,,,
took me out,,,带我出去,,,,,0,0,,,
took means,,,v. 采取手段,,,,,0,0,,,
took measure of,,,v. 测定,,,,,0,0,,,
took measures,,,采取措施；设法，着手,,,,,0,0,,,
took much pains,,,v. 尽力(努力；苦干),,,,,0,0,,,
took my breath away,,,使大吃一惊；让我无法呼吸,,,,,0,0,,,
took my colour from,,,v.  仿效(摹仿； 照 ... 的样子行事),,,,,0,0,,,
took my hook,,,v. 走开(逃走),,,,,0,0,,,
took my off,,,v. 走开(离去),,,,,0,0,,,
took my seat,,,v. 就座(坐下),,,,,0,0,,,
took no account of,,,不考虑；不重视,,,,,0,0,,,
took no notice of,,,不理采…,,,,,0,0,,,
took no prisoners,,,（为达目的）不择手段,,,,,0,0,,,
took note,,,[网络] 注意到,,,,,0,0,,,
took note of,,,注意；记笔记,,,,,0,0,,,
took notes,,,[网络] 做记录；做记事本；记记事本,,,,,0,0,,,
took notes of,,,做笔记；做记录；把…记下来,,,,,0,0,,,
took notice,,,v. 注意(留意；观察),,,,,0,0,,,
took notice of,,,注意到；留意,,,,,0,0,,,
took objection to,,,v.  对 ... 表示反对(对 ... 提出异议),,,,,0,0,,,
took occasion to,,,抓住机会\n乘机,,,,,0,0,,,
took off,,,"na. 脱(衣服,帽子,鞋子等)\n[网络] 起飞；脱下；脱掉",,,,,0,0,,,
took offence,,,生气,,,,,0,0,,,
took offense,,,生气,,,,,0,0,,,
took office,,,[网络] 上任,,,,,0,0,,,
took on,,,na. 承接；较量；装(某种样子)；呈现(形势)\n[网络] 雇用；承担；采取,,,,,0,0,,,
took one thing with another,,,v. 考虑各种情况(权衡利弊),,,,,0,0,,,
took orders,,,v. 做牧师(受圣职),,,,,0,0,,,
took our breath away,,,v. 使大吃一惊(使人吃惊或高兴得说不出话来),,,,,0,0,,,
took our colour from,,,v.  仿效(摹仿； 照 ... 的样子行事),,,,,0,0,,,
took our hook,,,v. 走开(逃走),,,,,0,0,,,
took our off,,,v. 走开(离去),,,,,0,0,,,
took our seat,,,v. 就座(坐下),,,,,0,0,,,
took out,,,na. 取出；带出(散步等)；拔(牙等)；取得(专卖权等)\n[网络] 掏出；拿出来；拿出,,,,,0,0,,,
took out a patent on,,,v.  得到 ... 专利,,,,,0,0,,,
took out of,,,[网络] 领出,,,,,0,0,,,
took out of bond,,,从关栈提货,,,,,0,0,,,
took out on,,,拿…出气；对…发泄,,,,,0,0,,,
took out the trash,,,把垃圾扔出去,,,,,0,0,,,
took over,,,na. 接办；继承\n[网络] 接管；接收；接管过,,,,,0,0,,,
took pains,,,尽力，费苦心；耐心,,,,,0,0,,,
took part,,,参与， 参加,,,,,0,0,,,
took part in,,,参加，参与,,,,,0,0,,,
took part with,,,支持；站在…一边；袒护,,,,,0,0,,,
took place,,,[网络] 发生；在发生,,,,,0,0,,,
took point,,,[网络] 点了,,,,,0,0,,,
took potluck,,,v. 便饭(家常饭),,,,,0,0,,,
took precautions against,,,vt. 采取措施预防,,,,,0,0,,,
took precedence of,,,优先于,,,,,0,0,,,
took precedence over,,,优先于；地位高于；比…重要,,,,,0,0,,,
took precedence to,,,v.  在 ... 之上(优先于),,,,,0,0,,,
took pride,,,[网络] 引以为傲,,,,,0,0,,,
took rank with,,,和…并列,,,,,0,0,,,
took root,,,[网络] 生根；在…扎下了根；扎根,,,,,0,0,,,
took roots,,,v. 生根，扎根,,,,,0,0,,,
took round,,,v. 绕道(迂回),,,,,0,0,,,
took shape,,,v. 形成；成形；体现；具体化,,,,,0,0,,,
took shelter,,, 躲避,,,,,0,0,,,
took short views,,,v. 近视(没有先见之明；目光短浅),,,,,0,0,,,
took sight,,,抄平；瞄准,,,,,0,0,,,
took someone out,,,带…出去（吃饭、看电影等),,,,,0,0,,,
took something out,,,获得官方文件,,,,,0,0,,,
took steps to,,,采取措施,,,,,0,0,,,
took stock,,,清查存货；评估状况,,,,,0,0,,,
took stock in,,,相信；购买…的股票；注意,,,,,0,0,,,
took stock of,,,观察；估量,,,,,0,0,,,
took ten,,,休息五分钟，小憩,,,,,0,0,,,
took the advantage of,,,利用\n运用,,,,,0,0,,,
took the air,,,v. 到户外,,,,,0,0,,,
took the angle,,,v. 测角度,,,,,0,0,,,
took the bait,,,吞饵上钩\n上圈套,,,,,0,0,,,
took the cake,,,[网络] 脱颖而出,,,,,0,0,,,
took the change out of,,,v.  对 ... 报复,,,,,0,0,,,
took the fall,,,代人受罪,,,,,0,0,,,
took the field,,,v. 上阵(开始比赛),,,,,0,0,,,
took the fifth,,,以美国宪法第五条修正案为庇护；避而不答,,,,,0,0,,,
took the floor,,,v. 起立发言(参加跳舞),,,,,0,0,,,
took the form of,,,表现为……的形式,,,,,0,0,,,
took the heat,,,受到批评\n承受压力,,,,,0,0,,,
took the initiative,,,采取主动；带头,,,,,0,0,,,
took the laboring oar,,,v. 担任最繁重的工作,,,,,0,0,,,
took the liberty,,,冒昧；擅自,,,,,0,0,,,
took the logarithm of,,,v.  取 ... 的对数,,,,,0,0,,,
took the mickey,,,打趣\n嘲笑,,,,,0,0,,,
took the opportunity of,,,v. 趁机(利用机会),,,,,0,0,,,
took the part of,,,支持\n袒护,,,,,0,0,,,
took the pet,,,v. 生气(闹别扭),,,,,0,0,,,
took the piss,,,嘲笑\n取笑\n戏弄,,,,,0,0,,,
took the place of,,,代替,,,,,0,0,,,
took the plunge,,,冒险尝试；采取决定性步骤,,,,,0,0,,,
took the point,,,担任前哨\n敢于一马当先,,,,,0,0,,,
took the rap,,,承担刑事责任；受责备,,,,,0,0,,,
took the reins,,,支配；掌握,,,,,0,0,,,
took the risk of,,,冒…的危险,,,,,0,0,,,
took the road,,,v.  走 ... 道路(出发),,,,,0,0,,,
took the service,,,开球；发球,,,,,0,0,,,
took the shape of,,,呈…形状；以…形式出现,,,,,0,0,,,
took the size of,,,量…的大小；量…的尺寸,,,,,0,0,,,
took the stage,,,在作了动人的唱白后在掌声中下场；登台演出，在戏里扮演主要角色,,,,,0,0,,,
took the stand,,,站在证人席上作证,,,,,0,0,,,
took the veil,,,当修女,,,,,0,0,,,
took the weight off his feet,,,v. 坐下休息,,,,,0,0,,,
took their breath away,,,v. 使大吃一惊(使人吃惊或高兴得说不出话来),,,,,0,0,,,
took their choice,,,v. 选择,,,,,0,0,,,
took their from,,,v. 挑选,,,,,0,0,,,
took their oath,,,v. 宣誓(发誓),,,,,0,0,,,
took their place,,,取代他们的位置,,,,,0,0,,,
took them out,,,把他们带出去\n把他们拿出来,,,,,0,0,,,
took thought,,,vt. 寻思（担忧）,,,,,0,0,,,
took through,,,使通过,,,,,0,0,,,
took time,,,从容进行,,,,,0,0,,,
took time by the forelock,,,v. 抓住时机,,,,,0,0,,,
took time off,,,休息，休假；抽出一部分时间,,,,,0,0,,,
took to,,,na. 喜欢；开始做；参加；逃入\n[网络] 开始喜欢；不是词组；认为,,,,,0,0,,,
took to be,,,把…看作是…，把…当作是…,,,,,0,0,,,
took to heart,,,v. 耿耿于怀(当真),,,,,0,0,,,
took to her bosom,,,v. 钟爱,,,,,0,0,,,
took to my bed,,,v. 卧床,,,,,0,0,,,
took to pieces,,,把……拆散,,,,,0,0,,,
took to task for,,,v.  为 ... 而责备,,,,,0,0,,,
took to the woods,,,[网络] 躲到树林里；前往树林,,,,,0,0,,,
took to their bosom,,,v. 钟爱,,,,,0,0,,,
took toll of,,,抽取…的一部分；夺去；使遭受死亡,,,,,0,0,,,
took turns,,,轮流；依次,,,,,0,0,,,
took umbrage,,,生气\n见怪,,,,,0,0,,,
took under his wing,,,v. 庇护,,,,,0,0,,,
took up,,,na. 拿起；举起；拾起；(汽车等)接纳(乘客)\n[网络] 开始；从事；吸收,,,,,0,0,,,
took up arms,,,v. 拿起武器(积极参加争论),,,,,0,0,,,
took up her indentures,,,v. 学徒期满,,,,,0,0,,,
took up my residence,,,v. 居住(定居下来),,,,,0,0,,,
took up on,,,v.  对 ... 提出相反的意见(对 ... 提出质疑),,,,,0,0,,,
took up the gauntlet,,,v. 应战(护卫),,,,,0,0,,,
took up the position that,,,v. 主张(认为),,,,,0,0,,,
took up their quarters,,,v. 往下来(进入岗位),,,,,0,0,,,
took up with,,,na. 甘受；忍受(虐待等)；采用；遵奉(某说)\n[网络] 热衷于,,,,,0,0,,,
took upon,,,承担,,,,,0,0,,,
took upon oneself,,,承担；开始,,,,,0,0,,,
took upon ourselves,,,v. 承担(擅自),,,,,0,0,,,
took us,,Butt or read-end.  Something I picked up from my old man.\n> I should get off my tookus and get a job\n,,,,,,0,0,,,
took water,,,v. 下水(退却),,,,,0,0,,,
took with a grain of salt,,,v. 部分相信(半信半疑),,,,,0,0,,,
took years off,,,显得年轻,,,,,0,0,,,
took you down,,,拿下你（歌名，Take You Down）\n放倒你,,,,,0,0,,,
took you out,,,带你出去\n与你约会（歌名，Take You Out）,,,,,0,0,,,
took you up on,,,接受你的……,,,,,0,0,,,
took your breath away,,,使大吃一惊；使人高兴得说不出话来；令人屏息,,,,,0,0,,,
took your death,,,v. 得致命的病,,,,,0,0,,,
took your life in your hands,,,v. 铤而走险(玩命),,,,,0,0,,,
took your own line,,,v. 走自己的路线(守定自己的方针),,,,,0,0,,,
took your time,,,别着急；从容做,,,,,0,0,,,
took-off,,,"na. 脱(衣服,帽子,鞋子等)\n[网络] 起飞；脱下；脱掉",,,,,0,0,,,
Tooke,,,图克,,,,,0,0,s:tookes,,
"Tooke, John Horne",tuk; hɔ:n,,图克(1736～1812，英国政治家、语言学家),,,,,0,0,,,
tooked,,"past participle of took\nv carry out\nv require (time or space)\nv take somebody somewhere\nv get into one's hands, take physically\nv take on a certain form, attribute, or aspect\nv interpret something in a certain way; convey a particular meaning or impression\nv take something or somebody with oneself somewhere\nv take into one's possession\nv travel or go by means of a certain kind of transportation, or a certain route\nv pick out, select, or choose from a number of alternatives\nv receive willingly something given or offered\nv assume, as of positions or roles\nv take into consideration for exemplifying purposes\nv require as useful, just, or proper\nv experience or feel or submit to\nv make a film or photograph of something\nv remove something concrete, as by lifting, pushing, or taking off, or remove something abstract\nv serve oneself to, or consume regularly\nv accept or undergo, often unwillingly\nv make use of or accept for some purpose\nv take by force\nv occupy or take on\nv admit into a group or community\nv ascertain or determine by measuring, computing or take a reading from a dial\nv be a student of a certain subject\nv take as an undesirable consequence of some event or state of affairs\nv head into a specified direction\nv point or cause to go (blows, weapons, or objects such as photographic equipment) towards\nv be seized or affected in a specified way\nv have with oneself; have on one's person\nv engage for service under a term of contract\nv receive or obtain regularly\nv buy, select\nv to get into a position of having, e.g., safety, comfort\nv have sex with; archaic use\nv lay claim to; as of an idea\nv be designed to hold or take\nv be capable of holding or containing\nv develop a habit\nv proceed along in a vehicle\nv obtain by winning\nv be stricken by an illness, fall victim to an illness",(took 的过去分词) take的过去式,,,,,0,0,0:took/1:d,,
tooken,,,[网络] 拿起来,,,,,0,0,,,
tooker,,, [人名] 图克,,,,,0,0,,,
tookes,,,图克,,,,,0,0,0:tooke/1:s,,
tookest,tʊk,,"vt.\ntake的变形\ntake 的过去式\n[非规范用语] take 的过去分词\ntake\n[teik]\nvt.\n拿，取：\nTaking a pen in her hand,she began to write.\n她手里拿着一支钢笔，开始写起来。\nGo and take some coffee cups.\n去拿几个咖啡杯。\nTake the broken glass away.\n把破玻璃杯拿走。\nHe took a dictionary from the desk.\n他从书桌上拿了一本词典。\n抓紧，抓住；抱住；握住：\nThe boy took his mother's outstretched hand.\n小男孩抓住妈妈伸出的手。\nShe took her friend to her arms.\n她拥抱她的朋友。\n抓，捕；诱捕；捉住(鸟等)；(鱼)咬住(钓饵)：\nWe took him in the act of stealing.\n我们在他进行偷窃时将其捉住。\nThe hunters took a fox by a trap.\n猎人们设陷阱捉住一只狐狸。\n攻取，攻克；夺得，占领：\nIt took them a whole day to take the enemy fortress.\n他们花了一整天才攻占了敌堡。\nAfter a severe fight,they took the airport.\n经过一场激战，他们占领了机场。\n迷住；吸引：\nThe girl took his fancy.\n他被那个女孩迷住了。\nShe was very much\ntaken with the castle.\n她非常喜欢这座城堡。\n[与名词构成动宾结构，表示做一次动作，意义等于相应动词]做(一次动作)；履行：\nLet's take a walk.\n咱们散散步。\nto take a rest\n休息一下\nto take a bath\n洗个澡\nto take a glance\n瞥一眼\n接受，领受；接纳；娶；收养：\nHe took his friend's advice quite cheerfully.\n他欣然接受了朋友的劝告。\nYou should learn to take criticism.\n你应该学会接受批评。\nWe took 5 new members this month.\n这个月我们接纳了五名新会员。\nto take a wife\n娶妻\n取得，获得，得到，拿到：\nHis design took the first prize.\n他的设计得头等奖。\nShe took her degree with first-class honour.\n她以优异成绩获得学位。\nto take a word from French\n借用一个法语词\n(玩牌、比赛等)赢；击败；吃掉(棋子)：\nI took him for 10 pounds at the poker game.\n打扑克时我赢了他10英镑。\nOur team took the visiting team by 5 to 3.\n我们队以 5 比 3 击败客队。\nto take the opponent's king\n吃掉对方的王\n使死亡，夺去…的生命：\nCancer takes many lives.\n癌症夺走了许多人的生命。\nHe took his own life.\n他自杀而亡。\n随身携带；带走；把…带往；护送，陪同：\nTake an umbrella with you.\n随身带把伞。\nHe will take the guests to the museum.\n他将带客人们去博物馆。\nI will take a friend to dinner.\n我将陪一位朋友赴宴。\n(道路、通道等)通往(某地)；通往…；引至：\nThese stairs will take you up to the attic.\n这楼梯通到阁楼。\nThe path takes you to the beach.\n走这条小路能到海滩。\n运送，运输：\nWill this bus take us to the zoo?\n坐这路公共汽车我们能到动物园吗?\n吃，喝，服(药等)：\nThe pupils take lunch in the classroom.\n学生们在教室里吃午饭。\nWhat will you take? —I'll take a pint of Heineken.\n你喝什么? —我喝一品脱的喜力啤酒。\nTake the tablets twice a day. Take 2 each time.\n这药片每天吃两次，每次两片。\n吸入，呼吸(空气)；晒(太阳)：\nHe took a deep breath and dived into the water.\n他深深吸了口气，然后跳进水里。\nThey take the air in the park every morning.\n他们每天早上在公园里呼吸新鲜空气。\nto take the sun\n晒太阳\n享有、享受(娱乐、假期等)：\nThe family will take a vacation this summer in Australia.\n这家人今年夏天将在澳大利亚度假。\n购买，买下：\nHe took the two-piece suit he had tried on.\n他买下了试穿过的两件套西服。\n租用，租得；定(座)；订阅：\nto take a newspaper\n订阅报纸\nThe couple took the house for 2 years.\n夫妇俩把这座房子租了两年。\nWe have taken\na box at the opera.\n我们已经在歌剧院定了个包厢。\n忍受；经受，承受，承担；遭受：\nto take severe punishment\n受严厉的惩罚\nHe took all the blame to himself.\n他自己承担全部责任。\n选择，挑选，选取；采取：\nThey took the side of the speaker.\n他们站在发言人一边。\nI'll take American history this semester.\n这学期我要选美国史。\nThey decided to take the path of self-reliance.\n他们决定走自力更生的道路。\n使用；利用；用…对付：\nHe takes every opportunity of practicing his oral English.\n他利用一切机会练习英语口语。\nHe took a mop to the floor.\n他用拖把擦地板。\n了解；领会，领悟，理解：\nDo you take my meaning?\n你明白我的意思了吗?\nHow would you take this paragraph?\n你怎么理解这一段?\n以为；当作；把…看做：\nI take it that he was ill.\n我想他病了。\nDon't take his remarks as an insult.\n别把他的话当作侮辱。\nWe take him to be an honest man.\n我们认为他是个老实人。\n对付；对待；处理；考虑：\nYou mustn't take it lightly.\n你千万别小看它。\nWe should take things in their proper order.\n我们应该有条不紊地处理事情。\nto take a joke in earnest\n认真对待玩笑\nWhat he said must be taken with discount.\n他说的不可全信。\n拥有(职务等)；就职；担任；演：\nHe took the part of the hero.\n他出演主角。\nHe was asked to take a leading position in the factory.\n他们要求他在这家工厂担任一个领导职务。\nto take the chair\n当主席\n承担(义务)；负责管理；有责任去做；发(誓)：\nto take an oath\n宣誓\nI take English in this university.\n我在这所大学教英语。\n占；就坐：\nto take a seat\n就坐\nto take one's place\n入坐\n(通过观察、实验等)获得；确定；算出；量取；量出：\nto take someone's pulse\n给某人诊脉\nto take someone's temperature\n量出某人的体温\nto take a poll\n算出投票数\nThe doctor will take an X- ray of you.\n医生要给你透视一下。\nto take the census\n进行人口普查\n拍(照)；绘画，画下：\nWe went to the Summer Palace and took some pictures.\n我们去颐和园了并拍了一些照片。\nThe photographer took the children sitting down.\n摄影师给坐着的孩子们拍了照。\nto take the scene in colour\n写彩色景\n学习；研究：\nto take ballet\n学习芭蕾舞\nShe took a French course in a correspondence school.\n她在函授学校修法语课程。\nto take an art course\n修美术课程\n写下，记下，记录：\nHe took a letter in shorthand.\n他速记下一封信。\nWe have taken the broadcast on a tape.\n我们已经把广播录到了磁带上。\nto take notes\n记笔记\n摘录，节录：\nThe writer took a verse from the Bible.\n作者从《圣经》中摘录了一个短句。\nThis passage is taken from Wuthering Heights.\n这一段摘录自《呼啸山庄》。\n(头脑中)形成；感受到；持有或采取(某种观点等)：\nThey took a gloomy view about the whole thing.\n他们对整个情况持暗淡的看法。\nI take much delight in my studies.\n我从学习中得到了很大的乐趣。\nto take pride in one's appearance\n对其外表感到骄傲\n吸收(染料等)；易受…的影响：\nWaxed paper will not take ink.\n蜡纸不吸墨水。\nMarble takes a high polish.\n大理石可磨得极为光滑。\n[常用被动语态](疾病、不愉快事情等)突然侵袭，袭击：\nThe old man was taken with a fit.\n老人疾病发作。\nto be taken ill\n生病\n打，击；击中(某人的某一部位)：\nThe boss took him on the ear.\n老板打了他一记耳光。\n患(病)；感染：\nShe took cold over the weekend.\n她周末着凉了。\n呈现；带上；采取(形态等)：\nThe tree takes the shape of a human being.\n这棵树呈人的形状。\nA witch was supposed to take the shape of a cat.\n据说女巫会化为猫的形状。\n占用，占据(时间、空间等)；花费(时间)，用掉，消耗：\nIt takes an hour to get to the railway station.\n到火车站要花一小时。\nIt takes two to make a quarrel.\n[谚语]一个巴掌拍不响；两个人才吵得起来。\n越过(障碍)；绕过：\nHe took the corner at top speed.\n他高速绕过街角。\nThe horse took the jump.\n马越过障碍物。\n利用(交通工具)，搭、乘(车辆)：\nI take a bus to work.\n我坐公共汽车上班。\nShe took a taxi home after she saw the film.\n她看了电影后坐出租车回家。\nLet's take the lift.\n咱们坐电梯。\n需要：\nIt takes courage to do that.\n做那件事需要勇气。\nIt takes\npatience to learn a foreign language.\n学一门外语需要耐心。\n以…为例：\nLet me take Edison for example.\n让我以爱迪生为例。\n接(电话)：\nIt was he who took the telephone.\n是他接的电话。\n减去，扣除：\nIf you take 5 from 10,that leaves 5 .\n10减去5余5。\nto take 2 from 12 .\n12减去 2 。\n与…性交\n【棒球】(击球手)不击(掷过来的好球)而过：\nThe batter took the pitch.\n击球手放过这个投球没打。\n(赛车时)赶超\n【语法学】(按照规则)有；与(某种形式、音调、格、语气等)连用：\nA transitive verb takes\nan object.\n及物动词有一个宾语。\n[俚语]欺骗，哄骗，使上当；抢劫：\nThey took him for 200 pounds.\n他们骗走了他200英镑。\nHe was badly taken.\n他大大受骗了。\nvi.\n[口语]变得，成为，得(病)，患：\nHe took sick and had to go to hospital.\n他病了，只得上医院。\nto take ill\n生病\n(鱼)咬饵；(鸟等)被捉：\nThis fish takes easily.\n这鱼容易上钩。\nFish always take best after rain.\n下雨后最好钓鱼。\n(锁等)锁住；(机器)钩住；(齿轮)啮合：\nThe lock took with a click.\n锁咔哒一声锁上了。\n受欢迎：\nThe play did not take in this city.\n那出戏在这个城市不卖座。\nThe singing star takes with young people.\n这个歌星受到年轻人的喜爱。\n生效，起作用，(药)奏效：\nThe vaccination took.\n牛痘发了。\nThe medicine didn't take.\n这种药没有疗效。\n[take and …][美国口语][无实义，用于加强语气]：\nHe took and went to the hospital after he got the news.\n他一得到消息便去了医院。\n(以特定方法)被照相：\nYour boy friend does not take well.\n你的男朋友不上相。\nThe photo has taken well.\n这张照片拍得好。\n走；行走；前进：\nShe took\ndown a path.\n她沿着小路走。\n着火；开始燃烧：\nThe fire took rapidly.\n火势迅猛。\nDry fuel takes readily.\n干燥的燃料容易点着。\n(植物嫁接、移植等的)成活；开始生长；(种子)生根，发芽：\nThe seeds have taken.\n种子发芽了。\nThey invented a new method for making the grafts take.\n他们发明了一个使嫁接成活的新方法。\n可被拆开；可搬动：\nThis crib takes apart for easy storage.\n这张小床可以拆开，便于存放。\n(墨水、染料等)被吸收；沾上：\nThe dye takes well.\n染色染得不错。\n吃掉对手棋子：\nIn the Chinese chess, the chariot takes in a straight line.\n在中国象棋里“车”沿直线吃子。\n【棒球】(击球手)放过球不打\n【法律】获得财产：\nThe only daughter took as heir.\n这个独生女继承了遗产。\nn.\n取，拿，得\n获取物；捕获物\n(鱼、野味等的)获取量，捕获量\n[俚语] (一次的)获利；收入额\n提成(指在零售活动中信用卡公司所提取的利润分成)\n魅力；受欢迎的人(或物)\n感觉，感知\n[口语][常作单数]见解，看法；态度；反应；解释，诠释(与 on 连用)\n[俚语]努力，尝试\n【医学】(种牛痘)发痘；成功的预防注射\n(植物嫁接、移植等的)成活；(种子的)生根，发芽\n一次拍摄的电影(或电视)镜头；摄制；试拍\n一次录的音(尤指试录)；(音乐演奏的)录音\n【印刷】一次排版量，一次发稿量\n[英国英语]租种的土地\n近义词:\nseize\n. grasp\n. snatch\n短语:\nbe taken short\n[口语、委婉语]\n突然想要大便(或小便)\n毫无准备；感到很意外\nbe taken with (或by)\n对…产生兴趣；很喜爱…；被…吸引；被…迷住\ndo a double take\n恍然大悟；因惊讶而再看一眼\ngive or take\n允许…有小误差；增减…而无大变化\nhave(got) what it takes\n[美国口语]\n具备成功(或出名)的一切必要条件(如金钱、美貌、素质、才智、勇敢等)\n吸引力；性魅力[亦作 what it takes]\nnot taking any\n[口语]\n不打算做；没兴趣做\n谢绝；不接受\non the take\n[美国俚语]\n被买通，受贿；贪赃枉法\n敲诈，敲竹杠；伺机吞噬(或攫取)；伺机损人利己，寻机占便宜\ntake a leak\n[俚语]小便\ntake as read\n认定…不会有错；认为不必宣读(会议记录等)\n宣称对…满意；声言对…没意见\ntake effect\n见 effect\ntake five (或 ten 等)\n休息五(或十)分钟；小憩\ntake for granted\n见 granted\ntake home to oneself\n[口语]充分理解，深刻领会\ntake it\n默然同意；接受\n认为，以为；猜想\n断定；相信\n[美国俚语]忍受，忍受得住(困难、痛苦、不幸、批评等)(常与 can 或 be able to 连用)\ntake it all in\n仔细聆听；全部听进\ntake it away\n(电台或电视台用来开始广播或播放的信号语)开始播放，开播\ntake it (或things) easy\n见 easy\ntake it from me\n=you may take it from me\ntake it from there\n负责那以后的事情，负责剩下的事\ntake it ill\n见ill\ntake it kindly\n欣然听从(忠告等)，当作善意\ntake it on the chin\n见chin\ntake it or leave it\n要么接受，要么放弃；要不要随你的便；不容讨价还价\ntake it out in\n接受…作为补偿\ntake it out of someone\n[口语]使某人衰弱，让某人疲惫不堪\n找某人出气，拿某人泄愤；向某人报复\n剥削某人；榨取某人的钱[亦作 take it out on someone]\ntake kindly to\n[常用于否定句、疑问句和条件句]喜欢，对…有好感；乐于接受\ntake me not up before I fall\n[苏格兰口语]回答我之前，先听我讲完\ntake me with you\n让我理解你的意思[源自莎士比亚作品]\ntaken all in all\n= taking one thing with another 或 taken one thing with another ＝take upon oneself\ntake some\n不大容易\ntake someone out of himself\n[口语]让某人忘记烦恼\ntake someone through\n对某人读…(以便校对)\n【戏剧】帮某人排演\ntake someone unawares\n突袭某人，使某人感到意外，乘某人不备\ntake someone up on\n对某人(说的话)提出质疑\n接受某人的(邀请、建议、挑战等)\n要求某人兑现(所说的话等)\ntake someone(up) short\n突袭某人；使某人大吃一惊\n唐突地打断某人的话\ntake someone wrong\n误解某人的意思，曲解某人的意思\ntake something hard\n对某事失望；对某事感到悲伤；对某事耿耿于怀\ntake(something) lying down\n见lie\ntake something out on\n拿…当替罪羊，拿…出气\ntake something up with someone\n就某事向某人提意见；(书面或口头)向某人反映某事\ntake the biscuit\n见 biscuit\ntake the bun\n见 bun\ntake the cake\n见 cake\ntake the ground\n【航海学】搁浅[亦作 take the bottom]\ntake too much\n[口语]喝过多(酒)，喝醉\ntake upon(或 on)oneself\n开始\n负担；主动承担(责任等)，把(过错等)归咎自己\n擅自，自作主张；越权承担(某事)\ntake us as you find us\n我们就这个样子，你将就些吧(别对我们另有期望)\ntake what it takes\n=have(got)what it takes [口语]具备成功所需的一切条件(指素质、才能等)\ntake with one\n获得…的支持；得到…的赞同\ntaking one thing with another\n总的看来，从整体上看，考虑到各方面\nYou can't take it with you.\n你总不能把钱财带到棺材里去吧。\n(you may) take it from me\n[口语]我敢保证；包你…；相信我，请你相信我的话吧\n变形：\nvt.\ntook\n. taken\n. taking",,,,,0,0,,,
tooketh,,,[网络] 带走了,,,,,0,0,,,
tookey,,, [人名] [英格兰人姓氏] 图基 Tooke的变体,,,,,0,0,s:tookeys,,
tookeys,,, [人名] [英格兰人姓氏] 图基 Tooke的变体\n(tookey 的复数),,,,,0,0,0:tookey/1:s,,
tookie,,,[网络] 托奇；图齐；复制,,,,,0,0,,,
tookies,,,[网络] Tookies,,,,,0,0,,,
tooks,,"-s form of took\nv carry out\nv require (time or space)\nv take somebody somewhere\nv get into one's hands, take physically\nv take on a certain form, attribute, or aspect\nv interpret something in a certain way; convey a particular meaning or impression\nv take something or somebody with oneself somewhere\nv take into one's possession\nv travel or go by means of a certain kind of transportation, or a certain route\nv pick out, select, or choose from a number of alternatives\nv receive willingly something given or offered\nv assume, as of positions or roles\nv take into consideration for exemplifying purposes\nv require as useful, just, or proper\nv experience or feel or submit to\nv make a film or photograph of something\nv remove something concrete, as by lifting, pushing, or taking off, or remove something abstract\nv serve oneself to, or consume regularly\nv accept or undergo, often unwillingly\nv make use of or accept for some purpose\nv take by force\nv occupy or take on\nv admit into a group or community\nv ascertain or determine by measuring, computing or take a reading from a dial\nv be a student of a certain subject\nv take as an undesirable consequence of some event or state of affairs\nv head into a specified direction\nv point or cause to go (blows, weapons, or objects such as photographic equipment) towards\nv be seized or affected in a specified way\nv have with oneself; have on one's person\nv engage for service under a term of contract\nv receive or obtain regularly\nv buy, select\nv to get into a position of having, e.g., safety, comfort\nv have sex with; archaic use\nv lay claim to; as of an idea\nv be designed to hold or take\nv be capable of holding or containing\nv develop a habit\nv proceed along in a vehicle\nv obtain by winning\nv be stricken by an illness, fall victim to an illness",(took 的第三人称 -s形式) take的过去式,,,,,0,0,0:took/1:3,,
tool,tu:l,n. an implement used in the practice of a vocation\nv. drive\nv. furnish with tools\nv. work with a tool,"n. 工具, 机床, 傀儡\nvt. 用工具加工\nvi. 使用工具",v:2/n:98,3,1,zk gk cet4 cet6 ky,1739,1291,s:tools/i:tooling/p:tooled/3:tools/d:tooled,,
tool addendum,,,un. 齿顶高,,,,,0,0,,,
tool adjusting lever,,,un. 钉齿耙或弹齿耙耙齿调节杆,,,,,0,0,,,
tool adjustment,,,[机] 校准工具,,,,,0,0,,,
tool advance,,,[网络] 刀具进刀,,,,,0,0,,,
tool and cutter,,,[网络] 工具磨床,,,,,0,0,,,
tool and cutter grinder,,,"工具磨床,刀具磨床",,,,,0,0,,,
tool and cutter grinding machine,,,工具磨床,,,,,0,0,,,
tool and die,,,adj. 模具(的)\n[网络] 工具及工模；治工具,,,,,0,0,,,
tool angel,,,"[机] 刀具, 工具",,,,,0,0,,,
tool angle,,,[机] 刀角,,,,,0,0,,,
tool angles,,,刀具角度；齿尖角,,,,,0,0,,,
tool annulus,,,un. 环状齿圈,,,,,0,0,,,
tool approach angle,,,余偏角,,,,,0,0,,,
tool apron,,,[机] 刀座,,,,,0,0,,,
tool arbor,,,[网络] 刀轴,,,,,0,0,,,
tool arm,,,刀臂,,,,,0,0,,,
tool around,,,[网络] 开车兜风；开车瞎逛,,,,,0,0,,,
tool axis,,,刀具轴线,,,,,0,0,,,
tool back clearance,,,刀具纵向后角,,,,,0,0,,,
tool back plane,,,切深剖面,,,,,0,0,,,
tool back rake,,,刀具纵向前角,,,,,0,0,,,
tool backlash movement,,,退刀动作,,,,,0,0,,,
tool bag,tu:l bæɡ,, 工作包,,,,,0,0,s:tool bags,,
tool bags,,,工具袋，工具包[亦作 kit bag],,,,,0,0,0:tool bag/1:s,,
tool bar,,,[计] 工具栏\n[化] 刀杆,,,,,0,0,,,
tool base clearance,,,刀具最小后角,,,,,0,0,,,
tool based programming environment,,,基于工具的程式设计环境,,,,,0,0,,,
tool bearing,,,un. 轮齿的接触面,,,,,0,0,,,
tool belt,,,工具带,,,,,0,0,,,
tool bit,,,"刀具,刀头",,,,,0,0,,,
tool bit holder,,,un. 刀夹,,,,,0,0,,,
tool block,,,刀架,,,,,0,0,,,
tool bogie,,,[化] 工具车,,,,,0,0,,,
tool bore,,,刀孔,,,,,0,0,,,
tool box,,,"[计] 工具箱, 工具组",,,,,0,0,,,
tool box door hinge,,,un. 工具箱门铰链,,,,,0,0,,,
tool box door latch,,,un. 工具箱门闩,,,,,0,0,,,
tool box missing,,,[网络] 工具箱遗失,,,,,0,0,,,
tool box on cross silde,,,[网络] 横向滑板刀箱,,,,,0,0,,,
tool box on cross slide,,,un. 横向滑板刀箱,,,,,0,0,,,
tool box slide,,,un. 刀箱滑板,,,,,0,0,,,
tool boxes,,,n. 工具箱\nun. 软件工具箱；软件工具组\n[网络] 工具盒,,,,,0,0,,,
tool breadth,,,un. 齿宽,,,,,0,0,,,
tool breakage,,,工具划伤,,,,,0,0,,,
tool bucket,,,un. 带齿铲斗\n[网络] 利器存储桶,,,,,0,0,,,
tool builder kit,,,工具建立器套件,,,,,0,0,,,
tool cabinet,tu:l ˈkæbinit,, 工具箱[柜],,,,,0,0,s:tool cabinets,,
tool cabinets,,,工具柜，[机] 工具箱,,,,,0,0,0:tool cabinet/1:s,,
tool caliper,,,un. 测齿长尺,,,,,0,0,,,
tool car,,,[化] 工具车; 检修车,,,,,0,0,,,
tool carbide,,,刀具硬质合金,,,,,0,0,,,
tool carbon steel,,,[机] 工具用碳素钢,,,,,0,0,,,
tool carriage,,,大刀架;拖板,,,,,0,0,,,
tool carrier,,,刀架,,,,,0,0,,,
tool carrier chassis,tu:l ˈkæriə ˈʃæsi:,, 自动底盘,,,,,0,0,,,
tool carrier for animal draft,,,un. 畜力牵引的通用机架,,,,,0,0,,,
tool carrying device,,,un. 刀架,,,,,0,0,,,
tool case,tu:l keis,, 工具箱,,,,,0,0,s:tool cases,,
tool cases,,,[机] 工具箱,,,,,0,0,0:tool case/1:s,,
tool center point,,,工具中心点,,,,,0,0,,,
tool ceramics,,,工具陶瓷,,,,,0,0,,,
tool changer,,,工具变换器,,,,,0,0,,,
tool changing,,, 换刀,,,,,0,0,,,
tool changing device,,,换刀装置,,,,,0,0,,,
tool charpening,,,刀具刃磨,,,,,0,0,,,
tool chest,tu:l tʃest,,n. 工具箱,,,,,0,0,s:tool chests,,
tool chests,,,[网络] 工具柜,,,,,0,0,0:tool chest/1:s,,
tool chisel,,,un. 齿錾,,,,,0,0,,,
tool chuck,,,刀夹,,,,,0,0,,,
tool clamp,,,刀夹,,,,,0,0,,,
tool cleaning,,,械清理,,,,,0,0,,,
tool clear of work,,,[网络] 工件刀痕,,,,,0,0,,,
tool clearance,,,刀具后角,,,,,0,0,,,
tool clutch,,,un. 齿轮离合器,,,,,0,0,,,
Tool Command Language,,,工具命令语言,,,,,0,0,,,
tool compartment,,,工具箱,,,,,0,0,,,
tool consignment record,,,un. 工具交付记录,,,,,0,0,,,
tool control,,,工具控制,,,,,0,0,,,
tool coordinate system,,,工具座标系统,,,,,0,0,,,
tool core,,,un. 齿型心,,,,,0,0,,,
tool coupling,,,un. 齿轮联轴节,,,,,0,0,,,
tool crest,,,un. 齿顶,,,,,0,0,,,
tool crib,,,"工具仓库;工具箱,工具盒",,,,,0,0,,,
tool crib operator,,,un. 工具室保管员,,,,,0,0,,,
tool crown,,,un. 齿轮轮周,,,,,0,0,,,
tool crushing pressure,,,un. 轮齿压碎压力,,,,,0,0,,,
tool curve,,,un. 齿向曲线,,,,,0,0,,,
tool cutting edge angle,,,主偏角,,,,,0,0,,,
tool cutting edge inclination angle,,,刃倾角,,,,,0,0,,,
tool cutting edge plane,,,切削平面,,,,,0,0,,,
tool cutting machine,,,un. 切齿机,,,,,0,0,,,
tool data management,,,工具资料管理,,,,,0,0,,,
tool department,,,un. 工具部门\n[网络] 模具课,,,,,0,0,,,
tool design,,,[经] 工具设计,,,,,0,0,,,
tool design standard,,,un. 工具设计标准,,,,,0,0,,,
tool diameter compensation,tu:l daiˈæmitə ˌkɔmpenˈseiʃən,, 工具直径校正,,,,,0,0,,,
tool diameter compensation or offset,,,刀具直径补偿,,,,,0,0,,,
tool diameter offset,tu:l daiˈæmitə ˈɔfset,, 工具直径校正,,,,,0,0,,,
tool dimension,,,刀具尺寸,,,,,0,0,,,
tool dolly,,,一种反应堆操作用的机器人,,,,,0,0,,,
tool drawing,,,工具图,,,,,0,0,,,
tool dresser,,,"刃磨工,磨刀工",,,,,0,0,,,
tool dressing,,,刀具磨锐,,,,,0,0,,,
tool drum,,,鼓式刀架,,,,,0,0,,,
tool dynamometer,,,刀具功率计,,,,,0,0,,,
tool edge,,,"切削刃,刀刃",,,,,0,0,,,
tool edge radius,,,刀具刃口半径,,,,,0,0,,,
tool ejector,,,工具拆卸器,,,,,0,0,,,
tool electrode,tu:l ɪˈlekˌtrəʊd,, 工具电极,,,,,0,0,,,
tool element,,,[机] 刀具要素,,,,,0,0,,,
tool engineer,,,工具工程师,,,,,0,0,,,
tool engineering,,,工具学,,,,,0,0,,,
tool enrichment,,,托浓缩，收费浓缩,,,,,0,0,,,
tool equipment,,,"工具设备,成套工具",,,,,0,0,,,
tool escape,,,退刀槽,,,,,0,0,,,
tool exchanging robot,,,[网络] 工具交换机器人,,,,,0,0,,,
tool extractor,,,工具拔出器,,,,,0,0,,,
tool fabrication change sheet,,,工具制造更改单,,,,,0,0,,,
tool face,,,刀面,,,,,0,0,,,
tool face perpendicular force,,,前面垂直力,,,,,0,0,,,
tool face tangential force,,,前面切向力,,,,,0,0,,,
tool factor,,,仪器常数,,,,,0,0,,,
tool failure,,,刀具破损,,,,,0,0,,,
tool failures,,,工具失效,,,,,0,0,,,
tool file,,,刀具文件,,,,,0,0,,,
tool finish,,,机械加工,,,,,0,0,,,
tool flank,,,刀具侧面,,,,,0,0,,,
tool for compiler writing,,,编译程式写作工具,,,,,0,0,,,
tool for criminal purpose,,,"[法] 作案工具, 犯罪器械",,,,,0,0,,,
tool for erection,,,安装工具,,,,,0,0,,,
tool for knee fixation,,,抱膝,,,,,0,0,,,
tool for lathe,,,[网络] 车刀,,,,,0,0,,,
tool for lifting,,,起吊工具,,,,,0,0,,,
tool for software development,,,[计] 软件开发工具,,,,,0,0,,,
tool for weighing medicine in ancient China,,,方寸匕,,,,,0,0,,,
tool function,,,刀具功能,,,,,0,0,,,
tool ga(u)ge,,,工具规,,,,,0,0,,,
tool gage,,,un. 刀具检查器\n[网络] 工具规,,,,,0,0,,,
tool gauge,,,[机] 工具规,,,,,0,0,,,
tool geometry,,,刀具几何形状,,,,,0,0,,,
tool grinder,,,"[机] 工具磨机, 工具磨床",,,,,0,0,,,
tool grinder sharpener,,,工具磨机,,,,,0,0,,,
tool grindery,,,磨刀间,,,,,0,0,,,
tool grinding,,,"工具磨削,刀具磨削,刃磨",,,,,0,0,,,
tool grinding department,,,un. 磨刀车间,,,,,0,0,,,
tool grinding installation,,,un. 工具磨削装置,,,,,0,0,,,
tool grinding machine,,,"[机] 工具磨机, 工具磨床",,,,,0,0,,,
tool guard,,,un. 刀具护罩\n[网络] 工具卫士；工机具保护喷剂,,,,,0,0,,,
tool guide,,,刀架导轨,,,,,0,0,,,
tool head,,,刀具主轴箱,,,,,0,0,,,
tool head feed screw,,,刀架进给螺杆,,,,,0,0,,,
tool head slide,,,刀架滑台,,,,,0,0,,,
tool head traversing screw,,,刀架进给螺杆,,,,,0,0,,,
tool hold,,,[网络] 工具安装,,,,,0,0,,,
tool hold key,,,刀夹钥匙,,,,,0,0,,,
tool holder,,,"[机] 刀把, 工具架, 工具支持器",,,,,0,0,,,
tool holder of lathe,,,车床刀杆,,,,,0,0,,,
tool holding,,,刀具夹紧,,,,,0,0,,,
tool holding device,tul ˈholdɪŋ dɪˈvaɪs,, 刀夹具,,,,,0,0,,,
tool house,'tu:lhaus,,n. 工具房,,,,,0,0,,,
tool house foreman,,,[网络] 码头工具管理员,,,,,0,0,,,
tool include angle,,,[网络] 刀尖角,,,,,0,0,,,
tool included angle,,,刀尖角,,,,,0,0,,,
tool interface system,,,仪器接口,,,,,0,0,,,
tool joint,,,钻具接头,,,,,0,0,,,
tool joint box,,,内螺纹钻杆接头,,,,,0,0,,,
tool joint pin,,,外螺纹钻杆接头,,,,,0,0,,,
tool joint thread,,,钻杆接头螺纹,,,,,0,0,,,
tool kit,tu:l kit,,n. 工具箱,,,,,0,0,s:tool kits,,
tool kits,,,un. 工具箱；成套工具；工具包；工具匣\n[网络] 随车工具；工具箱套；工具套装,,,,,0,0,0:tool kit/1:s,,
tool lapping machine,,,刀具研磨机,,,,,0,0,,,
tool lathe,,,工具车,,,,,0,0,,,
tool length compensation,tu:l leŋθ ˌkɔmpenˈseiʃən,, 刀具长度校正,,,,,0,0,,,
tool length compensation or offset,,,刀具长度补偿或差距,,,,,0,0,,,
tool length offset,tu:l leŋθ ˈɔfset,, 刀具长度校正,,,,,0,0,,,
tool life,,,工具使用寿命;工具寿命;刀具耐用度,,,,,0,0,,,
tool lifter,,,自动抬刀架,,,,,0,0,,,
tool list,,,un. 工具清单\n[网络] 工具单；工具参考；工具表输出档,,,,,0,0,,,
tool lorry,,,工具车,,,,,0,0,,,
tool magazine,,,刀具库;多刀刀座,,,,,0,0,,,
tool major cutting edge,,,主切削刃,,,,,0,0,,,
tool major cutting edge plane,,,主切削平面,,,,,0,0,,,
tool maker,tu:l ˈmeɪkə,, 工具工人,,,,,0,0,,,
tool maker shop,,,工具工场,,,,,0,0,,,
tool maker's microscope,,,[机] 工具[匠用],,,,,0,0,,,
tool making,tu:l ˈmeɪkɪŋ,, 工具制作，工具制造,,,,,0,0,,,
tool making department,,,un. 工具制造部门,,,,,0,0,,,
tool making lathe,,,工具车床,,,,,0,0,,,
tool management,,,[经] 工具管理,,,,,0,0,,,
tool management system,tul ˈmænɪdʒmənt ˈsɪstəm,, 工具管理系统,,,,,0,0,,,
tool mark,,,[法] 工具痕迹,,,,,0,0,,,
tool marks,,,刀痕,,,,,0,0,,,
tool master,,,"标准工具,标准量具,高精度工具",,,,,0,0,,,
tool material,,,[机] 工具材料,,,,,0,0,,,
tool materials,,,[机] 工具材料,,,,,0,0,,,
tool mechanism,,,工具机构,,,,,0,0,,,
tool microscope,,,[机] 工具显微镜,,,,,0,0,,,
tool milling,,,铣具,,,,,0,0,,,
tool milling machine,,,工具铣床,,,,,0,0,,,
tool minor cutting edge,,,副切削刃,,,,,0,0,,,
tool minor cutting edge angle,,,副偏角,,,,,0,0,,,
tool minor cutting edge plane,,,副切削平面,,,,,0,0,,,
tool mode,,,工具模态,,,,,0,0,,,
tool module,,,un. 工具模数\n[网络] 下井仪模块,,,,,0,0,,,
tool mounting,,,刀架,,,,,0,0,,,
tool nipper,,,送钎工,,,,,0,0,,,
tool nose,,,刀尖,,,,,0,0,,,
tool number,,,工具号码,,,,,0,0,,,
tool of production,tul ʌv prəˈdʌkʃən,, 生产工具,,,,,0,0,,,
tool offset,,,刀具轴向偏置,,,,,0,0,,,
tool on-demand,,,随需工具,,,,,0,0,,,
tool operation,,,工具操作,,,,,0,0,,,
tool order,,,[经] 工具订单,,,,,0,0,,,
tool orthogonal clearance,,,后角,,,,,0,0,,,
tool orthogonal plane,,,[网络] 主剖面；正交平面,,,,,0,0,,,
tool orthogonal rake,,,刀具前角,,,,,0,0,,,
tool outfit,,,成套工具;成套工具箱,,,,,0,0,,,
tool palette,,, 工具面板,,,,,0,0,,,
tool pan,,,刀盘,,,,,0,0,,,
tool path,,,un. 刀具路径\n[网络] 刀具轨迹；刀轨；刀位轨迹,,,,,0,0,,,
tool pick up,,,un. 自动抬刀架,,,,,0,0,,,
tool pick-up,,,自动抬刀架,,,,,0,0,,,
tool point,,,刀锋,,,,,0,0,,,
tool point angle,,,[网络] 刀刃角,,,,,0,0,,,
tool point width,,,[网络] 刀顶距,,,,,0,0,,,
tool position,,,"刀具位置,刀位",,,,,0,0,,,
tool position compensation,,,工具位置补偿,,,,,0,0,,,
tool post,,,"[机] 夹刀柱, 来刀架",,,,,0,0,,,
tool post collar,,,un. 刀架套圈,,,,,0,0,,,
tool post for boring,,,un. 镗孔刀架,,,,,0,0,,,
tool post for front and rear slide,,,un. 前后两用刀架,,,,,0,0,,,
tool post for front cross slide,,,un. 前横刀架用刀座,,,,,0,0,,,
tool post for rear cross slide,,,un. 后横刀架用刀座,,,,,0,0,,,
tool post grinder,,,un. 刀架磨头装在车床上的,,,,,0,0,,,
tool post rocker,,,un. 刀架球形垫圈,,,,,0,0,,,
tool post screw,,,un. 刀架螺旋,,,,,0,0,,,
tool post wrench,,,刀架扳手,,,,,0,0,,,
tool preseting measuring instrument,,,刀具预调测量仪,,,,,0,0,,,
tool presetter,,,刀具预调仪,,,,,0,0,,,
tool presetting equipment,,,刀具调整设备,,,,,0,0,,,
tool profile,,,刀具廓形,,,,,0,0,,,
tool profile grinding machine,,,工具曲线磨床,,,,,0,0,,,
tool pusher,,,钻井队长,,,,,0,0,,,
tool quality,,,un. 切削性,,,,,0,0,,,
tool rack,,,工具架,,,,,0,0,,,
tool radius compensation,,,刀具半径补偿,,,,,0,0,,,
tool radius compensation or offset,,,刀具半径补偿,,,,,0,0,,,
tool radius offset,,,工具径向偏差,,,,,0,0,,,
tool reader,,,工具读数器,,,,,0,0,,,
tool recess,,,退刀槽,,,,,0,0,,,
tool reference plane,,,基面,,,,,0,0,,,
tool release,,,[网络] 刀具释放,,,,,0,0,,,
tool relief mechanism,,,un. 自动抬刀机构,,,,,0,0,,,
tool requisition,,,工具申请,,,,,0,0,,,
tool resharpening,,,[网络] 刀具重磨；工具重新磨修,,,,,0,0,,,
tool resistance,,,刀具阻力,,,,,0,0,,,
tool rest,,,"[机] 夹刀柱, 来刀架",,,,,0,0,,,
tool rest slide,,,刀架滑板,,,,,0,0,,,
tool retracting,,,退刀,,,,,0,0,,,
tool room,,,[经] 工具间,,,,,0,0,,,
tool room and crib,,,un. 工具室,,,,,0,0,,,
tool room employee performance,,,un. 工具室雇员工作实绩,,,,,0,0,,,
tool room lathe,,,[机] 工具室用车床,,,,,0,0,,,
tool saddle,,,刀架鞍板,,,,,0,0,,,
tool scraping,,,刮具,,,,,0,0,,,
tool section,,,刀条,,,,,0,0,,,
tool set,,,[化] 成套工具,,,,,0,0,,,
tool set up,,,un. 机床的调整；工装\n[网络] 机具调整,,,,,0,0,,,
tool set-up,,,机床的调整,,,,,0,0,,,
tool setter,,,刀具调整工,,,,,0,0,,,
tool setting,,,刀具调整,,,,,0,0,,,
tool setting device,,,对刀装置,,,,,0,0,,,
tool setting diagram,,,un. 刀具安装图,,,,,0,0,,,
tool setting gage,,,对刀样板,,,,,0,0,,,
tool setting gauge,,,"调刀千分尺,对刀仪",,,,,0,0,,,
tool settings,,,[网络] 工具设置；刀具设置；工具设定,,,,,0,0,,,
tool setup,tu:l ˈsetˌʌp,, 刀具蝶,,,,,0,0,,,
tool shank,,,"工具柄部,刀具柄部,刀柄",,,,,0,0,,,
tool shank for endmill,,,端铣刀刀柄,,,,,0,0,,,
tool shank for rough boring tool,,,粗镗刀柄,,,,,0,0,,,
tool shape,,,[网络] 刀齿形状,,,,,0,0,,,
tool sharpener,,,"磨刀机,刀具磨床",,,,,0,0,,,
tool sharpening,,,[机] 磨刀刃,,,,,0,0,,,
tool sharpening grinding machine,,,工具刃磨机,,,,,0,0,,,
tool sharpening machine,,,刀具刃磨机,,,,,0,0,,,
tool shed,,,un. 工具室\n[网络] 工具房；工具棚；工具储藏室,,,,,0,0,,,
tool sheds,,,un. 工具室\n[网络] 工具房,,,,,0,0,,,
tool shelf,,,工具架,,,,,0,0,,,
tool shop,,,[化] 工具车间,,,,,0,0,,,
tool side clearance,,,刀具横向后角,,,,,0,0,,,
tool side rake,,,刀具横向前角,,,,,0,0,,,
tool slide,,,[机] 刀具滑座,,,,,0,0,,,
tool slider,,,刀具滑座,,,,,0,0,,,
tool specification,,,刀具规格,,,,,0,0,,,
tool spindle,,,[网络] 主轴；刀轴,,,,,0,0,,,
tool spindle mechanism,,,刀具旋转轴机构,,,,,0,0,,,
tool stand,,,工具台[架],,,,,0,0,,,
tool standard,,,[计] 工具标准,,,,,0,0,,,
tool standardization,,,工具标准化,,,,,0,0,,,
tool station,,,刀具厂,,,,,0,0,,,
tool steel,,,[化] 工具钢,,,,,0,0,s:tool steels,,
tool steel for hot working,,,un. 热加工用工具钢\n[网络] 热加工工具钢,,,,,0,0,,,
tool steels,,,【材料学】工具(用)钢,,,,,0,0,0:tool steel/1:s,,
tool stone,,,优质金刚石;工具金刚石,,,,,0,0,,,
tool storage room,,,工具库,,,,,0,0,,,
tool string,,,下井仪器串,,,,,0,0,,,
tool subject,,,工具课程,,,,,0,0,,,
tool support,,,刀架,,,,,0,0,,,
tool surface,,,刀具表面,,,,,0,0,,,
tool swivel slide,,,工具旋转滑板,,,,,0,0,,,
tool table,,,[机] 工具台,,,,,0,0,,,
tool tear,,,刀具折裂,,,,,0,0,,,
tool temperature,,,刀具温度,,,,,0,0,,,
tool test,,,工具试验,,,,,0,0,,,
tool tester,,,工具试验机,,,,,0,0,,,
tool thrust,,,切削力,,,,,0,0,,,
tool ticket,,,un. 工具票,,,,,0,0,,,
tool tip,,,刀头,,,,,0,0,,,
tool tip grinding machine,,,刀头磨床,,,,,0,0,,,
tool tip material,,,刀头材料,,,,,0,0,,,
tool tip radius compensation,,,[网络] 刀具先端半径补偿,,,,,0,0,,,
tool tips,,,陶瓷刀具,,,,,0,0,,,
Tool to Change,,,要修改的工具按钮,,,,,0,0,,,
tool transformations,,,工具变换,,,,,0,0,,,
tool up,,,给…装备机床,,,,,0,0,,,
tool using,,,使用工具,,,,,0,0,,,
tool van,,,[化] 工具车,,,,,0,0,,,
tool vehicle,,,[化] 工具车,,,,,0,0,,,
tool vendor,,,[网络] 工具开发商,,,,,0,0,,,
tool wagon,,,工具车,,,,,0,0,,,
tool wear,,,刀具磨损,,,,,0,0,,,
tool wear criterion,,,刀具寿命判据,,,,,0,0,,,
tool window,,,具传递窗,,,,,0,0,,,
tool wire,,,[材] 工具钢丝,,,,,0,0,,,
tool withdrawal groove,,, 退刀槽,,,,,0,0,,,
tool withdrawal mark,,,退刀伤痕,,,,,0,0,,,
tool work,,,工具学,,,,,0,0,,,
tool world,,,[计] 工具世界,,,,,0,0,,,
tool write up card,,,[网络] 工艺卡片,,,,,0,0,,,
tool write-up card,,,工艺卡片,,,,,0,0,,,
tool-and-die,,,adj. 模具(的),,,,,0,0,,,
tool-and-die work,,,[网络] 工具和模具工作,,,,,0,0,s:tool-and-die works,,
tool-and-die works,,,[网络] 工具和模具工作\n(tool-and-die work 的复数),,,,,0,0,0:tool-and-die work/1:s,,
tool-angle,,,刀具角度；齿尖角,,,,,0,0,,,
tool-bag,,,工具包，工具袋,,,,,0,0,s:tool-bags,,
tool-bags,,,[网络] 工具袋；工具手袋,,,,,0,0,0:tool-bag/1:s,,
tool-bar,,,un. 刀杆；工具栏；通用机架；搂齿梁\n[网络] 工具列；农具架,,,,,0,0,,,
tool-based programming environment,,, [计]基于工具的程序设计环境,,,,,0,0,,,
tool-bit holder,,,刀夹,,,,,0,0,,,
tool-box,,,工具箱；工具组,,,,,0,0,s:tool-boxes,,
tool-box on cross slide,,,横向滑板刀箱,,,,,0,0,,,
tool-box slide,,,刀箱滑板,,,,,0,0,,,
tool-box-door hinge,,,工具箱门铰链,,,,,0,0,,,
tool-box-door latch,,,工具箱门闩,,,,,0,0,,,
tool-box-door latch hasp,,,工具箱门闩扣,,,,,0,0,,,
tool-boxes,,,工具箱(tool box的复数),,,,,0,0,0:tool-box/1:s,,
tool-carrier,,,通用机架,,,,,0,0,,,
tool-carrier chassis,,,自动底盘,,,,,0,0,,,
tool-carrying device,,,刀架,,,,,0,0,,,
tool-center point,,,【机器人】工具中心点,,,,,0,0,,,
tool-coordinate system,,,【机器人】工具坐标系统,,,,,0,0,,,
tool-dresser,,,磨轮修整器,,,,,0,0,,,
tool-free,,,[网络] 免工具；免用工具,,,,,0,0,,,
tool-gauge,,,un. 刀具检查器\n[网络] 工具规；刀具量规；机具测量仪表,,,,,0,0,,,
tool-grinding department,,,磨刀车间,,,,,0,0,,,
tool-grinding installation,,,工具磨削装置,,,,,0,0,,,
tool-grinding machine,,,工具磨床,,,,,0,0,,,
tool-head feed screw,,,刀架进给螺杆,,,,,0,0,,,
tool-head slide,,,刀架滑台,,,,,0,0,,,
tool-head traversing screw,,,刀架进给螺杆,,,,,0,0,,,
tool-holder,,,刀柄，刀架；工具架,,,,,0,0,,,
tool-in-use system,,,刀具工作系统,,,,,0,0,,,
tool-kit,,,un. 工具箱；成套工具；工具包；工具匣\n[网络] 工具套；一套工具；工具箱内,,,,,0,0,s:tool-kits,,
tool-kits,,,工具盒,,,,,0,0,0:tool-kit/1:s,,
tool-lapping machine,,,un. 刀具研磨机,,,,,0,0,,,
tool-length compensation,,,[网络] 刀具长度补偿；刀具长度补正；刀具度正,,,,,0,0,,,
tool-less,,,[网络] 工具；免工具,,,,,0,0,,,
tool-maker,,,n. 车工\n[网络] 工具制造者；模具钳工；精密平口钳,,,,,0,0,,,
tool-maker's microscope,,,[网络] 工具显微测定器；工具显微镜,,,,,0,0,,,
tool-making,,,[网络] 工具制作；制造工具；工具制造的,,,,,0,0,s:tool-makings,,
tool-making lathe,,,工具车床,,,,,0,0,,,
tool-makings,"'tu:l,meikiŋ",,n. 工具制造；工具修理；机床维修,,,,,0,0,0:tool-making/1:s,,
tool-microscope,,,工具显微镜,,,,,0,0,,,
tool-offset,,,刀具位置偏位,,,,,0,0,,,
tool-path,,,un. 刀具路径\n[网络] 轨迹；工具轨迹；刀具轨迹,,,,,0,0,,,
tool-point,,,刀锋,,,,,0,0,,,
tool-post,'tu:lp'əʊst,, [医]刀架,,,,,0,0,,,
tool-post collar,,,刀架套圈,,,,,0,0,,,
tool-post for front and rear slide,,,前后两用刀架,,,,,0,0,,,
tool-post for rear cross slide,,,后横刀架用刀座,,,,,0,0,,,
tool-post grinder,,,刀架磨头,,,,,0,0,,,
tool-post ring,,,刀架圈,,,,,0,0,,,
tool-post rocker,,,刀架球形垫圈,,,,,0,0,,,
tool-post screw,,,刀架螺旋,,,,,0,0,,,
tool-post wrench,,,刀架扳手,,,,,0,0,,,
tool-pusher,,,"n. 〈石油〉司钻,指挥钻井的工人",,,,,0,0,,,
tool-pushers,,,[网络] 工具推动者,,,,,0,0,,,
tool-relief mechanism,,,自动抬刀机构,,,,,0,0,,,
tool-rest,,,n. 〔机〕刀架\n[网络] 刀架码盘,,,,,0,0,,,
tool-room,,,工具间，工具库,,,,,0,0,s:tool-rooms,,
tool-room lathe,,,工具车床,,,,,0,0,,,
tool-rooms,'tuːlruːm,,n. 工具间；工具室,,,,,0,0,0:tool-room/1:s,,
tool-setting,,,对刀,,,,,0,0,,,
tool-setting biagram,,,刀具安装图,,,,,0,0,,,
tool-setting diagram,,,刀具安装图,,,,,0,0,,,
tool-shed,,,工具房,,,,,0,0,s:tool-sheds,,
tool-sheds,'tuːlʃed,,n. （园艺工具等的）工具室；工具房,,,,,0,0,0:tool-shed/1:s,,
tool-slide,,,刀架滑台\n刀架,,,,,0,0,,,
tool-steel,,,[材] 工具钢,,,,,0,0,,,
tool-tester,,,un. 工具试验机\n[网络] 工具试验器,,,,,0,0,,,
tool-to-tool,,,[网络] 工具之间；换刀；机台,,,,,0,0,s:tools-to-tools,,
tool-use,,,工具之使用,,,,,0,0,,,
tool-using,,,[网络] 工具使用；工具使用时代；工具之使用,,,,,0,0,s:tool-usings,,
tool-using in animal,,,动物工具使用,,,,,0,0,,,
tool-usings,,,[网络] 工具使用；工具使用时代；工具之使用\n(tool-using 的复数),,,,,0,0,0:tool-using/1:s,,
toolability,,,修补性,,,,,0,0,,,
toolache,,,[网络] 工具,,,,,0,0,,,
toolage,,,[网络] 工具时代,,,,,0,0,,,
toolan,,, [人名] 图兰,,,,,0,0,,,
toolan's h-1 virus,,,杜兰氏H－1病毒,,,,,0,0,,,
toolbag,,,un. 工具袋\n[网络] 工具包,,,,,0,0,,,
toolbags,,,[网络] 工具袋；工具手袋,,,,,0,0,,,
toolbar,,,[计] 工具栏,n:100,,,,0,23038,s:toolbars,,
toolbar assembly,,,通用机架总成,,,,,0,0,,,
toolbar button,,, 工具栏按钮; 工具条按钮,,,,,0,0,,,
toolbar cultivator,,,通用机架式中耕机,,,,,0,0,,,
toolbar customize,,,[计] 自定义工具栏,,,,,0,0,,,
toolbar extension,,,[网络] 工具栏扩展,,,,,0,0,,,
toolbar lister,,,开沟犁,,,,,0,0,,,
toolbar machine,,,装在通用机架上的机具,,,,,0,0,,,
toolbar name,,,[计] 工具栏名,,,,,0,0,,,
toolbar sprayer,,,通用机架喷雾器,,,,,0,0,,,
toolbars,,plural of toolbar,(toolbar 的复数) [计] 工具栏,,,,,0,0,0:toolbar/1:s,,
toolbars in workbook,,,[计] 工作簿内工具栏,,,,,0,0,,,
toolbelt,,,[网络] 工具皮带；工具腰带；亚仔,,,,,0,0,,,
toolbelts,,,[网络] 工具带,,,,,0,0,,,
toolbook,,, 非常好的多媒体创作工具软件之一,,,,,0,0,,,
toolbox,'tu:lbɒks,n. a box or chest or cabinet for holding hand tools,n. 工具箱\n[计] 工具箱,n:100,,,,28142,17283,s:toolboxes,,
toolbox scroll button,,,工具箱卷轴按钮,,,,,0,0,,,
toolboxes,,plural of toolbox\nn. a box or chest or cabinet for holding hand tools,(toolbox 的复数) n. 工具箱\n[计] 工具箱,,,,,0,0,0:toolbox/1:s,,
Toolbuilder,,,工具建立器组,,,,,0,0,,,
toolbus,,,[网络] 工具总线；芯线,,,,,0,0,s:toolbuss,,
toolbuss,,,[网络] 工具总线；芯线\n(toolbus 的复数),,,,,0,0,0:toolbus/1:s,,
toolcase,,,un. 工具箱,,,,,0,0,s:toolcases,,
toolcases,,,un. 工具箱\n(toolcase 的复数),,,,,0,0,0:toolcase/1:s,,
toolchain,,,[网络] 工具链；交叉编译工具链；工具组,,,,,0,0,,,
toolchains,,,[网络] 工具链,,,,,0,0,,,
toolchest,,,un. 工具箱；工具柜,,,,,0,0,,,
toolchests,,,[网络] 工具柜,,,,,0,0,,,
toold,,,[网络] 工具,,,,,0,0,,,
toole,,," [人名] [爱尔兰姓氏] 图尔盖尔语姓氏的英语形式，古凯尔特语人名，含义是“民族，部族+统治”(people,tribe+rule); [人名] [英格兰人姓氏] 图尔 Towle的变体",,,,,0,0,s:tooles,,
Toole County,,,[地名] 图尔县 ( 美 ),,,,,0,0,,,
tooled,tu:ld,v drive\nv ride in a car with no particular goal and just for the pleasure of it\nv furnish with tools\nv work with a tool,vt. 用工具给…加工（tool的过去式与过去分词形式）,j:100,,,,46210,36392,0:tool/1:p,,
tooled up,,,[网络] 工具齐全,,,,,0,0,,,
tooled-up,,,[网络] 工具齐全,,,,,0,0,,,
tooler,'tu:lә,,n. 阔凿,,,,,0,0,,,
toolers,,,n. 石工用的宽凿\n[网络] 阔凿,,,,,0,0,,,
tooles,,," [人名] [爱尔兰姓氏] 图尔盖尔语姓氏的英语形式，古凯尔特语人名，含义是“民族，部族+统治”(people,tribe+rule); [人名] [英格兰人姓氏] 图尔 Towle的变体\n(toole 的复数)",,,,,0,0,0:toole/1:s,,
tooley,,, [人名] [英格兰人姓氏] 图利 Towle的昵称,,,,,0,0,,,
Tooley Street,,,[网络] 图利街；杜里街,,,,,0,0,,,
toolface azimuth,,,工具面角,,,,,0,0,,,
toolface orientation,,,工具面方位,,,,,0,0,,,
toolframe,,,刀具架; 通用机架,,,,,0,0,,,
Toolgana,,,[地名] 图尔加纳 ( 澳 ),,,,,0,0,,,
toolgrinding department,,,磨工车间,,,,,0,0,,,
toolhead,'tu:lhed,,"n. [机]刀架,刀夹",,,,,0,0,,,
toolholder,"'tu:l,hәjldә(r)",,n. 工具的把柄,,,,,0,0,,,
toolholder bit,,,"刀夹,刀头",,,,,0,0,,,
toolholder slide,,,刀架滑台,,,,,0,0,,,
toolholder support,,,刀夹支架,,,,,0,0,,,
toolholding,,,刀具夹紧,,,,,0,0,,,
toolholding device,,,刀夹具,,,,,0,0,,,
toolholding slider,,,刀夹滑板,,,,,0,0,,,
toolhouse,'tu:lhajs,n a shed for storing tools,n. 工具房,,,,,0,0,s:toolhouses,,
toolhouses,,,n. 工具房( toolhouse的名词复数 ),,,,,0,0,0:toolhouse/1:s,,
toolie,,,[网络] 工具,,,,,0,0,,,
toolies,,,[网络] 工具,,,,,0,0,,,
Tooligie,,,[地名] 图利吉 ( 澳 ),,,,,0,0,,,
toolik,,,[网络] 工具,,,,,0,0,,,
toolin',,"Acting and or dressing like a tool.\n> Toolin.\n> Graphic tees such as Ed Hardy and Affliction.\n> Spiking hair.\n> Repediatley using words like hella.\n> Gym, tan, laundry.\n",,,,,,0,0,,,
toolin' around,,"Toolin' Around\r\n\r\n1.) Foolin' Around\r\nJoking around with your friends\r\nHaving fun\n> ""You weren't paying enough attention to me because your were too busy toolin' around with your friends""- Attention whore\n",,,,,,0,0,,,
tooling,'tu:liŋ,v drive\nv ride in a car with no particular goal and just for the pleasure of it\nv furnish with tools\nv work with a tool,n. 机床安装,j:32/n:68,,,,0,34791,0:tool/1:i/s:toolings,,
tooling availability,,,un. 工具的有效使用,,,,,0,0,,,
tooling chart,,,机床调整卡片,,,,,0,0,,,
tooling cost,,,刀具加工成本,,,,,0,0,,,
tooling for refinery maintenance,,,炼油厂检修设备用的工具,,,,,0,0,,,
tooling hole,,,工作孔,,,,,0,0,,,
tooling layout,,,刀具设计,,,,,0,0,,,
tooling material,,,[机] 工具材料,,,,,0,0,,,
tooling point,,,[机] 刀锋,,,,,0,0,,,
tooling quality,,,切削性,,,,,0,0,,,
tooling resins,,,工具用树脂,,,,,0,0,,,
tooling system,,,刀具系统,,,,,0,0,,,
tooling up,,,[网络] 工具备妥；工具的准备工作,,,,,0,0,,,
tooling zone,,,刀具调整区域,,,,,0,0,,,
tooling-layout,,,[机] 刀具设计,,,,,0,0,,,
toolings,,,[网络] 加工开模,,,,,0,0,0:tooling/1:s,,
toolishness,,,[网络] 工具,,,,,0,0,,,
toolkit,,,[计] 工具包,n:100,,,,17973,29180,s:toolkits,,
toolkit utility,,,工具箱公用程式,,,,,0,0,,,
toolkit without an interesting name,,,扫瞄器标准介面,,,,,0,0,,,
toolkits,,plural of toolkit,(toolkit 的复数) [计] 工具包,,,,,0,0,0:toolkit/1:s3,,
toolless,,,[网络] 免工具维护设计；免用工具安装；免专用工具的安装,,,,,0,0,,,
toolmake,,,[网络] 刀具管理员,,,,,0,0,s:toolmakes,,
toolmaker,ˈtu:lmeɪkə(r),n. someone skilled in making or repairing tools,n. 精密工具制造者,n:100,,,,46792,36863,s:toolmakers,,
toolmaker lathe,,,工具车,,,,,0,0,,,
toolmaker microscope,,,工具显微镜,,,,,0,0,,,
toolmaker's button,,,钮形孔距规,,,,,0,0,,,
toolmaker's callipers,,,[网络] 弹簧卡钳,,,,,0,0,,,
toolmaker's flat,,,工匠平板,,,,,0,0,,,
toolmaker's gauge,,,工具样板,,,,,0,0,,,
toolmaker's microscope,,,工具显微镜,,,,,0,0,,,
toolmaker's shop,,,工具车间,,,,,0,0,,,
toolmaker's straight edge,,,刃口平尺,,,,,0,0,,,
toolmaker's vise,,,万向虎钳,,,,,0,0,,,
toolmakers,,plural of toolmaker\nn. someone skilled in making or repairing tools,(toolmaker 的复数) n. 精密工具制造者,,,,,0,0,0:toolmaker/1:s,,
toolmakers measuring microscope,,,工具测量显微镜,,,,,0,0,,,
toolmakertorque converter s button,,,钮形孔距规,,,,,0,0,,,
toolmakes,,,[网络] 刀具管理员\n(toolmake 的复数),,,,,0,0,0:toolmake/1:s,,
toolmaking,'tu:l.meikiŋ,,n. 工具制造；工具修理；机床维修,,,,,0,0,0:toolmake/1:i,,
toolman,,,刀具工,,,,,0,0,,,
toolmanufacturer,,,刀具制造厂,,,,,0,0,,,
toolpath,,,un. 刀具路径\n[网络] 刀具轨迹；刀位轨迹；工具路径,,,,,0,0,,,
toolpaths,,,[网络] 刀具路径；刀具路径管理器；刀具路径菜单,,,,,0,0,,,
toolpoint,'tuːlpɔɪnt,,n. 刀锋,,,,,0,0,,,
toolpost,,,n. 〔机〕刀架\n[网络] 配快换式刀架座,,,,,0,0,,,
toolpost grinder,,,[网络] 工具磨床,,,,,0,0,,,
toolposts,,,n. 刀架,,,,,0,0,,,
toolpusher,,,n. 钻井技师；钻工领班；钻井井位布置；钻井领班\n[网络] 队长；钻井队长；带班队长,,,,,0,0,,,
toolpushers,,,[网络] 工具推动者,,,,,0,0,,,
toolrest,'tuːlrest,,n. 刀架,,,,,0,0,,,
toolrest slide,,,刀架滑板,,,,,0,0,,,
toolroom,"'tu:lru:m,-rjm",,n. 工具间,,,,,0,0,s:toolrooms,,
toolroom engine lathe,,,[网络] 普通工具车床,,,,,0,0,,,
toolroom lathe,,,工具车;工具车床,,,,,0,0,,,
toolroom machine,,,工具机,,,,,0,0,,,
toolroom microscope,,,工具显微镜,,,,,0,0,,,
toolroom milling machine,,,工具铣床,,,,,0,0,,,
toolrooms,,,n. 工具间\n[网络] 工具室,,,,,0,0,0:toolroom/1:s,,
tools,tu:lz,n an implement used in the practice of a vocation\nn the means whereby some act is accomplished\nn a person who is controlled by others and is used to perform unpleasant or dishonest tasks for someone else\nn obscene terms for penis\nv drive\nv ride in a car with no particular goal and just for the pleasure of it\nv furnish with tools\nv work with a tool,"n. 工具, 工具菜单；工具箱（tool的复数形式）",,,,ielts,0,0,1:s3/0:tool,,
tools and furniture account,,,[经] 工具及器具帐,,,,,0,0,,,
tools and linesize,,,工具和线宽\n[计] 工具和线宽,,,,,0,0,,,
tools attachment,,,随机工具,,,,,0,0,,,
tools factory,,,[化] 工具厂,,,,,0,0,,,
tools for building expert system,,,建立专家系统的工具,,,,,0,0,,,
tools for cleaning rust,,,[网络] 除锈工具,,,,,0,0,,,
tools for controlling,,,un. 管制工具,,,,,0,0,,,
tools for live working,,,带电作业工具,,,,,0,0,,,
tools for machine tools,,, 机床用刀具,,,,,0,0,,,
tools menu,,,工具菜单,,,,,0,0,,,
tools of ... trade,,,[网络] 交易的工具；职业工具,,,,,0,0,,,
tools of ignorance,,,[网络] 补手装备,,,,,0,0,,,
tools of one's trade,,,维持生计的工具；行业工具,,,,,0,0,,,
tools of quality control,,,un. 质量控制手段,,,,,0,0,,,
tools of trade,,,谋生的技能; 做好工作的仪器,,,,,0,0,,,
tools required,,,[网络] 所需的工具；需要的工具；工具箱,,,,,0,0,,,
tools to gain market,,,un. 争取市场的工具,,,,,0,0,,,
tools up,,,n. 装备加工机械,,,,,0,0,,,
tools-options,,,[网络] 选项；编译和连接文件夹路径；可了,,,,,0,0,,,
tools-to-tools,,,[网络] 工具之间；换刀；机台\n(tool-to-tool 的复数),,,,,0,0,0:tool-to-tool/1:s,,
toolsee,,,[网络] 工具,,,,,0,0,,,
toolset,,,n. 工具箱；成套工具,,,,,0,0,s:toolsets,,
toolsets,,-s form of toolset,(toolset 的第三人称 -s形式) n. 工具箱；成套工具,,,,,0,0,0:toolset/1:s3,,
toolsetter,,,刀具调整工,,,,,0,0,,,
toolsetting,,,刀具安装; 调刀,,,,,0,0,,,
toolshed,'tu:lʃed,n. a shed for storing tools,"n. (园艺工具等的)工具房,工具室",n:100,,,,0,33549,s:toolsheds,,
toolsheds,,,[网络] 工具棚；工具超人,,,,,0,0,0:toolshed/1:s,,
toolshop,,,工具车间,,,,,0,0,,,
toolsier,,,[网络] 工具好,,,,,0,0,,,
toolsiest,,,[网络] 最有用的,,,,,0,0,,,
toolslide,,,刀架滑台,,,,,0,0,,,
toolsman,,,[网络] 工具师,,,,,0,0,,,
toolsmith,,,刀具锻工,,,,,0,0,,,
toolsmithing,,,[网络] 工具匠,,,,,0,0,,,
toolsmiths,,,[网络] 工具匠,,,,,0,0,,,
toolstock,,,[网络] 尾架,,,,,0,0,,,
toolstocks,,,[网络] 工具箱,,,,,0,0,,,
toolsy,,,[网络] 工具,,,,,0,0,,,
tooltalk,,,[网络] 工具论坛,,,,,0,0,s:tooltalks,,
tooltalks,,,[网络] 工具论坛\n(tooltalk 的复数),,,,,0,0,0:tooltalk/1:s,,
toolter,,,[网络] 工具机,,,,,0,0,,,
toolth brush,,,n. 牙刷,,,,,0,0,,,
toolthbrush,'tuːlθbrʌʃ,,n. 牙刷,,,,,0,0,,,
tooltip,'tuːltɪp,, 工具提示; 提示信息; 提示框; 提示文本,,,,,0,0,,,
tooltips,,,[计] 工具提示,,,,,0,0,,,
toolup,'tuːlʊp,,n. 装备加工机械,,,,,0,0,,,
toolworks,,,[网络] 雪具维护工具,,,,,0,0,,,
tooly,,,[网络] 多瑙河,,,,,0,0,,,
toom,tu:m,a. Empty.\nv. t. To empty.,a. 空的,,,,,0,0,s:tooms,,
Toom-Cook algorithm,,,[网络] Toom-Cook算法,,,,,0,0,,,
toom-handed,,,[网络] 手铐,,,,,0,0,,,
Tooma R.,,,[地名] 图马河 ( 澳 ),,,,,0,0,,,
Toomas,,,托马斯,,,,,0,0,,,
Toombes,,,[网络] 爆炸,,,,,0,0,,,
toomble,,,[网络] 打嗝,,,,,0,0,,,
toombs,,," [人名] [英格兰人姓氏] 图姆斯取自父名，来源于Thomas,含义是“托马斯之子”(son of Thomas)",,,,,0,0,,,
Toombs County,,,[地名] 图姆斯县 ( 美 ),,,,,0,0,,,
"Toombs, Robert Augustus",tu:mz,,图姆斯(1810～1885，美国律师、演说家、南部邦联政治家和军官),,,,,0,0,,,
toomebridge,,,[网络] 联合王国,,,,,0,0,,,
toomed,tuːm,,adj. （苏）空的\nvt. 倒空；喝干,,,,,0,0,,,
toomer,,, [人名] 图默,,,,,0,0,,,
toomey,,,n. (Toomey)人名；(英)图米,,,,,0,0,s:toomeys,,
toomeys,,,n. (Toomey)人名；(英)图米\n(toomey 的复数),,,,,0,0,0:toomey/1:s,,
toomhead,,,[网络] 头骨,,,,,0,0,,,
tooming,tuːm,,adj. （苏）空的\nvt. 倒空；喝干,,,,,0,0,,,
Toompine,,,[地名] 通派恩 ( 澳 ),,,,,0,0,,,
toomre,,, [人名] 图姆尔,,,,,0,0,,,
tooms,,,[网络] 终结突变异种；姆斯；终结异种,,,,,0,0,0:toom/1:s,,
Toomsboro,,,[地名] 图姆斯伯勒 ( 美 ),,,,,0,0,,,
Toomsuba,,,[地名] 图姆苏巴 ( 美 ),,,,,0,0,,,
toon,tu:n,n a film made by photographing a series of cartoon drawings to give the illusion of movement when projected in rapid sequence,n. 红椿,n:100,,,,43549,32044,s:toons,,
Toon Army,,,[网络] 深知纽卡斯尔主场死忠,,,,,0,0,,,
toon shading,,,[网络] 卡通渲染；卡通着色器；阴影,,,,,0,0,,,
"Toon, Tarso",,,[地名] 托恩山 ( 乍 ),,,,,0,0,,,
Toona,'tu:nә,n formerly included in genus Cedrela,香椿属,,,,,0,0,s:toonas,,
Toona calantas,,,[网络] 托纳卡拉坦,,,,,0,0,s:toona calantass,,
toona calantass,,,[网络] 托纳卡拉坦\n(toona calantas 的复数),,,,,0,0,0:toona calantas/1:s,,
Toona ciliata,,,n. 红椿；红椿,,,,,0,0,,,
Toona ciliata var. pubescens,,,[网络] 毛红椿,,,,,0,0,,,
Toona microcarpa,,,n. 紫椿,,,,,0,0,,,
toona microcarpa(c.dc.)harms,,,小果香椿,,,,,0,0,,,
Toona sinensis,,,n. 香椿；香椿,,,,,0,0,,,
toona sinensis (a. juss.) roem.,,,香椿,,,,,0,0,,,
Toona sinensis Roem.,,,[园艺] 香椿,,,,,0,0,,,
Toona sureni,,,红椿,,,,,0,0,,,
toona sureni(bl.)merr.,,,红楝子;红椿;赤昨工,,,,,0,0,,,
toonacillin,,,"缘毛椿素,缅甸椿素",,,,,0,0,,,
toonaeilin,,,缘毛椿素,,,,,0,0,,,
Toonalol,,,香椿脑,,,,,0,0,,,
Toonanin,,,香椿素,,,,,0,0,,,
toonas,,,[网络] 香椿,,,,,0,0,0:toona/1:s,,
Toonda,,,屯达,,,,,0,0,,,
toondra,,,[网络] 漫画在你手中,,,,,0,0,,,
toone,,, [人名] [英格兰人姓氏] 图恩 Toner的变体,,,,,0,0,s:toones,,
toonen,,,[网络] 杜宁,,,,,0,0,,,
tooner,tʊn,,托恩(动画片中的人物)\ntoon1\n[tu:n]\nn.\n【植物】\n红椿(Cedrela toona Roxb)\n红椿木\ntoon2\n[tu:n]\nn.\n卡通\n草图，底图\nvi.\n拍摄卡通片,,,,,0,0,,,
tooners,,"something that kills the conversation because of its randomness or weirdness. Usually said after the awkward comment was used with ""that was"" before it. Also a certain expression is amde with the face of the person saying tooner by opening his/her eyes as wide as possible and lifting eyebrows. Many times a person doesn't even have to say tooner and will only say ""That was"" and imply it.\n> person 1: I'm gona wear my super tight shirt so that everyone will think I'm buff.\n> person 2:That was tooner/ you are tooner/ That WAS!\n",,,,,,0,0,,,
Toonerville,,,[地名] 图纳维尔 ( 美 ),,,,,0,0,,,
Toonerville Trolley,,,[网络] Toonerville手推车,,,,,0,0,,,
toones,,,[网络] 歌颂,,,,,0,0,0:toone/1:s,,
tooney,,"A Canadian two-dollar coin. See [looney].\n> He gave me a coin, no bills.  I said ""What's this?""  ""A tooney.""  Damned clever, these [frostbacks].\n",,,,,,0,0,,,
tooneys,,"A Canadian two-dollar coin. See [looney].\n> He gave me a coin, no bills.  I said ""What's this?""  ""A tooney.""  Damned clever, these [frostbacks].\n",,,,,,0,0,,,
toonie,ˈtu:ni,,n. 加拿大两元硬币,,,,,0,0,,,
toonies,,"a description of the size of a woman's nipple, referring the the 2 dollar coin.\n> Sarah's got a nice pair of toonies\n",,,,,,0,0,,,
toonophile,,,[网络] 嗜酸性粒细胞,,,,,0,0,,,
toonophiles,,,[网络] 亲爱的,,,,,0,0,,,
toons,,plural of toon\nn a film made by photographing a series of cartoon drawings to give the illusion of movement when projected in rapid sequence,(toon 的复数) n. 红椿,,,,,0,0,0:toon/1:s,,
toontown,,,[网络] 卡通城；卡通城主题曲；超超,,,,,0,0,,,
toop,,, [人名] 图普,,,,,0,0,s:toops,,
TOOP (tangential out-of-phase),,,叶片)切向异相位(振动),,,,,0,0,,,
toop sail schooner,,,顶桅船,,,,,0,0,,,
toopka,,,[网络] 托普卡,,,,,0,0,,,
toops,,, [人名] 图普斯,,,,,0,0,0:toop/1:s,,
toor,,,[网络] 选区；山谷,,,,,0,0,,,
toora,,,[网络] 桃拉,,,,,0,0,,,
Toora-Khem,,,[地名] 托拉赫姆 ( 俄 ),,,,,0,0,,,
Tooradin,,,[网络] 小镇风景,,,,,0,0,,,
Tooraweenah,,,[地名] 图拉威纳 ( 澳 ),,,,,0,0,,,
Toorberg,,,[地名] 图尔山 ( 南非 ),,,,,0,0,,,
toord,,,[网络] 两个词,,,,,0,0,,,
toore,,,[网络] 撕裂,,,,,0,0,,,
toorians,,,[网络] 土耳其人,,,,,0,0,,,
toorie,'tu:ri,,帽缨,,,,,0,0,,,
toorkes,,,[网络] 托克斯,,,,,0,0,,,
toorot,,,[网络] 托罗特,,,,,0,0,,,
toos,,,[网络] 吐司传情专家(toos.com)；N-乙基-间胺丙磺酸钠；花,,,,,0,0,,,
toose,,,[网络] 权利,,,,,0,0,,,
toosedarin,,,楝素,,,,,0,0,,,
toosendan fruit,,,川楝子,,,,,0,0,,,
toosendanin,",tu:sәn'dænin",,川栋素,,,,,0,0,,,
toosh,,,[网络] 卡片魔术,,,,,0,0,,,
tooshes,,,[网络] 腰部,,,,,0,0,,,
tooshie,'tuːʃiː,,n. 屁股,,,,,0,0,s:tooshies,,
tooshies,,"The word tooshy came around in the south east of England by teenagers who use a lot of slang in they're vocabulary. The meaning of this word means ""good"".\n> i.e. ""That girl is tooshy"" means that they think the girl is good looking. Or it could be used in another context such as ""This ain't tooshy"" Which means this isn't nice/good.\n",,,,,,0,0,0:tooshie/1:s,,
Tooshima-yama,,,[地名] 远岛山 ( 日 ),,,,,0,0,,,
tooshy,,,[网络] 太胆小；怕羞,,,,,0,0,,,
tooska,,,[网络] 托斯卡,,,,,0,0,,,
toost,,,[网络] 托斯卡纳,,,,,0,0,,,
toosy,,,[网络] 随风流女,,,,,0,0,,,
toot,tu:t,n. a blast of a horn,"n. 嘟嘟声, 作乐\nvi. 吹喇叭\nvt. 吹奏出",n:46/v:54,1,,,34069,22919,p:tooted/i:tooting/s:toots/3:toots/d:tooted,,
toot her own horn,,,vi. 自吹自擂(自我标榜),,,,,0,0,,,
toot his own horn,,,vi. 自吹自擂(自我标榜),,,,,0,0,,,
toot my own horn,,,vi. 自吹自擂(自我标榜),,,,,0,0,,,
toot one's own horn,,,na. 自吹自擂；自夸\n[网络] 炫耀自己的才能；功绩,,,,,0,0,,,
toot our own horn,,,vi. 自吹自擂(自我标榜),,,,,0,0,,,
toot poison,,,[医] 毒空木毒,,,,,0,0,,,
toot sweet,,,[网络] 喝糖水；甜蜜号角,,,,,0,0,,,
toot their own horn,,,vi. 自吹自擂(自我标榜),,,,,0,0,,,
Toot you own horn,,,[网络] 大吹大擂,,,,,0,0,,,
toot your own horn,,,[网络] 吹响你自己号角,,,,,0,0,,,
toot-a-loo,tu:t ei lu:,, 源于法语的“a tout a l'heure ”，意思是“再见”,,,,,0,0,,,
toot-hill,,,[网络] 齿山,,,,,0,0,,,
toot-net,,,[网络] 齿网,,,,,0,0,,,
toot-toot,,,[网络] 阿拉伯歌曲,,,,,0,0,,,
toota,,your ass\n> your a pain in my toota!!\n,,,,,,0,0,,,
tootal,,, [人名] 图特尔,,,,,0,0,,,
tootanag,,,[网络] 齿轮,,,,,0,0,,,
toote,,, [人名] 图特,,,,,0,0,,,
tooted,tu:tid,imp. & p. p. of Toot,"v. 短鸣, 嘟嘟声( toot的过去式和过去分词 )",,,,,0,0,0:toot/1:pd,,
tooted your own horn,,,自吹自擂（俚语）\n毛遂自荐（俚语）,,,,,0,0,,,
tootell,,, [人名] [英格兰人姓氏] 图特尔地貌名称，或住所名称，作瞭望台的山，来源于古英语，含义是“守望+山”(lookout+hill),,,,,0,0,,,
tooter,,n. One who toots; one who plays upon a pipe or horn.,n. 嘟嘟声；痛饮 (toot的变形),,,,,0,0,,,
tooters,,,n. 〈美〉宣传员\n[网络] 嘟嘟声；吹喇叭,,,,,0,0,,,
tooth,tu:θ,n. hard bonelike structures in the jaws of vertebrates; used for biting and chewing or for attack and defense\nn. something resembling the tooth of an animal\nn. toothlike structure in invertebrates found in the mouth or alimentary canal or on a shell\nn. a means of enforcement,"n. 牙齿, 齿状物, 爱好\nvt. 装以齿, 将...切成齿状\nvi. 啮合",n:100,3,1,zk gk,1747,1854,s:teeth,,
tooth (pl. teeth),,,牙齿,,,,,0,0,,,
tooth (pl.teeth),,,牙齿，嗜好,,,,,0,0,,,
tooth (type) coupling,,,式联轴器,,,,,0,0,,,
tooth abrasion,,,牙磨损,,,,,0,0,,,
tooth abscess,,,[医] 牙脓肿,,,,,0,0,,,
tooth ache,,,[医] 牙痛,,,,,0,0,,,
tooth addendum,,,齿顶高,,,,,0,0,,,
tooth adjusting lever,,,(钉齿耙或弹齿耙)耙齿调节杆,,,,,0,0,,,
tooth alignment error,tuθ əˈlaɪnmənt ˈɛrɚ,, 齿向误差,,,,,0,0,,,
tooth and claw,,,全力以赴地，竭尽全力地；拼命地，猛烈地；不惜一切手段,,,,,0,0,,,
tooth and egg,,,[网络] 牙齿和鸡蛋,,,,,0,0,,,
tooth and nail,,,"激烈地, 竭尽全力地",,,,,0,0,,,
tooth angle,,,[医] 牙角,,,,,0,0,,,
tooth angle device,,,un. 搂齿倾角调节装置,,,,,0,0,,,
tooth angling mechanism,,,un. 搂齿倾斜机构,,,,,0,0,,,
tooth ankylosis,,,[医] 牙牙槽骨粘连,,,,,0,0,,,
tooth anlage,,,[医] 牙[原]基,,,,,0,0,,,
tooth annulus,,,环状齿圈,,,,,0,0,,,
tooth armature,,,刻槽电枢,,,,,0,0,,,
tooth arrangement,,,"排牙,牙齿排列",,,,,0,0,,,
tooth ax,,,齿斧,,,,,0,0,,,
tooth axe,,,齿斧,,,,,0,0,,,
tooth back,,,[机] 齿背,,,,,0,0,,,
tooth bar,,,搂齿梁;钉齿耙的钉齿座杆,,,,,0,0,,,
tooth bearing,,,轮齿接触面,,,,,0,0,,,
tooth belt,tu:θ belt,, 牙轮皮带,,,,,0,0,,,
tooth belt pulleys lower,,,[网络] 下齿形带轮,,,,,0,0,,,
tooth belt pulleys upper,,,[网络] 上齿形带轮,,,,,0,0,,,
tooth block,,,"齿形样板,牙块",,,,,0,0,,,
tooth breadth,,,齿宽,,,,,0,0,,,
tooth brush,tu:θ brʌʃ,, 牙刷,,,,,0,0,,,
tooth brush for health protection,,,保健牙刷,,,,,0,0,,,
tooth bucket,,,带齿铲斗,,,,,0,0,,,
tooth bud,,,[医] 牙蕾,,,,,0,0,,,
tooth bulb,,,"[医] 牙胚, 牙蕾",,,,,0,0,,,
tooth caliper,,,"测齿长尺,测齿规",,,,,0,0,,,
tooth cavity,,,[医] 牙腔,,,,,0,0,,,
tooth cement,,,[医] 牙骨质,,,,,0,0,,,
tooth chamfer,,,齿轮齿倒棱,,,,,0,0,,,
tooth chamfering machine,,,齿轮倒角机,,,,,0,0,,,
tooth chisel,,,齿凿,,,,,0,0,,,
tooth clamp,,,齿夹,,,,,0,0,,,
tooth clearance,,,齿顶与齿根间隙,,,,,0,0,,,
tooth clinching,,,咬紧牙,,,,,0,0,,,
tooth clutch,,,齿轮[式]离合器,,,,,0,0,,,
tooth colo(u)r selection,,,[口腔] 选牙色,,,,,0,0,,,
tooth color,,,牙色,,,,,0,0,,,
tooth color selection,,,选牙色,,,,,0,0,,,
tooth colour selection,,,选牙色,,,,,0,0,,,
tooth concussion,,,[医] 牙震荡,,,,,0,0,,,
tooth contact,,,齿接触,,,,,0,0,,,
tooth contact analysis,,,齿面接触分析,,,,,0,0,,,
tooth contact area,,,[机] 轮齿接触面积,,,,,0,0,,,
tooth contusion,,,牙碰伤,,,,,0,0,,,
tooth core,,,齿型心,,,,,0,0,,,
tooth correction,,,轮齿修正,,,,,0,0,,,
tooth coupling,,,齿式联轴节;齿式联轴器,,,,,0,0,,,
tooth crest,,,"齿顶,齿倒棱",,,,,0,0,,,
tooth crest width,,,齿顶面宽度,,,,,0,0,,,
tooth crown,,,齿轮轮周,,,,,0,0,,,
tooth crushing pressure,,,轮齿压碎压力,,,,,0,0,,,
tooth curve,,,齿形曲线;齿向曲线,,,,,0,0,,,
tooth cusp,,,牙尖,,,,,0,0,,,
tooth cut method,,,齿切割法,,,,,0,0,,,
tooth cutting machine,,,切齿机,,,,,0,0,,,
tooth decay,,,蛀牙,,,,,0,0,s:tooth decays,,
tooth decays,,,【医学】龋齿( = dental caries),,,,,0,0,0:tooth decay/1:s,,
tooth dedendum,,,齿根高,,,,,0,0,,,
tooth deformity,,,畸形牙,,,,,0,0,,,
tooth depth,,,[化] 齿高,,,,,0,0,,,
tooth directional error,,,齿向误差,,,,,0,0,,,
tooth displacement,,,[医] 牙移位,,,,,0,0,,,
tooth display,,,牙齿暴露量,,,,,0,0,,,
tooth doctor,,,[网络] 牙医,,,,,0,0,s:tooth doctors,,
tooth doctors,,,[网络] 牙医\n(tooth doctor 的复数),,,,,0,0,0:tooth doctor/1:s,,
tooth edge miller,,,齿边倒圆铣刀,,,,,0,0,,,
tooth elevator,,,牙挺,,,,,0,0,,,
tooth enamel,tu:θ iˈnæməl,, [医]牙釉质,,,,,0,0,s:tooth enamels,,
tooth enamels,,,牙釉质,,,,,0,0,0:tooth enamel/1:s,,
tooth end,,,齿顶点,,,,,0,0,,,
tooth error,,,齿形误差,,,,,0,0,,,
tooth eruption,,,"[医] 牙长出, 出牙",,,,,0,0,,,
tooth extraction,,,[医] 拔牙,,,,,0,0,,,
tooth extraction wound,,,拔牙创口,,,,,0,0,,,
tooth face,,,[机] 齿面,,,,,0,0,,,
tooth face angle,,,齿面角,,,,,0,0,,,
tooth factor,,,[机] 齿轮系数,,,,,0,0,,,
tooth fairies,,,[网络] 牙仙子,,,,,0,0,0:tooth fairy/1:s,,
tooth fairy,tu:θ ˈfɛəri,,"n. 牙仙（传说中如果儿童把脱落的牙齿放在枕下, 牙仙会在他们睡着时把牙齿取走, 留下硬币）",,,,,0,0,s:tooth fairies,,
tooth family,,,齿族,,,,,0,0,,,
tooth fields,,,齿场,,,,,0,0,,,
tooth fillet,,,齿根过渡曲面,,,,,0,0,,,
tooth fillet radius,,,齿根圆角半径,,,,,0,0,,,
tooth filling instruments,,,牙体充填器械,,,,,0,0,,,
tooth flank,,,[机] 齿腹,,,,,0,0,,,
tooth flank radius,,,[机] 齿面圆弧半径,,,,,0,0,,,
tooth follicle,,,齿泡,,,,,0,0,,,
tooth form,,,[医] 牙型,,,,,0,0,,,
tooth form angle,,,[机] 齿形角,,,,,0,0,,,
tooth form factor,,,un. 齿廓因数,,,,,0,0,,,
tooth formula,,,齿式,,,,,0,0,,,
tooth foundation angle,,,齿根角,,,,,0,0,,,
tooth fundament,,,[医] 牙原基,,,,,0,0,,,
tooth fungus,,,[网络] 牙齿真菌,,,,,0,0,s:tooth funguss,,
tooth funguss,,,[网络] 牙齿真菌\n(tooth fungus 的复数),,,,,0,0,0:tooth fungus/1:s,,
tooth fusion,,,[医] 牙融合,,,,,0,0,,,
tooth ga(u)ge,,,[机] 齿规,,,,,0,0,,,
tooth gage,,,un. 齿规,,,,,0,0,,,
tooth gap,,,[网络] 齿隙,,,,,0,0,,,
tooth gap angle,,,[机] 齿槽角,,,,,0,0,,,
tooth gauge,,,齿规,,,,,0,0,,,
tooth gear,,,齿轮(传动),,,,,0,0,,,
tooth generating,,,齿轮滚铣,,,,,0,0,,,
tooth geometry,,,轮齿几何学,,,,,0,0,,,
tooth germ,,,牙胚,,,,,0,0,,,
tooth germ basement,,,[医] 牙胚基,,,,,0,0,,,
tooth germ tumor,,,龈瘤,,,,,0,0,,,
tooth gloss,,,牙齿光泽,,,,,0,0,,,
tooth grinding,,,锉牙,,,,,0,0,,,
tooth harmonic,,,谐波,,,,,0,0,,,
tooth harrow,,,齿耙,,,,,0,0,,,
tooth head,,,齿顶高,,,,,0,0,,,
tooth height,,,高,,,,,0,0,,,
tooth hemisection,,,半切牙术,,,,,0,0,,,
tooth hinge,,,齿蝶铰,,,,,0,0,,,
tooth holder,,,齿座齿夹,,,,,0,0,,,
tooth hood,,,[医] 龈裹牙,,,,,0,0,,,
tooth horizontal,,,[网络] 齿水平面,,,,,0,0,,,
tooth implantation,,,牙种植术,,,,,0,0,,,
tooth interference,,,[机] 齿轮根切现象,,,,,0,0,,,
tooth joint,,,齿接合,,,,,0,0,,,
tooth key,,,[医] 拔牙键,,,,,0,0,,,
tooth kinks,,,致脉动，齿致谐波(电机),,,,,0,0,,,
tooth layout,,,[网络] 轮齿剖面图,,,,,0,0,,,
tooth lead angle,,,凿前角,,,,,0,0,,,
tooth lever,,,牙撬;牙挺,,,,,0,0,,,
tooth ligaments,,,齿韧带,,,,,0,0,,,
tooth load,,,轮齿负载,,,,,0,0,,,
tooth lock washer,,,齿锁紧垫圈,,,,,0,0,,,
tooth mark,,,"[机] 刀痕, 回转痕迹",,,,,0,0,,,
tooth marks,,,走刀痕迹,,,,,0,0,,,
tooth mesh,,,轮齿啮合,,,,,0,0,,,
tooth mesh leakage,,,啮合齿间泄漏,,,,,0,0,,,
tooth midline,,,牙中线,,,,,0,0,,,
tooth migration,,,牙移位松动,,,,,0,0,,,
tooth mobility,,,"[医] 牙动度, 牙松动度",,,,,0,0,,,
tooth molar,,,臼齿,,,,,0,0,,,
tooth morphology,,,牙齿形态学,,,,,0,0,,,
tooth mug,,,[网络] 漱口杯；牙缸；牙齿马克杯,,,,,0,0,,,
tooth mugs,,,[网络] 牙杯,,,,,0,0,,,
tooth neck,,,齿颈,,,,,0,0,,,
tooth nerves,,,齿神经,,,,,0,0,,,
tooth number,,, 齿数,,,,,0,0,,,
tooth of cutter,,,刀齿,,,,,0,0,,,
tooth of synchronous belt,,,带齿,,,,,0,0,,,
tooth of wheel,tu:θ ɔv hwi:l,, 轮齿,,,,,0,0,,,
tooth ornament,,,齿饰,,,,,0,0,,,
tooth outline,,,齿形,,,,,0,0,,,
tooth overlap,,,轮齿重叠,,,,,0,0,,,
tooth papilla,,,齿棘,,,,,0,0,,,
tooth parts,,,齿形各部,,,,,0,0,,,
tooth paste,,,牙膏,,,,,0,0,,,
tooth pathohistology,,,[口腔] 牙体病理组织学,,,,,0,0,,,
tooth pick,,,[医] 牙签,,,,,0,0,,,
tooth pitch,,,"齿节,齿距",,,,,0,0,,,
tooth pitch gauge,,,齿节规,,,,,0,0,,,
tooth plane,,,[医] 牙平[剖]面,,,,,0,0,,,
tooth plane iron,,,梳形刨刀,,,,,0,0,,,
tooth plate,,,齿板,,,,,0,0,,,
tooth point,,,齿顶,,,,,0,0,,,
tooth point shovel,,,单尖松土铲,,,,,0,0,,,
tooth polyp,,,[医] 牙髓息肉,,,,,0,0,,,
tooth position,,,齿位,,,,,0,0,,,
tooth powder,tu:θ ˈpaudə,,n. 牙粉,,,,,0,0,s:tooth powders,,
tooth powders,,,un. 牙粉,,,,,0,0,0:tooth powder/1:s,,
tooth premature contact,,,牙过早接触,,,,,0,0,,,
tooth preparation,,,牙体预备,,,,,0,0,,,
tooth pressure,,,齿压,,,,,0,0,,,
tooth profile,,,[机] 齿形,,,,,0,0,,,
tooth profile angle,,,齿形角,,,,,0,0,,,
tooth profile error,,,齿形误差,,,,,0,0,,,
tooth pulp,,,[医] 牙髓,,,,,0,0,,,
tooth punching machine,,,冲齿机,,,,,0,0,,,
tooth radial canal,,,齿辐射管,,,,,0,0,,,
tooth rake,,,齿耙,,,,,0,0,,,
tooth rake angle,,,齿倾角,,,,,0,0,,,
tooth rash,,,"[医] 出牙疹, 婴儿苔癣",,,,,0,0,,,
tooth ratchet mechanism,,,[网络] 齿式棘轮机构；轮齿式棘轮机构,,,,,0,0,,,
tooth ratio,,,电机槽宽;槽齿比,,,,,0,0,,,
tooth replacement,,,[医] 牙复位,,,,,0,0,,,
tooth replantation,,,牙再植术,,,,,0,0,,,
tooth resorption,,,[医] 牙吸收,,,,,0,0,,,
tooth rest,,,"刀齿支片,支齿点;(工具磨床的)刀齿支承板",,,,,0,0,,,
tooth rim,,,齿周,,,,,0,0,,,
tooth ring,,,齿圈,,,,,0,0,,,
tooth ripple,,,齿纹波;齿形波纹,,,,,0,0,,,
tooth root,tu:θ ru:t,, 牙根,,,,,0,0,s:tooth roots,,
tooth root fillet,,,齿根圆角,,,,,0,0,,,
tooth root stress,,,齿根应力,,,,,0,0,,,
tooth roots,,,[机] 齿根；牙根,,,,,0,0,0:tooth root/1:s,,
tooth rotor,,,爪式转子,,,,,0,0,,,
tooth rounding hob,,,un. 倒角滚刀齿轮,,,,,0,0,,,
tooth runout,,,[网络] 齿圈跳动,,,,,0,0,,,
tooth sac,,,[医] 牙囊,,,,,0,0,,,
tooth saturation,,,部饱和,,,,,0,0,,,
tooth scaler,,,[医] 牙刮器,,,,,0,0,,,
tooth scarifier,,,齿式翻路机,,,,,0,0,,,
tooth section,,,齿割面,,,,,0,0,,,
tooth sector,,,"扇形齿轮,转向齿轮",,,,,0,0,,,
tooth sensitivity,,,牙面敏感性;牙敏感症,,,,,0,0,,,
tooth separator,,,分牙器,,,,,0,0,,,
tooth setting,,,[锯]齿料,,,,,0,0,,,
tooth shade system,,,牙比色系统,,,,,0,0,,,
tooth shape,,,"齿形,齿廓",,,,,0,0,,,
tooth shell,,, 掘足纲(Scaphopoda)软体动物;角贝,,,,,0,0,s:tooth shells,,
tooth shells,,,un. 掘足类软体动物,,,,,0,0,0:tooth shell/1:s,,
tooth side,,,齿侧面,,,,,0,0,,,
tooth sides fit of spline,,,在键齿侧配合,,,,,0,0,,,
tooth size,,,牙齿大小,,,,,0,0,,,
tooth socket,tu:θ ˈsɔkit,, 牙套,,,,,0,0,s:tooth sockets,,
tooth sockets,,,[医] 牙槽,,,,,0,0,0:tooth socket/1:s,,
tooth space,,,[机] 齿间,,,,,0,0,,,
tooth space angle,,,齿槽角,,,,,0,0,,,
tooth space depth,,,齿槽深,,,,,0,0,,,
tooth space indicator,,,齿距指示器,,,,,0,0,,,
tooth space micrometer,,,齿隙千分尺,,,,,0,0,,,
tooth spacing,,,齿槽空间距,,,,,0,0,,,
tooth spacing angle,,,[机] 齿间角,,,,,0,0,,,
tooth spacing error,,,[网络] 齿间距误差,,,,,0,0,,,
tooth spacing testing,,,[网络] 齿距检查仪,,,,,0,0,,,
tooth spasm,,,"[医] 出牙期痉挛, 婴儿惊厥, 惊风",,,,,0,0,,,
tooth spiral,,,齿旋,,,,,0,0,,,
tooth squeeze,,,[网络] 牙齿挤压,,,,,0,0,,,
tooth staining,,,[医] 牙染色法,,,,,0,0,,,
tooth strength,,,[网络] 齿轮强度；轮齿强度,,,,,0,0,,,
tooth support,,,牙支持,,,,,0,0,,,
tooth surface,,,[机] 齿面,,,,,0,0,,,
tooth surface sensitivity,,,[医] 牙面敏感性,,,,,0,0,,,
tooth swage set,,,锯齿侧向错齿量,,,,,0,0,,,
Tooth sweater,,"When you go for a day or so without brushing your teeth, and the texture in your mouth feels like your teeth are wearing fuzzy little sweaters.\n> ""Does anyone have gum? I forgot to brush my teeth this morning, and it feels disgusting.""\n> ""Oh, you've got tooth sweaters?""\n",,,,,,0,0,,,
tooth syringe,,,[医] 牙科注射器,,,,,0,0,,,
tooth taper,,,轮齿收缩,,,,,0,0,,,
tooth thickness,,,齿厚,,,,,0,0,,,
tooth thickness error,,,齿原误差,,,,,0,0,,,
tooth thickness half an-gle,,,齿厚半角,,,,,0,0,,,
tooth thickness half angle,,,齿厚半角,,,,,0,0,,,
tooth thickness micrometer,,,齿厚千分尺,,,,,0,0,,,
tooth thickness of wormwheel,,,蜗轮齿厚,,,,,0,0,,,
tooth tip,,,尖,,,,,0,0,,,
tooth tip leakage,,,齿尖漏磁,,,,,0,0,,,
tooth tip leakage flux,,,齿尖漏磁通,,,,,0,0,,,
tooth tip reactance,,,un. 齿间漏抗,,,,,0,0,,,
tooth to tooth composite error,,,齿间组合误差,,,,,0,0,,,
tooth top,,,齿顶,,,,,0,0,,,
tooth top width,,,[机] 齿顶宽,,,,,0,0,,,
tooth trace,,,齿轨迹;齿间曲线,,,,,0,0,,,
tooth transplantation,,,牙齿移植,,,,,0,0,,,
tooth trauma,,,牙体外伤,,,,,0,0,,,
tooth trst,,,[机] 刀刃承架,,,,,0,0,,,
tooth type,,,牙型,,,,,0,0,,,
tooth type coupling,,,齿式联轴节,,,,,0,0,,,
tooth vertical,,,[网络] 齿垂直面；齿笔直面,,,,,0,0,,,
tooth visibility,,,牙齿可见度,,,,,0,0,,,
tooth volume,,,齿部体积,,,,,0,0,,,
tooth wear,,,牙齿磨损,,,,,0,0,,,
tooth wear coefficient,,,牙齿磨损系数,,,,,0,0,,,
tooth wheel rim,,,齿轮缘,,,,,0,0,,,
tooth width,,,齿宽,,,,,0,0,,,
Tooth's type,,,[医] 图思氏型(遗传型进行性肌萎缩),,,,,0,0,,,
tooth(pl.teeth),,,1.叶缘的细齿;2.有齿丝状菌的似齿的突起;3.苔藓类的蒴齿,,,,,0,0,,,
tooth(type)coupling,,,[化] 齿式联轴器,,,,,0,0,,,
tooth-abbr.,,,n. 仔细搜查;细齿梳子,,,,,0,0,,,
tooth-ache,,,牙痛,,,,,0,0,s:tooth-aches,,
tooth-aches,'tuːθeɪk,,n. [口腔] 牙痛,,,,,0,0,0:tooth-ache/1:s,,
tooth-and-claw,,,尖牙与利爪；女皇暗杀令（书名，奇幻小说）,,,,,0,0,s:tooth-and-claws,,
tooth-and-claws,,,尖牙与利爪；女皇暗杀令（书名，奇幻小说）\n(tooth-and-claw 的复数),,,,,0,0,0:tooth-and-claw/1:s,,
tooth-and-nail,,,"na. 拼命(战斗,反对等)",,,,,0,0,,,
tooth-and-pick,,,齿纬卷取装置,,,,,0,0,,,
tooth-angle device,,,un. 搂齿倾角调节装置,,,,,0,0,,,
tooth-angling mechanism,,,齿倾角调整机构;搂齿倾斜机构,,,,,0,0,,,
tooth-band,,,[医] 牙带,,,,,0,0,,,
tooth-billed,,,[网络] 开牙,,,,,0,0,,,
tooth-borne,,,牙支承的,,,,,0,0,,,
tooth-borne type,,,牙支持式,,,,,0,0,,,
tooth-brush,'tu:θbr'ʌʃ,, [医]牙刷,,,,,0,0,s:tooth-brushes,,
tooth-brushes,,plural of tooth-brush,(tooth-brush 的复数)  [医]牙刷,,,,,0,0,0:tooth-brush/1:s,,
tooth-colored,,,[网络] 牙齿颜色,,,,,0,0,,,
tooth-comb,,,[网络] 齿梳；梳齿,,,,,0,0,s:tooth-combs,,
tooth-combs,'tu:θkəum,,n. 细齿梳子\nvt. 缜密调查,,,,,0,0,0:tooth-comb/1:s,,
tooth-crest,,,[机] 齿顶\n齿倒棱,,,,,0,0,,,
tooth-drawer,,,[网络] 拔牙器,,,,,0,0,,,
tooth-drawers,,,[网络] 抽屉,,,,,0,0,,,
tooth-face,,,[机] 齿面；齿尖面,,,,,0,0,,,
tooth-fee,,,[网络] 牙齿费,,,,,0,0,,,
tooth-flank,,,齿腹,,,,,0,0,,,
tooth-form,,,[医] 外形,,,,,0,0,,,
tooth-form factor,,,齿廓因数;齿形因数,,,,,0,0,,,
tooth-germ,,,"[医] 牙胚, 齿胚",,,,,0,0,,,
tooth-gift,,,[网络] 牙齿礼物,,,,,0,0,,,
tooth-glass,'tu:θɡlɑ:s; -ɡlæs,,n. 漱口杯,,,,,0,0,s:tooth-glasses,,
tooth-glasses,'tu:θɡlɑ:s; -ɡlæs,,n. 漱口杯,,,,,0,0,0:tooth-glass/1:s,,
tooth-key,,,"[医] 牙钥, 拔牙器",,,,,0,0,,,
tooth-like,,,齿状的,,,,,0,0,,,
tooth-mesh frequency,,,[网络] 齿啮合频率,,,,,0,0,,,
tooth-money,,,[网络] 牙齿钱,,,,,0,0,,,
tooth-mug,'tu:θmʌɡ,,n. 漱口杯,,,,,0,0,,,
tooth-pick holder,,,牙签筒,,,,,0,0,,,
tooth-picker,,,[网络] 选牙机,,,,,0,0,,,
tooth-picking,,,[网络] 拔牙,,,,,0,0,,,
tooth-piece,,,[网络] 牙片,,,,,0,0,,,
tooth-plate,,,齿板,,,,,0,0,s:tooth-plates,,
tooth-plates,,plural of tooth-plate,(tooth-plate 的复数) 齿板,,,,,0,0,0:tooth-plate/1:s,,
tooth-profile error,,,[网络] 齿形误差,,,,,0,0,,,
tooth-rest,,,un. 刀齿支片\n[网络] 刃受；刀齿定位架；刀齿撑具,,,,,0,0,,,
tooth-ripple harmonic,,,[脉动]谐波,,,,,0,0,,,
tooth-ripple loss,,,脉动损耗，齿谐波损耗,,,,,0,0,,,
tooth-rounding hob,,,倒角滚刀,,,,,0,0,,,
tooth-sac,,,[医] 牙囊,,,,,0,0,,,
tooth-shade,,,[医] 牙色,,,,,0,0,,,
tooth-shaped platform,,,齿型月台,,,,,0,0,,,
tooth-shell,,,na. 【动】掘足网动物\n[网络] 齿贝,,,,,0,0,,,
tooth-socket device,,,齿槽装置,,,,,0,0,,,
tooth-space,,,齿间隙,,,,,0,0,,,
tooth-space micrometer,,,齿距千分尺,,,,,0,0,,,
tooth-spacing angle,,,齿间角,,,,,0,0,,,
tooth-surface,,,[机] 齿面；轮齿表面,,,,,0,0,,,
tooth-thickness,,,[机] 齿厚,,,,,0,0,,,
tooth-tip,,,齿顶,,,,,0,0,,,
tooth-tip leakage,,,齿尖泄漏,,,,,0,0,,,
tooth-tip leakage flux,,,尖漏磁通,,,,,0,0,,,
tooth-tip line,,,[机] 齿顶线,,,,,0,0,,,
tooth-tip reactance,,,齿间漏抗,,,,,0,0,,,
tooth-to-jowl,,,[网络] 牙对。,,,,,0,0,,,
tooth-to-tail ratio,,,前线士兵与后备力量的比率(指前线士兵与支援部队的比率),,,,,0,0,,,
tooth-to-tooth composite error,,,[网络] 齿间组合误差,,,,,0,0,,,
tooth-to-tooth composite tolerance,,,[网络] 一齿度量中心距公差；一齿度量中央距公差,,,,,0,0,,,
tooth-to-tooth composite variation,,,[网络] 一齿度量中心距变量,,,,,0,0,,,
tooth-to-tooth proportion,,,牙牙比例,,,,,0,0,,,
tooth-trace,,,齿线,,,,,0,0,,,
tooth-whitening,,,[网络] 牙齿美白；美白牙齿；增白牙齿,,,,,0,0,,,
toothache,'tu:θeik,n. an ache localized in or around a tooth,n. 牙痛\n[医] 牙痛,n:100,,,zk gk,21284,24353,s:toothaches,,
toothache caused by fire of deficiency type,,,虚火牙痛,,,,,0,0,,,
toothache drop,,,牙痛滴剂,,,,,0,0,,,
toothache drops,,,[医] 牙痛滴剂,,,,,0,0,,,
toothache tree,,,[网络] 美洲花椒；牙痛树,,,,,0,0,s:toothache trees,,
toothache trees,,,[美国英语] = prickly ash,,,,,0,0,0:toothache tree/1:s,,
toothachegrass,"'tu:θ,eik'^rɑ:s",,芳香栉茅,,,,,0,0,,,
toothaches,ˈtu:θˌeɪkiz,,n. 牙痛，牙疼( toothache的名词复数 ),,,,,0,0,0:toothache/1:s,,
toothachey,,,[网络] 牙痛,,,,,0,0,,,
toothachingly,,,[网络] 牙痛,,,,,0,0,,,
toothachy,,,[网络] 牙齿,,,,,0,0,,,
toothake,,,[网络] 牙疼,,,,,0,0,,,
toothakes,,,[网络] 牙齿,,,,,0,0,,,
toothbill,,,[网络] 齿,,,,,0,0,,,
toothbilled,'tu:θbild,,a. (鸟)有齿喙的,,,,,0,0,,,
toothbills,,,[网络] 齿,,,,,0,0,,,
toothblack,,,[网络] 牙齿黑色,,,,,0,0,,,
toothbrush,'tu:θbrʌʃ,n. small brush; has long handle; used to clean teeth,n. 牙刷,n:100,1,,zk gk,15334,13896,s:toothbrushes,,
toothbrush holder,,,(浴室盥洗器皿)牙刷插杯,,,,,0,0,,,
toothbrush massage,,,[医] 牙刷按摩[法],,,,,0,0,,,
toothbrush moustache,,, （理成方形的）牙刷形胡子,,,,,0,0,,,
toothbrush moustaches,,,[网络] 牙刷胡须,,,,,0,0,,,
toothbrush mustache,,,[网络] 牙刷胡须,,,,,0,0,,,
toothbrush mustaches,,,[网络] 牙刷胡须,,,,,0,0,,,
toothbrush structure,,,牙刷结构,,,,,0,0,,,
toothbrush tree,,,[网络] 牙刷树,,,,,0,0,s:toothbrush trees,,
toothbrush trees,,,[网络] 牙刷树\n(toothbrush tree 的复数),,,,,0,0,0:toothbrush tree/1:s,,
toothbrushed,'tuːθbrʌʃ,,n.\n牙刷,,,,,0,0,,,
toothbrusher,,,[网络] 尼日利亚求购牙刷,,,,,0,0,,,
toothbrushers,,,[网络] 牙刷,,,,,0,0,,,
toothbrushes,ˈtu:θˌbrʌʃiz,n. small brush; has long handle; used to clean teeth\nn. slang for a mustache,n. 牙刷( toothbrush的复数形式 ),,,,,0,0,0:toothbrush/1:s,,
toothbrushes(electric),,,电动牙刷,,,,,0,0,,,
toothbrushes(non-electric),,,非电动牙刷,,,,,0,0,,,
toothbrushing,,-ing form of toothbrush\nn. small brush; has long handle; used to clean teeth,(toothbrush 的现在分词) n. 牙刷,,,,,0,0,0:toothbrush/1:i/s:toothbrushings,,
toothbrushings,"'tuːθ,brʌʃɪŋ",,刷牙,,,,,0,0,0:toothbrushing/1:s,,
toothbrushless,,,[网络] 无牙刷,,,,,0,0,,,
toothcare,,,[网络] 牙齿保健；健牙,,,,,0,0,,,
toothcarps,,,齿鲤类,,,,,0,0,,,
toothcomb,'tu:θkәum,,n. 细齿梳子,,,,,48708,0,s:toothcombs,,
toothcombing,'tu:θkəum,,n. 细齿梳子\nvt. 缜密调查,,,,,0,0,,,
toothcombs,,plural of toothcomb,(toothcomb 的复数) n. 细齿梳子,,,,,0,0,0:toothcomb/1:s,,
toothdrawer,,,[网络] 牙刷,,,,,0,0,,,
toothdrawers,,,[网络] 牙齿拔牙,,,,,0,0,,,
toothdrawing,,,[网络] 拔牙,,,,,0,0,,,
toothdrill,,,[医] 牙钻,,,,,0,0,,,
toothed,tu:θt,a. having teeth especially of a certain number or type; often used in combination,"a. 有齿的, 锯齿的, 锯齿状的",j:100,,,toefl,25436,29151,,,
toothed arc,,,un. 齿弧,,,,,0,0,,,
toothed armature,,,齿电枢,,,,,0,0,,,
toothed bar,,,齿杆;齿条,,,,,0,0,,,
toothed bar type crop loader,,,齿杆式作物装载机,,,,,0,0,,,
toothed bar type self loading forage box,,,un. 齿杆式自装饲料拖车,,,,,0,0,,,
toothed bar type self-loading forage box,,,齿杆式自装饲料拖车,,,,,0,0,,,
toothed beater,,,钉齿式逐稿轮,,,,,0,0,,,
toothed belt,tu:θt belt,," 有齿传动带 ,牙轮皮带",,,,,0,0,,,
toothed bevel crown,,,"差动器侧面伞齿轮,冠齿轮,冕状齿轮",,,,,0,0,,,
toothed birds,,,齿鸟,,,,,0,0,,,
toothed bit,,,带齿钻头,,,,,0,0,,,
toothed chain,,,有齿链,,,,,0,0,,,
toothed chain wheel,,,齿链轮,,,,,0,0,,,
toothed clutch,,,齿形离合器,,,,,0,0,,,
toothed concave,,,钉齿式凹板,,,,,0,0,,,
toothed connector,,,齿结合环,,,,,0,0,,,
toothed control rod,,,[网络] 调节齿条,,,,,0,0,,,
toothed coupling,,,齿轮联轴节,,,,,0,0,,,
toothed crown,,,齿顶缘,,,,,0,0,,,
toothed cutter,,,齿形切割刀,,,,,0,0,,,
toothed disk drawframe,,,锯齿盘式并条机,,,,,0,0,,,
toothed flywheel,,,齿圈飞轮,,,,,0,0,,,
toothed forceps,,,[医] 有齿镊,,,,,0,0,,,
toothed gear,tu:θt ɡiə,, 齿轮,,,,,0,0,,,
toothed gear drive,,,齿轮传动,,,,,0,0,,,
toothed gear pump,,,齿轮泵,,,,,0,0,,,
toothed gearing,,,齿轮传动,,,,,0,0,,,
toothed harrow,,,齿耙;钉齿耙,,,,,0,0,,,
toothed harrow maintenance,,,钉齿耙保养,,,,,0,0,,,
toothed hemostatic forceps,,,有齿血管钳,,,,,0,0,,,
toothed jelly fungus,,"toothed jelly fungus (plural toothed jelly funguses or toothed jelly fungi)\n(mycology) A mushroom, Pseudohydnum gelatinosum, the only member of the genus Pseudohydnum in the order Auriculariales.\n",,,,,,0,0,,,
toothed jelly mushroom,,toothed jelly mushroom (plural toothed jelly mushrooms)\n(mycology) Alternative name of toothed jelly fungus (Pseudohydnum gelatinosum)\n,,,,,,0,0,,,
toothed link,,,齿板,,,,,0,0,,,
toothed lock washer,,,齿式锁紧垫圈,,,,,0,0,,,
toothed oak,,,柞栎,,,,,0,0,,,
toothed plate,,,齿板,,,,,0,0,,,
toothed portion,,,(锯的)齿线,,,,,0,0,,,
toothed quadrant,,,un. 扇形齿轮\n[网络] 扇形齿板；象限仪,,,,,0,0,,,
toothed rack,,,齿轨;齿条,,,,,0,0,,,
toothed rack push bench,,,"(顶管用)齿条式推床,齿条式顶管机",,,,,0,0,,,
toothed rail,,,齿轨,,,,,0,0,,,
toothed railway,,,防滑齿轨铁道,,,,,0,0,,,
toothed retractor,,,[医] 有齿牵开器,,,,,0,0,,,
toothed rim for camshaft drive,,,凸轮轴传动装置齿圈,,,,,0,0,,,
toothed ring,,,齿环,,,,,0,0,,,
toothed ring connector,,,齿环连接器;齿结合环,,,,,0,0,,,
toothed roll crusher,,,齿辊式破碎机,,,,,0,0,,,
toothed roller,,,齿形镇压器;爪形镇压器;钉齿辊,,,,,0,0,,,
toothed rolls,,,齿轮碎煤机,,,,,0,0,,,
toothed scoop shovel excavator,,,带齿铲斗挖掘机,,,,,0,0,,,
toothed scraper,,,齿形矿耙,,,,,0,0,,,
toothed sector,,,un. 转向齿轮\n[网络] 扇形齿轮；齿扇；齿弧,,,,,0,0,,,
toothed segment,,,齿轮扇形,,,,,0,0,,,
toothed shaper,,,un. 刨齿机,,,,,0,0,,,
toothed share,,,齿形铧,,,,,0,0,,,
toothed sill,,,齿槛,,,,,0,0,,,
toothed sleeve,,,un. 有齿套筒,,,,,0,0,,,
toothed spurge,,,[网络] 齿裂大戟,,,,,0,0,s:toothed spurges,,
toothed spurges,,,[网络] 齿裂大戟\n(toothed spurge 的复数),,,,,0,0,0:toothed spurge/1:s,,
toothed sword fern,,,[网络] 齿剑蕨,,,,,0,0,s:toothed sword ferns,,
toothed sword ferns,,,[网络] 齿剑蕨\n(toothed sword fern 的复数),,,,,0,0,0:toothed sword fern/1:s,,
toothed V-belt,,,[化] 齿形三角带,,,,,0,0,,,
toothed vertebrae,,,[医] 枢椎(第二颈椎),,,,,0,0,,,
toothed vessel forceps,,,有齿血管钳,,,,,0,0,,,
toothed washer,tu:θt ˈwɔʃə,, 带齿垫圈,,,,,0,0,,,
toothed wave,,,锯齿波,,,,,0,0,,,
toothed whale,tu:θt hweil,,n. 啮齿类鲸类动物（有气孔）,,,,,0,0,s:toothed whales,,
toothed whales,,,[网络] 齿鲸；齿鲸类；齿类鲸鱼,,,,,0,0,0:toothed whale/1:s,,
toothed wheel,,,[机] 齿轮,,,,,0,0,s:toothed wheels,,
toothed wheel gearing,,,un. 齿轮装置,,,,,0,0,,,
toothed wheel shaping machine,,,un. 刨齿机,,,,,0,0,,,
toothed wheels,,,[机] 齿轮,,,,,0,0,0:toothed wheel/1:s,,
toothed-lock washer,,,齿形锁紧垫圈,,,,,0,0,,,
toothed-rotor tachometer,,,锯齿式转子转速计,,,,,0,0,,,
toothed-washer,,,带齿垫圈,,,,,0,0,,,
toothed-wheel chopper,,,齿轮型截光器,,,,,0,0,,,
toothed-wheel gear,,,齿轮联动装置,,,,,0,0,,,
toothed-wheel ratchet,,,齿形棘轮,,,,,0,0,,,
toothed-wheel shaper,,,刨齿机,,,,,0,0,,,
toothed-wheel shaping machine,,,刨齿机,,,,,0,0,,,
toothedness,,,[网络] 齿状,,,,,0,0,,,
toothedscraper,,,齿形矿耙,,,,,0,0,,,
toothenague,,,[网络] 齿轮,,,,,0,0,,,
toother,,,n. 叉砖\n[网络] 齿接砖；芽约客,,,,,0,0,,,
toothfish,,,[网络] 美露鳕；鱼；齿鱼,,,,,0,0,,,
toothfishes,,,[网络] 美露鳕,,,,,0,0,,,
toothful,'tu:θful,a. Toothsome.,"n. 微量, 一小口",,,,,0,0,,,
toothfuls,'tu:θful,,n. 微量，微小,,,,,0,0,,,
toothglass,,,[网络] 漱口杯；刷牙杯,,,,,0,0,s:toothglasses,,
toothglasses,,,[网络] 漱口杯；刷牙杯\n(toothglass 的复数),,,,,0,0,0:toothglass/1:s,,
toothholder,,,齿夹; 齿座,,,,,0,0,,,
toothier,,s. having or showing prominent teeth,美味的（toothy的比较级）,,,,,0,0,0:toothy/1:r,,
toothiest,,s. having or showing prominent teeth,a. 露出牙齿的；有凸牙的 (toothy的变形),,,,,0,0,0:toothy/1:t,,
toothill,,, [人名] 图特希尔,,,,,0,0,s:toothills,,
toothills,,, [人名] 图特希尔\n(toothill 的复数),,,,,0,0,0:toothill/1:s,,
toothily,,,adv. toothy（有牙齿的）的变形,,,,,0,0,,,
toothin',,,[网络] 太近；太瘦；体重过瘦型,,,,,0,0,,,
toothing,'tu:θiŋ,"p. pr. & vb. n. of Tooth\nn. The act or process of indenting or furnishing with teeth.\nn. Bricks alternately projecting at the end of a wall, in\n   order that they may be bonded into a continuation of it when the\n   remainder is carried up.","n. 装齿, 锯齿状",,,,,0,0,0:tothe/1:i,,
toothing plane,,,齿状刨,,,,,0,0,,,
toothings,,,齿形接碴口,,,,,0,0,,,
toothless,'tu:θlis,a. lacking teeth\ns. lacking necessary force for effectiveness,a. 无齿的\n[医] 无牙的,j:100,,,,21208,18721,,,
toothless drag harrow,,,无齿耙,,,,,0,0,,,
toothlessly,,,[网络] 无牙,,,,,0,0,,,
toothlessness,,,[网络] 无牙,,,,,0,0,,,
toothlet,'tu:θlit,"n. A little tooth, or like projection.",n. 小齿,,,,,0,0,,,
toothleted,'tu:θlit,"a. Having a toothlet or toothlets; as, a toothleted leaf.",n. 贝壳等上的小齿,,,,,0,0,,,
toothlets,'tu:θlit,,n.\n贝壳等上的小齿,,,,,0,0,,,
toothlike,'tu:θlaɪk,s resembling a tooth," 如牙齿的, 牙齿的",,,,,0,0,,,
toothliker,,,adj. tooth的变形,,,,,0,0,,,
toothlikest,,,adj. tooth的变形,,,,,0,0,,,
toothly,,,a. 有齿的,,,,,0,0,,,
toothman,,,[网络] 牙医,,,,,0,0,,,
toothmark,,,[网络] 牙痕,,,,,0,0,s:toothmarks,,
toothmarks,,,[网络] 牙签,,,,,0,0,0:toothmark/1:s,,
toothmug,,,[网络] 漱口杯,,,,,0,0,,,
toothmugs,,,[网络] 牙膏,,,,,0,0,,,
toothpaste,'tu:θpeist,n. a dentifrice in the form of a paste,n. 牙膏\n[化] 牙膏,n:100,1,,zk gk,15700,14165,s:toothpastes,,
toothpaste factory,,,[网络] 牙膏厂；日用化工厂,,,,,0,0,,,
toothpaste hangover,,"The effect that makes everything taste disgusting after you brush your teeth.\n> Augh! This orange juice tastes horrible, thanks to that gosh-darned toothpaste hangover!\n",,,,,,0,0,,,
toothpaste smile,,,〈美口〉牙膏广告上露出皓齿的微笑,,,,,0,0,,,
toothpaste with fluoride,,,含氟牙膏,,,,,0,0,,,
toothpastes,ˈtu:θˌpeɪsts,n. a dentifrice in the form of a paste,n. 牙膏( toothpaste的复数形式 ),,,,,0,0,0:toothpaste/1:s,,
toothpasty,,,[网络] 牙刷,,,,,0,0,,,
toothpick,'tu:θpik,n. pick consisting of a small strip of wood or plastic; used to pick food from between the teeth,n. 牙签,n:100,,,,39532,13691,s:toothpicks,,
toothpicked,,past participle of toothpick\nn. pick consisting of a small strip of wood or plastic; used to pick food from between the teeth,(toothpick 的过去分词) n. 牙签,,,,,0,0,0:toothpick/1:d,,
toothpicker,'tuːθpɪk,n. A toothpick.,n. 牙签；(放在餐桌上的)牙签盒,,,,,0,0,,,
toothpickers,,,[网络] 牙签,,,,,0,0,,,
toothpicklike,,,[网络] 牙签样,,,,,0,0,,,
toothpicks,ˈtu:θˌpɪks,n. pick consisting of a small strip of wood or plastic; used to pick food from between the teeth,n. 牙签( toothpick的复数形式 ),,,,,0,0,0:toothpick/1:s,,
toothpik,'tu:θpik,,n. (餐桌上精美的)牙签盒,,,,,0,0,,,
toothpowder,tu:θ'paʊdər,n. a dentifrice in the form of a powder, 牙粉,,,,,0,0,s:toothpowders,,
toothpowders,"'tu:θ,paudə",n. a dentifrice in the form of a powder,n. 牙粉,,,,,0,0,0:toothpowder/1:s,,
toothpower,,,牙粉,,,,,0,0,,,
toothpuller,,,[网络] 牙刷,,,,,0,0,,,
toothpullers,,,[网络] 牙膏,,,,,0,0,,,
toothrow,,,[网络] 排齿,,,,,0,0,,,
toothrows,,,[网络] 牙齿,,,,,0,0,,,
tooths,tuːθ,,n. 牙齿；轮齿；嗜好；猛力\nv. 使具齿状；给…装牙齿；刻齿；(用牙齿)咬(住)\n[网络] 齿数,,,,,0,0,,,
toothshell,,,na. 【动】掘足网动物\n[网络] 齿贝,,,,,0,0,,,
toothshells,,,un. 掘足类软体动物,,,,,0,0,,,
toothsome,'tu:θsәm,a acceptable to the taste or mind\ns extremely pleasing to the sense of taste\ns having strong sexual appeal,"a. 可口的, 美味的",j:100,,,,48485,38084,,,
toothsomely,,,adv. toothsome的变形,,,,,0,0,,,
toothsomeness,,n. extreme appetizingness, 好吃,,,,,0,0,s:toothsomenesses,,
toothsomenesses,,,n. toothsome的变形,,,,,0,0,0:toothsomeness/1:s,,
toothsomer,'tuːθs(ə)m,,adj. 味美的，可口的，好吃的；性感的；美丽的，漂亮的,,,,,0,0,,,
toothsomest,'tuːθs(ə)m,,adj. 味美的，可口的，好吃的；性感的；美丽的，漂亮的,,,,,0,0,,,
toothspasm,,,[医] 出牙痉挛,,,,,0,0,,,
toothstrike,,,齿击声,,,,,0,0,,,
toothtip,,,n. 齿顶\n[网络] 齿尖；齿棱,,,,,0,0,,,
toothwash,,,[医] 洗牙,,,,,0,0,,,
toothwashes,,,[网络] 牙刷,,,,,0,0,,,
toothwort,'tu:θwɜ:t,"n. A plant whose roots are fancied to resemble teeth, as\n   certain plants of the genus Lathraea, and various species of Dentaria.\n   See Coralwort.", 石芥花（属）,,,,,0,0,s:toothworts,,
toothworts,,,na. 【植】石芥花(属)\n[网络] 齿鳞草属,,,,,0,0,0:toothwort/1:s,,
toothy,'tu:θi,s. having or showing prominent teeth,a. 露齿的,j:100,,,,33721,21681,r:toothier/t:toothiest,,
toothy smile,,,[网络] 露齿一笑；露齿笑,,,,,0,0,,,
toothy-peg,,,[网络] 露齿,,,,,0,0,,,
toothypegs,,,[网络] 牙线,,,,,0,0,,,
Tootias,,,[地名] 托提亚斯 ( 索 ),,,,,0,0,,,
tootie,,,[网络] 托蒂,,,,,0,0,,,
tooties,,,[网络] 小猫；一个卡通形象\n(tooty 的复数),,,,,0,0,0:tooty/1:s,,
tootin,,,[网络] 调到伦敦南部一个叫吐汀,,,,,0,0,,,
tootin',,,adj. 说得有道理的；夸口的,,,,,0,0,,,
Tooting,,v make a loud noise,n. 图庭（位于伦敦南部）,,,,,27117,0,s:tootings,,
Tooting Bec,,,[网络] 陶亭碧；百站,,,,,0,0,,,
tooting my own horn,,,[网络] 为自己吹一吹喇叭,,,,,0,0,,,
tooting your own horn,,,自吹自擂（俚语）\n毛遂自荐（俚语）,,,,,0,0,,,
tootings,,,[网络] 齿,,,,,0,0,0:tooting/1:s,,
tootle,'tu:tl,n. the sound of casual playing on a musical instrument\nv. play (a musical instrument) casually,"n. 连续的嘟嘟吹奏, 休闲旅行\nvi. 连续轻吹, (悠闲自得地)去\nvt. 嘟嘟地发出",v:100,,,,46209,39007,i:tootling/p:tootled/3:tootles/d:tootled/s:tootles,,
tootle along,,,vi. 离开,,,,,0,0,,,
tootled,'tu:tld,v play (a musical instrument) casually,"v. 轻吹, 胡说八道, 嘟嘟地发出( tootle的过去式和过去分词 )",,,,,0,0,1:pd/0:tootle,,
tootler,,,n. tootle的变形,,,,,0,0,,,
tootlers,'tu:tl,,tootler\nn.\ntootle的变形\ntootle\n['tu:tl]\nvi.\n反复轻吹(笛子等)；连续发出嘟嘟声：\nto tootle on the flute\n连续嘟嘟地吹笛子\nBirds are tootling in the tree.\n鸟儿在树上嘟嘟直叫。\n写无聊文章；讲废话\n[英国口语]前进；开车去：\nYesterday we tootled around Nottingham in our car.\n昨天我们开着车在诺丁汉转悠。\nvt.\n不断地吹(管乐器)\n发出连续的嘟嘟声\nn.\n管乐器的轻吹\n连续的嘟嘟声\n冗长而无聊的文章\n[英国口语]驱车旅行\n变形：\nvi.\ntootled\n. tootling,,,,,0,0,,,
tootles,ˈtu:tlz,n the sound of casual playing on a musical instrument\nv play (a musical instrument) casually,"v. 轻吹, 胡说八道, 嘟嘟地发出( tootle的第三人称单数 )",,,,,0,0,1:3/0:tootle,,
tootling,ˈtu:tlɪŋ,v play (a musical instrument) casually,"v. 轻吹, 胡说八道, 嘟嘟地发出( tootle的现在分词 )",,,,,0,0,0:tootle/1:i/s:tootlings,,
tootlings,'tu:tl,,tootling\nvi.\ntootle的变形\ntootle\n['tu:tl]\nvi.\n反复轻吹(笛子等)；连续发出嘟嘟声：\nto tootle on the flute\n连续嘟嘟地吹笛子\nBirds are tootling in the tree.\n鸟儿在树上嘟嘟直叫。\n写无聊文章；讲废话\n[英国口语]前进；开车去：\nYesterday we tootled around Nottingham in our car.\n昨天我们开着车在诺丁汉转悠。\nvt.\n不断地吹(管乐器)\n发出连续的嘟嘟声\nn.\n管乐器的轻吹\n连续的嘟嘟声\n冗长而无聊的文章\n[英国口语]驱车旅行\n变形：\nvi.\ntootled\n. tootling,,,,,0,0,0:tootling/1:s,,
tootman,,,[网络] 嘟嘟侠,,,,,0,0,,,
tootnague,,,[网络] 齿轮,,,,,0,0,,,
tootonium,tuː'təʊniəm,,n. 想象中的一种更具威力的可卡因(毒品相关用语),,,,,0,0,,,
Tootoo,,,adj. 过度的；矫揉造作的；〈英〉极好的\nadv. 非常\nv. 嘟嘟地作声\n[网络] 沱沱网；四四；她他,,,,,0,0,,,
Tootoos,,"An Ugly male face, with a lot of freckles and a Big head.\n> My best Friend is dating a freaking Too Too!\n",,,,,,0,0,,,
toots,tu:ts,n a blast of a horn\nn revelry in drinking; a merry drinking party\nv make a loud noise,n. 亲密的人,,,,,0,0,0:toot/1:s3,,
Toots and the Maytals,,,[网络] 梅塔尔,,,,,0,0,,,
toots your own horn,,,自吹自擂（俚语）\n毛遂自荐（俚语）,,,,,0,0,,,
Tootsi,,,[地名] 托齐 ( 爱沙 ),,,,,0,0,,,
tootsicum,,,[网络] 土豆,,,,,0,0,,,
tootsie,,,"n. 宝贝儿, 亲爱的",n:100,,,,0,27479,s:tootsies,,
Tootsie Roll,,,[网络] 窈窕淑男辊；彩虹；爱心糖果,,,,,0,0,,,
tootsies,ˈtʊtsɪz,,"n. 小脚, 脚趾",,,,,0,0,0:tootsie/1:s,,
tootsman,,,[网络] 托夫曼,,,,,0,0,,,
tootsy,'tjtsi,,"n. 宝贝儿, 亲爱的",,,,,0,0,,,
tootsy-wootsies,,,n. tootsy-wootsy的变形,,,,,0,0,,,
tootsy-wootsy,,,"n. 宝贝儿, 亲爱的",,,,,0,0,,,
tooty,,,[网络] 小猫；一个卡通形象,,,,,0,0,s:tooties,,
toovey,,, [人名] 图维,,,,,0,0,,,
toowomba canary grass,,,[网络] toowoomba金丝雀草,,,,,0,0,s:toowomba canary grasses,,
toowomba canary grasses,,,[网络] toowoomba金丝雀草\n(toowomba canary grass 的复数),,,,,0,0,0:toowomba canary grass/1:s,,
Toowoomba,,,图文巴,,,,,0,0,,,
tooz,,,[网络] 维乐凯纯木生活；八个思念出口；呆花有歌不寂寞,,,,,0,0,,,
tooze,,,[网络] 太太,,,,,0,0,s:toozes,,
toozes,,,[网络] 太太\n(tooze 的复数),,,,,0,0,0:tooze/1:s,,
toozle,,,[网络] 太过分了,,,,,0,0,,,
toozy,,,[网络] 太过分了,,,,,0,0,,,
top,tɒp,n. the upper part of anything\nn. the highest or uppermost side of anything\nn. the first half of an inning; while the visiting team is at bat\nn. the greatest possible intensity,"n. 顶部, 顶端, 极点, 上面, 上部, 顶篷, 最高地位, 首位, 陀螺\na. 最高的, 顶上的, 头等的\nvt. 盖, 加以顶, 高达, 超越\nvi. 结束, 达到顶点, 高出\n[计] TOP协议",i:9/j:34/v:9/n:48,5,1,zk gk cet4 cet6 ky ielts,776,678,s:tops/d:topped/p:topped/i:topping/3:tops,,
top & bottom process,,,分层操作法,,,,,0,0,,,
top - down approach,,,[网络] 自上而下；方法；自上而下的路径,,,,,0,0,,,
top - down management,,,[网络] 自上而下的管理模式；由上而下的管理,,,,,0,0,,,
top - level domain,,,[网络] 顶级域名；顶层网域；顶层域,,,,,0,0,,,
top - up fees,,,[网络] 附加学费,,,,,0,0,,,
top ... off,,,na. 完成；结束；〔美国〕暗杀\n[网络] 加满；装满；画上句号,,,,,0,0,,,
top ... part,,,un. 上砂箱\n[网络] 顶部；上模；上型箱,,,,,0,0,,,
top ... up,,,n. 补充的饮料；收入补贴\nv. 装满；充值\nadj. 附加的\n[网络] 加满；加值；倒满,,,,,0,0,,,
Top 40,,,"[有时作 t-](某段时期内)40张最畅销唱片(的), 播放(或排行, 构成)40张畅销唱片(的)[亦作 Top Forty, top forty]",,,,,0,0,,,
top a plant,,,给植物打尖,,,,,0,0,,,
top address,,,[计] 顶端地址,,,,,0,0,,,
top aerofoil,,,[机] 上翼面,,,,,0,0,,,
top aileron,,,[机] 上部副翼,,,,,0,0,,,
top air,,,un. 炉顶气体\n[网络] 劲力王；达英；大蒜收获机,,,,,0,0,,,
top air inlet louver,,,上部进气百叶窗,,,,,0,0,,,
top airfoil,,,上翼面,,,,,0,0,,,
top all previous records,,,超过历史最高水平,,,,,0,0,,,
top and bottom,,,[网络] 上下格式；顶部和底部；顶层及底层,,,,,0,0,,,
top and bottom chord of the roof truss,,,面桁架的上、下弦,,,,,0,0,,,
top and bottom combined blown converter,,,顶底复吹转炉,,,,,0,0,,,
top and bottom feed,,,(缝纫机的)上下同步送布,,,,,0,0,,,
top and bottom film box,,,放映机上下的胶片盒,,,,,0,0,,,
top and bottom fired furnace,,,un. 上下供热的炉子\n[网络] 双面加热炉,,,,,0,0,,,
top and bottom guiding,,,[网络] 顶底导向,,,,,0,0,,,
top and bottom heading method,,,上下导坑法,,,,,0,0,,,
top and bottom pilot tunneling method,,,上下导洞法,,,,,0,0,,,
top and bottom process,,,分层法;顶底炼镍法,,,,,0,0,,,
top and bottom reflected reactor,,,顶底部均反射的反应器,,,,,0,0,,,
top and bottom saw,,,上下锯机,,,,,0,0,,,
top and end grinding machine,,,磨头磨尾机,,,,,0,0,,,
top and tail,,,"n. 全体,全部",,,,,0,0,,,
top and twin-side bottom heading method,,,品字形导坑法,,,,,0,0,,,
top angle,,,"顶角,油罐顶部角钢",,,,,0,0,,,
top annular plate,,,[化] 顶部环板,,,,,0,0,,,
top antenna,,,车顶天线,,,,,0,0,,,
top antiquark,,,[网络] 顶级反夸克,,,,,0,0,,,
top application,,,追肥;肥料面施;表施,,,,,0,0,,,
top application manure,,,[化] 追肥,,,,,0,0,,,
top arm,,,顶臂,,,,,0,0,,,
top arm aspect,,,第一位臂板示像[显示],,,,,0,0,,,
top armor,tɔp ˈɑ:mə,, 船顶围栏,,,,,0,0,,,
top arrangement,,,炉顶装置,,,,,0,0,,,
top aspect,,,第一位信号示像[显示],,,,,0,0,,,
top assembly drawing,,,顶部装配图,,,,,0,0,,,
top athletes,,,优秀运动员,,,,,0,0,,,
top back,,,un. 上背网；上纲\n[网络] 后亦顶,,,,,0,0,,,
top back rail,,,[家具] 上后档,,,,,0,0,,,
top backing up roll,,,上支承辊,,,,,0,0,,,
top balance jewel,,,上摆钻,,,,,0,0,,,
top ballast,,,面碴,,,,,0,0,,,
top banana,,,主要滑稽演员,,,,,0,0,s:top bananas,,
top bananas,,,na. 主要演员；主要人物,,,,,0,0,0:top banana/1:s,,
top band,tɔp bænd,, 缘边,,,,,0,0,,,
top bar,,,栏顶横木,,,,,0,0,,,
top bars,,,顶纱棒,,,,,0,0,,,
top base,,,[电] 顶端插座,,,,,0,0,,,
top batten,,,撑幕顶桿,,,,,0,0,,,
top beam,,,顶梁,,,,,0,0,,,
top bearing,,,上盖(顶盖)轴承,,,,,0,0,,,
top bearing adjusting nut,,,上轴承调节螺母,,,,,0,0,,,
top bearing cover,,,上轴承端盖,,,,,0,0,,,
top bearing housing,,,[化] 上轴承箱,,,,,0,0,,,
top bearing lock nut,,,上轴承锁紧螺母,,,,,0,0,,,
top bearing shaft nut,,,上轴承螺母,,,,,0,0,,,
top bearing shell,,,上轴瓦,,,,,0,0,,,
top beater,,,上击肥轮,,,,,0,0,,,
top bell,,,顶料钟,,,,,0,0,,,
top belt,,,上段运输带,,,,,0,0,,,
top bench,,,上部阶段,,,,,0,0,,,
top benching,,,【采矿】上梯段式开采法,,,,,0,0,,,
top bevel,,,上磨面;顶斜面,,,,,0,0,,,
top bevel angle,,,顶斜角,,,,,0,0,,,
top billing,tɔp ˈbiliŋ,, 演员表上的头牌地位,,,,,0,0,s:top billings,,
top billings,,,[美国英语]；演员表上的头牌地位,,,,,0,0,0:top billing/1:s,,
top blade,,,上刀片,,,,,0,0,,,
top blast,,,"面吹,顶吹",,,,,0,0,,,
top bleeder,,,炉顶气体放气管,,,,,0,0,,,
top block,tɔp blɔk,, 顶滑轮,,,,,0,0,,,
top blow oxygen lance,,,顶吹氧枪,,,,,0,0,,,
top blowing,tɔp ˈbləuiŋ,, 顶吹,,,,,0,0,,,
top blowing oxygen,,,顶吹氧,,,,,0,0,,,
top blowing technique,,,un. 顶吹炼钢工艺,,,,,0,0,,,
top blown converter,tɔp bləʊn kənˈvə:tə,, 顶吹转炉,,,,,0,0,,,
top blown converter steelmaking,,,顶吹转炉炼钢,,,,,0,0,,,
top blown oxygen converter,,,un. 顶吹氧气转炉\n[网络] 氧气顶吹转炉；顶吹氧转炉,,,,,0,0,,,
top board,,,[机] 顶板,,,,,0,0,,,
top boiler connection,,,锅炉上接头,,,,,0,0,,,
top bollocks,,,[网络] 顶部的锁,,,,,0,0,,,
top bond,tɔp bɔnd,, [法]国库债券,,,,,0,0,,,
top boom,,,上弦杆,,,,,0,0,,,
top boot,tɔp bu:t,,n. 长统靴; 长统马靴; 顶罩,,,,,0,0,s:top boots,,
top boots,,,一种长统马靴,,,,,0,0,0:top boot/1:s,,
top border,,,[计] 顶端边框,,,,,0,0,,,
top bottom pincushion,,,上下枕形;上下枕形失真,,,,,0,0,,,
top bottom pincushion correction circuit,,,上下枕形畸变校正电路,,,,,0,0,,,
top bottoms pincushion,,,上下枕形失真,,,,,0,0,,,
top bow,,,顶弯梁,,,,,0,0,,,
top bow rest,,,un. 顶弯梁架,,,,,0,0,,,
top bow separator,,,un. 顶弯梁柱,,,,,0,0,,,
top bow socket,,,顶弯梁座,,,,,0,0,,,
top box,,,上箱;上型箱,,,,,0,0,,,
top box closing machine,,,[机] 合模机,,,,,0,0,,,
top brace,,,"上拉条,顶拉条,顶撑",,,,,0,0,,,
top bracing,,,上平联;顶撑,,,,,0,0,,,
top bracker,,,车顶托架,,,,,0,0,,,
top bracket,,,顶部支架,,,,,0,0,,,
top bracket gasoline,,,高辛烷值汽油,,,,,0,0,,,
top brands,,,顶级品牌,,,,,0,0,,,
top brass,tɔp brɑ:s,," 上级, 高级官员",,,,,0,0,s:top brasses,,
top brass of the steel industry,,,钢铁巨头,,,,,0,0,,,
top brasses,,,高级军官；要员；顶部轴衬,,,,,0,0,0:top brass/1:s,,
top breadth,,,上甲板宽度,,,,,0,0,,,
top break facet,,,（宝石的）上腰稜三角（形翻光）面,,,,,0,0,,,
top brick,,,(高炉)顶部用砖,,,,,0,0,,,
top bridge,,,上横梁,,,,,0,0,,,
top bud,,,[网络] 顶芽,,,,,0,0,,,
top burton,tɔp ˈbə:tn,, 顶滑车组,,,,,0,0,,,
top butt,,,上针踵,,,,,0,0,,,
top ca,,,最上层认证机构,,,,,0,0,,,
top cager,,,井口把钩(工),,,,,0,0,,,
top camber,,,上曲面,,,,,0,0,,,
top cap,,,[化] 顶盖,,,,,0,0,,,
top capping,,,轮胎着地面翻新,,,,,0,0,,,
top carnivore,,,顶级食肉动物,,,,,0,0,,,
top carriage,,,顶架,,,,,0,0,,,
top carriage trunnion bearing,,,上架耳轴轴承,,,,,0,0,,,
top carriage trunnion hearing,,,[网络] 上架耳轴轴承,,,,,0,0,,,
top case,,,上型箱,,,,,0,0,,,
top casting,,,"顶铸,上浇铸,顶浇,顶注",,,,,0,0,,,
top casting process,,,[机] 顶铸法,,,,,0,0,,,
top castle,,,[纺] 顶梁,,,,,0,0,,,
top cat,,, [电影]顶级猫,,,,,0,0,,,
top cavity,,,上模巢,,,,,0,0,,,
top ceiling,,,天花板,,,,,0,0,,,
top center,,,上止点,,,,,0,0,,,
top center indicator,,,un. 上死点指示器,,,,,0,0,,,
top center piston position,,,un. 上死点活塞位置,,,,,0,0,,,
top center plate,,,上心盘,,,,,0,0,,,
top center wheel jewel,,,中心轮上钻,,,,,0,0,,,
top centre,,,上静点;上死点,,,,,0,0,,,
top charge,,,[机] 炉顶加料,,,,,0,0,,,
top charge cupola,,,"[机] 三节熔铁炉, 顶加料熔铁炉",,,,,0,0,,,
top charging,,,炉顶装料,,,,,0,0,,,
top charging furnace,,,un. 顶装料式炉,,,,,0,0,,,
top chisel,,,钳工錾,,,,,0,0,,,
top chock,,,上轴承座,,,,,0,0,,,
top chord,,,"顶弦,上弦杆",,,,,0,0,,,
top chord member,,,上弦材,,,,,0,0,,,
top chuck,,,(轧辊的)轴承座,,,,,0,0,,,
top circle,,,"(齿轮的)外圆,顶圆",,,,,0,0,,,
top circle trimming,,,顶圆修正,,,,,0,0,,,
top clamp,,,车顶夹,,,,,0,0,,,
top clamping bracket,,,车顶托架,,,,,0,0,,,
top clamping plate,,,[化] 顶部压紧板,,,,,0,0,,,
top class,,,"[计] 层级, 最高级",,,,,0,0,,,
top clause,,,顶子句,,,,,0,0,,,
top cleaner,,,甜菜顶清除器,,,,,0,0,,,
top cleaning,,,找顶,,,,,0,0,,,
top clearance,,,顶部间隙;端部间隙;齿端部间隙,,,,,0,0,,,
top clearance of tooth,,,齿顶间隙,,,,,0,0,,,
top clearer,,,上绒棍,,,,,0,0,,,
top clearing bolt cam,,,上针筒退圈螺栓,,,,,0,0,,,
top click,,,足尖互击,,,,,0,0,,,
top clipping,,,剪梢,,,,,0,0,,,
top closure,,,炉顶封闭(回收煤气),,,,,0,0,,,
top coat,,,[化] 表层涂层,,,,,0,0,,,
top coating,,,表面涂层,,,,,0,0,,,
top collar,tɔp ˈkɔlə,,n. 领面,,,,,0,0,,,
top collector,,,顶部收集器,,,,,0,0,,,
top column,,,悬臂顶柱,,,,,0,0,,,
top comb,,,上梳针,,,,,0,0,,,
top combustion stove,,,顶燃式热风炉,,,,,0,0,,,
top compartment,,,顶室[层],,,,,0,0,,,
top compression ring,,, 第一道压缩环,,,,,0,0,,,
top condition,,,un. 最佳条件,,,,,0,0,,,
top cone,,,高炉炉头(炉顶锥形部分),,,,,0,0,,,
top cone drum,,,上铁袍,,,,,0,0,,,
top conglomerate,,,顶砾岩,,,,,0,0,,,
top connecting chain,,,上连结链,,,,,0,0,,,
top connecting rod bearing,,,[网络] 连杆上端轴承,,,,,0,0,,,
top connection,,,上接头,,,,,0,0,,,
top connection nut,,,un. 上端连螺母,,,,,0,0,,,
top construction,,,炉顶结构,,,,,0,0,,,
top contact rail,,,顶接触导轨,,,,,0,0,,,
top contraction,,,顶部收缩,,,,,0,0,,,
top contruction,,,炉顶结构,,,,,0,0,,,
top conveyer,,,un. 甜菜面输送器排送器,,,,,0,0,,,
top copies,,,(打字文件的)正本,,,,,0,0,,,
top copy,,,[网络] 复印原件；头条新闻,,,,,0,0,,,
top core grid plate,,,芯上格板,,,,,0,0,,,
top corner fitting,,,顶部柜角装具（货柜）,,,,,0,0,,,
top corrugating roll,,,顶偶合辊,,,,,0,0,,,
top couch roll,,,上伏辊,,,,,0,0,,,
top coupling,,,(提花机的)上垂综,,,,,0,0,,,
top course,,,顶层,,,,,0,0,,,
top cover,,,[化] 顶盖,,,,,0,0,,,
top cover labyrinth,,,上密封盖,,,,,0,0,,,
top covers,,, 顶板岩层,,,,,0,0,,,
top cradle,,,上皮圈架,,,,,0,0,,,
top credit,,,头等信用,,,,,0,0,,,
top credit rating,,,最高信贷评级,,,,,0,0,,,
top crop,,,切头,,,,,0,0,,,
top cross,,,顶交,,,,,0,0,,,
top cross parent,,,[生物] 顶交亲本,,,,,0,0,,,
top crossing,,,顶交,,,,,0,0,,,
top crown wheel,,,上小钢轮,,,,,0,0,,,
top crown wheel screw,,,上小钢轮螺钉,,,,,0,0,,,
top curve,,,上口线,,,,,0,0,,,
top cut,,,(直尖轨)顶部切削,,,,,0,0,,,
top cut method,,,顶部开挖法,,,,,0,0,,,
top cutting,,,上部截槽,,,,,0,0,,,
top cutting edge,,,上部截槽刃,,,,,0,0,,,
top cyc track,,,天幕布顶端轨道,,,,,0,0,,,
top cylinder,,,上磁鼓,,,,,0,0,,,
top cylinder cambox,,,上针筒三角座,,,,,0,0,,,
top cylinder cup,,,[化] 上端气缸碗,,,,,0,0,,,
top cylinder pinion,,,上针筒小齿轮,,,,,0,0,,,
top dead center,,,[机] 上死点,,,,,0,0,,,
top dead center (tdc),,,上死点,,,,,0,0,,,
top dead centre,,,"上死点,上止点",,,,,0,0,,,
top dead point,,,上止点,,,,,0,0,,,
top dead-center indicator,,,上止点标记,,,,,0,0,,,
top dead-centre,,,[机] 上止点\n上死点,,,,,0,0,,,
top decatizer,,,[纺] 卷状蒸呢机,,,,,0,0,,,
top deck,,,上层车厢,,,,,0,0,,,
top design,,,un. 炉顶结构\n[网络] 顶级设计；室内设计大师赛；顶尖设计,,,,,0,0,,,
top devit,,,[化] 塔顶吊杆,,,,,0,0,,,
top diameter,,,"梢头[端]直径,顶径",,,,,0,0,,,
top diaphragm plate,,,上隔膜板,,,,,0,0,,,
top die,,,上膜具,,,,,0,0,,,
top die-back,,,顶枯病,,,,,0,0,,,
top digit,,,[计] 高位数字,,,,,0,0,,,
top discharge,,,[化] 顶部出料,,,,,0,0,,,
top disposal conveyer,,,un. 甜菜顶输送器排送器,,,,,0,0,,,
top distance,,,齿冠距,,,,,0,0,,,
top distributing gear,,,炉顶布料装置,,,,,0,0,,,
top document,,,"[计] 顶层文件, 顶层资料",,,,,0,0,,,
top dog,tɔp dɔɡ,,"n. 胜利者, 夺魁者, 主要人物",,,,,0,0,s:top dogs,,
top dog strategy,,,硬汉策略,,,,,0,0,,,
top dogs,,,na. 老板；〈俚〉优胜者\n[网络] 夺魁者；冠军狗；名犬大赛,,,,,0,0,0:top dog/1:s,,
top dollar,tɔp ˈdɔlə,," （北美, 非正式）很高的价钱",,,,,0,0,,,
top dollars,,,高价格,,,,,0,0,,,
top double seam,,,un. 罐盖二重卷边\n[网络] 罐盖双重卷缔,,,,,0,0,,,
top doup,,,上绞综,,,,,0,0,,,
top down,,,"[经] 组织(控制,管理)严密的",,,,,0,0,,,
top down construction method,,,由上而下建构法；逆打工法,,,,,0,0,,,
top drain,,,明沟,,,,,0,0,,,
top drainage,,,地表排水,,,,,0,0,,,
top draw-off godets,,,上牵伸辊,,,,,0,0,,,
top drawer,,,"最上层抽屉, 社会最上层",,,,,0,0,,,
top drawing,,,顶视图,,,,,0,0,,,
top dress,,,v. 施顶肥\n[网络] 毛衣；上着,,,,,0,0,,,
top dresser,,,"top dressing, top-dressing的变形",,,,,0,0,,,
top dressing,tɔp ˈdresiŋ,, 顶肥,,,,,0,0,s:top dressings,,
top dressing of fertilizer,,,表施,,,,,0,0,,,
"top dressing, top-dressing","'tɔp,dresiŋ",,n. (农作物的)顶肥；土面施肥；(根基)追肥；(筑路工程的)敷面料；敷面；(道路的)表面处置,,,,,0,0,,,
top dressing?,,,追肥,,,,,0,0,,,
top dressings,"'tɔp,dresiŋ",,根外追肥,,,,,0,0,0:top dressing/1:s,,
top drive drilling system,,,顶部驱动钻井系 统,,,,,0,0,,,
top drive tachometer,,,高速转速计,,,,,0,0,,,
top driven,,,顶传动的,,,,,0,0,,,
top dry,,,梢枯病,,,,,0,0,,,
top dust hood,,,顶罩,,,,,0,0,,,
top dyeing,,,毛条染色,,,,,0,0,,,
top echelon,,,最高阶层,,,,,0,0,,,
top edge,,,un. 雪板顶；顶部边缘\n[网络] 上边缘；上沿；顶边,,,,,0,0,,,
top edged,,,上边缘；上沿,,,,,0,0,,,
top edges,,,[网络] 顶边；上边缘；顶端边缘,,,,,0,0,,,
top edging,,,上边缘；上沿,,,,,0,0,,,
top element,,,顶端元素,,,,,0,0,,,
top elevation,,,面标高,,,,,0,0,,,
top elevator,,,un. 甜菜顶升运器,,,,,0,0,,,
top end,,,"n. 尖端,顶端",,,,,0,0,,,
top end diameter,,,[木] 小端径,,,,,0,0,,,
top end fixture,,,端夹持器,,,,,0,0,,,
top end rail,,,[网络] 上端架；上端梁；上横梁,,,,,0,0,,,
Top Enders,,,[网络] 顶端地区的人,,,,,0,0,,,
top engine,,,[动力] 高质量发动机,,,,,0,0,,,
top entering agitator,,,顶伸式搅拌器,,,,,0,0,,,
top entering propeller agitator,,,[化] 顶伸式螺旋桨搅拌器,,,,,0,0,,,
top entering(type)agitator,,,[化] 顶伸式搅拌器,,,,,0,0,,,
top entry,,,[计] 顶端插入\n[化] 顶伸入,,,,,0,0,,,
top environment,,,[计] 顶层环境,,,,,0,0,,,
top event,,,顶事件,,,,,0,0,,,
top executive,,,"[经] 总经理, 董事长",,,,,0,0,s:top executives,,
top executives,,,最高行政官,,,,,0,0,0:top executive/1:s,,
top extension,,,顶伸柱,,,,,0,0,,,
top fabric,,,[车辆] 汽车篷布,,,,,0,0,,,
top face,,,前刃面,,,,,0,0,,,
top fastener,,,车顶夹,,,,,0,0,,,
top fastening bolt,,,顶螺栓,,,,,0,0,,,
top feed,,,[化] 顶部加料,,,,,0,0,,,
top feed baller,,,un. 顶喂捡抬压捆机,,,,,0,0,,,
top feeder,,,顶喂料机,,,,,0,0,,,
top feeder head,,,顶冒口,,,,,0,0,,,
top feeding,,,[化] 顶部加料,,,,,0,0,,,
top feeds,,,顶部加料,,,,,0,0,,,
top felt,,,上毛布,,,,,0,0,,,
top felt press,,,上毛毯压榨,,,,,0,0,,,
top fermenation,,,顶发酵,,,,,0,0,,,
top fermentation,,,[化] 表层发酵,,,,,0,0,s:top fermentations,,
top fermentations,,,[化] 表层发酵\n(top fermentation 的复数),,,,,0,0,0:top fermentation/1:s,,
top fermented,,,上面发酵的,,,,,0,0,,,
top fermenting yeast,,, 上面发酵酵母,,,,,0,0,s:top fermenting yeasts,,
top fermenting yeasts,,, 上面发酵酵母\n(top fermenting yeast 的复数),,,,,0,0,0:top fermenting yeast/1:s,,
top field,,,上图场,,,,,0,0,,,
top filler,,,炉顶加料器,,,,,0,0,,,
top filling,,,炉顶加料;填充上限,,,,,0,0,,,
top firing,,,[化] 顶部加热,,,,,0,0,,,
top fitting,,,管嘴，上端件,,,,,0,0,,,
top flange,,,上翼缘,,,,,0,0,,,
top flange plate,,,上翼缘板,,,,,0,0,,,
top flap,,,上窗盖,,,,,0,0,,,
top flash,,,un. 顶部飞边\n[网络] 显示矩形区域顶边的坐标值,,,,,0,0,,,
top flask,,,上型箱,,,,,0,0,,,
top flat,,,盖板,,,,,0,0,,,
top flight,,,"最高层, 最高级；第一流",,,,,0,0,,,
top floor,,,"最高首脑部,顶楼",,,,,0,0,,,
top fluid,,,二元循环的)上级工质,,,,,0,0,,,
top force,,,顶柱塞,,,,,0,0,,,
top form,,,竞技状态很好,,,,,0,0,,,
top former,,,上方喷浆成形器,,,,,0,0,,,
top forty,,,前四十,,,,,0,0,,,
top fourth jewel,,,过轮上钻,,,,,0,0,,,
top frame,,,(集装箱)顶吊框架,,,,,0,0,,,
top from the bottom,,"Basically, it is a description of sexual nature that could involve any number of acts: when a dominant person takes a submissive role but still remains in charge while the actual submissive person takes a dominant role but still takes orders.\n> A dominatrix is said to ""top from the bottom"" when she lets her submissive tie her up and perform oral sex on her, but all the while she is telling him how she likes to be licked and he does it how she says to.\n",,,,,,0,0,,,
top front rake,,,"前角,前倾角",,,,,0,0,,,
top front sheet,,,上前罩板,,,,,0,0,,,
top fruit,,,na. 乔性果\n[网络] 顶果,,,,,0,0,,,
top fruit sprayer,,,果树树冠喷雾器,,,,,0,0,,,
top fruits,,,top fruit\n[英国英语] = tree fruit,,,,,0,0,,,
top fuel,,,[网络] 主打进气套件；加速,,,,,0,0,,,
top fuller,,,圆锤;上用圆刃楔形锤,,,,,0,0,,,
top fuselage inlet,,,机身顶部进气道,,,,,0,0,,,
top gain,,,最高利润,,,,,0,0,,,
top gallant forecastle,,,最上前艏艛,,,,,0,0,,,
top gallant mast,,,上桅,,,,,0,0,,,
top gas,,,[机] 炉顶气,,,,,0,0,,,
top gas cleaning,,,un. 高炉煤气净化,,,,,0,0,,,
top gas exhaust port,,,炉顶排气孔,,,,,0,0,,,
top gas rate,,,炉顶煤气管,,,,,0,0,,,
top gas recovery,,,高炉煤气回收,,,,,0,0,,,
top gate,,,[机] 顶浇进模口,,,,,0,0,,,
top gatherer,,,甜菜顶收集器,,,,,0,0,,,
top gating,,,"顶注式浇注系统,顶浇(法)",,,,,0,0,,,
top gating system,,,顶注式浇注系统,,,,,0,0,,,
top gear,,,"[机] 最高速齿, 高速度齿轮",,,,,0,0,,,
top gear acceleration,,,最高齿加速度,,,,,0,0,,,
top gear ratio,,,最高齿轮速比,,,,,0,0,,,
top gill box,,,毛条针梳机,,,,,0,0,,,
top girth,,,"梢端干围,顶围",,,,,0,0,,,
top grade,,,最高级;优级,,,,,0,0,,,
top grade quality,,,[机] 头等品质,,,,,0,0,,,
top grade variety,,,高级品种,,,,,0,0,,,
top grafting,,,高接,,,,,0,0,,,
top grasping belt,,,抓顶皮带,,,,,0,0,,,
top grass,,,高草;上繁草,,,,,0,0,,,
top grassland,,,高草草原,,,,,0,0,,,
top grating,,,[网络] 机舱,,,,,0,0,,,
top grinder,,,磨盖板机,,,,,0,0,,,
top grinding,,,平磨针布,,,,,0,0,,,
top groove wear,,,顶槽磨损,,,,,0,0,,,
top growth,,,上长,,,,,0,0,,,
top gudgeon,,,上舱钮,,,,,0,0,,,
top guide,,,导头;前导承,,,,,0,0,,,
top guide bar,,,上导杆,,,,,0,0,,,
top guide bearing,,,上导轴承,,,,,0,0,,,
top guide shear,,,顶导件剪力,,,,,0,0,,,
top guiding,,,上卫板；前导承；导头,,,,,0,0,,,
top gun,tɔp ɡʌn,, 最优秀的,,,,,0,0,,,
top guns,,,[网络] 江湖高人；王牌利器；顶级产品,,,,,0,0,,,
top half,,,顶部,,,,,0,0,,,
top half casing,,,缸,,,,,0,0,,,
top half inner casing,,,上缸,,,,,0,0,,,
top half outer casing,,,上缸,,,,,0,0,,,
top hamper,'tɑp'hæmpɚ,,n. 高处的笨重物件；多余碍事的东西；桅上废物,,,,,0,0,,,
top hand,,,na. 〈美〉精通牧场工作的牧童\n[网络] 手；高位手；右手,,,,,0,0,,,
top handing attachment,,,顶吊架,,,,,0,0,,,
top handle,,,顶手柄；顶扶手,,,,,0,0,,,
top handling attachment,,,[化] 顶吊架,,,,,0,0,,,
top hands,,,[网络] 顶级手,,,,,0,0,,,
top hat,,,高顶黑色大礼帽,,,,,0,0,s:top hats,,
top hat annealing furnace,,,罩式退火炉,,,,,0,0,,,
top hat calibration reflector,,,顶帽型校准反射器,,,,,0,0,,,
top hat frames,,,顶帽形肋骨,,,,,0,0,,,
top hat kiln,,,"钟罩式窑,高帽窑",,,,,0,0,,,
top hat pension,,,[网络] 高级管理人员退休金；超额养老金,,,,,0,0,,,
top hat pensions,,,高级管理人员退休金,,,,,0,0,,,
top hat section,,,"扎帽形截面,门形截面",,,,,0,0,,,
top hat section stringer,,,un. 管形截面桁条,,,,,0,0,,,
top hat shielding,,,帽屏,,,,,0,0,,,
top hat-section stringer,,,管形截面桁条,,,,,0,0,,,
top hats,,,na. 大礼帽\n[网络] 顶环,,,,,0,0,0:top hat/1:s,,
top head,,,上盖,,,,,0,0,,,
top head flange,,,顶盖凸缘,,,,,0,0,,,
top head flange leakage,,,顶盖凸缘渗漏,,,,,0,0,,,
top head lug,,,顶头凸块,,,,,0,0,,,
top head shingle,,,顶盖衬里托板,,,,,0,0,,,
top heading,,,上部超前掘进法;顶部导坑,,,,,0,0,,,
top heater,,,末级加热器,,,,,0,0,,,
top heaviness,,,树冠长势过重,,,,,0,0,,,
top heavy,,,"[经] 投资过多的, 上层机构臃肿的",,,,,0,0,,,
top heavy vessel,,,上重船，低稳度船,,,,,0,0,,,
top height,,,林分高,,,,,0,0,,,
top her,,,[网络] 最美的她；爱美尚家,,,,,0,0,,,
top hinge,,,顶铰,,,,,0,0,,,
top hold,,,un. 顶舱\n[网络] 天航,,,,,0,0,,,
top holder,,,车顶架,,,,,0,0,,,
top holder spring case,,,托头弹簧罩,,,,,0,0,,,
top hole,,,顶孔,,,,,0,0,,,
top holes,,,上向长孔採煤法,,,,,0,0,,,
top hooker,,,块石装载工,,,,,0,0,,,
top hopper,,,茎叶箱,,,,,0,0,,,
top hung window,,,[建] 吊窗,,,,,0,0,,,
top icing,,,(冷藏车)车顶加冰,,,,,0,0,,,
top inlet,,,顶部进气道,,,,,0,0,,,
top inwall line,,,炉身水平线,,,,,0,0,,,
top iron,,,顶弯梁,,,,,0,0,,,
top iron and screw,,,盖铁,,,,,0,0,,,
top it all off,,,"top it off更有甚者, 最妙的是, 最糟糕的是",,,,,0,0,,,
top it off,,,[网络] 多欢喜；戴上它；结束,,,,,0,0,,,
top jack,,,上提综杆,,,,,0,0,,,
top jar,,,上击器,,,,,0,0,,,
top jaw,,,"上部凸轮,分离凸轮",,,,,0,0,,,
top jib section,,,顶臂段,,,,,0,0,,,
Top Job,,,高级职位,,,,,0,0,,,
top jobs,,,热门职位,,,,,0,0,,,
Top Joint,,,[网络] 上接头,,,,,0,0,,,
top keel angle,,,[网络] 龙骨顶角钢,,,,,0,0,,,
top kick,,,"军士长;领袖,首领,上司,当权者",,,,,0,0,,,
top kill,,,[网络] 顶部压井；灭顶法；顶部压井法,,,,,0,0,,,
top kill method,,,顶部压井法,,,,,0,0,,,
top kip,,,支撑后倒成挂臂撑屈伸上,,,,,0,0,,,
top knife,,,"(轧钢)上刀,上刀片",,,,,0,0,,,
top knife block,,,"上刀片滑块,上刀架,上刃台",,,,,0,0,,,
top l.,,,托普湖,,,,,0,0,,,
top land,,,端环槽脊,,,,,0,0,,,
top lander,tɔp ˈlændə,, 提升机工,,,,,0,0,,,
top landing,,,上部出车台,,,,,0,0,,,
top lantern,,,n. 桅顶上的信号灯,,,,,0,0,,,
top lap,,,上研磨盘,,,,,0,0,,,
top lateral bracing,,,纵向上平联,,,,,0,0,,,
top laterals,,,纵向上平联(结系),,,,,0,0,,,
top layer,,,顶层,,,,,0,0,,,
top layer of yeast,,,上面酵母层,,,,,0,0,,,
top leaders,,,[网络] 最高领导人；最高领导人物；高层领导人,,,,,0,0,,,
top leaf of spring,,,顶簧片,,,,,0,0,,,
top left,,, 左上,,,,,0,0,,,
top left corner,,,左上角,,,,,0,0,,,
top level,,,[计] 顶层,,,,,0,0,,,
top level die-filling,,,上面装模,,,,,0,0,,,
top level domain,,,[计] 顶层域名,,,,,0,0,,,
top level environment,,,[计] 顶层环境,,,,,0,0,,,
top level folder,,,[计] 最高级别文件夹,,,,,0,0,,,
top level men,,,un. 上层人员,,,,,0,0,,,
top level node link,,,最顶层节点连结,,,,,0,0,,,
top lever,,,"顶装开合(杠)杆,顶斜面",,,,,0,0,,,
top lid,,,顶盖,,,,,0,0,,,
top lift,,,un. 上层混凝土\n[网络] 天皮；最高升程；最高扬程,,,,,0,0,s:top lifts,,
top lift block,,,顶索滑车；吊杆滑车,,,,,0,0,,,
top lift cradle,,,顶吊架,,,,,0,0,,,
top lift frame,,,[网络] 顶吊框架,,,,,0,0,,,
top lifter,,,提顶臂,,,,,0,0,,,
top lifting device,,,顶吊装置,,,,,0,0,,,
top lifts,,, [体]后跟底层,,,,,0,0,0:top lift/1:s,,
top light,,,顶部采光,,,,,0,0,,,
top light aspect,,,第一位灯光示像[显示],,,,,0,0,,,
top lighting,,,车顶照明,,,,,0,0,,,
top limit,,,[经] 最高限额,,,,,0,0,,,
top line,,,"[计] 报纸标题, 头条",,,,,0,0,,,
top line of teeth,,,齿顶线,,,,,0,0,,,
top line recker,,,(悬挂装置的)上抬杆铰接环,,,,,0,0,,,
top linearity control,,,[自] 最大线性度控制,,,,,0,0,,,
top lines,,,n. 大字标题；第一个节目,,,,,0,0,,,
top link,,,un. 上拉杆悬挂装置的\n[网络] 顶部链接栏；上连杆；对托林克,,,,,0,0,,,
top link adjustment,,,(悬挂机构的)上拉杆调节,,,,,0,0,,,
top link connection,,,un. 上拉杆连接点往拖拉机上联结,,,,,0,0,,,
top link joint,,,(悬挂机构)上拉杆铰链,,,,,0,0,,,
top lip of slice,,,上唇板,,,,,0,0,,,
top liquid level,,,[化] 顶部液面,,,,,0,0,,,
top load,,,尖峰负荷;最大负载,,,,,0,0,,,
top loaded aerial,,,负载天线，电容负载天线,,,,,0,0,,,
top loaded antenna,tɑp ˈlodɪd ænˈtɛnə,, 顶负载天线；电容负载天线,,,,,0,0,,,
top loader,,,[网络] 空叉；片方式,,,,,0,0,,,
top loaders,,,顶部装载器,,,,,0,0,,,
top loading,,,[计] 自顶装入,,,,,0,0,,,
top loading balance,,,un. 上皿式天平\n[网络] 上皿天平,,,,,0,0,,,
top loading belt,,,un. 上部装载带型运输机,,,,,0,0,,,
top loading case,,,顶部装填箱,,,,,0,0,,,
top loading container,,,顶装式货柜,,,,,0,0,,,
top loading kiln,,,(由窑顶部装坯)顶装窑,,,,,0,0,,,
top lock lift,,,un. 顶销提臂,,,,,0,0,,,
top lock nut,,,un. 上端防松螺母\n[网络] 上压点防松螺帽；顶部锁紧螺母,,,,,0,0,,,
top locking pintle,,,[网络] 顶部锁紧销钉,,,,,0,0,,,
top log,,,梢端原木,,,,,0,0,,,
top loin,,,[网络] 上腰肉；顶腰,,,,,0,0,,,
top longitudinal bracing,,,上弦纵向水平支撑,,,,,0,0,,,
top longitudinal of double bottom,,,双层底顶纵骨,,,,,0,0,,,
top loop,,,综线套(提花织机),,,,,0,0,,,
top main plane,,,上主翼,,,,,0,0,,,
top making,,,毛条制造,,,,,0,0,,,
top man,,,(性交过程中的)虐待狂(与 bottom man 相对),,,,,0,0,,,
top management,,,"[经] 最高管理部门, 董事会",,,,,0,0,,,
top management abdication,,,un. 最高管理的弃权,,,,,0,0,,,
top management decision simulation,,,高阶管理决策模拟,,,,,0,0,,,
top management level,,,[经] 最高管理水准,,,,,0,0,,,
top management position,,,un. 最高管理职务\n[网络] 高阶管理职位,,,,,0,0,,,
top management report,,,上层领导报告,,,,,0,0,,,
top management system,,,"[计] 主管系统, 主控系统",,,,,0,0,,,
top management team,,,高阶管理团队,,,,,0,0,,,
top management teams,,,高级主管团队,,,,,0,0,,,
top manager,,,总经理,,,,,0,0,,,
top managers,,,[经] 上层管理人员,,,,,0,0,,,
top manufacturing executive,,,un. 上层生产主管人员,,,,,0,0,,,
top margin,,,[计] 顶边,,,,,0,0,,,
top mark,,,顶标,,,,,0,0,,,
top marks,,,(考试)满分；十全十美；(某人或某事)太好了,,,,,0,0,,,
top masking,,,上方遮蔽,,,,,0,0,,,
top mast,,,顶桅,,,,,0,0,,,
top mat,,,上层钢筋网,,,,,0,0,,,
top material,,,顶杆,,,,,0,0,,,
top member,,,顶部构件,,,,,0,0,,,
top member of graft,,,嫁接作物的上部,,,,,0,0,,,
top men,,,头目；高层人物；型男,,,,,0,0,,,
top milk,tɔp milk,, 带有稀奶油层（乳皮）的牛乳; （从牛奶撇出来的）新奶油; 乳脂,,,,,0,0,,,
top minnow,,,[网络] 大肚鱼,,,,,0,0,,,
top mould half,,,凸模,,,,,0,0,,,
top mounted,,,部安装的,,,,,0,0,,,
top mounted inlet,,,顶部进气道,,,,,0,0,,,
top mounted rod,,,顶插棒,,,,,0,0,,,
top mounting machine,,,包盖板机,,,,,0,0,,,
top needle,,,上盖针,,,,,0,0,,,
top news,,,头条新闻,,,,,0,0,,,
top news story,,,[网络] 标题新闻报道,,,,,0,0,,,
top nicol,,,上偏光镜,,,,,0,0,,,
top nipper,,,(精梳机的)上钳板,,,,,0,0,,,
top nipper arm,,,(精梳机的)上钳板臂,,,,,0,0,,,
top node,,,[计] 顶端节点,,,,,0,0,,,
top node of tree,,,[计] 树顶节点,,,,,0,0,,,
top noise,,,顶局部噪声,,,,,0,0,,,
top notch,,,"顶峰,顶点;最高级,第一流",,,,,0,0,,,
top note,,,顶香[调],,,,,0,0,,,
top nozzle,,,上喷嘴,,,,,0,0,,,
top nut,,,上螺母,,,,,0,0,,,
top of ballast,,,道碴顶部,,,,,0,0,,,
top of bole,,,树干顶点,,,,,0,0,,,
top of clouds,,,[气象] 云顶,,,,,0,0,,,
top of cutting,,,堑顶,,,,,0,0,,,
top of cutting slope,,,堑顶,,,,,0,0,,,
top of dam,,,堤冠,,,,,0,0,,,
top of file,,,文件标记符,,,,,0,0,,,
top of flood,,,最高潮,,,,,0,0,,,
top of floors,,,[网络] 肋板上缘,,,,,0,0,,,
top of form,,,[计] 页头,,,,,0,0,,,
top of head,,, [医]头顶,,,,,0,0,,,
top of keel,,,[网络] 龙骨上面,,,,,0,0,,,
top of loop,,,[航] 斤斗顶点,,,,,0,0,,,
top of machinery space,,,un. 机舱顶,,,,,0,0,,,
top of main space,,,[网络] 机舱顶,,,,,0,0,,,
top of mind,,,[网络] 第一提及；第一提及知名度；第一位置,,,,,0,0,,,
top of mind awareness,,,[网络] 第一提及知名度；认知；第一提及品牌知名度,,,,,0,0,,,
top of overcast,,,阴云顶部,,,,,0,0,,,
top of page,,,[计] 页眉,,,,,0,0,,,
top of piston,,,活塞顶,,,,,0,0,,,
top of rail,,,"钢轨踏面, 钢轨顶面",,,,,0,0,,,
top of saddle,,,[化] 鞍座顶,,,,,0,0,,,
top of shoulder,,,肩顶,,,,,0,0,,,
top of slope,,,坡顶,,,,,0,0,,,
top of slot belt,,,层绕组区(双层绕组的),,,,,0,0,,,
top of stack,,,[计] 栈顶,,,,,0,0,,,
top of stack control word,,,栈顶控制字,,,,,0,0,,,
top of stroke,,,冲程顶;冲程上限,,,,,0,0,,,
top of sugar heet,,,甜菜缨子,,,,,0,0,,,
top of superstructure,,,上层建筑顶,,,,,0,0,,,
top of the agenda,,, 最主要的议题; 最重要的议题,,,,,0,0,,,
top of the atmosphere,,,大气顶层,,,,,0,0,,,
top of the car dented,,,[网络] 车顶瘪,,,,,0,0,,,
top of the class,,,第一流,,,,,0,0,,,
top of the flood,,,un. 满潮顶点\n[网络] 涨潮顶点,,,,,0,0,,,
Top of the Form,,,[网络] 页首,,,,,0,0,,,
top of the head,tɔp ɔv ðə hed,, 巅上,,,,,0,0,,,
top of the heap,,,"堆放,放一堆,积累",,,,,0,0,,,
top of the hour,,,[网络] 本小时头条,,,,,0,0,,,
top of the inning,,,[网络] 的顶部,,,,,0,0,s:tops of the inning,,
top of the league,,,在某方面成就最高(或最低)的；质量最高(或最低)的,,,,,0,0,,,
top of the line,tɔp ɔv ðə lain,,n. 极品,,,,,0,0,s:tops of the line,,
top of the lot,,,(电影公司中最好的)角色；当家小生，当家花旦,,,,,0,0,,,
top of the morning,tɔp ɔv ðə ˈmɔ:niŋ,,（爱尔兰）[用作问候语]早上好,,,,,0,0,,,
top of the pops,,,[网络] 流行之巅；作为一个舞者在电视节目；流行尖峰,,,,,0,0,,,
top of the range,,, （同类产品中）最昂贵的，最高价的,,,,,0,0,,,
top of the slag,,,渣面,,,,,0,0,,,
top of the tree,,,树顶,,,,,0,0,,,
top of the world,,, [电影]世界之巅,,,,,0,0,,,
top of thread,,,[机] 螺纹顶,,,,,0,0,,,
top of tie,,,轨枕顶面,,,,,0,0,,,
top of tooth,tɔp ɔv tu:θ,, 齿尖,,,,,0,0,,,
top of tree,,,梢,,,,,0,0,,,
top off,,,"达到顶点, 结束, 完成",,,,,0,0,,,
top off something,,,[网络] 顶点东西,,,,,0,0,,,
top old age,,,[地质] 地形的老年期,,,,,0,0,,,
top one,,,[网络] 顶尖；博文；第一,,,,,0,0,,,
top one's part,,,【戏剧】把角色表演到尽善尽美的程度；出色地完成所担任的工作,,,,,0,0,,,
top one-wayfired soaking pit,,,单侧上烧嘴均热炉,,,,,0,0,,,
top oneself,,,[网络] 顶部自己,,,,,0,0,,,
top onion,tɔp ˈʌnjən,, 珠芽圆葱,,,,,0,0,s:top onions,,
top onions,,, 珠芽圆葱\n(top onion 的复数),,,,,0,0,0:top onion/1:s,,
top open yacht,,,长顶游艇,,,,,0,0,,,
top opening,,,顶孔,,,,,0,0,,,
top opening baler,,,un. 顶喂式捡抬压捆机\n[网络] 顶喂式捡拾压捆机,,,,,0,0,,,
top opening freezer,,,顶开冷冻柜,,,,,0,0,,,
top operand,,,"[计] 栈顶运算对象, 栈顶操作数",,,,,0,0,,,
top operation anticreep ledge,,,上防跳台,,,,,0,0,,,
top operation coupler,,,上作用车钩,,,,,0,0,,,
top operator,,,"[计] 栈顶算符, 栈顶运算符",,,,,0,0,,,
top or tail,,,adv. 一点儿也不,,,,,0,0,,,
top order,,,[网络] 顶级订单,,,,,0,0,,,
top oriented management,,,高级适向管理,,,,,0,0,,,
top out,tɔp aut,, 举行建筑物落成典礼; 达到最高点,,,,,0,0,,,
top over terve,,,[网络] 最高的,,,,,0,0,,,
top overhaul,,,[计] 初步检修,,,,,0,0,,,
top pair,,,[网络] 顶对；顶对子；对手,,,,,0,0,,,
top pairs,,,[网络] 顶对,,,,,0,0,,,
top pallet jewel,,,叉上钻,,,,,0,0,,,
top panel,,,上面板,,,,,0,0,,,
top paper,,,顶端用纸,,,,,0,0,,,
top parallel entry,,,上部平行平巷,,,,,0,0,,,
top part,,,[机] 上模,,,,,0,0,,,
top pass,,,"上轧槽,上排孔型(三辊式轧机中上辊间的孔型)",,,,,0,0,,,
top peg,,,顶栓,,,,,0,0,,,
top pendant,,,[网络] 吊重短索,,,,,0,0,,,
top people,,,[网络] 上层人物；热点人物；顶尖人物,,,,,0,0,,,
top performance,,,"最高效率,最好性能",,,,,0,0,,,
top petrol tank,,,上置式油箱,,,,,0,0,,,
top phase,,,[化] 顶相; 上相,,,,,0,0,,,
top pick-up device,,,茎叶捡拾装置,,,,,0,0,,,
top picking of tunnel,,,隧道挑顶,,,,,0,0,,,
top piece,,,[网络] 鞋跟接地部位；头顶发片；鞋袜鞋跟和鞋垫,,,,,0,0,,,
top piling,,,上层码垛,,,,,0,0,,,
top pinch roll,,,上夹送辊,,,,,0,0,,,
top pintle,,,上舵栓,,,,,0,0,,,
top piston land,,,[动力] 第一（活塞环槽）槽岸,,,,,0,0,,,
top piston ring,,,顶活塞压环,,,,,0,0,,,
top plan,,,[网络] 顶层平面图,,,,,0,0,,,
top plane,,,水平投影面,,,,,0,0,,,
top plane iron,,,un. 护铁刨力面,,,,,0,0,,,
top plate,,,[机] 顶板,,,,,0,0,,,
top plate angle,,,[林] 顶片角,,,,,0,0,,,
top plate cutting angle,,,[林] 顶片切削角,,,,,0,0,,,
top plate of foundation,,,础的顶板,,,,,0,0,,,
top plate screw,,,un. 顶板螺钉\n[网络] 定模座板螺钉,,,,,0,0,,,
top platform,,,[化] 顶部平台,,,,,0,0,,,
top plating,,,[建] 顶板,,,,,0,0,,,
top players,,,[网络] 顶级厂商；顶尖棋手；顶级运动员,,,,,0,0,,,
top plug,,,上塞,,,,,0,0,,,
top plunger,,,"上冲杆,上模冲",,,,,0,0,,,
top pocket,,,[网络] 顶袋；胸袋；袋口,,,,,0,0,,,
top pour ladle,,,un. 短嘴浇包；倾注桶,,,,,0,0,,,
top pouring,,,[机] 顶浇法,,,,,0,0,,,
top pouring through pencil gates,,,顶浇雨淋式内浇道,,,,,0,0,,,
top predator,,,顶位捕食者,,,,,0,0,,,
top press,,,un. 压毛条装置,,,,,0,0,,,
top pressure,,,[化] 顶部压力,,,,,0,0,,,
top pressure closure,,,封顶盖，密封封头,,,,,0,0,,,
top pressure equalization equipment,,,炉顶均压设备,,,,,0,0,,,
top price,,,[经] 高价,,,,,0,0,,,
top print,,,型芯记号,,,,,0,0,,,
top priority,,,"最优先的项目,头等重要的事情",,,,,0,0,,,
top priority lending rate,tɔp praiˈɔriti ˈlendiŋ reit,, [财]最优贷款利率,,,,,0,0,,,
top priority processing,,,[计] 最高优先处理,,,,,0,0,,,
top prism,,,上部三棱镜,,,,,0,0,,,
top product,,,[化] 塔顶产品,,,,,0,0,,,
top projection,,,顶面投影,,,,,0,0,,,
top pruning,,,打顶,,,,,0,0,,,
top pulverizer,,,甜菜顶切碎器,,,,,0,0,,,
top pumparound,,,[化] 塔顶循环回流,,,,,0,0,,,
top quality,,,最优质的,,,,,0,0,,,
top quality merchandise,,,un. 质量最佳商品\n[网络] 质量最好的商品,,,,,0,0,,,
top quark,tɔp kwɑ:k,, t 夸克,,,,,0,0,s:top quarks,,
top quarks,,,[核] 顶夸克,,,,,0,0,0:top quark/1:s,,
top rade,,,"[机] 上斜角, 上倾角",,,,,0,0,,,
top rafter,,,顶椽,,,,,0,0,,,
top rail,,,上冒头,,,,,0,0,,,
top rake,,,削角,,,,,0,0,,,
top rake surface,,,前倾角面,,,,,0,0,,,
top rakes,,,前角；[机] 前倾角；削角,,,,,0,0,,,
top range,,,上量程,,,,,0,0,,,
top rank retrieval,,,[计] 顶端排队检索,,,,,0,0,,,
top ranking,,,adj. 第一流的\n[网络] 排名；热门排行；分类,,,,,0,0,,,
top ranking officer,,,un. 高级管理人员,,,,,0,0,,,
top rate,,,[网络] 税率最高一级；最高税率；率为某值时,,,,,0,0,,,
top rated,.tɒp 'reɪtɪd,,adj. 最高定价\n[网络] 最高评分；最高评价；评价最高,,,,,0,0,,,
top reflector,,,上部反射层,,,,,0,0,,,
top reflector sleeve,,,部反射层套管,,,,,0,0,,,
top reflux,,,[化] 塔顶循环回流,,,,,0,0,,,
top region,,,[网络] 表面区,,,,,0,0,,,
top register,,,[计] 栈顶寄存器,,,,,0,0,,,
top relief angle,,,[网络] 顶刃后角,,,,,0,0,,,
top relief valve,,,锅顶放气阀,,,,,0,0,,,
top removal,,,摘心;打尖,,,,,0,0,,,
top rest,,,"(上)刀架,小拖板;车顶托架",,,,,0,0,,,
top retaining wall,,,上挡墙,,,,,0,0,,,
top rib,,,(枪筒)顶肋,,,,,0,0,,,
top right,,,[网络] 右上；右上方；右上角,,,,,0,0,,,
top right corner,,,右上角,,,,,0,0,,,
top rim,,,桅楼围缘圈,,,,,0,0,,,
top ring,,,"炉顶钢圈,炉头钢圈",,,,,0,0,,,
top ring casting,,,un. 炉顶钢圈,,,,,0,0,,,
top ring groove,,,un. 顶活塞环槽,,,,,0,0,,,
top ripping,,,巷道加高,,,,,0,0,,,
top riser,,,[机] 顶冒口,,,,,0,0,,,
top road bridge,,,上承桥,,,,,0,0,,,
top rock,tɔp rɔk,, 顶板岩层,,,,,0,0,,,
top rod,,,上部钻杆,,,,,0,0,,,
top roll,,,上辊;上轴;顶部旋滚,,,,,0,0,,,
top roll assembly,,,un. 上轧辊组合部件,,,,,0,0,,,
top roll balance,,,un. 上轧辊的平衡,,,,,0,0,,,
top roll balance arrangement,,,un. 上轧辊平衡装置\n[网络] 上辊的平衡装置,,,,,0,0,,,
top roll balancing mechanism,,,un. 上轧辊机构,,,,,0,0,,,
top roll counter weight balance arrangement,,,un. 上轧辊的重锤式平衡装置,,,,,0,0,,,
top roll hydraulic balance arrangement,,,un. 上轧辊的液压式的平衡装置\n[网络] 液压式上辊平衡装置,,,,,0,0,,,
top roll spring balance arrangement,,,un. 弹簧式上辊平衡装置,,,,,0,0,,,
top roller,,,顶端滚柱,,,,,0,0,,,
top root,,,主根,,,,,0,0,,,
top root ratio,,,冠根比率,,,,,0,0,,,
top rope,,,un. 中桅升降索；栓在地面上的保护绳；浮子纲\n[网络] 顶绳攀登；顶绳设置；顶绳攀爬,,,,,0,0,,,
top rot,,,"梢端腐朽,顶腐",,,,,0,0,,,
top round,tɔp raund,,n. （牛的）大腿肉,,,,,0,0,s:top rounds,,
top rounds,,,牛腱子，(牛肉的)里股肉，里肌肉[参较 bottom round],,,,,0,0,0:top round/1:s,,
top row,,,[计] 首行,,,,,0,0,,,
top rudder,,,上舵,,,,,0,0,,,
top run,,,顶浇,,,,,0,0,,,
top running,,,[网络] 顶浇,,,,,0,0,,,
top sail,tɔp seil,, [体]中桅帆,,,,,0,0,,,
top sail schooner,,,顶帆船,,,,,0,0,,,
top sales,,,[网络] 顶级销售员；销售系统；首席销售员,,,,,0,0,,,
top sample,,,[化] 顶部取样,,,,,0,0,,,
top sand,,,粗砂,,,,,0,0,,,
top saving unit,,,甜菜顶收集器,,,,,0,0,,,
top saw,,,顶锯,,,,,0,0,,,
top sawyer,,,"n. 在上端锯木头的人,〈英〉居高位的人",,,,,0,0,,,
top sb up,,,[网络] 顶部sb起来,,,,,0,0,,,
top science,,,尖端科学,,,,,0,0,,,
top sciences,,,尖端科学,,,,,0,0,,,
top scissor and half nelson,,,剪腿侧面肩下握颈,,,,,0,0,,,
top scorer,,,得分最高的队员,,,,,0,0,,,
TOP SCORES,,,总体评分,,,,,0,0,,,
top seal,,,[化] 顶部密封,,,,,0,0,,,
top secret,,,[计] 绝密,,1,,,0,0,,,
top secret classification,,,最高机密等级,,,,,0,0,,,
top secret document,,,绝密文件,,,,,0,0,,,
top section,,,顶截面,,,,,0,0,,,
top section modulus,,,甲板剖面模数,,,,,0,0,,,
top security,,,[网络] 顶级保障；保安周全,,,,,0,0,,,
top seed,,,un. 第一号种子\n[网络] 头号种子；头号种子选手；梢头苗,,,,,0,0,,,
top segment,,,抄针盖板,,,,,0,0,,,
top selector lever,,,上针筒提花刀,,,,,0,0,,,
top seller,,,[网络] 畅销商品；顶级卖家；最热销的产品,,,,,0,0,,,
top sellers,,, 畅销书,,,,,0,0,,,
top sergeant,tɔp ˈsɑ:dʒənt,,n. 陆军军士长,,,,,0,0,,,
top serrated knife,,,un. 上面刻齿动刀片切割器的,,,,,0,0,,,
top set,,,上分支,,,,,0,0,,,
top shear blade,,,上剪片,,,,,0,0,,,
top shed,,,上梭口,,,,,0,0,,,
top sheet,,,凸印轮转机外衬,,,,,0,0,,,
top shelf,,,adj. 含色情内容的；一流的\n[网络] 顶层；顶层架子；顶部的架子,,,,,0,0,,,
top shell,,,马蹄螺,,,,,0,0,,,
top shield,,,顶部支护,,,,,0,0,,,
top shielding,,,上部屏蔽,,,,,0,0,,,
top shot,,,un. 顶摄；俯摄\n[网络] 顶级射手；历史猜猜猜；油层顶部射孔,,,,,0,0,,,
top side,,, 正面；板面,,,,,0,0,s:top sides,,
top side plate,,,un. 舷侧顶板\n[网络] 弦侧顶板；顶边列板,,,,,0,0,,,
top side rail,,,上侧梁,,,,,0,0,,,
top side sounding,,,顶侧探测,,,,,0,0,,,
top side tank,,,顶边舱,,,,,0,0,,,
top sides,,,n. 水线以上部分（topside的复数）,,,,,0,0,0:top side/1:s,,
top sieve,,,"上筛,顶筛",,,,,0,0,,,
top sieve adjusting lever,,,un. 上筛调节杆,,,,,0,0,,,
top sieve extension,,,un. 上筛的延长部份；上筛的延长部分,,,,,0,0,,,
top sire,,,最好的种公畜,,,,,0,0,,,
top size,,,最大尺寸,,,,,0,0,,,
top sizing,,,上涂料;表面施胶,,,,,0,0,,,
top skimmer,,,最表层鱼,,,,,0,0,,,
top slab,,,顶板,,,,,0,0,,,
top slat,,,车顶铰接机构,,,,,0,0,,,
top slat iron,,,横骨架,,,,,0,0,,,
top sleeper,tɔp ˈsli:pə,, 吊舱卧铺,,,,,0,0,,,
top slice,,,顶层矿片,,,,,0,0,,,
top slicing,,,(所得税)顶切法,,,,,0,0,,,
top slicing and caving,,,下向水平分层崩落采矿法,,,,,0,0,,,
top slicing and cover caving,,,【采矿】下向水平分层顶板崩落采矿法,,,,,0,0,,,
top slicing by rooms,,,下向水平分层崩落矿房法,,,,,0,0,,,
top slicing caving method,,,分层崩落法,,,,,0,0,,,
top slicing combined with ore caving,,,下向水平分层崩落采矿法,,,,,0,0,,,
top slicing cover caving,,,下向水平分层顶板崩落采矿法,,,,,0,0,,,
top slide,,,"顶部滑板,上滑板",,,,,0,0,,,
top slide rest,,,un. 滑动刀架,,,,,0,0,,,
top slitter,,,纵切上刀,,,,,0,0,,,
top slope,,,顶帮,,,,,0,0,,,
top slope angle,,,[网络] 刀齿顶刃倾角,,,,,0,0,,,
top slot layer,tɔp slɔt ˈleiə,, 槽线圈上层,,,,,0,0,,,
top sod,,,表层草皮,,,,,0,0,,,
top soil,,,表土,,,,,0,0,,,
top soil erosion,,,表土侵蚀,,,,,0,0,,,
top soil plow,,,表土犁,,,,,0,0,,,
top something,,,v. 超越,,,,,0,0,,,
top something off,tɔp ˈsʌmθiŋ ɔf,, （以难忘，出众的方式）结束; （美，非正式）注满半空的油箱,,,,,0,0,,,
top something out,tɔp ˈsʌmθiŋ aut,, 为建筑物封顶（尤指落成典礼）,,,,,0,0,,,
top something up,tɔp ˈsʌmθiŋ ʌp,, 添加数字（或数额）以达到,,,,,0,0,,,
top species,,,顶位种,,,,,0,0,,,
top speed,,,[计] 最高速度\n[化] 最大速度; 最高速度; 最大转速,,,,,0,0,,,
top speed turn,,,un. 高速回转\n[网络] 调转,,,,,0,0,,,
top spin,tɔp spin,, [体]陀螺转; 上旋,,,,,0,0,,,
top spindle,,,上端手柄杆,,,,,0,0,,,
top spinning,,,陀螺,,,,,0,0,,,
top spoilage,,,(指青贮饲料)上层损失,,,,,0,0,,,
top spot,,,[网络] 榜首；最高位置；顶级旅游胜地,,,,,0,0,,,
top spray,,,部喷淋,,,,,0,0,,,
top sprays,,,上喷嘴组,,,,,0,0,,,
top spring,,,上端簧,,,,,0,0,,,
top square,,,[井架]上底尺寸,,,,,0,0,,,
top squeeze molding machine,,,上压式造型机,,,,,0,0,,,
top squeeze moulding machine,,,[网络] 上压式造型机,,,,,0,0,,,
top stack element,,,[计] 栈顶元素,,,,,0,0,,,
top stack location,,,[计] 栈顶单元,,,,,0,0,,,
top stack operand,,,"[计] 栈顶运算对象, 栈顶操作数",,,,,0,0,,,
top stack symbol,,,[计] 栈顶符号,,,,,0,0,,,
top steadier,,,[纺] 锭翼上盖板,,,,,0,0,,,
top steam,,,[机] 塔顶蒸汽,,,,,0,0,,,
top steam pressure,,,[网络] 最大蒸汽压力,,,,,0,0,,,
top steel feed roll,,,上传送钢辊,,,,,0,0,,,
top step,,,顶踏阶,,,,,0,0,,,
top stepped shielding ring,,,部阶梯式屏蔽环,,,,,0,0,,,
top sth off,,,[网络] 最高点,,,,,0,0,,,
top sth up,,,"装满, 加满, 斟满",,,,,0,0,,,
top stitch cam,,,上针筒成圈三角,,,,,0,0,,,
top stitched seam,,,[网络] 切明线迹缝,,,,,0,0,,,
top stitching,,,压线,,,,,0,0,,,
Top Storey,,,[网络] 顶层,,,,,0,0,,,
top story,,,[网络] 头条；头条报导；热门新闻或文章,,,,,0,0,,,
top stow cargo,,,[网络] 堆顶货；顶装货,,,,,0,0,,,
top strap,,,车顶条,,,,,0,0,,,
top stratum,,,地表岩层,,,,,0,0,,,
top stripper blade,,,"(甜菜)茎叶拔除刀片,甜菜顶拔除刀片",,,,,0,0,,,
top student,tɔp ˈstju:dənt,, 优等生，尖子学生，尖子生,,,,,0,0,,,
top sub,,,顶接头,,,,,0,0,,,
top support,,,车顶托架,,,,,0,0,,,
top surface,,,顶面,,,,,0,0,,,
top surface camber,,,un. 上曲面\n[网络] 顶面弧度,,,,,0,0,,,
top surface of liquid,,,液体的上部表面,,,,,0,0,,,
top surface of ring,,,环顶面,,,,,0,0,,,
top surface porosity,,,[机] 上表面气孔,,,,,0,0,,,
top surge,,,最高升水位,,,,,0,0,,,
top surgery,,,[网络] 上半身手术病人经验,,,,,0,0,,,
top suspended centrifuge,,,[网络] 上悬式离心机,,,,,0,0,,,
top suspension,,,上悬式,,,,,0,0,,,
top suspension centrifuge,,,[化] 上悬式离心机,,,,,0,0,,,
top swage,,,"上型模,上模",,,,,0,0,,,
top switch,,,顶开关,,,,,0,0,,,
top sword,,,上压刀,,,,,0,0,,,
top symbol,,,[计] 顶符号,,,,,0,0,,,
top symbol on left convention,,,[网络] 顶符号在左边的约定,,,,,0,0,,,
top symbol on right convention,,,[网络] 顶符号在右边的约定,,,,,0,0,,,
top table,tɔp ˈteibl,," 上座, 首席",,,,,0,0,,,
top tables,,,领导地位,,,,,0,0,,,
top tackle,,,吊挂卫板,,,,,0,0,,,
top tail boom,,,顶桁架,,,,,0,0,,,
top tank,,,上箱,,,,,0,0,,,
top tank air,,,上层气体;罐顶空气,,,,,0,0,,,
top teeming process,,,上注法,,,,,0,0,,,
top telescope,,,"顶位望远镜, 顶副镜﹝矿山经纬仪﹞",,,,,0,0,,,
top temperature,,,炉顶温度,,,,,0,0,,,
top temperature control,,,[网络] 最高温度控制,,,,,0,0,,,
top temperature controller,,,高温度控制器,,,,,0,0,,,
top ten,,, （某星期）流行音乐十大畅销唱片,,,,,0,0,,,
top tension,,,上线拉力,,,,,0,0,,,
top terminal,,,高压电极,,,,,0,0,,,
top terminal landing,,,顶端停靠站,,,,,0,0,,,
top the bill,,,"领衔主演, 担任主角",,,,,0,0,,,
top the lifts,,,[网络] 升起吊杆,,,,,0,0,,,
top the list,,,"名列榜首,居首位;领衔",,,,,0,0,,,
top the oil,,,拔油顶,,,,,0,0,,,
top thermal shield,,,部热屏蔽体,,,,,0,0,,,
top thickness,,,顶厚,,,,,0,0,,,
top third wheel jewel,,,秒针轮上钻,,,,,0,0,,,
top three,tɔp θri:,, [体]前三名,,,,,0,0,,,
top thrust,,,"最大推力,临界推力",,,,,0,0,,,
top tier,,,[网络] 当之无愧的一流商学院；顶级；顶尖的,,,,,0,0,,,
top tiers,,,顶层；高层,,,,,0,0,,,
top tight filling,,,接顶充填,,,,,0,0,,,
top timber,,,上部用材（木船）,,,,,0,0,,,
top title,,,字幕头,,,,,0,0,,,
top to bottom,,,na. 倒；从头到脚\n[网络] 从上到下；上至下；由上到下,,,,,0,0,,,
top to bottom connection,,,[网络] 顶部到底部联结；顶部到底部连接,,,,,0,0,,,
top to tail,,,[网络] 从上到下,,,,,0,0,,,
top to toe,,,[网络] 美疗专家；全身；顶底之间,,,,,0,0,,,
top to top,tɔp tu: tɔp,, [计]顶到顶[TT],,,,,0,0,,,
top to top connection,,,[网络] 顶部到顶部联结；顶部到顶部连接,,,,,0,0,,,
top tone,,,主色;浓色,,,,,0,0,,,
top tool rest,,,un. 刀架,,,,,0,0,,,
top tower control,,,塔顶调节,,,,,0,0,,,
top trace,,,(地震图)上部记录曲线,,,,,0,0,,,
top track,,,顶轨,,,,,0,0,,,
top transfer cam,,,上针筒转移三角,,,,,0,0,,,
top tray,,,顶板;顶盘,,,,,0,0,,,
top tray meal,,,[网络] 盘菜,,,,,0,0,,,
top trench,,,横浇口,,,,,0,0,,,
top tumbler,,,上导轮,,,,,0,0,,,
top tumbler frame,,,上导轮平台,,,,,0,0,,,
top turbine,,,前置涡轮机,,,,,0,0,,,
top turret,,,un. 顶转塔；上炮塔,,,,,0,0,,,
top two way fired pit,,,un. 对角上烧嘴均热炉,,,,,0,0,,,
top two way fired soaking pit,,,两侧上方烧嘴均热炉,,,,,0,0,,,
top type current transformer,,,倒立式电流互感 器,,,,,0,0,,,
top uncoupling type,,,上提式(车钩),,,,,0,0,,,
top undesired event,,,部意外事件,,,,,0,0,,,
top union,,,冠接点,,,,,0,0,,,
top unloader,,,上部卸载机(青贮塔),,,,,0,0,,,
top unloading unit,,,青贮料卸下机,,,,,0,0,,,
top up,,,加满,,,,,0,0,,,
top upper dead centre,,,"上死点,上止点",,,,,0,0,,,
top us,,,[网络] 无人可以超越,,,,,0,0,,,
top usable frequency,,,可用频率上限,,,,,0,0,,,
top ventilator,,,un. 天窗\n[网络] 顶式布风器；屋顶通风器,,,,,0,0,,,
top vessel closure head,,,顶容器密合盖,,,,,0,0,,,
top view,,,[计] 顶视图,,,,,0,0,,,
top wall,,,顶盘;上盘,,,,,0,0,,,
top wall coupler,,,顶壁耦合器,,,,,0,0,,,
top washing,,,[网络] 顶部清洗,,,,,0,0,,,
top water,,,冲水,,,,,0,0,,,
top water level,,,最高水位,,,,,0,0,,,
top water level in front of bridge,,,桥前壅水高度,,,,,0,0,,,
top water sprays,,,上喷水器(在被轧制带材的上面),,,,,0,0,,,
top water-level,,,un. 最高蓄水位\n[网络] 最高水位,,,,,0,0,,,
top weft,,,上层纬纱,,,,,0,0,,,
top weight,,,(在马赛中)负载最重的赛马,,,,,0,0,,,
top whack,,,[网络] 顶尖的,,,,,0,0,,,
top width,,,坝顶宽度;顶宽,,,,,0,0,,,
top wing,,,上翼,,,,,0,0,,,
top wing tank,,,[网络] 顶边舱,,,,,0,0,,,
top wire,,,上网,,,,,0,0,,,
top with gum,,,上胶,,,,,0,0,,,
top wool,,,毛条,,,,,0,0,,,
top working roll,,,上工作辊,,,,,0,0,,,
top yeast,,,[医] 表面酵母,,,,,0,0,,,
top yoke,,,[部磁]轭(变压器的),,,,,0,0,,,
top you,,,[网络] 顶尖的你；顶尖的产品,,,,,0,0,,,
top-,tɒp,,"n. 顶部, 顶端；上部；首席；陀螺\nvi. 高出, 超越；结束；达到顶点\nvt. 超越, 超过；给…加盖；达到…的顶端\na. 最高的, 顶上的；头等的\nn. (Top)人名；(英、土、意)托普",,,,,0,0,s:stsosps-s,,
top-adjacent auxiliary,,,上邻辅助视图,,,,,0,0,,,
top-and-bottom process,,,【冶金学】分层法,,,,,0,0,,,
top-annual,,,[网络] 一年一度,,,,,0,0,,,
top-arch,,,[网络] 拱门,,,,,0,0,,,
top-armour,,,[网络] 顶级装甲,,,,,0,0,,,
top-armours,,,[网络] 顶级手套,,,,,0,0,,,
top-band pattern,,,上口护条样,,,,,0,0,,,
top-bar,,,un. 上梁；顶面钢筋；栏顶横木\n[网络] 顶栏；顶部状态栏；顶部栏,,,,,0,0,,,
top-beam,,,[建] 顶梁,,,,,0,0,,,
top-benching,,,上梯段式开采法,,,,,0,0,,,
top-blast refining,,,顶吹氧精炼,,,,,0,0,,,
top-block,,,un. 顶滑轮\n[网络] 上垫脚；顶滑车；上垫角,,,,,0,0,,,
top-blocks,,,[网络] 阻攻榜；拦网榜,,,,,0,0,,,
top-blower oxygen convertor,,,顶吹氧气转炉,,,,,0,0,,,
top-blown,'tɒpbl'əʊn,, 顶吹,,,,,0,0,,,
top-blown converter,,,顶吹转炉,,,,,0,0,,,
top-blown oxygen converter,,,氧气顶吹转炉,,,,,0,0,,,
top-blown oxygen steelmaking process,,,[网络] 顶吹氧炼钢法,,,,,0,0,,,
top-blown rotary converter,,,顶吹转炉,,,,,0,0,,,
top-boot,,,长统靴,,,,,0,0,s:top-boots,,
top-booted,"'tɔp,bu:tid",,adj. 穿长筒靴的，穿翻口高筒靴的,,,,,0,0,,,
top-boots,,plural of top-boot,(top-boot 的复数) 长统靴,,,,,0,0,0:top-boot/1:s,,
top-bottom pincushion correction circuit,,,上下枕形校正电路,,,,,0,0,,,
top-bow rest,,,顶弯梁架,,,,,0,0,,,
top-bow separator,,,顶弯梁柱,,,,,0,0,,,
top-bow socket,,,顶弯梁座,,,,,0,0,,,
top-bracket,,,na. 〈美俚〉主要角色\n[网络] 最高等级；顶驳接件；顶部支架,,,,,0,0,,,
Top-breakage,,,梢折,,,,,0,0,,,
top-casting,,,un. 上铸\n[网络] 上浇铸；顶注；顶浇,,,,,0,0,,,
top-castle,,,un. 顶梁,,,,,0,0,,,
top-center indicator,,,上死点指示器,,,,,0,0,,,
top-center piston position,,,上死点活塞位置,,,,,0,0,,,
top-chain,,,[网络] 链条；顶板链条,,,,,0,0,,,
top-chains,,,[网络] 顶级链,,,,,0,0,,,
top-chrome dyeing,,,毛条铬媒染色法,,,,,0,0,,,
top-chrome process,,,后铬媒染法,,,,,0,0,,,
top-class,tɔp klɑ:s,,a. 一流的；顶级的,,1,,,0,0,s:top-classes,,
top-classes,,,a. 一流的；顶级的\n(top-class 的复数),,,,,0,0,0:top-class/1:s,,
top-clearance,'tɒpkl'iərəns,,n. 上死点间隙,,,,,0,0,,,
top-coat,,,面漆;面涂,,,,,0,0,s:top-coats,,
top-coated,,,[网络] 先绞后镀；顶涂层,,,,,0,0,,,
top-coats,'tɒpkəʊt,,n. 夹大衣；轻便外套,,,,,0,0,0:top-coat/1:s,,
top-contact rail,,,顶部接触轨,,,,,0,0,,,
top-copies,,,复印原件\n(top-copy 的复数),,,,,0,0,0:top-copy/1:s,,
top-copy,,,复印原件,,,,,0,0,s:top-copies,,
top-cover,,,执行高空掩护任务的飞机；高空掩护,,,,,0,0,s:top-covers,,
top-covers,,,顶板岩层（top cover的复数）,,,,,0,0,0:top-cover/1:s,,
top-cross,,,顶交,,,,,0,0,,,
top-cross parent,,,顶交亲本,,,,,0,0,,,
top-cross test,,,顶交测验,,,,,0,0,,,
top-dead center,,,[机] 上死点,,,,,0,0,,,
top-deck,,,甲板；上甲板；坞墙顶甲板,,,,,0,0,s:top-decks,,
top-decks,,,甲板；上甲板；坞墙顶甲板\n(top-deck 的复数),,,,,0,0,0:top-deck/1:s,,
top-dimensional,,,[网络] 顶级,,,,,0,0,,,
top-discordance,,,顶部不整接,,,,,0,0,,,
top-dog,'tɔpdɔ^,,a. 获胜者的,,,,,0,0,s:top-dogs,,
top-dogs,,plural of top-dog,(top-dog 的复数) a. 获胜者的,,,,,0,0,0:top-dog/1:s,,
top-dollar,,,[网络] 最高的可能价格；高价；最高价,j:100,,,,0,0,,,
top-down,'tɔpdajn,a. of an approach to a problem that begins at the highest conceptual level and works down to the details,a. 自顶向下,j:100,,,,0,0,,,
top-down algorithm,,,自上而下演算法,,,,,0,0,,,
top-down allocation,,,[计] 自顶向下分配,,,,,0,0,,,
top-down analyser,,,自顶向下分析算法,,,,,0,0,,,
top-down analysis,,,[化] 自上而下分析,,,,,0,0,,,
top-down analysis procedure,,,[计] 自顶向下分析步骤,,,,,0,0,,,
top-down analyzer,,,[计] 自顶向下程序,,,,,0,0,,,
top-down approach,,,[计] 自顶向下法,,,,,0,0,,,
top-down approach to investing,,,全景投资法,,,,,0,0,,,
top-down block structure,,,[计] 自顶向下程序块结构,,,,,0,0,,,
top-down compiler,,,[计] 自顶向下编译程序,,,,,0,0,,,
top-down computer aided graphics,,,自上而下电脑辅助图学,,,,,0,0,,,
top-down connection,,,自上而下连接,,,,,0,0,,,
top-down construction method,,,逆筑法,,,,,0,0,,,
top-down control,,,"下行[式]控制, 下行控制",,,,,0,0,,,
top-down design,,,[计] 自顶向下设计,,,,,0,0,,,
top-down development,,,[计] 自顶向下研制法,,,,,0,0,,,
top-down effect,,,下行效应,,,,,0,0,,,
top-down error recovery,,,[计] 自顶向下校正错误,,,,,0,0,,,
top-down estimation,,,[计] 自顶向下估算,,,,,0,0,,,
top-down fashion,,,自上而下方式,,,,,0,0,,,
top-down fast-back parser,,,[计] 自顶向快速分析程序,,,,,0,0,,,
top-down goal oriented analysis procedure,,,自上而下目标导向的分析程序,,,,,0,0,,,
top-down goal-oriented analysis procedure,,,自上而下面向目标分析步骤,,,,,0,0,,,
top-down implementation plan,,,un. 自顶向下实现计划,,,,,0,0,,,
top-down integration,,,自上而下整合,,,,,0,0,,,
top-down layering,,,[计] 自顶向下分层,,,,,0,0,,,
top-down left-to-right ordering,,,自上而下自左至右定序,,,,,0,0,,,
top-down logic,,,自上而下逻辑,,,,,0,0,,,
top-down management orientation,,,自上而下的管理方向,,,,,0,0,,,
top-down management theory,,,由上往下管理理论,,,,,0,0,,,
top-down method,,,自顶向下分析法,,,,,0,0,,,
top-down model,,,自上而下模型,,,,,0,0,,,
top-down numbering,,,[计] 自顶向下编号,,,,,0,0,,,
top-down parse,,,"[计] 自顶向下分析, 自顶向下句法分析",,,,,0,0,,,
top-down parser,,,[计] 自顶向下分析程序,,,,,0,0,,,
top-down parsing,,,[计] 自顶向下分析; 由顶向下方法,,,,,0,0,,,
top-down parsing algorithm,,,[计] 自顶向下分析算法,,,,,0,0,,,
top-down parsing language,,,[计] 自顶向下分析语言,,,,,0,0,,,
top-down partitioning rule,,,[计] 自顶向下划分规则,,,,,0,0,,,
top-down planning,,,由上而下规划,,,,,0,0,,,
top-down policy implementation,,,由上而下的政策执行,,,,,0,0,,,
top-down process,,,[计] 自顶向下分析过程,,,,,0,0,,,
top-down processing,,,自上而下加工,,,,,0,0,,,
top-down program refinement,,,自上而下程式精化,,,,,0,0,,,
top-down programming,,,[计] 自顶向下程序设计,,,,,0,0,,,
top-down programming method,,,自上而下程式设计方法,,,,,0,0,,,
top-down radix sort,,,自上而下数基排序,,,,,0,0,,,
top-down reasoning,,,自顶向下推理,,,,,0,0,,,
top-down recognition,,,自上而下辨识,,,,,0,0,,,
top-down recognizer,,,自顶向下识别算法,,,,,0,0,,,
top-down recursive parser,,,自上而下递回剖析器,,,,,0,0,,,
top-down simulation,,,[计] 自顶向下模拟,,,,,0,0,,,
top-down stepwise refinement,,,[计] 自顶向下逐步求精法,,,,,0,0,,,
top-down strategy,,,[计] 自顶向下策略,,,,,0,0,,,
top-down structuring design,,,自上而下结构设计,,,,,0,0,,,
top-down system,,,自顶向下方式,,,,,0,0,,,
top-down technique,,,[计] 自顶向下技术,,,,,0,0,,,
top-down testing,,,[计] 自顶向下测试,,,,,0,0,,,
top-down testing approach,,,[计] 自顶向下测试法,,,,,0,0,,,
top-down tree automaton,,,自上而下树状自动机,,,,,0,0,,,
top-down-left-right sequence,,,自上而下自左至右次序,,,,,0,0,,,
top-drain,,,[网络] 排水最差,,,,,0,0,,,
top-drained,,,[网络] 排水最好,,,,,0,0,,,
top-draining,,,un. 地表排水,,,,,0,0,,,
top-drains,,,[网络] 排水渠,,,,,0,0,,,
top-drawer,'tɔp'drɔ:(r),,"a. 地位最高的, 最重要的",j:100,,,,0,0,s:top-drawers,,
top-drawers,",tɔp'drɔ:ə",,adj. 首要的；特级的；地位最高的；社会最上层的,,,,,0,0,0:top-drawer/1:s,,
top-dress,,"v. t. To apply a surface dressing of manureto,as land.","vt. 施肥于, 铺碎石于",,,,,0,0,,,
top-dressed,,,v. 施顶肥\n[网络] 施肥于；施表肥于；施表肥於,,,,,0,0,,,
top-dresses,,,v. 施顶肥\n[网络] 施肥于；施表肥于；施表肥於,,,,,0,0,,,
top-dressing,'tɒp.dresiŋ,"p. pr. & vb. n. of Top-dress\nn. The act of applying a dressing of manure to the\n   surface of land; also, manure so applied.",n. 顶肥,n:100,,,,0,0,s:top-dressings,,
top-dressing at different stages,,,分期施肥,,,,,0,0,,,
top-dressings,,,vt. top-dress的变形,,,,,0,0,0:top-dressing/1:s,,
top-drive press,,,上传动压力机,,,,,0,0,,,
top-driven centrifugal,,,[化] 顶部驱动离心机,,,,,0,0,,,
top-earning,,,[网络] 收入排行榜,,,,,0,0,s:top-earnings,,
top-earnings,,,[网络] 收入排行榜\n(top-earning 的复数),,,,,0,0,0:top-earning/1:s,,
top-echelon,"'tɔp,eʃəlɔn",,adj. 最高级的，最高层的，最高当局的,,,,,0,0,,,
top-eight,,,[网络] 八大联盟里,,,,,0,0,,,
top-end,tɔp end,, 端梢,j:100,,,,0,0,,,
top-end computer,,,高档计算机,,,,,0,0,,,
top-end-lop,,,枝梢头木,,,,,0,0,,,
top-enders,,,[网络] 顶端地区的人,,,,,0,0,,,
top-feed baler,,,顶喂捡拾压捆机,,,,,0,0,,,
top-fermenting,,,[网络] 上面发酵,,,,,0,0,s:top-fermentings,,
top-fermentings,,,[网络] 上面发酵\n(top-fermenting 的复数),,,,,0,0,0:top-fermenting/1:s,,
top-finishing,,,面尾工,,,,,0,0,,,
top-fired boiler,,,顶部燃烧锅炉,,,,,0,0,,,
top-fired burner,,,置喷燃器,,,,,0,0,,,
top-fired kiln,,,顶烧窑,,,,,0,0,,,
top-fired reformer furnace,,,顶烧重组炉,,,,,0,0,,,
top-five,,,[网络] 前五大；五首；前五名,j:100,,,,0,0,,,
top-fiver,,,[网络] 前五大；五首；前五名\n(top-five 的比较级),,,,,0,0,,,
top-fivest,,,[网络] 前五大；五首；前五名\n(top-five 的最高级),,,,,0,0,,,
top-flame furnace,,,上部加热的坩埚窑,,,,,0,0,,,
top-flight,,s. excellent; best possible,"a. 第一流的, 最高档的",j:100,,,,0,0,s:top-flights,,
top-flights,,,[网络] 热门航线,,,,,0,0,0:top-flight/1:s,,
top-flite,,,[网络] 塔普弗莱特；推杆,,,,,0,0,s:top-flites,,
top-flites,,,[网络] 塔普弗莱特；推杆\n(top-flite 的复数),,,,,0,0,0:top-flite/1:s,,
top-floor,,,un. 顶层\n[网络] 管理层,j:100,,,,0,0,s:top-floors,,
top-floors,,,un. 顶层\n[网络] 管理层\n(top-floor 的复数),,,,,0,0,0:top-floor/1:s,,
top-fluid condenser,,,两气循环高温级冷凝器,,,,,0,0,,,
top-fluid turbine,,,前级工质透平,,,,,0,0,,,
top-for-bottom,,,底部朝上,,,,,0,0,,,
top-forty,,,[网络] 前四十,,,,,0,0,,,
top-four,,,[网络] 殿军；老四,j:100,,,,0,0,s:top-fours,,
top-fours,,,[网络] 殿军；老四\n(top-four 的复数),,,,,0,0,0:top-four/1:s,,
top-freezer refrigerator,,,(上部有冷冻室的)单门冰箱,,,,,0,0,,,
top-fuel,,,[网络] 主打进气套件；加速,,,,,0,0,,,
top-full,,,[网络] 全满,,,,,0,0,,,
top-gaining,,,最大增重的,,,,,0,0,,,
top-gear,'tɒpɡ'ɪər,, 末档速度,,,,,0,0,,,
top-gear speed on gradient,,,上坡时的高档行驶速度,,,,,0,0,,,
top-grade,'tɒpɡr'eɪd,s surpassing in quality, 一等；上色,j:100,,,,0,0,,,
top-grade concentrate,,,上等精矿,,,,,0,0,,,
top-grade wood carving tool,,,高级木雕刻刀,,,,,0,0,,,
top-grader,'tɔp'ɡreid,,adj. 最高级的，极品的，顶极的，第一流的,,,,,0,0,,,
top-gradest,'tɔp'ɡreid,,adj. 最高级的，极品的，顶极的，第一流的,,,,,0,0,,,
top-grossing,,," 票房最高的, 收入最高的（尤指电影）",j:100,,,,0,0,s:top-grossings,,
top-grossings,,," 票房最高的, 收入最高的（尤指电影）\n(top-grossing 的复数)",,,,,0,0,0:top-grossing/1:s,,
top-gun,,,na. 〈口〉一流飞行员；〈比喻〉精英\n[网络] 壮志凌云；冲锋枪；悍卫战士,,,,,0,0,,,
top-half,,,un. 顶部\n[网络] 上半部分,,,,,0,0,,,
top-half bearing,,,[网络] 上半部分轴承,,,,,0,0,,,
top-hamper,,"n. The upper rigging, spars, etc., of a ship.",n. 多余碍事的东西,,,,,0,0,,,
top-hampers,'tɑp'hæmpɚ,,n. 高处的笨重物件；多余碍事的东西；桅上废物,,,,,0,0,,,
top-handle,,,[网络] 顶端手柄,,,,,0,0,,,
top-hat,'tɒph'æt,,a. 上流社会的,,,,,0,0,s:top-hats,,
top-hat kiln,,,[炉窑] 钟罩窑,,,,,0,0,,,
top-hat pension,,,超额养老金,,,,,0,0,,,
top-hat policy,,,超额保险单,,,,,0,0,,,
top-hats,,plural of top-hat,(top-hat 的复数) adj. 上流社会的,,,,,0,0,0:top-hat/1:s,,
top-hatted,"'tɔp,hætid",,adj. 戴高顶大圆礼帽的,j:100,,,,0,0,s:top-hatteds,,
top-hatteds,"'tɔp,hætid",,adj. 戴高顶大圆礼帽的,,,,,0,0,0:top-hatted/1:s,,
top-heading method,,,(开挖隧道)上导洞法,,,,,0,0,,,
top-heavily,,,adv. top-heavy的变形,,,,,0,0,,,
top-heaviness,,,n. top-heavy的变形,,,,,0,0,,,
top-heavness,'tɒph'iːvnəs,,n. 顶部重量,,,,,0,0,,,
top-heavy,tɔp'hevi,s. unstable by being overloaded at the top,"a. 头重的, 头重脚轻的, 不稳的",j:100,,,,0,0,,,
top-heavy load,,,上部重的载荷,,,,,0,0,,,
top-height diameter,,,林分高大木直径,,,,,0,0,,,
top-hinged in-swinging window,,,上悬内开窗,,,,,0,0,,,
top-hinged inswinging window,,,顶悬内开撑窗,,,,,0,0,,,
top-hinged out-swinging window,,,上悬外开窗,,,,,0,0,,,
top-hinged outswinging window,,,顶悬外开撑窗,,,,,0,0,,,
top-hinged swinging door,,,翻门,,,,,0,0,,,
top-hinged swinging window,,,上悬窗,,,,,0,0,,,
top-hinged window,,,上悬窗,,,,,0,0,,,
top-hole,,s excellent; best possible,"a. 最上等的, 第一流的",,,,,0,0,,,
top-holer,'tɔp'həul,,adj. [英国俚语]第一流的，高级的，头等的,,,,,0,0,,,
top-holest,'tɔp'həul,,adj. [英国俚语]第一流的，高级的，头等的,,,,,0,0,,,
top-hung,,,顶悬,,,,,0,0,,,
top-hung window,,,悬窗,,,,,0,0,,,
top-knot,'tɒpnɒt,,n. 头饰；顶髻；鸟的冠毛,,,,,0,0,s:top-knots,,
top-knots,,plural of top-knot,(top-knot 的复数) n. 头饰；顶髻；鸟的冠毛,,,,,0,0,0:top-knot/1:s,,
top-knotted,,,[网络] 顶部打结的,,,,,0,0,s:top-knotteds,,
top-knotteds,,,[网络] 顶部打结的\n(top-knotted 的复数),,,,,0,0,0:top-knotted/1:s,,
top-left,,,[网络] 左上角；左上方；上左,,,,,0,0,,,
top-level,,,a. 最高级的,j:100,1,,,0,0,,,
top-level command,,,[计] 顶层命令,,,,,0,0,,,
top-level design,,,[计] 顶层设计,,,,,0,0,,,
top-level domain,,,顶级域名,,,,,0,0,,,
top-level domain name,,,顶层领域名称,,,,,0,0,,,
top-level domains,,,[网络] 顶级域名；顶级网域；层网域,,,,,0,0,,,
top-level environment,,,[计] 顶层环境,,,,,0,0,,,
top-level function call,,,[计] 顶层函数调用,,,,,0,0,,,
top-level function calls,,,顶层函数唿叫,,,,,0,0,,,
top-level goal,,,[计] 顶层目标,,,,,0,0,,,
top-level monitor,,,"[计] 顶层监控程序, 顶层监视器",,,,,0,0,,,
top-level response,,,[计] 顶层响应,,,,,0,0,,,
top-level specification,,,顶层规格,,,,,0,0,,,
top-lift frame,,,[化] 顶吊框架,,,,,0,0,,,
top-lighted,,,adj. top light的变形,,,,,0,0,,,
top-line,'tɔplain,,a. 头条新闻的,j:100,,,,0,0,s:top-lines,,
top-liner,'tɔp'lainə,,n. 可上头条新闻的人物(或事件)；最重要的人(或物)，主要的人(或物)；为首的人(或物),,,,,0,0,,,
top-lines,'tɔplain,,adj. [口语]；可上头条新闻的,,,,,0,0,0:top-line/1:s,,
top-linest,,,a. 头条新闻的\n(top-line 的最高级),,,,,0,0,,,
top-link,,,un. 上拉杆悬挂装置的\n[网络] 激光机相连,,,,,0,0,s:top-links,,
top-link sensing,,,上拉杆传感,,,,,0,0,,,
top-links,,,[网络] 顶部链接；头部链接；信息服务公司,,,,,0,0,0:top-link/1:s,,
top-lit,,,adj. top light的变形,,,,,0,0,s:top-lits,,
top-lits,,,adj. top light的变形,,,,,0,0,0:top-lit/1:s,,
top-loaded antenna,,,顶加感天线,,,,,0,0,,,
top-loaded monopole,,,顶端负载之单极天线,,,,,0,0,,,
top-loaded vertical antenna,,,[电] 顶端负载垂直天线,,,,,0,0,,,
top-loader,,,[网络] 顶端纸匣；上开门；顶装背包,n:100,,,,0,0,s:top-loaders,,
top-loaders,,,[网络] 顶端纸匣；上开门；顶装背包\n(top-loader 的复数),,,,,0,0,0:top-loader/1:s,,
top-loading,,,un. 顶加载；顶部加压\n[网络] 上开门；顶揭式；顶置入碟方式,j:100,,,,0,0,,,
top-loading balance,,,上皿式天平,,,,,0,0,,,
top-loading belt,,,上部装载带型运输机,,,,,0,0,,,
top-loading belt conveyor,,,上载式带式运输机,,,,,0,0,,,
top-loading thermobalance,,,[网络] 上皿式热天平,,,,,0,0,,,
top-loading washer,,,顶装式洗涤机,,,,,0,0,,,
top-loading washing machine,,,顶装式洗涤机,,,,,0,0,,,
top-lock lift,,,顶销提臂,,,,,0,0,,,
top-lock nut,,,上端防松螺母,,,,,0,0,,,
top-lock-lift hole cap,,,顶销提臂孔盖,,,,,0,0,,,
Top-log,,,梢材,,,,,0,0,,,
top-maker,,,[网络] 顶级制造商,,,,,0,0,,,
top-management,,,un. 最高管理部门\n[网络] 高阶管理团队；经营者激励,,,,,0,0,s:top-managements,,
top-management team,,,高阶管理团队,,,,,0,0,,,
top-managements,,,un. 最高管理部门\n[网络] 高阶管理团队；经营者激励\n(top-management 的复数),,,,,0,0,0:top-management/1:s,,
top-minnow,,,大肚鱼,,,,,0,0,,,
top-most,,,[网络] 总在最前端；最顶层；顶端,,,,,0,0,,,
top-most element,,,[计] 最顶层元素,,,,,0,0,,,
top-most node,,,[计] 最顶层节点,,,,,0,0,,,
top-most whorl of leaves,,,顶莲叶,,,,,0,0,,,
top-mount,,,[网络] 安装；顶端装,,,,,0,0,,,
top-mounted,,,adj. 顶部安装的\n[网络] 上置,,,,,0,0,s:top-mounteds,,
top-mounteds,,,adj. 顶部安装的\n[网络] 上置\n(top-mounted 的复数),,,,,0,0,0:top-mounted/1:s,,
top-name,,,[网络] 点讲应该是一个拓扑名称,,,,,0,0,s:top-names,,
top-names,,,[网络] 点讲应该是一个拓扑名称\n(top-name 的复数),,,,,0,0,0:top-name/1:s,,
top-notch,,s of the highest quality,a. 最高质量的,j:100,,,,0,0,s:top-notches,,
top-notcher,,,[网络] 顶部缺口,,,,,0,0,s:top-notchers,,
top-notchers,,,[网络] 顶级守夜人,,,,,0,0,0:top-notcher/1:s,,
top-notches,'tɑp'nɑtʃ,,adj. 最高质量的；第一流的\nn. 最高度,,,,,0,0,0:top-notch/1:s,,
Top-of-file,,,n.文件顶部,,,,,0,0,,,
top-of-form set,,,表头格式设置;表头设置,,,,,0,0,,,
top-of-mind,,,[网络] 记忆首位；第一提及品牌；意见的顶端,,,,,0,0,,,
top-of-mind awareness,,,[网络] 知名度的品牌就占领制高点；知名度的就占领制高点,,,,,0,0,,,
top-of-mind awarenesses,,,[网络] 顶级意识,,,,,0,0,,,
top-of-rail level,,,钢轨面；钢轨水平面,,,,,0,0,,,
top-of-stack control word,,,[计] 栈顶控制安,,,,,0,0,,,
top-of-stack pointer,,,栈顶指针,,,,,0,0,,,
top-of-stack register,,,[计] 栈顶寄存器,,,,,0,0,,,
top-of-the-heap,,,na. 获胜者\n[网络] 在最顶层上；在那山顶上；亿万富翁的歧途,,,,,0,0,,,
top-of-the-hour,,,[网络] 本小时头条,,,,,0,0,,,
top-of-the-line,'tɒp'əvðəl'aɪn,,"a. [主美国英语]（同类商品中）最好的, 顶极的; 最豪华的",j:100,,,,0,0,s:tops-of-the-line,,
top-of-the-line computer,,,[计] 最高级计算机,,,,,0,0,,,
top-of-the-line instrument,,,最佳仪表,,,,,0,0,,,
top-of-the-page,,,[网络] 页面顶端；返回此页上顶；上顶位置,,,,,0,0,,,
top-of-the-range,,,adj. （同类产品中）最昂贵的\n[网络] 顶级的范围,,,,,0,0,,,
top-of-the-show,'tɔpəvðə'ʃəu,,n. 付给电视剧编剧的最高价格,,,,,0,0,,,
top-of-the-table,,,[网络] 顶尖会员；排名第一；圆桌会员,,,,,0,0,s:tops-of-the-table,,
top-of-the-world,'tɔpəvðə'wə:ld,,adj. 北极地区的,,,,,0,0,,,
top-off,,,na. 完成；结束；〔美国〕暗杀\n[网络] 充电完成；快速充电及充满；充饱,,,,,0,0,,,
top-opening baler,,,顶喂式捡拾压捆机,,,,,0,0,,,
top-out,,,[经] 顶点,,,,,0,0,,,
top-paid,,,[网络] 付费；付费游戏；付费应用软件排行,,,,,0,0,,,
top-performing,,,adj. 绝佳表演的,j:100,,,,0,0,s:top-performings,,
top-performings,,,adj. 绝佳表演的\n(top-performing 的复数),,,,,0,0,0:top-performing/1:s,,
top-piece,,,[网络] 鞋跟接地部位；头顶发片；鞋袜鞋跟和鞋垫,,,,,0,0,,,
top-plate,,,[建] 顶板,,,,,0,0,,,
top-plate angle,,,顶片角,,,,,0,0,,,
top-plate cutting angle,,,顶片锯切角,,,,,0,0,,,
top-plate screw,,,顶板螺钉,,,,,0,0,,,
top-post,,,[网络] 雅思考试全年考情总结；嘴馋的夜晚看到旧帖,,,,,0,0,,,
top-posted,,,[网络] 顶部发布,,,,,0,0,,,
top-poster,,,[网络] 顶级海报,,,,,0,0,,,
top-posters,,,[网络] 张贴者排行；顶部海报,,,,,0,0,,,
top-posting,,,[网络] 上回覆,,,,,0,0,,,
top-posts,,,[网络] 热门文章；置顶文章；热门博文,,,,,0,0,,,
top-pour,,,顶浇;上浇,,,,,0,0,,,
top-pour ladle,,,倾动式浇包;倾注桶,,,,,0,0,,,
top-priority,'tɔpprai'ɔrәti,,"a. 优先考虑的,有最大优先权的",j:100,,,,0,0,,,
top-quality,'tɔp'kwɔlәti,s surpassing in quality,"a. 最高品质的,质量最好的",j:100,,,,0,0,,,
top-quality bend,,,[皮革] 优质半背革,,,,,0,0,,,
top-quality goods,,,[贸易] 头等品,,,,,0,0,,,
top-quality rubber,,,[化] 优质橡胶,,,,,0,0,,,
top-quality stock,,,高质量牲畜;上等膘肉畜,,,,,0,0,,,
top-quintile,,,上五分位数,,,,,0,0,,,
top-rake,,,前角；[机] 前倾角；削角,,,,,0,0,,,
top-range,,,上量程,,,,,0,0,s:top-ranges,,
top-ranges,,,上量程\n(top-range 的复数),,,,,0,0,0:top-range/1:s,,
top-rank,'tɔp'ræŋk,,"a. 第一流的,最受赏识的",,,,,0,0,,,
top-rank retrieval,,,[计] 顶端排队检索,,,,,0,0,,,
top-ranked,'tɒpr'æŋkt,,adj. （运动员、运动队）居首的，最优秀的,j:100,,,,0,0,s:top-rankeds,,
top-rankeds,'tɔp'ræŋkt,,adj. 被认为是最佳的，公认为极品的,,,,,0,0,0:top-ranked/1:s,,
top-ranking,'tɔp'ræŋkiŋ,,a. 一流的,j:100,,,,0,0,,,
top-rate,,,[网络] 税率最高一级；最高税率；率为某值时,,,,,0,0,s:top-rates,,
top-rated,,,"a. 最受欢迎的, 一流的",j:100,,,,0,0,s:top-rateds,,
top-rateds,'tɔp'reitid,,adj. 第一流的，至高无上的[亦作 top-ranked],,,,,0,0,0:top-rated/1:s,,
top-rates,,,[网络] 税率最高一级；最高税率；率为某值时\n(top-rate 的复数),,,,,0,0,0:top-rate/1:s,,
top-reef deposit,,,礁顶沉积,,,,,0,0,,,
top-right,'tɒpr'aɪt,,adj. 右上的,,,,,0,0,,,
top-ring groove,,,顶活塞环槽,,,,,0,0,,,
top-roll assembly,,,上轧辊组合部件,,,,,0,0,,,
top-roll balance,,,上轧辊的平衡,,,,,0,0,,,
top-roll counterweight balance arrangement,,,上轧辊的重锤式平衡装置;上轧辊重锤式平衡装置,,,,,0,0,,,
top-roll hydraulic balance arrangement,,,上轧辊的液压式的平衡装置;上轧辊液压式平衡装置,,,,,0,0,,,
top-roll spring balance arrangement,,,上轧辊的弹簧式平衡装置,,,,,0,0,,,
top-roll-balance arrangement,,,上轧辊平衡装置,,,,,0,0,,,
top-roll-balancing mechanism,,,上轧辊机构,,,,,0,0,,,
top-root,,,un. 主根\n[网络] 柱,,,,,0,0,,,
top-root ratio,,,顶根比;T/R比率,,,,,0,0,,,
top-rope,,,un. 中桅升降索；栓在地面上的保护绳；浮子纲\n[网络] 顶绳攀登；上方固定绳；先锋,,,,,0,0,s:top-ropes,,
top-roped,,,[网络] 顶尖的,,,,,0,0,0:top-rope/1:d/s:top-ropeds,,
top-ropeds,,,[网络] 顶尖的\n(top-roped 的复数),,,,,0,0,0:top-roped/1:s,,
top-ropes,,,[网络] 顶级绳索,,,,,0,0,0:top-rope/1:s,,
top-roping,,,[网络] 上方确保；上方固定点确保；上方固定下方确保攀登,,,,,0,0,s:top-ropings,,
top-ropings,,,[网络] 上方确保；上方固定点确保；上方固定下方确保攀登\n(top-roping 的复数),,,,,0,0,0:top-roping/1:s,,
top-rounding,,,(路)上层环行,,,,,0,0,,,
top-running stacking crane,,,上走桥式堆叠起重机,,,,,0,0,,,
top-sawyer,,,na. (锯木坑的)上锯人；上司\n[网络] 上端锯木者；现代英汉词典,,,,,0,0,,,
top-score,,,最高得分,,,,,0,0,s:top-scores,,
top-scorer,,,最高得分手；得分最高的队员,,,,,0,0,s:top-scorers,,
top-scorers,,,[网络] 射手榜；得分最高的人；五球并列射手榜头名,,,,,0,0,0:top-scorer/1:s,,
top-scores,,,[网络] 进攻榜,,,,,0,0,0:top-score/1:s,,
top-secret,,s. the highest official level of classification of documents,a. 绝密的,j:94/n:6,,,,0,0,s:top-secrets,,
top-secret document,tɑp ˈsiːkrət ˈdɑkjəmənt,, 绝密文件,,,,,0,0,,,
top-secrets,'tɔp'si:krit,,adj. 绝密的;极机密的[参较 classification],,,,,0,0,0:top-secret/1:s,,
top-securities,,,[网络] 顶级保障；保安周全\n(top-security 的复数),,,,,0,0,0:top-security/1:s,,
top-security,,,[网络] 顶级保障；保安周全,,,,,0,0,s:top-securities,,
top-seed,,,un. 第一号种子\n[网络] 头号种子；头号种子选手；梢头苗,,,,,0,0,s:top-seeds,,
top-seeded,'tɔp'si:did,,adj. (网球等比赛中)列为头号种子选手的；(接力等)第一棒位置的；第一流的，最佳的,j:100,,,,0,0,,,
top-seeds,,,un. 第一号种子\n[网络] 头号种子；头号种子选手；梢头苗\n(top-seed 的复数),,,,,0,0,0:top-seed/1:s,,
top-seller,,,最畅销的,,,,,0,0,s:top-sellers,,
top-sellers,,plural of top-seller,(top-seller 的复数) 最畅销的,,,,,0,0,0:top-seller/1:s,,
top-selling,'tɔp'seliŋ,,adj. 畅销的[亦作 best-selling],j:100,,,,0,0,s:top-sellings,,
top-sellings,'tɔp'seliŋ,,adj. [口语]畅销的[亦作 best-selling],,,,,0,0,0:top-selling/1:s,,
top-serrated knife,,,(切割器的)上面刻齿动刀片,,,,,0,0,,,
Top-set-bed,,,顶沉床,,,,,0,0,,,
top-shaped,,,adj. 陀螺形的,,,,,0,0,,,
top-shelf,tɔp ʃelf,,a. <澳>最新设计的,j:100,,,,0,0,s:top-shelves,,
top-shell,,,海螺,,,,,0,0,,,
top-shelves,'tɔpʃelf,,top-shelf\n['tɔpʃelf]\nadj.\n[澳大利亚英语]最新开发的；最新设计的；最现代化的,,,,,0,0,0:top-shelf/1:s,,
Top-shoot,,,顶芽,,,,,0,0,,,
top-side,,,[船] 水线以上的船弦,,,,,0,0,,,
top-side paint,,,干舷漆；船舷漆,,,,,0,0,,,
top-side sounder,,,顶视探测仪,,,,,0,0,,,
top-side tank,,,顶边舱,,,,,0,0,,,
Top-Sider,'tɔp'said,,"n. [俚语]最高级人物, 最高层人士；[Top-Sider]【商标】舷侧鞋",,,,,0,0,,,
top-siders,,,n. 平底便鞋；权威指导员,,,,,0,0,,,
top-six,,,[网络] 前六名,,,,,0,0,,,
top-size aggregate,,,最大尺寸的集料,,,,,0,0,,,
top-slat iron,,,车顶铰接机构杆,,,,,0,0,,,
top-slice,,,[网络] 顶部切片；堰板上唇,,,,,0,0,,,
top-slice method,,,下向水平分层崩落法,,,,,0,0,,,
top-slicing,,,un. 分层崩落采矿法\n[网络] 分层陷落开采,,,,,0,0,s:top-slicings,,
top-slicing mining,,,下向分层崩落采矿法,,,,,0,0,,,
top-slicing system of sublevel caving,,,水平分段放顶煤采煤法,,,,,0,0,,,
top-slicing with inclined slices,,,下向倾斜分层崩落采矿法,,,,,0,0,,,
top-slicings,,,un. 分层崩落采矿法\n[网络] 分层陷落开采\n(top-slicing 的复数),,,,,0,0,0:top-slicing/1:s,,
top-socket,,,车顶弯梁座,,,,,0,0,,,
top-soil,,,表层土，[土壤] 表土,,,,,0,0,s:top-soils,,
top-soils,'tɒpsɒɪl,,n. 表层土；上层土,,,,,0,0,0:top-soil/1:s,,
top-speed,,,un. 最高速度\n[网络] 极速,,,,,0,0,,,
top-spinner,,,un. 甜菜顶抛出轮,,,,,0,0,,,
top-spinners,,,[网络] 顶尖旋转器,,,,,0,0,,,
top-spinning,,,[网络] 上旋球,,,,,0,0,,,
top-stitched seam,,,明缝,,,,,0,0,,,
top-stone,,,un. 压顶石\n[网络] 顶尖石；天皇石,,,,,0,0,,,
top-storey,,,[网络] 顶层,,,,,0,0,s:top-storeys,,
top-storeys,,,[网络] 顶层\n(top-storey 的复数),,,,,0,0,0:top-storey/1:s,,
top-strake,,,木船舷侧厚板,,,,,0,0,,,
top-strand,,,un. 带式烧结机上行段,,,,,0,0,,,
top-supported boiler,,,部悬吊支承锅炉,,,,,0,0,,,
top-surface,,,un. 上表面；顶面,,,,,0,0,,,
top-surface camber,,,上曲面,,,,,0,0,,,
top-suspended basket centrifuge,,,[化] 上悬式离心机,,,,,0,0,,,
top-ten,,,un. 前十名优秀选手\n[网络] 排行前十名；十大问题,,,,,0,0,,,
top-three,,,[网络] 三强；前三名；三篇最佳作文,,,,,0,0,,,
top-tier,,,[网络] 顶级；顶级的；顶层,j:100,,,,0,0,s:top-tiers,,
top-tier vendor,,,最高层厂商,,,,,0,0,,,
top-tierer,,,[网络] 顶级；顶级的；顶层\n(top-tier 的比较级),,,,,0,0,,,
top-tierest,,,[网络] 顶级；顶级的；顶层\n(top-tier 的最高级),,,,,0,0,,,
top-tiers,,,[网络] 顶级；顶级的；顶层\n(top-tier 的复数),,,,,0,0,0:top-tier/1:s,,
top-timber,,,un. 顶肋材\n[网络] 上部用材；热门木种,,,,,0,0,,,
top-to-bottom,,,从上到下,j:79/n:21,,,,0,0,s:top-to-bottoms,,
top-to-bottoms,,plural of top-to-bottom,(top-to-bottom 的复数) 从上到下,,,,,0,0,0:top-to-bottom/1:s,,
top-to-noil tear,,,成条与短毛比率,,,,,0,0,,,
top-to-toe,,,[网络] 从头到脚,,,,,0,0,s:tops-to-toe,,
top-to-toe drilling,,,自顶至底钻孔,,,,,0,0,,,
top-to-top,,,[计] 顶到顶,,,,,0,0,,,
top-tube,,,un. 上管\n[网络] 顶端钢管,,,,,0,0,,,
top-two,,,[网络] 得票前两高晋级；前两名晋级；主场不败,,,,,0,0,,,
top-up, ˈtɒpʌp,n. an amount needed to restore something to its former level,"n. 添加的饮料; 追加的贷款\na. 额外的, 附加的\nv. 补充",,1,,,0,0,s:top-ups,,
top-up card,,, 手机充值卡,,,,,0,0,,,
top-up fees,,,[网络] 附加学费；额外的费用,,,,,0,0,,,
top-up loan,,,[网络] 贷款；追加贷款,,,,,0,0,,,
top-up pension,,,[网络] 补充养老金,,,,,0,0,,,
top-ups,,n. an amount needed to restore something to its former level,"n. 修饰, 润饰, 润饰的文字( top-up的复数形式 )",,,,,0,0,0:top-up/1:s,,
top-view,,,[机] 顶视图,,,,,0,0,,,
top-water,,,un. 上部水；顶水；表层水\n[网络] 水面系；顶层水；水路亚,,,,,0,0,,,
top-weight,,,负载最重的赛马,,,,,0,0,s:top-weights,,
top-weighted,'tɔp'weitid,,adj. (马)因负载最重而在比赛中吃亏的,,,,,0,0,,,
top-weights,,,负载最重的赛马\n(top-weight 的复数),,,,,0,0,0:top-weight/1:s,,
Top-wood,,,梢材,,,,,0,0,,,
top-working,,,高接,,,,,0,0,,,
top/bottom core grid plate,,,芯上与下栅格板,,,,,0,0,,,
top/bottom neutron shield,,,部与下部中子屏蔽体,,,,,0,0,,,
top/bottom reflector,,,与下反射层,,,,,0,0,,,
top_of,,,[网络] 在…的脚下；热水器；加之,,,,,0,0,,,
topa,,,abbr. tooling pattern 加工模式,,,,,0,0,,,
topagnosia,,,"位置觉缺失,环境认识不能",,,,,0,0,,,
topagnosis,",tɔpæ^'nәusis",,位置(感)觉缺失,,,,,0,0,,,
topailite,,,中长辉磷煌斑岩,,,,,0,0,,,
topal,,,[网络] 托帕尔；杜普尔；穆罕默德·托帕尔,,,,,0,0,,,
Topalanski's sign,,,[医] 托帕兰斯基氏征(突眼性甲状腺肿时角膜周充血),,,,,0,0,,,
topalgia,tәu'pældʒiә,,局部痛,,,,,0,0,,,
topaline,,,[网络] 洋葱,,,,,0,0,,,
Topalki,,,[地名] 托帕尔基 ( 俄 ),,,,,0,0,,,
topamax,,, [医]妥泰（含topiramate）<抗癫痫药>,,,,,0,0,,,
Topane,'tɔpein,,联苯酚钠,,,,,0,0,,,
topanga,,, [地名] [美国] 托潘加,,,,,0,0,,,
toparch,"'tәjpɑ:k,'tɔ-",n. The ruler or principal man in a place or country; the\n   governor of a toparchy.,"n. 小国统治者,小王国君主",,,,,0,0,,,
toparchic,,,[网络] 全球化,,,,,0,0,,,
toparchical,,,[网络] 全球化,,,,,0,0,,,
toparchies,"'təupɑ:ki, 'tɔ-",pl.  of Toparchy,n. 由几个城市或城镇组成的小国,,,,,0,0,,,
toparchs,'təupɑ:k; 'tɔ-,,n.\n小国的君主，小国统治者,,,,,0,0,,,
toparchy,"'tәjpɑ:ki,'tɔ-","n. A small state, consisting of a few cities or towns; a\n   petty country governed by a toparch; as, Judea was formerly divided\n   into ten toparchies.","n. (由几个城市或城镇组成的)小国,小王国",,,,,0,0,,,
Topares,,,[地名] 托帕雷斯 ( 西 ),,,,,0,0,,,
topark,,,[网络] 停车；停放；不定词当形容用,,,,,0,0,,,
topartron,,,託帕特朗射频质谱仪,,,,,0,0,,,
topas (topaz),,,黄玉,,,,,0,0,,,
topass,,,[网络] 清洁工,,,,,0,0,,,
topaz,'tәupæz,n. a yellow quartz\nn. a mineral (fluosilicate of aluminum) that occurs in crystals of various colors and is used as a gemstone,"n. 黄晶, 黄玉, 南美蜂岛\n[化] 黄玉",n:100,,,,9418,24364,s:topazs,,
Topaz L.,,,[地名] 托珀兹湖 ( 美 ),,,,,0,0,,,
topaz oriental,,,黄宝石（黄鸦琥）,,,,,0,0,,,
topaz quartz,,,黄晶,,,,,0,0,,,
topaz rock,,,"黄英岩, 黄玉岩",,,,,0,0,,,
topaz safranite (citrine),,,黄水晶;黄晶（茶晶、蔡璞）,,,,,0,0,,,
topaz safronite (citrine),,,黄水晶;黄晶（茶晶、蔡璞）,,,,,0,0,,,
Topaza,,,[网络] 宝物；珍贵的；托佩兹,,,,,0,0,,,
topaze,,,[网络] 托帕兹；黄宝石；黄玉,,,,,0,0,s:topazes,,
Topaze B.,,,[地名] 托帕塞湾 ( 菲 ),,,,,0,0,,,
topazes,ˈtəupæziz,n. a yellow quartz\nn. a mineral (fluosilicate of aluminum) that occurs in crystals of various colors and is used as a gemstone\nn. a light brown the color of topaz,"n. 黄玉, 黄宝石( topaz的复数形式 )",,,,,0,0,0:topaze/1:3s,,
topazfels,"'tәupæz,fels",,角砾黄玉岩,,,,,0,0,,,
topazfels (topazite),,,黄玉岩,,,,,0,0,,,
topazine,'tɔpәzi:n,,黄玉色,,,,,0,0,,,
topazion,,,[网络] 一个产黄玉的岛屿的名称,,,,,0,0,,,
topazite,,,"黄玉岩;黄英岩, 黄玉岩，黄英岩, 黄英岩",,,,,0,0,,,
topazization,,,黄玉化作用,,,,,0,0,,,
topazlike,,,[网络] 黄玉,,,,,0,0,,,
topazogene (topazite),,,黄玉岩;黄英岩,,,,,0,0,,,
topazolite,tәu'pæzә lait,n. A topaz-yellow variety of garnet.,n. [矿]黄榴石,,,,,0,0,,,
topazolites,tə(ʊ)'pæzəlaɪt,,n. [宝] 黄榴石,,,,,0,0,,,
Topazone,,,"呋喃唑酮,痢特灵",,,,,0,0,,,
topazoseme,,,黄英岩,,,,,0,0,,,
topazoseme (topazite),,,黄玉岩;黄英岩,,,,,0,0,,,
topazs,'təʊpæz,,n. 【地质学】黄玉，黄晶；【矿物】黄宝石；黄水晶；黄石英,,,,,0,0,0:topaz/1:s,,
topbar,,,un. 上梁；顶面钢筋；栏顶横木\n[网络] 顶栏；顶部条；顶部栏,,,,,0,0,,,
topbars,,,[网络] 上层钢筋；顶纱棒,,,,,0,0,,,
topblowing,tɒpb'ləʊɪŋ,,n. 顶吹法,,,,,0,0,,,
topboot,,,un. 顶罩\n[网络] 长统靴,,,,,0,0,,,
topboots,,,na. 马靴\n[网络] 过膝长筒靴,,,,,0,0,,,
TOPCA,,,Til our paths cross again(early Celtic chat term)。 直到下回我们再遇到(早期凯尔特聊天用语),,,,,0,0,,,
topcap,'tɔpkæp,,n. [机](轴颈罩的)顶盖,,,,,0,0,,,
topcastle,,,un. 顶梁,,,,,0,0,,,
topcats,,,[网络] 冠军猫,,,,,0,0,,,
topcentric coordinate system,,,观测中心坐标系[天],,,,,0,0,,,
topchee,,,[网络] 海角,,,,,0,0,,,
topchemical sense,,,化源感觉,,,,,0,0,,,
Topchikha,,,[地名] 托普奇哈 ( 俄 ),,,,,0,0,,,
Topchikhinskiy Rayon,,,[地名] 托普奇哈区 ( 俄 ),,,,,0,0,,,
topclass,,,adj. 第一流的\n[网络] 豪华级；特等；赛特拉豪华级,,,,,0,0,s:topclasses,,
topclasses,,,adj. 第一流的\n[网络] 豪华级；特等；赛特拉豪华级\n(topclass 的复数),,,,,0,0,0:topclass/1:s,,
Topcliffe,,,[地名] 托普克利夫 ( 英 ),,,,,0,0,,,
topcloth,,,[网络] 装饰台布；顶布；装饰布,,,,,0,0,,,
topcloths,,,[网络] 背心,,,,,0,0,,,
topcoat,'tɔpkәjt,n a heavy coat worn over clothes in winter,n. 夹大衣,n:100,,,,45885,26540,s:topcoats,,
topcoated,,,[网络] 顶部涂层,,,,,0,0,,,
topcoating,,,涂面漆,,,,,0,0,,,
topcoats,ˈtɔpkəuts,n. a heavy coat worn over clothes in winter,n. 夹大衣( topcoat的复数形式 ),,,,,0,0,0:topcoat/1:s,,
Topcoder,,,[网络] 吴莹莹被一家美国软件公司；码农；竞赛,,,,,0,0,,,
topcolor,,,[网络] 青苹果,,,,,0,0,,,
topcolour,,,[网络] 尖端色彩,,,,,0,0,,,
topcount,,,[网络] 放射线盘式侦测仪；微量盘式辐射侦测仪,,,,,0,0,,,
topcounter,,,[网络] 表示反对,,,,,0,0,,,
topcross,'tɔpkrɔs,,"顶交, 公的良种与差的母畜的交配",,,,,0,0,,,
topcrossbred,"'tɔp'krɔs,bred",,导系杂种,,,,,0,0,,,
Topczewo,,,[地名] 托普切沃 ( 波 ),,,,,0,0,,,
topdeck,,,un. 顶板\n[网络] 珍之宝,,,,,0,0,,,
topdecking,,"A house guest who defecates in one's host cistern, rather than, more conventionally, in the toilet, for comic effect.\n> Tony Blair and his wife Cherie were invited round by the Browns to congratulate Gordon on his appointment as Prime Minister. Cherie was furious because she never liked Gordon and wanted her Tony to stay on another 10 years. She said to herself : “I know, I'll fix 'em with a good smelly top-decking after the main course”.\n",,,,,,0,0,,,
topdecks,,,[网络] 顶板,,,,,0,0,,,
TopDisc,,,杭州托迪斯多媒体有限公司，多媒体软件专业制作公司,,,,,0,0,,,
topdog,,,n. 处支配地位者；顶钩,,,,,0,0,,,
topdown,,,adj. 由上而下的,,,,,0,0,,,
topdown approach,,,自上而下近似,,,,,0,0,,,
topdown control,,,下行控制,,,,,0,0,,,
topdown design,,,自上而下设计,,,,,0,0,,,
topdress,'tɒpdrəs,v scatter manure or fertilizer over (land),vt. 施肥于,,,,,0,0,d:topdressed/i:topdressing/p:topdressed/3:topdresses,,
topdressed,,v scatter manure or fertilizer over (land),v. 施肥于( topdress的过去式和过去分词 ),,,,,0,0,1:dp/0:topdress,,
topdresses,,v scatter manure or fertilizer over (land),vt. 施肥于（topdress的第三人称单数形式）,,,,,0,0,1:3/0:topdress,,
topdressing,'tɒpdrəsɪŋ,v scatter manure or fertilizer over (land),"n. 顶肥, （道路的）表面处治\nv. 施肥于( topdress的现在分词 )",,,,,0,0,0:topdress/1:i,,
topdressing at different stages,,,分期追肥,,,,,0,0,,,
topdressings,"'tɑp,drɛs",,n. 顶肥；（道路的）表面处治,,,,,0,0,,,
tope,tәup,n a dome-shaped shrine erected by Buddhists\nv drink excessive amounts of alcohol; be an alcoholic,"n. 圆顶塔, 翅鲨\nv. 豪饮",,,,,0,0,i:toping/p:toped/3:topes/d:toped/s:topes,,
tope-,,,"部位,局部",,,,,0,0,,,
topeak,,,[网络] 拓步；极点；极点公司,,,,,0,0,,,
topectomize,tә'pektәmaiz,,vt.[医]给…施行额叶皮质局部切除术,,,,,0,0,,,
topectomy,tɔ'pektәmi,,n. [医]额叶皮质局部切除术,,,,,0,0,,,
toped,təupt,imp. & p. p. of Tope,v. 豪饮( tope的过去式和过去分词 ),,,,,0,0,1:pd/0:tope,,
topedoman,tә'pi:dәumәn,,鱼雷军械准尉级军官,,,,,0,0,,,
topee,,n. a lightweight hat worn in tropical countries for protection from the sun,n. 遮阳帽,,,,,0,0,s:topees,,
topees,'təʊpɪ,,n. 遮阳帽,,,,,0,0,0:topee/1:s,,
topek,tә'pek,,爱斯基摩房屋,,,,,0,0,,,
topeka,tә'pi:kә,n. the capital of the state of Kansas; located in eastern Kansas on the Kansas river,n. 托皮卡（美国堪萨斯州之首府）,,,,,0,0,s:topekas,,
Topeka and Santa Railway Company,,,艾奇逊-托皮卡-圣菲铁路公司,,,,,0,0,,,
Topeka Constitution,,,[网络] 托皮卡宪法,,,,,0,0,,,
Topeka Junction,,,[地名] 托皮卡章克申 ( 美 ),,,,,0,0,,,
topeka sheet asphalt,,,托碧卡片沥青,,,,,0,0,,,
topekas,tə'pi:kə,,托皮卡(美国堪萨斯州首府),,,,,0,0,0:topeka/1:s,,
topeks,,,[网络] 面粉,,,,,0,0,,,
topel,,, [人名] 托佩尔,,,,,0,0,,,
topelius,,,[网络] 托贝柳斯；托佩流斯,,,,,0,0,,,
topen,,,[网络] 拓鹏；面具舞；拓普能,,,,,0,0,,,
topend,,,n. 梢端\n[网络] 北方航空,,,,,0,0,,,
topeng (java),,,假面舞剧(爪哇),,,,,0,0,,,
topepo,tә'pepәu,,番茄与甜椒的杂交种,,,,,0,0,,,
toper,'tәupә,n a person who drinks alcoholic beverages (especially to excess),"n. 豪饮者, 酒徒\n[法] 醉汉, 酒徒",,,,,46480,0,s:topers,,
toper's nose,,,[网络] toper的鼻子,,,,,0,0,,,
topers,,plural of toper\nn a person who drinks alcoholic beverages (especially to excess),"(toper 的复数) n. 豪饮者, 酒徒\n[法] 醉汉, 酒徒",,,,,0,0,0:toper/1:s,,
topes,,"n a dome-shaped shrine erected by Buddhists\nv drink excessive amounts of alcohol; be an alcoholic\nv be superior or better than some standard\nv pass by, over, or under without making contact\nv be at the top of or constitute the top or highest point\nv be ahead of others; be the first\nv provide with a top or finish the top (of a structure)\nv reach or ascend the top of\nv strike (the top part of a ball in golf, baseball, or pool) giving it a forward spin\nv cut the top off\nv be the culminating event\nv finish up or conclude",v. 豪饮（tope的第三人称单数形式）,,,,,0,0,1:3/0:tope,,
topesthesia,",tɔpes'θi:ʒә",,位置(感)觉,,,,,0,0,,,
topesthesis,,,位置觉,,,,,0,0,,,
topeto,tә'petәu,,[意]一种运鱼平底艇,,,,,0,0,,,
topf,,, [人名] 托夫,,,,,0,0,,,
topfer,,, [人名] 托普弗,,,,,0,0,,,
Topfer's reagent,,,"[医] 特普弗氏试剂(0.5%二甲基偶氮苯加入95%酒精中,检胃游离盐酸)",,,,,0,0,,,
Topfer's test,,,[医] 特普弗氏试验(胃酸定量法),,,,,0,0,,,
topfield,,,[网络] 奇数场或前场,,,,,0,0,,,
topflash,,,un. 顶部飞边\n[网络] 地铁动画；北京地铁正式开播地铁动画；大有视界传媒,,,,,0,0,,,
topflight,,,"a. 第一流的, 最好的, 最高级的",,,,,0,0,,,
topflighter,"'tɔp,flaitә(r)",,"n. 第一流人物(或事物),最高档人物(或东西), 最高层人士",,,,,0,0,,,
topfree,,,[网络] 自由之城；女士们提倡的裸乳,,,,,0,0,,,
topfreedom,,,[网络] 上空解放,,,,,0,0,,,
topful,,"a. Full to the top, ore brim; brimfull.","a. 满的, 满到边的",,,,,0,0,,,
topfull,,,[网络] 日辉东富,,,,,0,0,,,
topgalent yard,,,上桅桁,,,,,0,0,,,
topgallant,.tɒp'gælәnt,n. a sail set on a yard of a topgallant mast\nn. a mast fixed to the head of a topmast on a square-rigged vessel,"n. 上桅, 上桅帆\na. 上桅的, 最高的, 最佳的",,,,,0,0,s:topgallants,,
topgallant bulwark,,,上桅舷墙（帆船）,,,,,0,0,,,
topgallant forecastle,,,【航海学】船首楼,,,,,0,0,,,
topgallant lift,,,上桅帆桁吊索,,,,,0,0,,,
topgallant mast,tɔpˈɡælənt mɑ:st,, 上桅,,,,,0,0,s:topgallant masts,,
topgallant masts,,,【航海学】(三节桅的)顶桅，上桅,,,,,0,0,0:topgallant mast/1:s,,
topgallant rail,,,un. 上桅台栏杆,,,,,0,0,,,
topgallant sail,,,un. 上帆\n[网络] 上桅帆；顶桅帆；张顶帆,,,,,0,0,s:topgallant sails,,
topgallant sails,,,【航海学】(三节桅的)顶桅帆,,,,,0,0,0:topgallant sail/1:s,,
topgallant staysail,,,上桅支索帆,,,,,0,0,,,
topgallant yard,,,上桅桁,,,,,0,0,,,
topgallants,,,adj. 上桅(帆)的；最高[上]的\nn. 【航】上桅(帆)\n[网络] 上桅帆；最高的；上桅的,,,,,0,0,0:topgallant/1:s,,
TopGolf,,,[网络] 顶级高尔夫,,,,,0,0,,,
topgraphic,,,[计] 地形学的,,,,,0,0,,,
topgraphic data library,,,[计] 地形学数据库,,,,,0,0,,,
topgrowth,,,顶端生长,,,,,0,0,,,
toph,,,[网络] 托芙；陶芙；拓芙,,,,,0,0,,,
tophaceous,tә'feiʃәs,a. Gritty; sandy; rough; stony.,凝灰岩色的,,,,,0,0,,,
tophaceous gout,,,"[医] 痛风石性痛风, 白垩性痛风",,,,,0,0,,,
tophaike,,tophaike (plural tophaikes)\n(obsolete) A Turkish musket\n,,,,,,0,0,,,
topham,,," [人名] [英格兰人姓氏] 托珀姆住所名称，来源于古英语人名Toppa,含义是“宅地”(homestead)",,,,,0,0,s:tophams,,
topham box,,,托凡式离心纺纱罐,,,,,0,0,,,
tophamper,"'tɔp,hæmpә(r)",,"n. [船]桅上或甲板上不必要的重物, 桅上的帆桁等物",,,,,0,0,,,
tophams,,," [人名] [英格兰人姓氏] 托珀姆住所名称，来源于古英语人名Toppa,含义是“宅地”(homestead)\n(topham 的复数)",,,,,0,0,0:topham/1:s,,
tophan box,,,离心罐,,,,,0,0,,,
tophan pot,,,离心罐,,,,,0,0,,,
tophanbox,,,离心罐,,,,,0,0,,,
tophandler,,,[网络] 顶部输送装置,,,,,0,0,,,
tophat,,,abbr. terrier operation proof high altitude target 小猎犬导弹射不到的高空目标（美军）,,,,,0,0,,,
tophats,,,[网络] 礼帽,,,,,0,0,,,
tophatted,tə'fætɪd,,adj. 戴高顶丝质礼帽的,,,,,0,0,,,
topheavies,,,投资过度\n(topheavy 的复数),,,,,0,0,0:topheavy/1:s,,
topheavily,,,[网络] topheavy,,,,,0,0,,,
topheaviness,,,n. 上部过载,,,,,0,0,,,
topheavy,,,投资过度,,,,,0,0,s:topheavies,,
tophectomy,,,痛风石切除术,,,,,0,0,,,
Tophel,,,[网络] 陀弗,,,,,0,0,,,
topher,,,[网络] 最美的她；爱美尚家,,,,,0,0,,,
Tophet,'tәufit,"n. A place lying east or southeast of Jerusalem, in the valley\n   of Hinnom.","n. 炼狱, 地狱",,,,,0,0,,,
tophet alloy,,,托非特镍铬电阻合金,,,,,0,0,,,
"Tophet, Topheth",'təufet; -fit,,n. 【圣经】托非特[希伯来文的音译，耶路撒冷附近用孩童祭祀火神(Moloch)的圣地]；地狱,,,,,0,0,,,
Topheth,,,n. (耶路撒冷的)垃圾焚化场；(灼热)地狱\n[网络] 陀斐特；托斐特,,,,,0,0,,,
tophi,,n a deposit of urates around a joint or in the external ear; diagnostic of advanced or chronic gout\nn an incrustation that forms on the teeth and gums,[医] 痛风石; 松石(牙石或涎石),,,,,0,0,,,
tophi syphiliticus,,,[医] 梅毒性结节,,,,,0,0,,,
tophic concretion,,,[医] 痛风石,,,,,0,0,,,
tophin,,,[网络] tophinh,,,,,0,0,,,
Tophol,,,辛可芬,,,,,0,0,,,
topholipoma,,,[医] 松石脂瘤,,,,,0,0,,,
Tophosan,,,辛可芬,,,,,0,0,,,
tophouse,,,[网络] 顶佳；图法斯,,,,,0,0,,,
tophs,,,[网络] 脚趾,,,,,0,0,,,
tophus,'tәufәs,n. a deposit of urates around a joint or in the external ear; diagnostic of advanced or chronic gout,n. 痛风石\n[医] 痛风石; 松石(牙石或涎石),,,,,0,0,s:tophuss,,
tophuss,'təʊfəs,,n. 【病理学】痛风石；松石；石筋瘤；结节肿；【地质学】灰华,,,,,0,0,0:tophus/1:s,,
tophyperidrosis,",tәufi,peri'drәusis",,局部多汗,,,,,0,0,,,
topi,'tәupi,n a lightweight hat worn in tropical countries for protection from the sun\nn a large South African antelope; considered the swiftest hoofed mammal,"n. 遮阳帽, [动](非洲的)转角牛羚",,,,,0,0,s:topi,,
topia,'tәupiә,,古代罗马的壁画或大型装饰性奇异风景画,,,,,0,0,,,
topiaria,,,[网络] 托马斯,,,,,0,0,,,
topiarian,,"a. Of or pertaining to the ornamental cutting and trimming\n   of trees, hedges, etc.; practicing ornamental gardening.",a. 修剪成装饰形式的；修剪成形的 (topiary的变形),,,,,0,0,,,
topiaried,,past tense of topiary\nn. a garden having shrubs clipped or trimmed into decorative shapes especially of animals\nn. making decorative shapes by trimming shrubs or trees,(topiary 的过去时) a. 修剪成形的\nn. 灌木修剪法,,,,,0,0,0:topiary/1:p,,
topiaries,ˈtəupiəriz,,n. 灌木修剪法( topiary的名词复数 ),,,,,0,0,0:topiary/1:s,,
topiarist,'təupiəri,,topiarist\nn.\ntopiary的变形\ntopiary\n['təupiəri]\n【园艺学】\nadj.\n修剪成形的，修剪得美观的\n修剪花木的\nn.\n(树木的)修剪整形，花木修剪；花木修剪法\n(林木经修剪的)整形花园\n变形：\nn.\ntopiaries,,,,,0,0,,,
topiarists,'təupiəri,,topiarist\nn.\ntopiary的变形\ntopiary\n['təupiəri]\n【园艺学】\nadj.\n修剪成形的，修剪得美观的\n修剪花木的\nn.\n(树木的)修剪整形，花木修剪；花木修剪法\n(林木经修剪的)整形花园\n变形：\nn.\ntopiaries,,,,,0,0,,,
topiary,'tәupiәri,n. a garden having shrubs clipped or trimmed into decorative shapes especially of animals\nn. making decorative shapes by trimming shrubs or trees,a. 修剪成形的\nn. 灌木修剪法,j:34/n:66,,,,43127,26983,s:topiaries,,
topiary art,,,树木造型艺术,,,,,0,0,,,
topiary garden,,,整形树木园,,,,,0,0,,,
topiary tree,,,整型树,,,,,0,0,,,
topiary work,,,经过艺术修剪的灌木篱笆等,,,,,0,0,,,
topias,,,托皮阿斯,,,,,0,0,,,
topiation,tәupi'eiʃәn,,将篱笆或灌 木修剪成动物、家具、阶梯等形式的艺术,,,,,0,0,,,
topic,'tɒpik,n. some situation or event that is thought about,"n. 主题, 论题, 话题",n:100,2,1,gk cet4 cet6 ky toefl ielts,2051,1860,s:topics,,
Topic A,,,人们普遍关心的问题；常见诸报端的问题；头号话题,,,,,0,0,,,
topic box,,,题目箱,,,,,0,0,,,
topic dominance,,,顶芽优势,,,,,0,0,,,
topic drift,,,主题转移,,,,,0,0,,,
topic for discussion,ˈtɔpik fɔ: disˈkʌʃən,, [法]议题,,,,,0,0,,,
topic group,,,话题小组,,,,,0,0,,,
topic map,,,[网络] 主题图；主题地图；主题图式笔记,,,,,0,0,,,
topic map query language,,,议题图查询语言,,,,,0,0,,,
topic maps,,,主题地图,,,,,0,0,,,
topic of discussion,,,讨论的题目,,,,,0,0,,,
topic selection,,,[网络] 研究选题；主题选择；选题意识,,,,,0,0,,,
topic sentence,,,[计] 课题句子,,,,,0,0,s:topic sentences,,
topic sentences,,,[网络] 中心句；句子如中心句；中心句进行归纳,,,,,0,0,0:topic sentence/1:s,,
topic thread,,,主题线,,,,,0,0,,,
topic type,,,标题型式,,,,,0,0,,,
topic-,'tɒpɪk,,n. 主题（等于theme）；题目；一般规则；总论,,,,,0,0,s:stsospsiscs-s,,
topic-based,,,[网络] 话题；基于主题的；主题式,,,,,0,0,,,
topic-change,,,[网络] 主题,,,,,0,0,s:topic-changes,,
topic-changes,,,[网络] 主题\n(topic-change 的复数),,,,,0,0,0:topic-change/1:s,,
topic-comment,'tɔpik'kɔment,,"n. 【语言学】话题—说明,主题—述题[亦作 topic-and-comment]",,,,,0,0,s:topic-comments,,
topic-comments,'tɔpik'kɔment,,"n. 【语言学】话题—说明,主题—述题[亦作 topic-and-comment]",,,,,0,0,0:topic-comment/1:s,,
topic-control,,,[网络] 主题控制法,,,,,0,0,s:topic-controls,,
topic-controls,,,[网络] 主题控制法\n(topic-control 的复数),,,,,0,0,0:topic-control/1:s,,
topic-jump,,,[网络] 话题,,,,,0,0,,,
topic-prominent,,,[网络] 主题显著；主题显着；话题突出,,,,,0,0,,,
topic-related,,,[网络] 主题,,,,,0,0,s:topic-relateds,,
topic-relateds,,,[网络] 主题\n(topic-related 的复数),,,,,0,0,0:topic-related/1:s,,
topic-shift,,,[网络] 话题转换,,,,,0,0,s:topic-shifts,,
topic-shifts,,plural of topic-shift,(topic-shift 的复数) [网络] 话题转换,,,,,0,0,0:topic-shift/1:s,,
topic-specific,,,[网络] 特定主题；特定标题；特别主题活动,,,,,0,0,,,
topica,,,[医] 局部药,,,,,0,0,,,
topicaine,,,陀匹卡因,,,,,0,0,,,
topical,'tɒpikl,s. pertaining to the surface of a body part\na. of or relating to or arranged by topics\ns. of interest at the present time,"a. 论题的, 题目的, 时事问题的, 局部的\n[医] 局部的",j:100,2,,,11763,11566,,,
topical anaesthesia,ˈtɔpikəl ˌænɪsˈθi:ʒə,, [医]局部麻醉,,,,,0,0,s:topical anaesthesias,,
topical anaesthesias,,, [医]局部麻醉\n(topical anaesthesia 的复数),,,,,0,0,0:topical anaesthesia/1:s,,
topical anaesthetic,,,[网络] 麻药药；局部麻醉药物,,,,,0,0,s:topical anaesthetics,,
topical anaesthetics,,,局麻剂,,,,,0,0,0:topical anaesthetic/1:s,,
topical anesthesia,,,[医] 表面麻醉,,,,,0,0,s:topical anesthesias,,
topical anesthesias,,,局部麻醉\n表面麻醉,,,,,0,0,0:topical anesthesia/1:s,,
topical anesthetic,ˈtɔpikəl ˌænɪsˈθetɪk,, [医]表面麻醉药，局部麻醉剂,,,,,0,0,s:topical anesthetics,,
topical anesthetics,,,表面麻醉药,,,,,0,0,0:topical anesthetic/1:s,,
topical antibacterial therapy,,,局部抗菌治疗,,,,,0,0,,,
topical antifungal therapy,,,局部抗真菌治疗,,,,,0,0,,,
topical application,,,[化] 局部施用,,,,,0,0,,,
topical approach,,,[网络] 主题法；主题取向；逐点敍述的技巧,,,,,0,0,,,
topical diagnosis,,,"[医] 部位诊断, 局灶诊断",,,,,0,0,,,
topical disease,,,[医] 局部病,,,,,0,0,,,
topical interest,,,时事性兴趣话题,,,,,0,0,,,
topical magnetic resonance,,,定域磁共振,,,,,0,0,,,
topical meeting,,,题讨论会,,,,,0,0,,,
topical nuclear magnetic resonance spectrometry,,,定域核磁共振光谱法,,,,,0,0,,,
topical ophthalmology,,,[眼科] 局部眼科学,,,,,0,0,,,
topical prostaglandin eyedrop,,,[网络] 局部用前列腺素滴眼液,,,,,0,0,,,
topical remedy,,,"[医] 局部药物, 局部治疗药",,,,,0,0,,,
topical stimulant,,,[医] 局部兴奋剂,,,,,0,0,,,
topical thrombin,,,[医] 外用凝血酶(动物血或人血制剂),,,,,0,0,,,
topical treatment,,,[网络] 局部治疗；局部疗法；外用皮肤药膏,,,,,0,0,,,
topical type,,,局限型,,,,,0,0,,,
topicalisation,,,[网络] 主题化,,,,,0,0,,,
topicalise,"'tɔpikə,laiz",,vt.\n[英国英语] = topicalize\n变形：\nvt.\ntopicalised\n. topicalising,,,,,0,0,,,
topicalised,"'tɔpikə,laiz",,"topicalised\nvt.\ntopicalise的变形\ntopicalise\n['tɔpikə,laiz]\nvt.\n[英国英语] = topicalize\n变形：\nvt.\ntopicalised\n. topicalising",,,,,0,0,,,
topicalises,"'tɔpikə,laiz",,vt.\n[英国英语] = topicalize\n变形：\nvt.\ntopicalised\n. topicalising,,,,,0,0,,,
topicalising,"'tɔpikə,laiz",,"topicalising\nvt.\ntopicalise的变形\ntopicalise\n['tɔpikə,laiz]\nvt.\n[英国英语] = topicalize\n变形：\nvt.\ntopicalised\n. topicalising",,,,,0,0,,,
topicalities,",tɑpɪ'kæləti",,n. 时事性；时事性话题,,,,,0,0,0:topicality/1:s,,
topicality,tɔpi'kæliti,n. the attribute of being of interest at the present time,"n. 时事性, 时事性话题",n:100,,,,35331,41086,s:topicalities,,
topicalization,,,[网络] 主题化；话题化；提作话题,,,,,0,0,s:topicalizations,,
topicalizations,",tɔpikə,lai'zeiʃən; -,li'z-",,"n.\ntopicalize的变形\ntopicalize\n['tɔpikə,laiz]\nvt.\n【语言学】话题化\n变形：\nvt.\ntopicalized\n. topicalizing",,,,,0,0,0:topicalization/1:s,,
topicalize,"'tɔpikə,laiz",v emphasize by putting heavy stress on or by moving to the front of the sentence,vt. 【语言学】话题化,,,,,0,0,,,
topicalized,"'tɔpikə,laiz",,"topicalized\nvt.\ntopicalize的变形\ntopicalize\n['tɔpikə,laiz]\nvt.\n【语言学】话题化\n变形：\nvt.\ntopicalized\n. topicalizing",,,,,0,0,,,
topicalizes,"'tɔpikə,laiz",,vt.\n【语言学】话题化\n变形：\nvt.\ntopicalized\n. topicalizing,,,,,0,0,,,
topicalizing,"'tɔpikə,laiz",,"topicalizing\nvt.\ntopicalize的变形\ntopicalize\n['tɔpikə,laiz]\nvt.\n【语言学】话题化\n变形：\nvt.\ntopicalized\n. topicalizing",,,,,0,0,,,
topically,,r to a restricted area of the body,adv. 总论地；时事问题地,r:100,,,,48059,32505,,,
topicals,,,[网络] 局部用药；毫克；外用药,,,,,0,0,,,
Topicaycline,,,盐酸四环素制剂,,,,,0,0,,,
topicities,,,[网络] 话题,,,,,0,0,,,
topicity,,,[网络] 拓扑性,,,,,0,0,,,
