turnabouts,'tɜːnəbaʊt,n. a decision to reverse an earlier decision\nn. turning in the opposite direction,n. 转变；旋转；转向,,,,,0,0,0:turnabout/1:s3,,
turnado,,,[网络] 周转,,,,,0,0,,,
turnagain,,,[网络] 再转个圈；反目成仇；船队被此陆地所阻必须返回,,,,,0,0,,,
Turnagain Arm,,,[地名] 特纳盖恩湾 ( 美 ),,,,,0,0,,,
Turnagain I.,,,[地名] 特纳盖恩岛 ( 澳 ),,,,,0,0,,,
Turnagain R.,,,[地名] 特纳盖恩河 ( 加 ),,,,,0,0,,,
"Turnagain, C.",,,[地名] 特纳盖恩角 ( 新西 ),,,,,0,0,,,
turnage,,, [人名] 特内奇,,,,,0,0,s:turnages,,
turnages,,, [人名] 特内奇\n(turnage 的复数),,,,,0,0,0:turnage/1:s,,
turnament,,,[网络] 转身,,,,,0,0,,,
turnapull,tɜːnæ'pʊl,,n. 转动拖动,,,,,0,0,,,
turnaround,'tә:nә.raund,n. time need to prepare a vessel or ship for a return trip\nn. an area sufficiently large for a vehicle to turn around\nn. act or process of unloading and loading and servicing a vessel or aircraft for a return trip,"n. 转向, 回车道, 转变\n[化] 小修; 预防(性)修理",n:100,1,,,19869,8299,s:turnarounds,,
turnaround area,,,转盘地带,,,,,0,0,,,
turnaround cards,,,传阅卡,,,,,0,0,,,
turnaround condition,,,反转条件,,,,,0,0,,,
turnaround cycle,,,周转时间,,,,,0,0,,,
turnaround delay,,,转回延迟,,,,,0,0,,,
turnaround document,,,[计] 周转文件,,,,,0,0,,,
turnaround documents,,,[经] 周转文件,,,,,0,0,,,
turnaround dribble,,,策应队员转身运球,,,,,0,0,,,
turnaround file sequence number,,,传阅档顺序号码,,,,,0,0,,,
turnaround for a departure,,,准备回程起飞,,,,,0,0,,,
turnaround loop,,,转向环道,,,,,0,0,,,
turnaround management,,,[网络] 重建管理；管理能力；经营,,,,,0,0,,,
turnaround of unit,,,装置工作周期;装置检修,,,,,0,0,,,
turnaround pass,,,策应队员转身传球,,,,,0,0,,,
turnaround plan,,,检修计划,,,,,0,0,,,
turnaround plans,,,[化] 检修计划,,,,,0,0,,,
turnaround play,,,策应队员接球后转身向球篮继续进攻,,,,,0,0,,,
turnaround sequence,,,转向序列,,,,,0,0,,,
turnaround sequence number,,,传阅顺序号码,,,,,0,0,,,
turnaround speed,,,周转速度,,,,,0,0,,,
turnaround stage,,,[网络] 重整期,,,,,0,0,,,
turnaround system,,,换向[转换]系统,,,,,0,0,,,
turnaround taxiway,,,回转滑行道,,,,,0,0,,,
turnaround time,,,[计] 周转时间; 换向时间,,,,,0,0,s:turnaround times,,
turnaround times,,,[网络] 减少飞机回转时间；周围时间,,,,,0,0,0:turnaround time/1:s,,
turnarounds,'tɜ:nəraʊndz,n. time need to prepare a vessel or ship for a return trip\nn. a decision to reverse an earlier decision\nn. an area sufficiently large for a vehicle to turn around,n. 好转( turnaround的复数形式 ); （为给飞机检修和加油之类使其重新进入飞行状态所需的）周转时间; （接活到交活之间的）周转期; 车辆回转场,,,,,0,0,0:turnaround/1:s,,
turnas,,,[网络] 转弯,,,,,0,0,,,
turnatt,,,[网络] 恶鹰特纳特,,,,,0,0,,,
Turnau,,,[地名] 图尔瑙 ( 奥 ),,,,,0,0,,,
turnaway,,,"离开,转变…的方向;不看;解雇,不许进入,不愿接受,走开,出发",,,,,0,0,,,
turnay,,,[网络] 图尔奈,,,,,0,0,,,
turnback,'tɜ:nbæk,, 懦夫,,,,,0,0,s:turnbacks,,
turnback checks,,,素色阔边小格子棉布,,,,,0,0,,,
turnback judge,,,转折点裁判员,,,,,0,0,,,
turnback place,,,转折点,,,,,0,0,,,
turnbacks,,plural of turnback,(turnback 的复数)  懦夫,,,,,0,0,0:turnback/1:s,,
turnball,,,[网络] 转向球头,,,,,0,0,s:turnballs,,
turnballs,,,[网络] 转向球头\n(turnball 的复数),,,,,0,0,0:turnball/1:s,,
turnbaugh,,, [人名] 特恩博,,,,,0,0,,,
turnbench,'t\\\\:nbentʃ,,n. 钟表工人用的车床,,,,,0,0,,,
turnberry,,, [地名] [加拿大、英国] 特恩贝里,,,,,0,0,,,
turnblad,,,[网络] 特恩布拉德,,,,,0,0,,,
turnbough,,,[网络] turn,,,,,0,0,,,
turnbow,,,[网络] 转弯,,,,,0,0,,,
turnboy,,,[网络] 车手,,,,,0,0,,,
turnboys,,,[网络] 车手,,,,,0,0,,,
turnbroaches,,,[网络] turnbroach,,,,,0,0,,,
turnbuckle,'tә:n.bʌkl,n. an oblong metal coupling with a swivel at one end and an internal thread at the other into which a threaded rod can be screwed in order to form a unit that can be adjusted for length or tension,n. 松紧螺旋扣\n[机] 松紧螺旋扣,n:100,,,,0,41533,s:turnbuckles,,
turnbuckle screw,,,"反正扣,调整螺丝",,,,,0,0,,,
turnbuckles,,,na. 【机】松紧螺丝扣；【航】紧线器\n[网络] 松紧器；伸缩器；开体花篮,,,,,0,0,0:turnbuckle/1:s,,
Turnbull,,,n. 特恩布尔（姓氏）,,,,,16454,0,,,
Turnbull National Wildlife Refuge,,,[地名] 特恩布尔国家野生动物保护区 ( 美 ),,,,,0,0,,,
Turnbull's blue,,,[网络] 腾氏蓝；铁氰化钾蓝；滕氏蓝,,,,,0,0,,,
"Turnbull, Mt.",,,[地名] 特恩布尔山 ( 澳 ),,,,,0,0,,,
turnbulls,,,n. 特恩布尔（姓氏）,,,,,0,0,,,
turnbutton,,,旋转式按纽,,,,,0,0,,,
turncap,'tә:nkæp,,n. 旋转风帽,,,,,0,0,,,
turncate,,,[网络] 截头,,,,,0,0,,,
turncoat,'tә:nkәut,n a disloyal person who betrays or deserts his cause or religion or political party or friend etc.,"n. 背叛者, 变节者\n[法] 脱党者, 变节者, 判徒",n:100,,,gre,43285,27617,s:turncoats,,
turncoat witness,,,"[法] 叛逆证人, 知情证人, 反辩证人",,,,,0,0,,,
turncoats,ˈtə:nkəuts,n. a disloyal person who betrays or deserts his cause or religion or political party or friend etc.,"n. 背叛者, 变节者( turncoat的复数形式 )",,,,,0,0,0:turncoat/1:s,,
turncock,'tә:nkɒk,n. one employed to control water supply by turning water mains on and off,"n. 供水栓, 龙头开关员",,,,,0,0,s:turncocks,,
turncocks,"'tɝn,kɑk",,n. 龙头开关员；供水栓,,,,,0,0,0:turncock/1:s,,
turndown,'tә:ndaun,n the act of refusing an offer,"a. 可翻下的, 可折转的\nn. 可翻下部分, 拒绝, 低落",n:100,,,,0,37880,s:turndowns,,
turndown ratio,,,[化] 负荷比,,,,,0,0,,,
turndowns,'tɜː(r)n.daʊn,,adj. 翻下的(衣领等)；折叠式的(卧铺)\nn. 翻领；〈俚〉拒绝,,,,,0,0,0:turndown/1:s,,
turndun,,,[网络] 转身,,,,,0,0,,,
turne,,,[网络] e e,,,,,0,0,,,
turneaureite,,,[网络] 透水剂,,,,,0,0,,,
turned,,a. moved around an axis or center,a. 变质的；被转动的；[金属加工]车削的,j:100,,,,32684,25296,0:turn/1:pd,,
turned a blind eye,,,对…故意视而不见；对…假装不见,,,,,0,0,,,
turned about,,,转身，反复思考；转变，改变主意,,,,,0,0,,,
turned against,,,na. 背叛；使对抗；厌恶,,,,,0,0,,,
turned and turn about,,,轮流地,,,,,0,0,,,
turned around,,,na. 转身；〈美〉使向好的方向转变\n[网络] 掉头；好转；扭转,,,,,0,0,,,
turned away,,,v. 转变方向；转变方向\n[网络] 转身离开；转身回避；离开,,,,,0,0,,,
turned away from,,,厌恶；对…感到厌烦,,,,,0,0,,,
turned back,,,na. 同“turn down ”\n[网络] 转回；回头,,,,,0,0,,,
turned back the clock,,,把钟拨慢,,,,,0,0,,,
turned bar,,,un. 光亮磨光圆钢,,,,,0,0,,,
turned bolt,,,[机] 车光螺栓,,,,,0,0,,,
turned coat,'tɜːnkəʊt,,n. 变节者；背叛者,,,,,0,0,,,
turned comma,,,【印刷】倒逗号，单引号(如开头的引号)[亦作 inverted comma],,,,,0,0,,,
turned cuff,,,翻袖，反折式袖口,,,,,0,0,,,
turned down,,,na. 翻下(衣领等)；扭小(灯火等)拒绝考虑；拒绝(某人)\n[网络] 拒绝了；拒绝别人；降低,,,,,0,0,,,
turned edge,,,卷边,,,,,0,0,,,
turned finish,,,车削面光洁度,,,,,0,0,,,
turned groove,,,车制槽,,,,,0,0,,,
turned hardening,,,变温锻练,,,,,0,0,,,
turned his back on,,,不理会…...\n拒绝给予…...帮助,,,,,0,0,,,
turned in,,,un. 内旋\nv. 向里弯曲\n[网络] 上交；上床睡觉；内向,,,,,0,0,,,
turned inside out,,,彻底搜查；翻出,,,,,0,0,,,
turned into,,,v. 变成；变成；把…改造成\n[网络] 变成了；被拍成；大劫案被拍成,,,,,0,0,,,
turned knee,,,折肘,,,,,0,0,,,
turned loose,,,释放；放纵；发射,,,,,0,0,,,
turned me off,,,使我受不了,,,,,0,0,,,
turned me on,,,把我开启；让我快乐（歌曲名）,,,,,0,0,,,
turned off,,,un. 车削\n[网络] 关掉；关闭；关闭的,,,,,0,0,,,
turned on,,,na. 转向；对…进行突击\n[网络] 打开；打开电源开关；打开的,,,,,0,0,,,
turned on the waterworks,,,哭起来,,,,,0,0,,,
turned out,,,a. …装束的；…打扮的,,,,,0,0,,,
turned over,,,na. ￡ 500 a week 每星期卖得五百镑\n[网络] 移交；翻过来；掀翻,,,,,0,0,,,
turned over a new leaf,,,[网络] 翻开新的一页,,,,,0,0,,,
turned over capital,,, [财]周转资本,,,,,0,0,,,
turned over to,,,[网络] 转归,,,,,0,0,,,
turned part,,,[网络] 车床部件；车铣件,,,,,0,0,,,
turned period,,,【印刷】倒句点，小数点号,,,,,0,0,,,
turned pieces sander,,,[木] 工件回转式砂光机,,,,,0,0,,,
turned position,,,转动位置,,,,,0,0,,,
turned rim,,,"加厚边缘(玻璃热处理),卷边",,,,,0,0,,,
turned round,,,[网络] 是转身,,,,,0,0,,,
turned someone off,,,使某人对某人或某事减少兴趣,,,,,0,0,,,
turned someone on,,,（尤指在性方面）刺激某人，激发某人性欲,,,,,0,0,,,
turned sorts,,,倒放铅字,,,,,0,0,,,
turned tail,,,逃跑；躲开,,,,,0,0,,,
turned the page,,,翻页,,,,,0,0,,,
turned the tables,,,扭转局势；反败为胜,,,,,0,0,,,
turned the tables on,,,从劣势转为优势,,,,,0,0,,,
turned the tables upon,,,un. 转而占…的上风,,,,,0,0,,,
turned the tide,,,扭转局势；转变运气,,,,,0,0,,,
turned to,,,na. 变成；请求；着手工作；同“turn into ”\n[网络] 转向；求助；求助于,,,,,0,0,,,
turned Turk,,,[网络] 转了土耳其人,,,,,0,0,,,
turned turtle,,,倾覆；无能为力；把海龟倒翻过来,,,,,0,0,,,
turned twill,,,[纺] 人字斜纹,,,,,0,0,,,
turned up,,,v. 朝上翻；出现\n[网络] 露面；发现；加大音量,,,,,0,0,,,
turned up the heat,,,加大压力\n使事件升温\n调高温度\n开大暖气,,,,,0,0,,,
turned upon,,,随……而定,,,,,0,0,,,
turned vertical shaft,,,转向直井,,,,,0,0,,,
turned welt,,,双层平针关边；双层平针袜口,,,,,0,0,,,
turned work,,,旋木工件,,,,,0,0,,,
turned you off,,,[网络] 讨厌你,,,,,0,0,,,
turned your back on,,,置之不理（turn one's back on）\n拒绝帮助（turn one's back on）,,,,,0,0,,,
turned-around,,,na. 转身；〈美〉使向好的方向转变\n[网络] 掉头；好转；扭转,,,,,0,0,,,
turned-back,,,na. 同“turn down ”\n[网络] 转回；回头,,,,,0,0,s:turned-backs,,
turned-backs,,,na. 同“turn down ”\n[网络] 转回；回头\n(turned-back 的复数),,,,,0,0,0:turned-back/1:s,,
turned-bolt,,,车制螺栓；车光螺栓；精制螺栓,,,,,0,0,,,
turned-down,,,un. 车削\n[网络] 下翻的嘴唇,j:100,,,,0,0,s:turned-downs,,
turned-downs,,,un. 车削\n[网络] 下翻的嘴唇\n(turned-down 的复数),,,,,0,0,0:turned-down/1:s,,
turned-in,,,缩小；上床睡觉；包边,,,,,0,0,,,
turned-off,,,un. 车削\n[网络] 关掉；反感,,,,,0,0,,,
turned-on,"'t\\\\:nd'ɔn,-'ɔ:n",,"a. 赶时髦的, 兴奋的",,,,,0,0,,,
turned-out,,,n. 切断\nun. 外旋\nv. 证明；原来；到场\n[网络] 结果是；制造，生产，结果是；结果证明是的表达,,,,,0,0,,,
turned-over,,,na. ￡ 500 a week 每星期卖得五百镑\n[网络] 移交；翻过来；掀翻,,,,,0,0,,,
turned-over edge,,,[纺] 翻边,,,,,0,0,,,
turned-up,,,v. 朝上翻；出现\n[网络] 朝天鼻；翘起,j:100,,,,0,0,,,
turned-wood,,,[网络] 转木；转木工艺,,,,,0,0,,,
Turneffe Is.,,,[地名] 特内夫群岛 ( 伯 ),,,,,0,0,,,
turnel,,,n. (Turnel)人名；(罗)图内尔,,,,,0,0,,,
turnell,,, [人名] 特尼尔,,,,,0,0,,,
turnement,,,[网络] 比赛,,,,,0,0,,,
turnep,,,[网络] ep,,,,,0,0,,,
turneps,,,[网络] turn,,,,,0,0,,,
turner,'tә:nә,n. United States slave and insurrectionist who in 1831 led a rebellion of slaves in Virginia; he was captured and executed (1800-1831)\nn. United States endocrinologist (1892-1970)\nn. English landscape painter whose treatment of light and color influenced the French impressionists (1775-1851),"n. 车工, 体育协会会员",,,,,5082,0,s:turners,,
turner broadcasting system,,,透纳广播系统,,,,,0,0,,,
Turner Corner,,,[地名] 特纳科纳 ( 美 ),,,,,0,0,,,
Turner County,,,[地名] 特纳县 ( 美 ),,,,,0,0,,,
Turner method,,,特纳法,,,,,0,0,,,
Turner Prize,,,[网络] 特纳奖；透纳奖；特纳艺术奖,,,,,0,0,,,
Turner R.,,,[地名] 特纳河 ( 澳 ),,,,,0,0,,,
Turner River,,,[地名] 特纳里弗 ( 澳 ),,,,,0,0,,,
turner scalerometer,,,金属划痕硬度试验计,,,,,0,0,,,
turner sclerometer,,,回跳硬度计,,,,,0,0,,,
Turner syndrome,,,特纳综合征,,,,,0,0,,,
"Turner syndrome,gonadal dysgene-sis",,,性腺发育不全,,,,,0,0,,,
Turner teeth,,,[医] 特纳氏牙(局部性牙釉发育不全),,,,,0,0,,,
Turner tooth,,,特纳牙,,,,,0,0,,,
Turner type pore structure,,,旋转性孔隙结构,,,,,0,0,,,
Turner Valley,,,[地名] 特纳瓦利 ( 加 ),,,,,0,0,,,
turner with wooden grip,,,木柄锅铲,,,,,0,0,,,
turner yellow,,,一种含有氧化铅和盐分的黄色颜料,,,,,0,0,,,
Turner's,,,特纳氏,,,,,0,0,,,
Turner's bow,,,特纳氏表环,,,,,0,0,,,
Turner's cerate,,,"[医] 特纳氏蜡膏, 炉甘石蜡膏",,,,,0,0,,,
Turner's Pen.,,,[地名] 特纳半岛 ( 塞拉 ),,,,,0,0,,,
Turner's sign,,,"[医] 特纳氏征(出血坏死性胰腺炎时,呈现腹部阏斑)",,,,,0,0,,,
Turner's sulci,,,[医] 顶间沟,,,,,0,0,,,
Turner's sulcus,,,[医] 特纳氏沟(顶间沟),,,,,0,0,,,
Turner's syndrome,,,[医] 特纳氏综合征(性机能延迟发育),,,,,0,0,,,
turner's syndrome(congenital ovarian dysplastic syn-drome),,,杜纳氏症候群(先天性卵巢发育异常症候群),,,,,0,0,,,
"Turner, Frederick Jackson",'tə:nə,,特纳(1861～1932，美国历史学家),,,,,0,0,,,
"Turner, Joseph Mallord William",'mæləd,,透纳(1775～1851，英国风景画家),,,,,0,0,,,
"Turner, Mt.",,,[地名] 特纳山 ( 澳 ),,,,,0,0,,,
"Turner, Nat",,,特纳(1800～1831，美国黑奴，领导1831年奴隶起义),,,,,0,0,,,
Turner-Kieser,,,特纳-基泽,,,,,0,0,,,
turner-kieser(syndrome),,,特纳-基泽综合征,,,,,0,0,,,
turnera,,,"[医] 特纳草叶, 达米阿那",,,,,0,0,,,
Turneraceae,,,特纳草科,,,,,0,0,,,
turneraceous,,,[网络] 特里亚里,,,,,0,0,,,
turnerad,,,[网络] 特纳德,,,,,0,0,,,
turnerae,,,[网络] 火鸡,,,,,0,0,,,
Turnercrest,,,[地名] 特纳克雷斯特 ( 美 ),,,,,0,0,,,
Turnerella,,,特纳藻属,,,,,0,0,,,
turneresque,'tə:ne'resk,,adj. 类似(英国风景画家)透纳风格的,,,,,0,0,,,
turneri,,,[网络] 塔氏龙占丽鱼；特氏柔丽鲷；图氏珍灯鱼,,,,,0,0,,,
Turnerian,,,[网络] 特纳里亚,,,,,0,0,,,
turnerians,,,[网络] 特纳人,,,,,0,0,,,
turneries,,,"车削产品, 车床工厂, 车工工艺( turnery的名词复数 )",,,,,0,0,0:turnery/1:s,,
turnerite,"'tә:nә,rait",n. A variety of monazite.,独居石,,,,,0,0,,,
turnerite (monazite),,,独居石,,,,,0,0,,,
turners,,plural of turner\nn. United States slave and insurrectionist who in 1831 led a rebellion of slaves in Virginia; he was captured and executed (1800-1831)\nn. United States endocrinologist (1892-1970)\nn. English landscape painter whose treatment of light and color influenced the French impressionists (1775-1851),"(turner 的复数) n. 车工, 体育协会会员",,,,,0,0,0:turner/1:s,,
Turners Falls,,,[地名] 特纳斯福尔斯 ( 美 ),,,,,0,0,,,
Turners Hill,,,[地名] 特纳斯希尔 ( 英 ),,,,,0,0,,,
Turnersville,,,[地名] 特纳斯维尔 ( 美 ),,,,,0,0,,,
Turnerville,,,[地名] 特纳维尔 ( 美 ),,,,,0,0,,,
turnery,'tә:nәri,n. workshop where objects are made on a lathe\nn. products made on a lathe,"n. 车床加工, 车床工件, 车工车间",,,,,0,0,s:turneries,,
Turnery-ware,,,旋作品,,,,,0,0,,,
turnesa,,,[网络] 特克萨斯,,,,,0,0,,,
turnest,tɜːn,,"vt.\n使(车轮等)转动；使旋转，转，部分转动：\nIs it electricity that turns the wheel?\n是电使轮子转动的吗?\nShe turned the key in the lock.\n她用钥匙开锁。\n(为打开、关上、变紧等)旋转，拧：\nHe turned the handle of the door and went into the classroom.\n他旋动门把手，走进教室。\nto turn a screw tight\n拧紧螺钉\nPlease turn the handle to the open position.\n请把把手转到“开”的位置。\n翻动；翻转；滚翻：\nHe turned the pages of the book to see whether there were illustrations in them.\n他翻动书页，看看里面是否有插图。\nThe nurse turned the patient.\n护士给病人翻了个身。\nThe acrobat turned a somersault.\n杂技演员翻了个筋斗。\n改变，使变化，使变成：\nto turn cream into butter\n把鲜奶油变成黄油\nto turn a flower garden into a vegetable field\n把花园变成菜地\nShe turned tears into laughter when she saw this.\n看到这个，她破涕为笑了。\nHe turned a garage into a library.\n他把车库改建成图书馆。\n使变得；使成为：\nThe bad news turned his hair white.\n坏消息使他的头发变白了。\n使转变思想(意图、行为等)；在感情(或态度等)方面改变；改变…的倾向(或注意中心)；把注意力转向：\nto turn someone from his purpose\n使某人改变意图\nWe should turn our thoughts to practical matters.\n我们应把思想转向实际问题。\n使变酸(腐)，使变质，使变坏；使变色：\nWarm weather turned the\nmeat.\n天热使肉变质了。\nThe hot weather turned the milk.\n天气太热，牛奶变质了。\n翻译；将…释义(或意译)；改写：\nThe teacher asked us to turn the sentences into English.\n老师让我们把这些句子译成英文。\nPlease turn this piece of prose into verse.\n请把这段散文改写成诗歌。\n使变换；与…交换：\nI’ll turn these coins into paper money.\n我将把这些硬币换成纸币。\n反复考虑；仔细考虑；默想，深思(常与 over 连用)：\nHe turned the question over in his mind but couldnot find an answer.\n他仔细思考这个问题但是找不到答案。\n达到；超过，越过，逾(一定年龄、数量等)：\nOur dean hasn’t turned 40 yet.\n我们系主任还不到40岁。\nWe were waiting for the clock to turn 8.\n我们等待时钟指向八点。\nIt has just turned 10 o’clock.\n刚过10点。\n阻挡；击败，击退；驱散：\nto turn an attack\n击退一次进攻\nThe boxer turned a punch.\n拳击手挡住了一拳。\nIt is not reasonable to turn customers’ criticisms.\n抵制顾客的批评是没有道理的。\n使反对，使作对；使反应；使回击：\nHe turned their arguments against them.\n他用他们的论据反驳他们自己。\nto turn a son against his father\n使儿子顶撞父亲\n使产生反作用：\nThe critic’s criticism was turned against himself.\n批评家的批评反被别人用来批评他。\n绕过去，转过去；拐(弯)，转弯；迂回到(某支军队的侧面等)：\nThey turned the right flank of the enemy troop.\n他们迂回到敌军的右翼。\nto\nturn a street corner\n转过街角\n赚到；挣得：\nOur company turned a profit last year.\n我们公司去年赢利了。\n用旋床旋，把…旋成圆形；车，为…车外圆：\nHe has turned a set of chair legs.\n他已经车出了一副椅子腿。\nto turn wooden vessels\n用旋床车木碗\n使形成圆满；使具有优美的形式；做得优美(或圆满)，弄得像样：\nThe girl turned a pretty phrase.\n女孩写出了一个漂亮的短语。\nThe professor told us how to turn a good sentence.\n教授给我们讲如何写出一个好句子。\n使精神错乱，使发狂；弄昏，迷惑；使冲昏头脑；使糊涂：\nToo much praise has turned his head.\n过多的表扬已经冲昏了他的头脑。\nHer mind was turned by grief.\n悲伤使她精神失常。\nSuccess will not turn my head.\n胜利不会让我头脑发昏。\n作(某种)用途(或结果)，使用，利用，应用：\nWe should turn our knowledge to good account.\n我们应该利用我们的知识。\nto turn one’s hand to writing\n用手写\n转移(视线)，改变(面对的)方向；使对着；把…对准；指向：\nTurn your eyes this way.\n冲这边看。\nTurn it more to the left.\n把它再向左转一点。\nThe girl turned her face and wept.\n女孩别过头哭了。\nto turn\na gun on someone\n把枪对准某人\n使上下面颠倒；使上下翻转；倒置：\nto turn a phonograph record\n翻转唱片\n翻(地)；翻做(衣服、衣领等)：\nThey turned the soil after the harvest.\n他们在收获后翻耕土壤。\nto turn a collar\n翻修领子\nMother turned an old garment.\n妈妈翻做一件旧衣服。\n上下移动(秤杆或秤台)以记录重量\n使(钱、货等)流通，周转：\nThe vendor can turn his stock every day.\n小贩每天都能把进的货卖完。\n使弯曲；对折；折或翻；使扭曲；扭伤(踝骨)：\nThe pipe had been turned in a U-shaped curve.\n管子已被弯成了U形。\nShe turned her ankle.\n她扭伤了脚踝。\nto turn the sheet back\n把被单翻开\n弄卷(刀刃)，把(刀口)弄钝：\na knife with a turned edge\n一把刃口钝的刀\n倒(胃)，使(肠胃)不适；使作呕：\nThe mere sight of food turned her stomach.\n她一见食物就恶心。\n倾倒：\nThe policeman turned the contents of her handbag out onto the table.\n警察把她手提包里的东西全倒在了桌上。\n(以某种方式)躯赶；撵；放开：\nto turn someone adrift\n逐出某人；使某人流浪；辞退某人\nto turn young cattle into woods\n把小牛赶到树林里\nThe drunkard was turned from the bar.\n那个醉汉被从酒吧撵了出去。\n【印刷】倒排(铅字)；倒空\n【足球】迫使(贴近的对手)转向以摆脱\n(吸毒者)将(毒品)转卖给(另一瘾君子)\n使敌对；使叛变；使成为双重间谍(与 round 连用)\n[废语]使堕落\nvi.\n(在枢轴上)旋转，转动：\nThe earth turns on its own axis.\n地球绕地轴自转。\nThe wheels were turning swiftly.\n车轮飞快地转动着。\n绕转，作圆形旋转：\nThe key won’t turn.\n钥匙开不了锁。\nThe key turns easily in the lock.\n这把钥匙容易开锁。\n翻动(书页等)；翻转：\nPlease turn to page 67.\n请翻到第67页。\nTurn back to the previous page.\n翻回到前一页。\n转身，回转：\nThe child turned and dashed away.\n孩子转身跑掉了。\nHe crossed the street and turned to look at the school again.\n他穿过街道，又转身看了看学校。\n改变方向，转向，向后转，转弯：\nWe turned into a quiet street.\n我们拐进一条寂静的街道。\nThe bus passed by the edge of the railway station and turned north.\n这辆公共汽车从火车站边经过，然后向北拐。\n变得；变成，变为，成为：\nMaple leaves turn crimson in autumn.\n枫叶在秋天变红。\nDuring the daytime, it will be overcast, turning clear later.\n今天白天，阴转晴。\nHe turned nasty at the thought.\n他一想起这就大为光火。\nHer husband had turned quarrelsome.\n她丈夫变得爱争吵了。\nto turn bitter with age\n因年龄增长而变得牢骚满腹\n改变；变化：\nThe rain turned to sleet.\n这场雨变成了冻雨。\nOur luck will turn.\n我们会时来运转。\n变质，变酸；变腐败；变色：\nLeaves turn in autumn.\n树叶在秋天变黄。\nThe meat has turned.\n肉已变质了。\n依靠；依赖，取决于，依…而定(与 on 或 upon 连用)：\nThe success turns on our effort.\n胜利取决于我们的努力。\nThe success of the sports meet turns on the weather.\n运动会能否成功要看天气如何。\n围绕…发展,以…为中心(与about,around, on 等连用)：\nThe film turns about a domestic tragedy.\n这部影片主要讲述一个家庭悲剧。\nOur discussion turned mainly on the reform in education.\n我们的谈话主要围绕着教育改革。\n改变感情(或态度、忠诚、信仰等)；变节；转而反对：\nHe turned against his former friends.\n他对老朋友翻脸。\nMy husband is a Christian and I’m going to turn.\n我丈夫是基督徒，我也准备皈依基督教。\n转移注意力(或能力、思想等)；致力于；从事：\nHe turned to the study and practice of\nmedicine.\n他致力于医学的研究和实践。\nOur conversation turned to football later.\n我们的谈话后来转到了足球上。\nHe turned from his work to a hobby.\n他不干工作却搞起了业余爱好。\n(底和面)倒置，倒转；(内和外)翻转，颠倒\n开车床，在车床上操作：(在车床上)被旋成；被车成：\nBeech turns easily in the lathe.\n山毛榉在车床上很容易车制。\n变得精神失常；发疯；(精神)发生错乱：\nHis head never turns with success.\n他的头脑从来不会因成功而发昏。\nThe girl's head turned with a handful of compliments.\n几句恭维话让这个女孩飘飘然。\n搞突然袭击，攻击(与 on 或 upon 连用)：\nThe dog turned on him.\n狗突然扑向他。\nThe cat suddenly turned on its trainer.\n这只猫突然转而进攻它的训练者。\n产生相反作用，起反作用：\nHis advantage turned against him.\n他的优势后来成了他的不利条件。\nHer beauty turned against her.\n她的美貌反倒给她带来了不利。\n(刀口)卷刃；(刀刃)变钝：\nThe edge of the knife has turned.\n刀口卷刃了。\n【航海学】(船等)调转方向；抢风转变航向\n反胃；(肠胃等)不适；想呕吐；作呕；(头)眩晕，发昏：\nHer stomach turned at the sight of blood.\n她见血就反胃。\nMy head turns.\n我头晕。\n[美国英语](商品)容易销售：\nMiniskirts turned well last month.\n上个月超短裙好销。\n(商品)成交；转手\n(潮水)开始涨(或落)：\nThe tide has turned.\n潮转了。\n背离；偏离；脱离：\nHe has turned from the Labour Party.\n他已脱离了工党。\n商量；磋商；请教，求教(与 to 连用)：\nShe turned to her teacher for advice.\n她向老师求教。\n[废语]犹豫，踌躇\nn.\n转动；旋转；绕转\n(一物卷绕着另一物的)一绕；(一)圈，(一)卷，(一)转\n(把手等的)旋动；旋绕\n翻转；转动；转身\n(路线或方向的)改变；反向，转，倒转；转向；转弯\n弯曲处，弯曲部分，曲折部\n转折点；(按照年月顺序的)转化时期；变化点\n转变；变化\n吃惊，震惊；惊吓；意外\n(损害或有益于别人的)行为，举动，举止\n(一)回，(一)阵；(一段)工作时间\n(疾病的)侵袭，发作；一阵眩晕(或盛怒)\n(权利、义务或机会等的依次轮流的)名分，(顺)次；一次机会\n[美国英语](工作的)班，轮班，轮值\n[主英国英语](作为演出一部分的)一个节目，(马戏、杂耍中的)一段表演；表演者，演员\n[美国英语]【经济学】一笔(证券)交易；(商品批售补进的)一个周期；(存货等的)周转\n【音乐】回音\n要求，迫切需要，需要\n【军事】队列方向转换训练\n自然倾向；天性；秉性；癖性；气质\n才能；鉴别力，眼光；资质\n(语言等的)特色；措词特征；措词\n倾向，动向，趋势\n(对原作的)阐述，阐明，解释；改动，变更；曲解\n(赌博的)一轮，轮次\n圆形；球形；曲线形\n模型，铸模；机床\n(旋钮或操纵杆的)槽口\n[复数]月经\n(尤指来回不走同路的)短途散步；乘车外出\n[古语]计策；计谋\nabbr.\ninventory turnover rate 存货周转率\n近义词:\ngyrate\n. revolve\n. rotate\n. spin\n. whirl\n短语:\nAbout turn!\n【军事】[用作口令]向后转!\na hand’s turn\n一臂之力，一举之劳；一点体力劳动，一点工作\nat every turn\n事事，处处；每次，经常，老是\nat the next turn of the wheel\n在下次好运气来的时候\na turn of fortune’s wheel\n命运的转变\na turn of phrase\n措辞，表达方式\nbe turned (of)\n年逾，年在…以上\nby turns\n轮流；轮班；交替地；时而…时而…\ncall the turn\n[美国英语](成功地)预测，预测得很准\n定调子；发号施令；操纵，指挥，左右着\ndo someone a bad (或 an ill) turn\n做有损于某人的事，危害某人，使某人吃亏\ndone to a turn\n煮熟，烧得恰到好处\ndo someone a good turn\n做(一件)有利于某人的事，做好事，为某人效了一次劳\nEven a (或 the)worm will turn.\n见 worm\ngive a new turn to\n给…另一种说法，对…给予新的说法\ngive someone a bad turn\n使某人吓了一跳\ngive (someone) another turn of screw\n对(某人)施加压力\ngive someone (quite) a turn\n[美国英语]把某人吓了一跳，使某人大吃一惊\ngo for a turn\n溜达溜达，散步\n(坐车等)兜一圈，玩一玩\nin one’s turn\n这一回\n(依次)轮到时\nin the turn of a hand\n顷刻之间\nin turn\n反过来\n依次，挨个\n交替地，轮流地\nLeft turn!\n【军事】[用作口令]向左转!\nmake a turn\n转变，转\nmake someone turn (over) in his grave\n使某人在九泉之下也不得安宁\nnot do a hand's turn\n一点活儿都不干，不费举手之劳\nOne good turn deserves another.\n[谚语]以德报德。\non the turn\n正在转变(或变化、好转)；就要转变\n(牛奶正在)变酸\nout of turn\n不依顺序地，不遵守轮次地\n不合时宜地；(尤指)轻率地，鲁莽地[亦作 out of one’s turn]\nRight about turn!\n【军事】[用作口令]向后转![亦作 About turn!]\nRight turn!\n【军事】[用作口令]向右转!\nserve one’s (own) turn\n(一段时间内)合用，管用；(紧急时)能起作用；能应急\n满足个人的需要，适合个人的要求(或目的)[亦作 serve the turn 或 serve a turn]\nserve someone the good turn (of)\n(在…方面)对某人有好处\nserve someone’s good\n适合某人的需要；对某人有用\nshort turns\n(音乐会等的)短小节目\ntake a turn\n转弯，转\n(情况、形势等)转变\n(驾车、乘船、骑马)兜一兜风，玩一玩\n溜达溜达，散步\n做一会儿(工作)\ntake a turn for the better\n(情况等)好转，变好\ntake a turn for the worse\n(情况等)恶化，变坏\ntake turns\n依次，轮流(说、做等)，轮班\nthe turn of life\n【医学】(妇女)更年期，绝经期\nthe turn of the tide\n形势(或舆论、运气等)的转变(一般指好转)\nto a turn\n(指食物的煮、烤等)正好，恰好，恰到好处(常与动词 do， cook， roast 连用)\n尽善尽美；精确地\nto the turn of a hair\n恰好；不差毫厘；非常精确，惟妙惟肖\nturn again\n回到，返回\n回顾\n言归于好，和好\nturn and rend\n攻击(朋友)，突然责骂某人\nturn and turn about\n依次，轮流地[亦作 turn about]\nturn in on (或 upon) oneself\n离群索居；与他人断绝来往\n(国家)采取孤立主义\nturn it in\n[俚语]\n停止(做使人厌恶或生气的事情)，住嘴，别说了，别搞了[用于祈使句中]\n放弃(或辞去、停止工作)，停止干；停止说(令人不愉快的话语、事情等)\nturn it up\n= turn it in\nturn loose\n释放；松开，放掉[亦作 let loose]\n使不受拘束；放纵[亦作 let loose]\n开火；开(枪等)；发射(子弹等)\nturn of events\n事态发展的变化，形势的变化\nturn of expressions\n表达方式，措辞，口吻\nturn of mind\n才能，倾向；气质，性情\nturn of speech\n说法，口吻\nturn one’s back on (或 upon)\n掉转脸去不理睬(以表示轻蔑、愤怒等)\n对…置之不理；拒绝帮助；抛弃\nturn pale\n见 pale\nturn someone adrift\n见 adrift\nturn the (或 one’s) back (on 或 upon)\n逃走；离开\nwalk a turn\n来回地走走",,,,,0,0,,,
turnet,,,[网络] 燕麦,,,,,0,0,,,
turneth,,,[网络] 转身,,,,,0,0,,,
turney,,n. & v. Tourney.," [人名] [英格兰人姓氏] 特尼住所名称, 来源于人名Turnus+地点后缀acum",,,,,0,0,s:turneys,,
turneys,,,n. (Turney)人名；(英)特尼,,,,,0,0,0:turney/1:s,,
turngiddy,,,[网络] 转身,,,,,0,0,,,
turngrece,,,[网络] turn ce。,,,,,0,0,,,
turngree,,,[网络] turn,,,,,0,0,,,
turnhall,,,n. 体操学校大楼,,,,,0,0,,,
turnhalle,"'t\\\\:n,hɑ:lә",n. A building used as a school of gymnastics.,n. 体操学校大楼,,,,,0,0,,,
turnhalles,"'tə:n,hɑ:lə",,n.\n= turnhall,,,,,0,0,,,
turnham,,, [人名] 特纳姆,,,,,0,0,s:turnhams,,
turnhams,,, [人名] 特纳姆\n(turnham 的复数),,,,,0,0,0:turnham/1:s,,
Turnhouse,,,[地名] 特恩豪斯 ( 英 ),,,,,0,0,s:turnhouses,,
turnhouses,,,[地名] 特恩豪斯 ( 英 )\n(turnhouse 的复数),,,,,0,0,0:turnhouse/1:s,,
turnhout,,, [地名] [比利时] 蒂伦豪特,,,,,0,0,s:turnhouts,,
turnhouts,,, [地名] [比利时] 蒂伦豪特\n(turnhout 的复数),,,,,0,0,0:turnhout/1:s,,
Turnices,,,三趾鹑亚目,,,,,0,0,,,
turnicid,,,[网络] turn,,,,,0,0,,,
Turnicidae,,n. small Old World birds resembling but not related to true quail,三趾鹑科,,,,,0,0,s:turnicidaes,,
turnicidaes,'tə:nisaidi:,,n. 三趾鹑目；三趾鹑科,,,,,0,0,0:turnicidae/1:s,,
turnicids,,,[网络] turn。,,,,,0,0,,,
turnicimorphic,,,[网络] 转弯,,,,,0,0,,,
Turnicomorphae,,,三趾鹑形副科,,,,,0,0,,,
turnier,,,[网络] 赛事,,,,,0,0,,,
turnin,,,v. 向里弯曲\n[网络] 上缴；上床睡觉；交,,,,,0,0,,,
turnin',,,v. 向里弯曲\n[网络] 上缴；上床睡觉；交,,,,,0,0,,,
turning,'tә:niŋ,n. act of changing in practice or custom\nn. a shaving created when something is produced by turning it on a lathe\nn. a movement in a new direction\nn. the end-product created by shaping something on a lathe,"n. 旋转, 转弯处, 车削工作\n[化] 车削",j:25/n:75,1,,cet4 cet6 ielts,6345,6215,0:turn/1:i/s:turnings,,
turning a blind eye,,,对…故意视而不见；对…假装不见,,,,,0,0,,,
turning a profit,,,获取利润\n盈利,,,,,0,0,,,
turning ability,,,车削性能,,,,,0,0,,,
turning ability with large rudder angle,,,[网络] 大舵角回转性能,,,,,0,0,,,
turning action,,,转弯动作,,,,,0,0,,,
turning against,,,na. 背叛；使对抗；厌恶\n[网络] 拒斥批评,,,,,0,0,,,
turning angle,,,[机] 折转角,,,,,0,0,,,
turning angle test,,,转向角试验,,,,,0,0,,,
turning area,,,航途转弯区,,,,,0,0,,,
turning arm,,,旋转臂,,,,,0,0,,,
turning arm for reversing couping,,,[网络] 换向联轴器转臂,,,,,0,0,,,
turning around,,,掉头,,,,,0,0,,,
turning away,,,v. 转变方向；转变方向\n[网络] 转过身去；于是我转身离开；边转身离开,,,,,0,0,s:turning aways,,
turning away from,,,[网络] 厌恶,,,,,0,0,,,
turning aways,,,避开；解雇；不准…入内；走开；转过脸,,,,,0,0,0:turning away/1:s,,
turning back,,,na. 同“turn down ”\n[网络] 回头；折回；向后转,,,,,0,0,,,
turning back the clock,,,[网络] 时光倒流；论集,,,,,0,0,,,
turning bar,,,壁炉拱的支承铁杆,,,,,0,0,,,
turning basin,,,"转船池,回船池",,,,,0,0,,,
turning bay,,,调向路头,,,,,0,0,,,
turning berth,,,[网络] 掉头区,,,,,0,0,,,
turning block,,,转动(滑)块,,,,,0,0,,,
turning block linkage,,,回转块连桿组,,,,,0,0,,,
turning block slider crank mechanism,,,[网络] 转块滑件曲柄机构,,,,,0,0,,,
turning buckle,,,"松紧螺丝, 松紧螺栓",,,,,0,0,,,
turning buoy,,,转向浮标,,,,,0,0,,,
turning by ahead and astern engine,,,进倒车掉头,,,,,0,0,,,
turning by pulling the bow,,,[网络] 拖头掉头；顶流拖首掉头,,,,,0,0,,,
turning by pulling the stern,,,拖尾掉头,,,,,0,0,,,
turning by pushing the bow,,,[网络] 顶头掉头,,,,,0,0,,,
turning capability,,,最大转弯能力,,,,,0,0,,,
turning center,,,转向中心;车削加工中心,,,,,0,0,,,
turning chair,,,旋转椅,,,,,0,0,,,
turning characteristics,,,"回旋特性, 回旋特性［曲线］",,,,,0,0,,,
turning chisel,,,旋錾,,,,,0,0,,,
turning circle,ˈtɜ:nɪŋ ˈsə:kl,, 回转圆,,,,,0,0,,,
turning circle diameter,,,[网络] 转弯直径；转弯圆直径,,,,,0,0,,,
turning circle radius,,,回转区域半径,,,,,0,0,,,
turning circle test,,,[网络] 转圈试航；回旋圈试验；回转试验,,,,,0,0,,,
turning circle trial,,,旋回圆试验,,,,,0,0,,,
turning circles,,,un. 回旋圆；回转圆；回车转盘；回转圈,,,,,0,0,,,
turning clearance circle,,,转弯净空圆,,,,,0,0,,,
turning clearance width,,,[公路] 转弯通道宽度,,,,,0,0,,,
turning coat,'tɜːnkəʊt,,n. 变节者；背叛者,,,,,0,0,,,
turning couple,,,扭转力偶,,,,,0,0,,,
turning crane,,,[化] 回转式起重机,,,,,0,0,,,
turning curvature,,,转弯曲度,,,,,0,0,,,
turning cutter,,,[网络] 车刀,,,,,0,0,,,
turning device,,, 回转装置,,,,,0,0,,,
turning diameter,,,转弯直径,,,,,0,0,,,
turning direction,,,回转方向,,,,,0,0,,,
turning down,,,倒炉,,,,,0,0,,,
turning dynamometer,,,车削测力仪,,,,,0,0,,,
turning effect,,,[机] 转动力,,,,,0,0,,,
turning effort,,,旋转作用;回转力,,,,,0,0,,,
turning eggs,,,转蛋,,,,,0,0,,,
turning engine,,,盘车机,,,,,0,0,,,
turning equipment,,,[网络] 转动设备；旋转设备,,,,,0,0,,,
turning error,,,"角位置误差,回转误差",,,,,0,0,,,
turning facilities,,,转向设备,,,,,0,0,,,
turning fight,,,[军] 盘旋空战,,,,,0,0,,,
turning fit,,,自由转动配合,,,,,0,0,,,
turning fixture,,,车削装置,,,,,0,0,,,
turning flight,,,转弯飞行,,,,,0,0,,,
turning force,ˈtɜ:nɪŋ fɔ:s,, 捻转力,,,,,0,0,,,
turning fruit dehydrator,,,立式果实干燥机,,,,,0,0,,,
turning gear,,,旋[回]转装置,,,,,0,0,,,
turning gear interlocking device,,,盘车联锁装置,,,,,0,0,,,
turning gear motor,,,车装置的电动机,,,,,0,0,,,
turning gear oil pump,,,车油泵,,,,,0,0,,,
turning gear on,,,[网络] 盘车机合上,,,,,0,0,,,
turning gear test,,,un. 盘车试验,,,,,0,0,,,
turning gland,,,旋转弯头,,,,,0,0,,,
turning gouge,,,弧口旋凿,,,,,0,0,,,
turning guide marking,,,转向导引标线,,,,,0,0,,,
turning handle,,,转动手柄,,,,,0,0,,,
turning head,,,多刀转塔(架),,,,,0,0,,,
turning her back on,,,[网络] 不理睬,,,,,0,0,,,
turning his back on,,,不理会…...\n拒绝给予…...帮助,,,,,0,0,,,
turning hour,,,转变时,,,,,0,0,,,
turning hydrogenerator set for alignment,,,水轮发电机组盘车,,,,,0,0,,,
turning in,,,un. 内旋\n[网络] 上床睡觉；内部流转；交还,,,,,0,0,,,
turning in heavy sea,,,[网络] 大风浪中掉头转向；大风大浪掉头,,,,,0,0,,,
turning in hover,,,悬停回转,,,,,0,0,,,
turning indicator,,,转数计,,,,,0,0,,,
turning indices,,,旋回性指数,,,,,0,0,,,
turning inside out,,,彻底搜查；翻出,,,,,0,0,,,
turning interval,,,旋回周期,,,,,0,0,,,
turning into,,,v. 变成；变成；把…改造成\n[网络] 正在变成,,,,,0,0,,,
turning invisible subsidy to open subsidy,,,暗补变明补,,,,,0,0,,,
turning jack,,,转车盘,,,,,0,0,,,
turning joint,,,转动绞链,,,,,0,0,,,
turning knob,,,旋钮,,,,,0,0,,,
turning labyrinth,,,旋转迷宫,,,,,0,0,,,
turning lane,,,回车道,,,,,0,0,,,
turning lathe,,,旋床;车床,,,,,0,0,,,
turning latitude,,,转向纬度,,,,,0,0,,,
turning leap,,,转体跳,,,,,0,0,,,
turning length,,,车削长度,,,,,0,0,,,
turning leverage,,,un. 旋回效应\n[网络] 回转效应,,,,,0,0,,,
turning loose,,,释放；放纵；发射,,,,,0,0,,,
turning machine,,,车床,,,,,0,0,,,
turning machine for alignment,,,对准车床,,,,,0,0,,,
turning machinery of swing bridge,,,旋开桥的转动机械,,,,,0,0,,,
turning manhole,,,转弯人孔,,,,,0,0,,,
turning mark,,,转弯标志,,,,,0,0,,,
turning marking,,,转向标线,,,,,0,0,,,
turning marks,,,[网络] 转向叠标,,,,,0,0,,,
turning me loose,,,[网络] 把我宽松,,,,,0,0,,,
turning me off,,,使我受不了,,,,,0,0,,,
turning me on,,,把我开启；让我快乐（歌曲名）,,,,,0,0,,,
turning mechanism,,,回转盘,,,,,0,0,,,
turning method,,,[服装] 翻缝法,,,,,0,0,,,
turning mill,,,车床,,,,,0,0,,,
turning mirror,,,[网络] 转向镜；镜面车削；反射镜,,,,,0,0,,,
turning moment,,,[机] 转矩,,,,,0,0,,,
turning moment diagram,,,转矩图,,,,,0,0,,,
turning motion,,,回转运动,,,,,0,0,,,
turning motor,,,车电动机,,,,,0,0,,,
turning movement,,,旋转运动,,,,,0,0,,,
turning of stubble,,,灭茬,,,,,0,0,,,
turning of the tide,,,转潮,,,,,0,0,,,
turning of tide,,,[海洋] 转潮,,,,,0,0,,,
turning of tyres,,,轮箍车削,,,,,0,0,,,
turning off,,,un. 逐出\n[网络] 关闭,,,,,0,0,,,
turning oil,,,[机] 循环油,,,,,0,0,,,
turning on,,,na. 转向；对…进行突击\n[网络] 接通话机；性趣高涨；不断昂扬,,,,,0,0,,,
turning on the waterworks,,,哭起来,,,,,0,0,,,
turning operating mode manaement,,,[网络] 转向工况管理,,,,,0,0,,,
turning operating mode management,,,转向工况管理,,,,,0,0,,,
turning operation,,,[机] 车削作业,,,,,0,0,,,
turning out,,,un. 外旋\n[网络] 接警出动；应当避免产出；没有提到转开,,,,,0,0,,,
turning out device,,,转出工具,,,,,0,0,,,
turning out gear,,,[网络] 摇倒机构,,,,,0,0,,,
turning over,,,na. ￡ 500 a week 每星期卖得五百镑\n[网络] 切勿倒置；仔细考虑；翻身,,,,,0,0,,,
turning over a new leaf,,,[网络] 浪子回头；翻开新的一页,,,,,0,0,,,
turning over board,ˈtɜ:nɪŋ ˈəuvə bɔ:d,, [医]底板,,,,,0,0,,,
turning over to,,,移交给；转交给,,,,,0,0,,,
turning pair,,,[机] 旋转对,,,,,0,0,,,
turning path,,,转弯轨迹,,,,,0,0,,,
turning performance,,,转弯特性,,,,,0,0,,,
turning period,,,回转周期,,,,,0,0,,,
turning piece,,,单拱架,,,,,0,0,,,
turning pivot,,,旋回点;旋转点,,,,,0,0,,,
turning place,ˈtɜ:nɪŋ pleis,, [体]转弯处,,,,,0,0,,,
turning plate,,,标尺承板；转盘,,,,,0,0,,,
turning plate molding machine,,,[机] 旋转模板造模机,,,,,0,0,,,
turning plow,,,翻土犁,,,,,0,0,,,
turning point,,,转折点\n[经] 转折点,,1,,,0,0,s:turning points,,
turning point in time series,,,un. 时间序列中的转折点,,,,,0,0,,,
turning point judge,,,转弯处检查裁判员,,,,,0,0,,,
turning point locus,,,un. 旋回点轨迹；旋转中心轨迹,,,,,0,0,,,
turning point of reverse curve,,,反曲点；反转曲线的转向点,,,,,0,0,,,
turning point on a curve,,,曲线的转向点,,,,,0,0,,,
turning point stake,,,转角桩,,,,,0,0,,,
turning point test,,,转向点检验,,,,,0,0,,,
turning points,,,na. 转折点；关键时刻\n[网络] 人生转折点；转折事件；生命转弯的关键,,,,,0,0,0:turning point/1:s,,
turning post,,,回归柱,,,,,0,0,,,
turning power,,,回转力,,,,,0,0,,,
turning power unit,,,转执行部件,,,,,0,0,,,
turning process,,,车削加工,,,,,0,0,,,
turning quality,,,回转性,,,,,0,0,,,
turning quality problem to zero,,,质量问题归零,,,,,0,0,,,
turning radius,,,回转半径;转弯半径;转向半径,,,,,0,0,,,
turning radius indicator,,,[网络] 回转半径指示器；旋回半径指示器,,,,,0,0,,,
turning radius of crawler chassis,,,履带车底盘转弯半径,,,,,0,0,,,
turning radiuses,,,(车辆等的)转弯半径，旋回半径,,,,,0,0,,,
turning range mark,,,un. 转向叠标,,,,,0,0,,,
turning range marks,,,[网络] 转向叠标,,,,,0,0,,,
turning rate,,,旋转角速度,,,,,0,0,,,
turning rate control,,,转动速率控制,,,,,0,0,,,
turning roadway,,,转弯车道,,,,,0,0,,,
turning roadway terminal,,,转向车道岔口,,,,,0,0,,,
turning roll,,,转向辊,,,,,0,0,,,
turning roller,,,焊接滚轮架,,,,,0,0,,,
turning rolls,,,滚轮架,,,,,0,0,,,
turning round,,,[网络] 转动,,,,,0,0,,,
turning rule,,,转弯规则,,,,,0,0,,,
turning sander,,,旋转喷砂机,,,,,0,0,,,
turning saw,,,"弓锯,框锯",,,,,0,0,,,
turning scraps,,,[机] 车屑,,,,,0,0,,,
turning shop,ˈtɜ:nɪŋ ʃɔp,, 车工车间,,,,,0,0,,,
turning short round,,,掉头,,,,,0,0,,,
turning short round an anchor,,,抛锚掉头,,,,,0,0,,,
turning short round by ahead and astern engine,,,进倒车掉头,,,,,0,0,,,
turning short round by one end touch the shoal,,,触浅掉头,,,,,0,0,,,
turning short round with anchor,,,抛锚掉头,,,,,0,0,,,
turning short round with the aid of current,,,顺流掉头,,,,,0,0,,,
turning shovel,,,火铲,,,,,0,0,,,
turning sickness,,,转圈病,,,,,0,0,,,
turning site,,,转弯部位,,,,,0,0,,,
turning slide,,,回转滑阀,,,,,0,0,,,
turning slide valve,,,转动滑阀,,,,,0,0,,,
turning slider crank mechanism,,,[机] 转块滑件柄机构,,,,,0,0,,,
turning someone off,,,使某人对某人或某事减少兴趣,,,,,0,0,,,
turning someone on,,,（尤指在性方面）刺激某人，激发某人性欲,,,,,0,0,,,
turning space,,,转向空间,,,,,0,0,,,
turning speed,,,转弯速率,,,,,0,0,,,
turning station,,,转向站,,,,,0,0,,,
turning strickle,,,[机] 旋转刮板,,,,,0,0,,,
turning surface,,,车削表面,,,,,0,0,,,
turning table,,,转台，转盘,,,,,0,0,,,
turning taper,,,[网络] 车削锥体；车削椎体,,,,,0,0,,,
turning test,,,转向试验,,,,,0,0,,,
turning the flank,,,侧翼迂回,,,,,0,0,,,
turning the gear over,,,[网络] 改变吊杆位置,,,,,0,0,,,
turning the tables,,,[网络] 形势逆转；旋转桌面；转桌子,,,,,0,0,,,
turning the tide,,,[网络] 力挽狂澜；转危为安；扭转局面,,,,,0,0,,,
turning thrust vector,,,[网络] 转动推力矢量；矢量推力发动机,,,,,0,0,,,
turning time,,,转弯时间,,,,,0,0,,,
turning to,,,na. 变成；请求；着手工作；同“turn into ”\n[网络] 转向；看看；在这里,,,,,0,0,,,
turning to pasture,,,放牧,,,,,0,0,,,
turning tool,,,车刀,,,,,0,0,,,
turning track,,,转向轨距,,,,,0,0,,,
turning track width,,,转向轨迹宽度,,,,,0,0,,,
turning traffic,,,转弯交通,,,,,0,0,,,
turning trial,,,"旋回试验,回转试验",,,,,0,0,,,
turning tricks,,,[网络] 耍花样；玩弄戏法；搞花样,,,,,0,0,,,
turning tube type liquid level gage,,,旋转管式液位计,,,,,0,0,,,
turning Turk,,,[网络] 翻转土耳其语,,,,,0,0,,,
turning unit,,,转弯装置,,,,,0,0,,,
turning up,,,v. 朝上翻；出现\n[网络] 出场；调大音量；峚覃,,,,,0,0,,,
turning up hem,,,反边缝,,,,,0,0,,,
turning up the heat,,,加大压力\n使事件升温\n调高温度\n开大暖气,,,,,0,0,,,
turning upon,,,随……而定,,,,,0,0,,,
turning value,,,转向值,,,,,0,0,,,
turning valve,,,转阀;旋转挡板;回转阀,,,,,0,0,,,
turning vance,,,旋转叶片,,,,,0,0,,,
turning vane,,,[化] 导向叶片,,,,,0,0,,,
turning vane in corner,,,拐角导流片,,,,,0,0,,,
turning vane steering gear,,,[网络] 转翼式液压操舵装置,,,,,0,0,,,
turning velocity,,,转接速度,,,,,0,0,,,
turning wheel,,,转轮,,,,,0,0,,,
turning width,,,转弯宽度,,,,,0,0,,,
turning with the aid of current,,,[网络] 利用流力掉头,,,,,0,0,,,
turning your back on,,,置之不理（turn one's back on）\n拒绝帮助（turn one's back on）,,,,,0,0,,,
turning zone,,,商业周期转折期,,,,,0,0,,,
turning-beam,,,[网络] 转弯梁,,,,,0,0,,,
turning-beams,,,[网络] 转弯梁,,,,,0,0,,,
turning-block linkage,,,回转导杆机构,,,,,0,0,,,
turning-block slider crank mechanism,,,[网络] 转块滑件曲柄机构,,,,,0,0,,,
turning-circle,'tɜ:nɪŋs'ɜ:kl,,n. （车辆的）转向圆，回转圆,,,,,0,0,,,
turning-effort,,,转动力转矩；旋转作用，回转力,,,,,0,0,,,
turning-evil,,,[网络] 转向邪恶,,,,,0,0,,,
turning-in,,,向里弯曲,,,,,0,0,,,
Turning-lathe,,,旋木车床,,,,,0,0,,,
turning-moment,,,转矩，动力矩,,,,,0,0,,,
turning-on,,,整经,,,,,0,0,,,
turning-over board,,,造型平板,,,,,0,0,,,
turning-pair,,,un. 回转对偶\n[网络] 回转副；旋转对；转动能力,,,,,0,0,,,
Turning-place,,,转向处,,,,,0,0,,,
Turning-plate,,,转车盘,,,,,0,0,,,
turning-point,,,转折点,,,,,0,0,s:turning-points,,
turning-points,,plural of turning-point,(turning-point 的复数) 转折点,,,,,0,0,0:turning-point/1:s,,
turning-round time,,,周转时间,,,,,0,0,,,
turning-up-installing wellhead,,,翻转法抢装井口,,,,,0,0,,,
turning-vane steering gear,,,转翼式液压操舵装置,,,,,0,0,,,
turningness,,,[网络] 转弯,,,,,0,0,,,
turningover board,,,翻箱板,,,,,0,0,,,
turnings,ˈtɜ:nɪŋz,n. the act of changing or reversing the direction of the course\nn. act of changing in practice or custom\nn. a shaving created when something is produced by turning it on a lathe,n. 旋转( turning的复数形式 ); 转弯处; 变向; 车工工艺,,,,,0,0,0:turning/1:s,,
turnip,'tә:nip,n. widely cultivated plant having a large fleshy edible white or yellow root\nn. root of any of several members of the mustard family,"n. 芜菁, 芜菁甘蓝\n[医] 芜菁, 萝卜",n:100,1,,cet4 cet6,19263,15232,s:turnips,,
turnip aphid,,,萝卜蚜;菜缢管蚜,,,,,0,0,,,
turnip bed,,,[网络] 萝卜床,,,,,0,0,s:turnip beds,,
turnip beds,,,[网络] 萝卜床\n(turnip bed 的复数),,,,,0,0,0:turnip bed/1:s,,
turnip cabbage,ˈtɜ:nɪp ˈkæbidʒ,, 球茎甘蓝,,,,,0,0,s:turnip cabbages,,
turnip cabbages,,,[园艺] 苤蓝\n球茎甘蓝,,,,,0,0,0:turnip cabbage/1:s,,
turnip cutter,,,un. 切罗卜机,,,,,0,0,,,
turnip dart-moth(noctua segetum),,,夜蛾科昆虫之一种,,,,,0,0,,,
turnip flea,,,芜菁潜叶跳甲,,,,,0,0,,,
turnip fly,,,芜菁叶蜂,,,,,0,0,,,
turnip garden parsley,,,芜菁根欧芹,,,,,0,0,,,
turnip ghost,,,芜菁灯,,,,,0,0,,,
turnip greens,,,[网络] 芜菁；芜菁叶；芜菁菜,,,,,0,0,s:turnip greenss,,
turnip greenss,,,[网络] 芜菁；芜菁叶；芜菁菜\n(turnip greens 的复数),,,,,0,0,0:turnip greens/1:s,,
turnip head,,,[网络] 芜菁头,,,,,0,0,,,
turnip heads,,,[网络] 芜菁头,,,,,0,0,,,
turnip leaf miner,,,芜菁潜叶虫,,,,,0,0,,,
turnip maggot,,,萝卜蛭,,,,,0,0,,,
turnip meth,,,黄地老虎,,,,,0,0,,,
turnip moosaic virus gardner and kendrick,,,萝卜、甘蓝花柳叶、芜青、芥菜、其他芸薹属植物;山葵、茼莴、菠菜、金盏花及紫罗兰嵌纹病毒之一;白菜、瑞典芜青嵌纹病毒,,,,,0,0,,,
turnip moth,,,un. 黄地老虎,,,,,0,0,,,
turnip plant,,,[网络] 萝卜植物,,,,,0,0,s:turnip plants,,
turnip plants,,,[网络] 萝卜植物\n(turnip plant 的复数),,,,,0,0,0:turnip plant/1:s,,
turnip radich,,,[网络] 圆萝卜,,,,,0,0,,,
turnip radish,,,小圆萝卜,,,,,0,0,,,
turnip sawflies,,,[网络] 萝卜锯,,,,,0,0,,,
turnip sawfly,,,芜菁叶蜂;菜叶蜂,,,,,0,0,,,
turnip shell,,,[网络] 萝卜壳,,,,,0,0,,,
turnip shells,,,[网络] 萝卜壳,,,,,0,0,,,
turnip tops,,,n. 芜菁叶,,,,,0,0,,,
turnip type rape,,,白菜型油菜,,,,,0,0,,,
turnip yellow mosaic virus,,,芜菁黄花叶病毒,,,,,0,0,,,
turnip-root chervil,,,[园艺] 细叶芹,,,,,0,0,,,
turnip-rooted cabbage,,,"球茎甘蓝, 苤蓝",,,,,0,0,,,
turnip-rooted celeries,"'tə:nip,ru:tid",,"turnip-rooted celery\n['tə:nip,ru:tid]\n= celeriac",,,,,0,0,0:turnip-rooted celery/1:s,,
turnip-rooted celery,,,un. 块根芹,,,,,0,0,s:turnip-rooted celeries,,
turnip-rooted chervil,,,香菜芹,,,,,0,0,,,
turnip-rooted parsley,"ˈtɜ:nɪpru:tɪd, -ˌrʊtɪd",, 根用欧芹,,,,,0,0,s:turnip-rooted parsleys,,
turnip-rooted parsleys,,, 根用欧芹\n(turnip-rooted parsley 的复数),,,,,0,0,0:turnip-rooted parsley/1:s,,
turnip-shaped,'tɜ:nɪpʃ'eɪpt,s shaped in the form of a turnip, 芜菁根形的,,,,,0,0,,,
turnipless,,,[网络] 无礼,,,,,0,0,,,
turniplike,'tə:nip,,"turniplike\nadj.\nturnip的变形\nturnip\n['tə:nip]\nn.\n【植物】芜菁 (Brassica rapa), 萝卜\n芜菁根\n芜菁作物，萝卜\n[旧俚语]怀表\n短语:\nget blood from (或 out of) a turnip\n见 blood",,,,,0,0,,,
turnippy,,,[网络] 芜菁,,,,,0,0,,,
turnips,ˈtɜ:nɪps,n. widely cultivated plant having a large fleshy edible white or yellow root\nn. root of any of several members of the mustard family,n. 芜青( turnip的复数形式 ); 芜菁块根; 芜菁甘蓝块根; <俚>怀表,,,,,0,0,0:turnip/1:s3,,
turnipseed,,, [人名] 特尼普西德,,,,,0,0,,,
turnipwood,"'tә:nip,wud",,"青龙木, 黑黄檀",,,,,0,0,,,
turnipy,'t\\\\:nipi,,a. 芜菁味的,,,,,0,0,,,
turnistile radiator,,,正交叉辐射器,,,,,0,0,,,
turnitin,,,[网络] 抄袭监测系统；论文反剽窃系统；抄袭检查平台,,,,,0,0,,,
turnitin.com,,,[网络] 抄袭检查网站；抄袭服务；商业检测系统,,,,,0,0,,,
turnix,'tə:niks,"n. Any one of numerous species of birds belonging to Turnix or\n   Hemipodius and allied genera of the family Turnicidae. These birds\n   resemble quails and partridges in general appearance and in some of\n   their habits, but differ in important anatomical characteristics. The\n   hind toe is usually lacking. They are found in Asia, Africa, Southern\n   Europe, the East Indian Islands, and esp. in Australia and adjacent\n   islands, where they are called quails (see Quail, n., 3.). See\n   Turnicimorphae.",n. = button quail,,,,,0,0,s:turnixes,,
turnix suscitator rostratus,,,棕三趾鹑,,,,,0,0,,,
Turnix sylvatica,,,[网络] 林三趾鹑；二名法,,,,,0,0,s:turnix sylvaticas,,
turnix sylvaticas,,,[网络] 林三趾鹑；二名法\n(turnix sylvatica 的复数),,,,,0,0,0:turnix sylvatica/1:s,,
turnix sylvaticus davidi,,,林三趾鹑；小三趾鹑,,,,,0,0,,,
turnix tanki blanfordii,,,黄脚三趾鹑,,,,,0,0,,,
turnixes,,,n. = button quail\n(turnix 的复数),,,,,0,0,0:turnix/1:s,,
Turnišče,,,[地名] 图尔尼什切 ( 斯洛文 ),,,,,0,0,,,
turnkey,'tә:nki:,n someone who guards prisoners,"n. 监狱看守, 狱吏\n[计] 总控钥匙",n:100,,,,27580,30165,s:turnkeys,,
turnkey agreement,,,交钥匙工程协议书,,,,,0,0,,,
turnkey approach,,,钥匙方式，启钥方式,,,,,0,0,,,
turnkey basis,,,un. 全盘设计\n[网络] 代料,,,,,0,0,,,
turnkey bid,,,钥匙方式承包，总承包,,,,,0,0,,,
Turnkey Business,,,[网络] 统包商业,,,,,0,0,,,
turnkey console,,,监管控制台,,,,,0,0,,,
Turnkey construction,,,交钥匙工程建设,,,,,0,0,,,
turnkey contract,,,[法] 启钥契约,,,,,0,0,,,
turnkey factory,,,全部包建的工厂,,,,,0,0,,,
turnkey franchising,,,交钥匙特许,,,,,0,0,,,
turnkey front panel,,,监管前板,,,,,0,0,,,
turnkey industry,,,启钥工业;统包工业,,,,,0,0,,,
turnkey investemt,,,[法] 启钥投资,,,,,0,0,,,
turnkey investment,,,"启钥投资,“交钥匙”投资",,,,,0,0,,,
turnkey invitation to tender,,,交钥匙工程指标,,,,,0,0,,,
turnkey job,,,[法] 全部包办的工程,,,,,0,0,,,
turnkey operation,,,交钥匙作业,,,,,0,0,,,
turnkey plant,,,"[经] ""交钥匙""工厂(车间,厂房,固定设备)",,,,,0,0,,,
turnkey project,,,交钥匙工程，总包计划,,,,,0,0,,,
turnkey projects,,,[网络] 交钥匙工程；交钥匙性的；交钥匙项目,,,,,0,0,,,
turnkey reactors,,,一切齐备即可投入使用的核反应堆,,,,,0,0,,,
turnkey service,,,总包服务,,,,,0,0,,,
turnkey solution,,,[网络] 解决方案；统包解决方案；交钥匙解决方案,,,,,0,0,,,
turnkey system,,,承包系统,,,,,0,0,,,
turnkey vendor,,,转钥供应商,,,,,0,0,,,
turnkey well,,,[经] 全承包井,,,,,0,0,,,
turnkeyed,'tɜːnkiː,,n.\n【计算机】成套系统\n[古语]监狱看守\n整套承包合同\nadj.\n[亦作 turn-key] [美国英语]\n(建筑业中)全承包的\n(根据合同)提供全套设备(或服务)的；(建筑商等对工程)一揽子承包安装的\n(楼房、工程等)一切齐备即可投入使用的；用户只须转动钥匙即可开始使用的，可交钥匙的；安装完毕只待开工的；可以移交投产的\n变形：\nn.\nturnkeys,,,,,0,0,,,
turnkeying,'tɜːnkiː,,n.\n【计算机】成套系统\n[古语]监狱看守\n整套承包合同\nadj.\n[亦作 turn-key] [美国英语]\n(建筑业中)全承包的\n(根据合同)提供全套设备(或服务)的；(建筑商等对工程)一揽子承包安装的\n(楼房、工程等)一切齐备即可投入使用的；用户只须转动钥匙即可开始使用的，可交钥匙的；安装完毕只待开工的；可以移交投产的\n变形：\nn.\nturnkeys,,,,,0,0,,,
turnkeys,ˈtə:nkiz,pl.  of Turnkey,n. 可立即投入使用的( turnkey的名词复数 ),,,,,0,0,0:turnkey/1:s,,
turnkind,,,[网络] 转身,,,,,0,0,,,
turnley,,, [人名] 特恩利,,,,,0,0,,,
turnleys,,,[网络] 转弯,,,,,0,0,,,
turnmeister,,,[网络] 转身,,,,,0,0,,,
turnmeter,"'tә:n,mitә",,"转速[转率, 回转]计, 回转速度指示器",,,,,0,0,,,
turnning,tәːniŋ,,"n. 旋转,转变",,,,,0,0,,,
turnnion center,,,枢轴中心,,,,,0,0,,,
turnock,,, [人名] 特诺克,,,,,0,0,,,
turnoff,'tә:nɒf,n. something causing antagonism or loss of interest\nn. a side road where you can turn off,"n. 岔开, 岔道, 关闭",n:100,,,,41764,20670,s:turnoffs,,
turnoff light,,,滑行;转弯灯,,,,,0,0,,,
turnoff mass,,,拐点质量,,,,,0,0,,,
turnoff point,,,【天文学】拐点，转向点,,,,,0,0,,,
turnoff time,,,关断时间,,,,,0,0,,,
turnoffs,,,na. 岔开；岔道；产品；成品\n[网络] 关闭；避开；关断,,,,,0,0,0:turnoff/1:s,,
turnon,,,接通,,,,,0,0,,,
turnon time,,,接入时间,,,,,0,0,,,
turnons,"'tə:n,ɔn",,n. 接通开启,,,,,0,0,,,
turnor,,,[网络] 车手,,,,,0,0,,,
Turnor L.,,,[地名] 特诺湖 ( 加 ),,,,,0,0,,,
turnour,,,[网络] 转身,,,,,0,0,s:turnours,,
turnours,,,[网络] 转身\n(turnour 的复数),,,,,0,0,0:turnour/1:s,,
turnout,'tә:naut,n. the group that gathers together for a particular occasion\nn. a part of a road that has been widened to allow cars to pass or park\nn. attendance for a particular event or purpose (as to vote in an election)\nn. (ballet) the outward rotation of a dancer's leg from the hip,"n. 聚集的人群, 出席者, 产量\n[化] 输出; 产额",n:100,1,,,10654,8011,s:turnouts,,
turnout branch,,,道岔侧线,,,,,0,0,,,
turnout building crane,,,道岔吊机,,,,,0,0,,,
turnout core box,,,un. 倾出式芯盒,,,,,0,0,,,
turnout curve,,,[电] 道岔曲度,,,,,0,0,,,
turnout curve behind frog,,,"岔心后方曲线, 道岔随附曲线",,,,,0,0,,,
turnout design,,,道岔设计,,,,,0,0,,,
turnout from curved track,,,曲线出岔道岔,,,,,0,0,,,
turnout gear,,,[网络] 消防战斗服；个人保护装备,,,,,0,0,,,
turnout guard rail,,,道岔护轨,,,,,0,0,,,
turnout lane,,,[交] 避车道,,,,,0,0,,,
turnout lead,,,导距,,,,,0,0,,,
turnout main,,,道岔主线,,,,,0,0,,,
turnout mast,,,道岔柱,,,,,0,0,,,
turnout number,,,道岔号数,,,,,0,0,,,
turnout on inside of a curve,,,曲线内方分岔,,,,,0,0,,,
turnout on outside of a curve,,,曲线外方分岔,,,,,0,0,,,
turnout renewal,,,更换道岔,,,,,0,0,,,
turnout replacement,,,更换道岔,,,,,0,0,,,
turnout side,,,分岔侧,,,,,0,0,,,
turnout sleeper,,,岔枕,,,,,0,0,,,
turnout survey,,,[铁路] 道岔测量,,,,,0,0,,,
turnout tie,,,岔枕,,,,,0,0,,,
turnout track,,,分叉道,,,,,0,0,,,
turnout with full-web section,,,帽型道岔,,,,,0,0,,,
turnout with thicker-web section,,,帽型道岔,,,,,0,0,,,
turnout zone,,,道岔区(驼峰编组场),,,,,0,0,,,
turnouts,'tɜ:naʊts,n. the group that gathers together for a particular occasion\nn. a part of a road that has been widened to allow cars to pass or park\nn. a short stretch of railroad track used to store rolling stock or enable trains on the same line to pass,n. 产量( turnout的复数形式 ); 出来; 设备; 清理,,,,,0,0,0:turnout/1:s,,
Turnov,,,[地名] 图尔诺夫 ( 捷 ),,,,,0,0,,,
turnover,'tә:n.әuvә,n. a dish made by folding a piece of pastry over a filling,"n. 翻倒, 翻转, 半圆酥饼, 营业额, 流通, 周转\na. 可翻转的",n:100,2,,cet6 ky ielts,2796,6125,s:turnovers,,
turnover and pinlift machine,,,[机] 翻转顶销脱模机,,,,,0,0,,,
turnover board,,,翻转底板,,,,,0,0,,,
turnover bonus,,,终额外津贴,,,,,0,0,,,
turnover capacity of storage space,,,库场货物周转量,,,,,0,0,,,
turnover cartridge,,,[电] 转移唱头,,,,,0,0,,,
turnover coefficient,,,周转系数,,,,,0,0,,,
turnover deduction,,,(工作人员)更替扣除数,,,,,0,0,,,
turnover device,,,[机] 翻转装置,,,,,0,0,,,
turnover door,,,翻转门,,,,,0,0,,,
turnover elevator,,,"倾翻式升运器,木格板转式升运器,杂穗升运器",,,,,0,0,,,
turnover equation,,,交易方程式,,,,,0,0,,,
turnover fixed assets,,,un. 固定资产周转率,,,,,0,0,,,
turnover frequency,,,[电] 转移频率,,,,,0,0,,,
turnover intention,,, 离职意向; 离职倾向,,,,,0,0,,,
turnover job,,,大修,,,,,0,0,,,
turnover jolt squeeze moulding machine,,,转板式震压造型机,,,,,0,0,,,
turnover labo(u)r,,,[劳经] 替工,,,,,0,0,,,
turnover labour,,,[经] 替工,,,,,0,0,,,
turnover machine,,,翻箱机,,,,,0,0,,,
turnover mechanism,,,翻转机构,,,,,0,0,,,
turnover mo(u)lding,,,[机] 翻转造型,,,,,0,0,,,
turnover molding machine,,,[机] 翻转造模机,,,,,0,0,,,
turnover mouding,,,un. 翻转造型,,,,,0,0,,,
turnover moulding,,,翻转造型,,,,,0,0,,,
turnover number,,,[机] 转换数,,,,,0,0,,,
turnover number(of an enzyme),,,(一个酵素的)回转数;转变数,,,,,0,0,,,
turnover of accounts receivable,,,[经] 应收帐款周转率,,,,,0,0,,,
turnover of all capital,,,[经] 总资本周转率,,,,,0,0,,,
turnover of all investment,,,[经] 总投资周转率,,,,,0,0,,,
turnover of animal herds,,,畜群的周转,,,,,0,0,,,
turnover of capital,,,[经] 资本的周转率,,,,,0,0,,,
turnover of current assets,,,[经] 流动资产周转率(额),,,,,0,0,,,
turnover of current capital,,,流动资金周转,,,,,0,0,,,
turnover of demand deposite,,,[金融] 活期存款周转率,,,,,0,0,,,
turnover of demand deposits among private and public deposits,,,公私存款中活期存款周转率,,,,,0,0,,,
turnover of finished goods,,,[经] 产成品周转率(额),,,,,0,0,,,
turnover of fixed assets,,,[经] 固定资产周转率,,,,,0,0,,,
turnover of foreign trade,,,[经] 对外贸易额,,,,,0,0,,,
turnover of freight traffic,,,货物周转量,,,,,0,0,,,
turnover of funds,,,资金周转,,,,,0,0,,,
turnover of goods in process,,,[经] 在产(制)品周转率,,,,,0,0,,,
turnover of inventories,,,[经] 存货周转率(额),,,,,0,0,,,
turnover of inventory,,,存货周转率,,,,,0,0,,,
turnover of investment,,,[经] 投资周转率(额),,,,,0,0,,,
turnover of material in stock,,,un. 储存中原料周转,,,,,0,0,,,
turnover of materials,,,[经] 原料周转次数,,,,,0,0,,,
turnover of money,,,[金融] 货币周转速度,,,,,0,0,,,
turnover of net working capital,,,净运用资本周转率,,,,,0,0,,,
turnover of net worth,,,[经] 净值周转率(额),,,,,0,0,,,
turnover of networth,,,净值周转率,,,,,0,0,,,
turnover of passenger traffic,,,旅客周转量,,,,,0,0,,,
turnover of payable,,,[经] 应付款项周转率(额),,,,,0,0,,,
turnover of payment,,,[会计] 应付帐款周转率,,,,,0,0,,,
turnover of plant and equipment,,,[经] 厂房和设备周转率,,,,,0,0,,,
turnover of raw material,,,[会计] 原材料周转,,,,,0,0,,,
turnover of raw materials,,,[经] 原材料周转率(额),,,,,0,0,,,
turnover of receivable,ˈtə:nˌəuvə ɔv rɪˈsi:vəbəl,, [财]应收款周转率,,,,,0,0,,,
turnover of receivable ratio,,,[经] 应收款项周转比率,,,,,0,0,,,
turnover of receivables,,,应收账款周转率,,,,,0,0,,,
turnover of stock,,,[经] 存货周转率(额),,,,,0,0,,,
turnover of stock inventories,,,un. 存货周转率,,,,,0,0,,,
turnover of students,,,学生的流动性,,,,,0,0,,,
turnover of total assets,,,[经] 总资产周转率(额),,,,,0,0,,,
turnover of total capital,,,[经] 总资产周转率,,,,,0,0,,,
turnover of total liabilities,,,负债总额周转率,,,,,0,0,,,
turnover of total liabilities and net worth,,,负债及资本净值总额周转率,,,,,0,0,,,
turnover of total operating assets,,,[经] 总经营资产周转率,,,,,0,0,,,
turnover of total operation assets,,,经营资产总额周转率,,,,,0,0,,,
turnover of working capital,,,[经] 运用资本周转率,,,,,0,0,,,
turnover on stock exchange,,,股票交易所周转量,,,,,0,0,,,
turnover per capita,,,人均周转额,,,,,0,0,,,
turnover per capital,,,[经] 每人平均周转率,,,,,0,0,,,
turnover period,,,周转时期,,,,,0,0,,,
turnover pickup,,,[电] 转移拾音,,,,,0,0,,,
turnover plough,,,[农机] 横轴翻转犁,,,,,0,0,,,
turnover plow,,,翻转犁,,,,,0,0,,,
turnover processes,,,翻覆作用,,,,,0,0,,,
turnover radius,,,转向点半径,,,,,0,0,,,
turnover rate,,,[经] 周转率,,,,,0,0,s:turnover rates,,
turnover rate constant,,,周转率常数,,,,,0,0,,,
turnover rate of capital,,,[经] 资本周转率,,,,,0,0,,,
turnover rate of current capital,ˈtə:nˌəuvə reit ɔv ˈkʌrənt ˈkæpitl,, [财]流动资金周转率,,,,,0,0,,,
turnover rate of funds,,,资金周转率,,,,,0,0,,,
turnover rate of merchandise current capital,,,[会计] 商品流动资金周转率,,,,,0,0,,,
turnover rate of personnel,,,人员变动率,,,,,0,0,,,
turnover rate of receivables,,,[经] 应收帐款周转率,,,,,0,0,,,
turnover rate of standard current fund,ˈtə:nˌəuvə reit ɔv ˈstændəd ˈkʌrənt fʌnd,, [财]定额流动资金周转率,,,,,0,0,,,
turnover rate of warehouse and transitshed,,,仓栈週转率,,,,,0,0,,,
turnover rate of whole circulating fund,ˈtə:nˌəuvə reit ɔv həul ˈsə:kjuleitiŋ fʌnd,, [财]全部流动资金周转率,,,,,0,0,,,
turnover rate on total resources employed,,, [财]总资本周转率,,,,,0,0,,,
turnover rates,,,[会计] 周转率，换手率,,,,,0,0,0:turnover rate/1:s,,
turnover ratio,,,[经] 周转比率,,,,,0,0,,,
turnover ratio of account payable,,,[会计] 应付帐款周转率,,,,,0,0,,,
turnover ratio of accounts payable,,,[经] 应付帐款周转率,,,,,0,0,,,
turnover ratio of assets,,,资产週转率,,,,,0,0,,,
turnover ratio of capital,,,[经] 资本周转率,,,,,0,0,,,
turnover ratio of fixed assets,,,un. 固定资产周转率,,,,,0,0,,,
turnover ratio of inventory,,,[经] 存货周转率,,,,,0,0,,,
turnover ratio of inventory stock,,,un. 存货周转率,,,,,0,0,,,
turnover ratio of net worth,,,[经] 净值周转率,,,,,0,0,,,
turnover ratio of receivables,,,un. 应收帐款周转率,,,,,0,0,,,
turnover ratio of total liabilities,,,un. 负债总额周转率,,,,,0,0,,,
turnover ratio of total liabilities and net worth,,,负债总额与净值周转率,,,,,0,0,,,
turnover ratio of total operating assets,,,un. 运营资产总额周转率,,,,,0,0,,,
turnover ratio of working capital,,,[经] 运用资本周转率,,,,,0,0,,,
turnover ratios,,,[经] 周转比率,,,,,0,0,,,
turnover rebate,,,年度总额回扣,,,,,0,0,,,
turnover receivables,,,[经] 应收款项周转率(额),,,,,0,0,,,
turnover station,,,[机] 转位工位,,,,,0,0,,,
turnover stock,,,周转股票,,,,,0,0,,,
turnover structure,,,翻覆保护结构,,,,,0,0,,,
turnover study,,,周转率调查,,,,,0,0,,,
turnover tax,,,[经] 周转税,,,,,0,0,,,
turnover tax system,,,[税收] 流通税系,,,,,0,0,,,
turnover temperature,,,转换温度,,,,,0,0,,,
turnover time,,,[计] 翻转时间,,,,,0,0,,,
turnover time of freighttrain per week,,,货车周转时间,,,,,0,0,,,
turnover top,,,[服装] 翻口袜口,,,,,0,0,,,
turnover total capital,,,[会计] 资本总额周转率,,,,,0,0,,,
turnover type pickup,,,翻转式拾音器;交叉(双)拾音器,,,,,0,0,,,
turnover unit,,,un. 翻转装置\n[网络] 旋转精度,,,,,0,0,,,
turnover velocity,,,周转速度,,,,,0,0,,,
turnover voltage,,,[电子] 翻转电压,,,,,0,0,,,
turnover volume of freight traffic,,,货物周转量,,,,,0,0,,,
turnover year,ˈtə:nˌəuvə jə:,, [财]周转年度,,,,,0,0,,,
turnovers,'tɜ:nəʊvəz,n. the ratio of the number of workers that had to be replaced in a given time period to the average number of workers\nn. a dish made by folding a piece of pastry over a filling\nn. the volume measured in dollars,n. 营业额( turnover的复数形式 ); 失误（篮球术语）; 职工流动率; （商店的）货物周转率,,,,,0,0,0:turnover/1:s,,
turnovers of commercial and service trades,,,服务行业的流转额,,,,,0,0,,,
turnovo,,,[网络] 特尔诺沃,,,,,0,0,s:turnovoes,,
turnovo (veliko turnovo),,,[大]特尔诺沃,,,,,0,0,,,
turnovoes,,,[网络] 特尔诺沃\n(turnovo 的复数),,,,,0,0,0:turnovo/1:s,,
turnovsky,,,[网络] 宏观经济理论；托洛维斯基；图尔诺夫斯基,,,,,0,0,,,
turnpike,,n. (from 16th to 19th centuries) gates set across a road to prevent passage until a toll had been paid\nn. an expressway on which tolls are collected,"n. 收税栅, 收税路, 收税高速公路, 公路, 大道",n:100,,,toefl,28470,19929,s:turnpikes,,
turnpike doubles,,,[网络] 收费双打,,,,,0,0,,,
turnpike effect,,,栅阻效应,,,,,0,0,,,
turnpike road,,,n. 收取通行税之道路,,,,,0,0,,,
turnpike theorem,,,un. 收费闸口理论\n[网络] 大道定理；高速增长定理；高速公路理论,,,,,0,0,,,
turnpike trust,,,[网络] 收费高速公路营运者,,,,,0,0,,,
Turnpike-road,,,公路,,,,,0,0,,,
turnpiked,'tɜːnpaɪk,imp. & p. p. of Turnpike,n. 高速公路；= tollgate,,,,,0,0,0:turnpike/1:d,,
turnpikes,ˈtɜ:nˌpaɪks,n. (from 16th to 19th centuries) gates set across a road to prevent passage until a toll had been paid\nn. an expressway on which tolls are collected,"n. 公路, 付费公路( turnpike的复数形式 ); （旧时的）收税关卡",,,,,0,0,0:turnpike/1:s3,,
turnpiking,'tɜːnpaɪk,p. pr. & vb. n. of Turnpike,n. 高速公路；= tollgate,,,,,0,0,0:turnpike/1:i/s:turnpikings,,
turnpikings,,,n. 高速公路；= tollgate\n(turnpiking 的复数),,,,,0,0,0:turnpiking/1:s,,
turnplate,'t\\\\:npleit,n. A turntable.,转盘,,,,,0,0,,,
turnplates,,,n. 旋转台；转车盘\n[网络] 转盘；回转板；转车台,,,,,0,0,,,
turnplow,,,铧式犁,,,,,0,0,,,
turnquest,,, [人名] 特恩奎斯特,,,,,0,0,,,
turnquist,,, [人名] 特恩奎斯特,,,,,0,0,,,
turnround,'tә:nraund,n act or process of unloading and loading and servicing a vessel or aircraft for a return trip,(机车、货车)周转(时间),,,,,35898,0,s:turnrounds,,
turnround management,,,[网络] 周转管理,,,,,0,0,,,
turnround of a ship,,,[网络] 船舶在港时间,,,,,0,0,,,
turnround port,,,中转港口,,,,,0,0,,,
turnround time of passenger train set,,,旅客列车车底周 转时间,,,,,0,0,,,
turnrounds,'tɜːnraʊnd,n. act or process of unloading and loading and servicing a vessel or aircraft for a return trip,n. 突然好转（或恶化）；周转时间（等于turnaround）,,,,,0,0,0:turnround/1:s,,
turnrow,,,地头,,,,,0,0,,,
turns,,"n a circular segment of a curve\nn the act of changing or reversing the direction of the course\nn (game) the activity of doing something in an agreed succession\nn an unforeseen development\nn a movement in a new direction\nn the act of turning away or in the opposite direction\nn turning or twisting around (in place)\nn a time for working (after which you will be relieved by someone else)\nn (sports) a division during which one team is on the offensive\nn a short theatrical performance that is part of a longer program\nn a favor for someone\nn taking a short walk out and back\nv change orientation or direction, also in the abstract sense\nv undergo a transformation or a change of position or action\nv undergo a change or development\nv cause to move around or rotate\nv change to the contrary\nv pass to the other side of\nv pass into a condition gradually, take on a specific property or attribute; become\nv let (something) fall or spill from a container\nv move around an axis or a center\nv cause to move around a center so as to show another side of\nv to send or let go\nv to break and turn over earth especially with a plow\nv shape by rotating on a lathe or cutting device or a wheel\nv change color\nv twist suddenly so as to sprain\nv cause to change or turn into something different; assume new characteristics\nv accomplish by rotating\nv get by buying and selling\nv cause to move along an axis or into a new direction\nv channel one's attention, interest, thought, or attention toward or away from something\nv cause (a plastic object) to assume a crooked or angular form\nv alter the functioning or setting of\nv direct at someone\nv have recourse to or make an appeal or request for help or information to\nv go sour or spoil\nv become officially one year older",n. 转弯；匝数；圈数（turn的复数形式）；手动车床,,,,,0,0,0:turn/1:3s,,
turns a blind eye,,,对…故意视而不见；对…假装不见,,,,,0,0,,,
turns a profit,,,获取利润\n盈利,,,,,0,0,,,
turns about,,,转身，反复思考；转变，改变主意,,,,,0,0,,,
turns against,,,na. 背叛；使对抗；厌恶,,,,,0,0,,,
turns and turn about,,,轮流地,,,,,0,0,,,
turns around,,,na. 转身；〈美〉使向好的方向转变\n[网络] 然后转过脸去,,,,,0,0,0:turn around/1:s,,
turns away,,,v. 转变方向；转变方向\n[网络] 驱逐；爱犬离你而去,,,,,0,0,,,
turns away from,,,厌恶；对…感到厌烦,,,,,0,0,,,
turns back,,,na. 同“turn down ”,,,,,0,0,,,
turns back the clock,,,把钟拨慢,,,,,0,0,,,
turns coat,'tɜːnkəʊt,,n. 变节者；背叛者,,,,,0,0,,,
turns correction compensation,,,[网络] 匝数更正值；匝数更正补偿；匝数更正补偿值,,,,,0,0,,,
turns down,,,na. 翻下(衣领等)；扭小(灯火等)拒绝考虑；拒绝(某人),,,,,0,0,,,
turns his back on,,,不理会…...\n拒绝给予…...帮助,,,,,0,0,,,
turns in,,,un. 内旋\nv. 向里弯曲,,,,,0,0,,,
turns inside out,,,彻底搜查；翻出,,,,,0,0,,,
turns insulation,,,线匝绝缘,,,,,0,0,,,
turns into,,,v. 变成；变成；把…改造成\n[网络] 意思是变成,,,,,0,0,,,
turns loose,,,释放；放纵；发射,,,,,0,0,,,
turns me off,,,使我受不了,,,,,0,0,,,
turns me on,,,把我开启；让我快乐（歌曲名）,,,,,0,0,,,
turns of events,,,形势的变化,,,,,0,0,0:turn of events/1:s,,
turns of expression,,,表达方式， 措辞,,,,,0,0,0:turn of expression/1:s,,
turns of phrase,,,措辞\n表达方式\n口才,,,,,0,0,0:turn of phrase/1:s,,
turns of the century,,,世纪之交；19世纪与20世纪转换交替时期；19世纪末20世纪初,,,,,0,0,0:turn of the century/1:s,,
turns off,,,un. 车削；逐出\nv. 关掉,,,,,0,0,,,
turns on,,,na. 转向；对…进行突击,,,,,0,0,,,
turns on the waterworks,,,哭起来,,,,,0,0,,,
turns out,,,n. 切断\nun. 外旋\nv. 证明；原来；到场\n[网络] 事实证明；原来的；结果呢,,,,,0,0,,,
turns over,,,na. ￡ 500 a week 每星期卖得五百镑,,,,,0,0,,,
turns over to,,,移交给；转交给,,,,,0,0,,,
turns per inch,,,每英寸转数,,,,,0,0,,,
turns ratio,,,[计] 匝比,,,,,0,0,,,
turns round,,,转身，转向；归航；回车道；转变,,,,,0,0,,,
turns someone off,,,使某人对某人或某事减少兴趣,,,,,0,0,,,
turns someone on,,,（尤指在性方面）刺激某人，激发某人性欲,,,,,0,0,,,
turns something inside out,,,[网络] 不正常,,,,,0,0,,,
turns step down ratio,,,压匝比,,,,,0,0,,,
turns the tables,,,扭转局势；反败为胜,,,,,0,0,,,
turns the tables on,,,从劣势转为优势,,,,,0,0,,,
turns the tables upon,,,un. 转而占…的上风,,,,,0,0,,,
turns the tide,,,扭转局势；转变运气,,,,,0,0,,,
turns to,,,na. 变成；请求；着手工作；同“turn into ”,,,,,0,0,,,
turns Turk,,,[网络] 转土耳其人,,,,,0,0,,,
turns up,,,v. 朝上翻；出现\n[网络] 举起,,,,,0,0,,,
turns up the heat,,,加大压力\n使事件升温\n调高温度\n开大暖气,,,,,0,0,,,
turns upon,,,随……而定,,,,,0,0,,,
turns your back on,,,置之不理（turn one's back on）\n拒绝帮助（turn one's back on）,,,,,0,0,,,
turns-about,,,un. 轮流地,,,,,0,0,0:turn-about/1:s,,
turns-in,,,un. 内旋\nv. 向里弯曲,,,,,0,0,0:turn-in/1:s,,
turns-insulating,,,匝间绝缘,,,,,0,0,,,
turns-of-phrase,,,[网络] 惯用的措词,,,,,0,0,,,
turns-of-the-century,,,adj. 世纪之交的\n(turn-of-the-century 的复数),,,,,0,0,0:turn-of-the-century/1:s,,
turns-on,,,na. 转向；对…进行突击,,,,,0,0,0:turn-on/1:s,,
turns-over,,,na. ￡ 500 a week 每星期卖得五百镑,,,,,0,0,0:turn-over/1:s,,
turnscrew,ˊtәːnskruː,,n. 螺丝旋转具,,,,,0,0,,,
turnscrews,,,na. 螺丝钻\n[网络] 螺丝起子；螺丝旋转工具；螺丝批,,,,,0,0,,,
turnsheet,,,转辙板,,,,,0,0,,,
turnsick,'t\\\\:nsik,,"n. [兽医]家畜晕倒病,蹒跚病",,,,,0,0,,,
turnsickness,,,蹒跚病,,,,,0,0,,,
turnside,'t\\\\:nsaid,,n. [兽医](牛、羊、犬等的)眩晕,,,,,0,0,,,
turnsilver,,,[网络] 转身,,,,,0,0,,,
turnskin,,,[网络] 貂皮,,,,,0,0,,,
turnskins,,,[网络] 金丝雀,,,,,0,0,,,
turnsol,,,"[医] 石蕊, 石蕊素",,,,,0,0,,,
turnsole,'tә:nsәul,a. A plant of the genus Heliotropium; heliotrope; -- so\n   named because its flowers are supposed to turn toward the sun.\na. The sunflower.\na. A kind of spurge (Euphorbia Helioscopia).\na. The euphorbiaceous plant Chrozophora tinctoria.\na. Litmus.\na. A purple dye obtained from the plant turnsole. See def. 1\n   (d).,n. 向阳性植物,,,,,0,0,,,
turnsoles,,,na. 【植】向日葵\n[网络] 石蕊；灯台草；向日性植物,,,,,0,0,,,
turnsols,,,[网络] 傻瓜,,,,,0,0,,,
turnspit,"'tә:n,spit",n a roasting spit that can be turned,"n. 负责旋转烤肉叉的人, 转叉狗",,,,,0,0,s:turnspits,,
turnspits,'tɜːnspɪt,,n. 负责旋转烤肉叉的人；旋转式烤肉叉；转叉狗,,,,,0,0,0:turnspit/1:s,,
turnsratio,,,变压器变比,,,,,0,0,,,
turnstile,'tә:nstail,n. a gate consisting of a post that acts as a pivot for rotating arms; set in a passageway for controlling the persons entering,n. 十字转门,n:100,,,,23295,20739,s:turnstiles,,
turnstile aerial,,,杆式天线,,,,,0,0,,,
turnstile antenna,,,[电] 正交叉天线,,,,,0,0,,,
turnstile attendance,,,[网络] 转门出席,,,,,0,0,,,
turnstile dipole antenna,,,绕桿式双极天线,,,,,0,0,,,
turnstile executive,,,[委婉语]票贩子，炒票者,,,,,0,0,,,
turnstile feed,,,绕杆式馈源,,,,,0,0,,,
turnstile folded dipole,,,绕杆叠合振子,,,,,0,0,,,
turnstile junction,,,绕桿式接头,,,,,0,0,,,
turnstile radiator,,,正交叉辐射器,,,,,0,0,,,
turnstiled,'tɜːnstaɪl,,n.\n(使人逐个通行的)旋转(式)栅门\n(立于入口处让人而不让车、马等通过的)绕杆；十字转门,,,,,0,0,,,
turnstiles,ˈtɜ:nˌstaɪlz,n. a gate consisting of a post that acts as a pivot for rotating arms; set in a passageway for controlling the persons entering,"n. （入口处等的）旋转式栅门, 旋杆( turnstile的复数形式 )",,,,,0,0,0:turnstile/1:s,,
turnstone,'tә:nstәun,n. migratory shorebirds of the plover family that turn over stones in searching for food,n. 翻石鹬,,,,,0,0,s:turnstones,,
turnstones,,plural of turnstone\nn. migratory shorebirds of the plover family that turn over stones in searching for food,(turnstone 的复数) n. 翻石鹬,,,,,0,0,0:turnstone/1:s,,
turnstyle,,"Someone who changes their fashion sense drastically, usually over a summer.\n> ""Mark was a full on [goth] in gr.9 but once that [H&M] openned he became a total [Metro]. What a turnstyle.""\n",,,,,,0,0,,,
turnt,,,[网络] 迂回,,,,,0,0,,,
turntable,'tә:nteibl,n. a circular horizontal platform that rotates a phonograph record while it is being played\nn. a revolving tray placed on a dining table\nn. a rotatable platform with a track; used to turn locomotives and cars,"n. 转车台, 唱盘",n:100,,,,20826,18124,s:turntables,,
turntable antenna mount,,,转台式天线座架,,,,,0,0,,,
turntable doffing mechanism,,,转台式落条筒机构,,,,,0,0,,,
turntable extruder,,,转台式压出机,,,,,0,0,,,
turntable girder,,,转车盘梁,,,,,0,0,,,
turntable hit,,,(收音机上有规律播放的存在于自动点唱机上的)唱片，唱盘,,,,,0,0,,,
turntable ladder,,,[英国英语] = aerial ladder,,,,,0,0,,,
turntable lock lever,,,转车盘锁闭器握柄,,,,,0,0,,,
turntable mounting,,,转盘架,,,,,0,0,,,
turntable mumble,,,转盘噪声,,,,,0,0,,,
turntable of dipper machine,,,铲斗转盘,,,,,0,0,,,
turntable press,,,转盘压砖机,,,,,0,0,,,
turntable reactor,,,旋转[木马]式反应器,,,,,0,0,,,
turntable rumble,,,[电] 转盘,,,,,0,0,,,
turntable slewing ring,,,转盘式回转支承环,,,,,0,0,,,
turntable support,,,转台支架,,,,,0,0,,,
turntabled,'tɜːnteɪb(ə)l,,n.\n唱盘，(唱机)转盘\n【铁路】转车台，转车盘\n(陶瓷匠、雕刻者等用的)转盘\n= Lazy Susan\n(广播用)录音转播机\n旋转炮塔,,,,,0,0,,,
turntables,'tɜ:nteɪblz,n. a circular horizontal platform that rotates a phonograph record while it is being played\nn. a revolving tray placed on a dining table\nn. a rotatable platform with a track; used to turn locomotives and cars,n. （唱机的）转盘( turntable的复数形式 ),,,,,0,0,0:turntable/1:s,,
turntabling,'tɜːnteɪb(ə)l,,n.\n唱盘，(唱机)转盘\n【铁路】转车台，转车盘\n(陶瓷匠、雕刻者等用的)转盘\n= Lazy Susan\n(广播用)录音转播机\n旋转炮塔,,,,,0,0,,,
turntablism,,,[网络] 唱盘主义；唱机主义；唱盘主义音乐,,,,,0,0,,,
turntablisms,,,[网络] turntablism,,,,,0,0,,,
turntablist,,,[网络] 唱盘音乐；唱盘艺术家；口昌盘手,,,,,0,0,,,
turntablists,,,[网络] 唱盘玩转手；唱盘主义,,,,,0,0,,,
turntail,'t\\\\:nteil,,"n. 逃跑者, 开小差者, 胆小鬼",,,,,0,0,,,
turntails,'tə:nteil,,n.\n懦夫，胆小鬼；逃跑者,,,,,0,0,,,
turnu,,,[网络] 货船；图尔努,,,,,0,0,,,
turnu magurele,,,"默古雷列堡, 图努摩古雷列",,,,,0,0,,,
Turnu Mǎgurele,,,[地名] 图尔努-默古雷莱 ( 罗 ),,,,,0,0,,,
Turnu Ruieni,,,[地名] 图尔努鲁耶尼 ( 罗 ),,,,,0,0,,,
Turnu Severin,,,[地名] *塞维林堡(德罗贝塔-塞维林堡的旧称) ( 罗 ),,,,,0,0,,,
turnup,'tә:næp,n the lap consisting of a turned-back hem encircling the end of the sleeve or leg,"n. 翻起物, 面朝上翻起的牌\na. 翻起的, 卷起的, 翘起的",,,,,0,0,s:turnups,,
turnup for the book,,,〈俚〉意想不到的事,,,,,0,0,,,
turnups,,plural of turnup\nn the lap consisting of a turned-back hem encircling the end of the sleeve or leg,"(turnup 的复数) n. 翻起物, 面朝上翻起的牌\na. 翻起的, 卷起的, 翘起的",,,,,0,0,0:turnup/1:s3,,
turnupseed,,,[网络] 转贴,,,,,0,0,,,
turnus,'tɜ:nəs,"n. A common, large, handsome, American swallowtail butterfly,\n   now regarded as one of the forms of Papilio, / Jasoniades, glaucus. The\n   wings are yellow, margined and barred with black, and with an\n   orange-red spot near the posterior angle of the hind wings. Called also\n   tiger swallowtail. See Illust. under Swallowtail.", [医]丝虫的定期出现性,,,,,0,0,,,
Turnverein,"'tunfeә,ain",n a club of tumblers or gymnasts,n. <德>体育协会,,,,,0,0,s:turnvereins,,
turnvereins,,,[网络] 体操俱乐部,,,,,0,0,0:turnverein/1:s,,
turnway,,,n. 梯田两端空地\n[网络] 没这个短语,,,,,0,0,,,
turnwrest,,,n. 翻转犁壁,,,,,0,0,,,
turnwrest plough,,,转壁双向犁,,,,,0,0,,,
turnwrest swing plough,,,摆杆式转壁双向犁,,,,,0,0,,,
turnwrest swing plow,,,摆杆式转壁双向犁,,,,,0,0,,,
turny,,,[网络] 蒂尔尼,,,,,0,0,,,
Turobin,,,[地名] 图罗宾 ( 波 ),,,,,0,0,,,
Turochak,,,[地名] 图罗恰克 ( 俄 ),,,,,0,0,,,
Turochakskiy Rayon,,,[地名] 图罗恰克区 ( 俄 ),,,,,0,0,,,
turoctocog alfa,,,[网络] turoctocog阿尔法,,,,,0,0,,,
turoff,,, [人名] 图罗夫,,,,,0,0,,,
turok,,,n. (Turok)人名；(英、俄、捷)图罗克,,,,,0,0,s:turoks,,
turoks,,,n. (Turok)人名；(英、俄、捷)图罗克,,,,,0,0,0:turok/1:s,,
Turon,,,[地名] 特伦 ( 美 ),,,,,0,0,,,
Turon R.,,,[地名] 特伦河 ( 澳 ),,,,,0,0,,,
turonian,tə:'rəuniən,n. One of the subdivisions into which the Upper Cretaceous\n   formation of Europe is divided., 土仑阶,,,,,0,0,,,
Turonian Age,,,土伦期,,,,,0,0,,,
Turonian series,,,土仑统,,,,,0,0,,,
Turonian Stage,,,土伦阶,,,,,0,0,,,
turophile,,turophile (plural turophiles)\na gourmet/connoisseur of cheese\n,,,,,,0,0,,,
turophiles,,,[网络] 乳酪行家,,,,,0,0,,,
Tuross R.,,,[地名] 图罗斯河 ( 澳 ),,,,,0,0,,,
turosteride,,,[网络] 妥罗雄脲；妥罗甾胺,,,,,0,0,,,
turover,,,[网络] 周转,,,,,0,0,,,
Turovets,,,[地名] 图罗韦茨 ( 俄 ),,,,,0,0,,,
Turovo,,,[地名] 图罗沃 ( 俄 ),,,,,0,0,,,
turow,,, [人名] 图罗,,,,,0,0,,,
turowicz,,,[网络] 图罗维奇；点图罗维奇,,,,,0,0,,,
Turowo,,,[地名] 图罗沃 ( 波 ),,,,,0,0,,,
turp,,,abbr. turpentine 松节油,,,,,0,0,s:turps,,
Turpan,'tjә'pɑ:n,,吐鲁番[新疆维吾尔自治区](旧译Turfan),,,,,0,0,s:turpans,,
turpans,'tuə'pɑ:n,,Turpan\n['tuə'pɑ:n]\n吐鲁番(中国新疆维吾尔自治区城市)[旧译 Turfan],,,,,0,0,0:turpan/1:s,,
turpel,,,[网络] 犀牛,,,,,0,0,,,
turpen,,, [人名] 特彭,,,,,0,0,,,
turpenoid,,,[网络] 葫芦,,,,,0,0,,,
turpentine,'tә:pәntain,n. obtained from conifers (especially pines)\nn. volatile liquid distilled from turpentine oleoresin; used as paint thinner and solvent and medicinally,"n. 松脂, 松木油, 松节油\nvt. 涂以松节油",n:100,,,,26215,18471,s:turpentines,,
turpentine (oil),,,松节油,,,,,0,0,,,
turpentine beetle,,,松脂小蠹,,,,,0,0,,,
turpentine borer,,,松脂蛀虫,,,,,0,0,,,
turpentine broom,,,[网络] 松节油扫帚,,,,,0,0,,,
turpentine camphor,,,"[医] 松节油脑, 松油二醇",,,,,0,0,,,
turpentine camphor weed,,,[网络] 松节油樟脑杂草,,,,,0,0,s:turpentine camphor weeds,,
turpentine camphor weeds,,,[网络] 松节油樟脑杂草\n(turpentine camphor weed 的复数),,,,,0,0,0:turpentine camphor weed/1:s,,
turpentine enema,,,[医] 松节油灌肠,,,,,0,0,,,
turpentine fibre,,,松节油纤维,,,,,0,0,,,
turpentine gum,,,松脂胶,,,,,0,0,,,
turpentine moth,,,松脂卷叶蛾,,,,,0,0,,,
turpentine oil,,,[医] 松节油,,,,,0,0,,,
turpentine orchard,,,松脂园,,,,,0,0,,,
turpentine pine,,,大王松,,,,,0,0,,,
turpentine separator,,,松节油澄清槽,,,,,0,0,,,
turpentine soot,,,"松烟,松树枝熏制的碳黑",,,,,0,0,,,
turpentine spirit,,,[医] 松节油,,,,,0,0,,,
Turpentine State,,,na. 〈美〉北卡罗来纳州\n[网络] 老北方州,,,,,0,0,,,
turpentine stupe,,,[医] 松节油热敷布,,,,,0,0,,,
turpentine substitute,,,n. 松节油代用品,,,,,0,0,,,
turpentine test,,,松香油试验,,,,,0,0,,,
turpentine timber,,,含脂材,,,,,0,0,,,
turpentine tree,,,turpentine tree\n【植物】\n产松节油乔木\n笃𧂭香树 (Pistacia terebinthus),,,,,0,0,,,
turpentine varnish,,,松节油清漆,,,,,0,0,,,
turpentine weed,,, [医]松脂油香草,,,,,0,0,s:turpentine weeds,,
turpentine weeds,,, [医]松脂油香草\n(turpentine weed 的复数),,,,,0,0,0:turpentine weed/1:s,,
turpentine wood oil,,,松木油,,,,,0,0,,,
turpentine-orchard,,,松脂林,,,,,0,0,,,
Turpentine-timber,,,含脂材,,,,,0,0,,,
turpentined,'tɜː(r)pəntaɪn,,v. 涂松节油；制松节油；采松脂\nn. 松脂(精)；松节油\n[网络] 松脂精；松香；松节油或松油脂,,,,,0,0,,,
turpentiner,,,采松节油者,,,,,0,0,,,
turpentiners,,,[网络] 滑稽者,,,,,0,0,,,
turpentines,'tɜː(r)pəntaɪn,,v. 涂松节油；制松节油；采松脂\nn. 松脂(精)；松节油\n[网络] 松脂精；松香；松节油或松油脂,,,,,0,0,0:turpentine/1:s,,
turpentiney,,,[网络] 松脂的,,,,,0,0,,,
turpenting,,,"[医] 松脂, 松油脂",,,,,0,0,,,
turpentinic,,,[网络] 松石油,,,,,0,0,,,
turpentining,'tɜː(r)pəntaɪn,,v. 涂松节油；制松节油；采松脂\nn. 松脂(精)；松节油\n[网络] 松脂精；松香；松节油或松油脂,,,,,0,0,,,
turpentinous,,,[网络] 松嫩的,,,,,0,0,,,
turpentiny,,,[网络] 摇滚乐,,,,,0,0,,,
turpentole,"'tә:pәn,tɔ:l",,精制石油,,,,,0,0,,,
turpeth,'tә:piθ,"n. The root of Ipom/a Turpethum, a plant of Ceylon, Malabar,\n   and Australia, formerly used in medicine as a purgative; -- sometimes\n   called vegetable turpeth.\nn. A heavy yellow powder, Hg3O2SO4, which consists of a basic\n   mercuric sulphate; -- called also turpeth mineral.",n. 印度喇叭花[牵牛花],,,,,0,0,,,
turpeth (calomel),,,汞膏;甘汞,,,,,0,0,,,
turpeth mineral,,,[医] 黄[色]硷式硫酸汞,,,,,0,0,,,
turpethin,'tә:piθin,,印度牵牛苷,,,,,0,0,,,
turpeyl,,,[网络] 草坪,,,,,0,0,,,
turph,,,[网络] 发酵罐专用,,,,,0,0,,,
"Turpicotay, Cord.de",,,[地名] 图皮科泰山 ( 秘 ),,,,,0,0,,,
turpid,,,[网络] 草皮,,,,,0,0,,,
turpidly,,,[网络] 草皮,,,,,0,0,,,
turpidometer,tә:pi'dɔmitә,,浮沉测粒计,,,,,0,0,,,
turpie,,,[网络] 派,,,,,0,0,,,
Turpin,,n. English highwayman (1706-1739),特平（人名）,,,,,27488,0,s:turpins,,
Turpin Ben,'tə:pin,,特平（1874～1940，美国幽默片喜剧演员）,,,,,0,0,,,
"Turpin, Richard (Dick)",'tə:pin,,特平（1705～1739，英国强盗，后被绞死）,,,,,0,0,,,
Turpinia,,,山香圆属,,,,,0,0,,,
Turpinia affinis,,,n. 硬毛山香圆,,,,,0,0,,,
Turpinia arguta,,,n. 锐尖山香圆,,,,,0,0,,,
Turpinia cochinchinensis,,,n. 越南山香圆,,,,,0,0,,,
turpinia enpalensis wall.,,,大果山香圆(陈嵘),,,,,0,0,,,
Turpinia formosana,,,n. 台湾山香圆,,,,,0,0,,,
Turpinia indochinensis,,,n. 疏脉山香圆,,,,,0,0,,,
Turpinia macrosperma,,,n. 大籽山香圆,,,,,0,0,,,
Turpinia montana,,,n. 山香圆,,,,,0,0,,,
Turpinia ovalifolia,,,n. 卵叶山香圆,,,,,0,0,,,
Turpinia pomifera,,,n. 大果山香圆,,,,,0,0,,,
turpinia pomifera dc.,,,山香圆(F.N),,,,,0,0,,,
Turpinia robusta,,,n. 粗壮山香圆,,,,,0,0,,,
Turpinia simplicifolia,,,n. 亮叶山香圆,,,,,0,0,,,
Turpinia subsessilifolia,,,n. 心叶山香圆,,,,,0,0,,,
turpinia taiwaniana nakai,,,台湾山香圆,,,,,0,0,,,
Turpinia ternata,,,n. 三叶山香圆,,,,,0,0,,,
turpinite,,,[网络] 坡板,,,,,0,0,,,
turpins,,,特平（人名）,,,,,0,0,0:turpin/1:s,,
turpis causa,,,[法] 不道德的约因,,,,,0,0,,,
turpis conditio,,,[法] 不法条件,,,,,0,0,,,
turpis contractus,,,"[法] 不道德合同, 非法合同",,,,,0,0,,,
turpis personae,,,[法] 丧失名誉的人,,,,,0,0,,,
turpith,,,[网络] 草药,,,,,0,0,,,
turpitude,'tә:pitju:d,n a corrupt or depraved or degenerate act or practice,"n. 卑鄙行为, 卑鄙\n[法] 邪恶, 可耻行为, 卑鄙",n:100,,,gre,0,38121,s:turpitudes,,
turpitudes,'tɜːpɪtjuːd,,n. 卑鄙；奸恶,,,,,0,0,0:turpitude/1:s,,
turpitudinous,,,[网络] 虔诚的,,,,,0,0,,,
turpitudo,,,[网络] 污名；秽名；污浊,,,,,0,0,,,
turple,,,[网络] 一个元组,,,,,0,0,,,
turps,tә:ps,n volatile liquid distilled from turpentine oleoresin; used as paint thinner and solvent and medicinally\nn removal of significant amounts of prostate tissue (as in cases of benign prostatic hyperplasia),n. 松节油\n[医] 松节油,,,,,40898,0,s:turpss,,
turpss,tɜːps,,turps\n[tə:ps]\nn.\n[复数，用作单数]\n[英国口语] = turpentine (2.)\n[澳大利亚俚语]酒精饮料,,,,,0,0,0:turps/1:s,,
turpsy,,,[网络] 尸检,,,,,0,0,,,
turq,,,[网络] 湖水蓝；红古铜色；翠蓝,,,,,0,0,,,
Turque,,,[网络] 变矩器总成,,,,,0,0,,,
Turquel,,,[地名] 图克尔 ( 葡 ),,,,,0,0,,,
turquen,,,[网络] 草药,,,,,0,0,,,
turques,,,[网络] 古柯,,,,,0,0,,,
turquet,,,[网络] 图尔科；图尔奎特,,,,,0,0,,,
turquie,,,[网络] 土豆,,,,,0,0,,,
turquin,,,[网络] 奎因,,,,,0,0,s:turquins,,
turquino,,, [地名] [古巴] 图尔基诺,,,,,0,0,,,
"Turquino, Pico",,,[地名] 图尔基诺峰 ( 古 ),,,,,0,0,,,
"Turquino, R.",,,[地名] 图尔基诺河 ( 古 ),,,,,0,0,,,
turquins,,,[网络] 奎因\n(turquin 的复数),,,,,0,0,0:turquin/1:s,,
turquois,,"n. A hydrous phosphate of alumina containing a little\n   copper; calaite. It has a blue, or bluish green, color, and usually\n   occurs in reniform masses with a botryoidal surface.","n. 绿松石, 青绿色\na. 青绿色的",,,,,0,0,,,
turquoise,'tә:kwɒiz,n. a blue to grey green mineral consisting of copper aluminum phosphate,"n. 绿松石, 绿松石色",j:61/n:39,1,,toefl gre,19508,14012,s:turquoises,,
turquoise blue,ˈtɜ:ˌkwɔɪz blu:,,n. 土耳其玉色,,,,,0,0,,,
turquoise blue crackle glaze,,,宝石蓝纹片釉,,,,,0,0,,,
turquoise deposit,,,绿松石矿床,,,,,0,0,,,
turquoise green,,,"绿松石绿, 绿松石",,,,,0,0,,,
turquoise-blue,,,na. 湖蓝\n[网络] 蓝绿色,,,,,0,0,,,
turquoiser,,,"n. 绿松石, 绿松石色\n(turquoise 的比较级)",,,,,0,0,,,
turquoises,ˈtɜ:ˌkwɔɪziz,n. a blue to grey green mineral consisting of copper aluminum phosphate\nn. a shade of blue tinged with green,n. 绿松石( turquoise的复数形式 ); 青绿色,,,,,0,0,0:turquoise/1:s,,
turquoisest,,,"n. 绿松石, 绿松石色\n(turquoise 的最高级)",,,,,0,0,,,
turquoisey,,,[网络] 绿松石,,,,,0,0,,,
turquoisy,,,[网络] 绿松石,,,,,0,0,,,
turquoize,,,[网络] 蓝色；青色；溯溪凉鞋,,,,,0,0,,,
turquoizes,,,[网络] 绿松石,,,,,0,0,,,
turr,,,[网络] 土尔；前列腺电切术,,,,,0,0,,,
turra,,,n. (Turra)人名；(意、葡)图拉,,,,,0,0,,,
Turrach,,,[地名] 图拉赫 ( 奥 ),,,,,0,0,,,
Turraea,,,杜楝属,,,,,0,0,,,
Turraea pubescens,,,n. 杜楝,,,,,0,0,,,
turral,,,[网络] 土拨鼠,,,,,0,0,,,
turre,,, [地名] [西班牙] 图雷,,,,,0,0,,,
turreae,,,[网络] 炮塔,,,,,0,0,s:turreaes,,
turreaes,,,[网络] 炮塔\n(turreae 的复数),,,,,0,0,0:turreae/1:s,,
turrel,,,[网络] turrell,,,,,0,0,s:turrels,,
turrelite,,,沥青页岩,,,,,0,0,,,
turrell,,, [人名] [英格兰人、爱尔兰人姓氏] 特勒尔 Tyrrell的变体; [地名] [美国] 塔勒尔,,,,,0,0,,,
turrels,,,[网络] 油轮,,,,,0,0,0:turrel/1:s,,
turrentine,,, [人名] 特伦坦,,,,,0,0,,,
turrested,,,塔螺型,,,,,0,0,,,
turret,'tʌrit,n. a small tower extending above a building,"n. 塔楼, 角楼, 攻城用仰冲车\n[机] 转塔, 多角刀架",n:100,1,,gre,15097,14270,s:turrets,,
turret armor,,,炮塔装甲,,,,,0,0,,,
turret barbette,,,[军] 露天炮塔,,,,,0,0,,,
turret base ring,,,炮塔座圈,,,,,0,0,,,
turret basket,,,炮塔架,,,,,0,0,,,
turret battery,,,炮塔式炮,,,,,0,0,,,
turret block,,,六角刀架,,,,,0,0,,,
turret booth,,,炮塔指挥室,,,,,0,0,,,
turret bulge,,,炮塔凸出部,,,,,0,0,,,
turret captain,,,炮塔长,,,,,0,0,,,
turret carriage,,,"回转刀架,转塔刀架",,,,,0,0,,,
turret cell,,,塔形细胞,,,,,0,0,,,
turret clock,ˈtɜ:rɪt klɔk,, 塔钟,,,,,0,0,s:turret clocks,,
turret clock striking cams,,,塔钟打点凸轮,,,,,0,0,,,
turret clock trains,,,塔钟打点轮系,,,,,0,0,,,
turret clocks,,, 塔钟\n(turret clock 的复数),,,,,0,0,0:turret clock/1:s,,
turret coal cutter,,,塔式截煤机,,,,,0,0,,,
turret collector ring box,,,炮塔电路旋转联结器,,,,,0,0,,,
turret compass,,,炮塔罗盘,,,,,0,0,,,
turret control,,,炮塔控制,,,,,0,0,,,
turret control box,,,炮塔控制箱,,,,,0,0,,,
turret control crank,,,un. 转塔控制曲柄,,,,,0,0,,,
turret control panel,,,炮塔控制仪表板,,,,,0,0,,,
turret control system,,,炮塔控制系统,,,,,0,0,,,
turret cover,,,转塔盖,,,,,0,0,,,
turret cover plate,,,un. 转塔盖板,,,,,0,0,,,
turret coverage,,,炮塔转动范围,,,,,0,0,,,
turret crew,,,炮手,,,,,0,0,,,
turret deck,,,塔甲板,,,,,0,0,,,
turret deck vessel,,,[网络] 坛甲板船,,,,,0,0,,,
turret defilade,,,炮塔坦克的隐蔽,,,,,0,0,,,
turret defilade position,,,炮塔坦克隐蔽位置,,,,,0,0,,,
turret direction,,,炮塔的回转方位,,,,,0,0,,,
turret dome,,,炮塔舱顶;角塔圆顶,,,,,0,0,,,
turret door,,,炮塔窗,,,,,0,0,,,
turret drill,,,六角钻床,,,,,0,0,,,
turret drill chuck,,,六角车床钻夹,,,,,0,0,,,
turret dynamo drive,,,炮塔发电机的驱动,,,,,0,0,,,
turret emplacement,,,炮塔装置,,,,,0,0,,,
turret fan net,,,炮塔风扇网,,,,,0,0,,,
turret finder,,,un. 转台瞄准器,,,,,0,0,,,
turret flap,,,炮塔窗盖,,,,,0,0,,,
turret floor,,,炮塔底板,,,,,0,0,,,
turret fuse box,,,炮塔保险丝盒,,,,,0,0,,,
turret gun,,,炮塔炮；炮塔内旋回式机枪,,,,,0,0,,,
turret gun mount,,,炮塔炮架,,,,,0,0,,,
turret gunner periscope,,,炮长潜望镜,,,,,0,0,,,
turret guns,,,砲塔砲,,,,,0,0,,,
turret hatch,,,炮塔舱口,,,,,0,0,,,
turret head,,,六角头,,,,,0,0,,,
turret head boring machine,,,转塔式镗床,,,,,0,0,,,
turret ice,,,竖立冰,,,,,0,0,,,
turret illumination,,,炮塔照明,,,,,0,0,,,
turret index,,,六角刀架转位,,,,,0,0,,,
turret lathe,,,"[机] 六角车床, 转塔车床, 多角车床",,,,,0,0,,,
turret lathe turning,,,[机] 六角车床加工,,,,,0,0,,,
turret lens,,,"镜头盘,透镜旋转盘",,,,,0,0,,,
turret lenses,,,[摄] 转塔镜头,,,,,0,0,,,
turret lifting hook,,,炮塔吊钩,,,,,0,0,,,
turret light,,,炮塔灯,,,,,0,0,,,
turret master switch box,,,炮塔总开关箱,,,,,0,0,,,
turret mechanic,,,炮塔机械员,,,,,0,0,,,
turret miller,,,"带六角回转铣床,转塔式铣床",,,,,0,0,,,
turret moored drilling ship,,,中心系泊定位钻井船,,,,,0,0,,,
turret mooring system,,,转塔式系泊系统,,,,,0,0,,,
turret mount,,,炮塔座,,,,,0,0,,,
turret mounting,,,炮塔装置,,,,,0,0,,,
turret nozzle,,,车载消防炮,,,,,0,0,,,
turret operation and gun firing controls,,,炮塔的转动及炮火的控制,,,,,0,0,,,
turret overhang,,,炮塔突出部,,,,,0,0,,,
turret pad,,,转塔垫,,,,,0,0,,,
turret plate,,,转塔板,,,,,0,0,,,
turret port,,,炮塔射击孔,,,,,0,0,,,
turret port hole swivel plate,,,un. 转塔观察口转板,,,,,0,0,,,
turret power traverse control handle,,,炮塔旋转机构操纵手把,,,,,0,0,,,
turret press,,,转塔式压力机,,,,,0,0,,,
turret punch,,, 转塔冲床,,,,,0,0,,,
turret punch press,,,"转塔式六角孔冲床,六角零件压力机",,,,,0,0,,,
turret race,,,炮塔座圈,,,,,0,0,,,
turret race rack,,,炮塔下座圈齿圈,,,,,0,0,,,
turret radio terminal box,,,炮塔无线电接线匣,,,,,0,0,,,
turret reference coordinate system,,,炮塔基准坐标系,,,,,0,0,,,
turret ring diameter,,,炮塔座圈直径,,,,,0,0,,,
turret ring gear,,,转塔环形齿轮,,,,,0,0,,,
turret roof,,,炮塔盖,,,,,0,0,,,
turret rotation,,,炮塔转动,,,,,0,0,,,
turret saddle,,,"纵刀架,回转刀架",,,,,0,0,,,
turret shape,,,炮塔形状,,,,,0,0,,,
turret ship,,,na. 旋转炮塔舰\n[网络] 回转炮塔舰,,,,,0,0,,,
turret sight,,,炮塔装置瞄准器,,,,,0,0,,,
turret steamer,,,[网络] 炮塔火轮,,,,,0,0,,,
turret steamers,,,[网络] 炮塔火轮,,,,,0,0,,,
turret stop,,,炮塔停止转动,,,,,0,0,,,
turret support,,,炮塔支架,,,,,0,0,,,
turret support bearing,,,炮塔支架轴承,,,,,0,0,,,
turret switch,,,炮塔开关,,,,,0,0,,,
turret switch box,,,炮塔开关箱,,,,,0,0,,,
turret terminal,,,按钮端,,,,,0,0,,,
turret top,,,炮塔盖,,,,,0,0,,,
turret top table,,,[家具] 角楼顶桌,,,,,0,0,,,
turret trainer truck,,,炮塔教练车,,,,,0,0,,,
turret traverse,,,炮塔旋转,,,,,0,0,,,
turret traversing gearshift lever,,,炮塔旋转的变速杆,,,,,0,0,,,
turret traversing lock,,,炮塔旋转固定器,,,,,0,0,,,
turret traversing manual control,,,炮塔旋转手动操纵,,,,,0,0,,,
turret traversing mechanism,,,炮塔旋转机构,,,,,0,0,,,
turret traversing motor switch,,,炮塔旋转马达开关,,,,,0,0,,,
turret traversing system,,,炮塔旋转系统,,,,,0,0,,,
turret tuner,,,[电] 转塔调谐器,,,,,0,0,,,
turret type pump,,,[化] 塔式泵,,,,,0,0,,,
turret vessel,,,台容器,,,,,0,0,,,
turret wheel,,,[机] 六角轮,,,,,0,0,,,
Turret's syndrome,,,[网络] Tourette综合征,,,,,0,0,,,
turret-front camera,,,[电影] 转塔式摄影机,,,,,0,0,,,
turret-hatch race lock,,,炮塔舱口固定器,,,,,0,0,,,
turret-hatch ring,,,炮塔舱口旋转座圈,,,,,0,0,,,
turret-head,,,六角头,,,,,0,0,,,
turret-lathe,,,六角车床，转塔车床；多角车床,,,,,0,0,,,
turreted,'tʌritid,"a. Furnished with a turret or turrets; specifically (Zool.),\n   having the whorls somewhat flattened on the upper side and often\n   ornamented by spines or tubercles; -- said of certain spiral shells.\na. Formed like a tower; as, a turreted lamp.","a. 有角塔的, 有锥形螺旋状壳阶的",j:100,,,,35026,34503,,,
turreted cloud,ˈtʌritid klaud,, 塔状云,,,,,0,0,,,
turreted roof,,,塔状屋顶,,,,,0,0,,,
turreted steamer,,,塔式汽船,,,,,0,0,,,
turretgraver,"'tʌrit,^reivә",,回转刻图仪,,,,,0,0,,,
turrethead,"'tʌrithed,'t\\\\:-,'tjә-",,n. [机](六角)转台,,,,,0,0,,,
turretice spider,,,角塔蛛,,,,,0,0,,,
turretice steamer,,,塔式(鲸背甲板)汽船,,,,,0,0,,,
turretice taper tool,,,(六角车床)车锥体刀具,,,,,0,0,,,
turreting,,,[网络] 转盘,,,,,0,0,,,
turretless,'tʌrit; 'tə:-; 'tuə-,,turretless\nadj.\nturret的变形\nturret\n['tʌrit; 'tə:-; 'tuə-]\nn.\n【建筑业】塔楼，角楼\n【军事】(军舰、坦克、堡垒上的)回转炮塔；(轰炸机上的)旋转枪架\n【机械工程】(转)台，转动架，回转头，六角(转)头[亦作 turrethead]\n(摄影机等的)镜头转台\n【城堡学】(古代攻城用的)方形木塔，炮塔,,,,,0,0,,,
turretlike,,,[网络] 炮塔般的,,,,,0,0,,,
turretry,,,[网络] 炮塔,,,,,0,0,,,
turrets,ˈtɜ:rɪts,n. a small tower extending above a building\nn. a self-contained weapons platform housing guns and capable of rotation,n. <机>（六角）转台( turret的复数形式 ); （战舰和坦克等上的）转动炮塔; （摄影机等上的）镜头转台; （旧时攻城用的）塔车,,,,,0,0,0:turret/1:s,,
turri-,,,pref. 表示“塔”之义,,,,,0,0,,,
turrialba,,, [地名] [哥斯达黎加] 图里亚尔瓦,,,,,0,0,,,
"Turrialba, Vol.",,,[地名] 图里亚尔瓦火山 ( 哥斯 ),,,,,0,0,,,
turribant,,,[网络] 腐烂的,,,,,0,0,,,
turrible,,,[网络] 可笑的,,,,,0,0,,,
turribrachycephaly,,,[网络] 脑脊液,,,,,0,0,,,
turrical,'t\\\\:rikәl,"a. Of or pertaining to a turret, or tower; resembling a\n   tower.","a. 塔楼的, 似塔的",,,,,0,0,,,
turrican,,,[网络] 外星悍将；超级炮塔,,,,,0,0,s:turricans,,
turricans,,,[网络] 外星悍将；超级炮塔\n(turrican 的复数),,,,,0,0,0:turrican/1:s,,
turricephaly,,,[医] 尖头,,,,,0,0,,,
turricle,,,[网络] 果皮,,,,,0,0,,,
turricula,,,塔状物,,,,,0,0,,,
turricula interrupta,,,皱颈玉米卷管螺,,,,,0,0,,,
turricula javana,,,台湾卷管螺,,,,,0,0,,,
turricula nelliae spurius,,,环珠卷管螺,,,,,0,0,,,
turricular,,,[网络] 蓝牙,,,,,0,0,,,
turriculate,"tә'rikju,leit, -lit",a. Alt. of Turriculated,"a. 有小角塔的, 有长螺旋的",,,,,0,0,,,
"turriculate, turriculated",tə'rikjulit; -leit;-leitid,,adj. = turreted,,,,,0,0,,,
turriculated,,"a. Furnished with, or formed like, a small turret or\n   turrets; somewhat turreted.","a. 有小角塔的, 有长螺旋的",,,,,0,0,,,
turrid,,,[网络] 海龟,,,,,0,0,,,
Turridae,,,塔螺科,,,,,0,0,,,
turridrupa albofasciata,,,浅带核塔螺,,,,,0,0,,,
turridrupa astricta consobrina,,,彩环卷管螺,,,,,0,0,,,
turridrupa bijubata,,,弹簧卷管螺,,,,,0,0,,,
turridrupa cincta,,,螺旋卷管螺,,,,,0,0,,,
turridrupa jubata,,,粒塔螺,,,,,0,0,,,
turrids,,,[网络] 草皮,,,,,0,0,,,
Turriers,,,[地名] 蒂里耶 ( 法 ),,,,,0,0,,,
turries,,,[网络] 琉璃；黄海蛟\n(turry 的复数),,,,,0,0,0:turry/1:s,,
turriferous,,,[网络] 含气味,,,,,0,0,,,
Turriff,,,[地名] 塔里夫 ( 英 ),,,,,0,0,,,
turriform,'tʌrifɔ:m,,塔形,,,,,0,0,,,
turrigerous,,,[网络] 冰箱,,,,,0,0,,,
turrilite,,turrilite (plural turrilites)\n(paleontology) Any fossil ammonite of the genus †Turrilites. The shell forms an open spiral with the later whorls separate.\n,,,,,,0,0,,,
Turrilites,,,塔菊石属,,,,,0,0,,,
turriliticone,,,塔锥,,,,,0,0,,,
turrill,,, [人名] 特里尔,,,,,0,0,,,
Turrinae,,,塔螺亚科,,,,,0,0,,,
turrion,,,[网络] 图里翁,,,,,0,0,,,
Turris,,,塔螺属,,,,,0,0,,,
turris babylonia,,,巴比伦卷管螺,,,,,0,0,,,
turris carispa,,,长卷管螺,,,,,0,0,,,
turris crispa,,,长卷管螺,,,,,0,0,,,
turris nadaensis,,,紫端麻斑卷管螺,,,,,0,0,,,
turris spectabilis,,,断线卷管螺,,,,,0,0,,,
turrisi,,,[网络] 图里西,,,,,0,0,,,
turrited,,,[网络] 被砸了,,,,,0,0,,,
turritella,,,[网络] 锥螺属；塔螺属,,,,,0,0,,,
turritella terebra,,,锥螺,,,,,0,0,,,
TURRITELLIDAE,,,锥螺科,,,,,0,0,,,
turritelliform,,turritelliform (not comparable)\n(of a shell) Having a conic shape reminiscent of the turritella.\n,,,,,,0,0,,,
TURRITELLOIDEA,,,锥螺超科,,,,,0,0,,,
turritid,'tʌrәtid,,拟塔螺,,,,,0,0,,,
Turritis,,,[网络] 旗杆芥属；旗竿芥属,,,,,0,0,,,
Turritis glabra,,,[网络] 旗杆芥；旗竿芥,,,,,0,0,s:turritis glabras,,
turritis glabra l.,,,南芥菜(救荒),,,,,0,0,,,
turritis glabras,,,[网络] 旗杆芥；旗竿芥\n(turritis glabra 的复数),,,,,0,0,0:turritis glabra/1:s,,
turritus,'tʌritәs,,塔形的,,,,,0,0,,,
turro,,, [人名] 图罗,,,,,0,0,,,
turron,,,[网络] 果仁糖；杏仁糖；西班牙突伦糖,,,,,0,0,,,
turrons,,,[网络] torrons,,,,,0,0,,,
turry,,,[网络] 琉璃；黄海蛟,,,,,0,0,s:turries,,
turs,,,[网络] 电切综合征(TUR syndrome)；经尿道电切综合征；前列腺电切综合征(TURP Syndrome),,,,,0,0,0:tur/1:s,,
tursable,,,[网络] 可怜的,,,,,0,0,,,
turse,,,[网络] 土耳其,,,,,0,0,,,
tursha,,,[网络] 图尔沙,,,,,0,0,,,
Turshiz,,,[地名] *图尔希兹(卡什马尔的旧称) ( 伊朗 ),,,,,0,0,,,
turshiz (kashmar),,,土尔夕玆(卡什马尔),,,,,0,0,,,
Tursi,,,[地名] 图尔西 ( 意 ),,,,,0,0,,,
tursion,,,[网络] 诱惑,,,,,0,0,,,
tursiop,,,[网络] 自助餐厅,,,,,0,0,s:tursiops,,
tursiops,,n. a genus of Delphinidae, [医]宽吻海豚属,,,,,0,0,0:tursiop/1:3s/s:tursiopss,,
tursiops aduncus,,,"印太瓶鼻海豚, 南方瓶鼻海豚",,,,,0,0,,,
Tursiops gilli,,,[网络] 太平洋瓶鼻海豚；宽吻海豚；吉氏海豚,,,,,0,0,s:tursiops gillis,,
tursiops gillii,,,古氏海豚,,,,,0,0,,,
tursiops gillis,,,[网络] 太平洋瓶鼻海豚；宽吻海豚；吉氏海豚\n(tursiops gilli 的复数),,,,,0,0,0:tursiops gilli/1:s,,
Tursiops truncatus,,,[网络] 宽吻海豚；瓶鼻海豚；三头宽吻海豚一群,,,,,0,0,s:tursiops truncatuss,,
tursiops truncatuss,,,[网络] 宽吻海豚；瓶鼻海豚；三头宽吻海豚一群\n(tursiops truncatus 的复数),,,,,0,0,0:tursiops truncatus/1:s,,
tursiopss,,, [医]宽吻海豚属\n(tursiops 的复数),,,,,0,0,0:tursiops/1:s,,
tursk,,,[网络] 特斯克王国,,,,,0,0,,,
tursol,,,"石蕊,石蕊素",,,,,0,0,,,
turss,,,[网络] 客制化主题；龙门架,,,,,0,0,,,
turst,,,n. 托拉斯\n[网络] L----楚斯特；梅毒血清学试验,,,,,0,0,,,
turst assets,,,信托资产,,,,,0,0,,,
turst bank,,,信托银行,,,,,0,0,,,
tursun,,,n. (Tursun)人名；(中)吐尔逊(维吾尔·汉语拼音)；(土、土库、塔吉)图尔松,,,,,0,0,s:tursuns,,
Tursunbai,,,[网络] 图尔松拜,,,,,0,0,,,
tursunov,,,[网络] 图萨诺夫；图尔索诺夫；图萨若夫,,,,,0,0,,,
tursuns,,,n. (Tursun)人名；(中)吐尔逊(维吾尔·汉语拼音)；(土、土库、塔吉)图尔松\n(tursun 的复数),,,,,0,0,0:tursun/1:s,,
Tursunzade,,,[网络] 图尔孙扎德；乘车经图辛萨迪口岸,,,,,0,0,,,
Tursāq,,,[地名] 图尔萨格 ( 伊拉 ),,,,,0,0,,,
Turtas,,,[地名] 图尔塔斯河 ( 俄 ),,,,,0,0,,,
turtie meat,,,[网络] 龟肉,,,,,0,0,,,
turtkul (turkul),,,土库尔,,,,,0,0,,,
turtl,,,[网络] 龟甲船(turtle-ship),,,,,0,0,,,
turtle,'tә:tl,"n. any of various aquatic and land reptiles having a bony shell and flipper-like limbs for swimming\nv. hunt for turtles, especially as an occupation",n. 海龟,n:100,1,,cet6 toefl,10121,6490,s:turtles/i:turtling/p:turtled/3:turtles/d:turtled,,
turtle bacillus,,,[医] 鳖[分支]杆菌,,,,,0,0,,,
turtle back,'tɜːtlbæk,,n. 龟甲；龟背甲板\nadj. 龟背的（等于turtle-backed）,,,,,0,0,,,
turtle back deck,,,壳背式甲板,,,,,0,0,,,
turtle back poop,,,un. 龟背甲板艉楼\n[网络] 龟背甲板尾楼；鲸背式船尾楼,,,,,0,0,,,
turtle back vessel,,,龟背甲板船,,,,,0,0,,,
turtle bay,,,[网络] 海龟湾；乌龟湾；海龟海湾,,,,,0,0,,,
Turtle Beach,,,[网络] 龟滩沥血；乌龟海岸；龟滩历险,,,,,0,0,,,
turtle beach systems,,,Turtle Beach Systems 公司,,,,,0,0,,,
turtle bean,,,[网络] 乌龟豆,,,,,0,0,s:turtle beans,,
turtle beans,,,[网络] 乌龟豆；黑龟豆,,,,,0,0,0:turtle bean/1:s,,
Turtle Channel,,,[网络] 海龟通道；酒店里有一条海龟通道,,,,,0,0,,,
Turtle Creek,,,[地名] 特特尔克里克 ( 加、美 ),,,,,0,0,,,
turtle deck,,,n. 龟背甲板,,,,,0,0,,,
turtle designed snake,,,龟壳花,,,,,0,0,,,
turtle dove,,,[计] 龟标,,,,,0,0,,,
turtle doves,,,n. 情人；斑鸠；雉鸠\n[网络] 两只鸠,,,,,0,0,,,
turtle dreams,,,乌龟梦,,,,,0,0,,,
turtle excluder device,,,[网络] 海龟驱赶装置；海龟脱逃器；海龟隔离装置,,,,,0,0,,,
turtle excluder devices,,,[网络] 海龟逃生装置；海龟脱逃器；避免捕杀海龟装置,,,,,0,0,,,
turtle geometry,,,龟标几何,,,,,0,0,,,
turtle graphics,,,[计] 龟图,,,,,0,0,,,
turtle grass,,,un. 泰莱藻\n[网络] 龟草,,,,,0,0,,,
turtle head,,,[网络] 甲鱼头,,,,,0,0,,,
turtle headed,,,鳖头,,,,,0,0,,,
turtle heading,,,鳖头,,,,,0,0,,,
turtle heads,,,鳖头,,,,,0,0,,,
turtle heart,,,[医] 窦房性心传导阻滞,,,,,0,0,,,
turtle hull,,,[网络] 龟壳,,,,,0,0,,,
turtle hulls,,,[网络] 龟壳,,,,,0,0,,,
Turtle I.,,,[地名] 海龟岛 ( 澳 ),,,,,0,0,,,
Turtle Is.,,,[地名] 海龟群岛 ( 菲、塞拉 ),,,,,0,0,,,
Turtle Lake,,,[地名] 特特尔莱克 ( 加、美 ),,,,,0,0,,,
turtle lung,,,"[医] 龟肺, 支气管扩张",,,,,0,0,,,
turtle marathon,,,老年马拉松,,,,,0,0,,,
turtle meat,,,龟肉,,,,,0,0,,,
turtle mts.,,,玳瑁山脉,,,,,0,0,,,
turtle neck,,,un. 高圆套领\n[网络] 樽领；高领；高而紧的领口,,,,,0,0,,,
turtle necks,,,[网络] 高领,,,,,0,0,,,
turtle oil,,,海龟油,,,,,0,0,,,
turtle ped,,,(捕杀海龟的)海龟叉,,,,,0,0,,,
turtle peg,,,[网络] 龟钉,,,,,0,0,,,
turtle pegs,,,[网络] 乌龟钉,,,,,0,0,,,
Turtle River,,,[网络] 乌龟河,,,,,0,0,,,
turtle shell,,,龟壳,,,,,0,0,,,
turtle shell comb,,,玳瑁梳,,,,,0,0,,,
turtle shell frame,,,玳瑁镜架,,,,,0,0,,,
turtle shell glaze,,,玳瑁釉,,,,,0,0,,,
turtle soup,,,un. 甲鱼汤\n[网络] 海龟汤；龟汤交易法；龟煲汤,,,,,0,0,s:turtle soups,,
turtle soups,,,un. 甲鱼汤\n[网络] 海龟汤；龟汤交易法；龟煲汤\n(turtle soup 的复数),,,,,0,0,0:turtle soup/1:s,,
turtle stone,,,龟背结石,,,,,0,0,,,
turtle structure,,,龟背构造,,,,,0,0,,,
turtle trap,,,龟的陷阱,,,,,0,0,,,
turtle tubercle bacillus,,,龟结核桿菌,,,,,0,0,,,
turtle's calipash,,,(色釉品种之一)鳖裙,,,,,0,0,,,
turtle-back,,,[网络] 船尾防浪损的拱形架；龟背,,,,,0,0,,,
turtle-back nail,,,[医] 龟背甲,,,,,0,0,,,
turtle-backed,,,[网络] 龟背的,,,,,0,0,,,
turtle-dove,'tɜ:tld'ʌv,,"n. 斑鸠, 雉鸠",,,,,0,0,s:turtle-doves,,
turtle-doves,,plural of turtle-dove,"(turtle-dove 的复数) n. 斑鸠, 雉鸠",,,,,0,0,0:turtle-dove/1:s,,
turtle-neck,'tɜ:tln'ek,,n. 高领毛线衣，套头毛线衣,,,,,0,0,s:turtle-necks,,
turtle-necks,,,[网络] 高领,,,,,0,0,0:turtle-neck/1:s,,
turtle-peg,,,[网络] 龟钉,,,,,0,0,,,
turtle-safe,,,[网络] 没误捕到海龟,,,,,0,0,,,
turtle-shell,'tə:tlʃel,,n. 海龟甲；玳瑁壳,,,,,0,0,s:turtle-shells,,
turtle-shells,'tə:tlʃel,,turtle-shell\n['tə:tlʃel]\nn.\n海龟甲；玳瑁壳,,,,,0,0,0:turtle-shell/1:s,,
turtleback,'tә:tlbæk,,"n. 龟甲, 龟背甲板",,,,,0,0,,,
turtlebacked,'tɜːtlbæk,,n. 龟甲；龟甲甲板,,,,,0,0,,,
turtlebacks,,,na. 【船】鲸背甲板\n[网络] 龟甲；龟背状；龟背花,,,,,0,0,,,
turtleburger,"'t\\\\:tl,b\\\\:^ә(r)",,n. 海龟肉汉堡包,,,,,0,0,,,
turtled,,"v overturn accidentally\nv hunt for turtles, especially as an occupation","vi. 捕海龟, 捕鳖（turtle的过去式与过去分词形式）",,,,,0,0,1:pd/0:turtle,,
turtledom,,"turtledom (uncountable)\nThe state of being a turtle, or of belonging to the world of turtles; turtles, collectively.\n",,,,,,0,0,,,
turtledove,'tә:tldʌv,n. any of several Old World wild doves,"n. 斑鸠, 情人",n:100,,,,0,44891,s:turtledoves,,
turtledoves,'tə:tldʌv,n. small Australian dove\nn. any of several Old World wild doves,n. 斑鸠；情人,,,,,0,0,0:turtledove/1:s,,
Turtleford,,,[网络] 特特尔福德,,,,,0,0,,,
turtlegraphics,ˌtə:tlˈɡræfiks,,n. 龟图学[方法],,,,,0,0,,,
turtlehead,'t\\\\:tlhed,n showy perennial of marshlands of eastern and central North America having waxy lanceolate leaves and flower with lower part creamy white and upper parts pale pink to deep purple,n. (产于美洲的)山玄参属的草本植物,,,,,0,0,s:turtleheads,,
turtleheads,,,na. 【植】龟头花(属)；白龟头花\n[网络] 草本植物,,,,,0,0,0:turtlehead/1:s,,
turtlelike,,,[网络] 乌龟般的,,,,,0,0,,,
turtlemania,",tə:tl'mæniə",,n.\n(对忍者神龟节目喜爱的)忍者(神)龟狂，忍者狂,,,,,0,0,,,
turtleneck,'tә:tlnek,n. a sweater or jersey with a high close-fitting collar,"n. 圆翻领, 高翻领毛衣",n:100,,,,49027,16591,s:turtlenecks,,
turtleneck collar,,,[网络] 卷领；高翻领,,,,,0,0,s:turtleneck collars,,
turtleneck collars,,,[网络] 卷领；高翻领\n(turtleneck collar 的复数),,,,,0,0,0:turtleneck collar/1:s,,
turtleneck sweater,,, 高翻领毛衣,,,,,0,0,,,
turtlenecked,'tɜːt(ə)lnek,,n. [美国英语]；(针织的)高圆套领\na. [亦作 turtlenecked] 高圆套领的；[常作定语](关心环保和社会问题的)龟领派,,,,,0,0,,,
turtlenecks,ˈtɜ:tlˌneks,n. a sweater or jersey with a high close-fitting collar,"n. 高领绒衣( turtleneck的复数形式 ); 高翻领, 圆翻领",,,,,0,0,0:turtleneck/1:s,,
turtler,,n. someone whose occupation is hunting turtles,"n. 捉海龟者, 海龟商",,,,,0,0,s:turtlers,,
turtlers,'tə:tlə,,n.\n捕海龟者；拾海龟蛋者\n海龟商,,,,,0,0,0:turtler/1:s,,
turtles,'tә:tlz,"n a sweater or jersey with a high close-fitting collar\nn any of various aquatic and land reptiles having a bony shell and flipper-like limbs for swimming\nv overturn accidentally\nv hunt for turtles, especially as an occupation",n. 乌龟（turtle的复数）,,,,,0,0,1:s3/0:turtle,,
turtles all the way down,,,[网络] 海龟都下来,,,,,0,0,,,
turtlespeak,'tə:tlspi:k,,n. 忍者神龟的语言，神龟话,,,,,0,0,,,
turtlet,'tә:tlit,,"n. [动]小海龟,幼海龟",,,,,0,0,,,
turtleweed,,,[网络] 海龟,,,,,0,0,,,
turtling,,"n. The act, practice, or art of catching turtles.","vi. 捕海龟, 捕鳖（turtle的现在分词形式）",,,,,0,0,1:i/0:turtle,,
turtlings,'tɜːt(ə)l,,n. 龟，甲鱼；海龟\nn. (Turtle)人名；(英)特特尔,,,,,0,0,,,
Turtmann,,,[地名] 图尔特曼 ( 瑞士 ),,,,,0,0,,,
turtmannite,,,[网络] turtmanite,,,,,0,0,,,
turtois,,,[网络] 乌龟,,,,,0,0,,,
Turtola,,,[地名] 图尔托拉 ( 芬 ),,,,,0,0,,,
Turton,,,n. (Turton)人名；(英)特顿,,,,,43798,0,,,
turtoning boom rig,,,连杆索具,,,,,0,0,,,
turtur,,,[网络] 欧斑鸠；森鸠属；图尔图,,,,,0,0,,,
turturconchata reticulata,,,网纹斑鸠贝菌,,,,,0,0,,,
turturro,,,[网络] 图尔图罗,,,,,0,0,s:turturroes,,
turturroes,,,[网络] 图尔图罗\n(turturro 的复数),,,,,0,0,0:turturro/1:s,,
Turu,,,[地名] 图鲁河 ( 俄 ),,,,,0,0,,,
Turudo,,,[地名] 斗漏岛 ( 朝 ),,,,,0,0,,,
"Turugart Shankou (Torugart, Pereval)",,,[地名] 吐尔尕特山口 ( 中·吉尔 ),,,,,0,0,,,
Turuka,,,[地名] 图鲁卡 ( 俄 ),,,,,0,0,,,
Turukhan,,,[地名] 图鲁汉河 ( 俄 ),,,,,0,0,,,
Turukhania platycarpos,,,[网络] 黑荚豆,,,,,0,0,,,
Turukhansk,,,[地名] 图鲁汉斯克 ( 俄 ),,,,,0,0,,,
Turukhanskaya Nizmennost',,,[地名] 图鲁汉低地 ( 俄 ),,,,,0,0,,,
Turukhanskiy Rayon,,,[地名] 图鲁汉斯克区 ( 俄 ),,,,,0,0,,,
Turukta,,,[地名] 图鲁克塔 ( 俄 ),,,,,0,0,,,
"Turuktakh, Mys",,,[地名] 图鲁克塔赫角 ( 俄 ),,,,,0,0,,,
"Turum, Jab.",,,[地名] 图鲁姆山 ( 苏丹 ),,,,,0,0,,,
Turumayo,,,[地名] 图鲁马约 ( 玻 ),,,,,0,0,,,
Turumi,,,[地名] 图鲁米 ( 加纳 ),,,,,0,0,,,
Turun,,,[地名] *图伦 ( 伊朗 ),,,,,0,0,,,
"Turuna, R.",,,[地名] 图鲁纳河 ( 巴西 ),,,,,0,0,,,
Turunc,,,土伦什,,,,,0,0,,,
turunda,tә'rʌndә,,塞条,,,,,0,0,,,
Turuntayevo,,,[地名] 图伦塔耶沃 ( 俄 ),,,,,0,0,,,
Turup,,,[地名] 楚鲁普 ( 丹 ),,,,,0,0,,,
Turupa,,,[地名] 图鲁帕 ( 委 ),,,,,0,0,,,
Turupamba,,,[地名] 图鲁潘巴 ( 厄 ),,,,,0,0,,,
turuq,,"turuq (plural turuqs or turuq)\n(Islam) Any of the orders or congregations of Sufism, formed around a master.\n",,,,,,0,0,,,
turuqs,,,[网络] 土耳其语,,,,,0,0,,,
tururnbull's blue,,,[机] 腾氏蓝,,,,,0,0,,,
Tururu,,,[地名] 图鲁鲁 ( 巴西 ),,,,,0,0,,,
Turush,,,[地名] 图鲁什 ( 哈 ),,,,,0,0,,,
Turuvanūr,,,[地名] 杜鲁沃努尔 ( 印 ),,,,,0,0,,,
turvary,,,[网络] 子叶,,,,,0,0,,,
turve,,,[网络] 草坪,,,,,0,0,s:turves,,
turved,,,[网络] 转动,,,,,0,0,,,
turver,,,[网络] 三叶草,,,,,0,0,,,
turves,tә:vz,n surface layer of ground containing a mat of grass and grass roots\nn the territory claimed by a juvenile gang as its own\nn range of jurisdiction or influence,"n. 泥炭, 跑马场",,,,,0,0,0:turve/1:s,,
turvey,,," [人名] [英格兰人姓氏] 特维住所名称，来源于古英语，含义是“草地+岛，低地”(turf,grass+island,lowlying land)",,,,,0,0,,,
turvies,,, 颠倒\n(turvy 的复数),,,,,0,0,0:turvy/1:s,,
turvig,,,[网络] turtwig,,,,,0,0,,,
turville,,, [人名] 特维尔; [地名] [英国] 特维尔,,,,,0,0,,,
turving,,,[网络] 滚动,,,,,0,0,,,
Turvinho,,,[地名] 图尔维纽 ( 巴西 ),,,,,0,0,,,
Turvo,,,[地名] 图尔武 ( 巴西 ),,,,,0,0,,,
"Turvo, R.",,,[地名] 图尔武河 ( 巴西 ),,,,,0,0,,,
turvy,,, 颠倒,,,,,0,0,s:turvies,,
tury,,,[网络] 恐惧,,,,,0,0,,,
turya,,,[网络] 四足；图里亚；再则是达至超觉,,,,,0,0,,,
turyite (hydrohematite),,,水赤铁矿（图尔石）,,,,,0,0,,,
Turyn's sign,,,[医] 图林氏征(见于坐骨神经痛),,,,,0,0,,,
Turyusan,,,[地名] 头流山 ( 朝 ),,,,,0,0,,,
Turzovka,,,[地名] 图尔佐夫卡 ( 斯洛 ),,,,,0,0,,,
Turégano,,,[地名] 图雷加诺 ( 西 ),,,,,0,0,,,
Turón,,,[地名] 图龙 ( 西 ),,,,,0,0,,,
"Turón, R.",,,[地名] 图龙河 ( 西 ),,,,,0,0,,,
tus,,,[医] 咳,,,,,0,0,0:tu/1:s,,
tusa,,, [人名] 图萨; [地名] [意大利] 图萨,,,,,0,0,,,
Tusabo,,,[地名] 图萨沃 ( 玻 ),,,,,0,0,,,
tusayan,,, [地名] [美国] 图萨延,,,,,0,0,,,
tusc,,,abbr. Technology Use Studies Center 技术使用研究中心,,,,,0,0,,,
tuscalin,,,苯哌丙醇,,,,,0,0,,,
Tuscaloosa,'tʌskə'lu:sə,n. a university town in west central Alabama,n. 塔斯卡卢萨（美国亚拉巴马州西部城市）,,,,,0,0,s:tuscaloosas,,
Tuscaloosa beds,,,[地质] 塔斯卡卢萨层,,,,,0,0,,,
Tuscaloosa County,,,[地名] 塔斯卡卢萨 ( 美 ),,,,,0,0,,,
Tuscaloosa Seamount,,,[地名] 塔斯卡卢萨海山 ( 太平洋 ),,,,,0,0,,,
tuscaloosas,'tʌskə'lu:sə,,Tuscaloosa\n['tʌskə'lu:sə]\n塔斯卡卢萨(美国亚拉巴马州西部城市),,,,,0,0,0:tuscaloosa/1:s,,
Tuscan,'tʌskәn,n. a resident of Tuscany\nn. a dialect of Italian spoken in Tuscany (especially Florence)\na. of or relating to or characteristic of Tuscany or its people,"a. 托斯卡纳的, 托斯卡纳人的\nn. 托斯卡纳人, 托斯卡纳语",j:86/n:14,,,,25796,19679,s:tuscans,,
Tuscan bed,,,[家具] 德斯金（柱）床,,,,,0,0,,,
Tuscan column,,,塔斯干式柱,,,,,0,0,,,
Tuscan order,,,[网络] 塔司干柱式；托斯卡纳式；托次坎柱式,,,,,0,0,s:tuscan orders,,
tuscan orders,,,托斯卡纳式；托斯卡纳圆柱式,,,,,0,0,0:tuscan order/1:s,,
Tuscan red,,,塔斯康红;铁红色料,,,,,0,0,,,
Tuscan straw,,,(用来制帽的)托斯卡纳麦秆,,,,,0,0,,,
Tuscan style,,,塔斯干式,,,,,0,0,,,
tuscan-style,,,[网络] 托斯卡纳风格；托斯塔纳风格,j:100,,,,0,0,,,
Tuscania,,,[地名] 图斯卡尼亚 ( 意 ),,,,,0,0,,,
Tuscanicum,,,[网络] 托斯卡尼um,,,,,0,0,,,
tuscanies,'tʌskəni,,Tuscany\n['tʌskəni]\n托斯卡纳区(意大利中西部，昔为大公国；意大利语 Toscana),,,,,0,0,0:tuscany/1:s,,
tuscanite,,,[网络] 托斯方石,,,,,0,0,,,
tuscano,,,[网络] 图斯卡诺,,,,,0,0,,,
tuscans,,,abbr. Tuscan people 托斯卡纳人,,,,,0,0,0:tuscan/1:s,,
tuscany,'tʌskәni,n. a region in central Italy,n. 托斯卡纳区（意大利行政区名）,,,,,16271,0,s:tuscanies,,
Tuscany School,,,〈意〉托斯卡纳画派,,,,,0,0,,,
tuscarawas,,,[网络] 塔斯卡罗瓦斯；塔斯卡罗瓦斯河,,,,,0,0,,,
Tuscarawas County,,,[地名] 塔斯卡罗瓦斯 ( 美 ),,,,,0,0,,,
Tuscarawas R.,,,[地名] 塔斯卡罗瓦斯河 ( 美 ),,,,,0,0,,,
Tuscarawas River,,,[网络] 沃斯河,,,,,0,0,,,
Tuscarora,.tʌskә'rɒ:rә,n. a member of an Iroquois people who formerly lived in North Carolina and then moved to New York State and joined the Iroquois\nn. the Iroquoian language spoken by the Tuscarora,"n. (印地安)塔斯卡洛拉人, 塔斯卡洛拉语",,,,,0,0,s:tuscaroras,,
Tuscarora Mountain,,,[地名] 塔斯卡罗拉山 ( 美 ),,,,,0,0,,,
tuscaroras,", tʌskə'rɔ:rə; -'rəu-","n. pl. A tribe of North American Indians formerly living\n   on the Neuse and Tar rivers in North Carolina. They were conquered in\n   1713, after which the remnant of the tribe joined the Five Nations,\n   thus forming the Six Nations. See Six Nations, under Six.",n. 塔斯卡洛拉语；塔斯卡洛拉人（北美印第安人部族）,,,,,0,0,0:tuscarora/1:s,,
tusche,'tu:ʃә,,"n. 黑墨,制版墨(一种腻性液态油墨)",,,,,0,0,,,
tuscher,'tuʃә,,用制版墨绘图者,,,,,0,0,,,
tusches,'tuʃə,,n. 黑墨；制版墨（一种腻性液态油墨）,,,,,0,0,,,
tuscle,,,[网络] Tuscle,,,,,0,0,,,
tuscola,,, [地名] [美国] 塔斯科拉,,,,,0,0,,,
Tuscola County,,,[地名] 塔斯科拉县 ( 美 ),,,,,0,0,,,
tuscon,,,[网络] 美国亚利桑那州杜桑市；亚利桑那州图桑市；亚利桑那图森市,,,,,0,0,s:tuscons,,
tuscons,,,[网络] 美国亚利桑那州杜桑市；亚利桑那州图桑市；亚利桑那图森市\n(tuscon 的复数),,,,,0,0,0:tuscon/1:s,,
tuscor,,,n.塔斯科(在美国；西经 115º43' 北纬 47º58'),,,,,0,0,,,
Tusculan,,,[网络] 塔什干区,,,,,0,0,,,
tusculite,,,"辉黄白榴岩, 辉石黄长白榴岩",,,,,0,0,,,
tusculum,,,[网络] 图斯卡仑；图斯库卢姆；塔斯库卢姆,,,,,0,0,s:tusculums,,
tusculums,,,[网络] 图斯卡仑；图斯库卢姆；塔斯库卢姆\n(tusculum 的复数),,,,,0,0,0:tusculum/1:s,,
tuscumbia,,, [医]土斯镖鲈; [地名] [美国] 塔斯坎比亚,,,,,0,0,,,
Tuse,,,[地名] 楚瑟 ( 丹 ),,,,,0,0,,,
Tuse Naes,,,[地名] 楚瑟角 ( 丹 ),,,,,0,0,,,
tusek,,,[网络] 图谢克,,,,,0,0,,,
tush,tʌʃ,n the fleshy part of the human body that you sit on,interj. 呸(表示申斥、轻蔑)\nn. 犬齿\nvi. 发出呸声,n:100,,,,0,30926,s:tushes,,
Tushama,,,[地名] 图沙马 ( 俄 ),,,,,0,0,,,
tushanensis,,,[网络] 独山石楠,,,,,0,0,,,
tushar,,,[网络] 图沙尔,,,,,0,0,,,
Tushchibek,,,[地名] 图希别克 ( 哈 ),,,,,0,0,,,
tushed,,past tense of tush\nn the fleshy part of the human body that you sit on,(tush 的过去时) interj. 呸(表示申斥、轻蔑)\nn. 犬齿\nvi. 发出呸声,,,,,0,0,0:tush/1:p,,
tusher,,, [人名] 塔舍,,,,,0,0,,,
tusheries,'tʌʃəri,,n. 古文体,,,,,0,0,0:tushery/1:s,,
tushery,'tʌʃәri,n. writing of poor quality; characterized by affected choice of archaic words,n. 故意写古风的文体,,,,,0,0,s:tusheries,,
tushes,,plural of tush\nn the fleshy part of the human body that you sit on,(tush 的复数) interj. 呸(表示申斥、轻蔑)\nn. 犬齿\nvi. 发出呸声,,,,,0,0,0:tush/1:s,,
Tusheti,,,[网络] 土施题,,,,,0,0,,,
tushie,,,[网络] 小屁屁,,,,,0,0,,,
tushies,tʊʃɪ,,臀部\n屁股,,,,,0,0,,,
Tushikuduk,,,[地名] 图希库杜克 ( 哈 ),,,,,0,0,,,
Tushilovka,,,[地名] 图希洛夫卡 ( 俄 ),,,,,0,0,,,
tushing,tʌʃ,,n. 犬齿；长牙；獠牙\nvi. 发出呸声\nint. 表示申斥，轻蔑；呸！,,,,,0,0,,,
tushingham,,, [人名] 塔欣厄姆,,,,,0,0,s:tushinghams,,
tushinghams,,, [人名] 塔欣厄姆\n(tushingham 的复数),,,,,0,0,0:tushingham/1:s,,
Tushino,,,土希诺,,,,,0,0,,,
Tushka,,,[地名] 塔什卡 ( 美 ),,,,,0,0,,,
tushnet,,,[网络] 图施奈；图施奈特；内特,,,,,0,0,,,
Tushpur,,,[地名] 杜什布尔 ( 孟 ),,,,,0,0,,,
tushy,tʊʃɪ,,n. 屁股,,,,,0,0,,,
tusi,,,[网络] 图西；图西族；锲句笁,,,,,0,0,s:tusis,,
tusiad,,,[网络] 土耳其工商业协会；土耳其工业家和商人协会；企业家协会,,,,,0,0,,,
Tusibron,,,愈创甘油醚制剂,,,,,0,0,,,
tusiit (calcio-copiapite),,,钙叶绿矾,,,,,0,0,,,
Tusilan,,,右美沙芬,,,,,0,0,,,
tusionite,,,[网络] 笨蛋,,,,,0,0,,,
tusis,,,[网络] 图西,,,,,0,0,0:tusi/1:s,,
tusk,tʌsk,n. a long pointed tooth specialized for fighting or digging; especially in an elephant or walrus or hog\nv. remove the tusks of animals,"n. 长牙, 獠牙, 尖物\nvt. 以长牙刺戳, 以长牙掘",v:11/n:89,,,gre,21007,16945,s:tusks/p:tusked/3:tusks/i:tusking/d:tusked,,
tusk and tenon joint,,,[木] 镶尖榫接头,,,,,0,0,,,
tusk shell,,, [动物学]角贝壳,,,,,0,0,s:tusk shells,,
tusk shells,,,[网络] 掘足类；象牙贝,,,,,0,0,0:tusk shell/1:s,,
tusk tenon,tʌsk ˈtenən,, 加劲凸榫,,,,,0,0,,,
tuska,,,[网络] 图什卡,,,,,0,0,,,
Tuskan,,,[网络] 图什坎,,,,,0,0,,,
tuskar,,,[网络] 巨牙海平易近,,,,,0,0,,,
Tuskayev,,,土斯塔耶夫,,,,,0,0,,,
tusked,,s. having tusks,"a. 有獠牙的, 有长牙的",,,,,0,0,1:pd/0:tusk,,
tuskeegee,,,[网络] 图斯开奇,,,,,0,0,,,
tuskegee,tʌs'ki:ɡi:,, [地名] [美国] 塔斯基吉,,,,,0,0,s:tuskegees,,
Tuskegee Airmen,,,n. 塔斯克基飞行员,,,,,0,0,,,
tuskegee institute,,,[网络] 塔斯基吉学院；塔斯克基学院；塔斯提吉学院,,,,,0,0,,,
Tuskegee syphilis study,,,塔斯基吉梅毒研究,,,,,0,0,,,
Tuskegee University,,,塔斯基吉大学,,,,,0,0,,,
tuskegees,tʌs'ki:ɡi:,,Tuskegee\n[tʌs'ki:ɡi:]\n特斯基吉(美国亚拉巴马州东部城市),,,,,0,0,0:tuskegee/1:s,,
tusken,,, [人名] 塔斯肯,,,,,0,0,,,
tusker,'tʌskә,n. any mammal with prominent tusks (especially an elephant or wild boar),n. 有长牙的动物,,,,,0,0,s:tuskers,,
Tusker Rock,,,[地名] 塔斯克岩 ( 爱、英 ),,,,,0,0,,,
tuskers,,plural of tusker\nn. any mammal with prominent tusks (especially an elephant or wild boar),(tusker 的复数) n. 有长牙的动物,,,,,0,0,0:tusker/1:s,,
tuskier,'tʌskɪ,,adj.\n有长牙的，有獠牙的,,,,,0,0,,,
tuskiest,'tʌskɪ,,adj.\n有长牙的，有獠牙的,,,,,0,0,,,
tusking,tʌsk,,"n. (象,猪等的)长牙；〈谑〉(人的)犬牙；獠牙似的东西\nv. 用长牙齿掘[刺,咬]\n[网络] 象牙；Tank Urban Survival Kit；长牙号",,,,,0,0,1:i/0:tusk,,
tuskless,,,[网络] 无长牙的,,,,,0,0,,,
tusklike,'tʌsklaɪk,, 獠牙[长牙]状的,,,,,0,0,,,
tusks,tʌsks,n a hard smooth ivory colored dentine that makes up most of the tusks of elephants and walruses\nn a long pointed tooth specialized for fighting or digging; especially in an elephant or walrus or hog\nv stab or pierce with a horn or tusk\nv remove the tusks of animals,n. （象等动物的）长牙( tusk的名词复数 ); 獠牙; 尖形物; 尖头,,,,,0,0,0:tusk/1:s3,,
tuskushi mai (japan),,,筑紫舞(日本),,,,,0,0,,,
tusky,'tʌski,a. Having tusks.,"a. 有獠牙的, 有长牙的",,,,,0,0,,,
tuslaw,,,[网络] 纸巾,,,,,0,0,,,
tusler,,,[网络] 托斯勒,,,,,0,0,,,
Tusnad,,,[网络] 图什纳德,,,,,0,0,,,
Tusolven,,,维静宁,,,,,0,0,,,
tuson,,," [人名] [英格兰人姓氏] 图森好像取自父名，来源于教名Tuwe或Tywe,语源不详",,,,,0,0,,,
Tusong-ni,,,土城里,,,,,0,0,,,
tusquets,,,[网络] 斯盖茨；杜斯格斯出版社,,,,,0,0,,,
tuss,,,n. (Tuss)人名；(德)图斯,,,,,0,0,,,
Tussabid,,,愈创甘油醚和氢溴酸右美沙芬胶囊剂,,,,,0,0,,,
tussac grass,,,[网络] tussac草,,,,,0,0,,,
Tussade,,,右美沙芬,,,,,0,0,,,
tussah,,n. oriental moth that produces brownish silk,"n. 柞蚕, 野蚕, 柞蚕丝, 野蚕丝",,,,,0,0,s:tussahs,,
tussah cloth,,,柞丝绸,,,,,0,0,,,
tussah cocoon,,,柞蚕茧,,,,,0,0,,,
tussah drapery fabric,,,柞丝纬装饰绸,,,,,0,0,,,
tussah fabric,,,柞丝织物,,,,,0,0,,,
tussah pongee,,,榨蚕丝府绸,,,,,0,0,,,
tussah popline,,,柞丝粗棱茧绸,,,,,0,0,,,
tussah schappe,,,柞蚕绢丝,,,,,0,0,,,
tussah shantung,,,柞丝山东绸,,,,,0,0,,,
tussah silk,," A silk cloth made from the cocoons of a caterpillar\n   other than the common silkworm, much used in Bengal and China.\n The silk fiber itself.",[化] 柞蚕丝,,,,,0,0,,,
tussah silk bleached,,,柞蚕黄丝,,,,,0,0,,,
tussah silk noil,,,柞蚕丝落绵,,,,,0,0,,,
tussah silk tops,,,柞蚕丝绵球,,,,,0,0,,,
tussah silk unbleached,,,柞蚕灰丝,,,,,0,0,,,
tussah silk waste,,,柞蚕废丝,,,,,0,0,,,
tussah spun pongee,,,柞绢纺,,,,,0,0,,,
tussah spun silk,,,柞蚕绢丝,,,,,0,0,,,
tussah velvet,,,柞蚕丝绒,,,,,0,0,,,
tussah waste bleached,,,煮漂挽手,,,,,0,0,,,
tussahs,,,n. 【动】柞蚕；柞蚕丝；柞绸\n[网络] 野蚕丝；柞丝；榨蚕,,,,,0,0,0:tussah/1:s,,
tussal,'tʌsәl,,"a. [医]咳嗽的, 与咳嗽有关的, 咳嗽表现的",,,,,0,0,,,
Tussalan,'tu:sәlәn,,突沙纶(丝毛混纺),,,,,0,0,,,
Tussanca,,,"愈创木酚甘油醚,愈创木酚甘油酯,甘油愈创木酯,愈甘醚",,,,,0,0,,,
tussant,,,[网络] 咳嗽,,,,,0,0,,,
tussapax,,,咳吡喃,,,,,0,0,,,
Tussaphed,,,伪麻黄碱盐酸盐,,,,,0,0,,,
tussar,'tʌsə,,n.\n= tussa(h),,,,,0,0,,,
tussars,'tʌsə,,n.\n= tussa(h),,,,,0,0,,,
Tussaud,'tu:sәu,n. French modeler (resident in England after 1802) who made wax death masks of prominent victims of the French Revolution and toured Britain with her wax models; in 1835 she opened a permanent waxworks exhibition in London (1761-1850),图索(姓氏),,,,,38339,0,s:tussauds,,
tussaud's,,,na. (伦敦的)特索氏蜡人馆,,,,,0,0,,,
"Tussaud, MarieGrosholtz",tju:'səu; mɑ:'ri:,,图索德(夫人)（1760～1850），瑞士蜡像制模师、英国伦敦图索德夫人蜡像馆创办人(1835),,,,,0,0,,,
tussauds,,,[网络] 杜莎,,,,,0,0,0:tussaud/1:s,,
Tusscapine,,,那可丁,,,,,0,0,,,
tusseeldar,,,[网络] 图塞尔达,,,,,0,0,,,
tussefane,,,咳吡喃,,,,,0,0,,,
tusseh,,n oriental moth that produces brownish silk,"n. 柞蚕, 野蚕, 柞蚕丝, 野蚕丝",,,,,0,0,s:tussehs,,
tussehs,,,"n. 柞蚕, 野蚕, 柞蚕丝, 野蚕丝\n(tusseh 的复数)",,,,,0,0,0:tusseh/1:s,,
Tussenhausen,,,[地名] 图森豪森 ( 德 ),,,,,0,0,,,
tusser,,n oriental moth that produces brownish silk,"n. 柞蚕, 野蚕, 柞蚕丝, 野蚕丝",,,,,0,0,s:tussers,,
tusser silk,,,【纺织业】野蚕丝，柞蚕丝,,,,,0,0,,,
Tusser-silk,,,[网络] 柞蚕丝,,,,,0,0,,,
tussers,'tʌsə,,n. 野蚕；柞蚕丝,,,,,0,0,0:tusser/1:s,,
tusses,'tʌsiz,,墙面牙石,,,,,0,0,,,
Tussets,,,"双丁萘磺钠,双丁萘磺酸钠",,,,,0,0,,,
tusshe,,,[网络] uss,,,,,0,0,,,
tussi,,,[网络] 词根咳嗽；图西族,,,,,0,0,,,
tussian,,,[网络] 俄语,,,,,0,0,,,
Tussibron,,,"胺乙噁唑,嗽拉明",,,,,0,0,,,
tussic,,,[网络] 讽刺的,,,,,0,0,,,
tussicate,,,[网络] 。,,,,,0,0,,,
tussicula,tʌ'sikjulә,,轻咳,,,,,0,0,,,
tussicular,,a. Of or pertaining to a cough.,[医] 咳的,,,,,0,0,,,
tussicular syncope,,,烦咳性晕厥,,,,,0,0,,,
tussiculation,,,"[医] 干咳, 烦咳",,,,,0,0,,,
Tussidin,,,咳散,,,,,0,0,,,
tussie mussie,,,[网络] 押尾桑,,,,,0,0,,,
tussie-mussie,,,[网络] 花束,,,,,0,0,,,
tussigenic,,,致咳的,,,,,0,0,,,
tussilagin,,,款冬花内酯具,,,,,0,0,,,
tussilago,,n genus of low creeping yellow-flowered perennial herbs of north temperate regions: coltsfoots; in some classifications includes species often placed in other genera especially Homogyne and Petasites,[医] 款冬花,,,,,0,0,s:tussilagoes,,
Tussilago farfara,,,[网络] 款冬；款冬花；款冬属,,,,,0,0,s:tussilago farfaras,,
tussilago farfaras,,,[网络] 款冬；款冬花；款冬属\n(tussilago farfara 的复数),,,,,0,0,0:tussilago farfara/1:s,,
Tussilago frarfara L.,,,[医] 款冬,,,,,0,0,,,
Tussilago L.,,,[医] 款冬属,,,,,0,0,,,
tussilagoes,,,[医] 款冬花\n(tussilago 的复数),,,,,0,0,0:tussilago/1:s,,
tussilagone,,,款冬酮,,,,,0,0,,,
tussing,,,[网络] 捣蛋,,,,,0,0,,,
Tussinol,,,"吗啉乙吗啡,吗啉吗啡,β吗啉乙基吗啡",,,,,0,0,,,
Tussionex,,,氢可酮镇咳药,,,,,0,0,,,
Tussiplegy,,,敌退咳,,,,,0,0,,,
Tussiplegyl,,,"敌退咳,氯丙胺丙醇,氯苯氨丙醇,敌退咳",,,,,0,0,,,
tussis,'tʌsis,,n. [医]咳嗽,,,,,0,0,,,
tussis conanlsiva,,,"[医] 痉咳, 百日咳",,,,,0,0,,,
tussis ferina,,,"[医] 痉咳, 百日咳",,,,,0,0,,,
tussis quinta,,,"[医] 痉咳, 百日咳",,,,,0,0,,,
tussis stomachalis,,,"[医] 胃病性咳, 胃咳",,,,,0,0,,,
Tussistop,,,"氯苯胺丙醇,敌退咳",,,,,0,0,,,
tussive,'tʌsiv,,a. 咳嗽的\n[医] 咳的,,,,,0,0,,,
tussive epilepsy,,,咳嗽性癫痫,,,,,0,0,,,
tussive fremitus,,,[医] 咳嗽性震颤,,,,,0,0,,,
tussive squeeze,,,[医] 咳嗽性肺压缩,,,,,0,0,,,
tussive syncope,,,[医] 剧咳后晕厥,,,,,0,0,,,
Tussizid,,,咳散,,,,,0,0,,,
tussle,'tʌsl,n disorderly fighting\nv fight or struggle in a confused way at close quarters\nv make messy or untidy,"n. 扭打, 争斗, 论争\nvi. 扭打, 打斗",v:34/n:66,1,,gre,19616,22830,s:tussles/i:tussling/p:tussled/3:tussles/d:tussled,,
tussle with,,,[网络] 格斗,,,,,0,0,,,
tussle with evil,,,[法] 与罪恶斗争,,,,,0,0,,,
tussle with sth,,,[网络] 与sth,,,,,0,0,,,
tussled,'tʌs(ə)l,v. fight or struggle in a confused way at close quarters\nv. make messy or untidy,"vi. 打斗；扭打；剧烈的斗争\nn. 争斗, 扭打",,,,,0,0,1:pd/0:tussle,,
tussler,'tʌs(ə)l,,vi.\n扭打，扭斗；搏斗；摔跤，角力；争斗(常与 with连用)：\nThe old man tussled with the big fish.\n老人和大鱼进行搏斗。\n争论；争执：\nThey tussled over the last ticket.\n他们为最后一张票发生争吵。\n变形：\nvi.\ntussled\n. tussling,,,,,0,0,,,
tusslers,,"(noun)A person who has a fetish for ears.  One who scuffles or fondles the earlobe or the surrounding area. \r\n\r\nTussle(the verb form) can be used to mean a firm wriggle of the thumb and index finger to engulf the ear lobe with its presence.\r\n\n> Mike Recchia is the resident Tussler at OTHS.\n> Dude, would you please quit tussling my ear.  Thats kinda gay.\n",,,,,,0,0,,,
tussles,ˈtʌsəlz,n disorderly fighting\nv fight or struggle in a confused way at close quarters\nv make messy or untidy,"n. <口>扭打, 争斗( tussle的名词复数 )",,,,,0,0,0:tussle/1:s3,,
tussling,'tʌs(ə)l,v. fight or struggle in a confused way at close quarters\nv. make messy or untidy,"vi. 打斗；扭打；剧烈的斗争\nn. 争斗, 扭打",,,,,0,0,0:tussle/1:i/s:tusslings,,
tusslings,'tʌs(ə)l,,vi. 打斗；扭打；剧烈的斗争\nn. 争斗，扭打,,,,,0,0,0:tussling/1:s,,
tussock,'tʌsәk,n a bunch of hair or feathers or growing grass,n. 草丛,n:100,,,,37310,34369,s:tussocks,,
tussock bellflower,,,[网络] 丛生风铃草,,,,,0,0,s:tussock bellflowers,,
tussock bellflowers,,,[网络] 丛生风铃草\n(tussock bellflower 的复数),,,,,0,0,0:tussock bellflower/1:s,,
tussock caterpillar,,,[网络] tussock毛毛虫,,,,,0,0,s:tussock caterpillars,,
tussock caterpillars,,,[网络] tussock毛毛虫\n(tussock caterpillar 的复数),,,,,0,0,0:tussock caterpillar/1:s,,
tussock grass,ˈtʌsək ɡrɑ:s,," 生草丛, 丛生禾",,,,,0,0,,,
tussock grasses,,, 生草丛,,,,,0,0,,,
tussock grassland,,,丛状草原,,,,,0,0,,,
tussock moss,,,丛生苔类,,,,,0,0,,,
tussock moth,ˈtʌsək mɔθ,,n. 毒蛾,,,,,0,0,s:tussock moths,,
tussock moths,,,tussock moth\n【昆虫】毒蛾[毒蛾科 (Lymantriidae)蛾],,,,,0,0,0:tussock moth/1:s,,
tussock plant,,,生草丛植物,,,,,0,0,,,
tussock sedge,,"tussock sedge (countable and uncountable, plural tussock sedges)\nCarex stricta, a wetland sedge of eastern North America.\n",,,,,,0,0,,,
tussock tundra,,,生草丛冻原,,,,,0,0,,,
tussock type prairie,,,生草丛型普列利群落,,,,,0,0,,,
tussock-grass,,,un. 生草丛\n[网络] 生草丛禾本；丛生草；丛生草本,,,,,0,0,,,
tussocked,'tʌsək,,tussocked\nadj.\ntussock的变形\ntussock\n['tʌsək]\nn.\n【植物学】丛生草，草丛丘\n(生长的草等的)丛；簇,,,,,0,0,,,
tussocker,'tʌsək,,n.\n【植物学】丛生草，草丛丘\n(生长的草等的)丛；簇,,,,,0,0,,,
tussocks,ˈtʌsəks,n. a bunch of hair or feathers or growing grass,n. （比周围的草长得密或高的）草丛( tussock的复数形式 ),,,,,0,0,0:tussock/1:s3,,
tussocky,'tʌsәki,"a. Having the form of tussocks; full of, or covered with,\n   tussocks, or tufts.","a. 多丛的, 丛状的, 成簇的",,,,,40560,0,,,
Tussoglobin,,,人百日咳免疫球蛋白,,,,,0,0,,,
Tussokon,,,吗啉吗啡,,,,,0,0,,,
tussol,,,"[医] 吐索尔, 杏仁酸安替比林",,,,,0,0,,,
Tussolkon,,,"福尔可定,吗啉乙吗啡,吗啉吗啡,p-吗啉乙基吗啡",,,,,0,0,,,
Tusson,,,[地名] 蒂松 ( 法 ),,,,,0,0,,,
tussor,,,"n. 柞蚕,野蚕",,,,,0,0,,,
"tussor(e), tussur",'tʌsə; -sɔ:,,n. = tussa(h),,,,,0,0,,,
tussore,,n oriental moth that produces brownish silk,[化] 野蚕丝,,,,,0,0,s:tussores,,
tussores,,n. oriental moth that produces brownish silk,罗缎,,,,,0,0,0:tussore/1:s,,
Tussory,,,"咳美芬,沙桃普",,,,,0,0,,,
Tussoryl,,,咳美芬,,,,,0,0,,,
tussucal,,,苯哌丙醇,,,,,0,0,,,
Tussucat,,,苯哌丙醇,,,,,0,0,,,
tussuck,,,[网络] uck,,,,,0,0,,,
tussucks,,,[网络] 。,,,,,0,0,,,
tussur,,n. oriental moth that produces brownish silk,柞蚕丝,,,,,0,0,s:tussurs,,
tussur silk,,,柞蚕丝;野蚕丝,,,,,0,0,,,
tussurs,'tʌsə; -sɔ:,,n.\n= tussa(h),,,,,0,0,0:tussur/1:s,,
tussy,,,[网络] 杜西,,,,,0,0,,,
tussyllage,,,[网络] t,,,,,0,0,,,
tustatio,,,尝味,,,,,0,0,,,
Tusten,,,[地名] 塔斯滕 ( 美 ),,,,,0,0,,,
tustian,,, [人名] 塔斯琴,,,,,0,0,s:tustians,,
tustians,,, [人名] 塔斯琴\n(tustian 的复数),,,,,0,0,0:tustian/1:s,,
Tustin,,,n. (Tustin)人名；(英)塔斯廷,,,,,0,0,s:tustins,,
tustins,,,n. (Tustin)人名；(英)塔斯廷,,,,,0,0,0:tustin/1:s,,
tustle,,,[网络] 。,,,,,0,0,,,
Tustna,,,[地名] 蒂斯特纳岛 ( 挪 ),,,,,0,0,,,
Tustumena Glacier,,,[地名] 特斯特米纳冰川 ( 美 ),,,,,0,0,,,
Tustumena L.,,,[地名] 特斯特米纳湖 ( 美 ),,,,,0,0,,,
Tusufoxacin,,,妥舒沙星,,,,,0,0,,,
Tuszyn,,,[地名] 图申 ( 波 ),,,,,0,0,,,
tuszynski,,,[网络] 图申斯基,,,,,0,0,,,
tut,tʌt,"v utter `tsk,' `tut,' or `tut-tut,' as in disapproval",interj. 啧啧(表示不赞成、责难)\nn. 啧啧声音\nvi. 发啧啧声,v:100,,,,24807,44158,p:tutted/i:tutting/3:tuts/d:tutted,,
tut tut,,,int. 嘘嘘\n[网络] 件件图片；都都车；笃笃,,,,,0,0,,,
tut work,,,计件工作,,,,,0,0,,,
tut-,,,保护,,,,,0,0,,,
Tut-Khaltuy,,,[地名] 图特哈尔图伊 ( 俄 ),,,,,0,0,,,
tut-tut,'tʌt'tʌt,"v utter `tsk,' `tut,' or `tut-tut,' as in disapproval","v. 发出嘘(啧)之声\nint. (=tut)嘘, 啧",,,,,0,0,3:tut-tuts/i:tut-tutting/p:tut-tutted/d:tut-tutted,,
tut-tuts,,"v utter `tsk,' `tut,' or `tut-tut,' as in disapproval",v. 发出嘘（啧）之声( tut-tut的第三人称单数 ),,,,,0,0,0:tut-tut/1:3,,
tut-tutted,,"v utter `tsk,' `tut,' or `tut-tut,' as in disapproval",v. 发出嘘（啧）之声( tut-tut的过去式和过去分词 ),,,,,0,0,1:pd/0:tut-tut/s:tut-tutteds,,
tut-tutteds,'tʌt'tʌt,,int. （=tut）啧，嘘\nv. 发出嘘（啧）之声,,,,,0,0,0:tut-tutted/1:s,,
tut-tutting,,"v utter `tsk,' `tut,' or `tut-tut,' as in disapproval",v. 发出嘘（啧）之声( tut-tut的现在分词 ),,,,,0,0,1:i/0:tut-tut/s:tut-tuttings,,
tut-tuttings,'tʌt'tʌt,,int. （=tut）啧，嘘\nv. 发出嘘（啧）之声,,,,,0,0,0:tut-tutting/1:s,,
tut-work,,,[网络] 计件工作,,,,,0,0,,,
Tuta,,,[地名] 图塔 ( 刚(金)、哥伦 ),,,,,0,0,,,
tutaculum,,,护器,,,,,0,0,,,
tutage,,,[网络] 保护,,,,,0,0,,,
Tutaguana,,,[地名] 图塔瓜纳 ( 厄 ),,,,,0,0,,,
Tutak,,,[地名] 图塔克 ( 巴基、土 ),,,,,0,0,,,
tutamen,,,"[医] 保护器, 防御物",,,,,0,0,,,
tutament,,,[网络] 礼拜,,,,,0,0,,,
tutamina,,,"(单tutamen)保护物,防御物",,,,,0,0,,,
tutamina cerebri,,,[医] 大脑保护物(指发、头皮、脑膜、颅骨等),,,,,0,0,,,
tutamina oculi,,,[医] 眼保护物(指睫毛、眼睑等),,,,,0,0,,,
Tutamoe Ra.,,,[地名] 图塔莫伊岭 ( 新西 ),,,,,0,0,,,
tutanaga,tjuː'tænəɡə,,n.锌(白铁皮),,,,,0,0,,,
Tutane,,,氨丁烷,,,,,0,0,,,
tutang,,,[网络] 汤塘,,,,,0,0,,,
tutania,tju:'teiniә,,n. 锡合金,,,,,0,0,,,
Tutania alloy,,,锡锑铜合金,,,,,0,0,,,
Tutania metal,,,图塔尼阿锡锑铜合金,,,,,0,0,,,
tutankhaman,,,[网络] 图唐卡门；赫曼,,,,,0,0,,,
Tutankhamen,",tu:tən'kɑ:men; -mən",n. Pharaoh of Egypt around 1358 BC; his tomb was discovered almost intact by Howard Carter in 1922,n. 图坦卡蒙（埃及法老名）,,,,,46929,0,s:tutankhamens,,
tutankhamens,",tu:tən'kɑ:men; -mən",,"Tutankhamen\n[,tu:tən'kɑ:men; -mən]\n图坦卡蒙(公元前1361～前1352在位,古埃及第十八王朝法老;其陵墓于1922年被完整发现)[亦作 Tutankhamun, Tutankhamon, Tutenkhamon]",,,,,0,0,0:tutankhamen/1:s,,
Tutankhamon,,,[网络] 图坦卡门；卡蒙；图唐卡门,,,,,0,0,,,
Tutankhamun,,,n. 图坦卡门（古埃及法老）,,,,,28331,0,,,
tutankhaten,,,[网络] 图坦哈吞；图坦卡顿；图坦卡吞,,,,,0,0,,,
Tutayev,,,[地名] 图塔耶夫 ( 俄 ),,,,,0,0,,,
Tutayevskiy Rayon,,,[地名] 图塔耶夫区 ( 俄 ),,,,,0,0,,,
tutbidity scale,,,[网络] 浊度标,,,,,0,0,,,
Tutbury,,,[地名] 塔特伯里 ( 英 ),,,,,0,0,,,
tutch,,,[网络] 离合器,,,,,0,0,,,
Tutcheria,,,n. 石笔木属,,,,,0,0,,,
Tutcheria acutiserrata,,,n. 尖齿石笔木,,,,,0,0,,,
Tutcheria brachycarpa,,,n. 短果石笔木,,,,,0,0,,,
Tutcheria championii,,,[网络] 石笔木,,,,,0,0,,,
Tutcheria greeniae,,,n. 长柄石笔木,,,,,0,0,,,
Tutcheria hexalocularia,,,n. 六瓣石笔木,,,,,0,0,,,
Tutcheria hirta,,,n. 粗毛石笔木,,,,,0,0,,,
Tutcheria kwangsiensis,,,n. 广西石笔木,,,,,0,0,,,
Tutcheria kweichowensis,,,n. 贵州石笔木,,,,,0,0,,,
Tutcheria microcarpa,,,n. 小果石笔木,,,,,0,0,,,
tutcheria microcarpa dunn,,,狭叶石笔木;狭叶榻捷花(陈嵘),,,,,0,0,,,
Tutcheria ovalifolia,,,n. 卵叶石笔木,,,,,0,0,,,
Tutcheria pingpienensis,,,n. 屏边石笔木,,,,,0,0,,,
Tutcheria pubicostata,,,n. 毛肋石笔木,,,,,0,0,,,
Tutcheria shinkoensis,,,n. 圆果石笔木,,,,,0,0,,,
Tutcheria sophiae,,,n. 云南石笔木,,,,,0,0,,,
Tutcheria spectabilis,,,[网络] 石笔木,,,,,0,0,,,
tutcheria spectabilis dunn,,,石笔木;榻捷花(中国植物图谱),,,,,0,0,,,
Tutcheria subsessiliflora,,,n. 无柄石笔木,,,,,0,0,,,
Tutcheria symplocifolia,,,n. 锥果石笔木,,,,,0,0,,,
Tutcheria taiwanica,,,n. 台湾石笔木,,,,,0,0,,,
Tutcheria tenuifolia,,,n. 薄叶石笔木,,,,,0,0,,,
Tutcheria wuana,,,[网络] 长萼石笔木,,,,,0,0,,,
tutchone,,, 塔穹语,,,,,0,0,,,
tute,,,[网络] 小班的指导课程；小班人数的课程；多普特,,,,,0,0,s:tutes,,
tuted,,,[网络] 抽了,,,,,0,0,,,
tutee,"tju:'ti:, tu:-",n. learns from a tutor,"n. 被指导者, 学生, 被教导者",n:100,,,,0,37722,s:tutees,,
tutees,,plural of tutee\nn. learns from a tutor,"(tutee 的复数) n. 被指导者, 学生, 被教导者",,,,,0,0,0:tutee/1:s,,
tutel,,,[网络] 图泰尔,,,,,0,0,,,
tutela,,,[法] 监护,,,,,0,0,,,
tutela actio,,,[法] 监护的诉讼,,,,,0,0,,,
tutela dativa,,,[法] 官选监护,,,,,0,0,,,
tutela legitima,,,[法] 法定监护,,,,,0,0,,,
tutela testamentaria,,,[法] 遗嘱监护,,,,,0,0,,,
tutelage,'tju:tilidʒ,n. teaching pupils individually (usually by a tutor hired privately),"n. 守护, 监护, 指导\n[法] 监护, 保护, 指导",n:100,,,gre,22184,18256,s:tutelages,,
tutelages,'tjuːtɪlɪdʒ,,n. 监护；指导,,,,,0,0,0:tutelage/1:s,,
tutelar,'tju:tilә,s providing protective supervision; watching over or safeguarding,"a. 保护的, 监护的, 监护人的\n[法] 保护的, 守护的, 监护的",,,,,0,0,,,
tutelar authority,,,[法] 监护人的权力,,,,,0,0,,,
tutelaric,/ˈtjuː.tɪ.lə.ɹɪk/,"tutelaric (comparative more tutelaric, superlative most tutelaric)\n(rare) Tutelar, tutelary.\n",,,,,,0,0,,,
tutelaries,,,adj. 监护(人)的\n[网络] 守护神；监护的；保护的,,,,,0,0,0:tutelary/1:s,,
tutelarity,,,[网络] 忠诚度,,,,,0,0,,,
tutelars,,,[网络] 辅导员,,,,,0,0,,,
tutelary,'tju:tilәri,s providing protective supervision; watching over or safeguarding,"a. 保护的, 监护的, 监护人的",j:100,,,,47019,34499,s:tutelaries,,
tutelary deities,,,[网络] 善良的神,,,,,0,0,,,
tutelary deity,,,[网络] 本尊,,,,,0,0,,,
tutelary power,,,监护国,,,,,0,0,,,
tutele,,tutele (uncountable)\n(obsolete) tutelage\n,,,,,,0,0,,,
tuteler,,,[网络] 导师,,,,,0,0,,,
Tutelo,,,[网络] 即图特洛语；塔特洛；有土特鲁,,,,,0,0,s:tuteloes,,
tuteloes,,,[网络] 即图特洛语；塔特洛；有土特鲁\n(tutelo 的复数),,,,,0,0,0:tutelo/1:s,,
tuten,,, [人名] 塔滕,,,,,0,0,,,
tutenag,'tju:tinæ^,n. Crude zinc.\nn. Packfong.,n. 一种白铜,,,,,0,0,,,
tutenag(ue),'tju:tinæɡ,,n. 中国白铜，锌铜镍合金；生锌,,,,,0,0,,,
tutenague,,,n. 中国白铜,,,,,0,0,,,
tutenkhamen,,,[网络] 第十八王朝法老图坦卡门,,,,,0,0,,,
Tutenkhamon,,,[网络] 图坦卡蒙；一九二二年发现的图腾卡门；女婿图坦哈蒙,,,,,0,0,,,
tutes,,,[网络] 小班的指导课程；小班人数的课程；多普特\n(tute 的复数),,,,,0,0,0:tute/1:s,,
tuteur,,,[网络] 监护机关为监护人,,,,,0,0,,,
tuteurs,,tuteurs\nplural of tuteur\n,,,,,,0,0,,,
tuther,,,[网络] 更安静,,,,,0,0,,,
Tuthili's method,,,"[医] 塔西耳氏法, 巴-塔二氏法(检血钠)",,,,,0,0,,,
tuthill,,, [人名] 塔特希尔,,,,,0,0,s:tuthills,,
tuthills,,,n. (Tuthill)人名；(英)塔特希尔,,,,,0,0,0:tuthill/1:s,,
tuthmosis,,,[网络] 图特摩斯；图特摩斯一世；图特摩斯一二三世,,,,,0,0,,,
Tuthmosis I,,,[网络] 图特摩斯一世；图斯摩西斯一世；图塔摩斯一世,,,,,0,0,,,
Tuthmosis III,,,[网络] 图特摩斯三世；图特摩斯三世墓；王突提摩斯三世,,,,,0,0,,,
tutia,,,[网络] 石,,,,,0,0,,,
Tutia Khel,,,[地名] 杜蒂亚海勒 ( 巴基 ),,,,,0,0,,,
Tuticorin,,,[地名] 杜蒂戈林 ( 印 ),,,,,0,0,,,
tutie,,,[网络] 小提琴,,,,,0,0,,,
tutilage,,,[网络] 监护,,,,,0,0,,,
tutin,,,羟基马桑毒素,,,,,0,0,,,
tutin rudder,,,[网络] 反应舵的一种,,,,,0,0,,,
tutino,,,[网络] 图蒂诺,,,,,0,0,,,
tutiorism,"'tju:tiә,rizәm,-ʃiә-",,"n. [宗]更稳妥说(天主教神学道德论学说之一,认为在道德上有怀疑时最好还是稳妥行事,坚守诫规)",,,,,0,0,,,
Tutira L.,,,[地名] 图蒂拉湖 ( 新西 ),,,,,0,0,,,
tutle,,,[网络] 秃头勃士；海龟,,,,,0,0,,,
tutman,,,[网络] 图特曼,,,,,0,0,,,
tutmosis,,,[网络] 图特摩斯,,,,,0,0,,,
tutocaine,,,"[医] 图托卡因, 丁卡因(一种局部麻醉药)",,,,,0,0,,,
tutocaine hydrochloride,,,"[医] 盐酸图托卡因, 布塔明",,,,,0,0,,,
tutocaine-hydrochloride,,,盐酸土透卡因,,,,,0,0,,,
"Tutoh, Sungai",,,[地名] 都道河 ( 马来 ),,,,,0,0,,,
Tutoia,,,土托雅,,,,,0,0,,,
tutoiement,,,[网络] 。。。,,,,,0,0,,,
Tutonchana,,,[地名] 图通恰纳河 ( 俄 ),,,,,0,0,,,
Tutonchany,,,[地名] 图通恰内 ( 俄 ),,,,,0,0,,,
Tutong,,,[地名] 都东 ( 文莱 ),,,,,0,0,,,
tutor,'tju:tә,v. be a tutor to someone; give individual instruction\nv. act as a guardian to someone,"n. 家庭教师, 导师, 助教, 监护人\nvt. 当...的教师, 教, 指导, 约束, 克制\nvi. 当家庭教师, 受家庭教师的指导",v:27/n:73,2,,gk cet4 cet6 ky toefl ielts gre,3839,9093,s:tutors/i:tutoring/p:tutored/3:tutors/d:tutored,,
tutor and curator,,,(未成年人或精神病人的)监护人和保佐人,,,,,0,0,,,
tutor impuberum,,,[法] 未到结婚年龄的监护人,,,,,0,0,,,
tutor in,,,在…当家庭教师,,,,,0,0,,,
tutor legitimus,,,[网络] 法定监护人,,,,,0,0,,,
tutor mulierum,,,[法] 女子的监护人,,,,,0,0,,,
tutor oneself,,,自我克制,,,,,0,0,,,
tutor organizer,,,(兼管课程安排的)导师,,,,,0,0,,,
tutor-group,,,导师指导小组,,,,,0,0,s:tutor-groups,,
tutor-groups,,plural of tutor-group,(tutor-group 的复数) 导师指导小组,,,,,0,0,0:tutor-group/1:s,,
tutor-student,,,[网络] 学生辅导,,,,,0,0,,,
tutorage,'tju:tәridʒ,n. The office or occupation of a tutor; tutorship;\n   guardianship.,"n. 家庭教师的职位, 家庭教师的工作, 指导教师的职位, 指导教师的工作\n[法] 监护的地位或职责",,,,,0,0,,,
tutorages,,,n. 家庭教师[监护人]的地位[职务]；辅导；(家庭教师的)酬金\n[网络] 监护的职责；家庭教师的职位；导教师,,,,,0,0,,,
tutore,,,[网络] 图托雷,,,,,0,0,,,
tutored,ˈtju:təd,imp. & p. p. of Tutor,v. 当家庭教师( tutor的过去式和过去分词 ); 任大学导师; 任课,,,,,0,0,0:tutore/1:dp,,
tutorer,,,[网络] 舵手,,,,,0,0,,,
tutores honoraii,,,[法] 名誉监护人,,,,,0,0,,,
tutoress,'tju:tәris,v be a tutor to someone; give individual instruction\nv act as a guardian to someone,"n. 女家庭教师, (英)女指导教师, (美)女助教\n[法] 女家庭教师, 女监护人",,,,,0,0,,,
tutoresses,'tju:təris,,n. 女私人教师；女导师；女助教；女监护人,,,,,0,0,,,
tutorest,'tjuːtə,,n.\n私人教师，家庭教师\n考试辅导员\n[英国英语](英国大学中的)导师\n[美国英语](美国大学中的)助教\n【法律】(未成年人的)监护人\n[英国英语](学科)学习指南；辅导手册\nvt.\n当私人教师，当家庭教师；教授；辅导：\nHe tutored the girl in English.\n他教女孩英语。\nMost parents have no time to tutor their children.\n大部分家长没有时间辅导孩子。\n私下教授；秘密传授：\nto tutor a witness before he testifies\n在见证人作证前私下教其如何行事\n[古语]训练，训导；克制；劝告；告诫：\nShe tutored her passions.\n她抑制住自己的感情。\nvi.\n当私人教师，当家庭教师：\nHe tutored for a living.\n他以当家庭教师为生。\n[口语]受辅导；在家庭教师的教导下学习：\nThe girl tutored in English.\n女孩在家庭教师指导下学英文。,,,,,0,0,,,
tutorhood,,,[网络] 辅导,,,,,0,0,,,
tutorial,tju:'tɒ:riәl,n. a session of intensive tuition given by a tutor to an individual or to a small number of students\na. of or relating to tutors or tutoring,"n. 个别指导, 论文, 学习指南, 指导手册\na. 个别指导的, 家庭教师的, 辅导的\n[计] 教程",n:100,1,,toefl ielts,8172,15959,s:tutorials,,
tutorial cai,,,电脑辅助教学,,,,,0,0,,,
tutorial class,,,[法] 辅导小组,,,,,0,0,,,
tutorial college,,,课辅学院 (补习学校),,,,,0,0,,,
tutorial disk,,,[计] 教学盘,,,,,0,0,,,
tutorial display,,,辅导显示屏[画面],,,,,0,0,,,
tutorial fellowship,,,"〈英〉(牛津,剑桥大学等)导师(或带研究生的研究员)",,,,,0,0,,,
tutorial for instant java,,,咖啡速成法,,,,,0,0,,,
tutorial light,,,指导灯,,,,,0,0,,,
tutorial lights,,,教学指示灯,,,,,0,0,,,
tutorial message,,,[计] 指导信息,,,,,0,0,,,
tutorial mode,,,个别教学方式,,,,,0,0,,,
tutorial program,tu:ˈtɔ:ri:əl ˈprəuɡræm,, 教学程序,,,,,0,0,,,
tutorial programs,,,教导计画,,,,,0,0,,,
tutorial subsystem,,,教导子系统,,,,,0,0,,,
tutorial system,,,导师制,,,,,0,0,,,
tutorially,,r by tutorials; in a tutorial manner,adv. tutorial的变形,,,,,0,0,,,
tutorials,tu:ˈtɔ:ri:əlz,n. a session of intensive tuition given by a tutor to an individual or to a small number of students,n. 导师的个别指导( tutorial的复数形式 ); 教程; 辅导材料; 使用说明书,,,,,0,0,0:tutorial/1:s,,
tutories,,,[网络] 教具,,,,,0,0,,,
tutorify,,,[网络] 辅导,,,,,0,0,,,
tutoring,ˈtju:tərɪŋ,v be a tutor to someone; give individual instruction\nv act as a guardian to someone,v. 当家庭教师( tutor的现在分词 ); 任大学导师; 任课,j:100,,,,24380,10749,0:tutor/1:i/s:tutorings,,
tutoring module,,,教导式模组,,,,,0,0,,,
tutorings,,,[网络] 辅导员,,,,,0,0,0:tutoring/1:s,,
tutoris optio,,,[法] 监护选择,,,,,0,0,,,
tutorise,,,[网络] 辅导,,,,,0,0,,,
tutorised,,,[网络] 被教导,,,,,0,0,,,
tutorises,,,[网络] 教条,,,,,0,0,,,
tutorising,,,[网络] 补品,,,,,0,0,,,
tutorism,,,[网络] 辅导,,,,,0,0,,,
tutorize,,,[网络] 辅导,,,,,0,0,,,
tutorized,,,[网络] 整理,,,,,0,0,,,
tutorizes,,,[网络] 教导,,,,,0,0,,,
tutorizing,,,[网络] 补品,,,,,0,0,,,
tutorless,,,[网络] 无礼,,,,,0,0,,,
tutorly,'tju:tәli,,"a. 有关(或适合)家庭教师的,有关(或适合)辅导教师的",,,,,0,0,,,
tutors,,"n a person who gives private instruction (as in singing, acting, etc.)\nv be a tutor to someone; give individual instruction\nv act as a guardian to someone",n. 导师；助教；家庭教师（tutor的复数形式）,,,,,0,0,1:s3/0:tutor,,
tutorship,'tju:tәʃip,n teaching pupils individually (usually by a tutor hired privately),"n. 教师之职位\n[法] 保护人的职责或权力, 保护权",,,,,0,0,s:tutorships,,
tutorship by nature,,,[法] 当然监护权,,,,,0,0,,,
tutorship by will,,,[法] 依遗嘱而取得的监护权,,,,,0,0,,,
tutorships,ˈtju:təʃips,,n. 家庭教师，辅导( tutorship的名词复数 ),,,,,0,0,0:tutorship/1:s,,
tutory,,n. Tutorage.,[法] 监护,,,,,0,0,,,
tutour,,,[网络] 头儿,,,,,0,0,,,
tutours,,,[网络] 导图,,,,,0,0,,,
Tutova,,,[地名] 图托瓦河 ( 罗 ),,,,,0,0,,,
"Tutovei, Colinel",,,[地名] 图托瓦丘陵 ( 罗 ),,,,,0,0,,,
tutoy,,"tutoy (third-person singular simple present tutoys, present participle tutoying, simple past and past participle tutoyed)\n(transitive) To call by the informal pronoun tu.\n",,,,,,0,0,,,
tutoyer,",tu:twa'jei; tytwa'je",,"vt.亲密地向…说话,亲密地对待",,,,,0,0,,,
tutoyered,",tjuːtwɑː'jeɪ",,亲密地向…说话\n亲密地对待,,,,,0,0,,,
tutoyering,",tjuːtwɑː'jeɪ",,亲密地向…说话\n亲密地对待,,,,,0,0,,,
tutoyers,",tjuːtwɑː'jeɪ",,亲密地向…说话\n亲密地对待,,,,,0,0,,,
Tutrakan,,,[地名] 图特拉坎 ( 保 ),,,,,0,0,,,
tutress,'tju:tris,n. Tutoress.,"n. 女助教, 女家庭教师",,,,,0,0,,,
tutresses,'tju:tris,,n. 女助教；女家庭教师,,,,,0,0,,,
tutrices,,,[网络] 礼物,,,,,0,0,,,
tutrix,t'ju:trɪks,n. A female guardian; a tutoress., 女监护人,,,,,0,0,,,
Tutropin,,,多巴胺,,,,,0,0,,,
tuts,tʌts,"v utter `tsk,' `tut,' or `tut-tut,' as in disapproval",v. 发出嘘声( tut的第三人称单数 ),,,,,0,0,0:tut/1:3,,
tutsan,'tʌtsәn,n deciduous bushy Eurasian shrub with golden yellow flowers and reddish-purple fruits from which a soothing salve is made in Spain,n. [植]土三金丝桃,,,,,0,0,s:tutsans,,
tutsans,,,n. 土三金丝桃,,,,,0,0,0:tutsan/1:s,,
tutses,,,"n. 图西人；图西族（卢旺达与布隆迪境内的少数民族, Tutsi的复数形式）\n(tutsis 的复数)",,,,,0,0,0:tutsis/1:s,,
Tutsi,'tjtsi,n. a member of a Bantu speaking people living in Rwanda and Burundi,n. 图西人(卢旺达与布隆迪境内的少数民族人),j:50/n:50,,,,0,21562,s:tutsis,,
tutsi-dominated,,,[网络] 图西族统治的,j:100,,,,0,0,s:tutsi-dominateds,,
tutsi-dominateds,,,[网络] 图西族统治的\n(tutsi-dominated 的复数),,,,,0,0,0:tutsi-dominated/1:s,,
Tutsiness,,,[网络] 柔软,,,,,0,0,,,
Tutsis,,n. a member of a Bantu speaking people living in Rwanda and Burundi,"n. 图西人；图西族（卢旺达与布隆迪境内的少数民族, Tutsi的复数形式）",,,,,0,0,0:tutsi/s:tutses,,
tutt,,,abbr. tropical upper-tropospherictrouth 热带对流层上部槽,,,,,0,0,s:tutts,,
tutta,,,[网络] 意全部的，所有的；天宝古村,,,,,0,0,s:tuttas,,
tuttas,,,[网络] 意全部的，所有的；天宝古村\n(tutta 的复数),,,,,0,0,0:tutta/1:s,,
tutte,,,n. (Tutte)人名；(德)图特,,,,,45747,0,,,
Tutte graph,,,塔特图,,,,,0,0,,,
Tutte matrices,,,[网络] Tutte矩阵,,,,,0,0,,,
Tutte matrix,,,[网络] Tutte矩阵,,,,,0,0,,,
Tutte matrixes,,,[网络] Tutte矩阵,,,,,0,0,,,
Tutte polynomial,,,塔特多项式,,,,,0,0,,,
tutted,tʌtid,,v. 发出嘘声( tut的过去式和过去分词 ),,,,,0,0,0:tut/1:pd,,
tutti,'tuti,n. pl. All; -- a direction for all the singers or players to\n   perform together.,"a. 全体齐奏的\nn. 合奏, 合唱",n:100,,,,0,35612,s:tutti,,
tutti frutti,,,n. 什锦水果冰淇淋\n[网络] 水果锦囊；百果糖；水果系列,,,,,0,0,,,
tutti quanti,,,tutti quanti\n[意大利语]全数；每个人，个个,,,,,0,0,,,
tutti-frutti,'tjti 'fru:ti,n ice cream containing chopped candied fruits,"n. 蜜饯百果, 搀有什锦水果的冰淇淋\na. 什锦水果味的",,,,,0,0,s:tutti-frutti,,
tutti-fruttis,,,n. 什锦水果冰淇淋\n[网络] 什锦水果口味；蜜饯；什锦弗鲁蒂,,,,,0,0,,,
tutties,'tʌtɪ,,n. 未加工的氧化锌,,,,,0,0,0:tutty/1:s,,
tuttifrutti,'tu:ti'fruti,,"加有糖渍水果的冰淇淋(或糖果), 蜜饯百果",,,,,0,0,,,
tutting,tʌtɪŋ,,v. 发出嘘声( tut的现在分词 ),,,,,0,0,0:tut/1:i/s:tuttings,,
tuttings,,,[网络] 提示,,,,,0,0,0:tutting/1:s,,
tuttis,ˈtuti:z,,n. 合奏，合唱( tutti的名词复数 ),,,,,0,0,s:tuttiss,,
tuttiss,'tuti; 'tu:tti:,,tuttis\nn.\ntutti的变形\ntutti\n['tuti; 'tu:tti:]\n[意大利语]【音乐】\nadj.\n全奏的；齐唱的\nn.\n全奏；齐唱\n全奏(或齐唱)的乐章\n全奏(或齐唱)的音响效果\nadv.\n全奏地；齐唱地\n变形：\nn.\ntuttis,,,,,0,0,0:tuttis/1:s,,
Tuttle,'tʌtl,,[计] 托特,,,,,47538,0,,,
Tuttle Creek Res.,,,[地名] 塔特尔溪水库 ( 美 ),,,,,0,0,,,
Tuttle graph,,,[计] 托特图,,,,,0,0,,,
Tuttle tube-factor bridge,,,特尔电子管参数测量电桥,,,,,0,0,,,
Tuttle tubefactor bridge,,,塔特尔电子管参数测量电桥,,,,,0,0,,,
Tuttle's mask,,,[医] 塔特耳氏手术面罩,,,,,0,0,,,
Tuttle's proctoscope,,,"[医] 塔特耳氏直肠镜, 电光直肠镜",,,,,0,0,,,
tuttles,,,[网络] 舌头,,,,,0,0,,,
Tuttlingen,,,[地名] 图特林根 ( 德 ),,,,,0,0,,,
Tuttls's mask,,,[医] 塔特耳氏手术面罩,,,,,0,0,,,
Tuttls's proctoscope,,,[医] 塔特耳氏直肠镜,,,,,0,0,,,
tutto,'tʊtəʊ,,adj. 全体的,,,,,0,0,,,
Tuttomycin,,,新霉素B,,,,,0,0,,,
tutton,,,[网络] 人图通；图顿,,,,,0,0,,,
Tutton Point,,,[地名] 塔顿角 ( 南极洲 ),,,,,0,0,,,
tutts,,,n. (Tutt)人名；(英)塔特,,,,,0,0,0:tutt/1:s,,
tutty,'tʌti,"n. A yellow or brown amorphous substance obtained as a\n   sublimation product in the flues of smelting furnaces of zinc, and\n   consisting of a crude zinc oxide.",n. 粉状氧化锌,,,,,0,0,s:tutties,,
tutu,'tu:tu:,n. South African prelate and leader of the antiapartheid struggle (born in 1931),n. (芭蕾舞女演员用)短裙,n:100,,,,39835,22685,s:tutus,,
Tutu I.,,,[地名] 图图岛 ( 斐 ),,,,,0,0,,,
"Tutu, Desmond Mpilo",'tu:tu:,,图图(1931～ ，南非圣公会大主教，民权活动分子，获1984年诺贝尔和平奖),,,,,0,0,,,
tutuala,,,[网络] 里和图图阿拉,,,,,0,0,,,
Tutub,,,[地名] 图图卜 ( 伊拉 ),,,,,0,0,,,
Tutubeia,,,[地名] 图图贝亚 ( 巴布 ),,,,,0,0,,,
Tutubu,,,[地名] 图图布 ( 巴布、坦桑 ),,,,,0,0,,,
tutued,'tu:tu:; tju:tju:,,n.\n[法语]芭蕾舞短裙\n变形：\nn.\ntutus\ntutu2\n['tu:tu:]\nn.\n【植物】新西兰马桑 (C. ruscifolia),,,,,0,0,,,
tutuella,,,"围土蚌属〔双壳类〕, 围土蚌",,,,,0,0,,,
tutufa bubo,,,大白蛙螺,,,,,0,0,,,
tutufa bufo,,,红口蛙螺,,,,,0,0,,,
tutufa oyamai,,,大山蛙螺,,,,,0,0,,,
tutufa ranelloides,,,小山蛙螺,,,,,0,0,,,
tutufa rubeta,,,金口蛙螺,,,,,0,0,,,
Tutuila,",tu:tu'i:lɑ:",,图图[土土]伊拉岛(萨摩亚 Samoa 群岛中的最大岛),,,,,0,0,,,
tutuila i.,,,土土伊拉岛,,,,,0,0,,,
Tutuilan,,,"a. , n. Tutuila的变形",,,,,0,0,,,
tutulemma,,tutulemma (plural tutulemmas)\n(neologism) A photographed analemma that includes an image of a solar eclipse.\n,,,,,,0,0,,,
tutulus,,,[网络] 托托鲁斯,,,,,0,0,,,
tutuola,,,[网络] 图图拉,,,,,0,0,s:tutuolas,,
tutuolas,,,[网络] 图图拉\n(tutuola 的复数),,,,,0,0,0:tutuola/1:s,,
"Tutupaca, Vol.",,,[地名] 图图帕卡火山 ( 秘 ),,,,,0,0,,,
Tutura,,,[地名] 图图拉 ( 俄 ),,,,,0,0,,,
tutus,'tu:tu:z,n. South African prelate and leader of the antiapartheid struggle (born in 1931)\nn. very short skirt worn by ballerinas,n. 由腰部撑开的芭蕾舞用短裙( tutu的复数形式 ),,,,,0,0,0:tutu/1:s,,
Tututepec,,,[地名] 图图特佩克 ( 墨 ),,,,,0,0,,,
Tutuwawang,,,[地名] 图图瓦旺 ( 印尼 ),,,,,0,0,,,
tutvelite,,,钠硷正长似粗面岩,,,,,0,0,,,
tutvetite,"'tʌtvә,tait",,钠正长细晶岩,,,,,0,0,,,
tutwiler,,, [人名] 塔特怀勒; [地名] [美国] 塔特怀勒,,,,,0,0,s:tutwilers,,
tutwilers,,, [人名] 塔特怀勒; [地名] [美国] 塔特怀勒\n(tutwiler 的复数),,,,,0,0,0:tutwiler/1:s,,
tutwork,'tʌtw\\\\:k,,n. 计件工作,,,,,0,0,s:tutworks,,
tutworker,'tʌtwə:k,,n. [英国方言]计件工作,,,,,0,0,s:tutworkers,,
tutworkers,,plural of tutworker,(tutworker 的复数) n. [英国方言]计件工作,,,,,0,0,0:tutworker/1:s,,
tutworkmen,,,[网络] 工作人员,,,,,0,0,,,
tutworks,'tʌtwə:k,,tutwork\n['tʌtwə:k]\nn.\n[英国方言]计件工作,,,,,0,0,0:tutwork/1:s,,
tuty,,,[网络] 责任,,,,,0,0,,,
tutzing,,, [地名] [德国] 图青,,,,,0,0,,,
tutzinger,,comparative of tutzing,(tutzing 的比较级)  [地名] [德国] 图青,,,,,0,0,,,
Tutóia,,,[地名] 图托亚 ( 巴西 ),,,,,0,0,,,
TUU,,,[=trans-uretero-ureterostomy]经输尿管输尿管造口术,,,,,0,0,,,
tuuei,,,[网络] u i,,,,,0,0,,,
tuuelf,,,[网络] 天鹅绒,,,,,0,0,,,
tuula,,,n. (Tuula)人名；(芬)图拉,,,,,0,0,,,
Tuulos,,,[地名] 图洛斯 ( 芬 ),,,,,0,0,,,
tuum,'tju:әm,,<拉>n.你的,,,,,0,0,,,
tuunicamycin,,,衣霉素,,,,,0,0,,,
Tuupovarra,,,[地名] 图波瓦拉 ( 芬 ),,,,,0,0,,,
tuur,,,[网络] 桃,,,,,0,0,,,
tuurbidimetry,,,[网络] 浊度测定法,,,,,0,0,,,
Tuusniemi,,,[地名] 图斯涅米 ( 芬 ),,,,,0,0,,,
tuv,,,n. 德国莱茵（公司名）,,,,,0,0,s:tuvs,,
Tuva,,,[网络] 图瓦；图瓦共和国；图瓦族,,,,,0,0,s:tuva,,
Tuva Autonomous Republic,,,"图瓦自治共和国(俄罗斯的共和国) [亦作Tuvinian Autonomous Republic, 旧称Tannu Tuva People's  Republic, Tannu Tuva]",,,,,0,0,,,
tuva republic,,,[网络] 图瓦共和国；土瓦共和国,,,,,0,0,,,
Tuvalu,'tu:vәlu,n a small island republic on the Tuvalu islands; formerly part of the British colony of Gilbert and Ellice Islands until it withdrew in 1975 and became independent of the United Kingdom in 1978\nn a group of coral islands in Micronesia to the southwest of Hawaii,图瓦卢[西太平洋岛国](旧称埃利斯群岛),,,,,0,0,s:tuvalus,,
Tuvalu dollar,,,[网络] 图瓦卢美元,,,,,0,0,s:tuvalu dollars,,
tuvalu dollars,,,[网络] 图瓦卢美元\n(tuvalu dollar 的复数),,,,,0,0,0:tuvalu dollar/1:s,,
Tuvaluan,",tu:vә'lu:әn,tu:'vɑ:l-",,n. 图瓦卢人,,,,,0,0,,,
tuvaluans,,,[网络] 图瓦卢人,,,,,0,0,,,
tuvalus,",tu:və'lu:; tu:'vɑ:lu",,"Tuvalu\n[,tu:və'lu:; tu:'vɑ:lu]\n图瓦卢(南太平洋岛国，由9个岛屿组成，首都富纳富提)",,,,,0,0,0:tuvalu/1:s,,
tuvan,,,n. (Tuvan)人名；(蒙)图旺,,,,,0,0,s:tuvans,,
Tuvana-i-Colo,,,[地名] 图瓦纳伊索洛岛 ( 斐 ),,,,,0,0,,,
Tuvana-i-Ra,,,[地名] 图瓦纳伊拉岛 ( 斐 ),,,,,0,0,,,
tuvans,,plural of tuvan,(tuvan 的复数) n. (Tuvan)人名；(蒙)图旺,,,,,0,0,0:tuvan/1:s,,
tuvatidine,,,[网络] 妥伐替丁,,,,,0,0,,,
tuve,,, [人名] 图夫,,,,,0,0,,,
tuvia,,,n. (Tuvia)人名；(以)图维亚,,,,,0,0,,,
Tuvinian,,,[网络] 图瓦人；图宛文；图宛语,,,,,0,0,,,
Tuvinskaya AR,,,[地名] *图瓦自治共和国(图瓦共和国的旧称) ( 俄 ),,,,,0,0,,,
tuvirumab,,,[网络] 妥韦单抗,,,,,0,0,,,
tuvite,,,(1)黄钴土 (2)杂砷钙钴铁矿,,,,,0,0,,,
tuvs,,,[网络] 鍦熻宪；乐天堂娱乐城代理申请,,,,,0,0,0:tuv/1:s,,
Tuvutau,,,[地名] 图武陶山 ( 斐 ),,,,,0,0,,,
tuwaif (pakistan),,,舞者(巴基斯坦),,,,,0,0,,,
tuwaitha,,,[网络] 图瓦萨；韦塞；图韦萨,,,,,0,0,s:tuwaithas,,
tuwaithas,,,[网络] 图瓦萨；韦塞；图韦萨\n(tuwaitha 的复数),,,,,0,0,0:tuwaitha/1:s,,
"Tuwaymāt, Jab.at",,,[地名] 图韦马特山 ( 苏丹 ),,,,,0,0,,,
"Tuwayq, Jab.",,,[地名] 图韦格陡崖 ( 苏丹 ),,,,,0,0,,,
Tuwayrifah,,,土外里法山,,,,,0,0,,,
Tuweep,,,塔威普,,,,,0,0,,,
tuwhit tuwhoo,,tuwhit tuwhoo (plural tuwhit tuwhoos)\nThe hoot of an owl.\n\n\ntuwhit tuwhoo\nThe hoot of an owl.\n,,,,,,0,0,,,
tuwite,,,(1)黄钴土 (2)杂砷钙钴铁矿,,,,,0,0,,,
Tuwon(Duwon),,,督瓮,,,,,0,0,,,
tuwr,'tʌwr,,abbr. turning wrench 旋转扳手,,,,,0,0,,,
Tuwwal,,,[地名] 图沃勒 ( 沙特 ),,,,,0,0,,,
tux,tʌks,n semiformal evening dress for men,"n. 夜小礼服, 无尾夜常礼服",n:100,,,,0,19245,s:tuxes,,
tuxed,tʌks,,n.\n[美国口语] = tuxedo,,,,,0,0,,,
tuxedni,,,[网络] 燕尾服,,,,,0,0,,,
Tuxedni Glacier,,,[地名] 塔克塞德尼冰川 ( 美 ),,,,,0,0,,,
Tuxedni National Wildlife Refuge,,,[地名] 塔克塞德尼国家野生动物保护区 ( 美 ),,,,,0,0,,,
tuxedo,tʌk'si:dәu,n semiformal evening dress for men,"n. 无尾礼服, 男小礼服",n:100,,,gre,27702,12061,s:tuxedos,,
tuxedo cat,,,[网络] 礼服猫；你是个细心,,,,,0,0,,,
tuxedo cats,,,[网络] 燕尾服猫,,,,,0,0,,,
tuxedo dinner jacket,,,塔士多礼服,,,,,0,0,,,
Tuxedo Park,,,[地名] 塔克西多帕克 ( 美 ),,,,,0,0,,,
tuxedo-rental,,,adj. 租用晚礼服\n[网络] 燕尾服出租店；礼服出租；西装出租,,,,,0,0,,,
tuxedoed,tʌk'siːdəʊd,s. dressed in a tuxedo,"a. 穿无尾礼服的, 穿（夜）小礼服的",j:100,,,,0,35863,,,
tuxedoes,,,[网络] 燕尾服,,,,,0,0,,,
tuxedos,tʌkˈsi:dəʊz,n. semiformal evening dress for men,"n. <美>餐服, 无尾晚礼服( tuxedo的复数形式 )",,,,,0,0,0:tuxedo/1:s,,
"Tuxen, Cape",,,[地名] 蒂克森角 ( 南极洲 ),,,,,0,0,,,
tuxenentulus wuluensis,,,雾鹿屠蚖,,,,,0,0,,,
tuxes,tʌksiz,,n. 男士无尾半正式晚礼服( tux的名词复数 ),,,,,0,0,0:tux/1:s,,
Tuxford,,,[地名] 塔克斯福德 ( 加、英 ),,,,,0,0,,,
tuxied,,,[网络] 服饰,,,,,0,0,,,
tuxies,,,[网络] 礼服,,,,,0,0,0:tuxy/1:s,,
Tuxpan,,,[地名] 图斯潘 ( 墨 ),,,,,0,0,,,
Tuxtepec,,,土斯特佩克,,,,,0,0,,,
tuxtla,,,[网络] 托奇特兰；杜克拉,,,,,0,0,,,
Tuxtla Chico,,,[地名] 小图斯特拉 ( 墨 ),,,,,0,0,,,
Tuxtla Gutierrez,,,[网络] 图斯特拉-古铁雷斯；墨西哥；杜斯拿高娣维斯,,,,,0,0,s:tuxtla gutierrezs,,
tuxtla gutierrezs,,,[网络] 图斯特拉-古铁雷斯；墨西哥；杜斯拿高娣维斯\n(tuxtla gutierrez 的复数),,,,,0,0,0:tuxtla gutierrez/1:s,,
Tuxtla Gutiérrez,,,[地名] 图斯特拉-古铁雷斯 ( 墨 ),,,,,0,0,,,
Tuxtlite,,,透辉玉,,,,,0,0,,,
tuxy,,,[网络] 简编,,,,,0,0,s:tuxies,,
tuy,,, [地名] [菲律宾] 图伊; [地名] [俄罗斯] 图伊河,,,,,0,0,,,
Tuy An,,,[地名] 绥安 ( 越 ),,,,,0,0,,,
Tuy Hoa,,,[地名] 绥和 ( 越 ),,,,,0,0,,,
Tuy Loc,,,[地名] 绥禄 ( 越 ),,,,,0,0,,,
Tuy Phong,,,[地名] 绥丰 ( 越 ),,,,,0,0,,,
Tuy Phuoc,,,[地名] 绥福 ( 越 ),,,,,0,0,,,
"Tuy, R.",,,[地名] 图伊河 ( 委 ),,,,,0,0,,,
tuya,'tju:jɑ:,,平顶火山,,,,,0,0,,,
tuyamaella molischii molischii,,,鞍叶藓,,,,,0,0,,,
tuyamaella molischii taiwanensis,,,台湾鞍叶藓,,,,,0,0,,,
tuyamunite,,,钒酸钙铀矿,,,,,0,0,,,
tuyamunite (tyuyamunite),,,钒钙铀矿,,,,,0,0,,,
tuyas,'tʌjə,,n. [地质] 平顶火山,,,,,0,0,,,
tuye,,,[网络] 兔儿爷,,,,,0,0,,,
Tuyen Binh,,,[地名] 宣平 ( 越 ),,,,,0,0,,,
Tuyen Hoa,,,[地名] 宣化 ( 越 ),,,,,0,0,,,
Tuyen Quang,,,[地名] 宣光 ( 越 ),,,,,0,0,,,
"Tuyen Quang, Tinh",,,[地名] 宣光省 ( 越 ),,,,,0,0,,,
tuyer,,,[网络] 风口,,,,,0,0,,,
tuyere,twi:'jєә,"n. A nozzle, mouthpiece, or fixture through which the blast is\n   delivered to the interior of a blast furnace, or to the fire of a\n   forge.","n. 鼓风口\n[机] 风口, 风嘴",,,,,0,0,,,
tuyere action,,,风嘴工作[作用],,,,,0,0,,,
tuyere arch,,,风口拱墙,,,,,0,0,,,
tuyere area,,,风口区,,,,,0,0,,,
tuyere bar,,,[机] 风口棒,,,,,0,0,,,
tuyere belt,,,"风口带钢箍,风口区炉壳,风口带",,,,,0,0,,,
tuyere block,,,风口冷却器,,,,,0,0,,,
tuyere block bottom,,,带风口大砖的转炉底,,,,,0,0,,,
tuyere bottom,,,风嘴底,,,,,0,0,,,
tuyere brick,,,风口砖,,,,,0,0,,,
tuyere cap,,,风口盖,,,,,0,0,,,
tuyere connection,,,风口接头,,,,,0,0,,,
tuyere cooler,,,风口冷却器,,,,,0,0,,,
tuyere cooling plate,,,风口冷却板,,,,,0,0,,,
tuyere coyer,,,[网络] 风口盖,,,,,0,0,,,
tuyere distributor,,,[化] 风帽分布板,,,,,0,0,,,
tuyere gate,,,[网络] 风口,,,,,0,0,,,
tuyere head,,,风嘴帽,,,,,0,0,,,
tuyere hole,,,口,,,,,0,0,,,
tuyere line,,,[机] 风口面,,,,,0,0,,,
tuyere nose,,, 风口嘴,,,,,0,0,,,
tuyere notch,,,风嘴孔,,,,,0,0,,,
tuyere nozzle,,, 风口喷嘴,,,,,0,0,,,
tuyere penetratio,,,风喘伸入度,,,,,0,0,,,
tuyere penetration,,, 风喘伸入度,,,,,0,0,,,
tuyere pipe,,,吹风管,,,,,0,0,,,
tuyere plug,,,风口塞,,,,,0,0,,,
tuyere puncher,,,"(转炉)捅风眼机,风嘴清孔机",,,,,0,0,,,
tuyere ratio,,,[机] 风口比,,,,,0,0,,,
tuyere spacing,,,帽间距,,,,,0,0,,,
tuyere stock,,,风口弯头,,,,,0,0,,,
tuyere type burner,,,风口型燃烧器(铸在风口小套中的一种喷吹燃料用喷枪),,,,,0,0,,,
tuyere valve,,,风口阀,,,,,0,0,,,
tuyere velocity,,,(空气通过)风口速度,,,,,0,0,,,
tuyere zone,,,[机] 风口带,,,,,0,0,,,
tuyeres,,,[网络] 风口小套；冶炼炉的通风管,,,,,0,0,,,
tuyers,,,[网络] 风口,,,,,0,0,,,
tuyet,,,n. 【女名】女子名\n[网络] 黎雪；联合国记者协会主席努炎,,,,,0,0,,,
tuyle,,,[网络] yle,,,,,0,0,,,
tuymans,,,[网络] 土里曼斯,,,,,0,0,,,
Tuymazinskiy Rayon,,,[地名] 图伊马济区 ( 俄 ),,,,,0,0,,,
Tuymazy,,,[地名] 图伊马济 ( 俄 ),,,,,0,0,,,
tuyn,,,[网络] 简讯；屠艳宁,,,,,0,0,,,
tuynde,,,[网络] tuynder,,,,,0,0,,,
tuyne,,,[网络] 。ㄧ,,,,,0,0,,,
tuyre,,,[网络] 风口,,,,,0,0,,,
tuys,,,[网络] 牛仔裤,,,,,0,0,,,
tuyse,,,[网络] 风口,,,,,0,0,,,
tuyss,,,[网络] 风笛,,,,,0,0,,,
tuyu,,,[网络] 图尤,,,,,0,0,,,
Tuyuhun,,,吐谷浑,,,,,0,0,,,
Tuyuk,,,[地名] 图尤克 ( 哈 ),,,,,0,0,,,
Tuyun,,,都匀（中国地名） ,,,,,0,0,,,
tuyx,,,[网络] 生产率,,,,,0,0,,,
tuz,,,[网络] 茂异；盐；茂异螺丝,,,,,0,0,,,
Tuz Gölü,,,"[地名] ""图兹湖。英语惯用名Tuz ( 土 )",,,,,0,0,,,
Tuz Khurmatli,,,[地名] *图兹胡尔马特利(图兹胡尔马图的旧称) ( 伊拉 ),,,,,0,0,,,
Tuz Khurmātū,,,[地名] 图兹胡尔马图 ( 伊拉 ),,,,,0,0,,,
"Tuz, Lake",,,[网络] 盐湖；图兹盐湖,,,,,0,0,,,
tuza,,,图扎,,,,,0,0,,,
Tuzet,,,[化] 退菌特,,,,,0,0,,,
Tuzha,,,[地名] 图扎 ( 俄 ),,,,,0,0,,,
Tuzi,,,[网络] 带脚镣跳舞；兔宝宝；帖子,,,,,0,0,,,
tuzigoot,,,Tuzigoot National Monument in central Arizona 亚利桑那州中心的图斯古特国家纪念碑,,,,,0,0,,,
Tuzigoot National Monument,,,[地名] 图齐古特国家保护区 ( 美 ),,,,,0,0,,,
tuzin,,,[网络] 图津,,,,,0,0,,,
tuzla,,,n. (Tuzla)人名；(英、罗)图兹拉\n[纺] 突兹拉毯,,,,,0,0,s:tuzlas,,
tuzla (donja tuzla),,,[多尼亚]土玆拉,,,,,0,0,,,
Tuzla Burnu,,,[地名] 图兹拉角 ( 土 ),,,,,0,0,,,
Tuzla Gölü,,,[地名] 图兹拉湖 ( 土 ),,,,,0,0,,,
"Tuzla, L.",,,[地名] 图兹拉湖 ( 罗 ),,,,,0,0,,,
tuzlaite,,,[网络] 图兹拉里耶,,,,,0,0,,,
tuzlas,,,[纺] 突兹拉毯\nn. (Tuzla)人名；(英、罗)图兹拉,,,,,0,0,0:tuzla/1:s,,
Tuzlov,,,[地名] 图兹洛夫河 ( 俄 ),,,,,0,0,,,
Tuzlu Göl,,,[地名] *图兹卢盐湖(纳马克米甘盐湖的旧称) ( 伊朗 ),,,,,0,0,,,
Tuzlu Gölü,,,[地名] 图兹卢湖 ( 土 ),,,,,0,0,,,
Tuzluca,,,[地名] 图兹卢贾 ( 土 ),,,,,0,0,,,
tuzman,,,[网络] 图兹曼,,,,,0,0,,,
tuzolone,,,[药] 安眠酮,,,,,0,0,,,
Tuzugu,,,[地名] 图祖古 ( 利 ),,,,,0,0,,,
Tuzukley,,,[地名] 图祖克列伊 ( 俄 ),,,,,0,0,,,
tuzz,,,[网络] uzz,,,,,0,0,,,
tuzzes,,,[网络] 模糊,,,,,0,0,,,
tuzzle,,,[网络] 谜题,,,,,0,0,,,
tuzzy,,,[网络] 模糊的,,,,,0,0,,,
tuzzy-muzzy,,, 花环；花束,,,,,0,0,,,
Tuéjar,,,[地名] 图埃哈尔 ( 西 ),,,,,0,0,,,
Tułowice,,,[地名] 图沃维采 ( 波 ),,,,,0,0,,,
Tuǒn,,,[地名] 豆彦 ( 朝 ),,,,,0,0,,,
TV,'ti:'vi:,n broadcasting visual images of stationary or moving objects\nn an electronic device that receives television signals and displays them on a screen,"电视\n[计] 电视, 转移向量",,4,1,zk gk ky ielts,1457,730,s:tvs,,
tv (television),,,电视,,,,,0,0,,,
tv ads,,,abbr. television advertising (advertisment) 电视广告,,,,,0,0,,,
tv aerial,,,[网络] 电视广播天线；天线,,,,,0,0,,,
TV and communication,,,电视通信,,,,,0,0,,,
TV and communications,,,[网络] 电视通信,,,,,0,0,,,
tv and fm transmitting antennas,,,电视及调频(广播)发射天线,,,,,0,0,,,
tv announcer,,,[网络] 电视广播员；主播；特别出演,,,,,0,0,s:tv announcers,,
tv announcers,,,[网络] 电视广播员；主播；特别出演\n(tv announcer 的复数),,,,,0,0,0:tv announcer/1:s,,
TV antenna booster,,,[电视] 电视天线放大器,,,,,0,0,,,
TV antenna preamplifier,,,[电视] 电视天线预放器,,,,,0,0,,,
TV app,,,[网络] 电视机应用程式；电视应用程式；电视机程序,,,,,0,0,,,
TV audience,,,[网络] 观众；电视观众,,,,,0,0,s:tv audiences,,
tv audiences,,,[网络] 观众；电视观众\n(tv audience 的复数),,,,,0,0,0:tv audience/1:s,,
TV audio carrier,,,电视伴音载波,,,,,0,0,,,
TV audio IF AMP,,,[电视] 电视伴音中放,,,,,0,0,,,
tv black,,,电视黑,,,,,0,0,,,
TV board,,,[网络] 电视板；电视柜；直式影音柜,,,,,0,0,,,
tv broadcast,,,[网络] 电视广播；电视广播业；电视转播,,,,,0,0,,,
TV broadcast aerial,,,电视广播天线,,,,,0,0,,,
TV broadcast satellite,,,电视广播卫星,,,,,0,0,,,
TV broadcast station,,,电视广播台,,,,,0,0,,,
tv broadcasting,,,[网络] 电视业务；电视转播；电视预报,,,,,0,0,,,
TV broadcasting service,,,电视广播业务,,,,,0,0,,,
TV cabinet,,,电视机箱,,,,,0,0,,,
tv camera,,,n. 电视摄影机,,,,,0,0,s:tv cameras,,
TV camera digitized divice,,,[电视] 电视摄像机数字化设备,,,,,0,0,,,
tv camera scanner,,,[电] 电视照相扫描器,,,,,0,0,,,
TV Cameras,,,[网络] 电视摄影机；电视镜头,,,,,0,0,0:tv camera/1:s,,
TV card,,,电视卡,,,,,0,0,,,
TV center,,,电视中心,,,,,0,0,,,
TV channel,,,un. 电视通道\n[网络] 电视频道；电视信道；电视台,,,,,0,0,s:tv channels,,
tv channels,,,[网络] 电视频道；十大喜爱频道榜；电视频道及卫星电视,,,,,0,0,0:tv channel/1:s,,
TV child,,,[网络] 电视儿童,,,,,0,0,,,
tv command,,,电视指令,,,,,0,0,,,
tv commercial,,,[网络] 电视广告；影视广告；电视中的商业广告,,,,,0,0,,,
tv commercials,,,n. 电视广告,,,,,0,0,,,
TV complete checking instrument,,,电视机全套检测仪器,,,,,0,0,,,
TV converter box,,,[网络] 信号转换器,,,,,0,0,,,
tv coupler,,,电视耦合器,,,,,0,0,,,
TV data compression,,,电视数据压缩,,,,,0,0,,,
TV data link,,,[电视] 电视数据传输线路,,,,,0,0,,,
TV demodulator,,,电视解调器,,,,,0,0,,,
TV differential relay,,,电视差转机,,,,,0,0,,,
TV dinner,,,冷冻快餐（食前加温即可的）,,,,,0,0,s:tv dinners,,
TV dinners,,,na. 盒装电视便餐\n[网络] 电视晚餐,,,,,0,0,0:tv dinner/1:s,,
tv display,,,电视显示器,,,,,0,0,,,
tv documentary,,,[网络] 电视纪录片；电视纪录片组；电视纪录片制作,,,,,0,0,,,
TV dot interval,,,电视显示点间隔,,,,,0,0,,,
TV dot pattern,,,电视显示点图形,,,,,0,0,,,
tv drama,,,[网络] 电视剧；电视剧精选；电视戏剧,,,,,0,0,,,
TV dual-sound demodulator,,,[电视] 电视双伴音解调器,,,,,0,0,,,
tv encoder,,,电视编码器,,,,,0,0,,,
TV Everywhere,,,[网络] 电视无处不在；电视无所不在；电视体验,,,,,0,0,,,
TV field strength meter,,,电视场强仪,,,,,0,0,,,
TV filter,,,电视滤波器,,,,,0,0,,,
TV for inspection,,,检车电视,,,,,0,0,,,
TV for passenger information service,,,旅客问讯电视,,,,,0,0,,,
TV for railway commerce inspection,,,商务检查电视,,,,,0,0,,,
TV for record vehicle number,,,车号抄录电视,,,,,0,0,,,
tv frequency allocation,,,电视频道分配,,,,,0,0,,,
TV game,,,电视游戏机,,,,,0,0,,,
TV games,,,[网络] 电视游戏；电视游戏分享；电视游戏讨论区,,,,,0,0,,,
TV Guide,,,电视指南（美国知名的电视类刊物）,,,,,0,0,,,
TV guider,,,电视导星镜,,,,,0,0,,,
TV guides,,,[网络] 电视指南,,,,,0,0,,,
tv homing,,,电视归向,,,,,0,0,,,
TV IF detector,,,[电视] 电视中频检波器,,,,,0,0,,,
TV in a window,,,[网络] 窗口电视,,,,,0,0,,,
TV insertion signal analyzer,,,[电视] 电视插入测试信号分析仪,,,,,0,0,,,
TV insertion test line generator,,,电视插入行发生器,,,,,0,0,,,
TV insertion test signal generator,,,[电视] 电视插入信号发生器,,,,,0,0,,,
TV intermediate frequency modulator,,,电视中频调制器,,,,,0,0,,,
tv interview,,,[网络] 电视采访；电视访谈；郑稼君接受济南电视台采访,,,,,0,0,,,
TV jeep,,,[车辆 电视] 电视吉普车,,,,,0,0,,,
TV land,,,[网络] 电视乐土；电视台；热力克利夫兰,,,,,0,0,,,
TV licence,,,[网络] 电视许可证；电视执照；电视收视许可证,,,,,0,0,,,
TV lines,,,[网络] 电视线；电视扫描线；分辨率,,,,,0,0,,,
tv magazine,,,电视杂志,,,,,0,0,,,
TV mannequin,,,时装模特儿,,,,,0,0,,,
tv media,,,[网络] 电视媒体；电视媒体播报；电视媒体资源,,,,,0,0,,,
TV microscope,,,电视显微镜,,,,,0,0,,,
TV microwave link,,,电视微波设备,,,,,0,0,,,
TV modulator,,,电视调制器,,,,,0,0,,,
TV money,,,电视转播费,,,,,0,0,,,
tv monitor,ˈti:ˈvi: ˈmɔnitə,, [医]电视监视器，电视监控器,,,,,0,0,s:tv monitors,,
tv monitor terminals,,,电视监察器终端机,,,,,0,0,,,
tv monitor/receiver,,,电视监视器/接收器,,,,,0,0,,,
TV monitoring system,,,[交 自] 电视监视系统,,,,,0,0,,,
tv monitors,,,[电视] 电视监视器,,,,,0,0,0:tv monitor/1:s,,
TV movie,,,[网络] 电视电影；单本剧；电视拍摄的长片,,,,,0,0,,,
tv network,,,[网络] 电视网络；电视网时间；九中影视网,,,,,0,0,,,
tv news,,,[网络] 电视新闻；新闻节目；电视新闻台,,,,,0,0,,,
tv news ethics,,,电视新闻伦理,,,,,0,0,,,
TV newsman,,,[网络] 电视新闻工作者,,,,,0,0,s:tv newsmen,,
tv newsmen,,,[网络] 电视新闻工作者\n(tv newsman 的复数),,,,,0,0,0:tv newsman/1:s,,
TV newspaper,,,电视报,,,,,0,0,,,
TV operating center,,,电视操作中心,,,,,0,0,,,
tv optical projector (telop),,,电视用放映机,,,,,0,0,,,
TV oscilloscope,,,电视示波器,,,,,0,0,,,
TV outlet,,,电视输出口,,,,,0,0,,,
tv pad,,,电视垫,,,,,0,0,,,
tv personality,,,n. 电视名人\n[网络] 电视红人；电视名人或名嘴,,,,,0,0,,,
TV pickup,,,[网络] 电视拾音,,,,,0,0,,,
TV picture-phone,,,[网络] 电视电话,,,,,0,0,,,
TV play,,,电视剧,,,,,0,0,,,
TV play series,,,电视连续剧,,,,,0,0,,,
tv plays,,,[网络] 电视剧；电视话剧,,,,,0,0,,,
TV Pool Room,,,[澳大利亚俚语](大酒店中设的)赌马室,,,,,0,0,,,
tv presenter,,,[网络] 电视主持人；电视节目主持人；电视推荐者,,,,,0,0,,,
tv producer,ˈti:ˈvi: prəˈdu:sə,, 电视制作人,,,,,0,0,,,
TV program,,,电视节目,,,,,0,0,s:tv programs,,
TV programme,,,电视节目,,,,,0,0,,,
tv programmes,,,[网络] 节目；时事节目,,,,,0,0,,,
tv programming,,,[网络] 电视节目教程；电视节目制作；电视宣传片制作,,,,,0,0,,,
TV programs,,,[网络] 电视节目；电视节目收视率；更多电视节目,,,,,0,0,0:tv program/1:s,,
TV projector,,,投影机,,,,,0,0,,,
TV radar display,,,电视雷达显示,,,,,0,0,,,
tv ratings,,,[网络] 电视收视率；电视分类,,,,,0,0,,,
tv receiver,,,电视接收器,,,,,0,0,,,
tv receiver-system noise,,,电视接收系统杂讯,,,,,0,0,,,
tv receiving antenna,,,电视接收天线,,,,,0,0,,,
tv receiving system,,,电视接收系统杂讯,,,,,0,0,,,
TV recorder,,,[网络] 电视录放；电视录像机,,,,,0,0,,,
tv recording,,,[电] 电视记录,,,,,0,0,,,
tv recording and relaying vehicle,,,电视转播车,,,,,0,0,,,
tv reel,,,电视转盘,,,,,0,0,,,
TV refresh,,,电视显示刷新,,,,,0,0,,,
TV relay transmitter,,,电视转播发射机,,,,,0,0,,,
TV relaying,,,[电视] 电视转播,,,,,0,0,,,
TV remote control package,,,电视遥控盒,,,,,0,0,,,
TV remote pickup,,,控电视摄像管,,,,,0,0,,,
TV repeater,,,电视转播机,,,,,0,0,,,
TV reporter,,,[网络] 电视台记者；电视记者；电视播音员,,,,,0,0,s:tv reporters,,
tv reporters,,,电视台记者,,,,,0,0,0:tv reporter/1:s,,
TV rights,,,电视播放权,,,,,0,0,,,
tv room,,,[网络] 电视机房；电视室；电视房,,,,,0,0,s:tv rooms,,
tv rooms,,,[网络] 电视机房；电视室；电视房\n(tv room 的复数),,,,,0,0,0:tv room/1:s,,
tv safety,,,电视安全,,,,,0,0,,,
TV satellite broadcast transmission and receiver,,,电视卫星播送接收机,,,,,0,0,,,
tv screen,ˈti:ˈvi: skri:n,, 银屏,,,,,0,0,,,
TV sensor,,,电视传感器,,,,,0,0,,,
tv serials,,, 电视连续剧,,,,,0,0,,,
TV series,,,[网络] 电视连续剧；电视剧；电视系列剧,,,,,0,0,,,
TV service routine,,,电视显示服务程序,,,,,0,0,,,
tv services of digital multi-channel satellite broadcasting,,,数位多频道卫星广播电视服务,,,,,0,0,,,
TV set,,,电视机,,,,,0,0,s:tv sets,,
TV sets,,,[网络] 电视；电视系统；电视柜组合,,,,,0,0,0:tv set/1:s,,
tv shopping,ˈti:ˈvi: ˈʃɔpɪŋ,, 电视购物,,,,,0,0,,,
TV show,,,[网络] 电视节目；电视剧；电视秀,,,,,0,0,s:tv shows,,
tv shows,,,n. 电视节目,,,,,0,0,0:tv show/1:s,,
TV sideband analyzer,,,[电视] 电视边带波分析仪,,,,,0,0,,,
TV signal modulator,,,电视信号调制器,,,,,0,0,,,
tv signal strength,,,电视信号强度,,,,,0,0,,,
TV stand,,,[网络] 电视柜；电视架；电视桌,,,,,0,0,,,
tv standard,,,电视标准,,,,,0,0,,,
TV standards,,,[网络] 电视标准,,,,,0,0,,,
TV star,,,[网络] 电视明星；最佳电视明星,,,,,0,0,s:tv stars,,
tv stars,,,[网络] 电视明星；最佳电视明星\n(tv star 的复数),,,,,0,0,0:tv star/1:s,,
TV station,,,电视台,,,,,0,0,s:tv stations,,
TV station clock mark generator,,,电视台时钟台标发生器,,,,,0,0,,,
tv stations,,,电视台,,,,,0,0,0:tv station/1:s,,
TV stoned,,"A person who is completely deaf and blind to everything but his favourite  show on television. \r\n\r\nHe or she is unlikely to answer the phone, speak to anyone and do anything except sit and watch. \r\n\r\nHe or she is also likely to be irritated or react badly if one tries to talk to him during that hour or in duration of his favourite TV shows that run in a row. \r\n\n> ""Sorry, I can't get Bill to come to the phone. He's TV stoned at the mo. Call back after the show is over.""\n",,,,,,0,0,,,
TV studio,,,电视演播室,,,,,0,0,,,
TV system,,,电视系统,,,,,0,0,,,
TV system converter,,,电视制式转换器,,,,,0,0,,,
TV table,,,= snack table,,,,,0,0,,,
tv talk show,,, 电视访谈节目,,,,,0,0,,,
TV telephone,,,电视电话,,,,,0,0,,,
TV telescope,,,电视望远镜,,,,,0,0,,,
TV terminal guidance,,,电视末端制导,,,,,0,0,,,
TV test signal analyzer,,,电视测试信号分析仪,,,,,0,0,,,
TV test transmitter,,,[电视] 电视测试发射机,,,,,0,0,,,
TV testing signal generator,,,电视测试信号发生器,,,,,0,0,,,
TV theater,,,电视剧院,,,,,0,0,,,
TV theatre,,,电视剧院,,,,,0,0,,,
tv times,,,"un. (澳大利亚,英国)《电视时代》周刊\n[网络] 电视时间；电视纪元",,,,,0,0,,,
tv timing,,,电视计时,,,,,0,0,,,
TV tower,,,电视塔,,,,,0,0,,,
TV tracker system,,,电视跟踪系统,,,,,0,0,,,
TV tracking,,,电视跟踪,,,,,0,0,,,
TV traffic control system,,,电视交通管制系统,,,,,0,0,,,
TV translator,,,电视差转机,,,,,0,0,,,
TV transmission network,,,电视传输网,,,,,0,0,,,
TV transmission tower,,,电视塔,,,,,0,0,,,
TV transmitter,,,电视发射机,,,,,0,0,,,
TV transmitter console,,,[电视] 电视发射机控制桌,,,,,0,0,,,
TV transmitter test assembly,,,[电视] 电视发射机测试立柜,,,,,0,0,,,
TV transmitting antenna,,,[电视] 电视发射天线,,,,,0,0,,,
TV transmitting channel,,,[电视] 电视发射通道,,,,,0,0,,,
TV transmitting station,,,[电视] 电视发射台,,,,,0,0,,,
TV transposer,,,电视差转机,,,,,0,0,,,
TV tray,,,[网络] 电视托盘,,,,,0,0,,,
TV trays,,,[网络] 电视托盘,,,,,0,0,,,
TV tuner,,,[网络] 电视调谐器；电视卡；电视调频器,,,,,0,0,,,
TV tuner card,,,电视调谐卡,,,,,0,0,,,
TV tuners,,,[网络] 电视调解器驱动，移除；电视调谐卡；电视调节器,,,,,0,0,,,
TV types,,,[网络] 电视类,,,,,0,0,,,
tv university,ˈti:ˈvi: ˌjuːnɪˈvɜː(r)səti,, 电大,,,,,0,0,,,
tv violence,,,电视暴力,,,,,0,0,,,
TV wall controller,,,电视墙控制器,,,,,0,0,,,
tv white,,,电视白,,,,,0,0,,,
TV with dual sound programmes,,,双伴音电视,,,,,0,0,,,
TV's,,,n. TV,,,,,0,0,,,
TV-14,ti:vi:'fɔ:ti:n,,n. 14岁以下儿童不宜观看的电视节目,,,,,0,0,,,
TV-ad,,,[网络] 电视广告,,,,,0,0,,,
tv-am,,,[网络] 电视节目,,,,,0,0,,,
tv-antenna,,,[网络] 电视天线；室外电视天线；电视讯号接收天线,,,,,0,0,s:tv-antennas,,
tv-antennas,,,[网络] 电视天线,,,,,0,0,0:tv-antenna/1:s,,
tv-based,,,[网络] 电视上使用；电视机,,,,,0,0,,,
TV-brush,,,电视透视活检刷,,,,,0,0,,,
TV-camera system,,,[网络] 电视摄像系统,,,,,0,0,,,
TV-color bar generator,,,电视彩条信号发生器,,,,,0,0,,,
tv-column,,,[网络] 电视栏目,,,,,0,0,,,
tv-commercial,,,[网络] 电视广告；影视广告；电视中的商业广告,,,,,0,0,,,
TV-EPLLEPSY,,,[=television epilepsy]电视性癫痫,,,,,0,0,,,
TV-film sound recording equipment,,,电视电影录音设备,,,,,0,0,,,
TV-fluroscopy,,,电视荧光透视,,,,,0,0,,,
tv-free,,,[网络] 奔驰车速屏蔽解除器,,,,,0,0,,,
tv-friend,,,[网络] 电视朋友,,,,,0,0,,,
TV-G,",ti:vi:'dʒi:",,abbr. 电视游戏；时间变化增益（time-varied gain）,,,,,0,0,,,
TV-Game,,,电视游乐,,,,,0,0,,,
tv-land,,,[网络] 电视乐土；电视台；热力克利夫兰,,,,,0,0,,,
tv-like,,,[网络] 电视模式；类似电视；类电视影音广告格式,,,,,0,0,,,
tv-m,,,[网络] 助记码,,,,,0,0,,,
tv-movie,,,[网络] 电视电影；影视字形；拍摄影片,,,,,0,0,,,
tv-news,,,[网络] 电视新闻；新闻节目；电视新闻台,,,,,0,0,,,
TV-out,,,电视编码器,,,,,0,0,,,
tv-pg,,,[网络] 级别；西南航空农历新年大游行,,,,,0,0,,,
TV-phobic,,,[网络] 电视恐怖,,,,,0,0,,,
TV-Q,,,电视节目认可度，好感度，知名度，认同度,,,,,0,0,,,
tv-radio,,,[网络] 英语；检视图片,,,,,0,0,,,
tv-screen,,,电视屏幕,,,,,0,0,s:tv-screens,,
tv-screens,,,[网络] 显示屏；电视萤幕,,,,,0,0,0:tv-screen/1:s,,
tv-series,,,[网络] 电视影集,,,,,0,0,,,
tv-show,,,[网络] 企业专题片；微电影；企业宣传片,,,,,0,0,,,
TV-signal receiver,,,电视信号接收机,,,,,0,0,,,
tv-star,,,[网络] 电视明星；最佳电视明星,,,,,0,0,,,
tv-station,,,n. 电视台,,,,,0,0,,,
tv-style,,,[网络] 电视型态网路广告,,,,,0,0,s:tv-styles,,
tv-styles,,,[网络] 电视型态网路广告\n(tv-style 的复数),,,,,0,0,0:tv-style/1:s,,
tv-talk-show,,,[网络] 电视谈话节目,,,,,0,0,,,
tv-taste,,,[网络] 电视审美,,,,,0,0,,,
tv-top,,,[网络] 电影评分榜,,,,,0,0,,,
tv-tour,,,[网络] 电视巡礼,,,,,0,0,,,
TV-transmitter,,,电视发射机,,,,,0,0,,,
tv-viewing,,,[网络] 电视观看,,,,,0,0,s:tv-viewings,,
tv-viewings,,,[网络] 电视观看\n(tv-viewing 的复数),,,,,0,0,0:tv-viewing/1:s,,
tv-watching,,,[网络] 我爱电视娱乐；看电视；多吗,,,,,0,0,s:tv-watchings,,
tv-watchings,,,[网络] 我爱电视娱乐；看电视；多吗\n(tv-watching 的复数),,,,,0,0,0:tv-watching/1:s,,
TV-Y,,,TV-Y\nn.\n适于所有孩子观看,,,,,0,0,,,
TV-Y7,,,n. 该节目适于7岁及7岁以上孩子观看,,,,,0,0,,,
tv.,ˌti: ˈvi:,,abbr. 电视（television）,,,,,0,0,s:tv.s,,
tv.com,,,[网络] 电视；好莱坞官网；爬楼家人打架到底为啥,,,,,0,0,,,
tv.s,'ti:'vi:,,"TVs\nn.\nTV1的变形\nTV1\n['ti:'vi:]\nn.\n电视,电视机 (= television, a television receiving set)\n变形：\nn.\nTVs\n. TV's",,,,,0,0,0:tv./1:s,,
tva,,,abbr. thrust vector alignment 推力矢量对整,,,,,0,0,s:tvas,,
TVAA,,,[网络] 酒后驾驶交通违章,,,,,0,0,,,
TVaholic,,,[网络] 电视狂,,,,,0,0,,,
TVaholics,,,[网络] 电视狂,,,,,0,0,,,
tvalchrelidzeite,,,硫砷锑汞矿,,,,,0,0,,,
tvam,,,[网络] 汝身,,,,,0,0,s:tvams,,
tvams,,,[网络] 汝身\n(tvam 的复数),,,,,0,0,0:tvam/1:s,,
tvas,,plural of tva,(tva 的复数) abbr. thrust vector alignment 推力矢量对整,,,,,0,0,0:tva/1:s,,
tvashtar,,,[网络] 特瓦什塔尔；陀湿多；特瓦甚卡尔,,,,,0,0,,,
tvb,,,"abbr. 香港无线电视台（Television Broadcasts Limited, 又称香港电视广播公司）",,,,,0,0,,,
TVBS,,,abbr. Television Broadcast Satellite 电视广播卫星,,,,,0,0,,,
tvc,,,abbr. thrust vector control 推力矢量控制; thermal voltage converter 热电压变压器; total variable cost 总变动成本; temperature valve control 温度阀控制（器）,,,,,0,0,,,
TVCD,,,[=Transvaginal Color Doppler]经阴道彩色多普勒,,,,,0,0,,,
Tvchowo,,,[地名] 蒂霍沃 ( 波 ),,,,,0,0,,,
tvcs,,,abbr. thrust-vector control system 推力矢量控制系统; television communications subsystem 电视通信子系统; TSO/VTAM common service area 分时操作/虚拟（远程）通信接入法公共服务区; TSO/VTAM common storage area 分时操作/虚拟（远程）通信接入法公共存储区,,,,,0,0,,,
TVD,,,全变差下降,,,,,0,0,,,
TVD scheme,,,全变差下降格式,,,,,0,0,,,
TVDALV,,,[=triple vessel disease with an abnormal left ventricle]三血管病伴左室异常,,,,,0,0,,,
TVDS,,,[=toxic vapor detection system]毒气探测系统,,,,,0,0,,,
tve,,,abbr. test vehicle engine 试验用飞行器发动机; thermal vacuum environment 热真空环境; township and village enterprise 乡镇企业,,,,,0,0,,,
Tved,,,[地名] 茨韦 ( 丹 ),,,,,0,0,,,
tvedalite,,"tvedalite\n(mineralogy) An orthorhombic mineral containing beryllium, calcium, hydrogen, manganese, oxygen, and silicon.\n",,,,,,0,0,,,
Tvede,,,[地名] 茨韦泽 ( 丹 ),,,,,0,0,,,
Tvedestrand,,,[地名] 特韦德斯特兰 ( 挪 ),,,,,0,0,,,
tvedt,,,[网络] 特韦特,,,,,0,0,,,
TVEI,,,abbr. 技术与职业教育权,,,,,0,0,s:tvei,,
Tveit,,,[地名] 特韦特 ( 挪 ),,,,,0,0,,,
Tveitakvitingen,,,[地名] 特韦塔克维廷恩山 ( 挪 ),,,,,0,0,,,
tveitasite,,,"辉石正长混染岩, 霓辉正长混染岩",,,,,0,0,,,
tveitite- (y),,,氟钇钙矿,,,,,0,0,,,
tveitite-(Y),,,氟钇钙矿,,,,,0,0,,,
Tveitsund,,,特维特松,,,,,0,0,,,
tver,tver,, 特维尔,,,,,0,0,s:tvers,,
Tver',,,[地名] 特维尔 ( 俄 ),,,,,0,0,,,
tverdovsky,,,[网络] 特维多夫斯基,,,,,0,0,,,
Tverfjell,,,[地名] 特韦尔山 ( 挪 ),,,,,0,0,,,
Tverrfjellet,,,[地名] 特韦尔山 ( 挪 ),,,,,0,0,,,
Tverrsa,,,[地名] 特韦尔察河 ( 俄 ),,,,,0,0,,,
Tverrådalskyrkja,,,[地名] 特韦罗达尔许夏峰 ( 挪 ),,,,,0,0,,,
tvers,,,abbr. Television Evaluation and Renewal Standards 电视评价和更新标准,,,,,0,0,0:tver/1:s,,
Tverskava Oblast',,,[地名] 特维尔州 ( 俄 ),,,,,0,0,,,
tverskaya,,, [地名] [俄罗斯] 特韦尔斯卡亚,,,,,0,0,,,
tverskoy,,,[网络] 科伊；特维尔区,,,,,0,0,s:tverskoys,,
tverskoys,,,[网络] 科伊；特维尔区\n(tverskoy 的复数),,,,,0,0,0:tverskoy/1:s,,
tversky,,, [人名] 特韦尔斯基,,,,,0,0,,,
Tversted,,,[地名] 茨韦斯泰兹 ( 丹 ),,,,,0,0,,,
tveten,,,[网络] 特韦滕,,,,,0,0,,,
tvf,'ti:v'i:'ef,, [医][=tactile vocal fremitus]触觉的语音震颤,,,,,0,0,,,
tvg,,,abbr. television video generator 电视视频发生器; threshold voltage generator 门限电压发生器; triggered vacuum gap 触发式真空放电器,,,,,0,0,,,
tvga,,,n. Trident VGA图形适配卡的缩写,,,,,0,0,,,
tvgo,,,[网络] 购物网,,,,,0,0,,,
tvguide,,,[网络] 电视指南；电视指南周刊；电视导航,,,,,0,0,,,
tvh,,,[=total vaginal hysterectomy]全阴道子宫全切术,,,,,0,0,,,
tvi,,,[电] 电视干扰,,,,,0,0,,,
TVI (television interference),,,视干扰,,,,,0,0,,,
Tving,,,[地名] 特温 ( 瑞典 ),,,,,0,0,,,
Tvingstrup,,,[地名] 茨温斯楚普 ( 丹 ),,,,,0,0,,,
tvip,,,abbr. time-varying image processing 时变图像处理,,,,,0,0,,,
tvirzha (tvertsa),,,特维察,,,,,0,0,,,
Tvis,,,[地名] 茨维斯 ( 丹 ),,,,,0,0,,,
Tvisha,,,[网络] 特维莎,,,,,0,0,,,
tvko,,,[网络] 电视,,,,,0,0,,,
TVL,,,abbr. 电视线（TV lines）,,,,,0,0,,,
TVL(tenth value layer),,,／10值层(1／10值厚度),,,,,0,0,,,
Tvl.,,,abbr. Transvaal,,,,,0,0,,,
TVLP,,,环曲病毒样颗粒,,,,,0,0,,,
tvm,,,abbr. track via missile 导弹跟踪; tachometer voltmeter 转速伏特计; transistorized voltmeter 晶体管式电压计; trailer van mount 装备有篷的拖车,,,,,0,0,,,
TVM (transistor voltmeter),,,体管电压表,,,,,0,0,,,
tvmm,,,[网络] 可信虚拟机监视器(Trusted Virtual Machine Monitor)；虚拟机映像；可信虚拟机监控器,,,,,0,0,,,
tvn,,,abbr. television network 电视网; Television News 电视新闻; transcend virtual networking 超越虚拟联网; total volatile nitrogen 总挥发氮,,,,,0,0,,,
TVNI,,,全变差不增,,,,,0,0,,,
TVNZ,,,[网络] 新西兰电视台(TV New Zealand)；新西兰国家电视台；新西兰电视公司,,,,,0,0,,,
tvo,,,abbr. tractor vaporizing oil 拖拉机挥发油,,,,,0,0,,,
TVOD,,,abbr. True Video On Demand 真视频点播,,,,,0,0,,,
TVOR,,,abbr. [电子] 终端伏尔；机场多向导航台,,,,,0,0,,,
tvor (terminal v.o.r.),,,终端特高频全向无线电信标,,,,,0,0,,,
tvorog,,,[网络] 特沃劳格,,,,,0,0,,,
tvOS,,,[网络] 操作系统；智能电视操作系统；挥发性有机物,,,,,0,0,,,
TVP,,,abbr. 组织性植物蛋白（textured vegetable protein）,,,,,0,0,,,
tvpa,,,abbr. Thames Valley Police Authority 泰晤士河警察管理局,,,,,0,0,,,
TVPC,,,[网络] 电视电脑；电视计算机；电视电脑一体机,,,,,0,0,,,
TVPM,,,[=tensor veli palatini muscle]腭帆张肌,,,,,0,0,,,
tvq,'ti:v'i:kj'u:,,abbr. top visual quality 最佳视频质量，最佳图像质量,,,,,0,0,,,
tvr,,,abbr. 电视录象（Television Recording）；电阻温度变化（temperature variation of resistance）,,,,,0,0,,,
tvr (television translater),,,电视录影,,,,,0,0,,,
TVR (test verification report),,,验证明报告,,,,,0,0,,,
TVRO,,,abbr. television receive-only 电视接收专用,,,,,0,0,,,
tvrs,,,[网络] 扭振信号反算各气缸功率法；电视和收音机噪声抑制；电视及无线电干扰排除,,,,,0,0,,,
Tvrtko,,,特夫尔特科,,,,,0,0,s:tvrtkoes,,
Tvrtko I,,,[网络] 特弗拉科,,,,,0,0,,,
tvrtkoes,,,特夫尔特科\n(tvrtko 的复数),,,,,0,0,0:tvrtko/1:s,,
tvs,,n broadcasting visual images of stationary or moving objects\nn an electronic device that receives television signals and displays them on a screen,abbr. 瞬变电压抑制二极管（Transient Voltage Suppressors）；电视观察系统（Television Viewing Systems）,,,,,16667,0,0:tv/1:s,,
tvss,,, [医][=tactile vision substitution system]触觉视觉置换系统,,,,,0,0,,,
TVSU,,,abbr. Television Sight Unit 电视观测装置,,,,,0,0,,,
TVT,,,电视电传机,,,,,0,0,,,
tvt (television translater),,,电视转发器,,,,,0,0,,,
tvtime,,,[网络] 看电视时间；时代卫视；时代衞视,,,,,0,0,s:tvtimes,,
tvtimes,,,"un. (澳大利亚,英国)《电视时代》周刊\n[网络] 电视时间；电视纪元",,,,,0,0,0:tvtime/1:s,,
tvu,,,[=total volume of urine]尿总量,,,,,0,0,,,
Tvurditsa,,,特沃尔迪察,,,,,0,0,,,
TVUS,,,[=Transvaginal Ultrasound]经阴道超声,,,,,0,0,,,
TVWS,,,[网络] 电视白空间；电视空白频谱(TV White Space)；视频率共享,,,,,0,0,,,
tvx,,,abbr. target vehicle experimental 试验靶机,,,,,0,0,,,
tvxq,,,"abbr. 东方神起（韩国乐队组合, Tong Vfang Xien Qi）",,,,,0,0,,,
tvz,,,[网络] Theologischer Verlag Zürich; 虫族; 云南台湾,,,,,0,0,,,
Tvärålund,,,[地名] 特韦罗隆德 ( 瑞典 ),,,,,0,0,,,
Tvärån,,,[地名] 特韦龙 ( 瑞典 ),,,,,0,0,,,
Tvååker,,,[地名] 特沃奥克 ( 瑞典 ),,,,,0,0,,,
Tvǔrdishki Prokhod,,,[地名] 特沃尔迪察山口 ( 保 ),,,,,0,0,,,
Tvǔrditsa,,,[地名] 特沃尔迪察 ( 保 ),,,,,0,0,,,
tw,,,abbr. 工具车（Tool Wagon）；双心导线（Twin Wire）；台风警报（Typhoon Warning）,,,,,46179,0,,,
TW (time word),,,间字,,,,,0,0,,,
TW it,,"The kind of person that makes a retarded chimp look smart. They often can be found leaving definitions for their own name or the names of their friends on urbandictionary.com\n> Joe smith definition:\n> 1: joe smith is the coolest man alive, look at me i wrote my name i am joe smith\n> 2: joe smith is a twit\n",,,,,,0,0,,,
tw',,,n. 中间甲板\n[网络] 按这里检视图片,,,,,0,0,,,
tw-phase system,,,[网络] 二相制,,,,,0,0,,,
tw-pulse timer,,,双脉冲定时器,,,,,0,0,,,
TW-SB,,,"[=stibocaptate,sodium stibocaptate]二巯琥珀酸锑钠,二巯丁二酸锑钠",,,,,0,0,,,
tw.,,,abbr. twisted 加捻的，扭曲的,,,,,0,0,,,
TWA,twɑ:,,环球航空公司(美国),,,,,48066,0,s:twas,,
TWA (transient working area),,,时工作区,,,,,0,0,,,
twa-gras,,,[网络] 二把虾,,,,,0,0,,,
twa-grass,,,[网络] 双草,,,,,0,0,,,
twaa-grass,,,[网络] twaa草,,,,,0,0,,,
twachtman,,, [人名] 特瓦克特曼,,,,,0,0,,,
twack,,"TWACK v. To strike with great force using the back of the middle finger (usually the nail) after coiling it under pressure against the opposing thumb. Accomplished twackers can inflict great welts upon their victim's flesh.\n> That turd cutter pissed me off, so I twacked him right in the munt!\n> On the first twack\n> Pope jumped like a macaque;\n> On the second twack\n> Pope was taken aback;\n> On the third twack\n> Lost his marbles the old hack.\n> (A. S. Pushkin)\n",,,,,,0,0,,,
twacked,,A state of mind in which methamphetamine intake has occured to beyond the point of tweeking.\n> I was so fucking twacked.\n,,,,,,0,0,,,
twaddell,'twɔdl,,托窝德尔比重计(用以测量比水重的液体),,,,,0,0,,,
Twaddell degree,,,(液体比重表示法之一)特瓦德尔度,,,,,0,0,,,
Twaddell hydrometer,,,[网络] 液体相对密度计；特威德比重计,,,,,0,0,,,
Twaddell scale,,,特沃德尔比重标度,,,,,0,0,,,
Twaddell's hydrometer,,,特沃德尔比重计；液体比重计,,,,,0,0,,,
twaddle,'twɒdl,n pretentious or silly talk or writing\nv speak (about unimportant matters) rapidly and incessantly,"n. 废话, 蠢话\nvi. 讲废话",n:100,,,gre,37245,41512,i:twaddling/p:twaddled/3:twaddles/d:twaddled/s:twaddles,,
Twaddle gravity scale,,,特沃德尔比重标度,,,,,0,0,,,
twaddle hydrometer,,,特沃德尔比重计；特沃德尔浮计,,,,,0,0,,,
Twaddle scale,,,特沃德尔比重标,,,,,0,0,,,
Twaddle's hydrometer,,,[医] 慝沃德耳氏[液体]比重计,,,,,0,0,,,
twaddled,ˈtwɔdld,v speak (about unimportant matters) rapidly and incessantly,v. 说废话( twaddle的过去式和过去分词 ),,,,,0,0,1:pd/0:twaddle,,
twaddler,,n. someone who twaddles; someone who writes or talks twaddle,"n. 讲废话的人, 写废话的人",,,,,0,0,s:twaddlers,,
twaddlers,'twɔdlə,,n.\n胡说八道者；说蠢话者；写废话的人,,,,,0,0,0:twaddler/1:s,,
twaddles,ˈtwɔdlz,n pretentious or silly talk or writing\nv speak (about unimportant matters) rapidly and incessantly,v. 说废话( twaddle的第三人称单数 ),,,,,0,0,1:3/0:twaddle,,
twaddling,ˈtwɔdlɪŋ," a. & n. from Twaddle, v.",v. 说废话( twaddle的现在分词 ),,,,,0,0,1:i/0:twaddle,,
twaddly,'twɔdli,,"a. 讲蠢话(或废话)的,通篇胡说八道的",,,,,0,0,,,
twae,"twɑ:,twi:",,n. & adj.<苏格兰> = twa,,,,,0,0,,,
twag,,,[网络] 第三世界行动组织,,,,,0,0,,,
twagger,,,[网络] tw,,,,,0,0,,,
twaggers,,,[网络] tw,,,,,0,0,,,
twail,,,[网络] 燕尾,,,,,0,0,,,
twain,'twein,n two items of the same kind,"n. 二, 两, 一对",n:100,,,,22146,33929,s:twains,,
twain cloud,,,[网络] 吐云,,,,,0,0,,,
"Twain, Mark",twein,,"马克吐温(Samuel Langhorn Clemens 的笔名)(1835～1910,美国作家、幽默家)",,,,,0,0,,,
twained,tweɪn,,n.\n[古语、诗歌用语]\n=two\n(表示船吃水深度的)2英寻\nadj.\n[古语] = two\n短语:\nand never the twain shall meet\n因此两者永远不合拍\nin twain\n成两半，成两部分,,,,,0,0,,,
Twainia,,,[地名] 图瓦伊尼亚 ( 尼日利 ),,,,,0,0,,,
Twainian,,,[网络] 吐温,,,,,0,0,,,
twaining,tweɪn,,n.\n[古语、诗歌用语]\n=two\n(表示船吃水深度的)2英寻\nadj.\n[古语] = two\n短语:\nand never the twain shall meet\n因此两者永远不合拍\nin twain\n成两半，成两部分,,,,,0,0,,,
Twainish,,,[网络] 吐丝,,,,,0,0,,,
twains,tweɪn,,n. 两\n[网络] 吐温；马克·吐温；无趣名技术(Technology Without An Interesting Name),,,,,0,0,0:twain/1:s,,
twait,,,[网络] 我不能再等了；等不及了；等等,,,,,0,0,,,
twaite,tweit,n. A European shad; -- called also twaite shad. See Shad.\nn. A piece of cleared ground. See Thwaite.,河鲱,,,,,0,0,s:twaites,,
twaite shad,,, 葡萄牙鲱,,,,,0,0,,,
twaites,,plural of twaite\nn. A European shad; -- called also twaite shad. See Shad.\nn. A piece of cleared ground. See Thwaite.,(twaite 的复数) 河鲱,,,,,0,0,0:twaite/1:s,,
twal,,,[网络] 塔墙,,,,,0,0,,,
twalf,,,[网络] 十二,,,,,0,0,,,
twalker,,,[网络] 小孩,,,,,0,0,,,
Twalkin',,a mash up of walkin and twerkin\n\nwhen a bitch be walkin up to you and her ass be goin up and down like she twerkin\n> ''ayo tinna you see this bitch twalkin up past tyrone thats a ratchet ass hoe''\n,,,,,,0,0,,,
Twalking,,"Verb: Texting while walking really slowly in no specific direction much to the annoyance of anyone behind you who is walking at a normal pace that are either blocked, or need to walk around you. Noun: twalker\n> Sorry I'm late, I got stuck behind a twalker\n> I need to quit twalking and pay attention to where I am going\n> I had to crawl through this twalker's legs to get past him/her\n> Sorry, I've been twalking in circles\n",,,,,,0,0,,,
twall,,,[网络] 墙线,,,,,0,0,,,
TWALNDE,,,转向登陆,,,,,0,0,,,
twalt,,,[网络] 微波,,,,,0,0,,,
twamp,,,[网络] Tyro Windows Apache MySQL and PHP; 双向主动测量协议(Two Way Active Measurement Protocol); 双向主动测试协议,,,,,0,0,,,
twan,,,[网络] 夜空下的世界(THE WORLD AT NIGHT)；黑夜世界；团,,,,,0,0,,,
Twana,,,n. 【女名】女子名\n[网络] 现在送精；现在送精美名牌；现在送精美名牌礼品,,,,,0,0,,,
twane,,,[网络] 双胞胎,,,,,0,0,,,
twang,twæŋ,n. a sharp vibrating sound (as of a plucked string)\nn. exaggerated nasality in speech (as in some regional dialects)\nv. cause to sound with a twang\nv. sound with a twang,"n. 弦声, 砰然一声, 鼻音\nvi. 砰然响, 发拨弦声, 带鼻音讲话\nvt. 用鼻音讲, 使发拨弦声",v:23/n:77,1,,,25887,20385,i:twanging/p:twanged/d:twanged/s:twangs/3:twangs,,
twanged,,imp. & p. p. of Twang,vt. 用鼻音讲（twang的过去式与过去分词形式）,,,,,0,0,0:twang/1:pd,,
twanger,twæŋ,,"n. 弦声；拨弦声；(琴弦的)弹拨\nvi. (班卓琴等)发弦声：；发出鼻音, 用鼻音讲：\nvt. 使发弦声：；使(箭)嗖地一声射出：",,,,,0,0,,,
twangier,'twæŋɡi,,twangy\n['twæŋɡi]\nadj.\n具有拨弦声的\n带鼻音的,,,,,0,0,,,
twangiest,'twæŋɡi,,twangy\n['twæŋɡi]\nadj.\n具有拨弦声的\n带鼻音的,,,,,0,0,,,
twangin',,"High as fuck. -possibly strung out.\n> I just popped some e pillz, im twangin.\n",,,,,,0,0,,,
twanginess,'twæŋinis,,有拨弦声或鼻声的性质或状态,,,,,0,0,,,
twanging,,p. pr. & vb. n. of Twang,vt. 用鼻音讲（twang的现在分词形式）,,,,,0,0,0:twang/1:i/s:twangings,,
twangingly,,,[网络] 扭曲的,,,,,0,0,,,
twangings,,,[网络] 扭曲,,,,,0,0,0:twanging/1:s,,
twangle,'twæŋ^l,v. i. & t. To twang.,"n. ,v.<罕> = twang",,,,,0,0,,,
twangled,'twæŋɡl,,"n.,vt.,vi.\n-gled,-gling [罕用语] =twang1",,,,,0,0,,,
twangler,'twæŋɡl,,"twangle\n['twæŋɡl]\nn.,vt.,vi.\n-gled,-gling [罕用语] =twang1",,,,,0,0,,,
twangles,'twæŋɡl,,n. 弦声；鼻音（等于twang）\nvt. 使发弦声；用鼻音讲；使嗖地射出\nvi. 发弦声；用鼻音讲；嗖地射出,,,,,0,0,,,
twangling,,,[网络] 扭转,,,,,0,0,,,
twango,,,[网络] 空间,,,,,0,0,,,
twangs,twæŋz,n a sharp vibrating sound (as of a plucked string)\nn exaggerated nasality in speech (as in some regional dialects)\nv cause to sound with a twang\nv sound with a twang\nv twitch or throb with pain\nv pluck (strings of an instrument)\nv pronounce with a nasal twang,n. 拨弦声( twang的名词复数 ); 鼻声; 土音; （琴弦的）弹拨,,,,,0,0,0:twang/1:s3,,
twangster,,,[网络] 。,,,,,0,0,,,
twangy,t'wænɡɪ,, 似弦声的,j:100,,,,0,35194,,,
twank,,,[网络] 金属等物品撞击声,,,,,0,0,,,
twank-a-pank,,,[网络] 双胞胎,,,,,0,0,,,
Twankay,'twæŋkei,"n. See Note under Tea, n., 1.",屯溪茶(一种中国绿茶),,,,,0,0,,,
Twankay (tea),'twæŋkei,,(中国安徽屯溪镇产的)屯溪茶[亦作 Twankey tea],,,,,0,0,,,
twankays,'twæŋkei,,(中国安徽屯溪镇产的)屯溪茶[亦作 Twankey tea],,,,,0,0,,,
twanked,,,[网络] 双打,,,,,0,0,,,
twankies,,"The slang for twenty inch rims.From the ghetto root word twanky, which means twenty.\n> Damn foo',those twankies be of the chain, nigga'!\n> Dats a nice pair o' twankies youz gots der dawg.\n",,,,,,0,0,,,
twanking,,,[网络] 双打,,,,,0,0,,,
twankle,,,[网络] 双胞胎,,,,,0,0,,,
twanks,,,[网络] 双胞胎,,,,,0,0,,,
twanky,,,[网络] 祁门红茶；屯溪茶,,,,,0,0,,,
twannies,,"A Hybrid of the terms ""Twat"" and ""Fanny""\r\n\r\nNoun\r\n1.   A man who is a stupid incompetent fool. \r\n2.   Obscene term for female genitals.\n> 1.""He scored an own goal... what a fucking TWANNY!""\n> 2.""She was very attractive but unfortunatley, She had a huge TWANNY... so i felt very little stimulation.""\n",,,,,,0,0,,,
twanny,,"A Hybrid of the terms ""Twat"" and ""Fanny""\r\n\r\nNoun\r\n1.   A man who is a stupid incompetent fool. \r\n2.   Obscene term for female genitals.\n> 1.""He scored an own goal... what a fucking TWANNY!""\n> 2.""She was very attractive but unfortunatley, She had a huge TWANNY... so i felt very little stimulation.""\n",,,,,,0,0,,,
Twante,,,[地名] 端迪 ( 缅 ),,,,,0,0,,,
Twante Can.,,,[地名] 端迪运河 ( 缅 ),,,,,0,0,,,
twantie,,,[网络] 二等,,,,,0,0,,,
Twardogóna,,,[地名] 特瓦尔多古拉 ( 波 ),,,,,0,0,,,
twardowski,,,[网络] 塔多斯基；特瓦尔多夫斯基,,,,,0,0,,,
twardy,,, [人名] 特沃迪,,,,,0,0,,,
twarock,,,[网络] 双胞胎,,,,,0,0,,,
twart,,,[网络] 宇强科技,,,,,0,0,,,
twarte,,,[网络] 双胞胎,,,,,0,0,,,
twas,,,abbr. 第三世界科学院（The Third World Academy of Sciences）,,,,,0,0,0:twa/1:s,,
twas the night before christmas,,,[网络] 圣诞节前夜；圣诞节的前夕；恰逢圣诞节前夜,,,,,0,0,,,
twat,twæt. twɔt,n a man who is a stupid incompetent fool\nn obscene terms for female genitals,n. 笨蛋；阴门；[贬]娘们儿,n:100,,,,28584,44726,s:twats,,
twat-hole,,"Simone who acts like a massive bitch, jack knob, or pussy.\n> ""Stop acting like such a bitch, you twat hole""\n",,,,,,0,0,,,
twat-holes,,"Simone who acts like a massive bitch, jack knob, or pussy.\n> ""Stop acting like such a bitch, you twat hole""\n",,,,,,0,0,,,
twatbag,,"An insulting name for a person who is weak, annoying or just an easy target for insults. \n> Shut up or i'll break you, you squeaky little twatbag.\n",,,,,,0,0,,,
twatbags,,"An insulting name for a person who is weak, annoying or just an easy target for insults. \n> Shut up or i'll break you, you squeaky little twatbag.\n",,,,,,0,0,,,
twatburger,,"Another phrase if you have already used plastic bag of douche...\n> ""Tracy is such a twat burger""\n> ""Yea, you dont want to eat her though, she has STD sauce""\n",,,,,,0,0,,,
twatburgers,,"Another phrase if you have already used plastic bag of douche...\n> ""Tracy is such a twat burger""\n> ""Yea, you dont want to eat her though, she has STD sauce""\n",,,,,,0,0,,,
twatchel,,, 食耳蚯蚓,,,,,0,0,,,
twatfaced,,,[网络] 扭曲,,,,,0,0,,,
twats,,plural of twat\nn a man who is a stupid incompetent fool\nn obscene terms for female genitals,(twat 的复数) n. 笨蛋；阴门；[贬]娘们儿,,,,,0,0,0:twat/1:s3,,
Twatt,,,[地名] 特瓦特 ( 英 ),,,,,0,0,,,
twatted,,past tense of twat\nn a man who is a stupid incompetent fool\nn obscene terms for female genitals,(twat 的过去时) n. 笨蛋；阴门；[贬]娘们儿,,,,,0,0,0:twat/1:p,,
twattery,,Any behaviour which causes inconvenience to others.\n> Passengers arrived at the airport late and missed their flights due to train twattery.\n,,,,,,0,0,,,
twattiest,,,[网络] 最厉害的,,,,,0,0,,,
twatting,twɒt; twæt,,n.\n[粗俗语、禁忌语]\n女阴，阴门\n屁股\n(被视为泄欲工具的)娘们儿,,,,,0,0,,,
twattish,,,[网络] 漂亮,,,,,0,0,,,
twattle,'twɑ:tl,"v. i. To prate; to talk much and idly; to gabble; to chatter;\n   to twaddle; as, a twattling gossip.\nv. t. To make much of, as a domestic animal; to pet.\nn. Act of prating; idle talk; twaddle.","n. ,v.<罕> =twaddle",,,,,0,0,,,
twattled,'twɒtl,,"n.,vi.,vt.\n-tled,-tling = twaddle",,,,,0,0,,,
twattler,'twɒtl,n. One who twattles; a twaddler.,"n. ,vi.,vt. -tled,-tling = twaddle",,,,,0,0,,,
twattlers,,,[网络] 混蛋,,,,,0,0,,,
twattles,'twɒtl,,"n.,vi.,vt.\n-tled,-tling = twaddle",,,,,0,0,,,
twattling,,,[网络] 扭动,,,,,0,0,,,
twattock,,"A modification of [twat], (literaly, little twat) used as an insult, and is useful when an extra sylable is needed in an amusing poem or suchlike.\n> My heavens, isn't Mary and Jimmy's boy a twattock?\n> Yes, but what did you expect from those two?\n",,,,,,0,0,,,
twattocks,,"A modification of [twat], (literaly, little twat) used as an insult, and is useful when an extra sylable is needed in an amusing poem or suchlike.\n> My heavens, isn't Mary and Jimmy's boy a twattock?\n> Yes, but what did you expect from those two?\n",,,,,,0,0,,,
twatty,,"[Adjective] Something pretentious, pointless or awkward, including behaviour.\r\n\r\n'Twatty' may cause offence. Especially to twats.\n> Typical twatty students showing off.\n> Low rent celebs getting twatty on TV.\n> Filling out this twatty tax rebate.\n> When they call on the rules, they're not being fair, they're just being twatty.\n",,,,,,0,0,,,
twatwaffle,,a vagina that is so shriveled up that it looks like a defrosted waffle.\n> Jo went down on Mary and thought he was eating breakfast.\n,,,,,,0,0,,,
twatwaffles,,a vagina that is so shriveled up that it looks like a defrosted waffle.\n> Jo went down on Mary and thought he was eating breakfast.\n,,,,,,0,0,,,
tway,,a. & n. Two; twain., 天汇汉字系统,,,,,0,0,s:tways,,
twayblade,"'twei,bleid",n orchid having a pair of ovate leaves and a long slender raceme of green flowers sometimes tinged red-brown; Europe to central Asia\nn an orchid of the genus Liparis having a pair of leaves,"n. [植]羊耳蒜,双叶兰",,,,,0,0,s:twayblades,,
twayblades,,,n. 【植】羊耳蒜属  植物,,,,,0,0,0:twayblade/1:s,,
twayne,,,[网络] 杜尼,,,,,0,0,,,
tways,,, 天汇汉字系统\n(tway 的复数),,,,,0,0,0:tway/1:s,,
twazzock,,"twazzock (plural twazzocks)\n(Britain, pejorative) a stupid or annoying person.\n",,,,,,0,0,,,
twazzocks,,A general insult to suggest that someone is stupid and/or wierd. It may also be made up and not a real word.\n> Paula: You twazzock!\n> Euan: Where did you even get that word?\n,,,,,,0,0,,,
TWB,,,[网络] 铁姆肯；江苏帝达贝轴承有限公司；tailor welded blank,,,,,0,0,,,
twb (total bandwidth),,,总带宽，总频宽,,,,,0,0,,,
TWBA,,,[网络] 李岱艾；腾迈；李岱艾公司,,,,,0,0,,,
TWBC,,,[=total white blood cells]白细胞总数,,,,,0,0,,,
twbg,,,[网络] 华纳图书集团；世界银行集团(The World Bank Group),,,,,0,0,,,
TWC,,,abbr. 美国时代华纳电缆公司（Time Warner Cable）；三元催化转化器（Three Way Catalysts）,,,,,0,0,,,
TWCF,,,[网络] 绛斿,,,,,0,0,,,
TWCS,,,[=Test of Work Competency and Stability]工作能力和稳定性试验,,,,,0,0,,,
twd,,,abbr. 新台币（New TaiWan Dollar）,,,,,0,0,,,
twds,'ti:d'əbəlju:d'i:'es,,abbr. tradewinds 信风，贸易风,,,,,0,0,,,
twdt,,,[网络] 櫅；标称超时周期,,,,,0,0,,,
TWDT (temporary word descriptor table),,,时字描述表,,,,,0,0,,,
twe,,,abbr. tap-water enema 自来水灌肠剂; technology; work and environment 工艺; trading with the enemy <与敌人做生意>（书名）,,,,,49504,0,s:twes,,
twea,,,abbr. Trade with Enemy Act <英国>对敌贸易法; Trading With the Enemy Act 与敌贸易法案,,,,,0,0,,,
tweag,,"tweag (uncountable)\n(obsolete) Trouble; distress; perplexity.\n(Britain  dialectal) Doubt; perplexity.\n\n\ntweag (third-person singular simple present tweags, present participle tweaging, simple past and past participle tweaged)\n(obsolete) To tweak.\n",,,,,,0,0,,,
tweaged,,,[网络] 推翻,,,,,0,0,,,
tweaging,,,[网络] 鸣叫,,,,,0,0,,,
tweak,twi:k,v. pinch or squeeze sharply,"n. 拧, 扭, 焦急\nvt. 扭, 开足马力",n:21/v:79,,,,20508,10855,i:tweaking/p:tweaked/d:tweaked/s:tweaks/3:tweaks,,
tweak freak,,,[网络] 软硬件修补者,,,,,0,0,,,
tweak user interface,,,微调使用者介面,,,,,0,0,,,
tweakable,,,[网络] 可调整,,,,,0,0,,,
tweakage,,,[网络] 调整,,,,,0,0,,,
tweaked,,v. pinch or squeeze sharply\nv. pull or pull out sharply\nv. adjust finely,拧（tweak的过去分词）\n调整（tweak的过去分词）,,,,,0,0,0:tweak/1:pd,,
tweaker,,,n. 弹弓,,,,,0,0,s:tweakers,,
tweakers,,plural of tweaker,(tweaker 的复数) n. 弹弓,,,,,0,0,0:tweaker/1:s,,
tweakin',,"1.To be high on stimulants like Meth or coke.\r\n2.To work obsessively or compulsively on something.\r\n3.To adjust something.\r\n4.To be way wrong about something\n> 1.He did 4 fat ass lines, hes tweakin hard\n> 2.I was tweakin on my room for like 4 hours\n> 3.I was just Tweakin the carb on my truck\n> 4.you think the Boston Celtics are the best team ever..man your tweakin.\n",,,,,,0,0,,,
tweaking,,v pinch or squeeze sharply\nv pull or pull out sharply\nv adjust finely,"v. 捏, 扭, 拧；对…稍作调整（tweak的现在分词）",n:100,,,,0,33833,0:tweak/1:i/s:tweakings,,
tweakings,,,[网络] 调整,,,,,0,0,0:tweaking/1:s,,
tweaks,twi:ks,n a squeeze with the fingers\nv pinch or squeeze sharply\nv pull or pull out sharply\nv adjust finely,n. 拧( tweak的名词复数 ); 捏; 扭; 苦恼,,,,,0,0,0:tweak/1:s3,,
TweakUI,,,[网络] 砍档程式；我不用系统工具；微软出品优化工具,,,,,0,0,,,
tweaky,,,[网络] 拧人,,,,,0,0,,,
twear,,,[网络] 双胞胎,,,,,0,0,,,
tweat,,,[网络] 扭曲,,,,,0,0,,,
twech,,,[网络] 抽搐,,,,,0,0,,,
TWed,,,TW\nabbr.\nterawatt 【物理学】太(拉)瓦,,,,,0,0,,,
TWed it,,"To truncate a tweet down to Twitter's 140-character limit.\n> I love this quote from Rolling Stones, but no amount of twediting will make it fit into a tweet and still make sense.\n",,,,,,0,0,,,
tweddell,,, [人名] 特韦德尔,,,,,0,0,,,
tweddle,,,[网络] 维德,,,,,0,0,s:tweddles,,
tweddles,,,[网络] 维德\n(tweddle 的复数),,,,,0,0,0:tweddle/1:s,,
tweddling,,,[网络] 嘟嘟声,,,,,0,0,,,
twee,'twi:,s affectedly dainty or refined,"a. 矫饰的, 过分艳丽的",j:100,,,,33598,39832,,,
twee pop,,,[网络] 矫饰流行；小清新；童稚流行乐,,,,,0,0,,,
tweeb,,,[网络] 镊子,,,,,0,0,,,
tweebs,,,[网络] 镊子,,,,,0,0,,,
tweece,,,[网络] 镊子,,,,,0,0,,,
tweed,twi:d,n. thick woolen fabric used for clothing; originated in Scotland,"n. (粗)花呢, 花呢服装",n:100,1,,,8914,13783,s:tweeds,,
tweed coat,,,[网络] 呢大衣；猎装绒大衣；呢子大衣,,,,,0,0,,,
tweed heads,,,特韦德黑兹,,,,,0,0,,,
tweed jacket,,,[网络] 斜纹软呢外套；花呢外套；粗花呢绒布外套,,,,,0,0,,,
Tweed R.,,,[地名] 特威德河 ( 英 ),,,,,0,0,,,
Tweed Ring,,,[网络] 特威德集团；特威德圈密友；瑞德老板圈子,,,,,0,0,,,
Tweed River,,,[网络] 黄金海岸南边绿地翠儿河畔；特韦德河；特威德河,,,,,0,0,,,
tweed suit,,,un. 女便装\n[网络] 女粗花呢套装；粗花呢西装；羊毛外衣,,,,,0,0,,,
Tweed triangle,,,特威德三角,,,,,0,0,,,
"Tweed, River",,,[网络] 黄金海岸南边绿地翠儿河畔；特韦德河；特威德河,,,,,0,0,,,
"Tweed, William Marcy",twi:d; 'mɑ:si,,特威德(1823～1878，美国政客，腐败的坦慕尼协会领导人),,,,,0,0,,,
Tweeddale,'twi:ddeil,,皮布尔斯郡[英国苏格兰原郡名],,,,,42515,0,,,
"Tweeddale, Dist.",,,[地名] 特威代尔区 ( 英 ),,,,,0,0,,,
Tweede Kamer,,,[网络] 二院,,,,,0,0,,,
Tweede Nuwejaar,'twiədə; nju:və'jɑ:r,,[南非英语](南非黑人庆祝的)第二新年(1月2日),,,,,0,0,,,
tweeded,,past tense of tweed\nn. thick woolen fabric used for clothing; originated in Scotland,"(tweed 的过去时) n. (粗)花呢, 花呢服装",,,,,0,0,0:tweed/1:p,,
tweeder,twiːd,,"特威德(英国河流, 经苏格兰南部与英格兰东北部, 入北海)",,,,,0,0,s:tweeders,,
tweeders,,plural of tweeder,"(tweeder 的复数) 特威德(英国河流, 经苏格兰南部与英格兰东北部, 入北海)",,,,,0,0,0:tweeder/1:s,,
Tweedia,,,[网络] 蓝星花,,,,,0,0,,,
Tweedie,,,n. (Tweedie)人名；(英)特威迪,,,,,48146,0,s:tweedies,,
tweedier,'twiːdi,,adj. (粗)花呢的；常常穿着漂亮花呢衣服的\n[网络] 特威迪；粗花呢制；特维迪,,,,,0,0,,,
tweedies,'twiːdɪ,,tweedy\n['twi:di]\nadj.\n粗花呢似的\n爱穿花呢衣服的；爱穿粗呢套装的\n穿着随便的\n爱好户外活动的；习惯于户外活动的\n变形：\nadj.\ntweedier\n. tweediest,,,,,0,0,0:tweedie/1:s,,
tweediest,'twiːdi,,adj. (粗)花呢的；常常穿着漂亮花呢衣服的\n[网络] 特威迪；粗花呢制；特维迪,,,,,0,0,,,
tweedily,'twi:di,,tweedily\nadv.\ntweedy的变形\ntweedy\n['twi:di]\nadj.\n粗花呢似的\n爱穿花呢衣服的；爱穿粗呢套装的\n穿着随便的\n爱好户外活动的；习惯于户外活动的\n变形：\nadj.\ntweedier\n. tweediest,,,,,0,0,,,
tweediness,t'wi:dɪnəs,"n. looseness or roughness in texture (as of cloth)\nn. an informal, homely, outdoor look characteristic of those who wear tweeds",n. 粗花呢的品质,,,,,0,0,s:tweedinesses,,
tweedinesses,'twi:di,,tweediness\nn.\ntweedy的变形\ntweedy\n['twi:di]\nadj.\n粗花呢似的\n爱穿花呢衣服的；爱穿粗呢套装的\n穿着随便的\n爱好户外活动的；习惯于户外活动的\n变形：\nadj.\ntweedier\n. tweediest,,,,,0,0,0:tweediness/1:s,,
tweedle,'twi:dl,v. sing in modulation\nv. play negligently on a musical instrument\nv. entice through the use of music,"n. 动听的尖细声, 鸟叫声\nvi. 啭鸣\nvt. 诱骗",,,,,0,0,s:tweedles,,
tweedle-,'twiːdl,,"v. 同“wheedle”；(吹奏,歌唱)(使)发出尖细的声音\nn. (乐器等的)尖锐声\n[网络] 琴声；鸟鸣；鸟叫声",,,,,0,0,,,
Tweedle-dee,,,[网络] 琴声悠扬；曼妙的琴声啊；胖子双胞胎兄弟,,,,,0,0,,,
Tweedle-dum,,,[网络] 系列；胖子双胞胎兄弟,,,,,0,0,,,
Tweedle-dums,,If u have a tweedle dum it will be the best feeling ever she is the best person ever and you should love them to pieces. It's partner is tweedle Dee and they are from the movie 'Alice in wonderland'\n> My tweedle dum is the best person ever\n,,,,,,0,0,,,
tweedled,,,"v. 同“wheedle”；(吹奏,歌唱)(使)发出尖细的声音\nn. (乐器等的)尖锐声\n[网络] 琴声；鸟鸣；鸟叫声",,,,,0,0,,,
tweedledee,,,[网络] 德里迪,,,,,0,0,s:tweedledees,,
Tweedledee and Tweedledum,,,[网络] 双胞胎；半斤八两；双胞胎兄弟,,,,,0,0,s:tweedledee and tweedledums,,
tweedledee and tweedledums,,,[网络] 双胞胎；半斤八两；双胞胎兄弟\n(tweedledee and tweedledum 的复数),,,,,0,0,0:tweedledee and tweedledum/1:s,,
tweedledees,,,[网络] 德里迪\n(tweedledee 的复数),,,,,0,0,0:tweedledee/1:s,,
tweedledum,,,[网络] 胖娃；美女讨伐二人组；得儿敦,,,,,0,0,s:tweedledums,,
tweedledum and tweedledee,",twi:dl'dʌmәn,twi:dl'di:",,"n. 难以区分的两个人,难以区别的二件事, 半斤八两",,,,,0,0,s:tweedledum and tweedledees,,
tweedledum and tweedledees,,,"n. 难以区分的两个人,难以区别的二件事, 半斤八两\n(tweedledum and tweedledee 的复数)",,,,,0,0,0:tweedledum and tweedledee/1:s,,
Tweedledum and Tweedledumber,,"Tweedledum and Tweedledumber\n(pejorative) two very similar simpletons, with the latter being even less intelligent\n",,,,,,0,0,,,
tweedledum and tweekledee,,,n. 难以区分的两个人,,,,,0,0,,,
tweedledum-and-tweedledee,",twi:dl'dʌmən; twi:dl'di:",,[T- and T-] 特威德尔德姆和特威德尔迪(英国作家 Lewis Carroll 小说《镜中世界》中的一对兄弟)；难兄难弟；难以区别的两件东西；半斤八两的人(或事物)[由拜伦首创，用以讽刺英国18世纪上半叶两个对立的音乐派别],,,,,0,0,,,
tweedledums,,,[网络] 胖娃；美女讨伐二人组；得儿敦\n(tweedledum 的复数),,,,,0,0,0:tweedledum/1:s,,
tweedler,'twi:dlə,,n. [英国英语](偷来后出卖的)赃车,,,,,0,0,,,
tweedles,,,"v. 同“wheedle”；(吹奏,歌唱)(使)发出尖细的声音\nn. (乐器等的)尖锐声\n[网络] 碎玻璃黏贴有将近一米",,,,,0,0,0:tweedle/1:s,,
tweedlike,,,[网络] 花呢样,,,,,0,0,,,
tweedling,,,"v. 同“wheedle”；(吹奏,歌唱)(使)发出尖细的声音\nn. (乐器等的)尖锐声\n[网络] 琴声；鸟鸣；鸟叫声",,,,,0,0,,,
Tweedmouth,,,[地名] 特威德茅斯 ( 英 ),,,,,0,0,,,
tweeds,twi:dz,n. thick woolen fabric used for clothing; originated in Scotland\nn. (usually in the plural) trousers made of flannel or gabardine or tweed or white cloth,n. （一套）粗花呢衣服; （用于缝制大衣和成套服装的）粗花呢( tweed的复数形式 ); 花呢套装,,,,,0,0,0:tweed/1:s,,
Tweedsmuir,'twi:dzmjuә,,特威兹穆尔(姓氏),,,,,0,0,,,
Tweedsmuir Hills,,,[地名] 特威兹缪尔丘陵 ( 英 ),,,,,0,0,,,
"Tweedsmuir, 1st Baron",'twi:dzmjuə,,"= Buchan, John",,,,,0,0,,,
tweedy,,"s. (of country gentry) informal, clannish and outdoorsy","a. 穿花呢服的, 穿着漂亮的, 松散悠闲的, 男子气概的",j:100,,,,40559,30868,,,
Tweedy poplar,,,特威迪氏杨,,,,,0,0,,,
Tweedy willow,,,特威迪氏柳,,,,,0,0,,,
tweeg,,,[网络] 镊子,,,,,0,0,,,
tweek,twi:k,,"吱声, 大气干扰",,,,,0,0,,,
tweeka,,Someone who hoes around and known as slut. She is sumtimes known aas the best hoe around and all homies pass her around. She doesnt care about her self she goes from boy to boy.\n> You should stop messing with more than one man or they gonna start calling you a tweeka![hoe] [slut] [whore]\n,,,,,,0,0,,,
tweekas,,Someone who hoes around and known as slut. She is sumtimes known aas the best hoe around and all homies pass her around. She doesnt care about her self she goes from boy to boy.\n> You should stop messing with more than one man or they gonna start calling you a tweeka![hoe] [slut] [whore]\n,,,,,,0,0,,,
tweeked,'twi:kid,,adj. [美国俚语]喝醉的,,,,,0,0,,,
tweeker,,"A methamphetamine user. Tweekers are known for their extreme paranoia, flagrant dishonesty, and lack of non-tweeker friends. A tweeker will steal your stuff and then help you look for it.\n> If you let those god damned tweekers come to your party, don't expect to have your stereo in the morning.\n",,,,,,0,0,,,
tweekers,,"A methamphetamine user. Tweekers are known for their extreme paranoia, flagrant dishonesty, and lack of non-tweeker friends. A tweeker will steal your stuff and then help you look for it.\n> If you let those god damned tweekers come to your party, don't expect to have your stereo in the morning.\n",,,,,,0,0,,,
tweeks,,,[网络] 大气干扰；嗡声,,,,,0,0,,,
tweel,twi:l,n. & v. See Twill.,炉闸门,,,,,0,0,s:tweels,,
tweel blocks,,,门砖,,,,,0,0,,,
tweeled,,,[网络] 被打了,,,,,0,0,,,
tweeling,,,[地名] 特维灵 ( 南非 ),,,,,0,0,,,
tweels,,,[网络] 小提琴,,,,,0,0,0:tweel/1:s,,
tweely,,,[网络] tw ly,,,,,0,0,,,
tween,twi:n,,"[医] 吐温(一类表面活性剂的商品名,聚氧乙烯山梨醇的脂肪酸脂)",j:100,,,,0,27373,s:tweens,,
tween 80,,,"[医] 吐温八零, 聚山梨醇酯八十",,,,,0,0,,,
tween brain,,,[医] 间脑,,,,,0,0,,,
tween deck,,,甲板之间(的堆货空间),,,,,0,0,,,
tween deck bulkhead,,,[网络] 甲板间舱壁；甲板伤伤壁,,,,,0,0,,,
tween deck bunker,,,二层舱煤舱,,,,,0,0,,,
tween deck cargo space,,,[网络] 二层舱；甲板间舱；二连连,,,,,0,0,,,
tween deck ceiling,,,[网络] 甲板间内衬板；甲板间垫材；甲板间衬板,,,,,0,0,,,
tween deck frame,,,[网络] 甲板间肋骨；甲板伤肋骨,,,,,0,0,,,
tween deck height,,,[网络] 甲板间高；甲板间高度；甲板问高,,,,,0,0,,,
tween deck hold,,,[网络] 二层船舱甲板间舱,,,,,0,0,,,
tween deck ladder,,,[网络] 甲板间梯,,,,,0,0,,,
tween deck space,,,[网络] 甲板间舱；甲板间空间中间甲板间空间,,,,,0,0,,,
tween deck tank,,,[网络] 甲板间柜；甲板间液柜,,,,,0,0,,,
tween deck tanks,,,[网络] 二层液舱,,,,,0,0,,,
tween deck tonnage,,,二层舱吨位,,,,,0,0,,,
tween deck tonnage section,,,甲板间吨位截面,,,,,0,0,,,
tween deck vessel,,,[网络] 多层甲板船,,,,,0,0,,,
tween decker,,,[网络] 多层甲板船,,,,,0,0,,,
tween decks,,,二层甲板；中甲板；甲板间,,,,,0,0,,,
tween drive spindle,,,[网络] 中间传动轴,,,,,0,0,,,
tween instances,,,补间动画实例,,,,,0,0,,,
Tween-20,,,[化] 吐温-20; 聚氧乙烯山梨糖醇酐单月桂酸酯,,,,,0,0,,,
Tween-40,,,[化] 吐温-40; 聚氧乙烯山梨糖醇酐单棕榈酸酯,,,,,0,0,,,
Tween-60,,,[化] 吐温-60; 聚氧乙烯山梨糖醇酐单硬脂酸酯,,,,,0,0,,,
Tween-65,,,[化] 吐温-65; 聚氧乙烯山梨糖醇酐三硬脂酸酯,,,,,0,0,,,
Tween-80,,,"吐温-80,聚山梨酯-80,聚氧乙烯山梨醇酐单月桂酸酯",,,,,0,0,,,
Tween-81,,,[化] 吐温-81; 聚氧乙烯山梨糖醇酐单油酸酯,,,,,0,0,,,
Tween-85,,,[化] 吐温-85; 聚氧乙烯山梨糖醇酐三油酸酯,,,,,0,0,,,
tween-age,,,[网络] 补间,,,,,0,0,,,
tween-brain,,,间脑,,,,,0,0,,,
tween-deck hatch,,,[网络] 甲板间舱口,,,,,0,0,,,
tween-deck pillar,,,[网络] 甲板窨支柱,,,,,0,0,,,
tweena,,"A verb meaning to drop something you're trying to eat on the ground or on yourself.\n> While eating a hotdog, she pulled a tweena, forcing her to change her shirt.\n",,,,,,0,0,,,
tweenage,,,[网络] 潮童,,,,,0,0,,,
tweenaged,,,[网络] 补间,,,,,0,0,,,
tweenagehood,,,[网络] 补间,,,,,0,0,,,
tweenager,,,[网络] 女娃,,,,,0,0,,,
tweenagers,,,[网络] 补间,,,,,0,0,,,
tweenas,,"A verb meaning to drop something you're trying to eat on the ground or on yourself.\n> While eating a hotdog, she pulled a tweena, forcing her to change her shirt.\n",,,,,,0,0,,,
tweendeck,"'twi:n,dek",,"甲板间, 双层甲板",,,,,0,0,,,
tweendeck bulkhead,,,甲板间舱壁,,,,,0,0,,,
tweendeck bunker,,,[网络] 甲板间燃料舱,,,,,0,0,,,
tweendeck ceiling,,,[网络] 甲板间衬板,,,,,0,0,,,
tweendeck compartment,,,[网络] 甲板间舱,,,,,0,0,,,
tweendeck equipment,,,[网络] 中间甲板设备,,,,,0,0,,,
tweendeck frame,,,甲板间肋骨,,,,,0,0,,,
tweendeck height,,,[网络] 甲板间高；甲板间高度,,,,,0,0,,,
tweendeck ladder,,,[网络] 甲板间梯子,,,,,0,0,,,
tweendeck portside,,,[网络] 左舷二层甲板,,,,,0,0,,,
tweendeck ship,,,双层甲板船,,,,,0,0,,,
tweendeck space,,,甲板间舱,,,,,0,0,,,
tweendeck tank,,,[网络] 甲板间液柜,,,,,0,0,,,
tweendeck tonnage,,,[网络] 甲板间吨位,,,,,0,0,,,
tweendeck tonnage section,,,[网络] 甲板间容积丈量截面,,,,,0,0,,,
tweendecker,,,[网络] 双层甲板船；多层甲板船,,,,,0,0,,,
tweendom,,"tweendom (usually uncountable, plural tweendoms)\nThe stage, state, or world of tweens; tweens collectively.\n",,,,,,0,0,,,
tweened,,,[网络] 补间动画；渐变动画；渐变动画方式,,,,,0,0,,,
tweenen-brain,,,[医] 间脑,,,,,0,0,,,
tweener,twi:nə(r),,n. 墙头草; 美国电视剧<Prison Break>（越狱）中的人物Tweener; One who doesn't fall in any category of people (cliques)。; A young White man confused about his culture and ressembles a Black man. He is in between.。 he is a Tweener.,,,,,0,0,,,
tweeners,,,[网络] 小屁孩,,,,,0,0,,,
tweeness,,,[网络] 平淡无味,,,,,0,0,,,
tweenesses,,,[网络] 等级,,,,,0,0,,,
tweenest,,,"[医] 吐温(一类表面活性剂的商品名,聚氧乙烯山梨醇的脂肪酸脂)\n(tween 的最高级)",,,,,0,0,,,
tweenhood,,,[网络] 补间,,,,,0,0,,,
tweenie,,,[网络] 补间,,,,,0,0,,,
tweenies,,plural of tweeny,"(tweeny 的复数) n. 女佣, 帮手",,,,,0,0,0:tweeny/1:s,,
tweenification,,,[网络] 补间,,,,,0,0,,,
tweening,,,[网络] 渐变；补间动画；内插,,,,,0,0,,,
tweenings,,,n. 中间计算,,,,,0,0,,,
tweenish,,,[网络] 补间,,,,,0,0,,,
tweenism,,,[网络] 补间,,,,,0,0,,,
tweenlight,,tweenlight (uncountable)\n(rare or dialectal) The period between dusk and nightfall; twilight.\n,,,,,,0,0,,,
tweenness,,,[网络] 补间,,,,,0,0,,,
tweens,,, [医]吐温类,,,,,0,0,0:tween/1:s,,
tweeny,'twi:ni,,"n. 女佣, 帮手",,,,,0,0,s:tweenies,,
tweenybopper,,"N: A child, usually between the ages of 9 and 15, who seeks to imitate all that is celeb or fashionable while at the same time reflecting the society of their local high school.  Usually female.\n> The seniors laughed when they saw the gaggle of tweeny bopper girls, all wearing identical short pleated skirts at the football game and complaining about how cold it was.\n",,,,,,0,0,,,
tweenyboppers,,"N: A child, usually between the ages of 9 and 15, who seeks to imitate all that is celeb or fashionable while at the same time reflecting the society of their local high school.  Usually female.\n> The seniors laughed when they saw the gaggle of tweeny bopper girls, all wearing identical short pleated skirts at the football game and complaining about how cold it was.\n",,,,,,0,0,,,
tweep,ˈtwiːp,,n. 微博控\n[网络] 特客；状态人,,,,,0,0,,,
tweeped,,,[网络] tw,,,,,0,0,,,
tweeping,,,[网络] tw,,,,,0,0,,,
tweeple,,,[网络] 微博控；微博议员,,,,,0,0,,,
tweeps,,,[网络] tw,,,,,0,0,,,
tweer,'twi:ә,s affectedly dainty or refined,"(=twere)炉壁间, 鼓风管",,,,,0,0,,,
tweers,,,[网络] tweet,,,,,0,0,,,
twees,,,[网络] tw,,,,,0,0,,,
tweese,twi:z,n. Alt. of Tweeze,"v. 以镊子除去, 以钳子拔除",,,,,0,0,,,
tweeses,twi:z,,vt.\n= tweeze,,,,,0,0,,,
tweest,twiː,,twee\n[twi:]\nadj.\n[英国口语]\n故作聪明的；故作优雅的；矫揉造作的，娇弱纤嫩的；过分讲究的；离奇古怪的\n艳俗的,,,,,0,0,,,
tweet,twi:t,"n. a weak chirping sound as of a small bird\nv. make a weak, chirping sound",vi. 啁啾\nn. 小鸟叫声,n:40/v:60,,,,0,30751,3:tweets/i:tweeting/p:tweeted/d:tweeted/s:tweets,,
tweet seat,,,[网络] 微博专座,,,,,0,0,,,
tweet seats,,,[网络] 微博座席；微博专座,,,,,0,0,,,
tweet tweet,,,[网络] 啾啾；鸟叫声；小鸟啾啾,,,,,0,0,,,
tweetable,,,[网络] 转发,,,,,0,0,,,
tweetaholic,,"A person who is addicted to tweeting usually wanting to tweet about anything just to feel relieved.\n> An example of a tweetaholic would be a tweet like this ""Tying my shoelaces."" I mean does anyone really care?\n",,,,,,0,0,,,
tweetaholics,,"A person who is addicted to tweeting usually wanting to tweet about anything just to feel relieved.\n> An example of a tweetaholic would be a tweet like this ""Tying my shoelaces."" I mean does anyone really care?\n",,,,,,0,0,,,
tweetdom,,,[网络] 鸣叫,,,,,0,0,,,
tweeted,twiːt,"v. make a weak, chirping sound\nv. squeeze tightly between the fingers",n. 小鸟叫声；自录音再现装置发出的高音\nvi. 吱吱地叫；啾鸣,,,,,0,0,1:pd/0:tweet,,
tweeten,,, [人名] 特威滕,,,,,0,0,,,
tweeter,'twi:tә,n. a loudspeaker that reproduces higher audio frequency sounds,n. 高频扬声器\n[电] 高频扬声器,n:100,,,,0,38057,s:tweeters,,
tweeter horn,,,高音号筒,,,,,0,0,,,
tweeter speaker,,,高频扬声器,,,,,0,0,,,
tweeter-woofer,,,高低音两用喇叭,,,,,0,0,,,
tweetered,,past tense of tweeter\nn. a loudspeaker that reproduces higher audio frequency sounds,(tweeter 的过去时) n. 高频扬声器\n[电] 高频扬声器,,,,,0,0,0:tweeter/1:p,,
tweeters,,plural of tweeter\nn. a loudspeaker that reproduces higher audio frequency sounds,(tweeter 的复数) n. 高频扬声器\n[电] 高频扬声器,,,,,0,0,0:tweeter/1:s,,
tweetfest,,"1: Twittering excessively.\n\n2: To annoy followers with your [twitter] updates.\n> Annoyed twitter user: ""OMG! Stop having a tweetfest and get a life!""\n> Obsessed twitter fan: ""Fine! Freakin' idiot!""\n",,,,,,0,0,,,
tweetfests,,"1: Twittering excessively.\n\n2: To annoy followers with your [twitter] updates.\n> Annoyed twitter user: ""OMG! Stop having a tweetfest and get a life!""\n> Obsessed twitter fan: ""Fine! Freakin' idiot!""\n",,,,,,0,0,,,
tweetheart,,,[网络] 推特情人,,,,,0,0,,,
tweethearts,,"A couple who insist on having long sappy conversations on twitter to the annoyance of all who follow them\n> Jonh: I love you Heather! <3\n> Heather: I love you more John! <3\n> Me: Freaking Tweethearts, Will you just get a damn MSN convo already.\n",,,,,,0,0,,,
tweetie,,,[网络] 多用途开瓶器；特威特,,,,,0,0,s:tweeties,,
tweeties,,,[网络] 多用途开瓶器；特威特\n(tweetie 的复数),,,,,0,0,0:tweetie/1:s,,
tweeting,,"v. make a weak, chirping sound\nv. squeeze tightly between the fingers",吱吱地叫（小鸟鸣叫）\n在社交网站Twitter上发微博（tweet的现在分词）,,,,,0,0,0:tweet/1:i,,
tweetings,,,[网络] 推特,,,,,0,0,,,
tweetless,,Refraining from [tweeting]. Finding that you have nothing to tweet or write. Drawing a blank when contemplating your Twitter page. Also used when one is stunned or surprised by something viewed on Twitter.\n> I'm tweetless after hearing that [Aston Kutcher] has stopped evangelizing Twitter.\n> With nothing to do but describe my latest latte buying excursion I suddenly found myself tweetless.\n> That boring [Oprah] was mercifully tweetless today.\n,,,,,,0,0,,,
tweetosphere,,,[网络] 镊子,,,,,0,0,,,
tweets,twi:ts,"n a weak chirping sound as of a small bird\nv make a weak, chirping sound\nv squeeze tightly between the fingers","n. 小鸟啼叫, 自录音再现装置发出的高音( tweet的名词复数 )",,,,,0,0,0:tweet/1:3,,
tweetstorm,,,[网络] 风暴,,,,,0,0,,,
tweetstorms,,"When some activists on Twitter decides to go full retard and organize a ""Tweet storm"" like it's a real [IRL] demonstration.\n> There's a Tweet storm tomorrow to demonstrate against a new bill\n",,,,,,0,0,,,
tweetup,,,[网络] 推特线上聚会；推特会,,,,,0,0,,,
tweetups,,,[网络] 推特更新；推特见面会,,,,,0,0,,,
tweety,,,n. 翠迪（卡通形象）,,,,,0,0,,,
Tweety Pie,,,[网络] 小金丝雀；鬼灵精怪的小金丝；鬼灵精怪的小金丝雀,,,,,0,0,,,
tweeze,twi:z,v. pluck with tweezers,"v. 以镊子除去, 以钳子拔除",v:100,,,,0,35547,i:tweezing/p:tweezed/3:tweezes/d:tweezed,,
tweezed,twi:zd,v pluck with tweezers,"v. 以镊子除去, 以钳子拔除( tweeze的过去式和过去分词 )",,,,,0,0,1:pd/0:tweeze,,
tweezer,'twi:zә,n a hand tool for holding consisting of a compound lever for grasping,vt. 用镊子钳\n[医] 镊,,,,,0,0,s:tweezers,,
tweezer grasp,,,镊取,,,,,0,0,,,
tweezer welding,,,[机] 镊焊,,,,,0,0,,,
tweezer-case,,,[网络] 镊子盒,,,,,0,0,,,
tweezered,,past tense of tweezer\nn a hand tool for holding consisting of a compound lever for grasping,(tweezer 的过去时) vt. 用镊子钳\n[医] 镊,,,,,0,0,0:tweezer/1:p,,
tweezering,'twiːzə,,vt. 用镊子钳\nn. 镊子；钳子,,,,,0,0,,,
tweezerman,,,[网络] 迪茜曼；修美人；微之魅,,,,,0,0,,,
tweezers,'twi:zәz,n a hand tool for holding consisting of a compound lever for grasping,n. 镊子,n:100,,,ielts,25268,20520,s:tweezers/0:tweezer/1:s,,
tweezes,twi:ziz,v pluck with tweezers,"v. 以镊子除去, 以钳子拔除( tweeze的第三人称单数 )",,,,,0,0,1:3/0:tweeze,,
tweezing,twi:zɪŋ,v pluck with tweezers,"v. 以镊子除去, 以钳子拔除( tweeze的现在分词 )",,,,,0,0,1:i/0:tweeze,,
twei,,,[网络] 拓维；双艳红,,,,,0,0,,,
tweich,,,[网络] 抽搐,,,,,0,0,,,
tweies,,,[网络] tw。。,,,,,0,0,,,
tweine,,,[网络] 游行组织者之一图恩；图恩,,,,,0,0,,,
tweis,,,[网络] 帝威斯；环境信息系统,,,,,0,0,,,
twelf,,,[网络] 届台湾数位学习发展研讨会；届数位学习发展研讨会,,,,,0,0,,,
twelfe,,,[网络] 十二点,,,,,0,0,,,
twelfth,twelfθ,n. position 12 in a countable series of things\ns. coming next after the eleventh and just before the thirteenth in position,"num. 第十二, 十二分之一",m:100,4,,zk gk,6150,12592,s:twelfths,,
Twelfth Amendment,,,[网络] 第十二修正案；颁布第十二修正案,,,,,0,0,,,
Twelfth cake,,,[网络] 主显节糕饼,,,,,0,0,,,
Twelfth cakes,,,[网络] 十二蛋糕,,,,,0,0,,,
twelfth cranial nerve,twelfθ ˈkreinjəl nə:v,, [医]第十二脑神经，舌下神经,,,,,0,0,s:twelfth cranial nerves,,
twelfth cranial nerves,,, [医]第十二脑神经，舌下神经\n(twelfth cranial nerve 的复数),,,,,0,0,0:twelfth cranial nerve/1:s,,
Twelfth Day,,,主显节（耶诞节后第十二天）,,,,,0,0,s:twelfth days,,
twelfth days,,,主显节（耶诞节后第十二天）,,,,,0,0,0:twelfth day/1:s,,
twelfth grade,,,[网络] 十二年级,,,,,0,0,,,
twelfth grades,,,高三\n十二年级,,,,,0,0,,,
twelfth man,,,[网络] 图尔温斯曼；图尔文斯曼,,,,,0,0,,,
Twelfth Night,,,主显节前夕,,,,,0,0,s:twelfth nights,,
Twelfth Nights,,,Twelfth Night\n【宗教】主显节前夜，显现节前夜；主显节(或显现节)之夜,,,,,0,0,0:twelfth night/1:s,,
twelfth part,,,[网络] 第十二部分,,,,,0,0,s:twelfth parts,,
twelfth parts,,,twelfth part\n十二分之一,,,,,0,0,0:twelfth part/1:s,,
twelfth-,twelfθ,,adj. 第十二的，第十二个的；十二分之一的\nn. 第十二；月的第十二日,,,,,0,0,s:stswseslsfstshs-s,,
Twelfth-cake,'twelfθkeik,n. An ornamented cake distributed among friends or\n   visitors on the festival of Twelfth-night.,n. 主显节糕饼,,,,,0,0,,,
Twelfth-day,,,[网络] 第十二天；耶诞节后第十二天的主显节；基督教圣烛节,,,,,0,0,,,
Twelfth-eve,,,[网络] 十二日,,,,,0,0,,,
Twelfth-even,,,[网络] 十二号,,,,,0,0,,,
twelfth-floor,,,[网络] 十二楼；第十二层,,,,,0,0,,,
twelfth-grade,,,[网络] 十二年级,j:100,,,,0,0,,,
twelfth-grader,,,[网络] 十二年级\n(twelfth-grade 的比较级),,,,,0,0,,,
twelfth-gradest,,,[网络] 十二年级\n(twelfth-grade 的最高级),,,,,0,0,,,
Twelfth-night,,,n. 主显节之夜或前夕\nadj. 主显节前夕的,,,,,0,0,,,
twelfth-year molar,,,"[医] 第二恒磨牙, 十二岁磨牙",,,,,0,0,,,
twelfth-year teeth,,,"[医] 十二岁牙, 第二磨牙, 第二臼齿",,,,,0,0,,,
twelfther,twelfθ,,adj. 第十二的；十二分之一的\nn. 第十二(个)；十二分之一，1／12,,,,,0,0,,,
twelfthest,twelfθ,,adj. 第十二的；十二分之一的\nn. 第十二(个)；十二分之一，1／12,,,,,0,0,,,
twelfthic,,,[网络] 十二生肖,,,,,0,0,,,
twelfthly,'twelfθli,,adv. 在第十二,,,,,0,0,,,
twelfths,twelfθs,n position 12 in a countable series of things\nn one part in twelve equal parts,"n. （与the连用）第十二（个）, 月的第十二日( twelfth的名词复数 )\nv. 第十二( twelfth的第三人称单数 ); 第十二的, 第十二个的; 十二分之一的; （与the连用）第十二（个）, 月的第十二日",,,,,18325,0,0:twelfth/1:s,,
Twelfthtide,"'twelfθ,taid",n the season of Epiphany,"n. [宗]主显节节期(指主显节的前夕至主显节当日), 主显节",,,,,0,0,s:twelfthtides,,
twelfthtides,"'twelfθ,taid",,n. 主显节节期（指主显节的前夕至主显节当日）；主显节（等于Twelfth Day）,,,,,0,0,0:twelfthtide/1:s,,
twelfty,,,[网络] 十二点,,,,,0,0,,,
twell,,,[网络] 扭曲,,,,,0,0,,,
twellman,,,[网络] tweetman,,,,,0,0,,,
Twello,,,[地名] 特韦洛 ( 荷 ),,,,,0,0,,,
twelt,,,[网络] 斜纹,,,,,0,0,,,
twelter aithe,,,[网络] 。ter。,,,,,0,0,,,
twelth,,,[网络] 第十二,,,,,0,0,,,
twelve,twelv,n. the cardinal number that is the sum of eleven and one\ns. denoting a quantity consisting of 12 items or units,"num. 十二, 十二个",m:100,5,,zk gk,1447,3218,s:twelves,,
twelve - step program,,,[网络] 十二步项目；步读秳；步疗法,,,,,0,0,,,
Twelve Apostles,,,n. 耶稣的十二信徒,,,,,0,0,,,
twelve bar rhythm,,,十二小节节奏,,,,,0,0,,,
twelve bar sentence,,,十二小节乐句,,,,,0,0,,,
twelve channels,,,十二经脉,,,,,0,0,,,
Twelve Days of Christmas,,,[网络] 圣诞节的十二天；圣诞的十二天；海事博物馆圣诞十二日,,,,,0,0,,,
twelve edge,,,十二边,,,,,0,0,,,
twelve hundred,,,[网络] 一千二百；十二个一百,,,,,0,0,,,
twelve inch,,,"12英寸单曲唱片[亦作 12-inch, 参较 seven-inch]",,,,,0,0,,,
Twelve Mile L.,,,[地名] 十二英里湖 ( 加 ),,,,,0,0,,,
twelve month yam,,,黄薯,,,,,0,0,,,
twelve noon,,,[网络] 中午十二点；十二点正,,,,,0,0,s:twelve noons,,
twelve noons,,,[网络] 中午十二点；十二点正\n(twelve noon 的复数),,,,,0,0,0:twelve noon/1:s,,
twelve note,,,adj. 十二音\n[网络] 十二音的,,,,,0,0,,,
twelve note music,,,十二分音符法,,,,,0,0,,,
twelve o'clock,,,[网络] 十二点；十二点钟；中午十二点,,,,,0,0,,,
twelve ordinate scheme,,,[网络] 十二纵表格式,,,,,0,0,,,
twelve point socket wrench,,,十二方套筒扳手,,,,,0,0,,,
twelve point sphere,,,十二点球(形),,,,,0,0,,,
twelve ponit sphere,,,[数] 十二点球（形）,,,,,0,0,,,
twelve principles of efficiency,,,效率十二原则,,,,,0,0,,,
twelve punch,,,十二穿孔;十二行穿孔,,,,,0,0,,,
twelve regular channels,,,十二经脉,,,,,0,0,,,
twelve ring,,,十二节环,,,,,0,0,,,
twelve row precision drill,,,un. 十二行精密播种机,,,,,0,0,,,
twelve step,,,12步治疗方案的[亦作 12-step],,,,,0,0,,,
Twelve Step program,,,[网络] 十二步项目；步读秳；步疗法,,,,,0,0,,,
twelve stepper,,,twelve step\n12步治疗方案的[亦作 12-step],,,,,0,0,,,
twelve steppers,,,[网络] 十二步,,,,,0,0,,,
twelve tables,,,[法] 十二个铜表法,,,,,0,0,,,
twelve techniques of needling,,,十二刺,,,,,0,0,,,
twelve tone,,,[网络] 十二平均律；十二音技法；十二平均律作曲法,,,,,0,0,,,
Twelve Tribes of Israel,,,[网络] 以色列十二支派,,,,,0,0,s:twelve tribes of israels,,
twelve tribes of israels,,,[网络] 以色列十二支派\n(twelve tribes of israel 的复数),,,,,0,0,0:twelve tribes of israel/1:s,,
twelve two maraging steel,,,[网络] 十二-二镍锰马氏体时效钢,,,,,0,0,,,
twelve virgins' dance (greece),,,十二童女舞(希腊),,,,,0,0,,,
twelve years,,, [医]一纪,,,,,0,0,,,
twelve-,twelv,,n. 十二；十二个\nnum. 十二；十二个\nadj. 十二的；十二个的,,,,,0,0,s:stswseslsvses-s,,
twelve-and-a-half,,,[网络] 十二个半,,,,,0,0,,,
twelve-bar,t'welvb'ɑːr,,十二杆,j:100,,,,0,0,s:twelve-bars,,
twelve-bar blues,,,[网络] 布鲁斯音乐,,,,,0,0,,,
twelve-bars,,,十二杆\n(twelve-bar 的复数),,,,,0,0,0:twelve-bar/1:s,,
twelve-cylinder,,,十二缸,,,,,0,0,s:twelve-cylinders,,
twelve-cylinders,,,十二缸\n(twelve-cylinder 的复数),,,,,0,0,0:twelve-cylinder/1:s,,
twelve-day fever Of Nigeria,,,[医] 尼日利亚十二日热(类登革热或类斑疹伤寒),,,,,0,0,,,
twelve-direction mixing unit,,,十二路混合设备,,,,,0,0,,,
twelve-fifteen,,,n. 十二点十五,,,,,0,0,,,
twelve-fifty,,,[网络] 十二点五十分,,,,,0,0,,,
twelve-fold,'twelvfəʊld,,adj. 十二倍的\nadv. 十二倍地,,,,,0,0,,,
twelve-forty,,,[网络] 十二点四十,,,,,0,0,,,
twelve-high mill,,,十二辊轧机,,,,,0,0,,,
twelve-hour,t'welv'aʊər,,adj. 12小时的,j:100,,,,0,0,s:twelve-hours,,
twelve-hours,,,[网络] 十二时,,,,,0,0,0:twelve-hour/1:s,,
twelve-inch,,,[网络] 十二寸,j:100,,,,0,0,s:twelve-inches,,
twelve-incher,,,[网络] 十二岁,,,,,0,0,,,
twelve-inches,,,[网络] 十二寸\n(twelve-inch 的复数),,,,,0,0,0:twelve-inch/1:s,,
twelve-membered ring,,,[化] 十二元环,,,,,0,0,,,
twelve-men,,,[网络] 十二个男人；十二个人,,,,,0,0,,,
twelve-mile,,,[网络] 十二英里；夫米；里街,,,,,0,0,s:twelve-miles,,
twelve-mile limit,,,十二海里界限,,,,,0,0,,,
twelve-miles,,,[网络] 十二英里；夫米；里街\n(twelve-mile 的复数),,,,,0,0,0:twelve-mile/1:s,,
twelve-mo,,,[印刷] 十二开本,,,,,0,0,,,
twelve-month,'twelvmʌnθ,,n. 一年（英式英语）,,,,,0,0,s:twelve-months,,
twelve-month-old,t'welvm'ʌnθ'əʊld,,adj. 12个月的,,,,,0,0,,,
twelve-months,,,[网络] 十二个月；十二个月名称；十二个月用,,,,,0,0,0:twelve-month/1:s,,
twelve-note,'twelvnәjt,,"a. (=twelve-tone)十二音的, 十二音制的",,,,,0,0,,,
twelve-note row,,,[英国英语] = twelve-tone row,,,,,0,0,,,
twelve-notes scale,,,十二音音阶,,,,,0,0,,,
twelve-ordinate scheme,,,十二纵标格式,,,,,0,0,,,
twelve-ounce curls,,,[网络] 十二盎司卷发,,,,,0,0,,,
twelve-pack,,"simply someone, some action, some event, something that is absolutely awesome... but only in the way that it is absolutely awesome to laugh at the expense of ""twelve pack"", of 'i love new york', 'i love money', and 'daisy of love' reality television fame.\n\nlike,,, the same way the eighties were awesome.\r\ntypically used to mock species of the genus; australopithecus overcompensater bag\n> <that was totally twelve pack>\n> <those white electric sunglasses are fully twelve pack>\n> <this bar is fucking twelve pack>\n> <when you try to dress like justin timberlake, but end up looking like a jonas brother. you aspire to be twelve pack>\n> <i never realized it before, but bono is kinda twelve pack>\n> <the movie top gun____ twelve pack!!>\n",,,,,,0,0,,,
twelve-packs,,,[网络] 十二支组,,,,,0,0,,,
twelve-part canon,,,十二部卡农,,,,,0,0,,,
twelve-penny nail,,,[网络] 十二分钉,,,,,0,0,,,
twelve-point,,,[网络] 十二点；十二棱头,,,,,0,0,,,
twelve-point head,,,十二方头,,,,,0,0,,,
twelve-point nut,,,十二方螺母,,,,,0,0,,,
twelve-pulse bridge,,,十二脉冲桥,,,,,0,0,,,
twelve-pulse line-frequency converters,,,十二脉波线频率转换器,,,,,0,0,,,
twelve-punch,,,第12位穿孔,,,,,0,0,,,
twelve-row precision drill,,,十二行精密播种机,,,,,0,0,,,
twelve-sided,,,[网络] 十二面,,,,,0,0,,,
twelve-spotted asparagus beetle,,,石刁柏十二星叶甲,,,,,0,0,,,
twelve-step,,,[网络] 步,j:100,,,,0,0,,,
twelve-step program,,,[网络] 步；步骤戒酒方案；十二步项目,,,,,0,0,,,
twelve-step programs,,,twelve-step program\n[美国英语]12步治疗方案,,,,,0,0,,,
twelve-stepper,'twelvstep,,twelve-stepper\nn.\ntwelvestep的变形\ntwelvestep\n['twelvstep]\nvt.\n[美国英语]\n以12步疗法治疗…\n一步步达到…的目的；有步骤地达到…目的：\nI'm sure we will twelve-step our way out of the difficulties.\n我坚信我们会一步步摆脱困境的。,,,,,0,0,,,
twelve-steppers,'twelvstep,,twelve-stepper\nn.\ntwelvestep的变形\ntwelvestep\n['twelvstep]\nvt.\n[美国英语]\n以12步疗法治疗…\n一步步达到…的目的；有步骤地达到…目的：\nI'm sure we will twelve-step our way out of the difficulties.\n我坚信我们会一步步摆脱困境的。,,,,,0,0,,,
twelve-string guitar,,,[网络] 十二弦吉他；十二弦结他,,,,,0,0,,,
twelve-thirty,,,n. 十二点半,m:100,,,,0,0,,,
twelve-tone,'twelvtәjn,,a. 十二音体系的,,,,,0,0,s:twelve-tones,,
twelve-tone music,,,[网络] 十二音音乐；十二音列,,,,,0,0,s:twelve-tone musics,,
twelve-tone musics,,,[网络] 十二音音乐；十二音列\n(twelve-tone music 的复数),,,,,0,0,0:twelve-tone music/1:s,,
twelve-tone row,,,【音乐】十二音音列( = tone ron)[亦作 twelve-note-row],,,,,0,0,,,
twelve-tone scale,,,[网络] 十二平均律,,,,,0,0,,,
twelve-tone system,ˈtwelvtəun ˈsistəm,,n. 十二音制,,,,,0,0,s:twelve-tone systems,,
twelve-tone systems,,,n. 十二音制\n(twelve-tone system 的复数),,,,,0,0,0:twelve-tone system/1:s,,
twelve-tone technique,,,[网络] 十二音技法；十二音列；十二音技巧,,,,,0,0,,,
twelve-tones,'twelvtəun,,twelve-tone\n['twelvtəun]\nadj.\n【音乐】\n十二音的，十二音体系的\n运用十二音体系的,,,,,0,0,0:twelve-tone/1:s,,
twelve-weeks,,,[网络] 十二个星期；十二周了,,,,,0,0,,,
Twelve-Wired,,,十二线,,,,,0,0,,,
twelve-wired bird of paradise,,,十二弦风鸟,,,,,0,0,,,
twelve-year compulsory education,,,十二年国民义务教育,,,,,0,0,,,
twelve-year-old,t'welvj'ɜːr'əʊld,,adj. 十二岁的,j:86/n:14,,,,0,0,s:twelve-year-olds,,
twelve-year-olds,,plural of twelve-year-old,(twelve-year-old 的复数) adj. 十二岁的,,,,,0,0,0:twelve-year-old/1:s,,
twelvefold,'twelvfәuld,,a. 十二倍的,,,,,0,0,,,
twelvefoldness,,,[网络] 十二点,,,,,0,0,,,
twelveish,,,[网络] 十二点,,,,,0,0,,,
twelvemo,-mәu,a. & n. See Duodecimo.,n. 十二开,,,,,0,0,,,
twelvemonth,,n a period of time containing 365 (or 366) days,n. 一年,,,,,0,0,s:twelvemonths,,
twelvemonths,'twelv.mʌnθ,,na. 〈英〉十二个月\n[网络] 一年,,,,,0,0,0:twelvemonth/1:s,,
twelvemos,,,n. 十二开 (twelvemo的变形),,,,,0,0,,,
twelveness,,,[网络] 双胞胎,,,,,0,0,,,
twelvepence,t'welvpəns,"n. A shilling sterling, being about twenty-four cents.",n. 先令（英货币单位）,,,,,0,0,,,
twelvepenny,'twelvpәni,a. Sold for a shilling; worth or costing a shilling.,a. [史]值12便士的,,,,,0,0,,,
twelvepenny nail,,,[网络] 十二点钉子,,,,,0,0,,,
twelver,,,[网络] 十二伊玛目派；十二人；十二什叶凄,,,,,0,0,,,
Twelvers,,,[网络] 十二人派；发派；十二伊玛目派,,,,,0,0,,,
twelves,twelvz,n. the cardinal number that is the sum of eleven and one,"n. 十二, 12( twelve的复数形式 ); 十二的, 十二个的\nv. 十二, 12( twelve的第三人称单数 ); 十二的, 十二个的",,,,,0,0,0:twelve/1:s,,
twelvescore,,,[网络] 双向核心,,,,,0,0,,,
twelvesies,,,[网络] 两个人,,,,,0,0,,,
twelvesome,,,[网络] 十足的,,,,,0,0,,,
twelvesomes,,,[网络] 双胞胎,,,,,0,0,,,
twelvest,twelv,,twelve\n[twelv]\nn.\n十二;12;XII\n十二个(人或物)\n十二个(人或物)一组；一打\n十二点钟\n十二岁\n十二世纪\n12号尺码的衣服(或鞋等)\n十二英寸炮\n[the Twelve]【宗教】(耶稣的)十二使徒\n[复数] = twelvemo\nadj.\n十二的；十二人的；十二个的\n短语:\nin twelves\n【印刷】十二开\nstrike twelve\n达到最高目标；获得很大成就；表现出全部的才能,,,,,0,0,,,
twelvestep,'twelvstep,,vt. [美国英语]；以12步疗法治疗…；一步步达到…的目的；有步骤地达到…目的,,,,,0,0,,,
twelveteen,,"A 10-12yr old girl who dresses, acts and talks like a mid-teenager. Charecterised by short skirts heels and boob-tubes, despite the lack of hips and breasts.\n> Check out the twelveteen bird over there!\n",,,,,,0,0,,,
twelveth,,,[网络] 第十二；第十二个；第九,,,,,0,0,,,
twelvethirty,,,n. 十二点半\n[网络] 十二时半；下午十二点三十；随心所欲,,,,,0,0,,,
twelvetone,,,十二音体系的,,,,,0,0,,,
twelvish,,twelvish (not comparable)\n(informal) Of about twelve years of age.\n\n\ntwelvish (uncountable)\n(colloquial) Any time close to 12 o'clock.\n,,,,,,0,0,,,
twen,,,[网络] 屯；一代淫后骆冰由作者；豚,,,,,0,0,,,
twenge,,,[网络] 扭曲,,,,,0,0,,,
twenny,,Another pronunciation of Twenty\n> I got like two hundred an' twenny dollars in my account\n,,,,,,0,0,,,
twente,,,[网络] 川迪；荷兰特温特；荷兰特文特,,,,,0,0,s:twentes,,
Twentekanaal,,,[地名] 特文特运河 ( 荷 ),,,,,0,0,,,
twenter,,,[网络] 扭曲,,,,,0,0,,,
twentes,,,[网络] 川迪；荷兰特温特；荷兰特文特\n(twente 的复数),,,,,0,0,0:twente/1:s,,
twentie,,,[网络] 二十岁,,,,,0,0,,,
twentier,'twentɪ,,n. 二十；20；XX；第二十\nadj. 二十的；二十个的；许多的，大量的,,,,,0,0,,,
twenties,,n. the time of life between 20 and 30\nn. the decade from 1920 to 1929,n. 二十几岁；一生中20至29岁的十年；二十年代（1920年到1929年的时期）,,,,,0,0,0:twenty/s:twentiess,,
twentiess,'twenti,,twenties\nn.\ntwenty的变形\ntwenty\n['twenti]\nn.\n二十；20；XX\n第二十\n二十个；二十个人(或物)一组\n20点钟(即下午8点)\n20号尺码的衣服(或鞋等)\n[复数]20年代1920年到1929年的时期\n20岁；[复数]20岁至29岁期间\n[美国口语]二十美元钞票\n[英国口语]二十英镑钞票\n许多，大量\n[美国俚语]住所；位置\nadj.\n二十的；二十个的\n许多的，大量的\n变形：\nn.\ntwenties,,,,,0,0,0:twenties/1:s,,
twentiest,'twentɪ,,n. 二十；20；XX；第二十\nadj. 二十的；二十个的；许多的，大量的,,,,,0,0,,,
twentieth,'twentiiθ,n. position 20 in a countable series of things\ns. coming next after the nineteenth in position,"num. 第二十, 二十分之一",m:100,4,,zk gk,3802,4889,s:twentieths,,
twentieth century,,, [电影]二十世纪快车,,,,,0,0,,,
Twentieth Century-Fox Film Corporation,,,[网络] 世纪福克斯电影公司；二十世纪福克斯电影公司,,,,,0,0,,,
Twentieth Congress of the Communist Party of the Soviet Union,,,苏联共产党第二十次代表大会,,,,,0,0,,,
twentieth man,,,(澳大利亚式橄榄球的)第二替补队员,,,,,0,0,,,
twentieth of a point,,,[网络] 一个点,,,,,0,0,,,
twentieth-,ˈtwentiəθ,,n. 二十分之一\nadj. 第二十的；二十分之一的\nnum. 第二十,,,,,0,0,s:stswsesnstsisestshs-s,,
twentieth-centuries,,plural of twentieth-century,(twentieth-century 的复数) 20世纪,,,,,0,0,0:twentieth-century/1:s,,
twentieth-century,,,20世纪,j:100,,,,0,0,s:twentieth-centuries,,
twentiethcentury,,,[网络] 二十世纪,,,,,0,0,,,
twentiethly,,,[网络] 第二十,,,,,0,0,,,
twentieths,ˈtwenti:ɪθs,n. position 20 in a countable series of things,"n. 第二十个( twentieth的复数形式 ); 二十分之一\nv. 第二十个( twentieth的第三人称单数 ); 二十分之一; 第二十的, 第二十个的; 二十分之一的",,,,,0,0,0:twentieth/1:s,,
Twents,,,[网络] 二十,,,,,0,0,,,
twenty,'twenti,n. the cardinal number that is the sum of nineteen and one\ns. denoting a quantity consisting of 20 items or units,"num. 二十, 二十个",m:100,5,,zk gk,605,2086,s:twenties,,
twenty - first century,,,[网络] 世纪；二十一世纪报,,,,,0,0,,,
twenty - foot equivalent unit,,,[网络] 标准箱；尺标准箱；20尺标准货柜,,,,,0,0,,,
twenty - four hours,,,[网络] 二十四小时；小时反恐任务；珍惜今日,,,,,0,0,,,
twenty - four seven,,,[网络] 每时每刻；霍斯金斯；日日夜夜,,,,,0,0,,,
twenty dollar bill,,,[网络] 二十元纸币,,,,,0,0,s:twenty dollar bills,,
twenty dollar bills,,,[网络] 二十元纸币\n(twenty dollar bill 的复数),,,,,0,0,0:twenty dollar bill/1:s,,
twenty equivalent unit,,,[网络] 标准集装箱；二十尺集装箱换算单位；二十尺货柜当量,,,,,0,0,,,
twenty feet equivalent unit(teu),,,二十呎货柜当量,,,,,0,0,,,
twenty first,,, 第二十一,,,,,0,0,,,
twenty five,,,"na. 【曲,橄】距(球门)25码界线(以内)\n[网络] 二十五；廿五；麦角酰二乙胺",,,,,0,0,,,
twenty five yards line,,,二十五码线,,,,,0,0,,,
twenty four,,,na. 【印】24开(本)\n[网络] 二十四；廿四铜钿吞的福；廿四铜板吞的福,,,,,0,0,,,
twenty four hour clock,,,[网络] 二十四小时制,,,,,0,0,,,
twenty four hours,,,[网络] 二十四小时；小时反恐任务；珍惜今日,,,,,0,0,,,
twenty four hours clauses,,,二十四时条款,,,,,0,0,,,
Twenty four Hours Rule,,,[网络] 二十四小时规则,,,,,0,0,,,
twenty four seven,,,[网络] 每时每刻；霍斯金斯；日日夜夜,,,,,0,0,,,
twenty four solar terms?,,,二十四节气,,,,,0,0,,,
twenty fourmo,,,n. 24开本,,,,,0,0,,,
twenty hundred,,,[网络] 二百,,,,,0,0,,,
Twenty Mule Canyon,,,[地名] 二十头骡峡谷 ( 美 ),,,,,0,0,,,
twenty nail dystrophy of childhood,,,儿童期20个指甲失养,,,,,0,0,,,
twenty one,,,[网络] 二十一；二十一到三十的英文；二十一号,,,,,0,0,,,
twenty payment life,,,[网络] 二十年期缴费终身寿险,,,,,0,0,,,
twenty pence,,, 20便士硬币,,,,,0,0,,,
twenty percent,,,[网络] 百分之二十；八折,,,,,0,0,s:twenty percents,,
twenty percents,,,百分之二十,,,,,0,0,0:twenty percent/1:s,,
twenty questions,,,[网络] 二十个问题；二十问；知错能改,,,,,0,0,,,
twenty second,,,[网络] 第二十二；第二十二章,,,,,0,0,,,
twenty ten,,,[网络] 标准板型,,,,,0,0,,,
twenty thousand,,,[网络] 两万；二万；二十万,,,,,0,0,,,
Twenty three skidoo,,,[网络] 出发,,,,,0,0,,,
twenty to,,,[网络] 二十到,,,,,0,0,,,
twenty to seven,ˈtwenti: tu: ˈsevən,, 七点差二十分,,,,,0,0,,,
twenty twenty,,,adj. 【眼】20/20的\n[网络] 二十；表演者,,,,,0,0,,,
twenty two,,,[网络] 二十二；二十二号,,,,,0,0,,,
twenty winks,,,[网络] 二十眨眼,,,,,0,0,,,
twenty years,,,[网络] 二十年；二十年过去了；二十年了,,,,,0,0,,,
twenty's,,,[网络] 二十世纪,,,,,0,0,,,
twenty-,'twenti,,n. 二十几；二十年代\nnum. 二十\n[网络] 二十个；廿；第二十,,,,,0,0,s:stswsesnstsys-s,,
twenty-dollar,,,[网络] 二十美元的启示；二十元,j:100,,,,0,0,s:twenty-dollars,,
twenty-dollars,,,20美元,,,,,0,0,0:twenty-dollar/1:s,,
twenty-eight,t'wenti:'eɪt,n the cardinal number that is the sum of twenty-seven and one\ns being eight more than twenty, 二十八,m:100,,,,0,0,s:twenty-eights,,
twenty-eight lunar mansions,,,二十八宿,,,,,0,0,,,
twenty-eighth,,,[网络] 第二十八；第二十八日；第二十九,m:100,,,,0,0,,,
twenty-eighths,,,[网络] 二十八分之一,,,,,0,0,,,
twenty-eights,,, 二十八\n(twenty-eight 的复数),,,,,0,0,0:twenty-eight/1:s,,
twenty-eleven,ˈtwenti: ɪˈlevən,,n. 〈非正式，口〉2011年,,,,,0,0,,,
twenty-feet equivalent unit,,,二十英尺等量单位,,,,,0,0,,,
twenty-fifth,,s coming next after the twenty-fourth in position,第二十五,m:100,,,,0,0,s:twenty-fifths,,
Twenty-Fifth Amendment,,,[网络] 第二十五修正案,,,,,0,0,,,
twenty-fifths,,,[网络] 二十五分之一,,,,,0,0,0:twenty-fifth/1:s,,
twenty-first,ˈtwenti: fə:st,s coming next after the twentieth in position, 第二十一,m:100,,,,0,0,,,
twenty-first century,,,生活在21世纪的,,,,,0,0,,,
twenty-first century communications and video accessibility act of 2010,,,{美国}2010年二十一世纪通讯与视讯无障碍法,,,,,0,0,,,
twenty-first-century,,,[网络] 二十一世纪；廿一世纪饭店；第二十一,j:100,,,,0,0,,,
twenty-firstcentury,,,[网络] 二十一世纪；廿一世纪饭店；第二十一,,,,,0,0,,,
twenty-firster,'twenti'fə:st,,adj.\n第二十一的\n二十一分之一的\nn.\n第二十一\n二十一分之一；1／21\n(月的)第二十一日\n21岁生日,,,,,0,0,,,
twenty-firstly,,,[网络] 二十一,,,,,0,0,,,
twenty-firsts,'twenti'fə:st,,num. 第二十一,,,,,0,0,0:twenty-first,,
twenty-five,'twentɪfaɪv,n the cardinal number that is the sum of twenty-four and one\ns being five more than twenty, [医][=LSD-25]麦角酰二乙胺; 25,m:100,,,,0,0,s:twenty-fives,,
twenty-five past,,,[网络] 二十五岁,,,,,0,0,,,
twenty-five percent,,,[网络] 百分之二十五；四分之一,,,,,0,0,s:twenty-five percents,,
twenty-five percent rule,,,(美国)百分之二十五规则(用于市政债券分析),,,,,0,0,,,
twenty-five percents,,,[网络] 百分之二十五；四分之一\n(twenty-five percent 的复数),,,,,0,0,0:twenty-five percent/1:s,,
twenty-five to,,,[网络] 二十五到,,,,,0,0,,,
twenty-five-eight,,,[网络] 二十五八,,,,,0,0,,,
twenty-five-percent,,,[网络] 百分之二十五；四分之一,,,,,0,0,,,
twenty-five-thousander,,,[网络] 二十五岁,,,,,0,0,,,
twenty-five-thousanders,,,[网络] 二十五千人,,,,,0,0,,,
twenty-fives,",twɛntɪ'faɪv",,num. 二十五,,,,,0,0,0:twenty-five/1:s,,
twenty-fold,,,[网络] 二十倍的,,,,,0,0,,,
twenty-foot equivalent unit,,,二十英尺当量单位,,,,,0,0,,,
twenty-foot-equivalent unit,,,[计量] 二十英尺等量单位,,,,,0,0,,,
twenty-four,t'wenti:f'ɔ:r,n the cardinal number that is the sum of twenty-three and one\ns being four more than twenty,num. 二十四,m:100,,,,0,0,s:twenty-fours,,
twenty-four carat,'twenti'fɔ:,,(钻石等)24克拉的；[口语]纯粹的；无瑕的,,,,,0,0,,,
twenty-four fortnightly periods,,,二十四节气,,,,,0,0,,,
twenty-four hour,,,[网络] 二十四小时,,,,,0,0,,,
twenty-four hour clock,,,[网络] 二十四小时制,,,,,0,0,,,
twenty-four hour period,,,[网络] 二十四小时,,,,,0,0,s:twenty-four hour periods,,
twenty-four hour periods,,,[网络] 二十四小时\n(twenty-four hour period 的复数),,,,,0,0,0:twenty-four hour period/1:s,,
twenty-four hours,,,[网络] 小时；二十四小时反恐；珍惜今日,,,,,0,0,s:twenty-four hourss,,
twenty-four hours a day,,,[网络] 在每一天的二十四小时里；一天中的二十四小时；小时,,,,,0,0,,,
twenty-four hourss,,,[网络] 小时；二十四小时反恐；珍惜今日\n(twenty-four hours 的复数),,,,,0,0,0:twenty-four hours/1:s,,
twenty-four seven,,," 一天二十四小时, 一星期七天（用以表示“全天候”）",,,,,0,0,,,
twenty-four solar terms,,,二十四节气,,,,,0,0,,,
twenty-four-hour banking,,,二十四小时银行服务,,,,,0,0,,,
twenty-four-hour clause,,,(保险)二十四小时条款,,,,,0,0,,,
twenty-four-hour clock,,,[网络] 二十四小时制,,,,,0,0,,,
twenty-four-hour orbit,,,二十四时轨道,,,,,0,0,,,
twenty-four-hour satellite,,,二十四时人造卫星,,,,,0,0,,,
twenty-four-hours,,,珍惜今日（文章名）,,,,,0,0,,,
twenty-four-seven,,,[网络] 每时每刻；随时随刻；全天的,,,,,0,0,,,
twenty-fourmo,'twentimәj,"a. Having twenty-four leaves to a sheet; as, a\n   twenty-fourmo form, book, leaf, size, etc.\nn. A book composed of sheets, each of which is folded\n   into twenty-four leaves; hence, indicating more or less definitely a\n   size of book whose sheets are so folded; -- usually written 24mo, or\n   24�.","n. 二十四开, 二十四开本\na. 二十四开的",,,,,0,0,,,
twenty-fourmos,,,n. twenty-fourmo的变形,,,,,0,0,,,
twenty-fours,,,num. 二十四\n(twenty-four 的复数),,,,,0,0,0:twenty-four/1:s,,
twenty-fourth,,,[网络] 第二十四；第二十四日；依次类推,m:100,,,,0,0,s:twenty-fourths,,
twenty-fourths,,,[网络] 二十四分之一,,,,,0,0,0:twenty-fourth/1:s,,
twenty-high roll mill,,,二十辊冷轧机,,,,,0,0,,,
twenty-high rolling mill,,,二十辊轧机,,,,,0,0,,,
twenty-hour,t'wentiː'aʊər,,adj. 20小时的,,,,,0,0,,,
twenty-minute egg,,,[网络] 二十分钟的鸡蛋,,,,,0,0,,,
twenty-minute eggs,,,[网络] 二十分钟的鸡蛋,,,,,0,0,,,
twenty-nail dystrophy,,,20甲营养不良,,,,,0,0,,,
twenty-nine,t'wenti:n'aɪn,n the cardinal number that is the sum of twenty-eight and one\ns being nine more than twenty, 二十九,m:100,,,,0,0,s:twenty-nines,,
twenty-nine feature code,,,廿九特征码,,,,,0,0,,,
twenty-niner,,,[网络] 二十岁,,,,,0,0,,,
twenty-niners,,,[网络] 二十九名,,,,,0,0,,,
twenty-nines,,, 二十九\n(twenty-nine 的复数),,,,,0,0,0:twenty-nine/1:s,,
twenty-ninth,,,[网络] 第二十九；第二十九日,m:100,,,,0,0,,,
twenty-ninths,,,[网络] 二十九分,,,,,0,0,,,
twenty-odd,,,二十多个,j:100,,,,0,0,,,
twenty-one,,n. the cardinal number that is the sum of twenty and one\ns. being one more than twenty,"num. 二十一, 二十一个\nn. 二十一, 二十一个, 二十一点牌戏",m:100,,,,0,0,s:twenty-ones,,
twenty-one (21) cm radiation,,,21公分辐射,,,,,0,0,,,
Twenty-one Demands,,,二十一条,,,,,0,0,,,
twenty-one hundred,,,[网络] 二百一十,,,,,0,0,,,
twenty-one-years,,,[网络] 二十一年了,,,,,0,0,,,
twenty-ones,'twenti'wʌn,,num. 二十一\nn. 二十一点纸牌游戏\nadj. 二十一的,,,,,0,0,0:twenty-one/1:s,,
twenty-oneth,,,[网络] 二十岁,,,,,0,0,,,
twenty-past,,,[网络] 二十岁,,,,,0,0,s:twenty-pasts,,
twenty-pasts,,,[网络] 二十岁\n(twenty-past 的复数),,,,,0,0,0:twenty-past/1:s,,
twenty-percent,,,[网络] 百分之二十；八折,,,,,0,0,,,
twenty-percent cushion rule,,,(美国)百分之二十垫层规则(用于市政债券分析),,,,,0,0,,,
twenty-percent rule,,,百分之二十规则(指客户须维持相当与借款额二成的存款),,,,,0,0,,,
twenty-pounds,,,[网络] 英镑,,,,,0,0,,,
twenty-second,ˌtwentɪ'sekənd,s coming next after the twenty-first in position,num. 第二十二,m:100,,,,0,0,s:twenty-seconds,,
twenty-seconds,,plural of twenty-second\ns coming next after the twenty-first in position,(twenty-second 的复数) num. 第二十二,,,,,0,0,0:twenty-second/1:s,,
twenty-seven,t'wenti:s'evn,n the cardinal number that is the sum of twenty-six and one\ns being seven more than twenty, 二十七,m:100,,,,0,0,s:twenty-sevens,,
twenty-sevens,,, 二十七\n(twenty-seven 的复数),,,,,0,0,0:twenty-seven/1:s,,
twenty-seventh,,,[网络] 第二十七；第二十七日；成的,m:100,,,,0,0,,,
twenty-sevenths,,,[网络] 二十七,,,,,0,0,,,
twenty-six,t'wenti:s'ɪks,n the cardinal number that is the sum of twenty-five and one\ns being six more than twenty, 二十六,m:100,,,,0,0,s:twenty-sixes,,
twenty-sixes,,, 二十六\n(twenty-six 的复数),,,,,0,0,0:twenty-six/1:s,,
twenty-sixth,,,[网络] 第二十六；第二十六日,m:100,,,,0,0,,,
twenty-some,,,[网络] 二十多个,m:100,,,,0,0,,,
twenty-something,,,[网络] 二十几岁,m:100,,,,0,0,,,
twenty-somethings,,,[网络] 多岁,,,,,0,0,,,
twenty-third,ˌtwentɪ'θɜ:d,s coming next after the twenty-second in position, 第二十三,m:100,,,,0,0,,,
twenty-third amendment,,,[法] 第23次修正案,,,,,0,0,,,
twenty-thirds,,,[网络] 二十三分之二,,,,,0,0,,,
twenty-thousand,,,[网络] 两万；二万；二十万,,,,,0,0,,,
twenty-three,t'wenti:θr'i:,n the cardinal number that is the sum of twenty-two and one\ns being three more than twenty, 二十三,m:100,,,,0,0,s:twenty-threes,,
twenty-three hundred,,,[网络] 二百三十,,,,,0,0,,,
twenty-threes,'twenti'θri:,,"twenty-three\n['twenti'θri:]\ninterj.\n[美国俚语]滚蛋,走开[亦作 twenty-three skiddoo]",,,,,0,0,0:twenty-three/1:s,,
twenty-to,,,[网络] 二十到,,,,,0,0,,,
twenty-twenty,'twenti'twenti,"n. normal visual acuity, as measured by the ability to read charts at a distance of 20 feet",a. 视力正常的,,,,,0,0,,,
twenty-twenty hindsight,,,[网络] 二十二个后见之明,,,,,0,0,,,
twenty-twenty vision,ˈtwentiˈtwenti ˈviʒən,,n. 正常视力,,,,,0,0,,,
twenty-two,ˌtwentɪ'tu:,n the cardinal number that is the sum of twenty-one and one\nn a .22 caliber firearm (pistol or rifle)\ns being two more than twenty, 二十二,m:100,,,,0,0,s:twenty-twoes,,
twenty-two carat,,,(钻石等)22克拉的；[口语] = twenty-four carat (2.),,,,,0,0,,,
twenty-two hundred,,,[网络] 二百二十,,,,,0,0,,,
twenty-two pistol,,,[网络] 二十二把手枪,,,,,0,0,s:twenty-two pistols,,
twenty-two pistols,,,[网络] 二十二把手枪\n(twenty-two pistol 的复数),,,,,0,0,0:twenty-two pistol/1:s,,
twenty-two rifle,,,[网络] 二十二把步枪,,,,,0,0,s:twenty-two rifles,,
twenty-two rifles,,,[网络] 二十二把步枪\n(twenty-two rifle 的复数),,,,,0,0,0:twenty-two rifle/1:s,,
twenty-twoes,'twenti'tu,,num. 二十二,,,,,0,0,0:twenty-two/1:s,,
twenty-twos,,,[网络] 二十二；第二十二章；几十几的数词要加,,,,,0,0,,,
twenty-year-old,,,[网络] 二十岁,j:87/n:13,,,,0,0,s:twenty-year-olds,,
twenty-year-olds,,plural of twenty-year-old,(twenty-year-old 的复数) [网络] 二十岁,,,,,0,0,0:twenty-year-old/1:s,,
twenty-years,,,[网络] 二十年；二十年过去了；二十年了,,,,,0,0,,,
twentya,,,[网络] 二十岁,,,,,0,0,,,
twentyeight,,,[网络] 二十岁,,,,,0,0,,,
twentyfifth,,,[网络] 第二十五；第二十五章,,,,,0,0,,,
twentyfirst,,,n. 21 岁生日；21 岁生日庆典\n[网络] 第二十一,,,,,0,0,,,
twentyfive,,,"na. 【曲,橄】距(球门)25码界线(以内)\n[网络] 麦角酰二乙胺；图片",,,,,0,0,s:twentyfives,,
twentyfives,,plural of twentyfive,"(twentyfive 的复数) na. 【曲,橄】距(球门)25码界线(以内)\n[网络] 麦角酰二乙胺；图片",,,,,0,0,0:twentyfive/1:s3,,
twentyfold,'twentifәjld,a. Twenty times as many.,"a. 二十倍的,有二十部分的\nadv. 有二十倍地,二十重地",,,,,0,0,,,
Twentyfoot Equivalent Units,,,[网络] 换算箱,,,,,0,0,,,
twentyfour,,,na. 【印】24开(本)\n[网络] 特万体佛,,,,,0,0,,,
twentyfourmo,,,24开本(的书),,,,,0,0,,,
twentyfourmos,,,[网络] 二十多岁,,,,,0,0,,,
twentyfourth,,,[网络] 第二十四；二十四日；第二十四章,,,,,0,0,,,
twentyish,'twentiːɪʃ,,adj. 二十来岁的，二十岁开外的; 看上去有二十岁左右的,,,,,0,0,,,
Twentyman,,,[网络] 二十人,,,,,0,0,,,
twentyminute,,,[网络] 二十分钟,,,,,0,0,,,
twentymo,'twentimәj,,n. 二十开本\na. 二十开的,,,,,0,0,,,
twentyness,,,[网络] 二十,,,,,0,0,,,
twentynine,,,[网络] 二十九；廿九,,,,,0,0,,,
Twentynine Palms,,,[地名] 二十九棕榈村 ( 美 ),,,,,0,0,,,
twentynothing,'twentinʌθiŋ,,n. 无所事事的二十来岁的人,,,,,0,0,,,
twentyone,,,[网络] 条纹群；二十一到三十的英文；何旭洲,,,,,0,0,,,
twentypence,,,n. 20 便士硬币\n[网络] 二十便士；推广到五边,,,,,0,0,,,
twentypenny,'twentipəni,,adj.\n值20便士的\n(钉子)4英寸长的[略作20d],,,,,0,0,,,
twentyseven,,,[网络] 二十七；二十七杯茶；廿七,,,,,0,0,,,
twentysome,,,[网络] 青春,,,,,0,0,,,
twentysomething, 'twentisʌmθiŋ,,n. 二十而立（歌名）,j:32/n:68,,,,0,25148,s:twentysomethings,,
twentysomethings,,plural of twentysomething,(twentysomething 的复数) n. 二十而立（歌名）,,,,,0,0,0:twentysomething/1:s,,
twentythree,,,[网络] 积分给,,,,,0,0,s:twentythrees,,
twentythrees,,,[网络] 积分给\n(twentythree 的复数),,,,,0,0,0:twentythree/1:s,,
twentytwo,,,[网络] 二十二；二十二号,,,,,0,0,s:twentytwoes,,
twentytwoes,,,[网络] 二十二；二十二号\n(twentytwo 的复数),,,,,0,0,0:twentytwo/1:s,,
tweon,,,[网络] tweet,,,,,0,0,,,
tweople,,,[网络] 两个人,,,,,0,0,,,
twer (transient worker exposure problem),,,临时雇工曝露问题,,,,,0,0,,,
twere,twә,,"炉壁间, 鼓风管",,,,,0,0,,,
Twerk,,"The rhythmic gyrating of the lower fleshy extremities in a lascivious manner with the intent to elicit sexual arousal or laughter in ones intended audience\n> Hey Girl, lets Twerk on the dance floor.\n",,,,,,0,0,,,
twerka,,"twerkin in a burka\n> ""Dude... did you check out Fatima? Damn, does that girl know how to twerka"".\n",,,,,,0,0,,,
twerkas,,"twerkin in a burka\n> ""Dude... did you check out Fatima? Damn, does that girl know how to twerka"".\n",,,,,,0,0,,,
twerked,,"In reference to the controversial hip hop dance motion, twerking (when one positions their back side to be the most prominant body part by squatting and arching the back, then quickly manipulating the hip joint repetatively causing the butt to shake quickly) TWERKED is the verb reference when someone who is twerking approaches another individual and directs their buttox up to the person and begins to twerk. The individual facing the dancers backside is then ""being twerked"".\n> ""Dude, this hot chick came up to me on the dance floor and twerked me, then her boyfriend came and jacked me! I was just minding my business and SHE came and twerked ME - not my fault!""\n",,,,,,0,0,,,
twerker,,"A female at a party who hooks up with someone in front of everyone. Commonly a bitch, and extremely retarded.\n> Emily Hannon is a twerker, she hooked up with 4 guys in a 4 party span. That is one guy a party.\n",,,,,,0,0,,,
twerkers,,"A female at a party who hooks up with someone in front of everyone. Commonly a bitch, and extremely retarded.\n> Emily Hannon is a twerker, she hooked up with 4 guys in a 4 party span. That is one guy a party.\n",,,,,,0,0,,,
twerkin',,When a girl is rubbing her ass up and down or all over a poll.\r\n(Looks like she's trying to rub something off it.)\n> I know them hoes in the club they ain't twerkin fo free\n,,,,,,0,0,,,
twerking,,,[网络] 电臀舞；甩臀舞,,,,,0,0,,,
twerks,,"The rhythmic gyrating of the lower fleshy extremities in a lascivious manner with the intent to elicit sexual arousal or laughter in ones intended audience\n> Hey Girl, lets Twerk on the dance floor.\n",,,,,,0,0,,,
twerle,,,[网络] 用仪器,,,,,0,0,,,
twerp,twә:p,n. someone who is regarded as contemptible,"n. 讨厌的家伙, 蠢人",n:100,,,,39659,33219,s:twerps,,
twerpish,,"twerpish (comparative more twerpish, superlative most twerpish)\nCharacteristic of a twerp\n",,,,,,0,0,,,
twerps,twə:ps,n. someone who is regarded as contemptible,"n. 无用之人, 蠢人( twerp的复数形式 )",,,,,0,0,0:twerp/1:s,,
twerpy,,"What you call getting a virus from an online service like twitter.\n> Damn! All I wanted to do was microblog, and I caught twerpies.\n",,,,,,0,0,,,
twersky,,, [人名] 特韦尔斯基,,,,,0,0,,,
twerton,,,[网络] 推尔顿,,,,,0,0,s:twertons,,
twertons,,,[网络] 推尔顿\n(twerton 的复数),,,,,0,0,0:twerton/1:s,,
twes,,,[网络] 职业训练工作方案(Training and Work Experience Scheme)；短暂热效应；杜绝短暂热效应,,,,,0,0,0:twe/1:s,,
tweseldown,,,[网络] 三项赛一日赛,,,,,0,0,s:tweseldowns,,
tweseldowns,,,[网络] 三项赛一日赛\n(tweseldown 的复数),,,,,0,0,0:tweseldown/1:s,,
twestival,,,[网络] 国际推特节；推特慈善大会；推特嘉年华,,,,,0,0,,,
twetten,,, [人名] 特韦滕,,,,,0,0,,,
twewe,'twi:wi,,n. 【商品】摄像机(或摄影机)显示视野装置(导演用此装置能对在镜头上显示出来的同样景物做出评价),,,,,0,0,,,
twey,,,[网络] tw,,,,,0,0,,,
twey-case,,,[网络] twey案例,,,,,0,0,,,
Tweya,,,[地名] 图韦亚 ( 刚(金) ),,,,,0,0,,,
Tweyanze,,,[地名] 图韦扬泽 ( 乌干 ),,,,,0,0,,,
tweys,,,[网络] tw,,,,,0,0,,,
twezers,,,[网络] 镊子,,,,,0,0,,,
twf,,,abbr. tritiated water flux 氚化水流; Twin Falls airport 双子秋天航空港,,,,,0,0,,,
twg,,,abbr. Technology Working Group 技术工作组; test work group 测试工作组; telemetry working group 遥测工作组; test working group 试验工作组,,,,,0,0,,,
TWG (test work group),,,试工作组,,,,,0,0,,,
twh,'ti:d'əbəlju:'etʃ,,abbr. typically wavy hair 特色波浪发,,,,,0,0,s:twh,,
twhart,,,[网络] 阻挠,,,,,0,0,,,
twhert,,,[网络] tweet,,,,,0,0,,,
twhite,,,[网络] 闪电,,,,,0,0,,,
Twi,tʃwi:,,"契维语(属于克瓦kwa 语支, 主要在加纳通用)",,,,,0,0,s:twi,,
twi-,twai,,"表示“二, 双, 两倍, 两次”之义",,,,,0,0,,,
twi-formed,,,"a. 有两形的, 有两体的",,,,,0,0,,,
twi-gated,,,[网络] 双门,,,,,0,0,,,
twi-headed,,,[网络] 两头,,,,,0,0,,,
twi-minded,,,[网络] 双向的,,,,,0,0,,,
twi-mindedness,,,[网络] 双重心态,,,,,0,0,,,
Twi-Mom,,,[网络] Twi妈妈,,,,,0,0,,,
Twi-Moms,,,[网络] Twi妈妈,,,,,0,0,,,
twi-night,,,a. 一场在傍晚、一场在夜间的棒球赛的,,,,,0,0,,,
twi-nighter,"'twai,naitə",,n. [美国英语]【棒球】(傍晚开始并继续到夜间的)连续两场比赛,,,,,0,0,,,
Twi-tard,,,[网络] 。,,,,,0,0,,,
Twi-tards,,,[网络] Tw,,,,,0,0,,,
twi-thought,,,[网络] 双思,,,,,0,0,,,
twi-tier blade,,,层叶片,,,,,0,0,,,
twi-tongued,,,[网络] 双语,,,,,0,0,,,
twi.,,,abbr. twilight,,,,,0,0,,,
Twibel,,"Noun - A LIBEL lawsuit based on a Twitter Account public posting. Was frequently used with Courtney Love being sued for a ""tweet"" that was considered disparaging. May be seen as the first step of Twitter, and other Social Media platforms, as a legitimate news source with First Amendment implications/protections.\n> Courtney Love being sued for a 2010 Twitter post regarding her attorney. ""Twibel"" was coined by concatenating Twitter + Libel. The term was used in reports by various sources including ABC News, the Huffington Post, Media Bistro, and the American Bar Association Journal. A jury found in favor of Ms. Love in January 2014 (i.e., cleared).\n",,,,,,0,0,,,
twibil,twə'bɪl,"n. A kind of mattock, or ax; esp., a tool like a pickax, but\n   having, instead of the points, flat terminations, one of which is\n   parallel to the handle, the other perpendicular to it.\nn. A tool for making mortises.\nn. A reaping hook.","n. <古>两刃战斧； <英><方>鹤嘴斧, （收割用的）镰刀",,,,,0,0,,,
twibill,ˈtwaibil,,n. ①〈古〉两刃战斧②〈英〉〈方〉鹤嘴斧；(收割用的)镰刀,,,,,0,0,,,
twibilled,'twibil,a. Armed or provided with a twibil or twibils.,n. [英国方言]鹤嘴锄；镰刀；[古语]双刃战斧[亦作 twibil],,,,,0,0,,,
twibills,,,n. 双刃战斧；阔刀；双刃丁字锄；镰刀,,,,,0,0,,,
twibit,,,[网络] 双腿,,,,,0,0,,,
twiblade,,,[网络] 双叶兰,,,,,0,0,,,
twible,,,[网络] 。,,,,,0,0,,,
twic,,,abbr. Tanzania Wool Industry Corporation 坦桑尼亚毛纺织工业公司,,,,,0,0,,,
twice,twais,r. two times,"adv. 两次, 两倍",r:100,5,1,zk gk,1501,1410,,,
twice a day,twais ə dei,, [医]一天二次,,,,,0,0,,,
twice a month,,,[网络] 一个月两次；一月两次；每月两次,,,,,0,0,,,
twice a week,twais ə wi:k,, [医]每周二次,,,,,0,0,,,
twice a year,,,一年两次,,,,,0,0,,,
twice accented octave,,,二点八度｛音域｝,,,,,0,0,,,
twice and twiced behavior,,,再三再四行为,,,,,0,0,,,
twice as less,,"twice as less (not comparable)\n(nonstandard, proscribed) Half as much.\n",,,,,,0,0,,,
twice as much,twais æz mʌtʃ,, 两倍；倍,,,,,0,0,,,
twice continuously differentiable,,,二次连续可微,,,,,0,0,,,
twice daily milking,,,每日挤二次奶,,,,,0,0,,,
twice differentiable,,,[数] 二次可微的,,,,,0,0,,,
twice differentiable function,,,[数] 二次可微函数,,,,,0,0,,,
twice firing,,,二次烧成,,,,,0,0,,,
twice full size,,,2：1放尺,,,,,0,0,,,
twice heat forging,,,二次加热锻造,,,,,0,0,,,
twice marked octave,,,二点八度｛音域｝,,,,,0,0,,,
twice migrant,,,二度移民,,,,,0,0,,,
twice network,,,双网路,,,,,0,0,,,
twice normal,,,二规度,,,,,0,0,,,
twice or thrice,,,两三次,,,,,0,0,,,
twice over,twais ˈəuvə,, 两倍,,,,,0,0,,,
twice per shift,,,[化] 每班两次,,,,,0,0,,,
twice pressing,,,[油脂] 二次压榨,,,,,0,0,,,
twice removed,,,[网络] 隔了两代；两次,,,,,0,0,,,
twice shy,,,[网络] 十年怕井绳；十年怕草绳；下次胆小,,,,,0,0,,,
twice storied cordon,,,两侧多层单干形,,,,,0,0,,,
twice substituted,,,[化] 二取代了的,,,,,0,0,,,
twice the straight line rate,,,un. 双倍直线法折旧率,,,,,0,0,,,
twice weekly,,,半周刊,,,,,0,0,,,
twice yearly,,,一年两次地,,,,,0,0,,,
twice-a-day,,,[网络] 一日两次,,,,,0,0,,,
twice-a-month,,,[网络] 一个月两次；一月两次；每月两次,,,,,0,0,,,
twice-a-week,,,[网络] 一周两次；每周两次；一星期两次,j:100,,,,0,0,,,
twice-a-year,,,na. 一年内两次,,,,,0,0,,,
twice-baked,,,[网络] 烘烤两次,j:100,,,,0,0,,,
twice-baked bread,,,[网络] 两面烤面包,,,,,0,0,,,
twice-born,'twais'bɔ:n,,"再生的,更新的,再生族的",,,,,0,0,,,
twice-cooked,,,[网络] 回锅,,,,,0,0,,,
twice-dailies,,,adj. 一天两次的\n[网络] 每天两次；每天二次；每日房务服务\n(twice-daily 的复数),,,,,0,0,0:twice-daily/1:s,,
twice-daily,,,adj. 一天两次的\n[网络] 每天两次；每天二次；每日房务服务,j:100,,,,0,0,s:twice-dailies,,
twice-exceptional,,,[网络] 双重特殊；双重特殊需求,j:100,,,,0,0,,,
twice-exceptionality,,,[网络] 双重特殊,,,,,0,0,,,
twice-forbidden transition,,,二次禁制过渡,,,,,0,0,,,
twice-horizontal frequency oscillator,,,水平双频振荡器,,,,,0,0,,,
twice-laid,'twais'leid,,a. 利用旧绳索之纤维做成的,,,,,0,0,,,
twice-laid rope,,,再生绳,,,,,0,0,,,
twice-laid stuff,,,再生材料,,,,,0,0,,,
twice-nightly,,,[网络] 唱片名,,,,,0,0,,,
twice-over,,,[网络] 两倍；好事成双,,,,,0,0,,,
twice-pinnate,,,[网络] 两倍羽状,,,,,0,0,s:twice-pinnates,,
twice-pinnates,,,[网络] 两倍羽状\n(twice-pinnate 的复数),,,,,0,0,0:twice-pinnate/1:s,,
twice-ploughed fallow,,,复耕休闲地,,,,,0,0,,,
twice-told,'twais'tәjld,,"a. 教过两次的, 说过两次的, 老生常谈的",,,,,0,0,,,
twice-told tale,,,尽人皆知的事，众所周知的事；陈词滥调,,,,,0,0,,,
twice-weeklies,,,半周刊\n(twice-weekly 的复数),,,,,0,0,0:twice-weekly/1:s,,
twice-weekly,,,半周刊,j:100,,,,0,0,s:twice-weeklies,,
twice-yearly,,,adj. 一年两次的\n[网络] 一年两次地,j:100,,,,0,0,,,
twiceover,,,[网络] 两倍；好事成双,,,,,0,0,,,
twicer,'twaisә(r),,"n. 做两次的人, 兼做两事的人, (英)排字兼印刷的工人, (英)骗子",,,,,0,0,,,
twicers,'twaɪsə,,一事做两遍的人,,,,,0,0,,,
twicet,twaist,,adv. [美国方言] = twice,,,,,0,0,,,
twicetold,ˊtwaisˊtould,,"a. 讲过多次的,陈旧的",,,,,0,0,,,
twich,,,[网络] 图奇；抽搐；单收缩,,,,,0,0,,,
twiche,,,[网络] 抽搐,,,,,0,0,,,
twichell,,, [人名] 特威切尔,,,,,0,0,,,
Twichell process,,,[油脂] 特威切尔法,,,,,0,0,,,
twichild,,"twichild (comparative more twichild, superlative most twichild)\n(obsolete) Being in second childhood.\n",,,,,,0,0,,,
twichin,t'wɪtʃi:n,, [医]颤搐蛋白[一种肌肉蛋白，具有调节肌肉收缩的功能],,,,,0,0,,,
Twickenham,,,n. 特威克纳姆 (英国国会选区),,,,,13107,0,s:twickenhams,,
twickenhams,'twikənəm,,Twickenham\n['twikənəm]\n特威克南(英国英格兰东南部城市),,,,,0,0,0:twickenham/1:s,,
Twickers,,A nervous facial movement; combination between a facial twitch and an eye flicker.\n> I was telling my boss a fib and totally gave myself away with an eye twicker....\n,,,,,,0,0,0:twicker/1:s,,
twict,,,[网络] 抽搐,,,,,0,0,,,
twid,,,abbr. two-way/immediate dial 双向/立即拨号,,,,,0,0,,,
twiddle,'twidl,"n. a series of small (usually idle) twists or turns\nv. manipulate, as in a nervous or unconscious manner","vt. 捻弄, 玩弄, 旋弄\nvi. 旋弄\nn. 捻弄",v:100,,,,21174,27648,i:twiddling/p:twiddled/s:twiddles/3:twiddles/d:twiddled,,
twiddle factor,,,旋转因子,,,,,0,0,,,
twiddle factor FFT algorithm,,,[数] 旋转因子快速傅里叶变换算法,,,,,0,0,,,
twiddle one's fingers,,,(因焦虑不安或闲极无聊)神经质地转动两手的手指,,,,,0,0,,,
twiddle one's thumbs,,,闲得无聊,,,,,0,0,,,
twiddle operation,,,旋转运算,,,,,0,0,,,
twiddle with,,,玩弄,,,,,0,0,,,
twiddle your thumbs,,,[网络] 游手好闲,,,,,0,0,,,
twiddle-twaddle,,,[网络] 旋转addle,,,,,0,0,,,
twiddled,ˈtwɪdld,"v turn in a twisting or spinning motion\nv manipulate, as in a nervous or unconscious manner",v. （心不在焉地）捻弄( twiddle的过去式和过去分词 ),,,,,0,0,0:twiddle/1:pd,,
twiddled my thumbs,,,v. 抚弄大拇指(闲得无聊；不耐烦地靡时间),,,,,0,0,,,
twiddler,,n. someone who manipulates in a nervous or unconscious manner,专注于计算机的人,,,,,0,0,s:twiddlers,,
twiddlers,,plural of twiddler,(twiddler 的复数) 专注于计算机的人,,,,,0,0,0:twiddler/1:s,,
twiddles,ˈtwɪdlz,"n a series of small (usually idle) twists or turns\nv turn in a twisting or spinning motion\nv manipulate, as in a nervous or unconscious manner",v. （心不在焉地）捻弄( twiddle的第三人称单数 ),,,,,0,0,0:twiddle/1:s3,,
twiddlier,'twɪdlɪ,,adv.\ntwiddle的变形\nadj.\n弯弯曲曲的，蜿蜒的\n[比喻]无足轻重的，渺小的\ntwiddle\n['twidl]\nvt.\n旋弄；玩弄；摆弄：\nThe boy was twiddling his pen.\n男孩在摆弄钢笔。\nThe boss was twiddling his cigar.\n老板在转弄雪茄。\n轻轻地(或缓慢地)旋转：\nShe twiddled the knob.\n她轻轻地转动把手。\n[美国俚语]【计算机】对（程序等）作小改动\n对…稍作改动\nvi.\n旋弄，玩弄，捻弄，戏耍(与with 连用)：\nThe man was twiddling with his moustaches.\n那个男子在捻弄着小胡子。\n忙于琐事\n旋转着移动；转动：\nThe log twiddled round and round in the river.\n那根圆木在河水中转来转去。\n[美国俚语]【计算机】(程序等的)小改动\n短语:\ntwiddle one's thumbs\n见thumb\n变形：\nvt.\ntwiddled\n. twiddling,,,,,0,0,,,
twiddliest,'twɪdlɪ,,adv.\ntwiddle的变形\nadj.\n弯弯曲曲的，蜿蜒的\n[比喻]无足轻重的，渺小的\ntwiddle\n['twidl]\nvt.\n旋弄；玩弄；摆弄：\nThe boy was twiddling his pen.\n男孩在摆弄钢笔。\nThe boss was twiddling his cigar.\n老板在转弄雪茄。\n轻轻地(或缓慢地)旋转：\nShe twiddled the knob.\n她轻轻地转动把手。\n[美国俚语]【计算机】对（程序等）作小改动\n对…稍作改动\nvi.\n旋弄，玩弄，捻弄，戏耍(与with 连用)：\nThe man was twiddling with his moustaches.\n那个男子在捻弄着小胡子。\n忙于琐事\n旋转着移动；转动：\nThe log twiddled round and round in the river.\n那根圆木在河水中转来转去。\n[美国俚语]【计算机】(程序等的)小改动\n短语:\ntwiddle one's thumbs\n见thumb\n变形：\nvt.\ntwiddled\n. twiddling,,,,,0,0,,,
twiddling,ˈtwɪdlɪŋ,"v turn in a twisting or spinning motion\nv manipulate, as in a nervous or unconscious manner",v. （心不在焉地）捻弄( twiddle的现在分词 ),,,,,0,0,0:twiddle/1:i/s:twiddlings,,
twiddling line,,,小船横舵柄绳,,,,,0,0,,,
twiddling string,,,[网络] 。弦,,,,,0,0,,,
twiddlings,,"plural of twiddling\nv turn in a twisting or spinning motion\nv manipulate, as in a nervous or unconscious manner",(twiddling 的复数) v. （心不在焉地）捻弄( twiddle的现在分词 ),,,,,0,0,0:twiddling/1:s,,
twiddly,ˈtwɪdli,,"a. 琐碎的, 繁杂的",,,,,46477,0,,,
twidiot,,"Someone who twitters constantly, usually about insignificant or trifling events.\n> I took Bob off my twitter email alerts, because he twitters about everything, every second. Honestly, do I need to know when he's taking a dump? He's a straight up twidiot.\n",,,,,,0,0,,,
twidle,,,[人名] 特怀德尔,,,,,0,0,,,
twidled,,,[网络] 颤抖了,,,,,0,0,,,
twidles,,,[网络] 扭曲,,,,,0,0,,,
twidling,,,[网络] 。,,,,,0,0,,,
Twidroid,,,[网络] 受保护的软件；受庇护的软件,,,,,0,0,,,
twie,,,[网络] Transforming Waste into Empowerment; 台商情; 第一是变废为宝,,,,,0,0,,,
Twiehausen,,,[地名] 特维豪森 ( 德 ),,,,,0,0,,,
twier,tʃwi:; tʃi:; twi:,,n.\n特维人(属加纳一部族)；操特维语的人\n特维语(属克瓦语支)[亦作 Tshi]\n变形：\nn.\nTwi\n. Twis\ntwi.\nabbr.\ntwilight,,,,,0,0,,,
twiers,,,[网络] 斜纹,,,,,0,0,,,
twies,,,[网络] 双胞胎,,,,,0,0,,,
twifaced,,,"twifaced (comparative more twifaced, superlative most twifaced)\n(obsolete) Having two faces.\n(obsolete) Two-faced; deceitful.\n",,,,,0,0,,,
twifallow,,,n. 再犁；重耕,,,,,0,0,,,
Twifan,,Twifan (plural Twifans)\n(fandom slang) A fan of Stephanie Meyer's Twilight book series or the associated films.\n,,,,,,0,0,,,
Twifans,,"A fan of the Twilight Saga, most commonly a teenage or preteen girl.\n> I just saw New Moon! I'm such a Twifan!\n",,,,,,0,0,,,
Twific,,,[网络] 二，,,,,,0,0,,,
Twifics,,,[网络] 二,,,,,0,0,,,
twifoil,,twifoil (plural twifoils)\n(heraldry) A head of two leaves growing out of a stem.\n,,,,,,0,0,,,
twifold,'twaifәuld,a. Twofold; double.,adv. 两倍地\na. 两倍的,,,,,0,0,,,
twiforked,,,[网络] 有两叉的；有兩叉的,,,,,0,0,,,
twiformed,'twaifɔ:md,,"a. 有两种形式的,有两个部分的",,,,,0,0,,,
twig,twig,v. branch out in a twiglike manner,"n. 小枝, 细枝\nv. 懂得, 了解",n:100,1,,toefl ielts gre,8838,9522,s:twigs/p:twigged/d:twigged/i:twigging/3:twigs,,
twig and berries,,"Slang for the penis. The Twig being the penis itself, and the berries being the testicles.\n> Ouch! I just got kicked in the twig and berries.\n",,,,,,0,0,,,
twig and leaf pattern,,,枝叶花纹,,,,,0,0,,,
twig beetle,,,枝小蠹,,,,,0,0,,,
twig blight,,,un. 桑芽枯病\n[网络] 枝枯病,,,,,0,0,s:twig blights,,
twig blights,,,un. 桑芽枯病\n[网络] 枝枯病\n(twig blight 的复数),,,,,0,0,0:twig blight/1:s,,
twig brush,,,条刷,,,,,0,0,,,
twig burr,,,枝瘤纹,,,,,0,0,,,
twig cutting,,,插枝,,,,,0,0,,,
twig fence,,,篱笆;篱笆围栏,,,,,0,0,,,
twig girdler,,,环切虫,,,,,0,0,,,
twig harrow,,,细枝耙,,,,,0,0,,,
twig it,,the combination of a twit and an igit. A person who is not only an utter twat but also socially inept. A real douche\n> Elliot is a lowlife twigit\n,,,,,,0,0,,,
twig snake,,,[网络] 枝杈蛇,,,,,0,0,,,
twig snakes,,,[网络] 枝杈蛇,,,,,0,0,,,
twigage,,,[网络] 小枝,,,,,0,0,,,
twigg,,," [人名] [英格兰人姓氏] 特威格绰号, 瘦子, 来源于中世纪英语及古英语, 含义是“细枝, 嫩枝”(twig,shoot)",,,,,0,0,s:twiggs,,
twigged,twi^d,"v branch out in a twiglike manner\nv understand, usually after some initial difficulty","a. 有细枝的, 有嫩枝的",,,,,0,0,0:twig/1:pd,,
twiggen,,,[网络] 枝杈,,,,,0,0,,,
twigger,twɪg,n. A fornicator.,"n. 细枝, 嫩枝；【解剖学】(神经或血管的)末梢",,,,,0,0,,,
twiggers,,,[网络] 枝杈,,,,,0,0,,,
twiggery,'twi^әri,,"n. [总称]细枝,嫩枝",,,,,0,0,,,
twiggier,,,adj. 多分枝的；多细枝的；瘦小的\n[网络] 崔姬；超级名模崔姬；徐姿,,,,,0,0,,,
twiggiest,,,adj. 多分枝的；多细枝的；瘦小的\n[网络] 崔姬；超级名模崔姬；徐姿,,,,,0,0,,,
twiggily,,,[网络] 涟漪,,,,,0,0,,,
twiggin',,While having intercourse with a girl the man stops suddenly and makes the girl finger herself while he watches. Which in turn is more arousing than just fucking for the man.\n> Lisa: What is it ?\n> Bart: I don't want to fuck you anymore.\n> Lisa: (let's out a moan)\n> Bart: Finger yourself. WHILE I WATCH ? ... what? Get going BITCH ?\n> Lisa: Anything for you Bart.\n> Bart: Twiggin better than fucking\n> Bart: Hey bro you won't believe what Lisa and I did last night ?\n> Millhouse: What man ?\n> Bart: We were twiggin.\n> Millhouse: What ?\n> Bart: Twiggin better than fucking. It's when... (screen fades to black)\n,,,,,,0,0,,,
twigginess,,,[网络] tw iness,,,,,0,0,,,
twigging,twɪg,p. pr. & vb. n. of Twig,v. 理解\nn. 小枝；嫩枝；末梢,,,,,0,0,0:twig/1:i,,
twiggs,,plural of twigg,"(twigg 的复数)  [人名] [英格兰人姓氏] 特威格绰号, 瘦子, 来源于中世纪英语及古英语, 含义是“细枝, 嫩枝”(twig,shoot)",,,,,0,0,0:twigg/1:s,,
Twiggs County,,,[地名] 特维格斯县 ( 美 ),,,,,0,0,,,
twiggy,'twi^i,s. thin as a twig,"a. 象细枝的, 苗条的",j:100,,,,40116,37094,,,
twiggys,'twɪɡɪ,,adj. 细枝的；嫩枝的；多细枝(或嫩枝)的；细枝(或嫩枝)覆盖的,,,,,0,0,,,
twight,,,[网络] 扭曲,,,,,0,0,,,
twigil,,"\n\n\n\nWikipedia has an article on:\ntwigil\n\nWikipedia\n(programming, Perl language) A character prepended to a variable name to indicate its scope.\n",,,,,,0,0,,,
twigils,,,[网络] 。,,,,,0,0,,,
twigless,,a. Having no twigs.,"a. 无细枝的, 无嫩枝的",,,,,0,0,,,
twiglet,,, 小小枝,,,,,0,0,s:twiglets,,
twiglets,,plural of twiglet,(twiglet 的复数)  小小枝,,,,,0,0,0:twiglet/1:s,,
twiglike,,,[网络] 树枝状,,,,,0,0,,,
twigliker,,,adj. twig的变形,,,,,0,0,,,
twiglikest,,,adj. twig的变形,,,,,0,0,,,
twigloo,'twiɡlu:,,n. 枝窝（尤指环保主义者临时搭的树屋）,,,,,0,0,,,
twigloos,'twiɡlu:,,n.\n枝窝(尤指环保主义者临时搭的树屋),,,,,0,0,,,
twiglow,,,[地物] 曙暮气辉,,,,,0,0,,,
twigs,twiɡz,"n a small branch or division of a branch (especially a terminal division); usually applied to branches of the current or preceding year\nv branch out in a twiglike manner\nv understand, usually after some initial difficulty","n. 细枝, 嫩枝( twig的名词复数 )",,,,,0,0,1:s3/0:twig,,
twigs of the chaste tree,,,荆条,,,,,0,0,,,
twigsome,,,[网络] 嫩枝,,,,,0,0,,,
Twihard,,Twihard (plural Twihards)\n(fandom slang) An avid fan of Stephenie Meyer's Twilight book series or the related films.\n,,,,,,0,0,,,
Twihards,,,[网络] 暮光不死,,,,,0,0,,,
Twijzel,,,[地名] 特韦泽尔 ( 荷 ),,,,,0,0,,,
twik,,,[网络] 黏；黍；双孔钾通道,,,,,0,0,,,
twila,,,n. 【女名】女子名\n[网络] 特维拉；朵菈；散点阐萍,,,,,0,0,,,
twile,,,[网络] 。,,,,,0,0,,,
twileke,,,[网络] tw,,,,,0,0,,,
twilet,,,[网络] 暮,,,,,0,0,,,
TWILF,,"Same as MILF, but aimed at Girls in their 20s!\n> I'm going out TWILF hunting!\n",,,,,,0,0,,,
TWILFs,,"Same as MILF, but aimed at Girls in their 20s!\n> I'm going out TWILF hunting!\n",,,,,,0,0,,,
twilight,'twailait,n. the time of day immediately following sunset\nn. the diffused light from the sky when the sun is below the horizon but its rays are refracted by the atmosphere of the earth\nn. a condition of decline following successes,"n. 暮光, 曙光, 黎明, 黄昏, 微光, 朦胧状态\na. 微明的",n:100,1,,cet6 ielts,9876,6896,s:twilights,,
twilight anesthesia,,,"[医] 朦胧麻醉, 朦胧睡眠, 半麻醉",,,,,0,0,,,
twilight arc,,,曙幕光弧,,,,,0,0,,,
twilight arc(h),,,【气象学】晨昏蒙影弧[亦作 twilight curve],,,,,0,0,,,
twilight arch,,,"亮拱,曙[暮]弧",,,,,0,0,,,
twilight archon,,,[网络] 光明执政官；光影执政官；曙光执政官,,,,,0,0,,,
twilight area,,,半衰落区,,,,,0,0,,,
twilight area(s),,,(城市中房屋等年久失修的)衰败地区，破败地区，没落地区,,,,,0,0,,,
twilight band,,,"半阴影区,微明区,衰减区",,,,,0,0,,,
Twilight Bay,,,[地名] 特怀莱特湾 ( 南极洲 ),,,,,0,0,,,
twilight blindess,,,黄昏盲,,,,,0,0,,,
twilight blindness,,,[医] 黄昏盲,,,,,0,0,,,
twilight bow,,,曙暮光弧,,,,,0,0,,,
twilight brightness,,,曙暮光亮度,,,,,0,0,,,
twilight class,,,夜校,,,,,0,0,,,
twilight color,,,曙暮霞,,,,,0,0,,,
twilight colors,,,霞,,,,,0,0,,,
twilight colours,,,曙暮霞,,,,,0,0,,,
twilight compass,,,晨昏罗盘,,,,,0,0,,,
twilight correction,,,曙暮光改正,,,,,0,0,,,
twilight effect,,,薄暮效应,,,,,0,0,,,
twilight emission,,,曙暮光发射,,,,,0,0,,,
twilight flash,,,曙暮辉,,,,,0,0,,,
twilight glow,,,【气象学】曙暮气辉,,,,,0,0,,,
twilight home,,,= twilight house；养老院,,,,,0,0,,,
twilight house,,,(城市没落地区年久失修的)破败房屋,,,,,0,0,,,
twilight immunity,,,曙暮无干扰时段(大气层条件使无线电干扰失去作用),,,,,0,0,,,
twilight industry,,,弱小企业,,,,,0,0,,,
twilight land,,,半阴影带,,,,,0,0,,,
twilight migration,,,晨昏迁徙,,,,,0,0,,,
Twilight mom,,"1. A woman older than 25, has children, can be married who has a very old saggy crusty vaj. She sits at home at her computer masturbating to pictures of [Edward Cullen]. She doesn't bathe her kids, or feed them, instead locks them in a cage and tosses in a couple crackers now and then.\r\n\r\n2. A group of 40 something pre-menopausal women who have been neglecting their children, spouses, jobs, and various pets since 2008 to post their ramblings about a dazzling 107 year old vampire who who is stuck in an eternal hell of high school and the clumsy, idiotic girl who loves him. \r\n\r\n3. A website full of uneducated middle aged women who sneak onto the set of the [Twilight] movie, but ""keep their distance"" so they stay on good terms with the production company. However, to a Twilight Mom, keeping distance means illegally taking video and pictures from a full yard away.\r\n\r\n4. What you get on your dick after having sex with an [elf].\r\n\n> ""Ughh. I need something to eat. I'm hungrier than a Twilight Mom's kid.""\n",,,,,,0,0,,,
twilight night,,,【棒球】 = twinight,,,,,0,0,,,
Twilight of the Gods,,,[网络] 众神的黄昏；诸神黄昏；诸神的黄昏,,,,,0,0,s:twilights of the gods,,
twilight phenomena,,,曙暮光现象,,,,,0,0,,,
twilight phenomenon,,,【光学】曙暮光现象,,,,,0,0,,,
twilight polarization measurement,,,微光偏振量测,,,,,0,0,,,
Twilight Saga,,,暮光之城,,,,,0,0,,,
twilight shift,,,(三班制中的)中班,,,,,0,0,,,
twilight sight,,,[网络] 晨昏蒙影测星,,,,,0,0,,,
twilight sleep,,,"[医] 朦胧麻醉, 半麻醉",,,,,0,0,s:twilight sleeps,,
twilight sleeps,,,半麻醉,,,,,0,0,0:twilight sleep/1:s,,
twilight spectrum,,,曙暮光光谱,,,,,0,0,,,
twilight stars,,,曙光星,,,,,0,0,,,
twilight state,,,[医] 朦胧状态,,,,,0,0,,,
twilight vision,,,[医] 暗视觉,,,,,0,0,s:twilight visions,,
twilight visions,,,暗视觉,,,,,0,0,0:twilight vision/1:s,,
twilight wedding,,,老年婚礼,,,,,0,0,,,
twilight world,,,朦胧世界；昏暗世界；(尤指晚间声色犬马和犯罪的)夜的世界,,,,,0,0,,,
twilight years,,,[网络] 晚年；迟暮之年,,,,,0,0,,,
twilight zone,ˈtwailait zəun,,n. 城市贫穷地区,,,,,0,0,s:twilight zones,,
twilight zones,,,[网络] 暮色地带；黄昏地带；黎明地带,,,,,0,0,0:twilight zone/1:s,,
twilight-glow,,,曙暮晖,,,,,0,0,,,
twilight-zone,ˈtwailait zəun,, 半阴影区,,,,,0,0,,,
twilighted,"'twai, laitid",,adj. = twilit,,,,,0,0,,,
Twilighter,,,[网络] 暮光之城；夜x影；暮光迷,,,,,0,0,,,
twilighters,,,[网络] 花蝶,,,,,0,0,,,
twilighting,,,[网络] 奇妙驹,,,,,0,0,,,
twilightish,,,[网络] 暮光之城,,,,,0,0,,,
twilights,,plural of twilight\nn. the time of day immediately following sunset\nn. the diffused light from the sky when the sun is below the horizon but its rays are refracted by the atmosphere of the earth\nn. a condition of decline following successes,"(twilight 的复数) n. 暮光, 曙光, 黎明, 黄昏, 微光, 朦胧状态\na. 微明的",,,,,0,0,0:twilight/1:s,,
twilights of the gods,,,诸神的黄昏（北欧神话中语言的世界末日，后被应用于各种艺术形式，如瓦格纳的歌剧《尼伯龙根的指环》的最后一部便以此为题）,,,,,0,0,0:twilight of the gods/1:s,,
twilighty,'twailait,,twilighty\nadj.\ntwilight的变形\ntwilight\n['twailait]\nn.\n薄暮，暮色；曙光，晨曦，鱼肚白\n黄昏；黎明\n昏暗；渐黑\n模糊状态；朦胧状态\n【天文学】曙暮光，晨昏蒙影\n(兴盛、荣耀等之后的)衰落时期， 没落时代\n(人的)暮年\n曙光蓝，曙光青\nadj.\n曙暮光的；微明的\n黄昏的；黎明的\n昏暗的；渐黑的\n黄昏时出现的\n模糊的；朦胧的\n衰落时期的；没落时代的\n暮年的,,,,,0,0,,,
twilit,'twailit,s lighted by or as if by twilight,a. 沉浸在柔和的微光中的,j:100,,,,39530,36142,,,
twilite,,, [医]盐酸苯海拉明片剂<睡眠辅助药>,,,,,0,0,,,
twilitten,,,[网络] 微弱的,,,,,0,0,,,
twill,twil,n. a weave used to produce the effect of parallel diagonal ribs\nn. a cloth with parallel diagonal lines or ribs\nv. weave diagonal lines into (textiles),n. 斜纹织物\nvt. 把...织成斜纹,n:100,,,,34429,26653,s:twills/i:twilling/p:twilled/3:twills/d:twilled,,
twill angle,,,斜纹角度,,,,,0,0,,,
twill back cord,,,斜纹地假灯芯绒,,,,,0,0,,,
twill back velveteen,,,斜纹地纬天鹅绒织物,,,,,0,0,,,
twill backed,,,斜纹衬里,,,,,0,0,,,
twill backing,,,斜纹背织物,,,,,0,0,,,
twill basket weave,,,斜纹方平组织,,,,,0,0,,,
twill canvas,,,斜纹帆布,,,,,0,0,,,
twill coating,,,斜纹呢,,,,,0,0,,,
twill crepe,,,斜纹绉,,,,,0,0,,,
twill damask,,,斜纹锦缎,,,,,0,0,,,
twill direction,,,斜纹方向,,,,,0,0,,,
twill fabric,,, 斜纹织物,,,,,0,0,,,
twill fabrics,,,斜纹织物,,,,,0,0,,,
twill face cord,,,斜纹面凸条绒,,,,,0,0,,,
twill habutai,,,斜纹电力纹,,,,,0,0,,,
twill lines,,,斜纹线,,,,,0,0,,,
twill matt,,,斜纹方块组织，斜纹方平组织,,,,,0,0,,,
twill power loom,,,斜纹力织机,,,,,0,0,,,
twill set,,,斜列式植针法,,,,,0,0,,,
twill tape,,,[网络] 斜纹带；斜纹织带；斜纹布胶带,,,,,0,0,,,
twill tapes,,,斜纹带,,,,,0,0,,,
twill weave,twil wi:v,, 斜纹编织,,,,,0,0,s:twill weaves,,
twill weaves,,,[纺] 斜纹组织；斜纹织；斜织法,,,,,0,0,0:twill weave/1:s,,
twill-canvas,,,斜纹帆布,,,,,0,0,,,
twill-weave,,,斜纹组织,,,,,0,0,,,
twillbe,,,[网络] 斜纹,,,,,0,0,,,
twilled,,v weave diagonal lines into (textiles)\ns of textiles; having parallel raised lines,a. 织成斜纹的,,,,,0,0,1:pd/0:twill,,
twilled basket weave,,,斜纹方块组织,,,,,0,0,,,
twilled fabric,,,斜纹织物,,,,,0,0,,,
twilled flannel,,,斜纹法兰绒,,,,,0,0,,,
twilled fustian,,,斜纹绒布,,,,,0,0,,,
twilled hopsack,,,斜纹方平组织,,,,,0,0,,,
twilled hopsacks,,,斜纹方平组织,,,,,0,0,,,
twilled mat,,,斜纹方平织物,,,,,0,0,,,
twilled mats,,,席斜纹组织,,,,,0,0,,,
twilled matt,,,斜纹方块组织；斜纹方块席纹布,,,,,0,0,,,
twilled tape,,,斜纹带,,,,,0,0,,,
twiller,twɪl,,twill\n[twil]\n【纺织业】\nn.\n斜纹织物\n[亦作 twill weave] 斜纹(图案)\nadj.\n斜纹布的；斜纹织物的\nvt.\n把…织成斜纹；按斜纹方式织,,,,,0,0,,,
twillette,,,2/2斜纹棉布,,,,,0,0,,,
twillettes,twi'letis,,厚斜纹工服布,,,,,0,0,,,
twilley,,, [人名] 特威利,,,,,0,0,,,
twillies,,,[网络] 斜纹,,,,,0,0,,,
twilling,twilɪŋ,p. pr. & vb. n. of Twill,v. 把…织成斜纹( twill的现在分词 ),,,,,0,0,1:i/0:twill,,
Twillingate,,,[地名] 特威林盖特 ( 加 ),,,,,0,0,,,
twillings,twɪl,,n. 斜纹布；斜纹织品\nvt. 把…织成斜纹,,,,,0,0,,,
twillitta,,,[网络] 斜纹布,,,,,0,0,,,
twills,t'wɪlz,n a weave used to produce the effect of parallel diagonal ribs\nn a cloth with parallel diagonal lines or ribs\nv weave diagonal lines into (textiles),n. 斜纹织物( twill的名词复数 )\nv. 把…织成斜纹( twill的第三人称单数 ),,,,,0,0,1:s3/0:twill,,
twilly,,,[网络] 丝巾,,,,,0,0,,,
twilt,,,[网络] 斜纹,,,,,0,0,,,
twilts,,,[网络] tw子,,,,,0,0,,,
TWIMC,,,abbr. to whom it may concern (用作正式信件等的开头)敬启者,,,,,0,0,,,
twimindedness,,,[网络] 特别的,,,,,0,0,,,
twimmolation,,"twimmolation (plural twimmolations)\n(neologism, Internet) Public censure brought upon oneself by an offensive or otherwise inadvisable Twitter post.\n",,,,,,0,0,,,
twimmolations,,,[网络] 二点半,,,,,0,0,,,
Twimom,,Twimom (plural Twimoms)\n(fandom slang) A mother who likes Stephenie Meyer's Twilight book series or the associated films.\n,,,,,,0,0,,,
Twimoms,,"A group of 'adults' who have children and/or are married, who are overly obsessed fans of the overrated 'Twilight' book series. They usually spend their time, neglecting their children, ie. - forgetting to feed them - and also, ruining the dazzle of another, more superior community of 'fans' who go by the name of 'twatlight(ers)'. \r\n\n> ""Hey, that kid looks pretty down, underfed and neglected.""\n> ""Oh. His mother must be a twimom""\n",,,,,,0,0,,,
twin,twin,n. either of two offspring born at the same time from the same pregnancy\nn. a waterfall in the Snake River in southern Idaho\nv. duplicate or match\nv. grow as twins,"n. 双胞胎中一人, 一对非常相像的人(或物)中的一个\na. 双胞胎的, 成对的, 孪生的\nvi. 生双胞胎, 成对\nvt. 怀(双胞胎), 使成对",j:4/v:3/n:93,3,1,gk cet4 cet6 ky,2884,2376,s:twins/d:twinned/i:twinning/3:twins/p:twinned,,
twin (twinning crystal),,,双晶,,,,,0,0,,,
twin - screw extruder,,,[网络] 双螺杆挤压机；双螺杆挤出机；双螺杆押出机,,,,,0,0,,,
twin - size bed,,,[网络] 单人床；双床房,,,,,0,0,,,
twin aerial,,,成对天线,,,,,0,0,,,
twin aerial camera,,,双镜头航摄仪,,,,,0,0,,,
twin aggregate,,,双晶集合体,,,,,0,0,,,
twin ancestrula,,,双生初虫,,,,,0,0,,,
twin and,twin ænd,, [计]双“与”元件,,,,,0,0,,,
twin angle probe,,,双角探头,,,,,0,0,,,
twin antenna,,,成对天线,,,,,0,0,,,
twin arc welding,,,双弧焊,,,,,0,0,,,
twin arithmetic units,,,[电] 双运算单位,,,,,0,0,,,
twin articulated vehicles,,,两辆关节车,,,,,0,0,,,
twin axial cable,,,【电信学】双芯电缆,,,,,0,0,,,
twin axis,,,孪晶轴,,,,,0,0,,,
twin axle,,,[机] 双轴式,,,,,0,0,,,
twin bag skirt,,,[船] 双囊裙,,,,,0,0,,,
twin band,,,(金属中的)双晶带,,,,,0,0,,,
twin band mill,,,双带锯机,,,,,0,0,,,
twin band saw machine,,,双带锯机,,,,,0,0,,,
twin band-mill,,,双带锯机制材厂;复式带锯制材厂,,,,,0,0,,,
twin bands,,,双晶条,,,,,0,0,,,
twin barrel carburetor,,,双腔化油器,,,,,0,0,,,
twin bead,,,双沿口,,,,,0,0,,,
twin beam oscilloscope,,,双束示波器,,,,,0,0,,,
twin beams,,,双梁;并置梁,,,,,0,0,,,
twin bed,twin bed,,n. （成对床之一的）成对单人床,,,,,0,0,s:twin beds,,
twin bedded,.twɪn 'bedɪd,,adj. 有两张单人床的\n[网络] 双床位的,,,,,0,0,,,
twin bedroom,,, （旅馆等的）有两张单人床的房间,,,,,0,0,,,
twin beds,,,un. 一对单人床\n[网络] 两张单人床；成对单人床；成对床,,,,,0,0,0:twin bed/1:s,,
twin bench-type seat,,,双人座椅,,,,,0,0,,,
twin berry,,,孪果藤,,,,,0,0,,,
twin berth,,,双人住舱,,,,,0,0,,,
twin bill,twin bil,,n. 相同球队接连举行的两场球赛,,,,,0,0,s:twin bills,,
twin bills,,,"连映,连续两场的比赛",,,,,0,0,0:twin bill/1:s,,
twin birth,,,[生物] 双生,,,,,0,0,,,
twin births,,,双生,,,,,0,0,,,
twin blades,,,双翼,,,,,0,0,,,
twin block,,,[网络] 双咬合块；矫治器；双牙合板,,,,,0,0,,,
twin boat,,,[船] 姐妹船,,,,,0,0,,,
twin boat type aeroplane,,,[机] 双船式飞机,,,,,0,0,,,
twin boom design,,,un. 双桁设计,,,,,0,0,,,
twin booster,,,对偶助推器,,,,,0,0,,,
twin bottom plough,,,双铧犁,,,,,0,0,,,
twin bottom plow,,,un. 双铧犁,,,,,0,0,,,
twin boundary,,,孪晶间界;孪晶面边界,,,,,0,0,,,
twin boundary energy,,,双晶界面能,,,,,0,0,,,
twin boundary surface,,,双晶界面,,,,,0,0,,,
twin branch type antenna,,,双枝形天线,,,,,0,0,,,
twin break contact,,,un. 双断接点,,,,,0,0,,,
twin brick,,,[建] 方砖,,,,,0,0,,,
Twin Bridges,,,[地名] 特温布里奇斯 ( 美 ),,,,,0,0,,,
twin brother,,,[法] 孪生兄弟,,,,,0,0,,,
twin brothers,,,n. 孪生兄弟,,,,,0,0,,,
twin buds,,,孪生芽,,,,,0,0,,,
twin bulkhead tanker,,,[网络] 双纵舱壁油船,,,,,0,0,,,
twin bundled lines,,,双分裂导线线路,,,,,0,0,,,
twin bunkbed,,,双层床,,,,,0,0,,,
Twin Buttes Res.,,,[地名] 双峰水库 ( 美 ),,,,,0,0,,,
twin cable,,,[电] 双绞电缆,,,,,0,0,,,
twin cable system,,,双电缆系统;双电缆制,,,,,0,0,,,
twin calorimeter,,,"双卡路里计, 孪卡计",,,,,0,0,,,
twin calorimeters,,,[化] 双层绝热量热器,,,,,0,0,,,
twin cam,twin kæm,, 双凸轮轴,,,,,0,0,,,
twin cam shaft type,,,双凸轮轴式,,,,,0,0,,,
twin cam tracks,,,双层三角针道,,,,,0,0,,,
twin camera,,,双镜摄影机,,,,,0,0,,,
twin camshaft,twin ˈkæmʃɑ:ft,, 双凸轮轴,,,,,0,0,,,
twin camshaft chain drive,,,双凸轮轴的链传动装置,,,,,0,0,,,
twin cannon barbette,,,双炮炮塔,,,,,0,0,,,
twin cantilevers,,,双悬臂,,,,,0,0,,,
twin car seat,,,双人座椅,,,,,0,0,,,
twin carbon arc,,,双碳极电弧,,,,,0,0,,,
twin carburetor,twin ˈkɑ:bjʊretə,, 双化油器,,,,,0,0,,,
twin carburetor system,,,双化油器系统,,,,,0,0,,,
twin casting,,,双流浇铸(连铸),,,,,0,0,,,
twin cathode,,,双阴极,,,,,0,0,,,
twin cell,,,双胞胎细胞,,,,,0,0,,,
twin center,,,双晶中心,,,,,0,0,,,
twin chain elevator,,,un. 双链斗式升运器\n[网络] 双链斗式提升机,,,,,0,0,,,
twin chamber,,,双线闸室,,,,,0,0,,,
twin chamber electrostatic precipitator,,,双室静电除尘器,,,,,0,0,,,
twin channel,,,"[计] 双信道, 双路",,,,,0,0,,,
twin channel system,,,双信道制,,,,,0,0,,,
twin check,,,[计] 双重校验,,,,,0,0,,,
twin cheek,,,双核对,,,,,0,0,,,
twin choke,twin tʃəuk,, 双重喉管式化油器,,,,,0,0,,,
twin circular saw,,,[木] 双头圆锯,,,,,0,0,,,
Twin Cities,,,双子城（位于美国西部）,,,,,0,0,s:twin citiess,,
twin citiess,,,Twin Cities\n双城(指美国明尼苏达州的圣保罗和明尼阿波利斯两个城市),,,,,0,0,0:twin cities/1:s,,
Twin Citizen,,,[网络] 双子市民,,,,,0,0,,,
Twin Citizens,,,[网络] 双胞胎公民,,,,,0,0,,,
Twin City,,,[地名] 特温城 ( 加、美 ),,,,,0,0,,,
twin clicking machine,,,双悬臂鞋帮件裁断机,,,,,0,0,,,
twin cocoon,,,双宫茧,,,,,0,0,,,
twin coil,,,"双线圈,孪生线圈",,,,,0,0,,,
twin coiler,,,双条圈条器,,,,,0,0,,,
twin columns,,,双柱;并置柱,,,,,0,0,,,
twin combination,,,双晶复合,,,,,0,0,,,
twin community,,,孪生群落,,,,,0,0,,,
twin comparator,,,[化] 双光谱映射仪; 双重光谱放大器,,,,,0,0,,,
twin compass system,,,双罗盘系统,,,,,0,0,,,
twin composite,,,双晶复合体,,,,,0,0,,,
twin composition plane,,,双晶结合面,,,,,0,0,,,
twin compressor,,,复式压缩机,,,,,0,0,,,
twin concentric cable,,,[电] 双同心电缆,,,,,0,0,,,
twin conductor,,,[电] 集线,,,,,0,0,,,
twin conduit,,,成对管道,,,,,0,0,,,
twin cones,,,[医] (视网膜)双锥(体),,,,,0,0,,,
twin contact,,,双头接点;双接点,,,,,0,0,,,
twin contrast,,,孪晶对比,,,,,0,0,,,
twin controller,,,双联控制器,,,,,0,0,,,
twin controls,,,双重操纵系统,,,,,0,0,,,
twin core,,,n. 双芯；双心\n[网络] 黑色的双杀核心,,,,,0,0,,,
twin core cable,twin kɔ: ˈkeibl,, 双芯电缆,,,,,0,0,,,
twin corner,,,双晶隅角,,,,,0,0,,,
twin crane,,,双倍场吊,,,,,0,0,,,
twin crankshaft engine,,,双曲轴发动机,,,,,0,0,,,
Twin creek series,,,特温溪统,,,,,0,0,,,
twin crystal,,,[医] 孪晶,,,,,0,0,,,
twin crystals,,,[化] 孪晶,,,,,0,0,,,
twin cylinder,,,双汽缸,,,,,0,0,,,
twin cylinder compressor,,,[机] 双缸压缩机,,,,,0,0,,,
twin cylinder engine,twin ˈsilində ˈendʒin,, 双缸发动机,,,,,0,0,,,
twin cylinder machine,,,双圆网造纸机,,,,,0,0,,,
twin cylinder pump,,,双缸泵,,,,,0,0,,,
twin deck crane,,,un. 双甲板起重机\n[网络] 甲板起重双吊,,,,,0,0,,,
twin deck vessel,,,双层甲板船,,,,,0,0,,,
twin decker ship,,,双层甲板船,,,,,0,0,,,
twin deficits,,,双赤字（财政，贸易）,,,,,0,0,,,
Twin Deformation,,,孪生变形,,,,,0,0,,,
twin derrick posts,,,[网络] 龙门式起重柱,,,,,0,0,,,
twin diaphragm pump,,,un. 双膈膜泵\n[网络] 双隔膜泵；英文名称；中文名称,,,,,0,0,,,
twin digitato,,,重对羽状的,,,,,0,0,,,
twin diode,,,[电] 双二极管,,,,,0,0,,,
twin diode pentode,,,双二极管五极管,,,,,0,0,,,
twin direction clutch,,,双向离合器,,,,,0,0,,,
twin disk clutch,,,双片式离合器,,,,,0,0,,,
twin disk hydraulic torque converter,,,双盘液力变扭器,,,,,0,0,,,
twin double,,,"双复式下注, 独赢四宝(赛马赌博, 投注者须选中两组连续两场独赢的马方为中彩)",,,,,0,0,,,
twin drift,,,双平巷,,,,,0,0,,,
twin drive,,,双传动;双电动机驱动,,,,,0,0,,,
twin drive gear,,,[网络] 功率分轴式二级减速齿轮,,,,,0,0,,,
twin drum,,,双鼓,,,,,0,0,,,
twin drum drier,,,[化] 双辊干燥机,,,,,0,0,,,
twin drum sorting,,,双鼓分类法,,,,,0,0,,,
twin drum winch,,,双筒卷扬机,,,,,0,0,,,
twin dust collector,,,"二级捕尘器,二级旋风分离器",,,,,0,0,,,
twin earthquake,,,双生地震,,,,,0,0,,,
twin ebulliometer,,,双式沸点升高计,,,,,0,0,,,
twin edge,,,双晶棱,,,,,0,0,,,
twin edger,,,双圆锯裁边机,,,,,0,0,,,
twin elbow,,,[化] 双肘管,,,,,0,0,,,
twin electric horn,,,双警报器,,,,,0,0,,,
twin electrode,,,双芯焊条,,,,,0,0,,,
twin element,,,双晶要素,,,,,0,0,,,
twin elements,,,孪元素,,,,,0,0,,,
twin ell,,,"双弯接头,双弯三通接头",,,,,0,0,,,
twin energy,,,双晶能,,,,,0,0,,,
twin engine,ˈtwɪnˈendʒɪn,,双发动机,,,,,0,0,,,
twin engine aircraft,twin ˈendʒin ˈɛəkrɑ:ft,, 双发动机飞机,,,,,0,0,,,
twin engine single-shaft system,,,[网络] 双机单轴式,,,,,0,0,,,
twin engine vehicle,,,双发动机汽车,,,,,0,0,,,
twin engined,,,双联发动机\n双发动机,,,,,0,0,,,
twin engined aeroplance,,,[机] 双发动机飞机,,,,,0,0,,,
twin entry,,,双平行平巷布置,,,,,0,0,,,
twin exchangeable disc storage,,,可交换双磁盘存储器,,,,,0,0,,,
twin exhaust pipes,,,双排气管,,,,,0,0,,,
twin fabric disk,,,双橡胶纤维片,,,,,0,0,,,
twin face,,,双晶面,,,,,0,0,,,
twin failure,,,双重故障,,,,,0,0,,,
Twin Falls,,,特温福尔斯（地名）,,,,,0,0,s:twin fallss,,
Twin Falls County,,,[地名] 特温福尔斯县 ( 美 ),,,,,0,0,,,
twin fallss,,,特温福尔斯（地名）\n(twin falls 的复数),,,,,0,0,0:twin falls/1:s,,
twin fan,twɪn,,双联风扇,,,,,0,0,,,
twin feed,,,双面进料,,,,,0,0,,,
twin feed system,,,un. 双线供料系统,,,,,0,0,,,
twin feeder,,,双线式馈线,,,,,0,0,,,
twin feeding,,,[网络] 双线馈电,,,,,0,0,,,
twin ferry boat,,,双体渡车船,,,,,0,0,,,
twin fillet wolt,,,双面角焊缝,,,,,0,0,,,
twin filter,,,双滤油器,,,,,0,0,,,
twin flapper and nozzle valve,,,un. 双喷嘴挡板阀,,,,,0,0,,,
twin flapper-and-nozzle valve,,,双喷嘴挡板阀,,,,,0,0,,,
twin flashing yellow lights,,,双闪黄光灯,,,,,0,0,,,
twin flexible cord,,,双股软(导)线,,,,,0,0,,,
twin flight,,,双机飞行,,,,,0,0,,,
twin float,,,双浮筒,,,,,0,0,,,
twin floats,,,[复数]双浮筒，双子浮筒,,,,,0,0,,,
twin floods,,,双生洪水,,,,,0,0,,,
twin flue,,,"双烟道,双管道",,,,,0,0,,,
twin formation,,,孪生群落,,,,,0,0,,,
twin former,,,双网成形装置,,,,,0,0,,,
twin frame lift,,,双柱式车身底架支撑型举升器,,,,,0,0,,,
twin frequency,,,双晶（出现）频率,,,,,0,0,,,
twin front wheel type,,,[车辆] 并置前轮式,,,,,0,0,,,
twin fuel pump,,,双燃料泵,,,,,0,0,,,
twin furnace,,,双炉膛,,,,,0,0,,,
twin fuselage,,,双机身,,,,,0,0,,,
twin girder,,,槽型樑,,,,,0,0,,,
twin gliding,,,"双晶滑移, 双晶滑动",,,,,0,0,,,
twin gliding plane,,,双晶滑移面,,,,,0,0,,,
twin grating spectrograph,,,双光栅摄谱仪,,,,,0,0,,,
twin grid file,,,双栅档案,,,,,0,0,,,
twin grinder,,,双重碎木机;二袋式碎木机,,,,,0,0,,,
twin grinding,,,双面研磨,,,,,0,0,,,
twin grip type centerless grinder,,,双支承砂轮无心磨床,,,,,0,0,,,
twin ground plate,,,双面研磨的镜玻璃,,,,,0,0,,,
twin gyro pendulous gyrocompass,,,双转子摆式罗经,,,,,0,0,,,
twin head holder,,,双刀头刀夹,,,,,0,0,,,
twin helical gear,,,[网络] 人字齿轮,,,,,0,0,,,
twin hills,,,[复数][俚语]“双峰”，(女性的)乳房，奶头[亦作twinpeaks],,,,,0,0,,,
twin hive,,,双群箱,,,,,0,0,,,
twin hood crane,,,双钩吊车,,,,,0,0,,,
twin horn cleat,,,[网络] 双羊角,,,,,0,0,,,
twin horn lock washer,,,双联角形止动垫圈,,,,,0,0,,,
twin htach vessel,,,[网络] 双舱口船,,,,,0,0,,,
twin hull,,,双体船身,,,,,0,0,,,
twin hull boat,,,[网络] 双体船,,,,,0,0,,,
twin hull trawler,,,双体拖网渔船,,,,,0,0,,,
twin hull unit,,,[网络] 双体船,,,,,0,0,,,
twin hull vessel,,,双体船,,,,,0,0,,,
twin hulls boat,,,双体船,,,,,0,0,,,
twin hybrid,,,双生杂种,,,,,0,0,,,
twin ibeam,,,双工字梁,,,,,0,0,,,
twin ignition,,,双火花塞点火,,,,,0,0,,,
twin image,,,挛生像,,,,,0,0,,,
twin image separation,,,双像分离,,,,,0,0,,,
twin images,,,孪生像,,,,,0,0,,,
twin impeller torque converter,,,双泵轮液力变矩器,,,,,0,0,,,
twin induction voltage regulator,,,[电] 双感应电压调整器,,,,,0,0,,,
twin inlet,,,双进气道,,,,,0,0,,,
twin input reduction gear,,,[网络] 双主动齿轮减速齿轮,,,,,0,0,,,
twin input single-output gear,,,un. 并列式双机单轴传动装置\n[网络] 双主动齿轮单出轴齿轮,,,,,0,0,,,
twin installation,,,双联装置,,,,,0,0,,,
twin insulator,,,[网络] 双联绝缘子串,,,,,0,0,,,
twin insulator strings,,,双联绝缘子串;双连绝缘子串,,,,,0,0,,,
twin ionization chamber,,,双层电离箱,,,,,0,0,,,
twin islet,,,双岛,,,,,0,0,,,
twin jack,,,双塞孔,,,,,0,0,,,
twin jaw crusher,twin dʒɔ: ˈkrʌʃə,, 双颚式破碎机,,,,,0,0,,,
twin jetties,,,双边突堤,,,,,0,0,,,
twin juxtaposition,,,接触双晶;併接双晶,,,,,0,0,,,
twin killing,,,n. 双杀,,,,,0,0,,,
twin killings,,,双杀,,,,,0,0,,,
twin knitter,,,双系统编结机,,,,,0,0,,,
twin labor,,,[医] 双胎分娩,,,,,0,0,,,
Twin Lakes,,,[地名] 特温莱克斯 ( 加、美 ),,,,,0,0,,,
twin lamb disease,,,妊娠毒血症,,,,,0,0,,,
twin lambs,,,双羔,,,,,0,0,,,
twin lamella,,,双晶片,,,,,0,0,,,
twin lamellae,,,双晶片,,,,,0,0,,,
twin lamina,,,双晶晶片,,,,,0,0,,,
twin landing gear,,,双轮起落架,,,,,0,0,,,
twin laser,,,双激光器,,,,,0,0,,,
twin lateral stream,,,双生侧面河,,,,,0,0,,,
twin launcher,,,双联发射装置,,,,,0,0,,,
twin launching device,,,双联发射装置,,,,,0,0,,,
twin law,,,双晶律;孪晶律,,,,,0,0,,,
twin lead,,,双引线,,,,,0,0,,,
twin lead-covered wire,,,[网络] 双芯铅皮线,,,,,0,0,,,
twin leading shoe brake,twin ˈli:diŋ ʃu: breik,, 双领蹄鼓式制动器,,,,,0,0,,,
twin leaves,,,双生叶,,,,,0,0,,,
twin lens,,,双镜头,,,,,0,0,,,
twin lens flying spot film scanner,,,双镜头飞点电影扫描器,,,,,0,0,,,
twin lens reflex,,,[网络] 双镜头反光相机；双反；双镜头反光照相机,,,,,0,0,,,
twin lens reflex camera,,,双镜头反光摄影机,,,,,0,0,,,
twin lens reflex viewing finder,,,双镜头反光取景器,,,,,0,0,,,
twin lever,,,双节臂,,,,,0,0,,,
twin lift,,,双升降船机,,,,,0,0,,,
twin line,,,[电] 双线,,,,,0,0,,,
twin load circuit,,,双负载电路,,,,,0,0,,,
twin lock,,,双室船闸;复式船闸,,,,,0,0,,,
twin locomotive,,,双联机车,,,,,0,0,,,
twin longitudinal bulkhead,,,双列纵舱壁,,,,,0,0,,,
twin loudspeaker,,,双扬声器,,,,,0,0,,,
twin machine gun,,,双管机枪,,,,,0,0,,,
twin magnets,,,孪片磁体,,,,,0,0,,,
twin market,,,双重市场,,,,,0,0,,,
twin martensite,,,双晶麻田散体,,,,,0,0,,,
twin masts,,,un. 龙门桅,,,,,0,0,,,
twin method,,,双生子法,,,,,0,0,,,
twin microcalorimeter,,,双微卡路里计,,,,,0,0,,,
twin missile carrier,,,双管火箭发射架,,,,,0,0,,,
twin monster,,,"[医] 双畸胎, 联胎",,,,,0,0,,,
Twin Mountain,,,[地名] 特温芒廷 ( 美 ),,,,,0,0,,,
twin MUX,,,双路移频多路复用设备,,,,,0,0,,,
twin needle,,,双头钩针,,,,,0,0,,,
twin needle stitch,,,[网络] 双针缝纫；双针线迹,,,,,0,0,,,
twin nucleus,,,孪核;双环结构,,,,,0,0,,,
Twin Oaks,,,[地名] 特温奥克斯 ( 美 ),,,,,0,0,,,
twin oblique photograph,,,双镜头倾斜航摄照片,,,,,0,0,,,
twin oblique photography,,,双镜头倾斜摄影术,,,,,0,0,,,
twin ocellus,,,毗邻小眼,,,,,0,0,,,
twin of mirror image,,,镜像双生﹝子﹞,,,,,0,0,,,
twin opening,,,双联孔,,,,,0,0,,,
twin operation,,,双晶操作,,,,,0,0,,,
twin overhead camshaft,twin ˈəuvəhed ˈkæmʃɑ:ft,, 双顶置凸轮轴,,,,,0,0,,,
twin ovulation,,,双排卵,,,,,0,0,,,
twin packer,,,双层堵塞器,,,,,0,0,,,
twin pair,,,双线,,,,,0,0,,,
twin paradox,,,[化] 双生子佯谬,,,,,0,0,,,
twin paver,,,双鼓式混凝土搅拌摊铺机,,,,,0,0,,,
twin pavier,,,双鼓式混凝土搅拌摊铺机,,,,,0,0,,,
Twin Peaks,,,[地名] 特温皮克斯 ( 美 ),,,,,0,0,,,
Twin Peaksier,,,[网络] 双峰派,,,,,0,0,,,
Twin Peaksiest,,,[网络] 双峰最高,,,,,0,0,,,
Twin Peaksy,,,[网络] 双峰,,,,,0,0,,,
twin pen recorder,,,双笔记录装置,,,,,0,0,,,
twin photocell,,,双联光电管,,,,,0,0,,,
twin photogrammetric camera,,,双镜测量摄影机;双镜头测量摄影机,,,,,0,0,,,
twin photograph,,,双镜头摄影照片,,,,,0,0,,,
twin pier,,,双桥墩,,,,,0,0,,,
twin piercing mouth,,,双刺口器,,,,,0,0,,,
twin pinion single-output redduction gear,,,[网络] 双主动齿累单出轴减速齿轮,,,,,0,0,,,
twin pipe line,,,[化] 双管线,,,,,0,0,,,
twin pipeline,,,双管线,,,,,0,0,,,
twin plane,,,双晶面,,,,,0,0,,,
twin plane boundary,,,孪晶平面边界,,,,,0,0,,,
twin plane re-entrant edge (tpre),,,双晶面凹入棱,,,,,0,0,,,
twin plane reflection,,,双晶面反射;孪晶面反射,,,,,0,0,,,
twin planet,,,双行星,,,,,0,0,,,
twin pointer,,,孪生指针,,,,,0,0,,,
twin pole,,,"[医] З极, 双极(神经细胞)",,,,,0,0,,,
twin polisher,,,双面(连续)抛光设备,,,,,0,0,,,
twin polishing,,,双面抛光,,,,,0,0,,,
twin port,,,[计] 双端口,,,,,0,0,,,
twin position,,,双晶位置,,,,,0,0,,,
twin post auto lift,,,双柱式汽车举升器,,,,,0,0,,,
twin post lift,,,双柱升降机,,,,,0,0,,,
twin power station,,,[网络] 双岸式水电站,,,,,0,0,,,
twin pregnancy,,,[医] 双胎妊娠,,,,,0,0,,,
twin press,,,双压区复式压榨,,,,,0,0,,,
twin prime,,,n. 孪生素数\n[网络] 孪生质数,,,,,0,0,,,
twin prime numbers,,,孪生素数,,,,,0,0,,,
twin primes,,, 孪生素数,,,,,0,0,,,
twin probe,,,双探针,,,,,0,0,,,
twin probe system,,,晶探头系统,,,,,0,0,,,
twin problem,,,un. 双重问题,,,,,0,0,,,
twin propeller,,,un. 双推进器\n[网络] 双螺旋桨的；双层螺旋桨,,,,,0,0,,,
twin propellers,,,双推进器,,,,,0,0,,,
twin pulley block,,,双(联)滑轮组,,,,,0,0,,,
twin pulse code,,,双脉冲编码,,,,,0,0,,,
twin pump,,,双缸泵,,,,,0,0,,,
twin pumps,,,双联泵；双缸泵,,,,,0,0,,,
twin quasar,,,双类星体,,,,,0,0,,,
twin quasars,,,[网络] 双类星体,,,,,0,0,,,
twin rail runway,,,双轨滑道,,,,,0,0,,,
twin reactor station,,,堆核电厂,,,,,0,0,,,
twin reflection,,,孪晶反射,,,,,0,0,,,
twin ring gage,,,un. 双联环规,,,,,0,0,,,
twin ring gauge,,,双联环规,,,,,0,0,,,
twin ring structures,,,孪生环形构造,,,,,0,0,,,
twin river,,,双生河流,,,,,0,0,,,
twin rivers,,, 双生河流,,,,,0,0,,,
Twin Rocks,,,[地名] 特温罗克斯 ( 澳 ),,,,,0,0,,,
twin roll press,,,双辊挤压机,,,,,0,0,,,
twin roller,,,双滚柱,,,,,0,0,,,
twin roller chain,,,un. 双列套筒滚子链,,,,,0,0,,,
twin roller stretching machine,,,双辊拉伸机,,,,,0,0,,,
twin roller type,,,双滚轮式,,,,,0,0,,,
twin rolling mill,,,二辊式轧机,,,,,0,0,,,
twin rolls,,,(干燥机)双滚筒,,,,,0,0,,,
twin room,,,n. 双人房\n[网络] 双人间；双床房；两张单人床的双人房,,,,,0,0,,,
twin rooms,,,[网络] 两张单人床房间,,,,,0,0,,,
twin rope grab,,,un. 双索抓斗；双绳抓斗,,,,,0,0,,,
twin rotating furnace,,,un. 成对回转炉,,,,,0,0,,,
twin rotor condenser,,,双动片电容器,,,,,0,0,,,
twin rotor engine,,,双缸转子发动机,,,,,0,0,,,
twin rotor system,,,双旋翼系统,,,,,0,0,,,
twin row cultivator,,,双行中耕机,,,,,0,0,,,
twin row drill,,,un. 双行条播机,,,,,0,0,,,
twin row radial engine,,,双排星型发动机,,,,,0,0,,,
twin rudder,twin ˈrʌdə,, 双舵,,,,,0,0,,,
twin rudder vessel,,,双舵船,,,,,0,0,,,
twin scavenge pump,,,双扫气泵,,,,,0,0,,,
twin scintillator,,,双闪烁体,,,,,0,0,,,
twin screw,twin skru:,, 双驱动桥,,,,,0,0,,,
twin screw and nut,,,双螺杆与螺帽,,,,,0,0,,,
twin screw extruder,,,[化] 双螺杆挤压机,,,,,0,0,,,
twin screw extruder machine,,,[化] 双螺杆压出机,,,,,0,0,,,
twin screw motor mine-sweeper,,,[网络] 双螺旋桨扫雷艇,,,,,0,0,,,
twin screw motor ship,,,双螺旋桨摩托艇,,,,,0,0,,,
twin screw motor vessel,,,双螺旋桨摩托艇,,,,,0,0,,,
twin screw propeller,,,双螺旋犁,,,,,0,0,,,
twin screw pump,,,双螺杆泵,,,,,0,0,,,
twin screw ship,twin skru: ʃip,, 双轴船,,,,,0,0,,,
twin screw steamer,,,un. 双桨蒸汽机船\n[网络] 双推进器船舶,,,,,0,0,,,
twin screw vessel,,,双螺桨船,,,,,0,0,,,
twin screws,,,双推进器,,,,,0,0,,,
twin seam,,,孪生煤层,,,,,0,0,,,
twin segment,,,[计] 孪生段,,,,,0,0,,,
twin segments,,,孪生区段,,,,,0,0,,,
twin serial camera,,,双镜连续摄影机,,,,,0,0,,,
twin set,,,n. 女式两件套羊毛衫,,,,,0,0,,,
twin shaft,,,双轴,,,,,0,0,,,
twin shaft paddle-type mixer,,,[网络] 双轴叶片式混砂机,,,,,0,0,,,
twin shaft pier,,,双柱墩,,,,,0,0,,,
twin shafting,,,双轴系,,,,,0,0,,,
twin shear,,,[网络] 双剪,,,,,0,0,,,
twin shear cap model,,,[网络] 双剪帽子模型,,,,,0,0,,,
twin shear slip field theory,,,[网络] 双剪滑移线场理论,,,,,0,0,,,
twin shear strength theory,,,双剪强度理论,,,,,0,0,,,
twin shear theory,,,双剪强度理论,,,,,0,0,,,
twin shear yield criterion,,,[网络] 双剪屈服准则,,,,,0,0,,,
twin shell blender,,,双壳拌合器,,,,,0,0,,,
twin shell mixer,,,双筒混合机,,,,,0,0,,,
twin ship,'twɪnʃɪp,,孪生,,,,,0,0,,,
twin shoot,,,双生芽,,,,,0,0,,,
twin sideband,,,双边带,,,,,0,0,,,
twin simplex pump,,,双联单缸泵,,,,,0,0,,,
twin single pump,,,双单动泵,,,,,0,0,,,
twin sister,,,孪生姐妹之一；= twinflower,,,,,0,0,,,
twin sisters,,, 孪生姐妹；双胞胎姐妹（twin sister的复数形式，等于twinflowers）,,,,,0,0,,,
twin six,,,[机] 双六汽缸,,,,,0,0,,,
twin six engine,,,双六缸发动机,,,,,0,0,,,
twin six motor V,,,型十二汽缸发动机,,,,,0,0,,,
twin size bed,,,单人床,,,,,0,0,,,
twin skid chassis,,,un. 双撬式起落架\n[网络] 双橇式起落架,,,,,0,0,,,
twin sleepers,,,双轨枕,,,,,0,0,,,
twin sloid tyres,,,双实心轮胎,,,,,0,0,,,
twin souls,,,"〈谑〉形影相随,情投意合的一对",,,,,0,0,,,
twin span derrick,,,un. 双千斤索杆装置\n[网络] 双千斤索吊杆装置；双千斤索单吊杆,,,,,0,0,,,
twin spans,,,双跨,,,,,0,0,,,
twin spar construction,,,双梁结构,,,,,0,0,,,
twin spark ignition,,,双火星塞点火,,,,,0,0,,,
twin spark magneto,,,双发火磁电机,,,,,0,0,,,
twin species,,,孪生种,,,,,0,0,,,
twin spinner distributor,,,un. 双转盘式撒肥机,,,,,0,0,,,
twin spiral water turbine,,,双螺形水轮机,,,,,0,0,,,
twin spot,,,"双生斑,邻接双斑",,,,,0,0,,,
twin spots,,,[遗] 双生斑,,,,,0,0,,,
twin steam engine,,,双缸蒸汽机,,,,,0,0,,,
twin steamer,,,双螺旋桨轮船,,,,,0,0,,,
twin step,,,(裤子外套裙子的)双层着装法,,,,,0,0,,,
twin stopped ladle,,,"双塞棒钢(水)包,双塞杆钢(水)罐",,,,,0,0,,,
twin storms,,,双生暴雨,,,,,0,0,,,
twin strainer,,,双联滤器,,,,,0,0,,,
twin strand,,,双流,,,,,0,0,,,
twin striation,,,双晶条纹;孪晶条纹,,,,,0,0,,,
twin structure,,,孪晶结构,,,,,0,0,,,
twin study,,,双生子研究,,,,,0,0,,,
twin subcarrier,,,双副载波制,,,,,0,0,,,
twin surface grinder,,,双端面磨床,,,,,0,0,,,
twin sweaterset,,,二件式套装毛衣,,,,,0,0,,,
twin symmetry,,,双晶对称,,,,,0,0,,,
twin T network,,,un. 双T形网络\n[网络] 双T型网络,,,,,0,0,,,
twin t-bridge,,,双T电桥,,,,,0,0,,,
twin t-network,,,双Ｔ形网路,,,,,0,0,,,
twin tail,,,双尾翼,,,,,0,0,,,
twin tandem,,,un. 成对串联\n[网络] 双串式；双串联式,,,,,0,0,,,
twin tank furnace,,,双池窑炉,,,,,0,0,,,
twin tanks,,,双槽,,,,,0,0,,,
twin tape transporter,,,双带运输装置,,,,,0,0,,,
twin target,,,双机目标,,,,,0,0,,,
twin target magnetron sputtering,,,双靶磁控溅镀,,,,,0,0,,,
twin tendem fillet welding(ttf),,,前后顺序填角潜弧銲,,,,,0,0,,,
twin tetrode,,,双四极管,,,,,0,0,,,
twin throttle,,,双节流阀,,,,,0,0,,,
twin tie,,,双枕接续轨枕,,,,,0,0,,,
twin tie machine,,,双绳捆缚机,,,,,0,0,,,
twin ties,,,双轨枕,,,,,0,0,,,
twin tire,,,双胎并装,,,,,0,0,,,
twin tires,,,双轮胎,,,,,0,0,,,
twin tong,,,双夹具,,,,,0,0,,,
twin tongs,,,双柄夹钳,,,,,0,0,,,
Twin Towers,,,双塔式建筑,,,,,0,0,s:twin towerss,,
twin towerss,,,双塔式建筑\n(twin towers 的复数),,,,,0,0,0:twin towers/1:s,,
twin town,twin taun,,n. 姊妹城,,,,,0,0,,,
twin towns,,,[复数](不同国家的城市间结成的)姊妹城,,,,,0,0,,,
twin track,,,双声迹,,,,,0,0,,,
twin track recording,,,双轨记录,,,,,0,0,,,
twin tractor,,,双联拖拉机,,,,,0,0,,,
twin transistor,,,双晶体管,,,,,0,0,,,
twin transistor logic,,,双晶体管逻辑电路,,,,,0,0,,,
twin transposition cable,,,双绞电缆,,,,,0,0,,,
twin trapezoidal linkage,,,[网络] 双梯形横向摆臂,,,,,0,0,,,
twin travelling crane,,,双轮移动起重机,,,,,0,0,,,
twin trawling,,,对拖,,,,,0,0,,,
twin trigger,,,双扳机,,,,,0,0,,,
twin triode,,,[电] 双三极管,,,,,0,0,,,
twin triode circuit,,,[电子] 双三极管电路,,,,,0,0,,,
twin tub,,,[网络] 双缸洗衣机；双阱,,,,,0,0,,,
twin tube,,,双联管\n[电子] 孪生管,,,,,0,0,,,
twin tubes,,,[电] 孪生管,,,,,0,0,,,
twin tunnel,,,双隧道,,,,,0,0,,,
twin turbine,,,双流式水轮机;双流式涡轮机,,,,,0,0,,,
twin turbine automatic transmission,,,双轮机自动传送,,,,,0,0,,,
twin turbine generator,,,单堆配)双汽轮发电机,,,,,0,0,,,
twin turbine torque converter,,,双涡轮液力变矩器,,,,,0,0,,,
twin turbo,,,双轮机,,,,,0,0,,,
twin turbo-charger,,,双级涡轮增压器,,,,,0,0,,,
twin turbofan aircraft,,,[网络] 双涡轮风扇式飞机,,,,,0,0,,,
twin tuyeres,,,[机] 双连风口,,,,,0,0,,,
twin twisted,,,双绞,,,,,0,0,,,
twin twisted strand,,,双绞股线,,,,,0,0,,,
twin twisted wire strand,,,un. 双股扭绞钢丝束,,,,,0,0,,,
twin type,,,双生型,,,,,0,0,,,
twin type cable,,,对式电缆,,,,,0,0,,,
twin tyre,,,双胎并装,,,,,0,0,,,
twin tyres,,,双料轮胎,,,,,0,0,,,
twin tyype cable,,,[网络] 对绞多芯电缆,,,,,0,0,,,
Twin Valley,,,[地名] 特温瓦利 ( 美 ),,,,,0,0,,,
twin valve,,,双出口阀,,,,,0,0,,,
twin vector quantization,,,双向量量化,,,,,0,0,,,
twin vertical fin,,,双垂尾,,,,,0,0,,,
twin volcano,,,"双晶火山, 双火山, 双火山，双挛火山",,,,,0,0,,,
twin volute pump,,,复式螺旋泵,,,,,0,0,,,
twin vortex hydrocyclone,,,母子水力旋流器,,,,,0,0,,,
twin wave,,,双生波;孪生波,,,,,0,0,,,
twin wheel loading,,,双轮负荷,,,,,0,0,,,
twin wheel twin nozzle type turbine,,,双轮双喷嘴式水轮机,,,,,0,0,,,
twin wire,,,[电] 双线,,,,,0,0,,,
twin wire control,,,un. 双线操纵,,,,,0,0,,,
twin wire former,,,双网成形装置[器],,,,,0,0,,,
twin wire parallel power submerged arc welding,,,双丝并列埋弧焊,,,,,0,0,,,
twin wire series power submerged arc welding,,,双丝串联埋弧焊,,,,,0,0,,,
twin words,,,成对词,,,,,0,0,,,
twin worm,,,双蜗杆,,,,,0,0,,,
twin wrest,,,双面犁,,,,,0,0,,,
twin zone furnace,,,两段式加热炉,,,,,0,0,,,
TWin',twɪn,,adj. 孪生之一的；双胞胎之一的；成对的；成双的\nv. 使结成姊妹城市；使结成友好地区；使（两人或两事物）紧密结合；使耦合\nn. 孪生儿之一；双胞胎之一；一对相像的事物之一\n[网络] 孪生的；双人房；双晶,,,,,0,0,,,
TWin' it,,"Amazingly attractive twins which may or may not resemble 80s rock stars. Hard to locate and usually found in swarms of people huddling around their natural habitat;sabor. Usually possess odd sounding names similar to that of characters from christmas carols(ie santa,noel,rudolf). May not always been seen in pairs, however when spotted they create a lot of joy within their peers. Are often stalked because of their immense hotness. \n> lulu and i had multiple vickles when we spotted the rather elusive twinit on their way to a hot nightclub. The twinit did not realise they were being followed thanks to mine and lulu's very convincing authentic bush costumes.\n",,,,,,0,0,,,
twin(twinning crystal),,,双晶,,,,,0,0,,,
twin-,twɪn,,adj. 孪生之一的；双胞胎之一的；成对的；成双的\nv. 使结成姊妹城市；使结成友好地区；使（两人或两事物）紧密结合；使耦合\nn. 孪生儿之一；双胞胎之一；一对相像的事物之一\n[网络] 孪生的；双人房；双晶,,,,,0,0,,,
twin-action brake,,,双作动式制动器,,,,,0,0,,,
twin-aisle,,,[网络] 双过道；双走道,,,,,0,0,,,
twin-aisle aircraft,,,双走道飞机（广体客机）,,,,,0,0,,,
twin-aisle airplane,,,[网络] 双通道飞机,,,,,0,0,s:twin-aisle airplanes,,
twin-aisle airplanes,,,[网络] 双通道飞机\n(twin-aisle airplane 的复数),,,,,0,0,0:twin-aisle airplane/1:s,,
twin-ax,,,n. 屏蔽双导线馈电线,,,,,0,0,,,
twin-axial,,,双轴,,,,,0,0,,,
twin-axis,,,双晶轴,,,,,0,0,,,
twin-ball float,,,双球浮子,,,,,0,0,,,
twin-bank engine,,,双列式发动机,,,,,0,0,,,
twin-bar bumper,,,双杆保险杠,,,,,0,0,,,
twin-barreled,,,双炮管的,,,,,0,0,,,
twin-batch paver,,,双拌式混凝土摊铺机,,,,,0,0,,,
twin-beam model,,,双射束模型,,,,,0,0,,,
twin-bearing screen,,,双轴承筛分机,,,,,0,0,,,
twin-bed,,,（成对的）一张单人床；[家具] 对床,,,,,0,0,,,
twin-bedded,,s having twin beds,a. 双床位的,,,,,0,0,s:twin-beddeds,,
twin-beddeds,,,a. 双床位的\n(twin-bedded 的复数),,,,,0,0,0:twin-bedded/1:s,,
twin-beds method,,,双床法,,,,,0,0,,,
twin-belt caster,,,双带式连铸机,,,,,0,0,,,
twin-belt vanner,,,双带式淘洗机,,,,,0,0,,,
twin-berth clause,,,双泊位条款,,,,,0,0,,,
twin-blade,,,[网络] 双刃；双剑；双片轮锯,,,,,0,0,s:twin-blades,,
twin-blades,,,[网络] 双生刃；双刃；双刀,,,,,0,0,0:twin-blade/1:s,,
twin-boat,,,[网络] 姐妹船,,,,,0,0,,,
twin-boat-type airplane,,,双船身式飞机,,,,,0,0,,,
twin-boom,,,[航] 双梁的,,,,,0,0,,,
twin-boom aircraft,,,双尾撑飞机,,,,,0,0,,,
twin-boom carriage,,,双臂凿岩台车,,,,,0,0,,,
twin-born,'twɪn'bɔːn,,adj. 双胞胎的；孪生的,,,,,0,0,,,
twin-break contact,,,双断接点,,,,,0,0,,,
twin-brother,,,n. 孪生兄弟\n[网络] 双胞胎兄弟；小鬼精灵；孪生哥哥,,,,,0,0,,,
twin-bucket,,,双斗,,,,,0,0,,,
twin-bulkhead tanker,,,双纵向舱壁油轮,,,,,0,0,,,
twin-cable aerial tramway,,,双线架空索道,,,,,0,0,,,
twin-cable ropeway,,,双线架空索道,,,,,0,0,,,
twin-cam,,,[网络] 双凸轮轴；是说有双凸轮轴的意思；双凸轮系统,,,,,0,0,s:twin-cams,,
twin-cam engine,,,(汽车的)双凸轮发动机,,,,,0,0,,,
twin-cams,,,[网络] 双轮滑轮系统；双凸轮系统,,,,,0,0,0:twin-cam/1:s,,
twin-carbon arc brazing,,,间接碳弧钎焊,,,,,0,0,,,
twin-carbon arc lamp,,,双碳极弧光灯,,,,,0,0,,,
twin-carburettor,,,[网络] 双化油器,,,,,0,0,,,
twin-cars,,,[网络] 以重磅孪生车；科尼塞克以孪生车,,,,,0,0,0:twin-car/1:s,,
twin-cathode ray beam,,,双电子束,,,,,0,0,,,
twin-chain elevator,,,双链斗式升运器,,,,,0,0,,,
twin-chain scraper en masse conveyor,,,双链埋刮板输送机,,,,,0,0,,,
twin-chamber pneumatic concrete placing device,,,双腔气动混凝土佈料装置,,,,,0,0,,,
twin-chambered,,,[网络] 双室,,,,,0,0,,,
twin-chambered furnace,,,un. 双室炉,,,,,0,0,,,
twin-channel,,,双路;双渠;双通道;双通道的,,,,,0,0,,,
twin-choke carburetor,,,双风门化油器,,,,,0,0,,,
twin-circuit tuner,,,[网络] 双回路调谐器,,,,,0,0,,,
twin-circular mill,,,双平行圆锯制材厂,,,,,0,0,,,
twin-clutch gearbox,,,[网络] 双离合器变速箱,,,,,0,0,,,
twin-coach,,,[车辆] 铰接式大客车,,,,,0,0,,,
twin-concentric cable,,,双芯同轴电缆,,,,,0,0,,,
twin-cone mixer-granulator,,,双锥式混合制粒机,,,,,0,0,,,
twin-core,,,双芯;双心,,,,,0,0,,,
twin-core cable,,,心电缆,,,,,0,0,,,
twin-core current transformer,,,双心电流互感器,,,,,0,0,,,
twin-core shot firing cable,,,双芯起爆电缆,,,,,0,0,,,
twin-core shotfiring cable,,,双蕊电爆线,,,,,0,0,,,
twin-countershaft transmission,,,双中间轴变速器,,,,,0,0,,,
twin-crystal,,,双晶,,,,,0,0,,,
twin-cylinder,t'wɪns'ɪlɪndər,, 双筒联体,,,,,0,0,s:twin-cylinders,,
twin-cylinder engine,,,双缸发动机,,,,,0,0,,,
twin-cylinder pump,,,双缸泵,,,,,0,0,,,
twin-cylinders,,,un. 双气缸\n[网络] 双缸,,,,,0,0,0:twin-cylinder/1:s,,
twin-deck vessel,,,[网络] 双层甲板船,,,,,0,0,,,
twin-delta,,,n. 双三角连接；双连接,,,,,0,0,,,
twin-detector scanner,,,双探头扫描机,,,,,0,0,,,
twin-diaphragm jig,,,双膈膜夹具跳汰机,,,,,0,0,,,
twin-diaphragm pump,,,双膈膜泵,,,,,0,0,,,
twin-diesel,,,[网络] 双柴油机,,,,,0,0,,,
twin-direction clutch,,,双向离合器,,,,,0,0,,,
twin-disc resilient drive,,,双盘弹性传动器,,,,,0,0,,,
twin-disk clutch,,,双片式离合器,,,,,0,0,,,
twin-disk colter,,,双圆盘开沟器,,,,,0,0,,,
twin-disk drill,,,双圆盘开沟器的条播机,,,,,0,0,,,
twin-drive belt,,,双传动皮带,,,,,0,0,,,
twin-drum drier,,,双滚筒干燥机,,,,,0,0,,,
twin-drum dryer,,,双转筒干燥机,,,,,0,0,,,
twin-drum sorting,,,[计] 双鼓分类法,,,,,0,0,,,
twin-drum winch,,,双卷筒卷扬机,,,,,0,0,,,
twin-duct aircraft,,,双函道螺旋桨飞机,,,,,0,0,,,
twin-engine,,,adj. 双发动机\n[网络] 双引擎的；有双发动机的；双发的,j:100,,,,0,0,s:twin-engines,,
twin-engine aircraft,,,双电动机飞行器,,,,,0,0,,,
twin-engine airplane,,,双电动机飞机,,,,,0,0,,,
twin-engine pilot,,,双发飞机飞行员,,,,,0,0,,,
twin-engine single-shaft system,,,双机单轴式,,,,,0,0,,,
twin-engine transport,,,双电机运输,,,,,0,0,,,
twin-engine turboprop-plane,,,双电机涡轮支架飞机,,,,,0,0,,,
twin-engined,,,"a. 双发的, 有双发动机的（飞机）",,,,,0,0,s:twin-engineds,,
twin-engined bus,,,双发动机公共汽车,,,,,0,0,,,
twin-engined fighter,,,双发动机战斗机,,,,,0,0,,,
twin-engined freighter,,,双发动机货机,,,,,0,0,,,
twin-engined plane,,,[网络] 双发动机飞机,,,,,0,0,,,
twin-engineds,'twin'endʒind,,twin-engined\n['twin'endʒind]\nadj.\n【航空学】双引擎的，双发动机的[亦作 twin-engine],,,,,0,0,0:twin-engined/1:s,,
twin-engines,,,[网络] 双引擎；之双引擎；雙引擎,,,,,0,0,0:twin-engine/1:s,,
twin-enging takeoff distance,,,双发起飞滑跑距离,,,,,0,0,,,
twin-feed spiral,,,双头螺旋,,,,,0,0,,,
twin-filament lamp,,,双丝灯,,,,,0,0,,,
twin-finned,,,双垂直尾翼的,,,,,0,0,,,
twin-finned airplane,,,双垂尾飞机,,,,,0,0,,,
twin-finned layout,,,双垂尾布局,,,,,0,0,,,
twin-flight screw,,,[网络] 双螺纹螺杆,,,,,0,0,,,
twin-float seaplane,,,双浮筒式水上飞机,,,,,0,0,,,
twin-flood lighting,,,双向泛光照明,,,,,0,0,,,
twin-fluid atomization,,,双流体雾化,,,,,0,0,,,
twin-fluid spray dryer,,,[机] 二流体喷雾干燥机,,,,,0,0,,,
twin-frame mill,,,双框锯厂,,,,,0,0,,,
twin-frame saw mill,,,双框锯机制材厂,,,,,0,0,,,
twin-furnace (-type) boiler,,,炉膛锅炉,,,,,0,0,,,
twin-furnace boiler,,,双炉膛锅炉,,,,,0,0,,,
twin-fuselage,t'wɪnfj'uːzəlɑːʒ,,n. 双机身,,,,,0,0,,,
twin-fuselage configuration,,,双机身布局,,,,,0,0,,,
twin-geared press,,,双边齿轮驱动压力机,,,,,0,0,,,
twin-gliding plane,,,双晶滑移面,,,,,0,0,,,
twin-grid rectifier,,,双栅整流器,,,,,0,0,,,
twin-gun attachment,,,双联机枪装置,,,,,0,0,,,
twin-hatch,t'wɪnh'ætʃ,,n.双舱口,,,,,0,0,,,
twin-head auger,,,双头螺钻机,,,,,0,0,,,
twin-head tandem arc-welding machine,,,双头串联电弧自焊机,,,,,0,0,,,
twin-hearth furnace,,,双床平炉,,,,,0,0,,,
twin-heater system,,,双加热器体系,,,,,0,0,,,
twin-hopper fertilizer distributor,,,双联斗式撒肥机,,,,,0,0,,,
twin-horn set,,,双音喇叭,,,,,0,0,,,
twin-hull,,,un. 双体船壳\n[网络] 双体客船,,,,,0,0,,,
twin-hull boat,,,双体船,,,,,0,0,,,
twin-hull craft,,,双体船,,,,,0,0,,,
twin-hull fishing vessel,,,双体渔船,,,,,0,0,,,
twin-hull flying boat,,,双船身式水上飞机,,,,,0,0,,,
twin-hull hydrofoil,,,双体水翼艇,,,,,0,0,,,
twin-hull ship,,,双体船,,,,,0,0,,,
twin-hull vessel,,,双体船,,,,,0,0,,,
twin-inlet,,,un. 双进气道,,,,,0,0,,,
twin-input reduction gear,,,双主动齿轮减速齿轮,,,,,0,0,,,
twin-input single-output gear,,,双主动齿轮单出轴齿轮,,,,,0,0,,,
twin-jaw crusher,,,双颚式轧碎机,,,,,0,0,,,
twin-jet,'twindʒet,,adj.&n. [航空学]双喷气发动机（飞机）（的）,,,,,0,0,,,
twin-jet nozzle,,,双喷嘴,,,,,0,0,,,
twin-jet pilot,,,双发喷气式飞机飞行员,,,,,0,0,,,
twin-lamp socket,,,双灯座,,,,,0,0,,,
twin-laser,,,双激光器,,,,,0,0,,,
twin-layshaft configuration,,,双中间轴式结构,,,,,0,0,,,
twin-lead,,,[电] 双引线,,,,,0,0,,,
twin-lead type feeder,,,平行双馈线,,,,,0,0,,,
twin-leaf bascule bridge,,,双翼衡重式仰开桥,,,,,0,0,,,
twin-lens,'twinlens,,a. 双透镜的,,,,,0,0,,,
twin-lens camera,,,双镜头照相机,,,,,0,0,,,
twin-lens film scanner,,,双镜头电视电影扫描器,,,,,0,0,,,
twin-lens reflex,,,双镜头反光照相机,,,,,0,0,,,
twin-lens reflex camera,,,双镜头反光照相机,,,,,0,0,,,
twin-lens telecine,,,双镜头电视电影机,,,,,0,0,,,
twin-lift container crane,,,双升降机式货柜起重机,,,,,0,0,,,
twin-lift spreader,,,双吊吊架,,,,,0,0,,,
twin-lift transporter container crane,,,双吊式集装箱装卸桥,,,,,0,0,,,
twin-like,,,un. 似双晶的,,,,,0,0,,,
twin-load bomb,,,双负载热量计,,,,,0,0,,,
twin-lobe cam,,,双凸角凸轮,,,,,0,0,,,
twin-lock,,,双室船闸,,,,,0,0,,,
twin-mast,,,1双桅，龙门桅2A字型轻便钻探架,,,,,0,0,,,
twin-motor,,,un. 双联发动机\n[网络] 双发动机；双电动机,,,,,0,0,,,
twin-motor drive,,,[网络] 双电动机传动,,,,,0,0,,,
twin-motored plane,,,双发动机飞机,,,,,0,0,,,
twin-moulding machine,,,两箱造型机,,,,,0,0,,,
twin-mount dual-purpose gun,,,双管平射高射两用炮,,,,,0,0,,,
twin-pack,,,[网络] 两瓶装；二盒装,,,,,0,0,,,
twin-pan intensive mixer,,,双盘强烈混合机,,,,,0,0,,,
twin-passage bucket elevator,,,双通道箕斗升运机,,,,,0,0,,,
twin-pen recorder,,,双笔记录器,,,,,0,0,,,
twin-pentode multivibrator,,,双五极管多谐振荡器,,,,,0,0,,,
twin-pinion single-output reduction gear,,,双主动齿轮单出轴减速齿轮,,,,,0,0,,,
twin-plane,,,双晶面,,,,,0,0,,,
twin-plane boundary,,,孪晶面边界,,,,,0,0,,,
twin-plane triode,,,双阳极三极管,,,,,0,0,,,
twin-plate clutch,,,双盘离合器,,,,,0,0,,,
twin-plate process,,,双面研磨法,,,,,0,0,,,
twin-plate triode,,,双板极三极管,,,,,0,0,,,
twin-prism separator,,,双棱镜分离器,,,,,0,0,,,
twin-probe snow-density gauge,,,双探针雪密度计,,,,,0,0,,,
twin-prop,,,[网络] 双桅杆,,,,,0,0,s:twin-props,,
twin-propeller,,,双螺旋桨的,,,,,0,0,,,
twin-propeller-plane,,,[网络] 双螺旋桨飞机,,,,,0,0,s:twin-propeller-planes,,
twin-propeller-planes,,,[网络] 双螺旋桨飞机\n(twin-propeller-plane 的复数),,,,,0,0,0:twin-propeller-plane/1:s,,
twin-props,,,[网络] 双支柱,,,,,0,0,0:twin-prop/1:s,,
twin-rail,,,[网络] 分支冠状动脉支架系统,,,,,0,0,s:twin-rails,,
twin-rails,,,[网络] 分支冠状动脉支架系统\n(twin-rail 的复数),,,,,0,0,0:twin-rail/1:s,,
twin-ramjet target,,,双冲压喷气发动机靶机,,,,,0,0,,,
twin-rapier loom,,,双层剑杆织机,,,,,0,0,,,
twin-roil drier,,,[网络] 双辊干燥机,,,,,0,0,,,
twin-roll,,,双滚筒,,,,,0,0,,,
twin-roll drier,,,[网络] 双辊干燥机,,,,,0,0,,,
twin-roll drum drier,,,[化] 双辊干燥机,,,,,0,0,,,
twin-roller chain,,,双列套筒滚子链,,,,,0,0,,,
twin-rope grab,,,双索抓斗,,,,,0,0,,,
twin-rotor,,,[网络] 双转子；双辊,,,,,0,0,s:twin-rotors,,
twin-rotor condenser,,,[网络] 双动片电容器,,,,,0,0,,,
twin-rotor helicopter,,,双旋翼直升机,,,,,0,0,,,
twin-rotor housing,,,双缸体,,,,,0,0,,,
twin-rotor layout,,,双旋翼式布局,,,,,0,0,,,
twin-rotor screw refrigerant compressor,,,双螺桿式冷媒压缩机,,,,,0,0,,,
twin-rotor side-intake-port engine,,,双缸端面进气转子发动机,,,,,0,0,,,
twin-rotors,,,[网络] 双旋翼,,,,,0,0,0:twin-rotor/1:s,,
twin-row,,,双行,,,,,0,0,,,
twin-row drill,,,双行条播机,,,,,0,0,,,
twin-row faller,,,双针排针板,,,,,0,0,,,
twin-rudder,,,双舵,,,,,0,0,,,
twin-rudder vessel,,,un. 双舵船,,,,,0,0,,,
twin-runner type,,,双转轮式,,,,,0,0,,,
twin-screw,'twin'skru:,,"a. [船]双螺旋浆的,双推进器的",j:100,,,,0,0,,,
twin-screw and single-rudder ship,,,[网络] 双车单舵船,,,,,0,0,,,
twin-screw and triple-rudder ship,,,[网络] 双车三舵船,,,,,0,0,,,
twin-screw and twin-rudder ship,,,[网络] 双车双舵船,,,,,0,0,,,
twin-screw conveyor,,,双螺旋输送机,,,,,0,0,,,
twin-screw extruder,,,螺杆挤压机,,,,,0,0,,,
twin-screw feeder,,,双螺旋给料机,,,,,0,0,,,
twin-screw motor ship,,,un. 双桨内燃机船\n[网络] 双螺旋桨内燃机船,,,,,0,0,,,
twin-screw motor vessel,,,[网络] 双螺旋桨内燃机船,,,,,0,0,,,
twin-screw plodder,,,[化] 双螺杆压条机,,,,,0,0,,,
twin-screw polymerization reactor,,,双螺杆聚合器,,,,,0,0,,,
twin-screw pump,,,双螺旋泵,,,,,0,0,,,
twin-screw ship,,,双螺旋桨船,,,,,0,0,,,
twin-screw steamer,,,un. 双桨蒸汽机船\n[网络] 双螺旋桨蒸汽机船,,,,,0,0,,,
twin-screw vessel,,,[网络] 双轴船,,,,,0,0,,,
twin-scroll,,,[网络] 双涡流涡轮；双涡流技术；双头涡旋型线,,,,,0,0,,,
twin-seat bidirectional valve,,,"双座双向阀门, 双座双向阀",,,,,0,0,,,
twin-seat valve with one unidirectional seat and one bidirectional seat,,,一单向座一双向座的双座阀,,,,,0,0,,,
twin-set,,,[服装] 女式两件套毛衣（指一件连衣裙加一件开襟衫）,,,,,0,0,s:twin-sets,,
twin-sets,,plural of twin-set,(twin-set 的复数) [服装] 女式两件套毛衣（指一件连衣裙加一件开襟衫）,,,,,0,0,0:twin-set/1:s,,
twin-shaft,,,双轴的,,,,,0,0,,,
twin-shaft paddle mixer,,,双轴式桨叶拌和机,,,,,0,0,,,
twin-shaft transmission,,,[车辆] 两轴式变速器,,,,,0,0,,,
twin-sheet feeder,,,[计] 双页馈送器,,,,,0,0,,,
twin-shell condenser,,,壳冷凝器，双壳凝汽器,,,,,0,0,,,
twin-shell dry blender,,,[网络] 双壁干式搅拌机,,,,,0,0,,,
twin-ship,'twɪnʃɪp,,孪生,,,,,0,0,,,
twin-side heading method,,,双侧壁导洞法,,,,,0,0,,,
twin-single pump,,,双联单作用泵,,,,,0,0,,,
twin-sister,,,n. 孪生姊妹\n[网络] 双胞胎姐妹；孪生姐妹；双胞胎姐姐,,,,,0,0,,,
twin-six engine,,,水平对置式十二缸发动机,,,,,0,0,,,
twin-size,'twin'saiz,,"a. (床)对床尺寸的(99厘米×191厘米和193厘米)[参较 full-size, king-size, queen-size, 亦作 twin-sized]",,,,,0,0,,,
twin-size bed,ˈtwɪnˌsaɪz,,单人床,,,,,0,0,,,
twin-size Cannon ball bed,,,[木] 双型加农球柱床,,,,,0,0,,,
twin-sized,'twin'saiz,,"adj.\n(床)对床尺寸的(99厘米×191厘米和193厘米)[参较 full-size, king-size, queen-size, 亦作 twin-sized]",,,,,0,0,,,
twin-skeg,,,双艉鳍,,,,,0,0,,,
twin-skeg stem,,,鱼雷型艉,,,,,0,0,,,
twin-skeg stern,,,双导流尾鳍,,,,,0,0,,,
twin-skip system,,,双箕斗提升系统,,,,,0,0,,,
twin-slot line,,,双槽(传输)线,,,,,0,0,,,
twin-spar construction,,,双梁结构,,,,,0,0,,,
twin-speed power take-off,,,双速功率输出轴,,,,,0,0,,,
twin-spinner distributor,,,双转盘式撒肥机,,,,,0,0,,,
twin-spiral water turbine,,,[网络] 双流螺旋式水轮机,,,,,0,0,,,
twin-spiral water-turbine,,,双流蜗壳式水轮机,,,,,0,0,,,
twin-stage,,,双级,,,,,0,0,,,
twin-stand mill,,,双机座轧机,,,,,0,0,,,
twin-station fixture,,,双位夹具,,,,,0,0,,,
twin-steer,,,双转向装置,,,,,0,0,,,
twin-stick,,,[网络] 双摇杆,,,,,0,0,,,
twin-strand continuous casting machine,,,[机] 双股连续铸造机,,,,,0,0,,,
twin-strand mill,,,双线式轧机,,,,,0,0,,,
twin-striation,,,双晶条纹,,,,,0,0,,,
twin-sturt screw,,,[网络] 双螺纹螺杆,,,,,0,0,,,
twin-t,,,un. 双T网络,,,,,0,0,,,
twin-T bridge,,,双T形电桥,,,,,0,0,,,
twin-T filter,,,双T滤波器,,,,,0,0,,,
twin-t network,,,[电] 双T网络,,,,,0,0,,,
twin-tailed,,,[网络] 双尾,,,,,0,0,,,
twin-tandem,,,un. 成对串联\n[网络] 成双串联；金属型高速焊接,,,,,0,0,,,
twin-tandem wheel,,,双串式轮,,,,,0,0,,,
twin-tee filter,,,双T形滤波器,,,,,0,0,,,
twin-tip,,,[网络] 双向板头；双板头,,,,,0,0,,,
twin-to-twin,,, [医]双胎-双胎,,,,,0,0,,,
twin-tower,,,[网络] 双塔,,,,,0,0,,,
twin-town,,,姊妹城,,,,,0,0,s:twin-towns,,
twin-towns,,,姊妹城,,,,,0,0,0:twin-town/1:s,,
twin-track,twin træk,,adj. （尤指核武器裁减建议）双向的,,,,,0,0,s:twin-tracks,,
twin-track airway,,,双航路,,,,,0,0,,,
twin-track procedure,,,双航路航线飞行规则,,,,,0,0,,,
twin-track recorder,,,双声迹录声机,,,,,0,0,,,
twin-track tunnel,,,双线隧道,,,,,0,0,,,
twin-tracking,'twintræk,,adj. (谈判、协议等)双方均作让步的，(尤指核裁军建议)相互的，相应的；双向的；相应的,,,,,0,0,s:twin-trackings,,
twin-trackings,,,adj. (谈判、协议等)双方均作让步的，(尤指核裁军建议)相互的，相应的；双向的；相应的\n(twin-tracking 的复数),,,,,0,0,0:twin-tracking/1:s,,
twin-tracks,'twintræk,,twin-track\n['twintræk]\nadj.\n(谈判、协议等)双方均作让步的，(尤指核裁军建议)相互的，相应的\n双向的；相应的,,,,,0,0,0:twin-track/1:s,,
twin-trailer train,,,双挂车汽车列车,,,,,0,0,,,
twin-triode circuit,,,双三极管电路,,,,,0,0,,,
twin-tub,'twintʌb,,adj. (洗衣机)双缸的,,,,,0,0,,,
twin-tube,,,孪生管,,,,,0,0,s:twin-tubes,,
twin-tube heater,,,双管加热器,,,,,0,0,,,
twin-tube shock absorber,,,双筒式避震器,,,,,0,0,,,
twin-tubes,,,双联管\n[电子] 孪生管,,,,,0,0,0:twin-tube/1:s,,
twin-turbine,,,双流型汽轮机,,,,,0,0,,,
twin-turbine torque converter,,,双涡轮液力变矩器,,,,,0,0,,,
twin-turbo,,,[网络] 双涡轮；是双涡轮增压,,,,,0,0,s:twin-turboes,,
twin-turbocharged,,,[网络] 双涡轮增压,,,,,0,0,,,
twin-turboes,,,[网络] 双涡轮；是双涡轮增压\n(twin-turbo 的复数),,,,,0,0,0:twin-turbo/1:s,,
twin-turbofan aircraft,,,[航] 双涡轮风扇式飞机,,,,,0,0,,,
twin-twin landing gear,,,双复式着陆架,,,,,0,0,,,
twin-twisted bar reinforcement,,,双股扭合钢筋,,,,,0,0,,,
twin-twisted bars,,,双股扭合钢筋,,,,,0,0,,,
twin-twisted wire strand,,,双股扭绞钢丝束,,,,,0,0,,,
twin-type cable,,,铰多心电缆,,,,,0,0,,,
twin-unit pack,,,[网络] 双箱包装,,,,,0,0,,,
twin-volute water pump,,,双蜗壳水泵,,,,,0,0,,,
twin-waggon tipple,,,双厢式倾卸装置,,,,,0,0,,,
twin-wall emitter lateral,,,双壁管,,,,,0,0,,,
twin-walled spacecraft,,,双壁航天器,,,,,0,0,,,
twin-wave interferometer,,,双波干涉仪,,,,,0,0,,,
twin-wheel nose gear,,,双轮前起落架,,,,,0,0,,,
twin-wire,,,"[医] 双镍, 双丝",,,,,0,0,,,
twin-wire appliance,,,双丝弓矫治器,,,,,0,0,,,
twin-wire arch,,,[医] 双丝弓,,,,,0,0,,,
twin-wire control,,,双线操纵;双线控制,,,,,0,0,,,
twin-wire former,,,双网成形装置，双网成形器,,,,,0,0,,,
twin-wire paper-machine,,,[化] 夹网造纸机,,,,,0,0,,,
twin-worm plodder,,,双螺压条机,,,,,0,0,,,
twinage,,,[网络] 双纪元,,,,,0,0,,,
twiname,,, [人名] 特威内姆,,,,,0,0,,,
twinax,,,屏蔽双线馈线,,,,,0,0,s:twinaxes,,
twinax cable,,, [医]双股电缆，双芯电缆,,,,,0,0,,,
twinaxcable,twi'nækskәbl,,双股电缆,,,,,0,0,,,
twinaxes,,,n. 屏蔽双导线馈电线,,,,,0,0,0:twinax/1:s,,
twinaxial,,,双心同轴电缆,,,,,0,0,,,
twinaxial cable,,,[计] 双芯同轴电缆,,,,,0,0,,,
twinbelt conveyor,,,[机] 双带式输送机,,,,,0,0,,,
twinberries,,,"na. 【植】总苞忍冬；蔓虎刺(树,果)\n[网络] 孪生果",,,,,0,0,0:twinberry/1:s,,
twinberry,"'twin,bәri",n shrubby honeysuckle with purple flowers; western North America\nn creeping woody plant of eastern North America with shiny evergreen leaves and scarlet berries,"[植]总苞忍冬, 蔓虎刺",,,,,0,0,s:twinberries,,
twinberry eugenia,,,双果番缨桃,,,,,0,0,,,
twinborn,'twinbɒ:n,a. Born at the same birth.,"a. 双胞胎的, 孪生的",,,,,0,0,,,
twinbrook,,,[网络] 双溪；溪；双溪图书馆,,,,,0,0,,,
twincam,,,[网络] 双凸轮轴式；双顶置凸轮轴；美国,,,,,0,0,,,
twincest,,,[网络] 最重要,,,,,0,0,,,
twincestual,,,[网络] 二次,,,,,0,0,,,
twincestuous,,,[网络] 双重感觉,,,,,0,0,,,
twinch,,,[网络] 孪生,,,,,0,0,,,
twincharger,,,[网络] 双增压；双增压器；双增压系统,,,,,0,0,,,
twinchargers,,,[网络] 双收,,,,,0,0,,,
twinck,,,[网络] 双胞胎,,,,,0,0,,,
twincke,,,[网络] 闪烁,,,,,0,0,,,
twincolter,t'wɪnkəʊltə,,n. 双圆盘开沟器,,,,,0,0,,,
twind,,,[网络] 尾风速；新创公司特韦德公司,,,,,0,0,,,
twindisc-bearing,,,双圆盘轴承,,,,,0,0,,,
twindle,,,[网络] 转轴,,,,,0,0,,,
twindom,,"twindom (plural not attested)\nThe state, condition, or world of twins; twins collectively.\n",,,,,,0,0,,,
twine,twain,v. make by twisting together or intertwining,"n. 合股线, 麻线, 搓\nv. 搓, (使)交织, 编饰, (使)缠绕",v:25/n:75,,,toefl,24356,15215,i:twining/p:twined/d:twined/s:twines/3:twines,,
twine ball,,,合股线球,,,,,0,0,,,
twine can,,,"绳筒,绳盒",,,,,0,0,,,
twine carrier,,,"绳盒,绳筒",,,,,0,0,,,
twine cloth,,,[纺] 轧光线呢,,,,,0,0,,,
twine cutter,,,切绳刀,,,,,0,0,,,
twine deeper,,,un. 绳夹,,,,,0,0,,,
twine fringe,,,高捻度丝繐,,,,,0,0,,,
twine guide plate,,,(打结器的)导绳板,,,,,0,0,,,
twine harness,,,综线，双排综丝,,,,,0,0,,,
twine holder cleaner,,,绳夹清洁器,,,,,0,0,,,
twine holder disc,,,压绳盘,,,,,0,0,,,
twine holder disk,,,un. 压绳盘,,,,,0,0,,,
twine holder mechanism,,,绳夹,,,,,0,0,,,
twine holder plate,,,绳夹板,,,,,0,0,,,
twine keeper,,,绳夹,,,,,0,0,,,
twine knife,,,割绳刀,,,,,0,0,,,
twine knotter,,,捆绳打结器,,,,,0,0,,,
twine machine,,,制线机,,,,,0,0,,,
twine reeler,,,摇线机,,,,,0,0,,,
twine reelers,,,[网络] 缠绕机,,,,,0,0,,,
twine retainer,,,绳夹,,,,,0,0,,,
twine tension device,,,un. 捆绳打捆装置,,,,,0,0,,,
twine thread,,,[网络] 综线,,,,,0,0,,,
twine tying device,,,un. 捆绳打捆装置,,,,,0,0,,,
twine tying mechanism,,,un. 麻绳捆扎机构,,,,,0,0,,,
twine unit,,,麻绳机,,,,,0,0,,,
twine-tying mechanism,,,麻绳打捆机构,,,,,0,0,,,
twined,twaind,"v spin,wind, or twist together\nv arrange or or coil around\nv make by twisting together or intertwining\nv form into a spiral shape\nv duplicate or match\nv bring two objects, ideas, or people together\nv grow as twins\nv give birth to twins",a. 成双的；搓成的,,,,,0,0,0:twine/1:pd,,
twinem,,, [人名] 特威内姆,,,,,0,0,,,
twiner,'twainә,n. someone who intertwines (e.g. threads) or forms something by twisting or interlacing,"n. 缠绕物, 缠绕植物",,,,,0,0,s:twiners,,
twiner mule,,,走锭拈线机,,,,,0,0,,,
twiners,,,n. 缠绕植物\n[网络] 缠绕茎；缠绕藤本,,,,,0,0,0:twiner/1:s,,
twines,twaɪnz,"n a lightweight cord\nv spin,wind, or twist together\nv arrange or or coil around\nv make by twisting together or intertwining\nv form into a spiral shape\nv duplicate or match\nv bring two objects, ideas, or people together\nv grow as twins\nv give birth to twins",n. 盘绕( twine的名词复数 ); 麻线; 捻; 缠绕在一起的东西,,,,,0,0,0:twine/1:s3,,
twinest,twain,,"n.\n二股(或二股以上的)线，麻线，绳子\n搓，捻，搓绳，捻线；交错编织\n缠绕物；盘曲物\n盘绕，卷绕，旋绕\n卷曲；曲折\n缠结，纤结，纤缠\n【植物学】缠绕的枝(或小树枝、小花枝)\nvt.\n搓，捻；使交织，使交错：\nThe girl twined\nher fingers and then untwined them.\n女孩把手指交叉，然后又把它们松开。\n搓成，捻成，交织成，交错成\n编结；编织：\nThey were twining holly into a wreath.\n他们在用冬青枝编一个花圈。\n以卷曲的动作插入；用…扭曲(常与in，into连用)：\nShe twined her fingers in her hair.\n她用手指卷动头发。\n使缠绕；使怀抱；盘绕；围住：\nShe twined the bridal arch with flowers.\n她将新娘拱形头饰用花缠起来。\nThe boy twined his arms around his mother's neck.\n小男孩搂住了妈妈的脖子。\na wreath twining his brow\n环绕在他额上的花环\nvi.\n搓，捻；交织；交错\n盘绕，缠绕：\nThe vine twines around the trunk.\n藤缠绕着树干。\n蜿蜒而行：\nThe snake twined over the ground.\n蛇在地上蜿蜒而行。\n变形：\nvt.\ntwined\n. twining\ntwine2\n[twain]\n[主苏格兰英语]\nvt.,vi.\n(使)分离；剥夺[亦作 twin]",,,,,0,0,,,
twineth,,,[网络] 孪生,,,,,0,0,,,
twinfix,,,[网络] 双头加压螺钉,,,,,0,0,s:twinfixes,,
twinfixes,,,[网络] 双头加压螺钉\n(twinfix 的复数),,,,,0,0,0:twinfix/1:s,,
twinflower,'twinflauә,n. creeping evergreen subshrub of the northern parts of Europe and Asia with delicate fragrant tubular bell-shaped usually pink flowers borne in pairs,n. 林萘花,,,,,0,0,s:twinflowers,,
twinflower dolichos,,,双花扁豆,,,,,0,0,,,
twinflowers,,,n. 忍冬科植物\n[网络] 林奈花；欧洲白蜡；匍匐植物,,,,,0,0,0:twinflower/1:s,,
twinflue,,,双联火道,,,,,0,0,,,
twing,,,[网络] 徐荣；作词人的错；新世代网路精英研习营,,,,,0,0,,,
twing budding,,,短枝芽接,,,,,0,0,,,
twing habit,,,蔓草类型,,,,,0,0,,,
twing twang,,,[网络] wing wing,,,,,0,0,,,
twinge,twindʒ,"n. a sharp stab of pain\nv. feel a sudden sharp, local pain","n. 一阵一阵痛, 刺痛, 剧痛\nvt. 使一阵一阵痛, 使刺痛",v:5/n:95,,,gre,20779,16020,s:twinges/i:twingeing/p:twinged/3:twinges/d:twinged,,
twinge of conscience,,,[法] 良心上的痛苦,,,,,0,0,,,
twinged,twɪn(d)ʒ,imp. & p. p. of Twinge,n. 阵痛；悔恨\nvt. 使刺痛；使感到剧痛\nvi. 刺痛；感到剧痛,,,,,0,0,1:pd/0:twinge,,
twingeing,,"-ing form of twinge\nn. a sharp stab of pain\nv. feel a sudden sharp, local pain","(twinge 的现在分词) n. 一阵一阵痛, 刺痛, 剧痛\nvt. 使一阵一阵痛, 使刺痛",,,,,0,0,0:twinge/1:i,,
twinges,twɪndʒz,"n a sudden sharp feeling\nn a sharp stab of pain\nv cause a stinging pain\nv feel a sudden sharp, local pain\nv squeeze tightly between the fingers",n. 阵痛( twinge的名词复数 ); 刺痛; 一阵思绪（通常指不快的）; 痛苦,,,,,0,0,1:s3/0:twinge,,
Twingi,,,[地名] 图文吉 ( 赞 ),,,,,0,0,,,
twinging,twɪn(d)ʒ,p. pr. & vb. n. of Twinge,n. 阵痛；悔恨\nvt. 使刺痛；使感到剧痛\nvi. 刺痛；感到剧痛,,,,,0,0,1:i/0:twinge,,
twingle,,,[网络] 叮当一声,,,,,0,0,,,
twingo,,,[网络] 雷诺；丽人行；雷诺丽人行,,,,,0,0,s:twingoes,,
twingoes,,,[网络] 雷诺；丽人行；雷诺丽人行\n(twingo 的复数),,,,,0,0,0:twingo/1:s,,
Twingon,,,[地名] 敦贡 ( 缅 ),,,,,0,0,,,
twingy,,,[网络] 抽搐,,,,,0,0,,,
twingyro pendulous gyrocompass,,,双回转仪摆式电罗经,,,,,0,0,,,
twinhead,,,[网络] 伦飞；伦飞电脑；伦飞计算机,,,,,0,0,,,
twinhood,,,[网络] 孪生,,,,,0,0,,,
twinhull,,,un. 双体船壳,,,,,0,0,,,
twinhull craft,,,双体船,,,,,0,0,,,
twinhulled,,,[网络] 双胞胎,,,,,0,0,,,
twinhulls,,,un. 双体\n[网络] 双胴体；双船身,,,,,0,0,,,
twinight,'twainait,,a. <美>[棒](傍晚开始而)连续两场比赛的,,,,,0,0,,,
twining,'twiniŋ,"v spin,wind, or twist together\nv arrange or or coil around\nv make by twisting together or intertwining\nv form into a spiral shape\nv duplicate or match\nv bring two objects, ideas, or people together\nv grow as twins\nv give birth to twins",缠绕的,j:100,,,,48014,36614,0:twine/1:i,,
twining axis,,,孪晶轴,,,,,0,0,,,
twining deformation,,,双晶变形,,,,,0,0,,,
twining herb,,,缠绕草本,,,,,0,0,,,
twining movement,,,缠绕运动,,,,,0,0,,,
twining plant,,,缠绕植物,,,,,0,0,,,
twining shrub,,,缠绕藤本,,,,,0,0,,,
twining stem,,,缠绕茎,,,,,0,0,,,
Twining's pill,,,[医] 特文宁氏丸(含汞、甘汞、吐根),,,,,0,0,,,
"Twining, Nathan Farragut",'twainiŋ,,特文宁(1897～1982)，美国空军将领，美国参谋长联席会议主席（1957～1960）,,,,,0,0,,,
twiningly,,,[网络] 缠绕着,,,,,0,0,,,
Twinings,,"v. spin,wind, or twist together\nv. arrange or or coil around\nv. make by twisting together or intertwining",n. 唐宁茶（茶品牌）,,,,,0,0,,,
twinix,,,[网络] 混合疫苗,,,,,0,0,s:twinixes,,
twinixes,,,[网络] 混合疫苗\n(twinix 的复数),,,,,0,0,0:twinix/1:s,,
twinjet,,n. a jet plane propelled by two jet engines,双喷气发动机,,,,,0,0,s:twinjets,,
twinjets,,,双喷气发动机\n双喷气发动机飞机,,,,,0,0,0:twinjet/1:s,,
twink,,v. i. To twinkle.\nn. A wink; a twinkling.\nn. The chaffinch.,"n. （游戏用语） 高等级带练低等级玩家, 通常通过给与该等级通常无法获得的强力盔甲和武器。",,,,,0,0,s:twinks,,
twinked,,,v. 闪烁；闪耀；〈罕〉眨眼\nn. 眨一下眼；闪光,,,,,0,0,,,
twinkie,'twiŋki,n. a small sponge cake with a synthetic cream filling,n. 奶油夹心蛋糕,n:100,,,,0,35698,s:twinkies,,
Twinkie defence,,,[网络] 甜饼抗辩,,,,,0,0,,,
Twinkie defences,,,[网络] Twinkie防御,,,,,0,0,,,
Twinkie defense,,,(尤指对谋杀事件在法律上的)特威基辩护(把被告的精神失常和越轨行为归因于他吃快餐、炸土豆片和软饮料等糟糕饮食),,,,,0,0,,,
twinkie economics,,,华而不实的经济政策,,,,,0,0,,,
twinkies,,n. a small sponge cake with a synthetic cream filling,n. 夹馅面包,,,,,0,0,0:twinkie/1:s,,
twinkiling,,,"闪烁,闪光",,,,,0,0,,,
twinking,,,v. 闪烁；闪耀；〈罕〉眨眼\nn. 眨一下眼；闪光\n[网络] 汀蔻；波司登；杜若,,,,,0,0,,,
twinkish,,,[网络] 闪闪发光,,,,,0,0,,,
twinkle,'twiŋkl,n. a rapid change in brightness; a brief spark or flash\nv. emit or reflect light in a flickering manner,"n. 闪烁, 闪耀, 瞬息\nvi. 闪烁\nvt. 使闪耀",n:37/v:63,1,,cet4 cet6 ky ielts,12893,12769,p:twinkled/i:twinkling/3:twinkles/d:twinkled/s:twinkles,,
twinkle in one's father's eye,,"twinkle in one's father's eye (plural twinkles in their fathers' eyes)\n(idiomatic, colloquial, humorous) A notional look of anticipation or hope (either for sex or a child) in one's father's eyes at or around the time of one's conception.\n",,,,,,0,0,,,
twinkle roll,,,螺旋式滚转,,,,,0,0,,,
twinkle step,,,闪烁步,,,,,0,0,,,
twinkle toes,,,[网络] 两只迷你腊肠狗闪亮脚趾头；闪光鞋；可能来自卡通形象,,,,,0,0,,,
twinkle twinkle little star,,,[网络] 一闪一闪小星星；星际钝胎；一闪一闪亮晶晶,,,,,0,0,,,
"Twinkle, twinkle, little star",,,[网络] 一闪一闪小星星；星际钝胎；一闪一闪亮晶晶,,,,,0,0,,,
twinkle-toed,t'wɪŋklt'əʊd,,adj. 轻盈快捷的,,,,,0,0,,,
twinkleberry,,,[网络] 双子星,,,,,0,0,,,
twinkled,ˈtwɪŋkəld,imp. & p. p. of Twinkle,v. 闪烁( twinkle的过去式和过去分词 ); （眼睛）闪亮; （经光照耀而）闪闪发光; （舞蹈者的双脚）轻快地移动,,,,,0,0,0:twinkle/1:pd,,
twinkledum,,,[网络] 闪烁,,,,,0,0,,,
twinkler,,n. an object that emits or reflects light in an intermittent flickering manner,n. 发光体,,,,,0,0,s:twinklers,,
twinklers,,,n. 发光体，闪光体,,,,,0,0,0:twinkler/1:s,,
twinkles,ˈtwɪŋkəlz,n a rapid change in brightness; a brief spark or flash\nn merriment expressed by a brightness or gleam or animation of countenance\nv gleam or glow intermittently\nv emit or reflect light in a flickering manner,v. 闪烁( twinkle的第三人称单数 ); （眼睛）闪亮; （经光照耀而）闪闪发光; （舞蹈者的双脚）轻快地移动,,,,,0,0,0:twinkle/1:3s,,
twinklest,'twɪŋk(ə)l,,vi.\n(星等)闪耀，闪烁：\nStars twinkled in the night sky.\n星星在夜空闪烁。\nWe could see the lights on the distant boats twinkling.\n我们能看到远处的船上灯火闪烁。\n(眼睛因愉快、快乐而)闪光，闪亮：\nThe boy's eyes twinkled with mischief.\n小男孩的眼睛闪烁着调皮的神情。\nHer eyes twinkled when she heard the news.\n当听到这个消息时，她两眼闪闪发光。\n(在光线下)闪耀\n(如光线等)闪动；忽隐忽现\n(舞蹈者)双腿迅速轻快地移动\n[古语]眨眼\nvt.\n使闪耀，使闪烁；使(眼睛)闪亮\n放射(光)，闪(光)：\nThe star seemed to twinkle hope to us.\n这颗星星似乎向我们闪烁希望。\n使轻快移动\n[古语]眨(眼)\nn.\n闪耀，闪烁\n(眼睛的)闪光，闪亮，发光\n(舞蹈者双腿的)轻快的移动\n瞬间，一眨眼的瞬间，一刹那，霎时间\n[古语]眨眼\n短语:\na twinkle in one's eye\n见eye\n变形：\nvi.\ntwinkled\n. twinkling,,,,,0,0,,,
twinkleth,,,[网络] 闪烁,,,,,0,0,,,
twinkletoes,,,[网络] 机甲先锋；闪闪脚趾尖,,,,,0,0,,,
twinklier,'twɪŋklɪ,,adj.\n闪耀的，耀眼的，闪闪发光的\n微笑的；欣喜的,,,,,0,0,0:twinkly/1:r,,
twinkliest,,superlative of twinkly\ns smiling with happiness or optimism,"(twinkly 的最高级) adj. 闪耀的, 耀眼的, 闪闪发光的; 微笑的；欣喜的",,,,,0,0,0:twinkly/1:t,,
twinkling,'twiŋkliŋ,s. shining intermittently with a sparkling light,"a. 闪烁的, 闪亮的, 闪光的\nn. 闪烁, 瞬间",j:75/n:25,,,,35193,27007,0:twinkle/1:i/s:twinklings,,
twinkling light,,,闪烁光,,,,,0,0,,,
twinkling map,,,瞬间地图,,,,,0,0,,,
twinkling of stars,,,星闪〔动〕,,,,,0,0,,,
twinkling stars,,,闪烁星,,,,,0,0,,,
twinklingly,'twiŋkliŋ,,twinklingly\nadv.\ntwinkling的变形\ntwinkling\n['twiŋkliŋ]\nvi.\ntwinkle的变形\nn.\n闪耀，闪烁；闪光，闪亮\n瞬间，一刹那，瞬时\n[废语]眨眼\nadj.\n闪耀的，闪烁的；闪亮的，闪闪发光的\n短语:\nin\na(或the) twinkling of an eye(或of a bedpost)\n转瞬间，一刹那，一眨眼的工夫,,,,,0,0,,,
twinklings,'twɪŋk(ə)lɪŋ; 'twɪŋklɪŋ,,n. 闪烁；瞬间\nadj. 闪烁的；闪亮的\nv. 闪烁（twinkling的ing形式）,,,,,0,0,0:twinkling/1:s,,
twinkly,'twɪŋklɪ,s smiling with happiness or optimism,"a. 闪耀的, 耀眼的, 闪闪发光的; 微笑的；欣喜的",j:100,,,,0,35801,r:twinklier/t:twinkliest,,
twinkly-eyed,,,[网络] 闪烁的眼睛,,,,,0,0,,,
twinks,,-s form of twink\nv. i. To twinkle.\nn. A wink; a twinkling.\nn. The chaffinch.,"(twink 的第三人称 -s形式) n. （游戏用语） 高等级带练低等级玩家, 通常通过给与该等级通常无法获得的强力盔甲和武器。",,,,,0,0,0:twink/1:s3,,
twinky,,,[网络] 猛男情挑玉女心；丁奇,,,,,0,0,,,
twinlab,,,[网络] 天来；液体钙；维生素,,,,,0,0,,,
twinlead,"'twin,li:d",,双芯引线,,,,,0,0,,,
Twinleaf,"'twin,li:f",n. See Jeffersonia.,鲜黄连属,,,,,0,0,,,
twinleafs,,,[网络] 双桅帆船,,,,,0,0,,,
twinlepi,,,[网络] 孪生,,,,,0,0,,,
twinless,,,[网络] 双胞胎,,,,,0,0,,,
twinlight,,,[网络] 双子座,,,,,0,0,,,
twinlike,,,un. 似双晶的,,,,,0,0,,,
twinling,,"n. A young or little twin, especially a twin lamb.",n. twin的变形,,,,,0,0,,,
twinlings,twin,,twinling\nn.\ntwin1的变形\ntwin1\n[twin]\nn.\n孪生儿之一；双胞胎之一；[复数]双胎，双生儿，双胞胎，孪生儿\n(外表、外形、构造等)极相似的两个人(或物)\n[the Twins]【天文学】双(子)星座；双子宫\n[亦作 twin room](旅馆内的)双人房间\n[亦作 hemitrope]【晶体学】孪晶\n双人床(= twin bed)\nadj.\n孪生的，双生的，双胞胎的\n孪生儿之一的，双胞胎之一的\n由两个相似的部分组成的；成双的，成对的\n【生物学】成双成对的\n【晶体学】孪晶的，双晶的\n两倍的，双重的\nvi.\n生双胞胎，生孪生儿\n(与…)成双(或成对)\n【晶体学】形成孪晶\n[古语]在同一胎中出生，孪生\nvt.\n怀(或生)(双胞胎或孪生儿)\n为…提供配对物，为…配对\n使成双，使成对；使相连：\nHis name will always be twinned with that of our school.\n他的名字将和我们学校的名字永远联系在一起。\n【晶体学】形成孪晶\n使结成姊妹城市(与with连用)：\nParis is twinned with Beijing.\n巴黎和北京结成姊妹城市。\n变形：\nvi.\ntwinned\n. twinning,,,,,0,0,,,
twinly,,,[网络] 孪生,,,,,0,0,,,
twinn,,, [人名] [英格兰人姓氏] 特温 Twin的变体,,,,,0,0,,,
twinned,twind,"v duplicate or match\nv bring two objects, ideas, or people together\nv grow as twins\nv give birth to twins\ns being two identical","a. 成双成对的, 一胎双生的, [晶]孪晶生成",j:100,,,,0,42074,0:twin/1:dp,,
twinned acicular martensite,,, 孪晶针状马氏体,,,,,0,0,,,
twinned binary,,,[计] 孪生二进制,,,,,0,0,,,
twinned binary code,,,[计] 孪生二进制码,,,,,0,0,,,
twinned composite,,,双晶复合体,,,,,0,0,,,
twinned crystal,,,[化] 孪晶,,,,,0,0,,,
twinned crystal plate,,,双晶试板,,,,,0,0,,,
twinned dachiardite,,,双晶环沸石,,,,,0,0,,,
twinned dendrite,,,对生枝晶,,,,,0,0,,,
twinned deposit,,,孪生沉积物,,,,,0,0,,,
twinned distributions,,,孪生分布,,,,,0,0,,,
twinned flat car,,,双联平车,,,,,0,0,,,
twinned flight locks,,,双线梯级船闸,,,,,0,0,,,
twinned glacier,,,双股冰川,,,,,0,0,,,
twinned groove,,,双纹,,,,,0,0,,,
twinned grooves,,,重纹,,,,,0,0,,,
twinned intergrowth,,,双晶共生;双晶交生,,,,,0,0,,,
twinned lattice,,,双晶晶格,,,,,0,0,,,
twinned layer,,,孪生层,,,,,0,0,,,
twinned martensite,,,[网络] 孪晶马氏体；挛晶型马氏体,,,,,0,0,,,
twinned material,,,un. 孪生物质,,,,,0,0,,,
twinned plate martensite,,,[网络] 孪晶化片状马氏体,,,,,0,0,,,
twinned region,,,孪生区域,,,,,0,0,,,
twinned single rigid rapiers,,,双层刚性单剑杆,,,,,0,0,,,
twinner,,n. One who gives birth to twins; a breeder of twins., 孪生者；生双胎者；孪生面重入棱,,,,,0,0,,,
twinners,,,[网络] 双胞胎,,,,,0,0,,,
twinness,,,[网络] 双生性；双生性或成对性,,,,,0,0,,,
twinnest,twɪn,,n. 孪生儿之一；双胞胎之一；[复数]双胎，双生儿，双胞胎，孪生儿；[亦作 twin room](旅馆内的)双人房间\nadj. 孪生的，双生的，双胞胎的；孪生儿之一的，双胞胎之一的\nvi. 生双胞胎，生孪生儿；(与…)成双(或成对),,,,,0,0,,,
Twinnge,,,[地名] 敦额 ( 缅 ),,,,,0,0,,,
twinnie,,,[网络] 汤施施,,,,,0,0,,,
twinnies,,,[网络] 双胞胎,,,,,0,0,,,
twinning,'twiniŋ,"v duplicate or match\nv bring two objects, ideas, or people together\nv grow as twins\nv give birth to twins\ns producing two offspring at a time","n. 孪生, 成对\n[医] 对裂, 成对; 双生, 双胎生成",,,,,0,0,0:twin/1:i/s:twinnings,,
twinning axis,,,"双晶轴,双轴",,,,,0,0,,,
twinning axis (twin axis),,,双晶轴,,,,,0,0,,,
twinning band,,,双晶带,,,,,0,0,,,
twinning by lattice merohedry,,,晶格缺面双晶,,,,,0,0,,,
twinning by lattice pseudomerohedry,,,假晶格缺面双晶,,,,,0,0,,,
twinning by merohedry,,,缺面双晶,,,,,0,0,,,
twinning by pseudomerohedry,,,假缺面双晶,,,,,0,0,,,
twinning center,,,双晶中心,,,,,0,0,,,
twinning deformation,,,孪生变形,,,,,0,0,,,
twinning dislocation,ˈtwɪnɪŋ ˌdɪsloˈkeʃən,, 孪晶位错,,,,,0,0,,,
twinning displacement,,,双晶位移,,,,,0,0,,,
twinning energy,,,双晶（形成）能,,,,,0,0,,,
twinning gliding,,,双晶滑动,,,,,0,0,,,
twinning lamella,,,双晶片,,,,,0,0,,,
twinning law,,,双晶律,,,,,0,0,,,
twinning machine,,,双绞机,,,,,0,0,,,
twinning obliquity,,,双晶斜度,,,,,0,0,,,
twinning phenomenon,,,un. 生成孪晶的现象,,,,,0,0,,,
twinning plane,,,孪生面,,,,,0,0,,,
twinning plane (twin plane),,,双晶面,,,,,0,0,,,
twinning plant,,,缠绕植物,,,,,0,0,,,
twinning rate,,,双胎率,,,,,0,0,,,
twinnings,,"plural of twinning\nv duplicate or match\nv bring two objects, ideas, or people together\nv grow as twins\nv give birth to twins\ns producing two offspring at a time","(twinning 的复数) n. 孪生, 成对\n[医] 对裂, 成对; 双生, 双胎生成",,,,,0,0,0:twinning/1:s,,
twinnite,,,直硫锑铅矿,,,,,0,0,,,
twinny,,,[网络] 双胞胎,,,,,0,0,,,
twinplex,,,四信路制; 双路移频制; 双路制,,,,,0,0,,,
twinplex plotter,,,双投影器测图仪，双镜绘图仪,,,,,0,0,,,
twinpod ninebark,,,双荚风箱果,,,,,0,0,,,
Twinrix,,,甲肝和乙肝疫苗,,,,,0,0,,,
twinrix'r,,,[网络] 双胞胎,,,,,0,0,,,
twinroll,twɪn'rəʊl,,adj. 双滚筒的,,,,,0,0,,,
Twins,,n. (mineralogy) two interwoven crystals that are mirror images on each other,"n. 双子座, 双子宫",,,,,0,0,0:twin/1:s3/s:twinss,,
twins at a birth,,,一窝二子,,,,,0,0,,,
twins paradox,,,双胎佯谬,,,,,0,0,,,
twinsburg,,, [地名] [美国] 特温斯堡,,,,,0,0,,,
twinscrew,,,双螺桿,,,,,0,0,,,
twinse,,,[网络] 孪生,,,,,0,0,,,
twinset,ˈtwɪnset,,"n. 两件套, 运动衫裤",,,,,0,0,s:twinsets,,
twinsets,,plural of twinset,"(twinset 的复数) n. 两件套, 运动衫裤",,,,,0,0,0:twinset/1:s,,
twinship,t'wɪnʃɪp,, 孪生,,,,,0,0,,,
twinships,'twɪnʃɪp,,孪生,,,,,0,0,,,
twinsix engine,,,双六缸发动机,,,,,0,0,,,
twinspot,,,[网络] 双光点,,,,,0,0,,,
twinspots,,,[网络] 背甲上的双点；孪生斑；发现,,,,,0,0,,,
twinss,twɪnz,,Twins\n[twins]\nn.\n【天文学】双子星座 (= Gemini),,,,,0,0,0:twins/1:s,,
twinter,,,n. 二岁羊,,,,,0,0,,,
twinters,,,[网络] 两点,,,,,0,0,,,
twinterview,,,[网络] 推访,,,,,0,0,,,
twintree,,,[网络] 双胞胎,,,,,0,0,,,
twintube,twɪnt'juːb,,n.孪生管(双联管),,,,,0,0,,,
twinver form,,,水平双网纸机,,,,,0,0,,,
twinver press,,,双压区压榨,,,,,0,0,,,
twinwoods,,,[网络] 双栖山庄,,,,,0,0,,,
twiny,,,a. twine的变形,,,,,0,0,,,
twip,,,[计] 缇,,,,,0,0,,,
twippo,,,[网络] 第三代杨森熙,,,,,0,0,,,
twips,,,[网络] 缇,,,,,0,0,,,
twire,twaɪə,"n. A twisted filament; a thread.\nv. i. To peep; to glance obliquely; to leer.\nv. i. To twinkle; to glance; to gleam.\nv. i. To sing, or twitter.",vt. [古语、方言]；羞怯(或狡黠)地瞅着；偷看；窥视,,,,,0,0,,,
twire-pipe,,,[网络] 双管,,,,,0,0,,,
twireason,,,[网络] 双胞胎,,,,,0,0,,,
twired,twaiə,,twired\nvt.\ntwire的变形\ntwire\n[twaiə]\nvt.\n[古语、方言]\n羞怯(或狡黠)地瞅着；偷看；窥视\n[比喻]闪烁；眨眼\n变形：\nvt.\ntwired\n. twiring,,,,,0,0,,,
twires,twaɪə,,vt.\n[古语、方言]\n羞怯(或狡黠)地瞅着；偷看；窥视\n[比喻]闪烁；眨眼\n变形：\nvt.\ntwired\n. twiring,,,,,0,0,,,
twiring,twaiə,,twiring\nvt.\ntwire的变形\ntwire\n[twaiə]\nvt.\n[古语、方言]\n羞怯(或狡黠)地瞅着；偷看；窥视\n[比喻]闪烁；眨眼\n变形：\nvt.\ntwired\n. twiring,,,,,0,0,,,
twirk,,,[网络] twerk,,,,,0,0,,,
twirl,twә:l,v. turn in a twisting or spinning motion,"vt. (使)快速转动, 捻弄\nn. 转动, 万能钥匙, 旋转的东西",n:10/v:90,1,,,20580,10782,p:twirled/i:twirling/3:twirls/s:twirls/d:twirled,,
twirl one's thumbs,,,"抚弄大拇指, 闲得无聊",,,,,0,0,,,
twirl our thumbs,,,vi. 抚弄大拇指(闲得无聊；不耐烦地靡时间),,,,,0,0,,,
twirl-,twɜː(r)l,,v. 转动；使轻快地转动；使旋转；（用手指）缠绕\nn. （人）旋转一周\n[网络] 旋转扭曲；涡形旋转；漩涡,,,,,0,0,,,
twirlable,,,[网络] 可旋转,,,,,0,0,,,
twirled,twɜ:ld,imp. & p. p. of Twirl,v. （使）快速转动( twirl的过去式和过去分词 ); （使）快速旋转; 扭动; 卷曲,,,,,0,0,0:twirl/1:pd,,
twirler,'twә:lә,n someone who twirls a baton\nn (baseball) the person who does the pitching,n. 军乐队领队,n:100,,,,0,40707,s:twirlers,,
twirlers,,,n. <美><加>军乐队（女）领队（或指挥）( twirler的名词复数 ),,,,,0,0,0:twirler/1:s,,
twirlier,twə:l,,twirly\nadv.\ntwirl的变形\ntwirl\n[twə:l]\nvt.\n旋转；转动：\nShe twirled the knob of the door.\n她转动门把手。\n捻，搓，捻(须)；盘绕，卷：\nThe man twirled his moustache.\n那个人捻小胡子。\n[美国英语]【棒球】投(球)\nvi.\n旋转；转动；回旋：\nThe ball was twirling about on the ground.\n球在地上团团转。\nHe twirled around and ran away.\n他转身跑了。\n[美国英语]【棒球】投球；当投手\nn.\n旋转，转动，回旋\n搓，捻；盘绕，卷曲\n(装饰花体字的)曲线；(手写花体字上的)花饰\n[美国俚语]万能钥匙\n短语:\ntwirl one's thumbs\n见 thumb,,,,,0,0,,,
twirliest,twə:l,,twirly\nadv.\ntwirl的变形\ntwirl\n[twə:l]\nvt.\n旋转；转动：\nShe twirled the knob of the door.\n她转动门把手。\n捻，搓，捻(须)；盘绕，卷：\nThe man twirled his moustache.\n那个人捻小胡子。\n[美国英语]【棒球】投(球)\nvi.\n旋转；转动；回旋：\nThe ball was twirling about on the ground.\n球在地上团团转。\nHe twirled around and ran away.\n他转身跑了。\n[美国英语]【棒球】投球；当投手\nn.\n旋转，转动，回旋\n搓，捻；盘绕，卷曲\n(装饰花体字的)曲线；(手写花体字上的)花饰\n[美国俚语]万能钥匙\n短语:\ntwirl one's thumbs\n见 thumb,,,,,0,0,,,
twirlification,,,[网络] 旋转,,,,,0,0,,,
twirling,'twә:liŋ,v turn in a twisting or spinning motion\nv cause to spin,v. 使快速转动（twirl的ing形式）,j:100,,,,0,36447,0:twirl/1:i/s:twirlings,,
twirling baton,,,[网络] 舞动指挥棒,,,,,0,0,,,
twirling of needle,,,捻转,,,,,0,0,,,
twirlingly,,,[网络] 旋转地,,,,,0,0,,,
twirlings,,,[网络] 旋转,,,,,0,0,0:twirling/1:s,,
twirls,twɜ:lz,n a sharp bend in a line produced when a line having a loop is pulled tight\nn the act of rotating rapidly\nv turn in a twisting or spinning motion\nv cause to spin,v. （使）快速转动( twirl的第三人称单数 ); （使）快速旋转; 扭动; 卷曲,,,,,0,0,0:twirl/1:3s,,
twirly,'twə:li,,adv. 急速旋转,,,,,0,0,,,
twirp,twә:p,"n someone who is regarded as contemptible\nv make a weak, chirping sound","n. 鄙劣之人, 粗俗的人",,,,,0,0,s:twirps,,
twirps,twɜːp,,n. 可鄙的人；讨厌的人（等于twerp）,,,,,0,0,0:twirp/1:s,,
TWIS,,,"[=treatment write-in scale]将治疗写入标准,制定治疗标准",,,,,0,0,,,
twiscar,,,[网络] 推斯卡；关于推斯卡；后提的推斯卡,,,,,0,0,,,
Twisday,,,[网络] 二十二日,,,,,0,0,,,
twise,,,[网络] 寻找合唱；扭曲；我很想爱他,,,,,0,0,,,
twiser case,,,[网络] 疏水箱,,,,,0,0,,,
twish,,,[网络] 淘愿网,,,,,0,0,,,
twisk,,,[网络] 吹法螺；特维斯克,,,,,0,0,,,
twisleton,,, [人名] 特威斯尔顿,,,,,0,0,,,
twism,,,[网络] 无极；无极音响,,,,,0,0,,,
Twisp,,,[网络] 特威斯普；专业主机代管,,,,,0,0,,,
twispeche,,,[网络] 二分之一,,,,,0,0,,,
twiss,,, [人名] [英格兰人姓氏] 特威斯 Twist的变体,,,,,0,0,s:twisses,,
twissel,,"twissel (comparative more twissel, superlative most twissel)\n(obsolete) Double; twofold.\n\n\ntwissel (plural twissels)\n(rare) A double fruit or a pair of like things growing on a tree.\n(rare) That part of a tree where the branches separate from the trunk or bole; a fork.\n",,,,,,0,0,,,
twisses,,,n. (Twiss)人名；(英)特威斯,,,,,0,0,0:twiss/1:s,,
twissle,,,[网络] 扭曲,,,,,0,0,,,
twist,twist,n. a jerky pulling movement\nn. social dancing in which couples vigorously twist their hips and arms in time to the music; was popular in the 1960s\nn. turning or twisting around (in place)\nv. turn in the opposite direction,"n. 一扭, 扭曲, 曲折, 歪曲, 螺旋状, 新手法\nvt. 拧, 扭, 捻, 编织, 使扭转, 缠绕, 盘绕, 歪曲, 使转动, 使苦恼, 使混乱, 使旋转\nvi. 转向, 弯曲, 缠绕, 扭动, 呈螺旋形",n:40/v:60,3,1,gk cet4 cet6 ky toefl ielts,3673,3759,p:twisted/i:twisting/d:twisted/s:twists/3:twists,,
twist ... arm,,,[网络] 强迫；施压；纠缠,,,,,0,0,,,
twist accumulation,,,捻度堆积,,,,,0,0,,,
twist action,,,扭转作用,,,,,0,0,,,
twist amplifier,,,扭转放大器,,,,,0,0,,,
twist and steer,,,[航] 滚转换向,,,,,0,0,,,
twist and steer control,,,联合操纵系统,,,,,0,0,,,
twist and turn,,,"迂回曲折,辗转反侧",,,,,0,0,,,
twist and turns,,,迂回曲折,,,,,0,0,,,
twist angle,,,扭转角,,,,,0,0,,,
twist angle of blade,,,叶片扭角,,,,,0,0,,,
twist angle of strands,,,索拧角,,,,,0,0,,,
twist arm,,,[网络] 强迫；施压；纠缠,,,,,0,0,,,
twist around,twist əˈraund,," （使）旋转运动; 歪曲, 曲解; 歪七扭八",,,,,0,0,,,
twist auger,,,螺旋钻,,,,,0,0,,,
twist balance index,,,[纺] 捻度平衡指数,,,,,0,0,,,
twist bar,,,扭杆,,,,,0,0,,,
twist barrel,,,金属缠制的枪管,,,,,0,0,,,
twist bevel gear,,,扭转斜齿轮,,,,,0,0,,,
twist bit,twist bit,, 螺旋钻，麻花活钻头，麻花钻头,,,,,0,0,s:twist bits,,
twist bits,,,捩锥\n[机] 螺旋钻,,,,,0,0,0:twist bit/1:s,,
twist blade,,,扭叶片,,,,,0,0,,,
twist blades,,,扭转叶片,,,,,0,0,,,
twist blockage,,,阻隔加捻,,,,,0,0,,,
twist boat,,,[化] 扭船式,,,,,0,0,,,
twist boat form,,,扭船式,,,,,0,0,,,
twist boundaries,,,扭转晶界,,,,,0,0,,,
twist boundary,,,扭转晶界,,,,,0,0,,,
twist brain (or interbrain),,,间脑,,,,,0,0,,,
twist bread,,,麻花状面包,,,,,0,0,,,
twist break method,,,解捻法,,,,,0,0,,,
twist center,,,扭转中心,,,,,0,0,,,
twist centre,,,扭转中心,,,,,0,0,,,
twist chair,,,[化] 扭椅式,,,,,0,0,,,
twist change over region,,,捻度转换区,,,,,0,0,,,
twist change wheel,,,捻度变换齿轮,,,,,0,0,,,
twist coefficient,,,捻系数,,,,,0,0,,,
twist coil chain,,,扭节链,,,,,0,0,,,
twist conformation,,,[化] 扭型构象,,,,,0,0,,,
twist congestion,,,加捻堵塞,,,,,0,0,,,
twist constant,,,捻度常数,,,,,0,0,,,
twist contraction,,,捻缩,,,,,0,0,,,
twist contraction rate,,,捻缩率,,,,,0,0,,,
twist cop,,,走锭大管纱,,,,,0,0,,,
twist counter,,,测扭器,,,,,0,0,,,
twist course,,,扭曲试验跑道,,,,,0,0,,,
twist crimped yarn,,,加捻鬈曲纱,,,,,0,0,,,
twist density,,,[纺] 加捻密度,,,,,0,0,,,
twist digree,,,捻度,,,,,0,0,,,
twist direction,,,捻向,,,,,0,0,,,
twist disclination,,,扭曲向错,,,,,0,0,,,
twist distribution,,,扭转分布,,,,,0,0,,,
twist disturbance,,,干扰加捻,,,,,0,0,,,
twist dive,,,转体跳水,,,,,0,0,,,
twist drill,,,[化] 麻花钻,,,,,0,0,s:twist drills,,
twist drill cutter,,,un. 麻花钻槽铣刀\n[网络] 花钻铣刀,,,,,0,0,,,
twist drill for wood working,,,木工麻花钻,,,,,0,0,,,
twist drill grinder,,,[机] 麻花钻磨床,,,,,0,0,,,
twist drill grinding machine,,,[机] 麻花钻磨床,,,,,0,0,,,
twist drill milling machine,,,[机] 麻花钻铣床,,,,,0,0,,,
twist drill with oil hole,,,内冷却麻花钻,,,,,0,0,,,
twist drill with oversize taper shank,,,粗锥柄麻花钻,,,,,0,0,,,
twist drills,,,[网络] 麻花钻；钻头；蔴花钻头,,,,,0,0,0:twist drill/1:s,,
twist effect,,,扭曲效应,,,,,0,0,,,
twist equalizer,,,扭型均衡器,,,,,0,0,,,
twist eye bit,,,螺旋钻,,,,,0,0,,,
twist factor,,,扭转[卷曲]因子,,,,,0,0,,,
twist flat drill,,,麻花平钻,,,,,0,0,,,
twist forging,,,绞扭加工,,,,,0,0,,,
twist free finishing mill,,,un. 无扭精轧机\n[网络] 无扭转精轧机,,,,,0,0,,,
twist fringing device,,,捻边装置,,,,,0,0,,,
twist gear,,,捻度齿轮,,,,,0,0,,,
twist gimlet,,,手摇钻,,,,,0,0,,,
twist gliding,,,扭转滑动,,,,,0,0,,,
twist grip,,,(摩托车的)可转动把手,,,,,0,0,,,
twist hold-back,,,加捻阻塞,,,,,0,0,,,
twist in different direction,,,交互捻,,,,,0,0,,,
twist in same direction,,,同向捻,,,,,0,0,,,
twist in the wind,twist in ðə wind,,悬着，处于不确定状态,,,,,0,0,,,
twist into,,,"(使)扭成, 拧成",,,,,0,0,,,
twist iron,,,铰钳,,,,,0,0,,,
twist irregularity,,,捻度不匀,,,,,0,0,,,
twist it down,,,狼吞虎咽,,,,,0,0,,,
twist joint,,,"绞接,扭转(头)",,,,,0,0,,,
twist lace,,,拈编花边,,,,,0,0,,,
twist leather rope,,,绞合皮绳,,,,,0,0,,,
twist level,,,捻级,,,,,0,0,,,
twist link type chain,,,扭节式胎链,,,,,0,0,,,
twist linker,,,(小香肠)自动扭结机,,,,,0,0,,,
twist linker machine,,,"自动充填结扎机〔肉品〕, 自动充填结扎机",,,,,0,0,,,
twist liveliness,,,捻度不稳定性,,,,,0,0,,,
twist lock,,,扭锁,,,,,0,0,,,
twist lock span,,,[网络] 扭锁销,,,,,0,0,,,
twist loop formation,,,环圈歪斜,,,,,0,0,,,
twist machine,,,拧转式放炮器,,,,,0,0,,,
twist magnetostriction,,, 扭转磁致伸缩,,,,,0,0,,,
twist mapping,,,扭转映射,,,,,0,0,,,
twist mechanism,,,扭转机构,,,,,0,0,,,
twist migration,,,捻度转移,,,,,0,0,,,
twist mode,,,扭转型,,,,,0,0,,,
twist moment,,,扭矩,,,,,0,0,,,
twist morphism,,,[网络] 扭曲态度,,,,,0,0,,,
twist motion,,,扭转运动,,,,,0,0,,,
twist multiplier,,,粘度系数,,,,,0,0,,,
twist number,,,捻度,,,,,0,0,,,
twist of blade,,,叶片扭角,,,,,0,0,,,
twist of elliptic curve,,,椭圆曲线的扭曲,,,,,0,0,,,
twist of fate,,,[网络] 命运之轮；命运的拧；致命扭曲,,,,,0,0,,,
twist of fiber,,,[化] 纤维的捻度,,,,,0,0,,,
twist of rifling,,,膛线缠度,,,,,0,0,,,
twist of surface,,,面扭曲,,,,,0,0,,,
twist of the jet,,,喷射偏转，射转扭转,,,,,0,0,,,
twist of the wrist,,,巧妙的手腕,,,,,0,0,,,
twist of triangulation,,,三角网扭曲,,,,,0,0,,,
twist of wood,,,木材扭转,,,,,0,0,,,
twist off,,,扭断,,,,,0,0,,,
twist off cap,,,un. 四旋盖,,,,,0,0,,,
twist on twist,,,[化] 同向捻合,,,,,0,0,,,
twist one's arm,,,v. 强迫某人做某事,,,,,0,0,,,
twist outlet,,,流风口,,,,,0,0,,,
twist pair cable,,,对绞电缆,,,,,0,0,,,
twist pair line,,,un. 双钮线,,,,,0,0,,,
twist pair type telephone cable,,,扭绞四芯电话电缆,,,,,0,0,,,
twist pin,,,扭销,,,,,0,0,,,
twist pitch of rifling,,,缠度,,,,,0,0,,,
twist plane,,,扭转面,,,,,0,0,,,
twist pliers,,,绞钳,,,,,0,0,,,
twist propagation,,,捻回传递,,,,,0,0,,,
twist reflector,,,扭转极化反射器,,,,,0,0,,,
twist reflector antenna,,,扭转极化反射器天线,,,,,0,0,,,
twist regulation,,,(电线的)扭绞调整,,,,,0,0,,,
twist retraction,,,捻缩,,,,,0,0,,,
twist rope,,,打绳,,,,,0,0,,,
twist rotation,,,扭转,,,,,0,0,,,
twist round,,,"(使)旋转运动; 歪曲, 曲解",,,,,0,0,,,
twist sb around your little finger,,,[网络] 扭转你的小手指sb,,,,,0,0,,,
twist sb's arm,,,强迫,,,,,0,0,,,
twist sb.'s arm,,,"倒扭某人的手臂, 强迫某人",,,,,0,0,,,
twist selvedge,,,螺旋布边,,,,,0,0,,,
twist setter,,,定捻器,,,,,0,0,,,
twist setting,,,定捻处理,,,,,0,0,,,
twist shrinkage,,,捻缩,,,,,0,0,,,
twist somebody's arm,,,na. 倒扭某人手臂；向某人施加压力,,,,,0,0,,,
twist someon's arm,,,倒扭某人的手腕；[口语]强迫某人，威逼某人，向某人施加压力,,,,,0,0,,,
twist someone around one's fingers,,,左右某人，随意摆布某人；随心所欲地驱使某人(常指子女对父亲，妻子对丈夫等),,,,,0,0,,,
twist someone around one's little finger,,,能任意摆布某人，能轻易控制(或影响)某人,,,,,0,0,,,
twist someone around one's little fingers,,,左右某人，随意摆布某人；随心所欲地驱使某人(常指子女对父亲，妻子对丈夫等),,,,,0,0,,,
twist someone round one's fingers,,,左右某人，随意摆布某人；随心所欲地驱使某人(常指子女对父亲，妻子对丈夫等),,,,,0,0,,,
twist someone round one's little fingers,,,左右某人，随意摆布某人；随心所欲地驱使某人(常指子女对父亲，妻子对丈夫等),,,,,0,0,,,
twist someone's arm,,,[网络] 施加压力；强迫或威胁某人做某事；强迫某人做某事,,,,,0,0,,,
twist strain,,,应变,,,,,0,0,,,
twist stress,,,应力,,,,,0,0,,,
twist stress relaxation,,,[化] 扭应力松弛,,,,,0,0,,,
twist switch,,,un. 扭转开关\n[网络] 旋钮开关,,,,,0,0,,,
twist system,,,换位消感制;换位制,,,,,0,0,,,
twist takeup,,,捻缩,,,,,0,0,,,
twist test,,,扭转试验,,,,,0,0,,,
twist tester,,,捻度试验机;检捻器,,,,,0,0,,,
twist testing machine,,,捻度试验机,,,,,0,0,,,
twist the knife,,,[网络] 落井下石；在伤口上洒盐；揭人伤疤,,,,,0,0,,,
twist the lion's tail,,,触犯英国,,,,,0,0,,,
twist the tail of someone,,,触犯某人；惹怒某人；使某人服帖；对某人施加压力[亦作 twist someone's tail],,,,,0,0,,,
twist theorem,,,扭转定理,,,,,0,0,,,
twist thread,,,捻线,,,,,0,0,,,
twist tie,,,[网络] 扎线；塑胶袋；包胶铁线,,,,,0,0,,,
twist together,twist təˈɡeðə,, 扭结,,,,,0,0,,,
twist torque,,,捻矩,,,,,0,0,,,
twist triangle point,,,加捻三角点,,,,,0,0,,,
twist trough,,,un. 扭转导板\n[网络] 扭转导槽,,,,,0,0,,,
twist tube threading,,,捻管生头,,,,,0,0,,,
twist type piston ring,,,扭曲式活塞环,,,,,0,0,,,
twist type ring,,,扭曲环,,,,,0,0,,,
twist untwist method,,,加捻解捻法,,,,,0,0,,,
twist up,,,"扭歪, 弄歪, 把...弄得很不正常",,,,,0,0,,,
twist variation,,,捻度变异,,,,,0,0,,,
twist vibration,,,振,,,,,0,0,,,
twist warp,,,扭曲,,,,,0,0,,,
twist wave guide,,,扭转导波管,,,,,0,0,,,
twist waveguide,,,扭旋波导管,,,,,0,0,,,
twist weave,,,[网络] 绢筛,,,,,0,0,,,
twist web,,,麻花钻心,,,,,0,0,,,
twist winding,,,绞合绕组,,,,,0,0,,,
twist wire weave,,,捻织网,,,,,0,0,,,
twist wood,,,[网络] 扭木,,,,,0,0,s:twist woods,,
twist woods,,,[网络] 扭木\n(twist wood 的复数),,,,,0,0,0:twist wood/1:s,,
twist wrapper,,,(糖果)扭结包装纸,,,,,0,0,,,
twist wrapping machine,,,扭转包覆机,,,,,0,0,,,
twist yarn,,,捻纱,,,,,0,0,,,
twist-ability,,,n. twistable的变形,,,,,0,0,,,
twist-against-twist,,,反向加捻,,,,,0,0,,,
twist-and-contraction meter,,,捻度试验仪,,,,,0,0,,,
twist-buckling,,,扭转挫曲,,,,,0,0,,,
twist-drill,t'wɪstdr'ɪl,, [医]麻花钻（头），螺旋钻头; 扭钻; 扳钻,,,,,0,0,,,
twist-drill cutter,,,麻花钻槽铣刀,,,,,0,0,,,
twist-er,'twɪstə,,n. 缠绕者；不可靠的人；难题；旋转球；饶口令,,,,,0,0,,,
twist-fibrillated tape,,,捻裂法原纤化薄膜条,,,,,0,0,,,
twist-foot,,,[网络] 扭脚,,,,,0,0,,,
twist-free yarn spinning,,,[纺] 无捻纺纱,,,,,0,0,,,
twist-grip,,,un. 旋转手柄；变速转把换挡\n[网络] 扭转把手,,,,,0,0,,,
twist-grip throttle,,,转把式油门,,,,,0,0,,,
twist-link type tyre chain,,,扭节式胎链,,,,,0,0,,,
twist-lint chain,,,麻花链环,,,,,0,0,,,
twist-lively,,,捻皱缩,,,,,0,0,,,
twist-lock,,,un. 旋转式锁紧装置；箱门搬手；扭锁\n[网络] 锁式,,,,,0,0,,,
Twist-Necked,,,弯颈,,,,,0,0,,,
twist-netting machine,,,绞捻编网机,,,,,0,0,,,
twist-off,t'wɪst'ɔ:f,, 拧开,,,,,0,0,,,
twist-off closure,,,拧开瓶盖,,,,,0,0,,,
twist-on connector,,,旋接连接器,,,,,0,0,,,
twist-on-twist,,,同捻向,,,,,0,0,,,
twist-release,'twist'rili:s,,adj. 扭曲后松脱的，(如制冰盒内的冰块)扭转后可取出的,,,,,0,0,,,
twist-tie,,,[网络] 扎线；塑胶袋；包胶铁线,,,,,0,0,,,
twist-ties,,,[网络] 各类魔带,,,,,0,0,,,
twist-type rubber mount,,,扭转型橡胶减振座,,,,,0,0,,,
twist-up,,,na. 捻；卷\n[网络] 旋升式,,,,,0,0,,,
twista,,,[网络] 推斯塔；特斯塔；飓风,,,,,0,0,,,
twistability,,,[网络] 扭曲性,,,,,0,0,,,
twistable,'twistәbl,,"a. 可搓捻的, 可缠绕的, 可旋转的, 可扭卷的",,,,,0,0,,,
twistane,,,[化] 异三环癸烷,,,,,0,0,,,
twistdrill,twɪstd'rɪl,,n.麻花钻(扳钻),,,,,0,0,,,
twiste,, imp. of Twist., [地名] [德国] 特维斯特,,,,,0,0,,,
twisted,'twistid,"v to move in a twisting or contorted motion, (especially when struggling)\nv cause (a plastic object) to assume a crooked or angular form\nv turn in the opposite direction\nv form into a spiral shape\nv form into twists\nv extend in curves and turns\nv do the twist\nv twist or pull violently or suddenly, especially so as to remove (something) from that to which it is attached or from where it originates\nv practice sophistry; change the meaning of or be vague about in order to mislead or deceive\nv twist suddenly so as to sprain\ns having an intended meaning altered or misrepresented",a. 扭曲的,j:100,,1,,8695,8013,0:twist/1:pd,,
twisted - pair cable,,,un. 扭绞双线电缆\n[网络] 双绞线；双绞线电缆；双扭线电缆,,,,,0,0,,,
twisted -fibred,,,扭捩纹的,,,,,0,0,,,
twisted acacia,,,扭曲相思树,,,,,0,0,,,
twisted ankle,,,[网络] 脚扭到；踝扭伤；崴脚踝,,,,,0,0,,,
twisted around,,,(使)旋转运动\n歪曲，曲解\n盘绕，缠绕,,,,,0,0,,,
twisted asbestos yarn,,,合股石棉线,,,,,0,0,,,
twisted auger,,,[机] 螺旋钻,,,,,0,0,,,
twisted bar,,,扭杆;螺旋钢筋,,,,,0,0,,,
twisted barrel,,,绞筒式枪筒,,,,,0,0,,,
twisted bevel gear,,,[网络] 螺旋伞齿轮,,,,,0,0,,,
twisted blade,,,扭曲叶片;扭叶片,,,,,0,0,,,
twisted cable,,,绞合电缆,,,,,0,0,,,
twisted chain,ˈtwistid tʃein,, [医]扭链,,,,,0,0,,,
twisted column,,,绞绳柱;麻花形柱,,,,,0,0,,,
twisted conductor,,,分层绞线,,,,,0,0,,,
twisted connecting rod,,,扭转连杆,,,,,0,0,,,
twisted cord,,,双绞软线,,,,,0,0,,,
twisted cord illusion,,,拧绳错觉,,,,,0,0,,,
twisted cruller,,, 油条,,,,,0,0,,,
twisted crystal,,,扭曲晶体,,,,,0,0,,,
twisted cubic,,,三次挠线,,,,,0,0,,,
twisted curve,,,"挠曲线,空间曲线",,,,,0,0,,,
twisted ears,,,扭曲穗,,,,,0,0,,,
twisted effect,,,[网络] 扭曲效应,,,,,0,0,,,
twisted elastic tube,,,麻花弹簧管,,,,,0,0,,,
twisted enclosure,,,曲径式扬声器箱,,,,,0,0,,,
twisted eye bit,,,螺旋钻,,,,,0,0,,,
twisted fiber,,,[化] 合股纤维,,,,,0,0,,,
twisted fibre,,,合股纤维,,,,,0,0,,,
twisted flutings,,,呈螺旋状环绕柱身的柱面凹槽饰纹,,,,,0,0,,,
twisted form,,,扭型,,,,,0,0,,,
twisted gear,,,扭齿轮,,,,,0,0,,,
twisted grain,,,绞状纹理,,,,,0,0,,,
twisted hair,,,[医] 扭发,,,,,0,0,,,
twisted in the wind,,,孤立无援\n心神不定,,,,,0,0,,,
twisted joint,,,[电] 绞接头,,,,,0,0,,,
twisted knotless net making machine,,,捻结织网机,,,,,0,0,,,
twisted line,,,扭绞线;绞线,,,,,0,0,,,
twisted magnetic field,,,扭绞磁场,,,,,0,0,,,
twisted molecular layer,,,扭曲分子层,,,,,0,0,,,
twisted nematic,,,扭曲向列,,,,,0,0,,,
twisted nematic cell,,,扭曲丝状液晶盒,,,,,0,0,,,
twisted nematic liquid crystal,,,扭曲向列相液晶,,,,,0,0,,,
twisted nematic liquid crystal display,,,扭转向列液晶显示,,,,,0,0,,,
twisted nematic mode,,,扭曲向列模式,,,,,0,0,,,
twisted netting twine,,,捻线,,,,,0,0,,,
twisted nose,,,歪鼻,,,,,0,0,,,
twisted pair,,,[计] 双绞线,,,,,0,0,,,
Twisted Pair Cable,,,双绞线,,,,,0,0,,,
Twisted pair cable.,,,un. 扭绞双线电缆\n[网络] 双绞线；双绞线电缆；双扭线电缆,,,,,0,0,,,
twisted pair line,,,双绞线;双组线,,,,,0,0,,,
twisted pair only,,,单双绞线连结,,,,,0,0,,,
twisted pair transmission line,ˈtwistid pɛə trænzˈmiʃən lain,, [计]双扭传输线,,,,,0,0,,,
twisted pair wire,,,双绞线,,,,,0,0,,,
twisted pair wiring,,,扭铰二股线,,,,,0,0,,,
twisted plate,,,[网络] 弯曲板,,,,,0,0,,,
twisted product,,,挠积,,,,,0,0,,,
twisted ring counter,,,扭环计数器,,,,,0,0,,,
twisted root,,,[医] 扭捩根,,,,,0,0,,,
twisted rope,,,绞绳,,,,,0,0,,,
twisted silver fir,,,扭枝银枞,,,,,0,0,,,
twisted sleeve joint,,,扭接套管接头;金属套管扭接,,,,,0,0,,,
twisted spur gear,,,un. 斜齿轮\n[网络] 正扭齿轮；扭转正齿轮,,,,,0,0,,,
twisted square bar grating,,,扭转方条磨削,,,,,0,0,,,
twisted steel,,,螺纹钢筋,,,,,0,0,,,
twisted stem,,,有螺纹的高脚酒杯梃,,,,,0,0,,,
twisted stomach worm,,,"扭捻转胃虫, 捻转胃虫",,,,,0,0,,,
twisted strip,ˈtwistid strip,, 扭曲带钢,,,,,0,0,,,
twisted surface,,,[力] 扭曲面,,,,,0,0,,,
twisted suture,,,[医] 8字形缝术,,,,,0,0,,,
twisted thread,,,捻线,,,,,0,0,,,
twisted thread canvas,,,[网络] 双线帆布,,,,,0,0,,,
twisted torus,,,[数] 扭曲环面,,,,,0,0,,,
twisted union yarn,,,棉毛合股纱,,,,,0,0,,,
twisted up,,,[网络] 画面扭曲,,,,,0,0,,,
twisted wave guide,,,[网络] 扭曲波导管,,,,,0,0,,,
twisted waveguide,,,"扭曲波导管,扭型波导管",,,,,0,0,,,
twisted weave,,,纽织,,,,,0,0,,,
twisted wing,,,扭转机翼,,,,,0,0,,,
twisted winged insect,,,捻翅虫,,,,,0,0,,,
twisted wire,,,绞合线,,,,,0,0,,,
twisted yarn,,,合股纱,,,,,0,0,,,
twisted-coil comparator,,,扭簧比较仪,,,,,0,0,,,
twisted-fibred,,,扭转纹的,,,,,0,0,,,
twisted-grained,,,扭转纹,,,,,0,0,,,
twisted-lead transposition,,,扭线换位,,,,,0,0,,,
twisted-leaf onion,,,纽叶葱,,,,,0,0,,,
twisted-nematic,'twistidni'mætik,,adj. 【物理学】扭型向列的，扭曲向列结构的,,,,,0,0,,,
twisted-pair,,,[计] 双绞线,,,,,0,0,,,
twisted-pair cable,,,[计] 双绞电缆,,,,,0,0,,,
twisted-pair feeder,,,双绞式馈线,,,,,0,0,,,
twisted-pair flat cable,,,[网络] 双绞式扁平电缆,,,,,0,0,,,
twisted-pair line,,,缠绕双线,,,,,0,0,,,
twisted-pair network,,,[计] 双扭线网络,,,,,0,0,,,
twisted-pair transmission line,,,[计] 双扭传输线,,,,,0,0,,,
twisted-pair wiring,,,双绞线,,,,,0,0,,,
twisted-stalk,,,算盘七,,,,,0,0,,,
twisted-tape fuel element assembly,,,涡型燃料组件，扭带型燃料组件,,,,,0,0,,,
twisted-tape insert,,,转带插入件,,,,,0,0,,,
twisted-up,,,[网络] 画面扭曲,,,,,0,0,,,
twistedly,'twistid,,twistedly\nadv.\ntwisted的变形\ntwisted\n['twistid]\nadj.\n扭成的\n扭曲的；扭弯的\n歪曲的；曲解的\n[比喻]恶毒的，邪恶的\n(思想、行为等)反常的；怪异的；变态的\n弯弯扭扭的；螺旋状的\n处于毒品作用影响下的；精神恍惚的；精神错乱的,,,,,0,0,,,
twistedness,,,[网络] 扭曲,,,,,0,0,,,
twistedwire,,,麻花线,,,,,0,0,,,
twister,'twistә,n a localized and violently destructive windstorm occurring over land characterized by a funnel-shaped cloud extending toward the ground\nn small friedcake formed into twisted strips and fried; richer than doughnuts,"n. 缠绕者, 缠绕机, 不老实的人\n[医] 扭转器",n:100,,,,39529,20510,s:twisters,,
twister bimorph,,,扭转双层元件,,,,,0,0,,,
twister memory,,,磁扭线存储器,,,,,0,0,,,
twister pinion,,,扭结小齿轮,,,,,0,0,,,
twister ring,,,捻线纲领,,,,,0,0,,,
twister winder,,,帘子线倍拈机,,,,,0,0,,,
twister wire,,,磁扭线,,,,,0,0,,,
twisteroo,",twistә'ru:",,"n. <口>(叙述等过程中的)意想不到的转折, 峰回路转的叙述",,,,,0,0,,,
twisters,ˈtwɪstəz,n. a localized and violently destructive windstorm occurring over land characterized by a funnel-shaped cloud extending toward the ground\nn. small friedcake formed into twisted strips and fried; richer than doughnuts,n. 难题( twister的复数形式 ); 旋风; 旋转的人; <体>旋转球,,,,,0,0,0:twister/1:s,,
twisters' cramp,,,[医] 捻纱工痉挛,,,,,0,0,,,
twistest,twɪst,,vt.\n搓，捻(两股或两股以上的线或单纱)；搓成，捻成：\nShe twisted many threads to make this rope.\n她用许多条线搓成这条绳子。\nThe strong rope is twisted from 4 ropes.\n这条结实的绳子是用4条绳子搓成的。\n编成；织成：\nMary twisted her hair into a braid.\n玛丽把头发编成了一条辫子。\nThey twisted flowers into a wreath.\n他们用花编成了一个花圈。\n盘绕，缠住，缠绕；用(线、绳等)盘绕某物：\nShe twisted a rag round my hand.\n她用一块破布包住我的手。\nShe twisted braids of hair on the head.\n她把发辫盘绕在头上。\n使旋转；转动：\nHe twisted the knob of the door and went inside.\n他转动门把手，然后走了进去。\n使呈螺旋形；使扭转，扭，拧，绞：\nShe twisted a wet towel and dried her face.\n她拧干一块温毛巾擦脸。\n扭曲，扭弯，使弯曲；使变形：\nHe twisted the wire into a U shape.\n他把金属丝拗成了一个U字形。\n扭歪；弄歪(脸等)；扭伤；使成畸形，使残缺：\nShe twisted her ankle when she fell.\n她摔倒时扭伤了脚踝。\nThe wounded soldier's face was twisted with pain.\n伤兵的脸因痛苦而扭曲。\nfingers twisted with arthritis\n因关节炎而变畸形的手指\n拧开；扭脱(与off连用)；拧断，扭断；扭夺：\nShe twisted the top off the bottle.\n她拧开了瓶盖。\nI twisted an apple off the tree.\n我从树上摘下来一个苹果。\nA man twisted the handbag out of the lady's hand.\n一个男子从小姐手中抢走了手提包。\n使紧密联系\n使混乱；使慌乱；使精神上(或感情上)受扰乱；折磨：\nThe bad news twisted the whole family.\n坏消息让一家人心烦意乱。\n蜿蜒前进；曲折前进：\nI twisted my way through the crowd.\n我在人群中曲折穿行。\n曲解；歪曲…的意思：\nThe newspaper report twisted what the pop singer had said.\n报纸上的报道歪曲了这名流行歌手说的话。\nHe always twists the facts to suit his own purpose.\n他总是曲解事实以适合自己的意图。\n[英国口语]欺骗；欺诈\n【棒球】使(球)旋转\n【板球】旋转投(球)\nvi.\n扭曲，扭弯；弯曲；弯成螺旋形：\nThe wire twists easily.\n这种金属丝容易扭弯。\n盘旋，盘绕，缠绕某物(与around， about 连用)：\nA snake twisted around the branch.\n一条蛇缠绕在树枝上。\n扭歪；扭伤：\nHis face twisted in a grin.\n他歪着脸咧嘴而笑。\n扭动；蠕动；蜿蜒移动：\nThe patient twisted about in pain.\n病人痛苦地扭动着身子。\nThe defendant twisted uneasily in his chair.\n被告不安地在椅子上扭动身子。\nThe snake twisted across the grass.\n这条蛇蜿蜒爬过草地。\n弯曲前进；迂回曲折地前进：\nThe road twisted down the hill.\n这条路弯弯曲曲通往山下。\nThe highway twists up the side of the mountain.\n这条公路沿山坡盘旋而上。\nThey twisted through the crowd.\n他们迂回穿过人群。\n旋转，绕转，转动\n转身，改变方向：\nShe twisted around to see who was coming.\n她转身看谁来了。\n【棒球】(球)旋转并呈曲线飞出：\nThe ball twisted swiftly from the pitcher's hand.\n球从投手手中快速旋转飞出。\n【板球】(球)被旋转投出\n跳扭摆舞\nn.\n旋转，转\n绕轴旋转运动\n(脸的)弄歪，扭曲；扭伤\n转身；转弯；弯曲\n曲折处；拐弯处\n【物理学】抗扭应力；扭转角；动量矩\n螺旋状，螺旋形；螺旋运动；螺旋路线\n面包卷；麻花状面包\n【纺织业】捻度，捻回，捻转\n【纺织业】缝纫丝线；经纱；捻成的线\n拧成的结\n古怪，怪癖，乖僻\n(意思的)歪曲，曲解\n意想不到的转折\n新奇的手法(或花样)；窍门；诀窍\n[美国英语]烟草卷，烟辫\n混合饮料；混合酒\n[the twist][美国英语]扭摆舞\n【板球、棒球】旋转球\n【体育】转体跳水\n[英国口语]欺骗；曲折\n【军事】膛线的缠绕度\n【船舶学】转线\n[口语]胃口，食欲\n[俚语](轻浮的)女人；姑娘，女郎\n近义词:\ncurve\n短语:\na twist in one's tongue\n口齿不清，发音不清\na twist on the shorts\n[美国英语]【商业】杀空头(抬高市价，使抛空盘者受损)\na twist of the wrist\n熟练的技巧，熟练的手法\nget one's\nknickers in a twist\n见knickers\nround the twist\n[俚语]疯癫的；怪癖的\ntwists and turns\n迂回曲折之处；转弯曲折处\n奥妙，精微处\n意想不到的曲折变化\nturn someone round one's (little) finger\n见 finger\ntwist someone's arm\n见 arm¹,,,,,0,0,,,
twisteth,,,[网络] 扭曲,,,,,0,0,,,
twistfication,",twistifi'keiʃən",,n. 扭曲；歪曲,,,,,0,0,,,
twistfree,,,[网络] 无捻,,,,,0,0,,,
twistgrip,,,un. 旋转手柄；变速转把换挡\n[网络] 扭转把手,,,,,0,0,,,
twistical,,,[网络] 二分,,,,,0,0,,,
twistie,,,[网络] 折叠器；显示折叠标记；显示小三角形,,,,,0,0,,,
twistier,,comparative of twisty\ns marked by repeated turns and bends,"(twisty 的比较级) a. 扭曲的, 狡猾的, 不老实的\n[法] 歪曲事实的, 不正直的",,,,,0,0,0:twisty/1:r,,
twisties,,,[网络] 薯片；折叠图标；绝迹的美味米,,,,,0,0,0:twisty/1:s,,
twistiest,,,adj. 扭曲的；弯弯曲曲的；狡猾的；转弯抹角的 (twisty的变形),,,,,0,0,0:twisty/1:t,,
twistification,",twistifi'keiʃәn",,"n. 扭曲, 歪曲, ( 被) 扭曲( 或歪曲) 的事物",,,,,0,0,,,
twistifications,,,[网络] 扭曲,,,,,0,0,,,
twistify,,,[网络] 扭曲,,,,,0,0,,,
twistily,,,[网络] 扭曲,,,,,0,0,,,
twistin',,,[网络] 扭蛋,,,,,0,0,,,
twistiness,,,n. 曲折性,,,,,0,0,,,
twisting,'twistiŋ,"n the act of distorting something so it seems to mean something it was not intended to mean\nn the act of rotating rapidly\nv to move in a twisting or contorted motion, (especially when struggling)\nv cause (a plastic object) to assume a crooked or angular form\nv turn in the opposite direction\nv form into a spiral shape\nv form into twists\nv extend in curves and turns\nv do the twist\nv twist or pull violently or suddenly, especially so as to remove (something) from that to which it is attached or from where it originates\nv practice sophistry; change the meaning of or be vague about in order to mislead or deceive\nv twist suddenly so as to sprain\ns marked by repeated turns and bends","[医] 扭转, 捩转",j:100,,,,14934,12787,0:twist/1:i/s:twistings,,
twisting angle,,,扭转角,,,,,0,0,,,
twisting apparatus,,,"测捩仪；对扭仪, 测捩仪，对扭仪",,,,,0,0,,,
twisting around,,,(使)旋转运动\n歪曲，曲解\n盘绕，缠绕,,,,,0,0,,,
twisting at head,,,[纺] 追捻,,,,,0,0,,,
twisting bar,,,扭铰导条,,,,,0,0,,,
twisting box,,,扭转导板,,,,,0,0,,,
twisting channel,,,摆动河道,,,,,0,0,,,
twisting coefficient,,,扭曲系数,,,,,0,0,,,
twisting cohesion,,,卷附,,,,,0,0,,,
twisting count,,,捻数,,,,,0,0,,,
twisting couple,,,扭力偶,,,,,0,0,,,
twisting deformation,,,扭曲变形,,,,,0,0,,,
twisting device,,,un. 铁丝扭结装置,,,,,0,0,,,
twisting die,,,扭模,,,,,0,0,,,
twisting double hook,,,[纺] 加捻双钩,,,,,0,0,,,
twisting force,,,"圆周力,切向力",,,,,0,0,,,
twisting frame,,,"拈线机,并线机",,,,,0,0,,,
twisting in the wind,,,[网络] 孤立无援；独自闯荡江湖,,,,,0,0,,,
twisting inertia,,,un. 扭转惯性,,,,,0,0,,,
twisting joint,,,扭接,,,,,0,0,,,
twisting lid,,,[食品] 揉盖,,,,,0,0,,,
twisting load,,,[网络] 扭力负荷,,,,,0,0,,,
twisting machine,,,捻线机,,,,,0,0,,,
twisting mechanism,,,(铁丝)拧结机构,,,,,0,0,,,
twisting moment,,,[机] 扭矩,,,,,0,0,,,
twisting moment diagram,,,扭矩图,,,,,0,0,,,
twisting moment distribution,,,扭矩分布,,,,,0,0,,,
twisting momentum,,,扭矩,,,,,0,0,,,
twisting motion,,,扭转运动,,,,,0,0,,,
twisting mule,,,走锭拈线机,,,,,0,0,,,
twisting netting,,,绞捻网片,,,,,0,0,,,
twisting of bowel,,,肠扭转,,,,,0,0,,,
twisting paper,,,纸绳纸,,,,,0,0,,,
twisting pass,,,扭转孔型,,,,,0,0,,,
twisting pliers,,,[电] 拈回线,,,,,0,0,,,
twisting point,,,扭点,,,,,0,0,,,
twisting resistance,,,"抗扭力,扭转阻力",,,,,0,0,,,
twisting rod,,,扭杆,,,,,0,0,,,
twisting sheaf,,,扭曲层,,,,,0,0,,,
twisting stick,,,"拉紧螺栓,松紧螺旋机",,,,,0,0,,,
twisting strain,,,扭应变,,,,,0,0,,,
twisting strength,,,扭力强度,,,,,0,0,,,
twisting stress,,,[化] 扭应力,,,,,0,0,,,
twisting tension,,,加捻张力,,,,,0,0,,,
twisting term,,,扭转项,,,,,0,0,,,
twisting test,,,扭转试验,,,,,0,0,,,
twisting tester,,,[机] 扭力试验机,,,,,0,0,,,
twisting the knife,,"Adding insult to injury; rubbing salt in the wounds; making a bad situation worse.\n> As if the Eurozone crisis wasn't hard enough on the public, the politicians' apparent lack of concern has been twisting the knife.\n",,,,,,0,0,,,
twisting to order manipulation,,,捋顺法,,,,,0,0,,,
twisting torque,,,加捻扭矩,,,,,0,0,,,
twisting unit stress,,,扭转单位应力,,,,,0,0,,,
twisting vibration,,,扭曲振动,,,,,0,0,,,
twisting winder,,,络筒机,,,,,0,0,,,
twisting(cleland 1949),,,(染色分体间的)旋卷,,,,,0,0,,,
twisting-in,,,捻接法,,,,,0,0,,,
twisting-in frame,,,捻接纱头架,,,,,0,0,,,
twisting-moment,,,扭矩,,,,,0,0,,,
twistingly,'twistiŋ,,twistingly\nadv.\ntwisting的变形\ntwisting\n['twistiŋ]\nadj.\n缠绕的；卷绕的\n转动的\n曲折的；弯曲的\nn.\n【保险业】(引诱投保人注销原保险单换另一保险单而导致损失的)诱换保险单行为\n(为得到佣金推销员或经纪商对顾客的)诱骗\n(债务的)变更(从而得到其中的利率差),,,,,0,0,,,
twistings,,"plural of twisting\nn the act of distorting something so it seems to mean something it was not intended to mean\nn the act of rotating rapidly\nv to move in a twisting or contorted motion, (especially when struggling)\nv cause (a plastic object) to assume a crooked or angular form\nv turn in the opposite direction\nv form into a spiral shape\nv form into twists\nv extend in curves and turns\nv do the twist\nv twist or pull violently or suddenly, especially so as to remove (something) from that to which it is attached or from where it originates\nv practice sophistry; change the meaning of or be vague about in order to mislead or deceive\nv twist suddenly so as to sprain\ns marked by repeated turns and bends","(twisting 的复数) [医] 扭转, 捩转",,,,,0,0,0:twisting/1:s,,
twistkey,,,un. 扭转键,,,,,0,0,,,
twistle,,,[网络] 威斯特；学卿,,,,,0,0,s:twistles,,
twistleaf nordmann fir,,,扭叶高加索冷杉,,,,,0,0,,,
twistles,,,[网络] 扭曲,,,,,0,0,0:twistle/1:s,,
twistless,,,adj. 缺捻度的；无捻度的,,,,,0,0,,,
twistless roving,,,[纺] 无捻粗纱,,,,,0,0,,,
twistless spinning,,,无捻式纺纱,,,,,0,0,,,
twistless yarn,,,无捻纱,,,,,0,0,,,
twistleton,,, [人名] 特威斯尔顿,,,,,0,0,s:twistletons,,
twistletons,,, [人名] 特威斯尔顿\n(twistleton 的复数),,,,,0,0,0:twistleton/1:s,,
twistlock,,,扭锁,,,,,0,0,,,
twistomer,,,[网络] 双胞胎,,,,,0,0,,,
Twiston,,,酒石酸罗托沙敏,,,,,0,0,s:twistons,,
twistons,,,酒石酸罗托沙敏\n(twiston 的复数),,,,,0,0,0:twiston/1:s,,
twistor,'twistә,,[计] 磁扭线,,,,,0,0,s:twistors,,
twistor feeder,,,绞合馈电线,,,,,0,0,,,
twistor memory,,,[计] 磁扭线存储器,,,,,0,0,,,
twistor memory device,,,[计] 磁扭线存储装置,,,,,0,0,,,
twistor storage,,,[计] 磁扭线存储器,,,,,0,0,,,
twistorial,,,[网络] 扭曲,,,,,0,0,,,
twistorian,,,[网络] 二极体,,,,,0,0,,,
twistors,,,[网络] 扭子,,,,,0,0,0:twistor/1:s,,
Twistringen,,,[地名] 特维斯特林根 ( 德 ),,,,,0,0,,,
twists,twists,"n an unforeseen development\nn an interpretation of a text or action\nn any clever maneuver\nn the act of rotating rapidly\nn a sharp strain on muscles or ligaments\nn a sharp bend in a line produced when a line having a loop is pulled tight\nn a circular segment of a curve\nn a miniature whirlpool or whirlwind resulting when the current of a fluid doubles back on itself\nn a jerky pulling movement\nn a hairdo formed by braiding or twisting the hair\nn social dancing in which couples vigorously twist their hips and arms in time to the music; was popular in the 1960s\nn the act of winding or twisting\nn turning or twisting around (in place)\nv to move in a twisting or contorted motion, (especially when struggling)\nv cause (a plastic object) to assume a crooked or angular form\nv turn in the opposite direction\nv form into a spiral shape\nv form into twists\nv extend in curves and turns\nv do the twist\nv twist or pull violently or suddenly, especially so as to remove (something) from that to which it is attached or from where it originates\nv practice sophistry; change the meaning of or be vague about in order to mislead or deceive\nv twist suddenly so as to sprain","v. 扭, 搓, 缠绕( twist的第三人称单数 ); 歪曲; 转动; 扭转",,,,,0,0,0:twist/1:s3,,
twists and turns,,,迂回曲折,,,,,0,0,,,
twists around,,,(使)旋转运动\n歪曲，曲解\n盘绕，缠绕,,,,,0,0,,,
twists in the wind,,,孤立无援\n心神不定,,,,,0,0,,,
twists per inch,,,吋捻,,,,,0,0,,,
twiststem little cherry,,,扭茎樱桃,,,,,0,0,,,
twistwood,,,[网络] 扭木,,,,,0,0,s:twistwoods,,
twistwoods,,,[网络] 扭木\n(twistwood 的复数),,,,,0,0,0:twistwood/1:s,,
twisty,'twisti,s marked by repeated turns and bends,"a. 扭曲的, 狡猾的, 不老实的\n[法] 歪曲事实的, 不正直的",j:100,,,,37888,27993,s:twisties/r:twistier/t:twistiest,,
twit,twit,n. aggravation by deriding or mocking or criticizing,"vt. 责难, 愚弄, 嘲笑\nn. 谴责, 责骂, 嘲笑",n:100,,,,24789,28927,s:twits/p:twitted/i:twitting/3:twits/d:twitted,,
twit filter,,,【计算机】垃圾函件过滤器,,,,,0,0,,,
TWITA,,,[网络] 运输局,,,,,0,0,,,
Twitard,,"pronounced twi-tard\r\n\r\nOne who takes fandom of [Twilight], by Stephanie Meyer, to a level of or beyond obsession.\r\n\r\nThey often flames forum postings trying to defend the book, regardless whether the book was being critiqued negatively or not. They are also prone to using all caps, not checking their spelling/grammar, jumping to conclusions, falling in love with Edward, and biting people's heads of for just saying they didn't like the book.\n> They're worse than a rabid fan girl or a [Narutard]: it's a Twitard.\n",,,,,,0,0,,,
Twitards,,"pronounced twi-tard\r\n\r\nOne who takes fandom of [Twilight], by Stephanie Meyer, to a level of or beyond obsession.\r\n\r\nThey often flames forum postings trying to defend the book, regardless whether the book was being critiqued negatively or not. They are also prone to using all caps, not checking their spelling/grammar, jumping to conclusions, falling in love with Edward, and biting people's heads of for just saying they didn't like the book.\n> They're worse than a rabid fan girl or a [Narutard]: it's a Twitard.\n",,,,,,0,0,,,
twitch,twitʃ,"n. a sudden muscle spasm; especially one caused by a nervous condition\nv. make an uncontrolled, short, jerky motion\nv. move or pull with a sudden motion","vi. 急拉, 抽搐, 阵痛\nvt. 急拉, 攫取, 抽动\nn. 急拉, 抽搐, 阵痛",n:26/v:74,1,,,9136,9281,p:twitched/i:twitching/3:twitches/s:twitches/d:twitched,,
twitch factor,,,阵痛(班机机组人员尤指领航员的职业病症),,,,,0,0,,,
twitch game,,,[网络] 抽搐游戏,,,,,0,0,,,
twitch games,,,[网络] 抽搐游戏,,,,,0,0,,,
twitch grass,,,= couch grass,,,,,0,0,,,
twitch roller,,,铰动辊机,,,,,0,0,,,
twitch-grass,,,"[医] 茅草, 偃麦草",,,,,0,0,,,
twitch-up,,,[医] 压板(兽医用),,,,,0,0,,,
twitched,,imp. & p. p. of Twitch,"vt.& vi. （使）抽动, （使）颤动（twitch的过去式与过去分词形式）",,,,,0,0,0:twitch/1:pd,,
twitchel,'twitʃәl,,[英方]树篱间小道,,,,,0,0,,,
twitchell,,,n. (Twitchell)人名；(英)特威切尔,,,,,0,0,,,
twitchell agent,,,崔其耳试剂,,,,,0,0,,,
Twitchell reagent,,,[化] 特威切耳试剂,,,,,0,0,,,
Twitchell Res.,,,[地名] 特威切尔水库 ( 美 ),,,,,0,0,,,
Twitchell's process,,,[化] 特威切耳法,,,,,0,0,,,
twitchells,,,n. 特威切耳,,,,,0,0,,,
twitchels,,Northern English term for a short footpath or side entrance\n> I rode my bike down the twitchel\n,,,,,,0,0,,,
twitcher,twɪtʃə(r),"n. One who, or that which, twitches.",n. 观察研究稀有鸟类的人,,,,,42009,0,s:twitchers,,
twitchers,,"plural of twitcher\nn. One who, or that which, twitches.",(twitcher 的复数) n. 观察研究稀有鸟类的人,,,,,0,0,0:twitcher/1:s,,
twitches,twitʃiz,"n a sudden muscle spasm; especially one caused by a nervous condition\nv make an uncontrolled, short, jerky motion\nv move with abrupt, seemingly uncontrolled motions\nv toss with a sharp movement so as to cause to turn over in the air\nv squeeze tightly between the fingers\nv move or pull with a sudden motion","n. （使）抽动, （使）颤动, （使）抽搐( twitch的名词复数 )",,,,,0,0,0:twitch/1:3s,,
twitchet,,southern slang for a vagina\n> I diddled her twitchet.\n,,,,,,0,0,s:twitchets,,
twitchets,,southern slang for a vagina\n> I diddled her twitchet.\n,,,,,,0,0,0:twitchet/1:s,,
twitchett,,, [人名] 特威切特,,,,,0,0,s:twitchetts,,
twitchetts,,, [人名] 特威切特\n(twitchett 的复数),,,,,0,0,0:twitchett/1:s,,
twitchety,,,[网络] 狡猾,,,,,0,0,,,
twitchfire,"'twitʃ,faiә",,野火,,,,,0,0,,,
twitchfork,,"The use of Twitter as a tool for social protest. A blend of Twitter and pitchforks, the latter once being weapons of choice, along with torches, of angry mobs storming the barricades. Today, protesters reach for laptops and mobile devices.\n> ""A virtual mob picked up their twitchforks to protest Facebook's new terms of service.""\n",,,,,,0,0,,,
twitchgrass,,,[网络] 柳枝稷,,,,,0,0,,,
twitchier,'twɪtʃi,,adj. 神经紧张的；焦急的；焦虑不安的；抽搐的\n[网络] 抽动的；易怒的,,,,,0,0,0:twitchy/1:r,,
twitchies,'twɪtʃɪ,,twitchy\n['twitʃi]\nadj.\n痉挛的，抽搐的\n[比喻]紧张的，焦急的；烦躁的，不安的；神经质的；易怒的\n变形：\nadj.\ntwitchier\n. twitchiest,,,,,0,0,0:twitchy/1:s,,
twitchiest,,superlative of twitchy,"(twitchy 的最高级) adj. 抽搐的, 抽动的, 痉挛性的； 焦躁不安的",,,,,0,0,0:twitchy/1:t,,
twitchily,,,"a. 焦急的；焦躁不安的, 神经紧张的；痉挛的 (twitchy的变形)",,,,,0,0,,,
twitchin,,,颤搐蛋白,,,,,0,0,,,
twitchiness,,,n. twitchy（痉挛的，抽搐的）的变形,,,,,0,0,s:twitchinesses,,
twitchinesses,'twitʃi,,twitchiness\nn.\ntwitchy的变形\ntwitchy\n['twitʃi]\nadj.\n痉挛的，抽搐的\n[比喻]紧张的，焦急的；烦躁的，不安的；神经质的；易怒的\n变形：\nadj.\ntwitchier\n. twitchiest,,,,,0,0,0:twitchiness/1:s,,
twitching,'twitʃiŋ,"n a sudden muscle spasm; especially one caused by a nervous condition\nv make an uncontrolled, short, jerky motion\nv move with abrupt, seemingly uncontrolled motions\nv toss with a sharp movement so as to cause to turn over in the air\nv squeeze tightly between the fingers\nv move or pull with a sudden motion",[医] 颤搐,j:54/n:46,,,,36547,30757,0:twitch/1:i/s:twitchings,,
twitching of eyelid,,,胞轮振跳,,,,,0,0,,,
twitching pain of muscle,,,筋痛,,,,,0,0,,,
twitchingly,twitʃ,,twitchingly\nadv.\ntwitch1的变形\ntwitch1\n[twitʃ]\nvt.\n急拉，猛拉，急扯，急抽：\nHe twitched me by the sleeve.\n他急扯我的袖子。\n使抽搐；抽动；颤搐：\nThe cow twitched its flanks to drive off flies.\n牛抽动身侧，赶走苍蝇。\n抢走；夺走：\nA man twitched the handbag from her hand.\n一个人从她手中抢走了手提包。\n使发生剧痛\nvi.\n急拉，猛拉，急抽：\nto twitch at someone's skirt\n拉某人的裙子\n抽动；(运动员有时)抽搐，颤搐：\nThe cat's nose twitched as it saw the fish.\n看到鱼，猫的鼻子抽动起来。\n发生阵痛；发生剧痛；刺痛：\nHis conscience twitched at the memory of the past.\n一想到过去，他的良心上就感到刺痛。\nn.\n急拉，急扯\n抽动，抽搐，颤搐；(面部习惯性)痉挛\n剧痛，阵痛，刺痛,,,,,0,0,,,
twitchings,,"plural of twitching\nn a sudden muscle spasm; especially one caused by a nervous condition\nv make an uncontrolled, short, jerky motion\nv move with abrupt, seemingly uncontrolled motions\nv toss with a sharp movement so as to cause to turn over in the air\nv squeeze tightly between the fingers\nv move or pull with a sudden motion",(twitching 的复数) [医] 颤搐,,,,,0,0,0:twitching/1:s,,
twitchirng Trousseau's,,,[医] 特鲁索氏颤搐(面肌颤搐),,,,,0,0,,,
twitcht,,,[网络] 抽搐,,,,,0,0,,,
twitchy,ˈtwɪtʃi,,"a. 抽搐的, 抽动的, 痉挛性的； 焦躁不安的",j:100,,,,36115,29561,s:twitchies/r:twitchier/t:twitchiest,,
twite,twait,n. The European tree sparrow.\nn. The mountain linnet (Linota flavirostris).,n. 黄嘴朱顶雀,,,,,0,0,s:twites,,
twites,,,n. 【鸟】黄嘴朱顶雀\n[网络] 红雀；特怀特,,,,,0,0,0:twite/1:s,,
twith,,,v. 论理,,,,,0,0,,,
twithe,,,[网络] t,,,,,0,0,,,
twithought,,"twithought (plural twithoughts)\nA vague, uncertain, or indistinct thought; a doubt.\n\n\ntwithought (not comparable)\nTwice thought.\n",,,,,,0,0,,,
twitling,,,[网络] 抽搐,,,,,0,0,,,
Twitney Spheres,,"This may resemble [Britney Spears] because it's based on her. It refers to any talentless hack who doesn't deserve success and adulation, even while doing whatever shameless thing it takes to command unwarranted attention and/or stay in the public eye.\n> ""Oh, Kanye, stop pouting about not winning all those awards. You're acting like a Twitney Spheres.""\n",,,,,,0,0,,,
Twitosphere,,,[网络] 推特网,,,,,0,0,,,
twits,twɪts,n someone who is regarded as contemptible\nn aggravation by deriding or mocking or criticizing\nv harass with persistent criticism or carping,n. 蠢人( twit的名词复数 ); 傻子; 笨蛋; 嘲笑,,,,,0,0,1:s3/0:twit,,
twitt,,,v. 谴责;责骂;嘲笑,,,,,0,0,,,
twitted,twɪt,imp. & p. p. of Twit,n. 挖苦；嘲笑\nvt. 嘲笑；责难；愚弄,,,,,0,0,1:pd/0:twit,,
twitten,,"twitten (plural twittens)\n(Sussex) a narrow path between two walls or hedges, especially on hills. For example, small passageways leading between two buildings to courtyards, streets, or open areas behind.\n",,,,,,0,0,s:twittens,,
twittens,,Sussex dialect: a narrow passage between buildings. (cf. North of England: [ginnel])\n> Most people walked half way around the block but the locals knew a short-cut through the twitten.\n,,,,,,0,0,0:twitten/1:s3,,
twitter,'twitә,"n a series of chirps\nv make high-pitched sounds, as of birds","n. 啁啾, 唧唧喳喳声\nvi. 啭, 啁啾, 颤抖\nvt. 嘁嘁喳喳地讲, 抖动",n:35/v:65,,,,26239,29161,p:twittered/i:twittering/3:twitters/s:twitters/d:twittered,,
Twitter client,,,[网络] 推特客户端；一个客户端,,,,,0,0,,,
Twitter feed,,,推特简讯\n推特信息,,,,,0,0,,,
Twitter revolution,,,[网络] 推特革命；微博反动,,,,,0,0,,,
twitter-bone,,,[网络] twitter骨,,,,,0,0,,,
twitter-light,,,[网络] twitter光,,,,,0,0,,,
Twitter-like,,,[网络] 推特类,,,,,0,0,,,
twitter.com,,,[网络] 推特；推特网站；网站推特,,,,,0,0,,,
Twitterable,,Things that are worthy of being put up on Twitter.\n> I just had the most awkward run in with my ex. This is totally twitterable!\n,,,,,,0,0,,,
Twitterati,,,[网络] 推客精英；网络达人,,,,,0,0,,,
twitteration,",twitә'reiʃәn",,"n. 颤抖, 紧张",,,,,0,0,,,
Twitterbot,,,[网络] 机器人,,,,,0,0,,,
Twitterdom,,"A Twitter Dom is a man who uses a black and white photo of himself in a suit and tie, showing only from the chin down to chest. They derive from the 50 Shades of Grey trend and personify a ""Dom"" persona on their account. In reality, they are usually middle aged men wearing fanny packs on family vacations or teenage boys who are ""Domming"" their ""Littles"" between rounds of Xbox.\n> Your Twitter Dom pushes his peas under his mashed potatoes and yells ""Done!""\n",,,,,,0,0,,,
twittered,'twɪtə,imp. & p. p. of Twitter,"n. 微博客, 鸟叫声\nvt. 吱吱叫；嘁嘁喳喳地讲",,,,,0,0,1:pd/0:twitter,,
twitterer,,,[网络] 推手；推友；推客,,,,,0,0,s:twitterers,,
twitterers,,,[网络] 万个出版用户,,,,,0,0,0:twitterer/1:s,,
twittering,'twitәriŋ,"v make high-pitched sounds, as of birds",n. 呢喃,n:100,,,,43284,38693,0:twitter/1:i/s:twitterings,,
twitteringly,'twitəriŋ,,twitteringly\nadv.\ntwittering的变形\ntwittering\n['twitəriŋ]\nadj.\n啭鸣的\n[比喻]烦躁的；颤抖的；发抖的,,,,,0,0,,,
twitterings,,"plural of twittering\nv make high-pitched sounds, as of birds",(twittering 的复数) n. 呢喃,,,,,0,0,0:twittering/1:s,,
twitterly,,,[网络] 微博,,,,,0,0,,,
twitterpated,,,[网络] 微博,,,,,0,0,,,
twitterpation,,The state of being entirely infatuated with someone\n> They've been together a while. It looks like they're in pure twitterpation.\n,,,,,,0,0,,,
twitters,ˈtwɪtəz,"n a series of chirps\nv make high-pitched sounds, as of birds",n. （鸟）叽叽喳喳的叫声( twitter的名词复数 ); 格格的笑声; 一个网站名称,,,,,0,0,0:twitter/1:3s,,
Twittersphere,,,[网络] 推特圈；推特空间；推特星球,,,,,0,0,,,
Twitterstorm,,"A sudden flurry of activity on the Twitter social networking and microblogging service that influences current events.\n\nA focused effort of many people using Twitter to influence current events to their favor.\n> When Arizona tried to pass new ""Solar Industry Killing legislation"" the ensuing Twitterstorm caused Governor Jan Brewer's office to kill the bill.\n",,,,,,0,0,,,
Twitterstorms,,,[网络] Twitter风暴,,,,,0,0,,,
Twitterverse,,,[网络] 推特小宇宙；推特宇宙；推特空间,,,,,0,0,,,
twittery,t'wɪtərɪ,,"a. 易兴奋的, 爱格格地笑的",,,,,0,0,,,
twitticism,,,[网络] 煽情,,,,,0,0,,,
twitticisms,,,[网络] 煽情,,,,,0,0,,,
twitties,,, [人名] 特威蒂\n(twitty 的复数),,,,,0,0,0:twitty/1:s,,
twitting,twɪt,p. pr. & vb. n. of Twit,n. 挖苦；嘲笑\nvt. 嘲笑；责难；愚弄,,,,,0,0,0:twit/1:i,,
twittingly,,,[网络] 小心翼翼,,,,,0,0,,,
twittings,twɪt,,n. 挖苦；嘲笑\nvt. 嘲笑；责难；愚弄,,,,,0,0,,,
twittiquette,,,[网络] 推特礼节,,,,,0,0,,,
twittish,,,[网络] 狡猾,,,,,0,0,,,
twittle-twattle,,A female dog's genitalia\n> Look at how big her Twittle Twattle is!!\n,,,,,,0,0,,,
twittle-twattles,,A female dog's genitalia\n> Look at how big her Twittle Twattle is!!\n,,,,,,0,0,,,
twitty,,, [人名] 特威蒂,,,,,0,0,s:twitties,,
twitty yarn,,,粗细节纱,,,,,0,0,,,
twitzer-case,,,[网络] twitzer案例,,,,,0,0,,,
twix,,,[网络] 台湾网际网路交换中心；巧克力；特趣,,,,,0,0,s:twixes,,
Twixes,,Two black people in the same sleeping bag.\n> You look at those two black campers. They look like a Twix.\n,,,,,,0,0,0:twix/1:s,,
Twixmas,,"Twixmas\n(Britain, slang) The period in between Christmas and New Year, typically December 27th-30th.\n",,,,,,0,0,,,
twixt,twikst,,prep. <诗>=between,,,,,0,0,s:twixts,,
twixt-brain,,,[医] 间脑,,,,,0,0,,,
twixter,,,[网络] 弱冠青年,,,,,0,0,,,
twixters,,,[网络] 搅拌机,,,,,0,0,,,
twixts,twɪkst,,twixt\n[twikst]\nprep.\n[诗歌用语] = betwixt或between,,,,,0,0,0:twixt/1:s,,
Twizel,,,[地名] 特威泽尔 ( 新西 ),,,,,0,0,,,
twizers,,,[网络] 扭曲器,,,,,0,0,,,
twizzle,'twizl,,导纱钩,,,,,0,0,s:twizzles,,
twizzled,,past participle of twizzle,(twizzle 的过去分词) 导纱钩,,,,,0,0,0:twizzle/1:d,,
twizzler,,,[网络] 名字；朱克伯格吃扭纹糖；多滋乐糖,,,,,0,0,,,
twizzlers,,,[网络] 多滋乐；灯心草糖果；乐滋,,,,,0,0,,,
twizzles,,,[网络] 捻转步；捻翻译步,,,,,0,0,0:twizzle/1:s,,
twizzling,,,[网络] 旋转；导纱钩,,,,,0,0,,,
TWK,,,abbr. Traveling-Wave Klystron 行波速调管,,,,,0,0,,,
twke,,,[网络] 搅拌,,,,,0,0,,,
TWL,,,abbr. 最高水位（top water level）,,,,,0,0,,,
twll,,,[网络] 李林；喂料机；特威半导体(Techwell),,,,,0,0,,,
twm,'ti:d'əbəlju:'em,,abbr. traveling-wave maser 行波微波激射器,,,,,0,0,,,
twme,,,[网络] 二，,,,,,0,0,,,
twn,,,[网络] 台湾(Taiwan)；世界网络；第三世界网络(Third World Network),,,,,0,0,,,
twne,,,[网络] 天威新能源,,,,,0,0,,,
twngle,,,[临床] 刺痛,,,,,0,0,,,
two,tu:,n. the cardinal number that is the sum of one and one or a numeral representing this number\ns. being one more than one,"num. 二, 二个",m:100,5,,zk gk,60,80,s:twoes,,
two - car garage,,,[网络] 可停放两辆车的车库,,,,,0,0,,,
two - edged sword,,,[网络] 双刃剑,,,,,0,0,,,
two - factor authentication,,,[网络] 双因素认证；双重认证；双因子认证,,,,,0,0,,,
two - income family,,,[网络] 双收入家庭；双工资收入的家庭,,,,,0,0,,,
two - lane highway,,,[网络] 双车道公路,,,,,0,0,,,
two - man rule,,,[网络] 两人规则；双人规则；核子武器都在,,,,,0,0,,,
two - minute silence,,,[网络] 两分钟的寂静,,,,,0,0,,,
two - party system,,,[网络] 两党制；行动党倡导的两线制,,,,,0,0,,,
two - percent milk,,,[网络] 半脱脂奶,,,,,0,0,,,
two - phase commit,,,[网络] 两阶段提交；两相提交协议；两阶段认可,,,,,0,0,,,
two - piece suit,,,[网络] 两件套,,,,,0,0,,,
two - way communication,,,un. 双向通信\n[网络] 双向沟通；双线交流；双向式英语,,,,,0,0,,,
two - way investment,,,[网络] 双向投资；双方相互投资；双向投资合作,,,,,0,0,,,
two - way mirror,,,[网络] 双向镜；双向透明玻璃镜；单向透明玻璃镜,,,,,0,0,,,
two - way operation,,,un. 双向操作\n[网络] 双向操作双向工作,,,,,0,0,,,
two - way radio,,,un. 双向无线电通信\n[网络] 对讲机；双向无线电设备；无线对讲机,,,,,0,0,,,
two - way radios,,,[网络] 双向无线电,,,,,0,0,,,
two - way street,,,[网络] 双向街道,,,,,0,0,,,
two - way trade,,,[网络] 双向贸易；被称为双向贸易；双边贸易,,,,,0,0,,,
two - way traffic,,,un. 双向通信业务\n[网络] 双程行车；双向交通；双程交通,,,,,0,0,,,
two - wheeled vehicle,,,[网络] 两轮机动车；两轮摩托车,,,,,0,0,,,
two - wire circuit,,,un. 二线制电路\n[网络] 双线电路；双线线路,,,,,0,0,,,
two a penny,,,〈英口〉多得很;不值钱,,,,,0,0,,,
two action line,,,[计] 双向传输线,,,,,0,0,,,
two additional recessive genes,,,两个额外的隐性基因,,,,,0,0,,,
two address,,,双地址,,,,,0,0,,,
two address code,,,[计] 二地址码,,,,,0,0,,,
two address computer,,,un. 二地址计算机,,,,,0,0,,,
two address instruction,tu: əˈdres inˈstrʌkʃən,, 二地址指令,,,,,0,0,,,
two address system,tu: əˈdres ˈsistəm,, 二地址制,,,,,0,0,,,
two all,,,[网络] 二平；双滚珠,,,,,0,0,,,
two Americas,,,[网络] 两个美国；二个美国,,,,,0,0,,,
two anchor mooring,,,双锚泊船,,,,,0,0,,,
two and a plack,,,"一点点钱,极少的钱",,,,,0,0,,,
two and eight,,"It's Cockney Rhyming slang innit Geezah?\r\n\r\nOh.  And it's the Bingo thing too...\n> ""Two and Eight""...  State.  As in ""Blimey!  'E's in a proper two an' eight, Guv...""\n",,,,,,0,0,,,
two and one-half dimensional,,,2.5维度,,,,,0,0,,,
two and three dimensions,,,维和三维问题,,,,,0,0,,,
two and two,,,= by two,,,,,0,0,,,
two and two cheek,,,双经双纬格子花纹,,,,,0,0,,,
two and two make four,,,[网络] 二加二等于四,,,,,0,0,,,
Two and two make four.,,,二加二等于四；十分明显。,,,,,0,0,,,
two and two rib stitch,,,2╳2罗纹,,,,,0,0,,,
two and two twill,,,二二斜纹,,,,,0,0,,,
two aqueous phase extraction,,,[化] 双水相萃取,,,,,0,0,,,
two arm kneader,,,双臂搅拌机,,,,,0,0,,,
two arm mooring,,,[网络] 用双锚固定的系锚,,,,,0,0,,,
two armature generator,,,双电枢发电机,,,,,0,0,,,
two axes oriented array,,,[网络] 双轴定向方阵,,,,,0,0,,,
two axis linkage,,,un. 双轴县挂装置,,,,,0,0,,,
two axis stable platform,,,双轴稳定平台,,,,,0,0,,,
two axle drill,,,un. 两轴式播种机,,,,,0,0,,,
two axle rigid,tu: ˈæksəl ˈridʒid,, 两轴货车,,,,,0,0,,,
two axle truck,tu: ˈæksəl trʌk,, 二轴转向架,,,,,0,0,,,
two back-to-back 32-bit transfer,,,两个前后相接的32位数据传送,,,,,0,0,,,
two ball lever,,,[机] 双球手柄,,,,,0,0,,,
two band filter,,,双带滤波器,,,,,0,0,,,
two band picture,,,双带图像,,,,,0,0,,,
two bank engine,tu: bæŋk ˈendʒin,, 双排式发动机,,,,,0,0,,,
two banks opposing spray pattern,,,喷,,,,,0,0,,,
two bar cultivator,,,un. 双梁中耕机,,,,,0,0,,,
two batches,,,两批货物,,,,,0,0,,,
two bath dyeing method,,,二溶染色法,,,,,0,0,,,
two bath process,,,[化] 二浴法; 二浴法染色,,,,,0,0,,,
two beaked anvil,,,[机] 双臂砧,,,,,0,0,,,
two beam approximation,,,双束近似,,,,,0,0,,,
two beam interference,,,双光束干涉,,,,,0,0,,,
two beam interferometry,,,[网络] 双光束干涉量度学,,,,,0,0,,,
two beam pulsed accelerator,,,双束脉冲加速器,,,,,0,0,,,
two beam work,,,[纺] 双织轴织造,,,,,0,0,,,
two bearing computer,,,双方位计算机,,,,,0,0,,,
two bearing rudder,,,[网络] 双支承舵,,,,,0,0,,,
two bearings and run between,,,双角测向法,,,,,0,0,,,
two beat,,,二拍节奏,,,,,0,0,,,
two bend processing scale breaker,,,un. 两次弯曲破鳞机,,,,,0,0,,,
two bin inventory system,,,[网络] 仓制；两堆存货系统,,,,,0,0,,,
two bin system,,,双接收制;双箱制;分存控制法,,,,,0,0,,,
two bins,,,[网络] 两箱制,,,,,0,0,,,
two birds with one stone,,,[网络] 一颗子弹杀死两个敌人；一石二鸟之法,,,,,0,0,,,
two bit,,,adj. 〈美口〉两角五分的；劣等的；〈俚〉不值钱的\n[网络] 二流的，次的，水平不高的；微不足道的；二毛五分,,,,,0,0,,,
two bit time adder,,,n. 双拍加法器,,,,,0,0,,,
two bit wide slice,,,二位式芯片,,,,,0,0,,,
two bites at a cherry,,,"[口语][通常用在get,have,take,give等动词后面]；两次机会，又一次机会；婆婆妈妈，踟蹰不前",,,,,0,0,,,
two bites at the cherry,,,"[口语][通常用在get,have,take,give等动词后面]；两次机会，又一次机会；婆婆妈妈，踟蹰不前",,,,,0,0,,,
two bites of a cherry,,,"[口语][通常用在get,have,take,give等动词后面]；两次机会，又一次机会；婆婆妈妈，踟蹰不前",,,,,0,0,,,
two bites of the cherry,,,"[口语][通常用在get,have,take,give等动词后面]；两次机会，又一次机会；婆婆妈妈，踟蹰不前",,,,,0,0,,,
two bits,,,"n. 二角五分, 廉价之物, 不重要的东西",,,,,0,0,,,
Two blacks do not make a white.,,,[谚语]两邪不等于一正。(或：两个错误不等于一个正确。),,,,,0,0,,,
two blade bit,,,两翼刮刀钻头,,,,,0,0,,,
two blade propeller,,,双叶螺旋桨,,,,,0,0,,,
two bladed propeller,,, 双叶螺旋桨,,,,,0,0,,,
two blocks,,,滑车拉到头,,,,,0,0,,,
two boat seine vessel,,,双船围网渔船,,,,,0,0,,,
two boat seiner,,,[水产] 双船围网渔船,,,,,0,0,,,
two boat trawler,,,双拖网渔船,,,,,0,0,,,
two bob,,,[网络] 两个鲍勃,,,,,0,0,,,
two body interaction,tu: ˈbɔdi ˌɪntərˈækʃən,, 二体相互酌,,,,,0,0,,,
two body problem,,,二体问题,,,,,0,0,,,
two bonded elastic layer,,,双键合弹性层,,,,,0,0,,,
two bottom plow,,,un. 双铧犁,,,,,0,0,,,
two bowline,,,双套结,,,,,0,0,,,
two box sizing,,,[纺] 双浆槽上浆,,,,,0,0,,,
two branch IF statement,,,二分枝IF语句,,,,,0,0,,,
two branches,,,梅花两岔锯茸;梅花鹿两岔砍茸,,,,,0,0,,,
two breeds of horses,,,两种马,,,,,0,0,,,
two brush generator,,,二刷发电机,,,,,0,0,,,
two bulb type resistance thermometer,,,双球式电阻温度计,,,,,0,0,,,
two bus-bar regulation,tu bʌs bɑr ˌrɛɡjəˈleʃən,, 双汇流条调整,,,,,0,0,,,
two busbar regulation,,,"双母线调整,双汇流条调整",,,,,0,0,,,
two bush stern tube system,,,双衬套尾轴系统,,,,,0,0,,,
two by four,,,"〈美口〉小的,狭窄的,微不足道的",,,,,0,0,,,
two by fours,,,小的；微不足道的；宽四寸厚二尺的木材,,,,,0,0,,,
two by two,,,na. 两个两个\n[网络] 两个两个地；二乘二；两两成对,,,,,0,0,,,
two can play at that game,,,[网络] 一报还一报；那一套你会我也会；这一套你会我也会,,,,,0,0,,,
Two can play at that game.,,,"那一套不只你会, 我也会",,,,,0,0,,,
two can play that game,,,[网络] 二人游戏；双人游戏；两个人的游戏,,,,,0,0,,,
two car test,,,双车试验,,,,,0,0,,,
two casing condensing turbine,,,缸凝汽式汽轮机,,,,,0,0,,,
two casing unit with single shaft,,,轴双缸机组,,,,,0,0,,,
two cats in kiln colour,,,窑彩双猫,,,,,0,0,,,
two cavity amplifier tube,,,双腔放大管,,,,,0,0,,,
two cavity oscillator,,,双腔振荡器,,,,,0,0,,,
two cell discrete-time Markovian motion,,,双室离散时间马尔可夫运动,,,,,0,0,,,
two cell partition,,,[网络] 两区分割,,,,,0,0,,,
two cent,,,adj. 〈非正式〉不够好的；不足道的；不入流的,,,,,0,0,,,
two centre shell model,,,双中心壳模型,,,,,0,0,,,
two cents,,," 少量, 小量；小数目",,,,,0,0,,,
two cents worth,,,n. 意见\n[网络] 这只是我个人的意见；观点；通常是对事物自发的观点,,,,,0,0,,,
two cents' worth,,,n. 意见,,,,,0,0,,,
two cents(')worth,,,[美国俚语]观点；看法；意见,,,,,0,0,,,
two chamber brake,,,双室式制动器,,,,,0,0,,,
two chamber vacuum furnace,,,[化] 双室真空炉,,,,,0,0,,,
two channel,,,[通]道的,,,,,0,0,,,
two channel ARQ equipment,,,二路自动请求重发设备,,,,,0,0,,,
two channel resolver,,,双通道旋转变压器,,,,,0,0,,,
two channel switch,,,双信道开关,,,,,0,0,,,
two cheers,,,[复数](不太热情的)两声欢呼,,,,,0,0,,,
two children,tu: ˈtʃɪldrən,, 二竖,,,,,0,0,,,
two chip microprocessor,tu: tʃip ˈmaɪkrəʊˌprɔsesə,, [计]二片式微处理机,,,,,0,0,,,
two chip modem,,,[计] 二片式调制解调器,,,,,0,0,,,
two chip register,,,[计] 二片式寄存器,,,,,0,0,,,
two circle goniometer,,,双圆测角仪,,,,,0,0,,,
two circuit,,,双回路的,,,,,0,0,,,
two circuit feeding,,,双路供电,,,,,0,0,,,
two circuit hydraulic braking system,,,双线路液力制动系,,,,,0,0,,,
two circuit microprocessor,,,[计] 双电路微处理机,,,,,0,0,,,
two circuit winding,,,双路绕组,,,,,0,0,,,
two class,,, 两级,,,,,0,0,,,
two class couchette coach,,,一、二两等混合躺椅客车,,,,,0,0,,,
two coat,,,双面涂布,,,,,0,0,,,
two coats,,,[网络] 两层,,,,,0,0,,,
two coil configuration,,,双线圈结构,,,,,0,0,,,
two coil relay,,,[网络] 双线圈继电器,,,,,0,0,,,
two colo(u)r dyeing,,,[纺] 两色染色,,,,,0,0,,,
two colo(u)r knop yarn,,,[纺] 双色结子花线,,,,,0,0,,,
two color printing,tu: ˈkʌlə ˈprɪntɪŋ,, 双色印刷,,,,,0,0,,,
two color thermometer,,,色温度计,,,,,0,0,,,
two colour knop yarn,,,双色结子花线,,,,,0,0,,,
two colour reticle,,,双色调制盘,,,,,0,0,,,
two colour sheet fed offset press,,,对开双色胶印机,,,,,0,0,,,
two colour tracker,,,双色跟踪器;双色跟踪装置,,,,,0,0,,,
two coloured leaf beetle,,,双色椰叶甲,,,,,0,0,,,
two column strategy,,,二行战略,,,,,0,0,,,
two column tariff system,,,两栏税制,,,,,0,0,,,
two commas,,,一百万元,,,,,0,0,,,
two communities theory,,,双社群理论,,,,,0,0,,,
two compartment chamber,,,双室减压舱,,,,,0,0,,,
two compartment ship,,,[网络] 两舱制船,,,,,0,0,,,
two component,tu: kəmˈpəunənt,, [医]双组分,,,,,0,0,,,
two component adhesive,,,[化] 双组分粘合剂,,,,,0,0,,,
two component alloy,tu: kəmˈpəunənt ˈælɔi,, 二元合金,,,,,0,0,,,
two component spray apparatus,,,双组份喷涂机,,,,,0,0,,,
two component system,,,二成份系统,,,,,0,0,,,
two concentric cylinders,,,双共轴圆柱,,,,,0,0,,,
two concentric eyes,,,同心双眼,,,,,0,0,,,
two condition,,,[计] 二态,,,,,0,0,,,
two conductor earthed system,,,双导向系统,,,,,0,0,,,
two conductor line,,,双导线传输线路,,,,,0,0,,,
two conductor wiring,,,双线布线,,,,,0,0,,,
two consecutive ports,,,[网络] 两个连续港口,,,,,0,0,,,
two container varnish,,,分装清漆;两罐装清漆,,,,,0,0,,,
two coordinate,,,双座标,,,,,0,0,,,
two cord sewing,,,[纺] 双线缝纫,,,,,0,0,,,
two core,,,adj. 双磁心的(双活性区的),,,,,0,0,,,
two core cable,,,芯电缆,,,,,0,0,,,
two core fixture wire,,,[网络] 双芯电器引线,,,,,0,0,,,
two core per bit,,,每位两个磁心;双磁心存储方式,,,,,0,0,,,
two core per bit system,,,每位两磁心系统,,,,,0,0,,,
two core switch,,,[网络] 双磁心开关,,,,,0,0,,,
two counter machine,,,二计数器机器;双计数器计算机,,,,,0,0,,,
two course net,,,双列网眼,,,,,0,0,,,
Two Creeks,,,[地名] 图克里克斯 ( 加、美 ),,,,,0,0,,,
two crystal spectrometer,,,两晶谱仪,,,,,0,0,,,
two crystal spectrum,,,双晶体分光计,,,,,0,0,,,
two cultures,,,双重文化,,,,,0,0,,,
two cut tapping system,,,双线割胶制度,,,,,0,0,,,
two cycle,,,二冲程循环,,,,,0,0,,,
two cycle engine,,,"[机] 二冲程引擎, 克拉克循环发动机",,,,,0,0,,,
two cycle generator,,,双频率(50赫和60赫)发电机,,,,,0,0,,,
two cycle internal combustion engine,,,[网络] 二冲程内燃机,,,,,0,0,,,
two cycle marine diesel engine,,,[网络] 二冲程船用柴油机,,,,,0,0,,,
two cycle principle,,,un. 二程循环原理\n[网络] 二冲程循环原理,,,,,0,0,,,
two cylinder,,,二缸,,,,,0,0,,,
two cylinder compound locomotive,,,un. 双缸复胀机车\n[网络] 二汽缸复式机车,,,,,0,0,,,
two cylinder front mounted hydraulic loader,,,un. 前县挂式双油缸液力装载机,,,,,0,0,,,
two cylinder locomotive,,,un. 双缸机车,,,,,0,0,,,
two cylinder pump,,,双缸泵,,,,,0,0,,,
two cylinder steering gear,,,[网络] 双缸操舵装置,,,,,0,0,,,
two cylinder test,,,双缸试验,,,,,0,0,,,
two cylinder test results,,,双缸试验结果,,,,,0,0,,,
two cylinder turbine,,,[网络] 双缸式涡轮机,,,,,0,0,,,
two datum system,,,双基准制,,,,,0,0,,,
two days,,,[网络] 两天；二天；两日,,,,,0,0,,,
two days ago,,,[网络] 两天前；两天之前；两天以前,,,,,0,0,,,
two deck classifier,,,un. 双板分粒机,,,,,0,0,,,
two deck dryer,,,双层烘缸,,,,,0,0,,,
two deck jumbo,,,un. 双层钻车\n[网络] 二层钻车,,,,,0,0,,,
two decked fishing vessel,,,双甲板渔船,,,,,0,0,,,
two decked ship,,,[网络] 双层甲板船,,,,,0,0,,,
two decker,,,na. 有两层甲板的船；双层电车[公共汽车]\n[网络] 双层甲板船；双复式住宅,,,,,0,0,,,
two deep,,,二列横队,,,,,0,0,,,
two degree of freedom gyro,,,二自由度陀螺仪,,,,,0,0,,,
two degree-of-freedom gyro,,,两自由度陀螺仪,,,,,0,0,,,
two degrees of freedom,,,级自由度,,,,,0,0,,,
two derrick boom cargo handling,,,[网络] 联杆吊货法,,,,,0,0,,,
two different kinds of contradictions,,, [法]两类不同性质的矛盾,,,,,0,0,,,
two digit,tu: ˈdidʒit,, 二位的,,,,,0,0,,,
two digit code services,,,[网络] 两位数代码业务,,,,,0,0,,,
two digit inflation,tu: ˈdidʒit inˈfleiʃən,, [财]两位数字通货膨胀,,,,,0,0,,,
two dimensinal flow,,,[网络] 二元流动,,,,,0,0,,,
two dimension,tu: diˈmenʃən,, [计]二维,,,,,0,0,,,
two dimension analysis,,,[网络] 二维电泳分析,,,,,0,0,,,
two dimension collision,,,二维碰撞,,,,,0,0,,,
two dimension detector arrays,,,[网络] 面型检光元件；面型检光组件,,,,,0,0,,,
two dimension-three wire,,,[计] 二度三线制,,,,,0,0,,,
two dimension-two wire,,,[计] 二度二线制,,,,,0,0,,,
two dimensional,tu: dɪˈmenʃənəl,, 二维的,,,,,0,0,,,
two dimensional aerofoil design,,,un. 翼型设计,,,,,0,0,,,
two dimensional analysis,tu: dɪˈmenʃənəl əˈnæləsis,, [体]平面分析,,,,,0,0,,,
two dimensional array,tu: dɪˈmenʃənəl əˈrei,, 二维阵列,,,,,0,0,,,
two dimensional array grammar,,,二维阵列文法,,,,,0,0,,,
two dimensional barcode,,,二维条码,,,,,0,0,,,
two dimensional bilayer ice I,,"two dimensional bilayer ice I (uncountable)\n(physics, chemistry) a phase of water ice which is two-dimensional, amorphous, and may shrink during freezing, unlike most forms of water ice\n",,,,,,0,0,,,
two dimensional body,,,二维物体,,,,,0,0,,,
two dimensional boundary layer,,,二维边界层,,,,,0,0,,,
two dimensional cam,,,un. 平面凸轮\n[网络] 两维凸轮,,,,,0,0,,,
two dimensional chromatography,,,[医] 两向色谱法,,,,,0,0,,,
two dimensional compound,,,二维化合物,,,,,0,0,,,
two dimensional compression,,,二向压制,,,,,0,0,,,
two dimensional concatenation,,,二维连接关系,,,,,0,0,,,
two dimensional copying,,,un. 二座标仿形,,,,,0,0,,,
two dimensional crystal,,,二维晶体,,,,,0,0,,,
two dimensional crystal nucleus,,,二维晶核,,,,,0,0,,,
two dimensional current,,,un. 二元流,,,,,0,0,,,
two dimensional defect,,,二维缺陷,,,,,0,0,,,
two dimensional digital filter,,,二度空间数位泸波器,,,,,0,0,,,
two dimensional disc-shaped nucleus growth,,,二维碟形核成长,,,,,0,0,,,
two dimensional display,,,二维显示,,,,,0,0,,,
two dimensional drag,,,un. 二维阻力,,,,,0,0,,,
two dimensional electric field,,,维电场,,,,,0,0,,,
two dimensional electron system,,,二维电子系,,,,,0,0,,,
two dimensional flow,,,二维流,,,,,0,0,,,
two dimensional flow condition,,,un. 二元流,,,,,0,0,,,
two dimensional fundamental form,,,un. 二维基本形,,,,,0,0,,,
two dimensional gel electrophore-sis,,,双向凝胶电泳,,,,,0,0,,,
two dimensional gel electrophoresis,tu: dɪˈmenʃənəl dʒel iˌlektrəfəˈri:sis,, [医]双向凝胶电泳,,,,,0,0,,,
two dimensional geometry,,,二维几何；平面几何,,,,,0,0,,,
two dimensional graph model,tu: dɪˈmenʃənəl ɡrɑ:f ˈmɔdəl,, [计]二维图模型,,,,,0,0,,,
two dimensional grating,,,[网络] 二维光栅,,,,,0,0,,,
two dimensional infrared correlation spectrum,,,二维红外线相关光谱,,,,,0,0,,,
two dimensional infrared spectrum,,,二维红外线光谱,,,,,0,0,,,
two dimensional lattice,tu: dɪˈmenʃənəl ˈlætɪs,, 平面点阵,,,,,0,0,,,
two dimensional layout,tu: dɪˈmenʃənəl ˈleiaut,, 二维布置,,,,,0,0,,,
two dimensional linear processing,,,[网络] 二维线性处理,,,,,0,0,,,
two dimensional memory,,,二维存储器,,,,,0,0,,,
two dimensional method,,,双向法,,,,,0,0,,,
two dimensional motor,,,维电动机,,,,,0,0,,,
two dimensional network,,,二维网路,,,,,0,0,,,
two dimensional nozzle,,,二维喷管,,,,,0,0,,,
two dimensional nucleation theory,,,二维成核理论,,,,,0,0,,,
two dimensional photoconductor array,,,二维光电导体阵列,,,,,0,0,,,
two dimensional photoelastic analysis,,,维光弹性分析,,,,,0,0,,,
two dimensional problem,,,二维问题,,,,,0,0,,,
two dimensional pulse height spectrum,,,二因次脉高频谱,,,,,0,0,,,
two dimensional selection system,tu: dɪˈmenʃənəl siˈlekʃən ˈsistəm,, [计]二维选择系统,,,,,0,0,,,
two dimensional space,,,二维空间,,,,,0,0,,,
two dimensional space group,,,[网络] 二维空间群,,,,,0,0,,,
two dimensional steadystate chemical laser,,,二维稳态化学激光器,,,,,0,0,,,
two dimensional stretch,,,纵横伸张,,,,,0,0,,,
two dimensional system,,,二维系统,,,,,0,0,,,
two dimensional table,tu: dɪˈmenʃənəl ˈteibl,, [计]二维表,,,,,0,0,,,
two dimensional transposition,tu: dɪˈmenʃənəl ˌtrænspəˈziʃən,, [计]二维转置,,,,,0,0,,,
two dimensional Turing machine,,,二维图灵机,,,,,0,0,,,
two dimensional wind tunnel,,,二维风洞,,,,,0,0,,,
two dimensional wing,,,二维弹翼,,,,,0,0,,,
two dimensional wing test,,,二维弹翼试验,,,,,0,0,,,
two dimensionality,,,[网络] 二维模型；平面性,,,,,0,0,,,
two dimensions,,,维稳定热传导,,,,,0,0,,,
two dimentional nucleation,,,二维核化,,,,,0,0,,,
two direction pressing,,,un. 双向压制,,,,,0,0,,,
two directional stress crack,,,向应力裂纹,,,,,0,0,,,
two disc polisher,,,[木] 双盘抛光机,,,,,0,0,,,
two disk wave generator,,,双圆盘波发生器,,,,,0,0,,,
two distinct levels of peroxidase activity,,,两种不同水平的过氧化物酶活性,,,,,0,0,,,
two dogs,,,[网络] 两只狗；两条狗；两类狗,,,,,0,0,,,
two dollar bill,,,[网络] 垄断地位将有可能被两美元,,,,,0,0,s:two dollar bills,,
two dollar bills,,,[网络] 垄断地位将有可能被两美元\n(two dollar bill 的复数),,,,,0,0,0:two dollar bill/1:s,,
Two Dollar Broker,,,[网络] 两元经纪人,,,,,0,0,,,
two doors away,,,隔壁第二家(第三家，等等),,,,,0,0,,,
two doors down,,,隔壁第二家(第三家，等等),,,,,0,0,,,
two doors off,,,隔壁第二家(第三家，等等),,,,,0,0,,,
two dose of the same gene,,,同基因双剂量,,,,,0,0,,,
two dose survival curve,,,双剂量存活曲线,,,,,0,0,,,
two dot chain line,,,[网络] 双点划线,,,,,0,0,,,
two dozen,,,[网络] 两打；二十几；架次,,,,,0,0,s:two dozens,,
two dozens,,,[网络] 两打是,,,,,0,0,0:two dozen/1:s,,
two draft scale,,,双拉盘式轨道衡,,,,,0,0,,,
two drum boiler,,,[网络] 双锅筒锅炉,,,,,0,0,,,
two drum crab,,,un. 双卷筒提升机构,,,,,0,0,,,
two drum reel,,,双鼓卷纸机,,,,,0,0,,,
two drum winder,,,双鼓卷纸机,,,,,0,0,,,
two dwell motion,,,双停歇运动,,,,,0,0,,,
two early papers reported,,,两篇早期文献报导了,,,,,0,0,,,
two edged,,, 有两种作用的; 双刃的,,,,,0,0,,,
two electrode vacuum tube,,,[网络] 二极真空管,,,,,0,0,,,
two electrode valve,,,un. 二极管,,,,,0,0,,,
two electron shell,,,双电子壳,,,,,0,0,,,
two electron spectrum,,,双电子谱线,,,,,0,0,,,
two element air ejector,,,[网络] 双组空气抽除器,,,,,0,0,,,
two element field,,,二元域,,,,,0,0,,,
two elements feed water regulator,,,二元给水调节器,,,,,0,0,,,
two engine approach,,,双发进场着陆,,,,,0,0,,,
two engine nacelle,,,un. 双发动机短舱,,,,,0,0,,,
two engined,,,n. 双机\n[网络] 装有双发动机的,,,,,0,0,,,
two face,,, 双面人,,,,,0,0,,,
two faced,,,adj. 两面派的,,,,,0,0,,,
two faced fabric,,,双面织物,,,,,0,0,,,
two faced terry cloth fabric,,,[纺] 双面毛圈织物,,,,,0,0,,,
two faces,,,[网络] 两面；两个色子点值；双重面孔,,,,,0,0,,,
Two factor authentication,,,[网络] 双因素认证；双重认证；双因子认证,,,,,0,0,,,
two factor inheritance,,,二基因遗传,,,,,0,0,,,
two factor interaction,,,[网络] 二因素交互作用,,,,,0,0,,,
two factor model,,,[网络] 双因素模型；两因素模型；两因素,,,,,0,0,,,
two factor theory,tu: ˈfæktə ˈθiəri,, [体]双因素理论,,,,,0,0,,,
two fan cleaning,,,un. 双风扇清选,,,,,0,0,,,
two fat ladies,,,[网络] 银屏,,,,,0,0,,,
two feed knitter,,,[网络] 双系统针织机；双路进线针织机；双吃线织袜机,,,,,0,0,,,
two fibre electrometer,,,双丝静电计,,,,,0,0,,,
two field system,,,二圃制农业,,,,,0,0,,,
two fifths,,,[网络] 五分之二；二分之五；是五分之二,,,,,0,0,,,
two figures,,,两[十]位数,,,,,0,0,,,
two film theory,tu: film ˈθiəri,, 双膜理论,,,,,0,0,,,
two fingers,,," （手心向里, 表示侮蔑的）V字形手势",,,,,0,0,,,
two firm model,,,[网络] 双企业模式,,,,,0,0,,,
two flame burner,,,un. 叉形火焰焊矩,,,,,0,0,,,
two flank gear rolling tester,,,[网络] 双面啮合检查仪,,,,,0,0,,,
two floor kiln,,,二层(干燥)炉,,,,,0,0,,,
two flow condenser,,,双流程冷凝器,,,,,0,0,,,
two fluid cell,,,"二液电池，双液电池, 两液电池",,,,,0,0,,,
two fluid grouting,,,双液注浆,,,,,0,0,,,
two fluid manometer,,,双液面流量计,,,,,0,0,,,
two fluid model,tu: ˈflu:ɪd ˈmɔdəl,, 双铃模型,,,,,0,0,,,
two fluid system,,,双工质系统;双流体系统,,,,,0,0,,,
two fluid theory,,,双液理论,,,,,0,0,,,
two flying whales in kiln colour,,,窑彩双鲸鱼,,,,,0,0,,,
two fold,'tuːfəʊld,,adj. 双重的；两倍的\nadv. 双重地；两倍地,,,,,0,0,,,
two fold axis of symmetry,,,二重对称轴,,,,,0,0,,,
two fold character of the labor,,,劳动二重性,,,,,0,0,,,
two fold purchase,,,[网络] 双重复滑车组；绞辘,,,,,0,0,,,
two fold tackle,,,un. 双双饼滑车组\n[网络] 绞辘,,,,,0,0,,,
two folding door,,,[网络] 双折门,,,,,0,0,,,
two folds,'tuːfəʊld,,adj. 双重的；两倍的\nadv. 双重地；两倍地,,,,,0,0,,,
two for a penny,,,[口语]多的是；很便宜,,,,,0,0,,,
two for one,tu: fɔ: wʌn,, 买一送一,,,,,0,0,,,
two for one twister,,,二合一捻线机,,,,,0,0,,,
two for two,,,[网络] 两个两美元,,,,,0,0,,,
two frame gyroscope,,,双框架陀螺仪,,,,,0,0,,,
two frequency method,,,双频率法,,,,,0,0,,,
two function massage minimachine,,,二功能微型按摩器,,,,,0,0,,,
two furrow plow,,,双沟犁,,,,,0,0,,,
two gang condenser,,,un. 双联电容器,,,,,0,0,,,
two gang variable capacitor,,,un. 双联可变电容器,,,,,0,0,,,
two generations,,,[网络] 两代人；二个世代；一代人,,,,,0,0,,,
two girls one cup,,"Disgusting movie on the web.  Two girls start licking each others chests, followed by one of the girls filling a pint glass with her own feces.  The movie goes on to show BOTH girls licking and sucking at the contents of the cup.  Later, one girl has a fine specimen that she squirts out of her mouth a few times before swallowing.  THEN the girls start pulling the trigger and puking in each others mouths!  WORST MOVIE ON THE WEB!  INCONCEIVABLE!!\n> ""My ex-girlfriend invited me to a friends' house to watch what she called 'Two Girls One Cup'...  After watching it I burned all of my things, had my name legally changed, and moved to a new state.""\n",,,,,,0,0,,,
two grow together,,,两株(树)长在一起,,,,,0,0,,,
two gun oscillograph,,,双电子枪示波器,,,,,0,0,,,
two gun type,,,双(电子)枪型,,,,,0,0,,,
two half hitch,,,[网络] 双半结；两半结；打一个半扣结,,,,,0,0,,,
two half hitches,,,双半结,,,,,0,0,,,
two half-hitch,,,双半套结,,,,,0,0,,,
two handed underhand pass,,,双手低传,,,,,0,0,,,
two hander,.tuː 'hændə(r),,n. 双人物戏剧\n[网络] 双手大剑,,,,,0,0,,,
two hands,,, [体]两次发球权,,,,,0,0,,,
two hands clean and jerk,,,两臂提举,,,,,0,0,,,
two hands dead lift,,,两臂硬举,,,,,0,0,,,
two hands military press,,,两臂推举,,,,,0,0,,,
two hands snatch,,,两臂抓举,,,,,0,0,,,
two hands swing,,,两臂摆举,,,,,0,0,,,
Two Harbors,,,[地名] 图哈伯斯 ( 美 ),,,,,0,0,,,
Two heads are always better then one,,,pr. 三人行必有我师,,,,,0,0,,,
two heads are better than one,,,[网络] 三个臭皮匠，顶个诸葛亮；人多智广；集思广益,,,,,0,0,,,
Two heads are better than one.,,,st. 两人智慧胜一人.,,,,,0,0,,,
two high bloomer,,,un. 二辊式初轧机,,,,,0,0,,,
Two High Mill,,,n. 二辊式轧机,,,,,0,0,,,
two high reversing beam mill,,,[网络] 二辊可逆式钢梁轧机,,,,,0,0,,,
two high roller leveler,,,un. 两排辊子的矫直机,,,,,0,0,,,
two high roller leveller,,,un. 两排辊子的矫直机\n[网络] 二重式多辊矫直机,,,,,0,0,,,
two high rolling mill,tu haɪ ˈroʊlɪŋ mɪl,, 二辊式轧机,,,,,0,0,,,
Two Hills,,,[地名] 图希尔斯 ( 加 ),,,,,0,0,,,
two hinged,,,adj. 双铰的,,,,,0,0,,,
two holed,,,n. 二次拉拨\n[网络] 二次拉拔,,,,,0,0,,,
two homozygous lines,,,两个纯合性品系,,,,,0,0,,,
two horizontal reel mounted potato digger,,,un. 双水平转轮县挂式马铃薯挖掘机,,,,,0,0,,,
two horizontal reel trailed potato digger,,,un. 双水平转轮牵引式马铃薯挖掘机,,,,,0,0,,,
two horse,,,[网络] 双马,,,,,0,0,,,
two humped instability,,,[等离子] 双峰不稳定性,,,,,0,0,,,
two hundred,tu: ˈhʌndrəd,, 二百,,,,,0,0,,,
two hundred and eight,,,(=208) 二百零八,,,,,0,0,,,
two hundred and eighteen,,,(=218) 二百一十八,,,,,0,0,,,
two hundred and eleven,,,(=211) 二百一十一,,,,,0,0,,,
two hundred and fifteen,,,(=215) 二百一十五,,,,,0,0,,,
two hundred and five,,,(=205) 二百零五,,,,,0,0,,,
two hundred and four,,,(=204) 二百零四,,,,,0,0,,,
two hundred and fourteen,,,(=214) 二百一十四,,,,,0,0,,,
two hundred and nine,,,(=209) 二百零九,,,,,0,0,,,
two hundred and nineteen,,,(=219) 二百一十九,,,,,0,0,,,
two hundred and one,,,[网络] 二百零一,,,,,0,0,,,
two hundred and seven,,,(=207) 二百零七,,,,,0,0,,,
two hundred and seventeen,,,(=217) 二百一十七,,,,,0,0,,,
two hundred and six,,,(=206) 二百零六,,,,,0,0,,,
two hundred and sixteen,,,(=216) 二百一十六,,,,,0,0,,,
two hundred and ten,,,(=210) 二百一十,,,,,0,0,,,
two hundred and thirteen,,,(=213) 二百一十三,,,,,0,0,,,
two hundred and three,,,(=203) 二百零三,,,,,0,0,,,
two hundred and twelve,,,(=212) 二百一十二,,,,,0,0,,,
two hundred and twenty,,,(=220) 二百二十,,,,,0,0,,,
two hundred and two,,,(=202) 二百零二,,,,,0,0,,,
two hundred-mile limit,,,200海里范围,,,,,0,0,,,
two ignition system,,,双点火系,,,,,0,0,,,
two image photogrammetry,,,双像摄影测量,,,,,0,0,,,
two image photography,,,双像摄影,,,,,0,0,,,
two in one TV transmission system,,,单信道双电视节目传输系统,,,,,0,0,,,
two in-hand winding,,,[网络] 叠绕组叠绕法,,,,,0,0,,,
two independent ignition,,,双源独立点火,,,,,0,0,,,
two input adder,tu: ˈinput ˈædə,, 半加器,,,,,0,0,,,
two input circuit,,,[电子] 二输入端电路,,,,,0,0,,,
two input subtracter,,,[计] 半减法器,,,,,0,0,,,
two iron,,,[网络] 两铁,,,,,0,0,s:two irons,,
two irons,,,[网络] 两铁\n(two iron 的复数),,,,,0,0,0:two iron/1:s,,
"Two is company, but three is a crowd .",,,"[谚语]二人成伴,三人不欢。[亦作 Two's company. 或Two's company, three's none.]",,,,,0,0,,,
"Two is company, but three is none .",,,"[谚语]二人成伴,三人不欢。[亦作 Two's company. 或Two's company, three's none.]",,,,,0,0,,,
two is made one,,,合二为一,,,,,0,0,,,
two jaw chuck,,,un. 两爪夹盘\n[网络] 双爪卡盘,,,,,0,0,,,
two jaw concentric lathe chuck,,,un. 两爪自动车床夹盘,,,,,0,0,,,
two jaw independent lathe chuck,,,un. 两爪分动车床夹盘,,,,,0,0,,,
two jawed chuck,,,un. 两爪夹盘\n[网络] 双颚夹头,,,,,0,0,,,
two jerks of a lamb's tail,,,一瞬间,,,,,0,0,,,
two jet carburetor,,,双喷管化油器,,,,,0,0,,,
two jet flapper valve,,,un. 双喷嘴挡板阀,,,,,0,0,,,
two joint drive,,,un. 双万向节传动,,,,,0,0,,,
Two Kettle,,,[网络] 两壶,,,,,0,0,s:two kettles,,
two kettles,,,[网络] 两壶\n(two kettle 的复数),,,,,0,0,0:two kettle/1:s,,
Two Knights Defense,,,[网络] 双马防御,,,,,0,0,,,
Two Knights' Defence,,,双马防御,,,,,0,0,,,
Two Knights' Defense,,,[网络] 双马防御,,,,,0,0,,,
Two L,,,[网络] 两个,,,,,0,0,,,
two lane,,,双车道,,,,,0,0,,,
two lane canal,tu: lein kəˈnæl,, 双船道运河,,,,,0,0,,,
two lane road,,,双车道道路,,,,,0,0,,,
two lanes canal,,,双船道运河,,,,,0,0,,,
two lap lapping machine,,,un. 双盘研磨机\n[网络] 自动换刀数控机床,,,,,0,0,,,
two large divisions,,,两大部分,,,,,0,0,,,
two laws in opposition,,,[法] 两法相反,,,,,0,0,,,
two layer,,,adj. 双层的,,,,,0,0,,,
two layer fabric,,,双层织物,,,,,0,0,,,
two layer filter,,,双层泸池,,,,,0,0,,,
two layer method (mechanical analysis),,,二层法(机械分析）,,,,,0,0,,,
two layer winding,tu: ˈleiə ˈwaɪndɪŋ,, 双层绕组,,,,,0,0,,,
two layered cylinder,,,[化] 双层筒,,,,,0,0,,,
two layers,,,[网络] 二层；两层布料；两层龋,,,,,0,0,,,
two layers flow,,,双层流,,,,,0,0,,,
two leading shoe brake,,,双助势蹄制动器,,,,,0,0,,,
two left feet,,,[网络] 有两左脚；笨手笨脚；有两只左脚,,,,,0,0,,,
two leg mooring,,,[网络] 用双锚固定的系锚,,,,,0,0,,,
two leg propeller strut,,,[网络] 人字尾轴架,,,,,0,0,,,
two leg slide,,,(守门员)双腿滑挡,,,,,0,0,,,
two leg strut,,,[网络] 双支脚尾轴架,,,,,0,0,,,
two legs of breech pipes,,,两叉连管,,,,,0,0,,,
two lens ocular,tu: lenz ˈɔkjələ,, [医]双透镜目镜,,,,,0,0,,,
two letter signal,,,[网络] 双字母信号,,,,,0,0,,,
two letter signal code,,,双字母信号码,,,,,0,0,,,
two level,tu: ˈlevl,, 二级,,,,,0,0,,,
two level addressing,,,[计] 二级定址,,,,,0,0,,,
two level crossing,,,立体交叉；过街楼,,,,,0,0,,,
two level grammar,,,[计] 二级文法,,,,,0,0,,,
two level laser,,,二能极激光器,,,,,0,0,,,
two level laser configuration,,,un. 二能极激光结构,,,,,0,0,,,
two level maser,,,二能级微波激射器,,,,,0,0,,,
two level microprogram control,,,[计] 二极微程序控制,,,,,0,0,,,
two level molding die,,,[网络] 双层模具,,,,,0,0,,,
two level structure,,,[网络] 二级结构,,,,,0,0,,,
two level system,,,二能级系统,,,,,0,0,,,
two light lamp,,,双光灯泡,,,,,0,0,,,
two line,,,na. 【印】两行宽的\n[网络] 条队；两条队；双排,,,,,0,0,,,
two line clamshell,,,un. 双绳抓岩机,,,,,0,0,,,
two linear array,,,二数组法,,,,,0,0,,,
two lined octave,,,二点八度｛音域｝,,,,,0,0,,,
two lines,,, 两条路线,,,,,0,0,,,
two lip end milling cutter,,,un. 双面刃端铣刀,,,,,0,0,,,
two lip hand ladle,,,un. 双嘴手杓,,,,,0,0,,,
two lip ladle,,,un. 双嘴勺,,,,,0,0,,,
two lipped end mill,,,[机] 双刃端铣刀,,,,,0,0,,,
two liquid centrifuge,,,un. 两液离心分离机\n[网络] 双液离心机,,,,,0,0,,,
two liquid manometer,,,[网络] 压差计；管压差计；微差压差计,,,,,0,0,,,
two lobe blower,,,[网络] 双叶转子鼓风机,,,,,0,0,,,
two lobe rotor,,,双叶电动机,,,,,0,0,,,
two luminous points of equal intensity,,,两个等光强的发光点,,,,,0,0,,,
two machine jumbo,,,un. 两台凿岩机钻车,,,,,0,0,,,
two magnification rangefinder,,,双放大率测距仪,,,,,0,0,,,
two man ladle,,,un. 抬包,,,,,0,0,,,
two master,tu: ˈmɑ:stə,, [体]双桅帆船,,,,,0,0,,,
two mice,,,[网络] 两只老鼠；城市老鼠和乡下老鼠；两只小老鼠,,,,,0,0,,,
two miler mill,,,[网络] 双辊磨,,,,,0,0,,,
two minds,,,[网络] 即；两方思考；二心,,,,,0,0,,,
two minute turn,,,二分钟转弯,,,,,0,0,,,
two minutes,,,[网络] 两分钟；还有两分钟；一分钟,,,,,0,0,,,
two minutes to midnight,,,离爆发核战争只有两分钟[参较 Doomsday Clock],,,,,0,0,,,
two minutes' silence,,,二分钟默哀仪式,,,,,0,0,,,
two mirror anastigmat,,,双镜消像散镜,,,,,0,0,,,
two mirror type radiation pyrometer,,,[网络] 双镜式辐射高温计,,,,,0,0,,,
two months,,,[网络] 两个月；二个月；二个月是,,,,,0,0,,,
two more,tu: mɔ:,, [体]还有两次发球,,,,,0,0,,,
Two more and up goes the donkey.,,,[以前街头卖艺者收钱用语]再扔两个便士，驴子就上竿了。,,,,,0,0,,,
two motion switch,,,[电] 两动作机键,,,,,0,0,,,
two motor car,,,un. 双电动机车,,,,,0,0,,,
two movement form,,,二乐章形式,,,,,0,0,,,
two movement from,,,二乐章形式,,,,,0,0,,,
two name paper,tu: neim ˈpeipə,, [财]二人票据,,,,,0,0,,,
two named paper,,,[经] 双记名票据,,,,,0,0,,,
two natures,,,[网络] 二性；两个本性；两种本性,,,,,0,0,,,
two negative charges,,,二阴电荷的,,,,,0,0,,,
Two negatives make an affirmative,,,"负负得正,否定之否定等于肯定",,,,,0,0,,,
two nights,,,我想住两夜,,,,,0,0,,,
"two nights,please",,,我想住两夜,,,,,0,0,,,
two noded vertical vibration,,,[网络] 双节点垂直振动,,,,,0,0,,,
two noded vibration,,,[网络] 双节点振动,,,,,0,0,,,
two notes to one,,,二对一｛对位｝,,,,,0,0,,,
two nutrients compound fertilizer,,,[肥料] 二元（复合）肥料,,,,,0,0,,,
two o'clock,,,[网络] 两点；两点钟；等到两点钟为止,,,,,0,0,,,
Two Oceans,,,[网络] 双洋；两洋；南非双洋,,,,,0,0,,,
two of a kidney,,,两个想法相同的人,,,,,0,0,,,
two of a kind,,,[网络] 天生一对；情人知己；两情相悦,,,,,0,0,,,
two of a trade,,,同行;两个竞争者,,,,,0,0,,,
two of a trade never agree,,, 同行是冤家,,,,,0,0,,,
Two of a trade never agree.,,,st. 同行是冤家.,,,,,0,0,,,
Two of trade never agree.,,,[谚语]同行是冤家。,,,,,0,0,,,
Two of trade seldom agree.,,,[谚语]同行是冤家。,,,,,0,0,,,
two opposite simple leaves,,,两片对生叶,,,,,0,0,,,
two OR gate,,,[电子 计] 双“或”门电路,,,,,0,0,,,
two or three,,,"两三个,几个",,,,,0,0,,,
Two or three of them look familiar,,,他们当中有两三个看起来面熟,,,,,0,0,,,
two out,,,un. 二人出局\n[网络] 两人出局；宣判出局,,,,,0,0,,,
two out of five,,,adj. 五中取二的,,,,,0,0,,,
two out of five code,tu: aut ɔv faɪv kəud,, 五中取二码,,,,,0,0,,,
two out of three voting system,,,2/3表决系统,,,,,0,0,,,
two overall lengths,,,两个船的长度,,,,,0,0,,,
two pack system,,,双组分式,,,,,0,0,,,
Two Pages,,,双页,,,,,0,0,,,
two pair,,,[网络] 两对；二对；有两对同一数字的牌,,,,,0,0,,,
two pairs,,,双对子,,,,,0,0,,,
two pairs of satellite chromosome,,,两对随体染色体,,,,,0,0,,,
two parameter,,,adj. 双参数的,,,,,0,0,,,
two part bearing,tu: pɑ:t ˈbɛəriŋ,, [医]对开轴承,,,,,0,0,,,
two part mold,,,un. 两箱铸型,,,,,0,0,,,
two part mould,,,un. 两箱铸型,,,,,0,0,,,
two part sizing system,,,[纺] 两步法单纱上浆系统,,,,,0,0,,,
two part tariff pricing,,,两部订价法,,,,,0,0,,,
two particle model,,,颗粒模型,,,,,0,0,,,
two particle tunneling,,,双粒子隧穿,,,,,0,0,,,
two particlet unneling,,,[网络] 双粒子隧道,,,,,0,0,,,
two parts,,,两部分,,,,,0,0,,,
two parts tariff,,,两部收费,,,,,0,0,,,
two party draft,,,[经] 双名汇票,,,,,0,0,,,
two party paper,,,[网络] 双名票据,,,,,0,0,,,
two party sight draft,tu: ˈpɑ:ti sait drɑ:ft,, [财]双方即期汇票,,,,,0,0,,,
two party tariff,,,[经] 二部征税制,,,,,0,0,,,
two pass,,,un. 双程\n[网络] 两重运算；两遍；二次编码,,,,,0,0,,,
two pass assembler,tu: pɑ:s əˈsemblə,, 两遍扫描汇编程序,,,,,0,0,,,
two pass condenser,,,双流式凝汽器,,,,,0,0,,,
two pass evaprator,,,[网络] 双流程蒸发器,,,,,0,0,,,
two pass macroassembler,,,二次扫描宏汇编程序,,,,,0,0,,,
two pass microassembler,,,[网络] 二遍扫描宏汇编程序,,,,,0,0,,,
two pass superheater,,,[网络] 双流程过热器,,,,,0,0,,,
two path circuit,,,双路电路,,,,,0,0,,,
two peas in a pod,,,一模一样,,,,,0,0,,,
two pedal operation,,,双踏板操纵,,,,,0,0,,,
two pen recorder,,,双笔记录器,,,,,0,0,,,
two pence,,, （英国的）两便士硬币,,,,,0,0,,,
two pendulum method,,,双摆法,,,,,0,0,,,
two penn'orth,,,[网络] 两个penn'orth,,,,,0,0,,,
two pennies to rub together,,two pennies to rub together pl (plural only)\n(idiomatic) A minimal amount of money to live on; any money at all.\n,,,,,,0,0,,,
two pennies' worth,,"two pennies' worth (uncountable)\n(idiomatic, Britain, colloquial) One's opinion or thoughts.\n",,,,,,0,0,,,
two pennorth,,,[网络] 两个pennorth,,,,,0,0,,,
two pennyworth,,,[网络] 两个便士,,,,,0,0,,,
two people,,, [电影]昙花未了情,,,,,0,0,,,
two period model,,,两期模型,,,,,0,0,,,
two periods,,,[网络] 主谓一致,,,,,0,0,,,
two person flat,,,双人公寓,,,,,0,0,,,
two person zero sum game,tu: ˈpə:sən ˈziərəu sʌm ɡeim,, 二人零和对策,,,,,0,0,,,
two person zero-sum game,,,两人零和竞局,,,,,0,0,,,
two phase,,,相的,,,,,0,0,,,
two phase additive,,,两相添加剂,,,,,0,0,,,
two phase circuit,,,二相电路,,,,,0,0,,,
two phase clock,,,[仪] 二相时钟,,,,,0,0,,,
two phase combustion,,,两相燃烧,,,,,0,0,,,
two phase connections,,,un. 两相接法,,,,,0,0,,,
two phase current,,,双相电流,,,,,0,0,,,
two phase dosimeter,,,两相剂量计,,,,,0,0,,,
two phase emf-titration technique,,,两相电动势滴定法,,,,,0,0,,,
two phase equilirium,,,双相平衡,,,,,0,0,,,
two phase flow,,,两相流,,,,,0,0,,,
two phase flow heat transfer,,,两相流换热,,,,,0,0,,,
two phase flow instability,,,两相流动不稳定性；二相流不稳定性,,,,,0,0,,,
two phase flow model,,,两相流模型；二相流模型,,,,,0,0,,,
two phase fluid,,,相流体,,,,,0,0,,,
two phase four wire system,,,二相四线制,,,,,0,0,,,
two phase generator,tu: feiz ˈdʒenəreitə,, 双两相发电机,,,,,0,0,,,
two phase ground,,,两相接地,,,,,0,0,,,
two phase jet propulsion,,,双态喷射推进,,,,,0,0,,,
two phase method,,,两段法,,,,,0,0,,,
two phase mortality,,,双相死亡率,,,,,0,0,,,
two phase motor,tu: feiz ˈməutə,, 双相电动机,,,,,0,0,,,
two phase operation,,,两相运转；二相作业,,,,,0,0,,,
two phase pressure drop,,,两相压降；二相压力降,,,,,0,0,,,
two phase pressure drop multiplier,,,两相压降倍率,,,,,0,0,,,
two phase printing process,,,两相印花法,,,,,0,0,,,
two phase propulsion,,,[网络] 双态喷射推进,,,,,0,0,,,
two phase sampling,tu: feiz ˈsæmplɪŋ,, 二相抽样法,,,,,0,0,,,
two phase selsyn,,,[网络] 二相自动同步机,,,,,0,0,,,
two phase stainless steel,,,二相不锈钢,,,,,0,0,,,
two phase structure,,,两相构造,,,,,0,0,,,
two phase three wire system,,,二相三线制,,,,,0,0,,,
two phase three-wire system,,,un. 两相三线制\n[网络] 二相三线制,,,,,0,0,,,
two phase titration,,,分相滴定法,,,,,0,0,,,
two phase urination,,,两段排尿,,,,,0,0,,,
two phases,,,[网络] 两相；吸着於两相；双相,,,,,0,0,,,
two phases chemotherapy,,,两阶段化学治疗,,,,,0,0,,,
two photon absorption,tu: ˈfəʊˌtɔn əbˈsɔ:pʃən,, [医]双光子吸收,,,,,0,0,,,
two photon coherent state,,,压缩相干态,,,,,0,0,,,
two photon emission,,,双光子发射,,,,,0,0,,,
two photon excitation,,,双光子激发,,,,,0,0,,,
two photon laser,,,双光子激光器,,,,,0,0,,,
two photon transition,,,双光子跃迁,,,,,0,0,,,
two pi counter,,,计数器,,,,,0,0,,,
two piece,,,adj. 两件一套的\n[网络] 两件式；两片式；套装,,,,,0,0,,,
two piece bearing,,,un. 对开轴承,,,,,0,0,,,
two piece can,tu: pi:s kæn,, [体]两片罐,,,,,0,0,,,
two piece chassis,,,un. 双节式底盘\n[网络] 双节底盘,,,,,0,0,,,
two piece housing,,,部分式外壳,,,,,0,0,,,
two pin driven nut,,,un. 双锥孔螺母,,,,,0,0,,,
two pin escapement,,,双销擒纵机构,,,,,0,0,,,
two pin plug,,,二心塞子,,,,,0,0,,,
two pinned arch,,,两铰拱,,,,,0,0,,,
two pipe direct downfeed system,,,下给式双管热水供暖系统,,,,,0,0,,,
two pipe direct return system,,,双管直接回水系统,,,,,0,0,,,
two pipe system,,,双管系统,,,,,0,0,,,
two pips,,,[网络] 两点,,,,,0,0,,,
two pitch airscrew,,,"[机] 双螺距, 螺旋桨",,,,,0,0,,,
two pitch propeller,,,二［段螺］距螺桨,,,,,0,0,,,
two pl,,,n. 对讲电话线,,,,,0,0,,,
two place,tu: pleis,, 二位的,,,,,0,0,,,
two plane theory,,,双面说,,,,,0,0,,,
two plane type,,,双面式,,,,,0,0,,,
two plate,,,[网络] 两极式；二板模模具名称对照表；二板,,,,,0,0,,,
two plate chamber,,,两板腔,,,,,0,0,,,
two plate clutch,,,双片式离合器,,,,,0,0,,,
two plate molding die,,,[网络] 二板式模具,,,,,0,0,,,
two plate press,,,un. 双板压榨机,,,,,0,0,,,
two plus two equals five,,,[网络] 两加二等于五,,,,,0,0,,,
two ply,,,织成两层的\n双层的\n双股的,,,,,0,0,,,
two ply laminating machine,,,双贴层压机,,,,,0,0,,,
two ply reveting,,,[机] 双层铆接,,,,,0,0,,,
two ply riveting,,,双层铆接,,,,,0,0,,,
two ply tyre,,,双层轮胎,,,,,0,0,,,
two ply vacuum exhaust station,,,双真空排气台,,,,,0,0,,,
two pocket magazine grinder,,,双袋库式磨木机,,,,,0,0,,,
two point,,,双点;双接点;二接点,,,,,0,0,,,
two point advantage,,,(局末平分后)以两分领先取胜,,,,,0,0,,,
two point arbitrage,tu: pɔint ˈɑ:bɪˌtrɑ:ʒ,, [财]对角套汇,,,,,0,0,,,
two point bit,,,un. 双刃钻头,,,,,0,0,,,
two point depression,,,二点弯折,,,,,0,0,,,
two point interpolation in space,,,空间双点定位法,,,,,0,0,,,
two point jack,,,[网络] 二簧片插孔,,,,,0,0,,,
two point linkage,,,两点县挂装置,,,,,0,0,,,
two point perspective,,,两点透视,,,,,0,0,,,
two point press,,,双点压力机,,,,,0,0,,,
two point probe,,,二点探针,,,,,0,0,,,
two point problem,,,两点法,,,,,0,0,,,
two points,,,[网络] 两分；两点；二点看见,,,,,0,0,,,
two polar,,,双极,,,,,0,0,,,
two pole,,,[电] 双极,,,,,0,0,,,
two pole knife switch,,,[网络] 双极闸刀开关,,,,,0,0,,,
two pole switch,tu: pəul switʃ,, 双极开关,,,,,0,0,,,
two poles,,,[网络] 两极；两极论；二源说或神学两极,,,,,0,0,,,
two port,,,"二端对,四端",,,,,0,0,,,
two port connection valve,,,[网络] 二口阀,,,,,0,0,,,
two port network,,,"二端对网络,四端网络",,,,,0,0,,,
two port valve,,,un. 二通阀,,,,,0,0,,,
two port waveguide junction,,,双口波导连接,,,,,0,0,,,
two ports connection valve,,,二口阀,,,,,0,0,,,
two position,,,高低液位,,,,,0,0,,,
two position action,tu: pəˈziʃən ˈækʃən,, 双位置动作,,,,,0,0,,,
two position action type,,,二位置动作型,,,,,0,0,,,
two position control,tu: pəˈziʃən kənˈtrəul,, 二位控制,,,,,0,0,,,
two position controller,,,un. 双位自动调器\n[网络] 双位控制器,,,,,0,0,,,
two position four-way valve,,,[网络] 二位四通阀,,,,,0,0,,,
two position key,,,二位电键,,,,,0,0,,,
two position mode,,,[网络] 双位制,,,,,0,0,,,
two position relay,,,双位继电器,,,,,0,0,,,
two position three way directional control valve,,, 二位三通换向阀,,,,,0,0,,,
two position three-way valve,,,[网络] 二位三通阀,,,,,0,0,,,
two position two-way valve,,,[网络] 二位二通阀,,,,,0,0,,,
two position valve,tu: pəˈziʃən vælv,, 二位阀,,,,,0,0,,,
two position valve (hydraulic),,,二位阀,,,,,0,0,,,
two position valve (pneumatic),,,二位阀,,,,,0,0,,,
two position winding,,,双层绕组,,,,,0,0,,,
two pot screamer,,"two pot screamer (plural two pot screamers)\n(Australia, colloquial) One who becomes talkative or rowdy after consuming a relatively small amount of alcohol; one who quickly becomes intoxicated.\n",,,,,,0,0,,,
two pot screamers,,"A person who has little tolerance for alcohol, in particular beer or lager.  This can also develop over the years as you and your mates tolerance for ""the pints"" diminishes with age.\n> That Ruperts been bar boxing again.  He's a bit of a two-pot-screamer.\n",,,,,,0,0,,,
two price basis,,,"两种基价,两种价格基础",,,,,0,0,,,
two price house,,,[网络] 两价商店,,,,,0,0,,,
two price system,,,[网络] 二价制,,,,,0,0,,,
two primary leaves appear,,,两片出生叶伸出,,,,,0,0,,,
two pulse,,,双脉冲,,,,,0,0,,,
two pulse counting circuit,,,[网络] 双脉冲计数电路,,,,,0,0,,,
two pulse timer,,,un. 双脉冲定时器,,,,,0,0,,,
two push-down tape,,,双下推带,,,,,0,0,,,
two push-down tape machine,,,两下推带机器,,,,,0,0,,,
two pushdown tape machine,,, [计]双下推带机,,,,,0,0,,,
two pyroxene andesite,,,二辉安山岩,,,,,0,0,,,
two quadrant convertor,,,[电] 二象限变流器,,,,,0,0,,,
two quadrant multiplier,,,[计] 二象限乘法器,,,,,0,0,,,
two quadrant operation,,,二象限操作,,,,,0,0,,,
two quantum annihilation,,,双量子湮没,,,,,0,0,,,
two radar surveillance system,,,双雷达侦察系统,,,,,0,0,,,
two rail crossing,,,由(行车轨道和护轮轨)两钢轨组合的线路交叉,,,,,0,0,,,
two raker,,,双耙侧向搂草机,,,,,0,0,,,
two ram hydraulic steering gear,,,[网络] 双柱塞液压操舵装置,,,,,0,0,,,
two range Decca,,,双距离台卡导航系统,,,,,0,0,,,
two range winding,,,[网络] 双排绕组,,,,,0,0,,,
two rate register,,,双价电度累计装置,,,,,0,0,,,
two rate system,,,[网络] 双轨税率制,,,,,0,0,,,
two rated points pump,,,双额定点泵,,,,,0,0,,,
two reaction machine theory,,,双反应电机理论,,,,,0,0,,,
two reaction method,,,双反应法,,,,,0,0,,,
two redundance(-cy),,,冗余,,,,,0,0,,,
two redundant hamming code,,, [计]二重冗余汉明码,,,,,0,0,,,
two refrigerant system,,,二元冷冻法,,,,,0,0,,,
two resistance theory,,,双阻力理论,,,,,0,0,,,
two revolving field method,,,双旋转磁场法,,,,,0,0,,,
two ring piston,,,双环式活塞,,,,,0,0,,,
Two Rivers,,,[网络] 两河；两条河；两条河流,,,,,0,0,,,
Two Rivers Res.,,,[地名] 双河水库 ( 美 ),,,,,0,0,,,
two robberies,,,[法] 两起抢劫票,,,,,0,0,,,
two rod piston,,,un. 双活塞杆活塞,,,,,0,0,,,
two roll calender,,,[化] 双辊压光机,,,,,0,0,,,
two roll crusher,tu: rəul ˈkrʌʃə,, 双辊破碎机,,,,,0,0,,,
two roll embossing machine,,,双辊压花机,,,,,0,0,,,
two roll machine,,,双辊磁选机,,,,,0,0,,,
two roll piercer,,,[网络] 二辊穿孔机,,,,,0,0,,,
two roll press,,,双辊挤压机,,,,,0,0,,,
two rotation axis,,,二次旋转轴,,,,,0,0,,,
two rotor,,,二次旋转轴（二次对称轴）,,,,,0,0,,,
two row check row planter,,,un. 双行方形穴播机,,,,,0,0,,,
two row cultivator,,,un. 双行中耕机,,,,,0,0,,,
two row cylinder,,,双排气缸,,,,,0,0,,,
two row elevator digger,,,un. 双行块根挖掘升运器,,,,,0,0,,,
two row hatch,,,[网络] 两横列舱口；双列舱口,,,,,0,0,,,
two row impulse wheel,,,[网络] 二列冲动叶累,,,,,0,0,,,
two row machine,,,un. 双行作业机具,,,,,0,0,,,
two row mounted corn picker,,,un. 县挂式双行玉米摘穗机,,,,,0,0,,,
two row potato planter,,,un. 双行马铃薯种植机,,,,,0,0,,,
two row pull type corn picker,,,un. 牵引式双行玉米摘穗机,,,,,0,0,,,
two sample t-test,,,双样本t检定,,,,,0,0,,,
two sanding belts top working wide sander,,,[木] 上辊式双辊筒宽带砂光机,,,,,0,0,,,
two scale notation,,,二进制计数制,,,,,0,0,,,
two schools of thought,,, 两个意见,,,,,0,0,,,
two screw chip feeder,,,双螺旋喂料器,,,,,0,0,,,
two seat airplane,,,双座飞机,,,,,0,0,,,
two seat fighter,,,双座歼击机,,,,,0,0,,,
two seater,tu: ˈsi:tə,, [体]双座飞机,,,,,0,0,,,
two seater aeroplane,,,[机] 双座飞机,,,,,0,0,,,
two second rule,,,[网络] 两秒钟规则,,,,,0,0,,,
two section choke,,,双节扼流圈,,,,,0,0,,,
two section income statement,tu: ˈsekʃən ˈinkəm ˈsteitmənt,, [财]两部式收益表,,,,,0,0,,,
two sector system,,,双扇形系统,,,,,0,0,,,
two segment combination approach,,,两段混合进场,,,,,0,0,,,
two selenoid,,,双螺管阀门,,,,,0,0,,,
two self-energizing shoes,,,双自加力蹄,,,,,0,0,,,
two sessions,,,n. 两会（全国人民代表大会和中国人民政治协商会议的简称）,,,,,0,0,,,
two set,,,双帖,,,,,0,0,,,
two sets,,, [医]两组,,,,,0,0,,,
two sexes,,,[网络] 两性,,,,,0,0,,,
two shaft pier,,,双柱式[桥]墩,,,,,0,0,,,
two shakes of a lamb's tail,,,一瞬间,,,,,0,0,,,
two shear ewe,,,第二次剪毛至第三次剪毛前母羊,,,,,0,0,,,
two shear ram,,,第二次剪毛至第三次剪毛前公羊,,,,,0,0,,,
two shear tup,,,第二次剪毛至第三次剪毛之前公羊,,,,,0,0,,,
two sheave block,,,un. 双轮滑车,,,,,0,0,,,
two shields ball bearing,,,双保护垫的滚珠轴承,,,,,0,0,,,
two shifts run,,,双班运行,,,,,0,0,,,
two ship way building system,,,二船台建造方武,,,,,0,0,,,
two shoe brake,,,双蹄式刹车,,,,,0,0,,,
two shoe external contracting brake,,,双蹄外缩式制动器,,,,,0,0,,,
two shot,,,[网络] 双人镜头；二人镜头；口说话的双人镜头,,,,,0,0,,,
two shot chemical grouting,,,双液化学灌注,,,,,0,0,,,
two shots,,,[网络] 两枪；罚两杆；二人镜头,,,,,0,0,,,
Two Sicilies,'sisiliz,,【历史】两西西里王国(包括那不勒斯和西西里的旧王国；1861年与意大利王国联合),,,,,0,0,,,
"Two Sicilies, Kingdom of The",,,[地名] *两西西里王国 ( 南欧 ),,,,,0,0,,,
two side limit cycle,,,双边极限环,,,,,0,0,,,
two side mosaic,,,双面嵌镶幕,,,,,0,0,,,
two side receiving coil,,,双边接收线圈,,,,,0,0,,,
two side test,,,[网络] 双侧检验,,,,,0,0,,,
two sided coating,,,双面涂布,,,,,0,0,,,
two sided ideal of an algebra,,,代数的双边理想,,,,,0,0,,,
two sided limitation,,,[网络] 双面统制,,,,,0,0,,,
two sided mosaic,,,双面嵌镶幕,,,,,0,0,,,
two sided test,tu: ˈsaidid test,, 两面测验，双侧检定,,,,,0,0,,,
two sided unit,,,双边器件,,,,,0,0,,,
two sided waxing,,,双面涂蜡,,,,,0,0,,,
two sided wedge shaped brick,,,un. 两侧楔形砖,,,,,0,0,,,
two sides,,,两面,,,,,0,0,,,
two sides of the same coin,,,[网络] 两面；一体两面；同一硬币的两面,,,,,0,0,,,
two sides recessed wheel with taper,,,双面凹带锥砂轮,,,,,0,0,,,
two sides to every story,,,[网络] 故事的两面；每个故事的两面,,,,,0,0,,,
two signal method,,,双信号法,,,,,0,0,,,
two signal selectivity,,,双信号选择性,,,,,0,0,,,
two signature method,,,双署法,,,,,0,0,,,
two single ended siding,,,"除正线外,铺有两条对向尽头岔线的会让站(高坡地区的一种设计)",,,,,0,0,,,
two site assay,,,双位测定,,,,,0,0,,,
two slag practice,,,un. 双渣熔炼,,,,,0,0,,,
two sled,,,双橇,,,,,0,0,,,
two sleeper tamper,,,双轨枕砸道机,,,,,0,0,,,
two solitudes,,,[网络] 两种孤独；两地孤独；两个孤独,,,,,0,0,,,
two space dimensions filter,,,二维空间滤波器,,,,,0,0,,,
two space fluid coupling,,,双腔流体联结器,,,,,0,0,,,
two spans three layers,,,双间距三层,,,,,0,0,,,
two spar wing,,,双樑翼,,,,,0,0,,,
two speed,,,双速的；双扇（控制）,,,,,0,0,,,
two speed adapter,,,[机] 双速接头,,,,,0,0,,,
two speed adapter lever,,,un. 双连接头杆\n[网络] 双速接头杆,,,,,0,0,,,
two speed clutch,,,[网络] 双速离合器；单速群散器,,,,,0,0,,,
two speed controller,,,双速控制器,,,,,0,0,,,
two speed gear,,,二档变速器,,,,,0,0,,,
two speed motor,tu: spi:d ˈməutə,, 双速电动机,,,,,0,0,,,
two speed overhead countershaft,,,un. 双速天轴\n[网络] 二速高架对轴,,,,,0,0,,,
two speed pump,,,un. 两级泵\n[网络] 二速泵,,,,,0,0,,,
two speed resolver,,,双通道旋转变压器,,,,,0,0,,,
two speed synchro,,,双通道自整角机,,,,,0,0,,,
two spindle,,,[网络] 双轴；二轴型,,,,,0,0,,,
two spindle system,,,[网络] 双主轴系统,,,,,0,0,,,
two spirit,,,[网络] 双灵,,,,,0,0,,,
two spool compressor,,,un. 双转子压气机\n[网络] 双转子压缩机；双轴压汽机,,,,,0,0,,,
two stabilivolt bridge,,,[网络] 双稳压管测量电桥,,,,,0,0,,,
two stable position,,,稳定状态，双稳位置,,,,,0,0,,,
two stage,tu: steidʒ,, 二级,,,,,0,0,,,
two stage acceleration,,,二级加速,,,,,0,0,,,
two stage agitation,,,两段搅拌浸出,,,,,0,0,,,
two stage air compressor,,,两给空气压缩机,,,,,0,0,,,
two stage air ejector,,,[网络] 二级空气抽除器,,,,,0,0,,,
two stage air pump,,,un. 双级气泵\n[网络] 两级空气泵；中文名称,,,,,0,0,,,
two stage amplifier,tu: steidʒ ˈæmpləˌfaɪə,, 二级放大器,,,,,0,0,,,
two stage braking,,,二级制动,,,,,0,0,,,
two stage burner,,,[网络] 二级燃烧器,,,,,0,0,,,
two stage centrifugal pump,,,un. 两级离心泵\n[网络] 二级离心泵,,,,,0,0,,,
two stage combustion engine,,,双阶燃烧发动机,,,,,0,0,,,
two stage compesson refrigerating system,,,[网络] 二级压缩制冷系统,,,,,0,0,,,
two stage compression,tu: steidʒ kəmˈpreʃən,, 两级压缩,,,,,0,0,,,
two stage compressor,tu: steidʒ kəmˈpresə,, 两级压气机; 两级压缩机; 二级压缩机; 双级压气机,,,,,0,0,,,
two stage concentrator,,,双阶段共轴器,,,,,0,0,,,
two stage controller,,,un. 两级调节器\n[网络] 双级控制器,,,,,0,0,,,
two stage crusher,tu: steidʒ ˈkrʌʃə,, 两级破碎机,,,,,0,0,,,
two stage digestion process,,,两相消化法,,,,,0,0,,,
two stage grinding,,,[网络] 两段磨矿,,,,,0,0,,,
two stage holdback device,,,un. 两级锁定机构,,,,,0,0,,,
two stage homogenizer,,,[医] 二重式匀化器,,,,,0,0,,,
two stage image intensifier,,,un. 二级象增强器,,,,,0,0,,,
two stage injector,,,un. 复合喷嘴,,,,,0,0,,,
two stage least squares,,,二段最小平方法,,,,,0,0,,,
two stage lift,,,两级提升器,,,,,0,0,,,
two stage melting process,,,un. 两段熔化法,,,,,0,0,,,
two stage memory cell,,,un. 双稳态存储元件,,,,,0,0,,,
two stage prediction method,,,[网络] 两阶段预测法,,,,,0,0,,,
two stage pressure gas burner,,,un. 两级压力煤气燃烧器,,,,,0,0,,,
two stage process,,,[网络] 二步法；两段式处理,,,,,0,0,,,
two stage pump,,,二级泵,,,,,0,0,,,
two stage regulator,,,两级调节器,,,,,0,0,,,
two stage relay,tu: steidʒ ˈri:lei,, 两阶段继电器,,,,,0,0,,,
two stage sample,,,二段样本,,,,,0,0,,,
two stage sampling,,,二次抽样,,,,,0,0,,,
two stage shut,,,[网络] 双级制动,,,,,0,0,,,
two stage speed change,,,[网络] 二级变速,,,,,0,0,,,
two stage supercharger,,,[网络] 二级增压器,,,,,0,0,,,
two stage supercharging,,,[网络] 二级增压,,,,,0,0,,,
two stage superheater,,,[网络] 二级过热器,,,,,0,0,,,
two stage suspension,,,两系悬挂,,,,,0,0,,,
two stage system,,,二阶段体系,,,,,0,0,,,
two stage torque converter,,,un. 二级扭矩变换器,,,,,0,0,,,
two stage turbo-charger,,,[网络] 二级涡轮增压器,,,,,0,0,,,
two stage turbocharging system,,,二级增压系统,,,,,0,0,,,
two stage valve,,,un. 两级阀,,,,,0,0,,,
two stages,,, 两大阶段,,,,,0,0,,,
two stages of a ferroelectric shift registor,,,二级铁电移位寄存器,,,,,0,0,,,
two stand mill,,,[网络] 双机座轧机,,,,,0,0,,,
two stars navigation,,,双星导航,,,,,0,0,,,
two start screw,,,[机] 双纹螺纹螺钉,,,,,0,0,,,
two state controller,,,二位控制器,,,,,0,0,,,
two state device,,,双稳态器件,,,,,0,0,,,
two state variable,,,双态变数,,,,,0,0,,,
two station molding machine,,,[机] 双站式造模机,,,,,0,0,,,
two step,tu: step,, [体]两步交替滑进,,,,,0,0,,,
two step action,,,[网络] 双位作用,,,,,0,0,,,
two step control,,,[网络] 两位控制；双级控制,,,,,0,0,,,
two step controller,,,二位控制器,,,,,0,0,,,
two step decompression cycle,,,un. 两级泄压循环,,,,,0,0,,,
two step die,,,un. 重合模,,,,,0,0,,,
two step heel and toe,,,踵趾交换步,,,,,0,0,,,
two step injection sysyem,,,[网络] 双级喷射系统,,,,,0,0,,,
two step mechanism,,,两步机制；两步机理,,,,,0,0,,,
two step method,,,二步法,,,,,0,0,,,
two step nozzle,,,un. 双级喷管,,,,,0,0,,,
two step read,tu: step ri:d,, [计]两步读出,,,,,0,0,,,
two step relay,tu: step ˈri:lei,, 两阶段继电器,,,,,0,0,,,
two step sales forecasting method,,,[网络] 双阶段销售量预估法,,,,,0,0,,,
two stops system,,,两节曝光,,,,,0,0,,,
two stories,,,[网络] 两个故事；两层；两则故事,,,,,0,0,,,
two strand anneal and pickle line,,,un. 双线退火和酸洗作业线\n[网络] 双线退火酸洗作业线,,,,,0,0,,,
two strand coil conveyer,,,un. 带卷双路运输机,,,,,0,0,,,
two strand line,,,un. 双线加工的作业线,,,,,0,0,,,
two strand mill,tu: strænd mil,, 双线轧机,,,,,0,0,,,
two strands double crossing over,,,两线双交换,,,,,0,0,,,
two strawberries case,,,[法] 两个草莓案件,,,,,0,0,,,
two stream hypothesis,,,二星流假说,,,,,0,0,,,
two stream instability,,,二束不稳定性,,,,,0,0,,,
two streams,,,二星流,,,,,0,0,,,
two strikes,,,[复数](给予第二次犯暴力罪的案犯终身监禁惩罚的)二击出局措施,,,,,0,0,,,
two strings to one's bow,,,有不止一个计划〔办法〕,,,,,0,0,,,
two stroke,,,二冲程的,,,,,0,0,,,
two stroke cutter,,,un. 标Ⅱ型切割器,,,,,0,0,,,
two stroke cycle,tu: strəuk ˈsaikl,, 二冲程循环,,,,,0,0,,,
two stroke cycle engine,,,"[机] 二冲程引擎, 克拉克循环发动机",,,,,0,0,,,
two stroke diesel engine,,,二冲程柴油机,,,,,0,0,,,
two stroke direct-coupled machine,,,[网络] 二冲程直接传动式发动机,,,,,0,0,,,
two stroke double-acting type,,,[网络] 二冲程双作用式,,,,,0,0,,,
two stroke engine,tu: strəuk ˈendʒin,, 二冲程发动机,,,,,0,0,,,
two stroke engine supercharged according to pulse parallel system,,,脉冲并联系统增压式二冲程发动机,,,,,0,0,,,
two stroke engine supercharged on pulse series parallel system,,,脉冲串并联系统增压式二冲程发动机,,,,,0,0,,,
two stroke marine diesel engine,,,二冲程船用柴油机,,,,,0,0,,,
two stroke oil engine,,,二冲程油机,,,,,0,0,,,
two stroke single-acting type,,,[网络] 二冲程单作用式,,,,,0,0,,,
two stub tuner,,,双短截线调谐器,,,,,0,0,,,
two subcarrier system,,,双副载波系统;双副载波制,,,,,0,0,,,
two supply circuit,,,un. 双电源电路,,,,,0,0,,,
two symmetry,,,二次对称,,,,,0,0,,,
two tables,,,[复数]【宗教】(基督教、犹太教的)十诫,,,,,0,0,,,
two tail test,,,[网络] 双尾检验；双尾检定；双侧检验,,,,,0,0,,,
two tailed test,tu: teild test,, 正反测验,,,,,0,0,,,
two tape Turing machine,,,二带图灵机,,,,,0,0,,,
two tears in a bucket,,two tears in a bucket\nused to express acceptance of misfortune\n,,,,,,0,0,,,
two tension bar loader,,,un. 双拉杆式装载机,,,,,0,0,,,
two terminal,tu: ˈtə:minəl,, 二端,,,,,0,0,,,
two terminal circuit,,,二端网络,,,,,0,0,,,
two terminal line,,,两端线路,,,,,0,0,,,
two terminal net work,,,二端[电]网路,,,,,0,0,,,
two terminal network,,,二端网络,,,,,0,0,,,
two terminal pair network,,,un. 二端对网络,,,,,0,0,,,
two terminal series-parallel network,,,端串并联网络,,,,,0,0,,,
two terminals,,,[网络] 两端；两个航厦,,,,,0,0,,,
two third occlusion,,,[医] 三分之二Ж,,,,,0,0,,,
two thirds,,,na. 三分之二\n[网络] 三分之一；是三分之二；是指三分之二,,,,,0,0,,,
two thousand,,,[网络] 两千；二千；两千美元,,,,,0,0,,,
two thousand and one,,,(=2001) 二千零一,,,,,0,0,,,
Two Thousand Guineas,,,[复数]【体育】(英国传统的、赛程为1英里的)二千几尼马赛,,,,,0,0,,,
two thousand three hundred,,,二千三百,,,,,0,0,,,
two thousands,,,两千,,,,,0,0,,,
two three doors away,,,隔壁第二家(第三家，等等),,,,,0,0,,,
two three doors down,,,隔壁第二家(第三家，等等),,,,,0,0,,,
two three doors off,,,隔壁第二家(第三家，等等),,,,,0,0,,,
two three five,,,[网络] 两三五,,,,,0,0,,,
two throw crank,,,un. 双拐曲柄\n[网络] 以联曲柄,,,,,0,0,,,
two throw crank shaft,,,[网络] 双联曲轴,,,,,0,0,,,
two throw crank-shaft,,,双拐曲柄轴,,,,,0,0,,,
two throw pump,,,[网络] 双吸泵,,,,,0,0,,,
Two Thumbs Ra.,,,[地名] 双拇指岭 ( 新西 ),,,,,0,0,,,
two thumbs up,,,“赞!”，顶呱呱,,,,,0,0,,,
two tier approach,,,[化] 双层法; 联立模块法,,,,,0,0,,,
two tier bargaining,,,双层工资计划(国家给某工会一工资计划，工会支持该计划并在此基础上给更多一些的工资计划),,,,,0,0,,,
two tier car carriage,,,装运两层汽车的车辆,,,,,0,0,,,
two tier exchange market,tu: tɪə iksˈtʃeindʒ ˈmɑ:kit,, [财]双重汇率市场,,,,,0,0,,,
two tier exchange rate,,,[法] 双重汇率,,,,,0,0,,,
two tier exchange rate system,tu: tɪə iksˈtʃeindʒ reit ˈsistəm,, [财]双重汇率制,,,,,0,0,,,
two tier gold market,tu: tɪə ɡəuld ˈmɑ:kit,, [财]双重黄金市场,,,,,0,0,,,
two tier gold price,tu: tɪə ɡəuld prais,, [财]双重黄金价格,,,,,0,0,,,
two tier gold price system,tu: tɪə ɡəuld prais ˈsistəm,, [财]黄金双轨制,,,,,0,0,,,
two tier market,tu: tɪə ˈmɑ:kit,, [财]两级市场,,,,,0,0,,,
two tier price system,,,[网络] 两价制；黄金双价制；考试大-实用英语,,,,,0,0,,,
two tier system,,,双重轨制,,,,,0,0,,,
two tier'tax system,,,[网络] 双重税制,,,,,0,0,,,
two time,,,v. 〈非正式〉欺骗；对…不忠；脚踏两只船\nadj. 两次的\nn. 【乐】二拍子\n[网络] 拍拍手；二人时间；双响,,,,,0,0,,,
two time green's function,,,[网络] 双时格林函数,,,,,0,0,,,
two timer,,,na. 骗人[出卖人]的人；〈美俚〉叛徒\n[网络] 两地时间；脚踏两只船的人；脚踏二条船,,,,,0,0,,,
two times,,,两次,,,,,0,0,,,
two tip torch,,,[网络] 双嘴割炬,,,,,0,0,,,
two to four-leaf stage of weeds,,,杂草长到二至四片叶子阶段,,,,,0,0,,,
two to one frequency divider,,,率减半器,,,,,0,0,,,
two to one principle,,,[经] 二对一原理,,,,,0,0,,,
two to one rule,,,[经] 二对一原则,,,,,0,0,,,
two to three suspension,,,二三挂留音,,,,,0,0,,,
Two Tone,,,双音,,,,,0,0,,,
two tone colour,,,"阴阳色(二种以上颜料配制的漆,由于颜料分离而造成的一种漆病)",,,,,0,0,,,
two tone diaphone,,,[网络] 双声低音雾号,,,,,0,0,,,
two tone keying,,,二音按键,,,,,0,0,,,
two tone method,,,双音信号法,,,,,0,0,,,
two tone system,,,双音系统,,,,,0,0,,,
two tone telegraph system,,,双音电报制,,,,,0,0,,,
two touch,,,二次触压,,,,,0,0,,,
two tower directional antenna,,,双塔指向天线,,,,,0,0,,,
two track tape,,,[计] 二道带,,,,,0,0,,,
two trailing shoe brake,,, 双从蹄式制动器,,,,,0,0,,,
two turn,,,[网络] 可禁止两转弯,,,,,0,0,,,
two types of chemical balance,,,两种化学天平,,,,,0,0,,,
two unit,,,双机组,,,,,0,0,,,
two up,,,[网络] 双跳跃海豚电动按摩棒；跳跃双海豚电动按摩棒；双跳跃海豚电动按摩棒情趣,,,,,0,0,,,
two up two down,,,[网络] 上两间下两间,,,,,0,0,,,
two upon ten,,,把眼睛睁大点(以防别人偷窃),,,,,0,0,,,
two valued condition,,,双值状态,,,,,0,0,,,
two valued variable,,,un. 双值变量\n[网络] 双值变数；二值变数,,,,,0,0,,,
two variable computer,,,un. 双变量计算机,,,,,0,0,,,
two variable function generator,,,双变量函数发生器,,,,,0,0,,,
two variable linear regression,,,二变数线性回归,,,,,0,0,,,
two variance overhead analysis,,,两差异制造费用分析,,,,,0,0,,,
two view method,,,二视图法,,,,,0,0,,,
two voices,,,二声部,,,,,0,0,,,
two water action,,,双向水流洗涤方式,,,,,0,0,,,
two wattmeter method,,,双瓦特计法,,,,,0,0,,,
two wave approximation,,,双波近似,,,,,0,0,,,
two wave length microscope,,,双波长显微镜,,,,,0,0,,,
two waveband,,,双波段,,,,,0,0,,,
two wavelength holographic interferometry,,,双波长全像干涉术,,,,,0,0,,,
two wavelength microscopy,,,双波长显微术,,,,,0,0,,,
two way,,,双向式,,,,,0,0,,,
two way algorithm,,,双向演算法,,,,,0,0,,,
two way alternate communication,tu: wei ˈɔːltə(r)neɪt kəˌmju:niˈkeiʃən,, 半双工传输,,,,,0,0,,,
two way alternate interaction,,,[网络] 两相交替交互作用,,,,,0,0,,,
two way alternative plow,,,un. 翻转式双向犁,,,,,0,0,,,
two way array,tu: wei əˈrei,, 二向分类,,,,,0,0,,,
two way beam,,,un. 双向梁,,,,,0,0,,,
two way break before make contact,tu: wei breik biˈfɔ: meik ˈkɔntækt,, 双向先断后合触点,,,,,0,0,,,
two way break before-make contact,,,[网络] 双向先断后合触点,,,,,0,0,,,
two way channel,tu: wei ˈtʃænl,, 双向信道,,,,,0,0,,,
two way chute,,,un. 双向转动槽,,,,,0,0,,,
two way circuit,tu: wei ˈsə:kit,, 双向电路,,,,,0,0,,,
two way clamp,,,向箝位电路,,,,,0,0,,,
two way clamp circuit,,,un. 双向箝位电路,,,,,0,0,,,
two way classification,,,两种方式分组,,,,,0,0,,,
two way classification model,,,双向分类模式,,,,,0,0,,,
two way cock,tu: wei kɔk,, 两通开关，二路栓，双向旋塞,,,,,0,0,,,
two way combat radio,,,双向战斗无线电设备,,,,,0,0,,,
two way communication,tu: wei kəˌmju:niˈkeiʃən,, 双向通信,,,,,0,0,,,
two way communication channel,tu: wei kəˌmju:niˈkeiʃən ˈtʃænl,, [财]双方交流渠道,,,,,0,0,,,
two way contact,tu: wei ˈkɔntækt,, 双向触点,,,,,0,0,,,
two way control,,,un. 双向控制\n[网络] 双路控制；双向受控,,,,,0,0,,,
two way control chart,,,un. 复式管理图\n[网络] 双向管制图,,,,,0,0,,,
two way cord,,,un. 双心塞绳,,,,,0,0,,,
two way coupling,,,[网络] 双向耦合,,,,,0,0,,,
two way cross,,,双交,,,,,0,0,,,
two way curved arch tile,,,拱波,,,,,0,0,,,
two way cylinder,,,双向风缸,,,,,0,0,,,
two way difference,,,[数] 二向差分,,,,,0,0,,,
two way encipherment,,,双向加密,,,,,0,0,,,
two way faucet,,,[网络] 两用水龙头,,,,,0,0,,,
two way feeding,,,双边供电,,,,,0,0,,,
two way finite automaton,tu we ˈfaɪˌnaɪt ɔˈtɑmətən,, 双向有穷自动机,,,,,0,0,,,
two way flow pump,,,un. 双联泵\n[网络] 中文名称；英文名称,,,,,0,0,,,
two way fuse plug,,,[网络] 双熔丝插塞,,,,,0,0,,,
two way fuse socket,,,[网络] 双熔丝插座,,,,,0,0,,,
two way hydraulic control,,,un. 双向式液压操纵,,,,,0,0,,,
two way infinite tape,tu we ˈɪnfənɪt tep,, 双向无穷带,,,,,0,0,,,
two way input head,,,二向输入头,,,,,0,0,,,
two way intercom system,,,双向内部通讯系统,,,,,0,0,,,
two way interleaved access,,,[网络] 二路交叉存取,,,,,0,0,,,
two way joist,,,un. 双向梁,,,,,0,0,,,
two way launching,,,[网络] 双滑道下水,,,,,0,0,,,
two way layout,tu: wei ˈleiaut,, 二因子试验设计,,,,,0,0,,,
two way leveling,,,un. 纵横向调平,,,,,0,0,,,
two way linkage,,,un. 双向链路\n[网络] 双向链接,,,,,0,0,,,
two way lock,,,双向船闸,,,,,0,0,,,
two way make before break contact,,,[网络] 双向先合后断触点,,,,,0,0,,,
two way make-before break contact,,,双向先合后断触点,,,,,0,0,,,
two way mirror,,,[网络] 双向镜；双向透明玻璃镜；单向透明玻璃镜,,,,,0,0,,,
two way paging,,,双向式寻呼,,,,,0,0,,,
two way passive bus,,,[电子] 二向无源总线,,,,,0,0,,,
two way phase switcher,,,un. 双向移相器\n[网络] 双向换相器,,,,,0,0,,,
two way plow,,,双向犁,,,,,0,0,,,
two way process,,,[网络] 往返过程,,,,,0,0,,,
two way pump,,,un. 双向泵\n[网络] 单背泵；中文名称；英文名称,,,,,0,0,,,
two way pushdown automaton,,,二向下推自动机,,,,,0,0,,,
two way quotation,,,[网络] 双向竞价；包括买价卖价的双向报告单；双向报价方式,,,,,0,0,,,
two way radio,,,双向无线电设备,,,,,0,0,,,
two way radio communication,,,[电] 双向无线电通信,,,,,0,0,,,
two way rate,tu: wei reit,, [财]双向利润,,,,,0,0,,,
two way reinforced concrete,,, 双向配筋的钢筋混凝土,,,,,0,0,,,
two way reversing switch,,,un. 双向转换开关,,,,,0,0,,,
two way ring down trunk circuit,,,双向振铃中继电路,,,,,0,0,,,
two way road,,,双向道路,,,,,0,0,,,
two way seal hose coupling,,,un. 带两个单向阀的软管快速接头,,,,,0,0,,,
two way simplex connection,,,双向单工连接,,,,,0,0,,,
two way simultaneous communication,,,双向同时通信,,,,,0,0,,,
two way simultaneous interaction,,,[网络] 两向同时交互作用,,,,,0,0,,,
two way simultaneous operation,tu: wei ˌsiməlˈteinjəs ˌɔpəˈreiʃən,, [财]双向同时操作,,,,,0,0,,,
two way snow plow,,,un. 双向雪犁,,,,,0,0,,,
two way stack automation,,,[自] 二向栈自动机,,,,,0,0,,,
two way street,,,[网络] 双向街道,,,,,0,0,,,
two way sulky plow,,,un. 双向乘式犁,,,,,0,0,,,
two way switch,tu: wei switʃ,, 双路开关,,,,,0,0,,,
two way trade,,,[网络] 双向贸易；被称为双向贸易；双边贸易,,,,,0,0,,,
two way trunk line,,,un. 双向中继线,,,,,0,0,,,
two way valve,tu: wei vælv,, 两通阀,,,,,0,0,,,
two way variable displacement pump,,,[网络] 双向变量泵,,,,,0,0,,,
two ways,,,(包括新闻记者和新闻中人物的现场讨论的)双向报道,,,,,0,0,,,
two ways amrs,,,双向自动读表系统,,,,,0,0,,,
two weeks,,,[网络] 两个星期；两周；两星期,,,,,0,0,s:two weekss,,
two weeks ago,,, 两周前,,,,,0,0,,,
"two weeks under, one week out",,,[美国英语](剧院演出合同中规定如没达到预期售票量的)提前一周结束两周的演出,,,,,0,0,,,
two weekss,,,[网络] 两个星期；两周；两星期\n(two weeks 的复数),,,,,0,0,0:two weeks/1:s,,
two wheel barrow,,,[网络] 二轮手推车,,,,,0,0,,,
two wheel brake,,,un. 双轮制动器\n[网络] 两轮煞车,,,,,0,0,,,
two wheel drive planter,,,un. 双轮驱动式播种机,,,,,0,0,,,
two wheel frame plow,,,双轮架式犁,,,,,0,0,,,
two wheel garage jack,,,un. 二轮修车起重器,,,,,0,0,,,
two wheel harrow,,,两轮耙,,,,,0,0,,,
two wheel trailer booster,,,un. 双轮后推助力器,,,,,0,0,,,
two wheel truck,,,两轮卡车,,,,,0,0,,,
two wheeled chassis,,,un. 双轮底盘,,,,,0,0,,,
two wheeled high sided cart for tractor draft,,,un. 拖拉机牵引的双轮高栏板拖车,,,,,0,0,,,
two wheeled tipping cart for animal draft,,,un. 畜力牵引双轮倾卸车,,,,,0,0,,,
two wheeler,tu: ˈ(h)wi:lə,, 二轮摩托车,,,,,0,0,,,
two winding transformer,,,双绕组变压器,,,,,0,0,,,
two wire carrier system,,,双线载波制,,,,,0,0,,,
two wire channel,,,un. 二线信道\n[网络] 二线制电路；双线通道；二线通道,,,,,0,0,,,
two wire circuit,,,二线电路,,,,,0,0,,,
two wire former,,,双网成形装置,,,,,0,0,,,
two wire line circuit,,,二线式线路电路,,,,,0,0,,,
two wire loudspeaking,,,二线扬声,,,,,0,0,,,
two wire machine,,,双长网造纸机,,,,,0,0,,,
two wire receptacle,,,两线插座,,,,,0,0,,,
two wire switch,,,双联开关,,,,,0,0,,,
two wire system,tu: ˈwaiə ˈsistəm,, [铁道]双线制,,,,,0,0,,,
two word verb,,,[网络] 两字动词,,,,,0,0,,,
two world wars,,,[网络] 两个世界的大战；战争,,,,,0,0,,,
two worlds,,,[网络] 两个世界；天外天；时空穿越者,,,,,0,0,,,
two wrongs don't make a right,,,[网络] 两个错误不能构成一个正确；负负不得正；两个错加不出一个正确来,,,,,0,0,,,
Two wrongs don't make a right.,,,[谚语]两个错误不等于一个正确；不能利用别人的错误来掩饰自己的错误；以牙还牙行不通。,,,,,0,0,,,
two wrongs make a right,,,[网络] 错有错着；你我皆错；积非成是,,,,,0,0,,,
two year old,,,[网络] 两岁的；名词；数词,,,,,0,0,s:two year olds,,
two year olds,,,[网络] 两岁的；名词；数词\n(two year old 的复数),,,,,0,0,0:two year old/1:s,,
two years ago,,,[网络] 两年前；两年以前；二年前,,,,,0,0,,,
two zone tubular furnace,,,双区管式炉,,,,,0,0,,,
two's,,,[网络] 我们俩,,,,,0,0,,,
two's company,,,[网络] 俩人结伴；两人结伴；两人成伴,,,,,0,0,,,
Two's company but three's none,,,两人成伴三人不和,,,,,0,0,,,
Two's company but three's none.,,,st. 两人成伴三人不和.,,,,,0,0,,,
"two's company, three's a crowd",,,[网络] 两人的公司，三人一群人,,,,,0,0,,,
"Two's company,three's none",,,两人成伴三人不欢,,,,,0,0,,,
"Two's company,three's none.",,,st. 两人成伴三人不欢.,,,,,0,0,,,
two's complement,,,[计] 二进制补码,,,,,0,0,,,
two's complement arithetic system,,,二补数运算系统,,,,,0,0,,,
two's complement arithmetic,,,二的补码运算,,,,,0,0,,,
two's complement code,,,二补数码,,,,,0,0,,,
two's complement number,,,二的补码数;二进制补码数,,,,,0,0,,,
two's complement number notation,,,二的补码数记数法,,,,,0,0,,,
two's complement representation,,,二的补码数表示法,,,,,0,0,,,
two's complement subtract,,,二的补码减法,,,,,0,0,,,
two's complementer,,,[计] 求补器,,,,,0,0,,,
two's complements,,,[计] 二进制补码,,,,,0,0,,,
two's compliment adder,,,二补数加法器,,,,,0,0,,,
two-,tuː,,num. 二\nn. 一对；两人；两点钟；两岁\n[网络] 小白兔；两个；双,,,,,0,0,s:stswsos-s,,
two-a-day,,,[网络] 一天两次,j:100,,,,0,0,,,
two-a-penny,,s of trifling worth,平凡的\n多而贱的,,,,,0,0,,,
two-accelerator effect,,,双催速剂效应,,,,,0,0,,,
two-acres,,,[网络] 两亩地,,,,,0,0,,,
two-action line,,,双向传输线,,,,,0,0,,,
two-action trunk,,,双向中继线,,,,,0,0,,,
two-address,,,[计] 二地址,,,,,0,0,s:two-addresses,,
two-address architecture,,,二地址结构,,,,,0,0,,,
two-address code,,,[计] 二地址码,,,,,0,0,,,
two-address computer,,,二地址计算机,,,,,0,0,,,
two-address instruction,,,[计] 二地址指令,,,,,0,0,,,
two-address instruction format,,,二地址指令格式,,,,,0,0,,,
two-address instruction system,,,[计] 二地址指令系统,,,,,0,0,,,
two-address machine,,,二地址机器,,,,,0,0,,,
two-address programme,,,二地址程序,,,,,0,0,,,
two-address system,,,二地址方式;二地址制,,,,,0,0,,,
two-addresses,"'tu:ə,dres",,"two-address\n['tu:ə,dres]\nadj.\n【计算机】二地址的，双地址的",,,,,0,0,0:two-address/1:s,,
two-adults,,,[网络] 二成人；两个成年人；两个大人,,,,,0,0,,,
two-aerial synchronized satellite,,,双天线同步卫星,,,,,0,0,,,
two-aircraft element,,,双机组,,,,,0,0,,,
two-aisle building,,,双走廊的房屋,,,,,0,0,,,
two-aisle cabin,,,双过道客舱,,,,,0,0,,,
two-alley system,,,两衖制,,,,,0,0,,,
two-anchor mooring,,,双锚系泊,,,,,0,0,,,
two-and,,,[网络] 双并线,,,,,0,0,,,
two-and-a-half,,,adj. 两个半,m:100,,,,0,0,,,
two-and-a-half brick wall,,,两砖半墙,,,,,0,0,,,
two-and-a-half dimension memory,,,二度半存储器,,,,,0,0,,,
Two-and-a-half International,'tu:əndə'hɑ:f,,= Vienna International,,,,,0,0,,,
two-and-a-half-dimension,,,二又二分之一维,,,,,0,0,,,
two-and-a-half-dimension memory,,,二度半存储器,,,,,0,0,,,
two-and-a-half-hours,,,[网络] 两个半小时；两小时半；英语搭配,,,,,0,0,,,
two-and-a-half-times,,,[网络] 两点五倍,,,,,0,0,,,
two-and-half,,,[网络] 两岁半,,,,,0,0,,,
two-and-half dimension memory,,,[计] 二度半存储器,,,,,0,0,,,
two-and-one-half striper,"'tu:ənd,wʌn'hɑ:f",,[美国俚语]海军少校,,,,,0,0,,,
two-and-two check,,,双经双纬格子花纹,,,,,0,0,,,
two-and-two twill,,,二上二下斜纹,,,,,0,0,,,
two-antenna (gain) method antenna measurement,,,双天线式天线增益量测法,,,,,0,0,,,
two-aperture electronic lens,,,双孔电子透镜,,,,,0,0,,,
two-aperture lens,,,双孔透镜,,,,,0,0,,,
two-arm,'tu:'ɑ:m,, 双臂,,,,,0,0,,,
two-arm clasp,,,双臂卡环,,,,,0,0,,,
two-arm interferometer,,,双臂干涉仪,,,,,0,0,,,
two-arm kneader,,,[网络] 双臂捏和机,,,,,0,0,,,
two-arm mooring,,,[网络] 用双锚固定的系锚；双臂双锚系船设施,,,,,0,0,,,
two-arm yoke,,,双臂轭,,,,,0,0,,,
two-armature,,,双电枢,,,,,0,0,,,
two-armature DC motor,,,双枢直流电动机,,,,,0,0,,,
two-armature generator,,,枢发电机,,,,,0,0,,,
two-armed,,,[网络] 双臂,,,,,0,0,,,
two-armed spider,,,双臂支架,,,,,0,0,,,
two-armed spiral pattern,,,双臂旋涡图样,,,,,0,0,,,
two-aside network,,,双边网络,,,,,0,0,,,
two-aspect automatic block,,,二显示自动闭塞,,,,,0,0,,,
two-axes,,,un. 双轴\n[网络] 双轴追踪；两轴联动\n(two-axis 的复数),,,,,0,0,0:two-axis/1:s,,
two-axis,,,un. 双轴\n[网络] 双轴追踪；两轴联动,,,,,0,0,s:two-axes,,
two-axis autopilot,,,双通道自动驾驶仪,,,,,0,0,,,
two-axis equivalent circuit,,,双轴等效电路,,,,,0,0,,,
two-axis gyro,,,双轴陀螺仪,,,,,0,0,,,
two-axis hitch,,,双轴悬挂装置,,,,,0,0,,,
two-axis homing head,,,双轴归航器,,,,,0,0,,,
two-axis inclinometer,,,un. 双轴倾斜仪,,,,,0,0,,,
two-axis laser gyroscope,,,双轴激光陀螺仪,,,,,0,0,,,
two-axis linkage,,,双轴悬挂装置,,,,,0,0,,,
two-axis magnetometer,,,un. 双轴磁强计,,,,,0,0,,,
two-axis stepping motor,,,平面步进电机,,,,,0,0,,,
two-axis synchronous machine,,,双轴同步电机,,,,,0,0,,,
two-axle,'tuː'æksl,,n. 两轴,,,,,0,0,s:two-axles,,
two-axle bogie,,,二轴台车,,,,,0,0,,,
two-axle bogie unit,,,二轴转向架装置,,,,,0,0,,,
two-axle car,,,二轴车,,,,,0,0,,,
two-axle drill,,,[农机] 两轴式播种机,,,,,0,0,,,
two-axle engine,,,双轴式发动机,,,,,0,0,,,
two-axle full trailer,,,双轴全挂车,,,,,0,0,,,
two-axle gear,,,双轴传动机构,,,,,0,0,,,
two-axle motor unit,,,双轴牵引车,,,,,0,0,,,
two-axle scraper,,,双轴耙运机,,,,,0,0,,,
two-axle semitrailer,,,双轴半挂车,,,,,0,0,,,
two-axle tipper,,,双轴式倾卸装置,,,,,0,0,,,
two-axle trailer,,,双轴挂车,,,,,0,0,,,
two-axle truck,,,双轴货车,,,,,0,0,,,
two-axle truck trailer,,,双轴货挂车,,,,,0,0,,,
two-axles,,,n. 两轴\n(two-axle 的复数),,,,,0,0,0:two-axle/1:s,,
two-back,,,[网络] 双背,j:100,,,,0,0,,,
two-bagger,'tu:'bæ^ә(r),n a base hit on which the batter stops safely at second base,n. (=twobase hit)[棒]二垒打,,,,,0,0,s:two-baggers,,
two-baggers,,,[网络] 倍,,,,,0,0,0:two-bagger/1:s,,
two-ball,,,[网络] 滚珠,,,,,0,0,,,
two-ball compound,,"semen, nut butter, ball sauce\n> ""She was complaining of a sore throat, so I doctored her up with some two-ball compound.""\n",,,,,,0,0,,,
two-ball compounds,,"semen, nut butter, ball sauce\n> ""She was complaining of a sore throat, so I doctored her up with some two-ball compound.""\n",,,,,,0,0,,,
two-band,,,双频段,,,,,0,0,,,
two-band model,,,双带模型,,,,,0,0,,,
two-band receiver,,,双波段接收机;两波段接收机,,,,,0,0,,,
two-bank,,,双排的,,,,,0,0,,,
two-bank engine,,,双列发动机;双列汽缸发动机,,,,,0,0,,,
two-bank radial engine,,,双排星型发动机,,,,,0,0,,,
two-bank stage pump,,,双排阶段泵,,,,,0,0,,,
two-bar cultivator,,,双梁中耕机,,,,,0,0,,,
two-bar fabric,,,双梳栉经编织物,,,,,0,0,,,
two-bar motive,,,二小节动机,,,,,0,0,,,
two-bar tricot,,,双梳栉经编织物,,,,,0,0,,,
two-bar tricot machine,,,双梳栉经编机,,,,,0,0,,,
two-bar tricot stitch,,,双梳栉经编组织,,,,,0,0,,,
two-barrel,,,[网络] 双筒,,,,,0,0,,,
two-barrel carburetor,,,双室气化器,,,,,0,0,,,
two-base,,,[网络] 至多只可跑到二垒,,,,,0,0,,,
two-base bit,ˈtu:ˌbeɪs,,(棒球)二垒打,,,,,0,0,,,
two-base hit,,, [棒球]二垒打,,,,,0,0,s:two-base hits,,
two-base hits,'tu:'beis,,two-base hit\n['tu:'beis]\n【棒球】二垒打[亦称作 double],,,,,0,0,0:two-base hit/1:s,,
two-base range finder,,,双基测距计,,,,,0,0,,,
two-based catenary,,,二底悬链线,,,,,0,0,,,
two-baser,,,[网络] 两盆,,,,,0,0,s:two-basers,,
two-basers,,,[网络] 两盆\n(two-baser 的复数),,,,,0,0,0:two-baser/1:s,,
two-bath,,,[网络] 二浴法；双浴的,,,,,0,0,,,
two-bath chrome tannage,,,[化] 二浴法; 二浴法鞣革,,,,,0,0,,,
two-bath developer,,,双液显影;双浴显影剂,,,,,0,0,,,
two-bath development,,,双浴显影,,,,,0,0,,,
two-bath fixation,,,双槽定影,,,,,0,0,,,
two-bath process,,,二浴法,,,,,0,0,,,
two-bath union dyeing,,,[纺] 交织物二浴染色法,,,,,0,0,,,
two-bathroom,,,[网络] 二卧室公寓,,,,,0,0,,,
two-beaked anvil,,,"砧,砧子",,,,,0,0,,,
two-beam,'tu:b'i:m,, 双束,,,,,0,0,,,
two-beam accelerator,,,双束加速器,,,,,0,0,,,
two-beam coupling,,,二波耦合,,,,,0,0,,,
two-beam holography,,,双束全息术,,,,,0,0,,,
two-beam instability,,,两射柱不稳定性,,,,,0,0,,,
two-beam interference,,,二束干涉;双光束干涉,,,,,0,0,,,
two-beam interference microscope,,,双光束干涉显微镜,,,,,0,0,,,
two-beam interference microscopy,,,双光束干涉显微术,,,,,0,0,,,
two-beam interference pattern,,,双光束干涉图,,,,,0,0,,,
two-beam interference spectrometer,,,双光束干涉分光计,,,,,0,0,,,
two-beam interferometer,,,双光束干涉仪,,,,,0,0,,,
two-beam interferometry,,,双光束干涉测量学,,,,,0,0,,,
two-beam radar guidance,,,双波束雷达制导,,,,,0,0,,,
two-beam radar track command guidance,,,双波束雷达跟踪指令制导,,,,,0,0,,,
two-beam spectrograph,,,双光束摄谱仪,,,,,0,0,,,
two-beam storage ring,,,双束存储环,,,,,0,0,,,
two-beam tube,,,双束管,,,,,0,0,,,
two-beam work,,,双织轴织造,,,,,0,0,,,
two-bearing computer,,,双方位计算机,,,,,0,0,,,
two-bearing machine,,,双轴承型电机,,,,,0,0,,,
two-beat,,,[网络] 二拍子,,,,,0,0,,,
two-bed,,,[网络] 两张床；两房间；客房,,,,,0,0,s:two-beds,,
two-bed demineralizer,,,双床脱矿质器,,,,,0,0,,,
two-bed hydrodesulfurization,,,双床加氢脱硫,,,,,0,0,,,
two-bed system,,,双床装置;双级系统,,,,,0,0,,,
two-bedded,,,[网络] 双人床位病房,,,,,0,0,s:two-beddeds,,
two-beddeds,,,[网络] 双人床位病房\n(two-bedded 的复数),,,,,0,0,0:two-bedded/1:s,,
two-bedroom,,,a. 双卧室的,j:100,,,,0,0,,,
two-bedrooms,,,[网络] 两卧室套间等；两室一厅；两间卧室,,,,,0,0,,,
two-beds,,,[网络] 两张床；大型客房；标准客房,,,,,0,0,0:two-bed/1:s,,
two-bellows barostat,,,双膜盒恆压器,,,,,0,0,,,
two-bellows transmitter,,,双膜盒发射器,,,,,0,0,,,
two-bells system charging,,,双料钟式装料,,,,,0,0,,,
two-bench stripping,,,双梯段剥离,,,,,0,0,,,
two-bend processing scale breaker,,,两次弯曲破鳞机,,,,,0,0,,,
two-berth,,,[网络] 两卧铺,,,,,0,0,s:two-berths,,
two-berth room,,,双铺舱,,,,,0,0,,,
two-berths,,,[网络] 两卧铺\n(two-berth 的复数),,,,,0,0,0:two-berth/1:s,,
two-bin inventory system,,,两堆存货系统;两箱存储系统,,,,,0,0,,,
two-bin system,,,[经] 两仓制,,,,,0,0,,,
two-bit,,,"a. 二角五分的, 低廉的, 不足道的",j:100,,,,0,0,s:two-bits,,
two-bit algorithm,,,[网络] 两位算法,,,,,0,0,,,
two-bit byte,,,二(个二进制)位字节,,,,,0,0,,,
two-bit wide slice,,,[计] 二位式芯片,,,,,0,0,,,
two-bit-time-adder,,,双拍加法器,,,,,0,0,,,
two-bits,,,n. 二角五分；廉价之物；不重要的东西,,,,,0,0,0:two-bit/1:s,,
two-blade,,,双叶片,,,,,0,0,s:two-blades,,
two-blade beater,,,[纺] 两翼打手,,,,,0,0,,,
two-blade propeller,,,[机] 双叶螺旋桨,,,,,0,0,,,
two-bladed,'tu:bl'eɪdɪd,, 双叶的,,,,,0,0,,,
two-bladed airscrew,,,[航] 双叶螺旋桨,,,,,0,0,,,
two-bladed fan,,,双叶风扇,,,,,0,0,,,
two-bladed porpeller,,,[网络] 两叶螺旋桨,,,,,0,0,,,
two-bladed propeller,,,un. 双叶螺旋桨,,,,,0,0,,,
two-bladed propeller wind machine,,,[网络] 双叶片螺旋桨风力发电机,,,,,0,0,,,
two-bladed wooden propeller,,,双木质螺旋桨,,,,,0,0,,,
two-blades,,,[网络] 双刀,,,,,0,0,0:two-blade/1:s,,
two-block,'tu:blɔk,,v. [美国海军]将旗（或三角旗）升到船桅顶把肩章调至制服中央,j:100,,,,0,0,,,
two-blocked,'tu:blɔk,,v.\n【美国海军】将旗(或三角旗)升到船桅顶\n把肩章调至制服中央,,,,,0,0,,,
two-body,"'tu,bɔ:di",,adj. [数学、物理学]二体的,,,,,0,0,,,
two-body collision,,,二体碰撞,,,,,0,0,,,
two-body decay,,,两体衰,,,,,0,0,,,
two-body force,,,二体力,,,,,0,0,,,
two-body interaction,,,二体相互作用,,,,,0,0,,,
two-body kinematics,,,[力] 二体运动学,,,,,0,0,,,
two-body position fixing,,,双星定位,,,,,0,0,,,
two-body problem,,,[化] 二体问题,,,,,0,0,,,
two-body problems,,,two-body problem\n【天文学、力学】二体问题[参较 three-body problem],,,,,0,0,,,
two-body satellite,,,双体卫星,,,,,0,0,,,
two-body type calorimeter,,,双体型卡路里计,,,,,0,0,,,
two-boiling system,,,双沸系统设备,,,,,0,0,,,
two-bolt lock,,,双重锁,,,,,0,0,,,
two-book,,,[网络] 英语,j:100,,,,0,0,s:two-books,,
two-books,,,[网络] 两本书；举起两本书；两本书图片,,,,,0,0,0:two-book/1:s,,
two-boom stope-jumbo,,,双臂采矿台车,,,,,0,0,,,
two-boson,,,双玻色子,,,,,0,0,,,
two-boson laser,,,双玻色子激光器,,,,,0,0,,,
two-bottle,,,[网络] 两罐；红桃木礼品盒,,,,,0,0,,,
two-bowl calender,,,双辊压延机,,,,,0,0,,,
two-bowl combination,,,双槽洗毛机,,,,,0,0,,,
two-bowl padder,,,[纺] 双辊轧车,,,,,0,0,,,
two-bowl scraper,,,双斗铲运机,,,,,0,0,,,
two-box,,,[网络] 两箱；两厢式；两件套,,,,,0,0,s:two-boxes,,
two-box spitzkasten,,,双箱角锥分级机,,,,,0,0,,,
two-box-type body,,,两厢式车身,,,,,0,0,,,
two-boxes,,,[网络] 两箱法,,,,,0,0,0:two-box/1:s,,
two-breaker configuration,,,双断路器配置；双断路器接线,,,,,0,0,,,
two-brick wall,,,两砖墙,,,,,0,0,,,
two-brush generator,,,二刷发电机,,,,,0,0,,,
Two-Buck Chuck,,,[网络] 两元抛；两元恰克葡萄酒；元恰克,,,,,0,0,,,
two-bulb type resistance thermometer,,,双球式电阻温度计,,,,,0,0,,,
two-button,,,[网络] 双纽扣,j:100,,,,0,0,,,
two-button plate,,,双钮板,,,,,0,0,,,
two-by-four,"'tu:bai,fɔ:(r)",n. a timber measuring (slightly under) 2 inches by 4 inches in cross section,"a. 宽二英寸长四英寸的, 小的, 窄的\nn. 截面为英寸2乘4英寸的木材",m:100,,,,0,0,s:twoes-by-four,,
two-by-fours,"'tu:bai,fɔ:",,adj. 不大的，小的；长宽为二寸与四寸的\nn. 宽四寸厚二尺的木材,,,,,0,0,,,
two-by-twice,"'tu:bai,twais",,"a. 细微的,大小受限制的",,,,,0,0,,,
two-by-two,,,un. 双机跟进滑行\n[网络] 成双成对；十字绣图稿书-成双成对,,,,,0,0,,,
two-by-two frequency tables,,,二乘二次数表,,,,,0,0,,,
two-by-two rib fabric,,,2╳2罗纹织物,,,,,0,0,,,
two-by-two taxiing,,,双机跟进滑行,,,,,0,0,,,
two-byte,,,[网络] 两个字节；两字节；二位元组,,,,,0,0,,,
two-byte code,,,二拜码,,,,,0,0,,,
two-byte conversion,,,二拜转换,,,,,0,0,,,
two-byte instruction,,,两字节指令,,,,,0,0,,,
two-cage hoisting,,,双罐笼提升,,,,,0,0,,,
two-cage rotor,,,双鼠笼转子,,,,,0,0,,,
two-cameras,,,[网络] 双摄像头,,,,,0,0,,,
two-canal recorder,,,双道记录仪,,,,,0,0,,,
two-car bank,,,双梯厢组,,,,,0,0,,,
two-car garage,,,双车车库,,,,,0,0,,,
two-card,,,[网络] 双人卡,,,,,0,0,,,
two-card module,,,双卡模块,,,,,0,0,,,
two-career,,,[网络] 兩个生涯,j:100,,,,0,0,,,
two-carrier loss,,,双载波损耗,,,,,0,0,,,
two-carrier theory,,,[电] 双载体理论,,,,,0,0,,,
two-cars,,,[网络] 两辆小汽车；两辆汽车；两太车子,,,,,0,0,,,
two-casement window,,,双扇窗,,,,,0,0,,,
two-cavity die,,,(压铸用)双型腔压型,,,,,0,0,,,
two-cavity klystorn,,,双腔速调管,,,,,0,0,,,
two-cavity klystron,,,双腔速调电子管,,,,,0,0,,,
two-cavity mould,,,双型腔铸型,,,,,0,0,,,
two-cell,,,[网络] 双单元；两单元；双孔型,,,,,0,0,s:two-cells,,
two-cell heater,tu: sel ˈhi:tə,, 两室炉,,,,,0,0,,,
two-cell partition,,,两区分割,,,,,0,0,,,
two-cell stabilization pond,,,双室稳定化池,,,,,0,0,,,
two-cells,,,[网络] 细胞；分裂成二细胞,,,,,0,0,0:two-cell/1:s,,
two-cent,,,adj. 〈非正式〉不够好的；不足道的；不入流的,,,,,0,0,,,
two-centered arch,,,双心拱,,,,,0,0,,,
two-chamber air reservoir,,,双室贮气筒,,,,,0,0,,,
two-chamber filter,,,双腔滤波器,,,,,0,0,,,
two-chamber system,,,[法] 两院制,,,,,0,0,,,
two-chamber view,,,二腔观,,,,,0,0,,,
two-chambered,,,[网络] 两室,,,,,0,0,,,
two-chambers,,,[网络] 双气室,,,,,0,0,,,
two-channel,'tu:tʃ'ænl,s designating sound transmission from two sources through two channels, 双通道,j:100,,,,0,0,s:two-channels,,
two-channel audio,,,双声道,,,,,0,0,,,
two-channel disk phonograph sound reproduction,,,双声道盘式唱机放声,,,,,0,0,,,
two-channel duplexer,,,双道天线收发转换开关,,,,,0,0,,,
two-channel filter bank,,,两通道滤波器组,,,,,0,0,,,
two-channel lump sorting machine,,,双道矿块分选机,,,,,0,0,,,
two-channel monopulse,,,双通道单脉冲,,,,,0,0,,,
two-channel monopulse radar,,,双通道单脉冲雷达,,,,,0,0,,,
two-channel noise figure,,,双通道噪声系统,,,,,0,0,,,
two-channel radiometer,,,双通道辐射计,,,,,0,0,,,
two-channel receiver,,,双通道接收机,,,,,0,0,,,
two-channel recorder,,,双道记录器,,,,,0,0,,,
two-channel selsyn,,,双通道自整角机,,,,,0,0,,,
two-channel sterearphone,,,双声道立体声耳机,,,,,0,0,,,
two-channel stereo,,,双声道立体声,,,,,0,0,,,
two-channel stereo receiver,,,双声道立体声接收机,,,,,0,0,,,
two-channel switch,,,[计] 双通道开关,,,,,0,0,,,
two-channel tracking receiver,,,双信道跟踪接收机,,,,,0,0,,,
two-channels,,,[网络] 双管道或双重文本,,,,,0,0,0:two-channel/1:s,,
two-character,,,[网络] 两字,j:100,,,,0,0,,,
two-children,,,两个孩子,,,,,0,0,,,
two-chip,,,[网络] 双晶片；两组晶片,,,,,0,0,s:two-chips,,
two-chips,,,[网络] 双晶片；两组晶片\n(two-chip 的复数),,,,,0,0,0:two-chip/1:s,,
two-choices,,,[网络] 两种选择；两个选择,,,,,0,0,,,
two-circle goniometer,,,双圈测角器,,,,,0,0,,,
two-circuit,,,双槽路;双回路;双路,,,,,0,0,,,
two-circuit boiling water reactor,,,回路沸水[反应]堆,,,,,0,0,,,
two-circuit method,,,双电路法,,,,,0,0,,,
two-circuit microprocessor,,,双电路微处理机,,,,,0,0,,,
two-circuit nuclear power plant,,,环路核电厂,,,,,0,0,,,
two-circuit prepayment meter,,,双路预付电度计;两路预付电度计,,,,,0,0,,,
two-circuit receiver,,,双调谐电路接收机,,,,,0,0,,,
two-circuit reception,,,双调谐电路接收,,,,,0,0,,,
two-circuit resonant absorber,,,双路共振吸声器,,,,,0,0,,,
two-circuit switch,,,双路开关,,,,,0,0,,,
two-circuit transformer,,,双绕组变压器,,,,,0,0,,,
two-circuit tuner,,,双回路调谐器,,,,,0,0,,,
two-circuit winding,,,双路绕组,,,,,0,0,,,
two-circuited cubic,,,双环道三次线,,,,,0,0,,,
two-class,,,un. 两级\n[网络] 二类,j:100,,,,0,0,,,
two-clauses,,,[网络] 两个字句,,,,,0,0,,,
two-cleft,,a. Divided about half way from the border to the base into\n   two segments; bifid.,a. 二半裂的,,,,,0,0,,,
two-cloth seaming machine,,,[服装] 双缝料缝纫机,,,,,0,0,,,
two-coat,,,[网络] 双面涂布；两层涂层；两次喷涂,,,,,0,0,s:two-coats,,
two-coat plaster work,,,两道抹灰工作,,,,,0,0,,,
two-coat plastering,,,(指打底罩面)两道抹灰,,,,,0,0,,,
two-coat work,,,两层抹灰;两道抹灰工作;双层铺筑法,,,,,0,0,,,
two-coats,,,两层；两件上衣,,,,,0,0,0:two-coat/1:s,,
two-cocoon feeding,,,双添,,,,,0,0,,,
two-coil instrument,,,双线圈仪表,,,,,0,0,,,
two-coil method,,,双线圈法,,,,,0,0,,,
two-coil relay,,,线圈继电器,,,,,0,0,,,
two-coil selective cracking,,,双炉选择性裂化,,,,,0,0,,,
two-colo(u)r diagram,,,[天物] 两色图,,,,,0,0,,,
two-colo(u)r photometry,,,[天物] 两色测光,,,,,0,0,,,
two-colo(u)r process,,,[印刷] 双色制版法,,,,,0,0,,,
two-colo(u)r pyrometer,,,[仪] 双色高温计,,,,,0,0,,,
two-colo(u)r tracker,,,[自] 双色跟踪器,,,,,0,0,,,
two-color,,,[网络] 双色；双色射出,j:100,,,,0,0,,,
two-color diagram,,,两色图,,,,,0,0,,,
two-color hologram,,,二色全息图,,,,,0,0,,,
two-color indicator,,,二色指示剂,,,,,0,0,,,
two-color laser ranger,,,双色激光测距仪,,,,,0,0,,,
two-color offset press,,,双色橡印机,,,,,0,0,,,
two-color photoelectric photometry,,,[光] 二色光电测光法,,,,,0,0,,,
two-color photometry,,,两色测光,,,,,0,0,,,
two-color pyrometer,,,双色高温计,,,,,0,0,,,
two-color thermometer,,,比色温度计,,,,,0,0,,,
two-color thermometry,,,比色测温法,,,,,0,0,,,
two-colored,,,[网络] 双色设计,,,,,0,0,,,
two-colour,'tu:kʌlə,,adj. 双色的；【摄影术】二色彩色法的,,,,,0,0,s:two-colours,,
two-colour automatic sheet-fed offset press,,,对开自动双色胶印机,,,,,0,0,,,
two-colour detector array,,,双色探测器阵列,,,,,0,0,,,
two-colour diagram,,,两色图,,,,,0,0,,,
two-colour direct view storage tube,,,双色直观存储管,,,,,0,0,,,
two-colour hologram,,,二色全息图,,,,,0,0,,,
two-colour image,,,双色像,,,,,0,0,,,
two-colour indicator,,,双色指示剂,,,,,0,0,,,
two-colour photography,,,双色摄影术,,,,,0,0,,,
two-colour photometry,,,两色测光;两色光度测量,,,,,0,0,,,
two-colour printing,,,【书画刻印艺术】双色印刷,,,,,0,0,,,
two-colour process,,,双色过程;双色制版法,,,,,0,0,,,
two-colour pyrometer,,,双色高温计,,,,,0,0,,,
two-colour radiation thermometer,,,[网络] 比色温度计,,,,,0,0,,,
two-colour radiolocation,,,双色无线电定位,,,,,0,0,,,
two-colour reproduction,,,双色再现;双色重现,,,,,0,0,,,
two-colour temperature,,,[网络] 比色温度,,,,,0,0,,,
two-colour thermometry,,,[网络] 比色测温法,,,,,0,0,,,
two-colour tube,,,双色管;双色显像管,,,,,0,0,,,
two-coloured,'tu:kʌlə,,adj. 双色的；【摄影术】二色彩色法的,,,,,0,0,s:two-coloureds,,
two-coloured shoe,,,双色鞋,,,,,0,0,,,
two-coloureds,,,adj. 双色的；【摄影术】二色彩色法的\n(two-coloured 的复数),,,,,0,0,0:two-coloured/1:s,,
two-colours,'tu:kʌlə,,two-colour\n['tu:kʌlə]\nadj.\n双色的\n【摄影术】二色彩色法的,,,,,0,0,0:two-colour/1:s,,
two-column,,,[网络] 双栏归纳；两栏；双柱,,,,,0,0,,,
two-column core,,,双柱型铁心,,,,,0,0,,,
two-column radiator,,,双柱暖气片;双柱散热器,,,,,0,0,,,
two-columned pier,,,双柱式[桥]墩,,,,,0,0,,,
two-compartment,,,adj. 两隔的\n[网络] 二房室模型,,,,,0,0,s:two-compartments,,
two-compartment cell,,,双室电解槽,,,,,0,0,,,
two-compartment floodability,,,"不沉性, 二舱可浸性",,,,,0,0,,,
two-compartment mill,,,双室式磨机,,,,,0,0,,,
two-compartment model,,,二室模型,,,,,0,0,,,
two-compartment oil tank,,,[化] 双层油罐,,,,,0,0,,,
two-compartment reservoir,,,双室风缸,,,,,0,0,,,
two-compartment ship,,,un. 二舱进水不沉性\n[网络] 二舱区浸水船；两舱制船；容设二舱区浸水船,,,,,0,0,,,
two-compartment slope,,,双格斜井,,,,,0,0,,,
two-compartment sub-division,,,[网络] 二舱不沉制,,,,,0,0,,,
two-compartment subdivision,,,un. 二舱制\n[网络] 两舱制,,,,,0,0,,,
two-compartment tank,,,双室池窑,,,,,0,0,,,
two-compartment test,,,[试验] 二分隔试验,,,,,0,0,,,
two-compartment vessel,,,[网络] 两舱制船；两舱船,,,,,0,0,,,
two-compartments,,,adj. 两隔的\n[网络] 二房室模型\n(two-compartment 的复数),,,,,0,0,0:two-compartment/1:s,,
two-component,,,adj. 二元的\n[网络] 双组分；双组份；双成分,j:100,,,,0,0,,,
two-component accelerometer,,,双向加速度计,,,,,0,0,,,
two-component alloy,,,二元合金,,,,,0,0,,,
two-component coating,,,[化] 双组分涂料,,,,,0,0,,,
two-component copolymerization reaction,,,双组分共聚反应,,,,,0,0,,,
two-component decay,,,双组分衰变,,,,,0,0,,,
two-component electromagnetic log,,,双分量电磁计程仪,,,,,0,0,,,
two-component eutectic,,,un. 二元共晶,,,,,0,0,,,
two-component flow,,,[化] 双组分流,,,,,0,0,,,
two-component heat pipe,,,组分热管,,,,,0,0,,,
two-component injector element,,,双组元喷嘴,,,,,0,0,,,
two-component model,,,二组元模型,,,,,0,0,,,
two-component neutrino theory,,,二分量中微子理论,,,,,0,0,,,
two-component pallograph,,,双向振动仪,,,,,0,0,,,
two-component particle,,,双成分粒子,,,,,0,0,,,
two-component spraying,,,双组分喷涂,,,,,0,0,,,
two-component system,,,[化] 双组分系; 二元物系,,,,,0,0,,,
two-component theory,,,二分量理论,,,,,0,0,,,
two-computer back-to-back system,,,双计算机背对背系统,,,,,0,0,,,
two-condition cable code,,,双流电缆电码,,,,,0,0,,,
two-condition code,,,双态码,,,,,0,0,,,
two-conductor,,,双导体,,,,,0,0,,,
two-conductor armoured cable,,,[网络] 双线铠装电缆,,,,,0,0,,,
two-conductor cable,,,双导体电缆,,,,,0,0,,,
two-conductor insulated wiring system,,,[网络] 对地绝缘双线制,,,,,0,0,,,
two-conductor line,,,双导线线路,,,,,0,0,,,
two-conductor shielded cable,,,双线屏蔽电缆,,,,,0,0,,,
two-conductor wiring,,,[网络] 双线布线,,,,,0,0,,,
two-cone bit,,,双锥牙轮钻头,,,,,0,0,,,
two-constant of polymerization,,,[网络] 聚合二常数,,,,,0,0,,,
two-constraints fit,,,二约束条件拟合,,,,,0,0,,,
two-contingency system,,,双偶然性体系,,,,,0,0,,,
two-control,,,双路操纵的,,,,,0,0,s:two-controls,,
two-control aircraft,,,双操纵面飞机,,,,,0,0,,,
two-control airplane,,,两个控制飞机,,,,,0,0,,,
two-controls,,,双路操纵的\n(two-control 的复数),,,,,0,0,0:two-control/1:s,,
two-coordinate,,,[网络] 双坐标,,,,,0,0,,,
two-coordinate complex,,,二配位错合物,,,,,0,0,,,
two-coordinate neutron diffractometer,,,二坐标中子衍射仪,,,,,0,0,,,
two-coordinate parity check,,,[网络] 双坐标奇偶检测,,,,,0,0,,,
two-coordinate tracking,,,双坐标跟踪,,,,,0,0,,,
two-core,,,双活性区,,,,,0,0,,,
two-core cable,,,双芯电缆,,,,,0,0,,,
two-core excitation winding,,,双铁心励磁绕组,,,,,0,0,,,
two-core fixture wire,,,双芯电器引线,,,,,0,0,,,
two-core reactor,,,芯[反应]堆,,,,,0,0,,,
two-core switch,,,双磁心开关,,,,,0,0,,,
two-core transformer,,,双心变压器,,,,,0,0,,,
two-core voltage regulating transformer,,,双铁心调压变压器,,,,,0,0,,,
two-core-per-bit circuit,,,[计] 每位二磁心电路,,,,,0,0,,,
two-core-per-bit memory,,,[计] 每位二磁心存储器,,,,,0,0,,,
two-core-per-bit storage,,,[计] 每位两磁心存储器,,,,,0,0,,,
two-core-per-bit system,,,[计] 每位二磁心系统,,,,,0,0,,,
two-corn bit,,,双粒架,,,,,0,0,,,
two-cotton picker,,,双层摘棉机,,,,,0,0,,,
two-counsel rule,,,[法] 必须同时有两个诉讼代理人的原则,,,,,0,0,,,
two-course,,,[网络] 两课,,,,,0,0,s:two-courses,,
two-course beacon,,,双向信标,,,,,0,0,,,
two-course concrete pavement,,,双层混凝土路面,,,,,0,0,,,
two-course method,,,双层铺筑法,,,,,0,0,,,
two-course pavement,,,双层路面;双层铺面,,,,,0,0,,,
two-course radio range,,,双航道无线电指向标,,,,,0,0,,,
two-course range,,,双航向信标,,,,,0,0,,,
two-courses,,,[网络] 两课；两个课程；二门课,,,,,0,0,0:two-course/1:s,,
two-cover-coat ware,,,[化工] 面釉双搪制品,,,,,0,0,,,
two-crew cockpit,,,双座座舱,,,,,0,0,,,
two-crop-paddy,,,双季稻,,,,,0,0,,,
two-crust pie,,,双皮派,,,,,0,0,,,
two-crystal spectrometer,,,双晶体分光计,,,,,0,0,,,
two-cup edging machine,,,双压盖磨边机,,,,,0,0,,,
two-cycle,'tu:s'aɪkl,, 二冲程,j:100,,,,0,0,,,
two-cycle coast,,,双循环海岸,,,,,0,0,,,
two-cycle engine,,,冲程发动机,,,,,0,0,,,
two-cycle engine oil,,,二冲程内燃机油,,,,,0,0,,,
two-cycle generator,,,双周波发电机,,,,,0,0,,,
two-cycle principle,,,二程循环原理,,,,,0,0,,,
two-cycle scheme,,,双循环电路;推挽电路,,,,,0,0,,,
two-cycle steam engine,,,冲程发动机；双循环蒸汽机,,,,,0,0,,,
two-cycle system,,,循环系统,,,,,0,0,,,
two-cycle theory,,,二轮廻说,,,,,0,0,,,
two-cycle valley,,,双循环谷,,,,,0,0,,,
two-cycler,,, 二冲程\n(two-cycle 的比较级),,,,,0,0,,,
two-cyclest,,, 二冲程\n(two-cycle 的最高级),,,,,0,0,,,
two-cyclic matrix,,,[数] 二循环矩阵,,,,,0,0,,,
two-cylinder compound jacquard,,,双花筒复合提花机,,,,,0,0,,,
two-cylinder compound locomotive,,,双缸复胀机车,,,,,0,0,,,
two-cylinder dresser,,,双烘筒上浆机,,,,,0,0,,,
two-cylinder electron lens,,,双筒电子透镜,,,,,0,0,,,
two-cylinder engine,,,[网络] 双缸发动机,,,,,0,0,,,
two-cylinder locomotive,,,双缸机车,,,,,0,0,,,
two-cylinder steam engine,,,双汽缸蒸汽机,,,,,0,0,,,
two-cylinder steering,,,[网络] 双缸操舵装置,,,,,0,0,,,
two-cylinder turbine,,,双缸式涡轮机,,,,,0,0,,,
two-cylindrical lens,,,双筒透镜,,,,,0,0,,,
two-daier,,,[网络] 两天的\n(two-day 的比较级),,,,,0,0,,,
two-daiest,,,[网络] 两天的\n(two-day 的最高级),,,,,0,0,,,
two-day,,,[网络] 两天的,j:100,,,,0,0,,,
two-day reversal,,,[网络] 双日转向；两日转势；二日反转,,,,,0,0,,,
two-day reversal bottom,,,[网络] 底部双日转向,,,,,0,0,,,
two-day reversal top,,,[网络] 顶部双日转向,,,,,0,0,,,
two-daylight press,,,双板压榨机,,,,,0,0,,,
two-days,,,[网络] 两天；二天；两日,,,,,0,0,,,
two-decades,,,[网络] 二十年,,,,,0,0,,,
two-decision problem,,,双判决问题,,,,,0,0,,,
two-deck bridge,,,[网络] 双层甲板桥楼；双层甲板桥艛,,,,,0,0,,,
two-deck classifier,,,双台分粒器;双板分粒机,,,,,0,0,,,
two-deck drawplate oven,,,双层屉烤炉,,,,,0,0,,,
two-deck drier,,,双层干燥机,,,,,0,0,,,
two-deck jumbo,,,双层钻车;二层钻车,,,,,0,0,,,
two-deck transport,,,双层运输机,,,,,0,0,,,
two-decked,,,un. 双层甲板\n[网络] 双层甲板的,,,,,0,0,,,
two-decked ship,,,un. 双层甲板船,,,,,0,0,,,
two-decker,,, 双层甲板船,,,,,0,0,,,
two-decker cage,,,双层罐笼,,,,,0,0,,,
two-dee cyclotron,,,双D盒回旋加速器,,,,,0,0,,,
two-dee system,,,双D盒系统,,,,,0,0,,,
two-deep,,,[网络] 二列横队；大海,j:100,,,,0,0,,,
two-degree,'tuːdɪɡr'iː,,两自由度,,,,,0,0,,,
two-degree of freedom gyroscope,,,二自由度陀螺仪,,,,,0,0,,,
two-degree of freedom laser gyroscope,,,二自由度激光陀螺仪,,,,,0,0,,,
two-degree-of-freedom structure,,,[网络] 二自由度结构,,,,,0,0,,,
two-degree-of-freedom system,,,二自由度体系,,,,,0,0,,,
two-degrees of freedom gyroscope,,,双自由度陀螺仪,,,,,0,0,,,
two-degrees-of freedom gyro,,,二自由度陀螺,,,,,0,0,,,
two-degrees-of-freedom gyro,,,【力学】二自由度陀螺,,,,,0,0,,,
two-demineralization system,,,双级除盐装置,,,,,0,0,,,
two-design-point aircraft,,,双设计点飞机,,,,,0,0,,,
two-diameter piston,,,双级活塞,,,,,0,0,,,
two-digit,,,[网络] 位數；双位,j:100,,,,0,0,s:two-digits,,
two-digit group,,,[计] 二数字组,,,,,0,0,,,
two-digit inflation,,,[经] 两位数的通货膨胀,,,,,0,0,,,
two-digit integer,,,[数] 二位整数,,,,,0,0,,,
two-digital group,,,二位组,,,,,0,0,,,
two-digits,'tu:'didʒit,,two-digit\n['tu:'didʒit]\nadj.\n= double-digit,,,,,0,0,0:two-digit/1:s,,
two-dimension,'tu:dɪm'enʃn,, 二维,,,,,0,0,,,
two-dimension analysis,,,[数] 二维分析,,,,,0,0,,,
two-dimension array,,,[数] 二维数组,,,,,0,0,,,
two-dimension code,,,[计] 二维码,,,,,0,0,,,
two-dimension display,,,[计] 二维显示,,,,,0,0,,,
two-dimension Fourier transform,,,[计] 二维傅里叶变换,,,,,0,0,,,
two-dimension memory,,,[计] 二度存储器,,,,,0,0,,,
two-dimension memory (2D memory),,,二度存储器,,,,,0,0,,,
two-dimension photometry,,,二元测光,,,,,0,0,,,
two-dimension prestressing,,,双向预应力,,,,,0,0,,,
two-dimension run encoding,,,[网络] 二维行程编码,,,,,0,0,,,
two-dimension run length encoding,,,[计] 二维行程编码,,,,,0,0,,,
two-dimension run-length encoding,,,二维行程编码,,,,,0,0,,,
two-dimension spectrum,,,[光] 二维光谱,,,,,0,0,,,
two-dimension two wire memory,,,[计] 二度二线存储器,,,,,0,0,,,
two-dimension two-wire memory,,,un. 二度二线存储器,,,,,0,0,,,
two-dimension(2D)memory,,,二维记忆体,,,,,0,0,,,
two-dimensional,,s. lacking the expected range or depth; not designed to give an illusion or depth,a. 两维的,j:100,,,,0,0,,,
two-dimensional airfoil,,,两维空气箔,,,,,0,0,,,
two-dimensional and two-phase fluid flow,,,二维两相渗流,,,,,0,0,,,
two-dimensional array,,,二维数组[阵列],,,,,0,0,,,
two-dimensional array grammar,,,二维阵列文法,,,,,0,0,,,
two-dimensional autocorrelation,,,二维自相关,,,,,0,0,,,
two-dimensional barcode,,,二维条码,,,,,0,0,,,
two-dimensional bed,,,维床,,,,,0,0,,,
two-dimensional biharmonic equation,,,[数] 二维双调和方程,,,,,0,0,,,
two-dimensional blocking,,,二维集区划分,,,,,0,0,,,
two-dimensional boundary layer,,,二维边界层,,,,,0,0,,,
two-dimensional Bravais lattice,,,[网络] 二维布拉韦格子,,,,,0,0,,,
two-dimensional cam,,,un. 平面凸轮\n[网络] 两维凸轮,,,,,0,0,,,
two-dimensional chemical laser,,,二维化学激光器,,,,,0,0,,,
two-dimensional chromatography,,,[化] 两向色谱法,,,,,0,0,,,
two-dimensional circuit,,,[电] 二维电路,,,,,0,0,,,
two-dimensional circuitry,,,[电] 二因次环流,,,,,0,0,,,
two-dimensional classification,,,[天] 二维分类法,,,,,0,0,,,
two-dimensional code,,,[计] 二维码,,,,,0,0,,,
two-dimensional comb function,,,二维梳状函数,,,,,0,0,,,
two-dimensional communication,,,双向通信,,,,,0,0,,,
two-dimensional complex autocorrelation,,,二维复自相关,,,,,0,0,,,
two-dimensional concatenation,,,二维连接关系,,,,,0,0,,,
two-dimensional condensation,,,二维凝结,,,,,0,0,,,
two-dimensional conduction,,,[热] 二维热传导,,,,,0,0,,,
two-dimensional consolidation,,,二维压密,,,,,0,0,,,
two-dimensional convection and diffusion,,,[物] 二维对流和扩散,,,,,0,0,,,
two-dimensional convolution,,,二维卷积,,,,,0,0,,,
two-dimensional copying,,,二坐标仿形,,,,,0,0,,,
two-dimensional copying milling machine,,,[机] 平面仿形铣床,,,,,0,0,,,
two-dimensional correlated,,,二维相关光谱学,,,,,0,0,,,
two-dimensional correlated spectroscopy,,,[化] 二维相关光谱学,,,,,0,0,,,
two-dimensional cross correlation,,,二维互相关,,,,,0,0,,,
two-dimensional crosscorrelation,,,二维交叉相关,,,,,0,0,,,
two-dimensional current,,,二元流,,,,,0,0,,,
two-dimensional dct,,,二维离散余弦转换,,,,,0,0,,,
two-dimensional deflection,,,[电子] 二维偏转,,,,,0,0,,,
two-dimensional development,,,[化] 双向展开; 双向展开法,,,,,0,0,,,
two-dimensional development method,,,双向展开法,,,,,0,0,,,
two-dimensional dft,,,二维离散傅立叶转换,,,,,0,0,,,
two-dimensional diagram,,,二维图；平面图,,,,,0,0,,,
two-dimensional diffraction pattern,,,un. 二维衍射图；二维衍射花样,,,,,0,0,,,
two-dimensional diffusion theory,,,维扩散理论,,,,,0,0,,,
two-dimensional dipole,,,二维偶极,,,,,0,0,,,
two-dimensional discrete Fourier transform,,,[数] 二维离散傅里叶变换,,,,,0,0,,,
two-dimensional disorder,,,二维失序,,,,,0,0,,,
two-dimensional display,,,平面显示器;二维显示,,,,,0,0,,,
two-dimensional distribution,,,二维分布,,,,,0,0,,,
two-dimensional drag,,,二维阻力,,,,,0,0,,,
two-dimensional eddy,,,二维涡流,,,,,0,0,,,
two-dimensional electric field,,,二维电场,,,,,0,0,,,
two-dimensional electron gas,,,二维电子气,,,,,0,0,,,
two-dimensional electron system,,,二维电子系统,,,,,0,0,,,
two-dimensional electrophoresis,,,[化] 双向电泳,,,,,0,0,,,
two-dimensional element,,,二维元,,,,,0,0,,,
two-dimensional ensemble,,,二维集合,,,,,0,0,,,
two-dimensional error function,,,[数] 二维误差函数,,,,,0,0,,,
two-dimensional field,,,二维场,,,,,0,0,,,
two-dimensional field theory,,,[物] 平面场论,,,,,0,0,,,
two-dimensional figure,,,[网络] 二维图,,,,,0,0,s:two-dimensional figures,,
two-dimensional figures,,,[网络] 二维图\n(two-dimensional figure 的复数),,,,,0,0,0:two-dimensional figure/1:s,,
two-dimensional filtering,,,二维泸波,,,,,0,0,,,
two-dimensional finite element method,,,二维有限元法,,,,,0,0,,,
two-dimensional flow,,,[化] 二维流,,,,,0,0,,,
two-dimensional flow condition,,,二元流,,,,,0,0,,,
two-dimensional flow pattern,,,二维流型,,,,,0,0,,,
two-dimensional fluid flow,,,二维渗流,,,,,0,0,,,
two-dimensional fluorescence spectrum,,,[化] 二维荧光光谱,,,,,0,0,,,
two-dimensional Fourier transform,,,二维傅里叶变换,,,,,0,0,,,
two-dimensional fundamental form,,,二维基本形,,,,,0,0,,,
two-dimensional gas,,,[机] 二维气体,,,,,0,0,,,
two-dimensional Gaussian distribution,,,[数] 二维高斯分布,,,,,0,0,,,
two-dimensional Gaussian function,,,二维高斯函数,,,,,0,0,,,
two-dimensional Gaussion distribution,,,维高斯分布,,,,,0,0,,,
two-dimensional gel electrophoresis,,,[分化] 双向凝胶电泳,,,,,0,0,,,
two-dimensional geometry,,,[数] 二维几何,,,,,0,0,,,
two-dimensional graph,,,二维图,,,,,0,0,,,
two-dimensional grating,,,二维光栅,,,,,0,0,,,
two-dimensional grid,,,二维网格,,,,,0,0,,,
two-dimensional guidance,,,维制导,,,,,0,0,,,
two-dimensional heat flow,,,[流] 二维热流,,,,,0,0,,,
two-dimensional hologram,,,二维全息图,,,,,0,0,,,
two-dimensional hologram grating,,,二维全息光栅,,,,,0,0,,,
two-dimensional homotopy group,,,[数] 二维同伦群,,,,,0,0,,,
two-dimensional image,,,二维像,,,,,0,0,,,
two-dimensional inlet,,,二维进气道,,,,,0,0,,,
two-dimensional interferometry,,,[光] 二维干涉量度学,,,,,0,0,,,
two-dimensional irrotational flow,,,二维无旋流,,,,,0,0,,,
two-dimensional laser,,,二维激光,,,,,0,0,,,
two-dimensional laser scanning system,,,二维激光扫描系统,,,,,0,0,,,
two-dimensional lattice,,,[化] 二维点阵,,,,,0,0,,,
two-dimensional lattice design,,,二维格子设计,,,,,0,0,,,
two-dimensional layout,,,二度空间装配,,,,,0,0,,,
two-dimensional linear shift invariant system,,,二维线性平移不变系统,,,,,0,0,,,
two-dimensional linear system,,,二维线性系统,,,,,0,0,,,
two-dimensional location,,,[网络] 平面定位；二维空间定位,,,,,0,0,,,
two-dimensional magnetic field,,,维磁场,,,,,0,0,,,
two-dimensional manifold,,,[数] 二维流形,,,,,0,0,,,
two-dimensional Markov chain,,,[数] 二维马尔可夫链,,,,,0,0,,,
two-dimensional mathematics,,,[数] 二维数学,,,,,0,0,,,
two-dimensional maze search,,,二维迷宫查找,,,,,0,0,,,
two-dimensional memory,,,线选存储器,,,,,0,0,,,
two-dimensional method,,,两元法,,,,,0,0,,,
two-dimensional model,,,二维模型,,,,,0,0,,,
two-dimensional modeling,,,二维模拟,,,,,0,0,,,
two-dimensional models,,,二维模式,,,,,0,0,,,
two-dimensional motion,,,平面运动; 二维运动,,,,,0,0,,,
two-dimensional network solid,,,二维网络固体,,,,,0,0,,,
two-dimensional NMR spectros-copy,,,二维核磁共振波谱学,,,,,0,0,,,
two-dimensional NMR spectroscopy,,,[化] 二维核磁共振波谱学,,,,,0,0,,,
two-dimensional normal distribution,,,二维正态分布,,,,,0,0,,,
two-dimensional nozzle,,,二维喷管,,,,,0,0,,,
two-dimensional nuclear magnetic resonance spectrum,,,二维核磁共振谱,,,,,0,0,,,
two-dimensional nucleation,,,二向成核,,,,,0,0,,,
two-dimensional numerical analysis,,,维数值分析,,,,,0,0,,,
two-dimensional optical radar,,,二维光雷达,,,,,0,0,,,
two-dimensional paper chromatography,,,双向纸色谱,,,,,0,0,,,
two-dimensional parabolic flow,,,[流] 二维抛物型流动,,,,,0,0,,,
two-dimensional parallel flow,,,元平行流,,,,,0,0,,,
two-dimensional phase,,,二维相,,,,,0,0,,,
two-dimensional photoelasticity,,,二维光弹学,,,,,0,0,,,
two-dimensional photometry,,,二维测光,,,,,0,0,,,
two-dimensional plot,,,双向图,,,,,0,0,,,
two-dimensional pointgroup,,,[网络] 二维点群,,,,,0,0,,,
two-dimensional positioning system,,,双向定位系统,,,,,0,0,,,
two-dimensional prediction,,,二维预测,,,,,0,0,,,
two-dimensional pressure,,,二维压力,,,,,0,0,,,
two-dimensional probability density function,,,[数] 二维概率密度函数,,,,,0,0,,,
two-dimensional problem,,,二元问题,,,,,0,0,,,
two-dimensional quantitative structure activity relationship,,,二维定量构效关系,,,,,0,0,,,
two-dimensional radar,,,二维雷达,,,,,0,0,,,
two-dimensional recirculation flow,,,二维回流,,,,,0,0,,,
two-dimensional record,,,二维记录,,,,,0,0,,,
two-dimensional rectangle function,,,二维矩形函数,,,,,0,0,,,
two-dimensional rig,,,维试验设备,,,,,0,0,,,
two-dimensional sampling,,,二维抽样,,,,,0,0,,,
two-dimensional scan,,,二维扫描,,,,,0,0,,,
two-dimensional scanning,,,维扫描,,,,,0,0,,,
two-dimensional scanning laser sensor,,,[激光] 二维扫描激光敏感器,,,,,0,0,,,
two-dimensional scanning technique,,,双向扫描术,,,,,0,0,,,
two-dimensional sequence,,,[数] 二维序列,,,,,0,0,,,
two-dimensional set,,,[数] 二维集,,,,,0,0,,,
two-dimensional signal,,,二维信息,,,,,0,0,,,
two-dimensional signal processing,,,[计] 二维信号处理,,,,,0,0,,,
two-dimensional solid order,,,[网络] 二维固态有序,,,,,0,0,,,
two-dimensional space,,,二维空间,,,,,0,0,,,
two-dimensional spatial filter,,,(光片)二维空间滤波器,,,,,0,0,,,
two-dimensional spectral classification,,,二元光谱分类,,,,,0,0,,,
two-dimensional spectrum,,,[化] 二维谱,,,,,0,0,,,
two-dimensional sphere,,,[数] 二维球面,,,,,0,0,,,
two-dimensional square lattice,,,二维方格,,,,,0,0,,,
two-dimensional state of stress,,,双向应力状态,,,,,0,0,,,
two-dimensional storage,,,[电] 二维储存器,,,,,0,0,,,
two-dimensional stress,,,两响应力,,,,,0,0,,,
two-dimensional stress system,,,[力] 二维应力系统,,,,,0,0,,,
two-dimensional structure,,,[化] 二维结构,,,,,0,0,,,
two-dimensional superconductor,tu dɪˈmɛnʃənl: ˈsuːpərkəndʌktər,, 二维超导体,,,,,0,0,,,
two-dimensional surface,,,维平面,,,,,0,0,,,
two-dimensional swelling,,,二维膨胀,,,,,0,0,,,
two-dimensional system,,,[自] 二维系统,,,,,0,0,,,
two-dimensional systematic sampling,,,二维等距抽样,,,,,0,0,,,
two-dimensional table,,,[计] 二维表,,,,,0,0,,,
two-dimensional template,,,平面样板,,,,,0,0,,,
two-dimensional time,,,二维时间,,,,,0,0,,,
two-dimensional transform,,,二维转换,,,,,0,0,,,
two-dimensional transonic cascade,,,元跨音速叶,,,,,0,0,,,
two-dimensional triangular element,,,二维三角形单元,,,,,0,0,,,
two-dimensional turbulence,tu dɪˈmɛnʃənl: ˈtə:bjələns,, 二维湍流,,,,,0,0,,,
two-dimensional Turing machine,,,二维图灵机,,,,,0,0,,,
two-dimensional ultrasonic tomogram,,,两维超声声像图,,,,,0,0,,,
two-dimensional vector,,,维矢量，平面矢量,,,,,0,0,,,
two-dimensional wave,,,二维波，长峰波,,,,,0,0,,,
two-dimensional wave motion,,,二维波动,,,,,0,0,,,
two-dimensional wave spectrum,,,双向波谱,,,,,0,0,,,
two-dimensional waveguide,,,二维波导(管),,,,,0,0,,,
two-dimensional wing,,,二维机翼,,,,,0,0,,,
two-dimensional Z-transform,,,[数] 二维Ｚ变换,,,,,0,0,,,
two-dimensional-layer molecule,,,un. 二维层状分子,,,,,0,0,,,
two-dimensional-semantics,,,[网络] 二维语义学；二维语意论；双向度语意论,,,,,0,0,,,
two-dimensionalities,'tʊdaɪmɛnʃə'næləti,,"two-dimensionality\n['tu:di,menʃə'næləti; -dai-]\nn.\n平面；平面状态",,,,,0,0,0:two-dimensionality/1:s,,
two-dimensionality,"'tu:di,menʃə'næləti; -dai-",n. the property of having two dimensions,n. 平面；平面状态,,,,,0,0,s:two-dimensionalities,,
two-dimensionally,",tu:di'menʃənəl; -dai-",,"two-dimensionally\nadv.\ntwo-dimensional的变形\ntwo-dimensional\n[,tu:di'menʃənəl; -dai-]\nadj.\n二维的；平面的\n[比喻]缺乏深度的；表面的；无立体感的\n(文学作品在人物刻画方面等)肤浅的",,,,,0,0,,,
two-dimensionally scanned laser sensor,,,二维扫描激光传感器,,,,,0,0,,,
two-dimensions,,,"二维;二因次, 二维，二因次",,,,,0,0,,,
two-diode clamp,,,双二极管箝位,,,,,0,0,,,
two-diode synchronous demodulator,,,双二极管同步解调器,,,,,0,0,,,
two-direction,,,双向,,,,,0,0,,,
two-direction linear stepping motor,,,双向直线步进电动机,,,,,0,0,,,
two-direction pressing,,,双向压制,,,,,0,0,,,
two-direction self-aligning ball thrust bearing,,,双向自动调整止推滚珠轴承,,,,,0,0,,,
two-direction switch,,,双向开关,,,,,0,0,,,
two-direction thrust bearing,,,双向推力轴承,,,,,0,0,,,
two-direction traveling tractor,,,"双向行进曳引机, 双向行驶牵引机",,,,,0,0,,,
two-direction truss,,,双向桁架,,,,,0,0,,,
two-direction type,,,保护性气体,,,,,0,0,,,
two-directional clutch,,,[机] 双向离合器,,,,,0,0,,,
two-directional communication,,,[通信] 双向通信,,,,,0,0,,,
two-directional compression,,,二向压制,,,,,0,0,,,
two-directional focusing,,,双向聚焦,,,,,0,0,,,
two-directional polycondensation,,,[化] 二向缩聚,,,,,0,0,,,
two-disc,,,[网络] 两片,j:100,,,,0,0,s:two-discs,,
two-disc tensioner,,,双盘张力器,,,,,0,0,,,
two-discs,,,[网络] 两圆盘,,,,,0,0,0:two-disc/1:s,,
two-disk thermistor bridge,,,双片式热变电阻桥,,,,,0,0,,,
two-division,,,[网络] 二家直营店,,,,,0,0,s:two-divisions,,
two-divisions,,,[网络] 二分法,,,,,0,0,0:two-division/1:s,,
two-doffer card,,,小滚筒梳棉机;双道夫梳棉机,,,,,0,0,,,
two-dog,,,[网络] 道格,,,,,0,0,s:two-dogs,,
two-dogs,,,[网络] 两只狗；两条狗；两类狗,,,,,0,0,0:two-dog/1:s,,
two-dollar,,,[网络] 两美元,j:100,,,,0,0,,,
two-dollar broker,,,[经] 两美元经纪人,,,,,0,0,,,
two-domain,,,[网络] 两区,,,,,0,0,s:two-domains,,
two-domains,,,[网络] 两区\n(two-domain 的复数),,,,,0,0,0:two-domain/1:s,,
two-door,'tu:d'ɔ:r,, 双门,j:100,,,,0,0,s:two-doors,,
two-door body,,,双门车身,,,,,0,0,,,
two-door car,,,双门小客车,,,,,0,0,,,
two-door sedan,,,两门轿车,,,,,0,0,,,
two-door wardrobe,,,[家具] 双门衣橱,,,,,0,0,,,
two-doors,,,[网络] 两扇门；两生门；二扇门,,,,,0,0,0:two-door/1:s,,
two-dot chain line,,,[化] 双点画线,,,,,0,0,,,
two-double,'tu:dʌbl,,"a. 双层的,折叠的,曲身的",,,,,0,0,,,
two-down,,,n. 两次发球失误\n[网络] 两下,,,,,0,0,s:two-downs,,
two-downs,,,n. 两次发球失误\n[网络] 两下\n(two-down 的复数),,,,,0,0,0:two-down/1:s,,
two-dozen,,,[网络] 两打；二十几；架次,m:100,,,,0,0,,,
two-drogue refueling,,,双锥套式加油,,,,,0,0,,,
two-drum bent-tube boiler,,,[网络] 双锅筒弯管锅炉,,,,,0,0,,,
two-drum boiler,,,汽包锅炉,,,,,0,0,,,
two-drum crab,,,双筒卷扬机;双筒提升机构,,,,,0,0,,,
two-drum slusher,,,双滚筒耙矿机,,,,,0,0,,,
two-drum system,,,二鼓法,,,,,0,0,,,
two-dwell motion,,,双停歇期运动,,,,,0,0,,,
two-eared,,,[网络] 双耳,,,,,0,0,,,
two-earner couple,,,双职工夫妇；双职工家庭,,,,,0,0,,,
two-edged,,"a. Having two edges, or edges on both sides; as, a\n   two-edged sword.",a. 双刃的,j:100,1,,,0,0,,,
two-edged compliment,,,模棱两可的恭维话，侮辱性的恭维,,,,,0,0,,,
two-edged knife,,,双面刀,,,,,0,0,,,
two-edged sword,ˈtu:ˈedʒd sɔ:d,, [医]双面刀（剑）,,,,,0,0,,,
two-edged swords,,,双刃剑,,,,,0,0,,,
two-effect evaporator system,,,双级蒸发装置,,,,,0,0,,,
two-egg,,,[网络] 两个蛋；双蛋；埃格,,,,,0,0,,,
two-egg twins,,,[医] 双卵性双胎,,,,,0,0,,,
two-electrode,,,adj. 二电极的\n[网络] 两电极,,,,,0,0,,,
two-electrode chamber,,,双电极室,,,,,0,0,,,
two-electrode diode,,,二极管，二极体,,,,,0,0,,,
two-electrode gun,,,双极枪,,,,,0,0,,,
two-electrode polarograph,,,双电极极谱仪,,,,,0,0,,,
two-electrode system,,,双电极系统,,,,,0,0,,,
two-electrode tube,,,二极管，二极体,,,,,0,0,,,
two-electrode tube (diode),,,二极管,,,,,0,0,,,
two-electron,,,[网络] 两个电子,,,,,0,0,,,
two-electron donor,,,双电子供体,,,,,0,0,,,
two-electron integral,,,双电子积分,,,,,0,0,,,
two-electron system,,,双电子系,,,,,0,0,,,
two-element,,,[网络] 二元；双元件,j:100,,,,0,0,,,
two-element air ejector,,,双组空气抽逐器,,,,,0,0,,,
two-element array,,,二元阵列(天线),,,,,0,0,,,
two-element electronic system,,,双元件电子系统,,,,,0,0,,,
two-element feed control,,,双元件馈给控制,,,,,0,0,,,
two-element interferometer,,,双天线干涉仪;双元干涉仪,,,,,0,0,,,
two-element lens,,,两片型透镜,,,,,0,0,,,
two-element microphone,,,双元传声器,,,,,0,0,,,
two-element regulator,,,双元件调节器,,,,,0,0,,,
two-element relay,,,二元继电器,,,,,0,0,,,
two-element resistively probe,,,极电阻率探针,,,,,0,0,,,
two-element set,,,[数] 二元素集合,,,,,0,0,,,
two-end cheese winding,,,双股并线络筒,,,,,0,0,,,
two-end device,,,双端设备,,,,,0,0,,,
two-ended,,,[网络] 双端,,,,,0,0,,,
two-ended living polymer,,,[网络] 双端活性聚合物,,,,,0,0,,,
two-engine drive,,,双发动机驱动,,,,,0,0,,,
two-engine inoperative climb,,,双发停车上升,,,,,0,0,,,
two-engine landing,,,双发着陆,,,,,0,0,,,
two-engine nacelle,,,双发动机舱,,,,,0,0,,,
two-engine speed,,,双发飞行速率,,,,,0,0,,,
two-engine system,,,双发动机系统,,,,,0,0,,,
two-engine-out condition,,,双发停车的飞行状态,,,,,0,0,,,
two-engined vehicle,,,双发动机车辆,,,,,0,0,,,
two-entry system of mining,,,双平巷掘进系统,,,,,0,0,,,
two-equation models,,,二式模式,,,,,0,0,,,
two-equation turbulence model,,,双方程乱流模式,,,,,0,0,,,
two-event characteristic function,,,双事件特征函数,,,,,0,0,,,
two-excimer laser,,,双激元激光器,,,,,0,0,,,
two-eyed violet,,,[网络] 双眼紫罗兰,,,,,0,0,s:two-eyed violets,,
two-eyed violets,,,[网络] 双眼紫罗兰\n(two-eyed violet 的复数),,,,,0,0,0:two-eyed violet/1:s,,
two-face,,, 双面人,,,,,0,0,,,
two-face planer,,,[木] 双面刨,,,,,0,0,,,
two-face view of nut,,,螺帽见二面视图,,,,,0,0,,,
two-faced,'tu:feist,s marked by deliberate deceptiveness especially by pretending one set of feelings and acting under the influence of another\ns having two faces--one looking to the future and one to the past,"a. 两面的, 两面派的\n[法] 两面派的, 伪君子的, 不可靠的",j:100,,,,0,0,s:two-faceds,,
two-faced machine,,,双面针织机,,,,,0,0,,,
two-faced plush cloth,,,双面绒布,,,,,0,0,,,
two-faced terry cloth fabric,,,双面毛圈织物,,,,,0,0,,,
two-facedly,'tʊ'festdli,,adv.\ntwo-faced的变形\ntwo-faced\n['tu:'feist]\nadj.\n有两面的\n两面派的，欺诈的，骗人的，伪善的，虚伪的[参较 tanus-faced]\n模棱两可的,,,,,0,0,,,
two-facedness,'tu:'feisidnis; 'tu:'feist-,,n. two-faced的变形,,,,,0,0,s:two-facednesses,,
two-facednesses,'tʊ'festdnɪs,,two-facedness\n['tu:'feisidnis; 'tu:'feist-]\nn.\ntwo-faced的变形\ntwo-faced\n['tu:'feist]\nadj.\n有两面的\n两面派的，欺诈的，骗人的，伪善的，虚伪的[参较 tanus-faced]\n模棱两可的,,,,,0,0,0:two-facedness/1:s,,
two-faceds,'tu:'feist,,two-faced\n['tu:'feist]\nadj.\n有两面的\n两面派的，欺诈的，骗人的，伪善的，虚伪的[参较 tanus-faced]\n模棱两可的,,,,,0,0,0:two-faced/1:s,,
two-factor,,,[网络] 双因素；双因子；双重因素,j:100,,,,0,0,s:two-factors,,
two-factor analysis,,,二因子分析,,,,,0,0,,,
two-factor analysis of variance,,,二因素方差分析,,,,,0,0,,,
two-factor ANOVA analysis of variance model,,,二因素方差分析模型,,,,,0,0,,,
two-factor authentication,,,双因素认证,,,,,0,0,,,
two-factor cross,,,(遗传重组试验)二基因(标识基因)杂交,,,,,0,0,,,
two-factor economics,,,双要素经济,,,,,0,0,,,
two-factor interaction,,,[化] 二因子交互效应,,,,,0,0,,,
two-factor method,,,双因素法,,,,,0,0,,,
Two-factor model,,,两要素模型,,,,,0,0,,,
two-factor theory,,,双因素理论,,,,,0,0,,,
two-factor theory of motivation,,,双因子激励理论,,,,,0,0,,,
two-factors,,,两因素,,,,,0,0,0:two-factor/1:s,,
two-family,,,[网络] 两家庭,j:100,,,,0,0,,,
two-family house,,,双户住宅;双联式住宅,,,,,0,0,,,
two-fan cleaning,,,双风扇清选,,,,,0,0,,,
two-feed knitter,,,双吃线织袜机;双路进线针织机;双系统针织机,,,,,0,0,,,
two-feet,,,[网络] 两只脚；两英尺；两个脚,,,,,0,0,,,
two-feldspar geothermometry,,,两毡层地热几何型,,,,,0,0,,,
two-fer,,,abbr. two for the price of one 两个只付一个价钱,,,,,0,0,,,
two-field,,,[网络] 二耕,,,,,0,0,,,
two-field induction machine,,,双磁场异步电机,,,,,0,0,,,
two-field picture,,,两场合成图像,,,,,0,0,,,
two-field system,,,[网络] 二区轮作制,,,,,0,0,,,
two-fifteen,,,[网络] 表示两点十五；两点十五分,,,,,0,0,,,
two-fifth,,,[网络] 五分之二,,,,,0,0,,,
two-fifths,,,[网络] 五分之二,m:100,,,,0,0,,,
two-fifty,,,[网络] 两点十五分；两点五十,m:100,,,,0,0,,,
two-figures,,,[网络] 两位数,,,,,0,0,,,
two-filament bulb,,,双丝灯泡,,,,,0,0,,,
two-filar electrometer,,,双丝静电计,,,,,0,0,,,
two-film model,,,双膜模型,,,,,0,0,,,
two-film theory,,,[化] 双膜理论,,,,,0,0,,,
two-finger,'tu:fiŋɡə,,adj. (弹琴时)只用两只手指的,j:100,,,,0,0,s:two-fingers,,
two-fingered,'tu:fiŋɡə,,adj.\n(弹琴时)只用两只手指的,,,,,0,0,s:two-fingereds,,
two-fingered typing,,,[网络] 双指打字,,,,,0,0,,,
two-fingereds,,,adj.\n(弹琴时)只用两只手指的\n(two-fingered 的复数),,,,,0,0,0:two-fingered/1:s,,
two-fingers,'tu:fiŋɡə,,two-finger\n['tu:fiŋɡə]\nadj.\n(弹琴时)只用两只手指的,,,,,0,0,0:two-finger/1:s,,
two-fish,,,[网络] 两条鱼；双鱼；二条鱼,,,,,0,0,,,
two-fisted,'tu:'fistid,,"a. 能用双拳的, 强有力的",j:100,,,,0,0,,,
two-fisted drinker,,,[网络] 双拳饮酒者,,,,,0,0,,,
two-fixture bathroom,,,两件套浴室,,,,,0,0,,,
two-fixture lavatory,,,两件套卫生间,,,,,0,0,,,
two-flame burner,,,叉形火焰焊矩,,,,,0,0,,,
two-flange shaft,,,双法兰轴,,,,,0,0,,,
two-flank gear rolling tester,,,双面啮合检查仪,,,,,0,0,,,
two-flank rolling test,,,双侧面滚轧试验,,,,,0,0,,,
two-flight screw,,,双螺纹螺杆,,,,,0,0,,,
two-flight stairs,,,两跑楼梯,,,,,0,0,,,
two-floor,,,[网络] 两层楼,,,,,0,0,s:two-floors,,
two-floors,,,[网络] 两层楼,,,,,0,0,0:two-floor/1:s,,
two-flow condenser,,,双流程冷凝器,,,,,0,0,,,
two-flow core,,,双流程堆芯,,,,,0,0,,,
two-flow equation,,,二相流方程式,,,,,0,0,,,
two-fluid,'tu:fl'u:ɪd,, 双流体,,,,,0,0,,,
two-fluid cell,,,[电] 二液电池,,,,,0,0,,,
two-fluid cells,,,[医] 两液电池,,,,,0,0,,,
two-fluid chromic acid cell,,,二液铬酸电池,,,,,0,0,,,
two-fluid description,,,二流体描述,,,,,0,0,,,
two-fluid manometer,,,双流体压力计,,,,,0,0,,,
two-fluid model,,,双流体模式;双流体模型,,,,,0,0,,,
two-fluid nozzle,,,[化] 气动雾化喷嘴,,,,,0,0,,,
two-fluid power plant,,,[网络] 双流体发电厂,,,,,0,0,,,
two-fluid process,,,双液法,,,,,0,0,,,
two-fluid reactor,,,双流体反应堆,,,,,0,0,,,
two-fluid spray nozzle,,,双流体喷嘴,,,,,0,0,,,
two-fluid superconductivity theory,,,双流体超导电性理论,,,,,0,0,,,
two-fluid theory,,,[化] 两流体理论,,,,,0,0,,,
two-fluid theory of electricity,,,电之双流体说,,,,,0,0,,,
two-flute end mill with straight shank,,,[网络] 直柄双刃端铣刀,,,,,0,0,,,
two-fluted tap,,,双槽丝锥,,,,,0,0,,,
two-fold,'tu:f'əʊld,"s having more than one decidedly dissimilar aspects or qualities; public preaching and private influence""- R.W.Emerson\ns twice as great or many", 双重的; 两倍的; 二重,j:100,,,,0,0,,,
two-fold axis,,,二次轴,,,,,0,0,,,
two-fold axis of symmetry,,,二次对称轴,,,,,0,0,,,
two-fold chain,,,双链,,,,,0,0,,,
two-fold classification,,,[数] 双重分类,,,,,0,0,,,
two-fold coincidence,,,双重符合,,,,,0,0,,,
two-fold diffraction,,,双重衍射,,,,,0,0,,,
two-fold division,,,二分法,,,,,0,0,,,
two-fold door,,,双折门;双摺门,,,,,0,0,,,
two-fold node,,,二重节,,,,,0,0,,,
two-fold symmetry,,,双重对称,,,,,0,0,,,
two-fold window,,,双折窗;双摺窗扇,,,,,0,0,,,
two-fold yarn,,,双股线,,,,,0,0,,,
two-fold yarns,,,双股纱,,,,,0,0,,,
two-fold-classification,,,双重分类,,,,,0,0,,,
two-foot,,,adj. 两足,j:100,,,,0,0,,,
two-footed,'tu:'futid,a having two feet,a. 有双脚的,,,,,0,0,,,
two-footed tackle,,,[网络] 两脚滑车,,,,,0,0,,,
two-for-one,,,[网络] 买一赠一；买一送一；倍捻,j:100,,,,0,0,,,
two-for-one twister,,,倍捻机;倍捻捻线机,,,,,0,0,,,
two-for-one twisting,,,二合一加捻,,,,,0,0,,,
two-for-one twisting machine,,,倍捻机,,,,,0,0,,,
two-for-the-price-of-one,,,[网络] 买一送一；买一赠；用买一个的价钱买两个,,,,,0,0,,,
two-force member,,,二力构件,,,,,0,0,,,
two-forked,'tu:'fɔ:kt,,adj.\n分叉的；两分的；分枝的,,,,,0,0,,,
two-form,,,[网络] 形式,,,,,0,0,,,
two-forty,'tu:'fɔ:ti,,n. 2分40秒跑1英里的速度; 高速率,,,,,0,0,,,
two-forty-five,,,[网络] 两点四十五分,,,,,0,0,,,
two-four,'tu:'fɔ:(r),,a. 四分之二拍子的,,,,,0,0,,,
two-four time,'tu:'fɔ:,,【音乐】二四拍子，四二拍子(拍号为2／4),,,,,0,0,,,
two-four-six,'tu:fɔ:siks,,n. (用以固定和坚固摄像机轨道的)小木块的组合,,,,,0,0,,,
two-fours,'tu:'fɔ:,,adj.\n【音乐】四分之二拍子的,,,,,0,0,,,
two-frame,,,两页式,,,,,0,0,s:two-frames,,
two-frame laser gyroscope,,,双座激光陀螺仪,,,,,0,0,,,
two-frames,,,两页式\n(two-frame 的复数),,,,,0,0,0:two-frame/1:s,,
two-frequency,'tuːfr'iːkwənsɪ,,n. 双频,,,,,0,0,,,
two-frequency channel,,,双频率通路,,,,,0,0,,,
two-frequency dialling,,,双频拨号,,,,,0,0,,,
two-frequency duplex,,,双频双工制,,,,,0,0,,,
two-frequency gas laser,,,双频气体激光器,,,,,0,0,,,
two-frequency laser,,,双频激光器,,,,,0,0,,,
two-frequency selection,,,双频拨号,,,,,0,0,,,
two-frequency signal,,,双频信号,,,,,0,0,,,
two-frequency signal generator,,,双频信号发生器,,,,,0,0,,,
two-frequency signal receiver,,,双频制信号接收机,,,,,0,0,,,
two-frequency signalling,,,双频制信号,,,,,0,0,,,
two-fulid theory,,,二流体说,,,,,0,0,,,
Two-fund separation theorem,,,两基金分离定理,,,,,0,0,,,
two-funneled,,,un. 双烟囱的,,,,,0,0,,,
two-furnace boiler,,,炉体锅炉,,,,,0,0,,,
two-gang,,,双联的,,,,,0,0,,,
two-gang condenser,,,双联电容器,,,,,0,0,,,
two-gang plough,,,双组犁,,,,,0,0,,,
two-gang plow,,,双组犁,,,,,0,0,,,
two-gang saw,,,双排锯,,,,,0,0,,,
two-gang variable capacitor,,,双联可变电容器,,,,,0,0,,,
two-gap,,,[网络] 两缺口；二能隙；双能隙,,,,,0,0,,,
two-gap head,,,[电] 双隙磁头,,,,,0,0,,,
two-gap klystron,,,双隙速调管,,,,,0,0,,,
two-gap magnetic head,,,[网络] 双隙磁头,,,,,0,0,,,
two-gap model,,,双重缺口模型,,,,,0,0,,,
two-gas space suit,,,双气体航天服,,,,,0,0,,,
two-gate caisson,,,un. 人字式坞门\n[网络] 人字型坞门,,,,,0,0,,,
two-gate feeder,,,双口供料器,,,,,0,0,,,
two-gate loading chute,,,双口装载溜槽,,,,,0,0,,,
two-gene heterosis,,,二基因杂种优势,,,,,0,0,,,
two-generation,,,[网络] 二代,,,,,0,0,,,
two-generation family,,,(夫妇和未婚子女构成的)核心家庭[亦作 nuclear family],,,,,0,0,,,
two-generator equivalent circuit,,,双发生器等效电路,,,,,0,0,,,
two-girder overhead travelling crane,,,[机] 双梁式架空移动起重机,,,,,0,0,,,
two-girdle fabric,,,双环带组构,,,,,0,0,,,
two-glass test,,,[医] 二杯试验(检尿道炎),,,,,0,0,,,
two-goals,,,[网络] 两球；净胜敌手两球；二个目标,,,,,0,0,,,
two-good assumption,,,两种商品之假设,,,,,0,0,,,
two-grain spelt,,,[网络] 两粒拼写,,,,,0,0,s:two-grain spelts,,
two-grain spelts,,,[网络] 两粒拼写\n(two-grain spelt 的复数),,,,,0,0,0:two-grain spelt/1:s,,
two-grained spelt,,, 二粒小麦,,,,,0,0,,,
two-grid,,,双栅的,,,,,0,0,,,
two-grid-interval noise,,,双格距杂讯,,,,,0,0,,,
two-grid-length wave,,,双格距波,,,,,0,0,,,
two-group,,,[网络] 集团；公司新闻,,,,,0,0,,,
two-group constant,,,双群常数,,,,,0,0,,,
two-group critical equation,,,群临界方程,,,,,0,0,,,
two-group critical mass,,,双群临界质量,,,,,0,0,,,
two-group diffusion theory,,,双群扩散理论,,,,,0,0,,,
two-group model,,,双群模型,,,,,0,0,,,
two-group perturbation theory,,,群微扰理论,,,,,0,0,,,
two-group theory,,,双群理论,,,,,0,0,,,
two-group treatment,,,双群处理,,,,,0,0,,,
two-guard,tu: ɡɑ:d,,n. 得分后卫,,,,,0,0,,,
two-guitar,,,[网络] 两支吉他-探戈,,,,,0,0,,,
two-gun,,,[网络] 二枪,,,,,0,0,,,
two-gun oscillograph,,,双电子枪示波器,,,,,0,0,,,
two-gun turret,,,双联装炮塔,,,,,0,0,,,
two-gyro pendulous gyrocompass,,,双转子摆式罗经,,,,,0,0,,,
two-hand,,,[网络] 双手；双手武器；双手技能,,,,,0,0,s:two-hands,,
two-hand control,,,双手操纵,,,,,0,0,,,
two-hand control device,,,双手操作控制装置,,,,,0,0,,,
two-handed,tu:'hændid,s. requiring two hands or designed for two people,"a. 有两只手的, 两手都会使用的, 需要双手拿的, 需要两人操作的",r:18/j:82,,,,0,0,,,
two-handed backhand,,,[网络] 双手反手；双反；双手反拍,,,,,0,0,s:two-handed backhands,,
two-handed backhands,,,[网络] 双手反手；双反；双手反拍\n(two-handed backhand 的复数),,,,,0,0,0:two-handed backhand/1:s,,
two-handed control,,,双手控制器,,,,,0,0,,,
two-handed robot,,,两只手机器人,,,,,0,0,,,
two-handed saw,tu:ˈhændid sɔ:,, 大锯，拉锯,,,,,0,0,s:two-handed saws,,
two-handed saws,,, 大锯，拉锯\n(two-handed saw 的复数),,,,,0,0,0:two-handed saw/1:s,,
two-handed work,,,双人工作,,,,,0,0,,,
two-handedly,'tu:'hændid,,two-handedly\nadv.\ntwo-handed的变形\ntwo-handed\n['tu:'hændid]\nadj.\n有两只手的；双手的\n会用两手的，左右手都善用的\n需用双手的\n需两人操作的；(牌戏等)两人玩的\n【网球】双手击球的,,,,,0,0,,,
two-handedness,'tu:'hændid,,two-handedness\nn.\ntwo-handed的变形\ntwo-handed\n['tu:'hændid]\nadj.\n有两只手的；双手的\n会用两手的，左右手都善用的\n需用双手的\n需两人操作的；(牌戏等)两人玩的\n【网球】双手击球的,,,,,0,0,,,
two-hander,,, 两个演员的一场戏,,,,,0,0,s:two-handers,,
two-handers,.tuː 'hændə(r),,n. 双人物戏剧\n[网络] 双手大剑,,,,,0,0,0:two-hander/1:s,,
two-handled,,,"a. 有两个捏手的, 双柄的",j:100,,,,0,0,s:two-handleds,,
two-handled knife,,,双柄刮皮刀,,,,,0,0,,,
two-handleds,,,"a. 有两个捏手的, 双柄的\n(two-handled 的复数)",,,,,0,0,0:two-handled/1:s,,
two-hands,,,两次发球权,,,,,0,0,0:two-hand/1:s,,
two-head,,,un. 双头\n[网络] 一拖二打标机；双磁头,,,,,0,0,,,
two-head automatic arc welding machine,,,[化] 自动双弧焊机,,,,,0,0,,,
two-head curtain coater,,,[涂料] 双头淋涂机,,,,,0,0,,,
two-head helical-scan video tape recorder,,,双磁头螺旋扫描磁带录像机,,,,,0,0,,,
two-head printer,,,[计] 二头打印机,,,,,0,0,,,
two-head video system,,,双磁头视频系统,,,,,0,0,,,
two-head video tape recorder,,,双磁头磁带录像机;二磁头磁带录像机,,,,,0,0,,,
two-headed,'tu:'hedid,,adj. 有两个头的，双头的,j:100,,,,0,0,s:two-headeds,,
two-headed executive system,,,双重行政首长制,,,,,0,0,,,
two-headed floppy disk,,,[计] 二头软磁盘,,,,,0,0,,,
two-headed wrap,,,双磁头卷带方式,,,,,0,0,,,
two-headeds,'tu:'hedid,,two-headed\n['tu:'hedid]\nadj.\n有两个头的，双头的\n有两个领袖的；两首领统治的,,,,,0,0,0:two-headed/1:s,,
two-heading entry,,,双平巷,,,,,0,0,,,
two-hearted,,,[网络] 二心,,,,,0,0,,,
two-height creel,,,双层纱架,,,,,0,0,,,
two-height mill,,,[网络] 二辊轧机,,,,,0,0,,,
two-high bloomer,,,二辊式初轧机,,,,,0,0,,,
two-high cogging mill,,,二辊式轧机,,,,,0,0,,,
two-high mill,,,二辊式机座,,,,,0,0,,,
two-high plate mill,,,二辊式中厚板轧机,,,,,0,0,,,
two-high pull-over mill,,,二辊周期式薄板轧机,,,,,0,0,,,
two-high reversing beam mill,,,二辊可逆式钢梁轧机,,,,,0,0,,,
two-high reversing blooming mill,,,二辊可逆式初轧机,,,,,0,0,,,
two-high reversing mill,,,二辊可逆式轧机,,,,,0,0,,,
two-high reversing-finishing mill,,,二辊可逆式精轧机,,,,,0,0,,,
two-high reversing-plate mill,,,二辊可逆式中厚板轧机,,,,,0,0,,,
two-high roller leveller,,,两排辊子的矫直机,,,,,0,0,,,
two-high rolling mill,,,[机] 二重压轧机,,,,,0,0,,,
two-high steamer,,,[网络] 夹层锅,,,,,0,0,,,
two-high universal mill,,,二辊式万能轧机,,,,,0,0,,,
two-hinged arch,,,两铰拱;双铰拱,,,,,0,0,,,
two-hinged arch bridge,,,二铰拱桥,,,,,0,0,,,
two-hinged arch truss,,,双铰拱桁架,,,,,0,0,,,
two-hinged portal frame bridge,,,双铰门式刚构桥,,,,,0,0,,,
two-hinged rigid frame,,,双铰刚架,,,,,0,0,,,
two-hinged structure,,,双铰结构,,,,,0,0,,,
two-hit,,, 二次打击,j:100,,,,0,0,,,
two-hitter,,,n. 一方的一个投手让对方得两次安打的比赛,n:100,,,,0,0,s:two-hitters,,
two-hitters,,,n. 一方的一个投手让对方得两次安打的比赛\n(two-hitter 的复数),,,,,0,0,0:two-hitter/1:s,,
two-hole,,,[网络] 石门水库,,,,,0,0,s:two-holes,,
two-hole coupler,,,双孔耦合器,,,,,0,0,,,
two-hole directional coupler,,,双孔定向耦合器,,,,,0,0,,,
two-hole grating,,,两孔光栅,,,,,0,0,,,
two-hole idle system,,,双孔式低速系统,,,,,0,0,,,
two-hole magnet for TV,,,电视机双孔磁芯,,,,,0,0,,,
two-hole whirl plate,,,双孔旋流片,,,,,0,0,,,
two-holer,'tu:'həulə,,n. [美国、加拿大英语]双人厕所,,,,,0,0,,,
two-holes,,,[网络] 两个洞；适用电缆二孔；两洞,,,,,0,0,0:two-hole/1:s,,
two-hologram method,,,双全息图法,,,,,0,0,,,
two-hop transmission,,,二次反射传输,,,,,0,0,,,
two-hop-E,,,第二E层波,,,,,0,0,,,
two-horizontal-reel mounted potato digger,,,双水平转轮悬挂式马铃薯挖掘机,,,,,0,0,,,
two-horizontal-reel trailed potato digger,,,双水平转轮牵引式马铃薯挖掘机,,,,,0,0,,,
two-horned,'tu:h'ɔ:nd,, 犄,,,,,0,0,,,
two-horned sculpin,,,[网络] 冰杜父鱼,,,,,0,0,,,
two-horse,'tu:h'ɔ:s,,adj. 只有两人（或两队等）胜算最大的；主要为两方角逐的,j:100,,,,0,0,s:two-horses,,
two-horser,,,adj. 只有两人（或两队等）胜算最大的；主要为两方角逐的\n(two-horse 的比较级),,,,,0,0,,,
two-horses,,,[网络] 两匹马；双马；两匹马图片,,,,,0,0,0:two-horse/1:s,,
two-horsest,,,adj. 只有两人（或两队等）胜算最大的；主要为两方角逐的\n(two-horse 的最高级),,,,,0,0,,,
two-host tick,,,"二宿主蜱,二寄主蜱",,,,,0,0,,,
two-hour,,,[网络] 两小时的；两小时票,j:100,,,,0,0,,,
two-house,,,[网络] 土屋；二店交通；有间咖啡厨坊,,,,,0,0,,,
two-humped,,a having two humps,双肉峰的,,,,,0,0,,,
two-humped camel,,,双峰驼,,,,,0,0,,,
two-hundred,,,na. 二百\n[网络] 两百；一两百；两百年,m:100,,,,0,0,,,
two-hundred-years,,,[网络] 两百年,,,,,0,0,,,
two-hundredth,tu: ˈhʌndrɪdθ,s the ordinal number of two hundred in counting order, 第二百,,,,,0,0,,,
two-hybrid,,,[网络] 双杂交；双杂交系统；双杂合,,,,,0,0,,,
two-hybrid system,,,双杂交系统,,,,,0,0,,,
two-Iip ladle,,,[网络] 双嘴浇包,,,,,0,0,,,
two-image photogrammetry,,,双像摄影测量学,,,,,0,0,,,
two-impulse orbital transfer,,,双冲轨道转移,,,,,0,0,,,
two-impulse trajectory,,,双冲轨道,,,,,0,0,,,
two-in-hand winding,,,双路叠绕法,,,,,0,0,,,
two-in-one,'tu:'ɪnw'ʌn,, 人妖,j:100,,,,0,0,,,
two-in-one motor,,,二合一电动机,,,,,0,0,,,
two-inch,,,[网络] 基座的卤钨大屏幕放映灯；两寸照片,j:100,,,,0,0,s:two-inches,,
two-inches,,,[网络] 二英寸,,,,,0,0,0:two-inch/1:s,,
two-income,tu:'inkɔm,,n. 双职工,j:100,,,,0,0,,,
two-income family,,,双收入家庭,,,,,0,0,,,
two-input,,,adj. 【自】有两个输入的\n[网络] 双输入；双重输入,,,,,0,0,,,
two-input adder,,,[电] 二输入加法器,,,,,0,0,,,
two-input gate,,,双输入门,,,,,0,0,,,
two-input module,,,二输入端组件,,,,,0,0,,,
two-input multiplexer,,,[网络] 双输入多工器,,,,,0,0,,,
two-input servo,,,双输入伺服系统,,,,,0,0,,,
two-input subtracter,,,[电] 见half-subtracter,,,,,0,0,,,
two-input subtractor,,,= half-subtractor,,,,,0,0,,,
two-input switch,,,双输入开关,,,,,0,0,,,
two-intakes,,,双进风道,,,,,0,0,,,
two-integrator,,,[网络] 双积分器,,,,,0,0,,,
two-integrator system,,,双积分器系统,,,,,0,0,,,
two-island,,,[网络] 两个宝岛,,,,,0,0,,,
two-item,,,[网络] 二目；两项,j:100,,,,0,0,,,
two-jaw grab,,,双瓣式抓斗,,,,,0,0,,,
two-jawed chuck,,,两爪夹盘,,,,,0,0,,,
two-jet flapper valve,,,双喷嘴挡板阀,,,,,0,0,,,
two-jet type,,,双射型,,,,,0,0,,,
two-job,,,[网络] 两份工作,,,,,0,0,,,
two-joint drive,,,双万向节传动,,,,,0,0,,,
two-joint muscle,,,[医] 双关节肌,,,,,0,0,,,
two-key cryptosystem,,,双密钥加密法[体制],,,,,0,0,,,
two-key lockout,,,双键锁定法,,,,,0,0,,,
two-key rollover,,,双键翻转法,,,,,0,0,,,
two-knife asymmetrical beam,,,双刀非对称樑,,,,,0,0,,,
two-knife beam,,,双刀樑,,,,,0,0,,,
Two-L,,,[网络] 双L,,,,,0,0,,,
two-lane,'tu:l'eɪn,s having a lane for traffic in each direction, 双车道,j:89/n:11,,,,0,0,s:two-lanes,,
two-lane highway,,,双车道公路,,,,,0,0,,,
two-lane road,,,双车道道路,,,,,0,0,,,
two-lane single carriage,,,双车道单幅车行道,,,,,0,0,,,
two-lane traffic,,,双车道交通,,,,,0,0,,,
two-lane tunnel,,,双车道隧道,,,,,0,0,,,
two-laner,,, 双车道\n(two-lane 的比较级),,,,,0,0,,,
two-lanes,,,[网络] 双车道,,,,,0,0,0:two-lane/1:s,,
two-lanest,,, 双车道\n(two-lane 的最高级),,,,,0,0,,,
two-lap lapping machine,,,双盘研磨机,,,,,0,0,,,
two-laps,,,[网络] 生死之交,,,,,0,0,,,
two-launcher site,,,双发射器的发射场,,,,,0,0,,,
two-layer,,,adj. 双层(的)\nn. 双层\n[网络] 两层；双层的；华鹏新的双层,j:100,,,,0,0,,,
two-layer coating,,,双层镀膜,,,,,0,0,,,
two-layer columnar joints,,,双层柱状节理,,,,,0,0,,,
two-layer electrode,,,双层电极,,,,,0,0,,,
two-layer equation,,,双层式,,,,,0,0,,,
two-layer fabric,,,双层织物,,,,,0,0,,,
two-layer laminates,,,双层层压制品,,,,,0,0,,,
two-layer lattice,,,双层晶格,,,,,0,0,,,
two-layer magnetic tape,,,二层磁带,,,,,0,0,,,
two-layer magnetic taper,,,[计] 双层磁带,,,,,0,0,,,
two-layer method,,,二层法,,,,,0,0,,,
two-layer ocean,,,两层模式大洋,,,,,0,0,,,
two-layer rigid frame construction,,,双层刚性架建造,,,,,0,0,,,
two-layer solid-state image converter,,,双层固态变像管,,,,,0,0,,,
two-layer spiral coil,,,双层螺旋式线圈,,,,,0,0,,,
two-layer structure,,,两层构造,,,,,0,0,,,
two-layer system,,,双层系统,,,,,0,0,,,
two-layer theory,,,双层体理论,,,,,0,0,,,
two-layer weave,,,双层织造,,,,,0,0,,,
two-layer winding,,,双层绕组,,,,,0,0,,,
two-layered,,,[网络] 两层,,,,,0,0,,,
two-layered ectoderm,,,[医] 二层外胚层,,,,,0,0,,,
two-layerer,,,adj. 双层(的)\nn. 双层\n[网络] 两层；双层的；华鹏新的双层\n(two-layer 的比较级),,,,,0,0,,,
two-layerest,,,adj. 双层(的)\nn. 双层\n[网络] 两层；双层的；华鹏新的双层\n(two-layer 的最高级),,,,,0,0,,,
two-leaf,,,[网络] 二叶,,,,,0,0,s:two-leaves,,
two-leafed,,,[网络] 双叶,,,,,0,0,,,
two-leafed door,,,双摺门,,,,,0,0,,,
two-leafed window,,,双摺窗,,,,,0,0,,,
two-leaved,'tu:li:vd,s having two leaves,a. [植物学]具两叶的,,,,,0,0,,,
two-leaves,,,[网络] 两片叶子,,,,,0,0,0:two-leaf/1:s,,
two-leg,,,n. 双爪,,,,,0,0,s:two-legs,,
two-leg propeller strut,,,双脚螺桨支架,,,,,0,0,,,
two-leg sling,,,两索套,,,,,0,0,,,
two-leg strut,,,双支脚尾轴架,,,,,0,0,,,
two-legged,,,a. 有两条腿的,j:100,,,,0,0,,,
two-legged singlephase transformer,,,双柱式单相变压器,,,,,0,0,,,
two-legged transformer,,,双柱式变压器,,,,,0,0,,,
two-legs,,,[网络] 两条腿；双腿；双足,,,,,0,0,0:two-leg/1:s,,
two-legs type core,,,柱式铁芯,,,,,0,0,,,
two-lens,,,双透镜,,,,,0,0,,,
two-lens objective,,,双透镜物镜,,,,,0,0,,,
two-lens ocular,,,双透镜目镜,,,,,0,0,,,
two-lens system,,,双透镜系统,,,,,0,0,,,
two-letter code,,,双字母代码,,,,,0,0,,,
two-letters,,,[网络] 两封信；两个字母；二字,,,,,0,0,,,
two-level,,,adj. 双层的\nn. 双层\n[网络] 两级；两层；双层系统,j:100,,,,0,0,,,
two-level address,,,二级地址,,,,,0,0,,,
two-level addressing,,,[计] 二级寻址,,,,,0,0,,,
two-level alarm,,,二级警报,,,,,0,0,,,
two-level allocation,,,二级分配,,,,,0,0,,,
two-level control facilities,,,un. 二级控制设施\n[网络] 二级控制设备,,,,,0,0,,,
two-level controller,,,[自] 二级控制器,,,,,0,0,,,
two-level controller with overlap,,,[自] 有重叠区的两位控制器,,,,,0,0,,,
two-level deckhouse,,,[网络] 双层甲板室,,,,,0,0,,,
two-level encoding microinstruction,,,[计] 二级编码微指令,,,,,0,0,,,
two-level energy system,,,二能级系统,,,,,0,0,,,
two-level fork junction,,,双层式Y形立体交叉,,,,,0,0,,,
two-level formula,,,两层公式,,,,,0,0,,,
two-level games,,,“双层博弈”,,,,,0,0,,,
two-level grammar,,,二级文法,,,,,0,0,,,
two-level grid file,,,二阶格子档案,,,,,0,0,,,
two-level image,,,二灰阶影像,,,,,0,0,,,
two-level junction,,,双层立交;双层式立体交叉,,,,,0,0,,,
two-level laser,,,二能极激光器,,,,,0,0,,,
two-level laser configuration,,,二能极激光结构,,,,,0,0,,,
two-level logic,,,两级逻辑;双电平逻辑,,,,,0,0,,,
two-level maser,,,[计] 两级脉塞,,,,,0,0,,,
two-level medium,,,二能级介质,,,,,0,0,,,
two-level microprogram control,,,二级微程序控制,,,,,0,0,,,
two-level midpoint method,,,二级中点法,,,,,0,0,,,
two-level mold,,,双层塑模,,,,,0,0,,,
two-level network architecture,,,[网络] 两级网络体系结构,,,,,0,0,,,
two-level non-return system,,,级无零记录系统,,,,,0,0,,,
two-level nonreturn system,,,双位无回程系统,,,,,0,0,,,
two-level parametric amplifier,,,[电子] 两级参量放大器,,,,,0,0,,,
two-level picture,,,[计] 二水平图片,,,,,0,0,,,
two-level priority interrupt,,,两级优先中断,,,,,0,0,,,
two-level recording,,,两级记录;二级记录,,,,,0,0,,,
two-level return system,,,二级归零记录系统;双位有回程系统;双级归零记录系统,,,,,0,0,,,
two-level rotor,,,(配电器)双层转子,,,,,0,0,,,
two-level roundabout,,,双层式环形立体交叉,,,,,0,0,,,
two-level roundabout junction,,,双层式环形立体枢纽,,,,,0,0,,,
two-level scheme,,,双级方案,,,,,0,0,,,
two-level signal,,,双亮度信号灯,,,,,0,0,,,
two-level storage,,,二级存储器,,,,,0,0,,,
two-level store,,,二级存储,,,,,0,0,,,
two-level structure,,,二级结构,,,,,0,0,,,
two-level subroutine,,,[电] 二阶二次常式,,,,,0,0,,,
two-level system,,,[电] 二位准系统,,,,,0,0,,,
two-light candlestick,,,双蜡烛烛台,,,,,0,0,,,
two-light frame,,,两扇窗框,,,,,0,0,,,
two-light headlamp,,,双光前大灯,,,,,0,0,,,
two-limit,,,[数] 二重极限,,,,,0,0,,,
two-limit probit model,,,双重限制常态机率模型,,,,,0,0,,,
two-limit tobit model,,,双重限制杜彬模型,,,,,0,0,,,
two-line,,,a. 比普通型大一倍的,j:100,,,,0,0,,,
two-line brevier,,,[网络] 二行布列维,,,,,0,0,,,
two-line cavity,,,双线耦合空腔谐振器,,,,,0,0,,,
two-line clamshell,,,双绳多瓣式抓岩机;双绳抓岩机,,,,,0,0,,,
two-line compressor,,,双线压缩机,,,,,0,0,,,
two-line double pica,,"two-line double pica (uncountable)\n(printing, Britain, dated) The size of type between two-line great primer and canon, standardized as 44-point.\n",,,,,,0,0,,,
two-line English,,,[网络] 两行英文,,,,,0,0,,,
two-line great primer,,,[网络] 点活字,,,,,0,0,,,
two-line ground,,,双线接地,,,,,0,0,,,
two-line iterative method,,,两线迭代法,,,,,0,0,,,
two-line mixtures,,,两个品系的混合,,,,,0,0,,,
two-line octave,,,【音乐】小字二组的八度,,,,,0,0,,,
two-line or multi-line braking system,,,双管路或多管路制动系,,,,,0,0,,,
two-line pass,,,[网络] 双线通,,,,,0,0,,,
two-line passes,,,[网络] 两行通行证,,,,,0,0,,,
two-line pica,,,[网络] 双线pica,,,,,0,0,,,
two-line whip,,,[网络] 二线鞭令；两条鞭子,,,,,0,0,,,
two-line whips,,,[网络] 双线鞭子,,,,,0,0,,,
two-lined,'tu:laind,,adj. 【印刷】(铅字等)两行宽的，比普通型号大一倍的[亦作 two-line],,,,,0,0,,,
two-lined chestnut borer,,,双纹长吉丁虫,,,,,0,0,,,
two-liner,,,a. 比普通型大一倍的\n(two-line 的比较级),,,,,0,0,,,
two-linest,,,a. 比普通型大一倍的\n(two-line 的最高级),,,,,0,0,,,
two-link,'tu:l'ɪŋk,, [计]双向链路,,,,,0,0,s:two-links,,
two-links,,,双连杆,,,,,0,0,0:two-link/1:s,,
two-lip end mill,,,双刃端面铣刀,,,,,0,0,,,
two-lip end milling cutter,,,双面刃端铣刀,,,,,0,0,,,
two-lip hand ladle,,,双嘴手杓,,,,,0,0,,,
two-lip ladle,,,双嘴勺,,,,,0,0,,,
two-lip seal,,,双唇油封,,,,,0,0,,,
two-lipped,,,[网络] 双唇,,,,,0,0,,,
two-liquid cell,,,两液电池,,,,,0,0,,,
two-liquid centrifuge,,,双液离心机;两液离心分离机,,,,,0,0,,,
two-liquid manometer,,,二液压力计,,,,,0,0,,,
two-liquid theory,,,两流体理论,,,,,0,0,,,
two-liter,,,[网络] 两升,j:100,,,,0,0,,,
two-litre,,,[网络] 二升,,,,,0,0,s:two-litres,,
two-litres,,,[网络] 二升\n(two-litre 的复数),,,,,0,0,0:two-litre/1:s,,
two-lobe blower,,,双叶转子鼓风机,,,,,0,0,,,
two-lobe cam,,,双凸块凸轮,,,,,0,0,,,
two-lobe chamber,,,双弧工作室,,,,,0,0,,,
two-lobe epitrochoidal bore,,,双弧长短幅外旋轮线气缸,,,,,0,0,,,
two-lobe epitrochoidal shape,,,双叶长短辐圆外旋轮线形状,,,,,0,0,,,
two-lobe pump,,,双突瓣式泵,,,,,0,0,,,
two-lobe rotary pump,,,双凸轮旋转泵,,,,,0,0,,,
two-lobed,,,[网络] 双气囊,,,,,0,0,,,
two-lobed epitrochoid rotary mechanism,,,双弧外旋轮线旋转机械,,,,,0,0,,,
two-lobed epitrochoidal housing,,,双弧外旋轮线缸体,,,,,0,0,,,
two-lobed epitrochoidal working chamber,,,双弧外旋轮线工作室,,,,,0,0,,,
two-locus,,,[网络] 法可推论出五种双基因位,,,,,0,0,,,
two-log washer,,,双转轴洗矿机,,,,,0,0,,,
two-loop,,,[网络] 双回路；双回路的,,,,,0,0,,,
two-loop sampling valve,,,双环管进样阀,,,,,0,0,,,
two-loop servomechanism,,,双回路伺服机构,,,,,0,0,,,
two-loop system,,,二环系统,,,,,0,0,,,
two-loop trip,,,二回路跳脱,,,,,0,0,,,
two-machine jumbo,,,双机台车,,,,,0,0,,,
two-machine operation,,,双机操作,,,,,0,0,,,
two-magazine mixer,,,混合字母铸排机,,,,,0,0,,,
two-magnet extraction system,,,双磁铁引出系统,,,,,0,0,,,
two-magnon scattering,,,二磁振子散射,,,,,0,0,,,
two-male,,,[网络] 两张单人床,,,,,0,0,,,
two-man,'tu:'mən,,adj. 两人的; 限两人用的; 两人管理的; 有两位艺术家作品的,j:89/n:11,,,,0,0,s:two-men,,
two-man capsule,,,双人航天舱,,,,,0,0,,,
two-man capsule simulator,,,双人航天舱模拟器,,,,,0,0,,,
two-man concept,,,= two-man rule,,,,,0,0,,,
two-man crew,,,双人乘员组,,,,,0,0,,,
two-man crew station,,,双人乘员组位置,,,,,0,0,,,
two-man diving bell,,,un. 双人潜水钟,,,,,0,0,,,
two-man foxhole,,,双人散兵坑,,,,,0,0,,,
two-man ladle,,,抬包,,,,,0,0,,,
two-man policy,,,二人管理制度,,,,,0,0,,,
two-man rule,,,二人管理制度;双人制,,,,,0,0,,,
two-man saw,tu: mæn sɔ:,, 双人锯,,,,,0,0,s:two-man saws,,
two-man saws,,, 双人锯\n(two-man saw 的复数),,,,,0,0,0:two-man saw/1:s,,
two-man steel shelter,,,双人钢架掩蔽部,,,,,0,0,,,
two-man tent,,,un. 双人帐蓬,,,,,0,0,s:two-man tents,,
two-man tents,,,un. 双人帐蓬\n(two-man tent 的复数),,,,,0,0,0:two-man tent/1:s,,
two-marks,,,[网络] 二个刻度；两个刻度；水文测量标上两个刻度,,,,,0,0,0:two-mark/1:s,,
two-masted,,,a. 双桅的,,,,,0,0,,,
two-masted craft,,,二桅船,,,,,0,0,,,
two-masted vessel,,,双桅船,,,,,0,0,,,
two-master,ˈtu:ˈmæstə,,双桅船,,,,,0,0,,,
two-matches,,,[网络] 两个组别,,,,,0,0,,,
two-means problem,,,[数] 两中值问题,,,,,0,0,,,
two-medium photogrammetry,,,双介质摄影测量,,,,,0,0,,,
two-men,,,[网络] 两个人；两个男人；俩男子,,,,,0,0,0:two-man/1:s,,
two-men optical system,,,双人光学瞄准系统,,,,,0,0,,,
two-men portable digger,,,[林] 双人手提式挖坑机,,,,,0,0,,,
two-men saw,,,[木] 双人锯,,,,,0,0,,,
two-mesh filter,,,双节滤波器,,,,,0,0,,,
two-metal corrosion,,,金属腐蚀,,,,,0,0,,,
two-mica gneiss,,,二云母片麻岩,,,,,0,0,,,
two-mica granite,,,二云母花岗岩,,,,,0,0,,,
two-microphone method,,,双电镜法,,,,,0,0,,,
two-mile,,,[网络] 二英里,j:100,,,,0,0,,,
two-mile-wide,'tuːm'aɪlw'aɪd,,adj. 两英里宽的,,,,,0,0,,,
two-miler,,,[网络] 二英里\n(two-mile 的比较级),,,,,0,0,,,
two-milest,,,[网络] 二英里\n(two-mile 的最高级),,,,,0,0,,,
two-million,,,[网络] 两百万；二百万；贰百万,,,,,0,0,,,
two-minded,'tu:'maindid,,adj. 左右为难的，进退两难的,,,,,0,0,,,
two-minute hate,,,[网络] 两分钟的仇恨,,,,,0,0,,,
two-minute silence,,,[网络] 两分钟的寂静,,,,,0,0,,,
two-minute silences,,,[网络] 两分钟的沉默,,,,,0,0,,,
two-minute warning,,,[网络] 两分钟警告,,,,,0,0,,,
two-mirror objective,,,双镜物镜,,,,,0,0,,,
two-mirror system,,,双反射镜系统,,,,,0,0,,,
two-mode,,, 双模式,,,,,0,0,,,
two-mode control transfer,,,双式控制,,,,,0,0,,,
two-mode ring gas laser,,,双模环状气体激光器,,,,,0,0,,,
two-mode turbulence,,,二模式湍动,,,,,0,0,,,
two-mold machine for forming brick,,,双模制砖机,,,,,0,0,,,
two-month,,,[网络] 两个月的；二个月,j:100,,,,0,0,,,
two-month-old,'tuːm'ʌnθ'əʊld,,adj. 两个月的,j:100,,,,0,0,,,
two-motion selector,,,两级动作选择器,,,,,0,0,,,
two-motion switch,,,两级动作开关;双动作选择器,,,,,0,0,,,
two-motor car,,,双电动机车,,,,,0,0,,,
two-motor drive,,,双动力驱动,,,,,0,0,,,
two-motored airplane,,,双发动机飞机,,,,,0,0,,,
two-move checkmate,,,[网络] 两步将死,,,,,0,0,,,
two-move checkmates,,,[网络] 双动检查,,,,,0,0,,,
two-name,'tu:'neim,,a. 两人签名的,,,,,0,0,,,
two-name paper,,,双名票据,,,,,0,0,,,
two-named paper,,,[会计] 双记名票据,,,,,0,0,,,
two-nature,,,[网络] 双性；二性,,,,,0,0,s:two-natures,,
two-natures,,,[网络] 二性；两个本性；两种本性,,,,,0,0,0:two-nature/1:s,,
two-neck bottle,,,双颈瓶,,,,,0,0,,,
two-neck distilling flask,,,颈蒸馏瓶,,,,,0,0,,,
two-neck flask,,,双颈烧瓶,,,,,0,0,,,
two-needle,,,双针的,,,,,0,0,,,
two-needle bar,,,双针床,,,,,0,0,,,
two-needle narrowing,,,[纺] 收两针,,,,,0,0,,,
two-needle overlap,,,双针垫纱,,,,,0,0,,,
two-needle rack,,,摇二针,,,,,0,0,,,
two-needle sewing machine,,,[服装] 双针缝纫机,,,,,0,0,,,
two-needle stitch,,,[纺] 重经组织,,,,,0,0,,,
two-needled,,,[网络] 双针,,,,,0,0,,,
two-ness,,,[网络] 二元；二重性,,,,,0,0,,,
two-night,,,[网络] 日币,j:100,,,,0,0,,,
two-node vibration,,,二节点振动,,,,,0,0,,,
two-noded vertical vibration,,,双节点垂直振动,,,,,0,0,,,
two-noded vibration,,,双节点振动,,,,,0,0,,,
two-norm,,,[网络] 两个规范,,,,,0,0,,,
two-note,,,[网络] 雄蛙会以二个音节,,,,,0,0,s:two-notes,,
two-note call,,,[网络] 双音节的叫声,,,,,0,0,s:two-note calls,,
two-note calls,,,[网络] 双音节的叫声\n(two-note call 的复数),,,,,0,0,0:two-note call/1:s,,
two-notes,,,[网络] 两张便条,,,,,0,0,0:two-note/1:s,,
two-nozzle gun,,,双喷口喷枪,,,,,0,0,,,
two-nutrient compound fertilizer,,,[化] 二元复合肥料,,,,,0,0,,,
two-oar,,,双人双桨小艇,,,,,0,0,,,
two-ocean,,,[网络] 双洋酒庄；南非双洋；二洋湖,,,,,0,0,,,
two-of,,,[网络] 两张纸；最重要的作曲家中的两位；其中两个,,,,,0,0,,,
two-of-a-kind,,,天生一对(电影名),,,,,0,0,,,
two-ofs,,,[网络] 两个,,,,,0,0,,,
two-oh-one,,,[网络] 两零一图片,,,,,0,0,,,
two-on-one,,,n. 二打一\n[网络] 双手抓腕,,,,,0,0,,,
two-on-one injector,,,二加一喷嘴,,,,,0,0,,,
two-on-two,,,n. 二打二,j:100,,,,0,0,,,
two-one,'tuːw'ʌn,,n. 二等学位中较高的一种学位\n,,,,,0,0,,,
two-orbit,,,双轨道,,,,,0,0,,,
two-order,,,二阶\n二次订货,,,,,0,0,,,
two-out,,,un. 二人出局\n[网络] 两人出局；宣判出局,j:100,,,,0,0,,,
two-out of three,,,取二,,,,,0,0,,,
two-out-of-five code,,,[计] 五中选二码,,,,,0,0,,,
two-out-of-three,,,[网络] 三局两胜；三取二；三选二,,,,,0,0,,,
two-out-of-three circuit,,,取二电路,,,,,0,0,,,
two-out-of-three trip,,,三取二”事故保护停堆,,,,,0,0,,,
two-out-of-three voting system,,,2/3表决系统,,,,,0,0,,,
two-out-of-two logic,,,二取二逻辑,,,,,0,0,,,
two-overcoat,,,adj. “身穿两件外套的”；公私兼营的,,,,,0,0,,,
two-pack,'tu:p'æk,, 双副,,,,,0,0,,,
two-pack coating,,,[涂料] 双包装涂料,,,,,0,0,,,
two-page,,,[网络] 建双图层,j:90/n:10,,,,0,0,s:two-pages,,
two-page separation copy mode,,,分页复印状态,,,,,0,0,,,
two-page separation function,,,分页功能,,,,,0,0,,,
two-page separation key,,,分页键,,,,,0,0,,,
two-pager,,,[网络] 建双图层\n(two-page 的比较级),,,,,0,0,,,
two-pages,,,un. 双页\n[网络] 两页；两段；双面,,,,,0,0,0:two-page/1:s,,
two-pagest,,,[网络] 建双图层\n(two-page 的最高级),,,,,0,0,,,
two-paint jack,,,[网络] 二簧片插孔,,,,,0,0,,,
two-pale,,,两极,,,,,0,0,,,
two-pan asymmetrical beam,,,双盘非对称樑,,,,,0,0,,,
two-pane,,,[网络] 两行规格,,,,,0,0,,,
two-panel,,,[网络] 双面板；对折,,,,,0,0,,,
two-panel sliding door,,,[建] 双折门,,,,,0,0,,,
two-panel trawl,,,两片式拖网,,,,,0,0,,,
two-paragraph,,,[网络] 两段,,,,,0,0,,,
two-parameter,,,双参数,,,,,0,0,s:two-parameters,,
two-parameter adaptive control system,,,双参数自适应控制系统,,,,,0,0,,,
two-parameter control,,,双参数控制,,,,,0,0,,,
two-parameter flow,,,双参数流动,,,,,0,0,,,
two-parameter logistic model(2-pl model),,,二参数对数模式,,,,,0,0,,,
two-parameters,,,双参数\n(two-parameter 的复数),,,,,0,0,0:two-parameter/1:s,,
two-parent,,,[网络] 父母双方一起抚养,j:100,,,,0,0,,,
two-parent progency test,,,双亲的后代检验,,,,,0,0,,,
two-parent selection,,,双亲选择,,,,,0,0,,,
two-part,'tu:pɑ:t,s involving two parts or elements,n. <苏格兰>三分之二,j:100,,,,0,0,s:two-parts,,
two-part adhesive,,,二元粘合剂,,,,,0,0,,,
two-part bearing,,,分轴承,,,,,0,0,,,
two-part canon,,,二部卡农,,,,,0,0,,,
two-part code,,,两部分电码,,,,,0,0,,,
two-part construction,,,[网络] 两段造船法,,,,,0,0,,,
two-part counterpoint,,,二部对位,,,,,0,0,,,
two-part cracking,,,两部分裂化,,,,,0,0,,,
two-part experiment,,,二部实验,,,,,0,0,,,
two-part fugue,,,二部复格,,,,,0,0,,,
two-part harmony,,,二部和声,,,,,0,0,,,
two-part hull construction,,,两段造船法,,,,,0,0,,,
two-part line,,,二户合用线,,,,,0,0,,,
two-part model,,,两部门模型,,,,,0,0,,,
two-part molding,,,两箱造型,,,,,0,0,,,
two-part mould,,,两箱造型,,,,,0,0,,,
two-part moulding,,,两箱造型,,,,,0,0,,,
two-part network,,,端网络，二对端网络,,,,,0,0,,,
two-part network synthesis,,,端网络综合,,,,,0,0,,,
two-part prepayment meter,,,两部预付两度计,,,,,0,0,,,
two-part reeving,,,双穿索,,,,,0,0,,,
two-part stator,,,分半定子,,,,,0,0,,,
two-part step-rate prepayment meter,,,两部阶跃预付电度计,,,,,0,0,,,
two-part tariff,,,二部收费制,,,,,0,0,,,
two-part time,,,【音乐】二拍子 (= duple time),,,,,0,0,,,
two-parted,,,二深裂的,,,,,0,0,,,
two-parter,'tu:pɑ:t,,n.\n[苏格兰英语]三分之二,,,,,0,0,s:two-parters,,
two-parters,,,n.\n[苏格兰英语]三分之二\n(two-parter 的复数),,,,,0,0,0:two-parter/1:s,,
two-particle correlation,,,[网络] 二粒子关联,,,,,0,0,,,
two-particle Green function,,,双粒子格林函数,,,,,0,0,,,
two-particle tunneling,,,双粒子穿隧,,,,,0,0,,,
two-parties,'tu:'pɑ:ti,,two-party\n['tu:'pɑ:ti]\nadj.\n两党的，两大党的,,,,,0,0,0:two-party/1:s,,
two-parts,'tu:pɑ:t,,n. 三分之二,,,,,0,0,0:two-part/1:s,,
two-party,'tu:'pɑ:ti,s supported by both sides,a. 两党的,j:100,,,,0,0,s:two-parties,,
two-party key distribution protocol,,,双方金钥分配协定,,,,,0,0,,,
two-party line,,,两户合用电话线,,,,,0,0,,,
two-party sequential bargaining experiments,,,两党序列谈判实验,,,,,0,0,,,
two-party system,,,[法] 两党制,,,,,0,0,,,
two-pass,,,双行程,,,,,0,0,,,
two-pass 3D migration,,,两步法三维偏移,,,,,0,0,,,
two-pass assembler,,,[计] 两次扫描的汇编程序,,,,,0,0,,,
two-pass boiler,,,双回程锅炉,,,,,0,0,,,
two-pass compiler,,,un. 两遍编译程序,,,,,0,0,,,
two-pass condenser,,,双程冷凝器;双道冷凝器;双路冷凝器,,,,,0,0,,,
two-pass cooling,,,双路冷却,,,,,0,0,,,
two-pass core,,,流程堆芯,,,,,0,0,,,
two-pass drying tower,,,[纺] 二通道式烘燥塔,,,,,0,0,,,
two-pass grate,,,二段式链篦机,,,,,0,0,,,
two-pass horizontal regenerator,,,双通路卧式蓄热室,,,,,0,0,,,
two-pass macroassembler,,,两次扫描宏汇编程序,,,,,0,0,,,
two-pass stove,tu: pɑ:s stəuv,, 二转式热风炉,,,,,0,0,,,
two-pass superheater,,,双流程蒸汽过热器,,,,,0,0,,,
two-pass symbolic language assembler,,,un. 二次扫描符号语言汇编程序,,,,,0,0,,,
two-pass type,,,双程式,,,,,0,0,,,
two-path,,,双通道,,,,,0,0,,,
two-path amplifier,,,双道放大器,,,,,0,0,,,
two-path circuit,,,双路电路,,,,,0,0,,,
two-path cylinder dryer,,,分路式烘筒,,,,,0,0,,,
two-path DME system,,,双路测距装置,,,,,0,0,,,
two-path feedback,,,双路反馈,,,,,0,0,,,
two-paycheck,tu:'peitʃek,,adj. 有双份收入的；双职工的,,,,,0,0,,,
two-pedal control,,,双踏板控制,,,,,0,0,,,
two-pen,,,[网络] 双笔的,,,,,0,0,,,
two-pen potentiometer continuous recorder,,,双笔电位计式连续记录器,,,,,0,0,,,
two-pen recorder,,,双笔记录器,,,,,0,0,,,
two-pen recording thermometer,,,双针记录式温度计,,,,,0,0,,,
two-pen strip chart recorder,,,二笔卷条线图记录器,,,,,0,0,,,
two-pence,,,n. （英国的）两便士硬币,,,,,0,0,,,
two-pence piece,,,(英国)二便士铜币,,,,,0,0,,,
two-penneth,,,[网络] 两点钟,,,,,0,0,,,
two-penny,'tʌp(ə)nɪ,,n. 淡色啤酒；头；少量；（英）两便士\nadj. 不足道的；低廉的（等于tuppenny）,,,,,0,0,,,
two-people,,,昙花未了情（电影名）,,,,,0,0,0:two-person/1:s,,
two-percent,,,[网络] 香港百分之二服饰；二巴仙；泰康食品,j:100,,,,0,0,,,
two-percent milk,,,[网络] 半脱脂奶,,,,,0,0,,,
two-percenter,,,[网络] 百分之二,,,,,0,0,,,
Two-period,,,两期,,,,,0,0,s:two-periods,,
two-period cumulative multiplier,,,两期积累乘数,,,,,0,0,,,
two-periods,,,两个时期,,,,,0,0,0:two-period/1:s,,
two-person,,,[网络] 双人双面；双人单面；两人,j:100,,,,0,0,s:two-people,,
two-person constant-sum game,,,两人常和对策,,,,,0,0,,,
two-person control,,,[网络] 双人控制,,,,,0,0,,,
two-person game,,,[计] 双人博弈,,,,,0,0,,,
two-person general sum game,,,两人一般和对策,,,,,0,0,,,
two-person rule,,,[网络] 二人负责；两人规则,,,,,0,0,,,
two-person zero-sum game,,,二人零和博奕;两人零和对策,,,,,0,0,,,
two-petaled,,,a. 双花瓣的,,,,,0,0,,,
two-petalled,,,a. 双花瓣的,,,,,0,0,,,
two-phase,,,[电] 二相,j:100,,,,0,0,s:two-phases,,
two-phase (quarter-phase),,,二相,,,,,0,0,,,
two-phase additive,,,两相添加剂,,,,,0,0,,,
two-phase aerosol,,,二相气雾剂,,,,,0,0,,,
two-phase alloy,,,二相合金,,,,,0,0,,,
two-phase alloys,,,双相合金,,,,,0,0,,,
two-phase alternating current servo,,,二相交流伺服系统,,,,,0,0,,,
two-phase alternating-current circuit,,,两相交流电路,,,,,0,0,,,
two-phase and dry-steam geothermal systems,,,相和干蒸汽地热系统,,,,,0,0,,,
two-phase asynchronous motor,,,[电] 二相异步电动机,,,,,0,0,,,
two-phase boundary layer,,,相边界层,,,,,0,0,,,
two-phase bubble assemblage model,,,相气泡汇集模型,,,,,0,0,,,
two-phase circuit,,,【电工学】两相电路,,,,,0,0,,,
two-phase cleaning,,,[纺] 两相净洗,,,,,0,0,,,
two-phase clock,,,二相时钟,,,,,0,0,,,
two-phase closed thermosyphon,,,热棒,,,,,0,0,,,
two-phase closed-loop pulse system,,,[电子] 二相闭路脉冲系统,,,,,0,0,,,
two-phase commit,,,二阶段确认,,,,,0,0,,,
two-phase commit protocol,,,二段确认协定,,,,,0,0,,,
two-phase commitment protocol,,,两阶段承诺协定,,,,,0,0,,,
two-phase connection,,,两相接法,,,,,0,0,,,
two-phase connections,,,二相连接,,,,,0,0,,,
two-phase consecutive model,,,相连续模型,,,,,0,0,,,
two-phase convection,,,二相对流,,,,,0,0,,,
two-phase cooling,,,相冷却,,,,,0,0,,,
two-phase cunrent,,,双相电流，二相电流,,,,,0,0,,,
two-phase current,,,两相电流;双相电流,,,,,0,0,,,
two-phase debugging,,,un. 二相调试,,,,,0,0,,,
two-phase design,,,两阶段设计,,,,,0,0,,,
two-phase electric machine,tu fez ɪˈlɛktrɪk məˈʃin,, 二相电机,,,,,0,0,,,
two-phase equilibrium,,,两相平衡,,,,,0,0,,,
two-phase five-wire system,,,两相五线制,,,,,0,0,,,
two-phase flow,,,[化] 两相流; 两相流动,,,,,0,0,,,
two-phase flow characteristics,,,二相流特性,,,,,0,0,,,
two-phase flow pattern,,,两相流动型式,,,,,0,0,,,
two-phase flow regime,,,相流动工况,,,,,0,0,,,
two-phase fluid flow,,,两相渗流,,,,,0,0,,,
two-phase formation volume factor,,,两相体积系数,,,,,0,0,,,
two-phase four-wire system,,,两相四线制,,,,,0,0,,,
two-phase friction factor,,,二相摩擦因数,,,,,0,0,,,
two-phase generator,,,二相发电机,,,,,0,0,,,
two-phase ground,,,[网络] 两相接地,,,,,0,0,,,
two-phase ground fault,,,相接地故障,,,,,0,0,,,
two-phase heat transfer,,,两相传热,,,,,0,0,,,
two-phase hybrid bubble shift register,,,[计] 二相混合磁泡移位寄存器,,,,,0,0,,,
two-phase induction motor,,,二相感应电动机,,,,,0,0,,,
two-phase ion-exchange column,,,[化] 两相离子交换柱,,,,,0,0,,,
two-phase light water,,,腾轻水，两相轻水,,,,,0,0,,,
two-phase lock,,,两阶段锁,,,,,0,0,,,
two-phase locking,,,二段封锁,,,,,0,0,,,
two-phase locking protocol,,,二相锁定协定,,,,,0,0,,,
two-phase locking theorem,,,un. 两阶段封锁定理,,,,,0,0,,,
two-phase loom,,,[纺] 双相织机,,,,,0,0,,,
two-phase loop,,,[计] 二相环,,,,,0,0,,,
two-phase machine,,,un. 双相电机,,,,,0,0,,,
two-phase material,,,两相介质,,,,,0,0,,,
two-phase method,,,二段法;两阶段法,,,,,0,0,,,
two-phase milking machine,,,两节拍挤奶机,,,,,0,0,,,
two-phase mixing,,,两相交混,,,,,0,0,,,
two-phase mixture,,,相混合物,,,,,0,0,,,
two-phase model,,,两相模型,,,,,0,0,,,
two-phase modulation,,,双相调变,,,,,0,0,,,
two-phase motor,,,二相电动机,,,,,0,0,,,
two-phase operation,,,两相运行,,,,,0,0,,,
two-phase permalloy,,,两相透磁钢,,,,,0,0,,,
two-phase phase shift keying,,,二相相移键控,,,,,0,0,,,
two-phase printing process,,,[纺] 两相印花法,,,,,0,0,,,
two-phase reactor,,,相[反应]堆,,,,,0,0,,,
two-phase region,,,双相区,,,,,0,0,,,
two-phase relay,,,双相继电器,,,,,0,0,,,
two-phase sampling,,,双重抽样,,,,,0,0,,,
two-phase Schrage motor,,,相施拉奇电动机,,,,,0,0,,,
two-phase section,,,相段，两相区,,,,,0,0,,,
two-phase selsyn,,,二相自动同步机,,,,,0,0,,,
two-phase servomotor,,,两相伺服电动机,,,,,0,0,,,
two-phase short circuit and ground fault,,,相接地短路故障,,,,,0,0,,,
two-phase short circuit fault,,,相短路故障,,,,,0,0,,,
two-phase short-circuit,,,相短路,,,,,0,0,,,
two-phase short-circuit fault,,,[电] 两相短路故障,,,,,0,0,,,
two-phase signal,,,二时相号志,,,,,0,0,,,
two-phase simplex method,,,[数] 二相单形法,,,,,0,0,,,
two-phase state,,,相态,,,,,0,0,,,
two-phase structure,,,两相组织,,,,,0,0,,,
two-phase supercharger,,,un. 二速增压器\n[网络] 双速增压器,,,,,0,0,,,
two-phase sysem,,,二相制,,,,,0,0,,,
two-phase system,,,两相制;二相系统;二相制,,,,,0,0,,,
two-phase theory,,,相理论,,,,,0,0,,,
two-phase three-wire system,,,二相三线制;两相三线制,,,,,0,0,,,
two-phase titration,,,两相滴定法,,,,,0,0,,,
two-phase titration method,,,[化] 两相滴定法,,,,,0,0,,,
two-phase to earth fault,,,两相接地故障,,,,,0,0,,,
two-phase transformation,,,双向变态,,,,,0,0,,,
two-phase transformer,,,双相变压器,,,,,0,0,,,
two-phase vessel blowdown,,,二相容器沖放,,,,,0,0,,,
two-phase weaving machine,,,[纺] 双相织机,,,,,0,0,,,
two-phased,'tu:feiz,,adj.\n【电工学】双相的(= quarter-phase),,,,,0,0,,,
two-phaser,,,[电] 二相\n(two-phase 的比较级),,,,,0,0,,,
two-phases,,,两个阶段,,,,,0,0,0:two-phase/1:s,,
two-phasest,,,[电] 二相\n(two-phase 的最高级),,,,,0,0,,,
two-phonemes,,,[网络] 两个音素,,,,,0,0,,,
two-phonon process,,,双声子过程,,,,,0,0,,,
two-photo photoelectric spectroscopy,,,[光] 双光子光电光谱学,,,,,0,0,,,
two-photon,'tu:f'əʊtɒn,, 双光子,,,,,0,0,,,
two-photon absorption,,,[化] 双光子吸收,,,,,0,0,,,
two-photon annihilation,,,双光子湮没,,,,,0,0,,,
two-photon decay,,,双光子衰变,,,,,0,0,,,
two-photon excited atomic fluorescence,,,双光子激发原子萤光,,,,,0,0,,,
two-photon fluorescence,,,双光子荧光,,,,,0,0,,,
two-photon fluorescence method,,,双光子荧光法,,,,,0,0,,,
two-photon fluorescence monitor,,,双光子荧光监测器,,,,,0,0,,,
two-photon holography,,,双光子全息术,,,,,0,0,,,
two-photon laser,,,双光子激光器,,,,,0,0,,,
two-photon process,,,双光子过程,,,,,0,0,,,
two-photon pumping,,,双光子泵浦,,,,,0,0,,,
two-photon transition,,,[化] 双量子跃迁; 双光子跃迁,,,,,0,0,,,
two-photon-fluorescence monitor,,,二光于萤光监测器,,,,,0,0,,,
two-photospectroscopy,,,[光] 双光子光谱学,,,,,0,0,,,
two-pi counter,,,2π计数器,,,,,0,0,,,
two-pi radiation detector,,,2π辐射侦测器,,,,,0,0,,,
two-piano,,,[网络] 双钢琴房,,,,,0,0,s:two-pianoes,,
two-pianoes,,,[网络] 双钢琴房\n(two-piano 的复数),,,,,0,0,0:two-piano/1:s,,
two-pick corduroy,,,双纬灯芯绒,,,,,0,0,,,
two-picture,,,[网络] 声东击西案例,,,,,0,0,,,
two-piece,,n. a business suit consisting of a matching jacket and skirt or trousers\na. (of clothing) made in or consisting of two parts or pieces,"a. 两件构成一套的, 上下两件的",j:73/n:27,1,,,0,0,s:two-pieces,,
two-piece apex seal,,,双片式径向密封片,,,,,0,0,,,
two-piece barge-launched jacket,,,un. 双块驳载下水导管架\n[网络] 双模块驳载下水导管架,,,,,0,0,,,
two-piece bearing,,,[化] 拼合轴承; 对开轴承,,,,,0,0,,,
two-piece bearing ring,,,两轨轴承环,,,,,0,0,,,
two-piece calotte,,,双护盖,,,,,0,0,,,
two-piece can,,,两片罐,,,,,0,0,,,
two-piece catsuit,,,[服装] 耐纶紧身女套装,,,,,0,0,,,
two-piece chassis,,,双节底盘,,,,,0,0,,,
two-piece collar,,,[服装] 上下盘领,,,,,0,0,,,
two-piece construction,ˈtu:ˌpi:s kənˈstrʌkʃən,, 双件结构,,,,,0,0,,,
two-piece core box,,,[网络] 对分,,,,,0,0,,,
two-piece crown,,,"[医] 二部冠, 分离冠",,,,,0,0,,,
two-piece dress,,,n. 两件套头,,,,,0,0,,,
two-piece flask,,,[医] 两部型盒,,,,,0,0,,,
two-piece housing,,,[化] 拼合式外壳,,,,,0,0,,,
two-piece needle,,,复式针,,,,,0,0,,,
two-piece pattern,,,un. 两片模\n[网络] 对分模,,,,,0,0,,,
two-piece printed circuit connector,,,[计] 二件式印制电路板接插件,,,,,0,0,,,
two-piece set,,,两构件支架,,,,,0,0,,,
two-piece sleeve,,,两片袖,,,,,0,0,,,
two-piece suit,,,un. 两件成套服装\n[网络] 两件套装；两件式西装；二件套装,,,,,0,0,s:two-piece suits,,
two-piece suits,,,两件套装,,,,,0,0,0:two-piece suit/1:s,,
two-piece warp beam,,,[纺] 双联经轴,,,,,0,0,,,
two-piece web lashing,,,两件式系带綑绑器,,,,,0,0,,,
two-piece wedge,,,半槽楔,,,,,0,0,,,
two-piece wheel,ˈtu:ˌpi:s hwi:l,, 双件式车轮,,,,,0,0,,,
two-piecer,'tu:'pi:sə,a. (of clothing) made in or consisting of two parts or pieces,"n. 两件成套的衣服, 两件套衣服",,,,,0,0,,,
two-pieces,'tu:p'i:sɪz,n. a business suit consisting of a matching jacket and skirt or trousers\nn. a woman's very brief bathing suit,n. （游泳衣等）两件一套的( two-piece的复数形式 ),,,,,0,0,0:two-piece/1:s,,
two-pieces sets,,,两件套,,,,,0,0,,,
two-piecest,'tu:'pi:s,,adj. 由两个个别部分组成的，(服装)两件一套的\nn. = two-piecer,,,,,0,0,,,
two-pile,,,[网络] 两堆,,,,,0,0,,,
two-pile velvet,,,双面天鹅绒,,,,,0,0,,,
two-pilot operation,,,双飞行员飞行,,,,,0,0,,,
two-pin,,,二脚位；二针,,,,,0,0,,,
two-pin plug,,,两脚插头;双线插头;双柱插头,,,,,0,0,,,
two-pin rigid frame,,,双铰刚架,,,,,0,0,,,
two-pipe,,,[网络] 二管排式,,,,,0,0,,,
two-pipe heating system,,,双管供暖系统,,,,,0,0,,,
two-pipe hot water downfeed system,,,双管下给式热水供暖系统,,,,,0,0,,,
two-pipe hot-water heat-supply network,,,管制热水热网,,,,,0,0,,,
two-pipe steam heat-supply network,,,双管制蒸汽热网,,,,,0,0,,,
two-pipe system,,,双管供暖系统;双管系统,,,,,0,0,,,
two-pipe water system,,,管制水系统,,,,,0,0,,,
two-pit tannage,,,二槽鞣法,,,,,0,0,,,
two-pitch airscrew,,,双距螺旋桨,,,,,0,0,,,
two-pitch propeller,,,双位变距螺旋桨,,,,,0,0,,,
two-pitch system,,,un. 双螺距系统,,,,,0,0,,,
two-pizza team,,,[网络] 两个比萨团队；双比萨饼；两个披萨团队,,,,,0,0,,,
two-place,,,[网络] 双孔,,,,,0,0,s:two-places,,
two-place interceptor,,,双座截击机,,,,,0,0,,,
two-place trainer,,,双座教练机,,,,,0,0,,,
two-places,,,[网络] 两个地点,,,,,0,0,0:two-place/1:s,,
two-plane,,,[网络] 双平面,,,,,0,0,,,
two-plane balancing,,,双面平衡,,,,,0,0,,,
two-plane balancing machine,,,[网络] 双面平衡机,,,,,0,0,,,
two-plane theory of chiasma,,,双面交叉说,,,,,0,0,,,
two-plane theory of chiasma (sharp 1924),,,双面交叉说,,,,,0,0,,,
two-plane-wave hologram,,,双平面波全息图,,,,,0,0,,,
two-plate mould,,,[网络] 双板式注射模,,,,,0,0,,,
two-plate press,,,双板压榨机,,,,,0,0,,,
two-plate variable capacitor,,,双平行板可变电容器,,,,,0,0,,,
two-plate-two-ring capacitor,,,双平行板双环电容器,,,,,0,0,,,
two-play,'tuːpl'eɪ,,adj. 双层的\nadj. 双股的\nn. 双层木板\nn. 双股绳,,,,,0,0,,,
two-player,,,[网络] 双玩家,,,,,0,0,s:two-players,,
two-players,,,[网络] 行为者,,,,,0,0,0:two-player/1:s,,
two-plex rib,,,双梳栉经编织物,,,,,0,0,,,
two-plier,'tu:plai,,adj. 【纺织业】；双层的；双股的\nn. 【纺织业】双股纱线；叠织织物；双层地毯；双合板,,,,,0,0,,,
two-plies,'tu:plai,,adj. 两层的；双股的,,,,,0,0,0:two-ply/1:s,,
two-pliest,'tu:plai,,adj. 【纺织业】；双层的；双股的\nn. 【纺织业】双股纱线；叠织织物；双层地毯；双合板,,,,,0,0,,,
two-plough tractor,,,双犁拖拉机,,,,,0,0,,,
two-plus,,,[网络] 双加；两大加一,j:100,,,,0,0,,,
two-plus-one,,,二加一,,,,,0,0,,,
two-plus-one address,,,[电] 二加一地址,,,,,0,0,,,
two-plus-one address instruction,,,[计] 二加一地址指令,,,,,0,0,,,
two-plus-one address instruction format,,,[计] 二加一地址指令格式,,,,,0,0,,,
two-plus-two,,,[网络] 二加二,,,,,0,0,,,
two-ply,,s. having a thickness made up of two layers or strands,"a. 两层的, 双重的, 双股的",,,,,0,0,s:two-plies,,
two-ply alpaca crepe,,,[纺] 双股阿尔帕长绉,,,,,0,0,,,
two-ply belt,,,双层皮带,,,,,0,0,,,
two-ply riveting,,,un. 双层铆接,,,,,0,0,,,
two-ply stock,,,双重纸,,,,,0,0,,,
two-ply tyre,,,双层轮胎,,,,,0,0,,,
two-ply yarn,,,双股线,,,,,0,0,,,
two-point,,,n. 二点\n[网络] 二点交叉；两点侦测；两点法,j:100,,,,0,0,,,
two-point arbitrage,,,两地套利，两角套汇,,,,,0,0,,,
two-point arbitrage in foreign exchange,,,[经] 两点套汇,,,,,0,0,,,
two-point bit,,,双刃钻头,,,,,0,0,,,
two-point boundary problem,,,两点边界问题,,,,,0,0,,,
two-point boundary value problem,,,两点边值问题,,,,,0,0,,,
two-point breaker,,,双触点断电器,,,,,0,0,,,
two-point cam,,,双夹瓣三角,,,,,0,0,,,
two-point contact,,,二点接触,,,,,0,0,,,
two-point conversion,,,[网络] 后再达阵；两分转换,,,,,0,0,,,
two-point correlation function,,,两点相关函数,,,,,0,0,,,
two-point cross,,,[生物] 二点杂交,,,,,0,0,,,
two-point depression,,,二点弯折,,,,,0,0,,,
two-point discrete space,,,[数] 二点离散空间,,,,,0,0,,,
two-point discrimination,,,[医] 两点辨别,,,,,0,0,,,
two-point distribution,,,二点分布;两点分布,,,,,0,0,,,
two-point dowel iron wire nails,,,榄钉,,,,,0,0,,,
two-point extraction cycle,,,段抽汽循环,,,,,0,0,,,
two-point focus setting,,,双点调焦,,,,,0,0,,,
two-point form,,,两点式,,,,,0,0,,,
two-point hitch,,,[车辆] 二点悬挂机构,,,,,0,0,,,
two-point landing,,,二点落地,,,,,0,0,,,
two-point limen,,,两点阈,,,,,0,0,,,
two-point linkage,,,两点悬挂装置,,,,,0,0,,,
two-point method,,,二点测速法,,,,,0,0,,,
two-point perspective,,,un. 两点透视；二点透视\n[网络] 两点透视图；两点透视法；二消点法,,,,,0,0,,,
two-point perspectiveness,,,二点透视,,,,,0,0,,,
two-point press,,,双点压力机,,,,,0,0,,,
two-point recorder,,,双点记录器,,,,,0,0,,,
two-point regulator,,,[自] 两点调节器,,,,,0,0,,,
two-point resolution,,,两点分辨率,,,,,0,0,,,
two-point spark plug,,,双电极火花塞,,,,,0,0,,,
two-point suspension double action crankless press,,,两点悬架双动无曲柄压力机,,,,,0,0,,,
two-point suspension triple action crankless press,,,两点悬挂三动式无曲柄压力机,,,,,0,0,,,
two-point test,,,二点测交,,,,,0,0,,,
two-point threshold,,,（触觉）两点觉阈,,,,,0,0,,,
two-point-five,,,[网络] 两块五；二点五,,,,,0,0,,,
two-pointer,,,[网络] 两分篮,,,,,0,0,,,
two-pole,'tu:p'əʊl,, 两极,j:100,,,,0,0,s:two-poles,,
two-pole (bipolar),,,双极,,,,,0,0,,,
two-pole knife switch,,,双极闸刀开关,,,,,0,0,,,
two-pole machine,,,极电机,,,,,0,0,,,
two-pole network,,,端网络,,,,,0,0,,,
two-pole switch,,,极开关,,,,,0,0,,,
two-poler,,, 两极\n(two-pole 的比较级),,,,,0,0,,,
two-poles,,,两极,,,,,0,0,0:two-pole/1:s,,
two-polest,,, 两极\n(two-pole 的最高级),,,,,0,0,,,
two-port,,,二端对;四端,,,,,0,0,,,
two-port connection valve,,,二口阀,,,,,0,0,,,
two-port junction,,,两端口接头,,,,,0,0,,,
two-port matrix,,,双埠矩阵,,,,,0,0,,,
two-port network,,,[电] 两头网络,,,,,0,0,,,
two-port parameter,,,四端参量;四端网络参量,,,,,0,0,,,
two-port system,,,二端对系统,,,,,0,0,,,
two-port transducer,,,四端网络传感器,,,,,0,0,,,
two-port valve,,,二通阀,,,,,0,0,,,
two-port waveguide-junction,,,双引出线波导管连接,,,,,0,0,,,
two-position,'tu:pəz'ɪʃn,, 双位置,,,,,0,0,s:two-positions,,
two-position action,,,双位控制作用;双位置作用,,,,,0,0,,,
two-position action control,,,[自] 双位置动作控制,,,,,0,0,,,
two-position action controller,,,[自] 双位作用控制器,,,,,0,0,,,
two-position actuator,,,双位引动器,,,,,0,0,,,
two-position control,,,[化] 双位调节,,,,,0,0,,,
two-position controller,,,双位调节器;双位控制器,,,,,0,0,,,
two-position controller with overlap,,,[自] 有重叠区的双位控制器,,,,,0,0,,,
two-position differential gap,,,双位差隙,,,,,0,0,,,
two-position differential gap action,,,双位差隙作用,,,,,0,0,,,
two-position differential gap control,,,双位差隙控制,,,,,0,0,,,
two-position diffrential control,,,二位置微差控制,,,,,0,0,,,
two-position discontinuous temperature control,,,双位不连续温度控制,,,,,0,0,,,
two-position four-way valve,,,二位四通阀,,,,,0,0,,,
two-position mode,,,双位制,,,,,0,0,,,
two-position nonlinearity,,,双位非线性,,,,,0,0,,,
two-position propeller,,,双位变距螺旋桨,,,,,0,0,,,
two-position relay,,,二位置继电器,,,,,0,0,,,
two-position signal,,,双位式信号机;双位信号,,,,,0,0,,,
two-position system,,,双位制,,,,,0,0,,,
two-position temperature controller,,,双位温度控制器,,,,,0,0,,,
two-position temperature controlling,,,[自] 双位温度控制,,,,,0,0,,,
two-position three way directional control valve,,,二位三通换向阀,,,,,0,0,,,
two-position threeway solenoid valve,,,位三通电磁阀,,,,,0,0,,,
two-position valve,,,双位阀;二位阀,,,,,0,0,,,
two-position viewfinder,,,双焦取景器,,,,,0,0,,,
two-positions,,,[网络] 元阳县；静宁县,,,,,0,0,0:two-position/1:s,,
Two-Pot,,,[网络] 双罐,,,,,0,0,,,
two-pot screamer,'tu:pɔt,,[澳大利亚俚语]容易喝醉的人,,,,,0,0,,,
two-pound,,,[网络] 两个埃镑,j:100,,,,0,0,s:two-pounds,,
two-pounds,,,[网络] 两磅；重量不足两磅；英镑,,,,,0,0,0:two-pound/1:s,,
two-pressure equalizing system,,,二压力机构,,,,,0,0,,,
two-pressure steam power cycle,,,压力蒸汽动力循环,,,,,0,0,,,
two-price,,,二重价格,,,,,0,0,,,
two-price advertising,,,[网络] 两价格广告,,,,,0,0,,,
two-price house,,,[经] 二价商店,,,,,0,0,,,
two-price system,,,[经] 二价制,,,,,0,0,,,
two-prism device,,,双棱镜仪,,,,,0,0,,,
two-probe arrangement,,,双探针装置,,,,,0,0,,,
two-probe measurement,,,二点探针法,,,,,0,0,,,
two-probe method,,,双探针法,,,,,0,0,,,
two-process washer,,,粗细分类洗煤机,,,,,0,0,,,
two-projector null method calibration,,,双发射器零值法校准,,,,,0,0,,,
two-prong,,,[网络] 双杈式；双叉审查,,,,,0,0,,,
two-prong claw hook,,,双叉爪钩,,,,,0,0,,,
two-pronged,'tu:prɔŋd,s having two prongs,"a. 双叉的, 二叉的；双尖的, 双支的；双管齐下的",j:100,,,,0,0,,,
two-pronged star,,,双叉星,,,,,0,0,,,
two-proton decay,,,双质子衰变,,,,,0,0,,,
two-proton radioactivity,,,双质子放射性,,,,,0,0,,,
two-pulse,,,双脉冲,,,,,0,0,,,
two-pulse canceler,,,[电] 两脉冲删除器,,,,,0,0,,,
two-pulse counting circuit,,,双脉冲计数电路,,,,,0,0,,,
two-pulse timer,,,脉冲定时装置，双脉冲定时器,,,,,0,0,,,
two-purpose overhead crane,,,[机] 二用桥式起重机,,,,,0,0,,,
two-puss assembler,,,二遍组译器,,,,,0,0,,,
two-putt,,,[网络] 二推击,,,,,0,0,,,
two-pyroxene andesite,,,两辉安山岩,,,,,0,0,,,
two-quadrant,,,[网络] 二象限；二象限的,,,,,0,0,,,
two-quadrant convertor,,,双象限变流器,,,,,0,0,,,
two-quadrant multipler,,,[电] 二象限倍增器,,,,,0,0,,,
two-quadrant multiplier,,,[电] 二象限乘法器,,,,,0,0,,,
two-quadrant operation,,,二象限运算,,,,,0,0,,,
two-quanta process,,,双量子过程,,,,,0,0,,,
two-quantum annihilation,,,"二量子消失, 双量子毁灭",,,,,0,0,,,
two-quantum transition,,,[化] 双量子跃迁,,,,,0,0,,,
two-qubit,,,[网络] 双量子比特,,,,,0,0,,,
two-race mill,,,双球程磨机,,,,,0,0,,,
two-rail code,,,双路码,,,,,0,0,,,
two-rail trolley,,,[机] 双轨吊运车,,,,,0,0,,,
two-ram hydraulic steering gear,,,双缸式液压操舵装置,,,,,0,0,,,
two-range,,,双距离,,,,,0,0,,,
two-range decca,,,双距离式台卡导航系统,,,,,0,0,,,
two-range winding,,,双排绕组;两平面绕组,,,,,0,0,,,
two-ranked,,,二列式的,,,,,0,0,,,
two-rate charge,,,两步充电,,,,,0,0,,,
two-rate meter,,,双额电表,,,,,0,0,,,
two-rate system,,,[物价] 两价制,,,,,0,0,,,
two-rate tariff,,,电费率,,,,,0,0,,,
two-rate two-part prepayment meter,,,双价率两部电度预付计,,,,,0,0,,,
two-rate well testing,,,两流量试井,,,,,0,0,,,
two-ratio gear,,,双速比变速装置,,,,,0,0,,,
two-ray interference,,,双光束干涉,,,,,0,0,,,
two-reaction method,,,反应[分析]法,,,,,0,0,,,
two-reaction theory,,,双反应论,,,,,0,0,,,
two-redundant code,,,[计] 二冗余码,,,,,0,0,,,
two-region,,,双区,,,,,0,0,,,
two-region reactor,,,双区堆,,,,,0,0,,,
two-resistance theory,,,双阻力理论,,,,,0,0,,,
two-resonance maser,,,双共振微波激射,,,,,0,0,,,
two-resonator klystorn,,,双腔速调管,,,,,0,0,,,
two-resonator klystron,,,双腔速调管,,,,,0,0,,,
two-resonator klystron amplifier,,,双腔速调管放大器,,,,,0,0,,,
two-revolution,,,二回转印刷机,,,,,0,0,,,
two-revolution printing machine,,,[印刷] 二回转印刷机,,,,,0,0,,,
two-revolution printing press,,,[网络] 二回转印刷机,,,,,0,0,,,
two-ribbon flare,,,双带耀斑,,,,,0,0,,,
two-ring,,,[网络] 轮子两个,,,,,0,0,s:two-rings,,
two-ring storage system,,,双环存储装置,,,,,0,0,,,
two-rings,,,[网络] 两个环；两个戒指图片,,,,,0,0,0:two-ring/1:s,,
two-rod piston,,,双活塞杆的活塞,,,,,0,0,,,
two-roll,,,[网络] 双辊；双滚轮混链机,,,,,0,0,s:two-rolls,,
two-roll crusher,,,双滚轴破碎机,,,,,0,0,,,
two-roll grizzly,,,双辊轴筛,,,,,0,0,,,
two-roll piercer,,,二辊穿孔机,,,,,0,0,,,
two-roll screen,,,双辊筛,,,,,0,0,,,
two-roll squeezer,,,[纺] 双辊轧车,,,,,0,0,,,
two-roller temple,,,双辊撑边器,,,,,0,0,,,
two-rolls,,,[网络] 双辊；双滚轮混链机\n(two-roll 的复数),,,,,0,0,0:two-roll/1:s,,
two-room,,,[网络] 两个房间；两间房子；套房,j:100,,,,0,0,s:two-rooms,,
two-room camera,,,明室暗室制版照相机,,,,,0,0,,,
two-rooms,,,[网络] 两个房间；二房；两间房,,,,,0,0,0:two-room/1:s,,
two-rope grab hoist,,,双绳抓斗绞车,,,,,0,0,,,
two-row,'tu:r'aʊ,, 双排的,,,,,0,0,s:two-rows,,
two-row ball bearing,,,双列球轴承,,,,,0,0,,,
two-row check row planter,,,双行方形穴播机,,,,,0,0,,,
two-row cotton picker,,,双行摘棉机,,,,,0,0,,,
two-row disk,,,[网络] 双排涡轮盘,,,,,0,0,,,
two-row elevator-digger,,,双行挖掘升运器,,,,,0,0,,,
two-row impulse wheel,,,双排冲动叶轮,,,,,0,0,,,
two-row machine,,,双行作业机具,,,,,0,0,,,
two-row method,,,双排炮孔爆破法,,,,,0,0,,,
two-row planter,,,双行种植器,,,,,0,0,,,
two-row potato digger,,,双行马铃薯挖掘机,,,,,0,0,,,
two-row potato planter,,,双行马铃薯栽植机,,,,,0,0,,,
two-row radial engine,,,双排星型发动机,,,,,0,0,,,
two-row ridge drill,,,双行垄播机,,,,,0,0,,,
two-row transplanter,,,双行播秧机,,,,,0,0,,,
two-row velocity-stage,,,列速度级,,,,,0,0,,,
two-rowed barley,,,二棱大麦,,,,,0,0,,,
two-rows,,,[网络] 双条车,,,,,0,0,0:two-row/1:s,,
two-run,,,[网络] 二轮投票,j:93/n:7,,,,0,0,s:two-runs,,
two-runner type,,,双轮式,,,,,0,0,,,
two-runs,,,[网络] 二轮投票\n(two-run 的复数),,,,,0,0,0:two-run/1:s,,
two-runway field,,,双跑道机场,,,,,0,0,,,
two-sample,,,[网络] 二组样本,,,,,0,0,,,
two-sample analysis,,,二样本分析,,,,,0,0,,,
two-sample experiments,,,二样本实验,,,,,0,0,,,
two-sample location family,,,二样本位置族群,,,,,0,0,,,
two-sample method,,,[数] 二样本方法,,,,,0,0,,,
two-sample problem,,,二样本问题,,,,,0,0,,,
two-sample test,,,双样本检验,,,,,0,0,,,
two-sashed window,,,双扇窗,,,,,0,0,,,
two-scale,,,n. 二进制数,,,,,0,0,,,
two-scale frequency meter,,,双刻度周波计,,,,,0,0,,,
two-scale method,,,双标度法;双刻度法,,,,,0,0,,,
two-scale notation,,,二进制记数法,,,,,0,0,,,
two-scale relation,,,[网络] 双尺度关系,,,,,0,0,,,
two-screed finishing machine,,,双样板修整机,,,,,0,0,,,
two-screw oil pump,,,双螺桨油泵,,,,,0,0,,,
two-screw pump,,,双螺杆泵,,,,,0,0,,,
two-seam,,,[网络] 二缝线；二缝线快速球,,,,,0,0,,,
two-seam fastball,,,[网络] 二缝线快速球；二缝线直球；二逢线直球,,,,,0,0,,,
two-seam fastballs,,,[网络] 双缝快球,,,,,0,0,,,
two-seamer,,,[网络] 二缝线；二缝线直球,,,,,0,0,,,
two-season,,,[网络] 双季酒店；季节渡假村；两个季节,,,,,0,0,s:two-seasons,,
two-seasons,,,[网络] 两个季节；两个季节的交汇；两个赛季,,,,,0,0,0:two-season/1:s,,
two-seat,'tu:s'i:t,, 双座的,j:100,,,,0,0,s:two-seats,,
two-seat airplane,,,[网络] 双座飞机,,,,,0,0,,,
two-seat cabin,,,双座舱,,,,,0,0,,,
two-seat glider,,,双座滑翔机,,,,,0,0,,,
two-seat trainer,,,双座教练机,,,,,0,0,,,
two-seat version,,,双座型,,,,,0,0,,,
two-seated,,,双座的,,,,,0,0,,,
two-seated version,,,双座型,,,,,0,0,,,
two-seater,ˈtu:ˈsi:tə,n. an open automobile having a front seat and a rumble seat, 双座汽车,j:29/n:71,,,,0,0,s:two-seaters,,
two-seater aircraft,,,双座飞机,,,,,0,0,,,
two-seater airplane,,,双座飞机,,,,,0,0,,,
two-seater boat,,,双座艇,,,,,0,0,,,
two-seater fighter,,,双座战斗机,,,,,0,0,,,
two-seater monoplane,,,双座单翼机,,,,,0,0,,,
two-seaters,,plural of two-seater,(two-seater 的复数)  双座汽车,,,,,0,0,0:two-seater/1:s,,
two-seats,,,[网络] 两座；我需要用两个座位；双座位,,,,,0,0,0:two-seat/1:s,,
two-second,,,[网络] 两秒钟,m:100,,,,0,0,,,
two-second rule,,,[网络] 两秒钟原则；秒钟的驾驶距离；两秒时间的驾驶距离,,,,,0,0,,,
two-section,'tu:s'ekʃn,, 双节,,,,,0,0,s:two-sections,,
two-section carbonizing dryer,,,二段式碳化干燥机,,,,,0,0,,,
two-section choke,,,双节抗流圈,,,,,0,0,,,
two-section choke coil,,,双节扼流圈,,,,,0,0,,,
two-section coil,,,节线圈,,,,,0,0,,,
two-section filter,,,双节滤波器,,,,,0,0,,,
two-section income statement,,,[经] 两部式收益表,,,,,0,0,,,
two-section method,,,双段法,,,,,0,0,,,
two-sections,,,[网络] 二节,,,,,0,0,0:two-section/1:s,,
two-sector,,,[网络] 部门；政府部门,,,,,0,0,,,
two-sector economy,,,[经] 两部门经济,,,,,0,0,,,
two-sector growth model,,,两个部门增长模型,,,,,0,0,,,
two-segment method,,,两截法,,,,,0,0,,,
two-semester,tu: siˈmestə,,adj. 双学期的,j:100,,,,0,0,,,
two-shaft free power turbine engine,,,双轴自由燃气轮机,,,,,0,0,,,
two-shaft gas turbine,,,轴燃气轮机,,,,,0,0,,,
two-shaft turbine,,,轴汽轮机,,,,,0,0,,,
two-share plough,,,[网络] 双铧犁,,,,,0,0,,,
two-sheave block,,,双轮滑车,,,,,0,0,,,
two-sheet detector,,,[网络] 双纸探测器,,,,,0,0,,,
two-sheet mineral,,,双层结构矿物,,,,,0,0,,,
two-sheeted covering,,,双叶覆盖,,,,,0,0,,,
two-sheeted function,,,[数] 双叶函数,,,,,0,0,,,
two-shell lithiumbromide absorption refrigerating machine,,,[制冷] 双筒型溴化锂吸收式制冷机,,,,,0,0,,,
two-shell lithiumbromide-absorption refrigerating machine,,,双壳溴化锂吸收式冷冻机,,,,,0,0,,,
two-shelled complex salt,,,二层错盐,,,,,0,0,,,
two-shift,,,两班制,,,,,0,0,,,
two-shift cycling operation,,,两班制运行,,,,,0,0,,,
two-shift operation,,,两班制运行,,,,,0,0,,,
two-shift system,,,[劳经] 两班制,,,,,0,0,,,
two-ship element,,,双机组,,,,,0,0,,,
two-ship flight,,,双机飞行,,,,,0,0,,,
two-shipper,,,双机,,,,,0,0,,,
two-shoe,,,[网络] 鞋子,,,,,0,0,s:two-shoes,,
two-shoe brake,,,双瓦制动器,,,,,0,0,,,
two-shoes,,,[网络] 两只鞋；两个鞋,,,,,0,0,0:two-shoe/1:s,,
two-shot,'tu:ʃɔt,,n. 双人特写镜头,j:61/n:39,,,,0,0,s:two-shots,,
two-shot grouting,,,双液灌浆,,,,,0,0,,,
two-shots,,,[网络] 双人特写镜头；两人镜头；双人镜头,,,,,0,0,0:two-shot/1:s,,
two-shuttle plush,,,双梭长毛绒,,,,,0,0,,,
two-side,,,n. 双面\n[网络] 双边检验,,,,,0,0,,,
two-side arm bridge,,,二侧臂染色体桥,,,,,0,0,,,
two-side dressing,,,双面修整,,,,,0,0,,,
two-side needled,,,双面针刺,,,,,0,0,,,
two-side phosphor,,,双面荧光粉,,,,,0,0,,,
two-side plough tripper,,,双侧犁式卸料器,,,,,0,0,,,
two-side receiving coil,,,双边接收线圈;双滑动臂调谐线圈,,,,,0,0,,,
two-side sequence,,,[数] 双边序列,,,,,0,0,,,
two-side surface planer,,,[木] 双面刨,,,,,0,0,,,
two-side test,,,双侧检定；双侧验证,,,,,0,0,,,
two-side welding,,,双面銲法,,,,,0,0,,,
two-sided,'tu:'saidid,a capable of being reversed or used with either side out\ns having two sides or parts,"a. 有两面的, 双边的, 两重性的",j:100,,,,0,0,s:two-sideds,,
two-sided accounts,,,双栏账户,,,,,0,0,,,
two-sided alternative,,,双边替换,,,,,0,0,,,
two-sided auction,,,"{频率指配机制}双边拍卖, 双边拍卖",,,,,0,0,,,
two-sided condition,,,[数] 双侧条件,,,,,0,0,,,
two-sided cutting,,,双面掏槽,,,,,0,0,,,
two-sided decomposition,,,[数] 双侧分解,,,,,0,0,,,
two-sided derivative,,,[数] 双侧导数,,,,,0,0,,,
two-sided diskette,,,[计] 双面软磁盘,,,,,0,0,,,
two-sided double-density diskette,,,双面双密度软磁盘,,,,,0,0,,,
two-sided effect,,,正反面效果；阴阳面效应,,,,,0,0,,,
two-sided exponential,,,双侧指数,,,,,0,0,,,
two-sided exponential distribution,,,双侧指数分布,,,,,0,0,,,
two-sided flexible disk,,,双面软盘,,,,,0,0,,,
two-sided generator,,,双边生成元,,,,,0,0,,,
two-sided goods,,,双边货物,,,,,0,0,,,
two-sided ideal,,,双边理想,,,,,0,0,,,
two-sided identity,,,双边单位元,,,,,0,0,,,
two-sided interval estimation,,,两端区间估计,,,,,0,0,,,
two-sided invariant linear functional,,,[数] 双不变线性泛函,,,,,0,0,,,
two-sided invariant linear functionals,,,双不变线性泛函,,,,,0,0,,,
two-sided invariant mean,,,双不变平均,,,,,0,0,,,
two-sided invariant pseudometric,,,双不变伪度量,,,,,0,0,,,
two-sided inverse,,,双边逆元,,,,,0,0,,,
two-sided knit goods,,,双面针织物,,,,,0,0,,,
two-sided Laplace transform,,,双边拉普拉斯变换,,,,,0,0,,,
two-sided lapping,,,双面研磨,,,,,0,0,,,
two-sided manifold,,,双边流形,,,,,0,0,,,
two-sided market,,,两边市场，(买方报价和卖方报价互不相让的)双边市场，相持市场,,,,,0,0,,,
two-sided message,,,两面并陈的讯息,,,,,0,0,,,
two-sided module,,,双边模,,,,,0,0,,,
two-sided mosaic,,,面嵌镶,,,,,0,0,,,
two-sided mosaic pickup tube,,,双面靶摄像管;双面嵌镶靶摄像管,,,,,0,0,,,
two-sided noise bandwidth,,,[电子] 噪声双边带宽,,,,,0,0,,,
two-sided operator,,,双边算子,,,,,0,0,,,
two-sided order,,, 两边客买卖盘,,,,,0,0,,,
two-sided phosphor screen,,,双面荧光屏,,,,,0,0,,,
two-sided prevention,,,双面预防,,,,,0,0,,,
two-sided printed circuit board,,,双面印制板,,,,,0,0,,,
two-sided printing,,,双面列印,,,,,0,0,,,
two-sided regular representation,,,双侧正则表示,,,,,0,0,,,
two-sided reinforced concrete cover plate,,,面钢筋混凝土盖板,,,,,0,0,,,
two-sided ring,,,[数] 双边环,,,,,0,0,,,
two-sided sampling plans,,,双限抽样检验方案,,,,,0,0,,,
two-sided search,,,两侧搜索,,,,,0,0,,,
two-sided sequence,,,双边序列,,,,,0,0,,,
two-sided sequences,,,双边序列,,,,,0,0,,,
two-sided single density diskette,,,双面单密度磁片,,,,,0,0,,,
two-sided single-density diskette,,,双面单密度软磁盘,,,,,0,0,,,
two-sided specification,,,双边规格,,,,,0,0,,,
two-sided spectral density,,,双侧谱密度,,,,,0,0,,,
two-sided surface,,,双侧曲面,,,,,0,0,,,
two-sided system,,,[计] 双侧系统,,,,,0,0,,,
two-sided target,,,双面靶,,,,,0,0,,,
two-sided test,,,双侧检验,,,,,0,0,,,
two-sided trading,,,又买又卖,,,,,0,0,,,
two-sided truncation,,,双边截略,,,,,0,0,,,
two-sided vector space,,,双侧向量空间,,,,,0,0,,,
two-sided wedge-shaped brick,,,两侧楔形砖,,,,,0,0,,,
two-sided z transform,,,二侧Z变换,,,,,0,0,,,
two-sided Z-transform,,,双边Z变换,,,,,0,0,,,
two-sided zero,,,双边零,,,,,0,0,,,
two-sidedness,,,两边性；两面性,,,,,0,0,,,
two-sideds,'tu:'saidid,,two-sided\n['tu:'saidid]\nadj.\n两边的，双边的\n两方面的\n两面派的，表里不一的\n有两重性的；有争议的\n【生物学】左右相称的,,,,,0,0,0:two-sided/1:s,,
two-sigma limits,,,二标准差界限,,,,,0,0,,,
two-signal method,,,[通信] 双信号法,,,,,0,0,,,
two-signal selectivity,,,[通信] 双信号选择性,,,,,0,0,,,
two-signal test method,,,双信号测试法,,,,,0,0,,,
two-signs,,,[网络] 金币没有在这里,,,,,0,0,,,
two-site,,,双位的,,,,,0,0,,,
two-site immunoradiometric assay,,,双位免疫放射测定法,,,,,0,0,,,
two-site IRMA,,,双位免疫放射测定法,,,,,0,0,,,
two-skid undercarriage,,,[航] 双滑行具起落架,,,,,0,0,,,
two-slag practice,,,双渣熔炼,,,,,0,0,,,
two-sliding body copying tool post,,,[机] 双滑体仿形刀架,,,,,0,0,,,
two-slit diffraction,,,双缝衍射,,,,,0,0,,,
two-slit interference,,,双缝干涉,,,,,0,0,,,
two-slit interferometer,,,双缝干涉仪,,,,,0,0,,,
two-sloe,,,双层外底,,,,,0,0,,,
two-slot,,,[网络] 双时隙；双插槽,,,,,0,0,s:two-slots,,
two-slots,,,[网络] 双时隙；双插槽\n(two-slot 的复数),,,,,0,0,0:two-slot/1:s,,
two-socket,,,[网络] 双插槽；双路平台,,,,,0,0,s:two-sockets,,
two-sockets,,,[网络] 双插槽；双路平台\n(two-socket 的复数),,,,,0,0,0:two-socket/1:s,,
two-solution developer,,,双液显影,,,,,0,0,,,
two-solution fixation,,,双槽定影,,,,,0,0,,,
two-solvent process,,,双溶剂过程,,,,,0,0,,,
two-some,,,[网络] 兼用型超甜玉米新品种双喜,,,,,0,0,,,
two-source,,,[网络] 双源,,,,,0,0,,,
two-source dead time determination,,,双源静寂时间测定法,,,,,0,0,,,
two-source frequency keying,,,[电] 二源频率按键,,,,,0,0,,,
two-space fluid coupling,,,双腔液力偶合器,,,,,0,0,,,
two-spar structure,,,双晶结构,,,,,0,0,,,
two-spar wing,,,[航] 双梁（机）翼,,,,,0,0,,,
two-spark distributor,,,双火花塞分电器,,,,,0,0,,,
two-species,,,[网络] 两种,,,,,0,0,,,
two-spectra binary,,,双谱分光双星,,,,,0,0,,,
two-spectrum binary,,,双谱分光双星,,,,,0,0,,,
two-speed,'tu:spi:d,,a. 双速的,j:100,,,,0,0,s:two-speeds,,
two-speed AC electric drive,,,[机] 双速交流电力拖动,,,,,0,0,,,
two-speed adapter lever,,,双速接头杆,,,,,0,0,,,
two-speed alternating current control,,,[网络] 双速交流控制,,,,,0,0,,,
two-speed axle,ˈtu:spi:d ˈæksəl,, 双速车轿,,,,,0,0,,,
two-speed clutch,,,双速离合器,,,,,0,0,,,
two-speed controller,,,[自] 双速控制器,,,,,0,0,,,
two-speed driving side roller conveyor,,,[机] 双速辊筒运输机,,,,,0,0,,,
two-speed feed,,,双速供料,,,,,0,0,,,
two-speed final drive,,,双速最后驱动,,,,,0,0,,,
two-speed final gear,,,双速主减速齿轮,,,,,0,0,,,
two-speed gear,,,"[机] 二速齿轮, 二段变速装置",,,,,0,0,,,
two-speed gearbox,,,双速减速机,,,,,0,0,,,
two-speed hysteresis synchronous motor,,,双速磁滞同步电 动机,,,,,0,0,,,
two-speed motor,,,双速电动机,,,,,0,0,,,
two-speed overhead countershaft,,,双速天轴,,,,,0,0,,,
two-speed pump,,,[化] 两级泵,,,,,0,0,,,
two-speed resolver,,,[电子] 双通道旋转变压器,,,,,0,0,,,
two-speed reversing gear,,,双速齿轮逆转装置,,,,,0,0,,,
two-speed type,,,双速式,,,,,0,0,,,
two-speed valve,,,双速阀,,,,,0,0,,,
two-speeds,'tu:spi:d,,two-speed\n['tu:spi:d]\nadj.\n【机械工程】双速的，二速的,,,,,0,0,0:two-speed/1:s,,
two-sphere,,,二维球,,,,,0,0,,,
two-spindle borer,,,双轴镗床,,,,,0,0,,,
two-spindle multiple rip saw,,,[木] 双轴多锯片剖料锯,,,,,0,0,,,
two-spindle system,,,[网络] 双主轴系统,,,,,0,0,,,
two-spirit,,,[网络] 双灵；双重精神；双重灵魂,,,,,0,0,,,
two-spirited,,,[网络] 双重灵魂者,,,,,0,0,,,
two-spirits,,,[网络] 双灵,,,,,0,0,,,
two-split head,,,双隙头,,,,,0,0,,,
two-spool,,,双转子的,,,,,0,0,,,
two-spool compressor,,,双轴压气机;双转子压气机,,,,,0,0,,,
two-spool engine,,,双转子发动机;双路式发动机,,,,,0,0,,,
two-spool gas generator,,,双转子燃气发生机,,,,,0,0,,,
two-spool gas turbine,,,双路式燃气轮机,,,,,0,0,,,
two-sport,,,[网络] 双斑型,j:100,,,,0,0,,,
two-sport valve,,,二通阀,,,,,0,0,,,
two-spot,'tu:spɔt,,"n. 两点的牌, 两点",,,,,0,0,,,
two-spotted,'tu:spɔt,,n.\n2点的骰子(或纸牌)，(骰子或纸牌的)2点\n[口语]2元钞票,,,,,0,0,,,
two-spotted ladybug,,,[网络] 红瓢虫,,,,,0,0,s:two-spotted ladybugs,,
two-spotted ladybugs,,,[网络] 红瓢虫\n(two-spotted ladybug 的复数),,,,,0,0,0:two-spotted ladybug/1:s,,
two-spotted mite,,,un. 棉红蜘蛛\n[网络] 二点红蜘蛛,,,,,0,0,,,
two-spotted spider mite,,,棉红蜘蛛,,,,,0,0,,,
two-spout oil can,,,双口油桶,,,,,0,0,,,
two-spring fuel injector,,,双弹簧喷油器,,,,,0,0,,,
two-spring injector,,,双弹簧喷射器,,,,,0,0,,,
two-spring non-reactive suspension,,, 双弹簧双后轴悬架,,,,,0,0,,,
two-spring peg,,,双弹簧梭芯,,,,,0,0,,,
two-squared,,,[网络] 平方,,,,,0,0,,,
two-stable position,,,双稳定状态;双稳位置,,,,,0,0,,,
two-stack machine,,,双栈机,,,,,0,0,,,
two-stacked array,,,双层天线阵,,,,,0,0,,,
two-stage,'tu:st'eɪdʒ,, 二阶段，两级,j:100,,,,0,0,s:two-stages,,
two-stage absorption,,,二段式吸收,,,,,0,0,,,
two-stage acceleration,,,[天] 双阶段加速,,,,,0,0,,,
two-stage aeration tank,,,[化] 两级曝气池,,,,,0,0,,,
two-stage agitation,,,两段搅拌,,,,,0,0,,,
two-stage air compressor,,,[机] 两级空气压缩机,,,,,0,0,,,
two-stage Aitken estimation method,,,两阶段艾特肯估计法,,,,,0,0,,,
two-stage Aitken estimator,,,两阶段艾特肯估计量,,,,,0,0,,,
two-stage ammonia-water absorption refrigerating machine,,,双级氨水吸收式冷冻机,,,,,0,0,,,
two-stage amplifier,tu stedʒ ˈæmpləˌfaɪɚ,, [医]两级放大器,,,,,0,0,,,
two-stage annealing,,,[机] 雨段退火,,,,,0,0,,,
two-stage bidding,,,[经] 两段招标,,,,,0,0,,,
two-stage blow mo(u)lding,,,二段吹塑,,,,,0,0,,,
two-stage by-pass system,,,二级旁路系统,,,,,0,0,,,
two-stage capturing method,,,双阶捕捉法,,,,,0,0,,,
two-stage carbonization,,,二段干馏；二段碳化,,,,,0,0,,,
two-stage carburetor,,,二级汽化器,,,,,0,0,,,
two-stage cascade generator,,,双级级联起电机,,,,,0,0,,,
two-stage cascade system,,,二段串级系统,,,,,0,0,,,
two-stage cementing,,,双级注水泥,,,,,0,0,,,
two-stage centrifugal pump,,,[化] 两级离心泵,,,,,0,0,,,
two-stage combustion,,,两级燃烧,,,,,0,0,,,
two-stage compression,,,双级压缩,,,,,0,0,,,
two-stage compression freezing,,,二段压缩冷冻,,,,,0,0,,,
two-stage compression pump,,,二级压缩泵,,,,,0,0,,,
two-stage compression refrigerating machine,,,二段压缩冷冻机,,,,,0,0,,,
two-stage compression refrigeration system,,,[制冷] 双级压缩制冷系统,,,,,0,0,,,
two-stage compressor,,,两级压缩机;二级压气机,,,,,0,0,,,
two-stage control,,,双级控制,,,,,0,0,,,
two-stage controller,,,两级调节器,,,,,0,0,,,
two-stage converter,,,双级液力变距器,,,,,0,0,,,
two-stage cooler,,,二级式冷却器,,,,,0,0,,,
two-stage countercurrent elutriation,,,二段对流清洗法,,,,,0,0,,,
two-stage cracker,,,段裂化反应器,,,,,0,0,,,
two-stage crusher,,,两段破碎机,,,,,0,0,,,
two-stage crushing,,,[矿业] 二段破碎,,,,,0,0,,,
two-stage curing,,,两级养护,,,,,0,0,,,
two-stage defrosting,,,二段解冻,,,,,0,0,,,
two-stage demineralization,,,级除盐,,,,,0,0,,,
two-stage design,,,两阶段设计,,,,,0,0,,,
two-stage desulfurization,,,[化] 两段脱硫,,,,,0,0,,,
two-stage diffusion,,,两级扩散，两次扩散,,,,,0,0,,,
two-stage digester,,,[化] 两级消化器,,,,,0,0,,,
two-stage digestion,,,二段消化,,,,,0,0,,,
two-stage distillation,,,二阶蒸馏,,,,,0,0,,,
two-stage drying,,,[农] 两次烘干法,,,,,0,0,,,
two-stage ejector,,,[化] 两级喷射器,,,,,0,0,,,
two-stage electron image converter,,,二级电子变像管,,,,,0,0,,,
two-stage electrostatic image intensifier,,,二级静电像增强器,,,,,0,0,,,
two-stage estimate,,,两步估计,,,,,0,0,,,
two-stage estimation,,,两段估计,,,,,0,0,,,
two-stage experiment,,,两阶段实验,,,,,0,0,,,
two-stage filter,,,[化] 两级过滤器,,,,,0,0,,,
two-stage filtration,,,二段过泸,,,,,0,0,,,
two-stage firing,,,二阶段烧成法,,,,,0,0,,,
two-stage gas turbine,,,双级式燃气轮机,,,,,0,0,,,
two-stage gasifier,,,两段气化炉,,,,,0,0,,,
two-stage grinding system,,,二级粉磨系统,,,,,0,0,,,
two-stage harmonic gear drive,,,[机] 双极谐波齿轮传动,,,,,0,0,,,
two-stage hoisting,,,二级提升,,,,,0,0,,,
two-stage holdback device,,,两级锁定机构,,,,,0,0,,,
two-stage homogenizer,,,"二段[式]均质机, 二段式均质机",,,,,0,0,,,
two-stage hydrocracking,,,[化] 两段加氢裂化,,,,,0,0,,,
two-stage ignition,,,二级点火,,,,,0,0,,,
two-stage ignitor,,,二级点火器,,,,,0,0,,,
two-stage image intensifier,,,二级像增强器,,,,,0,0,,,
two-stage injector,,,复合喷嘴,,,,,0,0,,,
two-stage intestine transplantation,,,二期小肠移植,,,,,0,0,,,
two-stage ionic exchange,,,级离子交换,,,,,0,0,,,
two-stage joint,,,双重防水节点,,,,,0,0,,,
two-stage least square method,,,[数] 二级最小二乘法,,,,,0,0,,,
two-stage least squares,,,两段最小平方法,,,,,0,0,,,
two-stage least squares (2sls),,,二阶（段）最小平方（法）,,,,,0,0,,,
two-stage least squares (2sls) estimator,,,二阶最小平方法估计量,,,,,0,0,,,
two-stage least squares estimator,,,两段最小平方估计量,,,,,0,0,,,
two-stage least squares residuals,,,两段最小平方剩余残差,,,,,0,0,,,
two-stage lift,,,两级提升器,,,,,0,0,,,
two-stage light gas gun,,,二级轻气炮,,,,,0,0,,,
two-stage liquifaction,,,[化] 两段液化,,,,,0,0,,,
two-stage lithiumbromide absorption refrigerating machine,,,[制冷] 两级溴化锂吸收式制冷机,,,,,0,0,,,
two-stage lithiumbromide-absorption refrigerating machine,,,二级溴化锂吸收式冷冻机,,,,,0,0,,,
two-stage lubricating oil filter,,,二级润滑油过泸器,,,,,0,0,,,
two-stage lubricating-oil filter,,,双级机油泸清器,,,,,0,0,,,
two-stage magnavolt,,,种两级式旋转放大机,,,,,0,0,,,
two-stage mass spectrometer,,,双级质谱计,,,,,0,0,,,
two-stage melting process,,,两段熔化法,,,,,0,0,,,
two-stage method,,,二段法,,,,,0,0,,,
two-stage microscope,,,双级显微镜,,,,,0,0,,,
two-stage missile,,,un. 两级导弹\n[网络] 多级导弹,,,,,0,0,,,
two-stage model of the attraction process,,,吸引力（历程）的两阶段模式,,,,,0,0,,,
two-stage nitration,,,二段硝化[法],,,,,0,0,,,
two-stage operation,,,[医] 二期手术,,,,,0,0,,,
two-stage pilot valve,,,二阶导引阀,,,,,0,0,,,
two-stage plasticator,,,双级塑炼机,,,,,0,0,,,
two-stage pneumatic-conveyor dryer,,,[化] 两段气流输送干燥器; 两级气流输送干燥器,,,,,0,0,,,
two-stage policy,,,两阶段策略,,,,,0,0,,,
two-stage polymerization,,,两步聚合,,,,,0,0,,,
two-stage prediction method,,,两阶段预测法,,,,,0,0,,,
two-stage preheating circuit,,,级预热系统,,,,,0,0,,,
two-stage preselector control,,,级预选控制，两步预选控制,,,,,0,0,,,
two-stage pressure-gas burner,,,两级压力气体燃烧器,,,,,0,0,,,
two-stage pretest estimator,,,两段预先检验估计量,,,,,0,0,,,
two-stage principal component method,,,两段主分量法,,,,,0,0,,,
two-stage process,,,两阶段程序,,,,,0,0,,,
two-stage producer,,,[化] 两段发生炉,,,,,0,0,,,
two-stage pump,,,[化] 两级泵,,,,,0,0,,,
two-stage quenching,,,二段淬火,,,,,0,0,,,
two-stage random sampling,,,二段随机抽样,,,,,0,0,,,
two-stage reciprocating compressor,,,级往复式压缩机,,,,,0,0,,,
two-stage reforming,,,[化] 两段重整,,,,,0,0,,,
two-stage regression method,,,两段回归法,,,,,0,0,,,
two-stage regulator,,,双级调节器,,,,,0,0,,,
two-stage relay,,,级继电器，两阶段继电器,,,,,0,0,,,
two-stage rocket,,,【航天工程技术】两级火箭,,,,,0,0,,,
two-stage rotary air compressor,,,二级旋转式空气压缩机,,,,,0,0,,,
two-stage sample,,,二段样本,,,,,0,0,,,
two-stage sampling,,,二层抽样;二级抽样;二重抽样;两级抽样,,,,,0,0,,,
two-stage sampling unit,,,二段抽样单位,,,,,0,0,,,
two-stage seal,,,双重嵌封,,,,,0,0,,,
two-stage servo,,,级伺服系统，两级随动系统,,,,,0,0,,,
two-stage servosystem,,,[自] 两级伺服系统,,,,,0,0,,,
two-stage sodium exchange,,,级钠离子交换,,,,,0,0,,,
two-stage stationary air compressor,,,二级固定式空气压缩机,,,,,0,0,,,
two-stage supercharged diesel engine,,,两级增压柴油机,,,,,0,0,,,
two-stage supercharger,,,二级增压器,,,,,0,0,,,
two-stage supercharging,,,双阶过载,,,,,0,0,,,
two-stage superheater,,,二级过热器,,,,,0,0,,,
two-stage torque converter,,,二级扭矩变换器,,,,,0,0,,,
two-stage transformer,,,两级变压器,,,,,0,0,,,
two-stage tube,,,双级管,,,,,0,0,,,
two-stage turbocharger,,,二级涡轮增压器,,,,,0,0,,,
two-stage turbocharging,,,双级涡轮增压,,,,,0,0,,,
two-stage twisting,,,两阶段加捻,,,,,0,0,,,
two-stage type filter,,,双层式滤尘器,,,,,0,0,,,
two-stage valve,,,两级阀,,,,,0,0,,,
two-stager,,, 二阶段，两级\n(two-stage 的比较级),,,,,0,0,,,
two-stages,,,两大阶段,,,,,0,0,0:two-stage/1:s,,
two-stagest,,, 二阶段，两级\n(two-stage 的最高级),,,,,0,0,,,
two-standard-deviation,tu ˈstændəd ˌdiviˈeʃən,,n. 二次标准离差,,,,,0,0,,,
two-star,,,"a. (美军)二星级的, 中等的",,,,,0,0,s:two-stars,,
two-star brandy,,,双星白兰地,,,,,0,0,,,
two-star hotel,,,[网络] 二星级饭店；二星级酒店,,,,,0,0,,,
two-star inertial guidance,,,双星座天文惯性导航,,,,,0,0,,,
two-star refrigerator,,,[制冷] 二星级冰箱,,,,,0,0,,,
two-star stellar inertial guidance system,,,双星天文惯性制导系统,,,,,0,0,,,
two-stars,'tu:stɑ:,,two-star\n['tu:stɑ:]\nadj.\n(饭店等)二星级的；中上流的\n[美国英语]二星(少将级)的,,,,,0,0,0:two-star/1:s,,
two-start,,,[网络] 二开始,,,,,0,0,,,
two-start screw,,,双头螺纹,,,,,0,0,,,
two-state,'tu:st'eɪt,, 双态，双稳,j:100,,,,0,0,s:two-states,,
two-state cascade process,,,双态串级过程,,,,,0,0,,,
two-state character,,,二态性状,,,,,0,0,,,
two-state circuit,,,双态电路,,,,,0,0,,,
two-state control,,,双态控制,,,,,0,0,,,
two-state device,,,双态装置,,,,,0,0,,,
two-state fault tree,,,[自] 二状态故障树,,,,,0,0,,,
two-state memory cell,,,双态存储元件;双稳态存储元件,,,,,0,0,,,
two-state picutre,,,二态图,,,,,0,0,,,
two-state process,,,双态过程,,,,,0,0,,,
two-state system,,,双态系统,,,,,0,0,,,
two-state turing machine,,,[电] 双态杜林机,,,,,0,0,,,
two-state variable,,,[计] 二态变量,,,,,0,0,,,
two-stater,,, 双态，双稳\n(two-state 的比较级),,,,,0,0,,,
two-states,'tu:steit,,two-state\n['tu:steit]\nadj.\n双态的,,,,,0,0,0:two-state/1:s,,
two-statest,,, 双态，双稳\n(two-state 的最高级),,,,,0,0,,,
two-station molding machine,,,双工位造型机,,,,,0,0,,,
two-station side broaching machine,,,[机] 双工位侧拉床,,,,,0,0,,,
two-station sole press,,,双位外底压合机,,,,,0,0,,,
two-stator induction machine,,,双定子感应电机,,,,,0,0,,,
two-stator-rotor motor,,,双定转子电动机,,,,,0,0,,,
two-step,,n. a ballroom dance in duple meter; marked by sliding steps\nv. dance the two-step,"n. 两步舞, 二步舞曲",j:58/n:42,,,,0,0,s:two-steps,,
two-step action,,,双位控制动作,,,,,0,0,,,
two-step action control,,,[自] 两位作用控制,,,,,0,0,,,
two-step action controller,,,[自] 两位作用控制器,,,,,0,0,,,
two-step action with overlap,,,[自] 有重叠区的两位作用,,,,,0,0,,,
two-step authentication,,,[网络] 两步骤验证；双重验证,,,,,0,0,,,
two-step charge,,,两步充电,,,,,0,0,,,
two-step cold storage,,,二段式冷藏[库],,,,,0,0,,,
two-step control,,,级控制,,,,,0,0,,,
two-step controller,,,两位控制器,,,,,0,0,,,
two-step controller with overlap,,,[自] 有重叠区的两位控制器,,,,,0,0,,,
two-step copper segregation process,,,二步离析炼铜法,,,,,0,0,,,
two-step cross beam,,,双步梁,,,,,0,0,,,
two-step decompression cycle,,,两级泄压循环,,,,,0,0,,,
two-step design,,,两阶段设计,,,,,0,0,,,
two-step die,,,两级冲裁模,,,,,0,0,,,
two-step egercise test,,,[医] 二阶运动试验(检冠心病),,,,,0,0,,,
two-step enlargement reduction,,,两段缩放,,,,,0,0,,,
two-step exercise test,,,二级梯运动测验;二阶运动试验;运动试验;阶梯试验,,,,,0,0,,,
two-step flow,,,两级流动,,,,,0,0,,,
two-step flow of communication,,,两级传播,,,,,0,0,,,
two-step flow of communication theory,,,两阶段沟通理论,,,,,0,0,,,
two-step flow theory,,,两级传播理论,,,,,0,0,,,
two-step flow theory of communication,,,二级传播理论,,,,,0,0,,,
two-step footstool,,,两级踏凳(台),,,,,0,0,,,
two-step freezing,,,二段冷冻,,,,,0,0,,,
two-step gas lift method,,,两步气举法,,,,,0,0,,,
two-step heat treatment,,,两阶段热处理,,,,,0,0,,,
two-step injection system,,,双级喷射系统,,,,,0,0,,,
two-step isomeric transition,,,"两步[骤]异构跃迁, 两阶异构物跃迁",,,,,0,0,,,
two-step microscopy,,,双级显微术,,,,,0,0,,,
Two-Step Mortgage,,,[网络] 两步式按揭；两步抵押贷款,,,,,0,0,,,
two-step neutral zone action,,,[计] 有中性区的两位作用,,,,,0,0,,,
two-step nozzle,,,双级喷管,,,,,0,0,,,
two-step photoionization,,,二级光电离,,,,,0,0,,,
two-step process,,,两步处理法,,,,,0,0,,,
two-step Raman scatter,,,二级喇曼散射;两级喇曼散射,,,,,0,0,,,
two-step read,,,[计] 两步读出,,,,,0,0,,,
two-step relay,,,两级动作继电器,,,,,0,0,,,
two-step rocket,,,= two-stage rocket,,,,,0,0,,,
two-step shedding,,,步减荷，两步卸载的,,,,,0,0,,,
two-step test,ˈtu:ˌstep test,, [医]二级梯试验,,,,,0,0,,,
two-step verification,,,[网络] 两步验证；两步验证登录；两步认证机制,,,,,0,0,,,
two-step-relay turntable,,,阶段继电器,,,,,0,0,,,
two-stepped,,,na. 二拍子圆舞(曲)；〈美俚〉小鸡\n[网络] 两步舞；两阶段；两步骤,,,,,0,0,,,
two-stepped annealing,,,二段退火,,,,,0,0,,,
two-stepped normalizing,,,[网络] 二级正火,,,,,0,0,,,
two-stepped quenching,,,un. 两段淬火,,,,,0,0,,,
two-stepped tenon,,,[木] 重榫,,,,,0,0,,,
two-stepping,,,na. 二拍子圆舞(曲)；〈美俚〉小鸡\n[网络] 两步舞；两阶段；两步骤,,,,,0,0,,,
two-steps,,plural of two-step\nn. a ballroom dance in duple meter; marked by sliding steps\nv. dance the two-step,"(two-step 的复数) n. 两步舞, 二步舞曲",,,,,0,0,0:two-step/1:s,,
two-stick operation,,,双杠杆操纵,,,,,0,0,,,
two-stick stow net,,,竖杆张网,,,,,0,0,,,
two-stick stownet,,,[水产] 双杆张网,,,,,0,0,,,
two-stick swing net,,,桁杆张网,,,,,0,0,,,
two-stick swingnet,,,[水产] 双杆张网,,,,,0,0,,,
two-sticker,'tu:'stikə,,n. [口语]双桅帆船,,,,,0,0,,,
two-storage temperatures refrigerator,,,[制冷] 双温冰箱,,,,,0,0,,,
two-storey,,,[网络] 两层屋；两层独立屋；双层住宅,,,,,0,0,s:two-storeys,,
two-storey face,,,[木] 双层割面,,,,,0,0,,,
two-storey faces,,,双层割面,,,,,0,0,,,
two-storey settling tank,,,双层沉淀池,,,,,0,0,,,
two-storeyed corridor,,,双层廊,,,,,0,0,,,
two-storeyed forest,,,两层林,,,,,0,0,,,
two-storeyed pavilion,,,阁,,,,,0,0,,,
two-storeys,,,[网络] 两层屋；两层独立屋；双层住宅\n(two-storey 的复数),,,,,0,0,0:two-storey/1:s,,
two-storied,,,n. 两层的\n[网络] 两层楼的；双层；二段林,,,,,0,0,,,
two-storied forest,,,二段乔林,,,,,0,0,,,
two-storied gallery,,,楼廊,,,,,0,0,,,
two-stories,,,[网络] 两个故事；两层；两则故事,,,,,0,0,0:two-story/1:s,,
two-story,tu: ˈstɔ:ri,, 两层的,j:100,,,,0,0,s:two-stories,,
two-story bent,,,两层排架;双层排架,,,,,0,0,,,
two-story cliff,,,双重崖,,,,,0,0,,,
two-story sedimentation tank,,,双层沉淀池,,,,,0,0,,,
two-story septic tank,,,双层化粪池,,,,,0,0,,,
two-story settling tank,,,双层沉淀槽,,,,,0,0,,,
two-story tank,,,双层水池,,,,,0,0,,,
two-story valley,,,谷中谷,,,,,0,0,,,
two-strand,,,[网络] 双股；双流,,,,,0,0,,,
two-strand anneal and pickle line,,,双线退火和酸洗作业线,,,,,0,0,,,
two-strand coil conveyer,,,带卷双路运输机,,,,,0,0,,,
two-strand line,,,双线加工作业线,,,,,0,0,,,
two-strand yarn,,,[纺] 双纺纱,,,,,0,0,,,
two-stranded helical structure,,,二股螺形结构,,,,,0,0,,,
