Salmoneaal marseilles,,,马赛沙门氏菌,,,,,0,0,,,
salmonelia grous,,,"[医] 沙门氏菌群, 副伤寒肠炎杆菌群",,,,,0,0,,,
salmonella,.sælmә'nelә,n. rod-shaped Gram-negative enterobacteria; cause typhoid fever and food poisoning; can be used as a bioweapon,n. 沙门氏菌\n[医] 沙门氏菌属,n:100,,,,21814,15866,s:salmonellas,,
Salmonella aberdeen,,,[医] 阿伯丁沙门氏菌,,,,,0,0,,,
Salmonella abony,,,[医] 阿博尼沙门氏菌,,,,,0,0,,,
Salmonella abortus bovis,,,[医] 牛流产沙门氏菌,,,,,0,0,,,
Salmonella abortus equi,,,[医] 马流产沙门氏菌,,,,,0,0,,,
Salmonella abortus ovis,,,[医] 羊流产沙门氏菌,,,,,0,0,,,
salmonella abortus-equi,,,马流产沙氏桿菌,,,,,0,0,,,
salmonella abortus-ovis,,,绵羊流产沙氏桿菌,,,,,0,0,,,
Salmonella adelaide,,,[医] 阿得雷德沙门氏菌,,,,,0,0,,,
Salmonella aertrycke,,,"[医] 艾特利克沙门氏菌, 鼠伤寒沙门氏菌",,,,,0,0,,,
Salmonella altendorf,,,[医] 阿尔顿道府沙门氏菌,,,,,0,0,,,
Salmonella amager,,,[医] 阿马加尔沙门氏菌,,,,,0,0,,,
Salmonella amersfort,,,[医] 阿麦斯福特沙门氏菌,,,,,0,0,,,
Salmonella amherstiana,,,[医] 安赫斯特沙门氏菌,,,,,0,0,,,
Salmonella ammoniae,,,[医] 产氨沙门氏菌,,,,,0,0,,,
Salmonella anatis,,,[医] 鸭沙门氏菌,,,,,0,0,,,
salmonella anatum,,,鸭败血病桿菌,,,,,0,0,,,
Salmonella arechavaleta,,,[医] 阿累卡法利他沙门氏菌,,,,,0,0,,,
Salmonella bareilly,,,[医] 巴雷利沙门氏菌,,,,,0,0,,,
Salmonella berlin,,,[医] 柏林沙门氏菌,,,,,0,0,,,
Salmonella berta,,,[医] 培塔沙门氏菌,,,,,0,0,,,
Salmonella bispebjerg,,,[医] 俾斯培堡沙门氏菌,,,,,0,0,,,
Salmonella blegdam,,,[医] 布雷丹沙门氏菌,,,,,0,0,,,
Salmonella borbeck,,,[医] 菩尔培克沙门氏菌,,,,,0,0,,,
Salmonella braenderup,,,[医] 布灵得卢柏沙门氏菌,,,,,0,0,,,
Salmonella brancaster,,,[医] 布兰卡斯特沙门氏菌,,,,,0,0,,,
Salmonella brandenburg,,,[医] 勃兰登堡沙门氏菌,,,,,0,0,,,
Salmonella bredeney,,,[医] 布雷得尼沙门氏菌,,,,,0,0,,,
salmonella bredeny,,,鸡副伤寒沙氏桿菌,,,,,0,0,,,
Salmonella budapest,,,[医] 布达佩斯沙门氏菌,,,,,0,0,,,
Salmonella california,,,[医] 加利福尼亚沙门氏菌,,,,,0,0,,,
Salmonella canastel,,,[医] 卡那斯得尔沙门氏菌,,,,,0,0,,,
Salmonella cardiff,,,[医] 加的夫沙门氏菌,,,,,0,0,,,
Salmonella carrau,,,[医] 卡劳沙门氏菌,,,,,0,0,,,
Salmonella cerro,,,[医] 塞罗沙门氏菌,,,,,0,0,,,
Salmonella champaign,,,[医] 香彭沙门氏菌,,,,,0,0,,,
Salmonella chester,,,[医] 切斯特沙门氏菌,,,,,0,0,,,
Salmonella cholerae suis,,,猪霍乱沙门氏菌,,,,,0,0,,,
Salmonella choleraesuis,,,[医] 猪霍乱沙门氏菌,,,,,0,0,,,
Salmonella choleraesuis var. kunzendorf,,,[医] 猪霍乱沙门氏菌昆成多福变种,,,,,0,0,,,
Salmonella choleraesuls,,,[基医] 猪霍乱沙门氏菌,,,,,0,0,,,
salmonella cholerasuis,,,猪霍乱沙氏桿菌,,,,,0,0,,,
Salmonella claibornei,,,[医] 克雷本沙门氏菌,,,,,0,0,,,
Salmonella cubana,,,[医] 古巴沙门氏菌,,,,,0,0,,,
Salmonella danyszi,,,[医] 丹尼什氏鼠病沙门氏菌,,,,,0,0,,,
Salmonella dar-es-salaam,,,[医] 达累斯萨拉姆沙门氏菌,,,,,0,0,,,
Salmonella daytona,,,[医] 戴顿沙门氏菌,,,,,0,0,,,
Salmonella derby,,,[医] 德尔比沙门氏菌,,,,,0,0,,,
Salmonella dublin,,,[医] 都柏林沙门氏菌,,,,,0,0,,,
Salmonella duesseldorf,,,[医] 丢赛多福沙门氏菌,,,,,0,0,,,
Salmonella durban,,,[医] 德班沙门氏菌,,,,,0,0,,,
Salmonella eastbourne,,,[医] 伊斯特伯恩沙门氏菌,,,,,0,0,,,
salmonella enteriditis serovar typhimurium,,,肠炎桿菌（小鼠伤寒桿菌血清变异型）,,,,,0,0,,,
Salmonella enteritidis,,,[医] 肠炎沙门氏菌,,,,,0,0,s:salmonella enteritidiss,,
Salmonella enteritidis bacteriophage,,,肠炎沙门氏菌噬菌体,,,,,0,0,,,
Salmonella enteritidis var. chaco,,,[医] 肠炎沙门氏菌查克变种,,,,,0,0,,,
Salmonella enteritidis var. danysz,,,[医] 肠炎沙门氏菌丹尼什氏变种,,,,,0,0,,,
Salmonella enteritidis var. jena,,,[医] 肠炎沙门氏菌耶拿变种,,,,,0,0,,,
salmonella enteritidiss,,,[医] 肠炎沙门氏菌\n(salmonella enteritidis 的复数),,,,,0,0,0:salmonella enteritidis/1:s,,
salmonella enteritis,,,肠炎沙氏桿菌,,,,,0,0,,,
Salmonella essen,,,[医] 埃森沙门氏菌,,,,,0,0,,,
Salmonella fever,,,[医] 沙门氏菌热,,,,,0,0,,,
Salmonella florida,,,[医] 佛罗里达沙门氏菌,,,,,0,0,,,
Salmonella foetida,,,[医] 恶臭沙门氏菌,,,,,0,0,,,
salmonella food poisoning,,,沙门桿菌食物中毒,,,,,0,0,,,
Salmonella gallinarum,,,[医] 鸡沙门氏菌,,,,,0,0,,,
Salmonella gaminara,,,[医] 加明那拉氏沙门氏菌,,,,,0,0,,,
Salmonella gatuni,,,[医] 加通沙门氏菌,,,,,0,0,,,
Salmonella georgia,,,[医] 佐治亚沙门氏菌,,,,,0,0,,,
Salmonella give,,,[医] 基夫沙门氏菌,,,,,0,0,,,
Salmonella glostrup,,,[医] 格罗斯特卢浦沙门氏菌,,,,,0,0,,,
Salmonella goettingen,,,[医] 哥廷根沙门氏菌,,,,,0,0,,,
salmonella gullorum,,,雏白痢沙氏桿菌,,,,,0,0,,,
Salmonella hartford,,,[医] 哈特福德沙门氏菌,,,,,0,0,,,
Salmonella havana,,,[医] 哈瓦那沙门氏菌,,,,,0,0,,,
Salmonella heidelberg,,,[医] 海得尔堡沙门氏菌,,,,,0,0,,,
Salmonella heves,,,[医] 赫维什沙门氏菌,,,,,0,0,,,
Salmonella hirschfeldii,,,"[医] 赫希费耳德氏沙门氏菌, 丙型副伤寒沙门氏菌",,,,,0,0,,,
Salmonella hormaechei,,,[医] 荷尔美希氏沙门氏菌,,,,,0,0,,,
Salmonella hvittingfoss,,,[医] 挪威沙门氏菌,,,,,0,0,,,
Salmonella icteroides,,,[医] 类黄疸沙门氏菌,,,,,0,0,,,
Salmonella illinosis,,,[医] 伊利诺斯沙门氏菌,,,,,0,0,,,
Salmonella infantis,,,[医] 婴儿沙门氏菌,,,,,0,0,,,
Salmonella infection,,,沙门菌感染,,,,,0,0,,,
Salmonella inverness,,,[医] 因佛内斯沙门氏菌,,,,,0,0,,,
Salmonella italia,,,[医] 意大利沙门氏菌,,,,,0,0,,,
Salmonella javiana,,,[医] 爪哇沙门氏菌,,,,,0,0,,,
Salmonella kaapstad,,,[医] 卡普斯大得沙门氏菌,,,,,0,0,,,
Salmonella kaposvar,,,[医] 科波什瓦尔沙门氏菌,,,,,0,0,,,
Salmonella kentucky,,,[医] 肯塔基沙门氏菌,,,,,0,0,,,
Salmonella kirkee,,,[医] 刻尔基沙门氏菌,,,,,0,0,,,
Salmonella koln,,,[医] 科隆沙门氏菌,,,,,0,0,,,
Salmonella kottbus,,,[医] 科特部斯沙门氏菌,,,,,0,0,,,
Salmonella lexington,,,[医] 列克星敦沙门氏菌,,,,,0,0,,,
Salmonella litchfield,,,[医] 利赤非尔德沙门氏菌,,,,,0,0,,,
Salmonella loma-linda,,,[医] 洛马林达沙门氏菌,,,,,0,0,,,
Salmonella london,,,[医] 伦敦沙门氏菌,,,,,0,0,,,
Salmonella luciana,,,[医] 琉喜安沙门氏菌,,,,,0,0,,,
Salmonella madelia,,,[医] 马德里亚沙门氏菌,,,,,0,0,,,
Salmonella makise,,,马凯索沙门氏菌,,,,,0,0,,,
Salmonella manhattan,,,[医] 曼哈顿沙门氏菌,,,,,0,0,,,
Salmonella manila,,,马尼拉沙门氏菌,,,,,0,0,,,
Salmonella marseilles,,,[医] 马赛沙门氏菌,,,,,0,0,,,
Salmonella matadi,,,马塔迪沙门氏菌,,,,,0,0,,,
Salmonella matopeni,,,马妥潘尼沙门氏菌,,,,,0,0,,,
Salmonella meleagridis,,,[医] 鸡病沙门氏菌,,,,,0,0,,,
Salmonella miami,,,[医] 迈阿密沙门氏菌,,,,,0,0,,,
Salmonella mikawashima,,,[医] 三河岛沙门氏菌,,,,,0,0,,,
Salmonella minnesota,,,[医] 明尼苏达沙门氏菌,,,,,0,0,,,
Salmonella mississippi,,,[医] 密西西比沙门氏菌,,,,,0,0,,,
Salmonella montevideo,,,[医] 蒙得维的亚沙门氏菌,,,,,0,0,,,
salmonella montivideo,,,人胃肠炎沙氏桿菌,,,,,0,0,,,
Salmonella morgani,,,"[医] 摩根氏沙门氏菌, 摩根氏变形杆菌",,,,,0,0,,,
salmonella newington,,,纽温顿沙氏桿菌,,,,,0,0,,,
Salmonella newport,,,新港沙门氏菌,,,,,0,0,,,
Salmonella onarimon,,,俄那里蒙沙门氏菌,,,,,0,0,,,
salmonella oranienberg,,,奥连堡沙氏桿菌,,,,,0,0,,,
Salmonella Oranienburg,,,奥拉宁堡沙门氏菌,,,,,0,0,,,
Salmonella orion,,,俄赖翁沙门氏菌,,,,,0,0,,,
salmonella paratyphi,,,"副伤寒桿菌, 副伤寒沙门桿菌",,,,,0,0,,,
Salmonella paratyphi A,,,甲型副伤寒沙门氏菌,,,,,0,0,,,
Salmonella paratyphi B,,,朔氏沙门氏菌;乙型副伤寒杆菌,,,,,0,0,,,
Salmonella paratyphi C,,,希氏沙门氏菌,,,,,0,0,,,
Salmonella paratyphosa,,,甲型副伤寒沙门氏菌,,,,,0,0,,,
salmonella pestis caviae,,,天竺鼠疫桿菌,,,,,0,0,,,
salmonella poisoning,,,[网络] 沙门氏菌中毒；蛋壳污染,,,,,0,0,,,
Salmonella pullorum,,,雏沙门氏菌,,,,,0,0,,,
salmonella schottmuslleri,,,萧德菌勒氏沙氏桿菌,,,,,0,0,,,
Salmonella singapore,,,新加坡沙门氏菌,,,,,0,0,,,
Salmonella suipestifer,,,猪霍乱沙门氏菌,,,,,0,0,,,
salmonella test system,,,沙氏桿菌试验系统,,,,,0,0,,,
salmonella type,,,沙门氏菌型,,,,,0,0,,,
Salmonella typhi,,,[网络] 伤寒杆菌；伤寒沙门菌；伤寒沙门氏菌,,,,,0,0,s:salmonella typhis,,
Salmonella typhimurium,,,[网络] 鼠伤寒沙门氏菌；鼠伤寒沙门菌；鼠伤寒杆菌,,,,,0,0,s:salmonella typhimuriums,,
salmonella typhimuriums,,,[网络] 鼠伤寒沙门氏菌；鼠伤寒沙门菌；鼠伤寒杆菌\n(salmonella typhimurium 的复数),,,,,0,0,0:salmonella typhimurium/1:s,,
salmonella typhirnurium,,,鼠伤寒沙氏桿菌,,,,,0,0,,,
salmonella typhis,,,[网络] 伤寒杆菌；伤寒沙门菌；伤寒沙门氏菌\n(salmonella typhi 的复数),,,,,0,0,0:salmonella typhi/1:s,,
salmonella typhisuis,,,猪伤寒沙氏桿菌,,,,,0,0,,,
Salmonella typhosa,,,un. 伤寒沙门氏菌；伤寒杆菌\n[网络] 鼠伤寒沙门菌；伤寒沙门菌属；伤寒沙氏杆菌,,,,,0,0,s:salmonella typhosas,,
salmonella typhosas,,,un. 伤寒沙门氏菌；伤寒杆菌\n[网络] 鼠伤寒沙门菌；伤寒沙门菌属；伤寒沙氏杆菌\n(salmonella typhosa 的复数),,,,,0,0,0:salmonella typhosa/1:s,,
salmonella(genus),,,沙门菌属,,,,,0,0,,,
salmonella-free,,,[网络] 无沙门氏菌,,,,,0,0,,,
Salmonella-Shigella agar,,,沙门-志贺氏琼脂,,,,,0,0,,,
salmonellacidal,,,[网络] 沙门氏菌,,,,,0,0,,,
salmonellae,,,n. 沙门氏菌( salmonella的名词复数 ); [医]〔单salmonella〕沙门氏菌,,,,,0,0,,,
salmonellal,,,[医] 沙门氏菌引起的,,,,,0,0,,,
salmonellas,,plural of salmonella\nn. rod-shaped Gram-negative enterobacteria; cause typhoid fever and food poisoning; can be used as a bioweapon,(salmonella 的复数) n. 沙门氏菌\n[医] 沙门氏菌属,,,,,0,0,0:salmonella/1:s,,
Salmonelleae,",sælmә'nelii:",,沙门氏菌族,,,,,0,0,,,
salmonellin,",sælmә'nelin",,沙门氏菌素,,,,,0,0,,,
salmonelloses,,,[网络] 沙门氏菌,,,,,0,0,0:salmonellosis/1:s,,
salmonellosis,",sælmәne'lәusis",n. a kind of food poisoning caused by eating foods contaminated with Salmonella typhimurium,[医] 沙门氏菌病,n:100,,,,0,43355,s:salmonelloses,,
salmoneous,,,鲑色的,,,,,0,0,,,
salmoner,,,[网络] 鲑鱼,,,,,0,0,,,
salmoners,,,[网络] 鲑鱼,,,,,0,0,,,
salmonet,,,[网络] 沙门氏菌,,,,,0,0,,,
salmonets,,,[网络] 沙门氏菌,,,,,0,0,,,
salmoneus,,, 萨尔摩纽斯,,,,,0,0,,,
salmonfly,'sælmәnflai,,鲑蝇,,,,,0,0,,,
salmoni,,,[网络] 沙门氏菌,,,,,0,0,,,
salmonic,,,[网络] 鲑鱼,,,,,0,0,,,
salmonicolor,,,鲑色的,,,,,0,0,,,
salmonid,'sælmənid,n. soft-finned fishes of cold and temperate waters, [鱼类]\na. (属于)鲑科(Salmonidae)的\nn. 鲑科鱼,j:100,,,,0,43420,s:salmonids,,
Salmonidae,,n. salmon and trout,鲑科,,,,,0,0,s:salmonidaes,,
salmonidaes,'sælmənidi:,,[鱼] 鲑科,,,,,0,0,0:salmonidae/1:s,,
salmonids,,plural of salmonid\nn. soft-finned fishes of cold and temperate waters,(salmonid 的复数)  [鱼类]\na. (属于)鲑科(Salmonidae)的\nn. 鲑科鱼,,,,,0,0,0:salmonid/1:s,,
salmoniform,,,[网络] 鲑形类,,,,,0,0,,,
Salmoniformes,,,鲑目,,,,,0,0,,,
salmonis,,,[网络] 鲑鱼,,,,,0,0,,,
salmonize,,,[网络] 鲑鱼,,,,,0,0,,,
salmonlike,,,[网络] 鲑鱼样,,,,,0,0,,,
salmonoid,'sælmәnɔid,"a. Like, or pertaining to, the Salmonidae, a family of\n   fishes including the trout and salmon.\nn. Any fish of the family Salmonidae.","a. 鲑科的, 似鲑的",,,,,0,0,s:salmonoids,,
SALMONOIDEA,,,鲑总科,,,,,0,0,,,
Salmonoidei,,,鲑亚目,,,,,0,0,,,
salmonoids,,"plural of salmonoid\na. Like, or pertaining to, the Salmonidae, a family of\n   fishes including the trout and salmon.\nn. Any fish of the family Salmonidae.","(salmonoid 的复数) a. 鲑科的, 似鲑的",,,,,0,0,0:salmonoid/1:s,,
salmons,ˈsæmənz,pl.  of Salmon,"n. 鲑鱼, 大马哈鱼( salmon的名词复数 )",,,,,0,0,0:salmon/1:s,,
salmonsite,"'sælmәn,zait",,黄磷锰铁矿,,,,,0,0,,,
salmony,,,[网络] 风尘仆仆的萨尔蒙尼；莫尼,,,,,0,0,,,
salmopercae,,,鲑鲈类,,,,,0,0,,,
Salmopercomorpha,,,鲑鲈形系,,,,,0,0,,,
Salmoral,,,[地名] 萨尔莫拉尔 ( 西 ),,,,,0,0,,,
salmore,,,[网络] 萨尔莫,,,,,0,0,,,
salmorejo,,,[网络] 菜肴是科尔多瓦蔬菜凉汤；冷汤；番茄冷汤,,,,,0,0,,,
salmosalar protamine,,,鲑精蛋白,,,,,0,0,,,
Salmossi,,,[地名] 萨尔莫西 ( 布基 ),,,,,0,0,,,
Salmotin,,,"青霉素N,头孢菌素N,氨羧丁青霉素",,,,,0,0,,,
SALMRA,,,刚臂式单锚腿系泊装置,,,,,0,0,,,
salms,,,abbr. single-anchor leg mooring 单一的锚腿停泊处\n(salm 的复数),,,,,0,0,0:salm/1:s,,
Salmsach,,,[地名] 萨尔姆萨赫 ( 瑞士 ),,,,,0,0,,,
Salmtal,,,[地名] 萨尔姆塔尔 ( 德 ),,,,,0,0,,,
salmwood,,,[网络] 蒜味破布木,,,,,0,0,s:salmwoods,,
salmwoods,,,[网络] 蒜味破布木\n(salmwood 的复数),,,,,0,0,0:salmwood/1:s,,
salmycin,,,[网络] 盐酸霉素,,,,,0,0,,,
Salmā,,,[地名] 塞勒马 ( 伊拉 ),,,,,0,0,,,
"Salmā, Jab.",,,[地名] 塞勒马山 ( 沙特 ),,,,,0,0,,,
"Salmā, Wādī",,,[地名] 塞勒马干河 ( 沙特 ),,,,,0,0,,,
Salmābād,,,[地名] 萨勒马巴德 ( 伊朗 ),,,,,0,0,,,
Salmās,,,[地名] 萨勒马斯 ( 伊朗 ),,,,,0,0,,,
Salna,,,[地名] 萨尔纳 ( 布基 ),,,,,0,0,,,
salnacedin,,,沙那西定,,,,,0,0,,,
salnatron,sæl'nætrәn,,粗碳酸钠,,,,,0,0,,,
salnikov,,,[网络] 萨尔尼科夫,,,,,0,0,,,
salnikova,,,[网络] 萨尔尼科娃,,,,,0,0,,,
salo,,, [地名] [玻利维亚、芬兰、中非共和国] 萨洛,,,,,0,0,s:saloes,,
salo(o)n,,,沙龙，酒馆，宴会厅,,,,,0,0,,,
salo(o)p,,,沙露普[饮料],,,,,0,0,,,
saloban,,,杀菌药,,,,,0,0,,,
Salobelyak,,,[地名] 萨洛别利亚克 ( 俄 ),,,,,0,0,,,
"Salobra, R.",,,[地名] 萨洛布拉河 ( 巴西 ),,,,,0,0,,,
Salobral,,,[地名] 萨洛夫拉尔 ( 西 ),,,,,0,0,,,
Salobre,,,[地名] 萨洛夫雷 ( 西 ),,,,,0,0,,,
Salobreňa,,,[地名] 萨洛夫雷尼亚 ( 西 ),,,,,0,0,,,
salocoll,'sælәkɔl,,"萨罗可, 水杨酸非诺可",,,,,0,0,,,
Salocolum,,,"水杨酸羟乙酯,乙二醇单水杨酸酯",,,,,0,0,,,
salod,,,[网络] 凉菜,,,,,0,0,,,
saloes,,, [地名] [玻利维亚、芬兰、中非共和国] 萨洛\n(salo 的复数),,,,,0,0,0:salo/1:s,,
Salofalk,,,"5-氨基水杨酸,马沙拉嗪",,,,,0,0,,,
salogen,,,[网络] 炼油,,,,,0,0,,,
salogens,,,[网络] 口号,,,,,0,0,,,
Salogon,,,[地名] 萨洛贡 ( 菲 ),,,,,0,0,,,
saloi test,,,[医] 水杨酸苯酯试验(检胃动力),,,,,0,0,,,
Saloinen,,,[地名] 萨洛伊宁 ( 芬 ),,,,,0,0,,,
salol,"'sælәul, -ɔl",n a white powder with a pleasant taste and odor; used to absorb light in sun tan lotions or as a preservative or an antiseptic or a coating for pills in which the medicine is intended for enteric release,"n. [化]水杨酸苯酯,萨罗",,,,,0,0,s:salols,,
salol camphor,,,[医] 萨罗樟脑,,,,,0,0,,,
salol-camphor,,,[网络] 萨罗樟脑,,,,,0,0,,,
Salola,,,萨洛拉,,,,,0,0,,,
salolainen,,,萨洛莱宁,,,,,0,0,s:salolainens,,
salolainens,,,萨洛莱宁\n(salolainen 的复数),,,,,0,0,0:salolainen/1:s,,
salolase,,,"萨罗酶,水杨酸苯酯酶",,,,,0,0,,,
salole rash,,,萨罗疹; 柳酸苯脂疹,,,,,0,0,,,
Salolism,,,柳酸苯酯中毒,,,,,0,0,,,
salolphosphinic acid,,,[医] 水杨酸苯次膦酸,,,,,0,0,,,
salols,,,[网络] 鲑鱼,,,,,0,0,0:salol/1:s,,
salom,,,[网络] 莎乐美；姚锦成；沙龙,,,,,0,0,,,
saloman,,,[网络] 和平的；汇成；男性,,,,,0,0,,,
Salome,sә'lәumi,n. woman whose dancing beguiled Herod into giving her the head of John the Baptist,"n. (马太福音中的)萨洛米, 萨乐美",,,,,28230,0,s:salomes,,
salomea,,,[网络] 沙美,,,,,0,0,s:salomeas,,
salomeas,,,[网络] 沙美\n(salomea 的复数),,,,,0,0,0:salomea/1:s,,
salomes,sə'ləumi,,n. （马太福音中的）萨洛米,,,,,0,0,0:salome/1:s,,
salometer,",sælә'mitә",n. See Salimeter.,n. 盐量计,,,,,0,0,,,
salometers,,,[网络] 盐度计,,,,,0,0,,,
salomethyl,,,水杨酸甲酯,,,,,0,0,,,
salometry,sә'lɔmitri,,盐量测定法,,,,,0,0,,,
salomi,,,[网络] 沙洛米,,,,,0,0,,,
salomo,,,[网络] 撒罗满,,,,,0,0,,,
Salomol,,,喘乐宁,,,,,0,0,,,
salomon,,n. American financier and American Revolutionary War patriot who helped fund the army during the American Revolution (1740?-1785)," [男子名] [英格兰人姓氏] 萨洛蒙来源于希伯来语男子名, 含义是“和平”(peace)",,,,,27734,0,s:salomons,,
salomon brothers,,, 所罗门兄弟公司（银行名）,,,,,0,0,,,
Salomon Is.,,,[地名] 萨洛蒙群岛 ( 印度洋 ),,,,,0,0,,,
Salomon test,,,梅毒血清试验,,,,,0,0,,,
Salomon's test,,,[医] 萨洛蒙氏试验(检胃溃疡性癌的白蛋白试验),,,,,0,0,,,
"Salomon, C.",,,[地名] 萨洛蒙角 ( 马提 ),,,,,0,0,,,
"Salomon, Haym",'sæləmən,,萨洛蒙(1740?～1785，波兰裔美籍金融家、爱国者),,,,,0,0,,,
salomone,,,[网络] 年轻的医生所罗门,,,,,0,0,,,
Salomonia,,,n. 齿果草属,,,,,0,0,,,
Salomonia cantoniensis,,,n. 齿果草,,,,,0,0,,,
Salomonia elongata,,,n. 寄生鳞叶草,,,,,0,0,,,
Salomonia oblongifolia,,,n. 椭圆叶齿果草,,,,,0,0,,,
Salomonian,",sælә'mәjniәn",,a. 所门罗王的,,,,,0,0,,,
Salomonic,",sælә'mɔnik",,a. 所门罗王的,,,,,0,0,,,
salomonica,",sælә'mɔnikә",,"螺旋形柱, 绞绳形柱",,,,,0,0,,,
salomons,,plural of salomon\nn. American financier and American Revolutionary War patriot who helped fund the army during the American Revolution (1740?-1785),"(salomon 的复数)  [男子名] [英格兰人姓氏] 萨洛蒙来源于希伯来语男子名, 含义是“和平”(peace)",,,,,0,0,0:salomon/1:s,,
"Salomón, I.",,,[地名] 萨洛蒙岛 ( 尼加 ),,,,,0,0,,,
salon,'sælɔ:ŋ,n. gallery where works of art can be displayed\nn. a shop where hairdressers and beauticians work\nn. elegant sitting room where guests are received,"n. 大会客室, 大厅, 客厅, 交谊室, 沙龙, 美术展览馆, 画廊, 美容院, 发廊",n:100,2,,,6730,6915,s:salons,,
Salon d'Automne,,,[网络] 秋季沙龙；巴黎秋季沙龙；秋季沙龙展,,,,,0,0,,,
salon music,,,(旅馆等的)客厅轻音乐,,,,,0,0,,,
Salon-de-Provence,,,[地名] 普罗旺斯地区萨隆 ( 法 ),,,,,0,0,,,
salon-style,,,[网络] 沙龙风格税；沙龙风格清爽洗发露；税务代理,,,,,0,0,,,
salon.com,,,[网络] 沙龙网站；沙龙读书网；新闻网站沙龙,,,,,0,0,,,
salona,,,[网络] 萨罗纳；沙隆纳；索罗那,,,,,0,0,s:salonas,,
salona (amphissa),,,萨洛纳(安非萨),,,,,0,0,,,
salonas,,,[网络] 萨罗纳；沙隆纳；索罗那\n(salona 的复数),,,,,0,0,0:salona/1:s,,
salone,,,[网络] 米兰展；米兰科隆瓦伦；沙龙尼,,,,,0,0,s:salones,,
salonen,,,[网络] 萨洛宁；指挥家沙罗年；沙罗年,,,,,0,0,s:salonens,,
salonens,,,[网络] 萨洛宁；指挥家沙罗年；沙罗年\n(salonen 的复数),,,,,0,0,0:salonen/1:s,,
saloner,,, [人名] 萨洛纳,,,,,0,0,s:saloners,,
saloners,,,n. (Saloner)人名；(英)萨洛纳,,,,,0,0,0:saloner/1:s,,
salones,,,[网络] 浏览；深圳,,,,,0,0,0:salone/1:s,,
"Salong, Gunong",,,[地名] 萨隆山 ( 马来 ),,,,,0,0,,,
salonga,,,[网络] 萨隆加；萨龙加；萨隆加国家公园,,,,,0,0,s:salongas,,
Salonga National Park,,,[网络] 萨龙加国家公园；萨隆加国家公园；沙伦加国家公园,,,,,0,0,,,
"Salonga, R.",,,[地名] 萨隆加河 ( 刚(金) ),,,,,0,0,,,
salongas,,,[网络] 萨隆加；萨龙加；萨隆加国家公园\n(salonga 的复数),,,,,0,0,0:salonga/1:s,,
salonia,,,[网络] 萨洛尼亚；赛若内,,,,,0,0,,,
salonica,,, 人名；(希)萨洛尼卡,,,,,0,0,s:salonicas,,
salonica (thessaloniki),,,萨洛尼加(塞萨洛尼基),,,,,0,0,,,
Salonica fever,,,"[医] 萨洛尼卡热, 战壕热",,,,,0,0,,,
salonicas,,,n. (Salonica)人名；(希)萨洛尼卡,,,,,0,0,0:salonica/1:s,,
Salonik,,,[地名] 萨洛尼克 ( 坦桑 ),,,,,0,0,,,
Salonika,"sә'lɔnikә,,sælә'ni:kә",n a port city in northeastern Greece on an inlet of the Aegean Sea; second largest city of Greece,"萨洛尼卡[希腊中北部港市](临萨洛尼卡湾) , 萨洛尼卡湾(靠希腊中北岸)",,,,,45642,0,s:salonikas,,
salonikas,sə'lɔnikə,,"萨洛尼卡(希腊中南部港市)[亦作 Salonica, Saloniki, 正式名称 Thessalonike,古名 Therma]",,,,,0,0,0:salonika/1:s,,
Saloniki,",sælә'ni:ki",,"萨洛尼卡[希腊中北部港市](临萨洛尼卡湾) , 萨洛尼卡湾(靠希腊中北岸)",,,,,0,0,,,
"Saloniki, Nómos",,,[地名] *萨洛尼卡州(塞萨洛尼基州的旧称) ( 希 ),,,,,0,0,,,
salonist,,,n. =salonnard,,,,,0,0,,,
saloniste,,,[网络] 沙龙主义者,,,,,0,0,,,
salonistes,,,[网络] 沙龙主义者,,,,,0,0,,,
salonlike,,,[网络] 沙龙般,,,,,0,0,,,
salonnard,sә'lɔnɑ:d,,(=salonist)沙龙常客,,,,,0,0,,,
Salonoidei,"'sælmə,nɔidei",,n. 【鱼类】鲑亚目,,,,,0,0,,,
salons,ˈsælɔ:ŋz,n. gallery where works of art can be displayed\nn. a shop where hairdressers and beauticians work\nn. elegant sitting room where guests are received,n. <法>（营业性质的）店( salon的复数形式 ); 厅; 沙龙（旧时在上流社会女主人家的例行聚会或聚会场所）; （大宅中的）客厅,,,,,0,0,0:salon/1:s,,
Salonta,,,[地名] 萨隆塔 ( 罗 ),,,,,0,0,,,
saloon,sә'lu:n,n a room or establishment where alcoholic drinks are served over a counter\nn tavern consisting of a building with a bar and public rooms; often provides light meals\nn a car that is closed and that has front and rear seats and two or four doors,"n. 大厅, 沙龙, 酒吧, 会客室",n:100,1,,,7303,10447,s:saloons,,
saloon bar,,,"酒馆,酒吧间",,,,,0,0,,,
saloon bars,,,n. 雅座酒吧；高级酒店,,,,,0,0,,,
saloon car,səˈlu:n kɑ:,,"n. 轿车, 豪华客车",,,,,0,0,,,
saloon carriage,,,n. 〈英〉(铁路)特等客车,,,,,0,0,,,
saloon deck,,,n. 客舱甲板,,,,,0,0,,,
saloon keeper,,, 酒吧老板，酒吧经营者,,,,,0,0,s:saloon keepers,,
saloon keepers,,,[美国英语]酒吧老板，酒吧经营者,,,,,0,0,0:saloon keeper/1:s,,
saloon master,,,un. 餐厅主任,,,,,0,0,,,
saloon passenger,,,头等舱乘客,,,,,0,0,,,
saloon pistol,,,na. 打靶枪,,,,,0,0,,,
saloon rifle,,,na. 打靶枪,,,,,0,0,,,
saloon stores,,,[网络] 船上小卖部,,,,,0,0,,,
saloon-bar,,,un. 高级酒店\n[网络] 沙龙酒吧,,,,,0,0,s:saloon-bars,,
saloon-bars,,,n. 雅座酒吧；高级酒店,,,,,0,0,0:saloon-bar/1:s,,
saloon-cabin,"sә'lu:n,kæbin",,n. 头等舱,,,,,0,0,,,
saloon-keeper,,,[网络] 酒吧间经营人,n:100,,,,0,0,s:saloon-keepers,,
saloon-keepers,"sə'lʊn,kipɚ",,n. 酒馆的主人,,,,,0,0,0:saloon-keeper/1:s,,
saloonatic,sә'lu:nәtik,,n. 沉溺于酒馆的酒徒,,,,,0,0,,,
saloonist,sә'lu:nist,,n. 酒吧间老板,,,,,0,0,,,
saloonists,,,[网络] 沙龙主义者,,,,,0,0,,,
saloonkeeper,"sә'lu:n,ki:pә(r)",,n. 酒馆[酒店]的主人,,,,,0,0,,,
saloonkeepers,"sə'lʊn,kipɚ",,n. 酒馆的主人,,,,,0,0,,,
saloonkeeping,,,[网络] 沙律,,,,,0,0,,,
saloonlike,,,[网络] 沙龙式,,,,,0,0,,,
saloons,səˈlu:nz,n. a room or establishment where alcoholic drinks are served over a counter\nn. tavern consisting of a building with a bar and public rooms; often provides light meals\nn. a car that is closed and that has front and rear seats and two or four doors,n. 大厅( saloon的复数形式 ); 酒吧间; 轿车; 有某用途的公共大厅或建筑物,,,,,0,0,0:saloon/1:s,,
saloop,sә'lu:p,"n. An aromatic drink prepared from sassafras bark and other\n   ingredients, at one time much used in London.",n. 以黄樟皮等加味的热饮料,,,,,0,0,,,
saloops,,,[网络] 沙龙,,,,,0,0,,,
Salop,'sælәp,,n. 英国行政区之一,,,,,0,0,,,
salop (shropshire),,,沙洛普(士罗普夏),,,,,0,0,,,
Salop County,,,[地名] *萨洛普郡(什罗普郡的旧称) ( 英 ),,,,,0,0,,,
salope,,,[网络] 下流女人；母狗,,,,,0,0,s:salopes,,
salopek,,,萨洛佩克,,,,,0,0,,,
salopes,,plural of salope,(salope 的复数) [网络] 下流女人；母狗,,,,,0,0,0:salope/1:s,,
salopette,,,[网络] 工作裤；吊带裙裤；亮色系的连身裤装,,,,,0,0,s:salopettes,,
salopettes,,," （滑雪或帆船运动穿的）背带裤, 工装裤",,,,,0,0,0:salopette/1:s,,
salophen,,,[化] 乙酰氨基萨罗; 萨罗汾,,,,,0,0,,,
salophilia,,,[网络] 嗜好性,,,,,0,0,,,
Salopian,sә'lәupiәn,,n. Shropshire人或居民\na. Shropshire地方的或人的,,,,,0,0,s:salopians,,
salopian age,,,萨洛普期｛上志留纪｝,,,,,0,0,,,
Salopians,,plural of Salopian,(Salopian 的复数) n.Shropshire人或居民\na. Shropshire地方的或人的,,,,,0,0,0:salopian/1:s,,
salops,'sæləp,,n. 赛洛普郡（英国行政区之一）,,,,,0,0,,,
saloptia powelli,,,褒氏贫鲙；鲍氏泽鮨；鲙；过鱼；石斑,,,,,0,0,,,
Salopur,,,水杨酰胺,,,,,0,0,,,
saloquinine,",sælә'kwini:n",,萨罗奎宁,,,,,0,0,,,
"Salor, R.",,,[地名] 萨洛尔河 ( 西 ),,,,,0,0,,,
salord,,,萨洛尔德,,,,,0,0,,,
Salorino,,,[地名] 萨洛里诺 ( 西 ),,,,,0,0,,,
Salornay-sur-Guye,,,[地名] 居伊河畔萨洛奈 ( 法 ),,,,,0,0,,,
Salorno (Salurn),,,[地名] 萨洛尔诺(萨卢恩) ( 意 ),,,,,0,0,,,
salorthid,'sæləðɪd,, 盐磐旱成土,,,,,0,0,,,
salosalicylide,",sælә'sælisilid",,(=disalicylide)双水杨内酯,,,,,0,0,,,
salote,,, [人名] 萨洛特,,,,,0,0,,,
salotto,,,[网络] 诚利家具,,,,,0,0,s:salottoes,,
salottoes,,,[网络] 诚利家具\n(salotto 的复数),,,,,0,0,0:salotto/1:s,,
Salou,,,[网络] 萨洛；萨鲁；沙洛,,,,,0,0,,,
"Salou, C.de",,,[地名] 萨洛角 ( 西 ),,,,,0,0,,,
saloum,,, [地名] [塞内加尔] 萨卢姆河; [地名] [塞内加尔] 萨卢姆（地区）,,,,,0,0,,,
"Saloum, I.du",,,[地名] 萨卢姆岛 ( 塞内 ),,,,,0,0,,,
Salov,,,萨洛夫,,,,,0,0,,,
salovey,,,[网络] 沙洛维；萨罗威；萨罗维,,,,,0,0,,,
salow,,,萨洛,,,,,0,0,,,
salowe,,,[网络] sal e,,,,,0,0,,,
Saločiai,,,[地名] 萨洛奇艾 ( 立 ),,,,,0,0,,,
salp,sælp,n minute floating marine tunicate having a transparent body with an opening at each end,n. [动]樽海鞘(纽鳃樽科尾过动物),,,,,0,0,s:salps,,
salp-,sælp,,n. 樽海鞘；萨尔帕属之被囊动物,,,,,0,0,,,
salpa,'sælpә,n minute floating marine tunicate having a transparent body with an opening at each end,n. [动]樽海鞘(纽鳃樽科尾过动物),,,,,0,0,s:salpas,,
salpae,,pl.  of Salpa,n. 樽海鞘（等于salp） (salpa的变形),,,,,0,0,,,
salpas,'sælpə,pl.  of Salpa,n. 樽海鞘（等于salp）\nn. (Salpa)人名；(芬)萨尔帕,,,,,0,0,0:salpa/1:s,,
salpausselk? subglacial period,,,沙保西下亚冰期(一万年前),,,,,0,0,,,
salpausselk? subglacial stage,,,沙保西下亚冰期(一万年前),,,,,0,0,,,
salpausselka,,,后退冰碛,,,,,0,0,,,
Salpausselkä(Salpaussel'kya),,,[地名] 萨尔保冰碛岭 ( 芬·俄 ),,,,,0,0,,,
salpege,,,[网络] sal ge,,,,,0,0,,,
salperton,,,[网络] 杜波依斯设计的帆船鼓声,,,,,0,0,s:salpertons,,
salpertons,,,[网络] 杜波依斯设计的帆船鼓声\n(salperton 的复数),,,,,0,0,0:salperton/1:s,,
salpeter,,, [人名] 萨尔皮特,,,,,0,0,,,
Salpeter process,,,沙尔皮特过程,,,,,0,0,,,
salpeter-bethe two nuclear equation,,,沙耳丕-贝特双核子方程式,,,,,0,0,,,
salpetre,,,[网络] 硝酸钾,,,,,0,0,,,
salpetriere,,,[网络] 萨彼里埃；萨尔佩替耶学派；沙比崔里,,,,,0,0,,,
salpians,,,[网络] 沙门氏菌,,,,,0,0,,,
salpicon,'sælpikәn,"n. Chopped meat, bread, etc., used to stuff legs of veal or\n   other joints; stuffing; farce.",n. (炸肉丸等的)肉鱼馅,,,,,0,0,,,
salpicons,,,肉鱼馅,,,,,0,0,,,
salpid,'sælpid,n. A salpa.,(=salpidian)纽海樽,,,,,0,0,,,
Salpida,,,纽鳃樽目,,,,,0,0,,,
Salpidae,,,[网络] 纽鳃樽科,,,,,0,0,s:salpidaes,,
salpidaes,,,[网络] 纽鳃樽科\n(salpidae 的复数),,,,,0,0,0:salpidae/1:s,,
salpids,,,[网络] sal,,,,,0,0,,,
salpiform,sælp,,n. [动]樽海鞘(纽鳃樽科尾过动物),,,,,0,0,,,
salpiglosses,,,n. 【植】喇叭舌草\n[网络] 茄；美人襟；蛾蝶花属,,,,,0,0,0:salpiglossis/1:s,,
salpiglossid,,,[网络] salpiglossis,,,,,0,0,,,
salpiglossis,.sælpi'glɒsis,n. any plant of the genus Salpiglossis,n. 蛾蝶花,,,,,0,0,s:salpiglosses,,
Salpiglossis sinuata,,,[网络] 美人襟；喇叭花；茄科观赏植物,,,,,0,0,s:salpiglossis sinuatas,,
salpiglossis sinuatas,,,[网络] 美人襟；喇叭花；茄科观赏植物\n(salpiglossis sinuata 的复数),,,,,0,0,0:salpiglossis sinuata/1:s,,
Salpinctes,,,n. 〔动〕岩鹩,,,,,0,0,s:salpinctess,,
Salpinctes obsoletus,,,[网络] 普通岩鹪鹩,,,,,0,0,s:salpinctes obsoletuss,,
salpinctes obsoletuss,,,[网络] 普通岩鹪鹩\n(salpinctes obsoletus 的复数),,,,,0,0,0:salpinctes obsoletus/1:s,,
salpinctess,,,n. 〔动〕岩鹩\n(salpinctes 的复数),,,,,0,0,0:salpinctes/1:s,,
salping,,,"输卵管的,耳咽管的",,,,,0,0,,,
salping-,sæl'piŋɡ-,,comb.form 表示“输卵管”;“耳咽管”：Salpingostomy,,,,,0,0,,,
salpingectomies,,,n. 【医】输卵管切除术\n[网络] 手术并输卵管切除；切除掉输卵管；切除输卵管,,,,,0,0,0:salpingectomy/1:s,,
salpingectomy,.sælpin'dʒektәmi,n. surgical removal of one or both Fallopian tubes,n. 输卵管切除术\n[医] 输卵管切除术,,,,,0,0,s:salpingectomies,,
salpingemphraxis,,,[医] 咽鼓管阻塞,,,,,0,0,,,
salpinges,sæl'pindʒi:z,n a tube in the uterus or the ear,salpinx的复数,,,,,0,0,0:salpinx/1:s,,
salpingian,sæl'pindʒiәn,,"a. [解]输卵管的,咽鼓管的",,,,,0,0,,,
salpingian dropsy,,,"[医] 输卵管积水, 输卵管积液",,,,,0,0,,,
salpingid,,,[网络] salpingidis,,,,,0,0,,,
Salpingidae,,,树皮甲科,,,,,0,0,,,
salpingids,,,[网络] salpingidis,,,,,0,0,,,
salpingioma,"sæl,pindʒi'әumә",,输卵管瘤,,,,,0,0,,,
salpingion,sæl'pindʒiɔn,,咽鼓管点,,,,,0,0,,,
salpingitic,,,"[医] 输卵管炎的, 咽鼓管炎的",,,,,0,0,,,
salpingitides,,,[网络] 输卵管炎,,,,,0,0,,,
salpingitis,sælpin'dʒaitis,n. inflammation of a Fallopian tube (usually the result of infection spreading from the vagina or uterus) or of a Eustachian tube,"n. 输卵管炎, 耳咽管炎\n[医] 输卵管炎, 咽鼓管炎",,,,,0,0,,,
salpingitis isthmica nodosa,,,结节性输卵管峡炎,,,,,0,0,,,
salpingitis profluens,,,[医] 溢流性输卵管炎,,,,,0,0,,,
salpingitises,,,[网络] 输卵管炎,,,,,0,0,,,
salpingo,,,"管,咽鼓管,输卵管",,,,,0,0,,,
salpingo-,,,"[医] 管, 输卵管, 咽鼓管",,,,,0,0,,,
salpingo-hysterography,,,输卵管子宫造影术,,,,,0,0,,,
salpingo-ocphorectomy,,,输卵管卵巢切除术,,,,,0,0,,,
salpingo-oophorectomies,,,[网络] 输卵管卵巢切除术,,,,,0,0,,,
salpingo-oophorectomy,,,[医] 输卵管卵巢切除术,,,,,0,0,,,
salpingo-oophoritis,,,[医] 输卵管卵巢炎,,,,,0,0,,,
salpingo-oophorocele,,,[医] 输卵管卵巢疝,,,,,0,0,,,
Salpingo-Oophoroplasty,,,输卵管卵巢成形术,,,,,0,0,,,
Salpingo-Oophororrhaphy,,,输卵管卵巢缝术,,,,,0,0,,,
Salpingo-Oophorostomy,,,输卵管卵巢造口术,,,,,0,0,,,
Salpingo-Oophorotomy,,,输卵管卵巢切开术,,,,,0,0,,,
salpingo-oothecitis,,,[医] 输卵管卵巢炎,,,,,0,0,,,
salpingo-oothecocele,,,[医] 输卵管卵巢疝,,,,,0,0,,,
salpingo-oothectomy,,,[医] 输卵管卵巢切除术,,,,,0,0,,,
salpingo-ophoritis,,,输卵管卵巢炎,,,,,0,0,,,
salpingo-ovariectomy,,,[医] 输卵管卵巢切除术,,,,,0,0,,,
salpingo-ovariotomy,,,[医] 输卵管卵巢切除术,,,,,0,0,,,
salpingo-ovaritis,,,[医] 输卵管卵巢炎,,,,,0,0,,,
salpingo-pharyngeal fold,,,耳管咽褶,,,,,0,0,,,
salpingo-ureterostomy,,,[医] 输卵管输尿管吻合术,,,,,0,0,,,
salpingocatheterism,,,[医] 咽鼓管插管法,,,,,0,0,,,
salpingocele,,,输卵管疝,,,,,0,0,,,
salpingocyesis,,,[医] 输卵管妊娠,,,,,0,0,,,
salpingogram,sæl'piŋ^әj^ræm,,n. [医]输卵管造影图,,,,,0,0,,,
salpingograph,,,输卵管造影器,,,,,0,0,,,
salpingography,",sælpiŋ'^ɔ^rәfi",,n. [医]输卵管造影术,,,,,0,0,,,
Salpingohysterostomy,,,输卵管子宫吻合术,,,,,0,0,,,
salpingolithiasis,,,输卵管石病,,,,,0,0,,,
salpingolysis,",sælpiŋ'^ɔlisis",,n. [医]输卵管黏连分离术,,,,,0,0,,,
salpingolysis-ovariolysis,,,输卵管-卵巢粘连松解术,,,,,0,0,,,
salpingomalleus,,,[医] 鼓膜张肌,,,,,0,0,,,
salpingometric rupture,,,子宫输卵管破裂,,,,,0,0,,,
salpingoneostomy,,,输卵管固定切开术,,,,,0,0,,,
salpingooophorectomy,,,输卵管卵巢切除术,,,,,0,0,,,
salpingooophoritis,,,输卵客卵巢炎,,,,,0,0,,,
salpingopalatine,,,[医] 咽鼓管腭的,,,,,0,0,,,
salpingopalatine fold,,,咽鼓管腭襞,,,,,0,0,,,
salpingopalatine folds.,,,[医] 咽鼓管腭褶,,,,,0,0,,,
salpingoperitonitis,,,[医] 输卵管腹膜炎,,,,,0,0,,,
salpingopexy,,,[医] 输卵管固定术,,,,,0,0,,,
salpingopharyngea1 folds.,,,[医] 咽鼓管咽褶,,,,,0,0,,,
salpingopharyngeal,,,[医] 咽鼓管咽的,,,,,0,0,,,
salpingopharyngeal fold,,,咽鼓管咽襞,,,,,0,0,,,
salpingopharyngeal muscle,,,耳咽管咽肌,,,,,0,0,,,
salpingopharyngei,,,[网络] salpingopharyngeus,,,,,0,0,,,
salpingopharyngeus,,,[医] 咽鼓管咽肌,,,,,0,0,,,
salpingoplasty,,,[医] 输卵管成形术,,,,,0,0,,,
salpingorrhaphy,sælpiŋ'^ɔrәfi,,[医]输卵管缝合术,,,,,0,0,,,
salpingorrhexis,,,[医] 输卵管破裂,,,,,0,0,,,
salpingosalpingostomy,,,[医] 输卵管输卵管吻合术,,,,,0,0,,,
salpingoscoby,,,咽鼓管镜检查,,,,,0,0,,,
salpingoscope,,,[医] 咽鼓管镜,,,,,0,0,,,
salpingoscopy,,,[医] 咽鼓管镜检查,,,,,0,0,,,
salpingostaphyline,,,[医] 咽鼓管悬雍垂的,,,,,0,0,,,
salpingostaphylinus,,,[医] 腭帆张肌,,,,,0,0,,,
salpingostenochoria,,,[医] 咽鼓管狭窄,,,,,0,0,,,
salpingostomatomy,,,[医] 输卵管部分切除造口术,,,,,0,0,,,
salpingostomatoplasty,,,[医] 输卵管部分切除造口术,,,,,0,0,,,
salpingostomies,,,[网络] 输卵管吻合术,,,,,0,0,,,
salpingostomy,sælpiŋ'^ɔstәmi,,"n. 输卵管造口术\n[医] 输卵管造口[引流]术, 输卵管复通术",,,,,0,0,,,
salpingothrips aimotofus,,,双色繖蓟马,,,,,0,0,,,
salpingotomies,,,[网络] 输卵管切开术,,,,,0,0,,,
salpingotomy,",sælpiŋ'^ɔtәmi",,n. 输卵管的切除,,,,,0,0,,,
salpingoureterostomy,,,输尿管输卵管吻合术,,,,,0,0,,,
salpingouterogram,,,输卵管子宫造影照片,,,,,0,0,,,
salpingysterocyesis,,,[医] 输卵管子宫妊娠,,,,,0,0,,,
salpinh,,,管,,,,,0,0,,,
salpinx,'sælpiŋks,n a tube in the uterus or the ear,"n. 输卵管, 欧氏管",,,,,0,0,s:salpinges,,
salpinx auditiva,,,"[医] 咽鼓管, 欧氏管",,,,,0,0,,,
salpinx uterina,,,[医] 输卵管,,,,,0,0,,,
salpinxes,'sælpɪŋks,,n. 输卵管；欧氏管,,,,,0,0,,,
Salpix,,,"苯酸钠,乌络康",,,,,0,0,,,
salporin,,,[网络] 萨尔波林,,,,,0,0,,,
Salpornis,,,[网络] 斑点旋木雀属,,,,,0,0,,,
salpriolactone,,,红根莫内酯,,,,,0,0,,,
salprioparaquinone,,,红根草对醌,,,,,0,0,,,
salprotoside,,,水杨丙苷,,,,,0,0,,,
salps,,-s form of salp\nn minute floating marine tunicate having a transparent body with an opening at each end,(salp 的第三人称 -s形式) n.[动]樽海鞘(纽鳃樽科尾过动物),,,,,0,0,0:salp/1:s3,,
salptrire,,,[网络] 沙勒倍崔耶医院,,,,,0,0,,,
Salpynten,,,[地名] 萨尔角 ( 挪 ),,,,,0,0,,,
salpyrine,'sælpiri:n,,(=salipyrine)萨利比林,,,,,0,0,,,
Salqin,,,沙尔金,,,,,0,0,,,
Salqīn,,,[地名] 塞勒根 ( 叙 ),,,,,0,0,,,
Salrin,,,"水杨酰胺,邻羟基苯甲酰胺,氨基水杨酰",,,,,0,0,,,
sals,,,abbr. small angle light scattering 小角光散射,,,,,0,0,0:sal/1:s,,
salsa,'sɑ:lsә,n. spicy sauce of tomatoes and onions and chili peppers to accompany Mexican foods,n. 洋葱做的辣调味汁；萨尔萨舞曲,n:100,1,,,48324,8579,s:salsas,,
salsa (hawaii),,,索沙舞(夏威夷),,,,,0,0,,,
salsa golf,,,[网络] 莎莎高尔夫,,,,,0,0,,,
salsa verde,,,欧芹酱,,,,,0,0,,,
salsa-like,,,[网络] 莎莎样,,,,,0,0,,,
salsabil,,,[网络] 英国,,,,,0,0,s:salsabils,,
salsabils,,,[网络] 英国\n(salsabil 的复数),,,,,0,0,0:salsabil/1:s,,
Salsacate,,,[地名] 萨尔萨卡特 ( 阿根 ),,,,,0,0,,,
Salsadella,,,[地名] 萨尔萨德利亚 ( 西 ),,,,,0,0,,,
salsaed,,,[网络] 萨尔萨,,,,,0,0,,,
salsafay,,,[网络] 萨尔萨法,,,,,0,0,,,
salsafies,,,[网络] 莎莎饼,,,,,0,0,,,
salsafy,,,[网络] 婆罗门参,,,,,0,0,,,
salsage,,,[网络] 萨,,,,,0,0,,,
salsaing,,,[网络] 萨尔萨,,,,,0,0,,,
salsalate,,,[化] 双水杨酯; 水杨酰水杨酸; 水杨酸水杨酸酯,,,,,0,0,,,
salsalike,,"salsalike (comparative more salsalike, superlative most salsalike)\nResembling or characteristic of salsa (the spicy tomato sauce).\nResembling or characteristic of salsa (the style of music).\n",,,,,,0,0,,,
salsamentarious,,,[网络] salsamentious,,,,,0,0,,,
salsaparilha,,,[网络] salsaparrilha,,,,,0,0,,,
salsar,,,[网络] 莎莎,,,,,0,0,,,
salsas,ˈsælsəz,,n. <美>萨尔萨舞曲； （辣）沙司，（辣）调味汁( salsa的名词复数 ),,,,,0,0,0:salsa/1:s,,
salsatheque,,salsatheque (plural salsatheques)\nA discotheque that only plays salsa music.\n,,,,,,0,0,,,
salsberg,,, [人名] 萨尔斯伯格,,,,,0,0,,,
"Salsberi, Ostrov",,,[地名] 索尔兹伯里岛 ( 俄 ),,,,,0,0,,,
salsberry,,,[网络] 莎草莓,,,,,0,0,,,
salsburg,,,[网络] 萨尔斯伯格；风光如画的萨尔斯堡；薩爾斯堡,,,,,0,0,,,
Salsburgh,,,[地名] 索尔斯堡 ( 英 ),,,,,0,0,,,
salsbury,,, [人名] 萨尔斯伯里,,,,,0,0,,,
salse,sæls,"n. A mud volcano, the water of which is often impregnated with\n   salts, whence the name.",n. [地]泥火山,,,,,0,0,,,
salseparisim,,,洋菝葜皂角甙,,,,,0,0,,,
salseparisin,,,[医] 副菝葜皂角甙,,,,,0,0,,,
salsero,,salsero (plural salseros)\n(music) A salsa performer\n(dance) A salsa dancer. Specifically male. Salsera is a female salsa dancer.\n,,,,,,0,0,,,
Salses,,,[网络] 萨勒斯,,,,,0,0,,,
salsette i.,,,沙尔塞特岛,,,,,0,0,,,
salsifies,,,n. 【植】婆罗门参\n[网络] 婆罗门蔘；波罗门参；婆罗门参和,,,,,0,0,0:salsify/1:s,,
salsify,'sælsaifi,n. edible root of the salsify plant\nn. Mediterranean biennial herb with long-stemmed heads of purple ray flowers and milky sap and long edible root; naturalized throughout United States\nn. either of two long roots eaten cooked,n. 婆罗门参,,,,,0,0,s:salsifies,,
salsilla,,,[网络] 萨拉西亚,,,,,0,0,s:salsillas,,
salsillas,,,[网络] 萨拉西亚\n(salsilla 的复数),,,,,0,0,0:salsilla/1:s,,
salsima,,,硅铝硅镁层,,,,,0,0,,,
Salsipuedes,,,[地名] 萨尔西普埃德斯 ( 多米共、墨 ),,,,,0,0,,,
Salsipuedes Basin,,,[地名] 萨尔西普埃德斯海盆 ( 加利福尼亚湾 ),,,,,0,0,,,
"Salsipuedes, Pta.",,,[地名] 萨尔西普埃德斯角 ( 哥斯 ),,,,,0,0,,,
salsister,,,[网络] 莎士比亚,,,,,0,0,,,
Salsitab,,,双水杨酯片剂,,,,,0,0,,,
salsitude,,,[网络] s itude,,,,,0,0,,,
salsman,,,[网络] 莎士比亚,,,,,0,0,,,
"Salso, Fiume",,,[地名] 萨尔索河 ( 意 ),,,,,0,0,,,
salso-acid,,,[网络] 盐酸,,,,,0,0,,,
Salsoda,'sælsɔdә,"n. See Sal soda, under Sal.","天然苏打, 未提纯的碳酸钠",,,,,0,0,,,
salsola,sæl'sәulә,n chiefly Old World herbs or shrubs: saltworts,猪毛菜,,,,,0,0,s:salsolas,,
Salsola abrotanoides,,,n. 蒿叶猪毛菜,,,,,0,0,,,
Salsola affinis,,,n. 紫翅猪毛菜,,,,,0,0,,,
Salsola aperta,,,n. 露果猪毛菜,,,,,0,0,,,
Salsola arbuscula,,,n. 木本猪毛菜,,,,,0,0,,,
Salsola arbusculiformis,,,n. 白枝猪毛菜,,,,,0,0,,,
Salsola brachiata,,,n. 散枝猪毛菜,,,,,0,0,,,
Salsola chinghaiensis,,,n. 青海猪毛菜,,,,,0,0,,,
Salsola collina,,,猪毛菜,,,,,0,0,,,
Salsola collina Pall.,,,"[医] 沙蓬(茨蓬), 猪毛菜",,,,,0,0,,,
Salsola dshungarica,,,[网络] 准噶尔猪毛菜,,,,,0,0,,,
Salsola ferganica,,,n. 费尔干猪毛菜,,,,,0,0,,,
Salsola foliosa,,,n. 浆果猪毛菜,,,,,0,0,,,
Salsola heptapotamica,,,n. 钝叶猪毛菜,,,,,0,0,,,
Salsola iberica,,,[网络] 猪毛菜,,,,,0,0,,,
Salsola ikonnikovii,,,n. 蒙古猪毛菜,,,,,0,0,,,
Salsola implicata,,,n. 密枝猪毛菜,,,,,0,0,,,
Salsola junatovii,,,n. 天山猪毛菜,,,,,0,0,,,
Salsola kali,,,[网络] 钾猪毛菜；盐草；钾沙蓬,,,,,0,0,s:salsola kalis,,
Salsola kali tenuifolia,,,[网络] 莎莎菜kali tenuifolia,,,,,0,0,s:salsola kali tenuifolias,,
salsola kali tenuifolias,,,[网络] 莎莎菜kali tenuifolia\n(salsola kali tenuifolia 的复数),,,,,0,0,0:salsola kali tenuifolia/1:s,,
salsola kalis,,,[网络] 钾猪毛菜；盐草；钾沙蓬\n(salsola kali 的复数),,,,,0,0,0:salsola kali/1:s,,
Salsola komarovii,,,n. 无翅猪毛菜,,,,,0,0,,,
Salsola korshinskyi,,,n. 褐翅猪毛菜,,,,,0,0,,,
Salsola L.,,,[医] 猪毛菜属,,,,,0,0,,,
Salsola lanata,,,n. 短柱猪毛菜,,,,,0,0,,,
Salsola laricifolia,,,松叶猪毛菜,,,,,0,0,,,
Salsola micranthera,,,n. 小药猪毛菜,,,,,0,0,,,
Salsola monoptera,,,n. 单翅猪毛菜,,,,,0,0,,,
Salsola nepalensis,,,n. 尼泊尔猪毛菜,,,,,0,0,,,
Salsola nitraria,,,n. 钠猪毛菜,,,,,0,0,,,
Salsola orientalis,,,n. 东方猪毛菜,,,,,0,0,,,
Salsola passerina,,,珍珠猪毛菜,,,,,0,0,,,
Salsola paulsenii,,,n. 长刺猪毛菜,,,,,0,0,,,
Salsola pellucida,,,n. 薄翅猪毛菜,,,,,0,0,,,
Salsola pestifer,,,[网络] 刺蓬；刺沙蓬,,,,,0,0,,,
Salsola praecox,,,n. 早熟猪毛菜,,,,,0,0,,,
Salsola richteri,,,[医] 鹿尾草,,,,,0,0,,,
Salsola rosacea,,,n. 蔷薇猪毛菜,,,,,0,0,,,
Salsola ruthenica,,,n. 刺沙蓬,,,,,0,0,,,
Salsola ruthenica lljin.,,,[医] 刺沙蓬(ㄑ篷棵),,,,,0,0,,,
Salsola sinkiangensis,,,新疆猪毛菜,,,,,0,0,,,
Salsola soda,,,[网络] 苏打猪毛菜,,,,,0,0,s:salsola sodas,,
salsola sodas,,,[网络] 苏打猪毛菜\n(salsola soda 的复数),,,,,0,0,0:salsola soda/1:s,,
Salsola subcrassa,,,n. 粗枝猪毛菜,,,,,0,0,,,
Salsola sukaczevii,,,n. 长柱猪毛菜,,,,,0,0,,,
Salsola tamariscina,,,n. 柽柳叶猪毛菜,,,,,0,0,,,
Salsola tragus,,,[网络] 刺沙蓬,,,,,0,0,,,
Salsola zaidamica,,,n. 柴达木猪毛菜,,,,,0,0,,,
"Salsola, Torrent",,,[地名] 萨尔索拉河 ( 意 ),,,,,0,0,,,
salsolaceous,,,[网络] 唾液酸,,,,,0,0,,,
salsolas,,,[网络] 莎莎菜,,,,,0,0,0:salsola/1:s,,
salsolidine,,,[医] 鹿尾草副硷,,,,,0,0,,,
salsoline,'sælsәuli:n,,"猪毛菜碱, 沙耳苏林, 鹿尾草碱",,,,,0,0,,,
salsolinol,,,"去甲猪毛菜碱,猪毛菜酚",,,,,0,0,,,
Salsomaggiore Terme,,,[地名] 萨尔索马焦雷泰尔梅 ( 意 ),,,,,0,0,,,
salss,,,[网络] 邢多多先生,,,,,0,0,,,
salster,,,[网络] 萨尔斯特,,,,,0,0,,,
salsugineus,,,[网络] 喜盐黄耆,,,,,0,0,,,
salsuginous,sæl'su:dʒәnәs,a. Growing in brackish places or in salt marshes.,盐渍地生的,,,,,0,0,,,
salsula,,,[网络] 苦马豆,,,,,0,0,,,
salsure,,,[网络] 腌制,,,,,0,0,,,
salsus,'sælsəs,,生于盐地的,,,,,0,0,,,
salt,sɒ:lt,n. a compound formed by replacing hydrogen in an acid by a metal (or a radical that acts like a metal)\nn. white crystalline form of especially sodium chloride used to season and preserve food\nn. the taste experience when common salt is taken into the mouth\nv. add salt to,"n. 盐, 风趣, 刺激\na. 含盐的, 咸的, 风趣的, 辛辣的\nvt. 加盐于, 用盐腌",v:1/j:1/n:98,3,1,zk gk cet4 cet6 ky,2536,1571,s:salts/d:salted/i:salting/p:salted/3:salts,,
salt & pepper set,,,椒面缸,,,,,0,0,,,
salt ... away,,,na. 腌制；积蓄；〈美〉投资；〈美俚〉大骂一顿\n[网络] 储蓄；保存；搁置,,,,,0,0,,,
salt a false account,,,做假账,,,,,0,0,,,
salt a mine,,,"用较好的矿样撒在矿床里,使矿床看起来丰富",,,,,0,0,,,
salt accumulation,sɔ:lt,,盐分积累,,,,,0,0,,,
salt acid,,,[网络] 酸式盐,,,,,0,0,,,
salt action,,,[医] 盐作用,,,,,0,0,,,
salt addition,,,[网络] 盐类的添加,,,,,0,0,,,
salt affected soil,,,碱土壤,,,,,0,0,,,
salt age value,,,值，折余值,,,,,0,0,,,
salt agglutination,,,[医] 盐凝集,,,,,0,0,,,
salt air,,,[网络] 海风；萨特航空公司；咸味的天空,,,,,0,0,,,
salt air heat exchanger,,,盐空气热交换器,,,,,0,0,,,
salt ammonoium,,,铵盐,,,,,0,0,,,
salt an account,,,虚报帐目,,,,,0,0,,,
salt and flux bath,,,un. 盐浴或焊剂浴,,,,,0,0,,,
salt and halite deposit,sɔ:lt ænd ˈhælait diˈpɔzit,, 盐和石盐矿床,,,,,0,0,,,
salt and pepper,,,adj. 椒盐色的；〈美口〉由黑人和白人混合组成的\nn. (黑白点相间的)椒盐色(织物)\n[网络] 盐和胡椒；盐与白胡椒少许；盐和胡椒粉,,,,,0,0,,,
salt and pepper fracture,ˈsɔ:ltənˈpepə,,局部珠光体化断口,,,,,0,0,,,
salt and pepper sand,,,杂灰色沙,,,,,0,0,,,
salt and rob,,,[俚语]攻击和劫掠,,,,,0,0,,,
salt annealing,sɔ:lt æˈni:liŋ,, 盐浴退火,,,,,0,0,,,
salt antichinal trap,,,盐背斜圈闭,,,,,0,0,,,
salt anticline,,,盐背斜,,,,,0,0,,,
salt as a herring,,,"咸得像腌鲱鱼,极咸",,,,,0,0,,,
salt as brine,,,"咸得像腌鲱鱼,极咸",,,,,0,0,,,
salt as fire,,,极咸的,,,,,0,0,,,
salt atmosphere,,,盐雾,,,,,0,0,,,
salt atmosphere test,,,盐雾试验,,,,,0,0,,,
salt away,,,腌肉,,,,,0,0,,,
salt away something,,,[网络] 吃东西,,,,,0,0,,,
salt balance,,,盐分平衡,,,,,0,0,,,
Salt Basin,,,[地名] 索尔特盆地 ( 美 ),,,,,0,0,,,
salt bath,,,[化] 盐浴,,,,,0,0,,,
salt bath annealing,,,盐浴退火,,,,,0,0,,,
salt bath brazing,,,[化] 盐浴钎焊; 盐浴钎浸焊,,,,,0,0,,,
salt bath carburizer,,,盐浴渗碳剂,,,,,0,0,,,
salt bath carburizing,,,盐浴渗碳,,,,,0,0,,,
salt bath case hardening,,,盐浴表面硬化,,,,,0,0,,,
salt bath chromizing,,,[网络] 盐浴渗铬；熔盐渗铬,,,,,0,0,,,
salt bath cleaning,,,盐浴清洁法,,,,,0,0,,,
salt bath cure,,,盐浴固化,,,,,0,0,,,
salt bath descaling,,,[网络] 盐浴除锈；盐液除锈；盐浴去锈,,,,,0,0,,,
salt bath dip brazing,,,un. 盐浴浸渍钎焊；盐浴钎焊,,,,,0,0,,,
salt bath electric furnace,,,盐浴电炉,,,,,0,0,,,
salt bath electrode furnace,,,电极盐浴炉,,,,,0,0,,,
salt bath furn,,,[机] 盐浴炉,,,,,0,0,,,
salt bath furnace,,,盐浴炉,,,,,0,0,,,
salt bath furnace transformer,,,盐浴炉变压器,,,,,0,0,,,
salt bath furnace with immersed electrodes,,,插入式电极盐浴 炉,,,,,0,0,,,
salt bath furnace with submerged electrodes,,,埋入式电极盐浴 炉,,,,,0,0,,,
salt bath hardening,,,盐浴淬火,,,,,0,0,,,
salt bath heat treatment,,,un. 盐浴热处理\n[网络] 塩浴热処理,,,,,0,0,,,
salt bath medium,,,[机] 盐浴剂,,,,,0,0,,,
salt bath nitriding medium,,,盐浴渗氮剂,,,,,0,0,,,
salt bath nitrocarburizing,,,液体氮碳共渗,,,,,0,0,,,
salt bath nitrocarburizing medium,,,盐浴氮碳共渗剂,,,,,0,0,,,
salt bath patenting,,,un. 盐浴索氏体化处理,,,,,0,0,,,
salt bath quench,,,[机] 盐浴淬火,,,,,0,0,,,
salt bath quenching,,,[化] 盐浴淬火,,,,,0,0,,,
salt bath sintering,,,un. 盐浴烧结,,,,,0,0,,,
salt bearing liquid wastes,,,盐废液,,,,,0,0,,,
salt bed,,,盐床;盐层,,,,,0,0,,,
salt beef,,,[英国英语]罐装咸牛肉,,,,,0,0,,,
salt block,,,盐块;盐砖,,,,,0,0,,,
salt bloom,,,盐花(假霉),,,,,0,0,,,
salt bond,,,盐键,,,,,0,0,,,
salt books,,,虚报账册,,,,,0,0,,,
salt bottom,,,un. 盐碱低地\n[网络] 盐滩；盐层覆盖的土地,,,,,0,0,,,
salt box,,,提盐器,,,,,0,0,,,
salt brick,,,盐砖,,,,,0,0,,,
salt bridge,,,[化] 盐桥,,,,,0,0,,,
salt brine,,,[化] 盐水; 盐汁,,,,,0,0,,,
salt burn,,,"盐灼(盐度过浓),盐烧",,,,,0,0,,,
salt burning,,,盐烧， 盐灼,,,,,0,0,,,
salt burst,,,un. 盐爆,,,,,0,0,,,
salt bush,,,盐性灌木,,,,,0,0,,,
salt cake,,,"盐饼,芒硝",,,,,0,0,,,
salt cake glass,,,[化] 硫酸盐玻璃,,,,,0,0,,,
salt cake pan,,,芒硝锅,,,,,0,0,,,
salt cake roaster,,,"马弗芒硝炉,闭式芒硝烤炉,下焰芒硝炉",,,,,0,0,,,
salt cake rotary screen,,,芒硝回转筛,,,,,0,0,,,
salt carrier,,,盐背子,,,,,0,0,,,
salt carry over,,,分携带,,,,,0,0,,,
salt cast,,,盐斑,,,,,0,0,,,
salt catch,,,受盐器,,,,,0,0,,,
salt catcher,,,受盐器,,,,,0,0,,,
Salt Cay,,,[地名] 索尔特岛 ( 巴哈、特克 ),,,,,0,0,,,
salt cedar,,," [植物]柽柳（Tamarix gallica,产于地中海地区）[亦作 French tamarisk]",,,,,0,0,,,
salt cedars,,,[网络] 盐雪松,,,,,0,0,,,
salt cellar,sɔ:lt ˈselə,,"n. （餐桌上的）盐瓶, 盐皿",,,,,0,0,,,
salt cellars,,,n. （餐桌上的）盐瓶，盐皿( salt cellar的名词复数 ),,,,,0,0,,,
salt cement,,,含盐水泥,,,,,0,0,,,
salt chamber,,,受盐器,,,,,0,0,,,
salt chuck,,,盐水贮木池,,,,,0,0,,,
salt clay,,,un. 盐土,,,,,0,0,,,
salt cod,,,[网络] 盐鳕鱼；盐渍鳕鱼；腌鳕鱼,,,,,0,0,,,
salt cods,,,[网络] 盐鳕鱼,,,,,0,0,,,
salt community,,,盐生群落,,,,,0,0,,,
salt concentration,,,含盐浓度,,,,,0,0,,,
salt concentration obstacle on protected land,,,保护地盐害,,,,,0,0,,,
salt containing strip solution,,,un. 含盐洗提液,,,,,0,0,,,
salt content,,,含盐量,,,,,0,0,,,
salt content of crude oil,,,原油含盐量,,,,,0,0,,,
salt controllable dye,,,盐制性染料,,,,,0,0,,,
salt conveyor,,,板条运送机,,,,,0,0,,,
salt cooled valve,,,盐冷气瓣,,,,,0,0,,,
salt correction,,,盐度校正,,,,,0,0,,,
salt corrosion,,,盐腐蚀,,,,,0,0,,,
salt corry,,,盐质洼地,,,,,0,0,,,
salt cote,,,"泉,盐矿[井]",,,,,0,0,,,
Salt Creek,,,[地名] 索尔特溪 ( 美 ),,,,,0,0,,,
salt crust,,,盐结度,,,,,0,0,,,
salt crystallization,,,盐结晶作用,,,,,0,0,,,
salt cure,,,"盐渍, 盐腌",,,,,0,0,,,
salt curing,,,盐腌,,,,,0,0,,,
salt damage,,,盐害,,,,,0,0,,,
salt deficiency,,,"缺盐, 缺盐症",,,,,0,0,,,
salt deficient dehydration,,,缺盐性脱水,,,,,0,0,,,
salt deficit,,,缺盐,,,,,0,0,,,
salt dehydration,,,岩盐脱水法,,,,,0,0,,,
salt denaturation,,,盐变性,,,,,0,0,,,
salt depletion,,,[医] 缺盐,,,,,0,0,s:salt depletions,,
salt depletion syndrome,,,[医] 缺盐综合征,,,,,0,0,,,
salt depletions,,,[医] 缺盐\n(salt depletion 的复数),,,,,0,0,0:salt depletion/1:s,,
salt deposit,,,盐层,,,,,0,0,,,
salt desert,,,盐漠,,,,,0,0,,,
salt detector,,,盐分探测器,,,,,0,0,,,
salt diapir,,,盐刺穿;盐丘;底辟盐丘,,,,,0,0,,,
salt diapir screened hydrocarbon reservoir,,,盐丘遮挡油气藏,,,,,0,0,,,
salt diapirism,,,盐底辟(作用),,,,,0,0,,,
salt dike,,,盐脉,,,,,0,0,,,
salt dilution method,,,盐渍稀释法,,,,,0,0,,,
salt dissolver,,,溶盐器,,,,,0,0,,,
salt dissolving tank,,,[化] 化盐桶,,,,,0,0,,,
salt dome,sɔ:lt dəum,, 盐丘,,,,,0,0,,,
salt dome pool,,,盐丘油[气]层,,,,,0,0,,,
salt dome trap,,,盐丘圈闭,,,,,0,0,,,
salt domes,,,[网络] 盐丘；盐穹；岩丘,,,,,0,0,,,
salt door,,,泥渣孔,,,,,0,0,,,
salt down,,,训斥,,,,,0,0,,,
salt down stock,,,[经] 掩藏(贮存)股票,,,,,0,0,,,
salt drier,,,"食盐干燥机,烘盐机",,,,,0,0,,,
salt dune,,,盐丘,,,,,0,0,,,
salt edema,,,"[医] 食盐性水肿, 摄盐过多性水肿",,,,,0,0,,,
salt effect,,,[化] 盐效应,,,,,0,0,,,
salt efflorescence,,,盐霜,,,,,0,0,,,
salt elimination,,,排盐,,,,,0,0,,,
salt endurance,,,耐盐性,,,,,0,0,,,
salt entrain,,,分携带,,,,,0,0,,,
salt error,,,[化] 盐误差,,,,,0,0,,,
salt eutectic,,,"低熔共晶盐,盐类共晶",,,,,0,0,,,
salt evaporator,,,盐田*,,,,,0,0,,,
salt exclasion,,,除盐,,,,,0,0,,,
salt exclusion,,,拒盐,,,,,0,0,,,
salt excretion,,,泌盐,,,,,0,0,,,
salt extract,,,盐渍提液,,,,,0,0,,,
salt extraction,,,盐萃取,,,,,0,0,,,
salt extractor,,,提盐器,,,,,0,0,,,
salt farm,,,"晒盐场,盐田",,,,,0,0,,,
salt feeder,,,加盐器,,,,,0,0,,,
salt fever,,,[医] 食盐热,,,,,0,0,,,
salt field,,,盐场,,,,,0,0,,,
salt figure,,,盐值,,,,,0,0,,,
salt filled exhaust,,,un. 盐冷排气阀,,,,,0,0,,,
salt filled exhaust valve,,,盐冷排气阀,,,,,0,0,,,
salt filter,,,盐器,,,,,0,0,,,
salt filtration,,,un. 盐雾过滤,,,,,0,0,,,
salt finger,,,盐指,,,,,0,0,,,
salt finger structure,,,盐指构造,,,,,0,0,,,
salt fingering,,,盐指扩展,,,,,0,0,,,
salt fingers,,,[网络] 盐指学说,,,,,0,0,,,
salt fish,,, 腌鱼；咸鱼,,,,,0,0,,,
salt flat,sɔ:lt flæt,, 盐滩,,,,,0,0,s:salt flats,,
salt flats,,, 盐滩；盐坪,,,,,0,0,0:salt flat/1:s,,
salt flow,,,盐流,,,,,0,0,,,
salt flowage,,,盐流动,,,,,0,0,,,
salt flower,,,un. 盐花\n[网络] 冰花；盐之花,,,,,0,0,,,
salt flowers,,,盐花,,,,,0,0,,,
salt fog,,,盐雾,,,,,0,0,,,
salt fog resistance,,,[材] 耐盐雾腐蚀性,,,,,0,0,,,
salt fog simulated test,,,盐蚀模拟试验,,,,,0,0,,,
salt fog test,,,喷盐雾试验,,,,,0,0,,,
Salt Fork,,,[地名] 索尔特福克 ( 美 ),,,,,0,0,,,
Salt Fork Arkansas River,,,[地名] 阿肯色河索尔特支流 ( 美 ),,,,,0,0,,,
Salt Fork Brazos River,,,[地名] 布拉佐斯河索尔特支流 ( 美 ),,,,,0,0,,,
Salt Fork Red River,,,[地名] 雷德河索尔特支流 ( 美 ),,,,,0,0,,,
salt form of ion-exchanger,,,盐形离子交换剂,,,,,0,0,,,
salt fractionation,,,盐分级分离,,,,,0,0,,,
salt fretting,,,盐蚀〔作用〕,,,,,0,0,,,
salt frog,,,[医] 盐水蛙(用盐水维持循环的蛙),,,,,0,0,,,
salt furnace,,,煮盐锅,,,,,0,0,,,
salt ga(u)ge,,,盐度计,,,,,0,0,,,
salt gage,,,盐浮计；盐水比重计,,,,,0,0,,,
salt garden,,,盐池,,,,,0,0,,,
salt gauge,,,"盐浮计,盐水比重计",,,,,0,0,,,
salt geology,,,岩盐地质学,,,,,0,0,,,
salt glacier,,,【地质学】盐冰川(盐栓成舌形在坡上伸下),,,,,0,0,,,
salt gland,sɔ:lt ɡlænd,, 盐腺,,,,,0,0,,,
salt glands,,,盐腺,,,,,0,0,,,
salt glaze,,,盐釉;盐釉,,,,,0,0,,,
salt glazed brick,,,un. 瓷砖\n[网络] 盐釉瓷砖,,,,,0,0,,,
salt glazed stoneware,,,盐釉炻器,,,,,0,0,,,
salt glazing,,,盐釉,,,,,0,0,,,
salt glow,,,[医] 擦盐疗法,,,,,0,0,,,
salt grainer,,,[机] 成盐蒸发器,,,,,0,0,,,
salt grass,,, [植物]盐草属(Distichlis)植物;盐草(Distichlis spicata),,,,,0,0,,,
salt ground,,,撒盐地,,,,,0,0,,,
salt hardening,,,盐(浴)淬(火),,,,,0,0,,,
salt hay,,,[美国英语]干盐草(用作饲料),,,,,0,0,,,
salt haze,,,【气象学】盐霾,,,,,0,0,,,
salt heap,,,盐堆,,,,,0,0,,,
salt heaving,,,盐胀,,,,,0,0,,,
Salt Hill,,,[地名] 索尔特希尔 ( 爱 ),,,,,0,0,,,
salt hopper,,,盐斗,,,,,0,0,,,
salt horse,,,na. 【航】腌牛肉\n[网络] 咸牛肉,,,,,0,0,,,
salt horst,,,盐垒,,,,,0,0,,,
salt hunger,,,盐饥,,,,,0,0,,,
salt hydrate,,,盐合水,,,,,0,0,,,
salt hypertension,,,食盐性高血压,,,,,0,0,,,
SALT I,,,[网络] 限制战略武器谈判分第一次；第一阶段限制战略武器条约；第一阶段限武条约,,,,,0,0,s:salt is,,
Salt I.,,,[地名] 索尔特岛 ( 美 ),,,,,0,0,,,
salt ice,,,"加盐碎冰,冰盐混合物",,,,,0,0,,,
SALT II,,,[网络] 战略武器谈判；战略武器条约；限制战略武器会谈,,,,,0,0,s:salt iis,,
salt iis,,,[网络] 战略武器谈判；战略武器条约；限制战略武器会谈\n(salt ii 的复数),,,,,0,0,0:salt ii/1:s,,
salt in,,,盐(助)溶,,,,,0,0,,,
Salt in a wound,,,[网络] 伤口上撒盐；在伤口上擦盐,,,,,0,0,,,
salt in the wound,,,[网络] 盐焗伤口；伤口撒盐,,,,,0,0,,,
salt incrustation,,,盐结皮,,,,,0,0,,,
salt index,,,(粘胶溶液)盐值,,,,,0,0,,,
salt injury,,,盐害,,,,,0,0,,,
salt inspectorate,,,盐务稽核所,,,,,0,0,,,
salt intake,,,[网络] 盐摄入,,,,,0,0,,,
salt intrusion,,,盐侵,,,,,0,0,,,
salt invasion,,,盐侵,,,,,0,0,,,
salt is,,,[网络] 限制战略武器谈判分第一次；第一阶段限制战略武器条约；第一阶段限武条约\n(salt i 的复数),,,,,0,0,0:salt i/1:s,,
salt isomerism,,,[化] 盐异构化作用; 结构同分异构现象,,,,,0,0,,,
salt junk,,,[航海俚语]咸(生)肉干,,,,,0,0,,,
salt karst,,,盐溶,,,,,0,0,,,
Salt L.,,,[地名] 盐湖 ( 澳、美、南非、印 ),,,,,0,0,,,
salt lagoon facies,,,卤化潟湖相,,,,,0,0,,,
salt lake,sɔ:lt leik,," 盐湖, 盐池",,,,,0,0,,,
salt lake cities,,,盐湖城(美国北部城市，犹他州首府),,,,,0,0,0:salt lake city/1:s,,
Salt Lake City,,,na. 〈美〉盐湖城\n[网络] 犹他州盐湖城；盐湖城机场；盐湖城市中心,,,,,0,0,s:salt lake cities,,
Salt Lake County,,,[地名] 盐湖县 ( 美 ),,,,,0,0,,,
salt lake karst,,,[地质] 盐湖岩溶,,,,,0,0,,,
salt lakes,,,[网络] 盐湖水,,,,,0,0,,,
salt lead,,,盐体超前,,,,,0,0,,,
salt lick,sɔ:lt lik,,n. 动物舐食岩盐的盐渍地,,,,,0,0,s:salt licks,,
salt licks,,,[网络] 盐砖,,,,,0,0,0:salt lick/1:s,,
salt lime,,,硫酸钙,,,,,0,0,,,
salt line,,,盐线,,,,,0,0,,,
salt linkage,,,盐键,,,,,0,0,,,
salt liquor,,,盐水,,,,,0,0,,,
salt manufacture,,,制盐法,,,,,0,0,,,
salt manufacturing,,,制盐,,,,,0,0,,,
Salt March,,,[网络] 盐路长征；食盐长征；食盐进军,,,,,0,0,,,
salt marsh,,,盐沼,,,,,0,0,s:salt marshes,,
salt marsh caterpillar,,,【昆虫】盐泽灯蛾的幼虫，棉黑纹灯蛾的幼虫,,,,,0,0,,,
salt marsh hay,,,盐土沼泽地干草,,,,,0,0,,,
salt marsh mallow,,,[网络] 盐沼麦芽,,,,,0,0,s:salt marsh mallows,,
salt marsh mallows,,,[网络] 盐沼麦芽\n(salt marsh mallow 的复数),,,,,0,0,0:salt marsh mallow/1:s,,
salt marsh organism,,,盐沼生物,,,,,0,0,,,
salt marsh plant,,,盐沼植物,,,,,0,0,,,
salt marshes,,,na. 盐泽\n[网络] 盐沼；盐沼湿地；沼泽地,,,,,0,0,0:salt marsh/1:s,,
salt meadow,sɔ:lt ˈmedəu,, 盐土草原,,,,,0,0,,,
salt merchant,,,[网络] 盐商；行商,,,,,0,0,s:salt merchants,,
salt merchants,,,[网络] 盐商,,,,,0,0,0:salt merchant/1:s,,
salt metabolism,,,盐代谢,,,,,0,0,,,
salt meter,,,盐浮计,,,,,0,0,,,
salt mine,sɔ:lt main,,n. 岩盐坑，岩盐产地; 盐矿; 盐井,,,,,0,0,s:salt ours,,
salt mine disposal,,,矿处置,,,,,0,0,,,
salt mine repository,,,矿处置库,,,,,0,0,,,
salt mines,,,[矿业] 盐矿；岩盐产地；岩盐坑,,,,,0,0,,,
salt mist,,,盐雾,,,,,0,0,,,
salt mist test,,,盐雾试验,,,,,0,0,,,
salt mixture,,,(熔化)盐(热载体)混合物,,,,,0,0,,,
salt monopoly,,,盐专卖,,,,,0,0,,,
salt nuclei,,,盐核,,,,,0,0,,,
salt nucleus,,,盐核,,,,,0,0,,,
salt of hartshorn,,,纳托耳碱茅,,,,,0,0,,,
salt of lemery,,,[机] 硫酸钾,,,,,0,0,,,
salt of lemon,,,"[化] 草酸氢钾\n[医] 柠檬盐, 草酸氢钾",,,,,0,0,,,
salt of organic acid,,,有机酸盐,,,,,0,0,,,
salt of phosphorus,,,【化学】磷酸氢铵钠(= sodium ammonium phosphate),,,,,0,0,,,
salt of Saturn,,,Plumbi Acetas,,,,,0,0,,,
salt of sorrel,,,"[化] 四草酸钾; 二草酸三氢钾\n[医] 酸性草酸盐, 草酸氢钾",,,,,0,0,,,
salt of tartar,,,[化] 酒石酸氢钾,,,,,0,0,,,
salt of the earth,,,"优秀公民,社会精华,人间楷模",,,,,0,0,,,
salt of vitriol,,,"[医] 矾盐, 硫酸锌",,,,,0,0,,,
salt of weak acid,,,弱酸盐,,,,,0,0,,,
salt of wisdom,,,"[医] 智盐, 氯化汞铵",,,,,0,0,,,
salt of youth,,,"朝气蓬勃,血气方刚,青春的活力",,,,,0,0,,,
salt ours,,,n. 岩盐坑，岩盐产地; 盐矿; 盐井\n(salt mine 的复数),,,,,0,0,0:salt mine/1:s,,
salt out,,,盐析,,,,,0,0,,,
salt oven,,,盐釜;煮盐锅,,,,,0,0,,,
salt pack,,,[医] 盐水裹法,,,,,0,0,,,
salt pan,,,[机] 盐池,,,,,0,0,,,
salt pan scale,,,(煮)盐锅巴,,,,,0,0,,,
salt pans,,,[网络] 盐田,,,,,0,0,,,
salt particle,,,盐粒,,,,,0,0,,,
salt passage,,,盐透过率,,,,,0,0,,,
salt patenting,,,"盐浴淬火,盐浴等温处理",,,,,0,0,,,
salt pattern,,,盐模,,,,,0,0,,,
salt penetration,,,盐渗透,,,,,0,0,,,
salt peter,,,硝石,,,,,0,0,,,
salt physicochemistry,,,[物化] 盐物理化学,,,,,0,0,,,
salt pian,,,硷水地,,,,,0,0,,,
salt pickling,,,盐腌(法),,,,,0,0,,,
salt pig,,,[网络] 盐猪,,,,,0,0,,,
salt pillar,,,岩盐柱﹐盐柱,,,,,0,0,,,
salt pillow,,,盐枕,,,,,0,0,,,
salt pit,,,n. 盐坑,,,,,0,0,,,
salt plain,,,[网络] 盐平原,,,,,0,0,s:salt plains,,
salt plains,,,[网络] 盐原,,,,,0,0,0:salt plain/1:s,,
salt plant,,,盐土植物,,,,,0,0,,,
salt plasma,,,[医] 中性盐血浆,,,,,0,0,,,
salt playa,,,干盐湖,,,,,0,0,,,
salt plug,,,盐栓;盐柱,,,,,0,0,,,
salt plug pool,,,盐栓油层,,,,,0,0,,,
Salt Point,,,[地名] 索尔特波因特 ( 美 ),,,,,0,0,,,
salt point tset,,,盐值测定,,,,,0,0,,,
salt poisoning,,,食盐中毒,,,,,0,0,,,
salt pollution,,,盐污染,,,,,0,0,,,
salt polygon,,,un. 盐多边形,,,,,0,0,,,
salt polymer,,,[化] 盐聚体,,,,,0,0,,,
salt pond,,,盐池,,,,,0,0,,,
salt pork,,, 腌猪肉,,,,,0,0,s:salt porks,,
salt porks,,,[网络] 咸猪肉,,,,,0,0,0:salt pork/1:s,,
salt prairie,,,"盐硷平原, 盐原",,,,,0,0,,,
salt precipitation,,,盐沉淀,,,,,0,0,,,
salt price,,,"漫天要价,乱开价,暴利价格",,,,,0,0,,,
salt prices,,,"乱开价,漫天要价",,,,,0,0,,,
salt prism,,,石盐棱镜,,,,,0,0,,,
salt producer,,,盐商,,,,,0,0,,,
salt provisions,,,[网络] 咸货,,,,,0,0,,,
salt proximity survey,,,盐体邻近测勘,,,,,0,0,,,
Salt R.,,,[地名] 索尔特河 ( 美 ),,,,,0,0,,,
salt ra.,,,盐岭,,,,,0,0,,,
salt rack,,,(家畜)食盐架,,,,,0,0,,,
salt rampart,,,盐障,,,,,0,0,,,
Salt Range,,,[地名] 盐岭 ( 巴基 ),,,,,0,0,,,
salt receiver,,,受盐器，集盐器,,,,,0,0,,,
salt receptor cell,,,[昆] 盐受器细胞,,,,,0,0,,,
salt reed grass,,,[网络] 盐芦草,,,,,0,0,s:salt reed grasses,,
salt reed grasses,,,[网络] 盐芦草\n(salt reed grass 的复数),,,,,0,0,0:salt reed grass/1:s,,
salt regulation,,,盐分调节,,,,,0,0,,,
salt rejection,,,脱盐,,,,,0,0,,,
salt rejection ratio,,,排除率(排盐率),,,,,0,0,,,
salt residual,,,盐体剩余,,,,,0,0,,,
salt resistance,,,抗盐性,,,,,0,0,,,
salt respiration,,,盐呼吸,,,,,0,0,,,
salt retention,,,盐潴留,,,,,0,0,,,
salt rheum,," A popular name, esp. in the United States, for various\n   cutaneous eruptions, particularly for those of eczema. See Eczema.",[医] 湿疹,,,,,0,0,,,
salt rheums,,,[网络] 盐风湿,,,,,0,0,,,
salt ribbon,,,盐带,,,,,0,0,,,
Salt River,,, [地名] [牙买加] 索尔特里弗,,,,,0,0,,,
Salt River Indian Reservation,,,[地名] 索尔特河印第安人居留地 ( 美 ),,,,,0,0,,,
salt roasting,,,n. 加盐焙烧(食盐氯化焙烧),,,,,0,0,,,
salt rock,,,岩盐,,,,,0,0,,,
salt rush,,,[网络] 盐冲,,,,,0,0,s:salt rushes,,
salt rushes,,,[网络] 盐冲\n(salt rush 的复数),,,,,0,0,0:salt rush/1:s,,
salt rust,,,盐霜,,,,,0,0,,,
salt sacking,,,粗糙织物,,,,,0,0,,,
salt saturated slurry,,,饱和盐水水泥浆,,,,,0,0,,,
salt screen,,,[化] 荧光屏,,,,,0,0,,,
salt sea,,,[网络] 盐海；死海；咸海,,,,,0,0,,,
salt secretion,sɔ:lt sɪˈkri:ʃən,, 盐分泌,,,,,0,0,,,
salt section,,,水盐段,,,,,0,0,,,
salt sedative,,,[网络] 盐镇静剂,,,,,0,0,,,
salt seeding,,,盐粉种云,,,,,0,0,,,
salt sensitiveness,,,盐分敏感性,,,,,0,0,,,
salt sensitivity,,,盐敏感性,,,,,0,0,,,
salt separator,,,析盐器,,,,,0,0,,,
salt setting tank,,,盐沉清器,,,,,0,0,,,
salt settler,,,盐沉清器,,,,,0,0,,,
salt shake,,,[美国英语] = salt shaker,,,,,0,0,,,
salt shaker,sɔ:lt ˈʃeikə,,n. 盐瓶,,,,,0,0,s:salt shakers,,
salt shakers,,,n. 食盐瓶\n[网络] 盐碟,,,,,0,0,0:salt shaker/1:s,,
salt sick,,,盐病,,,,,0,0,,,
salt sickness,,,"[医] 丛林病, 地方性牛羊消瘦病",,,,,0,0,,,
salt slurry,,,[化] 盐泥,,,,,0,0,,,
salt soap grease,,,盐-皂润滑剂,,,,,0,0,,,
salt soil,,,盐性土,,,,,0,0,,,
salt solustion mehtod,,,盐溶液法,,,,,0,0,,,
salt solution,,,盐水,,,,,0,0,,,
salt solution method,,,盐水浓度法,,,,,0,0,,,
salt something away,sɔ:lt ˈsʌmθiŋ əˈwei,, （非正式）私下积攒（尤指钱）,,,,,0,0,,,
salt something out,sɔ:lt ˈsʌmθiŋ aut,, 加盐使皂从碱液中分离出来,,,,,0,0,,,
salt splitting capacity,,,中性盐分解容量,,,,,0,0,,,
salt spoon,,,盐匙,,,,,0,0,,,
salt spray,,,盐沫,,,,,0,0,,,
salt spray chamber,,,盐水喷雾室,,,,,0,0,,,
salt spray character,,,[网络] 盐雾特性,,,,,0,0,,,
salt spray climax,,,"盐风演替顶极,盐气演替顶极",,,,,0,0,,,
salt spray corrosion test,,,盐喷腐蚀试验,,,,,0,0,,,
salt spray corrosion test chamber,,,盐雾腐蚀试验箱,,,,,0,0,,,
salt spray device,,,[网络] 盐雾试验箱；盐雾发生装置,,,,,0,0,,,
salt spray filter,,,盐雾过滤器,,,,,0,0,,,
salt spray fog corrosion,,,雾腐蚀,,,,,0,0,,,
salt spray generator,,,盐雾发生装置,,,,,0,0,,,
salt spray method,,,un. 盐雾腐蚀试验法,,,,,0,0,,,
salt spray resistance,,,[材] 耐盐雾性,,,,,0,0,,,
salt spray test,,,盐水喷雾(耐蚀)试验;盐雾试验;喷盐试验,,,,,0,0,,,
salt spreader,,,盐粒撒布器,,,,,0,0,,,
salt spreading,,,[公路] 撒盐,,,,,0,0,,,
salt spring,,,盐泉,,,,,0,0,,,
Salt Springs,,,[地名] 索尔特斯普林斯 ( 美 ),,,,,0,0,,,
salt spue,,,[化] 盐霜,,,,,0,0,,,
salt starvation,,,[医] 盐饥,,,,,0,0,,,
salt status,,,盐分状况,,,,,0,0,,,
salt steppe,,,盐土干草原;盐渍草原,,,,,0,0,,,
salt sth away,,,"贮存, 积蓄, 储蓄",,,,,0,0,,,
salt stick,,,撒盐硬皮面包卷,,,,,0,0,,,
salt stock,,,盐株,,,,,0,0,,,
salt stock pickle,,,盐腌物，盐腌黄瓜,,,,,0,0,,,
salt stock pickles,,,不加香料的泡酸菜,,,,,0,0,,,
salt stone,,,盐石,,,,,0,0,,,
salt stress,,,盐胁迫,,,,,0,0,,,
salt structure,,,盐体构造,,,,,0,0,,,
salt substance,,,咸味剂,,,,,0,0,,,
salt substitute,,,un. 食盐代用品\n[网络] 食盐替代品；代盐品；替代盐,,,,,0,0,,,
salt substitutes,,,[网络] 代盐,,,,,0,0,,,
salt substrate,,,[网络] 盐基底,,,,,0,0,,,
salt succulence,,,盐肉质化,,,,,0,0,,,
salt swamp,,,盐土沼泽,,,,,0,0,,,
salt system,,,盐系统,,,,,0,0,,,
salt table,,,"盐柱面, 盐台，盐株平原",,,,,0,0,,,
salt tablet,,,食盐片剂,,,,,0,0,,,
salt taste,,,咸味,,,,,0,0,,,
salt tax,,,盐税,,,,,0,0,,,
salt tectonics,,,盐构造,,,,,0,0,,,
salt temperature,,,盐浴温度,,,,,0,0,,,
salt temperature deep cable winch,,,温盐深电缆绞车,,,,,0,0,,,
salt test,,,"[医] 盐试验(用盐水作皮内试验,检查四肢外周循环)",,,,,0,0,,,
salt the book,,,在账册中虚报收益,,,,,0,0,,,
salt the cow to catch the calf,,,〈美口〉用转弯抹角的手段来达到目的,,,,,0,0,,,
salt thermostat,,,盐恆温器,,,,,0,0,,,
salt tolerance,,,耐盐性,,,,,0,0,,,
salt tolerance of crops,,,作物耐盐[碱]能力,,,,,0,0,,,
salt tolerant,,,耐盐性的,,,,,0,0,,,
salt tolerant bacteria,,,耐盐[细]菌,,,,,0,0,,,
salt tolerant crop,,,耐盐作物,,,,,0,0,,,
salt tolerant microorganism,,,耐盐微生物,,,,,0,0,,,
salt tolerence,,,耐盐性,,,,,0,0,,,
salt tra,,,食盐贸易,,,,,0,0,,,
salt tree,,, 盐豆木属(Tamarix)植物; 盐豆木树(Tamarix aphylla); 无叶柽柳[亦作 athel tree],,,,,0,0,s:salt trees,,
salt trees,,,【植物】；盐豆木属(Tamarix)植物,,,,,0,0,0:salt tree/1:s,,
salt truck,,, = gritter,,,,,0,0,,,
salt up,,,沉出盐粒,,,,,0,0,,,
salt velocity meter,,,[仪] 盐流速测量计,,,,,0,0,,,
salt velocity metre,,,【工程】盐流速测量计，盐液流速计,,,,,0,0,,,
salt wall,,,= salt anticline,,,,,0,0,,,
salt wash,,,盐(水)洗(涤),,,,,0,0,,,
salt water,,,[化] 海水,,,,,0,0,,,
salt water activated battery,,,un. 海水电池,,,,,0,0,,,
Salt water and absence wash away love.,,,[谚语]远航久别恩情疏。,,,,,0,0,,,
salt water arrival draught,,,[网络] 抵港时海水吃水,,,,,0,0,,,
salt water battery,,,海水电池,,,,,0,0,,,
salt water circulating distiller,,,[网络] 循环海水制淡装置,,,,,0,0,,,
salt water circulating pump,,,盐水循环泵,,,,,0,0,,,
salt water clay,,,盐性黏土,,,,,0,0,,,
salt water contamination,,,盐水侵,,,,,0,0,,,
salt water conversion facility,,,盐水转化装置,,,,,0,0,,,
salt water cooling system,,,水冷却系统,,,,,0,0,,,
salt water cooling tower,,,海水冷却塔,,,,,0,0,,,
salt water corrosion,,,盐水腐蚀,,,,,0,0,,,
salt water density correction,,,[网络] 海水密度校正,,,,,0,0,,,
salt water disposal,,,油层产出水处理,,,,,0,0,,,
salt water draught,,,[网络] 海水吃水,,,,,0,0,,,
salt water encroachment,,,盐水侵害,,,,,0,0,,,
salt water evaporator,,,[网络] 海水蒸发器,,,,,0,0,,,
salt water heater,,,[网络] 海水加热器,,,,,0,0,,,
salt water ice,,,un. 咸水冰\n[网络] 海上制成的冰块,,,,,0,0,,,
salt water immersion test,,,盐水浸溃试验,,,,,0,0,,,
salt water ingestion tset,,,[网络] 喷盐雾试验,,,,,0,0,,,
salt water intrusion,,,海水浸入;盐水入侵,,,,,0,0,,,
salt water lake,,,咸水湖,,,,,0,0,,,
salt water loadline,,,[网络] 海水吃水线,,,,,0,0,,,
salt water mud,,,盐水泥浆,,,,,0,0,,,
salt water pollution,,,海水污染,,,,,0,0,,,
salt water pump,,,[网络] 海水泵；盐水泵；海水抽水机,,,,,0,0,,,
salt water resistance,,,[材] 耐盐水性,,,,,0,0,,,
salt water sanitary pump,,,海水卫生泵,,,,,0,0,,,
salt water shut-in allowable,,,[经] 盐水关闭津贴,,,,,0,0,,,
salt water soap,,,海水用肥皂,,,,,0,0,,,
salt water wedge,,,盐[水]楔,,,,,0,0,,,
salt water well,,,盐水井,,,,,0,0,,,
salt weathering,sɔ:lt ˈweðəriŋ,, 盐风化,,,,,0,0,,,
salt wedge,,,盐水楔,,,,,0,0,,,
salt wedge estuary,,,盐楔河口,,,,,0,0,,,
salt wedge in estuary,,,盐水楔,,,,,0,0,,,
salt well,,,n. 盐井,,,,,0,0,,,
salt wind,,,海风,,,,,0,0,,,
salt with,,,为调味而在…中加(盐); 把…撒在…上; 〈非正〉因…更风趣,,,,,0,0,,,
salt work,,,[制]盐厂,,,,,0,0,,,
salt works,,,盐厂,,,,,0,0,,,
salt yolk,,,"加盐蛋黄液,腌黄",,,,,0,0,,,
"SALT, Salt",sɔ:lt,,abbr. Strategic Arms Limitation Talks (美苏之间的)限制战略武器会谈,,,,,0,0,,,
salt-affected soil,,,盐渍土壤,,,,,0,0,,,
salt-ammoniac,,,磠砂 ; 铵盐溶剂,,,,,0,0,,,
salt-and-pepper,,, = pepper-and-salt,j:100,,,,0,0,,,
salt-and-pepper sand,,,【地质学】杂灰色沙,,,,,0,0,,,
salt-bath,,,[机] 盐浴,,,,,0,0,,,
salt-bath brazing,,,盐槽焊接,,,,,0,0,,,
salt-bath chromizing,,,盐浴渗铬,,,,,0,0,,,
salt-bath descaling,,,盐浴除鳞,,,,,0,0,,,
salt-bath dip brazing,,,[化] 盐浴钎焊; 盐浴钎浸焊,,,,,0,0,,,
salt-bath electric furnace,,,盐浴电炉,,,,,0,0,,,
salt-bath furnace,,,盐浴炉,,,,,0,0,,,
salt-bath hardening,,,盐浴淬火,,,,,0,0,,,
salt-bath hardening furnace,,,盐浴淬火炉,,,,,0,0,,,
salt-bath heat treatment,,,盐浴热处理,,,,,0,0,,,
salt-bath patenting,,,盐浴索氏体化处理,,,,,0,0,,,
salt-bath quenching,,,盐浴淬火,,,,,0,0,,,
salt-bath sintering,,,盐浴烧结,,,,,0,0,,,
salt-bath tempering furnace,,,盐浴回火炉,,,,,0,0,,,
salt-bearing rock,,,含盐类岩石,,,,,0,0,,,
salt-box,'sɔ:ltbɔks,,n. （斜面画的）盐盒,,,,,0,0,,,
salt-bridge,,,un. 盐桥,,,,,0,0,,,
salt-burn,,,un. 盐灼\n[网络] 盐烧；盐红,,,,,0,0,s:salt-burns,,
salt-burning,,-ing form of salt-burn,(salt-burn 的现在分词) un. 盐灼\n[网络] 盐烧；盐红,,,,,0,0,0:salt-burn/1:i,,
salt-burns,,,un. 盐灼\n[网络] 盐烧；盐红\n(salt-burn 的复数),,,,,0,0,0:salt-burn/1:s,,
salt-cat,,,na. 盐块(喂鸽子的)含盐饲料,,,,,0,0,,,
salt-cellar,,,盐碟,,,,,0,0,s:salt-cellars,,
salt-cellars,,plural of salt-cellar,(salt-cellar 的复数) 盐碟,,,,,0,0,0:salt-cellar/1:s,,
salt-cote,,,[网络] 盐皮,,,,,0,0,,,
salt-crust process,,,盐壳抑尘法,,,,,0,0,,,
salt-crystal cast,,,"盐晶印模, 盐晶痕",,,,,0,0,,,
salt-crystal imprint,,,盐晶印痕,,,,,0,0,,,
salt-cured,,,[网络] 盐固化,,,,,0,0,,,
salt-depletion hyponatremia syndrome,,,少盐低钠血性综合征,,,,,0,0,,,
salt-dome coast,,,盐丘海岸,,,,,0,0,,,
salt-down stock,,,储存股票,,,,,0,0,,,
salt-dried fish,,,咸鱼干,,,,,0,0,,,
salt-dye,,,[医] 盐类染料,,,,,0,0,,,
salt-effect distillation,,,[网络] 盐效蒸馏,,,,,0,0,,,
salt-elimination,,,un. 〔水产〕除盐,,,,,0,0,,,
salt-enduring species,,,耐盐种,,,,,0,0,,,
salt-extractable acid of soil,,,土壤盐浸液酸,,,,,0,0,,,
salt-fever,,,[医] 食盐热,,,,,0,0,,,
salt-field,,,盐田,,,,,0,0,,,
salt-fog,,,盐雾,,,,,0,0,,,
salt-fog chamber,,,盐雾室,,,,,0,0,,,
salt-fog resistance,,,耐盐雾性,,,,,0,0,,,
salt-fog test,,,【冶金学】盐雾试验[亦作 salt-spray test],,,,,0,0,,,
salt-fogtest,,,[网络] 盐雾试验,,,,,0,0,,,
salt-free,,,[医] 无盐的,j:100,,,,0,0,,,
salt-free diet,,,[医] 无盐饮食,,,,,0,0,s:salt-free diets,,
salt-free diets,,,un. 无盐膳食,,,,,0,0,0:salt-free diet/1:s,,
salt-free process,,,[化] 无盐过程,,,,,0,0,,,
salt-freer,,,[医] 无盐的\n(salt-free 的比较级),,,,,0,0,,,
salt-freest,,,[医] 无盐的\n(salt-free 的最高级),,,,,0,0,,,
salt-glaze,,,na. 【化】盐釉\n[网络] 盐岫,,,,,0,0,,,
salt-glazed,'sɔːltɡl'eɪzd,,adj. 上盐釉的,j:100,,,,0,0,,,
salt-glazed brick,,,盐釉瓷砖;盐釉砖,,,,,0,0,,,
salt-glazed tile,,,盐釉面砖;盐釉瓦,,,,,0,0,,,
salt-green,,,[网络] 盐绿色,,,,,0,0,,,
salt-house,,,[网络] 盐屋,,,,,0,0,,,
salt-hunger,,,盐饥饿,,,,,0,0,,,
salt-induced,,, 盐诱导,,,,,0,0,,,
salt-laden air,,,含盐雾空气,,,,,0,0,,,
salt-laden atmosphere,,,含盐大气,,,,,0,0,,,
salt-laden atmosphere test,,,含盐气氛试验,,,,,0,0,,,
salt-lake facies,,,盐湖相,,,,,0,0,,,
salt-leaching,,,盐洗,,,,,0,0,,,
salt-lick,,,na. 动物爱舐食的含盐地\n[网络] 盐沼地；盐渍地；盐碱地,,,,,0,0,,,
salt-loaded,,,荷盐的,,,,,0,0,,,
salt-logoon,,,[网络] 咸水湖,,,,,0,0,,,
salt-losing nephritis,,,[医] 失盐性肾炎,,,,,0,0,,,
salt-losing nephropathy,,,失盐性肾病,,,,,0,0,,,
salt-loving,'sɔ:ltl'ʌvɪŋ,, [医]喜盐的，适盐的,,,,,0,0,s:salt-lovings,,
salt-lovings,,, [医]喜盐的，适盐的\n(salt-loving 的复数),,,,,0,0,0:salt-loving/1:s,,
salt-maker,,,[网络] 盐制造商,,,,,0,0,,,
salt-marsh,,,盐沼,,,,,0,0,s:salt-marshes,,
salt-marsh caterpillar,,,un. 盐泽灯蛾,,,,,0,0,,,
salt-marsh plain,,,"盐沼原, 盐沼平原",,,,,0,0,,,
salt-marshes,,plural of salt-marsh,(salt-marsh 的复数) 盐沼,,,,,0,0,0:salt-marsh/1:s,,
salt-mining,,,[网络] 沙漠采盐；制盐；盐矿,,,,,0,0,,,
salt-mist test,,,盐雾试验,,,,,0,0,,,
salt-mist-resistance,,,防盐的，耐盐雾,,,,,0,0,,,
salt-mist-resistant,,,"盐性,耐盐雾",,,,,0,0,,,
salt-mixture,,,[医] 混合盐,,,,,0,0,,,
salt-mud combination log,,,盐水泥浆组合没井,,,,,0,0,,,
salt-n-pepa,,,[网络] 椒盐；胡椒盐合唱团；椒盐女子团,,,,,0,0,,,
salt-obligate species,,,需盐种,,,,,0,0,,,
salt-of-the-earth,,,[网络] 社会中坚；世上的盐；高尚的人,j:100,,,,0,0,,,
salt-pan,,,un. 〔水产〕盐田；盐池；盐沼\n[网络] 远古时代内海的盐田；盐田探访；盐盘,,,,,0,0,,,
salt-pit,,,na. 盐田\n[网络] 盐坑；岩盐矿；洂鐭,,,,,0,0,,,
salt-pond,,,un. 盐池\n[网络] 可爱岛海滩--盐池海滩；盐湖；结晶池,,,,,0,0,,,
salt-poor,,,少盐,,,,,0,0,,,
salt-preserved product,,,盐腌[产]品,,,,,0,0,,,
salt-reduced food,,,灭盐食品,,,,,0,0,,,
salt-replaceable acid of soil,,,土壤盐置换性酸,,,,,0,0,,,
salt-resistance,,,抗盐性,,,,,0,0,,,
salt-resistant breed,,,C,,,,,0,0,,,
salt-resistive insulator,,,耐盐绝缘子,,,,,0,0,,,
salt-rheum,,,[医] 湿疹,,,,,0,0,,,
salt-rising,,,a. 用陈面团发酵的,,,,,0,0,,,
salt-rising bread,sɔ:lt ˈraɪzɪŋ bred,, [医]（用加盐的玉米陈面团作起子）自然发酵的面包,,,,,0,0,,,
salt-screen,,,un. 光屏；荧光增感屏\n[网络] 盐类屏,,,,,0,0,,,
salt-secreting gland,,,盐腺,,,,,0,0,,,
salt-seeding,,,盐粉播撒,,,,,0,0,,,
salt-sensitive,,,[医] 盐敏感的,,,,,0,0,,,
salt-shaker,,,n. 盐瓶,,,,,0,0,,,
salt-soluble protein,,,盐溶性蛋白质,,,,,0,0,,,
salt-solution method,,,盐液法,,,,,0,0,,,
salt-spray climax,,,盐雾演替顶级,,,,,0,0,,,
salt-spray test,,,[化学] 盐雾试验；盐水喷雾试验；中性盐雾试验,,,,,0,0,,,
salt-spreader,"'sɔ:lt,spredə",,n. (往冰面、积雪道路上撒盐的)撒盐车,,,,,0,0,,,
salt-starved animal,,,缺盐家畜,,,,,0,0,,,
salt-stone,,,[网络] 伤口撒盐,,,,,0,0,,,
salt-tolerant,'sɔ:ltt'ɒlərənt,, [医]耐盐的,j:100,,,,0,0,,,
salt-tolerant crop,,,[作物] 耐盐作物,,,,,0,0,,,
salt-treated runway,,,撒盐跑道,,,,,0,0,,,
salt-velocity method,,,"盐速法, 盐水速度法",,,,,0,0,,,
salt-water,'sɔ:ltw'ɔ:tər,,"a. 咸水的, 海水的, 海水中生长的",,,,,0,0,s:salt-waters,,
salt-water circulating distiller,,,[网络] 循环海水式制淡装置,,,,,0,0,,,
salt-water cooling,,,海水冷却,,,,,0,0,,,
salt-water corrosion,,,un. 盐水腐蚀\n[网络] 海水腐蚀,,,,,0,0,,,
salt-water draft,,,[网络] 海水吃水,,,,,0,0,,,
salt-water drilling fluid,,,盐水钻井液,,,,,0,0,,,
salt-water encroachment,,,盐水入侵;海水倒灌,,,,,0,0,,,
salt-water front,,,un. 盐水前锋,,,,,0,0,,,
salt-water intrusion,,,【水文学】盐水入侵,,,,,0,0,,,
salt-water lock,,,防咸水闸,,,,,0,0,,,
salt-water oil cooler,,,[网络] 海水油冷却器,,,,,0,0,,,
salt-water soap,,,"[医] 盐水用皂, 海水用皂",,,,,0,0,,,
salt-water underrun,,,盐水潜流,,,,,0,0,,,
salt-water wedge,,,【海洋学】咸水楔,,,,,0,0,,,
salt-water well,,,[网络] 产盐水的油井,,,,,0,0,,,
salt-water-service pump,,,盐水泵,,,,,0,0,,,
salt-waters,,plural of salt-water,"(salt-water 的复数) adj. 咸水的, 海水的, 海水中生长的",,,,,0,0,0:salt-water/1:s,,
salt-wedge,,,盐劈,,,,,0,0,s:salt-wedges,,
salt-wedge effect,,,盐楔效应,,,,,0,0,,,
salt-wedges,,,盐劈\n(salt-wedge 的复数),,,,,0,0,0:salt-wedge/1:s,,
salt-well,,,na. 盐井\n[网络] 盐水井,,,,,0,0,,,
salt-works,,,un. 盐场\n[网络] 盐厂；制盐所；盐品,,,,,0,0,,,
salta,"'sɑ:ltә,-tɑ:",,n. [棋]萨尔塔跳棋,,,,,0,0,s:saltas,,
"Salta, Prov.de",,,[地名] 萨尔塔省 ( 阿根 ),,,,,0,0,,,
salta-di-banco,,,[网络] 萨尔塔 - 迪班科,,,,,0,0,,,
saltable,,,[网络] 可食用,,,,,0,0,,,
saltado,sɔːl'tədəʊ,,跳号,,,,,0,0,,,
saltage,,,[网络] 咸水,,,,,0,0,,,
Saltaire,,,n. 索尔泰尔,,,,,0,0,s:saltaires,,
saltaires,,,n. 索尔泰尔\n(saltaire 的复数),,,,,0,0,0:saltaire/1:s,,
saltalamacchia,,,[网络] 拉马基亚,,,,,0,0,,,
saltan,,,[网络] 沙皇萨尔坦,,,,,0,0,,,
Saltan R.,,,[地名] 萨尔坦河 ( 菲 ),,,,,0,0,,,
saltand-pepper,,,[网络] 胡椒,,,,,0,0,,,
saltando,sɑ:l'tɑ:ndәj,,adv. & adj.[音]跳弓地( 的),,,,,0,0,,,
Saltanol,,,沙丁胺醇,,,,,0,0,,,
saltans thrombophlebitis,,,"[医] 跃过性血栓静脉炎, 远隔转移性血栓静脉炎",,,,,0,0,,,
saltant,'sæltәnt,"v. Leaping; jumping; dancing.\nv. In a leaping position; springing forward; -- applied\n   especially to the squirrel, weasel, and rat, also to the cat,\n   greyhound, monkey, etc.","a. 舞蹈的, 飞跃的, 跳跃的",,,,,0,0,,,
saltar,,,[网络] 东乡族,,,,,0,0,,,
saltarella,,,[网络] 萨尔塔列洛舞曲；萨尔特累罗；沙塔列拉,,,,,0,0,,,
saltarellas,,,[网络] 盐渍,,,,,0,0,,,
saltarelli,'sæltə'reləu,,saltarelli\nn.\nsaltarello的变形\nsaltarello\n['sæltə'reləu]\nn.\n(意大利)萨尔塔雷洛舞(独舞或集体舞)\n萨尔塔雷洛舞曲(曲调欢快)\n变形：\nn.\nsaltarellos\n. saltarelli,,,,,0,0,,,
saltarello,",sætә'relәu","n. A popular Italian dance in quick 3-4 or 6-8 time,\n   running mostly in triplets, but with a hop step at the beginning of\n   each measure. See Tarantella.",萨尔塔列洛舞(意大利的一种轻快的舞蹈),,,,,0,0,,,
saltarello (italy),,,萨塔瑞舞(义大利),,,,,0,0,,,
saltarellos,,,n. 萨尔塔列洛舞；萨尔塔列洛舞曲\n[网络] 萨塔瑞舞曲；萨尔塔雷洛；沙塔赖拉舞曲,,,,,0,0,,,
saltaroria,,,跳跃类,,,,,0,0,,,
saltarter,,,[网络] 盐仓,,,,,0,0,,,
saltary,,,[网络] 盐,,,,,0,0,,,
saltas,"'sæltə, 'sɔ:-",,n. 萨尔塔跳棋,,,,,0,0,0:salta/1:s,,
saltasaurids,,,[网络] 盐类食品,,,,,0,0,,,
saltasaurine,,,[网络] 盐磺酸,,,,,0,0,,,
Saltash,,,[地名] 索尔塔什 ( 英 ),,,,,0,0,,,
saltate,'sælteit,"v move by saltation\nv leap or skip, often in dancing","v. 跳跃, 跳舞",,,,,0,0,,,
saltated,,,[网络] 盐化,,,,,0,0,,,
saltates,,,[网络] 盐,,,,,0,0,,,
saltating,,,[网络] 盐化,,,,,0,0,,,
saltating velocity,,,跃动速度；跳跃速度,,,,,0,0,,,
saltation,sæl'teiʃәn,n. (geology) the leaping movement of sand or soil particles as they are transported in a fluid medium over an uneven surface\nn. (genetics) a mutation that drastically changes the phenotype of an organism or species,"n. 舞蹈, 跳跃, 突变\n[化] 跃移; 跃移运动",,,,,0,0,s:saltations,,
saltation ash,,,沉降灰,,,,,0,0,,,
saltation flow,,,跃动流,,,,,0,0,,,
saltation jumping,,,跃动,,,,,0,0,,,
saltation load,,,调跃负载;跃移质,,,,,0,0,,,
saltation point,,,沉积点,,,,,0,0,,,
saltation transport,,,跳跃搬运,,,,,0,0,,,
saltation velocity,,,[化] 跃移速度; 跳跃速度,,,,,0,0,,,
saltational,,,[网络] 咸的,,,,,0,0,,,
saltational speciation,,,跳跃式物种形成,,,,,0,0,,,
saltationism,,,[网络] 骤变说,,,,,0,0,,,
saltationist,sæl'teiʃәnist,,a. 突变论的,,,,,0,0,,,
saltationists,,,[网络] 盐化主义者,,,,,0,0,,,
saltations,,plural of saltation\nn. (geology) the leaping movement of sand or soil particles as they are transported in a fluid medium over an uneven surface\nn. (genetics) a mutation that drastically changes the phenotype of an organism or species,"(saltation 的复数) n. 舞蹈, 跳跃, 突变\n[化] 跃移; 跃移运动",,,,,0,0,0:saltation/1:s,,
saltative,,,[网络] 咸的,,,,,0,0,,,
saltativeness,,,[网络] 盐度,,,,,0,0,,,
saltato,sɑ:l'tɑ:tәj,,n. [音]跳弓奏法,,,,,0,0,,,
saltator,,,[网络] 欧洲沙蚤；跳跃亚目,,,,,0,0,,,
saltatore (italy),,,舞者(义大利),,,,,0,0,,,
Saltatoria,",sæltә'tәuriә","n. pl. A division of Orthoptera including grasshoppers,\n   locusts, and crickets.",跳跃亚目,,,,,0,0,,,
saltatorial,.sæltә'tɒ:riәl,"a. Relating to leaping; saltatory; as, saltatorial\n   exercises.\na. Same as Saltatorious.\na. Of or pertaining to the Saltatoria.","a. 跳跃的, 舞蹈的, 适于跳跃的\n[医] 舞蹈的, 跳跃的, 突变的",,,,,0,0,,,
saltatorial appendage,,,弹器,,,,,0,0,,,
saltatorial leg,,,跳跃足,,,,,0,0,,,
saltatoric,,,[网络] 盐分,,,,,0,0,,,
saltatorious,,,[网络] 盐化,,,,,0,0,,,
saltatorius,,,舞蹈的,,,,,0,0,,,
saltators,,,[网络] 盐分,,,,,0,0,,,
saltatory,'sæltәtәri,"a. Leaping or dancing; having the power of, or used in,\n   leaping or dancing.","a. 跳跃的, 舞蹈的, 突变的, 跃进的\n[医] 舞蹈的, 跳跃的, 突变的",,,,,0,0,,,
saltatory appendage,,,弹器,,,,,0,0,,,
saltatory chorea,,,[医] 跳跃性舞蹈病,,,,,0,0,,,
saltatory compaction stage,,,突变压实阶段,,,,,0,0,,,
saltatory conduction,,,跳跃传导,,,,,0,0,,,
saltatory evolution,,,[医] 飞跃进化,,,,,0,0,,,
saltatory replication,,,跳跃复制,,,,,0,0,,,
saltatory spasm,,,[医] 痉跳病,,,,,0,0,,,
saltatory tic,,,[医] 跳跃性抽搐,,,,,0,0,,,
saltatory variation,,,[医] 突然变异,,,,,0,0,,,
saltatoryreplication,,,跳跃复制,,,,,0,0,,,
saltatrix,,,[网络] 扁鰺；扁鲹,,,,,0,0,,,
saltbath,'sɔːltbɑːθ,,n. 盐浴池,,,,,0,0,,,
saltbox,'sɔ:ltbɔks,n. a type of house built in New England; has two stories in front and one behind,"盐盒式建筑, 不对称双坡顶房屋",n:100,,,,0,42035,s:saltboxes,,
saltboxes,,,n. （坡顶）盐盒式房子\n[网络] 我不信你帮游客盖别墅,,,,,0,0,0:saltbox/1:s,,
saltbridge,,,盐桥,,,,,0,0,,,
Saltburn,,,[地名] 索尔特本 ( 英 ),,,,,0,0,s:saltburns,,
Saltburn-by-the-Sea,,,[地名] 滨海索尔特本 ( 英 ),,,,,0,0,,,
saltburns,,,[地名] 索尔特本 ( 英 )\n(saltburn 的复数),,,,,0,0,0:saltburn/1:s,,
saltbush,"'sɔ:lt,buʃ",n any of various shrubby plants of the genus Atriplex that thrive in dry alkaline soil,n. [植]滨藜,,,,,0,0,s:saltbushes,,
saltbushes,'sɔːltbʊʃ,,含盐灌木\n滨藜,,,,,0,0,0:saltbush/1:s,,
Saltbæk Vig,,,[地名] 萨尔特拜克潟湖 ( 丹 ),,,,,0,0,,,
saltcake,'sɔːltkeɪk,,n.芒硝,,,,,0,0,s:saltcakes,,
saltcakes,,,n.芒硝\n(saltcake 的复数),,,,,0,0,0:saltcake/1:s,,
saltcat,'sɔ:ltkæt,"n. A mixture of salt, coarse meal, lime, etc., attractive to\n   pigeons.",n. 盐块,,,,,0,0,,,
saltcats,'sɔ:ltkæt,,saltcat\n['sɔ:ltkæt]\nn.\n盐块,,,,,0,0,,,
saltcedar,,,[网络] 圣柳,,,,,0,0,,,
saltcellar,'sɒ:ltә.selә,n. a small container for holding salt at the dining table,"n. 盐瓶, 盐碟",,,,,0,0,s:saltcellars,,
saltcellars,,,n. 盐瓶\n[网络] 盐盅；餐桌上的盐,,,,,0,0,0:saltcellar/1:s,,
saltchuck,"'sɔ:lt,tʃʌk",,"n. <美口><加拿大口>海,海洋",,,,,0,0,,,
saltchucker,"'sɔ:lt,tʃʌkә(r)",,n. <美口><加拿大口>海钓者,,,,,0,0,,,
saltchuckers,"'sɔ:lt,tʃʌkə",,"saltchucker\n['sɔ:lt,tʃʌkə]\nn.\n[加拿大口语]海洋垂钓者",,,,,0,0,,,
Saltcoats,,,[地名] 索尔特科茨 ( 加、英 ),,,,,0,0,,,
saltcut,"'sɔ:lt,kʌt",,盐块,,,,,0,0,,,
Saltdal,,,[地名] 萨尔特达尔 ( 挪 ),,,,,0,0,,,
Saltdale,,,[地名] 索尔特代尔 ( 美 ),,,,,0,0,,,
Saltdalsfjorden,,,沙尔特达尔崃湾,,,,,0,0,,,
saltdean,,,[网络] 索特甸,,,,,0,0,s:saltdeans,,
saltdeans,,,[网络] 索特甸\n(saltdean 的复数),,,,,0,0,0:saltdean/1:s,,
salteaux,,,[网络] saulteaux,,,,,0,0,,,
salted,'sɒ:ltid,s. (used especially of meats) preserved in salt,"a. 盐腌的, 盐味的, 有经验的, 虚报的",j:100,,,,15935,12904,1:dp/0:salt,,
salted and dried,,,腌干品,,,,,0,0,,,
salted and dried food,,,盐渍干制食品,,,,,0,0,,,
salted and dried plum,,,梅脯;白梅,,,,,0,0,,,
salted and fermented soya paste,,,黄酱,,,,,0,0,,,
salted away,,,na. 腌制；积蓄；〈美〉投资；〈美俚〉大骂一顿,,,,,0,0,,,
salted beef,ˈsɔ:ltid bi:f,, 腌牛肉,,,,,0,0,,,
salted butter,,,加盐[咸味]奶油,,,,,0,0,,,
salted casings,,,"腌肠衣,盐水肠衣",,,,,0,0,,,
salted Chinese herring,,,咸鳓鱼,,,,,0,0,,,
salted dried duck,,,板鸭,,,,,0,0,,,
salted drying,,,盐干,,,,,0,0,,,
salted duck,,,咸水鸭,,,,,0,0,,,
salted duck egg,ˈsɔ:ltid dʌk eɡ,, 咸鸭蛋,,,,,0,0,,,
salted egg,,,"咸蛋, 硷蛋",,,,,0,0,,,
salted egg yolk,,,[网络] 咸蛋黄；鹹蛋黃；金沙,,,,,0,0,,,
salted fish,,,腌鱼,,,,,0,0,,,
salted fish roe,,,咸鱼子,,,,,0,0,,,
salted food,,,盐渍[食]品,,,,,0,0,,,
salted hide,,,盐皮;腌皮,,,,,0,0,,,
salted jellyfish body,,,海蜇皮,,,,,0,0,,,
salted jellyfish head,,,海蜇头,,,,,0,0,,,
salted lemon peel,,,腌制柠檬果皮,,,,,0,0,,,
salted meat,,,腌肉,,,,,0,0,,,
salted out,,,盐析,,,,,0,0,,,
salted paper,,,银盐相纸,,,,,0,0,,,
salted paper bubble,,,咸黄泥螺,,,,,0,0,,,
salted peanuts,ˈsɔ:ltid ˈpi:nʌts,, 咸花生,,,,,0,0,,,
salted pork,,, 咸猪肉,,,,,0,0,,,
salted product,,,腌制品,,,,,0,0,,,
salted rennet,,,盐腌(小牛)皱胃(用来提取凝乳酶),,,,,0,0,,,
salted salmon belly,,,咸鲑腹肉,,,,,0,0,,,
salted sea-urchin gonad,,,腌制海胆黄,,,,,0,0,,,
salted soil,,,盐渍土,,,,,0,0,,,
salted vegetable,,,咸菜，盐[渍蔬]菜,,,,,0,0,,,
salted weapon,,,加料武器,,,,,0,0,,,
salted yeast,,,加盐调味酵母(膏),,,,,0,0,,,
saltee,,,[网络] 受托人,,,,,0,0,,,
Saltee Is.,,,[地名] 萨尔蒂群岛 ( 爱 ),,,,,0,0,,,
salten,,, [医]水杨酰胺片剂<消炎镇痛药>; [地名] [丹麦] 萨尔滕,,,,,0,0,,,
Salten Langsφ,,,[地名] 萨尔滕长湖 ( 丹 ),,,,,0,0,,,
"Salten, Felix",'sɔ:ltn,,萨尔顿(1869～1945，奥地利小说家；1938年后入瑞士籍),,,,,0,0,,,
Saltenga,,,[地名] 萨尔滕加 ( 布基 ),,,,,0,0,,,
salter,'sɔ:ltә,n. someone who uses salt to preserve meat or fish or other foods\nn. someone who makes or deals in salt,"n. 制盐人, 卖盐人, 腌制者, (非正式)矿山骗子",,,,,24496,0,s:salters,,
Salter duck,,,索尔特“鸭子”，索尔特海浪能(水波动力)发电机，索尔特点头鸭式发电机(依靠海浪冲击使鸭状体频频点头而发电的装置，发明人为英国工程师斯蒂芬索尔特),,,,,0,0,,,
Salter operation,,,索尔特截骨术,,,,,0,0,,,
Salter osteotomy,,,索尔特截骨术,,,,,0,0,,,
Salter's,,,[医] 索尔特氏增长线(牙本质),,,,,0,0,,,
Salter's lines,,,"[医] 索尔特氏增长线, 生长线",,,,,0,0,,,
Salter's swing,,,[医] 索尔特氏悬腿架,,,,,0,0,,,
salter-harris,,,[网络] 骨端骨骺损伤的分类；骺板损伤；骨骺骨折分型,,,,,0,0,,,
Salter-Harris fracture,,,[网络] 萨勒哈里斯骨折,,,,,0,0,,,
Salter-Harris fractures,,,[网络] 萨勒 - 哈里斯骨折,,,,,0,0,,,
salterello,,,[网络] 舞曲,,,,,0,0,,,
saltergate,,,[网络] 索特盖特；索特盖特球场,,,,,0,0,,,
salterini,,,萨尔泰里尼,,,,,0,0,,,
salterio,,,[网络] 圣咏经；萨泰里琴；洋琴,,,,,0,0,,,
saltern,'sɒ:ltәn,n. A building or place where salt is made by boiling or by\n   evaporation; salt works.,"n. 盐田, 盐场",,,,,0,0,s:salterns,,
salterns,,,n. 盐田；盐场\n[网络] 制盐场；碱土；盐厂,,,,,0,0,0:saltern/1:s,,
Salteroperation,,,索尔特截骨术,,,,,0,0,,,
Salterosteotomy,,,索尔特截骨术,,,,,0,0,,,
salters,,plural of salter\nn. someone who uses salt to preserve meat or fish or other foods\nn. someone who makes or deals in salt,"(salter 的复数) n. 制盐人, 卖盐人, 腌制者, (非正式)矿山骗子",,,,,0,0,0:salter/1:s,,
Salters Bank,,,[地名] 索尔特斯浅滩 ( 英 ),,,,,0,0,,,
Salters Castle,,,[地名] 索尔特斯堡 ( 英 ),,,,,0,0,,,
salterton,,,[网络] 萨尔特通三部曲,,,,,0,0,,,
saltery,'sɔ:ltәri,,盐场,,,,,0,0,,,
saltest,,,[网络] 最毒,,,,,0,0,,,
salteth,,,[网络] 盐,,,,,0,0,,,
saltfat,,,[网络] 咸肥膘,,,,,0,0,,,
saltfish,,,[网络] 咸鱼；马锡程；谭宜标,,,,,0,0,,,
saltfishes,,,[网络] 咸鱼,,,,,0,0,,,
Saltfjord,,,[地名] 萨尔特峡湾 ( 挪 ),,,,,0,0,,,
Saltfleet,,,[地名] 索尔特弗利特 ( 英 ),,,,,0,0,s:saltfleets,,
Saltfleetby,,,[地名] 索尔特弗利特比 ( 英 ),,,,,0,0,,,
saltfleets,,,[地名] 索尔特弗利特 ( 英 )\n(saltfleet 的复数),,,,,0,0,0:saltfleet/1:s,,
saltfoot,,,[网络] 盐脚,,,,,0,0,,,
Saltford,,,[地名] 索尔特福德 ( 英 ),,,,,0,0,,,
saltfree,,,un. 无盐的\n[网络] 不含钠；盐类；小把杏仁,,,,,0,0,,,
saltglaze,'sɔ:lt^leiz,,n. (陶瓷的)盐釉,,,,,0,0,s:saltglazes,,
saltglazes,'sɔ:ltɡleiz,,"【陶瓷】\nn. (陶瓷器的)盐釉\nadj. 上盐釉的[亦作 salt glazed, salt-glazed]",,,,,0,0,0:saltglaze/1:s,,
saltgrass,,,na. 【植】盐草属  植物,,,,,0,0,,,
saltgrasses,,,[网络] 生长于海岸的草,,,,,0,0,,,
salthill,,,un. 盐山\n[网络] 索尔特希尔；萨尔斯山；索尔特西尔,,,,,0,0,s:salthills,,
salthills,,,un. 盐山\n[网络] 索尔特希尔；萨尔斯山；索尔特西尔\n(salthill 的复数),,,,,0,0,0:salthill/1:s,,
salthion,,,磺胺甲磺酸三乙醇胺,,,,,0,0,,,
Saltholm,,,[地名] 萨尔特岛 ( 丹 ),,,,,0,0,,,
saltholme,,,[网络] 萨尔特霍尔姆,,,,,0,0,s:saltholmes,,
saltholmes,,,[网络] 萨尔特霍尔姆\n(saltholme 的复数),,,,,0,0,0:saltholme/1:s,,
salthouse,,, [人名] 索尔特豪斯; [地名] [英国] 索尔特豪斯,,,,,0,0,s:salthouses,,
salthouses,,plural of salthouse,(salthouse 的复数)  [人名] 索尔特豪斯; [地名] [英国] 索尔特豪斯,,,,,0,0,0:salthouse/1:s,,
salticid,'sæltisid,,跳蛛,,,,,0,0,,,
Salticidae,,,跳蛛科,,,,,0,0,,,
saltie,'sɔ:lti:,,n. [加拿大俚语]远洋水手,,,,,0,0,,,
saltiel,,, [人名] 萨尔蒂尔,,,,,0,0,,,
saltier,'sɔ:ltaiә. 'sæl-,s engagingly stimulating or provocative\na containing or filled with salt\ns one of the four basic taste sensations; like the taste of sea water,n. 圣安得鲁十字；X形十字,,,,,0,0,0:salty/1:r,,
saltierra,,,盐土,,,,,0,0,,,
saltiers,,,[网络] 咸人,,,,,0,0,,,
salties,,,[网络] 咸菜,,,,,0,0,,,
saltiest,,s. engagingly stimulating or provocative\na. containing or filled with salt\ns. one of the four basic taste sensations; like the taste of sea water,a. 含盐的( salty的最高级 ); 咸的; 粗俗的; 猥亵的,,,,,0,0,0:salty/1:t,,
saltigrade,'sælti^reid,"a. Having feet or legs formed for leaping.\nn. One of the Saltigradae, a tribe of spiders which leap\n   to seize their prey.",a. [昆]跳行型的,,,,,0,0,,,
saltigrades,,,[网络] 咸水,,,,,0,0,,,
Saltillo,sɑ:l'ti:jɔ:,,萨尔提略[墨西哥东北部城市],,,,,0,0,,,
saltillos,sɑ:l'ti:jɔ:,,Saltillo\n[sɑ:l'ti:jɔ:]\n萨尔蒂略(墨西哥北部城市，科阿韦拉州首府),,,,,0,0,,,
saltily,,,adv. salty的变形,,,,,0,0,,,
saltimbanco,",sæltim'bæŋkәu",n. A mountebank; a quack.,"n. 骗子,江湖骗子,江湖医生",,,,,0,0,,,
saltimbancos,",sæltɪm'bæŋkəʊ",,"saltimbanco\n[,sæltim'bæŋkəu]\nn.\n江湖医生；江湖骗子；骗子[亦作 saltimbanque]",,,,,0,0,,,
saltimbanque,'sæltimbæŋk,,"n. 骗子,江湖骗子,江湖医生",,,,,0,0,,,
saltimbanques,,,[网络] 江湖艺人；杂技演员,,,,,0,0,,,
saltimbocca,",sɑ:lti:m'bɔ:kkɑ:",,<意>n.意式煎小牛肉火腿卷,,,,,0,0,s:saltimboccas,,
saltimboccas,,,[网络] saltimbocas,,,,,0,0,0:saltimbocca/1:s,,
saltin,,,na. 盐(助)溶\n[网络] 汀；晓婷；萨尔庭,,,,,0,0,,,
saltine,sɒ:l'ti:n,n. a cracker sprinkled with salt before baking,n. 撒盐饼干,j:32/n:68,,,,0,34872,s:saltines,,
saltine cracker,,,[网络] 梳打饼；咸饼干,,,,,0,0,,,
saltine crackers,,,[网络] 苏打饼干；苏打饼乾；椒盐脆饼,,,,,0,0,,,
saltiner,,,n. 撒盐饼干\n(saltine 的比较级),,,,,0,0,,,
saltines,,,撒盐饼干( saltine的名词复数 ),,,,,0,0,0:saltine/1:s,,
saltiness,,n. language or humor that is down-to-earth\nn. the property of containing salt (as a compound or in solution),n. 咸性,n:100,,,toefl,44549,34715,s:saltinesses,,
saltinesses,,,[网络] 咸味,,,,,0,0,0:saltiness/1:s,,
saltinest,,,n. 撒盐饼干\n(saltine 的最高级),,,,,0,0,,,
salting,'sɔ:ltiŋ,n. the act of adding salt to food,n. 经常为潮水淹没的土地,,,,,0,0,0:salt/1:i/s:saltings,,
salting (-out) evaporator,,,析盐蒸发器,,,,,0,0,,,
salting - out,,,盐析,,,,,0,0,,,
salting agent,,,化剂,,,,,0,0,,,
salting away,,,na. 腌制；积蓄；〈美〉投资；〈美俚〉大骂一顿,,,,,0,0,,,
salting carrier,,,盐藏运搬船（木船）,,,,,0,0,,,
salting equilibrium,,,盐渍平衡,,,,,0,0,,,
salting evaporator,,,析盐蒸发器,,,,,0,0,,,
salting fish trimming,,,腌鱼废弃物,,,,,0,0,,,
salting in,,,盐溶,,,,,0,0,,,
salting in barrels,,,桶腌,,,,,0,0,,,
salting in bulk,,,垛腌,,,,,0,0,,,
salting in effect,,,盐溶效应,,,,,0,0,,,
salting in tank,,,池腌,,,,,0,0,,,
salting liquid,,,盐溶液,,,,,0,0,,,
salting liquor,,,盐汁,,,,,0,0,,,
salting out,,,"[化] 盐析\n[医] 盐析, 加盐分离",,,,,0,0,,,
salting out agent,,,盐析剂,,,,,0,0,,,
salting out chromatography,,,盐析层析法；盐析层析术,,,,,0,0,,,
salting out effect,ˈsɔ:ltiŋ aut iˈfekt,, 盐析效应,,,,,0,0,,,
salting out electrolyte,,,[化] 盐析电解质,,,,,0,0,,,
salting out elution chromatography,,,盐析沖提层析法；盐析沖提层析术,,,,,0,0,,,
salting out method,,,盐析法,,,,,0,0,,,
salting out paper chromatography,,,盐析纸层析法；盐析纸层析术,,,,,0,0,,,
salting out tank,,,脱盐槽,,,,,0,0,,,
salting period,,,腌制时间,,,,,0,0,,,
salting point,,,盐析浓度,,,,,0,0,,,
salting stain,,,盐斑,,,,,0,0,,,
salting strength,,,盐析强度,,,,,0,0,,,
salting tub,,,"腌制桶,腌制槽",,,,,0,0,,,
salting up,,,un. 沉出盐粒,,,,,0,0,,,
salting-in,,,[化] 盐溶,,,,,0,0,,,
salting-in effect,,,[化] 盐溶效应,,,,,0,0,,,
salting-on,,,校色,,,,,0,0,,,
salting-out,,,[机] 盐析,,,,,0,0,,,
salting-out agent,,,[化] 盐析剂,,,,,0,0,,,
salting-out chromatography,,,[化] 盐析色谱法,,,,,0,0,,,
salting-out effect,,,[化] 盐析效应,,,,,0,0,,,
salting-out electrolyte,,,盐析电解质,,,,,0,0,,,
salting-out elution chromatography,,,盐析洗脱色谱,,,,,0,0,,,
salting-out evaporator,,,析盐蒸发器,,,,,0,0,,,
salting-out of solvent,,,溶剂的盐析,,,,,0,0,,,
salting-out paper chromatography,,,盐析纸色谱,,,,,0,0,,,
saltingout,sɔ:ltɪŋ'ɡaʊt,, [医]盐析，加盐分离,,,,,0,0,,,
saltings,,plural of salting\nn. the act of adding salt to food,(salting 的复数) n. 经常为潮水淹没的土地,,,,,0,0,0:salting/1:s,,
saltion,,,[网络] 液体,,,,,0,0,,,
saltire,'sæltaiә,"_andrew's_cross a cross resembling the letter x, with diagonal bars of equal length",n. X形十字,,,,,31769,0,s:saltires,,
saltires,,"plural of saltire\n_andrew's_cross a cross resembling the letter x, with diagonal bars of equal length",(saltire 的复数) n. X形十字,,,,,0,0,0:saltire/1:s3,,
saltireways,,,adv. (纹章学用语)成X形地,,,,,0,0,,,
saltirewise,"'sɔ:ltaiәwaiz,-tiә-,'sæl-","adv. In the manner of a saltire; -- said especially of\n   the blazoning of a shield divided by two lines drawn in the direction\n   of a bend and a bend sinister, and crossing at the center.",adv. (纹章学用语)成X形地,,,,,0,0,,,
saltish,'sɔ:ltiʃ,s. somewhat salty,a. 有点咸的,,,,,0,0,,,
saltishly,'sɔ:ltiʃ,,saltishly\nadv.\nsaltish的变形\nsaltish\n['sɔ:ltiʃ]\nadj.\n略带咸味的，微咸的,,,,,0,0,,,
saltishness,,,[网络] 咸味,,,,,0,0,,,
saltitant,,,[网络] 盐,,,,,0,0,,,
saltless,'sɔ:ltlis,a. Destitute of salt; insipid.,"a. 无盐的, 无味的",,,,,0,0,,,
saltless process,,,[化] 无盐过程,,,,,0,0,,,
saltlessness,,,[网络] 无私,,,,,0,0,,,
Saltley,,,[地名] 索尔特利 ( 英 ),,,,,0,0,s:saltleys,,
saltleys,,,[地名] 索尔特利 ( 英 )\n(saltley 的复数),,,,,0,0,0:saltley/1:s,,
saltlick,,,n. 动物舐,,,,,0,0,,,
saltlicks,,,[网络] 盐砖,,,,,0,0,,,
saltlike,'sɔ:ltlaɪk,s resembling a compound formed by replacing hydrogen in an acid by a metal," [医]盐状的, 似盐的",,,,,0,0,,,
saltliker,,,adj. salt的变形,,,,,0,0,,,
saltlikest,,,adj. salt的变形,,,,,0,0,,,
saltly,'sɔ:ltli,adv. With taste of salt; in a salt manner.,adv. 辛辣地; 尖刻地（salt的副词形式）,,,,,0,0,,,
saltmaker,,,[网络] 盐水师,,,,,0,0,,,
saltmakers,,,[网络] 盐水师,,,,,0,0,,,
saltmaking,,,[网络] 制盐,,,,,0,0,,,
saltman,,, [人名] [英格兰人姓氏] 索尔特曼 Salt的变体,,,,,0,0,s:saltmen,,
saltmarket,,,[网络] 盐业运销,,,,,0,0,s:saltmarkets,,
saltmarkets,,,[网络] 盐业运销\n(saltmarket 的复数),,,,,0,0,0:saltmarket/1:s,,
saltmarsh,"'sɔ:lt,mɑ:ʃ",,[生态]盐沼,,,,,39053,0,s:saltmarshes,,
saltmarsh community,,,盐沼群落,,,,,0,0,,,
saltmarshes,,plural of saltmarsh,(saltmarsh 的复数) [生态]盐沼,,,,,0,0,0:saltmarsh/1:s,,
saltmen,,,[网络] 盐人,,,,,0,0,0:saltman/1:s,,
saltmeter,",sɔ:lt'mitә",,盐水(比重)计,,,,,0,0,,,
saltmouth,"'sɔ:lt,mauθ","n. A wide-mouthed bottle with glass stopper for holding\n   chemicals, especially crystallized salts.",n. (可装固体化学品的)大口瓶,,,,,0,0,,,
saltmouths,,,[网络] 盐口,,,,,0,0,,,
saltness,,"n. The quality or state of being salt, or state of being\n   salt, or impregnated with salt; salt taste; as, the saltness of sea\n   water.","n. 咸性, 含盐度, 尖锐性\n[化] 含盐度",,,,,0,0,,,
Saltney,,,[地名] 索尔特尼 ( 英 ),,,,,0,0,,,
salto,'sɑ:ltɔ:,,n. 萨尔托（乌拉圭一城市）,,,,,0,0,s:saltoes,,
salto ahogado,,,沙尔托亚奥加多,,,,,0,0,,,
Salto da Divisa,,,[地名] 萨尔图-达迪维萨 ( 巴西 ),,,,,0,0,,,
Salto de Agua,,,[地名] 萨尔托-德阿瓜 ( 墨 ),,,,,0,0,,,
Salto Grande,,,[地名] 萨尔图格兰德 ( 巴西 ),,,,,0,0,,,
salto mortale,,,[网络] 萨尔托的平凡人；侯麦的死亡一跃,,,,,0,0,,,
"Salto, Dep.de",,,[地名] 萨尔托省 ( 乌拉 ),,,,,0,0,,,
"Salto, Fiume",,,[地名] 萨尔托河 ( 意 ),,,,,0,0,,,
"Salto, L.del",,,[地名] 萨尔托湖 ( 意 ),,,,,0,0,,,
"Salto, R.",,,[地名] 萨尔托河 ( 厄、哥伦、洪 ),,,,,0,0,,,
saltoes,'sɑ:ltɔ:,,n. 萨尔托（乌拉圭一城市）,,,,,0,0,0:salto/1:s,,
salton,,, [人名] 索尔顿; [地名] [英国] 索尔顿,,,,,0,0,s:saltons,,
Salton Sea,,,[网络] 索尔顿湖；沙顿海；沙尔顿海,,,,,0,0,s:salton seas,,
Salton Sea National Wildlife Refuge,,,[地名] 索尔顿湖国家野生动物保护区 ( 美 ),,,,,0,0,,,
salton seas,,,[网络] 索尔顿湖；沙顿海；沙尔顿海\n(salton sea 的复数),,,,,0,0,0:salton sea/1:s,,
saltons,,,索尔顿（英国地名）,,,,,0,0,0:salton/1:s,,
saltonstall,,, [人名] 索顿斯托尔,,,,,0,0,,,
Saltopsuchus,,,索尔吐鳄,,,,,0,0,,,
saltopus,,,[网络] 跳龙；跳龙属；跳足龙,,,,,0,0,,,
saltopuses,,,[网络] 沙门氏菌,,,,,0,0,,,
saltory,,,[网络] 盐,,,,,0,0,,,
saltou,,,[网络] 鲑鱼,,,,,0,0,,,
Saltoun,,,[网络] 萨尔托恩；陆军少将萨勒顿；萨尔托内,,,,,0,0,s:saltouns,,
saltouns,,,[网络] 萨尔托恩；陆军少将萨勒顿；萨尔托内\n(saltoun 的复数),,,,,0,0,0:saltoun/1:s,,
saltoyre,,,[网络] 鲑鱼,,,,,0,0,,,
saltpan,'sɔ:ltpæn,n a shallow basin in a desert region; contains salt and gypsum that was deposited by an evaporated salt lake,"n. 盐田, 盐场",,,,,0,0,s:saltpans,,
saltpans,,plural of saltpan\nn a shallow basin in a desert region; contains salt and gypsum that was deposited by an evaporated salt lake,"(saltpan 的复数) n. 盐田, 盐场",,,,,0,0,0:saltpan/1:s,,
saltpctrous,,,[网络] 含硝石的,,,,,0,0,,,
saltpeter,'sɒ:lpi:tә,n (KNO3) used especially as a fertilizer and explosive,"n. 硝石, 硝酸钾, 硝酸钠\n[化] 硝石",n:100,,,,0,37253,s:saltpeters,,
saltpeter (niter),,,钾硝石﹐硝石,,,,,0,0,,,
saltpeter annealing,,,硝石盐浴退火,,,,,0,0,,,
saltpeter cave,,,硝石洞,,,,,0,0,,,
saltpeter earth,,,硝石土,,,,,0,0,,,
saltpeter salt,,,硝石盐,,,,,0,0,,,
saltpeter saltpetre,,,硝石，钾硝， 硝酸钾,,,,,0,0,,,
saltpeter-bethe (two-nucleon) equation,,,沙比特-贝特方程[式],,,,,0,0,,,
saltpetering,,,泛碱,,,,,0,0,,,
saltpeters,'sɔːlt'piːtə,,n. 硝石；硝酸钾,,,,,0,0,0:saltpeter/1:s,,
saltpetre,,n (KNO3) used especially as a fertilizer and explosive,"n. 硝石, 硝酸钾\n[化] 硝石; 硝酸钾",,,,,38802,0,s:saltpetres,,
saltpetre (saltpeter),,,钾硝石﹐硝石,,,,,0,0,,,
saltpetre cave,,,【地质学】硝石洞,,,,,0,0,,,
saltpetre earth,,,【地质学】硝石土,,,,,0,0,,,
saltpetre paper,,,(导火用的)火硝纸,,,,,0,0,,,
saltpetre solt,,,[无化] 硝石盐,,,,,0,0,,,
saltpetres,",sɔlt'pitɚ",,n. [矿物] 硝石；[无化] 硝酸钠,,,,,0,0,0:saltpetre/1:s,,
saltpetrous,"'sɔ:lt,pi:trәs","a. Pertaining to saltpeter, or partaking of its\n   qualities; impregnated with saltpeter.",硝石的,,,,,0,0,,,
saltpond,,, [地名] [加纳] 索尔特庞德,,,,,0,0,s:saltponds,,
saltponds,,,[网络] 盐田,,,,,0,0,0:saltpond/1:s,,
saltproof,,,[网络] 防盐,,,,,0,0,,,
saltram,,,[网络] 索莱酒园；索莱酒庄；史创酒庄,,,,,0,0,s:saltrams,,
saltrams,,,[网络] 索莱酒园；索莱酒庄；史创酒庄\n(saltram 的复数),,,,,0,0,0:saltram/1:s,,
saltroasting,sɒlt'rəʊstɪŋ,,n.加盐焙烧(食盐氯化焙烧),,,,,0,0,,,
Saltron,,,氯苯二磺酰胺,,,,,0,0,,,
Saltrou,,,[地名] *萨尔特鲁(贝朗斯的旧称) ( 海 ),,,,,0,0,,,
saltrou (belle-anse),,,沙特鲁(贝兰斯),,,,,0,0,,,
saltry,,,[网络] 吃饭,,,,,0,0,,,
salts,sɔ:lts,n a compound formed by replacing hydrogen in an acid by a metal (or a radical that acts like a metal)\nn white crystalline form of especially sodium chloride used to season and preserve food\nn negotiations between the United States and the Union of Soviet Socialist Republics opened in 1969 in Helsinki designed to limit both countries' stock of nuclear weapons\nn the taste experience when common salt is taken into the mouth\nv add salt to\nv sprinkle as if with salt\nv add zest or liveliness to\nv preserve with salt,n. 盐( salt的名词复数 ); 风趣; 味道或外观等像盐的物质; 增添趣味[活跃气氛]的事物\nv. （撒盐似的）散布( salt的第三人称单数 ); 使更有趣; 加盐于…以调味; 把盐撒在路面上（以使冰雪融化）,,,,,0,0,1:s3/0:salt,,
salts away,,,na. 腌制；积蓄；〈美〉投资；〈美俚〉大骂一顿,,,,,0,0,,,
salts separator,,,un. 脱盐炉,,,,,0,0,,,
saltsage,,,[网络] 盐渍,,,,,0,0,,,
saltsburg,,, [地名] [美国] 萨尔茨堡,,,,,0,0,,,
saltshaker,"'sɔ:lt,ʃeikә",n. a shaker with a perforated top for sprinkling salt,n. 盐瓶(调味用),n:100,,,,0,37395,s:saltshakers,,
saltshakers,,,n. 盐瓶（调味用）( saltshaker的名词复数 ),,,,,0,0,0:saltshaker/1:s,,
Saltsjobaden,,,[网络] 萨尔特舍巴登；索茨霍巴根；缲次要巴顿,,,,,0,0,,,
Saltsjöbaden,,,[地名] 萨尔特舍巴登 ( 瑞典 ),,,,,0,0,,,
saltsman,,, [人名] 萨尔茨曼,,,,,0,0,,,
Saltspar,,,粗晶石盐,,,,,0,0,,,
saltsplitting,,,n. 盐劈,,,,,0,0,,,
saltsplitting capacity,,,劈容量，盐劈，中性盐分解容量,,,,,0,0,,,
saltspoon,,,na. 盐匙\n[网络] 盐羡,,,,,0,0,,,
saltspoonful,,,[网络] 盐汤,,,,,0,0,,,
saltspoonfuls,,,[网络] saltpoonfuls,,,,,0,0,,,
saltspoons,,,[网络] 盐雾,,,,,0,0,,,
saltspoonsful,,,[网络] 无聊的,,,,,0,0,,,
saltspreading,"'sɔ:lt,sprediŋ",,n. (往道路上)撒盐,,,,,0,0,,,
saltuary,,,[网络] 沙丘,,,,,0,0,,,
Saltucin,,,"异丁噻嗪,异丁双氢氯噻嗪",,,,,0,0,,,
saltuk,,,萨尔图克,,,,,0,0,,,
saltum,,,[网络] 萨博；丹麦,,,,,0,0,,,
salture,,,[网络] 吃饱,,,,,0,0,,,
saltus,'sæltәs,,"n. 跳越判断, 骤然中断, 逻辑的飞跃, 跃度, 振幅",,,,,0,0,,,
saltus function,,,[数] 跃度函数,,,,,0,0,,,
Saltus I.,,,[地名] 索尔特斯岛 ( 百 ),,,,,0,0,,,
saltus of discontinuity,,,不连续度,,,,,0,0,,,
Saltvik,,,[地名] 萨尔特维克 ( 芬、瑞典 ),,,,,0,0,,,
saltville,,, [地名] [美国] 索尔特维尔,,,,,0,0,,,
saltwash member,,,盐洗段,,,,,0,0,,,
saltwater,'sɒ:ltwɒ:tә,n water containing salts,"a. 盐水的, 海产的, 海上的",j:59/n:41,,,,0,17750,s:saltwaters,,
saltwater crocodile,,,un. 弯鳄\n[网络] 咸水鳄；湾鳄；咸水鳄鱼,,,,,0,0,,,
saltwater economics,,,[网络] 海水经济学,,,,,0,0,,,
saltwater fish,,, 咸水鱼,,,,,0,0,,,
saltwater intrusion,,,盐水入侵,,,,,0,0,,,
saltwater lake,,,咸水湖,,,,,0,0,,,
saltwater system,,,[网络] 海水系统,,,,,0,0,,,
saltwater taffy,,,咸味太妃糖,,,,,0,0,,,
saltwater wedge,,,盐水楔,,,,,0,0,,,
saltwater-activated battery,,,un. 海水电池,,,,,0,0,,,
saltwaters,'sɔːlt'wɔːtə,,adj. 盐水的；含盐水的；【生物学】嗜盐水的；海生的,,,,,0,0,0:saltwater/1:s,,
saltweed,,,[网络] 咸草,,,,,0,0,,,
saltweeds,,,[网络] 咸草,,,,,0,0,,,
saltwell,,,na. 盐井\n[网络] 盐井地狱公园,,,,,0,0,s:saltwells,,
saltwells,,,na. 盐井\n[网络] 盐井地狱公园\n(saltwell 的复数),,,,,0,0,0:saltwell/1:s,,
Saltwick Bay,,,[地名] 索尔特威克湾 ( 英 ),,,,,0,0,,,
Saltwick Nab,,,[地名] 索尔特威克角 ( 英 ),,,,,0,0,,,
saltwood,,,[网络] 邵特伍德,,,,,0,0,,,
saltwork,,,[网络] 盐厂,,,,,0,0,s:saltworks,,
saltworks,'sɒ:ltwә:ks,n. a plant where salt is produced commercially,n. 制盐厂,,,,,0,0,0:saltwork/1:s/s:saltworkss,,
saltworkss,'sɔːltwɜːks,,vt. [复数，动词用单数]制盐厂,,,,,0,0,0:saltworks/1:s,,
saltwort,'sɔ:ltwә:t,n bushy plant of Old World salt marshes and sea beaches having prickly leaves; burned to produce a crude soda ash\nn low-growing strong-smelling coastal shrub of warm parts of the New World having unisexual flowers in conelike spikes and thick succulent leaves,n. [植]藜科冈羊栖菜属植物,,,,,0,0,s:saltworts,,
saltwort families,,,[网络] 盐草家族\n(saltwort family 的复数),,,,,0,0,0:saltwort family/1:s,,
saltwort family,,,[网络] 盐草家族,,,,,0,0,s:saltwort families,,
saltworts,,,na. 【植】(生于海边或盐沼)藜科植物\n[网络] 钾猪毛菜；海蓬子,,,,,0,0,0:saltwort/1:s,,
salty,'sɒ:lti,a. containing or filled with salt\ns. one of the four basic taste sensations; like the taste of sea water,"a. 有盐分的, 咸味浓的, 海洋的, 辛辣的, 有经验的",j:100,1,1,gk,15246,9377,r:saltier/t:saltiest,,
salty balls,,a state of being extremely annoyed or irriated as if your balls were in fact salty\n> Bob was salty balls about his F on the last science test.\n,,,,,,0,0,,,
salty basin,,,盐斑,,,,,0,0,,,
salty dog,,,[网络] 咸狗；盐狗；也不错,,,,,0,0,,,
salty dogs,,,[网络] 咸狗,,,,,0,0,,,
salty fish,,,[网络] 咸鱼,,,,,0,0,,,
salty fishes,,"a term used to describe the female genitals if it has not been cleaned for a while. the result of which gives a fishy smell and a salty taste during oral sex.\n> Jim: i went down on the bitch, but came straight back up.\n> John: was it a Salty fish?\n> Jim: yeah.\n",,,,,,0,0,,,
salty flavo(u)r,,,咸味,,,,,0,0,,,
salty flavour,ˈsɔ:lti: ˈfleivə,, [医]咸味,,,,,0,0,,,
salty milk,,,[网络] 咸牛奶,,,,,0,0,,,
salty soil,,,盐渍土,,,,,0,0,,,
salty soils,,, 盐化土壤,,,,,0,0,,,
salty taste,,,咸味,,,,,0,0,,,
salty taste in mouth,,,口咸,,,,,0,0,,,
salty water,,,[网络] 咸的水；有咸味的水；苦涩的咸水湖,,,,,0,0,,,
salty wind damage,,,盐风灾害,,,,,0,0,,,
salty wind protection forest,,,防盐风林,,,,,0,0,,,
saltyish,,,[网络] 咸淡,,,,,0,0,,,
saltykov,,,[网络] 萨尔特科夫,,,,,0,0,,,
Saltykovka,,,[地名] 萨尔特科夫卡 ( 俄 ),,,,,0,0,,,
Saltykovo,,,[地名] 萨尔特科沃 ( 俄 ),,,,,0,0,,,
Saltymakovo,,,[地名] 萨尔特马科沃 ( 俄 ),,,,,0,0,,,
Saltymakovskiy Khrebet,,,[地名] 萨尔特马科沃山 ( 俄 ),,,,,0,0,,,
saltyr,,,[网络] 咸味,,,,,0,0,,,
saltz,,,[网络] 盐,,,,,0,0,,,
saltzberg,,, [人名] 萨尔茨伯格,,,,,0,0,,,
saltzburg,,,[网络] 萨士保,,,,,0,0,,,
saltzer,,,[网络] 盐泽,,,,,0,0,,,
saltzman,,, [人名] 萨尔茨曼,,,,,0,0,,,
salu,,,[网络] 祝福；胡须；再见,,,,,0,0,,,
"Salu, Pulau",,,[地名] 沙鲁岛 ( 新加 ),,,,,0,0,,,
"Salu, Selat",,,[地名] 沙鲁海峡 ( 新加 ),,,,,0,0,,,
Saluafata,,,[地名] 萨卢阿法塔 ( 萨摩 ),,,,,0,0,,,
salubrinal,,,[网络] 小分子化学伴侣,,,,,0,0,,,
salubrious,sә'lu:briәs,s. favorable to health of mind or body,"a. 有益健康的, 健康的\n[医] 增进健康的, 适于卫生的",j:100,,,gre,32804,33215,,,
salubriously,sə'lu:brɪəslɪ,,adv. （空气、气候等）有益健康地(salubrious的变形),,,,,0,0,,,
salubriousness,sə'lju:briəs,n. the quality of being salubrious and invigorating,"n. salubrious（健康的, 强健的；有益健康的）的变形",,,,,0,0,s:salubriousnesses,,
salubriousnesses,,,n. salubrious的变形,,,,,0,0,0:salubriousness/1:s,,
salubris,,,[网络] 信立泰,,,,,0,0,,,
salubrities,sə'lʊbrəti,,n. 有益健康,,,,,0,0,0:salubrity/1:s,,
salubrity,sә'lu:briti,n. the quality of being salubrious and invigorating,"n. 有益健康, 强身\n[医] 增进健康, 适于卫生",,,,,0,0,s:salubrities,,
salubrol,sә'lju:brɔl,,卫生粉,,,,,0,0,,,
saluces,,,[网络] 沙绿斯；萨卢斯；萨律斯,,,,,0,0,,,
salud,sɑ:'lu:d. -'luð,,int. （西）祝您健康,,,,,0,0,s:saluds,,
saluda,,, [地名] [美国] 萨卢达,,,,,0,0,,,
Saluda County,,,[地名] 萨卢达县 ( 美 ),,,,,0,0,,,
Saluda R.,,,[地名] 萨卢达河 ( 美 ),,,,,0,0,,,
Saluda River,,,[网络] 萨鲁达河；萨卢达河,,,,,0,0,,,
saludable,,,[网络] 可信的,,,,,0,0,,,
saludador,,,萨卢达多,,,,,0,0,,,
Saludecio,,,[地名] 萨卢代乔 ( 意 ),,,,,0,0,,,
saludo,,,[网络] 问候,,,,,0,0,,,
saludo (philippines),,,萨露多舞(菲律宾),,,,,0,0,,,
Saludrin,,,双氢氟噻嗪,,,,,0,0,,,
saluds,sæ'luː; sæ'lʊð,,interj. [西班牙语]祝你健康!干杯!,,,,,0,0,0:salud/1:s,,
salue,,v. t. To salute., [地名] [印度尼西亚] 萨卢埃,,,,,0,0,,,
"Salue Timpaus, Selat",,,[地名] 萨卢埃廷保斯海峡 ( 印尼 ),,,,,0,0,,,
saluenense,,,[网络] 碟花百合；怒江杜鹃；英文名,,,,,0,0,,,
saluenensis,,,[网络] 怒江红山茶；怒江山茶,,,,,0,0,,,
salufer,sә'lu:fә,,氟硅酸钠,,,,,0,0,,,
Saluggia,,,[地名] 萨卢贾 ( 意 ),,,,,0,0,,,
salugh,,,[网络] ugh,,,,,0,0,,,
salugi,sə'lu:dʒi:,,n. (传接他人物品如帽子等的)恶作剧\ninterj. [用于表示恶作剧开始],,,,,0,0,,,
Salugyaung,,,[地名] 萨卢姜 ( 缅 ),,,,,0,0,,,
saluing,,,[网络] 点点头,,,,,0,0,,,
Saluki,sә'lu:ki,n. old breed of tall swift keen-eyed hunting dogs resembling greyhounds; from Egypt and southwestern Asia,n. 萨卢基狗,,,,,0,0,s:salukis,,
salukis,,,n. 萨卢基狗（一种体细长而高大，皮毛光滑的猎犬）( saluki的名词复数 ),,,,,0,0,0:saluki/1:s,,
salum,,,[网络] 萨拉姆；塞卢姆；的萨拉姆,,,,,0,0,,,
Salumbwe,,,[地名] 萨隆布韦 ( 赞 ),,,,,0,0,,,
salume,,,[网络] 沙拉,,,,,0,0,,,
salumeria,,,[网络] 餐前拼盘,,,,,0,0,,,
salumi,,,[网络] 腌肉餐厅；猪肉食品；腌肉片,,,,,0,0,s:salumi,,
salumin,sә'lju:min,,水杨酸铝,,,,,0,0,,,
salung,sә'lʌŋ,,n. 萨隆(古暹罗银币),,,,,0,0,,,
Salunil,,,"氯噻嗪,克尿噻",,,,,0,0,,,
Salupen,,,"青霉素,苄青霉素,青霉素G,盘尼西林",,,,,0,0,,,
Saluping I.,,,[地名] 萨卢平岛 ( 菲 ),,,,,0,0,,,
Salur,,,沙鲁尔,,,,,0,0,,,
Salural,,,苄氟噻嗪,,,,,0,0,,,
salure,,,[网络] 胜利路,,,,,0,0,,,
Saluren,,,"氯噻嗪,克尿噻",,,,,0,0,,,
Salurene,,,"氨苯蝶啶,三苯蝶啶",,,,,0,0,,,
Salures,,,苄氟噻嗪,,,,,0,0,,,
saluresis,",sæljj'ri:sis",,n. [医]尿食盐排泄,,,,,0,0,,,
Saluret,,,"氯噻嗪,克尿噻",,,,,0,0,,,
saluretic,"sә,lu:'retik",,a. 促尿食盐排泄的,,,,,0,0,,,
saluretics,,,[网络] 油化剂,,,,,0,0,,,
Saluretil,,,"氯噻嗪,克尿噻",,,,,0,0,,,
Saluric,,,"氯噻嗪,克尿噻",,,,,0,0,,,
Salurin,,,汞撒利,,,,,0,0,,,
Saluron,,,"氢氟噻嗪,双氢氟噻嗪,双氢三氟甲噻嗪制剂的商品名",,,,,0,0,,,
SALURONHydroflumethiazine,,,氢氟噻嗪,,,,,0,0,,,
Salus,'seilәs,,n. [罗神]萨卢斯(司健康、幸福和兴盛的女神),,,,,0,0,s:saluss,,
Salus arch,,,萨卢斯征,,,,,0,0,,,
salus populi suprema lex,,,[网络] 人民的利益是最高法律；人民的福祉是最高的法律；人民利益高於一切,,,,,0,0,,,
salus populi suprema lex esto,'seilə'pɔpjulai-sə'pri:mə leks 'estəu,, 人民利益至上，人民的利益是至高无上的法律(美国密苏里州的格言),,,,,0,0,,,
Salus populi suprema lex.,,,[网络] 人民的利益是最高法律；人民的福祉是最高的法律；人民利益高於一切,,,,,0,0,,,
Salus sign,,,萨卢斯征,,,,,0,0,,,
Salus' arch,,,"[医] 萨路斯氏弧(视网膜静脉经过动脉时所形成的弧,见于动脉硬化)",,,,,0,0,,,
Salusbury,'sɔ:lzbәri,,(=Salisbury)索尔兹伯里(姓氏),,,,,0,0,,,
saluside,,,沙罗异烟腙,,,,,0,0,,,
saluss,,,n. [罗神]萨卢斯(司健康、幸福和兴盛的女神)\n(salus 的复数),,,,,0,0,0:salus/1:s,,
Salussola,,,[地名] 萨卢索拉 ( 意 ),,,,,0,0,,,
salut,sɑ:'lju:,,"<法>int.祝你健康,干杯[字面意义：health]",,,,,0,0,s:saluts,,
salutaridine,,,[化] 沙罗泰里啶,,,,,0,0,,,
salutarily,,,adv. salutary的变形,,,,,0,0,,,
salutariness,,,n. salutary的变形,,,,,0,0,,,
salutaris,,,[网络] 救恩；塔里斯,,,,,0,0,,,
salutarium,",sælju:'teәriәm",,疗养地,,,,,0,0,,,
salutary,'sæljutәri,s tending to promote physical well-being; beneficial to health,"a. 有益的, 有用的, 有益健康的\n[医] 适于健康的",j:100,,,toefl gre,14435,19993,,,
salutati,,,[网络] 沙鲁达蒂；萨卢塔蒂；萨律塔蒂,,,,,0,0,,,
salutation,.sælju:'teiʃәn,n. word of greeting used to begin a letter,"n. 招呼, 寒喧, 问候",n:100,,,gre,33246,26613,s:salutations,,
salutation dance (burma),,,喜会舞(缅甸),,,,,0,0,,,
salutational,,,a. salutation的变形,,,,,0,0,,,
salutations,ˌsæljəˈteɪʃənz,n. an act of honor or courteous recognition\nn. (usually plural) an acknowledgment or expression of good will (especially on meeting)\nn. word of greeting used to begin a letter,n. 招呼( salutation的复数形式 ); 致意; 致敬; 信函中的称呼语,,,,,0,0,0:salutation/1:s,,
salutator,,,[网络] 选人,,,,,0,0,,,
salutatorian,"sә,lu:tә'tɔ:riәn",n. a graduating student with the second highest academic rank; may deliver the opening address at graduation exercises,n. (毕业典礼时)致词的学生,n:100,,,,0,44667,s:salutatorians,,
salutatorians,,,n. 〈美〉行毕业礼时代表致辞的(第二名)毕业生\n[网络] 致词的学生代表；致开幕词的学生；致辞毕业生,,,,,0,0,0:salutatorian/1:s,,
salutatories,,,n. 〈美〉(通常由第二名毕业生作的)毕业致辞；欢迎辞；祝辞\nadj. 祝贺的\n[网络] 欢迎词；致欢迎词；致敬意的,,,,,0,0,0:salutatory/1:s,,
salutatorily,,adv. By way of salutation.,adv. salutatory的变形,,,,,0,0,,,
salutatorium,sæljuːteɪ'tɔːriəm,,中世纪教堂在门廊或圣器室局部的议事室,,,,,0,0,,,
salutatory,sә'lu:tәtәri,n an opening or welcoming statement (especially one delivered at graduation exercises),"n. (毕业典礼的)开幕词, 祝词\na. 致意的, 表示欢迎的",,,,,0,0,s:salutatories,,
salutatory address,,,[网络] 欢迎辞,,,,,0,0,s:salutatory addresses,,
salutatory addresses,,,[网络] 欢迎辞\n(salutatory address 的复数),,,,,0,0,0:salutatory address/1:s,,
salutatory oration,,,[网络] 辅导会,,,,,0,0,s:salutatory orations,,
salutatory orations,,,[网络] 辅导会\n(salutatory oration 的复数),,,,,0,0,0:salutatory oration/1:s,,
salutatory speaker,,,[网络] 赞扬演讲嘉宾,,,,,0,0,s:salutatory speakers,,
salutatory speakers,,,[网络] 赞扬演讲嘉宾\n(salutatory speaker 的复数),,,,,0,0,0:salutatory speaker/1:s,,
salute,sә'lu:t,n. an act of honor or courteous recognition\nn. a formal military gesture of respect\nn. an act of greeting with friendly words and gestures like bowing or lifting the hat\nv. greet in a friendly way,"vi. 行礼, 致意, 问候, 放礼炮\nvt. 向...致意, 迎接, 赞扬\nn. 招呼, 敬礼, 礼炮",n:41/v:59,2,,gk cet4 cet6 ky ielts gre,11386,8974,p:saluted/3:salutes/i:saluting/d:saluted/s:salutes,,
salute by,,,以…欢迎,,,,,0,0,,,
salute the colours,,,向军旗致敬,,,,,0,0,,,
salute to the union,,,美国独立纪念日礼炮(礼炮响数依其州数而定),,,,,0,0,,,
salute with,,,"〈正〉以(某一特定动作)向(某人)表示敬意〔欢迎, 问候〕",,,,,0,0,,,
saluted,səˈlu:tid,imp. & p. p. of Salute,"v. 欢迎, 致敬( salute的过去式和过去分词 ); 赞扬, 赞颂",,,,,0,0,0:salute/1:pd,,
saluted-luting,,,vt. salute的变形,,,,,0,0,,,
Salutensin,,,氢氟噻嗪-利血平制剂的商品名,,,,,0,0,,,
Salutensin-Demi,,,氢氟噻嗪-利血平制剂的商品名,,,,,0,0,,,
saluter,,n. One who salutes.,"n. 致敬, 欢迎；敬礼 (salute的变形)",,,,,0,0,s:saluters,,
saluters,,,[网络] 送礼,,,,,0,0,0:saluter/1:s,,
salutes,səˈlu:ts,"n an act of honor or courteous recognition\nn a formal military gesture of respect\nn an act of greeting with friendly words and gestures like bowing or lifting the hat\nv propose a toast to\nv greet in a friendly way\nv express commendation of\nv become noticeable\nv honor with a military ceremony, as when honoring dead soldiers\nv recognize with a gesture prescribed by a military regulation; assume a prescribed position","n. 致敬, 欢迎, 敬礼( salute的名词复数 )\nv. 欢迎, 致敬( salute的第三人称单数 ); 赞扬, 赞颂",,,,,0,0,0:salute/1:3s,,
salutest,,,[网络] 最好的,,,,,0,0,,,
saluti,,,[网络] 问候,,,,,0,0,,,
salutiferous,",sælju'tifәrәs","a. Bringing health; healthy; salutary; beneficial; as,\n   salutiferous air.",a. 有益的,,,,,0,0,,,
salutiferously,,,[网络] 敬礼,,,,,0,0,,,
saluting,səˈlu:tɪŋ,"v propose a toast to\nv greet in a friendly way\nv express commendation of\nv become noticeable\nv honor with a military ceremony, as when honoring dead soldiers\nv recognize with a gesture prescribed by a military regulation; assume a prescribed position","v. 欢迎, 致敬( salute的现在分词 ); 赞扬, 赞颂",j:100,,,,42971,41371,0:salute/1:i/s:salutings,,
saluting battery,,,礼砲砲组,,,,,0,0,,,
saluting by fire,,,[网络] 放礼炮,,,,,0,0,,,
saluting gun,,,鸣放礼炮所用的炮,,,,,0,0,,,
saluting port,,,礼炮鸣放港,,,,,0,0,,,
saluting ship or station,,,礼砲舰或砲台,,,,,0,0,,,
salutings,,,[网络] 恭维,,,,,0,0,0:saluting/1:s,,
salution,,,n. 称呼；致敬,,,,,0,0,,,
salutis,,,[网络] 萨鲁提斯,,,,,0,0,,,
salutis gratia,,,[网络] 为安全而牺牲,,,,,0,0,,,
salutogenic,,,[网络] 研拟有益健康原则,,,,,0,0,,,
saluts,,plural of salut,"(salut 的复数) <法>int.祝你健康,干杯[字面意义：health]",,,,,0,0,0:salut/1:s,,
saluyd,,,[网络] 沙拉,,,,,0,0,,,
saluz,,,[网络] 萨鲁兹,,,,,0,0,,,
Saluzid,,,"沙罗异烟腙,甲氧异烟腙",,,,,0,0,,,
Saluzide,,,"沙罗异烟腙,甲氧异烟腙",,,,,0,0,,,
saluzzi,,,[网络] 浴缸,,,,,0,0,,,
Saluzzo,,,[地名] 萨卢佐 ( 意 ),,,,,0,0,,,
SALV,,,"[=salvage]废物处理,废物利用",,,,,0,0,,,
salv salvage,,,"海滩救助,救助费",,,,,0,0,,,
salv-,,,救助,,,,,0,0,,,
Salv.,,,abbr. Salvador,,,,,0,0,,,
salva,,,[网络] 萨尔瓦；莎尔瓦；沙瓦,,,,,0,0,,,
salva veritate,,,[网络] 保真,,,,,0,0,,,
salvability,,n. The quality or condition of being salvable;\n   salvableness.,adv. salvable的变形,,,,,0,0,,,
salvable,'sælvәbl,a. Capable of being saved; admitting of salvation.,a. 可救的,,,,,0,0,,,
Salvacard,,,"尼可刹米,可拉明,尼可拉明,二乙烟酰胺,烟酰乙胺",,,,,0,0,,,
Salvacaňete,,,[地名] 萨尔瓦卡涅特 ( 西 ),,,,,0,0,,,
Salvación,,,[地名] 萨尔瓦西翁 ( 玻、菲 ),,,,,0,0,,,
Salvada,,,[地名] 萨尔瓦达 ( 葡 ),,,,,0,0,,,
"Salvada, Sa.",,,[地名] 萨尔瓦达山 ( 西 ),,,,,0,0,,,
Salvador,'sælvәdɔ:,n a republic on the Pacific coast of Central America,[经] 萨尔瓦多,,,,,8278,0,s:salvadors,,
salvador (bahia),,,萨尔瓦多(巴伊亚),,,,,0,0,,,
Salvador Dali,,,[网络] 画家达利；超现实主义画家达利；萨尔瓦多,,,,,0,0,,,
Salvador do Sul,,,[地名] 南萨尔瓦多 ( 巴西 ),,,,,0,0,,,
salvador l.,,,萨尔瓦多湖,,,,,0,0,,,
Salvador Mazza,,,[地名] 萨尔瓦多马萨 ( 阿根 ),,,,,0,0,,,
"Salvador, L.",,,[地名] 萨尔瓦多湖 ( 美 ),,,,,0,0,,,
"Salvador, P.de",,,[地名] 萨尔瓦多山口 ( 尼日尔 ),,,,,0,0,,,
Salvador-Cué,,,[地名] 萨尔瓦多-库埃 ( 巴拉 ),,,,,0,0,,,
Salvadora,,,[网络] 萨尔瓦多；萨尔瓦多拉,,,,,0,0,s:salvadoras,,
salvadora families,,,[网络] 萨尔瓦多拉家族\n(salvadora family 的复数),,,,,0,0,0:salvadora family/1:s,,
Salvadora family,,,[网络] 萨尔瓦多拉家族,,,,,0,0,s:salvadora families,,
Salvadora persica,,,[网络] 刺茉莉；山柑藤；牙刷树,,,,,0,0,s:salvadora persicas,,
salvadora persicas,,,[网络] 刺茉莉；山柑藤；牙刷树\n(salvadora persica 的复数),,,,,0,0,0:salvadora persica/1:s,,
Salvadoraceae,,,[网络] 刺茉莉科；刺苿莉科,,,,,0,0,s:salvadoraceaes,,
salvadoraceaes,,,n. 【植物】刺茉莉科,,,,,0,0,0:salvadoraceae/1:s,,
Salvadoran,",sælvə'dɔ:rən",n. a native or inhabitant of El Salvador\na. of or relating to or characteristic of El Salvador or its people,n. 萨尔瓦多人\na. 萨尔瓦多的；萨尔瓦多人的,j:10/n:90,,,,0,16133,s:salvadorans,,
Salvadoran capital,,,[网络] 萨尔瓦多首都,,,,,0,0,s:salvadoran capitals,,
salvadoran capitals,,,[网络] 萨尔瓦多首都\n(salvadoran capital 的复数),,,,,0,0,0:salvadoran capital/1:s,,
"Salvadoran, Salvadorean, Salvadorian",",s-ælvə'dɔ:riən",,adj. 瓦尔瓦多的；萨尔瓦多人的；萨尔瓦多文化的\nn. 萨尔瓦多人,,,,,0,0,,,
salvadorans,,,adj. 萨尔瓦多的[人]\n[网络] 萨尔瓦多人；萨尔瓦多人的,,,,,0,0,0:salvadoran/1:s,,
salvadoras,,,[网络] 格安予约,,,,,0,0,0:salvadora/1:s,,
salvadore,,,[网络] 萨瓦多雷,,,,,0,0,s:salvadores,,
salvadorean,ˌsælvə'dɔ:rɪən,n a native or inhabitant of El Salvador\na of or relating to or characteristic of El Salvador or its people,a. 萨尔瓦多(El Salvador)的,,,,,30161,0,s:salvadoreans,,
salvadoreans,,plural of salvadorean\nn a native or inhabitant of El Salvador\na of or relating to or characteristic of El Salvador or its people,(salvadorean 的复数) adj. 萨尔瓦多(El Salvador)的,,,,,0,0,0:salvadorean/1:s,,
salvadores,,,萨尔瓦多雷斯,,,,,0,0,0:salvadore/1:3s,,
salvadori,,,[网络] 萨尔瓦多里；萨拖里；萨瓦多里,,,,,0,0,s:salvadoris,,
Salvadori's,,,萨氏,,,,,0,0,,,
Salvadorian,,n. a native or inhabitant of El Salvador,萨尔瓦多的\n萨尔瓦多人的,,,,,0,0,s:salvadorians,,
Salvadorians,,,[网络] 萨尔瓦多人,,,,,0,0,0:salvadorian/1:s,,
salvadoris,,,[网络] 萨尔瓦多里；萨拖里；萨瓦多里\n(salvadori 的复数),,,,,0,0,0:salvadori/1:s,,
salvadorite,",sælvә'dɔ:rait",,多铜绿矾,,,,,0,0,,,
salvadors,'sælvədɔ:,,n. 萨尔瓦多（巴西东部港市）,,,,,0,0,0:salvador/1:s,,
salvage,'sælvidʒ,"n. property or goods saved from damage or destruction\nn. the act of saving goods or property that were in danger of damage or destruction\nn. the act of rescuing a ship or its crew or its cargo from a shipwreck or a fire\nv. save from ruin, destruction, or harm","n. 海上救助, 抢救, 打捞, 抢救出来的财物\nvt. 海上救助, 抢救, 打捞, 营救\n[计] 文件恢复程序",n:29/v:71,2,,toefl ielts gre,11128,8909,d:salvaged/p:salvaged/i:salvaging/s:salvages/3:salvages,,
salvage account,,,[经] 残料帐户(科目),,,,,0,0,,,
salvage act,,,[法] 海难救助法,,,,,0,0,,,
salvage agreement,,,[经] 救助协定,,,,,0,0,,,
salvage air valve,,,救难空气阀,,,,,0,0,,,
salvage anchor,,,un. 救助锚,,,,,0,0,,,
salvage and recovery clause,,,救助及追偿条款,,,,,0,0,,,
salvage and rescue ship,,,海难救助船,,,,,0,0,,,
salvage and salvage charge,,,[网络] 救助与救助费,,,,,0,0,,,
Salvage and Wreck Removal,,,[网络] 打捞清除,,,,,0,0,,,
salvage apparatus,,,[网络] 救难工具,,,,,0,0,,,
salvage appliance,,,un. 救难设备\n[网络] 救助工具；救助设备,,,,,0,0,,,
salvage archaeology,,,文物抢救，抢救性考古，古物抢救工程,,,,,0,0,,,
salvage association,,,un. 海难救助协会\n[网络] 海难救助联合会,,,,,0,0,,,
salvage at scene,,,现场抢救,,,,,0,0,,,
salvage at sea,,,[经] 海难救助(救援),,,,,0,0,,,
salvage award,,,[经] 救助报酬,,,,,0,0,,,
salvage barge,,,un. 救捞驳船,,,,,0,0,,,
salvage boat,,,n. 海难救援船,,,,,0,0,,,
salvage bond,,,[网络] 救助契约；海难救助合同,,,,,0,0,,,
salvage bureau,,,[网络] 海难救助打捞局,,,,,0,0,,,
salvage by contract,ˈsælvidʒ bai kənˈtrækt,, [财]按约救助,,,,,0,0,,,
Salvage by Sister-ships,,,[网络] 姊妹船救助,,,,,0,0,,,
Salvage by Stowage,,,[网络] 救助拖带,,,,,0,0,,,
salvage by tow,,,[网络] 拖救,,,,,0,0,,,
salvage by voluntary action,,,自愿救助,,,,,0,0,,,
salvage charge,,,施救费用，救助费，救助费用,,,,,0,0,,,
salvage charges,,,"[经] 救助费用, 救援费",,,,,0,0,,,
salvage clause,,,[法] 救助条款,,,,,0,0,,,
salvage company,,,[经] 打捞公司,,,,,0,0,,,
salvage contract,ˈsælvidʒ kənˈtrækt,, [法]救助合同,,,,,0,0,,,
Salvage Contract upon the Principle of No Cure-No Pay,,,无效果-无报酬救助合同,,,,,0,0,,,
Salvage Convention,,,救助公约,,,,,0,0,,,
salvage convoy,,,[网络] 救助护航,,,,,0,0,,,
salvage corps,,,"消防队\n[法] 救火队, 消防队",,,,,0,0,,,
salvage cost,,,救济费;利旧费,,,,,0,0,,,
salvage craft,,,un. 打捞工作船\n[网络] 救助船,,,,,0,0,,,
salvage craft tender,,,打捞船母舰,,,,,0,0,,,
salvage crane,,,un. 救援起重机\n[网络] 救险起重机；救险吊车,,,,,0,0,,,
salvage crew,,,打捞人员,,,,,0,0,,,
salvage cruiser,,,救生快艇,,,,,0,0,,,
salvage cutting,,,"灾害伐,拯救伐",,,,,0,0,,,
salvage department,,,废料利用车间;废物利用部门,,,,,0,0,,,
salvage depot,,,修理部,,,,,0,0,,,
salvage dock,,,un. 救助浮坞\n[网络] 救难船坞,,,,,0,0,,,
salvage enzymes,,,[生化] 中间体合成酶,,,,,0,0,,,
salvage expense,,,"[经] 救助费, 救援费",,,,,0,0,,,
salvage expenses,,, [财]救助费用,,,,,0,0,,,
salvage fee,,,[网络] 救助费；救助费用,,,,,0,0,,,
salvage felling,,,拯救伐,,,,,0,0,,,
salvage fermentation,,,"分段合成发酵,补救发酵",,,,,0,0,,,
salvage firm,,,[网络] 救助商,,,,,0,0,,,
Salvage for Preservation of Human Life.,,,[网络] 人命救助报酬,,,,,0,0,,,
salvage gear,,,救助船具,,,,,0,0,,,
salvage grocery,,,[网络] 打捞杂货,,,,,0,0,,,
salvage group,,,【军事】打捞大队，救难大队,,,,,0,0,,,
salvage guarantee,,,救助保证,,,,,0,0,,,
Salvage Has a Useful Result,,,[网络] 救助有效果,,,,,0,0,,,
salvage hawser,,,"救助缆,援救索",,,,,0,0,,,
Salvage in Stages,,,[网络] 阶段救助,,,,,0,0,,,
salvage lien,,,[网络] 救助留置权,,,,,0,0,,,
salvage life craft,,,[网络] 救助打捞船,,,,,0,0,,,
salvage lifting vessel,,,救助打捞船,,,,,0,0,,,
salvage lorry,,,un. 破损的运货车,,,,,0,0,,,
salvage loss,,,"[法] 海难损失, 救助打捞损失",,,,,0,0,,,
salvage master,,,un. 打捞监督,,,,,0,0,,,
salvage material,,,[网络] 回收材料,,,,,0,0,,,
salvage metabolic pathway,,,再利用代谢途径,,,,,0,0,,,
salvage metabolism pathway,,,补救代谢途径,,,,,0,0,,,
salvage money,,,"救援费, 救难费\n[法] 救难偿金, 营救费, 救助费用",,,,,0,0,,,
salvage of casting,,,铸件修补,,,,,0,0,,,
salvage of life,,,[网络] 人命救助,,,,,0,0,,,
salvage of plant and equipment,,,[经] 厂房和设备残值,,,,,0,0,,,
salvage of property,ˈsælvidʒ ɔv ˈprɔpəti,, [法]财产救助,,,,,0,0,,,
salvage of waste material,,,废品回收,,,,,0,0,,,
salvage officer,,,un. 打捞员\n[网络] 海难救助员；废品处理军官,,,,,0,0,,,
salvage operation,,,救助作业,,,,,0,0,,,
Salvage Operations Carried out by Public Authorities,,,公共当局从事的救助作业,,,,,0,0,,,
Salvage Operations Controlled by Public Authorities,,,公共当局控制的救助作业,,,,,0,0,,,
salvage pathway,,,[化] 补救途径,,,,,0,0,,,
Salvage Performed by Several Salvors,,,[网络] 共同救助,,,,,0,0,,,
salvage phase,,,呆滞材料或过时设备出售阶段,,,,,0,0,,,
salvage pipe,,,un. 海难救助排水管\n[网络] 海难救助管,,,,,0,0,,,
salvage plating,,,"修补镀层[镀覆,涂覆]",,,,,0,0,,,
salvage point,,,[经] 废品收集处,,,,,0,0,,,
salvage pontoon,,,打捞浮筒,,,,,0,0,,,
salvage prize,,,[法] 海上捕获偿金,,,,,0,0,,,
salvage procedure,,,打捞作业,,,,,0,0,,,
salvage proceeds,,,救助收入,,,,,0,0,,,
salvage property,,,经施救而保全之财产,,,,,0,0,,,
salvage pump,,,应急排水泵,,,,,0,0,,,
salvage remuneration,,,救助报酬,,,,,0,0,,,
salvage repair,,,[网络] 海损修理,,,,,0,0,,,
salvage retailers,,,废品市场,,,,,0,0,,,
salvage service,,,[法] 救助机构,,,,,0,0,,,
salvage ship,,,打捞船,,,,,0,0,,,
salvage shop,,,"[化] 修理工厂\n[经] 修复车间, 修废车间",,,,,0,0,,,
salvage sinking-fund,,,残值偿债基金,,,,,0,0,,,
salvage station,,,废品收购站,,,,,0,0,,,
salvage stores,,,残余物料,,,,,0,0,,,
salvage strop,,,环绳,,,,,0,0,,,
salvage suction hose,,,[网络] 救助泵吸软管；救求软吸管；救助泵吸入软管,,,,,0,0,,,
salvage sump,,,(炼油厂下水道的)石油捕集器,,,,,0,0,,,
salvage synthesis,,,补救合成,,,,,0,0,,,
salvage therapies,,,[网络] 救援性化学治疗,,,,,0,0,,,
salvage therapy,,,[网络] 挽救治疗；抢救治疗；挽救疗法,,,,,0,0,,,
salvage towage,,,救助拖带,,,,,0,0,,,
salvage trailer,,,运金属屑用拖车,,,,,0,0,,,
salvage tug,,,救助拖船\n救助打捞拖船,,,,,0,0,,,
salvage tup,,,[网络] 救助拖船,,,,,0,0,,,
salvage under contract,,,[网络] 签约救助,,,,,0,0,,,
salvage value,,,"[经] 残值, 残料价值",,,,,0,0,,,
salvage value of fixed assets,,, [财]固定资产残值,,,,,0,0,,,
salvage vessel,,,救助打捞船,,,,,0,0,,,
salvage waist band,,,un. 救生腰带\n[网络] 救生带,,,,,0,0,,,
salvage winc,,,[网络] 救助绞车,,,,,0,0,,,
salvage winch,,,救助绞车,,,,,0,0,,,
salvage work,,,[网络] 救难工作；救援工作；救难作业,,,,,0,0,,,
salvage work boat,,,[网络] 海难救助船,,,,,0,0,,,
salvage wotrk,,,[网络] 救助作业,,,,,0,0,,,
salvage yard,,, （废旧机器、旧车等拆售的）废品回收场,,,,,0,0,,,
salvageability,,,n. salvageable的变形,,,,,0,0,,,
salvageable,'sælvidʒәbl,s. capable of being saved from ruin,a. 可抢救的；可打捞的；可挽回的；能利用的,j:100,,,,0,30151,,,
salvageatscene,,,现场抢救,,,,,0,0,,,
salvageble file,,,[计] 可恢复文件,,,,,0,0,,,
salvaged,ˈsælvidʒd,"v save from ruin, destruction, or harm\nv collect discarded or refused material",v. （从火灾、海难等中）抢救（某物）( salvage的过去式和过去分词 ); 回收利用（某物）,j:100,,,,48005,28355,0:salvage/1:dp,,
salvaged lining,,,"废炉衬,废衬砖",,,,,0,0,,,
salvaged pipes,,,旧管子,,,,,0,0,,,
salvagee strap,,,[网络] 绕匝索套,,,,,0,0,,,
salvagees,,,[网络] 抢救,,,,,0,0,,,
salvager,,n. someone who salvages,n. 拯救者；救援人员,n:100,,,,0,39648,s:salvagers,,
salvagers,,plural of salvager\nn. someone who salvages,(salvager 的复数) n. 拯救者；救援人员,,,,,0,0,0:salvager/1:s,,
salvages,ˈsælvidʒz,"n property or goods saved from damage or destruction\nn the act of saving goods or property that were in danger of damage or destruction\nn the act of rescuing a ship or its crew or its cargo from a shipwreck or a fire\nv save from ruin, destruction, or harm\nv collect discarded or refused material",n. 海上营救( salvage的名词复数 ); 抢救出的财产; 救援费; 经加工后重新利用的废物\nv. （从火灾、海难等中）抢救（某物）( salvage的第三人称单数 ); 回收利用（某物）,,,,,0,0,0:salvage/1:s3,,
salvaggio,,,[网络] 萨尔瓦奇奥,,,,,0,0,,,
salvaging,,"v save from ruin, destruction, or harm\nv collect discarded or refused material","[经] 废品处理, 废品利用",,,,,0,0,0:salvage/1:i/s:salvagings,,
salvaging casting,,,焊补铸件,,,,,0,0,,,
salvaging department,,,废料利用车间,,,,,0,0,,,
salvagings,,,[网络] 救命,,,,,0,0,0:salvaging/1:s,,
Salvagnac,,,[地名] 萨尔瓦尼亚克 ( 法 ),,,,,0,0,,,
salvaje,,,[网络] 萨尔瓦耶,,,,,0,0,,,
Salvaleón,,,[地名] 萨尔瓦莱昂 ( 西 ),,,,,0,0,,,
Salvaleón de Higüey,,,[地名] 萨尔瓦莱昂-德伊圭 ( 多米共 ),,,,,0,0,,,
salvamina,,,紫苏霉素,,,,,0,0,,,
Salvamine,,,"紫苏霉素,西苏霉素",,,,,0,0,,,
salvans,,,[网络] 救生员,,,,,0,0,,,
salvanto,,,[网络] 萨尔温托,,,,,0,0,,,
salvar,'sælvɑ:(r),,"n. (南亚国家中尤指女子穿的)宽松裤,纱丽(亦作shalvar)",,,,,0,0,,,
salvar kameez,,,[网络] 萨尔瓦尔·卡梅斯,,,,,0,0,,,
Salvarsan,'sælvәsәn,,"n. 撒尔佛散(治疗梅毒特效剂), 阿斯凡纳明",,,,,0,0,s:salvarsans,,
salvarsan copper,,,[医] 洒尔佛散铜,,,,,0,0,,,
salvarsan milk,,,[医] 洒尔佛散羊乳(从施用洒尔佛散后的母山羊挤得的羊乳),,,,,0,0,,,
salvarsan rash,,,洒尔佛散疹,,,,,0,0,,,
salvarsan sulfoxylate,,,[医] 次硫酸洒尔佛散,,,,,0,0,,,
salvarsanized sera,,,[医] 洒尔佛散处理血清,,,,,0,0,,,
salvarsanized serum recurrence,,,[医] 胂凡纳明血清疗法,,,,,0,0,,,
salvarsanized-serum methods,,,[医] 胂凡纳明哈血清疗法,,,,,0,0,,,
salvarsans,"'sælvɚ,sæn",,n. 撒尔佛散（治疗梅毒特效剂）；胂凡钠明,,,,,0,0,0:salvarsan/1:s,,
salvat,,,n. (Salvat)人名；(法)萨尔瓦,,,,,0,0,,,
salvatella,",sælvә'telә",,小指背和手静脉,,,,,0,0,,,
salvatella vein,,,小指背静脉,,,,,0,0,,,
salvaterra,,, [地名] [巴西] 萨尔瓦特拉,,,,,0,0,,,
Salvaterra de Magos,,,[地名] 萨尔瓦特拉-迪马古什 ( 葡 ),,,,,0,0,,,
salvati,,, 萨尔瓦蒂,,,,,0,0,s:salvatis,,
salvatico,,,萨尔瓦蒂科,,,,,0,0,,,
salvatierra,,, [地名] [墨西哥、西班牙] 萨尔瓦铁拉,,,,,0,0,,,
Salvatierra de los Barros,,,[地名] 萨尔瓦铁拉-德洛斯巴罗斯 ( 西 ),,,,,0,0,,,
Salvatierra de Miňo,,,[地名] 米尼奥河畔萨尔瓦铁拉 ( 西 ),,,,,0,0,,,
Salvatierra de Tormes,,,[地名] 托尔梅斯河畔萨尔瓦铁拉 ( 西 ),,,,,0,0,,,
salvation,sæl'veiʃә,n. a means of preserving from harm or unpleasantness\nn. the state of being saved or preserved from harm\nn. saving someone or something from harm or from an unpleasant situation,"n. 拯救, 救助, 救世",n:100,2,,cet6 ky,5297,5519,s:salvations,,
salvation armies,,,救世军,,,,,0,0,0:salvation army/1:s,,
Salvation Army,,,救世军,,,,,0,0,s:salvation armies,,
salvation army officer,,,[网络] 救世军官员；救恩的军官,,,,,0,0,,,
Salvation Association,,,[网络] 海难救助协会,,,,,0,0,,,
salvation Jane,,,[网络] 救赎草；救市珍妮,,,,,0,0,,,
salvational,,," 救世; 灵魂的得救, 超度, 救度",,,,,0,0,,,
salvationally,,,[网络] 唾手可得,,,,,0,0,,,
Salvationer,,,[网络] 第一会所,,,,,0,0,,,
salvationism,sæl'veiʃәnizәm,,n. 救世军之教义,,,,,0,0,s:salvationisms,,
salvationisms,,,[网络] 救恩主义,,,,,0,0,0:salvationism/1:s,,
salvationist,sæl'veiʃәnist,"n. An evangelist, a member, or a recruit, of the\n   Salvation Army.","n. 救世军军人, 传道者\na. 救世军的",,,,,0,0,s:salvationists,,
salvationists,,"plural of salvationist\nn. An evangelist, a member, or a recruit, of the\n   Salvation Army.","(salvationist 的复数) n.救世军军人, 传道者\na. 救世军的",,,,,0,0,0:salvationist/1:s,,
salvationize,,,[网络] 救恩,,,,,0,0,,,
salvations,,,[网络] 决志；以复数形式,,,,,0,0,0:salvation/1:s,,
salvatis,,, 萨尔瓦蒂\n(salvati 的复数),,,,,0,0,0:salvati/1:s,,
salvative,,,[网络] 不客气,,,,,0,0,,,
salvato,,,[网络] 菲拉格慕；沙拉网站肆手；新产品开发,,,,,0,0,,,
Salvator,,,n. (Salvator)人名；(意、法)萨尔瓦托,,,,,47692,0,s:salvators,,
salvatore,'sælvәtɔ:(r),,n. 塞尔瓦托（男子名）,,,,,38765,0,s:salvatores,,
salvatores,'sælvətɔ:,,n. 塞尔瓦托（男子名）,,,,,0,0,0:salvatore/1:s,,
salvatori,,,[网络] 萨瓦托瑞；萨拉瓦托里,,,,,0,0,s:salvatoris,,
Salvatorian,,,[网络] 萨尔维亚人,,,,,0,0,,,
Salvatorians,,,[网络] 救世主,,,,,0,0,,,
salvatories,,,[网络] salvatores,,,,,0,0,,,
salvatoris,,,[网络] 萨尔瓦多花鱂,,,,,0,0,0:salvatori/1:s,,
salvators,,,[网络] 救助者,,,,,0,0,0:salvator/1:s,,
salvatory,,,[网络] 救护,,,,,0,0,,,
salve,sælv,"n. anything that remedies or heals or soothes\nv. apply a salve to, usually for the purpose of healing","n. 油膏, 药膏, 安慰, 奉承话\nvt. 涂油膏于, 安慰, 缓和, 抢救, 打捞",v:30/n:70,,,gre,33509,21480,p:salved/3:salves/d:salved/i:salving/s:salves,,
Salve (Regina),'sælvi,,【基督教】《圣母经》,,,,,0,0,,,
salve a sore,,,"以药膏敷治疮伤,安慰(精神上的)痛苦",,,,,0,0,,,
salve bug,,,[网络] 补漏,,,,,0,0,,,
salve Deshler's,,,"[医] 德希勒氏油膏, 复方树脂蜡膏",,,,,0,0,,,
salve dressing,,,[医] 软膏敷裹,,,,,0,0,,,
salve mull,,,"[医] 油膏药布剂, 膏药",,,,,0,0,,,
Salve Regina,,,【天主教】= Salve,,,,,0,0,,,
salve the phenomenon,,,[废语] 替现象找理论根据 (把表面上同理论有矛盾的事实和理论本身统一起来),,,,,0,0,,,
salve your conscience,,,na. 减轻负罪感,,,,,0,0,,,
salved,sævd,imp. & p. p. of Salve,"v. <正>使良心得到宽慰, 减轻内疚感( salve的过去式和过去分词 )",,,,,0,0,0:salve/1:pd,,
Salved Property,,,获救财产,,,,,0,0,,,
salved value,,,[法] 被救价值,,,,,0,0,,,
salvediction,,,[网络] 救助,,,,,0,0,,,
salvedressing,,,软膏敷囊,,,,,0,0,,,
salvee,,,[网络] 被救助人,,,,,0,0,,,
salvees,,,[网络] 萨尔维亚,,,,,0,0,,,
salvelike,'sɑ:vlaik,,药膏状的,,,,,0,0,,,
salvelin,,,[化] 鳟精蛋白\n[医] 湖鳟精蛋白,,,,,0,0,,,
salvelinus,,, [医]红点鲑,,,,,0,0,s:salvelinuss,,
Salvelinus alpinus,,,[网络] 北极红点鲑；贝尔湖红点鲑；北极鲑,,,,,0,0,s:salvelinus alpinuss,,
salvelinus alpinuss,,,[网络] 北极红点鲑；贝尔湖红点鲑；北极鲑\n(salvelinus alpinus 的复数),,,,,0,0,0:salvelinus alpinus/1:s,,
Salvelinus fontinalis,,,[网络] 美洲红点鲑；溪红点鲑；鱼类,,,,,0,0,s:salvelinus fontinaliss,,
salvelinus fontinaliss,,,[网络] 美洲红点鲑；溪红点鲑；鱼类\n(salvelinus fontinalis 的复数),,,,,0,0,0:salvelinus fontinalis/1:s,,
Salvelinus namaycush,,,[网络] 湖红点鲑；湖鳟；湖鳟精蛋白,,,,,0,0,s:salvelinus namaycushes,,
salvelinus namaycushes,,,[网络] 湖红点鲑；湖鳟；湖鳟精蛋白\n(salvelinus namaycush 的复数),,,,,0,0,0:salvelinus namaycush/1:s,,
salvelinuss,,, [医]红点鲑\n(salvelinus 的复数),,,,,0,0,0:salvelinus/1:s,,
salvemini,,,[网络] 萨尔维米尼；萨维米尼,,,,,0,0,,,
"Salvemini, Gaetano",sɑ:l'vi:mini,,萨尔维米尼(1873～1957，美籍意大利裔历史学家),,,,,0,0,,,
salvemull,,,药布,,,,,0,0,,,
salvene,'sælvi:n,,鼠尾草烯,,,,,0,0,,,
salver,'sælvә,n. a tray (or large plate) for serving food or drinks; usually made of silver,"n. 浅盘, 托盘",n:100,,,,26852,39683,s:salvers,,
salver-shaped,,,高脚碟状的,,,,,0,0,,,
salverform,'sælvәfɔ:m,s of or concerning a gamopetalous that has a slender tube and an abruptly expanded tip,a. [植](花冠)高脚碟状的,,,,,0,0,,,
salverine,,,[化] 沙维林; 2-二乙氨乙氧苯甲酰苯胺,,,,,0,0,,,
salvers,ˈsælvəz,n. a tray (or large plate) for serving food or drinks; usually made of silver,"n. 托盘, 盘子( salver的复数形式 )",,,,,0,0,0:salver/1:s3,,
salvershaped,,,adj. (花冠)高脚碟状的,,,,,0,0,,,
salves,sævz,"n semisolid preparation (usually containing a medicine) applied externally as a remedy or for soothing an irritation\nn anything that remedies or heals or soothes\nv save from ruin, destruction, or harm\nv apply a salve to, usually for the purpose of healing","n. 药膏, 软膏, 油膏( salve的名词复数 )\nv. <正>使良心得到宽慰, 减轻内疚感( salve的第三人称单数 )",,,,,0,0,0:salve/1:3s,,
salvesen,,, [人名] 萨尔韦森,,,,,0,0,s:salvesens,,
Salvesen Cove,,,[地名] 萨尔韦森湾 ( 南极洲 ),,,,,0,0,,,
salvesens,,, [人名] 萨尔韦森\n(salvesen 的复数),,,,,0,0,0:salvesen/1:s,,
salveti,,,萨尔韦蒂,,,,,0,0,,,
Salvge Operation,,,[网络] 救助作业,,,,,0,0,,,
salvi,,,[网络] 沙维；竖琴；萨尔维,,,,,0,0,,,
salvia,'sælviә,n any of various plants of the genus Salvia; a cosmopolitan herb,n. 鼠尾草\n[化] 鼠尾草属,n:100,,,,0,28865,s:salvias,,
Salvia adiantifolia,,,n. 铁线鼠尾草,,,,,0,0,,,
Salvia adoxoides,,,n. 五福花鼠尾草,,,,,0,0,,,
Salvia aerea,,,n. 橙色鼠尾草,,,,,0,0,,,
Salvia alatipetiolata,,,n. 翅柄鼠尾草,,,,,0,0,,,
Salvia appendiculata,,,n. 附片鼠尾草,,,,,0,0,,,
Salvia arisanensis,,,[网络] 阿里山紫花鼠尾草,,,,,0,0,,,
Salvia atropurpurea,,,n. 暗紫鼠尾草,,,,,0,0,,,
Salvia atrorubra,,,n. 暗红鼠尾草,,,,,0,0,,,
Salvia azurea,,,[网络] 丹参,,,,,0,0,s:salvia azureas,,
salvia azureas,,,[网络] 丹参\n(salvia azurea 的复数),,,,,0,0,0:salvia azurea/1:s,,
Salvia baimaensis,,,[网络] 白马鼠尾草,,,,,0,0,,,
Salvia bifidocalyx,,,n. 开萼鼠尾草,,,,,0,0,,,
Salvia bowleyana,,,n. 南丹参,,,,,0,0,,,
Salvia brachyloma,,,n. 短冠鼠尾草,,,,,0,0,,,
Salvia breviconnectivata,,,n. 短隔鼠尾草,,,,,0,0,,,
Salvia brevilabra,,,n. 短唇鼠尾草,,,,,0,0,,,
Salvia bulleyana,,,n. 戟叶鼠尾草,,,,,0,0,,,
Salvia campanulata,,,n. 钟萼鼠尾草,,,,,0,0,,,
Salvia castanea,,,n. 栗色鼠尾草,,,,,0,0,,,
Salvia cavaleriei,,,血盆草,,,,,0,0,,,
Salvia chienii,,,n. 黄山鼠尾草,,,,,0,0,,,
Salvia chinensis,,,n. 华鼠尾草,,,,,0,0,,,
Salvia chunganensis,,,n. 崇安鼠尾草,,,,,0,0,,,
Salvia clarea,,,[网络] 丹参,,,,,0,0,s:salvia clareas,,
salvia clareas,,,[网络] 丹参\n(salvia clarea 的复数),,,,,0,0,0:salvia clarea/1:s,,
Salvia coccinea,,,n. 朱唇,,,,,0,0,,,
Salvia cyclostegia,,,n. 圆苞鼠尾草,,,,,0,0,,,
Salvia cynica,,,n. 犬形鼠尾草,,,,,0,0,,,
Salvia dabieshanensis,,,[网络] 大别山丹参,,,,,0,0,,,
Salvia deserta,,,n. 新疆鼠尾草,,,,,0,0,,,
Salvia digitaloides,,,n. 毛地黄鼠尾草,,,,,0,0,,,
Salvia divinorum,,,[网络] 迷幻鼠尾草；占卜鼠尾草；迷幻鼠尾草，亦称贤哲,,,,,0,0,s:salvia divinorums,,
salvia divinorums,,,[网络] 迷幻鼠尾草；占卜鼠尾草；迷幻鼠尾草，亦称贤哲\n(salvia divinorum 的复数),,,,,0,0,0:salvia divinorum/1:s,,
Salvia dolichantha,,,n. 长花鼠尾草,,,,,0,0,,,
Salvia evansiana,,,n. 雪山鼠尾草,,,,,0,0,,,
Salvia farinacea,,,[网络] 粉萼鼠尾草；蓝花鼠尾草；吗鼠尾草,,,,,0,0,s:salvia farinaceas,,
salvia farinaceas,,,[网络] 粉萼鼠尾草；蓝花鼠尾草；吗鼠尾草\n(salvia farinacea 的复数),,,,,0,0,0:salvia farinacea/1:s,,
Salvia filicifolia,,,n. 蕨叶鼠尾草,,,,,0,0,,,
Salvia flava,,,n. 黄花鼠尾草,,,,,0,0,,,
Salvia formosana,,,[网络] 紫花鼠尾草,,,,,0,0,,,
salvia formosana formosana,,,台湾紫花鼠尾草,,,,,0,0,,,
salvia formosana matsudae,,,蕨叶紫花鼠尾草,,,,,0,0,,,
Salvia fragarioides,,,n. 草莓状鼠尾草,,,,,0,0,,,
Salvia grandifolia,,,n. 大叶鼠尾草,,,,,0,0,,,
Salvia handelii,,,n. 木里鼠尾草,,,,,0,0,,,
Salvia hayatae,,,n. 阿里山鼠尾草,,,,,0,0,,,
salvia hayatana,,,早田氏鼠尾草；羽叶紫参；白花鼠尾草,,,,,0,0,,,
Salvia heterochroa,,,n. 异色鼠尾草,,,,,0,0,,,
Salvia himmelbaurii,,,n. 瓦山鼠尾草,,,,,0,0,,,
Salvia honania,,,n. 河南鼠尾草,,,,,0,0,,,
Salvia hupehensis,,,n. 湖北鼠尾草,,,,,0,0,,,
Salvia hylocharis,,,n. 林华鼠尾草,,,,,0,0,,,
Salvia japonica,,,鼠尾草,,,,,0,0,,,
Salvia japonica Thunb.,,,[医] 鼠尾草,,,,,0,0,,,
Salvia keitaoensis,,,[网络] 隐药鼠尾草,,,,,0,0,,,
Salvia kiangsiensis,,,n. 关公须,,,,,0,0,,,
Salvia kiaometiensis,,,土丹参,,,,,0,0,,,
Salvia L.,,,[医] 鼠尾草属,,,,,0,0,,,
Salvia lancifolia,,,[网络] 丹参,,,,,0,0,s:salvia lancifolias,,
salvia lancifolias,,,[网络] 丹参\n(salvia lancifolia 的复数),,,,,0,0,0:salvia lancifolia/1:s,,
Salvia lankongensis,,,n. 洱源鼠尾草,,,,,0,0,,,
Salvia leucophylla,,,[网络] 白叶鼠尾草；灌木鼠尾草,,,,,0,0,s:salvia leucophyllas,,
salvia leucophyllas,,,[网络] 白叶鼠尾草；灌木鼠尾草\n(salvia leucophylla 的复数),,,,,0,0,0:salvia leucophylla/1:s,,
Salvia liguliloba,,,n. 舌瓣鼠尾草,,,,,0,0,,,
Salvia lyrata,,,[网络] 弦叶鼠尾草；琴叶鼠尾草,,,,,0,0,s:salvia lyratas,,
salvia lyratas,,,[网络] 弦叶鼠尾草；琴叶鼠尾草\n(salvia lyrata 的复数),,,,,0,0,0:salvia lyrata/1:s,,
Salvia mairei,,,n. 东川鼠尾草,,,,,0,0,,,
Salvia maximowicziana,,,n. 鄂西鼠尾草,,,,,0,0,,,
Salvia meiliensis,,,[网络] 美丽鼠尾草,,,,,0,0,,,
Salvia mekongensis,,,n. 湄公鼠尾草,,,,,0,0,,,
Salvia miltiorrhiza,,,丹参,,,,,0,0,,,
Salvia miltiorrhiza Bge.,,,[医] 丹参,,,,,0,0,,,
Salvia nanchuanensis,,,n. 南川鼠尾草,,,,,0,0,,,
salvia nipponica formosana,,,黄花鼠尾草；台湾日紫参,,,,,0,0,,,
Salvia nubicola,,,[网络] 云生丹参,,,,,0,0,,,
Salvia officinalis,,,[网络] 鼠尾草；药鼠尾草；药用鼠尾草,,,,,0,0,s:salvia officinaliss,,
Salvia officinalis L.,,,[医] 洋苏草,,,,,0,0,,,
salvia officinaliss,,,[网络] 鼠尾草；药鼠尾草；药用鼠尾草\n(salvia officinalis 的复数),,,,,0,0,0:salvia officinalis/1:s,,
salvia oil,,,[油脂] 鼠尾草油,,,,,0,0,,,
Salvia omeiana,,,n. 峨眉鼠尾草,,,,,0,0,,,
Salvia paohsingensis,,,n. 宝兴鼠尾草,,,,,0,0,,,
Salvia paramiltiorrhiza,,,[网络] 拟丹参,,,,,0,0,,,
Salvia pauciflora,,,n. 少花鼠尾草,,,,,0,0,,,
Salvia piasezkii,,,n. 秦岭鼠尾草,,,,,0,0,,,
Salvia plebeia,,,n. 荔枝草,,,,,0,0,,,
Salvia plebeia R. Br.,,,"[医] 荔枝草, 雪见草",,,,,0,0,,,
Salvia plectranthoides,,,n. 长冠鼠尾草,,,,,0,0,,,
Salvia pogonochila,,,n. 毛唇鼠尾草,,,,,0,0,,,
Salvia potaninii,,,[网络] 洪桥鼠尾草,,,,,0,0,,,
salvia pratenses,,,[网络] 丹参\n(salvia pratensis 的复数),,,,,0,0,0:salvia pratensis/1:s,,
Salvia pratensis,,,[网络] 丹参,,,,,0,0,s:salvia pratenses,,
Salvia prattii,,,n. 康定鼠尾草,,,,,0,0,,,
Salvia prionitis,,,n. 红根草,,,,,0,0,,,
Salvia przewalskii,,,n. 甘西鼠尾草,,,,,0,0,,,
Salvia qimenensis,,,[网络] 祁门鼠尾草,,,,,0,0,,,
Salvia reflexa,,,[医] 毒苏草,,,,,0,0,s:salvia reflexas,,
salvia reflexas,,,[医] 毒苏草\n(salvia reflexa 的复数),,,,,0,0,0:salvia reflexa/1:s,,
Salvia roborowskii,,,n. 粘毛鼠尾草,,,,,0,0,,,
salvia root,,,丹参,,,,,0,0,,,
Salvia scapiformis,,,n. 地埂鼠尾草,,,,,0,0,,,
Salvia schizocalyx,,,n. 裂萼鼠尾草,,,,,0,0,,,
Salvia schizochila,,,n. 裂瓣鼠尾草,,,,,0,0,,,
Salvia sclarea,,,"[医] 熏衣苏草, 南欧丹参",,,,,0,0,s:salvia sclareas,,
salvia sclareas,,,"[医] 熏衣苏草, 南欧丹参\n(salvia sclarea 的复数)",,,,,0,0,0:salvia sclarea/1:s,,
Salvia sikkimensis,,,n. 锡金鼠尾草,,,,,0,0,,,
Salvia sinica,,,n. 拟丹参,,,,,0,0,,,
Salvia smithii,,,n. 橙香鼠尾草,,,,,0,0,,,
Salvia sonchifolia,,,n. 苣叶鼠尾草,,,,,0,0,,,
Salvia spathacea,,,[网络] 丹参,,,,,0,0,s:salvia spathaceas,,
salvia spathaceas,,,[网络] 丹参\n(salvia spathacea 的复数),,,,,0,0,0:salvia spathacea/1:s,,
Salvia splendens,,,一串红,,,,,0,0,,,
Salvia splendens Ker.-Gawl.,,,[园艺] 一串红,,,,,0,0,,,
Salvia subpalmatinervis,,,n. 近掌脉鼠尾草,,,,,0,0,,,
Salvia substolonifera,,,n. 佛光草,,,,,0,0,,,
Salvia tashiroi,,,[网络] 田代氏鼠尾草,,,,,0,0,,,
Salvia tricuspis,,,n. 黄鼠狼花,,,,,0,0,,,
Salvia trijuga,,,n. 三叶鼠尾草,,,,,0,0,,,
Salvia triloba L.,,,[医] 希腊苏草,,,,,0,0,,,
Salvia umbratica,,,n. 荫生鼠尾草,,,,,0,0,,,
Salvia vasta,,,[网络] 野丹参,,,,,0,0,,,
Salvia verbenaca,,,[网络] 萨尔维亚马鞭草,,,,,0,0,s:salvia verbenacas,,
salvia verbenacas,,,[网络] 萨尔维亚马鞭草\n(salvia verbenaca 的复数),,,,,0,0,0:salvia verbenaca/1:s,,
Salvia wardii,,,n. 西藏鼠尾草,,,,,0,0,,,
Salvia weihaiensis,,,n. 威海鼠尾草,,,,,0,0,,,
Salvia yunnanensis,,,n. 云南鼠尾草,,,,,0,0,,,
Salviac,,,[地名] 萨尔维亚克 ( 法 ),,,,,0,0,,,
Salviae,,,鼠尾草属,,,,,0,0,,,
salviae miltiorrhizae radix,,,丹参,,,,,0,0,,,
salvian,,,[网络] 维安；维恩；萨尔维安,,,,,0,0,s:salvians,,
Salvianin,,,"鼠尾草苷,一串红花葵苷",,,,,0,0,,,
salvians,,,[网络] 维安；维恩；萨尔维安\n(salvian 的复数),,,,,0,0,0:salvian/1:s,,
salviarin,,,鼠尾草素,,,,,0,0,,,
salvias,,plural of salvia\nn any of various plants of the genus Salvia; a cosmopolitan herb,(salvia 的复数) n. 鼠尾草\n[化] 鼠尾草属,,,,,0,0,0:salvia/1:s,,
salviatannin,,,鼠尾草鞣质,,,,,0,0,,,
salviati,,,n. (Salviati)人名；(意)萨尔维亚蒂,,,,,0,0,s:salviatis,,
salviatis,,,n. (Salviati)人名；(意)萨尔维亚蒂\n(salviati 的复数),,,,,0,0,0:salviati/1:s,,
salvidge,,, [人名] 萨尔维奇,,,,,0,0,s:salvidges,,
salvidges,,, [人名] 萨尔维奇\n(salvidge 的复数),,,,,0,0,0:salvidge/1:s,,
salvific,sæl'vɪfɪk,a. pertaining to the power of salvation or redemption,a. 救苦救难的；有意救人的,j:100,,,,0,29316,,,
"salvific, salvifical",sæl'vifik; sæl'vifikəl,,adj. 救世的；(具)救世力量的；有救世意图(或能力)的；解救的，救助的；平息的，缓解的,,,,,0,0,,,
salvifical,sæl'vifik; sæl'vifikəl,,adj. 救世的；(具)救世力量的；有救世意图(或能力)的；解救的，救助的,,,,,0,0,,,
salvifically,,,"adv. salvific, salvifical的变形",,,,,0,0,,,
salvifying,,,[网络] 救命,,,,,0,0,,,
salvigenin,,,鼠尾草素,,,,,0,0,,,
salviifolium,,,[网络] 土坛树,,,,,0,0,,,
salvilenone,,,鼠尾酮,,,,,0,0,,,
salvin,,, [人名] 萨尔文,,,,,0,0,s:salvins,,
salving,sævɪŋ,p. pr. & vb. n. of Salve,"v. <正>使良心得到宽慰, 减轻内疚感( salve的现在分词 )",,,,,0,0,0:salve/1:i/s:salvings,,
salving expenses,,,救助费用,,,,,0,0,,,
salving vessel,,,救助船,,,,,0,0,,,
salvings,sælv,,vt. 涂油膏；缓和\nn. 药膏；安慰\nn. (Salve)人名；(西、印)萨尔韦,,,,,0,0,0:salving/1:s,,
salvini,,,[网络] 索氏丽体鱼；萨尔维尼,,,,,0,0,,,
"Salvini, Tommaso",'sælvini,,萨尔维尼(1829～1916，意大利演员),,,,,0,0,,,
salvinia,,, n; 槐叶萍属,,,,,0,0,s:salvinias,,
Salvinia auriculata,,,[网络] 耳叶槐叶苹；大块叶苹；酒杯苹,,,,,0,0,s:salvinia auriculatas,,
salvinia auriculatas,,,[网络] 耳叶槐叶苹；大块叶苹；酒杯苹\n(salvinia auriculata 的复数),,,,,0,0,0:salvinia auriculata/1:s,,
salvinia molesta,,,人厌槐叶苹,,,,,0,0,,,
Salvinia natans,,,[医] 槐叶苹,,,,,0,0,,,
Salvinia vulgaris,,,[医] 槐叶苹,,,,,0,0,,,
Salviniaceae,,,[网络] 槐叶苹科；槐叶萍科；槐叶蓣科,,,,,0,0,s:salviniaceaes,,
salviniaceaes,,,n. 【植物】槐叶苹科,,,,,0,0,0:salviniaceae/1:s,,
salviniaceous,,,[网络] salviniaceae,,,,,0,0,,,
Salviniales,,,槐叶苹目; 槐叶苹亚纲,,,,,0,0,,,
salvinias,,, n; 槐叶萍属\n(salvinia 的复数),,,,,0,0,0:salvinia/1:s,,
Salviniaspora,,,槐叶萍孢属〔孢粉，K-Q〕,,,,,0,0,,,
salvinioides,,,[网络] 小垂枝石松；迭叶楼梯草,,,,,0,0,,,
salvino,,,[网络] 萨尔维诺,,,,,0,0,,,
salvinorin,,,[网络] 萨尔维诺林,,,,,0,0,s:salvinorins,,
salvinorins,,,[网络] 萨尔维诺林\n(salvinorin 的复数),,,,,0,0,0:salvinorin/1:s,,
salvins,,, [人名] 萨尔文\n(salvin 的复数),,,,,0,0,0:salvin/1:s,,
salvio,,,[网络] 被拯救；萨尔维奥；萨维奥,,,,,0,0,,,
salviol,,,"[化] 鼠尾草酚(得自丹草根)\n[医] 洋苏草脑, 洋苏草酮",,,,,0,0,,,
salvioni,,,[网络] 沙唯尼；萨尔维奥尼,,,,,0,0,,,
salvipison,,,沙尔维皮松,,,,,0,0,,,
salvipisone,,,沙尔维皮松,,,,,0,0,,,
Salvis,,,[网络] 生产商,,,,,0,0,,,
Salvizol,,,"双克菌定,氯化双癸喹啉",,,,,0,0,,,
salvo,'sælvәu,n. an outburst resembling the discharge of firearms or the release of bombs\nn. a sudden outburst of cheers,"n. 保留条款, 遁辞, 保护手段, 齐射, 齐鸣\n[法] 保留条款, 但书, 托辞",n:100,1,,,22218,19374,s:salvos,,
salvo area,,,齐投[齐发]毁伤面积,,,,,0,0,,,
salvo arm,,,齐投备炸装置,,,,,0,0,,,
salvo breadth,,,"齐射射界宽度,齐射扇面宽度",,,,,0,0,,,
salvo dispersion,,,齐射散布,,,,,0,0,,,
salvo fire,,,齐放{射击},,,,,0,0,,,
salvo jettison,,,齐投弃,,,,,0,0,,,
salvo jure,,,<拉>其他权利不受损害,,,,,0,0,,,
salvo pattern,,,齐射散布界,,,,,0,0,,,
salvo point,,,齐射目标,,,,,0,0,,,
salvo premature beat,,,成串期前收缩,,,,,0,0,,,
salvo release,,,齐投,,,,,0,0,,,
salvo signal,,,齐射信号;翼次射信号,,,,,0,0,,,
salvo switch,,,n. 炸弹齐投开关,,,,,0,0,,,
salvoconducto,",sɑ:lvәjkɔn'djktәj",,"<西> n.护照, 通行证",,,,,0,0,,,
salvoed,,,[网络] 打了,,,,,0,0,,,
salvoes,ˈsælvəʊz,n. an outburst resembling the discharge of firearms or the release of bombs\nn. rapid simultaneous discharge of firearms\nn. a sudden outburst of cheers,"n. （炮火）齐射, （礼炮）齐鸣( salvo的复数形式 ); （掌声、欢呼声）一阵",,,,,0,0,0:salvoe/1:s,,
salvoing,'sælvəʊ,,n. 齐射；齐鸣；齐声欢呼喝彩；保留条款；遁辞\nvt. 齐鸣\nvi. 齐鸣\nn. (Salvo)人名；(意、西、葡)萨尔沃,,,,,0,0,,,
salvolatile,",sælvә'lætili",,"n. 碳酸铵,挥发盐(可用作提神药)",,,,,0,0,,,
SALVOPS,,,救难作业,,,,,0,0,,,
salvor,'sælvә,n someone who salvages,"n. 难船救助者, 救难者, 救难船\n[法] 救助人员, 打捞船, 救难船",,,,,0,0,s:salvors,,
Salvor of Human Life,,,[网络] 人命救助人,,,,,0,0,,,
salvor's expense,,,[网络] 救助人的费用,,,,,0,0,,,
salvor's lien,,,打捞[救助]人员留置权,,,,,0,0,,,
salvor's misconduct,,,[网络] 救助人的过失,,,,,0,0,,,
"Salvora, Illa de",,,[地名] 萨尔沃拉岛 ( 西 ),,,,,0,0,,,
Salvorial Negligence,,,[网络] 救助过失,,,,,0,0,,,
Salvorial Relation,,,[网络] 救助关系,,,,,0,0,,,
salvors,,plural of salvor\nn someone who salvages,"(salvor 的复数) n. 难船救助者, 救难者, 救难船\n[法] 救助人员, 打捞船, 救难船",,,,,0,0,0:salvor/1:s,,
Salvors Ordinary Negligence Liability System,,,[网络] 救助人一般过失责任制,,,,,0,0,,,
salvos,,pl.  of Salvo,"n. （炮火）齐射, （礼炮）齐鸣（salvo的复数形式）",,,,,0,0,0:salvo/1:s,,
salvoswitch,sælvɒz'wɪtʃ,,n.炸弹齐投开关,,,,,0,0,,,
SALVTNG,,,救难训练,,,,,0,0,,,
salvuron,,,乙氧二氨偶氮苯,,,,,0,0,,,
salvus,,,[网络] 词源；拉丁文,,,,,0,0,,,
Salvus set,,,赛尔伏斯呼吸器,,,,,0,0,,,
salvy,'sælvi,,a. 软膏似的,,,,,0,0,,,
salvy butter,,,充分压炼的奶油;软质奶油,,,,,0,0,,,
salw,,,[网络] 轻型武器(Small Arms and Light Weapons)；萨伦；小武器,,,,,0,0,,,
salwa,,,n. (Salwa)人名；(波)萨尔瓦；(阿拉伯)萨勒瓦,,,,,0,0,,,
salwan,,,[网络] 沙湾,,,,,0,0,,,
salwar,'sɑ:lwɑ:(r),n a pair of light loose trousers with a tight fit around the ankles; worn by women from the Indian subcontinent (usually with a kameez),"n. (南亚国家中尤指女子穿的)宽松裤,纱丽(亦作shalvar)",,,,,0,0,s:salwars,,
salwar kameez,,,[网络] 沙丽克米兹；传统服饰沙丽克米兹；沙里克米兹,,,,,0,0,,,
salwars,,plural of salwar\nn a pair of light loose trousers with a tight fit around the ankles; worn by women from the Indian subcontinent (usually with a kameez),"(salwar 的复数) n.(南亚国家中尤指女子穿的)宽松裤,纱丽(亦作shalvar)",,,,,0,0,0:salwar/1:s,,
Salway,,,n. 萨尔韦,,,,,0,0,,,
salwe,,,[网络] 色泺,,,,,0,0,,,
Salween,"'sælwi:n,sæl'wi:n",,萨尔温江[缅甸东部](中国境内称怒江),,,,,0,0,,,
salween r.,,,萨尔温江(怒江),,,,,0,0,,,
Salween River,,,怒江,,,,,0,0,,,
"Salween, Salwin",'sælwi:n; sæl'wi:n,,萨尔温江(东南亚河流，发源于中国西藏的唐古拉山脉，流经缅甸东部注入孟加拉湾),,,,,0,0,,,
Salweenia,,,n. 冬麻豆属；软质奶油,,,,,0,0,,,
Salweenia bouffordiana,,,[网络] 雅砻江冬麻豆,,,,,0,0,,,
Salweenia wardii,,,n. 冬麻豆,,,,,0,0,,,
SALWIS,,,舰载空投武器装置系统,,,,,0,0,,,
saly,,,[网络] 萨利；圣丽；沙伊,,,,,0,0,,,
salya,,,[网络] 萨尔雅；纱雅；沙力亚,,,,,0,0,,,
Salyan,,,[地名] 萨利扬 ( 阿塞 ),,,,,0,0,,,
salyan (sallyana),,,沙利雅纳,,,,,0,0,,,
salyards,,,[网络] 沙律,,,,,0,0,,,
salye,,,[网络] 萨利耶,,,,,0,0,,,
salyer,,, [地名] [美国] 萨利尔,,,,,0,0,,,
salyers,,, [人名] 萨利尔斯,,,,,0,0,,,
Salyersville,,,[地名] 萨利尔斯维尔 ( 美 ),,,,,0,0,,,
Salym,,,[地名] 萨雷姆 ( 俄 ),,,,,0,0,,,
salymid,,,水杨酰胺,,,,,0,0,,,
Salyrgan,'sæli^әn,,"n. [药]撒利汞,汞撒利",,,,,0,0,,,
salyrgan-theophylline solution,,,[医] 撒利汞茶硷液,,,,,0,0,,,
SALYRGANMersaly,,,汞撒利,,,,,0,0,,,
salysal,,,水杨酰水杨酸,,,,,0,0,,,
salysalate,,,水杨酰水杨酸,,,,,0,0,,,
Salyut,"'sɑ:lju:t,sæl'ju:t",n either of two Soviet space stations launched in the 1970s,"n. ""礼炮号""(俄罗斯空间站)",,,,,0,0,s:salyuts,,
Salyut Space Station,,,礼炮号航天站,,,,,0,0,,,
Salyuts,'sɑ:lju:t; sæl'ju:t,,Salyut\n['sɑ:lju:t; sæl'ju:t]\nn.\n“礼炮号”太空站(苏联航天站系列第一个“礼炮号”航天站发射升空于1971年),,,,,0,0,0:salyut/1:s,,
Salyzoron,,,"炎痛静,消炎灵",,,,,0,0,,,
salz,,, [地名] [德国] 萨尔茨; [地名] [德国] 萨尔茨河,,,,,0,0,,,
Salza,,,[地名] 萨尔察河 ( 奥 ),,,,,0,0,,,
salzach,,, [地名] [德国·奥地利] 萨尔察赫河,,,,,0,0,s:salzaches,,
salzaches,,, [地名] [德国·奥地利] 萨尔察赫河\n(salzach 的复数),,,,,0,0,0:salzach/1:s,,
Salzan,,,萨赞,,,,,0,0,,,
salzano,,,[网络] 萨尔扎诺；萨尔紮诺；尔匝诺,,,,,0,0,,,
salzar,,,[网络] 最有价值的方法是由萨尔策,,,,,0,0,,,
salzberg,,,n. (Salzberg)人名；(德)扎尔茨贝格,,,,,0,0,,,
Salzbergen,,,[地名] 萨尔茨贝根 ( 德 ),,,,,0,0,,,
Salzbrunn,,,[地名] 萨尔茨布伦 ( 纳 ),,,,,0,0,,,
Salzburg,'sæltsbә:^,n. city in western Austria; a music center and birthplace of Mozart,萨尔茨保(奥地利城市),,,,,13324,0,s:salzburgs,,
Salzburg vitriol,,,"胆矾,五水(合)硫酸铜,蓝矾",,,,,0,0,,,
"Salzburg, Bundesland",,,[地名] 萨尔茨堡州 ( 奥 ),,,,,0,0,,,
salzburger,,,[网络] 奥地利；萨尔茨堡；萨尔茨堡格铝厂,,,,,0,0,,,
Salzburgian,,,[网络] 萨尔茨堡,,,,,0,0,,,
Salzburgians,,,[网络] 萨尔斯堡人,,,,,0,0,,,
salzburgite,,,[网络] 萨尔茨堡,,,,,0,0,,,
salzburgs,'sæltsbə:ɡ; 'zɑ:ltsburk,,萨尔茨堡州(奥地利北部州)；萨尔茨堡市(奥地利西北部城市，萨尔茨堡州首府；莫扎特诞生地),,,,,0,0,0:salzburg/1:s,,
salzbury,,,萨尔茨堡,,,,,0,0,,,
Salzelmen,,,[地名] *萨尔茨埃尔门(巴特门的旧称) ( 德 ),,,,,0,0,,,
salzer,,, [人名] 萨尔泽,,,,,0,0,,,
Salzer's operation,,,[医] 萨耳泽氏手术(切除三叉神经第三支的全部),,,,,0,0,,,
Salzer's test meals,,,[医] 萨耳泽氏试餐(分两次给予的试餐),,,,,0,0,,,
Salzer's test-meals,,,[医] 萨耳泽氏试餐(分两次给予的试餐),,,,,0,0,,,
Salzgitter,"'zɑ:lts,^itә(r)",,扎耳茨吉特[德意志联邦共和国东北部城市],,,,,0,0,,,
Salzhausen,,,[地名] 萨尔茨豪森 ( 德 ),,,,,0,0,,,
Salzhemmendorf,,,[地名] 萨尔茨黑门多夫 ( 德 ),,,,,0,0,,,
salzillo,,,萨尔齐洛,,,,,0,0,,,
salzinger,,,[网络] 萨尔辛格,,,,,0,0,,,
Salzkammergut,,,[网络] 萨尔茨卡默古特；奥地利萨尔兹干马格特；萨尔兹干玛格特,,,,,0,0,s:salzkammerguts,,
salzkammerguts,,,[网络] 萨尔茨卡默古特；奥地利萨尔兹干马格特；萨尔兹干玛格特\n(salzkammergut 的复数),,,,,0,0,0:salzkammergut/1:s,,
Salzkotten,,,[地名] 萨尔茨科滕 ( 德 ),,,,,0,0,,,
salzman,,, [人名] 萨尔兹曼,,,,,0,0,s:salzmen,,
salzmann,,,[网络] 沙兹曼；苏斯曼,,,,,0,0,s:salzmanns,,
Salzmann's membrane,,,"[医] 萨耳茨曼氏膜, 玻璃体外膜",,,,,0,0,,,
Salzmann's nodular corneal dystrophy,,,[医] 萨耳茨曼氏结节性角膜营养不良,,,,,0,0,,,
salzmanns,,,[网络] 沙兹曼；苏斯曼\n(salzmann 的复数),,,,,0,0,0:salzmann/1:s,,
salzmen,,,n. (Salzman)人名；(捷)扎尔茨曼；(英、瑞典)萨尔兹曼,,,,,0,0,0:salzman/1:s,,
Salzmünde,,,[地名] 萨尔茨明德 ( 德 ),,,,,0,0,,,
Salzwedel,,,[地名] 萨尔茨韦德尔 ( 德 ),,,,,0,0,,,
Salzweg,,,[地名] 萨尔茨韦格 ( 德 ),,,,,0,0,,,
Salèsienne,,,[地名] *萨莱西耶讷(卡富布的旧称) ( 刚(金) ),,,,,0,0,,,
"Salève, Mt.",,,[地名] 萨莱沃山 ( 法 ),,,,,0,0,,,
Salé(Sla),,,[地名] 塞拉 ( 摩洛 ),,,,,0,0,,,
Saléchan,,,[地名] 萨莱尚 ( 法 ),,,,,0,0,,,
Salém,,,[地名] 萨伦 ( 柬 ),,,,,0,0,,,
Salémata,,,[地名] 萨莱马塔 ( 塞内 ),,,,,0,0,,,
Saléye,,,[地名] 萨莱伊 ( 科特 ),,,,,0,0,,,
Salò,,,[地名] 萨洛 ( 意 ),,,,,0,0,,,
Salónica,,,[地名] 萨洛尼卡 ( 尼加 ),,,,,0,0,,,
Salālah,,,[地名] 塞拉莱 ( 阿曼、苏丹 ),,,,,0,0,,,
"Salālah, Jab.",,,[地名] 塞拉莱山 ( 苏丹 ),,,,,0,0,,,
Salāmatpur,,,[地名] 萨拉马特布尔 ( 巴基 ),,,,,0,0,,,
Salāmatābād,,,[地名] 萨拉马塔巴德 ( 伊朗 ),,,,,0,0,,,
Salāmī,,,[地名] 萨拉米 ( 伊朗 ),,,,,0,0,,,
Salāri,,,[地名] 瑟拉里 ( 巴基 ),,,,,0,0,,,
Salāya,,,[地名] 瑟拉亚 ( 印 ),,,,,0,0,,,
Salē,,,[地名] 萨莱 ( 埃塞 ),,,,,0,0,,,
Salīl,,,[地名] 塞利勒 ( 沙特 ),,,,,0,0,,,
"Salīl, Jazīrat",,,[地名] 塞利勒岛 ( 也 ),,,,,0,0,,,
"Salīl, Ra's",,,[地名] 塞利勒角 ( 也 ),,,,,0,0,,,
Salīmah,,,[地名] 塞利迈 ( 苏丹 ),,,,,0,0,,,
Salīān,,,[地名] 萨利扬 ( 阿富 ),,,,,0,0,,,
Salūmbar,,,[地名] 瑟伦伯尔 ( 印 ),,,,,0,0,,,
SAM,sæm,n a guided missile fired from land or shipboard against an airborne target,[计] 安全性帐户管理器,,,,,2668,0,s:sams,,
sam (sequential access method),,,循序存取法,,,,,0,0,,,
sam (subsequent address message),,,后续位址信息,,,,,0,0,,,
sam (synchronous amplitude modulation),,,同步调幅,,,,,0,0,,,
Sam Adams,,,[网络] 波特兰市长亚当斯；萨姆·亚当斯；波特兰市长艾德姆斯,,,,,0,0,s:sam adamss,,
sam adamss,,,[网络] 波特兰市长亚当斯；萨姆·亚当斯；波特兰市长艾德姆斯\n(sam adams 的复数),,,,,0,0,0:sam adams/1:s,,
Sam and Dave,,,n. 警察；警官(黑人俚语),,,,,0,0,,,
sam authentication key,,,SAM鑑别金钥,,,,,0,0,,,
Sam Brown belt,,,(军官、警察等斜挂于右肩的)武装带；饰带,,,,,0,0,,,
Sam Brown hat,,,圆檐军帽,,,,,0,0,,,
Sam Browne,,,[网络] 山姆布朗,,,,,0,0,,,
Sam Browne belt,,,na. (军官的)皮带\n[网络] 武装带；横直带,,,,,0,0,s:sam browne belts,,
sam browne belts,,,na. (军官的)皮带\n[网络] 武装带；横直带\n(sam browne belt 的复数),,,,,0,0,0:sam browne belt/1:s,,
sam certification key,,,SAM验证金钥,,,,,0,0,,,
Sam Chuk,,,[地名] 三竹 ( 泰 ),,,,,0,0,,,
sam control key,,,SAM控制金钥,,,,,0,0,,,
Sam Cooke,,,[网络] 山姆库克；萨姆·库克；山米库克,,,,,0,0,,,
SAM database,,,[计] 安全性帐户管理数据库,,,,,0,0,,,
sam encipherment key,,,SAM加密金钥,,,,,0,0,,,
Sam Goldwyn,,,[网络] 高德温；戈尔德温；山姆,,,,,0,0,s:sam goldwyns,,
sam goldwyns,,,[网络] 高德温；戈尔德温；山姆\n(sam goldwyn 的复数),,,,,0,0,0:sam goldwyn/1:s,,
Sam Hill,,,na. 地狱；魔鬼\n[网络] 希尔；山姆希尔；席尔,,,,,0,0,,,
Sam Houston,,,n. 休斯敦,,,,,0,0,s:sam houstons,,
Sam Houston State University,,,[网络] 萨姆休斯顿州立大学；山姆休斯顿州立大学；山姆休士顿州立大学,,,,,0,0,,,
sam houstons,,,n. 休斯敦,,,,,0,0,0:sam houston/1:s,,
sam initialiser,,,SAM起使化者,,,,,0,0,,,
sam intercept missile,,,反防空飞弹,,,,,0,0,,,
sam intercept missile (sim),,,反防空飞弹,,,,,0,0,,,
sam message authentication key,,,SAM讯息鑑别金钥,,,,,0,0,,,
Sam Neua,'sæm nuә,,桑怒(老挝城市),,,,,0,0,,,
Sam Peckinpah,,,n. 山姆·毕京柏,,,,,0,0,,,
sam provider,,,SAM供应者,,,,,0,0,,,
Sam Rayburn Res.,,,[地名] 萨姆·雷本水库 ( 美 ),,,,,0,0,,,
Sam Saen Thai,,,[网络] 桑森泰,,,,,0,0,,,
Sam Sen,,,[地名] 讪盛〈曼谷〉 ( 泰 ),,,,,0,0,,,
Sam Shepard,,,[网络] 山姆谢普；山姆·夏普德；谢泼德,,,,,0,0,s:sam shepards,,
sam shepards,,,[网络] 山姆谢普；山姆·夏普德；谢泼德\n(sam shepard 的复数),,,,,0,0,0:sam shepard/1:s,,
SAM Site,,,萨姆防空导弹发射装置,,,,,0,0,,,
Sam Slick,,,[网络] 幽默大师如斯利克,,,,,0,0,,,
Sam Snead,,,[网络] 史尼德；山姆-斯尼德；山姆史尼德,,,,,0,0,s:sam sneads,,
sam sneads,,,[网络] 史尼德；山姆-斯尼德；山姆史尼德\n(sam snead 的复数),,,,,0,0,0:sam snead/1:s,,
Sam Spade,,,[网络] 史派德；史贝德；斯佩德,,,,,0,0,,,
SAM system,,,[网络] 资产管理系统,,,,,0,0,,,
sam walton,,,[网络] 沃尔顿；山姆·沃尔顿；萨姆·沃尔顿,,,,,0,0,,,
Sam Wanamaker,,,[网络] 山姆·沃纳梅克；萨姆·沃纳梅克；克莱尔·布鲁姆,,,,,0,0,,,
sam'l,,,[网络] 萨姆,,,,,0,0,,,
"Sam, Nam",,,[地名] 南桑河 ( 老 ),,,,,0,0,,,
sam-,sæm,,n. 萨姆；【女名】女子名；【男名】男子名\nabbr. (=surface-to-air missile)地对空导[飞]弹\n[网络] 山姆；李灿森；三,,,,,0,0,,,
Sam-Cam,,,[网络] 萨卡,,,,,0,0,,,
sam-cloth,,,[网络] 绣花样本；绣花样布,,,,,0,0,,,
Sam-D,,,n. 【军械】萨姆 D (美国地对空导弹),,,,,0,0,,,
sam-i-am,,,[网络] 山姆是我,,,,,0,0,,,
Sam-ni,,,三里,,,,,0,0,,,
sam-x,,,[网络] 新一代防空导弹；新一代防空飞弹；动漫产业,,,,,0,0,,,
Sam.,,,abbr. 【圣经】 Samuel,,,,,0,0,,,
Sam68,,,Sam68蛋白,,,,,0,0,,,
sama,,,abbr. 科学仪器厂商学会（Scientific Apparatus Makers Association）,,,,,0,0,s:samas,,
SAMA (Scientific Apparatus Maker's Association),,,学仪器制造商协会(美),,,,,0,0,,,
Sama de Langreo,,,[地名] 萨马-德兰格雷奥 ( 西 ),,,,,0,0,,,
SAMA diagram,,,AMA图,,,,,0,0,,,
Sama Is.,,,[地名] 萨马群岛 ( 巴布 ),,,,,0,0,,,
Sama Veda,,,n. 娑摩吠陀\n[网络] 萨马吠陀；萨玛韦达经；沙摩吠陀,,,,,0,0,,,
"Sama, Pta.",,,[地名] 萨马角 ( 古 ),,,,,0,0,,,
"Sama, R.",,,[地名] 萨马河 ( 秘、玻 ),,,,,0,0,,,
sama-sama,,,[网络] 一样一样；平等；彼此彼此,,,,,0,0,,,
Sama-Veda,,,n. 娑摩吠陀\n[网络] 莎摩吠陀；沙磨吠陀；沙摩吠陀,,,,,0,0,s:sama-vedas,,
sama-vedas,'sɑ:mə'veidə,,Sama-Veda\n['sɑ:mə'veidə]\nn.\n【印度教】《娑摩吠陀》(四大宗教文献之一)[参较 Veda],,,,,0,0,0:sama-veda/1:s,,
samaan,,,萨曼,,,,,0,0,,,
samaans,,,[网络] 萨摩亚人,,,,,0,0,,,
Samabandu,,,[地名] 萨马班杜 ( 刚(金) ),,,,,0,0,,,
samac,,,[网络] 种植者协会；萨马克；马茨,,,,,0,0,,,
samaca,,,[网络] 萨马卡,,,,,0,0,,,
Samacai,,,[地名] 萨马卡伊 ( 安哥 ),,,,,0,0,,,
samad,,,[网络] 沙末,,,,,0,0,,,
samaden (samedan),,,沙马登(沙美丹),,,,,0,0,,,
Samadera,,,[医] 黄楝树属(苦木科),,,,,0,0,,,
Samadera indica,,,[医] 印度黄楝树,,,,,0,0,,,
samaderin,,,[医] 黄楝树苦素,,,,,0,0,,,
samaderins,,,[化] 黄楝苦素,,,,,0,0,,,
Samadet,,,[地名] 萨马代 ( 法 ),,,,,0,0,,,
samadh,,,[网络] 三摩,,,,,0,0,,,
samadhi,sә'mɑ:di,,"n. 等持,定,三昧(在印度教和佛教哲学用语)",,,,,0,0,s:samadhis,,
samadhis,,,[网络] 记念石,,,,,0,0,0:samadhi/1:s,,
samadi,,,[网络] 马迪,,,,,0,0,,,
"Samae San, Ko",,,[地名] 沙迈珊岛 ( 泰 ),,,,,0,0,,,
Samael,,,[网络] 萨麦尔；萨马尔；萨美尔,,,,,0,0,,,
samaet (arabia),,,莎美特(阿拉伯),,,,,0,0,,,
Samagaltay,,,[地名] 萨马加尔泰 ( 俄 ),,,,,0,0,,,
samaha,,,[网络] 萨马哈,,,,,0,0,s:samahas,,
samahas,,,[网络] 萨马哈\n(samaha 的复数),,,,,0,0,0:samaha/1:s,,
Samahima,,,[地名] 萨马希马 ( 赞 ),,,,,0,0,,,
samahkuk (simaquk),,,沙马库克(夕马库克),,,,,0,0,,,
Samaia,,,[地名] 萨马亚 ( 塞拉 ),,,,,0,0,,,
Samain,,,[网络] 沙曼父子；沙曼,,,,,0,0,s:samains,,
"Samain, Albert",sɑ:mæŋ,,萨曼(1858～1900，法国诗人),,,,,0,0,,,
samains,'sɑ:min,,n. (古凯尔特人的)萨温(祭司秋收的日子)[亦作 Samhain， samh’in],,,,,0,0,0:samain/1:s,,
Samaipata,,,[地名] 萨迈帕塔 ( 玻 ),,,,,0,0,,,
samairum,sə'mεəriəm,,n. 【化学】钐(化学符号 Sm),,,,,0,0,,,
Samaj,,,[网络] 撒玛；同共,,,,,0,0,,,
samaja,,,[网络] 盗法或越三昧耶；结集；玛加,,,,,0,0,,,
samajwadi,,,[网络] 印度社会党；社会主义党,,,,,0,0,,,
Samak,,,[地名] 萨马克 ( 乌兹、印尼 ),,,,,0,0,,,
"Samak, Tg.",,,[地名] 萨马克角 ( 印尼 ),,,,,0,0,,,
Samakala,,,[地名] 萨马卡拉 ( 赞 ),,,,,0,0,,,
samakh (tsemah),,,沙马克(策马),,,,,0,0,,,
samaki,,,[网络] 萨马基；鱼；马孔德雕刻大师萨马其,,,,,0,0,,,
samakonasana,,,[网络] 直角式,,,,,0,0,,,
Samakoulou,,,[地名] 萨马库卢 ( 马里 ),,,,,0,0,,,
Samakro,,,[地名] 萨马克罗 ( 科特 ),,,,,0,0,,,
Samal,,,[地名] 萨马尔 ( 菲、伊朗 ),,,,,0,0,,,
Samal I.,,,[地名] 萨马尔岛 ( 菲 ),,,,,0,0,,,
Samalaeulu,,,[地名] 萨马拉欧卢 ( 萨摩 ),,,,,0,0,,,
Samalanga,,,[地名] 萨马朗阿 ( 印尼 ),,,,,0,0,,,
Samalayuca,,,[地名] 萨马拉尤卡 ( 墨 ),,,,,0,0,,,
Samales Grp.,,,[地名] 萨马莱斯群岛 ( 菲 ),,,,,0,0,,,
Samalut,,,沙马路特,,,,,0,0,,,
samama,,,[网络] 玛玛岛,,,,,0,0,,,
saman,,n. large ornamental tropical American tree with bipinnate leaves and globose clusters of flowers with crimson stamens and seed pods that are eaten by cattle,n. 萨满,,,,,0,0,s:samen,,
Samana,,,n. 沙门（指出家修道者）；萨马纳（多米尼加共和国城市名）,,,,,32272,0,s:samanas,,
Samana Cay,,,[地名] 萨马纳岛 ( 巴哈 ),,,,,0,0,,,
Samanala,,,[网络] 萨马纳拉,,,,,0,0,s:samanalas,,
samanalas,,,[网络] 萨马纳拉\n(samanala 的复数),,,,,0,0,0:samanala/1:s,,
samanas,,,[网络] 马那寺院,,,,,0,0,0:samana/1:s,,
"Samanco, B.de",,,[地名] 萨曼科湾 ( 秘 ),,,,,0,0,,,
samandaridine,",sæmәn'dæridi:n",,蝾螈定,,,,,0,0,,,
samandarin,,,[网络] 蝾螈碱,,,,,0,0,,,
samandarine,",sæmәn'dæri:n",,蝾螈碱,,,,,0,0,,,
samandarines,,,[网络] 山药,,,,,0,0,,,
samandarone,,,蝾螈酮,,,,,0,0,,,
samandatrin,,,蝾螈素,,,,,0,0,,,
samandatrine,,,蝾螈素,,,,,0,0,,,
samandenone,,,蝾螈烯酮,,,,,0,0,,,
Samanea,,,n. 雨树属,,,,,0,0,,,
Samanea saman,,,n. 雨树,,,,,0,0,,,
Samang,,,[网络] 山姆洪；洪山本弟兄；洪山本,,,,,0,0,,,
samango,,,[网络] 萨曼戈,,,,,0,0,,,
Samangwa,,,[地名] 萨曼瓜 ( 刚(金) ),,,,,0,0,,,
Samangān,,,[地名] 萨曼甘 ( 阿富、伊朗 ),,,,,0,0,,,
"Samangān, Daryā-ye",,,[地名] 萨曼甘河 ( 阿富 ),,,,,0,0,,,
"Samangān, Velāyat-e",,,[地名] 萨曼甘省 ( 阿富 ),,,,,0,0,,,
Samani,,,[地名] 样似 ( 日 ),,,,,0,0,,,
Samanid,'sæmənid,,n. (9～10世纪波斯的)萨马王朝,,,,,0,0,,,
samaniego,,, [地名] [哥伦比亚] 萨马涅戈,,,,,0,0,s:samaniegoes,,
samaniegoes,,, [地名] [哥伦比亚] 萨马涅戈\n(samaniego 的复数),,,,,0,0,0:samaniego/1:s,,
samaniyya,,,[网络] 萨马尼亚,,,,,0,0,,,
samanna,,,[网络] 萨曼娜,,,,,0,0,,,
Samannūd,,,[地名] 塞曼努德 ( 埃 ),,,,,0,0,,,
samans,,,[网络] 萨曼,,,,,0,0,,,
samanta,,,[网络] 三曼多；奥瑟契苏木；南印度萨曼陀,,,,,0,0,,,
Samantakūta,,,[地名] *大佛山 ( 斯里 ),,,,,0,0,,,
Samantha,sə'mænθə,,n. 萨曼莎（女子名）,,,,,13224,0,,,
Samantha Eggar,,,[网络] 沙曼塔·艾格；萨曼莎·艾加；萨曼莎·艾格,,,,,0,0,,,
samanthas,,,[网络] 重庱素食私房菜；大排档,,,,,0,0,,,
samanu,,,[网络] 萨玛努,,,,,0,0,,,
Samaqua R.,,,[地名] 萨马卡河 ( 加 ),,,,,0,0,,,
samar,'sɑ:mɑ:,,n. 萨马岛（位于菲律宾东部）,,,,,0,0,s:samars,,
"Samar del Norte, Prov.of",,,[地名] 北萨马省 ( 菲 ),,,,,0,0,,,
"Samar Occidental, Prov.of",,,[地名] 西萨马省 ( 菲 ),,,,,0,0,,,
"Samar Oriental, Prov.of",,,[地名] 东萨马省 ( 菲 ),,,,,0,0,,,
Samar Sea,,,[地名] 萨马海 ( 菲 ),,,,,0,0,,,
samara,'sæmәrә,n. a winged often one-seed indehiscent fruit as of the ash or elm or maple,n. 翅果\n[医] 翅果,,,,,30753,0,s:samaras,,
samara r.,,,沙马拉河,,,,,0,0,,,
Samara River,,,[网络] 萨马拉河,,,,,0,0,,,
Samara(Kuybyshev),,,沙马拉(古比雪夫),,,,,0,0,,,
"Samara, B.",,,[地名] 萨马拉湾 ( 哥斯 ),,,,,0,0,,,
samarae,,,[网络] 索马拉,,,,,0,0,,,
samarai,,, [地名] [巴布亚新几内] 萨马赖,,,,,0,0,,,
samaraii,,,[网络] 茉莉花,,,,,0,0,,,
Samaran,,,萨马兰,,,,,0,0,,,
samaranch,,,[网络] 萨马兰奇；体育萨马兰奇；国际奥委会总干事萨玛兰奇,,,,,0,0,s:samaranches,,
samaranches,,,[网络] 萨马兰奇；体育萨马兰奇；国际奥委会总干事萨玛兰奇\n(samaranch 的复数),,,,,0,0,0:samaranch/1:s,,
Samarang,sә'mɑ:rɑ:ŋ,n a port city is southern Indonesia; located in northern Java,三宝垄[印度尼西亚爪哇岛中北岸港市],,,,,0,0,s:samarangs,,
Samarang(Semarang),,,三宝珑,,,,,0,0,,,
samarangia quadrangularis,,,金刚砂帘蛤,,,,,0,0,,,
samarangs,,,三宝垄,,,,,0,0,0:samarang/1:s,,
samaras,ˈsæmərəz,,n. 翼果( samara的名词复数 ),,,,,0,0,0:samara/1:s,,
samarasinghe,,,萨马拉辛哈,,,,,0,0,,,
Samaraskaya Oblast',,,[地名] 萨马拉州 ( 俄 ),,,,,0,0,,,
samaraweera,,,萨马拉维拉,,,,,0,0,s:samaraweeras,,
samaraweeras,,,萨马拉维拉\n(samaraweera 的复数),,,,,0,0,0:samaraweera/1:s,,
Samarcand,,,[网络] 萨马尔干,,,,,0,0,s:samarcands,,
samarcands,,,[网络] 萨马尔干\n(samarcand 的复数),,,,,0,0,0:samarcand/1:s,,
samardine,'sæmәdi:n,,法国哔叽,,,,,0,0,,,
samardzija,,,[网络] 幼鲸；山马兹亚；小熊,,,,,0,0,,,
Samarga,,,[地名] 萨马尔加 ( 俄 ),,,,,0,0,,,
samari,,,[网络] 钐土,,,,,0,0,,,
samaria,sә'meәriә,n. an ancient city in central Palestine founded in the 9th century BC as the capital of the northern Hebrew kingdom of Israel; the site is in present-day northwestern Jordan,[化] 氧化钐,,,,,37947,0,s:samarias,,
samarian,,,[网络] s子,,,,,0,0,,,
Samarians,,,[网络] 撒玛利亚,,,,,0,0,,,
Samariapo,,,[地名] 萨马里亚波 ( 委 ),,,,,0,0,,,
samarias,sə'mæriə; sə'mɛriə,,n. 氧化钐,,,,,0,0,0:samaria/1:s,,
samaric,,,[化] 三价钐,,,,,0,0,,,
samaric bromide,,,溴化钐,,,,,0,0,,,
samaric carbonate,,,碳酸钐,,,,,0,0,,,
samaric chloride,,,氯化钐,,,,,0,0,,,
samaric fluoride,,,[化] 氟化钐,,,,,0,0,,,
samaric hydride,,,[化] 三氢化钐,,,,,0,0,,,
samaric hydropyrophosphate,,,[化] 焦磷酸氢钐,,,,,0,0,,,
samaric hydrosulfate,,,[化] 硫酸氢钐,,,,,0,0,,,
samaric hydroxide,,,氢氧化钐,,,,,0,0,,,
samaric iodide,,,碘化钐(III) {三碘化钐},,,,,0,0,,,
samaric metaphosphate,,,[化] 偏磷酸钐,,,,,0,0,,,
samaric nitrate,,,硝酸钐(III),,,,,0,0,,,
samaric oxalate,,,草酸钐(III)；乙二酸钐(III),,,,,0,0,,,
samaric oxychloride,,,[化] 氯氧化钐,,,,,0,0,,,
samaric phosphate,,,磷酸钐(III),,,,,0,0,,,
samaric sulfate,,,硫酸钐(III),,,,,0,0,,,
samaric sulfide,,,三硫化二钐；硫化钐(III),,,,,0,0,,,
samarid,,,[网络] 索马里,,,,,0,0,,,
Samaridae,,,冠鲽科,,,,,0,0,,,
samarideous,,,翅果状的,,,,,0,0,,,
samarids,,,[网络] 索马里,,,,,0,0,,,
samariform,'sæmәrifɔ:m,,a. [植]翅果状的,,,,,0,0,,,
samarin,,,[网络] 撒玛连,,,,,0,0,s:samarins,,
Samarina,,,[地名] 萨马里纳 ( 希 ),,,,,0,0,,,
Samarinae,,,冠鲽亚科,,,,,0,0,,,
Samarinda,",sæmә'rindә",,三马林达[印度尼西亚中部港市](在加里曼丹岛东岸),,,,,0,0,,,
samarine,,,[网络] 蓝宝石,,,,,0,0,,,
samarins,,,[网络] 撒玛连\n(samarin 的复数),,,,,0,0,0:samarin/1:s,,
samariom-cobalt permanent-magnetic materials,,,[网络] 钐钴永磁材料,,,,,0,0,,,
samaris cristatus,,,"冠鲽, 冠鲽；扁鱼；皇帝鱼；半边鱼；比目鱼",,,,,0,0,,,
samariscus filipectoralis,,,丝鳍沙鲽；扁鱼；皇帝鱼；半边鱼；比目鱼,,,,,0,0,,,
samariscus japonicus,,,日本沙鲽；扁鱼；皇帝鱼；半边鱼；比目鱼,,,,,0,0,,,
samariscus latus,,,"满月沙鲽, 满月沙鲽；扁鱼；皇帝鱼；半边鱼；比目鱼",,,,,0,0,,,
samariscus longimanus,,,长臂沙鲽；扁鱼；皇帝鱼；半边鱼；比目鱼,,,,,0,0,,,
samariscus triocellatus,,,三斑沙鲽；扁鱼；皇帝鱼；半边鱼；比目鱼,,,,,0,0,,,
samariscus xenicus,,,壮沙鲽；高知沙鲽；扁鱼；皇帝鱼；半边鱼；比目鱼,,,,,0,0,,,
Samaritan,sә'mæritәn,n. a member of the people inhabiting Samaria in biblical times,n. 乐善好施者,j:34/n:66,,,,15934,19426,s:samaritans,,
Samaritan Pentateuch,,,[网络] 撒玛利亚五经；撒马利亚五经；摩西五经,,,,,0,0,,,
Samaritanish,,,[网络] 撒马利亚人,,,,,0,0,,,
Samaritanism,,,慈善好施,,,,,0,0,,,
samaritans,səˈmæritənz,n. a member of the people inhabiting Samaria in biblical times,"n. <宗>撒马利坦会; 撒马利亚人, 撒马利亚人的( Samaritan的复数形式 ); 见义勇为者",,,,,0,0,0:samaritan/1:s,,
samarium,sә'mєәriәm,n. a grey lustrous metallic element of the rare earth group; is used in special alloys; occurs in monazite and bastnasite,n. 钐\n[化] 钐Sm,,,,,0,0,s:samariums,,
samarium boride,,,硼化钐,,,,,0,0,,,
samarium build up,,,积累,,,,,0,0,,,
samarium buildup,,,钐增加；钐形成,,,,,0,0,,,
samarium carbide,,,碳化钐,,,,,0,0,,,
samarium carbonate,,,碳酸钐(III),,,,,0,0,,,
samarium dibromide,,,二溴化钐 {溴化钐(II)},,,,,0,0,,,
samarium dichloride,,,二氯化钐,,,,,0,0,,,
samarium diiodide,,,碘化亚钐,,,,,0,0,,,
samarium ethylsulfate,,,硫酸乙酯钐(III)；乙硫酸钐(III),,,,,0,0,,,
samarium formate,,,甲酸钐(III),,,,,0,0,,,
samarium gallium garnet,,,钐镓榴石,,,,,0,0,,,
samarium halide,,,钐卤化物,,,,,0,0,,,
samarium hydroxide,,,氢氧化钐(III) {三氢氧化钐},,,,,0,0,,,
samarium iron garnet,,,钐铁丁字板,,,,,0,0,,,
samarium materials/devices,,,钐材料/元件,,,,,0,0,,,
samarium nitrate,,,硝酸钐(III),,,,,0,0,,,
samarium nitride,,,氮化钐,,,,,0,0,,,
samarium oxalate,,,草酸钐(III)；乙二酸钐(III),,,,,0,0,,,
samarium oxide,,,[化] 氧化钐,,,,,0,0,,,
samarium oxysulfate,,,硫酸氧钐(III),,,,,0,0,,,
samarium peroxide,,,过氧化钐 {五氧化二钐},,,,,0,0,,,
samarium poisoning,,,钐中毒,,,,,0,0,,,
samarium selenate,,,硒酸钐(III),,,,,0,0,,,
samarium selenide,,,硒化钐(III)；三硒化二钐,,,,,0,0,,,
samarium sesquioxide,,,[化] 三氧化二钐,,,,,0,0,,,
samarium silicate,,,硅酸钐,,,,,0,0,,,
samarium sulfide,,,三硫化二钐,,,,,0,0,,,
samarium tribromide,,,三溴化钐 {溴化钐(III)},,,,,0,0,,,
samarium trichloride,,,[化] 三氯化钐,,,,,0,0,,,
samarium triiodide,,,[化] 三碘化钐,,,,,0,0,,,
samarium valley override,,,谷补偿,,,,,0,0,,,
samarium(153sm)lexidronam,,,来昔决南钐[153sm],,,,,0,0,,,
samarium(element),,,钐,,,,,0,0,,,
samarium(ii) bromide,,,溴化钐(II) {二溴化钐},,,,,0,0,,,
samarium(ii) chloride,,,氯化钐(II) {二氯化钐},,,,,0,0,,,
samarium(ii) iodide,,,碘化钐(II) {二碘化钐},,,,,0,0,,,
samarium(ii) sulfate,,,硫酸钐(II),,,,,0,0,,,
samarium(iii) acetate,,,乙酸钐(III)；醋酸钐(III),,,,,0,0,,,
samarium(iii) bromate,,,溴酸钐(III),,,,,0,0,,,
samarium(iii) bromide,,,溴化钐(III) {三溴化钐},,,,,0,0,,,
samarium(iii) chloride,,,氯化钐(III) {三氯化钐},,,,,0,0,,,
samarium(iii) fluoride,,,氟化钐(III) {三氟化钐},,,,,0,0,,,
samarium(iii) iodide,,,碘化钐(III) {三碘化钐},,,,,0,0,,,
samarium(iii) phosphate,,,磷酸钐(III),,,,,0,0,,,
samarium(iii) sulfate,,,硫酸钐(III),,,,,0,0,,,
samarium-cobalt magnet,,,[化] 钐-钴磁体,,,,,0,0,,,
samarium-neodymium age method,,,钐钕定年法,,,,,0,0,,,
samarium-neodymium dating,,,钐-钕定年法,,,,,0,0,,,
samarium-neodymium dating method,,,"锶–钕定年法, 钐–钕定年法",,,,,0,0,,,
Samarium-Neodymium method,,,[天] 钐钕法,,,,,0,0,,,
samariums,sə'meərɪəm,,n. [化学] 钐（一种稀有金属元素）,,,,,0,0,0:samarium/1:s,,
Samarka,,,[地名] 萨马尔卡 ( 俄、哈 ),,,,,0,0,,,
Samarkand,",sæmә'kænd",n. city in southern Uzbekistan; Tamerlane's opulent capital in the 14th century,撒马尔罕[苏联乌兹别克东部城市],,,,,42220,0,s:samarkands,,
samarkands,",sæmə'kænd; sɑ:smɑ:r'kɑ:nt",,撒马尔罕(乌兹别克斯坦东部城市，14世纪帖木耳王国首都)[亦作 Samarcand，古名 Maracanda],,,,,0,0,0:samarkand/1:s,,
samaroid,sə'mærɔɪd,"a. Resembling a samara, or winged seed vessel.", [医]翅果状的,,,,,0,0,,,
samaroo,,, [人名] 萨马鲁,,,,,0,0,,,
Samaropsis,",sæmә'rɔpsis",,拟翅果属,,,,,0,0,,,
samarous,sә'meәrәs,,亚钐(化物),,,,,0,0,,,
samarous chloride,,,[化] 氯化亚钐,,,,,0,0,,,
samarous iodide,,,[化] 碘化亚钐,,,,,0,0,,,
samarous sulfate,,,[化] 硫酸亚钐,,,,,0,0,,,
Samarovo,,,沙马罗沃,,,,,0,0,,,
samarqand,,, [地名] [乌兹别克斯坦] 撒马尔罕,,,,,0,0,,,
Samarqand Viloyati,,,[地名] 撒马尔罕州 ( 乌兹 ),,,,,0,0,,,
"Samarqand, Qullai",,,[地名] 撒马尔罕峰 ( 塔 ),,,,,0,0,,,
samarr,,,[网络] 萨马尔,,,,,0,0,,,
samarra,'sə'mɑ:rə,n. See Simar.,"n. 萨迈拉, 伊拉克城市",,,,,0,0,,,
samarras,,,[网络] 萨马拉斯,,,,,0,0,,,
samars,'sɑ:mɑ:,,萨马岛(菲律宾中东部岛屿),,,,,0,0,0:samar/1:s,,
samarskite,"sә'mɑ:skait, 'sæmәskait",n a complex black mineral occurring in pegmatites,n. [矿]铌钇矿,,,,,0,0,s:samarskites,,
samarskite- (y),,,铌钇矿,,,,,0,0,,,
samarskite-(Y),,,铌钇矿,,,,,0,0,,,
Samarskite-Wiikite,,,杂铌钇矿,,,,,0,0,,,
samarskites,sə'mɑːskaɪt,,n. [矿物] 铌钇矿,,,,,0,0,0:samarskite/1:s,,
Samarskoye,,,[地名] 萨马尔斯科耶 ( 俄、哈 ),,,,,0,0,,,
samartha,,,[网络] 功能,,,,,0,0,,,
Samaru,,,[地名] 萨马鲁 ( 尼日利 ),,,,,0,0,,,
samas,,,[网络] 玛斯；沙马什,,,,,0,0,0:sama/1:s,,
Samassi,,,[地名] 萨马西 ( 意 ),,,,,0,0,,,
Samastipur,,,[网络] 萨马斯蒂普尔；撒马斯提布尔；撒马斯提布尔县,,,,,0,0,,,
samat,,,[网络] 萨马特；萨马县,,,,,0,0,,,
Samata,,,[地名] 萨马塔 ( 乍 ),,,,,0,0,,,
Samatan,,,[地名] 萨马唐 ( 法 ),,,,,0,0,,,
samatar,,,[网络] 萨玛塔,,,,,0,0,,,
Samatari,,,沙马塔希,,,,,0,0,,,
Samatau,,,[地名] 萨马陶 ( 萨摩 ),,,,,0,0,,,
Samate,,,[地名] 萨马特 ( 印尼 ),,,,,0,0,,,
samater,,,萨马特尔,,,,,0,0,s:samaters,,
samaters,,,萨马特尔\n(samater 的复数),,,,,0,0,0:samater/1:s,,
samatha,,,n. 【女名】女子名\n[网络] 奢摩他；止；止禅,,,,,0,0,,,
Samatiguila,,,[地名] 萨马蒂吉拉 ( 科特 ),,,,,0,0,,,
samatine,sә'mɑ:ti:n,,山马蹄碱,,,,,0,0,,,
Samatzai,,,[地名] 萨马蔡 ( 意 ),,,,,0,0,,,
Samaveda,,,n. 娑摩吠陀\n[网络] 沙磨吠陀；沙摩吠陀；婆摩吠陀,,,,,0,0,,,
samawa,,,[网络] 塞马沃；萨马利亚,,,,,0,0,,,
samawa (as samawah),,,沙马瓦,,,,,0,0,,,
samawah,,,[网络] 塞马沃；萨玛沃；塞马沃市,,,,,0,0,,,
samaya,,, [地名] [几内亚] 萨马亚,,,,,0,0,,,
Samayac,,,[地名] 萨马亚克 ( 危 ),,,,,0,0,,,
samayoa,,,[网络] 萨马亚,,,,,0,0,,,
samb,,,abbr. School of Aviation Medicine—Brooks AFB 航空医学学院—布鲁克斯空军基地; sequential access method block 顺序存取法程序块; Shanghai Agricultural Machinery Bureau <中国>上海市农业机械局,,,,,0,0,,,
samba,'sæmbә,n. music composed for dancing the samba\nn. a lively ballroom dance from Brazil\nn. a form of canasta using three decks of cards and six jokers,n. 桑巴舞\nvi. 跳桑巴舞,n:100,,,,41779,22686,i:sambaing/p:sambaed/3:sambas/d:sambaed/s:sambas,,
samba (brazil),,,森巴舞(巴西),,,,,0,0,,,
"Samba Bonita, I.",,,[地名] 桑巴博尼塔岛 ( 巴拿 ),,,,,0,0,,,
Samba Caju,,,[地名] 桑巴卡茹 ( 安哥 ),,,,,0,0,,,
samba chit,,,萨巴蓆印花棉布(印度产),,,,,0,0,,,
Samba Kandji,,,[地名] 桑巴坎吉 ( 毛里塔 ),,,,,0,0,,,
Samba Lucala,,,[地名] 桑巴卢卡拉 ( 安哥 ),,,,,0,0,,,
samba roll,,,[网络] 森巴滚转步；桑巴滚动转,,,,,0,0,,,
samba-de-roda,,,[网络] 巴伊亚桑巴；森巴舞；转圈舞步,,,,,0,0,,,
Sambabougoulou,,,[地名] 桑巴布古卢 ( 中非 ),,,,,0,0,,,
sambac,,,[网络] 茉莉；圣巴克炫色,,,,,0,0,,,
sambacolignoside,,,茉莉花脂甙,,,,,0,0,,,
sambadrome,,, 森巴大道（地名）,,,,,0,0,,,
sambaed,'sæmbə,,n. 〈美〉桑巴舞\nv. 跳桑巴舞\n[网络] 巴多,,,,,0,0,1:pd/0:samba,,
sambaing,'sæmbə,,n. 〈美〉桑巴舞\nv. 跳桑巴舞\n[网络] 森巴；森巴舞；文件共享,,,,,0,0,1:i/0:samba,,
sambal,"'sæmbәl,'sɑ:mbɑ:l",,<马来语>n.(源出马来西亚、印度尼西亚的) 咖喱饭调味品,n:100,,,,0,41960,s:sambals,,
Sambala,,,[地名] 桑巴拉 ( 安哥、坦桑 ),,,,,0,0,,,
Sambala R.,,,[地名] 桑巴拉河 ( 坦桑 ),,,,,0,0,,,
Sambalamba,,,[地名] 桑巴兰巴 ( 巴拿 ),,,,,0,0,,,
Sambalpur,,,[地名] 森伯尔布尔 ( 印 ),,,,,0,0,,,
sambals,,plural of sambal,(sambal 的复数) <马来语>n.(源出马来西亚、印度尼西亚的) 咖喱饭调味品,,,,,0,0,0:sambal/1:s,,
Sambang,,,三芳,,,,,0,0,,,
Sambang-ni,,,三防里,,,,,0,0,,,
Sambang-ri,,,[地名] 三防里 ( 朝 ),,,,,0,0,,,
Sambanghyǒp,,,[地名] 三防峡 ( 朝 ),,,,,0,0,,,
Sambao,,,[地名] 桑包河 ( 马达 ),,,,,0,0,,,
sambaqu,,,[网络] 桑巴克,,,,,0,0,,,
sambaqui,sɑ:m'bɑ:ki,,<图皮语>n.萨姆巴凯贝壳堆(在巴西南部海岸),,,,,0,0,,,
sambar,'sæmbә,n. a deer of southern Asia with antlers that have three tines,"n. 水鹿, 黑鹿",n:100,,,,0,41724,s:sambars,,
"Sambar, Tg.",,,[地名] 桑巴尔角 ( 印尼 ),,,,,0,0,,,
sambars,,plural of sambar\nn. a deer of southern Asia with antlers that have three tines,"(sambar 的复数) n. 水鹿, 黑鹿",,,,,0,0,0:sambar/1:s,,
sambas,ˈsæmbəz,n large west African tree having large palmately lobed leaves and axillary cymose panicles of small white flowers and one-winged seeds; yields soft white to pale yellow wood\nn music composed for dancing the samba\nn a lively ballroom dance from Brazil\nn a form of canasta using three decks of cards and six jokers\nv dance the samba,n. 桑巴舞（一种源自非洲的巴西舞）( samba的名词复数 ),,,,,0,0,1:3/0:samba,,
sambata,,,[网络] 桑巴塔,,,,,0,0,,,
Sambatara,,,[地名] 桑巴塔拉 ( 马里 ),,,,,0,0,,,
sambatara (lambatara),,,桑巴塔哈(兰巴塔哈),,,,,0,0,,,
sambataro,,,桑巴塔罗,,,,,0,0,,,
Sambava,,,[地名] 桑巴瓦 ( 马达 ),,,,,0,0,,,
sambava (sahambavany),,,桑巴瓦(沙翁巴瓦尼),,,,,0,0,,,
Sambawizi,,,[地名] 桑巴维济 ( 津 ),,,,,0,0,,,
Sambaya,,,[地名] 桑巴亚 ( 几 ),,,,,0,0,,,
Sambaïlo,,,[地名] 桑巴伊洛 ( 几 ),,,,,0,0,,,
Sambeek,,,桑贝克,,,,,0,0,,,
Sambek,,,[地名] 桑别克 ( 俄 ),,,,,0,0,,,
sambenit,,,[网络] 桑巴尼特,,,,,0,0,,,
samber,,,[网络] 大鹿,,,,,0,0,,,
samberg,,,[网络] 山伯格,,,,,0,0,,,
Sambhal,,,[地名] 森珀尔 ( 印 ),,,,,0,0,,,
sambhar,"'sæmbә(r),'sɑ:-",,"n. =sambar , <泰米尔语>n.=sambar",,,,,0,0,,,
sambhar salt l,,,桑巴尔盐湖,,,,,0,0,,,
Sambhar Salt Lake,,,[网络] 桑珀尔盐湖,,,,,0,0,,,
sambhars,,,[网络] 萨姆巴尔；燘蔬菜,,,,,0,0,,,
sambhur,,,黑鹿,,,,,0,0,,,
sambhurs,,,n. 黑鹿,,,,,0,0,,,
Sambiase,,,[地名] 桑比亚塞 ( 意 ),,,,,0,0,,,
Sambili,,,[地名] 桑比利 ( 刚(金) ),,,,,0,0,,,
Sambin,,,[地名] 桑班 ( 法 ),,,,,0,0,,,
Sambio,,,桑比欧,,,,,0,0,,,
Sambir,,,[网络] 山密；三蜜,,,,,0,0,,,
"Sambit, Pulau",,,[地名] 桑比岛 ( 印尼 ),,,,,0,0,,,
"Sambito, R.",,,[地名] 桑比图河 ( 巴西 ),,,,,0,0,,,
samble,,,[网络] 。。。,,,,,0,0,,,
sambo,'sæmbәu,"n. A colloquial or humorous appellation for a negro; sometimes,\n   the offspring of a black person and a mulatto; a zambo.",[拉丁美洲]黑人与印第安人或欧洲人的混血儿,n:100,,,,0,37428,s:samboes,,
Samboal,,,[地名] 桑博阿尔 ( 西 ),,,,,0,0,,,
sambocade,,,[网络] 锦缎,,,,,0,0,,,
Samboes,'sæmbəu,,sambo1\n['sæmbəu]\nn.\n[贬义、冒犯语]\n拉美人和印第安人的混血儿[亦作 zambo]\n黑人\n变形：\nn.\nsambos\nsambo2\n['sæmbəu]\nn.\n【体育】国际式摔跤，散波摔跤，摔博(双肩同时着地为负),,,,,0,0,0:sambo/1:s,,
Samboja,,,[地名] 桑博贾 ( 印尼 ),,,,,0,0,,,
Sambolabo,,,[地名] 桑博拉博 ( 喀 ),,,,,0,0,,,
Sambon,,,[网络] 三本,,,,,0,0,,,
Sambong,,,[地名] 三峰 ( 朝 ),,,,,0,0,,,
Sambong-ri,,,[地名] 三峰里 ( 朝 ),,,,,0,0,,,
Sambongsan,,,[地名] 三峰山 ( 韩 ),,,,,0,0,,,
Sambonidae,,,塞波科,,,,,0,0,,,
samboo,,,[网络] 竹子,,,,,0,0,,,
sambook,,,[网络] 我的天啊,,,,,0,0,,,
samboos,,,[网络] 竹子,,,,,0,0,,,
Sambor,,,[地名] 松博 ( 柬 ),,,,,0,0,,,
samborn,,,桑博恩,,,,,0,0,,,
sambos,,,n. 北美印第安人或黑白混血儿与黑人的后裔\n[网络] 森巴士,,,,,0,0,,,
sambou,,,[网络] 桑布,,,,,0,0,,,
sambouse,,,[网络] 竹,,,,,0,0,,,
sambrano,,,[网络] 桑。兰,,,,,0,0,,,
Sambre,,,[网络] 桑布尔河；松布耳河；桑布林,,,,,0,0,s:sambres,,
Sambre River,,,[网络] 伯河；鲁河,,,,,0,0,s:sambre rivers,,
sambre rivers,,,[网络] 伯河；鲁河\n(sambre river 的复数),,,,,0,0,0:sambre river/1:s,,
"Sambre, R.",,,[地名] 桑布尔河 ( 比·法 ),,,,,0,0,,,
"Sambreiro, R.",,,[地名] 桑布雷罗河 ( 尼日利 ),,,,,0,0,,,
sambres,,,[网络] 桑布尔河；松布耳河；桑布林\n(sambre 的复数),,,,,0,0,0:sambre/1:s,,
sambrook,,, [人名] 桑布鲁克,,,,,0,0,,,
sambu,,, [地名] [加纳、印度尼西亚] 桑布,,,,,0,0,,,
Sambuan,,,[地名] 桑布安 ( 印尼 ),,,,,0,0,,,
sambubiose,,,[网络] 接骨木二糖,,,,,0,0,,,
sambuca,sɑ:m'bjkә,n an Italian liqueur made with elderberries and flavored with licorice,"<意>n.萨姆布卡酒,意大利茴香酒",,,,,0,0,s:sambucas,,
Sambuca di Sicilia,,,[地名] 西西里岛桑布卡 ( 意 ),,,,,0,0,,,
Sambuca Pistoiese,,,[地名] 桑布卡-皮斯托耶塞 ( 意 ),,,,,0,0,,,
sambucas,,,[网络] 意大利茴香酒,,,,,0,0,0:sambuca/1:s,,
sambucco,,,[网络] 桑布科,,,,,0,0,,,
sambucene,,,[网络] 丁香槟,,,,,0,0,,,
sambucifolia,,,[网络] 山竹,,,,,0,0,,,
sambucine,,,接骨木辛,,,,,0,0,,,
sambucinin,,,[医] 桑布[镰刀]菌素,,,,,0,0,,,
sambuco,,,[地名] 桑布科 ( 洪、意 ),,,,,0,0,,,
sambucol,,,[网络] 黑接骨木；黑接骨木糖浆；黑接骨木-最好品牌,,,,,0,0,,,
sambucus,,n elder; elderberry,[化] 接骨木花,,,,,0,0,s:sambucuss,,
Sambucus adnata,,,n. 血满草,,,,,0,0,,,
Sambucus caerulea,,,[网络] 接骨木caerulea,,,,,0,0,s:sambucus caeruleas,,
sambucus caeruleas,,,[网络] 接骨木caerulea\n(sambucus caerulea 的复数),,,,,0,0,0:sambucus caerulea/1:s,,
sambucus canadenses,,,[网络] 接骨木；接骨木属植物的果实；加拿大接骨木\n(sambucus canadensis 的复数),,,,,0,0,0:sambucus canadensis/1:s,,
Sambucus canadensis,,,[网络] 接骨木；接骨木属植物的果实；加拿大接骨木,,,,,0,0,s:sambucus canadenses,,
Sambucus canadensis L.,,,[医] 加[拿大]接骨木,,,,,0,0,,,
Sambucus chinensis,,,n. 接骨草,,,,,0,0,,,
Sambucus chinensis Lindl.,,,[医] 蒴ㄒ,,,,,0,0,,,
Sambucus ebulus,,,[网络] 接骨木；接骨木萃取,,,,,0,0,s:sambucus ebuluss,,
sambucus ebuluss,,,[网络] 接骨木；接骨木萃取\n(sambucus ebulus 的复数),,,,,0,0,0:sambucus ebulus/1:s,,
Sambucus formosana,,,[网络] 冇骨消；没骨消；访冇骨消,,,,,0,0,,,
Sambucus javanica,,,[网络] 接骨草,,,,,0,0,,,
Sambucus L.,,,[医] 接骨木属,,,,,0,0,,,
Sambucus nigra,,,[网络] 接骨木；西洋接骨木；黑色接骨木,,,,,0,0,s:sambucus nigras,,
Sambucus nigra L.,,,[医] 黑接骨木,,,,,0,0,,,
sambucus nigras,,,欧洲接骨木,,,,,0,0,0:sambucus nigra/1:s,,
Sambucus pubens,,,[网络] 接骨木p,,,,,0,0,s:sambucus pubenss,,
sambucus pubenss,,,[网络] 接骨木p\n(sambucus pubens 的复数),,,,,0,0,0:sambucus pubens/1:s,,
Sambucus racemosa,,,[网络] 欧洲接骨木；红果接骨木；金叶接骨木,,,,,0,0,s:sambucus racemosas,,
Sambucus racemosa L.,,,[医] 欧接骨木,,,,,0,0,,,
sambucus racemosas,,,[网络] 欧洲接骨木；红果接骨木；金叶接骨木\n(sambucus racemosa 的复数),,,,,0,0,0:sambucus racemosa/1:s,,
Sambucus sibirica,,,n. 西伯利亚接骨木,,,,,0,0,,,
Sambucus sieboldiana,,,无梗接骨木,,,,,0,0,,,
Sambucus sieboldiana B1.,,,[医] 蓝筛朴,,,,,0,0,,,
Sambucus thunbergiana,,,"[医] 蒴ㄒ, 接骨草",,,,,0,0,,,
Sambucus williamsii,,,n. 接骨木,,,,,0,0,,,
sambucuss,,,[化] 接骨木花\n(sambucus 的复数),,,,,0,0,0:sambucus/1:s,,
"Sambughetti, Mte.",,,[地名] 桑布盖蒂山 ( 意 ),,,,,0,0,,,
sambuigrin,,,黑接骨木甙,,,,,0,0,,,
sambuk,,,n. 波斯湾采珠船\n[网络] 三鼓舞,,,,,0,0,,,
sambuke,'sæmbju:k,"n. An ancient stringed instrument used by the Greeks, the\n   particular construction of which is unknown.",n. 萨姆布克琴(一种希伯来三角古竖琴),,,,,0,0,,,
sambukes,'sæmbjuːk,,sambuke\n['sæmbju:k]\nn.\n= sambuca1,,,,,0,0,,,
sambunigrin,sæm'bju:ni^rin,,"黑接骨木苷, 苯乙腈葡糖苷",,,,,0,0,,,
sambunugrin,,,"黑接骨木甙,苯乙腈葡糖甙",,,,,0,0,,,
sambur,"'sæmbә(r),'sɑ:-",n a deer of southern Asia with antlers that have three tines,n. [动]黑鹿(东南亚产的一种大鹿),,,,,0,0,s:samburs,,
Samburg,,,[地名] 桑堡 ( 俄、美 ),,,,,0,0,,,
samburs,,,[网络] 小孩,,,,,0,0,0:sambur/1:s,,
samburu,,, [地名] [肯尼亚] 桑布鲁,,,,,0,0,s:samburus,,
Samburu Hills,,,[地名] 桑布鲁丘陵 ( 肯 ),,,,,0,0,,,
Samburu National Reserve,,,[地名] 桑布鲁国家自然保护区 ( 肯 ),,,,,0,0,,,
Samburus,,,[网络] 桑布斯,,,,,0,0,0:samburu/1:s,,
sambus formosanus,,,福尔摩沙灰吉丁虫,,,,,0,0,,,
sambus quadricolor quadricolor,,,四色灰吉丁虫,,,,,0,0,,,
sambus quinquefasciatus,,,云纹灰吉丁虫,,,,,0,0,,,
samc,,,abbr. Shenyang Aircraft Manufacturing Company <中国>沈阳飞机制造公司; South African Medical Corps 南非军医团; South African Military College 南非军事大学; South African Marine Corporation 南非海军陆战队,,,,,0,0,,,
samcf,,,[=sheep-associated malignant catarrhal fever (virus)]羊相关恶性卡他热(病毒),,,,,0,0,,,
Samch'ǒn-gun,,,[地名] 三泉郡 ( 朝 ),,,,,0,0,,,
Samch'ǒn-ǔp,,,[地名] 三泉邑 ( 朝 ),,,,,0,0,,,
Samcheok,,,[地名] 三陟 ( 韩 ),,,,,0,0,,,
Samcheong,,,[地名] 山清 ( 韩 ),,,,,0,0,,,
Samcheong Park,,,[地名] 三清公园〈首尔〉 ( 韩 ),,,,,0,0,,,
Samcheong-gun,,,[地名] 山清郡 ( 韩 ),,,,,0,0,,,
Samcheonpo,,,[地名] 三千浦 ( 韩 ),,,,,0,0,,,
Samchi,,,三池,,,,,0,0,,,
Samchonpo,,,三千浦,,,,,0,0,,,
samco,,,[网络] 三垦；番人三哥；华美机械,,,,,0,0,,,
samda,,,[网络] 矿业开发协会；星帝,,,,,0,0,,,
samdahl,,,[网络] 萨姆达尔,,,,,0,0,,,
SAMDC,,,[=South African Medical and Dental Council]南非内科与牙科理事会,,,,,0,0,,,
Samdech,'sæmdek,,"[高棉语]陛下, 殿下(对国王、亲王、王子、公主等的敬称, 放在称号的前面)",,,,,0,0,,,
samdel,,,[网络] 受教於桑德尔,,,,,0,0,,,
samdi,,,[网络] 仙蒂；亚比科技有限公司；姆迪,,,,,0,0,,,
Samdobong,,,[地名] 三道峰 ( 韩 ),,,,,0,0,,,
Samdung,,,三登,,,,,0,0,,,
Samdup,,,[网络] 桑珠,,,,,0,0,,,
samdwich,,,"夹层,层状结构",,,,,0,0,,,
Samdǔng,,,[地名] 三登 ( 朝 ),,,,,0,0,,,
same,seim,a. same in identity\na. closely similar or comparable in kind or quality or quantity or degree\ns. unchanged in character or nature,"a. 相同的, 同样的\npron. 相同的人(或事物)\nadv. 同样地",r:1/d:99,5,1,zk gk,137,161,s:sames,,
same - sex marriage,,,[网络] 同性婚姻；同性别婚姻；同性恋者婚礼见闻,,,,,0,0,,,
same again,,,[网络] 如旧；再来一杯,,,,,0,0,,,
same again please,,,[口语](请)同样的再来一份(对酒店服务员说的话) [见same],,,,,0,0,,,
same application,,,同一应用程序\n[计] 同一应用程序,,,,,0,0,,,
same area,,,[计] 同域,,,,,0,0,,,
same area clause,,,[计] 相同区子句,,,,,0,0,,,
same argument,,,同理,,,,,0,0,,,
same as,seim æz,, 等同于; 一般,,,,,0,0,,,
same as above,seim æz əˈbʌv,, [医]同上,,,,,0,0,,,
same as usual,,,和往常一样,,,,,0,0,,,
same blood,,,"[法] 同血缘, 同族",,,,,0,0,,,
same body chain,,,同体鍊,,,,,0,0,,,
same body relation,,,同体关系,,,,,0,0,,,
same broad soil groups,,,相同的广土类,,,,,0,0,,,
Same Case,,,相同情况,,,,,0,0,,,
same change of magnitude in relative value,,,相对价值的同样量的变化,,,,,0,0,,,
same clause,,,[计] 相同子句,,,,,0,0,,,
same condition,,,同等状态,,,,,0,0,,,
same constant error,,,相同固定误差,,,,,0,0,,,
same cross,,,同一个杂交组合,,,,,0,0,,,
same date,seim deit,, [医]同一天,,,,,0,0,,,
same day exercise,,,[网络] 同日行使,,,,,0,0,,,
same day funds,,,[经] 当日(可用)资金,,,,,0,0,,,
same diff,,,[网络] 差不多一样,,,,,0,0,,,
same difference,seim ˈdifərəns,," （非正式）没什么两样, 一个样",,,,,0,0,,,
same direction,,,[网络] 同向；同一方向；同方向,,,,,0,0,,,
same direction adjacent curve,,,同向曲线,,,,,0,0,,,
same direction and proportion,,,同方向同比例,,,,,0,0,,,
same direction but in different proportions,,,同方向不同比例,,,,,0,0,,,
same distribution,,,相同分布,,,,,0,0,,,
same domain lu-lu session,,,同域逻辑单元对逻辑单元对话,,,,,0,0,,,
same exact,,,[网络] 相同的确切,,,,,0,0,,,
same feeling,,,[网络] 同感；同样的感觉；一直一直,,,,,0,0,,,
same force,,,[网络] 同等效力,,,,,0,0,,,
same frequency,,,同频,,,,,0,0,,,
same frequency broadcasting,,,同频广播,,,,,0,0,,,
same frequency interference,,,同频干扰,,,,,0,0,,,
same frequency interference area,,,同频干扰区,,,,,0,0,,,
same frequency repeater,,,[网络] 同频增音机,,,,,0,0,,,
same gender loving,,,[网络] 同性之爱,,,,,0,0,,,
same general magnitude,,,等量齐观,,,,,0,0,,,
same gold value,,,同一黄金值,,,,,0,0,,,
same here,,,我也同样,,,,,0,0,,,
same industry,,,[网络] 市场占有率；相同领域,,,,,0,0,,,
same labor exercised during equal periods of time,,,同一劳动在同样时间内,,,,,0,0,,,
same level of safety,,,[网络] 同样的安全水平,,,,,0,0,,,
same loci,,,相同位点,,,,,0,0,,,
same manner,,,同样办法,,,,,0,0,,,
same name,,,同名,,,,,0,0,,,
same old,,,[网络] 老样子；还是老样子；老一套,,,,,0,0,,,
same old same old,,,[网络] 老样子；还是老样子；老样子老样子,,,,,0,0,,,
same old same-old,,,[网络] 老样子；还是老样子；老样子老样子,,,,,0,0,,,
same old song and dance,,,老调旧舞（歌曲名）,,,,,0,0,,,
same old story,,,[网络] 老一套；相同的老故事；又是那一套,,,,,0,0,,,
same old stuff,,,[网络] 老样子；陈旧货色；炒冷饭,,,,,0,0,,,
same old-same old,,,[网络] 老样子；还是老样子；老样子老样子,,,,,0,0,,,
same order,,,同阶,,,,,0,0,,,
same order bias estimators,,,同阶有偏估计量,,,,,0,0,,,
same orientation,,,同定向,,,,,0,0,,,
Same Origin Policy,,,同源策略,,,,,0,0,,,
same ovule,,,同一胚珠,,,,,0,0,,,
same parity,,,同奇偶性,,,,,0,0,,,
same phase,,,[计] 同相,,,,,0,0,,,
same place,,,un. 同名点\n[网络] 老地方；同一地点；共同的地点,,,,,0,0,,,
same point,,,相同观点\n同一点,,,,,0,0,,,
same position,,,相同位置,,,,,0,0,,,
same priority,,,[计] 同一优先级,,,,,0,0,,,
same purpose,,,同样作用,,,,,0,0,,,
same purpose as lime,,,和石灰具有相同作用,,,,,0,0,,,
same quality sample,,,同品质样品,,,,,0,0,,,
same record area,,,[计] 相同记录区,,,,,0,0,,,
same record area clause,,,[计] 同一记录区子句,,,,,0,0,,,
same scale,,,相同尺度,,,,,0,0,,,
same sea and coast,,,同一海域及海岸,,,,,0,0,,,
same sea and country,,,同一海域及国家,,,,,0,0,,,
same sea and country or coast,,,同一海域和国家或海岸,,,,,0,0,,,
same sequence,,,相同顺序,,,,,0,0,,,
same sex,,,adj. 同性别的；涉及同性别的人的,,,,,0,0,,,
same ship,,,[网络] 同一波；大气易记；的缩写,,,,,0,0,,,
"same shit, different day",,,[网络] 发劳骚日子枯燥无聊；嫱爱兔斯基,,,,,0,0,,,
same size,,,"[计] 相同尺寸, 相同大小",,,,,0,0,,,
same size ratio,,,等量比；一比一,,,,,0,0,,,
same sort area,,,[计] 同一分类区域,,,,,0,0,,,
same sort-merge area,,,[计] 同一分类-归并区,,,,,0,0,,,
same sort/merge area clause,,,同一分类／合併区子句,,,,,0,0,,,
same source calibration,,,同源校准,,,,,0,0,,,
same species,,,同类,,,,,0,0,,,
Same Store Sales,,,[网络] 同店销售额；百货商店同店营业额,,,,,0,0,,,
same system,,,同系统,,,,,0,0,,,
same throughout beam,,,梁同,,,,,0,0,,,
same throughout column,,,柱同,,,,,0,0,,,
Same Time,,,同时,,,,,0,0,,,
same to you,,,"彼此, 我也这样祝愿你",,,,,0,0,,,
same trade,,,同业,,,,,0,0,,,
same type,,,同型,,,,,0,0,,,
same validity,,,[网络] 同等效力,,,,,0,0,,,
same wavelength,,,[网络] 一致性,,,,,0,0,,,
same way,,,[计] 同路,,,,,0,0,,,
same-again,,,同样的再来一份,,,,,0,0,,,
same-age,,,[网络] 同样的年龄；同庚；岁数相同,j:100,,,,0,0,,,
same-blooded,,,[网络] 同血,,,,,0,0,,,
same-bloodedness,,,[网络] 同血,,,,,0,0,,,
same-day,,,[网络] 当天；同日法；即日达,j:100,,,,0,0,,,
same-day funds,,,同日资金,,,,,0,0,,,
same-day service,,,当日取件,,,,,0,0,,,
same-day settlement,,,同日结算,,,,,0,0,,,
same-day substitution,,,即日轧平,,,,,0,0,,,
same-different,,,[网络] 相同的；不同的,,,,,0,0,,,
same-frequency simplex radio communication,,,同频单工无线电 通信,,,,,0,0,,,
Same-gawa,,,[地名] 鲛川 ( 日 ),,,,,0,0,,,
same-gender,,,[网络] 同性；相同社会性别,j:100,,,,0,0,,,
same-gender-loving,,,[网络] 同性之爱,,,,,0,0,,,
same-grade,,,[网络] 店主话同我车过一对新镜片,,,,,0,0,,,
same-language,,,[网络] 语言；一种语言,,,,,0,0,,,
same-level,,,[网络] 层级网页,,,,,0,0,,,
same-minded,,,[网络] 同样的意思,,,,,0,0,,,
same-name,,,[网络] 同名；同名同姓；重名,,,,,0,0,,,
same-old,,,[网络] 老样子；还是老样子；老一套,,,,,0,0,,,
same-old same-old,,,[网络] 老样子；还是老样子；老样子老样子,,,,,0,0,,,
"same-old, same-old",,,[网络] 老样子；还是老样子；老样子老样子,,,,,0,0,,,
same-phase,,,同相位,,,,,0,0,,,
same-phase horizontal antenna,,,同相水平天线,,,,,0,0,,,
same-phase vertical antenna,,,同相垂直天线,,,,,0,0,,,
same-polarity method for calibrating thermocouple,,,热电偶校正同极法,,,,,0,0,,,
same-sex,,, 同性别的,j:100,,,,0,0,s:same-sexes,,
same-sex family,,,[网络] 同性家庭,,,,,0,0,,,
same-sex marriage,,,[网络] 同性婚姻；同性结婚；同性恋婚姻,,,,,0,0,s:same-sex marriages,,
same-sex marriages,,,[网络] 同性婚姻,,,,,0,0,0:same-sex marriage/1:s,,
same-sex sexual harassment,,,[网络] 同性间性骚扰,,,,,0,0,,,
same-sex-marriage,,,[网络] 同性婚姻；同性结婚；同性恋婚姻,,,,,0,0,,,
same-sexer,,,[网络] 同性恋者,,,,,0,0,,,
same-sexers,,,[网络] 同性恋者,,,,,0,0,,,
same-sexes,,, 同性别的\n(same-sex 的复数),,,,,0,0,0:same-sex/1:s,,
same-sexness,,,[网络] 同性恋,,,,,0,0,,,
same-side anchor,,,同侧下锚,,,,,0,0,,,
same-size,,,[网络] 相同大小；同尺寸；同样尺寸,j:100,,,,0,0,,,
same-size ratio,,,等量比,,,,,0,0,,,
same-store,,,[网络] 店；商店同店；店铺,j:100,,,,0,0,s:same-stores,,
same-store sales,,,[网络] 同店销售额；店铺销售额；店可比销售额,,,,,0,0,,,
same-stores,,,[网络] 店；商店同店；店铺\n(same-store 的复数),,,,,0,0,0:same-store/1:s,,
same-time,,,[网络] 同一时间；十月三十号，老时间，开会；同一时涧,,,,,0,0,,,
same-trait,,,[网络] 相同的特点,,,,,0,0,,,
same-transaction test,,,[网络] 相同事件说,,,,,0,0,,,
samech,,,n. 希伯来语的第十五个字母,,,,,0,0,,,
samechs,,,[网络] 同行,,,,,0,0,,,
Samecin,,,"多西环素,脱氧土霉素,强力霉素,长效土霉素,6α-去氧土霉素",,,,,0,0,,,
samed,,,[网络] 沙美岛；沙美岛酒店,,,,,0,0,,,
Samedan,,,[地名] 萨梅丹 ( 瑞士 ),,,,,0,0,,,
samedan (samaden),,,沙美丹(沙马登),,,,,0,0,,,
samedi,,,[网络] 周六；礼拜六；沈俊,,,,,0,0,,,
samedol,,,水杨酰胺,,,,,0,0,,,
Samee,,,[网络] 丈夫,,,,,0,0,,,
sameena,,,[网络] 萨咪娜；闵行；米娜,,,,,0,0,,,
sameer,seɪm,a same in identity\na closely similar or comparable in kind or quality or quantity or degree\na equal in amount or value\ns unchanged in character or nature,"a. [the same]同一的；[the same]相同的,同样的\nadv. [the same]同样地,一样地\npron. [the  same或指示代词]同一个人；同一个物；同样的事物",,,,,0,0,,,
Samegawa,,,[地名] 鲛川 ( 日 ),,,,,0,0,,,
samegiella,,,[网络] 相同的,,,,,0,0,,,
Samegrelo,,,[网络] 萨梅格列罗；雷洛,,,,,0,0,,,
Samegrelo-Zemo Svaneti,,,[网络] 萨梅格列罗-上斯瓦涅季亚州,,,,,0,0,,,
sameh,,,[网络] 学文,,,,,0,0,,,
Sameiciolina,,,"多西环素,强力霉素,脱氧土霉素,长效土霉素,6α-去氧土霉素",,,,,0,0,,,
sameikle,,,[网络] 同义词,,,,,0,0,,,
sameish,,,[网络] 同样的,,,,,0,0,,,
sameishness,,,[网络] 同情,,,,,0,0,,,
sameissue,,,[网络] 争点同一,,,,,0,0,,,
samek,,,[网络] 同一个,,,,,0,0,,,
samekh,'sɑ:mәk,n the 15th letter of the Hebrew alphabet,n. 希伯来语的第十五个字母,,,,,0,0,s:samekhs,,
"samekh, samech",'sɑ:mek; -mək,,n. 希伯来语字母表的第十五个字母(D)；该字母的发音,,,,,0,0,,,
samekhs,,,n. 希伯来语的第十五个字母\n[网络] 希伯来字母,,,,,0,0,0:samekh/1:s,,
samekle,,,[网络] 同样的,,,,,0,0,,,
sameks,,,[网络] 同事,,,,,0,0,,,
samel,'sæmәl,,"a. (在窑内置于最外层的砖或瓦)未烧透的,半烧的",,,,,0,0,,,
samel brick,,,"欠火砖,半烧砖",,,,,0,0,,,
sameliness,,,[网络] 搪瓷,,,,,0,0,,,
samella,,,[网络] 茉莉花,,,,,0,0,,,
samels,,,[网络] els,,,,,0,0,,,
samely,'seimli,,"a. 千篇一律的,单调的,无变化的",,,,,0,0,,,
samen,,plural of saman,(saman 的复数) n. 萨满,,,,,0,0,0:saman/1:s,,
samenabgabe,,,射精,,,,,0,0,,,
samenabgang,,,"精尿症,精漏",,,,,0,0,,,
samenampulle,,,输精管膨大部,,,,,0,0,,,
samenbildung,,,精子形成,,,,,0,0,,,
samenblase,,,精囊,,,,,0,0,,,
samendenone,",sæmәn'di:nәun",,蝾螈烯酮,,,,,0,0,,,
samene,,,[网络] 三叶草,,,,,0,0,,,
samenepithel,,,精上皮,,,,,0,0,,,
sameness,'seimnis,n. the quality of being alike,"n. 相同, 同样, 千篇一律",n:100,,,,23661,17292,s:samenesses,,
samenesses,,,[网络] 同性恋,,,,,0,0,0:sameness/1:s,,
samenfere,,,[网络] 同志,,,,,0,0,,,
samening,,,[网络] 。,,,,,0,0,,,
samenly,,,[网络] 莎梦丽,,,,,0,0,,,
samenow,,,[网络] 米诺,,,,,0,0,,,
samenstrang,,,精索,,,,,0,0,,,
samenward,,,[网络] 萨门德,,,,,0,0,,,
samephase,,,同相位,,,,,0,0,,,
samephase horizontal antenna,,,[网络] 同相水平天线,,,,,0,0,,,
samephase vertical antenna,,,[网络] 同相垂直天线,,,,,0,0,,,
samer,,, [地名] [法国] 萨梅尔,,,,,0,0,,,
samera,,,翅果,,,,,0,0,,,
sameria,,,[网络] 约沙法在撒玛利亚,,,,,0,0,,,
sameridine,,,沙美利定,,,,,0,0,,,
sameridinum,,,沙美利定,,,,,0,0,,,
Samern,,,[地名] 萨默恩 ( 德 ),,,,,0,0,,,
sameroff,,,[网络] 沙蒙罗夫,,,,,0,0,,,
sameron,,,[网络] 萨默,,,,,0,0,,,
Samerts'khle Mt'a,,,[地名] 萨梅尔茨赫莱山 ( 格鲁 ),,,,,0,0,,,
sames,,,abbr. Societe Anonyme de Machines Electrostatiques （法语）萨梅丝公司; South African Micro-Electronic Systems Ltd. 南非微电子系统有限公司,,,,,0,0,0:same/1:s,,
samesense mutation,,,[遗] 同义突变,,,,,0,0,,,
samesex,,,adj. 同性别的；涉及同性别的人的,,,,,0,0,,,
samest,seɪm,,"same\n[seim]\nadj.\n[the same]同一的\n[the same]相同的,同样的\n[this same, that same]前面提到的,上述的\n[the same]无变化的，老一套的\nadv.\n[the same]同样地,一样地\npron.\n[the\nsame或指示代词]同一个人；同一个物\n同样的事物\n该人；上述情况(或事物)\n近义词:\nequal\n. equivalent\n. identical\n. selfsame\n. very\n反义词:\ndifferent\n短语:\nall the same\n同样，依然，照旧\n毫无区别，一模一样；无所谓\nfeel the same to\n感到…与过去一模一样(或没有变化)；对…持原有看法\njust the same\n以同样方式\n依然，照旧\nmuch the same\n差不多一样，几乎相同\nnot the same\n不那么令人满意的；不怎么令人愉快的\none and the same\n同一个\n完全相同\nsame here\n[口语]我也一样\nthe same…as\n同…一样的(东西、事物等)\n(The) same to you\n[口语](回答问候语时)也一样祝愿你\n[俚语](回答辱骂时)你也一样\nthe very same\n[作加强语气词]完全相同的，一模一样的\nthink the same of\n=\nfeel the same to",,,,,0,0,,,
samet,,,n. (Samet)人名；(俄、瑞典)萨梅特,,,,,0,0,,,
Samet',,,[地名] 萨梅季 ( 俄 ),,,,,0,0,,,
"Samet, Ko",,,[地名] 沙湄岛 ( 泰 ),,,,,0,0,,,
Sameta,,,[地名] 萨梅塔 ( 肯 ),,,,,0,0,,,
Sametime,,,n. 即时消息（IBM公司提供的实时协作解决方案）,,,,,0,0,,,
Sametondo,,,[地名] 萨梅通多 ( 安哥 ),,,,,0,0,,,
SAMEX,,,海[面]对空飞弹操演,,,,,0,0,,,
samey,ˈseɪmi,,"a. <英><非正>单调乏味的, 无变化的",,,,,0,0,s:sameys,,
sameyel,,,[网络] 同义词,,,,,0,0,,,
sameyness,,,[网络] 同情,,,,,0,0,,,
sameys,,,"a. <英><非正>单调乏味的, 无变化的\n(samey 的复数)",,,,,0,0,0:samey/1:s,,
SAMF,,,"[=single antibody Millipore filtration]千分之一孔滤过单抗体,毫孔单抗体",,,,,0,0,,,
samfayl,,,[网络] 萨姆法伊尔,,,,,0,0,,,
samfayle,,,[网络] 萨姆法勒,,,,,0,0,,,
samfie,,"samfie (plural samfies)\n(Jamaica) A confidence trickster, especially one who pretends to have supernatural powers.\n",,,,,,0,0,,,
samfoo,ˈsæmfu:,,n. 中国女式紧腰身套装,,,,,0,0,,,
"samfoo, samfu",'sæmfu:,,n. [汉语] 女式紧身套服,,,,,0,0,,,
samford,,, [人名] 桑福德; [地名] [英国] 萨姆福德,,,,,0,0,s:samfords,,
samfords,,, [人名] 桑福德; [地名] [英国] 萨姆福德\n(samford 的复数),,,,,0,0,0:samford/1:s,,
samfowlerite,,"samfowlerite\n(mineralogy) A monoclinic-prismatic mineral containing beryllium, calcium, fluorine, hydrogen, manganese, oxygen, silicon, and zinc.\n",,,,,,0,0,,,
Samfrau,,,[网络] 萨姆弗劳,,,,,0,0,,,
samfu,'sæmfu:,,<汉>n.中国女式紧腰身套装,,,,,0,0,,,
samfus,,,[网络] 拯救未来基金会；拯救我的未来基金会,,,,,0,0,,,
Samfya,,,[地名] 萨姆菲亚 ( 赞 ),,,,,0,0,,,
Samga,,,三嘉,,,,,0,0,,,
samga (sanka),,,上佳,,,,,0,0,,,
Samgang-ri,,,[地名] 三江里 ( 朝 ),,,,,0,0,,,
Samgar-nebo,,,[网络] 三甲尼波,,,,,0,0,,,
Samgeo,,,三居,,,,,0,0,,,
samgha,,,[网络] 僧伽；佛教人际心理学读本；僧伽制度,,,,,0,0,,,
Samgi,,,三箕,,,,,0,0,,,
Samgi-ri,,,[地名] 三岐里 ( 朝 ),,,,,0,0,,,
Samgo,,,"三古, 三巨",,,,,0,0,,,
Samgogae,,,三谷,,,,,0,0,,,
Samgok,,,[地名] 三谷 ( 韩 ),,,,,0,0,,,
Samgong,,,三公,,,,,0,0,,,
Samgun-li,,,三斤里,,,,,0,0,,,
samgyetang,,,[网络] 参鸡汤；蔘鸡汤；蔘炖鸡,,,,,0,0,,,
Samgyo-chon,,,三桥川,,,,,0,0,,,
Samgyoch'ǒn,,,[地名] 三桥川 ( 朝 ),,,,,0,0,,,
Samgǒ-ri,,,[地名] 三巨里 ( 朝 ),,,,,0,0,,,
samh,,, [医][=Scottish Association for Mental Health]苏格兰心理卫生协会，苏格兰精神保健协会,,,,,0,0,,,
Samhae-ri,,,[地名] 三海里 ( 朝 ),,,,,0,0,,,
Samhain,,,[网络] 萨温节；属阴节；死神节,,,,,0,0,,,
samhan,,,[网络] 三韩,,,,,0,0,,,
samhara tandava (india),,,毁灭之舞(印度),,,,,0,0,,,
Samhita,,,[网络] 本集；吠陀本集；吠陀的本颂,,,,,0,0,s:samhitas,,
Samhitas,,,[网络] 本集；赞歌；密塔,,,,,0,0,0:samhita/1:s,,
Samho,,,[地名] 三湖 ( 朝 ),,,,,0,0,,,
Samhorodok,,,[地名] 萨姆霍罗多克 ( 乌克 ),,,,,0,0,,,
samhsa,,,[网络] 物质滥用与心理卫生服务部；药物滥用与心理健康服务局；物质滥用暨精神卫生防治局(Substance Abuse and Mental Health Services Administration),,,,,0,0,,,
sami,,n a member of an indigenous nomadic people living in northern Scandinavia and herding reindeer\nn the language of nomadic Lapps in northern Scandinavia and the Kola Peninsula,n. 萨米人；萨米（等于Lapp）,,,,,0,0,s:sami,,
samia,,, [地名] [尼日利亚] 萨米亚,,,,,0,0,s:samias,,
Samia cynthia,,,[网络] 角斑樗蚕蛾；眉纹天蚕蛾；月神蛾,,,,,0,0,s:samia cynthias,,
samia cynthia ricina,,,蓖蔴蚕,,,,,0,0,,,
samia cynthias,,,[网络] 角斑樗蚕蛾；眉纹天蚕蛾；月神蛾\n(samia cynthia 的复数),,,,,0,0,0:samia cynthia/1:s,,
Samia walkeri,,,[网络] 萨米亚步行者,,,,,0,0,s:samia walkeris,,
samia walkeris,,,[网络] 萨米亚步行者\n(samia walkeri 的复数),,,,,0,0,0:samia walkeri/1:s,,
samia wangi,,,眉纹天蚕蛾；王氏眉纹天蚕蛾,,,,,0,0,,,
samia watsoni formosana,,,大眉纹天蚕蛾,,,,,0,0,,,
"Samia, Tg.",,,[地名] 萨米亚角 ( 印尼 ),,,,,0,0,,,
samian,'seimiәn,a. Of or pertaining to the island of Samos.\nn. A native or inhabitant of Samos.,n. 萨摩斯岛上的居民,,,,,47916,0,s:samians,,
Samian earth,,,[网络] 撒旦人的地球,,,,,0,0,,,
Samian ware,,,[网络] 山药,,,,,0,0,s:samian wares,,
samian wares,,,萨摩斯细陶器[亦作 terra sigillata],,,,,0,0,0:samian ware/1:s,,
samians,,plural of samian\na. Of or pertaining to the island of Samos.\nn. A native or inhabitant of Samos.,(samian 的复数) n.萨摩斯岛上的居民,,,,,0,0,0:samian/1:s,,
samias,,, [地名] [尼日利亚] 萨米亚\n(samia 的复数),,,,,0,0,0:samia/1:s,,
samica,,,[网络] 粉云母,,,,,0,0,,,
samid,,,abbr. ships anti-missile integrated defense system 舰载反导弹综合防御系统,,,,,0,0,,,
Samidin,'sɑ:midin,,n. (约旦河)西岸巴勒斯坦人,,,,,0,0,,,
samidine,,,"沙米丁,吡喃香豆素类化合物",,,,,0,0,,,
Samidol,,,水杨酰胺,,,,,0,0,,,
samie,,,[网络] 生态系统结构分析方法,,,,,0,0,,,
samiel,'sæmjәl,n a violent hot sand-laden wind on the deserts of Arabia and North Africa,n. (阿拉伯和非洲北部的) 沙漠干热风,,,,,0,0,s:samiels,,
samiels,'sæmjel,,samiel\n['sæmjel]\nn.\n(阿拉伯和非洲北部的)沙漠干热风,,,,,0,0,0:samiel/1:s,,
samier,,,萨米耶,,,,,0,0,,,
samies,,,[网络] 萨米；森美；三美\n(samy 的复数),,,,,0,0,0:samy/1:s,,
samiest,'seimi:,,Sami\n['seimi:]\nn.\n= Lapp,,,,,0,0,,,
samih,,,[网络] 萨米,,,,,0,0,,,
samii,,,[网络] 水鸟；针织帽；沙米,,,,,0,0,,,
Samikshavad,,,[网络] 萨米克沙瓦德,,,,,0,0,,,
Samilp'o,,,[地名] 三日浦 ( 朝 ),,,,,0,0,,,
samin,,,[网络] 徙民；双木；三明,,,,,0,0,,,
samina,,, [地名] [俄罗斯] 萨米纳河,,,,,0,0,,,
samine,,,[网络] 敏纳,,,,,0,0,,,
Saminess,,,[网络] 萨米,,,,,0,0,,,
saming,,,[网络] 三茗；陈璐婷；纪晓君,,,,,0,0,,,
Saminjah,,,[地名] 塞敏杰 ( 突 ),,,,,0,0,,,
samink,'seimiŋk,,n. (俄罗斯貂毛色的)人工饲养貂毛皮,,,,,0,0,,,
samios,,,[网络] 实验物理学家萨奥斯；谬斯,,,,,0,0,,,
Samiot,,,[网络] 萨米勒,,,,,0,0,,,
samipling tubes,,,[医] 采样管,,,,,0,0,,,
Samir,,,n. 萨米尔（用于阿拉伯和印度的男子名）,,,,,42424,0,,,
samira,,,n. (Samira)人名；(阿拉伯)萨米拉,,,,,0,0,,,
samireatie,,,铌钛铀铅矿,,,,,0,0,,,
samiresite,",sæmi'resait",,铅铌钛铀矿,,,,,0,0,,,
samiresite (plumboan uranpyrochlore),,,铅铀烧绿石,,,,,0,0,,,
samirestie,,,铌钛铀矿,,,,,0,0,,,
samiri,,,[网络] 萨米里,,,,,0,0,,,
"Samiria, L.",,,[地名] 萨米里亚湖 ( 秘 ),,,,,0,0,,,
"Samiria, R.",,,[地名] 萨米里亚河 ( 秘 ),,,,,0,0,,,
Samirum,,,[地名] *萨米鲁姆(亚兹德哈斯特的旧称) ( 伊朗 ),,,,,0,0,,,
Samis,,,[网络] 萨米人；管理信息系统,,,,,0,0,,,
"samisdat, samizdat","'sæmizdæt; ,sɑ:miz'dɑ:t",,n. [俄语]；(苏联的)地下发行(出版社)，地下出版和发行；地下刊物，地下期刊,,,,,0,0,,,
samisen,'sæmisәn,n a Japanese stringed instrument resembling a banjo with a long neck and three strings and a fretted fingerboard and a rectangular soundbox; played with a plectrum,<日>n.日本三弦(形似吉他),,,,,0,0,s:samisens,,
samisen (japan),,,三味线(日本),,,,,0,0,,,
samisens,,,n. 〈外〉日本三弦\n[网络] 金牌,,,,,0,0,0:samisen/1:s,,
samish,,,[网络] 萨米什,,,,,0,0,,,
Samisisi,,,[地名] 萨米西西 ( 赞 ),,,,,0,0,,,
samisk,,,[网络] 山药,,,,,0,0,,,
Samit,,,[地名] 沙密 ( 柬 ),,,,,0,0,,,
samit(h)i,'sʌmiti,,n. (印度和孟加拉国会的)大会；委员会,,,,,0,0,,,
"Samit, Chroǔy",,,[地名] 沙密角 ( 柬 ),,,,,0,0,,,
"Samit, Koh",,,[地名] 沙密岛 ( 柬 ),,,,,0,0,,,
samite,'sæmait,n. a heavy silk fabric (often woven with silver or gold threads); used to make clothing in the Middle Ages,n. 六股丝锦缎,,,,,0,0,s:samites,,
samites,,,n. (中世纪一种织有金银线的)锦绣[织锦]\n[网络] 撒姆尼；六股丝锦缎；米太,,,,,0,0,0:samite/1:s,,
Samithi,'sʌmiti,,samit(h)i\n['sʌmiti]\nn.\n(印度和孟加拉国会的)大会；委员会,,,,,0,0,,,
samiti,,,[网络] 萨米提-选自古代卷；撒米蒂,,,,,0,0,,,
samitis,,,[网络] 炎症,,,,,0,0,,,
samiullah,,,[网络] 萨美乌兰；萨米乌拉,,,,,0,0,,,
samium,,,[网络] 萨米乌姆,,,,,0,0,,,
samius,,,[网络] 萨米欧司,,,,,0,0,,,
samixogrel,,,[网络] 沙米索格雷,,,,,0,0,,,
samizdat,səmaɪz'dæt,n. a system of clandestine printing and distribution of dissident or banned literature,n. <俄>地下出版物; 私出版物,n:100,,,,0,39664,s:samizdats,,
samizdatchik,",sɑ:miz'dɑ:ttʃik",,"n. 萨密兹达奇克,地下出版物的作者(或出版者,发行者)",,,,,0,0,,,
samizdats,"'sæmɪzdæt; ,sæmɪz'dæt",,n. 地下出版物,,,,,0,0,0:samizdat/1:s,,
Samizu,,,[地名] 三水 ( 日 ),,,,,0,0,,,
Samjiyǒn,,,[地名] 三池渊 ( 朝 ),,,,,0,0,,,
Samjiyǒn-gun,,,[地名] 三池渊郡 ( 朝 ),,,,,0,0,,,
samjna,,,[网络] 想；想蕴(samjnana-skandha)；想相觉,,,,,0,0,,,
Samka,,,三卡,,,,,0,0,,,
Samkhret' Oset'i,,,[地名] 南奥塞梯自治州 ( 格鲁 ),,,,,0,0,,,
samkhya,,, 数论,,,,,0,0,,,
Samkita,,,[地名] 萨姆基塔 ( 加蓬 ),,,,,0,0,,,
Samkovo,,,[地名] 萨姆科沃 ( 俄 ),,,,,0,0,,,
SAML,,,abbr. 安全声明标记语言（Security Assertion Markup Language）,,,,,0,0,,,
Samland,,,[网络] 珊兰登；兰德,,,,,0,0,,,
Samlandic,,,[网络] 萨姆兰奇,,,,,0,0,,,
samlaw,,,[网络] 西雅图福音合唱团,,,,,0,0,,,
samle,,,[网络] 撒斯姆；堕天使；夏色之影,,,,,0,0,,,
samler,,,[网络] 多啦A梦,,,,,0,0,,,
Samlesbury,,,[地名] 萨姆斯伯里 ( 英 ),,,,,0,0,,,
samlet,'sæmlit,n. The parr.,n. 幼鲑,,,,,0,0,,,
samlets,,,[网络] 小提琴,,,,,0,0,,,
samling,,,[网络] 三林环球；三林集团；三林公司,,,,,0,0,0:samle/1:i,,
samlo,,,〈泰语〉三轮出租汽车,,,,,0,0,,,
samlor,"'sæmlɔ:(r),-lә(r)",,<泰语>n.三轮出租汽车,,,,,0,0,,,
samlors,,,[网络] 三轮摩托车,,,,,0,0,,,
samlped hologram,,,样全息图，取样全息照片,,,,,0,0,,,
samlping,,,[电] 取样,,,,,0,0,,,
samly,,,[网络] 富恩堂；菲儿,,,,,0,0,,,
samm,'sæm,,abbr. semi-automatic measuring machine 半自动测量机器,,,,,0,0,,,
samma,,,n. (Samma)人名；(意)萨马,,,,,0,0,s:sammas,,
sammael,,,[网络] 撒末尔；古蛇萨麦尔；大天使萨麦尔,,,,,0,0,,,
Sammamish,,,n. 瑟马米什 (华盛顿州),,,,,0,0,,,
"Sammamish, L.",,,[地名] 萨马米什湖 ( 美 ),,,,,0,0,,,
samman,,, [人名] 萨曼,,,,,0,0,,,
samman syndrome(yellow nail syndrome),,,商曼氏症候群(黄甲症候群),,,,,0,0,,,
Sammanturai,,,[地名] 萨曼图赖 ( 斯里 ),,,,,0,0,,,
sammar,,,[网络] 森马,,,,,0,0,s:sammars,,
sammara,,,[网络] 条纹长颏鳂；条新东洋鰃,,,,,0,0,,,
sammarai,,,[网络] 萨马拉,,,,,0,0,,,
sammarco,,,[网络] 萨马科；萨马尔科,,,,,0,0,,,
sammari,,,[网络] 萨马里,,,,,0,0,,,
Sammarinese,,,[网络] 萨马里亚人,,,,,0,0,,,
Sammarineses,,,[网络] 撒玛逊人,,,,,0,0,,,
sammarrai,,,[网络] 萨马拉,,,,,0,0,,,
sammars,,,[网络] 森马\n(sammar 的复数),,,,,0,0,0:sammar/1:s,,
sammartini,,,[网络] 萨马丁尼；萨马蒂尼；萨玛蒂尼,,,,,0,0,s:sammartinis,,
sammartinis,,,[网络] 萨马丁尼；萨马蒂尼；萨玛蒂尼\n(sammartini 的复数),,,,,0,0,0:sammartini/1:s,,
sammartino,,, [人名] 萨马蒂诺,,,,,0,0,,,
sammas,,plural of samma,(samma 的复数) n. (Samma)人名；(意)萨马,,,,,0,0,0:samma/1:s,,
sammataro,,,[网络] 萨马塔罗,,,,,0,0,,,
Sammatti,,,[地名] 萨马蒂 ( 芬 ),,,,,0,0,,,
samme,,, [人名] 萨姆,,,,,0,0,,,
sammel blende,,,绢针铁矿,,,,,0,0,,,
sammel blende(samthlende),,,绢针铁矿,,,,,0,0,,,
sammel cristallization,,,聚粒结晶,,,,,0,0,,,
sammel crystallization,,,"聚粒结晶作用, 聚粒结晶〔作用〕",,,,,0,0,,,
sammeld ruck,,,[印刷] 套色印刷,,,,,0,0,,,
sammen,,,[网络] 三门鞋业百货；三荣；有弥撒,,,,,0,0,,,
sammer,,, [人名] 萨默,,,,,0,0,,,
sammes,,, [人名] 萨姆斯,,,,,0,0,,,
sammetblende (przibramite),,,绢针铁矿﹐纤铁矿,,,,,0,0,,,
sammeterz (cyanotrichite),,,绒铜矾,,,,,0,0,,,
sammi,,,n. 三美（女子名）；中国明星郑秀文的英文名字,,,,,0,0,,,
sammich,,,[网络] 火腿蛋三明治；木乃伊三明治,,,,,0,0,,,
Sammichele di Bari,,,[地名] 萨米凯莱-迪巴里 ( 意 ),,,,,0,0,,,
sammiches,,"A sammich is a type of sandwich.  However, it is not just any kind of sandwich.  Any old schmuck can throw lunchmeat between two slices of bread and have a sandwich.\r\n\r\nBut no.  A sammich is not just a sandwich, it is not just a meal.  Sammich is a term reserved for only the holiest and mightiest of all sandwiches.  A sammich is a true work of culinary art; a feast on a bun, if you will.  A sammich is not made of the best ingredients; it is made of the *right* ingredients.  It needs the right meats, and the right cheese(s), the right sauce, the right veggies, and the right kind of bread.\r\n\r\nTaking footlong sub bread and throwing every kind of meat and cheese and everything else under the sun or in your kitchen pantry on it does not a sammich make.  It is akin to an incohesive mishmosh of colors on an artist's easel.\r\n\r\nSandwiches make a good snack, but sammiches are forever.\n> I'm having a sammich for dinner tonight.\n",,,,,,0,0,,,
sammie,'sæmiә,,(木屑)回潮,,,,,0,0,,,
sammier,'sæmi,n. A machine for pressing the water from skins in tanning.,"塞米(男子名)[Samuel 的昵称]；萨米(女子名)[Samantha 的昵称,亦作 Sammie]",,,,,0,0,,,
sammiers,,,[网络] 萨米尔,,,,,0,0,,,
sammies,,,n. Samuel 或 Samantha 的昵称；【女名】女子名\n[网络] 三明治；儿童书包；皱皮,,,,,0,0,,,
sammin,,,[网络] 萨姆明,,,,,0,0,,,
samming,'sæmiŋ,,均湿(法),,,,,0,0,,,
samming machine,,,均湿机,,,,,0,0,,,
sammis,,, [人名] 萨米斯,,,,,0,0,,,
sammitt,,,[网络] 萨姆米特,,,,,0,0,,,
sammler,,,扎姆勒,,,,,0,0,s:sammlers,,
sammlers,,,扎姆勒\n(sammler 的复数),,,,,0,0,0:sammler/1:s,,
sammo,,,[网络] 三毛；萨莫,,,,,0,0,,,
sammon,,, [人名] 萨蒙,,,,,0,0,s:sammons,,
sammons,,, [人名] [英格兰人姓氏] 萨蒙斯取自父名，来源于Salmon↑1，含义是“萨蒙之子”(son of Salmon),,,,,0,0,0:sammon/1:s,,
samms,,,abbr. standard automated material management system 标准自动化材料管理系统,,,,,0,0,,,
sammteisenerz (przibramite),,,绢针铁矿﹐纤铁矿,,,,,0,0,,,
Sammu-ramat,,,[网络] 萨穆-拉玛特,,,,,0,0,,,
sammut,,, [人名] 萨马特,,,,,0,0,s:sammuts,,
sammuts,,, [人名] 萨马特\n(sammut 的复数),,,,,0,0,0:sammut/1:s,,
sammy,'sæmi,,n. [俚]美国兵；[俚]傻瓜；萨米（女子名）；塞米（男子名）,,,,,13085,0,,,
Sammy Cahn,,,[网络] 卡恩；山米坎恩；家山米康,,,,,0,0,,,
Sammy Lee,,,[网络] 萨米·李；李森美；李汝宽,,,,,0,0,,,
sammye,,,[网络] 萨马,,,,,0,0,,,
sammys,,,[网络] 澳洲海鲜,,,,,0,0,,,
Sammū',,,[地名] 塞穆阿 ( 巴·以 ),,,,,0,0,,,
"Sammū', Wādī",,,[地名] 塞穆阿河 ( 约 ),,,,,0,0,,,
samn,,,[网络] 酥油,,,,,0,0,,,
samna,,,[网络] 萨玛；赛美娜,,,,,0,0,,,
Samnah,,,[地名] 塞姆奈 ( 沙特、约 ),,,,,0,0,,,
Samnanger,,,[地名] 萨姆南厄尔 ( 挪 ),,,,,0,0,,,
Samnangerfjord,,,[地名] 萨姆南厄尔峡湾 ( 挪 ),,,,,0,0,,,
Samnangjin,,,[地名] 三浪津 ( 韩 ),,,,,0,0,,,
Samnaun,,,[地名] 萨姆瑙恩 ( 瑞士 ),,,,,0,0,,,
Samnaungruppe,,,[地名] 萨姆瑙恩山 ( 奥 ),,,,,0,0,,,
samneh,'sæmneh,,精制奶油,,,,,0,0,,,
Samnite,'sæmnait,n an Oscan-speaking member of an ancient people of Campania who clashed repeatedly with the early Romans,n. 意大利一古民族人\na. 意大利一古民族人[语]的,,,,,0,0,s:samnites,,
Samnites,,plural of Samnite\nn an Oscan-speaking member of an ancient people of Campania who clashed repeatedly with the early Romans,(Samnite 的复数) n.意大利一古民族人\na. 意大利一古民族人[语]的,,,,,0,0,0:samnite/1:s,,
Samnitis,,,[网络] 炎症,,,,,0,0,,,
Samnium,'sæmniәm,,萨谟奈(意大利中部一古代国家),,,,,0,0,,,
Samnye,,,[地名] 参礼 ( 韩 ),,,,,0,0,,,
Samnyong-ri,,,[地名] 三龙里 ( 朝 ),,,,,0,0,,,
Samnū,,,[地名] 塞姆努 ( 利 ),,,,,0,0,,,
samo,,,n. 萨摩（斯拉夫人的第一个统治者）,,,,,0,0,s:samos,,
"Samo, R.",,,[地名] 萨莫河 ( 西 ),,,,,0,0,,,
samoa,sә'mәuә,n. a constitutional monarchy on the western part of the islands of Samoa in the South Pacific\nn. a group of volcanic islands in the South Pacific midway between Hawaii and Australia; its climate and scenery and Polynesian culture make it a popular tourist stop,n. 萨摩亚（南太平洋中部一群岛）,,,,,27305,0,s:samoas,,
Samoa (Islands),sə'məuə,,"萨摩亚群岛(其中西萨摩亚已独立,首都阿皮亚;东部仍属美国;位于南太平洋)[全称the Independent State of Samoa 萨摩亚独立国,旧称 Navigators Islands, 参较 American Samoa, Western Samoa]",,,,,0,0,,,
Samoa Basin,,,[地名] 萨摩亚海盆 ( 太平洋 ),,,,,0,0,,,
Samoa i Sisfo(Western Samoa),,,[地名] *西萨摩亚(萨摩亚的旧称) ( 大洋洲 ),,,,,0,0,,,
Samoa i Sisifo,,,[网络] 西萨摩亚；西萨摩亚独立国,,,,,0,0,s:samoa i sisifoes,,
samoa i sisifoes,,,[网络] 西萨摩亚；西萨摩亚独立国\n(samoa i sisifo 的复数),,,,,0,0,0:samoa i sisifo/1:s,,
Samoa Is.,,,[地名] 萨摩亚群岛 ( 大洋洲 ),,,,,0,0,,,
samoa islands,,,[网络] 萨摩亚群岛,,,,,0,0,,,
Samoa Standard Time,,,萨摩亚标准时间(比 GMT 晚11个小时),,,,,0,0,,,
samoa time,,,萨摩亚时间,,,,,0,0,,,
samoan,sә'mәuәn,n. a native or inhabitant of the Samoan Islands\na. of or relating to Samoa or its people or language or culture,n. 萨摩亚人,j:60/n:40,,,,40187,26592,s:samoans,,
Samoan conjunctivitis,,,[医] 萨莫安双球菌结膜炎,,,,,0,0,,,
samoan dances (samoa),,,萨摩亚舞蹈(萨摩亚群岛),,,,,0,0,,,
Samoan Islands,,,[网络] 萨摩亚群岛；萨摩亚岛,,,,,0,0,s:samoan islandss,,
samoan islandss,,,[网络] 萨摩亚群岛；萨摩亚岛\n(samoan islands 的复数),,,,,0,0,0:samoan islands/1:s,,
Samoan Passage,,,[地名] 萨摩亚深海水道 ( 太平洋 ),,,,,0,0,,,
Samoanness,,,[网络] 萨摩亚人,,,,,0,0,,,
samoans,,plural of samoan\nn. a native or inhabitant of the Samoan Islands\na. of or relating to Samoa or its people or language or culture,(samoan 的复数) n. 萨摩亚人,,,,,0,0,0:samoan/1:s,,
samoas,,,[网络] 萨摩亚；椰丝巧克力饼圈,,,,,0,0,0:samoa/1:s,,
Samobor,,,[地名] 萨莫博尔 ( 克罗 ),,,,,0,0,,,
samocycline,,,水霉素钙,,,,,0,0,,,
Samoded,,,[地名] 萨莫杰德 ( 俄 ),,,,,0,0,,,
samoed,'sæməu,,"萨摩(?～658), 斯拉夫人的第一个统治者(623～658)",,,,,0,0,s:samoeds,,
samoeds,,plural of samoed,"(samoed 的复数) 萨摩(?～658), 斯拉夫人的第一个统治者(623～658)",,,,,0,0,0:samoed/1:s,,
samoensis,,,[网络] 萨摩亚球首线虫；萨摩亚狐蝠；萨摩亚近扇蟹,,,,,0,0,,,
samogan,,,n. 萨马加(苏联私酿的伏特加),,,,,0,0,,,
samogenin,,,沙漠皂甙元,,,,,0,0,,,
Samogitia,,,[网络] 萨莫吉希亚；萨莫吉西亚；吉提亚,,,,,0,0,,,
Samogitian,,,[网络] 萨莫吉希亚语；萨莫吉提亚语,,,,,0,0,,,
Samogitians,,,[网络] Samogianans,,,,,0,0,,,
samogon,",sɑ:mә'^ɔ:n",,(=samogonka)私自蒸馏的酒,,,,,0,0,,,
samohu,sә'mәuhu:,,乱丝树的木材,,,,,0,0,,,
Samoic,,,[网络] 萨姆语,,,,,0,0,,,
Samoid,,,adj. 种子骨的,,,,,0,0,,,
samoids,,,[网络] 桑,,,,,0,0,,,
samoilova,,,萨莫伊洛娃,,,,,0,0,,,
samoilovich,,,[网络] 萨莫洛维奇,,,,,0,0,,,
samoite,"'sæmә,ait",,多水硅铝石,,,,,0,0,,,
samoite (allophane),,,铝英石,,,,,0,0,,,
samokhvalov,,,[网络] 萨莫克瓦洛夫,,,,,0,0,,,
Samokov,,,[地名] 萨莫科夫 ( 保、马其 ),,,,,0,0,,,
samol,,,[化] 水杨┮酯,,,,,0,0,s:samols,,
Samolaco,,,[地名] 萨莫拉科 ( 意 ),,,,,0,0,,,
samolian,,n. an old  (75+ yrs) slang term for dollars or money\n> That costs a lot!  That will set you back a pile of samolians.\n,,,,,,0,0,,,
samols,,,[化] 水杨┮酯\n(samol 的复数),,,,,0,0,0:samol/1:s,,
Samolus,,,[网络] 水茴草属；半下位,,,,,0,0,s:samoluss,,
Samolus parviflorus,,,[网络] Sam,,,,,0,0,s:samolus parvifloruss,,
samolus parvifloruss,,,[网络] Sam\n(samolus parviflorus 的复数),,,,,0,0,0:samolus parviflorus/1:s,,
Samolus valerandi,,,[网络] 水茴草,,,,,0,0,,,
Samolus valerandii,,,[网络] 枸杞子,,,,,0,0,s:samolus valerandiis,,
samolus valerandiis,,,[网络] 枸杞子\n(samolus valerandii 的复数),,,,,0,0,0:samolus valerandii/1:s,,
samoluss,,,[网络] 水茴草属；半下位\n(samolus 的复数),,,,,0,0,0:samolus/1:s,,
Samolva,,,[地名] 萨莫尔瓦 ( 俄 ),,,,,0,0,,,
"Samolëta, Ostrov",,,[地名] 萨莫廖特岛 ( 俄 ),,,,,0,0,,,
samon,,, [人名] 萨蒙,,,,,0,0,,,
samonas,,,[网络] 萨摩纳斯,,,,,0,0,,,
samonella,,,[网络] 沙门氏病菌；沙门式菌；沙门氏杆菌感染,,,,,0,0,,,
Samonellosis,,,沙门菌病,,,,,0,0,,,
samony,,,[网络] 萨姆,,,,,0,0,,,
samonye,,,[网络] 萨莫耶,,,,,0,0,,,
samoom,,,[网络] 萨姆,,,,,0,0,,,
samooms,,,[网络] 寝室,,,,,0,0,,,
samoon,sæ'mu:n,,沙蒙风(撒哈拉北部夏季的一种挟沙的干风),,,,,0,0,,,
samoosa,,,[网络] 手工三角咖哩；印度手工三角咖哩,,,,,0,0,,,
samoosas,,,[网络] 咖喱角,,,,,0,0,,,
Samora,,,n. (Samora)人名；(葡、莫)萨莫拉,,,,,48650,0,,,
Samora Correia,,,[地名] 萨莫拉科雷亚 ( 葡 ),,,,,0,0,,,
samore,,,[网络] 萨摩尔,,,,,0,0,,,
samoreus,,,[网络] 山茶,,,,,0,0,,,
samori,,,[网络] 萨莫里,,,,,0,0,,,
samorine,,,[网络] 变态,,,,,0,0,,,
samorit,,,[网络] 骚动,,,,,0,0,,,
Samorogouan,,,[地名] 萨莫罗关 ( 布基 ),,,,,0,0,,,
samory,,,萨摩利,,,,,0,0,,,
SAMOS,'seimɔs,,"abbr.satellite antimissile observation system 卫星反导弹观测系统 , 萨摩斯岛[希腊](在爱琴海东部)",,,,,44179,0,0:samo/1:s,,
SAMOS (stacked-gate avalanche injection type MOS),,,栅雪崩注入[型]金属氧化物半导体[器件],,,,,0,0,,,
SAMOS memory,,,[计] 叠栅雪崩注入MOS存储器,,,,,0,0,,,
SAMOS program,,,萨莫斯计划,,,,,0,0,,,
Samos Tunnel,,,[地名] 萨摩斯隧道 ( 希 ),,,,,0,0,,,
"Samos, Nisos",,,[地名] 萨摩斯岛 ( 希 ),,,,,0,0,,,
samosa,,n. small turnover of Indian origin filled with vegetables or meat and fried and served hot,n. 萨莫萨三角饺,n:100,,,,0,40112,s:samosas,,
samosas,,plural of samosa\nn. small turnover of Indian origin filled with vegetables or meat and fried and served hot,(samosa 的复数) n. 萨莫萨三角饺,,,,,0,0,0:samosa/1:s,,
Samosata,,,[网络] 摩撒他,,,,,0,0,s:samosatas,,
samosatas,,,[网络] 摩撒他\n(samosata 的复数),,,,,0,0,0:samosata/1:s,,
Samosdelka,,,[地名] 萨莫斯杰尔卡 ( 俄 ),,,,,0,0,,,
samoset,'sæməset,, [人名] 萨莫塞特; [地名] [美国] 萨莫塞特,,,,,0,0,,,
Samosir,,,萨莫西尔,,,,,0,0,,,
"Samosir, Pulau",,,[地名] 沙摩西岛 ( 印尼 ),,,,,0,0,,,
samoss,'sæməus,,SAMOS\n['sæməus]\nabbr.\nsatellite antimissile observation system (美国)反导弹卫星观测系统\nSamos\n['seiməs]\n萨摩斯岛(希腊岛屿，位于爱琴海东部),,,,,0,0,,,
samost,,," [计]= Self-Aligned MOS Technology,自对准MOS工艺",,,,,0,0,,,
Samothrace,'sæmәθreis,,萨莫色雷斯岛[希腊](在爱琴海东北部),,,,,0,0,s:samothraces,,
samothraces,'sæməθreis,,萨莫色雷斯岛(希腊岛屿，位于爱琴海东北部)[希腊语 Samothrake],,,,,0,0,0:samothrace/1:s,,
Samothracia,,,[网络] 撒摩特喇,,,,,0,0,,,
Samothracian,",sæmə'θreiʃən",,a. 萨莫色雷斯岛的；萨莫色雷斯岛居民的\nn. 萨莫色雷斯岛；萨莫色雷斯岛居民,,,,,0,0,,,
Samothracians,",sæmə'θreiʃən",,"Samothracian\n[,sæmə'θreiʃən]\nadj.\n萨莫色雷斯岛的\n萨莫色雷斯岛居民的\nn.\n萨莫色雷斯岛\n萨莫色雷斯岛居民",,,,,0,0,,,
Samothraki,,,[地名] 萨莫色雷斯 ( 希 ),,,,,0,0,,,
samothraki (samothrace),,,萨摩色雷斯,,,,,0,0,,,
"Samothraki, Nisos",,,[地名] 萨莫色雷斯岛。英语惯用名Samothrace ( 希 ),,,,,0,0,,,
"Samotlor, Ozero",,,[地名] 萨莫特洛尔湖 ( 俄 ),,,,,0,0,,,
"Samou, Nomos",,,[地名] 萨摩斯州 ( 希 ),,,,,0,0,,,
samoud,,,[网络] 萨默德,,,,,0,0,,,
samoun,,,[网络] 萨蒙,,,,,0,0,,,
samouni,,,[网络] 萨蒙尼,,,,,0,0,,,
samour,,,[网络] 萨摩,,,,,0,0,,,
samourai,,,[网络] 亚兰德龙；眼镜逢甲；香氛身体乳,,,,,0,0,,,
samovar,",sæmәu'vɑ:",n. a metal urn with a spigot at the base; used in Russia to boil water for tea,n. 俄国的一种茶壶,n:100,,,,49647,34190,s:samovars,,
samovars,ˌsæməuˈvɑ:z,n. a metal urn with a spigot at the base; used in Russia to boil water for tea,n. 俄国的一种茶壶( samovar的复数形式 ),,,,,0,0,0:samovar/1:s3,,
Samovodene,,,[地名] 萨莫沃代内 ( 保 ),,,,,0,0,,,
samoyault,,,[网络] 萨摩耶,,,,,0,0,,,
Samoyed,",sæmɔi'ed",n a Samoyedic-speaking person in northwestern Siberia\nn the Uralic languages spoken by the Samoyed in northwestern Siberia\nn Siberian breed of white or cream-colored dog of the spitz family,n. 萨莫耶德人,,,,,0,0,s:samoyeds,,
samoyede,sæmɒiˊed,n. Siberian breed of white or cream-colored dog of the spitz family,n. 撒摩耶人[语.犬],,,,,0,0,s:samoyedes,,
Samoyedes,,,[网络] 萨莫耶德人,,,,,0,0,0:samoyede/1:s,,
Samoyedic,sæmɔi'edik,n the Uralic languages spoken by the Samoyed in northwestern Siberia,a. 撒摩耶人[语]的,,,,,0,0,s:samoyedics,,
Samoyedic languages,,,[网络] 萨莫耶德语族,,,,,0,0,,,
Samoyedic-speaking,,,[网络] 萨摩耶话,,,,,0,0,,,
samoyedics,sæmɔi'edik,,adj. 萨莫耶德人的；萨莫耶德语的,,,,,0,0,0:samoyedic/1:s,,
Samoyedologist,,,[网络] 萨摩亚医生,,,,,0,0,,,
Samoyedologists,,,[网络] 萨摩亚医生,,,,,0,0,,,
samoyeds,,,n. (西伯利亚西北部的)撒摩耶人；撒摩耶语；撒摩耶种狗\nadj. 撒摩耶人的；撒摩耶语的\n[网络] 萨摩耶德人；莫耶德人；虎妞,,,,,0,0,0:samoyed/1:s,,
Samoylovka,,,[地名] 萨莫伊洛夫卡 ( 俄 ),,,,,0,0,,,
Samoylovskiy Rayon,,,[地名] 萨莫伊洛夫卡区 ( 俄 ),,,,,0,0,,,
Samoëns,,,[地名] 萨莫安斯 ( 法 ),,,,,0,0,,,
Samoš,,,[地名] 萨莫什 ( 塞尔 ),,,,,0,0,,,
samp,sæmp,"n. An article of food consisting of maize broken or bruised,\n   which is cooked by boiling, and usually eaten with milk; coarse hominy.",n. 玉米粥,,,,,0,0,,,
Samp'o-ri,,,[地名] 三浦里 ( 朝 ),,,,,0,0,,,
Samp'odong-ri,,,[地名] 三浦洞里 ( 朝 ),,,,,0,0,,,
Samp'yǒng-ri,,,[地名] 三坪里 ( 朝 ),,,,,0,0,,,
samp.,sæmp,,n. 玉米；玉米粥\n[网络] 玉米粥；范例；桑普,,,,,0,0,,,
Sampa,,,[网络] 桑帕；欣蔓；图片,,,,,0,0,,,
Sampacho,,,[地名] 桑帕乔 ( 阿根 ),,,,,0,0,,,
Sampaga,,,[地名] 桑帕加 ( 印尼 ),,,,,0,0,,,
sampaguita,,,[网络] 桑帕吉塔；茉莉花；森巴吉塔,,,,,0,0,,,
sampaio,,,[网络] 桑帕约；森派奥；桑派欧,,,,,0,0,s:sampaios,,
sampaios,,,[网络] 桑帕约；森派奥；桑派欧\n(sampaio 的复数),,,,,0,0,0:sampaio/1:s,,
sampalis,,,[网络] 桑普拉斯,,,,,0,0,,,
Sampaloc,,,[地名] 桑帕洛克 ( 菲 ),,,,,0,0,,,
Sampaloc Pt.,,,[地名] 桑帕洛克角 ( 菲 ),,,,,0,0,,,
sampan,'sæmpæn,n. an Asian skiff usually propelled by two oars,n. 舢板,n:100,,,,0,37787,s:sampans,,
sampan signalling light,,,舢板信号灯,,,,,0,0,,,
Sampang,,,[地名] 三邦 ( 印尼 ),,,,,0,0,,,
sampans,'sæmpæn,n. an Asian skiff usually propelled by two oars,n. 舢板；小船,,,,,0,0,0:sampan/1:s,,
sampas,,,[网络] 桑帕斯,,,,,0,0,,,
sampat,,,[网络] 三八,,,,,0,0,,,
sampath,,,[网络] 萨姆帕斯；斯农村地区的桑巴德,,,,,0,0,,,
sampatrilat,,,山帕曲拉,,,,,0,0,,,
Sampdoria,,,桑普多利亚（意大利职业足球队）,,,,,29784,0,,,
SAMPE,,,abbr. Science of Advanced Materials and Process Engineering 高级材料与加工工程科学,,,,,0,0,,,
sampe system miniaturization,,,样系统小型化,,,,,0,0,,,
sampechamber,,,样品测量仪,,,,,0,0,,,
sampedro,,,[网络] 尚伯罗,,,,,0,0,,,
sampen,,,[船] 舢板,,,,,0,0,,,
samper,,, [人名] [英格兰人姓氏] 桑珀住所名称，由当地教堂奉献给St Peter而得名; [地名] [西班牙] 桑佩尔,,,,,0,0,,,
"Samper, Pta.",,,[地名] 桑佩尔角 ( 厄 ),,,,,0,0,,,
sampermicropipet,,,取样用微量吸管,,,,,0,0,,,
sampey,,,[网络] 桑皮,,,,,0,0,,,
Sampeyre,,,[地名] 桑佩雷 ( 意 ),,,,,0,0,,,
samphan,,,[网络] 苏丹,,,,,0,0,s:samphans,,
samphans,,,[网络] 苏丹\n(samphan 的复数),,,,,0,0,0:samphan/1:s,,
Samphanthawong,,,[地名] 三潘他翁 ( 泰 ),,,,,0,0,,,
samphire,'sæmfaiә,n fleshy maritime plant having fleshy stems with rudimentary scalelike leaves and small spikes of minute flowers; formerly used in making glass,n. 一种伞形科植物,,,,,0,0,s:samphires,,
Samphire Cay,,,[地名] 桑菲尔岛 ( 巴哈 ),,,,,0,0,,,
samphires,,,n. (欧洲海滨的)一种伞形科植物；欧洲海蓬子\n[网络] 海篷子；圣彼得草,,,,,0,0,0:samphire/1:s,,
sampho,,,散波鼓,,,,,0,0,,,
sampi,,,[网络] 桑皮,,,,,0,0,,,
Sampieri,,,[地名] 桑皮耶里 ( 意 ),,,,,0,0,,,
sampies,,,[网络] 皮带,,,,,0,0,,,
Sampigny,,,[地名] 桑皮尼 ( 法 ),,,,,0,0,,,
sampingerror,,,取样误差,,,,,0,0,,,
sampinginspection,,,取样检查,,,,,0,0,,,
sampirtine,,,山吡汀,,,,,0,0,,,
sampis,,,[网络] 桑皮斯,,,,,0,0,,,
Sampit,,,[地名] 桑皮特 ( 印尼 ),,,,,0,0,,,
"Sampit, Sungai",,,[地名] 桑皮特河 ( 印尼 ),,,,,0,0,,,
"Sampit, Tk.",,,[地名] 桑皮特湾 ( 印尼 ),,,,,0,0,,,
samplable,,,[网络] 可抽取,,,,,0,0,,,
sampladelia,,,[网络] 采样,,,,,0,0,,,
sampladelic,,,[网络] 取样,,,,,0,0,,,
samplar,,,[网络] 样品,,,,,0,0,,,
sample,'sæmpl,n. a small part of something intended as representative of the whole\nn. all or part of a natural object that is collected and preserved as an example of its class\nv. take a sample of,"n. 样品, 范例, 样本\nvt. 抽样, 尝试\n[计] 示例, 字样",v:12/n:88,3,1,cet4 cet6 ky toefl ielts,1349,1311,s:samples/d:sampled/i:sampling/p:sampled/3:samples,,
sample activity,,,试件放射性,,,,,0,0,,,
sample addition method,,,样品添加法,,,,,0,0,,,
sample analog data,,,un. 抽样模拟数据,,,,,0,0,,,
sample analysis,,,品分析,,,,,0,0,,,
sample analyzer,,,[化] 试样分析器,,,,,0,0,,,
sample and hold,,,样本及保存,,,,,0,0,,,
sample and hold amplifier,,,抽样保持放大器,,,,,0,0,,,
sample and hold bridge,,,抽样保持桥路,,,,,0,0,,,
sample and hold circuit,,,取样维持电路,,,,,0,0,,,
sample and hold device,,,"抽样保持装置，取样保持装置，取样保值装器, 抽样保持装置；取样保持装置；取样保值装器",,,,,0,0,,,
sample and hold unit,,,采样-保持单元,,,,,0,0,,,
sample application,,,点样,,,,,0,0,,,
sample applicator,,,点样器,,,,,0,0,,,
sample approch,,,抽样取向,,,,,0,0,,,
sample area,,,样地面积;标准地,,,,,0,0,,,
sample arithmetic mean,,,样本算术均数,,,,,0,0,,,
sample aspect ratio,,,样本长宽比,,,,,0,0,,,
sample autocorrelation,,,[数] 样本自相关,,,,,0,0,,,
sample autocorrelation function,,,样本自相关函数,,,,,0,0,,,
sample autocorrelation function (sacf),,,样本自我相关函数,,,,,0,0,,,
sample autocorrelation matrix,,,[数] 样本自相关矩阵,,,,,0,0,,,
sample autocorrelations,,,样本自我相关,,,,,0,0,,,
sample average,,,[计] 样本均值,,,,,0,0,,,
sample average standard error,,,样本平均数的标准误差,,,,,0,0,,,
sample averaging,,,取样平均,,,,,0,0,,,
sample bag,,,样品袋,,,,,0,0,,,
sample barrel,,,取样筒,,,,,0,0,,,
sample batch,,,样本批,,,,,0,0,,,
sample battle,,,[化工] 样品瓶,,,,,0,0,,,
sample beam,ˈsɑ:mpl bi:m,, [医]试样束,,,,,0,0,,,
sample bias,,,样本偏误,,,,,0,0,,,
sample blanket,,,包袱样,,,,,0,0,,,
sample block,ˈsɑ:mpl blɔk,, [医]试样区组,,,,,0,0,,,
sample board,,,样板,,,,,0,0,,,
sample boat,,,试样舟；试样皿,,,,,0,0,,,
sample book,,,[经] 样本簿,,,,,0,0,,,
sample boring,,,取样钻探,,,,,0,0,,,
sample bottle,,,[医] 样品瓶,,,,,0,0,,,
sample box,,,un. 样品箱\n[网络] 样品盒；精密元件盒,,,,,0,0,,,
sample brick,,,样品砖,,,,,0,0,,,
sample bucket,,,取样桶,,,,,0,0,,,
sample bulb,,,"取样瓶,样品瓶",,,,,0,0,,,
sample by sample estimation,,,un. 连续抽样估计,,,,,0,0,,,
sample calculation,,,un. 取样计算\n[网络] 样品计算,,,,,0,0,,,
sample can,,,采样[样品]罐,,,,,0,0,,,
sample canonical correlation coefficient,,,样本标准相关系数,,,,,0,0,,,
sample capacity,,,[化] 样本量; 样本容量,,,,,0,0,,,
sample car,,,陈列车,,,,,0,0,,,
sample card,,,[经] 样品(卡),,,,,0,0,,,
sample card Bristol,,,样本卡纸,,,,,0,0,,,
sample carrier,,,试样容器,,,,,0,0,,,
sample case,,,[经] 货样箱,,,,,0,0,,,
sample casting,,,un. 试样铸件,,,,,0,0,,,
sample cell,,,[化] 吸收杯; 样品杯; 吸收池; 样品池,,,,,0,0,,,
sample census,,,样本普查,,,,,0,0,,,
sample central moment,,,样本中心矩,,,,,0,0,,,
sample central moments,,,样本中心矩,,,,,0,0,,,
sample certainty,,,抽样确定性,,,,,0,0,,,
sample chamber,,,品室,,,,,0,0,,,
sample change compaction,,,标样变更(法)压缩,,,,,0,0,,,
sample changer,,,样品转换器,,,,,0,0,,,
sample changing mechanism,,,品[自动]更换器,,,,,0,0,,,
sample channel,,,取样沟,,,,,0,0,,,
sample channels ratio,,,样品道比,,,,,0,0,,,
sample characteristic,,,样本特[本]征值,,,,,0,0,,,
sample characteristic function,,,[数] 样本特征函数,,,,,0,0,,,
sample characteristic value,,,"样本特征值,样本本征值",,,,,0,0,,,
sample characteristics,,,样本特征值,,,,,0,0,,,
sample charge,ˈsɑ:mpl tʃɑ:dʒ,, [法]样品费,,,,,0,0,,,
sample chart,,,[计] 图表示例,,,,,0,0,,,
sample check,,,[网络] 抽样检查；视察取样,,,,,0,0,,,
sample circuit,,,取样电路;幅度-脉冲变换电路,,,,,0,0,,,
sample clean-up,,,[网络] 净化,,,,,0,0,,,
sample cluster,,,[统计] 样本群,,,,,0,0,,,
sample code,,,样本码,,,,,0,0,,,
sample coefficient,,,样本系数,,,,,0,0,,,
sample coefficient of determination,,,样本判定系数,,,,,0,0,,,
sample coefficient of multiple correlation,,,样本多元相关系数,,,,,0,0,,,
sample coefficient of multiple determination,,,样本多元判定系数,,,,,0,0,,,
sample coefficient of variation,,,样本变异系数,,,,,0,0,,,
sample collecting tube,,,集样品的管子，联样管,,,,,0,0,,,
sample collection,,,"(1)採样﹐取样 (2)收藏的样品, 试样收集",,,,,0,0,,,
sample collection tube,,,样品收集管,,,,,0,0,,,
sample collector,,,取样器;试样收集器,,,,,0,0,,,
sample command file,,,抽样命令档案,,,,,0,0,,,
sample complexity,,,[网络] 样本复杂度,,,,,0,0,,,
sample concentration,,,[化] 试样浓缩,,,,,0,0,,,
sample concentrator,,,试样浓缩器,,,,,0,0,,,
sample condensation,,,试样冷凝,,,,,0,0,,,
sample conditioning,,,"样本调制；样品预加工, 样品调节",,,,,0,0,,,
sample conditioning equipment,,,样调节装置,,,,,0,0,,,
sample configuration,,,[计] 样本配置,,,,,0,0,,,
sample connection,,,[化] 取样口,,,,,0,0,,,
sample container,,,试样容器,,,,,0,0,,,
sample contamination,,,试样污染,,,,,0,0,,,
sample content,,,样本含量,,,,,0,0,,,
sample continuity,,,样本连续,,,,,0,0,,,
sample contract,,,样品契约,,,,,0,0,,,
sample controller,,,[计] 采样控制器,,,,,0,0,,,
sample convolution theorm,,,[数] 样本卷积定理,,,,,0,0,,,
sample copy,,,样书,,,,,0,0,,,
sample correlation coefficient,,,[计] 样本相关系数,,,,,0,0,,,
sample correlation matrix,,,样本相关矩阵;样本相关阵,,,,,0,0,,,
sample counter,,,试样计数器,,,,,0,0,,,
sample coupon,,,反应堆材料]试样件，试样块,,,,,0,0,,,
sample covariance,,,样本协方差,,,,,0,0,,,
sample covariance coefficient,,,样本协方差系数,,,,,0,0,,,
sample covariance function,,,样本协方差函数,,,,,0,0,,,
sample covariance matrix,,,样本协方差矩阵,,,,,0,0,,,
sample cross moments,,,样本的交叉动产,,,,,0,0,,,
sample crusher,,,试样压碎机,,,,,0,0,,,
sample cumulant,,,样本累积值,,,,,0,0,,,
sample cup,,,取样量杯,,,,,0,0,,,
sample current polarography,,,採电流极谱法,,,,,0,0,,,
sample current voltammetry,,,採电流伏安法,,,,,0,0,,,
sample cutter,ˈsɑ:mpl ˈkʌtə,, 取样爪；试样切断机,,,,,0,0,,,
sample data,,,抽样资料,,,,,0,0,,,
sample data computer,,,un. 抽样数据计算机,,,,,0,0,,,
sample data control,,,试样数据控制,,,,,0,0,,,
sample data control system,,,un. 抽样数据控制系统\n[网络] 取样数据控制系统,,,,,0,0,,,
sample data system,,,[自 统计] 采样数据系统,,,,,0,0,,,
sample decile,,,样本十分位数,,,,,0,0,,,
sample deciles,,,样本十分位数,,,,,0,0,,,
sample defective,,,样本不良品,,,,,0,0,,,
sample definition,,,样本定义,,,,,0,0,,,
sample degradation,,,试样降解,,,,,0,0,,,
sample delay,,,样延迟,,,,,0,0,,,
sample delivery point,,,样品送达点,,,,,0,0,,,
sample density,,,取样密度,,,,,0,0,,,
sample design,,,[化] 样品设计,,,,,0,0,,,
sample details,,,样品细节,,,,,0,0,,,
sample deviation,,,[化] 样本偏差,,,,,0,0,,,
sample device,,,[网络] 取样器,,,,,0,0,,,
sample devices,,,采样设备\n抽样装置,,,,,0,0,,,
sample digestion,,,样品分解,,,,,0,0,,,
sample dilution method,,,汁液样品稀释法,,,,,0,0,,,
sample discharge arrangement,,,[网络] 样水排放装置,,,,,0,0,,,
sample discount,,,[经] 样品折扣,,,,,0,0,,,
sample dispersion,,,样本离差,,,,,0,0,,,
sample disposal system,,,样品弃置系统,,,,,0,0,,,
sample distribution,,,"[计] 样本分布, 抽样分布\n[经] 抽样分布",,,,,0,0,s:sample distributions,,
sample distribution function,,,样本分布函数,,,,,0,0,,,
sample distribution of mean,,,样本均值分布,,,,,0,0,,,
sample distributions,,,[数] 样本分布，抽样分布；采样分布,,,,,0,0,0:sample distribution/1:s,,
sample divider,,,"样品(定时)收集器,分样器",,,,,0,0,,,
sample divider pass,,,试样缩分,,,,,0,0,,,
sample division,,,分样,,,,,0,0,,,
sample dot,,,"取样点,取样口",,,,,0,0,,,
sample drawing,,,[化] 样品图,,,,,0,0,,,
sample drawn,,,样,,,,,0,0,,,
sample drawn by owner,,,[经] 由货主自抽货样,,,,,0,0,,,
sample drilling,,,取样钻进,,,,,0,0,,,
sample edge,,,取样边,,,,,0,0,,,
sample error,,,样本误差,,,,,0,0,,,
sample estimate,,,样本估计量,,,,,0,0,,,
sample estimates,,,[经] 估计样本,,,,,0,0,,,
sample estimation,,,[数] 样本估计,,,,,0,0,,,
sample estimator,,,样本估计式,,,,,0,0,,,
sample evaporation,,,试样汽化[蒸发],,,,,0,0,,,
sample evaporation chamber,,,试样汽化室,,,,,0,0,,,
sample evaporator,,,试样汽化器,,,,,0,0,,,
sample expense,,,样品费用,,,,,0,0,,,
sample explosive substance,,,样品爆炸物质,,,,,0,0,,,
sample export,,,[经] 样品输出,,,,,0,0,,,
sample extreme,,,[数] 样本极值,,,,,0,0,,,
sample fair,,,样品交易会，样品展销会,,,,,0,0,,,
sample fair ship,,,[网络] 展览船,,,,,0,0,,,
sample feed pump,,,样品供给泵,,,,,0,0,,,
sample flask,,,样品瓶(装分析样品用),,,,,0,0,,,
sample flip-flop,,,[计] 抽样触发器,,,,,0,0,,,
sample flipflop,,,抽样正反器,,,,,0,0,,,
sample fluctuation,,,样本波动,,,,,0,0,,,
sample flush vaporizer,,,试样沖汽化器,,,,,0,0,,,
sample for chemical analysis,,,[分化] 化学分析样品,,,,,0,0,,,
sample for commercial coal,,,商品煤样,,,,,0,0,,,
sample for infrared absorption,,,红外线吸收用试样,,,,,0,0,,,
sample for reference,,,参考样式,,,,,0,0,,,
sample fractile,,,样本分位数,,,,,0,0,,,
sample fractiles,,,样本分位;样本分位数,,,,,0,0,,,
sample fraction defective,,,un. 样本不良率,,,,,0,0,,,
sample frame,,,样本结构,,,,,0,0,,,
sample frequency,,,採样频率，取样频率,,,,,0,0,,,
sample function,,,样本函数,,,,,0,0,,,
sample functions,,,[网络] 样品功能,,,,,0,0,,,
sample gas,,,样气,,,,,0,0,,,
sample gasification,,,试样气化,,,,,0,0,,,
sample gear,,,抽样齿轮,,,,,0,0,,,
sample generalized variance,,,样本广义方差,,,,,0,0,,,
sample generator,,,[计] 样本产生符,,,,,0,0,,,
sample grabber,,,[地质] 岩心提取器,,,,,0,0,,,
Sample Grade,,,[网络] 样品等级；样本等级；标称等级,,,,,0,0,,,
sample grid reference,,,方格指示例,,,,,0,0,,,
sample grinder,,,样品磨研机,,,,,0,0,,,
sample hand,,,样品师,,,,,0,0,,,
sample hand reducing,,,[矿业] 试样手工缩分,,,,,0,0,,,
sample handling system,,,样品处理系统,,,,,0,0,,,
sample heat exchanger,,,品热交换器，样品冷却器,,,,,0,0,,,
sample heater,,,样品加热器,,,,,0,0,,,
sample heterogeneity,,,样本异质性,,,,,0,0,,,
sample hold,,,"[计] 采样保持, 抽样保持",,,,,0,0,,,
sample hold circuit,,,[计] 抽样保持电路,,,,,0,0,,,
sample hold switch,,,[计] 抽样保持开关,,,,,0,0,,,
sample holder,ˈsɑ:mpl ˈhəuldə,, [医]试样架,,,,,0,0,,,
sample hole,,,试样孔,,,,,0,0,,,
sample horizon,,,取样层位,,,,,0,0,,,
sample house,,,取样站,,,,,0,0,,,
sample household budgets,,,样本住户收支,,,,,0,0,,,
sample hunter,,,样品商人,,,,,0,0,,,
sample image,,,[网络] 样本图像；式样图,,,,,0,0,,,
sample importance function,,,样价值函数,,,,,0,0,,,
sample impression,,,试样压痕；试样凹度,,,,,0,0,,,
sample in count,,,un. 设备内有试样的测量,,,,,0,0,,,
sample in counting interval,,,un. 有试样时的计数时间\n[网络] 有试样时的计数时间间隔,,,,,0,0,,,
sample in measurement,,,有]样品测量,,,,,0,0,,,
sample information,,,样本信息,,,,,0,0,,,
sample injection,,,注射试样;进样,,,,,0,0,,,
sample injection port,,,试样注射口,,,,,0,0,,,
sample injector,,,[化] 进样器,,,,,0,0,,,
sample inlet system,,,试样入口系统,,,,,0,0,,,
sample input,,,[计] 抽样输入,,,,,0,0,,,
sample inquiry,,,样本调查,,,,,0,0,,,
sample inspection,,,试件检验,,,,,0,0,,,
sample inspection table,,,[数] 抽样检查表,,,,,0,0,,,
sample integrity,,,样品完整性,,,,,0,0,,,
sample intelligence,,,信息取样,,,,,0,0,,,
sample interactive task,,,[计] 抽样交互式任务,,,,,0,0,,,
sample interval,,,采样间隔;取样间隔;取样时间间隔,,,,,0,0,,,
sample interview,ˈsɑ:mpl ˈintəvju:,, 样本访问,,,,,0,0,,,
sample introduction,,,进样,,,,,0,0,,,
sample introduction system,,,[网络] 进样系统；样品导入系统；样品引入系统,,,,,0,0,,,
sample introduction under pressure,,,压力下进样,,,,,0,0,,,
sample invoice,,,[经] 样品发票,,,,,0,0,,,
sample irradiation hole,,,品照射孔,,,,,0,0,,,
sample issue,,,[图情] （期刊）样本,,,,,0,0,,,
sample jar,,,取样瓶,,,,,0,0,,,
sample job stream,,,[计] 样本作业流,,,,,0,0,,,
sample layout,,,採样布局,,,,,0,0,,,
sample length,,,[计] 样本长度,,,,,0,0,,,
sample level of significance,,,样本显著性水平,,,,,0,0,,,
sample light beam,,,试样光束,,,,,0,0,,,
sample likelihood function,,,样本似然函数,,,,,0,0,,,
sample line,,,样管线,,,,,0,0,,,
sample linker directive,,,[计] 样本连接（程序）指令,,,,,0,0,,,
sample list,,,样本名册,,,,,0,0,,,
sample load,,,试样载荷,,,,,0,0,,,
sample location,,,试样位置,,,,,0,0,,,
sample log,,,钻井取样记录,,,,,0,0,,,
sample loom,,,织样机,,,,,0,0,,,
sample loop,,,进样环路,,,,,0,0,,,
sample loss,,,试样损耗,,,,,0,0,,,
sample machine,,,样机,,,,,0,0,,,
sample making machine,,,打样机,,,,,0,0,,,
sample mark,,,样品标号,,,,,0,0,,,
sample marker,,,样品师,,,,,0,0,,,
sample market,,,[网络] 样品市场,,,,,0,0,,,
sample markets,,,[网络] 样品市场,,,,,0,0,,,
sample marking,,,试样标记,,,,,0,0,,,
sample mass,,,[网络] 试样质量,,,,,0,0,,,
sample material,,,[材] 试样材料,,,,,0,0,,,
sample mean,,,[计] 样本平均值\n[化] 样本均值; 样本平均值,,,,,0,0,,,
sample mean deviation,,,样本平均离差,,,,,0,0,,,
sample mean estimator,,,样本平均估计器,,,,,0,0,,,
sample mean square contingency,,,样本均方列联,,,,,0,0,,,
sample mean square deviation,,,样本平均差方,,,,,0,0,,,
sample mean-square contingency,,,样本均方或然性;样本均方列联,,,,,0,0,,,
sample mechanism,,,[计] 抽样机构,,,,,0,0,,,
sample median,,,"抽样中位数,样本中位数",,,,,0,0,,,
sample merchant,,,[经] 样品商人,,,,,0,0,,,
sample method,,,[经] 抽样方法,,,,,0,0,,,
sample mode,,,样本众数,,,,,0,0,,,
sample mold,,,"试样模,样品模",,,,,0,0,,,
sample moment,,,样本矩,,,,,0,0,,,
sample moment of order k,,,样本k阶矩,,,,,0,0,,,
sample moment of order R,,,[网络] 样本R阶矩,,,,,0,0,,,
sample moments,,,样本矩,,,,,0,0,,,
sample monitoring,,,样本监督,,,,,0,0,,,
sample multiple correlation coefficient,,,样本多重相关系数,,,,,0,0,,,
sample name,,,[网络] 样品名称；检品名称；标本中文名,,,,,0,0,,,
sample nozzle,,,[化] 取样喷嘴,,,,,0,0,,,
sample number,,,[计] 样本数,,,,,0,0,,,
sample observations,,,样本观测值,,,,,0,0,,,
sample of colour,,,颜色样品,,,,,0,0,,,
sample of existing goods,,,现货样品,,,,,0,0,,,
sample of no value,,,n. 免费货样,,,,,0,0,,,
sample of oil,,,[网络] 油样,,,,,0,0,,,
sample of signal,,,信号取样,,,,,0,0,,,
sample offer,,,附样发盘,,,,,0,0,,,
sample on-line pretreatment,,,试样在线预处理,,,,,0,0,,,
sample operating system,,,样本操作系统,,,,,0,0,,,
sample order,,,[经] 照样品定货,,,,,0,0,,,
sample out count,,,un. 设备内无试样的测量\n[网络] 本底测量；本底计数,,,,,0,0,,,
sample output,,,[计] 抽样输出,,,,,0,0,,,
sample pages,,,样页(目录或推广品中附有原书若干样页),,,,,0,0,,,
sample panel,,,样本面板,,,,,0,0,,,
sample partial correlation coefficient,,,样本偏相关系数,,,,,0,0,,,
sample passer,,,产品检验者,,,,,0,0,,,
sample passers,,,样品检查员,,,,,0,0,,,
sample path,,,"试样路径,样品道路",,,,,0,0,,,
sample path length,,,[化] 溶液厚度,,,,,0,0,,,
sample percentage,,,样本百分比,,,,,0,0,,,
sample percentile,,,样本百分位数,,,,,0,0,,,
sample percentiles,,,样本百分位数,,,,,0,0,,,
sample period,,,採样週期，取样週期,,,,,0,0,,,
sample piece,,,样件[品],,,,,0,0,,,
sample pit,,,[地质 矿业] 探井,,,,,0,0,,,
sample plan,,,样本方案,,,,,0,0,,,
sample plate,,,样板,,,,,0,0,,,
sample plot,,,"样地,实验地",,,,,0,0,,,
sample plot method,,,样地法,,,,,0,0,,,
sample point,,,"[计] 样本点, 抽样点\n[化] 取样口",,,,,0,0,,,
sample points,,,un. 样本点\n[网络] 取样点,,,,,0,0,,,
sample polishing machine,,,试样抛光机,,,,,0,0,,,
sample port,,,"取样口, 试样孔道",,,,,0,0,,,
sample post,,,[经] 样品邮寄,,,,,0,0,,,
sample power,,,取样本领,,,,,0,0,,,
sample preparation,,,样品制备,,,,,0,0,,,
sample preparation by evaporation,,,蒸发法配制试样,,,,,0,0,,,
sample preparation by filtration,,,过泸法配制试样,,,,,0,0,,,
sample preparation by recoil,,,回跳法配制试样,,,,,0,0,,,
sample preparation by sedimentation,,,沉积法配制试样,,,,,0,0,,,
sample preparation for beta counting,,,贝他计数配制试样,,,,,0,0,,,
sample preparation for spectrometry,,,配制试样作能谱测定,,,,,0,0,,,
sample preparation system,,,样品制备系统,,,,,0,0,,,
sample presentation,,,送样,,,,,0,0,,,
sample pretreatment,,,试样预处理,,,,,0,0,,,
sample print,,,样本拷贝,,,,,0,0,,,
sample probability,,,[数] 样本概率,,,,,0,0,,,
sample probability measure space,,,样本概率测度空间,,,,,0,0,,,
sample probability space,,,[数] 样本概率空间,,,,,0,0,,,
sample probe,,,试样探针,,,,,0,0,,,
sample problem,,, [数] 样本问题,,,,,0,0,,,
sample process,,,[数] 抽样过程,,,,,0,0,,,
sample processing,ˈsɑ:mpl prəʊˈsesɪŋ,, 试样处理,,,,,0,0,,,
sample product moment,,,样本乘积动差,,,,,0,0,,,
sample product sum,,,样本乘积和,,,,,0,0,,,
sample production,,,样本生产,,,,,0,0,,,
sample program,,,[计] 抽样程序\n[经] 抽样程序,,,,,0,0,,,
sample program listing sequence,,,抽样程式列表序列,,,,,0,0,,,
sample project,,,样板工程,,,,,0,0,,,
sample proportion,,,样本比例,,,,,0,0,,,
sample proportion of successes,,,样本成功比例,,,,,0,0,,,
sample protocol,,,[计] 抽样协议,,,,,0,0,,,
sample pulse,,,[计] 选通脉冲,,,,,0,0,,,
sample pulse phase,,,取样脉冲相位,,,,,0,0,,,
sample purity,,,试样纯度,,,,,0,0,,,
sample quantile,,,样本分位数,,,,,0,0,,,
sample quartering,,,四分缩样法,,,,,0,0,,,
sample quartile,,,样本四分位数,,,,,0,0,,,
sample quartiles,,,样本四分位数,,,,,0,0,,,
sample query procedure,,,[计] 抽样询问过程,,,,,0,0,,,
sample range,,,[计] 样本范围,,,,,0,0,,,
sample rate,,,[计] 抽样率,,,,,0,0,,,
sample ratio,,,样本比,,,,,0,0,,,
sample receiver,,,取样接收器,,,,,0,0,,,
sample recovery,,,试样回收,,,,,0,0,,,
sample reduction,,,样品减缩,,,,,0,0,,,
sample reduction and division,,,试样缩分,,,,,0,0,,,
sample region,ˈsɑ:mpl ˈri:dʒən,, 样区,,,,,0,0,,,
sample regression,,,样品回归,,,,,0,0,,,
sample regression coefficient,,,[数] 样本回归系数,,,,,0,0,,,
sample regression function,,,样本回归函数,,,,,0,0,,,
sample regression line,,,样本回归线,,,,,0,0,,,
sample residual dispersion,,,[数] 样本剩余离差,,,,,0,0,,,
sample resistance,,,取样电阻,,,,,0,0,,,
sample riffler,,,[矿业] 试样缩分器,,,,,0,0,,,
sample rock container,,,月球岩样贮存箱,,,,,0,0,,,
sample room,,,"[经] 货样室, 样品间, 样品陈列室",,,,,0,0,,,
sample rotation rate,,,样品旋转速率,,,,,0,0,,,
sample sale,ˈsɑ:mpl seil,,n. 特卖：一种零售方式，主要是为了清理一些过季的样品，而降价销售。,,,,,0,0,,,
sample saturation,,,样本饱和,,,,,0,0,,,
sample scope,,,取样示波器,,,,,0,0,,,
sample search,,,[图情] 抽样检索,,,,,0,0,,,
sample selection,,,选样,,,,,0,0,,,
Sample Selection Bias,,,样本选择偏差,,,,,0,0,,,
sample selection model,,,样本选择模型,,,,,0,0,,,
sample selection rule,,,样本抽选规则,,,,,0,0,,,
sample selectivity bias,,,选择性偏误,,,,,0,0,,,
sample session,,,[计] 抽样对话,,,,,0,0,,,
sample session editing,,,[计] 抽样对话编辑,,,,,0,0,,,
sample set,,,[计] 样本集,,,,,0,0,,,
sample sheet,,,纸样,,,,,0,0,,,
sample ship,,,[网络] 试样船,,,,,0,0,,,
sample shipment,,,[经] 试销,,,,,0,0,,,
sample sifter,,,样品筛,,,,,0,0,,,
sample signal,,,抽样信号,,,,,0,0,,,
sample significance level,,,样本显著性水平,,,,,0,0,,,
sample sink,,,品槽,,,,,0,0,,,
sample size,,,"[化] 样本量; 样本容量\n[经] 样品数量, 样本规模",,,,,0,0,,,
sample size code letter,,,样本量字码,,,,,0,0,,,
sample size in decision broblem,,,决策问题中的样本容量,,,,,0,0,,,
sample size letter,,,试样尺寸码,,,,,0,0,,,
sample size loss,,,试样量损耗,,,,,0,0,,,
sample size requirement,,,样本数需求,,,,,0,0,,,
sample size requirements,,,样本容量要求,,,,,0,0,,,
sample skein,,,样本纱绞,,,,,0,0,,,
sample skein winder,,,缕纱测长机,,,,,0,0,,,
sample skewness coefficient,,,样本偏斜系数,,,,,0,0,,,
sample smear,,,试样涂污,,,,,0,0,,,
sample solution,,,试料溶液,,,,,0,0,,,
sample source,,,[网络] 样品来源；产品来源；样品来源或产地,,,,,0,0,,,
sample space,ˈsɑ:mpl speis,, 采样[样本]空间,,,,,0,0,,,
sample spaces,,,[网络] 样品空间,,,,,0,0,,,
sample spectral function,,,样本谱函数,,,,,0,0,,,
sample spectrum,,,"样本谱, 样本频谱",,,,,0,0,,,
sample spinner,,,取样旋转器,,,,,0,0,,,
sample spliter,,,分样器,,,,,0,0,,,
sample splitter,,,试样劈裂器,,,,,0,0,,,
sample splitting,,,样品分割；样品分流,,,,,0,0,,,
sample spoon,,,取样勺,,,,,0,0,,,
sample spot,,,试样斑,,,,,0,0,,,
sample spotter,,,点样器,,,,,0,0,,,
sample standard deviation,,,样本标准差;样本标准偏差;样品标准偏差,,,,,0,0,,,
sample statistic,,,样本统计量,,,,,0,0,,,
sample statistics,ˈsɑ:mpl stəˈtistiks,, 样品特盏,,,,,0,0,,,
sample storage,,,[网络] 样品储存；样品储存室；样本储存管理,,,,,0,0,,,
sample streaker,,,试样划痕器,,,,,0,0,,,
sample strength,,,样品强度,,,,,0,0,,,
sample strip,,,样带;采样带,,,,,0,0,,,
sample structure,,,试样结构,,,,,0,0,,,
sample subtraction method,,,试样减量法,,,,,0,0,,,
sample sum,,,样本和,,,,,0,0,,,
sample surface,,,[网络] 表面抛光；试件表面；取样曲面,,,,,0,0,,,
sample survey,,,[化] 抽样检查; 抽样检验\n[经] 抽样检验,,,,,0,0,,,
sample survey design,,,抽样调查设计,,,,,0,0,,,
sample survival function,,,样本存活函数,,,,,0,0,,,
sample swatch,,,样本小包,,,,,0,0,,,
sample switching,,,试样转换,,,,,0,0,,,
sample system,,,样品系统,,,,,0,0,,,
sample system minaturization,,,取样系统小型化,,,,,0,0,,,
sample system miniaturization,,,取样系统小型化,,,,,0,0,,,
sample take-off,,,样品输出口,,,,,0,0,,,
sample taken at random,,,任选样品,,,,,0,0,,,
sample taker,,,样器，采样器,,,,,0,0,,,
sample taking of aggregates,,,骨料取样,,,,,0,0,,,
sample tap,,,样口,,,,,0,0,,,
sample technique,,,抽样技术,,,,,0,0,,,
sample techniques,,,un. 抽样技术,,,,,0,0,,,
sample temperature,,,样品温度,,,,,0,0,,,
sample test,,,抽样试验,,,,,0,0,,,
sample testing,,,[网络] 样品测试；抽样测试；样品试验,,,,,0,0,,,
sample tests,,,抽样试验\n试样试验,,,,,0,0,,,
sample text,,,[网络] 示例文本；示范文本；外贸包装英语,,,,,0,0,,,
sample thief,,,样器，采样器,,,,,0,0,,,
sample throughput,,,试样处理量,,,,,0,0,,,
sample time,,,[计] 抽样时间,,,,,0,0,,,
sample time aperture,,,抽样时间截口,,,,,0,0,,,
sample time point,,,样本时点,,,,,0,0,,,
sample time series,,,採样时间序列,,,,,0,0,,,
sample to background activity ratio,,,品-本底活性比，样品-本底[放射性]活度比,,,,,0,0,,,
sample total,,,样本总值,,,,,0,0,,,
sample traffic survey,,,抽样交通量调查,,,,,0,0,,,
sample train,,,取样系[列],,,,,0,0,,,
sample transfer operation,,,试样转移操作,,,,,0,0,,,
sample translator,,,样品平移装置,,,,,0,0,,,
sample tray,,,试样盘,,,,,0,0,,,
sample treatment,,,样品处理,,,,,0,0,,,
sample tree,,,[计] 抽样树,,,,,0,0,,,
sample tree age,,,[木] 标准木龄,,,,,0,0,,,
sample trial,,,样品试验,,,,,0,0,,,
sample tube,,,导管样件,,,,,0,0,,,
sample uncertainty,,,抽样不定性,,,,,0,0,,,
sample unit,,,"[计] 采样部件, 采样元件",,,,,0,0,,,
sample value,,,[化] 样本值,,,,,0,0,,,
sample value of random process,,,随机过程的样本值,,,,,0,0,,,
sample valve,,,"进样阀,取样阀",,,,,0,0,,,
sample valve septum,,,进样阀隔片,,,,,0,0,,,
sample variability,,,样本变异性,,,,,0,0,,,
sample variable,,,[数] 样本变元,,,,,0,0,,,
sample variance,,,[化] 样本方差,,,,,0,0,,,
sample variance matrix,,,样本方差矩阵,,,,,0,0,,,
sample variance-covariance matrix,,,样本方差协方差矩阵,,,,,0,0,,,
sample variation,,,样本变差,,,,,0,0,,,
sample vial,,,试样瓶,,,,,0,0,,,
sample video,,,视频信号取样,,,,,0,0,,,
sample wafer,,,[计] 样片,,,,,0,0,,,
sample water piping system,,,[网络] 样水管路系统,,,,,0,0,,,
sample weld,,,un. 试样焊缝\n[网络] 试验焊缝,,,,,0,0,,,
sample workpiece,,,"样件,样品",,,,,0,0,,,
sample yarn winder,,,摇样纱机,,,,,0,0,,,
sample-and-hold,,,[电] 取样保持电路,,,,,0,0,,,
sample-and-hold amplifier,,,取样与同步放大器,,,,,0,0,,,
sample-and-hold cell,,,[电子] 抽样保持单元,,,,,0,0,,,
sample-and-hold circuit,,,[计] 取样维持电路,,,,,0,0,,,
sample-and-hold circuits,,,取样保值电路,,,,,0,0,,,
sample-and-hold device,,,[电子] 取样保持部件,,,,,0,0,,,
sample-and-hold technique,,,[电子] 取样保持技术,,,,,0,0,,,
sample-and-hole technique,,,取样保持技术,,,,,0,0,,,
sample-based,,,[网络] 基于采样；样本基准；以样本为基础,,,,,0,0,s:sample-baseds,,
sample-baseds,,,[网络] 基于采样；样本基准；以样本为基础\n(sample-based 的复数),,,,,0,0,0:sample-based/1:s,,
sample-by-sample sum,,,样本循序和,,,,,0,0,,,
sample-card,,,n. 样品卡,,,,,0,0,,,
sample-changing mechanism,,,试样更换机构,,,,,0,0,,,
sample-clustering,,,[网络] 样本聚类,,,,,0,0,,,
sample-data control,,,採样资料控制,,,,,0,0,,,
sample-data system,,,採样资料系统,,,,,0,0,,,
sample-entry plug,,,试样入口塞,,,,,0,0,,,
sample-grabber,,,[化] 取样员,,,,,0,0,,,
sample-hold,,,取样保持,,,,,0,0,,,
sample-hold circuit,,,采样一保持电路,,,,,0,0,,,
sample-hold switch,,,抽样保持开关,,,,,0,0,,,
sample-in count,,,试样入计数,,,,,0,0,,,
sample-in counting interval,,,试样入计数时间,,,,,0,0,,,
sample-in measurement,,,试样入度量,,,,,0,0,,,
sample-interleaved,,,交插样本,,,,,0,0,,,
sample-jerker,,,[化] 取样员,,,,,0,0,,,
sample-out count,,,本底测量,,,,,0,0,,,
sample-plot survey,,,标准地调查,,,,,0,0,,,
sample-reset loop filter,,,抽样复位环路泸波器,,,,,0,0,,,
sample-return,,,[网络] 自动取样携回,,,,,0,0,,,
sample-size,,,un. 样本容量；样品含量；样本大小\n[网络] 样本量,,,,,0,0,,,
sample-specific,,,[网络] 样本特定性；样品特有的,,,,,0,0,,,
sample-to-background activity ratio,,,样品与背景活性比,,,,,0,0,,,
sample-tree age,,,标准木龄,,,,,0,0,,,
sample/hold circuits,,,抽样保持电路,,,,,0,0,,,
sample/holder,,,抽样/保持器,,,,,0,0,,,
sampleable,,,[网络] 可采样,,,,,0,0,,,
samplebottle,,,样品瓶,,,,,0,0,,,
samplebox,,,样本框,,,,,0,0,,,
samplechanger,,,标本转换器,,,,,0,0,,,
sampled,,v take a sample of,"a. 取样的, 抽样的",j:100,,,,43433,30060,0:sample/1:dp,,
sampled analog computer,,,[计] 抽样摸拟计算机,,,,,0,0,,,
sampled analog data,,,[计] 抽样数据控制系统,,,,,0,0,,,
sampled analogue data,,,时间量化连续信息,,,,,0,0,,,
sampled aperture,,,取样孔径,,,,,0,0,,,
sampled beam,,,"脉冲调制射束,抽样射束",,,,,0,0,,,
sampled colour sine-wave signal,,,[电子] 取样彩色正弦信号,,,,,0,0,,,
sampled correlation function,,,取样相关函数,,,,,0,0,,,
sampled data,,,"[计] 采样数据, 抽样数据",,,,,0,0,,,
sampled data analog computer,,,[计] 抽样数据模拟计算机,,,,,0,0,,,
sampled data computer,,,[计] 抽样数据计算机,,,,,0,0,,,
sampled data control,,,[计] 抽样数据控制,,,,,0,0,,,
sampled data control system,,,[计] 抽样数据控制系统\n[化] 采样控制系统,,,,,0,0,,,
sampled data feedback system,,,[自] 采样数据反馈系统,,,,,0,0,,,
sampled data filter,,,取样数据滤波器,,,,,0,0,,,
sampled data measurement,,,[计] 抽样数据量度,,,,,0,0,,,
sampled data measurements,,,样本数据量度,,,,,0,0,,,
sampled data mode,,,[计] 抽样数据方式,,,,,0,0,,,
sampled data signal,,,[计] 抽样数据信号,,,,,0,0,,,
sampled data simulator,,,[计] 抽样数据摸拟程序,,,,,0,0,,,
sampled data system,,,[计] 抽样数据系统,,,,,0,0,,,
sampled fiber bragg grating,,,抽样光纤布拉格光栅,,,,,0,0,,,
sampled grade,,,试样品位,,,,,0,0,,,
sampled grating dbr lasers,,,抽样光栅 分散式布拉格反射镜,,,,,0,0,,,
sampled image quality measure,,,抽样影像品质测量,,,,,0,0,,,
sampled input,,,[计] 样本值输入,,,,,0,0,,,
sampled offer,,,[经] 有样品的报价,,,,,0,0,,,
sampled optical fiber bragg gratings,,,抽样光纤布拉格光栅,,,,,0,0,,,
sampled phase-locked loop,,,取样锁相环,,,,,0,0,,,
sampled picture,,,样品图片,,,,,0,0,,,
sampled population,,,抽样总体,,,,,0,0,,,
sampled ramp signal,,,抽样斜坡信号,,,,,0,0,,,
sampled region,,,被抽中区域,,,,,0,0,,,
sampled signal,,,[计] 抽样信号,,,,,0,0,,,
sampled system,,,[自] 取样系统,,,,,0,0,,,
sampled threshold,,,"取样阈值,取样门限",,,,,0,0,,,
sampled value,,,抽样值,,,,,0,0,,,
sampled voltage analysis,,,取样电压分析,,,,,0,0,,,
sampled well,,,采样井,,,,,0,0,,,
sampled-current polarography,,,[化] 采流极谱法,,,,,0,0,,,
sampled-current voltammetry,,,[化] 采流伏安法,,,,,0,0,,,
sampled-data,,,"取样数据；抽样数据, 取样数据",,,,,0,0,,,
sampled-data analog circuits,,,抽样资料类比电路,,,,,0,0,,,
sampled-data analog computer,,,样数据模拟计算机,,,,,0,0,,,
sampled-data analog signal processing,,,抽样资料类比讯号处理,,,,,0,0,,,
sampled-data circuits,,,抽样资料电路,,,,,0,0,,,
sampled-data computer,,,样数据计算机，采样数据计算机,,,,,0,0,,,
sampled-data control,,,抽样数据控制,,,,,0,0,,,
sampled-data control system,,,取样数据控制系统;数据采样控制系统,,,,,0,0,,,
sampled-data measurement,,,样本数据量度,,,,,0,0,,,
sampled-data networks,,,抽样资料网路,,,,,0,0,,,
sampled-data signal,,,取样数据信号；抽样数据信号,,,,,0,0,,,
sampled-data system,,,数据取样系统;采样数据系统,,,,,0,0,,,
sampled-data systems,,,抽样资料系统,,,,,0,0,,,
sampled-data transducer,,,抽样数据转换器,,,,,0,0,,,
sampleddata,sɑːmp'ledeɪtə,,n.抽取数据,,,,,0,0,,,
sampledish,,,样品碟,,,,,0,0,,,
sampleharvester,,,标本采集器,,,,,0,0,,,
sampleite,'sɑ:mplәait,,氯磷钠铜矿,,,,,0,0,,,
sampleman,'sɑ:mplmәn,,"样品的制作者[分配者, 试验者]",,,,,0,0,,,
samplement insoection by attributes,,,[经] 属性抽样检查,,,,,0,0,,,
samplemill,,,样品磨,,,,,0,0,,,
sampler,'sæmplә,n. an assortment of various samples\nn. a piece of embroidery demonstrating skill with various stitches,"n. 样品检验员, 刺绣样品\n[化] 取样器; 进样器",n:100,1,,gre,21737,15720,s:samplers,,
sampler and coder,,,采[样]编[码]器,,,,,0,0,,,
sampler barrel,,,取样筒,,,,,0,0,,,
sampler bottom hole,,,井底取样器,,,,,0,0,,,
sampler side wall,,,井壁取样器,,,,,0,0,,,
sampler space,,,取样空间,,,,,0,0,,,
sampler switch,,,抽样器开关,,,,,0,0,,,
samplers,ˈsæmpləz,n. an observation station that is set up to make sample observations of something\nn. someone who samples food or drink for its quality\nn. an assortment of various samples,n. 刺绣样品( sampler的复数形式 ); 样板; 采样器; 样品检查员,,,,,0,0,0:sampler/1:s,,
samplery,,,[网络] 采样,,,,,0,0,,,
samples,,n a small part of something intended as representative of the whole\nn items selected at random from a population and used to test hypotheses about the population\nn all or part of a natural object that is collected and preserved as an example of its class\nv take a sample of,n. 样品；采样；例子（suffer的复数形式）,,,,,0,0,0:sample/1:s3,,
samples drawn,,,[化] 抽样\n[经] 抽得样品,,,,,0,0,,,
samples of goods,,,[经] 货样,,,,,0,0,,,
samples of many barn cleaner,,,各式畜舍清扫机样品,,,,,0,0,,,
samples per second,,,样／秒，每秒抽样数,,,,,0,0,,,
samplesort,,,抽样排序,,,,,0,0,,,
sampletie,,,氯磷钠铜矿,,,,,0,0,,,
sampley,,,[网络] 样品,,,,,0,0,,,
sampley-by-sample product,,,样本循序积,,,,,0,0,,,
sampling,'sɑ:mpliŋ,n. (statistics) the selection of a suitable sample for study\nn. measurement at regular intervals of the amplitude of a varying waveform (in order to convert it to digital form),[计] 抽样; 采样\n[化] 取样,n:100,,,,8222,6151,0:sample/1:i/s:samplings,,
sampling (survey) method,,,取样〔调查〕法,,,,,0,0,,,
sampling action,,,采样动作;采样作用;取样动作;脉冲作用,,,,,0,0,,,
sampling algorithm,,,"[计] 采样算法, 抽样算法",,,,,0,0,,,
sampling analog memory system,,,[计] 抽样模拟存储器系统,,,,,0,0,,,
sampling analysis,ˈsæmplɪŋ əˈnæləsis,, 抽样分析,,,,,0,0,,,
sampling analyzer panel,,,样分析仪表盘,,,,,0,0,,,
sampling and analysis program,,,取样分析程序,,,,,0,0,,,
sampling and analyzing unit,,,取样和分析单位,,,,,0,0,,,
sampling and decontamination rooms,,,样及去污室,,,,,0,0,,,
sampling and hold circuit,,,取样保持电路,,,,,0,0,,,
sampling and information,,,取样和信息,,,,,0,0,,,
sampling aperture,,,取样孔;抽样孔,,,,,0,0,,,
sampling apparatus,,,样装置，取样器，取样装置,,,,,0,0,,,
sampling apparatus scattering area,,,取样器具散射面积,,,,,0,0,,,
sampling area,,,样区,,,,,0,0,,,
sampling arrangement,,,[网络] 取样装置,,,,,0,0,,,
sampling at random,,,随机抽样,,,,,0,0,,,
sampling average distribution,,,un. 抽样平均分配,,,,,0,0,,,
sampling bag,,,样袋,,,,,0,0,,,
sampling basis,,,un. 抽样基础,,,,,0,0,,,
sampling bench,,,取样台,,,,,0,0,,,
sampling bias,,,抽样偏误,,,,,0,0,,,
sampling boat,,,取样舟;采样船,,,,,0,0,,,
sampling bottle,,,取样瓶,,,,,0,0,,,
sampling by attributes,,,属性抽样,,,,,0,0,,,
sampling by chance,ˈsæmplɪŋ bai tʃɑ:ns,, [医]机遇取样,,,,,0,0,,,
sampling by classification,,,分类抽样,,,,,0,0,,,
sampling by convenience,,,便利抽样,,,,,0,0,,,
sampling by design,,,设计抽样,,,,,0,0,,,
sampling by electrostatic precipitation,,,电沉淀法采样，静电集尘法采样,,,,,0,0,,,
sampling by filtration,,,滤采样,,,,,0,0,,,
sampling by impaction,,,撞击取样,,,,,0,0,,,
sampling by rendom number,,,[数] 随机数目抽样,,,,,0,0,,,
sampling by thermal precipitation,,,热沉淀法取样,,,,,0,0,,,
sampling by variables,,,属量抽样,,,,,0,0,,,
sampling by water displacement,,,水置换法取样,,,,,0,0,,,
sampling cabinet,,,样箱,,,,,0,0,,,
sampling camera,,,取样摄像机,,,,,0,0,,,
sampling cell,,,[计] 抽样单元,,,,,0,0,,,
sampling check,,,抽样检查,,,,,0,0,,,
sampling circuit,,,[电] 抽样电路,,,,,0,0,,,
sampling clock,,,取样钟,,,,,0,0,,,
sampling cock,,,取样旋塞,,,,,0,0,,,
sampling collection,,,样品取集,,,,,0,0,,,
sampling component,,,採样元件,,,,,0,0,,,
sampling condition,,,进样[取样]条件,,,,,0,0,,,
sampling cone,,,取样锥,,,,,0,0,,,
sampling configuration,,,采样模式,,,,,0,0,,,
sampling container,,,取样筒,,,,,0,0,,,
sampling control,,,取样控制,,,,,0,0,,,
sampling control system,,,采样控制系统,,,,,0,0,,,
sampling controller,,,[计] 采样控制器,,,,,0,0,,,
sampling convenience,,,方便抽样,,,,,0,0,,,
sampling converter,,,抽样转换器,,,,,0,0,,,
sampling cooler,,,取样冷却器,,,,,0,0,,,
sampling core,,,中心取样,,,,,0,0,,,
sampling correlator,,,抽样相关器,,,,,0,0,,,
sampling counter,,,[网络] 产品促销台；取样计数器,,,,,0,0,,,
sampling counter clear,,,[网络] 取样计数器复位,,,,,0,0,,,
sampling counter maximum,,,[网络] 取样限数计数器,,,,,0,0,,,
sampling covariance,,,[统计] 抽样协方差,,,,,0,0,,,
sampling cross-section,,,un. 采样断面\n[网络] 取样横截面；取样断面,,,,,0,0,,,
sampling cup,,,取样杯,,,,,0,0,,,
sampling current,,,采样电流,,,,,0,0,,,
sampling data,,,[计] 抽样数据,,,,,0,0,,,
sampling datta,,,[计] 采样数据,,,,,0,0,,,
sampling decoder,,,[网络] 取样译码器,,,,,0,0,,,
sampling delay,,,取样延迟；取样迟延,,,,,0,0,,,
sampling demonstrator,,,抽样示范教具,,,,,0,0,,,
sampling density,,,采样密度,,,,,0,0,,,
sampling depth,,,采样井深,,,,,0,0,,,
sampling design,,,取样设计,,,,,0,0,,,
sampling detector,,,取样传感器,,,,,0,0,,,
sampling deviation,,,抽样离差,,,,,0,0,,,
sampling device,,,取样器;取样装置,,,,,0,0,,,
sampling distortion,,,取样畸变,,,,,0,0,,,
sampling distribution,,,"[计] 采样分布, 抽样分布\n[经] 抽样分布",,,,,0,0,,,
sampling distribution of sample mean,,,样本平均值的抽样分布,,,,,0,0,,,
sampling distribution of the statistic,,,统计量的抽样分布,,,,,0,0,,,
sampling distributions,,,采样分布；[数] 抽样分布；取样分布,,,,,0,0,,,
sampling disturbance,,,取样扰动,,,,,0,0,,,
sampling duration,,,抽样时间,,,,,0,0,,,
sampling efficiency,,,抽样效率,,,,,0,0,,,
sampling electrode,,,取样电极,,,,,0,0,,,
sampling element,,,抽样元件[器],,,,,0,0,,,
sampling equipment,,,取样设备,,,,,0,0,,,
sampling error,,,"[计] 采样误差, 抽样误差\n[化] 取样误差",,,,,0,0,,,
sampling errors,,,[数] 抽样误差,,,,,0,0,,,
sampling experiment,,,抽样实验,,,,,0,0,,,
sampling flowsheet,,,取样流程,,,,,0,0,,,
sampling fluctuation,,,抽样变动,,,,,0,0,,,
sampling for attributes,,,[网络] 属性抽样法,,,,,0,0,,,
sampling for reference,,,参考样品，参照样本,,,,,0,0,,,
sampling for variables,,,[网络] 变量抽样法,,,,,0,0,,,
sampling fraction,,,"抽样比,样本分数",,,,,0,0,,,
sampling frame,,,抽样总表,,,,,0,0,,,
sampling frequencies,,,[自] 采样频率；[电子] 取样频率；[自] 抽样频率；量化频率,,,,,0,0,0:sampling frequency/1:s,,
sampling frequency,ˈsæmplɪŋ ˈfri:kwənsi,, 取样频率; 量化频率; 采样率; 采样频率,,,,,0,0,s:sampling frequencies,,
sampling frequency bandwidth,,,[网络] 取样频率频宽,,,,,0,0,,,
sampling frequency of NMR,,,核磁共振采样频率,,,,,0,0,,,
sampling from nonstationary stochastic process,,,非稳定随机过程抽样,,,,,0,0,,,
sampling from stationary stochastic process,,,稳定随机过程抽样,,,,,0,0,,,
sampling frquency,,,抽样频率,,,,,0,0,,,
sampling function,,,"[计] 采样函数, 抽样函数",,,,,0,0,,,
sampling gate,,,"[计] 抽样门, 抽样电路",,,,,0,0,,,
sampling gauge,,,抽样规,,,,,0,0,,,
sampling grid,,,[计] 抽样点阵,,,,,0,0,,,
sampling grid size,,,抽样栅大小,,,,,0,0,,,
sampling gun,,,抽样枪,,,,,0,0,,,
sampling head,,,[计] 采样头,,,,,0,0,,,
sampling hold circuit,,,取样保持电路,,,,,0,0,,,
sampling holder,,,采样保持器,,,,,0,0,,,
sampling hole,,,采样钻孔,,,,,0,0,,,
sampling horizon,,,採样层位,,,,,0,0,,,
sampling image,,,[计] 采样图象,,,,,0,0,,,
sampling information,,,抽样信息,,,,,0,0,,,
sampling inquiry,,,抽样调查;重点调查,,,,,0,0,,,
sampling insbection,,,[机] 抽样检查,,,,,0,0,,,
sampling inspection,,,[计] 抽样检验\n[化] 取样检查,,,,,0,0,,,
sampling inspection by attribute,,,计数取样检验,,,,,0,0,,,
sampling inspection by attributes,,,计数抽样检查[检验],,,,,0,0,,,
sampling inspection by counting,,,[数] 计数抽样检验,,,,,0,0,,,
sampling inspection by variable,,,计量取样检验,,,,,0,0,,,
sampling inspection by variables,,,计量抽样检查[检验],,,,,0,0,,,
sampling inspection for continuous production,,,连续生产型抽样检验,,,,,0,0,,,
sampling inspection method,,,[数] 抽样检查法,,,,,0,0,,,
sampling inspection plan,,,取样检查计划,,,,,0,0,,,
sampling inspection plans,,,抽样检验计画,,,,,0,0,,,
sampling inspection table,,,抽样检查表,,,,,0,0,,,
sampling inspection tables,,,抽样检查用表,,,,,0,0,,,
sampling inspection with adjustment,,,调整型抽样检查[检验],,,,,0,0,,,
sampling inspection with screening,,,挑选型抽样检验,,,,,0,0,,,
sampling inspector,,,[计] 抽样检验器,,,,,0,0,,,
sampling instant,,,采样时间,,,,,0,0,,,
sampling instruction,ˈsæmplɪŋ inˈstrʌkʃən,, 抽样训练,,,,,0,0,,,
sampling instrument,,,"采样仪表,采样器",,,,,0,0,,,
sampling interval,,,"[计] 采样间隔, 采样区间",,,,,0,0,,,
sampling interval time,,,样间隔时间,,,,,0,0,,,
sampling investigation,,,抽样观察,,,,,0,0,,,
sampling judgement,,,抽样判断,,,,,0,0,,,
sampling kit,,,取样全套工具,,,,,0,0,,,
sampling lattice,,,[数] 取样点阵,,,,,0,0,,,
sampling length,,,"取样长度(表面粗糙度), 抽样长度",,,,,0,0,,,
sampling life test,,,[计] 抽样寿命试验,,,,,0,0,,,
sampling limitation,,,un. 抽样限制,,,,,0,0,,,
sampling line,,,样管线,,,,,0,0,,,
sampling location,,,取样点;取样现场,,,,,0,0,,,
sampling machine,,,制样机;切布样机,,,,,0,0,,,
sampling mean,,,样本平均值,,,,,0,0,,,
sampling measurement,,,抽样测量,,,,,0,0,,,
sampling mechanism,,,观测机构;取样机构,,,,,0,0,,,
sampling mesh,,,采样网格,,,,,0,0,,,
sampling method,,,抽样法;抽样方法,,,,,0,0,,,
sampling methods,,,[医] 抽样法,,,,,0,0,,,
sampling methods in spectroscopy,,,光谱用取样法,,,,,0,0,,,
sampling mill,,,取样车间;采样磨,,,,,0,0,,,
sampling mode,,,[网络] 采样模式；采样方式；取样方式,,,,,0,0,,,
sampling model,,,抽样模型,,,,,0,0,,,
sampling mold,,,取样模,,,,,0,0,,,
sampling moment,,,抽样动差,,,,,0,0,,,
sampling network,,,[计] 抽样网络,,,,,0,0,,,
sampling noise,,,采样噪声,,,,,0,0,,,
sampling normal distribution,,,抽样正态分布,,,,,0,0,,,
sampling nozzle,,,[化] 取样管,,,,,0,0,,,
sampling observation,,,样检查,,,,,0,0,,,
sampling of 2-d signal,,,二维讯号取样,,,,,0,0,,,
sampling of 3-d signal,,,三维讯号取样,,,,,0,0,,,
sampling of aerosol,,,溶胶采样,,,,,0,0,,,
sampling of aggregates,,,骨料取样,,,,,0,0,,,
sampling of alluvial sediments,,,冲积物采样,,,,,0,0,,,
sampling of attribute,,,[统计] 属性抽样,,,,,0,0,,,
sampling of attributes,,,属性抽样,,,,,0,0,,,
sampling of auto exhaust,,,汽车排气取样,,,,,0,0,,,
sampling of bandpass signal,,,带通讯号取样,,,,,0,0,,,
sampling of cones,,,锥堆取样,,,,,0,0,,,
sampling of continous-time signal,,,连续时间讯号取样,,,,,0,0,,,
sampling of continuous signal,,,[通信] 连续信号取样,,,,,0,0,,,
sampling of fishery biology,,,渔业生物学取样,,,,,0,0,,,
sampling of job stream,,,[计] 作业流抽样,,,,,0,0,,,
sampling of moving image,,,移动性影像取样,,,,,0,0,,,
sampling of particulate matter,,,颗粒物质取样,,,,,0,0,,,
sampling of program,,,[计] 程序抽样,,,,,0,0,,,
sampling of soil,,,[土壤] 土壤采样,,,,,0,0,,,
sampling of soil values,,,土壤值采样,,,,,0,0,,,
sampling of stable oscillator,,,稳定振盪器抽样,,,,,0,0,,,
sampling of suspended load,,,"悬浮物採样, 悬浮物採样，悬浮物取样",,,,,0,0,,,
sampling of wastewater,,,水取样,,,,,0,0,,,
sampling of water,,,水样,,,,,0,0,,,
sampling on successive occasions,,,逐次情况抽样,,,,,0,0,,,
sampling order,,,取货样通知单,,,,,0,0,,,
sampling orders,,,[经] 样品订单,,,,,0,0,,,
sampling oscilloscope,,,[计] 取样示波器,,,,,0,0,,,
sampling outlet,,,取样出口,,,,,0,0,,,
sampling parametric computation,,,采样参数计算,,,,,0,0,,,
sampling pattern,,,取样模型,,,,,0,0,,,
sampling period,,,[计] 采样周期,,,,,0,0,,,
sampling phase,,,脉冲调制相位,,,,,0,0,,,
sampling pipe,,,采样管,,,,,0,0,,,
sampling plan,,,"[计] 采样方案, 抽样方案",,,,,0,0,,,
sampling plan by attributes,,,品质抽样方案,,,,,0,0,,,
sampling plan of coal seam,,,煤层取样平面图,,,,,0,0,,,
sampling plans,,,抽样计画,,,,,0,0,,,
sampling plate,,,取样板,,,,,0,0,,,
sampling platform,,,采样平台,,,,,0,0,,,
sampling plot,,,取样小区,,,,,0,0,,,
sampling plotter,,,取样标绘器,,,,,0,0,,,
sampling plug-in,,,采样插件,,,,,0,0,,,
sampling pocket method,,,取样袋法,,,,,0,0,,,
sampling point,,,[经] 选样点,,,,,0,0,,,
sampling polarograph,,,採样极谱仪,,,,,0,0,,,
sampling port,,,样口，测孔,,,,,0,0,,,
sampling portion,,,抽样比重,,,,,0,0,,,
sampling position,,,采样地点,,,,,0,0,,,
sampling precision,,,抽样精确度,,,,,0,0,,,
sampling prescription,,,[机] 抽样规则,,,,,0,0,,,
sampling probability,,,概率抽样,,,,,0,0,,,
sampling probe,,,[化] 取样针,,,,,0,0,,,
sampling procedure,,,取样步骤,,,,,0,0,,,
sampling process,,,"[计] 采样过程, 抽样过程",,,,,0,0,,,
sampling program,ˈsæmplɪŋ ˈprəuɡræm,, 抽样方案,,,,,0,0,,,
sampling properties,,,抽样性质,,,,,0,0,,,
sampling property,,,抽样性质,,,,,0,0,,,
sampling pulp,,,[矿业] 矿浆取样,,,,,0,0,,,
sampling pulse,,,取样[选通]脉冲,,,,,0,0,,,
sampling pulse generator,,,[电] 试样脉冲产生器,,,,,0,0,,,
sampling pulse width,,,[计] 抽样脉冲宽度,,,,,0,0,,,
sampling pump,ˈsæmplɪŋ pʌmp,, [医]取样泵，进样泵，采样泵,,,,,0,0,,,
sampling quota,,,定额抽样,,,,,0,0,,,
sampling radiometer,,,[网络] 取样辐射仪,,,,,0,0,,,
sampling rate,,,[计] 采样率; 抽样率,,,,,0,0,s:sampling rates,,
sampling rates,,,[自] 采样率；[数] 抽样率,,,,,0,0,0:sampling rate/1:s,,
sampling ratio,,,取样比例,,,,,0,0,,,
sampling read out,,,抽样读出,,,,,0,0,,,
sampling read-out,,,[计] 抽样读出,,,,,0,0,,,
sampling recorder,,,抽样记录器,,,,,0,0,,,
sampling reliability,,,"取样可靠性, 採样可靠度",,,,,0,0,,,
sampling representative,,,抽样代表性,,,,,0,0,,,
sampling resistance,,,取样电阻,,,,,0,0,,,
sampling results,,,[经] 抽样结果,,,,,0,0,,,
sampling risk,ˈsæmplɪŋ risk,, [财]抽样风险,,,,,0,0,,,
sampling risk of acceptance,,,允收抽样风险,,,,,0,0,,,
sampling risk of rejection,,,拒收抽样风险,,,,,0,0,,,
sampling room,,,取样室,,,,,0,0,,,
sampling schedule,,,取样程序表,,,,,0,0,,,
sampling scheme,,,"抽样方案,抽样计划",,,,,0,0,,,
sampling scheme with replacement,,,[数] 有退还抽样方案,,,,,0,0,,,
sampling scheme without replacement,,,不放回抽样方式,,,,,0,0,,,
sampling scope,,,[计] 取样示波器,,,,,0,0,,,
sampling servo,,,拣选伺服,,,,,0,0,,,
sampling servo-mechanism,,,取样伺服机构,,,,,0,0,,,
sampling servomechanism,,,采样伺服机构,,,,,0,0,,,
sampling servosystem,,,脉冲随动系统,,,,,0,0,,,
sampling signal,,,抽样信号,,,,,0,0,,,
sampling sink,,,样水槽,,,,,0,0,,,
sampling site,,,样点,,,,,0,0,,,
sampling size,ˈsæmplɪŋ saiz,, 取样大小，抽样大小,,,,,0,0,,,
sampling skew,,,採样歪度,,,,,0,0,,,
sampling spark chamber,,,取样火花室,,,,,0,0,,,
sampling spoon,,,[机] 取样勺,,,,,0,0,,,
sampling stand,,,采样架,,,,,0,0,,,
sampling standard,,,抽样标准,,,,,0,0,,,
sampling station,ˈsæmplɪŋ ˈsteiʃən,, 取样站，监测站,,,,,0,0,s:sampling stations,,
sampling stations,,,采样站，监测站；取样站,,,,,0,0,0:sampling station/1:s,,
sampling statistic,,,样本统计量,,,,,0,0,,,
sampling statistics,,,样本统计量,,,,,0,0,,,
sampling strategy,,,取样策略,,,,,0,0,,,
sampling straw,,,[网络] 取样吸管,,,,,0,0,,,
sampling straws,,,[网络] 取样吸管,,,,,0,0,,,
sampling structure,,,抽样结构,,,,,0,0,,,
sampling study,,,抽样研究,,,,,0,0,,,
sampling survey,,,[医] 抽样调查,,,,,0,0,,,
sampling survey method,,,"[计] 采样调查法, 抽样调查法",,,,,0,0,,,
sampling switch,,,[计] 抽样转换,,,,,0,0,,,
sampling sychronization pulse,,,[电子] 取样同步脉冲,,,,,0,0,,,
sampling synchronization pulse,,,取样同步脉冲,,,,,0,0,,,
sampling synthesizer,,,采样合成器,,,,,0,0,,,
sampling system,,,[化] 采样系统,,,,,0,0,,,
sampling system of motor vehicle emissions,,,汽车排气採气系统,,,,,0,0,,,
sampling system of reactor,,,反应器取样系统,,,,,0,0,,,
sampling systematic,,,系统抽样,,,,,0,0,,,
sampling tabulation,,,抽样制表,,,,,0,0,,,
sampling taking,,,取样,,,,,0,0,,,
sampling tank,,,取样槽,,,,,0,0,,,
sampling target,,,取样靶,,,,,0,0,,,
sampling techinques,,,采样技术,,,,,0,0,,,
sampling technique,,,"取样技术,采样技术",,,,,0,0,,,
sampling technique and theory,,,un. 选样的技术和理论,,,,,0,0,,,
sampling techniques,,,抽样技术,,,,,0,0,,,
sampling test,,,"[计] 抽样检查, 抽样测试",,,,,0,0,,,
sampling test on term,,,[试验] 定期抽查试验,,,,,0,0,,,
sampling theorem,,,[计] 抽样定理; 采样定理,,,,,0,0,,,
sampling theorem in the frequency domain,,,域采样定理,,,,,0,0,,,
sampling theory,,,[电] 抽样论,,,,,0,0,,,
sampling thickness,,,采样厚度,,,,,0,0,,,
sampling thief,,,试料采样品,,,,,0,0,,,
sampling time,,,"[计] 抽样时间, 取样时间",,,,,0,0,,,
sampling time aperture,,,抽样时间截口,,,,,0,0,,,
sampling tool,,,"[计] 抽样工具, 取样工具",,,,,0,0,,,
sampling tool and equipment,,,采样用品,,,,,0,0,,,
sampling tube,,,[化] 采样管,,,,,0,0,,,
sampling turntable,,,样转盘,,,,,0,0,,,
sampling type,,,采样种类,,,,,0,0,,,
sampling unit,,,"[计] 采样单元, 抽样单元\n[化] 取样装置",,,,,0,0,,,
sampling validity,,,"抽样效度, 抽样效度、取样效度",,,,,0,0,,,
sampling value,,,采样值,,,,,0,0,,,
sampling valve,,,"进样阀,取样阀",,,,,0,0,,,
sampling valve indicator,,,取样指示计,,,,,0,0,,,
sampling variability,,,抽样变异性,,,,,0,0,,,
sampling variance,,,抽样方差,,,,,0,0,,,
sampling variation,,,"抽样变异, 取样变异",,,,,0,0,,,
sampling verification,,,抽样验证,,,,,0,0,,,
sampling vertical,,,取样垂线,,,,,0,0,,,
sampling voltage,,,取样电压,,,,,0,0,,,
sampling voltmeter,,,取样伏特计,,,,,0,0,,,
sampling volume,,,取样容积,,,,,0,0,,,
sampling waste,,,样废水,,,,,0,0,,,
sampling weighting,,,抽样加权,,,,,0,0,,,
sampling well,,,取样井,,,,,0,0,,,
sampling wet stream,,,[矿业] 矿浆流取样,,,,,0,0,,,
sampling window,,,[计] 抽样窗口,,,,,0,0,,,
sampling with equal probability,,,[统计] 等概率抽样,,,,,0,0,,,
sampling with probability proportional to prediction,,,3p 抽样,,,,,0,0,,,
sampling with probability proportionate to size,,,按概率比例抽样,,,,,0,0,,,
sampling with replacement,,,补替抽样法,,,,,0,0,,,
sampling with unequal probability,,,不等概率抽样,,,,,0,0,,,
sampling without ordering,,,无序抽样,,,,,0,0,,,
sampling without replacement,,,无退还抽样;不回置抽样;不重复抽样,,,,,0,0,,,
sampling-inspection,,,[数] 抽样检验，取样检查,,,,,0,0,,,
sampling-port,,,[网络] 测孔；采样端口；取样口,,,,,0,0,,,
samplingaction,,,"采样,抽样",,,,,0,0,,,
samplingcorrelator,,,采样相关器,,,,,0,0,,,
samplingelectrode,,,取样电极,,,,,0,0,,,
samplinginstrument,,,彩采样企,,,,,0,0,,,
samplingratemeter,,,抽样率计,,,,,0,0,,,
samplingreport,,,样品报告,,,,,0,0,,,
samplings,,plural of sampling\nn. (statistics) the selection of a suitable sample for study\nn. measurement at regular intervals of the amplitude of a varying waveform (in order to convert it to digital form),(sampling 的复数) [计] 抽样; 采样\n[化] 取样,,,,,0,0,0:sampling/1:s,,
samplingtechnique,,,抽因技术,,,,,0,0,,,
samplingtube,,,彩印管,,,,,0,0,,,
samplist,,,[网络] 采样员,,,,,0,0,,,
samplists,,,[网络] 采样员,,,,,0,0,,,
samploscope,'sɑ:mplәskәup,,"取样示波器, 抽样示波器",,,,,0,0,,,
sampo,,, [地名] [韩国] 三浦,,,,,0,0,s:sampoes,,
Sampo-ri,,,三浦里,,,,,0,0,,,
sampoerna,,,[网络] 印尼三宝麟丁香烟；三宝麟烟草公司；三宝麟集团,,,,,0,0,,,
sampoes,,,[网络] 声宝,,,,,0,0,0:sampo/1:s,,
Sampogna,,,赞波尼亚风笛,,,,,0,0,,,
Sampolawa,,,[地名] 桑波拉瓦 ( 印尼 ),,,,,0,0,,,
sampolne,,,[网络] 桑潘,,,,,0,0,,,
sampot,,,[网络] 泰国；山扑；桑博,,,,,0,0,,,
sampphire,,,海莳萝,,,,,0,0,,,
sampra,,,[网络] 普拉斯；平辈山普拉斯,,,,,0,0,,,
sampradaya,,,[网络] 桑帕达亚,,,,,0,0,,,
Sampras,,,"桑普拉斯（人名, 著名网球运动员）",,,,,29998,0,,,
"Sampras, Pete",,,[网络] 桑普拉斯；球王山普拉斯,,,,,0,0,,,
samprasarana,,,[网络] 桑普拉萨拉纳,,,,,0,0,,,
SAMPROSA,,,[网络] 开始非分段注记,,,,,0,0,,,
samps,,,[网络] 移动定位；快速老化痴呆模型小白鼠,,,,,0,0,,,
sampson,,,n. 桑普森（人名）,,,,,16814,0,,,
Sampson County,,,[地名] 桑普森县 ( 美 ),,,,,0,0,,,
Sampson metal alloy,ˈsæmpsən,,桑普森金属合金,,,,,0,0,,,
Sampson's cyst,,,"[医] 桑普森氏囊肿, 巧克力样囊肿",,,,,0,0,,,
"Sampson, William Thomas",,,桑普森(1840～1902，美国海军上将),,,,,0,0,,,
Sampsons,'sæmsən,,桑普森(男子名),,,,,0,0,,,
sampull,,,[网络] s ull,,,,,0,0,,,
Sampun,,,[地名] 桑蓬 ( 巴布 ),,,,,0,0,,,
Sampung,,,三峰,,,,,0,0,,,
Sampur,,,[地名] 桑普尔 ( 俄 ),,,,,0,0,,,
Sampurskiy Rayon,,,[地名] 桑普尔区 ( 俄 ),,,,,0,0,,,
Sampwe,,,[地名] 桑普韦 ( 刚(金) ),,,,,0,0,,,
SAMRA,,,[=Sino-American Medical Rehabilitation Association]中美医学康复协会,,,,,0,0,,,
Samrah,,,[地名] *萨姆拉赫(马泽达厄的旧称) ( 土 ),,,,,0,0,,,
samrat,,,[网络] 印度风；萨马瑞特饭店；奶油鸡,,,,,0,0,,,
Samreboe,,,[地名] 萨姆雷博埃 ( 加纳 ),,,,,0,0,,,
Samree,,,桑黑,,,,,0,0,,,
Samrin,,,[网络] 桑林,,,,,0,0,s:samrins,,
samrins,,,[网络] 桑林\n(samrin 的复数),,,,,0,0,0:samrin/1:s,,
"Samro, Ozero",,,[地名] 萨姆罗湖 ( 俄 ),,,,,0,0,,,
Samrong,,,[地名] 三隆 ( 柬 ),,,,,0,0,,,
"Samrong, Phnom",,,[地名] 三隆山 ( 柬 ),,,,,0,0,,,
"Samrong, Stung",,,[地名] 三隆河 ( 柬 ),,,,,0,0,,,
Samrā',,,[地名] 塞姆拉 ( 约 ),,,,,0,0,,,
Samrē,,,[地名] 萨姆雷 ( 埃塞 ),,,,,0,0,,,
sams,,n a guided missile fired from land or shipboard against an airborne target,abbr. 卫星自动监视系统（Satellite Auto-Monito,,,,,30352,0,0:sam/1:s,,
SAMS (sampling analog memory system),,,样模拟存储系统,,,,,0,0,,,
samsa,,,abbr. Silica and Moulding Sands Association 二氧化硅和浇铸沙石协会,,,,,0,0,,,
Samsam,,,[网络] 秀才遇着兵；文杰；我系,,,,,0,0,,,
Samsan,,,三山,,,,,0,0,,,
Samsang-dong,,,三上洞,,,,,0,0,,,
samsara,sәm'sɑ:rә,n. (Hinduism and Buddhism) the endless cycle of birth and suffering and death and rebirth,n. 轮回,n:100,,,,0,43728,s:samsaras,,
samsara (india),,,轮回(印度),,,,,0,0,,,
samsaras,,,[网络] 下意识印象所有方式,,,,,0,0,0:samsara/1:s,,
samsaric,,,[网络] 轮回的,,,,,0,0,,,
samsat,,, [地名] [土耳其] 萨姆萨特,,,,,0,0,,,
Samscred,,,[网络] 萨姆格雷德,,,,,0,0,,,
Samscretan,,,[网络] 萨米克雷坦,,,,,0,0,,,
samsel,,, [人名] 萨姆塞尔,,,,,0,0,,,
Samseonghyeol,,,[地名] 三姓穴 ( 韩 ),,,,,0,0,,,
samshoo,,,[网络] 山酒,,,,,0,0,,,
samshu,'sæmsju:,n. A spirituous liquor distilled by the Chinese from the\n   yeasty liquor in which boiled rice has fermented under pressure.,"烧酒, 白酒",,,,,0,0,,,
samsi,,,[网络] 应用数学研究所；蝉西；木西,,,,,0,0,,,
samsien,,,[网络] 三星,,,,,0,0,,,
Samsinbong,,,[地名] 三神峰 ( 韩 ),,,,,0,0,,,
samskara,,,[网络] 行；业力；僧塞迦罗,,,,,0,0,,,
Samskrit,,,[网络] 梵文亦曰散斯克文,,,,,0,0,,,
SAMSO,,,abbr. Space and Missile Systems Organization 〈美〉(空军)空间与导弹系统组织,,,,,0,0,,,
samso baelt,,,桑索海崃,,,,,0,0,,,
Samsoe,'sæmsәj,,n. 萨姆索奶油硬干酪(产自丹麦萨姆索岛),,,,,0,0,,,
samson,,n. (Old Testament) a judge of Israel who performed herculean feats of strength against the Philistines until he was betrayed to them by his mistress Delilah,n. 大力士；[圣经]参孙,,,,,16467,0,s:samsons,,
samson knee,,,[网络] 缆桩倒肘,,,,,0,0,,,
Samson post,,,起重柱,,,,,0,0,,,
Samson posts,,,[网络] 参孙帖子,,,,,0,0,,,
Samson's post,,,[网络] 参孙的帖子,,,,,0,0,,,
Samson's theory,,,[医] 萨姆森氏学说(子宫内膜异位移植),,,,,0,0,,,
Samson-post,,,na. 【航】(船上的)吊杆柱\n[网络] 拖系柱,,,,,0,0,,,
Samsong,,,[地名] 三松 ( 韩 ),,,,,0,0,,,
Samsoni,,,三所里,,,,,0,0,,,
Samsonian,sæm'sәuniәn,,"强有力的, 个儿高大的",,,,,0,0,,,
samsonite,'sæmsәnait,,n. [矿]硫锑锰银矿,,,,,0,0,s:samsonites,,
samsonites,'sæmsənait,,n. [矿物] 硫锑锰银矿,,,,,0,0,0:samsonite/1:s,,
samsonov,,,[网络] 萨姆索诺夫；萨姆索洛夫；罗夫,,,,,0,0,,,
Samsonovka,,,[地名] 萨姆索诺夫卡 ( 哈 ),,,,,0,0,,,
samsonpost,,,na. 【航】(船上的)吊杆柱\n[网络] 将军柱；起重柱；系缆桩,,,,,0,0,,,
samsons,,,[网络] 萨姆森,,,,,0,0,0:samson/1:s,,
samsons post,,,起重柱；吊杆柱；将军柱,,,,,0,0,,,
samstag,,, [人名] 扎姆斯塔格,,,,,0,0,s:samstags,,
samstags,,,n. (Samstag)人名；(英、法、德)扎姆斯塔格,,,,,0,0,0:samstag/1:s,,
samsu,,,[网络] 三星；苏敬轼；三蒸酒,,,,,0,0,,,
Samsu-ch'ǒn,,,[地名] 三水川 ( 朝 ),,,,,0,0,,,
Samsu-gun,,,[地名] 三水郡 ( 朝 ),,,,,0,0,,,
Samsu-ǔp,,,[地名] 三水邑 ( 朝 ),,,,,0,0,,,
samsul,,,[网络] 三苏伊斯干达,,,,,0,0,,,
samsun,,,n. 萨姆松（土耳其北部位于亚洲的城市）,,,,,0,0,s:samsuns,,
Samsun Körfezi,,,[地名] 萨姆松湾 ( 土 ),,,,,0,0,,,
samsung,,,n. 三星电子（韩国电子公司）,,,,,30130,0,,,
Samsung Apps,,,[网络] 三星应用商店；三星乐园；三星应用程序商店,,,,,0,0,,,
samsung electronics,,, 三星电子公司总部所在地：韩国主要业务：电子电气,,,,,0,0,,,
Samsung Galaxy,,,三星盖世,,,,,0,0,,,
Samsung Note,,,[网络] 手机；手机套；白色,,,,,0,0,,,
Samsung Pay,,,三星移动支付,,,,,0,0,,,
Samsung Tower,,,[地名] 三星大厦〈首尔〉 ( 韩 ),,,,,0,0,,,
samsung.com,,,[网络] 韩国；谢谢；全高清十,,,,,0,0,,,
Samsungs,,,[网络] 展示柜内的三星,,,,,0,0,,,
samsuns,sɑ:m'su:n,,萨姆松(土耳其北部位于亚洲的城市),,,,,0,0,0:samsun/1:s,,
Samsy,,,[地名] 萨姆瑟 ( 哈 ),,,,,0,0,,,
Samsǒk,,,[地名] 三石 ( 朝 ),,,,,0,0,,,
Samsǒng-ri,,,[地名] 三城里 ( 朝 ),,,,,0,0,,,
SAMT,,,Simulated Aircraft Maintenance Trainer 模拟飞机维护训练器,,,,,0,0,,,
samtal,,,[网络] 萨姆塔,,,,,0,0,,,
Samtan,,,[地名] 三滩 ( 韩 ),,,,,0,0,,,
samtblende (przibramite),,,绢针铁矿﹐纤铁矿,,,,,0,0,,,
Samtengang,,,桑田干,,,,,0,0,,,
Samtens,,,[地名] 萨姆滕斯 ( 德 ),,,,,0,0,,,
samter,,,[网络] 。子,,,,,0,0,,,
Samthar,,,[地名] 森特尔 ( 印 ),,,,,0,0,,,
Samti,,,桑提,,,,,0,0,,,
samtrans,,,[网络] 圣马刁公车局；圣马刁县交通区；缆车系统,,,,,0,0,,,
Samtredia,,,[地名] 萨姆特雷迪亚 ( 格鲁 ),,,,,0,0,,,
Samtskhe-Javakheti,,,[网络] 扎瓦赫季,,,,,0,0,,,
Samtī,,,[地名] 萨姆提 ( 阿富 ),,,,,0,0,,,
Samu,,,[地名] 萨穆 ( 印尼 ),,,,,0,0,,,
Samucumbi,,,[地名] 萨穆昆比 ( 安哥 ),,,,,0,0,,,
Samuda,,,[地名] 萨穆达 ( 坦桑 ),,,,,0,0,,,
Samudaripen,,Samudaripen\nSynonym of Porajmos (planned and attempted genocide of the Romani people)\n,,,,,,0,0,,,
samudra,,, [地名] [印度尼西亚] 苏木都刺,,,,,0,0,,,
Samudra Gupta,,,沙摩陀罗·笈多,,,,,0,0,,,
samuel,'sæmjuәl,n. (Old Testament) Hebrew prophet and judge who anointed Saul as king,n. 撒母耳（希伯来先知）；塞缪尔（男子名）,,,,,4810,0,s:samuels,,
Samuel Adams,,,[网络] 亚当斯；山缪亚当斯；塞缪尔·亚当斯,,,,,0,0,s:samuel adamss,,
samuel adamss,,,[网络] 亚当斯；山缪亚当斯；塞缪尔·亚当斯\n(samuel adams 的复数),,,,,0,0,0:samuel adams/1:s,,
Samuel Barber,,,n. 赛谬尔·巴伯,,,,,0,0,s:samuel barbers,,
samuel barbers,,,n. 赛谬尔·巴伯,,,,,0,0,0:samuel barber/1:s,,
Samuel Beckett,,,塞缪尔·贝克特\n贝克特,,,,,0,0,s:samuel becketts,,
samuel becketts,,,塞缪尔·贝克特\n贝克特,,,,,0,0,0:samuel beckett/1:s,,
Samuel Butler,,,塞缪尔•巴特勒 （人名）,,,,,0,0,s:samuel butlers,,
samuel butlers,,,塞缪尔•巴特勒 （人名）,,,,,0,0,0:samuel butler/1:s,,
Samuel Clemens,,,塞缪尔·克莱门斯（马克·吐温原名）,,,,,0,0,,,
Samuel Colt,,,[网络] 塞莫尔•柯尔特；塞穆尔·考特；萨谬尔·柯尔特,,,,,0,0,,,
Samuel Cunard,,,[网络] 纳德,,,,,0,0,,,
Samuel Dashiell Hammett,,,[网络] 达许汉密特；哈米特,,,,,0,0,s:samuel dashiell hammetts,,
samuel dashiell hammetts,,,[网络] 达许汉密特；哈米特\n(samuel dashiell hammett 的复数),,,,,0,0,0:samuel dashiell hammett/1:s,,
Samuel de Champlain,,,[网络] 尚普兰；法国探险家尚普兰；法国探险家山普伦,,,,,0,0,s:samuel de champlains,,
samuel de champlains,,,[网络] 尚普兰；法国探险家尚普兰；法国探险家山普伦\n(samuel de champlain 的复数),,,,,0,0,0:samuel de champlain/1:s,,
Samuel F. B. Morse,,,[网络] 塞缪尔·B.莫尔斯,,,,,0,0,s:samuel f. b. morses,,
samuel f. b. morses,,,[网络] 塞缪尔·B.莫尔斯\n(samuel f. b. morse 的复数),,,,,0,0,0:samuel f. b. morse/1:s,,
samuel fb morse,,,[网络] 摩斯,,,,,0,0,,,
Samuel Finley Breese Morse,,,[网络] 萨缪尔芬利布里斯摩尔斯；摩斯；塞缪尔•莫尔斯,,,,,0,0,s:samuel finley breese morses,,
samuel finley breese morses,,,n. 塞缪尔·莫尔斯,,,,,0,0,0:samuel finley breese morse/1:s,,
Samuel Goldwyn,,,[网络] 片商高德温；制片家山缪高德温；戈尔德温,,,,,0,0,s:samuel goldwyns,,
samuel goldwyns,,,[网络] 片商高德温；制片家山缪高德温；戈尔德温\n(samuel goldwyn 的复数),,,,,0,0,0:samuel goldwyn/1:s,,
Samuel Gompers,,,[网络] 冈珀斯；龚帕斯；冈帕斯,,,,,0,0,s:samuel gomperss,,
samuel gomperss,,,[网络] 冈珀斯；龚帕斯；冈帕斯\n(samuel gompers 的复数),,,,,0,0,0:samuel gompers/1:s,,
Samuel ha-Nagid,,,撒母耳·哈·纳吉德,,,,,0,0,,,
Samuel Houston,,,[网络] 休士顿博士；豪斯顿；休斯敦博士,,,,,0,0,s:samuel houstons,,
samuel houstons,,,[网络] 休士顿博士；豪斯顿；休斯敦博士\n(samuel houston 的复数),,,,,0,0,0:samuel houston/1:s,,
Samuel Huntington,,,[网络] 亨廷顿；杭廷顿；杭亭顿,,,,,0,0,s:samuel huntingtons,,
samuel huntingtons,,,塞缪尔·亨廷顿（人名）,,,,,0,0,0:samuel huntington/1:s,,
Samuel Jackson Snead,,,[网络] 史奈德,,,,,0,0,s:samuel jackson sneads,,
samuel jackson sneads,,,[网络] 史奈德\n(samuel jackson snead 的复数),,,,,0,0,0:samuel jackson snead/1:s,,
Samuel Johnson,,,"塞缪尔·约翰逊（18世纪英国作家, 批评家）",,,,,0,0,s:samuel johnsons,,
samuel johnsons,,,塞缪尔·约翰逊（18世纪英国作家，批评家）,,,,,0,0,0:samuel johnson/1:s,,
Samuel Langhorne Clemens,,,na. 塞缪尔克莱门斯\n[网络] 萨缪尔克莱门斯；塞缪尔•兰霍恩•克莱门斯；克里门斯,,,,,0,0,s:samuel langhorne clemenss,,
samuel langhorne clemenss,,,na. 塞缪尔克莱门斯\n[网络] 萨缪尔克莱门斯；塞缪尔•兰霍恩•克莱门斯；克里门斯\n(samuel langhorne clemens 的复数),,,,,0,0,0:samuel langhorne clemens/1:s,,
samuel lover,,,[网络] 勒夫尔；拉夫尔,,,,,0,0,,,
Samuel Morse,,,[网络] 莫尔斯；摩斯；摩尔斯,,,,,0,0,s:samuel morses,,
samuel morses,,,[网络] 山缪摩斯；摩斯密码发明者山缪摩斯,,,,,0,0,0:samuel morse/1:s,,
Samuel of Nehardea,,,撒母耳,,,,,0,0,,,
Samuel Pepys,,,塞缪尔·皮普斯（人名）,,,,,0,0,s:samuel pepyss,,
samuel pepyss,,,塞缪尔·皮普斯（人名）\n(samuel pepys 的复数),,,,,0,0,0:samuel pepys/1:s,,
Samuel Pierpoint Langley,,,[网络] 塞缪尔·皮尔蒙特兰利,,,,,0,0,s:samuel pierpoint langleys,,
samuel pierpoint langleys,,,[网络] 塞缪尔·皮尔蒙特兰利\n(samuel pierpoint langley 的复数),,,,,0,0,0:samuel pierpoint langley/1:s,,
Samuel Rawson Gardiner,,,[网络] 历史学家嘉蒂纳,,,,,0,0,s:samuel rawson gardiners,,
samuel rawson gardiners,,,[网络] 历史学家嘉蒂纳\n(samuel rawson gardiner 的复数),,,,,0,0,0:samuel rawson gardiner/1:s,,
Samuel Richardson,,,塞缪尔·理查森(人名),,,,,0,0,,,
Samuel Rosenstock,,,[网络] 塞缪尔·罗森斯托克,,,,,0,0,s:samuel rosenstocks,,
samuel rosenstocks,,,[网络] 塞缪尔·罗森斯托克\n(samuel rosenstock 的复数),,,,,0,0,0:samuel rosenstock/1:s,,
samuel slater,,,[网络] 斯莱特；塞缪尔·斯莱特；山谬斯莱特,,,,,0,0,,,
Samuel Smiles,,,n. 塞缪尔·斯迈尔斯,,,,,0,0,,,
Samuel Taylor Coleridge,,,[网络] 柯勒律治；柯尔律治；塞缪尔·泰勒·柯勒律治,,,,,0,0,s:samuel taylor coleridges,,
samuel taylor coleridges,,,[网络] 柯勒律治；柯尔律治；塞缪尔·泰勒·柯勒律治\n(samuel taylor coleridge 的复数),,,,,0,0,0:samuel taylor coleridge/1:s,,
samuel ting,,,[网络] 丁肇中,,,,,0,0,,,
Samuel Wiesenthal,,,[网络] 塞缪尔·威森塔尔,,,,,0,0,s:samuel wiesenthals,,
samuel wiesenthals,,,[网络] 塞缪尔·威森塔尔\n(samuel wiesenthal 的复数),,,,,0,0,0:samuel wiesenthal/1:s,,
Samuel Wilder,,,[网络] 怀尔德；比利怀德,,,,,0,0,s:samuel wilders,,
samuel wilders,,,[网络] 怀尔德；比利怀德\n(samuel wilder 的复数),,,,,0,0,0:samuel wilder/1:s,,
Samuel's position,,,[医] 塞缪尔氏卧位(一种分娩卧位),,,,,0,0,,,
"Samuel, Mt.",,,[地名] 塞缪尔山 ( 澳 ),,,,,0,0,,,
Samuel-Smilesian,,,[网络] 塞缪尔 - 微笑,,,,,0,0,,,
samuele,,,n. (Samuele)人名；(意)萨穆埃莱,,,,,0,0,,,
Samuelite,,,[网络] 塞缪尔,,,,,0,0,s:samuelites,,
Samuelites,,plural of Samuelite,(Samuelite 的复数) [网络] 塞缪尔,,,,,0,0,0:samuelite/1:s,,
Samuels,,n (Old Testament) Hebrew prophet and judge who anointed Saul as king,n. (Samuels)人名；(西、瑞典)萨穆埃尔斯；(英)塞缪尔斯,,,,,35700,0,0:samuel/1:s,,
samuelsen,,,[网络] 萨穆尔森,,,,,0,0,,,
Samuelson,,,塞缪尔森,,,,,29668,0,s:samuelsons,,
"Samuelson, Paul",,,[网络] 萨缪尔逊,,,,,0,0,,,
"Samuelson, Paul Anthony",'sæmjuəlsən,,塞缪尔森(1915～ ，美国经济学家，获1970年诺贝尔经济学奖),,,,,0,0,,,
samuelsonite,,,[网络] 铝铁磷灰石,,,,,0,0,,,
samuelsons,,,塞缪尔森,,,,,0,0,0:samuelson/1:s,,
Samuelsson,,,n. (Samuelsson)人名；(瑞典、芬)萨穆埃尔松,,,,,0,0,,,
"Samuelsson, Bengt Ingemar",,,"瑞典生物化学家, 生于1934年, 因发现前列腺素及相关物质, 与Sune Bergstrom及John Robert Vane共同获得1982年诺贝尔医学生理学奖",,,,,0,0,,,
Samugheo,,,[地名] 萨穆盖奥 ( 意 ),,,,,0,0,,,
samui,,,[网络] 苏梅岛；泰国苏梅岛；苏美岛,,,,,0,0,s:samuis,,
"Samui, Ko",,,[地名] 沙湄岛 ( 泰 ),,,,,0,0,,,
Samuil,,,[地名] 萨穆伊尔 ( 保 ),,,,,0,0,,,
"Samuila, Ostrov",,,[地名] 萨穆伊尔岛 ( 俄 ),,,,,0,0,,,
samuilo,,,萨穆伊洛,,,,,0,0,s:samuiloes,,
samuiloes,,,萨穆伊洛\n(samuilo 的复数),,,,,0,0,0:samuilo/1:s,,
samuis,,,[网络] 苏梅岛；泰国苏梅岛；苏美岛\n(samui 的复数),,,,,0,0,0:samui/1:s,,
Samukawa,,,[地名] 寒川 ( 日 ),,,,,0,0,,,
Samulambo,,,[地名] 萨穆兰博 ( 安哥 ),,,,,0,0,,,
Samuli,,,[网络] 伊丽娜·别尔克伦德,,,,,0,0,,,
"Samulun, Pulau",,,[地名] 莎慕伦岛 ( 新加 ),,,,,0,0,,,
"Samulun, Selat",,,[地名] 莎慕伦海峡 ( 新加 ),,,,,0,0,,,
samum,,,[网络] 承蒙；西蒙风；桑门,,,,,0,0,,,
samun,,,[网络] 萨蒙,,,,,0,0,,,
Samundri,,,[地名] 瑟蒙德里 ( 巴基 ),,,,,0,0,,,
Samur,,,[地名] 萨穆尔河 ( 俄·阿塞 ),,,,,0,0,,,
samura,,,[网络] 高校女忍者；县市呼吸治疗师公会已经於,,,,,0,0,,,
samurai,'sæmurai,n. a Japanese warrior who was a member of the feudal military aristocracy\nn. feudal Japanese military aristocracy,n. 武士,n:100,,,,26801,17260,,,
samurai bond,,,外国日元债券，(非日本公司以日元面额发行的)武士债券,,,,,0,0,,,
Samurai bonds,,,外国日元债券；武士债券（samurai bond的复数）,,,,,0,0,,,
samurai education,,,〈日〉武士道教育,,,,,0,0,,,
Samurai market,,,[网络] 日本武士债券市场,,,,,0,0,,,
samurai sword,,,[网络] 武士刀；日本武士刀；B键储气为武士剑,,,,,0,0,,,
samurai warriors,,,[网络] 战国无双；战国无双系列,,,,,0,0,,,
samurais,ˈsæməˌraɪz,,n. （日本）陆军将校( samurai的名词复数 ); <史>（日本封建时代的）武士,,,,,0,0,,,
Samurskiy Khrebet,,,[地名] 萨穆尔山 ( 俄 ),,,,,0,0,,,
samus,,, [地名] [俄罗斯] 萨穆西,,,,,0,0,,,
Samus',,,[地名] 萨穆西 ( 俄 ),,,,,0,0,,,
samusa,,,[网络] 三角春卷；印度三角咖哩,,,,,0,0,,,
samusenko,,,[网络] 萨蒙森科,,,,,0,0,,,
Samusole,,,[地名] 萨穆索莱 ( 安哥、刚(金) ),,,,,0,0,,,
Samut Prakan,,,[地名] 沙没巴干(北榄) ( 泰 ),,,,,0,0,,,
samut prakan (paknam),,,沙木普拉坎(北榄),,,,,0,0,,,
"Samut Prakan, Changwat",,,[地名] 沙没巴干府(北榄府) ( 泰 ),,,,,0,0,,,
Samut Sakhon,,,[地名] 沙没沙空(龙仔厝) ( 泰 ),,,,,0,0,,,
"Samut Sakhon, Changwat",,,[地名] 沙没沙空府(龙仔厝府) ( 泰 ),,,,,0,0,,,
Samut Songkhram,,,[地名] 沙没颂堪 ( 泰 ),,,,,0,0,,,
"Samut Songkhram, Changwat",,,[地名] 沙没颂堪府(夜功府) ( 泰 ),,,,,0,0,,,
Samutlu,,,[地名] *萨穆特卢(泰梅利的旧称) ( 土 ),,,,,0,0,,,
Samuye,,,[地名] 萨穆耶 ( 坦桑 ),,,,,0,0,,,
samvrti,,,[网络] 世俗；世俗的,,,,,0,0,,,
samvydav,,"samvydav (usually uncountable, plural samvydavs)\n(chiefly in a Ukrainian context) Samizdat.\n",,,,,,0,0,,,
samway,,,[网络] 黄盛,,,,,0,0,s:samways,,
samways,,, [人名] 桑韦斯,,,,,43613,0,0:samway/1:s,,
samwell,,, [人名] [英格兰人姓氏] 桑韦尔 Samuel的变体,,,,,0,0,s:samwells,,
samwells,,, [人名] [英格兰人姓氏] 桑韦尔 Samuel的变体\n(samwell 的复数),,,,,0,0,0:samwell/1:s,,
Samwer,,,[网络] 扎姆韦尔；桑威尔；扎姆维尔三兄弟,,,,,0,0,,,
samwick,,,[网络] 萨姆维克,,,,,0,0,,,
samy,,,[网络] 萨米；森美；三美,,,,,0,0,s:samies,,
samya,,,[网络] 桑耶寺；祥业；祥业科技,,,,,0,0,,,
samyama,sɑ:'mjɑ:mɑ:,,"n. 三夜摩,内助(印度瑜伽用语)",,,,,0,0,,,
samye,,,[网络] 桑耶寺；萨弥寺,,,,,0,0,,,
Samyeongsan,,,[地名] 四明山 ( 韩 ),,,,,0,0,,,
samyn,,,[网络] 萨蒙,,,,,0,0,,,
Samyong,,,三龙,,,,,0,0,,,
SAMYR,,,腺苷蛋氨酸,,,,,0,0,,,
Samythinae,,,背膜亚科,,,,,0,0,,,
samyutta,,,[网络] 相应；相应名；相应部经典,,,,,0,0,,,
Samé,,,[地名] 萨梅 ( 马里 ),,,,,0,0,,,
Samékouta,,,[地名] 萨梅库塔 ( 塞内 ),,,,,0,0,,,
Samā,,,[地名] 塞马 ( 叙、约 ),,,,,0,0,,,
Samā'il,,,[地名] 塞马伊勒 ( 阿曼 ),,,,,0,0,,,
Samādūn,,,[地名] 塞马敦 ( 埃 ),,,,,0,0,,,
Samāguri,,,[地名] 萨马古里 ( 印 ),,,,,0,0,,,
Samālkha,,,[地名] 瑟马尔卡 ( 印 ),,,,,0,0,,,
Samāwah,,,[地名] 塞马沃 ( 伊拉 ),,,,,0,0,,,
san,sɑ:n,,abbr. 存储区域网（Storage Area Networking）,,,,,3068,0,s:sans,,
SAN - Storage Area Network,,,[网络] 存储区域网络；网路存储；储存局域网络,,,,,0,0,,,
San Acacia,,,[地名] 圣阿卡西亚 ( 美 ),,,,,0,0,,,
"San Agustin, Cape",,,[地名] 圣阿古斯丁角 ( 菲 ),,,,,0,0,,,
San Alberto,,,[地名] 圣阿尔韦托 ( 阿根、古、墨 ),,,,,0,0,,,
"San Alberto, I.",,,[地名] 圣阿尔韦托岛 ( 阿根、巴拉 ),,,,,0,0,,,
San Alejandro,,,[地名] 圣亚历杭德罗 ( 古 ),,,,,0,0,,,
"San Alejandro, R.",,,[地名] 圣亚历杭德罗河 ( 秘 ),,,,,0,0,,,
San Alejo,,,[地名] 圣阿莱霍 ( 古、洪、萨 ),,,,,0,0,,,
"San Alejo, R.",,,[地名] 圣阿莱霍河 ( 洪 ),,,,,0,0,,,
San Alfonso,,,[地名] 圣阿方索 ( 菲、哥伦、智 ),,,,,0,0,,,
San Amaro,,,[地名] 圣阿马罗 ( 西 ),,,,,0,0,,,
"San Ambrosio, I.",,,[地名] 圣安布罗西奥岛 ( 智 ),,,,,0,0,,,
San Ana,,,[地名] 圣安娜 ( 洪 ),,,,,0,0,,,
"San Ana, R.",,,[地名] 圣安娜河 ( 洪 ),,,,,0,0,,,
"San Andrea, I.",,,[地名] 圣安德烈亚岛 ( 意 ),,,,,0,0,,,
San Andreas,,,[地名] 圣安德烈亚斯 ( 美 ),,,,,0,0,,,
San Andreas Fault,,,[网络] 圣安德烈亚斯断层；圣安地列斯断层；圣安德里斯断层,,,,,0,0,s:san andreas faults,,
San Andreas faults,,,（美）圣安德烈亚斯断层,,,,,0,0,0:san andreas fault/1:s,,
San Andreas L.,,,[地名] 圣安德烈亚斯湖 ( 美 ),,,,,0,0,,,
San Andres,,,[地名] 圣安德烈斯 ( 菲 ),,,,,0,0,,,
San Andres Mountains,,,[地名] 圣安德烈斯山 ( 美 ),,,,,0,0,,,
san andres mts.,,,圣安德里斯山脉,,,,,0,0,,,
San Andres National Wildlife Refuge,,,[地名] 圣安德烈斯国家野生动物保护区 ( 美 ),,,,,0,0,,,
San Andrés,,,[地名] 圣安德烈斯 ( 巴拿、秘、玻、厄、哥伦、哥斯、古、洪、尼加、萨、危、委、西 ),,,,,0,0,,,
San Andrés de Giles,,,[地名] 圣安德烈斯-德希莱斯 ( 阿根 ),,,,,0,0,,,
San Andrés del Rabanedo,,,[地名] 圣安德烈斯-德尔拉瓦内多 ( 西 ),,,,,0,0,,,
San Andrés Tuxtla,,,[地名] 圣安德烈斯-图斯特拉 ( 墨 ),,,,,0,0,,,
San Andrés Xecul,,,[地名] 圣安德烈斯-塞库尔 ( 危 ),,,,,0,0,,,
"San Andrés y Providencia, Arch.de",,,[地名] 圣安德烈斯和普罗维登西亚群岛 ( 哥伦 ),,,,,0,0,,,
"San Andrés y Providencia, Dep.del",,,[地名] 圣安德烈斯和普罗维登西亚省 ( 哥伦 ),,,,,0,0,,,
"San Andrés, B.",,,[地名] 圣安德烈斯湾 ( 智 ),,,,,0,0,,,
"San Andrés, I.de",,,[地名] 圣安德烈斯岛 ( 哥伦 ),,,,,0,0,,,
"San Andrés, R.",,,[地名] 圣安德烈斯河 ( 哥斯、古 ),,,,,0,0,,,
"San Andrés, Sa.de",,,[地名] 圣安德烈斯山 ( 玻 ),,,,,0,0,,,
San Angelo,,,圣安吉洛(美国得克萨斯州西部城市),,,,,0,0,s:san angeloes,,
San Angelo Res.,,,[地名] 圣安吉洛水库 ( 美 ),,,,,0,0,,,
san angeloes,,,圣安吉洛(美国得克萨斯州西部城市),,,,,0,0,0:san angelo/1:s,,
San Anselmo,,,[地名] 圣安塞尔莫 ( 美 ),,,,,0,0,,,
San Antone,,,[网络] 圣安东尼,,,,,0,0,,,
San Antonian,,,"n. , adj. San Antonio的变形",,,,,0,0,,,
San Antonio,,,n. 圣安东尼奥市（美国得克萨斯州南部城市）,,,,,0,0,s:san antonios,,
San Antonio Abad,,,[地名] 圣安东尼奥-阿瓦德 ( 西 ),,,,,0,0,,,
San Antonio B.,,,[地名] 圣安东尼奥湾 ( 菲、美 ),,,,,0,0,,,
San Antonio de Caparo,,,[地名] 卡帕罗河畔圣安东尼奥 ( 委 ),,,,,0,0,,,
San Antonio de Esquilache,,,[地名] 圣安东尼奥-德埃斯基拉切 ( 秘 ),,,,,0,0,,,
San Antonio de Golfo,,,[地名] 滨海湾圣安东尼奥 ( 委 ),,,,,0,0,,,
San Antonio de los Baňos,,,[地名] 圣安东尼奥-德洛斯巴尼奥斯 ( 古 ),,,,,0,0,,,
San Antonio de los Cobres,,,[地名] 圣安东尼奥-德洛斯科夫雷斯 ( 阿根 ),,,,,0,0,,,
San Antonio de Palé,,,[地名] 圣安东尼奥-德帕莱 ( 赤几 ),,,,,0,0,,,
San Antonio de Tamanaco,,,[地名] 塔马纳科河畔圣安东尼奥 ( 委 ),,,,,0,0,,,
San Antonio del Mar,,,[地名] 滨海圣安东尼奥 ( 墨 ),,,,,0,0,,,
San Antonio del Norte,,,[地名] 北圣安东尼奥 ( 洪 ),,,,,0,0,,,
San Antonio del Sur,,,[地名] 南圣安东尼奥 ( 古 ),,,,,0,0,,,
San Antonio do Zaïre,,,[地名] *圣安东尼奥-杜扎伊尔(索沃的旧称) ( 安哥 ),,,,,0,0,,,
San Antonio Este,,,[地名] 东圣安东尼奥 ( 阿根 ),,,,,0,0,,,
San Antonio Heights,,,[地名] 圣安东尼奥海茨 ( 美 ),,,,,0,0,,,
San Antonio Oeste,,,[地名] 西圣安东尼奥 ( 阿根 ),,,,,0,0,,,
San Antonio R.,,,[地名] 圣安东尼奥河 ( 美 ),,,,,0,0,,,
San Antonio Res.,,,[地名] 圣安东尼奥水库 ( 美 ),,,,,0,0,,,
San Antonio Sacatepéquez,,,[地名] 圣安东尼奥-萨卡特佩克斯 ( 危 ),,,,,0,0,,,
san antonio spurs,,,n. 圣安东尼,,,,,0,0,,,
San Antonio Suchitepéquez,,,[地名] 圣安东尼奥-苏奇特佩克斯 ( 危 ),,,,,0,0,,,
San Antonio Zoological Gardens and Aquarium,,,[网络] 圣安东尼奥动物园和水族馆；圣安东尼动物园与水族馆,,,,,0,0,,,
"San Antonio, C.",,,[地名] 圣安东尼奥角 ( 阿根、古 ),,,,,0,0,,,
"San Antonio, C.de",,,[地名] 圣安东尼奥角 ( 西 ),,,,,0,0,,,
"San Antonio, Embalse de",,,[地名] 圣安东尼奥水库 ( 西 ),,,,,0,0,,,
"San Antonio, I.",,,[地名] 圣安东尼奥岛 ( 厄 ),,,,,0,0,,,
"San Antonio, Pta.",,,[地名] 圣安东尼奥角 ( 墨 ),,,,,0,0,,,
"San Antonio, R.",,,[地名] 圣安东尼奥河 ( 巴拿、玻、洪、尼加、萨、危 ),,,,,0,0,,,
san antonios,",sænæn'təuniəu; -ən'təu-",,圣安东尼奥(美国得克萨斯州南部城市；阿拉莫的遗址),,,,,0,0,0:san antonio/1:s,,
San Antón,,,[地名] 圣安东 ( 多米共、古 ),,,,,0,0,,,
San Augustine,,,[地名] 圣奥古斯丁 ( 美 ),,,,,0,0,,,
San Augustine County,,,[地名] 圣奥古斯丁县 ( 美 ),,,,,0,0,,,
San Baltasar Loxicha,,,[地名] 圣巴尔塔萨尔-洛西查 ( 墨 ),,,,,0,0,,,
"San Barthelomeo, R.",,,[地名] 圣巴塞洛缪河 ( 尼日利 ),,,,,0,0,,,
San Bartolo,,,[地名] 圣巴托洛 ( 阿根、巴拿、秘、玻、厄、古、洪、墨、尼加、萨、危、委 ),,,,,0,0,,,
"San Bartolo, R.",,,[地名] 圣巴托洛河 ( 巴拿、洪 ),,,,,0,0,,,
San Bartolomeo,,,[地名] 圣巴托洛梅奥 ( 意 ),,,,,0,0,,,
San Bartolomeo in Galdo,,,[地名] 圣巴托洛梅奥-因加尔多 ( 意 ),,,,,0,0,,,
San Bartolomeo Valmara,,,[地名] 圣巴托洛梅奥-瓦尔马拉 ( 意 ),,,,,0,0,,,
San Bartolomé,,,[地名] 圣巴托洛梅 ( 阿根、玻、厄、菲、西 ),,,,,0,0,,,
San Bartolomé de Bejar,,,[地名] 圣巴托洛梅-德贝哈尔 ( 西 ),,,,,0,0,,,
San Bartolomé de la Torre,,,[地名] 圣巴托洛梅-德拉托雷 ( 西 ),,,,,0,0,,,
San Bartolomé de las Abiertas,,,[地名] 圣巴托洛梅-德拉斯阿维耶塔斯 ( 西 ),,,,,0,0,,,
San Bartolomé de Pinares,,,[地名] 圣巴托洛梅-德皮纳雷斯 ( 西 ),,,,,0,0,,,
San Bartolomé de Tirajana,,,[地名] 圣巴托洛梅-德蒂拉哈纳 ( 西 ),,,,,0,0,,,
San Bartolomé Jocotenango,,,[地名] 圣巴托洛梅-霍科特南戈 ( 危 ),,,,,0,0,,,
San Basilio,,,[地名] 圣巴西利奥 ( 墨、意 ),,,,,0,0,,,
San Baudilio de Llobregat,,,[地名] 圣包迪利奥-德略布雷加特 ( 西 ),,,,,0,0,,,
San Benedetto del Tronto,,,[地名] 圣贝内代托-德尔特龙托 ( 意 ),,,,,0,0,,,
San Benedetto Po,,,[地名] 圣贝内代托波 ( 意 ),,,,,0,0,,,
"San Benedetto, Alpe di",,,[地名] 圣贝内代托山 ( 意 ),,,,,0,0,,,
"San Benedicto, I.",,,[地名] 圣贝内迪克托岛 ( 墨 ),,,,,0,0,,,
San Benigno Canavese,,,[地名] 圣贝尼尼奥-卡纳韦塞 ( 意 ),,,,,0,0,,,
San Benito,,,圣贝尼托(美国得克萨斯州南部城市),,,,,0,0,,,
San Benito County,,,[地名] 圣贝尼托县 ( 美 ),,,,,0,0,,,
"San Benito, L.de",,,[地名] 圣贝尼托湖 ( 西 ),,,,,0,0,,,
"San Benito, R.",,,[地名] 圣贝尼托河 ( 尼加 ),,,,,0,0,,,
San Bernabé,,,[地名] 圣贝尔纳韦 ( 墨 ),,,,,0,0,,,
san bernadino,,,[网络] 圣伯纳迪诺；圣伯纳汀诺；圣伯纳迪诺县,,,,,0,0,s:san bernadinoes,,
san bernadinoes,,,[网络] 圣伯纳迪诺；圣伯纳汀诺；圣伯纳迪诺县\n(san bernadino 的复数),,,,,0,0,0:san bernadino/1:s,,
San Bernardino,,,圣贝纳迪诺（美国加利福尼亚州南部一座城市）,,,,,0,0,,,
San Bernardino County,,,[地名] 圣贝纳迪诺县 ( 美 ),,,,,0,0,,,
San Bernardino Mountains,,,[地名] 圣贝纳迪诺山 ( 美 ),,,,,0,0,,,
San Bernardino Pass,,,[网络] 圣伯纳迪诺山道；圣贝纳迪诺山隘,,,,,0,0,,,
san bernardino ra.,,,圣伯纳迪诺岭,,,,,0,0,,,
San Bernardino Str.,,,[地名] 圣贝纳迪诺海峡 ( 菲 ),,,,,0,0,,,
"San Bernardino, P.di",,,[地名] 圣贝纳迪诺山口 ( 瑞士 ),,,,,0,0,,,
San Bernardo,,,[地名] 圣贝尔纳多 ( 阿根、玻、洪、墨、委、智 ),,,,,0,0,,,
"San Bernardo, I.de",,,[地名] 圣贝尔纳多岛 ( 哥伦 ),,,,,0,0,,,
San Berta,,,[地名] 圣贝尔塔 ( 尼加 ),,,,,0,0,,,
San Biagio,,,[地名] 圣比亚焦 ( 意 ),,,,,0,0,,,
San Biagio di Callalta,,,[地名] 圣比亚焦-迪卡拉尔塔 ( 意 ),,,,,0,0,,,
San Biagio Platani,,,[地名] 圣比亚焦-普拉塔尼 ( 意 ),,,,,0,0,,,
San Blas,,,[地名] 圣布拉斯 ( 阿根、巴拿、玻、哥伦、哥斯、古、洪、墨、尼加、危 ),,,,,0,0,,,
"San Blas, Arch.de",,,[地名] 圣布拉斯群岛 ( 巴拿 ),,,,,0,0,,,
"San Blas, Cape",,,[地名] 圣布拉斯角 ( 美 ),,,,,0,0,,,
"San Blas, Comarca de",,,[地名] 圣布拉斯区 ( 巴拿 ),,,,,0,0,,,
"San Blas, G.de",,,[地名] 圣布拉斯湾 ( 巴拿 ),,,,,0,0,,,
"San Blas, Pta.",,,[地名] 圣布拉斯角 ( 巴拿 ),,,,,0,0,,,
"San Blas, R.",,,[地名] 圣布拉斯河 ( 哥斯 ),,,,,0,0,,,
"San Blas, Sa.de",,,[地名] 圣布拉斯山 ( 巴拿 ),,,,,0,0,,,
San Bonifacio,,,[地名] 圣博尼法乔 ( 意 ),,,,,0,0,,,
San Borja,,,[地名] 圣博尔哈 ( 玻、墨 ),,,,,0,0,,,
San Bruno,,,"圣布鲁诺（城市名, 位于美国加利福尼亚州西部）",,,,,0,0,,,
San Buenaventura,,,[地名] 圣布埃纳文图拉 ( 秘、玻、哥斯、洪、墨、萨 ),,,,,0,0,,,
"San Buenaventura, Cerro",,,[地名] 圣布埃纳文图拉山 ( 阿根 ),,,,,0,0,,,
San Buri,,,[地名] 讪武里 ( 泰 ),,,,,0,0,,,
San Calixto,,,[地名] 圣卡利斯托 ( 哥伦、西 ),,,,,0,0,,,
San Camilo,,,[地名] 圣卡米洛 ( 阿根、委 ),,,,,0,0,,,
San Candido,,,[地名] 圣坎迪多 ( 意 ),,,,,0,0,,,
San Caprasio,,,[地名] 圣卡普拉西奥山 ( 西 ),,,,,0,0,,,
San Carlo,,,[地名] 圣卡洛 ( 瑞士、意 ),,,,,0,0,,,
San Carlo alle Quattro Fontane,,,[网络] 四泉圣嘉禄堂；四喷泉圣卡罗教堂；圣卡洛教堂,,,,,0,0,,,
San Carlos,,,圣卡洛斯（美国加利福尼亚州西部城市）,,,,,0,0,,,
San Carlos Apache,,,[网络] 圣卡洛斯阿帕契族,,,,,0,0,s:san carlos apaches,,
san carlos apaches,,,[网络] 圣卡洛斯阿帕契族\n(san carlos apache 的复数),,,,,0,0,0:san carlos apache/1:s,,
San Carlos Centro,,,[地名] 中圣卡洛斯 ( 阿根 ),,,,,0,0,,,
San Carlos de Bariloche,,,[地名] 圣卡洛斯-德巴里洛切 ( 阿根 ),,,,,0,0,,,
San Carlos del Valle,,,[地名] 圣卡洛斯-德尔巴列 ( 西 ),,,,,0,0,,,
San Carlos del Zulia,,,[地名] 苏利亚州圣卡洛斯 ( 委 ),,,,,0,0,,,
San Carlos Indian Reservation,,,[地名] 圣卡洛斯印第安人居留地 ( 美 ),,,,,0,0,,,
San Carlos L.,,,[地名] 圣卡洛斯湖 ( 美 ),,,,,0,0,,,
"San Carlos, B.de",,,[地名] 圣卡洛斯湾 ( 赤几 ),,,,,0,0,,,
"San Carlos, R.",,,[地名] 圣卡洛斯河 ( 巴拉、哥斯、委 ),,,,,0,0,,,
"San Carlos, Sa.de",,,[地名] 圣卡洛斯山 ( 古 ),,,,,0,0,,,
San Casciano dei Bagni,,,[地名] 圣卡夏诺-代巴尼 ( 意 ),,,,,0,0,,,
San Casciano in Val di Pesa,,,[地名] 佩萨河谷圣卡夏诺 ( 意 ),,,,,0,0,,,
San Cassiano,,,[地名] 圣卡夏诺 ( 意 ),,,,,0,0,,,
"San Cassiano, Cima",,,[地名] 圣卡夏诺峰 ( 意 ),,,,,0,0,,,
San Cataldo,,,[地名] 圣卡塔尔多 ( 意 ),,,,,0,0,,,
San Cayetano,,,[地名] 圣卡耶塔诺 ( 哥伦、古、洪、墨、尼加、危、委 ),,,,,0,0,,,
"San Cayetano, R.",,,[地名] 圣卡耶塔诺河 ( 古 ),,,,,0,0,,,
San Cesario di Lecce,,,[地名] 莱切省圣切萨里奥 ( 意 ),,,,,0,0,,,
San Cesario sul Panaro,,,[地名] 帕纳罗河畔圣切萨里奥 ( 意 ),,,,,0,0,,,
san ch'ung hsi t'ai,,,三重戏台,,,,,0,0,,,
San Chirico Nuovo,,,[地名] 新圣基里科 ( 意 ),,,,,0,0,,,
San Chirico Raparo,,,[地名] 圣基里科-拉帕罗 ( 意 ),,,,,0,0,,,
san cho gaku (japan),,,三朝乐(日本),,,,,0,0,,,
San Cipirello,,,[地名] 圣奇皮雷洛 ( 意 ),,,,,0,0,,,
"San Cipriano, B.de",,,[地名] 圣西普里亚诺湾 ( 西撒 ),,,,,0,0,,,
"San Cipriano, R.",,,[地名] 圣西普里亚诺河 ( 洪 ),,,,,0,0,,,
San Ciro de Acosta,,,[地名] 圣西罗-德阿科斯塔 ( 墨 ),,,,,0,0,,,
"San Clara, R.",,,[地名] 圣克拉拉河 ( 巴拿 ),,,,,0,0,,,
San Claudio,,,[地名] 圣克劳迪奥 ( 古、尼加 ),,,,,0,0,,,
San Claver,,,[地名] 圣克拉韦尔 ( 哥伦 ),,,,,0,0,,,
San Clemente,,,n. 圣克莱门特,,,,,0,0,,,
San Clemente Basin,,,[地名] 圣克利门蒂海盆 ( 太平洋 ),,,,,0,0,,,
San Clemente I.,,,[地名] 圣克利门蒂岛 ( 美 ),,,,,0,0,,,
san clemente island,,,n. 圣克利门蒂岛,,,,,0,0,,,
San Clodio,,,[地名] 圣克洛迪奥 ( 西 ),,,,,0,0,,,
San Cosme,,,[地名] 圣科斯梅 ( 阿根、巴拉、墨 ),,,,,0,0,,,
San Costantino Albanese,,,[地名] 圣科斯坦蒂诺-阿尔巴内塞 ( 意 ),,,,,0,0,,,
San Costanzo,,,[地名] 圣科斯坦佐 ( 意 ),,,,,0,0,,,
San Cristobal,,,n. 圣克里斯托瓦尔,,,,,0,0,,,
San Cristobal I.,,,[地名] 圣克里斯托瓦尔岛 ( 所 ),,,,,0,0,,,
San Cristobal Trench,,,[地名] 圣克里斯托瓦尔海沟 ( 太平洋 ),,,,,0,0,,,
"San Cristobal, Mt.",,,[地名] 圣克里斯托瓦尔山 ( 菲 ),,,,,0,0,,,
San Cristóbal,,,[地名] 圣克里斯托瓦尔 ( 阿根、巴拿、玻、多米共、哥伦、古、洪、墨、尼加、萨、委 ),,,,,0,0,,,
San Cristóbal de Cea,,,[地名] *塞阿河畔圣克里斯托瓦尔(塞阿的旧称) ( 西 ),,,,,0,0,,,
San Cristóbal de Entreviňas,,,[地名] 圣克里斯托瓦尔-德恩特雷维尼亚斯 ( 西 ),,,,,0,0,,,
San Cristóbal de la Laguna,,,[地名] 滨湖圣克里斯托瓦尔 ( 西 ),,,,,0,0,,,
San Cristóbal de la Vega,,,[地名] 圣克里斯托瓦尔-德拉维加 ( 西 ),,,,,0,0,,,
San Cristóbal de las Casas,,,[地名] 圣克里斯托瓦尔-德拉斯卡萨斯 ( 墨 ),,,,,0,0,,,
San Cristóbal Verapaz,,,[地名] 圣克里斯托瓦尔-贝拉帕斯 ( 危 ),,,,,0,0,,,
"San Cristóbal, B.de",,,[地名] 圣克里斯托瓦尔湾 ( 巴拿 ),,,,,0,0,,,
"San Cristóbal, Cerro",,,[地名] 圣克里斯托瓦尔山 ( 秘、西 ),,,,,0,0,,,
"San Cristóbal, I.",,,[地名] 圣克里斯托瓦尔岛 ( 厄 ),,,,,0,0,,,
"San Cristóbal, Mte.",,,[地名] 圣克里斯托瓦尔山 ( 洪 ),,,,,0,0,,,
"San Cristóbal, Prov.de",,,[地名] 圣克里斯托瓦尔省 ( 多米共 ),,,,,0,0,,,
"San Cristóbal, R.",,,[地名] 圣克里斯托瓦尔河 ( 巴拿、哥斯、尼加、萨、危 ),,,,,0,0,,,
"San Cristóbal, Vol.",,,[地名] 圣克里斯托瓦尔火山 ( 尼加 ),,,,,0,0,,,
"San Croce, C.",,,[地名] 圣克罗切角 ( 意 ),,,,,0,0,,,
"San Croce, L.di",,,[地名] 圣克罗切湖 ( 意 ),,,,,0,0,,,
San Cruz Verapaz,,,[地名] 圣克鲁斯-贝拉帕斯 ( 危 ),,,,,0,0,,,
"San Cruz, R.",,,[地名] 圣克鲁斯河 ( 洪 ),,,,,0,0,,,
San Damiano Macra,,,[地名] 圣达米亚诺-马克拉 ( 意 ),,,,,0,0,,,
San Daniele del Friuli,,,[地名] 弗留利地区圣达尼埃莱 ( 意 ),,,,,0,0,,,
San Demetrio Corone,,,[地名] 圣德梅特里奥-科罗内 ( 意 ),,,,,0,0,,,
San Demetrio ne Vestini,,,[地名] 圣德梅特里奥-内韦斯蒂尼 ( 意 ),,,,,0,0,,,
San Diegan,,,圣地亚哥人,,,,,0,0,,,
San Diegans,,,San Diegan\n圣地亚哥人,,,,,0,0,,,
San Diego,",sændi(:)'ei^әu",,"n. 圣地亚哥,圣迭哥",,,,,0,0,s:san diegoes,,
San Diego Bay,,,[网络] 圣地亚哥海湾；圣迭戈湾；圣地牙哥湾,,,,,0,0,s:san diego bays,,
san diego bays,,,[网络] 圣地亚哥海湾；圣迭戈湾；圣地牙哥湾\n(san diego bay 的复数),,,,,0,0,0:san diego bay/1:s,,
San Diego Chargers,,,[网络] 圣地牙哥电光；圣地亚哥电光；圣地亚哥闪电人,,,,,0,0,,,
San Diego County,,,[地名] 圣迭戈县 ( 美 ),,,,,0,0,,,
San Diego de Cabrutica,,,[地名] 圣迭戈-德卡夫鲁蒂卡 ( 委 ),,,,,0,0,,,
San Diego Trough,,,[地名] 圣选戈海槽 ( 太平洋 ),,,,,0,0,,,
San Diego Zoo,,,[网络] 圣地牙哥动物园；圣地亚哥动物园；圣迭戈动物园,,,,,0,0,,,
"San Diego, C.",,,[地名] 圣迭戈角 ( 阿根 ),,,,,0,0,,,
"San Diego, R.",,,[地名] 圣迭戈河 ( 古、尼加、危 ),,,,,0,0,,,
San Diego-Tijuana,,,[网络] 圣地亚哥 - 蒂华纳,,,,,0,0,,,
san diegoes,,,圣迭哥，圣地亚哥（美国加州港口城市）,,,,,0,0,0:san diego/1:s,,
San Dieguito,,,[地名] 圣迭吉托 ( 墨 ),,,,,0,0,,,
San Dimas,,,[地名] 圣迪马斯 ( 哥斯、洪、美、墨 ),,,,,0,0,,,
"San Dimitri, ll-Ponta ta'",,,[地名] 圣迪米特里角 ( 马耳他 ),,,,,0,0,,,
San Dionisio,,,[地名] 圣迪奥尼西奥 ( 菲、古、墨、尼加 ),,,,,0,0,,,
"San Dionisio, I.",,,[地名] 圣迪奥尼西奥岛 ( 萨 ),,,,,0,0,,,
San Domingo,,,圣多明各（城市名）,,,,,0,0,,,
"San Domino, Isola",,,[地名] 圣多米诺岛 ( 意 ),,,,,0,0,,,
San Donaci,,,[地名] 圣多纳奇 ( 意 ),,,,,0,0,,,
San Donato di Lecce,,,[地名] 莱切省圣多纳托 ( 意 ),,,,,0,0,,,
San Donato di Ninea,,,[地名] 圣多纳托-迪尼内阿 ( 意 ),,,,,0,0,,,
San Donato Milanese,,,[地名] 圣多纳托-米拉内塞 ( 意 ),,,,,0,0,,,
San Donato Val di Comino,,,[地名] 圣多纳托-瓦尔迪科米诺 ( 意 ),,,,,0,0,,,
San Donà di Piave,,,[地名] 皮亚韦河畔圣多纳 ( 意 ),,,,,0,0,,,
San Eduardo,,,[地名] 圣爱德华多 ( 阿根、厄、古 ),,,,,0,0,,,
San Elizario,,,[地名] 圣埃利萨里奥 ( 美 ),,,,,0,0,,,
San Eloy,,,[地名] 圣埃洛伊 ( 厄 ),,,,,0,0,,,
San Elpidio a Mare,,,[地名] 滨海圣埃尔皮迪奥 ( 意 ),,,,,0,0,,,
San Emiliano,,,[地名] 圣埃米利亚诺 ( 西 ),,,,,0,0,,,
San Emilio,,,[地名] 圣埃米利奥 ( 厄、菲、古、尼加 ),,,,,0,0,,,
San Enrique,,,[地名] 圣恩里克 ( 阿根、厄、菲、墨 ),,,,,0,0,,,
San Ernesto,,,[地名] 圣埃内斯托 ( 厄 ),,,,,0,0,,,
San Estanislao,,,[地名] 圣埃斯塔尼斯劳 ( 巴拉、哥伦 ),,,,,0,0,,,
San Esteban,,,[地名] 圣埃斯特万 ( 阿根、菲、古、洪、墨、尼加、委、西 ),,,,,0,0,,,
san esteban de gormaz,,,圣艾斯特班哥马斯,,,,,0,0,,,
San Esteban de Górmaz,,,[地名] 圣埃斯特万-德戈马斯 ( 西 ),,,,,0,0,,,
San Esteban de la Sierra,,,[地名] 圣埃斯特万-德拉谢拉 ( 西 ),,,,,0,0,,,
San Esteban del Molar,,,[地名] 圣埃斯特万-德尔莫拉尔 ( 西 ),,,,,0,0,,,
San Esteban del Valle,,,[地名] 圣埃斯特万-德尔巴列 ( 西 ),,,,,0,0,,,
"San Esteban, Embalse de",,,[地名] 圣埃斯特万水库 ( 西 ),,,,,0,0,,,
"San Esteban, G.de",,,[地名] 圣埃斯特万湾 ( 智 ),,,,,0,0,,,
San Eugenio,,,[地名] 圣欧亨尼奥 ( 古 ),,,,,0,0,,,
San Fabian,,,[地名] 圣法比安 ( 菲 ),,,,,0,0,,,
SAN fabric,,,[网络] 连接设备；存储网络,,,,,0,0,,,
San Fagcisco,,,[网络] 圣加的斯,,,,,0,0,,,
san fairy ann,,,na. 〈俚〉【军】不要紧,,,,,0,0,,,
San FairyAnn,'sæn'feәri'æn,,"[军口]不要紧, 别怕",,,,,0,0,,,
San Fele,,,[地名] 圣费莱 ( 意 ),,,,,0,0,,,
San Felice Circeo,,,[地名] 圣费利切-奇尔切奥 ( 意 ),,,,,0,0,,,
San Felice sul Panaro,,,[地名] 帕纳罗河畔圣费利切 ( 意 ),,,,,0,0,,,
San Felices de los Gallegos,,,[地名] 圣费利塞斯-德洛斯加列戈斯 ( 西 ),,,,,0,0,,,
San Felipe,,,[地名] 圣费利佩 ( 阿根、巴拿、秘、玻、多米共、厄、菲、哥伦、哥斯、古、洪、墨、尼加、萨、危、委、智 ),,,,,0,0,,,
San Felipe B.,,,[地名] 圣费利佩湾 ( 智 ),,,,,0,0,,,
San Felipe de Puerto Plata,,,[地名] *普拉塔港省圣费利佩(普拉塔港的旧称) ( 多米共 ),,,,,0,0,,,
"San Felipe, Cayos de",,,[地名] 圣费利佩群岛 ( 古 ),,,,,0,0,,,
"San Felipe, Cerro de",,,[地名] 圣费利佩峰 ( 西 ),,,,,0,0,,,
"San Felipe, R.",,,[地名] 圣费利佩河 ( 古、洪 ),,,,,0,0,,,
san feliu de guixols,,,圣非留奎索斯,,,,,0,0,,,
san feliu de llobregat,,,圣非留约布雷盖,,,,,0,0,,,
san felix,,,圣非利斯,,,,,0,0,,,
San Ferdinando di Puglia,,,[地名] 普利亚大区圣费尔迪南多 ( 意 ),,,,,0,0,,,
San Fermin,,,[地名] 圣费尔明 ( 阿根、玻、墨 ),,,,,0,0,,,
San Fernando,,,圣费尔南多（阿根廷布宜诺斯艾利斯省的一座城市）,,,,,0,0,,,
San Fernando de Apure,,,[地名] 阿普雷河畔圣费尔南多 ( 委 ),,,,,0,0,,,
San Fernando de Atabapo,,,[地名] 阿塔瓦波河畔圣费尔南多 ( 委 ),,,,,0,0,,,
San Fernando de Henares,,,[地名] 埃纳雷斯河畔圣费尔南多 ( 西 ),,,,,0,0,,,
San Fernando de Monte Cristi,,,[地名] *蒙特克里斯蒂省圣费尔(蒙特克里斯蒂的旧称) ( 多米共 ),,,,,0,0,,,
San Fernando Valley,,,[网络] 圣费尔南多谷；圣费南多谷；圣费南度谷,,,,,0,0,s:san fernando valleys,,
san fernando valleys,,,[网络] 圣费尔南多谷；圣费南多谷；圣费南度谷\n(san fernando valley 的复数),,,,,0,0,0:san fernando valley/1:s,,
"San Fernando, I.",,,[地名] 圣费尔南多岛 ( 巴拿、尼加 ),,,,,0,0,,,
"San Fernando, R.",,,[地名] 圣费尔南多河 ( 玻 ),,,,,0,0,,,
SAN file system,,,[网络] 产品代替,,,,,0,0,,,
San Fili,,,[地名] 圣菲利 ( 意 ),,,,,0,0,,,
San Filippo del Mela,,,[地名] 圣菲利波-德尔梅拉 ( 意 ),,,,,0,0,,,
San Fran,,,[网络] 三藩市；圣弗兰；旧金山人气日本料理,,,,,0,0,,,
San Francesco,,,[网络] 圣方济各；圣弗兰西斯科；圣弗朗西斯科教堂,,,,,0,0,,,
"San Francesco, Basilica di",,,[地名] 圣方济各教堂〈阿西西〉 ( 意 ),,,,,0,0,,,
San Francique,,,[地名] 圣弗兰西克 ( 特立 ),,,,,0,0,,,
San Franciscan,",sænfræn'siskən",,"(美国加利福尼亚州的)旧金山市民, 旧金山居民, 旧金山人",,,,,0,0,,,
San Franciscans,,,[网络] 圣方济各会,,,,,0,0,,,
San Francisco,",sænfrәn'siskәu",,旧金山,,,,,0,0,s:san franciscoes,,
san francisco (gotera),,,圣夫兰西斯科(哥特拉),,,,,0,0,,,
San Francisco 49ers,,,旧金山49人队,,,,,0,0,,,
san francisco b.,,,旧金山湾,,,,,0,0,,,
San Francisco Ballet,,,[网络] 旧金山芭蕾舞团；三藩市芭蕾舞团；旧金山芭蕾舞乐团,,,,,0,0,,,
San Francisco Bay,,,[网络] 旧金山湾；旧金山湾区；旧金山海湾,,,,,0,0,s:san francisco bays,,
san francisco bay area,,, 旧金山湾区,,,,,0,0,,,
san francisco bays,,,圣弗朗西斯科湾(美国西海岸海湾),,,,,0,0,0:san francisco bay/1:s,,
san francisco chronicle,,,un. (美国)《旧金山纪事报》\n[网络] 旧金山记事报；旧金山时报；旧金山新闻,,,,,0,0,,,
San Francisco Conference,,,un. 旧金山会议(1945年在美国签署《联合国宪章》的国际会议)\n[网络] 三藩市会议,,,,,0,0,,,
San Francisco County,,,[地名] 旧金山县 ( 美 ),,,,,0,0,,,
San Francisco de Conchos,,,[地名] 孔乔斯河畔圣弗朗西斯科 ( 墨 ),,,,,0,0,,,
san francisco de macoris,,,[网络] 圣弗朗西斯科-德马科里斯；圣弗朗西斯科市,,,,,0,0,,,
San Francisco de Paula,,,[地名] 圣弗朗西斯科-德保拉 ( 古 ),,,,,0,0,,,
"San Francisco de Paula, C",,,[地名] 圣弗朗西斯科-德保拉角 ( 阿根 ),,,,,0,0,,,
San Francisco del Chaňar,,,[地名] 圣弗朗西斯科-德尔查尼亚尔 ( 阿根 ),,,,,0,0,,,
San Francisco del Norte,,,[地名] 北圣弗朗西斯科 ( 尼加 ),,,,,0,0,,,
San Francisco del Oro,,,[地名] 圣弗朗西斯科-德尔奥罗 ( 墨 ),,,,,0,0,,,
San Francisco del Rincón,,,[地名] 圣弗朗西斯科-德尔林孔 ( 墨 ),,,,,0,0,,,
san francisco examiner,,,[网络] 旧金山观察家报；旧金山观察报；旧金山检察官报,,,,,0,0,,,
San Francisco Giants,,,[网络] 旧金山巨人队；三藩市巨人队；旧金山巨人棒球队,,,,,0,0,,,
San Francisco Gotera,,,[地名] 圣弗朗西斯科-戈特拉 ( 萨 ),,,,,0,0,,,
San Francisco Javier,,,[地名] 圣弗朗西斯科-哈维尔 ( 西 ),,,,,0,0,,,
san francisco mts.,,,圣夫兰西斯科山脉,,,,,0,0,,,
San Francisco Peaks,,,圣弗朗西斯科峰群(美国亚利桑那州北部的三个山峰)[亦作 San Francisco Mountain],,,,,0,0,,,
"San Francisco Solano, Pta.",,,[地名] 圣弗朗西斯科-索拉诺角 ( 哥伦 ),,,,,0,0,,,
San Francisco sound,,,[网络] 旧金山声音；旧金山之声；三藩市声音,,,,,0,0,,,
San Francisco virus,,,[医] 旧金山病毒,,,,,0,0,,,
"San Francisco, C.de",,,[地名] 圣弗朗西斯科角 ( 厄 ),,,,,0,0,,,
"San Francisco, I.",,,[地名] 圣弗朗西斯科岛 ( 巴拉 ),,,,,0,0,,,
"San Francisco, P.de",,,[地名] 圣弗朗西斯科山口 ( 阿根·智 ),,,,,0,0,,,
"San Francisco, R.",,,[地名] 圣弗朗西斯科河 ( 阿根、巴拿、玻、哥斯、古、洪、萨、危 ),,,,,0,0,,,
san franciscoes,,,旧金山（美国城市）,,,,,0,0,0:san francisco/1:s,,
San Fratello,,,[地名] 圣弗拉泰洛 ( 意 ),,,,,0,0,,,
"San Fratello, Torrente",,,[地名] 圣弗拉泰洛河 ( 意 ),,,,,0,0,,,
San Félix,,,[地名] 圣费利克斯 ( 巴拿、洪、委、智 ),,,,,0,0,,,
"San Félix, I.",,,[地名] 圣费利克斯岛 ( 智 ),,,,,0,0,,,
"San Félix, R.",,,[地名] 圣费利克斯河 ( 巴拿 ),,,,,0,0,,,
San Gabriel,,,[地名] 圣加布里埃尔 ( 美 ),,,,,0,0,,,
San Gabriel Chilac,,,[地名] 圣加夫列尔-奇拉克 ( 墨 ),,,,,0,0,,,
San Gabriel Mountains,,,[地名] 圣加布里埃尔山 ( 美 ),,,,,0,0,,,
San Gabriel R.,,,[地名] 圣加布里埃尔河 ( 美 ),,,,,0,0,,,
San Gabriel Res.,,,[地名] 圣加布里埃尔水库 ( 美 ),,,,,0,0,,,
"San Gabriel, Pta.",,,[地名] 圣加夫列尔角 ( 墨、尼加 ),,,,,0,0,,,
"San Gabriel, R.",,,[地名] 圣加夫列尔河 ( 洪、尼加 ),,,,,0,0,,,
san gaku (japan),,,散乐(日本),,,,,0,0,,,
San Gaspar,,,[地名] 圣加斯帕尔 ( 洪 ),,,,,0,0,,,
San Gaspar Ixchil,,,[地名] 圣加斯帕尔-伊斯奇尔 ( 危 ),,,,,0,0,,,
"San Gaspar, R.",,,[地名] 圣加斯帕尔河 ( 洪 ),,,,,0,0,,,
San Gemini,,,[地名] 圣杰米尼 ( 意 ),,,,,0,0,,,
San Genaro,,,[地名] 圣赫纳罗 ( 阿根 ),,,,,0,0,,,
San Gennaio,",sɑ:ndʒen'naijɔ:",,[意大利语]圣真纳约(= Januarius),,,,,0,0,,,
San Gennaro,",sɑ:ndʒen'nɑ:rɔ:",,[意大利语]圣真纳罗[参见 San Gennaio],,,,,0,0,,,
san german,,,圣哲曼,,,,,0,0,,,
San Germano Chisone,,,[地名] 圣杰尔马诺-基索内 ( 意 ),,,,,0,0,,,
San Giacomo,,,[地名] 圣贾科莫 ( 意 ),,,,,0,0,,,
"San Giacomo, Mte",,,[地名] 圣贾科莫山 ( 意 ),,,,,0,0,,,
"San Giacomo, P.di",,,[地名] 圣贾科莫山口 ( 瑞士·意 ),,,,,0,0,,,
San Gil,,,[地名] 圣希尔 ( 厄、哥伦、危 ),,,,,0,0,,,
"San Gil, R.",,,[地名] 圣希尔河 ( 危 ),,,,,0,0,,,
San Gimignano,,,[地名] 圣吉米尼亚诺 ( 意 ),,,,,0,0,,,
San Ginesio,,,[地名] 圣吉内西奥 ( 意 ),,,,,0,0,,,
San Ginés,,,[地名] 圣希内斯 ( 西 ),,,,,0,0,,,
San Giorgio,,,[地名] 圣乔治 ( 意 ),,,,,0,0,,,
San Giorgio Canavese,,,[地名] 圣乔治-卡纳韦塞 ( 意 ),,,,,0,0,,,
San Giorgio del Sannio,,,[地名] 圣乔治-德尔桑尼奥 ( 意 ),,,,,0,0,,,
San Giorgio di Nogaro,,,[地名] 圣乔治-迪诺加罗 ( 意 ),,,,,0,0,,,
San Giorgio di Piano,,,[地名] 圣乔治-迪皮亚诺 ( 意 ),,,,,0,0,,,
San Giorgio Ionico,,,[地名] 圣乔治-伊奥尼科 ( 意 ),,,,,0,0,,,
San Giorgio la Molara,,,[地名] 圣乔治-拉莫拉腊 ( 意 ),,,,,0,0,,,
San Giorgio Maggiore,,,[网络] 圣乔治马焦雷岛；圣马嘉烈教堂；圣乔治马焦雷教堂,,,,,0,0,,,
San Giovanni,,,[地名] 圣乔瓦尼 ( 意 ),,,,,0,0,,,
San Giovanni a Piro,,,[地名] 圣乔瓦尼-阿皮罗 ( 意 ),,,,,0,0,,,
San Giovanni Bianco,,,[地名] 圣乔瓦尼-比安科 ( 意 ),,,,,0,0,,,
San Giovanni d'Asso,,,[地名] 圣乔瓦尼-达索 ( 意 ),,,,,0,0,,,
San Giovanni in Croce,,,[地名] 圣乔瓦尼-因克罗切 ( 意 ),,,,,0,0,,,
San Giovanni in Fiore,,,[地名] 圣乔瓦尼-因菲奥雷 ( 意 ),,,,,0,0,,,
San Giovanni in Persiceto,,,[地名] 圣乔瓦尼-因佩尔西切托 ( 意 ),,,,,0,0,,,
San Giovanni Lupatoto,,,[地名] 圣乔瓦尼-卢帕托托 ( 意 ),,,,,0,0,,,
San Giovanni Rotondo,,,[地名] 圣乔瓦尼-罗通多 ( 意 ),,,,,0,0,,,
San Giovanni Suergiu,,,[地名] 圣乔瓦尼-苏埃尔朱 ( 意 ),,,,,0,0,,,
San Giovanni Teatino,,,[地名] 圣乔瓦尼-泰阿蒂诺 ( 意 ),,,,,0,0,,,
San Giovanni Valdarno,,,[地名] 圣乔瓦尼-瓦尔达诺 ( 意 ),,,,,0,0,,,
San Giuliano,,,[地名] 圣朱利亚诺 ( 意 ),,,,,0,0,,,
San Giuliano Milanese,,,[地名] 圣朱利亚诺-米拉内塞 ( 意 ),,,,,0,0,,,
San Giuliano Terme,,,[地名] 圣朱利亚诺-泰尔梅 ( 意 ),,,,,0,0,,,
"San Giuliano, L.di",,,[地名] 圣朱利亚诺湖 ( 意 ),,,,,0,0,,,
San Giuseppe Jato,,,[地名] 圣朱塞佩-亚托 ( 意 ),,,,,0,0,,,
San Giuseppe Vesuviano,,,[地名] 圣朱塞佩-维苏威亚诺 ( 意 ),,,,,0,0,,,
San Giustino,,,[地名] 圣朱斯蒂诺 ( 意 ),,,,,0,0,,,
San Gonzalo,,,[地名] 圣贡萨洛 ( 阿根、玻、委 ),,,,,0,0,,,
San Gottardo,",sɑ:nɡɔt'tɑ:dəu",,[意大利语] = St. Gotthard,,,,,0,0,,,
"San Gottardo, Passo del",,,[地名] 圣哥达山口。英语惯用名Saint Gotthard Pass ( 瑞士 ),,,,,0,0,,,
San Gregorio,,,[地名] 圣格雷戈里奥 ( 阿根、秘、玻、哥伦、古、美、墨、尼加、委、乌拉、西、智 ),,,,,0,0,,,
"San Gregorio, I.",,,[地名] 圣格雷戈里奥岛 ( 厄 ),,,,,0,0,,,
San Guillermo,,,[地名] 圣吉列尔莫 ( 阿根 ),,,,,0,0,,,
"San Guillermo, Cerro",,,[地名] 圣吉列尔莫山 ( 智 ),,,,,0,0,,,
"San Guillermo, Parque Nacional",,,[地名] 圣吉列尔莫国家公园 ( 阿根 ),,,,,0,0,,,
San Gustavo,,,[地名] 圣古斯塔沃 ( 阿根 ),,,,,0,0,,,
San Hilario,,,[地名] 圣伊拉里奥 ( 阿根、墨 ),,,,,0,0,,,
San Hill,,,(美俚)地狱,,,,,0,0,,,
San Hipólito de Voltrega,,,[地名] 圣伊波利托-德博尔特雷加 ( 西 ),,,,,0,0,,,
"San Hipólito, Pta.",,,[地名] 圣伊波利托角 ( 墨 ),,,,,0,0,,,
san hsien,,,[网络] 生活好,,,,,0,0,,,
San Ignacio,,,[地名] 圣伊格纳西奥 ( 阿根、巴拉、秘、玻、伯、菲、哥斯、古、洪、美、墨、尼加、危、委 ),,,,,0,0,,,
"San Ignacio, I.",,,[地名] 圣伊格纳西奥岛 ( 厄 ),,,,,0,0,,,
"San Ignacio, L.",,,[地名] 圣伊格纳西奥湖 ( 墨 ),,,,,0,0,,,
"San Ignacio, R.",,,[地名] 圣伊格纳西奥河 ( 玻 ),,,,,0,0,,,
San Ildefonso,,,[地名] 圣伊尔德丰索 ( 菲、洪、萨 ),,,,,0,0,,,
San Ildefonso Pen.,,,[地名] 圣伊尔德丰索半岛 ( 菲 ),,,,,0,0,,,
"San Ildefonso, C.",,,[地名] 圣伊尔德丰索角 ( 菲 ),,,,,0,0,,,
"San Ildefonso, R.",,,[地名] 圣伊尔德丰索河 ( 萨 ),,,,,0,0,,,
San Inocente,,,[地名] 圣伊诺森特 ( 古 ),,,,,0,0,,,
San Isabel,,,[地名] 圣伊莎贝尔 ( 洪 ),,,,,0,0,,,
San Isidro,,,圣伊西德罗（阿根廷地名）,,,,,0,0,,,
"San Isidro, C.",,,[地名] 圣伊西德罗角 ( 智 ),,,,,0,0,,,
"San Isidro, R.",,,[地名] 圣伊西德罗河 ( 危 ),,,,,0,0,,,
"San Isidro, Sa.",,,[地名] 圣伊西德罗山 ( 洪 ),,,,,0,0,,,
SAN island,,,[网络] 存储岛,,,,,0,0,,,
San Jacinto,,,圣哈辛托（美国得克萨斯州县名）,,,,,0,0,,,
San Jacinto County,,,[地名] 圣哈辛托县 ( 美 ),,,,,0,0,,,
San Jacinto Day,,,圣哈辛托节(4月21日，美国得克萨斯州为纪念1836年圣哈辛托战役之胜利的法定假日),,,,,0,0,,,
San Jacinto de Gala,,,[地名] 加拉河畔圣哈辛托 ( 厄 ),,,,,0,0,,,
San Jacinto Mountains,,,[地名] 圣哈辛托山 ( 美 ),,,,,0,0,,,
San Jacinto Peak,,,[地名] 圣哈辛托峰 ( 美 ),,,,,0,0,,,
"San Jacinto, R.",,,[地名] 圣哈辛托河 ( 萨 ),,,,,0,0,,,
"San Jacinto, Vol.",,,[地名] 圣哈辛托火山 ( 尼加 ),,,,,0,0,,,
San Jaime,,,[地名] 圣海梅 ( 阿根、委 ),,,,,0,0,,,
San Javier,,,[地名] 圣哈维尔 ( 阿根、玻、厄、哥伦、墨、西、智、 ),,,,,0,0,,,
"San Javier, R.",,,[地名] 圣哈维尔河 ( 阿根 ),,,,,0,0,,,
San Jerónimo,,,[地名] 圣赫罗尼莫 ( 秘、玻、厄、哥伦、古、洪、墨、尼加、萨 ),,,,,0,0,,,
San Jerónimo Pinal,,,[地名] 圣赫罗尼莫-皮纳尔 ( 洪 ),,,,,0,0,,,
"San Jerónimo, Cerro",,,[地名] 圣赫罗尼莫山 ( 洪 ),,,,,0,0,,,
"San Jerónimo, R.",,,[地名] 圣赫罗尼莫河 ( 哥斯、洪、危 ),,,,,0,0,,,
"San Jerónimo, Sa.de",,,[地名] 圣赫罗尼莫山 ( 哥伦 ),,,,,0,0,,,
San Joaquin,,,[地名] 圣华金 ( 菲、美 ),,,,,0,0,,,
San Joaquin County,,,[地名] 圣华金县 ( 美 ),,,,,0,0,,,
San Joaquin fever,,,"[医] 圣华金河热, 球孢子菌病",,,,,0,0,,,
San Joaquin R.,,,[地名] 圣华金河 ( 美 ),,,,,0,0,,,
San Joaquin River,,,[网络] 圣华金河；河起源自；圣瓦昆河,,,,,0,0,s:san joaquin rivers,,
san joaquin rivers,,,[网络] 圣华金河；河起源自；圣瓦昆河\n(san joaquin river 的复数),,,,,0,0,0:san joaquin river/1:s,,
San Joaquin Valley,,,[网络] 圣华金河谷；圣华金谷；圣华金谷地,,,,,0,0,s:san joaquin valleys,,
San Joaquin Valley disease,,,[医] 球孢子菌性肉芽肿,,,,,0,0,,,
San Joaquin Valley fever,,,"圣华金河热,球孢子菌病",,,,,0,0,,,
san joaquin valleys,,,圣华金河谷,,,,,0,0,0:san joaquin valley/1:s,,
San Jon,,,[地名] 圣乔恩 ( 美 ),,,,,0,0,,,
San Jorge,,,[地名] 圣豪尔赫 ( 阿根、巴拉、哥斯、古、洪、墨、尼加、萨、乌拉、西、智 ),,,,,0,0,,,
San Jorge I.,,,[地名] 圣豪尔赫岛 ( 所 ),,,,,0,0,,,
"San Jorge, C.",,,[地名] 圣豪尔赫角 ( 阿根 ),,,,,0,0,,,
"San Jorge, G.de",,,[地名] 圣豪尔赫湾 ( 阿根、西 ),,,,,0,0,,,
"San Jorge, R.",,,[地名] 圣豪尔赫河 ( 哥伦 ),,,,,0,0,,,
San Jose,sɑ:n hәu'zei,,圣何塞(美国城市),,,,,0,0,s:san joses,,
san jose carpizo,,,圣荷西卡匹索,,,,,0,0,,,
san jose de amacuro,,,圣荷西亚马库罗,,,,,0,0,,,
San Jose de Buenavista,,,[地名] 圣何塞-德布埃纳维斯塔 ( 菲 ),,,,,0,0,,,
san jose de feliciano,,,圣荷西非利西亚诺,,,,,0,0,,,
san jose de ocune,,,圣荷西欧库内,,,,,0,0,,,
san jose del cabo,,,圣荷西卡波,,,,,0,0,,,
San Jose del Monte,,,[地名] 圣何塞-德尔蒙特 ( 菲 ),,,,,0,0,,,
San Jose Oil Agreement,,,[贸易] 圣约瑟石油协议,,,,,0,0,,,
San Jose scale,'sænhәu'zeiskeil,,"[动]梨圆盾蚧, 圣约瑟虫(一种有害于果树的甲虫)",,,,,0,0,s:san jose scales,,
San Jose scales,,,圣约瑟虫,,,,,0,0,0:san jose scale/1:s,,
san jose state university,,,[网络] 圣何塞州立大学；圣荷西州立大学；美国圣荷西州立大学,,,,,0,0,,,
san joses,",sænhəu'zei",,圣何塞(美国加利福尼亚州西部城市),,,,,0,0,0:san jose/1:s,,
San José,,,[地名] 圣何塞 ( 阿根、巴拉、巴拿、秘、厄、哥伦、哥斯、古、洪、萨、危、委、乌拉、西 ),,,,,0,0,,,
San José Canyon,,,[地名] 圣何塞海底峡谷 ( 太平洋 ),,,,,0,0,,,
San José Carpizo,,,[地名] 圣何塞-卡尔皮索 ( 墨 ),,,,,0,0,,,
San José de Amacuro,,,[地名] 阿马库罗河畔圣何塞 ( 委 ),,,,,0,0,,,
San José de Chiquitos,,,[地名] 圣何塞-德奇基托斯 ( 玻 ),,,,,0,0,,,
San José de Chupiamonas,,,[地名] 圣何塞-德丘皮亚莫纳斯 ( 玻 ),,,,,0,0,,,
San José de Feliciano,,,[地名] 圣何塞-德费利西亚诺 ( 阿根 ),,,,,0,0,,,
San José de Gracia,,,[地名] 圣何塞-德格拉西亚 ( 墨 ),,,,,0,0,,,
San José de Guanipa,,,[地名] 圣何塞-德瓜尼帕 ( 委 ),,,,,0,0,,,
San José de Guaribe,,,[地名] 瓜里韦河畔圣何塞 ( 委 ),,,,,0,0,,,
San José de la Dormida,,,[地名] 圣何塞-德拉多米达 ( 阿根 ),,,,,0,0,,,
San José de la Mariquina,,,[地名] 圣何塞-德拉马里基纳 ( 智 ),,,,,0,0,,,
San José de las Esquina,,,[地名] 圣何塞-德拉斯埃斯基纳 ( 阿根 ),,,,,0,0,,,
San José de las Lajas,,,[地名] 圣何塞-德拉斯拉哈斯 ( 古 ),,,,,0,0,,,
San José de Mayo,,,[地名] 圣何塞-德马约 ( 乌拉 ),,,,,0,0,,,
San José de Miranda,,,[地名] 圣何塞-德米兰达 ( 哥伦 ),,,,,0,0,,,
San José de Ocoa,,,[地名] 奥科阿河畔圣何塞 ( 多米共 ),,,,,0,0,,,
San José de Ocuné,,,[地名] 圣何塞-德奥库内 ( 哥伦 ),,,,,0,0,,,
San José de Tiznados,,,[地名] 圣何塞-德蒂斯纳多斯 ( 委 ),,,,,0,0,,,
San José del Boquerón,,,[地名] 圣何塞-德尔博克龙 ( 阿根 ),,,,,0,0,,,
San José del Cabo,,,[地名] 海角圣何塞 ( 墨 ),,,,,0,0,,,
San José del Guaviare,,,[地名] 瓜维亚雷河畔圣何塞 ( 哥伦 ),,,,,0,0,,,
San José del Palmar,,,[地名] 圣何塞-德尔帕尔马 ( 哥伦 ),,,,,0,0,,,
San José del Retiro,,,[地名] 圣何塞-德尔雷蒂罗 ( 古 ),,,,,0,0,,,
San José del Sur,,,[地名] 南圣何塞 ( 尼加 ),,,,,0,0,,,
"San José, C.",,,[地名] 圣何塞角 ( 阿根 ),,,,,0,0,,,
"San José, Cerro",,,[地名] 圣何塞山 ( 秘、西 ),,,,,0,0,,,
"San José, Cuchilla de",,,[地名] 圣何塞丘陵 ( 乌拉 ),,,,,0,0,,,
"San José, Dep.de",,,[地名] 圣何塞省 ( 乌拉 ),,,,,0,0,,,
"San José, G.",,,[地名] 圣何塞湾 ( 阿根 ),,,,,0,0,,,
"San José, I.",,,[地名] 圣何塞岛 ( 巴拿、哥伦、哥斯、墨 ),,,,,0,0,,,
"San José, Is.",,,[地名] 圣何塞群岛 ( 巴拿 ),,,,,0,0,,,
"San José, Mt.de",,,[地名] 圣何塞山 ( 洪 ),,,,,0,0,,,
"San José, Prov.de",,,[地名] 圣何塞省 ( 哥斯 ),,,,,0,0,,,
"San José, Pta.",,,[地名] 圣何塞角 ( 哥斯、尼加 ),,,,,0,0,,,
"San José, R.",,,[地名] 圣何塞河 ( 巴拿、玻、洪、尼加、萨、危 ),,,,,0,0,,,
"San José, Sa.de",,,[地名] 圣何塞山 ( 玻 ),,,,,0,0,,,
"San José, Salinas de",,,[地名] 圣何塞盐沼 ( 玻 ),,,,,0,0,,,
"San José, Vol.",,,[地名] 圣何塞火山 ( 智 ),,,,,0,0,,,
San Juan,sæn'hwɑ:n,,圣胡安(①波多黎各的首府 ②阿根廷中西部的省及其首府),,,,,0,0,s:san juans,,
San Juan Abajo,,,[地名] 下圣胡安 ( 洪 ),,,,,0,0,,,
"San Juan Acul, L.",,,[地名] 圣胡安阿库尔湖 ( 危 ),,,,,0,0,,,
San Juan Arriba,,,[地名] 上圣胡安 ( 洪 ),,,,,0,0,,,
San Juan Basin,,,[地名] 圣胡安盆地 ( 美 ),,,,,0,0,,,
San Juan Bautista,,,[网络] 圣胡安包蒂斯塔；圣胡安包蒂斯塔号；圣胡安包提斯塔,,,,,0,0,,,
San Juan Bautista Tuxtepec,,,[地名] 圣胡安包蒂斯塔-图斯特佩克 ( 墨 ),,,,,0,0,,,
San Juan Capistrano,,,[地名] 圣胡安-卡皮斯特拉诺 ( 美 ),,,,,0,0,,,
San Juan Cotzal,,,[地名] 圣胡安-科察尔 ( 危 ),,,,,0,0,,,
San Juan County,,,[地名] 圣胡安县 ( 美 ),,,,,0,0,,,
San Juan de Alicante,,,[地名] 阿利坎特省圣胡安 ( 西 ),,,,,0,0,,,
san juan de camarones,,,圣胡安卡马罗内斯,,,,,0,0,,,
San Juan de Ciénaga,,,[地名] 圣胡安-德谢纳加 ( 哥伦 ),,,,,0,0,,,
San Juan de Colón,,,[地名] 圣胡安-德科隆 ( 委 ),,,,,0,0,,,
San Juan de César,,,[地名] 圣胡安-德塞萨尔 ( 哥伦 ),,,,,0,0,,,
San Juan de Guadalupe,,,[地名] 圣胡安-德瓜达卢佩 ( 墨 ),,,,,0,0,,,
san juan de la cruz,,,[网络] 圣若望十字；圣师若望十字；圣胡安德拉克鲁兹,,,,,0,0,,,
San Juan de la Maguana,,,[地名] 圣胡安-德拉马瓜纳 ( 多米共 ),,,,,0,0,,,
San Juan de los Cayos,,,[地名] 圣胡安-德洛斯卡约斯 ( 委 ),,,,,0,0,,,
San Juan de los Lagos,,,[地名] 圣胡安-德洛斯拉戈斯 ( 墨 ),,,,,0,0,,,
San Juan de los Morros,,,[地名] 圣胡安-德洛斯莫罗斯 ( 委 ),,,,,0,0,,,
"San Juan de Micay, R.",,,[地名] 圣胡安-德米凯河 ( 哥伦 ),,,,,0,0,,,
San Juan de Nieva,,,[地名] 圣胡安-德涅瓦 ( 西 ),,,,,0,0,,,
San Juan de Payara,,,[地名] 圣胡安-德帕亚拉 ( 委 ),,,,,0,0,,,
san juan de sabinas,,,圣胡安沙比纳斯,,,,,0,0,,,
San Juan de Salvamento,,,[地名] 圣胡安-德萨尔瓦门托 ( 阿根 ),,,,,0,0,,,
San Juan de Vilasar,,,[地名] 圣胡安-德比拉萨尔 ( 西 ),,,,,0,0,,,
San Juan de Wilson,,,[地名] 圣胡安-德威尔逊 ( 古 ),,,,,0,0,,,
San Juan del Monte,,,圣胡安-德尔蒙特,,,,,0,0,,,
San Juan del Norte,,,[地名] 北圣胡安 ( 尼加 ),,,,,0,0,,,
"San Juan del Norte, B.de",,,[地名] 北圣胡安湾 ( 尼加 ),,,,,0,0,,,
san juan del rio,,,圣胡安里约,,,,,0,0,,,
San Juan del Sur,,,[地名] 南圣胡安 ( 尼加 ),,,,,0,0,,,
"San Juan del Sur, B.",,,[地名] 南圣胡安湾 ( 尼加 ),,,,,0,0,,,
San Juan Evangelista,,,[地名] 圣胡安-埃万赫利斯塔 ( 墨 ),,,,,0,0,,,
San Juan Hill,,,un. 圣胡安山战役(美国在1898年同西班牙战争中的一场战斗)\n[网络] 圣黄安山；圣约翰山,,,,,0,0,,,
San Juan Hot Springs,,,[地名] 圣胡安温泉村 ( 美 ),,,,,0,0,,,
San Juan Indian Reservation,,,[地名] 圣胡安印第安人居留地 ( 美 ),,,,,0,0,,,
San Juan Is.,,,[地名] 圣胡安群岛 ( 美 ),,,,,0,0,,,
San Juan Islands,,,[网络] 圣胡安群岛；圣璜群岛；圣胡安岛,,,,,0,0,,,
San Juan Mountains,,,[网络] 圣胡安山脉；圣胡安山地；山景,,,,,0,0,s:san juan mountainss,,
san juan mountainss,,,圣胡安山脉(美国科罗拉多州西南、新墨西哥州北部的山脉，落基山脉的一部分),,,,,0,0,0:san juan mountains/1:s,,
san juan mts.,,,圣胡安山脉,,,,,0,0,,,
San Juan Nepomuceno,,,[地名] 圣胡安-内波穆塞诺 ( 巴拉、哥伦、古 ),,,,,0,0,,,
San Juan Pueblo,,,[地名] 圣胡安村 ( 美 ),,,,,0,0,,,
san juan r.,,,圣胡安河,,,,,0,0,,,
San Juan River,,,n. 圣胡安河,,,,,0,0,,,
San Juan Sacatepéquez,,,[地名] 圣胡安-萨卡特佩克斯 ( 危 ),,,,,0,0,,,
San Juan Seamount,,,[地名] 圣胡安海山 ( 太平洋 ),,,,,0,0,,,
"San Juan, B.",,,[地名] 圣胡安湾 ( 秘 ),,,,,0,0,,,
"San Juan, C.",,,[地名] 圣胡安角 ( 阿根、赤几 ),,,,,0,0,,,
"San Juan, Cabezas de",,,[地名] 圣胡安角 ( 波多 ),,,,,0,0,,,
"San Juan, Cayo",,,[地名] 圣胡安岛 ( 古 ),,,,,0,0,,,
"San Juan, Cayos",,,[地名] 圣胡安群岛 ( 古 ),,,,,0,0,,,
"San Juan, Cerro",,,[地名] 圣胡安山 ( 洪、西 ),,,,,0,0,,,
"San Juan, Dist.",,,[地名] 圣胡安区 ( 波多 ),,,,,0,0,,,
"San Juan, Embalse de",,,[地名] 圣胡安水库 ( 西 ),,,,,0,0,,,
"San Juan, L.",,,[地名] 圣胡安湖 ( 玻、危 ),,,,,0,0,,,
"San Juan, Pico",,,[地名] 圣胡安峰 ( 古 ),,,,,0,0,,,
"San Juan, Prov.de",,,[地名] 圣胡安省 ( 阿根、多米共 ),,,,,0,0,,,
"San Juan, Pta.",,,[地名] 圣胡安角 ( 厄、古、尼加、萨、危、智 ),,,,,0,0,,,
"San Juan, R.",,,[地名] 圣胡安河 ( 阿根、巴拿、秘、厄·哥伦、哥斯·尼加、洪、墨、委、乌拉 ),,,,,0,0,,,
"San Juan, Sa.de",,,[地名] 圣胡安山 ( 西 ),,,,,0,0,,,
San Juancito,,,[地名] 圣胡安西托 ( 洪 ),,,,,0,0,,,
"San Juanico, Pta.",,,[地名] 圣华尼科角 ( 墨 ),,,,,0,0,,,
San Juanito,,,[地名] 圣华尼托 ( 墨 ),,,,,0,0,,,
"San Juanito, I.",,,[地名] 圣华尼托岛 ( 墨 ),,,,,0,0,,,
"San Juanito, Pta.",,,[地名] 圣华尼托角 ( 巴拿 ),,,,,0,0,,,
san juans,",sæn'hwɑ:n; ,sɑ:n'hwɑ:n",,圣胡安(波多黎各北部港市、首都)；圣胡安(阿根廷西部城市),,,,,0,0,0:san juan/1:s,,
San Julian,,,[地名] 圣胡利安 ( 菲 ),,,,,0,0,,,
"San Just, Sa.de",,,[地名] 圣胡斯特山 ( 西 ),,,,,0,0,,,
San Justo,,,[地名] 圣胡斯托 ( 阿根、玻 ),,,,,0,0,,,
San Justo de la Vega,,,[地名] 圣胡斯托-德拉维加 ( 西 ),,,,,0,0,,,
"San Justo, Pto.de",,,[地名] 圣胡斯托山口 ( 西 ),,,,,0,0,,,
San Kamphaeng,,,[地名] 山甘烹 ( 泰 ),,,,,0,0,,,
San Kamphaeng Range,,,[地名] 山甘烹山脉 ( 泰 ),,,,,0,0,,,
san kan gaku (japan),,,三韩乐(日本),,,,,0,0,,,
San Kuan,,,[网络] 三观,,,,,0,0,,,
San Lawrenz,,,[地名] 圣劳伦斯 ( 马耳他 ),,,,,0,0,,,
San Lazzaro di Savena,,,[地名] 萨韦纳河畔圣拉扎罗 ( 意 ),,,,,0,0,,,
San Leandro,,,圣莱安德罗（美国加利福尼亚州西部城市）,,,,,0,0,,,
San Leo,,,[地名] 圣莱奥 ( 意 ),,,,,0,0,,,
San Leonardo,,,[地名] 圣莱昂纳多 ( 菲、西、意 ),,,,,0,0,,,
"San Leonardo, Fiume",,,[地名] 圣莱昂纳多河 ( 意 ),,,,,0,0,,,
San Lope,,,[地名] 圣洛佩 ( 哥伦 ),,,,,0,0,,,
San Lorenzo,,,圣洛伦索,,,,,0,0,,,
San Lorenzo al Mare,,,[地名] 滨海圣洛伦佐 ( 意 ),,,,,0,0,,,
San Lorenzo de Calatrava,,,[地名] 圣洛伦索-德卡拉特拉瓦 ( 西 ),,,,,0,0,,,
San Lorenzo de El Escorial,,,[地名] 圣洛伦索-德埃尔埃斯科里亚尔 ( 西 ),,,,,0,0,,,
San Lorenzo de la Parrilla,,,[地名] 圣洛伦索-德拉帕里利亚 ( 西 ),,,,,0,0,,,
San Lorenzo de Tormes,,,[地名] 托尔梅斯河畔圣洛伦索 ( 西 ),,,,,0,0,,,
San Lorenzo di Sebato,,,[地名] 圣洛伦佐-迪塞巴托 ( 意 ),,,,,0,0,,,
San Lorenzo in Campo,,,[地名] 圣洛伦佐-因坎波 ( 意 ),,,,,0,0,,,
"San Lorenzo, C.",,,[地名] 圣洛伦索角 ( 厄、西 ),,,,,0,0,,,
"San Lorenzo, Cerro (Cochrane Cerro)",,,[地名] 圣洛伦索峰(科克伦峰) ( 阿根·智 ),,,,,0,0,,,
"San Lorenzo, Embalse de",,,[地名] 圣洛伦索水库 ( 西 ),,,,,0,0,,,
"San Lorenzo, Ensenada de",,,[地名] 圣洛伦索湾 ( 巴拿 ),,,,,0,0,,,
"San Lorenzo, I.",,,[地名] 圣洛伦索岛 ( 秘、墨 ),,,,,0,0,,,
"San Lorenzo, Pta.",,,[地名] 圣洛伦索角 ( 巴拿 ),,,,,0,0,,,
"San Lorenzo, R.",,,[地名] 圣洛伦索河 ( 巴拿、玻、洪、尼加、萨 ),,,,,0,0,,,
"San Lorenzo, Sa.de",,,[地名] 圣洛伦索山 ( 西 ),,,,,0,0,,,
San Luca,,,[地名] 圣卢卡 ( 意 ),,,,,0,0,,,
San Lucas,,,[地名] 圣卢卡斯 ( 阿根、秘、玻、厄、古、洪、美、墨、尼加、萨 ),,,,,0,0,,,
San Lucas Sacatepéquez,,,[地名] 圣卢卡斯-萨卡特佩克斯 ( 危 ),,,,,0,0,,,
"San Lucas, C.",,,[地名] 圣卢卡斯角 ( 墨 ),,,,,0,0,,,
"san lucas, cape",,,[网络] 圣卢卡斯角,,,,,0,0,,,
"San Lucas, I.",,,[地名] 圣卢卡斯岛 ( 哥斯 ),,,,,0,0,,,
"San Lucas, R.",,,[地名] 圣卢卡斯河 ( 玻 ),,,,,0,0,,,
"San Lucas, Sa.de",,,[地名] 圣卢卡斯山 ( 哥伦 ),,,,,0,0,,,
San Lucido,,,[地名] 圣卢奇多 ( 意 ),,,,,0,0,,,
San Luis,,,圣路易斯（地名）,,,,,0,0,,,
San Luis de la Paz,,,[地名] 圣路易斯-德拉巴斯 ( 墨 ),,,,,0,0,,,
San Luis del Palmar,,,[地名] 圣路易斯-德尔帕尔马 ( 阿根 ),,,,,0,0,,,
San Luis Gonzaga,,,[地名] 圣路易斯-贡萨加 ( 墨 ),,,,,0,0,,,
San Luis Jilotepeque,,,[地名] 圣路易斯-希洛特佩克 ( 危 ),,,,,0,0,,,
San Luis National Wildlife Refuge,,,[地名] 圣路易斯国家野生动物保护区 ( 美 ),,,,,0,0,,,
San Luis Obispo,,,[地名] 圣路易斯-奥比斯波 ( 美 ),,,,,0,0,,,
San Luis Obispo Bay,,,[地名] 圣路易斯-奥比斯波湾 ( 美 ),,,,,0,0,,,
San Luis Obispo County,,,[地名] 圣路易斯-奥比斯波县 ( 美 ),,,,,0,0,,,
San Luis Pajón,,,[地名] 圣路易斯帕洪 ( 洪 ),,,,,0,0,,,
San Luis Peak,,,[地名] 圣路易斯峰 ( 美 ),,,,,0,0,,,
San Luis Potosi,,,[网络] 圣路易斯波托西；圣路易波托西；圣路易玻托西,,,,,0,0,s:san luis potosis,,
san luis potosis,,,[网络] 圣路易斯波托西；圣路易波托西；圣路易玻托西\n(san luis potosi 的复数),,,,,0,0,0:san luis potosi/1:s,,
San Luis Res.,,,[地名] 圣路易斯水库 ( 美 ),,,,,0,0,,,
San Luis Rey,,,[地名] 圣路易斯雷伊 ( 美 ),,,,,0,0,,,
San Luis Rey R.,,,[地名] 圣路易斯雷伊河 ( 美 ),,,,,0,0,,,
"San Luis, I.",,,[地名] 圣路易斯岛 ( 玻、墨 ),,,,,0,0,,,
"San Luis, Mesa de",,,[地名] 圣路易斯台地 ( 墨 ),,,,,0,0,,,
"San Luis, Point",,,[地名] 圣路易斯角 ( 美 ),,,,,0,0,,,
"San Luis, Prov.de",,,[地名] 圣路易斯省 ( 阿根 ),,,,,0,0,,,
"San Luis, R.",,,[地名] 圣路易斯河 ( 玻、墨 ),,,,,0,0,,,
"San Luis, Sa.de",,,[地名] 圣路易斯山 ( 阿根 ),,,,,0,0,,,
San Luisito,,,[地名] 圣路易西托 ( 墨 ),,,,,0,0,,,
San Maddalena Vallalta,,,[地名] 圣马达莱纳-瓦拉尔塔 ( 意 ),,,,,0,0,,,
"San Mamede, Sa.de",,,[地名] 圣马梅德山 ( 西 ),,,,,0,0,,,
San Mamés de Campos,,,[地名] 圣马梅斯-德坎波斯 ( 西 ),,,,,0,0,,,
San Manuel,,,[地名] 圣曼努埃尔 ( 阿根、玻、菲、古、洪、墨、尼加、委、智 ),,,,,0,0,,,
San Marcelino,,,[地名] 圣马塞利诺 ( 菲 ),,,,,0,0,,,
San Marcello Pistoiese,,,[地名] 圣马尔切洛-皮斯托耶塞 ( 意 ),,,,,0,0,,,
San Marcial,,,[地名] 圣马西亚尔 ( 古、美、墨 ),,,,,0,0,,,
"San Marcial, Pta.",,,[地名] 圣马西亚尔角 ( 墨 ),,,,,0,0,,,
San Marco,,,[网络] 圣马可；圣马可广场；圣马可区,,,,,0,0,,,
San Marco Argentano,,,[地名] 圣马科-阿尔真塔诺 ( 意 ),,,,,0,0,,,
San Marco Basilica,,,圣马可教堂,,,,,0,0,,,
San Marco d'Alunzio,,,[地名] 圣马科-达伦齐奥 ( 意 ),,,,,0,0,,,
San Marco dei Cavoti,,,[地名] 圣马科-代卡沃蒂 ( 意 ),,,,,0,0,,,
San Marco in Lamis,,,[地名] 圣马科-因拉米斯 ( 意 ),,,,,0,0,,,
"San Marco, Basilica di",,,[地名] 圣马可教堂〈威尼斯〉 ( 意 ),,,,,0,0,,,
"San Marco, C.",,,[地名] 圣马科角 ( 意 ),,,,,0,0,,,
San Marcos,,,圣马科斯,,,,,0,0,,,
San Marcos la Laguna,,,[地名] 圣马科斯-拉拉古纳 ( 危 ),,,,,0,0,,,
"San Marcos of Lima, Main National University of",,,利马圣马科斯国家重点大学,,,,,0,0,,,
"San Marcos, Dep.de",,,[地名] 圣马科斯省 ( 危 ),,,,,0,0,,,
"San Marcos, I.",,,[地名] 圣马科斯岛 ( 墨 ),,,,,0,0,,,
"San Marcos, L.",,,[地名] 圣马科斯湖 ( 阿根 ),,,,,0,0,,,
"San Marcos, Sa.de",,,[地名] 圣马科斯山 ( 西 ),,,,,0,0,,,
San Margherita,,,[地名] 圣玛格丽塔 ( 意 ),,,,,0,0,,,
San Mariano,,,[地名] 圣马里亚诺 ( 菲 ),,,,,0,0,,,
San Marinese,",sæn,mæri'ni:z",,圣马力诺人,,,,,0,0,s:san marineses,,
san marineses,"'sæn,mæri'ni:z; -'ni:s",,n. 圣马力诺人\nadj. 圣马力诺的,,,,,0,0,0:san marinese/1:s,,
San Marino,",sæn mә'ri:nәu",,圣马力诺(意大利半岛东部的国家),,,,,0,0,s:san marinoes,,
san marinoes,,,圣马力诺（意大利半岛东部的国家）,,,,,0,0,0:san marino/1:s,,
san martin,,,圣马丁,,,,,0,0,,,
San Martin Canyon,,,[地名] 圣马丁海底峡谷 ( 大西洋 ),,,,,0,0,,,
san martin de los andes,,,圣马丁洛斯安地斯,,,,,0,0,,,
san martin de valdeiglesias,,,圣马丁瓦代格列西亚斯,,,,,0,0,,,
San Martin Seamounts,,,[地名] 圣马丁海山 ( 太平洋 ),,,,,0,0,,,
"San Martin, Cape",,,[地名] 圣马丁角 ( 美 ),,,,,0,0,,,
san martinho,,,圣马提纽,,,,,0,0,,,
San Martino (Sankt Martin),,,[地名] 圣马蒂诺(圣马丁) ( 意 ),,,,,0,0,,,
San Martino al Tagliamento,,,[地名] 圣马蒂诺-阿尔塔利亚门托 ( 意 ),,,,,0,0,,,
San Martino Buon Albergo,,,[地名] 圣马蒂诺-布翁阿尔贝戈 ( 意 ),,,,,0,0,,,
San Martino di Castrozza,,,[地名] 圣马蒂诺-迪卡斯特罗扎 ( 意 ),,,,,0,0,,,
San Martino di Lupari,,,[地名] 圣马蒂诺-迪卢帕里 ( 意 ),,,,,0,0,,,
San Martino in Badia,,,[地名] 圣马蒂诺-因巴迪亚 ( 意 ),,,,,0,0,,,
San Martino in Pensilis,,,[地名] 圣马蒂诺-因彭西利斯 ( 意 ),,,,,0,0,,,
"San Martino, Col de",,,[地名] 圣马蒂诺山口 ( 法 ),,,,,0,0,,,
"San Martino, Pizzo",,,[地名] 圣马蒂诺峰 ( 意 ),,,,,0,0,,,
San Martino-di-Lota,,,[地名] 圣马蒂诺-迪洛塔 ( 法 ),,,,,0,0,,,
San Mateo,,,圣马特奥市（美国加州）,,,,,0,0,s:san mateos,,
San Mateo Bridge,,,[地名] 圣马特奥布里奇 ( 美 ),,,,,0,0,,,
San Mateo County,,,[地名] 圣马特奥县 ( 美 ),,,,,0,0,,,
san mateo pk.,,,圣马提欧峰,,,,,0,0,,,
San Mateo Point,,,[地名] 圣马特奥角 ( 美 ),,,,,0,0,,,
"San Mateo, C.",,,[地名] 圣马特奥角 ( 厄 ),,,,,0,0,,,
"San Mateo, R.",,,[地名] 圣马特奥河 ( 玻 ),,,,,0,0,,,
san mateos,",sænmə'teiəu",,圣马特奥(美国加利福尼亚州西部城市),,,,,0,0,0:san mateo/1:s,,
San Matias,,,[地名] 圣马蒂亚什 ( 葡 ),,,,,0,0,,,
San Mauricio,,,[地名] 圣毛里西奥 ( 委 ),,,,,0,0,,,
San Maurizio,,,[地名] 圣毛里齐奥 ( 意 ),,,,,0,0,,,
San Mauro,,,[地名] 圣毛罗 ( 意 ),,,,,0,0,,,
San Mauro Castelverde,,,[地名] 圣毛罗-卡斯泰尔韦代 ( 意 ),,,,,0,0,,,
San Mauro Marchesato,,,[地名] 圣毛罗-马尔凯萨托 ( 意 ),,,,,0,0,,,
San Mauro Pascoli,,,[地名] 圣毛罗-帕斯科利 ( 意 ),,,,,0,0,,,
San Melchor Betaza,,"San Melchor Betaza\nA municipality of Oaxaca, Mexico.\n",,,,,,0,0,,,
San Michele,,,[地名] 圣米凯莱 ( 意 ),,,,,0,0,,,
San Michele al Tagliamento,,,[地名] 塔利亚门托河畔圣米凯莱 ( 意 ),,,,,0,0,,,
San Michele all'Adige,,,[地名] 阿迪杰河畔圣米凯莱 ( 意 ),,,,,0,0,,,
"San Michele, Mte.",,,[地名] 圣米凯莱山 ( 意 ),,,,,0,0,,,
"San Michele, Pta.",,,[地名] 圣米凯莱角 ( 意 ),,,,,0,0,,,
San Miguel,,,[地名] 圣米格尔 ( 阿根、巴拉、巴拿、秘、玻、多米共、厄、菲、哥伦、古、洪、美、尼加、萨、危、委、西、智 ),,,,,0,0,,,
San Miguel Abajo,,,[地名] 下圣米格尔 ( 巴拿 ),,,,,0,0,,,
San Miguel Arriba,,,[地名] 上圣米格尔 ( 巴拿 ),,,,,0,0,,,
San Miguel B.,,,[地名] 圣米格尔湾 ( 菲 ),,,,,0,0,,,
San Miguel County,,,[地名] 圣米格尔县 ( 美 ),,,,,0,0,,,
San Miguel de Allende,,,[地名] 圣米格尔-德阿连德 ( 墨 ),,,,,0,0,,,
San Miguel de Cruces,,,[地名] 圣米格尔-德克鲁塞斯 ( 墨 ),,,,,0,0,,,
San Miguel de Huachi,,,[地名] 圣米格尔-德瓦奇 ( 玻 ),,,,,0,0,,,
San Miguel de Pallaques,,,[地名] 圣米格尔-德帕亚克斯 ( 秘 ),,,,,0,0,,,
San Miguel de Salinas,,,[地名] 圣米格尔-德萨利纳斯 ( 西 ),,,,,0,0,,,
san miguel de tucuman,,,圣米圭尔土库曼,,,,,0,0,,,
San Miguel del Monte,,,[地名] 圣米格尔-德尔蒙特 ( 阿根 ),,,,,0,0,,,
San Miguel el Alto,,,[地名] 上圣米格尔 ( 墨 ),,,,,0,0,,,
San Miguel I.,,,[地名] 圣米格尔岛 ( 美 ),,,,,0,0,,,
San Miguel Is.,,,[地名] 圣米格尔群岛 ( 菲 ),,,,,0,0,,,
San Miguel Norte,,,[地名] 北圣米格尔 ( 哥斯 ),,,,,0,0,,,
San Miguel Passage,,,[地名] 圣米格尔海峡 ( 美 ),,,,,0,0,,,
San Miguel Sola de Vega,,,[地名] 圣米格尔索拉-德维加 ( 墨 ),,,,,0,0,,,
San Miguel Sur,,,[地名] 南圣米格尔 ( 哥斯 ),,,,,0,0,,,
"San Miguel, Dep.de",,,[地名] 圣米格尔省 ( 萨 ),,,,,0,0,,,
"San Miguel, G.de",,,[地名] 圣米格尔湾 ( 巴拿 ),,,,,0,0,,,
"San Miguel, R.",,,[地名] 圣米格尔河 ( 巴拿、玻·巴拉、厄、古、洪、墨、萨、危 ),,,,,0,0,,,
"San Miguel, Vol.de",,,[地名] 圣米格尔火山 ( 萨 ),,,,,0,0,,,
San Miguelito,,,[地名] 圣米格利托 ( 巴拿、玻、洪、尼加、墨 ),,,,,0,0,,,
San Miniato,,,[地名] 圣米尼亚托 ( 意 ),,,,,0,0,,,
San Miniato al Monte,,,[网络] 圣米尼亚托大殿；圣米尼亚托教堂；圣明尼亚托教堂,,,,,0,0,,,
San Narciso,,,[地名] 圣纳西索 ( 菲 ),,,,,0,0,,,
San Nicolas,,,[地名] 圣尼古拉斯 ( 菲 ),,,,,0,0,,,
San Nicolas Basin,,,[地名] 圣尼古拉斯海盆 ( 太平洋 ),,,,,0,0,,,
San Nicolas I.,,,[地名] 圣尼古拉斯岛 ( 美 ),,,,,0,0,,,
San Nicolò d'Arcidano,,,[地名] 圣尼科洛-达尔奇达诺 ( 意 ),,,,,0,0,,,
San Nicolò Ferrarese,,,[地名] 圣尼科洛-费拉雷塞 ( 意 ),,,,,0,0,,,
San Nicolò Gerrei,,,[地名] 圣尼科洛杰雷 ( 意 ),,,,,0,0,,,
san niklau,,,圣尼克劳,,,,,0,0,,,
San Onofre,,,[地名] 圣奥诺弗雷 ( 哥伦、美、墨 ),,,,,0,0,,,
San Pa Tong,,,[地名] 讪巴东 ( 泰 ),,,,,0,0,,,
San Pablo,,,[网络] 圣保罗；圣巴布罗；圣巴勃罗,,,,,0,0,s:san pabloes,,
San Pablo Balleza,,,[地名] 圣巴勃罗-巴耶萨 ( 墨 ),,,,,0,0,,,
san pablo balleza (belleza),,,圣保罗巴耶萨(贝耶萨),,,,,0,0,,,
San Pablo Bay,,,[地名] 圣巴勃罗湾 ( 美 ),,,,,0,0,,,
San Pablo Canyon,,,[地名] 圣巴勃罗海底峡谷 ( 太平洋 ),,,,,0,0,,,
san pablo(san paulo),,,圣保罗,,,,,0,0,,,
"San Pablo, I.",,,[地名] 圣巴勃罗岛 ( 巴拿 ),,,,,0,0,,,
"San Pablo, L.",,,[地名] 圣巴勃罗湖 ( 厄 ),,,,,0,0,,,
"San Pablo, Pta.",,,[地名] 圣巴勃罗角 ( 墨 ),,,,,0,0,,,
"San Pablo, R.",,,[地名] 圣巴勃罗河 ( 巴拿、玻 ),,,,,0,0,,,
san pabloes,,,[网络] 圣保罗；圣巴布罗；圣巴勃罗\n(san pablo 的复数),,,,,0,0,0:san pablo/1:s,,
San Pancrazio d'Ultimo,,,[地名] 圣潘克拉齐奥-杜尔蒂莫 ( 意 ),,,,,0,0,,,
San Pancrazio Salentino,,,[地名] 圣潘克拉齐奥-萨伦蒂诺 ( 意 ),,,,,0,0,,,
San Paolo,,,[地名] 圣保罗 ( 意 ),,,,,0,0,,,
San Paolo di Civitate,,,[地名] 圣保罗-迪奇维塔泰 ( 意 ),,,,,0,0,,,
San Pascual,,,[地名] 圣帕斯夸尔 ( 菲、美、墨 ),,,,,0,0,,,
San Patricio,,,[地名] 圣帕特里西奥 ( 阿根、巴拉、洪、美、尼加、委 ),,,,,0,0,,,
San Patricio County,,,[地名] 圣帕特里西奥县 ( 美 ),,,,,0,0,,,
San Pawl il Baħar,,,[地名] 圣保罗湾城。英语惯用名St Paul's Bay ( 马耳他 ),,,,,0,0,,,
San Pedrito,,,[地名] 圣佩德里托 ( 阿根、巴拿、洪、墨 ),,,,,0,0,,,
"San Pedrito, R.",,,[地名] 圣佩德里托河 ( 巴拿 ),,,,,0,0,,,
San Pedro,,,[地名] 圣佩德罗 ( 阿根、巴拉、巴西、秘、玻、菲、哥伦、古、洪、科特、美、墨、萨、委、乌拉、西、智 ),,,,,0,0,,,
san pedro amusgos,,,圣佩德罗阿穆斯哥斯,,,,,0,0,,,
San Pedro B.,,,[地名] 圣佩德罗湾 ( 菲、美 ),,,,,0,0,,,
san pedro chan.,,,圣佩德罗海崃,,,,,0,0,,,
san pedro channel,,,[网络] 圣佩德罗海峡；圣佩卓海峡,,,,,0,0,,,
San Pedro de Arimena,,,[地名] 圣佩德罗-德阿里梅纳 ( 哥伦 ),,,,,0,0,,,
San Pedro de Atacama,,,[地名] 圣佩德罗-德阿塔卡马 ( 智 ),,,,,0,0,,,
San Pedro de Buena Vista,,,[地名] 圣佩德罗-德布埃纳维斯塔 ( 玻 ),,,,,0,0,,,
San Pedro de Ceque,,,[地名] 圣佩德罗-德塞克 ( 西 ),,,,,0,0,,,
San Pedro de la Cueva,,,[地名] 圣佩德罗-德拉奎瓦 ( 墨 ),,,,,0,0,,,
San Pedro de las Colonias,,,[地名] 圣佩德罗-德拉斯科洛尼亚斯 ( 墨 ),,,,,0,0,,,
San Pedro de Latarce,,,[地名] 圣佩德罗-德拉塔尔塞 ( 西 ),,,,,0,0,,,
San Pedro de Lloc,,,[地名] 圣佩德罗-德约克 ( 秘 ),,,,,0,0,,,
San Pedro de Rozados,,,[地名] 圣佩德罗-德罗萨多斯 ( 西 ),,,,,0,0,,,
San Pedro del Arroyo,,,[地名] 滨河圣佩德罗 ( 西 ),,,,,0,0,,,
san pedro del gallo,,,圣佩德罗加约,,,,,0,0,,,
San Pedro del Norte,,,[地名] 北圣佩德罗 ( 尼加 ),,,,,0,0,,,
San Pedro del Pinatar,,,[地名] 圣佩德罗-德尔皮纳塔尔 ( 西 ),,,,,0,0,,,
San Pedro del Romeral,,,[地名] 圣佩德罗-德尔罗梅拉尔 ( 西 ),,,,,0,0,,,
San Pedro R.,,,[地名] 圣佩德罗河 ( 美 ),,,,,0,0,,,
San Pedro Sula,,,[网络] 圣佩德罗苏拉；圣彼得苏拉；洪都拉斯,,,,,0,0,s:san pedro sulas,,
san pedro sulas,,,[网络] 圣佩德罗苏拉；圣彼得苏拉；洪都拉斯\n(san pedro sula 的复数),,,,,0,0,0:san pedro sula/1:s,,
"San Pedro, B.de",,,[地名] 圣佩德罗湾 ( 智 ),,,,,0,0,,,
"San Pedro, Dep.de",,,[地名] 圣佩德罗省 ( 巴拉 ),,,,,0,0,,,
"San Pedro, I.",,,[地名] 圣佩德罗岛 ( 巴拿 ),,,,,0,0,,,
"San Pedro, L.",,,[地名] 圣佩德罗湖 ( 危 ),,,,,0,0,,,
"San Pedro, Point",,,[地名] 圣佩德罗角 ( 美 ),,,,,0,0,,,
"San Pedro, Pta.",,,[地名] 圣佩德罗角 ( 巴拿、哥斯、尼加、智 ),,,,,0,0,,,
"San Pedro, R.",,,[地名] 圣佩德罗河 ( 巴拿、古、洪、危·墨、委 ),,,,,0,0,,,
"San Pedro, Sa.de",,,[地名] 圣佩德罗山 ( 西 ),,,,,0,0,,,
"San Pedro, Vol.",,,[地名] 圣佩德罗火山 ( 危、智 ),,,,,0,0,,,
San Pedro-Cué,,,[地名] 圣佩德罗-库埃 ( 巴拉 ),,,,,0,0,,,
San Pelayo,,,[地名] 圣佩拉约 ( 哥伦 ),,,,,0,0,,,
San Pellegrino,,,[地名] 圣佩莱格里诺 ( 意 ),,,,,0,0,,,
san pieere swine,,,圣彼埃猪,,,,,0,0,,,
San Piero a Sieve,,,[地名] 圣皮耶罗-阿谢韦 ( 意 ),,,,,0,0,,,
San Piero Patti,,,[地名] 圣皮耶罗帕蒂 ( 意 ),,,,,0,0,,,
San Pierre,,,[地名] 圣皮埃尔 ( 美 ),,,,,0,0,,,
San Pietro,,,[地名] 圣彼得罗 ( 意 ),,,,,0,0,,,
San Pietro in Cariano,,,[地名] 圣彼得罗-因卡里亚诺 ( 意 ),,,,,0,0,,,
San Pietro in Casale,,,[地名] 圣彼得罗-因卡萨莱 ( 意 ),,,,,0,0,,,
San Pietro Vernotico,,,[地名] 圣彼得罗-韦尔诺蒂科 ( 意 ),,,,,0,0,,,
"San Pietro, I.di",,,[地名] 圣彼得罗岛 ( 意 ),,,,,0,0,,,
San Po Kong,,,[地名] 新蒲岗 (香港）,,,,,0,0,,,
San Pol de Mar,,,[地名] 滨海圣波尔 ( 西 ),,,,,0,0,,,
San Polo,,,[网络] 圣保罗；圣保罗区；圣波罗区,,,,,0,0,,,
San Polo d'Enza,,,[地名] 圣波洛登扎 ( 意 ),,,,,0,0,,,
"San Pons, Embalse de",,,[地名] 圣庞斯水库 ( 西 ),,,,,0,0,,,
San Prospero,,,[地名] 圣普罗斯佩罗 ( 意 ),,,,,0,0,,,
San Pédro,,,[地名] 圣佩德罗 ( 科特 ),,,,,0,0,,,
San Quentin,,,[地名] 圣昆廷 ( 菲、美 ),,,,,0,0,,,
San Quentin quail,,,[美国俚语] ＝jailbait,,,,,0,0,,,
San Quirico d' Orcia,,,[地名] 圣奎里科-多尔恰 ( 意 ),,,,,0,0,,,
San Rafael,,,n. 圣拉斐尔 (安蒂奥基亚省),,,,,0,0,,,
San Rafael del Norte,,,[地名] 北圣拉斐尔 ( 尼加 ),,,,,0,0,,,
"San Rafael del Norte, R.",,,[地名] 北圣拉斐尔河 ( 尼加 ),,,,,0,0,,,
San Rafael del Sur,,,[地名] 南圣拉斐尔 ( 尼加 ),,,,,0,0,,,
San Rafael del Yuma,,,[地名] 尤马河畔圣拉斐尔 ( 多米共 ),,,,,0,0,,,
San Rafael Knob,,,[地名] 圣拉斐尔山 ( 美 ),,,,,0,0,,,
San Rafael Mountains,,,[地名] 圣拉斐尔山 ( 美 ),,,,,0,0,,,
San Rafael National Park,,,[网络] 圣拉斐尔国家公国,,,,,0,0,,,
San Rafael R.,,,[地名] 圣拉斐尔河 ( 美 ),,,,,0,0,,,
"San Rafael, C.",,,[地名] 圣拉斐尔角 ( 多米共 ),,,,,0,0,,,
"San Rafael, R.",,,[地名] 圣拉斐尔河 ( 玻 ),,,,,0,0,,,
San Raimundo,,,[地名] 圣雷蒙多 ( 洪、危 ),,,,,0,0,,,
San Ramon,,,[地名] 圣拉蒙 ( 美 ),,,,,0,0,,,
San Ramón,,,[地名] 圣拉蒙 ( 阿根、巴拉、巴拿、秘、玻、哥伦、哥斯、古、洪、墨、尼加、委、乌拉、西、智 ),,,,,0,0,,,
"San Ramón, Pta.",,,[地名] 圣拉蒙角 ( 古 ),,,,,0,0,,,
"San Ramón, R.",,,[地名] 圣拉蒙河 ( 玻 ),,,,,0,0,,,
San Remigio,,,[地名] 圣雷米希奥 ( 古、墨 ),,,,,0,0,,,
San Remo,,,圣雷莫（地名）,,,,,0,0,,,
San Remo Oil Agreement,,,[贸易] 圣雷摩石油协定,,,,,0,0,,,
San River,,,[网络] 桑河,,,,,0,0,,,
San Rocco,,,[地名] 圣罗科 ( 意 ),,,,,0,0,,,
"San Rodrigo, R.",,,[地名] 圣罗德里戈河 ( 墨 ),,,,,0,0,,,
San Roque,,,[地名] 圣罗克 ( 阿根、巴拉、巴拿、玻、菲、哥伦、古、洪、墨、尼加、萨、委、西 ),,,,,0,0,,,
"San Roque, Pta.de",,,[地名] 圣罗克角 ( 尼加 ),,,,,0,0,,,
"San Roque, R.",,,[地名] 圣罗克河 ( 巴拿 ),,,,,0,0,,,
SAN routing,,,[网络] 存储区网络布线,,,,,0,0,,,
San Saba,,,[地名] 圣萨巴 ( 美 ),,,,,0,0,,,
San Saba County,,,[地名] 圣萨巴县 ( 美 ),,,,,0,0,,,
San Saba R.,,,[地名] 圣萨巴河 ( 美 ),,,,,0,0,,,
San Sai,,,[地名] 讪赛 ( 泰 ),,,,,0,0,,,
San Salvador,sæn'sælvәdɔ:,,圣萨尔瓦多(萨尔瓦多首都),,,,,0,0,s:san salvadors,,
san salvador (mbanza congo),,,圣萨尔瓦多(木班札刚果),,,,,0,0,,,
San Salvador de Cantamuda,,,[地名] 圣萨尔瓦多-德坎塔穆达 ( 西 ),,,,,0,0,,,
San Salvador de Jujuy,,,[地名] 胡胡伊省圣萨尔瓦多 ( 阿根 ),,,,,0,0,,,
san salvador i. (watling i. ),,,圣萨尔瓦多岛(瓦特林岛),,,,,0,0,,,
San Salvador Island,,,[网络] 圣萨尔瓦多岛,,,,,0,0,,,
"San Salvador, Dep.de",,,[地名] 圣萨尔瓦多省 ( 萨 ),,,,,0,0,,,
"San Salvador, I.",,,[地名] 圣萨尔瓦多岛 ( 厄 ),,,,,0,0,,,
"San Salvador, I. (Watling I.)",,,[地名] 圣萨尔瓦多岛(华特林岛) ( 巴哈 ),,,,,0,0,,,
"San Salvador, R.",,,[地名] 圣萨尔瓦多河 ( 玻、乌拉 ),,,,,0,0,,,
"San Salvador, Vol.de",,,[地名] 圣萨尔瓦多火山 ( 萨 ),,,,,0,0,,,
san salvadors,"sæn'sælvədɔ:; sɑ:n,sɑ:lvɑ:'ðɔ:",,圣萨尔瓦多(萨尔瓦多中部城市、首都),,,,,0,0,0:san salvador/1:s,,
San Salvatore Monferrato,,,[地名] 圣萨尔瓦托雷-蒙费拉托 ( 意 ),,,,,0,0,,,
"San Salvatore, Mte.",,,[地名] 圣萨尔瓦托雷山 ( 瑞士、意 ),,,,,0,0,,,
San Salvo,,,[地名] 圣萨尔沃 ( 意 ),,,,,0,0,,,
San Saturnino,,,[地名] 圣萨图尼诺 ( 西 ),,,,,0,0,,,
San Sebastian,,,[网络] 圣塞瓦斯蒂安；圣塞巴斯蒂安；圣塞巴斯提安,,,,,0,0,s:san sebastians,,
San Sebastian de la Gomera,,,[地名] 戈梅拉岛圣塞瓦斯蒂安 ( 西 ),,,,,0,0,,,
san sebastian international film festival,,,{西班牙}圣沙巴斯坦影展,,,,,0,0,,,
san sebastian salt,,,无水芒硝,,,,,0,0,,,
san sebastians,,,[网络] 圣塞瓦斯蒂安；圣塞巴斯蒂安；圣塞巴斯提安\n(san sebastian 的复数),,,,,0,0,0:san sebastian/1:s,,
San Secondo Parmense,,,[地名] 圣塞孔多-帕尔门塞 ( 意 ),,,,,0,0,,,
San Serapio,,,[地名] 圣塞拉皮奥 ( 古 ),,,,,0,0,,,
SAN services,,,[网络] 存储区域网业务,,,,,0,0,,,
San Severino,,,[地名] 圣塞韦里诺 ( 古 ),,,,,0,0,,,
San Severino Lucano,,,[地名] 圣塞韦里诺-卢卡诺 ( 意 ),,,,,0,0,,,
San Severino Marche,,,[地名] 圣塞韦里诺-马尔凯 ( 意 ),,,,,0,0,,,
San Severo,,,[地名] 圣塞韦罗 ( 古、意 ),,,,,0,0,,,
san sh?ng nu,,,三圣奴,,,,,0,0,,,
San Silvestre,,,[地名] 圣西尔韦斯特雷 ( 玻、古、墨、尼加、委 ),,,,,0,0,,,
San Simeon,,,[地名] 圣西米恩 ( 美 ),,,,,0,0,,,
San Simeon Point,,,[地名] 圣西米恩角 ( 美 ),,,,,0,0,,,
San Simon,,,[地名] 圣西蒙 ( 菲、美 ),,,,,0,0,,,
San Simon Valley,,,[地名] 圣西蒙谷 ( 美 ),,,,,0,0,,,
San Simón,,,[地名] 圣西蒙 ( 玻、多米共、厄、洪、墨、萨、委 ),,,,,0,0,,,
"San Simón, R.",,,[地名] 圣西蒙河 ( 玻 ),,,,,0,0,,,
"San Simón, Sa.",,,[地名] 圣西蒙山 ( 玻 ),,,,,0,0,,,
San Siro,,,[网络] 圣西罗；圣西罗球场；圣西罗体育场,,,,,0,0,,,
San Sosti,,,[地名] 圣索斯蒂 ( 意 ),,,,,0,0,,,
San Stefano,,,圣斯蒂法诺(土耳其与俄罗斯接壤处的城镇；旧称耶希尔柯伊；1878年俄土结束战争的签约之地),,,,,0,0,,,
san stefano(yesilk?y),,,圣斯特法诺(耶希尔柯伊),,,,,0,0,,,
San Suu Kyi,,,[网络] 缅甸亲民主领导人昂山素季,,,,,0,0,,,
san t'ai yen,,,三台盐,,,,,0,0,,,
San Telmo,,,[地名] 圣特尔莫 ( 玻、墨、西 ),,,,,0,0,,,
"San Telmo, B.",,,[地名] 圣特尔莫湾 ( 巴拿 ),,,,,0,0,,,
"San Telmo, I.",,,[地名] 圣特尔莫岛 ( 巴拿 ),,,,,0,0,,,
"San Telmo, Pta.",,,[地名] 圣特尔莫角 ( 墨 ),,,,,0,0,,,
San Teodoro,,,[地名] 圣特奥多罗 ( 菲 ),,,,,0,0,,,
"San Teodoro, Stagno di",,,[地名] 圣特奥多罗潟湖 ( 意 ),,,,,0,0,,,
San Tiburcio,,,[地名] 圣蒂武西奥 ( 阿根 ),,,,,0,0,,,
San Timoteo,,,[地名] 圣蒂莫特奥 ( 委 ),,,,,0,0,,,
San Tin Highway,,,[地名] 新田公路 (香港）,,,,,0,0,,,
san to chiao,,,三跺脚,,,,,0,0,,,
san tome,,,圣托梅,,,,,0,0,,,
San Tomé,,,[地名] 圣托梅 ( 委 ),,,,,0,0,,,
san ts'ai,,,[网络] 三彩,,,,,0,0,,,
san tsu y?eh,,,三祖乐,,,,,0,0,,,
"San Tumas, Il-Baija ta'",,,[地名] 圣托马斯湾。英语惯用名St Thomas Bay ( 马耳他 ),,,,,0,0,,,
San Ubaldo,,,[地名] 圣乌瓦尔多 ( 尼加 ),,,,,0,0,,,
San Urbano,,,[地名] 圣乌尔瓦诺 ( 阿根 ),,,,,0,0,,,
san urbano (melincue),,,圣乌尔巴诺(美林奎),,,,,0,0,,,
San Vendemiano,,,[地名] 圣文代米亚诺 ( 意 ),,,,,0,0,,,
San Vero Milis,,,[地名] 圣韦罗米利斯 ( 意 ),,,,,0,0,,,
San Vicente,,,[地名] 圣维森特山 ( 葡、西 ),,,,,0,0,,,
san vicente de arana (done bikendi harana),,,圣维申特阿拉纳(多内比肯迪阿拉纳),,,,,0,0,,,
San Vicente de Castellet,,,[地名] 圣维森特-德卡斯特列特 ( 西 ),,,,,0,0,,,
San Vicente de Caňete,,,[地名] 圣维森特-德卡涅特 ( 秘 ),,,,,0,0,,,
San Vicente de la Barquera,,,[地名] 圣维森特-德拉巴尔克拉 ( 西 ),,,,,0,0,,,
San Vicente del Palacio,,,[地名] 圣维森特-德尔帕拉西奥 ( 西 ),,,,,0,0,,,
San Vicente del Raspeig,,,[地名] 圣维森特-德尔拉斯佩奇 ( 西 ),,,,,0,0,,,
San Vicente Res.,,,[地名] 圣维森特水库 ( 美 ),,,,,0,0,,,
"San Vicente, C.",,,[地名] 圣维森特角 ( 阿根 ),,,,,0,0,,,
"San Vicente, Dep.de",,,[地名] 圣维森特省 ( 萨 ),,,,,0,0,,,
"San Vicente, Pta.",,,[地名] 圣维森特角 ( 古 ),,,,,0,0,,,
"San Vicente, R.",,,[地名] 圣维森特河 ( 厄、危 ),,,,,0,0,,,
"San Vicente, Sa.de",,,[地名] 圣维森特山 ( 西 ),,,,,0,0,,,
"San Vicente, Vol.de",,,[地名] 圣维森特火山 ( 萨 ),,,,,0,0,,,
"San Vicino, Mte.",,,[地名] 圣维奇诺山 ( 意 ),,,,,0,0,,,
San Vincenzo,,,[地名] 圣温琴佐 ( 意 ),,,,,0,0,,,
San Vito,,,[地名] 圣维托 ( 意 ),,,,,0,0,,,
San Vito al Tagliamento,,,[地名] 塔利亚门托河畔圣维托 ( 意 ),,,,,0,0,,,
san vito al torre,,,圣维托托雷,,,,,0,0,,,
San Vito Chietino,,,[地名] 圣维托基耶蒂诺 ( 意 ),,,,,0,0,,,
San Vito dei Normanni,,,[地名] 圣维托-代诺尔曼尼 ( 意 ),,,,,0,0,,,
San Vito di Cadore,,,[地名] 圣维托-迪卡多雷 ( 意 ),,,,,0,0,,,
San Vito lo Capo,,,[地名] 圣维托洛卡波 ( 意 ),,,,,0,0,,,
San Vito Romano,,,[地名] 圣维托罗马诺 ( 意 ),,,,,0,0,,,
San Vito sullo Ionio,,,[地名] 圣维托-苏洛伊奥尼奥 ( 意 ),,,,,0,0,,,
"San Vito, C.",,,[地名] 圣维托角 ( 意 ),,,,,0,0,,,
san y?eh,,,散乐,,,,,0,0,,,
San Yanaro,,,[地名] 圣亚纳罗 ( 哥伦 ),,,,,0,0,,,
San Ygnacio,,,[地名] 圣伊格纳西奥 ( 美 ),,,,,0,0,,,
San Ysidro,,,[地名] 圣伊西德罗 ( 美 ),,,,,0,0,,,
san'a,,,[网络] 新都心,,,,,0,0,,,
"San, Tonle",,,[地名] 桑河 ( 柬·越 ),,,,,0,0,,,
san-ad,,,"[法] 许可, 认可, 让渡证书",,,,,0,0,,,
San-ch'ung,,,[网络] 三重,,,,,0,0,,,
San-gok,,,[地名] 山谷 ( 朝 ),,,,,0,0,,,
SAN-in-a-box,,,[网络] 盒中存储区域网络,,,,,0,0,,,
san-mou oil,,,杉木油,,,,,0,0,,,
San-ni,,,上里,,,,,0,0,,,
San-Nicalao,,,[地名] 圣尼卡劳 ( 法 ),,,,,0,0,,,
San-Pedro,,,圣佩德罗,,,,,0,0,,,
"San-Pédro, Dép.de",,,[地名] 圣佩德罗省 ( 科特 ),,,,,0,0,,,
san-tchoo,,,[网络] 圣托霍,,,,,0,0,,,
san.,,,abbr. sanitary；sanitation,,,,,0,0,,,
San.Diego L.Rev.,,,[网络] 圣地亚哥法律评论,,,,,0,0,,,
sana,,n. the capital and largest city of Yemen; on the central plateau,abbr. 叙利亚阿拉伯通讯社（Syrian Arab News Agency）,,,,,0,0,s:sanas,,
Sana'a,,,n. 【城】萨那\n[网络] 也门；撒那市；沙那,,,,,0,0,,,
Sanaa,,n. the capital and largest city of Yemen; on the central plateau,n. 萨那（也门共和国的首都）,,,,,0,0,s:sanaas,,
sanaa (sana),,,沙那,,,,,0,0,,,
Sanaag,,,[地名] 萨纳格 ( 索 ),,,,,0,0,,,
"Sanaag, Gobolka",,,[地名] 萨纳格州 ( 索 ),,,,,0,0,,,
sanaas,,,n. 萨那（也门共和国的首都）,,,,,0,0,0:sanaa/1:s,,
Sanaba,,,[地名] 萨纳巴 ( 布基 ),,,,,0,0,,,
sanabel,,,[网络] 萨纳贝尔,,,,,0,0,,,
sanability,,,[网络] 可行性,,,,,0,0,,,
sanable,,,[网络] 可行的,,,,,0,0,,,
sanableness,,,[网络] 健康,,,,,0,0,,,
Sanabolicum,,,环己丙酸诺龙,,,,,0,0,,,
Sanaboral,,,"羟甲睾酮,4-羟-17α-甲基睾酮",,,,,0,0,,,
sanabria,,,[网络] 萨纳布里亚；桑纳布里亚；萨那布里亚,,,,,0,0,,,
sanabu,,,[网络] 塞奈布,,,,,0,0,s:sanabus,,
sanabus,,,[网络] 塞奈布\n(sanabu 的复数),,,,,0,0,0:sanabu/1:s,,
Sanacasa,,,[地名] 萨纳卡萨 ( 玻 ),,,,,0,0,,,
sanachy,,,[网络] 三昧,,,,,0,0,,,
sanacore,,,圣阿科雷,,,,,0,0,,,
sanad,,,[网络] 传述世系；传述系统；巴林,,,,,0,0,,,
Sanada,,,[地名] 真田 ( 日 ),,,,,0,0,,,
sanae,,,n. (Sanae)人名；(日)早苗(姓)；(日)早苗(名),,,,,0,0,,,
Sanae Canyon,,,[地名] 萨纳埃海底峡谷 ( 大西洋 ),,,,,0,0,,,
sanae mentis,,,[法] 神智正常的,,,,,0,0,,,
Sanafā,,,[地名] 塞奈法 ( 埃 ),,,,,0,0,,,
Sanaga,,,[地名] 萨纳加河 ( 喀 ),,,,,0,0,,,
Sanaga River,,,[网络] 萨纳加河；萨那加河,,,,,0,0,,,
Sanaga smallpox,,,[医] 水痘样天花,,,,,0,0,,,
sanagapocken,,,"[医] 乳白痘, 类天花",,,,,0,0,,,
Sanage-yama,,,[地名] 猿投山 ( 日 ),,,,,0,0,,,
Sanagōchi,,,[地名] 佐那河内 ( 日 ),,,,,0,0,,,
Sanaigmore Bay,,,[地名] 萨奈格莫尔湾 ( 英 ),,,,,0,0,,,
Sanak,,,[地名] 萨纳克 ( 美 ),,,,,0,0,,,
Sanak Bank,,,[地名] 萨纳克浅滩 ( 太平洋 ),,,,,0,0,,,
Sanak I.,,,[地名] 萨纳克岛 ( 美 ),,,,,0,0,,,
sanal,'sænl,, [医]炎静痛（非甾体消炎、镇痛药）,,,,,0,0,,,
Sanall,,,"氯咪唑,氯苄咪唑,吡咯咪唑",,,,,0,0,,,
Sanam,,,[地名] 萨纳姆 ( 尼日尔 ),,,,,0,0,,,
"Sanam Chai, Khlong",,,[地名] 沙南猜运河 ( 泰 ),,,,,0,0,,,
Sanamid,,,氨苯磺胺,,,,,0,0,,,
sanamycin,",sænә'maisin",,"萨纳霉素, 放线菌素C",,,,,0,0,,,
sanan,,,n. (Sanan)人名；(阿拉伯)萨南；(泰)沙南；(老、土、哈萨、乌兹、塔吉、吉尔、阿塞、土库)萨南,,,,,0,0,,,
Sanana,,,[地名] 萨纳纳 ( 印尼 ),,,,,0,0,,,
"Sanana, Pulau",,,[地名] 萨纳纳岛 ( 印尼 ),,,,,0,0,,,
Sananboré,,,[地名] 萨南博雷 ( 布基 ),,,,,0,0,,,
Sanand,,,[网络] 古吉拉特邦萨南德；萨纳恩德；沙南,,,,,0,0,,,
Sanandaj,",sɑ:nәn'dɑ:dʒ",,萨南达杰[伊朗西北部城市](库尔德斯坦省省会),,,,,0,0,,,
Sanandita,,,沙南迪塔,,,,,0,0,,,
Sanando,,,[地名] 萨南多 ( 马里 ),,,,,0,0,,,
Sananférédougou,,,[地名] 萨南费雷杜古 ( 科特 ),,,,,0,0,,,
Sanankoroba,,,[地名] 萨南科罗巴 ( 马里 ),,,,,0,0,,,
sanap,,,[网络] 南非国家南极计划局；圣普；南非国家极地科考,,,,,0,0,,,
Sanarelli phenomenon,,,[医] 萨纳雷利氏现象(对兔作变态反应试验),,,,,0,0,,,
Sanarelli's bacillus,,,"[医] 萨纳雷利氏杆菌, 类黄疸沙门氏菌",,,,,0,0,,,
Sanarelli's phenomenon,,,[医] 萨纳雷利氏现象(一种变态反应),,,,,0,0,,,
Sanarelli's sera,,,[医] 萨纳雷利氏血清(黄热病预防接种用),,,,,0,0,,,
sanarelli-shwartzman(reaction),,,塞内雷利-施瓦茨曼反应,,,,,0,0,,,
Sanaroa I.,,,[地名] 萨纳罗阿岛 ( 巴布 ),,,,,0,0,,,
Sanary-sur-Mer,,,[地名] 滨海萨纳里 ( 法 ),,,,,0,0,,,
sanas,sa'na,,abbr. 叙利亚阿拉伯通讯社（Syrian Arab News Agency）\nn. (Sana)人名；(意、西、罗、塞、瑞典)萨娜 (女名)，萨纳；(南非)萨纳，萨娜(女名)；(阿拉伯、柬)萨那,,,,,0,0,0:sana/1:s,,
sanaspasmina,,,吡甘凡林,,,,,0,0,,,
sanasse,,,[网络] 萨纳斯,,,,,0,0,,,
sanasthmy,,,二丙酸氯地米松,,,,,0,0,,,
Sanasthmyl,,,二丙酸氯地米松,,,,,0,0,,,
sanat,,,萨娜特低级棉布(东印度群岛产),,,,,0,0,,,
sanatan,,,[网络] 萨拉坦,,,,,0,0,,,
Sanatana Dharma,,,[网络] 永恒之道；永恒的达尔玛；萨纳坦达尔玛,,,,,0,0,,,
sanatanis,,,[网络] 圣战者,,,,,0,0,,,
sanatarium,,n a hospital for recuperation or for the treatment of chronic diseases,"n. 疗养院, 休养地, 休养所, 疗养所",,,,,0,0,s:sanatariums,,
sanatariums,ˌsænə'tɔːriəm,,n. 疗养院；休养所,,,,,0,0,0:sanatarium/1:s,,
sanate,,,[地名] 萨纳特 ( 洪 ),,,,,0,0,,,
sanatio,'sænәʃә,,愈合,,,,,0,0,,,
sanation,,,[网络] 卫生,,,,,0,0,,,
sanations,,,[网络] 卫生,,,,,0,0,,,
sanative,'sænәtiv,s tending to cure or restore to health,"a. 治病的, 有益于健康的\n[医] 治愈的",,,,,0,0,,,
sanativeness,,,[网络] 健康,,,,,0,0,,,
Sanatoga,,,[地名] 萨纳托加 ( 美 ),,,,,0,0,,,
Sanatogen,,,[网络] 孕妇鱼油,,,,,0,0,s:sanatogens,,
sanatogens,,,[网络] 孕妇鱼油\n(sanatogen 的复数),,,,,0,0,0:sanatogen/1:s,,
sanatoria,,,"疗养院, 休养地, 休养所, 疗养所",,,,,0,0,0:sanatorium/s:sanatorias,,
sanatorias,",sænə'torɪə",,n. 休养所（sanatorium的复数）,,,,,0,0,0:sanatoria/1:s,,
sanatorium,.sænә'tɒ:riәm,n. a hospital for recuperation or for the treatment of chronic diseases,"n. 疗养院, 疗养所, 静养地\n[医] 疗养院, 疗养所, 疗养站",n:100,,,gre,26070,27977,s:sanatoriums,,
sanatorium park,,,疗养公园,,,,,0,0,,,
sanatorium school,,,疗养学校,,,,,0,0,,,
sanatorium treatment,,,疗养院疗法,,,,,0,0,,,
sanatoriums,,n a hospital for recuperation or for the treatment of chronic diseases\nn pejorative terms for an insane asylum,"疗养院, 休养地, 休养所, 疗养所",,,,,0,0,0:sanatorium/1:s,,
sanatory,'sænәtәri,a. Conducive to health; tending to cure; healing; curative;\n   sanative.,"a. 有助健康的, 有疗效的, (喻)治病救人的\n[医] 促进健康的",,,,,0,0,,,
Sanatrichom,,,"甲硝唑,甲硝哒唑,甲硝基羟乙唑,甲硝羟乙唑,硝基羟乙唑",,,,,0,0,,,
sanatron,"'sænә,trɔn",,n. [电子]窄脉冲多谐振荡管,,,,,0,0,,,
sanatron circuit,,,[电] 窄脉冲多谐振荡电路,,,,,0,0,,,
Sanatruces,,,[网络] 西那特鲁息斯；萨纳特鲁斯；萨纳特鲁西斯,,,,,0,0,,,
sanay,,,萨纳伊,,,,,0,0,s:sanays,,
sanaya,,,[网络] 珊娜雅；灵媒姗娜雅,,,,,0,0,s:sanayas,,
sanayas,,,[网络] 珊娜雅；灵媒姗娜雅\n(sanaya 的复数),,,,,0,0,0:sanaya/1:s,,
sanays,,,萨纳伊\n(sanay 的复数),,,,,0,0,0:sanay/1:s,,
sanbacolignoside,,,茉莉花脂甙,,,,,0,0,,,
Sanballat,,,[网络] 参巴拉,,,,,0,0,,,
sanbao,,,[网络] 三堡网络工具产品；找一熟女；压接工具,,,,,0,0,,,
sanbaoside,,,茉莉花甙,,,,,0,0,,,
sanbaso (japan),,,三番叟(日本),,,,,0,0,,,
Sanbe-san,,,[地名] 三瓶山 ( 日 ),,,,,0,0,,,
sanbenito,.sænbә'ni:tәu,"n. Anciently, a sackcloth coat worn by penitents on being\n   reconciled to the church.\nn. A garnment or cap, or sometimes both, painted with\n   flames, figures, etc., and worn by persons who had been examined by the\n   Inquisition and were brought forth for punishment at the auto-da-fe.","n. 悔罪服, 火刑服",,,,,0,0,,,
sanbenitos,,,n. (黄色的)悔罪服；(黑色的)地狱服\n[网络] 圣宾尼陀服；火刑服；悔罪服与火刑服,,,,,0,0,,,
sanbenitos n,,,n. sanbenito的变形,,,,,0,0,,,
sanberg,,,[网络] 沈弼,,,,,0,0,,,
sanberk,,,[网络] 桑伯克,,,,,0,0,,,
sanbilingensis,,,[网络] 乡城黄耆,,,,,0,0,,,
Sanbon,,,[地名] 山本 ( 韩 ),,,,,0,0,,,
Sanbon'yari-dake,,,[地名] 三本枪岳 ( 日 ),,,,,0,0,,,
Sanbongi,,,[地名] 三本木 ( 日 ),,,,,0,0,,,
Sanbongihara,,,三本木原[台地],,,,,0,0,,,
sanborn,'sænbɔ:n,,n. 桑伯恩（男子名）,,,,,0,0,,,
Sanborn County,,,[地名] 桑博恩县 ( 美 ),,,,,0,0,,,
sanborne,,,[网络] 圣诞老人,,,,,0,0,,,
sanbornite,"'sænbә,nait",,n. [矿]硅钡石,,,,,0,0,,,
sanborns,,,[网络] 桑铂士电池；桑伯恩斯；桑伯恩商业中心,,,,,0,0,,,
sanbornton,,,[网络] 森波顿,,,,,0,0,,,
Sanbornville,,,[地名] 桑博恩维尔 ( 美 ),,,,,0,0,,,
sanbrailo,,, [人名] 桑布赖洛,,,,,0,0,,,
Sanbu,,,[地名] 山武 ( 日 ),,,,,0,0,,,
Sanbucinin,,,桑布(镰刀)菌素,,,,,0,0,,,
Sanbuk-ri,,,[地名] 山北里 ( 朝 ),,,,,0,0,,,
sanburn,,,[网络] 桑本,,,,,0,0,,,
sanburne,,,[网络] 桑本,,,,,0,0,,,
SANC,,,短臂舟状石膏(short arm navicular cast),,,,,0,0,,,
sancai,,,[网络] 多彩；品牌,,,,,0,0,,,
sance,,,[网络] 一点儿,,,,,0,0,,,
sance bell,,,[网络] 响铃,,,,,0,0,,,
Sancefal,,,头孢匹胺钠,,,,,0,0,,,
sanceful,,,一碟的量,,,,,0,0,,,
Sancellas,,,[地名] 桑塞利亚斯 ( 西 ),,,,,0,0,,,
sancer eye,,,圆圆的大眼睛,,,,,0,0,,,
Sancergues,,,[地名] 桑塞格 ( 法 ),,,,,0,0,,,
Sancerre,sɔŋ'ser,,n. 桑塞尔白葡萄酒(产于法国中部卢瓦尔河流域),,,,,0,0,s:sancerres,,
Sancerres,sɑ:n'sεə,,Sancerre\n[sɑ:n'sεə]\nn.\n(法国)干白葡萄酒，桑塞尔干白,,,,,0,0,0:sancerre/1:s,,
sances,,,[网络] 情况,,,,,0,0,,,
sancha,,,[网络] 桑恰；无欲,,,,,0,0,s:sanchas,,
sanchai,,,[网络] 泰国双胞胎兄弟桑柴,,,,,0,0,,,
sanchaku,,,三叉苦,,,,,0,0,,,
Sancham-ni,,,山站里　,,,,,0,0,,,
sanchas,,,桑沙斯,,,,,0,0,0:sancha/1:s,,
sanche,,, [人名] 桑奇,,,,,0,0,,,
sanches,,,[网络] 桑切兹,,,,,0,0,,,
sanchet,,,[网络] 桑切,,,,,0,0,,,
Sancheville,,,[地名] 桑什维尔 ( 法 ),,,,,0,0,,,
Sanchez,,n. Venezuelan master terrorist raised by a Marxist-Leninist father; trained and worked with many terrorist groups (born in 1949),n. 桑切斯（姓氏）,,,,,24511,0,s:sanchezs,,
Sanchez Mira,,,[地名] 桑切斯米拉 ( 菲 ),,,,,0,0,,,
Sanchezia,,,n. 黄脉爵床属,,,,,0,0,,,
sanchezia nobilis,,,金叶木,,,,,0,0,,,
sanchezs,,,n. 桑切斯（姓氏）\n(sanchez 的复数),,,,,0,0,0:sanchez/1:s,,
sanchi,,,三七,,,,,0,0,,,
sanchia,,, [人名] 桑奇娅,,,,,0,0,,,
sanchinan-A,,,三七多糖A,,,,,0,0,,,
sanchini,,,[网络] 三文治；圣杰尼,,,,,0,0,,,
sanchinoside,,,三七皂甙,,,,,0,0,,,
sanchis,,,[网络] 桑奇斯；桑切斯,,,,,0,0,s:sanchiss,,
sanchiss,,,[网络] 桑奇斯；桑切斯\n(sanchis 的复数),,,,,0,0,0:sanchis/1:s,,
sancho,,,桑乔（男子名）,,,,,0,0,s:sanchos,,
Sancho I,,,[网络] 桑乔一世；桑绍一世；圣裘奥一世,,,,,0,0,,,
Sancho II,,,[网络] 国王桑乔二世,,,,,0,0,,,
Sancho III,,,[网络] 桑措三世,,,,,0,0,,,
Sancho IV,,,[网络] 桑乔四世；桑丘四世,,,,,0,0,,,
Sancho Panza,'sæŋkәu 'pænzә,,"桑科·潘萨(《堂吉诃德》小说中人物, 堂吉诃德的仆人)",,,,,0,0,,,
Sancho Pedro,,,[网络] 桑丘佩德罗,,,,,0,0,,,
Sancho VII,,,[网络] 桑乔七世,,,,,0,0,,,
"Sancho, Embalse de",,,[地名] 桑乔水库 ( 西 ),,,,,0,0,,,
Sanchon,,,上村,,,,,0,0,,,
Sanchong,,,山清,,,,,0,0,,,
Sanchong City,,,三重市（台湾地名） ,,,,,0,0,,,
sanchos,,plural of sancho,(sancho 的复数) 桑乔（男子名）,,,,,0,0,0:sancho/1:s,,
Sanchuniathon,,,[网络] 迦南祭司桑库拿单；桑楚尼亚松；创世序与迦南祭司桑库拿单,,,,,0,0,,,
Sanchursk,,,[地名] 桑丘尔斯克 ( 俄 ),,,,,0,0,,,
Sanchurskiy Rayon,,,[地名] 桑丘尔斯克区 ( 俄 ),,,,,0,0,,,
Sanchón,,,[地名] 桑琼 ( 委 ),,,,,0,0,,,
"Sanchón, R.",,,[地名] 桑琼河 ( 西 ),,,,,0,0,,,
sancie,,,[网络] 珊曦；珊曦皇后,,,,,0,0,s:sancies,,
sancies,,,[地名] 桑西 ( 法 )\n(sancy 的复数),,,,,0,0,0:sancy/1:s,,
sanclomycin,",sænklә'maisin",,四环素,,,,,0,0,,,
sancoche,,"sancoche (usually uncountable, plural sancoches)\n(Trinidad) A savoury stew of Trinidad and Tobago.\n",,,,,,0,0,,,
sancocho,,,[网络] 拼盘；鱼块,,,,,0,0,,,
Sancoins,,,[地名] 桑宽 ( 法 ),,,,,0,0,,,
sancord,'sænkɔ:d,,斑点无鳔,,,,,0,0,,,
Sancos,,,"吗啉乙吗啡,吗啉吗啡,β-吗啉乙基吗啡",,,,,0,0,,,
sancowad process,,,山科瓦德泡沫染色加工法,,,,,0,0,,,
Sancreed,,,[地名] 桑克里德 ( 英 ),,,,,0,0,,,
sancroft,,, [人名] 桑克罗夫特,,,,,0,0,s:sancrofts,,
sancrofts,,, [人名] 桑克罗夫特\n(sancroft 的复数),,,,,0,0,0:sancroft/1:s,,
sanct,,,[网络] 神圣；洞穴；神圣的,,,,,0,0,,,
sanct-,,,神圣,,,,,0,0,,,
sancta,'sæŋktә,n a place of inviolable privacy\nn a sacred place of pilgrimage,sanctum的复数,,,,,0,0,s:sanctas,,
sancta simplicitas,,,[网络] 神圣的纯一性,,,,,0,0,,,
sanctae,,,[网络] 圣地,,,,,0,0,s:sanctae,,
sanctae-mariae,,,[网络] 圣太鱼,,,,,0,0,,,
sanctanimity,,,[网络] 圣洁,,,,,0,0,,,
sanctaphrax,,,[网络] 圣体,,,,,0,0,,,
sanctas,'sæŋktə,,adj. 神圣的；光荣的\nn. 圣所；密室（sanctum的复数形式）,,,,,0,0,0:sancta/1:s,,
sancte,,,[网络] 圣洁之翼,,,,,0,0,s:sanctes,,
sanctefie,,,[网络] 圣器,,,,,0,0,,,
sancteous,,,[网络] 神圣的,,,,,0,0,,,
sanctes,,,[网络] 圣洁之翼\n(sancte 的复数),,,,,0,0,0:sancte/1:s,,
sancti,,,[网络] 圣人们；圣徒；神圣,,,,,0,0,s:sancti,,
Sancti Petri,,,[地名] 圣彼得里 ( 西 ),,,,,0,0,,,
sancticolist,,,[网络] 圣餐馆,,,,,0,0,,,
sanctifiable,,,[网络] 圣化的,,,,,0,0,,,
sanctificate,,,[网络] 圣证,,,,,0,0,,,
sanctificated,,,[网络] 神圣化,,,,,0,0,,,
sanctificating,,,[网络] 神圣化,,,,,0,0,,,
sanctification,.sæŋktifi'keiʃәn,n. a religious ceremony in which something is made holy,"n. 神圣化, 灵化, 认可",n:100,,,,37977,29583,s:sanctifications,,
sanctificationist,,,[网络] 成圣者,,,,,0,0,,,
sanctifications,,,[网络] 成圣,,,,,0,0,0:sanctification/1:s,,
sanctificative,,,[网络] 神圣的,,,,,0,0,,,
sanctificator,,,[网络] 神圣者,,,,,0,0,,,
sanctified,'sæŋktifaid,v render holy by means of religious rites\nv make pure or free from sin or guilt\ns made or declared or believed to be holy; devoted to a deity or some religious ceremony or use,"a. 神圣化的, 认可的, 批准的",j:100,,,,37741,30135,0:sanctify/1:pd,,
sanctifiedly,,,[网络] 成圣,,,,,0,0,,,
sanctifier,'sæŋktifaiә(r),"n. One who sanctifies, or makes holy; specifically, the\n   Holy Spirit.","n. 净化者, 认可者, 批准者",,,,,0,0,,,
sanctifiers,,,[网络] 圣洁者,,,,,0,0,,,
sanctifies,ˈsæŋktəˌfaɪz,v render holy by means of religious rites\nv make pure or free from sin or guilt,v. 使神圣( sanctify的第三人称单数 ); 洗清…的罪孽; 批准; 认可,,,,,0,0,0:sanctify/1:3,,
sanctifiest,,,[网络] 圣洁的,,,,,0,0,,,
sanctifieth,,,[网络] 圣物,,,,,0,0,,,
sanctify,'sæŋktifai,v render holy by means of religious rites\nv make pure or free from sin or guilt,"vt. 使神圣, 奉献给神, 使成为神圣之物",v:100,,,gre,21181,20602,p:sanctified/d:sanctified/i:sanctifying/3:sanctifies,,
sanctifying,ˈsæŋktəˌfaɪŋ,p. pr. & vb. n. of Sanctify,v. 使神圣( sanctify的现在分词 ); 洗清…的罪孽; 批准; 认可,,,,,0,0,0:sanctify/1:i/s:sanctifyings,,
sanctifyingly,,,[网络] 圣化,,,,,0,0,,,
sanctifyings,,,[网络] 圣化,,,,,0,0,0:sanctifying/1:s,,
sanctiloge,,,[网络] 圣地,,,,,0,0,,,
sanctilogy,,,[网络] 神学,,,,,0,0,,,
sanctiloquent,,,[网络] 圣地,,,,,0,0,,,
sanctimommies,,,[网络] 圣人,,,,,0,0,,,
sanctimommy,,,[网络] 圣心,,,,,0,0,,,
sanctimonial,",sæŋktә'mәuniәl",a. Sanctimonious.,n. 修女,,,,,0,0,,,
sanctimonies,,,[网络] 圣洁的,,,,,0,0,0:sanctimony/1:s,,
sanctimonious,.sæŋkti'mәuniәs,s excessively or hypocritically pious,"a. 假装圣洁的, 假装虔诚的, 假装诚实的",j:100,,,toefl gre,33165,24464,,,
sanctimoniously,",sæŋkti'məunjəsli",r. in a sanctimonious manner,adv. 伪善地；伪装虔诚地,r:100,,,,0,43964,,,
sanctimoniousness,,n. the quality of being hypocritically devout,n. 伪善；假装虔诚；道貌岸然,,,,,0,0,s:sanctimoniousnesses,,
sanctimoniousnesses,,,n. 伪善；假装虔诚；道貌岸然,,,,,0,0,0:sanctimoniousness/1:s,,
sanctimony,'sæŋktimәni,n the quality of being hypocritically devout,"n. 假装的圣人气派, 假装的虔诚, 道貌岸然",n:100,,,,0,38332,s:sanctimonies,,
sanction,'sæŋkʃәn,n. formal and explicit approval\nn. a mechanism of social control for enforcing a society's standards\nn. the act of final authorization\nv. give authority or permission to,"n. 核准, 制裁, 处罚, 约束力\nvt. 制定制裁规则, 认可, 核准, 同意",v:18/n:82,4,,cet6 ky toefl ielts gre,4228,3217,s:sanctions/d:sanctioned/i:sanctioning/p:sanctioned/3:sanctions,,
sanction function,,,制裁功能,,,,,0,0,,,
sanction mark,,,(19世纪法国家具上的)认可标志,,,,,0,0,,,
sanction measure,,,制裁措施,,,,,0,0,,,
sanction of custom,,,[法] 按惯例的制裁,,,,,0,0,,,
sanction of expulsion,,,[法] 开除处分,,,,,0,0,,,
sanction of marriage,,,[法] 批准结婚,,,,,0,0,,,
sanction quantity,,,得到批准生产的(产品)数量,,,,,0,0,,,
sanction-busting,,,[网络] 如果我们被抓了,,,,,0,0,s:sanction-bustings,,
sanction-bustings,,,[网络] 如果我们被抓了\n(sanction-busting 的复数),,,,,0,0,0:sanction-busting/1:s,,
sanctionability,,,[网络] 制裁能力,,,,,0,0,,,
sanctionable,,,a. sanction的变形,,,,,0,0,,,
sanctionably,,,[网络] 受制裁,,,,,0,0,,,
sanctional,,,[网络] 制裁,,,,,0,0,,,
sanctionary,,"a. Of, pertaining to, or giving, sanction.",a. sanction的变形,,,,,0,0,,,
sanctionative,'sæŋkʃәnәtiv,s implying sanction or serving to sanction,"认可的, 制裁的, 约束的",,,,,0,0,,,
sanctioned,ˈsæŋkʃənd,"v give sanction to\nv give authority or permission to\nv give religious sanction to, such as through on oath\ns conforming to orthodox or recognized rules\ns formally approved and invested with legal authority\ns established by authority; given authoritative approval",v. 实施惩罚( sanction的过去式和过去分词 ); 实施制裁,j:100,,,,47031,25975,0:sanction/1:dp,,
sanctioned by usage,,,"[法] 约定俗成, 习惯认可",,,,,0,0,,,
sanctioneer,,,[网络] 制裁者,,,,,0,0,,,
sanctioneers,,,[网络] 制裁者,,,,,0,0,,,
sanctioner,,,[网络] 制裁者,,,,,0,0,,,
sanctioners,,,[网络] 制裁者,,,,,0,0,,,
sanctioning,ˈsæŋkʃənɪŋ,"v give sanction to\nv give authority or permission to\nv give religious sanction to, such as through on oath\ns implying sanction or serving to sanction",v. 实施惩罚( sanction的现在分词 ); 实施制裁,j:62/n:38,,,,0,34948,0:sanction/1:i/s:sanctionings,,
sanctioning authority,,,[法] 处分机关,,,,,0,0,,,
sanctionings,,,v. 实施惩罚( sanction的现在分词 ); 实施制裁\n(sanctioning 的复数),,,,,0,0,0:sanctioning/1:s,,
sanctionism,,,[网络] 制裁主义,,,,,0,0,,,
sanctionist,'sæŋkʃәnist,,n. 制裁国(对违反国际法实行制裁的国家),,,,,0,0,,,
sanctionless,,,[网络] 无罪,,,,,0,0,,,
sanctionment,,,[网络] 制裁,,,,,0,0,,,
sanctions,,"n formal and explicit approval\nn a mechanism of social control for enforcing a society's standards\nn official permission or approval\nn the act of final authorization\nv give sanction to\nv give authority or permission to\nv give religious sanction to, such as through on oath",n. 制裁；制发；处罚（sanction的复数）,,,,,0,0,0:sanction/1:s3,,
sanctions busting,,,打破制裁,,,,,0,0,,,
sanctions-buster,'sæŋkʃnzb'ʌstər,,n. 打破国际制裁的个人,,,,,0,0,s:sanctions-busters,,
sanctions-busters,,plural of sanctions-buster,(sanctions-buster 的复数) n. 打破国际制裁的个人,,,,,0,0,0:sanctions-buster/1:s,,
sanctions-busting,,,打破制裁,,,,,0,0,s:sanctions-bustings,,
sanctions-bustings,,,打破制裁\n(sanctions-busting 的复数),,,,,0,0,0:sanctions-busting/1:s,,
sanctities,ˈsæŋktɪti:z,pl.  of Sanctity,"n. 圣洁, 神圣( sanctity的名词复数 ); 不可侵犯",,,,,0,0,0:sanctity/1:s,,
sanctitude,'sæŋktitjud,n the quality of being holy,"n. 神圣, 圣洁",,,,,0,0,s:sanctitudes,,
sanctitudes,,,[网络] 圣所,,,,,0,0,0:sanctitude/1:s,,
sanctity,'sæŋktiti,n the quality of being holy,"n. 神圣, 尊严, 圣洁\n[法] 神圣不可侵犯性, 神圣的义务",n:100,,,,14210,13744,s:sanctities,,
sanctity of life,,,生命神圣性,,,,,0,0,,,
sanctize,,,[网络] 圣化,,,,,0,0,,,
sanctology,,,[网络] 科学学,,,,,0,0,,,
sancton,,, [人名] 桑克顿,,,,,0,0,s:sanctons,,
sanctons,,, [人名] 桑克顿\n(sancton 的复数),,,,,0,0,0:sancton/1:s,,
sanctoral,,,[网络] 圣人庆节,,,,,0,0,,,
sanctorium,",sæŋk'tɔ:riәm",,"n. 圣祠,圣庙",,,,,0,0,,,
Sanctorius,,,"意大利医师,帕多瓦的医学教授,曾发明数种精密仪器",,,,,0,0,,,
sanctorum,,,[网络] 圣人省；桑克托鲁姆,,,,,0,0,s:sanctorums,,
sanctorums,,,【犹太教】至圣所；神秘的地方；隐秘的地方,,,,,0,0,0:sanctorum/1:s,,
sanctos,,,[网络] 神护物,,,,,0,0,,,
sanctuaried,,,[网络] 神圣的,,,,,0,0,,,
sanctuaries,ˈsæŋktʃu:ˌeri:z,pl.  of Sanctuary,n. 避难所( sanctuary的名词复数 ); 庇护; 圣所; 庇护所,,,,,0,0,0:sanctuary/1:s,,
sanctuario,,,[网络] 桑图里欧,,,,,0,0,,,
sanctuarise,'sæŋktjuəraiz; -tʃuə-,,vt. [英国英语] = sanctuarize,,,,,0,0,,,
sanctuarised,,,[网络] 圣地,,,,,0,0,,,
sanctuarising,,,[网络] 圣地,,,,,0,0,,,
sanctuarium,,,[网络] 圣所,,,,,0,0,,,
sanctuarize,'sæŋktʃuәraiz,v. t. To shelter by means of a sanctuary or sacred\n   privileges.,"vt.借助圣所庇护,以神圣特权庇护",,,,,0,0,,,
sanctuarized,,,[网络] 神圣化,,,,,0,0,,,
sanctuarizes,,,[网络] 神圣化,,,,,0,0,,,
sanctuarizing,,,[网络] 圣地,,,,,0,0,,,
sanctuary,'sæŋktʃuәri,n. a consecrated place where sacred objects are kept,"n. 圣所(指教堂、寺院等), 耶路撒冷的神殿, 避难所\n[法] 庇护所, 避难所, 教堂",n:100,2,,toefl,6443,5985,s:sanctuaries,,
sanctuary cities,,,[网络] 移民庇护城市,,,,,0,0,,,
sanctuary city,,,[网络] 庇护城市；保护区城市；避难所,,,,,0,0,,,
sanctuary game refuge,,,禁猎区,,,,,0,0,,,
sanctuary knocker,,,教堂门环,,,,,0,0,,,
sanctuary lamp,,,un. 〔宗〕圣体灯,,,,,0,0,,,
sanctuary movement,,,庇护(难民)运动(美国公民成立的非正式组织，旨在帮助中美洲战乱国家难民进入美国或加拿大),,,,,0,0,,,
sanctuarylike,,,[网络] 圣地亚哥,,,,,0,0,,,
sanctum,'sæŋktәm,n. a place of inviolable privacy,"n. 圣所, 密室, 私室",n:100,,,,22896,20850,s:sanctums,,
sanctum sanctorum,sæŋk'tɔ:rәm,,(犹太教)至圣所,,,,,0,0,s:sanctum sanctorums,,
sanctum sanctorums,,,至圣所,,,,,0,0,0:sanctum sanctorum/1:s,,
sanctum santorum,,,[网络] 圣地sanctorum,,,,,0,0,,,
"sanctum,sanctorum",,,【犹太教】至圣所；神秘的地方；隐秘的地方；私室，密室,,,,,0,0,,,
sanctum-sanctorum,,,na. 至圣所；〈谑〉密室\n[网络] 秘密基地；圣地桑克托鲁姆,,,,,0,0,,,
sanctums,,plural of sanctum\nn. a place of inviolable privacy,"(sanctum 的复数) n. 圣所, 密室, 私室",,,,,0,0,0:sanctum/1:s,,
sancturies,,,[网络] 奔向梦土；前往梦之岛\n(sanctury 的复数),,,,,0,0,0:sanctury/1:s,,
sanctury,,,[网络] 奔向梦土；前往梦之岛,,,,,0,0,s:sancturies,,
sanctus,'sæŋktәs,"n. A part of the Mass, or, in Protestant churches, a part of\n   the communion service, of which the first words in Latin are Sanctus,\n   sanctus, sanctus [Holy, holy, holy]; -- called also Tersanctus.\nn. An anthem composed for these words.",[宗]三圣颂[曲],,,,,47030,0,,,
Sanctus bell,,,[亦作 s- b-](作弥撒唱赞美诗时摇动的)圣铃,,,,,0,0,,,
sanctus bells,,,[网络] 圣地贝尔,,,,,0,0,,,
sanctwar,,,[网络] 圣战,,,,,0,0,,,
Sancy,,,[地名] 桑西 ( 法 ),,,,,0,0,s:sancies,,
Sancy diamond,,,[网络] 仙希；仙希钻石；桑西名鑚,,,,,0,0,,,
"sancy, puy de",,, [地名] [法国] 桑西山,,,,,0,0,,,
sancycline,,,[化] 山环素; 6-去甲-6-去氧四环素,,,,,0,0,,,
sancyite,,,透长流纹岩,,,,,0,0,,,
sand,sænd,n. a loose material consisting of grains of rock or coral\nn. French writer known for works concerning women's rights and independence (1804-1876),"n. 沙, 沙子, 沙滩, 光阴, 生涯\nvt. 撒沙, 以沙掩盖",v:4/n:96,3,1,zk gk cet4 cet6 ky,2470,2205,s:sands/i:sanding/d:sanded/p:sanded/3:sands,,
sand (bed) filter,,,砂泸器,,,,,0,0,,,
sand accretion,,,砂涨地,,,,,0,0,,,
sand acid,,,砂酸,,,,,0,0,,,
sand additions,,,型砂加入剂,,,,,0,0,,,
sand additive,,,un. 型砂添加剂；型砂附加物,,,,,0,0,,,
sand aerating apparatus,,,un. 吹砂装置,,,,,0,0,,,
sand aerator,,,[机] 松砂机,,,,,0,0,,,
Sand am Main,,,[地名] 美因河畔桑德 ( 德 ),,,,,0,0,,,
sand anchor,,,砂锚,,,,,0,0,,,
Sand and Canvas,,,[网络] 用黄沙与帆布擦洗,,,,,0,0,,,
sand and cement mixer,,,砂和水泥混合机,,,,,0,0,,,
sand and dust test,,,沙尘试验,,,,,0,0,,,
sand and dust test chamber,,,沙尘试验箱,,,,,0,0,,,
sand and gravel,,,砂石,,,,,0,0,,,
sand and gravel concrete,,,砂砾石混凝土,,,,,0,0,,,
sand and gravel dredger,,,砂石挖掘船,,,,,0,0,,,
sand and gravel extraction,,,石精选,,,,,0,0,,,
sand and gravel foreshore,,,un. 砂砾混合滩\n[网络] 沙砾混合滩,,,,,0,0,,,
sand and gravel overlay,,,沙砾覆盖层,,,,,0,0,,,
sand and gravel pit,,,砂砾竖坑,,,,,0,0,,,
sand and gravel trap,,,沉沙砾池,,,,,0,0,,,
sand and mud foreshore,,,un. 泥沙混合滩,,,,,0,0,,,
sand and slag inclusions,,,夹砂与含渣,,,,,0,0,,,
sand and storm,,,暴风沙,,,,,0,0,,,
sand apron,,,砂裙,,,,,0,0,,,
sand arch,,,砂桥，砂拱,,,,,0,0,,,
sand arresting hedge,,,拦砂栅,,,,,0,0,,,
sand art,,,[网络] 另类沙画；色彩沙艺术；沙--手工艺,,,,,0,0,,,
sand asphalt,,,地沥青砂,,,,,0,0,,,
sand asphalt mixture,,,地沥青砂浆,,,,,0,0,,,
sand auger,,,"沙卷,沙暴,尘旋",,,,,0,0,,,
sand avalanche,sænd ˈævəˌlæntʃ,, 沙崩,,,,,0,0,,,
sand back,,,砂层回填,,,,,0,0,,,
sand badger,sænd ˈbædʒə,, 沙獾；猪獾,,,,,0,0,s:sand badgers,,
sand badgers,,,【动物】；日本獾,,,,,0,0,0:sand badger/1:s,,
sand bag,,,"[医] 沙囊, 沙袋",,,,,0,0,,,
sand bag well,,,袋装砂井,,,,,0,0,,,
sand bagged,,,堆沙袋\n用沙袋打（sandbag的过去式和过去分词）,,,,,0,0,,,
sand baggin',,A sport in where you throw sandbags across lines.  If you throw pass the 3 point line you lose and are banned from sandbaggin untill you steal the mask.  There are also social functions included in the sport.\n> Person A : you coming sandbagging tonight man?\n> Person B : ya i hear mike from petro got his house back\n,,,,,,0,0,,,
sand bagging,,,[网络] 沙袋阻击,,,,,0,0,,,
sand bags,,,[网络] 沙袋；沙包；求购沙袋,,,,,0,0,,,
sand bailer,,,捞砂筒,,,,,0,0,,,
sand ballast,,,砂道碴,,,,,0,0,,,
sand bank,,,砂坝,,,,,0,0,,,
sand bank(sand bar),,,沙洲,,,,,0,0,,,
sand bar,sænd bɑ:,, 沙洲,,,,,0,0,s:sand bars,,
sand barrier,,,沙障,,,,,0,0,,,
sand bars,,,na. 沙洲\n[网络] 沙坝；沙丘,,,,,0,0,0:sand bar/1:s,,
sand basin,,,沉沙池,,,,,0,0,,,
sand bath,,,[医] 沙浴,,,,,0,0,,,
sand bath tempering,,,砂浴回火,,,,,0,0,,,
sand bathing,,,沙浴,,,,,0,0,,,
Sand Bay,,,[地名] 桑德湾 ( 英 ),,,,,0,0,,,
sand beach,,,"沙滩, 沙滩，沙质海滩, 沙滩；沙质海滩",,,,,0,0,,,
sand bearing,sænd ˈbɛəriŋ,, [医]型心撑,,,,,0,0,,,
sand bearing test,,,砂承试验,,,,,0,0,,,
sand bearing wind,,,带沙风,,,,,0,0,,,
sand bed,,,砂层\n[机] 砂床,,,,,0,0,,,
sand bed filter,,,滤器，砂滤床,,,,,0,0,,,
sand bed germinator,,,砂床催芽器,,,,,0,0,,,
sand bedding,,,铺砂层,,,,,0,0,,,
sand bedding course,,,砂垫层,,,,,0,0,,,
sand belt,,,"砂[抛光带,研磨]带",,,,,0,0,,,
sand berries,,,[网络] 熊莓\n(sand berry 的复数),,,,,0,0,0:sand berry/1:s,,
sand berry,,,[网络] 熊莓,,,,,0,0,s:sand berries,,
sand bin,,,[机] 砂库,,,,,0,0,,,
sand binder,,,型砂粘合剂,,,,,0,0,,,
sand binding plant,,,定沙植物；固沙植物,,,,,0,0,,,
sand bit,,,采砂坑,,,,,0,0,,,
sand blackberries,,,[网络] 沙黑莓\n(sand blackberry 的复数),,,,,0,0,0:sand blackberry/1:s,,
sand blackberry,,,[网络] 沙黑莓,,,,,0,0,s:sand blackberries,,
sand blanket,,,砂覆盖,,,,,0,0,,,
sand blanketing,,,砂覆盖,,,,,0,0,,,
sand blast,,,[化] 喷砂,,,,,0,0,,,
sand blast apparatus,,,"[机] 喷砂机, 喷砂装置",,,,,0,0,,,
sand blast barrel,,,un. 喷砂器,,,,,0,0,,,
sand blast barrel mill,,,un. 喷砂滚筒,,,,,0,0,,,
sand blast cleaning,,,un. 喷砂清理\n[网络] 喷丸清理；镦锻机喷丸清理；消除内应力,,,,,0,0,,,
sand blast cleaning room,,,un. 喷砂清理室,,,,,0,0,,,
sand blast equipment,,,un. 喷砂设备,,,,,0,0,,,
sand blast finish,,,喷砂饰面,,,,,0,0,,,
sand blast hose,,,喷砂胶管,,,,,0,0,,,
sand blast mower,,,喷砂灭草机,,,,,0,0,,,
sand blast rolling barrel,,,un. 喷砂器,,,,,0,0,,,
sand blast room,,,un. 喷砂清理室,,,,,0,0,,,
sand blast rubber hose,,,喷砂橡胶管,,,,,0,0,,,
sand blast sand,,,un. 喷用砂\n[网络] 喷砂用的砂子,,,,,0,0,,,
sand blast test,,,喷砂试验,,,,,0,0,,,
sand blast unit,,,un. 喷砂装置,,,,,0,0,,,
sand blaster,,,[化] 喷砂机,,,,,0,0,,,
sand blasting,,,喷砂处理,,,,,0,0,,,
sand blasting chamber,,,喷砂室,,,,,0,0,,,
sand blasting gun,,,un. 喷砂枪,,,,,0,0,,,
sand blasting installation,,,un. 喷砂装置,,,,,0,0,,,
sand blasting machine,,,喷砂清理机,,,,,0,0,,,
sand blasting method,,,喷砂清理法,,,,,0,0,,,
sand blasting process,,,喷砂除锈法,,,,,0,0,,,
sand blasting unit,,,喷砂装置,,,,,0,0,,,
sand blender,,,[机] 合砂机,,,,,0,0,,,
sand blending,,,[网络] 混砂,,,,,0,0,,,
sand blink,,,沙照云光,,,,,0,0,,,
sand blister,,,"砂泡,砂眼",,,,,0,0,,,
sand block,,,砂箱墩,,,,,0,0,,,
sand blockade,,,砂害,,,,,0,0,,,
sand blow,,,露沙地,,,,,0,0,,,
sand blower,,,喷砂器;喷砂装置,,,,,0,0,,,
sand blowing,,,喷砂打光,,,,,0,0,,,
sand blowing nozzle,,,un. 喷砂嘴,,,,,0,0,,,
sand bluestem,,,美洲须芒草,,,,,0,0,,,
sand bodies,,,"[医] 沙状体, 脑沙",,,,,0,0,,,
sand boil,,,"沙沸,沙涌",,,,,0,0,,,
sand bond,,,[机] 砂结合力,,,,,0,0,,,
sand borer,,,沙钻,,,,,0,0,,,
sand bottom,,,[机] 砂底,,,,,0,0,,,
sand box,,,砂箱,,,,,0,0,,,
sand box bottom,,,un. 砂箱底,,,,,0,0,,,
sand box bracket,,,un. 砂箱托架,,,,,0,0,,,
sand box cap,,,un. 砂箱盖,,,,,0,0,,,
sand box cover,,,砂箱盖,,,,,0,0,,,
sand box lever,,,砂箱杆,,,,,0,0,,,
sand box lever pin,,,un. 砂箱杆销,,,,,0,0,,,
sand box lid,,,un. 砂箱盖,,,,,0,0,,,
sand box model,,,砂槽模型,,,,,0,0,,,
sand box rod,,,un. 砂箱杆,,,,,0,0,,,
sand box shell,,,un. 砂箱壳,,,,,0,0,,,
sand box step,,,un. 砂箱阶,,,,,0,0,,,
sand box strainer,,,砂箱滤器,,,,,0,0,,,
sand boxes,,,[网络] 沙箱,,,,,0,0,,,
sand break,,,田间沙地,,,,,0,0,,,
sand breaker,,,"[机] 碎砂机, 松砂机",,,,,0,0,,,
sand bridge,,,砂桥,,,,,0,0,,,
sand bridging,,,砂桥卡钻,,,,,0,0,,,
sand brooming,,,匀砂,,,,,0,0,,,
sand bucket,,,砂桶,,,,,0,0,,,
sand buckle,,,"砂斑,严重鼠尾,起皮,夹砂,结疤",,,,,0,0,,,
sand buggy,,,小砂箱,,,,,0,0,,,
sand bunker,,,[机] 砂仓,,,,,0,0,,,
sand burning,,,[机] 铸砂烧结,,,,,0,0,,,
sand burr,,,na. 蒺藜草属  植物；龙葵 (Solanum rostratum),,,,,0,0,,,
sand burrowing,,,掘沙的;掘沙的,,,,,0,0,,,
sand bypassing,,,输沙设施,,,,,0,0,,,
sand cake,,,泥芯块,,,,,0,0,,,
sand canal,,,[网络] 沙运河,,,,,0,0,,,
sand cap,,,防尘罩,,,,,0,0,,,
sand carrier,,,运砂船,,,,,0,0,,,
sand carrier with grab bucket,,,带抓斗运砂船,,,,,0,0,,,
sand carrying capacity,,,流砂量,,,,,0,0,,,
sand cast,sænd kɑ:st,, 砂铸,,,,,0,0,,,
sand cast finish,,,砂模铸件处理,,,,,0,0,,,
sand cast iron roll,,,砂铸铁辊,,,,,0,0,,,
sand cast pig,,,un. 砂模铸的生铁；砂铸生铁,,,,,0,0,,,
sand cast pig iron,sænd kɑ:st piɡ ˈaiən,, 砂铸生铁,,,,,0,0,,,
sand cast tube,,,un. 砂型铸铁管,,,,,0,0,,,
sand casting,,,[机] 砂模铸造,,,,,0,0,,,
sand casting bed,,,un. 砂铸场,,,,,0,0,,,
sand casting pig iron,,,[机] 砂模生铁,,,,,0,0,,,
sand casting process,,,砂型铸造,,,,,0,0,,,
sand castings,,,[机] 砂模铸件,,,,,0,0,,,
sand castle,,,[网络] 沙堡；关岛沙堡夜总会；沙堡秀,,,,,0,0,,,
sand cat,,, 沙猫,,,,,0,0,s:sand cats,,
sand cats,,,[网络] 沙猫,,,,,0,0,0:sand cat/1:s,,
sand cay,,,小沙洲,,,,,0,0,,,
sand chair,,,(海边)沙滩用折叠椅,,,,,0,0,,,
sand cherries,,,【植物】(北美)沙樱；沙樱果[亦称作 dwarf cherry],,,,,0,0,0:sand cherry/1:s,,
sand cherry,sænd ˈtʃeri:,, 沙樱,,,,,0,0,s:sand cherries,,
sand classifier,,,矿砂分级机,,,,,0,0,,,
sand clay,,,含沙黏土,,,,,0,0,,,
sand clay base,,,砂粘土地基,,,,,0,0,,,
sand clay loam,,,砂质粘壤土,,,,,0,0,,,
sand clay road,,,砂土路,,,,,0,0,,,
sand clean out,,,冲砂,,,,,0,0,,,
sand cleaner,,,喷砂清洁器;喷砂式清洁器,,,,,0,0,,,
sand cleaner jig,,,un. 洗砂淘汰机,,,,,0,0,,,
sand cleaning,,,喷砂清理,,,,,0,0,,,
sand cleaning fluid,,,冲砂液,,,,,0,0,,,
sand clock,,,沙漏,,,,,0,0,,,
sand cloth,,,[机] 砂布,,,,,0,0,,,
sand cloud,,,[气象] 沙云,,,,,0,0,,,
sand coal,,,"砂煤, 砂炭",,,,,0,0,,,
sand coarse aggregate ratio,,,砂石比,,,,,0,0,,,
sand coast,,,砂质海岸,,,,,0,0,,,
sand coating,,,型砂覆膜,,,,,0,0,,,
sand colic,,,"[医] 砂粒绞痛(马,牛)",,,,,0,0,,,
sand collar,,,防尘垫圈,,,,,0,0,,,
sand coloth,,,[电] 砂布,,,,,0,0,,,
sand column,,,砂桩,,,,,0,0,,,
sand compaction,,,型砂紧实度,,,,,0,0,,,
sand compaction pile,,,挤密砂桩,,,,,0,0,,,
sand compaction pile method,,,砂桩加固法,,,,,0,0,,,
sand conditioner,,,旧砂处理设备(不包括混砂机);型砂配制机,,,,,0,0,,,
sand conditioning,,,[机] 砂处理,,,,,0,0,,,
sand conditioning equipment,,,旧砂处理设备,,,,,0,0,,,
sand conditioning machine,,,旧砂处理机,,,,,0,0,,,
sand conditioning plant,,,un. 型砂制备工段\n[网络] 配砂工段,,,,,0,0,,,
sand conditioning system,,,un. 砂处理系统,,,,,0,0,,,
sand cone,,,【地质学】(自然形成的)锥形山丘,,,,,0,0,,,
sand cone method,,,灌砂法;砂锥法,,,,,0,0,,,
sand consolidation by planting,,,植物固沙,,,,,0,0,,,
sand consolidation technique,,,固砂技术,,,,,0,0,,,
sand consolidation with biologic,,,生物固沙,,,,,0,0,,,
sand container,,,砂箱,,,,,0,0,,,
sand contamination,,,砂侵,,,,,0,0,,,
sand content,,,含砂量,,,,,0,0,,,
sand control,,,[机] 铸砂控制,,,,,0,0,,,
sand control dam,,,防沙堤,,,,,0,0,,,
sand control equipment,,,[机] 输砂控制设备,,,,,0,0,,,
sand control gravel,,,防砂砾石,,,,,0,0,,,
sand control liner,,,防砂筛管,,,,,0,0,,,
sand control liner completion,,,筛管完成,,,,,0,0,,,
sand control technique,,,防砂技术,,,,,0,0,,,
sand conveyance,,,型砂运送,,,,,0,0,,,
sand conveyor installation,,,[机] 输砂设备,,,,,0,0,,,
sand cooler,,,砂冷却器;旧砂冷却器,,,,,0,0,,,
sand cooling,,,砂冷却,,,,,0,0,,,
sand cooling equipment,,,旧砂冷却装置,,,,,0,0,,,
sand cooling plant,,,[机] 冷砂工场,,,,,0,0,,,
sand coral,,,沙礁,,,,,0,0,,,
sand core,,,[化] 砂芯,,,,,0,0,,,
Sand Coulee,,,[地名] 桑德库利 ( 美 ),,,,,0,0,,,
sand count,,,砂层总厚的确定,,,,,0,0,,,
sand course,,,沙地试验路线,,,,,0,0,,,
sand crab,,,沙蟹,,,,,0,0,,,
sand crabs,,,[网络] 沙蟹,,,,,0,0,,,
sand crack,sænd kræk,,n. 马的裂蹄症,,,,,0,0,s:sand cracks,,
sand cracker,,,子裂解炉,,,,,0,0,,,
sand cracking,,,[化] 砂子裂解,,,,,0,0,,,
sand cracks,,,【医学】(在热沙上行走的而引起的)足裂；【兽病理学】(马等的)裂蹄症,,,,,0,0,0:sand crack/1:s,,
Sand Creek,,,[地名] 桑德克里克 ( 美 ),,,,,0,0,,,
Sand Creek Massacre,,,桑德河大屠杀(1864),,,,,0,0,,,
sand cricket,,, [昆虫]耶路撒冷蟋螽,,,,,0,0,s:sand crickets,,
sand crickets,,,= Jerusalem cricket,,,,,0,0,0:sand cricket/1:s,,
sand crusher,,,研砂机,,,,,0,0,,,
sand crystal,,,砂晶,,,,,0,0,,,
sand crystals,,,砂结晶,,,,,0,0,,,
sand culture,,,砂基培养,,,,,0,0,,,
sand culture experiment,,,[农学] 沙培试验,,,,,0,0,,,
"sand culture, sandculture","'sænd,kʌltʃə",,n. 【农业】沙基培养,,,,,0,0,,,
sand cushion,,,砂垫层;沙垫层,,,,,0,0,,,
sand cut,,,冲砂(铸造缺陷),,,,,0,0,,,
sand cutter,,,[机] 松砂机,,,,,0,0,,,
sand cutting,,,[机] 松砂,,,,,0,0,,,
sand cutting and screening machinery,,,调砂及筛砂机,,,,,0,0,,,
sand cutting machine,,,拌砂机,,,,,0,0,,,
sand cutting-over,,,拌砂,,,,,0,0,,,
sand cylinder,,,"研磨筒,砂磨筒",,,,,0,0,,,
sand cylinder for centering unloading,,,卸架砂筒,,,,,0,0,,,
sand dab,,, [鱼类]沙鲆,,,,,0,0,s:sand dabs,,
sand dabs,,,【鱼类】沙鲆(Citharichus 属鱼，如棘鲆、黄盖蝶鱼等；产于北美太平洋沿岸海域),,,,,0,0,0:sand dab/1:s,,
Sand Dancer,,,[网络] 舞沙,,,,,0,0,,,
Sand Dancers,,,[网络] 沙舞者,,,,,0,0,,,
sand darter,,,[网络] 沙滩,,,,,0,0,,,
sand defect,,,[网络] 型砂造成的缺陷,,,,,0,0,,,
sand defects,,,型砂造成的(铸件)缺陷,,,,,0,0,,,
sand density,,,型砂比重;型砂密度,,,,,0,0,,,
sand deposit,,,层,,,,,0,0,,,
sand desert,,,"砂漠, 砂〔沙〕漠",,,,,0,0,,,
sand desert soil,,,砂质漠壤土,,,,,0,0,,,
sand devil,,,沙暴;尘旋,,,,,0,0,,,
sand devil's claw,,,[网络] 沙魔鬼的爪子,,,,,0,0,,,
sand dike,,,砂岩墙,,,,,0,0,,,
sand disc,,,"研磨圆盘,抛光圆盘",,,,,0,0,,,
sand disintegrator,,,[机] 松砂机,,,,,0,0,,,
sand disk,,,抛光圆盘,,,,,0,0,,,
sand distribution,,,砂体分布,,,,,0,0,,,
sand dollar,sænd ˈdɔlə,,n. 海胆; 沙钱,,,,,0,0,s:sand dollars,,
sand dollars,,,un. 海胆\n[网络] 砂钱；沙币,,,,,0,0,0:sand dollar/1:s,,
sand dome,,,沙穹,,,,,0,0,,,
sand down,sænd,,n. 沙漠；沙粒；(计时用的沙漏中的)细沙；胆量\nv. 用沙搀入；用沙[砂纸]擦[磨光]；使(船)开上沙滩\n[网络] 沙子；沙色；沙地,,,,,0,0,,,
sand drain,,,排水砂桩,,,,,0,0,,,
sand drain method,,,砂井排水法,,,,,0,0,,,
sand drain vacuum method,,,(用以加固地基)砂井真空排水法,,,,,0,0,,,
sand dredge,,,[船 矿业] 采砂船,,,,,0,0,,,
sand dredger,,,挖砂船,,,,,0,0,,,
sand drier,,,[机] 烘砂机,,,,,0,0,,,
sand drift,,,"沙堆,沙流",,,,,0,0,,,
sand drift observation,,,漂沙观测,,,,,0,0,,,
sand drip,,,un. 砂窝\n[网络] 砂滩圆穴,,,,,0,0,,,
sand drop,,,掉砂(铸造缺陷),,,,,0,0,,,
sand dropseed,,,[网络] 沙滴,,,,,0,0,s:sand dropseeds,,
sand dropseeds,,,[网络] 沙滴\n(sand dropseed 的复数),,,,,0,0,0:sand dropseed/1:s,,
sand dry,,,脱砂干燥,,,,,0,0,,,
sand dryer,,,"烘砂滚筒;烘砂器,烘砂炉",,,,,0,0,,,
sand drying oven,,,烘砂炉,,,,,0,0,,,
sand dune,,,"n. 沙丘, 风吹积成的沙丘",,,,,0,0,s:sand dunes,,
sand dune area,,,沙荒,,,,,0,0,,,
sand dune deposit,,,沙丘成层,,,,,0,0,,,
sand dune fixation,,,沙丘固定,,,,,0,0,,,
sand dune rock,,,沙丘岩,,,,,0,0,,,
sand dune succession,,,[生态] 沙丘演替,,,,,0,0,,,
sand dune vegetation,,,沙丘植被,,,,,0,0,,,
sand dunes,,,un. 沙丘；砂丘；沙垄\n[网络] 大沙丘；沙丘图片；沙漠沙丘,,,,,0,0,0:sand dune/1:s,,
sand dust,sænd dʌst,, 灰沙,,,,,0,0,,,
sand dust test chamber,,,[网络] 沙尘试验箱,,,,,0,0,,,
sand dyke,,,防沙堤,,,,,0,0,,,
sand edge,,,型砂挡肋,,,,,0,0,,,
sand eel,sænd i:l,,n. 玉筋属鱼（潮落时常钻进滩沙中的一类鱼）,,,,,0,0,s:sand eels,,
sand eels,,,玉筋鱼,,,,,0,0,0:sand eel/1:s,,
sand ejector,,,喷砂机,,,,,0,0,,,
sand eliminator,,,除沙设备,,,,,0,0,,,
sand equilibrium bank height,,,砂堤平衡高度,,,,,0,0,,,
sand equivalent,,,含沙当量,,,,,0,0,,,
sand equivalent shaker,,,在当量振动器,,,,,0,0,,,
sand equivalent test,,,含沙当量试验,,,,,0,0,,,
sand erosion,,,泥沙磨损,,,,,0,0,,,
sand exclusion,,,除砂 ; 隔砂,,,,,0,0,,,
sand expansion,,,[机] 铸砂膨胀,,,,,0,0,,,
sand expansion ratio,,,砂膨胀比,,,,,0,0,,,
sand explosion,,,(铸件表面的)砂眼,,,,,0,0,,,
sand facies,,,砂相,,,,,0,0,,,
sand facing,,,撒砂面,,,,,0,0,,,
sand fall,,,沙瀑,,,,,0,0,,,
sand falsemallow,,,沙赛葵,,,,,0,0,,,
sand feed test,,,喂沙试验,,,,,0,0,,,
sand feeder,,,给砂机,,,,,0,0,,,
sand fence,,,砂栅,,,,,0,0,,,
sand figure,,,[电] 沙图,,,,,0,0,,,
sand fill,,,水砂充填,,,,,0,0,,,
sand fill reclamation,,,填砂围垦,,,,,0,0,,,
sand filled drainage layer,,,排水砂垫层,,,,,0,0,,,
sand filling,,,填砂,,,,,0,0,,,
sand filter,,,[化] 砂滤器,,,,,0,0,,,
sand filter bed,,,砂滤床,,,,,0,0,,,
sand filter blanket,,,砂滤层,,,,,0,0,,,
sand filter unit,,,砂滤装置,,,,,0,0,,,
sand filtering,,,砂路,,,,,0,0,,,
sand filtering efficiency,,,砂滤效率,,,,,0,0,,,
sand filtration,,,[医] 沙滤,,,,,0,0,,,
sand fineness,,,砂子平均粒度,,,,,0,0,,,
sand finish,,,砂饰面,,,,,0,0,,,
sand flag,,,细粒薄层砂岩,,,,,0,0,,,
sand flashing,,,"流沙塡充, 流沙填定",,,,,0,0,,,
sand flat,,,沙坪,,,,,0,0,,,
sand flat-head,,,[网络] 沙扁头鱼,,,,,0,0,,,
sand flea,,,[医] 沙蚤,,,,,0,0,s:sand fleas,,
sand fleas,,,[网络] 沙跳蚤,,,,,0,0,0:sand flea/1:s,,
sand flies,,,un. 蠓\n[网络] 沙蝇；白蛉；白蛉子,,,,,0,0,0:sand fly/1:s,,
sand flood,,,沙洪,,,,,0,0,,,
sand floor,,,[机] 砂床,,,,,0,0,,,
sand flotation,,,砂浮法,,,,,0,0,,,
sand flotation process,,,尾砂浮选法,,,,,0,0,,,
sand flow,,,出砂;砂流;沙流,,,,,0,0,,,
sand flow rate,,,输沙率,,,,,0,0,,,
sand flowability,,,型砂流动性,,,,,0,0,,,
sand fluching,,,流砂充填,,,,,0,0,,,
sand fluke,,,[网络] 瘦尖形锚爪,,,,,0,0,,,
sand flushing,,,冲沙,,,,,0,0,,,
sand fly,,,[医] 白蛉,,,,,0,0,s:sand flies,,
sand fog,,,沙雾,,,,,0,0,,,
sand foreshore,,,un. 沙滩\n[网络] 沙滨,,,,,0,0,,,
Sand Fork,,,[地名] 桑德福克 ( 美 ),,,,,0,0,,,
sand formulation,,,型砂配方,,,,,0,0,,,
sand frac,,,对…采用砂水压裂法,,,,,0,0,,,
sand fracing,,,对…采用砂水压裂法,,,,,0,0,,,
sand frame,,,[机] 砂框,,,,,0,0,,,
sand friability,,,un. 型砂松散性,,,,,0,0,,,
sand fritting,,,砂子烧结,,,,,0,0,,,
sand fusion,,,粘砂,,,,,0,0,,,
sand gall,,,沙管,,,,,0,0,,,
sand galvanizing,,,(钢丝的)砂抹镀锌,,,,,0,0,,,
sand gauge,,,n. 量沙箱,,,,,0,0,,,
sand glacier,,,【地质学】越脊沙流，砂川(指沙流悬于坡上如同冰川),,,,,0,0,,,
sand glass,,,砂玻璃,,,,,0,0,,,
sand gradation,,,砂粒级配,,,,,0,0,,,
sand grading,,,砂子粒度分级,,,,,0,0,,,
sand grading chart,,,砂子颗粒组成图,,,,,0,0,,,
sand grain,,,[机] 砂粒,,,,,0,0,,,
sand grain content,,,砂粒含量,,,,,0,0,,,
sand grain distribution,,,砂子粒度分布,,,,,0,0,,,
sand grain sphericity,,,砂粒球度,,,,,0,0,,,
sand grains,sænd ɡreinz,, 砂粒,,,,,0,0,,,
sand grape,,,沙地葡萄,,,,,0,0,,,
sand grass,,,沙草,,,,,0,0,,,
sand gravel,,,砂砾,,,,,0,0,,,
sand grind,,,砂磨,,,,,0,0,,,
sand grip,,,"持砂条,(砂箱内壁)凸条",,,,,0,0,,,
sand groin,,,防沙堤；沈沙丁坝,,,,,0,0,,,
sand grouse,,, [鸟] 沙鸡,,,,,0,0,s:sand grouses,,
sand grouses,,,【鸟类】沙鸡科(Pteroclidiae)鸡;沙鸡[亦作 sandgrouse],,,,,0,0,0:sand grouse/1:s,,
sand handling,,,[网络] 供砂；砂处理,,,,,0,0,,,
sand handling equipment,,,砂子输送设备,,,,,0,0,,,
sand hardness,,,砂型硬度,,,,,0,0,,,
sand hazard,,,沙害,,,,,0,0,,,
sand haze,,,沙霾,,,,,0,0,,,
sand heap,,,[网络] 沙包,,,,,0,0,,,
sand heap analogy,,,沙堆法,,,,,0,0,,,
sand hedge,,,砂丘围护,,,,,0,0,,,
sand hickory,,,沙山核桃,,,,,0,0,,,
sand hill,,,沙丘,,,,,0,0,,,
sand hill analogy,sænd hil əˈnælədʒi,, 沙堆比拟,,,,,0,0,,,
Sand Hill Pt.,,,[地名] 桑德希尔角 ( 新西 ),,,,,0,0,,,
Sand Hill Road,,,[网络] 沙丘路；硅谷沙丘路；硅谷沙山路,,,,,0,0,,,
Sand Hills,,,[地名] 桑德丘陵 ( 美 ),,,,,0,0,,,
sand hindrance,,,拦砂,,,,,0,0,,,
sand hog,,,na. 水底工作的工人\n[网络] 构筑隧道的工人；原油除砂器,,,,,0,0,,,
sand hole,,,[化] 砂眼,,,,,0,0,,,
sand hole and inclusions,,,[化] 砂眼及夹杂物,,,,,0,0,,,
sand hook,,,砂钩,,,,,0,0,,,
sand hopper,,,[机] 砂漏斗,,,,,0,0,s:sand hoppers,,
sand hoppers,,,砂斗\n[昆] 沙蚤,,,,,0,0,0:sand hopper/1:s,,
sand horn,,,【地质学】砂岬，砂嘴,,,,,0,0,,,
sand hornet,,,[网络] 沙大黄蜂,,,,,0,0,,,
sand humidity,,,型砂水分,,,,,0,0,,,
sand hydro-cleaning room,,,[网络] 水力清砂室,,,,,0,0,,,
Sand I.,,,[地名] 桑德岛 ( 大洋洲、基里、美、密 ),,,,,0,0,,,
sand in teeter,,,悬浮砂,,,,,0,0,,,
sand inclusion,,,[化] 夹砂,,,,,0,0,,,
sand inclusions,,,夹砂；砂眼,,,,,0,0,,,
sand influx,,,出砂量,,,,,0,0,,,
sand interceptor,,,截砂阱,,,,,0,0,,,
sand intrusion,,,砂侵,,,,,0,0,,,
sand ionization formula,,,沙堆模型,,,,,0,0,,,
sand iron,,, = sand wedge,,,,,0,0,,,
sand island,,,砂岛,,,,,0,0,,,
sand island method,,,砂岛法,,,,,0,0,,,
sand jack,,,"砂箱千斤顶,砂箱,砂垫",,,,,0,0,,,
sand jak,,,[机] 砂箱千斤顶,,,,,0,0,,,
sand jet,,,喷砂嘴,,,,,0,0,,,
sand jet perforator,,,水力喷砂射孔器,,,,,0,0,,,
sand kicker,,,行走式砂处理机,,,,,0,0,,,
sand kneader,,,[机] 揉砂机,,,,,0,0,,,
Sand L.,,,[地名] 桑德湖 ( 加 ),,,,,0,0,,,
sand laboratory,,,型砂试验室,,,,,0,0,,,
Sand Lake,,,[地名] 桑德莱克 ( 加、美 ),,,,,0,0,,,
sand laminae,,,砂质薄夹层,,,,,0,0,,,
sand lance,sænd læns,, 玉筋鱼,,,,,0,0,s:sand lances,,
"sand lance, sand launce",,,【鱼类】玉筋属(Ammodytes)鱼；玉筋鱼,,,,,0,0,,,
sand lances,,,沙矛鱼类；玉筋类,,,,,0,0,0:sand lance/1:s,,
sand land,,,沙地,,,,,0,0,,,
sand lark,,,[网络] 恒河沙百灵,,,,,0,0,,,
sand launce,sænd lɔ:ns,, 玉筋鱼,,,,,0,0,s:sand launces,,
sand launces,,,【鱼类】玉筋属(Ammodytes)鱼；玉筋鱼,,,,,0,0,0:sand launce/1:s,,
sand launder,,,砂槽,,,,,0,0,,,
sand laverock,,,[网络] 沙苜蓿,,,,,0,0,,,
sand layer,,,层,,,,,0,0,,,
sand leach,,,砂滤,,,,,0,0,,,
sand lead,,,[网络] 撇缆头,,,,,0,0,,,
sand leaf,,,脚(烟)叶,,,,,0,0,,,
sand ledge,,,砂箱内壁凸条,,,,,0,0,,,
sand leek,,, 葫蒜,,,,,0,0,s:sand leeks,,
sand leeks,,,葫蒜,,,,,0,0,0:sand leek/1:s,,
sand lens,,,"砂透镜, 砂质透镜体, 砂凸镜",,,,,0,0,,,
sand lens model,,,砂透镜状模型,,,,,0,0,,,
sand lens trap,,,砂岩透镜体圈闭,,,,,0,0,,,
sand lettuce,,,[网络] 沙莴苣,,,,,0,0,,,
sand levee,,,【地质学】沙垅(= whaleback dune),,,,,0,0,,,
sand lift,,,扬砂管,,,,,0,0,,,
sand lily,,,【植物】白文殊兰(Leucocrinum montanum),,,,,0,0,,,
sand lime brick,sænd laɪm brik,, 灰砂砖，石灰砂粒碳,,,,,0,0,,,
sand limestone,,,砂质灰岩,,,,,0,0,,,
sand line,,,[机] 剥砂线,,,,,0,0,,,
sand lining,,,砂衬,,,,,0,0,,,
sand liquefaction,,,砂土液化,,,,,0,0,,,
sand lizard,,, [动物]沙地蜥蜴（Lacerta agilis）,,,,,0,0,s:sand lizards,,
sand lizards,,,【动物】沙地蜥蜴(Lacerta agilis),,,,,0,0,0:sand lizard/1:s,,
sand load,,,[电] 沙负荷,,,,,0,0,,,
sand loader,,,装砂机,,,,,0,0,,,
sand loam,,,砂质垆坶(制砖用砂、黏土、有机物的混合物),,,,,0,0,,,
sand lobe,,,朵状砂体,,,,,0,0,,,
sand lobster,,,[网络] 大螯虾；虾蛄,,,,,0,0,,,
sand lot,,,[网络] 大沙地,,,,,0,0,,,
sand lovegrass,,,沙画眉草,,,,,0,0,,,
sand lugs,,,un. 下面采摘的第一层烟叶,,,,,0,0,,,
sand lump,,,砂块,,,,,0,0,,,
sand lump breaker,,,[机] 砂块打碎机,,,,,0,0,,,
sand lump breaking,,,砂块破碎,,,,,0,0,,,
sand lump crushing,,,砂块破碎,,,,,0,0,,,
sand map,,,沙盘,,,,,0,0,,,
sand maps,,,多孔层等厚图,,,,,0,0,,,
sand mark,,,[机] 砂痕,,,,,0,0,,,
sand martin,sænd ˈmɑ:tn,,n. 堤燕; 灰沙燕,,,,,0,0,s:sand martins,,
sand martins,,,[网络] 沙马丁,,,,,0,0,0:sand martin/1:s,,
sand mat,,,砂垫层,,,,,0,0,,,
sand match,,,砂胎模,,,,,0,0,,,
sand material,,,砂粒材料,,,,,0,0,,,
sand maturing,,,"型砂回性,型砂熟化",,,,,0,0,,,
sand method,,,砂层积贮藏法,,,,,0,0,,,
sand mill,,,[化] 砂磨机,,,,,0,0,,,
sand milling,,,混砂,,,,,0,0,,,
sand mirage,,,沙蜃景,,,,,0,0,,,
sand mist,,,沙雾,,,,,0,0,,,
sand mix,,,型砂,,,,,0,0,,,
sand mixer,,,[机] 混砂机,,,,,0,0,,,
sand mixing,,,混砂,,,,,0,0,,,
sand mixing machine,,,混砂机,,,,,0,0,,,
sand mixing plant,,,[机] 配砂工场,,,,,0,0,,,
sand mixing truck,,,混砂车,,,,,0,0,,,
sand mixture,,,型砂,,,,,0,0,,,
sand mo(u)ld,,,[机] 砂模,,,,,0,0,,,
sand moisture content,,,型砂水分,,,,,0,0,,,
sand moisture controlling system,,,[网络] 型砂水分控制系统,,,,,0,0,,,
sand mold,,,沙模[型],,,,,0,0,,,
sand mold casting,,,砂型铸造,,,,,0,0,,,
sand molding,,,砂模造,,,,,0,0,,,
sand mole,,,[网络] 沙痣,,,,,0,0,,,
sand monkey,,,[网络] 中东人,,,,,0,0,,,
sand monkeys,,,[网络] 沙猴,,,,,0,0,,,
sand mould,,,[化] 砂模; 砂型,,,,,0,0,,,
sand mould hardness,,,[网络] 砂型硬度,,,,,0,0,,,
sand mould pig iron,,,砂型生铁,,,,,0,0,,,
sand moulded brick,,,[网络] 砂模砖,,,,,0,0,,,
sand moulding,,,砂型；砂模,,,,,0,0,,,
sand moulding process,,,[网络] 砂型工艺,,,,,0,0,,,
sand muller,,,[机] 炼砂机,,,,,0,0,,,
sand mulling,,,[机] 炼砂,,,,,0,0,,,
sand myrtle,,, [植物]（产于美国东部地区的）欧石楠属(Leiophyllum buxifolium)常绿灌木,,,,,0,0,s:sand myrtles,,
sand myrtles,,,【植物】(产于美国东部地区的)欧石楠属(Leiophyllum buxifolium)常绿灌木,,,,,0,0,0:sand myrtle/1:s,,
sand nigger,,noun; a person of Middle Eastern descent due to the various desert regions there.  Usually meant in a disparaging and demeaning way.,,,,,,0,0,,,
sand niggers,,,[网络] 沙黑,,,,,0,0,,,
sand of storm,,,风沙,,,,,0,0,,,
sand oil,,,un. 型砂用油,,,,,0,0,,,
sand olive,,,[网络] 沙橄榄,,,,,0,0,,,
sand out pressure,,,脱砂压力,,,,,0,0,,,
sand outlet,,,泄砂孔,,,,,0,0,,,
sand oven,,,[机] 烘砂机,,,,,0,0,,,
sand pack,,,砂袋,,,,,0,0,,,
sand packed fracture,,,填砂裂缝,,,,,0,0,,,
sand painting,,, 沙画，干画; (北美印第安人的)“洒沙画符”治病法; 洒沙所画的符,,,,,0,0,s:sand paintings,,
sand paintings,,,沙画，干画；(北美印第安人的)“洒沙画符”治病法,,,,,0,0,0:sand painting/1:s,,
Sand Papago,,,[网络] 沙帕Papago,,,,,0,0,,,
sand paper,,,[化] 砂纸\n[医] 沙纸,,,,,0,0,,,
sand paper disc,,,砂纸片,,,,,0,0,,,
sand paper disk,,,[医] 砂纸片(盘),,,,,0,0,,,
sand paper machine,,,un. 砂纸机\n[网络] 砂纸磨光机,,,,,0,0,,,
sand paper mark,,,砂纸磨痕;〈俗〉砂纸道,,,,,0,0,,,
sand paper strip,,,[医] 沙纸磨带,,,,,0,0,,,
sand papering machine,,,砂纸加工机,,,,,0,0,,,
sand particle form,,,[网络] 砂粒形状,,,,,0,0,,,
sand particle size,,,砂粒形状,,,,,0,0,,,
sand patch,,,沙斑,,,,,0,0,,,
sand patch method,,,铺砂法,,,,,0,0,,,
sand patch test,,,铺砂法试验,,,,,0,0,,,
sand pattern,,,[机] 砂胚模型,,,,,0,0,,,
sand pattern method,,,[网络] 砂形法,,,,,0,0,,,
sand pavement,,,un. 砂面,,,,,0,0,,,
sand pear,,,沙梨,,,,,0,0,,,
sand penetration,,,粘砂;粘砂,,,,,0,0,,,
sand percentage,,,砂率,,,,,0,0,,,
sand perch,,,= squirrelfish,,,,,0,0,,,
sand permeability,,,砂粒渗透性;型砂透气性,,,,,0,0,,,
sand phlox,,,[网络] 沙子福禄考,,,,,0,0,s:sand phloxes,,
sand phloxes,,,[网络] 沙子福禄考\n(sand phlox 的复数),,,,,0,0,0:sand phlox/1:s,,
sand phxiemoss,,,沙盖花,,,,,0,0,,,
sand pike,,,= sauger,,,,,0,0,,,
sand pile,,,砂桩,,,,,0,0,,,
sand pile foundation,,,砂桩基础,,,,,0,0,,,
sand pillar,,,沙卷,,,,,0,0,,,
sand pin,,,铸型用销钉,,,,,0,0,,,
sand pinnacle,,,尖沙柱,,,,,0,0,,,
sand pipe,,,撒砂管;沙管,,,,,0,0,,,
sand pit,,,砂坑;采砂场,,,,,0,0,,,
sand plain,,,沙原,,,,,0,0,,,
sand plant,,,[机] 砂处理场,,,,,0,0,,,
sand plateau,,,沙台地,,,,,0,0,,,
sand plover,,,[网络] 塘福的度假屋,,,,,0,0,,,
sand plovers,,,[网络] 沙犁,,,,,0,0,,,
sand plow,,,刮砂板,,,,,0,0,,,
sand plug,,,砂堵,,,,,0,0,,,
sand plum,,,un. 沙李\n[网络] 沙地李树,,,,,0,0,,,
sand pond,,,磨料粉砂沉积池,,,,,0,0,,,
sand porosity,,,型砂空隙度,,,,,0,0,,,
sand post oak,,,沙生星毛栎,,,,,0,0,,,
sand precoating,,,型砂覆膜,,,,,0,0,,,
sand preparation,,,型砂制备,,,,,0,0,,,
sand preparation equipment,,,[机] 砂处理设备,,,,,0,0,,,
sand preparation plant,,,砂处理装置,,,,,0,0,,,
sand preparing machine,,,砂处理设备,,,,,0,0,,,
sand preparing system,,,砂处理系统,,,,,0,0,,,
sand preventing dike,,,防沙堤,,,,,0,0,,,
sand prevention,,,防砂,,,,,0,0,,,
sand producer,,,出砂油井,,,,,0,0,,,
sand producing formation,,,出砂地层,,,,,0,0,,,
sand product,,,砂质产品,,,,,0,0,,,
sand production,,,出砂,,,,,0,0,,,
sand production rate,,,出砂量,,,,,0,0,,,
sand projection machine,,,抛砂机,,,,,0,0,,,
sand proportioner,,,比例加砂器,,,,,0,0,,,
sand protecting plantation,,,防沙林,,,,,0,0,,,
sand protection,,,防砂,,,,,0,0,,,
sand protection dike,,,防沙坝,,,,,0,0,,,
sand protection facilities,,,防沙设施,,,,,0,0,,,
sand protection green,,,防沙林,,,,,0,0,,,
sand pulp,,,砂浆,,,,,0,0,,,
sand pump,,,[化] 砂泵,,,,,0,0,,,
sand pump bucket dredger,,,[网络] 自扬链斗挖泥船,,,,,0,0,,,
sand pump dredger,,,砂泵采掘船;泵沙挖泥船,,,,,0,0,,,
sand puppies,,,[网络] 沙小狗,,,,,0,0,,,
sand puppy,,,"【动物】裸鼠(Heterocephalus glaber,产于非洲东部)[亦作 sand rat, naked mole rat]",,,,,0,0,,,
sand quarry,,,采砂场,,,,,0,0,,,
Sand R.,,,[地名] 桑德河 ( 加、南非 ),,,,,0,0,,,
sand rail,,,[网络] 砂轨,,,,,0,0,,,
sand rails,,,[网络] 沙栏杆,,,,,0,0,,,
sand rammer,,,[机] 捣砂杆,,,,,0,0,,,
sand rat,,,[网络] 沙鼠类；砂鼠,,,,,0,0,s:sand rats,,
sand ratio,,,砂率,,,,,0,0,,,
sand rats,,,【动物】；沙鼠,,,,,0,0,0:sand rat/1:s,,
sand reclaimation system,,,[网络] 砂再生机,,,,,0,0,,,
sand reclaimer,,,[网络] 砂回收装置,,,,,0,0,,,
sand reclaiming plant,,,un. 旧砂再生设备,,,,,0,0,,,
sand reclamation,,,型砂再生,,,,,0,0,,,
sand reclamation equipment,,,旧砂再生设备,,,,,0,0,,,
sand reclamation plant,,,[机] 砂回收场,,,,,0,0,,,
sand reconditioning,,,[机] 旧砂处理,,,,,0,0,,,
sand reconditioning system,,,un. 旧砂处理设备,,,,,0,0,,,
sand recovering machine,,,回砂机,,,,,0,0,,,
sand recycle system,,,砂子循环系统,,,,,0,0,,,
sand reed,,,[网络] 沙芦苇,,,,,0,0,s:sand reeds,,
sand reeds,,,[网络] 沙芦苇\n(sand reed 的复数),,,,,0,0,0:sand reed/1:s,,
sand reef,,,砂洲,,,,,0,0,,,
sand reel,,,捞砂滚筒,,,,,0,0,,,
sand removal,,,冲砂,,,,,0,0,,,
sand remover,,,除砂器,,,,,0,0,,,
sand removing machine,,,除砂机,,,,,0,0,,,
sand replacement method,,,灌砂法;换砂法,,,,,0,0,,,
sand resin,,,壳模砂树脂,,,,,0,0,,,
sand return,,,压裂砂返回,,,,,0,0,,,
sand ribbon,,,沙带,,,,,0,0,,,
sand riddle,,,砂筛,,,,,0,0,,,
sand ridge,,,沙波;沙丘线,,,,,0,0,,,
sand ridges,,, 沙脊,,,,,0,0,,,
sand ripple,,,n. (因浪、风或潮水等形成的)波浪形沙地,,,,,0,0,,,
sand river,,,干河床,,,,,0,0,,,
sand road,,,砂路,,,,,0,0,,,
sand rock,,,巢穴化石,,,,,0,0,,,
sand roll,,,[机] 砂模铸轧辊,,,,,0,0,,,
sand roller mark,,,卷布辊痕(织疵),,,,,0,0,,,
sand roller mill,,,碾轮式混砂机,,,,,0,0,,,
sand rose (desert rose),,,沙漠玫瑰（石膏结壳）,,,,,0,0,,,
sand roughness,,,砂粒粗糙性,,,,,0,0,,,
sand run,,,沙土流,,,,,0,0,,,
sand running-down,,,砂土流失,,,,,0,0,,,
sand sage,,,[网络] 沙鼠,,,,,0,0,s:sand sages,,
sand sage grassland community,,,沙蒿属草地群落,,,,,0,0,,,
sand sagebrush,,,沙蒿,,,,,0,0,,,
sand sages,,,[网络] 沙鼠\n(sand sage 的复数),,,,,0,0,0:sand sage/1:s,,
sand saltation,,,砂粒跃动,,,,,0,0,,,
sand sampler,,,采砂器,,,,,0,0,,,
sand scale,,,砂垢,,,,,0,0,,,
sand scouring by flow contraction,,,束水攻沙,,,,,0,0,,,
sand scouring flow,,,un. 冲砂流\n[网络] 走沙水,,,,,0,0,,,
sand scratches,,,沙擦痕,,,,,0,0,,,
sand screen,,,砂筛,,,,,0,0,,,
sand scrubber,,,旧砂干法清洗装置,,,,,0,0,,,
sand sea,,,纯砂沙漠,,,,,0,0,,,
sand seal,,,[化] 沙封,,,,,0,0,,,
sand seam,,,砂层,,,,,0,0,,,
sand sedge,,,[网络] 沙沙,,,,,0,0,s:sand sedges,,
sand sedges,,,[网络] 沙刺,,,,,0,0,0:sand sedge/1:s,,
sand sediment trap,,,沉沙槽;沉沙井,,,,,0,0,,,
sand separator,,,分砂器;型砂分选装置,,,,,0,0,,,
sand shadow,,,沙影,,,,,0,0,,,
sand shakeout,sænd ˈʃeikˌaut,, 落砂,,,,,0,0,,,
sand shaker,,,砂筛,,,,,0,0,,,
sand shallows and holms,,,浅滩和沙洲,,,,,0,0,,,
sand shark,sænd ʃɑ:k,, 许氏犁头鳐; 沙鲨,,,,,0,0,s:sand sharks,,
sand sharks,,,"【鱼类】双髻鲨,沙鲨(Odontaspis taurus,产于大西洋海域)[亦作 sand tiger]",,,,,0,0,0:sand shark/1:s,,
sand sheet,,,沙席;小沙原,,,,,0,0,,,
sand shell moulding,,,n. 砂型铸造,,,,,0,0,,,
sand shifter,,,[机] 筛砂机,,,,,0,0,,,
sand shifting control forest,,,防风固砂林,,,,,0,0,,,
sand shoal,,,砂质浅滩,,,,,0,0,,,
sand shoe,,,"n. 网球鞋,运动鞋",,,,,0,0,,,
sand shoes,,,[网络] 沙地鞋；沙滩鞋,,,,,0,0,,,
sand shop,,,砂处理工段,,,,,0,0,,,
sand shovel,,,砂铲,,,,,0,0,,,
sand shrimp,,,砂虾\n芦虾,,,,,0,0,,,
sand sieve,,,砂筛,,,,,0,0,,,
sand sieving machine,,,[机] 筛砂机,,,,,0,0,,,
sand sifter,,,"[机] 筛砂机, 筛砂装置",,,,,0,0,,,
sand sill,,,砂绳轮支柱,,,,,0,0,,,
sand silo,,,[机] 砂仓,,,,,0,0,,,
sand sink,,,(清除海面油污的)沙沉法,,,,,0,0,,,
sand sintering,,,un. 砂子烧结；型砂烧结,,,,,0,0,,,
sand skin,,,砂皮,,,,,0,0,,,
sand skipper,,,= sand hopper,,,,,0,0,,,
sand slime separation,,,un. 砂泥分离,,,,,0,0,,,
sand slime separator,,,砂泥分离器,,,,,0,0,,,
sand slinger,,,[机] 摔砂造模机,,,,,0,0,,,
sand slinging machine,,,投砂器,,,,,0,0,,,
sand sluicing,,,冲沙,,,,,0,0,,,
sand sluicing canal,,,冲沙道,,,,,0,0,,,
sand sluicing gate,,,冲沙闸,,,,,0,0,,,
sand smelt,,,= silversides,,,,,0,0,,,
sand snake,,,[网络] 沙蛇；沙蛇图片,,,,,0,0,s:sand snakes,,
sand snakes,,,[网络] 沙蛇；沙蛇图片\n(sand snake 的复数),,,,,0,0,0:sand snake/1:s,,
sand snow,,,砂性雪,,,,,0,0,,,
sand soap,,,砂皂,,,,,0,0,,,
sand soil,,,砂质土,,,,,0,0,,,
sand sole,,,un. 砂鳎\n[网络] 沙鲽鱼,,,,,0,0,s:sand soles,,
sand soles,,,un. 砂鳎\n[网络] 沙鲽鱼\n(sand sole 的复数),,,,,0,0,0:sand sole/1:s,,
sand spalling,,,[网络] 型砂剥落,,,,,0,0,,,
sand sphericity,,,砂粒球度,,,,,0,0,,,
sand spillage,,,un. 型砂撒落,,,,,0,0,,,
sand spit,,,砂洲,,,,,0,0,,,
sand splay,,,= floodplain splay,,,,,0,0,,,
sand spout,,,沙龙卷,,,,,0,0,,,
sand sprayer,,,撒砂器,,,,,0,0,,,
sand spraying,,,喷砂机,,,,,0,0,,,
sand spraying device,,,撒砂设备;喷砂器,,,,,0,0,,,
sand spraying gear,,,喷砂装置,,,,,0,0,,,
sand spraying machine,,,撒沙机,,,,,0,0,,,
sand spreader,,,撒砂机,,,,,0,0,,,
sand spreading machine,,,铺砂机,,,,,0,0,,,
Sand Springs,,,[地名] 桑德斯普林斯 ( 美 ),,,,,0,0,,,
sand spun casting,,,砂型离心浇注,,,,,0,0,,,
sand spun process,,,砂型离心铸造法,,,,,0,0,,,
sand spurries,,,[网络] 大瓜草\n(sand spurry 的复数),,,,,0,0,0:sand spurry/1:s,,
sand spurry,,,[网络] 大瓜草,,,,,0,0,s:sand spurries,,
sand stabilizer,,,型砂稳定剂,,,,,0,0,,,
sand stalagmite,,,砂石笋,,,,,0,0,,,
sand star,,,"【动物】海星(属于 Asteroidea)[亦作 sea star, starfish]",,,,,0,0,,,
sand stargazer,,, [鱼类]望星鱼科（Dactyloscopidae）,,,,,0,0,s:sand stargazers,,
sand stargazers,,,【鱼类】望星鱼科(Dactyloscopidae),,,,,0,0,0:sand stargazer/1:s,,
sand stemming,,,砂质炮泥,,,,,0,0,,,
sand sticking,,,砂疤,,,,,0,0,,,
sand stone,,,砂岩,,,,,0,0,,,
sand stone soil,,,砂岩土壤,,,,,0,0,,,
sand storage,,,砂库,,,,,0,0,,,
sand storage bin,,,贮砂斗,,,,,0,0,,,
sand storage hopper,,,储砂斗,,,,,0,0,,,
sand storage pit,,,储沙坑,,,,,0,0,,,
sand storm,,,[化] 沙暴,,,,,0,0,,,
sand storm protection,sænd stɔrm prəˈtɛkʃən,, 风沙防护,,,,,0,0,,,
sand storms,,,[网络] 沙尘暴,,,,,0,0,,,
sand strainer core,,,滤渣砂芯,,,,,0,0,,,
sand strake,,,[网络] 龙骨翼板；龙骨翼板列,,,,,0,0,,,
sand streak,,,砂岩夹层,,,,,0,0,,,
sand stream,,,un. 流沙河\n[网络] 沙岚；砂溪；沙尘,,,,,0,0,,,
sand strength,,,造型材料强度,,,,,0,0,,,
sand strength testing machine,,,型砂强度试验机,,,,,0,0,,,
sand strip,,,"[机] 清砂, 脱砂",,,,,0,0,,,
sand sucker,,,吸沙机,,,,,0,0,,,
sand sugar,,,[化] 砂糖,,,,,0,0,,,
sand surfing,,,沙地冲浪，冲沙(运动),,,,,0,0,,,
sand suspension,,,砂悬浮体,,,,,0,0,,,
sand sweeping,,,回砂,,,,,0,0,,,
sand sweeping machine,,,扫砂机,,,,,0,0,,,
sand swell,,,沙隆,,,,,0,0,,,
sand system scrubber,,,砂系洗涤器,,,,,0,0,,,
sand table,sænd ˈteibl,, 矿砂摇床,,,,,0,0,,,
sand table exercise,,,沙盘作业,,,,,0,0,,,
sand tail,,,沙尾,,,,,0,0,,,
sand tank,,,沉砂罐,,,,,0,0,,,
sand temperature modulator,,,砂温调节器,,,,,0,0,,,
sand tempering,,,[机] 砂渗配,,,,,0,0,,,
sand test,,,"[医] 沙滤试验, 李普斯氏试验(检尿内胆汁及血红蛋白)",,,,,0,0,,,
sand test specimen,,,型砂试样,,,,,0,0,,,
sand tester,,,试砂器,,,,,0,0,,,
sand testing sieve,,,[机] 试砂筛,,,,,0,0,,,
sand texture coating,,,彩砂涂料,,,,,0,0,,,
sand therapy,,,砂疗法,,,,,0,0,,,
sand thickness,,,含油层厚度,,,,,0,0,,,
sand thrower,,,[机] 淬砂造模机,,,,,0,0,,,
sand throwing machine,,,抛砂机,,,,,0,0,,,
sand tiger,,,[网络] 虎鲨；沙老虎,,,,,0,0,s:sand tigers,,
sand tigers,,,沙虎鲨类,,,,,0,0,0:sand tiger/1:s,,
sand tornado,,,沙龙卷,,,,,0,0,,,
sand toughness number,,,砂子韧性(读数),,,,,0,0,,,
sand tower,,,砂滤塔,,,,,0,0,,,
sand track,,,撒砂轨道,,,,,0,0,,,
sand trail,,,落砂试验,,,,,0,0,,,
sand transportation,,,沙搬运,,,,,0,0,,,
sand trap,sænd træp,,"n. 分沙器, <美>沙坑障碍",,,,,0,0,s:sand traps,,
sand trap section,,,砂槽系统,,,,,0,0,,,
sand traps,,,[网络] 沉淀罐；悬沙测量器,,,,,0,0,0:sand trap/1:s,,
sand tray,,,砂盘(放蓄电池用),,,,,0,0,,,
sand treatment,,,[医] 沙浴疗法,,,,,0,0,,,
sand trouble,,,砂害 ; 砂侵,,,,,0,0,,,
sand tube,,,【地质学】闪电熔岩(= fulgurite),,,,,0,0,,,
sand tuff,,,砂质凝灰岩,,,,,0,0,,,
sand tumor,,,[医] 沙瘤,,,,,0,0,s:sand tumors,,
sand tumors,,,[医] 沙瘤\n(sand tumor 的复数),,,,,0,0,0:sand tumor/1:s,,
sand up,,,用沙填塞(油井等),,,,,0,0,,,
sand valve,,,(砂箱)撒砂阀,,,,,0,0,,,
sand valve connection,,,砂阀接头,,,,,0,0,,,
sand valve connection pin,,,un. 砂阀连接销,,,,,0,0,,,
sand valve stem,,,砂阀杆,,,,,0,0,,,
sand vegetation,,,砂地植被,,,,,0,0,,,
sand verbena,,, [植物]叶子花属,,,,,0,0,s:sand verbenas,,
sand verbenas,,,【植物】叶子花属(Abronia)植物(产于美国西部),,,,,0,0,0:sand verbena/1:s,,
sand vetch,,,[网络] 砂性大巢菜,,,,,0,0,,,
sand viper,sænd ˈvaɪpə,, [医]沙蝰,,,,,0,0,s:sand vipers,,
sand vipers,,,= hognose snake；= horned viper,,,,,0,0,0:sand viper/1:s,,
sand volcano,,,砂火山,,,,,0,0,,,
sand volume apparatus,,,砂量量筒,,,,,0,0,,,
Sand Wall,,,沙墙,,,,,0,0,,,
sand wash,,,砂堆积;砂型涂料;冲砂,,,,,0,0,,,
sand washer,,,洗砂机,,,,,0,0,,,
sand washing,,,冲砂,,,,,0,0,,,
sand washover,,,冲砂,,,,,0,0,,,
sand wasp,,,[网络] 沙蜂；沙漠蜂；沙漠巨蜂,,,,,0,0,,,
sand waste,,,砂滩,,,,,0,0,,,
sand wave,,,沙波,,,,,0,0,,,
sand waves,,,砂波,,,,,0,0,,,
sand wedge,sænd wedʒ,, 沙楔,,,,,0,0,s:sand wedges,,
sand wedges,,,[网络] 砂楔,,,,,0,0,0:sand wedge/1:s,,
sand weighing barrel,,,黄砂称筒,,,,,0,0,,,
sand well,,,出砂油井,,,,,0,0,,,
sand wheel,,,泥砂轮,,,,,0,0,,,
sand wheel band,,,加宽轮辋,,,,,0,0,,,
sand whirl,sænd hwə:l,, 沙旋风,,,,,0,0,,,
sand whiting,,,[网络] 无鳔石首鱼,,,,,0,0,,,
sand worm eruption,,,爬行性幼虫疹,,,,,0,0,,,
sand yacht,sænd jɔt,," 沙滩艇, 陆地风帆",,,,,0,0,,,
sand yachting,,,【体育】沙滩帆船赛，沙滩舟(或沙地帆车)比赛,,,,,0,0,,,
sand yard,,,堆沙场,,,,,0,0,,,
"Sand, George",sɔŋd,,乔治桑(1804～1876，法国著名女小说家),,,,,0,0,,,
sand-aerating apparatus,,,吹砂装置,,,,,0,0,,,
sand-and-canvas,,,[网络] 用黄沙与帆布擦洗,,,,,0,0,,,
sand-and-gravel,,,un. 砂砾石,,,,,0,0,,,
sand-art,,,[网络] 另类沙画；色彩沙艺术；沙--手工艺,,,,,0,0,,,
sand-bagged,,,堆沙袋\n用沙袋打（sandbag的过去式和过去分词）,,,,,0,0,s:sand-baggeds,,
sand-baggeds,,,堆沙袋\n用沙袋打（sandbag的过去式和过去分词）,,,,,0,0,0:sand-bagged/1:s,,
sand-bank,,,na. 沙丘；沙洲,,,,,0,0,,,
sand-banks,,,[网络] 沙洲,,,,,0,0,,,
sand-bar,,,"河口沙洲, [海洋][地理] 沙洲",,,,,0,0,s:sand-bars,,
Sand-barren,,,"沙漠, 沙荒漠",,,,,0,0,,,
sand-barrier,,,un. 沙坝；河口沙洲\n[网络] 沙堤,,,,,0,0,s:sand-barriers,,
sand-barriers,,,[网络] 砂粒屏障技术,,,,,0,0,0:sand-barrier/1:s,,
sand-bars,,plural of sand-bar,"(sand-bar 的复数) 河口沙洲, [海洋][地理] 沙洲",,,,,0,0,0:sand-bar/1:s,,
sand-basin,,,沉砂池,,,,,0,0,,,
sand-bath,,,na. 沙浴；【化】沙浴器；【地】沙盘\n[网络] 砂浴,,,,,0,0,,,
sand-beach community,,,沙滩群落,,,,,0,0,,,
sand-bearing test,,,砂承试验,,,,,0,0,,,
sand-bearing wind,,,砂风,,,,,0,0,,,
sand-bed,,,un. 砂层；砂质河床；砂床；沙层\n[网络] 沙床；沙质河床；砂层级,,,,,0,0,,,
sand-bed filter,,,[化] 砂滤器,,,,,0,0,,,
sand-bentonite fill,,,-膨润土充填,,,,,0,0,,,
Sand-binder,,,沙草,,,,,0,0,,,
sand-binding grass,,,固沙草,,,,,0,0,,,
sand-blast,'sændbl'ɑ:st,, 喷砂,,,,,0,0,,,
sand-blast apparatus,,,喷砂机,,,,,0,0,,,
sand-blast barrel mill,,,喷砂滚筒,,,,,0,0,,,
sand-blast cleaning,,,[化] 喷砂清理,,,,,0,0,,,
sand-blast cleaning room,,,喷砂清理室,,,,,0,0,,,
sand-blast equipment,,,[机] 喷砂设备,,,,,0,0,,,
sand-blast hose,,,喷砂软管,,,,,0,0,,,
sand-blast machine,,,喷砂机,,,,,0,0,,,
sand-blast mower,,,喷砂灭草机,,,,,0,0,,,
sand-blast nozzle,,,[机] 喷砂嘴,,,,,0,0,,,
sand-blast rolling barrel,,,回转喷砂滚筒,,,,,0,0,,,
sand-blast sand,,,喷用砂,,,,,0,0,,,
sand-blast shop,,,喷砂车间,,,,,0,0,,,
sand-blast(ing),,,砂[清理],,,,,0,0,,,
sand-blasted,,,n. 喷砂的\n[网络] 喷沙黑；磨沙玻璃；风棱石,j:100,,,,0,0,,,
sand-blasted pebble,,,风稜石,,,,,0,0,,,
sand-blaster,,,[机] 喷砂机,,,,,0,0,,,
sand-blasting,,,[机] 喷砂法,,,,,0,0,s:sand-blastings,,
sand-blasting abrasive,,,喷砂磨料,,,,,0,0,,,
sand-blasting apparatus,,,[机] 喷砂装置,,,,,0,0,,,
sand-blasting barrel,,,[机] 喷砂胴,,,,,0,0,,,
sand-blasting cabinet,,,[机] 喷砂柜,,,,,0,0,,,
sand-blasting chamber,,,[机] 喷砂室,,,,,0,0,,,
sand-blasting drum,,,喷砂筒,,,,,0,0,,,
sand-blasting gun,,,[机] 喷砂枪,,,,,0,0,,,
sand-blasting machine,,,喷砂机,,,,,0,0,,,
sand-blasting method,,,喷砂清理法,,,,,0,0,,,
sand-blasting nozzle,,,喷砂嘴,,,,,0,0,,,
sand-blastings,,,喷砂,,,,,0,0,0:sand-blasting/1:s,,
sand-blind,'sændblaind,s having greatly reduced vision,"a. 视觉模糊的, 半盲的",,,,,0,0,,,
sand-blindness,,,n. sand-blind的变形,,,,,0,0,,,
sand-blocking dam,,,防淤堤,,,,,0,0,,,
sand-blower,,,"喷砂器,喷砂机",,,,,0,0,,,
sand-bottomed,,,un. 砂底的,,,,,0,0,s:sand-bottomeds,,
sand-bottomeds,,,un. 砂底的\n(sand-bottomed 的复数),,,,,0,0,0:sand-bottomed/1:s,,
sand-box,,,na. (火车机车上的)沙箱；(翻砂用的)砂型\n[网络] 沙盒；砂箱；沙盒计划,,,,,0,0,,,
sand-box test,,,沙箱侧视,,,,,0,0,,,
sand-boy,,,[网络] 沙子的人,,,,,0,0,,,
sand-break,,,n. 防沙林,,,,,0,0,,,
sand-bur,,,na. 蒺藜草属  植物；龙葵 (Solanum rostratum),,,,,0,0,,,
sand-calcite,,,砂质方解石,,,,,0,0,,,
sand-carrying capacity,,,含砂量,,,,,0,0,,,
sand-carrying capacity of lime,,,石灰含砂量,,,,,0,0,,,
sand-cast,'sændkɑ:st; -kæst,,"vt. 砂模铸造, 翻砂",,,,,0,0,,,
sand-cast pig,,,砂模生铁;砂铸生铁,,,,,0,0,,,
sand-cast pig iron,,,翻砂铸铁,,,,,0,0,,,
sand-cast tube,,,砂型铸铁管,,,,,0,0,,,
sand-casting,sænd ˈkæstɪŋ,,v. 沙模铸造，翻沙( sand-cast的现在分词 ),,,,,0,0,,,
sand-castle,,,沙堡,,,,,0,0,s:sand-castles,,
sand-castles,,plural of sand-castle,(sand-castle 的复数) 沙堡,,,,,0,0,0:sand-castle/1:s,,
sand-catcher,,,除砂器,,,,,0,0,,,
sand-cement,,,水泥砂土,,,,,0,0,,,
sand-cement grout,,,水泥砂浆,,,,,0,0,,,
sand-clay matrix,,,砂土结合料,,,,,0,0,,,
sand-clay surface,,,砂泥路面,,,,,0,0,,,
sand-cleaner jig,,,洗砂淘汰机,,,,,0,0,,,
sand-clock,,,沙漏（一种计时器）,,,,,0,0,s:sand-clocks,,
sand-clocks,,plural of sand-clock,(sand-clock 的复数) 沙漏（一种计时器）,,,,,0,0,0:sand-clock/1:s,,
sand-cloth,,,砂布,,,,,0,0,,,
sand-cloud,'sændklaud,,n. (尤指中东地区的)沙烟，沙云，沙雾,,,,,0,0,,,
sand-conditioning plant,,,配砂工段,,,,,0,0,,,
sand-conditioning system,,,砂处理系统,,,,,0,0,,,
sand-cored water jacket passage,,,砂芯铸空的水套通道,,,,,0,0,,,
sand-covered hillock,,,沙陵,,,,,0,0,,,
sand-crack,,,[医] 蹄裂病(马),,,,,0,0,,,
Sand-Dancer,,,[网络] 舞沙,,,,,0,0,,,
Sand-Dancers,,,[网络] 沙滩舞者,,,,,0,0,,,
Sand-Dollar,,,沙海胆,,,,,0,0,,,
sand-drain process,,,砂桩工法,,,,,0,0,,,
Sand-drift,,,流砂,,,,,0,0,,,
sand-drift control,,,防砂,,,,,0,0,,,
sand-driving wind,,,风沙流,,,,,0,0,,,
sand-dune,'sænddj'u:n,,n. 沙丘,,,,,0,0,s:sand-dunes,,
sand-dune stabilization,,,沙丘固定,,,,,0,0,,,
sand-dune terrain,,,砂丘地带,,,,,0,0,,,
sand-dunes,,plural of sand-dune,(sand-dune 的复数) n. 沙丘,,,,,0,0,0:sand-dune/1:s,,
sand-eel,,,玉筋鱼,,,,,0,0,s:sand-eels,,
sand-eels,,plural of sand-eel,(sand-eel 的复数) 玉筋鱼,,,,,0,0,0:sand-eel/1:s,,
sand-eyed,,,[网络] 沙眼,,,,,0,0,,,
sand-faced,,,砂面的,,,,,0,0,,,
sand-feeder,,,[机] 给砂机,,,,,0,0,,,
sand-filled,,,adj. 填满泥沙的；填砂的\nn. 填砂的,j:100,,,,0,0,s:sand-filleds,,
sand-filled channel,,,砂积水道,,,,,0,0,,,
sand-filled electrical apparatus,,,充砂型电气设备,,,,,0,0,,,
sand-filleds,,,adj. 填满泥沙的；填砂的\nn. 填砂的\n(sand-filled 的复数),,,,,0,0,0:sand-filled/1:s,,
sand-filling,,,填砂,,,,,0,0,,,
sand-filling frame,,,[机] 填砂框,,,,,0,0,,,
sand-finished brick,,,砂面砖,,,,,0,0,,,
sand-fish,ˈsændˌfɪʃ,,毛齿鱼,,,,,0,0,,,
sand-fixation forest,,,固沙林,,,,,0,0,,,
sand-flash valve,,,排砂阀,,,,,0,0,,,
sand-flat,,,砂坪；沙坪,,,,,0,0,s:sand-flats,,
sand-flats,,plural of sand-flat,(sand-flat 的复数) 砂坪；沙坪,,,,,0,0,0:sand-flat/1:s,,
sand-flea,,,沙蚤,,,,,0,0,s:sand-fleas,,
sand-fleas,,,沙蚤,,,,,0,0,0:sand-flea/1:s,,
sand-flies,,,n. sand-fly的变形,,,,,0,0,,,
sand-float finish,,,干粘砂饰面,,,,,0,0,,,
sand-flotation process,,,砂浮选法,,,,,0,0,,,
sand-fly,,,na. 【虫】白蛉\n[网络] 沙蝇；白蛉成虫；沙蚊,,,,,0,0,,,
sand-furnace cracking,,,[化] 砂子炉裂解,,,,,0,0,,,
sand-glass,,,na. (计时用的)沙漏\n[网络] 砂玻璃；砂漏；计时沙漏,,,,,0,0,s:sand-glasses,,
sand-glasses,,,砂玻璃；砂时计，砂漏,,,,,0,0,0:sand-glass/1:s,,
sand-grain volume,,,砂粒体积,,,,,0,0,,,
sand-grass,,,沙草,,,,,0,0,,,
sand-gravel aggregate,,,砂砾集料,,,,,0,0,,,
sand-gravel cushion,,,砂石垫层,,,,,0,0,,,
sand-gravel filter,,,砂砾过滤机,,,,,0,0,,,
sand-gravel pile,,,砂砾桩,,,,,0,0,,,
sand-gravel ratio,,,粗细骨材比,,,,,0,0,,,
sand-gravel road,,,砂砾路,,,,,0,0,,,
sand-gravel surface,,,砂石路面,,,,,0,0,,,
sand-gravel-bituminous mixture,,,沥青砂砾混合料,,,,,0,0,,,
sand-groper,"'sænd,ɡrəupə",,n. [澳大利亚英语]；淘金先驱(指早期到澳大利亚淘金的白人)；[俚语、戏谑语]西部人,,,,,0,0,,,
sand-grouse,,,na. 【鸟】沙鸡\n[网络] 松鸡,,,,,0,0,,,
sand-heat,,,[网络] 沙热,,,,,0,0,,,
sand-hill,,,[地理] 沙丘,,,,,0,0,s:sand-hills,,
sand-hill analogy,,,沙丘类比法,,,,,0,0,,,
Sand-Hiller,,,na. 〈美俚〉(住在 Georgia 州等沙丘松林中的)穷白种人\n[网络] 沙丘地区居民,,,,,0,0,,,
sand-hills,,plural of sand-hill,(sand-hill 的复数) [地理] 沙丘,,,,,0,0,0:sand-hill/1:s,,
sand-in,,,磨进,,,,,0,0,,,
sand-iron,,,[网络] 沙坑铁杆,,,,,0,0,s:sand-irons,,
sand-irons,,,[网络] 沙坑铁杆\n(sand-iron 的复数),,,,,0,0,0:sand-iron/1:s,,
sand-jetting,,,喷砂［清洗法］,,,,,0,0,,,
sand-like,,,un. 泥沙样的\n[网络] 砂状的；沙粒状,,,,,0,0,,,
sand-lime brick,,,灰砂砖,,,,,0,0,,,
sand-lined metal mold,,,覆砂金属型,,,,,0,0,,,
sand-lot,,,[网络] 大沙地,,,,,0,0,,,
sand-martin,'sændm'ɑ:tɪn,,"n. 灰沙燕, 崖沙燕",,,,,0,0,s:sand-martins,,
sand-martins,,plural of sand-martin,"(sand-martin 的复数) n. 灰沙燕, 崖沙燕",,,,,0,0,0:sand-martin/1:s,,
sand-mastic method,,,砂胶灌缝施工法,,,,,0,0,,,
sand-mixer,,,混砂机,,,,,0,0,,,
sand-mold,,,砂型，沙模,,,,,0,0,,,
sand-mould casting,,,un. 砂型铸件\n[网络] 砂型铸造,,,,,0,0,,,
sand-mud ratio,,,砂泥比,,,,,0,0,,,
sand-nigger,,,[网络] 沙黑,,,,,0,0,,,
sand-niggers,,,[网络] 沙黑人,,,,,0,0,,,
sand-paper,,,[木] 砂纸,,,,,0,0,s:sand-papers,,
sand-papering,'sæn(d)peɪpə,,n. 砂纸\nvt. 用砂纸擦光,,,,,0,0,,,
sand-papers,'sæn(d)peɪpə,,n. 砂纸\nvt. 用砂纸擦光,,,,,0,0,0:sand-paper/1:s,,
sand-pit,,,un. 砂坑；采砂场\n[网络] 沙坑；沙池；砂土基坑,,,,,0,0,s:sand-pits,,
sand-pits,'sæn(d)pɪt,,n. 沙坑；采沙坑,,,,,0,0,0:sand-pit/1:s,,
sand-prone facies,,,偏砂相,,,,,0,0,,,
sand-prone seismic facies,,,富砂岩震测相,,,,,0,0,,,
sand-protecting dam,,,防沙坝,,,,,0,0,,,
sand-pump,,,[矿业] 砂泵,,,,,0,0,,,
sand-pump dredger,,,抽砂挖泥机船,,,,,0,0,,,
sand-pump sampler,,,砂泵取样器,,,,,0,0,,,
sand-replacement method,,,砂替换法,,,,,0,0,,,
sand-ridge,,,un. 沙脊；沙坝\n[网络] 砂脊；沙垅；砂垄,,,,,0,0,,,
sand-rubbed finish,,,砂磨修整,,,,,0,0,,,
sand-shale ratio,,,砂页比;砂页岩比;砂页岩比率,,,,,0,0,,,
sand-shale velocity,,,砂页岩速度,,,,,0,0,,,
sand-size grain,,,砂级颗粒,,,,,0,0,,,
sand-size particle,,,砂级颗粒,,,,,0,0,,,
sand-soil-peat matures,,,沙质泥碳土,,,,,0,0,,,
sand-spit,'sændspit,,n. 【地理学】沙嘴,,,,,0,0,s:sand-spits,,
sand-spits,'sændspit,,n. 【地理学】沙嘴,,,,,0,0,0:sand-spit/1:s,,
sand-sprayed,,,[网络] 喷沙,,,,,0,0,,,
sand-stemming between the charges of explosives,,,炸药之间的砂夹层,,,,,0,0,,,
sand-stone,,,砂石,,,,,0,0,,,
sand-storage pit,,,[网络] 储沙坑,,,,,0,0,,,
sand-sucker,'sænds'ʌkər,,n.吸沙机,,,,,0,0,,,
sand-track race,,,un. 摩托车沙场比赛地,,,,,0,0,,,
sand-transport meter,,,输砂计,,,,,0,0,,,
sand-transport truck,,,运砂车,,,,,0,0,,,
sand-trap,,,na. 【高】障碍沙坑；集沙器\n[网络] 沙坑类的障碍物；沙土障碍；分沙器,,,,,0,0,,,
sand-washing machine,,,洗砂机,,,,,0,0,,,
sand-washing plant,,,洗砂厂,,,,,0,0,,,
sand-watch structure,,,沙钟构造,,,,,0,0,,,
sand-wich pair,,,平面副,,,,,0,0,,,
sand-yacht,,,n. 沙地帆车,,,,,0,0,,,
sand.,,,abbr. sandwich,,,,,0,0,,,
sanda,,, [体]散打,,,,,0,0,s:sandas,,
Sanda Island,,,[地名] 桑达岛 ( 英 ),,,,,0,0,,,
Sanda ware,,,(总称)(日本)三田瓷,,,,,0,0,,,
"Sanda, Dominique",'sændə; 'sɑ:-,,桑达(1951～ ，法国女电影演员),,,,,0,0,,,
sandable,,,[网络] 可磨式的,,,,,0,0,,,
Sandae-dong,,,上苔洞,,,,,0,0,,,
sandag,,,abbr. San Diego Association of Governments 圣迭戈公务协会,,,,,0,0,,,
sandage,,, [人名] 桑德奇,,,,,0,0,,,
"Sandage, Allan Rex",'sædnidʒ,,桑德奇(1926～ ，美国天文学家),,,,,0,0,,,
Sandager,,,[地名] 桑艾厄 ( 丹 ),,,,,0,0,,,
sandahwood oil,,,[医] 檀香油,,,,,0,0,,,
Sandai,,,[地名] 桑代 ( 印尼 ),,,,,0,0,,,
sandaig,,,[网络] 桑代格,,,,,0,0,s:sandaigs,,
sandaigs,,,[网络] 桑代格\n(sandaig 的复数),,,,,0,0,0:sandaig/1:s,,
Sandakan,"sɑ:n'dɑ:kɑ:n, sæn'dɑ:kәn",,山打根[马来西亚沙巴东北部港市]( 或译仙那港),,,,,0,0,,,
"Sandakan, Pelabuhan",,,[地名] 山打根湾 ( 马来 ),,,,,0,0,,,
"Sandakan, Pulau",,,[地名] 山打根岛 ( 马来 ),,,,,0,0,,,
sandal,'sændl,n. a shoe consisting of a sole fastened by straps to the foot,"n. 凉鞋, 拖鞋, 檀香木\nvt. 穿以便鞋",n:100,1,,gre,12270,8141,s:sandals,,
sandal brick,,,未烧透的砖,,,,,0,0,,,
sandal oil,,,[网络] 檀香油,,,,,0,0,,,
sandal soap,,,檀香皂,,,,,0,0,,,
sandal tree,,,[植] （印度）白檀,,,,,0,0,,,
sandal wood,,,[医] 檀香木,,,,,0,0,,,
sandal(wool) oil,,,檀香油,,,,,0,0,,,
"Sandal, Ozero",,,[地名] 桑达尔湖 ( 俄 ),,,,,0,0,,,
sandal-tree,,,n. 印度白檀,,,,,0,0,,,
sandale,,,[网络] 沙拉,,,,,0,0,,,
sandaled,,s. shod with sandals,"a. 穿凉鞋的, 穿便鞋的",j:100,,,,0,40861,,,
sandalfoot,'sændəlfut,,adj. (女袜)无跟的，直筒的；(袜底)不加厚的,,,,,0,0,,,
sandalford,,,[网络] 山度富；桑德福；名庄山度富,,,,,0,0,s:sandalfords,,
sandalfords,,,[网络] 山度富；桑德福；名庄山度富\n(sandalford 的复数),,,,,0,0,0:sandalford/1:s,,
sandalia rhodia,,,玫瑰海兔螺,,,,,0,0,,,
sandalia triticea,,,玫瑰海兔螺,,,,,0,0,,,
Sandalidae,'sændəlidi:,,n. 羽角甲科(= Rhipiceridae),,,,,0,0,,,
sandalie,,,[网络] 凉鞋,,,,,0,0,,,
sandaliform,,,[网络] 檀香型,,,,,0,0,,,
sandaline,,,[网络] 沙林,,,,,0,0,,,
sandaling,,,凉鞋编料,,,,,0,0,,,
sandalistas,,,[网络] 凉鞋,,,,,0,0,,,
Sandalj,,,桑达利,,,,,0,0,,,
sandall,,, [人名] 桑德尔,,,,,0,0,,,
sandalled,,s shod with sandals,"a. 穿凉鞋的, 穿便鞋的",,,,,48738,0,,,
sandalless,,,[网络] 沙滩,,,,,0,0,,,
sandalo,,,[网络] 香檀；洁面皂,,,,,0,0,,,
"Sandalo, C.",,,[地名] 桑达洛角 ( 意 ),,,,,0,0,,,
sandalolitha dentata,,,锯齿屣珊瑚,,,,,0,0,,,
sandalolitha robusta,,,强壮屣珊瑚,,,,,0,0,,,
sandalops melancholicus,,,履眼鱿,,,,,0,0,,,
sandalpunk,,,[网络] 凉鞋庞克,,,,,0,0,,,
sandals,,n a shoe consisting of a sole fastened by straps to the foot,n. 凉鞋；便鞋；拖鞋（sandal的复数）,,,,,0,0,0:sandal/1:s,,
sandalus sauteri lanyuensis,,,曹德氏蝉寄甲兰屿亚种,,,,,0,0,,,
sandalus sauteri sauteri,,,曹德氏蝉寄甲,,,,,0,0,,,
sandalus segnis,,,日本蝉寄甲,,,,,0,0,,,
sandalus taiwanicus,,,台湾蝉寄甲,,,,,0,0,,,
sandalwood,'sændlwud,n. close-grained fragrant yellowish heartwood of the true sandalwood; has insect repelling properties and is used for carving and cabinetwork,"n. 檀香木, 棕色, 檀香木色\n[医] 檀木, 檀香",n:100,,,,28732,26454,s:sandalwoods,,
Sandalwood English,,,= beach-la-mar,,,,,0,0,,,
sandalwood families,,,un. 檀香科\n(sandalwood family 的复数),,,,,0,0,0:sandalwood family/1:s,,
sandalwood family,,,un. 檀香科,,,,,0,0,s:sandalwood families,,
sandalwood fan,,,檀香扇,,,,,0,0,,,
Sandalwood Island,,,= Sumba,,,,,0,0,,,
sandalwood myoporum,,,檀香苦槛兰,,,,,0,0,,,
sandalwood oil,,,[化] 檀香油,,,,,0,0,,,
sandalwood padauk,,,紫檀,,,,,0,0,,,
sandalwood tree,ˈsændlˌwʊd tri:,, 檀香,,,,,0,0,s:sandalwood trees,,
sandalwood trees,,, 檀香\n(sandalwood tree 的复数),,,,,0,0,0:sandalwood tree/1:s,,
sandalwoods,,plural of sandalwood\nn. close-grained fragrant yellowish heartwood of the true sandalwood; has insect repelling properties and is used for carving and cabinetwork,"(sandalwood 的复数) n. 檀香木, 棕色, 檀香木色\n[医] 檀木, 檀香",,,,,0,0,0:sandalwood/1:s,,
sandalwool,,,檀香木,,,,,0,0,,,
Sandama,,,[地名] 桑达马 ( 马拉 ),,,,,0,0,,,
Sandamu,,,[地名] 桑达穆 ( 尼日利 ),,,,,0,0,,,
sandan,,, [地名] [柬埔寨] 三丹,,,,,0,0,,,
"Sandan, Prek",,,[地名] 三丹河 ( 柬 ),,,,,0,0,,,
Sandancer,,,[网络] 桑德曼,,,,,0,0,,,
Sandancers,,,[网络] 桑德兰人,,,,,0,0,,,
Sandando,,,[地名] 桑丹多 ( 安哥 ),,,,,0,0,,,
Sandane,,,[地名] 桑纳讷 ( 挪 ),,,,,0,0,,,
sandanme,,,[网络] 三段目,,,,,0,0,,,
Sandanski,,,[地名] 桑丹斯基 ( 保 ),,,,,0,0,,,
sandapile,,,[网络] 沙堆,,,,,0,0,,,
sandar,,,[网络] 桑达尔；珊达；先达,,,,,0,0,,,
sandarac,'sændәræk,"n. durable fragrant wood; used in building (as in the roof of the cathedral at Cordova, Spain)\nn. a brittle and faintly aromatic translucent resin used in varnishes\nn. large coniferous evergreen tree of North Africa and Spain having flattened branches and scalelike leaves yielding a hard fragrant wood; bark yields a resin used in varnishes",n. 山达脂\n[化] 山达脂; 桧树胶,,,,,0,0,s:sandaracs,,
sandarac (realgar),,,雄黄﹐鸡冠石,,,,,0,0,,,
sandarac gum,,,香松树胶,,,,,0,0,,,
sandarac tree,,,[网络] sandarac树,,,,,0,0,s:sandarac trees,,
sandarac trees,,,[网络] sandarac树\n(sandarac tree 的复数),,,,,0,0,0:sandarac tree/1:s,,
sandarac varnish,,,[医] 山达脂护漆,,,,,0,0,,,
Sandarac(h),'sændəræk,,"n. 【植物】山达树(Tetraclinis articulata,产于非洲北部)；山达脂(制造清漆等的原料)；山达木",,,,,0,0,,,
sandarac(h) resin,,,山达树脂,,,,,0,0,,,
sandarach,,n a brittle and faintly aromatic translucent resin used in varnishes,"n. 香松树胶, 雄黄, 鸡冠石",,,,,0,0,s:sandaraches,,
sandaracha (realgar),,,雄黄﹐鸡冠石,,,,,0,0,,,
sandaraches,'sændəræk,,n. 香松树胶；柏脂,,,,,0,0,0:sandarach/1:s,,
sandarachs,'sændəræk,,"Sandarac(h)\n['sændəræk]\nn.\n【植物】山达树(Tetraclinis articulata,产于非洲北部)\n山达脂(制造清漆等的原料)\n山达木\n【矿物】雄黄",,,,,0,0,,,
sandaracing,,,[医] 山达脂涂用,,,,,0,0,,,
sandaracolic acid,,,[化] 山达酸,,,,,0,0,,,
sandaracopimaradiene,,,"山达海松二烯,隐海松二烯",,,,,0,0,,,
sandaracopimaric acid,,,[化] 山达海松酸; 柏脂海松酸,,,,,0,0,,,
sandaracopimarinol,,,山达海松醇,,,,,0,0,,,
sandaracs,,,n. 【化】山达(树)脂\n[网络] 山达脂；雄黄；山达胶,,,,,0,0,0:sandarac/1:s,,
sandarae (sandarac),,,雄黄﹐鸡冠石,,,,,0,0,,,
sandararac gum,,,香松树胶,,,,,0,0,,,
Sandared,,,[地名] 桑达勒德 ( 瑞典 ),,,,,0,0,,,
sandars,,," [人名] [英格兰人、苏格兰人姓氏] 桑达斯取自父名，来源于Sander,含义是“桑德之子”(son of Sander)",,,,,0,0,,,
Sandaré,,,[地名] 桑达雷 ( 马里 ),,,,,0,0,,,
sandas,,,[网络] 珊达斯；珊达思,,,,,0,0,0:sanda/1:s,,
sandasphalt,sæn'dæsfælt,,n.地沥青,,,,,0,0,,,
Sandastros,,,星彩石英﹐砂金石,,,,,0,0,,,
Sandata,,,[地名] 桑达塔 ( 俄 ),,,,,0,0,,,
sandatone,'sændәtәun,,檀香酮,,,,,0,0,,,
Sandau,,,[地名] 桑道 ( 德 ),,,,,0,0,,,
Sandaun,,,[网络] 桑道恩省,,,,,0,0,,,
Sandaun Prov.,,,[地名] 桑达温省 ( 巴布 ),,,,,0,0,,,
Sandawe,,,[网络] 桑达韦人；桑达韦语；桑达威语族,,,,,0,0,,,
sanday,,, [人名] 桑迪; [地名] [英国] 桑迪,,,,,0,0,,,
Sanday I.,,,[地名] 桑迪岛 ( 英 ),,,,,0,0,,,
Sanday Sound,,,[地名] 桑迪海峡 ( 英 ),,,,,0,0,,,
sandbach,,, [人名] [英格兰人姓氏] 桑德巴奇住所名称，来源于古英语，含义是“沙+溪流”(sand+stream); [地名] [英国] 桑德巴奇; [地名] [德国] 桑德巴赫,,,,,0,0,,,
sandbag,'sændbæg,n. a bag filled with sand; used as a weapon or to build walls or as ballast\nv. treat harshly or unfairly\nv. hit something or somebody as if with a sandbag,"n. 沙袋\nvt. 堆沙袋于, 用沙袋打",v:25/n:75,,,,20704,17565,s:sandbags/d:sandbagged/i:sandbagging/p:sandbagged/3:sandbags,,
sandbag bunker,,,沙袋掩体,,,,,0,0,,,
sandbag damming,,,砂袋封堵,,,,,0,0,,,
sandbag revetment,,,砂袋护坡,,,,,0,0,,,
sandbag stopping,,,砂袋隔墙,,,,,0,0,,,
Sandbag Wall,,,沙袋做的防御墙,,,,,0,0,,,
sandbag walling,,,砂袋筑墙,,,,,0,0,,,
sandbagged,ˈsændbæɡd,"v treat harshly or unfairly\nv compel by coercion, threats, or crude means\nv hit something or somebody as if with a sandbag\nv downplay one's ability (towards others) in a game in order to deceive, as in gambling\nv protect or strengthen with sandbags; stop up","v. 堆沙袋, 用沙袋打( sandbag的过去式和过去分词 )",j:100,,,,0,41047,0:sandbag/1:dp,,
sandbagger,'sændbæɡə,"n. An assaulter whose weapon is a sand bag. See Sand bag,\n   under Sand.",n. 以沙袋为凶器袭击他人的恶徒,,,,,0,0,s:sandbaggers,,
sandbaggers,,,[网络] 沙袋匠,,,,,0,0,0:sandbagger/1:s,,
sandbagging,ˈsændbæɡɪŋ,"v treat harshly or unfairly\nv compel by coercion, threats, or crude means\nv hit something or somebody as if with a sandbag\nv downplay one's ability (towards others) in a game in order to deceive, as in gambling\nv protect or strengthen with sandbags; stop up","v. 堆沙袋, 用沙袋打( sandbag的现在分词 )",,,,,0,0,0:sandbag/1:i,,
sandbags,ˈsændbæɡz,"n a bag filled with sand; used as a weapon or to build walls or as ballast\nv treat harshly or unfairly\nv compel by coercion, threats, or crude means\nv hit something or somebody as if with a sandbag\nv downplay one's ability (towards others) in a game in order to deceive, as in gambling\nv protect or strengthen with sandbags; stop up","n. 沙袋( sandbag的名词复数 )\nv. 堆沙袋, 用沙袋打( sandbag的第三人称单数 )",,,,,0,0,1:s3/0:sandbag,,
sandball,,,[网络] 沙球；六福球,,,,,0,0,,,
sandballs,,,[网络] 沙球,,,,,0,0,,,
sandbank,'sændbæŋk,n. a submerged bank of sand near a shore or in a river; can be exposed at low tide,"n. 沙洲, 沙滩, 沙坝",,,,,32941,0,s:sandbanks,,
sandbanks,ˈsændbæŋks,n. a submerged bank of sand near a shore or in a river; can be exposed at low tide,"n. 沙洲, 沙丘( sandbank的复数形式 )",,,,,0,0,0:sandbank/1:s3,,
sandbar,'sændbɑ:(r),n. a bar of sand,"n. 沙洲, 河堤",n:100,,,,0,19687,s:sandbars,,
sandbar shark,,, [医]铅色真鲨,,,,,0,0,s:sandbar sharks,,
sandbar sharks,,, [医]铅色真鲨\n(sandbar shark 的复数),,,,,0,0,0:sandbar shark/1:s,,
sandbars,,plural of sandbar\nn. a bar of sand,"(sandbar 的复数) n. 沙洲, 河堤",,,,,0,0,0:sandbar/1:s,,
sandbasin,,,"沉沙池,滤沙池",,,,,0,0,,,
sandbath,,,"n. 沙浴, 沙盘",,,,,0,0,,,
sandbathe,,,[网络] 沙巴,,,,,0,0,,,
sandbaths,,,[网络] 沙滩,,,,,0,0,,,
sandbeach,,,沙滩,,,,,0,0,,,
sandbeck,,,[网络] 桑德贝克,,,,,0,0,,,
sandbed,,,n. 沙层,,,,,0,0,,,
sandbeds,,,[网络] 砂组,,,,,0,0,,,
sandbell,,,[网络] 沙子,,,,,0,0,,,
sandbelt,,,un. 砂带\n[网络] 高尔夫度假区二号球场；沙带球场,,,,,0,0,,,
sandbelts,,,[网络] 砂带,,,,,0,0,,,
sandbender,,,[网络] 矽晶工作人员,,,,,0,0,,,
sandberg,,, [人名] 桑德伯格; [地名] [德国] 桑德贝格,,,,,0,0,,,
sandberg bluegrass,,,偏生早熟禾,,,,,0,0,,,
Sandberg process,,,碳钢局部索氏体化处理,,,,,0,0,,,
sandbergerite,,,锌黝铜矿,,,,,0,0,,,
sandbergerite ( (1)zn-tennantite (2)heinrichite),,,(1)锌砷黝铜矿 (2)钡砷铀云母,,,,,0,0,,,
sandbergit (heinrichite),,,钡砷铀云母,,,,,0,0,,,
sandberries,,,[网络] 沙莓\n(sandberry 的复数),,,,,0,0,0:sandberry/1:s,,
sandberry,,,[网络] 沙莓,,,,,0,0,s:sandberries,,
Sandbian,,,[网络] 桑比；桑比阶,,,,,0,0,,,
sandbies,,, [人名] 桑比; [地名] [丹麦] 桑比\n(sandby 的复数),,,,,0,0,0:sandby/1:s,,
sandblast,'sændblæst,n. a blast of wind laden with sand\nv. grind with a sandblast,"n. 喷砂, 喷砂器\nv. 喷砂",v:100,,,,0,28314,d:sandblasted/i:sandblasting/p:sandblasted/3:sandblasts/s:sandblasts,,
sandblast apparatus,,,喷砂机,,,,,0,0,,,
sandblast cleaning,,,un. 喷砂除锈；喷砂清理\n[网络] 喷沙清理,,,,,0,0,,,
sandblast device,,,喷砂设备,,,,,0,0,,,
sandblast equipment,,,喷砂设备,,,,,0,0,,,
sandblast finish,,,[机] 喷砂磨光,,,,,0,0,,,
sandblast machine,,,[机] 喷砂机,,,,,0,0,,,
sandblast nozzle,,,喷砂嘴,,,,,0,0,,,
sandblast room,,,[机] 喷砂清理室,,,,,0,0,,,
sandblasted,,past participle of sandblast\nn. a blast of wind laden with sand\nv. grind with a sandblast,"(sandblast 的过去分词) n. 喷砂, 喷砂器\nv. 喷砂",,,,,0,0,0:sandblast/1:dp,,
sandblaster,'sændblæstɜ:,n. a tool that throws out a blast of steam laden with sand; used to clean or grind hard surfaces," 喷砂器, 喷砂装置",,,,,0,0,s:sandblasters,,
sandblasters,,,[网络] 喷砂机,,,,,0,0,0:sandblaster/1:s,,
sandblasting,,v grind with a sandblast,[化] 喷砂处理\n[医] 喷砂,n:100,,,,0,45452,0:sandblast/1:i/s:sandblastings,,
sandblasting abrasive,,,[机] 喷砂磨料,,,,,0,0,,,
sandblasting drum,,,[机] 喷砂筒,,,,,0,0,,,
sandblasting machine,,,[机] 喷砂机,,,,,0,0,,,
sandblasting robot,,,喷砂机器手,,,,,0,0,,,
sandblastings,,,[网络] 喷砂,,,,,0,0,0:sandblasting/1:s,,
sandblasts,ˈsændblɑ:sts,n a blast of wind laden with sand\nv grind with a sandblast,v. 喷沙( sandblast的第三人称单数 ),,,,,0,0,0:sandblast/1:s,,
sandblind,,,"a. 视力极差的, 半瞎的",,,,,0,0,,,
sandblindness,'sændblaɪnd,,adj. 视觉模糊的；半盲的,,,,,0,0,,,
sandblow,,,un. 气孔\n[网络] 沙丘,,,,,0,0,,,
sandblower,sændb'ləʊər,,n.喷砂器,,,,,0,0,,,
sandbluestem,"'sænd,blu:stem",,n. [植]美洲须芒草,,,,,0,0,,,
sandboard,'sændbɔ:d,, 挡沙板,,,,,0,0,,,
sandboarded,,,[网络] 沙板,,,,,0,0,,,
sandboarding,,,[网络] 滑沙；冲沙；冲沙运动,,,,,0,0,,,
sandboards,,,[网络] 滑沙板,,,,,0,0,,,
Sandborn,,,[地名] 桑德博恩 ( 美 ),,,,,0,0,,,
sandbox,'sændbɒks,n. mold consisting of a box with sand shaped to mold metal\nn. a plaything consisting of a pile of sand or a box filled with sand for children to play in,"n. 沙箱, 沙盒",n:100,,,,0,18906,s:sandboxes,,
sandbox bottom,,,[机] 砂箱底,,,,,0,0,,,
sandbox game,,,[网络] 开放游戏；沙盘冒险,,,,,0,0,,,
sandbox games,,,[网络] 沙盒游戏,,,,,0,0,,,
sandbox model,,,[网络] 砂箱模型,,,,,0,0,,,
sandbox security,,,[网络] 砂箱安全,,,,,0,0,,,
sandbox tree,,,[网络] 沙盒树,,,,,0,0,,,
sandbox valve,,,(砂箱)撒砂阀,,,,,0,0,,,
sandboxed,,,[网络] 沙盒；沙箱式的；沙箱,,,,,0,0,,,
sandboxes,,plural of sandbox\nn. mold consisting of a box with sand shaped to mold metal\nn. a plaything consisting of a pile of sand or a box filled with sand for children to play in,"(sandbox 的复数) n. 沙箱, 沙盒",,,,,0,0,0:sandbox/1:s,,
sandboxing,,,[网络] 沙盒；沙箱；沙盒化,,,,,0,0,,,
sandboy,'sændbɒi,n. a young peddler of sand; used now only to express great happiness in `happy as a sandboy',"n. 卖沙童, 卖沙人, 沙滩跳虫",,,,,0,0,s:sandboys,,
sandboys,,,[网络] 沙滩,,,,,0,0,0:sandboy/1:s,,
sandbreak,'sændbreik,,n. (绿色植物中夹杂着的)一块沙地,,,,,0,0,,,
sandbreak forest,,,防沙林,,,,,0,0,,,
sandbridge,,,[网络] 风沙和降雨过境桑德布里奇；沙桥,,,,,0,0,,,
sandbrook,,,[网络] 沙布鲁克,,,,,0,0,,,
sandbug,'sændbʌɡ,,n. 沙蟹(= mole crab),,,,,0,0,,,
sandbur,'sændbә,n grass of the eastern United States and tropical America having spikelets enclosed in prickly burs,(=sandbunr)蒺藜草,,,,,0,0,s:sandburs,,
"sandbur, sandburr",'sændbə:,,"n. 【植物】；蒺藜草属(Cenchrus)植物；沙地刺梁草(Solanum rostratum, 亦称龙葵)",,,,,0,0,,,
sandburg,"'sændb\\\\:^, 'zɑ:ntbjrk",n United States writer remembered for his poetry in free verse and his six volume biography of Abraham Lincoln (1878-1967),n. 沙堡,,,,,0,0,s:sandburgs,,
"Sandburg, Carl",'sændbə:ɡ,,桑德堡(1878～1967，美国诗人和民谣搜集家),,,,,0,0,,,
sandburgs,'sændə:ɡ,,n. 沙堡,,,,,0,0,0:sandburg/1:s,,
sandburr,,,na. 蒺藜草属  植物；龙葵 (Solanum rostratum),,,,,0,0,,,
sandburrowers,,,沙洞鱼类,,,,,0,0,,,
sandburrs,,,[网络] 沙堡,,,,,0,0,,,
sandburs,,,na. 蒺藜草属  植物；龙葵 (Solanum rostratum),,,,,0,0,0:sandbur/1:s,,
sandby,,, [人名] 桑比; [地名] [丹麦] 桑比,,,,,0,0,s:sandbies,,
Sandbäckshult,,,[地名] 桑德拜克斯胡尔特 ( 瑞典 ),,,,,0,0,,,
SANDC,,,[网络] 沙堡脉冲输出,,,,,0,0,,,
sandcalcite,'sænd'kælsait,,沙方解石,,,,,0,0,,,
sandcast,sænd'kɑːst,,adj. 砂型铸造的,,,,,0,0,,,
sandcasting,,,n. 沙型铸造,,,,,0,0,,,
sandcastle,'sændkɑ:s(ә)l,,n. 沙堡,n:100,,,,42454,38388,s:sandcastles,,
sandcastles,,plural of sandcastle,(sandcastle 的复数) n. 沙堡,,,,,0,0,0:sandcastle/1:s3,,
sandcay,,,小沙岛,,,,,0,0,,,
sandcloth,,,金刚砂布; 砂布,,,,,0,0,,,
sandcolored,,,[网络] 沙色,,,,,0,0,,,
sandcrack,,,砂石性蹄裂,,,,,0,0,,,
sandculture,,,n. 沙基培养,,,,,0,0,,,
sanddab,,, 污琴鲆,,,,,0,0,,,
sanddabs,,,[网络] 沙鲽；比目鱼的一种,,,,,0,0,,,
sanddrift,,,n. 沙丘,,,,,0,0,,,
Sanddφla,,,[地名] 桑德拉河 ( 挪 ),,,,,0,0,,,
sande,,, [人名] 桑德; [地名] [德国] 桑德; [地名] [挪威] 桑讷; [地名] [葡萄牙] 桑迪,,,,,0,0,,,
"Sande, Earl",'sændi:,,桑迪(1888～1968，美国职业骑师、赛马训练师),,,,,0,0,,,
sandecker,,,[网络] 沙滩车,,,,,0,0,,,
sanded,'sændid,v rub with sandpaper,"a. 铺沙的, 满地是沙的, 沙地的",j:100,,,,49068,37153,0:sand/1:dp,,
sanded brick,,,砂砖,,,,,0,0,,,
sanded cement grout,,,水泥砂浆,,,,,0,0,,,
sanded cloth,,,磨毛织物,,,,,0,0,,,
sanded down,,,用砂纸磨光表面,,,,,0,0,,,
sanded finish fabric,,,磨绒整理织物,,,,,0,0,,,
sanded packed snow,,,撒砂的压实积雪,,,,,0,0,,,
sanded rail,,,撒砂钢轨,,,,,0,0,,,
sanded runway,,,撒沙跑道,,,,,0,0,,,
sanded siding,,,堆砂挡车线,,,,,0,0,,,
sandee,,,n. 【女名】女子名\n[网络] 陈珊妮；桑迪；陈蕊蕊,,,,,0,0,s:sandees,,
sandeel,,,na. 【鱼】玉筋鱼\n[网络] 毛背鱼,,,,,0,0,s:sandeels,,
sandeels,,,[网络] 裸玉筋鱼属；毛背鱼；未归类玉筋鱼,,,,,0,0,0:sandeel/1:s,,
sandeen,,,[网络] 沙恩,,,,,0,0,,,
sandeep,,,[网络] 桑迪普；印度；桑迪布,,,,,0,0,s:sandeeps,,
sandeeps,,,[网络] 桑迪普；印度；桑迪布\n(sandeep 的复数),,,,,0,0,0:sandeep/1:s,,
sandees,,,n. 【女名】女子名\n[网络] 陈珊妮；桑迪；陈蕊蕊\n(sandee 的复数),,,,,0,0,0:sandee/1:s,,
Sandefjord,,,[地名] 桑讷峡湾 ( 挪 ),,,,,0,0,,,
sandek,'sɑ:ndek,,n. (犹太教行割礼时)抱男童的人,,,,,0,0,,,
sandeks,'sɑːndek,,sandek\n['sɑ:ndek]\nn.\n[意第绪语]【犹太教】(行割礼时)抱着男孩的人,,,,,0,0,,,
sandel,,,[网络] 桑德尔；迈克尔·桑德尔；桑戴尔,,,,,0,0,,,
sandela,,,[网络] 檀香醇；环己醇,,,,,0,0,,,
sandelen wood,,,[网络] sandelen木,,,,,0,0,,,
sandelin,,,[网络] 圣德林；火焰木哦,,,,,0,0,,,
sandeling,,,[网络] 打磨,,,,,0,0,,,
sandell,,,[网络] 桑德尔,,,,,0,0,s:sandells,,
Sandell B.,,,[地名] 桑德尔湾〈麦夸里岛〉 ( 澳 ),,,,,0,0,,,
sandell index,,,桑德尔指数,,,,,0,0,,,
Sandell's sensitivity,,,桑德尔灵敏度,,,,,0,0,,,
sandella,,,[网络] 沙滩,,,,,0,0,,,
sandells,,,n. (Sandell)人名；(瑞典)桑德尔；(英、芬)桑德尔,,,,,0,0,0:sandell/1:s,,
sandeman,,," [人名] [英格兰人姓氏] 桑德曼来源于Sander,含义是“桑德之仆”(son of Sander)",,,,,0,0,s:sandemen,,
Sandemanian,,,[网络] 桑地马尼安教会；桑德曼派教派；萨德曼派,,,,,0,0,,,
Sandemanianism,,,[网络] 三德漫主义；桑德门主义；德曼主义,,,,,0,0,,,
Sandemanians,,,[网络] 桑德曼教派；圣德门；桑德曼派信徒,,,,,0,0,,,
sandemen,,,n. (Sandeman)人名；(英)桑德曼,,,,,0,0,0:sandeman/1:s,,
sandemose,,,[网络] 沙门氏菌,,,,,0,0,,,
sanden,,,[网络] 三电；三电冷机；山田,,,,,0,0,,,
Sandend,,,[地名] 桑登德 ( 英 ),,,,,0,0,,,
Sandend Bay,,,[地名] 桑登德湾 ( 英 ),,,,,0,0,,,
sandene,,,[网络] 沙恩,,,,,0,0,,,
sandeno,,,[网络] 迪诺；桑德诺,,,,,0,0,,,
sandenol,,,合成檀香,,,,,0,0,,,
sander,'sændә,n a power tool used for sanding wood; an endless loop of sandpaper is moved at high speed by an electric motor,[电] 散沙,n:100,,,,29613,23316,s:sanders,,
Sander airbrom,,,桑德氏水塔花,,,,,0,0,,,
Sander crinum,,,桑德氏文殊兰,,,,,0,0,,,
sander pipe,,,un. 撒砂管,,,,,0,0,,,
sander valve,,,(砂箱)撒砂阀,,,,,0,0,,,
sander's bed,,,Sander氏床,,,,,0,0,,,
Sander's disease,,,"[医] 山德斯氏病, 流行性角膜结膜炎",,,,,0,0,,,
Sander's formula,,,桑德公式,,,,,0,0,,,
Sander's sign,,,[医] 山德斯氏征(心包粘连时的一种望诊体征),,,,,0,0,,,
sanderae,,,[网络] 桑德艾,,,,,0,0,,,
sandercock,,, [人名] 桑德科克,,,,,0,0,,,
sanderdust,,,[网络] 砂浆,,,,,0,0,,,
sanderford,,,[网络] 沙勒福德,,,,,0,0,,,
sanderiana,,,[网络] 艳紫；桑德；桑德瑞拉,,,,,0,0,,,
Sanderista,,,[网络] 桑德里斯塔,,,,,0,0,,,
Sanderistas,,,[网络] 桑德里斯塔,,,,,0,0,,,
sanderite,"'sændә,rait",,二水泻盐,,,,,0,0,,,
sanderlin,,, [人名] 桑德林,,,,,0,0,,,
sanderling,'sændәliŋ,n. small sandpiper that breeds in the Arctic and migrates southward along sandy coasts in most of world,n. 三趾滨鹬,,,,,0,0,0:sanderl/1:i/s:sanderlings,,
sanderlings,,,n. 【动】三趾鹬 (Crocethia alba)\n[网络] 桑德林；三趾滨鹬；三指鹬,,,,,0,0,0:sanderling/1:s,,
sanderman,,, [人名] 桑德曼,,,,,0,0,,,
Sandernistas,,,[网络] 桑德纳斯塔斯,,,,,0,0,,,
sanderoff,,,[网络] 撒沙器关,,,,,0,0,,,
sanders,'sændәs,n a power tool used for sanding wood; an endless loop of sandpaper is moved at high speed by an electric motor,"[医] 檀香, 檀木",,,,,16275,0,0:sander/1:s,,
Sanders bed,,,[医] 山德斯氏摇床,,,,,0,0,,,
Sanders County,,,[地名] 桑德斯县 ( 美 ),,,,,0,0,,,
sanders oil,,,白檀油,,,,,0,0,,,
sanders pipe,,,撒砂管,,,,,0,0,,,
Sanders Seamount,,,[地名] 桑德斯海山 ( 大西洋 ),,,,,0,0,,,
sanders wood,,,檀香木,,,,,0,0,,,
Sanders' disease,,,[医] 山德斯氏病(流行性角膜结膜炎),,,,,0,0,,,
Sanders' sign,,,[医] 山德斯氏征(心包粘连时的一种望诊体征),,,,,0,0,,,
"Sanders, Nicholas",,,桑德斯,,,,,0,0,,,
Sandersdorf,,,[地名] 桑德斯多夫 ( 德 ),,,,,0,0,,,
sanderses,,,[网络] 砂光机,,,,,0,0,,,
Sandershausen,,,[地名] 桑德斯豪森 ( 德 ),,,,,0,0,,,
Sandersleben,,,[地名] 桑德斯莱本 ( 德 ),,,,,0,0,,,
Sanderson,,,桑德森（英国墙纸公司）,,,,,15987,0,,,
sandersonia,,,[网络] 宫灯百合；宫灯百合属；宫灯花,,,,,0,0,,,
sandersonia aurantiaca,,,宫灯百合,,,,,0,0,,,
sandersonii,,,[网络] 小白兔狸藻,,,,,0,0,,,
sandersons,,,桑德森（英国墙纸公司）,,,,,0,0,,,
Sanderstead,,,[地名] 桑德斯特德 ( 英 ),,,,,0,0,,,
sandersville,,, [地名] [美国] 桑德斯维尔,,,,,0,0,,,
sandery,,,[网络] 沙滩,,,,,0,0,,,
sandesh,,,[网络] 传讯报；仙帝仕；由凝乳酪做的甜品,,,,,0,0,,,
sandesman,,,[网络] 沙门氏菌,,,,,0,0,,,
Sandesneben,,,[地名] 桑德斯内本 ( 德 ),,,,,0,0,,,
sandestin,,,[网络] 桑德斯廷,,,,,0,0,,,
sandever,,,[网络] 沙发,,,,,0,0,,,
sandf,,,[网络] South African National Defense Force; 南非国防军(South African National Defence Force); 南非国家防务部队,,,,,0,0,,,
sandfall,,,滑落面,,,,,0,0,,,
Sandfell,,,[地名] 桑德山 ( 冰 ),,,,,0,0,,,
sandfence,,,沙障,,,,,0,0,,,
sandfilling chamber,,,注砂井,,,,,0,0,,,
sandfish,'sændfɪʃ,n. A small marine fish of the Pacific coast of North America\n   (Trichodon trichodon) which buries itself in the sand., 日本叉牙鱼; 沙鱼,,,,,0,0,,,
sandfish-fishes,,,n. sandfish的变形,,,,,0,0,,,
sandfishes,,,[网络] 沙鱼,,,,,0,0,,,
sandflag,'sændflæɡ,,n.层状砂岩,,,,,0,0,,,
sandflat,,,un. 砂坪\n[网络] 沙坪,,,,,0,0,,,
Sandflats,,,[网络] 沙坪；沙滩；砂坪,,,,,0,0,,,
sandflea,,,abbr. (=sandhopper)\n[网络] 沙蚤；沙蚤跳跃机器人,,,,,0,0,,,
sandfleas,,,[网络] 沙漏,,,,,0,0,,,
sandflies,,plural of sandfly\nn any of various small dipterous flies; bloodsucking females can transmit sandfly fever and leishmaniasis,(sandfly 的复数) [医] 白蛉,,,,,0,0,0:sandfly/1:s3,,
Sandfloeggi,,,桑夫洛山,,,,,0,0,,,
sandflood,sændf'lʌd,,n.砂丘,,,,,0,0,,,
sandfly,,n any of various small dipterous flies; bloodsucking females can transmit sandfly fever and leishmaniasis,[医] 白蛉,,,,,0,0,s:sandflies,,
Sandfly B.,,,[地名] 桑德弗莱湾 ( 新西 ),,,,,0,0,,,
sandfly bite,,,白蛉叮伤,,,,,0,0,,,
sandfly fever,,,[医] 白蛉热,,,,,0,0,s:sandfly fevers,,
sandfly fevers,,,【医学】白蛉热[亦作 phlebotomus fever],,,,,0,0,0:sandfly fever/1:s,,
Sandfly L.,,,[地名] 桑德弗莱湖 ( 加 ),,,,,0,0,,,
sandfly net,,,经编六角网眼纱，经编珠罗纱,,,,,0,0,,,
Sandfontein,,,[地名] 桑德方丹 ( 南非 ),,,,,0,0,,,
SandForce,,,[网络] 还是不错的,,,,,0,0,,,
Sandford,,,桑福德（人名）,,,,,26044,0,s:sandfords,,
Sandford Bay,,,[地名] 桑福德湾 ( 英 ),,,,,0,0,,,
Sandford St Martin,,,[地名] 桑福德圣马丁 ( 英 ),,,,,0,0,,,
Sandford-on-Thames,,,[地名] 泰晤士河畔桑福德 ( 英 ),,,,,0,0,,,
sandfords,,,桑福德（人名）,,,,,0,0,0:sandford/1:s,,
sandfort,,,[网络] 沙滩,,,,,0,0,,,
sandfrac,'sændfræk,,n. (石油工业中的)沙水压裂,,,,,0,0,,,
"sandfrac(c)ing, sandfracking","'sænd,frækiŋ",,n. (提高石油产出量的)沙水压裂法,,,,,0,0,,,
sandfracing,,,[网络] 砂光,,,,,0,0,,,
"Sandgarth, Bay of",,,[地名] 桑德加斯湾 ( 英 ),,,,,0,0,,,
Sandgate,,,[地名] 桑盖特 ( 澳、英 ),,,,,0,0,s:sandgates,,
sandgate beds,,,砂口层,,,,,0,0,,,
sandgates,,,[地名] 桑盖特 ( 澳、英 )\n(sandgate 的复数),,,,,0,0,0:sandgate/1:s,,
sandgauge,sænd'ɡɔːdʒ,,n.量沙箱,,,,,0,0,,,
Sandgerdhi,,,[地名] 桑德盖尔济 ( 冰 ),,,,,0,0,,,
sandglass,'sændglæs,n. timepiece in which the passage of time is indicated by the flow of sand from one transparent container to another through a narrow passage,n. 沙漏,,,,,0,0,s:sandglasses,,
sandglasses,,,[网络] 沙漏,,,,,0,0,0:sandglass/1:s,,
sandgoby,"'sænd,^әubi",,沙虎鱼,,,,,0,0,,,
sandgrading,sændɡ'reɪdɪŋ,,n.砂粒级分,,,,,0,0,,,
sandgrain,,,un. 沙粒；砂粒\n[网络] 砂孔,,,,,0,0,s:sandgrains,,
sandgrains,,,[网络] 砂粒；英文翻译,,,,,0,0,0:sandgrain/1:s,,
sandgren,,,[网络] 沙地球洞区,,,,,0,0,,,
sandgroper,,,[网络] 来自西澳的人,,,,,0,0,,,
sandgropers,,,[网络] 沙地探索家,,,,,0,0,,,
sandgrounder,,"sandgrounder (plural sandgrounders)\nA person from Southport.\n\n\nsandgrounder (not comparable)\nOf or pertaining to Southport, England.\n",,,,,,0,0,s:sandgrounders,,
sandgrounders,,,[网络] 沙地人,,,,,0,0,0:sandgrounder/1:s,,
sandgrouse,"'sænd,^raus",n pigeon-like bird of arid regions of the Old World having long pointed wings and tail and precocial downy young,沙鸡pintail sandgrouse 毛腿沙鸡,,,,,0,0,s:sandgrouses,,
sandgrouses,,,na. 【鸟】沙鸡\n[网络] 沙鸡科,,,,,0,0,0:sandgrouse/1:s,,
sandhage,,,[网络] 沙滩,,,,,0,0,,,
sandham,,, [人名] [北方英格兰人姓氏] 桑达姆住所名称，来源于古英语，含义是“沙+宅地”(sand+homestead)，或来源于古诺斯语，含义是“沙+岛”(sand+island),,,,,0,0,s:sandhams,,
Sandhammaren,,,[地名] 桑德哈马伦角 ( 瑞典 ),,,,,0,0,,,
sandhams,,, [人名] [北方英格兰人姓氏] 桑达姆住所名称，来源于古英语，含义是“沙+宅地”(sand+homestead)，或来源于古诺斯语，含义是“沙+岛”(sand+island)\n(sandham 的复数),,,,,0,0,0:sandham/1:s,,
Sandhaug,,,[地名] 桑海于格 ( 挪 ),,,,,0,0,,,
Sandhausen,,,[地名] 桑德豪森 ( 德 ),,,,,0,0,,,
Sandhaven,,,[地名] 桑德黑文 ( 英 ),,,,,0,0,,,
Sandhawalia,,,[网络] 沙捞越,,,,,0,0,,,
Sandhead,,,[地名] 桑德黑德 ( 英 ),,,,,0,0,,,
Sandhead Bay,,,[地名] 桑德黑德湾 ( 英 ),,,,,0,0,,,
sandheap,,,[网络] 沙包,,,,,0,0,,,
sandheaps,,,[网络] 沙滩,,,,,0,0,,,
Sandhem,,,[地名] 桑德海姆 ( 瑞典 ),,,,,0,0,,,
sandhi,'sændi,n. the articulatory process whereby the pronunciation of a word or morpheme changes when it is followed immediately by another (especially in fluent speech),n. 连读音变,,,,,0,0,s:sandhis,,
sandhill,'sændhil,,crane[鸟]沙丘鹤,n:100,,,,42874,31473,s:sandhills,,
sandhill crane,ˈsændhil,,n. 沙丘鹤,,,,,0,0,,,
sandhill cranes,,,[网络] 沙丘鹤；加拿大鹤；沙丘上的鹤,,,,,0,0,,,
sandhill kalmia,,,硬毛山月桂,,,,,0,0,,,
sandhiller,"'sænd,hilә(r)","n. A nickname given to any ""poor white"" living in the pine\n   woods which cover the sandy hills in Georgia and South Carolina.",n. 沙岗(地区)人,,,,,0,0,,,
sandhillers,,,[网络] 沙磨机,,,,,0,0,,,
sandhills,,plural of sandhill,(sandhill 的复数) crane[鸟]沙丘鹤,,,,,0,0,0:sandhill/1:s3,,
sandhis,,,n. 【语】连音(变读)\n[网络] 连音变读；连接音变；连音变化规律,,,,,0,0,0:sandhi/1:s,,
Sandhoff,,,桑德霍夫,,,,,0,0,,,
Sandhoff disease,,,GM2神经节苷脂贮积症变异型O,,,,,0,0,,,
sandhoff's disease,,,山多夫氏病,,,,,0,0,,,
sandhog,'sændhɒg,,n. 隧道工,,,,,0,0,,,
sandhogs,,,n. 地下工程工人；指在坠道或压气沉箱内工作的挖土工人\n[网络] 隧道工；隧道挖掘工人；三韩,,,,,0,0,,,
sandhole,,,un. 砂眼；砂坑\n[网络] 砂眼麻点,,,,,0,0,s:sandholes,,
sandholes,,,[网络] 沙孔,,,,,0,0,0:sandhole/1:s,,
sandhopper,,n small amphipod crustaceans that hop like fleas; common on ocean beaches,n. 沙蚤,,,,,0,0,s:sandhoppers,,
sandhoppers,,plural of sandhopper\nn small amphipod crustaceans that hop like fleas; common on ocean beaches,(sandhopper 的复数) n. 沙蚤,,,,,0,0,0:sandhopper/1:s,,
Sandhornoya,,,桑荷恩岛,,,,,0,0,,,
Sandhorst,,,[地名] 桑德霍斯特 ( 德 ),,,,,0,0,,,
sandhu,,,[网络] 沙湖,,,,,0,0,s:sandhus,,
Sandhurst,'sændhә:st,,n. 英国陆军官校所在地,,,,,24437,0,,,
sandhus,,,[网络] 芏人,,,,,0,0,0:sandhu/1:s,,
sandhya,'sɑ:ndjə; 'sʌndjɑ:,,n. [印度教]；晦冥(指日出前、日落后一段最黑暗的时间),,,,,0,0,,,
sandhya tandava (india),,,夜之舞(印度),,,,,0,0,,,
sandi,,,n. 【女名】女子名\n[网络] 桑迪；高床；贝礼中,,,,,0,0,,,
sandia,sɑ:n'diә,,n. 西瓜,,,,,0,0,s:sandias,,
sandia mountains,,,[网络] 桑迪亚山脉；上三笛亚峰；山地亚山脉,,,,,0,0,,,
Sandia Park,,,[地名] 桑迪亚帕克 ( 美 ),,,,,0,0,,,
Sandia Peak,,,[网络] 桑迪亚山脉顶峰；美墨行；桑地亚峰,,,,,0,0,,,
Sandiacre,,,[地名] 桑迪埃克雷 ( 英 ),,,,,0,0,,,
Sandiara,,,[地名] 桑贾拉 ( 塞内 ),,,,,0,0,,,
sandias,sɑ:n'diə,,n. 西瓜,,,,,0,0,0:sandia/1:s,,
sandidge,,, [人名] 桑迪奇,,,,,0,0,,,
Sandie,,,桑迪（男子名）,,,,,44300,0,,,
sandiego,sændi(ː)ˊeigou,,n. 圣地牙哥,,,,,0,0,,,
sandiegozoo.org,,,[网络] 圣地亚哥动物园网站,,,,,0,0,,,
sandier,ˈsændi:ə,s. of hair color; pale yellowish to yellowish brown\na. resembling or containing or abounding in sand; or growing in sandy areas,a. 沙的( sandy的比较级 ); 含沙的; 多沙的; 沙色的,,,,,0,0,0:sandy/1:r,,
sandies,,,[网络] 三佐e佬；圣代,,,,,0,0,,,
sandiest,,s. of hair color; pale yellowish to yellowish brown\na. resembling or containing or abounding in sand; or growing in sandy areas,a. 沙的( sandy的最高级 ); 含沙的; 多沙的; 沙色的,,,,,0,0,0:sandy/1:t,,
sandifer,,, [人名] [英格兰人姓氏] 桑迪弗 Sandford的变体,,,,,0,0,,,
Sandifer syndrome,,,[网络] 山体综合征,,,,,0,0,,,
sandiferous,,,[网络] 含砂,,,,,0,0,,,
sandification,,,n. 沙化,,,,,0,0,,,
sandiford,,, [人名] [英格兰人姓氏] 桑迪福德 Sandford的变体,,,,,0,0,s:sandifords,,
sandifords,,, [人名] [英格兰人姓氏] 桑迪福德 Sandford的变体\n(sandiford 的复数),,,,,0,0,0:sandiford/1:s,,
sandigo,,,[网络] 珊蒂果,,,,,0,0,,,
Sandikli,,,桑迪克利,,,,,0,0,,,
Sandila,,,桑迪拉,,,,,0,0,,,
sandilands,,, [人名] [苏格兰人姓氏] 桑迪兰兹住所名称，因该地区的沙地而得名,,,,,0,0,,,
Sandilands Vill.,,,[地名] 桑迪兰兹村 ( 巴哈 ),,,,,0,0,,,
sandile,,,[网络] 黑眼鳄；桑黛尔,,,,,0,0,,,
Sandillon,,,[地名] 桑迪永 ( 法 ),,,,,0,0,,,
sandily,,,[网络] 沙地,,,,,0,0,,,
"Sandiman, Mt.",,,[地名] 桑迪曼山 ( 澳 ),,,,,0,0,,,
Sandimen Township,,,三地門鄉（台湾地名） ,,,,,0,0,,,
Sandimmum,,,山地明,,,,,0,0,,,
Sandimmun,,,山地明,,,,,0,0,,,
Sandimmun(e),,,山地明,,,,,0,0,,,
Sandimmune,,,山地明,,,,,0,0,,,
sandin,,, [人名] 桑丁,,,,,0,0,,,
sandine,,,[网络] 沙滩,,,,,0,0,,,
sandiness,'sændinis,n. a texture resembling that of sand,"n. 沙质, 含沙",,,,,0,0,s:sandinesses,,
sandinesses,'sændɪnɪs,,n. 沙质；含沙,,,,,0,0,0:sandiness/1:s,,
sanding,'sændiŋ,v rub with sandpaper,[化] 打磨,j:100,,,,45452,37464,0:sand/1:i/s:sandings,,
sanding agent,,,研磨剂,,,,,0,0,,,
sanding apparatus,,,砂打机具,,,,,0,0,,,
sanding device,,,撒砂装置,,,,,0,0,,,
sanding disc,,,砂磨盘,,,,,0,0,,,
sanding down,,,用砂纸磨光表面,,,,,0,0,,,
sanding electrovalve,,,撒沙电阀,,,,,0,0,,,
sanding equipment,,,撒砂设备,,,,,0,0,,,
sanding formation,,,出砂地层,,,,,0,0,,,
sanding gear,,,铺砂器;铺砂装置;喷砂器,,,,,0,0,,,
sanding head,,,[机] 砂磨头,,,,,0,0,,,
sanding machine,ˈsændiŋ məˈʃi:n,," 带式抛光机, 砂轮机",,,,,0,0,,,
sanding machinery,,,un. 砂处理设备\n[网络] 宽带砂光机,,,,,0,0,,,
sanding outlet,,,给砂管出口,,,,,0,0,,,
sanding pad,,,un. 砂布抛光零件设备\n[网络] 砂光垫；砂光磨盘；砂光机磨盘,,,,,0,0,,,
sanding paper,,,[网络] 砂纸；打磨纸,,,,,0,0,,,
sanding rack,,,[机] 砂磨架,,,,,0,0,,,
sanding sealer,,,掺砂涂料,,,,,0,0,,,
sanding sheet,,,[网络] 砂纸,,,,,0,0,,,
sanding sheets,,,[网络] 砂纸,,,,,0,0,,,
sanding sprayer,,,撒砂器,,,,,0,0,,,
Sanding Stick,,,[网络] 磨砂棒,,,,,0,0,,,
sanding up,,,砂堵,,,,,0,0,,,
sanding valve,,,撒砂阀,,,,,0,0,,,
sanding vehicle,,,撒沙车,,,,,0,0,,,
"Sanding, Pulau",,,[地名] 桑丁岛 ( 印尼 ),,,,,0,0,,,
sanding-machine,,,砂光机,,,,,0,0,,,
sandings,,plural of sanding\nv rub with sandpaper,(sanding 的复数) [化] 打磨,,,,,0,0,0:sanding/1:s,,
sandingup,'sændɪnɡʌp,,n.填砂,,,,,0,0,,,
sandinismo,,,[网络] 桑定主义,,,,,0,0,,,
Sandinist,,,[网络] 桑地诺,,,,,0,0,,,
"Sandinist, Sandinista","'sændinist; ,sɑ:ndi'ni:stə",,n. 桑地诺(Sandino)主义者，桑地诺民族解放阵线成员；桑地诺的支持者,,,,,0,0,,,
"Sandinist, Sandinistas",,,"n. Sandinist, Sandinista的变形",,,,,0,0,,,
Sandinista,",sa:ndi'ni:sta:",,n. 桑地诺的支持者,n:100,,,,17954,15533,s:sandinistas,,
Sandinistas,,plural of Sandinista,(Sandinista 的复数) n. 桑地诺的支持者,,,,,0,0,0:sandinista/1:s,,
sandino,,,[网络] 赛迪努时代；圣甸奴；桑迪诺,,,,,0,0,s:sandinoes,,
sandinoes,,,[网络] 赛迪努时代；圣甸奴；桑迪诺\n(sandino 的复数),,,,,0,0,0:sandino/1:s,,
Sandipiper,,,鹬,,,,,0,0,,,
Sandiré,,,[地名] 桑迪雷 ( 尼日尔 ),,,,,0,0,,,
sandis,,,[网络] 小米；仙蒂斯；花多,,,,,0,0,,,
sandish,'sændɪʃ,a. Approaching the nature of sand; loose; not compact., [医]砂质的,,,,,0,0,,,
sandisk,,, 晟碟,,,,,0,0,,,
sandisman,,,[网络] 沙尘,,,,,0,0,,,
sandison,,," [人名] [英格兰人、苏格兰人姓氏] 桑迪森取自父名，来源于Sander,含义是“桑德之子”(son of Sander)",,,,,0,0,,,
sanditon,,,[网络] 桑底顿；桑迪顿,,,,,0,0,s:sanditons,,
sanditons,,,[网络] 桑底顿；桑迪顿\n(sanditon 的复数),,,,,0,0,0:sanditon/1:s,,
sandiver,'sændivә,"n. A whitish substance which is cast up, as a scum, from the\n   materials of glass in fusion, and, floating on the top, is skimmed off;\n   -- called also glass gall.",n. 玻璃沫,,,,,0,0,,,
sandivers,'sændivə,,sandiver\n['sændivə]\nn.\n(熔融玻璃上的)玻璃浮渣，玻璃沫[亦作 glass gall],,,,,0,0,,,
Sandivey,,,[地名] 桑季韦伊河 ( 俄 ),,,,,0,0,,,
sandix,'sændiks,"n. A kind of minium, or red lead, made by calcining carbonate\n   of lead, but inferior to true minium.",(=sandyx)山迪克斯(颜料),,,,,0,0,,,
sandjak,,,[网络] 桑扎克,,,,,0,0,,,
sandke,,,[网络] 沙克,,,,,0,0,,,
sandkey,'sændki:,,[地质]小沙洲[坝],,,,,0,0,,,
sandking,,,[网络] 沙王；沙漠王；沙子王,,,,,0,0,s:sandkings,,
sandkings,,,[网络] 沙王；沙王们；沙虫王,,,,,0,0,0:sandking/1:s,,
Sandkrug,,,[地名] 桑德克鲁格 ( 德 ),,,,,0,0,,,
Sandl,,,[地名] 桑德尔 ( 奥 ),,,,,0,0,,,
Sandland,,,[网络] 沙漠大追踪；沙地；沙区,,,,,0,0,,,
sandlapper,,,[网络] 沙滩鞋,,,,,0,0,,,
sandlappers,,,[网络] 沙滩船,,,,,0,0,,,
sandle,,,[网络] 凉鞋；三德利气动；凉拖鞋,,,,,0,0,s:sandles,,
sandle wood,,,[网络] 另印度檀香,,,,,0,0,,,
sandler,,,桑德勒,,,,,0,0,s:sandlers,,
sandlers,,,[网络] 沙勒,,,,,0,0,0:sandler/1:s,,
sandles,,,[网络] 凉鞋；沙滩凉鞋；平底凉鞋,,,,,0,0,0:sandle/1:3,,
sandless,,,[网络] 小羽,,,,,0,0,,,
sandless casting,,,无砂铸造,,,,,0,0,,,
sandlike,,a resembling or containing or abounding in sand; or growing in sandy areas,a. sand的变形,,,,,0,0,,,
sandliker,,,adj. sand的变形,,,,,0,0,,,
sandlikest,,,adj. sand的变形,,,,,0,0,,,
sandlin,,,[网络] 桑德琳；林祥德,,,,,0,0,,,
sandline,,,输沙管,,,,,0,0,,,
sandling,,,[网络] 沙滩,,,,,0,0,s:sandlings/0:sandle/1:i,,
sandlings,,,[网络] 沙林,,,,,0,0,0:sandling/1:s,,
sandliver,,,[网络] 沙龙,,,,,0,0,,,
sandloaded projectile,,,装沙弹头,,,,,0,0,,,
sandlot,'sændlɔt,n. a vacant lot used by city boys to play games,"n. 沙地, 小孩们的运动用空地",n:100,,,,0,31839,s:sandlots,,
sandlots,,,adj. (市郊)空旷沙地的\nn. (市郊)空旷沙地,,,,,0,0,0:sandlot/1:s,,
sandlotter,'sændlɒtə,, 在空旷沙地上游戏的人,,,,,0,0,,,
sandlotters,,,[网络] 洗衣机,,,,,0,0,,,
sandlund,,,[网络] 沙滩,,,,,0,0,,,
sandman,'sændmæn,n. an elf in fairy stories who sprinkles sand in children's eyes to make them sleepy,n. 睡魔,n:100,,,,0,34871,s:sandmen,,
sandmann,,,[网络] 沙曼,,,,,0,0,,,
sandmann-andra syndrome,,,商得门─安得拉症候群(乏汗及牙齿缺损症),,,,,0,0,,,
sandmark,'sændmɑ:k,,"砂印(轧制时落入耐火材料等物形成的钢板表面缺陷), 夹砂",,,,,0,0,,,
sandmastic method,,,抛石胶浆法,,,,,0,0,,,
sandmen,,,睡眠的精灵( sandman的名词复数 ),,,,,0,0,0:sandman/1:s,,
sandmeyer,,,[网络] 桑德迈尔；桑德迈耶；反应,,,,,0,0,,,
Sandmeyer diazo reaction,,,[化] 桑德迈尔偶氮反应,,,,,0,0,,,
Sandmeyer reaction,,,【有机化学】山德梅耶反应,,,,,0,0,,,
Sandmeyer's reaction,,,[机] 山德酶耶反应,,,,,0,0,,,
sandmite,,,沙螨,,,,,0,0,,,
sandmo(u)ld,,,砂模,,,,,0,0,,,
sandmold,,,[机] 砂模法,,,,,0,0,,,
sandmould,,,[机] 砂模法,,,,,0,0,,,
sandner,,,[网络] 法兰山德；法兰山德钢琴；德国山德,,,,,0,0,,,
Sandnes,,,[地名] 桑内斯 ( 挪 ),,,,,0,0,,,
Sandness,,,[地名] 桑德内斯 ( 英 ),,,,,0,0,,,
Sandnessjφen,,,[地名] 桑内舍恩 ( 挪 ),,,,,0,0,,,
sandniggers,,,[网络] 砂钻,,,,,0,0,,,
sando,,, [人名] 桑多; [地名] [安哥拉、莫桑比克、西班牙] 桑多,,,,,0,0,s:sandoes,,
Sandoa,,,[地名] 桑多阿 ( 刚(金) ),,,,,0,0,,,
sandoe,,,[网络] 拱桥,,,,,0,0,s:sandoes,,
sandoes,,,n. (Sando)人名；(英、意、塞)桑多,,,,,0,0,0:sandoe/1:s,,
Sandoglobulin,,,免疫球蛋白冻干粉,,,,,0,0,,,
sandol,,,[网络] 山陀儿,,,,,0,0,,,
Sandolanid,,,乙酰地高辛,,,,,0,0,,,
sandole,,,[网络] 沙拉,,,,,0,0,,,
sandolo,,,[网络] 桑德拉船,,,,,0,0,,,
"Sandomierska, Kotlina",,,[地名] 桑多梅日盆地 ( 波 ),,,,,0,0,,,
Sandomierz,,,[地名] 桑多梅日 ( 波 ),,,,,0,0,,,
Sandomigran,,,苯噻啶,,,,,0,0,,,
Sandomigrin,,,苹果酸苯噻啶,,,,,0,0,,,
sandomir,,,[网络] 桑铎米尔；圣多米尔；桑多米尔,,,,,0,0,,,
Sandon,,,n. (Sandon)人名；(土)桑东；(英)桑登,,,,,43377,0,,,
Sandong,,,上东,,,,,0,0,,,
Sandong-ni,,,山东里,,,,,0,0,,,
Sandonorm,,,波吲洛尔,,,,,0,0,,,
SandoPak,,,单剂量泡眼包装,,,,,0,0,,,
sandopart,,,去氨催产素,,,,,0,0,,,
Sandoptal,,,"异丁巴比妥,异丁烯丙巴比妥",,,,,0,0,,,
sandor,'sændə,,n. 桑德尔（男子名）,,,,,0,0,s:sandors,,
Sandor bath,,,[医] 泡沫浴,,,,,0,0,,,
Sandor Kellner,,,[网络] 桑德尔凯尔纳,,,,,0,0,s:sandor kellners,,
sandor kellners,,,[网络] 桑德尔凯尔纳\n(sandor kellner 的复数),,,,,0,0,0:sandor kellner/1:s,,
sandora,,,[网络] 圣多拉河；三多时装；桑德拉丨,,,,,0,0,,,
sandorf,,,[网络] 沙多夫,,,,,0,0,,,
sandoricum indicum,,,山陀儿,,,,,0,0,,,
sandors,'sændə,,n. 桑德尔（男子名）,,,,,0,0,0:sandor/1:s,,
sandos,,,[网络] 三都斯；桑多斯；三度斯,,,,,0,0,,,
Sandoscill,,,海葱次苷甲,,,,,0,0,,,
sandostatin,,,"奥曲肽,善得定,善宁",,,,,0,0,,,
sandosten,,,噻苯哌胺,,,,,0,0,,,
Sandostene,,,"噻苯哌胺,噻哌苯胺",,,,,0,0,,,
sandostin,,,奥曲肽,,,,,0,0,,,
sandothrene blue,,,[化] 山道士林蓝,,,,,0,0,,,
sandothrene colors,,,山度士林染料,,,,,0,0,,,
Sandougou(Sandugu Bolon),,,[地名] 桑杜古河 ( 塞内·冈 ),,,,,0,0,,,
sandouki,,,[网络] 沙杜基,,,,,0,0,,,
sandouping,,,[网络] 溜溜球,,,,,0,0,,,
Sandouping Group Complex,,,三斗坪岩群,,,,,0,0,,,
sandouville,,,[网络] 桑杜维尔；桑杜维尔地区；桑杜维勒,,,,,0,0,,,
sandoval,,,桑多瓦尔（人名）\n桑多瓦尔（地名）,,,,,0,0,s:sandovals,,
Sandoval County,,,[地名] 桑多瓦尔县 ( 美 ),,,,,0,0,,,
sandovals,,,桑多瓦尔（人名）\n桑多瓦尔（地名）,,,,,0,0,0:sandoval/1:s,,
sandover,,,[网络] 沙漏,,,,,0,0,,,
Sandover R.,,,[地名] 桑多弗河 ( 澳 ),,,,,0,0,,,
Sandovo,,,[地名] 桑多沃 ( 俄 ),,,,,0,0,,,
Sandovskiy Rayon,,,[地名] 桑多沃区 ( 俄 ),,,,,0,0,,,
sandow,,,填砂支柱,,,,,0,0,,,
Sandoway,,,[网络] 山多威；丹克；桑多威,,,,,0,0,,,
sandoway (thandwe),,,丹兑(山多威),,,,,0,0,,,
sandown,,,[网络] 桑当；圣当恩；山顿,,,,,0,0,,,
Sandown (Lea) Airport,,,[地名] 桑当利机场 ( 英 ),,,,,0,0,,,
Sandown Bay,,,[地名] 桑当湾 ( 英 ),,,,,0,0,,,
Sandown Park,,,[网络] 桑当公园,,,,,0,0,,,
sandoz,,, [医]山德士，山道士（药厂名）,,,,,0,0,s:sandozs,,
sandoze,,,[网络] sandoz,,,,,0,0,,,
sandozs,,, [医]山德士，山道士（药厂名）\n(sandoz 的复数),,,,,0,0,0:sandoz/1:s,,
sandpail,,,[网络] 防火沙桶,,,,,0,0,,,
sandpainting,,,na. “洒沙画符”治病法；“洒沙符”的图案\n[网络] 岩石,,,,,0,0,,,
sandpaintings,,,[网络] 沙绘占卜,,,,,0,0,,,
sandpan,,,砂盘,,,,,0,0,,,
sandpaper,'sændpeipә,v. rub with sandpaper,n. 砂纸\n[机] 砂纸,v:8/n:92,,,,23871,18636,p:sandpapered/i:sandpapering/d:sandpapered/3:sandpapers/s:sandpapers,,
sandpaper block,,,砂纸板,,,,,0,0,,,
sandpaper file,,,砂纸板,,,,,0,0,,,
sandpaper gallbladder,,,[医] 沙纸状性胆囊,,,,,0,0,,,
sandpaper pad,,,砂纸板,,,,,0,0,,,
sandpaper painting,,,"砂纸画(用蜡笔在砂纸上画,然后涂上墨水印出来)",,,,,0,0,,,
sandpaper surfacing,,,砂皮状路面,,,,,0,0,,,
sandpapered,ˈsændˌpeɪpəd,v rub with sandpaper,v. 用砂纸磨光（某物）( sandpaper的过去式和过去分词 ),,,,,0,0,0:sandpaper/1:pd,,
sandpapered nails,,,[网络] 沙钉指甲,,,,,0,0,,,
sandpaperer,,,[网络] 沙捞德勒,,,,,0,0,,,
sandpaperers,,,[网络] 打击者,,,,,0,0,,,
sandpapering,'sændpeɪpərɪŋ,v rub with sandpaper,v. 用砂纸磨光（某物）( sandpaper的现在分词 ),,,,,0,0,0:sandpaper/1:i,,
sandpapering machine,,,[机] 砂纸磨床,,,,,0,0,,,
sandpapering with water,,,水磨砂纸打光,,,,,0,0,,,
sandpaperish,,,[网络] 砂纸,,,,,0,0,,,
sandpaperlike,,,[网络] 砂纸般,,,,,0,0,,,
sandpapers,ˈsændˌpeɪpəz,n stiff paper coated with powdered emery or sand\nv rub with sandpaper,v. 用砂纸磨光（某物）( sandpaper的第三人称单数 ),,,,,0,0,1:3/0:sandpaper,,
sandpaperstri,,,沙纸磨刀九带,,,,,0,0,,,
sandpapery,"'sænd,peipәri",s having the abrasive texture of sandpaper,"a. 砂纸似的,粗糙的",,,,,0,0,,,
sandperches,,,沙鲈类,,,,,0,0,,,
sandpile,'sændpail,n a plaything consisting of a pile of sand or a box filled with sand for children to play in,n. 沙堆,,,,,0,0,s:sandpiles,,
sandpile model,,,沙堆模型,,,,,0,0,,,
sandpiles,,,[网络] 沙堆,,,,,0,0,0:sandpile/1:s,,
sandpipe,,,砂管,,,,,0,0,,,
sandpiper,'sændpaipә,n. any of numerous usually small wading birds having a slender bill and piping call; closely related to the plovers,n. 鹬,n:100,,,,28745,28782,s:sandpipers,,
sandpipers,,plural of sandpiper\nn. any of numerous usually small wading birds having a slender bill and piping call; closely related to the plovers,(sandpiper 的复数) n. 鹬,,,,,0,0,0:sandpiper/1:s,,
sandpipes,,,[网络] 砂管,,,,,0,0,,,
sandpit,'sændpit,n. a large pit in sandy ground from which sand is dug,"n. 采沙场, 沙坑",n:100,,,,34894,42525,s:sandpits,,
sandpits,sænd'pɪts,n. a large pit in sandy ground from which sand is dug\nn. a plaything consisting of a pile of sand or a box filled with sand for children to play in,n. 采沙坑( sandpit的复数形式 ),,,,,0,0,0:sandpit/1:s3,,
sandplain,,,un. 沙原；冰水平原,,,,,0,0,,,
sandplains,,,[网络] 沙滩,,,,,0,0,,,
sandplay therapy,,,沙游治疗,,,,,0,0,,,
sandplover,,,[网络] 塘福的度假屋,,,,,0,0,s:sandplovers,,
sandplovers,,,[网络] 踩踏,,,,,0,0,0:sandplover/1:s,,
sandpoint,,, [地名] [美国] 桑德波因特,,,,,0,0,,,
sandprawn,,,[网络] 沙滩,,,,,0,0,,,
sandprawns,,,[网络] 沙滩,,,,,0,0,,,
sandpump,,,"n. 扬沙泵, 抽沙泵\n[机] 砂泵",,,,,0,0,,,
sandquist,,,[网络] sandqvist,,,,,0,0,,,
sandr,,,[网络] 冰碛平原；刘至情,,,,,0,0,,,
sandra,,,n. 桑德拉（女子名）,,,,,7304,0,,,
sandra bullock,,, 桑德拉·布洛克,,,,,0,0,,,
sandra day o'connor,,,[网络] 奥康纳；大法官奥康纳；桑德拉戴奥康纳,,,,,0,0,,,
sandrac,,,[网络] 沙拉克,,,,,0,0,,,
sandragon,,,[网络] 沙滩,,,,,0,0,,,
sandrail,,,[网络] 沙栏,,,,,0,0,,,
sandrails,,,[网络] 沙栏杆,,,,,0,0,,,
sandrake,,,[网络] 沙耙；砂耙,,,,,0,0,,,
sandrammer,,,n. 抛砂机型砂捣击锤,,,,,0,0,,,
sandramycin,,,山卓霉素,,,,,0,0,,,
sandrandahy,,, [地名] [马达加斯加] 桑德兰达希,,,,,0,0,,,
sandras,,,[网络] 沙拉,,,,,0,0,,,
sandrat,,,[网络] 沙鼠类；砂鼠,,,,,0,0,s:sandrats,,
sandrats,,,[网络] 沙鼠；小白鼠,,,,,0,0,0:sandrat/1:s,,
Sandray,,,[地名] 桑德雷岛 ( 英 ),,,,,0,0,,,
"Sandray, Sound of",,,[地名] 桑德雷海峡 ( 英 ),,,,,0,0,,,
sandre,,"n. A Russian fish (Lucioperca sandre) which yields a valuable\n   oil, called sandre oil, used in the preparation of caviare.",n. (Sandre)人名；(法)桑德尔；(意、塞)桑德雷,,,,,0,0,,,
sandrey,,,[网络] 沙雷,,,,,0,0,,,
sandri,,,[网络] 山德里；德里枢机,,,,,0,0,,,
sandria,,,[网络] 珊德里亚；桑得丽娜,,,,,0,0,,,
sandrich,,,[网络] 沙里奇,,,,,0,0,,,
sandridge,,, [地名] [英国] 桑德里奇,,,,,0,0,s:sandridges,,
sandridges,,,[网络] 沙脊,,,,,0,0,0:sandridge/1:s,,
sandries,,, [人名] 桑德里\n(sandry 的复数),,,,,0,0,0:sandry/1:s,,
sandrig,,,[网络] 沙里格里,,,,,0,0,,,
Sandril,,,[网络] 利血平,,,,,0,0,s:sandrils,,
sandrils,,,[网络] 利血平\n(sandril 的复数),,,,,0,0,0:sandril/1:s,,
sandrin,,,n. (Sandrin)人名；(法)桑德兰；(意)山德林,,,,,0,0,s:sandrins,,
sandrine,,,n. (Sandrine)人名；(法)桑德里娜,,,,,0,0,,,
sandringham,,, [地名] [澳大利亚、英国] 桑德灵厄姆,,,,,0,0,s:sandringhams,,
sandringham house,,,[网络] 桑德林汉姆别墅；桑德林汉姆府；桑德林汉姆宫,,,,,0,0,,,
Sandringham time,,,[网络] 桑德林厄姆时间,,,,,0,0,,,
sandringhams,,, [地名] [澳大利亚、英国] 桑德灵厄姆\n(sandringham 的复数),,,,,0,0,0:sandringham/1:s,,
sandrins,,,n. (Sandrin)人名；(法)桑德兰；(意)山德林\n(sandrin 的复数),,,,,0,0,0:sandrin/1:s,,
Sandro,'sændrәj,,n. 桑德罗(m.),,,,,43503,0,s:sandroes,,
Sandro Botticelli,,,[网络] 波提切利；桑德罗·波提切利；波提且利,,,,,0,0,s:sandro botticellis,,
sandro botticellis,,,桑德罗·波提且利,,,,,0,0,0:sandro botticelli/1:s,,
sandrock,"'sænd,rɔk",,n. [地]沙岩,,,,,0,0,s:sandrocks,,
Sandrock test,,,[医] 桑德罗克氏试验(检血栓形成),,,,,0,0,,,
sandrocks,"'sænd,rɔk",,n. 沙岩,,,,,0,0,0:sandrock/1:s,,
sandroes,'sændrəu,,n. 桑德罗（男子名）,,,,,0,0,0:sandro/1:s,,
Sandron,'sændrәn,,n. 桑德伦(Sandro的异体)(m.),,,,,0,0,,,
sandroni,,,[网络] 山德罗尼；和山德罗尼,,,,,0,0,,,
Sandrovka,,,[地名] 桑德罗夫卡河 ( 俄 ),,,,,0,0,,,
sandrow,,,[网络] sand,,,,,0,0,,,
sandry,,, [人名] 桑德里,,,,,0,0,s:sandries,,
Sandrāna,,,[地名] 森德拉纳 ( 巴基 ),,,,,0,0,,,
sands,,n the region of the shore of a lake or sea or ocean\nn a loose material consisting of grains of rock or coral\nn French writer known for works concerning women's rights and independence (1804-1876)\nn fortitude and determination\nv rub with sandpaper,n. 沙滩；沙漠；含油砂岩地层（sand复数）,,,,,21331,0,1:s3/0:sand/s:sandss,,
sands down,,,用砂纸磨光表面,,,,,0,0,,,
sands of time,,,[网络] 时之砂；时之沙；沙漏,,,,,0,0,,,
sands screen pipe,,,隔砂筛管,,,,,0,0,,,
"Sands, Diana",,,山德斯,,,,,0,0,,,
sands-and-slimes process,,,砂泥分选法,,,,,0,0,,,
sandsailer,"'sænd,seilә(r)",,n. (三轮单帆双人)海滩沙地帆车,,,,,0,0,,,
Sandsbro,,,[地名] 桑斯布鲁 ( 瑞典 ),,,,,0,0,,,
sandscape,,,[网络] 图片；沙盘,,,,,0,0,,,
sandscapes,,,[网络] 风景,,,,,0,0,,,
sandscratcher,,,[网络] 水手,,,,,0,0,,,
Sandsend,,,[地名] 桑森德 ( 英 ),,,,,0,0,s:sandsends,,
sandsends,,,[地名] 桑森德 ( 英 )\n(sandsend 的复数),,,,,0,0,0:sandsend/1:s,,
Sandsfjorden,,,[地名] 桑峡湾 ( 挪 ),,,,,0,0,,,
sandshale,'sændʃeil,,n. 【地质学】含砂页岩,,,,,0,0,,,
sandshellmoulding,sænd'ʃelməʊldɪŋ,,n.砂型铸造,,,,,0,0,,,
sandship,,,[网络] 砂上船；砂船,,,,,0,0,,,
sandships,,,[网络] 沙滩,,,,,0,0,,,
sandshoe,,,n. 沙地上穿的橡皮底帆布鞋,,,,,0,0,s:sandshoes,,
sandshoe crusher,,,[网络] 砂砾破碎机,,,,,0,0,,,
sandshoes,,plural of sandshoe,(sandshoe 的复数) n. 沙地上穿的橡皮底帆布鞋,,,,,0,0,0:sandshoe/1:s,,
Sandside,,,[地名] 桑德赛德 ( 英 ),,,,,0,0,,,
Sandside Bay,,,[地名] 桑德赛德湾 ( 英 ),,,,,0,0,,,
Sandsjö,,,[地名] 桑德舍 ( 瑞典 ),,,,,0,0,,,
Sandsjöfors,,,[地名] 桑德舍福什 ( 瑞典 ),,,,,0,0,,,
sandslinger,'sændsliŋ^ә,,"(铸工的)抛砂机, 投砂器",,,,,0,0,,,
sandsoap,'sændsәjp,,n. 砂皂,,,,,0,0,,,
sandsoaps,,,[网络] 沙滩,,,,,0,0,,,
sandspit,sænds'pɪt,, 沙嘴,,,,,0,0,s:sandspits,,
sandspits,,,[网络] 沙洲,,,,,0,0,0:sandspit/1:s,,
sandspout,'sændspaut,,n. 【气象学】(沙漠旋风卷起的)风沙柱，沙卷,,,,,0,0,,,
sandspraying,,,un. 撒砂\n[网络] 喷砂机,,,,,0,0,,,
Sandspruit,,,[地名] 桑德斯普雷特 ( 南非 ),,,,,0,0,,,
sandspur,,,[网络] 山德斯波尔,,,,,0,0,s:sandspurs,,
sandspurs,,,[网络] 沙尘,,,,,0,0,0:sandspur/1:s,,
sandss,,,n. 沙滩；沙漠；含油砂岩地层（sand复数）\n(sands 的复数),,,,,0,0,0:sands/1:s,,
Sandstad,,,[地名] 桑斯塔 ( 挪 ),,,,,0,0,,,
sandstar,,,[网络] 沙星,,,,,0,0,,,
Sandstedt,,,[地名] 桑德施泰特 ( 德 ),,,,,0,0,,,
sandstemming,,,[网络] 砂炮泥,,,,,0,0,,,
Sandston,,,[地名] 桑兹顿 ( 美 ),,,,,0,0,,,
sandstone,'sændstәun,n. a sedimentary rock consisting of sand consolidated with some cement (clay or quartz etc.),n. 沙岩\n[化] 砂岩,n:100,1,,,9096,12256,s:sandstones,,
sandstone band,,,砂岩夹层,,,,,0,0,,,
sandstone cave,,,砂岩穴,,,,,0,0,,,
sandstone dike,,,砂岩岩墙,,,,,0,0,,,
sandstone dikes,,,砂岩脉,,,,,0,0,,,
sandstone disc,,,砂轮,,,,,0,0,,,
sandstone disk,,,砂轮,,,,,0,0,,,
sandstone grit,,,粗砂岩,,,,,0,0,,,
sandstone member,,,砂层，砂层段,,,,,0,0,,,
sandstone percent content,,,砂岩百分含量,,,,,0,0,,,
sandstone petrology,,,[岩] 砂岩岩石学,,,,,0,0,,,
sandstone pipe,,,砂岩管，砂岩筒,,,,,0,0,,,
sandstone plum,,,(加于毛石混凝土中用)砂岩石,,,,,0,0,,,
sandstone reservoir,,,砂岩储层,,,,,0,0,,,
sandstone reservoir rock,,,砂岩贮油层,,,,,0,0,,,
sandstone rock asphalt,,,砂岩沥青,,,,,0,0,,,
sandstone sill,,,un. 砂岩岩床,,,,,0,0,,,
sandstone soil,ˈsændˌstəʊn sɔil,, 砂岩土；砂岩土壤,,,,,0,0,,,
sandstone type U-ore,,,砂岩型铀矿,,,,,0,0,,,
sandstone-shale couplet,,,砂岩-页岩对,,,,,0,0,,,
sandstoneneedle,,,"砂石针,砂石磨带",,,,,0,0,,,
sandstones,ˈsændˌstəʊnz,n. a sedimentary rock consisting of sand consolidated with some cement (clay or quartz etc.),n. 砂岩( sandstone的复数形式 ),,,,,0,0,0:sandstone/1:s,,
sandstorm,'sændstɒ:m,n a windstorm that lifts up clouds of dust or sand,n. (沙漠地带的)沙暴,n:100,,,,43141,23419,s:sandstorms,,
sandstorm or duststorm,,,[网络] 沙暴或尘暴,,,,,0,0,,,
sandstorms,'sændstɔ:mz,n. a windstorm that lifts up clouds of dust or sand,"n. 沙暴, 尘暴( sandstorm的复数形式 )",,,,,0,0,0:sandstorm/1:s,,
Sandstroem's gland,,,甲状旁腺,,,,,0,0,,,
Sandstroem's glands,,,[医] 甲状旁腺,,,,,0,0,,,
sandstrom,,,[网络] 桑德斯罗姆；桑德斯多姆,,,,,0,0,,,
Sandstrom's bodies,,,"[医] 山德斯特勒姆氏体, 甲状旁腺",,,,,0,0,,,
sandsucker,,,n. 吸沙机\n[网络] 吸泥机；吸砂机；吸泥船,,,,,0,0,,,
sandsuckers,,,[网络] 沙沙克,,,,,0,0,,,
sandsweeping,,,n. 喷砂清洗\n[网络] 回砂,,,,,0,0,,,
sandt,,,abbr. School of Applied Non-Destructive Testing 应用非破坏性的测试学院,,,,,0,0,,,
sandtex,,,[网络] 迪士；三多铁克士,,,,,0,0,s:sandtexes,,
sandtexes,,,[网络] 迪士；三多铁克士\n(sandtex 的复数),,,,,0,0,0:sandtex/1:s,,
sandthorn,,,[网络] 独特沙棘油,,,,,0,0,,,
sandthorns,,,[网络] 沙棘,,,,,0,0,,,
sandtoft,,,[网络] 桑德托弗特,,,,,0,0,s:sandtofts,,
sandtofts,,,[网络] 桑德托弗特\n(sandtoft 的复数),,,,,0,0,0:sandtoft/1:s,,
sandton,,, [地名] [南非共和国] 桑顿,,,,,0,0,,,
sandtown,,,[网络] 沙镇,,,,,0,0,,,
sandtrap,,,na. 【高】障碍沙坑；集沙器\n[网络] 圣陵,,,,,0,0,,,
sandtraps,,,[网络] 沙地陷阱,,,,,0,0,,,
sandu,,,n. (Sandu)人名；(罗)桑杜,,,,,0,0,,,
Sandugu Bolon (Sandougou),,,[地名] 桑杜古河 ( 冈·塞内 ),,,,,0,0,,,
sanduleak,,,[网络] 桑杜列克；圣都立克；桑杜里克,,,,,0,0,,,
sandunga,sɑ:n'du:ŋ^ɑ:,,n. 萨恩杜加舞(一种墨西哥民间舞蹈),,,,,0,0,,,
sandungas,sɑːn'duːŋɡɑː,,sandunga\n[sɑ:n'du:ŋɡɑ:]\nn.\n桑杜加舞(墨西哥的民间舞蹈),,,,,0,0,,,
sandunies,,,[网络] 桑都尼\n(sanduny 的复数),,,,,0,0,0:sanduny/1:s,,
sanduny,,,[网络] 桑都尼,,,,,0,0,s:sandunies,,
sandur,,,冰水沉积平原,,,,,0,0,,,
sandur deposit,,,冰水平原沉积,,,,,0,0,,,
sandurs,,,[网络] 沙滩,,,,,0,0,,,
sandusky,sən'dʌski; sɑ:n-,,n. 桑达斯基（美国俄亥俄州北部港市）,,,,,0,0,,,
Sandusky County,,,[地名] 桑达斯基县 ( 美 ),,,,,0,0,,,
Sandvatn,,,[地名] 桑德湖 ( 冰 ),,,,,0,0,,,
sandved,,, [人名] 桑韦德; [地名] [丹麦] 桑沃,,,,,0,0,,,
sandveld,,,[网络] 沿岸沙丘植披地带,,,,,0,0,,,
sandvick,,,[网络] 刀片所适用的切削范围；特维克,,,,,0,0,,,
Sandvig,,,桑维格,,,,,0,0,,,
Sandvik,,,n. 山特维克（公司名）,,,,,49841,0,,,
Sandvika,,,[地名] 桑维卡 ( 挪 ),,,,,0,0,,,
Sandviken,,,[地名] 桑德维肯 ( 瑞典 ),,,,,0,0,,,
Sandvlakte,,,[地名] 桑德弗拉克特 ( 南非 ),,,,,0,0,,,
sandvold,,,[网络] 桑德沃尔德,,,,,0,0,,,
sandwash,'sændwɔ:ʃ,,n. 【地质学】冲积沙层，地表砂砾层；砂堆积,,,,,0,0,,,
sandwave,,,na. 砂波\n[网络] 洲浪底；砂丘,,,,,0,0,,,
sandwave system,,,沙波系,,,,,0,0,,,
sandwaves,'sændwɑːvz,,沙波,,,,,0,0,,,
Sandweiler,,,[地名] 桑德韦勒 ( 卢森 ),,,,,0,0,,,
sandweld,'sændweld,,砂焊,,,,,0,0,,,
sandwell,,,un. 出砂油井\n[网络] 桑德韦尔；英国桑德韦尔；桑德维尔,,,,,0,0,s:sandwells,,
sandwells,,,un. 出砂油井\n[网络] 桑德韦尔；英国桑德韦尔；桑德维尔\n(sandwell 的复数),,,,,0,0,0:sandwell/1:s,,
sandwicensine,",sændwi'sensin",,散得(萝芙)碱,,,,,0,0,,,
sandwicensis,,,[网络] 三明治舵鱼,,,,,0,0,,,
sandwich,'sændwitʃ,n. two (or more) slices of bread with a filling between them\nv. make into a sandwich\nv. insert or squeeze tightly between two people or objects,"n. 三明治, 夹心面包, 夹层板\nvt. 插入, 夹入, 把...制成三明治",v:8/n:92,2,,zk gk cet4 cet6 ky ielts,3670,3529,s:sandwiches/d:sandwiched/i:sandwiching/p:sandwiched/3:sandwiches,,
sandwich (in) between,,,把…挤〔夹〕在…之间,,,,,0,0,,,
sandwich arrangement,,,[化] 交错重叠布置,,,,,0,0,,,
sandwich assay,,,"夹心检定[方法], 夹心式测定, 夹心式测定法",,,,,0,0,,,
Sandwich B.,,,[地名] 桑威奇湾 ( 加、纳、英 ),,,,,0,0,,,
sandwich bag,,,[网络] 三明治袋；朔料袋；一个三明治袋,,,,,0,0,,,
sandwich bar,,,[网络] 专卖三明治的饮食店；原来三明治吧；三明治店,,,,,0,0,,,
sandwich bars,,,[网络] 三明治吧,,,,,0,0,,,
sandwich batten,,,【戏院】夹层板(= double batten),,,,,0,0,,,
sandwich beam,,,"层结梁,多层组合梁",,,,,0,0,,,
sandwich belt conveyor,,,夹层带式运送机,,,,,0,0,,,
sandwich between,,,插在 ... 中,,,,,0,0,,,
sandwich biscuit,,,夹心饼干,,,,,0,0,,,
sandwich blender,,,夹层混和机;夹层式混棉机,,,,,0,0,,,
sandwich blending,,,三明治混棉法,,,,,0,0,,,
sandwich board,,,挂在身上的广告牌,,,,,0,0,s:sandwich boards,,
sandwich boards,,,na. 挂在身体前后的广告牌；胶合板,,,,,0,0,0:sandwich board/1:s,,
sandwich box,,,[网络] 三文治盒,,,,,0,0,,,
sandwich braze,,,夹层焊接;夹层钎焊;夹心焊接;夹心钎接,,,,,0,0,,,
sandwich bread,,,"夹心面包片,三明治面包",,,,,0,0,,,
sandwich brush,,,夹层电刷,,,,,0,0,,,
sandwich bulkhead,,,"夹层舱壁；夹壁, 夹芯舱壁, 夹芯舱壁，三明治舱壁",,,,,0,0,,,
sandwich cake,,,"夹层蛋糕,三明治饼",,,,,0,0,,,
sandwich cakes,,,[网络] 夹心酥,,,,,0,0,,,
sandwich cell,,,多层元件,,,,,0,0,,,
sandwich chamber,,,[化] 夹层槽,,,,,0,0,,,
sandwich clad steel,,,夹层钢,,,,,0,0,,,
sandwich class,,,[网络] 夹心阶层；夹心层；中层阶级,,,,,0,0,,,
sandwich classes,,,[网络] 夹心课,,,,,0,0,,,
sandwich clay,,,夹层黏土,,,,,0,0,,,
sandwich coat,ˈsænwidʒ kəut,, 夹心涂层,,,,,0,0,,,
sandwich coil,,,交叠线圈,,,,,0,0,,,
sandwich coin,,,包层硬币,,,,,0,0,,,
sandwich compound,,,[化] 夹心化合物; 夹层化合物,,,,,0,0,,,
sandwich compounds,,,夹心化合物,,,,,0,0,,,
sandwich concrete,,,夹层混凝土,,,,,0,0,,,
sandwich construction,,,夹层结构;夹心结构,,,,,0,0,,,
sandwich construction repair technique,,,夹层结构修补技术,,,,,0,0,,,
sandwich cookie,,,[网络] 三明治甜饼干图片,,,,,0,0,,,
sandwich cookies,,,[网络] 三明治饼干,,,,,0,0,,,
sandwich coordination compound,,,[化] 夹心配位化合物,,,,,0,0,,,
sandwich copolymer,,,[化] 嵌段共聚物,,,,,0,0,,,
sandwich course,ˈsænwidʒ kɔː(r)s,,n. 课堂教学与工作实践相结合的课程,,,,,0,0,,,
sandwich course placement,,,工读交替制学生劳动安排,,,,,0,0,,,
sandwich courses,,,[经] 夹心课程,,,,,0,0,,,
sandwich covering,,,夹层蒙皮,,,,,0,0,,,
sandwich cylinder,,,夹层柱壳,,,,,0,0,,,
sandwich debenture,,,三明治债券,,,,,0,0,,,
sandwich detector,,,层叠探测器,,,,,0,0,,,
sandwich development chamber,,,[分化] 夹层展开室,,,,,0,0,,,
sandwich digit,,,[计] 中间位,,,,,0,0,,,
sandwich disc electrophoresis,,,夹层盘电泳,,,,,0,0,,,
sandwich effect,,,夹心效应,,,,,0,0,,,
sandwich element,,,夹层式单元,,,,,0,0,,,
sandwich fabric,,,夹心织物,,,,,0,0,,,
sandwich film,,,层状胶片,,,,,0,0,,,
sandwich filter,,,胶合泸光镜,,,,,0,0,,,
sandwich firewall,,,[建] 夹层防火壁,,,,,0,0,,,
sandwich frame,,,双构架,,,,,0,0,,,
sandwich generation,,,n. 三明治世代——同时扶养与照顾父母和子女的人,,,,,0,0,,,
sandwich generations,,,[网络] 三明治,,,,,0,0,,,
sandwich girder,,,夹合梁,,,,,0,0,,,
sandwich glass,,,夹层玻璃;层压玻璃,,,,,0,0,,,
sandwich heating,,,双面加热,,,,,0,0,,,
sandwich hologram,,,层状全息图;重叠全息照相法,,,,,0,0,,,
sandwich hologram interferometry,,,层状全息干涉测量术,,,,,0,0,,,
sandwich holography,,,"夹层全像摄影术, 夹层全像术",,,,,0,0,,,
sandwich hybrid composite,,,夹心混成复合材,,,,,0,0,,,
sandwich hybridization,,,夹心杂交,,,,,0,0,,,
sandwich ice cream,,,夹心霜淇淋,,,,,0,0,,,
sandwich inclusion compound,,,[化] 夹层包合物,,,,,0,0,,,
sandwich injection,,,夹层注射,,,,,0,0,,,
sandwich irradiation,,,[医] 夹入照射,,,,,0,0,,,
Sandwich Islander,,,[网络] 三明治岛民,,,,,0,0,,,
Sandwich Islands,,,三明治群岛（夏威夷群岛的旧称）,,,,,0,0,s:sandwich islandss,,
sandwich islandss,,,桑威奇群岛(夏威夷群岛的旧称),,,,,0,0,0:sandwich islands/1:s,,
sandwich isolater,,,切型防松器,,,,,0,0,,,
sandwich isolator,,,剪切型防振器,,,,,0,0,,,
sandwich kiln,,,扁截面(快速烧成)隧道窑,,,,,0,0,,,
sandwich laminate,,,夹层板,,,,,0,0,,,
sandwich layer,,,[化] 夹层; 芯层,,,,,0,0,,,
sandwich like compact,,,夹心状坯块,,,,,0,0,,,
sandwich loaf,,,"三明治用的长方形面包,方形面包",,,,,0,0,,,
sandwich man,,,挂广告牌的人,,,,,0,0,,,
sandwich manifold,,,积层式油路板,,,,,0,0,,,
sandwich material,,,夹层材料;夹合材料,,,,,0,0,,,
sandwich matrix,,,[数] 中间矩阵,,,,,0,0,,,
sandwich meat,,,"夹面包片用的肉,(夹)三明治用肉",,,,,0,0,,,
sandwich method,,,[机] 夹层处理法,,,,,0,0,,,
sandwich mold,,,夹层模(双面层压材料间夹有泡沫塑料),,,,,0,0,,,
sandwich molding,,,un. 夹心模制法\n[网络] 夹芯模制造；三明治成形,,,,,0,0,,,
sandwich music,,,三明治式音乐，爵士摇滚乐,,,,,0,0,,,
sandwich pair,,,平面〔运动〕对,,,,,0,0,,,
sandwich panel,,,夹心板,,,,,0,0,,,
sandwich paper,,,[网络] 夹心面包包装纸；三明治包装纸；求购纸张,,,,,0,0,,,
sandwich plate,ˈsænwidʒ pleit,, 夹层板,,,,,0,0,s:sandwich plates,,
sandwich plate type fuel element,,,心板型燃料元件,,,,,0,0,,,
sandwich plates,,,[木] 夹层板；多层板；多层垫板,,,,,0,0,0:sandwich plate/1:s,,
sandwich pocket,,,内贴袋,,,,,0,0,,,
sandwich ribbon fibre,,,层状长条纤维,,,,,0,0,,,
sandwich rolling,,,"夹层滚轧,夹层辗压,夹心轧制,包层轧制;多层板材轧制",,,,,0,0,,,
sandwich rolling process,,,复合轧制法,,,,,0,0,,,
sandwich shop,,,小吃店,,,,,0,0,,,
sandwich skin,,,夹层蒙皮,,,,,0,0,,,
sandwich spread,,,un. 夹心面包涂抹酱\n[网络] 三明治酱；牛油果适合做三文冶酱,,,,,0,0,,,
sandwich steel,,,夹心钢,,,,,0,0,,,
sandwich sth together,,,[网络] 三明治在一起,,,,,0,0,,,
sandwich structure,,,夹层结构,,,,,0,0,,,
sandwich structure construction,,,蜂窝[夹层]结构,,,,,0,0,,,
sandwich tape,,,[计] 多层带,,,,,0,0,,,
sandwich technique,,,夹层技术,,,,,0,0,,,
Sandwich tern,,,[网络] 白嘴端燕鸥；白嘴端凤头燕鸥；白咀端凤头燕鸥,,,,,0,0,,,
Sandwich Terns,,,[网络] 三明治燕鸥,,,,,0,0,,,
sandwich testing,,,[计] 多层结构测试,,,,,0,0,,,
sandwich transducer,,,夹层换能器,,,,,0,0,,,
sandwich type,,,夹层式,,,,,0,0,,,
sandwich type cell,,,多层型电池,,,,,0,0,,,
sandwich type element,,,多层元件,,,,,0,0,,,
sandwich type shell,ˈsænwidʒ taip ʃel,, 夹层壳,,,,,0,0,,,
sandwich type wall panel,,,夹心墙板,,,,,0,0,,,
sandwich unit,,,"夹心面包机, 三明治机",,,,,0,0,,,
sandwich valve,,,夹心阀,,,,,0,0,,,
sandwich welding,,,夹紧冷焊,,,,,0,0,,,
sandwich winding,,,交错多层绕组;交错绕组;分层绕组;盘式绕组;盘形绕组,,,,,0,0,,,
sandwich windings,,, 交错多层形绕组,,,,,0,0,,,
sandwich wood,,,压制板,,,,,0,0,,,
sandwich wound,,,多层绕制,,,,,0,0,,,
sandwich wound coil,,,盘式线圈,,,,,0,0,,,
"Sandwich, C.",,,[地名] 桑威奇角 ( 澳 ),,,,,0,0,,,
sandwich-board,,,n. 挂在身上的广告牌,,,,,0,0,s:sandwich-boards,,
sandwich-boards,,plural of sandwich-board,(sandwich-board 的复数) n. 挂在身上的广告牌,,,,,0,0,0:sandwich-board/1:s,,
sandwich-box,,,[网络] 三文治盒,,,,,0,0,s:sandwich-boxes,,
sandwich-boxes,,,[网络] 三明治盒,,,,,0,0,0:sandwich-box/1:s,,
sandwich-interleaved coil,,,交叠纠结线圈,,,,,0,0,,,
sandwich-like structure,,,[计] 多层结构,,,,,0,0,,,
sandwich-plated fabric,,,夹层添纱针织物,,,,,0,0,,,
sandwich-type,,,夹层式;交错多层形,,,,,0,0,,,
sandwich-type dielectric,,,夹层式介质,,,,,0,0,,,
sandwich-type element,,,多层结构元件,,,,,0,0,,,
sandwich-type panel,,,夹心板,,,,,0,0,,,
sandwich-type shell,,,夹层壳,,,,,0,0,,,
sandwich-wound,,,n. 叠层绕的\n[网络] 分层绕的,,,,,0,0,,,
sandwichable,,,[网络] 可夹,,,,,0,0,,,
sandwichboard,,,na. 挂在身体前后的广告牌；胶合板\n[网络] 挂在身上的广告牌；复合夹心板；夹层板,,,,,0,0,,,
sandwiched,ˈsænwidʒd,imp. & p. p. of Sandwich,v. 插入( sandwich的过去式和过去分词 ); 把…夹在…之间; 挤在…中间; 把…夹在面包片中,,,,,0,0,1:dp/0:sandwich,,
sandwiched area of double fracture zone,,,双断裂夹持区,,,,,0,0,,,
sandwiched in,,,adj. 铺在两层之间的,,,,,0,0,,,
sandwiched moxibustion,,,隔物灸,,,,,0,0,,,
sandwiched packed bed,,,状填充床,,,,,0,0,,,
sandwiched-in,,,夹心的,,,,,0,0,,,
Sandwicher,,,[网络] 可力饼小摊,,,,,0,0,,,
sandwicheria,",sænwi'tʃiəriə",,n. 三明治吧[亦作sandwich bar],,,,,0,0,,,
Sandwichers,,,[网络] 三明治,,,,,0,0,,,
sandwichery,,,[网络] 三明治,,,,,0,0,,,
sandwiches,ˈsænwidʒz,n two (or more) slices of bread with a filling between them\nv make into a sandwich\nv insert or squeeze tightly between two people or objects,n. 三明治( sandwich的名词复数 ); 夹层; 夹心蛋糕; 状似三明治的东西\nv. 插入( sandwich的第三人称单数 ); 把…夹在…之间; 挤在…中间; 把…夹在面包片中,,,,,0,0,1:s3/0:sandwich,,
sandwiching,'sænwɪdʒɪŋ,p. pr. & vb. n. of Sandwich,v. 插入( sandwich的现在分词 ); 把…夹在…之间; 挤在…中间; 把…夹在面包片中,,,,,0,0,0:sandwich/1:i,,
sandwichless,,,[网络] 三明治,,,,,0,0,,,
sandwichlike,,,[网络] 三明治,,,,,0,0,,,
sandwichman,,n. a person with advertising boards hanging from the shoulders,n. 身前身后挂着广告牌的人,,,,,0,0,s:sandwichmen,,
sandwichmen,,,[网络] 三明治,,,,,0,0,0:sandwichman/1:s,,
sandwichs,,,[网络] 用复数；新鲜三明治,,,,,0,0,,,
sandwichtype,,,夹层的,,,,,0,0,,,
sandwichwound,,,n. 叠层绕的\n[网络] 分层绕的,,,,,0,0,,,
sandwichy,,,[网络] 三明治,,,,,0,0,,,
sandwicine,'sændwisin,,散得(萝芙)辛,,,,,0,0,,,
Sandwick,,,[地名] 桑威克 ( 英 ),,,,,0,0,,,
Sandwip,,,桑维普,,,,,0,0,,,
Sandwip Island,,,[网络] 松迪布岛,,,,,0,0,,,
sandwisch,,,[网络] 至少,,,,,0,0,,,
sandwish,,,[网络] 其他的是食物；冰激凌；不得不吃之法国面包,,,,,0,0,,,
sandwitch compounds,,,[机] 胶合化合物,,,,,0,0,,,
sandwitch structure,,,"三明治构造, 叠层构造；夹层构造, 叠层构造，夹层构造",,,,,0,0,,,
sandwith,,, [地名] [加拿大、英国] 桑德威斯,,,,,0,0,s:sandwiths,,
sandwith radioimmunoassay,,,夹心放射免疫测定,,,,,0,0,,,
Sandwith's bald tongue,,,[医] 山德韦思氏秃舌(见于糙皮病晚期),,,,,0,0,,,
sandwiths,,, [地名] [加拿大、英国] 桑德威斯\n(sandwith 的复数),,,,,0,0,0:sandwith/1:s,,
Sandwood,,,[地名] 桑德伍德 ( 英 ),,,,,0,0,s:sandwoods,,
Sandwood Bay,,,[地名] 桑德伍德湾 ( 英 ),,,,,0,0,,,
Sandwood Loch,,,[地名] 桑德伍德湖 ( 英 ),,,,,0,0,,,
sandwoods,,,[地名] 桑德伍德 ( 英 )\n(sandwood 的复数),,,,,0,0,0:sandwood/1:s,,
sandworm,'sændwɔ:m,"n. Any one of numerous species of annelids which burrow in\n   the sand of the seashore.\nn. Any species of annelids of the genus Sabellaria. They\n   construct firm tubes of agglutinated sand on rocks and shells, and are\n   sometimes destructive to oysters.\nn. The chigoe, a species of flea.",沙虫,,,,,0,0,,,
sandworm disease,,,[医] 游走性幼虫病,,,,,0,0,,,
sandworm eruption,,,[医] 游走性幼虫病,,,,,0,0,,,
sandworms,,,[网络] 沙虫；沙虫夏；沙虫童装,,,,,0,0,,,
sandwort,'sændwә:t,n. loosely matted plant with moss-like foliage studded with tiny starry four-petaled white blossoms; mountains of central and southern Europe\nn. low-growing herb having clusters of small white four-petaled flowers\nn. low-growing chiefly perennial plant usually with small white flowers suitable for e.g. rock gardens,n. 蚤缀,,,,,0,0,s:sandworts,,
sandworts,,,n. 蚤缀属植物,,,,,0,0,0:sandwort/1:s,,
Sandwīp,,,[地名] 松迪布 ( 孟 ),,,,,0,0,,,
Sandwīp Chan.,,,[地名] 松迪布水道 ( 孟 ),,,,,0,0,,,
sandy,'sændi,s of hair color; pale yellowish to yellowish brown\na resembling or containing or abounding in sand; or growing in sandy areas,"a. 沙的, 沙地的, 多沙的",j:100,2,,cet4 cet6 toefl,6514,6261,r:sandier/t:sandiest,,
sandy aggregate,,,砂质骨料;砂质集料,,,,,0,0,,,
sandy alumina,,,砂状氧化铝,,,,,0,0,,,
Sandy B.,,,[地名] 桑迪湾 ( 澳、洪、加、南非、圣赫、新西、英 ),,,,,0,0,,,
Sandy Bay,,,[地名] 桑迪贝 ( 牙 ),,,,,0,0,,,
Sandy Beach,,,[地名] 桑迪比奇 ( 美 ),,,,,0,0,,,
sandy beach community,,,沙滩群集,,,,,0,0,,,
sandy beaches,,,[网络] 沙滩；沙滩图片；沙质海滩,,,,,0,0,,,
sandy beige,,,n. 浅褐色,,,,,0,0,,,
sandy bentonite,,,长石斑脱岩,,,,,0,0,,,
Sandy Bight,,,[地名] 桑迪湾 ( 澳 ),,,,,0,0,,,
sandy blight,,,[澳大利亚英语]沙眼,,,,,0,0,,,
sandy bottom,,,沙底,,,,,0,0,,,
Sandy Bridge,,,n. 英特尔Sandy Bridge,,,,,0,0,,,
Sandy Bridge-E,,,[网络] 内置四通道内存控制器,,,,,0,0,,,
Sandy C.,,,[地名] 桑迪角 ( 澳 ),,,,,0,0,,,
sandy chert,,,砂质燧石,,,,,0,0,,,
sandy chore,,,[网络] 沙岸,,,,,0,0,,,
Sandy City,,,桑迪城(美国犹他州中部城镇),,,,,0,0,,,
sandy clay,,,砂土,,,,,0,0,,,
sandy clay loam,,,砂质粘壤土,,,,,0,0,,,
sandy clay loam soil,,,[地质 土壤] 砂质粘壤土,,,,,0,0,,,
sandy clay of high liquid limit,,,含砂高液限黏土,,,,,0,0,,,
sandy clay of low liquid limit,,,含砂低液限黏土,,,,,0,0,,,
sandy clock,,,沙漏钟,,,,,0,0,,,
sandy coast,,,砂质海岸,,,,,0,0,,,
sandy conglomerate,,,砂质砾岩,,,,,0,0,,,
sandy cotton,,,含砂原棉,,,,,0,0,,,
Sandy Cr.,,,[地名] 桑迪溪 ( 澳 ),,,,,0,0,,,
Sandy Creek,,,[地名] 桑迪克里克 ( 加 ),,,,,0,0,,,
sandy crystal,,,砂晶,,,,,0,0,,,
sandy culture,,,砂培法,,,,,0,0,,,
sandy desert,,,沙漠,,,,,0,0,,,
sandy desert farming,,,沙漠农业,,,,,0,0,,,
sandy desert soils,,, 砂质漠境土,,,,,0,0,,,
sandy equipment,,,un. 卫生设备,,,,,0,0,,,
sandy flysch,,,砂岩质复理层,,,,,0,0,,,
sandy gravel,,,砂质砾石,,,,,0,0,,,
sandy gravel stratum,,,砂砾层,,,,,0,0,,,
sandy ground,,,砂地;砂砾地,,,,,0,0,,,
Sandy Hook,,,桑迪岬（美国一半岛）,,,,,0,0,,,
sandy ice cream,,,un. 有冰屑的冰淇淋,,,,,0,0,,,
Sandy Is.,,,[地名] 桑迪群岛 ( 毛里求、印度洋 ),,,,,0,0,,,
Sandy L.,,,[地名] 桑迪湖 ( 加、美 ),,,,,0,0,,,
Sandy Lake,,,[地名] 桑迪莱克 ( 加 ),,,,,0,0,,,
sandy land,,,沙田,,,,,0,0,,,
sandy limestone,,,砂质石灰石,,,,,0,0,,,
sandy loam,,,[医] 沙壤土(多沙粘土壤),,,,,0,0,,,
sandy loam soil,,,砂壤土,,,,,0,0,,,
sandy marl,,,砂质泥灰岩,,,,,0,0,,,
sandy mobile bed,,,砂粒流动的河床,,,,,0,0,,,
sandy muck,ˈsændi: mʌk,, 砂质腐泥土,,,,,0,0,,,
sandy mud,,,砂质泥,,,,,0,0,,,
sandy mushroom,,,[网络] 沙质蘑菇,,,,,0,0,s:sandy mushrooms,,
sandy mushrooms,,,[网络] 沙质蘑菇\n(sandy mushroom 的复数),,,,,0,0,0:sandy mushroom/1:s,,
sandy paste,,,重油面团,,,,,0,0,,,
sandy plain,,,砂原,,,,,0,0,,,
Sandy Plains,,,[地名] 桑迪普莱恩斯 ( 美 ),,,,,0,0,,,
Sandy Point,,,[地名] 桑迪波因特 ( 美、圣基 ),,,,,0,0,,,
Sandy Powell,,,[网络] 桑迪·鲍威尔；珊蒂鲍威尔；服装设计师珊蒂鲍威尔,,,,,0,0,,,
Sandy Pt.,,,[地名] 桑迪角 ( 巴哈、美 ),,,,,0,0,,,
sandy ray,,,n. 圆鳐,,,,,0,0,,,
sandy sapropel,,,砂质腐泥,,,,,0,0,,,
sandy seal,,,[化] 砂封,,,,,0,0,,,
sandy sediment,,,砂质宙积物,,,,,0,0,,,
sandy shale,,,砂质页岩,,,,,0,0,,,
sandy shore,,,砂质海岸,,,,,0,0,,,
sandy silt,,,砂质粉土,,,,,0,0,,,
sandy silt of low liquid limit,,,含砂低液限粉土,,,,,0,0,,,
sandy size,,,n. 象砂粒大小的尺寸,,,,,0,0,,,
sandy slate,,,砂质板岩,,,,,0,0,,,
sandy soil,,,[医] 沙壤土(多沙粘土),,,,,0,0,,,
sandy soil vegetation,,,砂土植物群(落),,,,,0,0,,,
sandy soils,,,沙壤土,,,,,0,0,,,
Sandy Springs,,,[地名] 桑迪斯普林斯 ( 美 ),,,,,0,0,,,
sandy subgrade,,,砂质地基;示质路基,,,,,0,0,,,
sandy turbidite,,,砂质浊流岩，砂质浊积岩,,,,,0,0,,,
sandy urine,,,尿中砂石,,,,,0,0,,,
sandy waste,,,沙荒,,,,,0,0,,,
sandy wasteland,,,沙荒,,,,,0,0,,,
sandy well,,,出砂油井,,,,,0,0,,,
sandy wool,,,含砂羊毛,,,,,0,0,,,
sandy-blond,,,[网络] 沙金色,,,,,0,0,,,
sandy-brown,,,[网络] 沙褐色；黄棕色；浅棕色,,,,,0,0,,,
sandy-colored,,,[网络] 栗色,j:100,,,,0,0,,,
sandy-coloured,'sændi:k'ʌləd,,adj. 沙色的; 黄中带红的,,,,,0,0,s:sandy-coloureds,,
sandy-coloureds,,,adj. 沙色的; 黄中带红的\n(sandy-coloured 的复数),,,,,0,0,0:sandy-coloured/1:s,,
sandy-haired,'sændi:h'eərd,, [医]沙色发的,j:100,,,,0,0,,,
sandyacht,'sændjɔt,,n. 【体育】沙滩四轮帆船，沙滩舟，沙地帆车[亦作 sand yacht],,,,,0,0,,,
sandyachtsman,"'sænd,jɔtsmən",,n. 【体育】沙滩帆船运动员，沙滩舟(或沙地帆车)比赛参加者[亦作 sandyachter],,,,,0,0,,,
sandybrown,,,沙褐色,,,,,0,0,,,
sandycove,,,[网络] 沙湾；圣蒂库弗；沙地库夫湾,,,,,0,0,s:sandycoves,,
sandycoves,,,[网络] 沙湾；圣蒂库弗；沙地库夫湾\n(sandycove 的复数),,,,,0,0,0:sandycove/1:s,,
sandyford,,,[网络] 爱尔兰；福德；布兰斯顿东北的沙津,,,,,0,0,s:sandyfords,,
sandyfords,,,[网络] 爱尔兰；福德；布兰斯顿东北的沙津\n(sandyford 的复数),,,,,0,0,0:sandyford/1:s,,
sandyish,,,略带沙质的,,,,,0,0,,,
sandymount,,, [地名] [爱尔兰、新西兰] 桑迪芒特,,,,,0,0,s:sandymounts,,
sandymounts,,, [地名] [爱尔兰、新西兰] 桑迪芒特\n(sandymount 的复数),,,,,0,0,0:sandymount/1:s,,
sandys,,, [人名] [英格兰人姓氏] 桑兹 Sand的变体,,,,,0,0,,,
Sandys Parish,,,[地名] 桑兹堂区 ( 百 ),,,,,0,0,,,
sandysize,'sændɪzaɪz,,n.象砂粒大小的尺寸,,,,,0,0,,,
Sandyville,,,[地名] 桑迪维尔 ( 美 ),,,,,0,0,,,
sandyx,,,[网络] 沙子,,,,,0,0,,,
Sandénia,,,[地名] 桑代尼亚 ( 几 ),,,,,0,0,,,
Sandön,,,[地名] 桑德岛 ( 瑞典 ),,,,,0,0,,,
Sandīla,,,[地名] 森迪拉 ( 印 ),,,,,0,0,,,
Sandūr,,,[地名] 森杜尔 ( 印 ),,,,,0,0,,,
Sandιklι,,,[地名] 桑德克勒 ( 土 ),,,,,0,0,,,
Sandφy,,,[地名] 桑岛 ( 挪 ),,,,,0,0,,,
sane,sein,a. mentally healthy; free from mental disorder,"a. 神智健全的, 稳健的, 没病的, 合理的\n[医] 精神健全的",j:100,1,,ky toefl gre,11270,9556,r:saner/t:sanest,,
sane memory,,,[法] 健全的记忆,,,,,0,0,,,
sane person,,,[法] 神智清楚的人,,,,,0,0,,,
sane policy,,,[法] 稳健的政策,,,,,0,0,,,
sanedrine,,,[医] 左旋麻黄硷,,,,,0,0,,,
Sanegyt,,,弧唑啶,,,,,0,0,,,
sanei,,,n. (Sanei)人名；(伊朗)萨内,,,,,0,0,,,
saneko,,,"实子(名,日本)",,,,,0,0,,,
sanela,,,n. (Sanela)人名；(芬)萨内拉,,,,,0,0,,,
sanely,,r. with good sense or in a reasonable or intelligent manner\nr. in a sane or lucid manner,adv. 稳健地；心智健全地；理智地,,,,,0,0,,,
Sanem,,,[地名] 萨内姆 ( 卢森 ),,,,,0,0,,,
sanematsu,,,[网络] 实松一成,,,,,0,0,,,
saneness,'seɪnnes,n. The state of being sane; sanity.,"n. 心智健全, 稳健",,,,,0,0,s:sanenesses,,
sanenesses,'seinis,,n. 心智健全；清醒，通情达理,,,,,0,0,0:saneness/1:s,,
saner,seinə,a. mentally healthy; free from mental disorder\ns. marked by sound judgment,a. 心智健全的( sane的比较级 ); 神志正常的; 明智的; 稳健的,,,,,0,0,0:sane/1:r,,
sanera,,, [人名] 萨内拉,,,,,0,0,,,
Saneroite,,,钒硅锰矿,,,,,0,0,,,
sanes,,,萨内斯,,,,,0,0,,,
sanest,,a. mentally healthy; free from mental disorder\ns. marked by sound judgment,a. 心智健全的( sane的最高级 ); 神志正常的; 明智的; 稳健的,,,,,0,0,0:sane/1:t,,
Saneycline,,,"去甲去氧四环素,6-去甲-6-去氧四环素",,,,,0,0,,,
Sanf.,,,[网络] 旧金山旅游,,,,,0,0,,,
Sanfan,,,[网络] 摩名帝凡斯；双方,,,,,0,0,,,
sanfetrinem,,,[网络] 山费培南,,,,,0,0,,,
sanfilippo,,,[网络] 圣菲利波；圣菲利波球场；圣菲利普,,,,,0,0,,,
sanfilippo disease,,,Sanfilippo氏病,,,,,0,0,,,
Sanfilippo syndrome,,,黏多糖贮积症Ⅲ型,,,,,0,0,,,
Sanfilippo syndrome A,,,"山菲立普综合病 A,乙酰肝素硫酸酯酶缺乏综合征",,,,,0,0,,,
Sanfilippo syndrome B,,,"山菲立普综合征B,乙酰氨基葡糖苷酶缺乏综合征",,,,,0,0,,,
sanfilippo's syndrome,,,圣菲力浦综合征,,,,,0,0,,,
Sanfilippo-Goodsyndrome,,,"桑菲列普综合征,桑-古二氏综合征,粘多糖病Ⅲ",,,,,0,0,,,
sanfillippo,,,[网络] 圣菲利波,,,,,0,0,,,
sanfillippo syndrome,,,"圣菲利波氏症候群, 圣菲利波氏病",,,,,0,0,,,
Sanfins do Douro,,,[地名] 杜罗河畔桑芬什 ( 葡 ),,,,,0,0,,,
sanfoin,,,[网络] sainfoin,,,,,0,0,s:sanfoins,,
sanfoins,,,[网络] sainfoin\n(sanfoin 的复数),,,,,0,0,0:sanfoin/1:s,,
sanford,'sænfәd,,n. 桑福德（男子名）,,,,,40222,0,s:sanfords,,
sanford b dole,,,[网络] 桑福德·多尔,,,,,0,0,,,
sanford mt.,,,桑福山,,,,,0,0,,,
Sanford R.,,,[地名] 桑福德河 ( 澳 ),,,,,0,0,,,
Sanford's test,,,[医] 桑福德氏试验(检溶血),,,,,0,0,,,
"sanford, mount",,, [地名] [美国] 桑福德火山,,,,,0,0,,,
Sanford-Day car,,,桑福特-迪型底卸式矿车;底卸式矿车,,,,,0,0,,,
sanfordization,,,[化] 防缩,,,,,0,0,,,
sanfordizing,,,[医] 防缩处置,,,,,0,0,,,
sanfords,'sænfəd,,n. 桑福德（男子名）,,,,,0,0,0:sanford/1:s,,
sanforise,'sænfəraiz,,vt. [英国英语] = sanforize,,,,,0,0,,,
Sanforised,'sænfəraiz,,sanforise\n['sænfəraiz]\nvt.\n[英国英语] = sanforize,,,,,0,0,,,
sanforization,,"sanforization (uncountable)\nA process for treating fabrics and textiles, used to stretch, shrink and fix the woven cloth in length and width before cutting and producing, to reduce the shrinkage which would otherwise occur after washing.\n",,,,,,0,0,,,
Sanforize,'sænfәraiz,,"vt.[纺]将(棉织物等)作桑福整理,将…预缩",,,,,0,0,,,
sanforize corrugation,,,预缩绉纹隐痕(织疵),,,,,0,0,,,
sanforize roughness,,,预缩粗糙布面,,,,,0,0,,,
sanforized,'sænfәraizd,,"[纺](棉布)经过预缩水处理过的(原为商标名桑福赖, 指经机械方法抽缩使缩水率大为降低的)",,,,,0,0,,,
sanforizer,'sænfәraizә,,预缩整理机,,,,,0,0,,,
sanforizes,'sænfəraɪz,,预收缩,,,,,0,0,,,
sanforizing,'sænfәraiziŋ,,"机械预缩整理(指织物经机械预缩整理, 缩水率在1%以内)",,,,,0,0,,,
sanforizing agent,,,[化] 防缩剂,,,,,0,0,,,
sanforizing machine,ˈsænfəraiziŋ məˈʃi:n,, 预缩整理机,,,,,0,0,,,
Sanforset,,,桑福瑟特防缩定型加工,,,,,0,0,,,
sanfrancisco,sænfrәnˊsiskou,,n. 旧金山,,,,,0,0,,,
sang,sæŋ,"n North American woodland herb similar to and used as substitute for the Chinese ginseng\nv deliver by singing\nv produce tones with the voice\nv to make melodious sounds\nv make a whining, ringing, or whistling sound\nv divulge confidential information or secrets",sing的过去式,,,,,0,0,0:sing/1:p/s:sangs,,
sang along,'sɪŋəlɔŋ,,n. 歌咏会；歌唱聚会,,,,,0,0,,,
sang bast,,,桑巴斯特,,,,,0,0,,,
sang by ear,,,v. 凭记忆演奏(即席演奏),,,,,0,0,,,
sang de boeuf,,,[网络] 宝石红,,,,,0,0,,,
sang froid,.sɒŋ 'frwɑː,,n. 〈外〉冷静\n[网络] 冷血,,,,,0,0,,,
sang lin,,,桑林,,,,,0,0,,,
sang out,,,na. 大声说,,,,,0,0,,,
sang report,,,缺失报告,,,,,0,0,,,
sang royal,,,[网络] 红色皇族,,,,,0,0,,,
sang the praises of,,,盛赞\n颂扬\n讴歌\n歌颂,,,,,0,0,,,
sang up,,,na. 高声唱；使劲地唱,,,,,0,0,,,
sang-,sæŋ,,v. 唱，唱歌（sing的过去式）\nn. (Sang)人名；(东南亚国家华语)生；(瑞典、老、柬、泰)桑；(中)生(广东话·威妥玛),,,,,0,0,,,
Sang-e Safīd,,,[地名] 桑格萨菲德 ( 伊朗 ),,,,,0,0,,,
Sang-e Sūrākh,,,[地名] 桑格苏拉赫 ( 伊朗 ),,,,,0,0,,,
Sang-e Zard,,,[地名] 桑格扎尔德 ( 阿富 ),,,,,0,0,,,
sang-froid,'sa:ŋfrwa,,n. （在危险或困难面前）沉着，临危不乱,,,,,0,0,s:sang-froids,,
sang-froids,sɔŋ'frwɑ:,,n. 冷静；沉着,,,,,0,0,0:sang-froid/1:s,,
sanga,'sæŋ^ә,n. Alt. of Sangu,[非]桑格牛,,,,,0,0,s:sangas,,
Sanga Sanga I.,,,[地名] 桑阿桑阿岛 ( 菲 ),,,,,0,0,,,
"Sanga, R.",,,[地名] 桑加河 ( 莫 ),,,,,0,0,,,
sanga-sanga,,, 蓖麻木,,,,,0,0,,,
Sangai,,,[地名] 桑加伊 ( 乌干 ),,,,,0,0,,,
sangai bushi (japan),,,三阶节(日本),,,,,0,0,,,
sangak,,,[网络] 桑嘎克,,,,,0,0,,,
Sangaku-Mamushi,,,黑眉蝮蛇,,,,,0,0,,,
sangale,,,漂白薄亚麻布(瑞士制),,,,,0,0,,,
Sangalkam,,,[地名] 桑加勒卡姆 ( 塞内 ),,,,,0,0,,,
sangallo,,, 人名；(意)圣加洛,,,,,0,0,,,
Sangallo Family,,,桑迦洛家族,,,,,0,0,,,
"Sangallo, Antonio Picconi Da",'sɑ:ŋ'ɡɑ:ləu,,桑迦洛(1484?～1546，意大利建筑师、工程师),,,,,0,0,,,
"Sangallo, Giuliano da",,,桑迦洛(1445～1516，意大利建筑师、雕刻家和建筑工程师),,,,,0,0,,,
sangam,,, [地名] [印度] 森格姆; [电影]合流,,,,,0,0,,,
Sangam-dong,,,上岩洞,,,,,0,0,,,
Sangamansoesa,,,[地名] 桑哈曼苏萨 ( 苏里 ),,,,,0,0,,,
Sangameshwar,,,[地名] 森格默什沃尔 ( 印 ),,,,,0,0,,,
Sangamner,,,[地名] 森格姆内尔 ( 印 ),,,,,0,0,,,
sangamo,,,[网络] 圣加蒙；桑加莫；生物技术公司,,,,,0,0,,,
Sangamon,,,散加蒙间冰期,,,,,0,0,,,
Sangamon County,,,[地名] 桑加蒙县 ( 美 ),,,,,0,0,,,
sangamon interglacial period,,,山加蒙间冰期(十五万年前),,,,,0,0,,,
Sangamon Interglacial Stage,,,[网络] 桑洛蒙冰间期；桑加蒙间冰期,,,,,0,0,,,
Sangamon R.,,,[地名] 桑加蒙河 ( 美 ),,,,,0,0,,,
Sangamon River,,,[网络] 桑加蒙河,,,,,0,0,,,
Sangamonian,,,[网络] 桑加蒙间冰期,,,,,0,0,,,
Sangan-jima,,,[地名] 三贯岛 ( 日 ),,,,,0,0,,,
sanganarin,,,美洲血根碱,,,,,0,0,,,
sanganarine,,,美洲血根碱,,,,,0,0,,,
sanganmitra,,,[网络] 桑加米特拉,,,,,0,0,,,
sangar,'sæn^ә,,散兵壕,,,,,0,0,s:sangars,,
Sangara,,,[地名] 桑加拉 ( 巴布 ),,,,,0,0,,,
Sangareddi,,,[网络] 桑格阿雷德德伊；桑加雷迪,,,,,0,0,,,
sangaree,",sæŋ^ә'ri:",n. sweetened red wine and orange or lemon juice with soda water,n. 加糖水和香料的冷饮酒,,,,,0,0,s:sangarees,,
sangarees,,,[网络] 新加瑞类,,,,,0,0,0:sangaree/1:s,,
Sangarh,,,[地名] 森格尔 ( 巴基 ),,,,,0,0,,,
Sangarite,,,混层变黑云母,,,,,0,0,,,
sangars,,plural of sangar,(sangar 的复数) 散兵壕,,,,,0,0,0:sangar/1:s,,
Sangaréa,,,[地名] 桑加雷亚 ( 几 ),,,,,0,0,,,
"Sangaréa, B.de",,,[地名] 桑加雷亚湾 ( 几 ),,,,,0,0,,,
Sangarédi,,,[地名] 桑加雷迪 ( 几 ),,,,,0,0,,,
Sangas,,,[网络] 食茱叟；香肠；食茱萸,,,,,0,0,0:sanga/1:s,,
Sangasanga,,,[地名] 桑阿桑阿 ( 印尼 ),,,,,0,0,,,
Sangasso,,,[地名] 桑加索 ( 马里 ),,,,,0,0,,,
Sangaste,,,[地名] 桑加斯泰 ( 爱沙 ),,,,,0,0,,,
Sangatanga,,,[地名] 桑加坦加 ( 加蓬 ),,,,,0,0,,,
Sangati,'sæŋ^әti,,桑加蒂薄细布,,,,,0,0,,,
sangatte,,, [地名] [法国] 桑加特,,,,,0,0,,,
Sangawa,,,[地名] 寒川 ( 日 ),,,,,0,0,,,
sangay,,, [地名] [菲律宾] 桑盖,,,,,0,0,s:sangays,,
"Sangay, Vol.",,,[地名] 桑盖火山 ( 厄 ),,,,,0,0,,,
sangays,,, [地名] [菲律宾] 桑盖\n(sangay 的复数),,,,,0,0,0:sangay/1:s,,
Sangba,,,[地名] 桑巴 ( 加纳 ),,,,,0,0,,,
Sangboy Is.,,,[地名] 桑博伊群岛 ( 菲 ),,,,,0,0,,,
Sangbé,,,[地名] 桑贝 ( 喀 ),,,,,0,0,,,
Sangch'ang-ri,,,[地名] 上仓里 ( 朝 ),,,,,0,0,,,
Sangchodo,,,[地名] 上鸟岛 ( 韩 ),,,,,0,0,,,
Sangchok,,,奢沖,,,,,0,0,,,
SangCya,,,环孢素口服溶液,,,,,0,0,,,
Sangdol-ri,,,[地名] 上乭里 ( 朝 ),,,,,0,0,,,
Sangdong,,,[地名] 上东 ( 韩 ),,,,,0,0,,,
sange,,,[地名] 桑盖 ( 刚(金) ),,,,,0,0,s:sanges,,
"Sangeang, Pulau",,,[地名] 桑厄昂岛 ( 印尼 ),,,,,0,0,,,
sangeet,,,[网络] 纯洁之爱；森吉特；桑吉特,,,,,0,0,,,
sangeet natak akademi (india),,,山基拿它克学院(印度),,,,,0,0,,,
sangeeta,,,[网络] 桑吉塔；姬塔,,,,,0,0,,,
sangeh,,,[网络] 桑给；桑基；桑吉,,,,,0,0,,,
sangel,,,[网络] 红人归；红人归胶囊；深秋森林,,,,,0,0,,,
sangen,,,[网络] 三正；桑建,,,,,0,0,,,
sangens,,sangens\nplural of sangen\n,,,,,,0,0,,,
Sanger,'sæŋ^ә,n. English biochemist who determined the sequence of amino acids in insulin and who invented a technique to determine the genetic sequence of an organism (born in 1918)\nn. United States nurse who campaigned for birth control and planned parenthood; she challenged Gregory Pincus to develop a birth control pill (1883-1966),"桑格(①姓氏 ②Frederick, 1918-, 美国生物化学家, 曾获 1958年诺贝尔化学奖)",,,,,48086,0,s:sangers,,
sanger reaction,,,胜格氏反应,,,,,0,0,,,
sanger's method,,,桑格法,,,,,0,0,,,
Sanger's reagent,,,[网络] 桑格试剂,,,,,0,0,,,
"Sanger, Frederick",'sæŋə,,桑格(1918～ ，英国生物化学家；获1958年诺贝尔化学奖),,,,,0,0,,,
"Sanger, Margaret",,,山额夫人,,,,,0,0,,,
"Sanger, Margaret Higgins",,,桑格夫人(1883～1966，美国护士，节制生育运动的倡导者和领袖),,,,,0,0,,,
Sanger-Brown ataxia,,,脊髓小脑性共济失调,,,,,0,0,,,
Sanger-Brown's ataxia,,,"[医] 散-布二氏共济失调, 脊髓小脑性共济失调",,,,,0,0,,,
Sanger-Coulson method,,,桑格-库森法,,,,,0,0,,,
Sanger-Couson method,,,[遗] 桑格－库森法,,,,,0,0,,,
SangerCouson method,,,桑格-库森法,,,,,0,0,,,
Sangerfield,,,[地名] 桑格菲尔德 ( 美 ),,,,,0,0,,,
Sangerhausen,,,[地名] 桑格豪森 ( 德 ),,,,,0,0,,,
Sangerism,,,桑格主义,,,,,0,0,,,
Sangers,,plural of Sanger\nn. English biochemist who determined the sequence of amino acids in insulin and who invented a technique to determine the genetic sequence of an organism (born in 1918)\nn. United States nurse who campaigned for birth control and planned parenthood; she challenged Gregory Pincus to develop a birth control pill (1883-1966),"(Sanger 的复数) 桑格(①姓氏 ②Frederick, 1918-, 美国生物化学家, 曾获 1958年诺贝尔化学奖)",,,,,0,0,0:sanger/1:s,,
sanges,,,[网络] 橘子,,,,,0,0,0:sange/1:s,,
sangfroid,sɒŋ'frwɑ:,,"n. 冷静, 泰然, 沉着",,,,gre,0,0,,,
sangfroids,sɑŋ'frwɑ,,n. 沉着；冷静,,,,,0,0,,,
Sanggamnyǒng,,,[地名] 上甘岭 ( 朝 ),,,,,0,0,,,
Sanggan River,,,桑干河,,,,,0,0,,,
Sanggar,,,[地名] 桑加尔 ( 印尼 ),,,,,0,0,,,
"Sanggar, Tk.",,,[地名] 桑加尔湾 ( 印尼 ),,,,,0,0,,,
Sanggau,,,[地名] 桑高 ( 印尼 ),,,,,0,0,,,
sangge,,,[网络] 桑额,,,,,0,0,,,
Sanggeluhang,,,[地名] 桑盖卢杭 ( 印尼 ),,,,,0,0,,,
sanggenon,,,桑根酮,,,,,0,0,,,
Sanggye,,,[地名] 上溪 ( 韩 ),,,,,0,0,,,
Sangh,sʌŋ^,,"n. (印度的)协会,联合会(尤指政治或劳工组织)",,,,,0,0,s:sanghs,,
sangha,'sʌŋgə,,n. 僧伽；（刚果）桑加地区；僧宝,,,,,0,0,s:sanghas,,
Sangha River,,,[网络] 桑加河,,,,,0,0,,,
Sangha(Sanga),,,[地名] 桑加河 ( 中非·刚(布)·喀 ),,,,,0,0,,,
"Sangha, Rég.de la",,,[地名] 桑加区 ( 刚(布) ),,,,,0,0,,,
"Sangha-Mbaéré, Préfect.",,,[地名] 桑加-姆巴埃雷省 ( 中非 ),,,,,0,0,,,
sanghas,,,[网络] 桑加斯,,,,,0,0,0:sangha/1:s,,
sangheli,,,[网络] 在这时候遭遇了名为萨哈里,,,,,0,0,,,
Sangho,,,[网络] 桑够；韩国,,,,,0,0,,,
sanghs,sʌŋɡ,,n. 协会；联合会（印度的，尤指政治或劳工组织）,,,,,0,0,0:sangh/1:s,,
sanghyang,,,[网络] 山海扬；桑扬舞；迷咒舞桑扬,,,,,0,0,,,
sanghyang jaran (indonesia),,,桑扬札朗；附身马腾舞(印尼),,,,,0,0,,,
sangi,,,[网络] 桑义；桑吉缎；三基,,,,,0,0,s:sangis,,
Sangi-ri,,,[地名] 上二里 ( 朝 ),,,,,0,0,,,
sangiaco,,,[网络] sangiacomo,,,,,0,0,,,
Sangiaothyris,,,三桥贝属〔腕足类，T2〕,,,,,0,0,,,
sangig (philippines),,,桑吉格舞(菲律宾),,,,,0,0,,,
sangihe islands,,,[网络] 桑义赫群岛,,,,,0,0,,,
"Sangihe, Kep.",,,[地名] 桑义赫群岛 ( 印尼 ),,,,,0,0,,,
"Sangihe, Pulau",,,[地名] 桑义赫岛 ( 印尼 ),,,,,0,0,,,
Sangil'ka,,,[地名] 桑吉利卡河 ( 俄 ),,,,,0,0,,,
Sangil-li,,,上一里,,,,,0,0,,,
sangin,,,[网络] 桑金；赫尔曼德省桑金；阿富汗赫尔曼德省桑金,,,,,0,0,,,
sangiorgio,,,[网络] 圣乔尔乔；圣乔治奥；桑乔奇奥,,,,,0,0,,,
sangiovanni,,,[网络] 圣吉阿梵尼；圣乔凡尼教堂；圣桥万尼地区,,,,,0,0,,,
sangiovese,,,n. 【食】桑娇维赛；桑乔维斯；也指用这种葡萄酿的红葡萄酒\n[网络] 桑娇维塞；桑吉奥维斯；圣乔维斯,,,,,0,0,,,
Sangir,,,[地名] 桑吉尔 ( 印 ),,,,,0,0,,,
sangiramycine,,,"桑霉素,桑吉瓦霉素",,,,,0,0,,,
sangis,,,[网络] 桑义；桑吉缎；三基\n(sangi 的复数),,,,,0,0,0:sangi/1:s,,
sangita,,,[网络] 爱好音乐的；山吉他；珊吉塔,,,,,0,0,,,
sangita (india),,,礼拜仪式(印度),,,,,0,0,,,
sangivamycin,,,n. 桑吉瓦霉素\n[网络] 桑霉素；和桑霉素,,,,,0,0,,,
sangivamycine,",sændʒivә'maisin",,桑吉瓦霉素,,,,,0,0,,,
Sangiyn Dalay Hiid,,,[地名] 桑根达赖黑德 ( 蒙 ),,,,,0,0,,,
Sangiyn Dalay Nuur,,,[地名] 桑根达赖湖 ( 蒙 ),,,,,0,0,,,
Sangiyn Dalayn Hüryee,,,[地名] 桑根达赖音呼雷 ( 蒙 ),,,,,0,0,,,
Sangjo-do,,,上鸟岛,,,,,0,0,,,
Sangjogam,,,[地名] 床足岩 ( 韩 ),,,,,0,0,,,
Sangjong,,,上鼎,,,,,0,0,,,
Sangju,,,[地名] 尚州 ( 韩 ),,,,,0,0,,,
sangju drink,,,桑菊饮,,,,,0,0,,,
Sangjwa-ri,,,[地名] 上左里 ( 朝 ),,,,,0,0,,,
Sangkan gneiss,,,(太古界)桑干片麻岩,,,,,0,0,,,
Sangkapura,,,[地名] 桑卡普拉 ( 印尼 ),,,,,0,0,,,
"Sangkarang, Kep.",,,[地名] 桑卡朗群岛 ( 印尼 ),,,,,0,0,,,
Sangker,,,[地名] 桑岐 ( 柬 ),,,,,0,0,,,
"Sangker, Stung",,,[地名] 桑岐河 ( 柬 ),,,,,0,0,,,
Sangkha,,,[地名] 桑卡 ( 泰 ),,,,,0,0,,,
Sangkhla Buri,,,[地名] 桑卡拉武里 ( 泰 ),,,,,0,0,,,
Sangkulirang,,,[地名] 桑库利朗 ( 印尼 ),,,,,0,0,,,
"Sangkulirang, Tk.",,,[地名] 桑库利朗湾 ( 印尼 ),,,,,0,0,,,
sangl,,,[网络] 唱歌,,,,,0,0,,,
sangla hill,,,桑格拉希尔,,,,,0,0,,,
sanglant,,,[网络] 。,,,,,0,0,,,
sangle,,,[网络] 吊带,,,,,0,0,,,
Sangli,,,[网络] 桑格利；桑伽利市；生利,,,,,0,0,,,
sanglier,,,[网络] 野猪肉；桑格利尔平纹粗呢,,,,,0,0,,,
sangliers,'sæŋɡli:ə,,sanglier\n['sæŋɡli:ə]\nn.\n(马海毛等的)细密织物，马海毛呢,,,,,0,0,,,
sangma,,,[网络] 圣麻,,,,,0,0,s:sangmas,,
Sangmangodo,,,[地名] 上芒鱼岛 ( 朝 ),,,,,0,0,,,
sangmas,,,[网络] 圣麻\n(sangma 的复数),,,,,0,0,0:sangma/1:s,,
Sangmélima,,,[地名] 桑梅利马 ( 喀 ),,,,,0,0,,,
Sangnagwoldo,,,[地名] 上落月岛 ( 韩 ),,,,,0,0,,,
Sangnam,,,[地名] 上南 ( 韩 ),,,,,0,0,,,
Sangnam-ri,,,[地名] 上南里 ( 朝 ),,,,,0,0,,,
Sangnamsa,,,上南社,,,,,0,0,,,
Sangnong,,,[地名] 上农 ( 朝 ),,,,,0,0,,,
Sango,'sɑ:ŋ^әj,n a trade language widely used in Chad,n. 桑戈语(乍得、中非共和国、刚果等地使用的语言),,,,,0,0,s:sangoes,,
Sango B.,,,[地名] 桑戈湾 ( 乌干 ),,,,,0,0,,,
Sangoan,,,[网络] 桑戈,,,,,0,0,,,
Sangoan industry,,,[网络] 山果文化期工艺,,,,,0,0,,,
Sangod,,,[地名] 森戈德 ( 印 ),,,,,0,0,,,
sangoes,'sɑ:ŋɡəu,,n. 桑戈语（乍得、中非共和国、刚果等地使用的语言）,,,,,0,0,0:sango/1:s,,
Sangoia,,,[地名] 桑戈亚 ( 安哥 ),,,,,0,0,,,
Sangola,,,[地名] 桑戈拉 ( 塞内 ),,,,,0,0,,,
sangoline,'sæŋ^әli:n,,散高灵(一种生物碱),,,,,0,0,,,
sangoma,,n. a traditional Zulu healer and respected elder, 巫师,,,,,0,0,s:sangomas,,
sangomas,sæn'ɡʊəmə,,n. 巫师\n[网络] 非洲巫医；家桑格玛斯,,,,,0,0,0:sangoma/1:s,,
Sangomé,,,[地名] 桑戈梅 ( 塞内 ),,,,,0,0,,,
"Sangone, B.de",,,[地名] 桑戈内湾 ( 莫 ),,,,,0,0,,,
"Sangonera, R.",,,[地名] 桑戈内拉河 ( 西 ),,,,,0,0,,,
Sangonpo-ri,,,上温堡里,,,,,0,0,,,
sangorski,,,[网络] 书籍装帧名匠桑哥斯基,,,,,0,0,,,
sangos,,,[网络] 桑戈斯,,,,,0,0,,,
Sangouiné,,,[地名] 桑圭内 ( 科特 ),,,,,0,0,,,
Sangowo,,,[地名] 桑奥沃 ( 印尼 ),,,,,0,0,,,
Sangoya,,,[地名] 桑戈亚 ( 几 ),,,,,0,0,,,
Sangpala,,,[地名] 桑帕拉 ( 加纳 ),,,,,0,0,,,
sangpaltonite,sæŋ'pɔ:ltənaɪt,, 上八洞石,,,,,0,0,,,
sangpiaoxiao powder,,,桑螵蛸散,,,,,0,0,,,
Sangpyong,,,上坪,,,,,0,0,,,
"Sangra, Sa.de",,,[地名] 桑格拉山 ( 阿根·智 ),,,,,0,0,,,
sangraal,,n. (legend) chalice used by Christ at the Last Supper,n. 圣杯,,,,,0,0,s:sangraals,,
"Sangraal, Sangreal, Sangrail",sæŋ'ɡreil,,n. = Holy Grail,,,,,0,0,,,
sangraals,,,n. 圣杯\n(sangraal 的复数),,,,,0,0,0:sangraal/1:s,,
Sangrado,,,[网络] 拉多,,,,,0,0,s:sangradoes,,
sangradoes,,,[网络] 拉多\n(sangrado 的复数),,,,,0,0,0:sangrado/1:s,,
sangrador,,,[网络] 圣克拉克,,,,,0,0,,,
sangrail,,,n. 【宗】圣杯,,,,,0,0,,,
sangre,,,[网络] 血液,,,,,0,0,,,
sangre azul,,,[网络] 旗开得胜；蓝血人,,,,,0,0,,,
Sangre de Cristo,'sɑ:ŋɡri də 'kristəu,,桑格里德克里斯托山脉(美国落基山脉的支脉),,,,,0,0,,,
sangre de cristo mountains,,,"桑克累得克利斯托山(美国落基山脉的一个支脉,在科罗拉多州及新墨西哥州境内,最高峰为Blanca Peak)",,,,,0,0,,,
sangre de cristo mts.,,,桑格雷克里斯托山脉,,,,,0,0,,,
Sangre de Cristo Range,,,[地名] 桑格雷-德克里斯托岭 ( 美 ),,,,,0,0,,,
Sangre Grande,,,[地名] 大桑格雷 ( 特立 ),,,,,0,0,,,
sangreal,'sæŋgriəl,"n. See Holy Grail, under Grail.",n. 圣杯（耶稣最后一次晚餐所用的杯）,,,,,0,0,,,
sangree,,,[网络] 圣杯,,,,,0,0,,,
sangren,,, [人名] 桑格伦,,,,,0,0,,,
sangria,sæŋ'^ri:ә,n sweetened red wine and orange or lemon juice with soda water,n. (Sp.) 桑格利亚汽酒,n:100,,,,41105,30843,s:sangrias,,
sangrias,,,[网络] 桑格丽亚鸡尾酒,,,,,0,0,0:sangria/1:s,,
sangris,,,[网络] 西班牙果酒,,,,,0,0,,,
sangrita,,,[网络] 桑格里塔；桑格丽塔,,,,,0,0,,,
"Sangro, Fiume",,,[地名] 桑格罗河 ( 意 ),,,,,0,0,,,
"Sangro, L.di",,,[地名] 桑格罗湖 ( 意 ),,,,,0,0,,,
Sangrur,,,[网络] 桑格鲁尔；桑鲁尔；桑鲁尔县,,,,,0,0,,,
Sangrūr,,,[地名] 森格鲁尔 ( 印 ),,,,,0,0,,,
sangs,sæŋ,,v. 唱，唱歌（sing的过去式）\nn. (Sang)人名；(东南亚国家华语)生；(瑞典、老、柬、泰)桑；(中)生(广东话·威妥玛),,,,,0,0,0:sang/1:s,,
Sangsado,,,[地名] 上沙岛 ( 韩 ),,,,,0,0,,,
Sangsan,,,[地名] 上山 ( 朝 ),,,,,0,0,,,
sangsara,,,[网络] 反覆,,,,,0,0,,,
Sangsillae,,,上实乃,,,,,0,0,,,
Sangsol-li,,,上仙里,,,,,0,0,,,
sangstar,,,[网络] 唱歌,,,,,0,0,,,
sangstare,,,[网络] 唱歌,,,,,0,0,,,
sangster,,, [人名] [英格兰人姓氏] 桑斯特 Sanger的变体,,,,,0,0,s:sangsters,,
sangsters,,, [人名] [英格兰人姓氏] 桑斯特 Sanger的变体\n(sangster 的复数),,,,,0,0,0:sangster/1:s,,
sangsue,,,[网络] 唱歌,,,,,0,0,,,
Sangtaedo,,,[地名] 上台岛 ( 韩 ),,,,,0,0,,,
Sangu,,,[网络] 桑谷；酒吧；小学,,,,,0,0,,,
Sangu R.,,,[地名] 松古河 ( 孟 ),,,,,0,0,,,
"Sanguantiari, R.",,,[地名] 桑关蒂亚里河 ( 秘 ),,,,,0,0,,,
Sangudo,,,[地名] 桑古多 ( 加 ),,,,,0,0,,,
sangue royall,,,[网络] sangue罗亚尔,,,,,0,0,,,
"Sangue, R.do",,,[地名] 桑吉河 ( 巴西 ),,,,,0,0,,,
Sanguea(Sanguéya),,,[地名] 桑盖亚 ( 几 ),,,,,0,0,,,
sangui,,,[网络] 血；桑吉；桑吉省,,,,,0,0,,,
sangui-,,,[医] 血,,,,,0,0,,,
sanguicin,,,血链素,,,,,0,0,,,
sanguicolours,sæŋ'ɡwikələs,,adj. 【生物学】(寄生虫等)血寄生的，栖血的,,,,,0,0,,,
sanguicolous,sæŋ'^wikәlәs,,"a. [动](寄生生物等)血寄生的,栖血的",,,,,0,0,,,
sanguie temperament,,,多血质,,,,,0,0,,,
"Sanguie, Prov.",,,[地名] 桑吉省 ( 布基 ),,,,,0,0,,,
sanguifacient,,,[医] 生血的,,,,,0,0,,,
sanguiferous,sæŋ'^wifәrәs,"a. Conveying blood; as, sanguiferous vessels, i. e., the\n   arteries, veins, capillaries.","a. (静脉等)运血的,含血的",,,,,0,0,,,
sanguific,,,[网络] 流血,,,,,0,0,,,
sanguification,.sæŋgwifi'keiʃәn,n the formation of blood cells in the living body (especially in the bone marrow),"n. 血液化, 血液生成\n[医] 血液生成, 血液化",,,,,0,0,s:sanguifications,,
sanguifications,,,[网络] 血统,,,,,0,0,0:sanguification/1:s,,
sanguificative,,,[网络] 有利可图的,,,,,0,0,,,
sanguified,,,[网络] 受苦,,,,,0,0,,,
sanguifies,,,[网络] 流血,,,,,0,0,,,
sanguifluous,,,[网络] 。ous。,,,,,0,0,,,
sanguify,,,[网络] 血统,,,,,0,0,,,
sanguifying,,,[网络] 血统,,,,,0,0,,,
sanguigenous,,,[网络] 土着人,,,,,0,0,,,
sanguiin,,,[网络] 地榆素,,,,,0,0,,,
Sanguijuela,,,[地名] 桑吉胡埃拉 ( 洪、墨 ),,,,,0,0,,,
sanguilutine,sæn'^wilu:ti:n,,血根黄碱,,,,,0,0,,,
sanguimotor,'sæŋ^wimәutә,,a. 血液循环的,,,,,0,0,,,
sanguimotory,,,血液循环的,,,,,0,0,,,
sanguin,,,[网络] 血；多血质的人；桑贵恩,,,,,0,0,s:sanguins,,
sanguinalis,,,[网络] 马唐防效,,,,,0,0,,,
sanguinamide,,,[网络] 血浆胺,,,,,0,0,,,
sanguinamides,,,[网络] 血氨胺,,,,,0,0,,,
sanguinaria,",sæŋ^wi'neәriә",n one species: bloodroot,(=bloodroot)[植]血根草(属),,,,,0,0,s:sanguinarias,,
sanguinaria canadenses,,,[网络] 血根草；白根草；加拿大血根草\n(sanguinaria canadensis 的复数),,,,,0,0,0:sanguinaria canadensis/1:s,,
Sanguinaria canadensis,,,[网络] 血根草；白根草；加拿大血根草,,,,,0,0,s:sanguinaria canadenses,,
sanguinarian,,,[网络] 血统,,,,,0,0,,,
sanguinarians,,,[网络] 血根族,,,,,0,0,,,
sanguinarias,,,[网络] 血统,,,,,0,0,0:sanguinaria/1:s,,
sanguinaries,'sængwɪn(ə)rɪ,,"sanguinary\n['sæ,ɡwinəri]\nadj.\n血腥的；屠戮的，大肆屠杀的\n嗜杀的，嗜血的，残忍的\n用血构成的\n沾满血的，血淋淋的；血迹斑斑的\n[英国英语]粗鲁的；污秽的\n【法律】常处以死刑的\n近义词:\nmurderous\n. cruel\n. savage\n反义词:\nkind",,,,,0,0,0:sanguinary/1:s,,
sanguinarily,'sæŋgwinәrili,adv. In a sanguinary manner.,"adv. 流血地, 嗜杀地, 凶暴地",,,,,0,0,,,
sanguinarin,,,[化] 血根碱,,,,,0,0,,,
sanguinarin(e),,,血根碱,,,,,0,0,,,
sanguinarine,",sæŋ^wi'neәri:n",,血根碱,,,,,0,0,,,
sanguinarine nitrate,,,血根树硷硝酸盐,,,,,0,0,,,
sanguinariness,'sæŋgwinәrinis,n. The quality or state of being sanguinary.,"n. 大流血, 嗜杀, 残忍",,,,,0,0,,,
sanguinarious,,,[网络] 战神,,,,,0,0,,,
sanguinarium,,,[网络] 整型专家,,,,,0,0,,,
sanguinary,'sæŋgwinәri,s accompanied by bloodshed\ns marked by eagerness to resort to violence and bloodshed,"a. 流血的, 血腥的, 嗜血的",j:100,,,,48323,41152,s:sanguinaries,,
sanguinary ant,ˈsæŋgwəˌneri: ænt,, [医]血红蚁,,,,,0,0,s:sanguinary ants,,
sanguinary ants,,, [医]血红蚁\n(sanguinary ant 的复数),,,,,0,0,0:sanguinary ant/1:s,,
sanguinary conflict,ˈsæŋɡwəˌnɛri ˈkɑnˌflɪkt,, 流血冲突,,,,,0,0,,,
sanguinary rule,,,[网络] 腥风血雨,,,,,0,0,,,
sanguination,,,[网络] 受苦,,,,,0,0,,,
sanguine,'sæŋgwin,n. a blood-red color\ns. confidently optimistic and cheerful,"a. 血红色的, 满怀希望的, 乐观的\nn. 血红色, 红粉笔\nvt. 用血沾污, 血染",j:100,1,,gre,18867,16915,s:sanguines,,
sanguine temperament,,,多血质,,,,,0,0,,,
sanguinea,,,[网络] 血红；血红裸藻；溪荪,,,,,0,0,,,
sanguinean,,,[网络] 血腥的,,,,,0,0,,,
sanguineane,,,[网络] 血糖,,,,,0,0,,,
sanguined,,,[网络] 。。。,,,,,0,0,,,
sanguineless,,,[网络] 无血性,,,,,0,0,,,
sanguinely,,adv. In a sanguine manner., 充满希望地; 乐观地,,,,,0,0,,,
sanguineness,,n. The quality of being sanguine.,n. 红润,,,,,0,0,s:sanguinenesses,,
sanguinenesses,,,n. 红润,,,,,0,0,0:sanguineness/1:s,,
sanguineo-,,,[网络] 血型,,,,,0,0,,,
sanguineons exudate,,,[医] 血性渗出物,,,,,0,0,,,
sanguineous,sæŋ'gwiniәs,s accompanied by bloodshed,"a. 血的, 血红色的, 多血质的\n[医] 多血的, 血[液]的",,,,,0,0,,,
sanguineous apoplexy,,,[医] 脑出血性卒中,,,,,0,0,,,
sanguineous ascites,,,[医] 血性腹水,,,,,0,0,,,
sanguineous cast,,,[医] 血液管型,,,,,0,0,,,
sanguineous cataract,,,[医] 血性内障,,,,,0,0,,,
sanguineous cyst,,,[医] 血囊肿,,,,,0,0,,,
sanguineous infiltration,,,[医] 血[液]浸润,,,,,0,0,,,
sanguineous temperament,,,[医] 多血质,,,,,0,0,,,
sanguiner,'sæŋgwɪn,,adj. (脸色等)红润的，气色好的，有血色的；【古生理学】多血质的\nn. ☉血红色；【纹章学】紫红色\nvt. [诗歌用语]把…染红，血染成：,,,,,0,0,,,
sanguines,'sæŋɡwɪn,,adj. 血红色的；(脸色等)有血色的；多血质的；乐观的\nn. 血红色；抱乐观；(用氧化铁染色的)红粉笔；红粉笔画\n[网络] 红润的；乐天的,,,,,0,0,0:sanguine/1:s,,
sanguinest,'sæŋgwɪn,,adj. (脸色等)红润的，气色好的，有血色的；【古生理学】多血质的\nn. ☉血红色；【纹章学】紫红色\nvt. [诗歌用语]把…染红，血染成：,,,,,0,0,,,
Sanguinet,,,[地名] 桑吉内 ( 法 ),,,,,0,0,,,
sanguinetti,,,[网络] 桑圭奈蒂；桑奎内帝；桑吉内帝,,,,,0,0,s:sanguinettis,,
sanguinettis,,,[网络] 桑圭奈蒂；桑奎内帝；桑吉内帝\n(sanguinetti 的复数),,,,,0,0,0:sanguinetti/1:s,,
Sanguinetto,,,[地名] 桑圭内托 ( 意 ),,,,,0,0,,,
sanguineum,,,[网络] 血红链担耳；血红杜鹃,,,,,0,0,,,
sanguineus,'sæŋɡwɪnjuːs,,血红的,,,,,0,0,,,
sanguini-,'sæŋɡwini-,,comb.form [用于辅音字母前] = sanguino-,,,,,0,0,,,
sanguinian,'sæŋ^winiәn,,有热情气质的人,,,,,0,0,,,
sanguinic,,,[网络] 多血质,,,,,0,0,,,
Sanguinicola,,,血居吸虫属,,,,,0,0,,,
sanguinicolosis,,,血居吸虫病,,,,,0,0,,,
sanguinicolous,,,[网络] 血腥的,,,,,0,0,,,
sanguiniferous,,,[网络] 血腥的,,,,,0,0,,,
sanguinification,,,[网络] 血统化,,,,,0,0,,,
sanguinin,'sæŋ^winin,,n. 血素,,,,,0,0,,,
sanguining,,,[网络] 活泼,,,,,0,0,,,
sanguinis,,,[网络] 血统,,,,,0,0,s:sanguiniss,,
sanguinism,,,[网络] 血统主义,,,,,0,0,,,
sanguiniss,,,[网络] 血统\n(sanguinis 的复数),,,,,0,0,0:sanguinis/1:s,,
sanguinist,,,[网络] 血统主义者,,,,,0,0,,,
sanguinite,"'sæŋ^wi,nait",,淡红银矿,,,,,0,0,,,
sanguinities,,,[网络] 血汗,,,,,0,0,0:sanguinity/1:s,,
sanguinity,sæŋ'^winiti,n feeling sanguine; optimistically cheerful and confident,"n. 血色, 气色好",,,,,0,0,s:sanguinities,,
sanguinivorous,sæŋ^wi'nivәrәs,a. Subsisting on blood.,"a. [动]食血的,吸血的",,,,,0,0,,,
sanguino-,'sæŋɡwinəu-,, 表示“血”：sanguinolency,,,,,0,0,,,
sanguinolaria atrata,,,黑环西施舌,,,,,0,0,,,
sanguinolaria chinensis,,,中华西施舌,,,,,0,0,,,
sanguinolaria diphos,,,西施舌,,,,,0,0,,,
sanguinolence,,,[网络] 血汗,,,,,0,0,,,
sanguinolency,,"n. The state of being sanguinolent, or bloody.",n. sanguinolent的变形,,,,,0,0,,,
sanguinolent,sæŋ'gwinәlәnt,"a. Tinged or mingled with blood; bloody; as,\n   sanguinolent sputa.","a. 血的, 血染的\n[医] 血色的",,,,,0,0,,,
sanguinolentis fetus,,,"[医] 浸软死胎, 血样胎",,,,,0,0,,,
sanguinopoietic,,,"[医] 生血的, 造血的",,,,,0,0,,,
sanguinopurulent,sæŋ'^winә'pjuәrәlәnt,,a. 含脓血的,,,,,0,0,,,
sanguinorous,",sæ,ɡwi'nivərəs",,adj. 【动物学】(如蝙蝠、昆虫)吸血的，食血的,,,,,0,0,,,
sanguinous,,,"[医] 多血的, 血[液]的",,,,,0,0,,,
sanguinous leukorrhea,,,血性白带,,,,,0,0,,,
sanguinous lochia,,,血性恶露,,,,,0,0,,,
sanguinous pneumatosis,,,血中含气,,,,,0,0,,,
sanguinovorous,,,"[医] 食血的, 吸血的(昆虫)",,,,,0,0,,,
sanguins,,,[网络] 血；多血质的人；桑贵恩\n(sanguin 的复数),,,,,0,0,0:sanguin/1:s,,
Sanguire,,,赤铁矿,,,,,0,0,,,
sanguirenal,,,[医] 血[与]肾的,,,,,0,0,,,
sanguirubine,",sæŋ^wi'rubi:n",,血根红碱,,,,,0,0,,,
sanguis,'sæŋ^wis,,血液,,,,,0,0,,,
Sanguis Draconis,,,<拉>血竭,,,,,0,0,,,
sanguis-crassitudo-turgor-musculus,,,血脂水肌,,,,,0,0,,,
sanguisorb,,,[网络] sanguisorba,,,,,0,0,,,
sanguisorba,,,地榆,,,,,0,0,,,
Sanguisorba alpina,,,n. 高山地榆,,,,,0,0,,,
Sanguisorba applanata,,,n. 宽蕊地榆,,,,,0,0,,,
Sanguisorba diandra,,,n. 疏花地榆,,,,,0,0,,,
Sanguisorba dissita,,,[网络] 疏花地榆,,,,,0,0,,,
Sanguisorba filiformis,,,n. 矮地榆,,,,,0,0,,,
Sanguisorba officinalis,,,n. 地榆,,,,,0,0,,,
sanguisorba officinalis longifolia,,,台湾地榆,,,,,0,0,,,
Sanguisorba parviflora,,,[网络] 小白花地榆；地榆属,,,,,0,0,,,
Sanguisorba sitchensis,,,n. 大白花地榆,,,,,0,0,,,
Sanguisorba stipulata,,,[网络] 大白花地榆；地榆属,,,,,0,0,,,
Sanguisorba tenuifolia,,,n. 细叶地榆,,,,,0,0,,,
sanguisorbic acid,,,[网络] sanguisorba酸,,,,,0,0,,,
sanguisorbigenin,,,"地榆皂甙元,地榆配质",,,,,0,0,,,
sanguisorbin,,,"地榆皂甙,地榆英",,,,,0,0,,,
sanguisuction,,,[医] 吸血法,,,,,0,0,,,
Sanguisuga,,,[医] 水蛭属,,,,,0,0,,,
Sanguisuga medicinalis,,,[医] 医用水蛭,,,,,0,0,,,
Sanguisuga officinalis,,,[医] 药用水蛭,,,,,0,0,,,
sanguisuge,'sæŋ^wisudʒ,"n. A bloodsucker, or leech.",水蛭,,,,,0,0,,,
sanguisuges,,,[网络] sanguisuga,,,,,0,0,,,
sanguisugous,,,[网络] sanguisuga,,,,,0,0,,,
sanguiterous,sæŋ'^witәrәs,,[动]携带血的,,,,,0,0,,,
sanguivorous,sæŋ'^wivәrәs,a. Subsisting upon blood; -- said of certain\n   blood-sucking bats and other animals. See Vampire.,"a. [动]食血的,吸血的",,,,,0,0,,,
"Sangutane, R.",,,[地名] 桑古塔内河 ( 莫 ),,,,,0,0,,,
sangviritrin,,,"血根绿碱,血根绿春",,,,,0,0,,,
Sangwe,,,[地名] 桑圭 ( 津 ),,,,,0,0,,,
sangwin (sehnkwehn),,,桑文(森昆),,,,,0,0,,,
Sangwon,,,上元,,,,,0,0,,,
Sangwǒn,,,[地名] 祥原 ( 朝 ),,,,,0,0,,,
Sangwǒn-gun,,,[地名] 祥原郡 ( 朝 ),,,,,0,0,,,
Sangwǒn-ri,,,[地名] 上院里 ( 朝 ),,,,,0,0,,,
sangxing decoction,,,桑杏汤,,,,,0,0,,,
Sangyaung,,,[地名] 珊庄 ( 缅 ),,,,,0,0,,,
Sangymgort,,,[地名] 桑格姆戈尔特 ( 俄 ),,,,,0,0,,,
Sangyong,,,上龙,,,,,0,0,,,
Sangyyakhtakh,,,[地名] 桑格亚赫塔赫河 ( 俄 ),,,,,0,0,,,
Sangüesa,,,[地名] 桑圭萨 ( 西 ),,,,,0,0,,,
Sangān,,,[地名] 桑甘 ( 阿富、伊朗 ),,,,,0,0,,,
"Sangān, Kūh-e",,,[地名] 桑甘山 ( 阿富 ),,,,,0,0,,,
Sangāreddi,,,[地名] 森加雷迪 ( 印 ),,,,,0,0,,,
Sangīn,,,[地名] 桑金 ( 阿富 ),,,,,0,0,,,
Sangǔm-ri,,,[地名] 桑阴里 ( 朝 ),,,,,0,0,,,
sanh,,,[网络] 山,,,,,0,0,,,
sanha,,,n. (Sanha)人名；(葡)萨尼亚,,,,,0,0,,,
Sanhala,,,[地名] 桑哈拉 ( 科特 ),,,,,0,0,,,
Sanhe,,,三河（中国地名） ,,,,,0,0,,,
Sanhedrim,'sænidrim,"n. the great council of the Jews, which consisted of\n   seventy members, to whom the high priest was added. It had jurisdiction\n   of religious matters.","(古犹太国的)最高法院兼参议会(由71人组成, 兼管宗教事务)",,,,,0,0,,,
Sanhedrin,'sænidrin,n the supreme judicial and ecclesiastical council of ancient Jerusalem,n. 古犹太最高评议会兼最高法院,,,,,0,0,s:sanhedrins,,
sanhedrinist,,,[网络] 洗手间,,,,,0,0,,,
Sanhedrins,,,n. 最高法院；会议\n[网络] 公会；犹太教最高评议会；犹太公会,,,,,0,0,0:sanhedrin/1:s,,
sanhedrist,,,[网络] 圣经教士,,,,,0,0,,,
Sanhedrists,,,[网络] 圣人,,,,,0,0,,,
sanhesu,,,三合素,,,,,0,0,,,
Sanhiwal,,,[网络] 三义,,,,,0,0,,,
sanhotoxin,,,山椒毒素,,,,,0,0,,,
sanhsia group,,,三崃群,,,,,0,0,,,
sanhuang plaster,,,三黄膏,,,,,0,0,,,
sanhuang tablets,,,三黄片,,,,,0,0,,,
Sanhūr,,,[地名] 桑胡尔 ( 埃 ),,,,,0,0,,,
sani,'sɑ:ni:,, [医][=sanitarium]疗养院，休养地,,,,,0,0,s:sani,,
Sani-Pak,,,洁净调剂箱,,,,,0,0,,,
sania,,,[网络] 萨尼亚；瞿凌君；德丽珑,,,,,0,0,,,
Sania Ramel Airport,,,[地名] 萨尼耶拉迈勒机场 ( 摩洛 ),,,,,0,0,,,
saniaster,,,板星骨针,,,,,0,0,,,
sanibel,,, [地名] [美国] 萨尼伯尔,,,,,0,0,,,
Sanibel I.,,,[地名] 萨尼伯尔岛 ( 美 ),,,,,0,0,,,
sanibel island,,,[网络] 萨尼贝尔岛；珊尼贝尔；桑尼伯岛,,,,,0,0,,,
Sanibin,,,[网络] 桑比宾,,,,,0,0,,,
Sanibor,,Sanibor\nA male given name\n,,,,,,0,0,,,
Sanice,,,[地名] 萨尼采 ( 波 ),,,,,0,0,,,
sanicle,'sænikl,n. a plant of the genus Sanicula having palmately compound leaves and unisexual flowers in panicled umbels followed by bristly fruit; reputed to have healing powers,n. 变豆菜,,,,,0,0,s:sanicles,,
sanicles,,,n. 【植】变豆菜\n[网络] 伞状变形菜,,,,,0,0,0:sanicle/1:s,,
Sanicula,,,[网络] 变豆菜属；山芹菜属；山芹属,,,,,0,0,s:saniculas,,
Sanicula astrantiifolia,,,n. 川滇变豆菜,,,,,0,0,,,
Sanicula caerulescens,,,[网络] 天蓝变豆菜,,,,,0,0,,,
Sanicula chinensis,,,n. 变豆菜,,,,,0,0,,,
Sanicula elata,,,n. 软雀花,,,,,0,0,,,
Sanicula elongata,,,n. 长序变豆菜,,,,,0,0,,,
Sanicula Europaea,,,[网络] 欧洲变豆菜,,,,,0,0,s:sanicula europaeas,,
sanicula europaeas,,,[网络] 欧洲变豆菜\n(sanicula europaea 的复数),,,,,0,0,0:sanicula europaea/1:s,,
Sanicula giraldii,,,n. 首阳变豆菜,,,,,0,0,,,
Sanicula hacquetioides,,,n. 鳞果变豆菜,,,,,0,0,,,
Sanicula lamelligera,,,n. 薄片变豆菜,,,,,0,0,,,
Sanicula orthacantha,,,n. 直刺变豆菜,,,,,0,0,,,
Sanicula petagnioides,,,n. 台湾变豆菜,,,,,0,0,,,
Sanicula rubriflora,,,n. 红花变豆菜,,,,,0,0,,,
Sanicula rugulosa,,,n. 皱叶变豆菜,,,,,0,0,,,
Sanicula serrata,,,n. 锯叶变豆菜,,,,,0,0,,,
Sanicula tienmuensis,,,n. 天目变豆菜,,,,,0,0,,,
Sanicula tuberculata,,,n. 瘤果变豆菜,,,,,0,0,,,
saniculas,,,[网络] 变豆菜属；山芹菜属；山芹属\n(sanicula 的复数),,,,,0,0,0:sanicula/1:s,,
Saniculiphyllum,,,[网络] 变豆叶草属,,,,,0,0,,,
Saniculiphyllum guangxiense,,,[网络] 变豆叶草,,,,,0,0,,,
sanicult,,,[医] 江湖医术,,,,,0,0,,,
sanidal,,,[网络] 大陆架的,,,,,0,0,,,
sanidaster,",sæni'dæstә",,板星,,,,,0,0,,,
sanidic,,,[网络] 卫生,,,,,0,0,,,
sanidine,"'sæni,di:n","n. A variety of orthoclase feldspar common in certain\n   eruptive rocks, as trachyte; -- called also glassy feldspar.",n. [矿]透长石,,,,,0,0,,,
sanidine carbonatite,,,"透长碳酸岩, 透长碳酸岩石",,,,,0,0,,,
sanidine facies,,,透长石相,,,,,0,0,,,
sanidine group,,,透长石；玻璃长石,,,,,0,0,,,
sanidine nephelinite,,,透长霞岩,,,,,0,0,,,
sanidine phonolite,,,透长响岩,,,,,0,0,,,
sanidine rock,,,透长岩,,,,,0,0,,,
Sanidine-anorthoclase,,,透长歪长石,,,,,0,0,,,
sanidines,,,[网络] 洗手间,,,,,0,0,,,
sanidinic,'sænidi:n,,sanidinic\nadj.\nsanidine的变形\nsanidine\n['sænidi:n]\nn.\n【矿物】透长石,,,,,0,0,,,
sanidinite,"'sænidi,nait",,透长岩,,,,,0,0,,,
sanidinite facies,,,透长岩相,,,,,0,0,,,
sanidinization,,,透长石化,,,,,0,0,,,
sanidophyre,'sænidәfiә,,透长斑岩,,,,,0,0,,,
sanies,'seinii:z,n a fluid product of inflammation,n. [医]脓液,,,,,0,0,s:saniess,,
saniess,'seɪnɪiːz,,n. 【病理学】腐(脓)液,,,,,0,0,0:sanies/1:s,,
saniferous,,,[网络] 肥大的,,,,,0,0,,,
sanification,",sænifi'keiʃәn",,卫生处理,,,,,0,0,,,
sanify,'sænifai,,"vt. 使卫生, 改善...的环境卫生",,,,,0,0,,,
Sanikole,,,[地名] 萨尼科莱 ( 利比 ),,,,,0,0,,,
sanilac,,,[网络] 尼拉克；尼拉克县；萨尼莱克,,,,,0,0,,,
Sanilac County,,,[地名] 萨尼拉克县 ( 美 ),,,,,0,0,,,
sanin,,,[网络] 沙宁；山人居；赛宁,,,,,0,0,,,
Sanio,,,[网络] 三丽鸥(sanliou.com)；先锡嘉,,,,,0,0,,,
Sanio's beam,,,萨列阿横梁,,,,,0,0,,,
Sanio's law,,,萨列阿法则,,,,,0,0,,,
sanionia uncinata,,,钩枝藓,,,,,0,0,,,
saniopurulent,,,[医] 腐脓性的,,,,,0,0,,,
saniora,,,萨尼乌拉,,,,,0,0,,,
sanioserous,,,[医] 腐浆液性的,,,,,0,0,,,
sanious,'seinjәs,a of or resembling or characterized by ichor or sanies,"a. [医]脓液的,由脓液构成的,排出脓液的",,,,,0,0,,,
sanious pus,,,[医] 血性臭脓,,,,,0,0,,,
saniparctic,,,[医] 保健医学,,,,,0,0,,,
Sanipirol,,,对氨水杨酸钠,,,,,0,0,,,
sanipirol-4,,,对氨水杨酸,,,,,0,0,,,
sanipractic,sənɪp'ræktɪk,,n.保健医学,,,,,0,0,,,
Sanish,,,桑尼什,,,,,0,0,,,
sanislo,,,[网络] 圣伊斯洛,,,,,0,0,,,
Sanislǎu,,,[地名] 萨尼斯勒乌 ( 罗 ),,,,,0,0,,,
sanism,,,[网络] 神智清楚主义,,,,,0,0,,,
sanist,,,[网络] 冷静,,,,,0,0,,,
Sanit James,,,圣詹姆斯(西班牙的守护神),,,,,0,0,,,
sanit.,,,abbr. sanitary；sanitation；sanitize,,,,,0,0,,,
sanita,,,[网络] 桑尼塔；内联升；乐马仕,,,,,0,0,,,
sanitaire,,,[网络] 生化处理；曝气系统与现场清洗系统,,,,,0,0,,,
sanitamycin,",sænitә'maisin",,卫生霉素,,,,,0,0,,,
sanitar,,,[网络] 凯撒卫浴；整洁度；水管工,,,,,0,0,,,
sanitaria,",sæni'teәriә",n a hospital for recuperation or for the treatment of chronic diseases,n. 疗养地,,,,,0,0,s:sanitarias,,
sanitarial district,,,疗养区,,,,,0,0,,,
sanitarian,.sæni'tєәriәn,"a. Of or pertaining to health, or the laws of health;\n   sanitary.\nn. An advocate of sanitary measures; one especially\n   interested or versed in sanitary measures.","a. 卫生的, 保健的\nn. 公共卫生学家",n:100,,,,0,28781,s:sanitarians,,
sanitarianism,,,[网络] 圣战主义,,,,,0,0,,,
sanitarians,,,[网络] 卫生组织,,,,,0,0,0:sanitarian/1:s,,
sanitarias,,plural of sanitaria\nn a hospital for recuperation or for the treatment of chronic diseases,(sanitaria 的复数) n.疗养地,,,,,0,0,0:sanitaria/1:s,,
sanitaries,,,清洁的( sanitary的名词复数 )；卫生的；环境卫生的；公共卫生的,,,,,0,0,,,
sanitarily,"'sænitәrәli, ,sæni'teә-",,adv. 在(公共)卫生方面,,,,,0,0,,,
sanitariness,'sænɪtærɪnɪs,,n. 卫生,,,,,0,0,s:sanitarinesses,,
sanitarinesses,,,n. sanitary的变形,,,,,0,0,0:sanitariness/1:s,,
sanitarist,'sænitәrist,n. A sanitarian.,a. 保健的\nn. 保健专家,,,,,0,0,,,
sanitarists,,,[网络] 消费者,,,,,0,0,,,
sanitarium,",sæni'teәriәm",n a hospital for recuperation or for the treatment of chronic diseases,"n. 疗养院, 休养地, 休养所, 疗养所\n[医] 疗养院, 疗养所",n:100,,,,0,28766,s:sanitariums,,
sanitariums,ˌsænɪˈteəri:əmz,n. a hospital for recuperation or for the treatment of chronic diseases,n. <美>疗养院( sanitarium的复数形式 ),,,,,0,0,0:sanitarium/1:s,,
sanitary,'sænitәri,a. free from filth and pathogens,a. 卫生的\nn. 公共厕所,j:100,1,,toefl ielts gre,11726,13757,,,
sanitary accomodation,,,[网络] 卫生间,,,,,0,0,,,
sanitary airport,,,合于卫生条件的机场,,,,,0,0,,,
sanitary analysis,,,[医] 卫生学分析,,,,,0,0,,,
sanitary and anti-epidemic affair,,,卫生防疫工作,,,,,0,0,,,
sanitary apparatus,,,卫生器具,,,,,0,0,,,
sanitary arrangement,,,[机] 卫生设备,,,,,0,0,,,
sanitary authority,,,un. 检疫部门,,,,,0,0,,,
sanitary bactedology,,,[医] 土壤细菌学,,,,,0,0,,,
sanitary bacteriology,,,卫生细菌学,,,,,0,0,,,
sanitary belt,,,n. 〈美〉月经带,,,,,0,0,,,
sanitary bridge,,,[医] 卫生桥,,,,,0,0,,,
sanitary bureau,,,卫生局,,,,,0,0,,,
sanitary can,,,"卫生罐,三片罐",,,,,0,0,,,
sanitary ceramics,,,卫生陶瓷,,,,,0,0,,,
sanitary certificate,,,n. 卫生证明书,,,,,0,0,,,
sanitary chemical analysis,,,卫生化学分析,,,,,0,0,,,
sanitary chemical analysis of sewage,,,污水的卫生化学分析,,,,,0,0,,,
sanitary chemistry,,,[医] 卫生化学,,,,,0,0,,,
sanitary china,,,卫生瓷,,,,,0,0,,,
sanitary coating,,,"无污染涂料,无毒涂料",,,,,0,0,,,
sanitary code,,,[法] 卫生法规,,,,,0,0,s:sanitary codes,,
sanitary codes,,, [医]卫生法规，卫生章程,,,,,0,0,0:sanitary code/1:s,,
sanitary commission,,,un. 卫生局,,,,,0,0,,,
sanitary condition,ˈsænɪˌteri: kənˈdiʃən,, 卫生条件,,,,,0,0,s:sanitary conditions,,
sanitary conditions,,,卫生条件,,,,,0,0,0:sanitary condition/1:s,,
sanitary control,,,"[医] 卫生监督, 卫生管理",,,,,0,0,,,
sanitary control system,,,[网络] 卫生水柜控制系统,,,,,0,0,,,
sanitary convention,,,卫生公约,,,,,0,0,,,
sanitary conventions,,,卫生公约,,,,,0,0,,,
sanitary cordon,,,(为防止疾病传染而划定的)防疫线,,,,,0,0,,,
sanitary cotton,,,消毒棉；卫生棉,,,,,0,0,,,
sanitary cross,,,三承十字管,,,,,0,0,,,
sanitary culture,,,卫生栽培,,,,,0,0,,,
sanitary cup,,,一次性杯子,,,,,0,0,,,
sanitary custom house regulation,ˈsænɪˌtɛri ˈkʌstəm haʊs ˌrɛɡjəˈleʃən,, 海关检疫条例,,,,,0,0,,,
sanitary custom-house regulations,,,[医] 海关检疫条例,,,,,0,0,,,
sanitary customhouse regulation,,,海关(卫生)检查条例,,,,,0,0,,,
sanitary device,,,卫生器具,,,,,0,0,,,
sanitary discharge,,,un. 卫生水排口\n[网络] 卫生水管,,,,,0,0,,,
sanitary dishs,,,(卫生)纸盘,,,,,0,0,,,
sanitary disposal,,,卫生处理,,,,,0,0,,,
sanitary distance,,,卫生距离,,,,,0,0,,,
sanitary district,,,un. 卫生区,,,,,0,0,,,
sanitary documents,,,卫生文件,,,,,0,0,,,
sanitary drainage,,,生活污水排泄系统,,,,,0,0,,,
sanitary drinking fountain,,,卫生饮水喷泉,,,,,0,0,,,
sanitary earthenware,,,卫生陶器,,,,,0,0,,,
sanitary ejector,,,un. 粪便喷射器\n[网络] 卫生水喷射器,,,,,0,0,,,
sanitary enamel,,,[化工] 卫生搪瓷,,,,,0,0,,,
sanitary engineer,,,"n. 卫生工程师,铅管匠",,,,,0,0,,,
sanitary engineering,,,n. 卫生工程,,,,,0,0,,,
sanitary epidemiology,,,[医] 卫生流行病学,,,,,0,0,,,
sanitary equipment,,,生设备,,,,,0,0,,,
sanitary facilities,,,卫生设施,,,,,0,0,,,
sanitary facility,,,"工业卫生设施,卫生设备",,,,,0,0,,,
sanitary fee,,,[经] 检疫费,,,,,0,0,,,
sanitary fibre,,,抗菌纤维，消毒纤维,,,,,0,0,,,
sanitary fill,,,垃圾堆积(场),,,,,0,0,,,
sanitary filter,,,过滤杀菌,,,,,0,0,,,
sanitary finish,,,抗菌加工，消毒加工,,,,,0,0,,,
sanitary finish agent,,,[纺] 卫生整理剂,,,,,0,0,,,
sanitary finishing agent,,,抗菌加工剂,,,,,0,0,,,
sanitary fireclayware,,,卫生洁具,,,,,0,0,,,
sanitary fittings,,,卫生设备配件,,,,,0,0,,,
sanitary fixture,,,卫生设备,,,,,0,0,,,
sanitary fixtures,,,卫生设备,,,,,0,0,,,
sanitary flushing system,,,[网络] 卫生水冲洗系统,,,,,0,0,,,
sanitary gymnastics,,,卫生体操,,,,,0,0,,,
sanitary hulk,,,"医务船,医院船",,,,,0,0,,,
sanitary hygiene rules,,,卫生保健制度,,,,,0,0,,,
sanitary indicator bacteria,,,卫生指标[细]菌,,,,,0,0,,,
sanitary insect pest,,,卫生害虫,,,,,0,0,,,
sanitary inspection,,,[医] 卫生检查,,,,,0,0,,,
sanitary inspection certificate,ˈsænɪˌteri: ɪnˈspekʃən səˈtifikeit,, [法]卫生检验证书,,,,,0,0,,,
sanitary inspector,,,[医] 卫生检查员,,,,,0,0,,,
sanitary installation,,,卫生装置;卫生设备,,,,,0,0,,,
sanitary landfill,ˈsænɪˌteri: ˈlændˌfɪl,, 卫生垃圾堆,,,,,0,0,s:sanitary landfills,,
sanitary landfills,,, 卫生填埋,,,,,0,0,0:sanitary landfill/1:s,,
sanitary legislation,,,[医] 卫生法规,,,,,0,0,,,
sanitary line,,,卫生管道,,,,,0,0,,,
sanitary lock,,,生舱,,,,,0,0,,,
sanitary measure,,,卫生措施,,,,,0,0,,,
sanitary measures,,,卫生措施,,,,,0,0,,,
sanitary napkin,ˈsænɪˌteri: ˈnæpkin,,n. <美>（妇女经期用的）卫生棉,,,,,0,0,s:sanitary napkins,,
sanitary napkins,,,[网络] 卫生巾；片卫生巾；卫生用品,,,,,0,0,0:sanitary napkin/1:s,,
sanitary officer,,,[医] 卫生检查员,,,,,0,0,,,
sanitary outfit,,,卫生设备,,,,,0,0,,,
sanitary pad,,,n. 月经带,,,,,0,0,,,
sanitary pads,,,n. 卫生巾\n[网络] 求购卫生巾；卫生棉；美国求购卫生巾,,,,,0,0,,,
sanitary paper,ˈsænɪˌteri: ˈpeipə,, [医]卫生纸,,,,,0,0,,,
sanitary passage,,,疫情证,,,,,0,0,,,
sanitary pipe,,,卫生水管,,,,,0,0,,,
sanitary pipe laying,,,卫生配管,,,,,0,0,,,
sanitary plumbing,,,卫生管道,,,,,0,0,,,
sanitary plumbing fixtures,,,卫生(陶瓷)装置零件,,,,,0,0,,,
sanitary police,,,卫生警察,,,,,0,0,,,
sanitary pontic,,,卫生桥体,,,,,0,0,,,
sanitary porcelain,,,卫生瓷,,,,,0,0,,,
sanitary pottery,,,[化] 卫生陶瓷,,,,,0,0,,,
sanitary pottery fittings,,,卫生洁具陶瓷配件,,,,,0,0,,,
sanitary pressure tank,,,卫生水压力柜,,,,,0,0,,,
sanitary principle,,,卫生原则,,,,,0,0,,,
sanitary protection,,,un. 卫生防护\n[网络] 妇女卫生用品；卫生措施；清洁用品,,,,,0,0,,,
sanitary protection zone,,,卫生防护区;卫生防护带,,,,,0,0,,,
sanitary provision,,,卫生设备,,,,,0,0,,,
sanitary pump,,,卫生泵,,,,,0,0,,,
sanitary pumping system,,,[网络] 卫生水泵唧系统,,,,,0,0,,,
sanitary pumps,,,卫生泵，卫生水泵；污水泵,,,,,0,0,,,
sanitary quality,,,卫生质量,,,,,0,0,,,
sanitary reform,,,卫生改革,,,,,0,0,,,
sanitary regulation,,,"卫生调整, 卫生规则",,,,,0,0,,,
sanitary regulations,,,卫生规则,,,,,0,0,,,
sanitary requirement of illumination,,,照明卫生要求,,,,,0,0,,,
sanitary requirement of waste residue disposal,,,废渣处理卫生要求,,,,,0,0,,,
Sanitary Rules,,,[网络] 卫生规则,,,,,0,0,,,
sanitary scale,,,un. 罐头卡尺,,,,,0,0,,,
sanitary science,,,"卫生科学,公共卫生学",,,,,0,0,,,
sanitary sewage,,,生活污水,,,,,0,0,,,
sanitary sewage pump,,,生活污水泵,,,,,0,0,,,
sanitary sewer,,,生活污水管,,,,,0,0,,,
sanitary sewer manhole,,,污水管[下水道]检查井,,,,,0,0,,,
sanitary sewerage system,,,卫生下水道系统,,,,,0,0,,,
sanitary standard of warming,,,采暖卫生要求,,,,,0,0,,,
sanitary standards,,,卫生标准,,,,,0,0,,,
sanitary stoneware,,,卫生陶器;卫生炻器,,,,,0,0,,,
sanitary survey,,,[医] 卫生调查,,,,,0,0,,,
sanitary system,,,卫生水系统,,,,,0,0,,,
sanitary tank,,,卫生水柜,,,,,0,0,,,
sanitary tee,,,双承丁字管,,,,,0,0,,,
sanitary tissue,,,月经纸,,,,,0,0,,,
sanitary towel,ˈsænɪˌteri: ˈtauəl,,"n. 卫生巾, 月经垫",,,,,0,0,,,
sanitary towels,,,n. 卫生巾\n[网络] 卫生棉,,,,,0,0,,,
sanitary train,,,[医] 卫生列车,,,,,0,0,,,
sanitary treating arrangement,,,[网络] 粪便水排出处理装置；污水处理装置,,,,,0,0,,,
sanitary treatment arrangement,,,[网络] 污水处理装置,,,,,0,0,,,
sanitary unit,,,卫生单元,,,,,0,0,,,
sanitary valve,,,卫生阀,,,,,0,0,,,
sanitary vegetable,,,清洁蔬菜,,,,,0,0,,,
sanitary vehicle,,,卫生机车,,,,,0,0,,,
sanitary ventilation,,,卫生通风,,,,,0,0,,,
sanitary ware,,,[化] 卫生陶器,,,,,0,0,,,
sanitary wares,,,[网络] 卫生洁具；卫生陶瓷；求购洁具,,,,,0,0,,,
sanitary waste,,,生活污水,,,,,0,0,,,
sanitary waste water,,,卫生污水,,,,,0,0,,,
sanitary wastewater,,,生活废水;厕所污水;卫生设备废水,,,,,0,0,,,
sanitary water,,,卫生水,,,,,0,0,,,
sanitary work,,,卫生工作,,,,,0,0,,,
sanitary-chemical feature,,,卫生化学特征,,,,,0,0,,,
sanitary-sewer,,,卫生下水道,,,,,0,0,,,
sanitarybelt,,,卫生带,,,,,0,0,,,
sanitaryglove,,,卫生手套,,,,,0,0,,,
sanitarylegislation,,,卫生法规,,,,,0,0,,,
sanitarytowel,,,卫生带,,,,,0,0,,,
sanitaryware,'sænitәriweә,,卫生洁具,,,,,0,0,s:sanitarywares,,
sanitarywares,,,[网络] 卫生洁具；卫生陶瓷；求购洁具,,,,,0,0,0:sanitaryware/1:s,,
Sanitas,'sænitæs,,一种防腐消毒剂的商标名,,,,,0,0,,,
sanitate,'sæniteit,v. provide with sanitary facilities or appliances,vt. 供给...卫生设备,,,,,0,0,,,
sanitated,,,[网络] 消毒,,,,,0,0,,,
sanitates,,,[网络] 卫生间,,,,,0,0,,,
sanitating,,,[网络] 消毒,,,,,0,0,,,
sanitation,sæni'teiʃәn,n. the state of being clean and conducive to health\nn. making something sanitary (free of germs) as by sterilizing,"n. (环境)卫生, 环境卫生的提倡/维持, 卫生设备, 下水道设施, 卫生设施\n[医] 环境卫生",n:100,1,,toefl,15674,10135,s:sanitations,,
sanitation and antiepidemic station,,,卫生防疫站,,,,,0,0,,,
sanitation and hygiene,,,[网络] 卫生；环境卫生和个人卫生；清洁卫生,,,,,0,0,,,
sanitation association,,,卫生协会,,,,,0,0,,,
sanitation cutting,,,卫生伐,,,,,0,0,,,
sanitation department,,,[网络] 卫生机关；卫生部；环境卫生部门,,,,,0,0,s:sanitation departments,,
sanitation departments,,,[网络] 卫生机关；卫生部；环境卫生部门\n(sanitation department 的复数),,,,,0,0,0:sanitation department/1:s,,
sanitation engineer,,,[美国英语、委婉语]环卫师，清洁工,,,,,0,0,,,
sanitation engineering,,,[网络] 清洁工程,,,,,0,0,,,
sanitation equipment,,,卫生设备,,,,,0,0,,,
sanitation facilities,,,卫生设备,,,,,0,0,,,
sanitation facility,,, 卫生设施,,,,,0,0,,,
sanitation for production,,,un. 生产卫生,,,,,0,0,,,
sanitation inspector,,,卫生稽查员,,,,,0,0,,,
sanitation measures,,,保健措施,,,,,0,0,,,
sanitation method,,,卫生方法,,,,,0,0,,,
sanitation of bathroom,,,浴室卫生,,,,,0,0,,,
sanitation of judgment,,,判决执行书,,,,,0,0,,,
sanitation of spring water,,,泉水卫生,,,,,0,0,,,
sanitation of swimming pool,,,游泳池卫生,,,,,0,0,,,
sanitation piece,,,债务已作清偿备忘录,,,,,0,0,,,
sanitation service fees,,,清洁卫生费,,,,,0,0,,,
sanitation standard,,,[医] 卫生标准,,,,,0,0,,,
sanitation standard operation procedure,,,卫生标准操作程序,,,,,0,0,,,
sanitation store,,,防腐库,,,,,0,0,,,
sanitation system,,, 卫生系统,,,,,0,0,,,
sanitation truck/van,,,[美国英语]垃圾车,,,,,0,0,,,
sanitation waste,,,[环境] 卫生废物,,,,,0,0,,,
sanitation worker,,,〈美〉清扫垃圾的人,,,,,0,0,,,
sanitation workers,,,[网络] 工勤人员；清洁工人；环卫作业人员,,,,,0,0,,,
sanitational,,,[网络] 卫生,,,,,0,0,,,
sanitationist,,, 卫生专家[学家],,,,,0,0,,,
sanitationists,,,[网络] 卫生学家,,,,,0,0,,,
sanitationless,,,[网络] 无卫生,,,,,0,0,,,
sanitationman,",sæni'teiʃәnmәn",,n. <美>垃圾清洁工,,,,,0,0,,,
sanitations,,,[网络] 卫生,,,,,0,0,0:sanitation/1:s,,
sanite,,,[网络] 圣诞节,,,,,0,0,,,
Saniter process,,,萨尼特脱硫法,,,,,0,0,,,
saniter's process,,,森尼特去硫法｛熔化生铁去硫｝,,,,,0,0,,,
sanities,,,[网络] 清洁,,,,,0,0,0:sanity/1:s,,
sanitiferous,,,[网络] 卫生的,,,,,0,0,,,
sanitisation,,,[网络] 净化；消毒及清洁工具；净化现象,,,,,0,0,s:sanitisations,,
sanitisations,,,[网络] 卫生,,,,,0,0,0:sanitisation/1:s,,
sanitise,'sænitaiz,v make sanitary by cleaning or sterilizing\nv make less offensive or more acceptable by removing objectionable features,vt. 采取卫生措施使其安全；给…消毒（等于sanitize）,,,,,41535,0,,,
sanitised,'sænitaiz,v make sanitary by cleaning or sterilizing\nv make less offensive or more acceptable by removing objectionable features\na made sanitary,vt. 采取卫生措施使其安全；给…消毒（等于sanitize）,,,,,35351,0,0:sanitise/1:p,,
sanitiser,'sænitaiz,,vt. [英国英语] = sanitize,,,,,0,0,s:sanitisers,,
sanitisers,,plural of sanitiser,(sanitiser 的复数) vt. [英国英语] = sanitize,,,,,0,0,0:sanitiser/1:s,,
sanitises,,-s form of sanitise\nv make sanitary by cleaning or sterilizing\nv make less offensive or more acceptable by removing objectionable features,(sanitise 的第三人称 -s形式) vt. 采取卫生措施使其安全；给…消毒（等于sanitize）,,,,,0,0,0:sanitise/1:3,,
sanitising,,,[网络] 消毒,,,,,0,0,,,
sanitist,,,[网络] 卫生专员,,,,,0,0,,,
sanitizable,,,[网络] 可消毒,,,,,0,0,,,
sanitization,",sænitai'zeiʃәn",n making something sanitary (free of germs) as by sterilizing,[医] 卫生处理(特别指杯碗碟的卫生处理),n:100,,,,0,44233,s:sanitizations,,
sanitizations,,,[网络] 消毒,,,,,0,0,0:sanitization/1:s,,
sanitize,'sænitaiz,v. make sanitary by cleaning or sterilizing\nv. make less offensive or more acceptable by removing objectionable features,"vt. 对...采取卫生措施, 消毒, 使无害\n[医] 卫生处理",v:100,,,,0,19369,p:sanitized/d:sanitized/i:sanitizing/3:sanitizes,,
sanitized,ˈsænitaizd,a. made sanitary,v. 使清洁( sanitize的过去式和过去分词 ); 进行消毒; 审查; 净化,j:100,,,,49067,26401,0:sanitize/1:p,,
sanitizer,,,[化] 卫生洗涤剂,n:100,,,,0,31835,s:sanitizers,,
sanitizers,,plural of sanitizer,(sanitizer 的复数) [化] 卫生洗涤剂,,,,,0,0,0:sanitizer/1:s,,
sanitizes,ˈsænitaiziz,v make sanitary by cleaning or sterilizing\nv make less offensive or more acceptable by removing objectionable features,v. 使清洁( sanitize的第三人称单数 ); 进行消毒; 审查; 净化,,,,,0,0,1:3/0:sanitize,,
sanitizing,'sænitaiziŋ,v make sanitary by cleaning or sterilizing\nv make less offensive or more acceptable by removing objectionable features,消毒,j:100,,,,0,44875,1:i/0:sanitize/s:sanitizings,,
sanitizing agent,,,[化] 卫生洗涤剂,,,,,0,0,,,
sanitizing compound,,,消毒剂,,,,,0,0,,,
sanitizings,"'sænə,taɪz",,v. 对…作卫生处理；给…消毒（sanitize的ing形式）\nn. 消毒,,,,,0,0,0:sanitizing/1:s,,
sanitoria,,,[网络] 卫。,,,,,0,0,,,
sanitorium,",sæni'tɔ:riәm",,"n. 疗养院, 休养地, 休养所, 疗养所",,,,,0,0,,,
sanitoriums,,,[网络] 监狱,,,,,0,0,,,
sanitory,,,[网络] 卫浴,,,,,0,0,,,
sanitory pipe,,,洁净管,,,,,0,0,,,
sanitray towel,,,月经带,,,,,0,0,,,
sanitude,,,[网络] 神圣,,,,,0,0,,,
sanity,'sæniti,n. normal or sound powers of mind,"n. 神智健全, 头脑清楚, 通情达理\n[医] 精神健全",n:100,1,,toefl ielts gre,11977,11021,s:sanities,,
sanity check,,,[网络] 性检查；健全性检查；完整性检查,,,,,0,0,,,
sanity checks,,,[网络] 健康检查；完整性检查；合理性检查,,,,,0,0,,,
sanity hearing,,,[法] 对精神状态问题的预审,,,,,0,0,,,
sanity trial,,,[法] 对精神状态问题的隔离审讯,,,,,0,0,,,
sanity-check,,,[网络] 完整性检查；健全性检查,,,,,0,0,,,
Sanitz,,,[地名] 萨尼茨 ( 德 ),,,,,0,0,,,
saniya,,,[网络] 英文名；小燕子,,,,,0,0,,,
saniyah (as siniyah),,,萨尼雅(夕尼雅),,,,,0,0,,,
sanja,,,"n. (Sanja)人名；(塞)萨尼娅 (女名), 萨尼亚",,,,,0,0,,,
sanja matsuri (japan),,,三社祭(日本),,,,,0,0,,,
Sanjahā,,,[地名] 桑杰哈 ( 埃 ),,,,,0,0,,,
Sanjai R.,,,[地名] 森杰伊河 ( 印 ),,,,,0,0,,,
sanjak,'sændʒæk,n. A district or a subvision of a vilayet.,n. (土耳其的省之下的行政区划)区,,,,,0,0,s:sanjaks,,
sanjakate,,,[网络] 圣战者,,,,,0,0,,,
sanjakbeg,,,[网络] 圣贾克贝,,,,,0,0,,,
sanjaks,,,[网络] 十二个行省；行政区,,,,,0,0,0:sanjak/1:s,,
sanjana,,,[网络] 珊嘉娜；珊洁娜,,,,,0,0,,,
Sanjar,,,n. (Sanjar)人名；(乌兹)桑贾尔,,,,,0,0,,,
Sanjay,,,n. 桑杰（男子名）,,,,,44780,0,s:sanjays,,
sanjaya,,,[网络] 桑佳亚；焦虑地询问近臣桑佳亚；桑贾亚,,,,,0,0,,,
sanjayan,,,[网络] 桑杰扬；科学家杉加彦；首席科学家杉加彦,,,,,0,0,,,
sanjays,,,n. 桑杰（男子名）\n(sanjay 的复数),,,,,0,0,0:sanjay/1:s,,
Sanje,,,[地名] 桑杰 ( 坦桑、乌干 ),,,,,0,0,,,
sanjeev,,,[网络] 巡场员桑杰夫；德里；圣吉夫,,,,,0,0,,,
sanjek,,,[网络] 三杰克,,,,,0,0,,,
Sanjeli,,,[地名] 森杰利 ( 印 ),,,,,0,0,,,
Sanjeo-ri,,,山底里,,,,,0,0,,,
sanji,,,[网络] 香吉士；山治有香吉士；尤其是香吉士,,,,,0,0,,,
sanjia fumai decoction,,,三甲复脉汤,,,,,0,0,,,
Sanjian,,,三间,,,,,0,0,,,
Sanjiang,,,[网络] 三江县,,,,,0,0,,,
sanjiao,,,三焦,,,,,0,0,,,
Sanjiaoshu,,,三焦俞,,,,,0,0,,,
sanjit,,,[网络] 桑吉泰；桑吉特,,,,,0,0,,,
sanjiu weitai capsules,,,三九胃泰,,,,,0,0,,,
