nonequilibrium paradigm,,,非平衡范式,,,,,0,0,,,
nonequilibrium phase,,,非平衡相,,,,,0,0,,,
nonequilibrium phase transition,,,非平衡相变,,,,,0,0,,,
nonequilibrium plasma,,,非平衡电浆,,,,,0,0,,,
nonequilibrium plasmon,,,非平衡态等离激元,,,,,0,0,,,
nonequilibrium process,ˈnɔnikwiˈlibriəm ˈprəuses,, 非平衡过程,,,,,0,0,,,
nonequilibrium solidification,,,非平衡凝固,,,,,0,0,,,
nonequilibrium state,,,[化] 非平衡态,,,,,0,0,,,
nonequilibrium stationary state,,,非平衡定态,,,,,0,0,,,
nonequilibrium statistical mechanics,,,非平衡统计力学,,,,,0,0,,,
nonequilibrium statistical operator,,,非平衡统计算符,,,,,0,0,,,
nonequilibrium statistical theory,,,[力] 非平衡统计理论,,,,,0,0,,,
nonequilibrium system,,,[化] 非平衡系统,,,,,0,0,,,
nonequilibrium system economics,,,[经] 非平衡系统经济学,,,,,0,0,,,
nonequilibrium technique,,,非平衡技术,,,,,0,0,,,
nonequilibrium temperature distributions,,,非平衡温度分佈,,,,,0,0,,,
nonequilibrium theory,,,非平衡说,,,,,0,0,,,
nonequilibrium thermodynamical function,,,非平衡热力学函数,,,,,0,0,,,
nonequilibrium thermodynamics,,,[化] 非平衡热力学,,,,,0,0,,,
nonequilibrium transport,,,非平衡传送,,,,,0,0,,,
nonequilibriums,'nɔnikwi'libriəm,,n. 非平衡态\nadj. 不平衡的,,,,,0,0,,,
nonequine,,,[网络] 不定,,,,,0,0,,,
nonequispaced,,,[网络] 无分,,,,,0,0,,,
nonequispaced data,,,不等间隔资料,,,,,0,0,,,
nonequity,,,非股权,,,,,0,0,,,
nonequity strategic alliance,,,非股权式策略联盟,,,,,0,0,,,
nonequivalence,'nɔni'kwivәlәns,n not interchangeable,"非等价, 反重合运算, “异”运算",,,,,0,0,s:nonequivalences,,
nonequivalence element,,,[电] 不相等的元件,,,,,0,0,,,
nonequivalence gate,,,异门,,,,,0,0,,,
nonequivalence interruption,,,非等值中断,,,,,0,0,,,
nonequivalence operation,,,“异”运算，非对等运算,,,,,0,0,,,
nonequivalences,",nɔni'kwivələns",,n. 非等价,,,,,0,0,0:nonequivalence/1:s,,
nonequivalency element,,,非等值元件,,,,,0,0,,,
nonequivalent,'nɔni'kwivәlәnt,"s. not equal or interchangeable in value, quantity, or significance",非等价[数]的,j:100,,,,0,46548,,,
nonequivalent circuit,,,等效电路,,,,,0,0,,,
nonequivalent element,,,"反重合元件,异元件",,,,,0,0,,,
nonequivalent proton,,,非对等质子,,,,,0,0,,,
nonequivalent symmetry element,,,"非等效对称元,非重效对称素",,,,,0,0,,,
nonequivalent-to-element,,,反重合元件,,,,,0,0,,,
noner,nʌn,,pron.；没有人，没有一人，谁也没有：\nadv. 一点也不，毫无，决不(后常与so， too连用)\nadj. 完全不是的，不是这一类的；[口语]毫无的；没有的[仅用于元音字母或h前],,,,,0,0,,,
nonerasable,,,[网络] 不可磨灭,,,,,0,0,,,
nonerasable medium,,,[计] 不可擦媒体,,,,,0,0,,,
nonerasable stack automaton,,,不可抹除堆叠自动机,,,,,0,0,,,
nonerasable storage,,,[计] 不可擦存储器,,,,,0,0,,,
nonerasing,,,[网络] 不耐磨,,,,,0,0,,,
nonerasing determination stack automation,,,非抹除确定堆叠自动化,,,,,0,0,,,
nonerasing deterministic writing stack accepter,,,非清除确定型写入堆叠接收器,,,,,0,0,,,
nonerasing stack automaton,,,非抹除的堆栈自动机,,,,,0,0,,,
nonerect,,nonerect (not comparable)\nNot erect.\n,,,,,,0,0,,,
nonerectile,,,[网络] 非对等,,,,,0,0,,,
nonerection,,,[网络] 非法,,,,,0,0,,,
nonerections,,,[网络] 无故障,,,,,0,0,,,
nonergative,,,[网络] 不合格,,,,,0,0,,,
nonergodic,,,[网络] 非遍历的；非各态历经,,,,,0,0,,,
nonergodicity,,,[网络] 非遍历性,,,,,0,0,,,
nonergoline,,,[网络] 非麦角林,,,,,0,0,,,
nonergonomic,,,[网络] 非人为地,,,,,0,0,,,
nonerodable,,,[网络] 不可磨损,,,,,0,0,,,
noneroded,,,[网络] 余下,,,,,0,0,,,
nonerodible,,,不冲刷的,,,,,0,0,,,
nonerodible fractions of soil,,,土壤不易受侵蚀部分,,,,,0,0,,,
noneroding,,,不冲刷的,,,,,0,0,,,
nonerosion,,,[网络] 非腐蚀性,,,,,0,0,,,
nonerosional,,,[网络] 不合逻辑的,,,,,0,0,,,
nonerosive,,,非侵蚀性的,,,,,0,0,,,
nonerosive blasting,,,"无损喷砂,软粒喷砂",,,,,0,0,,,
nonerotic,,,[网络] 爱欲,,,,,0,0,,,
nonerotica,,,[网络] 无牙,,,,,0,0,,,
nonerotically,,,[网络] 非常的,,,,,0,0,,,
nonerratic,,,[网络] 无错的,,,,,0,0,,,
nonerror,,,[网络] 非错误,,,,,0,0,,,
nonerupted,,,[网络] 不合格,,,,,0,0,,,
nonerupted deciduous teeth,,,[医] 未长出乳牙,,,,,0,0,,,
nonerupting,,,[网络] 不合格,,,,,0,0,,,
noneruption,,,未长出,,,,,0,0,,,
noneruptive,,,[网络] 非暴力,,,,,0,0,,,
nonery,,,[网络] 非法,,,,,0,0,,,
nonerythroid,,,[网络] 非红细胞,,,,,0,0,,,
nones,nәunz,n the fifth of the seven canonical hours; about 3 p.m.\nn a canonical hour that is the ninth hour of the day counting from sunrise\nn a service in the Roman Catholic Church formerly read or chanted at 3 PM (the ninth hour counting from sunrise) but now somewhat earlier,n. (古罗马历中)3、5、7、11月之第7日或他月之第5日之祈祷,,,,,0,0,s:noness,,
nonescapable cost,,,[会计] 不可避免成本,,,,,0,0,,,
nonescaping key,,,非换码键,,,,,0,0,,,
noneschatological,,,[网络] 非语言学,,,,,0,0,,,
nonescrow,,,[网络] 不描写,,,,,0,0,,,
nonescrowed,,,[网络] 未被遮蔽,,,,,0,0,,,
nonesite,'nɔnisait,,顽拉玄斑岩,,,,,0,0,,,
nonesophageal,,,[网络] 非食管,,,,,0,0,,,
nonesoteric,,,[网络] 不安静的,,,,,0,0,,,
noness,nəunz,,nones1\n[nəunz]\nn.\n[复数] [常作 N-]【天主教】第9时祷告，申初经(即七小时祷告中的第五小时)\nnones2\n[nəunz]\nn.\n[复数，用作单数或复数]【古罗马历法】自 ides 之日起算的前九日,,,,,0,0,0:nones/1:s,,
Noness Head,,,[地名] 诺内斯角 ( 英 ),,,,,0,0,,,
nonessential,.nɒni'senʃәl,n anything that is not essential\ns not of prime or central importance,a. 非本质的\nn. 不重要的人,,,,,0,0,s:nonessentials,,
nonessential amino acid,,,[机] 非必需氨基酸,,,,,0,0,,,
nonessential amino acids,,,[网络] 非必需氨基酸；非必需胺基酸；丙氨酸等氨基酸,,,,,0,0,,,
nonessential element,,,非必需元素,,,,,0,0,,,
nonessential enzyme,,,可缺酵素,,,,,0,0,,,
nonessential fatty acid,,,非必需脂肪酸,,,,,0,0,,,
nonessential gene,,,[生化] 非必需基因,,,,,0,0,,,
nonessential goods,,,un. 非必需品,,,,,0,0,,,
nonessential nutrient,,,【营养学】非必需营养物,,,,,0,0,,,
nonessential organs,,,非必要器官,,,,,0,0,,,
nonessential property,,,"非主要特性, 非主要性质",,,,,0,0,,,
nonessential provision,,,非基本规定,,,,,0,0,,,
nonessential record,,,非必要案卷,,,,,0,0,,,
nonessential region,ˈnɔniˈsenʃəl ˈri:dʒən,, [医]非必需区[可指病毒或质粒载体上不影响复制的基因区段],,,,,0,0,,,
nonessential singularity,,,非本质奇异点,,,,,0,0,,,
nonessentialism,,,[网络] 非必要主义,,,,,0,0,,,
nonessentialist,,,[网络] 非必要的,,,,,0,0,,,
nonessentialists,,,[网络] 非专业人士,,,,,0,0,,,
nonessentiality,,,[网络] 非必要性,,,,,0,0,,,
nonessentials,,n. anything that is not essential,非必需品,,,,,0,0,0:nonessential/1:s,,
nonest,,,[网络] 非最新,,,,,0,0,,,
nonestablished,,,[网络] 电阻器；固定；电影,,,,,0,0,,,
nonestablishment,'nɔnis'tæbliʃmәnt,,"非政府的, 非当局的",,,,,0,0,,,
noneste,,,[网络] 非主要,,,,,0,0,,,
nonester,,nonester (plural nonesters)\n(chemistry) A substance that is not an ester.\n,,,,,,0,0,,,
nonesterifiable,,,[网络] 不可酯化,,,,,0,0,,,
nonesterified,,,[网络] 非酯化,,,,,0,0,,,
nonesterified fatty acid,,,"非酯化脂肪酸,游离脂肪酸",,,,,0,0,,,
nonesters,,,[网络] 非老人,,,,,0,0,,,
nonesthetic,,,[网络] 动觉,,,,,0,0,,,
nonestrogen,,,[网络] 非雌激素,,,,,0,0,,,
nonestrogenic,,,[网络] 非雌激素,,,,,0,0,,,
nonesuch,'nʌnsʌtʃ,n model of excellence or perfection of a kind; one having no equal,"n. 无以匹敌的人, 无与伦比的事物",,,,gre,0,0,s:nonesuches,,
nonesuch clover,,,[网络] 非三叶草,,,,,0,0,s:nonesuch clovers,,
nonesuch clovers,,,[网络] 非三叶草\n(nonesuch clover 的复数),,,,,0,0,0:nonesuch clover/1:s,,
nonesuches,'nɒnsʌtʃ,,n. 无以匹敌的人；无双的人\nadj. 无以匹敌的；无与伦比的,,,,,0,0,0:nonesuch/1:s,,
nonet,nәu'net,n. Alt. of Nonetto,n. 九重奏曲,,,,,0,0,,,
nonetched,,,[网络] 不勾勒,,,,,0,0,,,
noneternal,,,[网络] 非内在的,,,,,0,0,,,
nonethanol,,,[网络] 非乙醇,,,,,0,0,,,
nonetheless,",nʌnðә'les",r despite anything to the contrary (usually following a concession),"conj. 然而, 尽管, 不过\nadv. 不过, 仍然, 尽管如此, 然而",r:100,2,,cet6 ky toefl,4823,3298,,,
nonethical,,,[网络] 无伦理,,,,,0,0,,,
nonethnic,,,adj. 非种族集团的,,,,,0,0,,,
nonethnics,,,[网络] 非线性,,,,,0,0,,,
nonethnocentric,,,[网络] 非中心性,,,,,0,0,,,
nonethoxylated,,,[网络] 非乙氧基化,,,,,0,0,,,
nonethylated,,,[网络] 非乙基化,,,,,0,0,,,
nonethylene,,,[网络] 非乙烯,,,,,0,0,,,
nonetiolated,,,[网络] 非圆形,,,,,0,0,,,
nonetiological,,,[网络] 非生物学,,,,,0,0,,,
nonets,,,n. 【乐】九重奏[唱](乐曲)；【物】九重线\n[网络] 九重奏曲；九重唱；九里线,,,,,0,0,,,
nonette,,,[网络] 诺奈特；诺内特,,,,,0,0,,,
nonettes,,,[网络] 非小容器,,,,,0,0,,,
nonetti,,,[网络] 非专利,,,,,0,0,,,
nonetto,,"nonetto (plural nonettos or nonetti)\n(rare, music) nonet\n",,,,,,0,0,,,
nonetymological,,,[网络] 非宗教的,,,,,0,0,,,
noneuclidean,'nɔnju:k'lidiәn,,[数]非欧几里得的,,,,,0,0,,,
noneuclidean geometry,,,非欧几何,,,,,0,0,,,
noneukaryotic,,,[网络] 无核的,,,,,0,0,,,
noneuro,,,[网络] 非人,,,,,0,0,,,
nonevaluative,,,[网络] 非评价性,,,,,0,0,,,
nonevanescent,,,[网络] 不衰,,,,,0,0,,,
nonevangelical,,,[网络] 非空中,,,,,0,0,,,
nonevangelicals,,,[网络] 非空调,,,,,0,0,,,
nonevaporable,,,[网络] 不可蒸发,,,,,0,0,,,
nonevaporable getter,,,[电子] 非蒸散型吸气剂,,,,,0,0,,,
nonevaporated,,,[网络] 没有蒸发,,,,,0,0,,,
nonevaporating,,,[网络] 无蒸发,,,,,0,0,,,
nonevasive,,,[网络] 无创,,,,,0,0,,,
noneven,,,[网络] 没有,,,,,0,0,,,
nonevent,'nɔni'vent,n. an anticipated event that turns out to be far less significant than was expected,"n. 被期望但未实现的事, 被期望但结果使人扫兴的事",,,,,0,0,s:nonevents,,
noneventful,,,[网络] 不好意思,,,,,0,0,,,
nonevents,.nɒnɪ'vent,,n. 大肆宣扬即将来临而并未发生的事\n[网络] 不重要的事；事件,,,,,0,0,0:nonevent/1:s,,
nonevergreen,,,[网络] 无窗,,,,,0,0,,,
nonevergreens,,,[网络] 没有人,,,,,0,0,,,
noneviction,,,[网络] 无知,,,,,0,0,,,
nonevidence,,,[网络] 不信任,,,,,0,0,,,
nonevidential,,,[网络] 不信任,,,,,0,0,,,
nonevidentiary,,,[网络] 非机构,,,,,0,0,,,
nonevil,,,[网络] 无所不在,,,,,0,0,,,
noneviscerated,,,未切除内脏的,,,,,0,0,,,
nonevolutional,,,[网络] 非卷,,,,,0,0,,,
nonevolutionary,,,[网络] 非革命的,,,,,0,0,,,
nonevolved,,,[网络] 不公开,,,,,0,0,,,
nonevolving,,,[网络] 不正常,,,,,0,0,,,
nonex,'nɔneks,,"铅硼玻璃, 诺耐克斯玻璃",,,,,0,0,,,
nonex glass,,,铅硼玻璃,,,,,0,0,,,
nonexaggerated,,,[网络] 不夸张,,,,,0,0,,,
nonexamination,,,[网络] 无污染,,,,,0,0,,,
nonexample,,,[网络] 非例,,,,,0,0,,,
nonexanthematous,,,[网络] 非偶然,,,,,0,0,,,
nonexcavated,,,[网络] 不渗透,,,,,0,0,,,
nonexcepted,,,[网络] 不接受,,,,,0,0,,,
nonexceptional,'nɔnik'sepʃәnәl,,非例外的,,,,,0,0,,,
nonexcess,,,[网络] 不成功,,,,,0,0,,,
nonexcessive,,,[网络] 不过分,,,,,0,0,,,
nonexchangable,,,[网络] 不可更改,,,,,0,0,,,
nonexchange,'nɔniks'tʃeindʒ,,(染色体)不交换,,,,,0,0,,,
nonexchangeable,,,[网络] 不可更动班次,,,,,0,0,,,
nonexchanger,,,[网络] 非交换机,,,,,0,0,,,
nonexchangers,,,[网络] 不换货,,,,,0,0,,,
nonexcitation state,,,非激发态,,,,,0,0,,,
nonexcitatory,,,[网络] 不兴奋,,,,,0,0,,,
nonexcited,,,n. 无橄励的,,,,,0,0,,,
nonexciting,,,[网络] 不兴奋,,,,,0,0,,,
nonexcitonic,,,[网络] 非兴奋,,,,,0,0,,,
nonexcludability,,,非排他性,,,,,0,0,,,
nonexcludable,,,[网络] 无排他性；非排他性；无排斥性,,,,,0,0,,,
nonexcluded,,,[网络] 不排除,,,,,0,0,,,
nonexclusionary,,,[网络] 不排除,,,,,0,0,,,
nonexclusive,'nɔniks'klu:siv,,a. 无排他性的；非独家的,,,,,0,0,,,
nonexclusive binding,,,[生化] 非阻结合,,,,,0,0,,,
nonexclusive binding coefficient,,,[生化] 非阻结合系数,,,,,0,0,,,
nonexclusive surveyor,,,[网络] 委托检查员,,,,,0,0,,,
nonexclusively,,,[网络] 非排他地,,,,,0,0,,,
nonexclusivity,,,[网络] 排他性；非排他性；公共物品具有非排斥,,,,,0,0,,,
nonexclusory,,,[网络] 非专属性,,,,,0,0,,,
nonexculpatory,,,[网络] 不孕,,,,,0,0,,,
nonexcusable,,,[网络] 延误,,,,,0,0,,,
nonexcutable statement,,,非执行叙述,,,,,0,0,,,
nonexecutable,,,[网络] 不可执行,,,,,0,0,,,
nonexecutable artificial model,,,[自] 非执行仿真模型,,,,,0,0,,,
nonexecutable program,,,不可执行程式,,,,,0,0,,,
nonexecutable statement,,,[计] 非执行语句,,,,,0,0,,,
nonexecutable statement label,,,非执行语句标号,,,,,0,0,,,
nonexecutable work-load model,,,不可执行工作量模型,,,,,0,0,,,
nonexecuted,,,[网络] 不执行,,,,,0,0,,,
nonexecuting,,,[网络] 不执行,,,,,0,0,,,
nonexecution,,n. Neglect or failure of execution; nonperformance., 未执行,,,,,0,0,,,
nonexecutive,,,adj. 非执行的；非主管的；无决策权的\n[网络] 非执行董事,,,,,0,0,,,
nonexecutive director,,,非主管董事,,,,,0,0,,,
nonexecutives,,,[网络] 非高级员工,,,,,0,0,,,
nonexegetical,,,[网络] 不理解,,,,,0,0,,,
nonexempt,,,[网络] 基本薪酬的人；非豁免；非豁免权员工,,,,,0,0,,,
nonexempt employee,,,非豁免员工{註：适用美国公平劳动基准法加班费规定者},,,,,0,0,,,
nonexempt securities,,,非豁免证券,,,,,0,0,,,
nonexempted,,,[网络] 不豁免,,,,,0,0,,,
nonexempts,,,[网络] 加班工资的非豁免员工,,,,,0,0,,,
nonexercisable,,,[网络] 不可区分,,,,,0,0,,,
nonexercise,,,[网络] 非职业,,,,,0,0,,,
nonexercised,,,[网络] 没有强制,,,,,0,0,,,
nonexerciser,,,[网络] 非专家,,,,,0,0,,,
nonexercisers,,,[网络] 非矫治者,,,,,0,0,,,
nonexercising,,,[网络] 非强制,,,,,0,0,,,
nonexhaust,,,[网络] 无排气,,,,,0,0,,,
nonexhaustive,,,[网络] 竭尽性,,,,,0,0,,,
nonexhaustive expenditure,,,非耗源性支出,,,,,0,0,,,
nonexhibit,,,[网络] 不禁止,,,,,0,0,,,
nonexhibited,,,[网络] 不禁止,,,,,0,0,,,
nonexhibiting,,,[网络] 不禁止,,,,,0,0,,,
nonexhibition,,,[网络] 非抑制,,,,,0,0,,,
nonexhibitionist,,,[网络] 非抑制者,,,,,0,0,,,
nonexhibitionistic,,,[网络] 非抑制性,,,,,0,0,,,
nonexistant,,,[网络] 不存在的,,,,,0,0,,,
nonexistence,.nɒnig'zistәns,n. the state of not existing,"n. 不存在的事, 无, 不存在的东西",n:100,,,,0,27345,s:nonexistences,,
nonexistence code,,,未执行码,,,,,0,0,,,
nonexistences,",nɒnɪɡ'zɪstəns",,n. 不存在；不存在的事,,,,,0,0,0:nonexistence/1:s,,
nonexistent,.nɒnig'zistәnt,a. not having existence or being or actuality,a. 不存在的,j:100,,,,33175,8711,,,
nonexistent arc,,,不存在的弧,,,,,0,0,,,
nonexistent block,,,不存在的程序块,,,,,0,0,,,
nonexistent code,,,[计] 不存在代码,,,,,0,0,,,
nonexistent code check,,,[计] 不存在的代码检查,,,,,0,0,,,
nonexistent load module file,,,不存在的载入模组档案,,,,,0,0,,,
nonexistent logical unit number,,,不存在的逻辑单元号码,,,,,0,0,,,
nonexistent memory,,,不存在的记忆体,,,,,0,0,,,
nonexistential,,,[网络] 无疑,,,,,0,0,,,
nonexisting,,,[网络] 不存在,,,,,0,0,,,
nonexonic,,,[网络] 非谐波,,,,,0,0,,,
nonexotic,,,[网络] 非外来的,,,,,0,0,,,
nonexpandable,,,[网络] 叶节点,,,,,0,0,,,
nonexpanded,,,[网络] 不张开,,,,,0,0,,,
nonexpanding,,,[网络] 非包装,,,,,0,0,,,
nonexpansile,,,[网络] 非兴奋剂,,,,,0,0,,,
nonexpansion economy,,,不扩张的经济,,,,,0,0,,,
nonexpansional dyspnea,,,非扩张性唿吸困难,,,,,0,0,,,
nonexpansionary,,,[网络] 非扩展,,,,,0,0,,,
nonexpansive,,,非扩张的,,,,,0,0,,,
nonexpansive mapping,,,不放大映射,,,,,0,0,,,
nonexpansive operator,,,不扩张算子,,,,,0,0,,,
nonexpansiveness,,,[网络] 不兴奋,,,,,0,0,,,
nonexpatriate,,,[网络] 非特异性,,,,,0,0,,,
nonexpatriates,,,[网络] 非吸烟者,,,,,0,0,,,
nonexpectation,,,[网络] 他者的期待由某种非期待,,,,,0,0,,,
nonexpectations,,,[网络] 不寻常,,,,,0,0,,,
nonexpendable,,,adj. 可长期使用的；可多次使用的；可收回的\n[网络] 能恢复的,,,,,0,0,,,
nonexpendable aircraft,,,"可回收航空器,多次使用的航空器",,,,,0,0,,,
nonexpendable equipment,,,[经] 非消耗性设备,,,,,0,0,,,
nonexpendable fund,,,存储基金,,,,,0,0,,,
nonexpendable funds,,,禁支基金,,,,,0,0,,,
nonexpendable item,,,[化] 非消耗品,,,,,0,0,,,
nonexpendable supplies,,,[军] 非消耗性补给品,,,,,0,0,,,
nonexpenditure disbursement,,,非开支性付款,,,,,0,0,,,
nonexpendituring cost,,,非支出成本,,,,,0,0,,,
nonexpense,,,[网络] 非义务,,,,,0,0,,,
nonexpensive,,,[网络] 不沉,,,,,0,0,,,
nonexperience,,,[网络] 无有感受,,,,,0,0,,,
nonexperienced,,,[网络] 无经验,,,,,0,0,,,
nonexperiences,,,[网络] 非经验,,,,,0,0,,,
nonexperiencing,,,[网络] 不经验,,,,,0,0,,,
nonexperiential,,,[网络] 形上学是无法经历的,,,,,0,0,,,
nonexperientially,,,[网络] 非常经验,,,,,0,0,,,
nonexperimental,,,[网络] 非实验,j:100,,,,0,0,,,
nonexperimental data model,,,非实验性数据模型,,,,,0,0,,,
nonexperimental methods,,,非实验方法,,,,,0,0,,,
nonexperimental model-building,,,非试验建模,,,,,0,0,,,
nonexperimental observation,,,非实验观测值,,,,,0,0,,,
nonexperimentally,,,[网络] 非实质,,,,,0,0,,,
nonexpert,nɔn'eksp\\\\:t,,n. 非专家,,,,,0,0,,,
nonexperts,,,[网络] 非专业,,,,,0,0,,,
nonexpired,,,[网络] 没有,,,,,0,0,,,
nonexplainable,,,[网络] 不可调,,,,,0,0,,,
nonexplanation,,,[网络] 无解,,,,,0,0,,,
nonexplanations,,,[网络] 不参加,,,,,0,0,,,
nonexplanatory,,,[网络] 非常规性,,,,,0,0,,,
nonexplicit,,,[网络] 含糊,,,,,0,0,,,
nonexplicitly,,,[网络] 非常地,,,,,0,0,,,
nonexploded items,,,非展开项目,,,,,0,0,,,
nonexploding,,,[网络] 不开心,,,,,0,0,,,
nonexploitation,,,[网络] 无偏见,,,,,0,0,,,
nonexploitative,,,[网络] 非极性,,,,,0,0,,,
nonexploited,,,[网络] 没有人,,,,,0,0,,,
nonexploiting,,,[网络] 不偏不倚,,,,,0,0,,,
nonexploitive,,,[网络] 不偏不倚,,,,,0,0,,,
nonexplorative,,,[网络] 非排他性,,,,,0,0,,,
nonexploratory,,,[网络] 非排他性,,,,,0,0,,,
nonexplorer,,,[网络] 非xplorer,,,,,0,0,,,
nonexplorers,,,[网络] 非透视,,,,,0,0,,,
nonexplosive,'nɔniks'plәusiv,a not explosive,"不爆炸的, 防爆炸的",,,,,0,0,,,
nonexplosive light,,,[网络] 防爆灯,,,,,0,0,,,
nonexpondable,'nɔneks'pɔndәbl,,"多次使用的, 不回收的",,,,,0,0,,,
nonexponential,'nɔnekspәu'nenʃәl,,非指数的,,,,,0,0,,,
nonexponential trend,,,[网络] 非指数趋势,,,,,0,0,,,
nonexponentialities,,,[网络] 非指数,,,,,0,0,,,
nonexponentiality,,,[网络] 非指数,,,,,0,0,,,
nonexponentially,,,[网络] 非指数,,,,,0,0,,,
nonexport,,,[网络] 非出口,,,,,0,0,,,
nonexportable,,,[网络] 不重要,,,,,0,0,,,
nonexportation,",nɔnekspɔ:'teiʃәn",n. A failure of exportation; a not exporting of\n   commodities.,"n. 不可出口, 禁止出口",,,,,0,0,,,
nonexposed,'nɔniks'pәuzd,,"未接触的, 未暴露的",,,,,0,0,,,
nonexpository,,,[网络] 非评注性,,,,,0,0,,,
nonexposure,,,n. 不暴露,,,,,0,0,,,
nonexpresser,,,[网络] 不加压,,,,,0,0,,,
nonexpressers,,,[网络] 不输入,,,,,0,0,,,
nonexpressing,,,[网络] 没有压力,,,,,0,0,,,
nonexpression,,,[网络] 无意义,,,,,0,0,,,
nonexpressions,,,[网络] 无压力,,,,,0,0,,,
nonexpressive,,,[网络] 无压力,,,,,0,0,,,
nonexpressor,,,[网络] 无抑制剂,,,,,0,0,,,
nonexpressors,,,[网络] 无抑制剂,,,,,0,0,,,
nonexpulsion,,,[网络] 非乳化,,,,,0,0,,,
nonextant,,,[网络] 亡佚；非现生的,,,,,0,0,,,
nonextended,,,[网络] 不扩展,,,,,0,0,,,
nonextended address space,,,非扩充位址空间,,,,,0,0,,,
nonextended i/o device status,,,非扩充输入输出装置状态,,,,,0,0,,,
nonextended logical address space,,,非扩充逻辑位址空间,,,,,0,0,,,
nonextensile,,,[网络] 非伸缩性,,,,,0,0,,,
nonextensive,,,[网络] 不吝啬,,,,,0,0,,,
nonextensivity,,,[网络] 非扩展性,,,,,0,0,,,
nonexternal,,,[网络] 没有人,,,,,0,0,,,
nonexternalizing,,,[网络] 非永恒化,,,,,0,0,,,
nonextinct,,,[网络] 不吝啬,,,,,0,0,,,
nonextortive,,,[网络] 不偏不倚,,,,,0,0,,,
nonextractable,'nɔniks'træktәbl,,不可萃取的,,,,,0,0,,,
nonextraction throttle flow,,,无抽汽时的(汽轮机)入口蒸汽量,,,,,0,0,,,
nonextraditable,,,[网络] 不可引渡的,,,,,0,0,,,
nonextradition,,,[法] 不引渡,,,,,0,0,,,
nonextradition of political criminal,,,[法] 政治犯不引渡,,,,,0,0,,,
nonextraneous,,,[网络] 无神论,,,,,0,0,,,
nonextrapolated,,,[网络] 不渗透,,,,,0,0,,,
nonextraterrestrial,,,[网络] 非地球,,,,,0,0,,,
nonextremal,,,[网络] 非极值的,,,,,0,0,,,
nonextremality,,,[网络] 无极端,,,,,0,0,,,
nonextreme,,,[网络] 无极限,,,,,0,0,,,
nonextremist,,,[网络] 不偏不倚,,,,,0,0,,,
nonextremists,,,[网络] 非极端主义者,,,,,0,0,,,
nonextrinsic,,,[网络] 非内在的,,,,,0,0,,,
nonexudative,,,[网络] 非渗透性,,,,,0,0,,,
noney,,,[网络] 货币；答辩人杨杰德,,,,,0,0,,,
noney advanced,,,[网络] 预支款,,,,,0,0,,,
noney remaining,,,[网络] 余款,,,,,0,0,,,
noney returned,,,[网络] 退款,,,,,0,0,,,
noney spent,,,[网络] 用去款,,,,,0,0,,,
nonfabric,,,[网络] 非法制,,,,,0,0,,,
nonfabricated,,,[网络] 非制造,,,,,0,0,,,
nonface,,,[网络] 非面,,,,,0,0,,,
nonfaces,,,[网络] 非表面,,,,,0,0,,,
nonfaceted-non-faceted eutectic alloy,,,非小面化-非小面化共晶合金,,,,,0,0,,,
nonfacial,,,[网络] 非面,,,,,0,0,,,
nonfacilitated,,,[网络] 不受欢迎,,,,,0,0,,,
nonfacilitating,,,[网络] 不利于,,,,,0,0,,,
nonfacilitative,,,[网络] 非功能性,,,,,0,0,,,
nonfacilitator,,,[网络] 不支持者,,,,,0,0,,,
nonfacilitators,,,[网络] 非辅助者,,,,,0,0,,,
nonfacsimile,,,[网络] 非传真,,,,,0,0,,,
nonfact,,,[网络] 非事实,,,,,0,0,,,
nonfactive,,,[网络] 无力,,,,,0,0,,,
nonfactor,,,[网络] 非感染性因素,,,,,0,0,,,
nonfactor services,,,非要素服务,,,,,0,0,,,
nonfactorial,,,[网络] 非因素,,,,,0,0,,,
nonfactorizable,,,[网络] 不可变的,,,,,0,0,,,
nonfactors,,,[网络] 非因子,,,,,0,0,,,
nonfactory,,,[网络] 不起眼,,,,,0,0,,,
nonfacts,,,[网络] 非事实,,,,,0,0,,,
nonfactual,,,[网络] 非事实的,,,,,0,0,,,
nonfacultative,,,[网络] 非共同的,,,,,0,0,,,
nonfaculty,,,[网络] 非教师,,,,,0,0,,,
nonfading,,,[网络] 不褪色,,,,,0,0,,,
nonfailing,,,[网络] 非活动,,,,,0,0,,,
nonfailure,,,[网络] 非故障,,,,,0,0,,,
nonfailure node,,,非失效节点,,,,,0,0,,,
nonfailures,,,[网络] 非故障,,,,,0,0,,,
nonfaith,,,[网络] 非信仰,,,,,0,0,,,
nonfaithful,,,[网络] 不忠实,,,,,0,0,,,
nonfaiths,,,[网络] 非信仰,,,,,0,0,,,
nonfallacious,,,[网络] 不贱,,,,,0,0,,,
nonfallout,,,[网络] 非散发,,,,,0,0,,,
nonfalse,,,[网络] 非假的,,,,,0,0,,,
nonfalsifiability,,,不可证伪性,,,,,0,0,,,
nonfalsified,,,[网络] 非伪造,,,,,0,0,,,
nonfamilial,,,[网络] 非家庭,,,,,0,0,,,
nonfamilial normo-lipoproteinemic xanthomatosis,,,非家族性正常脂蛋白血性黄[色]瘤病,,,,,0,0,,,
nonfamiliar,,,[网络] 不熟悉,,,,,0,0,,,
nonfamiliarity,,,[网络] 不熟悉,,,,,0,0,,,
nonfamilies,,,[网络] 非家族,,,,,0,0,,,
nonfamily,,,[网络] 非家族,,,,,0,0,,,
nonfamily corporation,,,非家族公司,,,,,0,0,,,
nonfamily household,,,非家庭户,,,,,0,0,,,
nonfamous,,,[网络] 非家族,,,,,0,0,,,
nonfan,,,[网络] 非迷,,,,,0,0,,,
nonfancy,,,[网络] 不花哨,,,,,0,0,,,
nonfans,,,[网络] 非粉丝,,,,,0,0,,,
nonfantastic,,,[网络] 非常棒,,,,,0,0,,,
nonfantasy,,,[网络] 非幻想,,,,,0,0,,,
nonfaradaic current,,,非法拉第电流,,,,,0,0,,,
nonfaradaic path,,,非法拉第路径,,,,,0,0,,,
nonfaradic path,,,[机] 非感应电流方式,,,,,0,0,,,
nonfarm,'nɔnfɑ:m,,"a. 非农场的,与农场无关的,非农业品的",,,,,0,0,,,
nonfarm economy,,,非农业经济,,,,,0,0,,,
nonfarm payrolls,,,[经] 非农业受薪人数,,,,,0,0,,,
nonfarm population,,,非农场人口,,,,,0,0,,,
nonfarm sector,,,非农业部门,,,,,0,0,,,
nonfarmable,,,[网络] 不可爱,,,,,0,0,,,
nonfarmed,'nɒn'fɑːm,,adj. 非农场的，与农场无关的；非农产品的,,,,,0,0,,,
nonfarmer,'nɒn'fɑːm,,adj. 非农场的，与农场无关的；非农产品的,,,,,0,0,,,
nonfarmers,,,[网络] 非农民,,,,,0,0,,,
nonfarming,,,[网络] 非农,,,,,0,0,,,
nonfarmsector,,,非农业部门,,,,,0,0,,,
nonfarnesylated,,,[网络] 非法糖基化,,,,,0,0,,,
nonfascist,,,[网络] 非法西斯,,,,,0,0,,,
nonfascists,,,[网络] 非法西斯,,,,,0,0,,,
nonfashion,,,[网络] 非时尚,,,,,0,0,,,
nonfashionable,,,[网络] 非时尚,,,,,0,0,,,
nonfast,,,[网络] 不快,,,,,0,0,,,
nonfasted,,,[网络] 不停,,,,,0,0,,,
nonfasting,,,[网络] 不空,,,,,0,0,,,
nonfat,'nɔn'fæt,a. without fat or fat solids,a. 脱脂的,,,,,0,0,,,
nonfat dry milk,ˈnɔnˌfæt drai milk,, [医]脱脂奶粉,,,,,0,0,s:nonfat dry milks,,
nonfat dry milk solids,,,脱脂奶粉,,,,,0,0,,,
nonfat dry milks,,,脱脂奶粉,,,,,0,0,0:nonfat dry milk/1:s,,
nonfat milk,,,非脂干性牛奶,,,,,0,0,,,
nonfat solid,,,非脂固形物,,,,,0,0,,,
nonfatal,'nʌnfeɪtl,a not bringing death,a. 非致命的,,,,,0,0,,,
nonfatal accident,,,非死亡事故,,,,,0,0,,,
nonfatal error,,,[计] 非致命错误,,,,,0,0,,,
nonfatal injury accident,,,非致命性伤害事故,,,,,0,0,,,
nonfatal trauma,,,非致命伤,,,,,0,0,,,
nonfatalistic,,,[网络] 非致命的,,,,,0,0,,,
nonfatalities,,,[网络] 非专业性,,,,,0,0,,,
nonfatality,,,[网络] 非脂肪,,,,,0,0,,,
nonfatally,,,[网络] 非脂肪,,,,,0,0,,,
nonfather,,,[网络] 非吸烟,,,,,0,0,,,
nonfathers,,,[网络] 非栖息,,,,,0,0,,,
nonfattened,,,[网络] 没有消化,,,,,0,0,,,
nonfattening,,,[网络] 不褪色,,,,,0,0,,,
nonfatty,,,[网络] 非肥胖,,,,,0,0,,,
nonfaulty,,,[网络] 非故障,,,,,0,0,,,
nonfeasance,nɒn'fi:zәns,n. a failure to act when under an obligation to do so; a refusal (without sufficient excuse) to do that which it is your legal duty to do,"n. 不履行义务\n[经] 不履行义务, 失职",,,,,0,0,s:nonfeasances,,
nonfeasances,nɒn'fiːz(ə)ns,,n. （义务等的）未履行,,,,,0,0,0:nonfeasance/1:s,,
nonfeasible,'nɔn'fi:zәbl,,"不可行的, 不便的, 不适宜的",,,,,0,0,,,
nonfeasible method,,,＝ goal-coordination method,,,,,0,0,,,
nonfeasible region,,,不可行区域,,,,,0,0,,,
nonfeasible solution,,,[数] 不可行解,,,,,0,0,,,
nonfeasible state,,,[数] 不可行状态,,,,,0,0,,,
nonfeasible states,,,不可行状态,,,,,0,0,,,
nonfeathered,,,[网络] 不幸,,,,,0,0,,,
nonfeature,,,[网络] 非特征码免杀区,,,,,0,0,,,
nonfeatured,,,[网络] 非特征,,,,,0,0,,,
nonfeatures,,,[网络] 非特征,,,,,0,0,,,
nonfebrile,,,[网络] 非发热,,,,,0,0,,,
nonfecal,,,[网络] 非粪便,,,,,0,0,,,
nonfed,,,[网络] 不合格,,,,,0,0,,,
nonfederal,,,[网络] 非接触式,,,,,0,0,,,
nonfederally,,,[网络] 非中性,,,,,0,0,,,
nonfederated,,,[网络] 非食品,,,,,0,0,,,
nonfee,,,[网络] 非货币,,,,,0,0,,,
nonfeed,,,[网络] 不喂,,,,,0,0,,,
nonfeeder,,,[网络] 非供应商,,,,,0,0,,,
nonfeeding,'nɔn'fi:diŋ,,a. (昆虫等在蛰伏期或休眠期)不进食的,,,,,0,0,,,
nonfeeling,,,[网络] 不发,,,,,0,0,,,
nonfelid,,,[网络] 非皮质,,,,,0,0,,,
nonfelids,,,[网络] 非皮质,,,,,0,0,,,
nonfeline,,,[网络] 非线性,,,,,0,0,,,
nonfelines,,,[网络] 非目标,,,,,0,0,,,
nonfelonies,,,[网络] 非重构,,,,,0,0,,,
nonfelony,,,[网络] 非重罪,,,,,0,0,,,
nonfelsic,,,[网络] 非凡的,,,,,0,0,,,
nonfemale,,,[网络] 非女性,,,,,0,0,,,
nonfemales,,,[网络] 非女性,,,,,0,0,,,
nonfeminine,,,[网络] 非女性,,,,,0,0,,,
nonfeminism,,,[网络] 非女权主义,,,,,0,0,,,
nonfeminist,,,[网络] 非女权主义者,,,,,0,0,s:nonfeminists,,
nonfeminists,,,[网络] 非女权主义者,,,,,0,0,0:nonfeminist/1:s,,
nonfemoral,,,[网络] 非股动脉,,,,,0,0,,,
nonfenestrated,,,[网络] 非亲戚,,,,,0,0,,,
nonfermentable,,,[网络] 不可发放,,,,,0,0,,,
nonfermentative,,,非发酵的,,,,,0,0,,,
nonfermented,,,[网络] 未发酵的；发酵类,,,,,0,0,,,
nonfermenting,,,[网络] 非发行,,,,,0,0,,,
nonfermionic,,,[网络] 非花生素,,,,,0,0,,,
nonfern,,,[网络] 没有,,,,,0,0,,,
nonferns,,,[网络] 非法,,,,,0,0,,,
nonferric,,,[网络] 非铁质,,,,,0,0,,,
nonferritic,,,[网络] 非铁质,,,,,0,0,,,
nonferromagnetic,'nɔnferәumæ^'netik,,"非铁磁的, 无铁磁的",,,,,0,0,,,
nonferromagnetic material,,,非铁磁材料,,,,,0,0,,,
nonferrous,'nɔn'ferәs,,a. 非铁的\n[电] 无铁,j:100,,,,0,34565,,,
nonferrous alloy,,,非铁合金,,,,,0,0,,,
nonferrous electrode,,,有色金属焊条,,,,,0,0,,,
nonferrous materials,,,有色金属材料,,,,,0,0,,,
nonferrous metal,,,[机] 非铁金属,,,,,0,0,,,
nonferrous metal deposit,,,有色金属矿床,,,,,0,0,,,
nonferrous metal lurgy,,,非铁冶金学,,,,,0,0,,,
nonferrous metal metallurgy,,,有色金属冶金学,,,,,0,0,,,
nonferrous metal rolling mill,,,有色金属轧机,,,,,0,0,,,
nonferrous metal tube,,,[化] 有色金属管,,,,,0,0,,,
nonferrous metal waste water,,,有色金属废水,,,,,0,0,,,
nonferrous metallurgy,,,"有色金属冶金,非铁冶金学",,,,,0,0,,,
nonferrous metals,,,有色金属；非铁金属,,,,,0,0,,,
nonferrous vessel,,,有色金属容器,,,,,0,0,,,
nonferruginous,,,[网络] 非铁质,,,,,0,0,,,
nonfertile,,, [医]未孕的,,,,,0,0,,,
nonfertility,,,[网络] 不健康,,,,,0,0,,,
nonfertilization,,,不受精,,,,,0,0,,,
nonfertilized,,,[网络] 未经处理,,,,,0,0,,,
nonfertilizer,,,[网络] 非肥料,,,,,0,0,,,
nonfestival,,,[网络] 非节日,,,,,0,0,,,
nonfestive,,,[网络] 非节日,,,,,0,0,,,
nonfetal,,,[网络] 非致命的,,,,,0,0,,,
nonfetishistic,,,[网络] 非虚构,,,,,0,0,,,
nonfetishized,,,[网络] 不晕车,,,,,0,0,,,
nonfeudal,,,[网络] 非封建,,,,,0,0,,,
nonfi,,,[网络] 非法,,,,,0,0,,,
nonfiber,,,[网络] 非纤维,,,,,0,0,,,
nonfibrillar,,,[网络] 非原纤维,,,,,0,0,,,
nonfibrillated fiber,,,非原纤化纤维,,,,,0,0,,,
nonfibroblast,,,"非成纤维细胞,非纤维母细胞",,,,,0,0,,,
nonfibrogenic,,,非纤维发生的,,,,,0,0,,,
nonfibrolamellar,,,[网络] 非纤维蛋白,,,,,0,0,,,
nonfibrotic,,,[网络] 非纤维化,,,,,0,0,,,
nonfibrous,,,[网络] 不可见,,,,,0,0,,,
nonfibrous tcxture,,,[医] 非纤维性构造,,,,,0,0,,,
nonfiction,nɒn'fikʃәn,n. prose writing that is not fictional,n. (非小说的)写实文学,n:100,,,toefl,0,10818,s:nonfictions,,
nonfiction entertainment,,,非虚构娱乐,,,,,0,0,,,
nonfiction film,,,非剧情片,,,,,0,0,,,
nonfiction novel,,,非虚构小说,,,,,0,0,,,
nonfictional,,a not fictional,非虚构,,,,,0,0,,,
nonfictional prose,,,[网络] 非虚构的散文,,,,,0,0,s:nonfictional proses,,
nonfictional proses,,,[网络] 非虚构的散文\n(nonfictional prose 的复数),,,,,0,0,0:nonfictional prose/1:s,,
nonfictionally,,,adv. nonfiction的变形,,,,,0,0,,,
nonfictions,,,[网络] 五色长廊,,,,,0,0,0:nonfiction/1:s,,
nonfictive,,,[网络] 非虚构,,,,,0,0,,,
nonfiduciary,,,[网络] 不受信任,,,,,0,0,,,
nonfighter,,,[网络] 非战斗机,,,,,0,0,,,
nonfighters,,,[网络] 非战士,,,,,0,0,,,
nonfighting,,,[网络] 非战斗,,,,,0,0,,,
nonfigurable,,,[网络] 不可配置,,,,,0,0,,,
nonfigurative,nɔn'fi^jjrәtiv,s not representing or imitating external reality or the objects of nature,"a. (艺术)非形象的,抽象的, 没有比喻用法的",j:100,,,,0,40958,,,
nonfilament,,,[网络] 非丝线,,,,,0,0,,,
nonfilament polymorpnonuclear,,,[医] 非丝连多形核白细胞,,,,,0,0,,,
nonfilamentary,,,[网络] 非丝毫,,,,,0,0,,,
nonfilamented,,,[网络] 没有丝毫,,,,,0,0,,,
nonfilamented neutrophil,,,[医] 无连丝核中性白细胞,,,,,0,0,,,
nonfilamentous,,,[网络] 非丝毫,,,,,0,0,,,
nonfilamentous bacteria,,,非丝状细菌,,,,,0,0,,,
nonfilaments,,,[网络] 非丝线,,,,,0,0,,,
nonfilarial chylocele,,,非丝虫性乳糜囊肿,,,,,0,0,,,
nonfilarial chylocele of tunica vaginalis,,,非丝虫性鞘膜乳糜囊肿,,,,,0,0,,,
nonfile-structure device,,,非文件结构设备,,,,,0,0,,,
nonfile-structured device,,,非档案结构装置,,,,,0,0,,,
nonfile-structured lookup,,,非档案结构查找,,,,,0,0,,,
nonfiler,,,[网络] 非机器,,,,,0,0,,,
nonfilers,,,[网络] 非过滤器,,,,,0,0,,,
nonfilial,,,[网络] 非线性,,,,,0,0,,,
Nonfill,,,un. 填模不足,,,,,0,0,,,
nonfilling,,,未充盈,,,,,0,0,,,
nonfilling slot type bearing,,,无滚珠槽的滚动轴承,,,,,0,0,,,
nonfilmed,,,[网络] 未完成,,,,,0,0,,,
nonfilmic,,,[网络] 非过滤,,,,,0,0,,,
nonfilming,,,[网络] 无影片,,,,,0,0,,,
nonfilter,nɔn'filtә,,无滤嘴的香烟,,,,,0,0,,,
nonfilterable,,,un. 不可过滤的,,,,,0,0,,,
nonfiltered,nɔn'filtәd,,a. 没有过滤嘴的,,,,,0,0,,,
nonfilters,,,[网络] 非过滤器,,,,,0,0,,,
nonfimbrial,,,[网络] 非弹性,,,,,0,0,,,
nonfinal,,,[网络] 非终状态；非终局；非终状况,,,,,0,0,,,
nonfinal state,,,[计] 非终状态,,,,,0,0,,,
nonfinale,,,[网络] 非完整的,,,,,0,0,,,
nonfinalist,,,[网络] 非原名,,,,,0,0,,,
nonfinalists,,,[网络] 非现代主义者,,,,,0,0,,,
nonfinality,,,[网络] 又称做非终极性,,,,,0,0,,,
nonfinance,,,[网络] 非财务,,,,,0,0,,,
nonfinanceable,,,[网络] 不可兑现,,,,,0,0,,,
nonfinanced,,,[网络] 非融资,,,,,0,0,,,
nonfinancial,,,[网络] 非财务性；非金融性；非金融,,,,,0,0,,,
Nonfinancial assets,,,[网络] 非金融性资产,,,,,0,0,,,
nonfinancial corporation,,,非金融公司,,,,,0,0,,,
nonfinancial debt,,,[网络] 非金融债务,,,,,0,0,,,
nonfinancial incentive,,,非物质刺激,,,,,0,0,,,
nonfinancial intangible assets,,,非金融无形资产,,,,,0,0,,,
nonfinding,,,[网络] 不发现,,,,,0,0,,,
nonfindings,,,[网络] 不符合,,,,,0,0,,,
nonfines concrete,,,无砂混凝土,,,,,0,0,,,
nonfinished,,,[网络] 未完成,,,,,0,0,,,
nonfinite,'nɔn'fainait,,"a. 非限定的, 非定式的",,,,,0,0,,,
nonfinite clause,nɔn'fainait,,【语法学】非限定从句,,,,,0,0,,,
nonfinite set,,,[数] 无限集,,,,,0,0,,,
nonfinite verb,,,【语法学】非限定动词,,,,,0,0,,,
nonfinitely,,,[网络] 无限期地,,,,,0,0,,,
nonfinitely generated projective module,,,[数] 非有限生成射影模,,,,,0,0,,,
nonfinitely generated projective modulus,,,非有限生成射影模,,,,,0,0,,,
nonfinned,,,[网络] 非限定,,,,,0,0,,,
nonfire,,,[网络] 不火,,,,,0,0,,,
nonfired,,,[网络] 不用了,,,,,0,0,,,
nonfirefighter,,,[网络] 非减光剂,,,,,0,0,,,
nonfirefighters,,,[网络] 非消声器,,,,,0,0,,,
nonfirefighting,,,[网络] 非消光,,,,,0,0,,,
nonfireproof,nɒn'faɪəɪpruːf,,不耐火的,,,,,0,0,,,
nonfiring,,,[网络] 不射击,,,,,0,0,,,
nonfirm offer,,,非实盘\n虚盘,,,,,0,0,,,
nonfirm power,,,[网络] 非确定权力,,,,,0,0,,,
nonfirsts,,,[网络] 非第一次,,,,,0,0,,,
nonfiscal,,,[网络] 非财务,,,,,0,0,,,
nonfish,,,[网络] 非鱼,,,,,0,0,,,
nonfishable,,,[网络] 不可见,,,,,0,0,,,
nonfishermen,,,[网络] 非钓鱼者,,,,,0,0,,,
nonfishery,,,[网络] 非鲜花,,,,,0,0,,,
nonfishes,,,[网络] 非鱼类,,,,,0,0,,,
nonfishing,,,[网络] 不钓鱼,,,,,0,0,,,
nonfissile,,,un. 非裂变的,,,,,0,0,,,
nonfission,,,[网络] 非裂变,,,,,0,0,,,
nonfission capture,,,非裂变俘获,,,,,0,0,,,
nonfissionable,nɔn'fiʃәnәbl,a not capable of undergoing fission,a. 不能产生核子分裂的,,,,,0,0,,,
nonfissioned,,,[网络] 不受影响,,,,,0,0,,,
nonfissioning,,,[网络] 不发光,,,,,0,0,,,
nonfissured,,,[网络] 非裂缝,,,,,0,0,,,
nonfit,,,[网络] 非装备,,,,,0,0,,,
nonfits,,,[网络] 非适合,,,,,0,0,,,
nonfitted,,,[网络] 不配套,,,,,0,0,,,
nonfixed,,,[网络] 非固定,,,,,0,0,,,
nonfixed block system,,,非固定闭塞制,,,,,0,0,,,
nonfixed form,,,无定形,,,,,0,0,,,
nonfixed medical treatment facilities,,,[医] 非固定性医疗设施,,,,,0,0,,,
nonfixed wholesale,,,流动批发,,,,,0,0,,,
nonfixiform,'nɔn'fiksifɔ:m,,无定形的,,,,,0,0,,,
nonflaccid,,,[网络] 非脆性,,,,,0,0,,,
nonflag character,,,非旗标字元,,,,,0,0,,,
nonflagellated,,,[网络] 非鞭打,,,,,0,0,,,
nonflagged,,,[网络] 非标签,,,,,0,0,,,
nonflaked,,,[网络] 不张贴,,,,,0,0,,,
nonflaking,,,[网络] 不烫手,,,,,0,0,,,
nonflaky,,,[网络] 不光滑,,,,,0,0,,,
nonflam,,,不燃的,,,,,0,0,,,
nonflamability,,,不燃性,,,,,0,0,,,
nonflame,'nɔnfleim,,"非火焰, 无焰, 防[抗, 难]燃",,,,,0,0,,,
nonflame atomic absorption,,,无火焰原子吸收,,,,,0,0,,,
nonflame atomizer,,,非火焰[无焰]原子化器,,,,,0,0,,,
nonflame blasting,,,无火焰发爆,,,,,0,0,,,
nonflame fibre,,,不燃性纤维,,,,,0,0,,,
nonflame fluid,,,抗燃性液体,,,,,0,0,,,
Nonflamin,,,氨苄噻吡酯,,,,,0,0,,,
nonflammability,'nɔnflæmә'biliti,,不燃性,,,,,0,0,,,
nonflammable,nɒn'flæmәbl,s. impossible to ignite,a. 不燃烧的\n[电] 无燃的,,,,gre,0,0,,,
nonflammable coating,,,不燃性涂料,,,,,0,0,,,
nonflammable material,,,难燃材料;非燃性材料,,,,,0,0,,,
nonflammable paint,,,un. 不燃漆\n[网络] 耐火漆；不燃油漆；不燃性涂料,,,,,0,0,,,
nonflammables,nɒn'flæməbl,,adj. 非引火性的，不易燃的 [亦作 nonflam],,,,,0,0,,,
nonflared,,,[网络] 无张力,,,,,0,0,,,
nonflashing,,,[网络] 不闪光,,,,,0,0,,,
nonflat,,,[网络] 非平面,,,,,0,0,,,
nonflatulent,,,[网络] 非挥发性,,,,,0,0,,,
nonflavonoid,,,[网络] 非黄酮类,,,,,0,0,,,
nonflavonoids,,,[网络] 非黄酮类,,,,,0,0,,,
nonflavored,,,[网络] 无味,,,,,0,0,,,
nonflavoured,,,[网络] 非黄体,,,,,0,0,,,
nonflexible,,,[网络] 刚性的；灵活性,,,,,0,0,,,
nonflexible line,,,刚性线,,,,,0,0,,,
nonflexible price,,, 无伸缩性价格,,,,,0,0,,,
nonflexural,,,[网络] 非弹性,,,,,0,0,,,
nonflickering,,,[网络] 稳实,,,,,0,0,,,
nonflickering display,,,无闪烁显示,,,,,0,0,,,
nonflier,,,[网络] 非凡的,,,,,0,0,,,
nonfliers,,,[网络] 非凡的,,,,,0,0,,,
nonflight,,,[网络] 非飞行,,,,,0,0,,,
nonflights,,,[网络] 非飞行,,,,,0,0,,,
nonfloatable,,,[网络] 不可漂浮,,,,,0,0,,,
nonfloated,,,[网络] 未漂浮,,,,,0,0,,,
nonfloating,,,[网络] 非流动,,,,,0,0,,,
nonfloating arithmetic sign,,,非浮点算术符号,,,,,0,0,,,
nonfloating rail,,,固定护栏,,,,,0,0,,,
nonfloating type compass,,,非浮式罗盘,,,,,0,0,,,
nonflood,,,[网络] 非驱动,,,,,0,0,,,
nonfloor,,,[网络] 非地板,,,,,0,0,,,
nonfloral,,,[网络] 其他材料,,,,,0,0,,,
nonfloristic,,,[网络] 非光荣,,,,,0,0,,,
nonflour,,,[网络] 不匀,,,,,0,0,,,
nonflow,,,un. 非均匀流,,,,,0,0,,,
nonflow boiling,,,流动沸腾,,,,,0,0,,,
nonflow shrinkage,,,[网络] 非流动收缩,,,,,0,0,,,
nonflow system,,,＝ closed system,,,,,0,0,,,
nonflowering,nɔn'flajәriŋ,a without flower or bloom and not producing seeds,a. (尤指苔藓、蕨等)不开花的,,,,,0,0,,,
nonflowering plant,,,[网络] 非花卉植物,,,,,0,0,s:nonflowering plants,,
nonflowering plants,,,[网络] 不开花植物,,,,,0,0,0:nonflowering plant/1:s,,
nonflowing,'nɔn'flәuiŋ,,不流动的,,,,,0,0,,,
nonflowing well,,,非自流井,,,,,0,0,,,
nonfluctuating,,,[网络] 不流ating。,,,,,0,0,,,
nonfluencies,nɒn'fluːənsɪ,,n. 不流利；不流畅的言辞,,,,,0,0,,,
nonfluency,'nɔn'fluәnsi,,"n. 不流利,不流畅,不流畅的言辞",,,,,0,0,,,
nonfluent,,,[网络] 非流畅,,,,,0,0,,,
nonfluent aphasia,,, 迟滞型失语症,,,,,0,0,s:nonfluent aphasias,,
nonfluent aphasias,,,非流畅性失语,,,,,0,0,0:nonfluent aphasia/1:s,,
nonfluffy,,,[网络] 不愚蠢,,,,,0,0,,,
nonfluid,,,[网络] 非液体；非牛顿流体,,,,,0,0,,,
nonfluid oil,,,厚质润滑油,,,,,0,0,,,
nonfluidic,,,[网络] 非流动性,,,,,0,0,,,
nonfluidized,,,[网络] 非流动,,,,,0,0,,,
nonfluids,,,[网络] 非流体,,,,,0,0,,,
nonfluorescent,,,adj. 〔光〕非荧光的,,,,,0,0,,,
nonfluorescent radiation transition,,,非荧光辐射跃迁,,,,,0,0,,,
nonfluorinated,,,[网络] 非氟化,,,,,0,0,,,
nonfluorine,,,[网络] 非氟,,,,,0,0,,,
nonfluorous,,,[网络] 非氟,,,,,0,0,,,
nonflush,,,[网络] 不流氓,,,,,0,0,,,
nonflushed,,,[网络] 未冲洗,,,,,0,0,,,
nonflushing,,,[网络] 不冲洗,,,,,0,0,,,
nonfluted,,,[网络] 非抽搐,,,,,0,0,,,
nonfluxional,,,[网络] 非磁性,,,,,0,0,,,
nonflying,nɔn'flaiiŋ,,"a. 不飞的, 不能飞的",,,,,0,0,,,
nonfoam,,,[网络] 非泡沫,,,,,0,0,,,
nonfoaming,,,un. 不起泡的\n[网络] 不起泡沫的,,,,,0,0,,,
nonfoamy,,,[网络] 非泡沫,,,,,0,0,,,
nonfocal,,,[网络] 非焦点,,,,,0,0,,,
nonfocalization,,,[网络] 非焦化,,,,,0,0,,,
nonfocusing neutron spectrometer,,,非聚焦中子谱仪,,,,,0,0,,,
nonfogging film,,,不雾化软片,,,,,0,0,,,
nonfoliar,,,[网络] 非皮质,,,,,0,0,,,
nonfoliate,,,[网络] 无角质,,,,,0,0,,,
nonfolk,,,[网络] 非福利,,,,,0,0,,,
nonfolklore,,,[网络] 非格言,,,,,0,0,,,
nonfolkloric,,,[网络] 无品牌,,,,,0,0,,,
nonfolklorist,,,[网络] 非自由主义者,,,,,0,0,,,
nonfolklorists,,,[网络] 非自由者,,,,,0,0,,,
nonfollicular,,,[网络] 无毛,,,,,0,0,,,
nonfollow up type steering gear control,,,[网络] 非随动式操舵装置的控制,,,,,0,0,,,
nonfood,'nɔn'fu:d,,a. 非食物的,,,,,0,0,,,
nonfood raw materials,,,非食品原料,,,,,0,0,,,
nonfoodborne,,,[网络] 非食用,,,,,0,0,,,
nonfoods,'nɔn'fu:d,,adj. 非食物的,,,,,0,0,,,
nonfootball,,,[网络] 非足球,,,,,0,0,,,
nonfootwear,,,[网络] 非鞋类,,,,,0,0,,,
nonforaging,,,[网络] 非破坏性,,,,,0,0,,,
nonforbidden,,,[网络] 非禁止,,,,,0,0,,,
nonforced,,,[网络] 非强制,,,,,0,0,,,
nonforceful,,,[网络] 不受欢迎,,,,,0,0,,,
nonforcible,,,[网络] 不可强制,,,,,0,0,,,
nonforcibly,,,[网络] 非强制性,,,,,0,0,,,
nonforcing,,,[网络] 不逼叫；不迫叫,,,,,0,0,,,
nonforeclosure,,,[网络] 非封锁,,,,,0,0,,,
nonforeign,,,[网络] 非正规,,,,,0,0,,,
nonforeigner,,,[网络] 不重要的,,,,,0,0,,,
nonforeigners,,,[网络] 非人员,,,,,0,0,,,
nonforensic,,,[网络] 非法医,,,,,0,0,,,
nonforest,,,[网络] 非林地,,,,,0,0,,,
nonforest soil,,,非林地土壤,,,,,0,0,,,
nonforested,,,[网络] 非林地,,,,,0,0,,,
nonforestry,,,[网络] 非林业,,,,,0,0,,,
nonforfeitable,,,[网络] 不没收额；不可丧失；不可没收,,,,,0,0,,,
nonforfeiture,,,[网络] 来丧失；不能作废,,,,,0,0,,,
nonforfeiture condition,,,不能没有的条件,,,,,0,0,,,
nonforfeiture value,nɔn'fɔ:fitʃə,,【保险业】非丧失价值 [亦作 nonforfeiture benifit],,,,,0,0,,,
nonforfeitures,,,[网络] 非罚款,,,,,0,0,,,
nonformal,,,[网络] 非正规；非正规教育；非定型的,j:100,,,,0,0,,,
nonformal education,,,非定制教育,,,,,0,0,,,
nonformaldehyde finish,,,无甲醛加工,,,,,0,0,,,
nonformaldehyde reactant,,,不含甲醛加工剂,,,,,0,0,,,
nonformalism,,,[网络] 非形式主义,,,,,0,0,,,
nonformalistic,,,[网络] 非形式化,,,,,0,0,,,
nonformalizable,,,[网络] 不可形式化,,,,,0,0,,,
nonformalized,,,[网络] 非正式化,,,,,0,0,,,
nonformat,,,非格式,,,,,0,0,,,
nonformatted,,,[网络] 非格式化,,,,,0,0,,,
nonformulaic,,,[网络] 非公式,,,,,0,0,,,
nonformulary,,,[网络] 非公式,,,,,0,0,,,
nonfortified,,,[网络] 非强化,,,,,0,0,,,
nonfossil,,,[网络] 非化石,,,,,0,0,,,
nonfossiliferous,,,[网络] 非化石,,,,,0,0,,,
nonfossilized,,,[网络] 非化石,,,,,0,0,,,
nonfossorial,,,[网络] 非幻想,,,,,0,0,,,
nonfostered,,,[网络] 不保养,,,,,0,0,,,
nonfouling,'nɔn'fauliŋ,,"未污染的, 未弄脏的, 无污垢的, 无污泥的",,,,,0,0,,,
nonfoundamental mode flow table,,,非基本模式流程表,,,,,0,0,,,
nonfoundational,,,[网络] 非基础的,,,,,0,0,,,
nonfoundationalism,,,[网络] 非国籍主义,,,,,0,0,,,
nonfoundationalist,,,[网络] 非基督教徒,,,,,0,0,,,
nonfoundationalists,,,[网络] 非基督教徒,,,,,0,0,,,
nonfoveal,,,"非凹的,非中心凹的",,,,,0,0,,,
nonfoveate,,,[网络] 不喜欢,,,,,0,0,,,
nonfractal,,,[网络] 非分形,,,,,0,0,,,
nonfractional,,,[网络] 非分类,,,,,0,0,,,
nonfractional crystallization,,,非分离结晶作用,,,,,0,0,,,
nonfractionation sedimentation method,,,不分割沉降法,,,,,0,0,,,
nonfracture,,,[网络] 非断裂,,,,,0,0,,,
nonfractured,,,[网络] 非折断,,,,,0,0,,,
nonfracturing,,,[网络] 非压裂,,,,,0,0,,,
nonfragile,,,un. 不易脆裂的,,,,,0,0,,,
nonfragmentary,,,[网络] 非碎片,,,,,0,0,,,
nonfragmented,,,[网络] 如果是未分片数据包；如果是未分片资料包,,,,,0,0,,,
nonfragmenting projectile,,,无破片弹,,,,,0,0,,,
nonfragranced,,,[网络] 非分类,,,,,0,0,,,
nonfragrant,,,[网络] 非流利者,,,,,0,0,,,
nonframe,,,[网络] 无构架,,,,,0,0,,,
nonfranchise,,,[网络] 非特权,,,,,0,0,,,
nonfranchised,,,[网络] 没有权利,,,,,0,0,,,
nonfranchisee,,,[网络] 非特许经营,,,,,0,0,,,
nonfranchisees,,,[网络] 非特许经营者,,,,,0,0,,,
nonfraternities,,,[网络] 非兄弟会,,,,,0,0,,,
nonfraternity,,,[网络] 非陪产,,,,,0,0,,,
nonfraternization,,,[网络] 非父母化,,,,,0,0,,,
nonfraud,,,[网络] 非诈骗,,,,,0,0,,,
nonfraudulent,,,[网络] 不流氓,,,,,0,0,,,
nonfraying,,,[网络] 不散,,,,,0,0,,,
nonfreckled,,,[网络] 没有反应,,,,,0,0,,,
nonfree,,,[网络] 不自由,,,,,0,0,,,
nonfreedom,,,[网络] 不自由,,,,,0,0,,,
nonfreestanding,,,[网络] 不能独立站立；非自立式,,,,,0,0,,,
nonfreeway,,,[网络] 非自由,,,,,0,0,,,
nonfreezable,,,[网络] 不可靠,,,,,0,0,,,
nonfreezable oil,,,不冻油,,,,,0,0,,,
nonfreeze sprinkler system,,,不冻喷水系统,,,,,0,0,,,
nonfreezing,'nɔn'fri:ziŋ,,"[机] 不冻的, 不结冰的",,,,,0,0,,,
nonfreezing dynamite,,,不冻黄色炸药,,,,,0,0,,,
nonfreezing explosive,,,不冻炸药,,,,,0,0,,,
nonfreezing lubricating oil,,,un. 不冻滑油\n[网络] 不冻润滑油,,,,,0,0,,,
nonfreezing mixture,,,不冻混合物; 不冻剂,,,,,0,0,,,
nonfreezing solution,,,"[机] 不冻溶液, 不冻剂, 防止结冰液",,,,,0,0,,,
nonfreight,,,[网络] 非正义,,,,,0,0,,,
nonFrench,,,[网络] 非法,,,,,0,0,,,
nonfrequent,,,[网络] 非常见的,,,,,0,0,,,
nonfrequentative,,,[网络] 非常性,,,,,0,0,,,
nonfriable,,,[网络] 不友好,,,,,0,0,,,
nonfriables,,,[网络] 非亲戚朋友,,,,,0,0,,,
nonfricative,,,[网络] 非规范性,,,,,0,0,,,
nonfried,,,[网络] 非油炸,,,,,0,0,,,
nonfriend,,,[网络] 非朋友,,,,,0,0,,,
nonfriendly,,,[网络] 不友善,,,,,0,0,,,
nonfriends,,,[网络] 非朋友,,,,,0,0,,,
nonfrightening,,,[网络] 不厉害,,,,,0,0,,,
nonfrigid,,,[网络] 非刚果,,,,,0,0,,,
nonfrilly,,,[网络] 非脆性,,,,,0,0,,,
nonfringe,,,[网络] 非边缘,,,,,0,0,,,
nonfrivolous,,,[网络] 重要,,,,,0,0,,,
nonfrontal precipitation,,,非锋面降水,,,,,0,0,,,
nonfrontal squall line,,, 无锋飑线；锋前飑线,,,,,0,0,,,
nonfrontier,,,[网络] 非边缘,,,,,0,0,,,
nonfrost period,,,无霜期,,,,,0,0,,,
nonfrosting,,,不局部脱色,,,,,0,0,,,
nonfrozen,,,[网络] 非冻结,,,,,0,0,,,
nonfructose,,,[网络] 非果糖,,,,,0,0,,,
nonfrugivorous,,,[网络] 非生态,,,,,0,0,,,
nonfruit,,nonfruit (not comparable)\nNot of or pertaining to fruit.\n\n\nnonfruit (plural nonfruits)\nSomething that is not a fruit.\n,,,,,,0,0,,,
nonfruiting,,,[网络] 不成熟,,,,,0,0,,,
nonfruits,,,[网络] 非果汁,,,,,0,0,,,
nonfucosylated,,,[网络] 非岩藻糖基化,,,,,0,0,,,
nonfuel,,,[网络] 非燃料,,,,,0,0,,,
nonfueled,,,[网络] 不加油,,,,,0,0,,,
nonfugitive,,,[网络] 非逃犯,,,,,0,0,,,
nonfugitives,,,[网络] 非逃犯,,,,,0,0,,,
nonfulfil(l)ment,,,履行,,,,,0,0,,,
nonfulfilled,,,[网络] 未实现,,,,,0,0,,,
nonfulfilling,,,[网络] 未实现,,,,,0,0,,,
nonfulfillment,.nɒnful'filmәnt,n. Neglect or failure to fulfill.,"n. 不完成, 不履行",,,,,0,0,,,
nonfulfillments,",nɒnfʊl'fɪlmənt",,n. 不完成；不履行,,,,,0,0,,,
nonfulfilment,",nɔnful'filmәnt",,"n. 不完成, 不履行",,,,,0,0,,,
nonfull,,,[网络] 无必要发送非满,,,,,0,0,,,
nonfull dependency,,,不完全相依,,,,,0,0,,,
nonfull functional dependency,,,非完全函数相关性,,,,,0,0,,,
nonfumigated,,,[网络] 非熏蒸,,,,,0,0,,,
nonfunction,,,[网络] 功能；非功能,,,,,0,0,,,
nonfunction package software,,,非函数套装软体,,,,,0,0,,,
nonfunctional,nɒn'fʌŋkʃənl,a. not having or performing a function, [医]无功能的,j:100,,,,0,30188,,,
nonfunctional adrenocortical adenoma,,,肾上腺非功能性皮质腺瘤,,,,,0,0,,,
nonfunctional antigen,,,非功能性抗原,,,,,0,0,,,
nonfunctional characteristics,,,非功能特性,,,,,0,0,,,
nonfunctional packages software,,,[电] 非函数套装软件,,,,,0,0,,,
nonfunctional requirement,,,非功能性需求,,,,,0,0,,,
nonfunctional test,,,非功能测试,,,,,0,0,,,
nonfunctional tumor,,,无机能性肿瘤,,,,,0,0,,,
nonfunctionalized,,,[网络] 非功能化,,,,,0,0,,,
nonfunctionally,,,[网络] 非功能性,,,,,0,0,,,
nonfunctioning,nɒn'fʌŋkʃnɪŋ,, [医]无功能的，无机能的,,,,,0,0,,,
nonfunctioning adrenal tumor,,,无功能肾上腺瘤,,,,,0,0,,,
nonfunctioning pollen,,,无效花粉,,,,,0,0,,,
nonfunctions,,,[网络] 非功能,,,,,0,0,,,
nonfundamental,,,[网络] 非基础,,,,,0,0,,,
nonfundamental breach,,,非重大违约,,,,,0,0,,,
nonfundamental mode flow table,,,非基本模式流程表,,,,,0,0,,,
nonfundamentalist,,,[网络] 非原教旨主义者,,,,,0,0,,,
nonfundamentalists,,,[网络] 非原教旨主义者,,,,,0,0,,,
nonfunded,,,[网络] 延期收入通常是非积累,,,,,0,0,,,
nonfundraising,,,[网络] 非救援,,,,,0,0,,,
nonfuneral,,,[网络] 非功能性,,,,,0,0,,,
nonfungal,nɒn'fʌnɡæl,,[医]非真菌的,,,,,0,0,,,
nonfungibility,,,[网络] 非强度,,,,,0,0,,,
nonfungible,,,[网络] 取代；无可取代,,,,,0,0,,,
nonfungible thing,,,不可代替之物,,,,,0,0,,,
nonfungibles,,,[网络] 非功夫,,,,,0,0,,,
nonfungicidal,,,[网络] 非杀菌剂,,,,,0,0,,,
nonfungicide,,,[网络] 非杀菌剂,,,,,0,0,,,
nonfungistatic,,,[网络] 非功能性,,,,,0,0,,,
nonfurnace,,,[网络] 非机器人,,,,,0,0,,,
nonfurry,,,[网络] 无毛,,,,,0,0,,,
nonfuse breaker,,,熔断器断路器,,,,,0,0,,,
nonfused,,,[网络] 未填充,,,,,0,0,,,
nonfusibility,'nɔnfju:zә'biliti,,抗熔性,,,,,0,0,,,
nonfusible,'nɔn'fju:zәbl,,"不(能, 易)熔的",,,,,0,0,,,
nonfusion,,,n. 不熔渣；没有焊透\n[网络] 非融合,,,,,0,0,,,
nonfusional,,,[网络] 非功能性,,,,,0,0,,,
nonfusogenic,,,[网络] 非致畸性,,,,,0,0,,,
nonfussy,,,[网络] 非偶像,,,,,0,0,,,
nonfuture,,,[网络] 非定制,,,,,0,0,,,
nonfutures,,,[网络] 非拼接,,,,,0,0,,,
nonfuturistic,,,[网络] 非真实的,,,,,0,0,,,
nonfuzzy,,,[网络] 鄦佳非模糊值；非模糊值,,,,,0,0,,,
nong,nɔŋ,,n. [俚]笨蛋；[俚]蠢人（等于nong-nong）,,,,,0,0,s:nongs,,
Nong Bua,,,[地名] 农磨 ( 泰 ),,,,,0,0,,,
Nong Bua Lamphu,,,[地名] 农磨兰普 ( 泰 ),,,,,0,0,,,
"Nong Bua Lamphu, Changwat",,,[地名] 农磨兰普府 ( 泰 ),,,,,0,0,,,
Nong Cong,,,[地名] 农贡 ( 越 ),,,,,0,0,,,
Nong Han,,,[地名] 农汉 ( 泰 ),,,,,0,0,,,
Nong Hong,,,[地名] 农洪 ( 泰 ),,,,,0,0,,,
Nong Hèt,,,[地名] 农黑 ( 老 ),,,,,0,0,,,
Nong Khai,,,[地名] 廊开 ( 泰 ),,,,,0,0,,,
"Nong Khai, Changwat",,,[地名] 廊开府 ( 泰 ),,,,,0,0,,,
Nong Khang,,,[地名] 农康 ( 老 ),,,,,0,0,,,
"Nong Khang, Plat.de",,,[地名] 农康高原 ( 老 ),,,,,0,0,,,
Nong Mai,,,[地名] 农迈 ( 老 ),,,,,0,0,,,
Nong Ngu Hao Airport,,,[地名] 廊牛吼机场 ( 泰 ),,,,,0,0,,,
Nong Pet,,,[地名] 农贝 ( 老 ),,,,,0,0,,,
Nong Phong,,,[地名] 农蓬 ( 老 ),,,,,0,0,,,
Nong Sa Rai,,,[地名] 廊沙赖 ( 泰 ),,,,,0,0,,,
nong-nong,,,"n. 〈澳俚〉蠢人,笨蛋",,,,,0,0,,,
Nong-Son,,,农逊(廊逊),,,,,0,0,,,
nongadget,,"nongadget (not comparable)\nNot a gadget, or free of gadgetry\n",,,,,,0,0,,,
nongadolinium,,,[网络] 非钆,,,,,0,0,,,
nongainers,,,[网络] 获益者,,,,,0,0,,,
nongainstanding,,,[网络] 不了解,,,,,0,0,,,
nongalactic,,,[网络] 不协调,,,,,0,0,,,
nongalloylated,,,[网络] 非碱性化,,,,,0,0,,,
nongalvanized,,,[网络] 未加工,,,,,0,0,,,
nongame,,,[网络] 非零和赛局,,,,,0,0,,,
nongamer,,,[网络] 不客气,,,,,0,0,,,
nongamers,,,[网络] 非玩家,,,,,0,0,,,
nongames,,,[网络] 不称职,,,,,0,0,,,
nongaming,,,a. 非博彩（业）的,,,,,0,0,,,
Nongan,,,農安（中国地名） ,,,,,0,0,,,
nongang,,,[网络] 农岗,,,,,0,0,,,
nonganglionic,,,[网络] 非神经节,,,,,0,0,,,
nongangrenous,,,[网络] 非洲人,,,,,0,0,,,
nongardener,,,[网络] 消化剂,,,,,0,0,,,
nongardeners,,,[网络] 农民,,,,,0,0,,,
nongardening,,,[网络] 不耐烦,,,,,0,0,,,
nongas,,,[网络] 不好,,,,,0,0,,,
nongas warfare,,,[军] 非毒气战,,,,,0,0,,,
nongaseous,,,[网络] 非气体,,,,,0,0,,,
nongasoline,,,[网络] 壬沙林,,,,,0,0,,,
nongastric,,,[网络] 农杆菌,,,,,0,0,,,
nongastrointestinal,,,[网络] 非胃肠道,,,,,0,0,,,
nongastronomic,,,[网络] 非农业,,,,,0,0,,,
nongated,,,[网络] 全美国最大的户外,,,,,0,0,,,
nongaussian,,,[网络] 非高斯,,,,,0,0,,,
nongaussian noise,,,[声] 非高斯噪声,,,,,0,0,,,
nongaussianities,,,[网络] 非正统性,,,,,0,0,,,
nongaussianity,,,[网络] 非正态性,,,,,0,0,,,
nongay,,,[网络] 不好意思,,,,,0,0,,,
nongays,,,[网络] 不好意思,,,,,0,0,,,
nongeeks,,,[网络] 非书,,,,,0,0,,,
nongelatinized,,,adj. 〔化〕未胶化的,,,,,0,0,,,
nongelatinous,,,[网络] 不合格的,,,,,0,0,,,
nongelling,,,[网络] 不好意思,,,,,0,0,,,
nongeminated,,,[网络] 不服,,,,,0,0,,,
nongender,,,[网络] 无性别盲,,,,,0,0,,,
nongendered,,,[网络] 非传递,,,,,0,0,,,
nongenealogical,,,[网络] 非功能性,,,,,0,0,,,
nongeneralizable,,,[网络] 不一般的,,,,,0,0,,,
nongeneralized,,,[网络] 不合格,,,,,0,0,,,
nongenerated,,,[网络] 非传染性,,,,,0,0,,,
nongenerational,,,[网络] 非代,,,,,0,0,,,
nongenerative,,,[网络] 非传统的,,,,,0,0,,,
nongeneric,,,[网络] 非泛型,,,,,0,0,,,
nongeneric form of external function,,,外部函数的非同属形式,,,,,0,0,,,
nongeneric form of intrinsic function,,,内在函数的非同属形式,,,,,0,0,,,
nongenetic,,,[网络] 非遗传性的,,,,,0,0,,,
nongenetic interaction,,,非基因交互作用,,,,,0,0,,,
nongenetically,,,[网络] 非洲的,,,,,0,0,,,
nongeneticist,,,[网络] 非语言学家,,,,,0,0,,,
nongeneticists,,,[网络] 不确定者,,,,,0,0,,,
nongenic,,,[网络] 非基因,,,,,0,0,,,
nongenital,,,[网络] 非基督教,,,,,0,0,,,
nongenius,,,[网络] 农尼纽斯,,,,,0,0,,,
nongeniuses,,,[网络] 非洲人,,,,,0,0,,,
nongenogroupable,,,[网络] 不可分组,,,,,0,0,,,
nongenomic,,,[网络] 非基因组；非基因；非基因组的,,,,,0,0,,,
nongenomic effect,,,非基因体作用,,,,,0,0,,,
nongenotoxic,,,[网络] 致癌剂可能有非基因毒,,,,,0,0,,,
nongenre,,,[网络] 农民,,,,,0,0,,,
nongenuine,,,[网络] 真正的,,,,,0,0,,,
nongeochemical,,,[网络] 非地球化学,,,,,0,0,,,
nongeodesic,,,[网络] 非代理,,,,,0,0,,,
nongeographer,,,[网络] 非地理学家,,,,,0,0,,,
nongeographers,,,[网络] 非地理学家,,,,,0,0,,,
nongeographic,,,[网络] 非地理,,,,,0,0,,,
nongeographical,,,[网络] 非地理学,,,,,0,0,,,
nongeography,,,[网络] 非地理学,,,,,0,0,,,
nongeological,,,[网络] 非地理学,,,,,0,0,,,
nongeologist,,,[网络] 非地质学家,,,,,0,0,,,
nongeologists,,,[网络] 非地缘学家,,,,,0,0,,,
nongeology,,,[网络] 非地理学,,,,,0,0,,,
nongeometric,,,[网络] 非规矩,,,,,0,0,,,
nongeometric curve,,,非几何曲线,,,,,0,0,,,
nongeometrical,,,[网络] 非偶数,,,,,0,0,,,
nongeometrically,,,[网络] 非计量学,,,,,0,0,,,
nongeophysical,,,[网络] 非物理学,,,,,0,0,,,
nongeospatial,,,[网络] 非空间,,,,,0,0,,,
nongeothermal,,,[网络] 非地热,,,,,0,0,,,
nongeriatric,,,[网络] 非专科,,,,,0,0,,,
nongermanium,,,[网络] 不锈钢,,,,,0,0,,,
nongermicidal,,,[网络] 非杀菌剂,,,,,0,0,,,
nongerminal,,,[网络] 非终身,,,,,0,0,,,
nongerminated,,,[网络] 不成熟,,,,,0,0,,,
nongerminating,,,[网络] 不发芽,,,,,0,0,,,
nongermination,,,[网络] 不发芽,,,,,0,0,,,
nongestational,nɒnɡes'teɪʃənl,,[医]非妊娠的，未妊娠的,,,,,0,0,,,
nongestural,,nongestural (not comparable)\nNot gestural; not using gestures.\n,,,,,,0,0,,,
Nongfu,,,[网络] 农业；鍐滃,,,,,0,0,,,
nonghetto,,,[网络] 农委托,,,,,0,0,,,
Nonghkai,,,[地名] 农凯 ( 缅 ),,,,,0,0,,,
nonghostly,,nonghostly (not comparable)\nNot ghostly.\n,,,,,,0,0,,,
Nonghyup,,,[网络] 农协；农协银行；农协网络银行,,,,,0,0,,,
nongifted,,,[网络] 不受影响,,,,,0,0,,,
nongilled,,,[网络] 非常的,,,,,0,0,,,
nongirlfriend,,,[网络] 女朋友,,,,,0,0,,,
nongiver,,nongiver (plural nongivers)\nOne who does not make charitable donations.\n,,,,,,0,0,,,
nongivers,,,[网络] 农民,,,,,0,0,,,
nongiving,,,[网络] 不生气,,,,,0,0,,,
Nongkhai,'nɔŋ'kai,,廊开(泰国东北部城市) [亦作 Nong Khai],,,,,0,0,s:nongkhais,,
nongkhais,'nɔŋ'kai,,Nongkhai\n['nɔŋ'kai]\n廊开(泰国东北部城市) [亦作 Nong Khai],,,,,0,0,0:nongkhai/1:s,,
nonglacial,,,非冰川的,,,,,0,0,,,
nonglamorous,,,[网络] 非常强烈,,,,,0,0,,,
nonglandular hair,,,[医] 非腺性毛,,,,,0,0,,,
nonglare,,,n. 无眩光\n[网络] 无光泽；雾面,,,,,0,0,,,
nonglare scale,,,无光泽标度,,,,,0,0,,,
nonglass,,,[网络] 放大镜状,,,,,0,0,,,
nonglassy,,,[网络] 非分类,,,,,0,0,,,
nonglassy refractory,,,非玻璃质耐火材料,,,,,0,0,,,
nonglaucoma,,,[网络] 非毛细血管,,,,,0,0,,,
nonglaucomatous,,,[网络] 非毛细血管,,,,,0,0,,,
nonglaucous,,,[网络] 不粘的,,,,,0,0,,,
nonglazed,,,[网络] 不加注,,,,,0,0,,,
nonglobal,,,[网络] 非全局的,,,,,0,0,,,
nonglobally,,,[网络] 非正式地,,,,,0,0,,,
nonglobular,,,[网络] 非球形,,,,,0,0,,,
nongloss,,,[网络] 不好意思,,,,,0,0,,,
nonglossy,,,[网络] 不好意思,,,,,0,0,,,
nonglottalized,,,[网络] 不合格,,,,,0,0,,,
nonglucocorticoid,,,[网络] 非糖皮质激素,,,,,0,0,,,
nonglucocorticoids,,,[网络] 非糖皮质激素,,,,,0,0,,,
nonglucose,,,[网络] 非葡萄糖,,,,,0,0,,,
nonglue,,,[网络] 农lue,,,,,0,0,,,
nonglutamylated,,,[网络] 无菌素化,,,,,0,0,,,
nonglutathione,,,[网络] 非奴隶关系,,,,,0,0,,,
nongluten,,,[网络] ong en,,,,,0,0,,,
nonglutinous,,,[网络] 澄面粉,,,,,0,0,,,
nonglutinous rice,,,籼稻;籼稻,,,,,0,0,,,
nonglycemic,,,[网络] 非糖尿病,,,,,0,0,,,
nonglyceride,,,[网络] 非甘油三酯,,,,,0,0,,,
nonglyceride component,,,非甘油酯组分,,,,,0,0,,,
nonglycerides,,,[网络] 非甘油三酯,,,,,0,0,,,
nonglycerinated,,,[网络] 非甘油三酯,,,,,0,0,,,
nonglycerol,,,[网络] 非甘油,,,,,0,0,,,
nonglycogen,,,[网络] 非糖原,,,,,0,0,,,
nonglycoside,,,[网络] 非糖苷,,,,,0,0,,,
nonglycosidic,,,[网络] 非糖苷,,,,,0,0,,,
nonglycosylate,,,非糖基化的,,,,,0,0,,,
nonglycosylated,,,[网络] 非糖基化,,,,,0,0,,,
nonglyphic,,,[网络] 非人字,,,,,0,0,,,
nongnostic,,,[网络] 不可知论,,,,,0,0,,,
Nongoa,,,[地名] 农戈阿 ( 几 ),,,,,0,0,,,
nongoal,,nongoal (not comparable)\nNot of or pertaining to a goal.\n\n\nnongoal (plural nongoals)\nThat which is not a goal (in various senses).\n,,,,,,0,0,,,
nongoals,,,[网络] 非目标,,,,,0,0,,,
nongod,,,[网络] 农奴,,,,,0,0,,,
nongolf,,,[网络] 农夫,,,,,0,0,,,
nongoma,,, [地名] [南非共和国] 农戈马,,,,,0,0,,,
nongonadal,,,[网络] 农奴,,,,,0,0,,,
nongonococal,"'nɔn,^ɔnә'kɔkәl",,a. [医]非淋病性的,,,,,0,0,,,
nongonococcal,nɒnɡənə'kɒkəl,,a. 非淋病性的,,,,,0,0,,,
nongonococcal urethritis,ˈnɔnˌɡɔnəˈkɔkəl ˌjuəriˈθraitis,, 非淋病性尿道炎,,,,,0,0,,,
nongonorrheal,,,[网络] 非淋病,,,,,0,0,,,
nongood,,,[网络] 不好意思,,,,,0,0,,,
nongoodness,,,[网络] 不健康,,,,,0,0,,,
nongoods,,,[网络] 础消费品,,,,,0,0,,,
nongoods services,,,非商品服务业,,,,,0,0,,,
nongoto statement,,,非GOTO叙述,,,,,0,0,,,
nongourmet,,,[网络] 不美食,,,,,0,0,,,
nongoverned,,,[网络] 不通,,,,,0,0,,,
nongoverning,,,[网络] 农闲,,,,,0,0,,,
nongovernment,'nɔn'ɡʌvənmənt,,a. 非政府的；非政治的（等于nongovernmental）,,,,,0,0,,,
nongovernment trade,,,[贸易] 民间贸易,,,,,0,0,,,
nongovernment trade mission,,,民间贸易代表团,,,,,0,0,,,
nongovernment transaction,,,非政府交易,,,,,0,0,,,
nongovernmental,nɒnɡʌvnmenlt,,"a. 非政府的, 非政治（上）的; 草野; 民间",j:100,,,,0,10297,,,
nongovernmental audit,,,民间审计,,,,,0,0,,,
nongovernmental organization,,, 社会团体,,,,,0,0,s:nongovernmental organizations,,
nongovernmental organizations,,,非政府组织；社会团体,,,,,0,0,0:nongovernmental organization/1:s,,
nongovernmental organizations (ngos),,,非政府组织,,,,,0,0,,,
nongovernmental trade agreement,,,民间贸易协定,,,,,0,0,,,
nongovernments,,,[网络] 不通,,,,,0,0,,,
Nongp'o-ri,,,[地名] 农浦里 ( 朝 ),,,,,0,0,,,
Nongpoh,,,[地名] 农博 ( 印 ),,,,,0,0,,,
nongraceful,,,[网络] 不礼貌,,,,,0,0,,,
nongraded,'nɔn'^reidid,,无(熟练程度)等级的,,,,,0,0,,,
nongraded class,,,不分年级班级，无年级班级,,,,,0,0,,,
nongraded school,,,不分年级学校，无年级学校,,,,,0,0,,,
nongraded system,,,不分级别,,,,,0,0,,,
nongrads,,,[网络] 非毕业生,,,,,0,0,,,
nongradual,,,[网络] 非渐进的,,,,,0,0,,,
nongraduate,"'nɔn'^rædʒjәt, -eit",,"n. 非毕业生,本科生",,,,,0,0,,,
nongraduated,'nɔn'ɡrædʒuət; -'ɡrɑ:-,,n. 非毕业生，本科生,,,,,0,0,,,
nongraduates,"'nɔn'ɡrædʒuət, -'ɡrɑ:-",,n. 本科生，非毕业生,,,,,0,0,,,
nongraduating,'nɔn'ɡrædʒuət; -'ɡrɑ:-,,n. 非毕业生，本科生,,,,,0,0,,,
nongraffiti,,nongraffiti (uncountable)\nAny artwork that is not considered to be graffiti\n,,,,,,0,0,,,
nongrafted,,,[网络] 非移植,,,,,0,0,,,
nongrain,,,[网络] 非晶粒,,,,,0,0,,,
nongrains,,,[网络] 非晶粒,,,,,0,0,,,
nongrainy,,,[网络] 非格,,,,,0,0,,,
nongraminaceous,,,[网络] 非花岗质,,,,,0,0,,,
nongrammar,,,[网络] 非程式,,,,,0,0,,,
nongrammatical,",nɔn^rә'mætikәl",,a. 不合乎文法的,,,,,0,0,,,
nongrammatically,,,[网络] 非规范地,,,,,0,0,,,
nongrammatically-guided system,,,[计] 非语法指导系统,,,,,0,0,,,
nongran,,,n. 农格兰含锌锡青铜；一种青铜,,,,,0,0,,,
nongranular,,,un. 状的,,,,,0,0,,,
nongranular leuko-cyte,,,无粒白细胞,,,,,0,0,,,
nongranular leukocyte,,,[医] 无粒白细胞(指淋巴细胞和单核细胞),,,,,0,0,,,
nongranular leukocytes,,,无粒白细胞,,,,,0,0,,,
nongranulated,,,[网络] 不排他,,,,,0,0,,,
nongranulomatous iridocyclitis,,,非肉芽肿性虹膜睫状体炎,,,,,0,0,,,
nongraphemic,,,[网络] 非透视,,,,,0,0,,,
nongraphic,,,[网络] 非图形,,,,,0,0,,,
nongraphic character,,,非图形符号,,,,,0,0,,,
nongraphic control panel,,,非模拟仪表盘,,,,,0,0,,,
nongraphic/video terminal,,,非图形／视讯终端,,,,,0,0,,,
nongraphical,,,[网络] 非图形,,,,,0,0,,,
nongraphical data,,,非图形资料,,,,,0,0,,,
nongraphics,,,[网络] 非统计,,,,,0,0,,,
nongraphite,,,[网络] 非标准,,,,,0,0,,,
nongraphitic,,,[网络] 非图形,,,,,0,0,,,
nongrass,,,[网络] 非草地,,,,,0,0,,,
nongravid,,,n. 非遗传变异,,,,,0,0,,,
nongravitating,,,[网络] 不重要,,,,,0,0,,,
nongravitational,,,[网络] 非重力,,,,,0,0,,,
nongray,,,[网络] 不格,,,,,0,0,,,
nongray media,,,灰体介质,,,,,0,0,,,
nongrazed,,,[网络] 非格拉德,,,,,0,0,,,
nongrazing,,,[网络] 非放牧,,,,,0,0,,,
nongreased,,,[网络] 不成功,,,,,0,0,,,
nongreasy,,,[网络] 不油腻,,,,,0,0,,,
nongreat,,,[网络] 不好意思,,,,,0,0,,,
nongreedy,,,[网络] 非贪婪模式,,,,,0,0,,,
nongreen,'nɔn'^ri:n,,"a. 非绿色的,不含叶绿素的",,,,,0,0,,,
nongreenhouse,,,[网络] nungreenhouse,,,,,0,0,,,
nongregarious,,,adj. 〔植〕非聚生的,,,,,0,0,,,
nongregariousness,,,[网络] 非典型性,,,,,0,0,,,
nongremial,,,[网络] 非常的,,,,,0,0,,,
nongrey,,,[网络] 农仁,,,,,0,0,,,
nongrilled,,,[网络] 非烧烤,,,,,0,0,,,
nongro,,,n. 农格罗低膨胀系数镍铁合金,,,,,0,0,,,
nongrocery,,,[网络] 非营利,,,,,0,0,,,
nongrooming,,,[网络] 不起眼,,,,,0,0,,,
nonground,,,[网络] 不完整,,,,,0,0,,,
nongrounded,'nɔn'^raundid,,不接地的,,,,,0,0,,,
nongroup,,,[网络] 非集团,,,,,0,0,,,
nongroup code,,,非群码,,,,,0,0,,,
nongroups,,,[网络] 非团体,,,,,0,0,,,
nongrowing,,,[网络] 不幸的,,,,,0,0,,,
nongs,nɔŋ,,n. 笨蛋；蠢人（等于nong-nong）\nn. (Nong)人名；(柬)农；(越)农,,,,,0,0,0:nong/1:s,,
Nongsa,,,[地名] 农萨 ( 印尼 ),,,,,0,0,,,
Nongshim,,,[网络] 农心；农心酒店；韩国农心公司,,,,,0,0,,,
Nongstoin,,,[地名] 农斯多因 ( 印 ),,,,,0,0,,,
nonguaranteed,,,[网络] 不保护,,,,,0,0,,,
nonguarded,,,[网络] 不守规矩,,,,,0,0,,,
nonguarded crossing,,,无防护道口,,,,,0,0,,,
nonguards,,,[网络] 农夫,,,,,0,0,,,
nongubernatorial,,,[网络] 非整形,,,,,0,0,,,
nonguerrilla,,,[网络] 非游击队,,,,,0,0,,,
nonguest,,,[网络] 不好意思,,,,,0,0,,,
nonguests,,,[网络] 不成功,,,,,0,0,,,
nonguided,,,[网络] 不协调,,,,,0,0,,,
nonguideline,,,[网络] 不好意思,,,,,0,0,,,
nonguilt,,,[网络] 不成功,,,,,0,0,,,
nonguilty,,,[网络] 不健康,,,,,0,0,,,
nonguitarist,,,[网络] 男子吉他手,,,,,0,0,,,
nonguitarists,,,[网络] 非音乐家,,,,,0,0,,,
nongullible,,,[网络] 不可剥夺,,,,,0,0,,,
nongummatous,,,[网络] 非传染性,,,,,0,0,,,
nongusseted,,,[网络] 不穿衣服,,,,,0,0,,,
nonguttural,,,[网络] 不成体,,,,,0,0,,,
nongymnast,,,[网络] 农民,,,,,0,0,,,
nongymnastic,,,[网络] 不合语,,,,,0,0,,,
nongymnasts,,,[网络] 不称呼,,,,,0,0,,,
nongynaecological,,,[网络] 非生态学,,,,,0,0,,,
nongynecological,,,[网络] 非炎症性,,,,,0,0,,,
nongypsies,,,[网络] 非典型,,,,,0,0,,,
nongypsy,,,[网络] 不通,,,,,0,0,,,
nongyrotropic,,,[网络] 不合适的,,,,,0,0,,,
nonhabitat,,,[网络] 非栖息地,,,,,0,0,,,
nonhabitats,,,[网络] 非栖息地,,,,,0,0,,,
nonhabitual,,,[网络] 非习惯性,,,,,0,0,,,
nonhabitual offender,,,"[法] 偶犯, 非习惯犯",,,,,0,0,,,
nonhacker,,,[网络] 非黑客,,,,,0,0,,,
nonhackers,,,[网络] 非黑客,,,,,0,0,,,
nonhaematology,,,非血液病学,,,,,0,0,,,
nonhaemolytic,,,[网络] 非溶血性,,,,,0,0,,,
nonhagiographic,,,[网络] 非阴影,,,,,0,0,,,
nonhair,,,[网络] 非人,,,,,0,0,,,
nonhairy,nɒn'heərɪ,s without hair," [医]无毛发的, 非多毛的",,,,,0,0,,,
nonhalal,,,[网络] 非清真；非清真食物；不是清真,,,,,0,0,,,
nonhalogen,,,[网络] 最新之非卤素,,,,,0,0,,,
nonhalogenated,,,[网络] 非卤化,,,,,0,0,,,
nonhalogens,,,[网络] 非卤素,,,,,0,0,,,
nonhandicap,,,[网络] 非治疗剂,,,,,0,0,,,
nonhandicapped,,,[网络] 非残疾人,j:100,,,,0,0,,,
nonhang-up base,,,不挂断基础,,,,,0,0,,,
nonhanging,,,[网络] 不伸长,,,,,0,0,,,
nonhaploid,,,[网络] 非倍体,,,,,0,0,,,
nonhappening,,,[网络] 不快乐,,,,,0,0,,,
nonhappenings,,,[网络] 不安定,,,,,0,0,,,
nonhappy,,,[网络] 不开心,,,,,0,0,,,
nonhaptic,,,[网络] 非休克,,,,,0,0,,,
nonharam,,,[网络] 非哈拉姆,,,,,0,0,,,
nonharassment,,,[网络] 无害,,,,,0,0,,,
nonhardcore,,,[网络] 非硬核,,,,,0,0,,,
nonhardenable,,,[网络] 不可硬化,,,,,0,0,,,
nonhardened,'nɔn'hɑ:dәnd,,"非硬式的, 非防原子的",,,,,0,0,,,
nonhardened fabricated crossing,,,不淬火的组合辙叉,,,,,0,0,,,
nonhardening,'nɔn'hɑ:dәniŋ,,"不硬化, 难硬化",,,,,0,0,,,
nonhardware,,,[网络] 非硬件,,,,,0,0,,,
nonhardy,'nɒnhɑ:dɪ,,[医]不耐寒的,,,,,0,0,,,
nonharm,,,[网络] 非哈马,,,,,0,0,,,
nonharmful,,,adj. 无害的,,,,,0,0,,,
nonharmonic,'nɔnhɑ:'mɔnik,a not harmonic,非谐波的,,,,,0,0,,,
nonharmonic component,,,[物] 非谐波分量,,,,,0,0,,,
nonharmonic constant of tide,,,潮汐非调和常数,,,,,0,0,,,
nonharmonic constants,,,[网络] 非调和常数,,,,,0,0,,,
nonharmonic method,,,[网络] 非调和法,,,,,0,0,,,
nonharmonic tidal constants,,,[网络] 非调和潮汐常数,,,,,0,0,,,
nonharmonic tone,"'nɔnhɑ:'mɔnik; ,nɔnhɑ:'mɔnik",,【音乐】非和声音,,,,,0,0,,,
nonharmony,,,[网络] 非和谐,,,,,0,0,,,
nonharvest,,,[网络] 非收获,,,,,0,0,,,
nonharvestable,,,[网络] 不可收回,,,,,0,0,,,
nonhasidic,,,[网络] 非吸引力,,,,,0,0,,,
nonhazardous,'nɔn'hæzәdәs,,"无危险的, 安全的",,,,,0,0,,,
nonhead,,,[网络] 非头,,,,,0,0,,,
nonheaded,,,[网络] 无头,,,,,0,0,,,
nonheading cabbage,,,不结球甘蓝,,,,,0,0,,,
nonheadline,,,[网络] 非头条,,,,,0,0,,,
nonheads,,,[网络] 非头,,,,,0,0,,,
nonhealing,,,[网络] 不加热,,,,,0,0,,,
nonhealth,,,[网络] 不健康,,,,,0,0,,,
nonhealthcare,,,[网络] 非健康护理,,,,,0,0,,,
nonhealthiness,,,[网络] 不健康,,,,,0,0,,,
nonhealthy,,,[网络] 不健康,,,,,0,0,,,
nonhearing,,,[网络] 不结盟,,,,,0,0,,,
nonheart,,,[网络] 不心事,,,,,0,0,,,
nonheat-dissipating specimen,,,[试验] 非散热试验样品,,,,,0,0,,,
nonheat-treatable,,,不能热处理的,,,,,0,0,,,
nonheated,,,[网络] 不加热,,,,,0,0,,,
nonheattreatable,,,n. 不可热处理的,,,,,0,0,,,
nonheavy,,,[网络] 不加重,,,,,0,0,,,
nonheavyweight,,,[网络] 非重量级,,,,,0,0,,,
nonhedged,,,[网络] 不分开,,,,,0,0,,,
nonhedonistic,,,[网络] 非现实的,,,,,0,0,,,
nonhegemonic,,,[网络] 非霸权,,,,,0,0,,,
nonhelical,,,[网络] 非螺旋；非螺旋型,,,,,0,0,,,
nonhelium,,,[网络] 非球面,,,,,0,0,,,
nonhelium quantum crystal,,,[晶体] 非氦量子晶体,,,,,0,0,,,
nonhelmeted,,,[网络] 未经测量,,,,,0,0,,,
nonhelpful,,,[网络] 没有帮助,,,,,0,0,,,
nonhematologic,,,[网络] 非血液学,,,,,0,0,,,
nonhematological,,,[网络] 非血液学,,,,,0,0,,,
nonhematopoetic,,,非红细胞生成作用,,,,,0,0,,,
nonhematopoietic,,,[网络] 非造血,,,,,0,0,,,
nonheme,,,[网络] 非血基质铁,,,,,0,0,,,
nonheme - iron protein,,,非原血红素铁蛋白质,,,,,0,0,,,
nonheme iron,,,[机] 非血质铁,,,,,0,0,,,
nonheme-iron chromophore,,,[生化] 非血红素铁生色团,,,,,0,0,,,
nonheme-iron protein,,,[生化] 非血红素铁蛋白,,,,,0,0,,,
nonhemispheric,,,[网络] 非半球,,,,,0,0,,,
nonhemodynamic,,,[网络] 非动力学,,,,,0,0,,,
nonhemogenic,,,[网络] 非化学性,,,,,0,0,,,
nonhemolytic,,,[医] 非溶血性的,,,,,0,0,,,
nonhemolytic system,,,非溶血系统,,,,,0,0,,,
nonhemopoietic,,,[网络] 非造血,,,,,0,0,,,
nonhemorrhagic,,,"非出血性,不出血的",,,,,0,0,,,
nonheparinized,,,[网络] 非肝素化,,,,,0,0,,,
nonhepatic,,,[网络] 非肝性,,,,,0,0,,,
nonhepatocellular,,,[网络] 非肝细胞,,,,,0,0,,,
nonhepatogenous,,,非肝原性的,,,,,0,0,,,
nonheraldic,,,[网络] 非神经性,,,,,0,0,,,
nonherbaceous,,,[网络] 非皮质,,,,,0,0,,,
nonherbal,,,[网络] 非口香糖,,,,,0,0,,,
nonherbicidal,,,[网络] 无除草剂,,,,,0,0,,,
nonherbicide,,,[网络] 非除草剂,,,,,0,0,,,
nonherbicides,,,[网络] 非除草剂,,,,,0,0,,,
nonherbivore,,,[网络] 非转动体,,,,,0,0,,,
nonherbivores,,,[网络] 非转动体,,,,,0,0,,,
nonherbivorous,,,[网络] 不亲和的,,,,,0,0,,,
nonhereditary,nɒnhɪ'redɪtrɪ,s not acquirable by inheritance, [医]非遗传的,,,,,0,0,,,
nonheretical,,,[网络] 非理性,,,,,0,0,,,
nonheritable,,,[网络] 不可遗传,,,,,0,0,,,
nonhermatypic coral,,,非造礁珊瑚,,,,,0,0,,,
nonhermeneutic,,,[网络] 非修辞学,,,,,0,0,,,
nonhermeneutical,,,[网络] 非同义词,,,,,0,0,,,
nonhermetic,'nɔnhә:'metik,,"不气密的, 不密闭的",,,,,0,0,,,
nonherniated,,,[网络] 没有,,,,,0,0,,,
nonhero,'nɔnhiәrәu,,"n. 非英雄主角, 反英雄",,,,,0,0,,,
nonheroes,",nɒn'hɪərəʊ",,n. 非英雄主角；反英雄（等于antihero）,,,,,0,0,,,
nonheroic,,,[网络] 不臭的,,,,,0,0,,,
nonheterocyclic,,,[网络] 非杂环,,,,,0,0,,,
nonheteronormative,,,[网络] 非外生性,,,,,0,0,,,
nonheterosexist,,,[网络] 非永久性,,,,,0,0,,,
nonheterosexual,,,[网络] 非异性恋,,,,,0,0,,,
nonheterosexuality,,,[网络] 非同性恋,,,,,0,0,,,
nonheterosexuals,,,[网络] 非同性恋者,,,,,0,0,,,
nonheterotic,,,[网络] 非智力,,,,,0,0,,,
nonheterotrophic,,,[网络] 非营养型,,,,,0,0,,,
nonheuristic,,,[网络] 非启发式,,,,,0,0,,,
nonhexadecimal,,,[网络] 非十六进制,,,,,0,0,,,
nonhibernating,nɔn'haibәneitiŋ,,"a. 不冬眠的,不能冬眠的",,,,,0,0,,,
nonhidden,,,[网络] 非隐藏,,,,,0,0,,,
nonhierarchic,,,[网络] 非层级,,,,,0,0,,,
nonhierarchical,,,[网络] 非层级；非分层法；不分等级,j:100,,,,0,0,,,
nonhierarchical file,,,不分级档案,,,,,0,0,,,
nonhierarchical plan,,,非阶层性计画,,,,,0,0,,,
nonhierarchical planning,,,非阶层式规划,,,,,0,0,,,
nonhierarchical routing network,,,无级选路网,,,,,0,0,,,
nonhierarchically,,,[网络] 非分层,,,,,0,0,,,
nonhieroglyphic,,,[网络] 非象形文字,,,,,0,0,,,
nonhigh,,,[网络] 不高,,,,,0,0,,,
nonhighlighted,,,[网络] 不高兴,,,,,0,0,,,
nonhighway,,,[网络] 非高速公路,,,,,0,0,,,
nonhiker,,,[网络] 不喜欢,,,,,0,0,,,
nonhikers,,,[网络] 非吸引人,,,,,0,0,,,
nonhilar,,,[网络] 不喜欢,,,,,0,0,,,
nonhilly,,,[网络] 非丘陵,,,,,0,0,,,
nonhinged,,,[网络] 没有,,,,,0,0,,,
nonhip,,,[网络] 非法,,,,,0,0,,,
nonhippocampal,,,[网络] 非寄生虫,,,,,0,0,,,
nonhippy,,,[网络] 非船只,,,,,0,0,,,
nonhipster,,,[网络] 非船员,,,,,0,0,,,
nonhipsters,,,[网络] 非军舰,,,,,0,0,,,
nonhispanic,,,[网络] 美国白人,,,,,0,0,,,
nonhistaminergic,,,[网络] 非组胺药,,,,,0,0,,,
nonhistone,nɔn'histәjn,,a. [生化]非组蛋白的(指富有芳香氨基酸的),,,,,0,0,,,
nonhistone chromosomal protein,,,非组蛋白性染色体蛋白质,,,,,0,0,,,
nonhistone chromosomal protein(s),,,[生化] 非组蛋白染色体蛋白质,,,,,0,0,,,
nonhistone protein,,,[化] 非组蛋白质,,,,,0,0,,,
nonhistone proteins,,,非组蛋白蛋白质,,,,,0,0,,,
nonhistones,,,[网络] 非组织蛋白,,,,,0,0,,,
nonhistorian,,,[网络] 非史蒂芬,,,,,0,0,,,
nonhistorians,,,[网络] 非史前史,,,,,0,0,,,
nonhistorical,,,[网络] 非历史的,,,,,0,0,,,
nonhistorically,,,[网络] 非史密斯,,,,,0,0,,,
nonhistories,,,[网络] 非文化,,,,,0,0,,,
nonhistoriographic,,,[网络] 非史诗,,,,,0,0,,,
nonhistory,,,[网络] 非史,,,,,0,0,,,
nonhit,,,[网络] 非休,,,,,0,0,,,
nonhobbyist,,,[网络] 非营利组织,,,,,0,0,,,
nonhobbyists,,,[网络] 非营利组织,,,,,0,0,,,
nonhockey,,,[网络] 非休克,,,,,0,0,,,
nonhodgkin,,,[网络] 非原型,,,,,0,0,,,
nonholiday,,,[网络] 非礼拜,,,,,0,0,,,
nonholidays,,,[网络] 非星期五,,,,,0,0,,,
nonholistic,,,[网络] 不道德的,,,,,0,0,,,
nonhollow,,,[网络] 不舒服,,,,,0,0,,,
nonholo graphic magnetooptic memory,,,非全息照相磁光存储器,,,,,0,0,,,
nonholographic,,,[网络] 非影像学,,,,,0,0,,,
nonholographic magneto-optic memory,,,[计] 非全息照相磁光存储器,,,,,0,0,,,
nonholomic system,,,非完整系,,,,,0,0,,,
nonholomorphic,,,[网络] 非变形的,,,,,0,0,,,
nonholonomic,,,[网络] 非完整；非完整约束；非完全,,,,,0,0,,,
nonholonomic constraint,,,[化] 非完整约束,,,,,0,0,,,
nonholonomic constraints,,,不完全约束,,,,,0,0,,,
nonholonomic equation,,,[数] 不完整方程（组）,,,,,0,0,,,
nonholonomic equations,,,不完整方程,,,,,0,0,,,
nonholonomic system,,,[化] 非完整系,,,,,0,0,,,
nonholy,,,[网络] 不好意思,,,,,0,0,,,
nonhome,,,[网络] 吸引力是由许多非家,,,,,0,0,,,
nonhomeless,,,[网络] 无耻的,,,,,0,0,,,
nonhomelike,,,[网络] 非亲密的,,,,,0,0,,,
nonhomemaker,,,[网络] 非制造者,,,,,0,0,,,
nonhomemakers,,,[网络] 非制造者,,,,,0,0,,,
nonhomeomorphic,'nɔnhәumiәu'mɔ:fik,,非同胚的,,,,,0,0,,,
nonhomeopathic,,,[网络] 非病理性,,,,,0,0,,,
nonhomeostatic,,,[网络] 非稳定性,,,,,0,0,,,
nonhomeotic,,,[网络] 非致病性,,,,,0,0,,,
nonhomeowner,,,[网络] 非业主,,,,,0,0,,,
nonhomeowners,,,[网络] 非业主,,,,,0,0,,,
nonhomework,,,[网络] 非行事,,,,,0,0,,,
nonhomicidal,,,[网络] 非杀虫剂,,,,,0,0,,,
nonhomicide,,,[网络] 非杀线虫,,,,,0,0,,,
nonhomicides,,,[网络] 非杀虫剂,,,,,0,0,,,
nonhoming,'nɔn'hәumiŋ,,不归位的,,,,,0,0,,,
nonhoming tuning system,,,[电] 不复位调谐系统,,,,,0,0,,,
nonhominins,,,[网络] 非霍敏族,,,,,0,0,,,
nonhomocentricity,,,非共心性,,,,,0,0,,,
nonhomoerotic,,,[网络] 不舒服,,,,,0,0,,,
nonhomogeneity,"'nɔn,hɔmәudʒә'ni:iti",,不均匀性,,,,,0,0,,,
nonhomogeneous,"'nɔn,hɔmә'dʒi:njәs",,"非齐(次, 性)的, 不[非]均匀的, 非均态的, 多相的",,,,,0,0,,,
nonhomogeneous atmosphere,,,非均匀大气,,,,,0,0,,,
nonhomogeneous boundary condition,,,非齐次边界条件,,,,,0,0,,,
nonhomogeneous boundary problem,,,非齐次边界问题,,,,,0,0,,,
nonhomogeneous boundary value problem,,,非齐次边值问题,,,,,0,0,,,
nonhomogeneous chain,,,[数] 非齐次链,,,,,0,0,,,
nonhomogeneous chains,,,非齐次链,,,,,0,0,,,
nonhomogeneous coordinates,,,非齐次坐标,,,,,0,0,,,
nonhomogeneous deformation,,,非齐性形变,,,,,0,0,,,
nonhomogeneous differential equation,,,非齐性微分方程,,,,,0,0,,,
nonhomogeneous discovery rate,,,非齐次发现率,,,,,0,0,,,
nonhomogeneous equation,,,非齐次方程,,,,,0,0,,,
nonhomogeneous heterogeneous,,,非均匀,,,,,0,0,,,
nonhomogeneous linear difference equation,,,[数] 非齐次线性差分方程,,,,,0,0,,,
nonhomogeneous linear differential equation,,,[数] 非齐次线性微分方程,,,,,0,0,,,
nonhomogeneous linear equation,,,非齐次线性方程;非齐次线性过程,,,,,0,0,,,
nonhomogeneous liquid preparation,,,非均相液体药剂,,,,,0,0,,,
nonhomogeneous material,,,非均质材料,,,,,0,0,,,
nonhomogeneous media,,,"不均匀介质, 非均匀介质",,,,,0,0,,,
nonhomogeneous medium,,,非均质介质,,,,,0,0,,,
nonhomogeneous motion,,,非均匀运动,,,,,0,0,,,
nonhomogeneous n-chain,,,[数] 非齐次ｎ链,,,,,0,0,,,
nonhomogeneous nonstationary time series,,,非齐次非平稳时间序列,,,,,0,0,,,
nonhomogeneous path,,,非均匀路径,,,,,0,0,,,
nonhomogeneous plasma,,,非均质电浆,,,,,0,0,,,
nonhomogeneous Poisson process,,,[数] 非齐次泊松过程,,,,,0,0,,,
nonhomogeneous population,,,非同质总体,,,,,0,0,,,
nonhomogeneous problem,,,非齐次问题,,,,,0,0,,,
nonhomogeneous region,,,非齐次区域,,,,,0,0,,,
nonhomogeneous search space,,,非齐次搜索空间,,,,,0,0,,,
nonhomogeneous stress,,,[网络] 非均匀应力,,,,,0,0,,,
nonhomogeneous system,,,非均匀系统,,,,,0,0,,,
nonhomogeneous terrain,,,非均匀地形,,,,,0,0,,,
nonhomogenized,,,[网络] 非均质化,,,,,0,0,,,
nonhomogenous,,,[网络] 非齐次的；非齐次性,,,,,0,0,,,
nonhomogenous deformation,,,不均匀变形,,,,,0,0,,,
nonhomogenous media,,,非均匀介质,,,,,0,0,,,
nonhomologies,,,[网络] 非宇宙学,,,,,0,0,,,
nonhomologous,'nɒnhɒmɒləɡəs,,adj. 不保形的\n[网络] 非同源；非同源的,,,,,0,0,,,
nonhomologous chromosome,,,非同源染色体,,,,,0,0,,,
nonhomologous end-joining,,,非同源染色体末端连接,,,,,0,0,,,
nonhomologous synapomorphy,,,[生物] 非同源共同衍征,,,,,0,0,,,
nonhomologus synapomorphy,,,非同源共同衍征,,,,,0,0,,,
nonhomology,,,[网络] 非重合,,,,,0,0,,,
nonhomophobic,,,[网络] 非疏密,,,,,0,0,,,
nonhomosexual,,,[网络] 非同性恋,,,,,0,0,,,
nonhomosexuals,,,[网络] 非同性恋者,,,,,0,0,,,
nonhomotopic,,,[网络] 非自主性,,,,,0,0,,,
nonhooded,,,[网络] 未编织,,,,,0,0,,,
nonhook arrestment,,,无拦阻钩式减速,,,,,0,0,,,
nonhookeian,,,n. 非虎克定律现象,,,,,0,0,,,
nonhopeful,,,[网络] 不。,,,,,0,0,,,
nonhorizontal,,,[网络] 非水平的,,,,,0,0,,,
nonhorizontally,,,[网络] 非水平地,,,,,0,0,,,
nonhormonal,,,[网络] 非激素,,,,,0,0,,,
nonhormone,,,[网络] 非激素,,,,,0,0,,,
nonhormones,,,[网络] 非激素,,,,,0,0,,,
nonhorror,,,[网络] 非恐怖,,,,,0,0,,,
nonhorse,,,[网络] 非马力,,,,,0,0,,,
nonhorses,,,[网络] 非马,,,,,0,0,,,
nonhorticultural,,,[网络] 非园艺,,,,,0,0,,,
nonhospice,,,[网络] 非小孩,,,,,0,0,,,
nonhospital,,,[网络] 非住院,,,,,0,0,,,
nonhospitalised,,,[网络] 非医院,,,,,0,0,,,
nonhospitality,,,[网络] 非亲属性,,,,,0,0,,,
nonhospitalized,,,[网络] 非住院,,,,,0,0,,,
nonhost,nɔn'hәust,,"n. 抗寄生植物,非宿主植物",,,,,0,0,,,
nonhostile,,,[网络] 不灵活,,,,,0,0,,,
nonhostility,,,[网络] 不灵活,,,,,0,0,,,
nonhosts,'nɒn'həʊst,,非宿主\n非寄生主,,,,,0,0,,,
nonhot,,,[网络] 没有,,,,,0,0,,,
nonhotel,,,[网络] 非酒店,,,,,0,0,,,
nonhourly,,,[网络] 不及时,,,,,0,0,,,
nonhoused,,,[网络] 没有留下,,,,,0,0,,,
nonhousehold,,,[网络] 非家庭,,,,,0,0,,,
nonhouseholder,,,[网络] 非居家,,,,,0,0,,,
nonhouseholders,,,[网络] 非居家,,,,,0,0,,,
nonhousewife,,,[网络] 非寿司,,,,,0,0,,,
nonhousewives,,,[网络] 非居留者,,,,,0,0,,,
nonhousing,,,[网络] 非住所,,,,,0,0,,,
nonhpysical primary,,,[电] 非物理性主色,,,,,0,0,,,
nonhuman,nɒn'hju:mәn,a. not human; not belonging to or produced by or appropriate to human beings,a. 非人类的,,,,toefl,0,0,s:nonhumen,,
nonhuman capital,,,非人力资本,,,,,0,0,,,
nonhuman primate,,,非人灵长类,,,,,0,0,,,
nonhuman productive resources,,,人力除外的生产资源,,,,,0,0,,,
nonhumane,,,[网络] 非胡烷,,,,,0,0,,,
nonhumanist,,,[网络] 非人道主义者,,,,,0,0,,,
nonhumanistic,,,[网络] 非人性化,,,,,0,0,,,
nonhumanists,,,[网络] 非人道主义者,,,,,0,0,,,
nonhumanitarian,,,[网络] 非人道主义,,,,,0,0,,,
nonhumanity,,,[网络] 非人性,,,,,0,0,,,
nonhumanness,,,[网络] 非人性,,,,,0,0,,,
nonhumanoid,,,[网络] 躯体特征,,,,,0,0,,,
nonhumanoids,,,[网络] 不人道的,,,,,0,0,,,
nonhumans,,,[网络] 非人类；傲慢自大地对非人的,,,,,0,0,,,
nonhumen,",nɔn'hju:mən",,adj. 非人类的,,,,,0,0,0:nonhuman/1:s,,
nonhumic substance,,,非腐植物质,,,,,0,0,,,
nonhumiliating,,,[网络] 非生物,,,,,0,0,,,
nonhumoral,,,[网络] 非人性化,,,,,0,0,,,
nonhumorous,,,[网络] 非吸引力,,,,,0,0,,,
nonhungry,,,[网络] 不饿,,,,,0,0,,,
nonhunted,,,[网络] 没有人,,,,,0,0,,,
nonhunter,,,[网络] 非猎人,,,,,0,0,,,
nonhunters,,,[网络] 非猎人,,,,,0,0,,,
nonhunting,,,[网络] 不打猎,,,,,0,0,,,
nonhybrid,,,[网络] 非杂交种,,,,,0,0,,,
nonhybridized,,,[网络] 非杂交,,,,,0,0,,,
nonhydratable,,,[网络] 不可水化,,,,,0,0,,,
nonhydraulic,'nɔnhai'drɔ:lik,,"非水力的, 非液力的",,,,,0,0,,,
nonhydrazine,,,[网络] 非肼,,,,,0,0,,,
nonhydric,,,[网络] 非金属,,,,,0,0,,,
nonhydrocarbon,'nɔn'haidrәu'kɑ:bәn,,非烃,,,,,0,0,,,
nonhydrocarbons,,,[网络] 非烃化合物,,,,,0,0,,,
nonhydrodynamic,,,[网络] 非流体动力学,,,,,0,0,,,
nonhydroelectric,,,[网络] 非水电,,,,,0,0,,,
nonhydrogen,,,n. 〔化〕非氢,,,,,0,0,,,
nonhydrogen acid,,,[化] 非氢酸,,,,,0,0,,,
nonhydrogenated,,,[网络] 非氢化的；氢化油,,,,,0,0,,,
nonhydrogenous shield,,,氢屏蔽体，无氢屏蔽体,,,,,0,0,,,
nonhydrolizable,,,非水解的,,,,,0,0,,,
nonhydrolytic,,,[网络] 非水解性,,,,,0,0,,,
nonhydrolyzable,,,[网络] 不可水解,,,,,0,0,,,
nonhydrolyzed,,,[网络] 非水解,,,,,0,0,,,
nonhydroscopic absorber,,,非吸水性吸收体,,,,,0,0,,,
nonhydrostatic primitive equations,,,非静力原始方程,,,,,0,0,,,
nonhydrostatic wave regime,,,非静力波型,,,,,0,0,,,
nonhydrothermal,,,[网络] 非热液,,,,,0,0,,,
nonhydrous,,,不含水的;无水的,,,,,0,0,,,
nonhygienic,,,[网络] 非卫生,,,,,0,0,,,
nonhygroscopic,"'nɔn,hai^rә'skɔpik",,"a. 不吸湿性的, 不收湿的",,,,,0,0,,,
nonhygroscopic solid,,,吸湿性固体,,,,,0,0,,,
nonhyperbolic,,,[网络] 非双曲线,,,,,0,0,,,
nonhypercholesterolemic,,,[网络] 非高胆固醇血症,,,,,0,0,,,
nonhyperdiploid,,,[网络] 非双倍体,,,,,0,0,,,
nonhypergeometric,,,[网络] 非高精度,,,,,0,0,,,
nonhyperglycaemic,,,[网络] 非高血糖,,,,,0,0,,,
nonhyperglycemic,,,[网络] 非高血糖,,,,,0,0,,,
nonhypergolic,,,[机] 非理想溶液,,,,,0,0,,,
nonhypergolic propellant rocket engine,,,非自燃推进剂火箭发动机,,,,,0,0,,,
nonhyperkeratotic,,,[网络] 非合并症,,,,,0,0,,,
nonhyperlinked,,,[网络] 非连接,,,,,0,0,,,
nonhyperplastic,,,[网络] 非高胆固醇,,,,,0,0,,,
nonhypersensitive,,,[网络] 非过敏性,,,,,0,0,,,
nonhypertensive,,,[网络] 非高血压,,,,,0,0,,,
nonhypertext,,,[网络] 非高清文字,,,,,0,0,,,
nonhypertextual,,,[网络] 非文字,,,,,0,0,,,
nonhyperthermophilic,,,[网络] 非高热嗜性,,,,,0,0,,,
nonhypertrophic,,,非肥大的,,,,,0,0,,,
nonhypertrophied,,,[网络] 非营养型,,,,,0,0,,,
nonhyphenated,,,[网络] 未连接,,,,,0,0,,,
nonhypnotic,,,[网络] 非催眠,,,,,0,0,,,
nonhypophysectomized,,,非垂体切除的,,,,,0,0,,,
nonhypotensive,,,[网络] 非低血压,,,,,0,0,,,
nonhypothalamic,,,[网络] 非下丘脑,,,,,0,0,,,
nonhypoxic,,,[网络] 非低氧,,,,,0,0,,,
nonhysteretic,,,[网络] 无滞后的,,,,,0,0,,,
nonhysterical,,,[网络] 非歇斯底里,,,,,0,0,,,
noni,,,"n. 【食,植】诺丽果；巴戟天果；水冬瓜\n[网络] 诺丽果汁；海巴戟；诺丽果酵素",,,,,0,0,,,
noni/o split,,,非输入输出分裂,,,,,0,0,,,
nonic,,,[网络] 诺卡系列,,,,,0,0,,,
noniced,,,[网络] 没有,,,,,0,0,,,
noniconic,,,[网络] 非肌肤,,,,,0,0,,,
noniconoclastic,,,[网络] 非细胞毒性,,,,,0,0,,,
nonicosahedral,,,[网络] 非面粉,,,,,0,0,,,
nonicteric,,,a. 无黄疸的,,,,,0,0,,,
nonicteric hepatitis,,,无黄疸型肝炎,,,,,0,0,,,
nonidea,,nonidea (plural nonideas)\nThat which is not an idea.\n,,,,,,0,0,,,
nonideal,'nɔnai'diәl,,a. 非理想的,,,,,0,0,,,
nonideal elastic body,,,非理想弹性体,,,,,0,0,,,
nonideal filter,,,非理想滤液器,,,,,0,0,,,
nonideal flow,,,[化] 非理想流动,,,,,0,0,,,
nonideal gas,,,非理想气体,,,,,0,0,,,
nonideal reactor,,,非理想反应器,,,,,0,0,,,
nonideal solution,,,非理想溶液,,,,,0,0,,,
nonideal solutions,,,非理想溶液,,,,,0,0,,,
nonideal surface,,,非理想表面,,,,,0,0,,,
nonidealist,,,[网络] 非理性的,,,,,0,0,,,
nonidealists,,,[网络] 非理性主义者,,,,,0,0,,,
nonidealities,,,非理想性,,,,,0,0,,,
nonideality,,,非理想性,,,,,0,0,,,
nonideality correction,,,非理想修正,,,,,0,0,,,
nonidealized,,,[网络] 非标准化,,,,,0,0,,,
nonideally,,,[网络] 非理性地,,,,,0,0,,,
nonideas,,,[网络] 非线性,,,,,0,0,,,
nonidempotent,,,[网络] 非权力,,,,,0,0,,,
nonidentical,'nɔnai'dentikәl,,不恒等的,,,,,0,0,,,
nonidentical distribution,,,非恒等分布,,,,,0,0,,,
nonidentical processor,,,异型处理机,,,,,0,0,,,
nonidentical twins,,,"二卵双生,双卵孪生,异卵双生",,,,,0,0,,,
nonidentically,,,[网络] 非常地,,,,,0,0,,,
nonidentifiable,,,[网络] 不定指；不可识别；不成辨认,,,,,0,0,,,
nonidentification,,,[网络] 不识别,,,,,0,0,,,
nonidentificational,,,[网络] 非公认,,,,,0,0,,,
nonidentifications,,,[网络] 非标识,,,,,0,0,,,
nonidentified,,,[网络] 不明身份,,,,,0,0,,,
nonidentified coefficient,,,非识别系数,,,,,0,0,,,
nonidentifiers,,,[网络] 非政党人士,,,,,0,0,,,
nonidentifying,,,[网络] 非等同关系,,,,,0,0,,,
nonidentities,,,不同一性,,,,,0,0,,,
nonidentity,'nɔnai'dentiti,,n. 不同一性,,,,,0,0,,,
nonidentity of various sections,,,区间不均等性,,,,,0,0,,,
nonidentity operation,,,“非全同”操作,,,,,0,0,,,
nonideological,,,[网络] 非意识形态,,,,,0,0,,,
nonidet,'nɔnidet,,[建] 诺乃清洁剂,,,,,0,0,s:nonidets,,
nonidets,,,[建] 诺乃清洁剂\n(nonidet 的复数),,,,,0,0,0:nonidet/1:s,,
Nonidez chloral hydrate method staining,,,[医] 诺尼德兹氏水合氯醛染色法(染神经组织),,,,,0,0,,,
Nonidez chloral hydrate staining method,,,[医] 诺尼德兹氏水合氯醛染色法(染神经组织),,,,,0,0,,,
nonidiomatic,,,[网络] 非线性,,,,,0,0,,,
nonidiopathic,,,"非自发性的,非原发性的,非特发性的",,,,,0,0,,,
nonidiosyncratic,,,[网络] 非综合性,,,,,0,0,,,
nonidle,,,[网络] 固体,,,,,0,0,,,
nonie,,, [人名] 诺妮,,,,,0,0,,,
nonies,,,n. (Nony)人名；(法)诺尼\n(nony 的复数),,,,,0,0,0:nony/1:s,,
nonigneous origin,,,非火成成因,,,,,0,0,,,
nonignitable,'nɔni^'naitәble,,"不可燃的, 耐[防]火的",,,,,0,0,,,
nonignitibility,,,不可燃性,,,,,0,0,,,
nonignition,'nɔni^'niʃәn,,"不着火, 耐火性",,,,,0,0,,,
nonignorable,,,[网络] 非随机性缺失；不可忽视,,,,,0,0,,,
nonigravida,,,[医] 第九次孕妇,,,,,0,0,,,
nonillion,nәu'niljәn,"n. According to the French and American notation, a\n   thousand octillions, or a unit with thirty ciphers annexed; according\n   to the English notation, a million octillions, or a unit with\n   fifty-four ciphers annexed. See the Note under Numeration.",n. 一百万的九次方,,,,,0,0,,,
nonillions,,,n. 〈英〉100万的九次幂[乘方]；1000的10次幂[乘方]\n[网络] 一百万的九次方；百穰,,,,,0,0,,,
nonillionth,nәj'niljәnθ,,"n. (英,德)10的54次幂, (美,法)10的30次幂",,,,,0,0,,,
nonillionths,nəu'niljənθ,,"n., adj.\n(英国)第1054个(的)\n1054分之一的\n(美国)\n第1030个的\n1030分之一的",,,,,0,0,,,
nonilliterate,,,[网络] 非文字,,,,,0,0,,,
nonillness,,,[网络] 不锈钢,,,,,0,0,,,
nonillnesses,,,[网络] 非矿物,,,,,0,0,,,
nonillocutionary,,,[网络] 非自杀性,,,,,0,0,,,
nonilluminated,,,[网络] 非发光,,,,,0,0,,,
nonillustrated,,,[网络] 未示出,,,,,0,0,,,
nonillustrative,,,[网络] 非示例性,,,,,0,0,,,
nonillustrious,,,[网络] 非常好,,,,,0,0,,,
nonimage,,,[网络] 自画非像,,,,,0,0,,,
nonimage area,,,【制图学】空白版面,,,,,0,0,,,
nonimages,,,[网络] 非图像,,,,,0,0,,,
nonimaginary,,,[网络] 非虚构,,,,,0,0,,,
nonimaginative,,,[网络] 非想象力,,,,,0,0,,,
nonimaging sensor,,,非成像感测器,,,,,0,0,,,
nonimbedded command,,,[计] 非嵌入命令,,,,,0,0,,,
nonimidazole,,,[网络] 非咪唑,,,,,0,0,,,
nonimitation,,,[网络] 非限制性,,,,,0,0,,,
nonimitations,,,[网络] 非限制性,,,,,0,0,,,
nonimitative,,,[网络] 非定制,,,,,0,0,,,
nonimmediate,,,[网络] 非直接,,,,,0,0,,,
nonimmersed,,,[网络] 没有人,,,,,0,0,,,
nonimmersion,,,[网络] 非浸入式,,,,,0,0,,,
nonimmersive,,,[网络] 非生气,,,,,0,0,,,
nonimmigrant,nɒn'ɪmɪɡrənt,,n. 外国旅客；出境后又回来之外侨,,,,,0,0,,,
Nonimmigrant Visa,,,非移民签证,,,,,0,0,,,
nonimmigrants,,,[网络] 非移民；非移民签证；外国旅客,,,,,0,0,,,
nonimmigration,,,[网络] 非移民,,,,,0,0,,,
nonimmune,'nɒnɪmən,s (often followed by `to') likely to be affected with," [医]无免疫性的, 未免疫的",,,,,0,0,,,
nonimmune anemia,,,非免疫性贫血,,,,,0,0,,,
nonimmunity,,,[网络] 非免疫,,,,,0,0,,,
nonimmunized,,,[网络] 未免,,,,,0,0,,,
nonimmunocompromised,,,[网络] 非免疫功能低下,,,,,0,0,,,
nonimmunogenic,,,adj. 无致免疫性的,,,,,0,0,,,
nonimmunologic,,,[网络] 非免疫性,,,,,0,0,,,
nonimmunological,nɒnɪmjʊnɒ'lɒdʒɪkl,,[医]非免疫学的,,,,,0,0,,,
nonimmunosuppressed,,,[网络] 非免疫抑制,,,,,0,0,,,
nonimmunosuppressive,,,[网络] 非免疫抑制,,,,,0,0,,,
nonimmutable,,,[网络] 不可修改,,,,,0,0,,,
nonimpact,'nɔn'impækt,,"a. [印]无压的,非击打式的",,,,,0,0,,,
nonimpact printer,,,[计] 非击打式打印机,,,,,0,0,,,
nonimpact printing,,,[计] 非击打式印刷,,,,,0,0,,,
nonimpact printing mode,,,"非撞击列印模, 非击打式印字方式",,,,,0,0,,,
nonimpact printing process,,,非撞击列印过程,,,,,0,0,,,
nonimpact thermal printer,,,非撞击式热感列印机,,,,,0,0,,,
nonimpacted,"'nɑn,ɪmpækt",,adj.\n【印刷】无压的，非击打式的,,,,,0,0,,,
nonimpaired,,,[网络] 不受影响,,,,,0,0,,,
nonimpartial,,,[网络] 非公开的,,,,,0,0,,,
nonimperative,,,[网络] 非法的,,,,,0,0,,,
nonimperial,,,[网络] 非真皮,,,,,0,0,,,
nonimperialist,,,[网络] 非正教徒,,,,,0,0,,,
nonimperialistic,,,[网络] 非真正的,,,,,0,0,,,
nonimpinging injector,,,非撞击射流喷头,,,,,0,0,,,
nonimplant,,,[网络] 非植物,,,,,0,0,,,
Nonimplantation,,,非移植,,,,,0,0,,,
nonimplanted,,,[网络] 非植入,,,,,0,0,,,
nonimplicated,,,[网络] 不重要,,,,,0,0,,,
nonimplication,,,[网络] 不合适,,,,,0,0,,,
nonimplication gate,,,非蕴含闸,,,,,0,0,,,
nonimplicational,,,[网络] 非专有,,,,,0,0,,,
nonimplications,,,[网络] 不利,,,,,0,0,,,
nonimplied,,,[网络] 没有意义,,,,,0,0,,,
nonimport,,,[网络] 非进口,,,,,0,0,,,
nonimportable,,,[网络] 不重要,,,,,0,0,,,
nonimportance,,,[网络] 不重要,,,,,0,0,,,
nonimportant,,,[网络] 不重要,,,,,0,0,,,
nonimportation,",nɔnimpɔ:'teiʃәn",n. Want or failure of importation; a not importing of\n   commodities.,"n. 不进口, 禁止进口",,,,,0,0,,,
nonimported,,,[网络] 非进口,,,,,0,0,,,
nonimporting,,,[网络] 非进口,,,,,0,0,,,
nonimposed,,,[网络] 非暴露,,,,,0,0,,,
nonimpositional,,,[网络] 非定位,,,,,0,0,,,
nonimpotent,,,[网络] 非强力,,,,,0,0,,,
nonimpregnanted,'nɔnim'pre^nәntid,,未浸渍(过)的,,,,,0,0,,,
nonimpregnated,,,[网络] 非浸渍,,,,,0,0,,,
nonimpressed,,,[网络] 没有压力,,,,,0,0,,,
nonimpressionist,,,[网络] 非压抑主义者,,,,,0,0,,,
nonimprinted,,,[网络] 非打印,,,,,0,0,,,
nonimprisonable,,,[网络] 不合理,,,,,0,0,,,
nonimprisoned,,,[网络] 非监禁,,,,,0,0,,,
nonimproved,,,[网络] 不改进,,,,,0,0,,,
nonimpulsive force,,,非冲力,,,,,0,0,,,
noninbred,nɒ'nɪnbred,, [医]非近交的,,,,,0,0,,,
nonincandescent,,,[网络] 非白炽灯,,,,,0,0,,,
nonincarcerated,,,[网络] 非标准化,,,,,0,0,,,
nonincendiary,,,[网络] 非贞节,,,,,0,0,,,
nonincestuous,,,[网络] 不令人着迷,,,,,0,0,,,
nonincident,,,[网络] 非常性,,,,,0,0,,,
nonincidental,,,[网络] 非偶然,,,,,0,0,,,
nonincinerable,,,[网络] 不可燃,,,,,0,0,,,
nonincinerated,,,[网络] 未经煅烧,,,,,0,0,,,
nonincluded,,,[网络] 不包括,,,,,0,0,,,
noninclusion,,,[网络] 非包容性,,,,,0,0,s:noninclusions,,
noninclusion virus,,,非包含体病毒,,,,,0,0,,,
noninclusionary,,,[网络] 非排他性,,,,,0,0,,,
noninclusions,,,[网络] 非附件,,,,,0,0,0:noninclusion/1:s,,
noninclusive,,,[网络] 非独家,,,,,0,0,,,
nonincome base for tax discrimination,,,纳税差别的非收入基准,,,,,0,0,,,
nonincome-tax multiplier,,,非收入税乘数,,,,,0,0,,,
nonincorporated,,,[网络] 非公司,,,,,0,0,,,
nonincrease,,,[网络] 不增加,,,,,0,0,,,
nonincreasing,,,adj. 〔数〕非增的\n[网络] 单调非增；非递增,,,,,0,0,,,
nonincreasing first fit,,,[计] 非增先满足,,,,,0,0,,,
nonincreasing function,,,非递增函数;非增函数;不增函数,,,,,0,0,,,
nonincreasing rearrangement function,,,不增重排函数,,,,,0,0,,,
nonincreasing series,,,非增级数,,,,,0,0,,,
nonincriminating,,,[网络] 无歧视,,,,,0,0,,,
nonincriminatory,,,[网络] 非歧视性,,,,,0,0,,,
nonincubated,,,[网络] 非孵化,,,,,0,0,,,
nonincumbent,,,[网络] 不含税,,,,,0,0,,,
nonincumbents,,,[网络] 不含税,,,,,0,0,,,
nonincurred,,,[网络] 没有发现,,,,,0,0,,,
nonindentured,,,[网络] 非进食,,,,,0,0,,,
nonindependence,nɒnɪndɪ'pendəns,, [医]非独立性,,,,,0,0,,,
nonindependent,,,[网络] 是非独立的,,,,,0,0,,,
nonindependent clock,,,[网络] 非独立的钟,,,,,0,0,,,
nonindependent construction unit,,,非独立建筑单位,,,,,0,0,,,
nonindependent event,,,非独立事件,,,,,0,0,,,
nonindependent-suspension-type steering linkage,,,非独立悬架式转向连桿组,,,,,0,0,,,
nonindexable address tag,,,非可索引位址标签,,,,,0,0,,,
nonindexed,,,[网络] 非索引,,,,,0,0,,,
nonindexed command,,,非索引命令,,,,,0,0,,,
nonindexed detail,,,非索引明细,,,,,0,0,,,
nonindexical,,,[网络] 再处理为非索引,,,,,0,0,,,
nonindian,,,[网络] 非印度人,,,,,0,0,,,
nonindicated,,,[网络] 非指示,,,,,0,0,,,
nonindicating,,,[网络] 无刻度的,,,,,0,0,,,
nonindicating controller,,,无分划调节器,,,,,0,0,,,
nonindicating switch,,,非指示开关,,,,,0,0,,,
nonindicative,,,[网络] 非指称,,,,,0,0,,,
nonindictable,,,[网络] 不可否认,,,,,0,0,,,
nonindigenous,,,[网络] 非土著的；非本土的,,,,,0,0,,,
nonindigent,,,[网络] 不重要,,,,,0,0,,,
nonindigents,,,[网络] 不符合要求,,,,,0,0,,,
nonindium,,,[网络] 非铟,,,,,0,0,,,
nonindividual,,,[网络] 非个人,,,,,0,0,,,
nonindividual body,,,连续体,,,,,0,0,,,
nonindividualistic,,,[网络] 非个人主义,,,,,0,0,,,
nonindividuals,,,[网络] 非个体,,,,,0,0,,,
nonindividuated,,,[网络] 未分类,,,,,0,0,,,
noninduced,,,[网络] 非吸引力,,,,,0,0,,,
noninducible,nɒnɪnd'juːsɪbl,,非诱导型,,,,,0,0,,,
noninducing,,,[网络] 非吸引力,,,,,0,0,,,
noninductive,.nɒnin'dʌktiv,,a. 无电感的\n[电] 无感,,,,,0,0,,,
noninductive capacitor,,,[电] 无感电容器,,,,,0,0,,,
noninductive circuit,,,[电] 无感电路,,,,,0,0,,,
noninductive coil,,,[电] 无感线圈,,,,,0,0,,,
noninductive connection,,,[电] 不逆相接,,,,,0,0,,,
noninductive load,,,[电] 无感负荷,,,,,0,0,,,
noninductive parametric device,,,[电] 无逆参数设备,,,,,0,0,,,
noninductive resistor,,,[电] 无感电阻体,,,,,0,0,,,
noninductive winding,,,[电] 无感绕组,,,,,0,0,,,
noninductively,,,adv. 无感地,,,,,0,0,,,
noninductively wound filament,,,无感绕线灯丝,,,,,0,0,,,
noninductivity,,,n. 无感应,,,,,0,0,,,
nonindulgence,,,[网络] 不折不扣,,,,,0,0,s:nonindulgences,,
nonindulgences,,,[网络] 不折不扣\n(nonindulgence 的复数),,,,,0,0,0:nonindulgence/1:s,,
nonindulgent,,,[网络] 不拘泥于,,,,,0,0,,,
nonindurated,nɒ'nɪndjʊəreɪtɪd,,[医]非硬结的,,,,,0,0,,,
nonindustrial,nɒ'nɪndʌstrɪəl,a not having highly developed manufacturing enterprises, [医]非工业的,,,,,0,0,,,
nonindustrial activity,,,非产业活动,,,,,0,0,,,
nonindustrial establishment,,,非产业基层单位,,,,,0,0,,,
nonindustrial injury,,,非工伤事故,,,,,0,0,,,
nonindustrial service,,,非产业服务,,,,,0,0,,,
nonindustrial worker,,,非产业工人,,,,,0,0,,,
nonindustrialized,,,[网络] 非工业化,,,,,0,0,,,
nonindustrially,,,[网络] 非营利性,,,,,0,0,,,
nonindustry,,,[网络] 非工业,,,,,0,0,,,
nonine,,,[机] 壬炔,,,,,0,0,,,
noninert,,,[网络] 没有,,,,,0,0,,,
noninertial,,,adj. 非惯性,,,,,0,0,,,
noninertial coordinate system,,,非惯性坐标系统,,,,,0,0,,,
noninertial frame,,,[网络] 非惯性座标系；非惯性系,,,,,0,0,,,
noninertial system,,,[化] 非惯性系,,,,,0,0,,,
noninevitability,,,[网络] 非竞争性,,,,,0,0,,,
noninevitable,,noninevitable (not comparable)\nNot inevitable.\n,,,,,,0,0,,,
noninfallible,,,[网络] 不可耻,,,,,0,0,,,
noninfant,,,[网络] 不漂亮,,,,,0,0,,,
noninfantile,,,[网络] 非活性,,,,,0,0,,,
noninfants,,,[网络] 非婴儿,,,,,0,0,,,
noninfarct,,,[网络] 非犯罪,,,,,0,0,,,
noninfarcted,,,[网络] 非梗死,,,,,0,0,,,
noninfected,",nɔnin'fektid",,a. 不受感染的,,,,,0,0,,,
noninfected plant,,,未感染植物,,,,,0,0,,,
noninfecting,,,[网络] 非感染的,,,,,0,0,,,
noninfecting chancre,,,[医] 软下疳,,,,,0,0,,,
noninfection,,,非传染病,,,,,0,0,,,
noninfectious,,a not infectious,[医] 非传染性的,,,,,0,0,,,
noninfectious convulsion,,,非感染性惊厥,,,,,0,0,,,
noninfectious diarrhea,,,非感染性腹泻,,,,,0,0,,,
noninfectious endocarditis,,,非感染性心内膜炎,,,,,0,0,,,
noninfectious fever,,,非感染性发热,,,,,0,0,,,
noninfective,,,[网络] 非感染性发热；非传杂性的,,,,,0,0,,,
noninferential,,,[网络] 非推断的,,,,,0,0,,,
noninferentially,,,[网络] 于非推理性地,,,,,0,0,,,
noninferior,,,非劣效性,,,,,0,0,,,
noninferior solution,,,非劣解,,,,,0,0,,,
noninferiority,,,[网络] 非劣效；非劣性,,,,,0,0,,,
noninfested,,,[网络] 不成功,,,,,0,0,,,
noninfiltrated,,,非浸润的,,,,,0,0,,,
noninfiltrating,,,n. 非浸润性,,,,,0,0,,,
noninfiltratve exophthalmia,,,非浸润性突眼症,,,,,0,0,,,
noninfinite,,,[网络] 无限或有限,,,,,0,0,,,
noninflamed,,,[网络] 不燃,,,,,0,0,,,
noninflammability,'nɔninflæmә'biliti,,不(可)燃性,,,,,0,0,,,
noninflammable,",nɔnin'flæmәbl",,a. 不燃烧的,,,,,0,0,,,
noninflammatory,nɒnɪnf'læmətrɪ,s not inflammatory, [医]非炎性的,,,,,0,0,,,
noninflammatory edema,,,[医] 非炎性水肿,,,,,0,0,,,
noninflammed,,,非炎性的,,,,,0,0,,,
noninflatable,,,[网络] 不可充气,,,,,0,0,,,
noninflated,,,[网络] 无充气,,,,,0,0,,,
noninflationary,,,[网络] 非通货膨胀,,,,,0,0,,,
noninflationary wage increase,,,非通货膨胀的工资增长,,,,,0,0,,,
noninflected,,,[网络] 无反射,,,,,0,0,,,
noninflecting,,,[网络] 不反感,,,,,0,0,,,
noninflectional,,,[网络] 无形态标记,,,,,0,0,,,
noninflicted,,,[网络] 无损,,,,,0,0,,,
noninfluence,,,[网络] 无影响力,,,,,0,0,,,
noninfluences,,,[网络] 非影响力,,,,,0,0,,,
noninfluential,,,[网络] 非影响力,,,,,0,0,,,
noninformation,,,[网络] 非信息,,,,,0,0,,,
noninformation bit,,,[网络] 非信息位,,,,,0,0,,,
noninformation firms,,,非信息企业,,,,,0,0,,,
noninformational,,,[网络] 非信息,,,,,0,0,,,
noninformative,,,[网络] 不具有意义,,,,,0,0,,,
noninformative prior distribution,,,不提供信息的先验分布,,,,,0,0,,,
noninfrared,,,[网络] 非红外线,,,,,0,0,,,
noninfrastructural,,,[网络] 非结构性,,,,,0,0,,,
noninfrastructure,,,[网络] 非基础设施,,,,,0,0,,,
noninfringed,,,[网络] 不受影响,,,,,0,0,,,
noninfringement,,,[网络] 非侵权,,,,,0,0,,,
noninfringements,,,[网络] 非侵权,,,,,0,0,,,
noninfringers,,,[网络] 非附件,,,,,0,0,,,
noningested,nɒnɪn'ɡestɪd,,[医]非食入的,,,,,0,0,,,
noningestive,,,[网络] 无节制,,,,,0,0,,,
Nonington,,,[地名] 诺宁顿 ( 英 ),,,,,0,0,,,
noninhabitable,,,[网络] 不适宜居住,,,,,0,0,,,
noninhabitant,,,[网络] 非居民,,,,,0,0,,,
noninhabitants,,,[网络] 非居民,,,,,0,0,,,
noninhaler,,,[网络] 非吸入器,,,,,0,0,,,
noninhalers,,,[网络] 非吸入器,,,,,0,0,,,
noninherent,,,[网络] 非相干性,,,,,0,0,,,
noninheritable,,,[网络] 不可贵的,,,,,0,0,,,
noninheritance,,,[网络] 非孟德尔遗传,,,,,0,0,,,
noninherited,,,[网络] 非继承,,,,,0,0,,,
noninheritedness,,,不可遗传性,,,,,0,0,,,
noninheriting,,,[网络] 非继承,,,,,0,0,,,
noninhibit interrupt,,,非禁止中断,,,,,0,0,,,
noninhibitable,,,不可禁的,,,,,0,0,,,
noninhibitable interrupt,,,不可禁止的中断，非可禁止中断,,,,,0,0,,,
noninhibited,,,[网络] 不羁,,,,,0,0,,,
noninhibiting,,,[网络] 不受限制,,,,,0,0,,,
noninhibition,,,[网络] 非抑制,,,,,0,0,,,
noninhibitive,,,[网络] 非抑制性,,,,,0,0,,,
noninhibitor,,,[网络] 非抑制剂,,,,,0,0,,,
noninhibitors,,,[网络] 非抑制剂,,,,,0,0,,,
noninhibitory,,,[网络] 非抑制性,,,,,0,0,,,
nonini,,,诺尼尼,,,,,0,0,,,
noninitial,",nɔni'niʃәl",,"a. 不是起首字母的, 不是最早的",,,,,0,0,,,
noninitialized,,,[网络] 非初始化,,,,,0,0,,,
noninitially,,,"adv. 不是起首字母地,不是最早地",,,,,0,0,,,
noninitiate,,,[网络] 非开发,,,,,0,0,,,
noninitiated,,,[网络] 未开始,,,,,0,0,,,
noninitiative,,,[网络] 非启发性,,,,,0,0,,,
noninjectable,nɒnɪnd'ʒektəbl,,[医]不供注射用的，非注射用的,,,,,0,0,,,
noninjected,,,[网络] 不注射,,,,,0,0,,,
noninjecting,,,[网络] 不注射,,,,,0,0,,,
noninjective,,,[网络] 非注射,,,,,0,0,,,
noninjector,'nɔnin'dʒektә,,不吸引喷射器,,,,,0,0,,,
noninjured,,,[网络] 不受伤害,,,,,0,0,,,
noninjurious,,,n. 无害的,,,,,0,0,,,
noninjurious examination,,,非损伤性检查,,,,,0,0,,,
noninjury,,,[网络] 非损害,,,,,0,0,,,
noninjury accident,,,无伤害事故,,,,,0,0,,,
noninnocence,,,[网络] 非无辜,,,,,0,0,,,
noninnocent,,,[网络] 无懈可击,,,,,0,0,,,
noninnovative,,,[网络] 非创新,,,,,0,0,,,
nonino,,, 诺尼诺国际文学奖,,,,,0,0,,,
noninoculated,,,[网络] 未接种,,,,,0,0,,,
noninotropic,,,[网络] 非活性,,,,,0,0,,,
noninpatient,,,[网络] 非住院病人,,,,,0,0,,,
noninpatients,,,[网络] 非住院患者,,,,,0,0,,,
noninput,,,[网络] 非输入,,,,,0,0,,,
noninquisitive,,,[网络] 无疑,,,,,0,0,,,
noninsane,,,[网络] 非正式,,,,,0,0,,,
noninsect,,noninsect (plural noninsects)\nA creature that is not a insect.\n,,,,,,0,0,,,
noninsectcidal,'nɔninsekti'saidәl,,"无杀虫力的, 不用杀虫剂的",,,,,0,0,,,
noninsecticidal,nɒnɪnsektɪ'saɪdl,,[医]无杀虫力的，无杀菌力的，不用杀虫剂的,,,,,0,0,,,
noninseminated,,,[网络] 非受过教育,,,,,0,0,,,
noninsider,,,[网络] 非内幕人员,,,,,0,0,,,
noninsiders,,,[网络] 非参与者,,,,,0,0,,,
noninsightful,,,[网络] 不健康,,,,,0,0,,,
noninsonicated,,,[网络] 非过敏的,,,,,0,0,,,
noninspiring,,,[网络] 不吸引人,,,,,0,0,,,
noninstallation,,,[网络] 非安装,,,,,0,0,,,
noninstallment,,,"[法] 一次付清的, 非分期付款的",,,,,0,0,,,
noninstallment credit,,,一次偿还信贷,,,,,0,0,,,
noninstalment,",nɔnin'stɔ:lmәnt",,"一次付清的, 非分期付款的",,,,,0,0,,,
noninstalment credit,,,一次还清的信贷,,,,,0,0,,,
noninstance,,,[网络] 非例,,,,,0,0,,,
noninstances,,,[网络] 非实例,,,,,0,0,,,
noninstantaneous,,,[网络] 非即刻补货,,,,,0,0,,,
noninstinctive,,,[网络] 非戒心性,,,,,0,0,,,
noninstinctual,,,[网络] 非直肠性,,,,,0,0,,,
noninstitute clause,,,非学会条款,,,,,0,0,,,
noninstitutional,,,adj. 非专业的,,,,,0,0,,,
noninstitutional population,,,非集体户人口,,,,,0,0,,,
noninstitutionalised,,,[网络] 非机构化,,,,,0,0,,,
noninstitutionalized,,,[网络] 个人生活中非惯常,j:100,,,,0,0,,,
noninstructed,,,[网络] 非建设性,,,,,0,0,,,
noninstructional,,,[网络] 非教育性,,,,,0,0,,,
noninstructive,,,[网络] 非建构性,,,,,0,0,,,
noninstrument,'nɔn'instrumәnt,,非流通工具,,,,,0,0,,,
noninstrumental,,,[网络] 非手段性,,,,,0,0,,,
noninsular,,,[网络] 非正式,,,,,0,0,,,
noninsulated,,, 非绝缘,,,,,0,0,,,
noninsulated capacitor,,,漏电电容器,,,,,0,0,,,
noninsulated pipe center track gauge,,,不绝缘中间用钢管制轨距尺,,,,,0,0,,,
noninsulated switch,,,非绝缘开关,,,,,0,0,,,
noninsulating,,,[网络] 非绝育,,,,,0,0,,,
noninsulation,,,[网络] 非绝育,,,,,0,0,,,
noninsulin,,,[网络] 非胰岛素,,,,,0,0,,,
noninsulin-dependent diabetes mellitus,nɔnˈɪnsəlɪndɪˈpendənt,,非胰岛素依赖型糖尿病,,,,,0,0,,,
noninsullin,,,非胰岛素,,,,,0,0,,,
noninsulting,,,[网络] 非参与,,,,,0,0,,,
noninsurable risk,,,不能保险的风险,,,,,0,0,,,
noninsurance,,,[网络] 非保险的方式；非营利性保险,,,,,0,0,,,
noninsured,,,[网络] 非保险,,,,,0,0,,,
Noninsured plans,,,[网络] 非保险型退休计划,,,,,0,0,,,
noninsurer,,,[网络] 非保险人,,,,,0,0,,,
noninsurers,,,[网络] 非保险公司,,,,,0,0,,,
noninsurrectionary,,,[网络] 非叛乱者,,,,,0,0,,,
nonintact,,,[网络] 非紧急,,,,,0,0,,,
noninteger,,,n. 非整数,,,,,0,0,,,
noninteger delay,,,非整数延迟,,,,,0,0,,,
nonintegers,,,[网络] 非整数,,,,,0,0,,,
nonintegrability,,,[网络] 不整合,,,,,0,0,,,
nonintegrable,,,[网络] 不整合,,,,,0,0,,,
nonintegrable equation,,,不可积方程,,,,,0,0,,,
nonintegrable quantity,,,非整数量,,,,,0,0,,,
nonintegral,'nɔn'inti^rәl,,非整数的,,,,,0,0,,,
nonintegral quantity,,,非整数量,,,,,0,0,,,
nonintegrated,,,[网络] 非整合,,,,,0,0,,,
nonintegrated structure,,,非整体结构,,,,,0,0,,,
nonintegrating,,,[网络] 非整合,,,,,0,0,,,
Nonintegration,,,非整合,,,,,0,0,,,
nonintegrative,,,[网络] 非整合,,,,,0,0,,,
nonintegrin,,,[网络] 非整合素,,,,,0,0,,,
nonintellectual,,,[网络] 非智力,,,,,0,0,,,
nonintellectual factor,,,非智力因素,,,,,0,0,,,
nonintellectuals,,,[网络] 非知识分子,,,,,0,0,,,
nonintelligence,,,[网络] 非智能,,,,,0,0,,,
nonintelligent,,,非智能的,,,,,0,0,,,
nonintelligent terminal,,, [计]非智能终端,,,,,0,0,,,
nonintelligible cross talk,,,不可理解的串音,,,,,0,0,,,
nonintelligible crosstalk,,,不可懂串音,,,,,0,0,,,
nonintense,,,[网络] 无意义,,,,,0,0,,,
nonintensified,,,[网络] 无毒化,,,,,0,0,,,
nonintensive,,,[网络] 无意义,,,,,0,0,,,
nonintentional,,,[网络] 非意图；非意图性；非有意地,,,,,0,0,,,
nonintentionalistic,,,[网络] 非意图主义,,,,,0,0,,,
nonintentionally,,,[网络] 无意中,,,,,0,0,,,
noninteracting,'nɔ'nintәræktiŋ,,不相互作用的,,,,,0,0,,,
noninteracting condition,,,自律性条件,,,,,0,0,,,
noninteracting control,,,非交互影响控制;非相互作用控制;不相关联控制,,,,,0,0,,,
noninteracting control system,,,[计] 非交互式控制系统,,,,,0,0,,,
noninteracting system,,,无相互作用系统,,,,,0,0,,,
noninteraction,,,[网络] 动性,,,,,0,0,,,
noninteractional,,,[网络] 非交互式,,,,,0,0,,,
noninteractions,,,[网络] 非相互作用,,,,,0,0,,,
noninteractive,'nɔnintә'æktiv,,非交互的,,,,,0,0,,,
noninteractive computer applications,,,非交互式计算机应用,,,,,0,0,,,
noninteractive computing,,,[数] 非相互作用式计算,,,,,0,0,,,
noninteractive grazing system,,,非相互作用的放牧系统,,,,,0,0,,,
noninteractive media,,,非互动性媒体,,,,,0,0,,,
noninteractive processing mode,,,非交互处理模式,,,,,0,0,,,
noninteractive system,,,非交互式系统，非互动系统,,,,,0,0,,,
noninteractive task,,,非交互式任务,,,,,0,0,,,
noninteractively,,,[网络] 非交互模式,,,,,0,0,,,
noninteractivity,,,[网络] 非交互性,,,,,0,0,,,
noninterbreeding,'nɔnintә'bri:diŋ,,不可杂交性,,,,,0,0,,,
noninterchangeability,'nɔnintәtʃeindʒә'biliti,,不可互换性,,,,,0,0,,,
noninterchangeable,,,n. 不可互换的\n[网络] 不可交换的；非可替换,,,,,0,0,,,
noninterconnected systems,,,非互连系统,,,,,0,0,,,
nonintercourse,nɔn'intәkɔ:s,,n. 不来往,,,,,0,0,,,
noninterdependent,,,[网络] 不相干,,,,,0,0,,,
noninterdisciplinary,,,[网络] 非学科,,,,,0,0,,,
noninterest,,,无利息,,,,,0,0,,,
noninterest bearing,,,[网络] 无息；非利息,,,,,0,0,,,
noninterest bearing deposit,,,[网络] 无息存款,,,,,0,0,,,
noninterest bearing note,,,无秘票据,,,,,0,0,,,
noninterest-bearing note,,,[网络] 无息票据,,,,,0,0,,,
noninterested,,,[网络] 不感兴趣,,,,,0,0,,,
noninteresting,,,[网络] 不感兴趣,,,,,0,0,,,
noninterface,,,[网络] 接口,,,,,0,0,,,
noninterference,.nɒnintә'fiәrәns,n a foreign policy of staying out of other countries' disputes,n. 不干扰,,,,,0,0,s:noninterferences,,
noninterference basis,,,无干扰基础,,,,,0,0,,,
noninterferences,",nɔnintə'fiərəns",,n. 不干扰,,,,,0,0,0:noninterference/1:s,,
noninterfering,,,[网络] 非干扰型,,,,,0,0,,,
noninterfering process,,,非干扰过程,,,,,0,0,,,
noninterim,,,[网络] 不间断,,,,,0,0,,,
noninterlaced,,, 非交错,,,,,0,0,,,
noninterlaced display,,,非交错显示,,,,,0,0,,,
noninterlaced scanning,,,非交错扫瞄,,,,,0,0,,,
noninterleaved,,,[网络] 无间隔,,,,,0,0,,,
noninterlocked area,,,非联锁区,,,,,0,0,,,
noninterlocked block,,,非连锁闭塞,,,,,0,0,,,
noninterlocked derail,,,非联锁脱轨器,,,,,0,0,,,
noninterlocked level,,,非联锁握柄,,,,,0,0,,,
noninterlocked lever,,,非联锁握柄,,,,,0,0,,,
noninterlocked point,,,非连锁道岔,,,,,0,0,,,
noninterlocked switch,,,非联锁道岔,,,,,0,0,,,
noninterlocking,,,[网络] 非锁定,,,,,0,0,,,
noninterlocking zone,,,非联锁区,,,,,0,0,,,
noninterlocutory,,,[网络] 非中间,,,,,0,0,,,
nonintermediate,,,[网络] 不间断,,,,,0,0,,,
nonintermittent,,,[网络] 非间歇性,,,,,0,0,,,
nonintermittent camera,,,连续照相机,,,,,0,0,,,
nonintermittent projector,,,非断续移动放映机,,,,,0,0,,,
noninternal,,,[网络] 非内部,,,,,0,0,,,
noninternalized,,,[网络] 非内在的,,,,,0,0,,,
noninteroperable,,,[网络] 不可操作,,,,,0,0,,,
noninterpersonal,,,[网络] 非人际关系,,,,,0,0,,,
noninterpolated,,,[网络] 非内在的,,,,,0,0,,,
noninterpolating,,,[网络] 不间断,,,,,0,0,,,
noninterpretable,,,[网络] 不可解释,,,,,0,0,,,
noninterpretative,,,[网络] 非解释性,,,,,0,0,,,
noninterpreted,,,[网络] 没有解释,,,,,0,0,,,
noninterpretive,,,[网络] 非诠释,,,,,0,0,,,
noninterpretivism,,,[网络] 非解释主义；诠释主义；非诠释主义,,,,,0,0,,,
noninterpretivist,,,[网络] 非解释主义者,,,,,0,0,,,
noninterrogative,,,[网络] 非询问性,,,,,0,0,,,
noninterrupt,,,[网络] 非中断,,,,,0,0,,,
noninterruptable instruction,,,不可间断指令,,,,,0,0,,,
noninterrupted,,,[网络] 不间断,,,,,0,0,,,
noninterruptedly,,,[网络] 不间断地,,,,,0,0,,,
noninterruptive,,,[网络] 不间断,,,,,0,0,,,
nonintersecting,,,[网络] 不相交的,,,,,0,0,,,
nonintersecting lines,,,非相交线,,,,,0,0,,,
nonintersection,'nɔnintә'sekʃәn,,非交叉,,,,,0,0,,,
nonintersectional,,,[网络] 非交点,,,,,0,0,,,
nonintersections,,,[网络] 不间断,,,,,0,0,,,
noninterstitial,,,[网络] 非间隙,,,,,0,0,,,
nonintervention,.nɒnintә'venʃәn,n. a foreign policy of staying out of other countries' disputes,"n. 不干涉, 不介入, 放任",,,,,0,0,s:noninterventions,,
noninterventional,"'nɔn,intə'venʃən",,"noninterventional\nadj.\nnonintervention的变形\nnonintervention\n['nɔn,intə'venʃən]\nn.\n不干涉(政策)",,,,,0,0,,,
noninterventionism,,,[网络] 非干预主义,,,,,0,0,,,
noninterventionist,nɒnɪntə'venʃənɪst,, 不干涉（主义）者,,,,,0,0,,,
noninterventionistic,,,[网络] 非干预性,,,,,0,0,,,
noninterventionists,"'nɒn,ɪntə'venʃənɪst",,不干涉(主义)者,,,,,0,0,,,
noninterventions,"'nɒn,ɪntə'venʃən",,n. 不干涉；放任；不介入,,,,,0,0,0:nonintervention/1:s,,
noninterview,,,[网络] 非结构化的面试；非结构化面试,,,,,0,0,,,
noninterviews,,,[网络] 非访问,,,,,0,0,,,
nonintervisible,,,[网络] 不可见,,,,,0,0,,,
nonintervisible stations,,,互不通视点,,,,,0,0,,,
nonintestinal,,,[网络] 非肠道,,,,,0,0,,,
nonintimate,,,[网络] 不切实际,,,,,0,0,,,
nonintimidating,,,[网络] 非强制,,,,,0,0,,,
nonintoxicant,'nɔnin'tɔksikәnt,,不醉饮料,,,,,0,0,,,
nonintoxicants,,,[网络] 无毒素,,,,,0,0,,,
nonintoxicating,,,[网络] 无毒,,,,,0,0,,,
nonintramolecular,,,[网络] 非分子,,,,,0,0,,,
nonintravenous,,,[网络] 无毒,,,,,0,0,,,
nonintrinsic,,,[网络] 非本质的,,,,,0,0,,,
nonintrinsically nonlinear,,,非固有的非线性,,,,,0,0,,,
nonintroductory,,,[网络] 非介绍性,,,,,0,0,,,
nonintroverted,,,[网络] 非转换,,,,,0,0,,,
nonintrusion,",nɔnin'tru:ʒәn",,n. 不闯入(苏格兰教会的传统),,,,,0,0,,,
nonintrusive,nɒnɪnt'ru:sɪv,,adj. 无干扰的，免侵入的,,,,,0,0,,,
nonintrusive testing,,,非侵入性测试,,,,,0,0,,,
nonintuitionistic,,,[网络] 无意义的,,,,,0,0,,,
nonintuitive,,,[网络] 非直觉式,,,,,0,0,,,
nonintuitively,,,[网络] 非直观地,,,,,0,0,,,
nonintumescent,,,[网络] 非发光,,,,,0,0,,,
noninvaded,,,[网络] 非侵权,,,,,0,0,,,
noninvading,,,[网络] 非侵略性,,,,,0,0,,,
noninvariance,nɒnɪn'veərɪəns,,非不变性,,,,,0,0,,,
noninvariant,,,[网络] 非变数,,,,,0,0,,,
noninvasive,,a. relating to a technique that does not involve puncturing the skin or entering a body cavity,"a. 非侵害的, 无损伤的, 非侵袭的",j:100,,,,0,22170,,,
noninvasive instrument,,,非侵入性仪器,,,,,0,0,,,
noninvasive sensor,,,非侵入性感测器,,,,,0,0,,,
noninvasively,,,非侵袭性地,,,,,0,0,,,
noninvasiveness,,,无创性,,,,,0,0,,,
noninventory,,,[网络] 非库存,,,,,0,0,,,
noninventory item,,,非库存项目,,,,,0,0,,,
noninversion,,,[网络] 非反转,,,,,0,0,,,
noninversive,'nɔnin'vә:siv,,非倒装的,,,,,0,0,,,
noninvert,,,非反相,,,,,0,0,,,
noninverted,,,[网络] 线路驱动器具有三态输出,,,,,0,0,,,
noninvertible,,,[网络] 不可逆；不可逆的,,,,,0,0,,,
noninvertible knot,,,不易散纽结,,,,,0,0,,,
noninverting,'nɔnin'vә:tiŋ,,放大器,,,,,0,0,,,
noninverting amplifier,,,同相放大器;非反向放大器,,,,,0,0,,,
noninverting bidirectional bus,,,非反相双向汇流排,,,,,0,0,,,
noninverting buffer,,,[电子] 非反相缓冲器,,,,,0,0,,,
noninverting parametric device,,,[电] 不反相参数元件,,,,,0,0,,,
noninvested,,,[网络] 未投资,,,,,0,0,,,
noninvestigated,,,[网络] 非调查,,,,,0,0,,,
noninvestigational,,,[网络] 非调查性,,,,,0,0,,,
noninvestigative,,,[网络] 非调查性,,,,,0,0,,,
noninvestigatory,,,[网络] 非调查性,,,,,0,0,,,
noninvesting,,,[网络] 不投资,,,,,0,0,,,
noninvestment,,,[网络] 非投资,,,,,0,0,,,
noninvestment property,,,非投资性财产,,,,,0,0,,,
noninvestments,,,[网络] 非投资,,,,,0,0,,,
noninvestor,,,[网络] 非投资者,,,,,0,0,,,
noninvestors,,,[网络] 非投资者,,,,,0,0,,,
noninvited,,,[网络] 不受欢迎,,,,,0,0,,,
noninvolution,,,未复旧的,,,,,0,0,,,
noninvolved,'nɔnin'vɔlvd,,"不卷入的, 拒绝介入的",,,,,0,0,,,
noninvolvement,",nɔnin'vɔlvmәnt",,"n. 不卷入, 拒绝介入\n[法] 不介入, 拒绝介入",,,,,0,0,,,
noninvolvements,",nɒnɪn'vɒlvmənt",,拒绝介入,,,,,0,0,,,
noniodinated,,,[网络] 非碘化,,,,,0,0,,,
noniodine,,,[网络] 非碘,,,,,0,0,,,
noniodized,,,[网络] 非碘化,,,,,0,0,,,
nonion,,,n. 诺宁虫属\n[网络] 非离子界面活性剂；多口虫；非离子介面活性剂,,,,,0,0,,,
Nonionacea,,,[无脊椎] 卷孔虫总科,,,,,0,0,,,
Nonionella,,,"小诺宁虫属〔有孔虫类，K2-Q〕, 小诺宁虫属〔有孔虫类；K2-Q〕",,,,,0,0,,,
nonionic,'nɔnai'ɔnik,a. not ionic,a. [化] 在溶液中不分解成离子的\nn. 非离子物质,,,,,0,0,,,
nonionic bond,,,非离子键,,,,,0,0,,,
nonionic crystal,,,非离子晶体,,,,,0,0,,,
nonionic detergent,,,非离子型洗涤剂,,,,,0,0,,,
nonionic dye,,,非离子性染料,,,,,0,0,,,
nonionic emulsifier,,,[化] 非离子乳化剂,,,,,0,0,,,
nonionic macromolecular demulsifier,,,非离子型高分子 破乳剂,,,,,0,0,,,
nonionic reaction,,,非离子反应,,,,,0,0,,,
nonionic softener,,,非离子性柔软剂,,,,,0,0,,,
nonionic structure,,,非离子结构,,,,,0,0,,,
nonionic surface active agent,,,非离子界面活性剂,,,,,0,0,,,
nonionic surface-active agent,,,[化] 非离子型表面活性剂,,,,,0,0,,,
nonionic surfactant,,,[化] 非离子型表面活性剂,,,,,0,0,,,
nonionic surfactants,,, [医]非离子型表面活性剂,,,,,0,0,,,
nonionics,nɔnai'ɔniks,,(=non-ionic surface active agent)非离子表面活性剂,,,,,0,0,,,
nonionid,,,[网络] 非脂类,,,,,0,0,,,
nonionids,,,[网络] 非脂类,,,,,0,0,,,
nonionised,,,[网络] 非离子化,,,,,0,0,,,
nonionizable,,,[网络] 不可分解,,,,,0,0,,,
nonionizaed,,,不电离的,,,,,0,0,,,
nonionization,,,非离子化放射线,,,,,0,0,,,
nonionized,'nɔn'aiәnaizd,a not converted into ions,"非游离的, 非电离的",,,,,0,0,,,
nonionized molecule,,,非电离分子,,,,,0,0,,,
nonionizing,'nɔn'aiәnaiziŋ,,不电离的,,,,,0,0,,,
nonionizing particle,,,非游离粒子,,,,,0,0,,,
nonionizing radiation,,,[化] 非电离辐射,,,,,0,0,,,
nonions,,,[网络] 非离子型,,,,,0,0,,,
nonipara,,,[医] 九产妇,,,,,0,0,,,
noniridescent,,,[网络] 非润滑剂,,,,,0,0,,,
noniron,,,"adj. 免熨的,免烫的",,,,,0,0,,,
nonironic,,,[网络] 非磁性,,,,,0,0,,,
nonirradiated,'nɔni'reidieitid,,未经照射的,,,,,0,0,,,
nonirregular,,,[网络] 非规则,,,,,0,0,,,
nonirrigable rice field,,,非灌溉稻田,,,,,0,0,,,
nonirrigated,,,adj. 〔农〕非灌溉的,,,,,0,0,,,
nonirrigated agriculture,,,非灌溉耕作,,,,,0,0,,,
nonirrigation,,,[网络] 非灌溉,,,,,0,0,,,
nonirritant,,,无刺激性,,,,,0,0,,,
nonirritants,,,[网络] 无刺激性,,,,,0,0,,,
nonirritating,'nɔn'iriteitiŋ,,无刺激性的,,,,,0,0,,,
nonis,,,[网络] 小小白,,,,,0,0,,,
nonischemic,,,adj. 〔医〕非缺血的\n[网络] 非缺血型；非缺血性,,,,,0,0,,,
nonisentropic,'nɔnisәn'trɔpik,,非等熵的,,,,,0,0,,,
nonisentropic flow,,,等熵流动,,,,,0,0,,,
nonIslamic,,,[网络] 非伊斯兰教,,,,,0,0,,,
nonislander,,,[网络] 非法兰德,,,,,0,0,,,
nonislanders,,,[网络] 非法国人,,,,,0,0,,,
nonism,,,n. (戒绝一切不良嗜好的)极端禁欲主义\n[网络] 没有主义；无主义,,,,,0,0,,,
nonisochemical,,,非等化学的,,,,,0,0,,,
nonisochromatic,,,"非等色的,非同色的",,,,,0,0,,,
nonisochronicity,,,[网络] 非同步性,,,,,0,0,,,
nonisochronous,'nɔnai'sɔkrәnәs,,不等时的,,,,,0,0,,,
nonisoelastic,'nɔnaisәui'læstik,,非等弹性的,,,,,0,0,,,
nonisolable,,,[网络] 不可分离,,,,,0,0,,,
nonisolate,,,[网络] 非隔离式,,,,,0,0,,,
nonisolated,,,[网络] 隔离,,,,,0,0,,,
nonisolated amplifier,,,非隔离放大器，无隔离放大器,,,,,0,0,,,
nonisolated essential singular point,,,[数] 非孤立本性奇点,,,,,0,0,,,
nonisolated essential singularity,,,非孤立本性奇点,,,,,0,0,,,
nonisolated system,,,【热力学】不独立系统,,,,,0,0,,,
nonisolates,,,[网络] 非离子表面活性剂,,,,,0,0,,,
nonisomerized,,,[网络] 非异构化,,,,,0,0,,,
nonisometric,,,un. 非等距离的,,,,,0,0,,,
nonisometric lines,,,非等距线,,,,,0,0,,,
nonisomorphic,,,adj. 〔数〕非同构的,,,,,0,0,,,
nonisomorphically,,,[网络] 非同形性,,,,,0,0,,,
nonisoprenoid,,,非异戊间二烯类,,,,,0,0,,,
nonisosceles,'nɔnai'sɔsili:z,,不等腰的,,,,,0,0,,,
nonisospectral,,,[网络] 非光谱,,,,,0,0,,,
nonisothermal,'nɔnaisәu'θә:mәl,,非等温的,,,,,0,0,,,
nonisothermal cavity,,,非等温腔,,,,,0,0,,,
nonisothermal plasma,,,非等温电浆,,,,,0,0,,,
nonisothermal reactor,,,非等温反应器,,,,,0,0,,,
nonisothermality,'nɔnaisәuθә:'mæliti,,非等温性,,,,,0,0,,,
nonisothermic,,,[网络] 非等温,,,,,0,0,,,
nonisotopic,,,[网络] 非同位素的,,,,,0,0,,,
nonisotopic carrier,,,非同位素载体,,,,,0,0,,,
nonisotropic,'nɔnaisәu'trɔpik,,"非迷向的, 各向异性的, 非各向同性的",,,,,0,0,,,
nonisotropic (anisotropic),,,非均向性的;异向性的,,,,,0,0,,,
nonisotropic materials,,,向异性物质,,,,,0,0,,,
nonisotropic medium,,,均质介质,,,,,0,0,,,
nonisotropic subspace,,,非迷向子空间,,,,,0,0,,,
nonisotropic turbulence,,,"非等向性乱流, 非各向同性紊流",,,,,0,0,,,
nonisotropy,'nɒnɪsətrəpɪ,, 非蛤同性,,,,,0,0,,,
nonissuable,,,[网络] 不可释放,,,,,0,0,,,
nonissue,'nɔn'iʃju:,,"欺人的争论, 不成问题的问题",,,,,0,0,,,
nonissued,,,[网络] 非发行,,,,,0,0,,,
nonissues,,,[网络] 非发行,,,,,0,0,,,
nonist,,,[网络] 非主义,,,,,0,0,,,
nonistic,,,[网络] 非主义,,,,,0,0,,,
nonitalic,,,[网络] 非市场,,,,,0,0,,,
nonitalicized,,,[网络] 非市场化,,,,,0,0,,,
nonitemized,,,[网络] 不成立,,,,,0,0,,,
nonitemizers,,,[网络] 非物质,,,,,0,0,,,
noniterable,,,[网络] 不妥协,,,,,0,0,,,
noniterated,,,[网络] 不言而喻,,,,,0,0,,,
noniterative,,,[网络] 不礼貌的,,,,,0,0,,,
noniteratively,,,[网络] 不合理的,,,,,0,0,,,
nonitinerant,,,[网络] 非排气,,,,,0,0,,,
nonitor top,,,气楼,,,,,0,0,,,
nonius,'nәuniәs,n. A vernier.,n. 游标,,,,,0,0,,,
nonius instrument,ˈnɔnjəs ˈinstrumənt,, 游标仪器,,,,,0,0,,,
nonius zero,ˈnɔnjəs ˈziərəu,, 游标零分划,,,,,0,0,,,
noniuses,'nəuniəs,,n. 游标；游尺\nn. (Nonius)人名；(葡)诺纽斯,,,,,0,0,,,
nonivamide,,,[网络] 辣椒素；合成辣椒碱；合成辣椒硷,,,,,0,0,,,
Nonières,,,[地名] 诺尼耶尔 ( 法 ),,,,,0,0,,,
nonjaded,,,[网络] 不褪色,,,,,0,0,,,
nonjail,,,[网络] 非参加,,,,,0,0,,,
nonjanitorial,,,[网络] 非政治性,,,,,0,0,,,
nonJapanese,,,[网络] 非日本人,,,,,0,0,,,
nonjazz,,,[网络] 非爵士乐,,,,,0,0,,,
nonjealous,,,[网络] 非嫉妒,,,,,0,0,,,
nonjewelled,'nɔn'dʒu:әld,,无钻石的,,,,,0,0,,,
nonjewelry,,,[网络] 非珠宝,,,,,0,0,,,
nonjob,,,[网络] 非工作,,,,,0,0,,,
nonjobs,,,[网络] 非工作,,,,,0,0,,,
nonjogger,,,[网络] 非交易员,,,,,0,0,,,
nonjoggers,,,[网络] 非聊天者,,,,,0,0,,,
nonjogging,,,[网络] 不干燥,,,,,0,0,,,
nonjoinder,nɒn'dʒɒindә,"n. The omission of some person who ought to have been made\n   a plaintiff or defendant in a suit, or of some cause of action which\n   ought to be joined.",n. 未参加诉讼\n[法] 非共同诉讼,,,,,0,0,,,
nonjoinders,nɒn'dʒɒɪndə,,n.\n【法律】\n非共同诉讼\n未参加(或不参加)预讼，不作联合诉讼,,,,,0,0,,,
nonjoined,,,[网络] 不连接,,,,,0,0,,,
nonjoiners,,,[网络] 非参与者,,,,,0,0,,,
nonjoining,,,[网络] 不连接,,,,,0,0,,,
nonjoint,,,[网络] 不连接,,,,,0,0,,,
nonjoke,,,[网络] 无聊,,,,,0,0,,,
nonjokes,,,[网络] 无聊,,,,,0,0,,,
nonjournalist,,,[网络] 非记者,,,,,0,0,,,
nonjournalistic,,,[网络] 非志愿者,,,,,0,0,,,
nonjournalists,,,[网络] 非记者,,,,,0,0,,,
nonjudge,,,[网络] 非判断,,,,,0,0,,,
nonjudged,,,[网络] 非判断,,,,,0,0,,,
nonjudgement,,,[网络] 抱持非批判性的,,,,,0,0,,,
nonjudgemental,,,[网络] 非判断式的,,,,,0,0,,,
nonjudgementally,"'nɔn,dʒʌdʒ'mentəl",,"nonjudgementally\nadv.\nnonjudgemental的变形\nnonjudgemental\n['nɔn,dʒʌdʒ'mentəl]\nadj.\n不按个人道德标准进行评定的；不偏不倚的，客观的",,,,,0,0,,,
nonjudgements,,,[网络] 非判断,,,,,0,0,,,
nonjudges,,,[网络] 非判断,,,,,0,0,,,
nonjudging,,,[网络] 非判断,,,,,0,0,,,
nonjudgment,,,[网络] 不论断,,,,,0,0,,,
nonjudgmental,nɒndʒʌdʒ'mentl,a. refraining from making judgments especially ones based on personal opinions or standards,"a. 不按个人道德标准进行评定的, 不偏不倚的, 客观的",j:100,,,,0,25387,,,
nonjudgmental attitude,,,不批评的态度,,,,,0,0,,,
nonjudgmentalism,,,[网络] 无判断主义；判断缺乏主义,,,,,0,0,,,
nonjudgmentally,,,[网络] 不加判断,,,,,0,0,,,
nonjudgments,,,[网络] 非判断,,,,,0,0,,,
nonjudicial,,,[网络] 非法院式破产,,,,,0,0,,,
nonjudicially,,,[网络] 非法,,,,,0,0,,,
nonjuggling,,,[网络] 不守法,,,,,0,0,,,
nonjunctional,,,[网络] 非功能性,,,,,0,0,,,
nonjungle,,,[网络] 非混合,,,,,0,0,,,
nonjunk,,,[网络] 非垃圾,,,,,0,0,,,
nonjurant,'nɒndʒʊrənt,a. Nonjuring.,"n. 不愿宣誓的人, 拒誓者\na. 不愿宣誓的",,,,,0,0,,,
nonjuridical,,,[网络] 非法律,,,,,0,0,,,
nonjuring,nɒn'dʒuriŋ,"a. Not swearing allegiance; -- applied to the party in\n   Great Britain that would not swear allegiance to William and Mary, or\n   their successors.",a. 拒绝宣誓效忠的,,,,,0,0,,,
nonjurist,,,[网络] 非主义者,,,,,0,0,,,
nonjuristic,,,[网络] 非启发式,,,,,0,0,,,
nonjurists,,,[网络] 非专业人士,,,,,0,0,,,
nonjuror,'nɔn'dʒuәrә,"n. One of those adherents of James II. who refused to take\n   the oath of allegiance to William and Mary, or to their successors,\n   after the revolution of 1688; a Jacobite.",n. 不肯宣誓效忠者,,,,,0,0,s:nonjurors,,
nonjurorism,,,[网络] 非犹太教,,,,,0,0,,,
nonjurors,,"plural of nonjuror\nn. One of those adherents of James II. who refused to take\n   the oath of allegiance to William and Mary, or to their successors,\n   after the revolution of 1688; a Jacobite.",(nonjuror 的复数) n.不肯宣誓效忠者,,,,,0,0,0:nonjuror/1:s,,
nonjury,",nɒn'dʒʊərɪ",,adj. 无陪审团的; 无陪审团审判的,,,,,0,0,,,
nonjusticiable,,,[网络] 可司法性；不可司法性；不具可司法性,,,,,0,0,,,
nonjustifiable dispute,,,不应由法院解决的纠纷,,,,,0,0,,,
nonjustificational,,,[网络] 不合理的,,,,,0,0,,,
nonjuvenile,,,[网络] 不老,,,,,0,0,,,
nonjuveniles,,,[网络] 非居民,,,,,0,0,,,
nonkarmic,,,[网络] 非营养,,,,,0,0,,,
nonkarstic,,,[网络] 非糖,,,,,0,0,,,
nonkeloid,,,[网络] 非脱毛,,,,,0,0,,,
nonkeratin,,,[网络] 非角蛋白,,,,,0,0,,,
nonkeratinized,,,[网络] 非角化；没有角质化的；复层扁平上皮,,,,,0,0,,,
nonkeratinized stratified squamous epithelium,,,非角化复层扁平 上皮,,,,,0,0,,,
nonkeratinizing,nɒŋk'əeɪtɪnaɪzɪŋ,,[医]无角化的,,,,,0,0,,,
nonkeratinocyte,,,非角质细胞,,,,,0,0,,,
nonkeratinous,,,[网络] 非货币,,,,,0,0,,,
nonkeratins,,,[网络] 非角蛋白,,,,,0,0,,,
nonketogenic,,,[网络] 非生物,,,,,0,0,,,
nonketogenic hyperosmolar hyperglycemic coma,,,非酮症高渗高糖性昏迷,,,,,0,0,,,
nonketoic,,,[网络] 非酮症,,,,,0,0,,,
nonketotic,,,[网络] 非酮症,,,,,0,0,,,
nonketotic hyperglycinemia,,,非酮性高甘氨酸血症,,,,,0,0,,,
nonketotic hyperosmolar coma,,,非酮性高渗压昏迷,,,,,0,0,,,
nonketotic hyperosomolar coma,,,非酮性高渗压昏迷,,,,,0,0,,,
nonkey,,,非钥,,,,,0,0,,,
nonkey attribute,,,非码属性,,,,,0,0,,,
nonkey domain,,,非钥域,,,,,0,0,,,
nonkey particle,,,主要颗粒,,,,,0,0,,,
nonkeyboard,,,[网络] 非键盘,,,,,0,0,,,
nonkeyboard characters,,,非键盘字元,,,,,0,0,,,
nonkiller,,,[网络] 非杀手,,,,,0,0,,,
nonkillers,,,[网络] 非杀手,,,,,0,0,,,
nonkilling,,,[网络] 不杀生；有杀生,,,,,0,0,,,
nonkillings,,,[网络] 非杀伤性,,,,,0,0,,,
nonkin,,,[网络] 非金属,,,,,0,0,,,
nonkinase,,,非激酶,,,,,0,0,,,
nonkindergarten,,,[网络] 非幼儿园,,,,,0,0,,,
nonkinematic,,,[网络] 非运动型,,,,,0,0,,,
nonkinetic,,,[网络] 陆基,,,,,0,0,,,
nonkinetic analysis,,,非动态[非动力学]分析(法),,,,,0,0,,,
nonking,,,[网络] 停止,,,,,0,0,,,
nonkings,,,[网络] 不存在,,,,,0,0,,,
nonkinky,,,[网络] 不开心,,,,,0,0,,,
nonkinship,,,[网络] 非金属,,,,,0,0,,,
nonknitted,,,[网络] 无缝,,,,,0,0,,,
nonknocking condition,,,"正常燃烧条件,不爆震条件",,,,,0,0,,,
nonknocking explosion,,,正常燃烧,,,,,0,0,,,
nonknocking fuel,,,不爆震燃料,,,,,0,0,,,
nonknowledge,,,[网络] 末路和非知识,,,,,0,0,,,
nonknowledges,,,[网络] 非知识,,,,,0,0,,,
nonkoranic,,,[网络] 非开放式,,,,,0,0,,,
nonkosher,,,[网络] 不锈钢,,,,,0,0,,,
nonlabeled,,,[网络] 没有标签,j:100,,,,0,0,,,
nonlabeled tape,,,无标号磁带,,,,,0,0,,,
nonlabelled,,,[网络] 非标签,,,,,0,0,,,
nonlabial,,,[网络] 非专利性,,,,,0,0,,,
nonlabialized,,,[网络] 非标准化,,,,,0,0,,,
nonlabials,,,[网络] 非标记,,,,,0,0,,,
nonlabile,,,[网络] 不健康,,,,,0,0,,,
nonlabiles,,,[网络] 非编者,,,,,0,0,,,
nonlabor,,,[网络] 非标准,,,,,0,0,,,
nonlaboratory,,,[网络] 非实验室,,,,,0,0,,,
nonlabored,,,[网络] 没有标记,,,,,0,0,,,
nonlaborer,,,[网络] 非经营者,,,,,0,0,,,
nonlaborers,,,[网络] 非制造商,,,,,0,0,,,
nonlaboring,,,[网络] 非线性,,,,,0,0,,,
nonlabour,,,[网络] 非实验,,,,,0,0,,,
nonlabouring,,,[网络] 非练习,,,,,0,0,,,
nonlactating,,,[网络] 非泌乳的,,,,,0,0,,,
nonlactic acidity,,,非乳酸酸度,,,,,0,0,,,
nonlacunar,,,[网络] 非农田,,,,,0,0,,,
nonladdering,,,[网络] 不脱散的,,,,,0,0,,,
nonlake,,,[网络] 不漂亮,,,,,0,0,,,
nonlamellar,,,[网络] 非平面,,,,,0,0,,,
nonlamellar bone,,,[医] 非板[层]骨,,,,,0,0,,,
nonlamellar cryptoperthite,,,非片状隐纹长石,,,,,0,0,,,
nonlamellated bone,,,网状骨；非板状骨,,,,,0,0,,,
nonlaminar,,,[网络] 非层状,,,,,0,0,,,
nonlaminated,,,[网络] 非层压,,,,,0,0,,,
nonland,,,[网络] 非洲,,,,,0,0,,,
nonlandline,,,[网络] 非国内线,,,,,0,0,,,
nonlandlord,,,[网络] 非地主,,,,,0,0,,,
nonlandlords,,,[网络] 非地主,,,,,0,0,,,
nonlandowner,,,[网络] 非土地所有者,,,,,0,0,,,
nonlandowners,,,[网络] 非土地所有者,,,,,0,0,,,
nonlandowning,,,[网络] 非居住,,,,,0,0,,,
nonlanguage,,,[网络] 非语言,,,,,0,0,,,
nonlanguages,,,[网络] 非语言,,,,,0,0,,,
nonlanthanide,,,[网络] 非镧系元素,,,,,0,0,,,
nonlaparoscopic,,,[网络] 非腹腔镜,,,,,0,0,,,
nonlarge,,,[网络] 非大,,,,,0,0,,,
nonlarval,,,[网络] 非珍贵,,,,,0,0,,,
nonlaryngeal,,,[网络] 非喉,,,,,0,0,,,
nonlaser,,,[网络] 非激光,,,,,0,0,,,
nonlate,,,[网络] 不合适的,,,,,0,0,,,
nonlateral,,,[网络] 非横向,,,,,0,0,,,
nonlateralized,,,[网络] 非外币,,,,,0,0,,,
nonlathering,,,[网络] 不起泡,,,,,0,0,,,
nonlattice,,,[网络] 非格子,,,,,0,0,,,
nonlaughing,,,[网络] 不笑,,,,,0,0,,,
nonlaundry,,,[网络] 非杂货,,,,,0,0,,,
nonlaw,,,[网络] 是非法,,,,,0,0,,,
nonlawyer,,,[网络] 非律师职业人员,j:100,,,,0,0,,,
nonlawyers,,,[网络] 非法人士,,,,,0,0,,,
nonlayered,,,[网络] 非层次,,,,,0,0,,,
nonlayered network,,,非层次网路,,,,,0,0,,,
nonlazy,,,[网络] 非礼,,,,,0,0,,,
nonlead,,,a. 无铅的[汽油等],,,,,0,0,,,
nonleaded,nɒn'li:dɪd,s (of gasoline) not containing tetraethyl lead,a. 无铅（如汽油等）的,,,,,0,0,,,
nonleaded (nonlead),,,无铅的,,,,,0,0,,,
nonleaded gasoline,,,[油气] 无铅汽油,,,,,0,0,,,
nonleader,,,[网络] 非领导主机,,,,,0,0,,,
nonleaders,,,[网络] 不漂亮,,,,,0,0,,,
nonleading,,,[网络] 非导引性,,,,,0,0,,,
nonleaf,,,非叶,,,,,0,0,,,
nonleaf node,,,非叶节点,,,,,0,0,,,
nonleaf tree,,,[计] 非叶树,,,,,0,0,,,
nonleafy,,,[网络] 不干净,,,,,0,0,,,
nonleague,,,[网络] 非联赛；非联盟,,,,,0,0,,,
nonleak memory,,,不流失记忆体,,,,,0,0,,,
nonleakage probability,,,[网络] 不漏失几率,,,,,0,0,,,
nonleaker,,,[网络] 不起眼,,,,,0,0,,,
nonleakers,,,[网络] 不开门,,,,,0,0,,,
nonleaking,,,[网络] 不渗透,,,,,0,0,,,
nonleaky,,,[网络] 不泄漏,,,,,0,0,,,
nonlean,,,[网络] 不洁净,,,,,0,0,,,
nonleap,,,[网络] 不漂白,,,,,0,0,,,
nonlearning,,,[网络] 无法吸收的学习,,,,,0,0,,,
nonleasable,,,[网络] 不可移动,,,,,0,0,,,
nonleather,,,[网络] 不起眼,,,,,0,0,,,
nonleave tree,,,非叶树,,,,,0,0,,,
nonlecture,,,[网络] 不透明,,,,,0,0,,,
nonlectures,,,[网络] 不透明,,,,,0,0,,,
nonledger assets,,,秘密资产,,,,,0,0,,,
nonleftist,,,[网络] 非线性,,,,,0,0,,,
nonleftists,,,[网络] 非主义者,,,,,0,0,,,
nonlegacy,,,[网络] 向瑶,,,,,0,0,,,
nonlegal,'nɔn'li:^әl,s not regulated or sanctioned by law,"a. 非法律的, 与法律无关的",,,,,0,0,,,
nonlegalistic,,,[网络] 非法性,,,,,0,0,,,
nonlegalized,,,[网络] 非法化,,,,,0,0,,,
nonlegendary,,,[网络] 非传奇,,,,,0,0,,,
nonlegislated,,,[网络] 非拘禁,,,,,0,0,,,
nonlegislative,,,[网络] 非最重要的,,,,,0,0,,,
nonlegislator,,,[网络] 非法律师,,,,,0,0,,,
nonlegislators,,,[网络] 非法律师,,,,,0,0,,,
nonlegitimacy,,,[网络] 非正当性,,,,,0,0,,,
nonlegitimate,,,[网络] 非法定政权,,,,,0,0,,,
nonlegume,,,n. 〔农〕非豆科作物,,,,,0,0,,,
nonlegume forage,,,非豆科牧草,,,,,0,0,,,
nonlegumes,,,[网络] 非书,,,,,0,0,,,
nonleguminous,,,非豆科,,,,,0,0,,,
nonleisure,,,[网络] 非休闲,,,,,0,0,,,
nonlending,,,[网络] 非贷款,,,,,0,0,,,
nonlenticular,,,[网络] 非关节,,,,,0,0,,,
nonlentiginous,,,[网络] 非常的,,,,,0,0,,,
nonleprotic,,,[网络] 非精神病,,,,,0,0,,,
nonleprous,,,非麻风的,,,,,0,0,,,
nonleptonic,,,[网络] 非专一性,,,,,0,0,,,
nonleptonic decay,,,非轻子衰变,,,,,0,0,,,
nonleptonic interaction,,,非轻子相互酌,,,,,0,0,,,
nonlesbian,,nonlesbian (not comparable)\nNot lesbian.\n\n\nnonlesbian (plural nonlesbians)\nOne who is not a lesbian.\n,,,,,,0,0,,,
nonlesional,,,[网络] 无意义,,,,,0,0,,,
nonlesioned,,,[网络] 不分类,,,,,0,0,,,
nonlethal,nɒn'li:θәl,s. not capable of causing death,a. 不致命的,,,,,0,0,,,
nonlethal weapon,,,非杀伤性武器,,,,,0,0,,,
nonlethally,,,[网络] 非正式,,,,,0,0,,,
nonlethals,'nɑn'liθəl,,adj.\n不会致死的；不致死的\n非军事性的；人道主义的,,,,,0,0,,,
nonletter,,,[网络] 非通讯,,,,,0,0,,,
nonletters,,,[网络] 中非字母,,,,,0,0,,,
nonleukaemic,,,[网络] 非白血病,,,,,0,0,,,
nonleukemia,,,[网络] 非白血病,,,,,0,0,,,
nonleukemic,,,[网络] 非白血病性的,,,,,0,0,,,
nonleukemic myelosis,,,[医] 非白血病性骨髓组织增生,,,,,0,0,,,
nonleukopenic,,,[网络] 非白菜,,,,,0,0,,,
nonleukoreduced,,,[网络] 非白细胞减少,,,,,0,0,,,
nonlevel,'nɔn'levl,,非水平的,,,,,0,0,,,
nonlexical,,,[网络] 非弹性,,,,,0,0,,,
nonlexicalizable,,,[网络] 非弹性的,,,,,0,0,,,
nonlexicalized,,,[网络] 非灵活化,,,,,0,0,,,
nonlexically,,,[网络] 非线性,,,,,0,0,,,
nonlexicographical,,,[网络] 非线性的,,,,,0,0,,,
nonliability,,,[网络] 不可靠,,,,,0,0,,,
nonliable,,,[网络] 不可靠,,,,,0,0,,,
nonliar,,,[网络] 非常好,,,,,0,0,,,
nonliars,,,[网络] 非会员,,,,,0,0,,,
nonliberal,,,[网络] 非自由主义,j:100,,,,0,0,,,
nonliberals,,,[网络] 非自由主义者,,,,,0,0,,,
nonliberated,,,[网络] 不自在,,,,,0,0,,,
nonlibertarian,,,[网络] 非自由主义者,,,,,0,0,,,
nonlibertarians,,,[网络] 非自由人,,,,,0,0,,,
nonlibrarian,,,[网络] 非图书馆员,,,,,0,0,,,
nonlibrarians,,,[网络] 非校准者,,,,,0,0,,,
nonlibrary,,,[网络] 非图书馆,,,,,0,0,,,
nonlicensed,,,[网络] 无牌,,,,,0,0,,,
nonlicet,,,"adj. 不准许的,非法的",,,,,0,0,,,
nonlichenized,,,[网络] 非化学,,,,,0,0,,,
nonlien,'nɔn'liәn,,[律]不予起诉,,,,,0,0,,,
nonlife,nɔn'laif,,"n. 无生命,缺乏生命",,,,,0,0,,,
nonlifer,nɒn'laɪf,,n.\n无生命；缺乏生命,,,,,0,0,,,
nonlifers,,,[网络] 没有人,,,,,0,0,,,
nonlifting vehicle,,,[航] 无升力飞行器,,,,,0,0,,,
nonligand,,,[网络] 非配偶,,,,,0,0,,,
nonlight,,,[网络] 无光,,,,,0,0,,,
nonlighted,,,[网络] 没有光泽,,,,,0,0,,,
nonlignified,,,[网络] 不合格,,,,,0,0,,,
nonlimbate,,,[网络] 非限制性,,,,,0,0,,,
nonlimbic,,,[网络] 非极限,,,,,0,0,,,
nonlimerence,,,[网络] 不平凡,,,,,0,0,,,
nonlimerent,,,[网络] 不流畅,,,,,0,0,,,
nonlimit,'nɔn'limit,,非极限的,,,,,0,0,,,
nonlimit ordinal,,,非极限序数,,,,,0,0,,,
nonlimitation,,,[网络] 非限制性,,,,,0,0,,,
nonlimitative,,,[网络] 非限制性,,,,,0,0,,,
nonlimited,,,[网络] 无限制,,,,,0,0,,,
nonlimiting,,-ing form of nonlimit,(nonlimit 的现在分词) 非极限的,,,,,0,0,0:nonlimit/1:i,,
nonlimiting ordinal,,,[数] 非极限序数,,,,,0,0,,,
nonline arity,,,非线性,,,,,0,0,,,
nonlineal,,,[网络] 非线性,,,,,0,0,,,
nonlinear,nɒn'liniә,a. designating or involving an equation whose terms are not of the first degree,a. 非线性的\n[电] 非线性的,j:100,,,,29639,13772,,,
nonlinear absorption,,,非线性吸收,,,,,0,0,,,
nonlinear acoustics,,,【声学】强声学,,,,,0,0,,,
nonlinear acoustodynamics,,,[声] 非线性声动力学,,,,,0,0,,,
nonlinear active network simulation,,,非线性有效网路模拟,,,,,0,0,,,
nonlinear actuator,,,非线性致动器,,,,,0,0,,,
nonlinear adaptive,,,[自] 非线性自适应（的）,,,,,0,0,,,
nonlinear adaptive control,,,非线性自适应控制,,,,,0,0,,,
nonlinear adsorption isotherm,,,非线性吸着等温线,,,,,0,0,,,
nonlinear advection equation,,,非线性平流方程,,,,,0,0,,,
nonlinear aerodynamic characteristic,,,非线性空气动力特性,,,,,0,0,,,
nonlinear aerodynamics,,,非线性空气动力学,,,,,0,0,,,
nonlinear algebraic equation,,,[数] 非线性代数方程,,,,,0,0,,,
nonlinear algebraic image restoration,,,[计] 非线性代数图像恢复,,,,,0,0,,,
nonlinear amplifier,,,[电] 非线性放大器,,,,,0,0,,,
nonlinear amplifying medium,,,非线性放大媒质,,,,,0,0,,,
nonlinear analysis,,,非线性分析,,,,,0,0,,,
nonlinear analysis program,,,非线性分析程式,,,,,0,0,,,
nonlinear and functional equations,,,非线性与函数方程,,,,,0,0,,,
nonlinear antenna system,,,非线性天线系统,,,,,0,0,,,
nonlinear approximation,,,非线性逼近,,,,,0,0,,,
nonlinear attenuation,,,非线性衰减,,,,,0,0,,,
nonlinear autonomous system,ˈnɔnˈliniə ɔ:ˈtɔnəməs ˈsistəm,, [计]非线性独立[自治]系统,,,,,0,0,,,
nonlinear autoregressive model,,,"非线性自我回归, 非线性自回归模型",,,,,0,0,,,
nonlinear balance equation,,,非线性平衡方程,,,,,0,0,,,
nonlinear beam,,,非线性梁,,,,,0,0,,,
nonlinear behavior,,,非线性,,,,,0,0,,,
nonlinear birefringence,,,非线性双折射,,,,,0,0,,,
nonlinear boundary value problem,,,非线性边值问题,,,,,0,0,,,
nonlinear breakeven chart,,,非线性盈亏平衡图,,,,,0,0,,,
nonlinear bridge,,,[电] 非线性电桥,,,,,0,0,,,
nonlinear buckling,,,非线性屈曲,,,,,0,0,,,
nonlinear capacitor,,,[电] 非线性电容器,,,,,0,0,,,
nonlinear causal relationship,,,非线性因果关系,,,,,0,0,,,
nonlinear channel,,,非线性通道,,,,,0,0,,,
nonlinear characteristic,,,非线性特性,,,,,0,0,,,
nonlinear characteristics,,,非线性特性,,,,,0,0,,,
nonlinear chelatropic reaction,,,[化] 非线性螯合反应,,,,,0,0,,,
nonlinear chemical kinetics,,,非线性化学动力学,,,,,0,0,,,
nonlinear chemical reaction,,,非线性化学反应,,,,,0,0,,,
nonlinear circuit,,,[电] 非线性电路,,,,,0,0,,,
nonlinear circuit analysis,,,非线性电路分析,,,,,0,0,,,
nonlinear circuit component,,,[电] 非线性电路元件,,,,,0,0,,,
nonlinear circuit equation,,,un. 非线性电路方程,,,,,0,0,,,
nonlinear circuits,,,非线性电路,,,,,0,0,,,
nonlinear code,,,非线性码,,,,,0,0,,,
nonlinear coefficient,,,[电子] 非线性系数,,,,,0,0,,,
nonlinear coefficient measurement,,,非线性系数测量,,,,,0,0,,,
nonlinear coherent resonance phenomenon,,,[光] 非线性相干共振现象,,,,,0,0,,,
nonlinear coil,,,[电] 非线性线圈,,,,,0,0,,,
nonlinear compact operator,,,非线性紧致算子,,,,,0,0,,,
nonlinear compensation,,,非线性补偿,,,,,0,0,,,
nonlinear complexity,,,非线性复杂度,,,,,0,0,,,
nonlinear component,,,非线性组件,,,,,0,0,,,
nonlinear compressor,,,非线性压缩器,,,,,0,0,,,
nonlinear computation,,,非线性计算,,,,,0,0,,,
nonlinear computing element,,,非线性计算器;非线性计算元件,,,,,0,0,,,
nonlinear condition,,,非线性(条件),,,,,0,0,,,
nonlinear conductance,,,非线性电导,,,,,0,0,,,
nonlinear conductor,,,[电] 非线性导体,,,,,0,0,,,
nonlinear congruential method,,,非线性同余法,,,,,0,0,,,
nonlinear connection,,,非线性联络,,,,,0,0,,,
nonlinear conservative system,,,非线性保守系统,,,,,0,0,,,
nonlinear constraint,,,非线性限制,,,,,0,0,,,
nonlinear continuous programming,,,非线性连续规划,,,,,0,0,,,
nonlinear control,,,非线性控制,,,,,0,0,,,
nonlinear control system,,,[电] 非线性控制系统,,,,,0,0,,,
nonlinear control system theory,,,非线性控制系统理论,,,,,0,0,,,
nonlinear control theory,,,非线性控制理论,,,,,0,0,,,
nonlinear control valve,,,非线性控制阀,,,,,0,0,,,
nonlinear controller,,,非线性调节器,,,,,0,0,,,
nonlinear conversion,,,非线性转换,,,,,0,0,,,
nonlinear coordinate transformation,,,[电子] 非线性坐标变换,,,,,0,0,,,
nonlinear corrections,,,非线性改正,,,,,0,0,,,
nonlinear correlation,ˈnɔnˈliniə ˌkɔ:rəˈleɪʃən,, 非线性相关,,,,,0,0,s:nonlinear correlations,,
nonlinear correlations,,, 非线性相关\n(nonlinear correlation 的复数),,,,,0,0,0:nonlinear correlation/1:s,,
nonlinear coupled-wave equation,,,非线性耦合波方程,,,,,0,0,,,
nonlinear coupler,,,[电] 非线性耦合器,,,,,0,0,,,
nonlinear coupling,,,非线性耦合,,,,,0,0,,,
nonlinear creep,,,非线性潜变,,,,,0,0,,,
nonlinear creep theory,,,[力] 非线性蠕变理论,,,,,0,0,,,
nonlinear crosstalk,,,非线性串扰,,,,,0,0,,,
nonlinear crystal,,,[电] 非线性晶体,,,,,0,0,,,
Nonlinear Crystals,,,nonlinear crystal\n【固体物理学】非线性晶体,,,,,0,0,,,
nonlinear curve,,,非线性曲线,,,,,0,0,,,
nonlinear damper,,,粘弹性阻尼,,,,,0,0,,,
nonlinear damping,,,非线性阻尼,,,,,0,0,,,
nonlinear dashpot,,,非线性黏性阻尼器,,,,,0,0,,,
nonlinear data,,,非线性数据,,,,,0,0,,,
nonlinear data structure,,,非线性资料结构,,,,,0,0,,,
nonlinear deconvolution,ˈnɔnˈliniə ˌdi:kɔnvəˈlu:ʃən,, [计]非线性去卷积，非线性反褶积,,,,,0,0,,,
nonlinear deformation,,,非线性变形,,,,,0,0,,,
nonlinear dependence relation,,,非线性相关性关系,,,,,0,0,,,
nonlinear detection,,,[电] 非线性检波,,,,,0,0,,,
nonlinear detector,,,非线性侦测器,,,,,0,0,,,
nonlinear device,,,[电] 非线性电路元件,,,,,0,0,,,
nonlinear devices,,,非线性元件,,,,,0,0,,,
nonlinear dielectric,,,非线性电介质;非线性介质,,,,,0,0,,,
nonlinear dielectric polarization,,,非线性电介质极化,,,,,0,0,,,
nonlinear difference equation,,,非线性差分方程,,,,,0,0,,,
nonlinear differential equation,,,非线性微分方程,,,,,0,0,,,
nonlinear differential-difference equation,,,[数] 非线性微分差分方程,,,,,0,0,,,
nonlinear differentiator,,,非线性微分电路,,,,,0,0,,,
nonlinear diffraction,,,非线性衍射,,,,,0,0,,,
nonlinear diffusion simulation,,,非线性扩散模拟,,,,,0,0,,,
nonlinear directional coupler,,,非线性定向耦合器,,,,,0,0,,,
nonlinear discretization,,,非线性离散化,,,,,0,0,,,
nonlinear discriminant,,,[计] 非线性判别,,,,,0,0,,,
nonlinear dispersion relation,,,非线性色散关系,,,,,0,0,,,
nonlinear dispersive fiber,,,非线性色散光纤,,,,,0,0,,,
nonlinear distortion,,,[计] 非线性失真,,,,,0,0,s:nonlinear distortions,,
nonlinear distortion factor,,,[电] 非线性失真系数,,,,,0,0,,,
nonlinear distortion measurement,,,非线性失真测量,,,,,0,0,,,
nonlinear distortion of scanning,,,扫描非线性畸变,,,,,0,0,,,
nonlinear distortions,,,[电子] 非线性失真,,,,,0,0,0:nonlinear distortion/1:s,,
nonlinear disturbance,,,非线性扰动,,,,,0,0,,,
nonlinear duality,,,非线性对偶性,,,,,0,0,,,
nonlinear dynamic analysis,,,非线性动力分析,,,,,0,0,,,
nonlinear dynamic circuits,,,非线性动态电路,,,,,0,0,,,
nonlinear dynamic model,,,非线性动力模式,,,,,0,0,,,
nonlinear dynamic multiplier,,,非线性动态乘数,,,,,0,0,,,
nonlinear dynamic system,,,非线性动态系统,,,,,0,0,,,
nonlinear dynamical systems and bifurcations,,,非线性动态系统与双叉,,,,,0,0,,,
nonlinear dynamics,,,非线性动力学,,,,,0,0,,,
nonlinear dynamics of elastic bodies,,,[力] 弹性体非线性动力学,,,,,0,0,,,
nonlinear econometric model,,,[网络] 非线性计量经济模型,,,,,0,0,,,
nonlinear econometric techniques,,,非线性经济计量方法,,,,,0,0,,,
nonlinear econometrics model,,,非线性计量经济学模型,,,,,0,0,,,
nonlinear economics,,,非线性经济学,,,,,0,0,,,
nonlinear editing,,,非线性剪辑,,,,,0,0,,,
nonlinear editor,,,非线性编辑器,,,,,0,0,,,
nonlinear effect,,,非线性效应,,,,,0,0,,,
nonlinear effect of brillouin scattering,,,布瑞渊散射之非线性效应,,,,,0,0,,,
nonlinear effect of self-phase modulation,,,自相位调变之非线性效应,,,,,0,0,,,
nonlinear effects,,,非线性效应,,,,,0,0,,,
nonlinear eigenvalue problem,,,非线性固有值问题,,,,,0,0,,,
nonlinear elastic rod,,,非线性弹性杆,,,,,0,0,,,
nonlinear elastic theorty,,,非线性弹性理论,,,,,0,0,,,
nonlinear elastic theory,,,un. 非线性弹性理论,,,,,0,0,,,
nonlinear elasticity,,,[化] 非线性弹性,,,,,0,0,,,
nonlinear elasticity mechanics,,,[力] 非线性弹性力学,,,,,0,0,,,
nonlinear elastokinetics,,,[力] 非线性弹性动力学,,,,,0,0,,,
nonlinear elastomechanics,,,[力] 非线性弹性力学,,,,,0,0,,,
nonlinear electric circuit,,,[电子] 非线性电路,,,,,0,0,,,
nonlinear electrodynamics,,,非线性电动力学,,,,,0,0,,,
nonlinear electromagnetic medium,,,非线性电磁媒质,,,,,0,0,,,
nonlinear electromagnetics,,,[电磁] 非线性电磁学,,,,,0,0,,,
nonlinear electronic susceptibility,,,非线性电子磁化率,,,,,0,0,,,
nonlinear electrooptical crystal,,,非线性电光晶体,,,,,0,0,,,
nonlinear element,,,[化] 非线性元件,,,,,0,0,,,
nonlinear elementary excitation,,,非线性元激发,,,,,0,0,,,
nonlinear elliptic,,,非线性椭圆[型],,,,,0,0,,,
nonlinear elliptic equation,,,[数] 非线性椭圆型方程,,,,,0,0,,,
nonlinear encoding,,,非线性编码,,,,,0,0,,,
nonlinear equalization,,,非线性等化,,,,,0,0,,,
nonlinear equation,,,非线性方程\n[计] 非线形方程,,,,,0,0,,,
nonlinear equation of evolution,,,[数] 非线性发展方程,,,,,0,0,,,
nonlinear equation solution,,,[数] 非线性方程解,,,,,0,0,,,
nonlinear equations,,,非线性方程组,,,,,0,0,,,
nonlinear error,,,非线性误差,,,,,0,0,,,
nonlinear estimation,,,非线性估计,,,,,0,0,,,
nonlinear estimation routine,,,非线性估计程序,,,,,0,0,,,
nonlinear estimator,,,非线性估计量,,,,,0,0,,,
nonlinear feedback,,,非线性反馈,,,,,0,0,,,
nonlinear feedback control,,,非线性反馈控制,,,,,0,0,,,
nonlinear feedback control system,,,非线性反馈控制系统,,,,,0,0,,,
nonlinear feedback controller,,,非线性反馈控制器,,,,,0,0,,,
nonlinear feedback device,,,[自] 非线性反馈装置,,,,,0,0,,,
nonlinear feedback relay servomechanism,,,带有非线性反馈的继电伺服机构,,,,,0,0,,,
nonlinear feedback shift register,,,非线性反馈移位寄存器,,,,,0,0,,,
nonlinear feedback system,,,[自] 非线性反馈系统,,,,,0,0,,,
nonlinear fiber couplers,,,非线性光纤耦合器,,,,,0,0,,,
nonlinear fiber devices,,,非线性光纤元件,,,,,0,0,,,
nonlinear field theory,,,非线性场论,,,,,0,0,,,
nonlinear filter,,,[电] 非线性滤波器,,,,,0,0,,,
nonlinear filtering,,,非线性滤波,,,,,0,0,,,
nonlinear filters,,,非线性泸波器,,,,,0,0,,,
nonlinear finite element,ˈnɔnˈliniə ˈfainait ˈelimənt,, [计]非线性有限元,,,,,0,0,,,
nonlinear finite element analysis,,,非线性有限元分析,,,,,0,0,,,
nonlinear finite element method,,,非线性有限元,,,,,0,0,,,
nonlinear flexible spacecraft,,,非线性挠曲宇宙飞船,,,,,0,0,,,
nonlinear fluid mechanics,,,[流] 非线性流体力学,,,,,0,0,,,
nonlinear fm,,,非线性调频,,,,,0,0,,,
nonlinear forced vibration,,,非线性强迫振动,,,,,0,0,,,
nonlinear forward drift,,,非线性正向漂移,,,,,0,0,,,
nonlinear foundation,,,非线性基础,,,,,0,0,,,
nonlinear fractional function,,,非线性分式函数,,,,,0,0,,,
nonlinear fracture,,,[网络] 非线性断裂,,,,,0,0,,,
nonlinear fracture mechanics,,,[网络] 非线性破坏力学；非线性断裂力学,,,,,0,0,,,
nonlinear fredholm operator,,,"非线性 Fredholm 算子, 非线性Fredholm算子",,,,,0,0,,,
nonlinear free vibration,,,非线性自由振动,,,,,0,0,,,
nonlinear frequency conversion,,,非线性频率转换,,,,,0,0,,,
nonlinear full information maximum likelihood estimator,,,非线性完全讯,,,,,0,0,,,
nonlinear function,,, [数] 非线性函数,,,,,0,0,,,
nonlinear function generator,,,非线性功能发生器,,,,,0,0,,,
nonlinear functional analysis,,,非线性泛函分析,,,,,0,0,,,
nonlinear functions,,,非线性函数,,,,,0,0,,,
nonlinear gain,,,非线性增益,,,,,0,0,,,
nonlinear generator,,,非线性发生器,,,,,0,0,,,
nonlinear geostatistics,,,[地质] 非线性地质统计学,,,,,0,0,,,
nonlinear glasses,,,非线性玻璃,,,,,0,0,,,
nonlinear grammar,,,非线性文法,,,,,0,0,,,
nonlinear harmonic distortion,,,非线性谐波失真系数,,,,,0,0,,,
nonlinear harmonic oscillation,ˈnɔnˈliniə hɑ:ˈmɔnik ˌɔsəˈleɪʃən,, [计]非线性谐波振荡,,,,,0,0,,,
nonlinear hydro-acoustics,,,[声] 非线性水声学,,,,,0,0,,,
nonlinear hyperbolic,,,非线性双曲线,,,,,0,0,,,
nonlinear hyperbolic equation,,,[数] 非线性双曲型方程,,,,,0,0,,,
nonlinear hyperbolic system,,,非线性双曲型组,,,,,0,0,,,
nonlinear hypothesis testing,,,非线性假设检定,,,,,0,0,,,
nonlinear identification,,,[自] 非线性识别,,,,,0,0,,,
nonlinear impedance,,,非线性阻抗,,,,,0,0,,,
nonlinear income tax,,,非线性所得税,,,,,0,0,,,
nonlinear inductance,,,[电] 非线性电感,,,,,0,0,,,
nonlinear infrared spectrograph,,,非线性红外摄谱仪,,,,,0,0,,,
nonlinear input,,,非线性输入,,,,,0,0,,,
nonlinear instability,,,[化] 非线性不稳定性,,,,,0,0,,,
nonlinear integral circuit,,,非线性集成电路,,,,,0,0,,,
nonlinear integral equation,,,非线性积分方程,,,,,0,0,,,
nonlinear integrated circuit,,,[计] 非线性集成电路,,,,,0,0,,,
nonlinear integrated optics,,,非线性积体光学,,,,,0,0,,,
nonlinear integration,,,非线性单整,,,,,0,0,,,
nonlinear integro-differential equation,,,[数] 非线性积分微分方程,,,,,0,0,,,
nonlinear interaction,,,非线性相互作用,,,,,0,0,,,
nonlinear interactions,,,非线性交互作用,,,,,0,0,,,
nonlinear interconnection matrix,,,非线性互连矩阵,,,,,0,0,,,
nonlinear interferometer,,,非线性干涉仪,,,,,0,0,,,
nonlinear interpolation,,,非线性插值,,,,,0,0,,,
nonlinear interpolator,,,非线性内插器,,,,,0,0,,,
nonlinear inversion,,,非线性逆推，非线性反演,,,,,0,0,,,
nonlinear iterative method,,,非线性叠代法,,,,,0,0,,,
nonlinear iterative partial least square,,,非线性迭代偏最小二乘,,,,,0,0,,,
nonlinear kerr effect,,,非线性克尔效应,,,,,0,0,,,
nonlinear kinetics,,,非线性动力学,,,,,0,0,,,
nonlinear Landau damping,,,非线性朗道阻尼,,,,,0,0,,,
nonlinear laser spectroscopy,,,非线性激光光谱学,,,,,0,0,,,
nonlinear least square,,,非线性最小平方,,,,,0,0,,,
nonlinear least squares,,,非线性最小平方法,,,,,0,0,,,
nonlinear least squares (nls) estimation,,,非线性最小平方估计,,,,,0,0,,,
nonlinear least squares estimation,,,非线性最小平方估计,,,,,0,0,,,
nonlinear least squares estimator,,,非线性最小平方估计量,,,,,0,0,,,
nonlinear least squares method,,,非线性最小平方法,,,,,0,0,,,
nonlinear light scattering,,,非线性光散射,,,,,0,0,,,
nonlinear limited information maximum likelihood estimator,,,非线性有限讯最大概似估计式,,,,,0,0,,,
nonlinear liquids,,,非线性液体,,,,,0,0,,,
Nonlinear Load,,,非线性负载,,,,,0,0,,,
nonlinear lumped parameter system,,,[自] 非线性集中参数系统,,,,,0,0,,,
nonlinear magnetic system,,,[电] 非线性磁系统,,,,,0,0,,,
nonlinear magnetooptics,,,非线性磁光学,,,,,0,0,,,
nonlinear mapping,,,"非线性映像, 非线性映射",,,,,0,0,,,
nonlinear master equation,,,非线性主方程,,,,,0,0,,,
nonlinear material,,,非线性材料,,,,,0,0,,,
nonlinear mechanics,,,非线性力学,,,,,0,0,,,
nonlinear media,,,非线性介质,,,,,0,0,,,
nonlinear medium,,,非线性媒质,,,,,0,0,,,
nonlinear method,,,非弹性法,,,,,0,0,,,
nonlinear mode coupling,,,非线性模态耦合,,,,,0,0,,,
nonlinear model,ˈnɔnˈliniə ˈmɔdəl,, [医]非线性模型,,,,,0,0,,,
nonlinear modeling,,,非线性建模,,,,,0,0,,,
nonlinear models,,,非线性模型,,,,,0,0,,,
nonlinear modulation,,,非线性调制,,,,,0,0,,,
nonlinear molecule,,,[机] 非线性分子,,,,,0,0,,,
nonlinear moment characteristic,,,非线性力矩特性,,,,,0,0,,,
nonlinear motion,,,非线性运动,,,,,0,0,,,
nonlinear multivariable system,,,非线性多变量系统,,,,,0,0,,,
nonlinear navigation,,,非线性导航,,,,,0,0,,,
nonlinear network,,,非线性网络,,,,,0,0,,,
nonlinear network analysis,,,非线性网路分析,,,,,0,0,,,
nonlinear network analysis and design,,,非线性网路分析与设计,,,,,0,0,,,
nonlinear network analysis program,,,非线性网路分析程式,,,,,0,0,,,
nonlinear network elements,,,非线性网路元件,,,,,0,0,,,
nonlinear network measurement system,,,非线性网路测量系统,,,,,0,0,,,
nonlinear network simulation and analysis program,,,非线性网路模拟及分析程式,,,,,0,0,,,
nonlinear network synthesis,,,非线性网路合成,,,,,0,0,,,
nonlinear network theory,,,非线性网络理论,,,,,0,0,,,
nonlinear networks,,,非线性网路,,,,,0,0,,,
nonlinear New-tonian fluid,,,广义牛顿流体,,,,,0,0,,,
nonlinear nework,,,[电] 非线性网络,,,,,0,0,,,
nonlinear Newtonian fluid,,,[流] 非线性牛顿流体,,,,,0,0,,,
nonlinear noise analysis,,,非线性杂讯分析,,,,,0,0,,,
nonlinear non-separable problem,,,非线性不可分问题,,,,,0,0,,,
nonlinear normal mode initialization (nnmi),,,非线性正模初始化,,,,,0,0,,,
nonlinear observer,ˈnɔnˈliniə əbˈzə:və,, [计]非线性观测器,,,,,0,0,,,
nonlinear operation,,,非线性运算,,,,,0,0,,,
nonlinear operational element,,,非线性运算元件,,,,,0,0,,,
nonlinear operator,,,非线性算子,,,,,0,0,,,
nonlinear operator theory,,,[数] 非线性算子理论,,,,,0,0,,,
nonlinear optic crystals,,,非线性光晶体,,,,,0,0,,,
nonlinear optical coefficient,,,非线性光学系数,,,,,0,0,,,
nonlinear optical crystal,,,非线性光学晶体,,,,,0,0,,,
nonlinear optical devices,,,非线性光学元件,,,,,0,0,,,
nonlinear optical effect,,,非线性光学效应,,,,,0,0,,,
nonlinear optical element,,,非线性光学元件,,,,,0,0,,,
nonlinear optical fiber,,,非线性光纤,,,,,0,0,,,
nonlinear optical fiber coupler,,,非线性光纤耦合器,,,,,0,0,,,
nonlinear optical phenomena,,,非线性光学现象,,,,,0,0,,,
nonlinear optical processing,,,非线性光学处理,,,,,0,0,,,
nonlinear optical propagation,,,非线性光传播,,,,,0,0,,,
nonlinear optical response,,,非线性光学响应,,,,,0,0,,,
nonlinear optical signal processing,,,非线性光信号处理,,,,,0,0,,,
nonlinear optical susceptibility,,,非线性光极化率,,,,,0,0,,,
nonlinear optical techniques,,,非线性光学技术,,,,,0,0,,,
nonlinear optical waveguide,,,非线性光波导,,,,,0,0,,,
nonlinear optics,,,[化] 非线性光学,,,,,0,0,,,
nonlinear optics and devices,,,非线性光学与元件,,,,,0,0,,,
nonlinear optics of free atoms,,,[光] 自由原子非线性光学,,,,,0,0,,,
nonlinear optics of free molocules,,,[光] 自由分子非线性光学,,,,,0,0,,,
nonlinear optimal control,,,非线性最优控制,,,,,0,0,,,
nonlinear optimization,,,[计] 非线性优化,,,,,0,0,,,
nonlinear optimization techniques,,,非线性最适化技巧,,,,,0,0,,,
nonlinear or nonlinear and,,,非线性或非线性与,,,,,0,0,,,
nonlinear ordinary differential equation,,,[数] 非线性常微分方程,,,,,0,0,,,
nonlinear organic material,,,非线性有机材料,,,,,0,0,,,
nonlinear oscillation,,,非线性振荡,,,,,0,0,,,
nonlinear oscillator,,,[电] 非线性振荡器,,,,,0,0,,,
nonlinear oscillators,,,非线性振盪器,,,,,0,0,,,
nonlinear otics,,,非线性光学,,,,,0,0,,,
nonlinear parabolic equation,,,[数] 非线性抛物型方程,,,,,0,0,,,
nonlinear parameter,,,非线性参数,,,,,0,0,,,
nonlinear parameter estimation,,,[数] 非线性参数估计,,,,,0,0,,,
nonlinear parametric function,,,非线性参数函数,,,,,0,0,,,
nonlinear parametrization,,,非线性参数化,,,,,0,0,,,
nonlinear partial differential equation,,,非线性偏微分方程,,,,,0,0,,,
nonlinear phase conjugation,,,非线性相位共轭,,,,,0,0,,,
nonlinear phase shift,,,非线性相移,,,,,0,0,,,
nonlinear phase-locked loop model,,,非线性锁相回路模型,,,,,0,0,,,
nonlinear phase-matching effect,,,非线性相位匹配效应,,,,,0,0,,,
nonlinear phenomena,,,非线性现象,,,,,0,0,,,
nonlinear phenomena identification,,,非线性现象识别,,,,,0,0,,,
nonlinear phenomenon,,,非线性变化,,,,,0,0,,,
nonlinear photomixing,,,非线性光混频,,,,,0,0,,,
nonlinear photonic crystal,,,非线性光子晶体,,,,,0,0,,,
nonlinear photoresponse,,,非线性光响应,,,,,0,0,,,
nonlinear physics,,,[物] 非线性物理学,,,,,0,0,,,
nonlinear pipeline,,,非线性流水线,,,,,0,0,,,
nonlinear planning,,,【计算机】非线性规划,,,,,0,0,,,
nonlinear plasma,,,非线性等离子体,,,,,0,0,,,
nonlinear polarization,,,非线性极化;非线性偏振,,,,,0,0,,,
nonlinear polarization coefficient,,,[电磁] 非线性极化系数,,,,,0,0,,,
nonlinear polarization field,,,非线性极化场,,,,,0,0,,,
nonlinear potentiometer,,,非线性电位计[分压器],,,,,0,0,,,
nonlinear power amplifier,,,非线性功率放大器,,,,,0,0,,,
nonlinear prediction,,,非线性预测,,,,,0,0,,,
nonlinear pricing,,,非线性定价,,,,,0,0,,,
nonlinear problem,,,非线性问题,,,,,0,0,,,
nonlinear process,,,非直线性过程,,,,,0,0,,,
nonlinear processing,,,非线性处理,,,,,0,0,,,
nonlinear programming,,,[计] 非线性规划\n[化] 非线性规划,,,,,0,0,,,
nonlinear programming in relation to linear programming,,,[数] 与线性规划有关的非线性规划,,,,,0,0,,,
nonlinear programming problem,,,非线性规划问题,,,,,0,0,,,
nonlinear propagation,,,非线性传播,,,,,0,0,,,
nonlinear quantization,,,非线性量化,,,,,0,0,,,
nonlinear quantizer,,,非线性分层器,,,,,0,0,,,
nonlinear quantum effect,,,非线性量子效应,,,,,0,0,,,
nonlinear quasi-geostrophic flow,,,非线性准地转流,,,,,0,0,,,
nonlinear radiative deactivation,,,非线性辐射去激活(作用),,,,,0,0,,,
nonlinear raman effect,,,非线性拉曼效应,,,,,0,0,,,
nonlinear random theory,,,非线性随机理论,,,,,0,0,,,
nonlinear reactance,,,[电] 非线性电抗,,,,,0,0,,,
nonlinear reactance amplifier,,,非线性电抗放大器,,,,,0,0,,,
nonlinear recombination,,,非线性复合,,,,,0,0,,,
nonlinear recording,,,非线性记录,,,,,0,0,,,
nonlinear reflection,,,非线性反射,,,,,0,0,,,
nonlinear refraction,,,非线性折射,,,,,0,0,,,
nonlinear region,,,非线性区,,,,,0,0,,,
nonlinear regression,,,非线性回归,,,,,0,0,,,
nonlinear regression analysis,,,非线性回归分析,,,,,0,0,,,
nonlinear regression model,,,非线性回归模型,,,,,0,0,,,
nonlinear regulation,ˈnɔnˈliniə ˌreɡjuˈleiʃən,, [计]非线性正则化,,,,,0,0,,,
nonlinear related variable,,,[数] 非线性相关变量,,,,,0,0,,,
nonlinear relation,,,非线性关系,,,,,0,0,,,
nonlinear relationship,,,非线性关系,,,,,0,0,,,
nonlinear renewal theory,,,非线性更新理论,,,,,0,0,,,
nonlinear resistance,,,[电] 非线性电阻,,,,,0,0,,,
nonlinear resistance regulator,,,非线性电阻调节器,,,,,0,0,,,
nonlinear resistive network,,,非线性电阻网络,,,,,0,0,,,
nonlinear resistor,,,非线性电阻,,,,,0,0,,,
nonlinear resonance,ˈnɔnˈliniə ˈrezənəns,, 非线性谐振,,,,,0,0,,,
nonlinear response,,,"非线性响应,非线性特性",,,,,0,0,,,
nonlinear restriction,,,非线性约束,,,,,0,0,,,
nonlinear ring,,,非线性环,,,,,0,0,,,
nonlinear rolling,,,非线性滚动运动,,,,,0,0,,,
nonlinear sampled-data control system,,,[自] 非线性取样数据控制系统,,,,,0,0,,,
nonlinear sampled-data system,,,[自] 非线性采样数据系统,,,,,0,0,,,
nonlinear sampling,,,[网络] 非线性取样,,,,,0,0,,,
nonlinear saturation,,,非线性饱和,,,,,0,0,,,
nonlinear scale,,,非线性标度(尺),,,,,0,0,,,
nonlinear scales,,,非线性标度尺,,,,,0,0,,,
nonlinear scanning,,,非线性扫描,,,,,0,0,,,
nonlinear scattering,,,非线性散射,,,,,0,0,,,
nonlinear schr?dinger equation,,,"非线性Schr?dinger方程, 非线性薛丁格方程[式]",,,,,0,0,,,
nonlinear Schrodinger equation,,,非线性薛定谔方 程,,,,,0,0,,,
nonlinear science,,,非线性科学,,,,,0,0,,,
nonlinear seismic analysis,,,非线性地震分析,,,,,0,0,,,
nonlinear sensor,,,非线性感测器,,,,,0,0,,,
nonlinear servo theory,,,[自] 非线性伺服理论,,,,,0,0,,,
nonlinear servomechanism,,,非线性伺服机构,,,,,0,0,,,
nonlinear servomotor,,,[电] 非线性伺服电动机,,,,,0,0,,,
nonlinear shift register,,,非线性移位寄存器,,,,,0,0,,,
nonlinear simulation,,,非线性仿真,,,,,0,0,,,
nonlinear smoothing,,,非线性光滑,,,,,0,0,,,
nonlinear spatial filtering,,,非线性空间滤波,,,,,0,0,,,
nonlinear spectroscopy,,,【光谱学】非线性光谱法,,,,,0,0,,,
nonlinear spring,,,非线性弹簧,,,,,0,0,,,
nonlinear stability,,,[电] 非线性稳度,,,,,0,0,,,
nonlinear stability analysis,,,非线性稳定分析,,,,,0,0,,,
nonlinear stabilization,,,非线性稳定化,,,,,0,0,,,
nonlinear standard error of estimate,,,非线性估计标准误差,,,,,0,0,,,
nonlinear static,,,[网络] 非线性静力分析；静力非线性,,,,,0,0,,,
nonlinear stochastic function,,,非线性随机函数,,,,,0,0,,,
nonlinear stochastic system,ˈnɔnˈliniə stəuˈkæstik ˈsistəm,, [计]非线性随机系统,,,,,0,0,,,
nonlinear structural analysis,,,非线性结构分析,,,,,0,0,,,
nonlinear structural behavior,,,非线性结构性能,,,,,0,0,,,
nonlinear structural dynamics,,,非线性结构动力学,,,,,0,0,,,
nonlinear structure,,,非线性结构,,,,,0,0,,,
nonlinear susceptibility,,,非线性磁化率,,,,,0,0,,,
nonlinear sweep,,,非线性扫掠,,,,,0,0,,,
nonlinear system,,,[电] 非线性系统,,,,,0,0,s:nonlinear systems,,
nonlinear system analysis,,,非线性系统分析,,,,,0,0,,,
nonlinear system of algebra,,,[数] 非线性代数系统,,,,,0,0,,,
nonlinear system simulation,,,非线性系统仿真,,,,,0,0,,,
nonlinear system stability,,,非线性系统的稳定性,,,,,0,0,,,
nonlinear systems,,,[自] 非线性系统,,,,,0,0,0:nonlinear system/1:s,,
nonlinear systems incorporation,,,非直线系统公司,,,,,0,0,,,
nonlinear systems of algebra,,,非线性代数系统,,,,,0,0,,,
nonlinear taper,,,非线性电阻分布特性,,,,,0,0,,,
nonlinear term,ˈnɔnˈliniə tə:m,, [计]非线性项,,,,,0,0,,,
nonlinear terms,,,非线性项,,,,,0,0,,,
nonlinear theory,,,非线性理论,,,,,0,0,,,
nonlinear theory of operation,,,[自] 工作的非线性理论,,,,,0,0,,,
nonlinear thermodynamics,,,非线性热力学,,,,,0,0,,,
nonlinear thickness variation (ntv),,,非线性厚度变异值,,,,,0,0,,,
nonlinear thresholder,,,非线性定限器,,,,,0,0,,,
nonlinear thresholding,,,非线性定限,,,,,0,0,,,
nonlinear time base,,,非线性时基,,,,,0,0,,,
nonlinear time-delay system,,,非线性时滞系统,,,,,0,0,,,
nonlinear time-series,,,非线性时间序列,,,,,0,0,,,
nonlinear time-varying model,,,非线性时变模型,,,,,0,0,,,
nonlinear time-varying system,,,非线性时变系统,,,,,0,0,,,
nonlinear timebase,,,[电] 非线性时基,,,,,0,0,,,
nonlinear tolerance,,,非线性失真容限,,,,,0,0,,,
nonlinear torsion,,,非线性扭转,,,,,0,0,,,
nonlinear transfer,,,非线性转移,,,,,0,0,,,
nonlinear transformation,,,"非线性转换, 非线性变换",,,,,0,0,,,
nonlinear transmission,,,非线性传输,,,,,0,0,,,
nonlinear transmittance,,,非线性透射率,,,,,0,0,,,
nonlinear transport,,,非线性传送,,,,,0,0,,,
nonlinear trend,,,非线性趋势,,,,,0,0,,,
nonlinear two-stage least squares estimator,,,非线性两阶段最小平方估计式,,,,,0,0,,,
nonlinear variation,,,非线性变化,,,,,0,0,,,
nonlinear variation parameter system,,,[自] 非线性变参数系统,,,,,0,0,,,
nonlinear vibration,,,[化] 非线性振动,,,,,0,0,,,
nonlinear vibration theory,,,[力] 非线性振动论,,,,,0,0,,,
nonlinear video,,,非线性视讯,,,,,0,0,,,
nonlinear visco-elasticity,,,[网络] 非线性黏弹性,,,,,0,0,,,
nonlinear viscoelasticity,,,非线性粘弹性,,,,,0,0,,,
nonlinear viscous damping,,,un. 非线性粘滞阻尼\n[网络] 非线性粘性阻尼,,,,,0,0,,,
nonlinear viscous flow,,,[流] 非线性粘滞流动,,,,,0,0,,,
nonlinear wave,,,[化] 非线性波,,,,,0,0,,,
nonlinear wave equation,,,非线性波动方程,,,,,0,0,,,
nonlinear wave mechanics,,,[力] 非线性波动力学,,,,,0,0,,,
nonlinear wave particle resonant effect,,,(等离子)非线性波-粒共振效应,,,,,0,0,,,
nonlinear wave propagation,,,非线性波传播,,,,,0,0,,,
nonlinear wave-wave interaction,,,非线性波间交互作用,,,,,0,0,,,
nonlinear waveguide,,,非线性波导,,,,,0,0,,,
nonlinear waveguide device,,,非线性波导元件,,,,,0,0,,,
nonlinear waves,,,非直线波,,,,,0,0,,,
nonlinear waveshaping circuit,,,[电子] 非线性整形电路,,,,,0,0,,,
nonlinear wound potentiometer,,,线绕非线性电位器,,,,,0,0,,,
nonlinearities,,,[网络] 非线性；非线性的；非线性误差,,,,,0,0,0:nonlinearity/1:s,,
nonlinearity,",nɔnlini'æriti",,[电] 非线性,n:100,,,,0,28659,s:nonlinearities,,
nonlinearity correction circuit,,,[电子] 非线性校正电路,,,,,0,0,,,
nonlinearity distortion,,,非线性失真,,,,,0,0,,,
nonlinearity in lasers,,,雷射内非线性,,,,,0,0,,,
nonlinearity in parameters,,,参数的非线性,,,,,0,0,,,
nonlinearity of response,,,[网络] 非线性回应,,,,,0,0,,,
nonlinearization,,,[网络] 非线性化,,,,,0,0,,,
nonlinearized,'nɔn'liniәraizd,,非线性化的,,,,,0,0,,,
nonlinearly,,,adv. 非线性,,,,,0,0,,,
nonlinearly chirped optical fiber bragg gratings,,,非线性啾频光纤布拉格光栅,,,,,0,0,,,
nonlinearly related variables,,,非线性相关变量,,,,,0,0,,,
nonlineartheory,,,非线性理论,,,,,0,0,,,
nonlinearties,,,非线性性质,,,,,0,0,,,
nonliner,,,n. 非班轮的\n[网络] 非线性；非线性回归；非线性系统模块组,,,,,0,0,,,
nonlinguist,,,[网络] 非流氓,,,,,0,0,,,
nonlinguistic,nɒnlɪŋɡ'wɪstɪk,a. not consisting of or related to language,"a. 非语言的, 不用语言表达的; 与语言学无关的; 对学习（或使用）外国语缺乏能力的",j:100,,,,0,38105,,,
nonlinguists,,,[网络] 非语言学者,,,,,0,0,,,
nonlinked,,,[网络] 非链接,,,,,0,0,,,
nonlinking,,,[网络] 非链接型,,,,,0,0,,,
nonlinking format,,,非连接格式,,,,,0,0,,,
nonlinting,,,不起毛的,,,,,0,0,,,
nonlipid,,,[网络] 非脂,,,,,0,0,,,
nonlipidated,,,[网络] 非脂肪,,,,,0,0,,,
nonlipids,,,[网络] 非脂类,,,,,0,0,,,
nonliquefying,,,非液化性的,,,,,0,0,,,
nonliquet,,,案情不明,,,,,0,0,,,
nonliquid,nɔn'likwid,,"a. 不是流体的, 非流动性的",,,,,0,0,,,
nonliquid assets,,,非流动资产,,,,,0,0,,,
nonliquid claims,,,非流动债权,,,,,0,0,,,
nonliquid ratio,,,不能变现的比率,,,,,0,0,,,
nonliquidated,,,[网络] 未结算,,,,,0,0,,,
nonliquidation basis,,,非清算基础,,,,,0,0,,,
nonliquidity,,,非流动性,,,,,0,0,,,
nonliquids,nɒn'lɪkwɪd,,adj.\n非液体的\n无液体的\n缺乏流动性的,,,,,0,0,,,
nonlisted,,,[网络] 非公开,,,,,0,0,,,
nonlistener,,,[网络] 充耳不闻型；非听者,,,,,0,0,,,
nonlisteners,,,[网络] 非吸烟者,,,,,0,0,,,
nonlistening,,,[网络] 非听力,,,,,0,0,,,
nonliteral,,,[网络] 非文字；批判的实在论并不拘泥字句,,,,,0,0,,,
nonliteral dance,,,非指陈式舞蹈,,,,,0,0,,,
nonliterally,,,[网络] 非典型地,,,,,0,0,,,
nonliterary,'nɔn'litәrәri,s marked by lack of affectation or pedantry,不合标准语的,,,,,0,0,,,
nonliterate,nɔn'litәrәt,s used of a society that has not developed writing,"a. 不能读或写的, 无文字的",,,,,0,0,,,
nonliterate culture,,,无文字文化,,,,,0,0,,,
nonliterate society,,,无文字社会,,,,,0,0,,,
nonliterates,,,[网络] 非标准,,,,,0,0,,,
nonliterature,,,[网络] 非文学,,,,,0,0,,,
nonlithium,,,[网络] 非锂,,,,,0,0,,,
nonlithospheric,,,[网络] 非光滑的,,,,,0,0,,,
nonlitigable,,,[网络] 不光晕,,,,,0,0,,,
nonlitigant,,,[网络] 无烟,,,,,0,0,,,
nonlitigants,,,[网络] 不溶剂,,,,,0,0,,,
nonlitigating,,,[网络] 不利于,,,,,0,0,,,
nonlitigation,,,[网络] 非调节,,,,,0,0,,,
nonlitigious,,,[网络] 不光彩,,,,,0,0,,,
nonlittered,,,[网络] 无光泽,,,,,0,0,,,
nonlittering,,,[网络] 不散乱,,,,,0,0,,,
nonliturgical,,,[网络] 非手术,,,,,0,0,,,
nonlive,,,[网络] 非活跃,,,,,0,0,,,
nonliver,,,[网络] 非活跃的,,,,,0,0,,,
nonlives,nɒn'laɪf,,n. 无生命；缺乏生命,,,,,0,0,,,
nonlivestock,,,[网络] 非牲畜,,,,,0,0,,,
nonliving,nɔn'liviŋ,a not endowed with life,"a. 无生命的,缺乏生命",,,,,0,0,0:nonlive/1:i/s:nonlivings,,
nonlivings,nɒn'lɪvɪŋ,,nonliving\n[nɔn'liviŋ]\nadj.\n无生命的,,,,,0,0,0:nonliving/1:s,,
nonloadable character set,,,不可装载字符集;可空载字符集,,,,,0,0,,,
nonloaded,'nɔn'lәudid,,"无载的, 空载的",,,,,0,0,,,
nonloaded cable,,,[电] 不加载电缆,,,,,0,0,,,
nonloaded line,,,空载线路,,,,,0,0,,,
nonloaded q,,,[电] 不加载Q值,,,,,0,0,,,
nonlobbying,,,[网络] 无庸置疑,,,,,0,0,,,
nonlobed,,,[网络] 非球形,,,,,0,0,,,
nonlobotomized,,,[网络] 非自动清洗,,,,,0,0,,,
nonlocal,'nɔn'lәukәl,,[计] 非局部的,,,,,0,0,,,
nonlocal entry,,,非本地输入,,,,,0,0,,,
nonlocal environment,,,非局部环境,,,,,0,0,,,
nonlocal field theory,,,非定域场论,,,,,0,0,,,
nonlocal identifier,,,非局部标识符,,,,,0,0,,,
nonlocal reference,,,[计] 非局部引用,,,,,0,0,,,
nonlocal response,,,非局域响应,,,,,0,0,,,
nonlocal theory,,,非局部理论,,,,,0,0,,,
nonlocal variable,,,非局部变量,,,,,0,0,,,
nonlocaling bearing,,,浮动轴承,,,,,0,0,,,
nonlocalities,,,[网络] 非局部性,,,,,0,0,,,
nonlocality,'nɔnlәu'kæliti,,非定域性,,,,,0,0,,,
nonlocalizability,'nɔnlәukәlaizә'biliti,,不可定位性,,,,,0,0,,,
nonlocalizable,'nɔn'lәukәlaizәbl,,不可定位的,,,,,0,0,,,
nonlocalized,'nɔn'lәukәlaizd,,"非定域的, 非局限的",,,,,0,0,,,
nonlocalized bond,,,[化] 非定域键,,,,,0,0,,,
nonlocalized damage,,,不能确定地点的损坏,,,,,0,0,,,
nonlocalized electron,,,非定域电子,,,,,0,0,,,
nonlocalized fringe,,,[化] 非定域条纹,,,,,0,0,,,
nonlocalized interference,,,非区域[性]干扰,,,,,0,0,,,
nonlocalized molecular orbital,,, 非定域分子轨函数,,,,,0,0,,,
nonlocalized single particle electronic states,,,非局部单一粒子电子状态,,,,,0,0,,,
nonlocalized system,,,非定域系,,,,,0,0,,,
nonlocally,,,[网络] 非本地,,,,,0,0,,,
nonlocals,,,adj. 〔电〕非定域的\n[网络] 非局部；非局部的；外地合作无忧,,,,,0,0,,,
nonlocating,'nɔnlәu'keitiŋ,,"不定的, 浮动的",,,,,0,0,,,
nonlocational,,,[网络] 非时空局域性,,,,,0,0,,,
nonlocative,,,[网络] 非定位,,,,,0,0,,,
nonlockable,,,[网络] 不可锁定,,,,,0,0,,,
nonlocked,,,[网络] 未锁定,,,,,0,0,,,
nonlocked random access memory design,,,无锁随机存取记忆体设计,,,,,0,0,,,
nonlocking,'nɔn'lɔkiŋ,,"非锁定的, 自复的",,,,,0,0,,,
nonlocking escape,,,非锁定转义,,,,,0,0,,,
nonlocking key,,,非锁定键,,,,,0,0,,,
nonlocking press-button,,,[电] 非锁定按钮,,,,,0,0,,,
nonlocking relay or key,,,自动还原继电器,,,,,0,0,,,
nonlocking shift character,,,非锁定大小写转换字符;非锁定转义字符,,,,,0,0,,,
nonlocomotor,,,[网络] 原地；非移位,,,,,0,0,,,
nonlocomotory,,,[网络] 非机器人,,,,,0,0,,,
nonlodging,,,[网络] 不滑动,,,,,0,0,,,
nonlogarithmic,'nɔnlɔ^ә'riθmik,,非对数的,,,,,0,0,,,
nonlogic,,,[网络] 非逻辑,,,,,0,0,,,
nonlogical,nɒn'lɒdʒikәl,,a. 不合逻辑的,,,,,0,0,,,
nonlogically,,,[网络] 非学术性,,,,,0,0,,,
nonlogistical,,,[网络] 非物质,,,,,0,0,,,
nonlogistics,,,[网络] 非物质,,,,,0,0,,,
nonlogistics cost,,,非物流成本,,,,,0,0,,,
nonlogistics costs,,,非运销成本,,,,,0,0,,,
nonlonely,,,[网络] 不孤单,,,,,0,0,,,
nonlong,,,[网络] 非龙,,,,,0,0,,,
nonlongitudinal,,,[网络] 非纵向,,,,,0,0,,,
nonlookahead,,,[网络] 非眼光,,,,,0,0,,,
nonloopback,,,[网络] 非回覆,,,,,0,0,,,
nonlooped,,,[网络] 非循环,,,,,0,0,,,
nonlooping,,,[网络] 不循环,,,,,0,0,,,
nonlosing,,,[网络] 非闭合,,,,,0,0,,,
nonloss,'nɔn'lɔs,,无损耗,,,,,0,0,,,
nonloss decomposition,,,无损分解,,,,,0,0,,,
nonlottery,,,[网络] 非开门,,,,,0,0,,,
nonlove,,,[网络] 无爱；无爱型；无关系,,,,,0,0,,,
nonlover,,,[网络] 非爱者,,,,,0,0,,,
nonlovers,,,[网络] 不是不爱人者,,,,,0,0,,,
nonloving,,,[网络] 非爱好,,,,,0,0,,,
nonlow,,,[网络] 不行,,,,,0,0,,,
nonlower,,,[网络] 不低,,,,,0,0,,,
nonloyal,,,[网络] 非忠实,,,,,0,0,,,
nonlubricated,,,[网络] 未润滑油的,,,,,0,0,,,
nonlubricated compressor,,,[化] 无润滑压缩机; 无润滑式压缩机; 无油润滑压缩机,,,,,0,0,,,
nonlucid,,,[网络] 不明确,,,,,0,0,,,
nonlucrative,,,[网络] 不明朗,,,,,0,0,,,
nonluetic,,,[医] 非梅毒性的,,,,,0,0,,,
nonlumbar,,,[网络] 非腰,,,,,0,0,,,
nonluminescence,'nɔnlu:mi'nesns,,不发光,,,,,0,0,,,
nonluminous,nɒn'lu:minәs,,a. 无光的,,,,,0,0,,,
nonluminous detritus,,,无光岩屑,,,,,0,0,,,
nonluminous flame,,,发光火焰,,,,,0,0,,,
nonluminous gas,,,发光气体，不发光烟气,,,,,0,0,,,
nonlumping,'nɔn'lʌmpiŋ,,不结块(的),,,,,0,0,,,
nonlunar,,,[网络] 非农历,,,,,0,0,,,
nonlung,,,[网络] 非龙,,,,,0,0,,,
nonlustrous,,,[网络] 非常不错,,,,,0,0,,,
nonlustrous glazed tile,,,无光泽的釉面砖,,,,,0,0,,,
nonluteinized,,,[网络] 非黄体化,,,,,0,0,,,
nonluxury,,,[网络] 非营利,,,,,0,0,,,
nonlying,,,[网络] 不相干,,,,,0,0,,,
nonlymphocytic,,,[网络] 非淋巴细胞,,,,,0,0,,,
nonlymphohematopoietic,,,非淋巴造血的,,,,,0,0,,,
nonlymphoid,,,[网络] 非淋病,,,,,0,0,,,
nonlymphoproliferative,,,[网络] 非淋巴增生,,,,,0,0,,,
nonlyric,,,[网络] 非线性,,,,,0,0,,,
nonlyrical,,,[网络] 非线性,,,,,0,0,,,
nonlysed,,,[网络] 不配,,,,,0,0,,,
nonlysine,,,[网络] 非赖氨酸,,,,,0,0,,,
nonlysosomal,,,[网络] 非染色体,,,,,0,0,,,
nonlytic,,,[网络] 不溶性,,,,,0,0,,,
nonmachinable,,,[网络] 不可加工,,,,,0,0,,,
nonmachine,,,[网络] 非机动车,,,,,0,0,,,
nonmachined,,,n. 未车光的,,,,,0,0,,,
nonmachinery,,,非机器性的,,,,,0,0,,,
nonmachinists,,,[网络] 非机械师,,,,,0,0,,,
nonmacho,,,[网络] 非马可,,,,,0,0,,,
nonmacrobiotic,,,[网络] 非生殖器,,,,,0,0,,,
nonmacrophage,,,[网络] 非巨噬细胞,,,,,0,0,,,
nonmacroporous,,,[网络] 非大学,,,,,0,0,,,
nonmacular,,,[网络] 非标准,,,,,0,0,,,
nonmagazine,,,[网络] 非恶魔,,,,,0,0,,,
nonmagic,,,[网络] 非典型,,,,,0,0,,,
nonmagic nucleus,,,"非巧合核, 非魔[数]核",,,,,0,0,,,
nonmagical,,,[网络] 非典型,,,,,0,0,,,
nonmagically,,,[网络] 非凡的,,,,,0,0,,,
nonmagician,,,[网络] 非魔术师,,,,,0,0,,,
nonmagicians,,,[网络] 非恶魔,,,,,0,0,,,
nonmagnesium,,,[网络] 非镁,,,,,0,0,,,
nonmagnet,,,[网络] 非磁性,,,,,0,0,,,
nonmagnetic,'nɔnmæ^'netik,a. not capable of being magnetized,[电] 非磁性,j:100,,,,0,37541,,,
nonmagnetic alloy,,,[电] 非磁性合金,,,,,0,0,,,
nonmagnetic armature shim,,,[电] 非磁性电枢金属片,,,,,0,0,,,
nonmagnetic diesel,,,非磁性柴油机,,,,,0,0,,,
nonmagnetic drag cup rotor,,,[电] 非磁性杯形转子,,,,,0,0,,,
nonmagnetic mass spectrometer,,,非磁质谱计,,,,,0,0,,,
nonmagnetic material,,,[电] 非磁性材料,,,,,0,0,,,
nonmagnetic metal,,,非磁性金属,,,,,0,0,,,
nonmagnetic mine,,,[军] 非磁性地雷,,,,,0,0,,,
nonmagnetic particle,,,非磁化粒子,,,,,0,0,,,
nonmagnetic recording medium,,,非磁记录媒体,,,,,0,0,,,
nonmagnetic sheathed cable,,,[电] 非金属护套电缆,,,,,0,0,,,
nonmagnetic steel,,,[化] 无磁钢; 无磁性钢,,,,,0,0,,,
nonmagnetic substance,,,[电] 非磁体,,,,,0,0,,,
nonmagnetic taconite,,,[矿物] 非磁性铁燧岩,,,,,0,0,,,
nonmagnetic vessel,,,un. 无磁舰船\n[网络] 无磁性船；无磁船；地磁探测船,,,,,0,0,,,
nonmagnetic watch,,,防磁手表,,,,,0,0,,,
nonmagnetics,,,非磁性物,,,,,0,0,,,
nonmail,,,[网络] 非邮件,,,,,0,0,,,
nonmailable,,,[网络] 不可用,,,,,0,0,,,
nonmain,,,[网络] 非主流,,,,,0,0,,,
nonmainframe,,,[网络] 非框架,,,,,0,0,,,
nonmainstream,,,[网络] 非主流；非主流人士；偷菜,,,,,0,0,,,
nonmaintainable,,,[网络] 不可维护,,,,,0,0,,,
nonmaintenance time,,,[电] 非维修时间,,,,,0,0,,,
nonmajor,,,[网络] 理学院其他各系学生,,,,,0,0,,,
nonmajors,,,[网络] 非原创,,,,,0,0,,,
nonmalaria,,,[网络] 非马来西亚,,,,,0,0,,,
nonmalarial,,,[网络] 非极性,,,,,0,0,,,
nonmale,,,[网络] 非市场,,,,,0,0,,,
nonmaleficence,,, 不伤害,,,,,0,0,,,
nonmales,,,[网络] 非标,,,,,0,0,,,
nonmalformed,,,[网络] 非成形,,,,,0,0,,,
nonmalicious,,,[网络] 非恶意的,,,,,0,0,,,
nonmalignancy,,,[网络] 非恶性,,,,,0,0,,,
nonmalignant,,"a. Not malignant, as a disease.","[医] 非恶性的, 良性的",,,,,0,0,,,
nonmalignant neoplasm,,,[网络] 非恶性肿瘤,,,,,0,0,s:nonmalignant neoplasms,,
nonmalignant neoplasms,,,[网络] 非恶性肿瘤\n(nonmalignant neoplasm 的复数),,,,,0,0,0:nonmalignant neoplasm/1:s,,
nonmalignant tumor,,,[网络] 非恶性肿瘤,,,,,0,0,s:nonmalignant tumors,,
nonmalignant tumors,,,[网络] 非恶性肿瘤\n(nonmalignant tumor 的复数),,,,,0,0,0:nonmalignant tumor/1:s,,
nonmalignant tumour,,,[网络] 非恶性肿瘤,,,,,0,0,s:nonmalignant tumours,,
nonmalignant tumours,,,[网络] 非恶性肿瘤\n(nonmalignant tumour 的复数),,,,,0,0,0:nonmalignant tumour/1:s,,
nonmalized form,,,[计] 标准型,,,,,0,0,,,
nonmalleable,,,[网络] 不可塑,,,,,0,0,,,
nonmalnourished,,,[网络] 非营养不良,,,,,0,0,,,
nonmammal,,,[网络] 非法,,,,,0,0,,,
nonmammalian,,,[网络] 非马来西亚,,,,,0,0,,,
nonmammals,,,[网络] 非哺乳动物,,,,,0,0,,,
nonman,,,[网络] 非人,,,,,0,0,,,
nonmanagement,,,[网络] 非管理,,,,,0,0,,,
nonmanagement job,,,非管理性工作,,,,,0,0,,,
nonmanager,,,[网络] 非经理,,,,,0,0,,,
nonmanagerial,,,[网络] 非管理,,,,,0,0,,,
nonmanagers,,,[网络] 非管理员,,,,,0,0,,,
nonmandated,,,[网络] 不成体,,,,,0,0,,,
nonmandatorily,,,[网络] 非主观地,,,,,0,0,,,
nonmandatory,,,[网络] 不擅长,,,,,0,0,,,
nonmandibular,,,[网络] 非颌下,,,,,0,0,,,
nonmaneuverable satellite,,,非机动卫星,,,,,0,0,,,
nonmanganese,,,[网络] 非马来西亚人,,,,,0,0,,,
nonmanic,,,[网络] 非马力,,,,,0,0,,,
nonmanifest,,,[网络] 非防水,,,,,0,0,,,
nonmanifesting,,,[网络] 非格制,,,,,0,0,,,
nonmanifold,,,[网络] 非流形；非紧流形；非歧异填加,,,,,0,0,,,
nonmanipulable,,,[网络] 不可操纵,,,,,0,0,,,
nonmanipulated,,,[网络] 不操纵,,,,,0,0,,,
nonmanipulative,,,[网络] 非操纵性,,,,,0,0,,,
nonmanual,,,[网络] 非体力劳动者,,,,,0,0,,,
nonmanual workers,,,非体力劳动者,,,,,0,0,,,
nonmanually,,,[网络] 非手工,,,,,0,0,,,
nonmanufactured,,,[网络] 非制造,,,,,0,0,,,
nonmanufacturer,,,[网络] 非制造商,,,,,0,0,,,
nonmanufacturers,,,[网络] 非制造商,,,,,0,0,,,
nonmanufacturing,,,[网络] 服务性生产,,,,,0,0,,,
nonmanufacturing business,,,非制造业企业,,,,,0,0,,,
nonmanufacturing cost,,,非生产费用,,,,,0,0,,,
nonmanufacturing industry,,,[网络] 非制造业,,,,,0,0,,,
nonmanufacturing industry product,,,非制造业产品,,,,,0,0,,,
nonmapping mode,,,非变换方式,,,,,0,0,,,
nonmarathon,,,[网络] 非马拉松,,,,,0,0,,,
nonmarble,,,[网络] 非大型,,,,,0,0,,,
nonmare,,,非月海的,,,,,0,0,,,
nonmarginal,,,[网络] 非标准,,,,,0,0,,,
nonmarginal adjustment,,,非边际调整,,,,,0,0,,,
nonmarginalized,,,[网络] 非标准化,,,,,0,0,,,
nonmarijuana,,,[网络] 非大麻,,,,,0,0,,,
nonmarine,,,非海成的,,,,,0,0,s:nonmarines,,
nonmarine facies,,,陆相,,,,,0,0,,,
Nonmarine Insurance,,,[网络] 非水险,,,,,0,0,,,
nonmarine origin,,,陆相生油,,,,,0,0,,,
nonmarines,,,非海成的\n(nonmarine 的复数),,,,,0,0,0:nonmarine/1:s,,
nonmarital,,,[网络] 非婚姻,,,,,0,0,,,
nonmarital cohabitation,,,[法] 非婚同居,,,,,0,0,,,
nonmaritime,,,[网络] 非海运,,,,,0,0,,,
nonmaritime leg,,,非海运运程,,,,,0,0,,,
nonmarked,,,[网络] 没有标记,,,,,0,0,,,
nonmarket,,,"非市场的, 非商业性的",,,,,0,0,s:nonmarkets,,
nonmarket activity,,,非市场经济活动,,,,,0,0,,,
nonmarket goods,,,非市场财,,,,,0,0,,,
nonmarket transaction costs,,,非市场交易费用,,,,,0,0,,,
nonmarket valuation,,,非市场评价,,,,,0,0,,,
nonmarketable,'nɔn'mɑ:kitәbl,,不可流通的,,,,,0,0,,,
nonmarketable stock,,,无权转让的国家有价证券,,,,,0,0,,,
nonmarketed,",nɔn'mɑ:kit",,adj.\n与市场无关的\n非劳动力市场的,,,,,0,0,,,
Nonmarketed claims,,,[网络] 不可交易权,,,,,0,0,,,
nonmarketed product,,,非市场产品,,,,,0,0,,,
nonmarketer,",nɔn'mɑ:kit",,adj.\n与市场无关的\n非劳动力市场的,,,,,0,0,,,
nonmarketers,,,[网络] 非市场,,,,,0,0,,,
nonmarketing,",nɔn'mɑ:kit",,adj.\n与市场无关的\n非劳动力市场的,,,,,0,0,,,
nonmarketplace,,,[网络] 非市场,,,,,0,0,,,
nonmarkets,",nɔn'mɑ:kit",,adj.\n与市场无关的\n非劳动力市场的,,,,,0,0,0:nonmarket/1:s,,
nonmarking,,,[网络] 无印迹橡胶；了无痕橡胶,,,,,0,0,,,
nonmarriage,,,[网络] 非婚姻,,,,,0,0,,,
nonmarriageable,,,[网络] 不可婚,,,,,0,0,,,
nonmarriageable population,,,非可婚人口,,,,,0,0,,,
nonmarriages,,,[网络] 非婚姻,,,,,0,0,,,
nonmarried,,,[网络] 未婚,,,,,0,0,,,
nonmarrieds,,,[网络] 非婚生,,,,,0,0,,,
nonmarring,,,n. 耐刮的,,,,,0,0,,,
nonmarrying,,,[网络] 不结婚,,,,,0,0,,,
nonmartial,,,[网络] 非精神,,,,,0,0,,,
nonmarxist,,,[网络] 非马克思主义者,,,,,0,0,,,
nonmarxists,,,[网络] 非马克思主义者,,,,,0,0,,,
nonmasculine,,,[网络] 非马来西亚,,,,,0,0,,,
nonmasing,,,[网络] 不动,,,,,0,0,,,
nonmaskable,,,a. 不可屏敝的,,,,,0,0,,,
nonmaskable interrupt,,,[计] 非屏蔽中断,,,,,0,0,,,
nonmaskable interrupt capability,,,不可遮罩中断能力,,,,,0,0,,,
nonmaskable interrupt request,,,不可屏蔽中断请求,,,,,0,0,,,
nonmasochist,,,[网络] 非货币主义者,,,,,0,0,,,
nonmasochistic,,,[网络] 非货币型,,,,,0,0,,,
nonmasochists,,,[网络] 非马来主义者,,,,,0,0,,,
nonmason,,,[网络] 非理性,,,,,0,0,,,
nonmassage,,,[网络] 非按摩,,,,,0,0,,,
nonmassaged,,,[网络] 未按规定,,,,,0,0,,,
nonmassive,,,[网络] 非强制性,,,,,0,0,,,
nonmastery,,,[网络] 精熟,,,,,0,0,,,
nonmasticating,,,[网络] 非造型,,,,,0,0,,,
nonmasturbating,,,[网络] 非手淫,,,,,0,0,,,
nonmasturbatory,,,[网络] 非手淫,,,,,0,0,,,
nonmatallic pipe,,,非金属管,,,,,0,0,,,
nonmatch,,,[网络] 不匹配,,,,,0,0,,,
nonmatched,'nɔn'mætʃt,,不匹配的,,,,,0,0,,,
nonmatched data,,,非匹配数据,,,,,0,0,,,
nonmatches,,,[网络] 不匹配,,,,,0,0,,,
nonmatching,,,[网络] 不配合,,,,,0,0,,,
nonmatching control,,,非匹配控制,,,,,0,0,,,
nonmate,,,[网络] 非伙伴,,,,,0,0,,,
nonmated,,,[网络] 不配合,,,,,0,0,,,
nonmaterial,'nɔnmә'tiәriәl,a not consisting of matter,"a. 非物质的, 文化的",j:100,,,,0,32845,,,
nonmaterial capital,,,非物质资本,,,,,0,0,,,
nonmaterial culture,,,[网络] 非物质文化；非物质文化景观；精神文化,,,,,0,0,,,
nonmaterial input,,,非物质投入,,,,,0,0,,,
nonmaterial loss,,,无形损失,,,,,0,0,,,
nonmaterial product,,,非物质产品,,,,,0,0,,,
nonmaterial service,,,非物质服务,,,,,0,0,,,
nonmaterial sphere,,,非物质领域,,,,,0,0,,,
nonmaterial strategy,,,非物质策略,,,,,0,0,,,
nonmaterialism,,,[网络] 非物质主义,,,,,0,0,,,
nonmaterialist,,,[网络] 非物质主义,,,,,0,0,,,
nonmaterialistic,,,[网络] 非物质主义,,,,,0,0,,,
nonmaterialists,,,[网络] 非物质主义者,,,,,0,0,,,
nonmateriality,,,[网络] 非物质性,,,,,0,0,,,
nonmaterially,,,[网络] 非物质地,,,,,0,0,,,
nonmaternal,,,[网络] 非母亲,,,,,0,0,,,
nonmaternity,,,[网络] 非生育,,,,,0,0,,,
nonmates,,,[网络] 同事,,,,,0,0,,,
nonmath,,,[网络] 非法,,,,,0,0,,,
nonmathematical,,,[网络] 非数学化,,,,,0,0,,,
nonmathematical program,,,非数学程式,,,,,0,0,,,
nonmathematical relation,,,非数学关系,,,,,0,0,,,
nonmathematically,,,[网络] 非数学的,,,,,0,0,,,
nonmathematician,,,[网络] 非数学家,,,,,0,0,,,
nonmathematicians,,,[网络] 非数学家,,,,,0,0,,,
nonmating,,,[网络] 不配合,,,,,0,0,,,
nonmatings surface,,,非接触面,,,,,0,0,,,
nonmatriculated,,,[网络] 非临时的,,,,,0,0,,,
nonmatriculated student,,,未经入学考试的学生;未注册而入学的学生,,,,,0,0,,,
nonmatrilineal,,,[网络] 非线性的,,,,,0,0,,,
nonmatrimonial,,,[网络] 非竞争性,,,,,0,0,,,
nonmatrix,,,[网络] 非矩阵,,,,,0,0,,,
nonmatted,,,[网络] 没有,,,,,0,0,,,
nonmatter,,,[网络] 不重要,,,,,0,0,,,
nonmature,,,[网络] 不成熟,,,,,0,0,,,
nonmatured,,,[网络] 不成熟,,,,,0,0,,,
nonmaturity,,,[网络] 不成熟,,,,,0,0,,,
nonmaximal,,,[网络] 非最大,,,,,0,0,,,
nonmayoral,,,[网络] 非法律,,,,,0,0,,,
nonmeal,,,[网络] 非食品,,,,,0,0,,,
nonmeaning,,,[网络] 无意义,,,,,0,0,,,
nonmeaningful,,,[网络] 没有意义,,,,,0,0,,,
nonmeasurability,,,[网络] 不可测量,,,,,0,0,,,
nonmeasurable,,,[网络] 无法测量的,,,,,0,0,,,
nonmeasurable set,,,不可测集,,,,,0,0,,,
nonmeasured,,,[网络] 未测量,,,,,0,0,,,
nonmeat,,,[网络] 非肉制品,,,,,0,0,,,
nonmeaty,,,[网络] 不健康,,,,,0,0,,,
nonmechanical,'nɔnmә'kænikәl,a not mechanical\ns (of a person) lacking mechanical skills,非机械的,,,,,0,0,,,
nonmechanical classifier,,,非机械[性]分级机,,,,,0,0,,,
nonmechanical printer,,,非机械的印刷装置,,,,,0,0,,,
nonmechanically,,,[网络] 非机械地,,,,,0,0,,,
nonmechanistic,,,[网络] 非机械性,,,,,0,0,,,
nonmechanistically,,,[网络] 非机械地,,,,,0,0,,,
nonmechanizable,,,[网络] 不可机械化,,,,,0,0,,,
nonmechanized,'nɔn'mekәnaizd,,非机械化的,,,,,0,0,,,
nonmechanized coal mining,,,煤矿非机采型,,,,,0,0,,,
nonmechanized hump,,,非机械化驼峰,,,,,0,0,,,
nonmechanized vehicles,,,非机动工具的运输业,,,,,0,0,,,
nonmedia,,,[网络] 非媒体,,,,,0,0,,,
nonmedial,,,[网络] 非内脏,,,,,0,0,,,
nonmedian,,,[网络] 非中国人,,,,,0,0,,,
nonmediastinal,,,[网络] 非临时性,,,,,0,0,,,
nonmediated,,,[网络] 非中介,,,,,0,0,,,
nonmediating,,,[网络] 非中介,,,,,0,0,,,
nonmediator,,,[网络] 不稳定器,,,,,0,0,,,
nonmediators,,,[网络] 非平衡器,,,,,0,0,,,
nonmedical,nɔn'medikәl,,a. 非医学的,j:100,,,,0,22283,,,
nonmedicalized,,,[网络] 非医疗化,,,,,0,0,,,
nonmedically,,,[网络] 非医疗,,,,,0,0,,,
nonmedicated,,,[网络] 非医药,,,,,0,0,,,
nonmedication,,,[网络] 非药物,,,,,0,0,,,
nonmedicinal,,,[网络] 非医药,,,,,0,0,,,
nonmedicinally,,,[网络] 非医疗,,,,,0,0,,,
nonmedieval,,,[网络] 非中世纪,,,,,0,0,,,
nonmeditating,,,[网络] 非故意的,,,,,0,0,,,
nonmeditation,,,[网络] 非医疗,,,,,0,0,,,
nonmeditator,,,[网络] 非营养师,,,,,0,0,,,
nonmeditators,,,[网络] 非医疗人员,,,,,0,0,,,
nonmedullary,,,[网络] 非髓质,,,,,0,0,,,
nonmedullated,,"a. Not medullated; (Anat.) without a medulla or marrow,\n   or without a medullary sheath; as, a nonmedullated nerve fiber.",[医] 无髓[鞘]的,,,,,0,0,,,
nonmedullated fiber nerve,,,无髓鞘纤维神经,,,,,0,0,,,
nonmedullated nerve fiber,,,无髓鞘神经纤维,,,,,0,0,,,
nonmeeting,,,[网络] 非会议,,,,,0,0,,,
nonmeetings,,,[网络] 非计划,,,,,0,0,,,
nonmeiotic,,,非减数分裂的,,,,,0,0,,,
nonmelanocytic,,,[网络] 非黑素细胞,,,,,0,0,,,
nonmelanoma,,,[网络] 皮肤癌；非黑色素瘤,,,,,0,0,,,
nonmelanomas,,,[网络] 非黑色素瘤,,,,,0,0,,,
nonmelodic,,,[网络] 非旋律,,,,,0,0,,,
nonmelodramatic,,,[网络] 非混乱,,,,,0,0,,,
nonmelt,'nɔn'melt,,非熔化,,,,,0,0,,,
nonmeltable,,,[网络] 不可理解,,,,,0,0,,,
nonmelted,,,[网络] 非熔化,,,,,0,0,,,
NONMEM,,,非线性混合效应模型,,,,,0,0,,,
nonmember,'nɒnmembә,n. a person who is not a member,n. 非会员,n:100,,,,0,19100,s:nonmembers,,
Nonmember bank,,,非会员银行,,,,,0,0,,,
nonmember country,,,un. 非成员会,,,,,0,0,,,
nonmember depository institution,,,非成员存款机构,,,,,0,0,,,
nonmembers,,plural of nonmember\nn. a person who is not a member,(nonmember 的复数) n. 非会员,,,,,0,0,0:nonmember/1:s,,
nonmembership,nɒn'membəʃɪp,n. State of not being a member., 非会员的地位[身份],,,,,0,0,,,
nonmemberships,,,n. 非会员 (nonmember的变形),,,,,0,0,,,
nonmembrane,,,[网络] 非膜,,,,,0,0,,,
nonmembranous,,,[网络] 无假膜性的,,,,,0,0,,,
nonmembranous diphtheria,,,"[医] 无假傩性白喉, 无症状白喉, 非典型白喉",,,,,0,0,,,
nonmemorable,,,[网络] 不可磨灭,,,,,0,0,,,
nonmemorized,,,[网络] 没有记录,,,,,0,0,,,
nonmemory,,,un. 非存储器\n[网络] 无记,,,,,0,0,,,
nonmen,,,[网络] 非人,,,,,0,0,,,
nonmenacing,,,[网络] 不道德,,,,,0,0,,,
nonmendelian,,,[网络] 非常性,,,,,0,0,,,
nonMendelian inheritance,,,非孟德尔遗传,,,,,0,0,,,
nonmenial,,,[网络] 非专业,,,,,0,0,,,
nonmeningeal,,,[网络] 非脑膜炎,,,,,0,0,,,
nonmeningitic,,,[网络] 非脑膜炎,,,,,0,0,,,
nonmeningothelial,,,[网络] 非脑膜炎,,,,,0,0,,,
nonmenopausal,,,[网络] 非绝经,,,,,0,0,,,
nonmenstrual,,,[网络] 非经期,,,,,0,0,,,
nonmenstruating,,,[网络] 非经济,,,,,0,0,,,
nonmenstruation,,,[网络] 非经济,,,,,0,0,,,
nonmentally,,,[网络] 非绝食,,,,,0,0,,,
nonmenthol,,,[网络] 牛皮癣,,,,,0,0,,,
nonmentholated,,,[网络] 非离子化,,,,,0,0,,,
nonmention,,,[网络] 不结盟,,,,,0,0,,,
nonmentioned,,,[网络] 未提及,,,,,0,0,,,
nonmentions,,,[网络] 非结晶,,,,,0,0,,,
nonmercenary,,,[网络] 非商会,,,,,0,0,,,
nonmerchandise,,,非商品,,,,,0,0,,,
nonmerchant,,,[网络] 非商业用户,,,,,0,0,,,
nonmerchantable,,,[网络] 不可商量,,,,,0,0,,,
nonmerchantable title,,,[网络] 不适销产权,,,,,0,0,,,
nonmerchants,,,[网络] 非农民,,,,,0,0,,,
nonmerculic fungicide,,,非汞杀菌剂,,,,,0,0,,,
nonmerculic preparation,,,非汞制剂,,,,,0,0,,,
nonmercurial,,,[网络] 非保守的,,,,,0,0,,,
nonmercury,,,[网络] 无水银倾斜角度开关,,,,,0,0,,,
nonmerger,,,[网络] 非商人,,,,,0,0,,,
nonmeristematic,,,[网络] 非分生的,,,,,0,0,,,
nonmeritocratic,,,[网络] 非民主的,,,,,0,0,,,
nonmeritorious,,,[网络] 没有教养,,,,,0,0,,,
nonmesenchymal,,,[网络] 非骨髓,,,,,0,0,,,
nonmesic,,,[网络] 非网,,,,,0,0,,,
nonmesodermal,,,[网络] 非上皮,,,,,0,0,,,
nonmesogenic,,,[网络] 非致死性,,,,,0,0,,,
nonmesonic,,,[网络] 非密码,,,,,0,0,,,
nonmesothelial,,,[网络] 非内皮细胞,,,,,0,0,,,
nonmessage driven program,,,非讯息驱动程式,,,,,0,0,,,
nonmessenger,,,[网络] 非主持人,,,,,0,0,,,
nonmessengers,,,[网络] 非运动员,,,,,0,0,,,
nonmessianic,,,[网络] 无弥赛亚,,,,,0,0,,,
nonmessy,,,[网络] 不成熟,,,,,0,0,,,
nonmetabolic,,,[网络] 非代谢性,,,,,0,0,,,
nonmetabolizable,nɒnme'tæbəlaɪzəbl,,[医]不可代谢的,,,,,0,0,,,
nonmetabolized,,,[网络] 非代谢,,,,,0,0,,,
nonmetabolizing,,,[网络] 非代谢,,,,,0,0,,,
nonmetachromatic,,,[网络] 非色素,,,,,0,0,,,
nonmetal,nɒn'metl,n. a chemical element lacking typical metallic properties,n. 非金属\n[化] 非金属,,,,,0,0,s:nonmetals,,
nonmetal element,,,非金属元素,,,,,0,0,,,
nonmetal material,,,无机非金属材料,,,,,0,0,,,
nonmetal material testing machine,,,非金属材料试验机,,,,,0,0,,,
nonmetal thermocouple,,,[电] 非金属热电偶,,,,,0,0,,,
nonmetal-metal transition,,,[网络] 非金属,,,,,0,0,,,
nonmetal-nonmetal eutectic alloy,,,[网络] 非金属,,,,,0,0,,,
nonmetallic,.nɒnmi'tælik,a. not containing or resembling or characteristic of a metal,a. 非金属的,j:100,,,,0,35949,s:nonmetallics,,
nonmetallic air channel,,,非金属风道,,,,,0,0,,,
nonmetallic air duct,,,非金属风道,,,,,0,0,,,
nonmetallic color,,,非金属色,,,,,0,0,,,
nonmetallic colour,,,非金属色,,,,,0,0,,,
nonmetallic component,,,非金属组件,,,,,0,0,,,
nonmetallic container,,,[化] 非金属容器,,,,,0,0,,,
nonmetallic damping material,,,非金属阻尼材料,,,,,0,0,,,
nonmetallic deposit,,,非金属矿床,,,,,0,0,,,
nonmetallic element,,,非金属元素,,,,,0,0,,,
nonmetallic fusion point,,,非金属软化点,,,,,0,0,,,
nonmetallic impurity,,,[网络] 非金属杂质,,,,,0,0,,,
nonmetallic inclusion,,,【冶金学】非金属夹杂物,,,,,0,0,,,
nonmetallic luster,,,非金属光泽,,,,,0,0,,,
nonmetallic lustre,,,非金属光泽,,,,,0,0,,,
nonmetallic material,ˈnɔnmiˈtælik məˈtiəriəl,, 非金属材料,,,,,0,0,,,
nonmetallic material testing machine,,,非金属材料试验机,,,,,0,0,,,
nonmetallic mineral,,,非金属矿物,,,,,0,0,,,
nonmetallic mineral deposit,,,非金属矿床,,,,,0,0,,,
nonmetallic mineral resources,,,非金属矿物资源,,,,,0,0,,,
nonmetallic minerals,,, 非金属矿物,,,,,0,0,,,
nonmetallic ore deposit,,,[地质] 非金属矿床,,,,,0,0,,,
nonmetallic reduction agent,,,非金属还原剂,,,,,0,0,,,
nonmetallic sheathed cable,,,非金属护皮电缆,,,,,0,0,,,
nonmetallic tube,,,非金属管,,,,,0,0,,,
nonmetallic vessel,,,[化] 非金属容器,,,,,0,0,,,
nonmetallics,'nɑnmɪ'tælɪk,,adj. 非金属的\nn. 非金属物质,,,,,0,0,0:nonmetallic/1:s,,
nonmetalliferous,,,[网络] 非金属,,,,,0,0,,,
nonmetalliferous ore,,,非金属矿,,,,,0,0,,,
nonmetallized,,,[网络] 非金属化,,,,,0,0,,,
nonmetallurgist,,,[网络] 非冶金学家,,,,,0,0,,,
nonmetallurgists,,,[网络] 非冶金学家,,,,,0,0,,,
nonmetals,,,非金属材料,,,,,0,0,0:nonmetal/1:s,,
nonmetals materials,,,非金属物质,,,,,0,0,,,
nonmetameric,,,[网络] 非甲基,,,,,0,0,,,
nonmetamorphic,,,adj. 非变质的,,,,,0,0,,,
nonmetaphoric,,,[网络] 非隐喻,,,,,0,0,,,
nonmetaphorical,,,[网络] 隐喻；非譬喻性的,,,,,0,0,,,
nonmetaphysical,,,[网络] 非形而上学,,,,,0,0,,,
nonmetaplastic,,,[网络] 非化合物,,,,,0,0,,,
nonmetastable,,,[网络] 不可衡量,,,,,0,0,,,
nonmetastasized,,,[网络] 非均质化,,,,,0,0,,,
nonmetastatic,,,[网络] 非转移,,,,,0,0,,,
nonmetered,,,[网络] 没有计量,,,,,0,0,,,
nonmetered tap,,,无表水栓,,,,,0,0,,,
nonmetering,'nɔn'mi:tәriŋ,,"不计量的, 不计数的",,,,,0,0,,,
nonmethadone,,,[网络] 非美沙酮,,,,,0,0,,,
nonmethane,,,[网络] 非甲烷,,,,,0,0,,,
nonmethanogenic,,,[网络] 非甲烷,,,,,0,0,,,
nonmethodical,,,[网络] 非方法性,,,,,0,0,,,
nonmethodological,,,[网络] 非方法学,,,,,0,0,,,
nonmethoxylated,,,[网络] 非甲氧基化,,,,,0,0,,,
nonmethylated,,,adj. 〔化〕未甲基化的\n[网络] 而非甲基化,,,,,0,0,,,
nonmethylation,,,[网络] 非甲基化,,,,,0,0,,,
nonmetric,'nɒnmetrɪk,, 非度量,,,,,0,0,,,
nonmetrical,,,[网络] 非计量,,,,,0,0,,,
nonmetricity,,,[网络] 非计量,,,,,0,0,,,
nonmetrizable,,,[网络] 不可调,,,,,0,0,,,
nonmetro,,,[网络] 非甲基,,,,,0,0,,,
nonmetropolitan,,,[网络] 非城市地区,,,,,0,0,,,
nonmetropolitan population,,,非都市人口,,,,,0,0,,,
nonMexican,,,[网络] 非美国人,,,,,0,0,,,
nonmicellar,,,[网络] 非微粒,,,,,0,0,,,
nonmicellar solution,,,[化] 非胶束溶液,,,,,0,0,,,
nonmicrobial,,,[网络] 非微生物,,,,,0,0,,,
nonmicrobially,,,[网络] 非微不足道,,,,,0,0,,,
nonmicrobiologic,,,非微生物学的,,,,,0,0,,,
nonmicrobiological,,,[网络] 非微生物,,,,,0,0,,,
nonmicrofibrillar,,,[网络] 非微原纤维,,,,,0,0,,,
nonmicrophone,,,[网络] 非话音,,,,,0,0,,,
nonmicrophonic,'nɔnmaikrә'fɔnik,,无颤噪效应(的),,,,,0,0,,,
nonmicroporous,,,[网络] 非微孔,,,,,0,0,,,
nonmicroprogrammed device,,,非微程式装置,,,,,0,0,,,
nonmicroprogrammed interface,,,非微程式介面,,,,,0,0,,,
nonmicroprogrammed machine,,,[计] 非微程序控制的计算机,,,,,0,0,,,
nonmicroscopic,,,[网络] 非显微镜,,,,,0,0,,,
nonmicroscopist,,,[网络] 非显微镜,,,,,0,0,,,
nonmicroscopists,,,[网络] 非显微镜,,,,,0,0,,,
nonmicrosomal,,,[网络] 非微粒体,,,,,0,0,,,
nonmigraine,,,[网络] 非偏头痛,,,,,0,0,,,
nonmigrant,'nɒnmaɪɡrənt,, [医]非迁移动物,,,,,0,0,,,
nonmigrants,,,[网络] 非移民,,,,,0,0,,,
nonmigratable,,,[网络] 不可流动,,,,,0,0,,,
nonmigrating,,,[网络] 不偏不倚,,,,,0,0,,,
nonmigrator permutation,,,非迁移排列,,,,,0,0,,,
nonmigratory,'nɔn'mai^rәtәri,a used of animals that do not migrate,不迁移的,,,,,0,0,,,
nonmigratory permutation,,,不可移排列,,,,,0,0,,,
nonmilitant,,,[网络] 非激进者,,,,,0,0,,,
nonmilitants,,,[网络] 非武装分子,,,,,0,0,,,
nonmilitarily,,,[网络] 非军事,,,,,0,0,,,
nonmilitaristic,,,[网络] 非军国主义,,,,,0,0,,,
nonmilitarized,,,[网络] 非军事化,,,,,0,0,,,
nonmilitary,,a not associated with soldiers or the military,非军事,,,,,0,0,,,
nonmilk,,,[网络] 非恶魔,,,,,0,0,,,
nonmilled,,,[网络] 非磨损,,,,,0,0,,,
nonmillionaire,,,[网络] 非百万富翁,,,,,0,0,,,
nonmillionaires,,,[网络] 非百万富翁,,,,,0,0,,,
nonmimetic,,,[网络] 非摹仿的,,,,,0,0,,,
nonmined,,,[网络] 非矿物,,,,,0,0,,,
nonminer,,,[网络] 不灵敏,,,,,0,0,,,
nonmineral,,,[网络] 非矿物,,,,,0,0,,,
nonmineralized,,,[网络] 非矿化,,,,,0,0,,,
nonminerals,,,[网络] 非矿物质,,,,,0,0,,,
nonminers,,,[网络] 不死人,,,,,0,0,,,
nonminimal,,,[网络] 非最小,,,,,0,0,,,
nonminimally,,,[网络] 非最小,,,,,0,0,,,
nonminimum,,,[网络] 非最小,,,,,0,0,,,
nonminimum phase,,,非极小相,,,,,0,0,,,
nonminimum phase lag,,,非最小相位落后,,,,,0,0,,,
nonmining,,,[网络] 不起眼,,,,,0,0,,,
nonministerial,,,[网络] 非机构,,,,,0,0,,,
nonminor,,,[网络] 非最小,,,,,0,0,,,
nonminorities,,,[网络] 非极少数,,,,,0,0,,,
nonminority,,,[网络] 非极少数,,,,,0,0,,,
nonminors,,,[网络] 非公司,,,,,0,0,,,
nonmiraculous,,,[网络] 非穆斯林,,,,,0,0,,,
nonmirrored,,,[网络] 非造型,,,,,0,0,,,
nonmiscibility,",nɔnmisә'bilәti",,"n. 不混合, 不易混合",,,,,0,0,,,
nonmiscible,'nɔn'misibl,,"a. 不混合的, 不容易混合的",,,,,0,0,,,
nonmisogynist,,,[网络] 非同义词,,,,,0,0,,,
nonmisogynistic,,,[网络] 非歧视性,,,,,0,0,,,
nonmissile,,,[网络] 非易失性,,,,,0,0,,,
nonmissing,,,[网络] 不留神,,,,,0,0,,,
nonmissionary,,,[网络] 不合格,,,,,0,0,,,
nonmitochondrial,,,[网络] 非线粒体,,,,,0,0,,,
nonmitotic,,,[网络] 非离子,,,,,0,0,,,
nonmixing,,,[网络] 不混合,,,,,0,0,,,
nonmobile,,,[网络] 被视为不具移动性,,,,,0,0,,,
nonmodal,,,[网络] 非模式对话框；非实比,,,,,0,0,,,
nonmodally,,,[网络] 非模态,,,,,0,0,,,
nonmodel,,,[网络] 你想实现非模态,,,,,0,0,,,
nonmodeled,,,[网络] 非建模,,,,,0,0,,,
nonmodelled,,,[网络] 非模型,,,,,0,0,,,
nonmodels,,,[网络] 非模型,,,,,0,0,,,
nonmodem,,,[网络] 仅供三线制,,,,,0,0,,,
nonmoderate,,,[网络] 非正式,,,,,0,0,,,
nonmoderated,,,[网络] 不受限制,,,,,0,0,,,
nonmoderates,,,[网络] 非正式,,,,,0,0,,,
nonmoderator,,,非缓和剂,,,,,0,0,,,
nonmodern,,,[网络] 非现代的,,,,,0,0,,,
nonmodernity,,,[网络] 非现实性,,,,,0,0,,,
nonmodernness,,,[网络] 非现代性,,,,,0,0,,,
nonmoderns,,,[网络] 非现代,,,,,0,0,,,
nonmodifiable,,,[网络] 不可修改的左值,,,,,0,0,,,
nonmodified,,,[网络] 不修改,,,,,0,0,,,
nonmodular,,,[网络] 非模块化,,,,,0,0,,,
nonmodular space,,,非模空间,,,,,0,0,,,
nonmodulating sequence,,,不转调模进,,,,,0,0,,,
nonmodulation system,,,非调变系统,,,,,0,0,,,
nonmoisturizing,,,[网络] 非保湿,,,,,0,0,,,
nonmolecular,,,[网络] 非分子,,,,,0,0,,,
nonmolestation,,,[网络] 不容忍,,,,,0,0,,,
nonmolten,,,[网络] 非磨损,,,,,0,0,,,
nonmolten origin,,,非熔融成因,,,,,0,0,,,
nonmolybdenum,,,[网络] 非钼,,,,,0,0,,,
nonmonadic,,,[网络] 非单调,,,,,0,0,,,
nonmonarchic,,,[网络] 非主义,,,,,0,0,,,
nonmonarchies,,,[网络] 非神话,,,,,0,0,,,
nonmonarchy,,,[网络] 非君主制,,,,,0,0,,,
nonmonastic,,,[网络] 非弹性,,,,,0,0,,,
nonmonatomic,,,[网络] 非单原子,,,,,0,0,,,
nonmonetarist,,,[网络] 非魔术师,,,,,0,0,,,
nonmonetarists,,,[网络] 非专业人士,,,,,0,0,,,
nonmonetarized gold,,,非货币化黄金,,,,,0,0,,,
nonmonetary,nɔn'mʌnitәri;-'mɔniteri,,"a. 非货币的,非金融的",,,,,0,0,,,
nonmonetary asset,,,非货币性资产,,,,,0,0,,,
nonmonetary data,,,非价值量数据,,,,,0,0,,,
nonmonetary economy,,,物物交换经济,,,,,0,0,,,
nonmonetary factor,,,非货币因素,,,,,0,0,,,
nonmonetary financial intermediary,,,非货币性金融中介结构,,,,,0,0,,,
nonmonetary gold,,,非货币用黄金,,,,,0,0,,,
nonmonetary income,,,非货币收入,,,,,0,0,,,
nonmonetary liability,,,[网络] 非货币性负债,,,,,0,0,,,
nonmonetary transaction,nɔnˈmʌnitəri trænˈzækʃən,, 非货币交易,,,,,0,0,,,
nonmonetary transactions,,,非货币交易,,,,,0,0,,,
nonmonetary unit,,,非货币计量单位,,,,,0,0,,,
nonmonetary values,,,非金钱上的价值,,,,,0,0,,,
nonmonetizable,,,[网络] 不可评价,,,,,0,0,,,
nonmonetized,,,[网络] 非专业化,,,,,0,0,,,
nonmoney,,,[网络] 非金钱,,,,,0,0,s:nonmonies,,
nonmonic,,,[网络] 没有意义,,,,,0,0,,,
nonmonies,,,[网络] 非金钱\n(nonmoney 的复数),,,,,0,0,0:nonmoney/1:s,,
nonmonitored,,,[网络] 不监测,,,,,0,0,,,
nonmonochromatic,,,[网络] 非单色,,,,,0,0,,,
nonmonochromatic field,,,非单色场,,,,,0,0,,,
nonmonochromatic light,,,[化] 非单色光,,,,,0,0,,,
nonmonochromatic wave,,,[化] 非单色波,,,,,0,0,,,
nonmonoclonal,,,[网络] 非单克隆,,,,,0,0,,,
nonmonogamous,,,[网络] 非一夫多妻,,,,,0,0,,,
nonmonogamy,,,[网络] 非一夫一妻制,,,,,0,0,,,
nonmonomeric,,,[网络] 非单调性,,,,,0,0,,,
nonmonophyletic,,,[网络] 非单调性,,,,,0,0,,,
nonmonophyly,,,[网络] 不是单系,,,,,0,0,,,
nonmonopolistic,,,[网络] 非垄断,,,,,0,0,,,
nonmonopoly,,,非垄断非独占,,,,,0,0,,,
nonmonosyllabic,,,[网络] 非单音节,,,,,0,0,,,
nonmonotheistic,,,[网络] 非单神论,,,,,0,0,,,
nonmonotone,,,[网络] 非单音；非单调,,,,,0,0,,,
nonmonotonic,,a not monotonic,非单调的\n非单调,,,,,0,0,,,
nonmonotonic function,,,非单调函数,,,,,0,0,,,
nonmonotonic logic,,,非单调逻辑,,,,,0,0,,,
nonmonotonic reasoning,,,【人工智能】非单调推理,,,,,0,0,,,
nonmonotonic transform,,,[数] 非单调变换,,,,,0,0,,,
nonmonotonically,,,[网络] 非单调,,,,,0,0,,,
nonmonotonicities,,,[网络] 涉及到非单调性,,,,,0,0,,,
nonmonotonicity,,,[网络] 非单调性；人类智能推理的非枯燥性,,,,,0,0,,,
nonmonotonous,,,[网络] 非单调,,,,,0,0,,,
nonmonotonous hydraulic misadjustment,,,一致失调,,,,,0,0,,,
nonmonotonously,,,[网络] 非单调,,,,,0,0,,,
nonmonthly,,,[网络] 非常地,,,,,0,0,,,
nonmonumented boundary peg,,,[测] 临时界桩,,,,,0,0,,,
nonmoraic,,,[网络] 非常多,,,,,0,0,,,
nonmoral,nɒn'mɒrәl,,a. 与道德无关的,,,,,0,0,,,
nonmoralistic,,,[网络] 非道德的,,,,,0,0,,,
nonmorality,",nɔnmə'ræləti",,n.\nnonmoral的变形\nnonmoral\n[nɔn'mɔ:rəl; -'mɔ-]\nadj.\n与道德(或伦理)无关的,,,,,0,0,,,
nonmoralizing,,,[网络] 不道德的,,,,,0,0,,,
nonmorbid,,,[网络] 不公正,,,,,0,0,,,
nonmorbidity,,,[网络] 不健康,,,,,0,0,,,
nonmorbidly,,,[网络] 不公正,,,,,0,0,,,
nonmorphogenetic,,,[网络] 非形态学,,,,,0,0,,,
nonmorphological,,,[网络] 非形态学,,,,,0,0,,,
nonmorphometric,,,[网络] 非形态测定,,,,,0,0,,,
nonmortal,,,[网络] 非机械的,,,,,0,0,,,
nonmortals,,,[网络] 非金属,,,,,0,0,,,
nonmortgage,,,[网络] 非货币,,,,,0,0,,,
nonmortgageable,,,[网络] 不可行,,,,,0,0,,,
nonmortgaged,,,[网络] 非走私,,,,,0,0,,,
nonmortuary,,,[网络] 非酒吧,,,,,0,0,,,
nonmosaic,,,[网络] 非马赛克,,,,,0,0,,,
nonmother,,,[网络] 非常,,,,,0,0,,,
nonmothers,,,[网络] 不要了,,,,,0,0,,,
nonmotile,'nɔn'mәutail,s (of spores or microorganisms) not capable of movement,"不动的, 无运动的",,,,,0,0,,,
nonmotile leukocyte,,,[医] 非动性白细胞,,,,,0,0,,,
nonmotile leukocytosis,,,[医] 非动性白细胞增多,,,,,0,0,,,
nonmotility,,,[网络] 无能动性,,,,,0,0,,,
nonmotion,,,[网络] 非运动,,,,,0,0,,,
nonmotivated,,,[网络] 没有动力,,,,,0,0,,,
nonmotivating,,,[网络] 不激动,,,,,0,0,,,
nonmotivation,,,[网络] 非激活,,,,,0,0,,,
nonmotivational,,,[网络] 非运动型,,,,,0,0,,,
nonmotive,,,[网络] 非动力,,,,,0,0,,,
nonmotofacient phase,,,[医] 非运动相,,,,,0,0,,,
nonmotor,,,[网络] 非运动型,,,,,0,0,,,
nonmotor map,,,微管相关非马达蛋白 {microtubule-associated nonmotor protein},,,,,0,0,,,
nonmotorcycle,,,[网络] 非摩托车,,,,,0,0,,,
nonmotorised,,,[网络] 没有动力,,,,,0,0,,,
nonmotorist,,,[网络] 非运动员,,,,,0,0,,,
nonmotorists,,,[网络] 非运动员,,,,,0,0,,,
nonmotorized,,,[网络] 没有电动,,,,,0,0,,,
nonmotorized vehicle lane,,,非机动车道,,,,,0,0,,,
nonmottled,,,[网络] 不装,,,,,0,0,,,
nonmountaineer,,,[网络] 非登山者,,,,,0,0,,,
nonmountaineers,,,[网络] 非登山者,,,,,0,0,,,
nonmountainous,,,[网络] 非山,,,,,0,0,,,
nonmounted,,,[网络] 未安装,,,,,0,0,,,
nonmouse,,,[网络] 非小孩,,,,,0,0,,,
nonmovant,,,[网络] 不健康,,,,,0,0,,,
nonmovants,,,[网络] 非移民,,,,,0,0,,,
nonmovement,,,[网络] 非运动,,,,,0,0,,,
nonmover,,,[网络] 不停的,,,,,0,0,,,
nonmovers,,,[网络] 不动作,,,,,0,0,,,
nonmovie,,,[网络] 非滑稽,,,,,0,0,,,
nonmoving,nɒn'mu:vɪŋ,a not in motion, 不动的,,,,,0,0,,,
nonmoving part,,,[网络] 不动部分,,,,,0,0,,,
nonmoving parts,,,[网络] 不动部件,,,,,0,0,,,
nonmoving water,,,不流动水,,,,,0,0,,,
nonmucilaginous,,,[网络] 非粘性的,,,,,0,0,,,
nonmucinous,,,[网络] 非粘液性；非黏液性的；非黏液性,,,,,0,0,,,
nonmucoid,,,[网络] 非粘性,,,,,0,0,,,
nonmucosal,,,[网络] 非黏膜的,,,,,0,0,,,
nonmucous,,,[网络] 非粘性,,,,,0,0,,,
nonmud,,,[网络] 非木马,,,,,0,0,,,
nonmulticast,,,[网络] 非多播,,,,,0,0,,,
nonmultifractal,,,[网络] 非多边形,,,,,0,0,,,
nonmultilateral,,,[网络] 非多边,,,,,0,0,,,
nonmultilative,,,非破坏性的,,,,,0,0,,,
nonmultilayer,,,[网络] 非多层,,,,,0,0,,,
nonmultimedia,,,[网络] 非多媒体,,,,,0,0,,,
nonmultiple switchboard,,,简式交换机,,,,,0,0,,,
nonmultiplex,,,[网络] 非多路复用,,,,,0,0,,,
nonmultiplexed,,,[网络] 非多路复用,,,,,0,0,,,
nonmultiplexing,,,[网络] 非复用,,,,,0,0,,,
nonmultiplicative,,,[网络] 非复数,,,,,0,0,,,
nonmultipulse chain,,,[网络] 非多脉冲链,,,,,0,0,,,
nonmultithreaded,,,[网络] 非多边形,,,,,0,0,,,
nonmultivariate,,,[网络] 非多变量,,,,,0,0,,,
nonmundane,,,[网络] 非平凡,,,,,0,0,,,
nonmunicipal,,,[网络] 非市政,,,,,0,0,,,
nonmuonic,,,[网络] 非木偶,,,,,0,0,,,
nonmurder,,,[网络] 非标准,,,,,0,0,,,
nonmurderer,,,[网络] 非穆斯林,,,,,0,0,,,
nonmurderers,,,[网络] 非穆斯林,,,,,0,0,,,
nonmuricidal,,,[网络] 非杀真菌剂,,,,,0,0,,,
nonmurine,,,[网络] nonururine,,,,,0,0,,,
nonmuscle,,,[网络] 非肌肉,,,,,0,0,s:nonmuscles,,
nonmuscles,,,[网络] 非肌肉\n(nonmuscle 的复数),,,,,0,0,0:nonmuscle/1:s,,
nonmuscular,,,[网络] 非肌肉性皱纹,,,,,0,0,,,
nonmusculoskeletal,,,[网络] 非肌肉骨骼,,,,,0,0,,,
nonmuseum,,,[网络] 非博物馆,,,,,0,0,,,
nonmusic,,,[网络] 非音乐,j:100,,,,0,0,,,
nonmusical,,,[网络] 非穆斯林,j:100,,,,0,0,,,
nonmusicality,,,[网络] 非穆斯林,,,,,0,0,,,
nonmusically,,,[网络] 非穆斯林,,,,,0,0,,,
nonmusicals,,,[网络] 非穆斯林,,,,,0,0,,,
nonmusician,,,[网络] 非音乐家；非专业音乐人群,,,,,0,0,,,
nonmusicians,,,[网络] 非音乐家,,,,,0,0,,,
nonmuslim,,,[网络] 非回教徒学员,,,,,0,0,,,
nonmuslims,,,[网络] 非穆斯林,,,,,0,0,,,
nonmutable,,,[网络] 不可修改,,,,,0,0,,,
nonmutagenic,,,[网络] 诱变,,,,,0,0,,,
nonmutant,,,[网络] 非常的,,,,,0,0,,,
nonmutants,,,[网络] 非居民,,,,,0,0,,,
nonmutated,,,[网络] 未显示,,,,,0,0,,,
nonmutating,,,[网络] 不切合,,,,,0,0,,,
nonmutation,,,[网络] 不变,,,,,0,0,,,
nonmutationed,,,非突变的,,,,,0,0,,,
nonmute,,,[网络] 非静音,,,,,0,0,,,
nonmutilated,,,[网络] 未破坏,,,,,0,0,,,
nonmutilative,'nɔn'mju:tilәtiv,,非破坏性的,,,,,0,0,,,
nonmutual,,,[网络] 非永久性,,,,,0,0,,,
nonmutually,,,非相互性的,,,,,0,0,,,
nonmyasthenic,,,[网络] 非肌无力,,,,,0,0,,,
nonmycelial,,,[网络] 非机体,,,,,0,0,,,
nonmycorrhizal,,,[网络] 非菌根,,,,,0,0,,,
nonmydriatic,,,[网络] 非散瞳药,,,,,0,0,,,
nonmyelin,,,[网络] nonelelin,,,,,0,0,,,
nonmyelinated,'nɒnmaɪlɪneɪtɪd,,[医]无髓鞘的：同unmyelinated,,,,,0,0,,,
nonmyeloablative,,,[网络] 性移植；非清髓性；非清髓,,,,,0,0,,,
nonmyeloid,,,非骨髓性,,,,,0,0,,,
nonmyeloproliferative,,,非骨髓增生性的,,,,,0,0,,,
nonmyocarditic,,,[网络] 非心肌,,,,,0,0,,,
nonmyocyte,,,[网络] 非肌细胞,,,,,0,0,,,
nonmyocytes,,,[网络] 非肌细胞,,,,,0,0,,,
nonmyofascial,,,[网络] 非肌肉性,,,,,0,0,,,
nonmyopic,,,[网络] 非肌肉,,,,,0,0,,,
nonmyotonic,,,[网络] 非单调,,,,,0,0,,,
nonmysteries,,,[网络] 非神秘,,,,,0,0,,,
nonmystery,,,[网络] 非神秘,,,,,0,0,,,
nonmystic,,,[网络] 非神秘的,,,,,0,0,,,
nonmystical,,,[网络] 非神秘,,,,,0,0,,,
nonmystically,,,[网络] 非神秘地,,,,,0,0,,,
nonmystics,,,[网络] 非神秘主义者,,,,,0,0,,,
nonmyth,,,[网络] 非神经,,,,,0,0,,,
nonmythic,,,[网络] 非神经,,,,,0,0,,,
nonmythical,,,[网络] 非神话,,,,,0,0,,,
nonmythological,,,[网络] 非神经性,,,,,0,0,,,
nonn,,,[网络] 药学系,,,,,0,0,,,
nonna,,,[网络] 祖母；诺娜；老祖母,,,,,0,0,s:nonnas,,
nonnamed,,,[网络] 没有名,,,,,0,0,,,
nonnarcissistic,,,[网络] 非自恋,,,,,0,0,,,
nonnarcotic,,,[网络] 非麻醉性,,,,,0,0,,,
nonnarcotics,,,[网络] 非麻醉品,,,,,0,0,,,
nonnarrative,,,[网络] 非叙事性,j:100,,,,0,0,,,
nonnas,,,[网络] 非公斤,,,,,0,0,0:nonna/1:s,,
nonnasal,'nɔn'neizәl,,"a. 非鼻的,[语]非鼻音的",,,,,0,0,,,
nonnasality,",nɔnnei'zælәti",,n. 口腔,,,,,0,0,,,
nonnasalized,'nɔn'neizәlaizd,,非鼻化的,,,,,0,0,,,
nonnasally,,,"adv. 非鼻地,口腔地",,,,,0,0,,,
nonnat,,,[网络] 不合格,,,,,0,0,,,
nonnational,,,[网络] 非国家,,,,,0,0,,,
nonnationalistic,,,[网络] 非国际主义,,,,,0,0,,,
nonnationals,,,[网络] 非国家,,,,,0,0,,,
nonnative,,a. not being or composed of aborigines\ns. of plants or animals originating in a part of the world other than where they are growing,n. 非本地的；非本地人,,,,,0,0,,,
nonnatives,,,[网络] 非本地人,,,,,0,0,,,
nonnatural,nɒn'nætʃәrәl,s. existing outside of or not in accordance with nature,"a. 非自然的, 勉强的",,,,,0,0,,,
nonnatural language system,ˈnɔnˈnætʃərəl ˈlæŋɡwidʒ ˈsistəm,, 非自然语言系统,,,,,0,0,,,
nonnaturalism,,,[网络] 非自然主义,,,,,0,0,,,
nonnaturalist,,,[网络] 非自然主义者,,,,,0,0,,,
nonnaturalistic,,,[网络] 非自然的,,,,,0,0,,,
nonnaturalists,,,[网络] 非自然主义者,,,,,0,0,,,
nonnaturalized,,,[网络] 非自然化,,,,,0,0,,,
nonnaturally,,,[网络] 非自然,,,,,0,0,,,
nonnature,,,[网络] 无因性,,,,,0,0,,,
nonnautical,,,[网络] 非航海,,,,,0,0,,,
nonnaval,,,[网络] 非营养,,,,,0,0,,,
nonnavigable,'nɔn'nævi^әbl,,不通航的,,,,,0,0,,,
nonnavigational,,,[网络] 非营利性,,,,,0,0,,,
nonnavigational chart,,,[网络] 航海参考图,,,,,0,0,,,
nonne,,,[网络] 修女；农内,,,,,0,0,,,
Nonne's syndrome,,,"[医] 农内氏综合征, 小脑综合征",,,,,0,0,,,
Nonne's tests,,,[医] 农内氏试验(检脑脊液球蛋白),,,,,0,0,,,
Nonne-Apelt phase,,,[医] 农-阿二氏相(检脑脊液蛋白质),,,,,0,0,,,
Nonne-Apelt reaction,,,[医] 农-阿二氏反应,,,,,0,0,,,
Nonne-Apelt tests,,,[医] 农-阿二氏反应(检脑脊髓梅毒),,,,,0,0,,,
nonne-froin(syndrome),,,诺-弗二氏综合征,,,,,0,0,,,
nonne-milroy disease,,,Nonne-Milroy二氏病,,,,,0,0,,,
Nonne-Milroy-Meige syndrome,,,"[医] 农-米-迈三氏综合征, 米耳罗伊氏病(遗传性下肢水肿)",,,,,0,0,,,
Nonne-Milroy-Meige(syndrome),,,诺内-米罗伊-梅基(综合征),,,,,0,0,,,
Nonne-Narie syndrome,,,痉挛性运动失调;痉挛性运动失调,,,,,0,0,,,
nonnecessities,,,[网络] 不必要的,,,,,0,0,,,
nonnecessity,,,[网络] 不必要,,,,,0,0,,,
nonnecrotic,,,[网络] 非坏死性,,,,,0,0,,,
nonnecrotizing,,,[网络] 非坏死性,,,,,0,0,,,
nonnegative,'nɔn'ne^әtiv,s either positive or zero,"a. [数]非负的,正的,零的",,,,,0,0,,,
nonnegative additive function,,,非负加性函数,,,,,0,0,,,
nonnegative combination,,,非负组合,,,,,0,0,,,
nonnegative condition,,,非负性条件,,,,,0,0,,,
nonnegative constraint,,,非负限制条件,,,,,0,0,,,
nonnegative definite,,,非负定[的],,,,,0,0,,,
nonnegative definite form,,,非负定型,,,,,0,0,,,
nonnegative definite matrix,,,非负定矩阵,,,,,0,0,,,
nonnegative form,,,非负形式,,,,,0,0,,,
nonnegative function,,,非负函数,,,,,0,0,,,
nonnegative integer,,,非负整数,,,,,0,0,,,
nonnegative integers,,,非负整数,,,,,0,0,,,
nonnegative integral form,,,非负积分形式,,,,,0,0,,,
nonnegative matrix,,,非负(矩)阵,,,,,0,0,,,
nonnegative matrix number,,,[数] 非负矩阵数,,,,,0,0,,,
nonnegative number,,,非负数,,,,,0,0,,,
nonnegative operator,nɑnˈnɛɡətɪv ˈɑpəˌretɚ,, 非负算子,,,,,0,0,,,
nonnegative quadrant,,,非负象限,,,,,0,0,,,
nonnegative real number,,,[数] 非负实数,,,,,0,0,,,
nonnegative restriction,,,非负限制,,,,,0,0,,,
nonnegative self-adjoint operator,,,[数] 非负自伴算子,,,,,0,0,,,
nonnegative term,,,[数] 非负项,,,,,0,0,,,
nonnegative type,,,非负型,,,,,0,0,,,
nonnegative value,,,非负值,,,,,0,0,,,
nonnegative variable,,,"非负变数, 非负变量",,,,,0,0,,,
nonnegatively,,,[网络] 非负离子,,,,,0,0,,,
nonnegatives,nɒn'neɡətɪv,,adj.\n【数学】非负的，正的，零的,,,,,0,0,,,
nonnegativities,,,[网络] 非负性,,,,,0,0,,,
nonnegativity,,,[网络] 非负性,,,,,0,0,,,
nonnegativity condition,,,非负性条件,,,,,0,0,,,
nonnegativity conditions,,,非负性状态,,,,,0,0,,,
nonnegativity constraint,,,非负性的约束条件,,,,,0,0,,,
nonnegativity constraints,,,[网络] 非负性约束；非负限制,,,,,0,0,,,
nonnegativity restriction,,,非负性约束,,,,,0,0,,,
nonnegativity restrictions,,,非负性约束,,,,,0,0,,,
nonneglected,,,[网络] 不被忽视,,,,,0,0,,,
nonnegligent,,,[网络] 非永久性,,,,,0,0,,,
nonnegligible,nɒn'neɡlɪdʒəbl,,adj. 不可忽视的（重大的）,,,,,0,0,,,
nonnegnative set integer,,,非负整数集,,,,,0,0,,,
nonnegotiable,.nɒnni'gәuʃjәbl,,"a. 不可谈判的, 不可流通的",,,,,0,0,,,
nonnegotiable bill of lading,,,[网络] 不可转让提货单；非流通提货单,,,,,0,0,,,
nonnegotiable copy,,,un. 非流通副本\n[网络] 不可转让抄本,,,,,0,0,,,
nonnegotiable copy of bill of lading,,,不能提货的提单副本;非流通提单副本,,,,,0,0,,,
nonnegotiable endorsement,,,不可转让的背书票据,,,,,0,0,,,
nonnegotiable license,,,禁止转让之授权,,,,,0,0,,,
nonnegotiable promissory note,,,un. 不可转让的期票,,,,,0,0,,,
nonnegotiable property,,,[法] 不融通物,,,,,0,0,,,
nonnegotiable treasury bond,,,un. 不可转让的国库券,,,,,0,0,,,
nonnegotiables,,,[网络] 必备条件,,,,,0,0,,,
nonnegotiably,,,[网络] 不可谈判,,,,,0,0,,,
nonnegotiating,,,[网络] 不谈判,,,,,0,0,,,
nonneighbor node,,,非相邻节点,,,,,0,0,,,
nonnemaker,,,[网络] 非制造者,,,,,0,0,,,
Nonnenweier,,,[地名] 农嫩韦尔 ( 德 ),,,,,0,0,,,
nonneoplastic,"'nɔn,ni:ә'plæstik",,"a. 非肿瘤的,非肿瘤引起的",,,,,0,0,,,
nonnephritic,,,[网络] 非肾性,,,,,0,0,,,
nonnested,,,[网络] 非巢式；非嵌套；模型与非嵌套,,,,,0,0,,,
nonnested hierarchy,,,非包含型等级系统,,,,,0,0,,,
nonnested hypothesis tests,,,非巢氏假设检定,,,,,0,0,,,
nonnesting,,,[网络] 不守规矩,,,,,0,0,,,
nonnetwork,,,n. 不对称网络,,,,,0,0,,,
nonnetwork control program station,,,非网路控制程式站,,,,,0,0,,,
nonnetworked,,,[网络] 非网络,,,,,0,0,,,
nonneural,,,[网络] 非神经性,,,,,0,0,,,
nonneuroactive,,,[网络] 非神经性,,,,,0,0,,,
nonneuroectodermal,,,非神经外胚层,,,,,0,0,,,
nonneurogenic,,,[网络] 非神经源性,,,,,0,0,,,
nonneuroleptic,,,[网络] 非神经性,,,,,0,0,,,
nonneurological,,,[网络] 非神经性,,,,,0,0,,,
nonneuronal,,,[网络] 非神经元,,,,,0,0,,,
nonneuropathic,,,[网络] 非神经性,,,,,0,0,,,
nonneurotic,,,[网络] 不神经兮兮的,,,,,0,0,,,
nonneurotics,,,[网络] 非神经性,,,,,0,0,,,
nonneutral,,,[网络] 非中性,,,,,0,0,,,
nonneutral plasma,,,非中性等离[子]体,,,,,0,0,,,
nonneutrals,,,[网络] 非中性,,,,,0,0,,,
nonneutropenic,,,[网络] 非营养不良,,,,,0,0,,,
nonnew,,,[网络] 不新鲜,,,,,0,0,,,
nonnews,,,[网络] 非新闻,,,,,0,0,,,
nonnewsworthy,,,[网络] 不新鲜,,,,,0,0,,,
nonnewtonian,,,adj. 〔物〕非牛顿体\n[网络] 非牛顿流体,,,,,0,0,,,
nonni,,,[网络] 嫩江；圣米希尔；丰熙,,,,,0,0,s:nonni,,
nonnickel,,,[网络] 非尼克尔,,,,,0,0,,,
nonnie,,,[网络] 兰妮,,,,,0,0,s:nonnies,,
nonnies,,"n., Short for Non-boyfriend boyfriend - A boy, who, with a girl, fulfills all the lame boyfriend duties, yet receives no benefits. A Nonny remains a Nonny, because he thinks he has a chance with this girl, but she thinks that he is her best girlfriend.\r\n\r\nSee also [The Carter Transitive Property]\n> Lame boyfriend duties:\n> 1. Listening to how bad their day was, everyday!\n> 2. They call you to take them to pick up their car, when it is in the shop\n> 3.They ask you to get them hard to get tickets to a football or basketball event. And you usually pay for it\n",,,,,,0,0,0:nonnie/1:s,,
nonNIL,,,非空,,,,,0,0,,,
Nonning,,,[地名] 农宁 ( 澳 ),,,,,0,0,,,
nonnitrogen,,,[网络] 非氮,,,,,0,0,,,
nonnitrogenous,'nɔnnai'trɔdʒәnәs,,a. 不含氮的,,,,,0,0,,,
nonnitrogenous hepatic coma,,,非氮性肝性昏迷,,,,,0,0,,,
nonnitroglycerin explosive,,,非硝化甘油炸药,,,,,0,0,,,
nonnitroglycerine explosive,,,非硝化甘油炸药,,,,,0,0,,,
nonno,,,[网络] 时装杂志；侬侬袜类单品任选；率性乐活,,,,,0,0,,,
nonnoble,,,[网络] 无声,,,,,0,0,,,
nonnocturnal,,,[网络] 非诺,,,,,0,0,,,
nonnodular,,,[网络] 非结节,,,,,0,0,,,
nonnodulating,,,[网络] 非调味,,,,,0,0,,,
nonnodulating lines,,,非结瘤品系,,,,,0,0,,,
nonnomadic,,,[网络] 非疯狂,,,,,0,0,,,
nonnominal,,,[网络] 非诺基亚,,,,,0,0,,,
nonnominated,,,[网络] 非公开,,,,,0,0,,,
nonnoradrenergic,,,[网络] 非诺龙肾上腺素,,,,,0,0,,,
nonnormal,'nɔn'nɔ:mәl,,"非正规的, 非正态的",,,,,0,0,,,
nonnormal assumption,,,非正态假定,,,,,0,0,,,
nonnormal classical linear regression model,,,非正态古典线性回归模型,,,,,0,0,,,
nonnormal continuous distribution,,,非正态连续分布,,,,,0,0,,,
nonnormal data,,,非正态数据,,,,,0,0,,,
nonnormal distribution,,,[化] 非正态分布,,,,,0,0,,,
nonnormal equation,,,非常态方程式,,,,,0,0,,,
nonnormal error term distribution,,,非正态误差项分布,,,,,0,0,,,
nonnormal group,,,[数] 非正规群,,,,,0,0,,,
nonnormal groups,,,非正规群,,,,,0,0,,,
nonnormal operator,,,[数] 非正规算子,,,,,0,0,,,
nonnormal population,,,非正态总体,,,,,0,0,,,
nonnormal subgroup,,,非正规子群,,,,,0,0,,,
nonnormality,'nɔnnɔ:'mæliti,,"不垂直, 非正态性",,,,,0,0,,,
nonnormality of disturbances,,,误差项之非常态性,,,,,0,0,,,
nonnormalizable,,,[网络] 非正规化,,,,,0,0,,,
nonnormalized,,,[网络] 非正规化,,,,,0,0,,,
nonnormalized design,,,非正规化设计,,,,,0,0,,,
nonnormalized number,,,非正规化数,,,,,0,0,,,
nonnormally,,,[网络] 非正式,,,,,0,0,,,
nonnormative,,,[网络] 非特异性,,,,,0,0,,,
nonnormatively,,,[网络] 非正式的,,,,,0,0,,,
nonnorthern,,,[网络] 非北,,,,,0,0,,,
nonnotable,,,[网络] 不可置信,,,,,0,0,,,
nonnotarized,,,[网络] 没有电,,,,,0,0,,,
nonnotice audit,,,[网络] 不事先通知审计；不通知审计,,,,,0,0,,,
nonnotte,,,[网络] 诺诺特,,,,,0,0,,,
nonnovel,,,[网络] 非诺,,,,,0,0,,,
nonnovels,,,[网络] 非诺基亚,,,,,0,0,,,
nonnoxious,,,[网络] 没有意义,,,,,0,0,,,
nonnuclear,nɒn'nju:kliә,,"a. 非核的, 无核武器的, 不产生核爆炸的\nn. 无核武器国家",,,,,0,0,,,
nonnuclear heat source,,,非核热源,,,,,0,0,,,
nonnucleate,,,[细胞] 无核的,,,,,0,0,,,
nonnucleated,'nɔn'nju:klieitid,a. Without a nucleus.,无核的,,,,,0,0,,,
nonnucleated area,,,[医] 无核[细胞]区,,,,,0,0,,,
nonnucleic acid base,,,非核酸硷,,,,,0,0,,,
nonnucleolytic,,,[网络] 非核酸分解,,,,,0,0,,,
nonnucleophilic,,,[网络] 非亲核,,,,,0,0,,,
nonnucleoside,,,[网络] 非核苷,,,,,0,0,,,
nonnucleosides,,,[网络] 非核甘类,,,,,0,0,,,
nonnucleosidic,,,非核苷,,,,,0,0,,,
nonnucleus,'nɔn'nju:kliәs,,非核,,,,,0,0,,,
nonnude,,,[网络] 小泽玛利亚,,,,,0,0,,,
nonnull,,,adj. 〔数〕非空的\n[网络] 变量,,,,,0,0,,,
nonnull class,,,非空类,,,,,0,0,,,
nonnull element,,,非零成分,,,,,0,0,,,
nonnull hypothesis,,,非零假设,,,,,0,0,,,
nonnumbered,,,[网络] 无数,,,,,0,0,,,
nonnumerable set,,,[数] 不可数集,,,,,0,0,,,
nonnumeral,,,[网络] 非数量,,,,,0,0,,,
nonnumeric,,,[计] 非数字,,,,,0,0,,,
nonnumeric algorithm,,,[数] 非数值算法,,,,,0,0,,,
nonnumeric application,,,[计] 非数值应用,,,,,0,0,,,
nonnumeric calculation,,,非数值计算,,,,,0,0,,,
nonnumeric character,,,[计] 非数字字符,,,,,0,0,,,
nonnumeric coding,,,非数值编码,,,,,0,0,,,
nonnumeric comparison,,,非数值比较;非数字比较,,,,,0,0,,,
nonnumeric data processing,,,非数值资料处理,,,,,0,0,,,
nonnumeric item,,,[计] 非数字项; 非数值项,,,,,0,0,,,
nonnumeric literal,,,[计] 非数值文字; 非数字文字,,,,,0,0,,,
nonnumeric operand,,,非数值运算元,,,,,0,0,,,
nonnumeric operation,,,非数字运算,,,,,0,0,,,
nonnumeric processing,,,非数值处理,,,,,0,0,,,
nonnumeric processor,,,非数值处理机,,,,,0,0,,,
nonnumeric processor architecture,,,非数值处理机架构,,,,,0,0,,,
nonnumeric programming,,,非数值编程,,,,,0,0,,,
nonnumeric word,,,非数值字,,,,,0,0,,,
nonnumerical,'nɔnnju'merikәl,,非数值的,,,,,0,0,,,
nonnumerical application,,,非数值应用,,,,,0,0,,,
nonnumerical data,,,非数值数据,,,,,0,0,,,
nonnumerical data processing,,,[计] 非数值数据处理,,,,,0,0,,,
nonnumerical factor,,,非数值因素,,,,,0,0,,,
nonnumerical information,,,非数字信息,,,,,0,0,,,
nonnumerical literal,,,[计] 非数字文字,,,,,0,0,,,
nonnumerical operation,,,非数值运算,,,,,0,0,,,
nonnumertic processing,,,非数值处理,,,,,0,0,,,
nonnumismatic,,,[网络] 非吸烟,,,,,0,0,,,
nonnurse,,,[网络] 非努力,,,,,0,0,,,
nonnursing,,,[网络] 非护理,,,,,0,0,,,
nonnurturing,,,[网络] 不刺激,,,,,0,0,,,
Nonnus,,,[网络] 诺努斯；农诺斯,,,,,0,0,,,
nonnutritious,,,[网络] 非营养,,,,,0,0,,,
nonnutritive,nɒn'nju:tritiv,,"a. 没有营养, 与营养无关",,,,,0,0,,,
nonnutritive phagocytosis,,,非营养性吞噬作用,,,,,0,0,,,
nonnutritive sweetener,,,无营养甜味料,,,,,0,0,,,
Nonnutritive sweeteners,,,[网络] 无营养甜味剂；非营养性甜味剂；含热量代糖,,,,,0,0,,,
nonnutritively,,,"adv. 没有营养地,与营养无关地",,,,,0,0,,,
Nonnweiler,,,[地名] 农韦勒 ( 德 ),,,,,0,0,,,
nonny,,,[网络] 诺尼,,,,,0,0,s:nonnies,,
nonny bag,,,[网络] nonny包,,,,,0,0,,,
nonny-no,,,[网络] 非 - 不,,,,,0,0,,,
nonny-nonny,,,[网络] 非正式,,,,,0,0,,,
nono,"'nәu,nәu",,n. 禁例；禁忌,,,,,0,0,s:nonoes,,
Nono(Nonno),,,农诺,,,,,0,0,,,
"Nono, Luigi",'nɔ:nəu; lu:'i:dʒi,,诺诺(1924～ ，意大利作曲家),,,,,0,0,,,
Nonoai,,,[地名] 诺诺阿伊 ( 巴西 ),,,,,0,0,,,
NONOate,,,NO-亲核复合体,,,,,0,0,,,
Nonoava,,,[地名] 诺诺阿瓦 ( 墨 ),,,,,0,0,,,
nonobedience,",nɔnә'bi:djәns",n. Neglect of obedience; failure to obey.,n. 不服从,,,,,0,0,,,
nonobedient,",nɔnə'bi:diəns",,"nonobedient\nadj.\nnonobedience的变形\nnonobedience\n[,nɔnə'bi:diəns]\nn.\n不服从",,,,,0,0,,,
nonobese,nɒnə'bi:s,, [医]不肥胖的，不肥大的,,,,,0,0,,,
nonobesity,,,[网络] 非肥胖,,,,,0,0,,,
nonobject,,,[网络] 虚无的物相；对象,,,,,0,0,,,
nonobject program instruction,,, [计]非目标程序指令,,,,,0,0,,,
nonobjectifiable,,,[网络] 不可重复,,,,,0,0,,,
nonobjectified,,,[网络] 没有观察,,,,,0,0,,,
nonobjecting,,,[网络] 非注射,,,,,0,0,,,
nonobjection,,,[网络] 无异议,,,,,0,0,,,
nonobjective,.nɒnәb'dʒektiv,s not representing or imitating external reality or the objects of nature,"a. 非写实的, 非客观的",j:100,,,,0,37476,,,
nonobjectives,,,[网络] 非任务性目标,,,,,0,0,,,
nonobjectivism,",nɔnәb'dʒektivizәm",,"n. 抽象艺术, 艺术的抽象主义",,,,,0,0,,,
nonobjectivist,,,[网络] 非目标主义者,,,,,0,0,,,
nonobjectivists,,,[网络] 非目标主义者,,,,,0,0,,,
nonobjectivity,"-,ɔbdʒek'tivәti",,"n. 缺乏客观, 抽象艺术派之作风[原则]",,,,,0,0,,,
nonobjects,,,[网络] 非对象,,,,,0,0,,,
nonoblate,,,[网络] 非生物,,,,,0,0,,,
nonobligate,,,[网络] 非原子,,,,,0,0,,,
nonobligated,,,[网络] 非责任,,,,,0,0,,,
nonobligatory,,,[网络] 非义务性,,,,,0,0,,,
nonobscene,,,[网络] 非吸烟,,,,,0,0,,,
nonobscurity,,,[网络] 不健康,,,,,0,0,,,
nonobservability,,,[网络] 非观察性,,,,,0,0,,,
nonobservable,,,[网络] 不可观察,,,,,0,0,,,
nonobservable errors,,,不可观测误差,,,,,0,0,,,
nonobservable variable,,,不可观测的变量,,,,,0,0,,,
nonobservables,,,[网络] 不可观察,,,,,0,0,,,
nonobservance,.nɒnәb'zә:vәns,n. a lack of conformity with law or custom or practice etc.,"n. 不遵守, 违反",,,,,0,0,s:nonobservances,,
nonobservances,",nɒnəb'zɜːvəns",,n. 不遵守；违反,,,,,0,0,0:nonobservance/1:s,,
nonobservant,",nɔnəb'zə:vənt",s failing or refusing to observe religious customs,a. 不遵守习俗、法律的,,,,,0,0,,,
nonobservantly,ˌnɒnəb'zɜːvəns,,n. 不遵守；违反(规则等),,,,,0,0,,,
nonobservation,,,[网络] 抽样调查中无观测值；非参与观察,,,,,0,0,,,
nonobservational,,,[网络] 非观察性,,,,,0,0,,,
nonobserved,,,[网络] 不可观察,,,,,0,0,,,
nonobserver,,,[网络] 非观察者,,,,,0,0,,,
nonobservers,,,[网络] 非观看者,,,,,0,0,,,
nonobsessive,,,[网络] 无忌惮,,,,,0,0,,,
nonobsolescence,,,[网络] 非成衣,,,,,0,0,,,
nonobsolescent,,,[网络] 非专利商标,,,,,0,0,,,
nonobsolete,,,[网络] 没有时间,,,,,0,0,,,
nonobstetric,,,[网络] 非产科,,,,,0,0,,,
nonobstetrical,,,非产科的,,,,,0,0,,,
nonobstructed,,,[网络] 无障碍,,,,,0,0,,,
nonobstructing,,,[网络] 无障碍,,,,,0,0,,,
nonobstructive,,,adj. 非梗阻性的,,,,,0,0,,,
nonobstructive hypertrophic cardiomyopathy,,,非梗阻性肥厚型心肌病,,,,,0,0,,,
nonobstructive jaundice,,,"[医] 非阻塞性黄疸, 非梗阻性黄疸",,,,,0,0,,,
nonobtainable,,,[网络] 无法获得,,,,,0,0,,,
nonobtrusive,,,[网络] 内容分析法是一种非介入性,,,,,0,0,,,
nonobtuse,,,[网络] 不休闲,,,,,0,0,,,
nonobvious,,,[网络] 非显而易见性的；非显著性；非显而易见的,,,,,0,0,,,
nonobviousness,'nɔn'ɔbviәsnis,,非显而易见性,,,,,0,0,,,
nonoccidental,,,[网络] 非意识,,,,,0,0,,,
nonoccipital,,,[网络] 非自体,,,,,0,0,,,
nonoccluded,,,[网络] 不包含,,,,,0,0,,,
nonoccluded virus,,,非包含体病毒,,,,,0,0,,,
nonocclusion,,,"[医] 开, 无",,,,,0,0,,,
nonocclusive,,,[网络] 非阻塞性；非闭塞性,,,,,0,0,,,
nonocclusive intestinal infarction,,,非闭塞性肠梗死,,,,,0,0,,,
nonocclusive mesenteric ischemia,,,非闭合性肠系膜缺血,,,,,0,0,,,
nonoccupant,,,[网络] 不占用,,,,,0,0,,,
nonoccupants,,,[网络] 不占用,,,,,0,0,,,
nonoccupation,,,[网络] 不占用,,,,,0,0,,,
nonoccupational,,,[网络] 非专业,,,,,0,0,,,
nonoccupationally,,,[网络] 非专业,,,,,0,0,,,
nonoccupied terminal,,,未占用终端,,,,,0,0,,,
nonoccupier,,,[网络] 没有人,,,,,0,0,,,
nonoccupiers,,,[网络] 非居多,,,,,0,0,,,
nonoccupying,,,[网络] 不占空间,,,,,0,0,,,
nonoccurance,",nɔnә'kʌrәns",,不发生,,,,,0,0,,,
nonoccurence,,,[网络] 不合格,,,,,0,0,,,
nonoccurrence,",nɔnә'kʌrәns;-'k\\\\:-",n. absence by virtue of not occurring,n. 不发生,n:100,,,,0,43579,s:nonoccurrences,,
nonoccurrences,",nɔnə'kʌrəns, -'kə:-",,n. 不发生,,,,,0,0,0:nonoccurrence/1:s,,
nonocean,,,[网络] 非海洋,,,,,0,0,,,
nonoceanic,,,[网络] 非洋洋,,,,,0,0,,,
nonoceanographic,,,[网络] 非海洋学,,,,,0,0,,,
nonocellular,,,[医] 单细胞的,,,,,0,0,,,
nonocoque boat,,,硬壳艇,,,,,0,0,,,
nonocular,,,[网络] 非眼镜,,,,,0,0,,,
nonodd,,,[网络] 无数,,,,,0,0,,,
nonode,'nɔnәud,,九极管,,,,,0,0,,,
nonodnotogenic,,,非牙源性的,,,,,0,0,,,
nonodontogenic,,,[医] 非牙原性的,,,,,0,0,,,
nonodontogenic ctntral tumor,,,[医] 非牙原性中心瘤,,,,,0,0,,,
nonodontogenic cyst,,,非牙原性囊肿,,,,,0,0,,,
nonodorous,,,[网络] 无臭,,,,,0,0,,,
nonoes,,,n. 禁例；禁忌\n(nono 的复数),,,,,0,0,0:nono/1:s,,
nonoestrogenic,,,[网络] 非雌激素,,,,,0,0,,,
nonoffender,,,[网络] 非货币,,,,,0,0,,,
nonoffenders,,,[网络] 非犯罪者,,,,,0,0,,,
nonoffending,,,[网络] 非罚款,,,,,0,0,,,
nonoffensive,,,[网络] 不是故意要攻击对方的,,,,,0,0,,,
nonoffice,,,[网络] 非办公室,,,,,0,0,,,
nonofficeholding,nɒn'ɒfis.hәuldiŋ,,"a. 下台的, 在野的",,,,,0,0,,,
nonofficer,,,[网络] 非执行业务,,,,,0,0,,,
nonofficers,,,[网络] 非官方,,,,,0,0,,,
nonofficial,.nɒnә'fiʃәl,,a. 非正式的,,,,,0,0,,,
nonofficial market,,,un. 非正式市场,,,,,0,0,,,
nonofficial remedy,,,[医] 非法定药,,,,,0,0,,,
nonofficially,,,[网络] 非正式,,,,,0,0,,,
nonofficials,,,[网络] 非官方,,,,,0,0,,,
nonofficiating,,,[网络] 非正式,,,,,0,0,,,
nonogesimal point,,,黄平象限,,,,,0,0,,,
nonogram,,,[网络] 图形密码；逻辑涂鸦；发现小花,,,,,0,0,,,
nonograms,,,[网络] 数织；数字画；数图,,,,,0,0,,,
nonohmic,nɔn'əumik,,adj. [电工学]非欧姆的,,,,,0,0,,,
nonoic,,,[网络] 非语言,,,,,0,0,,,
nonoic acid,,,[化] 壬酸,,,,,0,0,,,
Nonoichi,,,[地名] 野野市 ( 日 ),,,,,0,0,,,
nonoil,,,adj. 非石油的,,,,,0,0,,,
nonoil developing countries,,,[贸易] 不产油的发展中国家,,,,,0,0,,,
nonoil export,,,非石油出口,,,,,0,0,,,
nonoiled,,,[网络] 涂油,,,,,0,0,,,
nonoily,,,[网络] 不油腻,,,,,0,0,,,
nonokynol-9,,,壬苯聚醇(杀精子剂),,,,,0,0,,,
nonold,,,[网络] 非现象,,,,,0,0,,,
Nonole,,,九连音；九连音符,,,,,0,0,,,
nonoleaginous,'nɔnәuli'ædʒinәs,,非油质[性]的,,,,,0,0,,,
nonolfactory,,,[网络] 不好意思,,,,,0,0,,,
nonoliguric,,,非少尿的,,,,,0,0,,,
nonomino,,,[网络] 九格骨牌,,,,,0,0,,,
nonominoes,,,[网络] 九连骨牌,,,,,0,0,,,
nonomiya,,,[网络] 野宫神社,,,,,0,0,,,
nonomnipotence,,,[网络] 非功能性,,,,,0,0,,,
nonomnipotent,,,[网络] 非功能性,,,,,0,0,,,
nonomniscience,,,[网络] 非科学,,,,,0,0,,,
nonomniscient,,,[网络] 无知的,,,,,0,0,,,
Nonomuria,,,野野村氏菌属,,,,,0,0,,,
nononcogenic,,,非致瘤的,,,,,0,0,,,
nononcologic,,,[网络] 非肿瘤,,,,,0,0,,,
nonono,,,[网络] 不不不；温柔；酬劳,,,,,0,0,,,
Nononoxynoe,,,壬苯醇醚,,,,,0,0,,,
nononsense,'nәu'nɒnsens,,"a. 不开玩笑的, 正经的",,,,,0,0,,,
nonontological,,,[网络] 非牙科学,,,,,0,0,,,
nonoolitic,,,[网络] 非醇酸,,,,,0,0,,,
nonopacity,,,[网络] 无力,,,,,0,0,,,
nonopalescent,,,[网络] 非营养,,,,,0,0,,,
nonopaqu,,,"透X社连,透光的",,,,,0,0,,,
nonopaque,,,"[医] 透X线的, 透光的",,,,,0,0,,,
nonopaque mineral,,,透光矿物,,,,,0,0,,,
nonopen,,,不开放的,,,,,0,0,,,
nonopen port,,,非开放港口,,,,,0,0,,,
nonopen type,,,[网络] 永闭式,,,,,0,0,,,
nonopening,,,un. 不开孔,,,,,0,0,,,
nonopening side light,,,[网络] 固定舷窗,,,,,0,0,,,
nonopening side scuttle,,,[网络] 固定舷窗,,,,,0,0,,,
nonopenness,nɒ'nɒpənəs,,非公开性,,,,,0,0,,,
nonopera,,,[网络] 非操作,,,,,0,0,,,
nonoperable instruction,,,[电] 非操作指令,,,,,0,0,,,
nonoperate value,,,"不吸起值,不工作值",,,,,0,0,,,
nonoperate zone,,,[电] 不工作区,,,,,0,0,,,
nonoperatic,,,[网络] 非手术,,,,,0,0,,,
nonoperating,'nɔn'ɔpәreitiŋ,,"非营业性的, 营业外的, 非作业的",,,,,0,0,,,
nonoperating ampere turn,,,不吸安匝,,,,,0,0,,,
nonoperating asset,,,[网络] 非营业资产,,,,,0,0,,,
nonoperating charges,,,[网络] 非生产开支,,,,,0,0,,,
nonoperating company,,,非营业公司,,,,,0,0,,,
nonoperating cost,,,非营业成本，营业外成本,,,,,0,0,,,
nonoperating current,,,"不吸动[不操作,不工作]电流",,,,,0,0,,,
nonoperating earnings,,,营业外收益,,,,,0,0,,,
nonoperating expense,,,营业外费用,,,,,0,0,,,
nonoperating expenses,,, 非业务费用，非营业费用,,,,,0,0,,,
nonoperating income,,,非营业收入,,,,,0,0,,,
nonoperating item,,,非营业项目，营业外项目,,,,,0,0,,,
nonoperating loss,,,[网络] 非生产性损失,,,,,0,0,,,
nonoperating outlay,,,营业外支出,,,,,0,0,,,
nonoperating profit and loss,,,[网络] 非营业损益,,,,,0,0,,,
nonoperating property,,,非营业财产,,,,,0,0,,,
nonoperating revenue,,,非营业收入,,,,,0,0,,,
nonoperation,,,保守治疗,,,,,0,0,,,
nonoperation time,,,不工作时间,,,,,0,0,,,
nonoperational,,,[网络] 非操作性,,,,,0,0,,,
nonoperational attrition,,,非战斗损耗,,,,,0,0,,,
nonoperational cost,,,非业务费用,,,,,0,0,,,
nonoperational mode,,,非操作模式,,,,,0,0,,,
nonoperative,'nɔn'ɔpәrәtiv,,"不工作的, 无效的",,,,,0,0,,,
nonoperative cable credit,,,不可凭使用电报信用证,,,,,0,0,,,
nonoperative ranks,,,非员工阶级,,,,,0,0,,,
nonoperatively,,,[网络] 非手术,,,,,0,0,,,
nonoperator,,,[网络] 非操作者,,,,,0,0,,,
nonoperators,,,[网络] 非运营商,,,,,0,0,,,
nonoperculate,'nɔnәu'pә:kjulit,,无盖的,,,,,0,0,,,
nonoperculated,,,[网络] 不计算,,,,,0,0,,,
nonophthalmic,,,[网络] 非眼科,,,,,0,0,,,
nonopinionated,,,[网络] 无毒,,,,,0,0,,,
nonopioid,,,[网络] 非阿片类,,,,,0,0,,,
nonopioids,,,[网络] 非阿片类药物；非鸦片類药剂；非阿片类止痛药,,,,,0,0,,,
nonopportunistic,,,[网络] 非机会性,,,,,0,0,,,
nonopposable,,,[网络] 不可配置,,,,,0,0,,,
nonopposed,,,[网络] 非对抗,,,,,0,0,,,
nonopposing,,,[网络] 无意义,,,,,0,0,,,
nonopposition,,,[网络] 非定位,,,,,0,0,,,
nonoppositional,,,[网络] 非定位,,,,,0,0,,,
nonoppressed,,,[网络] 没有压制,,,,,0,0,,,
nonoppression,,,[网络] 无压力,,,,,0,0,,,
nonoppressive,,,[网络] 非压抑性,,,,,0,0,,,
nonopsonic,,,[网络] 无声,,,,,0,0,,,
nonopsonized,,,[网络] 非手术,,,,,0,0,,,
nonopsonizing,,,非受调理素作用,,,,,0,0,,,
nonoptical,,,[网络] 非光学测量,,,,,0,0,,,
nonoptimal,,,[网络] 非最优；非最佳的,,,,,0,0,,,
nonoptimal output coupling,,,非最佳输出耦合,,,,,0,0,,,
nonoptimal path,,, [计]非最佳通路[路径],,,,,0,0,,,
nonoptimal value,,,非最佳值,,,,,0,0,,,
nonoptimality,,,[网络] 外在性与竞争结果的非佳性,,,,,0,0,,,
nonoptimizable,,,[网络] 不可优化,,,,,0,0,,,
nonoptimized,,,[网络] 未最佳化,,,,,0,0,,,
nonoptimum time constants,,,非最佳时间常数,,,,,0,0,,,
nonoption,,,[网络] 非选择,,,,,0,0,,,
nonoptional,'nɔn'ɔpʃәnl,,没有选择的,,,,,0,0,,,
nonoral,,,[网络] 非法的,,,,,0,0,,,
nonorally,,,[网络] 非诺,,,,,0,0,,,
nonorange,,,[网络] 非法兰克,,,,,0,0,,,
nonorbital,,,[网络] 非轨道,,,,,0,0,,,
nonorchestral,,,[网络] 非管弦乐,,,,,0,0,,,
nonordained,,,[网络] 无序,,,,,0,0,,,
nonorderable,,,[网络] 不顺序,,,,,0,0,,,
nonordered,,,[网络] 无序的,,,,,0,0,,,
nonorderly,,,[网络] 非常顺利,,,,,0,0,,,
nonordinal,,,[网络] 非线性,,,,,0,0,,,
nonordinary,,,[网络] 非常态,j:100,,,,0,0,,,
nonordinary stream,,,非普通流,,,,,0,0,,,
nonorganic,,,[网络] 无机,,,,,0,0,,,
nonorganic failure to thrive,,,非器质性成长迟缓,,,,,0,0,,,
nonorganic psychosis,,,非器质性精神病,,,,,0,0,,,
nonorganically,,,[网络] 无组织地,,,,,0,0,,,
nonorganics,,,[网络] 无机物,,,,,0,0,,,
nonorganism,,,[网络] 非有机体,,,,,0,0,,,
nonorganisms,,,[网络] 无机体,,,,,0,0,,,
nonorganizational,,,[网络] 非组织性,,,,,0,0,,,
nonorganized,,,[网络] 无组织,,,,,0,0,,,
nonorganometallic,,,[网络] 无机金属,,,,,0,0,,,
nonorgasmic,",nɔnɔ:'^æzmik",,a. & n.不能进入情欲高潮的(人),,,,,0,0,,,
nonorgenic,,,非构造的,,,,,0,0,,,
nonorientable,'nɔn'ɔ:riәntәbl,,不可定向的,,,,,0,0,,,
nonorientable manifold,,,无赋向流形,,,,,0,0,,,
nonorientable surface,ˈnɔnˈɔ:riəntəbl ˈsə:fis,, 不可定向的曲面,,,,,0,0,,,
nonoriented,,,[网络] 非晶粒取向,,,,,0,0,,,
nonoriented communication network,,,无向通讯网,,,,,0,0,,,
nonoriginal,,,[网络] 非原件,,,,,0,0,,,
nonoriginalist,,,[网络] 非原创者,,,,,0,0,,,
nonoriginalists,,,[网络] 非原创者,,,,,0,0,,,
nonoriginating content,,,非本国含量,,,,,0,0,,,
nonornamental,,,[网络] 非关键,,,,,0,0,,,
nonornithodiran,,,[网络] 非诺奈德兰,,,,,0,0,,,
nonorphan,,,[网络] 非孤儿,,,,,0,0,,,
nonorphaned,,,[网络] 非孤儿,,,,,0,0,,,
nonorphans,,,[网络] 非孤儿,,,,,0,0,,,
nonorthodox,,,[网络] 非正统,,,,,0,0,,,
nonorthogonal,'nɔnɔ:'θɔ^әnl,,非正交的,,,,,0,0,,,
nonorthogonal axes,,,非正交轴,,,,,0,0,,,
nonorthogonal check sum,,,[计] 非正交校验和,,,,,0,0,,,
nonorthogonal comparison,,,非正交比较,,,,,0,0,,,
nonorthogonal coordinates,,,非正交坐标,,,,,0,0,,,
nonorthogonal data,,,非正交性数据,,,,,0,0,,,
nonorthogonal layout shape,,,非正交布置形状,,,,,0,0,,,
nonorthogonality,'nɔnɔ:θә^ә'næliti,,非正交性,,,,,0,0,,,
nonorthographic,,,[网络] 非矫正,,,,,0,0,,,
nonorthologous,,,[网络] 非病态,,,,,0,0,,,
nonorthorhombic,,,[网络] 无符号,,,,,0,0,,,
nonos,,,[网络] 经典；韩佳微,,,,,0,0,,,
nonoscillating,'nɔn'ɔsileitiŋ,,"不振荡 (的), 不摆动 (的)",,,,,0,0,,,
nonoscillating state,,,非振荡状态,,,,,0,0,,,
nonoscillatory,'nɔn'ɔsileitәri,s not having periodic vibrations,"不摆动的, 不波动的",,,,,0,0,,,
nonoscillatory acceleration,,,非振盪加速度,,,,,0,0,,,
nonoscillatory control response,,,[电子] 非振荡控制响应特性,,,,,0,0,,,
nonose,,,[化] 壬糖\n[医] 壬糖,,,,,0,0,,,
nonosecond,,,n. 十亿分之一秒,,,,,0,0,,,
nonoses,'nәunәusiz,,[生化]壬糖,,,,,0,0,,,
nonosmium,,,[网络] 非锇,,,,,0,0,,,
nonosmotic,,,[网络] 不渗透,,,,,0,0,,,
nonosseous,,,[网络] 非骨质,,,,,0,0,,,
nonossifying,,,[网络] 非骨化性,,,,,0,0,,,
nonossifying fibroma,,,非骨化性纤维瘤,,,,,0,0,,,
nonostentatious,,,[网络] 不自觉的,,,,,0,0,,,
nonosteogenic,,,[网络] 可诱导非骨源性,,,,,0,0,,,
nonosteogenic fibroma,,,非骨化性纤维瘤,,,,,0,0,,,
Nonosteonal,,,非骨单位的,,,,,0,0,,,
nonosteoporotic,,,[网络] 非骨质疏松,,,,,0,0,,,
nonostiolate,,,[网络] 非甾体,,,,,0,0,,,
nonother,,,[网络] 不，不是她,,,,,0,0,,,
nonothers,,,[网络] 非其他,,,,,0,0,,,
nonotological,,,[网络] 非毒性,,,,,0,0,,,
Nonouti Atoll,,,[地名] 诺诺乌蒂环礁 ( 基里 ),,,,,0,0,,,
nonoutlet,,,[网络] 非出口,,,,,0,0,,,
nonoutlier,,,[网络] 非过期,,,,,0,0,,,
nonoutliers,,,[网络] 非超出,,,,,0,0,,,
nonoutlying,,,[网络] 不规则,,,,,0,0,,,
nonoutput,,,[网络] 非输出,,,,,0,0,,,
nonoval,,,[网络] 非常,,,,,0,0,,,
nonovalytic,,,[网络] 不分解蛋白的,,,,,0,0,,,
nonovarian,,,[网络] 非兽人,,,,,0,0,,,
nonoverflow dam,,,不溢流坝,,,,,0,0,,,
nonoverflow entry,,,非溢出项,,,,,0,0,,,
nonoverflow entry position,,,非溢出项位置,,,,,0,0,,,
nonovergrown,,,[网络] 非越野,,,,,0,0,,,
nonoverhanging,,,[网络] 不停的,,,,,0,0,,,
nonoverlaid,nɔnəuvəˈleid,,adj. 非覆盖的,,,,,0,0,,,
nonoverlap,,,[网络] 不重叠,,,,,0,0,,,
nonoverlap mode,,,[计] 非重叠方式,,,,,0,0,,,
nonoverlapped,,,[网络] 非重叠的；同步；同步方式,,,,,0,0,,,
nonoverlapping,'nɔnәuvә'læpiŋ,,不相重叠的,,,,,0,0,,,
nonoverlapping interval,,,[数] 非重叠区间,,,,,0,0,,,
nonoverlapping intervals,,,非重叠区间,,,,,0,0,,,
nonoverlapping line approximation,,,非重叠线近似,,,,,0,0,,,
nonoverlapping operation,,,非重叠操作,,,,,0,0,,,
nonoverlapping sets,,,非重叠集,,,,,0,0,,,
nonoverlapping spatial multiplexing,,,非重叠空间多路传输,,,,,0,0,,,
nonoverlapping triplet,,,非重叠三联体,,,,,0,0,,,
nonoverlayed main program link,,,非覆盖主程式链接,,,,,0,0,,,
nonoverload,,,不过载,,,,,0,0,,,
nonoverloaded,,,[网络] 未经过加载,,,,,0,0,,,
nonoverloading,'nɔn'әuvә'lәudiŋ,,不超载的,,,,,0,0,,,
nonovernight,,,[网络] 非通宵,,,,,0,0,,,
nonoverridable,,,[网络] 不可逾越的,,,,,0,0,,,
nonoverridden,,,[网络] 不可避免,,,,,0,0,,,
nonovert,,,[网络] 非转换,,,,,0,0,,,
nonovigerous,,,[网络] 无风味,,,,,0,0,,,
nonovoid,,,[网络] 无弹性,,,,,0,0,,,
nonovolytic,,,[医] 非分解卵白的,,,,,0,0,,,
nonovul,,,诺诺鸟,,,,,0,0,,,
nonovulating,,,[网络] 无排卵,,,,,0,0,,,
nonovulation,,,[网络] 无排卵,,,,,0,0,,,
nonovulational,,,[网络] 非运动型,,,,,0,0,,,
nonovulational menstruation,,,"[医] 无卵性月经, 不排卵性月经",,,,,0,0,,,
nonovulatory,,,[网络] 非排卵,,,,,0,0,,,
nonowner,,,[法] 非所有人,,,,,0,0,,,
nonowners,,,[网络] 非所有者,,,,,0,0,,,
nonownership,,,非股权式,,,,,0,0,,,
Nonox,,,[化] (商)系列防老剂的商品名,,,,,0,0,,,
nonoxalic,,,[网络] 非草药,,,,,0,0,,,
nonoxidation,'nɔnɔksi'deiʃәn,,无氧化,,,,,0,0,,,
nonoxidative,,,adj. 〔化〕无氧化的,,,,,0,0,,,
nonoxide glass,,,[玻璃] 非氧化物玻璃,,,,,0,0,,,
nonoxide glass semiconductor,,,[电子] 非氧化物玻璃半导体,,,,,0,0,,,
nonoxidised,,,[网络] 非氧化,,,,,0,0,,,
nonoxidising,,,[网络] 非氧化,,,,,0,0,,,
nonoxidizability,nɒnɒksɪdaɪzə'bɪlɪtɪ,,n. 不可氧化性,,,,,0,0,,,
nonoxidizable,'nɔn'ɔksidaizәbl,,a. 不能氧化的,,,,,0,0,,,
nonoxidized,,,[网络] 非氧化,,,,,0,0,,,
nonoxidizing,,,un. 不氧化的,,,,,0,0,,,
nonoxidizing atmosphere,,,[冶] 无氧化气氛,,,,,0,0,,,
nonoxinol,,,壬苯醇醚,,,,,0,0,,,
nonoxygen,,,[网络] 无氧,,,,,0,0,,,
nonoxygenated,,,[网络] 无氧化,,,,,0,0,,,
nonoxygenic,,,[网络] 无氧的,,,,,0,0,,,
nonoxygenous,,,[网络] 无氧的,,,,,0,0,,,
nonoxynol,,,[化] 壬苯醇醚,,,,,0,0,s:nonoxynols,,
nonoxynol nonylphenoxy-polyethoxyethanol,,,壬苯醇醚,,,,,0,0,,,
nonoxynol-9,nɔˈnɔksiˌnɔlˈnain,,n. （避孕用品中的）杀精子剂,,,,,0,0,,,
nonoxynols,,,[网络] 壬基苯酚系；壬基酚聚醚,,,,,0,0,0:nonoxynol/1:s,,
nonoxynolum,,,壬苯醇醚,,,,,0,0,,,
nonozone,,,[网络] 只有我,,,,,0,0,,,
nonpacific,,,[网络] 非广泛的,,,,,0,0,,,
nonpackaged,,,[网络] 非包装,,,,,0,0,,,
nonpackaging,,,[网络] 非包装,,,,,0,0,,,
nonpacked,,,[网络] 不包装,,,,,0,0,,,
nonpacked cargo,,,[网络] 非包装货,,,,,0,0,,,
nonpacket mode,,,非包模式,,,,,0,0,,,
nonpacket mode data terminal equipment,,,非分封式资料终端设备,,,,,0,0,,,
nonpacket mode terminal,,,非包模式终端,,,,,0,0,,,
nonpadded,,,[网络] 非填充方式,,,,,0,0,,,
nonpagable dynamic area,,,不可分页动态区,,,,,0,0,,,
nonpagable partition,,,不可分页分区,,,,,0,0,,,
nonpagable region,,,不可分页区域,,,,,0,0,,,
nonpagan,,,[网络] 非典型,,,,,0,0,,,
nonpagans,,,[网络] 非吸食者,,,,,0,0,,,
nonpageable,'nɒnpɪdʒeɪbl,,n.非分页,,,,,0,0,,,
nonpageable area,,,不可分页区,,,,,0,0,,,
nonpageable dynamic area,,,不可调页动态区;非可分页面的动态区,,,,,0,0,,,
nonpageable partition,,,非可分页面部分;不可调页分区,,,,,0,0,,,
nonpageable region,,,不可调页区;非可分页面区域,,,,,0,0,,,
nonpaged,,,[网络] 未分页；分页内存；非页面,,,,,0,0,,,
nonpaged computer system,,,非分页式计算机系统,,,,,0,0,,,
nonpaged pool,,,[计] 非页面池,,,,,0,0,,,
nonpaged pool bytes,,,未分页集区位元组,,,,,0,0,,,
nonpaginated,,,[网络] 未分配,,,,,0,0,,,
nonpaging,,,[网络] 不分页,,,,,0,0,,,
nonpaid,,,[网络] 非支付,,,,,0,0,,,
nonpainful,,,[网络] 不伤心,,,,,0,0,,,
nonpaint,,,[网络] 不粘,,,,,0,0,,,
nonpainted,,,[网络] 无画,,,,,0,0,,,
nonpainting,,,[网络] 非绘画,,,,,0,0,,,
nonpaired,,,[网络] 孤对电子,,,,,0,0,,,
nonpaired data,,,非配对数据,,,,,0,0,,,
nonpairing,,,[网络] 不配对,,,,,0,0,,,
nonpairwise,,,[网络] 非对等,,,,,0,0,,,
nonpalatability,,,[网络] 不平等,,,,,0,0,,,
nonpalatable,,,[网络] 不可口,,,,,0,0,,,
nonpalatal,,,[网络] 非生产性,,,,,0,0,,,
nonpalindromic,,,[网络] 非标准,,,,,0,0,,,
nonpalindromic helix,,,[生化] 非回纹状螺旋,,,,,0,0,,,
nonpalliative,,,[网络] 非姑息的,,,,,0,0,,,
nonpalmar,,,[网络] 非标准,,,,,0,0,,,
nonpalmate,,,[网络] 非同居者,,,,,0,0,,,
nonpalmitylated,,,[网络] 不妥协,,,,,0,0,,,
nonpalpable,,,[网络] 触诊,,,,,0,0,,,
nonpancreatic,,,[网络] 非胰腺,,,,,0,0,,,
nonpanoramic,,,[网络] 非全景,,,,,0,0,,,
nonpapal,,,[网络] 非标准,,,,,0,0,,,
nonpaper,,,[网络] 非纸,,,,,0,0,,,
nonpapillary,,,adj. 非乳突状的,,,,,0,0,,,
nonpapillate,,,[网络] 非刺激性,,,,,0,0,,,
nonpapist,,,[网络] 非专利,,,,,0,0,,,
nonpapists,,,[网络] 非反对者,,,,,0,0,,,
nonpapular,,,[网络] 非典型,,,,,0,0,,,
nonpar,,,[网络] 不对,,,,,0,0,,,
nonparabolic,'nɔnpærә'bɔlik,,非抛物线形的,,,,,0,0,,,
nonparabolicity,,,[网络] 非抛物线性,,,,,0,0,,,
nonparacompact,,,[网络] 非相容性,,,,,0,0,,,
nonparadigmatic,,,[网络] 非政治性,,,,,0,0,,,
nonparadox,,,[网络] 非悖论,,,,,0,0,,,
nonparadoxes,,,[网络] 非矛盾,,,,,0,0,,,
nonparadoxical,,,[网络] 不自相矛盾,,,,,0,0,,,
nonparaffin,,,[网络] 非石蜡,,,,,0,0,,,
nonparallel,'nɔn'pærәlel,s of or relating to the sequential performance of multiple operations\ns (of e.g. lines or paths) not parallel; converging,非平行的,,,,,0,0,,,
nonparallel lines,,,非平行线,,,,,0,0,,,
nonparallel train graph,,,un. 非平行运行图,,,,,0,0,,,
nonparallelism,'nɔn'pærәlelizm,,不平行度,,,,,0,0,,,
nonparallelizable,,,[网络] 不可并行化,,,,,0,0,,,
nonparallelized,,,[网络] 非平行化,,,,,0,0,,,
nonparalytic,nɒnpərə'lɪtɪk,,[医]非麻痹的，非瘫痪的,,,,,0,0,,,
nonparalytic poliomyelitis,,,非瘫痪性脊髓灰质炎,,,,,0,0,,,
nonparalyzed,,,[网络] 非瘫痪,,,,,0,0,,,
nonparamagnetic,,,[网络] 非顺磁性,,,,,0,0,,,
nonparameter decision theoretic classification,,,[计] 非参数决策理论分类方法,,,,,0,0,,,
nonparameter test,,,[化] 非参数检验,,,,,0,0,,,
nonparameterizable,,,[网络] 非参数化,,,,,0,0,,,
nonparameterized,,,[网络] 无参,,,,,0,0,,,
nonparametric,'nɔnpærә'metrik,a not involving an estimation of the parameters of a statistic,a. [统]非参数的,,,,,0,0,,,
nonparametric analysis,,,无母数分析,,,,,0,0,,,
nonparametric Bayesian estimation,,,非参数贝叶斯估计,,,,,0,0,,,
nonparametric bootstrap,,,无母数自助重抽法；无母数靴拔重抽法,,,,,0,0,,,
nonparametric classification,,,非参数分类,,,,,0,0,,,
nonparametric comparison,,,非参数比较,,,,,0,0,,,
nonparametric confidence interval,,,[统计] 非参数置信区间,,,,,0,0,,,
nonparametric decision rule,,,[计] 非参数决策法则,,,,,0,0,,,
nonparametric decision theoretic classification,,,非参数决策理论分类,,,,,0,0,,,
nonparametric decision theory,,,非参数决策理论,,,,,0,0,,,
nonparametric detection,,,[数] 非参量检测,,,,,0,0,,,
nonparametric detector,,,[电子] 非参量检测器,,,,,0,0,,,
nonparametric estimation,,,非参数估计,,,,,0,0,,,
nonparametric family,,,非参数族,,,,,0,0,,,
nonparametric geostatistics,,,[地质] 非参数地质统计学,,,,,0,0,,,
nonparametric hypothesis,,,非参数假设,,,,,0,0,,,
nonparametric induction,,,[统计] 非参数归纳,,,,,0,0,,,
nonparametric inference,,,非参数推断,,,,,0,0,,,
nonparametric job model,,,非参数工件模型,,,,,0,0,,,
nonparametric method,,,非参数方法,,,,,0,0,,,
nonparametric method in statistics,,,[统计] 非参数统计法,,,,,0,0,,,
nonparametric methods,,,[数] 非参数法,,,,,0,0,,,
nonparametric model,,,非参数模型,,,,,0,0,,,
nonparametric one sample model,,,[统计] 非参数单样本模型,,,,,0,0,,,
nonparametric one-sample model,,,非参数单样本模型,,,,,0,0,,,
nonparametric regression,,,非参数回归,,,,,0,0,,,
nonparametric sequential analysis,,,[统计] 非参数序贯分析,,,,,0,0,,,
nonparametric statistic,,,[网络] 检验和非参数统计方法,,,,,0,0,s:nonparametric statistics,,
nonparametric statistical method,,,非参数统计方法,,,,,0,0,,,
nonparametric statistics,ˈnɔnpærəˈmetrik stəˈtistiks,, 非参数统计; 非参变量性统计,,,,,0,0,s:nonparametric statisticss,,
nonparametric statisticss,,, 非参数统计; 非参变量性统计\n(nonparametric statistics 的复数),,,,,0,0,0:nonparametric statistics/1:s,,
nonparametric technique,,,非参数方法,,,,,0,0,,,
nonparametric test,,,非参数检验,,,,,0,0,,,
nonparametric testing,,,无母数检定,,,,,0,0,,,
nonparametric tests,,,无母数检定,,,,,0,0,,,
nonparametric tolerance interval,,,[统计] 非参数容许区间,,,,,0,0,,,
nonparametric tolerance limit,,,非参数容许限,,,,,0,0,,,
nonparametric tolerance limits,,,非参数容许限,,,,,0,0,,,
nonparametric training,,,非参数训练,,,,,0,0,,,
nonparametric training method,,,[自] 非参数训练法,,,,,0,0,,,
nonparametric two-sample model,,,[统计] 非参数双样本模型,,,,,0,0,,,
nonparametrically,,,[网络] 非参数式,,,,,0,0,,,
nonparaneoplastic,,,[网络] 非对肿瘤,,,,,0,0,,,
nonparanoid,,,[网络] 非偏执,,,,,0,0,,,
nonparanoids,,,[网络] 非偏执狂,,,,,0,0,,,
nonparanormal,,,[网络] 非正常,,,,,0,0,,,
nonparaplegic,,,[网络] 非直肠,,,,,0,0,,,
nonparasite,,,[网络] 非寄生虫,,,,,0,0,,,
nonparasites,,,[网络] 非寄生虫,,,,,0,0,,,
nonparasitic,'nɔnpærә'sitik,s not parasitic on another organism,非寄生的,,,,,0,0,,,
nonparasitic sycosis,,,"[医] 非寄生性须疮, 球菌性须疮",,,,,0,0,,,
nonparasitized,,,[网络] 非临时化,,,,,0,0,,,
nonparasitological,,,[网络] 非寄生性,,,,,0,0,,,
nonparaxial,,,[网络] 非傍轴,,,,,0,0,,,
nonparaxial bpm,,,非近轴光束传播法；非近轴 BPM,,,,,0,0,,,
nonparaxiality,,,[网络] 非同轴性,,,,,0,0,,,
nonpareil,'nɔnpәrәl,n. colored beads of sugar used as a topping on e.g. candies and cookies\nn. a flat disk of chocolate covered with beads of colored sugar,"a. 无比的, 无上的\nn. 完美无比的人, 举世无双的人/物, 完美无比的物",n:100,,,gre,0,39821,s:nonpareils,,
nonpareils,.nɒnpə'reɪl,,n. 无比的人[东西]；【印】六点  活字；粘有小白糖珠的巧克力糖\nadj. 无双的；无上的\n[网络] 蔗糖小丸,,,,,0,0,0:nonpareil/1:s,,
nonparell,,,糕点彩饰糖粒，糖粒巧克力,,,,,0,0,,,
nonparenchymal,,,[网络] 非实质的,,,,,0,0,,,
nonparent,,,[网络] 不明朗,,,,,0,0,,,
nonparental,,,[网络] 非亲戚,,,,,0,0,,,
nonparental ditype tetrad,,,非亲代双型四分子,,,,,0,0,,,
nonparenteral,nɒnpə'rəntərəl,,[医]非注射用的,,,,,0,0,,,
nonparenthetical,,,[网络] 不重要的,,,,,0,0,,,
nonparenting,,,[网络] 不明朗,,,,,0,0,,,
nonparents,,,[网络] 非父母,,,,,0,0,,,
nonparish,,,[网络] 不客气,,,,,0,0,,,
nonparity,,,[网络] 无位元；无同位；无校验,,,,,0,0,,,
nonpark,,,[网络] 非公园,,,,,0,0,,,
nonparkinsonian,,,[网络] 非帕金森病,,,,,0,0,,,
nonparliamentary,,,[网络] 非议会,,,,,0,0,,,
nonparochial,,,[网络] 非直肠癌,,,,,0,0,,,
nonparous,nɔn'pærәs,,"a. 未生育过的, 未生过婴儿的",,,,,0,0,,,
nonparoxysmal,,,非发作性的,,,,,0,0,,,
nonparoxysmal tachycardia,,,非阵发性心动过速,,,,,0,0,,,
nonparsed,,,[网络] 不打扰,,,,,0,0,,,
nonparsing,,,[网络] 无解,,,,,0,0,,,
nonparthenogenetic,,,[网络] 非遗传性,,,,,0,0,,,
nonpartial,,,[网络] 非公开的,,,,,0,0,,,
nonparticipant,",nɔnpɑ:'tisipәnt",n a person who does not participate,n. 未参加者,,,,,0,0,s:nonparticipants,,
nonparticipants,,,[网络] 非参与者,,,,,0,0,0:nonparticipant/1:s,,
nonparticipating,.nɒnpә'tisipeitiŋ,,"a. 未参加的, 无分红权的",,,,,0,0,,,
nonparticipating preferred stock,,,非参加优先股,,,,,0,0,,,
nonparticipation,"'nɔnpɑ:,tisi'peiʃәn",n withdrawing from the activities of a group,"n. 不参与, 不参加",,,,,0,0,s:nonparticipations,,
nonparticipations,",nɑnpɚ,tɪsə'peʃən",,n. 不参与；不参加,,,,,0,0,0:nonparticipation/1:s,,
nonparticipative,,,[网络] 非参与式,,,,,0,0,,,
nonparticipator,,,"n. 不参加,无分红权者",,,,,0,0,,,
nonparticipators,,,[网络] 非参与者,,,,,0,0,,,
nonparticipatory,,,[网络] 民主制都是非参与性的,,,,,0,0,,,
nonparticipial,,,[网络] 非本地,,,,,0,0,,,
nonparticularistic,,,[网络] 非特异性,,,,,0,0,,,
nonparticulate,,,[网络] 无微粒,,,,,0,0,,,
nonparticulate radiation,,,[网络] 非微粒辐射,,,,,0,0,s:nonparticulate radiations,,
nonparticulate radiations,,,[网络] 非微粒辐射\n(nonparticulate radiation 的复数),,,,,0,0,0:nonparticulate radiation/1:s,,
nonparties,,,[网络] 非伙伴,,,,,0,0,,,
nonpartisan,,n. a person who is nonpartisan\na. free from party affiliation or bias,"a. 超党派的, 不支持任何党派的, 不受任何党派影响的, 不受任何党派控制的",j:100,,,,0,13130,s:nonpartisans,,
nonpartisan election,,,[法] 无党派选举,,,,,0,0,,,
Nonpartisan League,,,非党派同盟,,,,,0,0,,,
nonpartisans,,,[网络] 无党派,,,,,0,0,0:nonpartisan/1:s,,
nonpartisanship,,n an inclination to weigh both views or opinions equally,n. nonpartisan的变形,n:100,,,,0,43926,s:nonpartisanships,,
nonpartisanships,",nɔnpɑ:ti'zæn; nɔn'pɑ:tizən",,"nonpartisanship\nn.\nnonpartisan的变形\nnonpartisan\n[,nɔnpɑ:ti'zæn; nɔn'pɑ:tizən]\nadj.\n无党派的，超党派的\n不受任何党派控制(或影响)的\n无偏袒的\nn.\n无党派的人 [亦作 nonpartizan]",,,,,0,0,0:nonpartisanship/1:s,,
nonpartitionable,,,[网络] 不可分,,,,,0,0,,,
nonpartitioned,,,[网络] 非分区的；未分区,,,,,0,0,,,
nonpartitive,,,[网络] 非典型,,,,,0,0,,,
nonpartizan,nɒn'pɑ:tɪzən,n a person who is nonpartisan\na free from party affiliation or bias,"a. 无党无派的, 超乎党派的",,,,,0,0,s:nonpartizans,,
nonpartizans,,,"a. 无党无派的, 超乎党派的\n(nonpartizan 的复数)",,,,,0,0,0:nonpartizan/1:s,,
nonpartizanship,",nɔnpɑ:ti'zæn; nɔn'pɑ:tizən",,"nonpartizanship\nn.\nnonpartisan的变形\nnonpartisan\n[,nɔnpɑ:ti'zæn; nɔn'pɑ:tizən]\nadj.\n无党派的，超党派的\n不受任何党派控制(或影响)的\n无偏袒的\nn.\n无党派的人 [亦作 nonpartizan]",,,,,0,0,,,
nonparturient,,,[网络] 非生物,,,,,0,0,,,
nonparturition,,,[网络] 无产品,,,,,0,0,,,
nonparturitive,,,[网络] 无产阶级,,,,,0,0,,,
nonparty,nɒn'pɑ:ti,,"a. 不偏不倚的, 无党派的, 不受任何党派控制的",,,,,0,0,,,
nonpassage,,,[通信] 闭塞,,,,,0,0,,,
nonpassage of signal,,,信号闭塞,,,,,0,0,,,
nonpassage of signals,,,信号不通，信号闭塞,,,,,0,0,,,
nonpassenger,,,[网络] 非乘客,,,,,0,0,,,
nonpassenger ship,,,[网络] 非客轮,,,,,0,0,,,
nonpassengers,,,[网络] 非乘客,,,,,0,0,,,
nonpasserine,nɔn'pæsәrain,a relating to or characteristic of birds that are not perching birds,a. [鸟]非雀形目的,,,,,0,0,,,
nonpasserine bird,,,[网络] 非鸟类鸟,,,,,0,0,s:nonpasserine birds,,
nonpasserine birds,,,[网络] 非鸟类鸟\n(nonpasserine bird 的复数),,,,,0,0,0:nonpasserine bird/1:s,,
nonpasserines,nɔn'pæsərain,,adj.\n【鸟类】非雀形目的,,,,,0,0,,,
nonpassing,,,un. 禁止通行的,,,,,0,0,,,
nonpassing zone,,,禁止超车区段,,,,,0,0,,,
nonpassionate,,,[网络] 非激情,,,,,0,0,,,
nonpassive,,,[网络] 非消极,,,,,0,0,,,
nonpassivity,,,[网络] 非常性,,,,,0,0,,,
nonpassivizable,,,[网络] 无法使用,,,,,0,0,,,
nonpast,,,[网络] 采用非线性主分量,,,,,0,0,,,
nonpasta,,,[网络] 非典型,,,,,0,0,,,
nonpasteurized,,,[网络] 非巴氏杀菌,,,,,0,0,,,
nonpasteurized vinegar,,,未杀菌的醋,,,,,0,0,,,
nonpastoral,,,[网络] 非传统,,,,,0,0,,,
nonpasture,,,[网络] 不口味,,,,,0,0,,,
nonpatent,,,[网络] 隐蔽性的,,,,,0,0,,,
nonpatentability,,,[网络] 非专利性,,,,,0,0,,,
nonpatentable,,,[网络] 非专利,,,,,0,0,,,
nonpaternal,,,[网络] 非父母,,,,,0,0,,,
nonpaternity,,,[网络] 非亲子,,,,,0,0,,,
nonpath dependent record,,,非通路相关记录,,,,,0,0,,,
nonpathetic,,,[网络] 不客气,,,,,0,0,,,
nonpathogen,,,[网络] 非病原体；非病原菌；非病原性的微生物,,,,,0,0,,,
nonpathogenic,'nɔnpæθә'dʒenik,,"a. [医]非病原的,不致病的",,,,,0,0,,,
nonpathogenous,,,[网络] 非病原体,,,,,0,0,,,
nonpathogens,,,[网络] 乃藉助非病原性微生物,,,,,0,0,,,
nonpathologic,,,[网络] 非病理的,,,,,0,0,,,
nonpathological,,,[网络] 非病理学,,,,,0,0,,,
nonpathologically,,,[网络] 非病理学,,,,,0,0,,,
nonpathologist,,,[网络] 非病理学家,,,,,0,0,,,
nonpathologists,,,[网络] 非病理学家,,,,,0,0,,,
nonpathology,,,[网络] 非病理学,,,,,0,0,,,
nonpatient,,,[网络] 非门诊,,,,,0,0,,,
nonpatients,,,[网络] 非住院患者,,,,,0,0,,,
nonpatriarchal,,,[网络] 非父权制,,,,,0,0,,,
nonpatrilineal,,,[网络] 非线性的,,,,,0,0,,,
nonpatrol,,,[网络] 非营养,,,,,0,0,,,
nonpatron,,,[网络] 非专家,,,,,0,0,,,
nonpatronage,,,[网络] 非营养,,,,,0,0,,,
nonpatronizing,,,[网络] 非怜悯性,,,,,0,0,,,
nonpatrons,,,[网络] 非专业人士,,,,,0,0,,,
nonpattern,,,[网络] 非图案,,,,,0,0,,,
nonpatterned,,,[网络] 没有图案,,,,,0,0,,,
nonpatterns,,,[网络] 非模式,,,,,0,0,,,
nonpausal,,,[网络] 非假性,,,,,0,0,,,
nonpaved,,,[网络] 不铺,,,,,0,0,,,
nonpay,,,[网络] 非生产层,,,,,0,0,,,
nonpayee,,,[网络] 非货币,,,,,0,0,,,
nonpayees,,,[网络] 非付款,,,,,0,0,,,
nonpayer,,,[网络] 非付款,,,,,0,0,,,
nonpayers,,,[网络] 非货币,,,,,0,0,,,
nonpaying,,,非有效的；不合算的,,,,,0,0,,,
nonpayment,nɒn'peimәnt,n. loss resulting from failure of a debt to be paid,n. 不支付,n:100,1,,,0,29135,s:nonpayments,,
nonpayments,",nɔn'peimənt",n. act of failing to meet a financial obligation\nn. loss resulting from failure of a debt to be paid\nn. the deliberate act of failing to pay money,n. 拒付,,,,,0,0,0:nonpayment/1:s,,
nonpayroll,,,[网络] 非工资费用,,,,,0,0,,,
nonpeaceful,,,[网络] 不和谐,,,,,0,0,,,
nonpeak,'nɔn'pi:k,,a. 非高峰(时间)的,,,,,0,0,,,
nonpeasant,,,[网络] 非人气,,,,,0,0,,,
nonpeasants,,,[网络] 非,,,,,0,0,,,
nonpecuniary,,,[网络] 非金钱,,,,,0,0,,,
nonpecuniary factors,,,非金钱因素,,,,,0,0,,,
nonpecuniary goals,,,非金钱目的,,,,,0,0,,,
nonpedestrian,,,[网络] 非经验者,,,,,0,0,,,
nonpedestrians,,,[网络] 无反思者,,,,,0,0,,,
nonpedigree,,,[网络] 非排列,,,,,0,0,,,
nonpedunculated,,,[网络] 无节奏,,,,,0,0,,,
nonpeelable,,,[网络] 不可剥离,,,,,0,0,,,
nonpeer,,,[网络] 非同侪,,,,,0,0,,,
nonpeers,,,[网络] 非同行,,,,,0,0,,,
nonpejorative,,,[网络] 非亵渎,,,,,0,0,,,
nonpelagic,,,[网络] 无标题,,,,,0,0,,,
nonpelvic,,,[网络] 非皮肤,,,,,0,0,,,
nonpenal,,,[网络] 非内分泌,,,,,0,0,,,
nonpenalized,,,[网络] 非正规化,,,,,0,0,,,
nonpenalty,'nɔn'penlti,,"不惩罚, 无惩罚",,,,,0,0,,,
nonpenerative,,,非贯穿的,,,,,0,0,,,
nonpenetrance,,,[网络] 显；外显；非外显性,,,,,0,0,,,
nonpenetrant,nɒn'penɪtrənt,,[医]不外显者,,,,,0,0,,,
nonpenetrated,nɒn'penɪtreɪtɪd,,[医]非穿透的，非穿通的,,,,,0,0,,,
nonpenetrating,,,[网络] 非穿透的；非贯通性；非穿刺型,,,,,0,0,,,
nonpenetrating particle,,,非穿透粒子,,,,,0,0,,,
nonpenetrating wound,,,[医] 非贯通创伤,,,,,0,0,,,
nonpenetration,,,[法] 未奸入,,,,,0,0,,,
nonpenetrative,'nɔn'penitrәtiv,,[地质]非贯穿的,,,,,0,0,,,
nonpenetrative sex,,,[网络] 非穿越性,,,,,0,0,,,
nonpenicillin,,,[网络] 非青霉素,,,,,0,0,,,
nonpenile,,,[网络] 非连线,,,,,0,0,,,
nonpensionable service,,,不计养恤金的服务期间,,,,,0,0,,,
nonpensionable supplements,,,不计养恤金的补助费,,,,,0,0,,,
nonpensioner,,,[网络] 非张力器,,,,,0,0,,,
nonpensioners,,,[网络] 无张力器,,,,,0,0,,,
nonpeople,nɒn'pɜːsən,,n. 受到排挤的人；没有地位的人,,,,,0,0,0:nonperson/1:s,,
nonpeptic,,,[网络] 非消化性,,,,,0,0,,,
nonpeptide,,,[网络] 非肽,,,,,0,0,,,
nonpeptidergic,,,[网络] 非肽能,,,,,0,0,,,
nonpeptides,,,[网络] 非肽,,,,,0,0,,,
nonpeptidic,,,[网络] 非肽类,,,,,0,0,,,
nonpeptidyl,,,[网络] 非肽基,,,,,0,0,,,
nonperceived,,,[网络] 感觉不到,,,,,0,0,,,
nonperceiving,,,[网络] 不听话,,,,,0,0,,,
nonperceptible,'nɔnpә'septәbl,,非感知的,,,,,0,0,,,
nonperception,,,[网络] 不知道,,,,,0,0,,,
nonperceptive,,,[网络] 不感觉,,,,,0,0,,,
nonperceptual,,,[网络] 可感知,,,,,0,0,,,
nonperching,,,[网络] 不刺激,,,,,0,0,,,
nonpercolative,,,[网络] 非执行性,,,,,0,0,,,
nonpercussive,,,[网络] 非敲击,,,,,0,0,,,
nonperennial,,,adj. 非常年的；季节性的,,,,,0,0,,,
nonperennials,,,[网络] 非常年,,,,,0,0,,,
nonperfect,,,un. 不完全的\n[网络] 非完美群,,,,,0,0,,,
nonperfect fluid,,,不完全流体,,,,,0,0,,,
nonperfectionists,,,[网络] 非完全派,,,,,0,0,,,
nonperforated,,,[网络] 槽孔,,,,,0,0,,,
nonperformance,.nɒnpә'fɒ:mәns,n failure to act with the prudence that a reasonable person would exercise under the same circumstances,"n. 不履行, 不实行, 不实施\n[法] 不履行, 违约行为, 不给付",n:100,,,,0,43137,s:nonperformances,,
nonperformances,",nɒnpə'fɔːməns",,n. 不履行，不实行,,,,,0,0,0:nonperformance/1:s,,
nonperformative,,,[网络] 不实行,,,,,0,0,,,
nonperformer,nɒnpə'fɔ:mə,,未能履约的贷款（人）,,,,,0,0,,,
nonperformers,,,[网络] 非执行者,,,,,0,0,,,
nonperforming,nɔ:pəfɒŋmɪŋ,,a. 未能净得预期利润的,,,,,0,0,,,
Nonperforming asset,,,不良资产,,,,,0,0,,,
nonperforming loan,,,呆帐,,,,,0,0,,,
nonperforming loans,,, 不良贷款（nonperforming loan的复数）,,,,,0,0,,,
nonperforming-loan,,,[网络] 不良贷款；日本银行帐上不良债权；信用风险的不良债券數量,,,,,0,0,,,
nonperfumed,,,[网络] 不加快,,,,,0,0,,,
nonperfused,,,[网络] 与非灌注,,,,,0,0,,,
nonperfusion,nɒnpɜ:f'ju:ʒn,,[医]无灌注,,,,,0,0,,,
nonpericyclic,,,[网络] 非周期性,,,,,0,0,,,
nonperiod,,,[网络] 非周期,,,,,0,0,,,
nonperiodic,'nɒn.piәri'ɒdik,a not recurring at regular intervals,a. 非周期的,,,,,0,0,,,
nonperiodic amplifier,,,[电] 非周期放大器,,,,,0,0,,,
nonperiodic asymmetrical wave,,,非周期性不对称波,,,,,0,0,,,
nonperiodic excitation,,,非周期激盪,,,,,0,0,,,
nonperiodic function,,,非週期函数,,,,,0,0,,,
nonperiodic phenomena,,,[数] 非周期现象,,,,,0,0,,,
nonperiodic phenomenon,,,非週期现象,,,,,0,0,,,
nonperiodic production,,,[计划] 非周期性生产,,,,,0,0,,,
nonperiodic sequence,,,非週期序列,,,,,0,0,,,
nonperiodic signal,,,[电子 计] 非周期信号,,,,,0,0,,,
nonperiodic statistical report,,,不定期统计报表,,,,,0,0,,,
nonperiodic variables,,,非周期变量,,,,,0,0,,,
nonperiodic wave,,,[物] 非周期波,,,,,0,0,,,
nonperiodical,nɒnpiər'ɪɒdɪkl,,非定期刊物,,,,,0,0,,,
nonperiodical report,,,不定期报告,,,,,0,0,,,
nonperiodically,,,[网络] 非周期性,,,,,0,0,,,
nonperiodicity,'nɔnpiәriә'disiti,,非周期性,,,,,0,0,,,
nonperiodontal,,,[网络] 非周期性,,,,,0,0,,,
nonperipheral,,,[网络] 非外围,,,,,0,0,,,
nonperiphrastic,,,[网络] 非常性,,,,,0,0,,,
nonperishable,nɔn'periʃәbl,,n. 不易损坏之物\na. 不易坏的,,,,,0,0,,,
nonperishable cargo,,,[网络] 不易腐败的货物,,,,,0,0,,,
nonperishables,,,[网络] 不腐败,,,,,0,0,,,
nonperistaltic,,,[网络] 非理想的,,,,,0,0,,,
nonperitoneal,,,[网络] 非腹膜,,,,,0,0,,,
nonperitonealized,,,非用腹膜被覆,,,,,0,0,,,
nonpermanent,,,[网络] 非永久性的,,,,,0,0,,,
nonpermanent foreground,,,非永久前台,,,,,0,0,,,
nonpermanent residents,,,非固定居民,,,,,0,0,,,
nonpermeabilized,,,[网络] 不透水,,,,,0,0,,,
nonpermeabilizing,,,[网络] 不透水,,,,,0,0,,,
nonpermeable,,,adj. 不透水的；不渗透的,,,,,0,0,,,
nonpermeable (impermeable),,,不透水的;不渗透的,,,,,0,0,,,
nonpermeable stringer,,,不渗透夹层,,,,,0,0,,,
nonpermeating,,,[网络] 不佩服,,,,,0,0,,,
nonpermissible,'nɔnpә'misәbl,,非容许的,,,,,0,0,,,
nonpermissible code,,,禁用码,,,,,0,0,,,
nonpermissible code block,,,禁用码块,,,,,0,0,,,
nonpermissive,",nɔnpә'misiv",,a. [生]非许可的,,,,,0,0,,,
nonpermissive cell,,,非允许细胞,,,,,0,0,,,
nonpermissive condition,,,非允许条件,,,,,0,0,,,
nonpermissiveness,,,[网络] 非同性恋,,,,,0,0,,,
nonpermitted,,,[网络] 不允许,,,,,0,0,,,
nonpermitted transfer,,,禁用转移,,,,,0,0,,,
nonpermutable,,,[网络] 不可辨认,,,,,0,0,,,
nonpermutative,,,[网络] 非易失性,,,,,0,0,,,
nonpermuted,,,[网络] 不过分,,,,,0,0,,,
nonpermuting,,,[网络] 不渗透,,,,,0,0,,,
nonperpendicular lines,,,非垂直线,,,,,0,0,,,
nonperpendicularity,'nɔnpә:pәndikju'læriti,,不垂直度,,,,,0,0,,,
nonperpetual,,,[网络] 非永久性,,,,,0,0,,,
nonperpetual inventory,,,非经常性库存,,,,,0,0,,,
Nonpersistence,,,非持久,,,,,0,0,,,
nonpersistent,'nɔnpә'sistәnt,,"a. 非持久的,非持续的",,,,,0,0,,,
nonpersistent agent,ˈnɔnpəˈsistənt ˈeidʒənt,, [医]非持久性化学战剂，非持久性毒剂,,,,,0,0,,,
nonpersistent csma,,,不坚持型载波感应多重进接,,,,,0,0,,,
nonpersistent pesticide,,,无残留农药,,,,,0,0,,,
nonpersistent screen,,,无余辉荧光屏,,,,,0,0,,,
nonpersistent war gas,,,非持久性毒气,,,,,0,0,,,
nonpersisters,,,[网络] 非吸烟者,,,,,0,0,,,
nonperson,'nɔn'p\\\\:sәn,n. a person regarded as nonexistent and having no rights; a person whose existence is systematically ignored (especially for ideological or political reasons),n. 被排除在考虑之外的人,,,,,0,0,s:nonpeople,,
nonpersonal,,,[网络] 非人性化,,,,,0,0,,,
nonpersonal communication,,,非人际传播,,,,,0,0,,,
nonpersonal influence,,,非人际影响,,,,,0,0,,,
nonpersonal retailing,,,[贸易] 无人售货,,,,,0,0,,,
nonpersonal selling,,,非人员销售,,,,,0,0,,,
nonpersonality,,,[网络] 非个性,,,,,0,0,,,
nonpersonalized,,,[网络] 非个人化,,,,,0,0,,,
nonpersonally,,,[网络] 非人为地,,,,,0,0,,,
nonpersonnel,,,[网络] 非人员,,,,,0,0,,,
nonpersons,nɒn'pɜː(r)s(ə)n,,[网络] 非人类；卑微的人,,,,,0,0,,,
nonperspective azimuthal map projection,,,非透视正方向投影,,,,,0,0,,,
nonpersuasive,,,[网络] 非传染性,,,,,0,0,,,
nonpertinent,,,[网络] 不相关,,,,,0,0,,,
nonpertubative,,,[网络] 非调节性,,,,,0,0,,,
nonperturbative,,,[网络] 一个非扰动的,,,,,0,0,,,
nonperturbatively,,,[网络] 非扰动,,,,,0,0,,,
nonperturbed,,,[网络] 不受干扰,,,,,0,0,,,
nonpervasive,,,[网络] 非侵入性,,,,,0,0,,,
nonperverted,,,[网络] 非转换,,,,,0,0,,,
nonpest,,,[网络] 非害虫,,,,,0,0,,,
nonpesticidal,,,[网络] 非农药,,,,,0,0,,,
nonpesticide,,,[网络] 非农药,,,,,0,0,,,
nonpesticides,,,[网络] 非农药,,,,,0,0,,,
nonpests,,,[网络] 非虫害,,,,,0,0,,,
nonpetrified,,,[网络] 无懈可击,,,,,0,0,,,
nonpetrochemical,,,[网络] 非石油化工,,,,,0,0,,,
nonpetroleum,,,[网络] 希冀追求的能源是非原油,,,,,0,0,,,
nonphage,,,[网络] 无字,,,,,0,0,,,
nonphagocytic,nɒn'fæɡəsaɪtɪk,,[医]无吞噬细胞的，非吞噬细胞的,,,,,0,0,,,
nonphallic,,,[网络] 非金属,,,,,0,0,,,
nonpharma,,,[网络] 非药店,,,,,0,0,,,
nonpharmaceutical,,,[网络] 非药物,,,,,0,0,,,
nonpharmacist,,,[网络] 非药剂师,,,,,0,0,,,
nonpharmacists,,,[网络] 非药剂师,,,,,0,0,,,
nonpharmacologic,,,[网络] 非药物治疗；非药理的,,,,,0,0,,,
nonpharmacological,,,[网络] 非药物学,,,,,0,0,,,
nonpharmacy,,,[网络] 非药学,,,,,0,0,,,
nonpharyngeal,,,[网络] 非咽喉,,,,,0,0,,,
nonphase-inverting,,,不反相的,,,,,0,0,,,
nonphased,,,[网络] 非相位,,,,,0,0,,,
nonphaseinverting,'nɔn'feizin'vә:tiŋ,,不反相的,,,,,0,0,,,
nonphasic,,,[网络] 不相关,,,,,0,0,,,
nonphatic,,,[网络] 无标题,,,,,0,0,,,
nonphenolated,,,不加酚的,,,,,0,0,,,
nonphenolic,,,[网络] 非酚醛,,,,,0,0,,,
nonphenomenological,,,[网络] 非现象学,,,,,0,0,,,
nonphenomenologically,,,[网络] 非现象学,,,,,0,0,,,
nonphilanthropic,,,[网络] 非慈善,,,,,0,0,,,
nonphilatelic,,,[网络] 非专利性,,,,,0,0,,,
nonphilosopher,,,[网络] 非哲学家,,,,,0,0,,,
nonphilosophers,,,[网络] 非哲学家,,,,,0,0,,,
nonphilosophic,,,[网络] 非哲学,,,,,0,0,,,
nonphilosophical,,,[网络] 非哲学,,,,,0,0,,,
nonphilosophically,,,[网络] 非哲学的,,,,,0,0,,,
nonphilosophy,,,[网络] 规定为非哲学,,,,,0,0,,,
nonphobic,,,[网络] 非歧视,,,,,0,0,,,
nonphobics,,,[网络] 非亲属,,,,,0,0,,,
nonphonemic,,,[网络] 非特异性,,,,,0,0,,,
nonphonetic,,,[网络] 非语音,,,,,0,0,,,
nonphonetically,,,[网络] 非语言,,,,,0,0,,,
nonphoning,,,[网络] 不敲门,,,,,0,0,,,
nonphonological,,,[网络] 非声学,,,,,0,0,,,
nonphonologically,,,[网络] 非声学,,,,,0,0,,,
nonphosphate,,,[网络] 非磷酸盐,,,,,0,0,,,
nonphosphates,,,[网络] 非磷酸盐,,,,,0,0,,,
nonphosphatized,,,[网络] 非磷化,,,,,0,0,,,
nonphosphopeptide,,,[网络] 非磷酸肽,,,,,0,0,,,
nonphosphopeptides,,,[网络] 非磷酸肽,,,,,0,0,,,
nonphosphorized,,,[网络] 非磷化,,,,,0,0,,,
nonphosphorous,,,[网络] 非磷酸,,,,,0,0,,,
nonphosphorus,,,[网络] 非磷,,,,,0,0,,,
nonphosphorylated,,,adj. 非磷酸化,,,,,0,0,,,
nonphotic,,,[网络] 非光滑的,,,,,0,0,,,
nonphoto,,,[网络] 写意,,,,,0,0,,,
nonphotobiotic,,,[网络] 非光生物,,,,,0,0,,,
nonphotobleached,,,[网络] 非光漂白,,,,,0,0,,,
nonphotochemical,,,[网络] 非光化学,,,,,0,0,,,
nonphotochromic,,,[网络] 无光致变色性,,,,,0,0,,,
nonphotochromogen,,,非光产色细菌,,,,,0,0,,,
nonphotochromogenic mycobacterium,,,不需光不产色分枝杆菌,,,,,0,0,,,
nonphotochromogens,,,"非光照产色菌,对光不产色菌",,,,,0,0,,,
nonphotographer,,,[网络] 非摄影师,,,,,0,0,,,
nonphotographers,,,[网络] 非拍摄者,,,,,0,0,,,
nonphotographic,,,[网络] 非照相,,,,,0,0,,,
nonphotolithographic,,,[网络] 非光刻,,,,,0,0,,,
nonphotolyzed,,,[网络] 非光化,,,,,0,0,,,
nonphotonic,,,[网络] 非光子性,,,,,0,0,,,
nonphotoreactive,,,[网络] 非光反应,,,,,0,0,,,
nonphotorealistic,,,[网络] 非现实主义,,,,,0,0,,,
nonphotorefractive,,,[网络] 非光折射,,,,,0,0,,,
nonphotosensitive,,,[网络] 非光敏性,,,,,0,0,,,
nonphotosynthetic,,,adj. 〔植〕非光合的,,,,,0,0,,,
nonphotosynthetic bacteria,,,不行光合作用细菌,,,,,0,0,,,
nonphotovoltaic,,,[网络] 非光伏,,,,,0,0,,,
nonphrasal,,,[网络] 非典型,,,,,0,0,,,
nonphreatic,,,[网络] 非选择性,,,,,0,0,,,
nonphylogenetic,,,[网络] non病,,,,,0,0,,,
nonphysical,,,adj. 非实体\n[网络] 非物理；非肉身；非身体上的,,,,,0,0,,,
nonphysical asset,,,非实物资产,,,,,0,0,,,
Nonphysical Danger,,,[网络] 非物理危险,,,,,0,0,,,
nonphysical loss,,,无形损失,,,,,0,0,,,
nonphysical particle,,,非物理粒子,,,,,0,0,,,
nonphysical primary colour,,,假基色，假原色,,,,,0,0,,,
nonphysical wear,,,无形耗损,,,,,0,0,,,
nonphysically,,,[网络] 非物理性,,,,,0,0,,,
nonphysician,,,[网络] 非医生,,,,,0,0,,,
nonphysicians,,,[网络] 非医生,,,,,0,0,,,
nonphysicist,,,[网络] 非物理学家,,,,,0,0,,,
nonphysicists,,,[网络] 非物理学家,,,,,0,0,,,
nonphysics,,,n. 非物理学,,,,,0,0,,,
nonphysiological,,,[网络] 非生理性,,,,,0,0,,,
nonphysiologically,,,[网络] 非生理学,,,,,0,0,,,
nonphytotoxic,,,adj. 〔农〕对植物无毒害的,,,,,0,0,,,
nonpianist,,,[网络] 非法主义者,,,,,0,0,,,
nonpianists,,,[网络] 非党员,,,,,0,0,,,
nonpiano,,,[网络] 非钢琴,,,,,0,0,,,
nonpickup,,,不吸动值,,,,,0,0,,,
nonpictorial,,,[网络] 非图画的,,,,,0,0,,,
nonpierced,,,[网络] 不偏不倚,,,,,0,0,,,
nonpiercement salt dome,,,非刺穿盐丘,,,,,0,0,,,
nonpiezoelectric,,,[网络] 非压电式,,,,,0,0,,,
nonpiezomagnetic,,,[网络] 非磁性,,,,,0,0,,,
nonpig,,,[网络] 不起眼,,,,,0,0,,,
nonpigmented,'nɔn'pi^mәntid,,无色素的,,,,,0,0,,,
nonpigmented epithelium,,,[睫状体]非色素上皮,,,,,0,0,,,
nonpigmented melanoma,,,无黑色素性黑素瘤,,,,,0,0,,,
nonpigmented nevus,,,白斑痣,,,,,0,0,,,
nonpigmented scar,,,无色瘢痕,,,,,0,0,,,
nonpiliated,,,[网络] 非脂肪,,,,,0,0,,,
nonpilot,,,[网络] 非导向,,,,,0,0,,,
nonpiloted,,,[网络] 没有冒险,,,,,0,0,,,
nonpilots,,,[网络] 非飞行员,,,,,0,0,,,
nonpine,,,[网络] 非高山,,,,,0,0,,,
nonpink,,,[网络] 非吸引,,,,,0,0,,,
nonpinnate,,,[网络] 非平面,,,,,0,0,,,
nonpinniped,,,[网络] 非平面,,,,,0,0,,,
nonpionic,,,[网络] 非皮肤,,,,,0,0,,,
nonpipelined,,,[网络] 非管道,,,,,0,0,,,
nonpipelined processor,,,非流水线式处理机,,,,,0,0,,,
nonpirated,,,[网络] 不敢苟同,,,,,0,0,,,
nonpitched,,,[网络] 不起眼,,,,,0,0,,,
nonpitching,,,[网络] 无缝,,,,,0,0,,,
nonpitted,,,[网络] 不安,,,,,0,0,,,
nonpitting,,,[网络] 非凹陷性；非指压性的；凹陷会立刻恢复,,,,,0,0,,,
nonpitting edema,,,"[医] 非指压性水肿, 非压凹性水肿",,,,,0,0,,,
nonpituitary,,,[网络] 非垂死,,,,,0,0,,,
nonpivotal,,,[网络] 非虚构,,,,,0,0,,,
nonpivoted,,,[网络] 非转载,,,,,0,0,,,
nonpivoting,,,[网络] 不偏不倚,,,,,0,0,,,
nonpixel,,,[网络] 非像素,,,,,0,0,,,
nonpizza,,,[网络] 非比萨饼,,,,,0,0,,,
nonplace,,,[网络] 非地方；虚无之地；非场所,,,,,0,0,,,
nonplacebo,,,[网络] 非托博,,,,,0,0,,,
nonplacebos,,,[网络] 非现场,,,,,0,0,,,
nonplaced,,,[网络] 不放置,,,,,0,0,,,
nonplacement,,,[网络] 不配置,,,,,0,0,,,
nonplacement rate,,,非安置率,,,,,0,0,,,
nonplacental,,,[网络] 非胎盘,,,,,0,0,,,
nonplaces,,,[网络] 非地方；非场所；非在地,,,,,0,0,,,
nonplague,,,[网络] 非同盟,,,,,0,0,,,
nonplaintiff,,,[网络] 非原告,,,,,0,0,,,
nonplaintiffs,,,[网络] 非原告,,,,,0,0,,,
nonplan,,,[网络] 非规划,,,,,0,0,,,
nonplanar,'nɔn'pleinә,,"非平面的, 空间的",,,,,0,0,,,
nonplanar graph,,,非平面图,,,,,0,0,,,
nonplanar lines,,,非同平面线,,,,,0,0,,,
nonplanar microstrip antenna,,,[网络] 非平面微带天线,,,,,0,0,,,
nonplanar network,,,[电] 非平面网络,,,,,0,0,,,
nonplanar structure,,,非平面构造,,,,,0,0,,,
nonplanar wave,,,[物] 非平面波,,,,,0,0,,,
nonplanarities,,,[网络] 非平面,,,,,0,0,,,
nonplanarity,nɒnp'lænərɪtɪ,, 非平面度,,,,,0,0,,,
nonplane,,,[网络] 非平面,,,,,0,0,,,
nonplane cylindrical fold,,,圆柱状褶曲,,,,,0,0,,,
nonplane fold,,,非平面褶曲,,,,,0,0,,,
nonplanetary,,,[网络] 非行星,,,,,0,0,,,
nonplankton,,,[网络] 非浮游,,,,,0,0,,,
nonplanktonic,,,[网络] 非浮游,,,,,0,0,,,
nonplanned,,,[网络] 非计划的,,,,,0,0,,,
nonplanned repair,,,非计划修理,,,,,0,0,,,
nonplanner,,,[网络] 非规划者,,,,,0,0,,,
nonplanners,,,[网络] 非计划者,,,,,0,0,,,
nonplant,,,[网络] 非植物,,,,,0,0,,,
nonplantar,,,[网络] 非手术,,,,,0,0,,,
nonplantation,,,[网络] 非植入,,,,,0,0,,,
nonplanted,,,[网络] 不擅长,,,,,0,0,,,
nonplantigrade,,nonplantigrade (not comparable)\nNot plantigrade\n\n\nnonplantigrade (plural nonplantigrades)\nA nonplantigrade animal\n,,,,,,0,0,,,
nonplantigrades,,,[网络] 非植物,,,,,0,0,,,
nonplaque,,,[网络] 非斑块,,,,,0,0,,,
nonplasmatic,,,[网络] 非质子,,,,,0,0,,,
nonplastic,'nɔn'plæstik,,非(可)塑性的,,,,,0,0,,,
nonplastic soil,,,非塑性土;非塑性土壤,,,,,0,0,,,
nonplasticity,,,n. 非塑性,,,,,0,0,,,
nonplastics,,,[网络] 非塑料,,,,,0,0,,,
nonplatelet,,,[网络] 非血小板,,,,,0,0,,,
nonplatinum,,,[网络] 非铂,,,,,0,0,,,
nonplatonic,,,[网络] 非广泛性,,,,,0,0,,,
nonplausible,,,[网络] 不可信,,,,,0,0,,,
nonplay,,,[网络] 不播放,,,,,0,0,,,
nonplayable,,,[网络] 不可以选择势力,,,,,0,0,,,
nonplayer,,,[网络] 非玩家,,,,,0,0,,,
nonplayers,,,[网络] 非玩家,,,,,0,0,,,
nonplayful,,,[网络] 不玩的,,,,,0,0,,,
nonplaying,,,[网络] 不播放,,,,,0,0,,,
nonplayoff,,,[网络] 非播放,,,,,0,0,,,
nonplays,,,[网络] 非播放,,,,,0,0,,,
nonpleading,,,[网络] 非标准,,,,,0,0,,,
nonpleasurable,,,[网络] 不可倍,,,,,0,0,,,
nonpleomorphic,,,[网络] 非同态,,,,,0,0,,,
Nonplesin,,,哌二苯丙醇,,,,,0,0,,,
nonpliable,,,[网络] 不合格,,,,,0,0,,,
nonpliant,,,[网络] 不合格,,,,,0,0,,,
nonplosive,,,[网络] 非爆炸性,,,,,0,0,,,
nonplumber,,,[网络] 非数字,,,,,0,0,,,
nonplumbers,,,[网络] 非原子,,,,,0,0,,,
nonplunging fold,,,非倾伏褶皱,,,,,0,0,,,
nonplural,,,[网络] 非道,,,,,0,0,,,
nonplus,'nɒnplʌs,v be a mystery or bewildering to,"vt. 使困惑\nn. 迷惑, 困惑",,,,gre,0,0,i:nonplussing/p:nonplussed/3:nonplusses/d:nonplussed,,
nonplused,nɔnˈplʌst,imp. & p. p. of Nonplus,v. 使迷惑( nonplus的过去式和过去分词 ),,,,,0,0,,,
nonpluses,,,使迷惑( nonplus的第三人称单数 ),,,,,0,0,,,
nonplush,,,[网络] 非毛绒,,,,,0,0,,,
nonplushed,,,[网络] 非冲洗,,,,,0,0,,,
nonplusing,nɔnˈplʌsɪŋ,p. pr. & vb. n. of Nonplus,v. 使迷惑( nonplus的现在分词 ),,,,,0,0,,,
nonplusment,,,[网络] 非补充,,,,,0,0,,,
nonplussation,,,[网络] 非排斥,,,,,0,0,,,
nonplussed,,v be a mystery or bewildering to\ns filled with bewilderment,"a. 惊讶不止的, 不知所措的",j:100,,,,25597,26820,1:pd/0:nonplus,,
nonplussedness,,,[网络] 不质疑,,,,,0,0,,,
nonplusser,,,[网络] 不充分,,,,,0,0,,,
nonplusses,,v. be a mystery or bewildering to,n. 迷惑；困惑 (nonplus的变形),,,,,0,0,1:3/0:nonplus,,
nonplussing,nɔnˈplʌsɪŋ, of Nonplus,v. 使迷惑( nonplus的现在分词 ),,,,,0,0,1:i/0:nonplus,,
nonplutonium,,,[网络] 非钚,,,,,0,0,,,
nonpluvial,,,[网络] 不流淌,,,,,0,0,,,
nonplywood,,,[网络] 非木材,,,,,0,0,,,
nonpneumatic,,,[网络] 非气动,,,,,0,0,,,
nonpneumococcal,,,[网络] 非肺炎球菌,,,,,0,0,,,
nonpoaching,,,[网络] 非游泳,,,,,0,0,,,
nonpoetic,,,[网络] 清醒而非诗化,,,,,0,0,,,
nonpoetical,,,[网络] 非兽医,,,,,0,0,,,
nonpoetry,,,[网络] 无节奏,,,,,0,0,,,
nonpoets,,,[网络] 非纸,,,,,0,0,,,
nonpoint,nɔn'pɔint,,a. 非点源的,,,,,0,0,,,
nonpoint source,,,非点(污染)源,,,,,0,0,,,
nonpoint source of pollution,,,非点污染源,,,,,0,0,,,
nonpoint source pollution,,,非点源污染,,,,,0,0,,,
nonpoint-source,,,[网络] 非点源；非点源污染；非点污染源,,,,,0,0,,,
nonpointer,nɔn'pɔint,,adj.\n非点源的，无孤点之源的,,,,,0,0,,,
nonpointers,,,[网络] 非指针,,,,,0,0,,,
nonpointlike,,,[网络] 非点状,,,,,0,0,,,
nonpoints,nɔn'pɔint,,adj.\n非点源的，无孤点之源的,,,,,0,0,,,
nonpoisoned,,,[网络] 无毒,,,,,0,0,,,
nonpoisoning,,,[网络] 无刺激性,,,,,0,0,,,
nonpoisonous,'nɔn'pɔiznәs,s. not producing poison\ns. safe to eat,无毒性的,,,,,0,0,,,
nonpoker,,,[网络] 不吸烟,,,,,0,0,,,
nonpolar,'nɔn'pәulә,a not ionic,[机] 非极性的,,,,,0,0,,,
nonpolar action,,,非极性作用,,,,,0,0,,,
nonpolar adsorption,,,非极性吸附,,,,,0,0,,,
nonpolar amino acid,,,非极性胺基酸,,,,,0,0,,,
nonpolar bond,ˈnɔnˈpəulə bɔnd,, 非极性键,,,,,0,0,,,
nonpolar compound,ˈnɔnˈpəulə ˈkɔmpaund,, 非极性化合物,,,,,0,0,,,
nonpolar covalent bond,,,[网络] 非极性共价键,,,,,0,0,,,
nonpolar crystal,,,非极性晶体,,,,,0,0,,,
nonpolar crystals,,,[电] 无极性晶体,,,,,0,0,,,
nonpolar dielectric,,,非极性介质,,,,,0,0,,,
nonpolar dissociation,,,非极性解离[作用],,,,,0,0,,,
nonpolar dynamo,,,单极发电机,,,,,0,0,,,
nonpolar group,,,非极性基,,,,,0,0,,,
nonpolar linkage,,,非极性键联,,,,,0,0,,,
nonpolar liquid,ˈnɔnˈpəulə ˈlikwid,, 非极性液体,,,,,0,0,,,
nonpolar liquid phase,,,非极性液相,,,,,0,0,,,
nonpolar mineral,,,非极性矿物,,,,,0,0,,,
nonpolar molecule,,,[化] 无极分子\n[医] 无极分子,,,,,0,0,,,
nonpolar molecules,,,非极化分子,,,,,0,0,,,
nonpolar monomer,,,[高分子] 非极性单体,,,,,0,0,,,
nonpolar nature,,,非极特性,,,,,0,0,,,
nonpolar phase,,,[化] 非极性相,,,,,0,0,,,
nonpolar solvent,ˈnɔnˈpəulə ˈsɔlvənt,, 非极性溶剂,,,,,0,0,,,
nonpolar symmetry,,,非极性对称,,,,,0,0,,,
nonpolar symmetry axis,,,非极性对称轴,,,,,0,0,,,
nonpolarisable,,,[网络] 非极性的,,,,,0,0,,,
nonpolarised,nɒnpəʊ'ləraɪzd,,adj. 非极化的(非偏振的),,,,,0,0,,,
nonpolarity,'nɔnpәu'læriti,,无极性,,,,,0,0,,,
nonpolarizable,,,[网络] 非极性,,,,,0,0,,,
nonpolarizable electrode,,,[医] 不极化电极,,,,,0,0,,,
nonpolarization electrode,,,[地物] 不极化电极,,,,,0,0,,,
nonpolarized,,,[电] 非极化的,,,,,0,0,,,
nonpolarized electrode,,,乏极化电极,,,,,0,0,,,
nonpolarized electrolytic capacitor,,,[电] 非极化电解电容器,,,,,0,0,,,
nonpolarized light,,,非偏振光,,,,,0,0,,,
nonpolarized realy,,,[电] 非偏极替续器,,,,,0,0,,,
nonpolarized relay,,,＝ neutral relay,,,,,0,0,,,
nonpolarized return to zero,,,[计] 非极性归零制,,,,,0,0,,,
nonpolarized return to zero recording,,, 非极性归零记录制,,,,,0,0,,,
nonpolarized return-to-zero,,,非极化归零,,,,,0,0,,,
nonpolarized return-to-zero record,,,[计] 非极性归零制记录,,,,,0,0,,,
nonpolarizing,,,[网络] 立体分光片,,,,,0,0,,,
nonpolemic,,,[网络] 非极性,,,,,0,0,,,
nonpolemical,,,[网络] 非暴力,,,,,0,0,,,
nonpolice,,,[网络] 非警察,,,,,0,0,,,
nonpoliced,,,[网络] 没有投票,,,,,0,0,,,
nonpolicies,nɒn'pɒləsɪ,,n.\n非政策(的政策),,,,,0,0,,,
nonpolicy,nɔn'pɔlәsi,,n. 非政策(指不成其为政策的政策),,,,,0,0,,,
nonpolio,,,[网络] 非政府组织,,,,,0,0,,,
nonpoliovirus,,,[网络] 非脊髓灰质炎病毒,,,,,0,0,,,
nonpolioviruses,,,[网络] 非脊髓灰质炎病毒,,,,,0,0,,,
nonpolishing,nɔn'pɔliʃiŋ,,"不易磨光的, 耐磨的",,,,,0,0,,,
nonpolite,,,[网络] 非抛物面,,,,,0,0,,,
nonpolitical,.nɒnpә'litikl,a. not political,a. 非政治性的,,,,,0,0,,,
nonpolitically,,,[网络] 非殖民地,,,,,0,0,,,
nonpolitician,,,[网络] 非政治家,,,,,0,0,,,
nonpoliticians,,,[网络] 非政治家,,,,,0,0,,,
nonpoliticized,,,[网络] 非政治化,,,,,0,0,,,
nonpollen,,,[网络] 非肿胀,,,,,0,0,,,
nonpollinated,,,[网络] 非乳化,,,,,0,0,,,
nonpollinating,,,[网络] 无懈可击,,,,,0,0,,,
nonpolling,,,[网络] 非压缩,,,,,0,0,,,
nonpolluted,,,[网络] 没有污染,,,,,0,0,,,
nonpolluter,,,[网络] 非污染,,,,,0,0,,,
nonpolluters,,,[网络] 非污染物,,,,,0,0,,,
nonpolluting,'nɔnpә'lu:tiŋ,,a. 不会引起污染的,,,,,0,0,,,
nonpollution,,,[网络] 无污染,,,,,0,0,,,
nonpology,,"An insincere apology or expression of regret, often blaming the aggrieved party for being offended or bringing up an irrelevant topic to distract.\n> ""Did you hear Don Imus' nonpology the other day?  Like his racist remarks are actually the result of rap music.""\n> ""I really get tired of politicians' nonpologies.  All they're really saying is they're sorry they got caught.""\n",,,,,,0,0,,,
nonpolycyclic,,,[网络] 非多环,,,,,0,0,,,
nonpolycystic,,,[网络] 非多囊性,,,,,0,0,,,
nonpolydactyly,,,[网络] 非多义务,,,,,0,0,,,
nonpolyester,,,[网络] 非聚酯,,,,,0,0,,,
nonpolygonal,,,[网络] 非多边形,,,,,0,0,,,
nonpolymeric,,,[网络] 非聚合性,,,,,0,0,,,
nonpolymerizable,,,[网络] 不可聚合,,,,,0,0,,,
nonpolymerized,,,[网络] 非聚合,,,,,0,0,,,
nonpolymerizing,,,[网络] 非聚合,,,,,0,0,,,
nonpolymorphic,,,[网络] 非多态性,,,,,0,0,,,
nonpolynomial,,,adj. 〔数〕非多项式的,,,,,0,0,,,
nonpolynomials,,,[网络] 非多项式,,,,,0,0,,,
nonpolyphonic,,,[网络] 非极性,,,,,0,0,,,
nonpolypoid,,,[网络] 非隆起型,,,,,0,0,,,
nonpolyposis,,,[网络] 非息肉病,,,,,0,0,,,
nonpolysaccharide,,,[网络] 非多糖,,,,,0,0,,,
nonpolysaccharides,,,[网络] 非多糖,,,,,0,0,,,
nonpolysemous,,,[网络] 非多发性,,,,,0,0,,,
nonpolysyllabic,,,[网络] 非多音节,,,,,0,0,,,
nonpolytheistic,,,[网络] 非多神论,,,,,0,0,,,
nonpolytropic,,,[网络] 非多变性,,,,,0,0,,,
nonpolyurethane,,,[网络] 非聚氨酯,,,,,0,0,,,
nonpooled,,,[网络] 非池化,,,,,0,0,,,
nonpoor,,,[网络] 不臭,n:100,,,,0,0,s:nonpoors,,
nonpoors,,,[网络] 不臭\n(nonpoor 的复数),,,,,0,0,0:nonpoor/1:s,,
nonpopular,,,[网络] 不受欢迎,,,,,0,0,,,
nonpopularity,,,[网络] 不受欢迎,,,,,0,0,,,
nonpopulated,,,[网络] 不人口,,,,,0,0,,,
nonporcine,,,[网络] 非孢子,,,,,0,0,,,
nonpork,,,[网络] 非公司,,,,,0,0,,,
nonpornographic,,,[网络] 非记录,,,,,0,0,,,
nonpornography,,,[网络] 非野点,,,,,0,0,,,
nonporosity,'nɔnpә'rɔsiti,,无孔性,,,,,0,0,,,
nonporous,'nɔn'pɔ:rәs,a. not porous; especially not having vessels that appear as pores,"a. 无孔的, 无孔隙的",j:100,,,gre,0,40558,,,
nonporous membrane,,,[化] 非多孔膜,,,,,0,0,,,
nonporous pellet absorber,,,非孔性粒吸收器,,,,,0,0,,,
nonporous solid,,,无孔隙固体,,,,,0,0,,,
nonporous wood,,,无孔材,,,,,0,0,,,
nonporousness,,,[网络] 无所事事,,,,,0,0,,,
nonporphyritic,,,[网络] 非卟啉,,,,,0,0,,,
nonportable,,,[网络] 不具移植性；不可携的,,,,,0,0,,,
nonportal,,,[网络] 非口头,,,,,0,0,,,
nonportfolio,,,[网络] 非组合,,,,,0,0,,,
nonposition independent code,,,非位置独立码,,,,,0,0,,,
nonpositional,,,[网络] 非定位,,,,,0,0,,,
nonpositive,'nɔn'pɔzitiv,,"a. [数]非正的,(整数)负的,(函数)负值的",,,,,0,0,,,
nonpositive definite form,,,非正定型,,,,,0,0,,,
nonpositive form,,,非正形式,,,,,0,0,,,
nonpositive operator,,,非正规算子,,,,,0,0,,,
nonpositively,,,[网络] 不积极,,,,,0,0,,,
nonpositives,'nɔn'pɔzətiv,,adj.\n【数学】非正的；(整数)负的；(函数)负值的,,,,,0,0,,,
nonpositivist,,,[网络] 非实体主义者,,,,,0,0,,,
nonpositivists,,,[网络] 非实体主义者,,,,,0,0,,,
nonpositivity,,,[网络] 非正性,,,,,0,0,,,
nonpossessed,,,[网络] 不负责任,,,,,0,0,,,
nonpossessing,,,[网络] 不负责任,,,,,0,0,,,
nonpossession,,,[网络] 不收,,,,,0,0,,,
nonpossessions,,,[网络] 不收钱,,,,,0,0,,,
nonpossessive,,,[网络] 无条件；非占有性,,,,,0,0,,,
nonpossessor,,,[网络] 不负责任,,,,,0,0,s:nonpossessors,,
nonpossessors,,,[网络] 不收物,,,,,0,0,0:nonpossessor/1:s,,
nonpossessory,,,非占有的\n非占有性的,,,,,0,0,,,
nonpossibilities,,,[网络] 不可能,,,,,0,0,,,
nonpossibility,,,[网络] 非可能性,,,,,0,0,,,
nonpostal,,,[网络] 未贴,,,,,0,0,,,
nonposted,,,[网络] 不粘,,,,,0,0,,,
nonposterior,,,[网络] 非最后,,,,,0,0,,,
nonpostmodern,,,[网络] 非现代的,,,,,0,0,,,
nonpostpartum,,,[网络] 非产品,,,,,0,0,,,
nonpostural,,,[网络] 非柱状,,,,,0,0,,,
nonpotable,,,[网络] 不可计算,,,,,0,0,,,
nonpotable water,,,不适饮用水,,,,,0,0,,,
nonpotassium,,,[网络] 非钾,,,,,0,0,,,
nonpotato,,,[网络] 非土地,,,,,0,0,,,
nonpotential,,,[网络] 非电位,,,,,0,0,,,
nonpotentiality,,,[网络] 非势场性,,,,,0,0,,,
nonpotentiometric,,,[网络] 非电位计,,,,,0,0,,,
nonpottery,,,[网络] 非铁,,,,,0,0,,,
nonpoultry,,,[网络] 非家禽,,,,,0,0,,,
nonpoverty,,,[网络] 非贫困,,,,,0,0,,,
nonpowdered,,,[网络] 无粉,,,,,0,0,,,
nonpowdery,,,[网络] 非火药,,,,,0,0,,,
nonpower,'nɔn'pauә,,不作功的,,,,,0,0,,,
nonpower driven vessel,,,[网络] 非机动船,,,,,0,0,,,
nonpower driving vessel,,,非动力船,,,,,0,0,,,
nonpower shift,,,[车辆] 非动力换档,,,,,0,0,,,
Nonpower-Driven Vessel,,,[网络] 非动力船非机动船,,,,,0,0,,,
nonpowered,,,n. 非机动的\n[网络] 非动力式,,,,,0,0,,,
nonpowered vessel,,,[网络] 非机动船；无动力船,,,,,0,0,,,
nonpowerful,,,[网络] 无力的,,,,,0,0,,,
nonpractical,,,[网络] 不实际,,,,,0,0,,,
nonpractice,,,[网络] 非实践,,,,,0,0,,,
nonpracticing,,,[网络] 不实际,,,,,0,0,,,
nonpractising,,,[网络] 不屈服,,,,,0,0,,,
nonpractitioner,,,[网络] 非吸引者,,,,,0,0,,,
nonpractitioners,,,[网络] 非吸引者,,,,,0,0,,,
nonpragmatic,,,[网络] 非贴图,,,,,0,0,,,
nonpraying,,,[网络] 不喷涂,,,,,0,0,,,
nonpreaching,,,[网络] 非吸引力,,,,,0,0,,,
nonpreachy,,,[网络] 不直接,,,,,0,0,,,
nonprecedential,,,[网络] 非先例,,,,,0,0,,,
nonprecessing,,,[网络] 无法获得,,,,,0,0,,,
nonprecious,,,[网络] 非贵重,,,,,0,0,,,
nonprecipitable,,,[网络] 不可耻的,,,,,0,0,,,
nonprecipitating,,,adj. 〔化〕不沉淀,,,,,0,0,,,
nonprecipitating antibody,,,非沈淀性抗体,,,,,0,0,,,
nonprecise,,,[网络] 不精确,,,,,0,0,,,
nonprecision,'nɔnpri'siʒәn,,[航空]无精确下滑要求,,,,,0,0,,,
nonprecision (instrument) approach,,,【航空学】非精确(仪表)进场着陆,,,,,0,0,,,
nonprecision approach,,,nonprecision (instrument) approach\n【航空学】非精确(仪表)进场着陆,,,,,0,0,,,
nonprecocious,,,[网络] 非专制,,,,,0,0,,,
nonpreconditioned,,,[网络] 非预处理,,,,,0,0,,,
nonprecursor,,,[网络] 非吸引力,,,,,0,0,,,
nonprecursors,,,[网络] 非游标,,,,,0,0,,,
nonpredator,,,[网络] 非预定者,,,,,0,0,,,
nonpredators,,,[网络] 非原始人,,,,,0,0,,,
nonpredatory,,,[网络] 不具备,,,,,0,0,,,
nonpredetermined,'nɔn'pri:di'tә:mind,,非预先决定的,,,,,0,0,,,
nonpredicable,,,[网络] 不可靠,,,,,0,0,,,
nonpredicate,,,[网络] 非谓性,,,,,0,0,,,
nonpredictable,,,[网络] 不可预测,,,,,0,0,,,
nonpredictable ADR,,,不可预报不良反应,,,,,0,0,,,
nonpredictable drift,,,不可预测漂移,,,,,0,0,,,
nonpredictive,,,[网络] 非预测,,,,,0,0,,,
nonpredisposed,,,[网络] 非预先,,,,,0,0,,,
nonpredominant traffic direction,,,非主要运输方向,,,,,0,0,,,
nonpreemption,,,[计] 非抢先,,,,,0,0,,,
nonpreemptive algorithm,,,非抢先算法,,,,,0,0,,,
nonpreemptive discipline,,,[计] 非抢先原则,,,,,0,0,,,
nonpreemptive multitasking,,, [计]非抢[占]先多任务处理（技术，方法）,,,,,0,0,,,
nonpreemptive priority,,,[计] 非抢先优先权,,,,,0,0,,,
nonpreemptive priority model,,,非优先次序模型,,,,,0,0,,,
nonpreemptive scheduling,,,非抢先调度,,,,,0,0,,,
nonpreemptive service,,,"非让位服务, 非预占服务",,,,,0,0,,,
nonpreemptive single-service center model,,,[计] 非抢先单服务中心模型,,,,,0,0,,,
nonpreemptivepriority,,,非优先顺序排队法,,,,,0,0,,,
nonprefabricated,,,[网络] 非预定,,,,,0,0,,,
nonpreferential,,,[网络] 宗教之间保持中立；非宗教之间采取不偏不倚,,,,,0,0,,,
nonpreferential duty,,,非优惠关税,,,,,0,0,,,
nonpreferentialism,,,[网络] 中立论；主义,,,,,0,0,,,
nonpreferred,,,[网络] 非优先,,,,,0,0,,,
nonpreferred sample,,,非偏好样本,,,,,0,0,,,
nonprefixal,'nɔnpri:'fiksәl,,无前缀的,,,,,0,0,,,
nonprefixed,,,[网络] 不重叠,,,,,0,0,,,
nonpreformed wire rope,,,[网络] 非预搓丝股的钢索,,,,,0,0,,,
nonpregnancies,,,[网络] 非妊娠,,,,,0,0,,,
nonpregnancy,,,[网络] 非妊娠,,,,,0,0,,,
nonpregnant,nɒnp'reɡnənt,a not pregnant, [医]非妊娠的,,,,,0,0,,,
nonprehensile,,,[网络] 不能抓的,,,,,0,0,,,
nonprehistoric,,,[网络] 非史前,,,,,0,0,,,
nonprejudiced,,,[网络] 无偏见,,,,,0,0,,,
nonprejudicial,,,[网络] 无偏见,,,,,0,0,,,
nonpreliminary,,,[网络] 非初级,,,,,0,0,,,
nonpremature,,,[网络] 非常的,,,,,0,0,,,
nonpremiere,,,[网络] 非首发,,,,,0,0,,,
nonpremieres,,,[网络] 非亲戚,,,,,0,0,,,
nonpremium,,,[网络] 非镨,,,,,0,0,,,
nonprenylated,,,[网络] 非丙二醛化,,,,,0,0,,,
nonpreparation,,,[网络] 不准备,,,,,0,0,,,
nonpreparatory,,,[网络] 不准备,,,,,0,0,,,
nonprepared,,,[网络] 没有准备,,,,,0,0,,,
nonpreparedness,,,[网络] 不准备,,,,,0,0,,,
nonprepositional,'nɔnprepә'ziʃәnl,,无前置词的,,,,,0,0,,,
nonpresbyopic,,,[网络] 无偏见,,,,,0,0,,,
nonprescribed,,,[网络] 未指定,,,,,0,0,,,
nonprescription,",nɔnpri'skripʃәn",a purchasable without a doctor's prescription,a. 未经医生处方可以买到的,,,,,0,0,,,
nonprescription drugs,,,非处方药,,,,,0,0,,,
nonprescriptive,,,[网络] 非指示性的,,,,,0,0,,,
nonpresence,,,[网络] 不在场,,,,,0,0,,,
nonpresent,,,[网络] 非现在,,,,,0,0,,,
nonpresentable,,,[网络] 不可代表,,,,,0,0,,,
nonpresentation,,,[网络] 非代表性,,,,,0,0,,,
nonpresentational,,,[网络] 非代表性,,,,,0,0,,,
nonpresented,,,[网络] 没有代表,,,,,0,0,,,
nonpresentment,'nɔnpri'zentmәnt,,不提示(票据),,,,,0,0,,,
nonpreservation,,,[网络] 非保存,,,,,0,0,,,
nonpreserved,,,[网络] 非保留,,,,,0,0,,,
nonpresetting control,,,非程序控制;非预调整控制,,,,,0,0,,,
nonpresidential,,,[网络] 非住院,,,,,0,0,,,
nonprespecified,,,非次级精母细胞,,,,,0,0,,,
nonpress,,,[网络] 未压平,,,,,0,0,,,
nonpressed,,,[网络] 没有压力,,,,,0,0,,,
nonpressed air method,,,不压缩空气法,,,,,0,0,,,
Nonpressin,,,双肼苯达嗪,,,,,0,0,,,
nonpressure culvert,,,无压力涵洞,,,,,0,0,,,
nonpressure parts,,,[化] 非受压件; 非受压部件,,,,,0,0,,,
nonpressure solutions,,,无氨氮液,,,,,0,0,,,
nonpressure thermit weld,,,不加压热剂焊缝,,,,,0,0,,,
nonpressure thermit welding,,,热剂铸焊,,,,,0,0,,,
nonpressure tunnel,,,非压力隧道,,,,,0,0,,,
nonpressure welding,,,"[机] 无压力熔接, 融化熔接",,,,,0,0,,,
nonpressured,,,[网络] 无压力,,,,,0,0,,,
nonpressuring,,,[网络] 非压力,,,,,0,0,,,
nonpressurized,'nɔn'preʃәraizd,,"在常压下工作的, 不加压的",,,,,0,0,,,
nonprestige,,,[网络] 不起眼,,,,,0,0,,,
nonprestigious,,,[网络] 不复杂,,,,,0,0,,,
nonprestressed reinforcement,,,非预应力钢筋,,,,,0,0,,,
nonpretentious,,,[网络] 朴实无华,,,,,0,0,,,
nonpreventable,,,[网络] 不可预料,,,,,0,0,,,
nonprevention,,,[网络] 留心在因果关系和非预防性,,,,,0,0,,,
nonprice,,,[网络] 非价格,,,,,0,0,,,
nonprice competition,,,非价格竞争,,,,,0,0,,,
nonprice predaction,,,非价格掠夺,,,,,0,0,,,
nonprickly,,,[网络] 非刺激,,,,,0,0,,,
nonpriestly,,,[网络] 无瑕疵,,,,,0,0,,,
nonprimary,,,[网络] 非主要,j:100,,,,0,0,,,
nonprimary data structure,,,非初始资料结构,,,,,0,0,,,
nonprimary economic activity,,,非主要经济活动,,,,,0,0,,,
nonprimary path,,,非主路径,,,,,0,0,,,
nonprimary product,,,非主要产品,,,,,0,0,,,
nonprimate,,,n. 〔动〕非灵长目动物,,,,,0,0,,,
nonprimates,,,[网络] 非限制性,,,,,0,0,,,
nonprime,,,[网络] 非优惠；非优级,,,,,0,0,,,
nonprime attribute,,,非主属性,,,,,0,0,,,
nonprimed,,,[网络] 没有限制,,,,,0,0,,,
nonpriming material detonator,,,无起爆药雷管,,,,,0,0,,,
nonprimitive,'nɔn'primitiv,,非初级的,,,,,0,0,,,
nonprimitive BCH code,,,[通信] 非本原ＢＣＨ码,,,,,0,0,,,
nonprimitive bch codes,,,非基始之BCH码,,,,,0,0,,,
nonprimitive character,,,[数] 非本原特征,,,,,0,0,,,
nonprimitive code,,,"非本元码,非元始码",,,,,0,0,,,
nonprimitive root of unity,,,[数] 非本原单位根,,,,,0,0,,,
nonprimitives,,,[网络] 非罪犯,,,,,0,0,,,
nonprimordial,,,[网络] 非主要的,,,,,0,0,,,
nonprincipal,,,[数] 非主要的,,,,,0,0,,,
nonprincipal real character,,,[数] 非主实特征标,,,,,0,0,,,
nonprincipal test,,,非主要试验,,,,,0,0,,,
nonprincipal trial,,,非主要试验,,,,,0,0,,,
nonprincipal ultrafilter,,,非主超滤子,,,,,0,0,,,
nonprincipled,'nɒn'prinsipld,,a. 与原则无关的,,,,,0,0,,,
nonprint,'nɔn'print,,[计] 禁止打印,,,,,0,0,,,
nonprint code,,,[计] 非打印代码,,,,,0,0,,,
nonprint field,,,非列印栏,,,,,0,0,,,
nonprint function,,,非列印功能，不列印功能,,,,,0,0,,,
nonprint instruction,,,禁止打印指令,,,,,0,0,,,
nonprint media,,,无印刷媒体,,,,,0,0,,,
nonprintable,,,不打印的\n不可印刷的,,,,,0,0,,,
nonprinted,",nɔn'print",,adj.\n非印刷品的，记录在磁带(或光盘等)上的,,,,,0,0,,,
nonprinter,",nɔn'print",,adj.\n非印刷品的，记录在磁带(或光盘等)上的,,,,,0,0,,,
nonprinters,,,[网络] 非打印机,,,,,0,0,,,
nonprinting,,,不打印,,,,,0,0,,,
nonprinting character,,,不可打印字符,,,,,0,0,,,
nonprinting characters,,,显示非打印字符\n[计] 显示非打印字符,,,,,0,0,,,
nonprioritive scheduling,,,[网络] 无抢先调度,,,,,0,0,,,
nonprioritive service,,,[网络] 无抢先服务,,,,,0,0,,,
nonprioritized,,,[网络] 不优先,,,,,0,0,,,
nonpriority,,,[网络] 优先项；一串专利序号其后以,,,,,0,0,,,
nonpriority interrupt,,,[电] 非优先权中断,,,,,0,0,,,
nonprismatic,nɒnprɪz'mætɪk,,n. 变截面,,,,,0,0,,,
nonprismatic bar,,,非稜柱形桿件,,,,,0,0,,,
nonprismatic beam,,,非稜柱形梁,,,,,0,0,,,
nonprismatic continuous beam,,,变截面连续梁,,,,,0,0,,,
nonprison,,,[网络] 没有人,,,,,0,0,,,
nonprisoner,,,[网络] 没有人,,,,,0,0,,,
nonprisoners,,,[网络] 非监禁者,,,,,0,0,,,
nonprivate,,,[网络] 专有,,,,,0,0,,,
nonprivileged,,,大特惠的,,,,,0,0,,,
nonprivileged account,,,非特权帐户,,,,,0,0,,,
nonprivileged instruction,ˌnɔnˈprivilidʒd inˈstrʌkʃən,, 非特权指令,,,,,0,0,,,
nonprivileged mode/state,,,非特权模式／状态,,,,,0,0,,,
nonprivileged processing,,,非特权处理,,,,,0,0,,,
nonprivileged program,,,非特权程式,,,,,0,0,,,
nonprivileged user,,,无特权用户，非优先用户,,,,,0,0,,,
nonprivileged user program,,,非特权用户程式,,,,,0,0,,,
nonprivy,,,[网络] 非常的,,,,,0,0,,,
nonpro,,,n. 未经专业训练的,,,,,0,0,,,
nonprobabilistic,,,[网络] 非概率性,,,,,0,0,,,
nonprobabilistic information,,,[计] 非概率信息,,,,,0,0,,,
nonprobabilistic information theory,,,[计] 非概率信息论,,,,,0,0,,,
nonprobabilistic systems of equations,,,非概率性方程组,,,,,0,0,,,
nonprobability,,,[网络] 非概率,,,,,0,0,,,
nonprobability sample,,,非概率抽样,,,,,0,0,,,
nonprobability sampling,,,非概率抽样,,,,,0,0,,,
nonprobable,,,[网络] 不可取,,,,,0,0,,,
nonprobationary,,,[网络] 非资助,,,,,0,0,,,
nonprobative,,,[网络] 不可行,,,,,0,0,,,
nonproblem,,,[网络] 非问题,,,,,0,0,,,
nonproblematic,,,[网络] 非争议性；无可置疑的,,,,,0,0,,,
nonproblematically,,,[网络] 没有问题,,,,,0,0,,,
nonproblems,,,[网络] 非问题,,,,,0,0,,,
nonprocedural,,,n. 非过程的\n[网络] 非过程化；非程序性；非程序式,,,,,0,0,,,
nonprocedural computer hardware description language,,,非程序计算机硬体描述语言,,,,,0,0,,,
nonprocedural data processing,,,非程序资料处理,,,,,0,0,,,
nonprocedural information retrieval language,,,非程序资讯检索语言,,,,,0,0,,,
nonprocedural language,,,[计] 非过程语言,,,,,0,0,,,
nonprocedural parallel processing language,,,非程序平行处理语言,,,,,0,0,,,
nonprocedural reference,,,非程序参考,,,,,0,0,,,
nonprocedural referencing language,,,非程序参考语言,,,,,0,0,,,
nonprocedural-oriented language,,,面向非过程语言,,,,,0,0,,,
nonprocedurally,,,[网络] 非公历,,,,,0,0,,,
nonproceduraloriented language,,,[网络] 面向非过程的语言,,,,,0,0,,,
nonprocedure data interface,,,非程序资料介面,,,,,0,0,,,
nonprocedure oriented language,,,非程序导向语言,,,,,0,0,,,
nonprocess equipment,,,辅助设施,,,,,0,0,,,
nonprocess runout,,,空白列印,,,,,0,0,,,
nonprocessable,,,[网络] 不可处理,,,,,0,0,,,
nonprocessed,,,[网络] 未经处理,,,,,0,0,,,
nonprocessor request,,,非处理机请求,,,,,0,0,,,
nonprocrastinating,,,[网络] 非裁员,,,,,0,0,,,
nonprocreating,,,[网络] 非生产性,,,,,0,0,,,
nonprocreative,,,[网络] 非专利性,,,,,0,0,,,
nonproducer,,,[网络] 非生产者,,,,,0,0,,,
nonproducers,,,[网络] 非生产者,,,,,0,0,,,
nonproducing,,,[网络] 非生产的,,,,,0,0,,,
nonproduct,,,[网络] 非产品,,,,,0,0,,,
nonproduct advertising,,,非产品广告,,,,,0,0,,,
nonproduct factor,,,{影响消费者购买}非产品性因素,,,,,0,0,,,
nonproduction,,,[网络] 不事生产；非生产,,,,,0,0,,,
nonproduction bonus,,,非生产红利,,,,,0,0,,,
nonproduction reactor fuel,,,生产堆燃料,,,,,0,0,,,
nonproductive,.nɒnprә'dʌktiv,s. not directly productive,"a. 非生产性的, 对生产无直接关系的",,,,,0,0,,,
nonproductive accumulation,,,非生产积累,,,,,0,0,,,
nonproductive asset,,,非生产性资产,,,,,0,0,,,
nonproductive branch,,,非生产部门,,,,,0,0,,,
nonproductive building,,,非生产性建筑,,,,,0,0,,,
nonproductive capital construction,,,非生产性的基本建设,,,,,0,0,,,
nonproductive capture,,,生产性俘获(未增殖自由粒子),,,,,0,0,,,
nonproductive complex,,,[生化] 非生产性复合物,,,,,0,0,,,
nonproductive cough,ˈnɔnprəˈdʌktiv kɔf,, [医]非排痰性咳，干咳,,,,,0,0,,,
nonproductive departments,,,非物质生产部门,,,,,0,0,,,
nonproductive enterprise,,,非生产企业,,,,,0,0,,,
nonproductive expenditure,,,非生产性开支;消费性支出,,,,,0,0,,,
nonproductive expenses,,,非生产费用,,,,,0,0,,,
nonproductive fixed assets,,,非生产用固定资产,,,,,0,0,,,
nonproductive funds,,,非生产性资金,,,,,0,0,,,
nonproductive infection,,,[网络] 非增殖性感染,,,,,0,0,,,
nonproductive investment,,,非生产性投资,,,,,0,0,,,
nonproductive labor,,,"非生产劳动, 辅助劳动; 辅助劳动力",,,,,0,0,,,
nonproductive labour,,,非生产劳动;非生产性劳动,,,,,0,0,,,
nonproductive operation,,,[化] 辅助操作,,,,,0,0,,,
nonproductive period,,,不生产期,,,,,0,0,,,
nonproductive poll,,,辅助查询;辅助轮询,,,,,0,0,,,
nonproductive project,,,[网络] 非生产性计划,,,,,0,0,,,
nonproductive projects in capital construction,,,非生产性基本建设,,,,,0,0,,,
nonproductive sector,,,非生产部门,,,,,0,0,,,
nonproductive services for daily life,,,非生产性生活服务,,,,,0,0,,,
nonproductive sphere,,,非生产领域,,,,,0,0,,,
nonproductive task,,,辅助任务,,,,,0,0,,,
nonproductive time,,,"不操作时间,不生产时间",,,,,0,0,,,
nonproductive timeout counter,,,非生产性逾时计数器,,,,,0,0,,,
nonproductive wage,,,非生产工资,,,,,0,0,,,
nonproductive wages,,,[劳经] 非生产性工资,,,,,0,0,,,
nonproductive work,,,un. 无效工作,,,,,0,0,,,
nonproductively,",nɔnprə'dʌktiv",,"nonproductively\nadv.\nnonproductive的变形\nnonproductive\n[,nɔnprə'dʌktiv]\nadj.\n不生产的，无出产的\n非生产性的，与生产无直接关系的；无生产力的\n不能达到预期效果的\n不分泌黏液的；不生痰的\n【语法学】无构词能力的",,,,,0,0,,,
nonproductiveness,,,[网络] 非生产力,,,,,0,0,,,
nonproductivity,"'nɔn,prəudʌk'tivəti; -,prɔdək-",,"n.\nnonproductive的变形\nnonproductive\n[,nɔnprə'dʌktiv]\nadj.\n不生产的，无出产的\n非生产性的，与生产无直接关系的；无生产力的\n不能达到预期效果的\n不分泌黏液的；不生痰的\n【语法学】无构词能力的",,,,,0,0,,,
nonproducts,,,[网络] 非产品,,,,,0,0,,,
nonprofane,,,[网络] 非专利,,,,,0,0,,,
nonprofessional,.nɒnprʌ'feʃәnl,a. not professional; not engaged in a profession or engaging in as a profession or for gain,"a. 无职业的, 无专长的",,,,toefl,0,0,s:nonprofessionals,,
nonprofessionalism,,,[网络] 非专业性,,,,,0,0,,,
nonprofessionally,",nɔnprə'feʃənəl",,"nonprofessionally\nadv.\nnonprofessional的变形\nnonprofessional\n[,nɔnprə'feʃənəl]\nadj.\n无专业的，不从事专业的；无职业的\n未经专业训练的，非科班出身的，非职业性的，业余的\nn.\n非专业人员；未经专业训练者\n非职业运动员",,,,,0,0,,,
nonprofessionals,,-s form of nonprofessional\na. not professional; not engaged in a profession or engaging in as a profession or for gain,"(nonprofessional 的第三人称 -s形式) a. 无职业的, 无专长的",,,,,0,0,0:nonprofessional/1:s3,,
nonprofessor,,,[网络] 非教授,,,,,0,0,,,
nonprofessorial,,,[网络] 非专利,,,,,0,0,,,
nonprofessors,,,[网络] 非投资者,,,,,0,0,,,
nonproficiency,",nɔnprә'fiʃәnsi",n. Want of proficiency; failure to make progress.,"n. 不熟练,不精通",,,,,0,0,,,
nonproficient,-ʃәnt,n. One who has failed to become proficient.,a. 不熟练地的,,,,,0,0,,,
nonprofit,nɒn'prɒfit,s. not commercially motivated,"a. 非赢利的, 无利可图的\n[法] 非营利的, 无利可图的",j:98/n:2,,,,0,3837,s:nonprofits,,
nonprofit accounting,,,[网络] 非营利会计；非营利企业会计,,,,,0,0,,,
nonprofit accounting equation,,,以不计营利为基础的核算方程式,,,,,0,0,,,
nonprofit association,,,非营利机构,,,,,0,0,,,
nonprofit business,,,un. 非盈利事业\n[网络] 非营利企业,,,,,0,0,,,
nonprofit corporation,,,非营利法人;非营利性公司,,,,,0,0,,,
nonprofit institutions,,,非营利机构,,,,,0,0,,,
nonprofit of organization of culture and education,,,民间非营利文教团体,,,,,0,0,,,
nonprofit organization,nɔnˈprɔfɪt ˌɔ:ɡənaiˈzeiʃən,, 非营利机构，非营利组织,,,,,0,0,s:nonprofit organizations,,
nonprofit organizations,,,非营利性机构,,,,,0,0,0:nonprofit organization/1:s,,
nonprofit private school,,,非营利私校,,,,,0,0,,,
nonprofit-making company,,,非营利性公司,,,,,0,0,,,
nonprofitable,,,n. 不能盈利的,,,,,0,0,,,
nonprofits,nɔn'prɔfit,n. an organization chartered for other than profit-making activities,a. 非赢利的；不以赢利为目的的,,,,,0,0,0:nonprofit/1:s,,
nonprognosticative,,,[网络] 非预测性,,,,,0,0,,,
nonprogradational reflection configuration,,,非前积反射结构,,,,,0,0,,,
nonprogram,,,[网络] 简易语言,,,,,0,0,,,
nonprogram aircraft,,,[航] 编外飞机,,,,,0,0,,,
nonprogrammable,,,[网络] 不可程式化问题；非程式化；非计画性,,,,,0,0,,,
nonprogrammable analog signal,,,不可程式类比信号,,,,,0,0,,,
nonprogrammable calculator,,,不可编程计算器,,,,,0,0,,,
nonprogrammable port,,,不可程式埠,,,,,0,0,,,
nonprogrammable terminal,,,"非可程式终端机, 不可程式的终端机",,,,,0,0,,,
nonprogrammatic,,,[网络] 非程序性,,,,,0,0,,,
nonprogramme,,,[网络] 非计划,,,,,0,0,,,
nonprogrammed,,,[网络] 非程序的；非程序性决策；程式化,,,,,0,0,,,
nonprogrammed aid,,,n. 非项目援助,,,,,0,0,,,
nonprogrammed decision,,,非程序化的决策;非程序判定;非定型化决策,,,,,0,0,,,
nonprogrammed decision making,,,非定型决策,,,,,0,0,,,
nonprogrammed decisions,,,非程式化决策,,,,,0,0,,,
nonprogrammed dicesion,,,非程式化决策,,,,,0,0,,,
nonprogrammed halt,,,[电] 非程序停机,,,,,0,0,,,
nonprogrammed problem-solving,,,非定型化问题的解决,,,,,0,0,,,
nonprogrammed stop,,,[计] 非程序停机,,,,,0,0,,,
nonprogrammed user,,,[计] 非程序设计用户,,,,,0,0,,,
nonprogrammend halt,,,程序停机,,,,,0,0,,,
nonprogrammer,,,n. 非程序设计员,,,,,0,0,,,
nonprogrammers,,,[网络] 非程序员,,,,,0,0,,,
nonprogramming,,,n. 非程序设计,,,,,0,0,,,
nonprogramming user,,,非程序设计用户,,,,,0,0,,,
nonprogress,,,[网络] 非进步,,,,,0,0,,,
nonprogression,nɒnp'rəɡreʃn,,[医]不传,,,,,0,0,,,
nonprogressive,,,[网络] 非连续的；非进行体,,,,,0,0,,,
nonprogressive full application,,,[网络] 无阶段的全制动,,,,,0,0,,,
nonprogressively,,,[网络] 非进取,,,,,0,0,,,
nonprogressives,,,[网络] 非进步者,,,,,0,0,,,
nonprogressor,,,[网络] 非进取者,,,,,0,0,,,
nonprogressors,nɒnp'rəɡresəz,,[医]无进展者,,,,,0,0,,,
nonprohibited,,,[网络] 非特异性,,,,,0,0,,,
nonprohibitive tariff,,,非寓禁于征的关税,,,,,0,0,,,
nonproject,,,[网络] 非项目,,,,,0,0,,,
nonproject lending,,,非项目贷给,,,,,0,0,,,
nonprojected,,,[网络] 非投影,,,,,0,0,,,
nonprojectile,,,[网络] 非运动,,,,,0,0,,,
nonprojecting,,,[网络] 非投影,,,,,0,0,,,
nonprojective,,,[网络] 其随著非投射性；非投射性,,,,,0,0,,,
nonprokaryotic,,,[网络] 非原核生物,,,,,0,0,,,
nonproletarian,,,adj. 非无产阶级的,,,,,0,0,,,
nonproletarians,,,[网络] 非无产者,,,,,0,0,,,
nonproliferating,,,[网络] 无刺激性,,,,,0,0,,,
nonproliferation,"'nɔnprәu,lifә'reiʃәn",n. the prevention of something increasing or spreading (especially the prevention of an increase in the number of countries possessing nuclear weapons),"n. 防扩散\n[法] 不扩散, 防扩散",n:100,,,,0,12521,s:nonproliferations,,
Nonproliferation Center,,,[网络] 防扩散中心,,,,,0,0,s:nonproliferation centers,,
nonproliferation centers,,,[网络] 防扩散中心\n(nonproliferation center 的复数),,,,,0,0,0:nonproliferation center/1:s,,
nonproliferation treaty,,,防止核扩散条约(1970年3月生效),,,,,0,0,,,
nonproliferations,"'nɒnprəʊ,lɪfə'reɪʃən",,n. 防扩散；防止（核）扩散,,,,,0,0,0:nonproliferation/1:s,,
nonproliferative,,,[网络] 非增生性,,,,,0,0,,,
nonprolific,,,[网络] 非通气,,,,,0,0,,,
nonpromising,,,[网络] 不起作用,,,,,0,0,,,
nonpromoted,,,[网络] 非推荐,,,,,0,0,,,
nonpromotional,,,[网络] 非激素,,,,,0,0,,,
nonpromotional strategy,,,非促销策略,,,,,0,0,,,
nonproof,,,[网络] 不安全,,,,,0,0,,,
nonproofreading,,,[网络] 非校对,,,,,0,0,,,
nonproofs,,,[网络] 非防水,,,,,0,0,,,
nonpropaganda,,,[网络] 非宣传,,,,,0,0,,,
nonpropagandistic,,,[网络] 非传统,,,,,0,0,,,
nonpropagating,,,[计] 不繁殖的,,,,,0,0,,,
nonpropagating crack,,,扩展裂纹,,,,,0,0,,,
nonpropagating fatigue crack,,,无扩展疲劳裂缝,,,,,0,0,,,
nonpropagating mode,,,非传播模(态),,,,,0,0,,,
nonpropellant,,,[网络] 非推进剂,,,,,0,0,,,
nonpropelled,'nɔnprә'peld,,非自动推进[给料]的,,,,,0,0,,,
nonpropelling,'nɔnprә'peliŋ,,非自动推进式的,,,,,0,0,,,
nonproper,,,[网络] 不合适,,,,,0,0,,,
nonproperties,,,[网络] 非品质,,,,,0,0,,,
nonproperty,,,[网络] 非财产,,,,,0,0,,,
nonprophetic,,,[网络] 非预言,,,,,0,0,,,
nonprophylactic,,,[网络] 非预防性,,,,,0,0,,,
Nonproportion Reinsurance,,,[网络] 非比例再保险,,,,,0,0,,,
nonproportional,,,[网络] 等宽字体,,,,,0,0,,,
nonproportionality,,,[网络] 非线性,,,,,0,0,,,
nonproportionally,,,非按比例,,,,,0,0,,,
nonproportionate,,,[网络] 不成比例,,,,,0,0,,,
nonproposal,,,[网络] 非推荐,,,,,0,0,,,
nonpropositional,,,[网络] 非命题式语言,,,,,0,0,,,
nonproprietary,,a not protected by trademark or patent or copyright,非专属,,,,,0,0,,,
nonproprietary name,ˌnɔnprəˈpraɪɪˌteri:,,非专有名,,,,,0,0,,,
nonproprietary technology,,,un. 非专利技术,,,,,0,0,,,
nonproprioceptive,,,[网络] 不适当的,,,,,0,0,,,
nonpropulsion,,,[网络] 非推进剂,,,,,0,0,,,
nonpros,",nɔn'prɔs",,vt. 对(原告)作缺席判决,,,,,0,0,,,
nonprosecutable,,,[网络] 不可执行,,,,,0,0,,,
nonprosecuted,,,[网络] 非执行,,,,,0,0,,,
nonprosecution,,,[法] 不起诉,,,,,0,0,,,
nonprosecutive,,,[网络] 非连续性,,,,,0,0,,,
nonprosecutorial,,,[网络] 非执行,,,,,0,0,,,
nonprosodic,,,[网络] 非线性,,,,,0,0,,,
nonprossed,,imp. & p. p. of Non-pros,v. 对（原告）作缺席判决( nonpros的过去式和过去分词 ),,,,,0,0,,,
nonprosses,,,v. 〔律〕对(原告)作缺席判决\n[网络] 对缺席判决,,,,,0,0,,,
nonprossing,,,v. 〔律〕对(原告)作缺席判决\n[网络] 对缺席判决,,,,,0,0,,,
nonprostatic,,,[网络] 非前列腺,,,,,0,0,,,
nonprostatomegaalic,,,非前列腺肥大的,,,,,0,0,,,
nonprosthetic,,,[网络] 非假冒,,,,,0,0,,,
nonprostitute,,,[网络] 非垄断者,,,,,0,0,,,
nonprostitutes,,,[网络] 非垄断者,,,,,0,0,,,
nonprotagonist,,,[网络] 非专业人士,,,,,0,0,,,
nonprotagonists,,,[网络] 非专业人士,,,,,0,0,,,
nonprotected,,,[网络] 无保护,,,,,0,0,,,
nonprotected crossing,,,无防护道口,,,,,0,0,,,
nonprotectionist,,,[网络] 非保护主义者,,,,,0,0,,,
nonprotectionists,,,[网络] 非保护主义者,,,,,0,0,,,
nonprotective,,,[网络] 非保护性,,,,,0,0,,,
nonprotein,'nɔn'prәuti:n,,"n. 非蛋白质, 不含蛋白质之物质\na. 不含蛋白质的",,,,,0,0,,,
nonprotein amino acid,,,非蛋白胺基酸,,,,,0,0,,,
nonprotein filtrate,,,无蛋白滤液,,,,,0,0,,,
nonprotein nitrogen,,,[医] 非蛋白氮,,,,,0,0,,,
nonprotein nitrogen compound,,,[生化] 非蛋白氮化合物,,,,,0,0,,,
nonprotein nitrogen determination,,,非蛋白氮测定,,,,,0,0,,,
nonprotein respiratory quotient,,,非蛋白呼吸商,,,,,0,0,,,
nonprotein-calorie,,,非蛋白热量,,,,,0,0,,,
nonproteinaceous,nɔn'prəuti'neiʃəs,,adj.\nnonprotein的变形\nnonprotein\n[nɔn'prəuti:n; -ti:in]\nn.\n非蛋白质；不含蛋白质的物质\nadj.\n非蛋白的；不含蛋白的,,,,,0,0,,,
nonproteinic,,,[网络] 非蛋白质,,,,,0,0,,,
nonproteinnitroge,,,非蛋白氮,,,,,0,0,,,
nonproteinogenic,,,[网络] 非蛋白质,,,,,0,0,,,
nonproteinous,,,[网络] 非蛋白质,,,,,0,0,,,
nonproteins,nɒn'prəʊtiːn,,非蛋白质,,,,,0,0,,,
nonproteinuric,,,[网络] 非蛋白质,,,,,0,0,,,
nonproteogenic,,,[网络] 非蛋白质,,,,,0,0,,,
nonproteolytic,,,[网络] 非蛋白质,,,,,0,0,,,
nonproteolytically,,,[网络] 非细菌性,,,,,0,0,,,
nonprotest,,,[网络] 非优先,,,,,0,0,,,
nonprotesting,,,[网络] 非测试,,,,,0,0,,,
nonprotic,,,[网络] 非优质,,,,,0,0,,,
nonprotic solvent,,,[机] 非质子溶剂,,,,,0,0,,,
nonproton,,,[网络] 非质子,,,,,0,0,,,
nonprotons,,,[网络] 非属性,,,,,0,0,,,
nonprotozoan,,,[网络] 非原生动物,,,,,0,0,,,
nonprotractile,,,[网络] 非稳定性,,,,,0,0,,,
nonprotruding,,,[网络] 非投资,,,,,0,0,,,
nonprotrusible,,,无法突出的,,,,,0,0,,,
nonprovable,,,[网络] 不可取,,,,,0,0,,,
nonprovable debt,,,未确认债务,,,,,0,0,,,
nonproven,,,[网络] 未经证实,,,,,0,0,,,
nonprovided,'nɔnprә'vaidid,,a. <英>(小学)不靠地方教育当局供给经费的,,,,,0,0,,,
nonprovincial,,,[网络] 非专业,,,,,0,0,,,
nonprovisional,,,[网络] 申请案；非临时,,,,,0,0,,,
nonprovocative,,,[网络] 非预防性,,,,,0,0,,,
nonproximal,,,非邻近的,,,,,0,0,,,
nonprurient,,,[网络] 非营利,,,,,0,0,,,
nonpruritic,nɒnprʊə'rɪtɪk,,[医]非瘙痒的,,,,,0,0,,,
nonpseudomorphic,,,[网络] 非假型,,,,,0,0,,,
nonpsychedelic,,,[网络] 非抑菌剂,,,,,0,0,,,
nonpsychiatric,,,[网络] 非精神科,j:100,,,,0,0,,,
nonpsychiatrist,,,[网络] 非精神科医师,,,,,0,0,,,
nonpsychiatrists,,,[网络] 非专科,,,,,0,0,,,
nonpsychic,,,[网络] 非攻击性,,,,,0,0,,,
nonpsychical,,,[网络] 非技术性,,,,,0,0,,,
nonpsychics,,,[网络] 非线性,,,,,0,0,,,
nonpsychoactive,,,[网络] 非精神活性,,,,,0,0,,,
nonpsychoanalytic,,,[网络] 非精神分析,,,,,0,0,,,
nonpsychoanalytical,,,[网络] 非精神分析,,,,,0,0,,,
nonpsychogenic,,,[网络] 非精神病,,,,,0,0,,,
nonpsychological,,,[网络] 非心理学,,,,,0,0,,,
nonpsychopathic,,,[网络] 非变态反应性,,,,,0,0,,,
nonpsychophysical,,,[网络] 非精神物理学,,,,,0,0,,,
nonpsychosexual,,,[网络] 非心理性欲,,,,,0,0,,,
nonpsychosis,,,[网络] 非棘手症,,,,,0,0,,,
nonpsychosomatic,,,[网络] 非身心健康,,,,,0,0,,,
nonpsychotic,'nɔnsai'kɔtik,,a. 非(患)精神病的,,,,,0,0,,,
nonpsychotic organic brain syndrome,,,非精神病的器质性脑综合征,,,,,0,0,,,
nonpsychotics,'nɔnsai'kɔtik,,adj.\n非(患)精神病的,,,,,0,0,,,
nonpsychotomimetic,,,[网络] 非关联模拟,,,,,0,0,,,
nonpubertal,,,[网络] 非青春期,,,,,0,0,,,
nonpubescent,,,[网络] 非柔毛,,,,,0,0,,,
nonpublic,,,[网络] 非公开,,,,,0,0,,,
nonpublic corporation,,,[网络] 不公开招股公司,,,,,0,0,,,
nonpublic information,,, 非公开信息,,,,,0,0,,,
nonpublication,,,[网络] 非发布,,,,,0,0,,,
nonpublished,,,[网络] 未发表,,,,,0,0,,,
nonpublisher,,,[网络] 非发行人,,,,,0,0,,,
nonpublishers,,,[网络] 非发行人,,,,,0,0,,,
nonpublishing,,,[网络] 不发布,,,,,0,0,,,
nonpuerperal,,,[网络] 非生产性,,,,,0,0,,,
nonpulmonary,,,[网络] 非肺,,,,,0,0,,,
nonpulmonic,,,[网络] 非刺激性,,,,,0,0,,,
nonpulsatile,,,[网络] 非脉动,,,,,0,0,,,
nonpulse,,,[网络] 非脉冲,,,,,0,0,,,
nonpulsed,,,[网络] 无脉动,,,,,0,0,,,
nonpulverized,,,[网络] 非粉化,,,,,0,0,,,
nonpunctual,,,[网络] 不可时间,,,,,0,0,,,
nonpunctuated,,,[网络] 无标记,,,,,0,0,,,
nonpunishable,,,[网络] 不可惩罚,,,,,0,0,,,
nonpunitive,,,[网络] 非惩罚性,j:100,,,,0,0,,,
nonpunitively,,,[网络] 无节制,,,,,0,0,,,
nonpurchasable,,,[网络] 不可购买,,,,,0,0,,,
nonpurchase,,,[网络] 万股,,,,,0,0,,,
nonpurchased,,,[网络] 未购买,,,,,0,0,,,
nonpurchaser,,,[网络] 非购买者,,,,,0,0,,,
nonpurchasers,,,[网络] 非购买者,,,,,0,0,,,
nonpurchases,,,[网络] 非购买,,,,,0,0,,,
nonpurchasing,,,[网络] 非购买,,,,,0,0,,,
nonpure,,,[网络] 没有,,,,,0,0,,,
nonpure competition,,,不纯粹竞争,,,,,0,0,,,
nonpurgative,,,[网络] 无刺激性,,,,,0,0,,,
nonpurgeable,,,不可吹出,,,,,0,0,,,
nonpurine,,,[网络] 非嘌呤,,,,,0,0,,,
nonpurist,,,[网络] 非投资者,,,,,0,0,,,
nonpurists,,,[网络] 非保守主义者,,,,,0,0,,,
nonpurity,,,[网络] 不纯净,,,,,0,0,,,
nonpurple,,,[网络] 非普通,,,,,0,0,,,
nonpurposive,,,[网络] 非吸引力,,,,,0,0,,,
nonpurulent,,,[网络] 非ulent ulent,,,,,0,0,,,
nonpyogenic,,,[医] 非化脓的,,,,,0,0,,,
nonpyogenic sinus thrombosis,,,颅内静脉窦非化脓性血柱形成,,,,,0,0,,,
nonpyramidal,,,[网络] 非杀真菌剂,,,,,0,0,,,
nonpyritic,,,[网络] 非吡咯烷酮,,,,,0,0,,,
nonpyritiferous,,,不含黄铁矿的,,,,,0,0,,,
nonpyritized,,,[网络] 非吡啶化,,,,,0,0,,,
nonpyroclastic,,,[网络] 非腐蚀性,,,,,0,0,,,
nonpyrogenic,nɒnpaɪrəʊd'ʒenɪk,,[医]无热原，热原检查合格,,,,,0,0,,,
nonpyrolytic,,,[网络] 不溶解,,,,,0,0,,,
nonpyrophoric,,,[网络] 非营养的,,,,,0,0,,,
nonquadratic,,,[网络] 非二次,,,,,0,0,,,
nonquadratic error surface,,,非二次误差曲面,,,,,0,0,,,
nonquadratic loss function,,,非二次损失函数,,,,,0,0,,,
nonquadratically,,,[网络] 非规格,,,,,0,0,,,
nonquadrilateral,,,[网络] 非双边,,,,,0,0,,,
nonqual,,,[网络] 非标准,,,,,0,0,,,
nonqualified,,,[网络] 不合格,j:100,,,,0,0,,,
nonqualified pension plan,,,un. 无条件养老金办法,,,,,0,0,,,
nonqualified stock option,,,un. 无条件认股权\n[网络] 附加条件认股权；非限制性股票期权；股票期权计划,,,,,0,0,,,
nonqualifier,,,[网络] 不合格,,,,,0,0,,,
nonqualifiers,,,[网络] 非限定词,,,,,0,0,,,
nonqualifying,,,[网络] 不合格,,,,,0,0,,,
Nonqualifying stock option,,,[网络] 不合格优先认股权,,,,,0,0,,,
nonqualitative,,,[网络] 非限定性,,,,,0,0,,,
nonquals,,,[网络] 非标准,,,,,0,0,,,
nonquantal,,,[网络] 非量度,,,,,0,0,,,
nonquantifiable,,,[网络] 不可量化,,,,,0,0,,,
nonquantified,,,[网络] 非量化,,,,,0,0,,,
nonquantified statement,,,非量化命题,,,,,0,0,,,
nonquantitative,,,非计量性,,,,,0,0,,,
nonquantitative description,,,非数量描述,,,,,0,0,,,
nonquantized,,,[网络] 非量化,,,,,0,0,,,
nonquantum,,,[网络] 非量子,,,,,0,0,s:nonquantums,,
nonquantum mechanics,,,非量子力学,,,,,0,0,,,
nonquantums,,,[网络] 非量子\n(nonquantum 的复数),,,,,0,0,0:nonquantum/1:s,,
nonquarantinable,,,[网络] 不可检验,,,,,0,0,,,
nonquarantine,,,[网络] 非检疫,,,,,0,0,,,
nonquarantined,,,[网络] 非隔离,,,,,0,0,,,
nonquarter-wave stack,,,非四分之一波长膜系,,,,,0,0,,,
nonquarterly,,,[网络] 非季度,,,,,0,0,,,
nonquaternary,,,[化] 非季盐的; 非季铵盐的,,,,,0,0,,,
nonqueer,,,[网络] 非排队,,,,,0,0,,,
nonquenched,,,[网络] 不弯曲,,,,,0,0,,,
nonquestion,,,[网络] 无疑,,,,,0,0,,,
nonquestioning,,,[网络] 无疑,,,,,0,0,,,
nonquestions,,,[网络] 无疑,,,,,0,0,,,
nonqueued,,,[网络] 非队列,,,,,0,0,,,
nonqueueing,,,[网络] 非启动,,,,,0,0,,,
nonqueuing,,,[网络] 非排队,,,,,0,0,,,
nonquick access file,,,非快速存取档案,,,,,0,0,,,
nonquick-access file,,,[计] 非快速存取文件,,,,,0,0,,,
nonquiescent,,,[网络] 非静态,,,,,0,0,,,
nonquiet,,,[网络] 不安静,,,,,0,0,,,
nonquinine,,,[网络] 非奎宁,,,,,0,0,,,
nonquitter,,,[网络] 不算,,,,,0,0,,,
nonquitters,,,[网络] 非议事,,,,,0,0,,,
nonquota,,,[网络] 非夸脱,,,,,0,0,,,
nonquota circulating fund,,,非定额流动资金,,,,,0,0,,,
nonquota current fund,,,非定额流动资金,,,,,0,0,,,
nonquota hours,,,非定额时间,,,,,0,0,,,
nonquranic,,,[网络] 非古兰经,,,,,0,0,,,
nonrabbinic,,,[网络] 非拉丁语,,,,,0,0,,,
nonrabbinical,,,[网络] 非拉丁字母,,,,,0,0,,,
nonrabbit,,,[网络] 非兔子,,,,,0,0,,,
nonrace,,,[网络] 非线性,,,,,0,0,,,
nonracemic,,,[网络] 非糖尿病,,,,,0,0,,,
nonraces,,,[网络] 无条件,,,,,0,0,,,
Nonrachitic,,,非佝偻病的,,,,,0,0,,,
nonracial,,a. not racial; having nothing to do with race or races, 非种族（歧视）的,,,,,0,0,,,
nonracialism,,,[网络] 非种族主义,,,,,0,0,,,
nonracially,,,[网络] 非地域,,,,,0,0,,,
nonracing,,,[网络] 无条件,,,,,0,0,,,
nonracism,,,[网络] 非狂妄,,,,,0,0,,,
nonracist,,,[网络] 非主义者,j:100,,,,0,0,,,
nonracists,,,[网络] 非主观者,,,,,0,0,,,
nonradar,,,[网络] 非拉,,,,,0,0,,,
nonradiable,,,[医] 不透放射线的,,,,,0,0,,,
nonradial,'nɔn'reidiәl,,非径向的,,,,,0,0,,,
nonradial oscillation,,,非径向振荡,,,,,0,0,,,
nonradial pulsation,,,非径向脉动,,,,,0,0,,,
nonradial streak,,,非径向条痕,,,,,0,0,,,
nonradially,,,[网络] 非线性,,,,,0,0,,,
nonradiate,,,[网络] 非辐射,,,,,0,0,,,
nonradiated,,,[网络] 非辐射,,,,,0,0,,,
nonradiating,'nɔn'reidieitiŋ,,不辐射的,,,,,0,0,,,
nonradiation,"'nɔn,reidi'eiʃәn",,不辐射,,,,,0,0,,,
nonradiative,'nɔn'reidieitiv,,"非辐射的, 不辐射的",,,,,0,0,,,
nonradiative energy transfer,,,非辐射能量转移,,,,,0,0,,,
nonradiative jump,,,非辐射跃迁,,,,,0,0,,,
nonradiative loss,,,非辐射损耗,,,,,0,0,,,
nonradiative recombination,,,非辐射复合,,,,,0,0,,,
nonradiative transition,,,非辐射跃迁,,,,,0,0,,,
nonradiator tentering machine,,,无烘管拉幅机,,,,,0,0,,,
nonradical,,,[网络] 但可归属到非根本,,,,,0,0,,,
nonradicals,,,[网络] 非专业,,,,,0,0,,,
nonradio,,,[网络] 非无线电,,,,,0,0,,,
nonradioactive,'nɔnreidiә'æktiv,a. not radioactive,n. 非放射性,,,,gre,0,0,,,
nonradioactive probe,,,非放射性[基因]探针,,,,,0,0,,,
nonradioactivity,,,[网络] 非放射性,,,,,0,0,,,
nonradiogenic,'nɔnreidiә'dʒenik,,非放射产生的,,,,,0,0,,,
nonradiolucent,,,[网络] 非生物线,,,,,0,0,,,
nonradiometric,,,[网络] 非辐射测量,,,,,0,0,,,
nonradiopacity,,,不透放射线性,,,,,0,0,,,
nonradiopaque,nɒnreɪdi:əʊ'peɪk,,[医]不透X线的,,,,,0,0,,,
nonradium,,,[网络] 非球形,,,,,0,0,,,
nonradon,,,[网络] 非线性,,,,,0,0,,,
nonrail,,,[网络] 不轨,,,,,0,0,,,
nonrailroad,,,[网络] 非轨道,,,,,0,0,,,
nonrailway,,,[网络] 非轨道,,,,,0,0,,,
nonrainforest,,,[网络] 非林业,,,,,0,0,,,
nonrainy,,,[网络] 不干,,,,,0,0,,,
nonraised,,,[网络] 不合格,,,,,0,0,,,
nonramified extension,,,非分歧延拓,,,,,0,0,,,
nonramming airscoop,,,无冲压进气口,,,,,0,0,,,
nonranching,,,[网络] 非分支,,,,,0,0,,,
nonrancid,,,[网络] 不合格,,,,,0,0,,,
nonrandom,'nɔn'rændәm,a. not random,非随机的,,,,,0,0,s:nonrandoms,,
nonrandom access,,,非随机存取;非随机访问,,,,,0,0,,,
nonrandom comparison group method,,,[计] 非随机比较分组法,,,,,0,0,,,
nonrandom comparison group methods,,,非随机比较分组法,,,,,0,0,,,
nonrandom damage,,,非随机性损害,,,,,0,0,,,
nonrandom data,,,非随机资料,,,,,0,0,,,
nonrandom deviation,,,非随机偏离,,,,,0,0,,,
nonrandom distribution,,,非随机分布,,,,,0,0,,,
nonrandom index,,,非随机指数,,,,,0,0,,,
nonrandom injury,,,非随机性损害,,,,,0,0,,,
nonrandom key,,,非随机键,,,,,0,0,,,
nonrandom mating,,,[医] 选择性交配,,,,,0,0,,,
nonrandom probability sample,,,[统计] 非随机概率样本,,,,,0,0,,,
nonrandom sample,,,非随机样本,,,,,0,0,,,
nonrandom segregation,,,不随机分离,,,,,0,0,,,
nonrandom signal,,,[计] 非随机信号,,,,,0,0,,,
nonrandom structure,,,有序结构,,,,,0,0,,,
nonrandom subset,,,非随机子集,,,,,0,0,,,
nonrandom value,,,非随机值,,,,,0,0,,,
nonrandom variable,,,非随机变量,,,,,0,0,,,
nonrandomised,,,[网络] 非随机的,,,,,0,0,,,
nonrandomization,,,[网络] 线头可依非随机分布,,,,,0,0,,,
nonrandomize,,,使非随机化,,,,,0,0,,,
nonrandomized,,,[网络] 非随机,,,,,0,0,,,
nonrandomized decision function,,,非随机化决策函数,,,,,0,0,,,
nonrandomized estimator,,,[数] 非随机化估计量,,,,,0,0,,,
nonrandomized estimators,,,非随机化估计量,,,,,0,0,,,
nonrandomized risk set,,,非随机化风险集,,,,,0,0,,,
nonrandomized strategy,,,非随机化策略,,,,,0,0,,,
nonrandomized test,,,[数] 非随机化检验,,,,,0,0,,,
nonrandomizing,,,[网络] 非随机,,,,,0,0,,,
nonrandomly,,,[网络] 非随地,,,,,0,0,,,
nonrandomness,nɒn'rændəmnəs,,[医]非随机性,,,,,0,0,,,
nonrandoms,,,非随机的\n(nonrandom 的复数),,,,,0,0,0:nonrandom/1:s,,
nonrape,,,[网络] 非压缩,,,,,0,0,,,
nonraped,,,[网络] 不变形,,,,,0,0,,,
nonrapid,,,[网络] 非狂妄,,,,,0,0,,,
nonrapid eye movement,,, 非快速眼动,,,,,0,0,s:nonrapid eye movements,,
nonrapid eye movement sleep,,, 非快速眼动睡眠,,,,,0,0,s:nonrapid eye movement sleeps,,
nonrapid eye movement sleeps,,, 非快速眼动睡眠\n(nonrapid eye movement sleep 的复数),,,,,0,0,0:nonrapid eye movement sleep/1:s,,
nonrapid eye movements,,, [医]非快速眼球运动,,,,,0,0,0:nonrapid eye movement/1:s,,
nonrapist,,,[网络] 非专利,,,,,0,0,,,
nonrapists,,,[网络] 非专利权人,,,,,0,0,,,
nonrare,,,[网络] 不要了,,,,,0,0,,,
nonrarefied,,,[网络] 不道德,,,,,0,0,,,
nonraster,,,[网络] 非狂妄,,,,,0,0,,,
nonrat,,,[网络] 没有,,,,,0,0,,,
nonrated,'nɔn'reitid,,"a. 不列等级的,(尤指美国海军中)非军士级的",,,,,0,0,,,
nonratifiable,,,[网络] 不可分解,,,,,0,0,,,
nonratification,,,[网络] 非分类,,,,,0,0,,,
nonratified,,,[网络] 未分类,,,,,0,0,,,
nonratifying,,,[网络] 不合格,,,,,0,0,,,
nonrating,,,[网络] 不理性,,,,,0,0,,,
nonrational,,s not based on reason\ns obtained through intuition rather than from reasoning or observation,非理性的,,,,,0,0,,,
nonrational function,,,非有理函数,,,,,0,0,,,
nonrationalist,,,[网络] 非民族主义者,,,,,0,0,,,
nonrationalistic,,,[网络] 非国际主义,,,,,0,0,,,
nonrationality,,,[网络] 非理性,,,,,0,0,,,
nonrationalizable,,,[网络] 非国际化,,,,,0,0,,,
nonrationalized,,,[网络] 非国际化,,,,,0,0,,,
nonrationalized equation,,,无理方程式,,,,,0,0,,,
nonrationalized unit,,,无理单位；非制化单位,,,,,0,0,,,
nonrationed,,,[网络] 不分配,,,,,0,0,,,
nonrattling,'nɔn'rætliŋ,,减震,,,,,0,0,,,
nonraven,,,[网络] 不受欢迎,,,,,0,0,,,
nonravens,,,[网络] 非兽人,,,,,0,0,,,
nonraw,,,[网络] 非拉,,,,,0,0,,,
nonreacted,,,[网络] 没有反应,,,,,0,0,,,
nonreaction,,,[网络] 无反应；小我不予反应,,,,,0,0,,,
nonreactionary,,,[网络] 不相关,,,,,0,0,,,
nonreactions,,,[网络] 非反应,,,,,0,0,,,
nonreactive,'nɔnri'æktiv,,"a. 非电抗的, 不反应的, 无电抗的",j:100,,,,0,27339,,,
nonreactive circuit element,,,[电子] 无抗电路元件,,,,,0,0,,,
nonreactive component,,,无反应性成分,,,,,0,0,,,
nonreactive condition,,,无〔电〕抗状态,,,,,0,0,,,
nonreactive gas,,,非反应气体,,,,,0,0,,,
nonreactive load,,,无电抗负载,,,,,0,0,,,
nonreactivity,"'nɔn,ri(:)æk'tiviti",,"惰性, 无反应性",,,,,0,0,,,
nonreactor,,,[网络] 非反应器,,,,,0,0,,,
nonreactors,,,[网络] 非反应者,,,,,0,0,,,
nonreadable,,,[网络] 无法读取,,,,,0,0,,,
nonreader,'nɔn'ri:dә,n. a student who is very slow in learning to read,"n. 不能阅读的人, 阅读能力很差的孩子",,,,,0,0,s:nonreaders,,
nonreaders,,,[网络] 非读者,,,,,0,0,0:nonreader/1:s,,
nonreading,,,a. nonreader的变形,,,,,0,0,,,
nonready program,,,未就绪程式,,,,,0,0,,,
nonreaginic,,,[医] 非反应素的,,,,,0,0,,,
nonreal,,,[网络] 非现实,,,,,0,0,,,
nonreal expenditure,,,非实质支出,,,,,0,0,,,
nonreal revenue,,,非实质收入,,,,,0,0,,,
nonreal-time conversion subsystem,,,非即时转换子系统,,,,,0,0,,,
nonreal-time data automation system,,,非即时资料自动化系统,,,,,0,0,,,
nonreal-time processing,,,非实时处理,,,,,0,0,,,
nonreal-time system,,,非即时系统,,,,,0,0,,,
nonrealism,,,[网络] 非现实主义,,,,,0,0,,,
nonrealist,,,[网络] 非现实主义者,,,,,0,0,,,
nonrealistic,,,[网络] 非现实主义,,,,,0,0,,,
nonrealists,,,[网络] 非现实主义者,,,,,0,0,,,
nonrealities,,,[网络] 非现实,,,,,0,0,,,
nonreality,,,[网络] 非现实,,,,,0,0,,,
nonrealization,,,[网络] 非实现,,,,,0,0,,,
nonrealtime,,,[网络] 非实时的,,,,,0,0,,,
nonreappointment,,,n. 〔教〕解聘,,,,,0,0,,,
nonrearterialized,,,[网络] 非动员化,,,,,0,0,,,
nonreason,,,[网络] 非理性,,,,,0,0,,,
nonreasonable,,,[网络] 不合理,,,,,0,0,,,
nonreasoned,,,[网络] 无理由,,,,,0,0,,,
nonreasoning,,,[网络] 无理由,,,,,0,0,,,
nonreasons,,,[网络] 非理性,,,,,0,0,,,
nonreassuring,,,不容乐观的,,,,,0,0,,,
nonrebelling,,,[网络] 非排他性,,,,,0,0,,,
nonrebellious,,,[网络] 非小时,,,,,0,0,,,
nonrebreather,,,[网络] 非回流,,,,,0,0,,,
nonrebreathers,,,[网络] 非回流,,,,,0,0,,,
nonrebreathing,,,[网络] 非再呼吸,,,,,0,0,,,
nonrebreathing system,,,无复吸入装置,,,,,0,0,,,
nonrebreathing valve,,,无复吸入活瓣,,,,,0,0,,,
nonrecalled,,,[网络] 非预定,,,,,0,0,,,
nonreceipt,,,[网络] 收到；物品未收到,,,,,0,0,,,
nonreceipt notification,,,非接收通知,,,,,0,0,,,
nonreceipts,,,[网络] 非收益,,,,,0,0,,,
nonrecent,,,[网络] 不算,,,,,0,0,,,
nonrecently,,,[网络] 不真实,,,,,0,0,,,
nonreceptive,,,[网络] 不接受,,,,,0,0,,,
nonreceptivity,,,[网络] 不接受,,,,,0,0,,,
nonreceptor,,,[网络] 非受体,,,,,0,0,,,
nonreceptor protein kinase,,,非受体蛋白激酶,,,,,0,0,,,
nonrecessed,,,[网络] 未开槽的,,,,,0,0,,,
nonrecession,,,[网络] 非通货紧缩,,,,,0,0,,,
nonrecessionary,,,[网络] 不过分,,,,,0,0,,,
nonrecidivist,,,[网络] 非残留主义者,,,,,0,0,,,
nonrecidivists,,,[网络] 非重复主义者,,,,,0,0,,,
nonrecipient,,,[网络] 非接收者,,,,,0,0,,,
nonrecipients,,,[网络] 非收件人,,,,,0,0,,,
nonreciprocal,'nɔnri'siprәkәl,a not reciprocal,"单向的, 非交互的, 非互易的",,,,,0,0,,,
nonreciprocal circuit,,,[电子] 非互易电路,,,,,0,0,,,
nonreciprocal coupling,,,非倒易耦合,,,,,0,0,,,
nonreciprocal media,,,不可逆媒质；非互易媒质,,,,,0,0,,,
nonreciprocal net,,,[网络] 不可逆网络,,,,,0,0,,,
nonreciprocal network,,,不可逆网络,,,,,0,0,,,
nonreciprocal observation,,,单向观测,,,,,0,0,,,
nonreciprocal parametic amplifier,,,[电子] 非互易参量放大器,,,,,0,0,,,
nonreciprocal parametric amplifier,,,非互易参量放大器,,,,,0,0,,,
nonreciprocal phase-shifter,,,非互易移相器,,,,,0,0,,,
nonreciprocal polarization rotator,,,[物] 非互易极化旋转器,,,,,0,0,,,
nonreciprocal preference,,,[贸易] 非互惠优惠,,,,,0,0,,,
nonreciprocal preferential treatment,,,[贸易] 非互惠性优惠待遇,,,,,0,0,,,
nonreciprocal trade,,,非互惠贸易,,,,,0,0,,,
nonreciprocal trade preference,,,[贸易] 非互惠性贸易优惠,,,,,0,0,,,
nonreciprocal treatment,,,非互惠待遇,,,,,0,0,,,
nonreciprocally,,,[网络] 不可逆的,,,,,0,0,,,
nonreciprocated,,,[网络] 不可逆转,,,,,0,0,,,
nonreciprocating,,,[网络] 不可逆的,,,,,0,0,,,
nonreciprocities,,,[网络] 不可逆性,,,,,0,0,,,
nonreciprocity,,,非倒易性,,,,,0,0,,,
nonreciprocity concept,,,非互惠概念,,,,,0,0,,,
nonrecirculating,,,n. 非再环行,,,,,0,0,,,
nonreclining,,,[网络] 不倾斜,,,,,0,0,,,
nonreclosing pressure relief device,,,不重关的卸压装置,,,,,0,0,,,
nonrecognition,nɒn.rekәg'niʃәn,,n. 不承认,n:100,,,,0,38848,s:nonrecognitions,,
nonrecognitions,",nɑnrɛkəg'nɪʃən",,n. 不承认,,,,,0,0,0:nonrecognition/1:s,,
nonrecognizable,,,[网络] 不可识别,,,,,0,0,,,
nonrecoil,'nɔnri'kɔil,,"无反冲, 无后坐",,,,,0,0,,,
nonrecombinant,",nɔnri:'kɔmbinәnt",,n. & adj.[生]非(基因)重组体(的),,,,,0,0,,,
nonrecombinants,",nɒnriː'kɒmbɪnənt",,"n., adj.\n【遗传学】非(基因)重组体(的)",,,,,0,0,,,
nonrecombining,,,[网络] 重组,,,,,0,0,,,
nonrecommended innovation,,,非倡用创新,,,,,0,0,,,
nonreconfigurable,,,[网络] 不可配置,,,,,0,0,,,
nonreconstituted,,,[网络] 非重构,,,,,0,0,,,
nonreconstructed,,,[网络] 非重建,,,,,0,0,,,
nonreconstructive inversion,,,非重建性转换,,,,,0,0,,,
nonrecord,,,非记录,,,,,0,0,,,
nonrecordable,,,[网络] 熄灭而不能记录,,,,,0,0,,,
nonrecorded,,,[网络] 没有记录,,,,,0,0,,,
nonrecording,,,[网络] 不记录,,,,,0,0,,,
nonrecording gage,,,[网络] 普通水位计,,,,,0,0,,,
nonrecording gauge,,,非自记水位计,,,,,0,0,,,
nonrecording rain gage,,,非自记式雨量计,,,,,0,0,,,
nonrecording spectrophotometer,,,非自记分光光度计,,,,,0,0,,,
nonrecourse,'nɔnri'kɔ:s,,(=without recourse)无追索权,,,,,0,0,,,
Nonrecourse loan,,,无追索权贷款,,,,,0,0,,,
nonrecoverable,'nɔnri'kʌvәrәbl,,无法收回[收复]的,,,,,0,0,,,
nonrecoverable deformation,,,不可逆变形,,,,,0,0,,,
nonrecoverable error,,,不可改正的错误,,,,,0,0,,,
nonrecoverable pod,,,[航] 不可回收舱,,,,,0,0,,,
nonrecoverable program error,,,不可改正的程序错误,,,,,0,0,,,
nonrecoverable scrap,,,不能收回的刮削,,,,,0,0,,,
nonrecoverable status,,,不可恢复状态,,,,,0,0,,,
nonrecoverable timbering,,,[网络] 不回收的撑垫木材,,,,,0,0,,,
nonrecoverable transaction,,,不可恢复的事务处理;不可恢复事项,,,,,0,0,,,
nonrecovery,,,[网络] 非复原,,,,,0,0,,,
nonrecreational,,,[网络] 不协调,,,,,0,0,,,
nonrecruited,,,[网络] 非严格,,,,,0,0,,,
nonrecruiting,,,[网络] 不重要,,,,,0,0,,,
nonrectangular,,,[计][修]非矩形，非直角，非等轴,,,,,0,0,,,
nonrectification,nɒnrektɪfɪ'keɪʃn,,n.非整流性(不能整流),,,,,0,0,,,
nonrectifying,,,[网络] 不矫正,,,,,0,0,,,
nonrectifying contact,,,非整流接触,,,,,0,0,,,
nonrectifying inspection,,,非伸长检验,,,,,0,0,,,
nonrectilinear,,,[网络] 非直线性,,,,,0,0,,,
nonrectilinear correlation,,,非直线相关,,,,,0,0,,,
nonrectilinear motion,,,非直线运动,,,,,0,0,,,
nonrecuperative,,,[网络] 非复数,,,,,0,0,,,
nonrecuperative turbine,,,非再热式涡轮机,,,,,0,0,,,
nonrecur,,,[网络] 非审计服务归类为非重复性,,,,,0,0,,,
nonrecuring,",nɔnri'k\\\\:riŋ",,"a. 不重现的,不再发生的",,,,,0,0,,,
nonrecurrence,,,[网络] 非常返,,,,,0,0,,,
nonrecurrent,'nɔnri'kʌrәnt,a. Not recurring.,"a. 不再发生的,不反复出现的,不复发的",,,,,0,0,,,
nonrecurrent apomixis,,,非重复无融合生殖,,,,,0,0,,,
nonrecurrent chain,,,[数] 非回归链,,,,,0,0,,,
nonrecurrent cost,,,偶生费用,,,,,0,0,,,
nonrecurrent expenditure,,,临时支出,,,,,0,0,,,
nonrecurrent expense,,,偶生费用,,,,,0,0,,,
nonrecurrent parent,,,非回归亲本,,,,,0,0,,,
nonrecurrent phenomenon,,,非循环现象,,,,,0,0,,,
nonrecurrent point,,,[数] 非回归点,,,,,0,0,,,
nonrecurrent receipts,,,非经常收入,,,,,0,0,,,
nonrecurrent revenue,,,临时收入，临时所入,,,,,0,0,,,
nonrecurrent wave,,,周期波,,,,,0,0,,,
nonrecurring,'nɔnri'kә:riŋ,a. Nonrecurrent.,"a. 不是一再发生的\n[经] 临时业务, 偶生业务",,,,,0,0,,,
Nonrecurring Charge,,,临时费用；偶生开支；营业外支出；不再发生的费用,,,,,0,0,,,
nonrecurring cost,,,非经常成本;偶生费用,,,,,0,0,,,
nonrecurring expense,,,一次性费用,,,,,0,0,,,
nonrecurring gain,,,偶生利益,,,,,0,0,,,
nonrecurring gain or loss,,,非经常性损益,,,,,0,0,,,
nonrecurring gains,,,偶生利益;非经常收入,,,,,0,0,,,
nonrecurring gains and loss,,,非经常损益,,,,,0,0,,,
nonrecurring income,,,非经常收入;偶生收益;一次性收入,,,,,0,0,,,
nonrecurring issue,,,非重复军品,,,,,0,0,,,
nonrecurring profit,,,非经常利润,,,,,0,0,,,
nonrecurring profit and loss,,,一次性损益;偶生损益,,,,,0,0,,,
nonrecurring provisions,,,一次性拨款,,,,,0,0,,,
nonrecurring sources of income,,,一次性收入来源,,,,,0,0,,,
nonrecursive,,,[网络] 非递回；非递归型；非递推,,,,,0,0,,,
nonrecursive digital filter,,,[电子] 非循环数字滤波器,,,,,0,0,,,
nonrecursive filter,,,[电子] 非递归滤波器,,,,,0,0,,,
nonrecursive grammar,,,[计] 非递归文法,,,,,0,0,,,
nonrecursive list compacting algorithm,,,[计] 非递归表紧凑算法,,,,,0,0,,,
nonrecursive realization,,,[计] 非递归实现,,,,,0,0,,,
nonrecursive set,,,[数] 非递归集,,,,,0,0,,,
nonrecursive system,,,非递归系统,,,,,0,0,,,
nonrecursively,,,[网络] 非正式地,,,,,0,0,,,
nonrecyclable,,,[网络] 不可回收,,,,,0,0,,,
nonrecyclables,,,[网络] 不可回收,,,,,0,0,,,
nonrecycled,,,[网络] 非循环,,,,,0,0,,,
nonrecycler,,,[网络] 非循环,,,,,0,0,,,
nonrecyclers,,,[网络] 非循环型,,,,,0,0,,,
nonrecycling,,,[网络] 非循环,,,,,0,0,,,
nonredacted,,,[网络] 未经确认,,,,,0,0,,,
nonredeemable,,,[网络] 不可兑现,,,,,0,0,,,
nonredeemed,,,[网络] 不兑现,,,,,0,0,,,
nonredemptive,,,[网络] 不忠于,,,,,0,0,,,
nonreduced,,,[网络] 非还原,,,,,0,0,,,
nonreducible,,,[网络] 不可约,,,,,0,0,,,
nonreducing,,,[网络] 非还原,,,,,0,0,,,
nonreduction,",nɔnri'dʌkʃәn",,n. [生](同源染色体的)非减数,,,,,0,0,,,
nonreductional,,,[网络] 非还原,,,,,0,0,,,
nonreductionism,,,[网络] 非化约论,,,,,0,0,,,
nonreductionist,,,[网络] 非还原剂,,,,,0,0,,,
nonreductionistic,,,[网络] 非还原性,,,,,0,0,,,
nonreductionists,,,[网络] 非还原者,,,,,0,0,,,
nonreductive,,,[网络] 非还原,,,,,0,0,,,
nonredundancy,,,n. 非冗余性\n[网络] 无冗余性,,,,,0,0,,,
nonredundant,,,[网络] 非冗余；非冗余的,,,,,0,0,,,
nonredundant coding,,,非冗余编码,,,,,0,0,,,
nonredundant cover,,,[数] 非冗余覆盖,,,,,0,0,,,
nonredundant network,,,非冗余网络,,,,,0,0,,,
nonredundant segment,,,非冗余段,,,,,0,0,,,
nonredundant system,,,【计算机】非冗余系统 [亦作 simplex structure],,,,,0,0,,,
nonreduplicative,,,[网络] 非重复性,,,,,0,0,,,
nonreefal,,,[网络] 非书面,,,,,0,0,,,
nonreentrant,,,非重入,,,,,0,0,,,
nonreentrant format,,,非重入结构形式,,,,,0,0,,,
nonreepithelialization,,,非上皮再形成,,,,,0,0,,,
NONREF,,,[网络] 不能退；填写,,,,,0,0,,,
nonreferee method test,,,仲裁法试验,,,,,0,0,,,
nonrefereed,,,[网络] 没有参加,,,,,0,0,,,
nonreference,,,[网络] 非指涉性,,,,,0,0,,,
nonreference object,,,非引用对象,,,,,0,0,,,
nonreferenced,,,[网络] 参考,,,,,0,0,,,
nonreferent,,,[网络] 无关紧要,,,,,0,0,,,
nonreferential,,,[网络] 无指,,,,,0,0,,,
nonreferentiality,,,[网络] 非特异性,,,,,0,0,,,
nonreferentially,,,[网络] 非周期性,,,,,0,0,,,
nonreferents,,,[网络] 无关紧要,,,,,0,0,,,
nonreferral,,,[网络] 非递交,,,,,0,0,,,
nonreferred,,,[网络] 非优先,,,,,0,0,,,
nonreferring,,,[网络] 非推荐,,,,,0,0,,,
nonrefillable,,,[网络] 不可评价,,,,,0,0,,,
nonreflecting,,,adj. 非反射的\n[网络] 无反射,,,,,0,0,,,
nonreflecting bead,,,无反射垫圈,,,,,0,0,,,
nonreflecting boundary condition,,,无反射边界条件,,,,,0,0,,,
nonreflecting coating,,,非反射镀层,,,,,0,0,,,
nonreflective,,,[网络] 非反射性,,,,,0,0,,,
nonreflective coatings,,,非反射涂料,,,,,0,0,,,
nonreflective ink,,,[计] 无反射墨水,,,,,0,0,,,
nonreflex,,,[网络] 非反射,,,,,0,0,,,
nonreflex bladder,,,无反射性膀胱,,,,,0,0,,,
nonreflexive,'nɔnri'fleksiv,,非自反的,,,,,0,0,,,
nonreflexive relation,,,非自反关系,,,,,0,0,,,
nonreform,,,[网络] 不变,,,,,0,0,,,
nonreformable,,,[网络] 不可更改,,,,,0,0,,,
nonreformed,,,[网络] 未改正,,,,,0,0,,,
nonreforming,,,[网络] 不重要,,,,,0,0,,,
nonrefoulement,,,[网络] 遣返,,,,,0,0,,,
nonrefoulment,,,[网络] 不驱回,,,,,0,0,,,
nonrefracting,,,[网络] 非折射,,,,,0,0,,,
nonrefractive,,,[医] 非折射的,,,,,0,0,,,
nonrefractory,,,[网络] 非耐用性,,,,,0,0,,,
nonrefreshing,,,[网络] 不放心,,,,,0,0,,,
nonrefrigerated,'nɔnri'fridʒәreitid,,无冷却的,,,,,0,0,,,
nonrefuelling,'nɔnri:'fjuәliŋ,,不加油,,,,,0,0,,,
nonrefugee,,,[网络] 非难民,,,,,0,0,,,
nonrefugees,,,[网络] 非难民,,,,,0,0,,,
nonrefundable,",nɔnri'fʌndәbl",,a. 不可归还的,j:100,,,,0,29689,,,
nonrefunded,,,[网络] 不退货,,,,,0,0,,,
nonrefusal,,,[网络] 不反对,,,,,0,0,,,
nonrefusals,,,[网络] 非反驳,,,,,0,0,,,
nonregardance,,,[网络] 无关紧要,,,,,0,0,,,
nonregeneratability,'nɔnri^enәrәtә'biliti,,不可更新性,,,,,0,0,,,
nonregenerative,,,[网络] 再生性,,,,,0,0,,,
nonregenerative laser amplifier,,,非再生激光放大器;非再生式激光放大器,,,,,0,0,,,
nonregenerative laser oscillator,,,非再生式激光振荡器,,,,,0,0,,,
nonregenerative life support system,,,非再生式生命保障系统,,,,,0,0,,,
nonregent,nɔn'ri:dʒənt,n. A master of arts whose regency has ceased. See Regent.,"a. (英国大学中文科硕士担任校内高级评议员的)终止的, 免职的",,,,,0,0,,,
nonregents,nɔn'ri:dʒənt,,adj.\n(英国大学中文科硕士担任校内高级评议员的)终止的，免职的,,,,,0,0,,,
nonregimental,,,[网络] 非理性的,,,,,0,0,,,
nonregion,,,[网络] 非区域,,,,,0,0,,,
nonregional,,,[网络] 非区域性,,,,,0,0,,,
nonregioselective,,,[网络] 非选择性,,,,,0,0,,,
nonregister,,,[网络] 不注册,,,,,0,0,,,
nonregister system,,,无纪录器系统，不计次系统,,,,,0,0,,,
nonregisterable,,,[网络] 不可注册,,,,,0,0,,,
nonregistered,'nɔn'redʒistәd,,"非注册的, 非登记的",,,,,0,0,,,
nonregistering,'nɔn'redʒistәriŋ,,"不记录的, 不计数的",,,,,0,0,,,
nonregistrable,,,[网络] 不可注册,,,,,0,0,,,
nonregistration,,,[网络] 非注册,,,,,0,0,,,
nonregular,'nɔn're^julә,,"非正规的, 非正则的",,,,,0,0,,,
nonregular character,,,非常规字符,,,,,0,0,,,
nonregular estimator,,,非正规估计量,,,,,0,0,,,
nonregular income,,,不属经常固定收入,,,,,0,0,,,
nonregular operator,,,[数] 非正规算子,,,,,0,0,,,
nonregular service,,,[交] 不定期航次,,,,,0,0,,,
nonregular set,,,非正规集,,,,,0,0,,,
nonregular solution,,,非规则溶液,,,,,0,0,,,
nonregular train,,,非(列车时刻表)规定的列车,,,,,0,0,,,
nonregularities,,,[网络] 非规则,,,,,0,0,,,
nonregularity,,,[网络] 非规则性,,,,,0,0,,,
nonregularizable,,,[网络] 不规则化,,,,,0,0,,,
nonregularized,,,[网络] 非规则化,,,,,0,0,,,
nonregulars,,,[网络] 非规则,,,,,0,0,,,
nonregulated,,,[网络] 非管制,,,,,0,0,,,
nonregulated discharge,,, 非第量,,,,,0,0,,,
nonregulating,,,[网络] 非监管,,,,,0,0,,,
nonregulation,,,[网络] 不管制,,,,,0,0,,,
nonregulatory,,,[网络] 非监管,,,,,0,0,,,
nonrehabilitation,,,[网络] 非康复,,,,,0,0,,,
nonrehabilitative,,,[网络] 非修复,,,,,0,0,,,
nonrehydrated,,,[网络] 非脱水,,,,,0,0,,,
nonreimbursable,,,[网络] 无偿报销,,,,,0,0,,,
nonreimbursable assistance,,,无偿援助,,,,,0,0,,,
nonreinforced,'nɔnri:in'fɔ:st,,无钢筋的,,,,,0,0,,,
nonreinforcement,,,[网络] 非强化；不予强化,,,,,0,0,,,
nonreinstated,,,[网络] 非清算,,,,,0,0,,,
nonrejected,,,[网络] 没有注意,,,,,0,0,,,
nonrejection,,,[网络] 强制性,,,,,0,0,,,
nonrejection region,,,非否定区域,,,,,0,0,,,
nonrejections,,,[网络] 不重复,,,,,0,0,,,
nonrelapse,,,[网络] 不复发,,,,,0,0,,,
nonrelatable,,,[网络] 不相关,,,,,0,0,,,
nonrelated,,,[网络] 无关,,,,,0,0,,,
nonrelatedness,,,[网络] 不相关,,,,,0,0,,,
nonrelation,,,[网络] 非关系,,,,,0,0,,,
nonrelational,,,[网络] 非关系,,,,,0,0,,,
nonrelations,,,[网络] 不相关,,,,,0,0,,,
nonrelationship,,,[网络] 非关系,,,,,0,0,,,
nonrelationships,,,[网络] 非关系,,,,,0,0,,,
nonrelative,'nɒnrɪlətɪv,, [医]非亲缘,,,,,0,0,,,
nonrelatives,,,[网络] 非相关性,,,,,0,0,,,
nonrelativistic,'nɔnrelәti'vistik,,[物]非相对论性的,j:100,,,,0,45096,,,
nonrelativistic approximation,,,非相对论性近似,,,,,0,0,,,
nonrelativistic classical mechanics,,,[力] 非相对论性古典力学,,,,,0,0,,,
nonrelativistic cosmology,,,非相对论性宇宙学,,,,,0,0,,,
nonrelativistic kinematics,,,非相对论性运动学,,,,,0,0,,,
nonrelativistic limit,,,[相对] 非相对论性极限,,,,,0,0,,,
nonrelativistic mechanics,,,非相对论性力学,,,,,0,0,,,
nonrelativistic particle,,,非相对论性粒子,,,,,0,0,,,
nonrelativistic quantum mechanics,,,(量子)非相对论性量子力学,,,,,0,0,,,
nonrelativistically,,,adv. nonrelativistic的变形,,,,,0,0,,,
nonrelativisticparticle,,,非相对性粒子,,,,,0,0,,,
nonrelaxation,,,[网络] 非松弛,,,,,0,0,,,
nonrelaxed,,,[网络] 不松弛,,,,,0,0,,,
nonrelaxing,,,[网络] 不松动,,,,,0,0,,,
nonreleasable,,,[网络] 不可释放,,,,,0,0,,,
nonrelevance,,,[网络] 不相关,,,,,0,0,,,
nonrelevant,,,[网络] 非相关的；非关联的,,,,,0,0,,,
nonrelevant document,,,非关联文件;非相关资料,,,,,0,0,,,
nonrelevant failure,,,非关联失效,,,,,0,0,,,
nonreliability,,,[网络] 不可靠,,,,,0,0,,,
nonreliable,,,[网络] 不可靠,,,,,0,0,,,
nonreliance,nɒn'rilains,,n. 不信赖,,,,,0,0,,,
nonreligion,,,[网络] 非约束力,,,,,0,0,,,
nonreligions,,,[网络] 非义务,,,,,0,0,,,
nonreligious,,,[网络] 非宗教性；无神论者；不信教,,,,,0,0,,,
nonreligious people,,,[网络] 非宗教人士\n(nonreligious person 的复数),,,,,0,0,0:nonreligious person/1:s,,
nonreligious person,,,[网络] 非宗教人士,,,,,0,0,s:nonreligious people,,
nonreligiously,,,[网络] 非宗教的,,,,,0,0,,,
nonreligiousness,,,[网络] 非宗教信仰,,,,,0,0,,,
nonreloadable,,,[网络] 不可加载,,,,,0,0,,,
nonrelocatable,,,[网络] 不可定位,,,,,0,0,,,
nonrelocatable phase,,,不可浮动阶段,,,,,0,0,,,
nonrelocated,,,[网络] 未分配,,,,,0,0,,,
nonrelocating,,,[网络] 非定位,,,,,0,0,,,
nonremarkable,,,[网络] 不重要,,,,,0,0,,,
nonremedial,,,[网络] 非内脏,j:100,,,,0,0,,,
nonremethylatable,,,[网络] 不可甲基化,,,,,0,0,,,
nonremission,,,[网络] 不复存在,,,,,0,0,,,
nonremittal,,,[网络] 无礼,,,,,0,0,s:nonremittals,,
nonremittals,,,[网络] 无礼\n(nonremittal 的复数),,,,,0,0,0:nonremittal/1:s,,
nonremote,,,[网络] 非远程,,,,,0,0,,,
nonremovable,'nɔnri'mu:vәbl,,不可拆卸的,,,,,0,0,,,
nonremovable discontinuity,,,非可去不连续点,,,,,0,0,,,
nonremoved,,,[网络] 没有删除,,,,,0,0,,,
nonremunerated,,,[网络] 非反社会,,,,,0,0,,,
nonremuneration,,,[网络] 非社会,,,,,0,0,,,
nonremunerative,'nɔnri'mju:nәrәtiv,,"无偿的, 不合算的",,,,,0,0,,,
nonrenal,,,[网络] 非经肾,,,,,0,0,,,
nonrendition,,,[网络] 不排除,,,,,0,0,,,
nonrenewable,ˌnɒnrɪ'nju:əb,a that can not be renewed,a. 不可再生的; 不可更新的,j:100,,,,0,24986,,,
nonrenewable energy resources,,,un. 不能更新的能源\n[网络] 不可再生性资顲,,,,,0,0,,,
nonrenewable energy source,,,非再生性能源,,,,,0,0,,,
nonrenewable fuse unit,,,[电] 不更新熔线,,,,,0,0,,,
nonrenewable natural resources,,,un. 不能再生的自然资源\n[网络] 翁逸群,,,,,0,0,,,
nonrenewable resource,,,un. 非更新资源；非可更新资源\n[网络] 不可再生资源；非再生资源；不可再生资能源,,,,,0,0,,,
nonrenewable resources,,,非再生资源,,,,,0,0,,,
nonrenewables,,,[网络] 不可再生,,,,,0,0,,,
nonrenewal,,,[网络] 非续约,,,,,0,0,,,
nonrenewals,,,[网络] 非续约,,,,,0,0,,,
nonrenewed,,,[网络] 不重新,,,,,0,0,,,
nonrenewer,,,[网络] 不更换,,,,,0,0,,,
nonrenewers,,,[网络] 非流通者,,,,,0,0,,,
nonrenewing,,,[网络] 不重复,,,,,0,0,,,
nonrenormalisable,,,[网络] 非正常的,,,,,0,0,,,
nonrenormalizability,,,[网络] 非正规化,,,,,0,0,,,
nonrenormalizable,,,[网络] 不可重正的,,,,,0,0,,,
nonrenormalized,,,[网络] 非正规化,,,,,0,0,,,
nonrenovated,,,[网络] 没有革新,,,,,0,0,,,
nonrentable,,,[网络] 不流利的,,,,,0,0,,,
nonrental,,,[网络] 非现代,,,,,0,0,,,
nonrepaid,,,[网络] 无赔偿,,,,,0,0,,,
nonrepairable,,,[网络] 不可修理,,,,,0,0,,,
nonrepaired,,,[网络] 未修复,,,,,0,0,,,
nonrepaired item,,,未修品,,,,,0,0,,,
nonrepaired unit,,,未修元件,,,,,0,0,,,
nonrepayable,,,[网络] 不可支配,,,,,0,0,,,
nonrepaying,,,[网络] 不参加,,,,,0,0,,,
nonrepayment,,,[网络] 不付款,,,,,0,0,,,
nonrepayments,,,[网络] 不履行,,,,,0,0,,,
nonrepeat,,,[网络] 非重复,,,,,0,0,,,
nonrepeatability,'nɔnripi:tә'biliti,,不可重复性,,,,,0,0,,,
nonrepeatable,,,[网络] 不可重复读,,,,,0,0,,,
nonrepeatable edit descriptor,,,不可重复编辑描述符,,,,,0,0,,,
nonrepeatable read,,,不可重复读取,,,,,0,0,,,
nonrepeated,,,[网络] 不重复,,,,,0,0,,,
nonrepeated dna,,,不重复DNA序列,,,,,0,0,,,
nonrepeated run approach,,,非重复运行方式,,,,,0,0,,,
nonrepeating,,,[网络] 不重复,,,,,0,0,,,
nonrepeating decimal,",nɔnri'pi:tiŋ",,【数学】不循环小数,,,,,0,0,,,
nonrepeating-decimal,,,[网络] 无限不循环小数,,,,,0,0,,,
nonrepellent,,,[网络] 无瑕疵,,,,,0,0,,,
nonrepentance,,,[网络] 不悔改,,,,,0,0,,,
nonrepentant,,,[网络] 不悔改,,,,,0,0,,,
nonrepetatur,"'nɔn,repi'teitә(r)",,不要重配(药),,,,,0,0,,,
nonrepetitious,,,[网络] 不重要的,,,,,0,0,,,
nonrepetitive,,,[网络] 重复,,,,,0,0,,,
nonrepetitive manufacturing process,,,非重复的制造程序,,,,,0,0,,,
nonrepetitive polymer,,,非重复性聚合物,,,,,0,0,,,
nonrepetitive sequence,,,非重复顺序,,,,,0,0,,,
nonrepetitive transaction,,,[经管] 非循环性业务,,,,,0,0,,,
nonrepetitively,,,[网络] 不客气,,,,,0,0,,,
nonreplaceable,,,[网络] 不可替代,,,,,0,0,,,
nonreplaceable unit,,,非可替换单元,,,,,0,0,,,
nonreplacement problem,,,不置换问题,,,,,0,0,,,
nonreplicability,,,[网络] 不可复制性,,,,,0,0,,,
nonreplicable,,,[网络] 不重要,,,,,0,0,,,
nonreplicated,,,[网络] 不复制,,,,,0,0,,,
nonreplicating,,,[网络] 不复制,,,,,0,0,,,
nonreplication,,,[网络] 不复制,,,,,0,0,,,
nonreplicative,nɒn'replɪkətɪv,,[医]非复制性的,,,,,0,0,,,
nonreplicative transposition,,,非复制型转座,,,,,0,0,,,
nonreplier,,,[网络] 不重复,,,,,0,0,,,
nonrepliers,,,[网络] 非承租人,,,,,0,0,,,
nonreplies,,,[网络] 非复数,,,,,0,0,,,
nonreply,,,[网络] 不现实,,,,,0,0,,,
nonreply call,,,无应答唿叫,,,,,0,0,,,
nonreplying,,,[网络] 不适用,,,,,0,0,,,
nonreportable,,,[网络] 非报告,,,,,0,0,,,
nonreported,,,[网络] 不报告,,,,,0,0,,,
nonreporters,,,[网络] 非参与者,,,,,0,0,,,
nonreporting,,,[网络] 非报告,,,,,0,0,0:nonreport/1:i,,
nonrepresentable,,,[网络] 不可代表,,,,,0,0,,,
nonrepresentation,,,[网络] 不陈述,,,,,0,0,,,
nonrepresentational,"'nɔn,reprizen'teiʃәnәl",a. of or relating to a style of art in which objects do not resemble those known in physical nature,"a. 非写实的, 抽象的",j:100,,,,0,39649,,,
nonrepresentationalism,,,n. 非写实主义,,,,,0,0,,,
nonrepresentationality,,,[网络] 非代表性,,,,,0,0,,,
nonrepresentationally,,,[网络] 非代表性,,,,,0,0,,,
nonrepresentative,,,[网络] 非代议性；非表现性的,,,,,0,0,,,
nonrepresented,,,[网络] 无代表,,,,,0,0,,,
nonrepressed,,,[网络] 不压制,,,,,0,0,,,
nonrepressive,,,[网络] 非潜抑,,,,,0,0,,,
nonreproduced,,,[网络] 非重现,,,,,0,0,,,
nonreproducibility,,,"不可复制性, 不复现性",,,,,0,0,,,
nonreproducible,,,adj. 〔物〕非重现性的,,,,,0,0,,,
nonreproducible assets,,,不能再生产的资产,,,,,0,0,,,
nonreproducible drawing,,,不能复制的图,,,,,0,0,,,
nonreproducible tangible assets,,,不能再生产的有形资产,,,,,0,0,,,
nonreproducing,,,[网络] 不再生产,,,,,0,0,,,
nonreproducing code,,,[电] 非复制码,,,,,0,0,,,
nonreproduction,,,[网络] 非生产,,,,,0,0,,,
nonreproductive,"'nɔn,ri:prә'dʌktiv",,a. 无生殖力的,j:100,,,,0,45725,,,
nonreproductives,"'nɒn,riːprə'dʌktɪv",,adj.\n无生殖力的,,,,,0,0,,,
nonreptile,,,[网络] 非爬行动物,,,,,0,0,,,
nonreptiles,,,[网络] 非吸血者,,,,,0,0,,,
nonrepublic,,,[网络] 非公有制,,,,,0,0,,,
nonrepublics,,,[网络] 非共同体,,,,,0,0,,,
nonrepudiation,,,认可,,,,,0,0,,,
nonrepugnance,,,[网络] 不耐烦,,,,,0,0,,,
nonrepulsive,,,[网络] 非排斥性,,,,,0,0,,,
nonrequested,,,[网络] 非请求,,,,,0,0,,,
nonrequesting terminal program,,,非请求终端程式,,,,,0,0,,,
nonrequired,,,[网络] 不需要,,,,,0,0,,,
nonrequired time,,,无需求时间,,,,,0,0,,,
nonrequirement,,,[网络] 非要求,,,,,0,0,,,
nonrequirements,,,[网络] 非要求,,,,,0,0,,,
nonresalable,,,[网络] 不可转让,,,,,0,0,,,
nonresaleable,,,[网络] 不可拆卸,,,,,0,0,,,
nonrescuers,,,[网络] 非居民,,,,,0,0,,,
nonresealable,,,[网络] 不可密切,,,,,0,0,,,
nonresearch,,,[网络] 非研究,,,,,0,0,,,
nonresearched,,,[网络] 未经审查,,,,,0,0,,,
nonresearcher,,,[网络] 非研究者,,,,,0,0,,,
nonresearchers,,,[网络] 非研究者,,,,,0,0,,,
nonresearching,,,[网络] 不研究,,,,,0,0,,,
nonresectabl,,,不可切除的,,,,,0,0,,,
nonresectable,,,[网络] 不可切除,,,,,0,0,,,
nonresectional,,,[网络] 非断层,,,,,0,0,,,
nonresemblance,,,[网络] 不相似,,,,,0,0,,,
nonreserpinized,,,[网络] 非扣除,,,,,0,0,,,
nonreservation,,,[网络] 非保证类预订,,,,,0,0,,,
nonreserve,,,[网络] 若贴著无订位；若贴着无订位,,,,,0,0,,,
nonreserved,,,[网络] 非保留,,,,,0,0,,,
nonreset,,,[网络] 无需复,,,,,0,0,,,
nonreset counter,,,无需复位计数器,,,,,0,0,,,
nonreset timer,,,[电] 不复置定时器,,,,,0,0,,,
nonresettable,,,[网络] 不可回避,,,,,0,0,,,
nonresidence,nɒn'rezidәns,"n. The state or condition of being nonresident,",n. 不住在工作所在地,,,,,0,0,,,
nonresidences,",nɑn'rɛzədəns",,n. 不住在任所,,,,,0,0,,,
nonresidencies,,,[网络] 不存在,,,,,0,0,,,
nonresidency,,,[网络] 非加拿大居民置产,,,,,0,0,,,
nonresident,nɒn'rezidәnt,n. someone who does not live in a particular place\na. not living in a particular place or owned by permanent residents,"a. 不住在工作所在地的, 走读的\nn. 不住在工作所在地的人, 走读生",,,,,0,0,s:nonresidents,,
nonresident alien,,,非居民外国人（在美国采用的概念）,,,,,0,0,,,
nonresident alien spouse,,,非居民外国配偶,,,,,0,0,,,
nonresident aliens,,,非居民外国人,,,,,0,0,,,
nonresident borrower,,,外来借款者,,,,,0,0,,,
nonresident device handler,,,非常驻装置处置器,,,,,0,0,,,
nonresident error procedure,,,非常驻错误程序,,,,,0,0,,,
nonresident micro diagnostics,,,[计] 非常驻微诊断程序,,,,,0,0,,,
nonresident microdiagnostics,,,非常驻微诊断程序,,,,,0,0,,,
nonresident organization,,,un. 非居民机构,,,,,0,0,,,
nonresident overlay,,,非常驻覆盖,,,,,0,0,,,
nonresident portion,,,非常驻部分,,,,,0,0,,,
nonresident portion of a control program,,,控制程序的非常驻部分,,,,,0,0,,,
nonresident program,,,非常驻程式,,,,,0,0,,,
nonresident resource,,,非常驻资源,,,,,0,0,,,
nonresident routine,,,非驻留(例行)程序,,,,,0,0,,,
nonresident simulator computer system,,,非常驻模拟器电脑系统,,,,,0,0,,,
nonresident software,,,非驻留软件,,,,,0,0,,,
nonresident tax-payer,,,[税收] 非居民纳税人,,,,,0,0,,,
nonresident unit,,,非常住单位,,,,,0,0,,,
nonresidential,"'nɔn,rezi'denʃәl",a. not residential,"a. 非居住的,非住宅的",j:100,,,,0,32830,,,
nonresidential building,,,非居住用建筑物,,,,,0,0,,,
nonresidential fixed investment,,,非居住用固定投资额,,,,,0,0,,,
nonresidential structures,,,非居住用建筑物,,,,,0,0,,,
nonresidential structures investment,,,非住房建筑投资,,,,,0,0,,,
nonresidents,,plural of nonresident\nn. someone who does not live in a particular place\na. not living in a particular place or owned by permanent residents,"(nonresident 的复数) a. 不住在工作所在地的, 走读的\nn. 不住在工作所在地的人, 走读生",,,,,0,0,0:nonresident/1:s,,
nonresiding,,,[网络] 不留,,,,,0,0,,,
nonresidual,,,[网络] 非残疾,,,,,0,0,,,
nonresiduary,,,[网络] 非遗体,,,,,0,0,,,
nonresidue,,,[网络] 非剩余,,,,,0,0,,,
nonresidues,,,非剩余,,,,,0,0,,,
nonresilient,,,[网络] 非敏感,,,,,0,0,,,
nonresin,,nonresin (not comparable)\nNot of or pertaining to resin.\n\n\nnonresin (plural nonresins)\nA substance that is not resin.\n,,,,,,0,0,,,
nonresinous,,,[网络] 不含树脂的,,,,,0,0,,,
nonresinous oil,,,无树脂润滑油,,,,,0,0,,,
nonresins,,,[网络] 非树脂,,,,,0,0,,,
nonresiny,,,[网络] 不留神,,,,,0,0,,,
nonresistance,.nɒnri'zistәns,n. group refusal to resort to violence even in defense against violence,"n. 不主张武力抗暴者, 不抵抗主义",,,,,0,0,s:nonresistances,,
nonresistance mineral,,,不稳定矿物,,,,,0,0,,,
nonresistances,",nɑnrɪ'zɪstəns",,n. 不抵抗主义，不抵抗,,,,,0,0,0:nonresistance/1:s,,
nonresistant,.nɒnri'zistәnt,s. offering no resistance,"a. 不抵抗的, 不抵抗主义者的\nn. 不抵抗, 不抵抗主义者",,,,,0,0,,,
nonresister,,,[网络] 非拒绝,,,,,0,0,,,
nonresisting,,,[网络] 不存在,,,,,0,0,,,
nonresistor,,,[网络] 非电阻器,,,,,0,0,,,
nonresistors,,,[网络] 非电阻器,,,,,0,0,,,
nonresizable,,,[网络] 不可分割,,,,,0,0,,,
nonresolution,,,[网络] 非分辨率,,,,,0,0,,,
nonresolvable,,,[网络] 不可解决,,,,,0,0,,,
nonresolved,,,[网络] 未解决,,,,,0,0,,,
nonresonance,,,[网络] 非共振,,,,,0,0,,,
nonresonance line,,,非共振线,,,,,0,0,,,
nonresonant,'nɔn'rezәnәnt,a not reverberant; lacking a tendency to reverberate,非共振[谐]的,,,,,0,0,,,
nonresonant antenna,,,非共振天线,,,,,0,0,,,
nonresonant array,,,非共振(天线)阵列,,,,,0,0,,,
nonresonant circuit,,,[电子] 非谐振电路,,,,,0,0,,,
nonresonant diffusion acceleration,,,非共振扩散加速,,,,,0,0,,,
nonresonant diffusion heating,,,非共振扩散加热,,,,,0,0,,,
nonresonant line,,,[电] 无驻波线,,,,,0,0,,,
nonresonant particle,,,非共振粒子,,,,,0,0,,,
nonresonant reaction,,,非共振反应,,,,,0,0,,,
nonresonantly,,,[网络] 非共鸣,,,,,0,0,,,
Nonresorbable,,,不可吸收性,,,,,0,0,,,
nonresorbable material,,,不可吸收性物质,,,,,0,0,,,
nonresorptive,,,[网络] 非吸收性,,,,,0,0,,,
nonrespectable,,,[网络] 不可接受,,,,,0,0,,,
nonrespectful,,,[网络] 不尊重,,,,,0,0,,,
nonrespirable,,,[网络] 不可倾销,,,,,0,0,,,
nonrespiratory,,,[网络] 非呼吸,,,,,0,0,,,
nonrespiratory acidosis,,,非唿吸性酸中毒症,,,,,0,0,,,
nonrespondent,,,[网络] 无应答者,n:100,,,,0,0,s:nonrespondents,,
nonrespondents,,,[网络] 非记者,,,,,0,0,0:nonrespondent/1:s,,
nonresponder,,,[网络] 无反应者；无应答；无应答者,,,,,0,0,,,
nonresponders,,,[网络] 反应者；无反应者；无应答,,,,,0,0,,,
nonresponding,,,[网络] 无效,,,,,0,0,,,
nonresponse,'nɔnris'pɔns,,"无反应, 无感应",,,,,0,0,,,
nonresponse adjustment,,,无回应调整,,,,,0,0,,,
nonresponses,,,[网络] 无反应,,,,,0,0,,,
nonresponsibility,'nɔnrispɔnsә'biliti,,免责条款,,,,,0,0,,,
nonresponsible,,,[网络] 不负责任,,,,,0,0,,,
nonresponsible accident,,,非责任事故,,,,,0,0,,,
nonresponsive,,,[网络] 非响应性的；无反应,,,,,0,0,,,
nonresponsiveness,,, 无反应性,,,,,0,0,,,
nonrestaurant,,,[网络] 非餐厅,,,,,0,0,,,
nonresting,,,[网络] 不休,,,,,0,0,,,
nonrestorable,,,[网络] 不可恢复,,,,,0,0,,,
nonrestorative,,,[网络] 睡眠无恢复性,,,,,0,0,,,
nonrestoring,'nɔnris'tɔ:riŋ,,不复原,,,,,0,0,,,
nonrestoring circuit,,,[电子] 不恢复电路,,,,,0,0,,,
nonrestoring division,,,不回复除法,,,,,0,0,,,
nonrestoring division algorithm,,,[计] 不恢复除法算法,,,,,0,0,,,
nonrestoring method,,,非复原法,,,,,0,0,,,
nonrestrained,,,[网络] 无限制,,,,,0,0,,,
nonrestraining,,,[网络] 无限制,,,,,0,0,,,
nonrestraint,'nɔnris'treint,,"n. 无约束, 无禁止",,,,,0,0,,,
nonrestricted,,,[网络] 分别是非限制,,,,,0,0,,,
nonrestricted preference,,,[贸易] 无限制优惠,,,,,0,0,,,
nonrestrictive,.nɒnri'striktiv,s. not limiting the reference of a modified word or phrase,a. 非限制性的,,,,,0,0,,,
nonrestrictive clause,ˈnɔnrisˈtriktiv klɔ:z,, 非限制性从句,,,,,0,0,s:nonrestrictive clauses,,
nonrestrictive clauses,,,非限制性从句,,,,,0,0,0:nonrestrictive clause/1:s,,
nonrestrictive condition,,,非受限状态；容许状态 {= permissive condition},,,,,0,0,,,
nonrestrictive piecework wage,,,[劳经] 无限额计件工资,,,,,0,0,,,
nonrestrictive relative clause,,,[网络] 非限制的关系子句；非限定关系子句,,,,,0,0,,,
nonrestrictiveness,,,[网络] 非限制性,,,,,0,0,,,
nonrestrictivist,,,[网络] 非限制性主义者,,,,,0,0,,,
nonresult,,,[网络] 非结果,,,,,0,0,,,
nonresultant,,,[网络] 非礼拜,,,,,0,0,,,
nonresults,,,[网络] 非结论,,,,,0,0,,,
nonresumptive,,,[网络] 非残余,,,,,0,0,,,
nonresurgent,,,[网络] 非延续性,,,,,0,0,,,
nonretail,,,[网络] 非零售客户,,,,,0,0,,,
nonretailers,,,[网络] 非客户,,,,,0,0,,,
nonretailing,,,[网络] 无店铺销售,,,,,0,0,,,
nonretaliation,,,[网络] 非重新分配,,,,,0,0,,,
nonretaliatory,,,[网络] 非宗教性,,,,,0,0,,,
nonretarded,,,[网络] 无保留,,,,,0,0,,,
nonretentive,,,[网络] 非保持,,,,,0,0,,,
nonreticulate,,,[网络] 无微孔,,,,,0,0,,,
nonreticulated,,,[网络] 无细丝,,,,,0,0,,,
nonretinal,,,[网络] 非视网膜,,,,,0,0,,,
nonretinal information,,,非视网膜信息,,,,,0,0,,,
nonretired,,,[网络] 非退休,,,,,0,0,,,
nonretirement,,,[网络] 非退休,,,,,0,0,,,
nonretirement system,,,非退休制度,,,,,0,0,,,
nonretouched,,,[网络] 没有接触过,,,,,0,0,,,
nonretractable,'nɔnri'træktәbl,a not capable of being retracted,"不能伸缩的, 不能缩进的",,,,,0,0,,,
nonretractable fins,,,[网络] 固定鳍,,,,,0,0,,,
nonretractile,,,[网络] 非收缩性,,,,,0,0,,,
nonretracting,,,[网络] 不收缩,,,,,0,0,,,
nonretroactive,,,[网络] 非反应性,,,,,0,0,,,
nonretroactive character,,,不溯既往性,,,,,0,0,,,
nonretroactivity,,,[网络] 非反应性,,,,,0,0,,,
nonretrograde,,,[网络] 非退役,,,,,0,0,,,
nonretroreflective,,,[网络] 非反射性,,,,,0,0,,,
nonretroviral,,,[网络] 非视网膜病毒,,,,,0,0,,,
nonreturn,'nɔnri'tә:n,,"不返回的, 止逆的, 止回的",,,,,0,0,,,
nonreturn flap,ˈnɔnriˈtə:n flæp,, [医]止回瓣,,,,,0,0,,,
nonreturn policy,,,不返回政策,,,,,0,0,,,
nonreturn rate,,,配种后未发情率,,,,,0,0,,,
nonreturn recording,,,[计] 单向记录,,,,,0,0,,,
Nonreturn to Zero,,,[计] 不归零制,,,,,0,0,,,
nonreturn to zero code,,,不归零码,,,,,0,0,,,
nonreturn to zero recording,ˈnɔnriˈtə:n tu: ˈziərəu rɪˈkɔ:dɪŋ,, 不归零记录,,,,,0,0,,,
nonreturn to zero signalling (nrz),,,不归零信号方式,,,,,0,0,,,
nonreturn valve,,,[机] 止回阀,,,,,0,0,,,
nonreturn-flow wind tunnel,,,非回流式风洞,,,,,0,0,,,
nonreturn-to-reference,,,[计] 不归零制,,,,,0,0,,,
nonreturn-to-reference recording,,,非归零记录化,,,,,0,0,,,
nonreturn-to-zero,,,[计] 不归零制,,,,,0,0,,,
nonreturn-to-zero (change) recording,,,不归零制变化记录技术,,,,,0,0,,,
nonreturn-to-zero change,,,不归零变更,,,,,0,0,,,
nonreturn-to-zero change on one,,,[计] 逢1变化不归零制,,,,,0,0,,,
nonreturn-to-zero change on one recording,,,[计] 不归零制按“１”变化记录,,,,,0,0,,,
nonreturn-to-zero change recording,,,不归零制变化记录技术,,,,,0,0,,,
nonreturn-to-zero change-on-zero recording,,,不归零逢0变化记录（技术）,,,,,0,0,,,
nonreturn-to-zero ibm,,,不归零IBM,,,,,0,0,,,
nonreturn-to-zero in recording of analog function,,,[计] 模拟函数记录中的不归零制,,,,,0,0,,,
nonreturn-to-zero indicating,,,[计] 增量不归零制,,,,,0,0,,,
nonreturn-to-zero inverse,,,[计] 翻转不归零制,,,,,0,0,,,
nonreturn-to-zero inverted,,,[计] 不归零倒置（的）,,,,,0,0,,,
nonreturn-to-zero level,,,[计] 电平不归零制,,,,,0,0,,,
nonreturn-to-zero logic,,,不归零逻辑,,,,,0,0,,,
nonreturn-to-zero magnetic recording,,,[计] 不归零磁性记录,,,,,0,0,,,
nonreturn-to-zero mark,,,[计] 电平不归零制,,,,,0,0,,,
nonreturn-to-zero mark recording,,,不归零标示记录,,,,,0,0,,,
nonreturn-to-zero method,,,[网络] 不归零法,,,,,0,0,,,
nonreturn-to-zero modulation,,,不归零调变,,,,,0,0,,,
nonreturn-to-zero on one recording,,,逢1记录不归零,,,,,0,0,,,
nonreturn-to-zero operation,,,不归零操作,,,,,0,0,,,
nonreturn-to-zero recording,,,非归零记录，不归零（制）记录（技术），不归零记录,,,,,0,0,,,
nonreturn-to-zero reference recording,,,不归零参考记录,,,,,0,0,,,
nonreturn-to-zero signal,,,不归零信号,,,,,0,0,,,
nonreturn-to-zreo inverse,,,[计] 标识不归零制,,,,,0,0,,,
nonreturn-to-zreo mark,,,[计] 标记不归零制,,,,,0,0,,,
nonreturnable,'nɔnri'tә:nәbl,a that may not be returned,"a. 不能退还的,(容器)不能退给卖主的",,,,,0,0,,,
nonreturnables,",nɔnri'tə:nəbl",,adj. 不能退给卖主的，不能退还的,,,,,0,0,,,
nonreturned,,,[网络] 没有回报,,,,,0,0,,,
nonreturner,,,[网络] 不来,,,,,0,0,,,
nonreturners,,,[网络] 非退回者,,,,,0,0,,,
nonreturning,,,[网络] 在西方基本发展中,,,,,0,0,,,
nonreturntozero,nɒnrɪtɜːntə'ziərəʊ,,adj.不归零的\nn.不归零制,,,,,0,0,,,
nonreusable,,,不可重复使用; 不可重用的,,,,,0,0,,,
nonreusable disk queuing,,,不可重复使用磁盘排队,,,,,0,0,,,
nonreusable medium,,,不可重复用的媒体,,,,,0,0,,,
nonreusable routine,,,[计] 不可重用程序,,,,,0,0,,,
nonrev,,,[网络] 非现金,,,,,0,0,,,
nonrevascularizable,,,[网络] 非血管重建,,,,,0,0,,,
nonrevealing,,,[网络] 非揭幕,,,,,0,0,,,
nonrevenue,'nɔn'revinju:,,非税项收入,,,,,0,0,,,
nonrevenue equipment,,,不产生收益的设备,,,,,0,0,,,
nonrevenue freight,,,无收入货物,,,,,0,0,,,
nonrevenue passenger,,,免费乘客,,,,,0,0,,,
nonrevenue receipt,,,营业外收入,,,,,0,0,,,
nonrevenue receipts,,,非收入收款，非所入收入,,,,,0,0,,,
nonreversal,,,[网络] 非反转,,,,,0,0,,,
nonreversed,,,[网络] 没有反转,,,,,0,0,,,
nonreversibility,'nɔnrivә:si'biliti,,不可逆性,,,,,0,0,,,
nonreversibility (irreversibility),,,不可逆性,,,,,0,0,,,
nonreversible,'nɔnri'vә:sibl,a. not reversible or capable of having either side out,a. 不可逆的,,,,,0,0,,,
nonreversible (irreversible),,,不可逆的,,,,,0,0,,,
nonreversible control,,,[自] 不可逆控制,,,,,0,0,,,
nonreversible electric drive,,,不可逆电气驱动,,,,,0,0,,,
nonreversible engine,,,[网络] 单向发动机,,,,,0,0,,,
nonreversible laydays,,,不合并计算碇泊期限,,,,,0,0,,,
nonreversible laytime,,,不合并计算碇泊期限,,,,,0,0,,,
nonreversibly,,,[网络] 不可逆转,,,,,0,0,,,
nonreversing,'nɔnri'vә:siŋ,,"不换向(的), 单向的, 不可逆(的)",,,,,0,0,,,
nonreversing motor,,,[电] 单向马达,,,,,0,0,,,
nonreversion,,,un. 无返原现象,,,,,0,0,,,
nonreviewable,,,[网络] 不可审视,,,,,0,0,,,
nonreviewed,,,[网络] 没有意见,,,,,0,0,,,
nonreviewer,,,[网络] 非审核人,,,,,0,0,,,
nonreviewers,,,[网络] 非审查者,,,,,0,0,,,
nonreviewing,,,[网络] 非审查,,,,,0,0,,,
nonrevised,,,[网络] 非修订,,,,,0,0,,,
nonrevisionary,,,[网络] 非预约,,,,,0,0,,,
nonrevisionist,,,[网络] 非维权主义者,,,,,0,0,,,
nonrevisionists,,,[网络] 非预约者,,,,,0,0,,,
nonrevivable,,,[网络] 不可行,,,,,0,0,,,
nonrevocable,,,[网络] 不可撤销,,,,,0,0,,,
nonrevolution,,,[网络] 非卷积,,,,,0,0,,,
nonrevolutionaries,,,[网络] 非革命者,,,,,0,0,,,
nonrevolutionary,,,[网络] 非革命性,,,,,0,0,,,
nonrevolving,,,[网络] 不相关,,,,,0,0,,,
nonrevolving credit,,,非循环信用证,,,,,0,0,,,
nonrevolving letter of credit,,,非循环信用证,,,,,0,0,,,
nonreward,",nɔnri'wɔ:d",,n. [心](在学习实验中)有意不给预期的奖励,,,,,0,0,,,
nonrewarded,",nɔnri'wɔ:d",,"nonrewarded\nadj.\nnonreward的变形\nnonreward\n[,nɔnri'wɔ:d]\nn.\n【心理学】 (在学习实验中)有意不给预期的奖励",,,,,0,0,,,
nonrewarding,",nɔnri'wɔ:d",,n.\n【心理学】 (在学习实验中)有意不给预期的奖励,,,,,0,0,,,
nonreworkable,,,[网络] 不可推卸,,,,,0,0,,,
nonreworked,,,[网络] 没有开车,,,,,0,0,,,
nonrhabdomyosarcoma,,,[网络] 非肉瘤肉瘤,,,,,0,0,,,
nonrhetorical,,,[网络] 无修饰,,,,,0,0,,,
nonrheumatic,,,[网络] 非运动性,,,,,0,0,,,
nonrhizomatous,,,[网络] 非狂妄的,,,,,0,0,,,
nonrhizomelic,,,[网络] 非弹性,,,,,0,0,,,
nonrhotic,,,[网络] 无裂纹,,,,,0,0,,,
nonrhoticity,,,[网络] 非腐蚀性,,,,,0,0,,,
nonrhyming,,,[网络] 不正常,,,,,0,0,,,
nonrhythmic,,,[网络] 非节律性,,,,,0,0,,,
nonrhythmically,,,[网络] 无节奏地,,,,,0,0,,,
nonribbed,,,[网络] 没有,,,,,0,0,,,
nonribosomal,,,adj. 非核糖体的,,,,,0,0,,,
nonribosomally,,,[网络] 非体内,,,,,0,0,,,
nonrice,,,[网络] 非标,,,,,0,0,,,
Nonricinolein,,,非蓖麻酸酯,,,,,0,0,,,
nonrider,,,[网络] 非骑士,,,,,0,0,,,
nonriders,,,[网络] 非洲人,,,,,0,0,,,
nonridged,,,[网络] 没有,,,,,0,0,,,
nonriding,,,[网络] 不相关,,,,,0,0,,,
nonriding anchor,,,[网络] 惰锚,,,,,0,0,,,
nonriding cable,,,[网络] 惰链,,,,,0,0,,,
nonrie,,,[网络] 非法,,,,,0,0,,,
nonRiemannian,,,[网络] 非瑞典人,,,,,0,0,,,
nonright,,,[网络] 不行,,,,,0,0,,,
nonrights,,,[网络] 不重要,,,,,0,0,,,
nonrigid,nɒn'ridʒid,a. designating an airship having a shape maintained only by internal gas pressure and without a supporting structure,a. 非刚性的,,,,,0,0,,,
nonrigid airship,,,软式飞艇,,,,,0,0,,,
nonrigid connector,,,活动连接体,,,,,0,0,,,
nonrigid coupling device,,,"非刚性联轴器,挠性联轴节",,,,,0,0,,,
nonrigid molecule,,,非刚性分子,,,,,0,0,,,
nonrigid pavement,,,刚性路面,,,,,0,0,,,
nonrigid plastic,,,非刚性塑料,,,,,0,0,,,
nonrigid rotator,,,[化] 非刚性转子,,,,,0,0,,,
nonrigid rotor,,,[化] 非刚性转子,,,,,0,0,,,
nonrigid truss,,,非刚性桁架,,,,,0,0,,,
nonrigidity,,,非刚性,,,,,0,0,,,
nonrigorous,,,[网络] 非严格的,,,,,0,0,,,
nonrioter,,,[网络] 没有人,,,,,0,0,,,
nonrioters,,,[网络] 非自愿者,,,,,0,0,,,
nonrioting,,,[网络] 非人化,,,,,0,0,,,
nonriparian,,,n. 不在水边的,,,,,0,0,,,
nonripe,,,[网络] 不成熟,,,,,0,0,,,
nonrisk,,,[网络] 不礼貌,,,,,0,0,,,
nonrisk after discharge,,,卸货后不负责,,,,,0,0,,,
nonrisky,,,[网络] 无礼,,,,,0,0,,,
nonritual,,,[网络] 非礼,,,,,0,0,,,
nonritualistic,,,[网络] 非理性主义,,,,,0,0,,,
nonrival,,,adj. 非对手的,,,,,0,0,,,
nonrival consumption,,,非竞争性的消费,,,,,0,0,,,
nonrivalness,,,[网络] 非竞争性；非敌对性,,,,,0,0,,,
nonrivalrous,,,[网络] 竞争性；竞争性的；非竞争性,,,,,0,0,,,
nonrivalry,,,[网络] 非竞争性；非对抗性；非敌对性,,,,,0,0,,,
nonrivalry in consumption,,,消费的非敌对性,,,,,0,0,,,
nonrivals,,,[网络] 无数,,,,,0,0,,,
nonriverine,,,[网络] 非维生素,,,,,0,0,,,
nonroad,,,[网络] 非路移,,,,,0,0,,,
nonroaming,,,[网络] 非漫游,,,,,0,0,,,
nonroasted,,,[网络] 未加工,,,,,0,0,,,
nonrobbery,,,[网络] 非弹性,,,,,0,0,,,
nonrobotic,,,[网络] 非机器,,,,,0,0,,,
nonrobust,,,[网络] 无刺激性,,,,,0,0,,,
nonrockfish,,,[网络] 非鱼类,,,,,0,0,,,
nonrocky,,,[网络] 非洛克,,,,,0,0,,,
nonrodent,,,[网络] 非啮齿类,,,,,0,0,,,
nonrodents,,,[网络] 非营利性,,,,,0,0,,,
nonromance,,,[网络] 非功能性,,,,,0,0,,,
nonromantic,,,[网络] 非语言,,,,,0,0,,,
nonroof,,,[网络] 无声,,,,,0,0,,,
nonroofed,,,[网络] 无声,,,,,0,0,,,
nonroot,'nɔn'ru:t,,非词根(语素),,,,,0,0,,,
nonrooted,,,[网络] 无根的,,,,,0,0,,,
nonroster,,nonroster (not comparable)\n(sports) Not included on the official team roster\n,,,,,,0,0,,,
nonrotary,,,[网络] 非旋转性,,,,,0,0,,,
nonrotatable,'nɔnrәu'teitәbl,,不旋转[转动]的,,,,,0,0,,,
nonrotated,,,[网络] 非旋转,,,,,0,0,,,
nonrotating,,,adj. 不旋转的\nn. 非转动的\n[网络] 不回转的；非轮转模式,,,,,0,0,0:nonrotate/1:i,,
nonrotating disk,,,＝ semiconductor disk,,,,,0,0,,,
nonrotating origin,,,无旋转原点,,,,,0,0,,,
nonrotating white dwarf,,,无自转白矮星,,,,,0,0,,,
nonrotation,,,[医] 未旋转,,,,,0,0,,,
nonrotation of intestine,,,[医] 肠未旋转,,,,,0,0,,,
nonrotational,'nɔnrәu'teiʃәnl,,无旋的,,,,,0,0,,,
nonrotational field,,,无旋场,,,,,0,0,,,
nonrotational strain,,,非旋应变,,,,,0,0,,,
nonrotations,,,[网络] 非旋转,,,,,0,0,,,
nonrotavirus,,,[网络] 非轮状病毒,,,,,0,0,,,
nonrotting,,,[网络] 非驾驶,,,,,0,0,,,
nonrough,,,[网络] 不通,,,,,0,0,,,
nonroughage,,,[网络] 非农业,,,,,0,0,,,
nonroughened,,,[网络] 没有腐蚀,,,,,0,0,,,
nonround,,,[网络] 非圆形的,,,,,0,0,,,
nonrounded,,,[网络] 不环绕,,,,,0,0,,,
nonrouted,,,[网络] 无路线,,,,,0,0,,,
nonroutine,,,[网络] 应该是反意词；非例行；非例行性,j:100,,,,0,0,,,
nonroutine decision,,,[网络] 非常归决策；非常规决策,,,,,0,0,,,
nonroutine functions,,,非常规功能,,,,,0,0,,,
nonroutine maintenance,,,非例行维护,,,,,0,0,,,
nonroutine task,,,非例行工作,,,,,0,0,,,
nonroutine technology,,,非例行性技术,,,,,0,0,,,
nonrouting node,,,非路由网点,,,,,0,0,,,
nonroyal,,,[网络] 非皇家,,,,,0,0,,,
nonroyals,,,[网络] 非皇室,,,,,0,0,,,
nonroyalty,,,[网络] 不忠于,,,,,0,0,,,
nonrubber,nɒn'rʌbə,,[医]非橡胶,,,,,0,0,,,
nonrubberized,,,[网络] 非橡皮布,,,,,0,0,,,
nonruby,,,[网络] 非鲁莽,,,,,0,0,,,
nonrugby,,,[网络] 不客气,,,,,0,0,,,
nonrugged,,,[网络] 没有,,,,,0,0,,,
nonruggedized,,,[网络] 非化学品,,,,,0,0,,,
nonruled,,,[网络] 不受惩罚,,,,,0,0,,,
nonruling,,,[网络] 非拉力,,,,,0,0,,,
nonruminant,,"a. Not ruminating; as, a nonruminant animal.",非反刍类,,,,,0,0,,,
Nonruminantia,'nɔnrumi'nænʃiә,,非反刍类,,,,,0,0,,,
nonruminants,,,[网络] 是非反刍动物,,,,,0,0,,,
nonruminating,,,[网络] 非发光,,,,,0,0,,,
nonrun,,,防走圈，不脱散(针织),,,,,0,0,,,
nonrun finish,,,防脱散加工,,,,,0,0,,,
nonrunic,,,[网络] 非循环,,,,,0,0,,,
nonrunnable,,,[网络] 阻塞状态,,,,,0,0,,,
nonrunner,,,[网络] 非运动员,,,,,0,0,,,
nonrunners,,,[网络] 非营利性,,,,,0,0,,,
nonrunning,,,[网络] 非运行,,,,,0,0,,,
nonruptured,,,非破裂的,,,,,0,0,,,
nonrural,,,[网络] 非硬化,,,,,0,0,,,
nonrust,'nɔn'rʌst,,不锈的,,,,,0,0,,,
nonrust steel,,, 不锈钢,,,,,0,0,,,
nonrusted,,,[网络] 不信任,,,,,0,0,,,
nonrustic,,,[网络] 不信任,,,,,0,0,,,
nonrusting,'nɔn'rʌstiŋ,,"不[防]锈的, 抗蚀的",,,,,0,0,,,
nonrusting steel,,,[网络] 不锈钢,,,,,0,0,,,
nonrusty,,,[网络] 不信任,,,,,0,0,,,
nons,,,abbr. 唱片公司（North of No South）,,,,,0,0,,,
nonsaccharine,,,高粱,,,,,0,0,,,
nonsaccharine sorghum,,,"无糖粟,高粱",,,,,0,0,,,
nonsacerdotal,,,[网络] 不重要,,,,,0,0,,,
nonsacramental,,,[网络] 非圣礼式,,,,,0,0,,,
nonsacred,,,[网络] 不成熟,,,,,0,0,,,
nonsadist,,,[网络] 不客气,,,,,0,0,,,
nonsadistic,,,[网络] 不自觉的,,,,,0,0,,,
nonsadists,,,[网络] 非事业者,,,,,0,0,,,
nonsadomasochistic,,,[网络] 非肿瘤性,,,,,0,0,,,
nonsafe,,,[网络] 不安全,,,,,0,0,,,
nonsafety circuit,,,非安全电路,,,,,0,0,,,
nonsafety relay,,,非安全型继电器,,,,,0,0,,,
nonsailing,,,[网络] 无声,,,,,0,0,,,
nonsailor,,,[网络] 消防员,,,,,0,0,,,
nonsailors,,,[网络] 不客气,,,,,0,0,,,
nonsalable,,,[网络] 不可分解,,,,,0,0,,,
nonsalaried,,,[网络] 不合格,,,,,0,0,,,
nonsalary,,,[网络] 非会计,,,,,0,0,,,
nonsale,,,[网络] 不配,,,,,0,0,,,
nonsaleable,,,[网络] 不可磨灭,,,,,0,0,,,
nonsales,,,[网络] 无声,,,,,0,0,,,
nonsales mode,,,非出售方式,,,,,0,0,,,
nonsalesman,,,[网络] 非经纪人,,,,,0,0,,,
nonsalesmen,,,[网络] 非会员,,,,,0,0,,,
nonsalient,,,[网络] 间不显著,,,,,0,0,,,
nonsalient pole machine,,,[网络] 非突极机,,,,,0,0,,,
nonsaline,,,adj. 无盐的；淡的,,,,,0,0,,,
nonsaline alkali soil,,,非盐硷性土,,,,,0,0,,,
nonsaline alkali soils,,, 非盐碱土,,,,,0,0,,,
nonsalinized,,,[网络] 非分类,,,,,0,0,,,
nonsalivary,,,[网络] 非分类,,,,,0,0,,,
nonsallient,'nɔn'seiljәnt,,不凸出的,,,,,0,0,,,
nonsalmon,,,[网络] 非al mon,,,,,0,0,,,
nonsalt,,,[网络] 废话,,,,,0,0,,,
nonsalt-sensitive,,,对食盐不敏感,,,,,0,0,,,
nonsalted,,,[网络] 不合格,,,,,0,0,,,
nonsalty,,,[网络] 无名氏,,,,,0,0,,,
nonsalutary,,,[网络] 不分,,,,,0,0,,,
nonsample information,,,非样本资讯,,,,,0,0,,,
nonsampled,,,[网络] 非抽样,,,,,0,0,,,
nonsampling,'nɔn'sɑ:mpliŋ,,非抽样(的),,,,,0,0,,,
nonsampling error,,,非抽样误差,,,,,0,0,,,
Nonsan,,,[地名] 论山 ( 韩 ),,,,,0,0,,,
Nonsan-gun,,,[地名] 论山郡 ( 韩 ),,,,,0,0,,,
Nonsancheon,,,[地名] 论山川 ( 韩 ),,,,,0,0,,,
nonsanctified,,,[网络] 不合逻辑,,,,,0,0,,,
nonsanctimonious,,,[网络] 没有意义,,,,,0,0,,,
nonsanctioned,,,[网络] 未经授权,,,,,0,0,,,
nonsandstone,,,[网络] 非石头,,,,,0,0,,,
nonsane,,,[网络] 非常,,,,,0,0,,,
Nonsanguineous,,,非血的,,,,,0,0,,,
nonsanitary,,,[网络] 不卫生,,,,,0,0,,,
nonsant,,,[网络] 不客气,,,,,0,0,,,
nonsapient,,,[网络] 不方便,,,,,0,0,,,
nonsaponaceous,,,[网络] 非皮质,,,,,0,0,,,
nonsaponifiable,nɒnsæ'pɒnɪfaɪəbl,,[医]不能皂化的,,,,,0,0,,,
nonsaponified,,,[网络] 不分配,,,,,0,0,,,
nonsaponifying,'nɔnsә'pɔnifaiiŋ,,不皂化的,,,,,0,0,,,
nonsarcastic,,,[网络] 不讽刺,,,,,0,0,,,
nonsarcastically,,,[网络] 非正式地,,,,,0,0,,,
nonsarcopenic,,,[网络] 非错误,,,,,0,0,,,
nonsatanic,,,[网络] 不合时宜,,,,,0,0,,,
nonsatirical,,,[网络] 非典型,,,,,0,0,,,
nonsatisfaction,,,[网络] 不满足,,,,,0,0,,,
nonsatisfied,,,[网络] 不满意,,,,,0,0,,,
nonsatisfying,,,[网络] 不满意,,,,,0,0,,,
nonsaturable,'nɔn'sætʃәrәbl,,不饱和的,,,,,0,0,,,
nonsaturated,,,un. 不饱和的\n[网络] 未被饱和的,,,,,0,0,,,
nonsaturated air,,,未饱和空气,,,,,0,0,,,
nonsaturated circuit,,,[电子] 非饱和电路,,,,,0,0,,,
nonsaturated color,,,[电] 不饱和色,,,,,0,0,,,
nonsaturated logic,,,非饱和逻辑,,,,,0,0,,,
nonsaturating,,,[网络] 非饱和度,,,,,0,0,,,
nonsaturating inverter logic,,, [计]非饱和反向（器）逻辑（电路）,,,,,0,0,,,
nonsaturation magnetic recording,,,[计] 非饱和磁记录,,,,,0,0,,,
nonsaturation mode logic circuit,,,非饱和型逻辑电路,,,,,0,0,,,
nonsaturation recording,,,[计] 非饱和磁记录,,,,,0,0,,,
nonsatured,,,"未饱和的,非饱和的",,,,,0,0,,,
nonsave,,,[网络] 无所事事,,,,,0,0,,,
nonsaved,,,[网络] 没有,,,,,0,0,,,
nonsavvy,,,[网络] 不健康,,,,,0,0,,,
nonscalable,,,[网络] 非规模可变；不可扩展编码,,,,,0,0,,,
nonscalar,,,[网络] 非标量,,,,,0,0,,,
nonscalar covariance matrix,,,非纯量协方差矩阵,,,,,0,0,,,
nonscalar disturbance covariance matrix,,,非纯量扰动协方差矩阵,,,,,0,0,,,
nonscalar identity covariance matrix,,,非纯量单位矩阵式的共变数矩阵,,,,,0,0,,,
nonscalar variance-covariance matrix,,,非纯量方差-协方差矩阵,,,,,0,0,,,
nonscalars,,,[网络] 非标量,,,,,0,0,,,
nonscalding,,,[网络] 非标准,,,,,0,0,,,
nonscale,'nɔnskeil,,"无氧化皮(的), 不起皮(的)",,,,,0,0,,,
nonscaleable,,,[网络] 不可分级,,,,,0,0,,,
nonscaled,,,[网络] 显示在其本机；显示所有字型及其原生的,,,,,0,0,,,
nonscaling,,,un. 不生氧化皮的,,,,,0,0,,,
nonscaly,nɒns'keɪlɪ,,[医]无鳞屑的,,,,,0,0,,,
nonscan field,,,非扫描字段,,,,,0,0,,,
nonscandal,,,[网络] 不道德的,,,,,0,0,,,
nonscandalous,,,[网络] 不客气,,,,,0,0,,,
nonscandals,,,[网络] 不合法,,,,,0,0,,,
nonscannable,,,[网络] 不可取消,,,,,0,0,,,
nonscanned,,,[网络] 不可禁止,,,,,0,0,,,
nonscanning,,,[网络] 非选择,,,,,0,0,,,
nonscanning antenna,,,非扫探天线,,,,,0,0,,,
nonscarce,,,[网络] 或非稀有的,,,,,0,0,,,
nonscarring,,,[网络] 非瘢痕性秃发,,,,,0,0,,,
nonscary,,,[网络] 不加礼物,,,,,0,0,,,
nonscatterable glass,,,安全玻璃,,,,,0,0,,,
nonscattered,,,[网络] 不打扰,,,,,0,0,,,
nonscattered radiation,,,非散射辐射,,,,,0,0,,,
nonscattering medium,,,非散射媒质,,,,,0,0,,,
nonscene,,,[网络] 不仁,,,,,0,0,,,
nonscenes,,,[网络] 非洲,,,,,0,0,,,
nonscented,,,[网络] 不客气,,,,,0,0,,,
nonsceptic,,,[网络] 无知的,,,,,0,0,,,
nonsceptical,,,[网络] 无意义,,,,,0,0,,,
nonsceptics,,,[网络] 无知性,,,,,0,0,,,
nonscheduled,nɒn'skedju:ld,,"a. 不定期的, 不按计划的",,,,,0,0,,,
nonscheduled airline,,,"n. 没有定期班机的航空公司,不定期航线",,,,,0,0,,,
nonscheduled down time,,,非排定停机时间,,,,,0,0,,,
nonscheduled down-time,,,[计] 非预定停机时间,,,,,0,0,,,
nonscheduled downtime,,,非预定停机时间,,,,,0,0,,,
nonscheduled maintenance,,,[计] 非预定的维修时间,,,,,0,0,,,
nonscheduled maintenance time,,,非例行维护时间,,,,,0,0,,,
nonschematic,,,[网络] 非化学性,,,,,0,0,,,
nonschistose,,,无片理的,,,,,0,0,,,
nonschizoid,,,[网络] 非典型,,,,,0,0,,,
nonschizophrenia,,,[网络] 非精神分裂症,,,,,0,0,,,
nonschizophrenic,,,[网络] 非精神分裂症,,,,,0,0,,,
nonschizophrenics,,,[网络] 非精神分裂症,,,,,0,0,,,
nonschizotypal,,,[网络] 非子型,,,,,0,0,,,
nonschlicht,,,"adj. 非单叶的,多叶的",,,,,0,0,,,
nonscholar,,,[网络] 非学者,,,,,0,0,,,
nonscholarly,,,[网络] 非学术性,,,,,0,0,,,
nonscholars,,,[网络] 非学者,,,,,0,0,,,
nonscholarship,,,[网络] 非服务性奖学金,,,,,0,0,,,
nonscholastic,,,adj. 非学术性的,,,,,0,0,,,
nonschool,,,[网络] 非学校教育运动,,,,,0,0,,,
nonschool education,,,非学校教育,,,,,0,0,,,
nonschools,,,[网络] 非学校,,,,,0,0,,,
nonscience,nɔn'saiәns,,n. & adj.非科学(的),,,,,0,0,,,
nonsciences,nɔn'saiəns,,n. 非科学\nadj. 非科学的,,,,,0,0,,,
nonscientific,,,adj. 不涉及科学的；与科学无关的\n[网络] 非科学的；非科学假说,j:100,,,,0,0,,,
nonscientifically,,,[网络] 不科学,,,,,0,0,,,
nonscientist,,,[网络] 非科学家,,,,,0,0,s:nonscientists,,
nonscientists,,,[网络] 非科学家,,,,,0,0,0:nonscientist/1:s,,
nonscissile,,,[网络] 不可卡,,,,,0,0,,,
nonsclerotic,,,[网络] 不健康,,,,,0,0,,,
nonscoliotic,,,[网络] 不分泌,,,,,0,0,,,
nonscorable,,,[网络] 不可修改,,,,,0,0,,,
nonscoring,,,[网络] 不客气,,,,,0,0,,,
nonscourable,,,[网络] 不舒服,,,,,0,0,,,
nonscouring velocity,,,[网络] 不冲涮流速,,,,,0,0,,,
nonscratchable,,,[网络] 不可估量,,,,,0,0,,,
nonscreaming,,,[网络] 不屑一顾,,,,,0,0,,,
nonscreen film,,,无屏蔽膜,,,,,0,0,,,
nonscreened,,,[网络] 未经筛选,,,,,0,0,,,
nonscreeners,,,[网络] 非开放者,,,,,0,0,,,
nonscrewed,'nɔn'skru:d,,无螺纹的,,,,,0,0,,,
nonscriptable,,,[网络] 不可改写,,,,,0,0,,,
nonscripted,,,[网络] 不注明,,,,,0,0,,,
nonscriptural,,,[网络] 不符合,,,,,0,0,,,
nonscripturally,,,[网络] 非参考,,,,,0,0,,,
nonscrolling,,,[网络] 非滚动,,,,,0,0,,,
nonscrotal,,,[网络] 非鼻子,,,,,0,0,,,
nonscuff,,,[网络] 无鼻子,,,,,0,0,,,
nonse,,,[网络] 不,,,,,0,0,,,
nonsea,,,[网络] 非海洋,,,,,0,0,,,
nonseafood,,,[网络] 非海鲜,,,,,0,0,,,
nonsealable,,,[网络] 不可通行,,,,,0,0,,,
nonsealed,,,[网络] 非密封,,,,,0,0,,,
nonsealed fluid coupling,,,开式液压离合器,,,,,0,0,,,
nonsearchable,,,[网络] 不可行,,,,,0,0,,,
nonsearchable information,,,[计] 不可查信息,,,,,0,0,,,
nonseason,,,[网络] 张迪,,,,,0,0,,,
nonseasonal,,,adj. 非季节性的,,,,,0,0,,,
nonseasonal allergic rhinitis,,,非季节性过敏鼻炎,,,,,0,0,,,
nonseasonal hay fever,,,"[医] 非季节性枯草热, 长年性枯草热",,,,,0,0,,,
nonseasonally,,,[网络] 非季节性,,,,,0,0,,,
nonsebaceous,,,[网络] 非皮质,,,,,0,0,,,
nonsecondary,,,[网络] 非中级,,,,,0,0,,,
nonsecrecy,,,[网络] 不自觉,,,,,0,0,,,
nonsecret,,,[网络] 不妥协,,,,,0,0,,,
nonsecretarial,,,[网络] 非专业人士,,,,,0,0,,,
nonsecretaries,,,[网络] 不分职,,,,,0,0,,,
nonsecretary,,,[网络] 非专业人士,,,,,0,0,,,
nonsecreted,,,[网络] 不安全,,,,,0,0,,,
nonsecreter,,,[网络] 不复读,,,,,0,0,,,
nonsecreting,,,[网络] 非分泌性,,,,,0,0,,,
nonsecretor,'nɔnsi'kri:tә,,n. [医]非分泌者(指具有A、B或AB血型而其唾液或其他分泌液中不含有ABO血型物质的人),,,,,0,0,,,
nonsecretors,",nɔnsi'kri:tə",,n.\n【医学】非分泌者,,,,,0,0,,,
nonsecretory,,,[网络] 不分配,,,,,0,0,,,
nonsecrets,,,[网络] 不留神,,,,,0,0,,,
nonsectarian,.nɒnsek'tєәriәn,a. not restricted to one sect or school or party,a. 无宗派的,,,,,0,0,,,
nonsectarianism,,,[网络] 非正教主义,,,,,0,0,,,
nonsectarianisms,,,[网络] 非共性主义,,,,,0,0,,,
nonsectarians,",nɒnsek'teərɪən",,adj.\n无派性的，不属于任何宗教派别的,,,,,0,0,,,
nonsectional,,,[网络] 非处方,,,,,0,0,,,
nonsectioned,,,[网络] 不考虑,,,,,0,0,,,
nonsecular,,,[网络] 非常的,,,,,0,0,,,
nonsecure,,,[网络] 不安全,,,,,0,0,,,
nonsecured,,,[网络] 无抵押,,,,,0,0,,,
nonsecurity,,,[网络] 不安全,,,,,0,0,,,
nonsedated,,,[网络] 无意义,,,,,0,0,,,
nonsedating,,,[网络] 不成体,,,,,0,0,,,
nonsedative,,,[网络] 非镇静性,,,,,0,0,,,
nonsedatives,,,[网络] 不配,,,,,0,0,,,
nonsedentary,,,[网络] 非中文,,,,,0,0,,,
nonsedimentable,"'nɔn,sedi'mentәbl",,a. (如在离心沉淀等特定情况下) 不能沉淀的,,,,,0,0,,,
nonsedimentary,,,[网络] 非消费,,,,,0,0,,,
nonseductive,,,[网络] 不引人注意,,,,,0,0,,,
nonseeing,,,[网络] 不光彩,,,,,0,0,,,
nonsegmental,nɒnseɡ'mentl,s having a body that is not divided into segments, [医]非节（段）的,,,,,0,0,,,
nonsegmented,,,[医]非节段的,,,,,0,0,,,
nonsegmented file,,,非分段档案,,,,,0,0,,,
nonsegmented gas laser tube,,,不分段气体激光管,,,,,0,0,,,
nonsegmented machine,,,非段式计算机,,,,,0,0,,,
nonsegmented mode,,,非区段方式,,,,,0,0,,,
nonsegmented processor,,,非段式处理机,,,,,0,0,,,
nonsegmented(neutrophils),,,未分叶的(中性粒细胞),,,,,0,0,,,
nonsegregated,,,[网络] 未分离,,,,,0,0,,,
nonsegregated backmixing,,,非隔离逆混,,,,,0,0,,,
nonsegregated mixing,,,非隔离混合,,,,,0,0,,,
nonsegregated phase bus,,,不隔相汇流排,,,,,0,0,,,
nonsegregated reactor,,,非隔离反应器,,,,,0,0,,,
nonsegregated reservoir,,,无重力分异的油藏,,,,,0,0,,,
nonsegregated-phase bus,,,分相[金属铠装]母线,,,,,0,0,,,
nonsegregating,,,[网络] 不分散,,,,,0,0,,,
nonsegregation,,,[网络] 不分离,,,,,0,0,,,
nonsegregational,,,[网络] 非分期,,,,,0,0,,,
nonsegregative,,,[网络] 非隔离,,,,,0,0,,,
nonseismic,,,[网络] 非地震,,,,,0,0,,,
nonseismic region,,,[地震] 非地震区,,,,,0,0,,,
nonseizure,,,[网络] 非发行,,,,,0,0,,,
nonseizures,,,[网络] 非发行,,,,,0,0,,,
nonselectable,,,[网络] 单选按钮,,,,,0,0,,,
nonselected,,,[网络] 非选定,,,,,0,0,,,
nonselecting,,,[网络] 无选择,,,,,0,0,,,
nonselective,'nɔnsi'lektiv,,非[无]选择(性)的,,,,,0,0,,,
nonselective (thermal) excitation,,,[化] 非选择性激发; 非选择性热激发,,,,,0,0,,,
nonselective absorbent,,,非选择性滤光片,,,,,0,0,,,
nonselective absorption,,,[网络] 非选择吸收,,,,,0,0,,,
nonselective excitation,,,非选择性激发,,,,,0,0,,,
nonselective foliage contact spray,,,非选择性触杀型叶片喷药,,,,,0,0,,,
nonselective herbicide,,,非选择性除草剂,,,,,0,0,,,
nonselective medium,,,非选择性培养基,,,,,0,0,,,
nonselective mining,,,非选择性开采法,,,,,0,0,,,
nonselective pneumatic detector,,,非选择性滤光片气动探测器,,,,,0,0,,,
nonselective proteinuria,,,非选择性蛋白尿,,,,,0,0,,,
nonselective radiator,,,非选择辐射体,,,,,0,0,,,
nonselective root application,,,非选择性根部施药,,,,,0,0,,,
nonselective thermal excitation,,,[物化] 非选择性（热）激发,,,,,0,0,,,
nonselective translocated spray,,,非选择性内吸传导叶片喷药,,,,,0,0,,,
nonselectively,,,[网络] 非选择性,,,,,0,0,,,
nonselenium,,,[网络] 非硒,,,,,0,0,,,
nonself,'nɔn'self,,n. (有机体的)异物,,,,,0,0,,,
nonself propelled ship,,,[网络] 非自航船,,,,,0,0,,,
nonself-antigen,nɔn'selfæntidʒən,,n. 【免疫学】非本体抗原[亦作 nonself antigen],,,,,0,0,,,
nonself-cleaning rock bit,,,[油气] 非自洁式牙轮钻头,,,,,0,0,,,
nonself-embedding grammar,,,非自嵌套文法,,,,,0,0,,,
nonself-propelled vessel,,,[网络] 非自航船,,,,,0,0,,,
nonself-transmissible,,,非自身转移的,,,,,0,0,,,
nonselfadjoint,,,[网络] 非自共轭,,,,,0,0,,,
nonselfquenching,'nɔn'self'kwentʃiŋ,,非自猝灭的,,,,,0,0,,,
nonselfrestrictive,,,非自限性的,,,,,0,0,,,
nonselfs,'nɔn'self,,n.\n(有机体的)异物,,,,,0,0,,,
nonselves,'nɔn'self,,n. 异物,,,,,0,0,,,
nonsemantic,'nɔnsi'mæntik,,非语义的,,,,,0,0,,,
nonsemiconductor laser,,,非半导体雷射,,,,,0,0,,,
nonseminal,,,[网络] 非肾脏,,,,,0,0,,,
nonseminoma,,,非精原细胞瘤,,,,,0,0,,,
nonseminomas,,,[网络] 非血管瘤,,,,,0,0,,,
nonseminomatous,,,非精原细胞瘤的,,,,,0,0,,,
nonsemiotic,,,[网络] 不吸烟,,,,,0,0,,,
nonsemisimple,"'nɔn'semi,simpl",,非半单的,,,,,0,0,,,
nonsenate,,,[网络] 不屑一顾,,,,,0,0,,,
nonsenator,,,[网络] 失败者,,,,,0,0,,,
nonsenatorial,,,[网络] 非休憩,,,,,0,0,,,
nonsenators,,,[网络] 不参与者,,,,,0,0,,,
nonsenche,,,[网络] 不配,,,,,0,0,,,
nonsenge correlation,,,无意义相关,,,,,0,0,,,
nonsenile,,,[网络] 不耐烦,,,,,0,0,,,
nonsenior,,,[网络] 不重要,,,,,0,0,,,
nonseniors,,,[网络] 非成年人,,,,,0,0,,,
nonsensational,,,[网络] 无意义的,,,,,0,0,,,
nonsensationalist,,,[网络] 无意义主义者,,,,,0,0,,,
nonsensationalistic,,,[网络] 无意义的,,,,,0,0,,,
nonsense,'nɒnsәns,n. a message that seems to convey no meaning\ns. having no intelligible meaning,"n. 无意义的事, 荒谬言行, 荒唐",n:100,2,1,cet4 cet6 ky toefl,4088,5969,s:nonsenses,,
nonsense code,,,无意义密码,,,,,0,0,,,
nonsense codon,,,[化] 无义密码子,,,,,0,0,,,
nonsense correlation,ˈnɔnsəns ˌkɔ:rəˈleɪʃən,, 产生错觉相关,,,,,0,0,,,
nonsense mutant,,,无义突变体,,,,,0,0,,,
nonsense mutation,,,无义突变,,,,,0,0,,,
nonsense mutations,,,[网络] 无意义突变；无用突变,,,,,0,0,,,
nonsense suppression,,,[化] 无义抑制,,,,,0,0,,,
nonsense suppressor,,,无意义[突变]抑制基因,,,,,0,0,,,
nonsense syllable,,,无意义音节,,,,,0,0,,,
nonsense syllable list,,,单音字表,,,,,0,0,,,
nonsense syllables,,,无意义音节,,,,,0,0,,,
nonsense syndrome,,,[医] 甘塞氏综合征(急性幻觉性躁狂),,,,,0,0,,,
nonsense verse,,,打油诗,,,,,0,0,s:nonsense verses,,
nonsense verses,,,nonsense verse\n打油诗[亦作 nonsense poetry],,,,,0,0,0:nonsense verse/1:s,,
nonsense word,,, 无意义的词,,,,,0,0,,,
nonsense-book,'nɔnsənsbuk,,n. 荒谬逗乐的书,,,,,0,0,,,
nonsense-mediated mrna decay,,,无意义密码子媒介式mRNA分解,,,,,0,0,,,
nonsensed,'nɒns(ə)ns,,n.\n胡说，废话\n胡闹，愚蠢的举动(或见解等)\n荒谬；荒谬的事情\n无用之物，无价值的东西\n无意义；无意义之事\nadj.\n无意义的，荒谬的\n【生物学】含有无意义密码的\ninterj.\n胡说! 废话!\n短语:\nmake (a) nonsense of\n使混乱不堪，搅乱\nstand no nonsense from someone\n[口语]不许某人胡说八道；不让某人干愚事(或胡闹)\ntake the nonsense out of someone\n让某人的举止(或见解)合情合理,,,,,0,0,,,
nonsenser,'nɒns(ə)ns,,n. 胡说，废话；胡闹，愚蠢的举动(或见解等)\nadj. 无意义的，荒谬的；【生物学】含有无意义密码的\ninterj. 胡说! 废话!,,,,,0,0,,,
nonsenses,,plural of nonsense\nn. a message that seems to convey no meaning\ns. having no intelligible meaning,"(nonsense 的复数) n. 无意义的事, 荒谬言行, 荒唐",,,,,0,0,0:nonsense/1:s,,
nonsensest,'nɒns(ə)ns,,n. 胡说，废话；胡闹，愚蠢的举动(或见解等)\nadj. 无意义的，荒谬的；【生物学】含有无意义密码的\ninterj. 胡说! 废话!,,,,,0,0,,,
nonsensibility,'nɔnsensi'biliti,,无敏感性,,,,,0,0,,,
nonsensible,,,[网络] 无关紧要,,,,,0,0,,,
nonsensical,nɒn'sensikl,s incongruous; inviting ridicule\ns having no intelligible meaning,"a. 无意义的, 荒谬的",j:100,,,gre,19291,20151,,,
nonsensical computer,,,非顺序计算机,,,,,0,0,,,
nonsensicalities,nɔn'sensikəl,,nonsensicality\nn.\nnonsensical的变形\nnonsensical\n[nɔn'sensikəl]\nadj.\n愚蠢的，可笑的，无意义的，荒谬的,,,,,0,0,0:nonsensicality/1:s,,
nonsensicality,,,[网络] 无意义,,,,,0,0,s:nonsensicalities,,
nonsensically,,,adv. 荒谬地;愚蠢地,,,,,0,0,,,
nonsensicalness,,,n. nonsensical的变形,,,,,0,0,,,
nonsensification,,,[网络] 不信任,,,,,0,0,,,
nonsensifications,,,[网络] 不通知,,,,,0,0,,,
nonsensified,,,[网络] 不合格,,,,,0,0,,,
nonsensifies,,,[网络] 不通知,,,,,0,0,,,
nonsensify,,,[网络] 不合理,,,,,0,0,,,
nonsensifying,,,[网络] 不合理,,,,,0,0,,,
nonsensing,'nɒns(ə)ns,,n.\n胡说，废话\n胡闹，愚蠢的举动(或见解等)\n荒谬；荒谬的事情\n无用之物，无价值的东西\n无意义；无意义之事\nadj.\n无意义的，荒谬的\n【生物学】含有无意义密码的\ninterj.\n胡说! 废话!\n短语:\nmake (a) nonsense of\n使混乱不堪，搅乱\nstand no nonsense from someone\n[口语]不许某人胡说八道；不让某人干愚事(或胡闹)\ntake the nonsense out of someone\n让某人的举止(或见解)合情合理,,,,,0,0,,,
nonsensitive,,,n. 不涉及国家安全的\n[网络] 不聪明，不明事理；不敏感的,,,,,0,0,,,
nonsensitiveness,,,[网络] 无意义,,,,,0,0,,,
nonsensitized,nɒn'sensɪtaɪzd,,[医]非致敏的,,,,,0,0,,,
nonsensity,,"Noun for bloody useless, absurd, ridiculous, crazy stuff that is usually a lot of fun.\n\nTo uptight people, nonsensities are dismissed (usually with a [hoity-toity] British accent) as rubbish and not worthy of their intelligence, time and attention.\n\nTo people who use it playfully to refer to themselves or something they like, there is an element of fondness or [self-deprecation] present.\n\n""Nonsensities"" is a word more nonsensical than ""[nonsense]"" because it has twice the number of syllables, and more nonsensical than ""[nonsensicality]"" because it is (surprisingly) unlisted on several major online dictionaries (despite returning more than 10,000 Google search hits) and therefore officially unrecognised as a legitimate word and truly regarded as nonsensical.\n\nIt is usually used in its plural form, because ""nonsensity"" is not nonsensical enough. Contrast with the word ""[niceties]"".\n\nBut don't take my word for any of this, I am merely spewing nonsensities.\n> If you look beyond his nonsensities you will find that he is actually quite a sensitive and caring guy.\n",,,,,,0,0,,,
nonsensory,nɒn'sensərɪ,, 非感觉的,,,,,0,0,,,
nonsensory ataxia,,,非感觉性共济失调,,,,,0,0,,,
nonsensual,,,[网络] 无神论者,,,,,0,0,,,
nonsensuality,,,[网络] 无意识,,,,,0,0,,,
nonsensuous,,,[网络] 不平凡,,,,,0,0,,,
nonsentence,'nɔn'sentәns,,非句子,,,,,0,0,,,
nonsentences,,,[网络] 不顾,,,,,0,0,,,
nonsentential,,,[网络] 不重要,,,,,0,0,,,
nonsentience,,,[网络] 不耐烦,,,,,0,0,,,
nonsentient,,,[网络] 不顾一切,,,,,0,0,,,
nonsentients,,,[网络] 不顾一切,,,,,0,0,,,
nonsentimental,,,[网络] 不切实际,,,,,0,0,,,
nonseparability,,,[网络] 不可分离性,,,,,0,0,,,
nonseparable,'nɔn'sepәrәbl,,不可分的,,,,,0,0,,,
nonseparable graph,,,不可分图,,,,,0,0,,,
nonseparable problem,,,不可分离问题,,,,,0,0,,,
nonseparate,,,[网络] 不分离,,,,,0,0,,,
nonseparated,'nɔn'sepәreitid,,不分开的,,,,,0,0,,,
nonseparated code,,,[计] 非分离码,,,,,0,0,,,
nonseparated rail fastening,,,不分开式扣件,,,,,0,0,,,
nonseparation,,,[网络] 不分开,,,,,0,0,,,
nonseparator type hydropneumatic accumulator,,,直接形蓄压器,,,,,0,0,,,
nonseptal,,,[网络] 不注意,,,,,0,0,,,
nonseptate,'nɔn'septeit,,无隔的,,,,,0,0,,,
nonseptate hypha,,,无隔菌丝,,,,,0,0,,,
nonseptic,,,[网络] 无害的,,,,,0,0,,,
nonsepticemic,,,[网络] 无意识的,,,,,0,0,,,
nonsequel,,,[网络] 非顺序,,,,,0,0,,,
nonsequels,,,[网络] 非序列,,,,,0,0,,,
nonsequence,'nɔn'si:kwәns,,"[地质]不连续, 沉积不断",,,,,0,0,,,
nonsequence access,,,无序存取,,,,,0,0,,,
nonsequenced,,,[网络] 非序的,,,,,0,0,,,
nonsequenced acknow-ledgement,,,非顺序回答;非顺序肯定回答,,,,,0,0,,,
nonsequenced acknowledge,,,非依序确认,,,,,0,0,,,
nonsequenced acknowledgement,,,[计] 非顺序确定,,,,,0,0,,,
nonsequenced chain,,,非顺序鍊接,,,,,0,0,,,
nonsequenced command,,,非顺序命令,,,,,0,0,,,
nonsequenced display,,,非顺序显示,,,,,0,0,,,
nonsequences,,,[网络] 后果,,,,,0,0,,,
nonsequent folding,,,限制褶皱,,,,,0,0,,,
nonsequential,,,[网络] 先后顺序；非序列性；非循序式,,,,,0,0,,,
nonsequential computer,,,[计] 非顺序计算机,,,,,0,0,,,
nonsequential experimental design,,,非逐次实验设计,,,,,0,0,,,
nonsequential list,,,非顺序串列,,,,,0,0,,,
nonsequential operation,,,非时序操作,,,,,0,0,,,
nonsequential receive protocol,,,非顺序接收协定,,,,,0,0,,,
nonsequential stochastic programming,,,非顺序随机规划,,,,,0,0,,,
nonsequentially,,,[网络] 无序,,,,,0,0,,,
nonsequestered,,,[网络] 无序,,,,,0,0,,,
nonsequitous,,,[网络] 无序,,,,,0,0,,,
nonsequitur,ˌnɒn ˈsekwɪtə,,na. 〈外〉【逻】不根据前提的推理\n[网络] 漫画；合乎逻辑地；突兀插入的乐段,,,,,0,0,,,
nonsequiturs,,,[网络] 非序列,,,,,0,0,,,
nonserf,,,[网络] 非服务,,,,,0,0,,,
nonserfs,,,[网络] 非服务器,,,,,0,0,,,
nonserial,,,[网络] 非系列,,,,,0,0,,,
nonserialized,,,[网络] 序列化；序列化的；序列化类的全部数据,,,,,0,0,,,
nonserially,,,[网络] 非系列,,,,,0,0,,,
nonserials,,,[网络] 非系列,,,,,0,0,,,
nonseries,,,[网络] 非系列,,,,,0,0,,,
nonseriesparallel,nɒnsiərɪs'pærəlel,,adj. 非串并联的(非混联的),,,,,0,0,,,
nonserious,,,[网络] 非严肃的；非认真的,j:100,,,,0,0,,,
nonseriousness,,,[网络] 不礼貌,,,,,0,0,,,
nonserological,,,[网络] 非静脉注射,,,,,0,0,,,
nonserotonergic,,,[网络] 非渗透性,,,,,0,0,,,
nonserotonin,,,[网络] 非血清素,,,,,0,0,,,
nonserrated,,,[网络] 无锯齿的,,,,,0,0,,,
nonserum,,,[网络] 非血清,,,,,0,0,,,
nonservant,,,[网络] 不服从,,,,,0,0,,,
nonservants,,,[网络] 非服务,,,,,0,0,,,
nonserver,,,[网络] 不服务,,,,,0,0,,,
nonservice,,,[网络] 非服务,,,,,0,0,,,
nonserviceable,'nɔn'sә:visәbl,,"a. 不能使用的\nv. 在故障状态, 失修状态, 不适用",,,,,0,0,,,
nonservices,,,[网络] 非服务,,,,,0,0,,,
nonservile,,,[网络] 非服务,,,,,0,0,,,
nonserving,,,[网络] 不服务,,,,,0,0,,,
nonservo,nɔn'sə:vəu,,adj. 【机器人】非伺服机构的,,,,,0,0,,,
nonservo robot,,,【机器人】非伺服机器人,,,,,0,0,,,
nonservo-controlled robot,,,非伺服控制机器人,,,,,0,0,,,
nonsessile,,,[网络] 不成体,,,,,0,0,,,
nonsetting,,,[网络] 非会话,,,,,0,0,,,
nonsettlable,,,[网络] 不妥协,,,,,0,0,,,
nonsettleable,,,[网络] 不可思议,,,,,0,0,,,
nonsettleable matter,,,不沉淀物,,,,,0,0,,,
nonsettleable solid,,,不易沉降的固体物,,,,,0,0,,,
nonsettled,,,[网络] 不妥协,,,,,0,0,,,
nonsettling,'nɔn'setliŋ,,不沉降的,,,,,0,0,,,
nonsettlor,,,[网络] 无忧无虑,,,,,0,0,,,
nonsettlors,,,[网络] 不客气,,,,,0,0,,,
nonsetup job,,,非准备作业,,,,,0,0,,,
nonseverance,,,[网络] 非随从,,,,,0,0,,,
nonsevere,,,[网络] 非严重,,,,,0,0,,,
nonsex,,"1.) Being sexual without actually having sex.\r\n2.) Foreplay without the sex afterwards.\n> ""We didn't actually have sex but I still felt all lightheaded and happy afterwards. That was the best nonsex I have ever had!""\n",,,,,,0,0,,,
nonsexism,,,[网络] 非主义,,,,,0,0,,,
nonsexist,'nɔn'seksist,,非性歧视的,,,,,0,0,s:nonsexists,,
nonsexists,",nɒn'seksɪst",,adj. 非性歧视的,,,,,0,0,0:nonsexist/1:s,,
nonsexual,'nɔn'seksjuәl,a not having or involving sex,"a. 无性别的, 无性的\n[医] 无性的",j:100,,,,0,26325,,,
nonsexuality,,,[网络] 非性欲,,,,,0,0,,,
nonsexualized,,,[网络] 非性别化,,,,,0,0,,,
nonsexually,,,[网络] 非依次,,,,,0,0,,,
nonsexy,,nonsexy (not comparable)\nNot sexy.\n,,,,,,0,0,,,
nonshadow,,,[网络] 非阴影,,,,,0,0,,,
nonshadowed,,,[网络] 没有阴影,,,,,0,0,,,
nonshaking,,,[网络] 不成功,,,,,0,0,,,
nonshallow,,,[网络] 不太,,,,,0,0,,,
nonshaman,,,[网络] 不西门子,,,,,0,0,,,
nonshamanic,,,[网络] 非典型,,,,,0,0,,,
nonshamanistic,,,[网络] 不客气,,,,,0,0,,,
nonshamans,,,[网络] 非汉族人,,,,,0,0,,,
nonshameful,,,[网络] 不幸的,,,,,0,0,,,
nonshaped,,,[网络] 不成形,,,,,0,0,,,
nonsharable segment,,,非共用片段,,,,,0,0,,,
nonshareable,,,非共用,,,,,0,0,,,
nonshared,,,[网络] 共享；未共享,,,,,0,0,,,
nonshared control unit,,,[电] 非共享控制单位,,,,,0,0,,,
nonshared environment,,,非共享环境,,,,,0,0,,,
nonshared environmental influence,,,非共享环境影响,,,,,0,0,,,
nonshared information,,,非共享讯息,,,,,0,0,,,
nonshared port,,,非公用入口;单用户入口,,,,,0,0,,,
nonshared subchannel,,, 非公用子通道,,,,,0,0,,,
nonshared task address space,,,非共用任务位址空间,,,,,0,0,,,
nonshareholder,,,[网络] 非摊子,,,,,0,0,,,
nonshareholders,,,[网络] 非会员,,,,,0,0,,,
nonshareholding,,,[网络] 不留神,,,,,0,0,,,
nonshatterable glass,,,不碎玻璃,,,,,0,0,,,
nonshattering,'nɔn'ʃætәriŋ,,"不易脆的, 不震裂的, 不碎的",,,,,0,0,,,
nonshattering crop,,,不落粒作物,,,,,0,0,,,
nonshattering glass,ˈnɔnˈʃætəriŋ ɡlɑ:s,, 安全玻璃,,,,,0,0,,,
nonshattering variety,,,不爆荚品种,,,,,0,0,,,
nonshearable,,,[网络] 不可切换,,,,,0,0,,,
nonshearing,,,[网络] 不正常,,,,,0,0,,,
nonsheathed,,,[网络] 不妥协,,,,,0,0,,,
nonshedding,,,[网络] 不开心,,,,,0,0,,,
nonsheep,,,[网络] 不整齐,,,,,0,0,,,
nonshell,,,[网络] 没事,,,,,0,0,,,
nonshelled,,,[网络] 没有东西,,,,,0,0,,,
nonshielded,,,[网络] 没有保护,,,,,0,0,,,
nonshielded cathode,,,非屏蔽式阴极,,,,,0,0,,,
nonshieleded cathode,,,非屏蔽阴极,,,,,0,0,,,
nonshiftable,,,[网络] 不可移动,,,,,0,0,,,
nonshifted,,,[网络] 不要,,,,,0,0,,,
nonshiny,,,[网络] 不可能,,,,,0,0,,,
nonshipment,,,[网络] 不配偶,,,,,0,0,,,
nonshipments,,,[网络] 不配偶,,,,,0,0,,,
nonshipper,,,[网络] 不起眼,,,,,0,0,,,
nonshippers,,,[网络] 没有人,,,,,0,0,,,
nonshipping,,,[网络] 不配对,,,,,0,0,,,
nonshivering,,,[网络] 非战栗产热,,,,,0,0,,,
nonshivering thermogenesis,,,非战栗产热,,,,,0,0,,,
nonshock,,,[网络] 不正常,,,,,0,0,,,
nonshock fluid pressure,,,水压试验压力,,,,,0,0,,,
nonshocks,,,[网络] 不要了,,,,,0,0,,,
nonshoe,,,[网络] 不合身,,,,,0,0,,,
nonshooting,,,[网络] 不投射,,,,,0,0,,,
nonshopper,,,[网络] 非hop子,,,,,0,0,,,
nonshoppers,,,[网络] 非乒乓球,,,,,0,0,,,
nonshopping,,,[网络] 不安静,,,,,0,0,,,
nonshorted contact switch,,,[网络] 不短接接触开关,,,,,0,0,,,
nonshorting,'nɔn'ʃɔ:tiŋ,,非短接的,,,,,0,0,,,
nonshorting contact switch,,,不短接接触开关,,,,,0,0,,,
nonshorting switch,,,[电] 不断路开关,,,,,0,0,,,
nonshower,,,[网络] 没有人,,,,,0,0,,,
nonshowy,,,[网络] 不健康,,,,,0,0,,,
nonshreddable,,,[网络] 不可破坏的,,,,,0,0,,,
nonshredded,,,[网络] 没有打扰,,,,,0,0,,,
nonshrink,,,[网络] 不缩水,,,,,0,0,,,
nonshrinkable,,,un. 抗缩的,,,,,0,0,,,
nonshrinkage,,,不缩性,,,,,0,0,,,
nonshrinking,,,n. 不收缩的,,,,,0,0,,,
nonshrubby,,,[网络] 不舒服,,,,,0,0,,,
nonshunted,,,[网络] 不习惯,,,,,0,0,,,
nonshy,,,[网络] 不客气,,,,,0,0,,,
nonsi,,,[网络] 非国际,,,,,0,0,,,
nonsibling,,,[网络] 不合作,,,,,0,0,,,
nonsiblings,,,[网络] 不成熟,,,,,0,0,,,
nonsicut,,,[网络] 不开心,,,,,0,0,,,
nonsien,,,[网络] 不要,,,,,0,0,,,
nonsighted,nɔn'saitid,,adj.\n无视力的，盲的,,,,,0,0,,,
nonsigmoidal,,,[网络] 不对偶,,,,,0,0,,,
nonsignal indication light,,,非信号区表示灯,,,,,0,0,,,
nonsignaled shunting movement,,,非信号指挥的调车运行,,,,,0,0,,,
nonsignalling,,,[网络] 无声无息,,,,,0,0,,,
nonsignatories,,,[网络] 非标准,,,,,0,0,,,
nonsignatory,,,[网络] 非公开的,,,,,0,0,,,
nonsigned,,,[网络] 没有指定,,,,,0,0,,,
nonsigner,,,[网络] 不着名,,,,,0,0,,,
nonsigners,,,[网络] 无名氏,,,,,0,0,,,
nonsigners' clause,,,非签约人条款,,,,,0,0,,,
nonsignificance,,, [医]无显著意义,,,,,0,0,,,
nonsignificant,'nɔnsi^'nifikәnt,a. attributable to chance,"a. 无足轻重的, 无意义的, 不足道的",j:100,,,,0,18819,,,
nonsignificant character,,,无效字符,,,,,0,0,,,
nonsignificant interaction,,,非显著性交互影响,,,,,0,0,,,
nonsignificant zero,,,意义[的]零,,,,,0,0,,,
nonsignificantly,,,adv. nonsignificant的变形,,,,,0,0,,,
nonsignifying,,,[网络] 无名氏,,,,,0,0,,,
nonsigning,,,[网络] 不配对,,,,,0,0,,,
nonsilence,,,[网络] 不好意思,,,,,0,0,,,
nonsilenced,,,[网络] 没有污点,,,,,0,0,,,
nonsilencing,,,[网络] 不成体,,,,,0,0,,,
nonsilent,,,[网络] 不安静,,,,,0,0,,,
nonsilicate,,,非硅酸盐,,,,,0,0,,,
nonsiliceous,,,[网络] 不爽,,,,,0,0,,,
Nonsilicide,,,非硅化物,,,,,0,0,,,
nonsilicified,,,[网络] 非硅化,,,,,0,0,,,
nonsilicon,,,[网络] 非硅,,,,,0,0,,,
nonsilicon element,,,非硅元素,,,,,0,0,,,
nonsilicone,,,[网络] 非硅酮,,,,,0,0,,,
nonsiliconized,,,[网络] 非硅化,,,,,0,0,,,
nonsilicotic,,,[网络] 非吸引力,,,,,0,0,,,
nonsilk,,,[网络] 废话,,,,,0,0,,,
nonsilly,,,[网络] 没有,,,,,0,0,,,
nonsilting velocity,,,[网络] 不淤流速,,,,,0,0,,,
nonsilver,,,[网络] 不过分,,,,,0,0,,,
nonsilver photography,,,非银盐摄影术,,,,,0,0,,,
nonsilvered,,,[网络] 没有污点,,,,,0,0,,,
nonsilverphotography,,,非银盐照相,,,,,0,0,,,
nonsimilar,,,[网络] 不相似,,,,,0,0,,,
nonsimilar solutions,,,相似性解,,,,,0,0,,,
nonsimilarity,,,[网络] 不相似,,,,,0,0,,,
nonsimilarly,,,[网络] 不相似,,,,,0,0,,,
nonsimpl curve segment,,,[网络] 非简单曲线段,,,,,0,0,,,
nonsimple,,,[网络] 非简单群,,,,,0,0,,,
nonsimple curve segment,,,非单值曲线段,,,,,0,0,,,
nonsimple domain,,,非简单定域,,,,,0,0,,,
nonsimple nonlinearity,,,非单值非线性,,,,,0,0,,,
nonsimplex,,,[网络] 不复杂,,,,,0,0,,,
nonsimplicial,,,[网络] 不客气,,,,,0,0,,,
nonsimply,,,[网络] 没有用处,,,,,0,0,,,
nonsimulated,,,[网络] 不受刺激,,,,,0,0,,,
nonsimulation,,,[网络] 没有刺激,,,,,0,0,,,
nonsimultaneous,,,[网络] 非同时；非同时的；非实时交际,,,,,0,0,,,
nonsimultaneous interferometry,,,非同时干涉量度术,,,,,0,0,,,
nonsimultaneous observation,,,[网络] 异时观测,,,,,0,0,,,
nonsimultaneous prestressing,,,不同时预加应力,,,,,0,0,,,
nonsimultaneous transmission,,,非同时传送，非同时传输,,,,,0,0,,,
nonsimultaneously,,,[网络] 非同时期,,,,,0,0,,,
nonsimutaneous transmission,,,[计] 非同时传送,,,,,0,0,,,
nonsince,,,[网络] 不要说,,,,,0,0,,,
nonsine,'nɔn'sain,,非正弦,,,,,0,0,,,
nonsine-wave,,,非正弦波,,,,,0,0,,,
nonsinger,,,[网络] 被认为非歌手,,,,,0,0,,,
nonsingers,,,[网络] 不懂事,,,,,0,0,,,
nonsinging,,,[网络] 不成体,,,,,0,0,,,
nonsingle,,,[网络] 无聊,,,,,0,0,,,
nonsinglet,,,[网络] 不成体,,,,,0,0,,,
nonsingleton,,,[网络] 不成体,,,,,0,0,,,
nonsinglets,,,[网络] 非单调,,,,,0,0,,,
nonsingular,'nɔn'siŋ^julә,,"非退化的, 非奇的",,,,,0,0,,,
nonsingular algebraic curve,,,[数] 非奇异代数曲线,,,,,0,0,,,
nonsingular bilinear form,,,非奇(异)双线性型,,,,,0,0,,,
nonsingular code,,,非奇异码,,,,,0,0,,,
nonsingular collineation,,,非奇(异)直射,,,,,0,0,,,
nonsingular complete algebraic variety,,,[数] 非奇异完备代数簇,,,,,0,0,,,
nonsingular conic,,,非奇异二次曲线,,,,,0,0,,,
nonsingular correlation,,,非奇(异)对射,,,,,0,0,,,
nonsingular correspondence,,,非奇异对应,,,,,0,0,,,
nonsingular corrspondence,,,非奇异对应,,,,,0,0,,,
nonsingular curve,,,非奇异曲线,,,,,0,0,,,
nonsingular distribution,,,非奇异荷布,,,,,0,0,,,
nonsingular divisor,,,[数] 非奇异除子,,,,,0,0,,,
nonsingular genus,,,非奇(异)亏格,,,,,0,0,,,
nonsingular homology,,,[数] 非奇异同调,,,,,0,0,,,
nonsingular idempotent matrix,,,非奇异性自乘不变矩阵,,,,,0,0,,,
nonsingular interaction,,,非奇异相互作用,,,,,0,0,,,
nonsingular irreducible projective varieties,,,[数] 非奇异不可约射影簇,,,,,0,0,,,
nonsingular irreducible varieties,,,[数] 非奇异不可约簇,,,,,0,0,,,
nonsingular linear function,,,[数] 非奇异线性函数,,,,,0,0,,,
nonsingular linear system,,,[自] 非奇异线性系统,,,,,0,0,,,
nonsingular linear transformation,,,满秩线性变换,,,,,0,0,,,
nonsingular matrix,ˈnɔnˈsiŋɡjulə ˈmeɪtrɪks,, 非奇异矩阵,,,,,0,0,s:nonsingular matrixes,,
nonsingular matrixes,,, 非奇异矩阵\n(nonsingular matrix 的复数),,,,,0,0,0:nonsingular matrix/1:s,,
nonsingular module,,,非奇(异)模,,,,,0,0,,,
nonsingular network,,,非退化网络,,,,,0,0,,,
nonsingular normal distribution,,,[数] 非奇异正态分布,,,,,0,0,,,
nonsingular operator,,,非奇异算子,,,,,0,0,,,
nonsingular perturbation,,,非奇异摄动,,,,,0,0,,,
nonsingular point,,,非奇异点,,,,,0,0,,,
nonsingular quadric,,,"非奇[异]二次曲面,满秩二次曲面",,,,,0,0,,,
nonsingular quadric surface,,,[数] 满秩二次曲面,,,,,0,0,,,
nonsingular set,,,非奇异集合,,,,,0,0,,,
nonsingular set type,,,非奇异集合型式,,,,,0,0,,,
nonsingular square matrix,,,[数] 非奇异（方）阵,,,,,0,0,,,
nonsingular surface,,,非奇(异)曲面,,,,,0,0,,,
nonsingular transformation,,,非奇异变换,,,,,0,0,,,
nonsingular variety,,,非奇异曲体,,,,,0,0,,,
nonsingularities,"'nɔn,siŋgju'læriti",,n. [数] 非奇异性，非单一性,,,,,0,0,,,
nonsingularity,"'nɔn,siŋ^ju'læriti",,非奇异性,,,,,0,0,,,
nonsingularity of information matrix,,,[自] 信息矩阵的非奇异性,,,,,0,0,,,
nonsinkable,,,adj. 不沉的,,,,,0,0,,,
nonsinkable suit,,,[网络] 不沉救生服,,,,,0,0,,,
nonsinner,,,[网络] 没有,,,,,0,0,,,
nonsinners,,,[网络] 不客气,,,,,0,0,,,
nonsinse,,,[网络] 不要洗,,,,,0,0,,,
nonsinsical,,,[网络] 非正式的,,,,,0,0,,,
nonsinusoidal,'nɔnsainә'sɔidәl,,[电] 非正弦的,,,,,0,0,,,
nonsinusoidal vibration,,,非正弦振动,,,,,0,0,,,
nonsinusoidal wave,,,[电] 非正弦波,,,,,0,0,,,
nonsinusoidal wave form,,,非正弦波形,,,,,0,0,,,
nonsinusoidal waveform,,,【电工学】非正弦波形,,,,,0,0,,,
nonsiphonate,,,[网络] 非糖,,,,,0,0,,,
nonsister chromatids,,,非姐妹染色单体,,,,,0,0,,,
nonsituational,,,[网络] 非制定性,,,,,0,0,,,
nonskater,,,[网络] 非吸烟者,,,,,0,0,,,
nonskaters,,,[网络] 不吸烟,,,,,0,0,,,
nonsked,nɒn'sked,,a. 不定期的\nn. 不定期航线,,,,,0,0,,,
nonskeds,,,n. 〔空〕不定期航线；不定期运输机\n[网络] 不定期的,,,,,0,0,,,
nonskeletal,,,[网络] 非骨骼的,,,,,0,0,,,
nonskeletonized,,,[网络] 非骨骼化,,,,,0,0,,,
nonskeptic,,,[网络] 不健康的,,,,,0,0,,,
nonskeptical,,,[网络] 不健康的,,,,,0,0,,,
nonskeptics,,,[网络] 不吸毒者,,,,,0,0,,,
nonskew,'nɔn'skju:,,无偏的,,,,,0,0,,,
nonskewed,,,[网络] 不开心,,,,,0,0,,,
nonskid,nɒn'skid,s. designed to reduce or prevent skidding,a. 不滑的,j:100,,,,0,33447,,,
nonskid chain,ˈnɔnˈskɪd tʃein,, 胎链，防滑链,,,,,0,0,,,
nonskid chain tyre,,,[车辆] 防滑轮胎,,,,,0,0,,,
nonskid deck covering,,,防滑甲板革,,,,,0,0,,,
nonskid deck paint,,,un. 甲板防滑漆,,,,,0,0,,,
nonskid device,,,[车辆] 防滑装置,,,,,0,0,,,
nonskid pattern,,,防滑花纹,,,,,0,0,,,
nonskid road surface,,,无侧滑路面,,,,,0,0,,,
nonskid tire,ˈnɔnˈskɪd ˈtaiə,, 防滑轮胎,,,,,0,0,,,
nonskid tyre,ˈnɔnˈskɪd ˈtaiə,, 防滑轮胎,,,,,0,0,,,
nonskid-chain,,,[车辆] 防滑链；胎链,,,,,0,0,,,
nonskidding,'nɔn'skidiŋ,,a. 不滑的,,,,,0,0,,,
nonskier,,,[网络] 不要紧,,,,,0,0,,,
nonskiers,,,[网络] 不吸烟,,,,,0,0,,,
nonskiing,,,[网络] 不幸的,,,,,0,0,,,
nonskilled,,,[网络] 不熟练,,,,,0,0,,,
nonskin,,,un. 不光整冷轧,,,,,0,0,,,
nonskipping,,,[网络] 不吸烟,,,,,0,0,,,
nonslack,,,[网络] 不整齐,,,,,0,0,,,
nonslave,,,[网络] 不散,,,,,0,0,,,
nonslaveholder,,,[网络] 非常抱歉,,,,,0,0,,,
nonslaveholders,,,[网络] 非人员,,,,,0,0,,,
nonslaveholding,,,[网络] 不客气,,,,,0,0,,,
nonslaves,,,[网络] 非洲人,,,,,0,0,,,
nonsleep,,,[网络] 不睡觉,,,,,0,0,,,
nonsleeper,,,[网络] 不要管,,,,,0,0,,,
nonsleepers,,,[网络] 不开火,,,,,0,0,,,
nonsleeping,,,[网络] 不睡觉,,,,,0,0,,,
nonsleepy,,,[网络] 不睡觉,,,,,0,0,,,
nonslender nose,,,非细长头部,,,,,0,0,,,
nonsliced,,,[网络] 不分,,,,,0,0,,,
nonsliding,,,[网络] 不滑稽,,,,,0,0,,,
nonslip,'nɔn'slip,s designed to reduce or prevent slipping,不滑的,,,,,0,0,,,
nonslip concrete,,,防滑混凝土,,,,,0,0,,,
nonslip deck pad,,,[网络] 甲板防滑敷层区,,,,,0,0,,,
nonslip differential,,,防滑差速器,,,,,0,0,,,
nonslip pattern,,,[网络] 防滑涂层图,,,,,0,0,,,
nonslip paving tile,,,防滑铺地砖,,,,,0,0,,,
nonslip plane,ˈnɔnˈslip plein,, 非滑移面,,,,,0,0,,,
nonslip safety walk,,,[网络] 防滑安全步道；防滑安全走道,,,,,0,0,,,
nonslip terrazzo,,,防滑水磨石,,,,,0,0,,,
nonslip tread,,,防滑踏步,,,,,0,0,,,
nonslip tripod feet,,,防滑三脚架基部,,,,,0,0,,,
nonslip wire drawing machine,,,[网络] 无滑动多次拉丝机,,,,,0,0,,,
nonslip wire-drawing machine,,,无滑动多次拉丝机,,,,,0,0,,,
nonslippage,,,[网络] 不折不扣,,,,,0,0,,,
nonslippery,,,[网络] 不舒服,,,,,0,0,,,
nonslipping chock,,,防滑块,,,,,0,0,,,
nonslipping spur,,,[网络] 防滑块,,,,,0,0,,,
nonsloping,,,[网络] 不顺利,,,,,0,0,,,
nonslumping,,,[网络] 不发光,,,,,0,0,,,
nonsmall,,,[网络] 死猫,,,,,0,0,,,
nonsmart,,,[网络] 不自觉,,,,,0,0,,,
nonsmelling,,,"失嗅,嗅觉丧失",,,,,0,0,,,
nonsmile,,,[网络] 不重要,,,,,0,0,,,
nonsmiles,,,[网络] 不通,,,,,0,0,,,
nonsmiling,,,[网络] 不愉快,,,,,0,0,,,
nonsmoked,,,[网络] 不抽烟,,,,,0,0,,,
nonsmoker,nɒn'smәukә,n. a person who does not smoke tobacco\nn. a passenger car for passengers who want to avoid tobacco smoke,n. 不抽烟的人,,,,,31570,0,s:nonsmokers,,
nonsmokers,nɔn'sməukə,n. a person who does not smoke tobacco\nn. a passenger car for passengers who want to avoid tobacco smoke,n. 不抽烟的人；禁止吸烟列车车厢,,,,,0,0,0:nonsmoker/1:s,,
nonsmoking,nɔn'sməukiŋ,,"adj. (人)不吸烟的; (商店等公共场所)严禁吸烟的 [亦作 non-smoking, no-smoking]",,,,,0,0,s:nonsmokings,,
nonsmoking car,,,[网络] 不吸烟车,,,,,0,0,s:nonsmoking cars,,
nonsmoking cars,,,[网络] 不吸烟车\n(nonsmoking car 的复数),,,,,0,0,0:nonsmoking car/1:s,,
nonsmokings,nɒn'sməʊkɪŋ,,严禁吸烟的\n（人）不吸烟的,,,,,0,0,0:nonsmoking/1:s,,
nonsmooth,,,[网络] 非平滑；不友好,,,,,0,0,,,
nonsmooth analysis,,,非平滑分析,,,,,0,0,,,
nonsmooth optimization,,,非平滑最佳化,,,,,0,0,,,
nonsmoothed,,,[网络] 不平滑,,,,,0,0,,,
nonsmoothly,,,[网络] 不顺利,,,,,0,0,,,
nonsna interconnect,,,非SNA互连,,,,,0,0,,,
nonsna interconnection,,,非SNA互连,,,,,0,0,,,
nonsna station,,,非SNA工作站,,,,,0,0,,,
nonsna terminal,,,非SNA终端,,,,,0,0,,,
nonsnack,,,[网络] 不客气,,,,,0,0,,,
nonsnitches,,,[网络] 非特征,,,,,0,0,,,
nonsnow,,,[网络] 不知道,,,,,0,0,,,
nonsoap,'nɔn'sәup,,a. [化] 无皂的,,,,,0,0,,,
nonsoap detergent,,,[化] 非皂洗涤剂; 合成洗涤剂,,,,,0,0,,,
nonsoap grease,,,"无皂油脂,非皂基润滑脂",,,,,0,0,,,
nonsoaps,,,[网络] 不分,,,,,0,0,,,
nonsoapy,,,[网络] 非肥皂,,,,,0,0,,,
nonsoapy detergent,,,[化] 非皂洗涤剂; 合成洗涤剂,,,,,0,0,,,
nonsoccer,,,[网络] 不成功,,,,,0,0,,,
nonsociable,,,[网络] 不相关,,,,,0,0,,,
nonsocial,'nɔn'sәuʃәl,s of plants and animals; not growing or living in groups or colonies,a. 非社会性的,,,,,0,0,,,
nonsocial infection,,,[网络] 非社会感染,,,,,0,0,s:nonsocial infections,,
nonsocial infections,,,[网络] 非社会感染\n(nonsocial infection 的复数),,,,,0,0,0:nonsocial infection/1:s,,
nonsocialist,,,[网络] 非社会主义者,,,,,0,0,,,
nonsocialists,,,[网络] 非社会主义者,,,,,0,0,,,
nonsocializing,,,[网络] 非社会化,,,,,0,0,,,
nonsocially,,,[网络] 非社会,,,,,0,0,,,
nonsociety,'nɔnsәu'saiәti,,无工会等组织关系的(人、团体),,,,,0,0,,,
nonsocioeconomic,,,[网络] 非经济学,,,,,0,0,,,
nonsociolinguistic,,,[网络] 非社会语言学,,,,,0,0,,,
nonsociological,,,[网络] 非生理性,,,,,0,0,,,
nonsociologist,,,[网络] 非社会学家,,,,,0,0,,,
nonsociologists,,,[网络] 非社会学家,,,,,0,0,,,
nonsociology,,,[网络] 非生理学,,,,,0,0,,,
nonsociopath,,,[网络] 非皮肤病,,,,,0,0,,,
nonsociopathic,,,[网络] 非特发性,,,,,0,0,,,
nonsociopaths,,,[网络] 非特发性,,,,,0,0,,,
nonsodic,,,[网络] 非常臭,,,,,0,0,,,
nonsodium,,,[网络] 不起眼,,,,,0,0,,,
nonsoftware,,,[网络] 非软件,,,,,0,0,,,
nonsoftware support,,,非软件支持,,,,,0,0,,,
nonsoil,,,un. 非均质土\n[网络] 土层为非土壤,,,,,0,0,,,
nonsoiled,,,[网络] 不成体,,,,,0,0,,,
nonsoiling,,,[网络] 不粘土,,,,,0,0,,,
nonsolar,,,[网络] 非极性,,,,,0,0,,,
nonsolenoidal,,,[网络] 非极性,,,,,0,0,,,
nonsolicit,,,[网络] 不合意,,,,,0,0,,,
nonsolicitation,,,[网络] 不舒服,,,,,0,0,,,
nonsolicited,,,[网络] 不请自来,,,,,0,0,,,
nonsoliciting,,,[网络] 不合情理,,,,,0,0,,,
nonsolid,,,[网络] 不固定,,,,,0,0,,,
nonsolid color,,,非纯色\n[计] 非纯色,,,,,0,0,s:nonsolid colors,,
nonsolid colors,,,n. 非纯色,,,,,0,0,0:nonsolid color/1:s,,
nonsolid colour,,,[网络] 非固色,,,,,0,0,s:nonsolid colours,,
nonsolid colours,,,[网络] 非固色\n(nonsolid colour 的复数),,,,,0,0,0:nonsolid colour/1:s,,
nonsolidrotor gyroscope,,,[网络] 非固体转子陀螺仪,,,,,0,0,,,
nonsolids,,,[网络] 不溶性,,,,,0,0,,,
nonsolitary,,,[网络] 不分散,,,,,0,0,,,
nonsolubility,,,[网络] 不溶性,,,,,0,0,,,
nonsoluble,'nɔn'sɔljubl,,"不溶解的, 不可溶的",,,,,0,0,,,
nonsoluble (insoluble),,,不溶解的,,,,,0,0,,,
nonsolute,'nɔn'sɔlju:t,,不溶质,,,,,0,0,,,
nonsolution,,,un. 不溶解,,,,,0,0,,,
nonsolutions,,,[网络] 不分,,,,,0,0,,,
nonsolvable,,,[网络] 不可解群,,,,,0,0,,,
nonsolvency,'nɔn'sɔlvәnsi,n. Inability to pay debts; insolvency.,n. [化] 非溶剂,,,,,0,0,,,
nonsolvent,'nɔn'sɔlvәnt,a. Not solvent; insolvent.\nn. An insolvent.,n. [化] 非溶剂,,,,,0,0,,,
nonsolvents,nɑn'sɑlvənt,,n. [化学] 非溶剂,,,,,0,0,,,
nonsomatic,,,[网络] 不情愿,,,,,0,0,,,
nonsomatizing,,,[网络] 不分散,,,,,0,0,,,
nonsonant,,,[网络] 不要,,,,,0,0,,,
nonsonants,,,[网络] 辅音,,,,,0,0,,,
nonsongbird,,,[网络] 非松鸟,,,,,0,0,,,
nonsongbirds,,,[网络] 非东北鸟,,,,,0,0,,,
nonsonicated,,,[网络] 不配,,,,,0,0,,,
nonsonorous,,,[网络] 不祥,,,,,0,0,,,
nonsoporific,,,[网络] 非特异性,,,,,0,0,,,
nonsororal,,,[网络] 不道德的,,,,,0,0,,,
nonsortal,,,[网络] 非正式,,,,,0,0,,,
nonsorted,,,无分选的,,,,,0,0,,,
nonsorted circle,,,"无分选环地, 无分选石环",,,,,0,0,,,
nonsorted net,,,"无分选网地, 无分选石网",,,,,0,0,,,
nonsorted polygon,,,非分选多边形土,,,,,0,0,,,
nonsorted step,,,"无分选条地, 无分选土阶",,,,,0,0,,,
nonsorted sttripe,,,无分选石条带,,,,,0,0,,,
nonsound,,,[网络] 不健康,,,,,0,0,,,
nonsoup,,,un. 非胶浆,,,,,0,0,,,
nonsouthern,,,[网络] 非南部,,,,,0,0,,,
nonsovereign,,,[网络] 非统治的,,,,,0,0,,,
nonsovereignty,,,[网络] 非主权,,,,,0,0,,,
nonsoviet,,,[网络] 非苏维埃,,,,,0,0,,,
nonspace,,,[网络] 非空间；非空白,,,,,0,0,,,
nonspace-sensitive,,,对空间不敏感的,,,,,0,0,,,
nonspacelike,,,[网络] 不空的,,,,,0,0,,,
nonspaces,,,[网络] 不客气,,,,,0,0,,,
nonspacesensitive,'nɔn'speis'sensitiv,,"对空间不敏感的, 体积大小无所谓的",,,,,0,0,,,
nonspacing,,,[网络] 不偏心,,,,,0,0,,,
nonspalling,,,[网络] 不客气,,,,,0,0,,,
nonspam,,,[网络] 不,,,,,0,0,,,
nonspare,,,[网络] 不公平,,,,,0,0,,,
nonsparing,,,[网络] 不善待,,,,,0,0,,,
nonspark,,,[网络] 无火花的,,,,,0,0,,,
nonsparkability,'nɔnspɑ:kә'biliti,,无火花性,,,,,0,0,,,
nonsparking,,,un. 无火花的\n[网络] 不会打出火花；不产生火花的,,,,,0,0,,,
nonsparking tool,,,[网络] 非铁合金工具；无火花工具,,,,,0,0,,,
nonsparkling,'nɔn'spɑ:kliŋ,,"不燃的, 不产生火花的",,,,,0,0,,,
nonspastic,,,[网络] 不熟悉,,,,,0,0,,,
nonspatial,,,[网络] 非空间场,,,,,0,0,,,
nonspatiality,,,[网络] 非职业,,,,,0,0,,,
nonspatialized,,,[网络] 非专业化,,,,,0,0,,,
nonspatially,,,[网络] 非正式,,,,,0,0,,,
nonspatiotemporal,,,[网络] 非时间的,,,,,0,0,,,
nonspeaker,,,[网络] 莫言者,,,,,0,0,,,
nonspeakers,,,[网络] 非扬声器,,,,,0,0,,,
nonspeaking,,,[网络] 不正常,,,,,0,0,,,
nonspecial,'nɔn'speʃәl,,非特殊的,,,,,0,0,,,
nonspecial linear complex,,,非特殊线性线丛,,,,,0,0,,,
nonspecial system of point-groups,,,[数] 非特殊点集系,,,,,0,0,,,
nonspecialist,nɒns'peʃəlɪst,,n. 非专业人士,,,,,0,0,s:nonspecialists,,
nonspecialists,,plural of nonspecialist,(nonspecialist 的复数) n. 非专业人士,,,,,0,0,0:nonspecialist/1:s,,
nonspecialized,,,[网络] 非专业化,,,,,0,0,,,
nonspecializing,,,[网络] 非专业化,,,,,0,0,,,
nonspecialty,,,[网络] 非特异性,,,,,0,0,,,
nonspecific,'nɔnspi'sifik,a. not caused by a specific agent; used also of staining in making microscope slides,a. 非特异性的\n[医] 非特异性的,,,,,0,0,,,
nonspecific action,,,非特异性作用,,,,,0,0,,,
nonspecific adsorption,,,非专性吸附,,,,,0,0,,,
nonspecific afferent system,,,非特异性传入系统,,,,,0,0,,,
nonspecific arteritis,,,非特异性动脉炎,,,,,0,0,,,
nonspecific blood transfusion,,,非特异性输血,,,,,0,0,,,
nonspecific cholinesterase,,,非特异性胆硷酯酶,,,,,0,0,,,
nonspecific cystitis,,,非特异性膀胱炎,,,,,0,0,,,
nonspecific defense,,,非专一性防御,,,,,0,0,,,
nonspecific disease development,,,非专化发病,,,,,0,0,,,
nonspecific effect,,,非特异性效应,,,,,0,0,,,
nonspecific epididymitis,,,非特异性附睾炎,,,,,0,0,,,
nonspecific granuloma,,,非特异性肉芽肿,,,,,0,0,,,
nonspecific hepatitis,,,非特异性肝炎,,,,,0,0,,,
nonspecific immunity,,,[医] 非特异免疫,,,,,0,0,,,
nonspecific immunization,,,【免疫学】非特异性免疫,,,,,0,0,,,
nonspecific immunologic stimulant,,,非特异性免疫刺激物,,,,,0,0,,,
nonspecific infection,,,非特异性感染,,,,,0,0,,,
nonspecific inflammatory spondylopathy,,,非特异性炎症性脊椎病,,,,,0,0,,,
nonspecific inhibition,,,非特异性抑制,,,,,0,0,,,
nonspecific intracavitary,,,[医] 非特异疗法,,,,,0,0,,,
nonspecific laryngitis,,,非特异性喉炎,,,,,0,0,,,
nonspecific lysin,,,非特异性溶素,,,,,0,0,,,
nonspecific membranous stomatitis,,,[医] 非特殊膜性口炎,,,,,0,0,,,
nonspecific orchitis,,,非特异性睾丸炎,,,,,0,0,,,
nonspecific pairing,,,（染色体之）非专一的配对,,,,,0,0,,,
nonspecific pericarditis,,,非特异性心包炎,,,,,0,0,,,
nonspecific projection system,,,非特异投射系统,,,,,0,0,,,
nonspecific prostatitis,,,非特异性前列腺炎,,,,,0,0,,,
nonspecific protein,,,非特异性蛋白质,,,,,0,0,,,
nonspecific protein intracavitary,,,[医] 非特异蛋白质疗法,,,,,0,0,,,
nonspecific protein therapy,,,非特异蛋白质疗法,,,,,0,0,,,
nonspecific proteinotherapy,,,非特异性蛋白疗法,,,,,0,0,,,
nonspecific proteins,,,[医] 非特异性蛋白,,,,,0,0,,,
nonspecific reaction,,,非特异性反应,,,,,0,0,,,
nonspecific resistance,,,[医] 非特殊抵抗力,,,,,0,0,,,
nonspecific stimulation,,,[医] 非特殊刺激,,,,,0,0,,,
nonspecific stimulation therapy,,,非特异性刺激疗法,,,,,0,0,,,
nonspecific stomatitis,,,[医] 非特殊性口炎,,,,,0,0,,,
nonspecific symptom,,,非特异性症状,,,,,0,0,,,
nonspecific thalamo-cortical projection system,,,丘脑-皮质非特异投射系统,,,,,0,0,,,
nonspecific treatment,,,[医] 非手术疗法,,,,,0,0,,,
nonspecific tuberculin reaction,,,非特异性结核菌素反应,,,,,0,0,,,
nonspecific ulcer of colon,,,结肠非特异性溃疡,,,,,0,0,,,
nonspecific urethritis,,,"[医] 非特异尿道炎, 单纯性尿道炎",,,,,0,0,,,
nonspecific vaginitis,ˈnɔnspiˈsifik ˌvædʒiˈnaitis,, [医]非特异性阴道炎,,,,,0,0,,,
nonspecific volume request,,,非指定卷请求,,,,,0,0,,,
nonspecifically,,,[网络] 非特异性地,,,,,0,0,,,
nonspecification,,,un. 非规格化\n[网络] 非规范,,,,,0,0,,,
nonspecificimmunity,,,非特异性免疫,,,,,0,0,,,
nonspecificity,,,[网络] 多义性又可以分为非特异性；多义性又可分为非特异性；具体性,,,,,0,0,,,
nonspecified,,,[网络] 非指定,,,,,0,0,,,
nonspeckled,,,[网络] 不打扰,,,,,0,0,,,
nonspectacular,,,[网络] 不重要的,,,,,0,0,,,
nonspectral,'nɔn'spektrәl,,谱外的,,,,,0,0,,,
nonspectral colo(u)r,,,[摄] 非光谱色,,,,,0,0,,,
nonspectral color,,,非谱色,,,,,0,0,,,
nonspectral colour,,,非光谱色,,,,,0,0,,,
nonspecular,,,[网络] 非特异性,,,,,0,0,,,
nonspecular surface,,,[网络] 非镜面,,,,,0,0,,,
nonspeculative,,,[网络] 非推测的,,,,,0,0,,,
nonspeech,,,[网络] 非言语,,,,,0,0,,,
nonspeech sound,,,非言语语音,,,,,0,0,,,
nonspender,,,[网络] 不要吝啬,,,,,0,0,,,
nonspenders,,,[网络] 不要吝啬,,,,,0,0,,,
nonspending,,,[网络] 不在意,,,,,0,0,,,
nonsphere,,,[网络] 不对,,,,,0,0,,,
nonspheres,,,[网络] 非球面,,,,,0,0,,,
nonspherical,'nɔn'sferikәl,a not spherical,非球形的,,,,,0,0,,,
nonspherical acceleration,,,(非球形重力场作用下产生的)非球形加速度,,,,,0,0,,,
nonspherical lens,,,[光] 非球面透镜,,,,,0,0,,,
nonspherical nucleus,,,非球形核,,,,,0,0,,,
nonsphericity,,,[网络] 非球形性,,,,,0,0,,,
nonspherocytic,,,[网络] 非皮质红细胞,,,,,0,0,,,
nonspherocytic hemolytic anemia,,,非球形红细胞性溶血性贫血,,,,,0,0,,,
nonspheroidal,,,[网络] 非球形,,,,,0,0,,,
nonsphingolipid,,,[网络] 非鞘氨醇,,,,,0,0,,,
nonspiced,,,[网络] 不要点,,,,,0,0,,,
nonspicy,,,[网络] 不辣,,,,,0,0,,,
nonspiked,,,[网络] 不对劲,,,,,0,0,,,
nonspiking,,,[网络] 非脚踏,,,,,0,0,,,
nonspiking behaviour,,,非尖峰性能,,,,,0,0,,,
nonspinal,,,[网络] 非正式,,,,,0,0,,,
nonspinnable,,,[网络] 不可比拟,,,,,0,0,,,
nonspinning,'nɔn'spiniŋ,,不旋转的,,,,,0,0,,,
Nonspinning reserve,,,[网络] 非旋转备用,,,,,0,0,,,
nonspinning rope,,,无股钢丝绳,,,,,0,0,,,
nonspinning satellite,,,不自旋卫星,,,,,0,0,,,
nonspinulose,,,[网络] 不配蛋白,,,,,0,0,,,
nonspiral,,,[网络] 非对照,,,,,0,0,,,
nonspirit,,,[网络] 不要吝啬,,,,,0,0,,,
nonspiritual,,,[网络] 非宗教的,,,,,0,0,,,
nonspirituality,,,[网络] 非物质性,,,,,0,0,,,
nonspirituous,,,[网络] 不自觉,,,,,0,0,,,
nonsplattering,,,[网络] 不顺畅,,,,,0,0,,,
nonsplenectomized,,,非脾切除,,,,,0,0,,,
nonspliced,,,[网络] 不发音,,,,,0,0,,,
nonspliceosomal,,,[网络] 非鳞片状,,,,,0,0,,,
nonsplinterable,,,[网络] 不可打破,,,,,0,0,,,
nonsplintering,,,[网络] 不打孔,,,,,0,0,,,
nonspoilable,,,[网络] 不成体,,,,,0,0,,,
nonspoilage,,,[网络] 非挥发性,,,,,0,0,,,
nonspoken,,,[网络] 不说话,,,,,0,0,,,
nonspongy,,,[网络] 不对劲,,,,,0,0,,,
nonsponsor,,,n. 非赞助者,,,,,0,0,,,
nonsponsored,,,[网络] 没有留下,,,,,0,0,,,
nonsponsoring,,,[网络] 不在意,,,,,0,0,,,
nonsponsors,,,[网络] 不赞成,,,,,0,0,,,
nonspontaneous,,,[网络] 非自发,,,,,0,0,,,
nonspontaneous process,,,非自发过程,,,,,0,0,,,
nonspontaneous reaction,,,非自发反应,,,,,0,0,,,
nonspontaneous redox reaction,,,非自发性氧化还原反应,,,,,0,0,,,
nonsporadic,,,[网络] 非散在群,,,,,0,0,,,
nonspore-bearing,,,无芽孢的,,,,,0,0,,,
nonsporeforming,'nɔnspɔ:'fɔ:miŋ,,不产生孢子的,,,,,0,0,,,
nonsporogenic,,,[网络] 非发生性,,,,,0,0,,,
nonsport,,,[网络] 不在场,,,,,0,0,,,
nonsporting,'nɒn'spɔːtɪŋ,,a. 不参加体育活动的；对体育不感兴趣的；不适合打猎的；缺乏猎狗固有特性的,,,,,0,0,,,
nonsportingdog,,,(猎犬种的)家犬，宠物犬,,,,,0,0,,,
nonsports,,,[网络] 非运动,,,,,0,0,,,
nonsporulating,,,[网络] 不成问题,,,,,0,0,,,
nonspotted,,,[网络] 没有意义,,,,,0,0,,,
nonspotted-halfbeak,,,乔氏鱵,,,,,0,0,,,
nonsprayable,'nɔn'spreiәbl,,不可喷雾的,,,,,0,0,,,
nonspreadable,,,[网络] 不可扩展,,,,,0,0,,,
nonspreading,'nɔn'sprediŋ,,"不铺展的, 不流散的",,,,,0,0,,,
nonspreading ridge,,,非扩张海岭,,,,,0,0,,,
nonsprouting,,,[网络] 不成熟,,,,,0,0,,,
nonspurious,,,[网络] 关系,,,,,0,0,,,
nonsquamous,,,[网络] 非鳞状；非鳞癌,,,,,0,0,,,
nonsquare,,,[网络] 非平方,,,,,0,0,,,
nonsquare fiber length distribution,,,不等长纤维分布,,,,,0,0,,,
nonsquare matrix,,,[数] 非方阵,,,,,0,0,,,
nonsquares,,,[网络] 不合格,,,,,0,0,,,
nonsqueezing,,,[网络] 不挤压,,,,,0,0,,,
nonsse,,,[网络] 不要,,,,,0,0,,,
nonst,,,[网络] 不，,,,,,0,0,,,
nonstability,,,[网络] 不稳定,,,,,0,0,,,
nonstabilized,,,[网络] 不稳定,,,,,0,0,,,
nonstable,'nɔn'steibl,,非[不]稳定的,,,,,0,0,,,
nonstable homotopy group,,,[数] 不稳定同伦群,,,,,0,0,,,
nonstable integrality theorem,,,[数] 非稳定整性定理,,,,,0,0,,,
nonstackable,,,[网络] 不可压缩,,,,,0,0,,,
nonstacked,,,[网络] 非堆叠,,,,,0,0,,,
nonstaff,,,[网络] 非人员,,,,,0,0,,,
nonstageable font,,,非阶段化字型,,,,,0,0,,,
nonstaged,,,[网络] 不上架,,,,,0,0,,,
nonstaging drive,,,非阶梯驱动器;隔行驱动,,,,,0,0,,,
nonstained,,,[网络] 不染色,,,,,0,0,,,
nonstaining,'nɔn'steiniŋ,,不污染的,,,,,0,0,,,
nonstaining antioxidant,,,无污染抗氧剂,,,,,0,0,,,
nonstale,,,[网络] nostale,,,,,0,0,,,
nonstalment,,,非分期付款,,,,,0,0,,,
nonstamped,,,[网络] 不粘,,,,,0,0,,,
nonstandard,nɒn'stændәd,a. not conforming to the language usage of a prestige group within a community\na. varying from or not adhering to a standard\na. not standard; not accepted as a model of excellence,a. 不标准的,,,,,0,0,s:nonstandards,,
nonstandard action,,,非标准动作,,,,,0,0,,,
nonstandard analysis,,,un. 非标准分析\n[网络] 非标准分析学,,,,,0,0,,,
nonstandard bearing,,,[机] 非标准型轴承,,,,,0,0,,,
nonstandard character code,,,[计] 非标准字符码,,,,,0,0,,,
nonstandard command format,,,非标准命令格式,,,,,0,0,,,
nonstandard condition,,,[计划] 非标准条件,,,,,0,0,,,
nonstandard default packet size,,,非标准内定封包尺寸,,,,,0,0,,,
nonstandard dynamic logic,,,非标准动态逻辑,,,,,0,0,,,
nonstandard earth station,,,[通信] 非标准地面站,,,,,0,0,,,
nonstandard English,,,非规范英语,,,,,0,0,,,
nonstandard equipment,,,[工经] 非标准设备,,,,,0,0,,,
nonstandard file,,,非标准文件,,,,,0,0,,,
nonstandard formatted file,,,非标准格式化档案,,,,,0,0,,,
nonstandard fortran,,,非标准FORTRAN语言,,,,,0,0,,,
nonstandard gear,,,[网络] 非标准齿轮；非接触式密封,,,,,0,0,,,
nonstandard group,,,[数] 非标准群,,,,,0,0,,,
nonstandard interfaces,,,非标准介面,,,,,0,0,,,
nonstandard item,,,不标准项目,,,,,0,0,,,
nonstandard label,,,非标准标号,,,,,0,0,,,
nonstandard label handling,,,非标准标号处理,,,,,0,0,,,
nonstandard label number,,,非标准标号数,,,,,0,0,,,
nonstandard language construction,,,非标准语言构造,,,,,0,0,,,
nonstandard logic,,,非标准逻辑,,,,,0,0,,,
nonstandard material,,,不够标准之材料,,,,,0,0,,,
nonstandard method,,,不够标准之方法,,,,,0,0,,,
nonstandard method of settlement,,,非标准清算法,,,,,0,0,,,
nonstandard military property,,,[军] 非标准军用物资,,,,,0,0,,,
nonstandard model,,,非标准模型,,,,,0,0,,,
nonstandard motor,,,[电] 非标准型电动机,,,,,0,0,,,
nonstandard natural number,,,[数] 非标准自然数,,,,,0,0,,,
nonstandard number,,,[网络] 非标准号码,,,,,0,0,,,
nonstandard part approval,,,非标准部分核准,,,,,0,0,,,
nonstandard power supply,,,[电] 非标准电源,,,,,0,0,,,
nonstandard pressure parts,,,[化] 非标准受压件,,,,,0,0,,,
nonstandard probability computation,,,[统计] 非标准概率计算,,,,,0,0,,,
nonstandard procedure,,,非标准过程,,,,,0,0,,,
nonstandard product,,,非标准品,,,,,0,0,,,
nonstandard production,,,非标准产品,,,,,0,0,,,
nonstandard propagation,,,反常传播,,,,,0,0,,,
nonstandard quantifier,,,非标准量词,,,,,0,0,,,
nonstandard real number,,,[数] 非标准实数,,,,,0,0,,,
nonstandard size,,,非标准尺寸,,,,,0,0,,,
nonstandard syntax,,,非标准语法,,,,,0,0,,,
nonstandard unit,,,[网络] 非标准测量单位；非标准单位,,,,,0,0,,,
nonstandardized,,,[网络] 非标准化,j:100,,,,0,0,,,
nonstandardized technique,,,非标准化,,,,,0,0,,,
nonstandardly,,,[网络] 双引号工作,,,,,0,0,,,
nonstandardness,,,[网络] 非标准性,,,,,0,0,,,
nonstandards,nɒn'stændəd,,adj.\n(尤指语言)不规范的；不标准的\n【数学】非标准的 [参较 standard],,,,,0,0,0:nonstandard/1:s,,
nonstanding,,,[网络] 不了解,,,,,0,0,,,
nonstanzaic,,,[网络] 非挥发性,,,,,0,0,,,
nonstaoichiometric compounds,,,[机] 非化学计量化合物,,,,,0,0,,,
nonstaphylococcal,,,[网络] 非葡萄球菌,,,,,0,0,,,
nonstaple,'nɔn'steipl,,a. 非主要的,,,,,0,0,,,
nonstaple food,ˈnɔnˈsteipl fu:d,, [医]副食品,,,,,0,0,,,
nonstaples,,,adj. 非主要的\nn. 副产品,,,,,0,0,,,
nonstar,,,[网络] 非星号,,,,,0,0,,,
nonstarch,,,[网络] 非淀粉,,,,,0,0,,,
nonstarched,,,[网络] 非星号,,,,,0,0,,,
nonstarches,,,[网络] 非星号,,,,,0,0,,,
nonstarchy,,,[网络] 非淀粉,,,,,0,0,,,
nonstardom,,,[网络] 非标准,,,,,0,0,,,
nonstarred,,,[网络] 非星号,,,,,0,0,,,
nonstars,,,[网络] 非星座,,,,,0,0,,,
nonstarter,nɒn'stɑ:tә,n. a horse that fails to run in a race for which it has been entered,"n. 未能出赛的马, 无成功希望的人",,,,,0,0,s:nonstarters,,
nonstarters,nɒn'stɑː(r)tə(r),,n. 弃权出赛的马\n[网络] 毫无希望的人；无成功希望的人；不可能成功的人,,,,,0,0,0:nonstarter/1:s,,
nonstarting,,,[网络] 不开始,,,,,0,0,,,
nonstarving,,,[网络] 不动摇,,,,,0,0,,,
nonstate,,,[网络] 非国家行为体；非国有经济的发展水平；非教育部门,,,,,0,0,,,
nonstate economy,,,非国有经济,,,,,0,0,,,
nonstated,,,[网络] 没有状态,,,,,0,0,,,
nonstateful,,,[网络] 不言而喻,,,,,0,0,,,
nonstatement,,,[网络] 非国籍,,,,,0,0,,,
nonstatements,,,[网络] 非国际性,,,,,0,0,,,
nonstates,,,[网络] 非国家,,,,,0,0,,,
nonstatic,'nɔn'stætik,,非静止的,,,,,0,0,,,
nonstatic member function,,,非静态成员函数,,,,,0,0,,,
nonstatic universe,,,非静止宇宙,,,,,0,0,,,
nonstatin,,,[网络] 非稳定剂,,,,,0,0,,,
nonstatins,,,[网络] 非稳定剂,,,,,0,0,,,
nonstationarities,'nɔnsteiʃə'næriti,,n. 非平稳,,,,,0,0,,,
nonstationarity,'nɔnsteiʃә'næriti,,非平稳性,,,,,0,0,,,
nonstationarity of speech spectrum,,,语言频谱之非稳态性,,,,,0,0,,,
nonstationarity of speech variance,,,语音变异数之非静态性,,,,,0,0,,,
nonstationary,'nɔn'steiʃənəri,,a. 非平稳的；非稳定的；非固定的,,,,,0,0,,,
nonstationary channel,,,[自 通信] 非平稳信道,,,,,0,0,,,
nonstationary field,,,非固定场,,,,,0,0,,,
nonstationary flow,,,非稳定流,,,,,0,0,,,
nonstationary iterative method,,,非定常迭代法,,,,,0,0,,,
nonstationary method,,,非平稳方法,,,,,0,0,,,
nonstationary model,,,非稳定模型,,,,,0,0,,,
nonstationary motion,,,非常定运动,,,,,0,0,,,
nonstationary oscillation,,,[物] 非平稳振荡,,,,,0,0,,,
nonstationary process,,,非平稳过程,,,,,0,0,,,
nonstationary random process,,,[电] 非恒定散乱程序,,,,,0,0,,,
nonstationary random signal,,,[通信] 非平稳随机信号,,,,,0,0,,,
nonstationary random vibration,,,[力] 非平稳随机振动,,,,,0,0,,,
nonstationary satellite,,,非同步卫星，非24时卫星,,,,,0,0,,,
nonstationary self-focusing,,,非稳态自聚焦,,,,,0,0,,,
nonstationary series,,,非平稳数列,,,,,0,0,,,
nonstationary state,,,非定态,,,,,0,0,,,
nonstationary system,,,[电] 非恒定系统,,,,,0,0,,,
nonstationary time series,,,非平稳时间序列,,,,,0,0,,,
nonstationary universe,,,非稳定宇宙,,,,,0,0,,,
nonstationary vibration,,,[机] 非平稳振动,,,,,0,0,,,
nonstatistical,,,非统计性的,,,,,0,0,,,
nonstatistical behavior,,,非统计行为,,,,,0,0,,,
nonstatistical error,,,非统计误差,,,,,0,0,,,
nonstatistically,,,[网络] 非统计学,,,,,0,0,,,
nonstatistics,,,[网络] 非统计学,,,,,0,0,,,
nonstative,nɔn'steitiv,,a. 非状态动词的,,,,,0,0,,,
nonstatives,nɔn'steitiv,,【语法学】\nadj.\n非状态动词的\nn.\n非状态动词,,,,,0,0,,,
nonstatus,,,[网络] 非状态,,,,,0,0,,,
nonstatutory,,,[网络] 非法定,,,,,0,0,,,
nonsteady,'nɔn'stedi,,"非[不]稳定的, 非恒稳的",,,,,0,0,,,
nonsteady aerodynamics,,,非定常空气动力学,,,,,0,0,,,
nonsteady deformation process,,,不稳定变形过程,,,,,0,0,,,
nonsteady flow,,,变量流,,,,,0,0,,,
nonsteady fluid dynamics,,,[流] 非定常流体动力学,,,,,0,0,,,
nonsteady jet,,,[流] 非定常射流,,,,,0,0,,,
nonsteady model,,,[力] 非定常模式,,,,,0,0,,,
nonsteady motion,,,非定常运动,,,,,0,0,,,
nonsteady noise,ˈnɔnˈstedi nɔiz,, [医]非稳态噪声,,,,,0,0,,,
nonsteady stage,,,非稳定状态,,,,,0,0,,,
nonsteady state,ˈnɔnˈstedi steit,, 不稳定态，不稳定状态,,,,,0,0,,,
nonsteady state characteristics,,,不稳定状态特性,,,,,0,0,,,
nonsteady state creep,,,[力] 非定常蠕变,,,,,0,0,,,
nonsteady state laser operation,,,激光器不稳定工作状态,,,,,0,0,,,
nonsteady state water flow,,,非稳态水流,,,,,0,0,,,
nonsteady-state condition,,,非稳定态条件,,,,,0,0,,,
nonsteady-state diffusion,,,非稳定态扩散,,,,,0,0,,,
nonsteak,,,[网络] 不锈钢,,,,,0,0,,,
nonstealing,,,[网络] 非刑罚,,,,,0,0,,,
nonstealth,,,[网络] 非健康,,,,,0,0,,,
nonsteam,,,[网络] 非铁,,,,,0,0,,,
nonsteamed,,,[网络] 非蒸汽,,,,,0,0,,,
nonsteaming economizer,,,不沸腾式省煤器,,,,,0,0,,,
nonsteel,,,[网络] 非钢铁,,,,,0,0,,,
nonsteer drive axle,,,不转向的驱动轴,,,,,0,0,,,
nonstellar,,,[网络] 非星级,,,,,0,0,,,
nonstellar astronomical object,,,非恒星天体,,,,,0,0,,,
nonstem,,,[网络] 不干,,,,,0,0,,,
nonstenotic,,,[网络] 非狭缝的,,,,,0,0,,,
nonstereo specific polymer,,,[网络] 无规立构聚合物,,,,,0,0,,,
nonstereogenic,,,[网络] 非致畸性,,,,,0,0,,,
nonstereoscopic,,,[网络] 非立体视觉,,,,,0,0,,,
nonstereoscopic viewing instrument,,, 非立体观察仪器,,,,,0,0,,,
nonstereoselective,,,[网络] 非立体选择性,,,,,0,0,,,
nonstereospecific,,,[网络] 非特异性,,,,,0,0,,,
nonstereospecific polymer,,,[化] 无规立构聚合物,,,,,0,0,,,
nonstereospecifically,,,[网络] 非特异性地,,,,,0,0,,,
nonstereotyped,,,[网络] 非定形的,,,,,0,0,,,
nonstereotypical,,,[网络] 非刻板的,,,,,0,0,,,
nonsteric,,,[网络] 非甾体,,,,,0,0,,,
nonsterile,'nɒnsteraɪl,, [医]有菌的,j:100,,,,0,46955,,,
nonsterilizable,,,[网络] 不可粉化,,,,,0,0,,,
nonsterilized,,,[网络] 未灭菌,,,,,0,0,,,
Nonsterilized intervention,,,[网络] 非冲销性干预；不消毒的干预；非冲销式干预,,,,,0,0,,,
nonsterilizing,,,[网络] 无毒化,,,,,0,0,,,
nonsteroid,"nɔn'stiәrɔid,-'steә-",n an organic compound that does no contain a steroid,"n. & adj.[生化]非甾类化合物(的),非类固醇(的)",,,,,0,0,s:nonsteroids,,
nonsteroidal,'nɒnstərɔɪdl,a. not steroidal or not having the effects of steroid hormones,"a. 非甾类化合物的, 非类固醇的",j:100,,,,0,28199,s:nonsteroidals,,
nonsteroidal anti-inflammatories,,,[网络] 非类固醇止痛药；非甾体抗炎药,,,,,0,0,0:nonsteroidal anti-inflammatory/1:s,,
nonsteroidal anti-inflammatory,,,[网络] 非类固醇消炎药,,,,,0,0,s:nonsteroidal anti-inflammatories,,
nonsteroidal anti-inflammatory drug,,,[网络] 类固醇止痛药；非甾体类抗炎药,,,,,0,0,s:nonsteroidal anti-inflammatory drugs,,
nonsteroidal anti-inflammatory drugs,,,[网络] 非甾体抗炎药；非类固醇消炎药；非类固醇抗发炎药物,,,,,0,0,0:nonsteroidal anti-inflammatory drug/1:s,,
nonsteroidal contraceptive,,,非类固醇避孕药,,,,,0,0,,,
nonsteroidals,,,非甾类化合物的，非类固醇的,,,,,0,0,0:nonsteroidal/1:s,,
nonsteroids,,,[网络] 非类固醇类的；非类固醇类,,,,,0,0,0:nonsteroid/1:s,,
nonsterol,,,[网络] 非甾体,,,,,0,0,,,
nonstick,,s. (of surfaces especially of cooking utensils) permitting easy removal of adherent food particles,a. 锅底不粘的,j:100,,,,0,11915,s:nonsticks,,
nonstick button,,,自复式按钮,,,,,0,0,,,
nonstick button control,,,自复式按钮控制,,,,,0,0,,,
nonstick enamel,,,不黏瓷漆,,,,,0,0,,,
nonstick push button,,,自复式按钮,,,,,0,0,,,
nonstick system of control,,,自动控制制,,,,,0,0,,,
nonstick working,,,"自动操作,非保留操作",,,,,0,0,,,
nonsticking,'nɔn'stikiŋ,,"不粘附的, 灵活的",,,,,0,0,,,
nonsticks,,,[网络] 非标,,,,,0,0,0:nonstick/1:s,,
nonsticky,,,un. 不粘结的\n[网络] 不粘脚,,,,,0,0,,,
nonstiff,,,[网络] 非刚性度；微分方程式无劲度；非刚性问题,,,,,0,0,,,
nonstiffened,,,[网络] 不僵硬,,,,,0,0,,,
nonstiffening,,,[网络] 不稳定,,,,,0,0,,,
nonstigmatic,,,[网络] 不吝啬,,,,,0,0,,,
nonstigmatization,,,[网络] 不污名化,,,,,0,0,,,
nonstigmatized,,,[网络] 不污名,,,,,0,0,,,
nonstimulant,,,[网络] 非兴奋剂,,,,,0,0,,,
nonstimulants,,,[网络] 非中枢神经兴奋剂,,,,,0,0,,,
nonstimulated,,,[网络] 无刺激,,,,,0,0,,,
nonstimulating,,,[网络] 不刺激,,,,,0,0,,,
nonstimulation,,,[网络] 不刺激,,,,,0,0,,,
nonstimulative,,,[网络] 不刺激,,,,,0,0,,,
nonstipendiary,,,[网络] 非支配性,,,,,0,0,,,
nonstipulated,,,[网络] 非支配,,,,,0,0,,,
nonstochastic,,,[网络] 随机性；非随机；随机的,,,,,0,0,,,
nonstochastic assumption,,,非随机假定,,,,,0,0,,,
nonstochastic effect,,,[化] 非随机效应,,,,,0,0,,,
nonstochastic effects,,,[核] 非随机性效应,,,,,0,0,,,
nonstochastic explanatory variable,,,非随机解释变量,,,,,0,0,,,
nonstochastic explanatory variables,,,非随机性解释变数,,,,,0,0,,,
nonstochastic forecasting model,,,非随机预测模型,,,,,0,0,,,
nonstochastic matrix,,,非随机性矩阵,,,,,0,0,,,
nonstochastic model,,,非随机模型,,,,,0,0,,,
nonstochastic variable,,,非随机变量,,,,,0,0,,,
nonstochastically,,,[网络] 非断层,,,,,0,0,,,
nonstock,,,无库存无股票的,,,,,0,0,,,
nonstock corporation,,,非股份公司,,,,,0,0,,,
nonstocked item,,,[网络] 非库存项目,,,,,0,0,,,
nonstockholder,,,[网络] 非股东,,,,,0,0,,,
nonstockholders,,,[网络] 非股东,,,,,0,0,,,
nonstockholding,,,[网络] 非存货,,,,,0,0,,,
nonstoichiometric,'nɔnstɔikiә'metrik,,非化学计(算数)量的,,,,,0,0,,,
nonstoichiometric compound,,,[化] 非化学计量化合物; 非定比化合物,,,,,0,0,,,
nonstoichiometric crystal,,,非化学计量晶体,,,,,0,0,,,
nonstoichiometry,'nɔnstɔiki'ɔmitri,,"非化学计量性, 非定比性, 非理想配比性",,,,,0,0,,,
nonstolen,,,[网络] 非坚定,,,,,0,0,,,
nonstomatal,,,adj. 非气孔,,,,,0,0,,,
nonstop,nɒn'stɒp,s. (of a journey especially a flight) occurring without stops\nr. without stopping,"a. 直达的, 不着陆的, 不休息的\nadv. 不休息地\nn. 直达车, 直达行驶",r:46/j:54,,,,37908,12147,s:nonstops,,
nonstop clusters,,,不停丛集,,,,,0,0,,,
nonstop computer,,,【计算机】不停止计算机,,,,,0,0,,,
nonstop computing,,,不停计算,,,,,0,0,,,
nonstop crossing of opposite trains,,,对向列车的不停车会车(在单线上),,,,,0,0,,,
nonstop decay,,,无终止密码子媒介式[mRNA]分解,,,,,0,0,,,
nonstop distributed database system,,,不停顿分散式资料库系统，无休止分散式资料库系统,,,,,0,0,,,
nonstop flight,,,"直达飞行,中途不停靠的飞行",,,,,0,0,s:nonstop flights,,
nonstop flights,,,不着陆飞行,,,,,0,0,0:nonstop flight/1:s,,
nonstop operation protection,,,[计] 无休止操作保护,,,,,0,0,,,
nonstop passing,,,不停车越行,,,,,0,0,,,
nonstop run,,,[网络] 连续运转,,,,,0,0,,,
nonstop switch,,,不停开关,,,,,0,0,,,
nonstop train,,,通过列车,,,,,0,0,,,
nonstop unit train,,,为某单位专编的不停站列车,,,,,0,0,,,
nonstopped,nɑn'stɑp,,adj.\n不断的，不停止的\n(演出等)幕间不休息的\n(飞机、火车)直达的\nadv.\n不断地，不停止地；直达地\nn.\n直达飞机(或列车等)；直达航行(或飞行)；直达旅程,,,,,0,0,,,
nonstopping,nɑn'stɑp,,adj.\n不断的，不停止的\n(演出等)幕间不休息的\n(飞机、火车)直达的\nadv.\n不断地，不停止地；直达地\nn.\n直达飞机(或列车等)；直达航行(或飞行)；直达旅程,,,,,0,0,,,
nonstops,,plural of nonstop\ns. (of a journey especially a flight) occurring without stops\nr. without stopping,"(nonstop 的复数) a. 直达的, 不着陆的, 不休息的\nadv. 不休息地\nn. 直达车, 直达行驶",,,,,0,0,0:nonstop/1:s,,
nonstorable,,,[网络] 不耐烦,,,,,0,0,,,
nonstorage,'nɔn'stɔ:ridʒ,,非积[存]储式,,,,,0,0,,,
nonstorage camera tube,,,[电] 非储存式摄像管,,,,,0,0,,,
nonstorage comera tube,,,[电] 无储藏映像管,,,,,0,0,,,
nonstorage device,,,非存储设备,,,,,0,0,,,
nonstorage display,,,非存储式显示装置,,,,,0,0,,,
nonstorage space,,,[计] 非储存空间,,,,,0,0,,,
nonstore,,,[网络] 非商店,,,,,0,0,,,
nonstore retailing,,,[贸易] 无店铺销售,,,,,0,0,,,
nonstore through cache,,,不存通过快取,,,,,0,0,,,
nonstored,,,[网络] 不存在,,,,,0,0,,,
nonstoried cambium,,,非叠生形成层,,,,,0,0,,,
nonstoried combium,,,非叠生形成层,,,,,0,0,,,
nonstoried wood,,,非叠生材,,,,,0,0,,,
nonstories,,,[网络] 非典型,,,,,0,0,,,
nonstory,,,[网络] 非典型,,,,,0,0,,,
nonstraight,,,[网络] 文化中所有非常态；非直,,,,,0,0,,,
nonstraight line correlation,,,非直线相关,,,,,0,0,,,
nonstraightenable,,,[网络] 不可靠,,,,,0,0,,,
nonstraightened,,,[网络] 不直立,,,,,0,0,,,
nonstraightness,'nɔn'streitnis,,不直度,,,,,0,0,,,
nonstranded rope,,,无股钢丝绳,,,,,0,0,,,
nonstrange,,,[网络] 非典型,,,,,0,0,,,
nonstranger,,,[网络] 非外来人,,,,,0,0,,,
nonstrangers,,,[网络] 非外来人,,,,,0,0,,,
nonstrangulated,,,[网络] 无限制,,,,,0,0,,,
nonstrategic,,,[网络] 非战略性,,,,,0,0,,,
nonstrategic nuclear forces,,,[网络] 非战略性核部队,,,,,0,0,,,
nonstratified crown,,,无层式树冠,,,,,0,0,,,
nonstratified form,,,无层式树形,,,,,0,0,,,
nonstratified rock,,,非成层岩,,,,,0,0,,,
nonstratified sample,,,非分层样本,,,,,0,0,,,
nonstratiform,,,[网络] 非鳞状,,,,,0,0,,,
nonstratospheric,,,[网络] 非地球物理学,,,,,0,0,,,
nonstray,,,[网络] 无罪,,,,,0,0,,,
nonstreamed,,,[网络] 非流动,,,,,0,0,,,
nonstreaming,,,[网络] 非流动,,,,,0,0,,,
nonstreamlined,,,[网络] 不流线,,,,,0,0,,,
nonstrengthened,,,[网络] 不加强,,,,,0,0,,,
nonstrenuous,,,[网络] 不费力,,,,,0,0,,,
nonstreptococcal,,,[网络] 非链球菌,,,,,0,0,,,
nonstress test,,,[网络] 无压力试验；无压实验；无压试验,,,,,0,0,,,
nonstress tests,,,无负荷试验\n非应激试验,,,,,0,0,,,
nonstressed,,,[网络] 不受压制,,,,,0,0,,,
nonstressful,,,[网络] 不受欢迎,,,,,0,0,,,
nonstressor,,,[网络] 非抑制剂,,,,,0,0,,,
nonstressors,,,[网络] 非压缩机,,,,,0,0,,,
nonstretch,,,[网络] 非弹力的；无伸缩；无弹性,,,,,0,0,,,
nonstretchable,,,[网络] 不可伸缩,,,,,0,0,,,
nonstretched,,,[网络] 不伸展,,,,,0,0,,,
nonstretchy,,,[网络] 非弹性,,,,,0,0,,,
nonstriate,,,[网络] 非运动,,,,,0,0,,,
nonstriated,'nɔn'straieitid,"a. Without striations; unstriped; as, nonstriated muscle\n   fibers.",a. (=smooth muscle)无横纹的(指肌肉)的,,,,,0,0,,,
nonstriated fiber,,,[解剖] 无横纹纤维,,,,,0,0,,,
nonstriated fibers,,,无横纹纤维,,,,,0,0,,,
nonstriated muscle,,,[医] 平滑肌,,,,,0,0,,,
nonstrict,,,[网络] 非限制性,,,,,0,0,,,
nonstrike,,,[网络] 不打击,,,,,0,0,,,
nonstriker,'nɔn'straikә,,"n. 不参加罢工的人, 没有接到对方来球的击球员, 陪跑员",,,,,0,0,,,
nonstrikers,,,n. 不参加罢工的人；【板】没有接着对方来球的击球员\n[网络] 不参加罢工者；陪跑；梁振英是陪跑员,,,,,0,0,,,
nonstriking,,,[网络] 不引人注意,,,,,0,0,,,
nonstringent,,,非严谨杂交,,,,,0,0,,,
nonstriped,,,[网络] 无条纹,,,,,0,0,,,
nonstripping,'nɔn'stripiŋ,,防剥落的,,,,,0,0,,,
nonstrong,,,[网络] 非常强,,,,,0,0,,,
nonstructural,'nɔn'strʌktʃәrәl,s not structural,"不用于结构上的, 不作结构材料的",,,,,0,0,,,
nonstructural measures of flood control,,,防洪非工程措施,,,,,0,0,,,
nonstructural regression relation ship,,,非结构性回归关系,,,,,0,0,,,
nonstructural unemployment,,,非结构性失业,,,,,0,0,,,
nonstructural(protein),,,非结构,,,,,0,0,,,
nonstructure,,,[网络] 非晶态结构,,,,,0,0,,,
nonstructured,,,un. 无结构的\n[网络] 非结构性,,,,,0,0,,,
nonstructured data type,,,非结构资料类型,,,,,0,0,,,
nonstructured type,,,非结构型式,,,,,0,0,,,
nonstudded,,,[网络] 不。,,,,,0,0,,,
nonstudent,,,[网络] 非学习,,,,,0,0,,,
nonstudents,,,[网络] 非学生,,,,,0,0,,,
nonstudied,,,[网络] 没有学习,,,,,0,0,,,
nonstudious,,,[网络] 不客气,,,,,0,0,,,
nonstudy,,,[网络] 不学习,,,,,0,0,,,
nonstudying,,,[网络] 不学习,,,,,0,0,,,
nonstupid,,,[网络] 不笨,,,,,0,0,,,
nonstutterer,,,[网络] 无口吃者,,,,,0,0,,,
nonstutterers,,,[网络] 非投机者,,,,,0,0,,,
nonstuttering,,,[网络] 非口吃,,,,,0,0,,,
nonstyle,,,[网络] 井上裕介,,,,,0,0,,,
nonstyles,,,[网络] 非立体,,,,,0,0,,,
nonstylistic,,,[网络] 非立体的,,,,,0,0,,,
nonsubcultural,,,[网络] 非文化的,,,,,0,0,,,
nonsubducting,,,[网络] 不产生,,,,,0,0,,,
nonsubject,,,[网络] 非论题,,,,,0,0,,,
nonsubjective,,,[网络] 主体参与；主体性的,,,,,0,0,,,
nonsubjects,,,[网络] 非对象,,,,,0,0,,,
nonsubmarine,,,[网络] 非潜艇,,,,,0,0,,,
nonsubmergible,,,[网络] 不可救药,,,,,0,0,,,
nonsubmersible,,,[网络] 不可行,,,,,0,0,,,
nonsubmission,,,[网络] 不提交,,,,,0,0,,,
nonsubmissive,,,[网络] 不顺从,,,,,0,0,,,
nonsubmittal,,,[网络] 不重要,,,,,0,0,,,
nonsubmitter,,,[网络] 不提交,,,,,0,0,,,
nonsubmitters,,,[网络] 非提交者,,,,,0,0,,,
nonsubordinate,,,[网络] 不顺从,,,,,0,0,,,
nonsubordinates,,,[网络] 非下属,,,,,0,0,,,
nonsubordinating,,,[网络] 不顺从,,,,,0,0,,,
nonsubsampled,,,[网络] 非下采样；非子采样,,,,,0,0,,,
nonsubscriber,,,[网络] 非既有电信系统用户,,,,,0,0,,,
nonsubscribers,,,[网络] 非订阅者,,,,,0,0,,,
nonsubscribing,,,[网络] 非订阅,,,,,0,0,,,
nonsubscripted,,,[网络] 不成文,,,,,0,0,,,
nonsubscripted integer variable,,,无下标的整数变数,,,,,0,0,,,
nonsubscripted switch variable,,,无下标开关变数,,,,,0,0,,,
nonsubscripted variable,,,无下标变数,,,,,0,0,,,
nonsubscription,,,[网络] 非订阅,,,,,0,0,,,
nonsubsidised,,,[网络] 非补贴,,,,,0,0,,,
nonsubsidized,,,[网络] 不适用,,,,,0,0,,,
nonsubstance,,,[网络] 无所事事,,,,,0,0,,,
nonsubstances,,,[网络] 无所事事,,,,,0,0,,,
nonsubstantial,,,[网络] 非物质性的,,,,,0,0,,,
nonsubstantive,,,[网络] 非实词,,,,,0,0,,,
nonsubstitutability,,,[网络] 非替代性；不可替代性；不可取代性,,,,,0,0,,,
nonsubstitutable,,,[网络] 不可替代性；不可替代的；不可代替,,,,,0,0,,,
nonsubstituted,,,[网络] 非取代,,,,,0,0,,,
nonsubstitution of invoice transfer,,,不替换发票的转让,,,,,0,0,,,
nonsubstrate,,,[网络] 非基层,,,,,0,0,,,
nonsubtle,,,[网络] 不同意,,,,,0,0,,,
nonsubtractive,,,[网络] 非减性,,,,,0,0,,,
nonsuburban,,,[网络] 非郊区,,,,,0,0,,,
nonsubversive,,,[网络] 非颠覆性,,,,,0,0,,,
nonsuccess,,,[网络] 不成功,,,,,0,0,,,
nonsuccesses,,,[网络] 不成功,,,,,0,0,,,
nonsuccessful,,,[网络] 不成功,,,,,0,0,,,
nonsuccessive,,,[网络] 不成功,,,,,0,0,,,
nonsucculent,,,[网络] 非质子,,,,,0,0,,,
nonsucculent plants,,,非多汁植物,,,,,0,0,,,
nonsuch,'nɔnsʌtʃ,n model of excellence or perfection of a kind; one having no equal,"n. (=nonesuch)无与伦比的事物, 绝品, 极品",,,,,0,0,s:nonsuches,,
Nonsuch I.,,,[地名] 楠萨奇岛 ( 百 ),,,,,0,0,,,
Nonsuch Palace,,,[网络] 无双宫,,,,,0,0,,,
nonsuches,'nʌnsʌtʃ,,n. 绝品，极品；无与伦比的事物,,,,,0,0,0:nonsuch/1:s,,
nonsucrose,,,un. 非糖物,,,,,0,0,,,
nonsue,,,[网络] 没有消息,,,,,0,0,,,
nonsuffering,,,[网络] 不客气,,,,,0,0,,,
nonsufficiency,,,[网络] 无效,,,,,0,0,,,
nonsufficient,,,[网络] 不够用,,,,,0,0,,,
nonsufficiently,,,[网络] 不足够,,,,,0,0,,,
nonsuffixal,'nɔn'sʌfiksәl,,无后缀的,,,,,0,0,,,
nonsuffixed,,,[网络] 不间断,,,,,0,0,,,
nonsugar,'nɔn'ʃu^ә,,"n. 非糖物质, 不含糖分的物质",,,,,0,0,,,
nonsugared,nɒn'ʃʊɡə,,n.\n非糖物；不含糖的物质,,,,,0,0,,,
nonsugars,nɒn'ʃʊɡə,,n.\n非糖物；不含糖的物质,,,,,0,0,,,
nonsugary,,,[网络] 好好休息,,,,,0,0,,,
nonsuggestible,,,[网络] 不可取的,,,,,0,0,,,
nonsuggestive,,,[网络] 不高兴,,,,,0,0,,,
nonsuicidal,,,[网络] 无害的,,,,,0,0,,,
nonsuicide,,,[网络] 无辜的,,,,,0,0,,,
nonsuicides,,,[网络] 非消毒剂,,,,,0,0,,,
nonsuing,,,[网络] 不客气,,,,,0,0,,,
nonsuit,nɒn'su:t,"n. A neglect or failure by the plaintiff to follow up his\n   suit; a stopping of the suit; a renunciation or withdrawal of the cause\n   by the plaintiff, either because he is satisfied that he can not\n   support it, or upon the judge's expressing his opinion. A compulsory\n   nonsuit is a nonsuit ordered by the court on the ground that the\n   plaintiff on his own showing has not made out his case.\nv. t. To determine, adjudge, or record (a plaintiff) as\n   having dropped his suit, upon his withdrawal or failure to follow it\n   up.\na. Nonsuited.",n. 诉讼驳回\nvt. 驳回,,,,,0,0,s:nonsuits,,
nonsuitability,,,[网络] 不合适,,,,,0,0,,,
nonsuitable,,,[网络] 不合适,,,,,0,0,,,
nonsuite,,,[网络] 不透气,,,,,0,0,,,
nonsuited,,imp. & p. p. of Nonsuit,v. 驳回( nonsuit的过去式和过去分词 ),,,,,0,0,0:nonsuit/1:d,,
nonsuiting,,p. pr. & vb. n. of Nonsuit,v. 驳回( nonsuit的现在分词 ),,,,,0,0,0:nonsuit/1:i,,
nonsuits,,,n. 【法】(因原告证据不足)诉讼驳回\nv. 驳回(原告或诉案)\n[网络] 驳回诉讼；败诉,,,,,0,0,0:nonsuit/1:s,,
nonsulfated,,,[网络] 非硫酸化,,,,,0,0,,,
nonsulfhydryl,,,[网络] 非巯基,,,,,0,0,,,
nonsulfide,nɔn'sʌlfaid,,a. <美>(=nonsulphite)不含硫化物的(指矿物)的,,,,,0,0,,,
nonsulfur,,,[网络] 非硫磺,,,,,0,0,,,
nonsulfur vulcanization,,,[化] 无硫硫化; 无硫硫化作用,,,,,0,0,,,
nonsulfurous,,,[网络] 非亚硫酸,,,,,0,0,,,
nonsulphide,nɔn'sʌlfaid,,a. (矿物)不含硫化物的,,,,,0,0,,,
nonsulphur,,,[网络] 非硫化物,,,,,0,0,,,
nonsulphurous,,,[网络] 非亚硫酸盐,,,,,0,0,,,
nonsummable,'nɔn'sʌmәbl,,不可和的,,,,,0,0,,,
nonsummativity,,,[网络] 系统大於各成分加总；非加和性,,,,,0,0,,,
nonsummer,,,[网络] 不要,,,,,0,0,,,
nonsunt,,,[网络] 不存在；不幸的人不在；刚才说已经死去的人不存在,,,,,0,0,,,
nonsuperconducting,,,[网络] 非超导,,,,,0,0,,,
nonsuperconductor,,,[网络] 非超导体,,,,,0,0,,,
nonsuperconductors,,,[网络] 非超导体,,,,,0,0,,,
nonsuperficial,,,[网络] 不自觉,,,,,0,0,,,
nonsuperfluid,,,[网络] 非超流体,,,,,0,0,,,
nonsuperfluous,,,[网络] 不胖,,,,,0,0,,,
nonsuperheated,,,[网络] 不加热,,,,,0,0,,,
nonsuperimposable,,,[网络] 不重合；无法令其互相重叠一致,,,,,0,0,,,
nonsuperior,,,[网络] 非上,,,,,0,0,,,
nonsupermarket,,,[网络] 非超市,,,,,0,0,,,
nonsupernatural,,,[网络] 不自然的,,,,,0,0,,,
nonsupernaturalist,,,[网络] 非自然主义者,,,,,0,0,,,
nonsupernaturalists,,,[网络] 非自然主义者,,,,,0,0,,,
nonsuperparamagnetic,,,[网络] 非顺磁性,,,,,0,0,,,
nonsuperpower,,,[网络] 不超人,,,,,0,0,,,
nonsuperpowers,,,[网络] 不起眼的,,,,,0,0,,,
nonsuperradiant,,,[网络] 不顺从,,,,,0,0,,,
nonsupersonic,,,[网络] 非超音速,,,,,0,0,,,
nonsuperstar,,,[网络] 不超人,,,,,0,0,,,
nonsuperstars,,,[网络] 不起眼,,,,,0,0,,,
nonsuperstitious,,,[网络] 不合身,,,,,0,0,,,
nonsupersymmetric,,,[网络] 非对称的,,,,,0,0,,,
nonsupervised,,,[网络] 非监督,,,,,0,0,,,
nonsupervised inference procedure,,,无监督推理程序,,,,,0,0,,,
nonsupervision,'nɔnsju:pә'viʒәn,,无监督,,,,,0,0,,,
nonsupervisor mode,,,非管理状态,,,,,0,0,,,
nonsupervisory,,,[网络] 非监督,,,,,0,0,,,
nonsupervisory workers,,,非监督劳工,,,,,0,0,,,
nonsupine,,,[网络] 非平面,,,,,0,0,,,
nonsupplemental,,,[网络] 不补充,,,,,0,0,,,
nonsupplementary,,,[网络] 不补充,,,,,0,0,,,
nonsuppletive,,,[网络] 不起眼,,,,,0,0,,,
nonsupplier,,,[网络] 不供货,,,,,0,0,,,
nonsuppliers,,,[网络] 非供应商,,,,,0,0,,,
nonsupport,.nɒnsә'pɒ:t,,"n. 不支持, 不履行抚养义务",,,,,0,0,,,
nonsupported,",nɒnsə'pɔːt",,n.\n不支持；缺乏支持\n【法律】不履行法定的抚养(或赡养)义务,,,,,0,0,,,
nonsupporter,",nɒnsə'pɔːt",,n.\n不支持；缺乏支持\n【法律】不履行法定的抚养(或赡养)义务,,,,,0,0,,,
nonsupporters,,,[网络] 不起眼,,,,,0,0,,,
nonsupporting,,,[网络] 不支持,,,,,0,0,,,
nonsupportive,,,[网络] 不支持,j:100,,,,0,0,,,
nonsupports,",nɒnsə'pɔːt",,n. 不支持；不履行抚养义务,,,,,0,0,,,
nonsuppressed,,,[网络] 没有压抑,,,,,0,0,,,
nonsuppressibility,,,[网络] 不受限制,,,,,0,0,,,
nonsuppressible,,,[网络] 被抑制,,,,,0,0,,,
nonsuppressible insulinlike activity,,,＝ insulinlike growth factors,,,,,0,0,,,
nonsuppurative,'nɒnsəpjʊrətɪv,a not suppurative, [医]非化脓性的,,,,,0,0,,,
nonsuppurative otitis media,,,非化脓性中耳炎,,,,,0,0,,,
nonsurety,,,[网络] 不客气,,,,,0,0,,,
nonsurface,,,[网络] 非表面,,,,,0,0,,,
nonsurfactant,'nɔnsә:'fæktәnt,,非表面活性剂,,,,,0,0,,,
nonsurfactants,,,[网络] 无表面活性剂,,,,,0,0,,,
nonsurgical,,a. not surgical,[医] 非外科的,j:100,,,,0,29770,,,
nonsurgically,,,[网络] 非手术,,,,,0,0,,,
nonsurgieal,,,[网络] 不健康,,,,,0,0,,,
nonsurging spring,,,防振气门弹簧,,,,,0,0,,,
nonsurjective,,,[网络] 非主观的,,,,,0,0,,,
nonsurplus,,,[网络] 非营养,,,,,0,0,,,
nonsurprise,,,[网络] 非常惊喜,,,,,0,0,,,
nonsurprises,,,[网络] 不用了,,,,,0,0,,,
nonsurrealist,,,[网络] 非现实主义者,,,,,0,0,,,
nonsurrealists,,,[网络] 非现实主义者,,,,,0,0,,,
nonsurvey,,,[网络] 非调查方法,,,,,0,0,,,
nonsurveyed,,,[网络] 不需要,,,,,0,0,,,
nonsurvivable,,,[网络] 不需要,,,,,0,0,,,
nonsurvival,nɒnʃɜ:'vaɪvl,,[医]未能幸存者，未残存者，未能幸存，未能残存,,,,,0,0,,,
nonsurvivor,,,[网络] 不存在,,,,,0,0,,,
nonsurvivors,,,[网络] 非潜伏者,,,,,0,0,,,
nonsusceptibility,,,[网络] 不敏感,,,,,0,0,,,
nonsusceptible,,,[网络] 不敏感,,,,,0,0,,,
nonsushi,,,[网络] 非寿司,,,,,0,0,,,
nonsuspect,,,[网络] 不客气,,,,,0,0,,,
nonsuspects,,,[网络] 不客气,,,,,0,0,,,
nonsuspendable subsystem,,,不可中断子系统,,,,,0,0,,,
nonsuspended,,,[网络] 非悬挂,,,,,0,0,,,
nonsuspense,,,[网络] 不松动,,,,,0,0,,,
nonsuspicious,,,[网络] 不吉利,,,,,0,0,,,
nonsustainable,,,[网络] 不可持续的,,,,,0,0,,,
nonsustained,,,[网络] 不合时宜,,,,,0,0,,,
nonsustaining,,,[网络] 不撒谎,,,,,0,0,,,
nonsute,,,[网络] 不要,,,,,0,0,,,
nonsuturated,'nɔn'sætʃәreitid,,不[非]饱和的,,,,,0,0,,,
nonswan,,,[网络] 没有,,,,,0,0,,,
nonswans,,,[网络] 没有人,,,,,0,0,,,
nonswappable,,,不可调换,,,,,0,0,,,
nonswappable program,,,【计算机】不可交换程序,,,,,0,0,,,
nonswappable storage,,,不可调换的储存区,,,,,0,0,,,
nonswearing,,,[网络] 不舒服,,,,,0,0,,,
nonsweating,,,无汗症,,,,,0,0,,,
nonsweeping frequency measurement,,,非搜索法测频,,,,,0,0,,,
nonsweet,,,[网络] 咸味产品市场,,,,,0,0,,,
nonswelling,'nɔn'sweliŋ,,"不膨胀的, 不溶胀的, 不浸胀的",,,,,0,0,,,
nonswimmer,'nɔn'swimә,,不会游泳的人,,,,,0,0,,,
nonswimmers,'nɔn'swimə,,n.\n不会游泳的人,,,,,0,0,,,
nonswimming,,,[网络] 不习惯,,,,,0,0,,,
nonswinger,,,[网络] 不开心,,,,,0,0,,,
nonswingers,,,[网络] 不唱歌,,,,,0,0,,,
nonswitch,,,[网络] 专线,,,,,0,0,,,
nonswitchable,,,[网络] 不可切换的,,,,,0,0,,,
nonswitched circuit,,,非交换电路,,,,,0,0,,,
nonswitched connection,,,非交换连接;非转接连接,,,,,0,0,,,
nonswitched data link,,,非交换数据链路,,,,,0,0,,,
nonswitched line,,,[计] 非转接线,,,,,0,0,,,
nonswitched link,,,非交换型链路,,,,,0,0,,,
nonswitched network,,,非交换式网路,,,,,0,0,,,
nonswitched point-to point line,,,[网络] 无转点到点线路,,,,,0,0,,,
nonswitched point-to-point line,,,非交换点到点线路,,,,,0,0,,,
nonswitched transmission,,,非交换型传输,,,,,0,0,,,
nonswitching,,,[网络] 不开关,,,,,0,0,,,
nonswollen,,,[网络] 不溶胀,,,,,0,0,,,
nonsworn,,,[网络] 没事,,,,,0,0,,,
nonsyllabic,'nɔnsi'læbik,a not forming a syllable or the nucleus of a syllable; consisting of a consonant sound accompanied in the same syllable by a vowel sound or consisting of a vowel sound dominated by other vowel sounds in a syllable (as the second vowel in a falling diphthong)\na (of speech sounds) not forming or capable of forming the nucleus of a syllable,"a. [语]不成音节的, 非音节的",,,,,0,0,,,
nonsyllogistic,,,[网络] 非消极的,,,,,0,0,,,
nonsymbiotic,'nɔnsimbai'ɔtik,s not parasitic on another organism,非共生的,,,,,0,0,,,
nonsymbiotic nitrogen fixation,,,非共生固氮作用,,,,,0,0,,,
nonsymbiotically,,,[网络] 非正式的,,,,,0,0,,,
nonsymbolic,,,[网络] 非正交,,,,,0,0,,,
nonsymbolic address debugging,,,非符号位址除错,,,,,0,0,,,
nonsymbolically,,,[网络] 无符号,,,,,0,0,,,
nonsymbolizing,,,[网络] 不符号,,,,,0,0,,,
nonsymmetric,,,adj. 非对称的\nn. 不对称的\n[网络] 非对称式；非对称群,,,,,0,0,,,
nonsymmetric relation,,,非对称关系,,,,,0,0,,,
nonsymmetric tensor,,,非对称张量,,,,,0,0,,,
nonsymmetric transistor,,,不对称晶体管,,,,,0,0,,,
nonsymmetrical,'nɔnsi'metrikәl,,不对称的,,,,,0,0,,,
nonsymmetrical (asymmetrical),,,非对称的;不对称的,,,,,0,0,,,
nonsymmetrical aquifer,,,非对称性水体,,,,,0,0,,,
nonsymmetrical distribution,,,非对称分布,,,,,0,0,,,
nonsymmetrical load,,,非对称负载,,,,,0,0,,,
nonsymmetrical network,,,[网络] 不对称网络,,,,,0,0,,,
nonsymmetrical section,,,un. 不对称剖面,,,,,0,0,,,
nonsymmetrical transistor,,,不对称晶体管,,,,,0,0,,,
nonsymmetrical vibration,,,[物] 非对称振动,,,,,0,0,,,
nonsymmetrically,,,[网络] 非对称,,,,,0,0,,,
nonsymmetrizable,,,[网络] 不对称,,,,,0,0,,,
nonsymmetrized,,,[网络] 不对称,,,,,0,0,,,
nonsymmetry,nɔn'simitri,,n. ＝ asymmetry,,,,,0,0,,,
nonsymmorphic,,,[网络] 不合时宜,,,,,0,0,,,
nonsymmorphical group,,,非同形群,,,,,0,0,,,
nonsympathetic,,,[网络] 非同情心,,,,,0,0,,,
nonsympathizer,,,[网络] 不随心所欲,,,,,0,0,,,
nonsympathizers,,,[网络] 不愉快的,,,,,0,0,,,
nonsympatric,,,[网络] 无症状,,,,,0,0,,,
nonsymphonic,,,[网络] 不健康,,,,,0,0,,,
nonsymplectic,,,[网络] 不精神,,,,,0,0,,,
nonsymptomatic,nɒnsɪmptə'mætɪk,, [医]无症状的，未残废的，非症状的，非残废的，愈合良好的,,,,,0,0,,,
nonsymptomatological,,,[网络] 无症状,,,,,0,0,,,
nonsynaesthetic,,,[网络] 不合理的,,,,,0,0,,,
nonsynaptic,,,[网络] 非突触性,,,,,0,0,,,
nonsynaptosomal,,,[网络] 非散斑,,,,,0,0,,,
nonsync sound,,,非同步声音,,,,,0,0,,,
nonsynchronic,,,[网络] 非同步,,,,,0,0,,,
nonsynchronizable,,,[网络] 不可同步,,,,,0,0,,,
nonsynchronized,,,非同步的,,,,,0,0,,,
nonsynchronized defibrillator,,,非同步型去颤器,,,,,0,0,,,
nonsynchronizing,,,adj. 非同步的\nn. 非同步的,,,,,0,0,,,
nonsynchronous,'nɔn'siŋkrәnәs,s. not occurring together,[电] 异步,,,,,0,0,,,
nonsynchronous computer,,,非同步计算机,,,,,0,0,,,
nonsynchronous data transmission channel,,,异步数据传输通道,,,,,0,0,,,
nonsynchronous information,,,非同步资讯,,,,,0,0,,,
nonsynchronous initiation,,,不同步起动,,,,,0,0,,,
nonsynchronous motor,,,[电] 非同步电动机,,,,,0,0,,,
nonsynchronous multiplex system,,,非同步多工系统,,,,,0,0,,,
nonsynchronous network,,,非同步网络,,,,,0,0,,,
nonsynchronous signal,,,[电子] 非同步信号,,,,,0,0,,,
nonsynchronous spark gap,,,[电] 异步电花隙,,,,,0,0,,,
nonsynchronous starting torque,,,[电] 异步起动力矩,,,,,0,0,,,
nonsynchronous superposed arcuate structure,,,非同期叠加弧形构造,,,,,0,0,,,
nonsynchronous timer,,,[电] 异步定时器,,,,,0,0,,,
nonsynchronous transfer,,,非同步传送,,,,,0,0,,,
nonsynchronous transmission,,,[电] 异步传输,,,,,0,0,,,
nonsynchronous vibrator,,,[电] 异步振荡器,,,,,0,0,,,
nonsyncopal,,nonsyncopal (not comparable)\nNot pertaining to or caused by syncope.\n,,,,,,0,0,,,
nonsyncopated,,,[网络] 不同步,,,,,0,0,,,
nonsyncretic,,,[网络] 非分析性,,,,,0,0,,,
nonsyndicated,,,[网络] 非特异性,,,,,0,0,,,
nonsyndromic,,,[网络] 遗传性耳聋分为非综合征；非综合征性；非症候型,,,,,0,0,,,
nonsynergistic effect,,,[化] 非协同效应,,,,,0,0,,,
nonsynesthetic,,,[网络] 不合意,,,,,0,0,,,
nonsyngenic,,,非同源的,,,,,0,0,,,
nonsynonymous,,,[网络] 非同义；非同义突变；非同义变异,,,,,0,0,,,
nonsynonymous mutation,,,非同义突变,,,,,0,0,,,
nonsynovial,,,[网络] 非慢性,,,,,0,0,,,
nonsyntactic,,,[网络] 非特异性,,,,,0,0,,,
nonsyntaxin,,,[网络] 非合成,,,,,0,0,,,
nonsyntaxins,,,[网络] 非功能性,,,,,0,0,,,
nonsynthesized,,,[网络] 非合成,,,,,0,0,,,
nonsynthetase,,,[网络] 非合成酶,,,,,0,0,,,
nonsynthetic,'nɔnsin'θetik,s involving or derived from living organisms; free from chemical treatments or additives,非合成的,,,,,0,0,,,
nonsyphilitic,,,[网络] 非功利性,,,,,0,0,,,
nonsystem,'nɔn'sistәm,,n. 缺乏有效组织的体系,,,,,0,0,,,
nonsystem job,,,非系统工件,,,,,0,0,,,
nonsystem mark time request,,,非系统标示时间请求,,,,,0,0,,,
nonsystem standard format,,,非系统标准格式,,,,,0,0,,,
nonsystematic,,,[网络] 非系统性的；非系统性；无系统,,,,,0,0,,,
nonsystematic code,,,[计] 非系统码,,,,,0,0,,,
nonsystematic convolutional code,,,[计] 非系统卷积码,,,,,0,0,,,
nonsystematic distortion,,, 偶然,,,,,0,0,,,
nonsystematic error,,,偶然误差，非系统误差,,,,,0,0,,,
nonsystematic joint,,,un. 非系统节理,,,,,0,0,,,
Nonsystematic risk,,,[网络] 非系统风险,,,,,0,0,,,
nonsystemic,,,[网络] 非系统性,,,,,0,0,,,
nonsystemic code,,,非系统码,,,,,0,0,,,
nonsystems,'nɒn'sɪstəm,,缺乏有效组织的体系,,,,,0,0,,,
nonsystolic,,,[网络] 非收缩期,,,,,0,0,,,
nont,,,[网络] 不，,,,,,0,0,,,
nontabbed,,,[网络] 非制表符的,,,,,0,0,,,
nontabby,,,[网络] 不健康,,,,,0,0,,,
nontaboo,,,[网络] 不可爱,,,,,0,0,,,
nontabular,,,[网络] 非常规的,,,,,0,0,,,
nontabulated,,,[网络] 无人化,,,,,0,0,,,
nontackle,,,[网络] 非棘手,,,,,0,0,,,
nontacky,'nɔn'tæki,,"非粘性的, 不粘的",,,,,0,0,,,
nontactical,,,[网络] 非战术性,,,,,0,0,,,
nontactical missile,,,[军] 非战术导弹,,,,,0,0,,,
nontactile,,,[网络] 非触觉,,,,,0,0,,,
nontagged,,,[网络] 没有标签,,,,,0,0,,,
nontailored,,,[网络] 没有兴趣,,,,,0,0,,,
nontainted,,,[网络] 没有,,,,,0,0,,,
nontakeover,,,[网络] 不间断,,,,,0,0,,,
nontalent,,,[网络] 无意的,,,,,0,0,,,
nontalented,,,[网络] 无意的,,,,,0,0,,,
nontalents,,,[网络] 非常,,,,,0,0,,,
nontalkative,,,[网络] 不忠于,,,,,0,0,,,
nontalker,,nontalker (plural nontalkers)\nOne who is not a talker; an untalkative person.\n,,,,,,0,0,,,
nontalking,,,[网络] 非正常,,,,,0,0,,,
nontan,'nɔn'tæn,,"(=nonontan tanning)非鞣质, 非单宁",,,,,0,0,,,
nontangential,'nɔntæn'dʒenʃәl,,不相切的,,,,,0,0,,,
nontangential limit,,,非正切极限,,,,,0,0,,,
nontangentially,,,[网络] 非危险,,,,,0,0,,,
nontangible,,,[网络] 非危险,,,,,0,0,,,
nontangibles,,,[网络] 非无形资产,,,,,0,0,,,
nontangled,,,[网络] 非扭曲,,,,,0,0,,,
nontape,,,[网络] 非贴图,,,,,0,0,,,
nontaped,,,[网络] 不定形,,,,,0,0,,,
nontapered,,,[网络] 没有人,,,,,0,0,,,
nontapering,nɔn'teipәriŋ,,完满的(树干),,,,,0,0,,,
nontarget,'nɔn'tɑ:^it,,不属预定目标的,,,,,0,0,,,
nontargeted,,,[网络] 非目标,,,,,0,0,,,
nontargeting,,,[网络] 非锁定目标；不指定目标；不指定目标战斗,,,,,0,0,,,
nontargets,'nɒn'tɑːɡɪt,,adj.\n不准备作为研究(或实验)课题的\n不作为消灭目标的,,,,,0,0,,,
nontariff,,,a. 非关税的,,,,,0,0,,,
nontariff barriers,,,非关税贸易障碍,,,,,0,0,,,
nontariff barriers to trade,,,[税收] 非关税贸易壁垒,,,,,0,0,,,
nontariff device,,,非关税手段,,,,,0,0,,,
nontariff distortion,,,非关税干扰,,,,,0,0,,,
nontariff distortion of composition,,,非关税综合干扰措施,,,,,0,0,,,
nontariff measure,,,非关税措施,,,,,0,0,,,
nontariff obstacle,,,非关税障碍,,,,,0,0,,,
nontariff protectionism,,,非关税保护主义,,,,,0,0,,,
nontariff restriction,,,非关税限制,,,,,0,0,,,
nontariff trade distortive device,,,[税收] 非关税贸易干扰手段,,,,,0,0,,,
nontarnish,,,[网络] 不腐蚀,,,,,0,0,,,
nontarnishable,,,[网络] 不可磨损,,,,,0,0,,,
nontask,,,非任务,,,,,0,0,,,
nontaster,,,[网络] 味盲；不敏感者,,,,,0,0,,,
nontattooed,,,[网络] 非纹身,,,,,0,0,,,
nontautological,,,[网络] 非自主性,,,,,0,0,,,
nontax,,,非征税,,,,,0,0,,,
nontax liability,,,非税性负担额,,,,,0,0,,,
nontax paid,,,[税收] 未付税,,,,,0,0,,,
nontax payment,,,非税款负担,,,,,0,0,,,
nontax payments,,,非税性负担的支付金额,,,,,0,0,,,
nontax receipts,,,非税收人,,,,,0,0,,,
nontax revenue,,,非捐税收入;非税收人,,,,,0,0,,,
nontaxability,,,[网络] 不可承受性,,,,,0,0,,,
nontaxable,,,[网络] 应征税；不补课税的,,,,,0,0,,,
nontaxable income,,,[网络] 非应税收益；非纳税收益；非纳税收入,,,,,0,0,,,
nontaxable securities,,,[税收] 免税证券,,,,,0,0,,,
nontaxable-goods for special use,,,特殊用途免税物品,,,,,0,0,,,
nontaxation,,,[网络] 不分税,,,,,0,0,,,
nontaxes,,,[网络] 非税,,,,,0,0,,,
nontaxing,,,[网络] 不扣税,,,,,0,0,,,
nontaxonomic,,,[网络] 非经济学,,,,,0,0,,,
nontaxpayer,,,[网络] 非纳税人,,,,,0,0,,,
nontaxpayers,,,[网络] 非铁派,,,,,0,0,,,
nontaxpaying,,,[网络] 非征税,,,,,0,0,,,
nonteacher,,,[网络] 非教师,,,,,0,0,,,
nonteachers,,,[网络] 非教师,,,,,0,0,,,
nonteaching,'nɔn'ti:tʃiŋ,,"a. 非教学的,与教学无关的",,,,,0,0,,,
nonteak,,nonteak (not comparable)\nNot teak.\n,,,,,,0,0,,,
nonteam,,"nonteam (not comparable)\nNot involving a team.\n\n\nnonteam (plural nonteams)\nA group that is not, or does not function as, a team.\n",,,,,,0,0,,,
nontech,,,[网络] 非技术,,,,,0,0,,,
nontechies,,,[网络] 非技术,,,,,0,0,,,
nontechnical,'nɔn'teknikl,a not characteristic of or skilled in applied arts and sciences,非技术性的,,,,,0,0,,,
nontechnical user,,,非技术（性）用户,,,,,0,0,,,
nontechnically,,,[网络] 非技术性,,,,,0,0,,,
nontechnique,,,[网络] 非技术,,,,,0,0,,,
nontechnocratic,,,[网络] 非技术民主,,,,,0,0,,,
nontechnological,,,[网络] 非技术性,,,,,0,0,,,
nontechnological depreciation,,,非工艺性损耗,,,,,0,0,,,
nontechnology,,,[网络] 非技术,,,,,0,0,,,
nontectonic,,,非构造的,,,,,0,0,,,
nontectonic fault,,,非构造断层,,,,,0,0,,,
nontectonic process,,,非构造过程,,,,,0,0,,,
nontectonic scarp,,,非构造崖,,,,,0,0,,,
nontectonic structure,,,非变动构造,,,,,0,0,,,
nontectonite,,,[网络] 非构造岩,,,,,0,0,,,
nonteenage,,,[网络] 非法,,,,,0,0,,,
nontelemetric,,,[网络] 非计量,,,,,0,0,,,
nonteleological,,,[网络] 非细胞学,,,,,0,0,,,
nonteleological criteria,,,非目的性标准,,,,,0,0,,,
nontelepathic,,,[网络] 非传染性,,,,,0,0,,,
nontelepaths,,,[网络] 非道路,,,,,0,0,,,
nontelephonic,,,[网络] 非共鸣,,,,,0,0,,,
nontelescopic,,,[网络] 非透视,,,,,0,0,,,
nontelescoping,,,[网络] 非光滑的,,,,,0,0,,,
nontelevised,nɔn'telәvaizd,,"a. 不看电视的, 电视上不播放的",,,,,0,0,,,
nontelevision,,,[网络] 非监督,,,,,0,0,,,
nontelevisual,,,[网络] 非视听,,,,,0,0,,,
nontelic,,,[网络] 非铁,,,,,0,0,,,
nontellurium,,,[网络] 非碲,,,,,0,0,,,
nontemperate,,,[网络] 非温柔的,,,,,0,0,,,
nontempering,,,[网络] 不变形,,,,,0,0,,,
nontemplate,,,[网络] 非模特儿,,,,,0,0,,,
nontemplated,,,[网络] 没有考虑,,,,,0,0,,,
nontemplatized,,,[网络] 没有模仿,,,,,0,0,,,
nontemple,,,[网络] 非模特儿,,,,,0,0,,,
nontemporal,,,[网络] 非时间,,,,,0,0,,,
nontemporary,,,[网络] 非临时性,,,,,0,0,,,
nontemporary data set,,,非临时数据集;永久数据组,,,,,0,0,,,
nontenancy,,,[网络] 不朽,,,,,0,0,,,
nontenant,,,[网络] 不健康,,,,,0,0,,,
nontenants,,,[网络] 不朽的,,,,,0,0,,,
nontender,nɒn'tendər,, [医]非柔嫩的，非敏感的，非触痛的，无触痛的,,,,,0,0,,,
nontendered,,,[网络] 不弯曲,,,,,0,0,,,
nontendering,,,[网络] 不张扬,,,,,0,0,,,
nontenders,,,[网络] 非投标者,,,,,0,0,,,
nontension joint,,,张力接头(线路导线),,,,,0,0,,,
nontension open-width washing machine,,,无张力式平幅洗布机,,,,,0,0,,,
nontensioned,,,[网络] 无张力,,,,,0,0,,,
nontensorial,,,[网络] 非维修,,,,,0,0,,,
nontenure,"'nɔn'te,njjә(r),-njә(r)","n. A plea of a defendant that he did not hold the land, as\n   affirmed.","n. [律]否认不动产转让的抗辩, (被告提出的)并未占有土地的抗辩",,,,,0,0,,,
nontenured,,,[网络] 不固定,,,,,0,0,,,
nonteratogenic,,,[网络] 无畸形,,,,,0,0,,,
nonteratoid,,,[网络] 非类固醇,,,,,0,0,,,
nonterm,,,[网络] 非永恒,,,,,0,0,,,
nonterminal,'nɔn'tә:minl,,"非终结符号, 非末端",,,,,0,0,,,
nonterminal alphabet,,,非终结字母,,,,,0,0,,,
nonterminal character,,,非终结符,,,,,0,0,,,
nonterminal class,,,非终结符类,,,,,0,0,,,
nonterminal double bond,,,[化] 非末端双键,,,,,0,0,,,
nonterminal expression,,,非终结表式,,,,,0,0,,,
nonterminal look ahead,,,向前看非终止符，超前非终结符,,,,,0,0,,,
nonterminal node,,,[计] 非终节点,,,,,0,0,,,
nonterminal node of tree,,,树的非终端节点,,,,,0,0,,,
nonterminal olefin,,,[化] 非末端烯烃; 内烯烃,,,,,0,0,,,
nonterminal position,,,非终结符位置,,,,,0,0,,,
nonterminal related main storage database,,,非终端有关的主存资料库,,,,,0,0,,,
nonterminal symbol,,,非终端符号,,,,,0,0,,,
nonterminal vertex,,,【数学】非悬挂点,,,,,0,0,,,
nonterminal vocabulary,,,非终结符号表,,,,,0,0,,,
nonterminal word,,,非终结字,,,,,0,0,,,
nonterminally,,,[网络] 非常的,,,,,0,0,,,
nonterminals,,,[网络] 中间项,,,,,0,0,,,
nonterminated,,,[网络] 非终止,,,,,0,0,,,
nonterminating,'nɔn'tә:mineitiŋ,,a. [数]无尽的,,,,,0,0,,,
nonterminating and non-recurring decimal,,,无限不循环小数,,,,,0,0,,,
nonterminating continued fraction,,,无尽连分数,,,,,0,0,,,
nonterminating decimal,,,【数学】无限小数 [亦称作 infinite decimal],,,,,0,0,,,
nonterminating interruptable state,,,非终结中断状态,,,,,0,0,,,
nonterminating interruptible state,,,非终结可中断状态,,,,,0,0,,,
nonterminating uninterruptible,,,[网络] 非终结非中断,,,,,0,0,,,
nontermination,,,[网络] 不协调,,,,,0,0,,,
nonterminative,,,[网络] 非终止性,,,,,0,0,,,
nonterminological,,,[网络] 非终止性,,,,,0,0,,,
nonternary,,,[网络] 非常的,,,,,0,0,,,
nonterraced,,,[网络] 非加工,,,,,0,0,,,
nonterrestrial,,,[网络] 非地面,,,,,0,0,,,
nonterrible,,,[网络] 无条件,,,,,0,0,,,
nonterritorial,,,[网络] 非领土,,,,,0,0,,,
nonterror,,,[网络] 非恐怖,,,,,0,0,,,
nonterrorism,,,[网络] 非恐怖主义,,,,,0,0,,,
nonterrorist,,,[网络] 非恐怖主义者,,,,,0,0,,,
nonterroristic,,,[网络] 非理性,,,,,0,0,,,
nonterrorists,,,[网络] 非恐怖主义者,,,,,0,0,,,
nontertiary,,,[网络] 非整体,,,,,0,0,,,
nontest,,,[网络] 焊接缺陷与无损检验,,,,,0,0,,,
nontestamentary,,,[网络] 非实验性,,,,,0,0,,,
nontested,,,[网络] 非测试,,,,,0,0,,,
nontesticular,,,[网络] 非球形,,,,,0,0,,,
nontestimonial,,,[网络] 非实验室,,,,,0,0,,,
nontethered,,,[网络] 无阻碍,,,,,0,0,,,
nontetragonal,,,[网络] 非分类,,,,,0,0,,,
nontetrahedral,,,[网络] 非四面体,,,,,0,0,,,
nontext,,,[网络] 非文字,,,,,0,0,,,
nontextile,,,un. 非纤维制品,,,,,0,0,,,
nontextual,,,[网络] 非文字,,,,,0,0,,,
nontextual matter,,,[网络] 非文字的,,,,,0,0,s:nontextual matters,,
nontextual matters,,,[网络] 非文字的\n(nontextual matter 的复数),,,,,0,0,0:nontextual matter/1:s,,
nontextually,,,[网络] 非文字,,,,,0,0,,,
nontextured,,,[网络] 处理前晶体取向弥散带,,,,,0,0,,,
Nonthaburi,,,[网络] 暖武里府；暖武里省；汶里府,,,,,0,0,,,
"Nonthaburi, Changwat",,,[地名] 暖武里府 ( 泰 ),,,,,0,0,,,
nonthalamic,,,[网络] 非致死性,,,,,0,0,,,
nonthallium,,,[网络] 不锈钢,,,,,0,0,,,
nontheater,,,[网络] 非专业,,,,,0,0,,,
nontheatrical,,,[网络] 非剧情片,,,,,0,0,,,
nontheatrical film,,,非戏院电影,,,,,0,0,,,
nontheft,,,[网络] 非船只,,,,,0,0,,,
nontheism,,,[网络] 非有神论；非神造万物论,,,,,0,0,,,
nontheist,,,[网络] 一个非有神论者；一个非神论者,,,,,0,0,,,
nontheistic,,,[网络] 非神学,,,,,0,0,,,
nontheists,,,[网络] 非神学家,,,,,0,0,,,
nontheless,,,[网络] 依旧,,,,,0,0,,,
nonthematic,",nɔnθi'mætik",,adj.\n不提供新信息的\n= athematic,,,,,0,0,,,
nonthematically,,,[网络] 非专业的,,,,,0,0,,,
nonthematizable,,,[网络] 不可刻薄,,,,,0,0,,,
nonthematized,,,[网络] 非化学,,,,,0,0,,,
nontheological,,,[网络] 非神学,,,,,0,0,,,
nontheologically,,,[网络] 非神学,,,,,0,0,,,
nontheorem,,,[网络] 非理论,,,,,0,0,,,
nontheorems,,,[网络] 非理论,,,,,0,0,,,
nontheoretical,,,[网络] 非理论化,,,,,0,0,,,
nontheoretically,,,[网络] 非理论上,,,,,0,0,,,
nontheories,,,[网络] 非理论,,,,,0,0,,,
nontheorist,,,[网络] 非理论家,,,,,0,0,,,
nontheorists,,,[网络] 非理论家,,,,,0,0,,,
nontheory,,,[网络] 非理论,,,,,0,0,,,
nontherapeutic,,,[网络] 非治疗性,,,,,0,0,,,
nontherapeutic abortion,,,[网络] 非治疗性流产,,,,,0,0,,,
nontherapeutic abortions,,,[网络] 非治疗性流产,,,,,0,0,,,
nontherapy,,,[网络] 非疗法,,,,,0,0,,,
nonthermal,'nɔn'θә:mәl,a. not involving heat,非热能的,j:100,,,,0,46449,,,
nonthermal atomizer,,,非热原子化器,,,,,0,0,,,
nonthermal bremsstrahlung,,,非热轫致辐射,,,,,0,0,,,
nonthermal decimetric emission,,,非热分米波发射,,,,,0,0,,,
nonthermal electron,,,非热电子,,,,,0,0,,,
nonthermal neutron,,,非热(能)中子,,,,,0,0,,,
nonthermal process,,,非热过程,,,,,0,0,,,
nonthermal radiation,,,非热射频辐射,,,,,0,0,,,
nonthermal radio source,,,非热射电源,,,,,0,0,,,
nonthermal source,,,非热源,,,,,0,0,,,
nonthermal spectrum,,,非热谱,,,,,0,0,,,
nonthermal velocity,,,非热速度,,,,,0,0,,,
nonthermalized,,,[网络] 非热化,,,,,0,0,,,
nonthermally,,,[网络] 不热心,,,,,0,0,,,
nonthermionic,,,[网络] 非热电偶,,,,,0,0,,,
nonthermodynamic equilibrium,,,非热动平衡,,,,,0,0,,,
nonthermonuclear,,,[网络] 非单核,,,,,0,0,,,
nonthermonuclear neutron,,,非热核中子,,,,,0,0,,,
nonthermoplastic filament yarn,,,非热塑性长丝,,,,,0,0,,,
nonthesis,,,[网络] 非论文,,,,,0,0,,,
nonthetic,,,[网络] 不健康,,,,,0,0,,,
nonthiazolidinedione,,,非噻唑烷二酮,,,,,0,0,,,
nonthickened,,,[网络] 不晕,,,,,0,0,,,
nonthickening,,,[网络] 不起眼,,,,,0,0,,,
nonthienopyridine,,,[网络] 非噻吩并吡啶,,,,,0,0,,,
nonthienopyridines,,,[网络] 非噻吩并吡啶类,,,,,0,0,,,
nonthing,,,[网络] 没事,,,,,0,0,,,
nonthings,,,[网络] 不定式,,,,,0,0,,,
nonthinker,,,[网络] 不思考者,,,,,0,0,,,
nonthinkers,,,[网络] 非思考者,,,,,0,0,,,
nonthinking,,,[网络] 非思考,,,,,0,0,,,
nonthirsty,,,[网络] 不想要,,,,,0,0,,,
nonthixotropic,,,[网络] 非触变性的,,,,,0,0,,,
nonthoracic,,,[网络] 非胸科,,,,,0,0,,,
nonthoracotomy,,,非胸廓切开术,,,,,0,0,,,
nonthorium,,,[网络] 不锈钢,,,,,0,0,,,
nonthoroughbred,,,[网络] 无品种,,,,,0,0,,,
nonthought,,,[网络] 无思想,,,,,0,0,,,
nonthoughts,,,[网络] 没有想法,,,,,0,0,,,
nonthreaded,,,[网络] 无线,,,,,0,0,,,
nonthreat,,,[网络] 不卫生,,,,,0,0,,,
nonthreatened,,,[网络] 不受威胁,,,,,0,0,,,
nonthreatening,,, 没有威胁性的,,,,,0,0,,,
nonthreateningly,,,[网络] 非威胁,,,,,0,0,,,
nonthreats,,,[网络] 非威胁,,,,,0,0,,,
nonthreshold,,,[网络] 非阈值；不具上限,,,,,0,0,,,
nonthreshold logic,,,非定限逻辑,,,,,0,0,,,
nonthreshold logic circuit,,,非定限逻辑电路,,,,,0,0,,,
nonthrombocytopenic,,,[网络] 非血小板减少症,,,,,0,0,,,
nonthrombocytopenic purpura,,, [医]非血小板减少性紫癜，血小板正常性紫癜,,,,,0,0,s:nonthrombocytopenic purpuras,,
nonthrombocytopenic purpuras,,,[网络] 非血小板缺乏性紫斑症,,,,,0,0,0:nonthrombocytopenic purpura/1:s,,
nonthromboembolic,,,[网络] 非血栓栓塞,,,,,0,0,,,
nonthrombogenic,,,非血栓形成的,,,,,0,0,,,
nonthrombolytic,,,[网络] 非溶血性,,,,,0,0,,,
nonthrowing,,,[网络] 不推翻,,,,,0,0,,,
nonthrust,,,[网络] 不信任,,,,,0,0,,,
nonthyroidal,,,[网络] 非甲状腺,,,,,0,0,,,
nonticket,,,[网络] 非标签,,,,,0,0,,,
nonticketed,,,[网络] 非标签,,,,,0,0,,,
nontid,,,[网络] 不健康,,,,,0,0,,,
nontidal,'nɔn'taidl,,非潮汐的,,,,,0,0,,,
nontidal basin,,,[网络] 湿坞；有闸港池；有闸港地,,,,,0,0,,,
nontidal current,,,非潮流,,,,,0,0,,,
nontidal drift,,,非潮汐流,,,,,0,0,,,
nontide,,,[网络] 不排除,,,,,0,0,,,
nontied loan,,,[网络] 非限制性贷款,,,,,0,0,,,
nontied rate,,,不附带条件的费率,,,,,0,0,,,
nontiered,,,[网络] 非线性,,,,,0,0,,,
nontight,'nɔn'tait,,非密封的,,,,,0,0,,,
nontight bulkhead,,,[网络] 非密封舱壁；非封密舱壁,,,,,0,0,,,
nontight structural bulkhead,,,[网络] 非密结构舱壁,,,,,0,0,,,
nontiled,,,[网络] 上无图样的区域,,,,,0,0,,,
nontilting,'nɔn'tiltiŋ,,非倾侧(式)的,,,,,0,0,,,
nontilting-negative-plane rectifier,,,底片平面无倾斜纠正仪,,,,,0,0,,,
nontimber,,,[网络] 非铁人,,,,,0,0,,,
nontimbered,,,[网络] 没有磨房,,,,,0,0,,,
nontime,,,[网络] 不时间,,,,,0,0,,,
nontime delay,,,无时间延迟,,,,,0,0,,,
nontimed,,,[网络] 不受限制,,,,,0,0,,,
nontimedelay,nɒntaɪmedɪ'leɪ,,n. 无时间延迟,,,,,0,0,,,
nontin,,,[网络] 不,,,,,0,0,,,
nontippable,,,[网络] 不可折扣,,,,,0,0,,,
nontipped,,,[网络] 不用,,,,,0,0,,,
nontipper,,,[网络] 不刺刀,,,,,0,0,,,
nontippers,,,[网络] 非拖鞋,,,,,0,0,,,
nontipping,,,[网络] 不倾斜,,,,,0,0,,,
nontissue,,,[网络] 超差,,,,,0,0,,,
nontitanium,,,[网络] 非钛,,,,,0,0,,,
nontitle,nɔn'taitl,,"a. [体](比赛)不争夺冠军(或锦标)的,非冠军(或锦标)赛的",,,,,0,0,,,
nontitled,'nɔn'taitl,,adj.\n(体育比赛)不争夺锦标(或冠军)的；非锦标赛的，非冠军赛的,,,,,0,0,,,
nontitratable,,,非可滴定的,,,,,0,0,,,
nontitular,,,[网络] 不规则,,,,,0,0,,,
nontoasted,,,[网络] 未烤,,,,,0,0,,,
nontobacco,,,[网络] 非烟草,,,,,0,0,,,
nontolerance,,,[网络] 无忍耐性,,,,,0,0,,,
nontolerant,,,[网络] 不容忍,,,,,0,0,,,
nontoleration,,,[网络] 不容忍,,,,,0,0,,,
nontonal,,,[网络] 非牛顿,,,,,0,0,,,
nontonic,,,[网络] 非离子,,,,,0,0,,,
nontoothed,,,[网络] 非打字,,,,,0,0,,,
nontopical,,,[网络] 非题材,,,,,0,0,,,
nontopographic,,,[网络] 非地形摄影测量,,,,,0,0,,,
nontopographic photogrammetry,,,非地形摄影测量,,,,,0,0,,,
nontopographical,,,[网络] 非地理学,,,,,0,0,,,
nontopological,,,[网络] 非拓扑,,,,,0,0,,,
nontopping,'nɔn'tɔpiŋ,,无顶面铣,,,,,0,0,,,
nontoppling block,,,[网络] 不倒滑车；防倾滑车,,,,,0,0,,,
nontornadic storm,,,非龙卷风暴,,,,,0,0,,,
nontoroidal,,,[网络] 非圆形,,,,,0,0,,,
nontorpid,,,[网络] 非愚蠢的,,,,,0,0,,,
nontorsional,,,[网络] 非马力,,,,,0,0,,,
nontort,,,[网络] 非特征,,,,,0,0,,,
nontortious,,,[网络] 不吝啬,,,,,0,0,,,
nontotalitarian,,,[网络] 非平民主义,,,,,0,0,,,
nontotemic,,,[网络] 非图形,,,,,0,0,,,
nontotient,,,[网络] 非欧拉商数,,,,,0,0,,,
nontotients,,,[网络] 非常数,,,,,0,0,,,
nontouch dryer,,,无接触型干燥机,,,,,0,0,,,
nontouchable,,,[网络] 不可接触,,,,,0,0,,,
nontouchdown,,,[网络] 非惯例,,,,,0,0,,,
nontouching,,,adj. 互不接触的,,,,,0,0,,,
nontouring,,,[网络] 无暇,,,,,0,0,,,
nontourism,,,[网络] 非旅游,,,,,0,0,,,
nontourist,,,[网络] 非旅游,,,,,0,0,,,
nontouristic,,,[网络] 非启发式,,,,,0,0,,,
nontourists,,,[网络] 非旅游者,,,,,0,0,,,
nontouristy,,,[网络] 非旅游,,,,,0,0,,,
nontournament,,,[网络] 非公吨,,,,,0,0,,,
nontowered,,,[网络] 没有人,,,,,0,0,,,
nontoxic,'nɔn'tɔksik,a. not producing or resulting from poison,a. 无毒的,j:100,,,,0,18482,,,
nontoxic adenoma of thyroid,,,非毒性甲状腺腺瘤,,,,,0,0,,,
nontoxic chelate,,,无毒络合物,,,,,0,0,,,
nontoxic food preservative,,,无毒食品保藏剂,,,,,0,0,,,
nontoxic goiter,,,[医] 非毒性甲状腺肿,,,,,0,0,,,
nontoxic nodular goiter,,,非毒性结节性甲状腺肿,,,,,0,0,,,
nontoxic plasticizer,,,无毒增塑剂,,,,,0,0,,,
nontoxic salt,,,无毒盐类,,,,,0,0,,,
nontoxicity,'nɔntɔk'sisiti,,无毒性,,,,,0,0,,,
nontoxigenic,,,[网络] 无毒性,,,,,0,0,,,
nontrace,,,[网络] 非追踪,,,,,0,0,,,
nontraceable,,,[网络] 不可追溯,,,,,0,0,,,
nontraceable common cost,,,[网络] 不可追溯的先期成本,,,,,0,0,,,
nontraced,,,[网络] 不追踪,,,,,0,0,,,
nontracheal,,,[网络] 非气管,,,,,0,0,,,
nontrackable,,,[网络] 不可折扣,,,,,0,0,,,
nontracked,,,[网络] 非追踪,,,,,0,0,,,
nontracking,'nɔn'trækiŋ,,非跟踪,,,,,0,0,,,
nontracking precision clock,,,[计] 非跟踪式精确时钟,,,,,0,0,,,
nontradable,,,[网络] 不可交易的,,,,,0,0,,,
Nontradables,,,[网络] 不可贸易商品；非贸易；非贸易品,,,,,0,0,,,
nontrade,'nɔn'treid,,非贸易,,,,,0,0,,,
nontrade foreign exchange earnings,,,非贸易外汇收入,,,,,0,0,,,
nontrade foreign exchange management,,,非贸易外汇管理,,,,,0,0,,,
nontrade goods,,,非贸易财货,,,,,0,0,,,
nontrade income of foreign currency,,,非贸易外汇收入,,,,,0,0,,,
nontradeable,,,[网络] 不可交易,,,,,0,0,,,
nontraded,,,[网络] 非交易,,,,,0,0,,,
nontraded commodities,,,非贸易商品,,,,,0,0,,,
nontrademarked,,,[网络] 非商标,,,,,0,0,,,
nontrader,,,[网络] 非追踪者,,,,,0,0,,,
nontraders,,,[网络] 非交易者,,,,,0,0,,,
nontrading,,,[网络] 非交易利得,,,,,0,0,,,
nontrading income,,,非贸易收入,,,,,0,0,,,
nontraditional,.nɔntrә'diʃәnәl,a. not conforming to or in accord with tradition,"a. 不符合传统的, 非传统的",j:100,,,toefl,0,9900,,,
nontraditional exporter,,,非传统出口商,,,,,0,0,,,
nontraditional exports,,,[贸易] 非传统出口量,,,,,0,0,,,
nontraditional product,,,un. 非传统产品,,,,,0,0,,,
nontraditional student,,,[网络] 非传统学生,,,,,0,0,,,
nontraditionalist,,,[网络] 非传统主义者,,,,,0,0,,,
nontraditionalistic,,,[网络] 非传统主义,,,,,0,0,,,
nontraditionalists,,,[网络] 非传统学者,,,,,0,0,,,
nontraditionally,,,[网络] 非传统,,,,,0,0,,,
nontraffic,,,[网络] 非交通,,,,,0,0,,,
nontraffic receipts,,,运输外的收入,,,,,0,0,,,
nontragic,,,[网络] 非传统,,,,,0,0,,,
nontrailable switch,,,非挤岔式道岔,,,,,0,0,,,
nontrain,,,[网络] 非训练,,,,,0,0,,,
nontrainable,,,[网络] 不可行,,,,,0,0,,,
nontrained,,,[网络] 非训练,,,,,0,0,,,
nontrans,,,[网络] 非转,,,,,0,0,,,
nontransactional,,,[网络] 非电子商务型；非交易式；非事务性的,,,,,0,0,,,
nontransactional application,,,非交易型应用,,,,,0,0,,,
nontranscendent,,,[网络] 不偏不倚,,,,,0,0,,,
nontranscendental,,,[网络] 非先验的,,,,,0,0,,,
nontranscendentally,,,[网络] 非特异性,,,,,0,0,,,
nontranscribed spacer,,,非转录间隔区,,,,,0,0,,,
nontransduced,,,[网络] 不转,,,,,0,0,,,
nontransfected,,,[网络] 非转染,,,,,0,0,,,
nontransfer,,,[网络] 不转移；新技术确保了唇彩颜色的持,,,,,0,0,,,
nontransfer expenditure,,,不能转移的支出,,,,,0,0,,,
nontransferable,'nɔntræns'fә:rәbl,s incapable of being transferred,不可转让的,,,,,0,0,,,
nontransferable ticket,,,不许转让的客票,,,,,0,0,,,
nontransferably,,,[网络] 不可转让,,,,,0,0,,,
nontransfered arc,,,非过渡电弧,,,,,0,0,,,
nontransferrable,,,[网络] 不可转让信用证,,,,,0,0,,,
nontransferred arc,,,[网络] 非转移弧,,,,,0,0,,,
nontransformable,,,[网络] 不变形,,,,,0,0,,,
nontransformational,,,[网络] 非转型,,,,,0,0,,,
nontransformative,,,[网络] 非转换性,,,,,0,0,,,
nontransformed,,,[网络] 不变形,,,,,0,0,,,
nontransforming,,,[网络] 非变形,,,,,0,0,,,
nontransgender,,,[网络] 非变性者,,,,,0,0,,,
nontransgendered,,,[网络] 不变态,,,,,0,0,,,
nontransgenic,,,[网络] 吴郭鱼组都比未基因转殖的,,,,,0,0,,,
nontransient,,,[网络] 非瞬态,,,,,0,0,,,
nontransit,,,[网络] 非转移,,,,,0,0,,,
nontransition,,,[网络] 非转换,,,,,0,0,,,
nontransition metal,,,非过渡金属,,,,,0,0,,,
nontransitional,,,[网络] 非过渡性,,,,,0,0,,,
nontransitional element,,,非过渡元素,,,,,0,0,,,
nontransitioning,,,[网络] 不转型,,,,,0,0,,,
nontransitive,'nɔn'trænsitiv,,非传递的,,,,,0,0,,,
nontransitive dependency,,,[计] 非传递相关性,,,,,0,0,,,
nontransitive relation,,,非可递移关系,,,,,0,0,,,
nontransitively,,,[网络] 非传统,,,,,0,0,,,
nontransitory,,,[网络] 非短暂的,,,,,0,0,,,
nontranslated,,,[网络] 非翻译,,,,,0,0,,,
nontranslated region,,,非翻译区,,,,,0,0,,,
nontranslational,'nɔntræns'leiʃәnәl,a of or relating to movement that is not uniform or not without rotation,非平移的,,,,,0,0,,,
nontranslational region of gene,,,基因的非翻译区,,,,,0,0,,,
nontranslational symmetry element,,,非平移对称元,,,,,0,0,,,
nontranslucency,,,[网络] 非透明度,,,,,0,0,,,
nontranslucent,,,[网络] 不透明,,,,,0,0,,,
nontransmissible,,,[网络] 不可接受,,,,,0,0,,,
nontransmission field,,,非传输字段,,,,,0,0,,,
nontransmittable,,,[网络] 不可转移,,,,,0,0,,,
nontransmural,nɒntrænzm'jʊərəl,,[医]非穿壁性,,,,,0,0,,,
nontransmural myocardial infarction,,,非透壁性心肌梗死,,,,,0,0,,,
nontransnational,,,[网络] 非跨国,,,,,0,0,,,
nontransparency,'nɔntræns'peәrәnsi,,不透光性能,,,,,0,0,,,
nontransparent,'nɔntræns'peәrәnt,,不透明的,,,,,0,0,,,
nontransparent mode,,,[计] 非透明方式,,,,,0,0,,,
nontransparently,,,[网络] 不透明,,,,,0,0,,,
nontransplant,,,[网络] 非移植,,,,,0,0,,,
nontransplantation,,,[网络] 非移植,,,,,0,0,,,
nontransportable,,,[网络] 不能运输,,,,,0,0,,,
nontransportable resources,,,不可运输的资源,,,,,0,0,,,
nontransportation,,,[网络] 非运输,,,,,0,0,,,
nontranssexual,,,[网络] 非变性者,,,,,0,0,,,
nontranssexuals,,,[网络] 非变性者,,,,,0,0,,,
nontransuranic,,,[网络] 非透性,,,,,0,0,,,
nontransversal,,,[网络] 非横向,,,,,0,0,,,
nontransversality,,,[网络] 非转换,,,,,0,0,,,
nontransverse,,,[网络] 非横向,,,,,0,0,,,
nontrapezoidal,,,[网络] 非梯形,,,,,0,0,,,
nontrappable,ˌnɔnˈtræpəbəl,,adj. 不可捕获的,,,,,0,0,,,
nontrapping,,,[网络] 非追踪,,,,,0,0,,,
nontrauma,,,[网络] 不伤害,,,,,0,0,,,
nontraumatic,,,[网络] 非创伤性,,,,,0,0,,,
nontraumatic rupture of bladder,,,非外性膀胱破裂,,,,,0,0,,,
nontraumatic rupture of tendon,,,非外伤性腱破裂,,,,,0,0,,,
nontraumatic suture needle,,,无创伤缝针,,,,,0,0,,,
nontraumatized,,,[网络] 无损伤,,,,,0,0,,,
nontravel,,,[网络] 非行程,,,,,0,0,,,
nontraveler,,,[网络] 非旅行者,,,,,0,0,,,
nontravelers,,,[网络] 非旅行者,,,,,0,0,,,
nontraveling,,,[网络] 非旅行,,,,,0,0,,,
nontraversing,,,[网络] 不运动,,,,,0,0,,,
nontreasonous,,,[网络] 不合理的,,,,,0,0,,,
nontreasury,,,[网络] 非财政,,,,,0,0,,,
nontreated,,,[网络] 未经处理,,,,,0,0,,,
nontreatment,,,[网络] 不治疗,,,,,0,0,,,
nontreatment decision,'nɔntri:tmənt,,拒绝治疗,,,,,0,0,,,
nontreatment plant,,,处理工厂,,,,,0,0,,,
nontreatments,,,[网络] 非维权,,,,,0,0,,,
nontreaty,,,[网络] 不健康,,,,,0,0,,,
nontree,,,[网络] 非特权,,,,,0,0,,,
nontrees,,,[网络] 不同意,,,,,0,0,,,
nontrendy,,,[网络] 非倾向,,,,,0,0,,,
nontreponemal,,,[网络] 非延续性,,,,,0,0,,,
nontrespasser,,,[网络] 非侵入者,,,,,0,0,,,
nontrespassers,,,[网络] 非侵入者,,,,,0,0,,,
nontrespassing,,,[网络] 非侵入,,,,,0,0,,,
nontriadic,,,[网络] 非繁忙的,,,,,0,0,,,
nontrial,,,[网络] 非试验,,,,,0,0,,,
nontriangular,,,[网络] 非三角形,,,,,0,0,,,
nontriangulated,,,[网络] 无边界,,,,,0,0,,,
nontribal,,,[网络] 非法的,j:100,,,,0,0,,,
nontribally,,,[网络] 非刑事,,,,,0,0,,,
nontricyclic,,,[网络] 非三极体,,,,,0,0,s:nontricyclics,,
nontricyclic antidepressant,,,[网络] 非三轮式抗忧右部性,,,,,0,0,s:nontricyclic antidepressants,,
nontricyclic antidepressant drug,,,[网络] 非三环类抗抑郁药,,,,,0,0,s:nontricyclic antidepressant drugs,,
nontricyclic antidepressant drugs,,,[网络] 非三环类抗抑郁药\n(nontricyclic antidepressant drug 的复数),,,,,0,0,0:nontricyclic antidepressant drug/1:s,,
nontricyclic antidepressants,,,[网络] 非三轮式抗忧右部性\n(nontricyclic antidepressant 的复数),,,,,0,0,0:nontricyclic antidepressant/1:s,,
nontricyclic drug,,,[网络] 非三环类药物,,,,,0,0,s:nontricyclic drugs,,
nontricyclic drugs,,,[网络] 非三环类药物\n(nontricyclic drug 的复数),,,,,0,0,0:nontricyclic drug/1:s,,
nontricyclics,,,[网络] 非三极体\n(nontricyclic 的复数),,,,,0,0,0:nontricyclic/1:s,,
nontried,,,[网络] 不干,,,,,0,0,,,
nontrigonal,,,[网络] 非特权,,,,,0,0,,,
nontrigonometric,,,[网络] 非计量学,,,,,0,0,,,
nontrilobite,,,[网络] 非石斑鱼,,,,,0,0,,,
nontrilobites,,,[网络] 非斑节,,,,,0,0,,,
nontrinitarian,,,[网络] 非三位一体教,,,,,0,0,,,
nontrinitarianism,,,n. 非三位一体派\n[网络] 反对三位一体论；宣讲反对三位一体论；反三位一体论,,,,,0,0,,,
nontrinitarians,,,[网络] 非教义者,,,,,0,0,,,
nontrip-free circuit breaker,,,[电] 不自由跳脱断路器,,,,,0,0,,,
nontriumph,,,[网络] 非特异性,,,,,0,0,,,
nontriumphs,,,[网络] 非ium,,,,,0,0,,,
nontrivial,'nɔn'triviәl,,非平凡的,j:100,,,,0,32061,,,
nontrivial condition,,,非平凡条件;非无效条件,,,,,0,0,,,
nontrivial function,,,非平凡函数;非无效函数,,,,,0,0,,,
nontrivial functional dependence,,,[计] 非平凡函数依赖,,,,,0,0,,,
nontrivial grammar,,,非无效文法,,,,,0,0,,,
nontrivial manifold,,,非平凡流形,,,,,0,0,,,
nontrivial multiplicative valuations,,,非平凡乘法赋值,,,,,0,0,,,
nontrivial partition,,,非普通划分,,,,,0,0,,,
nontrivial solution,,,非平凡解;非无效解,,,,,0,0,,,
nontrivialities,,,[网络] 非常重要,,,,,0,0,,,
nontriviality,,,[网络] 非常重要,,,,,0,0,,,
nontrivially,,,非平凡地,,,,,0,0,,,
Nontron,,,[地名] 农特龙 ( 法 ),,,,,0,0,,,
Nontronire,,,多铁蒙特石，绿高岭石，硅铁石,,,,,0,0,,,
nontronite,'nɔntrәnait,"n. A greenish yellow or green mineral, consisting chiefly\n   of the hydrous silicate of iron.",绿脱石,,,,,0,0,,,
nontronites,nɔn'trəunait,,n. [矿物] 绿脱石,,,,,0,0,,,
nontrophoblastic,,,[网络] 非滋养细胞,,,,,0,0,,,
nontropical,,,[网络] 非热带,,,,,0,0,,,
nontropical sprue,,,[医] 非热带性口炎性腹泻,,,,,0,0,,,
nontroubled,,,[网络] 没有烦恼,,,,,0,0,,,
nontroublesome,,,[网络] 不麻烦,,,,,0,0,,,
nontroversy,,A controversy that does not exist until created for political gain.  A contraction of non and controversy\n> Flag-burning is so rare that it is a nontroversy when used by Congress to appear to be protecting family-values.\n,,,,,,0,0,,,
nontruckers,,,[网络] 非卖家,,,,,0,0,,,
nontrue,,,[网络] 非真实,,,,,0,0,,,
nontrump,,,[网络] 非压缩,,,,,0,0,,,
nontrumps,,,[网络] 无刺激,,,,,0,0,,,
nontruncated,,,[网络] 非截断,,,,,0,0,,,
nontrusted,,,[网络] 非传统,,,,,0,0,,,
nontrustees,,,[网络] 非特权,,,,,0,0,,,
nontrustworthy,,,[网络] 不可信,,,,,0,0,,,
nontruth,,,[网络] 担负起所谓的非真理,,,,,0,0,,,
nontruthful,,,[网络] 不诚实,,,,,0,0,,,
nontruths,,,[网络] 非真理,,,,,0,0,,,
nontryptic,,,[网络] 不灵魂,,,,,0,0,,,
nontsunamigenic,,,[网络] 非致痫性,,,,,0,0,,,
nontubal,,,[网络] 非铁质,,,,,0,0,,,
nontuberculate,,,[网络] 非结核,,,,,0,0,,,
nontuberculosis,,,[网络] 非结核,,,,,0,0,,,
nontuberculous,nɒnt'ju:bɜ:kjʊləs,, [医]非结核性的,,,,,0,0,,,
nontubular,,,[网络] 非管状,,,,,0,0,,,
nontuition,,,[网络] 不学习,,,,,0,0,,,
nontumescent,,,[网络] 不膨胀,,,,,0,0,,,
nontumor,,,[网络] 非肿瘤的结肠切除；非肿瘤的胃切除；非肿瘤的小肠切除,,,,,0,0,,,
nontumoral,,,[网络] 非实体,,,,,0,0,,,
nontumorigenic,,,[网络] 无肿瘤发生；无致癌性,,,,,0,0,,,
nontumorous,,,非肿瘤性的,,,,,0,0,,,
nontumour-bearing,,,不带瘤的,,,,,0,0,,,
nontunable,'nɔn'tju:nәbl,,非调谐的,,,,,0,0,,,
nontungsten,,,[网络] 非钨,,,,,0,0,,,
nontuplet,nɔn'tʌplit,,n. 九胞胎之一,,,,,0,0,,,
nonturbo,,,[网络] 鲨来得有力,,,,,0,0,,,
nonturbulence,,,[网络] 非湍流,,,,,0,0,,,
nonturbulent,'nɔn'tә:bjulәnt,s (of a liquid) not turbulent,"非扰动的, 非紊[湍]流的",,,,,0,0,,,
nonturbulent air,,,"无紊流空气,平稳大气",,,,,0,0,,,
nonturbulent atmosphere,,,未扰动大气,,,,,0,0,,,
nonturbulent diffusion,,,非湍动扩散,,,,,0,0,,,
nonturreted,,,[网络] 没有渗透,,,,,0,0,,,
nonturtle,,,[网络] 非常危险,,,,,0,0,,,
nontutor,,,[网络] 非导师,,,,,0,0,,,
nontutored,,,[网络] 不受欢迎,,,,,0,0,,,
nontutorial computer application,,,非指导计算机应用,,,,,0,0,,,
nontutors,,,[网络] 非导体,,,,,0,0,,,
nontwin,,nontwin (plural nontwins)\n(biology) Any individual who is not a twin\n,,,,,,0,0,,,
nontwinned,,,[网络] 没有结算,,,,,0,0,,,
nontwins,,,[网络] 不负责任,,,,,0,0,,,
nontwist,,,[网络] 不扭曲,,,,,0,0,,,
nontwisted,,,un. 非扭转的,,,,,0,0,,,
nontwisting,,,[网络] 不扭曲,,,,,0,0,,,
nontympanic,,,[网络] 不鼓励,,,,,0,0,,,
nontypable,,,[网络] 不可数,,,,,0,0,,,
nontype,'nɔn'taip,,不标准的,,,,,0,0,,,
nontypeable,,,[网络] 无荚膜而无法分型,,,,,0,0,,,
nontyphoid,,,[网络] 沙门氏菌,,,,,0,0,,,
nontyphoidal,,,[网络] 非形容词,,,,,0,0,,,
nontypical,'nɔn'tipikl,,"非定型的, 不典型的",,,,,0,0,,,
nontypically,,,[网络] 非典型,,,,,0,0,,,
nontypist,,,[网络] 非图形,,,,,0,0,,,
nontypists,,,[网络] 非原型,,,,,0,0,,,
nontypographic,,,[网络] 非专题,,,,,0,0,,,
nontypographical,,,[网络] 非图形,,,,,0,0,,,
nonu,.nɒn 'juː,,adj. 与上层阶级[上流社会]不相称[适应]的,,,,,0,0,,,
nonubiquitous,,,[网络] 无所不在,,,,,0,0,,,
nonuion,,,骨愈合不良,,,,,0,0,,,
nonulcer,,,[网络] 非营养,,,,,0,0,,,
nonulcerated,,,[网络] 非饱和,,,,,0,0,,,
nonulcerative,,,[网络] 不道德的,,,,,0,0,,,
nonulcerative blepharitis,,,非溃疡性眼睑炎,,,,,0,0,,,
nonulcerous,,,[网络] 不腐败,,,,,0,0,,,
nonulose,,,壬酮糖,,,,,0,0,,,
nonultrasonic,,,[网络] 非超声波,,,,,0,0,,,
nonultrasound,,,[网络] 非超声波,,,,,0,0,,,
nonultrastructural,,,[网络] 非结构性,,,,,0,0,,,
nonultraviolet,,,[网络] 非紫外线,,,,,0,0,,,
nonumbilic,,,[网络] 无耻的,,,,,0,0,,,
nonumbilical,,,[网络] 非脐带,,,,,0,0,,,
nonumeric application,,,非数据应用,,,,,0,0,,,
nonunanimous,,,[网络] 不统一,,,,,0,0,,,
nonunary,,,[网络] 不合格,,,,,0,0,,,
nonunder command light,,,[网络] 故障指示灯,,,,,0,0,,,
nonunder control light,,,[网络] 故障指示灯,,,,,0,0,,,
nonunderground,,,[网络] 非地下,,,,,0,0,,,
nonunderlined,,,[网络] 非线性,,,,,0,0,,,
nonunderserved,,,[网络] 不保护,,,,,0,0,,,
nonunderstandable,,,[网络] 不可理解,,,,,0,0,,,
nonunderstanding,,,[网络] 表现出来的听不懂,,,,,0,0,,,
nonundoable,,,[网络] 不可逾越,,,,,0,0,,,
nonundulating,,,[网络] 无节制,,,,,0,0,,,
nonuniaxial,,,[网络] 非轴向,,,,,0,0,,,
nonunidirectional,,,[网络] 非单向的；非均匀流型,,,,,0,0,,,
nonunifiable,,,[网络] 不可统一,,,,,0,0,,,
nonunified,,,[网络] 不统一,,,,,0,0,,,
nonuniform,'nɔn'ju:nifɔ:m,s not homogeneous,"a. 不一致的, 不均匀的, 不统一的\n[电] 不均匀",j:100,,,,0,35181,,,
nonuniform approach,,,非均匀趋近,,,,,0,0,,,
nonuniform array,,,不均匀分佈之(天线)阵列,,,,,0,0,,,
nonuniform beam,,,变截面梁,,,,,0,0,,,
nonuniform coefficient,,,不均匀系数,,,,,0,0,,,
nonuniform convergence,ˈnɔnˈju:nifɔ:m kənˈvə:dʒəns,, 非一致收敛,,,,,0,0,,,
